Unnamed: 0,Unnamed: 1,Unnamed: 2,Unnamed: 3,Unnamed: 4,Unnamed: 5,Unnamed: 6,Unnamed: 7,Unnamed: 8,Unnamed: 9,Unnamed: 10,Unnamed: 11,Unnamed: 12,Unnamed: 13,O,O.1,O.2,O.3,O.4,O.5,Unnamed: 20,Unnamed: 21
,부안군립도서관 공공저작물 권리확인 요청 목록,,,,,,,,,,,,,,,,,,,,
,순번,사이트명,게시판 진입 과정,게시판명,게시물 제목,URL,등록일,첨부파일,기존 공공누리 유형,,개방여부,공공누리유형,,검토불가,단순/업무/비보호,제3자 권리,이미지/첨부파일,초상권,개인정보,의견,비고
,1,부안군립도서관,HOME > 이용자마당 > 공지사항,공지사항, [부안군립도서관] 부분개관 알림 ,https://lib.buan.go.kr/main/contents.do?proc_type=view&a_num=48342159&b_num=11150,2021,무,미부착,,개방 가능,공공누리 1유형,,,O,,,,,저작물성 없음,
,2,부안군립도서관,HOME > 이용자마당 > 공지사항,공지사항, [부안군립도서관] 설연휴 휴관 안내,https://lib.buan.go.kr/main/contents.do?proc_type=view&a_num=48342159&b_num=11159,2021,무,미부착,,개방 가능,공공누리 1유형,,,O,,,,,저작물성 없음,
,3,부안군립도서관,HOME > 이용자마당 > 공지사항,공지사항, [부안군립도서관] 운영 변경 안내,https://lib.buan.go.kr/main/contents.do?proc_type=view&a_num=48342159&b_num=11160,2021,유,미부착,,개방 가능,공공누리 1유형,,,O,,,,,저작물성 없음,
,4,부안군립도서관,HOME > 이용자마당 > 공지사항,공지사항, [부안군립도서관] 삼일절 휴관 안내,https://lib.buan.go.kr/main/contents.do?proc_type=view&a_num=48342159&b_num=11161,2021,무,미부착,,개방 가능,공공누리 1유형,,,O,,,,,저작물성 없음,
,5,부안군립도서관,HOME > 이용자마당 > 공지사항,공지사항, [부안군립도서관] 도서관주간 행사 안내,https://lib.buan.go.kr/main/contents.do?proc_type=view&a_num=48342159&b_num=11162,2021,무,미부착,,개방 가능,공공누리 1유형,,,O,,,,,업무상 저작물,
,6,부안군립도서관,HOME > 이용자마당 > 공지사항,공지사항, 전자책 이용방법 안내 ,https://lib.buan.go.kr/main/contents.do?proc_type=view&a_num=48342159&b_num=11163,2021,무,미부착,,내부확인 필요,공공누리 2~4유형,,,,,O,,,외부이미지 포함(카드뉴스),
,7,부안군립도서관,HOME > 이용자마당 > 공지사항,공지사항, [개암작은도서관] 임시 휴관 안내,https://lib.buan.go.kr/main/contents.do?proc_type=view&a_num=48342159&b_num=11183,2021,무,미부착,,개방 가능,공공누리 1유형,,,O,,,,,저작물성 없음,
,8,부안군립도서관,HOME > 이용자마당 > 공지사항,공지사항," [작은도서관] 휴관 안내(고인돌, 개암, 갈대숲) ",https://lib.buan.go.kr/main/contents.do?proc_type=view&a_num=48342159&b_num=11184,2021,무,미부착,,개방 가능,공공누리 1유형,,,O,,,,,저작물성 없음,
,9,부안군립도서관,HOME > 이용자마당 > 공지사항,공지사항, 고인돌 작은도서관 휴관 안내,https://lib.buan.go.kr/main/contents.do?proc_type=view&a_num=48342159&b_num=11185,2021,무,미부착,,개방 가능,공공누리 1유형,,,O,,,,,저작물성 없음,
,10,부안군립도서관,HOME > 이용자마당 > 공지사항,공지사항, [부안군립도서관] 어린이날 휴관 안내,https://lib.buan.go.kr/main/contents.do?proc_type=view&a_num=48342159&b_num=11186,2021,무,미부착,,개방 가능,공공누리 1유형,,,O,,,,,저작물성 없음,
,11,부안군립도서관,HOME > 이용자마당 > 공지사항,공지사항, [부안군립도서관] 부처님오신날 휴관 안내,https://lib.buan.go.kr/main/contents.do?proc_type=view&a_num=48342159&b_num=11197,2021,무,미부착,,개방 가능,공공누리 1유형,,,O,,,,,저작물성 없음,
,12,부안군립도서관,HOME > 이용자마당 > 공지사항,공지사항, [부안군립도서관] 일반자료실 휴실 안내(~ 6월7일까지),https://lib.buan.go.kr/main/contents.do?proc_type=view&a_num=48342159&b_num=11206,2021,무,미부착,,개방 가능,공공누리 1유형,,,O,,,,,저작물성 없음,
,13,부안군립도서관,HOME > 이용자마당 > 공지사항,공지사항, [부안군립도서관] 현충일 휴관 안내,https://lib.buan.go.kr/main/contents.do?proc_type=view&a_num=48342159&b_num=11224,2021,무,미부착,,개방 가능,공공누리 1유형,,,O,,,,,저작물성 없음,
,14,부안군립도서관,HOME > 이용자마당 > 공지사항,공지사항, [부안군립도서관] 어린이자료실 휴실 안내(~21일까지) ,https://lib.buan.go.kr/main/contents.do?proc_type=view&a_num=48342159&b_num=11225,2021,무,미부착,,개방 가능,공공누리 1유형,,,O,,,,,저작물성 없음,
,15,부안군립도서관,HOME > 이용자마당 > 공지사항,공지사항, 고인돌 작은도서관 휴관 안내,https://lib.buan.go.kr/main/contents.do?proc_type=view&a_num=48342159&b_num=11253,2021,무,미부착,,개방 가능,공공누리 1유형,,,O,,,,,저작물성 없음,
,16,부안군립도서관,HOME > 이용자마당 > 공지사항,공지사항, 갈대숲 작은도서관 휴관 안내,https://lib.buan.go.kr/main/contents.do?proc_type=view&a_num=48342159&b_num=11255,2021,무,미부착,,개방 가능,공공누리 1유형,,,O,,,,,저작물성 없음,
,17,부안군립도서관,HOME > 이용자마당 > 공지사항,공지사항, [부안군립도서관] 2021년도 찾아가는 여름독서교실 운영 ,https://lib.buan.go.kr/main/contents.do?proc_type=view&a_num=48342159&b_num=11267,2021,무,미부착,,개방 가능,공공누리 1유형,,,O,,,,,저작물성 없음,
,18,부안군립도서관,HOME > 이용자마당 > 공지사항,공지사항, 고인돌 작은도서관 휴관 안내(~16일까지) ,https://lib.buan.go.kr/main/contents.do?proc_type=view&a_num=48342159&b_num=11268,2021,무,미부착,,개방 가능,공공누리 1유형,,,O,,,,,저작물성 없음,
,19,부안군립도서관,HOME > 이용자마당 > 공지사항,공지사항, [부안군립도서관] 긴급 휴관 안내(~22일까지) ,https://lib.buan.go.kr/main/contents.do?proc_type=view&a_num=48342159&b_num=11269,2021,무,미부착,,개방 가능,공공누리 1유형,,,O,,,,,저작물성 없음,
,20,부안군립도서관,HOME > 이용자마당 > 공지사항,공지사항, [부안군립도서관] 광복절 도서대출 서비스 이용안내 ,https://lib.buan.go.kr/main/contents.do?proc_type=view&a_num=48342159&b_num=11270,2021,무,미부착,,개방 가능,공공누리 1유형,,,O,,,,,저작물성 없음,
,21,부안군립도서관,HOME > 이용자마당 > 공지사항,공지사항, [부안군립도서관] 운영개시 안내 ,https://lib.buan.go.kr/main/contents.do?proc_type=view&a_num=48342159&b_num=11271,2021,무,미부착,,개방 가능,공공누리 1유형,,,O,,,,,저작물성 없음,
,22,부안군립도서관,HOME > 이용자마당 > 공지사항,공지사항, [부안군립도서관] 희망도서 신청 중지 안내 ,https://lib.buan.go.kr/main/contents.do?proc_type=view&a_num=48342159&b_num=11274,2021,무,미부착,,개방 가능,공공누리 1유형,,,O,,,,,저작물성 없음,
,23,부안군립도서관,HOME > 이용자마당 > 공지사항,공지사항, [부안군립도서관] 긴급 휴관 안내,https://lib.buan.go.kr/main/contents.do?proc_type=view&a_num=48342159&b_num=11277,2021,무,미부착,,개방 가능,공공누리 1유형,,,O,,,,,저작물성 없음,
,24,부안군립도서관,HOME > 이용자마당 > 공지사항,공지사항, [부안군립도서관] 리모델링 공사에 따른 휴관 안내,https://lib.buan.go.kr/main/contents.do?proc_type=view&a_num=48342159&b_num=11278,2021,무,미부착,,개방 가능,공공누리 1유형,,,O,,,,,저작물성 없음,
,25,부안군립도서관,HOME > 이용자마당 > 공지사항,공지사항, [부안군립도서관] 사물함 및 열람실 물품 수거안내,https://lib.buan.go.kr/main/contents.do?proc_type=view&a_num=48342159&b_num=11279,2021,유,미부착,,개방 가능,공공누리 1유형,,,O,,,,,저작물성 없음,
,26,부안군립도서관,HOME > 이용자마당 > 공지사항,공지사항, 갈대숲 작은 도서관 휴관 안내(~8일까지) ,https://lib.buan.go.kr/main/contents.do?proc_type=view&a_num=48342159&b_num=11280,2021,무,미부착,,개방 가능,공공누리 1유형,,,O,,,,,저작물성 없음,
,27,부안군립도서관,HOME > 이용자마당 > 공지사항,공지사항, [부안군립도서관] 휴관 중 도서 반납 안내,https://lib.buan.go.kr/main/contents.do?proc_type=view&a_num=48342159&b_num=11281,2021,무,미부착,,개방 가능,공공누리 1유형,,,O,,,,,저작물성 없음,
,28,부안군립도서관,HOME > 이용자마당 > 공지사항,공지사항, 갈대숲 작은 도서관 휴관 안내 ,https://lib.buan.go.kr/main/contents.do?proc_type=view&a_num=48342159&b_num=11282,2021,무,미부착,,개방 가능,공공누리 1유형,,,O,,,,,저작물성 없음,
,29,부안군립도서관,HOME > 이용자마당 > 공지사항,공지사항, [부안군립도서관] 사물함 및 열람실 물품 수거안내 2,https://lib.buan.go.kr/main/contents.do?proc_type=view&a_num=48342159&b_num=11283,2021,유,미부착,,개방 가능,공공누리 1유형,,,O,,,,,저작물성 없음,
,30,부안군립도서관,HOME > 이용자마당 > 공지사항,공지사항, 휴관 안내,https://lib.buan.go.kr/main/contents.do?proc_type=view&a_num=48342159&b_num=11284,2021,무,미부착,,개방 가능,공공누리 1유형,,,O,,,,,저작물성 없음,
,31,부안군립도서관,HOME > 이용자마당 > 공지사항,공지사항, 갈대숲 작은 도서관 15일 오픈 ,https://lib.buan.go.kr/main/contents.do?proc_type=view&a_num=48342159&b_num=11285,2021,무,미부착,,개방 가능,공공누리 1유형,,,O,,,,,저작물성 없음,
,32,부안군립도서관,HOME > 이용자마당 > 공지사항,공지사항, 개암작은도서관 휴관 안내 ,https://lib.buan.go.kr/main/contents.do?proc_type=view&a_num=48342159&b_num=11286,2021,무,미부착,,개방 가능,공공누리 1유형,,,O,,,,,저작물성 없음,
,33,부안군립도서관,HOME > 이용자마당 > 공지사항,공지사항, 고인돌 작은도서관 휴관 안내,https://lib.buan.go.kr/main/contents.do?proc_type=view&a_num=48342159&b_num=11294,2021,무,미부착,,개방 가능,공공누리 1유형,,,O,,,,,저작물성 없음,
,34,부안군립도서관,HOME > 이용자마당 > 공지사항,공지사항, 고인돌 작은도서관 휴관 안내,https://lib.buan.go.kr/main/contents.do?proc_type=view&a_num=48342159&b_num=11299,2021,무,미부착,,개방 가능,공공누리 1유형,,,O,,,,,저작물성 없음,
,35,부안군립도서관,HOME > 이용자마당 > 공지사항,공지사항, 신착도서 목록(전자책 2차),https://lib.buan.go.kr/main/contents.do?proc_type=view&a_num=48342159&b_num=11320,2021,유,미부착,,개방 가능,공공누리 1유형,,,O,,,,,저작물성 없음,
,36,부안군립도서관,HOME > 이용자마당 > 공지사항,공지사항, 고인돌 작은도서관 휴관 안내,https://lib.buan.go.kr/main/contents.do?proc_type=view&a_num=48342159&b_num=11332,2021,무,미부착,,개방 가능,공공누리 1유형,,,O,,,,,저작물성 없음,
,37,부안군립도서관,HOME > 이용자마당 > 공지사항,공지사항, 개암 작은도서관 휴관 안내,https://lib.buan.go.kr/main/contents.do?proc_type=view&a_num=48342159&b_num=11344,2021,무,미부착,,개방 가능,공공누리 1유형,,,O,,,,,저작물성 없음,
,38,부안군립도서관,HOME > 이용자마당 > 공지사항,공지사항, 갈대숲 작은도서관 휴관 안내,https://lib.buan.go.kr/main/contents.do?proc_type=view&a_num=48342159&b_num=11363,2021,무,미부착,,개방 가능,공공누리 1유형,,,O,,,,,저작물성 없음,
,39,부안군립도서관,HOME > 이용자마당 > 공지사항,공지사항, DB이전 작업으로 인한 홈페이지 장애 안내(완료),https://lib.buan.go.kr/main/contents.do?proc_type=view&a_num=48342159&b_num=11366,2021,무,미부착,,개방 가능,공공누리 1유형,,,O,,,,,저작물성 없음,
,40,부안군립도서관,HOME > 이용자마당 > 공지사항,공지사항, 전기공사로 인한 홈페이지 장애 안내(완료) ,https://lib.buan.go.kr/main/contents.do?proc_type=view&a_num=48342159&b_num=11372,2021,무,미부착,,개방 가능,공공누리 1유형,,,O,,,,,저작물성 없음,
,41,부안군립도서관,HOME > 이용자마당 > 공지사항,공지사항, 갈대숲 작은 도서관 휴관 안내 ,https://lib.buan.go.kr/main/contents.do?proc_type=view&a_num=48342159&b_num=11375,2021,무,미부착,,개방 가능,공공누리 1유형,,,O,,,,,저작물성 없음,
,42,부안군립도서관,HOME > 이용자마당 > 공지사항,공지사항, 도서관 접종증명·음성확인제(방역패스) 의무적용 안내(해제) ,https://lib.buan.go.kr/main/contents.do?proc_type=view&a_num=48342159&b_num=11377,2022,무,미부착,,개방 가능,공공누리 1유형,,,O,,,,,저작물성 없음,
,43,부안군립도서관,HOME > 이용자마당 > 공지사항,공지사항, [부안군립도서관] 2022년도 찾아가는 겨울독서교실 운영 ,https://lib.buan.go.kr/main/contents.do?proc_type=view&a_num=48342159&b_num=11378,2022,유,미부착,,개방 가능,공공누리 1유형,,,O,,,,,저작물성 없음,
,44,부안군립도서관,HOME > 이용자마당 > 공지사항,공지사항, 갈대숲 작은 도서관 휴관 안내 ,https://lib.buan.go.kr/main/contents.do?proc_type=view&a_num=48342159&b_num=11379,2022,무,미부착,,개방 가능,공공누리 1유형,,,O,,,,,저작물성 없음,
,45,부안군립도서관,HOME > 이용자마당 > 공지사항,공지사항, 고인돌 작은도서관 휴관안내 ,https://lib.buan.go.kr/main/contents.do?proc_type=view&a_num=48342159&b_num=11380,2022,무,미부착,,개방 가능,공공누리 1유형,,,O,,,,,저작물성 없음,
,46,부안군립도서관,HOME > 이용자마당 > 공지사항,공지사항, 개암 작은도서관 휴관 안내,https://lib.buan.go.kr/main/contents.do?proc_type=view&a_num=48342159&b_num=11385,2022,무,미부착,,개방 가능,공공누리 1유형,,,O,,,,,저작물성 없음,
,47,부안군립도서관,HOME > 이용자마당 > 공지사항,공지사항, 부안군립도서관 홈페이지 장애 안내(완료),https://lib.buan.go.kr/main/contents.do?proc_type=view&a_num=48342159&b_num=11388,2022,무,미부착,,개방 가능,공공누리 1유형,,,O,,,,,저작물성 없음,
,48,부안군립도서관,HOME > 이용자마당 > 공지사항,공지사항, [부안군립도서관] 휴관기간 연장 안내,https://lib.buan.go.kr/main/contents.do?proc_type=view&a_num=48342159&b_num=11389,2022,무,미부착,,개방 가능,공공누리 1유형,,,O,,,,,저작물성 없음,
,49,부안군립도서관,HOME > 이용자마당 > 공지사항,공지사항, 갈대숲 작은 도서관 개관 안내 ,https://lib.buan.go.kr/main/contents.do?proc_type=view&a_num=48342159&b_num=11395,2022,무,미부착,,개방 가능,공공누리 1유형,,,O,,,,,저작물성 없음,
,50,부안군립도서관,HOME > 이용자마당 > 공지사항,공지사항, 개암 작은도서관 휴관 안내(4/6~4/11),https://lib.buan.go.kr/main/contents.do?proc_type=view&a_num=48342159&b_num=11396,2022,무,미부착,,개방 가능,공공누리 1유형,,,O,,,,,저작물성 없음,
,51,부안군립도서관,HOME > 이용자마당 > 공지사항,공지사항, 부안군립도서관 홈페이지 장애 안내(완료),https://lib.buan.go.kr/main/contents.do?proc_type=view&a_num=48342159&b_num=11397,2022,무,미부착,,개방 가능,공공누리 1유형,,,O,,,,,저작물성 없음,
,52,부안군립도서관,HOME > 이용자마당 > 공지사항,공지사항, 부안군립도서관 구독형 전자책 서비스 개시 ,https://lib.buan.go.kr/main/contents.do?proc_type=view&a_num=48342159&b_num=11398,2022,무,미부착,,개방 가능,공공누리 1유형,,,O,,,,,저작물성 없음,
,53,부안군립도서관,HOME > 이용자마당 > 공지사항,공지사항, 부안군립도서관 홈페이지 장애 안내(완료),https://lib.buan.go.kr/main/contents.do?proc_type=view&a_num=48342159&b_num=11401,2022,무,미부착,,개방 가능,공공누리 1유형,,,O,,,,,저작물성 없음,
,54,부안군립도서관,HOME > 이용자마당 > 공지사항,공지사항, 줄포 갈대숲 작은도서관 휴관 안내(5/14 토요일),https://lib.buan.go.kr/main/contents.do?proc_type=view&a_num=48342159&b_num=11408,2022,무,미부착,,개방 가능,공공누리 1유형,,,O,,,,,저작물성 없음,
,55,부안군립도서관,HOME > 이용자마당 > 공지사항,공지사항, [부안군립도서관] 휴관기간 연장 안내(완료),https://lib.buan.go.kr/main/contents.do?proc_type=view&a_num=48342159&b_num=11414,2022,유,미부착,,개방 가능,공공누리 1유형,,,O,,,,,저작물성 없음,
,56,부안군립도서관,HOME > 이용자마당 > 공지사항,공지사항, 부안군립도서관 재개관 안내(6/21~),https://lib.buan.go.kr/main/contents.do?proc_type=view&a_num=48342159&b_num=11415,2022,무,미부착,,개방 가능,공공누리 1유형,,,O,,,,,저작물성 없음,
,57,부안군립도서관,HOME > 이용자마당 > 공지사항,공지사항, 부안군립도서관 사물함 이용안내 (2차) ,https://lib.buan.go.kr/main/contents.do?proc_type=view&a_num=48342159&b_num=11445,2022,무,미부착,,개방 가능,공공누리 1유형,,,O,,,,,업무상 저작물,
,58,부안군립도서관,HOME > 이용자마당 > 공지사항,공지사항, 부안군립도서관 &#34;길 위의 인문학&#34; 참가자 모집(모집완료),https://lib.buan.go.kr/main/contents.do?proc_type=view&a_num=48342159&b_num=11453,2022,무,미부착,,개방 가능,공공누리 1유형,,,O,,,,,저작물성 없음,
,59,부안군립도서관,HOME > 이용자마당 > 공지사항,공지사항, 갈대숲 작은 도서관 휴관 안내(7.26) ,https://lib.buan.go.kr/main/contents.do?proc_type=view&a_num=48342159&b_num=11700,2022,무,미부착,,개방 가능,공공누리 1유형,,,O,,,,,저작물성 없음,
,60,부안군립도서관,HOME > 이용자마당 > 공지사항,공지사항, [부안군립도서관] 찾아가는 여름독서교실 운영,https://lib.buan.go.kr/main/contents.do?proc_type=view&a_num=48342159&b_num=11701,2022,무,미부착,,개방 가능,공공누리 1유형,,,O,,,,,저작물성 없음,
,61,부안군립도서관,HOME > 이용자마당 > 공지사항,공지사항, [부안군립도서관] 길 위의 인문학 운영 ,https://lib.buan.go.kr/main/contents.do?proc_type=view&a_num=48342159&b_num=11702,2022,무,미부착,,개방 가능,공공누리 1유형,,,O,,,,,저작물성 없음,
,62,부안군립도서관,HOME > 이용자마당 > 공지사항,공지사항, [부안군립도서관] 광복절 휴관 안내,https://lib.buan.go.kr/main/contents.do?proc_type=view&a_num=48342159&b_num=11710,2022,무,미부착,,개방 가능,공공누리 1유형,,,O,,,,,저작물성 없음,
,63,부안군립도서관,HOME > 이용자마당 > 공지사항,공지사항, [부안군립도서관] 9월 독서의 달 행사 안내 ,https://lib.buan.go.kr/main/contents.do?proc_type=view&a_num=48342159&b_num=11722,2022,무,미부착,,내부확인 필요,공공누리 2~4유형,,,,,O,,,팜플렛 이미지,
,64,부안군립도서관,HOME > 이용자마당 > 공지사항,공지사항, [부안군립도서관] 추석연휴 휴관 안내,https://lib.buan.go.kr/main/contents.do?proc_type=view&a_num=48342159&b_num=11727,2022,무,미부착,,개방 가능,공공누리 1유형,,,O,,,,,저작물성 없음,
,65,부안군립도서관,HOME > 이용자마당 > 공지사항,공지사항," [부안군립도서관] 휴관 안내(개천절, 한글날 대체공휴일)",https://lib.buan.go.kr/main/contents.do?proc_type=view&a_num=48342159&b_num=11735,2022,무,미부착,,개방 가능,공공누리 1유형,,,O,,,,,저작물성 없음,
,66,부안군립도서관,HOME > 이용자마당 > 공지사항,공지사항, 고인돌 작은도서관오후시간 휴관안내(완료) ,https://lib.buan.go.kr/main/contents.do?proc_type=view&a_num=48342159&b_num=11736,2022,무,미부착,,개방 가능,공공누리 1유형,,,O,,,,,저작물성 없음,
,67,부안군립도서관,HOME > 이용자마당 > 공지사항,공지사항, 개암 작은도서관 휴관 안내(완료),https://lib.buan.go.kr/main/contents.do?proc_type=view&a_num=48342159&b_num=11738,2022,무,미부착,,개방 가능,공공누리 1유형,,,O,,,,,저작물성 없음,
,68,부안군립도서관,HOME > 이용자마당 > 공지사항,공지사항, [부안군립도서관] 열람실 운영시간 변경 안내 ,https://lib.buan.go.kr/main/contents.do?proc_type=view&a_num=48342159&b_num=11749,2022,무,미부착,,개방 가능,공공누리 1유형,,,O,,,,,저작물성 없음,
,69,부안군립도서관,HOME > 이용자마당 > 공지사항,공지사항, 갈대숲 작은도서관 휴관 안내(10/29 토요일),https://lib.buan.go.kr/main/contents.do?proc_type=view&a_num=48342159&b_num=11752,2022,무,미부착,,개방 가능,공공누리 1유형,,,O,,,,,저작물성 없음,
,70,부안군립도서관,HOME > 이용자마당 > 공지사항,공지사항, 고인돌 작은도서관 휴관 안내(완료),https://lib.buan.go.kr/main/contents.do?proc_type=view&a_num=48342159&b_num=11757,2022,무,미부착,,개방 가능,공공누리 1유형,,,O,,,,,저작물성 없음,
,71,부안군립도서관,HOME > 이용자마당 > 공지사항,공지사항, 갈대숲 작은 도서관 휴관 안내(12/6~12/9),https://lib.buan.go.kr/main/contents.do?proc_type=view&a_num=48342159&b_num=11764,2022,무,미부착,,개방 가능,공공누리 1유형,,,O,,,,,저작물성 없음,
,72,부안군립도서관,HOME > 이용자마당 > 공지사항,공지사항," [부안군립도서관] 휴관 안내(성탄절, 신정) ",https://lib.buan.go.kr/main/contents.do?proc_type=view&a_num=48342159&b_num=11767,2022,무,미부착,,개방 가능,공공누리 1유형,,,O,,,,,저작물성 없음,
,73,부안군립도서관,HOME > 이용자마당 > 공지사항,공지사항, 도서관 이용자 만족도 설문조사,https://lib.buan.go.kr/main/contents.do?proc_type=view&a_num=48342159&b_num=11768,2022,무,미부착,,개방 가능,공공누리 1유형,,,O,,,,,저작물성 없음,
,74,부안군립도서관,HOME > 이용자마당 > 공지사항,공지사항, 2023년도 부안군립도서관 자율 사물함 이용안내 ,https://lib.buan.go.kr/main/contents.do?proc_type=view&a_num=48342159&b_num=11769,2022,무,미부착,,개방 가능,공공누리 1유형,,,O,,,,,업무상 저작물,
,75,부안군립도서관,HOME > 이용자마당 > 공지사항,공지사항, 갈대숲 작은 도서관 휴관 안내(완료) ,https://lib.buan.go.kr/main/contents.do?proc_type=view&a_num=48342159&b_num=11770,2022,무,미부착,,개방 가능,공공누리 1유형,,,O,,,,,저작물성 없음,
,76,부안군립도서관,HOME > 이용자마당 > 공지사항,공지사항, 고인돌 작은도서관 휴관 안내(완료),https://lib.buan.go.kr/main/contents.do?proc_type=view&a_num=48342159&b_num=11771,2022,무,미부착,,개방 가능,공공누리 1유형,,,O,,,,,저작물성 없음,
,77,부안군립도서관,HOME > 이용자마당 > 공지사항,공지사항, [부안군립도서관] 겨울독서교실 운영 ,https://lib.buan.go.kr/main/contents.do?proc_type=view&a_num=48342159&b_num=11772,2023,무,미부착,,내부확인 필요,공공누리 2~4유형,,,,,O,,,팜플렛 이미지,
,78,부안군립도서관,HOME > 이용자마당 > 공지사항,공지사항, 2023년도 개암 작은도서관 프로그램 안내 ,https://lib.buan.go.kr/main/contents.do?proc_type=view&a_num=48342159&b_num=11774,2023,무,미부착,,개방 가능,공공누리 1유형,,,O,,,,,저작물성 없음,
,79,부안군립도서관,HOME > 이용자마당 > 공지사항,공지사항, [부안군립도서관] 휴관 안내(설연휴) ,https://lib.buan.go.kr/main/contents.do?proc_type=view&a_num=48342159&b_num=11775,2023,무,미부착,,개방 가능,공공누리 1유형,,,O,,,,,저작물성 없음,
,80,부안군립도서관,HOME > 이용자마당 > 공지사항,공지사항, 고인돌 작은 도서관 휴관안내(완료),https://lib.buan.go.kr/main/contents.do?proc_type=view&a_num=48342159&b_num=11785,2023,무,미부착,,개방 가능,공공누리 1유형,,,O,,,,,저작물성 없음,
,81,부안군립도서관,HOME > 이용자마당 > 공지사항,공지사항, [부안군립도서관] 휴관 안내(삼일절) ,https://lib.buan.go.kr/main/contents.do?proc_type=view&a_num=48342159&b_num=11786,2023,무,미부착,,개방 가능,공공누리 1유형,,,O,,,,,저작물성 없음,
,82,부안군립도서관,HOME > 이용자마당 > 공지사항,공지사항, 갈대숲 작은도서관 휴관 안내(완료),https://lib.buan.go.kr/main/contents.do?proc_type=view&a_num=48342159&b_num=11787,2023,무,미부착,,개방 가능,공공누리 1유형,,,O,,,,,저작물성 없음,
,83,부안군립도서관,HOME > 이용자마당 > 공지사항,공지사항, [부안군립도서관]도서관주간 행사 안내 ,https://lib.buan.go.kr/main/contents.do?proc_type=view&a_num=48342159&b_num=11811,2023,유,미부착,,개방 가능,공공누리 1유형,,,O,,,,,저작물성 없음,
,84,부안군립도서관,HOME > 이용자마당 > 공지사항,공지사항, [부안군립도서관] 전자책 참여 이벤트 당첨자 안내,https://lib.buan.go.kr/main/contents.do?proc_type=view&a_num=48342159&b_num=11814,2023,무,미부착,,개방 가능,공공누리 1유형,,,O,,,,,저작물성 없음,
,85,부안군립도서관,HOME > 이용자마당 > 공지사항,공지사항, [부안군립도서관] 휴관 안내(어린이날) ,https://lib.buan.go.kr/main/contents.do?proc_type=view&a_num=48342159&b_num=11817,2023,무,미부착,,개방 가능,공공누리 1유형,,,O,,,,,저작물성 없음,
,86,부안군립도서관,HOME > 이용자마당 > 공지사항,공지사항, 고인돌 작은 도서관 휴관안내(완료),https://lib.buan.go.kr/main/contents.do?proc_type=view&a_num=48342159&b_num=11820,2023,무,미부착,,개방 가능,공공누리 1유형,,,O,,,,,저작물성 없음,
,87,부안군립도서관,HOME > 이용자마당 > 공지사항,공지사항, [부안군립도서관] 휴관 안내(부처님오신날 대체공휴일),https://lib.buan.go.kr/main/contents.do?proc_type=view&a_num=48342159&b_num=11834,2023,무,미부착,,개방 가능,공공누리 1유형,,,O,,,,,저작물성 없음,
,88,부안군립도서관,HOME > 이용자마당 > 공지사항,공지사항, [부안군립도서관] 휴관 안내(현충일) ,https://lib.buan.go.kr/main/contents.do?proc_type=view&a_num=48342159&b_num=11842,2023,무,미부착,,개방 가능,공공누리 1유형,,,O,,,,,저작물성 없음,
,89,부안군립도서관,HOME > 이용자마당 > 공지사항,공지사항, 작은도서관 3개소 휴관 안내(완료) ,https://lib.buan.go.kr/main/contents.do?proc_type=view&a_num=48342159&b_num=11845,2023,무,미부착,,개방 가능,공공누리 1유형,,,O,,,,,저작물성 없음,
,90,부안군립도서관,HOME > 이용자마당 > 공지사항,공지사항, 줄포 갈대숲 작은도서관 휴관 안내(완료) ,https://lib.buan.go.kr/main/contents.do?proc_type=view&a_num=48342159&b_num=11846,2023,무,미부착,,개방 가능,공공누리 1유형,,,O,,,,,저작물성 없음,
,91,부안군립도서관,HOME > 이용자마당 > 공지사항,공지사항, 줄포 갈대숲 작은도서관 휴관 안내(완료) ,https://lib.buan.go.kr/main/contents.do?proc_type=view&a_num=48342159&b_num=11877,2023,무,미부착,,개방 가능,공공누리 1유형,,,O,,,,,저작물성 없음,
,92,부안군립도서관,HOME > 이용자마당 > 공지사항,공지사항, 줄포 갈대숲 작은도서관 휴관 안내(완료) ,https://lib.buan.go.kr/main/contents.do?proc_type=view&a_num=48342159&b_num=11878,2023,무,미부착,,개방 가능,공공누리 1유형,,,O,,,,,저작물성 없음,
,93,부안군립도서관,HOME > 이용자마당 > 공지사항,공지사항, 청우 작은도서관 휴관 안내(완료),https://lib.buan.go.kr/main/contents.do?proc_type=view&a_num=48342159&b_num=11882,2023,무,미부착,,개방 가능,공공누리 1유형,,,O,,,,,저작물성 없음,
,94,부안군립도서관,HOME > 이용자마당 > 공지사항,공지사항, [부안군립도서관] 찾아가는 여름독서교실 운영,https://lib.buan.go.kr/main/contents.do?proc_type=view&a_num=48342159&b_num=11884,2023,무,미부착,,내부확인 필요,공공누리 2~4유형,,,,,O,,,팜플렛 이미지,
,95,부안군립도서관,HOME > 이용자마당 > 공지사항,공지사항, [부안군립도서관] 휴관 안내(광복절) ,https://lib.buan.go.kr/main/contents.do?proc_type=view&a_num=48342159&b_num=11893,2023,무,미부착,,개방 가능,공공누리 1유형,,,O,,,,,저작물성 없음,
,96,부안군립도서관,HOME > 이용자마당 > 공지사항,공지사항, 청우 작은도서관 휴관 안내(완료),https://lib.buan.go.kr/main/contents.do?proc_type=view&a_num=48342159&b_num=11907,2023,무,미부착,,개방 가능,공공누리 1유형,,,O,,,,,저작물성 없음,
,97,부안군립도서관,HOME > 이용자마당 > 공지사항,공지사항, [부안군립도서관] 9월 독서의 달 행사 안내 ,https://lib.buan.go.kr/main/contents.do?proc_type=view&a_num=48342159&b_num=11909,2023,무,미부착,,내부확인 필요,공공누리 2~4유형,,,,,O,,,팜플렛 이미지,
,98,부안군립도서관,HOME > 이용자마당 > 공지사항,공지사항, 청우 작은도서관 오후시간 휴관 안내(완료) ,https://lib.buan.go.kr/main/contents.do?proc_type=view&a_num=48342159&b_num=11912,2023,무,미부착,,개방 가능,공공누리 1유형,,,O,,,,,저작물성 없음,
,99,부안군립도서관,HOME > 이용자마당 > 공지사항,공지사항, 부안군립도서관 휴관 안내(추석연휴 등),https://lib.buan.go.kr/main/contents.do?proc_type=view&a_num=48342159&b_num=11917,2023,무,미부착,,개방 가능,공공누리 1유형,,,O,,,,,저작물성 없음,
,100,부안군립도서관,HOME > 이용자마당 > 공지사항,공지사항, 부안군립도서관 휴관 안내(한글날) ,https://lib.buan.go.kr/main/contents.do?proc_type=view&a_num=48342159&b_num=11922,2023,무,미부착,,개방 가능,공공누리 1유형,,,O,,,,,저작물성 없음,
,101,부안군립도서관,HOME > 이용자마당 > 공지사항,공지사항, 갈대숲 작은 도서관 휴관 안내(완료) ,https://lib.buan.go.kr/main/contents.do?proc_type=view&a_num=48342159&b_num=11924,2023,무,미부착,,개방 가능,공공누리 1유형,,,O,,,,,저작물성 없음,
,102,부안군립도서관,HOME > 이용자마당 > 공지사항,공지사항, 고인돌 작은 도서관 휴관 안내(완료) ,https://lib.buan.go.kr/main/contents.do?proc_type=view&a_num=48342159&b_num=11925,2023,무,미부착,,개방 가능,공공누리 1유형,,,O,,,,,저작물성 없음,
,103,부안군립도서관,HOME > 이용자마당 > 공지사항,공지사항, 갈대숲 작은 도서관 휴관 안내(완료) ,https://lib.buan.go.kr/main/contents.do?proc_type=view&a_num=48342159&b_num=11943,2023,무,미부착,,개방 가능,공공누리 1유형,,,O,,,,,저작물성 없음,
,104,부안군립도서관,HOME > 이용자마당 > 공지사항,공지사항, [청우 작은도서관] &#39;숲으로 간 도서관&#39; 프로그램 운영 ,https://lib.buan.go.kr/main/contents.do?proc_type=view&a_num=48342159&b_num=11944,2023,무,미부착,,내부확인 필요,공공누리 2~4유형,,,,,O,,,팜플렛 이미지,
,105,부안군립도서관,HOME > 이용자마당 > 공지사항,공지사항, 갈대숲 작은도서관 휴관 안내(완료),https://lib.buan.go.kr/main/contents.do?proc_type=view&a_num=48342159&b_num=11945,2023,무,미부착,,개방 가능,공공누리 1유형,,,O,,,,,저작물성 없음,
,106,부안군립도서관,HOME > 이용자마당 > 공지사항,공지사항, 청우 작은도서관 운영 안내(12/9~12/15),https://lib.buan.go.kr/main/contents.do?proc_type=view&a_num=48342159&b_num=11967,2023,무,미부착,,개방 가능,공공누리 1유형,,,O,,,,,저작물성 없음,
,107,부안군립도서관,HOME > 이용자마당 > 공지사항,공지사항, 갈대숲 작은 도서관 휴관 안내(12/2) ,https://lib.buan.go.kr/main/contents.do?proc_type=view&a_num=48342159&b_num=11968,2023,무,미부착,,개방 가능,공공누리 1유형,,,O,,,,,저작물성 없음,
,108,부안군립도서관,HOME > 이용자마당 > 공지사항,공지사항, [청우 작은도서관] &#39;맛있는 도서관&#39; 프로그램 운영,https://lib.buan.go.kr/main/contents.do?proc_type=view&a_num=48342159&b_num=11969,2023,무,미부착,,내부확인 필요,공공누리 2~4유형,,,,,O,,,팜플렛 이미지,
,109,부안군립도서관,HOME > 이용자마당 > 공지사항,공지사항," 부안군립도서관 휴관 안내(성탄절, 신정) ",https://lib.buan.go.kr/main/contents.do?proc_type=view&a_num=48342159&b_num=11973,2023,무,미부착,,개방 가능,공공누리 1유형,,,O,,,,,저작물성 없음,
,110,부안군립도서관,HOME > 이용자마당 > 공지사항,공지사항, [부안군립도서관] 2024년도 겨울 독서교실 안내 ,https://lib.buan.go.kr/main/contents.do?proc_type=view&a_num=48342159&b_num=11976,2023,무,미부착,,내부확인 필요,공공누리 2~4유형,,,,,O,,,팜플렛 이미지,
,111,부안군립도서관,HOME > 이용자마당 > 공지사항,공지사항, 2024년도 군립도서관 자율 사물함 이용안내 ,https://lib.buan.go.kr/main/contents.do?proc_type=view&a_num=48342159&b_num=11977,2023,무,미부착,,개방 가능,공공누리 1유형,,,O,,,,,업무상 저작물,
,112,부안군립도서관,HOME > 이용자마당 > 공지사항,공지사항, 고인돌 작은 도서관 휴관안내(완료),https://lib.buan.go.kr/main/contents.do?proc_type=view&a_num=48342159&b_num=11978,2023,무,미부착,,개방 가능,공공누리 1유형,,,O,,,,,저작물성 없음,
,113,부안군립도서관,HOME > 이용자마당 > 공지사항,공지사항, ​부안군립도서관 휴관 안내(설날연휴),https://lib.buan.go.kr/main/contents.do?proc_type=view&a_num=48342159&b_num=11990,2024,무,미부착,,개방 가능,공공누리 1유형,,,O,,,,,저작물성 없음,
,114,부안군립도서관,HOME > 이용자마당 > 공지사항,공지사항, 고인돌 작은 도서관 휴관안내(완료),https://lib.buan.go.kr/main/contents.do?proc_type=view&a_num=48342159&b_num=11993,2024,무,미부착,,개방 가능,공공누리 1유형,,,O,,,,,저작물성 없음,
,115,부안군립도서관,HOME > 이용자마당 > 공지사항,공지사항, 부안군립도서관 휴관 안내(3ㆍ1절) ,https://lib.buan.go.kr/main/contents.do?proc_type=view&a_num=48342159&b_num=12001,2024,무,미부착,,개방 가능,공공누리 1유형,,,O,,,,,저작물성 없음,
,116,부안군립도서관,HOME > 이용자마당 > 공지사항,공지사항, 청우 작은도서관 오전시간 휴관안내(완료),https://lib.buan.go.kr/main/contents.do?proc_type=view&a_num=48342159&b_num=12003,2024,무,미부착,,개방 가능,공공누리 1유형,,,O,,,,,저작물성 없음,
,117,부안군립도서관,HOME > 이용자마당 > 공지사항,공지사항, 갈대숲 작은 도서관 휴관 안내(완료) ,https://lib.buan.go.kr/main/contents.do?proc_type=view&a_num=48342159&b_num=12005,2024,무,미부착,,개방 가능,공공누리 1유형,,,O,,,,,저작물성 없음,
,118,부안군립도서관,HOME > 이용자마당 > 공지사항,공지사항, 고인돌 작은 도서관 휴관안내(완료),https://lib.buan.go.kr/main/contents.do?proc_type=view&a_num=48342159&b_num=12006,2024,무,미부착,,개방 가능,공공누리 1유형,,,O,,,,,저작물성 없음,
,119,부안군립도서관,HOME > 이용자마당 > 공지사항,공지사항, 개암작은도서관 소풍갑니다~(완료) ,https://lib.buan.go.kr/main/contents.do?proc_type=view&a_num=48342159&b_num=12011,2024,무,미부착,,내부확인 필요,공공누리 2~4유형,,,,,O,,,팜플렛 이미지,
,120,부안군립도서관,HOME > 이용자마당 > 공지사항,공지사항, 고인돌 작은 도서관 휴관안내(완료),https://lib.buan.go.kr/main/contents.do?proc_type=view&a_num=48342159&b_num=12018,2024,무,미부착,,개방 가능,공공누리 1유형,,,O,,,,,저작물성 없음,
,121,부안군립도서관,HOME > 이용자마당 > 공지사항,공지사항, [부안군립도서관] 휴관 안내(국회의원 선거일),https://lib.buan.go.kr/main/contents.do?proc_type=view&a_num=48342159&b_num=12019,2024,무,미부착,,개방 가능,공공누리 1유형,,,O,,,,,저작물성 없음,
,122,부안군립도서관,HOME > 이용자마당 > 공지사항,공지사항, [부안군립도서관] 도서관주간 행사 안내,https://lib.buan.go.kr/main/contents.do?proc_type=view&a_num=48342159&b_num=12020,2024,무,미부착,,개방 가능,공공누리 1유형,,,O,,,,,저작물성 없음,
,123,부안군립도서관,HOME > 이용자마당 > 공지사항,공지사항, 청우 작은도서관 04.20.토요일 휴관안내(완료),https://lib.buan.go.kr/main/contents.do?proc_type=view&a_num=48342159&b_num=12027,2024,무,미부착,,개방 가능,공공누리 1유형,,,O,,,,,저작물성 없음,
,124,부안군립도서관,HOME > 이용자마당 > 공지사항,공지사항, 작은도서관 5개소 휴관 안내(완료) ,https://lib.buan.go.kr/main/contents.do?proc_type=view&a_num=48342159&b_num=12033,2024,무,미부착,,개방 가능,공공누리 1유형,,,O,,,,,저작물성 없음,
,125,부안군립도서관,HOME > 이용자마당 > 공지사항,공지사항, [부안군립도서관]이야기가 있는 코딩 운영,https://lib.buan.go.kr/main/contents.do?proc_type=view&a_num=48342159&b_num=12038,2024,유,미부착,,개방 가능,공공누리 1유형,,,O,,,,,저작물성 없음,
,126,부안군립도서관,HOME > 이용자마당 > 공지사항,공지사항, 개암작은도서관 마실갑니다~(완료) ,https://lib.buan.go.kr/main/contents.do?proc_type=view&a_num=48342159&b_num=12041,2024,무,미부착,,개방 가능,공공누리 1유형,,,O,,,,,저작물성 없음,
,127,부안군립도서관,HOME > 이용자마당 > 공지사항,공지사항, 부안군립도서관 휴관 안내(어린이날) ,https://lib.buan.go.kr/main/contents.do?proc_type=view&a_num=48342159&b_num=12042,2024,무,미부착,,개방 가능,공공누리 1유형,,,O,,,,,저작물성 없음,
,128,부안군립도서관,HOME > 이용자마당 > 공지사항,공지사항, 고인돌 작은 도서관 휴관안내(완료),https://lib.buan.go.kr/main/contents.do?proc_type=view&a_num=48342159&b_num=12043,2024,무,미부착,,개방 가능,공공누리 1유형,,,O,,,,,저작물성 없음,
,129,부안군립도서관,HOME > 이용자마당 > 공지사항,공지사항, [부안군립도서관]도서관주간(전자책 읽고 기프티콘 받자) 참여 이벤트 당첨자 안내,https://lib.buan.go.kr/main/contents.do?proc_type=view&a_num=48342159&b_num=12046,2024,무,미부착,,개방 가능,공공누리 1유형,,,O,,,,,저작물성 없음,
,130,부안군립도서관,HOME > 이용자마당 > 공지사항,공지사항, 부안군립도서관 휴관 안내(부처님 오신 날) ,https://lib.buan.go.kr/main/contents.do?proc_type=view&a_num=48342159&b_num=12047,2024,무,미부착,,개방 가능,공공누리 1유형,,,O,,,,,저작물성 없음,
,131,부안군립도서관,HOME > 이용자마당 > 공지사항,공지사항, 청우 작은도서관 오전 휴관안내(완료),https://lib.buan.go.kr/main/contents.do?proc_type=view&a_num=48342159&b_num=12049,2024,무,미부착,,개방 가능,공공누리 1유형,,,O,,,,,저작물성 없음,
,132,부안군립도서관,HOME > 이용자마당 > 공지사항,공지사항, 고인돌 작은 도서관 휴관안내(완료),https://lib.buan.go.kr/main/contents.do?proc_type=view&a_num=48342159&b_num=12052,2024,무,미부착,,개방 가능,공공누리 1유형,,,O,,,,,저작물성 없음,
,133,부안군립도서관,HOME > 이용자마당 > 공지사항,공지사항, 고슴도치 작은도서관 휴관 안내(완료),https://lib.buan.go.kr/main/contents.do?proc_type=view&a_num=48342159&b_num=12059,2024,무,미부착,,개방 가능,공공누리 1유형,,,O,,,,,저작물성 없음,
,134,부안군립도서관,HOME > 이용자마당 > 공지사항,공지사항, 갈대숲 작은도서관 휴관 안내(완료),https://lib.buan.go.kr/main/contents.do?proc_type=view&a_num=48342159&b_num=12060,2024,무,미부착,,개방 가능,공공누리 1유형,,,O,,,,,저작물성 없음,
,135,부안군립도서관,HOME > 이용자마당 > 공지사항,공지사항, 부안군립도서관 휴관 안내(현충일) ,https://lib.buan.go.kr/main/contents.do?proc_type=view&a_num=48342159&b_num=12063,2024,무,미부착,,개방 가능,공공누리 1유형,,,O,,,,,저작물성 없음,
,136,부안군립도서관,HOME > 이용자마당 > 공지사항,공지사항, 지진발생으로 인한 부안군립도서관 출입제한 안내(완료) ,https://lib.buan.go.kr/main/contents.do?proc_type=view&a_num=48342159&b_num=12067,2024,무,미부착,,개방 가능,공공누리 1유형,,,O,,,,,저작물성 없음,
,137,부안군립도서관,HOME > 이용자마당 > 공지사항,공지사항, 지진발생으로 인한 부안군립도서관 열람실 휴실 안내(완료),https://lib.buan.go.kr/main/contents.do?proc_type=view&a_num=48342159&b_num=12068,2024,무,미부착,,개방 가능,공공누리 1유형,,,O,,,,,저작물성 없음,
,138,부안군립도서관,HOME > 이용자마당 > 공지사항,공지사항, 개암작은도서관 휴관 안내(완료) ,https://lib.buan.go.kr/main/contents.do?proc_type=view&a_num=48342159&b_num=12071,2024,무,미부착,,개방 가능,공공누리 1유형,,,O,,,,,저작물성 없음,
,139,부안군립도서관,HOME > 이용자마당 > 공지사항,공지사항, 청우 작은도서관 22일 토요일 휴관안내(완료) ,https://lib.buan.go.kr/main/contents.do?proc_type=view&a_num=48342159&b_num=12075,2024,무,미부착,,개방 가능,공공누리 1유형,,,O,,,,,저작물성 없음,
,140,부안군립도서관,HOME > 이용자마당 > 보도자료,보도자료, 꽃내음 스마트도서관 운영,https://lib.buan.go.kr/main/contents.do?proc_type=view&a_num=15567958&b_num=11384,2022,무,미부착,,개방 가능,공공누리 1유형,,,O,,,,,업무상 저작물,
,141,부안군립도서관,HOME > 이용자마당 > 보도자료,보도자료, 스마트 K-도서관 조성,https://lib.buan.go.kr/main/contents.do?proc_type=view&a_num=15567958&b_num=11392,2022,무,미부착,,내부확인 필요,공공누리 2~4유형,,,,O,,,,보도자료(언론사의 저작권 문제),
,142,부안군립도서관,HOME > 이용자마당 > 보도자료,보도자료, 구독형 전자책 서비스 운영 ,https://lib.buan.go.kr/main/contents.do?proc_type=view&a_num=15567958&b_num=11405,2022,무,미부착,,개방 가능,공공누리 1유형,,,O,,,,,업무상 저작물,
,143,부안군립도서관,HOME > 이용자마당 > 보도자료,보도자료, 부안군립도서관 리모델링 완료,https://lib.buan.go.kr/main/contents.do?proc_type=view&a_num=15567958&b_num=11440,2022,무,미부착,,내부확인 필요,공공누리 2~4유형,,,,O,,,,보도자료(언론사의 저작권 문제),
,144,부안군립도서관,HOME > 이용자마당 > 보도자료,보도자료, 부안군립도서관 리모델링 완료 2,https://lib.buan.go.kr/main/contents.do?proc_type=view&a_num=15567958&b_num=11698,2022,무,미부착,,내부확인 필요,공공누리 2~4유형,,,,O,,,,보도자료(언론사의 저작권 문제),
,145,부안군립도서관,HOME > 이용자마당 > 보도자료,보도자료, 길 위의 인문학 모집 ,https://lib.buan.go.kr/main/contents.do?proc_type=view&a_num=15567958&b_num=11699,2022,무,미부착,,내부확인 필요,공공누리 2~4유형,,,,O,,,,보도자료(언론사의 저작권 문제),
,146,부안군립도서관,HOME > 이용자마당 > 보도자료,보도자료, 여름독서교실 추진 ,https://lib.buan.go.kr/main/contents.do?proc_type=view&a_num=15567958&b_num=11704,2022,무,미부착,,내부확인 필요,공공누리 2~4유형,,,,O,,,,보도자료(언론사의 저작권 문제),
,147,부안군립도서관,HOME > 이용자마당 > 보도자료,보도자료, 책놀이 운영 ,https://lib.buan.go.kr/main/contents.do?proc_type=view&a_num=15567958&b_num=11732,2022,무,미부착,,내부확인 필요,공공누리 2~4유형,,,,O,,,,보도자료(언론사의 저작권 문제),
,148,부안군립도서관,HOME > 이용자마당 > 보도자료,보도자료, 2023년도 겨울독서교실 ,https://lib.buan.go.kr/main/contents.do?proc_type=view&a_num=15567958&b_num=11784,2023,무,미부착,,개방 가능,공공누리 1유형,,,O,,,,,업무상 저작물,
,149,부안군립도서관,HOME > 이용자마당 > 보도자료,보도자료, 청우 작은도서관 &#39;우리 코바늘 시작해요&#39; 프로그램 ,https://lib.buan.go.kr/main/contents.do?proc_type=view&a_num=15567958&b_num=11867,2023,무,미부착,,개방 가능,공공누리 1유형,,,O,,,,,업무상 저작물,
,150,부안군립도서관,HOME > 이용자마당 > 보도자료,보도자료, 2023년도 여름독서교실 ,https://lib.buan.go.kr/main/contents.do?proc_type=view&a_num=15567958&b_num=11887,2023,무,미부착,,개방 가능,공공누리 1유형,,,O,,,,,업무상 저작물,
,151,부안군립도서관,HOME > 이용자마당 > 보도자료,보도자료, 책놀이 프로그램 운영,https://lib.buan.go.kr/main/contents.do?proc_type=view&a_num=15567958&b_num=11914,2023,무,미부착,,개방 가능,공공누리 1유형,,,O,,,,,업무상 저작물,
,152,부안군립도서관,HOME > 이용자마당 > 보도자료,보도자료, 위도 고슴도치 작은도서관 운영 ,https://lib.buan.go.kr/main/contents.do?proc_type=view&a_num=15567958&b_num=11980,2024,무,미부착,,개방 가능,공공누리 1유형,,,O,,,,,업무상 저작물,
,153,부안군립도서관,HOME > 이용자마당 > 보도자료,보도자료, 도서관주간 행사 ,https://lib.buan.go.kr/main/contents.do?proc_type=view&a_num=15567958&b_num=12021,2024,무,미부착,,내부확인 필요,공공누리 2~4유형,,,,O,,,,보도자료(언론사의 저작권 문제),
,154,부안군립도서관,HOME > 이용자마당 > 보도자료,보도자료, 이야기가 있는 코딩,https://lib.buan.go.kr/main/contents.do?proc_type=view&a_num=15567958&b_num=12044,2024,무,미부착,,개방 가능,공공누리 1유형,,,O,,,,,업무상 저작물,
,155,부안군립도서관,HOME > 도서관소개 > 도서관갤러리 > 도서관프로그램운영,도서관프로그램운영, 2021년도 찾아가는 독서교실(1회차),https://lib.buan.go.kr/main/contents.do?proc_type=view&a_num=40886375&b_num=11318,2021,유,미부착,,내부확인 필요,공공누리 2~4유형,,,,,,O,,업무상 촬영 사진 / 행사 참가자 초상권 포함,
,156,부안군립도서관,HOME > 도서관소개 > 도서관갤러리 > 도서관프로그램운영,도서관프로그램운영, 2021년도 찾아가는 독서교실(2회차),https://lib.buan.go.kr/main/contents.do?proc_type=view&a_num=40886375&b_num=11319,2021,유,미부착,,내부확인 필요,공공누리 2~4유형,,,,,,O,,업무상 촬영 사진 / 행사 참가자 초상권 포함,
,157,부안군립도서관,HOME > 도서관소개 > 도서관갤러리 > 도서관프로그램운영,도서관프로그램운영, 2021년도 찾아가는 독서교실(3회차),https://lib.buan.go.kr/main/contents.do?proc_type=view&a_num=40886375&b_num=11329,2021,유,미부착,,내부확인 필요,공공누리 2~4유형,,,,,,O,,업무상 촬영 사진 / 행사 참가자 초상권 포함,
,158,부안군립도서관,HOME > 도서관소개 > 도서관갤러리 > 도서관프로그램운영,도서관프로그램운영, 2021년도 찾아가는 독서교실(4회차),https://lib.buan.go.kr/main/contents.do?proc_type=view&a_num=40886375&b_num=11341,2021,유,미부착,,내부확인 필요,공공누리 2~4유형,,,,,,O,,업무상 촬영 사진 / 행사 참가자 초상권 포함,
,159,부안군립도서관,HOME > 도서관소개 > 도서관갤러리 > 도서관프로그램운영,도서관프로그램운영, 2021년도 찾아가는 독서교실(5회차),https://lib.buan.go.kr/main/contents.do?proc_type=view&a_num=40886375&b_num=11358,2021,유,미부착,,내부확인 필요,공공누리 2~4유형,,,,,,O,,업무상 촬영 사진 / 행사 참가자 초상권 포함,
,160,부안군립도서관,HOME > 도서관소개 > 도서관갤러리 > 도서관프로그램운영,도서관프로그램운영, 2022년도 찾아가는 여름독서교실(1회차),https://lib.buan.go.kr/main/contents.do?proc_type=view&a_num=40886375&b_num=11705,2022,유,미부착,,내부확인 필요,공공누리 2~4유형,,,,,,O,,업무상 촬영 사진 / 행사 참가자 초상권 포함,
,161,부안군립도서관,HOME > 도서관소개 > 도서관갤러리 > 도서관프로그램운영,도서관프로그램운영, 2022년도 찾아가는 여름독서교실(2회차),https://lib.buan.go.kr/main/contents.do?proc_type=view&a_num=40886375&b_num=11706,2022,유,미부착,,내부확인 필요,공공누리 2~4유형,,,,,,O,,업무상 촬영 사진 / 행사 참가자 초상권 포함,
,162,부안군립도서관,HOME > 도서관소개 > 도서관갤러리 > 도서관프로그램운영,도서관프로그램운영, 2022년도 찾아가는 여름독서교실(3회차),https://lib.buan.go.kr/main/contents.do?proc_type=view&a_num=40886375&b_num=11707,2022,유,미부착,,내부확인 필요,공공누리 2~4유형,,,,,,O,,업무상 촬영 사진 / 행사 참가자 초상권 포함,
,163,부안군립도서관,HOME > 도서관소개 > 도서관갤러리 > 도서관프로그램운영,도서관프로그램운영, 2022년도 찾아가는 여름독서교실(4회차),https://lib.buan.go.kr/main/contents.do?proc_type=view&a_num=40886375&b_num=11708,2022,유,미부착,,내부확인 필요,공공누리 2~4유형,,,,,,O,,업무상 촬영 사진 / 행사 참가자 초상권 포함,
,164,부안군립도서관,HOME > 도서관소개 > 도서관갤러리 > 도서관프로그램운영,도서관프로그램운영, 2022년도 찾아가는 여름독서교실(5회차),https://lib.buan.go.kr/main/contents.do?proc_type=view&a_num=40886375&b_num=11709,2022,유,미부착,,내부확인 필요,공공누리 2~4유형,,,,,,O,,업무상 촬영 사진 / 행사 참가자 초상권 포함,
,165,부안군립도서관,HOME > 도서관소개 > 도서관갤러리 > 도서관프로그램운영,도서관프로그램운영, 「도서관에서 놀자! 재미있는 책놀이~」 행사(1회차),https://lib.buan.go.kr/main/contents.do?proc_type=view&a_num=40886375&b_num=11728,2022,유,미부착,,내부확인 필요,공공누리 2~4유형,,,,,,O,,업무상 촬영 사진 / 행사 참가자 초상권 포함,
,166,부안군립도서관,HOME > 도서관소개 > 도서관갤러리 > 도서관프로그램운영,도서관프로그램운영, 「도서관에서 놀자! 재미있는 책놀이~」 행사(2회차),https://lib.buan.go.kr/main/contents.do?proc_type=view&a_num=40886375&b_num=11731,2022,유,미부착,,내부확인 필요,공공누리 2~4유형,,,,,,O,,업무상 촬영 사진 / 행사 참가자 초상권 포함,
,167,부안군립도서관,HOME > 도서관소개 > 도서관갤러리 > 도서관프로그램운영,도서관프로그램운영, 「도서관에서 놀자! 재미있는 책놀이~」 행사(3회차),https://lib.buan.go.kr/main/contents.do?proc_type=view&a_num=40886375&b_num=11733,2022,유,미부착,,내부확인 필요,공공누리 2~4유형,,,,,,O,,업무상 촬영 사진 / 행사 참가자 초상권 포함,
,168,부안군립도서관,HOME > 도서관소개 > 도서관갤러리 > 도서관프로그램운영,도서관프로그램운영, 「도서관에서 놀자! 재미있는 책놀이~」 행사(4회차),https://lib.buan.go.kr/main/contents.do?proc_type=view&a_num=40886375&b_num=11734,2022,유,미부착,,내부확인 필요,공공누리 2~4유형,,,,,,O,,업무상 촬영 사진 / 행사 참가자 초상권 포함,
,169,부안군립도서관,HOME > 도서관소개 > 도서관갤러리 > 도서관프로그램운영,도서관프로그램운영, 「도서관에서 놀자! 재미있는 책놀이~」 행사(5회차),https://lib.buan.go.kr/main/contents.do?proc_type=view&a_num=40886375&b_num=11737,2022,유,미부착,,내부확인 필요,공공누리 2~4유형,,,,,,O,,업무상 촬영 사진 / 행사 참가자 초상권 포함,
,170,부안군립도서관,HOME > 도서관소개 > 도서관갤러리 > 도서관프로그램운영,도서관프로그램운영, 「도서관에서 놀자! 재미있는 책놀이~」 행사(6회차),https://lib.buan.go.kr/main/contents.do?proc_type=view&a_num=40886375&b_num=11739,2022,유,미부착,,내부확인 필요,공공누리 2~4유형,,,,,,O,,업무상 촬영 사진 / 행사 참가자 초상권 포함,
,171,부안군립도서관,HOME > 도서관소개 > 도서관갤러리 > 도서관프로그램운영,도서관프로그램운영, 「도서관에서 놀자! 재미있는 책놀이~」 행사(7회차),https://lib.buan.go.kr/main/contents.do?proc_type=view&a_num=40886375&b_num=11750,2022,유,미부착,,내부확인 필요,공공누리 2~4유형,,,,,,O,,업무상 촬영 사진 / 행사 참가자 초상권 포함,
,172,부안군립도서관,HOME > 도서관소개 > 도서관갤러리 > 도서관프로그램운영,도서관프로그램운영, 「도서관에서 놀자! 재미있는 책놀이~」 행사(8회차),https://lib.buan.go.kr/main/contents.do?proc_type=view&a_num=40886375&b_num=11751,2022,유,미부착,,내부확인 필요,공공누리 2~4유형,,,,,,O,,업무상 촬영 사진 / 행사 참가자 초상권 포함,
,173,부안군립도서관,HOME > 도서관소개 > 도서관갤러리 > 도서관프로그램운영,도서관프로그램운영, 「도서관에서 놀자! 재미있는 책놀이~」 행사(9회차),https://lib.buan.go.kr/main/contents.do?proc_type=view&a_num=40886375&b_num=11753,2022,유,미부착,,내부확인 필요,공공누리 2~4유형,,,,,,O,,업무상 촬영 사진 / 행사 참가자 초상권 포함,
,174,부안군립도서관,HOME > 도서관소개 > 도서관갤러리 > 도서관프로그램운영,도서관프로그램운영, 「도서관에서 놀자! 재미있는 책놀이~」 행사(10회차) ,https://lib.buan.go.kr/main/contents.do?proc_type=view&a_num=40886375&b_num=11756,2022,유,미부착,,내부확인 필요,공공누리 2~4유형,,,,,,O,,업무상 촬영 사진 / 행사 참가자 초상권 포함,
,175,부안군립도서관,HOME > 도서관소개 > 도서관갤러리 > 도서관프로그램운영,도서관프로그램운영, 2023년도 겨울독서교실(1회차) ,https://lib.buan.go.kr/main/contents.do?proc_type=view&a_num=40886375&b_num=11778,2023,유,미부착,,내부확인 필요,공공누리 2~4유형,,,,,,O,,업무상 촬영 사진 / 행사 참가자 초상권 포함,
,176,부안군립도서관,HOME > 도서관소개 > 도서관갤러리 > 도서관프로그램운영,도서관프로그램운영, 2023년도 겨울독서교실(2회차) ,https://lib.buan.go.kr/main/contents.do?proc_type=view&a_num=40886375&b_num=11780,2023,유,미부착,,내부확인 필요,공공누리 2~4유형,,,,,,O,,업무상 촬영 사진 / 행사 참가자 초상권 포함,
,177,부안군립도서관,HOME > 도서관소개 > 도서관갤러리 > 도서관프로그램운영,도서관프로그램운영, 2023년도 겨울독서교실(3회차) ,https://lib.buan.go.kr/main/contents.do?proc_type=view&a_num=40886375&b_num=11781,2023,유,미부착,,내부확인 필요,공공누리 2~4유형,,,,,,O,,업무상 촬영 사진 / 행사 참가자 초상권 포함,
,178,부안군립도서관,HOME > 도서관소개 > 도서관갤러리 > 도서관프로그램운영,도서관프로그램운영, 2023년도 겨울독서교실(4회차) ,https://lib.buan.go.kr/main/contents.do?proc_type=view&a_num=40886375&b_num=11782,2023,유,미부착,,내부확인 필요,공공누리 2~4유형,,,,,,O,,업무상 촬영 사진 / 행사 참가자 초상권 포함,
,179,부안군립도서관,HOME > 도서관소개 > 도서관갤러리 > 도서관프로그램운영,도서관프로그램운영, 2023년도 겨울독서교실(5회차) ,https://lib.buan.go.kr/main/contents.do?proc_type=view&a_num=40886375&b_num=11783,2023,유,미부착,,내부확인 필요,공공누리 2~4유형,,,,,,O,,업무상 촬영 사진 / 행사 참가자 초상권 포함,
,180,부안군립도서관,HOME > 도서관소개 > 도서관갤러리 > 도서관프로그램운영,도서관프로그램운영, 군립도서관 독서아카데미 (목판화가 김억),https://lib.buan.go.kr/main/contents.do?proc_type=view&a_num=40886375&b_num=11837,2023,유,미부착,,내부확인 필요,공공누리 2~4유형,,,,,,O,,업무상 촬영 사진 / 행사 참가자 초상권 포함,
,181,부안군립도서관,HOME > 도서관소개 > 도서관갤러리 > 도서관프로그램운영,도서관프로그램운영, 군립도서관 독서아카데미(문화해설사 박옥희) ,https://lib.buan.go.kr/main/contents.do?proc_type=view&a_num=40886375&b_num=11856,2023,유,미부착,,내부확인 필요,공공누리 2~4유형,,,,,,O,,업무상 촬영 사진 / 행사 참가자 초상권 포함,
,182,부안군립도서관,HOME > 도서관소개 > 도서관갤러리 > 도서관프로그램운영,도서관프로그램운영, 군립도서관 독서아카데미(학예사 안여진) ,https://lib.buan.go.kr/main/contents.do?proc_type=view&a_num=40886375&b_num=11857,2023,유,미부착,,내부확인 필요,공공누리 2~4유형,,,,,,O,,업무상 촬영 사진 / 행사 참가자 초상권 포함,
,183,부안군립도서관,HOME > 도서관소개 > 도서관갤러리 > 도서관프로그램운영,도서관프로그램운영, 2023년도 찾아가는 여름독서교실(1회차),https://lib.buan.go.kr/main/contents.do?proc_type=view&a_num=40886375&b_num=11885,2023,유,미부착,,내부확인 필요,공공누리 2~4유형,,,,,,O,,업무상 촬영 사진 / 행사 참가자 초상권 포함,
,184,부안군립도서관,HOME > 도서관소개 > 도서관갤러리 > 도서관프로그램운영,도서관프로그램운영, 2023년도 찾아가는 여름독서교실(2회차),https://lib.buan.go.kr/main/contents.do?proc_type=view&a_num=40886375&b_num=11886,2023,유,미부착,,내부확인 필요,공공누리 2~4유형,,,,,,O,,업무상 촬영 사진 / 행사 참가자 초상권 포함,
,185,부안군립도서관,HOME > 도서관소개 > 도서관갤러리 > 도서관프로그램운영,도서관프로그램운영, 2023년도 찾아가는 여름독서교실(3회차),https://lib.buan.go.kr/main/contents.do?proc_type=view&a_num=40886375&b_num=11888,2023,유,미부착,,내부확인 필요,공공누리 2~4유형,,,,,,O,,업무상 촬영 사진 / 행사 참가자 초상권 포함,
,186,부안군립도서관,HOME > 도서관소개 > 도서관갤러리 > 도서관프로그램운영,도서관프로그램운영, 2023년도 찾아가는 여름독서교실(4회차),https://lib.buan.go.kr/main/contents.do?proc_type=view&a_num=40886375&b_num=11892,2023,유,미부착,,내부확인 필요,공공누리 2~4유형,,,,,,O,,업무상 촬영 사진 / 행사 참가자 초상권 포함,
,187,부안군립도서관,HOME > 도서관소개 > 도서관갤러리 > 도서관프로그램운영,도서관프로그램운영, 2023년도 찾아가는 여름독서교실(5회차),https://lib.buan.go.kr/main/contents.do?proc_type=view&a_num=40886375&b_num=11896,2023,유,미부착,,내부확인 필요,공공누리 2~4유형,,,,,,O,,업무상 촬영 사진 / 행사 참가자 초상권 포함,
,188,부안군립도서관,HOME > 도서관소개 > 도서관갤러리 > 도서관시설,도서관시설, 지하 다목적실 ,https://lib.buan.go.kr/main/contents.do?proc_type=view&a_num=48518073&b_num=11430,2022,유,미부착,,개방 가능,공공누리 1유형,,,O,,,,,저작물성 없음,
,189,부안군립도서관,HOME > 도서관소개 > 도서관갤러리 > 도서관시설,도서관시설, 3층 휴게실,https://lib.buan.go.kr/main/contents.do?proc_type=view&a_num=48518073&b_num=11431,2022,유,미부착,,개방 가능,공공누리 1유형,,,O,,,,,저작물성 없음,
,190,부안군립도서관,HOME > 도서관소개 > 도서관갤러리 > 도서관시설,도서관시설, 3층 사물함,https://lib.buan.go.kr/main/contents.do?proc_type=view&a_num=48518073&b_num=11432,2022,유,미부착,,개방 가능,공공누리 1유형,,,O,,,,,업무상 저작물,
,191,부안군립도서관,HOME > 도서관소개 > 도서관갤러리 > 도서관시설,도서관시설, 3층 자유열람실,https://lib.buan.go.kr/main/contents.do?proc_type=view&a_num=48518073&b_num=11433,2022,유,미부착,,개방 가능,공공누리 1유형,,,O,,,,,업무상 저작물,
,192,부안군립도서관,HOME > 도서관소개 > 도서관갤러리 > 도서관시설,도서관시설, 3층 일반열람실,https://lib.buan.go.kr/main/contents.do?proc_type=view&a_num=48518073&b_num=11434,2022,유,미부착,,개방 가능,공공누리 1유형,,,O,,,,,업무상 저작물,
,193,부안군립도서관,HOME > 도서관소개 > 도서관갤러리 > 도서관시설,도서관시설, 2층 스마트실,https://lib.buan.go.kr/main/contents.do?proc_type=view&a_num=48518073&b_num=11435,2022,유,미부착,,개방 가능,공공누리 1유형,,,O,,,,,업무상 저작물,
,194,부안군립도서관,HOME > 도서관소개 > 도서관갤러리 > 도서관시설,도서관시설, 2층 어린이자료실,https://lib.buan.go.kr/main/contents.do?proc_type=view&a_num=48518073&b_num=11436,2022,유,미부착,,개방 가능,공공누리 1유형,,,O,,,,,업무상 저작물,
,195,부안군립도서관,HOME > 도서관소개 > 도서관갤러리 > 도서관시설,도서관시설, 1층 일반열람실,https://lib.buan.go.kr/main/contents.do?proc_type=view&a_num=48518073&b_num=11437,2022,유,미부착,,개방 가능,공공누리 1유형,,,O,,,,,업무상 저작물,
,196,부안군립도서관,HOME > 도서관소개 > 도서관갤러리 > 도서관시설,도서관시설, 1층 안내실,https://lib.buan.go.kr/main/contents.do?proc_type=view&a_num=48518073&b_num=11438,2022,유,미부착,,개방 가능,공공누리 1유형,,,O,,,,,업무상 저작물,
,197,부안군립도서관,HOME > 도서관소개 > 도서관갤러리 > 도서관시설,도서관시설, 도서관 전경 ,https://lib.buan.go.kr/main/contents.do?proc_type=view&a_num=48518073&b_num=11439,2022,유,미부착,,개방 가능,공공누리 1유형,,,O,,,,,저작물성 없음,
,198,부안군립도서관,HOME > 도서관소개 > 작은도서관 > 하서 고인돌작은도서관 > 갤러리,갤러리, 고인돌 작은 도서관,https://lib.buan.go.kr/main/contents.do?proc_type=view&a_num=24522892&b_num=11134,2021,유,미부착,,개방 가능,공공누리 1유형,,,O,,,,,저작물성 없음,
,199,부안군립도서관,HOME > 도서관소개 > 작은도서관 > 하서 고인돌작은도서관 > 갤러리,갤러리, 고인돌 작은 도서관2 ,https://lib.buan.go.kr/main/contents.do?proc_type=view&a_num=24522892&b_num=11135,2021,유,미부착,,개방 가능,공공누리 1유형,,,O,,,,,저작물성 없음,
,200,부안군립도서관,HOME > 도서관소개 > 작은도서관 > 하서 고인돌작은도서관 > 갤러리,갤러리, 21.05.08 (토) 책놀이,https://lib.buan.go.kr/main/contents.do?proc_type=view&a_num=24522892&b_num=11187,2021,유,미부착,,내부확인 필요,공공누리 2~4유형,,,,,,O,,업무상 촬영 사진 / 행사 참가자 초상권 포함,
,201,부안군립도서관,HOME > 도서관소개 > 작은도서관 > 하서 고인돌작은도서관 > 갤러리,갤러리, 21.05.08 (토) 공예놀이,https://lib.buan.go.kr/main/contents.do?proc_type=view&a_num=24522892&b_num=11188,2021,유,미부착,,내부확인 필요,공공누리 2~4유형,,,,,,O,,업무상 촬영 사진 / 행사 참가자 초상권 포함,
,202,부안군립도서관,HOME > 도서관소개 > 작은도서관 > 하서 고인돌작은도서관 > 갤러리,갤러리, 21.05.11 (화) 인문학 원예 (A반) ,https://lib.buan.go.kr/main/contents.do?proc_type=view&a_num=24522892&b_num=11194,2021,유,미부착,,내부확인 필요,공공누리 2~4유형,,,,,,O,,업무상 촬영 사진 / 행사 참가자 초상권 포함,
,203,부안군립도서관,HOME > 도서관소개 > 작은도서관 > 하서 고인돌작은도서관 > 갤러리,갤러리, 21.05.11 (화) 인문학 원예 (B반) ,https://lib.buan.go.kr/main/contents.do?proc_type=view&a_num=24522892&b_num=11195,2021,유,미부착,,내부확인 필요,공공누리 2~4유형,,,,,,O,,업무상 촬영 사진 / 행사 참가자 초상권 포함,
,204,부안군립도서관,HOME > 도서관소개 > 작은도서관 > 하서 고인돌작은도서관 > 갤러리,갤러리, 21.05.14 (금) 인문학 원예 C반 ,https://lib.buan.go.kr/main/contents.do?proc_type=view&a_num=24522892&b_num=11198,2021,유,미부착,,내부확인 필요,공공누리 2~4유형,,,,,,O,,업무상 촬영 사진 / 행사 참가자 초상권 포함,
,205,부안군립도서관,HOME > 도서관소개 > 작은도서관 > 하서 고인돌작은도서관 > 갤러리,갤러리, 21.05.14 (금) 인문학 원예 D반 ,https://lib.buan.go.kr/main/contents.do?proc_type=view&a_num=24522892&b_num=11199,2021,유,미부착,,내부확인 필요,공공누리 2~4유형,,,,,,O,,업무상 촬영 사진 / 행사 참가자 초상권 포함,
,206,부안군립도서관,HOME > 도서관소개 > 작은도서관 > 하서 고인돌작은도서관 > 갤러리,갤러리, 21.05.15 (토) 동화속 공예놀이 ,https://lib.buan.go.kr/main/contents.do?proc_type=view&a_num=24522892&b_num=11200,2021,유,미부착,,내부확인 필요,공공누리 2~4유형,,,,,,O,,업무상 촬영 사진 / 행사 참가자 초상권 포함,
,207,부안군립도서관,HOME > 도서관소개 > 작은도서관 > 하서 고인돌작은도서관 > 갤러리,갤러리, 21.05.15 (토) 책놀이,https://lib.buan.go.kr/main/contents.do?proc_type=view&a_num=24522892&b_num=11201,2021,유,미부착,,내부확인 필요,공공누리 2~4유형,,,,,,O,,업무상 촬영 사진 / 행사 참가자 초상권 포함,
,208,부안군립도서관,HOME > 도서관소개 > 작은도서관 > 하서 고인돌작은도서관 > 갤러리,갤러리, 21.05.18 (화) 인문학 원예 A반 ,https://lib.buan.go.kr/main/contents.do?proc_type=view&a_num=24522892&b_num=11204,2021,유,미부착,,내부확인 필요,공공누리 2~4유형,,,,,,O,,업무상 촬영 사진 / 행사 참가자 초상권 포함,
,209,부안군립도서관,HOME > 도서관소개 > 작은도서관 > 하서 고인돌작은도서관 > 갤러리,갤러리, 21.05.18 (화) 인문학 원예 B반 ,https://lib.buan.go.kr/main/contents.do?proc_type=view&a_num=24522892&b_num=11205,2021,유,미부착,,내부확인 필요,공공누리 2~4유형,,,,,,O,,업무상 촬영 사진 / 행사 참가자 초상권 포함,
,210,부안군립도서관,HOME > 도서관소개 > 작은도서관 > 하서 고인돌작은도서관 > 갤러리,갤러리, 21.05.21 (금) 인문학 원예 C반 ,https://lib.buan.go.kr/main/contents.do?proc_type=view&a_num=24522892&b_num=11207,2021,유,미부착,,내부확인 필요,공공누리 2~4유형,,,,,,O,,업무상 촬영 사진 / 행사 참가자 초상권 포함,
,211,부안군립도서관,HOME > 도서관소개 > 작은도서관 > 하서 고인돌작은도서관 > 갤러리,갤러리, 21.05.21 (금) 인문학 원예 D반 ,https://lib.buan.go.kr/main/contents.do?proc_type=view&a_num=24522892&b_num=11208,2021,유,미부착,,내부확인 필요,공공누리 2~4유형,,,,,,O,,업무상 촬영 사진 / 행사 참가자 초상권 포함,
,212,부안군립도서관,HOME > 도서관소개 > 작은도서관 > 하서 고인돌작은도서관 > 갤러리,갤러리, 21.05.22 (토) 책놀이,https://lib.buan.go.kr/main/contents.do?proc_type=view&a_num=24522892&b_num=11209,2021,유,미부착,,내부확인 필요,공공누리 2~4유형,,,,,,O,,업무상 촬영 사진 / 행사 참가자 초상권 포함,
,213,부안군립도서관,HOME > 도서관소개 > 작은도서관 > 하서 고인돌작은도서관 > 갤러리,갤러리, 21.05.22 (토) 동화속 공예놀이 ,https://lib.buan.go.kr/main/contents.do?proc_type=view&a_num=24522892&b_num=11210,2021,유,미부착,,내부확인 필요,공공누리 2~4유형,,,,,,O,,업무상 촬영 사진 / 행사 참가자 초상권 포함,
,214,부안군립도서관,HOME > 도서관소개 > 작은도서관 > 하서 고인돌작은도서관 > 갤러리,갤러리, 21.05.25 (화) 인문학 원예 A반 ,https://lib.buan.go.kr/main/contents.do?proc_type=view&a_num=24522892&b_num=11212,2021,유,미부착,,내부확인 필요,공공누리 2~4유형,,,,,,O,,업무상 촬영 사진 / 행사 참가자 초상권 포함,
,215,부안군립도서관,HOME > 도서관소개 > 작은도서관 > 하서 고인돌작은도서관 > 갤러리,갤러리, 21.05.25 (화) 인문학 원예 B반 ,https://lib.buan.go.kr/main/contents.do?proc_type=view&a_num=24522892&b_num=11213,2021,유,미부착,,내부확인 필요,공공누리 2~4유형,,,,,,O,,업무상 촬영 사진 / 행사 참가자 초상권 포함,
,216,부안군립도서관,HOME > 도서관소개 > 작은도서관 > 하서 고인돌작은도서관 > 갤러리,갤러리, 21.05.28 (금) 인문학 원예 C반 ,https://lib.buan.go.kr/main/contents.do?proc_type=view&a_num=24522892&b_num=11214,2021,유,미부착,,내부확인 필요,공공누리 2~4유형,,,,,,O,,업무상 촬영 사진 / 행사 참가자 초상권 포함,
,217,부안군립도서관,HOME > 도서관소개 > 작은도서관 > 하서 고인돌작은도서관 > 갤러리,갤러리, 21.05.28 (금) 인문학 원예 D반 ,https://lib.buan.go.kr/main/contents.do?proc_type=view&a_num=24522892&b_num=11215,2021,유,미부착,,내부확인 필요,공공누리 2~4유형,,,,,,O,,업무상 촬영 사진 / 행사 참가자 초상권 포함,
,218,부안군립도서관,HOME > 도서관소개 > 작은도서관 > 하서 고인돌작은도서관 > 갤러리,갤러리, 21.05.29 (토) 책놀이,https://lib.buan.go.kr/main/contents.do?proc_type=view&a_num=24522892&b_num=11218,2021,유,미부착,,내부확인 필요,공공누리 2~4유형,,,,,,O,,업무상 촬영 사진 / 행사 참가자 초상권 포함,
,219,부안군립도서관,HOME > 도서관소개 > 작은도서관 > 하서 고인돌작은도서관 > 갤러리,갤러리, 21.05.29 (토) 동화속 공예놀이 ,https://lib.buan.go.kr/main/contents.do?proc_type=view&a_num=24522892&b_num=11219,2021,유,미부착,,내부확인 필요,공공누리 2~4유형,,,,,,O,,업무상 촬영 사진 / 행사 참가자 초상권 포함,
,220,부안군립도서관,HOME > 도서관소개 > 작은도서관 > 하서 고인돌작은도서관 > 갤러리,갤러리, 21.06.01 (화) 인문학 원예 A반 ,https://lib.buan.go.kr/main/contents.do?proc_type=view&a_num=24522892&b_num=11220,2021,유,미부착,,내부확인 필요,공공누리 2~4유형,,,,,,O,,업무상 촬영 사진 / 행사 참가자 초상권 포함,
,221,부안군립도서관,HOME > 도서관소개 > 작은도서관 > 하서 고인돌작은도서관 > 갤러리,갤러리, 21.06.01 (화) 인문학 원예 B반 ,https://lib.buan.go.kr/main/contents.do?proc_type=view&a_num=24522892&b_num=11221,2021,유,미부착,,내부확인 필요,공공누리 2~4유형,,,,,,O,,업무상 촬영 사진 / 행사 참가자 초상권 포함,
,222,부안군립도서관,HOME > 도서관소개 > 작은도서관 > 하서 고인돌작은도서관 > 갤러리,갤러리, 21.06.01 (화) 인문학 원예 C반 ,https://lib.buan.go.kr/main/contents.do?proc_type=view&a_num=24522892&b_num=11222,2021,유,미부착,,내부확인 필요,공공누리 2~4유형,,,,,,O,,업무상 촬영 사진 / 행사 참가자 초상권 포함,
,223,부안군립도서관,HOME > 도서관소개 > 작은도서관 > 하서 고인돌작은도서관 > 갤러리,갤러리, 21.06.01 (화) 인문학 원예 D반 ,https://lib.buan.go.kr/main/contents.do?proc_type=view&a_num=24522892&b_num=11223,2021,유,미부착,,내부확인 필요,공공누리 2~4유형,,,,,,O,,업무상 촬영 사진 / 행사 참가자 초상권 포함,
,224,부안군립도서관,HOME > 도서관소개 > 작은도서관 > 하서 고인돌작은도서관 > 갤러리,갤러리, 21.06.05 (토) 책놀이,https://lib.buan.go.kr/main/contents.do?proc_type=view&a_num=24522892&b_num=11226,2021,유,미부착,,내부확인 필요,공공누리 2~4유형,,,,,,O,,업무상 촬영 사진 / 행사 참가자 초상권 포함,
,225,부안군립도서관,HOME > 도서관소개 > 작은도서관 > 하서 고인돌작은도서관 > 갤러리,갤러리, 21.06.05 (토) 동화속 공예놀이 ,https://lib.buan.go.kr/main/contents.do?proc_type=view&a_num=24522892&b_num=11227,2021,유,미부착,,내부확인 필요,공공누리 2~4유형,,,,,,O,,업무상 촬영 사진 / 행사 참가자 초상권 포함,
,226,부안군립도서관,HOME > 도서관소개 > 작은도서관 > 하서 고인돌작은도서관 > 갤러리,갤러리, 21.06.08 (화) 인문학 원예 A반 ,https://lib.buan.go.kr/main/contents.do?proc_type=view&a_num=24522892&b_num=11228,2021,유,미부착,,내부확인 필요,공공누리 2~4유형,,,,,,O,,업무상 촬영 사진 / 행사 참가자 초상권 포함,
,227,부안군립도서관,HOME > 도서관소개 > 작은도서관 > 하서 고인돌작은도서관 > 갤러리,갤러리, 21.06.08 (화) 인문학 원예 B반 ,https://lib.buan.go.kr/main/contents.do?proc_type=view&a_num=24522892&b_num=11229,2021,유,미부착,,내부확인 필요,공공누리 2~4유형,,,,,,O,,업무상 촬영 사진 / 행사 참가자 초상권 포함,
,228,부안군립도서관,HOME > 도서관소개 > 작은도서관 > 하서 고인돌작은도서관 > 갤러리,갤러리, 21.06.11 (금) 인문학 원예 C반 ,https://lib.buan.go.kr/main/contents.do?proc_type=view&a_num=24522892&b_num=11230,2021,유,미부착,,내부확인 필요,공공누리 2~4유형,,,,,,O,,업무상 촬영 사진 / 행사 참가자 초상권 포함,
,229,부안군립도서관,HOME > 도서관소개 > 작은도서관 > 하서 고인돌작은도서관 > 갤러리,갤러리, 21.06.11 (금) 인문학 원예 D반 ,https://lib.buan.go.kr/main/contents.do?proc_type=view&a_num=24522892&b_num=11231,2021,유,미부착,,내부확인 필요,공공누리 2~4유형,,,,,,O,,업무상 촬영 사진 / 행사 참가자 초상권 포함,
,230,부안군립도서관,HOME > 도서관소개 > 작은도서관 > 하서 고인돌작은도서관 > 갤러리,갤러리, 21.06.12 (토) 동화속 공예놀이 ,https://lib.buan.go.kr/main/contents.do?proc_type=view&a_num=24522892&b_num=11232,2021,유,미부착,,내부확인 필요,공공누리 2~4유형,,,,,,O,,업무상 촬영 사진 / 행사 참가자 초상권 포함,
,231,부안군립도서관,HOME > 도서관소개 > 작은도서관 > 하서 고인돌작은도서관 > 갤러리,갤러리, 21.06.12 (토) 책놀이,https://lib.buan.go.kr/main/contents.do?proc_type=view&a_num=24522892&b_num=11233,2021,유,미부착,,내부확인 필요,공공누리 2~4유형,,,,,,O,,업무상 촬영 사진 / 행사 참가자 초상권 포함,
,232,부안군립도서관,HOME > 도서관소개 > 작은도서관 > 하서 고인돌작은도서관 > 갤러리,갤러리, 21.06.15 (화) 인문학 원예 A반 ,https://lib.buan.go.kr/main/contents.do?proc_type=view&a_num=24522892&b_num=11236,2021,유,미부착,,내부확인 필요,공공누리 2~4유형,,,,,,O,,업무상 촬영 사진 / 행사 참가자 초상권 포함,
,233,부안군립도서관,HOME > 도서관소개 > 작은도서관 > 하서 고인돌작은도서관 > 갤러리,갤러리, 21.06.15 (화) 인문학 원예 B반 ,https://lib.buan.go.kr/main/contents.do?proc_type=view&a_num=24522892&b_num=11237,2021,유,미부착,,내부확인 필요,공공누리 2~4유형,,,,,,O,,업무상 촬영 사진 / 행사 참가자 초상권 포함,
,234,부안군립도서관,HOME > 도서관소개 > 작은도서관 > 하서 고인돌작은도서관 > 갤러리,갤러리, 21.06.18 (금) 인문학 원예 (C반) ,https://lib.buan.go.kr/main/contents.do?proc_type=view&a_num=24522892&b_num=11240,2021,유,미부착,,내부확인 필요,공공누리 2~4유형,,,,,,O,,업무상 촬영 사진 / 행사 참가자 초상권 포함,
,235,부안군립도서관,HOME > 도서관소개 > 작은도서관 > 하서 고인돌작은도서관 > 갤러리,갤러리, 21.06.18 (금) 인문학 원예 (D반) ,https://lib.buan.go.kr/main/contents.do?proc_type=view&a_num=24522892&b_num=11241,2021,유,미부착,,내부확인 필요,공공누리 2~4유형,,,,,,O,,업무상 촬영 사진 / 행사 참가자 초상권 포함,
,236,부안군립도서관,HOME > 도서관소개 > 작은도서관 > 하서 고인돌작은도서관 > 갤러리,갤러리, 21.06.22 (화) 인문학 원예 A반 ,https://lib.buan.go.kr/main/contents.do?proc_type=view&a_num=24522892&b_num=11242,2021,유,미부착,,내부확인 필요,공공누리 2~4유형,,,,,,O,,업무상 촬영 사진 / 행사 참가자 초상권 포함,
,237,부안군립도서관,HOME > 도서관소개 > 작은도서관 > 하서 고인돌작은도서관 > 갤러리,갤러리, 21.06.22 (화) 인문학 원예 B반 ,https://lib.buan.go.kr/main/contents.do?proc_type=view&a_num=24522892&b_num=11243,2021,유,미부착,,내부확인 필요,공공누리 2~4유형,,,,,,O,,업무상 촬영 사진 / 행사 참가자 초상권 포함,
,238,부안군립도서관,HOME > 도서관소개 > 작은도서관 > 하서 고인돌작은도서관 > 갤러리,갤러리, 21.06.19 (토)동화속 공예놀이,https://lib.buan.go.kr/main/contents.do?proc_type=view&a_num=24522892&b_num=11244,2021,유,미부착,,내부확인 필요,공공누리 2~4유형,,,,,,O,,업무상 촬영 사진 / 행사 참가자 초상권 포함,
,239,부안군립도서관,HOME > 도서관소개 > 작은도서관 > 하서 고인돌작은도서관 > 갤러리,갤러리, 21.06.19 (토)책놀이 ,https://lib.buan.go.kr/main/contents.do?proc_type=view&a_num=24522892&b_num=11245,2021,유,미부착,,내부확인 필요,공공누리 2~4유형,,,,,,O,,업무상 촬영 사진 / 행사 참가자 초상권 포함,
,240,부안군립도서관,HOME > 도서관소개 > 작은도서관 > 하서 고인돌작은도서관 > 갤러리,갤러리, 21.06.25 (금) 인문학 원예 C반 ,https://lib.buan.go.kr/main/contents.do?proc_type=view&a_num=24522892&b_num=11246,2021,유,미부착,,내부확인 필요,공공누리 2~4유형,,,,,,O,,업무상 촬영 사진 / 행사 참가자 초상권 포함,
,241,부안군립도서관,HOME > 도서관소개 > 작은도서관 > 하서 고인돌작은도서관 > 갤러리,갤러리, 21.06.25 (금) 인문학 원예 D반 ,https://lib.buan.go.kr/main/contents.do?proc_type=view&a_num=24522892&b_num=11247,2021,유,미부착,,내부확인 필요,공공누리 2~4유형,,,,,,O,,업무상 촬영 사진 / 행사 참가자 초상권 포함,
,242,부안군립도서관,HOME > 도서관소개 > 작은도서관 > 하서 고인돌작은도서관 > 갤러리,갤러리, 21.06.26 (토) 책놀이,https://lib.buan.go.kr/main/contents.do?proc_type=view&a_num=24522892&b_num=11248,2021,유,미부착,,내부확인 필요,공공누리 2~4유형,,,,,,O,,업무상 촬영 사진 / 행사 참가자 초상권 포함,
,243,부안군립도서관,HOME > 도서관소개 > 작은도서관 > 하서 고인돌작은도서관 > 갤러리,갤러리, 21.06.26 (토) 동화속 공예놀이 ,https://lib.buan.go.kr/main/contents.do?proc_type=view&a_num=24522892&b_num=11249,2021,유,미부착,,내부확인 필요,공공누리 2~4유형,,,,,,O,,업무상 촬영 사진 / 행사 참가자 초상권 포함,
,244,부안군립도서관,HOME > 도서관소개 > 작은도서관 > 하서 고인돌작은도서관 > 갤러리,갤러리, 21.10.02(토) 동화속 공예놀이,https://lib.buan.go.kr/main/contents.do?proc_type=view&a_num=24522892&b_num=11295,2021,유,미부착,,내부확인 필요,공공누리 2~4유형,,,,,,O,,업무상 촬영 사진 / 행사 참가자 초상권 포함,
,245,부안군립도서관,HOME > 도서관소개 > 작은도서관 > 하서 고인돌작은도서관 > 갤러리,갤러리, 21.10.02(토) 책놀이 ,https://lib.buan.go.kr/main/contents.do?proc_type=view&a_num=24522892&b_num=11296,2021,유,미부착,,내부확인 필요,공공누리 2~4유형,,,,,,O,,업무상 촬영 사진 / 행사 참가자 초상권 포함,
,246,부안군립도서관,HOME > 도서관소개 > 작은도서관 > 하서 고인돌작은도서관 > 갤러리,갤러리, 21. 10. 5(화) 인문학 공예 A반 ,https://lib.buan.go.kr/main/contents.do?proc_type=view&a_num=24522892&b_num=11298,2021,유,미부착,,내부확인 필요,공공누리 2~4유형,,,,,,O,,업무상 촬영 사진 / 행사 참가자 초상권 포함,
,247,부안군립도서관,HOME > 도서관소개 > 작은도서관 > 하서 고인돌작은도서관 > 갤러리,갤러리, 21.10.07 (목) 인문학 공예 B반 ,https://lib.buan.go.kr/main/contents.do?proc_type=view&a_num=24522892&b_num=11301,2021,유,미부착,,내부확인 필요,공공누리 2~4유형,,,,,,O,,업무상 촬영 사진 / 행사 참가자 초상권 포함,
,248,부안군립도서관,HOME > 도서관소개 > 작은도서관 > 하서 고인돌작은도서관 > 갤러리,갤러리, 21.10.07(목)인문학 공예 C반 ,https://lib.buan.go.kr/main/contents.do?proc_type=view&a_num=24522892&b_num=11302,2021,유,미부착,,내부확인 필요,공공누리 2~4유형,,,,,,O,,업무상 촬영 사진 / 행사 참가자 초상권 포함,
,249,부안군립도서관,HOME > 도서관소개 > 작은도서관 > 하서 고인돌작은도서관 > 갤러리,갤러리, 21.10.12 (화)인문학 공예 A반,https://lib.buan.go.kr/main/contents.do?proc_type=view&a_num=24522892&b_num=11305,2021,유,미부착,,내부확인 필요,공공누리 2~4유형,,,,,,O,,업무상 촬영 사진 / 행사 참가자 초상권 포함,
,250,부안군립도서관,HOME > 도서관소개 > 작은도서관 > 하서 고인돌작은도서관 > 갤러리,갤러리, 21.10.14(목) 인문학 공예 B반,https://lib.buan.go.kr/main/contents.do?proc_type=view&a_num=24522892&b_num=11306,2021,유,미부착,,내부확인 필요,공공누리 2~4유형,,,,,,O,,업무상 촬영 사진 / 행사 참가자 초상권 포함,
,251,부안군립도서관,HOME > 도서관소개 > 작은도서관 > 하서 고인돌작은도서관 > 갤러리,갤러리, 21.10.15(금) 인문학 공예 C반,https://lib.buan.go.kr/main/contents.do?proc_type=view&a_num=24522892&b_num=11307,2021,유,미부착,,내부확인 필요,공공누리 2~4유형,,,,,,O,,업무상 촬영 사진 / 행사 참가자 초상권 포함,
,252,부안군립도서관,HOME > 도서관소개 > 작은도서관 > 하서 고인돌작은도서관 > 갤러리,갤러리, 21.10.16 (토) 동화 속 공예놀이,https://lib.buan.go.kr/main/contents.do?proc_type=view&a_num=24522892&b_num=11308,2021,유,미부착,,내부확인 필요,공공누리 2~4유형,,,,,,O,,업무상 촬영 사진 / 행사 참가자 초상권 포함,
,253,부안군립도서관,HOME > 도서관소개 > 작은도서관 > 하서 고인돌작은도서관 > 갤러리,갤러리, 21.10.16(토)책놀이,https://lib.buan.go.kr/main/contents.do?proc_type=view&a_num=24522892&b_num=11309,2021,유,미부착,,내부확인 필요,공공누리 2~4유형,,,,,,O,,업무상 촬영 사진 / 행사 참가자 초상권 포함,
,254,부안군립도서관,HOME > 도서관소개 > 작은도서관 > 하서 고인돌작은도서관 > 갤러리,갤러리, 21.10.19(화) 인문학공예A반,https://lib.buan.go.kr/main/contents.do?proc_type=view&a_num=24522892&b_num=11310,2021,유,미부착,,내부확인 필요,공공누리 2~4유형,,,,,,O,,업무상 촬영 사진 / 행사 참가자 초상권 포함,
,255,부안군립도서관,HOME > 도서관소개 > 작은도서관 > 하서 고인돌작은도서관 > 갤러리,갤러리, 21.10.21(목) 인문학 공예 B반,https://lib.buan.go.kr/main/contents.do?proc_type=view&a_num=24522892&b_num=11311,2021,유,미부착,,내부확인 필요,공공누리 2~4유형,,,,,,O,,업무상 촬영 사진 / 행사 참가자 초상권 포함,
,256,부안군립도서관,HOME > 도서관소개 > 작은도서관 > 하서 고인돌작은도서관 > 갤러리,갤러리, 21.10.22(금) 인문학 공예 C반,https://lib.buan.go.kr/main/contents.do?proc_type=view&a_num=24522892&b_num=11312,2021,유,미부착,,내부확인 필요,공공누리 2~4유형,,,,,,O,,업무상 촬영 사진 / 행사 참가자 초상권 포함,
,257,부안군립도서관,HOME > 도서관소개 > 작은도서관 > 하서 고인돌작은도서관 > 갤러리,갤러리, 21.10.23(토)책놀이,https://lib.buan.go.kr/main/contents.do?proc_type=view&a_num=24522892&b_num=11313,2021,유,미부착,,내부확인 필요,공공누리 2~4유형,,,,,,O,,업무상 촬영 사진 / 행사 참가자 초상권 포함,
,258,부안군립도서관,HOME > 도서관소개 > 작은도서관 > 하서 고인돌작은도서관 > 갤러리,갤러리, 21.10.23 (토) 동화 속 공예놀이,https://lib.buan.go.kr/main/contents.do?proc_type=view&a_num=24522892&b_num=11314,2021,유,미부착,,내부확인 필요,공공누리 2~4유형,,,,,,O,,업무상 촬영 사진 / 행사 참가자 초상권 포함,
,259,부안군립도서관,HOME > 도서관소개 > 작은도서관 > 하서 고인돌작은도서관 > 갤러리,갤러리, 21.10.26(화) 인문학 공예 A반,https://lib.buan.go.kr/main/contents.do?proc_type=view&a_num=24522892&b_num=11315,2021,유,미부착,,내부확인 필요,공공누리 2~4유형,,,,,,O,,업무상 촬영 사진 / 행사 참가자 초상권 포함,
,260,부안군립도서관,HOME > 도서관소개 > 작은도서관 > 하서 고인돌작은도서관 > 갤러리,갤러리, 21.10.28 (목) 인문학 공예 B반 ,https://lib.buan.go.kr/main/contents.do?proc_type=view&a_num=24522892&b_num=11316,2021,유,미부착,,내부확인 필요,공공누리 2~4유형,,,,,,O,,업무상 촬영 사진 / 행사 참가자 초상권 포함,
,261,부안군립도서관,HOME > 도서관소개 > 작은도서관 > 하서 고인돌작은도서관 > 갤러리,갤러리, 21.10.29 (금) 인문학 원예 C반 ,https://lib.buan.go.kr/main/contents.do?proc_type=view&a_num=24522892&b_num=11321,2021,유,미부착,,내부확인 필요,공공누리 2~4유형,,,,,,O,,업무상 촬영 사진 / 행사 참가자 초상권 포함,
,262,부안군립도서관,HOME > 도서관소개 > 작은도서관 > 하서 고인돌작은도서관 > 갤러리,갤러리, 21.10.30(토)동화 속 공예놀이,https://lib.buan.go.kr/main/contents.do?proc_type=view&a_num=24522892&b_num=11322,2021,유,미부착,,내부확인 필요,공공누리 2~4유형,,,,,,O,,업무상 촬영 사진 / 행사 참가자 초상권 포함,
,263,부안군립도서관,HOME > 도서관소개 > 작은도서관 > 하서 고인돌작은도서관 > 갤러리,갤러리, 21.10.30 (토)책놀이 ,https://lib.buan.go.kr/main/contents.do?proc_type=view&a_num=24522892&b_num=11323,2021,유,미부착,,내부확인 필요,공공누리 2~4유형,,,,,,O,,업무상 촬영 사진 / 행사 참가자 초상권 포함,
,264,부안군립도서관,HOME > 도서관소개 > 작은도서관 > 하서 고인돌작은도서관 > 갤러리,갤러리, 21. 11. 2 (화) 인문학 공예 A반,https://lib.buan.go.kr/main/contents.do?proc_type=view&a_num=24522892&b_num=11325,2021,유,미부착,,내부확인 필요,공공누리 2~4유형,,,,,,O,,업무상 촬영 사진 / 행사 참가자 초상권 포함,
,265,부안군립도서관,HOME > 도서관소개 > 작은도서관 > 하서 고인돌작은도서관 > 갤러리,갤러리, 21. 11. 4 (목) 인문학 공예 B반,https://lib.buan.go.kr/main/contents.do?proc_type=view&a_num=24522892&b_num=11330,2021,유,미부착,,내부확인 필요,공공누리 2~4유형,,,,,,O,,업무상 촬영 사진 / 행사 참가자 초상권 포함,
,266,부안군립도서관,HOME > 도서관소개 > 작은도서관 > 하서 고인돌작은도서관 > 갤러리,갤러리, 21. 11. 5(금) 인문학 공예 C반 ,https://lib.buan.go.kr/main/contents.do?proc_type=view&a_num=24522892&b_num=11331,2021,유,미부착,,내부확인 필요,공공누리 2~4유형,,,,,,O,,업무상 촬영 사진 / 행사 참가자 초상권 포함,
,267,부안군립도서관,HOME > 도서관소개 > 작은도서관 > 하서 고인돌작은도서관 > 갤러리,갤러리, 2021.11.06 (토)동화 속 공예놀이 ,https://lib.buan.go.kr/main/contents.do?proc_type=view&a_num=24522892&b_num=11333,2021,유,미부착,,내부확인 필요,공공누리 2~4유형,,,,,,O,,업무상 촬영 사진 / 행사 참가자 초상권 포함,
,268,부안군립도서관,HOME > 도서관소개 > 작은도서관 > 하서 고인돌작은도서관 > 갤러리,갤러리, 2021.11.06(토)책놀이,https://lib.buan.go.kr/main/contents.do?proc_type=view&a_num=24522892&b_num=11334,2021,유,미부착,,내부확인 필요,공공누리 2~4유형,,,,,,O,,업무상 촬영 사진 / 행사 참가자 초상권 포함,
,269,부안군립도서관,HOME > 도서관소개 > 작은도서관 > 하서 고인돌작은도서관 > 갤러리,갤러리, 21.11.20 (토)동화 속 공예놀이 ,https://lib.buan.go.kr/main/contents.do?proc_type=view&a_num=24522892&b_num=11350,2021,유,미부착,,내부확인 필요,공공누리 2~4유형,,,,,,O,,업무상 촬영 사진 / 행사 참가자 초상권 포함,
,270,부안군립도서관,HOME > 도서관소개 > 작은도서관 > 하서 고인돌작은도서관 > 갤러리,갤러리, 21.11.20 (토)책놀이 ,https://lib.buan.go.kr/main/contents.do?proc_type=view&a_num=24522892&b_num=11351,2021,유,미부착,,내부확인 필요,공공누리 2~4유형,,,,,,O,,업무상 촬영 사진 / 행사 참가자 초상권 포함,
,271,부안군립도서관,HOME > 도서관소개 > 작은도서관 > 하서 고인돌작은도서관 > 갤러리,갤러리, 21.11.27(토)동화 속 공예놀이,https://lib.buan.go.kr/main/contents.do?proc_type=view&a_num=24522892&b_num=11361,2021,유,미부착,,내부확인 필요,공공누리 2~4유형,,,,,,O,,업무상 촬영 사진 / 행사 참가자 초상권 포함,
,272,부안군립도서관,HOME > 도서관소개 > 작은도서관 > 하서 고인돌작은도서관 > 갤러리,갤러리, 21.11.27 (토) 책놀이,https://lib.buan.go.kr/main/contents.do?proc_type=view&a_num=24522892&b_num=11362,2021,유,미부착,,내부확인 필요,공공누리 2~4유형,,,,,,O,,업무상 촬영 사진 / 행사 참가자 초상권 포함,
,273,부안군립도서관,HOME > 도서관소개 > 작은도서관 > 하서 고인돌작은도서관 > 갤러리,갤러리, 21.12.4(토) 동화 속 공예놀이,https://lib.buan.go.kr/main/contents.do?proc_type=view&a_num=24522892&b_num=11364,2021,유,미부착,,내부확인 필요,공공누리 2~4유형,,,,,,O,,업무상 촬영 사진 / 행사 참가자 초상권 포함,
,274,부안군립도서관,HOME > 도서관소개 > 작은도서관 > 하서 고인돌작은도서관 > 갤러리,갤러리, 21.12.4(토) 책놀이,https://lib.buan.go.kr/main/contents.do?proc_type=view&a_num=24522892&b_num=11365,2021,유,미부착,,내부확인 필요,공공누리 2~4유형,,,,,,O,,업무상 촬영 사진 / 행사 참가자 초상권 포함,
,275,부안군립도서관,HOME > 도서관소개 > 작은도서관 > 하서 고인돌작은도서관 > 갤러리,갤러리, 23년도인문학공예 (1회),https://lib.buan.go.kr/main/contents.do?proc_type=view&a_num=24522892&b_num=11788,2023,유,미부착,,내부확인 필요,공공누리 2~4유형,,,,,,O,,업무상 촬영 사진 / 행사 참가자 초상권 포함,
,276,부안군립도서관,HOME > 도서관소개 > 작은도서관 > 하서 고인돌작은도서관 > 갤러리,갤러리, 23년도 인문학공예(2회),https://lib.buan.go.kr/main/contents.do?proc_type=view&a_num=24522892&b_num=11789,2023,유,미부착,,내부확인 필요,공공누리 2~4유형,,,,,,O,,업무상 촬영 사진 / 행사 참가자 초상권 포함,
,277,부안군립도서관,HOME > 도서관소개 > 작은도서관 > 하서 고인돌작은도서관 > 갤러리,갤러리, 23년도인문학공예 (3회),https://lib.buan.go.kr/main/contents.do?proc_type=view&a_num=24522892&b_num=11790,2023,유,미부착,,내부확인 필요,공공누리 2~4유형,,,,,,O,,업무상 촬영 사진 / 행사 참가자 초상권 포함,
,278,부안군립도서관,HOME > 도서관소개 > 작은도서관 > 하서 고인돌작은도서관 > 갤러리,갤러리, 23년도 인문학공예(4회),https://lib.buan.go.kr/main/contents.do?proc_type=view&a_num=24522892&b_num=11791,2023,유,미부착,,내부확인 필요,공공누리 2~4유형,,,,,,O,,업무상 촬영 사진 / 행사 참가자 초상권 포함,
,279,부안군립도서관,HOME > 도서관소개 > 작은도서관 > 하서 고인돌작은도서관 > 갤러리,갤러리, 2023년인문학공예 (5회),https://lib.buan.go.kr/main/contents.do?proc_type=view&a_num=24522892&b_num=11793,2023,유,미부착,,내부확인 필요,공공누리 2~4유형,,,,,,O,,업무상 촬영 사진 / 행사 참가자 초상권 포함,
,280,부안군립도서관,HOME > 도서관소개 > 작은도서관 > 하서 고인돌작은도서관 > 갤러리,갤러리, 2023년인문학공예 (6회),https://lib.buan.go.kr/main/contents.do?proc_type=view&a_num=24522892&b_num=11794,2023,유,미부착,,내부확인 필요,공공누리 2~4유형,,,,,,O,,업무상 촬영 사진 / 행사 참가자 초상권 포함,
,281,부안군립도서관,HOME > 도서관소개 > 작은도서관 > 하서 고인돌작은도서관 > 갤러리,갤러리, 2023년인문학공예 (7회),https://lib.buan.go.kr/main/contents.do?proc_type=view&a_num=24522892&b_num=11795,2023,유,미부착,,내부확인 필요,공공누리 2~4유형,,,,,,O,,업무상 촬영 사진 / 행사 참가자 초상권 포함,
,282,부안군립도서관,HOME > 도서관소개 > 작은도서관 > 하서 고인돌작은도서관 > 갤러리,갤러리, 2023년인문학공예 (8회),https://lib.buan.go.kr/main/contents.do?proc_type=view&a_num=24522892&b_num=11796,2023,유,미부착,,내부확인 필요,공공누리 2~4유형,,,,,,O,,업무상 촬영 사진 / 행사 참가자 초상권 포함,
,283,부안군립도서관,HOME > 도서관소개 > 작은도서관 > 하서 고인돌작은도서관 > 갤러리,갤러리, 2023년인문학공예 (9회),https://lib.buan.go.kr/main/contents.do?proc_type=view&a_num=24522892&b_num=11797,2023,유,미부착,,내부확인 필요,공공누리 2~4유형,,,,,,O,,업무상 촬영 사진 / 행사 참가자 초상권 포함,
,284,부안군립도서관,HOME > 도서관소개 > 작은도서관 > 하서 고인돌작은도서관 > 갤러리,갤러리, 2023년인문학공예 (10회) ,https://lib.buan.go.kr/main/contents.do?proc_type=view&a_num=24522892&b_num=11798,2023,유,미부착,,내부확인 필요,공공누리 2~4유형,,,,,,O,,업무상 촬영 사진 / 행사 참가자 초상권 포함,
,285,부안군립도서관,HOME > 도서관소개 > 작은도서관 > 하서 고인돌작은도서관 > 갤러리,갤러리, 23년 창작 미술 (3월 첫째주) ,https://lib.buan.go.kr/main/contents.do?proc_type=view&a_num=24522892&b_num=11799,2023,유,미부착,,내부확인 필요,공공누리 2~4유형,,,,,,O,,업무상 촬영 사진 / 행사 참가자 초상권 포함,
,286,부안군립도서관,HOME > 도서관소개 > 작은도서관 > 하서 고인돌작은도서관 > 갤러리,갤러리, 23년 책놀이 (3월 첫째 주) ,https://lib.buan.go.kr/main/contents.do?proc_type=view&a_num=24522892&b_num=11800,2023,유,미부착,,내부확인 필요,공공누리 2~4유형,,,,,,O,,업무상 촬영 사진 / 행사 참가자 초상권 포함,
,287,부안군립도서관,HOME > 도서관소개 > 작은도서관 > 하서 고인돌작은도서관 > 갤러리,갤러리, 23년 창의과학(3월 둘째 주),https://lib.buan.go.kr/main/contents.do?proc_type=view&a_num=24522892&b_num=11801,2023,유,미부착,,내부확인 필요,공공누리 2~4유형,,,,,,O,,업무상 촬영 사진 / 행사 참가자 초상권 포함,
,288,부안군립도서관,HOME > 도서관소개 > 작은도서관 > 하서 고인돌작은도서관 > 갤러리,갤러리, 23년 독서놀이 (3월 둘째 주) ,https://lib.buan.go.kr/main/contents.do?proc_type=view&a_num=24522892&b_num=11802,2023,유,미부착,,내부확인 필요,공공누리 2~4유형,,,,,,O,,업무상 촬영 사진 / 행사 참가자 초상권 포함,
,289,부안군립도서관,HOME > 도서관소개 > 작은도서관 > 하서 고인돌작은도서관 > 갤러리,갤러리, 23년 창작 미술 (3월 셋째주) ,https://lib.buan.go.kr/main/contents.do?proc_type=view&a_num=24522892&b_num=11803,2023,유,미부착,,내부확인 필요,공공누리 2~4유형,,,,,,O,,업무상 촬영 사진 / 행사 참가자 초상권 포함,
,290,부안군립도서관,HOME > 도서관소개 > 작은도서관 > 하서 고인돌작은도서관 > 갤러리,갤러리, 23년 책놀이 (3월 셋째 주) ,https://lib.buan.go.kr/main/contents.do?proc_type=view&a_num=24522892&b_num=11804,2023,유,미부착,,내부확인 필요,공공누리 2~4유형,,,,,,O,,업무상 촬영 사진 / 행사 참가자 초상권 포함,
,291,부안군립도서관,HOME > 도서관소개 > 작은도서관 > 하서 고인돌작은도서관 > 갤러리,갤러리, 23년 창의과학(3월 넷째 주),https://lib.buan.go.kr/main/contents.do?proc_type=view&a_num=24522892&b_num=11805,2023,유,미부착,,내부확인 필요,공공누리 2~4유형,,,,,,O,,업무상 촬영 사진 / 행사 참가자 초상권 포함,
,292,부안군립도서관,HOME > 도서관소개 > 작은도서관 > 하서 고인돌작은도서관 > 갤러리,갤러리, 23년 독서놀이 (3월 넷째 주) ,https://lib.buan.go.kr/main/contents.do?proc_type=view&a_num=24522892&b_num=11806,2023,유,미부착,,내부확인 필요,공공누리 2~4유형,,,,,,O,,업무상 촬영 사진 / 행사 참가자 초상권 포함,
,293,부안군립도서관,HOME > 도서관소개 > 작은도서관 > 하서 고인돌작은도서관 > 갤러리,갤러리, 23년 창작 미술 (4월 첫째주) ,https://lib.buan.go.kr/main/contents.do?proc_type=view&a_num=24522892&b_num=11807,2023,유,미부착,,내부확인 필요,공공누리 2~4유형,,,,,,O,,업무상 촬영 사진 / 행사 참가자 초상권 포함,
,294,부안군립도서관,HOME > 도서관소개 > 작은도서관 > 하서 고인돌작은도서관 > 갤러리,갤러리, 23년 책놀이 (4월 첫째 주) ,https://lib.buan.go.kr/main/contents.do?proc_type=view&a_num=24522892&b_num=11808,2023,유,미부착,,내부확인 필요,공공누리 2~4유형,,,,,,O,,업무상 촬영 사진 / 행사 참가자 초상권 포함,
,295,부안군립도서관,HOME > 도서관소개 > 작은도서관 > 하서 고인돌작은도서관 > 갤러리,갤러리, 23년창의 과학(4월 둘째 주),https://lib.buan.go.kr/main/contents.do?proc_type=view&a_num=24522892&b_num=11809,2023,유,미부착,,내부확인 필요,공공누리 2~4유형,,,,,,O,,업무상 촬영 사진 / 행사 참가자 초상권 포함,
,296,부안군립도서관,HOME > 도서관소개 > 작은도서관 > 하서 고인돌작은도서관 > 갤러리,갤러리, 23년 독서 놀이 (4월 둘째 주),https://lib.buan.go.kr/main/contents.do?proc_type=view&a_num=24522892&b_num=11810,2023,유,미부착,,내부확인 필요,공공누리 2~4유형,,,,,,O,,업무상 촬영 사진 / 행사 참가자 초상권 포함,
,297,부안군립도서관,HOME > 도서관소개 > 작은도서관 > 하서 고인돌작은도서관 > 갤러리,갤러리, 23년 창작 미술 (4월 셋째주) ,https://lib.buan.go.kr/main/contents.do?proc_type=view&a_num=24522892&b_num=11812,2023,유,미부착,,내부확인 필요,공공누리 2~4유형,,,,,,O,,업무상 촬영 사진 / 행사 참가자 초상권 포함,
,298,부안군립도서관,HOME > 도서관소개 > 작은도서관 > 하서 고인돌작은도서관 > 갤러리,갤러리, 23년 책놀이 (4월 셋째 주) ,https://lib.buan.go.kr/main/contents.do?proc_type=view&a_num=24522892&b_num=11813,2023,유,미부착,,내부확인 필요,공공누리 2~4유형,,,,,,O,,업무상 촬영 사진 / 행사 참가자 초상권 포함,
,299,부안군립도서관,HOME > 도서관소개 > 작은도서관 > 하서 고인돌작은도서관 > 갤러리,갤러리, 23년 창의과학(4월 넷째 주),https://lib.buan.go.kr/main/contents.do?proc_type=view&a_num=24522892&b_num=11815,2023,유,미부착,,내부확인 필요,공공누리 2~4유형,,,,,,O,,업무상 촬영 사진 / 행사 참가자 초상권 포함,
,300,부안군립도서관,HOME > 도서관소개 > 작은도서관 > 하서 고인돌작은도서관 > 갤러리,갤러리, 23년 독서놀이 (4월 넷째 주) ,https://lib.buan.go.kr/main/contents.do?proc_type=view&a_num=24522892&b_num=11816,2023,유,미부착,,내부확인 필요,공공누리 2~4유형,,,,,,O,,업무상 촬영 사진 / 행사 참가자 초상권 포함,
,301,부안군립도서관,HOME > 도서관소개 > 작은도서관 > 하서 고인돌작은도서관 > 갤러리,갤러리, 23년 창작 미술(4월 다섯째 주) ,https://lib.buan.go.kr/main/contents.do?proc_type=view&a_num=24522892&b_num=11818,2023,유,미부착,,내부확인 필요,공공누리 2~4유형,,,,,,O,,업무상 촬영 사진 / 행사 참가자 초상권 포함,
,302,부안군립도서관,HOME > 도서관소개 > 작은도서관 > 하서 고인돌작은도서관 > 갤러리,갤러리, 23년 책놀이(4월 다섯째 주),https://lib.buan.go.kr/main/contents.do?proc_type=view&a_num=24522892&b_num=11819,2023,유,미부착,,내부확인 필요,공공누리 2~4유형,,,,,,O,,업무상 촬영 사진 / 행사 참가자 초상권 포함,
,303,부안군립도서관,HOME > 도서관소개 > 작은도서관 > 하서 고인돌작은도서관 > 갤러리,갤러리, 2023년 5월 둘째 주 창의과학 ,https://lib.buan.go.kr/main/contents.do?proc_type=view&a_num=24522892&b_num=11830,2023,유,미부착,,내부확인 필요,공공누리 2~4유형,,,,,,O,,업무상 촬영 사진 / 행사 참가자 초상권 포함,
,304,부안군립도서관,HOME > 도서관소개 > 작은도서관 > 하서 고인돌작은도서관 > 갤러리,갤러리, 2023년 5월 둘째 주 독서놀이 ,https://lib.buan.go.kr/main/contents.do?proc_type=view&a_num=24522892&b_num=11831,2023,유,미부착,,내부확인 필요,공공누리 2~4유형,,,,,,O,,업무상 촬영 사진 / 행사 참가자 초상권 포함,
,305,부안군립도서관,HOME > 도서관소개 > 작은도서관 > 하서 고인돌작은도서관 > 갤러리,갤러리, 2023년 5월 셋째 주창작 미술 ,https://lib.buan.go.kr/main/contents.do?proc_type=view&a_num=24522892&b_num=11832,2023,유,미부착,,내부확인 필요,공공누리 2~4유형,,,,,,O,,업무상 촬영 사진 / 행사 참가자 초상권 포함,
,306,부안군립도서관,HOME > 도서관소개 > 작은도서관 > 하서 고인돌작은도서관 > 갤러리,갤러리, 2023년 5월 셋째 주 책놀이 ,https://lib.buan.go.kr/main/contents.do?proc_type=view&a_num=24522892&b_num=11833,2023,유,미부착,,내부확인 필요,공공누리 2~4유형,,,,,,O,,업무상 촬영 사진 / 행사 참가자 초상권 포함,
,307,부안군립도서관,HOME > 도서관소개 > 작은도서관 > 하서 고인돌작은도서관 > 갤러리,갤러리, 2023년6월 첫째 주 창의과학,https://lib.buan.go.kr/main/contents.do?proc_type=view&a_num=24522892&b_num=11843,2023,유,미부착,,내부확인 필요,공공누리 2~4유형,,,,,,O,,업무상 촬영 사진 / 행사 참가자 초상권 포함,
,308,부안군립도서관,HOME > 도서관소개 > 작은도서관 > 하서 고인돌작은도서관 > 갤러리,갤러리, 2023년6월 첫째 주 독서 놀이 ,https://lib.buan.go.kr/main/contents.do?proc_type=view&a_num=24522892&b_num=11844,2023,유,미부착,,내부확인 필요,공공누리 2~4유형,,,,,,O,,업무상 촬영 사진 / 행사 참가자 초상권 포함,
,309,부안군립도서관,HOME > 도서관소개 > 작은도서관 > 하서 고인돌작은도서관 > 갤러리,갤러리, 2023년6월 셋째 주창작미술 ,https://lib.buan.go.kr/main/contents.do?proc_type=view&a_num=24522892&b_num=11848,2023,유,미부착,,내부확인 필요,공공누리 2~4유형,,,,,,O,,업무상 촬영 사진 / 행사 참가자 초상권 포함,
,310,부안군립도서관,HOME > 도서관소개 > 작은도서관 > 하서 고인돌작은도서관 > 갤러리,갤러리, 2023년6월 셋째 주책놀이 ,https://lib.buan.go.kr/main/contents.do?proc_type=view&a_num=24522892&b_num=11849,2023,유,미부착,,내부확인 필요,공공누리 2~4유형,,,,,,O,,업무상 촬영 사진 / 행사 참가자 초상권 포함,
,311,부안군립도서관,HOME > 도서관소개 > 작은도서관 > 하서 고인돌작은도서관 > 갤러리,갤러리, 2023년 창의과학(6월 넷째 주),https://lib.buan.go.kr/main/contents.do?proc_type=view&a_num=24522892&b_num=11859,2023,유,미부착,,내부확인 필요,공공누리 2~4유형,,,,,,O,,업무상 촬영 사진 / 행사 참가자 초상권 포함,
,312,부안군립도서관,HOME > 도서관소개 > 작은도서관 > 하서 고인돌작은도서관 > 갤러리,갤러리, 2023년 독서놀이( 6월 넷째 주) ,https://lib.buan.go.kr/main/contents.do?proc_type=view&a_num=24522892&b_num=11860,2023,유,미부착,,내부확인 필요,공공누리 2~4유형,,,,,,O,,업무상 촬영 사진 / 행사 참가자 초상권 포함,
,313,부안군립도서관,HOME > 도서관소개 > 작은도서관 > 하서 고인돌작은도서관 > 갤러리,갤러리, 2023년 9월머신퀼트 1주차,https://lib.buan.go.kr/main/contents.do?proc_type=view&a_num=24522892&b_num=11915,2023,유,미부착,,내부확인 필요,공공누리 2~4유형,,,,,,O,,업무상 촬영 사진 / 행사 참가자 초상권 포함,
,314,부안군립도서관,HOME > 도서관소개 > 작은도서관 > 하서 고인돌작은도서관 > 갤러리,갤러리, 2023년아동 프로그램1회,https://lib.buan.go.kr/main/contents.do?proc_type=view&a_num=24522892&b_num=11916,2023,유,미부착,,내부확인 필요,공공누리 2~4유형,,,,,,O,,업무상 촬영 사진 / 행사 참가자 초상권 포함,
,315,부안군립도서관,HOME > 도서관소개 > 작은도서관 > 하서 고인돌작은도서관 > 갤러리,갤러리, 23년 머신퀼트 2주차 ,https://lib.buan.go.kr/main/contents.do?proc_type=view&a_num=24522892&b_num=11953,2023,유,미부착,,내부확인 필요,공공누리 2~4유형,,,,,,O,,업무상 촬영 사진 / 행사 참가자 초상권 포함,
,316,부안군립도서관,HOME > 도서관소개 > 작은도서관 > 하서 고인돌작은도서관 > 갤러리,갤러리, 23년 아동 프로그램 2회,https://lib.buan.go.kr/main/contents.do?proc_type=view&a_num=24522892&b_num=11954,2023,유,미부착,,내부확인 필요,공공누리 2~4유형,,,,,,O,,업무상 촬영 사진 / 행사 참가자 초상권 포함,
,317,부안군립도서관,HOME > 도서관소개 > 작은도서관 > 하서 고인돌작은도서관 > 갤러리,갤러리, 2023년머신퀼트 3주차,https://lib.buan.go.kr/main/contents.do?proc_type=view&a_num=24522892&b_num=11955,2023,유,미부착,,내부확인 필요,공공누리 2~4유형,,,,,,O,,업무상 촬영 사진 / 행사 참가자 초상권 포함,
,318,부안군립도서관,HOME > 도서관소개 > 작은도서관 > 하서 고인돌작은도서관 > 갤러리,갤러리, 2023년아동 프로그램3회,https://lib.buan.go.kr/main/contents.do?proc_type=view&a_num=24522892&b_num=11956,2023,유,미부착,,내부확인 필요,공공누리 2~4유형,,,,,,O,,업무상 촬영 사진 / 행사 참가자 초상권 포함,
,319,부안군립도서관,HOME > 도서관소개 > 작은도서관 > 하서 고인돌작은도서관 > 갤러리,갤러리, 23년 머신퀼트 4주차 ,https://lib.buan.go.kr/main/contents.do?proc_type=view&a_num=24522892&b_num=11957,2023,유,미부착,,내부확인 필요,공공누리 2~4유형,,,,,,O,,업무상 촬영 사진 / 행사 참가자 초상권 포함,
,320,부안군립도서관,HOME > 도서관소개 > 작은도서관 > 하서 고인돌작은도서관 > 갤러리,갤러리, 2023년아동 프로그램4회,https://lib.buan.go.kr/main/contents.do?proc_type=view&a_num=24522892&b_num=11958,2023,유,미부착,,내부확인 필요,공공누리 2~4유형,,,,,,O,,업무상 촬영 사진 / 행사 참가자 초상권 포함,
,321,부안군립도서관,HOME > 도서관소개 > 작은도서관 > 하서 고인돌작은도서관 > 갤러리,갤러리, 2023년머신퀼트 5주차,https://lib.buan.go.kr/main/contents.do?proc_type=view&a_num=24522892&b_num=11959,2023,유,미부착,,내부확인 필요,공공누리 2~4유형,,,,,,O,,업무상 촬영 사진 / 행사 참가자 초상권 포함,
,322,부안군립도서관,HOME > 도서관소개 > 작은도서관 > 하서 고인돌작은도서관 > 갤러리,갤러리, 2023년아동 프로그램5회,https://lib.buan.go.kr/main/contents.do?proc_type=view&a_num=24522892&b_num=11960,2023,유,미부착,,내부확인 필요,공공누리 2~4유형,,,,,,O,,업무상 촬영 사진 / 행사 참가자 초상권 포함,
,323,부안군립도서관,HOME > 도서관소개 > 작은도서관 > 하서 고인돌작은도서관 > 갤러리,갤러리, 2023년머신퀼트 6주차,https://lib.buan.go.kr/main/contents.do?proc_type=view&a_num=24522892&b_num=11961,2023,유,미부착,,내부확인 필요,공공누리 2~4유형,,,,,,O,,업무상 촬영 사진 / 행사 참가자 초상권 포함,
,324,부안군립도서관,HOME > 도서관소개 > 작은도서관 > 하서 고인돌작은도서관 > 갤러리,갤러리, 2023년아동 프로그램6회,https://lib.buan.go.kr/main/contents.do?proc_type=view&a_num=24522892&b_num=11962,2023,유,미부착,,내부확인 필요,공공누리 2~4유형,,,,,,O,,업무상 촬영 사진 / 행사 참가자 초상권 포함,
,325,부안군립도서관,HOME > 도서관소개 > 작은도서관 > 하서 고인돌작은도서관 > 갤러리,갤러리, 2023년머신퀼트 7주차,https://lib.buan.go.kr/main/contents.do?proc_type=view&a_num=24522892&b_num=11963,2023,유,미부착,,내부확인 필요,공공누리 2~4유형,,,,,,O,,업무상 촬영 사진 / 행사 참가자 초상권 포함,
,326,부안군립도서관,HOME > 도서관소개 > 작은도서관 > 하서 고인돌작은도서관 > 갤러리,갤러리, 2023년아동 프로그램7회,https://lib.buan.go.kr/main/contents.do?proc_type=view&a_num=24522892&b_num=11964,2023,유,미부착,,내부확인 필요,공공누리 2~4유형,,,,,,O,,업무상 촬영 사진 / 행사 참가자 초상권 포함,
,327,부안군립도서관,HOME > 도서관소개 > 작은도서관 > 상서 개암 작은도서관 > 갤러리,갤러리, 개암 작은도서관 ,https://lib.buan.go.kr/main/contents.do?proc_type=view&a_num=43813275&b_num=11142,2021,유,미부착,,개방 가능,공공누리 1유형,,,O,,,,,저작물성 없음,
,328,부안군립도서관,HOME > 도서관소개 > 작은도서관 > 상서 개암 작은도서관 > 갤러리,갤러리, 개암 작은도서관2,https://lib.buan.go.kr/main/contents.do?proc_type=view&a_num=43813275&b_num=11143,2021,유,미부착,,개방 가능,공공누리 1유형,,,O,,,,,저작물성 없음,
,329,부안군립도서관,HOME > 도서관소개 > 작은도서관 > 상서 개암 작은도서관 > 갤러리,갤러리, 4월 문화프로그램 (책놀이수업) ,https://lib.buan.go.kr/main/contents.do?proc_type=view&a_num=43813275&b_num=11189,2021,유,미부착,,내부확인 필요,공공누리 2~4유형,,,,,,O,,업무상 촬영 사진 / 행사 참가자 초상권 포함,
,330,부안군립도서관,HOME > 도서관소개 > 작은도서관 > 상서 개암 작은도서관 > 갤러리,갤러리, 4월문화프로그램(창작미술) ,https://lib.buan.go.kr/main/contents.do?proc_type=view&a_num=43813275&b_num=11190,2021,유,미부착,,내부확인 필요,공공누리 2~4유형,,,,,,O,,업무상 촬영 사진 / 행사 참가자 초상권 포함,
,331,부안군립도서관,HOME > 도서관소개 > 작은도서관 > 상서 개암 작은도서관 > 갤러리,갤러리, 4월 문화프로그램(창의과학),https://lib.buan.go.kr/main/contents.do?proc_type=view&a_num=43813275&b_num=11191,2021,유,미부착,,내부확인 필요,공공누리 2~4유형,,,,,,O,,업무상 촬영 사진 / 행사 참가자 초상권 포함,
,332,부안군립도서관,HOME > 도서관소개 > 작은도서관 > 상서 개암 작은도서관 > 갤러리,갤러리, 4월 문화프로그램(책속의 공예) ,https://lib.buan.go.kr/main/contents.do?proc_type=view&a_num=43813275&b_num=11192,2021,유,미부착,,내부확인 필요,공공누리 2~4유형,,,,,,O,,업무상 촬영 사진 / 행사 참가자 초상권 포함,
,333,부안군립도서관,HOME > 도서관소개 > 작은도서관 > 상서 개암 작은도서관 > 갤러리,갤러리, 4월 문화프로그램(보드게임),https://lib.buan.go.kr/main/contents.do?proc_type=view&a_num=43813275&b_num=11193,2021,유,미부착,,내부확인 필요,공공누리 2~4유형,,,,,,O,,업무상 촬영 사진 / 행사 참가자 초상권 포함,
,334,부안군립도서관,HOME > 도서관소개 > 작은도서관 > 상서 개암 작은도서관 > 갤러리,갤러리, 5월15일 책놀이수업,https://lib.buan.go.kr/main/contents.do?proc_type=view&a_num=43813275&b_num=11202,2021,유,미부착,,내부확인 필요,공공누리 2~4유형,,,,,,O,,업무상 촬영 사진 / 행사 참가자 초상권 포함,
,335,부안군립도서관,HOME > 도서관소개 > 작은도서관 > 상서 개암 작은도서관 > 갤러리,갤러리, 5월15일 책속의 공예 수업,https://lib.buan.go.kr/main/contents.do?proc_type=view&a_num=43813275&b_num=11203,2021,유,미부착,,내부확인 필요,공공누리 2~4유형,,,,,,O,,업무상 촬영 사진 / 행사 참가자 초상권 포함,
,336,부안군립도서관,HOME > 도서관소개 > 작은도서관 > 상서 개암 작은도서관 > 갤러리,갤러리, 5월22일보드게임 ,https://lib.buan.go.kr/main/contents.do?proc_type=view&a_num=43813275&b_num=11211,2021,유,미부착,,내부확인 필요,공공누리 2~4유형,,,,,,O,,업무상 촬영 사진 / 행사 참가자 초상권 포함,
,337,부안군립도서관,HOME > 도서관소개 > 작은도서관 > 상서 개암 작은도서관 > 갤러리,갤러리, 5월 29일 창의과학 ,https://lib.buan.go.kr/main/contents.do?proc_type=view&a_num=43813275&b_num=11216,2021,유,미부착,,내부확인 필요,공공누리 2~4유형,,,,,,O,,업무상 촬영 사진 / 행사 참가자 초상권 포함,
,338,부안군립도서관,HOME > 도서관소개 > 작은도서관 > 상서 개암 작은도서관 > 갤러리,갤러리, 5월 29일 창작미술 ,https://lib.buan.go.kr/main/contents.do?proc_type=view&a_num=43813275&b_num=11217,2021,유,미부착,,내부확인 필요,공공누리 2~4유형,,,,,,O,,업무상 촬영 사진 / 행사 참가자 초상권 포함,
,339,부안군립도서관,HOME > 도서관소개 > 작은도서관 > 상서 개암 작은도서관 > 갤러리,갤러리, 6월12일 책놀이,https://lib.buan.go.kr/main/contents.do?proc_type=view&a_num=43813275&b_num=11234,2021,유,미부착,,내부확인 필요,공공누리 2~4유형,,,,,,O,,업무상 촬영 사진 / 행사 참가자 초상권 포함,
,340,부안군립도서관,HOME > 도서관소개 > 작은도서관 > 상서 개암 작은도서관 > 갤러리,갤러리, 6월12일창의과학 ,https://lib.buan.go.kr/main/contents.do?proc_type=view&a_num=43813275&b_num=11235,2021,유,미부착,,내부확인 필요,공공누리 2~4유형,,,,,,O,,업무상 촬영 사진 / 행사 참가자 초상권 포함,
,341,부안군립도서관,HOME > 도서관소개 > 작은도서관 > 상서 개암 작은도서관 > 갤러리,갤러리, 6월 19일 책속의공예 ,https://lib.buan.go.kr/main/contents.do?proc_type=view&a_num=43813275&b_num=11238,2021,유,미부착,,내부확인 필요,공공누리 2~4유형,,,,,,O,,업무상 촬영 사진 / 행사 참가자 초상권 포함,
,342,부안군립도서관,HOME > 도서관소개 > 작은도서관 > 상서 개암 작은도서관 > 갤러리,갤러리, 6월19일 창작미술,https://lib.buan.go.kr/main/contents.do?proc_type=view&a_num=43813275&b_num=11239,2021,유,미부착,,내부확인 필요,공공누리 2~4유형,,,,,,O,,업무상 촬영 사진 / 행사 참가자 초상권 포함,
,343,부안군립도서관,HOME > 도서관소개 > 작은도서관 > 상서 개암 작은도서관 > 갤러리,갤러리, 6월26일보드게임 ,https://lib.buan.go.kr/main/contents.do?proc_type=view&a_num=43813275&b_num=11250,2021,유,미부착,,내부확인 필요,공공누리 2~4유형,,,,,,O,,업무상 촬영 사진 / 행사 참가자 초상권 포함,
,344,부안군립도서관,HOME > 도서관소개 > 작은도서관 > 상서 개암 작은도서관 > 갤러리,갤러리, 7월10일 창작미술,https://lib.buan.go.kr/main/contents.do?proc_type=view&a_num=43813275&b_num=11251,2021,유,미부착,,내부확인 필요,공공누리 2~4유형,,,,,,O,,업무상 촬영 사진 / 행사 참가자 초상권 포함,
,345,부안군립도서관,HOME > 도서관소개 > 작은도서관 > 상서 개암 작은도서관 > 갤러리,갤러리, 7월10일 창의과학,https://lib.buan.go.kr/main/contents.do?proc_type=view&a_num=43813275&b_num=11252,2021,유,미부착,,내부확인 필요,공공누리 2~4유형,,,,,,O,,업무상 촬영 사진 / 행사 참가자 초상권 포함,
,346,부안군립도서관,HOME > 도서관소개 > 작은도서관 > 상서 개암 작은도서관 > 갤러리,갤러리, 7월17일 책놀이,https://lib.buan.go.kr/main/contents.do?proc_type=view&a_num=43813275&b_num=11254,2021,유,미부착,,내부확인 필요,공공누리 2~4유형,,,,,,O,,업무상 촬영 사진 / 행사 참가자 초상권 포함,
,347,부안군립도서관,HOME > 도서관소개 > 작은도서관 > 상서 개암 작은도서관 > 갤러리,갤러리, 7월 24일3D펜,https://lib.buan.go.kr/main/contents.do?proc_type=view&a_num=43813275&b_num=11264,2021,유,미부착,,내부확인 필요,공공누리 2~4유형,,,,,,O,,업무상 촬영 사진 / 행사 참가자 초상권 포함,
,348,부안군립도서관,HOME > 도서관소개 > 작은도서관 > 상서 개암 작은도서관 > 갤러리,갤러리, 7월 24일 책속의 공예,https://lib.buan.go.kr/main/contents.do?proc_type=view&a_num=43813275&b_num=11265,2021,유,미부착,,내부확인 필요,공공누리 2~4유형,,,,,,O,,업무상 촬영 사진 / 행사 참가자 초상권 포함,
,349,부안군립도서관,HOME > 도서관소개 > 작은도서관 > 상서 개암 작은도서관 > 갤러리,갤러리, 9월25일3D펜 수업,https://lib.buan.go.kr/main/contents.do?proc_type=view&a_num=43813275&b_num=11288,2021,유,미부착,,내부확인 필요,공공누리 2~4유형,,,,,,O,,업무상 촬영 사진 / 행사 참가자 초상권 포함,
,350,부안군립도서관,HOME > 도서관소개 > 작은도서관 > 상서 개암 작은도서관 > 갤러리,갤러리, 9월 25일 창의과학 수업,https://lib.buan.go.kr/main/contents.do?proc_type=view&a_num=43813275&b_num=11293,2021,유,미부착,,내부확인 필요,공공누리 2~4유형,,,,,,O,,업무상 촬영 사진 / 행사 참가자 초상권 포함,
,351,부안군립도서관,HOME > 도서관소개 > 작은도서관 > 상서 개암 작은도서관 > 갤러리,갤러리, 2023년도 개암 작은도서관 프로그램 안내,https://lib.buan.go.kr/main/contents.do?proc_type=view&a_num=43813275&b_num=11773,2023,유,미부착,,내부확인 필요,공공누리 2~4유형,,,,,,O,,업무상 촬영 사진 / 행사 참가자 초상권 포함,
,352,부안군립도서관,HOME > 도서관소개 > 작은도서관 > 상서 개암 작은도서관 > 갤러리,갤러리, 개암동 벚꽃 축제,https://lib.buan.go.kr/main/contents.do?proc_type=view&a_num=43813275&b_num=11847,2023,유,미부착,,내부확인 필요,공공누리 2~4유형,,,,,,O,,업무상 촬영 사진 / 행사 참가자 초상권 포함,
,353,부안군립도서관,HOME > 도서관소개 > 작은도서관 > 상서 개암 작은도서관 > 갤러리,갤러리, 마실 축제 ,https://lib.buan.go.kr/main/contents.do?proc_type=view&a_num=43813275&b_num=11850,2023,유,미부착,,내부확인 필요,공공누리 2~4유형,,,,,,O,,업무상 촬영 사진 / 행사 참가자 초상권 포함,
,354,부안군립도서관,HOME > 도서관소개 > 작은도서관 > 상서 개암 작은도서관 > 갤러리,갤러리, 토요프로그램,https://lib.buan.go.kr/main/contents.do?proc_type=view&a_num=43813275&b_num=11851,2023,유,미부착,,내부확인 필요,공공누리 2~4유형,,,,,,O,,업무상 촬영 사진 / 행사 참가자 초상권 포함,
,355,부안군립도서관,HOME > 도서관소개 > 작은도서관 > 상서 개암 작은도서관 > 갤러리,갤러리, 토요프로그램,https://lib.buan.go.kr/main/contents.do?proc_type=view&a_num=43813275&b_num=11852,2023,유,미부착,,내부확인 필요,공공누리 2~4유형,,,,,,O,,업무상 촬영 사진 / 행사 참가자 초상권 포함,
,356,부안군립도서관,HOME > 도서관소개 > 작은도서관 > 상서 개암 작은도서관 > 갤러리,갤러리, 토요프로그램,https://lib.buan.go.kr/main/contents.do?proc_type=view&a_num=43813275&b_num=11853,2023,유,미부착,,내부확인 필요,공공누리 2~4유형,,,,,,O,,업무상 촬영 사진 / 행사 참가자 초상권 포함,
,357,부안군립도서관,HOME > 도서관소개 > 작은도서관 > 상서 개암 작은도서관 > 갤러리,갤러리, 토요프로그램,https://lib.buan.go.kr/main/contents.do?proc_type=view&a_num=43813275&b_num=11865,2023,유,미부착,,내부확인 필요,공공누리 2~4유형,,,,,,O,,업무상 촬영 사진 / 행사 참가자 초상권 포함,
,358,부안군립도서관,HOME > 도서관소개 > 작은도서관 > 상서 개암 작은도서관 > 갤러리,갤러리, 토요프로그램,https://lib.buan.go.kr/main/contents.do?proc_type=view&a_num=43813275&b_num=11866,2023,유,미부착,,내부확인 필요,공공누리 2~4유형,,,,,,O,,업무상 촬영 사진 / 행사 참가자 초상권 포함,
,359,부안군립도서관,HOME > 도서관소개 > 작은도서관 > 상서 개암 작은도서관 > 갤러리,갤러리, 2024년도 프로그램 안내합니다. ,https://lib.buan.go.kr/main/contents.do?proc_type=view&a_num=43813275&b_num=11999,2024,유,미부착,,내부확인 필요,공공누리 2~4유형,,,,,,O,,업무상 촬영 사진 / 행사 참가자 초상권 포함,
,360,부안군립도서관,HOME > 도서관소개 > 작은도서관 > 상서 개암 작은도서관 > 갤러리,갤러리, 02.24 토요프로그램,https://lib.buan.go.kr/main/contents.do?proc_type=view&a_num=43813275&b_num=12000,2024,유,미부착,,내부확인 필요,공공누리 2~4유형,,,,,,O,,업무상 촬영 사진 / 행사 참가자 초상권 포함,
,361,부안군립도서관,HOME > 도서관소개 > 작은도서관 > 상서 개암 작은도서관 > 갤러리,갤러리, 3월 9일 토요프로그램,https://lib.buan.go.kr/main/contents.do?proc_type=view&a_num=43813275&b_num=12004,2024,유,미부착,,내부확인 필요,공공누리 2~4유형,,,,,,O,,업무상 촬영 사진 / 행사 참가자 초상권 포함,
,362,부안군립도서관,HOME > 도서관소개 > 작은도서관 > 줄포 갈대숲 작은도서관 > 갤러리,갤러리, 갈대숲 작은도서관 ,https://lib.buan.go.kr/main/contents.do?proc_type=view&a_num=88907776&b_num=11144,2021,유,미부착,,개방 가능,공공누리 1유형,,,O,,,,,저작물성 없음,
,363,부안군립도서관,HOME > 도서관소개 > 작은도서관 > 줄포 갈대숲 작은도서관 > 갤러리,갤러리, 갈대숲 작은도서관 ,https://lib.buan.go.kr/main/contents.do?proc_type=view&a_num=88907776&b_num=11145,2021,유,미부착,,개방 가능,공공누리 1유형,,,O,,,,,저작물성 없음,
,364,부안군립도서관,HOME > 도서관소개 > 작은도서관 > 줄포 갈대숲 작은도서관 > 갤러리,갤러리, 갈대숲 작은도서관 ,https://lib.buan.go.kr/main/contents.do?proc_type=view&a_num=88907776&b_num=11146,2021,유,미부착,,개방 가능,공공누리 1유형,,,O,,,,,저작물성 없음,
,365,부안군립도서관,HOME > 도서관소개 > 작은도서관 > 줄포 갈대숲 작은도서관 > 갤러리,갤러리, 갈대숲 작은도서관 ,https://lib.buan.go.kr/main/contents.do?proc_type=view&a_num=88907776&b_num=11147,2021,유,미부착,,개방 가능,공공누리 1유형,,,O,,,,,저작물성 없음,
,366,부안군립도서관,HOME > 도서관소개 > 작은도서관 > 줄포 갈대숲 작은도서관 > 갤러리,갤러리, 겨울 독서교실(21.1.26~2.2),https://lib.buan.go.kr/main/contents.do?proc_type=view&a_num=88907776&b_num=11156,2021,유,미부착,,내부확인 필요,공공누리 2~4유형,,,,,,O,,업무상 촬영 사진 / 행사 참가자 초상권 포함,
,367,부안군립도서관,HOME > 도서관소개 > 작은도서관 > 줄포 갈대숲 작은도서관 > 갤러리,갤러리, 겨울 독서교실(21.1.26~2.2),https://lib.buan.go.kr/main/contents.do?proc_type=view&a_num=88907776&b_num=11157,2021,유,미부착,,내부확인 필요,공공누리 2~4유형,,,,,,O,,업무상 촬영 사진 / 행사 참가자 초상권 포함,
,368,부안군립도서관,HOME > 도서관소개 > 작은도서관 > 줄포 갈대숲 작은도서관 > 갤러리,갤러리, 겨울 독서교실(21.1.26~2.2),https://lib.buan.go.kr/main/contents.do?proc_type=view&a_num=88907776&b_num=11158,2021,유,미부착,,내부확인 필요,공공누리 2~4유형,,,,,,O,,업무상 촬영 사진 / 행사 참가자 초상권 포함,
,369,부안군립도서관,HOME > 도서관소개 > 작은도서관 > 줄포 갈대숲 작은도서관 > 갤러리,갤러리, 4월 공예 프로그램 ,https://lib.buan.go.kr/main/contents.do?proc_type=view&a_num=88907776&b_num=11256,2021,유,미부착,,내부확인 필요,공공누리 2~4유형,,,,O,,O,,"초상권, 제3자의 권리",
,370,부안군립도서관,HOME > 도서관소개 > 작은도서관 > 줄포 갈대숲 작은도서관 > 갤러리,갤러리, 중학생 프로그램 진행,https://lib.buan.go.kr/main/contents.do?proc_type=view&a_num=88907776&b_num=11257,2021,유,미부착,,내부확인 필요,공공누리 2~4유형,,,,O,,O,,"초상권, 제3자의 권리",
,371,부안군립도서관,HOME > 도서관소개 > 작은도서관 > 줄포 갈대숲 작은도서관 > 갤러리,갤러리," 7.20 원예 A반, B반",https://lib.buan.go.kr/main/contents.do?proc_type=view&a_num=88907776&b_num=11258,2021,유,미부착,,내부확인 필요,공공누리 2~4유형,,,,O,,O,,"초상권, 제3자의 권리",
,372,부안군립도서관,HOME > 도서관소개 > 작은도서관 > 줄포 갈대숲 작은도서관 > 갤러리,갤러리," 7.20 원예 C반, D반",https://lib.buan.go.kr/main/contents.do?proc_type=view&a_num=88907776&b_num=11259,2021,유,미부착,,내부확인 필요,공공누리 2~4유형,,,,O,,O,,"초상권, 제3자의 권리",
,373,부안군립도서관,HOME > 도서관소개 > 작은도서관 > 줄포 갈대숲 작은도서관 > 갤러리,갤러리," 7.27 원예A반, B반 ",https://lib.buan.go.kr/main/contents.do?proc_type=view&a_num=88907776&b_num=11272,2021,유,미부착,,내부확인 필요,공공누리 2~4유형,,,,O,,O,,"초상권, 제3자의 권리",
,374,부안군립도서관,HOME > 도서관소개 > 작은도서관 > 줄포 갈대숲 작은도서관 > 갤러리,갤러리," 7.27 원예 C반, D반",https://lib.buan.go.kr/main/contents.do?proc_type=view&a_num=88907776&b_num=11273,2021,유,미부착,,내부확인 필요,공공누리 2~4유형,,,,O,,O,,"초상권, 제3자의 권리",
,375,부안군립도서관,HOME > 도서관소개 > 작은도서관 > 줄포 갈대숲 작은도서관 > 갤러리,갤러리," 8.24 원예A반, B반 ",https://lib.buan.go.kr/main/contents.do?proc_type=view&a_num=88907776&b_num=11275,2021,유,미부착,,내부확인 필요,공공누리 2~4유형,,,,O,,O,,"초상권, 제3자의 권리",
,376,부안군립도서관,HOME > 도서관소개 > 작은도서관 > 줄포 갈대숲 작은도서관 > 갤러리,갤러리," 8.24 원예 C반, D반",https://lib.buan.go.kr/main/contents.do?proc_type=view&a_num=88907776&b_num=11276,2021,유,미부착,,내부확인 필요,공공누리 2~4유형,,,,O,,O,,"초상권, 제3자의 권리",
,377,부안군립도서관,HOME > 도서관소개 > 작은도서관 > 줄포 갈대숲 작은도서관 > 갤러리,갤러리," 원예 4차 프로그램 A반, B반",https://lib.buan.go.kr/main/contents.do?proc_type=view&a_num=88907776&b_num=11289,2021,유,미부착,,내부확인 필요,공공누리 2~4유형,,,,O,,O,,"초상권, 제3자의 권리",
,378,부안군립도서관,HOME > 도서관소개 > 작은도서관 > 줄포 갈대숲 작은도서관 > 갤러리,갤러리," 원예 프로그램 4차 C반, D반",https://lib.buan.go.kr/main/contents.do?proc_type=view&a_num=88907776&b_num=11290,2021,유,미부착,,내부확인 필요,공공누리 2~4유형,,,,O,,O,,"초상권, 제3자의 권리",
,379,부안군립도서관,HOME > 도서관소개 > 작은도서관 > 줄포 갈대숲 작은도서관 > 갤러리,갤러리," 원예 프로그램 5차 C반, D반",https://lib.buan.go.kr/main/contents.do?proc_type=view&a_num=88907776&b_num=11291,2021,유,미부착,,내부확인 필요,공공누리 2~4유형,,,,O,,O,,"초상권, 제3자의 권리",
,380,부안군립도서관,HOME > 도서관소개 > 작은도서관 > 줄포 갈대숲 작은도서관 > 갤러리,갤러리," 원예 프로그램 5차 A반, B반",https://lib.buan.go.kr/main/contents.do?proc_type=view&a_num=88907776&b_num=11292,2021,유,미부착,,내부확인 필요,공공누리 2~4유형,,,,O,,O,,"초상권, 제3자의 권리",
,381,부안군립도서관,HOME > 도서관소개 > 작은도서관 > 줄포 갈대숲 작은도서관 > 갤러리,갤러리, 유투버 교육 시작(9/29),https://lib.buan.go.kr/main/contents.do?proc_type=view&a_num=88907776&b_num=11297,2021,유,미부착,,내부확인 필요,공공누리 2~4유형,,,,,,O,,업무상 촬영 사진 / 행사 참가자 초상권 포함,
,382,부안군립도서관,HOME > 도서관소개 > 작은도서관 > 줄포 갈대숲 작은도서관 > 갤러리,갤러리, 유투버 교육 2차(10/6) ,https://lib.buan.go.kr/main/contents.do?proc_type=view&a_num=88907776&b_num=11300,2021,유,미부착,,내부확인 필요,공공누리 2~4유형,,,,,,O,,업무상 촬영 사진 / 행사 참가자 초상권 포함,
,383,부안군립도서관,HOME > 도서관소개 > 작은도서관 > 줄포 갈대숲 작은도서관 > 갤러리,갤러리, 인문학 공예 프로그램 1차 A반 (10/26),https://lib.buan.go.kr/main/contents.do?proc_type=view&a_num=88907776&b_num=11326,2021,유,미부착,,내부확인 필요,공공누리 2~4유형,,,,,,O,,업무상 촬영 사진 / 행사 참가자 초상권 포함,
,384,부안군립도서관,HOME > 도서관소개 > 작은도서관 > 줄포 갈대숲 작은도서관 > 갤러리,갤러리, 유투버 3차(10/27) ,https://lib.buan.go.kr/main/contents.do?proc_type=view&a_num=88907776&b_num=11327,2021,유,미부착,,내부확인 필요,공공누리 2~4유형,,,,,,O,,업무상 촬영 사진 / 행사 참가자 초상권 포함,
,385,부안군립도서관,HOME > 도서관소개 > 작은도서관 > 줄포 갈대숲 작은도서관 > 갤러리,갤러리, 유투버 프로그램 4차 (11/03) ,https://lib.buan.go.kr/main/contents.do?proc_type=view&a_num=88907776&b_num=11328,2021,유,미부착,,내부확인 필요,공공누리 2~4유형,,,,,,O,,업무상 촬영 사진 / 행사 참가자 초상권 포함,
,386,부안군립도서관,HOME > 도서관소개 > 작은도서관 > 줄포 갈대숲 작은도서관 > 갤러리,갤러리, 유투버 프로그램 5차(11/10),https://lib.buan.go.kr/main/contents.do?proc_type=view&a_num=88907776&b_num=11335,2021,유,미부착,,내부확인 필요,공공누리 2~4유형,,,,,,O,,업무상 촬영 사진 / 행사 참가자 초상권 포함,
,387,부안군립도서관,HOME > 도서관소개 > 작은도서관 > 줄포 갈대숲 작은도서관 > 갤러리,갤러리, 인문학 공예 프로그램 1차 B반 (10/28),https://lib.buan.go.kr/main/contents.do?proc_type=view&a_num=88907776&b_num=11336,2021,유,미부착,,내부확인 필요,공공누리 2~4유형,,,,,,O,,업무상 촬영 사진 / 행사 참가자 초상권 포함,
,388,부안군립도서관,HOME > 도서관소개 > 작은도서관 > 줄포 갈대숲 작은도서관 > 갤러리,갤러리, 인문학 공예 프로그램 1차 C반 (10/29),https://lib.buan.go.kr/main/contents.do?proc_type=view&a_num=88907776&b_num=11337,2021,유,미부착,,내부확인 필요,공공누리 2~4유형,,,,,,O,,업무상 촬영 사진 / 행사 참가자 초상권 포함,
,389,부안군립도서관,HOME > 도서관소개 > 작은도서관 > 줄포 갈대숲 작은도서관 > 갤러리,갤러리, 인문학 공예 프로그램 2차 A반 (11/02),https://lib.buan.go.kr/main/contents.do?proc_type=view&a_num=88907776&b_num=11338,2021,유,미부착,,내부확인 필요,공공누리 2~4유형,,,,,,O,,업무상 촬영 사진 / 행사 참가자 초상권 포함,
,390,부안군립도서관,HOME > 도서관소개 > 작은도서관 > 줄포 갈대숲 작은도서관 > 갤러리,갤러리, 인문학 공예 프로그램 2차 B반 (11/04),https://lib.buan.go.kr/main/contents.do?proc_type=view&a_num=88907776&b_num=11339,2021,유,미부착,,내부확인 필요,공공누리 2~4유형,,,,,,O,,업무상 촬영 사진 / 행사 참가자 초상권 포함,
,391,부안군립도서관,HOME > 도서관소개 > 작은도서관 > 줄포 갈대숲 작은도서관 > 갤러리,갤러리, 인문학 공예 프로그램 2차 C반 (11/05),https://lib.buan.go.kr/main/contents.do?proc_type=view&a_num=88907776&b_num=11340,2021,유,미부착,,내부확인 필요,공공누리 2~4유형,,,,,,O,,업무상 촬영 사진 / 행사 참가자 초상권 포함,
,392,부안군립도서관,HOME > 도서관소개 > 작은도서관 > 줄포 갈대숲 작은도서관 > 갤러리,갤러리, 유투버 마지막 수업!! (11/17),https://lib.buan.go.kr/main/contents.do?proc_type=view&a_num=88907776&b_num=11342,2021,유,미부착,,내부확인 필요,공공누리 2~4유형,,,,,,O,,업무상 촬영 사진 / 행사 참가자 초상권 포함,
,393,부안군립도서관,HOME > 도서관소개 > 작은도서관 > 줄포 갈대숲 작은도서관 > 갤러리,갤러리, 인문학 공예 3차 A반 (11/09) ,https://lib.buan.go.kr/main/contents.do?proc_type=view&a_num=88907776&b_num=11343,2021,유,미부착,,내부확인 필요,공공누리 2~4유형,,,,,,O,,업무상 촬영 사진 / 행사 참가자 초상권 포함,
,394,부안군립도서관,HOME > 도서관소개 > 작은도서관 > 줄포 갈대숲 작은도서관 > 갤러리,갤러리, 인문학 공예 3차 B반 (11/11) ,https://lib.buan.go.kr/main/contents.do?proc_type=view&a_num=88907776&b_num=11345,2021,유,미부착,,내부확인 필요,공공누리 2~4유형,,,,,,O,,업무상 촬영 사진 / 행사 참가자 초상권 포함,
,395,부안군립도서관,HOME > 도서관소개 > 작은도서관 > 줄포 갈대숲 작은도서관 > 갤러리,갤러리, 인문학 공예 3차 C반 (11/12) ,https://lib.buan.go.kr/main/contents.do?proc_type=view&a_num=88907776&b_num=11346,2021,유,미부착,,내부확인 필요,공공누리 2~4유형,,,,,,O,,업무상 촬영 사진 / 행사 참가자 초상권 포함,
,396,부안군립도서관,HOME > 도서관소개 > 작은도서관 > 줄포 갈대숲 작은도서관 > 갤러리,갤러리, 인문학 공예 4차 A반 (11/16) ,https://lib.buan.go.kr/main/contents.do?proc_type=view&a_num=88907776&b_num=11347,2021,유,미부착,,내부확인 필요,공공누리 2~4유형,,,,,,O,,업무상 촬영 사진 / 행사 참가자 초상권 포함,
,397,부안군립도서관,HOME > 도서관소개 > 작은도서관 > 줄포 갈대숲 작은도서관 > 갤러리,갤러리, 인문학 공예 4차 B반 (11/18) ,https://lib.buan.go.kr/main/contents.do?proc_type=view&a_num=88907776&b_num=11348,2021,유,미부착,,내부확인 필요,공공누리 2~4유형,,,,,,O,,업무상 촬영 사진 / 행사 참가자 초상권 포함,
,398,부안군립도서관,HOME > 도서관소개 > 작은도서관 > 줄포 갈대숲 작은도서관 > 갤러리,갤러리, 인문학 공예 4차 C반 (11/19) ,https://lib.buan.go.kr/main/contents.do?proc_type=view&a_num=88907776&b_num=11349,2021,유,미부착,,내부확인 필요,공공누리 2~4유형,,,,,,O,,업무상 촬영 사진 / 행사 참가자 초상권 포함,
,399,부안군립도서관,HOME > 도서관소개 > 작은도서관 > 줄포 갈대숲 작은도서관 > 갤러리,갤러리, 인문학 공예 5차 A반 (11/23) ,https://lib.buan.go.kr/main/contents.do?proc_type=view&a_num=88907776&b_num=11352,2021,유,미부착,,내부확인 필요,공공누리 2~4유형,,,,,,O,,업무상 촬영 사진 / 행사 참가자 초상권 포함,
,400,부안군립도서관,HOME > 도서관소개 > 작은도서관 > 줄포 갈대숲 작은도서관 > 갤러리,갤러리, 인문학 공예 5차 (11/25) ,https://lib.buan.go.kr/main/contents.do?proc_type=view&a_num=88907776&b_num=11359,2021,유,미부착,,내부확인 필요,공공누리 2~4유형,,,,,,O,,업무상 촬영 사진 / 행사 참가자 초상권 포함,
,401,부안군립도서관,HOME > 도서관소개 > 작은도서관 > 줄포 갈대숲 작은도서관 > 갤러리,갤러리, 인문학 공예 프로그램 5차 C반 (11/26),https://lib.buan.go.kr/main/contents.do?proc_type=view&a_num=88907776&b_num=11360,2021,유,미부착,,내부확인 필요,공공누리 2~4유형,,,,,,O,,업무상 촬영 사진 / 행사 참가자 초상권 포함,
,402,부안군립도서관,HOME > 도서관소개 > 작은도서관 > 줄포 갈대숲 작은도서관 > 갤러리,갤러리, 인문학 공예 프로그램 6차 A반 (12/07),https://lib.buan.go.kr/main/contents.do?proc_type=view&a_num=88907776&b_num=11367,2021,유,미부착,,내부확인 필요,공공누리 2~4유형,,,,,,O,,업무상 촬영 사진 / 행사 참가자 초상권 포함,
,403,부안군립도서관,HOME > 도서관소개 > 작은도서관 > 줄포 갈대숲 작은도서관 > 갤러리,갤러리, 인문학 공예 프로그램 6차 B반 (12/09),https://lib.buan.go.kr/main/contents.do?proc_type=view&a_num=88907776&b_num=11368,2021,유,미부착,,내부확인 필요,공공누리 2~4유형,,,,,,O,,업무상 촬영 사진 / 행사 참가자 초상권 포함,
,404,부안군립도서관,HOME > 도서관소개 > 작은도서관 > 줄포 갈대숲 작은도서관 > 갤러리,갤러리, 인문학 공예 프로그램 7차 A반 (12/14),https://lib.buan.go.kr/main/contents.do?proc_type=view&a_num=88907776&b_num=11369,2021,유,미부착,,내부확인 필요,공공누리 2~4유형,,,,,,O,,업무상 촬영 사진 / 행사 참가자 초상권 포함,
,405,부안군립도서관,HOME > 도서관소개 > 작은도서관 > 줄포 갈대숲 작은도서관 > 갤러리,갤러리, 인문학 공예 프로그램 7차 B반 12/16) ,https://lib.buan.go.kr/main/contents.do?proc_type=view&a_num=88907776&b_num=11370,2021,유,미부착,,내부확인 필요,공공누리 2~4유형,,,,,,O,,업무상 촬영 사진 / 행사 참가자 초상권 포함,
,406,부안군립도서관,HOME > 도서관소개 > 작은도서관 > 줄포 갈대숲 작은도서관 > 갤러리,갤러리, 프로그램 마지막 날!!! (12/17) ,https://lib.buan.go.kr/main/contents.do?proc_type=view&a_num=88907776&b_num=11371,2021,유,미부착,,내부확인 필요,공공누리 2~4유형,,,,,,O,,업무상 촬영 사진 / 행사 참가자 초상권 포함,
,407,부안군립도서관,HOME > 도서관소개 > 작은도서관 > 줄포 갈대숲 작은도서관 > 갤러리,갤러리, 2022 인문학 공예 수업 1차(5.19) ,https://lib.buan.go.kr/main/contents.do?proc_type=view&a_num=88907776&b_num=11420,2022,유,미부착,,내부확인 필요,공공누리 2~4유형,,,,,,O,,업무상 촬영 사진 / 행사 참가자 초상권 포함,
,408,부안군립도서관,HOME > 도서관소개 > 작은도서관 > 줄포 갈대숲 작은도서관 > 갤러리,갤러리, 2022 인문학 공예 수업 2차(5.20) ,https://lib.buan.go.kr/main/contents.do?proc_type=view&a_num=88907776&b_num=11421,2022,유,미부착,,내부확인 필요,공공누리 2~4유형,,,,,,O,,업무상 촬영 사진 / 행사 참가자 초상권 포함,
,409,부안군립도서관,HOME > 도서관소개 > 작은도서관 > 줄포 갈대숲 작은도서관 > 갤러리,갤러리, 2022 인문학 공예 수업 3차(5.26) ,https://lib.buan.go.kr/main/contents.do?proc_type=view&a_num=88907776&b_num=11427,2022,유,미부착,,내부확인 필요,공공누리 2~4유형,,,,,,O,,업무상 촬영 사진 / 행사 참가자 초상권 포함,
,410,부안군립도서관,HOME > 도서관소개 > 작은도서관 > 줄포 갈대숲 작은도서관 > 갤러리,갤러리, 2022 인문학 공예 수업 4차(5.27) ,https://lib.buan.go.kr/main/contents.do?proc_type=view&a_num=88907776&b_num=11428,2022,유,미부착,,내부확인 필요,공공누리 2~4유형,,,,,,O,,업무상 촬영 사진 / 행사 참가자 초상권 포함,
,411,부안군립도서관,HOME > 도서관소개 > 작은도서관 > 줄포 갈대숲 작은도서관 > 갤러리,갤러리, 2022 인문학 공예 수업 5차(6.2),https://lib.buan.go.kr/main/contents.do?proc_type=view&a_num=88907776&b_num=11441,2022,유,미부착,,내부확인 필요,공공누리 2~4유형,,,,,,O,,업무상 촬영 사진 / 행사 참가자 초상권 포함,
,412,부안군립도서관,HOME > 도서관소개 > 작은도서관 > 줄포 갈대숲 작은도서관 > 갤러리,갤러리, 2022 인문학 공예 수업 6차(6.3),https://lib.buan.go.kr/main/contents.do?proc_type=view&a_num=88907776&b_num=11442,2022,유,미부착,,내부확인 필요,공공누리 2~4유형,,,,,,O,,업무상 촬영 사진 / 행사 참가자 초상권 포함,
,413,부안군립도서관,HOME > 도서관소개 > 작은도서관 > 줄포 갈대숲 작은도서관 > 갤러리,갤러리, 2022 인문학 공예 수업 7차(6.9),https://lib.buan.go.kr/main/contents.do?proc_type=view&a_num=88907776&b_num=11443,2022,유,미부착,,내부확인 필요,공공누리 2~4유형,,,,,,O,,업무상 촬영 사진 / 행사 참가자 초상권 포함,
,414,부안군립도서관,HOME > 도서관소개 > 작은도서관 > 줄포 갈대숲 작은도서관 > 갤러리,갤러리, 2022 인문학 공예 수업 8차(6.10) ,https://lib.buan.go.kr/main/contents.do?proc_type=view&a_num=88907776&b_num=11449,2022,유,미부착,,내부확인 필요,공공누리 2~4유형,,,,,,O,,업무상 촬영 사진 / 행사 참가자 초상권 포함,
,415,부안군립도서관,HOME > 도서관소개 > 작은도서관 > 줄포 갈대숲 작은도서관 > 갤러리,갤러리, 2022 초등 창의과학 1차(8.9) ,https://lib.buan.go.kr/main/contents.do?proc_type=view&a_num=88907776&b_num=11723,2022,유,미부착,,내부확인 필요,공공누리 2~4유형,,,,,,O,,업무상 촬영 사진 / 행사 참가자 초상권 포함,
,416,부안군립도서관,HOME > 도서관소개 > 작은도서관 > 줄포 갈대숲 작은도서관 > 갤러리,갤러리, 2022 초등 창의과학 2차(8.10),https://lib.buan.go.kr/main/contents.do?proc_type=view&a_num=88907776&b_num=11724,2022,유,미부착,,내부확인 필요,공공누리 2~4유형,,,,,,O,,업무상 촬영 사진 / 행사 참가자 초상권 포함,
,417,부안군립도서관,HOME > 도서관소개 > 작은도서관 > 줄포 갈대숲 작은도서관 > 갤러리,갤러리, 2022 초등 창의과학 3차(8.11),https://lib.buan.go.kr/main/contents.do?proc_type=view&a_num=88907776&b_num=11725,2022,유,미부착,,내부확인 필요,공공누리 2~4유형,,,,,,O,,업무상 촬영 사진 / 행사 참가자 초상권 포함,
,418,부안군립도서관,HOME > 도서관소개 > 작은도서관 > 줄포 갈대숲 작은도서관 > 갤러리,갤러리, 2022 9월 갈대숲작은영화관 ,https://lib.buan.go.kr/main/contents.do?proc_type=view&a_num=88907776&b_num=11730,2022,유,미부착,,내부확인 필요,공공누리 2~4유형,,,,,,O,,업무상 촬영 사진 / 행사 참가자 초상권 포함,
,419,부안군립도서관,HOME > 도서관소개 > 작은도서관 > 줄포 갈대숲 작은도서관 > 갤러리,갤러리, 2022 독서 공예 1차(9.13-14) ,https://lib.buan.go.kr/main/contents.do?proc_type=view&a_num=88907776&b_num=11740,2022,유,미부착,,내부확인 필요,공공누리 2~4유형,,,,,,O,,업무상 촬영 사진 / 행사 참가자 초상권 포함,
,420,부안군립도서관,HOME > 도서관소개 > 작은도서관 > 줄포 갈대숲 작은도서관 > 갤러리,갤러리, 2022 독서 공예 2차(9.15-16) ,https://lib.buan.go.kr/main/contents.do?proc_type=view&a_num=88907776&b_num=11741,2022,유,미부착,,내부확인 필요,공공누리 2~4유형,,,,,,O,,업무상 촬영 사진 / 행사 참가자 초상권 포함,
,421,부안군립도서관,HOME > 도서관소개 > 작은도서관 > 줄포 갈대숲 작은도서관 > 갤러리,갤러리, 2022 독서 공예 3차(9.20-21) ,https://lib.buan.go.kr/main/contents.do?proc_type=view&a_num=88907776&b_num=11742,2022,유,미부착,,내부확인 필요,공공누리 2~4유형,,,,,,O,,업무상 촬영 사진 / 행사 참가자 초상권 포함,
,422,부안군립도서관,HOME > 도서관소개 > 작은도서관 > 줄포 갈대숲 작은도서관 > 갤러리,갤러리, 2022 독서 공예4차(9.22-23),https://lib.buan.go.kr/main/contents.do?proc_type=view&a_num=88907776&b_num=11743,2022,유,미부착,,내부확인 필요,공공누리 2~4유형,,,,,,O,,업무상 촬영 사진 / 행사 참가자 초상권 포함,
,423,부안군립도서관,HOME > 도서관소개 > 작은도서관 > 줄포 갈대숲 작은도서관 > 갤러리,갤러리, 2022 독서 공예 5차(9.27-28) ,https://lib.buan.go.kr/main/contents.do?proc_type=view&a_num=88907776&b_num=11744,2022,유,미부착,,내부확인 필요,공공누리 2~4유형,,,,,,O,,업무상 촬영 사진 / 행사 참가자 초상권 포함,
,424,부안군립도서관,HOME > 도서관소개 > 작은도서관 > 줄포 갈대숲 작은도서관 > 갤러리,갤러리, 2022 독서 공예6차(9.29-30),https://lib.buan.go.kr/main/contents.do?proc_type=view&a_num=88907776&b_num=11745,2022,유,미부착,,내부확인 필요,공공누리 2~4유형,,,,,,O,,업무상 촬영 사진 / 행사 참가자 초상권 포함,
,425,부안군립도서관,HOME > 도서관소개 > 작은도서관 > 줄포 갈대숲 작은도서관 > 갤러리,갤러리, 2022 독서 공예 7차(10.4-5),https://lib.buan.go.kr/main/contents.do?proc_type=view&a_num=88907776&b_num=11746,2022,유,미부착,,내부확인 필요,공공누리 2~4유형,,,,,,O,,업무상 촬영 사진 / 행사 참가자 초상권 포함,
,426,부안군립도서관,HOME > 도서관소개 > 작은도서관 > 줄포 갈대숲 작은도서관 > 갤러리,갤러리, 2022 독서 공예 8차(10.6-7),https://lib.buan.go.kr/main/contents.do?proc_type=view&a_num=88907776&b_num=11747,2022,유,미부착,,내부확인 필요,공공누리 2~4유형,,,,,,O,,업무상 촬영 사진 / 행사 참가자 초상권 포함,
,427,부안군립도서관,HOME > 도서관소개 > 작은도서관 > 줄포 갈대숲 작은도서관 > 갤러리,갤러리, 2022 10월 갈대숲작은영화관(10.1),https://lib.buan.go.kr/main/contents.do?proc_type=view&a_num=88907776&b_num=11748,2022,유,미부착,,내부확인 필요,공공누리 2~4유형,,,,,,O,,업무상 촬영 사진 / 행사 참가자 초상권 포함,
,428,부안군립도서관,HOME > 도서관소개 > 작은도서관 > 줄포 갈대숲 작은도서관 > 갤러리,갤러리, 2022 원예 수업 1차(11.3),https://lib.buan.go.kr/main/contents.do?proc_type=view&a_num=88907776&b_num=11754,2022,유,미부착,,내부확인 필요,공공누리 2~4유형,,,,,,O,,업무상 촬영 사진 / 행사 참가자 초상권 포함,
,429,부안군립도서관,HOME > 도서관소개 > 작은도서관 > 줄포 갈대숲 작은도서관 > 갤러리,갤러리, 2022 미술 수업 1차(11.5),https://lib.buan.go.kr/main/contents.do?proc_type=view&a_num=88907776&b_num=11755,2022,유,미부착,,내부확인 필요,공공누리 2~4유형,,,,,,O,,업무상 촬영 사진 / 행사 참가자 초상권 포함,
,430,부안군립도서관,HOME > 도서관소개 > 작은도서관 > 줄포 갈대숲 작은도서관 > 갤러리,갤러리, 2022 원예 수업 2차(11.10) ,https://lib.buan.go.kr/main/contents.do?proc_type=view&a_num=88907776&b_num=11758,2022,유,미부착,,내부확인 필요,공공누리 2~4유형,,,,,,O,,업무상 촬영 사진 / 행사 참가자 초상권 포함,
,431,부안군립도서관,HOME > 도서관소개 > 작은도서관 > 줄포 갈대숲 작은도서관 > 갤러리,갤러리, 2022 미술 수업 2차(11.12) ,https://lib.buan.go.kr/main/contents.do?proc_type=view&a_num=88907776&b_num=11759,2022,유,미부착,,내부확인 필요,공공누리 2~4유형,,,,O,,O,,"초상권, 제3자의 권리",
,432,부안군립도서관,HOME > 도서관소개 > 작은도서관 > 줄포 갈대숲 작은도서관 > 갤러리,갤러리, 2022 원예 수업 3차(11.17) ,https://lib.buan.go.kr/main/contents.do?proc_type=view&a_num=88907776&b_num=11761,2022,유,미부착,,개방 가능,공공누리 1유형,,,O,,,,,저작물성 없음,
,433,부안군립도서관,HOME > 도서관소개 > 작은도서관 > 줄포 갈대숲 작은도서관 > 갤러리,갤러리, 2022 미술 수업 3차(11.26) ,https://lib.buan.go.kr/main/contents.do?proc_type=view&a_num=88907776&b_num=11762,2022,유,미부착,,내부확인 필요,공공누리 2~4유형,,,,O,,O,,"초상권, 제3자의 권리",
,434,부안군립도서관,HOME > 도서관소개 > 작은도서관 > 줄포 갈대숲 작은도서관 > 갤러리,갤러리, 2022 원예 수업 4차(11.24) ,https://lib.buan.go.kr/main/contents.do?proc_type=view&a_num=88907776&b_num=11763,2022,유,미부착,,내부확인 필요,공공누리 2~4유형,,,,,,O,,업무상 촬영 사진 / 행사 참가자 초상권 포함,
,435,부안군립도서관,HOME > 도서관소개 > 작은도서관 > 줄포 갈대숲 작은도서관 > 갤러리,갤러리, 2022 미술 수업 4차(12.3),https://lib.buan.go.kr/main/contents.do?proc_type=view&a_num=88907776&b_num=11766,2022,유,미부착,,내부확인 필요,공공누리 2~4유형,,,,O,,O,,"초상권, 제3자의 권리",
,436,부안군립도서관,HOME > 도서관소개 > 작은도서관 > 줄포 갈대숲 작은도서관 > 갤러리,갤러리, 2023 토탈 공예 1차(오전반),https://lib.buan.go.kr/main/contents.do?proc_type=view&a_num=88907776&b_num=11821,2023,유,미부착,,내부확인 필요,공공누리 2~4유형,,,,,,O,,업무상 촬영 사진 / 행사 참가자 초상권 포함,
,437,부안군립도서관,HOME > 도서관소개 > 작은도서관 > 줄포 갈대숲 작은도서관 > 갤러리,갤러리, 2023 토탈 공예 1차(오후반),https://lib.buan.go.kr/main/contents.do?proc_type=view&a_num=88907776&b_num=11822,2023,유,미부착,,내부확인 필요,공공누리 2~4유형,,,,,,O,,업무상 촬영 사진 / 행사 참가자 초상권 포함,
,438,부안군립도서관,HOME > 도서관소개 > 작은도서관 > 줄포 갈대숲 작은도서관 > 갤러리,갤러리, 2023 토탈 공예 2차(오전반),https://lib.buan.go.kr/main/contents.do?proc_type=view&a_num=88907776&b_num=11823,2023,유,미부착,,내부확인 필요,공공누리 2~4유형,,,,,,O,,업무상 촬영 사진 / 행사 참가자 초상권 포함,
,439,부안군립도서관,HOME > 도서관소개 > 작은도서관 > 줄포 갈대숲 작은도서관 > 갤러리,갤러리, 2023 토탈 공예 2차(오후반),https://lib.buan.go.kr/main/contents.do?proc_type=view&a_num=88907776&b_num=11824,2023,유,미부착,,내부확인 필요,공공누리 2~4유형,,,,,,O,,업무상 촬영 사진 / 행사 참가자 초상권 포함,
,440,부안군립도서관,HOME > 도서관소개 > 작은도서관 > 줄포 갈대숲 작은도서관 > 갤러리,갤러리, 2023 토탈 공예 3차(오전반),https://lib.buan.go.kr/main/contents.do?proc_type=view&a_num=88907776&b_num=11825,2023,유,미부착,,내부확인 필요,공공누리 2~4유형,,,,,,O,,업무상 촬영 사진 / 행사 참가자 초상권 포함,
,441,부안군립도서관,HOME > 도서관소개 > 작은도서관 > 줄포 갈대숲 작은도서관 > 갤러리,갤러리, 2023 토탈 공예 3차(오후반),https://lib.buan.go.kr/main/contents.do?proc_type=view&a_num=88907776&b_num=11826,2023,유,미부착,,내부확인 필요,공공누리 2~4유형,,,,,,O,,업무상 촬영 사진 / 행사 참가자 초상권 포함,
,442,부안군립도서관,HOME > 도서관소개 > 작은도서관 > 줄포 갈대숲 작은도서관 > 갤러리,갤러리, 2023 토탈 공예 4차(오전반),https://lib.buan.go.kr/main/contents.do?proc_type=view&a_num=88907776&b_num=11827,2023,유,미부착,,내부확인 필요,공공누리 2~4유형,,,,,,O,,업무상 촬영 사진 / 행사 참가자 초상권 포함,
,443,부안군립도서관,HOME > 도서관소개 > 작은도서관 > 줄포 갈대숲 작은도서관 > 갤러리,갤러리, 2023 토탈 공예 4차(오후반),https://lib.buan.go.kr/main/contents.do?proc_type=view&a_num=88907776&b_num=11828,2023,유,미부착,,내부확인 필요,공공누리 2~4유형,,,,,,O,,업무상 촬영 사진 / 행사 참가자 초상권 포함,
,444,부안군립도서관,HOME > 도서관소개 > 작은도서관 > 줄포 갈대숲 작은도서관 > 갤러리,갤러리, 2023 프랑스자수 1차 ,https://lib.buan.go.kr/main/contents.do?proc_type=view&a_num=88907776&b_num=11838,2023,유,미부착,,내부확인 필요,공공누리 2~4유형,,,,,,O,,업무상 촬영 사진 / 행사 참가자 초상권 포함,
,445,부안군립도서관,HOME > 도서관소개 > 작은도서관 > 줄포 갈대숲 작은도서관 > 갤러리,갤러리, 2023 프랑스자수 2차 ,https://lib.buan.go.kr/main/contents.do?proc_type=view&a_num=88907776&b_num=11839,2023,유,미부착,,내부확인 필요,공공누리 2~4유형,,,,,,O,,업무상 촬영 사진 / 행사 참가자 초상권 포함,
,446,부안군립도서관,HOME > 도서관소개 > 작은도서관 > 줄포 갈대숲 작은도서관 > 갤러리,갤러리, 2023 프랑스자수 3차 ,https://lib.buan.go.kr/main/contents.do?proc_type=view&a_num=88907776&b_num=11840,2023,유,미부착,,내부확인 필요,공공누리 2~4유형,,,,,,O,,업무상 촬영 사진 / 행사 참가자 초상권 포함,
,447,부안군립도서관,HOME > 도서관소개 > 작은도서관 > 줄포 갈대숲 작은도서관 > 갤러리,갤러리, 2023 프랑스자수 4차 ,https://lib.buan.go.kr/main/contents.do?proc_type=view&a_num=88907776&b_num=11841,2023,유,미부착,,내부확인 필요,공공누리 2~4유형,,,,,,O,,업무상 촬영 사진 / 행사 참가자 초상권 포함,
,448,부안군립도서관,HOME > 도서관소개 > 작은도서관 > 줄포 갈대숲 작은도서관 > 갤러리,갤러리, 2023 라탄 공예 1차(오전반),https://lib.buan.go.kr/main/contents.do?proc_type=view&a_num=88907776&b_num=11869,2023,유,미부착,,내부확인 필요,공공누리 2~4유형,,,,,,O,,업무상 촬영 사진 / 행사 참가자 초상권 포함,
,449,부안군립도서관,HOME > 도서관소개 > 작은도서관 > 줄포 갈대숲 작은도서관 > 갤러리,갤러리, 2023 라탄 공예 1차(오후반),https://lib.buan.go.kr/main/contents.do?proc_type=view&a_num=88907776&b_num=11870,2023,유,미부착,,내부확인 필요,공공누리 2~4유형,,,,,,O,,업무상 촬영 사진 / 행사 참가자 초상권 포함,
,450,부안군립도서관,HOME > 도서관소개 > 작은도서관 > 줄포 갈대숲 작은도서관 > 갤러리,갤러리, 2023 라탄 공예 2차(오전반),https://lib.buan.go.kr/main/contents.do?proc_type=view&a_num=88907776&b_num=11871,2023,유,미부착,,내부확인 필요,공공누리 2~4유형,,,,,,O,,업무상 촬영 사진 / 행사 참가자 초상권 포함,
,451,부안군립도서관,HOME > 도서관소개 > 작은도서관 > 줄포 갈대숲 작은도서관 > 갤러리,갤러리, 2023 라탄 공예 2차(오후반),https://lib.buan.go.kr/main/contents.do?proc_type=view&a_num=88907776&b_num=11872,2023,유,미부착,,내부확인 필요,공공누리 2~4유형,,,,,,O,,업무상 촬영 사진 / 행사 참가자 초상권 포함,
,452,부안군립도서관,HOME > 도서관소개 > 작은도서관 > 줄포 갈대숲 작은도서관 > 갤러리,갤러리, 2023 라탄 공예 3차(오전반),https://lib.buan.go.kr/main/contents.do?proc_type=view&a_num=88907776&b_num=11873,2023,유,미부착,,내부확인 필요,공공누리 2~4유형,,,,,,O,,업무상 촬영 사진 / 행사 참가자 초상권 포함,
,453,부안군립도서관,HOME > 도서관소개 > 작은도서관 > 줄포 갈대숲 작은도서관 > 갤러리,갤러리, 2023 라탄 공예 3차(오후반),https://lib.buan.go.kr/main/contents.do?proc_type=view&a_num=88907776&b_num=11874,2023,유,미부착,,내부확인 필요,공공누리 2~4유형,,,,,,O,,업무상 촬영 사진 / 행사 참가자 초상권 포함,
,454,부안군립도서관,HOME > 도서관소개 > 작은도서관 > 줄포 갈대숲 작은도서관 > 갤러리,갤러리, 2023 라탄 공예 4차(오전반),https://lib.buan.go.kr/main/contents.do?proc_type=view&a_num=88907776&b_num=11875,2023,유,미부착,,내부확인 필요,공공누리 2~4유형,,,,,,O,,업무상 촬영 사진 / 행사 참가자 초상권 포함,
,455,부안군립도서관,HOME > 도서관소개 > 작은도서관 > 줄포 갈대숲 작은도서관 > 갤러리,갤러리, 2023 라탄 공예 4차(오후반),https://lib.buan.go.kr/main/contents.do?proc_type=view&a_num=88907776&b_num=11876,2023,유,미부착,,내부확인 필요,공공누리 2~4유형,,,,,,O,,업무상 촬영 사진 / 행사 참가자 초상권 포함,
,456,부안군립도서관,HOME > 도서관소개 > 작은도서관 > 줄포 갈대숲 작은도서관 > 갤러리,갤러리, 2023 네일 아트 1차(오전반),https://lib.buan.go.kr/main/contents.do?proc_type=view&a_num=88907776&b_num=11926,2023,유,미부착,,내부확인 필요,공공누리 2~4유형,,,,,,O,,업무상 촬영 사진 / 행사 참가자 초상권 포함,
,457,부안군립도서관,HOME > 도서관소개 > 작은도서관 > 줄포 갈대숲 작은도서관 > 갤러리,갤러리, 2023 네일 아트 1차(오후반),https://lib.buan.go.kr/main/contents.do?proc_type=view&a_num=88907776&b_num=11927,2023,유,미부착,,내부확인 필요,공공누리 2~4유형,,,,,,O,,업무상 촬영 사진 / 행사 참가자 초상권 포함,
,458,부안군립도서관,HOME > 도서관소개 > 작은도서관 > 줄포 갈대숲 작은도서관 > 갤러리,갤러리, 2023 네일 아트 2차(오전반),https://lib.buan.go.kr/main/contents.do?proc_type=view&a_num=88907776&b_num=11928,2023,유,미부착,,내부확인 필요,공공누리 2~4유형,,,,,,O,,업무상 촬영 사진 / 행사 참가자 초상권 포함,
,459,부안군립도서관,HOME > 도서관소개 > 작은도서관 > 줄포 갈대숲 작은도서관 > 갤러리,갤러리, 2023 네일 아트 2차(오후반),https://lib.buan.go.kr/main/contents.do?proc_type=view&a_num=88907776&b_num=11929,2023,유,미부착,,내부확인 필요,공공누리 2~4유형,,,,,,O,,업무상 촬영 사진 / 행사 참가자 초상권 포함,
,460,부안군립도서관,HOME > 도서관소개 > 작은도서관 > 줄포 갈대숲 작은도서관 > 갤러리,갤러리, 2023 네일 아트 3차(오전반),https://lib.buan.go.kr/main/contents.do?proc_type=view&a_num=88907776&b_num=11930,2023,유,미부착,,내부확인 필요,공공누리 2~4유형,,,,,,O,,업무상 촬영 사진 / 행사 참가자 초상권 포함,
,461,부안군립도서관,HOME > 도서관소개 > 작은도서관 > 줄포 갈대숲 작은도서관 > 갤러리,갤러리, 2023 네일 아트 3차(오후반),https://lib.buan.go.kr/main/contents.do?proc_type=view&a_num=88907776&b_num=11931,2023,유,미부착,,내부확인 필요,공공누리 2~4유형,,,,,,O,,업무상 촬영 사진 / 행사 참가자 초상권 포함,
,462,부안군립도서관,HOME > 도서관소개 > 작은도서관 > 줄포 갈대숲 작은도서관 > 갤러리,갤러리, 2023 네일 아트 4차(오전반),https://lib.buan.go.kr/main/contents.do?proc_type=view&a_num=88907776&b_num=11932,2023,유,미부착,,내부확인 필요,공공누리 2~4유형,,,,,,O,,업무상 촬영 사진 / 행사 참가자 초상권 포함,
,463,부안군립도서관,HOME > 도서관소개 > 작은도서관 > 줄포 갈대숲 작은도서관 > 갤러리,갤러리, 2023 네일 아트 4차(오후반),https://lib.buan.go.kr/main/contents.do?proc_type=view&a_num=88907776&b_num=11933,2023,유,미부착,,내부확인 필요,공공누리 2~4유형,,,,,,O,,업무상 촬영 사진 / 행사 참가자 초상권 포함,
,464,부안군립도서관,HOME > 도서관소개 > 작은도서관 > 줄포 갈대숲 작은도서관 > 갤러리,갤러리, 2023 보태니컬 아트 1차(오전반),https://lib.buan.go.kr/main/contents.do?proc_type=view&a_num=88907776&b_num=11934,2023,유,미부착,,내부확인 필요,공공누리 2~4유형,,,,,,O,,업무상 촬영 사진 / 행사 참가자 초상권 포함,
,465,부안군립도서관,HOME > 도서관소개 > 작은도서관 > 줄포 갈대숲 작은도서관 > 갤러리,갤러리, 2023 보태니컬 아트 1차(오후반),https://lib.buan.go.kr/main/contents.do?proc_type=view&a_num=88907776&b_num=11935,2023,유,미부착,,내부확인 필요,공공누리 2~4유형,,,,,,O,,업무상 촬영 사진 / 행사 참가자 초상권 포함,
,466,부안군립도서관,HOME > 도서관소개 > 작은도서관 > 줄포 갈대숲 작은도서관 > 갤러리,갤러리, 2023 보태니컬 아트 2차(오전반),https://lib.buan.go.kr/main/contents.do?proc_type=view&a_num=88907776&b_num=11936,2023,유,미부착,,내부확인 필요,공공누리 2~4유형,,,,,,O,,업무상 촬영 사진 / 행사 참가자 초상권 포함,
,467,부안군립도서관,HOME > 도서관소개 > 작은도서관 > 줄포 갈대숲 작은도서관 > 갤러리,갤러리, 2023 보태니컬 아트 2차(오후반),https://lib.buan.go.kr/main/contents.do?proc_type=view&a_num=88907776&b_num=11937,2023,유,미부착,,내부확인 필요,공공누리 2~4유형,,,,,,O,,업무상 촬영 사진 / 행사 참가자 초상권 포함,
,468,부안군립도서관,HOME > 도서관소개 > 작은도서관 > 줄포 갈대숲 작은도서관 > 갤러리,갤러리, 2023 보태니컬 아트 3차(오전반),https://lib.buan.go.kr/main/contents.do?proc_type=view&a_num=88907776&b_num=11938,2023,유,미부착,,내부확인 필요,공공누리 2~4유형,,,,,,O,,업무상 촬영 사진 / 행사 참가자 초상권 포함,
,469,부안군립도서관,HOME > 도서관소개 > 작은도서관 > 줄포 갈대숲 작은도서관 > 갤러리,갤러리, 2023 보태니컬 아트 3차(오후반),https://lib.buan.go.kr/main/contents.do?proc_type=view&a_num=88907776&b_num=11939,2023,유,미부착,,내부확인 필요,공공누리 2~4유형,,,,,,O,,업무상 촬영 사진 / 행사 참가자 초상권 포함,
,470,부안군립도서관,HOME > 도서관소개 > 작은도서관 > 줄포 갈대숲 작은도서관 > 갤러리,갤러리, 2023 보태니컬 아트 4차(오전반),https://lib.buan.go.kr/main/contents.do?proc_type=view&a_num=88907776&b_num=11940,2023,유,미부착,,내부확인 필요,공공누리 2~4유형,,,,,,O,,업무상 촬영 사진 / 행사 참가자 초상권 포함,
,471,부안군립도서관,HOME > 도서관소개 > 작은도서관 > 줄포 갈대숲 작은도서관 > 갤러리,갤러리, 2023 보태니컬 아트 4차(오후반),https://lib.buan.go.kr/main/contents.do?proc_type=view&a_num=88907776&b_num=11941,2023,유,미부착,,내부확인 필요,공공누리 2~4유형,,,,,,O,,업무상 촬영 사진 / 행사 참가자 초상권 포함,
,472,부안군립도서관,HOME > 도서관소개 > 작은도서관 > 줄포 갈대숲 작은도서관 > 갤러리,갤러리, 2023 원예 수업1차 ,https://lib.buan.go.kr/main/contents.do?proc_type=view&a_num=88907776&b_num=11947,2023,유,미부착,,내부확인 필요,공공누리 2~4유형,,,,,,O,,업무상 촬영 사진 / 행사 참가자 초상권 포함,
,473,부안군립도서관,HOME > 도서관소개 > 작은도서관 > 줄포 갈대숲 작은도서관 > 갤러리,갤러리, 2023 원예 수업 2차,https://lib.buan.go.kr/main/contents.do?proc_type=view&a_num=88907776&b_num=11948,2023,유,미부착,,내부확인 필요,공공누리 2~4유형,,,,,,O,,업무상 촬영 사진 / 행사 참가자 초상권 포함,
,474,부안군립도서관,HOME > 도서관소개 > 작은도서관 > 줄포 갈대숲 작은도서관 > 갤러리,갤러리, 2023 원예 수업 3차,https://lib.buan.go.kr/main/contents.do?proc_type=view&a_num=88907776&b_num=11949,2023,유,미부착,,내부확인 필요,공공누리 2~4유형,,,,,,O,,업무상 촬영 사진 / 행사 참가자 초상권 포함,
,475,부안군립도서관,HOME > 도서관소개 > 작은도서관 > 줄포 갈대숲 작은도서관 > 갤러리,갤러리, 2023 원예 수업 4차,https://lib.buan.go.kr/main/contents.do?proc_type=view&a_num=88907776&b_num=11950,2023,유,미부착,,내부확인 필요,공공누리 2~4유형,,,,,,O,,업무상 촬영 사진 / 행사 참가자 초상권 포함,
,476,부안군립도서관,HOME > 도서관소개 > 작은도서관 > 줄포 갈대숲 작은도서관 > 갤러리,갤러리, 2023 아로마 테라피 1차,https://lib.buan.go.kr/main/contents.do?proc_type=view&a_num=88907776&b_num=11951,2023,유,미부착,,내부확인 필요,공공누리 2~4유형,,,,,,O,,업무상 촬영 사진 / 행사 참가자 초상권 포함,
,477,부안군립도서관,HOME > 도서관소개 > 작은도서관 > 줄포 갈대숲 작은도서관 > 갤러리,갤러리, 2023 아로마 테라피 2차,https://lib.buan.go.kr/main/contents.do?proc_type=view&a_num=88907776&b_num=11952,2023,유,미부착,,내부확인 필요,공공누리 2~4유형,,,,,,O,,업무상 촬영 사진 / 행사 참가자 초상권 포함,
,478,부안군립도서관,HOME > 도서관소개 > 작은도서관 > 부안 청우 작은도서관 > 갤러리,갤러리, 청우 작은도서관 외관 및 일반자료실 ,https://lib.buan.go.kr/main/contents.do?proc_type=view&a_num=80688985&b_num=11829,2023,유,미부착,,개방 가능,공공누리 1유형,,,O,,,,,저작물성 없음,
,479,부안군립도서관,HOME > 도서관소개 > 작은도서관 > 부안 청우 작은도서관 > 갤러리,갤러리, 우리동네 생활SOC작은도서관 청우,https://lib.buan.go.kr/main/contents.do?proc_type=view&a_num=80688985&b_num=11835,2023,유,미부착,,개방 가능,공공누리 1유형,,,O,,,,,저작물성 없음,
,480,부안군립도서관,HOME > 도서관소개 > 작은도서관 > 부안 청우 작은도서관 > 갤러리,갤러리, 청우 작은도서관 어린이 글놀이 손놀이 ,https://lib.buan.go.kr/main/contents.do?proc_type=view&a_num=80688985&b_num=11862,2023,유,미부착,,내부확인 필요,공공누리 2~4유형,,,,,O,,,제3자 작성 이미지,
,481,부안군립도서관,HOME > 도서관소개 > 작은도서관 > 부안 청우 작은도서관 > 갤러리,갤러리, 청우 작은도서관 견학프로그램 [아기별어린이집],https://lib.buan.go.kr/main/contents.do?proc_type=view&a_num=80688985&b_num=11863,2023,유,미부착,,내부확인 필요,공공누리 2~4유형,,,,,O,○,,제3자 작성 이미지,
,482,부안군립도서관,HOME > 도서관소개 > 작은도서관 > 부안 청우 작은도서관 > 갤러리,갤러리, 청우 작은도서관 개관프로그램 우리 코바늘 시작해요~ ,https://lib.buan.go.kr/main/contents.do?proc_type=view&a_num=80688985&b_num=11864,2023,유,미부착,,내부확인 필요,공공누리 2~4유형,,,,,O,○,,제3자 작성 이미지,
,483,부안군립도서관,HOME > 도서관소개 > 작은도서관 > 부안 청우 작은도서관 > 갤러리,갤러리, 0713 코바늘 2차시 강의 ,https://lib.buan.go.kr/main/contents.do?proc_type=view&a_num=80688985&b_num=11868,2023,유,미부착,,내부확인 필요,공공누리 2~4유형,,,O,,,O,,행사 참가자 초상권 포함,
,484,부안군립도서관,HOME > 도서관소개 > 작은도서관 > 부안 청우 작은도서관 > 갤러리,갤러리, 코바늘 3차시 강의/ 0720,https://lib.buan.go.kr/main/contents.do?proc_type=view&a_num=80688985&b_num=11879,2023,유,미부착,,개방 가능,공공누리 1유형,,,O,,,,,업무상 저작물,
,485,부안군립도서관,HOME > 도서관소개 > 작은도서관 > 부안 청우 작은도서관 > 갤러리,갤러리, 청우 작은도서관 견학프로그램 [엄마사랑어린이집],https://lib.buan.go.kr/main/contents.do?proc_type=view&a_num=80688985&b_num=11880,2023,유,미부착,,내부확인 필요,공공누리 2~4유형,,,,O,,O,,"초상권, 제3자의 권리",
,486,부안군립도서관,HOME > 도서관소개 > 작은도서관 > 부안 청우 작은도서관 > 갤러리,갤러리, 0727 코바늘 4차시 강의 ,https://lib.buan.go.kr/main/contents.do?proc_type=view&a_num=80688985&b_num=11881,2023,유,미부착,,내부확인 필요,공공누리 2~4유형,,,O,,,O,,행사 참가자 초상권 포함,
,487,부안군립도서관,HOME > 도서관소개 > 작은도서관 > 부안 청우 작은도서관 > 갤러리,갤러리, 도서관은 글자 놀이터2,https://lib.buan.go.kr/main/contents.do?proc_type=view&a_num=80688985&b_num=11883,2023,유,미부착,,내부확인 필요,공공누리 2~4유형,,,,,O,,,제3자 작성 이미지,
,488,부안군립도서관,HOME > 도서관소개 > 작은도서관 > 부안 청우 작은도서관 > 갤러리,갤러리, 0803 코바늘 5차시 강의 튤립꽃만들기,https://lib.buan.go.kr/main/contents.do?proc_type=view&a_num=80688985&b_num=11889,2023,유,미부착,,내부확인 필요,공공누리 2~4유형,,,O,,,O,,행사 참가자 초상권 포함,
,489,부안군립도서관,HOME > 도서관소개 > 작은도서관 > 부안 청우 작은도서관 > 갤러리,갤러리, 도서관은 글자놀이터 3,https://lib.buan.go.kr/main/contents.do?proc_type=view&a_num=80688985&b_num=11890,2023,유,미부착,,내부확인 필요,공공누리 2~4유형,,,,O,,O,,"초상권, 제3자의 권리",
,490,부안군립도서관,HOME > 도서관소개 > 작은도서관 > 부안 청우 작은도서관 > 갤러리,갤러리, 도서관은 글자놀이터 4,https://lib.buan.go.kr/main/contents.do?proc_type=view&a_num=80688985&b_num=11891,2023,유,미부착,,내부확인 필요,공공누리 2~4유형,,,,O,,O,,"초상권, 제3자의 권리",
,491,부안군립도서관,HOME > 도서관소개 > 작은도서관 > 부안 청우 작은도서관 > 갤러리,갤러리, 도서관은 글자놀이터 5,https://lib.buan.go.kr/main/contents.do?proc_type=view&a_num=80688985&b_num=11894,2023,유,미부착,,내부확인 필요,공공누리 2~4유형,,,,O,,O,,"초상권, 제3자의 권리",
,492,부안군립도서관,HOME > 도서관소개 > 작은도서관 > 부안 청우 작은도서관 > 갤러리,갤러리, 도서관은 글자놀이터 6,https://lib.buan.go.kr/main/contents.do?proc_type=view&a_num=80688985&b_num=11895,2023,유,미부착,,내부확인 필요,공공누리 2~4유형,,,,O,,O,,"초상권, 제3자의 권리",
,493,부안군립도서관,HOME > 도서관소개 > 작은도서관 > 부안 청우 작은도서관 > 갤러리,갤러리, 들락날락 작은도서관 [라온어린이집]5~7세,https://lib.buan.go.kr/main/contents.do?proc_type=view&a_num=80688985&b_num=11897,2023,유,미부착,,내부확인 필요,공공누리 2~4유형,,,,O,,O,,"초상권, 제3자의 권리",
,494,부안군립도서관,HOME > 도서관소개 > 작은도서관 > 부안 청우 작은도서관 > 갤러리,갤러리, 코바늘 6차시 강의,https://lib.buan.go.kr/main/contents.do?proc_type=view&a_num=80688985&b_num=11898,2023,유,미부착,,내부확인 필요,공공누리 2~4유형,,,O,,,O,,행사 참가자 초상권 포함,
,495,부안군립도서관,HOME > 도서관소개 > 작은도서관 > 부안 청우 작은도서관 > 갤러리,갤러리, 책 톡톡 독서교실 ,https://lib.buan.go.kr/main/contents.do?proc_type=view&a_num=80688985&b_num=11899,2023,유,미부착,,내부확인 필요,공공누리 2~4유형,,,,O,,O,,"초상권, 제3자의 권리",
,496,부안군립도서관,HOME > 도서관소개 > 작은도서관 > 부안 청우 작은도서관 > 갤러리,갤러리, 들락날락 작은도서관 [비타민어린이집] 4세 ,https://lib.buan.go.kr/main/contents.do?proc_type=view&a_num=80688985&b_num=11900,2023,유,미부착,,내부확인 필요,공공누리 2~4유형,,,,O,,O,,"초상권, 제3자의 권리",
,497,부안군립도서관,HOME > 도서관소개 > 작은도서관 > 부안 청우 작은도서관 > 갤러리,갤러리, 들락날락 작은도서관 [라온어린이집]4세,https://lib.buan.go.kr/main/contents.do?proc_type=view&a_num=80688985&b_num=11901,2023,유,미부착,,내부확인 필요,공공누리 2~4유형,,,,O,,O,,"초상권, 제3자의 권리",
,498,부안군립도서관,HOME > 도서관소개 > 작은도서관 > 부안 청우 작은도서관 > 갤러리,갤러리, 코바늘 7차시 강의,https://lib.buan.go.kr/main/contents.do?proc_type=view&a_num=80688985&b_num=11902,2023,유,미부착,,개방 가능,공공누리 1유형,,,O,,,,,업무상 저작물,
,499,부안군립도서관,HOME > 도서관소개 > 작은도서관 > 부안 청우 작은도서관 > 갤러리,갤러리, 도서관은 글자놀이터 또북또북책읽기 ,https://lib.buan.go.kr/main/contents.do?proc_type=view&a_num=80688985&b_num=11903,2023,유,미부착,,내부확인 필요,공공누리 2~4유형,,,O,O,,O,,"초상권, 제3자의 권리",
,500,부안군립도서관,HOME > 도서관소개 > 작은도서관 > 부안 청우 작은도서관 > 갤러리,갤러리, 도서관은 글자놀이터 썰매 ,https://lib.buan.go.kr/main/contents.do?proc_type=view&a_num=80688985&b_num=11904,2023,유,미부착,,내부확인 필요,공공누리 2~4유형,,,,O,,O,,"초상권, 제3자의 권리",
,501,부안군립도서관,HOME > 도서관소개 > 작은도서관 > 부안 청우 작은도서관 > 갤러리,갤러리, 코바늘 8차시 강의/ 패브릭 얀 바구니,https://lib.buan.go.kr/main/contents.do?proc_type=view&a_num=80688985&b_num=11905,2023,유,미부착,,내부확인 필요,공공누리 2~4유형,,,O,,,O,,저작물성 없음,
,502,부안군립도서관,HOME > 도서관소개 > 작은도서관 > 부안 청우 작은도서관 > 갤러리,갤러리, 코바늘 ９차시 패브릭얀 마무리,https://lib.buan.go.kr/main/contents.do?proc_type=view&a_num=80688985&b_num=11910,2023,유,미부착,,내부확인 필요,공공누리 2~4유형,,,O,,,O,,저작물성 없음,
,503,부안군립도서관,HOME > 도서관소개 > 작은도서관 > 부안 청우 작은도서관 > 갤러리,갤러리, 코바늘１０차시 버킷백시작,https://lib.buan.go.kr/main/contents.do?proc_type=view&a_num=80688985&b_num=11911,2023,유,미부착,,내부확인 필요,공공누리 2~4유형,,,,O,,O,,"초상권, 제3자의 권리",
,504,부안군립도서관,HOME > 도서관소개 > 작은도서관 > 부안 청우 작은도서관 > 갤러리,갤러리, 코바늘１1차시 버킷백 무늬만들기,https://lib.buan.go.kr/main/contents.do?proc_type=view&a_num=80688985&b_num=11918,2023,유,미부착,,내부확인 필요,공공누리 2~4유형,,,,,,O,,행사 참가자 초상권 포함,
,505,부안군립도서관,HOME > 도서관소개 > 작은도서관 > 부안 청우 작은도서관 > 갤러리,갤러리, 코바늘 12차시 버킷백 완성 및 책거리,https://lib.buan.go.kr/main/contents.do?proc_type=view&a_num=80688985&b_num=11919,2023,유,미부착,,내부확인 필요,공공누리 2~4유형,,,,,,O,,행사 참가자 초상권 포함,
,506,부안군립도서관,HOME > 도서관소개 > 작은도서관 > 부안 청우 작은도서관 > 갤러리,갤러리, 도서관은 글자놀이터 [추석놀이] ,https://lib.buan.go.kr/main/contents.do?proc_type=view&a_num=80688985&b_num=11920,2023,유,미부착,,내부확인 필요,공공누리 2~4유형,,,O,O,,O,,"초상권, 제3자의 권리",
,507,부안군립도서관,HOME > 도서관소개 > 작은도서관 > 부안 청우 작은도서관 > 갤러리,갤러리, 도서관은 글자놀이터[한글날맞이 1],https://lib.buan.go.kr/main/contents.do?proc_type=view&a_num=80688985&b_num=11921,2023,유,미부착,,내부확인 필요,공공누리 2~4유형,,,O,O,,O,,"초상권, 제3자의 권리",
,508,부안군립도서관,HOME > 도서관소개 > 작은도서관 > 부안 청우 작은도서관 > 갤러리,갤러리, 도서관은 글자 놀이터 한글날맞이 2,https://lib.buan.go.kr/main/contents.do?proc_type=view&a_num=80688985&b_num=11923,2023,유,미부착,,내부확인 필요,공공누리 2~4유형,,,O,O,,O,,"초상권, 제3자의 권리",
,509,부안군립도서관,HOME > 도서관소개 > 작은도서관 > 부안 청우 작은도서관 > 갤러리,갤러리, 숲으로 간 도서관 1회차 [그림책 : 숲 속 도서관] ,https://lib.buan.go.kr/main/contents.do?proc_type=view&a_num=80688985&b_num=11946,2023,유,미부착,,내부확인 필요,공공누리 2~4유형,,,,,O,O,,"이미지, 행사참가자 초상권 포함",
,510,부안군립도서관,HOME > 도서관소개 > 작은도서관 > 부안 청우 작은도서관 > 갤러리,갤러리, 숲으로 간 도서관 2회차 [그림책 : 프레드릭] ,https://lib.buan.go.kr/main/contents.do?proc_type=view&a_num=80688985&b_num=11965,2023,유,미부착,,내부확인 필요,공공누리 2~4유형,,,,,O,O,,"이미지, 행사참가자 초상권 포함",
,511,부안군립도서관,HOME > 도서관소개 > 작은도서관 > 부안 청우 작은도서관 > 갤러리,갤러리, 숲으로 간 도서관 3회차 [그림책 : 내가 할게!] ,https://lib.buan.go.kr/main/contents.do?proc_type=view&a_num=80688985&b_num=11966,2023,유,미부착,,내부확인 필요,공공누리 2~4유형,,,,,,O,,행사 참가자 초상권 포함,
,512,부안군립도서관,HOME > 도서관소개 > 작은도서관 > 부안 청우 작은도서관 > 갤러리,갤러리, 숲으로 간 도서관 4회차 [그림책 : 소중한 하루],https://lib.buan.go.kr/main/contents.do?proc_type=view&a_num=80688985&b_num=11970,2023,유,미부착,,내부확인 필요,공공누리 2~4유형,,,,,,O,,행사 참가자 초상권 포함,
,513,부안군립도서관,HOME > 도서관소개 > 작은도서관 > 부안 청우 작은도서관 > 갤러리,갤러리, 맛있는 도서관 1회차 &lt;그림책 : 코코스키&gt;,https://lib.buan.go.kr/main/contents.do?proc_type=view&a_num=80688985&b_num=11971,2023,유,미부착,,내부확인 필요,공공누리 2~4유형,,,,,,O,,행사 참가자 초상권 포함,
,514,부안군립도서관,HOME > 도서관소개 > 작은도서관 > 부안 청우 작은도서관 > 갤러리,갤러리, 맛있는 도서관 2회차 &lt;그림책 : 감귤기차&gt;,https://lib.buan.go.kr/main/contents.do?proc_type=view&a_num=80688985&b_num=11972,2023,유,미부착,,내부확인 필요,공공누리 2~4유형,,,O,,,O,,행사 참가자 초상권 포함,
,515,부안군립도서관,HOME > 도서관소개 > 작은도서관 > 부안 청우 작은도서관 > 갤러리,갤러리, 맛있는 도서관 3회차 &lt;그림책 : 장수탕선녀님&gt;,https://lib.buan.go.kr/main/contents.do?proc_type=view&a_num=80688985&b_num=11975,2023,유,미부착,,내부확인 필요,공공누리 2~4유형,,,,,O,O,,"이미지, 행사참가자 초상권 포함",
,516,부안군립도서관,HOME > 도서관소개 > 작은도서관 > 부안 청우 작은도서관 > 갤러리,갤러리, 맛있는 도서관 4회차 &lt;그림책 : 겨울이불&gt;,https://lib.buan.go.kr/main/contents.do?proc_type=view&a_num=80688985&b_num=11979,2023,유,미부착,,내부확인 필요,공공누리 2~4유형,,,,,,O,,행사 참가자 초상권 포함,
,517,부안군립도서관,HOME > 도서관소개 > 작은도서관 > 부안 청우 작은도서관 > 갤러리,갤러리, 날마다 도서관,https://lib.buan.go.kr/main/contents.do?proc_type=view&a_num=80688985&b_num=11981,2024,유,미부착,,내부확인 필요,공공누리 2~4유형,,,,O,,O,,"초상권, 제3자의 권리",
,518,부안군립도서관,HOME > 도서관소개 > 작은도서관 > 부안 청우 작은도서관 > 갤러리,갤러리, 날마다 도서관,https://lib.buan.go.kr/main/contents.do?proc_type=view&a_num=80688985&b_num=11982,2024,유,미부착,,내부확인 필요,공공누리 2~4유형,,,,O,,O,,"초상권, 제3자의 권리",
,519,부안군립도서관,HOME > 도서관소개 > 작은도서관 > 부안 청우 작은도서관 > 갤러리,갤러리, 0120토요일독서문화모임장소제공 ,https://lib.buan.go.kr/main/contents.do?proc_type=view&a_num=80688985&b_num=11983,2024,유,미부착,,개방 가능,공공누리 1유형,,,O,,,,,업무상 저작물,
,520,부안군립도서관,HOME > 도서관소개 > 작은도서관 > 부안 청우 작은도서관 > 갤러리,갤러리, 두런두런작은도서관 [단어수집가],https://lib.buan.go.kr/main/contents.do?proc_type=view&a_num=80688985&b_num=11984,2024,유,미부착,,내부확인 필요,공공누리 2~4유형,,,,O,,O,,"초상권, 제3자의 권리",
,521,부안군립도서관,HOME > 도서관소개 > 작은도서관 > 부안 청우 작은도서관 > 갤러리,갤러리, 01/27날마다 도서관 ,https://lib.buan.go.kr/main/contents.do?proc_type=view&a_num=80688985&b_num=11985,2024,유,미부착,,내부확인 필요,공공누리 2~4유형,,,O,,,O,,행사 참가자 초상권 포함,
,522,부안군립도서관,HOME > 도서관소개 > 작은도서관 > 부안 청우 작은도서관 > 갤러리,갤러리, 1/30 날마다도서관,https://lib.buan.go.kr/main/contents.do?proc_type=view&a_num=80688985&b_num=11986,2024,유,미부착,,내부확인 필요,공공누리 2~4유형,,,,O,,O,,"초상권, 제3자의 권리",
,523,부안군립도서관,HOME > 도서관소개 > 작은도서관 > 부안 청우 작은도서관 > 갤러리,갤러리, 두런두런 작은도서관[내마음ㅅㅅㅎ],https://lib.buan.go.kr/main/contents.do?proc_type=view&a_num=80688985&b_num=11991,2024,유,미부착,,내부확인 필요,공공누리 2~4유형,,,,O,,O,,"초상권, 제3자의 권리",
,524,부안군립도서관,HOME > 도서관소개 > 작은도서관 > 부안 청우 작은도서관 > 갤러리,갤러리, 청우작은도서관 수공예동아리,https://lib.buan.go.kr/main/contents.do?proc_type=view&a_num=80688985&b_num=11992,2024,유,미부착,,내부확인 필요,공공누리 2~4유형,,,,,,O,,업무상 촬영 사진 / 행사 참가자 초상권 포함,
,525,부안군립도서관,HOME > 도서관소개 > 작은도서관 > 부안 청우 작은도서관 > 갤러리,갤러리, 청우작은도서관과 정월대보름,https://lib.buan.go.kr/main/contents.do?proc_type=view&a_num=80688985&b_num=11995,2024,유,미부착,,내부확인 필요,공공누리 2~4유형,,,,O,,O,,"초상권, 제3자의 권리",
,526,부안군립도서관,HOME > 도서관소개 > 작은도서관 > 부안 청우 작은도서관 > 갤러리,갤러리, 정월대보름~책읽어부럼~ ,https://lib.buan.go.kr/main/contents.do?proc_type=view&a_num=80688985&b_num=11997,2024,유,미부착,,내부확인 필요,공공누리 2~4유형,,,O,,,O,,행사 참가자 초상권 포함,
,527,부안군립도서관,HOME > 도서관소개 > 작은도서관 > 부안 청우 작은도서관 > 갤러리,갤러리, 청우 작은도서관 인기도서투표!,https://lib.buan.go.kr/main/contents.do?proc_type=view&a_num=80688985&b_num=12012,2024,유,미부착,,내부확인 필요,공공누리 2~4유형,,,,O,,O,,"초상권, 제3자의 권리",
,528,부안군립도서관,HOME > 도서관소개 > 작은도서관 > 부안 청우 작은도서관 > 갤러리,갤러리, 청우작은도서관 상반기 프로그램소개 ,https://lib.buan.go.kr/main/contents.do?proc_type=view&a_num=80688985&b_num=12013,2024,유,미부착,,내부확인 필요,공공누리 2~4유형,,,,,O,,,제3자 작성 이미지,
,529,부안군립도서관,HOME > 도서관소개 > 작은도서관 > 부안 청우 작은도서관 > 갤러리,갤러리, 우리함께뜨개 코바늘 1회차,https://lib.buan.go.kr/main/contents.do?proc_type=view&a_num=80688985&b_num=12022,2024,유,미부착,,내부확인 필요,공공누리 2~4유형,,,,,O,O,,"초상권, 제3자의 권리",
,530,부안군립도서관,HOME > 도서관소개 > 작은도서관 > 부안 청우 작은도서관 > 갤러리,갤러리, 방과후 도서관 어린이공예1회차,https://lib.buan.go.kr/main/contents.do?proc_type=view&a_num=80688985&b_num=12023,2024,유,미부착,,내부확인 필요,공공누리 2~4유형,,,,,,O,,업무상 촬영 사진 / 행사 참가자 초상권 포함,
,531,부안군립도서관,HOME > 도서관소개 > 작은도서관 > 부안 청우 작은도서관 > 갤러리,갤러리, 토요일 어린이집친구들의 방문 ,https://lib.buan.go.kr/main/contents.do?proc_type=view&a_num=80688985&b_num=12024,2024,유,미부착,,내부확인 필요,공공누리 2~4유형,,,O,,,O,,참가자의 초상권,
,532,부안군립도서관,HOME > 도서관소개 > 작은도서관 > 부안 청우 작은도서관 > 갤러리,갤러리, 책 굽는 도서관 /자율독서 후 주제 정하기,https://lib.buan.go.kr/main/contents.do?proc_type=view&a_num=80688985&b_num=12025,2024,유,미부착,,내부확인 필요,공공누리 2~4유형,,,O,,,O,,참가자의 초상권,
,533,부안군립도서관,HOME > 도서관소개 > 작은도서관 > 부안 청우 작은도서관 > 갤러리,갤러리, 방과 후 시 굽는 도서관 ,https://lib.buan.go.kr/main/contents.do?proc_type=view&a_num=80688985&b_num=12026,2024,유,미부착,,내부확인 필요,공공누리 2~4유형,,,O,,,O,,참가자의 초상권,
,534,부안군립도서관,HOME > 도서관소개 > 작은도서관 > 부안 청우 작은도서관 > 갤러리,갤러리, 방과 후 숲으로 가자,https://lib.buan.go.kr/main/contents.do?proc_type=view&a_num=80688985&b_num=12028,2024,유,미부착,,내부확인 필요,공공누리 2~4유형,,,O,,,O,,참가자의 초상권,
,535,부안군립도서관,HOME > 도서관소개 > 작은도서관 > 부안 청우 작은도서관 > 갤러리,갤러리, 우리 함께 뜨개 2회차 ,https://lib.buan.go.kr/main/contents.do?proc_type=view&a_num=80688985&b_num=12029,2024,유,미부착,,내부확인 필요,공공누리 2~4유형,,,O,,,O,,행사 참가자 초상권 포함,
,536,부안군립도서관,HOME > 도서관소개 > 작은도서관 > 부안 청우 작은도서관 > 갤러리,갤러리, 책 굽는 도서관 /의성어 의태어를 알아요 ,https://lib.buan.go.kr/main/contents.do?proc_type=view&a_num=80688985&b_num=12031,2024,유,미부착,,내부확인 필요,공공누리 2~4유형,,,O,,O,O,,"초상권, 제3자의 권리",
,537,부안군립도서관,HOME > 도서관소개 > 작은도서관 > 부안 청우 작은도서관 > 갤러리,갤러리, 시굽는 도서관 / ~가면 게임 ,https://lib.buan.go.kr/main/contents.do?proc_type=view&a_num=80688985&b_num=12032,2024,유,미부착,,내부확인 필요,공공누리 2~4유형,,,,,,O,,업무상 촬영 사진 / 행사 참가자 초상권 포함,
,538,부안군립도서관,HOME > 도서관소개 > 작은도서관 > 부안 청우 작은도서관 > 갤러리,갤러리, 방과 후 책 굽는 도서관 / 배경 색 입히기,https://lib.buan.go.kr/main/contents.do?proc_type=view&a_num=80688985&b_num=12045,2024,유,미부착,,내부확인 필요,공공누리 2~4유형,,,O,,O,,,제3자 작성 이미지,
,539,부안군립도서관,HOME > 도서관소개 > 작은도서관 > 부안 청우 작은도서관 > 갤러리,갤러리, 방과후 도서관 어린이공예2회차,https://lib.buan.go.kr/main/contents.do?proc_type=view&a_num=80688985&b_num=12053,2024,유,미부착,,내부확인 필요,공공누리 2~4유형,,,,,O,O,,"초상권, 제3자의 권리",
,540,부안군립도서관,HOME > 도서관소개 > 작은도서관 > 부안 청우 작은도서관 > 갤러리,갤러리, 우리함께뜨개 코바늘 3-4회차,https://lib.buan.go.kr/main/contents.do?proc_type=view&a_num=80688985&b_num=12054,2024,유,미부착,,내부확인 필요,공공누리 2~4유형,,,O,,,O,,행사 참가자 초상권 포함,
,541,부안군립도서관,HOME > 도서관소개 > 작은도서관 > 부안 청우 작은도서관 > 갤러리,갤러리, 방과 후 도서관 그림책만들기,https://lib.buan.go.kr/main/contents.do?proc_type=view&a_num=80688985&b_num=12055,2024,유,미부착,,내부확인 필요,공공누리 2~4유형,,,O,,,O,,행사 참가자 초상권 포함,
,542,부안군립도서관,HOME > 도서관소개 > 작은도서관 > 부안 청우 작은도서관 > 갤러리,갤러리, 수공예 동아리 재능나눔수업 ,https://lib.buan.go.kr/main/contents.do?proc_type=view&a_num=80688985&b_num=12056,2024,유,미부착,,내부확인 필요,공공누리 2~4유형,,,O,,O,O,,"초상권, 제3자의 권리",
,543,부안군립도서관,HOME > 도서관소개 > 작은도서관 > 부안 청우 작은도서관 > 갤러리,갤러리, 방과 후 숲으로 가자~ ,https://lib.buan.go.kr/main/contents.do?proc_type=view&a_num=80688985&b_num=12057,2024,유,미부착,,내부확인 필요,공공누리 2~4유형,,,O,,,O,,행사 참가자 초상권 포함,
,544,부안군립도서관,HOME > 도서관소개 > 작은도서관 > 부안 청우 작은도서관 > 갤러리,갤러리, 방과 후 숲으로 가자~ ,https://lib.buan.go.kr/main/contents.do?proc_type=view&a_num=80688985&b_num=12058,2024,유,미부착,,내부확인 필요,공공누리 2~4유형,,,O,,,O,,행사 참가자 초상권 포함,
,545,부안군립도서관,HOME > 도서관소개 > 작은도서관 > 부안 청우 작은도서관 > 갤러리,갤러리, 방과 후 책 굽는 도서관 / 야외수업,https://lib.buan.go.kr/main/contents.do?proc_type=view&a_num=80688985&b_num=12061,2024,유,미부착,,내부확인 필요,공공누리 2~4유형,,,,,O,O,,"초상권, 제3자의 권리",
,546,부안군립도서관,HOME > 도서관소개 > 작은도서관 > 부안 청우 작은도서관 > 갤러리,갤러리, 청우작은도서관 방과후 숲 놀이,https://lib.buan.go.kr/main/contents.do?proc_type=view&a_num=80688985&b_num=12065,2024,유,미부착,,내부확인 필요,공공누리 2~4유형,,,O,,,O,,행사 참가자 초상권 포함,
,547,부안군립도서관,HOME > 도서관소개 > 작은도서관 > 부안 청우 작은도서관 > 갤러리,갤러리, 청우작은도서관 독서동아리 공간지원 ,https://lib.buan.go.kr/main/contents.do?proc_type=view&a_num=80688985&b_num=12066,2024,유,미부착,,내부확인 필요,공공누리 2~4유형,,,O,,O,,,제3자 작성 이미지,
,548,부안군립도서관,HOME > 도서관소개 > 작은도서관 > 부안 청우 작은도서관 > 갤러리,갤러리, 우리함께뜨개 5-6회차 ,https://lib.buan.go.kr/main/contents.do?proc_type=view&a_num=80688985&b_num=12069,2024,유,미부착,,내부확인 필요,공공누리 2~4유형,,,O,,,O,,저작물성 없음,
,549,부안군립도서관,HOME > 도서관소개 > 작은도서관 > 부안 청우 작은도서관 > 갤러리,갤러리, 방과후 어린이 공예 곰돌이 비누 ,https://lib.buan.go.kr/main/contents.do?proc_type=view&a_num=80688985&b_num=12070,2024,유,미부착,,내부확인 필요,공공누리 2~4유형,,,,,,O,,업무상 촬영 사진 / 행사 참가자 초상권 포함,
,550,부안군립도서관,HOME > 도서관소개 > 작은도서관 > 부안 청우 작은도서관 > 갤러리,갤러리, 청우작은도서관 어린이집견,https://lib.buan.go.kr/main/contents.do?proc_type=view&a_num=80688985&b_num=12072,2024,유,미부착,,내부확인 필요,공공누리 2~4유형,,,,,,O,,업무상 촬영 사진 / 행사 참가자 초상권 포함,
,551,부안군립도서관,HOME > 도서관소개 > 작은도서관 > 부안 청우 작은도서관 > 갤러리,갤러리, 6/21라온어린이집 작은도서관 견학 ,https://lib.buan.go.kr/main/contents.do?proc_type=view&a_num=80688985&b_num=12076,2024,유,미부착,,내부확인 필요,공공누리 2~4유형,,,,,,O,,업무상 촬영 사진 / 행사 참가자 초상권 포함,
,552,부안군립도서관,HOME > 도서관소개 > 작은도서관 > 부안 청우 작은도서관 > 갤러리,갤러리, 원광백양어린이집 작은도서관 견학 ,https://lib.buan.go.kr/main/contents.do?proc_type=view&a_num=80688985&b_num=12077,2024,유,미부착,,내부확인 필요,공공누리 2~4유형,,,O,,,O,,행사 참가자 초상권 포함,
,553,부안군립도서관,HOME > 도서관소개 > 작은도서관 > 위도 고슴도치 작은도서관 > 갤러리,갤러리, 고슴도치 작은도서관 전경,https://lib.buan.go.kr/main/contents.do?proc_type=view&a_num=35204652&b_num=11987,2024,유,미부착,,개방 가능,공공누리 1유형,,,O,,,,,업무상 촬영 사진 / 도서관 내부,
,554,부안군립도서관,HOME > 도서관소개 > 작은도서관 > 위도 고슴도치 작은도서관 > 갤러리,갤러리, 고슴도치 작은도서관 전경,https://lib.buan.go.kr/main/contents.do?proc_type=view&a_num=35204652&b_num=11988,2024,유,미부착,,개방 가능,공공누리 1유형,,,O,,,,,업무상 촬영 사진 / 도서관 내부,
,555,부안군립도서관,HOME > 도서관소개 > 작은도서관 > 위도 고슴도치 작은도서관 > 갤러리,갤러리, 고슴도치 작은도서관 전경,https://lib.buan.go.kr/main/contents.do?proc_type=view&a_num=35204652&b_num=11989,2024,유,미부착,,개방 가능,공공누리 1유형,,,O,,,,,업무상 촬영 사진 / 도서관 내부,
,556,부안군립도서관,HOME > 도서관소개 > 작은도서관 > 위도 고슴도치 작은도서관 > 갤러리,갤러리, 서예수업 1회차,https://lib.buan.go.kr/main/contents.do?proc_type=view&a_num=35204652&b_num=12007,2024,유,미부착,,내부확인 필요,공공누리 2~4유형,,,,,,O,,업무상 촬영 사진 / 행사 참가자 초상권 포함,
,557,부안군립도서관,HOME > 도서관소개 > 작은도서관 > 위도 고슴도치 작은도서관 > 갤러리,갤러리, 창작미술 수업 1회차 ,https://lib.buan.go.kr/main/contents.do?proc_type=view&a_num=35204652&b_num=12008,2024,유,미부착,,내부확인 필요,공공누리 2~4유형,,,O,,,O,,행사 참가자 초상권 포함,
,558,부안군립도서관,HOME > 도서관소개 > 작은도서관 > 위도 고슴도치 작은도서관 > 갤러리,갤러리, 정리수납 1회차,https://lib.buan.go.kr/main/contents.do?proc_type=view&a_num=35204652&b_num=12009,2024,유,미부착,,내부확인 필요,공공누리 2~4유형,,,,,,O,,업무상 촬영 사진 / 행사 참가자 초상권 포함,
,559,부안군립도서관,HOME > 도서관소개 > 작은도서관 > 위도 고슴도치 작은도서관 > 갤러리,갤러리, 한글교실 1회차,https://lib.buan.go.kr/main/contents.do?proc_type=view&a_num=35204652&b_num=12010,2024,유,미부착,,내부확인 필요,공공누리 2~4유형,,,,,,O,,업무상 촬영 사진 / 행사 참가자 초상권 포함,
,560,부안군립도서관,HOME > 도서관소개 > 작은도서관 > 위도 고슴도치 작은도서관 > 갤러리,갤러리, 서예수업 2회차,https://lib.buan.go.kr/main/contents.do?proc_type=view&a_num=35204652&b_num=12014,2024,유,미부착,,내부확인 필요,공공누리 2~4유형,,,,,,O,,업무상 촬영 사진 / 행사 참가자 초상권 포함,
,561,부안군립도서관,HOME > 도서관소개 > 작은도서관 > 위도 고슴도치 작은도서관 > 갤러리,갤러리, 창작미술 2회차,https://lib.buan.go.kr/main/contents.do?proc_type=view&a_num=35204652&b_num=12015,2024,유,미부착,,내부확인 필요,공공누리 2~4유형,,,,,,O,,업무상 촬영 사진 / 행사 참가자 초상권 포함,
,562,부안군립도서관,HOME > 도서관소개 > 작은도서관 > 위도 고슴도치 작은도서관 > 갤러리,갤러리, 정리수납 2회차,https://lib.buan.go.kr/main/contents.do?proc_type=view&a_num=35204652&b_num=12016,2024,유,미부착,,내부확인 필요,공공누리 2~4유형,,,,,,O,,업무상 촬영 사진 / 행사 참가자 초상권 포함,
,563,부안군립도서관,HOME > 도서관소개 > 작은도서관 > 위도 고슴도치 작은도서관 > 갤러리,갤러리, 한글교실 2회차,https://lib.buan.go.kr/main/contents.do?proc_type=view&a_num=35204652&b_num=12017,2024,유,미부착,,내부확인 필요,공공누리 2~4유형,,,,,,O,,업무상 촬영 사진 / 행사 참가자 초상권 포함,
,564,부안군립도서관,HOME > 도서관소개 > 작은도서관 > 위도 고슴도치 작은도서관 > 갤러리,갤러리, 문화프로그램 3회차,https://lib.buan.go.kr/main/contents.do?proc_type=view&a_num=35204652&b_num=12039,2024,유,미부착,,내부확인 필요,공공누리 2~4유형,,,,,,O,,업무상 촬영 사진 / 행사 참가자 초상권 포함,
,565,부안군립도서관,HOME > 도서관소개 > 작은도서관 > 위도 고슴도치 작은도서관 > 갤러리,갤러리, 문화프로그램 4회차,https://lib.buan.go.kr/main/contents.do?proc_type=view&a_num=35204652&b_num=12040,2024,유,미부착,,내부확인 필요,공공누리 2~4유형,,,,,,O,,업무상 촬영 사진 / 행사 참가자 초상권 포함,
,566,부안군립도서관,HOME > 도서관소개 > 작은도서관 > 위도 고슴도치 작은도서관 > 갤러리,갤러리, 문화프로그램 5회차,https://lib.buan.go.kr/main/contents.do?proc_type=view&a_num=35204652&b_num=12050,2024,유,미부착,,내부확인 필요,공공누리 2~4유형,,,,,,O,,업무상 촬영 사진 / 행사 참가자 초상권 포함,
,567,부안군립도서관,HOME > 도서관소개 > 작은도서관 > 위도 고슴도치 작은도서관 > 갤러리,갤러리, 문화프로그램 6회차,https://lib.buan.go.kr/main/contents.do?proc_type=view&a_num=35204652&b_num=12064,2024,유,미부착,,내부확인 필요,공공누리 2~4유형,,,,,,O,,업무상 촬영 사진 / 행사 참가자 초상권 포함,
,568,부안군립도서관,HOME > 도서관소개 > 작은도서관 > 위도 고슴도치 작은도서관 > 갤러리,갤러리, 문화프로그램 7회차,https://lib.buan.go.kr/main/contents.do?proc_type=view&a_num=35204652&b_num=12074,2024,유,미부착,,내부확인 필요,공공누리 2~4유형,,,,,,O,,업무상 촬영 사진 / 행사 참가자 초상권 포함,
,569,부안군립도서관,HOME > 도서관소개 > 스마트도서관 > 꽃내음 스마트도서관 > 갤러리,갤러리, 스마트도서관,https://lib.buan.go.kr/main/contents.do?proc_type=view&a_num=20464372&b_num=11386,2022,유,미부착,,개방 가능,공공누리 1유형,,,O,,,,,저작물성 없음,
,570,부안군립도서관,HOME > 도서관소개 > 스마트도서관 > 꽃내음 스마트도서관 > 갤러리,갤러리, 스마트도서관 이용 ,https://lib.buan.go.kr/main/contents.do?proc_type=view&a_num=20464372&b_num=11387,2022,유,미부착,,내부확인 필요,공공누리 2~4유형,,,,,,O,,일반인 초상 ,
