Unnamed: 0,Unnamed: 1,Unnamed: 2,Unnamed: 3,Unnamed: 4,Unnamed: 5,Unnamed: 6,Unnamed: 7,Unnamed: 8,Unnamed: 9,Unnamed: 10,Unnamed: 11,Unnamed: 12,O,O.1,O.2,O.3,O.4,O.5,Unnamed: 19,Unnamed: 20
,[국회도서관] 공공저작물 권리확인 요청 목록 (월간 국회도서관),,,,,,,,,,,,,,,,,,,
,순번,사이트명,게시물 제목,url,발행년,저자,발행처,기존 공공누리 유형,,개방여부,공공누리유형,,검토불가,단순/업무/비보호,제3자 권리,이미지/첨부파일,초상권,개인정보,의견,비고
,1,국회전자도서관,明齋先生遺稿(及)別集. 冊14-26,https://dl.nanet.go.kr/search/searchInnerDetail.do?searchType=INNER_SEARCH&resultType=INNER_SEARCH_DETAIL&searchMehtod=L&searchClass=S&controlNo=OLDP1201400006,18--,,,미부착,,개방 가능,만료공공저작물,,,O,,,,,만료저작물,
,2,국회전자도서관,明齋先生遺稿(及)別集. 冊1-13,https://dl.nanet.go.kr/search/searchInnerDetail.do?searchType=INNER_SEARCH&resultType=INNER_SEARCH_DETAIL&searchMehtod=L&searchClass=S&controlNo=OLDP1198029889,18--,,,미부착,,개방 가능,만료공공저작물,,,O,,,,,만료저작물,
,3,국회전자도서관,內外案,https://dl.nanet.go.kr/search/searchInnerDetail.do?searchType=INNER_SEARCH&resultType=INNER_SEARCH_DETAIL&searchMehtod=L&searchClass=S&controlNo=OLDP1000000024,1800,,,미부착,,개방 가능,만료공공저작물,,,O,,,,,만료저작물,
,4,국회전자도서관,"杜草堂詩, 1-4",https://dl.nanet.go.kr/search/searchInnerDetail.do?searchType=INNER_SEARCH&resultType=INNER_SEARCH_DETAIL&searchMehtod=L&searchClass=S&controlNo=OLDP1000000029,1800,,,미부착,,개방 가능,만료공공저작물,,,O,,,,,만료저작물,
,5,국회전자도서관,"陶靖節詩, 1-2",https://dl.nanet.go.kr/search/searchInnerDetail.do?searchType=INNER_SEARCH&resultType=INNER_SEARCH_DETAIL&searchMehtod=L&searchClass=S&controlNo=OLDP1000000027,1800,,,미부착,,개방 가능,만료공공저작물,,,O,,,,,만료저작물,
,6,국회전자도서관,"湖南節義錄, 冊1-5",https://dl.nanet.go.kr/search/searchInnerDetail.do?searchType=INNER_SEARCH&resultType=INNER_SEARCH_DETAIL&searchMehtod=L&searchClass=S&controlNo=OLDP1198040814,1800,,,미부착,,개방 가능,만료공공저작물,,,O,,,,,만료저작물,
,7,국회전자도서관,雙節錄,https://dl.nanet.go.kr/search/searchInnerDetail.do?searchType=INNER_SEARCH&resultType=INNER_SEARCH_DETAIL&searchMehtod=L&searchClass=S&controlNo=OLDP1000000018,1800,,,미부착,,개방 가능,만료공공저작물,,,O,,,,,만료저작물,
,8,국회전자도서관,朱書百選. 冊 1-2,https://dl.nanet.go.kr/search/searchInnerDetail.do?searchType=INNER_SEARCH&resultType=INNER_SEARCH_DETAIL&searchMehtod=L&searchClass=S&controlNo=OLDP12022000000059,1800,,,미부착,,개방 가능,만료공공저작물,,,O,,,,,만료저작물,
,9,국회전자도서관,御定四部手圈. 冊1-5,https://dl.nanet.go.kr/search/searchInnerDetail.do?searchType=INNER_SEARCH&resultType=INNER_SEARCH_DETAIL&searchMehtod=L&searchClass=S&controlNo=OLDP1000000161,1801,,,미부착,,개방 가능,만료공공저작물,,,O,,,,,만료저작물,
,10,국회전자도서관,"陸放翁詩抄, 鱗, 龜, 龍, 鳳",https://dl.nanet.go.kr/search/searchInnerDetail.do?searchType=INNER_SEARCH&resultType=INNER_SEARCH_DETAIL&searchMehtod=L&searchClass=S&controlNo=OLDP1198040469,1801,,,미부착,,개방 가능,만료공공저작물,,,O,,,,,만료저작물,
,11,국회전자도서관,御定四部手圈. 冊6-12,https://dl.nanet.go.kr/search/searchInnerDetail.do?searchType=INNER_SEARCH&resultType=INNER_SEARCH_DETAIL&searchMehtod=L&searchClass=S&controlNo=OLDP1201400004,1801,,,미부착,,개방 가능,만료공공저작물,,,O,,,,,만료저작물,
,12,국회전자도서관,河西先生全集. 冊5-8,https://dl.nanet.go.kr/search/searchInnerDetail.do?searchType=INNER_SEARCH&resultType=INNER_SEARCH_DETAIL&searchMehtod=L&searchClass=S&controlNo=OLDP1201200086,1802,,,미부착,,개방 가능,만료공공저작물,,,O,,,,,만료저작물,
,13,국회전자도서관,河西先生全集. 冊1-4,https://dl.nanet.go.kr/search/searchInnerDetail.do?searchType=INNER_SEARCH&resultType=INNER_SEARCH_DETAIL&searchMehtod=L&searchClass=S&controlNo=OLDP1198029171,1802,,,미부착,,개방 가능,만료공공저작물,,,O,,,,,만료저작물,
,14,국회전자도서관,日峰壙誌,https://dl.nanet.go.kr/search/searchInnerDetail.do?searchType=INNER_SEARCH&resultType=INNER_SEARCH_DETAIL&searchMehtod=L&searchClass=S&controlNo=OLDP1198021062,1802,,,미부착,,개방 가능,만료공공저작물,,,O,,,,,만료저작물,
,15,국회전자도서관,資治通鑑綱目(及)續. 冊91-100,https://dl.nanet.go.kr/search/searchInnerDetail.do?searchType=INNER_SEARCH&resultType=INNER_SEARCH_DETAIL&searchMehtod=L&searchClass=S&controlNo=OLDP1201400021,1803,,,미부착,,개방 가능,만료공공저작물,,,O,,,,,만료저작물,
,16,국회전자도서관,資治通鑑綱目(及)續. 冊1-10,https://dl.nanet.go.kr/search/searchInnerDetail.do?searchType=INNER_SEARCH&resultType=INNER_SEARCH_DETAIL&searchMehtod=L&searchClass=S&controlNo=OLDP1198042238,1803,,,미부착,,개방 가능,만료공공저작물,,,O,,,,,만료저작물,
,17,국회전자도서관,資治通鑑綱目(及)續. 冊61-70,https://dl.nanet.go.kr/search/searchInnerDetail.do?searchType=INNER_SEARCH&resultType=INNER_SEARCH_DETAIL&searchMehtod=L&searchClass=S&controlNo=OLDP1198042239,1803,,,미부착,,개방 가능,만료공공저작물,,,O,,,,,만료저작물,
,18,국회전자도서관,資治通鑑綱目(及)續. 冊81-90,https://dl.nanet.go.kr/search/searchInnerDetail.do?searchType=INNER_SEARCH&resultType=INNER_SEARCH_DETAIL&searchMehtod=L&searchClass=S&controlNo=OLDP1201400022,1803,,,미부착,,개방 가능,만료공공저작물,,,O,,,,,만료저작물,
,19,국회전자도서관,資治通鑑綱目(及)續. 冊111-120,https://dl.nanet.go.kr/search/searchInnerDetail.do?searchType=INNER_SEARCH&resultType=INNER_SEARCH_DETAIL&searchMehtod=L&searchClass=S&controlNo=OLDP1201400019,1803,,,미부착,,개방 가능,만료공공저작물,,,O,,,,,만료저작물,
,20,국회전자도서관,資治通鑑綱目(及)續. 冊71-80,https://dl.nanet.go.kr/search/searchInnerDetail.do?searchType=INNER_SEARCH&resultType=INNER_SEARCH_DETAIL&searchMehtod=L&searchClass=S&controlNo=OLDP1201400023,1803,,,미부착,,개방 가능,만료공공저작물,,,O,,,,,만료저작물,
,21,국회전자도서관,資治通鑑綱目(及)續. 冊21-30,https://dl.nanet.go.kr/search/searchInnerDetail.do?searchType=INNER_SEARCH&resultType=INNER_SEARCH_DETAIL&searchMehtod=L&searchClass=S&controlNo=OLDP1201400017,1803,,,미부착,,개방 가능,만료공공저작물,,,O,,,,,만료저작물,
,22,국회전자도서관,資治通鑑綱目(及)續. 冊11-20,https://dl.nanet.go.kr/search/searchInnerDetail.do?searchType=INNER_SEARCH&resultType=INNER_SEARCH_DETAIL&searchMehtod=L&searchClass=S&controlNo=OLDP1201400018,1803,,,미부착,,개방 가능,만료공공저작물,,,O,,,,,만료저작물,
,23,국회전자도서관,資治通鑑綱目(及)續. 冊41-50,https://dl.nanet.go.kr/search/searchInnerDetail.do?searchType=INNER_SEARCH&resultType=INNER_SEARCH_DETAIL&searchMehtod=L&searchClass=S&controlNo=OLDP1201400015,1803,,,미부착,,개방 가능,만료공공저작물,,,O,,,,,만료저작물,
,24,국회전자도서관,資治通鑑綱目(及)續. 冊31-40,https://dl.nanet.go.kr/search/searchInnerDetail.do?searchType=INNER_SEARCH&resultType=INNER_SEARCH_DETAIL&searchMehtod=L&searchClass=S&controlNo=OLDP1201400016,1803,,,미부착,,개방 가능,만료공공저작물,,,O,,,,,만료저작물,
,25,국회전자도서관,資治通鑑綱目(及)續. 冊51-60,https://dl.nanet.go.kr/search/searchInnerDetail.do?searchType=INNER_SEARCH&resultType=INNER_SEARCH_DETAIL&searchMehtod=L&searchClass=S&controlNo=OLDP1201400014,1803,,,미부착,,개방 가능,만료공공저작물,,,O,,,,,만료저작물,
,26,국회전자도서관,資治通鑑綱目(及)續. 冊101-110,https://dl.nanet.go.kr/search/searchInnerDetail.do?searchType=INNER_SEARCH&resultType=INNER_SEARCH_DETAIL&searchMehtod=L&searchClass=S&controlNo=OLDP1201400020,1803,,,미부착,,개방 가능,만료공공저작물,,,O,,,,,만료저작물,
,27,국회전자도서관,"鐵城聯芳集, 冊1-3",https://dl.nanet.go.kr/search/searchInnerDetail.do?searchType=INNER_SEARCH&resultType=INNER_SEARCH_DETAIL&searchMehtod=L&searchClass=S&controlNo=OLDP1198040269,1804,,,미부착,,개방 가능,만료공공저작물,,,O,,,,,만료저작물,
,28,국회전자도서관,"東國文獻, 元, 亨, 利, 貞",https://dl.nanet.go.kr/search/searchInnerDetail.do?searchType=INNER_SEARCH&resultType=INNER_SEARCH_DETAIL&searchMehtod=L&searchClass=S&controlNo=OLDP1200500296,1804,,,미부착,,개방 가능,만료공공저작물,,,O,,,,,만료저작물,
,29,국회전자도서관,"痘科彙編, 冊1-2",https://dl.nanet.go.kr/search/searchInnerDetail.do?searchType=INNER_SEARCH&resultType=INNER_SEARCH_DETAIL&searchMehtod=L&searchClass=S&controlNo=OLDP1198028898,1807,,,미부착,,개방 가능,만료공공저작물,,,O,,,,,만료저작물,
,30,국회전자도서관,訥隱先生文集. 冊5-8,https://dl.nanet.go.kr/search/searchInnerDetail.do?searchType=INNER_SEARCH&resultType=INNER_SEARCH_DETAIL&searchMehtod=L&searchClass=S&controlNo=OLDP1201200148,1808,,,미부착,,개방 가능,만료공공저작물,,,O,,,,,만료저작물,
,31,국회전자도서관,訥隱先生文集. 冊1-4,https://dl.nanet.go.kr/search/searchInnerDetail.do?searchType=INNER_SEARCH&resultType=INNER_SEARCH_DETAIL&searchMehtod=L&searchClass=S&controlNo=OLDP1198029895,1808,,,미부착,,개방 가능,만료공공저작물,,,O,,,,,만료저작물,
,32,국회전자도서관,訥隱先生文集. 冊9-11,https://dl.nanet.go.kr/search/searchInnerDetail.do?searchType=INNER_SEARCH&resultType=INNER_SEARCH_DETAIL&searchMehtod=L&searchClass=S&controlNo=OLDP1201200149,1808,,,미부착,,개방 가능,만료공공저작물,,,O,,,,,만료저작물,
,33,국회전자도서관,"恒齋先生文集, 上, 中, 下",https://dl.nanet.go.kr/search/searchInnerDetail.do?searchType=INNER_SEARCH&resultType=INNER_SEARCH_DETAIL&searchMehtod=L&searchClass=S&controlNo=OLDP1198040060,1808,,,미부착,,개방 가능,만료공공저작물,,,O,,,,,만료저작물,
,34,국회전자도서관,"海東三綱錄, 冊1-7",https://dl.nanet.go.kr/search/searchInnerDetail.do?searchType=INNER_SEARCH&resultType=INNER_SEARCH_DETAIL&searchMehtod=L&searchClass=S&controlNo=OLDP1198040670,1809,,,미부착,,개방 가능,만료공공저작물,,,O,,,,,만료저작물,
,35,국회전자도서관,崇禎百八十二年己巳元子誕降慶增廣司馬榜目,https://dl.nanet.go.kr/search/searchInnerDetail.do?searchType=INNER_SEARCH&resultType=INNER_SEARCH_DETAIL&searchMehtod=L&searchClass=S&controlNo=OLDP1000000477,1810,,,미부착,,개방 가능,만료공공저작물,,,O,,,,,만료저작물,
,36,국회전자도서관,關西問答錄(幷)附錄,https://dl.nanet.go.kr/search/searchInnerDetail.do?searchType=INNER_SEARCH&resultType=INNER_SEARCH_DETAIL&searchMehtod=L&searchClass=S&controlNo=OLDP1000000200,1811,,,미부착,,개방 가능,만료공공저작물,,,O,,,,,만료저작물,
,37,국회전자도서관,楓崖先生集,https://dl.nanet.go.kr/search/searchInnerDetail.do?searchType=INNER_SEARCH&resultType=INNER_SEARCH_DETAIL&searchMehtod=L&searchClass=S&controlNo=OLDP1198028970,1812,,,미부착,,개방 가능,만료공공저작물,,,O,,,,,만료저작물,
,38,국회전자도서관,丹邱墓誌,https://dl.nanet.go.kr/search/searchInnerDetail.do?searchType=INNER_SEARCH&resultType=INNER_SEARCH_DETAIL&searchMehtod=L&searchClass=S&controlNo=OLDP1198021061,1812,,,미부착,,개방 가능,만료공공저작물,,,O,,,,,만료저작물,
,39,국회전자도서관,列聖御製,https://dl.nanet.go.kr/search/searchInnerDetail.do?searchType=INNER_SEARCH&resultType=INNER_SEARCH_DETAIL&searchMehtod=L&searchClass=S&controlNo=OLDP1000000047,1814,,,미부착,,개방 가능,만료공공저작물,,,O,,,,,만료저작물,
,40,국회전자도서관,金陵集. 冊7-12,https://dl.nanet.go.kr/search/searchInnerDetail.do?searchType=INNER_SEARCH&resultType=INNER_SEARCH_DETAIL&searchMehtod=L&searchClass=S&controlNo=OLDP1201300004,1815,,,미부착,,개방 가능,만료공공저작물,,,O,,,,,만료저작물,
,41,국회전자도서관,金陵集. 冊1-3,https://dl.nanet.go.kr/search/searchInnerDetail.do?searchType=INNER_SEARCH&resultType=INNER_SEARCH_DETAIL&searchMehtod=L&searchClass=S&controlNo=OLDP1198040379,1815,,,미부착,,개방 가능,만료공공저작물,,,O,,,,,만료저작물,
,42,국회전자도서관,"朝鮮珍花蕣集, 全",https://dl.nanet.go.kr/search/searchInnerDetail.do?searchType=INNER_SEARCH&resultType=INNER_SEARCH_DETAIL&searchMehtod=L&searchClass=S&controlNo=OLDP3198024888,1815,,,미부착,,개방 가능,만료공공저작물,,,O,,,,,만료저작물,
,43,국회전자도서관,金陵集. 冊4-6,https://dl.nanet.go.kr/search/searchInnerDetail.do?searchType=INNER_SEARCH&resultType=INNER_SEARCH_DETAIL&searchMehtod=L&searchClass=S&controlNo=OLDP1201400010,1815,,,미부착,,개방 가능,만료공공저작물,,,O,,,,,만료저작물,
,44,국회전자도서관,李子性理書,https://dl.nanet.go.kr/search/searchInnerDetail.do?searchType=INNER_SEARCH&resultType=INNER_SEARCH_DETAIL&searchMehtod=L&searchClass=S&controlNo=OLDP1000000211,1816,,,미부착,,개방 가능,만료공공저작물,,,O,,,,,만료저작물,
,45,국회전자도서관,"桐溪先生年譜, 全",https://dl.nanet.go.kr/search/searchInnerDetail.do?searchType=INNER_SEARCH&resultType=INNER_SEARCH_DETAIL&searchMehtod=L&searchClass=S&controlNo=OLDP1198040798,1817,,,미부착,,개방 가능,만료공공저작물,,,O,,,,,만료저작물,
,46,국회전자도서관,Account of a voyage of discovery to the West Coast of Corea and the Great Loo-Choo : with an appendix,https://dl.nanet.go.kr/search/searchInnerDetail.do?searchType=INNER_SEARCH&resultType=INNER_SEARCH_DETAIL&searchMehtod=L&searchClass=S&controlNo=OLDP2196002528,1818,,,미부착,,개방 가능,만료공공저작물,,,O,,,,,만료저작물,
,47,국회전자도서관,"新編醫學正傳, 冊1-8",https://dl.nanet.go.kr/search/searchInnerDetail.do?searchType=INNER_SEARCH&resultType=INNER_SEARCH_DETAIL&searchMehtod=L&searchClass=S&controlNo=OLDP1198028904,1819,,,미부착,,개방 가능,만료공공저작물,,,O,,,,,만료저작물,
,48,국회전자도서관,論語諺解. 冊1-4,https://dl.nanet.go.kr/search/searchInnerDetail.do?searchType=INNER_SEARCH&resultType=INNER_SEARCH_DETAIL&searchMehtod=L&searchClass=S&controlNo=OLDP1000000506,1820,,,미부착,,개방 가능,만료공공저작물,,,O,,,,,만료저작물,
,49,국회전자도서관,詩傳大全. 冊1-5,https://dl.nanet.go.kr/search/searchInnerDetail.do?searchType=INNER_SEARCH&resultType=INNER_SEARCH_DETAIL&searchMehtod=L&searchClass=S&controlNo=OLDP1000000287,1820,,,미부착,,개방 가능,만료공공저작물,,,O,,,,,만료저작물,
,50,국회전자도서관,書傳大全. 冊6-10,https://dl.nanet.go.kr/search/searchInnerDetail.do?searchType=INNER_SEARCH&resultType=INNER_SEARCH_DETAIL&searchMehtod=L&searchClass=S&controlNo=OLDP1201200002,1820,,,미부착,,개방 가능,만료공공저작물,,,O,,,,,만료저작물,
,51,국회전자도서관,"書傳諺解, 冊1-5",https://dl.nanet.go.kr/search/searchInnerDetail.do?searchType=INNER_SEARCH&resultType=INNER_SEARCH_DETAIL&searchMehtod=L&searchClass=S&controlNo=OLDP1000000277,1820,,,미부착,,개방 가능,만료공공저작물,,,O,,,,,만료저작물,
,52,국회전자도서관,大學諺解,https://dl.nanet.go.kr/search/searchInnerDetail.do?searchType=INNER_SEARCH&resultType=INNER_SEARCH_DETAIL&searchMehtod=L&searchClass=S&controlNo=OLDP1000000489,1820,,,미부착,,개방 가능,만료공공저작물,,,O,,,,,만료저작물,
,53,국회전자도서관,"周易傳義大全, 冊1-14",https://dl.nanet.go.kr/search/searchInnerDetail.do?searchType=INNER_SEARCH&resultType=INNER_SEARCH_DETAIL&searchMehtod=L&searchClass=S&controlNo=OLDP1000000267,1820,,,미부착,,개방 가능,만료공공저작물,,,O,,,,,만료저작물,
,54,국회전자도서관,論語集註大全. 冊1-7,https://dl.nanet.go.kr/search/searchInnerDetail.do?searchType=INNER_SEARCH&resultType=INNER_SEARCH_DETAIL&searchMehtod=L&searchClass=S&controlNo=OLDP1000000503,1820,,,미부착,,개방 가능,만료공공저작물,,,O,,,,,만료저작물,
,55,국회전자도서관,"孟子集註大全, 冊1-7",https://dl.nanet.go.kr/search/searchInnerDetail.do?searchType=INNER_SEARCH&resultType=INNER_SEARCH_DETAIL&searchMehtod=L&searchClass=S&controlNo=OLDP1000000245,1820,,,미부착,,개방 가능,만료공공저작물,,,O,,,,,만료저작물,
,56,국회전자도서관,"孟子諺解, 冊1-7",https://dl.nanet.go.kr/search/searchInnerDetail.do?searchType=INNER_SEARCH&resultType=INNER_SEARCH_DETAIL&searchMehtod=L&searchClass=S&controlNo=OLDP1000000243,1820,,,미부착,,개방 가능,만료공공저작물,,,O,,,,,만료저작물,
,57,국회전자도서관,"詩經諺解, 冊1-7",https://dl.nanet.go.kr/search/searchInnerDetail.do?searchType=INNER_SEARCH&resultType=INNER_SEARCH_DETAIL&searchMehtod=L&searchClass=S&controlNo=OLDP1000000282,1820,,,미부착,,개방 가능,만료공공저작물,,,O,,,,,만료저작물,
,58,국회전자도서관,書傳大全. 冊1-5,https://dl.nanet.go.kr/search/searchInnerDetail.do?searchType=INNER_SEARCH&resultType=INNER_SEARCH_DETAIL&searchMehtod=L&searchClass=S&controlNo=OLDP1000000275,1820,,,미부착,,개방 가능,만료공공저작물,,,O,,,,,만료저작물,
,59,국회전자도서관,中庸章句大全,https://dl.nanet.go.kr/search/searchInnerDetail.do?searchType=INNER_SEARCH&resultType=INNER_SEARCH_DETAIL&searchMehtod=L&searchClass=S&controlNo=OLDP1000000499,1820,,,미부착,,개방 가능,만료공공저작물,,,O,,,,,만료저작물,
,60,국회전자도서관,大學章句大全,https://dl.nanet.go.kr/search/searchInnerDetail.do?searchType=INNER_SEARCH&resultType=INNER_SEARCH_DETAIL&searchMehtod=L&searchClass=S&controlNo=OLDP1000000496,1820,,,미부착,,개방 가능,만료공공저작물,,,O,,,,,만료저작물,
,61,국회전자도서관,詩傳大全. 冊6-10,https://dl.nanet.go.kr/search/searchInnerDetail.do?searchType=INNER_SEARCH&resultType=INNER_SEARCH_DETAIL&searchMehtod=L&searchClass=S&controlNo=OLDP1201200005,1820,,,미부착,,개방 가능,만료공공저작물,,,O,,,,,만료저작물,
,62,국회전자도서관,中庸諺解,https://dl.nanet.go.kr/search/searchInnerDetail.do?searchType=INNER_SEARCH&resultType=INNER_SEARCH_DETAIL&searchMehtod=L&searchClass=S&controlNo=OLDP1000000500,1820,,,미부착,,개방 가능,만료공공저작물,,,O,,,,,만료저작물,
,63,국회전자도서관,"梅窓先生文集(幷)年譜, 天, 地, 人",https://dl.nanet.go.kr/search/searchInnerDetail.do?searchType=INNER_SEARCH&resultType=INNER_SEARCH_DETAIL&searchMehtod=L&searchClass=S&controlNo=OLDP1198040106,1821,,,미부착,,개방 가능,만료공공저작물,,,O,,,,,만료저작물,
,64,국회전자도서관,崇禎紀元後四壬午增廣司馬榜目,https://dl.nanet.go.kr/search/searchInnerDetail.do?searchType=INNER_SEARCH&resultType=INNER_SEARCH_DETAIL&searchMehtod=L&searchClass=S&controlNo=OLDP1000000478,1822,,,미부착,,개방 가능,만료공공저작물,,,O,,,,,만료저작물,
,65,국회전자도서관,"新編標題纂圖환瀛誌, 全",https://dl.nanet.go.kr/search/searchInnerDetail.do?searchType=INNER_SEARCH&resultType=INNER_SEARCH_DETAIL&searchMehtod=L&searchClass=S&controlNo=OLDP1198040611,1822,,,미부착,,개방 가능,만료공공저작물,,,O,,,,,만료저작물,
,66,국회전자도서관,"杜谷先生文集, 乾, 坤",https://dl.nanet.go.kr/search/searchInnerDetail.do?searchType=INNER_SEARCH&resultType=INNER_SEARCH_DETAIL&searchMehtod=L&searchClass=S&controlNo=OLDP1198040176,1823,,,미부착,,개방 가능,만료공공저작물,,,O,,,,,만료저작물,
,67,국회전자도서관,"雙忠錄, 冊1-2",https://dl.nanet.go.kr/search/searchInnerDetail.do?searchType=INNER_SEARCH&resultType=INNER_SEARCH_DETAIL&searchMehtod=L&searchClass=S&controlNo=OLDP1198040811,1823,,,미부착,,개방 가능,만료공공저작물,,,O,,,,,만료저작물,
,68,국회전자도서관,"瓢隱先生文集, 冊1-2",https://dl.nanet.go.kr/search/searchInnerDetail.do?searchType=INNER_SEARCH&resultType=INNER_SEARCH_DETAIL&searchMehtod=L&searchClass=S&controlNo=OLDP1198029158,1824,,,미부착,,개방 가능,만료공공저작물,,,O,,,,,만료저작물,
,69,국회전자도서관,"心經附註, 冊1, 2",https://dl.nanet.go.kr/search/searchInnerDetail.do?searchType=INNER_SEARCH&resultType=INNER_SEARCH_DETAIL&searchMehtod=L&searchClass=S&controlNo=OLDP1000000257,1826,,,미부착,,개방 가능,만료공공저작물,,,O,,,,,만료저작물,
,70,국회전자도서관,"栗翁遺稿, 全",https://dl.nanet.go.kr/search/searchInnerDetail.do?searchType=INNER_SEARCH&resultType=INNER_SEARCH_DETAIL&searchMehtod=L&searchClass=S&controlNo=OLDP1198028952,1826,,,미부착,,개방 가능,만료공공저작물,,,O,,,,,만료저작물,
,71,국회전자도서관,苟全先生文集. 冊1-4,https://dl.nanet.go.kr/search/searchInnerDetail.do?searchType=INNER_SEARCH&resultType=INNER_SEARCH_DETAIL&searchMehtod=L&searchClass=S&controlNo=OLDP1198029187,1826,,,미부착,,개방 가능,만료공공저작물,,,O,,,,,만료저작물,
,72,국회전자도서관,關東題詠,https://dl.nanet.go.kr/search/searchInnerDetail.do?searchType=INNER_SEARCH&resultType=INNER_SEARCH_DETAIL&searchMehtod=L&searchClass=S&controlNo=OLDP1198021058,1826,,,미부착,,개방 가능,만료공공저작물,,,O,,,,,만료저작물,
,73,국회전자도서관,"皇朝經世文編, 1-20",https://dl.nanet.go.kr/search/searchInnerDetail.do?searchType=INNER_SEARCH&resultType=INNER_SEARCH_DETAIL&searchMehtod=L&searchClass=S&controlNo=OLDP1200500402,1827,,,미부착,,개방 가능,만료공공저작물,,,O,,,,,만료저작물,
,74,국회전자도서관,"皇朝經世文編, 61-80",https://dl.nanet.go.kr/search/searchInnerDetail.do?searchType=INNER_SEARCH&resultType=INNER_SEARCH_DETAIL&searchMehtod=L&searchClass=S&controlNo=OLDP1200500413,1827,,,미부착,,개방 가능,만료공공저작물,,,O,,,,,만료저작물,
,75,국회전자도서관,"皇朝經世文編, 41-60",https://dl.nanet.go.kr/search/searchInnerDetail.do?searchType=INNER_SEARCH&resultType=INNER_SEARCH_DETAIL&searchMehtod=L&searchClass=S&controlNo=OLDP1200500410,1827,,,미부착,,개방 가능,만료공공저작물,,,O,,,,,만료저작물,
,76,국회전자도서관,"皇朝經世文編, 21-40",https://dl.nanet.go.kr/search/searchInnerDetail.do?searchType=INNER_SEARCH&resultType=INNER_SEARCH_DETAIL&searchMehtod=L&searchClass=S&controlNo=OLDP1200500407,1827,,,미부착,,개방 가능,만료공공저작물,,,O,,,,,만료저작물,
,77,국회전자도서관,"忠敬公梅軒廉先生遺集, 全",https://dl.nanet.go.kr/search/searchInnerDetail.do?searchType=INNER_SEARCH&resultType=INNER_SEARCH_DETAIL&searchMehtod=L&searchClass=S&controlNo=OLDP1198029856,1827,,,미부착,,개방 가능,만료공공저작물,,,O,,,,,만료저작물,
,78,국회전자도서관,"靑丘雜製, 全",https://dl.nanet.go.kr/search/searchInnerDetail.do?searchType=INNER_SEARCH&resultType=INNER_SEARCH_DETAIL&searchMehtod=L&searchClass=S&controlNo=OLDP1198040376,1827,,,미부착,,개방 가능,만료공공저작물,,,O,,,,,만료저작물,
,79,국회전자도서관,南華經,https://dl.nanet.go.kr/search/searchInnerDetail.do?searchType=INNER_SEARCH&resultType=INNER_SEARCH_DETAIL&searchMehtod=L&searchClass=S&controlNo=OLDP1199914008,1829,,,미부착,,개방 가능,만료공공저작물,,,O,,,,,만료저작물,
,80,국회전자도서관,"詩經, 冊2",https://dl.nanet.go.kr/search/searchInnerDetail.do?searchType=INNER_SEARCH&resultType=INNER_SEARCH_DETAIL&searchMehtod=L&searchClass=S&controlNo=OLDP3000000083,1830,,,미부착,,개방 가능,만료공공저작물,,,O,,,,,만료저작물,
,81,국회전자도서관,"妙法蓮華經, 1-7",https://dl.nanet.go.kr/search/searchInnerDetail.do?searchType=INNER_SEARCH&resultType=INNER_SEARCH_DETAIL&searchMehtod=L&searchClass=S&controlNo=OLDP1200819170,1830,,,미부착,,개방 가능,만료공공저작물,,,O,,,,,만료저작물,
,82,국회전자도서관,羅州鄭氏族譜. 冊1,https://dl.nanet.go.kr/search/searchInnerDetail.do?searchType=INNER_SEARCH&resultType=INNER_SEARCH_DETAIL&searchMehtod=L&searchClass=S&controlNo=OLDP1198040859,1831,,,미부착,,개방 가능,만료공공저작물,,,O,,,,,만료저작물,
,83,국회전자도서관,"書傳, 冊1, 2",https://dl.nanet.go.kr/search/searchInnerDetail.do?searchType=INNER_SEARCH&resultType=INNER_SEARCH_DETAIL&searchMehtod=L&searchClass=S&controlNo=OLDP1000000280,1832,,,미부착,,개방 가능,만료공공저작물,,,O,,,,,만료저작물,
,84,국회전자도서관,龍谷阡表,https://dl.nanet.go.kr/search/searchInnerDetail.do?searchType=INNER_SEARCH&resultType=INNER_SEARCH_DETAIL&searchMehtod=L&searchClass=S&controlNo=OLDP1198022340,1832,,,미부착,,개방 가능,만료공공저작물,,,O,,,,,만료저작물,
,85,국회전자도서관,日峰阡表,https://dl.nanet.go.kr/search/searchInnerDetail.do?searchType=INNER_SEARCH&resultType=INNER_SEARCH_DETAIL&searchMehtod=L&searchClass=S&controlNo=OLDP1198021059,1833,,,미부착,,개방 가능,만료공공저작물,,,O,,,,,만료저작물,
,86,국회전자도서관,"沙川文集. 乾, 坤",https://dl.nanet.go.kr/search/searchInnerDetail.do?searchType=INNER_SEARCH&resultType=INNER_SEARCH_DETAIL&searchMehtod=L&searchClass=S&controlNo=OLDP1198022477,1833,,,미부착,,개방 가능,만료공공저작물,,,O,,,,,만료저작물,
,87,국회전자도서관,"(永川郡誌), 全",https://dl.nanet.go.kr/search/searchInnerDetail.do?searchType=INNER_SEARCH&resultType=INNER_SEARCH_DETAIL&searchMehtod=L&searchClass=S&controlNo=OLDP1198040650,1835,,,미부착,,개방 가능,만료공공저작물,,,O,,,,,만료저작물,
,88,국회전자도서관,"杜律分韻, 乾",https://dl.nanet.go.kr/search/searchInnerDetail.do?searchType=INNER_SEARCH&resultType=INNER_SEARCH_DETAIL&searchMehtod=L&searchClass=S&controlNo=OLDP1198040451,1835,,,미부착,,개방 가능,만료공공저작물,,,O,,,,,만료저작물,
,89,국회전자도서관,寶蘇堂印存. 冊1-6,https://dl.nanet.go.kr/search/searchInnerDetail.do?searchType=INNER_SEARCH&resultType=INNER_SEARCH_DETAIL&searchMehtod=L&searchClass=S&controlNo=OLDP3198025244,1835,,,미부착,,개방 가능,만료공공저작물,,,O,,,,,만료저작물,
,90,국회전자도서관,"華東正音通釋韻考, 全",https://dl.nanet.go.kr/search/searchInnerDetail.do?searchType=INNER_SEARCH&resultType=INNER_SEARCH_DETAIL&searchMehtod=L&searchClass=S&controlNo=OLDP1198042250,1841,,,미부착,,개방 가능,만료공공저작물,,,O,,,,,만료저작물,
,91,국회전자도서관,荊棘叢談,https://dl.nanet.go.kr/search/searchInnerDetail.do?searchType=INNER_SEARCH&resultType=INNER_SEARCH_DETAIL&searchMehtod=L&searchClass=S&controlNo=OLDP3000000192,1842,,,미부착,,개방 가능,만료공공저작물,,,O,,,,,만료저작물,
,92,국회전자도서관,崇禎紀元後四癸卯式司馬榜目,https://dl.nanet.go.kr/search/searchInnerDetail.do?searchType=INNER_SEARCH&resultType=INNER_SEARCH_DETAIL&searchMehtod=L&searchClass=S&controlNo=OLDP1000000480,1843,,,미부착,,개방 가능,만료공공저작물,,,O,,,,,만료저작물,
,93,국회전자도서관,"三省錄, 冊1-4",https://dl.nanet.go.kr/search/searchInnerDetail.do?searchType=INNER_SEARCH&resultType=INNER_SEARCH_DETAIL&searchMehtod=L&searchClass=S&controlNo=OLDP1198040594,1843,,,미부착,,개방 가능,만료공공저작물,,,O,,,,,만료저작물,
,94,국회전자도서관,續增洗寃錄辨正,https://dl.nanet.go.kr/search/searchInnerDetail.do?searchType=INNER_SEARCH&resultType=INNER_SEARCH_DETAIL&searchMehtod=L&searchClass=S&controlNo=OLDP1199918207,1844,,,미부착,,개방 가능,만료공공저작물,,,O,,,,,만료저작물,
,95,국회전자도서관,"四禮便覽, 冊1-4",https://dl.nanet.go.kr/search/searchInnerDetail.do?searchType=INNER_SEARCH&resultType=INNER_SEARCH_DETAIL&searchMehtod=L&searchClass=S&controlNo=OLDP1000000553,1844,,,미부착,,개방 가능,만료공공저작물,,,O,,,,,만료저작물,
,96,국회전자도서관,"潛溪李先生遺稿, 乾, 坤",https://dl.nanet.go.kr/search/searchInnerDetail.do?searchType=INNER_SEARCH&resultType=INNER_SEARCH_DETAIL&searchMehtod=L&searchClass=S&controlNo=OLDP1198040055,1847,,,미부착,,개방 가능,만료공공저작물,,,O,,,,,만료저작물,
,97,국회전자도서관,"浩亭河先生文集, 乾, 坤",https://dl.nanet.go.kr/search/searchInnerDetail.do?searchType=INNER_SEARCH&resultType=INNER_SEARCH_DETAIL&searchMehtod=L&searchClass=S&controlNo=OLDP1198040386,1847,,,미부착,,개방 가능,만료공공저작물,,,O,,,,,만료저작물,
,98,국회전자도서관,崇禎紀元後四己酉式司馬榜目,https://dl.nanet.go.kr/search/searchInnerDetail.do?searchType=INNER_SEARCH&resultType=INNER_SEARCH_DETAIL&searchMehtod=L&searchClass=S&controlNo=OLDP1000000479,1849,,,미부착,,개방 가능,만료공공저작물,,,O,,,,,만료저작물,
,99,국회전자도서관,"壬戌三政對策文, 全",https://dl.nanet.go.kr/search/searchInnerDetail.do?searchType=INNER_SEARCH&resultType=INNER_SEARCH_DETAIL&searchMehtod=L&searchClass=S&controlNo=OLDP1198040191,1850,,,미부착,,개방 가능,만료공공저작물,,,O,,,,,만료저작물,
,100,국회전자도서관,崇禎紀元後四庚戌增廣司馬榜目,https://dl.nanet.go.kr/search/searchInnerDetail.do?searchType=INNER_SEARCH&resultType=INNER_SEARCH_DETAIL&searchMehtod=L&searchClass=S&controlNo=OLDP1000000482,1850,,,미부착,,개방 가능,만료공공저작물,,,O,,,,,만료저작물,
,101,국회전자도서관,"海州吳氏世系, 全",https://dl.nanet.go.kr/search/searchInnerDetail.do?searchType=INNER_SEARCH&resultType=INNER_SEARCH_DETAIL&searchMehtod=L&searchClass=S&controlNo=OLDP1198040903,1850,,,미부착,,개방 가능,만료공공저작물,,,O,,,,,만료저작물,
,102,국회전자도서관,祖先手澤,https://dl.nanet.go.kr/search/searchInnerDetail.do?searchType=INNER_SEARCH&resultType=INNER_SEARCH_DETAIL&searchMehtod=L&searchClass=S&controlNo=OLDP1000000058,1851,,,미부착,,개방 가능,만료공공저작물,,,O,,,,,만료저작물,
,103,국회전자도서관,"(嘉永新版)錦百人一首, 全",https://dl.nanet.go.kr/search/searchInnerDetail.do?searchType=INNER_SEARCH&resultType=INNER_SEARCH_DETAIL&searchMehtod=L&searchClass=S&controlNo=OLDP1198040590,1852,,,미부착,,개방 가능,만료공공저작물,,,O,,,,,만료저작물,
,104,국회전자도서관,文苑黼黻續編. 冊1-6,https://dl.nanet.go.kr/search/searchInnerDetail.do?searchType=INNER_SEARCH&resultType=INNER_SEARCH_DETAIL&searchMehtod=L&searchClass=S&controlNo=OLDP1198040201,1852,,,미부착,,개방 가능,만료공공저작물,,,O,,,,,만료저작물,
,105,국회전자도서관,一广遺稿. 冊1-2,https://dl.nanet.go.kr/search/searchInnerDetail.do?searchType=INNER_SEARCH&resultType=INNER_SEARCH_DETAIL&searchMehtod=L&searchClass=S&controlNo=OLDP1198029152,1853,,,미부착,,개방 가능,만료공공저작물,,,O,,,,,만료저작물,
,106,국회전자도서관,楓皐集. 冊5-8,https://dl.nanet.go.kr/search/searchInnerDetail.do?searchType=INNER_SEARCH&resultType=INNER_SEARCH_DETAIL&searchMehtod=L&searchClass=S&controlNo=OLDP1201400005,1854,,,미부착,,개방 가능,만료공공저작물,,,O,,,,,만료저작물,
,107,국회전자도서관,楓皐集. 冊1-4,https://dl.nanet.go.kr/search/searchInnerDetail.do?searchType=INNER_SEARCH&resultType=INNER_SEARCH_DETAIL&searchMehtod=L&searchClass=S&controlNo=OLDP1198029184,1854,,,미부착,,개방 가능,만료공공저작물,,,O,,,,,만료저작물,
,108,국회전자도서관,"朝鮮征伐記. 冊1-2, 4, 7-10",https://dl.nanet.go.kr/search/searchInnerDetail.do?searchType=INNER_SEARCH&resultType=INNER_SEARCH_DETAIL&searchMehtod=L&searchClass=S&controlNo=OLDP32021000000001,1854,,,미부착,,개방 가능,만료공공저작물,,,O,,,,,만료저작물,
,109,국회전자도서관,李忠武公全書. 冊1-8,https://dl.nanet.go.kr/search/searchInnerDetail.do?searchType=INNER_SEARCH&resultType=INNER_SEARCH_DETAIL&searchMehtod=L&searchClass=S&controlNo=OLDP1198040045,1855,,,미부착,,개방 가능,만료공공저작물,,,O,,,,,만료저작물,
,110,국회전자도서관,玉彙韻考,https://dl.nanet.go.kr/search/searchInnerDetail.do?searchType=INNER_SEARCH&resultType=INNER_SEARCH_DETAIL&searchMehtod=L&searchClass=S&controlNo=OLDP1000000688,1857,,,미부착,,개방 가능,만료공공저작물,,,O,,,,,만료저작물,
,111,국회전자도서관,耽羅都重記. 全,https://dl.nanet.go.kr/search/searchInnerDetail.do?searchType=INNER_SEARCH&resultType=INNER_SEARCH_DETAIL&searchMehtod=L&searchClass=S&controlNo=OLDP12021000000002,1858,,,미부착,,개방 가능,만료공공저작물,,,O,,,,,만료저작물,
,112,국회전자도서관,"濯溪先生文集. 乾, 坤",https://dl.nanet.go.kr/search/searchInnerDetail.do?searchType=INNER_SEARCH&resultType=INNER_SEARCH_DETAIL&searchMehtod=L&searchClass=S&controlNo=OLDP12021000000014,1858,,,미부착,,개방 가능,만료공공저작물,,,O,,,,,만료저작물,
,113,국회전자도서관,"小品考, 全",https://dl.nanet.go.kr/search/searchInnerDetail.do?searchType=INNER_SEARCH&resultType=INNER_SEARCH_DETAIL&searchMehtod=L&searchClass=S&controlNo=OLDP3198024887,1859,,,미부착,,개방 가능,만료공공저작물,,,O,,,,,만료저작물,
,114,국회전자도서관,黔巖集(幷)附錄. 冊1-2,https://dl.nanet.go.kr/search/searchInnerDetail.do?searchType=INNER_SEARCH&resultType=INNER_SEARCH_DETAIL&searchMehtod=L&searchClass=S&controlNo=OLDP1198022450,1860,,,미부착,,개방 가능,만료공공저작물,,,O,,,,,만료저작물,
,115,국회전자도서관,飜刻闢邪集. 冊1-2,https://dl.nanet.go.kr/search/searchInnerDetail.do?searchType=INNER_SEARCH&resultType=INNER_SEARCH_DETAIL&searchMehtod=L&searchClass=S&controlNo=OLDP3000000103,1861,,,미부착,,개방 가능,만료공공저작물,,,O,,,,,만료저작물,
,116,국회전자도서관,平壤續志. 全,https://dl.nanet.go.kr/search/searchInnerDetail.do?searchType=INNER_SEARCH&resultType=INNER_SEARCH_DETAIL&searchMehtod=L&searchClass=S&controlNo=OLDP1198040631,1863,,,미부착,,개방 가능,만료공공저작물,,,O,,,,,만료저작물,
,117,국회전자도서관,"思齊先生實記(及)附錄, 冊1-4",https://dl.nanet.go.kr/search/searchInnerDetail.do?searchType=INNER_SEARCH&resultType=INNER_SEARCH_DETAIL&searchMehtod=L&searchClass=S&controlNo=OLDP1198040749,1864,,,미부착,,개방 가능,만료공공저작물,,,O,,,,,만료저작물,
,118,국회전자도서관,隱峯全書附錄. 全,https://dl.nanet.go.kr/search/searchInnerDetail.do?searchType=INNER_SEARCH&resultType=INNER_SEARCH_DETAIL&searchMehtod=L&searchClass=S&controlNo=OLDP1198040767,1864,,,미부착,,개방 가능,만료공공저작물,,,O,,,,,만료저작물,
,119,국회전자도서관,萬國公法. 冊1-4,https://dl.nanet.go.kr/search/searchInnerDetail.do?searchType=INNER_SEARCH&resultType=INNER_SEARCH_DETAIL&searchMehtod=L&searchClass=S&controlNo=OLDP1000000458,1864,,,미부착,,개방 가능,만료공공저작물,,,O,,,,,만료저작물,
,120,국회전자도서관,江皐先生文集. 冊6-10,https://dl.nanet.go.kr/search/searchInnerDetail.do?searchType=INNER_SEARCH&resultType=INNER_SEARCH_DETAIL&searchMehtod=L&searchClass=S&controlNo=OLDP1201200145,1865,,,미부착,,개방 가능,만료공공저작물,,,O,,,,,만료저작물,
,121,국회전자도서관,江皐先生文集. 冊1-5,https://dl.nanet.go.kr/search/searchInnerDetail.do?searchType=INNER_SEARCH&resultType=INNER_SEARCH_DETAIL&searchMehtod=L&searchClass=S&controlNo=OLDP1198029871,1865,,,미부착,,개방 가능,만료공공저작물,,,O,,,,,만료저작물,
,122,국회전자도서관,大典會通. 冊1-5,https://dl.nanet.go.kr/search/searchInnerDetail.do?searchType=INNER_SEARCH&resultType=INNER_SEARCH_DETAIL&searchMehtod=L&searchClass=S&controlNo=OLDP1000000447,1865,,,미부착,,개방 가능,만료공공저작물,,,O,,,,,만료저작물,
,123,국회전자도서관,崇禎紀元後四甲子增廣司馬榜目,https://dl.nanet.go.kr/search/searchInnerDetail.do?searchType=INNER_SEARCH&resultType=INNER_SEARCH_DETAIL&searchMehtod=L&searchClass=S&controlNo=OLDP1000000481,1865,,,미부착,,개방 가능,만료공공저작물,,,O,,,,,만료저작물,
,124,국회전자도서관,崇禎紀元後四甲子式司馬榜目,https://dl.nanet.go.kr/search/searchInnerDetail.do?searchType=INNER_SEARCH&resultType=INNER_SEARCH_DETAIL&searchMehtod=L&searchClass=S&controlNo=OLDP1000000471,1865,,,미부착,,개방 가능,만료공공저작물,,,O,,,,,만료저작물,
,125,국회전자도서관,六典條例. 冊6-10,https://dl.nanet.go.kr/search/searchInnerDetail.do?searchType=INNER_SEARCH&resultType=INNER_SEARCH_DETAIL&searchMehtod=L&searchClass=S&controlNo=OLDP1201200015,1866,,,미부착,,개방 가능,만료공공저작물,,,O,,,,,만료저작물,
,126,국회전자도서관,"順興安氏家乘, 全",https://dl.nanet.go.kr/search/searchInnerDetail.do?searchType=INNER_SEARCH&resultType=INNER_SEARCH_DETAIL&searchMehtod=L&searchClass=S&controlNo=OLDP1198040919,1866,,,미부착,,개방 가능,만료공공저작물,,,O,,,,,만료저작물,
,127,국회전자도서관,"讀史雜詠(幷)附錄. 乾, 坤",https://dl.nanet.go.kr/search/searchInnerDetail.do?searchType=INNER_SEARCH&resultType=INNER_SEARCH_DETAIL&searchMehtod=L&searchClass=S&controlNo=OLDP1198040596,1866,,,미부착,,개방 가능,만료공공저작물,,,O,,,,,만료저작물,
,128,국회전자도서관,六典條例. 冊1-5,https://dl.nanet.go.kr/search/searchInnerDetail.do?searchType=INNER_SEARCH&resultType=INNER_SEARCH_DETAIL&searchMehtod=L&searchClass=S&controlNo=OLDP1000000461,1866,,,미부착,,개방 가능,만료공공저작물,,,O,,,,,만료저작물,
,129,국회전자도서관,孟子集註大全. 冊1-7,https://dl.nanet.go.kr/search/searchInnerDetail.do?searchType=INNER_SEARCH&resultType=INNER_SEARCH_DETAIL&searchMehtod=L&searchClass=S&controlNo=OLDP1000000244,1867,,,미부착,,개방 가능,만료공공저작물,,,O,,,,,만료저작물,
,130,국회전자도서관,四禮纂說. 冊1-4,https://dl.nanet.go.kr/search/searchInnerDetail.do?searchType=INNER_SEARCH&resultType=INNER_SEARCH_DETAIL&searchMehtod=L&searchClass=S&controlNo=OLDP1000000552,1867,,,미부착,,개방 가능,만료공공저작물,,,O,,,,,만료저작물,
,131,국회전자도서관,"覃揅齋詩藁. 上, 下",https://dl.nanet.go.kr/search/searchInnerDetail.do?searchType=INNER_SEARCH&resultType=INNER_SEARCH_DETAIL&searchMehtod=L&searchClass=S&controlNo=OLDP1198040231,1867,,,미부착,,개방 가능,만료공공저작물,,,O,,,,,만료저작물,
,132,국회전자도서관,漢城府完文. 全,https://dl.nanet.go.kr/search/searchInnerDetail.do?searchType=INNER_SEARCH&resultType=INNER_SEARCH_DETAIL&searchMehtod=L&searchClass=S&controlNo=OLDP12021000000001,1868,,,미부착,,개방 가능,만료공공저작물,,,O,,,,,만료저작물,
,133,국회전자도서관,南坡先生文集(幷)附錄. 冊1-2,https://dl.nanet.go.kr/search/searchInnerDetail.do?searchType=INNER_SEARCH&resultType=INNER_SEARCH_DETAIL&searchMehtod=L&searchClass=S&controlNo=OLDP1198040085,1868,,,미부착,,개방 가능,만료공공저작물,,,O,,,,,만료저작물,
,134,국회전자도서관,三班禮式,https://dl.nanet.go.kr/search/searchInnerDetail.do?searchType=INNER_SEARCH&resultType=INNER_SEARCH_DETAIL&searchMehtod=L&searchClass=S&controlNo=OLDP1000000549,1868,,,미부착,,개방 가능,만료공공저작물,,,O,,,,,만료저작물,
,135,국회전자도서관,"漢陰先生文稿附錄, 冊1-4",https://dl.nanet.go.kr/search/searchInnerDetail.do?searchType=INNER_SEARCH&resultType=INNER_SEARCH_DETAIL&searchMehtod=L&searchClass=S&controlNo=OLDP1198040770,1869,,,미부착,,개방 가능,만료공공저작물,,,O,,,,,만료저작물,
,136,국회전자도서관,尤庵宋先生事實記. 全,https://dl.nanet.go.kr/search/searchInnerDetail.do?searchType=INNER_SEARCH&resultType=INNER_SEARCH_DETAIL&searchMehtod=L&searchClass=S&controlNo=OLDP1198040740,1869,,,미부착,,개방 가능,만료공공저작물,,,O,,,,,만료저작물,
,137,국회전자도서관,論語集註大全. 冊5-7,https://dl.nanet.go.kr/search/searchInnerDetail.do?searchType=INNER_SEARCH&resultType=INNER_SEARCH_DETAIL&searchMehtod=L&searchClass=S&controlNo=OLDP1201200007,1870,,,미부착,,개방 가능,만료공공저작물,,,O,,,,,만료저작물,
,138,국회전자도서관,詩傳大全. 冊6-10,https://dl.nanet.go.kr/search/searchInnerDetail.do?searchType=INNER_SEARCH&resultType=INNER_SEARCH_DETAIL&searchMehtod=L&searchClass=S&controlNo=OLDP1201200008,1870,,,미부착,,개방 가능,만료공공저작물,,,O,,,,,만료저작물,
,139,국회전자도서관,論語集註大全. 冊1-4,https://dl.nanet.go.kr/search/searchInnerDetail.do?searchType=INNER_SEARCH&resultType=INNER_SEARCH_DETAIL&searchMehtod=L&searchClass=S&controlNo=OLDP1000000246,1870,,,미부착,,개방 가능,만료공공저작물,,,O,,,,,만료저작물,
,140,국회전자도서관,詩傳大全. 冊1-5,https://dl.nanet.go.kr/search/searchInnerDetail.do?searchType=INNER_SEARCH&resultType=INNER_SEARCH_DETAIL&searchMehtod=L&searchClass=S&controlNo=OLDP1000000286,1870,,,미부착,,개방 가능,만료공공저작물,,,O,,,,,만료저작물,
,141,국회전자도서관,書傳大全. 冊1-10,https://dl.nanet.go.kr/search/searchInnerDetail.do?searchType=INNER_SEARCH&resultType=INNER_SEARCH_DETAIL&searchMehtod=L&searchClass=S&controlNo=OLDP1000000274,1870,,,미부착,,개방 가능,만료공공저작물,,,O,,,,,만료저작물,
,142,국회전자도서관,論語諺解. 冊1-4,https://dl.nanet.go.kr/search/searchInnerDetail.do?searchType=INNER_SEARCH&resultType=INNER_SEARCH_DETAIL&searchMehtod=L&searchClass=S&controlNo=OLDP1000000504,1870,,,미부착,,개방 가능,만료공공저작물,,,O,,,,,만료저작물,
,143,국회전자도서관,中庸諺解,https://dl.nanet.go.kr/search/searchInnerDetail.do?searchType=INNER_SEARCH&resultType=INNER_SEARCH_DETAIL&searchMehtod=L&searchClass=S&controlNo=OLDP1000000501,1870,,,미부착,,개방 가능,만료공공저작물,,,O,,,,,만료저작물,
,144,국회전자도서관,中庸章句大全,https://dl.nanet.go.kr/search/searchInnerDetail.do?searchType=INNER_SEARCH&resultType=INNER_SEARCH_DETAIL&searchMehtod=L&searchClass=S&controlNo=OLDP1000000497,1870,,,미부착,,개방 가능,만료공공저작물,,,O,,,,,만료저작물,
,145,국회전자도서관,大學章句大全,https://dl.nanet.go.kr/search/searchInnerDetail.do?searchType=INNER_SEARCH&resultType=INNER_SEARCH_DETAIL&searchMehtod=L&searchClass=S&controlNo=OLDP1000000495,1870,,,미부착,,개방 가능,만료공공저작물,,,O,,,,,만료저작물,
,146,국회전자도서관,周易傳義大全. 冊1-14,https://dl.nanet.go.kr/search/searchInnerDetail.do?searchType=INNER_SEARCH&resultType=INNER_SEARCH_DETAIL&searchMehtod=L&searchClass=S&controlNo=OLDP1000000266,1870,,,미부착,,개방 가능,만료공공저작물,,,O,,,,,만료저작물,
,147,국회전자도서관,"竹巖文集. 乾, 坤",https://dl.nanet.go.kr/search/searchInnerDetail.do?searchType=INNER_SEARCH&resultType=INNER_SEARCH_DETAIL&searchMehtod=L&searchClass=S&controlNo=OLDP1198040067,1871,,,미부착,,개방 가능,만료공공저작물,,,O,,,,,만료저작물,
,148,국회전자도서관,연행가,https://dl.nanet.go.kr/search/searchInnerDetail.do?searchType=INNER_SEARCH&resultType=INNER_SEARCH_DETAIL&searchMehtod=L&searchClass=S&controlNo=OLDP1198022360,1871,,,미부착,,개방 가능,만료공공저작물,,,O,,,,,만료저작물,
,149,국회전자도서관,三觀子海山小史,https://dl.nanet.go.kr/search/searchInnerDetail.do?searchType=INNER_SEARCH&resultType=INNER_SEARCH_DETAIL&searchMehtod=L&searchClass=S&controlNo=OLDP1000000037,1873,,,미부착,,개방 가능,만료공공저작물,,,O,,,,,만료저작물,
,150,국회전자도서관,崇禎紀元後五甲戌增廣別試司馬榜目,https://dl.nanet.go.kr/search/searchInnerDetail.do?searchType=INNER_SEARCH&resultType=INNER_SEARCH_DETAIL&searchMehtod=L&searchClass=S&controlNo=OLDP1000000476,1874,,,미부착,,개방 가능,만료공공저작물,,,O,,,,,만료저작물,
,151,국회전자도서관,紉齋畵賸. 冊1-4,https://dl.nanet.go.kr/search/searchInnerDetail.do?searchType=INNER_SEARCH&resultType=INNER_SEARCH_DETAIL&searchMehtod=L&searchClass=S&controlNo=OLDP3198024708,1876,,,미부착,,개방 가능,만료공공저작물,,,O,,,,,만료저작물,
,152,국회전자도서관,慥齋叢書 : 經濟隨筆,https://dl.nanet.go.kr/search/searchInnerDetail.do?searchType=INNER_SEARCH&resultType=INNER_SEARCH_DETAIL&searchMehtod=L&searchClass=S&controlNo=OLDP3000000139,1876,,,미부착,,개방 가능,만료공공저작물,,,O,,,,,만료저작물,
,153,국회전자도서관,關聖帝君聖蹟圖誌全集. 冊1-5,https://dl.nanet.go.kr/search/searchInnerDetail.do?searchType=INNER_SEARCH&resultType=INNER_SEARCH_DETAIL&searchMehtod=L&searchClass=S&controlNo=OLDP1000000407,1876,,,미부착,,개방 가능,만료공공저작물,,,O,,,,,만료저작물,
,154,국회전자도서관,"宋書百選. 天, 地, 人",https://dl.nanet.go.kr/search/searchInnerDetail.do?searchType=INNER_SEARCH&resultType=INNER_SEARCH_DETAIL&searchMehtod=L&searchClass=S&controlNo=OLDP1198040326,1876,,,미부착,,개방 가능,만료공공저작물,,,O,,,,,만료저작물,
,155,국회전자도서관,二十一都懷古詩. 全,https://dl.nanet.go.kr/search/searchInnerDetail.do?searchType=INNER_SEARCH&resultType=INNER_SEARCH_DETAIL&searchMehtod=L&searchClass=S&controlNo=OLDP1198040239,1877,,,미부착,,개방 가능,만료공공저작물,,,O,,,,,만료저작물,
,156,국회전자도서관,知守齋集. 冊1-8,https://dl.nanet.go.kr/search/searchInnerDetail.do?searchType=INNER_SEARCH&resultType=INNER_SEARCH_DETAIL&searchMehtod=L&searchClass=S&controlNo=OLDP1198029878,1878,,,미부착,,개방 가능,만료공공저작물,,,O,,,,,만료저작물,
,157,국회전자도서관,觀世音菩薩妙應示現濟衆甘露. 冊1-2,https://dl.nanet.go.kr/search/searchInnerDetail.do?searchType=INNER_SEARCH&resultType=INNER_SEARCH_DETAIL&searchMehtod=L&searchClass=S&controlNo=OLDP1000000301,1878,,,미부착,,개방 가능,만료공공저작물,,,O,,,,,만료저작물,
,158,국회전자도서관,香光居士法帖,https://dl.nanet.go.kr/search/searchInnerDetail.do?searchType=INNER_SEARCH&resultType=INNER_SEARCH_DETAIL&searchMehtod=L&searchClass=S&controlNo=OLDP3198025249,1879,,,미부착,,개방 가능,만료공공저작물,,,O,,,,,만료저작물,
,159,국회전자도서관,"十八史略校本. 冊1-3,5-7",https://dl.nanet.go.kr/search/searchInnerDetail.do?searchType=INNER_SEARCH&resultType=INNER_SEARCH_DETAIL&searchMehtod=L&searchClass=S&controlNo=OLDP1199914000,1879,,,미부착,,개방 가능,만료공공저작물,,,O,,,,,만료저작물,
,160,국회전자도서관,孝經大義,https://dl.nanet.go.kr/search/searchInnerDetail.do?searchType=INNER_SEARCH&resultType=INNER_SEARCH_DETAIL&searchMehtod=L&searchClass=S&controlNo=OLDP1000000485,1879,,,미부착,,개방 가능,만료공공저작물,,,O,,,,,만료저작물,
,161,국회전자도서관,三聖訓經,https://dl.nanet.go.kr/search/searchInnerDetail.do?searchType=INNER_SEARCH&resultType=INNER_SEARCH_DETAIL&searchMehtod=L&searchClass=S&controlNo=OLDP1000000408,1880,,,미부착,,개방 가능,만료공공저작물,,,O,,,,,만료저작물,
,162,국회전자도서관,韓佛字典,https://dl.nanet.go.kr/search/searchInnerDetail.do?searchType=INNER_SEARCH&resultType=INNER_SEARCH_DETAIL&searchMehtod=L&searchClass=S&controlNo=OLDP1196001014,1880,,,미부착,,개방 가능,만료공공저작물,,,O,,,,,만료저작물,
,163,국회전자도서관,御案詩經備旨. 1-8,https://dl.nanet.go.kr/search/searchInnerDetail.do?searchType=INNER_SEARCH&resultType=INNER_SEARCH_DETAIL&searchMehtod=L&searchClass=S&controlNo=OLDP1199918151,1880,,,미부착,,개방 가능,만료공공저작물,,,O,,,,,만료저작물,
,164,국회전자도서관,崇禎後五庚辰慶科增廣文武科殿試榜目,https://dl.nanet.go.kr/search/searchInnerDetail.do?searchType=INNER_SEARCH&resultType=INNER_SEARCH_DETAIL&searchMehtod=L&searchClass=S&controlNo=OLDP1000000483,1880,,,미부착,,개방 가능,만료공공저작물,,,O,,,,,만료저작물,
,165,국회전자도서관,forbidden land : voyages to the Corea,https://dl.nanet.go.kr/search/searchInnerDetail.do?searchType=INNER_SEARCH&resultType=INNER_SEARCH_DETAIL&searchMehtod=L&searchClass=S&controlNo=OLDP2196002533,1880,,,미부착,,개방 가능,만료공공저작물,,,O,,,,,만료저작물,
,166,국회전자도서관,易經備旨. 冊1-6,https://dl.nanet.go.kr/search/searchInnerDetail.do?searchType=INNER_SEARCH&resultType=INNER_SEARCH_DETAIL&searchMehtod=L&searchClass=S&controlNo=OLDP1199914088,1880,,,미부착,,개방 가능,만료공공저작물,,,O,,,,,만료저작물,
,167,국회전자도서관,判下新設任房事蹟,https://dl.nanet.go.kr/search/searchInnerDetail.do?searchType=INNER_SEARCH&resultType=INNER_SEARCH_DETAIL&searchMehtod=L&searchClass=S&controlNo=OLDP1000000619,1881,,,미부착,,개방 가능,만료공공저작물,,,O,,,,,만료저작물,
,168,국회전자도서관,東京日記. 全,https://dl.nanet.go.kr/search/searchInnerDetail.do?searchType=INNER_SEARCH&resultType=INNER_SEARCH_DETAIL&searchMehtod=L&searchClass=S&controlNo=OLDP1198040345,1881,,,미부착,,개방 가능,만료공공저작물,,,O,,,,,만료저작물,
,169,국회전자도서관,藫庭遺藁. 冊1-6,https://dl.nanet.go.kr/search/searchInnerDetail.do?searchType=INNER_SEARCH&resultType=INNER_SEARCH_DETAIL&searchMehtod=L&searchClass=S&controlNo=OLDP1198029143,1882,,,미부착,,개방 가능,만료공공저작물,,,O,,,,,만료저작물,
,170,국회전자도서관,"高麗名臣傳. 冊1-4, 6",https://dl.nanet.go.kr/search/searchInnerDetail.do?searchType=INNER_SEARCH&resultType=INNER_SEARCH_DETAIL&searchMehtod=L&searchClass=S&controlNo=OLDP1198040710,1882,,,미부착,,개방 가능,만료공공저작물,,,O,,,,,만료저작물,
,171,국회전자도서관,朝鮮異聞. 冊1-4,https://dl.nanet.go.kr/search/searchInnerDetail.do?searchType=INNER_SEARCH&resultType=INNER_SEARCH_DETAIL&searchMehtod=L&searchClass=S&controlNo=OLDP1198042110,1882,,,미부착,,개방 가능,만료공공저작물,,,O,,,,,만료저작물,
,172,국회전자도서관,"冷泉文集(幷)附錄. 乾, 坤",https://dl.nanet.go.kr/search/searchInnerDetail.do?searchType=INNER_SEARCH&resultType=INNER_SEARCH_DETAIL&searchMehtod=L&searchClass=S&controlNo=OLDP1198040065,1882,,,미부착,,개방 가능,만료공공저작물,,,O,,,,,만료저작물,
,173,국회전자도서관,萬國通鑑. 卷1-5,https://dl.nanet.go.kr/search/searchInnerDetail.do?searchType=INNER_SEARCH&resultType=INNER_SEARCH_DETAIL&searchMehtod=L&searchClass=S&controlNo=OLDP1198040603,1882,,,미부착,,개방 가능,만료공공저작물,,,O,,,,,만료저작물,
,174,국회전자도서관,東萊博議. 冊1-4,https://dl.nanet.go.kr/search/searchInnerDetail.do?searchType=INNER_SEARCH&resultType=INNER_SEARCH_DETAIL&searchMehtod=L&searchClass=S&controlNo=OLDP3000000062,1882,,,미부착,,개방 가능,만료공공저작물,,,O,,,,,만료저작물,
,175,국회전자도서관,惠商公局左社陽智任房完文,https://dl.nanet.go.kr/search/searchInnerDetail.do?searchType=INNER_SEARCH&resultType=INNER_SEARCH_DETAIL&searchMehtod=L&searchClass=S&controlNo=OLDP1000000621,1883,,,미부착,,개방 가능,만료공공저작물,,,O,,,,,만료저작물,
,176,국회전자도서관,佩文齋書畵譜. 冊9-16,https://dl.nanet.go.kr/search/searchInnerDetail.do?searchType=INNER_SEARCH&resultType=INNER_SEARCH_DETAIL&searchMehtod=L&searchClass=S&controlNo=OLDP3201200009,1883,,,미부착,,개방 가능,만료공공저작물,,,O,,,,,만료저작물,
,177,국회전자도서관,佩文齋書畵譜. 冊1-8,https://dl.nanet.go.kr/search/searchInnerDetail.do?searchType=INNER_SEARCH&resultType=INNER_SEARCH_DETAIL&searchMehtod=L&searchClass=S&controlNo=OLDP3198028067,1883,,,미부착,,개방 가능,만료공공저작물,,,O,,,,,만료저작물,
,178,국회전자도서관,"鷄林拾葉. 上, 中, 下",https://dl.nanet.go.kr/search/searchInnerDetail.do?searchType=INNER_SEARCH&resultType=INNER_SEARCH_DETAIL&searchMehtod=L&searchClass=S&controlNo=OLDP1200500342,1883,,,미부착,,개방 가능,만료공공저작물,,,O,,,,,만료저작물,
,179,국회전자도서관,惠商公局左社陽智任房靑衿錄,https://dl.nanet.go.kr/search/searchInnerDetail.do?searchType=INNER_SEARCH&resultType=INNER_SEARCH_DETAIL&searchMehtod=L&searchClass=S&controlNo=OLDP1000000620,1884,,,미부착,,개방 가능,만료공공저작물,,,O,,,,,만료저작물,
,180,국회전자도서관,書法正傳,https://dl.nanet.go.kr/search/searchInnerDetail.do?searchType=INNER_SEARCH&resultType=INNER_SEARCH_DETAIL&searchMehtod=L&searchClass=S&controlNo=OLDP3198024707,1884,,,미부착,,개방 가능,만료공공저작물,,,O,,,,,만료저작물,
,181,국회전자도서관,"金鰲新話. 上, 下",https://dl.nanet.go.kr/search/searchInnerDetail.do?searchType=INNER_SEARCH&resultType=INNER_SEARCH_DETAIL&searchMehtod=L&searchClass=S&controlNo=OLDP1198040325,1884,,,미부착,,개방 가능,만료공공저작물,,,O,,,,,만료저작물,
,182,국회전자도서관,新增證脈方藥合編,https://dl.nanet.go.kr/search/searchInnerDetail.do?searchType=INNER_SEARCH&resultType=INNER_SEARCH_DETAIL&searchMehtod=L&searchClass=S&controlNo=OLDP1198029117,1884,,,미부착,,개방 가능,만료공공저작물,,,O,,,,,만료저작물,
,183,국회전자도서관,華嚴一乘敎分記. 冊1-3,https://dl.nanet.go.kr/search/searchInnerDetail.do?searchType=INNER_SEARCH&resultType=INNER_SEARCH_DETAIL&searchMehtod=L&searchClass=S&controlNo=OLDP3000000099,1884,,,미부착,,개방 가능,만료공공저작물,,,O,,,,,만료저작물,
,184,국회전자도서관,西遊眞銓. 冊1-19,https://dl.nanet.go.kr/search/searchInnerDetail.do?searchType=INNER_SEARCH&resultType=INNER_SEARCH_DETAIL&searchMehtod=L&searchClass=S&controlNo=OLDP1198040559,1884,,,미부착,,개방 가능,만료공공저작물,,,O,,,,,만료저작물,
,185,국회전자도서관,"丙子七月十二日各色都錄, 全",https://dl.nanet.go.kr/search/searchInnerDetail.do?searchType=INNER_SEARCH&resultType=INNER_SEARCH_DETAIL&searchMehtod=L&searchClass=S&controlNo=OLDP1200500300,1885,,,미부착,,개방 가능,만료공공저작물,,,O,,,,,만료저작물,
,186,국회전자도서관,判下商理局節目,https://dl.nanet.go.kr/search/searchInnerDetail.do?searchType=INNER_SEARCH&resultType=INNER_SEARCH_DETAIL&searchMehtod=L&searchClass=S&controlNo=OLDP1000000617,1885,,,미부착,,개방 가능,만료공공저작물,,,O,,,,,만료저작물,
,187,국회전자도서관,"Corea, without and within",https://dl.nanet.go.kr/search/searchInnerDetail.do?searchType=INNER_SEARCH&resultType=INNER_SEARCH_DETAIL&searchMehtod=L&searchClass=S&controlNo=OLDP2196002534,1885,,,미부착,,개방 가능,만료공공저작물,,,O,,,,,만료저작물,
,188,국회전자도서관,"詩中畵. 上, 下",https://dl.nanet.go.kr/search/searchInnerDetail.do?searchType=INNER_SEARCH&resultType=INNER_SEARCH_DETAIL&searchMehtod=L&searchClass=S&controlNo=OLDP1198040473,1885,,,미부착,,개방 가능,만료공공저작물,,,O,,,,,만료저작물,
,189,국회전자도서관,商理局左社陽智任房新設節目,https://dl.nanet.go.kr/search/searchInnerDetail.do?searchType=INNER_SEARCH&resultType=INNER_SEARCH_DETAIL&searchMehtod=L&searchClass=S&controlNo=OLDP1000000612,1886,,,미부착,,개방 가능,만료공공저작물,,,O,,,,,만료저작물,
,190,국회전자도서관,關聖帝君應驗明聖經,https://dl.nanet.go.kr/search/searchInnerDetail.do?searchType=INNER_SEARCH&resultType=INNER_SEARCH_DETAIL&searchMehtod=L&searchClass=S&controlNo=OLDP1000000405,1886,,,미부착,,개방 가능,만료공공저작물,,,O,,,,,만료저작물,
,191,국회전자도서관,"烈婦月城李氏紀蹟碑詩集, 全",https://dl.nanet.go.kr/search/searchInnerDetail.do?searchType=INNER_SEARCH&resultType=INNER_SEARCH_DETAIL&searchMehtod=L&searchClass=S&controlNo=OLDP1198040229,1886,,,미부착,,개방 가능,만료공공저작물,,,O,,,,,만료저작물,
,192,국회전자도서관,詩韻合壁. 1-3冊,https://dl.nanet.go.kr/search/searchInnerDetail.do?searchType=INNER_SEARCH&resultType=INNER_SEARCH_DETAIL&searchMehtod=L&searchClass=S&controlNo=OLDP1199918106,1886,,,미부착,,개방 가능,만료공공저작물,,,O,,,,,만료저작물,
,193,국회전자도서관,後漢書(及)續. 卷40-80,https://dl.nanet.go.kr/search/searchInnerDetail.do?searchType=INNER_SEARCH&resultType=INNER_SEARCH_DETAIL&searchMehtod=L&searchClass=S&controlNo=OLDP1201400033,1887,,,미부착,,개방 가능,만료공공저작물,,,O,,,,,만료저작물,
,194,국회전자도서관,後漢書(及)續. 卷1-39,https://dl.nanet.go.kr/search/searchInnerDetail.do?searchType=INNER_SEARCH&resultType=INNER_SEARCH_DETAIL&searchMehtod=L&searchClass=S&controlNo=OLDP1200316221,1887,,,미부착,,개방 가능,만료공공저작물,,,O,,,,,만료저작물,
,195,국회전자도서관,"麻衣相法. 冊1, 2",https://dl.nanet.go.kr/search/searchInnerDetail.do?searchType=INNER_SEARCH&resultType=INNER_SEARCH_DETAIL&searchMehtod=L&searchClass=S&controlNo=OLDP3000000055,1887,,,미부착,,개방 가능,만료공공저작물,,,O,,,,,만료저작물,
,196,국회전자도서관,"欽定全唐詩. 函1, 冊1-4, 32",https://dl.nanet.go.kr/search/searchInnerDetail.do?searchType=INNER_SEARCH&resultType=INNER_SEARCH_DETAIL&searchMehtod=L&searchClass=S&controlNo=OLDP1198040515,1887,,,미부착,,개방 가능,만료공공저작물,,,O,,,,,만료저작물,
,197,국회전자도서관,前漢書. 卷1-25,https://dl.nanet.go.kr/search/searchInnerDetail.do?searchType=INNER_SEARCH&resultType=INNER_SEARCH_DETAIL&searchMehtod=L&searchClass=S&controlNo=OLDP1200316215,1887,,,미부착,,개방 가능,만료공공저작물,,,O,,,,,만료저작물,
,198,국회전자도서관,武溪謾輯. 冊1-3,https://dl.nanet.go.kr/search/searchInnerDetail.do?searchType=INNER_SEARCH&resultType=INNER_SEARCH_DETAIL&searchMehtod=L&searchClass=S&controlNo=OLDP1000000224,1887,,,미부착,,개방 가능,만료공공저작물,,,O,,,,,만료저작물,
,199,국회전자도서관,前漢書. 卷73-100,https://dl.nanet.go.kr/search/searchInnerDetail.do?searchType=INNER_SEARCH&resultType=INNER_SEARCH_DETAIL&searchMehtod=L&searchClass=S&controlNo=OLDP1201400028,1887,,,미부착,,개방 가능,만료공공저작물,,,O,,,,,만료저작물,
,200,국회전자도서관,"後漢書(及)續. 卷81-90, 1-30",https://dl.nanet.go.kr/search/searchInnerDetail.do?searchType=INNER_SEARCH&resultType=INNER_SEARCH_DETAIL&searchMehtod=L&searchClass=S&controlNo=OLDP1201400032,1887,,,미부착,,개방 가능,만료공공저작물,,,O,,,,,만료저작물,
,201,국회전자도서관,前漢書. 卷26-72,https://dl.nanet.go.kr/search/searchInnerDetail.do?searchType=INNER_SEARCH&resultType=INNER_SEARCH_DETAIL&searchMehtod=L&searchClass=S&controlNo=OLDP1201400029,1887,,,미부착,,개방 가능,만료공공저작물,,,O,,,,,만료저작물,
,202,국회전자도서관,"詩韻集成, 冊1-7",https://dl.nanet.go.kr/search/searchInnerDetail.do?searchType=INNER_SEARCH&resultType=INNER_SEARCH_DETAIL&searchMehtod=L&searchClass=S&controlNo=OLDP1198040463,1888,,,미부착,,개방 가능,만료공공저작물,,,O,,,,,만료저작물,
,203,국회전자도서관,禮書箚記. 冊11-13,https://dl.nanet.go.kr/search/searchInnerDetail.do?searchType=INNER_SEARCH&resultType=INNER_SEARCH_DETAIL&searchMehtod=L&searchClass=S&controlNo=OLDP1201200010,1888,,,미부착,,개방 가능,만료공공저작물,,,O,,,,,만료저작물,
,204,국회전자도서관,禮書箚記. 冊1-5,https://dl.nanet.go.kr/search/searchInnerDetail.do?searchType=INNER_SEARCH&resultType=INNER_SEARCH_DETAIL&searchMehtod=L&searchClass=S&controlNo=OLDP1000000292,1888,,,미부착,,개방 가능,만료공공저작물,,,O,,,,,만료저작물,
,205,국회전자도서관,デンニ-氏の淸韓論,https://dl.nanet.go.kr/search/searchInnerDetail.do?searchType=INNER_SEARCH&resultType=INNER_SEARCH_DETAIL&searchMehtod=L&searchClass=S&controlNo=OLDP3000000005,1888,,,미부착,,개방 가능,만료공공저작물,,,O,,,,,만료저작물,
,206,국회전자도서관,Life in Corea,https://dl.nanet.go.kr/search/searchInnerDetail.do?searchType=INNER_SEARCH&resultType=INNER_SEARCH_DETAIL&searchMehtod=L&searchClass=S&controlNo=OLDP2196002524,1888,,,미부착,,개방 가능,만료공공저작물,,,O,,,,,만료저작물,
,207,국회전자도서관,禮書箚記. 冊6-10,https://dl.nanet.go.kr/search/searchInnerDetail.do?searchType=INNER_SEARCH&resultType=INNER_SEARCH_DETAIL&searchMehtod=L&searchClass=S&controlNo=OLDP1201200009,1888,,,미부착,,개방 가능,만료공공저작물,,,O,,,,,만료저작물,
,208,국회전자도서관,美國獨立史. 全,https://dl.nanet.go.kr/search/searchInnerDetail.do?searchType=INNER_SEARCH&resultType=INNER_SEARCH_DETAIL&searchMehtod=L&searchClass=S&controlNo=OLDP12021000000066,1889,,,미부착,,개방 가능,만료공공저작물,,,O,,,,,만료저작물,
,209,국회전자도서관,卜筮正宗. 冊1-6,https://dl.nanet.go.kr/search/searchInnerDetail.do?searchType=INNER_SEARCH&resultType=INNER_SEARCH_DETAIL&searchMehtod=L&searchClass=S&controlNo=OLDP3000000053,1889,,,미부착,,개방 가능,만료공공저작물,,,O,,,,,만료저작물,
,210,국회전자도서관,增像全圖封神演義. 冊1-10,https://dl.nanet.go.kr/search/searchInnerDetail.do?searchType=INNER_SEARCH&resultType=INNER_SEARCH_DETAIL&searchMehtod=L&searchClass=S&controlNo=OLDP1199913998,1890,,,미부착,,개방 가능,만료공공저작물,,,O,,,,,만료저작물,
,211,국회전자도서관,"新編古今事文類聚, 新集, 冊1-10",https://dl.nanet.go.kr/search/searchInnerDetail.do?searchType=INNER_SEARCH&resultType=INNER_SEARCH_DETAIL&searchMehtod=L&searchClass=S&controlNo=OLDP1000000165,1891,,,미부착,,개방 가능,만료공공저작물,,,O,,,,,만료저작물,
,212,국회전자도서관,"新編古今事文類聚, 遺集, 冊1-5",https://dl.nanet.go.kr/search/searchInnerDetail.do?searchType=INNER_SEARCH&resultType=INNER_SEARCH_DETAIL&searchMehtod=L&searchClass=S&controlNo=OLDP1000000168,1891,,,미부착,,개방 가능,만료공공저작물,,,O,,,,,만료저작물,
,213,국회전자도서관,"新編古今事文類聚, 外集, 冊1-5",https://dl.nanet.go.kr/search/searchInnerDetail.do?searchType=INNER_SEARCH&resultType=INNER_SEARCH_DETAIL&searchMehtod=L&searchClass=S&controlNo=OLDP1000000167,1891,,,미부착,,개방 가능,만료공공저작물,,,O,,,,,만료저작물,
,214,국회전자도서관,"新編古今事文類聚, 別集, 冊1-9",https://dl.nanet.go.kr/search/searchInnerDetail.do?searchType=INNER_SEARCH&resultType=INNER_SEARCH_DETAIL&searchMehtod=L&searchClass=S&controlNo=OLDP1000000164,1891,,,미부착,,개방 가능,만료공공저작물,,,O,,,,,만료저작물,
,215,국회전자도서관,"新編古今事文類聚, 後集, 冊1-14",https://dl.nanet.go.kr/search/searchInnerDetail.do?searchType=INNER_SEARCH&resultType=INNER_SEARCH_DETAIL&searchMehtod=L&searchClass=S&controlNo=OLDP1000000163,1891,,,미부착,,개방 가능,만료공공저작물,,,O,,,,,만료저작물,
,216,국회전자도서관,"新編古今事文類聚, 前集, 冊3-7, 11-16",https://dl.nanet.go.kr/search/searchInnerDetail.do?searchType=INNER_SEARCH&resultType=INNER_SEARCH_DETAIL&searchMehtod=L&searchClass=S&controlNo=OLDP1000000162,1891,,,미부착,,개방 가능,만료공공저작물,,,O,,,,,만료저작물,
,217,국회전자도서관,"新編古今事文類聚, 續集, 冊1-10",https://dl.nanet.go.kr/search/searchInnerDetail.do?searchType=INNER_SEARCH&resultType=INNER_SEARCH_DETAIL&searchMehtod=L&searchClass=S&controlNo=OLDP1000000166,1891,,,미부착,,개방 가능,만료공공저작물,,,O,,,,,만료저작물,
,218,국회전자도서관,金海金氏族譜遺記,https://dl.nanet.go.kr/search/searchInnerDetail.do?searchType=INNER_SEARCH&resultType=INNER_SEARCH_DETAIL&searchMehtod=L&searchClass=S&controlNo=OLDP1199918131,1891,,,미부착,,개방 가능,만료공공저작물,,,O,,,,,만료저작물,
,219,국회전자도서관,邵亭詩稿(及)文稿. 冊1-3,https://dl.nanet.go.kr/search/searchInnerDetail.do?searchType=INNER_SEARCH&resultType=INNER_SEARCH_DETAIL&searchMehtod=L&searchClass=S&controlNo=OLDP1198029163,1891,,,미부착,,개방 가능,만료공공저작물,,,O,,,,,만료저작물,
,220,국회전자도서관,繪圖增像西遊記. 冊1-12,https://dl.nanet.go.kr/search/searchInnerDetail.do?searchType=INNER_SEARCH&resultType=INNER_SEARCH_DETAIL&searchMehtod=L&searchClass=S&controlNo=OLDP1198040580,1891,,,미부착,,개방 가능,만료공공저작물,,,O,,,,,만료저작물,
,221,국회전자도서관,驗方新編(及)續. 책1-10,https://dl.nanet.go.kr/search/searchInnerDetail.do?searchType=INNER_SEARCH&resultType=INNER_SEARCH_DETAIL&searchMehtod=L&searchClass=S&controlNo=OLDP3198024889,1891,,,미부착,,개방 가능,만료공공저작물,,,O,,,,,만료저작물,
,222,국회전자도서관,"光州盧氏世稿, 冊1-4",https://dl.nanet.go.kr/search/searchInnerDetail.do?searchType=INNER_SEARCH&resultType=INNER_SEARCH_DETAIL&searchMehtod=L&searchClass=S&controlNo=OLDP1198040199,1892,,,미부착,,개방 가능,만료공공저작물,,,O,,,,,만료저작물,
,223,국회전자도서관,大朝奧國修好通商條約,https://dl.nanet.go.kr/search/searchInnerDetail.do?searchType=INNER_SEARCH&resultType=INNER_SEARCH_DETAIL&searchMehtod=L&searchClass=S&controlNo=OLDP1000000026,1892,,,미부착,,개방 가능,만료공공저작물,,,O,,,,,만료저작물,
,224,국회전자도서관,亞細亞言語集. 上,https://dl.nanet.go.kr/search/searchInnerDetail.do?searchType=INNER_SEARCH&resultType=INNER_SEARCH_DETAIL&searchMehtod=L&searchClass=S&controlNo=OLDP3000000219,1892,,,미부착,,개방 가능,만료공공저작물,,,O,,,,,만료저작물,
,225,국회전자도서관,五總龜. 全,https://dl.nanet.go.kr/search/searchInnerDetail.do?searchType=INNER_SEARCH&resultType=INNER_SEARCH_DETAIL&searchMehtod=L&searchClass=S&controlNo=OLDP1198040445,1892,,,미부착,,개방 가능,만료공공저작물,,,O,,,,,만료저작물,
,226,국회전자도서관,千島實業地誌 : 完,https://dl.nanet.go.kr/search/searchInnerDetail.do?searchType=INNER_SEARCH&resultType=INNER_SEARCH_DETAIL&searchMehtod=L&searchClass=S&controlNo=OLDP3200609946,1893,,,미부착,,개방 가능,만료공공저작물,,,O,,,,,만료저작물,
,227,국회전자도서관,(欽定)大淸會典. 冊1-8,https://dl.nanet.go.kr/search/searchInnerDetail.do?searchType=INNER_SEARCH&resultType=INNER_SEARCH_DETAIL&searchMehtod=L&searchClass=S&controlNo=OLDP3000000104,1893,,,미부착,,개방 가능,만료공공저작물,,,O,,,,,만료저작물,
,228,국회전자도서관,"官報, 1894.8,1895.1-3,1895.6-11",https://dl.nanet.go.kr/search/searchInnerDetail.do?searchType=INNER_SEARCH&resultType=INNER_SEARCH_DETAIL&searchMehtod=L&searchClass=S&controlNo=OLDP1196000707,1894,,,미부착,,개방 가능,만료공공저작물,,,O,,,,,만료저작물,
,229,국회전자도서관,官報,https://dl.nanet.go.kr/search/searchInnerDetail.do?searchType=INNER_SEARCH&resultType=INNER_SEARCH_DETAIL&searchMehtod=L&searchClass=S&controlNo=OLDP1000000016,1894,,,미부착,,개방 가능,만료공공저작물,,,O,,,,,만료저작물,
,230,국회전자도서관,(甲午)朝鮮內亂始末,https://dl.nanet.go.kr/search/searchInnerDetail.do?searchType=INNER_SEARCH&resultType=INNER_SEARCH_DETAIL&searchMehtod=L&searchClass=S&controlNo=OLDP3196001009,1894,,,미부착,,개방 가능,만료공공저작물,,,O,,,,,만료저작물,
,231,국회전자도서관,松江集. 冊5-7,https://dl.nanet.go.kr/search/searchInnerDetail.do?searchType=INNER_SEARCH&resultType=INNER_SEARCH_DETAIL&searchMehtod=L&searchClass=S&controlNo=OLDP1201200212,1894,,,미부착,,개방 가능,만료공공저작물,,,O,,,,,만료저작물,
,232,국회전자도서관,"洛厓先生文集. 天, 地, 人",https://dl.nanet.go.kr/search/searchInnerDetail.do?searchType=INNER_SEARCH&resultType=INNER_SEARCH_DETAIL&searchMehtod=L&searchClass=S&controlNo=OLDP1198029844,1894,,,미부착,,개방 가능,만료공공저작물,,,O,,,,,만료저작물,
,233,국회전자도서관,晩雲集. 冊1-2,https://dl.nanet.go.kr/search/searchInnerDetail.do?searchType=INNER_SEARCH&resultType=INNER_SEARCH_DETAIL&searchMehtod=L&searchClass=S&controlNo=OLDP1199917999,1894,,,미부착,,개방 가능,만료공공저작물,,,O,,,,,만료저작물,
,234,국회전자도서관,松江集. 冊1-4,https://dl.nanet.go.kr/search/searchInnerDetail.do?searchType=INNER_SEARCH&resultType=INNER_SEARCH_DETAIL&searchMehtod=L&searchClass=S&controlNo=OLDP1198040123,1894,,,미부착,,개방 가능,만료공공저작물,,,O,,,,,만료저작물,
,235,국회전자도서관,"官報, 1895.5-10",https://dl.nanet.go.kr/search/searchInnerDetail.do?searchType=INNER_SEARCH&resultType=INNER_SEARCH_DETAIL&searchMehtod=L&searchClass=S&controlNo=OLDP1196000706,1895,,,미부착,,개방 가능,만료공공저작물,,,O,,,,,만료저작물,
,236,국회전자도서관,"The war in the East : Japan, China and Corea",https://dl.nanet.go.kr/search/searchInnerDetail.do?searchType=INNER_SEARCH&resultType=INNER_SEARCH_DETAIL&searchMehtod=L&searchClass=S&controlNo=OLDP2196002532,1895,,,미부착,,개방 가능,만료공공저작물,,,O,,,,,만료저작물,
,237,국회전자도서관,The peoples and politics of the Far East,https://dl.nanet.go.kr/search/searchInnerDetail.do?searchType=INNER_SEARCH&resultType=INNER_SEARCH_DETAIL&searchMehtod=L&searchClass=S&controlNo=OLDP2196002537,1895,,,미부착,,개방 가능,만료공공저작물,,,O,,,,,만료저작물,
,238,국회전자도서관,詠詩帖. 完,https://dl.nanet.go.kr/search/searchInnerDetail.do?searchType=INNER_SEARCH&resultType=INNER_SEARCH_DETAIL&searchMehtod=L&searchClass=S&controlNo=OLDP1198040591,1895,,,미부착,,개방 가능,만료공공저작물,,,O,,,,,만료저작물,
,239,국회전자도서관,"官報, 1896",https://dl.nanet.go.kr/search/searchInnerDetail.do?searchType=INNER_SEARCH&resultType=INNER_SEARCH_DETAIL&searchMehtod=L&searchClass=S&controlNo=OLDP1196000705,1896,,,미부착,,개방 가능,만료공공저작물,,,O,,,,,만료저작물,
,240,국회전자도서관,御案詩經備旨. 冊1-8,https://dl.nanet.go.kr/search/searchInnerDetail.do?searchType=INNER_SEARCH&resultType=INNER_SEARCH_DETAIL&searchMehtod=L&searchClass=S&controlNo=OLDP3000000097,1896,,,미부착,,개방 가능,만료공공저작물,,,O,,,,,만료저작물,
,241,국회전자도서관,東溪集. 冊1-2,https://dl.nanet.go.kr/search/searchInnerDetail.do?searchType=INNER_SEARCH&resultType=INNER_SEARCH_DETAIL&searchMehtod=L&searchClass=S&controlNo=OLDP1198022449,1896,,,미부착,,개방 가능,만료공공저작물,,,O,,,,,만료저작물,
,242,국회전자도서관,Bibliographie Coréenne :tableau littéraire de la Corée. v.1-3,https://dl.nanet.go.kr/search/searchInnerDetail.do?searchType=INNER_SEARCH&resultType=INNER_SEARCH_DETAIL&searchMehtod=L&searchClass=S&controlNo=OLDP2200320644,1896,,,미부착,,개방 가능,만료공공저작물,,,O,,,,,만료저작물,
,243,국회전자도서관,"繪圖繡像重訂隋唐演義. 冊1, 4-5, 8",https://dl.nanet.go.kr/search/searchInnerDetail.do?searchType=INNER_SEARCH&resultType=INNER_SEARCH_DETAIL&searchMehtod=L&searchClass=S&controlNo=OLDP1198040567,1896,,,미부착,,개방 가능,만료공공저작물,,,O,,,,,만료저작물,
,244,국회전자도서관,繪圖增像第五才子書水滸全傳. 卷1-10,https://dl.nanet.go.kr/search/searchInnerDetail.do?searchType=INNER_SEARCH&resultType=INNER_SEARCH_DETAIL&searchMehtod=L&searchClass=S&controlNo=OLDP1199917982,1896,,,미부착,,개방 가능,만료공공저작물,,,O,,,,,만료저작물,
,245,국회전자도서관,Asia. v.1-2,https://dl.nanet.go.kr/search/searchInnerDetail.do?searchType=INNER_SEARCH&resultType=INNER_SEARCH_DETAIL&searchMehtod=L&searchClass=S&controlNo=OLDP2196002525,1896,,,미부착,,개방 가능,만료공공저작물,,,O,,,,,만료저작물,
,246,국회전자도서관,Problems of the Far East,https://dl.nanet.go.kr/search/searchInnerDetail.do?searchType=INNER_SEARCH&resultType=INNER_SEARCH_DETAIL&searchMehtod=L&searchClass=S&controlNo=OLDP2196002526,1896,,,미부착,,개방 가능,만료공공저작물,,,O,,,,,만료저작물,
,247,국회전자도서관,公法會通. 冊1-3,https://dl.nanet.go.kr/search/searchInnerDetail.do?searchType=INNER_SEARCH&resultType=INNER_SEARCH_DETAIL&searchMehtod=L&searchClass=S&controlNo=OLDP1000000456,1896,,,미부착,,개방 가능,만료공공저작물,,,O,,,,,만료저작물,
,248,국회전자도서관,官報. 1897-1906,https://dl.nanet.go.kr/search/searchInnerDetail.do?searchType=INNER_SEARCH&resultType=INNER_SEARCH_DETAIL&searchMehtod=L&searchClass=S&controlNo=OLDP1201200092,1897,,,미부착,,개방 가능,만료공공저작물,,,O,,,,,만료저작물,
,249,국회전자도서관,官報. 1897-1906,https://dl.nanet.go.kr/search/searchInnerDetail.do?searchType=INNER_SEARCH&resultType=INNER_SEARCH_DETAIL&searchMehtod=L&searchClass=S&controlNo=OLDP1196000704,1897,,,미부착,,개방 가능,만료공공저작물,,,O,,,,,만료저작물,
,250,국회전자도서관,官報. 1897-1906,https://dl.nanet.go.kr/search/searchInnerDetail.do?searchType=INNER_SEARCH&resultType=INNER_SEARCH_DETAIL&searchMehtod=L&searchClass=S&controlNo=OLDP1201200095,1897,,,미부착,,개방 가능,만료공공저작물,,,O,,,,,만료저작물,
,251,국회전자도서관,官報. 1897-1906,https://dl.nanet.go.kr/search/searchInnerDetail.do?searchType=INNER_SEARCH&resultType=INNER_SEARCH_DETAIL&searchMehtod=L&searchClass=S&controlNo=OLDP1201200093,1897,,,미부착,,개방 가능,만료공공저작물,,,O,,,,,만료저작물,
,252,국회전자도서관,官報. 1897-1906,https://dl.nanet.go.kr/search/searchInnerDetail.do?searchType=INNER_SEARCH&resultType=INNER_SEARCH_DETAIL&searchMehtod=L&searchClass=S&controlNo=OLDP1201200090,1897,,,미부착,,개방 가능,만료공공저작물,,,O,,,,,만료저작물,
,253,국회전자도서관,官報. 1897-1906,https://dl.nanet.go.kr/search/searchInnerDetail.do?searchType=INNER_SEARCH&resultType=INNER_SEARCH_DETAIL&searchMehtod=L&searchClass=S&controlNo=OLDP1201200094,1897,,,미부착,,개방 가능,만료공공저작물,,,O,,,,,만료저작물,
,254,국회전자도서관,官報. 1897-1906,https://dl.nanet.go.kr/search/searchInnerDetail.do?searchType=INNER_SEARCH&resultType=INNER_SEARCH_DETAIL&searchMehtod=L&searchClass=S&controlNo=OLDP1201200089,1897,,,미부착,,개방 가능,만료공공저작물,,,O,,,,,만료저작물,
,255,국회전자도서관,官報. 1897-1906,https://dl.nanet.go.kr/search/searchInnerDetail.do?searchType=INNER_SEARCH&resultType=INNER_SEARCH_DETAIL&searchMehtod=L&searchClass=S&controlNo=OLDP1201200091,1897,,,미부착,,개방 가능,만료공공저작물,,,O,,,,,만료저작물,
,256,국회전자도서관,"道谷實錄, 單",https://dl.nanet.go.kr/search/searchInnerDetail.do?searchType=INNER_SEARCH&resultType=INNER_SEARCH_DETAIL&searchMehtod=L&searchClass=S&controlNo=OLDP1200819371,1897,,,미부착,,개방 가능,만료공공저작물,,,O,,,,,만료저작물,
,257,국회전자도서관,官報. 1897.7-1897.12,https://dl.nanet.go.kr/search/searchInnerDetail.do?searchType=INNER_SEARCH&resultType=INNER_SEARCH_DETAIL&searchMehtod=L&searchClass=S&controlNo=OLDP1201200019,1897,,,미부착,,개방 가능,만료공공저작물,,,O,,,,,만료저작물,
,258,국회전자도서관,官報. 1897.1-1897.6,https://dl.nanet.go.kr/search/searchInnerDetail.do?searchType=INNER_SEARCH&resultType=INNER_SEARCH_DETAIL&searchMehtod=L&searchClass=S&controlNo=OLDP1196000697,1897,,,미부착,,개방 가능,만료공공저작물,,,O,,,,,만료저작물,
,259,국회전자도서관,韓淸條約,https://dl.nanet.go.kr/search/searchInnerDetail.do?searchType=INNER_SEARCH&resultType=INNER_SEARCH_DETAIL&searchMehtod=L&searchClass=S&controlNo=OLDP1000000429,1897,,,미부착,,개방 가능,만료공공저작물,,,O,,,,,만료저작물,
,260,국회전자도서관,韓淸通商條約,https://dl.nanet.go.kr/search/searchInnerDetail.do?searchType=INNER_SEARCH&resultType=INNER_SEARCH_DETAIL&searchMehtod=L&searchClass=S&controlNo=OLDP1000000460,1897,,,미부착,,개방 가능,만료공공저작물,,,O,,,,,만료저작물,
,261,국회전자도서관,孫子十家註. 冊1-4,https://dl.nanet.go.kr/search/searchInnerDetail.do?searchType=INNER_SEARCH&resultType=INNER_SEARCH_DETAIL&searchMehtod=L&searchClass=S&controlNo=OLDP3000000105,1897,,,미부착,,개방 가능,만료공공저작물,,,O,,,,,만료저작물,
,262,국회전자도서관,韓淸議約公牘,https://dl.nanet.go.kr/search/searchInnerDetail.do?searchType=INNER_SEARCH&resultType=INNER_SEARCH_DETAIL&searchMehtod=L&searchClass=S&controlNo=OLDP1000000430,1897,,,미부착,,개방 가능,만료공공저작물,,,O,,,,,만료저작물,
,263,국회전자도서관,德慧入門,https://dl.nanet.go.kr/search/searchInnerDetail.do?searchType=INNER_SEARCH&resultType=INNER_SEARCH_DETAIL&searchMehtod=L&searchClass=S&controlNo=OLDP3000000190,1897,,,미부착,,개방 가능,만료공공저작물,,,O,,,,,만료저작물,
,264,국회전자도서관,"官報, 1898.1,1899.2,1899.11,1900.4,1905.12,1906.7-12,1",https://dl.nanet.go.kr/search/searchInnerDetail.do?searchType=INNER_SEARCH&resultType=INNER_SEARCH_DETAIL&searchMehtod=L&searchClass=S&controlNo=OLDP1196000701,1898,,,미부착,,개방 가능,만료공공저작물,,,O,,,,,만료저작물,
,265,국회전자도서관,"官報, 1898.5-6",https://dl.nanet.go.kr/search/searchInnerDetail.do?searchType=INNER_SEARCH&resultType=INNER_SEARCH_DETAIL&searchMehtod=L&searchClass=S&controlNo=OLDP1196000699,1898,,,미부착,,개방 가능,만료공공저작물,,,O,,,,,만료저작물,
,266,국회전자도서관,蘆沙集(及)目錄·附錄. 冊5-8,https://dl.nanet.go.kr/search/searchInnerDetail.do?searchType=INNER_SEARCH&resultType=INNER_SEARCH_DETAIL&searchMehtod=L&searchClass=S&controlNo=OLDP1201300002,1898,,,미부착,,개방 가능,만료공공저작물,,,O,,,,,만료저작물,
,267,국회전자도서관,明時曆,https://dl.nanet.go.kr/search/searchInnerDetail.do?searchType=INNER_SEARCH&resultType=INNER_SEARCH_DETAIL&searchMehtod=L&searchClass=S&controlNo=OLDP1198028892,1898,,,미부착,,개방 가능,만료공공저작물,,,O,,,,,만료저작물,
,268,국회전자도서관,白樂天詩集. 冊1-5,https://dl.nanet.go.kr/search/searchInnerDetail.do?searchType=INNER_SEARCH&resultType=INNER_SEARCH_DETAIL&searchMehtod=L&searchClass=S&controlNo=OLDP1198040507,1898,,,미부착,,개방 가능,만료공공저작물,,,O,,,,,만료저작물,
,269,국회전자도서관,회죄직지,https://dl.nanet.go.kr/search/searchInnerDetail.do?searchType=INNER_SEARCH&resultType=INNER_SEARCH_DETAIL&searchMehtod=L&searchClass=S&controlNo=OLDP1000000515,1898,,,미부착,,개방 가능,만료공공저작물,,,O,,,,,만료저작물,
,270,국회전자도서관,Korean sketches,https://dl.nanet.go.kr/search/searchInnerDetail.do?searchType=INNER_SEARCH&resultType=INNER_SEARCH_DETAIL&searchMehtod=L&searchClass=S&controlNo=OLDP2196002529,1898,,,미부착,,개방 가능,만료공공저작물,,,O,,,,,만료저작물,
,271,국회전자도서관,蘆沙集(及)目錄·附錄. 冊1-4,https://dl.nanet.go.kr/search/searchInnerDetail.do?searchType=INNER_SEARCH&resultType=INNER_SEARCH_DETAIL&searchMehtod=L&searchClass=S&controlNo=OLDP1198040361,1898,,,미부착,,개방 가능,만료공공저작물,,,O,,,,,만료저작물,
,272,국회전자도서관,磨巖文集. 全,https://dl.nanet.go.kr/search/searchInnerDetail.do?searchType=INNER_SEARCH&resultType=INNER_SEARCH_DETAIL&searchMehtod=L&searchClass=S&controlNo=OLDP1198040147,1898,,,미부착,,개방 가능,만료공공저작물,,,O,,,,,만료저작물,
,273,국회전자도서관,"龜厓先生文集. 天, 地, 人",https://dl.nanet.go.kr/search/searchInnerDetail.do?searchType=INNER_SEARCH&resultType=INNER_SEARCH_DETAIL&searchMehtod=L&searchClass=S&controlNo=OLDP1198040133,1898,,,미부착,,개방 가능,만료공공저작물,,,O,,,,,만료저작물,
,274,국회전자도서관,約章合編. 冊1-2,https://dl.nanet.go.kr/search/searchInnerDetail.do?searchType=INNER_SEARCH&resultType=INNER_SEARCH_DETAIL&searchMehtod=L&searchClass=S&controlNo=OLDP1000000428,1898,,,미부착,,개방 가능,만료공공저작물,,,O,,,,,만료저작물,
,275,국회전자도서관,蘆沙集(及)目錄·附錄. 冊9-12,https://dl.nanet.go.kr/search/searchInnerDetail.do?searchType=INNER_SEARCH&resultType=INNER_SEARCH_DETAIL&searchMehtod=L&searchClass=S&controlNo=OLDP1201300003,1898,,,미부착,,개방 가능,만료공공저작물,,,O,,,,,만료저작물,
,276,국회전자도서관,官報. 1899-1907,https://dl.nanet.go.kr/search/searchInnerDetail.do?searchType=INNER_SEARCH&resultType=INNER_SEARCH_DETAIL&searchMehtod=L&searchClass=S&controlNo=OLDP1201200112,1899,,,미부착,,개방 가능,만료공공저작물,,,O,,,,,만료저작물,
,277,국회전자도서관,官報. 1899-1907,https://dl.nanet.go.kr/search/searchInnerDetail.do?searchType=INNER_SEARCH&resultType=INNER_SEARCH_DETAIL&searchMehtod=L&searchClass=S&controlNo=OLDP1196000703,1899,,,미부착,,개방 가능,만료공공저작물,,,O,,,,,만료저작물,
,278,국회전자도서관,官報. 1899-1907,https://dl.nanet.go.kr/search/searchInnerDetail.do?searchType=INNER_SEARCH&resultType=INNER_SEARCH_DETAIL&searchMehtod=L&searchClass=S&controlNo=OLDP1201200110,1899,,,미부착,,개방 가능,만료공공저작물,,,O,,,,,만료저작물,
,279,국회전자도서관,官報. 1899-1907,https://dl.nanet.go.kr/search/searchInnerDetail.do?searchType=INNER_SEARCH&resultType=INNER_SEARCH_DETAIL&searchMehtod=L&searchClass=S&controlNo=OLDP1201200117,1899,,,미부착,,개방 가능,만료공공저작물,,,O,,,,,만료저작물,
,280,국회전자도서관,官報. 1899-1907,https://dl.nanet.go.kr/search/searchInnerDetail.do?searchType=INNER_SEARCH&resultType=INNER_SEARCH_DETAIL&searchMehtod=L&searchClass=S&controlNo=OLDP1201200119,1899,,,미부착,,개방 가능,만료공공저작물,,,O,,,,,만료저작물,
,281,국회전자도서관,官報. 1899-1907,https://dl.nanet.go.kr/search/searchInnerDetail.do?searchType=INNER_SEARCH&resultType=INNER_SEARCH_DETAIL&searchMehtod=L&searchClass=S&controlNo=OLDP1201200109,1899,,,미부착,,개방 가능,만료공공저작물,,,O,,,,,만료저작물,
,282,국회전자도서관,官報. 1899-1907,https://dl.nanet.go.kr/search/searchInnerDetail.do?searchType=INNER_SEARCH&resultType=INNER_SEARCH_DETAIL&searchMehtod=L&searchClass=S&controlNo=OLDP1201200114,1899,,,미부착,,개방 가능,만료공공저작물,,,O,,,,,만료저작물,
,283,국회전자도서관,官報. 1899-1907,https://dl.nanet.go.kr/search/searchInnerDetail.do?searchType=INNER_SEARCH&resultType=INNER_SEARCH_DETAIL&searchMehtod=L&searchClass=S&controlNo=OLDP1201200107,1899,,,미부착,,개방 가능,만료공공저작물,,,O,,,,,만료저작물,
,284,국회전자도서관,官報. 1899-1907,https://dl.nanet.go.kr/search/searchInnerDetail.do?searchType=INNER_SEARCH&resultType=INNER_SEARCH_DETAIL&searchMehtod=L&searchClass=S&controlNo=OLDP1201200108,1899,,,미부착,,개방 가능,만료공공저작물,,,O,,,,,만료저작물,
,285,국회전자도서관,官報. 1899-1907,https://dl.nanet.go.kr/search/searchInnerDetail.do?searchType=INNER_SEARCH&resultType=INNER_SEARCH_DETAIL&searchMehtod=L&searchClass=S&controlNo=OLDP1201200115,1899,,,미부착,,개방 가능,만료공공저작물,,,O,,,,,만료저작물,
,286,국회전자도서관,官報. 1899-1907,https://dl.nanet.go.kr/search/searchInnerDetail.do?searchType=INNER_SEARCH&resultType=INNER_SEARCH_DETAIL&searchMehtod=L&searchClass=S&controlNo=OLDP1201200111,1899,,,미부착,,개방 가능,만료공공저작물,,,O,,,,,만료저작물,
,287,국회전자도서관,官報. 1899-1907,https://dl.nanet.go.kr/search/searchInnerDetail.do?searchType=INNER_SEARCH&resultType=INNER_SEARCH_DETAIL&searchMehtod=L&searchClass=S&controlNo=OLDP1201200113,1899,,,미부착,,개방 가능,만료공공저작물,,,O,,,,,만료저작물,
,288,국회전자도서관,官報. 1899-1907,https://dl.nanet.go.kr/search/searchInnerDetail.do?searchType=INNER_SEARCH&resultType=INNER_SEARCH_DETAIL&searchMehtod=L&searchClass=S&controlNo=OLDP1201200118,1899,,,미부착,,개방 가능,만료공공저작물,,,O,,,,,만료저작물,
,289,국회전자도서관,官報. 1899-1907,https://dl.nanet.go.kr/search/searchInnerDetail.do?searchType=INNER_SEARCH&resultType=INNER_SEARCH_DETAIL&searchMehtod=L&searchClass=S&controlNo=OLDP1201200116,1899,,,미부착,,개방 가능,만료공공저작물,,,O,,,,,만료저작물,
,290,국회전자도서관,商務社章程,https://dl.nanet.go.kr/search/searchInnerDetail.do?searchType=INNER_SEARCH&resultType=INNER_SEARCH_DETAIL&searchMehtod=L&searchClass=S&controlNo=OLDP1000000614,1899,,,미부착,,개방 가능,만료공공저작물,,,O,,,,,만료저작물,
,291,국회전자도서관,商理局左社陽智任房班首靑衿錄,https://dl.nanet.go.kr/search/searchInnerDetail.do?searchType=INNER_SEARCH&resultType=INNER_SEARCH_DETAIL&searchMehtod=L&searchClass=S&controlNo=OLDP1000000613,1899,,,미부착,,개방 가능,만료공공저작물,,,O,,,,,만료저작물,
,292,국회전자도서관,"外交文書. 冊1-4, 6",https://dl.nanet.go.kr/search/searchInnerDetail.do?searchType=INNER_SEARCH&resultType=INNER_SEARCH_DETAIL&searchMehtod=L&searchClass=S&controlNo=OLDP1000000050,1899,,,미부착,,개방 가능,만료공공저작물,,,O,,,,,만료저작물,
,293,국회전자도서관,"石世遺稿, 全",https://dl.nanet.go.kr/search/searchInnerDetail.do?searchType=INNER_SEARCH&resultType=INNER_SEARCH_DETAIL&searchMehtod=L&searchClass=S&controlNo=OLDP1198029182,1899,,,미부착,,개방 가능,만료공공저작물,,,O,,,,,만료저작물,
,294,국회전자도서관,波蘭國末年戰史. 全,https://dl.nanet.go.kr/search/searchInnerDetail.do?searchType=INNER_SEARCH&resultType=INNER_SEARCH_DETAIL&searchMehtod=L&searchClass=S&controlNo=OLDP1198040933,1899,,,미부착,,개방 가능,만료공공저작물,,,O,,,,,만료저작물,
,295,국회전자도서관,竹林集. 單,https://dl.nanet.go.kr/search/searchInnerDetail.do?searchType=INNER_SEARCH&resultType=INNER_SEARCH_DETAIL&searchMehtod=L&searchClass=S&controlNo=OLDP1198040180,1899,,,미부착,,개방 가능,만료공공저작물,,,O,,,,,만료저작물,
,296,국회전자도서관,"中東戰記. 上, 下",https://dl.nanet.go.kr/search/searchInnerDetail.do?searchType=INNER_SEARCH&resultType=INNER_SEARCH_DETAIL&searchMehtod=L&searchClass=S&controlNo=OLDP1198040957,1899,,,미부착,,개방 가능,만료공공저작물,,,O,,,,,만료저작물,
,297,국회전자도서관,冬郞集. 全,https://dl.nanet.go.kr/search/searchInnerDetail.do?searchType=INNER_SEARCH&resultType=INNER_SEARCH_DETAIL&searchMehtod=L&searchClass=S&controlNo=OLDP1198040167,1899,,,미부착,,개방 가능,만료공공저작물,,,O,,,,,만료저작물,
,298,국회전자도서관,童蒙宜學,https://dl.nanet.go.kr/search/searchInnerDetail.do?searchType=INNER_SEARCH&resultType=INNER_SEARCH_DETAIL&searchMehtod=L&searchClass=S&controlNo=OLDP1199914126,1899,,,미부착,,개방 가능,만료공공저작물,,,O,,,,,만료저작물,
,299,국회전자도서관,翠谷集. 全,https://dl.nanet.go.kr/search/searchInnerDetail.do?searchType=INNER_SEARCH&resultType=INNER_SEARCH_DETAIL&searchMehtod=L&searchClass=S&controlNo=OLDP1198040135,1899,,,미부착,,개방 가능,만료공공저작물,,,O,,,,,만료저작물,
,300,국회전자도서관,任中丞集. 全,https://dl.nanet.go.kr/search/searchInnerDetail.do?searchType=INNER_SEARCH&resultType=INNER_SEARCH_DETAIL&searchMehtod=L&searchClass=S&controlNo=OLDP1198040425,18uu,,,미부착,,개방 가능,만료공공저작물,,,O,,,,,만료저작물,
,301,국회전자도서관,燕巖集. 冊1-11,https://dl.nanet.go.kr/search/searchInnerDetail.do?searchType=INNER_SEARCH&resultType=INNER_SEARCH_DETAIL&searchMehtod=L&searchClass=S&controlNo=OLDP1198022447,18uu,,,미부착,,개방 가능,만료공공저작물,,,O,,,,,만료저작물,
,302,국회전자도서관,"고열녀전. 春, 夏, 秋, 冬",https://dl.nanet.go.kr/search/searchInnerDetail.do?searchType=INNER_SEARCH&resultType=INNER_SEARCH_DETAIL&searchMehtod=L&searchClass=S&controlNo=OLDP1198040666,18uu,,,미부착,,개방 가능,만료공공저작물,,,O,,,,,만료저작물,
,303,국회전자도서관,"松齋集. 乾, 坤",https://dl.nanet.go.kr/search/searchInnerDetail.do?searchType=INNER_SEARCH&resultType=INNER_SEARCH_DETAIL&searchMehtod=L&searchClass=S&controlNo=OLDP1000000112,18uu,,,미부착,,개방 가능,만료공공저작물,,,O,,,,,만료저작물,
,304,국회전자도서관,句解南華眞經. 1-5,https://dl.nanet.go.kr/search/searchInnerDetail.do?searchType=INNER_SEARCH&resultType=INNER_SEARCH_DETAIL&searchMehtod=L&searchClass=S&controlNo=OLDP1000000103,18uu,,,미부착,,개방 가능,만료공공저작물,,,O,,,,,만료저작물,
,305,국회전자도서관,三班八世譜. 冊1-2,https://dl.nanet.go.kr/search/searchInnerDetail.do?searchType=INNER_SEARCH&resultType=INNER_SEARCH_DETAIL&searchMehtod=L&searchClass=S&controlNo=OLDP1198040914,18uu,,,미부착,,개방 가능,만료공공저작물,,,O,,,,,만료저작물,
,306,국회전자도서관,"疏箚. 卷1-7, 9-17",https://dl.nanet.go.kr/search/searchInnerDetail.do?searchType=INNER_SEARCH&resultType=INNER_SEARCH_DETAIL&searchMehtod=L&searchClass=S&controlNo=OLDP1000000123,18uu,,,미부착,,개방 가능,만료공공저작물,,,O,,,,,만료저작물,
,307,국회전자도서관,先賢遺墨,https://dl.nanet.go.kr/search/searchInnerDetail.do?searchType=INNER_SEARCH&resultType=INNER_SEARCH_DETAIL&searchMehtod=L&searchClass=S&controlNo=OLDP1000000043,19--,,,미부착,,개방 가능,만료공공저작물,,,O,,,,,만료저작물,
,308,국회전자도서관,先人遺墨. 1-13,https://dl.nanet.go.kr/search/searchInnerDetail.do?searchType=INNER_SEARCH&resultType=INNER_SEARCH_DETAIL&searchMehtod=L&searchClass=S&controlNo=OLDP1200316119,19--,,,미부착,,개방 가능,만료공공저작물,,,O,,,,,만료저작물,
,309,국회전자도서관,보眞堂燕行日記,https://dl.nanet.go.kr/search/searchInnerDetail.do?searchType=INNER_SEARCH&resultType=INNER_SEARCH_DETAIL&searchMehtod=L&searchClass=S&controlNo=OLDP1000000128,1900,,,미부착,,개방 가능,만료공공저작물,,,O,,,,,만료저작물,
,310,국회전자도서관,艮峯遺稿,https://dl.nanet.go.kr/search/searchInnerDetail.do?searchType=INNER_SEARCH&resultType=INNER_SEARCH_DETAIL&searchMehtod=L&searchClass=S&controlNo=OLDP1000000118,1900,,,미부착,,개방 가능,만료공공저작물,,,O,,,,,만료저작물,
,311,국회전자도서관,韓國名士事蹟風俗寫眞帖,https://dl.nanet.go.kr/search/searchInnerDetail.do?searchType=INNER_SEARCH&resultType=INNER_SEARCH_DETAIL&searchMehtod=L&searchClass=S&controlNo=OLDP1196001001,1900,,,미부착,,개방 가능,만료공공저작물,,,O,,,,,만료저작물,
,312,국회전자도서관,倭韓文會 全,https://dl.nanet.go.kr/search/searchInnerDetail.do?searchType=INNER_SEARCH&resultType=INNER_SEARCH_DETAIL&searchMehtod=L&searchClass=S&controlNo=OLDP3000000045,1900,,,미부착,,개방 가능,만료공공저작물,,,O,,,,,만료저작물,
,313,국회전자도서관,"重齊稿, 元,利,享,貞",https://dl.nanet.go.kr/search/searchInnerDetail.do?searchType=INNER_SEARCH&resultType=INNER_SEARCH_DETAIL&searchMehtod=L&searchClass=S&controlNo=OLDP1199101778,1900,,,미부착,,개방 가능,만료공공저작물,,,O,,,,,만료저작물,
,314,국회전자도서관,"長門戊辰間사, 上",https://dl.nanet.go.kr/search/searchInnerDetail.do?searchType=INNER_SEARCH&resultType=INNER_SEARCH_DETAIL&searchMehtod=L&searchClass=S&controlNo=OLDP3000000049,1900,,,미부착,,개방 가능,만료공공저작물,,,O,,,,,만료저작물,
,315,국회전자도서관,朝鮮來聘儀節記,https://dl.nanet.go.kr/search/searchInnerDetail.do?searchType=INNER_SEARCH&resultType=INNER_SEARCH_DETAIL&searchMehtod=L&searchClass=S&controlNo=OLDP3000000048,1900,,,미부착,,개방 가능,만료공공저작물,,,O,,,,,만료저작물,
,316,국회전자도서관,朝鮮聘使詳解 乾·坤,https://dl.nanet.go.kr/search/searchInnerDetail.do?searchType=INNER_SEARCH&resultType=INNER_SEARCH_DETAIL&searchMehtod=L&searchClass=S&controlNo=OLDP3000000046,1900,,,미부착,,개방 가능,만료공공저작물,,,O,,,,,만료저작물,
,317,국회전자도서관,"和韓唱酬集, 冊1-4",https://dl.nanet.go.kr/search/searchInnerDetail.do?searchType=INNER_SEARCH&resultType=INNER_SEARCH_DETAIL&searchMehtod=L&searchClass=S&controlNo=OLDP3000000044,1900,,,미부착,,개방 가능,만료공공저작물,,,O,,,,,만료저작물,
,318,국회전자도서관,"七家唱和集, 冊1-3",https://dl.nanet.go.kr/search/searchInnerDetail.do?searchType=INNER_SEARCH&resultType=INNER_SEARCH_DETAIL&searchMehtod=L&searchClass=S&controlNo=OLDP3000000042,1900,,,미부착,,개방 가능,만료공공저작물,,,O,,,,,만료저작물,
,319,국회전자도서관,坐間筆話,https://dl.nanet.go.kr/search/searchInnerDetail.do?searchType=INNER_SEARCH&resultType=INNER_SEARCH_DETAIL&searchMehtod=L&searchClass=S&controlNo=OLDP3000000041,1900,,,미부착,,개방 가능,만료공공저작물,,,O,,,,,만료저작물,
,320,국회전자도서관,接鮮紀事,https://dl.nanet.go.kr/search/searchInnerDetail.do?searchType=INNER_SEARCH&resultType=INNER_SEARCH_DETAIL&searchMehtod=L&searchClass=S&controlNo=OLDP3000000037,1900,,,미부착,,개방 가능,만료공공저작물,,,O,,,,,만료저작물,
,321,국회전자도서관,鴻려傾蓋集,https://dl.nanet.go.kr/search/searchInnerDetail.do?searchType=INNER_SEARCH&resultType=INNER_SEARCH_DETAIL&searchMehtod=L&searchClass=S&controlNo=OLDP3000000028,1900,,,미부착,,개방 가능,만료공공저작물,,,O,,,,,만료저작물,
,322,국회전자도서관,韓사塤지集,https://dl.nanet.go.kr/search/searchInnerDetail.do?searchType=INNER_SEARCH&resultType=INNER_SEARCH_DETAIL&searchMehtod=L&searchClass=S&controlNo=OLDP3000000025,1900,,,미부착,,개방 가능,만료공공저작물,,,O,,,,,만료저작물,
,323,국회전자도서관,表海英華,https://dl.nanet.go.kr/search/searchInnerDetail.do?searchType=INNER_SEARCH&resultType=INNER_SEARCH_DETAIL&searchMehtod=L&searchClass=S&controlNo=OLDP3000000050,1900,,,미부착,,개방 가능,만료공공저작물,,,O,,,,,만료저작물,
,324,국회전자도서관,兩關唱和集 乾·坤,https://dl.nanet.go.kr/search/searchInnerDetail.do?searchType=INNER_SEARCH&resultType=INNER_SEARCH_DETAIL&searchMehtod=L&searchClass=S&controlNo=OLDP3000000032,1900,,,미부착,,개방 가능,만료공공저작물,,,O,,,,,만료저작물,
,325,국회전자도서관,河梁雅契,https://dl.nanet.go.kr/search/searchInnerDetail.do?searchType=INNER_SEARCH&resultType=INNER_SEARCH_DETAIL&searchMehtod=L&searchClass=S&controlNo=OLDP3000000024,1900,,,미부착,,개방 가능,만료공공저작물,,,O,,,,,만료저작물,
,326,국회전자도서관,玄言,https://dl.nanet.go.kr/search/searchInnerDetail.do?searchType=INNER_SEARCH&resultType=INNER_SEARCH_DETAIL&searchMehtod=L&searchClass=S&controlNo=OLDP1000000195,1900,,,미부착,,개방 가능,만료공공저작물,,,O,,,,,만료저작물,
,327,국회전자도서관,"官報, 1900.8",https://dl.nanet.go.kr/search/searchInnerDetail.do?searchType=INNER_SEARCH&resultType=INNER_SEARCH_DETAIL&searchMehtod=L&searchClass=S&controlNo=OLDP1196000700,1900,,,미부착,,개방 가능,만료공공저작물,,,O,,,,,만료저작물,
,328,국회전자도서관,"台溪先生文集. 春, 夏, 秋, 冬",https://dl.nanet.go.kr/search/searchInnerDetail.do?searchType=INNER_SEARCH&resultType=INNER_SEARCH_DETAIL&searchMehtod=L&searchClass=S&controlNo=OLDP1198040163,1900,,,미부착,,개방 가능,만료공공저작물,,,O,,,,,만료저작물,
,329,국회전자도서관,우리 나라의 발달 : 초등 사회 생활과. 1,https://dl.nanet.go.kr/search/searchInnerDetail.do?searchType=INNER_SEARCH&resultType=INNER_SEARCH_DETAIL&searchMehtod=L&searchClass=S&controlNo=OLDP1200517004,1900,,,미부착,,개방 가능,만료공공저작물,,,O,,,,,만료저작물,
,330,국회전자도서관,[국어],https://dl.nanet.go.kr/search/searchInnerDetail.do?searchType=INNER_SEARCH&resultType=INNER_SEARCH_DETAIL&searchMehtod=L&searchClass=S&controlNo=OLDP1200517027,1900,,,미부착,,개방 가능,만료공공저작물,,,O,,,,,만료저작물,
,331,국회전자도서관,[국어],https://dl.nanet.go.kr/search/searchInnerDetail.do?searchType=INNER_SEARCH&resultType=INNER_SEARCH_DETAIL&searchMehtod=L&searchClass=S&controlNo=OLDP1200517026,1900,,,미부착,,개방 가능,만료공공저작물,,,O,,,,,만료저작물,
,332,국회전자도서관,[과학공부],https://dl.nanet.go.kr/search/searchInnerDetail.do?searchType=INNER_SEARCH&resultType=INNER_SEARCH_DETAIL&searchMehtod=L&searchClass=S&controlNo=OLDP1200517023,1900,,,미부착,,개방 가능,만료공공저작물,,,O,,,,,만료저작물,
,333,국회전자도서관,[우리 나라의 발달],https://dl.nanet.go.kr/search/searchInnerDetail.do?searchType=INNER_SEARCH&resultType=INNER_SEARCH_DETAIL&searchMehtod=L&searchClass=S&controlNo=OLDP1200517021,1900,,,미부착,,개방 가능,만료공공저작물,,,O,,,,,만료저작물,
,334,국회전자도서관,[우리 나라의 발달],https://dl.nanet.go.kr/search/searchInnerDetail.do?searchType=INNER_SEARCH&resultType=INNER_SEARCH_DETAIL&searchMehtod=L&searchClass=S&controlNo=OLDP1200517020,1900,,,미부착,,개방 가능,만료공공저작물,,,O,,,,,만료저작물,
,335,국회전자도서관,우리 나라의 발달 : 초등 사회 생활과. 6-2,https://dl.nanet.go.kr/search/searchInnerDetail.do?searchType=INNER_SEARCH&resultType=INNER_SEARCH_DETAIL&searchMehtod=L&searchClass=S&controlNo=OLDP1200516997,1900,,,미부착,,개방 가능,만료공공저작물,,,O,,,,,만료저작물,
,336,국회전자도서관,초등 셈본. 4-1,https://dl.nanet.go.kr/search/searchInnerDetail.do?searchType=INNER_SEARCH&resultType=INNER_SEARCH_DETAIL&searchMehtod=L&searchClass=S&controlNo=OLDP1200516965,1900,,,미부착,,개방 가능,만료공공저작물,,,O,,,,,만료저작물,
,337,국회전자도서관,초등 셈본. 1-1,https://dl.nanet.go.kr/search/searchInnerDetail.do?searchType=INNER_SEARCH&resultType=INNER_SEARCH_DETAIL&searchMehtod=L&searchClass=S&controlNo=OLDP1200516959,1900,,,미부착,,개방 가능,만료공공저작물,,,O,,,,,만료저작물,
,338,국회전자도서관,초등 셈본. 5-1,https://dl.nanet.go.kr/search/searchInnerDetail.do?searchType=INNER_SEARCH&resultType=INNER_SEARCH_DETAIL&searchMehtod=L&searchClass=S&controlNo=OLDP1200516949,1900,,,미부착,,개방 가능,만료공공저작물,,,O,,,,,만료저작물,
,339,국회전자도서관,우리 나라의 생활 : 사회생활과. 4-2,https://dl.nanet.go.kr/search/searchInnerDetail.do?searchType=INNER_SEARCH&resultType=INNER_SEARCH_DETAIL&searchMehtod=L&searchClass=S&controlNo=OLDP1200516996,1900,,,미부착,,개방 가능,만료공공저작물,,,O,,,,,만료저작물,
,340,국회전자도서관,국어. 3-2,https://dl.nanet.go.kr/search/searchInnerDetail.do?searchType=INNER_SEARCH&resultType=INNER_SEARCH_DETAIL&searchMehtod=L&searchClass=S&controlNo=OLDP1200516983,1900,,,미부착,,개방 가능,만료공공저작물,,,O,,,,,만료저작물,
,341,국회전자도서관,초등 셈본. 4-1,https://dl.nanet.go.kr/search/searchInnerDetail.do?searchType=INNER_SEARCH&resultType=INNER_SEARCH_DETAIL&searchMehtod=L&searchClass=S&controlNo=OLDP1200516964,1900,,,미부착,,개방 가능,만료공공저작물,,,O,,,,,만료저작물,
,342,국회전자도서관,초등 셈본. 1-2,https://dl.nanet.go.kr/search/searchInnerDetail.do?searchType=INNER_SEARCH&resultType=INNER_SEARCH_DETAIL&searchMehtod=L&searchClass=S&controlNo=OLDP1200516958,1900,,,미부착,,개방 가능,만료공공저작물,,,O,,,,,만료저작물,
,343,국회전자도서관,"(尋常小學)算術書, 第5學年 兒童用",https://dl.nanet.go.kr/search/searchInnerDetail.do?searchType=INNER_SEARCH&resultType=INNER_SEARCH_DETAIL&searchMehtod=L&searchClass=S&controlNo=OLDP1200516948,1900,,,미부착,,개방 가능,만료공공저작물,,,O,,,,,만료저작물,
,344,국회전자도서관,"初等工作, 第4學年 男子用",https://dl.nanet.go.kr/search/searchInnerDetail.do?searchType=INNER_SEARCH&resultType=INNER_SEARCH_DETAIL&searchMehtod=L&searchClass=S&controlNo=OLDP1200516935,1900,,,미부착,,개방 가능,만료공공저작물,,,O,,,,,만료저작물,
,345,국회전자도서관,[셈본],https://dl.nanet.go.kr/search/searchInnerDetail.do?searchType=INNER_SEARCH&resultType=INNER_SEARCH_DETAIL&searchMehtod=L&searchClass=S&controlNo=OLDP1200517029,1900,,,미부착,,개방 가능,만료공공저작물,,,O,,,,,만료저작물,
,346,국회전자도서관,[셈본],https://dl.nanet.go.kr/search/searchInnerDetail.do?searchType=INNER_SEARCH&resultType=INNER_SEARCH_DETAIL&searchMehtod=L&searchClass=S&controlNo=OLDP1200517028,1900,,,미부착,,개방 가능,만료공공저작물,,,O,,,,,만료저작물,
,347,국회전자도서관,[국어],https://dl.nanet.go.kr/search/searchInnerDetail.do?searchType=INNER_SEARCH&resultType=INNER_SEARCH_DETAIL&searchMehtod=L&searchClass=S&controlNo=OLDP1200517025,1900,,,미부착,,개방 가능,만료공공저작물,,,O,,,,,만료저작물,
,348,국회전자도서관,[국어],https://dl.nanet.go.kr/search/searchInnerDetail.do?searchType=INNER_SEARCH&resultType=INNER_SEARCH_DETAIL&searchMehtod=L&searchClass=S&controlNo=OLDP1200517024,1900,,,미부착,,개방 가능,만료공공저작물,,,O,,,,,만료저작물,
,349,국회전자도서관,[중학교 입학시험 문제집],https://dl.nanet.go.kr/search/searchInnerDetail.do?searchType=INNER_SEARCH&resultType=INNER_SEARCH_DETAIL&searchMehtod=L&searchClass=S&controlNo=OLDP1200517022,1900,,,미부착,,개방 가능,만료공공저작물,,,O,,,,,만료저작물,
,350,국회전자도서관,우리 나라의 생활 : 사회생활. 4-2,https://dl.nanet.go.kr/search/searchInnerDetail.do?searchType=INNER_SEARCH&resultType=INNER_SEARCH_DETAIL&searchMehtod=L&searchClass=S&controlNo=OLDP1200517016,1900,,,미부착,,개방 가능,만료공공저작물,,,O,,,,,만료저작물,
,351,국회전자도서관,농사짓기. 5,https://dl.nanet.go.kr/search/searchInnerDetail.do?searchType=INNER_SEARCH&resultType=INNER_SEARCH_DETAIL&searchMehtod=L&searchClass=S&controlNo=OLDP1200517011,1900,,,미부착,,개방 가능,만료공공저작물,,,O,,,,,만료저작물,
,352,국회전자도서관,[농사짓기],https://dl.nanet.go.kr/search/searchInnerDetail.do?searchType=INNER_SEARCH&resultType=INNER_SEARCH_DETAIL&searchMehtod=L&searchClass=S&controlNo=OLDP1200517018,1900,,,미부착,,개방 가능,만료공공저작물,,,O,,,,,만료저작물,
,353,국회전자도서관,"初等地理, 卷2",https://dl.nanet.go.kr/search/searchInnerDetail.do?searchType=INNER_SEARCH&resultType=INNER_SEARCH_DETAIL&searchMehtod=L&searchClass=S&controlNo=OLDP1200517009,1900,,,미부착,,개방 가능,만료공공저작물,,,O,,,,,만료저작물,
,354,국회전자도서관,"광문전과 : 자학 자습의 길잡이 , 6-1",https://dl.nanet.go.kr/search/searchInnerDetail.do?searchType=INNER_SEARCH&resultType=INNER_SEARCH_DETAIL&searchMehtod=L&searchClass=S&controlNo=OLDP1200516926,1900,,,미부착,,개방 가능,만료공공저작물,,,O,,,,,만료저작물,
,355,국회전자도서관,국어. 5-2,https://dl.nanet.go.kr/search/searchInnerDetail.do?searchType=INNER_SEARCH&resultType=INNER_SEARCH_DETAIL&searchMehtod=L&searchClass=S&controlNo=OLDP1200517019,1900,,,미부착,,개방 가능,만료공공저작물,,,O,,,,,만료저작물,
,356,국회전자도서관,而軒遺稿,https://dl.nanet.go.kr/search/searchInnerDetail.do?searchType=INNER_SEARCH&resultType=INNER_SEARCH_DETAIL&searchMehtod=L&searchClass=S&controlNo=OLDP1199101782,1900,,,미부착,,개방 가능,만료공공저작물,,,O,,,,,만료저작물,
,357,국회전자도서관,梧陰先生遺稿,https://dl.nanet.go.kr/search/searchInnerDetail.do?searchType=INNER_SEARCH&resultType=INNER_SEARCH_DETAIL&searchMehtod=L&searchClass=S&controlNo=OLDP12021000000011,1900,,,미부착,,개방 가능,만료공공저작물,,,O,,,,,만료저작물,
,358,국회전자도서관,"淸國戊戌政變記. 1, 續編",https://dl.nanet.go.kr/search/searchInnerDetail.do?searchType=INNER_SEARCH&resultType=INNER_SEARCH_DETAIL&searchMehtod=L&searchClass=S&controlNo=OLDP1198040956,1900,,,미부착,,개방 가능,만료공공저작물,,,O,,,,,만료저작물,
,359,국회전자도서관,淸國戊戌政變記,https://dl.nanet.go.kr/search/searchInnerDetail.do?searchType=INNER_SEARCH&resultType=INNER_SEARCH_DETAIL&searchMehtod=L&searchClass=S&controlNo=OLDP1200130214,1900,,,미부착,,개방 가능,만료공공저작물,,,O,,,,,만료저작물,
,360,국회전자도서관,精選算學. 冊1,https://dl.nanet.go.kr/search/searchInnerDetail.do?searchType=INNER_SEARCH&resultType=INNER_SEARCH_DETAIL&searchMehtod=L&searchClass=S&controlNo=OLDP1198028883,1900,,,미부착,,개방 가능,만료공공저작물,,,O,,,,,만료저작물,
,361,국회전자도서관,天台四敎義解. 冊1-3,https://dl.nanet.go.kr/search/searchInnerDetail.do?searchType=INNER_SEARCH&resultType=INNER_SEARCH_DETAIL&searchMehtod=L&searchClass=S&controlNo=OLDP3000000031,1900,,,미부착,,개방 가능,만료공공저작물,,,O,,,,,만료저작물,
,362,국회전자도서관,"妙法蓮華經, 1-7",https://dl.nanet.go.kr/search/searchInnerDetail.do?searchType=INNER_SEARCH&resultType=INNER_SEARCH_DETAIL&searchMehtod=L&searchClass=S&controlNo=OLDP1200819578,1900,,,미부착,,개방 가능,만료공공저작물,,,O,,,,,만료저작물,
,363,국회전자도서관,雲林別墅新輯酬世錦囊家禮集成. 冊2-4,https://dl.nanet.go.kr/search/searchInnerDetail.do?searchType=INNER_SEARCH&resultType=INNER_SEARCH_DETAIL&searchMehtod=L&searchClass=S&controlNo=OLDP1199913995,1900,,,미부착,,개방 가능,만료공공저작물,,,O,,,,,만료저작물,
,364,국회전자도서관,新堂先生實記. 單,https://dl.nanet.go.kr/search/searchInnerDetail.do?searchType=INNER_SEARCH&resultType=INNER_SEARCH_DETAIL&searchMehtod=L&searchClass=S&controlNo=OLDP1198040793,1900,,,미부착,,개방 가능,만료공공저작물,,,O,,,,,만료저작물,
,365,국회전자도서관,法國革新戰史. 全,https://dl.nanet.go.kr/search/searchInnerDetail.do?searchType=INNER_SEARCH&resultType=INNER_SEARCH_DETAIL&searchMehtod=L&searchClass=S&controlNo=OLDP1198040934,1900,,,미부착,,개방 가능,만료공공저작물,,,O,,,,,만료저작물,
,366,국회전자도서관,商務章程附則,https://dl.nanet.go.kr/search/searchInnerDetail.do?searchType=INNER_SEARCH&resultType=INNER_SEARCH_DETAIL&searchMehtod=L&searchClass=S&controlNo=OLDP1000000615,1901,,,미부착,,개방 가능,만료공공저작물,,,O,,,,,만료저작물,
,367,국회전자도서관,定齋先生文集續集. 冊5-8,https://dl.nanet.go.kr/search/searchInnerDetail.do?searchType=INNER_SEARCH&resultType=INNER_SEARCH_DETAIL&searchMehtod=L&searchClass=S&controlNo=OLDP1201200147,1901,,,미부착,,개방 가능,만료공공저작물,,,O,,,,,만료저작물,
,368,국회전자도서관,紳商會社章程,https://dl.nanet.go.kr/search/searchInnerDetail.do?searchType=INNER_SEARCH&resultType=INNER_SEARCH_DETAIL&searchMehtod=L&searchClass=S&controlNo=OLDP1000000469,1901,,,미부착,,개방 가능,만료공공저작물,,,O,,,,,만료저작물,
,369,국회전자도서관,欽欽新書. 冊1-4,https://dl.nanet.go.kr/search/searchInnerDetail.do?searchType=INNER_SEARCH&resultType=INNER_SEARCH_DETAIL&searchMehtod=L&searchClass=S&controlNo=OLDP1000000464,1901,,,미부착,,개방 가능,만료공공저작물,,,O,,,,,만료저작물,
,370,국회전자도서관,燕巖續集. 冊1-2,https://dl.nanet.go.kr/search/searchInnerDetail.do?searchType=INNER_SEARCH&resultType=INNER_SEARCH_DETAIL&searchMehtod=L&searchClass=S&controlNo=OLDP1198040366,1901,,,미부착,,개방 가능,만료공공저작물,,,O,,,,,만료저작물,
,371,국회전자도서관,Supplément à la Bibliograhie coréenne,https://dl.nanet.go.kr/search/searchInnerDetail.do?searchType=INNER_SEARCH&resultType=INNER_SEARCH_DETAIL&searchMehtod=L&searchClass=S&controlNo=OLDP2200320642,1901,,,미부착,,개방 가능,만료공공저작물,,,O,,,,,만료저작물,
,372,국회전자도서관,大韓地志. 全,https://dl.nanet.go.kr/search/searchInnerDetail.do?searchType=INNER_SEARCH&resultType=INNER_SEARCH_DETAIL&searchMehtod=L&searchClass=S&controlNo=OLDP1198040628,1901,,,미부착,,개방 가능,만료공공저작물,,,O,,,,,만료저작물,
,373,국회전자도서관,日本文法敎科書. 上,https://dl.nanet.go.kr/search/searchInnerDetail.do?searchType=INNER_SEARCH&resultType=INNER_SEARCH_DETAIL&searchMehtod=L&searchClass=S&controlNo=OLDP3000000121,1901,,,미부착,,개방 가능,만료공공저작물,,,O,,,,,만료저작물,
,374,국회전자도서관,蠶桑實驗說,https://dl.nanet.go.kr/search/searchInnerDetail.do?searchType=INNER_SEARCH&resultType=INNER_SEARCH_DETAIL&searchMehtod=L&searchClass=S&controlNo=OLDP3198028061,1901,,,미부착,,개방 가능,만료공공저작물,,,O,,,,,만료저작물,
,375,국회전자도서관,定齋先生文集續集. 冊1-4,https://dl.nanet.go.kr/search/searchInnerDetail.do?searchType=INNER_SEARCH&resultType=INNER_SEARCH_DETAIL&searchMehtod=L&searchClass=S&controlNo=OLDP1198029877,1901,,,미부착,,개방 가능,만료공공저작물,,,O,,,,,만료저작물,
,376,국회전자도서관,人工養蠶鑑,https://dl.nanet.go.kr/search/searchInnerDetail.do?searchType=INNER_SEARCH&resultType=INNER_SEARCH_DETAIL&searchMehtod=L&searchClass=S&controlNo=OLDP3198028063,1901,,,미부착,,개방 가능,만료공공저작물,,,O,,,,,만료저작물,
,377,국회전자도서관,進修堂監定時行簡禮彙纂. 全,https://dl.nanet.go.kr/search/searchInnerDetail.do?searchType=INNER_SEARCH&resultType=INNER_SEARCH_DETAIL&searchMehtod=L&searchClass=S&controlNo=OLDP1198040360,1902,,,미부착,,개방 가능,만료공공저작물,,,O,,,,,만료저작물,
,378,국회전자도서관,牧民心書正文. 全,https://dl.nanet.go.kr/search/searchInnerDetail.do?searchType=INNER_SEARCH&resultType=INNER_SEARCH_DETAIL&searchMehtod=L&searchClass=S&controlNo=OLDP1200500338,1902,,,미부착,,개방 가능,만료공공저작물,,,O,,,,,만료저작물,
,379,국회전자도서관,陸軍法律附諸規定,https://dl.nanet.go.kr/search/searchInnerDetail.do?searchType=INNER_SEARCH&resultType=INNER_SEARCH_DETAIL&searchMehtod=L&searchClass=S&controlNo=OLDP1000000449,1902,,,미부착,,개방 가능,만료공공저작물,,,O,,,,,만료저작물,
,380,국회전자도서관,邵城聯芳集. 冊1,https://dl.nanet.go.kr/search/searchInnerDetail.do?searchType=INNER_SEARCH&resultType=INNER_SEARCH_DETAIL&searchMehtod=L&searchClass=S&controlNo=OLDP1198040375,1902,,,미부착,,개방 가능,만료공공저작물,,,O,,,,,만료저작물,
,381,국회전자도서관,牧民心書. 冊1-4,https://dl.nanet.go.kr/search/searchInnerDetail.do?searchType=INNER_SEARCH&resultType=INNER_SEARCH_DETAIL&searchMehtod=L&searchClass=S&controlNo=OLDP1200500336,1902,,,미부착,,개방 가능,만료공공저작물,,,O,,,,,만료저작물,
,382,국회전자도서관,中等萬國地誌. 冊1-3,https://dl.nanet.go.kr/search/searchInnerDetail.do?searchType=INNER_SEARCH&resultType=INNER_SEARCH_DETAIL&searchMehtod=L&searchClass=S&controlNo=OLDP1198040607,1902,,,미부착,,개방 가능,만료공공저작물,,,O,,,,,만료저작물,
,383,국회전자도서관,東史輯略. 冊1-3,https://dl.nanet.go.kr/search/searchInnerDetail.do?searchType=INNER_SEARCH&resultType=INNER_SEARCH_DETAIL&searchMehtod=L&searchClass=S&controlNo=OLDP1200500294,1902,,,미부착,,개방 가능,만료공공저작물,,,O,,,,,만료저작물,
,384,국회전자도서관,"大韓疆域考. 上, 下",https://dl.nanet.go.kr/search/searchInnerDetail.do?searchType=INNER_SEARCH&resultType=INNER_SEARCH_DETAIL&searchMehtod=L&searchClass=S&controlNo=OLDP1200500289,1903,,,미부착,,개방 가능,만료공공저작물,,,O,,,,,만료저작물,
,385,국회전자도서관,崧陽耆舊傳. 全,https://dl.nanet.go.kr/search/searchInnerDetail.do?searchType=INNER_SEARCH&resultType=INNER_SEARCH_DETAIL&searchMehtod=L&searchClass=S&controlNo=OLDP1198040707,1903,,,미부착,,개방 가능,만료공공저작물,,,O,,,,,만료저작물,
,386,국회전자도서관,"息蔭堂世稿. 上, 下",https://dl.nanet.go.kr/search/searchInnerDetail.do?searchType=INNER_SEARCH&resultType=INNER_SEARCH_DETAIL&searchMehtod=L&searchClass=S&controlNo=OLDP1198040216,1903,,,미부착,,개방 가능,만료공공저작물,,,O,,,,,만료저작물,
,387,국회전자도서관,橘下遺稿. 單,https://dl.nanet.go.kr/search/searchInnerDetail.do?searchType=INNER_SEARCH&resultType=INNER_SEARCH_DETAIL&searchMehtod=L&searchClass=S&controlNo=OLDP1198040156,1903,,,미부착,,개방 가능,만료공공저작물,,,O,,,,,만료저작물,
,388,국회전자도서관,朝鮮疆域誌. 冊1,https://dl.nanet.go.kr/search/searchInnerDetail.do?searchType=INNER_SEARCH&resultType=INNER_SEARCH_DETAIL&searchMehtod=L&searchClass=S&controlNo=OLDP1198040609,1903,,,미부착,,개방 가능,만료공공저작물,,,O,,,,,만료저작물,
,389,국회전자도서관,朱子書節要. 冊6-10,https://dl.nanet.go.kr/search/searchInnerDetail.do?searchType=INNER_SEARCH&resultType=INNER_SEARCH_DETAIL&searchMehtod=L&searchClass=S&controlNo=OLDP1201200003,1904,,,미부착,,개방 가능,만료공공저작물,,,O,,,,,만료저작물,
,390,국회전자도서관,朱子書節要. 冊1-5,https://dl.nanet.go.kr/search/searchInnerDetail.do?searchType=INNER_SEARCH&resultType=INNER_SEARCH_DETAIL&searchMehtod=L&searchClass=S&controlNo=OLDP1000000400,1904,,,미부착,,개방 가능,만료공공저작물,,,O,,,,,만료저작물,
,391,국회전자도서관,校訂交隣須知,https://dl.nanet.go.kr/search/searchInnerDetail.do?searchType=INNER_SEARCH&resultType=INNER_SEARCH_DETAIL&searchMehtod=L&searchClass=S&controlNo=OLDP1196001007,1904,,,미부착,,개방 가능,만료공공저작물,,,O,,,,,만료저작물,
,392,국회전자도서관,淸及韓(全),https://dl.nanet.go.kr/search/searchInnerDetail.do?searchType=INNER_SEARCH&resultType=INNER_SEARCH_DETAIL&searchMehtod=L&searchClass=S&controlNo=OLDP3196001007,1904,,,미부착,,개방 가능,만료공공저작물,,,O,,,,,만료저작물,
,393,국회전자도서관,독립정신,https://dl.nanet.go.kr/search/searchInnerDetail.do?searchType=INNER_SEARCH&resultType=INNER_SEARCH_DETAIL&searchMehtod=L&searchClass=S&controlNo=OLDP1196001013,1904,,,미부착,,개방 가능,만료공공저작물,,,O,,,,,만료저작물,
,394,국회전자도서관,所庵先生文集. 冊1-4,https://dl.nanet.go.kr/search/searchInnerDetail.do?searchType=INNER_SEARCH&resultType=INNER_SEARCH_DETAIL&searchMehtod=L&searchClass=S&controlNo=OLDP1198040038,1904,,,미부착,,개방 가능,만료공공저작물,,,O,,,,,만료저작물,
,395,국회전자도서관,桐巢集(幷)附錄. 冊1-2,https://dl.nanet.go.kr/search/searchInnerDetail.do?searchType=INNER_SEARCH&resultType=INNER_SEARCH_DETAIL&searchMehtod=L&searchClass=S&controlNo=OLDP1198029189,1904,,,미부착,,개방 가능,만료공공저작물,,,O,,,,,만료저작물,
,396,국회전자도서관,Korea,https://dl.nanet.go.kr/search/searchInnerDetail.do?searchType=INNER_SEARCH&resultType=INNER_SEARCH_DETAIL&searchMehtod=L&searchClass=S&controlNo=OLDP2196002530,1904,,,미부착,,개방 가능,만료공공저작물,,,O,,,,,만료저작물,
,397,국회전자도서관,月川集. 冊1-2,https://dl.nanet.go.kr/search/searchInnerDetail.do?searchType=INNER_SEARCH&resultType=INNER_SEARCH_DETAIL&searchMehtod=L&searchClass=S&controlNo=OLDP1198029138,1904,,,미부착,,개방 가능,만료공공저작물,,,O,,,,,만료저작물,
,398,국회전자도서관,所庵先生文集. 冊9-10,https://dl.nanet.go.kr/search/searchInnerDetail.do?searchType=INNER_SEARCH&resultType=INNER_SEARCH_DETAIL&searchMehtod=L&searchClass=S&controlNo=OLDP1201200158,1904,,,미부착,,개방 가능,만료공공저작물,,,O,,,,,만료저작물,
,399,국회전자도서관,所庵先生文集. 冊5-8,https://dl.nanet.go.kr/search/searchInnerDetail.do?searchType=INNER_SEARCH&resultType=INNER_SEARCH_DETAIL&searchMehtod=L&searchClass=S&controlNo=OLDP1201200157,1904,,,미부착,,개방 가능,만료공공저작물,,,O,,,,,만료저작물,
,400,국회전자도서관,東亞開進敎育會商業課章程,https://dl.nanet.go.kr/search/searchInnerDetail.do?searchType=INNER_SEARCH&resultType=INNER_SEARCH_DETAIL&searchMehtod=L&searchClass=S&controlNo=OLDP1000000610,1905,,,미부착,,개방 가능,만료공공저작물,,,O,,,,,만료저작물,
,401,국회전자도서관,埃及近世史. 全,https://dl.nanet.go.kr/search/searchInnerDetail.do?searchType=INNER_SEARCH&resultType=INNER_SEARCH_DETAIL&searchMehtod=L&searchClass=S&controlNo=OLDP12021000000065,1905,,,미부착,,개방 가능,만료공공저작물,,,O,,,,,만료저작물,
,402,국회전자도서관,尺牘完編. 乾,https://dl.nanet.go.kr/search/searchInnerDetail.do?searchType=INNER_SEARCH&resultType=INNER_SEARCH_DETAIL&searchMehtod=L&searchClass=S&controlNo=OLDP1198040338,1905,,,미부착,,개방 가능,만료공공저작물,,,O,,,,,만료저작물,
,403,국회전자도서관,"愚齋先生實紀. 乾, 坤",https://dl.nanet.go.kr/search/searchInnerDetail.do?searchType=INNER_SEARCH&resultType=INNER_SEARCH_DETAIL&searchMehtod=L&searchClass=S&controlNo=OLDP1198040738,1905,,,미부착,,개방 가능,만료공공저작물,,,O,,,,,만료저작물,
,404,국회전자도서관,栽桑全書,https://dl.nanet.go.kr/search/searchInnerDetail.do?searchType=INNER_SEARCH&resultType=INNER_SEARCH_DETAIL&searchMehtod=L&searchClass=S&controlNo=OLDP1198029127,1905,,,미부착,,개방 가능,만료공공저작물,,,O,,,,,만료저작물,
,405,국회전자도서관,大東紀年. 冊1-5,https://dl.nanet.go.kr/search/searchInnerDetail.do?searchType=INNER_SEARCH&resultType=INNER_SEARCH_DETAIL&searchMehtod=L&searchClass=S&controlNo=OLDP1200500332,1905,,,미부착,,개방 가능,만료공공저작물,,,O,,,,,만료저작물,
,406,국회전자도서관,闕里誌. 冊1-3,https://dl.nanet.go.kr/search/searchInnerDetail.do?searchType=INNER_SEARCH&resultType=INNER_SEARCH_DETAIL&searchMehtod=L&searchClass=S&controlNo=OLDP1199914111,1905,,,미부착,,개방 가능,만료공공저작물,,,O,,,,,만료저작물,
,407,국회전자도서관,"尺牘完編. 乾, 坤",https://dl.nanet.go.kr/search/searchInnerDetail.do?searchType=INNER_SEARCH&resultType=INNER_SEARCH_DETAIL&searchMehtod=L&searchClass=S&controlNo=OLDP1198040339,1905,,,미부착,,개방 가능,만료공공저작물,,,O,,,,,만료저작물,
,408,국회전자도서관,大韓地志. 全,https://dl.nanet.go.kr/search/searchInnerDetail.do?searchType=INNER_SEARCH&resultType=INNER_SEARCH_DETAIL&searchMehtod=L&searchClass=S&controlNo=OLDP1198040627,1905,,,미부착,,개방 가능,만료공공저작물,,,O,,,,,만료저작물,
,409,국회전자도서관,草千字,https://dl.nanet.go.kr/search/searchInnerDetail.do?searchType=INNER_SEARCH&resultType=INNER_SEARCH_DETAIL&searchMehtod=L&searchClass=S&controlNo=OLDP1000000381,1905,,,미부착,,개방 가능,만료공공저작물,,,O,,,,,만료저작물,
,410,국회전자도서관,進明彙論,https://dl.nanet.go.kr/search/searchInnerDetail.do?searchType=INNER_SEARCH&resultType=INNER_SEARCH_DETAIL&searchMehtod=L&searchClass=S&controlNo=OLDP1000000174,1905,,,미부착,,개방 가능,만료공공저작물,,,O,,,,,만료저작물,
,411,국회전자도서관,"(音註)小倉山房尺牘. 乾, 坤",https://dl.nanet.go.kr/search/searchInnerDetail.do?searchType=INNER_SEARCH&resultType=INNER_SEARCH_DETAIL&searchMehtod=L&searchClass=S&controlNo=OLDP1198040585,1905,,,미부착,,개방 가능,만료공공저작물,,,O,,,,,만료저작물,
,412,국회전자도서관,全齋先生禮說. 冊1-2,https://dl.nanet.go.kr/search/searchInnerDetail.do?searchType=INNER_SEARCH&resultType=INNER_SEARCH_DETAIL&searchMehtod=L&searchClass=S&controlNo=OLDP1000000622,1905,,,미부착,,개방 가능,만료공공저작물,,,O,,,,,만료저작물,
,413,국회전자도서관,歷史輯略. 冊1-3,https://dl.nanet.go.kr/search/searchInnerDetail.do?searchType=INNER_SEARCH&resultType=INNER_SEARCH_DETAIL&searchMehtod=L&searchClass=S&controlNo=OLDP1200500313,1905,,,미부착,,개방 가능,만료공공저작물,,,O,,,,,만료저작물,
,414,국회전자도서관,欽定前漢書. 冊1-12,https://dl.nanet.go.kr/search/searchInnerDetail.do?searchType=INNER_SEARCH&resultType=INNER_SEARCH_DETAIL&searchMehtod=L&searchClass=S&controlNo=OLDP1198042196,1905,,,미부착,,개방 가능,만료공공저작물,,,O,,,,,만료저작물,
,415,국회전자도서관,五賢粹言. 冊1-2,https://dl.nanet.go.kr/search/searchInnerDetail.do?searchType=INNER_SEARCH&resultType=INNER_SEARCH_DETAIL&searchMehtod=L&searchClass=S&controlNo=OLDP1000000249,1905,,,미부착,,개방 가능,만료공공저작물,,,O,,,,,만료저작물,
,416,국회전자도서관,退溪先生言行錄. 冊1-3,https://dl.nanet.go.kr/search/searchInnerDetail.do?searchType=INNER_SEARCH&resultType=INNER_SEARCH_DETAIL&searchMehtod=L&searchClass=S&controlNo=OLDP1000000233,1905,,,미부착,,개방 가능,만료공공저작물,,,O,,,,,만료저작물,
,417,국회전자도서관,性潭先生集(幷)附錄. 冊13-16,https://dl.nanet.go.kr/search/searchInnerDetail.do?searchType=INNER_SEARCH&resultType=INNER_SEARCH_DETAIL&searchMehtod=L&searchClass=S&controlNo=OLDP1201200140,1906,,,미부착,,개방 가능,만료공공저작물,,,O,,,,,만료저작물,
,418,국회전자도서관,性潭先生集(幷)附錄. 冊2-4,https://dl.nanet.go.kr/search/searchInnerDetail.do?searchType=INNER_SEARCH&resultType=INNER_SEARCH_DETAIL&searchMehtod=L&searchClass=S&controlNo=OLDP1198028953,1906,,,미부착,,개방 가능,만료공공저작물,,,O,,,,,만료저작물,
,419,국회전자도서관,性潭先生集(幷)附錄. 冊10-12,https://dl.nanet.go.kr/search/searchInnerDetail.do?searchType=INNER_SEARCH&resultType=INNER_SEARCH_DETAIL&searchMehtod=L&searchClass=S&controlNo=OLDP1201200139,1906,,,미부착,,개방 가능,만료공공저작물,,,O,,,,,만료저작물,
,420,국회전자도서관,性潭先生集(幷)附錄. 冊8-9,https://dl.nanet.go.kr/search/searchInnerDetail.do?searchType=INNER_SEARCH&resultType=INNER_SEARCH_DETAIL&searchMehtod=L&searchClass=S&controlNo=OLDP1201200138,1906,,,미부착,,개방 가능,만료공공저작물,,,O,,,,,만료저작물,
,421,국회전자도서관,性潭先生集(幷)附錄. 冊5-7,https://dl.nanet.go.kr/search/searchInnerDetail.do?searchType=INNER_SEARCH&resultType=INNER_SEARCH_DETAIL&searchMehtod=L&searchClass=S&controlNo=OLDP1201200137,1906,,,미부착,,개방 가능,만료공공저작물,,,O,,,,,만료저작물,
,422,국회전자도서관,韓國總覽,https://dl.nanet.go.kr/search/searchInnerDetail.do?searchType=INNER_SEARCH&resultType=INNER_SEARCH_DETAIL&searchMehtod=L&searchClass=S&controlNo=OLDP3196001006,1906,,,미부착,,개방 가능,만료공공저작물,,,O,,,,,만료저작물,
,423,국회전자도서관,韓國政爭志,https://dl.nanet.go.kr/search/searchInnerDetail.do?searchType=INNER_SEARCH&resultType=INNER_SEARCH_DETAIL&searchMehtod=L&searchClass=S&controlNo=OLDP3196001008,1906,,,미부착,,개방 가능,만료공공저작물,,,O,,,,,만료저작물,
,424,국회전자도서관,石北先生文集. 冊5-8,https://dl.nanet.go.kr/search/searchInnerDetail.do?searchType=INNER_SEARCH&resultType=INNER_SEARCH_DETAIL&searchMehtod=L&searchClass=S&controlNo=OLDP1201200141,1906,,,미부착,,개방 가능,만료공공저작물,,,O,,,,,만료저작물,
,425,국회전자도서관,石北先生文集. 冊1-4,https://dl.nanet.go.kr/search/searchInnerDetail.do?searchType=INNER_SEARCH&resultType=INNER_SEARCH_DETAIL&searchMehtod=L&searchClass=S&controlNo=OLDP1198028958,1906,,,미부착,,개방 가능,만료공공저작물,,,O,,,,,만료저작물,
,426,국회전자도서관,"官報, 1906.10-11",https://dl.nanet.go.kr/search/searchInnerDetail.do?searchType=INNER_SEARCH&resultType=INNER_SEARCH_DETAIL&searchMehtod=L&searchClass=S&controlNo=OLDP1196000698,1906,,,미부착,,개방 가능,만료공공저작물,,,O,,,,,만료저작물,
,427,국회전자도서관,麗韓文選. 冊1-10,https://dl.nanet.go.kr/search/searchInnerDetail.do?searchType=INNER_SEARCH&resultType=INNER_SEARCH_DETAIL&searchMehtod=L&searchClass=S&controlNo=OLDP1198040213,1906,,,미부착,,개방 가능,만료공공저작물,,,O,,,,,만료저작물,
,428,국회전자도서관,萬國史記(及)續. 冊8-14,https://dl.nanet.go.kr/search/searchInnerDetail.do?searchType=INNER_SEARCH&resultType=INNER_SEARCH_DETAIL&searchMehtod=L&searchClass=S&controlNo=OLDP1201300020,1906,,,미부착,,개방 가능,만료공공저작물,,,O,,,,,만료저작물,
,429,국회전자도서관,萬國史記(及)續. 冊1-7,https://dl.nanet.go.kr/search/searchInnerDetail.do?searchType=INNER_SEARCH&resultType=INNER_SEARCH_DETAIL&searchMehtod=L&searchClass=S&controlNo=OLDP1198040604,1906,,,미부착,,개방 가능,만료공공저작물,,,O,,,,,만료저작물,
,430,국회전자도서관,精選萬國史. 全,https://dl.nanet.go.kr/search/searchInnerDetail.do?searchType=INNER_SEARCH&resultType=INNER_SEARCH_DETAIL&searchMehtod=L&searchClass=S&controlNo=OLDP1198040601,1906,,,미부착,,개방 가능,만료공공저작물,,,O,,,,,만료저작물,
,431,국회전자도서관,天道敎大憲,https://dl.nanet.go.kr/search/searchInnerDetail.do?searchType=INNER_SEARCH&resultType=INNER_SEARCH_DETAIL&searchMehtod=L&searchClass=S&controlNo=OLDP1000000079,1906,,,미부착,,개방 가능,만료공공저작물,,,O,,,,,만료저작물,
,432,국회전자도서관,東岡先生文集. 冊1-5,https://dl.nanet.go.kr/search/searchInnerDetail.do?searchType=INNER_SEARCH&resultType=INNER_SEARCH_DETAIL&searchMehtod=L&searchClass=S&controlNo=OLDP1198040383,1906,,,미부착,,개방 가능,만료공공저작물,,,O,,,,,만료저작물,
,433,국회전자도서관,孔氏家語. 1-2冊,https://dl.nanet.go.kr/search/searchInnerDetail.do?searchType=INNER_SEARCH&resultType=INNER_SEARCH_DETAIL&searchMehtod=L&searchClass=S&controlNo=OLDP1199918104,1906,,,미부착,,개방 가능,만료공공저작물,,,O,,,,,만료저작물,
,434,국회전자도서관,(改良)小學新讀本. 冊5-6,https://dl.nanet.go.kr/search/searchInnerDetail.do?searchType=INNER_SEARCH&resultType=INNER_SEARCH_DETAIL&searchMehtod=L&searchClass=S&controlNo=OLDP3000000143,1906,,,미부착,,개방 가능,만료공공저작물,,,O,,,,,만료저작물,
,435,국회전자도서관,(普通敎科)大東歷史略. 全,https://dl.nanet.go.kr/search/searchInnerDetail.do?searchType=INNER_SEARCH&resultType=INNER_SEARCH_DETAIL&searchMehtod=L&searchClass=S&controlNo=OLDP1200500304,1906,,,미부착,,개방 가능,만료공공저작물,,,O,,,,,만료저작물,
,436,국회전자도서관,新訂東國歷史. 冊1,https://dl.nanet.go.kr/search/searchInnerDetail.do?searchType=INNER_SEARCH&resultType=INNER_SEARCH_DETAIL&searchMehtod=L&searchClass=S&controlNo=OLDP1200500281,1906,,,미부착,,개방 가능,만료공공저작물,,,O,,,,,만료저작물,
,437,국회전자도서관,新鐫神峰張先生通攷闢謬命理正宗大全,https://dl.nanet.go.kr/search/searchInnerDetail.do?searchType=INNER_SEARCH&resultType=INNER_SEARCH_DETAIL&searchMehtod=L&searchClass=S&controlNo=OLDP3000000002,1906,,,미부착,,개방 가능,만료공공저작물,,,O,,,,,만료저작물,
,438,국회전자도서관,The passing of Korea,https://dl.nanet.go.kr/search/searchInnerDetail.do?searchType=INNER_SEARCH&resultType=INNER_SEARCH_DETAIL&searchMehtod=L&searchClass=S&controlNo=OLDP2196002527,1906,,,미부착,,개방 가능,만료공공저작물,,,O,,,,,만료저작물,
,439,국회전자도서관,東國史略. 冊1-4,https://dl.nanet.go.kr/search/searchInnerDetail.do?searchType=INNER_SEARCH&resultType=INNER_SEARCH_DETAIL&searchMehtod=L&searchClass=S&controlNo=OLDP1198042033,1906,,,미부착,,개방 가능,만료공공저작물,,,O,,,,,만료저작물,
,440,국회전자도서관,(大韓光武十年) 丙午日記. 全,https://dl.nanet.go.kr/search/searchInnerDetail.do?searchType=INNER_SEARCH&resultType=INNER_SEARCH_DETAIL&searchMehtod=L&searchClass=S&controlNo=OLDP1198040342,1906,,,미부착,,개방 가능,만료공공저작물,,,O,,,,,만료저작물,
,441,국회전자도서관,"初等小學. 冊1, 4",https://dl.nanet.go.kr/search/searchInnerDetail.do?searchType=INNER_SEARCH&resultType=INNER_SEARCH_DETAIL&searchMehtod=L&searchClass=S&controlNo=OLDP1000000602,1906,,,미부착,,개방 가능,만료공공저작물,,,O,,,,,만료저작물,
,442,국회전자도서관,新撰小物理學. 全,https://dl.nanet.go.kr/search/searchInnerDetail.do?searchType=INNER_SEARCH&resultType=INNER_SEARCH_DETAIL&searchMehtod=L&searchClass=S&controlNo=OLDP1000000599,1906,,,미부착,,개방 가능,만료공공저작물,,,O,,,,,만료저작물,
,443,국회전자도서관,經史百家雜抄. 冊1(卷1-2)-6(卷11-12),https://dl.nanet.go.kr/search/searchInnerDetail.do?searchType=INNER_SEARCH&resultType=INNER_SEARCH_DETAIL&searchMehtod=L&searchClass=S&controlNo=OLDP3000000057,1906,,,미부착,,개방 가능,만료공공저작물,,,O,,,,,만료저작물,
,444,국회전자도서관,東岡先生文集. 冊6-10,https://dl.nanet.go.kr/search/searchInnerDetail.do?searchType=INNER_SEARCH&resultType=INNER_SEARCH_DETAIL&searchMehtod=L&searchClass=S&controlNo=OLDP1201300001,1906,,,미부착,,개방 가능,만료공공저작물,,,O,,,,,만료저작물,
,445,국회전자도서관,官報. 1907-1910,https://dl.nanet.go.kr/search/searchInnerDetail.do?searchType=INNER_SEARCH&resultType=INNER_SEARCH_DETAIL&searchMehtod=L&searchClass=S&controlNo=OLDP1201200080,1907,,,미부착,,개방 가능,만료공공저작물,,,O,,,,,만료저작물,
,446,국회전자도서관,官報. 1907-1910,https://dl.nanet.go.kr/search/searchInnerDetail.do?searchType=INNER_SEARCH&resultType=INNER_SEARCH_DETAIL&searchMehtod=L&searchClass=S&controlNo=OLDP1196000702,1907,,,미부착,,개방 가능,만료공공저작물,,,O,,,,,만료저작물,
,447,국회전자도서관,官報. 1907-1910,https://dl.nanet.go.kr/search/searchInnerDetail.do?searchType=INNER_SEARCH&resultType=INNER_SEARCH_DETAIL&searchMehtod=L&searchClass=S&controlNo=OLDP1201200083,1907,,,미부착,,개방 가능,만료공공저작물,,,O,,,,,만료저작물,
,448,국회전자도서관,官報. 1907-1910,https://dl.nanet.go.kr/search/searchInnerDetail.do?searchType=INNER_SEARCH&resultType=INNER_SEARCH_DETAIL&searchMehtod=L&searchClass=S&controlNo=OLDP1201200076,1907,,,미부착,,개방 가능,만료공공저작물,,,O,,,,,만료저작물,
,449,국회전자도서관,官報. 1907-1910,https://dl.nanet.go.kr/search/searchInnerDetail.do?searchType=INNER_SEARCH&resultType=INNER_SEARCH_DETAIL&searchMehtod=L&searchClass=S&controlNo=OLDP1201200079,1907,,,미부착,,개방 가능,만료공공저작물,,,O,,,,,만료저작물,
,450,국회전자도서관,官報. 1907-1910,https://dl.nanet.go.kr/search/searchInnerDetail.do?searchType=INNER_SEARCH&resultType=INNER_SEARCH_DETAIL&searchMehtod=L&searchClass=S&controlNo=OLDP1201200082,1907,,,미부착,,개방 가능,만료공공저작물,,,O,,,,,만료저작물,
,451,국회전자도서관,官報. 1907-1910,https://dl.nanet.go.kr/search/searchInnerDetail.do?searchType=INNER_SEARCH&resultType=INNER_SEARCH_DETAIL&searchMehtod=L&searchClass=S&controlNo=OLDP1201200078,1907,,,미부착,,개방 가능,만료공공저작물,,,O,,,,,만료저작물,
,452,국회전자도서관,官報. 1907-1910,https://dl.nanet.go.kr/search/searchInnerDetail.do?searchType=INNER_SEARCH&resultType=INNER_SEARCH_DETAIL&searchMehtod=L&searchClass=S&controlNo=OLDP1201200077,1907,,,미부착,,개방 가능,만료공공저작물,,,O,,,,,만료저작물,
,453,국회전자도서관,官報. 1907-1910,https://dl.nanet.go.kr/search/searchInnerDetail.do?searchType=INNER_SEARCH&resultType=INNER_SEARCH_DETAIL&searchMehtod=L&searchClass=S&controlNo=OLDP1201200081,1907,,,미부착,,개방 가능,만료공공저작물,,,O,,,,,만료저작물,
,454,국회전자도서관,"新舊刑事法規大全, 冊2",https://dl.nanet.go.kr/search/searchInnerDetail.do?searchType=INNER_SEARCH&resultType=INNER_SEARCH_DETAIL&searchMehtod=L&searchClass=S&controlNo=OLDP1000000453,1907,,,미부착,,개방 가능,만료공공저작물,,,O,,,,,만료저작물,
,455,국회전자도서관,"中等地文學, 全",https://dl.nanet.go.kr/search/searchInnerDetail.do?searchType=INNER_SEARCH&resultType=INNER_SEARCH_DETAIL&searchMehtod=L&searchClass=S&controlNo=OLDP1198028896,1907,,,미부착,,개방 가능,만료공공저작물,,,O,,,,,만료저작물,
,456,국회전자도서관,"欽欽新書, 冊1-4",https://dl.nanet.go.kr/search/searchInnerDetail.do?searchType=INNER_SEARCH&resultType=INNER_SEARCH_DETAIL&searchMehtod=L&searchClass=S&controlNo=OLDP1000000465,1907,,,미부착,,개방 가능,만료공공저작물,,,O,,,,,만료저작물,
,457,국회전자도서관,會社法,https://dl.nanet.go.kr/search/searchInnerDetail.do?searchType=INNER_SEARCH&resultType=INNER_SEARCH_DETAIL&searchMehtod=L&searchClass=S&controlNo=OLDP1000000468,1907,,,미부착,,개방 가능,만료공공저작물,,,O,,,,,만료저작물,
,458,국회전자도서관,飮氷室自由書,https://dl.nanet.go.kr/search/searchInnerDetail.do?searchType=INNER_SEARCH&resultType=INNER_SEARCH_DETAIL&searchMehtod=L&searchClass=S&controlNo=OLDP3000000145,1907,,,미부착,,개방 가능,만료공공저작물,,,O,,,,,만료저작물,
,459,국회전자도서관,예수 진교사패,https://dl.nanet.go.kr/search/searchInnerDetail.do?searchType=INNER_SEARCH&resultType=INNER_SEARCH_DETAIL&searchMehtod=L&searchClass=S&controlNo=OLDP1000000513,1907,,,미부착,,개방 가능,만료공공저작물,,,O,,,,,만료저작물,
,460,국회전자도서관,"中等生理學, 冊1-2",https://dl.nanet.go.kr/search/searchInnerDetail.do?searchType=INNER_SEARCH&resultType=INNER_SEARCH_DETAIL&searchMehtod=L&searchClass=S&controlNo=OLDP1198028897,1907,,,미부착,,개방 가능,만료공공저작물,,,O,,,,,만료저작물,
,461,국회전자도서관,"精選算學, 冊1",https://dl.nanet.go.kr/search/searchInnerDetail.do?searchType=INNER_SEARCH&resultType=INNER_SEARCH_DETAIL&searchMehtod=L&searchClass=S&controlNo=OLDP1198028882,1907,,,미부착,,개방 가능,만료공공저작물,,,O,,,,,만료저작물,
,462,국회전자도서관,"新編大韓地理, 全",https://dl.nanet.go.kr/search/searchInnerDetail.do?searchType=INNER_SEARCH&resultType=INNER_SEARCH_DETAIL&searchMehtod=L&searchClass=S&controlNo=OLDP1198042194,1907,,,미부착,,개방 가능,만료공공저작물,,,O,,,,,만료저작물,
,463,국회전자도서관,"意大利獨立史, 全",https://dl.nanet.go.kr/search/searchInnerDetail.do?searchType=INNER_SEARCH&resultType=INNER_SEARCH_DETAIL&searchMehtod=L&searchClass=S&controlNo=OLDP1198040935,1907,,,미부착,,개방 가능,만료공공저작물,,,O,,,,,만료저작물,
,464,국회전자도서관,"朝鮮解語花史, 全",https://dl.nanet.go.kr/search/searchInnerDetail.do?searchType=INNER_SEARCH&resultType=INNER_SEARCH_DETAIL&searchMehtod=L&searchClass=S&controlNo=OLDP1198040679,1907,,,미부착,,개방 가능,만료공공저작물,,,O,,,,,만료저작물,
,465,국회전자도서관,性潭宋先生門人錄. 全,https://dl.nanet.go.kr/search/searchInnerDetail.do?searchType=INNER_SEARCH&resultType=INNER_SEARCH_DETAIL&searchMehtod=L&searchClass=S&controlNo=OLDP1198040736,1907,,,미부착,,개방 가능,만료공공저작물,,,O,,,,,만료저작물,
,466,국회전자도서관,東經大全,https://dl.nanet.go.kr/search/searchInnerDetail.do?searchType=INNER_SEARCH&resultType=INNER_SEARCH_DETAIL&searchMehtod=L&searchClass=S&controlNo=OLDP1000000068,1907,,,미부착,,개방 가능,만료공공저작물,,,O,,,,,만료저작물,
,467,국회전자도서관,商業大要,https://dl.nanet.go.kr/search/searchInnerDetail.do?searchType=INNER_SEARCH&resultType=INNER_SEARCH_DETAIL&searchMehtod=L&searchClass=S&controlNo=OLDP1000000608,1907,,,미부착,,개방 가능,만료공공저작물,,,O,,,,,만료저작물,
,468,국회전자도서관,萬國地理. 上,https://dl.nanet.go.kr/search/searchInnerDetail.do?searchType=INNER_SEARCH&resultType=INNER_SEARCH_DETAIL&searchMehtod=L&searchClass=S&controlNo=OLDP1198040608,1907,,,미부착,,개방 가능,만료공공저작물,,,O,,,,,만료저작물,
,469,국회전자도서관,簡明物理敎科書,https://dl.nanet.go.kr/search/searchInnerDetail.do?searchType=INNER_SEARCH&resultType=INNER_SEARCH_DETAIL&searchMehtod=L&searchClass=S&controlNo=OLDP1198028895,1907,,,미부착,,개방 가능,만료공공저작물,,,O,,,,,만료저작물,
,470,국회전자도서관,"中等算學, 冊1",https://dl.nanet.go.kr/search/searchInnerDetail.do?searchType=INNER_SEARCH&resultType=INNER_SEARCH_DETAIL&searchMehtod=L&searchClass=S&controlNo=OLDP1198028888,1907,,,미부착,,개방 가능,만료공공저작물,,,O,,,,,만료저작물,
,471,국회전자도서관,法學通論,https://dl.nanet.go.kr/search/searchInnerDetail.do?searchType=INNER_SEARCH&resultType=INNER_SEARCH_DETAIL&searchMehtod=L&searchClass=S&controlNo=OLDP1000000442,1907,,,미부착,,개방 가능,만료공공저작물,,,O,,,,,만료저작물,
,472,국회전자도서관,經濟原論,https://dl.nanet.go.kr/search/searchInnerDetail.do?searchType=INNER_SEARCH&resultType=INNER_SEARCH_DETAIL&searchMehtod=L&searchClass=S&controlNo=OLDP1000000435,1907,,,미부착,,개방 가능,만료공공저작물,,,O,,,,,만료저작물,
,473,국회전자도서관,高等小學讀本. 冊1-2,https://dl.nanet.go.kr/search/searchInnerDetail.do?searchType=INNER_SEARCH&resultType=INNER_SEARCH_DETAIL&searchMehtod=L&searchClass=S&controlNo=OLDP1000000601,1907,,,미부착,,개방 가능,만료공공저작물,,,O,,,,,만료저작물,
,474,국회전자도서관,天約宗正,https://dl.nanet.go.kr/search/searchInnerDetail.do?searchType=INNER_SEARCH&resultType=INNER_SEARCH_DETAIL&searchMehtod=L&searchClass=S&controlNo=OLDP1000000080,1907,,,미부착,,개방 가능,만료공공저작물,,,O,,,,,만료저작물,
,475,국회전자도서관,瑞士建國誌,https://dl.nanet.go.kr/search/searchInnerDetail.do?searchType=INNER_SEARCH&resultType=INNER_SEARCH_DETAIL&searchMehtod=L&searchClass=S&controlNo=OLDP1000000072,1907,,,미부착,,개방 가능,만료공공저작물,,,O,,,,,만료저작물,
,476,국회전자도서관,東亞開進敎育會商務課細則,https://dl.nanet.go.kr/search/searchInnerDetail.do?searchType=INNER_SEARCH&resultType=INNER_SEARCH_DETAIL&searchMehtod=L&searchClass=S&controlNo=OLDP1000000611,1908,,,미부착,,개방 가능,만료공공저작물,,,O,,,,,만료저작물,
,477,국회전자도서관,(懸吐具解)孟子,https://dl.nanet.go.kr/search/searchInnerDetail.do?searchType=INNER_SEARCH&resultType=INNER_SEARCH_DETAIL&searchMehtod=L&searchClass=S&controlNo=OLDP1000000508,1908,,,미부착,,개방 가능,만료공공저작물,,,O,,,,,만료저작물,
,478,국회전자도서관,"御定五經百選, 冊1",https://dl.nanet.go.kr/search/searchInnerDetail.do?searchType=INNER_SEARCH&resultType=INNER_SEARCH_DETAIL&searchMehtod=L&searchClass=S&controlNo=OLDP1000000261,1908,,,미부착,,개방 가능,만료공공저작물,,,O,,,,,만료저작물,
,479,국회전자도서관,"演說法方, 全",https://dl.nanet.go.kr/search/searchInnerDetail.do?searchType=INNER_SEARCH&resultType=INNER_SEARCH_DETAIL&searchMehtod=L&searchClass=S&controlNo=OLDP1198029081,1908,,,미부착,,개방 가능,만료공공저작물,,,O,,,,,만료저작물,
,480,국회전자도서관,"一默齋先生文集, 單",https://dl.nanet.go.kr/search/searchInnerDetail.do?searchType=INNER_SEARCH&resultType=INNER_SEARCH_DETAIL&searchMehtod=L&searchClass=S&controlNo=OLDP1198029132,1908,,,미부착,,개방 가능,만료공공저작물,,,O,,,,,만료저작물,
,481,국회전자도서관,"권왕가, 全",https://dl.nanet.go.kr/search/searchInnerDetail.do?searchType=INNER_SEARCH&resultType=INNER_SEARCH_DETAIL&searchMehtod=L&searchClass=S&controlNo=OLDP1198040271,1908,,,미부착,,개방 가능,만료공공저작물,,,O,,,,,만료저작물,
,482,국회전자도서관,"增補文獻備考. 2冊卷首, 冊10-18",https://dl.nanet.go.kr/search/searchInnerDetail.do?searchType=INNER_SEARCH&resultType=INNER_SEARCH_DETAIL&searchMehtod=L&searchClass=S&controlNo=OLDP1201300029,1908,,,미부착,,개방 가능,만료공공저작물,,,O,,,,,만료저작물,
,483,국회전자도서관,"增補文獻備考. 2冊卷首, 冊19-25",https://dl.nanet.go.kr/search/searchInnerDetail.do?searchType=INNER_SEARCH&resultType=INNER_SEARCH_DETAIL&searchMehtod=L&searchClass=S&controlNo=OLDP1201300030,1908,,,미부착,,개방 가능,만료공공저작물,,,O,,,,,만료저작물,
,484,국회전자도서관,增補文獻備考. 冊42-50,https://dl.nanet.go.kr/search/searchInnerDetail.do?searchType=INNER_SEARCH&resultType=INNER_SEARCH_DETAIL&searchMehtod=L&searchClass=S&controlNo=OLDP1201300027,1908,,,미부착,,개방 가능,만료공공저작물,,,O,,,,,만료저작물,
,485,국회전자도서관,增補文獻備考. 冊34-41,https://dl.nanet.go.kr/search/searchInnerDetail.do?searchType=INNER_SEARCH&resultType=INNER_SEARCH_DETAIL&searchMehtod=L&searchClass=S&controlNo=OLDP1201300026,1908,,,미부착,,개방 가능,만료공공저작물,,,O,,,,,만료저작물,
,486,국회전자도서관,"文章指南, 全",https://dl.nanet.go.kr/search/searchInnerDetail.do?searchType=INNER_SEARCH&resultType=INNER_SEARCH_DETAIL&searchMehtod=L&searchClass=S&controlNo=OLDP1198040400,1908,,,미부착,,개방 가능,만료공공저작물,,,O,,,,,만료저작물,
,487,국회전자도서관,"增補文獻備考. 2冊卷首, 冊1-9",https://dl.nanet.go.kr/search/searchInnerDetail.do?searchType=INNER_SEARCH&resultType=INNER_SEARCH_DETAIL&searchMehtod=L&searchClass=S&controlNo=OLDP1200414958,1908,,,미부착,,개방 가능,만료공공저작물,,,O,,,,,만료저작물,
,488,국회전자도서관,"大韓新地誌, 乾, 坤",https://dl.nanet.go.kr/search/searchInnerDetail.do?searchType=INNER_SEARCH&resultType=INNER_SEARCH_DETAIL&searchMehtod=L&searchClass=S&controlNo=OLDP1198040622,1908,,,미부착,,개방 가능,만료공공저작물,,,O,,,,,만료저작물,
,489,국회전자도서관,"(問答)大韓新地志, 全",https://dl.nanet.go.kr/search/searchInnerDetail.do?searchType=INNER_SEARCH&resultType=INNER_SEARCH_DETAIL&searchMehtod=L&searchClass=S&controlNo=OLDP1198040617,1908,,,미부착,,개방 가능,만료공공저작물,,,O,,,,,만료저작물,
,490,국회전자도서관,"東國史略, 全",https://dl.nanet.go.kr/search/searchInnerDetail.do?searchType=INNER_SEARCH&resultType=INNER_SEARCH_DETAIL&searchMehtod=L&searchClass=S&controlNo=OLDP1199914057,1908,,,미부착,,개방 가능,만료공공저작물,,,O,,,,,만료저작물,
,491,국회전자도서관,增補文獻備考. 冊26-33,https://dl.nanet.go.kr/search/searchInnerDetail.do?searchType=INNER_SEARCH&resultType=INNER_SEARCH_DETAIL&searchMehtod=L&searchClass=S&controlNo=OLDP1200500417,1908,,,미부착,,개방 가능,만료공공저작물,,,O,,,,,만료저작물,
,492,국회전자도서관,일본 관광기념 사진첩,https://dl.nanet.go.kr/search/searchInnerDetail.do?searchType=INNER_SEARCH&resultType=INNER_SEARCH_DETAIL&searchMehtod=L&searchClass=S&controlNo=OLDP1196001000,1908,,,미부착,,개방 가능,만료공공저작물,,,O,,,,,만료저작물,
,493,국회전자도서관,法規類編(及)續. 冊8-9,https://dl.nanet.go.kr/search/searchInnerDetail.do?searchType=INNER_SEARCH&resultType=INNER_SEARCH_DETAIL&searchMehtod=L&searchClass=S&controlNo=OLDP1201200014,1908,,,미부착,,개방 가능,만료공공저작물,,,O,,,,,만료저작물,
,494,국회전자도서관,涓曆,https://dl.nanet.go.kr/search/searchInnerDetail.do?searchType=INNER_SEARCH&resultType=INNER_SEARCH_DETAIL&searchMehtod=L&searchClass=S&controlNo=OLDP1198028894,1908,,,미부착,,개방 가능,만료공공저작물,,,O,,,,,만료저작물,
,495,국회전자도서관,植物學中敎科書,https://dl.nanet.go.kr/search/searchInnerDetail.do?searchType=INNER_SEARCH&resultType=INNER_SEARCH_DETAIL&searchMehtod=L&searchClass=S&controlNo=OLDP1000000600,1908,,,미부착,,개방 가능,만료공공저작물,,,O,,,,,만료저작물,
,496,국회전자도서관,"(新撰)算術通義, 冊1",https://dl.nanet.go.kr/search/searchInnerDetail.do?searchType=INNER_SEARCH&resultType=INNER_SEARCH_DETAIL&searchMehtod=L&searchClass=S&controlNo=OLDP1198028886,1908,,,미부착,,개방 가능,만료공공저작물,,,O,,,,,만료저작물,
,497,국회전자도서관,法規類編(及)續. 冊1-2,https://dl.nanet.go.kr/search/searchInnerDetail.do?searchType=INNER_SEARCH&resultType=INNER_SEARCH_DETAIL&searchMehtod=L&searchClass=S&controlNo=OLDP1000000445,1908,,,미부착,,개방 가능,만료공공저작물,,,O,,,,,만료저작물,
,498,국회전자도서관,"初等衛生學敎科書, 全",https://dl.nanet.go.kr/search/searchInnerDetail.do?searchType=INNER_SEARCH&resultType=INNER_SEARCH_DETAIL&searchMehtod=L&searchClass=S&controlNo=OLDP1198028900,1908,,,미부착,,개방 가능,만료공공저작물,,,O,,,,,만료저작물,
,499,국회전자도서관,"石屛先生文集, 全",https://dl.nanet.go.kr/search/searchInnerDetail.do?searchType=INNER_SEARCH&resultType=INNER_SEARCH_DETAIL&searchMehtod=L&searchClass=S&controlNo=OLDP1198040026,1908,,,미부착,,개방 가능,만료공공저작물,,,O,,,,,만료저작물,
,500,국회전자도서관,帝國實業會商務課細則,https://dl.nanet.go.kr/search/searchInnerDetail.do?searchType=INNER_SEARCH&resultType=INNER_SEARCH_DETAIL&searchMehtod=L&searchClass=S&controlNo=OLDP1000000618,1908,,,미부착,,개방 가능,만료공공저작물,,,O,,,,,만료저작물,
,501,국회전자도서관,(催新)高等小學理科書,https://dl.nanet.go.kr/search/searchInnerDetail.do?searchType=INNER_SEARCH&resultType=INNER_SEARCH_DETAIL&searchMehtod=L&searchClass=S&controlNo=OLDP1000000605,1908,,,미부착,,개방 가능,만료공공저작물,,,O,,,,,만료저작물,
,502,국회전자도서관,初等大韓歷史,https://dl.nanet.go.kr/search/searchInnerDetail.do?searchType=INNER_SEARCH&resultType=INNER_SEARCH_DETAIL&searchMehtod=L&searchClass=S&controlNo=OLDP1000000604,1908,,,미부착,,개방 가능,만료공공저작물,,,O,,,,,만료저작물,
,503,국회전자도서관,(最新)經濟學,https://dl.nanet.go.kr/search/searchInnerDetail.do?searchType=INNER_SEARCH&resultType=INNER_SEARCH_DETAIL&searchMehtod=L&searchClass=S&controlNo=OLDP1000000434,1908,,,미부착,,개방 가능,만료공공저작물,,,O,,,,,만료저작물,
,504,국회전자도서관,法規類編(及)續. 冊5-7,https://dl.nanet.go.kr/search/searchInnerDetail.do?searchType=INNER_SEARCH&resultType=INNER_SEARCH_DETAIL&searchMehtod=L&searchClass=S&controlNo=OLDP1201200013,1908,,,미부착,,개방 가능,만료공공저작물,,,O,,,,,만료저작물,
,505,국회전자도서관,法規類編(及)續. 冊3-4,https://dl.nanet.go.kr/search/searchInnerDetail.do?searchType=INNER_SEARCH&resultType=INNER_SEARCH_DETAIL&searchMehtod=L&searchClass=S&controlNo=OLDP1201200012,1908,,,미부착,,개방 가능,만료공공저작물,,,O,,,,,만료저작물,
,506,국회전자도서관,大韓商務組合本部章程,https://dl.nanet.go.kr/search/searchInnerDetail.do?searchType=INNER_SEARCH&resultType=INNER_SEARCH_DETAIL&searchMehtod=L&searchClass=S&controlNo=OLDP1000000609,1908,,,미부착,,개방 가능,만료공공저작물,,,O,,,,,만료저작물,
,507,국회전자도서관,韓國貨幣整理報告書,https://dl.nanet.go.kr/search/searchInnerDetail.do?searchType=INNER_SEARCH&resultType=INNER_SEARCH_DETAIL&searchMehtod=L&searchClass=S&controlNo=OLDP3196001010,1908,,,미부착,,개방 가능,만료공공저작물,,,O,,,,,만료저작물,
,508,국회전자도서관,"淸游印譜, 冊1-2",https://dl.nanet.go.kr/search/searchInnerDetail.do?searchType=INNER_SEARCH&resultType=INNER_SEARCH_DETAIL&searchMehtod=L&searchClass=S&controlNo=OLDP3198028071,1908,,,미부착,,개방 가능,만료공공저작물,,,O,,,,,만료저작물,
,509,국회전자도서관,"法規類編. 原, 續1-2",https://dl.nanet.go.kr/search/searchInnerDetail.do?searchType=INNER_SEARCH&resultType=INNER_SEARCH_DETAIL&searchMehtod=L&searchClass=S&controlNo=OLDP1000000070,1908,,,미부착,,개방 가능,만료공공저작물,,,O,,,,,만료저작물,
,510,국회전자도서관,"禪門撮要, 全",https://dl.nanet.go.kr/search/searchInnerDetail.do?searchType=INNER_SEARCH&resultType=INNER_SEARCH_DETAIL&searchMehtod=L&searchClass=S&controlNo=OLDP1200818995,1908,,,미부착,,개방 가능,만료공공저작물,,,O,,,,,만료저작물,
,511,국회전자도서관,"野堂遺稿(幷)附錄, 乾, 坤",https://dl.nanet.go.kr/search/searchInnerDetail.do?searchType=INNER_SEARCH&resultType=INNER_SEARCH_DETAIL&searchMehtod=L&searchClass=S&controlNo=OLDP1198029882,1909,,,미부착,,개방 가능,만료공공저작물,,,O,,,,,만료저작물,
,512,국회전자도서관,大韓文典,https://dl.nanet.go.kr/search/searchInnerDetail.do?searchType=INNER_SEARCH&resultType=INNER_SEARCH_DETAIL&searchMehtod=L&searchClass=S&controlNo=OLDP1000000369,1909,,,미부착,,개방 가능,만료공공저작물,,,O,,,,,만료저작물,
,513,국회전자도서관,言文,https://dl.nanet.go.kr/search/searchInnerDetail.do?searchType=INNER_SEARCH&resultType=INNER_SEARCH_DETAIL&searchMehtod=L&searchClass=S&controlNo=OLDP1000000368,1909,,,미부착,,개방 가능,만료공공저작물,,,O,,,,,만료저작물,
,514,국회전자도서관,"三足堂先生文集, 全",https://dl.nanet.go.kr/search/searchInnerDetail.do?searchType=INNER_SEARCH&resultType=INNER_SEARCH_DETAIL&searchMehtod=L&searchClass=S&controlNo=OLDP1198029139,1909,,,미부착,,개방 가능,만료공공저작물,,,O,,,,,만료저작물,
,515,국회전자도서관,萬國事物紀原歷史,https://dl.nanet.go.kr/search/searchInnerDetail.do?searchType=INNER_SEARCH&resultType=INNER_SEARCH_DETAIL&searchMehtod=L&searchClass=S&controlNo=OLDP1196001010,1909,,,미부착,,개방 가능,만료공공저작물,,,O,,,,,만료저작물,
,516,국회전자도서관,"松菴集, 單",https://dl.nanet.go.kr/search/searchInnerDetail.do?searchType=INNER_SEARCH&resultType=INNER_SEARCH_DETAIL&searchMehtod=L&searchClass=S&controlNo=OLDP1198029860,1909,,,미부착,,개방 가능,만료공공저작물,,,O,,,,,만료저작물,
,517,국회전자도서관,유蒙千字(及)續,https://dl.nanet.go.kr/search/searchInnerDetail.do?searchType=INNER_SEARCH&resultType=INNER_SEARCH_DETAIL&searchMehtod=L&searchClass=S&controlNo=OLDP1000000370,1909,,,미부착,,개방 가능,만료공공저작물,,,O,,,,,만료저작물,
,518,국회전자도서관,夢見諸葛亮. 全,https://dl.nanet.go.kr/search/searchInnerDetail.do?searchType=INNER_SEARCH&resultType=INNER_SEARCH_DETAIL&searchMehtod=L&searchClass=S&controlNo=OLDP1198040312,1909,,,미부착,,개방 가능,만료공공저작물,,,O,,,,,만료저작물,
,519,국회전자도서관,"國朝人物志, 上, 中, 下",https://dl.nanet.go.kr/search/searchInnerDetail.do?searchType=INNER_SEARCH&resultType=INNER_SEARCH_DETAIL&searchMehtod=L&searchClass=S&controlNo=OLDP1198040748,1909,,,미부착,,개방 가능,만료공공저작물,,,O,,,,,만료저작물,
,520,국회전자도서관,"拿破崙史, 全",https://dl.nanet.go.kr/search/searchInnerDetail.do?searchType=INNER_SEARCH&resultType=INNER_SEARCH_DETAIL&searchMehtod=L&searchClass=S&controlNo=OLDP1198040663,1909,,,미부착,,개방 가능,만료공공저작물,,,O,,,,,만료저작물,
,521,국회전자도서관,"中等萬國史, 全",https://dl.nanet.go.kr/search/searchInnerDetail.do?searchType=INNER_SEARCH&resultType=INNER_SEARCH_DETAIL&searchMehtod=L&searchClass=S&controlNo=OLDP1198040602,1909,,,미부착,,개방 가능,만료공공저작물,,,O,,,,,만료저작물,
,522,국회전자도서관,"松西先生文集, 冊1-5",https://dl.nanet.go.kr/search/searchInnerDetail.do?searchType=INNER_SEARCH&resultType=INNER_SEARCH_DETAIL&searchMehtod=L&searchClass=S&controlNo=OLDP1198029099,1909,,,미부착,,개방 가능,만료공공저작물,,,O,,,,,만료저작물,
,523,국회전자도서관,"玉山雜稿, 上, 下",https://dl.nanet.go.kr/search/searchInnerDetail.do?searchType=INNER_SEARCH&resultType=INNER_SEARCH_DETAIL&searchMehtod=L&searchClass=S&controlNo=OLDP1198040387,1909,,,미부착,,개방 가능,만료공공저작물,,,O,,,,,만료저작물,
,524,국회전자도서관,"滄洲先生文集, 冊1-2",https://dl.nanet.go.kr/search/searchInnerDetail.do?searchType=INNER_SEARCH&resultType=INNER_SEARCH_DETAIL&searchMehtod=L&searchClass=S&controlNo=OLDP1198040168,1909,,,미부착,,개방 가능,만료공공저작물,,,O,,,,,만료저작물,
,525,국회전자도서관,新撰小博物學,https://dl.nanet.go.kr/search/searchInnerDetail.do?searchType=INNER_SEARCH&resultType=INNER_SEARCH_DETAIL&searchMehtod=L&searchClass=S&controlNo=OLDP1000000607,1909,,,미부착,,개방 가능,만료공공저작물,,,O,,,,,만료저작물,
,526,국회전자도서관,"初等本國地理, 冊1",https://dl.nanet.go.kr/search/searchInnerDetail.do?searchType=INNER_SEARCH&resultType=INNER_SEARCH_DETAIL&searchMehtod=L&searchClass=S&controlNo=OLDP1000000606,1909,,,미부착,,개방 가능,만료공공저작물,,,O,,,,,만료저작물,
,527,국회전자도서관,"家庭救急法, 全",https://dl.nanet.go.kr/search/searchInnerDetail.do?searchType=INNER_SEARCH&resultType=INNER_SEARCH_DETAIL&searchMehtod=L&searchClass=S&controlNo=OLDP1198028901,1909,,,미부착,,개방 가능,만료공공저작물,,,O,,,,,만료저작물,
,528,국회전자도서관,(現行)韓國法典,https://dl.nanet.go.kr/search/searchInnerDetail.do?searchType=INNER_SEARCH&resultType=INNER_SEARCH_DETAIL&searchMehtod=L&searchClass=S&controlNo=OLDP1196001011,1909,,,미부착,,개방 가능,만료공공저작물,,,O,,,,,만료저작물,
,529,국회전자도서관,韓語通,https://dl.nanet.go.kr/search/searchInnerDetail.do?searchType=INNER_SEARCH&resultType=INNER_SEARCH_DETAIL&searchMehtod=L&searchClass=S&controlNo=OLDP3196001005,1909,,,미부착,,개방 가능,만료공공저작물,,,O,,,,,만료저작물,
,530,국회전자도서관,"韓昌黎詩集, 冊1-11",https://dl.nanet.go.kr/search/searchInnerDetail.do?searchType=INNER_SEARCH&resultType=INNER_SEARCH_DETAIL&searchMehtod=L&searchClass=S&controlNo=OLDP1198040508,1909,,,미부착,,개방 가능,만료공공저작물,,,O,,,,,만료저작물,
,531,국회전자도서관,"增像全圖東周列國志, 冊1-7",https://dl.nanet.go.kr/search/searchInnerDetail.do?searchType=INNER_SEARCH&resultType=INNER_SEARCH_DETAIL&searchMehtod=L&searchClass=S&controlNo=OLDP1198040572,1909,,,미부착,,개방 가능,만료공공저작물,,,O,,,,,만료저작물,
,532,국회전자도서관,"香艶叢書, 冊1-80",https://dl.nanet.go.kr/search/searchInnerDetail.do?searchType=INNER_SEARCH&resultType=INNER_SEARCH_DETAIL&searchMehtod=L&searchClass=S&controlNo=OLDP1198040401,1909,,,미부착,,개방 가능,만료공공저작물,,,O,,,,,만료저작물,
,533,국회전자도서관,"己酉日記, 全",https://dl.nanet.go.kr/search/searchInnerDetail.do?searchType=INNER_SEARCH&resultType=INNER_SEARCH_DETAIL&searchMehtod=L&searchClass=S&controlNo=OLDP1198040335,1909,,,미부착,,개방 가능,만료공공저작물,,,O,,,,,만료저작물,
,534,국회전자도서관,"별춘향가, 全",https://dl.nanet.go.kr/search/searchInnerDetail.do?searchType=INNER_SEARCH&resultType=INNER_SEARCH_DETAIL&searchMehtod=L&searchClass=S&controlNo=OLDP1198040330,1909,,,미부착,,개방 가능,만료공공저작물,,,O,,,,,만료저작물,
,535,국회전자도서관,"南村遺稿, 單",https://dl.nanet.go.kr/search/searchInnerDetail.do?searchType=INNER_SEARCH&resultType=INNER_SEARCH_DETAIL&searchMehtod=L&searchClass=S&controlNo=OLDP1198029890,1909,,,미부착,,개방 가능,만료공공저작물,,,O,,,,,만료저작물,
,536,국회전자도서관,尙書補傳,https://dl.nanet.go.kr/search/searchInnerDetail.do?searchType=INNER_SEARCH&resultType=INNER_SEARCH_DETAIL&searchMehtod=L&searchClass=S&controlNo=OLDP1000000281,1909,,,미부착,,개방 가능,만료공공저작물,,,O,,,,,만료저작물,
,537,국회전자도서관,己未年獨立運動民族代表 : 三十三人 人物寫眞帖,https://dl.nanet.go.kr/search/searchInnerDetail.do?searchType=INNER_SEARCH&resultType=INNER_SEARCH_DETAIL&searchMehtod=L&searchClass=S&controlNo=OLDP1196001002,1910,,,미부착,,개방 가능,만료공공저작물,,,O,,,,,만료저작물,
,538,국회전자도서관,聖經典林,https://dl.nanet.go.kr/search/searchInnerDetail.do?searchType=INNER_SEARCH&resultType=INNER_SEARCH_DETAIL&searchMehtod=L&searchClass=S&controlNo=OLDP3000000010,1910,,,미부착,,개방 가능,만료공공저작물,,,O,,,,,만료저작물,
,539,국회전자도서관,"訥窩遺集, 冊1-3",https://dl.nanet.go.kr/search/searchInnerDetail.do?searchType=INNER_SEARCH&resultType=INNER_SEARCH_DETAIL&searchMehtod=L&searchClass=S&controlNo=OLDP1198029888,1910,,,미부착,,개방 가능,만료공공저작물,,,O,,,,,만료저작물,
,540,국회전자도서관,"旅庵遺稿, 冊1-5",https://dl.nanet.go.kr/search/searchInnerDetail.do?searchType=INNER_SEARCH&resultType=INNER_SEARCH_DETAIL&searchMehtod=L&searchClass=S&controlNo=OLDP1198040389,1910,,,미부착,,개방 가능,만료공공저작물,,,O,,,,,만료저작물,
,541,국회전자도서관,初等本國歷史,https://dl.nanet.go.kr/search/searchInnerDetail.do?searchType=INNER_SEARCH&resultType=INNER_SEARCH_DETAIL&searchMehtod=L&searchClass=S&controlNo=OLDP1000000603,1910,,,미부착,,개방 가능,만료공공저작물,,,O,,,,,만료저작물,
,542,국회전자도서관,法學通論,https://dl.nanet.go.kr/search/searchInnerDetail.do?searchType=INNER_SEARCH&resultType=INNER_SEARCH_DETAIL&searchMehtod=L&searchClass=S&controlNo=OLDP1000000443,1910,,,미부착,,개방 가능,만료공공저작물,,,O,,,,,만료저작물,
,543,국회전자도서관,"第三次統監府統計年報, 1908",https://dl.nanet.go.kr/search/searchInnerDetail.do?searchType=INNER_SEARCH&resultType=INNER_SEARCH_DETAIL&searchMehtod=L&searchClass=S&controlNo=OLDP3198001793,1910,,,미부착,,개방 가능,만료공공저작물,,,O,,,,,만료저작물,
,544,국회전자도서관,備門尺牘,https://dl.nanet.go.kr/search/searchInnerDetail.do?searchType=INNER_SEARCH&resultType=INNER_SEARCH_DETAIL&searchMehtod=L&searchClass=S&controlNo=OLDP1199918105,1910,,,미부착,,개방 가능,만료공공저작물,,,O,,,,,만료저작물,
,545,국회전자도서관,"(湘漢百事), 冊1",https://dl.nanet.go.kr/search/searchInnerDetail.do?searchType=INNER_SEARCH&resultType=INNER_SEARCH_DETAIL&searchMehtod=L&searchClass=S&controlNo=OLDP1198040652,1911,,,미부착,,개방 가능,만료공공저작물,,,O,,,,,만료저작물,
,546,국회전자도서관,"三江筆記, 全",https://dl.nanet.go.kr/search/searchInnerDetail.do?searchType=INNER_SEARCH&resultType=INNER_SEARCH_DETAIL&searchMehtod=L&searchClass=S&controlNo=OLDP1198040654,1911,,,미부착,,개방 가능,만료공공저작물,,,O,,,,,만료저작물,
,547,국회전자도서관,書苑. 九卷-十卷,https://dl.nanet.go.kr/search/searchInnerDetail.do?searchType=INNER_SEARCH&resultType=INNER_SEARCH_DETAIL&searchMehtod=L&searchClass=S&controlNo=OLDP3201200008,1911,,,미부착,,개방 가능,만료공공저작물,,,O,,,,,만료저작물,
,548,국회전자도서관,"書苑. 一卷, 四卷-五卷",https://dl.nanet.go.kr/search/searchInnerDetail.do?searchType=INNER_SEARCH&resultType=INNER_SEARCH_DETAIL&searchMehtod=L&searchClass=S&controlNo=OLDP3196000629,1911,,,미부착,,개방 가능,만료공공저작물,,,O,,,,,만료저작물,
,549,국회전자도서관,"書苑. 六卷, 八卷",https://dl.nanet.go.kr/search/searchInnerDetail.do?searchType=INNER_SEARCH&resultType=INNER_SEARCH_DETAIL&searchMehtod=L&searchClass=S&controlNo=OLDP3201200007,1911,,,미부착,,개방 가능,만료공공저작물,,,O,,,,,만료저작물,
,550,국회전자도서관,京城日本人商業會議所歲入出豫算議案,https://dl.nanet.go.kr/search/searchInnerDetail.do?searchType=INNER_SEARCH&resultType=INNER_SEARCH_DETAIL&searchMehtod=L&searchClass=S&controlNo=OLDP3200700482,1911,,,미부착,,개방 가능,만료공공저작물,,,O,,,,,만료저작물,
,551,국회전자도서관,胎産秘書,https://dl.nanet.go.kr/search/searchInnerDetail.do?searchType=INNER_SEARCH&resultType=INNER_SEARCH_DETAIL&searchMehtod=L&searchClass=S&controlNo=OLDP1199914086,1911,,,미부착,,개방 가능,만료공공저작물,,,O,,,,,만료저작물,
,552,국회전자도서관,"三呼萬歲帖, 全",https://dl.nanet.go.kr/search/searchInnerDetail.do?searchType=INNER_SEARCH&resultType=INNER_SEARCH_DETAIL&searchMehtod=L&searchClass=S&controlNo=OLDP1198040284,1911,,,미부착,,개방 가능,만료공공저작물,,,O,,,,,만료저작물,
,553,국회전자도서관,世簡,https://dl.nanet.go.kr/search/searchInnerDetail.do?searchType=INNER_SEARCH&resultType=INNER_SEARCH_DETAIL&searchMehtod=L&searchClass=S&controlNo=OLDP1199918113,1911,,,미부착,,개방 가능,만료공공저작물,,,O,,,,,만료저작물,
,554,국회전자도서관,"美術叢書. 第4, 6集",https://dl.nanet.go.kr/search/searchInnerDetail.do?searchType=INNER_SEARCH&resultType=INNER_SEARCH_DETAIL&searchMehtod=L&searchClass=S&controlNo=OLDP32021000000003,1911,,,미부착,,개방 가능,만료공공저작물,,,O,,,,,만료저작물,
,555,국회전자도서관,"東國兵鑑, 全",https://dl.nanet.go.kr/search/searchInnerDetail.do?searchType=INNER_SEARCH&resultType=INNER_SEARCH_DETAIL&searchMehtod=L&searchClass=S&controlNo=OLDP1200500312,1911,,,미부착,,개방 가능,만료공공저작물,,,O,,,,,만료저작물,
,556,국회전자도서관,The story of Korea,https://dl.nanet.go.kr/search/searchInnerDetail.do?searchType=INNER_SEARCH&resultType=INNER_SEARCH_DETAIL&searchMehtod=L&searchClass=S&controlNo=OLDP2196002531,1911,,,미부착,,개방 가능,만료공공저작물,,,O,,,,,만료저작물,
,557,국회전자도서관,"辛亥日記, 全",https://dl.nanet.go.kr/search/searchInnerDetail.do?searchType=INNER_SEARCH&resultType=INNER_SEARCH_DETAIL&searchMehtod=L&searchClass=S&controlNo=OLDP1198040347,1911,,,미부착,,개방 가능,만료공공저작물,,,O,,,,,만료저작물,
,558,국회전자도서관,"熱河日記, 全",https://dl.nanet.go.kr/search/searchInnerDetail.do?searchType=INNER_SEARCH&resultType=INNER_SEARCH_DETAIL&searchMehtod=L&searchClass=S&controlNo=OLDP1198040341,1911,,,미부착,,개방 가능,만료공공저작물,,,O,,,,,만료저작물,
,559,국회전자도서관,"東國通鑑, 冊1-6",https://dl.nanet.go.kr/search/searchInnerDetail.do?searchType=INNER_SEARCH&resultType=INNER_SEARCH_DETAIL&searchMehtod=L&searchClass=S&controlNo=OLDP1200500346,1911,,,미부착,,개방 가능,만료공공저작물,,,O,,,,,만료저작물,
,560,국회전자도서관,"鶴南集, 冊1-2",https://dl.nanet.go.kr/search/searchInnerDetail.do?searchType=INNER_SEARCH&resultType=INNER_SEARCH_DETAIL&searchMehtod=L&searchClass=S&controlNo=OLDP1198029167,1912,,,미부착,,개방 가능,만료공공저작물,,,O,,,,,만료저작물,
,561,국회전자도서관,"繪圖東周列國志, 冊1-4",https://dl.nanet.go.kr/search/searchInnerDetail.do?searchType=INNER_SEARCH&resultType=INNER_SEARCH_DETAIL&searchMehtod=L&searchClass=S&controlNo=OLDP1198040574,1912,,,미부착,,개방 가능,만료공공저작물,,,O,,,,,만료저작물,
,562,국회전자도서관,"繪圖情史, 卷21-24",https://dl.nanet.go.kr/search/searchInnerDetail.do?searchType=INNER_SEARCH&resultType=INNER_SEARCH_DETAIL&searchMehtod=L&searchClass=S&controlNo=OLDP1198040576,1912,,,미부착,,개방 가능,만료공공저작물,,,O,,,,,만료저작물,
,563,국회전자도서관,(家庭)日用寶鑑,https://dl.nanet.go.kr/search/searchInnerDetail.do?searchType=INNER_SEARCH&resultType=INNER_SEARCH_DETAIL&searchMehtod=L&searchClass=S&controlNo=OLDP1000000156,1912,,,미부착,,개방 가능,만료공공저작물,,,O,,,,,만료저작물,
,564,국회전자도서관,(簡易註解) 朝鮮現行法規便覽,https://dl.nanet.go.kr/search/searchInnerDetail.do?searchType=INNER_SEARCH&resultType=INNER_SEARCH_DETAIL&searchMehtod=L&searchClass=S&controlNo=OLDP1196001006,1912,,,미부착,,개방 가능,만료공공저작물,,,O,,,,,만료저작물,
,565,국회전자도서관,商理局左社陽智任房接長靑衿錄,https://dl.nanet.go.kr/search/searchInnerDetail.do?searchType=INNER_SEARCH&resultType=INNER_SEARCH_DETAIL&searchMehtod=L&searchClass=S&controlNo=OLDP1000000616,1912,,,미부착,,개방 가능,만료공공저작물,,,O,,,,,만료저작물,
,566,국회전자도서관,"燃藜室記述, 冊1-4, 8",https://dl.nanet.go.kr/search/searchInnerDetail.do?searchType=INNER_SEARCH&resultType=INNER_SEARCH_DETAIL&searchMehtod=L&searchClass=S&controlNo=OLDP1200316158,1912,,,미부착,,개방 가능,만료공공저작물,,,O,,,,,만료저작물,
,567,국회전자도서관,"燃藜室記述別集, 冊1-3",https://dl.nanet.go.kr/search/searchInnerDetail.do?searchType=INNER_SEARCH&resultType=INNER_SEARCH_DETAIL&searchMehtod=L&searchClass=S&controlNo=OLDP1200521525,1912,,,미부착,,개방 가능,만료공공저작물,,,O,,,,,만료저작물,
,568,국회전자도서관,"至德誌. 上, 下",https://dl.nanet.go.kr/search/searchInnerDetail.do?searchType=INNER_SEARCH&resultType=INNER_SEARCH_DETAIL&searchMehtod=L&searchClass=S&controlNo=OLDP12021000000023,1912,,,미부착,,개방 가능,만료공공저작물,,,O,,,,,만료저작물,
,569,국회전자도서관,"警庵遺稿, 冊1-2",https://dl.nanet.go.kr/search/searchInnerDetail.do?searchType=INNER_SEARCH&resultType=INNER_SEARCH_DETAIL&searchMehtod=L&searchClass=S&controlNo=OLDP1198040081,1912,,,미부착,,개방 가능,만료공공저작물,,,O,,,,,만료저작물,
,570,국회전자도서관,"詩傳, 冊1",https://dl.nanet.go.kr/search/searchInnerDetail.do?searchType=INNER_SEARCH&resultType=INNER_SEARCH_DETAIL&searchMehtod=L&searchClass=S&controlNo=OLDP1000000288,1912,,,미부착,,개방 가능,만료공공저작물,,,O,,,,,만료저작물,
,571,국회전자도서관,惜字如意寶綠,https://dl.nanet.go.kr/search/searchInnerDetail.do?searchType=INNER_SEARCH&resultType=INNER_SEARCH_DETAIL&searchMehtod=L&searchClass=S&controlNo=OLDP1000000209,1912,,,미부착,,개방 가능,만료공공저작물,,,O,,,,,만료저작물,
,572,국회전자도서관,海東續小學,https://dl.nanet.go.kr/search/searchInnerDetail.do?searchType=INNER_SEARCH&resultType=INNER_SEARCH_DETAIL&searchMehtod=L&searchClass=S&controlNo=OLDP1000000206,1912,,,미부착,,개방 가능,만료공공저작물,,,O,,,,,만료저작물,
,573,국회전자도서관,"擇里誌, 全",https://dl.nanet.go.kr/search/searchInnerDetail.do?searchType=INNER_SEARCH&resultType=INNER_SEARCH_DETAIL&searchMehtod=L&searchClass=S&controlNo=OLDP1198040621,1912,,,미부착,,개방 가능,만료공공저작물,,,O,,,,,만료저작물,
,574,국회전자도서관,"雅言覺非, 全",https://dl.nanet.go.kr/search/searchInnerDetail.do?searchType=INNER_SEARCH&resultType=INNER_SEARCH_DETAIL&searchMehtod=L&searchClass=S&controlNo=OLDP1000000371,1912,,,미부착,,개방 가능,만료공공저작물,,,O,,,,,만료저작물,
,575,국회전자도서관,"梧山遺稿(幷)附錄, 全",https://dl.nanet.go.kr/search/searchInnerDetail.do?searchType=INNER_SEARCH&resultType=INNER_SEARCH_DETAIL&searchMehtod=L&searchClass=S&controlNo=OLDP1198040059,1912,,,미부착,,개방 가능,만료공공저작물,,,O,,,,,만료저작물,
,576,국회전자도서관,京城日本人商業會議所定款及議事細則,https://dl.nanet.go.kr/search/searchInnerDetail.do?searchType=INNER_SEARCH&resultType=INNER_SEARCH_DETAIL&searchMehtod=L&searchClass=S&controlNo=OLDP3200700483,1912,,,미부착,,개방 가능,만료공공저작물,,,O,,,,,만료저작물,
,577,국회전자도서관,"唐詩品彙抄選, 全",https://dl.nanet.go.kr/search/searchInnerDetail.do?searchType=INNER_SEARCH&resultType=INNER_SEARCH_DETAIL&searchMehtod=L&searchClass=S&controlNo=OLDP1198040499,1912,,,미부착,,개방 가능,만료공공저작물,,,O,,,,,만료저작물,
,578,국회전자도서관,"一査集(幷)附錄, 全",https://dl.nanet.go.kr/search/searchInnerDetail.do?searchType=INNER_SEARCH&resultType=INNER_SEARCH_DETAIL&searchMehtod=L&searchClass=S&controlNo=OLDP1198040021,1912,,,미부착,,개방 가능,만료공공저작물,,,O,,,,,만료저작물,
,579,국회전자도서관,"壬子日記, 單",https://dl.nanet.go.kr/search/searchInnerDetail.do?searchType=INNER_SEARCH&resultType=INNER_SEARCH_DETAIL&searchMehtod=L&searchClass=S&controlNo=OLDP1198040356,1912,,,미부착,,개방 가능,만료공공저작물,,,O,,,,,만료저작물,
,580,국회전자도서관,"道里表, 全",https://dl.nanet.go.kr/search/searchInnerDetail.do?searchType=INNER_SEARCH&resultType=INNER_SEARCH_DETAIL&searchMehtod=L&searchClass=S&controlNo=OLDP1198040624,1912,,,미부착,,개방 가능,만료공공저작물,,,O,,,,,만료저작물,
,581,국회전자도서관,三道담要,https://dl.nanet.go.kr/search/searchInnerDetail.do?searchType=INNER_SEARCH&resultType=INNER_SEARCH_DETAIL&searchMehtod=L&searchClass=S&controlNo=OLDP1000000418,1912,,,미부착,,개방 가능,만료공공저작물,,,O,,,,,만료저작물,
,582,국회전자도서관,三一단誥,https://dl.nanet.go.kr/search/searchInnerDetail.do?searchType=INNER_SEARCH&resultType=INNER_SEARCH_DETAIL&searchMehtod=L&searchClass=S&controlNo=OLDP1000000413,1912,,,미부착,,개방 가능,만료공공저작물,,,O,,,,,만료저작물,
,583,국회전자도서관,"菊潭遺稿, 上, 下",https://dl.nanet.go.kr/search/searchInnerDetail.do?searchType=INNER_SEARCH&resultType=INNER_SEARCH_DETAIL&searchMehtod=L&searchClass=S&controlNo=OLDP1198040078,1912,,,미부착,,개방 가능,만료공공저작물,,,O,,,,,만료저작물,
,584,국회전자도서관,"選擇正宗, 冊1-6",https://dl.nanet.go.kr/search/searchInnerDetail.do?searchType=INNER_SEARCH&resultType=INNER_SEARCH_DETAIL&searchMehtod=L&searchClass=S&controlNo=OLDP1199913996,1913,,,미부착,,개방 가능,만료공공저작물,,,O,,,,,만료저작물,
,585,국회전자도서관,"王文成公全書, 冊1-12",https://dl.nanet.go.kr/search/searchInnerDetail.do?searchType=INNER_SEARCH&resultType=INNER_SEARCH_DETAIL&searchMehtod=L&searchClass=S&controlNo=OLDP1199914005,1913,,,미부착,,개방 가능,만료공공저작물,,,O,,,,,만료저작물,
,586,국회전자도서관,"開城家稿, 全",https://dl.nanet.go.kr/search/searchInnerDetail.do?searchType=INNER_SEARCH&resultType=INNER_SEARCH_DETAIL&searchMehtod=L&searchClass=S&controlNo=OLDP1198040267,1913,,,미부착,,개방 가능,만료공공저작물,,,O,,,,,만료저작물,
,587,국회전자도서관,"淸華集, 上, 下",https://dl.nanet.go.kr/search/searchInnerDetail.do?searchType=INNER_SEARCH&resultType=INNER_SEARCH_DETAIL&searchMehtod=L&searchClass=S&controlNo=OLDP1198040577,1913,,,미부착,,개방 가능,만료공공저작물,,,O,,,,,만료저작물,
,588,국회전자도서관,"小學諸家集註, 冊1-5",https://dl.nanet.go.kr/search/searchInnerDetail.do?searchType=INNER_SEARCH&resultType=INNER_SEARCH_DETAIL&searchMehtod=L&searchClass=S&controlNo=OLDP1199914114,1913,,,미부착,,개방 가능,만료공공저작물,,,O,,,,,만료저작물,
,589,국회전자도서관,"喪禮備要, 上, 下",https://dl.nanet.go.kr/search/searchInnerDetail.do?searchType=INNER_SEARCH&resultType=INNER_SEARCH_DETAIL&searchMehtod=L&searchClass=S&controlNo=OLDP1199914171,1913,,,미부착,,개방 가능,만료공공저작물,,,O,,,,,만료저작물,
,590,국회전자도서관,"小學諺解, 冊2-5",https://dl.nanet.go.kr/search/searchInnerDetail.do?searchType=INNER_SEARCH&resultType=INNER_SEARCH_DETAIL&searchMehtod=L&searchClass=S&controlNo=OLDP1199913993,1913,,,미부착,,개방 가능,만료공공저작물,,,O,,,,,만료저작물,
,591,국회전자도서관,御定奎章全韻,https://dl.nanet.go.kr/search/searchInnerDetail.do?searchType=INNER_SEARCH&resultType=INNER_SEARCH_DETAIL&searchMehtod=L&searchClass=S&controlNo=OLDP1199918107,1913,,,미부착,,개방 가능,만료공공저작물,,,O,,,,,만료저작물,
,592,국회전자도서관,家藏圖書帖,https://dl.nanet.go.kr/search/searchInnerDetail.do?searchType=INNER_SEARCH&resultType=INNER_SEARCH_DETAIL&searchMehtod=L&searchClass=S&controlNo=OLDP1000000001,1913,,,미부착,,개방 가능,만료공공저작물,,,O,,,,,만료저작물,
,593,국회전자도서관,"美術叢書. 續第1, 3集",https://dl.nanet.go.kr/search/searchInnerDetail.do?searchType=INNER_SEARCH&resultType=INNER_SEARCH_DETAIL&searchMehtod=L&searchClass=S&controlNo=OLDP32021000000012,1913,,,미부착,,개방 가능,만료공공저작물,,,O,,,,,만료저작물,
,594,국회전자도서관,"許夫人蘭雪軒集, 全",https://dl.nanet.go.kr/search/searchInnerDetail.do?searchType=INNER_SEARCH&resultType=INNER_SEARCH_DETAIL&searchMehtod=L&searchClass=S&controlNo=OLDP1198040261,1913,,,미부착,,개방 가능,만료공공저작물,,,O,,,,,만료저작물,
,595,국회전자도서관,魯園先生文集(幷)附錄. 冊1-3,https://dl.nanet.go.kr/search/searchInnerDetail.do?searchType=INNER_SEARCH&resultType=INNER_SEARCH_DETAIL&searchMehtod=L&searchClass=S&controlNo=OLDP1198029196,1913,,,미부착,,개방 가능,만료공공저작물,,,O,,,,,만료저작물,
,596,국회전자도서관,訓蒙字集,https://dl.nanet.go.kr/search/searchInnerDetail.do?searchType=INNER_SEARCH&resultType=INNER_SEARCH_DETAIL&searchMehtod=L&searchClass=S&controlNo=OLDP1000000377,1913,,,미부착,,개방 가능,만료공공저작물,,,O,,,,,만료저작물,
,597,국회전자도서관,"中京誌, 冊1-6",https://dl.nanet.go.kr/search/searchInnerDetail.do?searchType=INNER_SEARCH&resultType=INNER_SEARCH_DETAIL&searchMehtod=L&searchClass=S&controlNo=OLDP1198040633,1913,,,미부착,,개방 가능,만료공공저작물,,,O,,,,,만료저작물,
,598,국회전자도서관,"山經表, 全",https://dl.nanet.go.kr/search/searchInnerDetail.do?searchType=INNER_SEARCH&resultType=INNER_SEARCH_DETAIL&searchMehtod=L&searchClass=S&controlNo=OLDP1198040625,1913,,,미부착,,개방 가능,만료공공저작물,,,O,,,,,만료저작물,
,599,국회전자도서관,"海東繹史, 冊1-5",https://dl.nanet.go.kr/search/searchInnerDetail.do?searchType=INNER_SEARCH&resultType=INNER_SEARCH_DETAIL&searchMehtod=L&searchClass=S&controlNo=OLDP1200500358,1913,,,미부착,,개방 가능,만료공공저작물,,,O,,,,,만료저작물,
,600,국회전자도서관,東皐先生遺稿. 冊1-5,https://dl.nanet.go.kr/search/searchInnerDetail.do?searchType=INNER_SEARCH&resultType=INNER_SEARCH_DETAIL&searchMehtod=L&searchClass=S&controlNo=OLDP1198040006,1913,,,미부착,,개방 가능,만료공공저작물,,,O,,,,,만료저작물,
,601,국회전자도서관,"涓吉龜鑑, 冊1, 2",https://dl.nanet.go.kr/search/searchInnerDetail.do?searchType=INNER_SEARCH&resultType=INNER_SEARCH_DETAIL&searchMehtod=L&searchClass=S&controlNo=OLDP1000000188,1913,,,미부착,,개방 가능,만료공공저작물,,,O,,,,,만료저작물,
,602,국회전자도서관,(最近)商業簿記,https://dl.nanet.go.kr/search/searchInnerDetail.do?searchType=INNER_SEARCH&resultType=INNER_SEARCH_DETAIL&searchMehtod=L&searchClass=S&controlNo=OLDP1198029126,1913,,,미부착,,개방 가능,만료공공저작물,,,O,,,,,만료저작물,
,603,국회전자도서관,"歌曲選, 全",https://dl.nanet.go.kr/search/searchInnerDetail.do?searchType=INNER_SEARCH&resultType=INNER_SEARCH_DETAIL&searchMehtod=L&searchClass=S&controlNo=OLDP1198040278,1913,,,미부착,,개방 가능,만료공공저작물,,,O,,,,,만료저작물,
,604,국회전자도서관,月波集. 冊1-3,https://dl.nanet.go.kr/search/searchInnerDetail.do?searchType=INNER_SEARCH&resultType=INNER_SEARCH_DETAIL&searchMehtod=L&searchClass=S&controlNo=OLDP1198040109,1913,,,미부착,,개방 가능,만료공공저작물,,,O,,,,,만료저작물,
,605,국회전자도서관,"海東繹史續, 全",https://dl.nanet.go.kr/search/searchInnerDetail.do?searchType=INNER_SEARCH&resultType=INNER_SEARCH_DETAIL&searchMehtod=L&searchClass=S&controlNo=OLDP1200500348,1913,,,미부착,,개방 가능,만료공공저작물,,,O,,,,,만료저작물,
,606,국회전자도서관,魯園先生文集(幷)附錄. 冊4-5,https://dl.nanet.go.kr/search/searchInnerDetail.do?searchType=INNER_SEARCH&resultType=INNER_SEARCH_DETAIL&searchMehtod=L&searchClass=S&controlNo=OLDP1201200120,1913,,,미부착,,개방 가능,만료공공저작물,,,O,,,,,만료저작물,
,607,국회전자도서관,東皐先生遺稿. 冊6-7,https://dl.nanet.go.kr/search/searchInnerDetail.do?searchType=INNER_SEARCH&resultType=INNER_SEARCH_DETAIL&searchMehtod=L&searchClass=S&controlNo=OLDP1201200162,1913,,,미부착,,개방 가능,만료공공저작물,,,O,,,,,만료저작물,
,608,국회전자도서관,月波集. 冊4-5,https://dl.nanet.go.kr/search/searchInnerDetail.do?searchType=INNER_SEARCH&resultType=INNER_SEARCH_DETAIL&searchMehtod=L&searchClass=S&controlNo=OLDP1201200208,1913,,,미부착,,개방 가능,만료공공저작물,,,O,,,,,만료저작물,
,609,국회전자도서관,林忠愍公實紀. 全,https://dl.nanet.go.kr/search/searchInnerDetail.do?searchType=INNER_SEARCH&resultType=INNER_SEARCH_DETAIL&searchMehtod=L&searchClass=S&controlNo=OLDP12021000000018,1913,,,미부착,,개방 가능,만료공공저작물,,,O,,,,,만료저작물,
,610,국회전자도서관,"美術叢書. 續第5, 7集",https://dl.nanet.go.kr/search/searchInnerDetail.do?searchType=INNER_SEARCH&resultType=INNER_SEARCH_DETAIL&searchMehtod=L&searchClass=S&controlNo=OLDP32021000000005,1913,,,미부착,,개방 가능,만료공공저작물,,,O,,,,,만료저작물,
,611,국회전자도서관,"陶山及門諸賢錄, 冊1-2",https://dl.nanet.go.kr/search/searchInnerDetail.do?searchType=INNER_SEARCH&resultType=INNER_SEARCH_DETAIL&searchMehtod=L&searchClass=S&controlNo=OLDP1198040712,1914,,,미부착,,개방 가능,만료공공저작물,,,O,,,,,만료저작물,
,612,국회전자도서관,"聖嘆批才子古文, 卷1-7, 9-17, 1-9",https://dl.nanet.go.kr/search/searchInnerDetail.do?searchType=INNER_SEARCH&resultType=INNER_SEARCH_DETAIL&searchMehtod=L&searchClass=S&controlNo=OLDP1198040438,1914,,,미부착,,개방 가능,만료공공저작물,,,O,,,,,만료저작물,
,613,국회전자도서관,"美人千態詩, 全",https://dl.nanet.go.kr/search/searchInnerDetail.do?searchType=INNER_SEARCH&resultType=INNER_SEARCH_DETAIL&searchMehtod=L&searchClass=S&controlNo=OLDP1198040453,1914,,,미부착,,개방 가능,만료공공저작물,,,O,,,,,만료저작물,
,614,국회전자도서관,"精校繪圖三國志演義, 卷1, 11-34",https://dl.nanet.go.kr/search/searchInnerDetail.do?searchType=INNER_SEARCH&resultType=INNER_SEARCH_DETAIL&searchMehtod=L&searchClass=S&controlNo=OLDP1198040554,1914,,,미부착,,개방 가능,만료공공저작물,,,O,,,,,만료저작물,
,615,국회전자도서관,海東名家尺牘,https://dl.nanet.go.kr/search/searchInnerDetail.do?searchType=INNER_SEARCH&resultType=INNER_SEARCH_DETAIL&searchMehtod=L&searchClass=S&controlNo=OLDP1199918217,1914,,,미부착,,개방 가능,만료공공저작물,,,O,,,,,만료저작물,
,616,국회전자도서관,"光海君日記, 卷1-16, 24-187",https://dl.nanet.go.kr/search/searchInnerDetail.do?searchType=INNER_SEARCH&resultType=INNER_SEARCH_DETAIL&searchMehtod=L&searchClass=S&controlNo=OLDP1200316171,1914,,,미부착,,개방 가능,만료공공저작물,,,O,,,,,만료저작물,
,617,국회전자도서관,美術叢書. 續第10集,https://dl.nanet.go.kr/search/searchInnerDetail.do?searchType=INNER_SEARCH&resultType=INNER_SEARCH_DETAIL&searchMehtod=L&searchClass=S&controlNo=OLDP32021000000007,1914,,,미부착,,개방 가능,만료공공저작물,,,O,,,,,만료저작물,
,618,국회전자도서관,"國朝簪獻寶鑑, 冊1-7",https://dl.nanet.go.kr/search/searchInnerDetail.do?searchType=INNER_SEARCH&resultType=INNER_SEARCH_DETAIL&searchMehtod=L&searchClass=S&controlNo=OLDP1198040758,1914,,,미부착,,개방 가능,만료공공저작물,,,O,,,,,만료저작물,
,619,국회전자도서관,Results of three years' administration of Chosen since annexation,https://dl.nanet.go.kr/search/searchInnerDetail.do?searchType=INNER_SEARCH&resultType=INNER_SEARCH_DETAIL&searchMehtod=L&searchClass=S&controlNo=OLDP2198028786,1914,,,미부착,,개방 가능,만료공공저작물,,,O,,,,,만료저작물,
,620,국회전자도서관,"神檀實記, 全",https://dl.nanet.go.kr/search/searchInnerDetail.do?searchType=INNER_SEARCH&resultType=INNER_SEARCH_DETAIL&searchMehtod=L&searchClass=S&controlNo=OLDP1200500339,1914,,,미부착,,개방 가능,만료공공저작물,,,O,,,,,만료저작물,
,621,국회전자도서관,"(鮮漢雙文)西廂記, 全",https://dl.nanet.go.kr/search/searchInnerDetail.do?searchType=INNER_SEARCH&resultType=INNER_SEARCH_DETAIL&searchMehtod=L&searchClass=S&controlNo=OLDP1198040561,1914,,,미부착,,개방 가능,만료공공저작물,,,O,,,,,만료저작물,
,622,국회전자도서관,"新編圃隱先生集, 全",https://dl.nanet.go.kr/search/searchInnerDetail.do?searchType=INNER_SEARCH&resultType=INNER_SEARCH_DETAIL&searchMehtod=L&searchClass=S&controlNo=OLDP1198040102,1914,,,미부착,,개방 가능,만료공공저작물,,,O,,,,,만료저작물,
,623,국회전자도서관,"莊陵史補. 上, 中, 下",https://dl.nanet.go.kr/search/searchInnerDetail.do?searchType=INNER_SEARCH&resultType=INNER_SEARCH_DETAIL&searchMehtod=L&searchClass=S&controlNo=OLDP12021000000027,1914,,,미부착,,개방 가능,만료공공저작물,,,O,,,,,만료저작물,
,624,국회전자도서관,美術叢書. 續第8-9集,https://dl.nanet.go.kr/search/searchInnerDetail.do?searchType=INNER_SEARCH&resultType=INNER_SEARCH_DETAIL&searchMehtod=L&searchClass=S&controlNo=OLDP32021000000006,1914,,,미부착,,개방 가능,만료공공저작물,,,O,,,,,만료저작물,
,625,국회전자도서관,"劒南詩抄, 冊1-8",https://dl.nanet.go.kr/search/searchInnerDetail.do?searchType=INNER_SEARCH&resultType=INNER_SEARCH_DETAIL&searchMehtod=L&searchClass=S&controlNo=OLDP1198040528,1915,,,미부착,,개방 가능,만료공공저작물,,,O,,,,,만료저작물,
,626,국회전자도서관,"麗韓十家文抄, 乾, 坤",https://dl.nanet.go.kr/search/searchInnerDetail.do?searchType=INNER_SEARCH&resultType=INNER_SEARCH_DETAIL&searchMehtod=L&searchClass=S&controlNo=OLDP1198040217,1915,,,미부착,,개방 가능,만료공공저작물,,,O,,,,,만료저작물,
,627,국회전자도서관,"增正時體草簡帖,第三",https://dl.nanet.go.kr/search/searchInnerDetail.do?searchType=INNER_SEARCH&resultType=INNER_SEARCH_DETAIL&searchMehtod=L&searchClass=S&controlNo=OLDP1199918199,1915,,,미부착,,개방 가능,만료공공저작물,,,O,,,,,만료저작물,
,628,국회전자도서관,酒幕談叢. 第3卷,https://dl.nanet.go.kr/search/searchInnerDetail.do?searchType=INNER_SEARCH&resultType=INNER_SEARCH_DETAIL&searchMehtod=L&searchClass=S&controlNo=OLDP1196001009,1915,,,미부착,,개방 가능,만료공공저작물,,,O,,,,,만료저작물,
,629,국회전자도서관,將校勤務錄 : 部外秘,https://dl.nanet.go.kr/search/searchInnerDetail.do?searchType=INNER_SEARCH&resultType=INNER_SEARCH_DETAIL&searchMehtod=L&searchClass=S&controlNo=OLDP3201200001,1915,,,미부착,,개방 가능,만료공공저작물,,,O,,,,,만료저작물,
,630,국회전자도서관,덕혜입문,https://dl.nanet.go.kr/search/searchInnerDetail.do?searchType=INNER_SEARCH&resultType=INNER_SEARCH_DETAIL&searchMehtod=L&searchClass=S&controlNo=OLDP1000000511,1915,,,미부착,,개방 가능,만료공공저작물,,,O,,,,,만료저작물,
,631,국회전자도서관,"黨議通略, 全",https://dl.nanet.go.kr/search/searchInnerDetail.do?searchType=INNER_SEARCH&resultType=INNER_SEARCH_DETAIL&searchMehtod=L&searchClass=S&controlNo=OLDP1198042193,1915,,,미부착,,개방 가능,만료공공저작물,,,O,,,,,만료저작물,
,632,국회전자도서관,"靑丘詩抄, 全",https://dl.nanet.go.kr/search/searchInnerDetail.do?searchType=INNER_SEARCH&resultType=INNER_SEARCH_DETAIL&searchMehtod=L&searchClass=S&controlNo=OLDP1198040252,1915,,,미부착,,개방 가능,만료공공저작물,,,O,,,,,만료저작물,
,633,국회전자도서관,華山永興契規則,https://dl.nanet.go.kr/search/searchInnerDetail.do?searchType=INNER_SEARCH&resultType=INNER_SEARCH_DETAIL&searchMehtod=L&searchClass=S&controlNo=OLDP1000000437,1915,,,미부착,,개방 가능,만료공공저작물,,,O,,,,,만료저작물,
,634,국회전자도서관,"包閻羅演義, 全",https://dl.nanet.go.kr/search/searchInnerDetail.do?searchType=INNER_SEARCH&resultType=INNER_SEARCH_DETAIL&searchMehtod=L&searchClass=S&controlNo=OLDP1198040556,1915,,,미부착,,개방 가능,만료공공저작물,,,O,,,,,만료저작물,
,635,국회전자도서관,"速修國語讀本, 全",https://dl.nanet.go.kr/search/searchInnerDetail.do?searchType=INNER_SEARCH&resultType=INNER_SEARCH_DETAIL&searchMehtod=L&searchClass=S&controlNo=OLDP1000000692,1915,,,미부착,,개방 가능,만료공공저작물,,,O,,,,,만료저작물,
,636,국회전자도서관,"(彷宋本)白香山詩集, 冊1-16",https://dl.nanet.go.kr/search/searchInnerDetail.do?searchType=INNER_SEARCH&resultType=INNER_SEARCH_DETAIL&searchMehtod=L&searchClass=S&controlNo=OLDP1198040456,1916,,,미부착,,개방 가능,만료공공저작물,,,O,,,,,만료저작물,
,637,국회전자도서관,"論語諺解, 冊1-4",https://dl.nanet.go.kr/search/searchInnerDetail.do?searchType=INNER_SEARCH&resultType=INNER_SEARCH_DETAIL&searchMehtod=L&searchClass=S&controlNo=OLDP1199914075,1916,,,미부착,,개방 가능,만료공공저작물,,,O,,,,,만료저작물,
,638,국회전자도서관,(懸吐)士小節,https://dl.nanet.go.kr/search/searchInnerDetail.do?searchType=INNER_SEARCH&resultType=INNER_SEARCH_DETAIL&searchMehtod=L&searchClass=S&controlNo=OLDP1000000207,1916,,,미부착,,개방 가능,만료공공저작물,,,O,,,,,만료저작물,
,639,국회전자도서관,"四禮便覽, 冊1-4",https://dl.nanet.go.kr/search/searchInnerDetail.do?searchType=INNER_SEARCH&resultType=INNER_SEARCH_DETAIL&searchMehtod=L&searchClass=S&controlNo=OLDP1000000554,1916,,,미부착,,개방 가능,만료공공저작물,,,O,,,,,만료저작물,
,640,국회전자도서관,"朝鮮萬姓簪纓譜, 冊1-5",https://dl.nanet.go.kr/search/searchInnerDetail.do?searchType=INNER_SEARCH&resultType=INNER_SEARCH_DETAIL&searchMehtod=L&searchClass=S&controlNo=OLDP1198040875,1916,,,미부착,,개방 가능,만료공공저작물,,,O,,,,,만료저작물,
,641,국회전자도서관,"晩德集, 冊2",https://dl.nanet.go.kr/search/searchInnerDetail.do?searchType=INNER_SEARCH&resultType=INNER_SEARCH_DETAIL&searchMehtod=L&searchClass=S&controlNo=OLDP1198029144,1917,,,미부착,,개방 가능,만료공공저작물,,,O,,,,,만료저작물,
,642,국회전자도서관,"重編朴燕岩先生文集, 冊1-3",https://dl.nanet.go.kr/search/searchInnerDetail.do?searchType=INNER_SEARCH&resultType=INNER_SEARCH_DETAIL&searchMehtod=L&searchClass=S&controlNo=OLDP3198024736,1917,,,미부착,,개방 가능,만료공공저작물,,,O,,,,,만료저작물,
,643,국회전자도서관,"明美堂集, 冊1-8",https://dl.nanet.go.kr/search/searchInnerDetail.do?searchType=INNER_SEARCH&resultType=INNER_SEARCH_DETAIL&searchMehtod=L&searchClass=S&controlNo=OLDP3198028185,1917,,,미부착,,개방 가능,만료공공저작물,,,O,,,,,만료저작물,
,644,국회전자도서관,"校正全圖東周列國志, 冊1, 4-16",https://dl.nanet.go.kr/search/searchInnerDetail.do?searchType=INNER_SEARCH&resultType=INNER_SEARCH_DETAIL&searchMehtod=L&searchClass=S&controlNo=OLDP1198040571,1917,,,미부착,,개방 가능,만료공공저작물,,,O,,,,,만료저작물,
,645,국회전자도서관,"繪圖說唐全傳, 冊1, 3",https://dl.nanet.go.kr/search/searchInnerDetail.do?searchType=INNER_SEARCH&resultType=INNER_SEARCH_DETAIL&searchMehtod=L&searchClass=S&controlNo=OLDP1198040575,1917,,,미부착,,개방 가능,만료공공저작물,,,O,,,,,만료저작물,
,646,국회전자도서관,"詩人玉屑, 卷3-5, 10-14",https://dl.nanet.go.kr/search/searchInnerDetail.do?searchType=INNER_SEARCH&resultType=INNER_SEARCH_DETAIL&searchMehtod=L&searchClass=S&controlNo=OLDP1198040468,1917,,,미부착,,개방 가능,만료공공저작물,,,O,,,,,만료저작물,
,647,국회전자도서관,龜壽集,https://dl.nanet.go.kr/search/searchInnerDetail.do?searchType=INNER_SEARCH&resultType=INNER_SEARCH_DETAIL&searchMehtod=L&searchClass=S&controlNo=OLDP1198022448,1917,,,미부착,,개방 가능,만료공공저작물,,,O,,,,,만료저작물,
,648,국회전자도서관,"東國風雅, 乾, 坤",https://dl.nanet.go.kr/search/searchInnerDetail.do?searchType=INNER_SEARCH&resultType=INNER_SEARCH_DETAIL&searchMehtod=L&searchClass=S&controlNo=OLDP1198040264,1917,,,미부착,,개방 가능,만료공공저작물,,,O,,,,,만료저작물,
,649,국회전자도서관,"星湖先生文集. 冊1-3,5-7",https://dl.nanet.go.kr/search/searchInnerDetail.do?searchType=INNER_SEARCH&resultType=INNER_SEARCH_DETAIL&searchMehtod=L&searchClass=S&controlNo=OLDP1198040074,1917,,,미부착,,개방 가능,만료공공저작물,,,O,,,,,만료저작물,
,650,국회전자도서관,(正本)集註周易,https://dl.nanet.go.kr/search/searchInnerDetail.do?searchType=INNER_SEARCH&resultType=INNER_SEARCH_DETAIL&searchMehtod=L&searchClass=S&controlNo=OLDP1000000272,1917,,,미부착,,개방 가능,만료공공저작물,,,O,,,,,만료저작물,
,651,국회전자도서관,(正本)中庸集註,https://dl.nanet.go.kr/search/searchInnerDetail.do?searchType=INNER_SEARCH&resultType=INNER_SEARCH_DETAIL&searchMehtod=L&searchClass=S&controlNo=OLDP1000000498,1917,,,미부착,,개방 가능,만료공공저작물,,,O,,,,,만료저작물,
,652,국회전자도서관,"金堤郡誌, 全",https://dl.nanet.go.kr/search/searchInnerDetail.do?searchType=INNER_SEARCH&resultType=INNER_SEARCH_DETAIL&searchMehtod=L&searchClass=S&controlNo=OLDP1198040641,1917,,,미부착,,개방 가능,만료공공저작물,,,O,,,,,만료저작물,
,653,국회전자도서관,韓國痛史,https://dl.nanet.go.kr/search/searchInnerDetail.do?searchType=INNER_SEARCH&resultType=INNER_SEARCH_DETAIL&searchMehtod=L&searchClass=S&controlNo=OLDP1196001005,1917,,,미부착,,개방 가능,만료공공저작물,,,O,,,,,만료저작물,
,654,국회전자도서관,"東詩精選(幷)補遺, 全",https://dl.nanet.go.kr/search/searchInnerDetail.do?searchType=INNER_SEARCH&resultType=INNER_SEARCH_DETAIL&searchMehtod=L&searchClass=S&controlNo=OLDP1198040203,1917,,,미부착,,개방 가능,만료공공저작물,,,O,,,,,만료저작물,
,655,국회전자도서관,朝鮮道府郡面町洞里改正區域表,https://dl.nanet.go.kr/search/searchInnerDetail.do?searchType=INNER_SEARCH&resultType=INNER_SEARCH_DETAIL&searchMehtod=L&searchClass=S&controlNo=OLDP1000000588,1917,,,미부착,,개방 가능,만료공공저작물,,,O,,,,,만료저작물,
,656,국회전자도서관,"雲養集, 冊1-5",https://dl.nanet.go.kr/search/searchInnerDetail.do?searchType=INNER_SEARCH&resultType=INNER_SEARCH_DETAIL&searchMehtod=L&searchClass=S&controlNo=OLDP1198029170,1917,,,미부착,,개방 가능,만료공공저작물,,,O,,,,,만료저작물,
,657,국회전자도서관,朝鮮佛敎略史,https://dl.nanet.go.kr/search/searchInnerDetail.do?searchType=INNER_SEARCH&resultType=INNER_SEARCH_DETAIL&searchMehtod=L&searchClass=S&controlNo=OLDP1000000536,1917,,,미부착,,개방 가능,만료공공저작물,,,O,,,,,만료저작물,
,658,국회전자도서관,"星湖先生文集. 冊20,22-25",https://dl.nanet.go.kr/search/searchInnerDetail.do?searchType=INNER_SEARCH&resultType=INNER_SEARCH_DETAIL&searchMehtod=L&searchClass=S&controlNo=OLDP1201200193,1917,,,미부착,,개방 가능,만료공공저작물,,,O,,,,,만료저작물,
,659,국회전자도서관,"星湖先生文集. 冊8-9,11,13-14",https://dl.nanet.go.kr/search/searchInnerDetail.do?searchType=INNER_SEARCH&resultType=INNER_SEARCH_DETAIL&searchMehtod=L&searchClass=S&controlNo=OLDP1201200191,1917,,,미부착,,개방 가능,만료공공저작물,,,O,,,,,만료저작물,
,660,국회전자도서관,星湖先生文集. 冊15-19,https://dl.nanet.go.kr/search/searchInnerDetail.do?searchType=INNER_SEARCH&resultType=INNER_SEARCH_DETAIL&searchMehtod=L&searchClass=S&controlNo=OLDP1201200192,1917,,,미부착,,개방 가능,만료공공저작물,,,O,,,,,만료저작물,
,661,국회전자도서관,星湖先生文集. 冊26-27,https://dl.nanet.go.kr/search/searchInnerDetail.do?searchType=INNER_SEARCH&resultType=INNER_SEARCH_DETAIL&searchMehtod=L&searchClass=S&controlNo=OLDP1201200194,1917,,,미부착,,개방 가능,만료공공저작물,,,O,,,,,만료저작물,
,662,국회전자도서관,明拓漢隸四種,https://dl.nanet.go.kr/search/searchInnerDetail.do?searchType=INNER_SEARCH&resultType=INNER_SEARCH_DETAIL&searchMehtod=L&searchClass=S&controlNo=OLDP3198024711,1918,,,미부착,,개방 가능,만료공공저작물,,,O,,,,,만료저작물,
,663,국회전자도서관,"韓史경, 冊1-3",https://dl.nanet.go.kr/search/searchInnerDetail.do?searchType=INNER_SEARCH&resultType=INNER_SEARCH_DETAIL&searchMehtod=L&searchClass=S&controlNo=OLDP1200500362,1918,,,미부착,,개방 가능,만료공공저작물,,,O,,,,,만료저작물,
,664,국회전자도서관,"(彷宋本影印)楚辭集註, 冊1-4",https://dl.nanet.go.kr/search/searchInnerDetail.do?searchType=INNER_SEARCH&resultType=INNER_SEARCH_DETAIL&searchMehtod=L&searchClass=S&controlNo=OLDP1198040491,1918,,,미부착,,개방 가능,만료공공저작물,,,O,,,,,만료저작물,
,665,국회전자도서관,耽羅紀年. 全,https://dl.nanet.go.kr/search/searchInnerDetail.do?searchType=INNER_SEARCH&resultType=INNER_SEARCH_DETAIL&searchMehtod=L&searchClass=S&controlNo=OLDP12021000000044,1918,,,미부착,,개방 가능,만료공공저작물,,,O,,,,,만료저작물,
,666,국회전자도서관,"日本口語法及文法敎科書, 全",https://dl.nanet.go.kr/search/searchInnerDetail.do?searchType=INNER_SEARCH&resultType=INNER_SEARCH_DETAIL&searchMehtod=L&searchClass=S&controlNo=OLDP3000000122,1918,,,미부착,,개방 가능,만료공공저작물,,,O,,,,,만료저작물,
,667,국회전자도서관,"李忠武公全書, 冊1-2",https://dl.nanet.go.kr/search/searchInnerDetail.do?searchType=INNER_SEARCH&resultType=INNER_SEARCH_DETAIL&searchMehtod=L&searchClass=S&controlNo=OLDP1198040046,1918,,,미부착,,개방 가능,만료공공저작물,,,O,,,,,만료저작물,
,668,국회전자도서관,"朝鮮科宦譜, 冊1-8",https://dl.nanet.go.kr/search/searchInnerDetail.do?searchType=INNER_SEARCH&resultType=INNER_SEARCH_DETAIL&searchMehtod=L&searchClass=S&controlNo=OLDP1198040865,1918,,,미부착,,개방 가능,만료공공저작물,,,O,,,,,만료저작물,
,669,국회전자도서관,"(實地應用)畜産新法, 全",https://dl.nanet.go.kr/search/searchInnerDetail.do?searchType=INNER_SEARCH&resultType=INNER_SEARCH_DETAIL&searchMehtod=L&searchClass=S&controlNo=OLDP1198029120,1918,,,미부착,,개방 가능,만료공공저작물,,,O,,,,,만료저작물,
,670,국회전자도서관,"海外國勢便覽, 全",https://dl.nanet.go.kr/search/searchInnerDetail.do?searchType=INNER_SEARCH&resultType=INNER_SEARCH_DETAIL&searchMehtod=L&searchClass=S&controlNo=OLDP1198040606,1918,,,미부착,,개방 가능,만료공공저작물,,,O,,,,,만료저작물,
,671,국회전자도서관,"東國文獻錄, 上",https://dl.nanet.go.kr/search/searchInnerDetail.do?searchType=INNER_SEARCH&resultType=INNER_SEARCH_DETAIL&searchMehtod=L&searchClass=S&controlNo=OLDP1200500303,1918,,,미부착,,개방 가능,만료공공저작물,,,O,,,,,만료저작물,
,672,국회전자도서관,"栗軒集, 全",https://dl.nanet.go.kr/search/searchInnerDetail.do?searchType=INNER_SEARCH&resultType=INNER_SEARCH_DETAIL&searchMehtod=L&searchClass=S&controlNo=OLDP1198040112,1918,,,미부착,,개방 가능,만료공공저작물,,,O,,,,,만료저작물,
,673,국회전자도서관,(增補)字典釋要,https://dl.nanet.go.kr/search/searchInnerDetail.do?searchType=INNER_SEARCH&resultType=INNER_SEARCH_DETAIL&searchMehtod=L&searchClass=S&controlNo=OLDP1000000571,1918,,,미부착,,개방 가능,만료공공저작물,,,O,,,,,만료저작물,
,674,국회전자도서관,洪煙眞訣,https://dl.nanet.go.kr/search/searchInnerDetail.do?searchType=INNER_SEARCH&resultType=INNER_SEARCH_DETAIL&searchMehtod=L&searchClass=S&controlNo=OLDP1000000193,1918,,,미부착,,개방 가능,만료공공저작물,,,O,,,,,만료저작물,
,675,국회전자도서관,"求忠堂先生文集, 전",https://dl.nanet.go.kr/search/searchInnerDetail.do?searchType=INNER_SEARCH&resultType=INNER_SEARCH_DETAIL&searchMehtod=L&searchClass=S&controlNo=OLDP1198040069,1919,,,미부착,,개방 가능,만료공공저작물,,,O,,,,,만료저작물,
,676,국회전자도서관,"康熙字典(及)補遺, 冊1-12",https://dl.nanet.go.kr/search/searchInnerDetail.do?searchType=INNER_SEARCH&resultType=INNER_SEARCH_DETAIL&searchMehtod=L&searchClass=S&controlNo=OLDP3000000110,1919,,,미부착,,개방 가능,만료공공저작물,,,O,,,,,만료저작물,
,677,국회전자도서관,"韓非子, 冊1-6",https://dl.nanet.go.kr/search/searchInnerDetail.do?searchType=INNER_SEARCH&resultType=INNER_SEARCH_DETAIL&searchMehtod=L&searchClass=S&controlNo=OLDP3000000137,1919,,,미부착,,개방 가능,만료공공저작물,,,O,,,,,만료저작물,
,678,국회전자도서관,"增像全圖三國演義. 卷1, 10-12, 26-28, 49-57",https://dl.nanet.go.kr/search/searchInnerDetail.do?searchType=INNER_SEARCH&resultType=INNER_SEARCH_DETAIL&searchMehtod=L&searchClass=S&controlNo=OLDP1198040551,1919,,,미부착,,개방 가능,만료공공저작물,,,O,,,,,만료저작물,
,679,국회전자도서관,獨立血戰記,https://dl.nanet.go.kr/search/searchInnerDetail.do?searchType=INNER_SEARCH&resultType=INNER_SEARCH_DETAIL&searchMehtod=L&searchClass=S&controlNo=OLDP1196001003,1919,,,미부착,,개방 가능,만료공공저작물,,,O,,,,,만료저작물,
,680,국회전자도서관,漢籍解題,https://dl.nanet.go.kr/search/searchInnerDetail.do?searchType=INNER_SEARCH&resultType=INNER_SEARCH_DETAIL&searchMehtod=L&searchClass=S&controlNo=OLDP3196000997,1919,,,미부착,,개방 가능,만료공공저작물,,,O,,,,,만료저작물,
,681,국회전자도서관,西遊記語錄,https://dl.nanet.go.kr/search/searchInnerDetail.do?searchType=INNER_SEARCH&resultType=INNER_SEARCH_DETAIL&searchMehtod=L&searchClass=S&controlNo=OLDP1200500650,1919,,,미부착,,개방 가능,만료공공저작물,,,O,,,,,만료저작물,
,682,국회전자도서관,孝經大義,https://dl.nanet.go.kr/search/searchInnerDetail.do?searchType=INNER_SEARCH&resultType=INNER_SEARCH_DETAIL&searchMehtod=L&searchClass=S&controlNo=OLDP1199918187,1919,,,미부착,,개방 가능,만료공공저작물,,,O,,,,,만료저작물,
,683,국회전자도서관,增補字典尺牘完編,https://dl.nanet.go.kr/search/searchInnerDetail.do?searchType=INNER_SEARCH&resultType=INNER_SEARCH_DETAIL&searchMehtod=L&searchClass=S&controlNo=OLDP1199918066,1919,,,미부착,,개방 가능,만료공공저작물,,,O,,,,,만료저작물,
,684,국회전자도서관,蒙學指南,https://dl.nanet.go.kr/search/searchInnerDetail.do?searchType=INNER_SEARCH&resultType=INNER_SEARCH_DETAIL&searchMehtod=L&searchClass=S&controlNo=OLDP1000000069,1919,,,미부착,,개방 가능,만료공공저작물,,,O,,,,,만료저작물,
,685,국회전자도서관,大韓民國臨時議政院文書. 1-16,https://dl.nanet.go.kr/search/searchInnerDetail.do?searchType=INNER_SEARCH&resultType=INNER_SEARCH_DETAIL&searchMehtod=L&searchClass=S&controlNo=OLDP1000000096,1919,,,미부착,,개방 가능,만료공공저작물,,,O,,,,,만료저작물,
,686,국회전자도서관,"南宇遺稿, 全",https://dl.nanet.go.kr/search/searchInnerDetail.do?searchType=INNER_SEARCH&resultType=INNER_SEARCH_DETAIL&searchMehtod=L&searchClass=S&controlNo=OLDP1198040104,1919,,,미부착,,개방 가능,만료공공저작물,,,O,,,,,만료저작물,
,687,국회전자도서관,"一두先生遺集(及)續, 冊1-2",https://dl.nanet.go.kr/search/searchInnerDetail.do?searchType=INNER_SEARCH&resultType=INNER_SEARCH_DETAIL&searchMehtod=L&searchClass=S&controlNo=OLDP1198040113,1919,,,미부착,,개방 가능,만료공공저작물,,,O,,,,,만료저작물,
,688,국회전자도서관,古簡帖,https://dl.nanet.go.kr/search/searchInnerDetail.do?searchType=INNER_SEARCH&resultType=INNER_SEARCH_DETAIL&searchMehtod=L&searchClass=S&controlNo=OLDP1000000015,192-,,,미부착,,개방 가능,만료공공저작물,,,O,,,,,만료저작물,
,689,국회전자도서관,"荀子, 1-4",https://dl.nanet.go.kr/search/searchInnerDetail.do?searchType=INNER_SEARCH&resultType=INNER_SEARCH_DETAIL&searchMehtod=L&searchClass=S&controlNo=OLDP1199917966,1920,,,미부착,,개방 가능,만료공공저작물,,,O,,,,,만료저작물,
,690,국회전자도서관,韓國獨立運動之血史,https://dl.nanet.go.kr/search/searchInnerDetail.do?searchType=INNER_SEARCH&resultType=INNER_SEARCH_DETAIL&searchMehtod=L&searchClass=S&controlNo=OLDP3196000999,1920,,,미부착,,개방 가능,만료공공저작물,,,O,,,,,만료저작물,
,691,국회전자도서관,侍天敎歷史,https://dl.nanet.go.kr/search/searchInnerDetail.do?searchType=INNER_SEARCH&resultType=INNER_SEARCH_DETAIL&searchMehtod=L&searchClass=S&controlNo=OLDP1199914104,1920,,,미부착,,개방 가능,만료공공저작물,,,O,,,,,만료저작물,
,692,국회전자도서관,上海在住不逞鮮人ノ行動,https://dl.nanet.go.kr/search/searchInnerDetail.do?searchType=INNER_SEARCH&resultType=INNER_SEARCH_DETAIL&searchMehtod=L&searchClass=S&controlNo=OLDP1196001004,1920,,,미부착,,개방 가능,만료공공저작물,,,O,,,,,만료저작물,
,693,국회전자도서관,"新朝鮮全誌, 全",https://dl.nanet.go.kr/search/searchInnerDetail.do?searchType=INNER_SEARCH&resultType=INNER_SEARCH_DETAIL&searchMehtod=L&searchClass=S&controlNo=OLDP1198040615,1920,,,미부착,,개방 가능,만료공공저작물,,,O,,,,,만료저작물,
,694,국회전자도서관,昌信契完議,https://dl.nanet.go.kr/search/searchInnerDetail.do?searchType=INNER_SEARCH&resultType=INNER_SEARCH_DETAIL&searchMehtod=L&searchClass=S&controlNo=OLDP1000000436,1920,,,미부착,,개방 가능,만료공공저작물,,,O,,,,,만료저작물,
,695,국회전자도서관,"重編韓代崧陽耆舊傳, 全",https://dl.nanet.go.kr/search/searchInnerDetail.do?searchType=INNER_SEARCH&resultType=INNER_SEARCH_DETAIL&searchMehtod=L&searchClass=S&controlNo=OLDP1198040708,1920,,,미부착,,개방 가능,만료공공저작물,,,O,,,,,만료저작물,
,696,국회전자도서관,韓國經濟史,https://dl.nanet.go.kr/search/searchInnerDetail.do?searchType=INNER_SEARCH&resultType=INNER_SEARCH_DETAIL&searchMehtod=L&searchClass=S&controlNo=OLDP1196001008,1920,,,미부착,,개방 가능,만료공공저작물,,,O,,,,,만료저작물,
,697,국회전자도서관,兒菴遺集,https://dl.nanet.go.kr/search/searchInnerDetail.do?searchType=INNER_SEARCH&resultType=INNER_SEARCH_DETAIL&searchMehtod=L&searchClass=S&controlNo=OLDP1000000075,1920,,,미부착,,개방 가능,만료공공저작물,,,O,,,,,만료저작물,
,698,국회전자도서관,언문점법,https://dl.nanet.go.kr/search/searchInnerDetail.do?searchType=INNER_SEARCH&resultType=INNER_SEARCH_DETAIL&searchMehtod=L&searchClass=S&controlNo=OLDP1000000189,1920,,,미부착,,개방 가능,만료공공저작물,,,O,,,,,만료저작물,
,699,국회전자도서관,"敬覽圖, 全",https://dl.nanet.go.kr/search/searchInnerDetail.do?searchType=INNER_SEARCH&resultType=INNER_SEARCH_DETAIL&searchMehtod=L&searchClass=S&controlNo=OLDP1200500279,1920,,,미부착,,개방 가능,만료공공저작물,,,O,,,,,만료저작물,
,700,국회전자도서관,"涵眞菴叢書, 全",https://dl.nanet.go.kr/search/searchInnerDetail.do?searchType=INNER_SEARCH&resultType=INNER_SEARCH_DETAIL&searchMehtod=L&searchClass=S&controlNo=OLDP1200500379,1920,,,미부착,,개방 가능,만료공공저작물,,,O,,,,,만료저작물,
,701,국회전자도서관,玄覺正要,https://dl.nanet.go.kr/search/searchInnerDetail.do?searchType=INNER_SEARCH&resultType=INNER_SEARCH_DETAIL&searchMehtod=L&searchClass=S&controlNo=OLDP1000000415,1920,,,미부착,,개방 가능,만료공공저작물,,,O,,,,,만료저작물,
,702,국회전자도서관,"珠淵選集, 全",https://dl.nanet.go.kr/search/searchInnerDetail.do?searchType=INNER_SEARCH&resultType=INNER_SEARCH_DETAIL&searchMehtod=L&searchClass=S&controlNo=OLDP1198029112,1920,,,미부착,,개방 가능,만료공공저작물,,,O,,,,,만료저작물,
,703,국회전자도서관,"黃庭道德經註合刻, 冊1-3",https://dl.nanet.go.kr/search/searchInnerDetail.do?searchType=INNER_SEARCH&resultType=INNER_SEARCH_DETAIL&searchMehtod=L&searchClass=S&controlNo=OLDP1199913982,1921,,,미부착,,개방 가능,만료공공저작물,,,O,,,,,만료저작물,
,704,국회전자도서관,熊野,https://dl.nanet.go.kr/search/searchInnerDetail.do?searchType=INNER_SEARCH&resultType=INNER_SEARCH_DETAIL&searchMehtod=L&searchClass=S&controlNo=OLDP1199918209,1921,,,미부착,,개방 가능,만료공공저작물,,,O,,,,,만료저작물,
,705,국회전자도서관,朱子家訓,https://dl.nanet.go.kr/search/searchInnerDetail.do?searchType=INNER_SEARCH&resultType=INNER_SEARCH_DETAIL&searchMehtod=L&searchClass=S&controlNo=OLDP12022000000058,1921,,,미부착,,개방 가능,만료공공저작물,,,O,,,,,만료저작물,
,706,국회전자도서관,"南溪集, 單",https://dl.nanet.go.kr/search/searchInnerDetail.do?searchType=INNER_SEARCH&resultType=INNER_SEARCH_DETAIL&searchMehtod=L&searchClass=S&controlNo=OLDP1198040371,1921,,,미부착,,개방 가능,만료공공저작물,,,O,,,,,만료저작물,
,707,국회전자도서관,"白愚齋集, 上, 下",https://dl.nanet.go.kr/search/searchInnerDetail.do?searchType=INNER_SEARCH&resultType=INNER_SEARCH_DETAIL&searchMehtod=L&searchClass=S&controlNo=OLDP1198040384,1921,,,미부착,,개방 가능,만료공공저작물,,,O,,,,,만료저작물,
,708,국회전자도서관,"蘭史雙壽帖, 全",https://dl.nanet.go.kr/search/searchInnerDetail.do?searchType=INNER_SEARCH&resultType=INNER_SEARCH_DETAIL&searchMehtod=L&searchClass=S&controlNo=OLDP1198040370,1921,,,미부착,,개방 가능,만료공공저작물,,,O,,,,,만료저작물,
,709,국회전자도서관,"大田先生實記, 乾, 坤",https://dl.nanet.go.kr/search/searchInnerDetail.do?searchType=INNER_SEARCH&resultType=INNER_SEARCH_DETAIL&searchMehtod=L&searchClass=S&controlNo=OLDP1198040773,1921,,,미부착,,개방 가능,만료공공저작물,,,O,,,,,만료저작물,
,710,국회전자도서관,"謙齋集(幷)附錄, 冊1-2",https://dl.nanet.go.kr/search/searchInnerDetail.do?searchType=INNER_SEARCH&resultType=INNER_SEARCH_DETAIL&searchMehtod=L&searchClass=S&controlNo=OLDP1198022396,1921,,,미부착,,개방 가능,만료공공저작물,,,O,,,,,만료저작물,
,711,국회전자도서관,"(改修)高等國語讀本, 冊4",https://dl.nanet.go.kr/search/searchInnerDetail.do?searchType=INNER_SEARCH&resultType=INNER_SEARCH_DETAIL&searchMehtod=L&searchClass=S&controlNo=OLDP1000000690,1921,,,미부착,,개방 가능,만료공공저작물,,,O,,,,,만료저작물,
,712,국회전자도서관,"一樹軒集(幷)附錄, 單",https://dl.nanet.go.kr/search/searchInnerDetail.do?searchType=INNER_SEARCH&resultType=INNER_SEARCH_DETAIL&searchMehtod=L&searchClass=S&controlNo=OLDP1198040118,1921,,,미부착,,개방 가능,만료공공저작물,,,O,,,,,만료저작물,
,713,국회전자도서관,華山永興契會錄,https://dl.nanet.go.kr/search/searchInnerDetail.do?searchType=INNER_SEARCH&resultType=INNER_SEARCH_DETAIL&searchMehtod=L&searchClass=S&controlNo=OLDP1000000438,1922,,,미부착,,개방 가능,만료공공저작물,,,O,,,,,만료저작물,
,714,국회전자도서관,"精刊韶濩堂集, 冊1-8",https://dl.nanet.go.kr/search/searchInnerDetail.do?searchType=INNER_SEARCH&resultType=INNER_SEARCH_DETAIL&searchMehtod=L&searchClass=S&controlNo=OLDP3198028105,1922,,,미부착,,개방 가능,만료공공저작물,,,O,,,,,만료저작물,
,715,국회전자도서관,"(四家名人批點)第六才子書, 卷1-3",https://dl.nanet.go.kr/search/searchInnerDetail.do?searchType=INNER_SEARCH&resultType=INNER_SEARCH_DETAIL&searchMehtod=L&searchClass=S&controlNo=OLDP1198040563,1922,,,미부착,,개방 가능,만료공공저작물,,,O,,,,,만료저작물,
,716,국회전자도서관,"詩韻集成, 冊1-4",https://dl.nanet.go.kr/search/searchInnerDetail.do?searchType=INNER_SEARCH&resultType=INNER_SEARCH_DETAIL&searchMehtod=L&searchClass=S&controlNo=OLDP1198040464,1922,,,미부착,,개방 가능,만료공공저작물,,,O,,,,,만료저작물,
,717,국회전자도서관,"(新修)漢文敎科書, 冊4",https://dl.nanet.go.kr/search/searchInnerDetail.do?searchType=INNER_SEARCH&resultType=INNER_SEARCH_DETAIL&searchMehtod=L&searchClass=S&controlNo=OLDP3000000119,1922,,,미부착,,개방 가능,만료공공저작물,,,O,,,,,만료저작물,
,718,국회전자도서관,大般涅槃經疎,https://dl.nanet.go.kr/search/searchInnerDetail.do?searchType=INNER_SEARCH&resultType=INNER_SEARCH_DETAIL&searchMehtod=L&searchClass=S&controlNo=OLDP1000000541,1922,,,미부착,,개방 가능,만료공공저작물,,,O,,,,,만료저작물,
,719,국회전자도서관,朝鮮法制史稿,https://dl.nanet.go.kr/search/searchInnerDetail.do?searchType=INNER_SEARCH&resultType=INNER_SEARCH_DETAIL&searchMehtod=L&searchClass=S&controlNo=OLDP3196001004,1922,,,미부착,,개방 가능,만료공공저작물,,,O,,,,,만료저작물,
,720,국회전자도서관,"東國正韻(及)解題, 冊1-7",https://dl.nanet.go.kr/search/searchInnerDetail.do?searchType=INNER_SEARCH&resultType=INNER_SEARCH_DETAIL&searchMehtod=L&searchClass=S&controlNo=OLDP1000000564,1922,,,미부착,,개방 가능,만료공공저작물,,,O,,,,,만료저작물,
,721,국회전자도서관,朝鮮正音文典,https://dl.nanet.go.kr/search/searchInnerDetail.do?searchType=INNER_SEARCH&resultType=INNER_SEARCH_DETAIL&searchMehtod=L&searchClass=S&controlNo=OLDP1000000563,1922,,,미부착,,개방 가능,만료공공저작물,,,O,,,,,만료저작물,
,722,국회전자도서관,"瑞石實記, 全",https://dl.nanet.go.kr/search/searchInnerDetail.do?searchType=INNER_SEARCH&resultType=INNER_SEARCH_DETAIL&searchMehtod=L&searchClass=S&controlNo=OLDP1198040701,1922,,,미부착,,개방 가능,만료공공저작물,,,O,,,,,만료저작물,
,723,국회전자도서관,"聯芳集, 乾, 坤",https://dl.nanet.go.kr/search/searchInnerDetail.do?searchType=INNER_SEARCH&resultType=INNER_SEARCH_DETAIL&searchMehtod=L&searchClass=S&controlNo=OLDP1198040215,1922,,,미부착,,개방 가능,만료공공저작물,,,O,,,,,만료저작물,
,724,국회전자도서관,"고등산학신편,單",https://dl.nanet.go.kr/search/searchInnerDetail.do?searchType=INNER_SEARCH&resultType=INNER_SEARCH_DETAIL&searchMehtod=L&searchClass=S&controlNo=OLDP1198028885,1922,,,미부착,,개방 가능,만료공공저작물,,,O,,,,,만료저작물,
,725,국회전자도서관,"逸士遺事, 全",https://dl.nanet.go.kr/search/searchInnerDetail.do?searchType=INNER_SEARCH&resultType=INNER_SEARCH_DETAIL&searchMehtod=L&searchClass=S&controlNo=OLDP1198040789,1922,,,미부착,,개방 가능,만료공공저작물,,,O,,,,,만료저작물,
,726,국회전자도서관,五倫行實撮要,https://dl.nanet.go.kr/search/searchInnerDetail.do?searchType=INNER_SEARCH&resultType=INNER_SEARCH_DETAIL&searchMehtod=L&searchClass=S&controlNo=OLDP1000000198,1922,,,미부착,,개방 가능,만료공공저작물,,,O,,,,,만료저작물,
,727,국회전자도서관,"雲田集, 冊1-2",https://dl.nanet.go.kr/search/searchInnerDetail.do?searchType=INNER_SEARCH&resultType=INNER_SEARCH_DETAIL&searchMehtod=L&searchClass=S&controlNo=OLDP1198022430,1923,,,미부착,,개방 가능,만료공공저작물,,,O,,,,,만료저작물,
,728,국회전자도서관,沙溪先生全書(及)續. 冊19-22,https://dl.nanet.go.kr/search/searchInnerDetail.do?searchType=INNER_SEARCH&resultType=INNER_SEARCH_DETAIL&searchMehtod=L&searchClass=S&controlNo=OLDP1201200103,1923,,,미부착,,개방 가능,만료공공저작물,,,O,,,,,만료저작물,
,729,국회전자도서관,"時文讀本, 全",https://dl.nanet.go.kr/search/searchInnerDetail.do?searchType=INNER_SEARCH&resultType=INNER_SEARCH_DETAIL&searchMehtod=L&searchClass=S&controlNo=OLDP1198040377,1923,,,미부착,,개방 가능,만료공공저작물,,,O,,,,,만료저작물,
,730,국회전자도서관,"愼獨齋先生全書, 冊4-5",https://dl.nanet.go.kr/search/searchInnerDetail.do?searchType=INNER_SEARCH&resultType=INNER_SEARCH_DETAIL&searchMehtod=L&searchClass=S&controlNo=OLDP1198029193,1923,,,미부착,,개방 가능,만료공공저작물,,,O,,,,,만료저작물,
,731,국회전자도서관,"高等普通學校修身書, 冊2, 3",https://dl.nanet.go.kr/search/searchInnerDetail.do?searchType=INNER_SEARCH&resultType=INNER_SEARCH_DETAIL&searchMehtod=L&searchClass=S&controlNo=OLDP1000000208,1923,,,미부착,,개방 가능,만료공공저작물,,,O,,,,,만료저작물,
,732,국회전자도서관,(現今)朝鮮文典,https://dl.nanet.go.kr/search/searchInnerDetail.do?searchType=INNER_SEARCH&resultType=INNER_SEARCH_DETAIL&searchMehtod=L&searchClass=S&controlNo=OLDP1000000373,1923,,,미부착,,개방 가능,만료공공저작물,,,O,,,,,만료저작물,
,733,국회전자도서관,洪煙眞訣,https://dl.nanet.go.kr/search/searchInnerDetail.do?searchType=INNER_SEARCH&resultType=INNER_SEARCH_DETAIL&searchMehtod=L&searchClass=S&controlNo=OLDP1000000194,1923,,,미부착,,개방 가능,만료공공저작물,,,O,,,,,만료저작물,
,734,국회전자도서관,敎會歷史人物誌,https://dl.nanet.go.kr/search/searchInnerDetail.do?searchType=INNER_SEARCH&resultType=INNER_SEARCH_DETAIL&searchMehtod=L&searchClass=S&controlNo=OLDP1000000512,1923,,,미부착,,개방 가능,만료공공저작물,,,O,,,,,만료저작물,
,735,국회전자도서관,孟子外書,https://dl.nanet.go.kr/search/searchInnerDetail.do?searchType=INNER_SEARCH&resultType=INNER_SEARCH_DETAIL&searchMehtod=L&searchClass=S&controlNo=OLDP1000000510,1923,,,미부착,,개방 가능,만료공공저작물,,,O,,,,,만료저작물,
,736,국회전자도서관,"玉溪文集, 全",https://dl.nanet.go.kr/search/searchInnerDetail.do?searchType=INNER_SEARCH&resultType=INNER_SEARCH_DETAIL&searchMehtod=L&searchClass=S&controlNo=OLDP1198029146,1923,,,미부착,,개방 가능,만료공공저작물,,,O,,,,,만료저작물,
,737,국회전자도서관,"龍城誌(及)續, 冊1-7",https://dl.nanet.go.kr/search/searchInnerDetail.do?searchType=INNER_SEARCH&resultType=INNER_SEARCH_DETAIL&searchMehtod=L&searchClass=S&controlNo=OLDP1198040639,1923,,,미부착,,개방 가능,만료공공저작물,,,O,,,,,만료저작물,
,738,국회전자도서관,"朝鮮八道秘密地誌, 全",https://dl.nanet.go.kr/search/searchInnerDetail.do?searchType=INNER_SEARCH&resultType=INNER_SEARCH_DETAIL&searchMehtod=L&searchClass=S&controlNo=OLDP1198040620,1923,,,미부착,,개방 가능,만료공공저작물,,,O,,,,,만료저작물,
,739,국회전자도서관,沙溪先生全書(及)續. 冊1-5,https://dl.nanet.go.kr/search/searchInnerDetail.do?searchType=INNER_SEARCH&resultType=INNER_SEARCH_DETAIL&searchMehtod=L&searchClass=S&controlNo=OLDP1198029176,1923,,,미부착,,개방 가능,만료공공저작물,,,O,,,,,만료저작물,
,740,국회전자도서관,"李子粹語, 乾, 坤",https://dl.nanet.go.kr/search/searchInnerDetail.do?searchType=INNER_SEARCH&resultType=INNER_SEARCH_DETAIL&searchMehtod=L&searchClass=S&controlNo=OLDP1000000236,1923,,,미부착,,개방 가능,만료공공저작물,,,O,,,,,만료저작물,
,741,국회전자도서관,"(新編)高等國語讀本, 冊5, 7-8",https://dl.nanet.go.kr/search/searchInnerDetail.do?searchType=INNER_SEARCH&resultType=INNER_SEARCH_DETAIL&searchMehtod=L&searchClass=S&controlNo=OLDP1000000691,1923,,,미부착,,개방 가능,만료공공저작물,,,O,,,,,만료저작물,
,742,국회전자도서관,沙溪先生全書(及)續. 冊15-18,https://dl.nanet.go.kr/search/searchInnerDetail.do?searchType=INNER_SEARCH&resultType=INNER_SEARCH_DETAIL&searchMehtod=L&searchClass=S&controlNo=OLDP1201200102,1923,,,미부착,,개방 가능,만료공공저작물,,,O,,,,,만료저작물,
,743,국회전자도서관,沙溪先生全書(及)續. 冊11-14,https://dl.nanet.go.kr/search/searchInnerDetail.do?searchType=INNER_SEARCH&resultType=INNER_SEARCH_DETAIL&searchMehtod=L&searchClass=S&controlNo=OLDP1201200101,1923,,,미부착,,개방 가능,만료공공저작물,,,O,,,,,만료저작물,
,744,국회전자도서관,沙溪先生全書(及)續. 冊23-26,https://dl.nanet.go.kr/search/searchInnerDetail.do?searchType=INNER_SEARCH&resultType=INNER_SEARCH_DETAIL&searchMehtod=L&searchClass=S&controlNo=OLDP1201200104,1923,,,미부착,,개방 가능,만료공공저작물,,,O,,,,,만료저작물,
,745,국회전자도서관,沙溪先生全書(及)續. 冊6-10,https://dl.nanet.go.kr/search/searchInnerDetail.do?searchType=INNER_SEARCH&resultType=INNER_SEARCH_DETAIL&searchMehtod=L&searchClass=S&controlNo=OLDP1201200100,1923,,,미부착,,개방 가능,만료공공저작물,,,O,,,,,만료저작물,
,746,국회전자도서관,"史料叢刊(初編), 冊1-8",https://dl.nanet.go.kr/search/searchInnerDetail.do?searchType=INNER_SEARCH&resultType=INNER_SEARCH_DETAIL&searchMehtod=L&searchClass=S&controlNo=OLDP1198040955,1924,,,미부착,,개방 가능,만료공공저작물,,,O,,,,,만료저작물,
,747,국회전자도서관,論語集註,https://dl.nanet.go.kr/search/searchInnerDetail.do?searchType=INNER_SEARCH&resultType=INNER_SEARCH_DETAIL&searchMehtod=L&searchClass=S&controlNo=OLDP3000000187,1924,,,미부착,,개방 가능,만료공공저작물,,,O,,,,,만료저작물,
,748,국회전자도서관,(龍歌古語箋),https://dl.nanet.go.kr/search/searchInnerDetail.do?searchType=INNER_SEARCH&resultType=INNER_SEARCH_DETAIL&searchMehtod=L&searchClass=S&controlNo=OLDP3000000227,1924,,,미부착,,개방 가능,만료공공저작물,,,O,,,,,만료저작물,
,749,국회전자도서관,"二谷聯集, 冊1-2",https://dl.nanet.go.kr/search/searchInnerDetail.do?searchType=INNER_SEARCH&resultType=INNER_SEARCH_DETAIL&searchMehtod=L&searchClass=S&controlNo=OLDP1199914045,1924,,,미부착,,개방 가능,만료공공저작물,,,O,,,,,만료저작물,
,750,국회전자도서관,"(詳密註釋)史略諺解, 1-2",https://dl.nanet.go.kr/search/searchInnerDetail.do?searchType=INNER_SEARCH&resultType=INNER_SEARCH_DETAIL&searchMehtod=L&searchClass=S&controlNo=OLDP1199918222,1924,,,미부착,,개방 가능,만료공공저작물,,,O,,,,,만료저작물,
,751,국회전자도서관,"(懸吐)彰善感義錄, 全",https://dl.nanet.go.kr/search/searchInnerDetail.do?searchType=INNER_SEARCH&resultType=INNER_SEARCH_DETAIL&searchMehtod=L&searchClass=S&controlNo=OLDP1198040324,1924,,,미부착,,개방 가능,만료공공저작물,,,O,,,,,만료저작물,
,752,국회전자도서관,"朝鮮人物號譜, 乾, 坤",https://dl.nanet.go.kr/search/searchInnerDetail.do?searchType=INNER_SEARCH&resultType=INNER_SEARCH_DETAIL&searchMehtod=L&searchClass=S&controlNo=OLDP1198040681,1924,,,미부착,,개방 가능,만료공공저작물,,,O,,,,,만료저작물,
,753,국회전자도서관,"大方廣圓覺經, 全",https://dl.nanet.go.kr/search/searchInnerDetail.do?searchType=INNER_SEARCH&resultType=INNER_SEARCH_DETAIL&searchMehtod=L&searchClass=S&controlNo=OLDP1000000314,1924,,,미부착,,개방 가능,만료공공저작물,,,O,,,,,만료저작물,
,754,국회전자도서관,"堯山堂記, 全",https://dl.nanet.go.kr/search/searchInnerDetail.do?searchType=INNER_SEARCH&resultType=INNER_SEARCH_DETAIL&searchMehtod=L&searchClass=S&controlNo=OLDP1198040678,1924,,,미부착,,개방 가능,만료공공저작물,,,O,,,,,만료저작물,
,755,국회전자도서관,"朝鮮氏族統譜, 全",https://dl.nanet.go.kr/search/searchInnerDetail.do?searchType=INNER_SEARCH&resultType=INNER_SEARCH_DETAIL&searchMehtod=L&searchClass=S&controlNo=OLDP1198040876,1924,,,미부착,,개방 가능,만료공공저작물,,,O,,,,,만료저작물,
,756,국회전자도서관,世界一流思想家論文集,https://dl.nanet.go.kr/search/searchInnerDetail.do?searchType=INNER_SEARCH&resultType=INNER_SEARCH_DETAIL&searchMehtod=L&searchClass=S&controlNo=OLDP1000000170,1924,,,미부착,,개방 가능,만료공공저작물,,,O,,,,,만료저작물,
,757,국회전자도서관,新約遡源,https://dl.nanet.go.kr/search/searchInnerDetail.do?searchType=INNER_SEARCH&resultType=INNER_SEARCH_DETAIL&searchMehtod=L&searchClass=S&controlNo=OLDP1000000514,1924,,,미부착,,개방 가능,만료공공저작물,,,O,,,,,만료저작물,
,758,국회전자도서관,韓史綮辨(幷)附錄. 全,https://dl.nanet.go.kr/search/searchInnerDetail.do?searchType=INNER_SEARCH&resultType=INNER_SEARCH_DETAIL&searchMehtod=L&searchClass=S&controlNo=OLDP1200500334,1924,,,미부착,,개방 가능,만료공공저작물,,,O,,,,,만료저작물,
,759,국회전자도서관,"朝鮮史略, 上",https://dl.nanet.go.kr/search/searchInnerDetail.do?searchType=INNER_SEARCH&resultType=INNER_SEARCH_DETAIL&searchMehtod=L&searchClass=S&controlNo=OLDP1200500291,1924,,,미부착,,개방 가능,만료공공저작물,,,O,,,,,만료저작물,
,760,국회전자도서관,"晋陽誌, 冊1-3",https://dl.nanet.go.kr/search/searchInnerDetail.do?searchType=INNER_SEARCH&resultType=INNER_SEARCH_DETAIL&searchMehtod=L&searchClass=S&controlNo=OLDP1200421438,1924,,,미부착,,개방 가능,만료공공저작물,,,O,,,,,만료저작물,
,761,국회전자도서관,(校刻)大學中庸章句,https://dl.nanet.go.kr/search/searchInnerDetail.do?searchType=INNER_SEARCH&resultType=INNER_SEARCH_DETAIL&searchMehtod=L&searchClass=S&controlNo=OLDP3000000185,1925,,,미부착,,개방 가능,만료공공저작물,,,O,,,,,만료저작물,
,762,국회전자도서관,"左傳新抄(幷)附錄, 全",https://dl.nanet.go.kr/search/searchInnerDetail.do?searchType=INNER_SEARCH&resultType=INNER_SEARCH_DETAIL&searchMehtod=L&searchClass=S&controlNo=OLDP1198040950,1925,,,미부착,,개방 가능,만료공공저작물,,,O,,,,,만료저작물,
,763,국회전자도서관,大總相,https://dl.nanet.go.kr/search/searchInnerDetail.do?searchType=INNER_SEARCH&resultType=INNER_SEARCH_DETAIL&searchMehtod=L&searchClass=S&controlNo=OLDP1200818946,1925,,,미부착,,개방 가능,만료공공저작물,,,O,,,,,만료저작물,
,764,국회전자도서관,면宇先生文集(及)續集. 冊13-16,https://dl.nanet.go.kr/search/searchInnerDetail.do?searchType=INNER_SEARCH&resultType=INNER_SEARCH_DETAIL&searchMehtod=L&searchClass=S&controlNo=OLDP1201200049,1925,,,미부착,,개방 가능,만료공공저작물,,,O,,,,,만료저작물,
,765,국회전자도서관,"貞山文集, 單",https://dl.nanet.go.kr/search/searchInnerDetail.do?searchType=INNER_SEARCH&resultType=INNER_SEARCH_DETAIL&searchMehtod=L&searchClass=S&controlNo=OLDP1198040382,1925,,,미부착,,개방 가능,만료공공저작물,,,O,,,,,만료저작물,
,766,국회전자도서관,農家指南,https://dl.nanet.go.kr/search/searchInnerDetail.do?searchType=INNER_SEARCH&resultType=INNER_SEARCH_DETAIL&searchMehtod=L&searchClass=S&controlNo=OLDP1198029118,1925,,,미부착,,개방 가능,만료공공저작물,,,O,,,,,만료저작물,
,767,국회전자도서관,"桐巢漫錄(幷)附錄, 上, 下",https://dl.nanet.go.kr/search/searchInnerDetail.do?searchType=INNER_SEARCH&resultType=INNER_SEARCH_DETAIL&searchMehtod=L&searchClass=S&controlNo=OLDP1200500295,1925,,,미부착,,개방 가능,만료공공저작물,,,O,,,,,만료저작물,
,768,국회전자도서관,"朝鮮名臣錄, 冊1-2",https://dl.nanet.go.kr/search/searchInnerDetail.do?searchType=INNER_SEARCH&resultType=INNER_SEARCH_DETAIL&searchMehtod=L&searchClass=S&controlNo=OLDP1198040780,1925,,,미부착,,개방 가능,만료공공저작물,,,O,,,,,만료저작물,
,769,국회전자도서관,"老圃壽宴詩帖, 全",https://dl.nanet.go.kr/search/searchInnerDetail.do?searchType=INNER_SEARCH&resultType=INNER_SEARCH_DETAIL&searchMehtod=L&searchClass=S&controlNo=OLDP1198040317,1925,,,미부착,,개방 가능,만료공공저작물,,,O,,,,,만료저작물,
,770,국회전자도서관,朝鮮裁縫全書,https://dl.nanet.go.kr/search/searchInnerDetail.do?searchType=INNER_SEARCH&resultType=INNER_SEARCH_DETAIL&searchMehtod=L&searchClass=S&controlNo=OLDP1198029125,1925,,,미부착,,개방 가능,만료공공저작물,,,O,,,,,만료저작물,
,771,국회전자도서관,"(新編)日本口語法及文法敎科書, 全",https://dl.nanet.go.kr/search/searchInnerDetail.do?searchType=INNER_SEARCH&resultType=INNER_SEARCH_DETAIL&searchMehtod=L&searchClass=S&controlNo=OLDP1000000693,1925,,,미부착,,개방 가능,만료공공저작물,,,O,,,,,만료저작물,
,772,국회전자도서관,"韶濩堂全集(及)續, 冊3-7",https://dl.nanet.go.kr/search/searchInnerDetail.do?searchType=INNER_SEARCH&resultType=INNER_SEARCH_DETAIL&searchMehtod=L&searchClass=S&controlNo=OLDP3198028104,1925,,,미부착,,개방 가능,만료공공저작물,,,O,,,,,만료저작물,
,773,국회전자도서관,(懸吐)孫武子直解,https://dl.nanet.go.kr/search/searchInnerDetail.do?searchType=INNER_SEARCH&resultType=INNER_SEARCH_DETAIL&searchMehtod=L&searchClass=S&controlNo=OLDP1000000342,1925,,,미부착,,개방 가능,만료공공저작물,,,O,,,,,만료저작물,
,774,국회전자도서관,면宇先生文集(及)續集. 冊35-38,https://dl.nanet.go.kr/search/searchInnerDetail.do?searchType=INNER_SEARCH&resultType=INNER_SEARCH_DETAIL&searchMehtod=L&searchClass=S&controlNo=OLDP1198022365,1925,,,미부착,,개방 가능,만료공공저작물,,,O,,,,,만료저작물,
,775,국회전자도서관,면宇先生文集(及)續集. 冊1-4,https://dl.nanet.go.kr/search/searchInnerDetail.do?searchType=INNER_SEARCH&resultType=INNER_SEARCH_DETAIL&searchMehtod=L&searchClass=S&controlNo=OLDP1198022364,1925,,,미부착,,개방 가능,만료공공저작물,,,O,,,,,만료저작물,
,776,국회전자도서관,면宇先生文集(及)續集. 冊55-59,https://dl.nanet.go.kr/search/searchInnerDetail.do?searchType=INNER_SEARCH&resultType=INNER_SEARCH_DETAIL&searchMehtod=L&searchClass=S&controlNo=OLDP1201200059,1925,,,미부착,,개방 가능,만료공공저작물,,,O,,,,,만료저작물,
,777,국회전자도서관,면宇先生文集(及)續集. 冊50-54,https://dl.nanet.go.kr/search/searchInnerDetail.do?searchType=INNER_SEARCH&resultType=INNER_SEARCH_DETAIL&searchMehtod=L&searchClass=S&controlNo=OLDP1201200058,1925,,,미부착,,개방 가능,만료공공저작물,,,O,,,,,만료저작물,
,778,국회전자도서관,면宇先生文集(及)續集. 冊33-34,https://dl.nanet.go.kr/search/searchInnerDetail.do?searchType=INNER_SEARCH&resultType=INNER_SEARCH_DETAIL&searchMehtod=L&searchClass=S&controlNo=OLDP1201200054,1925,,,미부착,,개방 가능,만료공공저작물,,,O,,,,,만료저작물,
,779,국회전자도서관,면宇先生文集(及)續集. 冊17-20,https://dl.nanet.go.kr/search/searchInnerDetail.do?searchType=INNER_SEARCH&resultType=INNER_SEARCH_DETAIL&searchMehtod=L&searchClass=S&controlNo=OLDP1201200050,1925,,,미부착,,개방 가능,만료공공저작물,,,O,,,,,만료저작물,
,780,국회전자도서관,면宇先生文集(及)續集. 冊39-42,https://dl.nanet.go.kr/search/searchInnerDetail.do?searchType=INNER_SEARCH&resultType=INNER_SEARCH_DETAIL&searchMehtod=L&searchClass=S&controlNo=OLDP1201200055,1925,,,미부착,,개방 가능,만료공공저작물,,,O,,,,,만료저작물,
,781,국회전자도서관,면宇先生文集(及)續集. 冊29-32,https://dl.nanet.go.kr/search/searchInnerDetail.do?searchType=INNER_SEARCH&resultType=INNER_SEARCH_DETAIL&searchMehtod=L&searchClass=S&controlNo=OLDP1201200053,1925,,,미부착,,개방 가능,만료공공저작물,,,O,,,,,만료저작물,
,782,국회전자도서관,면宇先生文集(及)續集. 冊25-28,https://dl.nanet.go.kr/search/searchInnerDetail.do?searchType=INNER_SEARCH&resultType=INNER_SEARCH_DETAIL&searchMehtod=L&searchClass=S&controlNo=OLDP1201200052,1925,,,미부착,,개방 가능,만료공공저작물,,,O,,,,,만료저작물,
,783,국회전자도서관,면宇先生文集(及)續集. 冊9-12,https://dl.nanet.go.kr/search/searchInnerDetail.do?searchType=INNER_SEARCH&resultType=INNER_SEARCH_DETAIL&searchMehtod=L&searchClass=S&controlNo=OLDP1201200048,1925,,,미부착,,개방 가능,만료공공저작물,,,O,,,,,만료저작물,
,784,국회전자도서관,면宇先生文集(及)續集. 冊5-8,https://dl.nanet.go.kr/search/searchInnerDetail.do?searchType=INNER_SEARCH&resultType=INNER_SEARCH_DETAIL&searchMehtod=L&searchClass=S&controlNo=OLDP1201200047,1925,,,미부착,,개방 가능,만료공공저작물,,,O,,,,,만료저작물,
,785,국회전자도서관,면宇先生文集(及)續集. 冊43-45,https://dl.nanet.go.kr/search/searchInnerDetail.do?searchType=INNER_SEARCH&resultType=INNER_SEARCH_DETAIL&searchMehtod=L&searchClass=S&controlNo=OLDP1201200056,1925,,,미부착,,개방 가능,만료공공저작물,,,O,,,,,만료저작물,
,786,국회전자도서관,면宇先生文集(及)續集. 冊60-63,https://dl.nanet.go.kr/search/searchInnerDetail.do?searchType=INNER_SEARCH&resultType=INNER_SEARCH_DETAIL&searchMehtod=L&searchClass=S&controlNo=OLDP1201200060,1925,,,미부착,,개방 가능,만료공공저작물,,,O,,,,,만료저작물,
,787,국회전자도서관,면宇先生文集(及)續集. 冊46-49,https://dl.nanet.go.kr/search/searchInnerDetail.do?searchType=INNER_SEARCH&resultType=INNER_SEARCH_DETAIL&searchMehtod=L&searchClass=S&controlNo=OLDP1201200057,1925,,,미부착,,개방 가능,만료공공저작물,,,O,,,,,만료저작물,
,788,국회전자도서관,면宇先生文集(及)續集. 冊21-24,https://dl.nanet.go.kr/search/searchInnerDetail.do?searchType=INNER_SEARCH&resultType=INNER_SEARCH_DETAIL&searchMehtod=L&searchClass=S&controlNo=OLDP1201200051,1925,,,미부착,,개방 가능,만료공공저작물,,,O,,,,,만료저작물,
,789,국회전자도서관,變態藝術史,https://dl.nanet.go.kr/search/searchInnerDetail.do?searchType=INNER_SEARCH&resultType=INNER_SEARCH_DETAIL&searchMehtod=L&searchClass=S&controlNo=OLDP3198028066,1926,,,미부착,,개방 가능,만료공공저작물,,,O,,,,,만료저작물,
,790,국회전자도서관,"變態作家史, 全",https://dl.nanet.go.kr/search/searchInnerDetail.do?searchType=INNER_SEARCH&resultType=INNER_SEARCH_DETAIL&searchMehtod=L&searchClass=S&controlNo=OLDP1198040763,1926,,,미부착,,개방 가능,만료공공저작물,,,O,,,,,만료저작물,
,791,국회전자도서관,(海東歷代)名家筆譜. 1-6,https://dl.nanet.go.kr/search/searchInnerDetail.do?searchType=INNER_SEARCH&resultType=INNER_SEARCH_DETAIL&searchMehtod=L&searchClass=S&controlNo=OLDP12021000000069,1926,,,미부착,,개방 가능,만료공공저작물,,,O,,,,,만료저작물,
,792,국회전자도서관,抆血錄,https://dl.nanet.go.kr/search/searchInnerDetail.do?searchType=INNER_SEARCH&resultType=INNER_SEARCH_DETAIL&searchMehtod=L&searchClass=S&controlNo=OLDP1000000020,1926,,,미부착,,개방 가능,만료공공저작물,,,O,,,,,만료저작물,
,793,국회전자도서관,艮齋私稿(及)續. 冊1-5,https://dl.nanet.go.kr/search/searchInnerDetail.do?searchType=INNER_SEARCH&resultType=INNER_SEARCH_DETAIL&searchMehtod=L&searchClass=S&controlNo=OLDP1198040091,1926,,,미부착,,개방 가능,만료공공저작물,,,O,,,,,만료저작물,
,794,국회전자도서관,"(海東歷代)名家筆譜, 冊1-6",https://dl.nanet.go.kr/search/searchInnerDetail.do?searchType=INNER_SEARCH&resultType=INNER_SEARCH_DETAIL&searchMehtod=L&searchClass=S&controlNo=OLDP1198021052,1926,,,미부착,,개방 가능,만료공공저작물,,,O,,,,,만료저작물,
,795,국회전자도서관,"용齋集(幷)附錄, 全",https://dl.nanet.go.kr/search/searchInnerDetail.do?searchType=INNER_SEARCH&resultType=INNER_SEARCH_DETAIL&searchMehtod=L&searchClass=S&controlNo=OLDP1198040044,1926,,,미부착,,개방 가능,만료공공저작물,,,O,,,,,만료저작물,
,796,국회전자도서관,"決訟場補, 冊1-5",https://dl.nanet.go.kr/search/searchInnerDetail.do?searchType=INNER_SEARCH&resultType=INNER_SEARCH_DETAIL&searchMehtod=L&searchClass=S&controlNo=OLDP1000000557,1926,,,미부착,,개방 가능,만료공공저작물,,,O,,,,,만료저작물,
,797,국회전자도서관,"四千年文獻通考, 全",https://dl.nanet.go.kr/search/searchInnerDetail.do?searchType=INNER_SEARCH&resultType=INNER_SEARCH_DETAIL&searchMehtod=L&searchClass=S&controlNo=OLDP1198042195,1926,,,미부착,,개방 가능,만료공공저작물,,,O,,,,,만료저작물,
,798,국회전자도서관,The new Korea,https://dl.nanet.go.kr/search/searchInnerDetail.do?searchType=INNER_SEARCH&resultType=INNER_SEARCH_DETAIL&searchMehtod=L&searchClass=S&controlNo=OLDP2196002535,1926,,,미부착,,개방 가능,만료공공저작물,,,O,,,,,만료저작물,
,799,국회전자도서관,성경팔리,https://dl.nanet.go.kr/search/searchInnerDetail.do?searchType=INNER_SEARCH&resultType=INNER_SEARCH_DETAIL&searchMehtod=L&searchClass=S&controlNo=OLDP1000000416,1926,,,미부착,,개방 가능,만료공공저작물,,,O,,,,,만료저작물,
,800,국회전자도서관,"긔사일긔, 全",https://dl.nanet.go.kr/search/searchInnerDetail.do?searchType=INNER_SEARCH&resultType=INNER_SEARCH_DETAIL&searchMehtod=L&searchClass=S&controlNo=OLDP1200500364,1926,,,미부착,,개방 가능,만료공공저작물,,,O,,,,,만료저작물,
,801,국회전자도서관,艮齋私稿(及)續. 冊6-10,https://dl.nanet.go.kr/search/searchInnerDetail.do?searchType=INNER_SEARCH&resultType=INNER_SEARCH_DETAIL&searchMehtod=L&searchClass=S&controlNo=OLDP1201200198,1926,,,미부착,,개방 가능,만료공공저작물,,,O,,,,,만료저작물,
,802,국회전자도서관,艮齋私稿(及)續. 冊12-16,https://dl.nanet.go.kr/search/searchInnerDetail.do?searchType=INNER_SEARCH&resultType=INNER_SEARCH_DETAIL&searchMehtod=L&searchClass=S&controlNo=OLDP1201200199,1926,,,미부착,,개방 가능,만료공공저작물,,,O,,,,,만료저작물,
,803,국회전자도서관,艮齋私稿(及)續. 冊21-25,https://dl.nanet.go.kr/search/searchInnerDetail.do?searchType=INNER_SEARCH&resultType=INNER_SEARCH_DETAIL&searchMehtod=L&searchClass=S&controlNo=OLDP1201200201,1926,,,미부착,,개방 가능,만료공공저작물,,,O,,,,,만료저작물,
,804,국회전자도서관,艮齋私稿(及)續. 冊29-30,https://dl.nanet.go.kr/search/searchInnerDetail.do?searchType=INNER_SEARCH&resultType=INNER_SEARCH_DETAIL&searchMehtod=L&searchClass=S&controlNo=OLDP1201200203,1926,,,미부착,,개방 가능,만료공공저작물,,,O,,,,,만료저작물,
,805,국회전자도서관,艮齋私稿(及)續. 冊26-28,https://dl.nanet.go.kr/search/searchInnerDetail.do?searchType=INNER_SEARCH&resultType=INNER_SEARCH_DETAIL&searchMehtod=L&searchClass=S&controlNo=OLDP1201200202,1926,,,미부착,,개방 가능,만료공공저작물,,,O,,,,,만료저작물,
,806,국회전자도서관,艮齋私稿(及)續. 冊17-20,https://dl.nanet.go.kr/search/searchInnerDetail.do?searchType=INNER_SEARCH&resultType=INNER_SEARCH_DETAIL&searchMehtod=L&searchClass=S&controlNo=OLDP1201200200,1926,,,미부착,,개방 가능,만료공공저작물,,,O,,,,,만료저작물,
,807,국회전자도서관,變態遊里史,https://dl.nanet.go.kr/search/searchInnerDetail.do?searchType=INNER_SEARCH&resultType=INNER_SEARCH_DETAIL&searchMehtod=L&searchClass=S&controlNo=OLDP3000000138,1927,,,미부착,,개방 가능,만료공공저작물,,,O,,,,,만료저작물,
,808,국회전자도서관,(報知敗退)爭覇名碁戰,https://dl.nanet.go.kr/search/searchInnerDetail.do?searchType=INNER_SEARCH&resultType=INNER_SEARCH_DETAIL&searchMehtod=L&searchClass=S&controlNo=OLDP3198024718,1927,,,미부착,,개방 가능,만료공공저작물,,,O,,,,,만료저작물,
,809,국회전자도서관,尺牘大方,https://dl.nanet.go.kr/search/searchInnerDetail.do?searchType=INNER_SEARCH&resultType=INNER_SEARCH_DETAIL&searchMehtod=L&searchClass=S&controlNo=OLDP1199918068,1927,,,미부착,,개방 가능,만료공공저작물,,,O,,,,,만료저작물,
,810,국회전자도서관,"東南小史. 上, 下",https://dl.nanet.go.kr/search/searchInnerDetail.do?searchType=INNER_SEARCH&resultType=INNER_SEARCH_DETAIL&searchMehtod=L&searchClass=S&controlNo=OLDP12021000000034,1927,,,미부착,,개방 가능,만료공공저작물,,,O,,,,,만료저작물,
,811,국회전자도서관,"立巖集(及)補遺, 春, 夏, 秋, 冬",https://dl.nanet.go.kr/search/searchInnerDetail.do?searchType=INNER_SEARCH&resultType=INNER_SEARCH_DETAIL&searchMehtod=L&searchClass=S&controlNo=OLDP1198022414,1927,,,미부착,,개방 가능,만료공공저작물,,,O,,,,,만료저작물,
,812,국회전자도서관,潁水全集. 冊1-5,https://dl.nanet.go.kr/search/searchInnerDetail.do?searchType=INNER_SEARCH&resultType=INNER_SEARCH_DETAIL&searchMehtod=L&searchClass=S&controlNo=OLDP1198022476,1927,,,미부착,,개방 가능,만료공공저작물,,,O,,,,,만료저작물,
,813,국회전자도서관,"桐巢先生遺稿(幷)附錄, 冊1-4",https://dl.nanet.go.kr/search/searchInnerDetail.do?searchType=INNER_SEARCH&resultType=INNER_SEARCH_DETAIL&searchMehtod=L&searchClass=S&controlNo=OLDP1198029208,1927,,,미부착,,개방 가능,만료공공저작물,,,O,,,,,만료저작물,
,814,국회전자도서관,初學必知,https://dl.nanet.go.kr/search/searchInnerDetail.do?searchType=INNER_SEARCH&resultType=INNER_SEARCH_DETAIL&searchMehtod=L&searchClass=S&controlNo=OLDP1000000201,1927,,,미부착,,개방 가능,만료공공저작물,,,O,,,,,만료저작물,
,815,국회전자도서관,大溪先生文集(及)續. 冊1-7,https://dl.nanet.go.kr/search/searchInnerDetail.do?searchType=INNER_SEARCH&resultType=INNER_SEARCH_DETAIL&searchMehtod=L&searchClass=S&controlNo=OLDP1198040050,1927,,,미부착,,개방 가능,만료공공저작물,,,O,,,,,만료저작물,
,816,국회전자도서관,"列聖御眞(幷)御製, 全",https://dl.nanet.go.kr/search/searchInnerDetail.do?searchType=INNER_SEARCH&resultType=INNER_SEARCH_DETAIL&searchMehtod=L&searchClass=S&controlNo=OLDP1198040390,1927,,,미부착,,개방 가능,만료공공저작물,,,O,,,,,만료저작물,
,817,국회전자도서관,"難齋遺稿, 冊1-2",https://dl.nanet.go.kr/search/searchInnerDetail.do?searchType=INNER_SEARCH&resultType=INNER_SEARCH_DETAIL&searchMehtod=L&searchClass=S&controlNo=OLDP1198029881,1927,,,미부착,,개방 가능,만료공공저작물,,,O,,,,,만료저작물,
,818,국회전자도서관,"東國名賢言行錄, 全",https://dl.nanet.go.kr/search/searchInnerDetail.do?searchType=INNER_SEARCH&resultType=INNER_SEARCH_DETAIL&searchMehtod=L&searchClass=S&controlNo=OLDP1198040772,1927,,,미부착,,개방 가능,만료공공저작물,,,O,,,,,만료저작물,
,819,국회전자도서관,"朝鮮太祖高皇帝實紀, 全",https://dl.nanet.go.kr/search/searchInnerDetail.do?searchType=INNER_SEARCH&resultType=INNER_SEARCH_DETAIL&searchMehtod=L&searchClass=S&controlNo=OLDP1198040769,1927,,,미부착,,개방 가능,만료공공저작물,,,O,,,,,만료저작물,
,820,국회전자도서관,"玄洲集, 冊1-5",https://dl.nanet.go.kr/search/searchInnerDetail.do?searchType=INNER_SEARCH&resultType=INNER_SEARCH_DETAIL&searchMehtod=L&searchClass=S&controlNo=OLDP1198040141,1927,,,미부착,,개방 가능,만료공공저작물,,,O,,,,,만료저작물,
,821,국회전자도서관,"靈巖朴氏派譜, 冊1-4",https://dl.nanet.go.kr/search/searchInnerDetail.do?searchType=INNER_SEARCH&resultType=INNER_SEARCH_DETAIL&searchMehtod=L&searchClass=S&controlNo=OLDP1200500329,1927,,,미부착,,개방 가능,만료공공저작물,,,O,,,,,만료저작물,
,822,국회전자도서관,朝鮮女俗考,https://dl.nanet.go.kr/search/searchInnerDetail.do?searchType=INNER_SEARCH&resultType=INNER_SEARCH_DETAIL&searchMehtod=L&searchClass=S&controlNo=OLDP1000000421,1927,,,미부착,,개방 가능,만료공공저작물,,,O,,,,,만료저작물,
,823,국회전자도서관,"東國名賢遺墨, 冊3",https://dl.nanet.go.kr/search/searchInnerDetail.do?searchType=INNER_SEARCH&resultType=INNER_SEARCH_DETAIL&searchMehtod=L&searchClass=S&controlNo=OLDP1198022352,1927,,,미부착,,개방 가능,만료공공저작물,,,O,,,,,만료저작물,
,824,국회전자도서관,佛說天地八陽神呪經,https://dl.nanet.go.kr/search/searchInnerDetail.do?searchType=INNER_SEARCH&resultType=INNER_SEARCH_DETAIL&searchMehtod=L&searchClass=S&controlNo=OLDP1000000543,1927,,,미부착,,개방 가능,만료공공저작물,,,O,,,,,만료저작물,
,825,국회전자도서관,大溪先生文集(及)續. 冊8-15,https://dl.nanet.go.kr/search/searchInnerDetail.do?searchType=INNER_SEARCH&resultType=INNER_SEARCH_DETAIL&searchMehtod=L&searchClass=S&controlNo=OLDP1201200159,1927,,,미부착,,개방 가능,만료공공저작물,,,O,,,,,만료저작물,
,826,국회전자도서관,潁水全集. 冊6-10,https://dl.nanet.go.kr/search/searchInnerDetail.do?searchType=INNER_SEARCH&resultType=INNER_SEARCH_DETAIL&searchMehtod=L&searchClass=S&controlNo=OLDP1201200126,1927,,,미부착,,개방 가능,만료공공저작물,,,O,,,,,만료저작물,
,827,국회전자도서관,潁水全集. 冊11-14,https://dl.nanet.go.kr/search/searchInnerDetail.do?searchType=INNER_SEARCH&resultType=INNER_SEARCH_DETAIL&searchMehtod=L&searchClass=S&controlNo=OLDP1201200127,1927,,,미부착,,개방 가능,만료공공저작물,,,O,,,,,만료저작물,
,828,국회전자도서관,潁水全集. 冊15-17,https://dl.nanet.go.kr/search/searchInnerDetail.do?searchType=INNER_SEARCH&resultType=INNER_SEARCH_DETAIL&searchMehtod=L&searchClass=S&controlNo=OLDP1201200128,1927,,,미부착,,개방 가능,만료공공저작물,,,O,,,,,만료저작물,
,829,국회전자도서관,大溪先生文集(及)續. 冊16-20,https://dl.nanet.go.kr/search/searchInnerDetail.do?searchType=INNER_SEARCH&resultType=INNER_SEARCH_DETAIL&searchMehtod=L&searchClass=S&controlNo=OLDP1201200160,1927,,,미부착,,개방 가능,만료공공저작물,,,O,,,,,만료저작물,
,830,국회전자도서관,補註孟子集註,https://dl.nanet.go.kr/search/searchInnerDetail.do?searchType=INNER_SEARCH&resultType=INNER_SEARCH_DETAIL&searchMehtod=L&searchClass=S&controlNo=OLDP1199918206,1928,,,미부착,,개방 가능,만료공공저작물,,,O,,,,,만료저작물,
,831,국회전자도서관,"楹聯墨蹟大觀, 冊6-10",https://dl.nanet.go.kr/search/searchInnerDetail.do?searchType=INNER_SEARCH&resultType=INNER_SEARCH_DETAIL&searchMehtod=L&searchClass=S&controlNo=OLDP3198024700,1928,,,미부착,,개방 가능,만료공공저작물,,,O,,,,,만료저작물,
,832,국회전자도서관,論畵輯要,https://dl.nanet.go.kr/search/searchInnerDetail.do?searchType=INNER_SEARCH&resultType=INNER_SEARCH_DETAIL&searchMehtod=L&searchClass=S&controlNo=OLDP3198024719,1928,,,미부착,,개방 가능,만료공공저작물,,,O,,,,,만료저작물,
,833,국회전자도서관,半草最新簡牘,https://dl.nanet.go.kr/search/searchInnerDetail.do?searchType=INNER_SEARCH&resultType=INNER_SEARCH_DETAIL&searchMehtod=L&searchClass=S&controlNo=OLDP1199914067,1928,,,미부착,,개방 가능,만료공공저작물,,,O,,,,,만료저작물,
,834,국회전자도서관,"慶州金冠塚と其遺寶, 圖版下冊",https://dl.nanet.go.kr/search/searchInnerDetail.do?searchType=INNER_SEARCH&resultType=INNER_SEARCH_DETAIL&searchMehtod=L&searchClass=S&controlNo=OLDP3200303622,1928,,,미부착,,개방 가능,만료공공저작물,,,O,,,,,만료저작물,
,835,국회전자도서관,庚戌辨誣錄. 全,https://dl.nanet.go.kr/search/searchInnerDetail.do?searchType=INNER_SEARCH&resultType=INNER_SEARCH_DETAIL&searchMehtod=L&searchClass=S&controlNo=OLDP12021000000032,1928,,,미부착,,개방 가능,만료공공저작물,,,O,,,,,만료저작물,
,836,국회전자도서관,寒洲先生文集(及)附錄. 卷1-22,https://dl.nanet.go.kr/search/searchInnerDetail.do?searchType=INNER_SEARCH&resultType=INNER_SEARCH_DETAIL&searchMehtod=L&searchClass=S&controlNo=OLDP1198040013,1928,,,미부착,,개방 가능,만료공공저작물,,,O,,,,,만료저작물,
,837,국회전자도서관,"正辨我我錄, 全",https://dl.nanet.go.kr/search/searchInnerDetail.do?searchType=INNER_SEARCH&resultType=INNER_SEARCH_DETAIL&searchMehtod=L&searchClass=S&controlNo=OLDP1200500293,1928,,,미부착,,개방 가능,만료공공저작물,,,O,,,,,만료저작물,
,838,국회전자도서관,"愚軒先生文集, 冊1-3",https://dl.nanet.go.kr/search/searchInnerDetail.do?searchType=INNER_SEARCH&resultType=INNER_SEARCH_DETAIL&searchMehtod=L&searchClass=S&controlNo=OLDP1198040152,1928,,,미부착,,개방 가능,만료공공저작물,,,O,,,,,만료저작물,
,839,국회전자도서관,"遠慮堂行錄, 全",https://dl.nanet.go.kr/search/searchInnerDetail.do?searchType=INNER_SEARCH&resultType=INNER_SEARCH_DETAIL&searchMehtod=L&searchClass=S&controlNo=OLDP1198040787,1928,,,미부착,,개방 가능,만료공공저작물,,,O,,,,,만료저작물,
,840,국회전자도서관,"于堂文초, 上, 下",https://dl.nanet.go.kr/search/searchInnerDetail.do?searchType=INNER_SEARCH&resultType=INNER_SEARCH_DETAIL&searchMehtod=L&searchClass=S&controlNo=OLDP1198029891,1928,,,미부착,,개방 가능,만료공공저작물,,,O,,,,,만료저작물,
,841,국회전자도서관,"谷口園記, 仁, 義, 禮, 智, 信",https://dl.nanet.go.kr/search/searchInnerDetail.do?searchType=INNER_SEARCH&resultType=INNER_SEARCH_DETAIL&searchMehtod=L&searchClass=S&controlNo=OLDP1198040107,1928,,,미부착,,개방 가능,만료공공저작물,,,O,,,,,만료저작물,
,842,국회전자도서관,"女子高等朝鮮語讀本, 冊2",https://dl.nanet.go.kr/search/searchInnerDetail.do?searchType=INNER_SEARCH&resultType=INNER_SEARCH_DETAIL&searchMehtod=L&searchClass=S&controlNo=OLDP1000000375,1928,,,미부착,,개방 가능,만료공공저작물,,,O,,,,,만료저작물,
,843,국회전자도서관,(現今)朝鮮文典,https://dl.nanet.go.kr/search/searchInnerDetail.do?searchType=INNER_SEARCH&resultType=INNER_SEARCH_DETAIL&searchMehtod=L&searchClass=S&controlNo=OLDP1000000372,1928,,,미부착,,개방 가능,만료공공저작물,,,O,,,,,만료저작물,
,844,국회전자도서관,寒洲先生文集(及)附錄. 卷23-41,https://dl.nanet.go.kr/search/searchInnerDetail.do?searchType=INNER_SEARCH&resultType=INNER_SEARCH_DETAIL&searchMehtod=L&searchClass=S&controlNo=OLDP1201500002,1928,,,미부착,,개방 가능,만료공공저작물,,,O,,,,,만료저작물,
,845,국회전자도서관,"于堂文초, 上, 下",https://dl.nanet.go.kr/search/searchInnerDetail.do?searchType=INNER_SEARCH&resultType=INNER_SEARCH_DETAIL&searchMehtod=L&searchClass=S&controlNo=OLDP1198029891,1928,,,미부착,,개방 가능,만료공공저작물,,,O,,,,,만료저작물,
,846,국회전자도서관,"谷口園記, 仁, 義, 禮, 智, 信",https://dl.nanet.go.kr/search/searchInnerDetail.do?searchType=INNER_SEARCH&resultType=INNER_SEARCH_DETAIL&searchMehtod=L&searchClass=S&controlNo=OLDP1198040107,1928,,,미부착,,개방 가능,만료공공저작물,,,O,,,,,만료저작물,
,847,국회전자도서관,"女子高等朝鮮語讀本, 冊2",https://dl.nanet.go.kr/search/searchInnerDetail.do?searchType=INNER_SEARCH&resultType=INNER_SEARCH_DETAIL&searchMehtod=L&searchClass=S&controlNo=OLDP1000000375,1928,,,미부착,,개방 가능,만료공공저작물,,,O,,,,,만료저작물,
,848,국회전자도서관,(現今)朝鮮文典,https://dl.nanet.go.kr/search/searchInnerDetail.do?searchType=INNER_SEARCH&resultType=INNER_SEARCH_DETAIL&searchMehtod=L&searchClass=S&controlNo=OLDP1000000372,1928,,,미부착,,개방 가능,만료공공저작물,,,O,,,,,만료저작물,
,849,국회전자도서관,寒洲先生文集(及)附錄. 卷23-41,https://dl.nanet.go.kr/search/searchInnerDetail.do?searchType=INNER_SEARCH&resultType=INNER_SEARCH_DETAIL&searchMehtod=L&searchClass=S&controlNo=OLDP1201500002,1928,,,미부착,,개방 가능,만료공공저작물,,,O,,,,,만료저작물,
,850,국회전자도서관,"(音註)杜少陵詩, 冊2",https://dl.nanet.go.kr/search/searchInnerDetail.do?searchType=INNER_SEARCH&resultType=INNER_SEARCH_DETAIL&searchMehtod=L&searchClass=S&controlNo=OLDP1198040450,1929,,,미부착,,개방 가능,만료공공저작물,,,O,,,,,만료저작물,
,851,국회전자도서관,日本性的風俗辭典,https://dl.nanet.go.kr/search/searchInnerDetail.do?searchType=INNER_SEARCH&resultType=INNER_SEARCH_DETAIL&searchMehtod=L&searchClass=S&controlNo=OLDP3000000144,1929,,,미부착,,개방 가능,만료공공저작물,,,O,,,,,만료저작물,
,852,국회전자도서관,朝鮮의 弓術,https://dl.nanet.go.kr/search/searchInnerDetail.do?searchType=INNER_SEARCH&resultType=INNER_SEARCH_DETAIL&searchMehtod=L&searchClass=S&controlNo=OLDP1199914063,1929,,,미부착,,개방 가능,만료공공저작물,,,O,,,,,만료저작물,
,853,국회전자도서관,漢文敎授捷徑,https://dl.nanet.go.kr/search/searchInnerDetail.do?searchType=INNER_SEARCH&resultType=INNER_SEARCH_DETAIL&searchMehtod=L&searchClass=S&controlNo=OLDP1199914012,1929,,,미부착,,개방 가능,만료공공저작물,,,O,,,,,만료저작물,
,854,국회전자도서관,"唐宋元明名畵大觀, 冊1-2",https://dl.nanet.go.kr/search/searchInnerDetail.do?searchType=INNER_SEARCH&resultType=INNER_SEARCH_DETAIL&searchMehtod=L&searchClass=S&controlNo=OLDP3198028069,1929,,,미부착,,개방 가능,만료공공저작물,,,O,,,,,만료저작물,
,855,국회전자도서관,"東亞地質圖, 全",https://dl.nanet.go.kr/search/searchInnerDetail.do?searchType=INNER_SEARCH&resultType=INNER_SEARCH_DETAIL&searchMehtod=L&searchClass=S&controlNo=OLDP3198024886,1929,,,미부착,,개방 가능,만료공공저작물,,,O,,,,,만료저작물,
,856,국회전자도서관,雁のおとつれ,https://dl.nanet.go.kr/search/searchInnerDetail.do?searchType=INNER_SEARCH&resultType=INNER_SEARCH_DETAIL&searchMehtod=L&searchClass=S&controlNo=OLDP1199918069,1929,,,미부착,,개방 가능,만료공공저작물,,,O,,,,,만료저작물,
,857,국회전자도서관,左傳新鈔,https://dl.nanet.go.kr/search/searchInnerDetail.do?searchType=INNER_SEARCH&resultType=INNER_SEARCH_DETAIL&searchMehtod=L&searchClass=S&controlNo=OLDP1199918212,1929,,,미부착,,개방 가능,만료공공저작물,,,O,,,,,만료저작물,
,858,국회전자도서관,四佳集. 冊6-7,https://dl.nanet.go.kr/search/searchInnerDetail.do?searchType=INNER_SEARCH&resultType=INNER_SEARCH_DETAIL&searchMehtod=L&searchClass=S&controlNo=OLDP1201200125,1929,,,미부착,,개방 가능,만료공공저작물,,,O,,,,,만료저작물,
,859,국회전자도서관,"竹川先生文集, 冊1-4",https://dl.nanet.go.kr/search/searchInnerDetail.do?searchType=INNER_SEARCH&resultType=INNER_SEARCH_DETAIL&searchMehtod=L&searchClass=S&controlNo=OLDP1198022420,1929,,,미부착,,개방 가능,만료공공저작물,,,O,,,,,만료저작물,
,860,국회전자도서관,"植齋集, 冊1-3",https://dl.nanet.go.kr/search/searchInnerDetail.do?searchType=INNER_SEARCH&resultType=INNER_SEARCH_DETAIL&searchMehtod=L&searchClass=S&controlNo=OLDP1198022395,1929,,,미부착,,개방 가능,만료공공저작물,,,O,,,,,만료저작물,
,861,국회전자도서관,"寅齋先生文集, 冊1-2",https://dl.nanet.go.kr/search/searchInnerDetail.do?searchType=INNER_SEARCH&resultType=INNER_SEARCH_DETAIL&searchMehtod=L&searchClass=S&controlNo=OLDP1198028957,1929,,,미부착,,개방 가능,만료공공저작물,,,O,,,,,만료저작물,
,862,국회전자도서관,金石韻府,https://dl.nanet.go.kr/search/searchInnerDetail.do?searchType=INNER_SEARCH&resultType=INNER_SEARCH_DETAIL&searchMehtod=L&searchClass=S&controlNo=OLDP1198021042,1929,,,미부착,,개방 가능,만료공공저작물,,,O,,,,,만료저작물,
,863,국회전자도서관,디장보살본원경,https://dl.nanet.go.kr/search/searchInnerDetail.do?searchType=INNER_SEARCH&resultType=INNER_SEARCH_DETAIL&searchMehtod=L&searchClass=S&controlNo=OLDP1000000302,1929,,,미부착,,개방 가능,만료공공저작물,,,O,,,,,만료저작물,
,864,국회전자도서관,"大東史綱, 乾, 坤",https://dl.nanet.go.kr/search/searchInnerDetail.do?searchType=INNER_SEARCH&resultType=INNER_SEARCH_DETAIL&searchMehtod=L&searchClass=S&controlNo=OLDP1200500328,1929,,,미부착,,개방 가능,만료공공저작물,,,O,,,,,만료저작물,
,865,국회전자도서관,四佳集. 冊1-5,https://dl.nanet.go.kr/search/searchInnerDetail.do?searchType=INNER_SEARCH&resultType=INNER_SEARCH_DETAIL&searchMehtod=L&searchClass=S&controlNo=OLDP1198022472,1929,,,미부착,,개방 가능,만료공공저작물,,,O,,,,,만료저작물,
,866,국회전자도서관,"병山先生文集. 乾, 坤",https://dl.nanet.go.kr/search/searchInnerDetail.do?searchType=INNER_SEARCH&resultType=INNER_SEARCH_DETAIL&searchMehtod=L&searchClass=S&controlNo=OLDP1198029160,1929,,,미부착,,개방 가능,만료공공저작물,,,O,,,,,만료저작물,
,867,국회전자도서관,"一軒遺稿(幷)續, 冊1-2",https://dl.nanet.go.kr/search/searchInnerDetail.do?searchType=INNER_SEARCH&resultType=INNER_SEARCH_DETAIL&searchMehtod=L&searchClass=S&controlNo=OLDP1198029140,1929,,,미부착,,개방 가능,만료공공저작물,,,O,,,,,만료저작물,
,868,국회전자도서관,"平巖遺稿, 全",https://dl.nanet.go.kr/search/searchInnerDetail.do?searchType=INNER_SEARCH&resultType=INNER_SEARCH_DETAIL&searchMehtod=L&searchClass=S&controlNo=OLDP1198040171,1929,,,미부착,,개방 가능,만료공공저작물,,,O,,,,,만료저작물,
,869,국회전자도서관,"星湖僿說類選, 冊1-5",https://dl.nanet.go.kr/search/searchInnerDetail.do?searchType=INNER_SEARCH&resultType=INNER_SEARCH_DETAIL&searchMehtod=L&searchClass=S&controlNo=OLDP1000000157,1929,,,미부착,,개방 가능,만료공공저작물,,,O,,,,,만료저작물,
,870,국회전자도서관,"香艸印譜, 冊1-2",https://dl.nanet.go.kr/search/searchInnerDetail.do?searchType=INNER_SEARCH&resultType=INNER_SEARCH_DETAIL&searchMehtod=L&searchClass=S&controlNo=OLDP3198028072,1929,,,미부착,,개방 가능,만료공공저작물,,,O,,,,,만료저작물,
,871,국회전자도서관,"東巖先生實記, 全",https://dl.nanet.go.kr/search/searchInnerDetail.do?searchType=INNER_SEARCH&resultType=INNER_SEARCH_DETAIL&searchMehtod=L&searchClass=S&controlNo=OLDP1198040771,1929,,,미부착,,개방 가능,만료공공저작물,,,O,,,,,만료저작물,
,872,국회전자도서관,刻骨難忘記,https://dl.nanet.go.kr/search/searchInnerDetail.do?searchType=INNER_SEARCH&resultType=INNER_SEARCH_DETAIL&searchMehtod=L&searchClass=S&controlNo=OLDP1000000204,1929,,,미부착,,개방 가능,만료공공저작물,,,O,,,,,만료저작물,
,873,국회전자도서관,"全鮮名勝古蹟, 全",https://dl.nanet.go.kr/search/searchInnerDetail.do?searchType=INNER_SEARCH&resultType=INNER_SEARCH_DETAIL&searchMehtod=L&searchClass=S&controlNo=OLDP1198040614,1929,,,미부착,,개방 가능,만료공공저작물,,,O,,,,,만료저작물,
,874,국회전자도서관,"朝鮮史硏究草, 全",https://dl.nanet.go.kr/search/searchInnerDetail.do?searchType=INNER_SEARCH&resultType=INNER_SEARCH_DETAIL&searchMehtod=L&searchClass=S&controlNo=OLDP1200500301,1929,,,미부착,,개방 가능,만료공공저작물,,,O,,,,,만료저작물,
,875,국회전자도서관,"古文韻部, 冊1-2",https://dl.nanet.go.kr/search/searchInnerDetail.do?searchType=INNER_SEARCH&resultType=INNER_SEARCH_DETAIL&searchMehtod=L&searchClass=S&controlNo=OLDP1000000379,1929,,,미부착,,개방 가능,만료공공저작물,,,O,,,,,만료저작물,
,876,국회전자도서관,漢書. 冊12-22,https://dl.nanet.go.kr/search/searchInnerDetail.do?searchType=INNER_SEARCH&resultType=INNER_SEARCH_DETAIL&searchMehtod=L&searchClass=S&controlNo=OLDP1201400031,1930,,,미부착,,개방 가능,만료공공저작물,,,O,,,,,만료저작물,
,877,국회전자도서관,漢書. 冊1-11,https://dl.nanet.go.kr/search/searchInnerDetail.do?searchType=INNER_SEARCH&resultType=INNER_SEARCH_DETAIL&searchMehtod=L&searchClass=S&controlNo=OLDP1200500466,1930,,,미부착,,개방 가능,만료공공저작물,,,O,,,,,만료저작물,
,878,국회전자도서관,漢書. 冊23-32,https://dl.nanet.go.kr/search/searchInnerDetail.do?searchType=INNER_SEARCH&resultType=INNER_SEARCH_DETAIL&searchMehtod=L&searchClass=S&controlNo=OLDP1201400030,1930,,,미부착,,개방 가능,만료공공저작물,,,O,,,,,만료저작물,
,879,국회전자도서관,東京帝國大學附屬圖書館復興帖,https://dl.nanet.go.kr/search/searchInnerDetail.do?searchType=INNER_SEARCH&resultType=INNER_SEARCH_DETAIL&searchMehtod=L&searchClass=S&controlNo=OLDP3000000014,1930,,,미부착,,개방 가능,만료공공저작물,,,O,,,,,만료저작물,
,880,국회전자도서관,"(大正新修)大藏經, 卷45-48",https://dl.nanet.go.kr/search/searchInnerDetail.do?searchType=INNER_SEARCH&resultType=INNER_SEARCH_DETAIL&searchMehtod=L&searchClass=S&controlNo=OLDP3000000228,1930,,,미부착,,개방 가능,만료공공저작물,,,O,,,,,만료저작물,
,881,국회전자도서관,"(大正新修)大藏經圖像, 卷9-12",https://dl.nanet.go.kr/search/searchInnerDetail.do?searchType=INNER_SEARCH&resultType=INNER_SEARCH_DETAIL&searchMehtod=L&searchClass=S&controlNo=OLDP3000000217,1930,,,미부착,,개방 가능,만료공공저작물,,,O,,,,,만료저작물,
,882,국회전자도서관,"(大正新修)大藏經圖像, 卷1-4",https://dl.nanet.go.kr/search/searchInnerDetail.do?searchType=INNER_SEARCH&resultType=INNER_SEARCH_DETAIL&searchMehtod=L&searchClass=S&controlNo=OLDP3000000215,1930,,,미부착,,개방 가능,만료공공저작물,,,O,,,,,만료저작물,
,883,국회전자도서관,"(大正新修)大藏經, 卷83-85",https://dl.nanet.go.kr/search/searchInnerDetail.do?searchType=INNER_SEARCH&resultType=INNER_SEARCH_DETAIL&searchMehtod=L&searchClass=S&controlNo=OLDP3000000214,1930,,,미부착,,개방 가능,만료공공저작물,,,O,,,,,만료저작물,
,884,국회전자도서관,"(大正新修)大藏經, 卷79-82",https://dl.nanet.go.kr/search/searchInnerDetail.do?searchType=INNER_SEARCH&resultType=INNER_SEARCH_DETAIL&searchMehtod=L&searchClass=S&controlNo=OLDP3000000213,1930,,,미부착,,개방 가능,만료공공저작물,,,O,,,,,만료저작물,
,885,국회전자도서관,"(大正新修)大藏經, 卷71-74",https://dl.nanet.go.kr/search/searchInnerDetail.do?searchType=INNER_SEARCH&resultType=INNER_SEARCH_DETAIL&searchMehtod=L&searchClass=S&controlNo=OLDP3000000211,1930,,,미부착,,개방 가능,만료공공저작물,,,O,,,,,만료저작물,
,886,국회전자도서관,"(大正新修)大藏經, 卷67-70",https://dl.nanet.go.kr/search/searchInnerDetail.do?searchType=INNER_SEARCH&resultType=INNER_SEARCH_DETAIL&searchMehtod=L&searchClass=S&controlNo=OLDP3000000210,1930,,,미부착,,개방 가능,만료공공저작물,,,O,,,,,만료저작물,
,887,국회전자도서관,"(大正新修)大藏經, 卷62",https://dl.nanet.go.kr/search/searchInnerDetail.do?searchType=INNER_SEARCH&resultType=INNER_SEARCH_DETAIL&searchMehtod=L&searchClass=S&controlNo=OLDP3000000208,1930,,,미부착,,개방 가능,만료공공저작물,,,O,,,,,만료저작물,
,888,국회전자도서관,"(大正新修)大藏經, 卷56-61",https://dl.nanet.go.kr/search/searchInnerDetail.do?searchType=INNER_SEARCH&resultType=INNER_SEARCH_DETAIL&searchMehtod=L&searchClass=S&controlNo=OLDP3000000207,1930,,,미부착,,개방 가능,만료공공저작물,,,O,,,,,만료저작물,
,889,국회전자도서관,"(大正新修)大藏經, 卷49-52",https://dl.nanet.go.kr/search/searchInnerDetail.do?searchType=INNER_SEARCH&resultType=INNER_SEARCH_DETAIL&searchMehtod=L&searchClass=S&controlNo=OLDP3000000205,1930,,,미부착,,개방 가능,만료공공저작물,,,O,,,,,만료저작물,
,890,국회전자도서관,"(大正新修)大藏經, 卷40-44",https://dl.nanet.go.kr/search/searchInnerDetail.do?searchType=INNER_SEARCH&resultType=INNER_SEARCH_DETAIL&searchMehtod=L&searchClass=S&controlNo=OLDP3000000204,1930,,,미부착,,개방 가능,만료공공저작물,,,O,,,,,만료저작물,
,891,국회전자도서관,"(大正新修)大藏經, 卷33-36",https://dl.nanet.go.kr/search/searchInnerDetail.do?searchType=INNER_SEARCH&resultType=INNER_SEARCH_DETAIL&searchMehtod=L&searchClass=S&controlNo=OLDP3000000202,1930,,,미부착,,개방 가능,만료공공저작물,,,O,,,,,만료저작물,
,892,국회전자도서관,"(大正新修)大藏經, 卷30-32",https://dl.nanet.go.kr/search/searchInnerDetail.do?searchType=INNER_SEARCH&resultType=INNER_SEARCH_DETAIL&searchMehtod=L&searchClass=S&controlNo=OLDP3000000201,1930,,,미부착,,개방 가능,만료공공저작물,,,O,,,,,만료저작물,
,893,국회전자도서관,"(大正新修)大藏經, 卷22-24",https://dl.nanet.go.kr/search/searchInnerDetail.do?searchType=INNER_SEARCH&resultType=INNER_SEARCH_DETAIL&searchMehtod=L&searchClass=S&controlNo=OLDP3000000199,1930,,,미부착,,개방 가능,만료공공저작물,,,O,,,,,만료저작물,
,894,국회전자도서관,"(大正新修)大藏經, 卷18-21",https://dl.nanet.go.kr/search/searchInnerDetail.do?searchType=INNER_SEARCH&resultType=INNER_SEARCH_DETAIL&searchMehtod=L&searchClass=S&controlNo=OLDP3000000198,1930,,,미부착,,개방 가능,만료공공저작물,,,O,,,,,만료저작물,
,895,국회전자도서관,"(大正新修)大藏經, 卷9-12",https://dl.nanet.go.kr/search/searchInnerDetail.do?searchType=INNER_SEARCH&resultType=INNER_SEARCH_DETAIL&searchMehtod=L&searchClass=S&controlNo=OLDP3000000196,1930,,,미부착,,개방 가능,만료공공저작물,,,O,,,,,만료저작물,
,896,국회전자도서관,"(大正新修)大藏經, 卷5-8",https://dl.nanet.go.kr/search/searchInnerDetail.do?searchType=INNER_SEARCH&resultType=INNER_SEARCH_DETAIL&searchMehtod=L&searchClass=S&controlNo=OLDP3000000195,1930,,,미부착,,개방 가능,만료공공저작물,,,O,,,,,만료저작물,
,897,국회전자도서관,"(大正新修)大藏經, 卷1-4",https://dl.nanet.go.kr/search/searchInnerDetail.do?searchType=INNER_SEARCH&resultType=INNER_SEARCH_DETAIL&searchMehtod=L&searchClass=S&controlNo=OLDP3000000194,1930,,,미부착,,개방 가능,만료공공저작물,,,O,,,,,만료저작물,
,898,국회전자도서관,"永樂大典, 冊10-14(卷22)",https://dl.nanet.go.kr/search/searchInnerDetail.do?searchType=INNER_SEARCH&resultType=INNER_SEARCH_DETAIL&searchMehtod=L&searchClass=S&controlNo=OLDP3000000012,1930,,,미부착,,개방 가능,만료공공저작물,,,O,,,,,만료저작물,
,899,국회전자도서관,"(再訂)漢文新讀本, 冊5",https://dl.nanet.go.kr/search/searchInnerDetail.do?searchType=INNER_SEARCH&resultType=INNER_SEARCH_DETAIL&searchMehtod=L&searchClass=S&controlNo=OLDP3000000120,1930,,,미부착,,개방 가능,만료공공저작물,,,O,,,,,만료저작물,
,900,국회전자도서관,"(大正新修)大藏經圖像, 卷5-8",https://dl.nanet.go.kr/search/searchInnerDetail.do?searchType=INNER_SEARCH&resultType=INNER_SEARCH_DETAIL&searchMehtod=L&searchClass=S&controlNo=OLDP3000000216,1930,,,미부착,,개방 가능,만료공공저작물,,,O,,,,,만료저작물,
,901,국회전자도서관,"(大正新修)大藏經, 卷75-78",https://dl.nanet.go.kr/search/searchInnerDetail.do?searchType=INNER_SEARCH&resultType=INNER_SEARCH_DETAIL&searchMehtod=L&searchClass=S&controlNo=OLDP3000000212,1930,,,미부착,,개방 가능,만료공공저작물,,,O,,,,,만료저작물,
,902,국회전자도서관,"(大正新修)大藏經, 卷63-66",https://dl.nanet.go.kr/search/searchInnerDetail.do?searchType=INNER_SEARCH&resultType=INNER_SEARCH_DETAIL&searchMehtod=L&searchClass=S&controlNo=OLDP3000000209,1930,,,미부착,,개방 가능,만료공공저작물,,,O,,,,,만료저작물,
,903,국회전자도서관,"(大正新修)大藏經, 卷53-55",https://dl.nanet.go.kr/search/searchInnerDetail.do?searchType=INNER_SEARCH&resultType=INNER_SEARCH_DETAIL&searchMehtod=L&searchClass=S&controlNo=OLDP3000000206,1930,,,미부착,,개방 가능,만료공공저작물,,,O,,,,,만료저작물,
,904,국회전자도서관,"(大正新修)大藏經, 卷37-39",https://dl.nanet.go.kr/search/searchInnerDetail.do?searchType=INNER_SEARCH&resultType=INNER_SEARCH_DETAIL&searchMehtod=L&searchClass=S&controlNo=OLDP3000000203,1930,,,미부착,,개방 가능,만료공공저작물,,,O,,,,,만료저작물,
,905,국회전자도서관,"(大正新修)大藏經, 卷13-17",https://dl.nanet.go.kr/search/searchInnerDetail.do?searchType=INNER_SEARCH&resultType=INNER_SEARCH_DETAIL&searchMehtod=L&searchClass=S&controlNo=OLDP3000000197,1930,,,미부착,,개방 가능,만료공공저작물,,,O,,,,,만료저작물,
,906,국회전자도서관,"(大正新修)大藏經, 卷25-29",https://dl.nanet.go.kr/search/searchInnerDetail.do?searchType=INNER_SEARCH&resultType=INNER_SEARCH_DETAIL&searchMehtod=L&searchClass=S&controlNo=OLDP3000000200,1930,,,미부착,,개방 가능,만료공공저작물,,,O,,,,,만료저작물,
,907,국회전자도서관,"(新纂)佛像圖鑑(及)補遺, 冊1-5",https://dl.nanet.go.kr/search/searchInnerDetail.do?searchType=INNER_SEARCH&resultType=INNER_SEARCH_DETAIL&searchMehtod=L&searchClass=S&controlNo=OLDP3000000140,1930,,,미부착,,개방 가능,만료공공저작물,,,O,,,,,만료저작물,
,908,국회전자도서관,"端宗史補. 上, 中, 下",https://dl.nanet.go.kr/search/searchInnerDetail.do?searchType=INNER_SEARCH&resultType=INNER_SEARCH_DETAIL&searchMehtod=L&searchClass=S&controlNo=OLDP12021000000026,1930,,,미부착,,개방 가능,만료공공저작물,,,O,,,,,만료저작물,
,909,국회전자도서관,"文宗實錄, 卷1-13",https://dl.nanet.go.kr/search/searchInnerDetail.do?searchType=INNER_SEARCH&resultType=INNER_SEARCH_DETAIL&searchMehtod=L&searchClass=S&controlNo=OLDP1200318565,1930,,,미부착,,개방 가능,만료공공저작물,,,O,,,,,만료저작물,
,910,국회전자도서관,"定宗實錄, 卷1-6",https://dl.nanet.go.kr/search/searchInnerDetail.do?searchType=INNER_SEARCH&resultType=INNER_SEARCH_DETAIL&searchMehtod=L&searchClass=S&controlNo=OLDP1200318537,1930,,,미부착,,개방 가능,만료공공저작물,,,O,,,,,만료저작물,
,911,국회전자도서관,"高宗實錄, 卷1-48, 目錄4",https://dl.nanet.go.kr/search/searchInnerDetail.do?searchType=INNER_SEARCH&resultType=INNER_SEARCH_DETAIL&searchMehtod=L&searchClass=S&controlNo=OLDP1200316145,1930,,,미부착,,개방 가능,만료공공저작물,,,O,,,,,만료저작물,
,912,국회전자도서관,"武城書院院誌, 冊1-2",https://dl.nanet.go.kr/search/searchInnerDetail.do?searchType=INNER_SEARCH&resultType=INNER_SEARCH_DETAIL&searchMehtod=L&searchClass=S&controlNo=OLDP1000000350,1930,,,미부착,,개방 가능,만료공공저작물,,,O,,,,,만료저작물,
,913,국회전자도서관,(朝鮮經濟硏究所)藏書目錄,https://dl.nanet.go.kr/search/searchInnerDetail.do?searchType=INNER_SEARCH&resultType=INNER_SEARCH_DETAIL&searchMehtod=L&searchClass=S&controlNo=OLDP3000000013,1930,,,미부착,,개방 가능,만료공공저작물,,,O,,,,,만료저작물,
,914,국회전자도서관,"光海君日記, 卷1-58, 71-187",https://dl.nanet.go.kr/search/searchInnerDetail.do?searchType=INNER_SEARCH&resultType=INNER_SEARCH_DETAIL&searchMehtod=L&searchClass=S&controlNo=OLDP1200318701,1930,,,미부착,,개방 가능,만료공공저작물,,,O,,,,,만료저작물,
,915,국회전자도서관,"宣祖實錄, 卷1-25, 28-101",https://dl.nanet.go.kr/search/searchInnerDetail.do?searchType=INNER_SEARCH&resultType=INNER_SEARCH_DETAIL&searchMehtod=L&searchClass=S&controlNo=OLDP1200318681,1930,,,미부착,,개방 가능,만료공공저작물,,,O,,,,,만료저작물,
,916,국회전자도서관,"純宗實錄, 卷1-4, 附錄1-3, 目錄1",https://dl.nanet.go.kr/search/searchInnerDetail.do?searchType=INNER_SEARCH&resultType=INNER_SEARCH_DETAIL&searchMehtod=L&searchClass=S&controlNo=OLDP1200318678,1930,,,미부착,,개방 가능,만료공공저작물,,,O,,,,,만료저작물,
,917,국회전자도서관,"哲宗實錄, 卷1-15, 附錄1",https://dl.nanet.go.kr/search/searchInnerDetail.do?searchType=INNER_SEARCH&resultType=INNER_SEARCH_DETAIL&searchMehtod=L&searchClass=S&controlNo=OLDP1200318669,1930,,,미부착,,개방 가능,만료공공저작물,,,O,,,,,만료저작물,
,918,국회전자도서관,"正祖實錄, 卷1-54, 附錄1, 附錄續編1",https://dl.nanet.go.kr/search/searchInnerDetail.do?searchType=INNER_SEARCH&resultType=INNER_SEARCH_DETAIL&searchMehtod=L&searchClass=S&controlNo=OLDP1200318660,1930,,,미부착,,개방 가능,만료공공저작물,,,O,,,,,만료저작물,
,919,국회전자도서관,"英祖實錄, 卷1-127",https://dl.nanet.go.kr/search/searchInnerDetail.do?searchType=INNER_SEARCH&resultType=INNER_SEARCH_DETAIL&searchMehtod=L&searchClass=S&controlNo=OLDP1200318659,1930,,,미부착,,개방 가능,만료공공저작물,,,O,,,,,만료저작물,
,920,국회전자도서관,"顯宗實錄, 卷1-29",https://dl.nanet.go.kr/search/searchInnerDetail.do?searchType=INNER_SEARCH&resultType=INNER_SEARCH_DETAIL&searchMehtod=L&searchClass=S&controlNo=OLDP1200318654,1930,,,미부착,,개방 가능,만료공공저작물,,,O,,,,,만료저작물,
,921,국회전자도서관,"顯宗實錄, 卷1-15",https://dl.nanet.go.kr/search/searchInnerDetail.do?searchType=INNER_SEARCH&resultType=INNER_SEARCH_DETAIL&searchMehtod=L&searchClass=S&controlNo=OLDP1200318653,1930,,,미부착,,개방 가능,만료공공저작물,,,O,,,,,만료저작물,
,922,국회전자도서관,"宣祖修正實錄, 卷1-42",https://dl.nanet.go.kr/search/searchInnerDetail.do?searchType=INNER_SEARCH&resultType=INNER_SEARCH_DETAIL&searchMehtod=L&searchClass=S&controlNo=OLDP1200318648,1930,,,미부착,,개방 가능,만료공공저작물,,,O,,,,,만료저작물,
,923,국회전자도서관,"仁宗實錄, 卷1-2",https://dl.nanet.go.kr/search/searchInnerDetail.do?searchType=INNER_SEARCH&resultType=INNER_SEARCH_DETAIL&searchMehtod=L&searchClass=S&controlNo=OLDP1200318645,1930,,,미부착,,개방 가능,만료공공저작물,,,O,,,,,만료저작물,
,924,국회전자도서관,燕山君日記. 卷1-63,https://dl.nanet.go.kr/search/searchInnerDetail.do?searchType=INNER_SEARCH&resultType=INNER_SEARCH_DETAIL&searchMehtod=L&searchClass=S&controlNo=OLDP1200318634,1930,,,미부착,,개방 가능,만료공공저작물,,,O,,,,,만료저작물,
,925,국회전자도서관,童蒙初讀,https://dl.nanet.go.kr/search/searchInnerDetail.do?searchType=INNER_SEARCH&resultType=INNER_SEARCH_DETAIL&searchMehtod=L&searchClass=S&controlNo=OLDP1000000210,1930,,,미부착,,개방 가능,만료공공저작물,,,O,,,,,만료저작물,
,926,국회전자도서관,"魯石遺稿, 全",https://dl.nanet.go.kr/search/searchInnerDetail.do?searchType=INNER_SEARCH&resultType=INNER_SEARCH_DETAIL&searchMehtod=L&searchClass=S&controlNo=OLDP1198040589,1930,,,미부착,,개방 가능,만료공공저작물,,,O,,,,,만료저작물,
,927,국회전자도서관,"成宗實錄, 卷1-236, 244-297",https://dl.nanet.go.kr/search/searchInnerDetail.do?searchType=INNER_SEARCH&resultType=INNER_SEARCH_DETAIL&searchMehtod=L&searchClass=S&controlNo=OLDP1200318614,1930,,,미부착,,개방 가능,만료공공저작물,,,O,,,,,만료저작물,
,928,국회전자도서관,"太宗實錄, 卷1-36",https://dl.nanet.go.kr/search/searchInnerDetail.do?searchType=INNER_SEARCH&resultType=INNER_SEARCH_DETAIL&searchMehtod=L&searchClass=S&controlNo=OLDP1200318541,1930,,,미부착,,개방 가능,만료공공저작물,,,O,,,,,만료저작물,
,929,국회전자도서관,"太祖實錄, 卷1-15",https://dl.nanet.go.kr/search/searchInnerDetail.do?searchType=INNER_SEARCH&resultType=INNER_SEARCH_DETAIL&searchMehtod=L&searchClass=S&controlNo=OLDP1200318534,1930,,,미부착,,개방 가능,만료공공저작물,,,O,,,,,만료저작물,
,930,국회전자도서관,"景宗實錄, 卷1-15",https://dl.nanet.go.kr/search/searchInnerDetail.do?searchType=INNER_SEARCH&resultType=INNER_SEARCH_DETAIL&searchMehtod=L&searchClass=S&controlNo=OLDP1200318493,1930,,,미부착,,개방 가능,만료공공저작물,,,O,,,,,만료저작물,
,931,국회전자도서관,"世宗實錄, 卷1-132, 136-163",https://dl.nanet.go.kr/search/searchInnerDetail.do?searchType=INNER_SEARCH&resultType=INNER_SEARCH_DETAIL&searchMehtod=L&searchClass=S&controlNo=OLDP1200316177,1930,,,미부착,,개방 가능,만료공공저작물,,,O,,,,,만료저작물,
,932,국회전자도서관,"景宗實錄, 卷1-5",https://dl.nanet.go.kr/search/searchInnerDetail.do?searchType=INNER_SEARCH&resultType=INNER_SEARCH_DETAIL&searchMehtod=L&searchClass=S&controlNo=OLDP1200316039,1930,,,미부착,,개방 가능,만료공공저작물,,,O,,,,,만료저작물,
,933,국회전자도서관,沖齋先生文集(及)年譜. 冊1-3,https://dl.nanet.go.kr/search/searchInnerDetail.do?searchType=INNER_SEARCH&resultType=INNER_SEARCH_DETAIL&searchMehtod=L&searchClass=S&controlNo=OLDP1198022373,1930,,,미부착,,개방 가능,만료공공저작물,,,O,,,,,만료저작물,
,934,국회전자도서관,"東鑑節要, 上, 中, 下",https://dl.nanet.go.kr/search/searchInnerDetail.do?searchType=INNER_SEARCH&resultType=INNER_SEARCH_DETAIL&searchMehtod=L&searchClass=S&controlNo=OLDP1200500282,1930,,,미부착,,개방 가능,만료공공저작물,,,O,,,,,만료저작물,
,935,국회전자도서관,"仁祖實錄, 卷1-50",https://dl.nanet.go.kr/search/searchInnerDetail.do?searchType=INNER_SEARCH&resultType=INNER_SEARCH_DETAIL&searchMehtod=L&searchClass=S&controlNo=OLDP1200318703,1930,,,미부착,,개방 가능,만료공공저작물,,,O,,,,,만료저작물,
,936,국회전자도서관,"宣祖實錄, 卷102-221",https://dl.nanet.go.kr/search/searchInnerDetail.do?searchType=INNER_SEARCH&resultType=INNER_SEARCH_DETAIL&searchMehtod=L&searchClass=S&controlNo=OLDP1200318686,1930,,,미부착,,개방 가능,만료공공저작물,,,O,,,,,만료저작물,
,937,국회전자도서관,"憲宗實錄, 卷1-16, 附錄1",https://dl.nanet.go.kr/search/searchInnerDetail.do?searchType=INNER_SEARCH&resultType=INNER_SEARCH_DETAIL&searchMehtod=L&searchClass=S&controlNo=OLDP1200318670,1930,,,미부착,,개방 가능,만료공공저작물,,,O,,,,,만료저작물,
,938,국회전자도서관,"純祖實錄, 卷1-2, 6, 9-34, 附錄1, 附錄續編1",https://dl.nanet.go.kr/search/searchInnerDetail.do?searchType=INNER_SEARCH&resultType=INNER_SEARCH_DETAIL&searchMehtod=L&searchClass=S&controlNo=OLDP1200318662,1930,,,미부착,,개방 가능,만료공공저작물,,,O,,,,,만료저작물,
,939,국회전자도서관,"孝宗實錄, 卷1-22",https://dl.nanet.go.kr/search/searchInnerDetail.do?searchType=INNER_SEARCH&resultType=INNER_SEARCH_DETAIL&searchMehtod=L&searchClass=S&controlNo=OLDP1200318650,1930,,,미부착,,개방 가능,만료공공저작물,,,O,,,,,만료저작물,
,940,국회전자도서관,"明宗實錄, 卷1-10, 19-34",https://dl.nanet.go.kr/search/searchInnerDetail.do?searchType=INNER_SEARCH&resultType=INNER_SEARCH_DETAIL&searchMehtod=L&searchClass=S&controlNo=OLDP1200318646,1930,,,미부착,,개방 가능,만료공공저작물,,,O,,,,,만료저작물,
,941,국회전자도서관,"中宗實錄, 卷1-16, 25-99",https://dl.nanet.go.kr/search/searchInnerDetail.do?searchType=INNER_SEARCH&resultType=INNER_SEARCH_DETAIL&searchMehtod=L&searchClass=S&controlNo=OLDP1200318620,1930,,,미부착,,개방 가능,만료공공저작물,,,O,,,,,만료저작물,
,942,국회전자도서관,"睿宗實錄, 卷1-8",https://dl.nanet.go.kr/search/searchInnerDetail.do?searchType=INNER_SEARCH&resultType=INNER_SEARCH_DETAIL&searchMehtod=L&searchClass=S&controlNo=OLDP1200318607,1930,,,미부착,,개방 가능,만료공공저작물,,,O,,,,,만료저작물,
,943,국회전자도서관,"世祖實錄, 卷1-14, 30-49",https://dl.nanet.go.kr/search/searchInnerDetail.do?searchType=INNER_SEARCH&resultType=INNER_SEARCH_DETAIL&searchMehtod=L&searchClass=S&controlNo=OLDP1200318592,1930,,,미부착,,개방 가능,만료공공저작물,,,O,,,,,만료저작물,
,944,국회전자도서관,"端宗實錄, 卷1-15",https://dl.nanet.go.kr/search/searchInnerDetail.do?searchType=INNER_SEARCH&resultType=INNER_SEARCH_DETAIL&searchMehtod=L&searchClass=S&controlNo=OLDP1200318576,1930,,,미부착,,개방 가능,만료공공저작물,,,O,,,,,만료저작물,
,945,국회전자도서관,"桂苑筆耕集, 乾, 坤",https://dl.nanet.go.kr/search/searchInnerDetail.do?searchType=INNER_SEARCH&resultType=INNER_SEARCH_DETAIL&searchMehtod=L&searchClass=S&controlNo=OLDP1198040159,1930,,,미부착,,개방 가능,만료공공저작물,,,O,,,,,만료저작물,
,946,국회전자도서관,"肅宗實錄, 卷1-65",https://dl.nanet.go.kr/search/searchInnerDetail.do?searchType=INNER_SEARCH&resultType=INNER_SEARCH_DETAIL&searchMehtod=L&searchClass=S&controlNo=OLDP1200318658,1930,,,미부착,,개방 가능,만료공공저작물,,,O,,,,,만료저작물,
,947,국회전자도서관,沖齋先生文集(及)年譜. 冊4-6,https://dl.nanet.go.kr/search/searchInnerDetail.do?searchType=INNER_SEARCH&resultType=INNER_SEARCH_DETAIL&searchMehtod=L&searchClass=S&controlNo=OLDP1201200075,1930,,,미부착,,개방 가능,만료공공저작물,,,O,,,,,만료저작물,
,948,국회전자도서관,Undiplomatic memories : the far East 1896-1904,https://dl.nanet.go.kr/search/searchInnerDetail.do?searchType=INNER_SEARCH&resultType=INNER_SEARCH_DETAIL&searchMehtod=L&searchClass=S&controlNo=OLDP2201200001,1930,,,미부착,,개방 가능,만료공공저작물,,,O,,,,,만료저작물,
,949,국회전자도서관,中國繪畵上的六法論,https://dl.nanet.go.kr/search/searchInnerDetail.do?searchType=INNER_SEARCH&resultType=INNER_SEARCH_DETAIL&searchMehtod=L&searchClass=S&controlNo=OLDP3198024720,1931,,,미부착,,개방 가능,만료공공저작물,,,O,,,,,만료저작물,
,950,국회전자도서관,後漢書. 冊28-40,https://dl.nanet.go.kr/search/searchInnerDetail.do?searchType=INNER_SEARCH&resultType=INNER_SEARCH_DETAIL&searchMehtod=L&searchClass=S&controlNo=OLDP1201400034,1931,,,미부착,,개방 가능,만료공공저작물,,,O,,,,,만료저작물,
,951,국회전자도서관,"隨園詩話(及)補遺, 冊1-10",https://dl.nanet.go.kr/search/searchInnerDetail.do?searchType=INNER_SEARCH&resultType=INNER_SEARCH_DETAIL&searchMehtod=L&searchClass=S&controlNo=OLDP1198040467,1931,,,미부착,,개방 가능,만료공공저작물,,,O,,,,,만료저작물,
,952,국회전자도서관,五代史記. 冊1-14,https://dl.nanet.go.kr/search/searchInnerDetail.do?searchType=INNER_SEARCH&resultType=INNER_SEARCH_DETAIL&searchMehtod=L&searchClass=S&controlNo=OLDP1200500283,1931,,,미부착,,개방 가능,만료공공저작물,,,O,,,,,만료저작물,
,953,국회전자도서관,後漢書. 冊1-14,https://dl.nanet.go.kr/search/searchInnerDetail.do?searchType=INNER_SEARCH&resultType=INNER_SEARCH_DETAIL&searchMehtod=L&searchClass=S&controlNo=OLDP1200500287,1931,,,미부착,,개방 가능,만료공공저작물,,,O,,,,,만료저작물,
,954,국회전자도서관,後漢書. 冊15-27,https://dl.nanet.go.kr/search/searchInnerDetail.do?searchType=INNER_SEARCH&resultType=INNER_SEARCH_DETAIL&searchMehtod=L&searchClass=S&controlNo=OLDP1201400035,1931,,,미부착,,개방 가능,만료공공저작물,,,O,,,,,만료저작물,
,955,국회전자도서관,"淸庵壽集, 上, 下",https://dl.nanet.go.kr/search/searchInnerDetail.do?searchType=INNER_SEARCH&resultType=INNER_SEARCH_DETAIL&searchMehtod=L&searchClass=S&controlNo=OLDP1198040318,1931,,,미부착,,개방 가능,만료공공저작물,,,O,,,,,만료저작물,
,956,국회전자도서관,"素無軒集, 全",https://dl.nanet.go.kr/search/searchInnerDetail.do?searchType=INNER_SEARCH&resultType=INNER_SEARCH_DETAIL&searchMehtod=L&searchClass=S&controlNo=OLDP1198022423,1931,,,미부착,,개방 가능,만료공공저작물,,,O,,,,,만료저작물,
,957,국회전자도서관,"麻疹篇, 全",https://dl.nanet.go.kr/search/searchInnerDetail.do?searchType=INNER_SEARCH&resultType=INNER_SEARCH_DETAIL&searchMehtod=L&searchClass=S&controlNo=OLDP1198028909,1931,,,미부착,,개방 가능,만료공공저작물,,,O,,,,,만료저작물,
,958,국회전자도서관,"(訂正)瓢岩誌, 單",https://dl.nanet.go.kr/search/searchInnerDetail.do?searchType=INNER_SEARCH&resultType=INNER_SEARCH_DETAIL&searchMehtod=L&searchClass=S&controlNo=OLDP1000000598,1931,,,미부착,,개방 가능,만료공공저작물,,,O,,,,,만료저작물,
,959,국회전자도서관,曲阜聖廟慰安事實記,https://dl.nanet.go.kr/search/searchInnerDetail.do?searchType=INNER_SEARCH&resultType=INNER_SEARCH_DETAIL&searchMehtod=L&searchClass=S&controlNo=OLDP1000000357,1931,,,미부착,,개방 가능,만료공공저작물,,,O,,,,,만료저작물,
,960,국회전자도서관,"三國史記, 卷1-50",https://dl.nanet.go.kr/search/searchInnerDetail.do?searchType=INNER_SEARCH&resultType=INNER_SEARCH_DETAIL&searchMehtod=L&searchClass=S&controlNo=OLDP1198042153,1931,,,미부착,,개방 가능,만료공공저작물,,,O,,,,,만료저작물,
,961,국회전자도서관,"六石암古印存, 冊1-2",https://dl.nanet.go.kr/search/searchInnerDetail.do?searchType=INNER_SEARCH&resultType=INNER_SEARCH_DETAIL&searchMehtod=L&searchClass=S&controlNo=OLDP3198025247,1932,,,미부착,,개방 가능,만료공공저작물,,,O,,,,,만료저작물,
,962,국회전자도서관,朝鮮迎接都監都廳儀軌,https://dl.nanet.go.kr/search/searchInnerDetail.do?searchType=INNER_SEARCH&resultType=INNER_SEARCH_DETAIL&searchMehtod=L&searchClass=S&controlNo=OLDP3000000003,1932,,,미부착,,개방 가능,만료공공저작물,,,O,,,,,만료저작물,
,963,국회전자도서관,(侯官嚴氏評點)老子,https://dl.nanet.go.kr/search/searchInnerDetail.do?searchType=INNER_SEARCH&resultType=INNER_SEARCH_DETAIL&searchMehtod=L&searchClass=S&controlNo=OLDP3000000132,1932,,,미부착,,개방 가능,만료공공저작물,,,O,,,,,만료저작물,
,964,국회전자도서관,"重修安東縣志, 全",https://dl.nanet.go.kr/search/searchInnerDetail.do?searchType=INNER_SEARCH&resultType=INNER_SEARCH_DETAIL&searchMehtod=L&searchClass=S&controlNo=OLDP1198040660,1932,,,미부착,,개방 가능,만료공공저작물,,,O,,,,,만료저작물,
,965,국회전자도서관,寶雲,https://dl.nanet.go.kr/search/searchInnerDetail.do?searchType=INNER_SEARCH&resultType=INNER_SEARCH_DETAIL&searchMehtod=L&searchClass=S&controlNo=OLDP3196001011,1932,,,미부착,,개방 가능,만료공공저작물,,,O,,,,,만료저작물,
,966,국회전자도서관,曠野의 哀傷 : 榮水詩集,https://dl.nanet.go.kr/search/searchInnerDetail.do?searchType=INNER_SEARCH&resultType=INNER_SEARCH_DETAIL&searchMehtod=L&searchClass=S&controlNo=OLDP1196001029,1932,,,미부착,,개방 가능,만료공공저작물,,,O,,,,,만료저작물,
,967,국회전자도서관,壬午鷄林事變,https://dl.nanet.go.kr/search/searchInnerDetail.do?searchType=INNER_SEARCH&resultType=INNER_SEARCH_DETAIL&searchMehtod=L&searchClass=S&controlNo=OLDP3196001012,1932,,,미부착,,개방 가능,만료공공저작물,,,O,,,,,만료저작물,
,968,국회전자도서관,完白山人篆刻偶存,https://dl.nanet.go.kr/search/searchInnerDetail.do?searchType=INNER_SEARCH&resultType=INNER_SEARCH_DETAIL&searchMehtod=L&searchClass=S&controlNo=OLDP3198028073,1932,,,미부착,,개방 가능,만료공공저작물,,,O,,,,,만료저작물,
,969,국회전자도서관,"(續修增補)江都誌. 上, 下",https://dl.nanet.go.kr/search/searchInnerDetail.do?searchType=INNER_SEARCH&resultType=INNER_SEARCH_DETAIL&searchMehtod=L&searchClass=S&controlNo=OLDP12021000000043,1932,,,미부착,,개방 가능,만료공공저작물,,,O,,,,,만료저작물,
,970,국회전자도서관,"常山誌, 全",https://dl.nanet.go.kr/search/searchInnerDetail.do?searchType=INNER_SEARCH&resultType=INNER_SEARCH_DETAIL&searchMehtod=L&searchClass=S&controlNo=OLDP1198040634,1932,,,미부착,,개방 가능,만료공공저작물,,,O,,,,,만료저작물,
,971,국회전자도서관,朝鮮語文典,https://dl.nanet.go.kr/search/searchInnerDetail.do?searchType=INNER_SEARCH&resultType=INNER_SEARCH_DETAIL&searchMehtod=L&searchClass=S&controlNo=OLDP1000000374,1932,,,미부착,,개방 가능,만료공공저작물,,,O,,,,,만료저작물,
,972,국회전자도서관,崇惠殿誌,https://dl.nanet.go.kr/search/searchInnerDetail.do?searchType=INNER_SEARCH&resultType=INNER_SEARCH_DETAIL&searchMehtod=L&searchClass=S&controlNo=OLDP1000000352,1932,,,미부착,,개방 가능,만료공공저작물,,,O,,,,,만료저작물,
,973,국회전자도서관,"燕巖集, 冊1-6",https://dl.nanet.go.kr/search/searchInnerDetail.do?searchType=INNER_SEARCH&resultType=INNER_SEARCH_DETAIL&searchMehtod=L&searchClass=S&controlNo=OLDP1198040365,1932,,,미부착,,개방 가능,만료공공저작물,,,O,,,,,만료저작물,
,974,국회전자도서관,"朝鮮歷代名臣錄, 冊1-11",https://dl.nanet.go.kr/search/searchInnerDetail.do?searchType=INNER_SEARCH&resultType=INNER_SEARCH_DETAIL&searchMehtod=L&searchClass=S&controlNo=OLDP1199917920,1932,,,미부착,,개방 가능,만료공공저작물,,,O,,,,,만료저작물,
,975,국회전자도서관,"朝鮮환輿勝覽, 全",https://dl.nanet.go.kr/search/searchInnerDetail.do?searchType=INNER_SEARCH&resultType=INNER_SEARCH_DETAIL&searchMehtod=L&searchClass=S&controlNo=OLDP1198040619,1932,,,미부착,,개방 가능,만료공공저작물,,,O,,,,,만료저작물,
,976,국회전자도서관,"剛齋集, 乾, 坤",https://dl.nanet.go.kr/search/searchInnerDetail.do?searchType=INNER_SEARCH&resultType=INNER_SEARCH_DETAIL&searchMehtod=L&searchClass=S&controlNo=OLDP1198022424,1932,,,미부착,,개방 가능,만료공공저작물,,,O,,,,,만료저작물,
,977,국회전자도서관,"梅泉詩集(幷)續, 上, 下",https://dl.nanet.go.kr/search/searchInnerDetail.do?searchType=INNER_SEARCH&resultType=INNER_SEARCH_DETAIL&searchMehtod=L&searchClass=S&controlNo=OLDP1198040314,1932,,,미부착,,개방 가능,만료공공저작물,,,O,,,,,만료저작물,
,978,국회전자도서관,"耕隱集, 全",https://dl.nanet.go.kr/search/searchInnerDetail.do?searchType=INNER_SEARCH&resultType=INNER_SEARCH_DETAIL&searchMehtod=L&searchClass=S&controlNo=OLDP1198040144,1932,,,미부착,,개방 가능,만료공공저작물,,,O,,,,,만료저작물,
,979,국회전자도서관,"潛溪文集, 乾, 坤",https://dl.nanet.go.kr/search/searchInnerDetail.do?searchType=INNER_SEARCH&resultType=INNER_SEARCH_DETAIL&searchMehtod=L&searchClass=S&controlNo=OLDP1198022379,1932,,,미부착,,개방 가능,만료공공저작물,,,O,,,,,만료저작물,
,980,국회전자도서관,"多山詩稿, 全",https://dl.nanet.go.kr/search/searchInnerDetail.do?searchType=INNER_SEARCH&resultType=INNER_SEARCH_DETAIL&searchMehtod=L&searchClass=S&controlNo=OLDP1198040282,1932,,,미부착,,개방 가능,만료공공저작물,,,O,,,,,만료저작물,
,981,국회전자도서관,"大東金石目, 全",https://dl.nanet.go.kr/search/searchInnerDetail.do?searchType=INNER_SEARCH&resultType=INNER_SEARCH_DETAIL&searchMehtod=L&searchClass=S&controlNo=OLDP1200500387,1932,,,미부착,,개방 가능,만료공공저작물,,,O,,,,,만료저작물,
,982,국회전자도서관,"大東金石書, 全",https://dl.nanet.go.kr/search/searchInnerDetail.do?searchType=INNER_SEARCH&resultType=INNER_SEARCH_DETAIL&searchMehtod=L&searchClass=S&controlNo=OLDP1200500380,1932,,,미부착,,개방 가능,만료공공저작물,,,O,,,,,만료저작물,
,983,국회전자도서관,靑林敎沿革史,https://dl.nanet.go.kr/search/searchInnerDetail.do?searchType=INNER_SEARCH&resultType=INNER_SEARCH_DETAIL&searchMehtod=L&searchClass=S&controlNo=OLDP1000000417,1932,,,미부착,,개방 가능,만료공공저작물,,,O,,,,,만료저작물,
,984,국회전자도서관,"秉天祠誌, 冊1-2",https://dl.nanet.go.kr/search/searchInnerDetail.do?searchType=INNER_SEARCH&resultType=INNER_SEARCH_DETAIL&searchMehtod=L&searchClass=S&controlNo=OLDP1000000597,1932,,,미부착,,개방 가능,만료공공저작물,,,O,,,,,만료저작물,
,985,국회전자도서관,"黃綠此集, 全",https://dl.nanet.go.kr/search/searchInnerDetail.do?searchType=INNER_SEARCH&resultType=INNER_SEARCH_DETAIL&searchMehtod=L&searchClass=S&controlNo=OLDP1198040184,1932,,,미부착,,개방 가능,만료공공저작물,,,O,,,,,만료저작물,
,986,국회전자도서관,朝鮮환輿勝覽,https://dl.nanet.go.kr/search/searchInnerDetail.do?searchType=INNER_SEARCH&resultType=INNER_SEARCH_DETAIL&searchMehtod=L&searchClass=S&controlNo=OLDP1199918115,1932,,,미부착,,개방 가능,만료공공저작물,,,O,,,,,만료저작물,
,987,국회전자도서관,趙위叔 南唐四百九十六字 眞蹟,https://dl.nanet.go.kr/search/searchInnerDetail.do?searchType=INNER_SEARCH&resultType=INNER_SEARCH_DETAIL&searchMehtod=L&searchClass=S&controlNo=OLDP3198024715,1933,,,미부착,,개방 가능,만료공공저작물,,,O,,,,,만료저작물,
,988,국회전자도서관,"蘇齋筆記, 冊1(卷1-3)-5(卷13-16)",https://dl.nanet.go.kr/search/searchInnerDetail.do?searchType=INNER_SEARCH&resultType=INNER_SEARCH_DETAIL&searchMehtod=L&searchClass=S&controlNo=OLDP1000000260,1933,,,미부착,,개방 가능,만료공공저작물,,,O,,,,,만료저작물,
,989,국회전자도서관,元韓國一進會歷史. 冊1-3,https://dl.nanet.go.kr/search/searchInnerDetail.do?searchType=INNER_SEARCH&resultType=INNER_SEARCH_DETAIL&searchMehtod=L&searchClass=S&controlNo=OLDP12021000000041,1933,,,미부착,,개방 가능,만료공공저작물,,,O,,,,,만료저작물,
,990,국회전자도서관,"樂學軌範, 冊1-3",https://dl.nanet.go.kr/search/searchInnerDetail.do?searchType=INNER_SEARCH&resultType=INNER_SEARCH_DETAIL&searchMehtod=L&searchClass=S&controlNo=OLDP1198022358,1933,,,미부착,,개방 가능,만료공공저작물,,,O,,,,,만료저작물,
,991,국회전자도서관,軍門謄錄,https://dl.nanet.go.kr/search/searchInnerDetail.do?searchType=INNER_SEARCH&resultType=INNER_SEARCH_DETAIL&searchMehtod=L&searchClass=S&controlNo=OLDP1000000008,1933,,,미부착,,개방 가능,만료공공저작물,,,O,,,,,만료저작물,
,992,국회전자도서관,"是菴先生文集, 冊1-11",https://dl.nanet.go.kr/search/searchInnerDetail.do?searchType=INNER_SEARCH&resultType=INNER_SEARCH_DETAIL&searchMehtod=L&searchClass=S&controlNo=OLDP1198040385,1933,,,미부착,,개방 가능,만료공공저작물,,,O,,,,,만료저작물,
,993,국회전자도서관,"瑞應堂詩集, 全",https://dl.nanet.go.kr/search/searchInnerDetail.do?searchType=INNER_SEARCH&resultType=INNER_SEARCH_DETAIL&searchMehtod=L&searchClass=S&controlNo=OLDP1198040251,1933,,,미부착,,개방 가능,만료공공저작물,,,O,,,,,만료저작물,
,994,국회전자도서관,朝鮮小說史,https://dl.nanet.go.kr/search/searchInnerDetail.do?searchType=INNER_SEARCH&resultType=INNER_SEARCH_DETAIL&searchMehtod=L&searchClass=S&controlNo=OLDP1196001026,1933,,,미부착,,개방 가능,만료공공저작물,,,O,,,,,만료저작물,
,995,국회전자도서관,"東京通志, 卷1-12",https://dl.nanet.go.kr/search/searchInnerDetail.do?searchType=INNER_SEARCH&resultType=INNER_SEARCH_DETAIL&searchMehtod=L&searchClass=S&controlNo=OLDP1198040647,1933,,,미부착,,개방 가능,만료공공저작물,,,O,,,,,만료저작물,
,996,국회전자도서관,"沙村先生文集, 冊1-3",https://dl.nanet.go.kr/search/searchInnerDetail.do?searchType=INNER_SEARCH&resultType=INNER_SEARCH_DETAIL&searchMehtod=L&searchClass=S&controlNo=OLDP1198022422,1933,,,미부착,,개방 가능,만료공공저작물,,,O,,,,,만료저작물,
,997,국회전자도서관,"豹谷先生實紀, 全",https://dl.nanet.go.kr/search/searchInnerDetail.do?searchType=INNER_SEARCH&resultType=INNER_SEARCH_DETAIL&searchMehtod=L&searchClass=S&controlNo=OLDP1198040803,1933,,,미부착,,개방 가능,만료공공저작물,,,O,,,,,만료저작물,
,998,국회전자도서관,"洛涯先生文集(幷)附錄, 單",https://dl.nanet.go.kr/search/searchInnerDetail.do?searchType=INNER_SEARCH&resultType=INNER_SEARCH_DETAIL&searchMehtod=L&searchClass=S&controlNo=OLDP1198040094,1933,,,미부착,,개방 가능,만료공공저작물,,,O,,,,,만료저작물,
,999,국회전자도서관,海東諸國記,https://dl.nanet.go.kr/search/searchInnerDetail.do?searchType=INNER_SEARCH&resultType=INNER_SEARCH_DETAIL&searchMehtod=L&searchClass=S&controlNo=OLDP1000000090,1933,,,미부착,,개방 가능,만료공공저작물,,,O,,,,,만료저작물,
,1000,국회전자도서관,"晋書, 冊1-24",https://dl.nanet.go.kr/search/searchInnerDetail.do?searchType=INNER_SEARCH&resultType=INNER_SEARCH_DETAIL&searchMehtod=L&searchClass=S&controlNo=OLDP1198042199,1934,,,미부착,,개방 가능,만료공공저작물,,,O,,,,,만료저작물,
,1001,국회전자도서관,周書. 冊1-12,https://dl.nanet.go.kr/search/searchInnerDetail.do?searchType=INNER_SEARCH&resultType=INNER_SEARCH_DETAIL&searchMehtod=L&searchClass=S&controlNo=OLDP1198040947,1934,,,미부착,,개방 가능,만료공공저작물,,,O,,,,,만료저작물,
,1002,국회전자도서관,魏書. 冊1-50,https://dl.nanet.go.kr/search/searchInnerDetail.do?searchType=INNER_SEARCH&resultType=INNER_SEARCH_DETAIL&searchMehtod=L&searchClass=S&controlNo=OLDP1198042240,1934,,,미부착,,개방 가능,만료공공저작물,,,O,,,,,만료저작물,
,1003,국회전자도서관,"北齊書, 冊1-10",https://dl.nanet.go.kr/search/searchInnerDetail.do?searchType=INNER_SEARCH&resultType=INNER_SEARCH_DETAIL&searchMehtod=L&searchClass=S&controlNo=OLDP1198042184,1934,,,미부착,,개방 가능,만료공공저작물,,,O,,,,,만료저작물,
,1004,국회전자도서관,高石峯先生百印會趣意書幷會規,https://dl.nanet.go.kr/search/searchInnerDetail.do?searchType=INNER_SEARCH&resultType=INNER_SEARCH_DETAIL&searchMehtod=L&searchClass=S&controlNo=OLDP3198028070,1934,,,미부착,,개방 가능,만료공공저작물,,,O,,,,,만료저작물,
,1005,국회전자도서관,"(名碑帖選)王羲之全集, 冊1",https://dl.nanet.go.kr/search/searchInnerDetail.do?searchType=INNER_SEARCH&resultType=INNER_SEARCH_DETAIL&searchMehtod=L&searchClass=S&controlNo=OLDP3198024713,1934,,,미부착,,개방 가능,만료공공저작물,,,O,,,,,만료저작물,
,1006,국회전자도서관,"與猶堂全書, 冊1-76",https://dl.nanet.go.kr/search/searchInnerDetail.do?searchType=INNER_SEARCH&resultType=INNER_SEARCH_DETAIL&searchMehtod=L&searchClass=S&controlNo=OLDP1198040111,1934,,,미부착,,개방 가능,만료공공저작물,,,O,,,,,만료저작물,
,1007,국회전자도서관,待闡錄. 全,https://dl.nanet.go.kr/search/searchInnerDetail.do?searchType=INNER_SEARCH&resultType=INNER_SEARCH_DETAIL&searchMehtod=L&searchClass=S&controlNo=OLDP12021000000031,1934,,,미부착,,개방 가능,만료공공저작물,,,O,,,,,만료저작물,
,1008,국회전자도서관,"闡美錄, 全",https://dl.nanet.go.kr/search/searchInnerDetail.do?searchType=INNER_SEARCH&resultType=INNER_SEARCH_DETAIL&searchMehtod=L&searchClass=S&controlNo=OLDP1198040322,1934,,,미부착,,개방 가능,만료공공저작물,,,O,,,,,만료저작물,
,1009,국회전자도서관,"遲軒遺稿, 單",https://dl.nanet.go.kr/search/searchInnerDetail.do?searchType=INNER_SEARCH&resultType=INNER_SEARCH_DETAIL&searchMehtod=L&searchClass=S&controlNo=OLDP1198028947,1934,,,미부착,,개방 가능,만료공공저작물,,,O,,,,,만료저작물,
,1010,국회전자도서관,白雲和尙語錄,https://dl.nanet.go.kr/search/searchInnerDetail.do?searchType=INNER_SEARCH&resultType=INNER_SEARCH_DETAIL&searchMehtod=L&searchClass=S&controlNo=OLDP1000000324,1934,,,미부착,,개방 가능,만료공공저작물,,,O,,,,,만료저작물,
,1011,국회전자도서관,"江湖先生實記, 冊1-2",https://dl.nanet.go.kr/search/searchInnerDetail.do?searchType=INNER_SEARCH&resultType=INNER_SEARCH_DETAIL&searchMehtod=L&searchClass=S&controlNo=OLDP1198040702,1934,,,미부착,,개방 가능,만료공공저작물,,,O,,,,,만료저작물,
,1012,국회전자도서관,唐將書帖·唐將詩畵帖,https://dl.nanet.go.kr/search/searchInnerDetail.do?searchType=INNER_SEARCH&resultType=INNER_SEARCH_DETAIL&searchMehtod=L&searchClass=S&controlNo=OLDP1000000067,1934,,,미부착,,개방 가능,만료공공저작물,,,O,,,,,만료저작물,
,1013,국회전자도서관,"阮堂先生全集, 冊1-5",https://dl.nanet.go.kr/search/searchInnerDetail.do?searchType=INNER_SEARCH&resultType=INNER_SEARCH_DETAIL&searchMehtod=L&searchClass=S&controlNo=OLDP1198029183,1934,,,미부착,,개방 가능,만료공공저작물,,,O,,,,,만료저작물,
,1014,국회전자도서관,肯庵先生文集(及)附錄. 冊1-4,https://dl.nanet.go.kr/search/searchInnerDetail.do?searchType=INNER_SEARCH&resultType=INNER_SEARCH_DETAIL&searchMehtod=L&searchClass=S&controlNo=OLDP1198029905,1934,,,미부착,,개방 가능,만료공공저작물,,,O,,,,,만료저작물,
,1015,국회전자도서관,"眉山先生文集, 冊1-7",https://dl.nanet.go.kr/search/searchInnerDetail.do?searchType=INNER_SEARCH&resultType=INNER_SEARCH_DETAIL&searchMehtod=L&searchClass=S&controlNo=OLDP1198040166,1934,,,미부착,,개방 가능,만료공공저작물,,,O,,,,,만료저작물,
,1016,국회전자도서관,"續修靈光鄕案, 全",https://dl.nanet.go.kr/search/searchInnerDetail.do?searchType=INNER_SEARCH&resultType=INNER_SEARCH_DETAIL&searchMehtod=L&searchClass=S&controlNo=OLDP1198040782,1934,,,미부착,,개방 가능,만료공공저작물,,,O,,,,,만료저작물,
,1017,국회전자도서관,"逍遙堂集, 全",https://dl.nanet.go.kr/search/searchInnerDetail.do?searchType=INNER_SEARCH&resultType=INNER_SEARCH_DETAIL&searchMehtod=L&searchClass=S&controlNo=OLDP1198040306,1934,,,미부착,,개방 가능,만료공공저작물,,,O,,,,,만료저작물,
,1018,국회전자도서관,"嶠南樓亭詩集, 上, 下",https://dl.nanet.go.kr/search/searchInnerDetail.do?searchType=INNER_SEARCH&resultType=INNER_SEARCH_DETAIL&searchMehtod=L&searchClass=S&controlNo=OLDP1198040293,1934,,,미부착,,개방 가능,만료공공저작물,,,O,,,,,만료저작물,
,1019,국회전자도서관,"華海師全, 冊1-7",https://dl.nanet.go.kr/search/searchInnerDetail.do?searchType=INNER_SEARCH&resultType=INNER_SEARCH_DETAIL&searchMehtod=L&searchClass=S&controlNo=OLDP1000000426,1934,,,미부착,,개방 가능,만료공공저작물,,,O,,,,,만료저작물,
,1020,국회전자도서관,後石遺稿(及)目錄. 冊1-5,https://dl.nanet.go.kr/search/searchInnerDetail.do?searchType=INNER_SEARCH&resultType=INNER_SEARCH_DETAIL&searchMehtod=L&searchClass=S&controlNo=OLDP1198029862,1934,,,미부착,,개방 가능,만료공공저작물,,,O,,,,,만료저작물,
,1021,국회전자도서관,敬菴先生文集. 冊1-3,https://dl.nanet.go.kr/search/searchInnerDetail.do?searchType=INNER_SEARCH&resultType=INNER_SEARCH_DETAIL&searchMehtod=L&searchClass=S&controlNo=OLDP1198029859,1934,,,미부착,,개방 가능,만료공공저작물,,,O,,,,,만료저작물,
,1022,국회전자도서관,政院傳敎,https://dl.nanet.go.kr/search/searchInnerDetail.do?searchType=INNER_SEARCH&resultType=INNER_SEARCH_DETAIL&searchMehtod=L&searchClass=S&controlNo=OLDP1000000084,1934,,,미부착,,개방 가능,만료공공저작물,,,O,,,,,만료저작물,
,1023,국회전자도서관,"算學提要,全",https://dl.nanet.go.kr/search/searchInnerDetail.do?searchType=INNER_SEARCH&resultType=INNER_SEARCH_DETAIL&searchMehtod=L&searchClass=S&controlNo=OLDP3201200004,1934,,,미부착,,개방 가능,만료공공저작물,,,O,,,,,만료저작물,
,1024,국회전자도서관,"大東風雅, 乾, 坤",https://dl.nanet.go.kr/search/searchInnerDetail.do?searchType=INNER_SEARCH&resultType=INNER_SEARCH_DETAIL&searchMehtod=L&searchClass=S&controlNo=OLDP1198040298,1934,,,미부착,,개방 가능,만료공공저작물,,,O,,,,,만료저작물,
,1025,국회전자도서관,肯庵先生文集(及)附錄. 冊9-11,https://dl.nanet.go.kr/search/searchInnerDetail.do?searchType=INNER_SEARCH&resultType=INNER_SEARCH_DETAIL&searchMehtod=L&searchClass=S&controlNo=OLDP1201200151,1934,,,미부착,,개방 가능,만료공공저작물,,,O,,,,,만료저작물,
,1026,국회전자도서관,後石遺稿(及)目錄. 冊9-10,https://dl.nanet.go.kr/search/searchInnerDetail.do?searchType=INNER_SEARCH&resultType=INNER_SEARCH_DETAIL&searchMehtod=L&searchClass=S&controlNo=OLDP1201200143,1934,,,미부착,,개방 가능,만료공공저작물,,,O,,,,,만료저작물,
,1027,국회전자도서관,後石遺稿(及)目錄. 冊6-8,https://dl.nanet.go.kr/search/searchInnerDetail.do?searchType=INNER_SEARCH&resultType=INNER_SEARCH_DETAIL&searchMehtod=L&searchClass=S&controlNo=OLDP1201200142,1934,,,미부착,,개방 가능,만료공공저작물,,,O,,,,,만료저작물,
,1028,국회전자도서관,肯庵先生文集(及)附錄. 冊5-8,https://dl.nanet.go.kr/search/searchInnerDetail.do?searchType=INNER_SEARCH&resultType=INNER_SEARCH_DETAIL&searchMehtod=L&searchClass=S&controlNo=OLDP1201200150,1934,,,미부착,,개방 가능,만료공공저작물,,,O,,,,,만료저작물,
,1029,국회전자도서관,後石遺稿(及)目錄. 冊11-13,https://dl.nanet.go.kr/search/searchInnerDetail.do?searchType=INNER_SEARCH&resultType=INNER_SEARCH_DETAIL&searchMehtod=L&searchClass=S&controlNo=OLDP1201400009,1934,,,미부착,,개방 가능,만료공공저작물,,,O,,,,,만료저작물,
,1030,국회전자도서관,元史. 冊31-45,https://dl.nanet.go.kr/search/searchInnerDetail.do?searchType=INNER_SEARCH&resultType=INNER_SEARCH_DETAIL&searchMehtod=L&searchClass=S&controlNo=OLDP1202000008,1935,,,미부착,,개방 가능,만료공공저작물,,,O,,,,,만료저작물,
,1031,국회전자도서관,"南史, 冊1-20",https://dl.nanet.go.kr/search/searchInnerDetail.do?searchType=INNER_SEARCH&resultType=INNER_SEARCH_DETAIL&searchMehtod=L&searchClass=S&controlNo=OLDP1198042191,1935,,,미부착,,개방 가능,만료공공저작물,,,O,,,,,만료저작물,
,1032,국회전자도서관,元史. 冊1-15,https://dl.nanet.go.kr/search/searchInnerDetail.do?searchType=INNER_SEARCH&resultType=INNER_SEARCH_DETAIL&searchMehtod=L&searchClass=S&controlNo=OLDP1198042252,1935,,,미부착,,개방 가능,만료공공저작물,,,O,,,,,만료저작물,
,1033,국회전자도서관,北史. 冊1-32,https://dl.nanet.go.kr/search/searchInnerDetail.do?searchType=INNER_SEARCH&resultType=INNER_SEARCH_DETAIL&searchMehtod=L&searchClass=S&controlNo=OLDP1200500468,1935,,,미부착,,개방 가능,만료공공저작물,,,O,,,,,만료저작물,
,1034,국회전자도서관,隋書. 冊1-20,https://dl.nanet.go.kr/search/searchInnerDetail.do?searchType=INNER_SEARCH&resultType=INNER_SEARCH_DETAIL&searchMehtod=L&searchClass=S&controlNo=OLDP1200500467,1935,,,미부착,,개방 가능,만료공공저작물,,,O,,,,,만료저작물,
,1035,국회전자도서관,元史. 冊46-60,https://dl.nanet.go.kr/search/searchInnerDetail.do?searchType=INNER_SEARCH&resultType=INNER_SEARCH_DETAIL&searchMehtod=L&searchClass=S&controlNo=OLDP1202000009,1935,,,미부착,,개방 가능,만료공공저작물,,,O,,,,,만료저작물,
,1036,국회전자도서관,元史. 冊16-30,https://dl.nanet.go.kr/search/searchInnerDetail.do?searchType=INNER_SEARCH&resultType=INNER_SEARCH_DETAIL&searchMehtod=L&searchClass=S&controlNo=OLDP1202000007,1935,,,미부착,,개방 가능,만료공공저작물,,,O,,,,,만료저작물,
,1037,국회전자도서관,印章は性格を語る,https://dl.nanet.go.kr/search/searchInnerDetail.do?searchType=INNER_SEARCH&resultType=INNER_SEARCH_DETAIL&searchMehtod=L&searchClass=S&controlNo=OLDP3198028074,1935,,,미부착,,개방 가능,만료공공저작물,,,O,,,,,만료저작물,
,1038,국회전자도서관,"現地調査報告 : 間島省延吉縣알하河支流小李樹溝 , 第3回",https://dl.nanet.go.kr/search/searchInnerDetail.do?searchType=INNER_SEARCH&resultType=INNER_SEARCH_DETAIL&searchMehtod=L&searchClass=S&controlNo=OLDP3200609944,1935,,,미부착,,개방 가능,만료공공저작물,,,O,,,,,만료저작물,
,1039,국회전자도서관,(尋常)小學國史繪圖 : 尋常6學年用. 下卷,https://dl.nanet.go.kr/search/searchInnerDetail.do?searchType=INNER_SEARCH&resultType=INNER_SEARCH_DETAIL&searchMehtod=L&searchClass=S&controlNo=OLDP3201400001,1935,,,미부착,,개방 가능,만료공공저작물,,,O,,,,,만료저작물,
,1040,국회전자도서관,"朝鮮史料集眞. 上,下",https://dl.nanet.go.kr/search/searchInnerDetail.do?searchType=INNER_SEARCH&resultType=INNER_SEARCH_DETAIL&searchMehtod=L&searchClass=S&controlNo=OLDP32021000000009,1935,,,미부착,,개방 가능,만료공공저작물,,,O,,,,,만료저작물,
,1041,국회전자도서관,"珠聯集, 全",https://dl.nanet.go.kr/search/searchInnerDetail.do?searchType=INNER_SEARCH&resultType=INNER_SEARCH_DETAIL&searchMehtod=L&searchClass=S&controlNo=OLDP1198040254,1935,,,미부착,,개방 가능,만료공공저작물,,,O,,,,,만료저작물,
,1042,국회전자도서관,松齋羅先生遺墨,https://dl.nanet.go.kr/search/searchInnerDetail.do?searchType=INNER_SEARCH&resultType=INNER_SEARCH_DETAIL&searchMehtod=L&searchClass=S&controlNo=OLDP1198021043,1935,,,미부착,,개방 가능,만료공공저작물,,,O,,,,,만료저작물,
,1043,국회전자도서관,"湖南誌, 冊1-7",https://dl.nanet.go.kr/search/searchInnerDetail.do?searchType=INNER_SEARCH&resultType=INNER_SEARCH_DETAIL&searchMehtod=L&searchClass=S&controlNo=OLDP1198040643,1935,,,미부착,,개방 가능,만료공공저작물,,,O,,,,,만료저작물,
,1044,국회전자도서관,"陽谷先生文集(及)續, 冊1-10",https://dl.nanet.go.kr/search/searchInnerDetail.do?searchType=INNER_SEARCH&resultType=INNER_SEARCH_DETAIL&searchMehtod=L&searchClass=S&controlNo=OLDP1198022483,1935,,,미부착,,개방 가능,만료공공저작물,,,O,,,,,만료저작물,
,1045,국회전자도서관,"五賢風雅, 全",https://dl.nanet.go.kr/search/searchInnerDetail.do?searchType=INNER_SEARCH&resultType=INNER_SEARCH_DETAIL&searchMehtod=L&searchClass=S&controlNo=OLDP1198040373,1935,,,미부착,,개방 가능,만료공공저작물,,,O,,,,,만료저작물,
,1046,국회전자도서관,"恒齋遺稿(幷)附錄, 單",https://dl.nanet.go.kr/search/searchInnerDetail.do?searchType=INNER_SEARCH&resultType=INNER_SEARCH_DETAIL&searchMehtod=L&searchClass=S&controlNo=OLDP1198040155,1935,,,미부착,,개방 가능,만료공공저작물,,,O,,,,,만료저작물,
,1047,국회전자도서관,"靜菴先生文集, 元, 亨, 利, 貞",https://dl.nanet.go.kr/search/searchInnerDetail.do?searchType=INNER_SEARCH&resultType=INNER_SEARCH_DETAIL&searchMehtod=L&searchClass=S&controlNo=OLDP1198040128,1935,,,미부착,,개방 가능,만료공공저작물,,,O,,,,,만료저작물,
,1048,국회전자도서관,"四忠書院誌, 冊1-2",https://dl.nanet.go.kr/search/searchInnerDetail.do?searchType=INNER_SEARCH&resultType=INNER_SEARCH_DETAIL&searchMehtod=L&searchClass=S&controlNo=OLDP1000000361,1935,,,미부착,,개방 가능,만료공공저작물,,,O,,,,,만료저작물,
,1049,국회전자도서관,事大文軌,https://dl.nanet.go.kr/search/searchInnerDetail.do?searchType=INNER_SEARCH&resultType=INNER_SEARCH_DETAIL&searchMehtod=L&searchClass=S&controlNo=OLDP1000000097,1935,,,미부착,,개방 가능,만료공공저작물,,,O,,,,,만료저작물,
,1050,국회전자도서관,"省克堂先生文集, 乾, 坤",https://dl.nanet.go.kr/search/searchInnerDetail.do?searchType=INNER_SEARCH&resultType=INNER_SEARCH_DETAIL&searchMehtod=L&searchClass=S&controlNo=OLDP1198029207,1935,,,미부착,,개방 가능,만료공공저작물,,,O,,,,,만료저작물,
,1051,국회전자도서관,"愚齋先生文集(幷)附錄, 冊1-2",https://dl.nanet.go.kr/search/searchInnerDetail.do?searchType=INNER_SEARCH&resultType=INNER_SEARCH_DETAIL&searchMehtod=L&searchClass=S&controlNo=OLDP1198022485,1935,,,미부착,,개방 가능,만료공공저작물,,,O,,,,,만료저작물,
,1052,국회전자도서관,"(刪校)華海師全(幷)附錄, 冊1-2",https://dl.nanet.go.kr/search/searchInnerDetail.do?searchType=INNER_SEARCH&resultType=INNER_SEARCH_DETAIL&searchMehtod=L&searchClass=S&controlNo=OLDP1000000424,1935,,,미부착,,개방 가능,만료공공저작물,,,O,,,,,만료저작물,
,1053,국회전자도서관,"晩悟集, 全",https://dl.nanet.go.kr/search/searchInnerDetail.do?searchType=INNER_SEARCH&resultType=INNER_SEARCH_DETAIL&searchMehtod=L&searchClass=S&controlNo=OLDP1198040181,1936,,,미부착,,개방 가능,만료공공저작물,,,O,,,,,만료저작물,
,1054,국회전자도서관,史記. 冊10-18,https://dl.nanet.go.kr/search/searchInnerDetail.do?searchType=INNER_SEARCH&resultType=INNER_SEARCH_DETAIL&searchMehtod=L&searchClass=S&controlNo=OLDP1201400027,1936,,,미부착,,개방 가능,만료공공저작물,,,O,,,,,만료저작물,
,1055,국회전자도서관,史記. 冊1-9,https://dl.nanet.go.kr/search/searchInnerDetail.do?searchType=INNER_SEARCH&resultType=INNER_SEARCH_DETAIL&searchMehtod=L&searchClass=S&controlNo=OLDP1200316192,1936,,,미부착,,개방 가능,만료공공저작물,,,O,,,,,만료저작물,
,1056,국회전자도서관,"舊唐書, 冊1-36",https://dl.nanet.go.kr/search/searchInnerDetail.do?searchType=INNER_SEARCH&resultType=INNER_SEARCH_DETAIL&searchMehtod=L&searchClass=S&controlNo=OLDP1198042232,1936,,,미부착,,개방 가능,만료공공저작물,,,O,,,,,만료저작물,
,1057,국회전자도서관,"明 史(及)附錄, 冊1-100",https://dl.nanet.go.kr/search/searchInnerDetail.do?searchType=INNER_SEARCH&resultType=INNER_SEARCH_DETAIL&searchMehtod=L&searchClass=S&controlNo=OLDP1200500446,1936,,,미부착,,개방 가능,만료공공저작물,,,O,,,,,만료저작물,
,1058,국회전자도서관,"明 史(及)附錄, 冊1-100",https://dl.nanet.go.kr/search/searchInnerDetail.do?searchType=INNER_SEARCH&resultType=INNER_SEARCH_DETAIL&searchMehtod=L&searchClass=S&controlNo=OLDP1200500441,1936,,,미부착,,개방 가능,만료공공저작물,,,O,,,,,만료저작물,
,1059,국회전자도서관,"舊五代史, 冊1-24",https://dl.nanet.go.kr/search/searchInnerDetail.do?searchType=INNER_SEARCH&resultType=INNER_SEARCH_DETAIL&searchMehtod=L&searchClass=S&controlNo=OLDP1200500447,1936,,,미부착,,개방 가능,만료공공저작물,,,O,,,,,만료저작물,
,1060,국회전자도서관,"明 史(及)附錄, 冊1-100",https://dl.nanet.go.kr/search/searchInnerDetail.do?searchType=INNER_SEARCH&resultType=INNER_SEARCH_DETAIL&searchMehtod=L&searchClass=S&controlNo=OLDP1200500444,1936,,,미부착,,개방 가능,만료공공저작물,,,O,,,,,만료저작물,
,1061,국회전자도서관,"明 史(及)附錄, 冊1-100",https://dl.nanet.go.kr/search/searchInnerDetail.do?searchType=INNER_SEARCH&resultType=INNER_SEARCH_DETAIL&searchMehtod=L&searchClass=S&controlNo=OLDP1200500443,1936,,,미부착,,개방 가능,만료공공저작물,,,O,,,,,만료저작물,
,1062,국회전자도서관,"明 史(及)附錄, 冊1-100",https://dl.nanet.go.kr/search/searchInnerDetail.do?searchType=INNER_SEARCH&resultType=INNER_SEARCH_DETAIL&searchMehtod=L&searchClass=S&controlNo=OLDP1200500439,1936,,,미부착,,개방 가능,만료공공저작물,,,O,,,,,만료저작물,
,1063,국회전자도서관,"新唐書. 冊1-2, 本紀",https://dl.nanet.go.kr/search/searchInnerDetail.do?searchType=INNER_SEARCH&resultType=INNER_SEARCH_DETAIL&searchMehtod=L&searchClass=S&controlNo=OLDP1198042247,1936,,,미부착,,개방 가능,만료공공저작물,,,O,,,,,만료저작물,
,1064,국회전자도서관,史記. 冊19-30,https://dl.nanet.go.kr/search/searchInnerDetail.do?searchType=INNER_SEARCH&resultType=INNER_SEARCH_DETAIL&searchMehtod=L&searchClass=S&controlNo=OLDP1201400026,1936,,,미부착,,개방 가능,만료공공저작물,,,O,,,,,만료저작물,
,1065,국회전자도서관,增補參贊秘傳天機大要,https://dl.nanet.go.kr/search/searchInnerDetail.do?searchType=INNER_SEARCH&resultType=INNER_SEARCH_DETAIL&searchMehtod=L&searchClass=S&controlNo=OLDP1199918214,1936,,,미부착,,개방 가능,만료공공저작물,,,O,,,,,만료저작물,
,1066,국회전자도서관,"新唐書. 冊11-19, 表",https://dl.nanet.go.kr/search/searchInnerDetail.do?searchType=INNER_SEARCH&resultType=INNER_SEARCH_DETAIL&searchMehtod=L&searchClass=S&controlNo=OLDP1202000019,1936,,,미부착,,개방 가능,만료공공저작물,,,O,,,,,만료저작물,
,1067,국회전자도서관,"明庵文集, 單",https://dl.nanet.go.kr/search/searchInnerDetail.do?searchType=INNER_SEARCH&resultType=INNER_SEARCH_DETAIL&searchMehtod=L&searchClass=S&controlNo=OLDP1198040374,1936,,,미부착,,개방 가능,만료공공저작물,,,O,,,,,만료저작물,
,1068,국회전자도서관,"湯島紀行, 全",https://dl.nanet.go.kr/search/searchInnerDetail.do?searchType=INNER_SEARCH&resultType=INNER_SEARCH_DETAIL&searchMehtod=L&searchClass=S&controlNo=OLDP1198040661,1936,,,미부착,,개방 가능,만료공공저작물,,,O,,,,,만료저작물,
,1069,국회전자도서관,"立齋文集(及)附錄, 冊1-5",https://dl.nanet.go.kr/search/searchInnerDetail.do?searchType=INNER_SEARCH&resultType=INNER_SEARCH_DETAIL&searchMehtod=L&searchClass=S&controlNo=OLDP1198040068,1936,,,미부착,,개방 가능,만료공공저작물,,,O,,,,,만료저작물,
,1070,국회전자도서관,鎭管官兵編伍冊殘卷,https://dl.nanet.go.kr/search/searchInnerDetail.do?searchType=INNER_SEARCH&resultType=INNER_SEARCH_DETAIL&searchMehtod=L&searchClass=S&controlNo=OLDP1000000087,1936,,,미부착,,개방 가능,만료공공저작물,,,O,,,,,만료저작물,
,1071,국회전자도서관,亂後雜錄,https://dl.nanet.go.kr/search/searchInnerDetail.do?searchType=INNER_SEARCH&resultType=INNER_SEARCH_DETAIL&searchMehtod=L&searchClass=S&controlNo=OLDP1000000066,1936,,,미부착,,개방 가능,만료공공저작물,,,O,,,,,만료저작물,
,1072,국회전자도서관,"龍洲書院誌, 冊1-2",https://dl.nanet.go.kr/search/searchInnerDetail.do?searchType=INNER_SEARCH&resultType=INNER_SEARCH_DETAIL&searchMehtod=L&searchClass=S&controlNo=OLDP1000000366,1936,,,미부착,,개방 가능,만료공공저작물,,,O,,,,,만료저작물,
,1073,국회전자도서관,"蘧觀聯芳集. 春, 夏, 秋, 冬",https://dl.nanet.go.kr/search/searchInnerDetail.do?searchType=INNER_SEARCH&resultType=INNER_SEARCH_DETAIL&searchMehtod=L&searchClass=S&controlNo=OLDP1198040212,1936,,,미부착,,개방 가능,만료공공저작물,,,O,,,,,만료저작물,
,1074,국회전자도서관,"文山遺稿, 乾, 坤",https://dl.nanet.go.kr/search/searchInnerDetail.do?searchType=INNER_SEARCH&resultType=INNER_SEARCH_DETAIL&searchMehtod=L&searchClass=S&controlNo=OLDP1198040381,1936,,,미부착,,개방 가능,만료공공저작물,,,O,,,,,만료저작물,
,1075,국회전자도서관,"景賢祠誌, 冊1-4",https://dl.nanet.go.kr/search/searchInnerDetail.do?searchType=INNER_SEARCH&resultType=INNER_SEARCH_DETAIL&searchMehtod=L&searchClass=S&controlNo=OLDP1200500323,1936,,,미부착,,개방 가능,만료공공저작물,,,O,,,,,만료저작물,
,1076,국회전자도서관,草本懲毖錄,https://dl.nanet.go.kr/search/searchInnerDetail.do?searchType=INNER_SEARCH&resultType=INNER_SEARCH_DETAIL&searchMehtod=L&searchClass=S&controlNo=OLDP1000000088,1936,,,미부착,,개방 가능,만료공공저작물,,,O,,,,,만료저작물,
,1077,국회전자도서관,制勝方略,https://dl.nanet.go.kr/search/searchInnerDetail.do?searchType=INNER_SEARCH&resultType=INNER_SEARCH_DETAIL&searchMehtod=L&searchClass=S&controlNo=OLDP1000000085,1936,,,미부착,,개방 가능,만료공공저작물,,,O,,,,,만료저작물,
,1078,국회전자도서관,"丹巖先生年譜, 仁, 義, 禮, 智, 信",https://dl.nanet.go.kr/search/searchInnerDetail.do?searchType=INNER_SEARCH&resultType=INNER_SEARCH_DETAIL&searchMehtod=L&searchClass=S&controlNo=OLDP1198040715,1936,,,미부착,,개방 가능,만료공공저작물,,,O,,,,,만료저작물,
,1079,국회전자도서관,"朝野通錄, 冊3",https://dl.nanet.go.kr/search/searchInnerDetail.do?searchType=INNER_SEARCH&resultType=INNER_SEARCH_DETAIL&searchMehtod=L&searchClass=S&controlNo=OLDP1198040686,1936,,,미부착,,개방 가능,만료공공저작물,,,O,,,,,만료저작물,
,1080,국회전자도서관,"晩休先生文集, 冊1-2",https://dl.nanet.go.kr/search/searchInnerDetail.do?searchType=INNER_SEARCH&resultType=INNER_SEARCH_DETAIL&searchMehtod=L&searchClass=S&controlNo=OLDP1198022444,1936,,,미부착,,개방 가능,만료공공저작물,,,O,,,,,만료저작물,
,1081,국회전자도서관,"愚淵先生文集, 全",https://dl.nanet.go.kr/search/searchInnerDetail.do?searchType=INNER_SEARCH&resultType=INNER_SEARCH_DETAIL&searchMehtod=L&searchClass=S&controlNo=OLDP1198029190,1936,,,미부착,,개방 가능,만료공공저작물,,,O,,,,,만료저작물,
,1082,국회전자도서관,"新唐書. 冊31-40, 列傳",https://dl.nanet.go.kr/search/searchInnerDetail.do?searchType=INNER_SEARCH&resultType=INNER_SEARCH_DETAIL&searchMehtod=L&searchClass=S&controlNo=OLDP1202000021,1936,,,미부착,,개방 가능,만료공공저작물,,,O,,,,,만료저작물,
,1083,국회전자도서관,"新唐書. 冊20-30, 列傳",https://dl.nanet.go.kr/search/searchInnerDetail.do?searchType=INNER_SEARCH&resultType=INNER_SEARCH_DETAIL&searchMehtod=L&searchClass=S&controlNo=OLDP1202000020,1936,,,미부착,,개방 가능,만료공공저작물,,,O,,,,,만료저작물,
,1084,국회전자도서관,"新唐書. 冊3-10, 志",https://dl.nanet.go.kr/search/searchInnerDetail.do?searchType=INNER_SEARCH&resultType=INNER_SEARCH_DETAIL&searchMehtod=L&searchClass=S&controlNo=OLDP1202000018,1936,,,미부착,,개방 가능,만료공공저작물,,,O,,,,,만료저작물,
,1085,국회전자도서관,宋 史. 冊126-136,https://dl.nanet.go.kr/search/searchInnerDetail.do?searchType=INNER_SEARCH&resultType=INNER_SEARCH_DETAIL&searchMehtod=L&searchClass=S&controlNo=OLDP1200500456,1937,,,미부착,,개방 가능,만료공공저작물,,,O,,,,,만료저작물,
,1086,국회전자도서관,宋 史. 冊76-100,https://dl.nanet.go.kr/search/searchInnerDetail.do?searchType=INNER_SEARCH&resultType=INNER_SEARCH_DETAIL&searchMehtod=L&searchClass=S&controlNo=OLDP1200500453,1937,,,미부착,,개방 가능,만료공공저작물,,,O,,,,,만료저작물,
,1087,국회전자도서관,宋 史. 冊1-25,https://dl.nanet.go.kr/search/searchInnerDetail.do?searchType=INNER_SEARCH&resultType=INNER_SEARCH_DETAIL&searchMehtod=L&searchClass=S&controlNo=OLDP1200500448,1937,,,미부착,,개방 가능,만료공공저작물,,,O,,,,,만료저작물,
,1088,국회전자도서관,宋 史. 冊101-125,https://dl.nanet.go.kr/search/searchInnerDetail.do?searchType=INNER_SEARCH&resultType=INNER_SEARCH_DETAIL&searchMehtod=L&searchClass=S&controlNo=OLDP1200500455,1937,,,미부착,,개방 가능,만료공공저작물,,,O,,,,,만료저작물,
,1089,국회전자도서관,宋 史. 冊51-75,https://dl.nanet.go.kr/search/searchInnerDetail.do?searchType=INNER_SEARCH&resultType=INNER_SEARCH_DETAIL&searchMehtod=L&searchClass=S&controlNo=OLDP1200500451,1937,,,미부착,,개방 가능,만료공공저작물,,,O,,,,,만료저작물,
,1090,국회전자도서관,宋 史. 冊26-50,https://dl.nanet.go.kr/search/searchInnerDetail.do?searchType=INNER_SEARCH&resultType=INNER_SEARCH_DETAIL&searchMehtod=L&searchClass=S&controlNo=OLDP1200500450,1937,,,미부착,,개방 가능,만료공공저작물,,,O,,,,,만료저작물,
,1091,국회전자도서관,松塢遺稿. 冊5-8,https://dl.nanet.go.kr/search/searchInnerDetail.do?searchType=INNER_SEARCH&resultType=INNER_SEARCH_DETAIL&searchMehtod=L&searchClass=S&controlNo=OLDP1201200129,1937,,,미부착,,개방 가능,만료공공저작물,,,O,,,,,만료저작물,
,1092,국회전자도서관,"陽村集, 冊1-8",https://dl.nanet.go.kr/search/searchInnerDetail.do?searchType=INNER_SEARCH&resultType=INNER_SEARCH_DETAIL&searchMehtod=L&searchClass=S&controlNo=OLDP1196000762,1937,,,미부착,,개방 가능,만료공공저작물,,,O,,,,,만료저작물,
,1093,국회전자도서관,松塢遺稿. 冊1-4,https://dl.nanet.go.kr/search/searchInnerDetail.do?searchType=INNER_SEARCH&resultType=INNER_SEARCH_DETAIL&searchMehtod=L&searchClass=S&controlNo=OLDP1199914178,1937,,,미부착,,개방 가능,만료공공저작물,,,O,,,,,만료저작물,
,1094,국회전자도서관,分水嶺 : 詩集,https://dl.nanet.go.kr/search/searchInnerDetail.do?searchType=INNER_SEARCH&resultType=INNER_SEARCH_DETAIL&searchMehtod=L&searchClass=S&controlNo=OLDP1196001028,1937,,,미부착,,개방 가능,만료공공저작물,,,O,,,,,만료저작물,
,1095,국회전자도서관,"朝鮮史料集眞, 續",https://dl.nanet.go.kr/search/searchInnerDetail.do?searchType=INNER_SEARCH&resultType=INNER_SEARCH_DETAIL&searchMehtod=L&searchClass=S&controlNo=OLDP3200500078,1937,,,미부착,,개방 가능,만료공공저작물,,,O,,,,,만료저작물,
,1096,국회전자도서관,"名局解說, 冊1-2",https://dl.nanet.go.kr/search/searchInnerDetail.do?searchType=INNER_SEARCH&resultType=INNER_SEARCH_DETAIL&searchMehtod=L&searchClass=S&controlNo=OLDP3198024722,1937,,,미부착,,개방 가능,만료공공저작물,,,O,,,,,만료저작물,
,1097,국회전자도서관,愚潭先生文集. 冊4-6,https://dl.nanet.go.kr/search/searchInnerDetail.do?searchType=INNER_SEARCH&resultType=INNER_SEARCH_DETAIL&searchMehtod=L&searchClass=S&controlNo=OLDP1201200209,1937,,,미부착,,개방 가능,만료공공저작물,,,O,,,,,만료저작물,
,1098,국회전자도서관,"樹谷文集(幷)附錄, 冊1-3",https://dl.nanet.go.kr/search/searchInnerDetail.do?searchType=INNER_SEARCH&resultType=INNER_SEARCH_DETAIL&searchMehtod=L&searchClass=S&controlNo=OLDP1198022372,1937,,,미부착,,개방 가능,만료공공저작물,,,O,,,,,만료저작물,
,1099,국회전자도서관,"詩海韻珠, 冊1-4",https://dl.nanet.go.kr/search/searchInnerDetail.do?searchType=INNER_SEARCH&resultType=INNER_SEARCH_DETAIL&searchMehtod=L&searchClass=S&controlNo=OLDP1198040490,1937,,,미부착,,개방 가능,만료공공저작물,,,O,,,,,만료저작물,
,1100,국회전자도서관,紹修書院謄錄,https://dl.nanet.go.kr/search/searchInnerDetail.do?searchType=INNER_SEARCH&resultType=INNER_SEARCH_DETAIL&searchMehtod=L&searchClass=S&controlNo=OLDP1000000010,1937,,,미부착,,개방 가능,만료공공저작물,,,O,,,,,만료저작물,
,1101,국회전자도서관,續武定寶鑑,https://dl.nanet.go.kr/search/searchInnerDetail.do?searchType=INNER_SEARCH&resultType=INNER_SEARCH_DETAIL&searchMehtod=L&searchClass=S&controlNo=OLDP1000000083,1937,,,미부착,,개방 가능,만료공공저작물,,,O,,,,,만료저작물,
,1102,국회전자도서관,保閑齋集,https://dl.nanet.go.kr/search/searchInnerDetail.do?searchType=INNER_SEARCH&resultType=INNER_SEARCH_DETAIL&searchMehtod=L&searchClass=S&controlNo=OLDP1000000071,1937,,,미부착,,개방 가능,만료공공저작물,,,O,,,,,만료저작물,
,1103,국회전자도서관,敬慕齋誌,https://dl.nanet.go.kr/search/searchInnerDetail.do?searchType=INNER_SEARCH&resultType=INNER_SEARCH_DETAIL&searchMehtod=L&searchClass=S&controlNo=OLDP1000000346,1937,,,미부착,,개방 가능,만료공공저작물,,,O,,,,,만료저작물,
,1104,국회전자도서관,槿域印藪. 第1-4函,https://dl.nanet.go.kr/search/searchInnerDetail.do?searchType=INNER_SEARCH&resultType=INNER_SEARCH_DETAIL&searchMehtod=L&searchClass=S&controlNo=OLDP1196001070,1937,,,미부착,,개방 가능,만료공공저작물,,,O,,,,,만료저작물,
,1105,국회전자도서관,四禮便覽. 冊1-2,https://dl.nanet.go.kr/search/searchInnerDetail.do?searchType=INNER_SEARCH&resultType=INNER_SEARCH_DETAIL&searchMehtod=L&searchClass=S&controlNo=OLDP1199914119,1937,,,미부착,,개방 가능,만료공공저작물,,,O,,,,,만료저작물,
,1106,국회전자도서관,槿域印藪總目錄,https://dl.nanet.go.kr/search/searchInnerDetail.do?searchType=INNER_SEARCH&resultType=INNER_SEARCH_DETAIL&searchMehtod=L&searchClass=S&controlNo=OLDP1000000023,1937,,,미부착,,개방 가능,만료공공저작물,,,O,,,,,만료저작물,
,1107,국회전자도서관,"朝鮮賦, 全",https://dl.nanet.go.kr/search/searchInnerDetail.do?searchType=INNER_SEARCH&resultType=INNER_SEARCH_DETAIL&searchMehtod=L&searchClass=S&controlNo=OLDP1198040616,1937,,,미부착,,개방 가능,만료공공저작물,,,O,,,,,만료저작물,
,1108,국회전자도서관,愚潭先生文集. 冊1-3,https://dl.nanet.go.kr/search/searchInnerDetail.do?searchType=INNER_SEARCH&resultType=INNER_SEARCH_DETAIL&searchMehtod=L&searchClass=S&controlNo=OLDP1198040110,1937,,,미부착,,개방 가능,만료공공저작물,,,O,,,,,만료저작물,
,1109,국회전자도서관,"晦岡遺稿, 乾, 坤",https://dl.nanet.go.kr/search/searchInnerDetail.do?searchType=INNER_SEARCH&resultType=INNER_SEARCH_DETAIL&searchMehtod=L&searchClass=S&controlNo=OLDP1198029880,1937,,,미부착,,개방 가능,만료공공저작물,,,O,,,,,만료저작물,
,1110,국회전자도서관,宗家朝鮮陣文書 : 朝鮮史編修會 編,https://dl.nanet.go.kr/search/searchInnerDetail.do?searchType=INNER_SEARCH&resultType=INNER_SEARCH_DETAIL&searchMehtod=L&searchClass=S&controlNo=OLDP1000000086,1937,,,미부착,,개방 가능,만료공공저작물,,,O,,,,,만료저작물,
,1111,국회전자도서관,"金陵大聖院題詠錄, 冊1-2",https://dl.nanet.go.kr/search/searchInnerDetail.do?searchType=INNER_SEARCH&resultType=INNER_SEARCH_DETAIL&searchMehtod=L&searchClass=S&controlNo=OLDP1198040289,1937,,,미부착,,개방 가능,만료공공저작물,,,O,,,,,만료저작물,
,1112,국회전자도서관,"靜齋先生文集(幷)附錄, 冊1-4",https://dl.nanet.go.kr/search/searchInnerDetail.do?searchType=INNER_SEARCH&resultType=INNER_SEARCH_DETAIL&searchMehtod=L&searchClass=S&controlNo=OLDP1198029903,1937,,,미부착,,개방 가능,만료공공저작물,,,O,,,,,만료저작물,
,1113,국회전자도서관,"遠州藏帳圖鑑, 冊1-2",https://dl.nanet.go.kr/search/searchInnerDetail.do?searchType=INNER_SEARCH&resultType=INNER_SEARCH_DETAIL&searchMehtod=L&searchClass=S&controlNo=OLDP3198028065,1938,,,미부착,,개방 가능,만료공공저작물,,,O,,,,,만료저작물,
,1114,국회전자도서관,東獻備考,https://dl.nanet.go.kr/search/searchInnerDetail.do?searchType=INNER_SEARCH&resultType=INNER_SEARCH_DETAIL&searchMehtod=L&searchClass=S&controlNo=OLDP1199917983,1938,,,미부착,,개방 가능,만료공공저작물,,,O,,,,,만료저작물,
,1115,국회전자도서관,"訥齋集(及)續, 冊1-4",https://dl.nanet.go.kr/search/searchInnerDetail.do?searchType=INNER_SEARCH&resultType=INNER_SEARCH_DETAIL&searchMehtod=L&searchClass=S&controlNo=OLDP1198029846,1938,,,미부착,,개방 가능,만료공공저작물,,,O,,,,,만료저작물,
,1116,국회전자도서관,高麗史節要. 卷16-36,https://dl.nanet.go.kr/search/searchInnerDetail.do?searchType=INNER_SEARCH&resultType=INNER_SEARCH_DETAIL&searchMehtod=L&searchClass=S&controlNo=OLDP1201600007,1938,,,미부착,,개방 가능,만료공공저작물,,,O,,,,,만료저작물,
,1117,국회전자도서관,"兩世忠孝錄, 全",https://dl.nanet.go.kr/search/searchInnerDetail.do?searchType=INNER_SEARCH&resultType=INNER_SEARCH_DETAIL&searchMehtod=L&searchClass=S&controlNo=OLDP1198040728,1938,,,미부착,,개방 가능,만료공공저작물,,,O,,,,,만료저작물,
,1118,국회전자도서관,高麗史節要. 卷1-15,https://dl.nanet.go.kr/search/searchInnerDetail.do?searchType=INNER_SEARCH&resultType=INNER_SEARCH_DETAIL&searchMehtod=L&searchClass=S&controlNo=OLDP1000000065,1938,,,미부착,,개방 가능,만료공공저작물,,,O,,,,,만료저작물,
,1119,국회전자도서관,五堂實紀,https://dl.nanet.go.kr/search/searchInnerDetail.do?searchType=INNER_SEARCH&resultType=INNER_SEARCH_DETAIL&searchMehtod=L&searchClass=S&controlNo=OLDP1199918051,1938,,,미부착,,개방 가능,만료공공저작물,,,O,,,,,만료저작물,
,1120,국회전자도서관,"一軒集, 冊1-2",https://dl.nanet.go.kr/search/searchInnerDetail.do?searchType=INNER_SEARCH&resultType=INNER_SEARCH_DETAIL&searchMehtod=L&searchClass=S&controlNo=OLDP1198040043,1938,,,미부착,,개방 가능,만료공공저작물,,,O,,,,,만료저작물,
,1121,국회전자도서관,"春坡遺稿(幷)遺墨, 全",https://dl.nanet.go.kr/search/searchInnerDetail.do?searchType=INNER_SEARCH&resultType=INNER_SEARCH_DETAIL&searchMehtod=L&searchClass=S&controlNo=OLDP1198040183,1938,,,미부착,,개방 가능,만료공공저작물,,,O,,,,,만료저작물,
,1122,국회전자도서관,"秋齋集, 冊1-4",https://dl.nanet.go.kr/search/searchInnerDetail.do?searchType=INNER_SEARCH&resultType=INNER_SEARCH_DETAIL&searchMehtod=L&searchClass=S&controlNo=OLDP1198040297,1938,,,미부착,,개방 가능,만료공공저작물,,,O,,,,,만료저작물,
,1123,국회전자도서관,"遊金剛山錄, 全",https://dl.nanet.go.kr/search/searchInnerDetail.do?searchType=INNER_SEARCH&resultType=INNER_SEARCH_DETAIL&searchMehtod=L&searchClass=S&controlNo=OLDP1198040632,1938,,,미부착,,개방 가능,만료공공저작물,,,O,,,,,만료저작물,
,1124,국회전자도서관,"방村先生實紀, 乾, 坤",https://dl.nanet.go.kr/search/searchInnerDetail.do?searchType=INNER_SEARCH&resultType=INNER_SEARCH_DETAIL&searchMehtod=L&searchClass=S&controlNo=OLDP1198040817,1938,,,미부착,,개방 가능,만료공공저작물,,,O,,,,,만료저작물,
,1125,국회전자도서관,和漢人蓡考,https://dl.nanet.go.kr/search/searchInnerDetail.do?searchType=INNER_SEARCH&resultType=INNER_SEARCH_DETAIL&searchMehtod=L&searchClass=S&controlNo=OLDP3198028060,1938,,,미부착,,개방 가능,만료공공저작물,,,O,,,,,만료저작물,
,1126,국회전자도서관,正德朝鮮信使登城行列圖,https://dl.nanet.go.kr/search/searchInnerDetail.do?searchType=INNER_SEARCH&resultType=INNER_SEARCH_DETAIL&searchMehtod=L&searchClass=S&controlNo=OLDP1000000077,1938,,,미부착,,개방 가능,만료공공저작물,,,O,,,,,만료저작물,
,1127,국회전자도서관,"雜攷, 冊2, 5, 7, 9",https://dl.nanet.go.kr/search/searchInnerDetail.do?searchType=INNER_SEARCH&resultType=INNER_SEARCH_DETAIL&searchMehtod=L&searchClass=S&controlNo=OLDP1200500373,1938,,,미부착,,개방 가능,만료공공저작물,,,O,,,,,만료저작물,
,1128,국회전자도서관,涵虛堂得通和尙語錄,https://dl.nanet.go.kr/search/searchInnerDetail.do?searchType=INNER_SEARCH&resultType=INNER_SEARCH_DETAIL&searchMehtod=L&searchClass=S&controlNo=OLDP1200818570,1939,,,미부착,,개방 가능,만료공공저작물,,,O,,,,,만료저작물,
,1129,국회전자도서관,商業新書鑑,https://dl.nanet.go.kr/search/searchInnerDetail.do?searchType=INNER_SEARCH&resultType=INNER_SEARCH_DETAIL&searchMehtod=L&searchClass=S&controlNo=OLDP3198024714,1939,,,미부착,,개방 가능,만료공공저작물,,,O,,,,,만료저작물,
,1130,국회전자도서관,玄海灘 : 詩集,https://dl.nanet.go.kr/search/searchInnerDetail.do?searchType=INNER_SEARCH&resultType=INNER_SEARCH_DETAIL&searchMehtod=L&searchClass=S&controlNo=OLDP1196001015,1939,,,미부착,,개방 가능,만료공공저작물,,,O,,,,,만료저작물,
,1131,국회전자도서관,龍巖集. 冊4-6,https://dl.nanet.go.kr/search/searchInnerDetail.do?searchType=INNER_SEARCH&resultType=INNER_SEARCH_DETAIL&searchMehtod=L&searchClass=S&controlNo=OLDP1201200133,1939,,,미부착,,개방 가능,만료공공저작물,,,O,,,,,만료저작물,
,1132,국회전자도서관,"嘉藍時調集, 全",https://dl.nanet.go.kr/search/searchInnerDetail.do?searchType=INNER_SEARCH&resultType=INNER_SEARCH_DETAIL&searchMehtod=L&searchClass=S&controlNo=OLDP1198040321,1939,,,미부착,,개방 가능,만료공공저작물,,,O,,,,,만료저작물,
,1133,국회전자도서관,"嶺南文獻錄, 冊1-10",https://dl.nanet.go.kr/search/searchInnerDetail.do?searchType=INNER_SEARCH&resultType=INNER_SEARCH_DETAIL&searchMehtod=L&searchClass=S&controlNo=OLDP1198040753,1939,,,미부착,,개방 가능,만료공공저작물,,,O,,,,,만료저작물,
,1134,국회전자도서관,"動安居士文集(及)解說, 全",https://dl.nanet.go.kr/search/searchInnerDetail.do?searchType=INNER_SEARCH&resultType=INNER_SEARCH_DETAIL&searchMehtod=L&searchClass=S&controlNo=OLDP1198040051,1939,,,미부착,,개방 가능,만료공공저작물,,,O,,,,,만료저작물,
,1135,국회전자도서관,朝鮮五賢文抄,https://dl.nanet.go.kr/search/searchInnerDetail.do?searchType=INNER_SEARCH&resultType=INNER_SEARCH_DETAIL&searchMehtod=L&searchClass=S&controlNo=OLDP1000000212,1939,,,미부착,,개방 가능,만료공공저작물,,,O,,,,,만료저작물,
,1136,국회전자도서관,龍巖集. 冊1-3,https://dl.nanet.go.kr/search/searchInnerDetail.do?searchType=INNER_SEARCH&resultType=INNER_SEARCH_DETAIL&searchMehtod=L&searchClass=S&controlNo=OLDP1198028946,1939,,,미부착,,개방 가능,만료공공저작물,,,O,,,,,만료저작물,
,1137,국회전자도서관,"礪良宋氏三世實記, 全",https://dl.nanet.go.kr/search/searchInnerDetail.do?searchType=INNER_SEARCH&resultType=INNER_SEARCH_DETAIL&searchMehtod=L&searchClass=S&controlNo=OLDP1198040823,1939,,,미부착,,개방 가능,만료공공저작물,,,O,,,,,만료저작물,
,1138,국회전자도서관,"松塢遺稿, 全",https://dl.nanet.go.kr/search/searchInnerDetail.do?searchType=INNER_SEARCH&resultType=INNER_SEARCH_DETAIL&searchMehtod=L&searchClass=S&controlNo=OLDP1198040032,1939,,,미부착,,개방 가능,만료공공저작물,,,O,,,,,만료저작물,
,1139,국회전자도서관,大學新講義,https://dl.nanet.go.kr/search/searchInnerDetail.do?searchType=INNER_SEARCH&resultType=INNER_SEARCH_DETAIL&searchMehtod=L&searchClass=S&controlNo=OLDP1000000487,1939,,,미부착,,개방 가능,만료공공저작물,,,O,,,,,만료저작물,
,1140,국회전자도서관,"懶翁和尙語錄, 全",https://dl.nanet.go.kr/search/searchInnerDetail.do?searchType=INNER_SEARCH&resultType=INNER_SEARCH_DETAIL&searchMehtod=L&searchClass=S&controlNo=OLDP1200818475,1939,,,미부착,,개방 가능,만료공공저작물,,,O,,,,,만료저작물,
,1141,국회전자도서관,"稼亭先生文集, 冊1-4",https://dl.nanet.go.kr/search/searchInnerDetail.do?searchType=INNER_SEARCH&resultType=INNER_SEARCH_DETAIL&searchMehtod=L&searchClass=S&controlNo=OLDP1198029894,1939,,,미부착,,개방 가능,만료공공저작물,,,O,,,,,만료저작물,
,1142,국회전자도서관,"守分窩實記, 全",https://dl.nanet.go.kr/search/searchInnerDetail.do?searchType=INNER_SEARCH&resultType=INNER_SEARCH_DETAIL&searchMehtod=L&searchClass=S&controlNo=OLDP1198040757,1939,,,미부착,,개방 가능,만료공공저작물,,,O,,,,,만료저작물,
,1143,국회전자도서관,"帝王韻紀, 全",https://dl.nanet.go.kr/search/searchInnerDetail.do?searchType=INNER_SEARCH&resultType=INNER_SEARCH_DETAIL&searchMehtod=L&searchClass=S&controlNo=OLDP1200500284,1939,,,미부착,,개방 가능,만료공공저작물,,,O,,,,,만료저작물,
,1144,국회전자도서관,"海東風雅, 冊1-2",https://dl.nanet.go.kr/search/searchInnerDetail.do?searchType=INNER_SEARCH&resultType=INNER_SEARCH_DETAIL&searchMehtod=L&searchClass=S&controlNo=OLDP1198040266,1939,,,미부착,,개방 가능,만료공공저작물,,,O,,,,,만료저작물,
,1145,국회전자도서관,"茶飯更嚼, 全",https://dl.nanet.go.kr/search/searchInnerDetail.do?searchType=INNER_SEARCH&resultType=INNER_SEARCH_DETAIL&searchMehtod=L&searchClass=S&controlNo=OLDP1198040414,1939,,,미부착,,개방 가능,만료공공저작물,,,O,,,,,만료저작물,
,1146,국회전자도서관,"古學叢刊, 5, 7-9",https://dl.nanet.go.kr/search/searchInnerDetail.do?searchType=INNER_SEARCH&resultType=INNER_SEARCH_DETAIL&searchMehtod=L&searchClass=S&controlNo=OLDP3000000051,1940,,,미부착,,개방 가능,만료공공저작물,,,O,,,,,만료저작물,
,1147,국회전자도서관,六書尋源. 24-26,https://dl.nanet.go.kr/search/searchInnerDetail.do?searchType=INNER_SEARCH&resultType=INNER_SEARCH_DETAIL&searchMehtod=L&searchClass=S&controlNo=OLDP1201200042,1940,,,미부착,,개방 가능,만료공공저작물,,,O,,,,,만료저작물,
,1148,국회전자도서관,六書尋源. 14-15,https://dl.nanet.go.kr/search/searchInnerDetail.do?searchType=INNER_SEARCH&resultType=INNER_SEARCH_DETAIL&searchMehtod=L&searchClass=S&controlNo=OLDP1000000094,1940,,,미부착,,개방 가능,만료공공저작물,,,O,,,,,만료저작물,
,1149,국회전자도서관,六書尋源. 3-4,https://dl.nanet.go.kr/search/searchInnerDetail.do?searchType=INNER_SEARCH&resultType=INNER_SEARCH_DETAIL&searchMehtod=L&searchClass=S&controlNo=OLDP1201200034,1940,,,미부착,,개방 가능,만료공공저작물,,,O,,,,,만료저작물,
,1150,국회전자도서관,六書尋源. 5-6,https://dl.nanet.go.kr/search/searchInnerDetail.do?searchType=INNER_SEARCH&resultType=INNER_SEARCH_DETAIL&searchMehtod=L&searchClass=S&controlNo=OLDP1201200035,1940,,,미부착,,개방 가능,만료공공저작물,,,O,,,,,만료저작물,
,1151,국회전자도서관,六書尋源. 30,https://dl.nanet.go.kr/search/searchInnerDetail.do?searchType=INNER_SEARCH&resultType=INNER_SEARCH_DETAIL&searchMehtod=L&searchClass=S&controlNo=OLDP1201200044,1940,,,미부착,,개방 가능,만료공공저작물,,,O,,,,,만료저작물,
,1152,국회전자도서관,六書尋源. 27-29,https://dl.nanet.go.kr/search/searchInnerDetail.do?searchType=INNER_SEARCH&resultType=INNER_SEARCH_DETAIL&searchMehtod=L&searchClass=S&controlNo=OLDP1201200043,1940,,,미부착,,개방 가능,만료공공저작물,,,O,,,,,만료저작물,
,1153,국회전자도서관,六書尋源. 21-23,https://dl.nanet.go.kr/search/searchInnerDetail.do?searchType=INNER_SEARCH&resultType=INNER_SEARCH_DETAIL&searchMehtod=L&searchClass=S&controlNo=OLDP1201200041,1940,,,미부착,,개방 가능,만료공공저작물,,,O,,,,,만료저작물,
,1154,국회전자도서관,六書尋源. 19-20,https://dl.nanet.go.kr/search/searchInnerDetail.do?searchType=INNER_SEARCH&resultType=INNER_SEARCH_DETAIL&searchMehtod=L&searchClass=S&controlNo=OLDP1201200040,1940,,,미부착,,개방 가능,만료공공저작물,,,O,,,,,만료저작물,
,1155,국회전자도서관,六書尋源. 12-13,https://dl.nanet.go.kr/search/searchInnerDetail.do?searchType=INNER_SEARCH&resultType=INNER_SEARCH_DETAIL&searchMehtod=L&searchClass=S&controlNo=OLDP1201200038,1940,,,미부착,,개방 가능,만료공공저작물,,,O,,,,,만료저작물,
,1156,국회전자도서관,六書尋源. 10-11,https://dl.nanet.go.kr/search/searchInnerDetail.do?searchType=INNER_SEARCH&resultType=INNER_SEARCH_DETAIL&searchMehtod=L&searchClass=S&controlNo=OLDP1201200037,1940,,,미부착,,개방 가능,만료공공저작물,,,O,,,,,만료저작물,
,1157,국회전자도서관,六書尋源. 7-9,https://dl.nanet.go.kr/search/searchInnerDetail.do?searchType=INNER_SEARCH&resultType=INNER_SEARCH_DETAIL&searchMehtod=L&searchClass=S&controlNo=OLDP1201200036,1940,,,미부착,,개방 가능,만료공공저작물,,,O,,,,,만료저작물,
,1158,국회전자도서관,六書尋源. 1-2,https://dl.nanet.go.kr/search/searchInnerDetail.do?searchType=INNER_SEARCH&resultType=INNER_SEARCH_DETAIL&searchMehtod=L&searchClass=S&controlNo=OLDP1201200033,1940,,,미부착,,개방 가능,만료공공저작물,,,O,,,,,만료저작물,
,1159,국회전자도서관,六書尋源. 16-18,https://dl.nanet.go.kr/search/searchInnerDetail.do?searchType=INNER_SEARCH&resultType=INNER_SEARCH_DETAIL&searchMehtod=L&searchClass=S&controlNo=OLDP1201200039,1940,,,미부착,,개방 가능,만료공공저작물,,,O,,,,,만료저작물,
,1160,국회전자도서관,文章講話,https://dl.nanet.go.kr/search/searchInnerDetail.do?searchType=INNER_SEARCH&resultType=INNER_SEARCH_DETAIL&searchMehtod=L&searchClass=S&controlNo=OLDP1196001017,1940,,,미부착,,개방 가능,만료공공저작물,,,O,,,,,만료저작물,
,1161,국회전자도서관,新撰詩人集,https://dl.nanet.go.kr/search/searchInnerDetail.do?searchType=INNER_SEARCH&resultType=INNER_SEARCH_DETAIL&searchMehtod=L&searchClass=S&controlNo=OLDP1196001035,1940,,,미부착,,개방 가능,만료공공저작물,,,O,,,,,만료저작물,
,1162,국회전자도서관,"曹溪眞覺國師語錄, 全",https://dl.nanet.go.kr/search/searchInnerDetail.do?searchType=INNER_SEARCH&resultType=INNER_SEARCH_DETAIL&searchMehtod=L&searchClass=S&controlNo=OLDP1200818426,1940,,,미부착,,개방 가능,만료공공저작물,,,O,,,,,만료저작물,
,1163,국회전자도서관,太古和尙語錄,https://dl.nanet.go.kr/search/searchInnerDetail.do?searchType=INNER_SEARCH&resultType=INNER_SEARCH_DETAIL&searchMehtod=L&searchClass=S&controlNo=OLDP1000000333,1940,,,미부착,,개방 가능,만료공공저작물,,,O,,,,,만료저작물,
,1164,국회전자도서관,聖戰美術,https://dl.nanet.go.kr/search/searchInnerDetail.do?searchType=INNER_SEARCH&resultType=INNER_SEARCH_DETAIL&searchMehtod=L&searchClass=S&controlNo=OLDP32021000000008,1940,,,미부착,,개방 가능,만료공공저작물,,,O,,,,,만료저작물,
,1165,국회전자도서관,"(嶠南誌,), 冊1-15",https://dl.nanet.go.kr/search/searchInnerDetail.do?searchType=INNER_SEARCH&resultType=INNER_SEARCH_DETAIL&searchMehtod=L&searchClass=S&controlNo=OLDP1198040651,1940,,,미부착,,개방 가능,만료공공저작물,,,O,,,,,만료저작물,
,1166,국회전자도서관,"建州紀程圖記解說, 全",https://dl.nanet.go.kr/search/searchInnerDetail.do?searchType=INNER_SEARCH&resultType=INNER_SEARCH_DETAIL&searchMehtod=L&searchClass=S&controlNo=OLDP1198040659,1940,,,미부착,,개방 가능,만료공공저작물,,,O,,,,,만료저작물,
,1167,국회전자도서관,"隱皐先生詩稿, 全",https://dl.nanet.go.kr/search/searchInnerDetail.do?searchType=INNER_SEARCH&resultType=INNER_SEARCH_DETAIL&searchMehtod=L&searchClass=S&controlNo=OLDP1198029137,1940,,,미부착,,개방 가능,만료공공저작물,,,O,,,,,만료저작물,
,1168,국회전자도서관,"永嘉世稿, 單",https://dl.nanet.go.kr/search/searchInnerDetail.do?searchType=INNER_SEARCH&resultType=INNER_SEARCH_DETAIL&searchMehtod=L&searchClass=S&controlNo=OLDP1198040192,1940,,,미부착,,개방 가능,만료공공저작물,,,O,,,,,만료저작물,
,1169,국회전자도서관,"懶翁集, 全",https://dl.nanet.go.kr/search/searchInnerDetail.do?searchType=INNER_SEARCH&resultType=INNER_SEARCH_DETAIL&searchMehtod=L&searchClass=S&controlNo=OLDP1198040172,1940,,,미부착,,개방 가능,만료공공저작물,,,O,,,,,만료저작물,
,1170,국회전자도서관,"蒙養齋遺稿, 元, 亨, 利, 貞",https://dl.nanet.go.kr/search/searchInnerDetail.do?searchType=INNER_SEARCH&resultType=INNER_SEARCH_DETAIL&searchMehtod=L&searchClass=S&controlNo=OLDP1198040121,1940,,,미부착,,개방 가능,만료공공저작물,,,O,,,,,만료저작물,
,1171,국회전자도서관,無序錄,https://dl.nanet.go.kr/search/searchInnerDetail.do?searchType=INNER_SEARCH&resultType=INNER_SEARCH_DETAIL&searchMehtod=L&searchClass=S&controlNo=OLDP1196001031,1941,,,미부착,,개방 가능,만료공공저작물,,,O,,,,,만료저작물,
,1172,국회전자도서관,"江原道誌, 全",https://dl.nanet.go.kr/search/searchInnerDetail.do?searchType=INNER_SEARCH&resultType=INNER_SEARCH_DETAIL&searchMehtod=L&searchClass=S&controlNo=OLDP1200500394,1941,,,미부착,,개방 가능,만료공공저작물,,,O,,,,,만료저작물,
,1173,국회전자도서관,"朝鮮歷代實錄一覽, 全",https://dl.nanet.go.kr/search/searchInnerDetail.do?searchType=INNER_SEARCH&resultType=INNER_SEARCH_DETAIL&searchMehtod=L&searchClass=S&controlNo=OLDP1200500330,1941,,,미부착,,개방 가능,만료공공저작물,,,O,,,,,만료저작물,
,1174,국회전자도서관,"鶴皐詩集, 全",https://dl.nanet.go.kr/search/searchInnerDetail.do?searchType=INNER_SEARCH&resultType=INNER_SEARCH_DETAIL&searchMehtod=L&searchClass=S&controlNo=OLDP1198040005,1941,,,미부착,,개방 가능,만료공공저작물,,,O,,,,,만료저작물,
,1175,국회전자도서관,"瑞樵遺稿, 全",https://dl.nanet.go.kr/search/searchInnerDetail.do?searchType=INNER_SEARCH&resultType=INNER_SEARCH_DETAIL&searchMehtod=L&searchClass=S&controlNo=OLDP1198040031,1941,,,미부착,,개방 가능,만료공공저작물,,,O,,,,,만료저작물,
,1176,국회전자도서관,"江原道誌協贊會錄, 全",https://dl.nanet.go.kr/search/searchInnerDetail.do?searchType=INNER_SEARCH&resultType=INNER_SEARCH_DETAIL&searchMehtod=L&searchClass=S&controlNo=OLDP1198040635,1941,,,미부착,,개방 가능,만료공공저작물,,,O,,,,,만료저작물,
,1177,국회전자도서관,"松庵實記, 全",https://dl.nanet.go.kr/search/searchInnerDetail.do?searchType=INNER_SEARCH&resultType=INNER_SEARCH_DETAIL&searchMehtod=L&searchClass=S&controlNo=OLDP1198040726,1942,,,미부착,,개방 가능,만료공공저작물,,,O,,,,,만료저작물,
,1178,국회전자도서관,李王家美術館陳列日本美術品圖錄. 第8輯,https://dl.nanet.go.kr/search/searchInnerDetail.do?searchType=INNER_SEARCH&resultType=INNER_SEARCH_DETAIL&searchMehtod=L&searchClass=S&controlNo=OLDP3201200005,1942,,,미부착,,개방 가능,만료공공저작물,,,O,,,,,만료저작물,
,1179,국회전자도서관,"削고廬印存, 冊1-2",https://dl.nanet.go.kr/search/searchInnerDetail.do?searchType=INNER_SEARCH&resultType=INNER_SEARCH_DETAIL&searchMehtod=L&searchClass=S&controlNo=OLDP3198025246,1942,,,미부착,,개방 가능,만료공공저작물,,,O,,,,,만료저작물,
,1180,국회전자도서관,"三山家藏, 全",https://dl.nanet.go.kr/search/searchInnerDetail.do?searchType=INNER_SEARCH&resultType=INNER_SEARCH_DETAIL&searchMehtod=L&searchClass=S&controlNo=OLDP1198040149,1942,,,미부착,,개방 가능,만료공공저작물,,,O,,,,,만료저작물,
,1181,국회전자도서관,"鄕藥集成方, 合",https://dl.nanet.go.kr/search/searchInnerDetail.do?searchType=INNER_SEARCH&resultType=INNER_SEARCH_DETAIL&searchMehtod=L&searchClass=S&controlNo=OLDP1199918072,1942,,,미부착,,개방 가능,만료공공저작물,,,O,,,,,만료저작물,
,1182,국회전자도서관,"(尋常)小學圖畵, 第5學年 男兒用",https://dl.nanet.go.kr/search/searchInnerDetail.do?searchType=INNER_SEARCH&resultType=INNER_SEARCH_DETAIL&searchMehtod=L&searchClass=S&controlNo=OLDP1200516932,1942,,,미부착,,개방 가능,만료공공저작물,,,O,,,,,만료저작물,
,1183,국회전자도서관,"鄕藥集成方, 冊1-3",https://dl.nanet.go.kr/search/searchInnerDetail.do?searchType=INNER_SEARCH&resultType=INNER_SEARCH_DETAIL&searchMehtod=L&searchClass=S&controlNo=OLDP1198028903,1942,,,미부착,,개방 가능,만료공공저작물,,,O,,,,,만료저작물,
,1184,국회전자도서관,"鵬南實記, 單",https://dl.nanet.go.kr/search/searchInnerDetail.do?searchType=INNER_SEARCH&resultType=INNER_SEARCH_DETAIL&searchMehtod=L&searchClass=S&controlNo=OLDP1198040804,1942,,,미부착,,개방 가능,만료공공저작물,,,O,,,,,만료저작물,
,1185,국회전자도서관,"龜巖先生文集, 冊1-2",https://dl.nanet.go.kr/search/searchInnerDetail.do?searchType=INNER_SEARCH&resultType=INNER_SEARCH_DETAIL&searchMehtod=L&searchClass=S&controlNo=OLDP1198022399,1942,,,미부착,,개방 가능,만료공공저작물,,,O,,,,,만료저작물,
,1186,국회전자도서관,"石田遺稿, 單",https://dl.nanet.go.kr/search/searchInnerDetail.do?searchType=INNER_SEARCH&resultType=INNER_SEARCH_DETAIL&searchMehtod=L&searchClass=S&controlNo=OLDP1198029864,1943,,,미부착,,개방 가능,만료공공저작물,,,O,,,,,만료저작물,
,1187,국회전자도서관,"村隱集, 乾, 坤",https://dl.nanet.go.kr/search/searchInnerDetail.do?searchType=INNER_SEARCH&resultType=INNER_SEARCH_DETAIL&searchMehtod=L&searchClass=S&controlNo=OLDP1198040245,1943,,,미부착,,개방 가능,만료공공저작물,,,O,,,,,만료저작물,
,1188,국회전자도서관,"勿川實記, 單",https://dl.nanet.go.kr/search/searchInnerDetail.do?searchType=INNER_SEARCH&resultType=INNER_SEARCH_DETAIL&searchMehtod=L&searchClass=S&controlNo=OLDP1198040801,1943,,,미부착,,개방 가능,만료공공저작물,,,O,,,,,만료저작물,
,1189,국회전자도서관,"味筍齋詩文抄, 冊1-2",https://dl.nanet.go.kr/search/searchInnerDetail.do?searchType=INNER_SEARCH&resultType=INNER_SEARCH_DETAIL&searchMehtod=L&searchClass=S&controlNo=OLDP1198040466,1943,,,미부착,,개방 가능,만료공공저작물,,,O,,,,,만료저작물,
,1190,국회전자도서관,宋書. 冊25-36,https://dl.nanet.go.kr/search/searchInnerDetail.do?searchType=INNER_SEARCH&resultType=INNER_SEARCH_DETAIL&searchMehtod=L&searchClass=S&controlNo=OLDP1202000011,1944,,,미부착,,개방 가능,만료공공저작물,,,O,,,,,만료저작물,
,1191,국회전자도서관,"梁書, 冊1-14",https://dl.nanet.go.kr/search/searchInnerDetail.do?searchType=INNER_SEARCH&resultType=INNER_SEARCH_DETAIL&searchMehtod=L&searchClass=S&controlNo=OLDP1198042186,1944,,,미부착,,개방 가능,만료공공저작물,,,O,,,,,만료저작물,
,1192,국회전자도서관,"陳書, 冊1-8",https://dl.nanet.go.kr/search/searchInnerDetail.do?searchType=INNER_SEARCH&resultType=INNER_SEARCH_DETAIL&searchMehtod=L&searchClass=S&controlNo=OLDP1198042188,1944,,,미부착,,개방 가능,만료공공저작물,,,O,,,,,만료저작물,
,1193,국회전자도서관,金史. 冊1-10,https://dl.nanet.go.kr/search/searchInnerDetail.do?searchType=INNER_SEARCH&resultType=INNER_SEARCH_DETAIL&searchMehtod=L&searchClass=S&controlNo=OLDP1200500437,1944,,,미부착,,개방 가능,만료공공저작물,,,O,,,,,만료저작물,
,1194,국회전자도서관,"遼史, 冊1-16",https://dl.nanet.go.kr/search/searchInnerDetail.do?searchType=INNER_SEARCH&resultType=INNER_SEARCH_DETAIL&searchMehtod=L&searchClass=S&controlNo=OLDP1200500465,1944,,,미부착,,개방 가능,만료공공저작물,,,O,,,,,만료저작물,
,1195,국회전자도서관,"南齊書, 冊1-14",https://dl.nanet.go.kr/search/searchInnerDetail.do?searchType=INNER_SEARCH&resultType=INNER_SEARCH_DETAIL&searchMehtod=L&searchClass=S&controlNo=OLDP1200500308,1944,,,미부착,,개방 가능,만료공공저작물,,,O,,,,,만료저작물,
,1196,국회전자도서관,"三國志, 冊1-20",https://dl.nanet.go.kr/search/searchInnerDetail.do?searchType=INNER_SEARCH&resultType=INNER_SEARCH_DETAIL&searchMehtod=L&searchClass=S&controlNo=OLDP1198042198,1944,,,미부착,,개방 가능,만료공공저작물,,,O,,,,,만료저작물,
,1197,국회전자도서관,宋書. 冊1-12,https://dl.nanet.go.kr/search/searchInnerDetail.do?searchType=INNER_SEARCH&resultType=INNER_SEARCH_DETAIL&searchMehtod=L&searchClass=S&controlNo=OLDP1200500277,1944,,,미부착,,개방 가능,만료공공저작물,,,O,,,,,만료저작물,
,1198,국회전자도서관,宋書. 冊13-24,https://dl.nanet.go.kr/search/searchInnerDetail.do?searchType=INNER_SEARCH&resultType=INNER_SEARCH_DETAIL&searchMehtod=L&searchClass=S&controlNo=OLDP1202000010,1944,,,미부착,,개방 가능,만료공공저작물,,,O,,,,,만료저작물,
,1199,국회전자도서관,"南朝鮮過渡立法議院速記錄, 1-32,141-146,156-159,165-209,216-240",https://dl.nanet.go.kr/search/searchInnerDetail.do?searchType=INNER_SEARCH&resultType=INNER_SEARCH_DETAIL&searchMehtod=L&searchClass=S&controlNo=OLDP1196001012,1944,,,미부착,,개방 가능,만료공공저작물,,,O,,,,,만료저작물,
,1200,국회전자도서관,倫理 : 權煥 詩集,https://dl.nanet.go.kr/search/searchInnerDetail.do?searchType=INNER_SEARCH&resultType=INNER_SEARCH_DETAIL&searchMehtod=L&searchClass=S&controlNo=OLDP1196001021,1944,,,미부착,,개방 가능,만료공공저작물,,,O,,,,,만료저작물,
,1201,국회전자도서관,金史. 冊21-32,https://dl.nanet.go.kr/search/searchInnerDetail.do?searchType=INNER_SEARCH&resultType=INNER_SEARCH_DETAIL&searchMehtod=L&searchClass=S&controlNo=OLDP1202000026,1944,,,미부착,,개방 가능,만료공공저작물,,,O,,,,,만료저작물,
,1202,국회전자도서관,"莊陵誌. 上, 下",https://dl.nanet.go.kr/search/searchInnerDetail.do?searchType=INNER_SEARCH&resultType=INNER_SEARCH_DETAIL&searchMehtod=L&searchClass=S&controlNo=OLDP1200500351,1944,,,미부착,,개방 가능,만료공공저작물,,,O,,,,,만료저작물,
,1203,국회전자도서관,通文館志,https://dl.nanet.go.kr/search/searchInnerDetail.do?searchType=INNER_SEARCH&resultType=INNER_SEARCH_DETAIL&searchMehtod=L&searchClass=S&controlNo=OLDP1000000142,1944,,,미부착,,개방 가능,만료공공저작물,,,O,,,,,만료저작물,
,1204,국회전자도서관,金史. 冊11-20,https://dl.nanet.go.kr/search/searchInnerDetail.do?searchType=INNER_SEARCH&resultType=INNER_SEARCH_DETAIL&searchMehtod=L&searchClass=S&controlNo=OLDP1202000025,1944,,,미부착,,개방 가능,만료공공저작물,,,O,,,,,만료저작물,
,1205,국회전자도서관,국회기록사진첩. 1-12,https://dl.nanet.go.kr/search/searchInnerDetail.do?searchType=INNER_SEARCH&resultType=INNER_SEARCH_DETAIL&searchMehtod=L&searchClass=S&controlNo=OLDP1196001254,1945,,,미부착,,개방 가능,만료공공저작물,,,O,,,,,만료저작물,
,1206,국회전자도서관,白首文,https://dl.nanet.go.kr/search/searchInnerDetail.do?searchType=INNER_SEARCH&resultType=INNER_SEARCH_DETAIL&searchMehtod=L&searchClass=S&controlNo=OLDP1000000567,1945,,,미부착,,개방 가능,만료공공저작물,,,O,,,,,만료저작물,
,1207,국회전자도서관,朝鮮美 : 詩集,https://dl.nanet.go.kr/search/searchInnerDetail.do?searchType=INNER_SEARCH&resultType=INNER_SEARCH_DETAIL&searchMehtod=L&searchClass=S&controlNo=OLDP1196001016,1945,,,미부착,,개방 가능,만료공공저작물,,,O,,,,,만료저작물,
,1208,국회전자도서관,"古文觀止, 上, 中, 下",https://dl.nanet.go.kr/search/searchInnerDetail.do?searchType=INNER_SEARCH&resultType=INNER_SEARCH_DETAIL&searchMehtod=L&searchClass=S&controlNo=OLDP1198040443,1946,,,미부착,,개방 가능,만료공공저작물,,,O,,,,,만료저작물,
,1209,국회전자도서관,"書畵書錄解題, 冊1-6",https://dl.nanet.go.kr/search/searchInnerDetail.do?searchType=INNER_SEARCH&resultType=INNER_SEARCH_DETAIL&searchMehtod=L&searchClass=S&controlNo=OLDP3198024703,1946,,,미부착,,개방 가능,만료공공저작물,,,O,,,,,만료저작물,
,1210,국회전자도서관,訓民正音,https://dl.nanet.go.kr/search/searchInnerDetail.do?searchType=INNER_SEARCH&resultType=INNER_SEARCH_DETAIL&searchMehtod=L&searchClass=S&controlNo=OLDP1000000572,1946,,,미부착,,개방 가능,만료공공저작물,,,O,,,,,만료저작물,
,1211,국회전자도서관,前衛詩人集,https://dl.nanet.go.kr/search/searchInnerDetail.do?searchType=INNER_SEARCH&resultType=INNER_SEARCH_DETAIL&searchMehtod=L&searchClass=S&controlNo=OLDP1196001018,1946,,,미부착,,개방 가능,만료공공저작물,,,O,,,,,만료저작물,
,1212,국회전자도서관,病든 서울 : 1945.8.15 부터 오장환의 부른 노래,https://dl.nanet.go.kr/search/searchInnerDetail.do?searchType=INNER_SEARCH&resultType=INNER_SEARCH_DETAIL&searchMehtod=L&searchClass=S&controlNo=OLDP1196001024,1946,,,미부착,,개방 가능,만료공공저작물,,,O,,,,,만료저작물,
,1213,국회전자도서관,초등 국어교본. 6-1,https://dl.nanet.go.kr/search/searchInnerDetail.do?searchType=INNER_SEARCH&resultType=INNER_SEARCH_DETAIL&searchMehtod=L&searchClass=S&controlNo=OLDP1200516990,1947,,,미부착,,개방 가능,만료공공저작물,,,O,,,,,만료저작물,
,1214,국회전자도서관,中華民國憲法 = The constitution of the Republic of China,https://dl.nanet.go.kr/search/searchInnerDetail.do?searchType=INNER_SEARCH&resultType=INNER_SEARCH_DETAIL&searchMehtod=L&searchClass=S&controlNo=OLDP3000000141,1947,,,미부착,,개방 가능,만료공공저작물,,,O,,,,,만료저작물,
,1215,국회전자도서관,國際協定集 = International agreements,https://dl.nanet.go.kr/search/searchInnerDetail.do?searchType=INNER_SEARCH&resultType=INNER_SEARCH_DETAIL&searchMehtod=L&searchClass=S&controlNo=OLDP1199609663,1947,,,미부착,,개방 가능,만료공공저작물,,,O,,,,,만료저작물,
,1216,국회전자도서관,苦鬪四十年,https://dl.nanet.go.kr/search/searchInnerDetail.do?searchType=INNER_SEARCH&resultType=INNER_SEARCH_DETAIL&searchMehtod=L&searchClass=S&controlNo=OLDP1196001027,1947,,,미부착,,개방 가능,만료공공저작물,,,O,,,,,만료저작물,
,1217,국회전자도서관,『城壁』 : 吳章煥詩集,https://dl.nanet.go.kr/search/searchInnerDetail.do?searchType=INNER_SEARCH&resultType=INNER_SEARCH_DETAIL&searchMehtod=L&searchClass=S&controlNo=OLDP1196001020,1947,,,미부착,,개방 가능,만료공공저작물,,,O,,,,,만료저작물,
,1218,국회전자도서관,讚歌 : 林和 詩集,https://dl.nanet.go.kr/search/searchInnerDetail.do?searchType=INNER_SEARCH&resultType=INNER_SEARCH_DETAIL&searchMehtod=L&searchClass=S&controlNo=OLDP1196001023,1947,,,미부착,,개방 가능,만료공공저작물,,,O,,,,,만료저작물,
,1219,국회전자도서관,오랑캐꽃 : 李庸岳詩集,https://dl.nanet.go.kr/search/searchInnerDetail.do?searchType=INNER_SEARCH&resultType=INNER_SEARCH_DETAIL&searchMehtod=L&searchClass=S&controlNo=OLDP1196001019,1947,,,미부착,,개방 가능,만료공공저작물,,,O,,,,,만료저작물,
,1220,국회전자도서관,"思庵實記, 上, 下",https://dl.nanet.go.kr/search/searchInnerDetail.do?searchType=INNER_SEARCH&resultType=INNER_SEARCH_DETAIL&searchMehtod=L&searchClass=S&controlNo=OLDP1198040809,1947,,,미부착,,개방 가능,만료공공저작물,,,O,,,,,만료저작물,
,1221,국회전자도서관,"초등공민, 3",https://dl.nanet.go.kr/search/searchInnerDetail.do?searchType=INNER_SEARCH&resultType=INNER_SEARCH_DETAIL&searchMehtod=L&searchClass=S&controlNo=OLDP1200516978,1948,,,미부착,,개방 가능,만료공공저작물,,,O,,,,,만료저작물,
,1222,국회전자도서관,초등 셈본 : 산수공부. 3-2,https://dl.nanet.go.kr/search/searchInnerDetail.do?searchType=INNER_SEARCH&resultType=INNER_SEARCH_DETAIL&searchMehtod=L&searchClass=S&controlNo=OLDP1200516960,1948,,,미부착,,개방 가능,만료공공저작물,,,O,,,,,만료저작물,
,1223,국회전자도서관,(초등)잇과 : 임시교재. 6-1,https://dl.nanet.go.kr/search/searchInnerDetail.do?searchType=INNER_SEARCH&resultType=INNER_SEARCH_DETAIL&searchMehtod=L&searchClass=S&controlNo=OLDP1200516946,1948,,,미부착,,개방 가능,만료공공저작물,,,O,,,,,만료저작물,
,1224,국회전자도서관,"여러 곳의 사회 생활 : 사회생활과 :학습법 , 3",https://dl.nanet.go.kr/search/searchInnerDetail.do?searchType=INNER_SEARCH&resultType=INNER_SEARCH_DETAIL&searchMehtod=L&searchClass=S&controlNo=OLDP1200516995,1948,,,미부착,,개방 가능,만료공공저작물,,,O,,,,,만료저작물,
,1225,국회전자도서관,"春圃詩集, 冊1-8",https://dl.nanet.go.kr/search/searchInnerDetail.do?searchType=INNER_SEARCH&resultType=INNER_SEARCH_DETAIL&searchMehtod=L&searchClass=S&controlNo=OLDP1198040244,1948,,,미부착,,개방 가능,만료공공저작물,,,O,,,,,만료저작물,
,1226,국회전자도서관,葡萄 : 薛貞植詩集,https://dl.nanet.go.kr/search/searchInnerDetail.do?searchType=INNER_SEARCH&resultType=INNER_SEARCH_DETAIL&searchMehtod=L&searchClass=S&controlNo=OLDP1196001034,1948,,,미부착,,개방 가능,만료공공저작물,,,O,,,,,만료저작물,
,1227,국회전자도서관,諸神의 憤怒 : 薛貞植 第三詩集,https://dl.nanet.go.kr/search/searchInnerDetail.do?searchType=INNER_SEARCH&resultType=INNER_SEARCH_DETAIL&searchMehtod=L&searchClass=S&controlNo=OLDP1196001032,1948,,,미부착,,개방 가능,만료공공저작물,,,O,,,,,만료저작물,
,1228,국회전자도서관,道程 : 創作集,https://dl.nanet.go.kr/search/searchInnerDetail.do?searchType=INNER_SEARCH&resultType=INNER_SEARCH_DETAIL&searchMehtod=L&searchClass=S&controlNo=OLDP1196001022,1948,,,미부착,,개방 가능,만료공공저작물,,,O,,,,,만료저작물,
,1229,국회전자도서관,四十年,https://dl.nanet.go.kr/search/searchInnerDetail.do?searchType=INNER_SEARCH&resultType=INNER_SEARCH_DETAIL&searchMehtod=L&searchClass=S&controlNo=OLDP1200318714,1948,,,미부착,,개방 가능,만료공공저작물,,,O,,,,,만료저작물,
,1230,국회전자도서관,藝術과 生活,https://dl.nanet.go.kr/search/searchInnerDetail.do?searchType=INNER_SEARCH&resultType=INNER_SEARCH_DETAIL&searchMehtod=L&searchClass=S&controlNo=OLDP1200318715,1948,,,미부착,,개방 가능,만료공공저작물,,,O,,,,,만료저작물,
,1231,국회전자도서관,[여러 곳의 사회 생활] : 사회생활과,https://dl.nanet.go.kr/search/searchInnerDetail.do?searchType=INNER_SEARCH&resultType=INNER_SEARCH_DETAIL&searchMehtod=L&searchClass=S&controlNo=OLDP1200516994,1949,,,미부착,,개방 가능,만료공공저작물,,,O,,,,,만료저작물,
,1232,국회전자도서관,과학 공부. 4-1,https://dl.nanet.go.kr/search/searchInnerDetail.do?searchType=INNER_SEARCH&resultType=INNER_SEARCH_DETAIL&searchMehtod=L&searchClass=S&controlNo=OLDP1200516940,1949,,,미부착,,개방 가능,만료공공저작물,,,O,,,,,만료저작물,
,1233,국회전자도서관,(新釋註解)小兒醫方,https://dl.nanet.go.kr/search/searchInnerDetail.do?searchType=INNER_SEARCH&resultType=INNER_SEARCH_DETAIL&searchMehtod=L&searchClass=S&controlNo=OLDP1199913980,1949,,,미부착,,개방 가능,만료공공저작물,,,O,,,,,만료저작물,
,1234,국회전자도서관,"花鳥愁, 乾",https://dl.nanet.go.kr/search/searchInnerDetail.do?searchType=INNER_SEARCH&resultType=INNER_SEARCH_DETAIL&searchMehtod=L&searchClass=S&controlNo=OLDP1198040250,1949,,,미부착,,개방 가능,만료공공저작물,,,O,,,,,만료저작물,
,1235,국회전자도서관,孫吳篇,https://dl.nanet.go.kr/search/searchInnerDetail.do?searchType=INNER_SEARCH&resultType=INNER_SEARCH_DETAIL&searchMehtod=L&searchClass=S&controlNo=OLDP1000000341,1949,,,미부착,,개방 가능,만료공공저작물,,,O,,,,,만료저작물,
,1236,국회전자도서관,海邊의 詩,https://dl.nanet.go.kr/search/searchInnerDetail.do?searchType=INNER_SEARCH&resultType=INNER_SEARCH_DETAIL&searchMehtod=L&searchClass=S&controlNo=OLDP1196001036,1949,,,미부착,,개방 가능,만료공공저작물,,,O,,,,,만료저작물,
,1237,국회전자도서관,과학 공부. 4-2,https://dl.nanet.go.kr/search/searchInnerDetail.do?searchType=INNER_SEARCH&resultType=INNER_SEARCH_DETAIL&searchMehtod=L&searchClass=S&controlNo=OLDP1200516972,1950,,,미부착,,개방 가능,만료공공저작물,,,O,,,,,만료저작물,
,1238,국회전자도서관,초등 셈본. 4-2,https://dl.nanet.go.kr/search/searchInnerDetail.do?searchType=INNER_SEARCH&resultType=INNER_SEARCH_DETAIL&searchMehtod=L&searchClass=S&controlNo=OLDP1200516966,1950,,,미부착,,개방 가능,만료공공저작물,,,O,,,,,만료저작물,
,1239,국회전자도서관,(초등)공작 : 국민학교 미술과 교과서. 2,https://dl.nanet.go.kr/search/searchInnerDetail.do?searchType=INNER_SEARCH&resultType=INNER_SEARCH_DETAIL&searchMehtod=L&searchClass=S&controlNo=OLDP1200516939,1950,,,미부착,,개방 가능,만료공공저작물,,,O,,,,,만료저작물,
,1240,국회전자도서관,초등 국어. 6-1,https://dl.nanet.go.kr/search/searchInnerDetail.do?searchType=INNER_SEARCH&resultType=INNER_SEARCH_DETAIL&searchMehtod=L&searchClass=S&controlNo=OLDP1200516982,1950,,,미부착,,개방 가능,만료공공저작물,,,O,,,,,만료저작물,
,1241,국회전자도서관,"元曉大師全集, 冊1-10",https://dl.nanet.go.kr/search/searchInnerDetail.do?searchType=INNER_SEARCH&resultType=INNER_SEARCH_DETAIL&searchMehtod=L&searchClass=S&controlNo=OLDP1000000534,1950,,,미부착,,개방 가능,만료공공저작물,,,O,,,,,만료저작물,
,1242,국회전자도서관,"寶祚大典, 1-5",https://dl.nanet.go.kr/search/searchInnerDetail.do?searchType=INNER_SEARCH&resultType=INNER_SEARCH_DETAIL&searchMehtod=L&searchClass=S&controlNo=OLDP3196000737,1950,,,미부착,,개방 가능,만료공공저작물,,,O,,,,,만료저작물,
,1243,국회전자도서관,(전시)새입학시험문답집,https://dl.nanet.go.kr/search/searchInnerDetail.do?searchType=INNER_SEARCH&resultType=INNER_SEARCH_DETAIL&searchMehtod=L&searchClass=S&controlNo=OLDP1200516931,1951,,,미부착,,개방 가능,만료공공저작물,,,O,,,,,만료저작물,
,1244,국회전자도서관,"固城誌, 全",https://dl.nanet.go.kr/search/searchInnerDetail.do?searchType=INNER_SEARCH&resultType=INNER_SEARCH_DETAIL&searchMehtod=L&searchClass=S&controlNo=OLDP1198040645,1951,,,미부착,,개방 가능,만료공공저작물,,,O,,,,,만료저작물,
,1245,국회전자도서관,셈본. 1-2,https://dl.nanet.go.kr/search/searchInnerDetail.do?searchType=INNER_SEARCH&resultType=INNER_SEARCH_DETAIL&searchMehtod=L&searchClass=S&controlNo=OLDP1200516957,1952,,,미부착,,개방 가능,만료공공저작물,,,O,,,,,만료저작물,
,1246,국회전자도서관,우리 나라의 발달. 6-3,https://dl.nanet.go.kr/search/searchInnerDetail.do?searchType=INNER_SEARCH&resultType=INNER_SEARCH_DETAIL&searchMehtod=L&searchClass=S&controlNo=OLDP1200517001,1952,,,미부착,,개방 가능,만료공공저작물,,,O,,,,,만료저작물,
,1247,국회전자도서관,우리 나라의 발달. 6-2,https://dl.nanet.go.kr/search/searchInnerDetail.do?searchType=INNER_SEARCH&resultType=INNER_SEARCH_DETAIL&searchMehtod=L&searchClass=S&controlNo=OLDP1200516999,1952,,,미부착,,개방 가능,만료공공저작물,,,O,,,,,만료저작물,
,1248,국회전자도서관,과학 공부. 4-2,https://dl.nanet.go.kr/search/searchInnerDetail.do?searchType=INNER_SEARCH&resultType=INNER_SEARCH_DETAIL&searchMehtod=L&searchClass=S&controlNo=OLDP1200516942,1952,,,미부착,,개방 가능,만료공공저작물,,,O,,,,,만료저작물,
,1249,국회전자도서관,셈본. 3-2,https://dl.nanet.go.kr/search/searchInnerDetail.do?searchType=INNER_SEARCH&resultType=INNER_SEARCH_DETAIL&searchMehtod=L&searchClass=S&controlNo=OLDP1200516962,1952,,,미부착,,개방 가능,만료공공저작물,,,O,,,,,만료저작물,
,1250,국회전자도서관,셈본. 5-2,https://dl.nanet.go.kr/search/searchInnerDetail.do?searchType=INNER_SEARCH&resultType=INNER_SEARCH_DETAIL&searchMehtod=L&searchClass=S&controlNo=OLDP1200516956,1952,,,미부착,,개방 가능,만료공공저작물,,,O,,,,,만료저작물,
,1251,국회전자도서관,셈본. 6-2,https://dl.nanet.go.kr/search/searchInnerDetail.do?searchType=INNER_SEARCH&resultType=INNER_SEARCH_DETAIL&searchMehtod=L&searchClass=S&controlNo=OLDP1200516952,1952,,,미부착,,개방 가능,만료공공저작물,,,O,,,,,만료저작물,
,1252,국회전자도서관,과학 공부. 6-3,https://dl.nanet.go.kr/search/searchInnerDetail.do?searchType=INNER_SEARCH&resultType=INNER_SEARCH_DETAIL&searchMehtod=L&searchClass=S&controlNo=OLDP1200516945,1952,,,미부착,,개방 가능,만료공공저작물,,,O,,,,,만료저작물,
,1253,국회전자도서관,과학 공부. 6-2,https://dl.nanet.go.kr/search/searchInnerDetail.do?searchType=INNER_SEARCH&resultType=INNER_SEARCH_DETAIL&searchMehtod=L&searchClass=S&controlNo=OLDP1200516941,1952,,,미부착,,개방 가능,만료공공저작물,,,O,,,,,만료저작물,
,1254,국회전자도서관,국어. 3-2,https://dl.nanet.go.kr/search/searchInnerDetail.do?searchType=INNER_SEARCH&resultType=INNER_SEARCH_DETAIL&searchMehtod=L&searchClass=S&controlNo=OLDP1200516992,1952,,,미부착,,개방 가능,만료공공저작물,,,O,,,,,만료저작물,
,1255,국회전자도서관,"常用漢字讀本, 卷2",https://dl.nanet.go.kr/search/searchInnerDetail.do?searchType=INNER_SEARCH&resultType=INNER_SEARCH_DETAIL&searchMehtod=L&searchClass=S&controlNo=OLDP1200516970,1952,,,미부착,,개방 가능,만료공공저작물,,,O,,,,,만료저작물,
,1256,국회전자도서관,셈본. 2-1,https://dl.nanet.go.kr/search/searchInnerDetail.do?searchType=INNER_SEARCH&resultType=INNER_SEARCH_DETAIL&searchMehtod=L&searchClass=S&controlNo=OLDP1200516967,1952,,,미부착,,개방 가능,만료공공저작물,,,O,,,,,만료저작물,
,1257,국회전자도서관,국어. 2-1,https://dl.nanet.go.kr/search/searchInnerDetail.do?searchType=INNER_SEARCH&resultType=INNER_SEARCH_DETAIL&searchMehtod=L&searchClass=S&controlNo=OLDP1200516991,1952,,,미부착,,개방 가능,만료공공저작물,,,O,,,,,만료저작물,
,1258,국회전자도서관,"湖隱集, 全",https://dl.nanet.go.kr/search/searchInnerDetail.do?searchType=INNER_SEARCH&resultType=INNER_SEARCH_DETAIL&searchMehtod=L&searchClass=S&controlNo=OLDP1198040372,1952,,,미부착,,개방 가능,만료공공저작물,,,O,,,,,만료저작물,
,1259,국회전자도서관,"여러 곳의 생활, 3-2",https://dl.nanet.go.kr/search/searchInnerDetail.do?searchType=INNER_SEARCH&resultType=INNER_SEARCH_DETAIL&searchMehtod=L&searchClass=S&controlNo=OLDP1200517006,1952,,,미부착,,개방 가능,만료공공저작물,,,O,,,,,만료저작물,
,1260,국회전자도서관,"歌曲源流, 全",https://dl.nanet.go.kr/search/searchInnerDetail.do?searchType=INNER_SEARCH&resultType=INNER_SEARCH_DETAIL&searchMehtod=L&searchClass=S&controlNo=OLDP1198040303,1952,,,미부착,,개방 가능,만료공공저작물,,,O,,,,,만료저작물,
,1261,국회전자도서관,셈본. 5-1,https://dl.nanet.go.kr/search/searchInnerDetail.do?searchType=INNER_SEARCH&resultType=INNER_SEARCH_DETAIL&searchMehtod=L&searchClass=S&controlNo=OLDP1200516969,1953,,,미부착,,개방 가능,만료공공저작물,,,O,,,,,만료저작물,
,1262,국회전자도서관,우리 나라의 생활 : 사회생활. 4-1,https://dl.nanet.go.kr/search/searchInnerDetail.do?searchType=INNER_SEARCH&resultType=INNER_SEARCH_DETAIL&searchMehtod=L&searchClass=S&controlNo=OLDP1200517017,1953,,,미부착,,개방 가능,만료공공저작물,,,O,,,,,만료저작물,
,1263,국회전자도서관,여러 곳의 생활 : 사회생활. 3-2,https://dl.nanet.go.kr/search/searchInnerDetail.do?searchType=INNER_SEARCH&resultType=INNER_SEARCH_DETAIL&searchMehtod=L&searchClass=S&controlNo=OLDP1200517008,1953,,,미부착,,개방 가능,만료공공저작물,,,O,,,,,만료저작물,
,1264,국회전자도서관,다른 나라의 생활 : 사회 생활. 5-2,https://dl.nanet.go.kr/search/searchInnerDetail.do?searchType=INNER_SEARCH&resultType=INNER_SEARCH_DETAIL&searchMehtod=L&searchClass=S&controlNo=OLDP1200517002,1953,,,미부착,,개방 가능,만료공공저작물,,,O,,,,,만료저작물,
,1265,국회전자도서관,셈본. 3-2,https://dl.nanet.go.kr/search/searchInnerDetail.do?searchType=INNER_SEARCH&resultType=INNER_SEARCH_DETAIL&searchMehtod=L&searchClass=S&controlNo=OLDP1200516961,1953,,,미부착,,개방 가능,만료공공저작물,,,O,,,,,만료저작물,
,1266,국회전자도서관,셈본. 5-2,https://dl.nanet.go.kr/search/searchInnerDetail.do?searchType=INNER_SEARCH&resultType=INNER_SEARCH_DETAIL&searchMehtod=L&searchClass=S&controlNo=OLDP1200516955,1953,,,미부착,,개방 가능,만료공공저작물,,,O,,,,,만료저작물,
,1267,국회전자도서관,국어. 3-1,https://dl.nanet.go.kr/search/searchInnerDetail.do?searchType=INNER_SEARCH&resultType=INNER_SEARCH_DETAIL&searchMehtod=L&searchClass=S&controlNo=OLDP1200516987,1953,,,미부착,,개방 가능,만료공공저작물,,,O,,,,,만료저작물,
,1268,국회전자도서관,국어. 3-2,https://dl.nanet.go.kr/search/searchInnerDetail.do?searchType=INNER_SEARCH&resultType=INNER_SEARCH_DETAIL&searchMehtod=L&searchClass=S&controlNo=OLDP1200516981,1953,,,미부착,,개방 가능,만료공공저작물,,,O,,,,,만료저작물,
,1269,국회전자도서관,과학 공부. 5-2,https://dl.nanet.go.kr/search/searchInnerDetail.do?searchType=INNER_SEARCH&resultType=INNER_SEARCH_DETAIL&searchMehtod=L&searchClass=S&controlNo=OLDP1200516943,1953,,,미부착,,개방 가능,만료공공저작물,,,O,,,,,만료저작물,
,1270,국회전자도서관,여러 곳의 생활. 3-1,https://dl.nanet.go.kr/search/searchInnerDetail.do?searchType=INNER_SEARCH&resultType=INNER_SEARCH_DETAIL&searchMehtod=L&searchClass=S&controlNo=OLDP1200517005,1953,,,미부착,,개방 가능,만료공공저작물,,,O,,,,,만료저작물,
,1271,국회전자도서관,음악. 4,https://dl.nanet.go.kr/search/searchInnerDetail.do?searchType=INNER_SEARCH&resultType=INNER_SEARCH_DETAIL&searchMehtod=L&searchClass=S&controlNo=OLDP1200516980,1953,,,미부착,,개방 가능,만료공공저작물,,,O,,,,,만료저작물,
,1272,국회전자도서관,우리 집 우리 학교. 1-2,https://dl.nanet.go.kr/search/searchInnerDetail.do?searchType=INNER_SEARCH&resultType=INNER_SEARCH_DETAIL&searchMehtod=L&searchClass=S&controlNo=OLDP1200517014,1953,,,미부착,,개방 가능,만료공공저작물,,,O,,,,,만료저작물,
,1273,국회전자도서관,古銅活字冊標本書目,https://dl.nanet.go.kr/search/searchInnerDetail.do?searchType=INNER_SEARCH&resultType=INNER_SEARCH_DETAIL&searchMehtod=L&searchClass=S&controlNo=OLDP1000000151,1953,,,미부착,,개방 가능,만료공공저작물,,,O,,,,,만료저작물,
,1274,국회전자도서관,"復菴遺稿, 單",https://dl.nanet.go.kr/search/searchInnerDetail.do?searchType=INNER_SEARCH&resultType=INNER_SEARCH_DETAIL&searchMehtod=L&searchClass=S&controlNo=OLDP1198040003,1953,,,미부착,,개방 가능,만료공공저작물,,,O,,,,,만료저작물,
,1275,국회전자도서관,"寅巖唱酬錄, 單",https://dl.nanet.go.kr/search/searchInnerDetail.do?searchType=INNER_SEARCH&resultType=INNER_SEARCH_DETAIL&searchMehtod=L&searchClass=S&controlNo=OLDP1198040211,1953,,,미부착,,개방 가능,만료공공저작물,,,O,,,,,만료저작물,
,1276,국회전자도서관,"思軒遺稿(及)附錄, 冊1-2",https://dl.nanet.go.kr/search/searchInnerDetail.do?searchType=INNER_SEARCH&resultType=INNER_SEARCH_DETAIL&searchMehtod=L&searchClass=S&controlNo=OLDP1198028941,1953,,,미부착,,개방 가능,만료공공저작물,,,O,,,,,만료저작물,
,1277,국회전자도서관,"菊齋遺稿, 全",https://dl.nanet.go.kr/search/searchInnerDetail.do?searchType=INNER_SEARCH&resultType=INNER_SEARCH_DETAIL&searchMehtod=L&searchClass=S&controlNo=OLDP1198040116,1954,,,미부착,,개방 가능,만료공공저작물,,,O,,,,,만료저작물,
,1278,국회전자도서관,과학 공부. 6-2,https://dl.nanet.go.kr/search/searchInnerDetail.do?searchType=INNER_SEARCH&resultType=INNER_SEARCH_DETAIL&searchMehtod=L&searchClass=S&controlNo=OLDP1200516971,1954,,,미부착,,개방 가능,만료공공저작물,,,O,,,,,만료저작물,
,1279,국회전자도서관,"(초등)도의생활 : 문교부 추천 도의 교육독본 , 4",https://dl.nanet.go.kr/search/searchInnerDetail.do?searchType=INNER_SEARCH&resultType=INNER_SEARCH_DETAIL&searchMehtod=L&searchClass=S&controlNo=OLDP1200517013,1954,,,미부착,,개방 가능,만료공공저작물,,,O,,,,,만료저작물,
,1280,국회전자도서관,우리 국기,https://dl.nanet.go.kr/search/searchInnerDetail.do?searchType=INNER_SEARCH&resultType=INNER_SEARCH_DETAIL&searchMehtod=L&searchClass=S&controlNo=OLDP1200517012,1954,,,미부착,,개방 가능,만료공공저작물,,,O,,,,,만료저작물,
,1281,국회전자도서관,셈본. 4-1,https://dl.nanet.go.kr/search/searchInnerDetail.do?searchType=INNER_SEARCH&resultType=INNER_SEARCH_DETAIL&searchMehtod=L&searchClass=S&controlNo=OLDP1200516963,1954,,,미부착,,개방 가능,만료공공저작물,,,O,,,,,만료저작물,
,1282,국회전자도서관,셈본. 6-2,https://dl.nanet.go.kr/search/searchInnerDetail.do?searchType=INNER_SEARCH&resultType=INNER_SEARCH_DETAIL&searchMehtod=L&searchClass=S&controlNo=OLDP1200516953,1954,,,미부착,,개방 가능,만료공공저작물,,,O,,,,,만료저작물,
,1283,국회전자도서관,셈본. 6-1,https://dl.nanet.go.kr/search/searchInnerDetail.do?searchType=INNER_SEARCH&resultType=INNER_SEARCH_DETAIL&searchMehtod=L&searchClass=S&controlNo=OLDP1200516950,1954,,,미부착,,개방 가능,만료공공저작물,,,O,,,,,만료저작물,
,1284,국회전자도서관,과학 공부. 4-1,https://dl.nanet.go.kr/search/searchInnerDetail.do?searchType=INNER_SEARCH&resultType=INNER_SEARCH_DETAIL&searchMehtod=L&searchClass=S&controlNo=OLDP1200516944,1954,,,미부착,,개방 가능,만료공공저작물,,,O,,,,,만료저작물,
,1285,국회전자도서관,미술과 : 공작. 5,https://dl.nanet.go.kr/search/searchInnerDetail.do?searchType=INNER_SEARCH&resultType=INNER_SEARCH_DETAIL&searchMehtod=L&searchClass=S&controlNo=OLDP1200516936,1954,,,미부착,,개방 가능,만료공공저작물,,,O,,,,,만료저작물,
,1286,국회전자도서관,"초등 새 글씨본, 4학년 소용",https://dl.nanet.go.kr/search/searchInnerDetail.do?searchType=INNER_SEARCH&resultType=INNER_SEARCH_DETAIL&searchMehtod=L&searchClass=S&controlNo=OLDP1200516933,1954,,,미부착,,개방 가능,만료공공저작물,,,O,,,,,만료저작물,
,1287,국회전자도서관,국어. 4-1,https://dl.nanet.go.kr/search/searchInnerDetail.do?searchType=INNER_SEARCH&resultType=INNER_SEARCH_DETAIL&searchMehtod=L&searchClass=S&controlNo=OLDP1200516993,1954,,,미부착,,개방 가능,만료공공저작물,,,O,,,,,만료저작물,
,1288,국회전자도서관,국어. 5-1,https://dl.nanet.go.kr/search/searchInnerDetail.do?searchType=INNER_SEARCH&resultType=INNER_SEARCH_DETAIL&searchMehtod=L&searchClass=S&controlNo=OLDP1200516989,1954,,,미부착,,개방 가능,만료공공저작물,,,O,,,,,만료저작물,
,1289,국회전자도서관,"(초등)도의생활 : 문교부 추천 도의 교육독본 , 5-1",https://dl.nanet.go.kr/search/searchInnerDetail.do?searchType=INNER_SEARCH&resultType=INNER_SEARCH_DETAIL&searchMehtod=L&searchClass=S&controlNo=OLDP1200516974,1954,,,미부착,,개방 가능,만료공공저작물,,,O,,,,,만료저작물,
,1290,국회전자도서관,과학 공부. 4-2,https://dl.nanet.go.kr/search/searchInnerDetail.do?searchType=INNER_SEARCH&resultType=INNER_SEARCH_DETAIL&searchMehtod=L&searchClass=S&controlNo=OLDP1200516973,1954,,,미부착,,개방 가능,만료공공저작물,,,O,,,,,만료저작물,
,1291,국회전자도서관,셈본. 4-2,https://dl.nanet.go.kr/search/searchInnerDetail.do?searchType=INNER_SEARCH&resultType=INNER_SEARCH_DETAIL&searchMehtod=L&searchClass=S&controlNo=OLDP1200516951,1954,,,미부착,,개방 가능,만료공공저작물,,,O,,,,,만료저작물,
,1292,국회전자도서관,미술과 : 그림. 5,https://dl.nanet.go.kr/search/searchInnerDetail.do?searchType=INNER_SEARCH&resultType=INNER_SEARCH_DETAIL&searchMehtod=L&searchClass=S&controlNo=OLDP1200516938,1954,,,미부착,,개방 가능,만료공공저작물,,,O,,,,,만료저작물,
,1293,국회전자도서관,"광문전과, 5-2",https://dl.nanet.go.kr/search/searchInnerDetail.do?searchType=INNER_SEARCH&resultType=INNER_SEARCH_DETAIL&searchMehtod=L&searchClass=S&controlNo=OLDP1200516923,1954,,,미부착,,개방 가능,만료공공저작물,,,O,,,,,만료저작물,
,1294,국회전자도서관,"반공독본, 5",https://dl.nanet.go.kr/search/searchInnerDetail.do?searchType=INNER_SEARCH&resultType=INNER_SEARCH_DETAIL&searchMehtod=L&searchClass=S&controlNo=OLDP1200517015,1954,,,미부착,,개방 가능,만료공공저작물,,,O,,,,,만료저작물,
,1295,국회전자도서관,우리 나라의 발달. 6-2,https://dl.nanet.go.kr/search/searchInnerDetail.do?searchType=INNER_SEARCH&resultType=INNER_SEARCH_DETAIL&searchMehtod=L&searchClass=S&controlNo=OLDP1200517000,1954,,,미부착,,개방 가능,만료공공저작물,,,O,,,,,만료저작물,
,1296,국회전자도서관,우리 나라의 발달 : 사회 생활. 6-1,https://dl.nanet.go.kr/search/searchInnerDetail.do?searchType=INNER_SEARCH&resultType=INNER_SEARCH_DETAIL&searchMehtod=L&searchClass=S&controlNo=OLDP1200516998,1954,,,미부착,,개방 가능,만료공공저작물,,,O,,,,,만료저작물,
,1297,국회전자도서관,국어. 4-2,https://dl.nanet.go.kr/search/searchInnerDetail.do?searchType=INNER_SEARCH&resultType=INNER_SEARCH_DETAIL&searchMehtod=L&searchClass=S&controlNo=OLDP1200516986,1954,,,미부착,,개방 가능,만료공공저작물,,,O,,,,,만료저작물,
,1298,국회전자도서관,국어. 6-2,https://dl.nanet.go.kr/search/searchInnerDetail.do?searchType=INNER_SEARCH&resultType=INNER_SEARCH_DETAIL&searchMehtod=L&searchClass=S&controlNo=OLDP1200516984,1954,,,미부착,,개방 가능,만료공공저작물,,,O,,,,,만료저작물,
,1299,국회전자도서관,五大眞言,https://dl.nanet.go.kr/search/searchInnerDetail.do?searchType=INNER_SEARCH&resultType=INNER_SEARCH_DETAIL&searchMehtod=L&searchClass=S&controlNo=OLDP1000000522,1954,,,미부착,,개방 가능,만료공공저작물,,,O,,,,,만료저작물,
,1300,국회전자도서관,大華嚴首座圓通兩重大師均如傳,https://dl.nanet.go.kr/search/searchInnerDetail.do?searchType=INNER_SEARCH&resultType=INNER_SEARCH_DETAIL&searchMehtod=L&searchClass=S&controlNo=OLDP1000000533,1954,,,미부착,,개방 가능,만료공공저작물,,,O,,,,,만료저작물,
,1301,국회전자도서관,牧牛子修心訣,https://dl.nanet.go.kr/search/searchInnerDetail.do?searchType=INNER_SEARCH&resultType=INNER_SEARCH_DETAIL&searchMehtod=L&searchClass=S&controlNo=OLDP1000000530,1954,,,미부착,,개방 가능,만료공공저작물,,,O,,,,,만료저작물,
,1302,국회전자도서관,新編普勸文,https://dl.nanet.go.kr/search/searchInnerDetail.do?searchType=INNER_SEARCH&resultType=INNER_SEARCH_DETAIL&searchMehtod=L&searchClass=S&controlNo=OLDP1000000527,1954,,,미부착,,개방 가능,만료공공저작물,,,O,,,,,만료저작물,
,1303,국회전자도서관,"禪宗永嘉集, 上, 下",https://dl.nanet.go.kr/search/searchInnerDetail.do?searchType=INNER_SEARCH&resultType=INNER_SEARCH_DETAIL&searchMehtod=L&searchClass=S&controlNo=OLDP1000000335,1954,,,미부착,,개방 가능,만료공공저작물,,,O,,,,,만료저작물,
,1304,국회전자도서관,王郞返魂傳,https://dl.nanet.go.kr/search/searchInnerDetail.do?searchType=INNER_SEARCH&resultType=INNER_SEARCH_DETAIL&searchMehtod=L&searchClass=S&controlNo=OLDP1000000525,1954,,,미부착,,개방 가능,만료공공저작물,,,O,,,,,만료저작물,
,1305,국회전자도서관,"(초등)도의생활 : 문교부 추천 도의 교육독본 , 6",https://dl.nanet.go.kr/search/searchInnerDetail.do?searchType=INNER_SEARCH&resultType=INNER_SEARCH_DETAIL&searchMehtod=L&searchClass=S&controlNo=OLDP1200516975,1954,,,미부착,,개방 가능,만료공공저작물,,,O,,,,,만료저작물,
,1306,국회전자도서관,"遯齋詩稿, 單",https://dl.nanet.go.kr/search/searchInnerDetail.do?searchType=INNER_SEARCH&resultType=INNER_SEARCH_DETAIL&searchMehtod=L&searchClass=S&controlNo=OLDP1198040276,1954,,,미부착,,개방 가능,만료공공저작물,,,O,,,,,만료저작물,
,1307,국회전자도서관,"商隱齋詩文錄, 全",https://dl.nanet.go.kr/search/searchInnerDetail.do?searchType=INNER_SEARCH&resultType=INNER_SEARCH_DETAIL&searchMehtod=L&searchClass=S&controlNo=OLDP1198040304,1954,,,미부착,,개방 가능,만료공공저작물,,,O,,,,,만료저작물,
,1308,국회전자도서관,大方廣佛華嚴經,https://dl.nanet.go.kr/search/searchInnerDetail.do?searchType=INNER_SEARCH&resultType=INNER_SEARCH_DETAIL&searchMehtod=L&searchClass=S&controlNo=OLDP1201200001,755 ,,,미부착,,개방 가능,만료공공저작물,,,O,,,,,만료저작물,
,1309,국회전자도서관,"續資治通鑑綱目. 冊卷首, 1-31, 39-105",https://dl.nanet.go.kr/search/searchInnerDetail.do?searchType=INNER_SEARCH&resultType=INNER_SEARCH_DETAIL&searchMehtod=L&searchClass=S&controlNo=OLDP1198042176,,,,미부착,,검토 불가,검토 불가,,O,,,,,,발행연도 미상,
,1310,국회전자도서관,"紹述雜抄(朝鮮雜誌). 冊11, 12",https://dl.nanet.go.kr/search/searchInnerDetail.do?searchType=INNER_SEARCH&resultType=INNER_SEARCH_DETAIL&searchMehtod=L&searchClass=S&controlNo=OLDP3000000039,,,,미부착,,검토 불가,검토 불가,,O,,,,,,발행연도 미상,
,1311,국회전자도서관,三韓紀略,https://dl.nanet.go.kr/search/searchInnerDetail.do?searchType=INNER_SEARCH&resultType=INNER_SEARCH_DETAIL&searchMehtod=L&searchClass=S&controlNo=OLDP3000000035,,,,미부착,,검토 불가,검토 불가,,O,,,,,,발행연도 미상,
,1312,국회전자도서관,槎客通筒集,https://dl.nanet.go.kr/search/searchInnerDetail.do?searchType=INNER_SEARCH&resultType=INNER_SEARCH_DETAIL&searchMehtod=L&searchClass=S&controlNo=OLDP3000000034,,,,미부착,,검토 불가,검토 불가,,O,,,,,,발행연도 미상,
,1313,국회전자도서관,(甲申) 槎客萍水集,https://dl.nanet.go.kr/search/searchInnerDetail.do?searchType=INNER_SEARCH&resultType=INNER_SEARCH_DETAIL&searchMehtod=L&searchClass=S&controlNo=OLDP3000000027,,,,미부착,,검토 불가,검토 불가,,O,,,,,,발행연도 미상,
,1314,국회전자도서관,客館璀璨集,https://dl.nanet.go.kr/search/searchInnerDetail.do?searchType=INNER_SEARCH&resultType=INNER_SEARCH_DETAIL&searchMehtod=L&searchClass=S&controlNo=OLDP3000000023,,,,미부착,,검토 불가,검토 불가,,O,,,,,,발행연도 미상,
,1315,국회전자도서관,江關筆談,https://dl.nanet.go.kr/search/searchInnerDetail.do?searchType=INNER_SEARCH&resultType=INNER_SEARCH_DETAIL&searchMehtod=L&searchClass=S&controlNo=OLDP3000000047,,,,미부착,,검토 불가,검토 불가,,O,,,,,,발행연도 미상,
,1316,국회전자도서관,東遊篇,https://dl.nanet.go.kr/search/searchInnerDetail.do?searchType=INNER_SEARCH&resultType=INNER_SEARCH_DETAIL&searchMehtod=L&searchClass=S&controlNo=OLDP3000000043,,,,미부착,,검토 불가,검토 불가,,O,,,,,,발행연도 미상,
,1317,국회전자도서관,殊服同調集,https://dl.nanet.go.kr/search/searchInnerDetail.do?searchType=INNER_SEARCH&resultType=INNER_SEARCH_DETAIL&searchMehtod=L&searchClass=S&controlNo=OLDP3000000040,,,,미부착,,검토 불가,검토 불가,,O,,,,,,발행연도 미상,
,1318,국회전자도서관,桑韓唱和塤篪集. 冊1-4,https://dl.nanet.go.kr/search/searchInnerDetail.do?searchType=INNER_SEARCH&resultType=INNER_SEARCH_DETAIL&searchMehtod=L&searchClass=S&controlNo=OLDP3000000038,,,,미부착,,검토 불가,검토 불가,,O,,,,,,발행연도 미상,
,1319,국회전자도서관,桑韓星槎答響,https://dl.nanet.go.kr/search/searchInnerDetail.do?searchType=INNER_SEARCH&resultType=INNER_SEARCH_DETAIL&searchMehtod=L&searchClass=S&controlNo=OLDP3000000036,,,,미부착,,검토 불가,검토 불가,,O,,,,,,발행연도 미상,
,1320,국회전자도서관,問槎餘響,https://dl.nanet.go.kr/search/searchInnerDetail.do?searchType=INNER_SEARCH&resultType=INNER_SEARCH_DETAIL&searchMehtod=L&searchClass=S&controlNo=OLDP3000000033,,,,미부착,,검토 불가,검토 불가,,O,,,,,,발행연도 미상,
,1321,국회전자도서관,對島筆語,https://dl.nanet.go.kr/search/searchInnerDetail.do?searchType=INNER_SEARCH&resultType=INNER_SEARCH_DETAIL&searchMehtod=L&searchClass=S&controlNo=OLDP3000000030,,,,미부착,,검토 불가,검토 불가,,O,,,,,,발행연도 미상,
,1322,국회전자도서관,講餘獨覽,https://dl.nanet.go.kr/search/searchInnerDetail.do?searchType=INNER_SEARCH&resultType=INNER_SEARCH_DETAIL&searchMehtod=L&searchClass=S&controlNo=OLDP3000000029,,,,미부착,,검토 불가,검토 불가,,O,,,,,,발행연도 미상,
,1323,국회전자도서관,國書復號記事,https://dl.nanet.go.kr/search/searchInnerDetail.do?searchType=INNER_SEARCH&resultType=INNER_SEARCH_DETAIL&searchMehtod=L&searchClass=S&controlNo=OLDP3000000026,,,,미부착,,검토 불가,검토 불가,,O,,,,,,발행연도 미상,
,1324,국회전자도서관,詳說古文眞寶大全. 冊1-8,https://dl.nanet.go.kr/search/searchInnerDetail.do?searchType=INNER_SEARCH&resultType=INNER_SEARCH_DETAIL&searchMehtod=L&searchClass=S&controlNo=OLDP1198040447,,,,미부착,,검토 불가,검토 불가,,O,,,,,,발행연도 미상,
,1325,국회전자도서관,周易正文,https://dl.nanet.go.kr/search/searchInnerDetail.do?searchType=INNER_SEARCH&resultType=INNER_SEARCH_DETAIL&searchMehtod=L&searchClass=S&controlNo=OLDP12022000000085,,,,미부착,,검토 불가,검토 불가,,O,,,,,,발행연도 미상,
,1326,국회전자도서관,擊蒙要訣,https://dl.nanet.go.kr/search/searchInnerDetail.do?searchType=INNER_SEARCH&resultType=INNER_SEARCH_DETAIL&searchMehtod=L&searchClass=S&controlNo=OLDP12022000000100,,,,미부착,,검토 불가,검토 불가,,O,,,,,,발행연도 미상,
,1327,국회전자도서관,新編古今事文類聚. 前集 冊1-17,https://dl.nanet.go.kr/search/searchInnerDetail.do?searchType=INNER_SEARCH&resultType=INNER_SEARCH_DETAIL&searchMehtod=L&searchClass=S&controlNo=OLDP12022000000023,,,,미부착,,검토 불가,검토 불가,,O,,,,,,발행연도 미상,
,1328,국회전자도서관,策林繁露. 冊1-5,https://dl.nanet.go.kr/search/searchInnerDetail.do?searchType=INNER_SEARCH&resultType=INNER_SEARCH_DETAIL&searchMehtod=L&searchClass=S&controlNo=OLDP12022000000022,,,,미부착,,검토 불가,검토 불가,,O,,,,,,발행연도 미상,
,1329,국회전자도서관,書林,https://dl.nanet.go.kr/search/searchInnerDetail.do?searchType=INNER_SEARCH&resultType=INNER_SEARCH_DETAIL&searchMehtod=L&searchClass=S&controlNo=OLDP12022000000207,,,,미부착,,검토 불가,검토 불가,,O,,,,,,발행연도 미상,
,1330,국회전자도서관,經義問對. 冊1-2,https://dl.nanet.go.kr/search/searchInnerDetail.do?searchType=INNER_SEARCH&resultType=INNER_SEARCH_DETAIL&searchMehtod=L&searchClass=S&controlNo=OLDP12022000000120,,,,미부착,,검토 불가,검토 불가,,O,,,,,,발행연도 미상,
,1331,국회전자도서관,性理大全會通. 卷18-20,https://dl.nanet.go.kr/search/searchInnerDetail.do?searchType=INNER_SEARCH&resultType=INNER_SEARCH_DETAIL&searchMehtod=L&searchClass=S&controlNo=OLDP32022000000005,,,,미부착,,검토 불가,검토 불가,,O,,,,,,발행연도 미상,
,1332,국회전자도서관,生生訣,https://dl.nanet.go.kr/search/searchInnerDetail.do?searchType=INNER_SEARCH&resultType=INNER_SEARCH_DETAIL&searchMehtod=L&searchClass=S&controlNo=OLDP12022000000202,,,,미부착,,검토 불가,검토 불가,,O,,,,,,발행연도 미상,
,1333,국회전자도서관,懲毖錄. 冊1-7,https://dl.nanet.go.kr/search/searchInnerDetail.do?searchType=INNER_SEARCH&resultType=INNER_SEARCH_DETAIL&searchMehtod=L&searchClass=S&controlNo=OLDP12021000000029,,,,미부착,,검토 불가,검토 불가,,O,,,,,,발행연도 미상,
,1334,국회전자도서관,古今歷代標題註釋十九史略通攷. 冊1,https://dl.nanet.go.kr/search/searchInnerDetail.do?searchType=INNER_SEARCH&resultType=INNER_SEARCH_DETAIL&searchMehtod=L&searchClass=S&controlNo=OLDP12021000000048,,,,미부착,,검토 불가,검토 불가,,O,,,,,,발행연도 미상,
,1335,국회전자도서관,震兌源流. 甲,https://dl.nanet.go.kr/search/searchInnerDetail.do?searchType=INNER_SEARCH&resultType=INNER_SEARCH_DETAIL&searchMehtod=L&searchClass=S&controlNo=OLDP12021000000024,,,,미부착,,검토 불가,검토 불가,,O,,,,,,발행연도 미상,
,1336,국회전자도서관,"資治通鑑綱目. 冊41, 44",https://dl.nanet.go.kr/search/searchInnerDetail.do?searchType=INNER_SEARCH&resultType=INNER_SEARCH_DETAIL&searchMehtod=L&searchClass=S&controlNo=OLDP12021000000049,,,,미부착,,검토 불가,검토 불가,,O,,,,,,발행연도 미상,
,1337,국회전자도서관,馬史. 全,https://dl.nanet.go.kr/search/searchInnerDetail.do?searchType=INNER_SEARCH&resultType=INNER_SEARCH_DETAIL&searchMehtod=L&searchClass=S&controlNo=OLDP12021000000047,,,,미부착,,검토 불가,검토 불가,,O,,,,,,발행연도 미상,
,1338,국회전자도서관,"辛壬紀年提要(及)續. 元, 亨, 利, 貞",https://dl.nanet.go.kr/search/searchInnerDetail.do?searchType=INNER_SEARCH&resultType=INNER_SEARCH_DETAIL&searchMehtod=L&searchClass=S&controlNo=OLDP12021000000030,,,,미부착,,검토 불가,검토 불가,,O,,,,,,발행연도 미상,
,1339,국회전자도서관,丙子錄. 全,https://dl.nanet.go.kr/search/searchInnerDetail.do?searchType=INNER_SEARCH&resultType=INNER_SEARCH_DETAIL&searchMehtod=L&searchClass=S&controlNo=OLDP12021000000028,,,,미부착,,검토 불가,검토 불가,,O,,,,,,발행연도 미상,
,1340,국회전자도서관,"朝野輯要. 冊5, 16",https://dl.nanet.go.kr/search/searchInnerDetail.do?searchType=INNER_SEARCH&resultType=INNER_SEARCH_DETAIL&searchMehtod=L&searchClass=S&controlNo=OLDP12021000000022,,,,미부착,,검토 불가,검토 불가,,O,,,,,,발행연도 미상,
,1341,국회전자도서관,古史通略. 上,https://dl.nanet.go.kr/search/searchInnerDetail.do?searchType=INNER_SEARCH&resultType=INNER_SEARCH_DETAIL&searchMehtod=L&searchClass=S&controlNo=OLDP12021000000046,,,,미부착,,검토 불가,검토 불가,,O,,,,,,발행연도 미상,
,1342,국회전자도서관,御撰資治通鑑綱目. 冊1-3,https://dl.nanet.go.kr/search/searchInnerDetail.do?searchType=INNER_SEARCH&resultType=INNER_SEARCH_DETAIL&searchMehtod=L&searchClass=S&controlNo=OLDP12021000000053,,,,미부착,,검토 불가,검토 불가,,O,,,,,,발행연도 미상,
,1343,국회전자도서관,신미녹. 全,https://dl.nanet.go.kr/search/searchInnerDetail.do?searchType=INNER_SEARCH&resultType=INNER_SEARCH_DETAIL&searchMehtod=L&searchClass=S&controlNo=OLDP12021000000035,,,,미부착,,검토 불가,검토 불가,,O,,,,,,발행연도 미상,
,1344,국회전자도서관,朝野輯要(及)續. 冊1-12,https://dl.nanet.go.kr/search/searchInnerDetail.do?searchType=INNER_SEARCH&resultType=INNER_SEARCH_DETAIL&searchMehtod=L&searchClass=S&controlNo=OLDP12021000000025,,,,미부착,,검토 불가,검토 불가,,O,,,,,,발행연도 미상,
,1345,국회전자도서관,續資治通鑑綱目. 冊1-7,https://dl.nanet.go.kr/search/searchInnerDetail.do?searchType=INNER_SEARCH&resultType=INNER_SEARCH_DETAIL&searchMehtod=L&searchClass=S&controlNo=OLDP12021000000051,,,,미부착,,검토 불가,검토 불가,,O,,,,,,발행연도 미상,
,1346,국회전자도서관,壬午日記. 全,https://dl.nanet.go.kr/search/searchInnerDetail.do?searchType=INNER_SEARCH&resultType=INNER_SEARCH_DETAIL&searchMehtod=L&searchClass=S&controlNo=OLDP12021000000033,,,,미부착,,검토 불가,검토 불가,,O,,,,,,발행연도 미상,
,1347,국회전자도서관,商邱皇廟實紀. 全,https://dl.nanet.go.kr/search/searchInnerDetail.do?searchType=INNER_SEARCH&resultType=INNER_SEARCH_DETAIL&searchMehtod=L&searchClass=S&controlNo=OLDP12021000000039,,,,미부착,,검토 불가,검토 불가,,O,,,,,,발행연도 미상,
,1348,국회전자도서관,續資治通鑑綱目. 冊6,https://dl.nanet.go.kr/search/searchInnerDetail.do?searchType=INNER_SEARCH&resultType=INNER_SEARCH_DETAIL&searchMehtod=L&searchClass=S&controlNo=OLDP12021000000052,,,,미부착,,검토 불가,검토 불가,,O,,,,,,발행연도 미상,
,1349,국회전자도서관,少微家塾點校附音通鑑節要. 冊14,https://dl.nanet.go.kr/search/searchInnerDetail.do?searchType=INNER_SEARCH&resultType=INNER_SEARCH_DETAIL&searchMehtod=L&searchClass=S&controlNo=OLDP32021000000011,,,,미부착,,검토 불가,검토 불가,,O,,,,,,발행연도 미상,
,1350,국회전자도서관,"名世文宗. 卷9, 13-14",https://dl.nanet.go.kr/search/searchInnerDetail.do?searchType=INNER_SEARCH&resultType=INNER_SEARCH_DETAIL&searchMehtod=L&searchClass=S&controlNo=OLDP12021000000055,,,,미부착,,검토 불가,검토 불가,,O,,,,,,발행연도 미상,
,1351,국회전자도서관,"少微家塾點校附音通鑑節要. 冊1, 3-6",https://dl.nanet.go.kr/search/searchInnerDetail.do?searchType=INNER_SEARCH&resultType=INNER_SEARCH_DETAIL&searchMehtod=L&searchClass=S&controlNo=OLDP32021000000013,,,,미부착,,검토 불가,검토 불가,,O,,,,,,발행연도 미상,
,1352,국회전자도서관,"史漢一統. 冊1-3, 5-16",https://dl.nanet.go.kr/search/searchInnerDetail.do?searchType=INNER_SEARCH&resultType=INNER_SEARCH_DETAIL&searchMehtod=L&searchClass=S&controlNo=OLDP12021000000059,,,,미부착,,검토 불가,검토 불가,,O,,,,,,발행연도 미상,
,1353,국회전자도서관,"世說新語(及)補. 冊1-8, 10",https://dl.nanet.go.kr/search/searchInnerDetail.do?searchType=INNER_SEARCH&resultType=INNER_SEARCH_DETAIL&searchMehtod=L&searchClass=S&controlNo=OLDP32021000000020,,,,미부착,,검토 불가,검토 불가,,O,,,,,,발행연도 미상,
,1354,국회전자도서관,南北春秋. 全,https://dl.nanet.go.kr/search/searchInnerDetail.do?searchType=INNER_SEARCH&resultType=INNER_SEARCH_DETAIL&searchMehtod=L&searchClass=S&controlNo=OLDP32021000000019,,,,미부착,,검토 불가,검토 불가,,O,,,,,,발행연도 미상,
,1355,국회전자도서관,漢書. 冊1-10,https://dl.nanet.go.kr/search/searchInnerDetail.do?searchType=INNER_SEARCH&resultType=INNER_SEARCH_DETAIL&searchMehtod=L&searchClass=S&controlNo=OLDP32021000000014,,,,미부착,,검토 불가,검토 불가,,O,,,,,,발행연도 미상,
,1356,국회전자도서관,新編古今事文類聚. 新集 冊1-11,https://dl.nanet.go.kr/search/searchInnerDetail.do?searchType=INNER_SEARCH&resultType=INNER_SEARCH_DETAIL&searchMehtod=L&searchClass=S&controlNo=OLDP12022000000290,,,,미부착,,검토 불가,검토 불가,,O,,,,,,발행연도 미상,
,1357,국회전자도서관,新編古今事文類聚. 外集 冊1-5,https://dl.nanet.go.kr/search/searchInnerDetail.do?searchType=INNER_SEARCH&resultType=INNER_SEARCH_DETAIL&searchMehtod=L&searchClass=S&controlNo=OLDP12022000000288,,,,미부착,,검토 불가,검토 불가,,O,,,,,,발행연도 미상,
,1358,국회전자도서관,新編古今事文類聚. 後集 冊1-14,https://dl.nanet.go.kr/search/searchInnerDetail.do?searchType=INNER_SEARCH&resultType=INNER_SEARCH_DETAIL&searchMehtod=L&searchClass=S&controlNo=OLDP12022000000285,,,,미부착,,검토 불가,검토 불가,,O,,,,,,발행연도 미상,
,1359,국회전자도서관,新編古今事文類聚. 續集 冊1-10,https://dl.nanet.go.kr/search/searchInnerDetail.do?searchType=INNER_SEARCH&resultType=INNER_SEARCH_DETAIL&searchMehtod=L&searchClass=S&controlNo=OLDP12022000000286,,,,미부착,,검토 불가,검토 불가,,O,,,,,,발행연도 미상,
,1360,국회전자도서관,新編古今事文類聚. 別集 冊1-10,https://dl.nanet.go.kr/search/searchInnerDetail.do?searchType=INNER_SEARCH&resultType=INNER_SEARCH_DETAIL&searchMehtod=L&searchClass=S&controlNo=OLDP12022000000287,,,,미부착,,검토 불가,검토 불가,,O,,,,,,발행연도 미상,
,1361,국회전자도서관,新編古今事文類聚. 遺集 冊1-5,https://dl.nanet.go.kr/search/searchInnerDetail.do?searchType=INNER_SEARCH&resultType=INNER_SEARCH_DETAIL&searchMehtod=L&searchClass=S&controlNo=OLDP12022000000289,,,,미부착,,검토 불가,검토 불가,,O,,,,,,발행연도 미상,
,1362,국회전자도서관,繡像 東漢演義. 冊1-2,https://dl.nanet.go.kr/search/searchInnerDetail.do?searchType=INNER_SEARCH&resultType=INNER_SEARCH_DETAIL&searchMehtod=L&searchClass=S&controlNo=OLDP12021000000057,,,,미부착,,검토 불가,검토 불가,,O,,,,,,발행연도 미상,
,1363,국회전자도서관,繡像 西漢演義. 冊2-3,https://dl.nanet.go.kr/search/searchInnerDetail.do?searchType=INNER_SEARCH&resultType=INNER_SEARCH_DETAIL&searchMehtod=L&searchClass=S&controlNo=OLDP12021000000056,,,,미부착,,검토 불가,검토 불가,,O,,,,,,발행연도 미상,
,1364,국회전자도서관,太初窩集. 冊8,https://dl.nanet.go.kr/search/searchInnerDetail.do?searchType=INNER_SEARCH&resultType=INNER_SEARCH_DETAIL&searchMehtod=L&searchClass=S&controlNo=OLDP1201200062,,,,미부착,,검토 불가,검토 불가,,O,,,,,,발행연도 미상,
,1365,국회전자도서관,"思齋稿, 全",https://dl.nanet.go.kr/search/searchInnerDetail.do?searchType=INNER_SEARCH&resultType=INNER_SEARCH_DETAIL&searchMehtod=L&searchClass=S&controlNo=OLDP1198022471,,,,미부착,,검토 불가,검토 불가,,O,,,,,,발행연도 미상,
,1366,국회전자도서관,"蓮巢遺稿, 冊1-2",https://dl.nanet.go.kr/search/searchInnerDetail.do?searchType=INNER_SEARCH&resultType=INNER_SEARCH_DETAIL&searchMehtod=L&searchClass=S&controlNo=OLDP1198029853,,,,미부착,,검토 불가,검토 불가,,O,,,,,,발행연도 미상,
,1367,국회전자도서관,孔子家語,https://dl.nanet.go.kr/search/searchInnerDetail.do?searchType=INNER_SEARCH&resultType=INNER_SEARCH_DETAIL&searchMehtod=L&searchClass=S&controlNo=OLDP1000000392,,,,미부착,,검토 불가,검토 불가,,O,,,,,,발행연도 미상,
,1368,국회전자도서관,尤庵宋文正公言行錄,https://dl.nanet.go.kr/search/searchInnerDetail.do?searchType=INNER_SEARCH&resultType=INNER_SEARCH_DETAIL&searchMehtod=L&searchClass=S&controlNo=OLDP1000000225,,,,미부착,,검토 불가,검토 불가,,O,,,,,,발행연도 미상,
,1369,국회전자도서관,篆隸金剛經,https://dl.nanet.go.kr/search/searchInnerDetail.do?searchType=INNER_SEARCH&resultType=INNER_SEARCH_DETAIL&searchMehtod=L&searchClass=S&controlNo=OLDP1000000306,,,,미부착,,검토 불가,검토 불가,,O,,,,,,발행연도 미상,
,1370,국회전자도서관,"柳村公遺稿, 冊2-3",https://dl.nanet.go.kr/search/searchInnerDetail.do?searchType=INNER_SEARCH&resultType=INNER_SEARCH_DETAIL&searchMehtod=L&searchClass=S&controlNo=OLDP1198029104,,,,미부착,,검토 불가,검토 불가,,O,,,,,,발행연도 미상,
,1371,국회전자도서관,太初窩集. 冊1-3,https://dl.nanet.go.kr/search/searchInnerDetail.do?searchType=INNER_SEARCH&resultType=INNER_SEARCH_DETAIL&searchMehtod=L&searchClass=S&controlNo=OLDP1198029101,,,,미부착,,검토 불가,검토 불가,,O,,,,,,발행연도 미상,
,1372,국회전자도서관,"四隱齋公遺稿, 冊1-4",https://dl.nanet.go.kr/search/searchInnerDetail.do?searchType=INNER_SEARCH&resultType=INNER_SEARCH_DETAIL&searchMehtod=L&searchClass=S&controlNo=OLDP1198029092,,,,미부착,,검토 불가,검토 불가,,O,,,,,,발행연도 미상,
,1373,국회전자도서관,祠院寺刹,https://dl.nanet.go.kr/search/searchInnerDetail.do?searchType=INNER_SEARCH&resultType=INNER_SEARCH_DETAIL&searchMehtod=L&searchClass=S&controlNo=OLDP1000000360,,,,미부착,,검토 불가,검토 불가,,O,,,,,,발행연도 미상,
,1374,국회전자도서관,流年四柱,https://dl.nanet.go.kr/search/searchInnerDetail.do?searchType=INNER_SEARCH&resultType=INNER_SEARCH_DETAIL&searchMehtod=L&searchClass=S&controlNo=OLDP1000000192,,,,미부착,,검토 불가,검토 불가,,O,,,,,,발행연도 미상,
,1375,국회전자도서관,要覽方,https://dl.nanet.go.kr/search/searchInnerDetail.do?searchType=INNER_SEARCH&resultType=INNER_SEARCH_DETAIL&searchMehtod=L&searchClass=S&controlNo=OLDP1000000191,,,,미부착,,검토 불가,검토 불가,,O,,,,,,발행연도 미상,
,1376,국회전자도서관,占術書,https://dl.nanet.go.kr/search/searchInnerDetail.do?searchType=INNER_SEARCH&resultType=INNER_SEARCH_DETAIL&searchMehtod=L&searchClass=S&controlNo=OLDP1000000186,,,,미부착,,검토 불가,검토 불가,,O,,,,,,발행연도 미상,
,1377,국회전자도서관,金口要抄,https://dl.nanet.go.kr/search/searchInnerDetail.do?searchType=INNER_SEARCH&resultType=INNER_SEARCH_DETAIL&searchMehtod=L&searchClass=S&controlNo=OLDP1000000184,,,,미부착,,검토 불가,검토 불가,,O,,,,,,발행연도 미상,
,1378,국회전자도서관,"六韜直解, 坤",https://dl.nanet.go.kr/search/searchInnerDetail.do?searchType=INNER_SEARCH&resultType=INNER_SEARCH_DETAIL&searchMehtod=L&searchClass=S&controlNo=OLDP1000000343,,,,미부착,,검토 불가,검토 불가,,O,,,,,,발행연도 미상,
,1379,국회전자도서관,守令官案,https://dl.nanet.go.kr/search/searchInnerDetail.do?searchType=INNER_SEARCH&resultType=INNER_SEARCH_DETAIL&searchMehtod=L&searchClass=S&controlNo=OLDP1000000336,,,,미부착,,검토 불가,검토 불가,,O,,,,,,발행연도 미상,
,1380,국회전자도서관,明心寶鑑,https://dl.nanet.go.kr/search/searchInnerDetail.do?searchType=INNER_SEARCH&resultType=INNER_SEARCH_DETAIL&searchMehtod=L&searchClass=S&controlNo=OLDP1000000223,,,,미부착,,검토 불가,검토 불가,,O,,,,,,발행연도 미상,
,1381,국회전자도서관,"後自警編, 冊1-6",https://dl.nanet.go.kr/search/searchInnerDetail.do?searchType=INNER_SEARCH&resultType=INNER_SEARCH_DETAIL&searchMehtod=L&searchClass=S&controlNo=OLDP1000000220,,,,미부착,,검토 불가,검토 불가,,O,,,,,,발행연도 미상,
,1382,국회전자도서관,"國朝諸先生文集節要, 冊1-12",https://dl.nanet.go.kr/search/searchInnerDetail.do?searchType=INNER_SEARCH&resultType=INNER_SEARCH_DETAIL&searchMehtod=L&searchClass=S&controlNo=OLDP1000000215,,,,미부착,,검토 불가,검토 불가,,O,,,,,,발행연도 미상,
,1383,국회전자도서관,東醫壽世保元,https://dl.nanet.go.kr/search/searchInnerDetail.do?searchType=INNER_SEARCH&resultType=INNER_SEARCH_DETAIL&searchMehtod=L&searchClass=S&controlNo=OLDP1198028908,,,,미부착,,검토 불가,검토 불가,,O,,,,,,발행연도 미상,
,1384,국회전자도서관,各疏篇,https://dl.nanet.go.kr/search/searchInnerDetail.do?searchType=INNER_SEARCH&resultType=INNER_SEARCH_DETAIL&searchMehtod=L&searchClass=S&controlNo=OLDP1000000305,,,,미부착,,검토 불가,검토 불가,,O,,,,,,발행연도 미상,
,1385,국회전자도서관,"三禮分彙抄, 冊1",https://dl.nanet.go.kr/search/searchInnerDetail.do?searchType=INNER_SEARCH&resultType=INNER_SEARCH_DETAIL&searchMehtod=L&searchClass=S&controlNo=OLDP1000000294,,,,미부착,,검토 불가,검토 불가,,O,,,,,,발행연도 미상,
,1386,국회전자도서관,禮疑類輯(及)附錄. 冊1-8,https://dl.nanet.go.kr/search/searchInnerDetail.do?searchType=INNER_SEARCH&resultType=INNER_SEARCH_DETAIL&searchMehtod=L&searchClass=S&controlNo=OLDP1000000293,,,,미부착,,검토 불가,검토 불가,,O,,,,,,발행연도 미상,
,1387,국회전자도서관,"新編集成馬醫方, 全",https://dl.nanet.go.kr/search/searchInnerDetail.do?searchType=INNER_SEARCH&resultType=INNER_SEARCH_DETAIL&searchMehtod=L&searchClass=S&controlNo=OLDP1198029114,,,,미부착,,검토 불가,검토 불가,,O,,,,,,발행연도 미상,
,1388,국회전자도서관,御製十三經講義,https://dl.nanet.go.kr/search/searchInnerDetail.do?searchType=INNER_SEARCH&resultType=INNER_SEARCH_DETAIL&searchMehtod=L&searchClass=S&controlNo=OLDP1000000213,,,,미부착,,검토 불가,검토 불가,,O,,,,,,발행연도 미상,
,1389,국회전자도서관,要訣,https://dl.nanet.go.kr/search/searchInnerDetail.do?searchType=INNER_SEARCH&resultType=INNER_SEARCH_DETAIL&searchMehtod=L&searchClass=S&controlNo=OLDP1000000190,,,,미부착,,검토 불가,검토 불가,,O,,,,,,발행연도 미상,
,1390,국회전자도서관,觀梅集,https://dl.nanet.go.kr/search/searchInnerDetail.do?searchType=INNER_SEARCH&resultType=INNER_SEARCH_DETAIL&searchMehtod=L&searchClass=S&controlNo=OLDP1000000185,,,,미부착,,검토 불가,검토 불가,,O,,,,,,발행연도 미상,
,1391,국회전자도서관,黃石公素書,https://dl.nanet.go.kr/search/searchInnerDetail.do?searchType=INNER_SEARCH&resultType=INNER_SEARCH_DETAIL&searchMehtod=L&searchClass=S&controlNo=OLDP1000000367,,,,미부착,,검토 불가,검토 불가,,O,,,,,,발행연도 미상,
,1392,국회전자도서관,謙菴先生立祠時事實,https://dl.nanet.go.kr/search/searchInnerDetail.do?searchType=INNER_SEARCH&resultType=INNER_SEARCH_DETAIL&searchMehtod=L&searchClass=S&controlNo=OLDP1000000345,,,,미부착,,검토 불가,검토 불가,,O,,,,,,발행연도 미상,
,1393,국회전자도서관,八道軍額都摠,https://dl.nanet.go.kr/search/searchInnerDetail.do?searchType=INNER_SEARCH&resultType=INNER_SEARCH_DETAIL&searchMehtod=L&searchClass=S&controlNo=OLDP1000000340,,,,미부착,,검토 불가,검토 불가,,O,,,,,,발행연도 미상,
,1394,국회전자도서관,水操程式,https://dl.nanet.go.kr/search/searchInnerDetail.do?searchType=INNER_SEARCH&resultType=INNER_SEARCH_DETAIL&searchMehtod=L&searchClass=S&controlNo=OLDP1000000338,,,,미부착,,검토 불가,검토 불가,,O,,,,,,발행연도 미상,
,1395,국회전자도서관,振齋弄毫(及)慢毫. 冊1-9,https://dl.nanet.go.kr/search/searchInnerDetail.do?searchType=INNER_SEARCH&resultType=INNER_SEARCH_DETAIL&searchMehtod=L&searchClass=S&controlNo=OLDP1198029094,,,,미부착,,검토 불가,검토 불가,,O,,,,,,발행연도 미상,
,1396,국회전자도서관,"菊稿, 冊1-4, 6-10",https://dl.nanet.go.kr/search/searchInnerDetail.do?searchType=INNER_SEARCH&resultType=INNER_SEARCH_DETAIL&searchMehtod=L&searchClass=S&controlNo=OLDP1198029089,,,,미부착,,검토 불가,검토 불가,,O,,,,,,발행연도 미상,
,1397,국회전자도서관,臺泉日月,https://dl.nanet.go.kr/search/searchInnerDetail.do?searchType=INNER_SEARCH&resultType=INNER_SEARCH_DETAIL&searchMehtod=L&searchClass=S&controlNo=OLDP1198029083,,,,미부착,,검토 불가,검토 불가,,O,,,,,,발행연도 미상,
,1398,국회전자도서관,"荊川稗編抄, 冊1-3",https://dl.nanet.go.kr/search/searchInnerDetail.do?searchType=INNER_SEARCH&resultType=INNER_SEARCH_DETAIL&searchMehtod=L&searchClass=S&controlNo=OLDP1000000160,,,,미부착,,검토 불가,검토 불가,,O,,,,,,발행연도 미상,
,1399,국회전자도서관,禮疑類輯(及)附錄. 冊9-15,https://dl.nanet.go.kr/search/searchInnerDetail.do?searchType=INNER_SEARCH&resultType=INNER_SEARCH_DETAIL&searchMehtod=L&searchClass=S&controlNo=OLDP1201200004,,,,미부착,,검토 불가,검토 불가,,O,,,,,,발행연도 미상,
,1400,국회전자도서관,太初窩集. 冊4-7,https://dl.nanet.go.kr/search/searchInnerDetail.do?searchType=INNER_SEARCH&resultType=INNER_SEARCH_DETAIL&searchMehtod=L&searchClass=S&controlNo=OLDP1201200061,,,,미부착,,검토 불가,검토 불가,,O,,,,,,발행연도 미상,
,1401,국회전자도서관,振齋弄毫(及)慢毫. 冊31-34,https://dl.nanet.go.kr/search/searchInnerDetail.do?searchType=INNER_SEARCH&resultType=INNER_SEARCH_DETAIL&searchMehtod=L&searchClass=S&controlNo=OLDP1201200065,,,,미부착,,검토 불가,검토 불가,,O,,,,,,발행연도 미상,
,1402,국회전자도서관,"振齋弄毫(及)慢毫. 冊17, 19-23, 25, 27-30",https://dl.nanet.go.kr/search/searchInnerDetail.do?searchType=INNER_SEARCH&resultType=INNER_SEARCH_DETAIL&searchMehtod=L&searchClass=S&controlNo=OLDP1201200064,,,,미부착,,검토 불가,검토 불가,,O,,,,,,발행연도 미상,
,1403,국회전자도서관,振齋弄毫(及)慢毫. 冊10-16,https://dl.nanet.go.kr/search/searchInnerDetail.do?searchType=INNER_SEARCH&resultType=INNER_SEARCH_DETAIL&searchMehtod=L&searchClass=S&controlNo=OLDP1201200063,,,,미부착,,검토 불가,검토 불가,,O,,,,,,발행연도 미상,
,1404,국회전자도서관,"唐宋八大家文抄, 1-20",https://dl.nanet.go.kr/search/searchInnerDetail.do?searchType=INNER_SEARCH&resultType=INNER_SEARCH_DETAIL&searchMehtod=L&searchClass=S&controlNo=OLDP1000000145,,,,미부착,,검토 불가,검토 불가,,O,,,,,,발행연도 미상,
,1405,국회전자도서관,"萬姓譜, 冊1-4",https://dl.nanet.go.kr/search/searchInnerDetail.do?searchType=INNER_SEARCH&resultType=INNER_SEARCH_DETAIL&searchMehtod=L&searchClass=S&controlNo=OLDP1200400577,,,,미부착,,검토 불가,검토 불가,,O,,,,,,발행연도 미상,
,1406,국회전자도서관,"百憲摠要, 乾, 坤",https://dl.nanet.go.kr/search/searchInnerDetail.do?searchType=INNER_SEARCH&resultType=INNER_SEARCH_DETAIL&searchMehtod=L&searchClass=S&controlNo=OLDP1000000004,,,,미부착,,검토 불가,검토 불가,,O,,,,,,발행연도 미상,
,1407,국회전자도서관,官報,https://dl.nanet.go.kr/search/searchInnerDetail.do?searchType=INNER_SEARCH&resultType=INNER_SEARCH_DETAIL&searchMehtod=L&searchClass=S&controlNo=OLDP1000000002,,,,미부착,,검토 불가,검토 불가,,O,,,,,,발행연도 미상,
,1408,국회전자도서관,說文解字篆韻譜,https://dl.nanet.go.kr/search/searchInnerDetail.do?searchType=INNER_SEARCH&resultType=INNER_SEARCH_DETAIL&searchMehtod=L&searchClass=S&controlNo=OLDP1000000044,,,,미부착,,검토 불가,검토 불가,,O,,,,,,발행연도 미상,
,1409,국회전자도서관,高麗季世忠臣逸事傳,https://dl.nanet.go.kr/search/searchInnerDetail.do?searchType=INNER_SEARCH&resultType=INNER_SEARCH_DETAIL&searchMehtod=L&searchClass=S&controlNo=OLDP1000000064,,,,미부착,,검토 불가,검토 불가,,O,,,,,,발행연도 미상,
,1410,국회전자도서관,癸酉錄,https://dl.nanet.go.kr/search/searchInnerDetail.do?searchType=INNER_SEARCH&resultType=INNER_SEARCH_DETAIL&searchMehtod=L&searchClass=S&controlNo=OLDP1000000063,,,,미부착,,검토 불가,검토 불가,,O,,,,,,발행연도 미상,
,1411,국회전자도서관,"聖學十圖, 1-10",https://dl.nanet.go.kr/search/searchInnerDetail.do?searchType=INNER_SEARCH&resultType=INNER_SEARCH_DETAIL&searchMehtod=L&searchClass=S&controlNo=OLDP1000000045,,,,미부착,,검토 불가,검토 불가,,O,,,,,,발행연도 미상,
,1412,국회전자도서관,휘언,https://dl.nanet.go.kr/search/searchInnerDetail.do?searchType=INNER_SEARCH&resultType=INNER_SEARCH_DETAIL&searchMehtod=L&searchClass=S&controlNo=OLDP1000000062,,,,미부착,,검토 불가,검토 불가,,O,,,,,,발행연도 미상,
,1413,국회전자도서관,"三才圖會 : 地理 , 1-13卷",https://dl.nanet.go.kr/search/searchInnerDetail.do?searchType=INNER_SEARCH&resultType=INNER_SEARCH_DETAIL&searchMehtod=L&searchClass=S&controlNo=OLDP3000000009,,,,미부착,,검토 불가,검토 불가,,O,,,,,,발행연도 미상,
,1414,국회전자도서관,詳說古文眞寶大全,https://dl.nanet.go.kr/search/searchInnerDetail.do?searchType=INNER_SEARCH&resultType=INNER_SEARCH_DETAIL&searchMehtod=L&searchClass=S&controlNo=OLDP1000000009,,,,미부착,,검토 불가,검토 불가,,O,,,,,,발행연도 미상,
,1415,국회전자도서관,上疏文,https://dl.nanet.go.kr/search/searchInnerDetail.do?searchType=INNER_SEARCH&resultType=INNER_SEARCH_DETAIL&searchMehtod=L&searchClass=S&controlNo=OLDP1000000005,,,,미부착,,검토 불가,검토 불가,,O,,,,,,발행연도 미상,
,1416,국회전자도서관,"續藏書, 1-10",https://dl.nanet.go.kr/search/searchInnerDetail.do?searchType=INNER_SEARCH&resultType=INNER_SEARCH_DETAIL&searchMehtod=L&searchClass=S&controlNo=OLDP3000000008,,,,미부착,,검토 불가,검토 불가,,O,,,,,,발행연도 미상,
,1417,국회전자도서관,京官案,https://dl.nanet.go.kr/search/searchInnerDetail.do?searchType=INNER_SEARCH&resultType=INNER_SEARCH_DETAIL&searchMehtod=L&searchClass=S&controlNo=OLDP1000000137,,,,미부착,,검토 불가,검토 불가,,O,,,,,,발행연도 미상,
,1418,국회전자도서관,"陶靖節集, 卷之1-2",https://dl.nanet.go.kr/search/searchInnerDetail.do?searchType=INNER_SEARCH&resultType=INNER_SEARCH_DETAIL&searchMehtod=L&searchClass=S&controlNo=OLDP1000000117,,,,미부착,,검토 불가,검토 불가,,O,,,,,,발행연도 미상,
,1419,국회전자도서관,"唐宋八大家文抄, 21-38",https://dl.nanet.go.kr/search/searchInnerDetail.do?searchType=INNER_SEARCH&resultType=INNER_SEARCH_DETAIL&searchMehtod=L&searchClass=S&controlNo=OLDP1000000146,,,,미부착,,검토 불가,검토 불가,,O,,,,,,발행연도 미상,
,1420,국회전자도서관,燃藜室記述(及)別集. 冊15-23,https://dl.nanet.go.kr/search/searchInnerDetail.do?searchType=INNER_SEARCH&resultType=INNER_SEARCH_DETAIL&searchMehtod=L&searchClass=S&controlNo=OLDP1201400037,,,,미부착,,검토 불가,검토 불가,,O,,,,,,발행연도 미상,
,1421,국회전자도서관,"東樓日錄, 單",https://dl.nanet.go.kr/search/searchInnerDetail.do?searchType=INNER_SEARCH&resultType=INNER_SEARCH_DETAIL&searchMehtod=L&searchClass=S&controlNo=OLDP1198040357,,,,미부착,,검토 불가,검토 불가,,O,,,,,,발행연도 미상,
,1422,국회전자도서관,"甲寅日記, 全",https://dl.nanet.go.kr/search/searchInnerDetail.do?searchType=INNER_SEARCH&resultType=INNER_SEARCH_DETAIL&searchMehtod=L&searchClass=S&controlNo=OLDP1198040332,,,,미부착,,검토 불가,검토 불가,,O,,,,,,발행연도 미상,
,1423,국회전자도서관,"夏園詩抄, 全",https://dl.nanet.go.kr/search/searchInnerDetail.do?searchType=INNER_SEARCH&resultType=INNER_SEARCH_DETAIL&searchMehtod=L&searchClass=S&controlNo=OLDP1198040323,,,,미부착,,검토 불가,검토 불가,,O,,,,,,발행연도 미상,
,1424,국회전자도서관,"璿源世系(幷)國朝名臣錄, 全",https://dl.nanet.go.kr/search/searchInnerDetail.do?searchType=INNER_SEARCH&resultType=INNER_SEARCH_DETAIL&searchMehtod=L&searchClass=S&controlNo=OLDP1198040735,,,,미부착,,검토 불가,검토 불가,,O,,,,,,발행연도 미상,
,1425,국회전자도서관,"唐詩選, 全",https://dl.nanet.go.kr/search/searchInnerDetail.do?searchType=INNER_SEARCH&resultType=INNER_SEARCH_DETAIL&searchMehtod=L&searchClass=S&controlNo=OLDP1198040498,,,,미부착,,검토 불가,검토 불가,,O,,,,,,발행연도 미상,
,1426,국회전자도서관,"三軒公行狀別識, 全",https://dl.nanet.go.kr/search/searchInnerDetail.do?searchType=INNER_SEARCH&resultType=INNER_SEARCH_DETAIL&searchMehtod=L&searchClass=S&controlNo=OLDP1198040690,,,,미부착,,검토 불가,검토 불가,,O,,,,,,발행연도 미상,
,1427,국회전자도서관,"國朝典故, 乾, 坤",https://dl.nanet.go.kr/search/searchInnerDetail.do?searchType=INNER_SEARCH&resultType=INNER_SEARCH_DETAIL&searchMehtod=L&searchClass=S&controlNo=OLDP1198040668,,,,미부착,,검토 불가,검토 불가,,O,,,,,,발행연도 미상,
,1428,국회전자도서관,逍遙遊. 全,https://dl.nanet.go.kr/search/searchInnerDetail.do?searchType=INNER_SEARCH&resultType=INNER_SEARCH_DETAIL&searchMehtod=L&searchClass=S&controlNo=OLDP1198040416,,,,미부착,,검토 불가,검토 불가,,O,,,,,,발행연도 미상,
,1429,국회전자도서관,"徐僕射集, 全",https://dl.nanet.go.kr/search/searchInnerDetail.do?searchType=INNER_SEARCH&resultType=INNER_SEARCH_DETAIL&searchMehtod=L&searchClass=S&controlNo=OLDP1198040405,,,,미부착,,검토 불가,검토 불가,,O,,,,,,발행연도 미상,
,1430,국회전자도서관,"長篇詩, 全",https://dl.nanet.go.kr/search/searchInnerDetail.do?searchType=INNER_SEARCH&resultType=INNER_SEARCH_DETAIL&searchMehtod=L&searchClass=S&controlNo=OLDP1198040484,,,,미부착,,검토 불가,검토 불가,,O,,,,,,발행연도 미상,
,1431,국회전자도서관,"長篇詩, 全",https://dl.nanet.go.kr/search/searchInnerDetail.do?searchType=INNER_SEARCH&resultType=INNER_SEARCH_DETAIL&searchMehtod=L&searchClass=S&controlNo=OLDP1198040481,,,,미부착,,검토 불가,검토 불가,,O,,,,,,발행연도 미상,
,1432,국회전자도서관,"群玉, 全",https://dl.nanet.go.kr/search/searchInnerDetail.do?searchType=INNER_SEARCH&resultType=INNER_SEARCH_DETAIL&searchMehtod=L&searchClass=S&controlNo=OLDP1198040479,,,,미부착,,검토 불가,검토 불가,,O,,,,,,발행연도 미상,
,1433,국회전자도서관,"長篇, 全",https://dl.nanet.go.kr/search/searchInnerDetail.do?searchType=INNER_SEARCH&resultType=INNER_SEARCH_DETAIL&searchMehtod=L&searchClass=S&controlNo=OLDP1198040476,,,,미부착,,검토 불가,검토 불가,,O,,,,,,발행연도 미상,
,1434,국회전자도서관,"陸放翁詩, 單",https://dl.nanet.go.kr/search/searchInnerDetail.do?searchType=INNER_SEARCH&resultType=INNER_SEARCH_DETAIL&searchMehtod=L&searchClass=S&controlNo=OLDP1198040470,,,,미부착,,검토 불가,검토 불가,,O,,,,,,발행연도 미상,
,1435,국회전자도서관,"古體長篇, 全",https://dl.nanet.go.kr/search/searchInnerDetail.do?searchType=INNER_SEARCH&resultType=INNER_SEARCH_DETAIL&searchMehtod=L&searchClass=S&controlNo=OLDP1198040462,,,,미부착,,검토 불가,검토 불가,,O,,,,,,발행연도 미상,
,1436,국회전자도서관,"聯珠詩, 全",https://dl.nanet.go.kr/search/searchInnerDetail.do?searchType=INNER_SEARCH&resultType=INNER_SEARCH_DETAIL&searchMehtod=L&searchClass=S&controlNo=OLDP1198040459,,,,미부착,,검토 불가,검토 불가,,O,,,,,,발행연도 미상,
,1437,국회전자도서관,"乾元, 全",https://dl.nanet.go.kr/search/searchInnerDetail.do?searchType=INNER_SEARCH&resultType=INNER_SEARCH_DETAIL&searchMehtod=L&searchClass=S&controlNo=OLDP1198040448,,,,미부착,,검토 불가,검토 불가,,O,,,,,,발행연도 미상,
,1438,국회전자도서관,"言師, 全",https://dl.nanet.go.kr/search/searchInnerDetail.do?searchType=INNER_SEARCH&resultType=INNER_SEARCH_DETAIL&searchMehtod=L&searchClass=S&controlNo=OLDP1198040442,,,,미부착,,검토 불가,검토 불가,,O,,,,,,발행연도 미상,
,1439,국회전자도서관,"本朝名賢兼號譜, 全",https://dl.nanet.go.kr/search/searchInnerDetail.do?searchType=INNER_SEARCH&resultType=INNER_SEARCH_DETAIL&searchMehtod=L&searchClass=S&controlNo=OLDP1198040730,,,,미부착,,검토 불가,검토 불가,,O,,,,,,발행연도 미상,
,1440,국회전자도서관,"(在山樓叢抄)名世譜, 冊1-5",https://dl.nanet.go.kr/search/searchInnerDetail.do?searchType=INNER_SEARCH&resultType=INNER_SEARCH_DETAIL&searchMehtod=L&searchClass=S&controlNo=OLDP1198040714,,,,미부착,,검토 불가,검토 불가,,O,,,,,,발행연도 미상,
,1441,국회전자도서관,"殿策問, 全",https://dl.nanet.go.kr/search/searchInnerDetail.do?searchType=INNER_SEARCH&resultType=INNER_SEARCH_DETAIL&searchMehtod=L&searchClass=S&controlNo=OLDP1198040259,,,,미부착,,검토 불가,검토 불가,,O,,,,,,발행연도 미상,
,1442,국회전자도서관,"韓客巾衍集, 全",https://dl.nanet.go.kr/search/searchInnerDetail.do?searchType=INNER_SEARCH&resultType=INNER_SEARCH_DETAIL&searchMehtod=L&searchClass=S&controlNo=OLDP1198040256,,,,미부착,,검토 불가,검토 불가,,O,,,,,,발행연도 미상,
,1443,국회전자도서관,"祝聯, 全",https://dl.nanet.go.kr/search/searchInnerDetail.do?searchType=INNER_SEARCH&resultType=INNER_SEARCH_DETAIL&searchMehtod=L&searchClass=S&controlNo=OLDP1198040253,,,,미부착,,검토 불가,검토 불가,,O,,,,,,발행연도 미상,
,1444,국회전자도서관,剪燈新話句解,https://dl.nanet.go.kr/search/searchInnerDetail.do?searchType=INNER_SEARCH&resultType=INNER_SEARCH_DETAIL&searchMehtod=L&searchClass=S&controlNo=OLDP1198040547,,,,미부착,,검토 불가,검토 불가,,O,,,,,,발행연도 미상,
,1445,국회전자도서관,"簪纓錄, 全",https://dl.nanet.go.kr/search/searchInnerDetail.do?searchType=INNER_SEARCH&resultType=INNER_SEARCH_DETAIL&searchMehtod=L&searchClass=S&controlNo=OLDP1198040883,,,,미부착,,검토 불가,검토 불가,,O,,,,,,발행연도 미상,
,1446,국회전자도서관,"陶靖節集. 乾, 坤",https://dl.nanet.go.kr/search/searchInnerDetail.do?searchType=INNER_SEARCH&resultType=INNER_SEARCH_DETAIL&searchMehtod=L&searchClass=S&controlNo=OLDP1198040404,,,,미부착,,검토 불가,검토 불가,,O,,,,,,발행연도 미상,
,1447,국회전자도서관,"皇朝遺民錄, 全",https://dl.nanet.go.kr/search/searchInnerDetail.do?searchType=INNER_SEARCH&resultType=INNER_SEARCH_DETAIL&searchMehtod=L&searchClass=S&controlNo=OLDP1198040953,,,,미부착,,검토 불가,검토 불가,,O,,,,,,발행연도 미상,
,1448,국회전자도서관,"臼山先生稿, 全",https://dl.nanet.go.kr/search/searchInnerDetail.do?searchType=INNER_SEARCH&resultType=INNER_SEARCH_DETAIL&searchMehtod=L&searchClass=S&controlNo=OLDP1198040093,,,,미부착,,검토 불가,검토 불가,,O,,,,,,발행연도 미상,
,1449,국회전자도서관,"策學, 元, 亨, 利, 貞",https://dl.nanet.go.kr/search/searchInnerDetail.do?searchType=INNER_SEARCH&resultType=INNER_SEARCH_DETAIL&searchMehtod=L&searchClass=S&controlNo=OLDP1198040941,,,,미부착,,검토 불가,검토 불가,,O,,,,,,발행연도 미상,
,1450,국회전자도서관,"朔考, 全",https://dl.nanet.go.kr/search/searchInnerDetail.do?searchType=INNER_SEARCH&resultType=INNER_SEARCH_DETAIL&searchMehtod=L&searchClass=S&controlNo=OLDP1198040931,,,,미부착,,검토 불가,검토 불가,,O,,,,,,발행연도 미상,
,1451,국회전자도서관,"鷄林勝覽, 全",https://dl.nanet.go.kr/search/searchInnerDetail.do?searchType=INNER_SEARCH&resultType=INNER_SEARCH_DETAIL&searchMehtod=L&searchClass=S&controlNo=OLDP1198040613,,,,미부착,,검토 불가,검토 불가,,O,,,,,,발행연도 미상,
,1452,국회전자도서관,"八域誌, 全",https://dl.nanet.go.kr/search/searchInnerDetail.do?searchType=INNER_SEARCH&resultType=INNER_SEARCH_DETAIL&searchMehtod=L&searchClass=S&controlNo=OLDP1198040610,,,,미부착,,검토 불가,검토 불가,,O,,,,,,발행연도 미상,
,1453,국회전자도서관,"說苑雜錄, 乾, 坤",https://dl.nanet.go.kr/search/searchInnerDetail.do?searchType=INNER_SEARCH&resultType=INNER_SEARCH_DETAIL&searchMehtod=L&searchClass=S&controlNo=OLDP1198040600,,,,미부착,,검토 불가,검토 불가,,O,,,,,,발행연도 미상,
,1454,국회전자도서관,"志慶世稿, 全",https://dl.nanet.go.kr/search/searchInnerDetail.do?searchType=INNER_SEARCH&resultType=INNER_SEARCH_DETAIL&searchMehtod=L&searchClass=S&controlNo=OLDP1198040685,,,,미부착,,검토 불가,검토 불가,,O,,,,,,발행연도 미상,
,1455,국회전자도서관,"史記列傳抄, 全",https://dl.nanet.go.kr/search/searchInnerDetail.do?searchType=INNER_SEARCH&resultType=INNER_SEARCH_DETAIL&searchMehtod=L&searchClass=S&controlNo=OLDP1198040680,,,,미부착,,검토 불가,검토 불가,,O,,,,,,발행연도 미상,
,1456,국회전자도서관,"諡號譜, 全",https://dl.nanet.go.kr/search/searchInnerDetail.do?searchType=INNER_SEARCH&resultType=INNER_SEARCH_DETAIL&searchMehtod=L&searchClass=S&controlNo=OLDP1198040677,,,,미부착,,검토 불가,검토 불가,,O,,,,,,발행연도 미상,
,1457,국회전자도서관,"晩窩詩稿, 全",https://dl.nanet.go.kr/search/searchInnerDetail.do?searchType=INNER_SEARCH&resultType=INNER_SEARCH_DETAIL&searchMehtod=L&searchClass=S&controlNo=OLDP1198040233,,,,미부착,,검토 불가,검토 불가,,O,,,,,,발행연도 미상,
,1458,국회전자도서관,"端珠, 乾, 坤",https://dl.nanet.go.kr/search/searchInnerDetail.do?searchType=INNER_SEARCH&resultType=INNER_SEARCH_DETAIL&searchMehtod=L&searchClass=S&controlNo=OLDP1198040232,,,,미부착,,검토 불가,검토 불가,,O,,,,,,발행연도 미상,
,1459,국회전자도서관,"鍼炙, 全",https://dl.nanet.go.kr/search/searchInnerDetail.do?searchType=INNER_SEARCH&resultType=INNER_SEARCH_DETAIL&searchMehtod=L&searchClass=S&controlNo=OLDP1198042249,,,,미부착,,검토 불가,검토 불가,,O,,,,,,발행연도 미상,
,1460,국회전자도서관,"縉紳外書, 全",https://dl.nanet.go.kr/search/searchInnerDetail.do?searchType=INNER_SEARCH&resultType=INNER_SEARCH_DETAIL&searchMehtod=L&searchClass=S&controlNo=OLDP1200500322,,,,미부착,,검토 불가,검토 불가,,O,,,,,,발행연도 미상,
,1461,국회전자도서관,"龜峯先生集, 冊1",https://dl.nanet.go.kr/search/searchInnerDetail.do?searchType=INNER_SEARCH&resultType=INNER_SEARCH_DETAIL&searchMehtod=L&searchClass=S&controlNo=OLDP1198040368,,,,미부착,,검토 불가,검토 불가,,O,,,,,,발행연도 미상,
,1462,국회전자도서관,"韓客巾衍集, 全",https://dl.nanet.go.kr/search/searchInnerDetail.do?searchType=INNER_SEARCH&resultType=INNER_SEARCH_DETAIL&searchMehtod=L&searchClass=S&controlNo=OLDP1198040257,,,,미부착,,검토 불가,검토 불가,,O,,,,,,발행연도 미상,
,1463,국회전자도서관,"筌, 上, 下",https://dl.nanet.go.kr/search/searchInnerDetail.do?searchType=INNER_SEARCH&resultType=INNER_SEARCH_DETAIL&searchMehtod=L&searchClass=S&controlNo=OLDP1198040223,,,,미부착,,검토 불가,검토 불가,,O,,,,,,발행연도 미상,
,1464,국회전자도서관,"儷策文, 全",https://dl.nanet.go.kr/search/searchInnerDetail.do?searchType=INNER_SEARCH&resultType=INNER_SEARCH_DETAIL&searchMehtod=L&searchClass=S&controlNo=OLDP1198040214,,,,미부착,,검토 불가,검토 불가,,O,,,,,,발행연도 미상,
,1465,국회전자도서관,"國朝二十二功臣繼胄錄, 全",https://dl.nanet.go.kr/search/searchInnerDetail.do?searchType=INNER_SEARCH&resultType=INNER_SEARCH_DETAIL&searchMehtod=L&searchClass=S&controlNo=OLDP1198040669,,,,미부착,,검토 불가,검토 불가,,O,,,,,,발행연도 미상,
,1466,국회전자도서관,"陸淸獻年譜, 全",https://dl.nanet.go.kr/search/searchInnerDetail.do?searchType=INNER_SEARCH&resultType=INNER_SEARCH_DETAIL&searchMehtod=L&searchClass=S&controlNo=OLDP1198040664,,,,미부착,,검토 불가,검토 불가,,O,,,,,,발행연도 미상,
,1467,국회전자도서관,"燕行錄, 全",https://dl.nanet.go.kr/search/searchInnerDetail.do?searchType=INNER_SEARCH&resultType=INNER_SEARCH_DETAIL&searchMehtod=L&searchClass=S&controlNo=OLDP1198040653,,,,미부착,,검토 불가,검토 불가,,O,,,,,,발행연도 미상,
,1468,국회전자도서관,"歷代祭文抄選, 單",https://dl.nanet.go.kr/search/searchInnerDetail.do?searchType=INNER_SEARCH&resultType=INNER_SEARCH_DETAIL&searchMehtod=L&searchClass=S&controlNo=OLDP1198040587,,,,미부착,,검토 불가,검토 불가,,O,,,,,,발행연도 미상,
,1469,국회전자도서관,"古今名喩, 全",https://dl.nanet.go.kr/search/searchInnerDetail.do?searchType=INNER_SEARCH&resultType=INNER_SEARCH_DETAIL&searchMehtod=L&searchClass=S&controlNo=OLDP1198040579,,,,미부착,,검토 불가,검토 불가,,O,,,,,,발행연도 미상,
,1470,국회전자도서관,"會眞演義, 天, 地, 人",https://dl.nanet.go.kr/search/searchInnerDetail.do?searchType=INNER_SEARCH&resultType=INNER_SEARCH_DETAIL&searchMehtod=L&searchClass=S&controlNo=OLDP1198040548,,,,미부착,,검토 불가,검토 불가,,O,,,,,,발행연도 미상,
,1471,국회전자도서관,"東史纂要, 冊1-4",https://dl.nanet.go.kr/search/searchInnerDetail.do?searchType=INNER_SEARCH&resultType=INNER_SEARCH_DETAIL&searchMehtod=L&searchClass=S&controlNo=OLDP1200500302,,,,미부착,,검토 불가,검토 불가,,O,,,,,,발행연도 미상,
,1472,국회전자도서관,"東史撮要, 全",https://dl.nanet.go.kr/search/searchInnerDetail.do?searchType=INNER_SEARCH&resultType=INNER_SEARCH_DETAIL&searchMehtod=L&searchClass=S&controlNo=OLDP1200500298,,,,미부착,,검토 불가,검토 불가,,O,,,,,,발행연도 미상,
,1473,국회전자도서관,"朝鮮史要, 全",https://dl.nanet.go.kr/search/searchInnerDetail.do?searchType=INNER_SEARCH&resultType=INNER_SEARCH_DETAIL&searchMehtod=L&searchClass=S&controlNo=OLDP1200500292,,,,미부착,,검토 불가,검토 불가,,O,,,,,,발행연도 미상,
,1474,국회전자도서관,"東臣全彛錄, 冊1",https://dl.nanet.go.kr/search/searchInnerDetail.do?searchType=INNER_SEARCH&resultType=INNER_SEARCH_DETAIL&searchMehtod=L&searchClass=S&controlNo=OLDP1200500286,,,,미부착,,검토 불가,검토 불가,,O,,,,,,발행연도 미상,
,1475,국회전자도서관,"東史, 全",https://dl.nanet.go.kr/search/searchInnerDetail.do?searchType=INNER_SEARCH&resultType=INNER_SEARCH_DETAIL&searchMehtod=L&searchClass=S&controlNo=OLDP1200417215,,,,미부착,,검토 불가,검토 불가,,O,,,,,,발행연도 미상,
,1476,국회전자도서관,"史纂全選, 上",https://dl.nanet.go.kr/search/searchInnerDetail.do?searchType=INNER_SEARCH&resultType=INNER_SEARCH_DETAIL&searchMehtod=L&searchClass=S&controlNo=OLDP1198040820,,,,미부착,,검토 불가,검토 불가,,O,,,,,,발행연도 미상,
,1477,국회전자도서관,"三國史記, 冊1-10",https://dl.nanet.go.kr/search/searchInnerDetail.do?searchType=INNER_SEARCH&resultType=INNER_SEARCH_DETAIL&searchMehtod=L&searchClass=S&controlNo=OLDP1198042154,,,,미부착,,검토 불가,검토 불가,,O,,,,,,발행연도 미상,
,1478,국회전자도서관,"先秦古文抄, 全",https://dl.nanet.go.kr/search/searchInnerDetail.do?searchType=INNER_SEARCH&resultType=INNER_SEARCH_DETAIL&searchMehtod=L&searchClass=S&controlNo=OLDP1198040952,,,,미부착,,검토 불가,검토 불가,,O,,,,,,발행연도 미상,
,1479,국회전자도서관,"精選東萊先生左氏博議句解, 冊1-2",https://dl.nanet.go.kr/search/searchInnerDetail.do?searchType=INNER_SEARCH&resultType=INNER_SEARCH_DETAIL&searchMehtod=L&searchClass=S&controlNo=OLDP1198040949,,,,미부착,,검토 불가,검토 불가,,O,,,,,,발행연도 미상,
,1480,국회전자도서관,"陳詞, 全",https://dl.nanet.go.kr/search/searchInnerDetail.do?searchType=INNER_SEARCH&resultType=INNER_SEARCH_DETAIL&searchMehtod=L&searchClass=S&controlNo=OLDP1198040486,,,,미부착,,검토 불가,검토 불가,,O,,,,,,발행연도 미상,
,1481,국회전자도서관,"長篇詩, 全",https://dl.nanet.go.kr/search/searchInnerDetail.do?searchType=INNER_SEARCH&resultType=INNER_SEARCH_DETAIL&searchMehtod=L&searchClass=S&controlNo=OLDP1198040485,,,,미부착,,검토 불가,검토 불가,,O,,,,,,발행연도 미상,
,1482,국회전자도서관,"長篇詩, 全",https://dl.nanet.go.kr/search/searchInnerDetail.do?searchType=INNER_SEARCH&resultType=INNER_SEARCH_DETAIL&searchMehtod=L&searchClass=S&controlNo=OLDP1198040483,,,,미부착,,검토 불가,검토 불가,,O,,,,,,발행연도 미상,
,1483,국회전자도서관,"長篇詩, 全",https://dl.nanet.go.kr/search/searchInnerDetail.do?searchType=INNER_SEARCH&resultType=INNER_SEARCH_DETAIL&searchMehtod=L&searchClass=S&controlNo=OLDP1198040482,,,,미부착,,검토 불가,검토 불가,,O,,,,,,발행연도 미상,
,1484,국회전자도서관,"晋山家狀, 天, 地, 人",https://dl.nanet.go.kr/search/searchInnerDetail.do?searchType=INNER_SEARCH&resultType=INNER_SEARCH_DETAIL&searchMehtod=L&searchClass=S&controlNo=OLDP1198040807,,,,미부착,,검토 불가,검토 불가,,O,,,,,,발행연도 미상,
,1485,국회전자도서관,"晋山世狀, 全",https://dl.nanet.go.kr/search/searchInnerDetail.do?searchType=INNER_SEARCH&resultType=INNER_SEARCH_DETAIL&searchMehtod=L&searchClass=S&controlNo=OLDP1198040805,,,,미부착,,검토 불가,검토 불가,,O,,,,,,발행연도 미상,
,1486,국회전자도서관,"草簡牘集, 全",https://dl.nanet.go.kr/search/searchInnerDetail.do?searchType=INNER_SEARCH&resultType=INNER_SEARCH_DETAIL&searchMehtod=L&searchClass=S&controlNo=OLDP1198040359,,,,미부착,,검토 불가,검토 불가,,O,,,,,,발행연도 미상,
,1487,국회전자도서관,"鳥數飛, 全",https://dl.nanet.go.kr/search/searchInnerDetail.do?searchType=INNER_SEARCH&resultType=INNER_SEARCH_DETAIL&searchMehtod=L&searchClass=S&controlNo=OLDP1198040358,,,,미부착,,검토 불가,검토 불가,,O,,,,,,발행연도 미상,
,1488,국회전자도서관,"日記, 全",https://dl.nanet.go.kr/search/searchInnerDetail.do?searchType=INNER_SEARCH&resultType=INNER_SEARCH_DETAIL&searchMehtod=L&searchClass=S&controlNo=OLDP1198040355,,,,미부착,,검토 불가,검토 불가,,O,,,,,,발행연도 미상,
,1489,국회전자도서관,"魯懷錄, 全",https://dl.nanet.go.kr/search/searchInnerDetail.do?searchType=INNER_SEARCH&resultType=INNER_SEARCH_DETAIL&searchMehtod=L&searchClass=S&controlNo=OLDP1198040350,,,,미부착,,검토 불가,검토 불가,,O,,,,,,발행연도 미상,
,1490,국회전자도서관,"書簡, 全",https://dl.nanet.go.kr/search/searchInnerDetail.do?searchType=INNER_SEARCH&resultType=INNER_SEARCH_DETAIL&searchMehtod=L&searchClass=S&controlNo=OLDP1198040344,,,,미부착,,검토 불가,검토 불가,,O,,,,,,발행연도 미상,
,1491,국회전자도서관,"癸丑日記, 全",https://dl.nanet.go.kr/search/searchInnerDetail.do?searchType=INNER_SEARCH&resultType=INNER_SEARCH_DETAIL&searchMehtod=L&searchClass=S&controlNo=OLDP1198040333,,,,미부착,,검토 불가,검토 불가,,O,,,,,,발행연도 미상,
,1492,국회전자도서관,"平壤志, 元, 亨, 利, 貞",https://dl.nanet.go.kr/search/searchInnerDetail.do?searchType=INNER_SEARCH&resultType=INNER_SEARCH_DETAIL&searchMehtod=L&searchClass=S&controlNo=OLDP1198040630,,,,미부착,,검토 불가,검토 불가,,O,,,,,,발행연도 미상,
,1493,국회전자도서관,"丹溪先生文集抄, 全",https://dl.nanet.go.kr/search/searchInnerDetail.do?searchType=INNER_SEARCH&resultType=INNER_SEARCH_DETAIL&searchMehtod=L&searchClass=S&controlNo=OLDP1198040161,,,,미부착,,검토 불가,검토 불가,,O,,,,,,발행연도 미상,
,1494,국회전자도서관,"笏記, 全",https://dl.nanet.go.kr/search/searchInnerDetail.do?searchType=INNER_SEARCH&resultType=INNER_SEARCH_DETAIL&searchMehtod=L&searchClass=S&controlNo=OLDP1200500375,,,,미부착,,검토 불가,검토 불가,,O,,,,,,발행연도 미상,
,1495,국회전자도서관,"記聞提綱, 上, 下",https://dl.nanet.go.kr/search/searchInnerDetail.do?searchType=INNER_SEARCH&resultType=INNER_SEARCH_DETAIL&searchMehtod=L&searchClass=S&controlNo=OLDP1200500365,,,,미부착,,검토 불가,검토 불가,,O,,,,,,발행연도 미상,
,1496,국회전자도서관,"後石論稿, 單",https://dl.nanet.go.kr/search/searchInnerDetail.do?searchType=INNER_SEARCH&resultType=INNER_SEARCH_DETAIL&searchMehtod=L&searchClass=S&controlNo=OLDP1198040189,,,,미부착,,검토 불가,검토 불가,,O,,,,,,발행연도 미상,
,1497,국회전자도서관,"典考, 冊1-2",https://dl.nanet.go.kr/search/searchInnerDetail.do?searchType=INNER_SEARCH&resultType=INNER_SEARCH_DETAIL&searchMehtod=L&searchClass=S&controlNo=OLDP1198040790,,,,미부착,,검토 불가,검토 불가,,O,,,,,,발행연도 미상,
,1498,국회전자도서관,"晋山姜氏三綱行實錄, 全",https://dl.nanet.go.kr/search/searchInnerDetail.do?searchType=INNER_SEARCH&resultType=INNER_SEARCH_DETAIL&searchMehtod=L&searchClass=S&controlNo=OLDP1198040806,,,,미부착,,검토 불가,검토 불가,,O,,,,,,발행연도 미상,
,1499,국회전자도서관,"晋山世家, 全",https://dl.nanet.go.kr/search/searchInnerDetail.do?searchType=INNER_SEARCH&resultType=INNER_SEARCH_DETAIL&searchMehtod=L&searchClass=S&controlNo=OLDP1198040764,,,,미부착,,검토 불가,검토 불가,,O,,,,,,발행연도 미상,
,1500,국회전자도서관,"華海彙編, 冊1-10",https://dl.nanet.go.kr/search/searchInnerDetail.do?searchType=INNER_SEARCH&resultType=INNER_SEARCH_DETAIL&searchMehtod=L&searchClass=S&controlNo=OLDP1198040938,,,,미부착,,검토 불가,검토 불가,,O,,,,,,발행연도 미상,
,1501,국회전자도서관,"長篇, 全",https://dl.nanet.go.kr/search/searchInnerDetail.do?searchType=INNER_SEARCH&resultType=INNER_SEARCH_DETAIL&searchMehtod=L&searchClass=S&controlNo=OLDP1198040475,,,,미부착,,검토 불가,검토 불가,,O,,,,,,발행연도 미상,
,1502,국회전자도서관,"長篇詩, 全",https://dl.nanet.go.kr/search/searchInnerDetail.do?searchType=INNER_SEARCH&resultType=INNER_SEARCH_DETAIL&searchMehtod=L&searchClass=S&controlNo=OLDP1198040474,,,,미부착,,검토 불가,검토 불가,,O,,,,,,발행연도 미상,
,1503,국회전자도서관,"濂洛詩, 全",https://dl.nanet.go.kr/search/searchInnerDetail.do?searchType=INNER_SEARCH&resultType=INNER_SEARCH_DETAIL&searchMehtod=L&searchClass=S&controlNo=OLDP1198040465,,,,미부착,,검토 불가,검토 불가,,O,,,,,,발행연도 미상,
,1504,국회전자도서관,"儷規, 全",https://dl.nanet.go.kr/search/searchInnerDetail.do?searchType=INNER_SEARCH&resultType=INNER_SEARCH_DETAIL&searchMehtod=L&searchClass=S&controlNo=OLDP1198040461,,,,미부착,,검토 불가,검토 불가,,O,,,,,,발행연도 미상,
,1505,국회전자도서관,"聯珠詩, 單",https://dl.nanet.go.kr/search/searchInnerDetail.do?searchType=INNER_SEARCH&resultType=INNER_SEARCH_DETAIL&searchMehtod=L&searchClass=S&controlNo=OLDP1198040460,,,,미부착,,검토 불가,검토 불가,,O,,,,,,발행연도 미상,
,1506,국회전자도서관,"詞宗, 全",https://dl.nanet.go.kr/search/searchInnerDetail.do?searchType=INNER_SEARCH&resultType=INNER_SEARCH_DETAIL&searchMehtod=L&searchClass=S&controlNo=OLDP1198040458,,,,미부착,,검토 불가,검토 불가,,O,,,,,,발행연도 미상,
,1507,국회전자도서관,"詞章, 全",https://dl.nanet.go.kr/search/searchInnerDetail.do?searchType=INNER_SEARCH&resultType=INNER_SEARCH_DETAIL&searchMehtod=L&searchClass=S&controlNo=OLDP1198040455,,,,미부착,,검토 불가,검토 불가,,O,,,,,,발행연도 미상,
,1508,국회전자도서관,"賦髓, 單",https://dl.nanet.go.kr/search/searchInnerDetail.do?searchType=INNER_SEARCH&resultType=INNER_SEARCH_DETAIL&searchMehtod=L&searchClass=S&controlNo=OLDP1198040454,,,,미부착,,검토 불가,검토 불가,,O,,,,,,발행연도 미상,
,1509,국회전자도서관,"後溪文集, 冊1-8",https://dl.nanet.go.kr/search/searchInnerDetail.do?searchType=INNER_SEARCH&resultType=INNER_SEARCH_DETAIL&searchMehtod=L&searchClass=S&controlNo=OLDP1198040134,,,,미부착,,검토 불가,검토 불가,,O,,,,,,발행연도 미상,
,1510,국회전자도서관,"隨聞錄, 全",https://dl.nanet.go.kr/search/searchInnerDetail.do?searchType=INNER_SEARCH&resultType=INNER_SEARCH_DETAIL&searchMehtod=L&searchClass=S&controlNo=OLDP1200500327,,,,미부착,,검토 불가,검토 불가,,O,,,,,,발행연도 미상,
,1511,국회전자도서관,"疏章集, 全",https://dl.nanet.go.kr/search/searchInnerDetail.do?searchType=INNER_SEARCH&resultType=INNER_SEARCH_DETAIL&searchMehtod=L&searchClass=S&controlNo=OLDP1200500325,,,,미부착,,검토 불가,검토 불가,,O,,,,,,발행연도 미상,
,1512,국회전자도서관,燃藜室記述(及)別集. 冊6-14,https://dl.nanet.go.kr/search/searchInnerDetail.do?searchType=INNER_SEARCH&resultType=INNER_SEARCH_DETAIL&searchMehtod=L&searchClass=S&controlNo=OLDP1200316189,,,,미부착,,검토 불가,검토 불가,,O,,,,,,발행연도 미상,
,1513,국회전자도서관,"淸西漫錄, 冊1-6",https://dl.nanet.go.kr/search/searchInnerDetail.do?searchType=INNER_SEARCH&resultType=INNER_SEARCH_DETAIL&searchMehtod=L&searchClass=S&controlNo=OLDP1198040270,,,,미부착,,검토 불가,검토 불가,,O,,,,,,발행연도 미상,
,1514,국회전자도서관,"見睫錄, 乾, 坤",https://dl.nanet.go.kr/search/searchInnerDetail.do?searchType=INNER_SEARCH&resultType=INNER_SEARCH_DETAIL&searchMehtod=L&searchClass=S&controlNo=OLDP1200603600,,,,미부착,,검토 불가,검토 불가,,O,,,,,,발행연도 미상,
,1515,국회전자도서관,"姓譜, 乾, 兌, 離, 震, 巽, 坎, 艮, 坤",https://dl.nanet.go.kr/search/searchInnerDetail.do?searchType=INNER_SEARCH&resultType=INNER_SEARCH_DETAIL&searchMehtod=L&searchClass=S&controlNo=OLDP1198040916,,,,미부착,,검토 불가,검토 불가,,O,,,,,,발행연도 미상,
,1516,국회전자도서관,"晋州姜氏世譜別錄, 全",https://dl.nanet.go.kr/search/searchInnerDetail.do?searchType=INNER_SEARCH&resultType=INNER_SEARCH_DETAIL&searchMehtod=L&searchClass=S&controlNo=OLDP1198040895,,,,미부착,,검토 불가,검토 불가,,O,,,,,,발행연도 미상,
,1517,국회전자도서관,"古文眞寶(抄), 全",https://dl.nanet.go.kr/search/searchInnerDetail.do?searchType=INNER_SEARCH&resultType=INNER_SEARCH_DETAIL&searchMehtod=L&searchClass=S&controlNo=OLDP1198040437,,,,미부착,,검토 불가,검토 불가,,O,,,,,,발행연도 미상,
,1518,국회전자도서관,"초한실긔, 冊1-20",https://dl.nanet.go.kr/search/searchInnerDetail.do?searchType=INNER_SEARCH&resultType=INNER_SEARCH_DETAIL&searchMehtod=L&searchClass=S&controlNo=OLDP1198040570,,,,미부착,,검토 불가,검토 불가,,O,,,,,,발행연도 미상,
,1519,국회전자도서관,"臼山雜識, 全",https://dl.nanet.go.kr/search/searchInnerDetail.do?searchType=INNER_SEARCH&resultType=INNER_SEARCH_DETAIL&searchMehtod=L&searchClass=S&controlNo=OLDP1198040092,,,,미부착,,검토 불가,검토 불가,,O,,,,,,발행연도 미상,
,1520,국회전자도서관,"錢牧齋集, 全",https://dl.nanet.go.kr/search/searchInnerDetail.do?searchType=INNER_SEARCH&resultType=INNER_SEARCH_DETAIL&searchMehtod=L&searchClass=S&controlNo=OLDP1198040477,,,,미부착,,검토 불가,검토 불가,,O,,,,,,발행연도 미상,
,1521,국회전자도서관,"磻溪錄, 全",https://dl.nanet.go.kr/search/searchInnerDetail.do?searchType=INNER_SEARCH&resultType=INNER_SEARCH_DETAIL&searchMehtod=L&searchClass=S&controlNo=OLDP1200500299,,,,미부착,,검토 불가,검토 불가,,O,,,,,,발행연도 미상,
,1522,국회전자도서관,"左傳抄, 全",https://dl.nanet.go.kr/search/searchInnerDetail.do?searchType=INNER_SEARCH&resultType=INNER_SEARCH_DETAIL&searchMehtod=L&searchClass=S&controlNo=OLDP1198040939,,,,미부착,,검토 불가,검토 불가,,O,,,,,,발행연도 미상,
,1523,국회전자도서관,"朝野輯要(及)續. 冊13-16, 18-21, 23",https://dl.nanet.go.kr/search/searchInnerDetail.do?searchType=INNER_SEARCH&resultType=INNER_SEARCH_DETAIL&searchMehtod=L&searchClass=S&controlNo=OLDP1201400002,,,,미부착,,검토 불가,검토 불가,,O,,,,,,발행연도 미상,
,1524,국회전자도서관,"全唐詩. 函7 冊1-2, 冊4-10",https://dl.nanet.go.kr/search/searchInnerDetail.do?searchType=INNER_SEARCH&resultType=INNER_SEARCH_DETAIL&searchMehtod=L&searchClass=S&controlNo=OLDP1201300024,,,,미부착,,검토 불가,검토 불가,,O,,,,,,발행연도 미상,
,1525,국회전자도서관,晋州姜氏世譜. 冊6-9,https://dl.nanet.go.kr/search/searchInnerDetail.do?searchType=INNER_SEARCH&resultType=INNER_SEARCH_DETAIL&searchMehtod=L&searchClass=S&controlNo=OLDP1201300028,,,,미부착,,검토 불가,검토 불가,,O,,,,,,발행연도 미상,
,1526,국회전자도서관,"忠烈公遺稿, 上",https://dl.nanet.go.kr/search/searchInnerDetail.do?searchType=INNER_SEARCH&resultType=INNER_SEARCH_DETAIL&searchMehtod=L&searchClass=S&controlNo=OLDP1198040369,,,,미부착,,검토 불가,검토 불가,,O,,,,,,발행연도 미상,
,1527,국회전자도서관,"襄敏公文集, 單",https://dl.nanet.go.kr/search/searchInnerDetail.do?searchType=INNER_SEARCH&resultType=INNER_SEARCH_DETAIL&searchMehtod=L&searchClass=S&controlNo=OLDP1198040367,,,,미부착,,검토 불가,검토 불가,,O,,,,,,발행연도 미상,
,1528,국회전자도서관,"雪汀先生朝天日記, 全",https://dl.nanet.go.kr/search/searchInnerDetail.do?searchType=INNER_SEARCH&resultType=INNER_SEARCH_DETAIL&searchMehtod=L&searchClass=S&controlNo=OLDP1198040363,,,,미부착,,검토 불가,검토 불가,,O,,,,,,발행연도 미상,
,1529,국회전자도서관,"日觀記, 全",https://dl.nanet.go.kr/search/searchInnerDetail.do?searchType=INNER_SEARCH&resultType=INNER_SEARCH_DETAIL&searchMehtod=L&searchClass=S&controlNo=OLDP1198040354,,,,미부착,,검토 불가,검토 불가,,O,,,,,,발행연도 미상,
,1530,국회전자도서관,"偉人元曉, 全",https://dl.nanet.go.kr/search/searchInnerDetail.do?searchType=INNER_SEARCH&resultType=INNER_SEARCH_DETAIL&searchMehtod=L&searchClass=S&controlNo=OLDP1198040756,,,,미부착,,검토 불가,검토 불가,,O,,,,,,발행연도 미상,
,1531,국회전자도서관,"晦軒先生實記, 乾, 坤",https://dl.nanet.go.kr/search/searchInnerDetail.do?searchType=INNER_SEARCH&resultType=INNER_SEARCH_DETAIL&searchMehtod=L&searchClass=S&controlNo=OLDP1198040750,,,,미부착,,검토 불가,검토 불가,,O,,,,,,발행연도 미상,
,1532,국회전자도서관,"石溪遺事, 單",https://dl.nanet.go.kr/search/searchInnerDetail.do?searchType=INNER_SEARCH&resultType=INNER_SEARCH_DETAIL&searchMehtod=L&searchClass=S&controlNo=OLDP1198040741,,,,미부착,,검토 불가,검토 불가,,O,,,,,,발행연도 미상,
,1533,국회전자도서관,"葦航漫遊稿, 冊1-2",https://dl.nanet.go.kr/search/searchInnerDetail.do?searchType=INNER_SEARCH&resultType=INNER_SEARCH_DETAIL&searchMehtod=L&searchClass=S&controlNo=OLDP1198040538,,,,미부착,,검토 불가,검토 불가,,O,,,,,,발행연도 미상,
,1534,국회전자도서관,"瓢泉吟稿, 冊1-2",https://dl.nanet.go.kr/search/searchInnerDetail.do?searchType=INNER_SEARCH&resultType=INNER_SEARCH_DETAIL&searchMehtod=L&searchClass=S&controlNo=OLDP1198040535,,,,미부착,,검토 불가,검토 불가,,O,,,,,,발행연도 미상,
,1535,국회전자도서관,"子淵詩集, 冊1-2",https://dl.nanet.go.kr/search/searchInnerDetail.do?searchType=INNER_SEARCH&resultType=INNER_SEARCH_DETAIL&searchMehtod=L&searchClass=S&controlNo=OLDP1198040532,,,,미부착,,검토 불가,검토 불가,,O,,,,,,발행연도 미상,
,1536,국회전자도서관,"芸庵類藁, 冊1-3",https://dl.nanet.go.kr/search/searchInnerDetail.do?searchType=INNER_SEARCH&resultType=INNER_SEARCH_DETAIL&searchMehtod=L&searchClass=S&controlNo=OLDP1198040530,,,,미부착,,검토 불가,검토 불가,,O,,,,,,발행연도 미상,
,1537,국회전자도서관,"秋聲集, 冊1-3",https://dl.nanet.go.kr/search/searchInnerDetail.do?searchType=INNER_SEARCH&resultType=INNER_SEARCH_DETAIL&searchMehtod=L&searchClass=S&controlNo=OLDP1198040527,,,,미부착,,검토 불가,검토 불가,,O,,,,,,발행연도 미상,
,1538,국회전자도서관,"文忠集, 冊1-3",https://dl.nanet.go.kr/search/searchInnerDetail.do?searchType=INNER_SEARCH&resultType=INNER_SEARCH_DETAIL&searchMehtod=L&searchClass=S&controlNo=OLDP1198040524,,,,미부착,,검토 불가,검토 불가,,O,,,,,,발행연도 미상,
,1539,국회전자도서관,泠然齋詩集. 冊1-4,https://dl.nanet.go.kr/search/searchInnerDetail.do?searchType=INNER_SEARCH&resultType=INNER_SEARCH_DETAIL&searchMehtod=L&searchClass=S&controlNo=OLDP1198040521,,,,미부착,,검토 불가,검토 불가,,O,,,,,,발행연도 미상,
,1540,국회전자도서관,廬山集. 冊1-3,https://dl.nanet.go.kr/search/searchInnerDetail.do?searchType=INNER_SEARCH&resultType=INNER_SEARCH_DETAIL&searchMehtod=L&searchClass=S&controlNo=OLDP1198040518,,,,미부착,,검토 불가,검토 불가,,O,,,,,,발행연도 미상,
,1541,국회전자도서관,"雲溪集, 冊1-4",https://dl.nanet.go.kr/search/searchInnerDetail.do?searchType=INNER_SEARCH&resultType=INNER_SEARCH_DETAIL&searchMehtod=L&searchClass=S&controlNo=OLDP1198040516,,,,미부착,,검토 불가,검토 불가,,O,,,,,,발행연도 미상,
,1542,국회전자도서관,"唐詩始音輯註, 冊1",https://dl.nanet.go.kr/search/searchInnerDetail.do?searchType=INNER_SEARCH&resultType=INNER_SEARCH_DETAIL&searchMehtod=L&searchClass=S&controlNo=OLDP1198040513,,,,미부착,,검토 불가,검토 불가,,O,,,,,,발행연도 미상,
,1543,국회전자도서관,"(五彩繪圖)千家詩註釋, 冊1-2",https://dl.nanet.go.kr/search/searchInnerDetail.do?searchType=INNER_SEARCH&resultType=INNER_SEARCH_DETAIL&searchMehtod=L&searchClass=S&controlNo=OLDP1198040505,,,,미부착,,검토 불가,검토 불가,,O,,,,,,발행연도 미상,
,1544,국회전자도서관,"唐音遺響輯註, 冊1",https://dl.nanet.go.kr/search/searchInnerDetail.do?searchType=INNER_SEARCH&resultType=INNER_SEARCH_DETAIL&searchMehtod=L&searchClass=S&controlNo=OLDP1198040502,,,,미부착,,검토 불가,검토 불가,,O,,,,,,발행연도 미상,
,1545,국회전자도서관,"選賦抄評註解刪補, 坤",https://dl.nanet.go.kr/search/searchInnerDetail.do?searchType=INNER_SEARCH&resultType=INNER_SEARCH_DETAIL&searchMehtod=L&searchClass=S&controlNo=OLDP1198040496,,,,미부착,,검토 불가,검토 불가,,O,,,,,,발행연도 미상,
,1546,국회전자도서관,"楚辭, 冊1",https://dl.nanet.go.kr/search/searchInnerDetail.do?searchType=INNER_SEARCH&resultType=INNER_SEARCH_DETAIL&searchMehtod=L&searchClass=S&controlNo=OLDP1198040493,,,,미부착,,검토 불가,검토 불가,,O,,,,,,발행연도 미상,
,1547,국회전자도서관,"山谷外集詩註, 卷1-17",https://dl.nanet.go.kr/search/searchInnerDetail.do?searchType=INNER_SEARCH&resultType=INNER_SEARCH_DETAIL&searchMehtod=L&searchClass=S&controlNo=OLDP1198040488,,,,미부착,,검토 불가,검토 불가,,O,,,,,,발행연도 미상,
,1548,국회전자도서관,"正氣錄, 全",https://dl.nanet.go.kr/search/searchInnerDetail.do?searchType=INNER_SEARCH&resultType=INNER_SEARCH_DETAIL&searchMehtod=L&searchClass=S&controlNo=OLDP1198040692,,,,미부착,,검토 불가,검토 불가,,O,,,,,,발행연도 미상,
,1549,국회전자도서관,"耕隱實紀, 全",https://dl.nanet.go.kr/search/searchInnerDetail.do?searchType=INNER_SEARCH&resultType=INNER_SEARCH_DETAIL&searchMehtod=L&searchClass=S&controlNo=OLDP1198040704,,,,미부착,,검토 불가,검토 불가,,O,,,,,,발행연도 미상,
,1550,국회전자도서관,"濯纓先生年譜, 上, 下",https://dl.nanet.go.kr/search/searchInnerDetail.do?searchType=INNER_SEARCH&resultType=INNER_SEARCH_DETAIL&searchMehtod=L&searchClass=S&controlNo=OLDP1198040693,,,,미부착,,검토 불가,검토 불가,,O,,,,,,발행연도 미상,
,1551,국회전자도서관,"施註蘇詩(及)補遺, 冊1-12",https://dl.nanet.go.kr/search/searchInnerDetail.do?searchType=INNER_SEARCH&resultType=INNER_SEARCH_DETAIL&searchMehtod=L&searchClass=S&controlNo=OLDP1198040541,,,,미부착,,검토 불가,검토 불가,,O,,,,,,발행연도 미상,
,1552,국회전자도서관,"盛明五大家律詩抄, 卷3, 上",https://dl.nanet.go.kr/search/searchInnerDetail.do?searchType=INNER_SEARCH&resultType=INNER_SEARCH_DETAIL&searchMehtod=L&searchClass=S&controlNo=OLDP1198040540,,,,미부착,,검토 불가,검토 불가,,O,,,,,,발행연도 미상,
,1553,국회전자도서관,"洪龜父集, 全",https://dl.nanet.go.kr/search/searchInnerDetail.do?searchType=INNER_SEARCH&resultType=INNER_SEARCH_DETAIL&searchMehtod=L&searchClass=S&controlNo=OLDP1198040539,,,,미부착,,검토 불가,검토 불가,,O,,,,,,발행연도 미상,
,1554,국회전자도서관,"心泉學詩稿, 冊1-2",https://dl.nanet.go.kr/search/searchInnerDetail.do?searchType=INNER_SEARCH&resultType=INNER_SEARCH_DETAIL&searchMehtod=L&searchClass=S&controlNo=OLDP1198040537,,,,미부착,,검토 불가,검토 불가,,O,,,,,,발행연도 미상,
,1555,국회전자도서관,"秋巖詩集, 全",https://dl.nanet.go.kr/search/searchInnerDetail.do?searchType=INNER_SEARCH&resultType=INNER_SEARCH_DETAIL&searchMehtod=L&searchClass=S&controlNo=OLDP1198040536,,,,미부착,,검토 불가,검토 불가,,O,,,,,,발행연도 미상,
,1556,국회전자도서관,"樗菴類稿, 全",https://dl.nanet.go.kr/search/searchInnerDetail.do?searchType=INNER_SEARCH&resultType=INNER_SEARCH_DETAIL&searchMehtod=L&searchClass=S&controlNo=OLDP1198040534,,,,미부착,,검토 불가,검토 불가,,O,,,,,,발행연도 미상,
,1557,국회전자도서관,"滄洲塵缶編, 冊1-6",https://dl.nanet.go.kr/search/searchInnerDetail.do?searchType=INNER_SEARCH&resultType=INNER_SEARCH_DETAIL&searchMehtod=L&searchClass=S&controlNo=OLDP1198040533,,,,미부착,,검토 불가,검토 불가,,O,,,,,,발행연도 미상,
,1558,국회전자도서관,"張氏拙軒集, 冊1-3",https://dl.nanet.go.kr/search/searchInnerDetail.do?searchType=INNER_SEARCH&resultType=INNER_SEARCH_DETAIL&searchMehtod=L&searchClass=S&controlNo=OLDP1198040531,,,,미부착,,검토 불가,검토 불가,,O,,,,,,발행연도 미상,
,1559,국회전자도서관,"放翁逸藁, 全",https://dl.nanet.go.kr/search/searchInnerDetail.do?searchType=INNER_SEARCH&resultType=INNER_SEARCH_DETAIL&searchMehtod=L&searchClass=S&controlNo=OLDP1198040529,,,,미부착,,검토 불가,검토 불가,,O,,,,,,발행연도 미상,
,1560,국회전자도서관,尊白堂集. 冊1-5,https://dl.nanet.go.kr/search/searchInnerDetail.do?searchType=INNER_SEARCH&resultType=INNER_SEARCH_DETAIL&searchMehtod=L&searchClass=S&controlNo=OLDP1198040526,,,,미부착,,검토 불가,검토 불가,,O,,,,,,발행연도 미상,
,1561,국회전자도서관,"剩語, 全",https://dl.nanet.go.kr/search/searchInnerDetail.do?searchType=INNER_SEARCH&resultType=INNER_SEARCH_DETAIL&searchMehtod=L&searchClass=S&controlNo=OLDP1198040523,,,,미부착,,검토 불가,검토 불가,,O,,,,,,발행연도 미상,
,1562,국회전자도서관,詩家鼎臠. 全,https://dl.nanet.go.kr/search/searchInnerDetail.do?searchType=INNER_SEARCH&resultType=INNER_SEARCH_DETAIL&searchMehtod=L&searchClass=S&controlNo=OLDP1198040522,,,,미부착,,검토 불가,검토 불가,,O,,,,,,발행연도 미상,
,1563,국회전자도서관,"遺賢遺逸, 全",https://dl.nanet.go.kr/search/searchInnerDetail.do?searchType=INNER_SEARCH&resultType=INNER_SEARCH_DETAIL&searchMehtod=L&searchClass=S&controlNo=OLDP1198040676,,,,미부착,,검토 불가,검토 불가,,O,,,,,,발행연도 미상,
,1564,국회전자도서관,"陶山及門諸賢錄, 乾, 坤",https://dl.nanet.go.kr/search/searchInnerDetail.do?searchType=INNER_SEARCH&resultType=INNER_SEARCH_DETAIL&searchMehtod=L&searchClass=S&controlNo=OLDP1198040673,,,,미부착,,검토 불가,검토 불가,,O,,,,,,발행연도 미상,
,1565,국회전자도서관,"全遼志, 卷2-3, 5",https://dl.nanet.go.kr/search/searchInnerDetail.do?searchType=INNER_SEARCH&resultType=INNER_SEARCH_DETAIL&searchMehtod=L&searchClass=S&controlNo=OLDP1198040656,,,,미부착,,검토 불가,검토 불가,,O,,,,,,발행연도 미상,
,1566,국회전자도서관,"連城縣誌, 冊4",https://dl.nanet.go.kr/search/searchInnerDetail.do?searchType=INNER_SEARCH&resultType=INNER_SEARCH_DETAIL&searchMehtod=L&searchClass=S&controlNo=OLDP1198040655,,,,미부착,,검토 불가,검토 불가,,O,,,,,,발행연도 미상,
,1567,국회전자도서관,靑山集. 冊1-4,https://dl.nanet.go.kr/search/searchInnerDetail.do?searchType=INNER_SEARCH&resultType=INNER_SEARCH_DETAIL&searchMehtod=L&searchClass=S&controlNo=OLDP1198040428,,,,미부착,,검토 불가,검토 불가,,O,,,,,,발행연도 미상,
,1568,국회전자도서관,檆溪居士集. 冊1-7,https://dl.nanet.go.kr/search/searchInnerDetail.do?searchType=INNER_SEARCH&resultType=INNER_SEARCH_DETAIL&searchMehtod=L&searchClass=S&controlNo=OLDP1198040422,,,,미부착,,검토 불가,검토 불가,,O,,,,,,발행연도 미상,
,1569,국회전자도서관,"詩話叢林, 元, 亨, 利, 貞",https://dl.nanet.go.kr/search/searchInnerDetail.do?searchType=INNER_SEARCH&resultType=INNER_SEARCH_DETAIL&searchMehtod=L&searchClass=S&controlNo=OLDP1198040419,,,,미부착,,검토 불가,검토 불가,,O,,,,,,발행연도 미상,
,1570,국회전자도서관,定菴類稿. 冊1-3,https://dl.nanet.go.kr/search/searchInnerDetail.do?searchType=INNER_SEARCH&resultType=INNER_SEARCH_DETAIL&searchMehtod=L&searchClass=S&controlNo=OLDP1198040411,,,,미부착,,검토 불가,검토 불가,,O,,,,,,발행연도 미상,
,1571,국회전자도서관,"則堂集, 冊1-4",https://dl.nanet.go.kr/search/searchInnerDetail.do?searchType=INNER_SEARCH&resultType=INNER_SEARCH_DETAIL&searchMehtod=L&searchClass=S&controlNo=OLDP1198040402,,,,미부착,,검토 불가,검토 불가,,O,,,,,,발행연도 미상,
,1572,국회전자도서관,"八溪鄭氏世稿, 冊1-2",https://dl.nanet.go.kr/search/searchInnerDetail.do?searchType=INNER_SEARCH&resultType=INNER_SEARCH_DETAIL&searchMehtod=L&searchClass=S&controlNo=OLDP1198040388,,,,미부착,,검토 불가,검토 불가,,O,,,,,,발행연도 미상,
,1573,국회전자도서관,"江舍遺稿, 單",https://dl.nanet.go.kr/search/searchInnerDetail.do?searchType=INNER_SEARCH&resultType=INNER_SEARCH_DETAIL&searchMehtod=L&searchClass=S&controlNo=OLDP1198040378,,,,미부착,,검토 불가,검토 불가,,O,,,,,,발행연도 미상,
,1574,국회전자도서관,"評註才子古文, 冊1-12",https://dl.nanet.go.kr/search/searchInnerDetail.do?searchType=INNER_SEARCH&resultType=INNER_SEARCH_DETAIL&searchMehtod=L&searchClass=S&controlNo=OLDP1198040439,,,,미부착,,검토 불가,검토 불가,,O,,,,,,발행연도 미상,
,1575,국회전자도서관,"東澗集, 冊1-6",https://dl.nanet.go.kr/search/searchInnerDetail.do?searchType=INNER_SEARCH&resultType=INNER_SEARCH_DETAIL&searchMehtod=L&searchClass=S&controlNo=OLDP1198040436,,,,미부착,,검토 불가,검토 불가,,O,,,,,,발행연도 미상,
,1576,국회전자도서관,"唯室集, 冊1-2",https://dl.nanet.go.kr/search/searchInnerDetail.do?searchType=INNER_SEARCH&resultType=INNER_SEARCH_DETAIL&searchMehtod=L&searchClass=S&controlNo=OLDP1198040433,,,,미부착,,검토 불가,검토 불가,,O,,,,,,발행연도 미상,
,1577,국회전자도서관,"漁墅遺稿, 冊1-3",https://dl.nanet.go.kr/search/searchInnerDetail.do?searchType=INNER_SEARCH&resultType=INNER_SEARCH_DETAIL&searchMehtod=L&searchClass=S&controlNo=OLDP1198040432,,,,미부착,,검토 불가,검토 불가,,O,,,,,,발행연도 미상,
,1578,국회전자도서관,篔窓集. 冊1-4,https://dl.nanet.go.kr/search/searchInnerDetail.do?searchType=INNER_SEARCH&resultType=INNER_SEARCH_DETAIL&searchMehtod=L&searchClass=S&controlNo=OLDP1198040431,,,,미부착,,검토 불가,검토 불가,,O,,,,,,발행연도 미상,
,1579,국회전자도서관,"三賢實紀, 上, 下",https://dl.nanet.go.kr/search/searchInnerDetail.do?searchType=INNER_SEARCH&resultType=INNER_SEARCH_DETAIL&searchMehtod=L&searchClass=S&controlNo=OLDP1198040731,,,,미부착,,검토 불가,검토 불가,,O,,,,,,발행연도 미상,
,1580,국회전자도서관,"月峯先生實記, 全",https://dl.nanet.go.kr/search/searchInnerDetail.do?searchType=INNER_SEARCH&resultType=INNER_SEARCH_DETAIL&searchMehtod=L&searchClass=S&controlNo=OLDP1198040725,,,,미부착,,검토 불가,검토 불가,,O,,,,,,발행연도 미상,
,1581,국회전자도서관,"雪峯先生實紀, 全",https://dl.nanet.go.kr/search/searchInnerDetail.do?searchType=INNER_SEARCH&resultType=INNER_SEARCH_DETAIL&searchMehtod=L&searchClass=S&controlNo=OLDP1198040723,,,,미부착,,검토 불가,검토 불가,,O,,,,,,발행연도 미상,
,1582,국회전자도서관,"茅峯遺蹟, 全",https://dl.nanet.go.kr/search/searchInnerDetail.do?searchType=INNER_SEARCH&resultType=INNER_SEARCH_DETAIL&searchMehtod=L&searchClass=S&controlNo=OLDP1198040716,,,,미부착,,검토 불가,검토 불가,,O,,,,,,발행연도 미상,
,1583,국회전자도서관,"月印釋譜, 上, 下",https://dl.nanet.go.kr/search/searchInnerDetail.do?searchType=INNER_SEARCH&resultType=INNER_SEARCH_DETAIL&searchMehtod=L&searchClass=S&controlNo=OLDP1198040241,,,,미부착,,검토 불가,검토 불가,,O,,,,,,발행연도 미상,
,1584,국회전자도서관,"二十一都懷古詩, 全",https://dl.nanet.go.kr/search/searchInnerDetail.do?searchType=INNER_SEARCH&resultType=INNER_SEARCH_DETAIL&searchMehtod=L&searchClass=S&controlNo=OLDP1198040238,,,,미부착,,검토 불가,검토 불가,,O,,,,,,발행연도 미상,
,1585,국회전자도서관,"暗殺史, 全",https://dl.nanet.go.kr/search/searchInnerDetail.do?searchType=INNER_SEARCH&resultType=INNER_SEARCH_DETAIL&searchMehtod=L&searchClass=S&controlNo=OLDP1198040558,,,,미부착,,검토 불가,검토 불가,,O,,,,,,발행연도 미상,
,1586,국회전자도서관,"增像全圖三國志演義, 卷29-48, 53-60",https://dl.nanet.go.kr/search/searchInnerDetail.do?searchType=INNER_SEARCH&resultType=INNER_SEARCH_DETAIL&searchMehtod=L&searchClass=S&controlNo=OLDP1198040553,,,,미부착,,검토 불가,검토 불가,,O,,,,,,발행연도 미상,
,1587,국회전자도서관,"三國志, 卷首",https://dl.nanet.go.kr/search/searchInnerDetail.do?searchType=INNER_SEARCH&resultType=INNER_SEARCH_DETAIL&searchMehtod=L&searchClass=S&controlNo=OLDP1198040550,,,,미부착,,검토 불가,검토 불가,,O,,,,,,발행연도 미상,
,1588,국회전자도서관,"三國志, 冊1-5, 7-16, 19-20",https://dl.nanet.go.kr/search/searchInnerDetail.do?searchType=INNER_SEARCH&resultType=INNER_SEARCH_DETAIL&searchMehtod=L&searchClass=S&controlNo=OLDP1198040549,,,,미부착,,검토 불가,검토 불가,,O,,,,,,발행연도 미상,
,1589,국회전자도서관,"錦溪筆談, 上, 下",https://dl.nanet.go.kr/search/searchInnerDetail.do?searchType=INNER_SEARCH&resultType=INNER_SEARCH_DETAIL&searchMehtod=L&searchClass=S&controlNo=OLDP1198040418,,,,미부착,,검토 불가,검토 불가,,O,,,,,,발행연도 미상,
,1590,국회전자도서관,"林谷先生文集, 冊1-4",https://dl.nanet.go.kr/search/searchInnerDetail.do?searchType=INNER_SEARCH&resultType=INNER_SEARCH_DETAIL&searchMehtod=L&searchClass=S&controlNo=OLDP1198040417,,,,미부착,,검토 불가,검토 불가,,O,,,,,,발행연도 미상,
,1591,국회전자도서관,"公私見聞, 前, 後",https://dl.nanet.go.kr/search/searchInnerDetail.do?searchType=INNER_SEARCH&resultType=INNER_SEARCH_DETAIL&searchMehtod=L&searchClass=S&controlNo=OLDP1198040413,,,,미부착,,검토 불가,검토 불가,,O,,,,,,발행연도 미상,
,1592,국회전자도서관,靑崖集. 冊1-4,https://dl.nanet.go.kr/search/searchInnerDetail.do?searchType=INNER_SEARCH&resultType=INNER_SEARCH_DETAIL&searchMehtod=L&searchClass=S&controlNo=OLDP1198040412,,,,미부착,,검토 불가,검토 불가,,O,,,,,,발행연도 미상,
,1593,국회전자도서관,"忠穆集, 冊1-4",https://dl.nanet.go.kr/search/searchInnerDetail.do?searchType=INNER_SEARCH&resultType=INNER_SEARCH_DETAIL&searchMehtod=L&searchClass=S&controlNo=OLDP1198040407,,,,미부착,,검토 불가,검토 불가,,O,,,,,,발행연도 미상,
,1594,국회전자도서관,"野鶴軒雜吟, 全",https://dl.nanet.go.kr/search/searchInnerDetail.do?searchType=INNER_SEARCH&resultType=INNER_SEARCH_DETAIL&searchMehtod=L&searchClass=S&controlNo=OLDP1198040406,,,,미부착,,검토 불가,검토 불가,,O,,,,,,발행연도 미상,
,1595,국회전자도서관,"性善堂稿. 冊1, 3-5",https://dl.nanet.go.kr/search/searchInnerDetail.do?searchType=INNER_SEARCH&resultType=INNER_SEARCH_DETAIL&searchMehtod=L&searchClass=S&controlNo=OLDP1198040403,,,,미부착,,검토 불가,검토 불가,,O,,,,,,발행연도 미상,
,1596,국회전자도서관,"蓮峯集, 冊1-5",https://dl.nanet.go.kr/search/searchInnerDetail.do?searchType=INNER_SEARCH&resultType=INNER_SEARCH_DETAIL&searchMehtod=L&searchClass=S&controlNo=OLDP1198040399,,,,미부착,,검토 불가,검토 불가,,O,,,,,,발행연도 미상,
,1597,국회전자도서관,儷文程選. 卷9-10,https://dl.nanet.go.kr/search/searchInnerDetail.do?searchType=INNER_SEARCH&resultType=INNER_SEARCH_DETAIL&searchMehtod=L&searchClass=S&controlNo=OLDP1198040398,,,,미부착,,검토 불가,검토 불가,,O,,,,,,발행연도 미상,
,1598,국회전자도서관,"王陽明出身靖亂錄, 下",https://dl.nanet.go.kr/search/searchInnerDetail.do?searchType=INNER_SEARCH&resultType=INNER_SEARCH_DETAIL&searchMehtod=L&searchClass=S&controlNo=OLDP1198042183,,,,미부착,,검토 불가,검토 불가,,O,,,,,,발행연도 미상,
,1599,국회전자도서관,旅軒先生文集(及)續. 冊1-4,https://dl.nanet.go.kr/search/searchInnerDetail.do?searchType=INNER_SEARCH&resultType=INNER_SEARCH_DETAIL&searchMehtod=L&searchClass=S&controlNo=OLDP1198040089,,,,미부착,,검토 불가,검토 불가,,O,,,,,,발행연도 미상,
,1600,국회전자도서관,"訴梅堂遺集, 全",https://dl.nanet.go.kr/search/searchInnerDetail.do?searchType=INNER_SEARCH&resultType=INNER_SEARCH_DETAIL&searchMehtod=L&searchClass=S&controlNo=OLDP1198040083,,,,미부착,,검토 불가,검토 불가,,O,,,,,,발행연도 미상,
,1601,국회전자도서관,"葛川先生文集, 冊1-2",https://dl.nanet.go.kr/search/searchInnerDetail.do?searchType=INNER_SEARCH&resultType=INNER_SEARCH_DETAIL&searchMehtod=L&searchClass=S&controlNo=OLDP1198040079,,,,미부착,,검토 불가,검토 불가,,O,,,,,,발행연도 미상,
,1602,국회전자도서관,栗谷全書(及)拾遺. 冊1-10,https://dl.nanet.go.kr/search/searchInnerDetail.do?searchType=INNER_SEARCH&resultType=INNER_SEARCH_DETAIL&searchMehtod=L&searchClass=S&controlNo=OLDP1198040071,,,,미부착,,검토 불가,검토 불가,,O,,,,,,발행연도 미상,
,1603,국회전자도서관,"史記評林, 冊1-33",https://dl.nanet.go.kr/search/searchInnerDetail.do?searchType=INNER_SEARCH&resultType=INNER_SEARCH_DETAIL&searchMehtod=L&searchClass=S&controlNo=OLDP1200316203,,,,미부착,,검토 불가,검토 불가,,O,,,,,,발행연도 미상,
,1604,국회전자도서관,栗谷先生全書. 冊1-5,https://dl.nanet.go.kr/search/searchInnerDetail.do?searchType=INNER_SEARCH&resultType=INNER_SEARCH_DETAIL&searchMehtod=L&searchClass=S&controlNo=OLDP1198040073,,,,미부착,,검토 불가,검토 불가,,O,,,,,,발행연도 미상,
,1605,국회전자도서관,"栗谷全書, 冊1-13",https://dl.nanet.go.kr/search/searchInnerDetail.do?searchType=INNER_SEARCH&resultType=INNER_SEARCH_DETAIL&searchMehtod=L&searchClass=S&controlNo=OLDP1198040070,,,,미부착,,검토 불가,검토 불가,,O,,,,,,발행연도 미상,
,1606,국회전자도서관,歸巖先生文集(幷)附錄. 冊1-3,https://dl.nanet.go.kr/search/searchInnerDetail.do?searchType=INNER_SEARCH&resultType=INNER_SEARCH_DETAIL&searchMehtod=L&searchClass=S&controlNo=OLDP1198040063,,,,미부착,,검토 불가,검토 불가,,O,,,,,,발행연도 미상,
,1607,국회전자도서관,"通鑑五十篇詳節要解, 上, 下",https://dl.nanet.go.kr/search/searchInnerDetail.do?searchType=INNER_SEARCH&resultType=INNER_SEARCH_DETAIL&searchMehtod=L&searchClass=S&controlNo=OLDP1198040945,,,,미부착,,검토 불가,검토 불가,,O,,,,,,발행연도 미상,
,1608,국회전자도서관,"和漢三才圖會, 卷13",https://dl.nanet.go.kr/search/searchInnerDetail.do?searchType=INNER_SEARCH&resultType=INNER_SEARCH_DETAIL&searchMehtod=L&searchClass=S&controlNo=OLDP1198040936,,,,미부착,,검토 불가,검토 불가,,O,,,,,,발행연도 미상,
,1609,국회전자도서관,"東京雜記, 天, 地, 人",https://dl.nanet.go.kr/search/searchInnerDetail.do?searchType=INNER_SEARCH&resultType=INNER_SEARCH_DETAIL&searchMehtod=L&searchClass=S&controlNo=OLDP1198040648,,,,미부착,,검토 불가,검토 불가,,O,,,,,,발행연도 미상,
,1610,국회전자도서관,"靈光邑誌, 全",https://dl.nanet.go.kr/search/searchInnerDetail.do?searchType=INNER_SEARCH&resultType=INNER_SEARCH_DETAIL&searchMehtod=L&searchClass=S&controlNo=OLDP1198040637,,,,미부착,,검토 불가,검토 불가,,O,,,,,,발행연도 미상,
,1611,국회전자도서관,"天下地圖, 全",https://dl.nanet.go.kr/search/searchInnerDetail.do?searchType=INNER_SEARCH&resultType=INNER_SEARCH_DETAIL&searchMehtod=L&searchClass=S&controlNo=OLDP1198040623,,,,미부착,,검토 불가,검토 불가,,O,,,,,,발행연도 미상,
,1612,국회전자도서관,"輿載撮要, 全",https://dl.nanet.go.kr/search/searchInnerDetail.do?searchType=INNER_SEARCH&resultType=INNER_SEARCH_DETAIL&searchMehtod=L&searchClass=S&controlNo=OLDP1198040618,,,,미부착,,검토 불가,검토 불가,,O,,,,,,발행연도 미상,
,1613,국회전자도서관,"所聞錄, 全",https://dl.nanet.go.kr/search/searchInnerDetail.do?searchType=INNER_SEARCH&resultType=INNER_SEARCH_DETAIL&searchMehtod=L&searchClass=S&controlNo=OLDP1198040599,,,,미부착,,검토 불가,검토 불가,,O,,,,,,발행연도 미상,
,1614,국회전자도서관,"駕洛事蹟, 全",https://dl.nanet.go.kr/search/searchInnerDetail.do?searchType=INNER_SEARCH&resultType=INNER_SEARCH_DETAIL&searchMehtod=L&searchClass=S&controlNo=OLDP1198040687,,,,미부착,,검토 불가,검토 불가,,O,,,,,,발행연도 미상,
,1615,국회전자도서관,朝鮮略史,https://dl.nanet.go.kr/search/searchInnerDetail.do?searchType=INNER_SEARCH&resultType=INNER_SEARCH_DETAIL&searchMehtod=L&searchClass=S&controlNo=OLDP1198040684,,,,미부착,,검토 불가,검토 불가,,O,,,,,,발행연도 미상,
,1616,국회전자도서관,"墨山世稿, 全",https://dl.nanet.go.kr/search/searchInnerDetail.do?searchType=INNER_SEARCH&resultType=INNER_SEARCH_DETAIL&searchMehtod=L&searchClass=S&controlNo=OLDP1198040225,,,,미부착,,검토 불가,검토 불가,,O,,,,,,발행연도 미상,
,1617,국회전자도서관,"溪山世稿. 天, 地, 人",https://dl.nanet.go.kr/search/searchInnerDetail.do?searchType=INNER_SEARCH&resultType=INNER_SEARCH_DETAIL&searchMehtod=L&searchClass=S&controlNo=OLDP1198040222,,,,미부착,,검토 불가,검토 불가,,O,,,,,,발행연도 미상,
,1618,국회전자도서관,"痘疾神方, 全",https://dl.nanet.go.kr/search/searchInnerDetail.do?searchType=INNER_SEARCH&resultType=INNER_SEARCH_DETAIL&searchMehtod=L&searchClass=S&controlNo=OLDP1198042248,,,,미부착,,검토 불가,검토 불가,,O,,,,,,발행연도 미상,
,1619,국회전자도서관,"麗史提綱, 冊1-13",https://dl.nanet.go.kr/search/searchInnerDetail.do?searchType=INNER_SEARCH&resultType=INNER_SEARCH_DETAIL&searchMehtod=L&searchClass=S&controlNo=OLDP1200500314,,,,미부착,,검토 불가,검토 불가,,O,,,,,,발행연도 미상,
,1620,국회전자도서관,"坡平尹氏譜牒, 全",https://dl.nanet.go.kr/search/searchInnerDetail.do?searchType=INNER_SEARCH&resultType=INNER_SEARCH_DETAIL&searchMehtod=L&searchClass=S&controlNo=OLDP1198040927,,,,미부착,,검토 불가,검토 불가,,O,,,,,,발행연도 미상,
,1621,국회전자도서관,"順興安氏四科錄, 全",https://dl.nanet.go.kr/search/searchInnerDetail.do?searchType=INNER_SEARCH&resultType=INNER_SEARCH_DETAIL&searchMehtod=L&searchClass=S&controlNo=OLDP1198040921,,,,미부착,,검토 불가,검토 불가,,O,,,,,,발행연도 미상,
,1622,국회전자도서관,"遂安桂氏鳳谷松菴派家乘, 全",https://dl.nanet.go.kr/search/searchInnerDetail.do?searchType=INNER_SEARCH&resultType=INNER_SEARCH_DETAIL&searchMehtod=L&searchClass=S&controlNo=OLDP1198040918,,,,미부착,,검토 불가,검토 불가,,O,,,,,,발행연도 미상,
,1623,국회전자도서관,"潛山集, 冊1-4",https://dl.nanet.go.kr/search/searchInnerDetail.do?searchType=INNER_SEARCH&resultType=INNER_SEARCH_DETAIL&searchMehtod=L&searchClass=S&controlNo=OLDP1198040520,,,,미부착,,검토 불가,검토 불가,,O,,,,,,발행연도 미상,
,1624,국회전자도서관,東庵集. 冊1-2,https://dl.nanet.go.kr/search/searchInnerDetail.do?searchType=INNER_SEARCH&resultType=INNER_SEARCH_DETAIL&searchMehtod=L&searchClass=S&controlNo=OLDP1198040519,,,,미부착,,검토 불가,검토 불가,,O,,,,,,발행연도 미상,
,1625,국회전자도서관,"增刪濂洛風雅, 冊1-2",https://dl.nanet.go.kr/search/searchInnerDetail.do?searchType=INNER_SEARCH&resultType=INNER_SEARCH_DETAIL&searchMehtod=L&searchClass=S&controlNo=OLDP1198040517,,,,미부착,,검토 불가,검토 불가,,O,,,,,,발행연도 미상,
,1626,국회전자도서관,"全唐詩. 函1 冊1-10, 函2 冊8, 函3 冊7, 函4 冊3",https://dl.nanet.go.kr/search/searchInnerDetail.do?searchType=INNER_SEARCH&resultType=INNER_SEARCH_DETAIL&searchMehtod=L&searchClass=S&controlNo=OLDP1198040514,,,,미부착,,검토 불가,검토 불가,,O,,,,,,발행연도 미상,
,1627,국회전자도서관,唐詩品彙(及)拾遺. 冊1-5,https://dl.nanet.go.kr/search/searchInnerDetail.do?searchType=INNER_SEARCH&resultType=INNER_SEARCH_DETAIL&searchMehtod=L&searchClass=S&controlNo=OLDP1198040512,,,,미부착,,검토 불가,검토 불가,,O,,,,,,발행연도 미상,
,1628,국회전자도서관,唐詩品彙(及)拾遺. 冊1-10,https://dl.nanet.go.kr/search/searchInnerDetail.do?searchType=INNER_SEARCH&resultType=INNER_SEARCH_DETAIL&searchMehtod=L&searchClass=S&controlNo=OLDP1198040511,,,,미부착,,검토 불가,검토 불가,,O,,,,,,발행연도 미상,
,1629,국회전자도서관,唐詩品彙(及)拾遺. 冊1-10,https://dl.nanet.go.kr/search/searchInnerDetail.do?searchType=INNER_SEARCH&resultType=INNER_SEARCH_DETAIL&searchMehtod=L&searchClass=S&controlNo=OLDP1198040510,,,,미부착,,검토 불가,검토 불가,,O,,,,,,발행연도 미상,
,1630,국회전자도서관,"分類補註李太白詩, 卷10-11, 16-17",https://dl.nanet.go.kr/search/searchInnerDetail.do?searchType=INNER_SEARCH&resultType=INNER_SEARCH_DETAIL&searchMehtod=L&searchClass=S&controlNo=OLDP1198040506,,,,미부착,,검토 불가,검토 불가,,O,,,,,,발행연도 미상,
,1631,국회전자도서관,"歸巖先生文集(幷)附錄, 冊1-6",https://dl.nanet.go.kr/search/searchInnerDetail.do?searchType=INNER_SEARCH&resultType=INNER_SEARCH_DETAIL&searchMehtod=L&searchClass=S&controlNo=OLDP1198040062,,,,미부착,,검토 불가,검토 불가,,O,,,,,,발행연도 미상,
,1632,국회전자도서관,"晦齋先生文集(及)附錄, 冊1-5",https://dl.nanet.go.kr/search/searchInnerDetail.do?searchType=INNER_SEARCH&resultType=INNER_SEARCH_DETAIL&searchMehtod=L&searchClass=S&controlNo=OLDP1198040056,,,,미부착,,검토 불가,검토 불가,,O,,,,,,발행연도 미상,
,1633,국회전자도서관,陶隱先生文集(幷)附錄. 冊1-3,https://dl.nanet.go.kr/search/searchInnerDetail.do?searchType=INNER_SEARCH&resultType=INNER_SEARCH_DETAIL&searchMehtod=L&searchClass=S&controlNo=OLDP1198040047,,,,미부착,,검토 불가,검토 불가,,O,,,,,,발행연도 미상,
,1634,국회전자도서관,"潁翁續藁(及)再續, 冊1-3",https://dl.nanet.go.kr/search/searchInnerDetail.do?searchType=INNER_SEARCH&resultType=INNER_SEARCH_DETAIL&searchMehtod=L&searchClass=S&controlNo=OLDP1198040380,,,,미부착,,검토 불가,검토 불가,,O,,,,,,발행연도 미상,
,1635,국회전자도서관,"池氏鴻史, 冊1-12",https://dl.nanet.go.kr/search/searchInnerDetail.do?searchType=INNER_SEARCH&resultType=INNER_SEARCH_DETAIL&searchMehtod=L&searchClass=S&controlNo=OLDP1198040825,,,,미부착,,검토 불가,검토 불가,,O,,,,,,발행연도 미상,
,1636,국회전자도서관,"池氏鴻史, 冊1-17",https://dl.nanet.go.kr/search/searchInnerDetail.do?searchType=INNER_SEARCH&resultType=INNER_SEARCH_DETAIL&searchMehtod=L&searchClass=S&controlNo=OLDP1198040824,,,,미부착,,검토 불가,검토 불가,,O,,,,,,발행연도 미상,
,1637,국회전자도서관,"滄浪亭遺稿, 天, 地, 人",https://dl.nanet.go.kr/search/searchInnerDetail.do?searchType=INNER_SEARCH&resultType=INNER_SEARCH_DETAIL&searchMehtod=L&searchClass=S&controlNo=OLDP1198040041,,,,미부착,,검토 불가,검토 불가,,O,,,,,,발행연도 미상,
,1638,국회전자도서관,"牧隱集, 冊1",https://dl.nanet.go.kr/search/searchInnerDetail.do?searchType=INNER_SEARCH&resultType=INNER_SEARCH_DETAIL&searchMehtod=L&searchClass=S&controlNo=OLDP1198040042,,,,미부착,,검토 불가,검토 불가,,O,,,,,,발행연도 미상,
,1639,국회전자도서관,"梅竹軒先生文集, 全",https://dl.nanet.go.kr/search/searchInnerDetail.do?searchType=INNER_SEARCH&resultType=INNER_SEARCH_DETAIL&searchMehtod=L&searchClass=S&controlNo=OLDP1198040036,,,,미부착,,검토 불가,검토 불가,,O,,,,,,발행연도 미상,
,1640,국회전자도서관,息山先生文集(及)續. 冊4-8,https://dl.nanet.go.kr/search/searchInnerDetail.do?searchType=INNER_SEARCH&resultType=INNER_SEARCH_DETAIL&searchMehtod=L&searchClass=S&controlNo=OLDP1198040035,,,,미부착,,검토 불가,검토 불가,,O,,,,,,발행연도 미상,
,1641,국회전자도서관,雲山文集(幷)附錄. 冊1-4,https://dl.nanet.go.kr/search/searchInnerDetail.do?searchType=INNER_SEARCH&resultType=INNER_SEARCH_DETAIL&searchMehtod=L&searchClass=S&controlNo=OLDP1198040027,,,,미부착,,검토 불가,검토 불가,,O,,,,,,발행연도 미상,
,1642,국회전자도서관,"于堂詩抄, 全",https://dl.nanet.go.kr/search/searchInnerDetail.do?searchType=INNER_SEARCH&resultType=INNER_SEARCH_DETAIL&searchMehtod=L&searchClass=S&controlNo=OLDP1198040246,,,,미부착,,검토 불가,검토 불가,,O,,,,,,발행연도 미상,
,1643,국회전자도서관,"협中集, 乾, 坤",https://dl.nanet.go.kr/search/searchInnerDetail.do?searchType=INNER_SEARCH&resultType=INNER_SEARCH_DETAIL&searchMehtod=L&searchClass=S&controlNo=OLDP1198040220,,,,미부착,,검토 불가,검토 불가,,O,,,,,,발행연도 미상,
,1644,국회전자도서관,"璿源系譜紀略, 全",https://dl.nanet.go.kr/search/searchInnerDetail.do?searchType=INNER_SEARCH&resultType=INNER_SEARCH_DETAIL&searchMehtod=L&searchClass=S&controlNo=OLDP1200500309,,,,미부착,,검토 불가,검토 불가,,O,,,,,,발행연도 미상,
,1645,국회전자도서관,宋朱晦菴先生名臣言行錄. 冊1-10,https://dl.nanet.go.kr/search/searchInnerDetail.do?searchType=INNER_SEARCH&resultType=INNER_SEARCH_DETAIL&searchMehtod=L&searchClass=S&controlNo=OLDP1198040675,,,,미부착,,검토 불가,검토 불가,,O,,,,,,발행연도 미상,
,1646,국회전자도서관,宋朱晦菴先生名臣言行錄. 冊1-8,https://dl.nanet.go.kr/search/searchInnerDetail.do?searchType=INNER_SEARCH&resultType=INNER_SEARCH_DETAIL&searchMehtod=L&searchClass=S&controlNo=OLDP1198040674,,,,미부착,,검토 불가,검토 불가,,O,,,,,,발행연도 미상,
,1647,국회전자도서관,"當代名人事略, 全",https://dl.nanet.go.kr/search/searchInnerDetail.do?searchType=INNER_SEARCH&resultType=INNER_SEARCH_DETAIL&searchMehtod=L&searchClass=S&controlNo=OLDP1198040672,,,,미부착,,검토 불가,검토 불가,,O,,,,,,발행연도 미상,
,1648,국회전자도서관,"史要聚選, 冊1-4",https://dl.nanet.go.kr/search/searchInnerDetail.do?searchType=INNER_SEARCH&resultType=INNER_SEARCH_DETAIL&searchMehtod=L&searchClass=S&controlNo=OLDP1200500470,,,,미부착,,검토 불가,검토 불가,,O,,,,,,발행연도 미상,
,1649,국회전자도서관,"大邱金氏族譜, 全",https://dl.nanet.go.kr/search/searchInnerDetail.do?searchType=INNER_SEARCH&resultType=INNER_SEARCH_DETAIL&searchMehtod=L&searchClass=S&controlNo=OLDP1200500398,,,,미부착,,검토 불가,검토 불가,,O,,,,,,발행연도 미상,
,1650,국회전자도서관,"蒼石先生文集, 卷8-9",https://dl.nanet.go.kr/search/searchInnerDetail.do?searchType=INNER_SEARCH&resultType=INNER_SEARCH_DETAIL&searchMehtod=L&searchClass=S&controlNo=OLDP1198040008,,,,미부착,,검토 불가,검토 불가,,O,,,,,,발행연도 미상,
,1651,국회전자도서관,"六先生遺稿, 冊1",https://dl.nanet.go.kr/search/searchInnerDetail.do?searchType=INNER_SEARCH&resultType=INNER_SEARCH_DETAIL&searchMehtod=L&searchClass=S&controlNo=OLDP1198040205,,,,미부착,,검토 불가,검토 불가,,O,,,,,,발행연도 미상,
,1652,국회전자도서관,"龜湖世典, 乾, 坤",https://dl.nanet.go.kr/search/searchInnerDetail.do?searchType=INNER_SEARCH&resultType=INNER_SEARCH_DETAIL&searchMehtod=L&searchClass=S&controlNo=OLDP1198040197,,,,미부착,,검토 불가,검토 불가,,O,,,,,,발행연도 미상,
,1653,국회전자도서관,笑仙堂集. 全,https://dl.nanet.go.kr/search/searchInnerDetail.do?searchType=INNER_SEARCH&resultType=INNER_SEARCH_DETAIL&searchMehtod=L&searchClass=S&controlNo=OLDP1198040195,,,,미부착,,검토 불가,검토 불가,,O,,,,,,발행연도 미상,
,1654,국회전자도서관,"淸虛堂集, 乾, 坤",https://dl.nanet.go.kr/search/searchInnerDetail.do?searchType=INNER_SEARCH&resultType=INNER_SEARCH_DETAIL&searchMehtod=L&searchClass=S&controlNo=OLDP1198040190,,,,미부착,,검토 불가,검토 불가,,O,,,,,,발행연도 미상,
,1655,국회전자도서관,"梅泉集, 冊1-3",https://dl.nanet.go.kr/search/searchInnerDetail.do?searchType=INNER_SEARCH&resultType=INNER_SEARCH_DETAIL&searchMehtod=L&searchClass=S&controlNo=OLDP1198040188,,,,미부착,,검토 불가,검토 불가,,O,,,,,,발행연도 미상,
,1656,국회전자도서관,"錦溪先生文集, 仁, 義, 禮, 智, 信",https://dl.nanet.go.kr/search/searchInnerDetail.do?searchType=INNER_SEARCH&resultType=INNER_SEARCH_DETAIL&searchMehtod=L&searchClass=S&controlNo=OLDP1198040186,,,,미부착,,검토 불가,검토 불가,,O,,,,,,발행연도 미상,
,1657,국회전자도서관,"大溪遺稿, 冊1-4",https://dl.nanet.go.kr/search/searchInnerDetail.do?searchType=INNER_SEARCH&resultType=INNER_SEARCH_DETAIL&searchMehtod=L&searchClass=S&controlNo=OLDP1198040185,,,,미부착,,검토 불가,검토 불가,,O,,,,,,발행연도 미상,
,1658,국회전자도서관,"林白湖集, 乾, 坤",https://dl.nanet.go.kr/search/searchInnerDetail.do?searchType=INNER_SEARCH&resultType=INNER_SEARCH_DETAIL&searchMehtod=L&searchClass=S&controlNo=OLDP1198040313,,,,미부착,,검토 불가,검토 불가,,O,,,,,,발행연도 미상,
,1659,국회전자도서관,"秋溪遺稿, 冊1",https://dl.nanet.go.kr/search/searchInnerDetail.do?searchType=INNER_SEARCH&resultType=INNER_SEARCH_DETAIL&searchMehtod=L&searchClass=S&controlNo=OLDP1198040305,,,,미부착,,검토 불가,검토 불가,,O,,,,,,발행연도 미상,
,1660,국회전자도서관,"五山集, 元, 亨, 利, 貞",https://dl.nanet.go.kr/search/searchInnerDetail.do?searchType=INNER_SEARCH&resultType=INNER_SEARCH_DETAIL&searchMehtod=L&searchClass=S&controlNo=OLDP1198040300,,,,미부착,,검토 불가,검토 불가,,O,,,,,,발행연도 미상,
,1661,국회전자도서관,"明人尺牘, 冊1-4",https://dl.nanet.go.kr/search/searchInnerDetail.do?searchType=INNER_SEARCH&resultType=INNER_SEARCH_DETAIL&searchMehtod=L&searchClass=S&controlNo=OLDP1198040584,,,,미부착,,검토 불가,검토 불가,,O,,,,,,발행연도 미상,
,1662,국회전자도서관,"繪圖宋史通俗演義, 冊5-9",https://dl.nanet.go.kr/search/searchInnerDetail.do?searchType=INNER_SEARCH&resultType=INNER_SEARCH_DETAIL&searchMehtod=L&searchClass=S&controlNo=OLDP1198040569,,,,미부착,,검토 불가,검토 불가,,O,,,,,,발행연도 미상,
,1663,국회전자도서관,"精校全圖繡像三國志演義, 卷12",https://dl.nanet.go.kr/search/searchInnerDetail.do?searchType=INNER_SEARCH&resultType=INNER_SEARCH_DETAIL&searchMehtod=L&searchClass=S&controlNo=OLDP1198040552,,,,미부착,,검토 불가,검토 불가,,O,,,,,,발행연도 미상,
,1664,국회전자도서관,"晦峯先生年譜, 全",https://dl.nanet.go.kr/search/searchInnerDetail.do?searchType=INNER_SEARCH&resultType=INNER_SEARCH_DETAIL&searchMehtod=L&searchClass=S&controlNo=OLDP1198040818,,,,미부착,,검토 불가,검토 불가,,O,,,,,,발행연도 미상,
,1665,국회전자도서관,"陽坡先生實紀, 乾, 坤",https://dl.nanet.go.kr/search/searchInnerDetail.do?searchType=INNER_SEARCH&resultType=INNER_SEARCH_DETAIL&searchMehtod=L&searchClass=S&controlNo=OLDP1198040815,,,,미부착,,검토 불가,검토 불가,,O,,,,,,발행연도 미상,
,1666,국회전자도서관,"永思亭實紀, 全",https://dl.nanet.go.kr/search/searchInnerDetail.do?searchType=INNER_SEARCH&resultType=INNER_SEARCH_DETAIL&searchMehtod=L&searchClass=S&controlNo=OLDP1198040812,,,,미부착,,검토 불가,검토 불가,,O,,,,,,발행연도 미상,
,1667,국회전자도서관,"南唐書, 冊1-4",https://dl.nanet.go.kr/search/searchInnerDetail.do?searchType=INNER_SEARCH&resultType=INNER_SEARCH_DETAIL&searchMehtod=L&searchClass=S&controlNo=OLDP1198040954,,,,미부착,,검토 불가,검토 불가,,O,,,,,,발행연도 미상,
,1668,국회전자도서관,"唐詩正音輯註, 卷1上-1下, 4",https://dl.nanet.go.kr/search/searchInnerDetail.do?searchType=INNER_SEARCH&resultType=INNER_SEARCH_DETAIL&searchMehtod=L&searchClass=S&controlNo=OLDP1198040504,,,,미부착,,검토 불가,검토 불가,,O,,,,,,발행연도 미상,
,1669,국회전자도서관,"唐詩正音輯註, 卷1-3, 6",https://dl.nanet.go.kr/search/searchInnerDetail.do?searchType=INNER_SEARCH&resultType=INNER_SEARCH_DETAIL&searchMehtod=L&searchClass=S&controlNo=OLDP1198040503,,,,미부착,,검토 불가,검토 불가,,O,,,,,,발행연도 미상,
,1670,국회전자도서관,纂註杜詩澤風堂批解. 冊1-7,https://dl.nanet.go.kr/search/searchInnerDetail.do?searchType=INNER_SEARCH&resultType=INNER_SEARCH_DETAIL&searchMehtod=L&searchClass=S&controlNo=OLDP1198040501,,,,미부착,,검토 불가,검토 불가,,O,,,,,,발행연도 미상,
,1671,국회전자도서관,"雅誦, 乾, 坤",https://dl.nanet.go.kr/search/searchInnerDetail.do?searchType=INNER_SEARCH&resultType=INNER_SEARCH_DETAIL&searchMehtod=L&searchClass=S&controlNo=OLDP1198040497,,,,미부착,,검토 불가,검토 불가,,O,,,,,,발행연도 미상,
,1672,국회전자도서관,"選賦抄評註解刪補, 冊2-3",https://dl.nanet.go.kr/search/searchInnerDetail.do?searchType=INNER_SEARCH&resultType=INNER_SEARCH_DETAIL&searchMehtod=L&searchClass=S&controlNo=OLDP1198040495,,,,미부착,,검토 불가,검토 불가,,O,,,,,,발행연도 미상,
,1673,국회전자도서관,"選賦抄評註解刪補, 冊1-6",https://dl.nanet.go.kr/search/searchInnerDetail.do?searchType=INNER_SEARCH&resultType=INNER_SEARCH_DETAIL&searchMehtod=L&searchClass=S&controlNo=OLDP1198040494,,,,미부착,,검토 불가,검토 불가,,O,,,,,,발행연도 미상,
,1674,국회전자도서관,"楚辭, 元, 亨, 利, 貞",https://dl.nanet.go.kr/search/searchInnerDetail.do?searchType=INNER_SEARCH&resultType=INNER_SEARCH_DETAIL&searchMehtod=L&searchClass=S&controlNo=OLDP1198040492,,,,미부착,,검토 불가,검토 불가,,O,,,,,,발행연도 미상,
,1675,국회전자도서관,漁洋山人精華錄箋註. 冊1-12,https://dl.nanet.go.kr/search/searchInnerDetail.do?searchType=INNER_SEARCH&resultType=INNER_SEARCH_DETAIL&searchMehtod=L&searchClass=S&controlNo=OLDP1198040489,,,,미부착,,검토 불가,검토 불가,,O,,,,,,발행연도 미상,
,1676,국회전자도서관,"葛庵先生文集別集, 冊1-3",https://dl.nanet.go.kr/search/searchInnerDetail.do?searchType=INNER_SEARCH&resultType=INNER_SEARCH_DETAIL&searchMehtod=L&searchClass=S&controlNo=OLDP1198040023,,,,미부착,,검토 불가,검토 불가,,O,,,,,,발행연도 미상,
,1677,국회전자도서관,"退溪先生續集, 冊1-4",https://dl.nanet.go.kr/search/searchInnerDetail.do?searchType=INNER_SEARCH&resultType=INNER_SEARCH_DETAIL&searchMehtod=L&searchClass=S&controlNo=OLDP1198040020,,,,미부착,,검토 불가,검토 불가,,O,,,,,,발행연도 미상,
,1678,국회전자도서관,退溪先生文集(及)別集. 冊1-8,https://dl.nanet.go.kr/search/searchInnerDetail.do?searchType=INNER_SEARCH&resultType=INNER_SEARCH_DETAIL&searchMehtod=L&searchClass=S&controlNo=OLDP1198040018,,,,미부착,,검토 불가,검토 불가,,O,,,,,,발행연도 미상,
,1679,국회전자도서관,"浩溪文集, 乾, 坤",https://dl.nanet.go.kr/search/searchInnerDetail.do?searchType=INNER_SEARCH&resultType=INNER_SEARCH_DETAIL&searchMehtod=L&searchClass=S&controlNo=OLDP1198040017,,,,미부착,,검토 불가,검토 불가,,O,,,,,,발행연도 미상,
,1680,국회전자도서관,"百忍遺蹟, 單",https://dl.nanet.go.kr/search/searchInnerDetail.do?searchType=INNER_SEARCH&resultType=INNER_SEARCH_DETAIL&searchMehtod=L&searchClass=S&controlNo=OLDP1198040802,,,,미부착,,검토 불가,검토 불가,,O,,,,,,발행연도 미상,
,1681,국회전자도서관,"慕齋實紀, 全",https://dl.nanet.go.kr/search/searchInnerDetail.do?searchType=INNER_SEARCH&resultType=INNER_SEARCH_DETAIL&searchMehtod=L&searchClass=S&controlNo=OLDP1198040799,,,,미부착,,검토 불가,검토 불가,,O,,,,,,발행연도 미상,
,1682,국회전자도서관,"明齋先生遺稿別卷, 冊1",https://dl.nanet.go.kr/search/searchInnerDetail.do?searchType=INNER_SEARCH&resultType=INNER_SEARCH_DETAIL&searchMehtod=L&searchClass=S&controlNo=OLDP1198040349,,,,미부착,,검토 불가,검토 불가,,O,,,,,,발행연도 미상,
,1683,국회전자도서관,"隱峯先生師友簡牘, 全",https://dl.nanet.go.kr/search/searchInnerDetail.do?searchType=INNER_SEARCH&resultType=INNER_SEARCH_DETAIL&searchMehtod=L&searchClass=S&controlNo=OLDP1198040337,,,,미부착,,검토 불가,검토 불가,,O,,,,,,발행연도 미상,
,1684,국회전자도서관,"寒暄箚錄, 冊1-3",https://dl.nanet.go.kr/search/searchInnerDetail.do?searchType=INNER_SEARCH&resultType=INNER_SEARCH_DETAIL&searchMehtod=L&searchClass=S&controlNo=OLDP1198040336,,,,미부착,,검토 불가,검토 불가,,O,,,,,,발행연도 미상,
,1685,국회전자도서관,"兩先生往復書, 冊1-3",https://dl.nanet.go.kr/search/searchInnerDetail.do?searchType=INNER_SEARCH&resultType=INNER_SEARCH_DETAIL&searchMehtod=L&searchClass=S&controlNo=OLDP1198040334,,,,미부착,,검토 불가,검토 불가,,O,,,,,,발행연도 미상,
,1686,국회전자도서관,"慶州邑誌, 冊1-4",https://dl.nanet.go.kr/search/searchInnerDetail.do?searchType=INNER_SEARCH&resultType=INNER_SEARCH_DETAIL&searchMehtod=L&searchClass=S&controlNo=OLDP1198040644,,,,미부착,,검토 불가,검토 불가,,O,,,,,,발행연도 미상,
,1687,국회전자도서관,"金碧錄, 冊1-4",https://dl.nanet.go.kr/search/searchInnerDetail.do?searchType=INNER_SEARCH&resultType=INNER_SEARCH_DETAIL&searchMehtod=L&searchClass=S&controlNo=OLDP1198040636,,,,미부착,,검토 불가,검토 불가,,O,,,,,,발행연도 미상,
,1688,국회전자도서관,"石厓先生文集, 卷1-6",https://dl.nanet.go.kr/search/searchInnerDetail.do?searchType=INNER_SEARCH&resultType=INNER_SEARCH_DETAIL&searchMehtod=L&searchClass=S&controlNo=OLDP1198040174,,,,미부착,,검토 불가,검토 불가,,O,,,,,,발행연도 미상,
,1689,국회전자도서관,記言(及)別集. 冊1-10,https://dl.nanet.go.kr/search/searchInnerDetail.do?searchType=INNER_SEARCH&resultType=INNER_SEARCH_DETAIL&searchMehtod=L&searchClass=S&controlNo=OLDP1198040169,,,,미부착,,검토 불가,검토 불가,,O,,,,,,발행연도 미상,
,1690,국회전자도서관,"黃坡遺稿(幷)附錄, 單",https://dl.nanet.go.kr/search/searchInnerDetail.do?searchType=INNER_SEARCH&resultType=INNER_SEARCH_DETAIL&searchMehtod=L&searchClass=S&controlNo=OLDP1198040158,,,,미부착,,검토 불가,검토 불가,,O,,,,,,발행연도 미상,
,1691,국회전자도서관,"後松遺稿, 全",https://dl.nanet.go.kr/search/searchInnerDetail.do?searchType=INNER_SEARCH&resultType=INNER_SEARCH_DETAIL&searchMehtod=L&searchClass=S&controlNo=OLDP1198040150,,,,미부착,,검토 불가,검토 불가,,O,,,,,,발행연도 미상,
,1692,국회전자도서관,"杏亭世稿, 全",https://dl.nanet.go.kr/search/searchInnerDetail.do?searchType=INNER_SEARCH&resultType=INNER_SEARCH_DETAIL&searchMehtod=L&searchClass=S&controlNo=OLDP1198040198,,,,미부착,,검토 불가,검토 불가,,O,,,,,,발행연도 미상,
,1693,국회전자도서관,"記言(及)別集, 冊1-30",https://dl.nanet.go.kr/search/searchInnerDetail.do?searchType=INNER_SEARCH&resultType=INNER_SEARCH_DETAIL&searchMehtod=L&searchClass=S&controlNo=OLDP1198040170,,,,미부착,,검토 불가,검토 불가,,O,,,,,,발행연도 미상,
,1694,국회전자도서관,百喩經,https://dl.nanet.go.kr/search/searchInnerDetail.do?searchType=INNER_SEARCH&resultType=INNER_SEARCH_DETAIL&searchMehtod=L&searchClass=S&controlNo=OLDP3199901337,,,,미부착,,검토 불가,검토 불가,,O,,,,,,발행연도 미상,
,1695,국회전자도서관,"隨聞錄, 乾, 坤",https://dl.nanet.go.kr/search/searchInnerDetail.do?searchType=INNER_SEARCH&resultType=INNER_SEARCH_DETAIL&searchMehtod=L&searchClass=S&controlNo=OLDP1200500333,,,,미부착,,검토 불가,검토 불가,,O,,,,,,발행연도 미상,
,1696,국회전자도서관,"文貞公雪谷先生言行拾遺, 單",https://dl.nanet.go.kr/search/searchInnerDetail.do?searchType=INNER_SEARCH&resultType=INNER_SEARCH_DETAIL&searchMehtod=L&searchClass=S&controlNo=OLDP1198040794,,,,미부착,,검토 불가,검토 불가,,O,,,,,,발행연도 미상,
,1697,국회전자도서관,"瑞隱先生實記, 全",https://dl.nanet.go.kr/search/searchInnerDetail.do?searchType=INNER_SEARCH&resultType=INNER_SEARCH_DETAIL&searchMehtod=L&searchClass=S&controlNo=OLDP1198040791,,,,미부착,,검토 불가,검토 불가,,O,,,,,,발행연도 미상,
,1698,국회전자도서관,"退陶先生言行通錄, 冊1-3",https://dl.nanet.go.kr/search/searchInnerDetail.do?searchType=INNER_SEARCH&resultType=INNER_SEARCH_DETAIL&searchMehtod=L&searchClass=S&controlNo=OLDP1198040786,,,,미부착,,검토 불가,검토 불가,,O,,,,,,발행연도 미상,
,1699,국회전자도서관,"大山先生實記, 水, 火, 金, 木, 土",https://dl.nanet.go.kr/search/searchInnerDetail.do?searchType=INNER_SEARCH&resultType=INNER_SEARCH_DETAIL&searchMehtod=L&searchClass=S&controlNo=OLDP1198040775,,,,미부착,,검토 불가,검토 불가,,O,,,,,,발행연도 미상,
,1700,국회전자도서관,"王郞返魂傳, 全",https://dl.nanet.go.kr/search/searchInnerDetail.do?searchType=INNER_SEARCH&resultType=INNER_SEARCH_DETAIL&searchMehtod=L&searchClass=S&controlNo=OLDP1198040331,,,,미부착,,검토 불가,검토 불가,,O,,,,,,발행연도 미상,
,1701,국회전자도서관,霽峰集. 冊1-5,https://dl.nanet.go.kr/search/searchInnerDetail.do?searchType=INNER_SEARCH&resultType=INNER_SEARCH_DETAIL&searchMehtod=L&searchClass=S&controlNo=OLDP1198040329,,,,미부착,,검토 불가,검토 불가,,O,,,,,,발행연도 미상,
,1702,국회전자도서관,"景賢錄(及)續, 冊1-4",https://dl.nanet.go.kr/search/searchInnerDetail.do?searchType=INNER_SEARCH&resultType=INNER_SEARCH_DETAIL&searchMehtod=L&searchClass=S&controlNo=OLDP1198040765,,,,미부착,,검토 불가,검토 불가,,O,,,,,,발행연도 미상,
,1703,국회전자도서관,"標註增補一言芳談抄, 全",https://dl.nanet.go.kr/search/searchInnerDetail.do?searchType=INNER_SEARCH&resultType=INNER_SEARCH_DETAIL&searchMehtod=L&searchClass=S&controlNo=OLDP1198040598,,,,미부착,,검토 불가,검토 불가,,O,,,,,,발행연도 미상,
,1704,국회전자도서관,"參天台五臺山記, 冊1-8",https://dl.nanet.go.kr/search/searchInnerDetail.do?searchType=INNER_SEARCH&resultType=INNER_SEARCH_DETAIL&searchMehtod=L&searchClass=S&controlNo=OLDP1198040597,,,,미부착,,검토 불가,검토 불가,,O,,,,,,발행연도 미상,
,1705,국회전자도서관,木齋家塾彙纂麗史. 冊1-10,https://dl.nanet.go.kr/search/searchInnerDetail.do?searchType=INNER_SEARCH&resultType=INNER_SEARCH_DETAIL&searchMehtod=L&searchClass=S&controlNo=OLDP1200500422,,,,미부착,,검토 불가,검토 불가,,O,,,,,,발행연도 미상,
,1706,국회전자도서관,"歷代總目, 全",https://dl.nanet.go.kr/search/searchInnerDetail.do?searchType=INNER_SEARCH&resultType=INNER_SEARCH_DETAIL&searchMehtod=L&searchClass=S&controlNo=OLDP1198040940,,,,미부착,,검토 불가,검토 불가,,O,,,,,,발행연도 미상,
,1707,국회전자도서관,"御定歷代題畵詩類, 卷71-95",https://dl.nanet.go.kr/search/searchInnerDetail.do?searchType=INNER_SEARCH&resultType=INNER_SEARCH_DETAIL&searchMehtod=L&searchClass=S&controlNo=OLDP1198040472,,,,미부착,,검토 불가,검토 불가,,O,,,,,,발행연도 미상,
,1708,국회전자도서관,"鳳隱詩集, 全",https://dl.nanet.go.kr/search/searchInnerDetail.do?searchType=INNER_SEARCH&resultType=INNER_SEARCH_DETAIL&searchMehtod=L&searchClass=S&controlNo=OLDP1198040004,,,,미부착,,검토 불가,검토 불가,,O,,,,,,발행연도 미상,
,1709,국회전자도서관,月沙先生集(及)別集. 冊1-5,https://dl.nanet.go.kr/search/searchInnerDetail.do?searchType=INNER_SEARCH&resultType=INNER_SEARCH_DETAIL&searchMehtod=L&searchClass=S&controlNo=OLDP1198040001,,,,미부착,,검토 불가,검토 불가,,O,,,,,,발행연도 미상,
,1710,국회전자도서관,"喪禮備要, 上, 下",https://dl.nanet.go.kr/search/searchInnerDetail.do?searchType=INNER_SEARCH&resultType=INNER_SEARCH_DETAIL&searchMehtod=L&searchClass=S&controlNo=OLDP1198040311,,,,미부착,,검토 불가,검토 불가,,O,,,,,,발행연도 미상,
,1711,국회전자도서관,"讀史隨筆, 卷7-8",https://dl.nanet.go.kr/search/searchInnerDetail.do?searchType=INNER_SEARCH&resultType=INNER_SEARCH_DETAIL&searchMehtod=L&searchClass=S&controlNo=OLDP1198040605,,,,미부착,,검토 불가,검토 불가,,O,,,,,,발행연도 미상,
,1712,국회전자도서관,"兩好餘話, 全",https://dl.nanet.go.kr/search/searchInnerDetail.do?searchType=INNER_SEARCH&resultType=INNER_SEARCH_DETAIL&searchMehtod=L&searchClass=S&controlNo=OLDP1198040595,,,,미부착,,검토 불가,검토 불가,,O,,,,,,발행연도 미상,
,1713,국회전자도서관,新編玉叢. 冊1-2,https://dl.nanet.go.kr/search/searchInnerDetail.do?searchType=INNER_SEARCH&resultType=INNER_SEARCH_DETAIL&searchMehtod=L&searchClass=S&controlNo=OLDP1198040588,,,,미부착,,검토 불가,검토 불가,,O,,,,,,발행연도 미상,
,1714,국회전자도서관,"蘇文正宗, 卷5-8",https://dl.nanet.go.kr/search/searchInnerDetail.do?searchType=INNER_SEARCH&resultType=INNER_SEARCH_DETAIL&searchMehtod=L&searchClass=S&controlNo=OLDP1198040586,,,,미부착,,검토 불가,검토 불가,,O,,,,,,발행연도 미상,
,1715,국회전자도서관,"可규先生文集. 仁, 義, 禮, 智, 信",https://dl.nanet.go.kr/search/searchInnerDetail.do?searchType=INNER_SEARCH&resultType=INNER_SEARCH_DETAIL&searchMehtod=L&searchClass=S&controlNo=OLDP1198040138,,,,미부착,,검토 불가,검토 불가,,O,,,,,,발행연도 미상,
,1716,국회전자도서관,"一峯文集, 乾, 坤",https://dl.nanet.go.kr/search/searchInnerDetail.do?searchType=INNER_SEARCH&resultType=INNER_SEARCH_DETAIL&searchMehtod=L&searchClass=S&controlNo=OLDP1198040132,,,,미부착,,검토 불가,검토 불가,,O,,,,,,발행연도 미상,
,1717,국회전자도서관,"圃隱先生文集, 卷1-2",https://dl.nanet.go.kr/search/searchInnerDetail.do?searchType=INNER_SEARCH&resultType=INNER_SEARCH_DETAIL&searchMehtod=L&searchClass=S&controlNo=OLDP1198040126,,,,미부착,,검토 불가,검토 불가,,O,,,,,,발행연도 미상,
,1718,국회전자도서관,"圃隱先生集(及)續, 天, 地, 人",https://dl.nanet.go.kr/search/searchInnerDetail.do?searchType=INNER_SEARCH&resultType=INNER_SEARCH_DETAIL&searchMehtod=L&searchClass=S&controlNo=OLDP1198040125,,,,미부착,,검토 불가,검토 불가,,O,,,,,,발행연도 미상,
,1719,국회전자도서관,"雲樵遺稿, 全",https://dl.nanet.go.kr/search/searchInnerDetail.do?searchType=INNER_SEARCH&resultType=INNER_SEARCH_DETAIL&searchMehtod=L&searchClass=S&controlNo=OLDP1198040122,,,,미부착,,검토 불가,검토 불가,,O,,,,,,발행연도 미상,
,1720,국회전자도서관,立齋先生別集(及)年譜. 冊1-3,https://dl.nanet.go.kr/search/searchInnerDetail.do?searchType=INNER_SEARCH&resultType=INNER_SEARCH_DETAIL&searchMehtod=L&searchClass=S&controlNo=OLDP1198040120,,,,미부착,,검토 불가,검토 불가,,O,,,,,,발행연도 미상,
,1721,국회전자도서관,"璿源系譜紀略, 冊1, 8",https://dl.nanet.go.kr/search/searchInnerDetail.do?searchType=INNER_SEARCH&resultType=INNER_SEARCH_DETAIL&searchMehtod=L&searchClass=S&controlNo=OLDP1200500311,,,,미부착,,검토 불가,검토 불가,,O,,,,,,발행연도 미상,
,1722,국회전자도서관,"璿源系譜紀略, 冊1-8",https://dl.nanet.go.kr/search/searchInnerDetail.do?searchType=INNER_SEARCH&resultType=INNER_SEARCH_DETAIL&searchMehtod=L&searchClass=S&controlNo=OLDP1200500306,,,,미부착,,검토 불가,검토 불가,,O,,,,,,발행연도 미상,
,1723,국회전자도서관,"史記評林, 冊1, 3-33",https://dl.nanet.go.kr/search/searchInnerDetail.do?searchType=INNER_SEARCH&resultType=INNER_SEARCH_DETAIL&searchMehtod=L&searchClass=S&controlNo=OLDP1200316197,,,,미부착,,검토 불가,검토 불가,,O,,,,,,발행연도 미상,
,1724,국회전자도서관,"家狀, 全",https://dl.nanet.go.kr/search/searchInnerDetail.do?searchType=INNER_SEARCH&resultType=INNER_SEARCH_DETAIL&searchMehtod=L&searchClass=S&controlNo=OLDP1198040768,,,,미부착,,검토 불가,검토 불가,,O,,,,,,발행연도 미상,
,1725,국회전자도서관,"白湖先生年譜, 全",https://dl.nanet.go.kr/search/searchInnerDetail.do?searchType=INNER_SEARCH&resultType=INNER_SEARCH_DETAIL&searchMehtod=L&searchClass=S&controlNo=OLDP1198040762,,,,미부착,,검토 불가,검토 불가,,O,,,,,,발행연도 미상,
,1726,국회전자도서관,"西厓先生年譜, 冊2",https://dl.nanet.go.kr/search/searchInnerDetail.do?searchType=INNER_SEARCH&resultType=INNER_SEARCH_DETAIL&searchMehtod=L&searchClass=S&controlNo=OLDP1198040759,,,,미부착,,검토 불가,검토 불가,,O,,,,,,발행연도 미상,
,1727,국회전자도서관,"錦山先生實紀, 全",https://dl.nanet.go.kr/search/searchInnerDetail.do?searchType=INNER_SEARCH&resultType=INNER_SEARCH_DETAIL&searchMehtod=L&searchClass=S&controlNo=OLDP1198040754,,,,미부착,,검토 불가,검토 불가,,O,,,,,,발행연도 미상,
,1728,국회전자도서관,"醉翁堂實紀, 全",https://dl.nanet.go.kr/search/searchInnerDetail.do?searchType=INNER_SEARCH&resultType=INNER_SEARCH_DETAIL&searchMehtod=L&searchClass=S&controlNo=OLDP1198040742,,,,미부착,,검토 불가,검토 불가,,O,,,,,,발행연도 미상,
,1729,국회전자도서관,"虛庵先生遺集(及)續, 冊1-2",https://dl.nanet.go.kr/search/searchInnerDetail.do?searchType=INNER_SEARCH&resultType=INNER_SEARCH_DETAIL&searchMehtod=L&searchClass=S&controlNo=OLDP1198040296,,,,미부착,,검토 불가,검토 불가,,O,,,,,,발행연도 미상,
,1730,국회전자도서관,楓溪集. 全,https://dl.nanet.go.kr/search/searchInnerDetail.do?searchType=INNER_SEARCH&resultType=INNER_SEARCH_DETAIL&searchMehtod=L&searchClass=S&controlNo=OLDP1198040279,,,,미부착,,검토 불가,검토 불가,,O,,,,,,발행연도 미상,
,1731,국회전자도서관,"梅月堂詩集, 冊1-4",https://dl.nanet.go.kr/search/searchInnerDetail.do?searchType=INNER_SEARCH&resultType=INNER_SEARCH_DETAIL&searchMehtod=L&searchClass=S&controlNo=OLDP1198040273,,,,미부착,,검토 불가,검토 불가,,O,,,,,,발행연도 미상,
,1732,국회전자도서관,"東國文獻錄, 下",https://dl.nanet.go.kr/search/searchInnerDetail.do?searchType=INNER_SEARCH&resultType=INNER_SEARCH_DETAIL&searchMehtod=L&searchClass=S&controlNo=OLDP1200500419,,,,미부착,,검토 불가,검토 불가,,O,,,,,,발행연도 미상,
,1733,국회전자도서관,"徐花潭先生神道碑銘, 全",https://dl.nanet.go.kr/search/searchInnerDetail.do?searchType=INNER_SEARCH&resultType=INNER_SEARCH_DETAIL&searchMehtod=L&searchClass=S&controlNo=OLDP1200500389,,,,미부착,,검토 불가,검토 불가,,O,,,,,,발행연도 미상,
,1734,국회전자도서관,"晋宗成憲, 冊2-4",https://dl.nanet.go.kr/search/searchInnerDetail.do?searchType=INNER_SEARCH&resultType=INNER_SEARCH_DETAIL&searchMehtod=L&searchClass=S&controlNo=OLDP1198040910,,,,미부착,,검토 불가,검토 불가,,O,,,,,,발행연도 미상,
,1735,국회전자도서관,晋州姜氏世譜. 冊1-5,https://dl.nanet.go.kr/search/searchInnerDetail.do?searchType=INNER_SEARCH&resultType=INNER_SEARCH_DETAIL&searchMehtod=L&searchClass=S&controlNo=OLDP1198040898,,,,미부착,,검토 불가,검토 불가,,O,,,,,,발행연도 미상,
,1736,국회전자도서관,"全州李氏醉翁公派譜, 上",https://dl.nanet.go.kr/search/searchInnerDetail.do?searchType=INNER_SEARCH&resultType=INNER_SEARCH_DETAIL&searchMehtod=L&searchClass=S&controlNo=OLDP1198040889,,,,미부착,,검토 불가,검토 불가,,O,,,,,,발행연도 미상,
,1737,국회전자도서관,"唐宋八大家文抄. 冊1-2, 4-7",https://dl.nanet.go.kr/search/searchInnerDetail.do?searchType=INNER_SEARCH&resultType=INNER_SEARCH_DETAIL&searchMehtod=L&searchClass=S&controlNo=OLDP1198040441,,,,미부착,,검토 불가,검토 불가,,O,,,,,,발행연도 미상,
,1738,국회전자도서관,"唐宋八大家文抄. 冊1-8, 15-17",https://dl.nanet.go.kr/search/searchInnerDetail.do?searchType=INNER_SEARCH&resultType=INNER_SEARCH_DETAIL&searchMehtod=L&searchClass=S&controlNo=OLDP1198040440,,,,미부착,,검토 불가,검토 불가,,O,,,,,,발행연도 미상,
,1739,국회전자도서관,"唐大家韓文公文抄, 冊1-4",https://dl.nanet.go.kr/search/searchInnerDetail.do?searchType=INNER_SEARCH&resultType=INNER_SEARCH_DETAIL&searchMehtod=L&searchClass=S&controlNo=OLDP1198040435,,,,미부착,,검토 불가,검토 불가,,O,,,,,,발행연도 미상,
,1740,국회전자도서관,"竹隱畸士集, 冊1-8",https://dl.nanet.go.kr/search/searchInnerDetail.do?searchType=INNER_SEARCH&resultType=INNER_SEARCH_DETAIL&searchMehtod=L&searchClass=S&controlNo=OLDP1198040434,,,,미부착,,검토 불가,검토 불가,,O,,,,,,발행연도 미상,
,1741,국회전자도서관,浮山集. 冊1-4,https://dl.nanet.go.kr/search/searchInnerDetail.do?searchType=INNER_SEARCH&resultType=INNER_SEARCH_DETAIL&searchMehtod=L&searchClass=S&controlNo=OLDP1198040430,,,,미부착,,검토 불가,검토 불가,,O,,,,,,발행연도 미상,
,1742,국회전자도서관,"忠惠集, 冊1-5",https://dl.nanet.go.kr/search/searchInnerDetail.do?searchType=INNER_SEARCH&resultType=INNER_SEARCH_DETAIL&searchMehtod=L&searchClass=S&controlNo=OLDP1198040426,,,,미부착,,검토 불가,검토 불가,,O,,,,,,발행연도 미상,
,1743,국회전자도서관,陸放翁全集. 冊1-20,https://dl.nanet.go.kr/search/searchInnerDetail.do?searchType=INNER_SEARCH&resultType=INNER_SEARCH_DETAIL&searchMehtod=L&searchClass=S&controlNo=OLDP1198040424,,,,미부착,,검토 불가,검토 불가,,O,,,,,,발행연도 미상,
,1744,국회전자도서관,東窓集. 冊1-7,https://dl.nanet.go.kr/search/searchInnerDetail.do?searchType=INNER_SEARCH&resultType=INNER_SEARCH_DETAIL&searchMehtod=L&searchClass=S&controlNo=OLDP1198040427,,,,미부착,,검토 불가,검토 불가,,O,,,,,,발행연도 미상,
,1745,국회전자도서관,樊巖先生集. 冊1-11,https://dl.nanet.go.kr/search/searchInnerDetail.do?searchType=INNER_SEARCH&resultType=INNER_SEARCH_DETAIL&searchMehtod=L&searchClass=S&controlNo=OLDP1198040151,,,,미부착,,검토 불가,검토 불가,,O,,,,,,발행연도 미상,
,1746,국회전자도서관,"重峰先生文集, 冊10",https://dl.nanet.go.kr/search/searchInnerDetail.do?searchType=INNER_SEARCH&resultType=INNER_SEARCH_DETAIL&searchMehtod=L&searchClass=S&controlNo=OLDP1198040142,,,,미부착,,검토 불가,검토 불가,,O,,,,,,발행연도 미상,
,1747,국회전자도서관,"盤菴文稿, 冊1-3",https://dl.nanet.go.kr/search/searchInnerDetail.do?searchType=INNER_SEARCH&resultType=INNER_SEARCH_DETAIL&searchMehtod=L&searchClass=S&controlNo=OLDP1198040136,,,,미부착,,검토 불가,검토 불가,,O,,,,,,발행연도 미상,
,1748,국회전자도서관,"晦溪集, 冊1-3",https://dl.nanet.go.kr/search/searchInnerDetail.do?searchType=INNER_SEARCH&resultType=INNER_SEARCH_DETAIL&searchMehtod=L&searchClass=S&controlNo=OLDP1198040130,,,,미부착,,검토 불가,검토 불가,,O,,,,,,발행연도 미상,
,1749,국회전자도서관,"慕庵先生文集, 上, 下",https://dl.nanet.go.kr/search/searchInnerDetail.do?searchType=INNER_SEARCH&resultType=INNER_SEARCH_DETAIL&searchMehtod=L&searchClass=S&controlNo=OLDP1198040139,,,,미부착,,검토 불가,검토 불가,,O,,,,,,발행연도 미상,
,1750,국회전자도서관,"圓山集, 上, 下",https://dl.nanet.go.kr/search/searchInnerDetail.do?searchType=INNER_SEARCH&resultType=INNER_SEARCH_DETAIL&searchMehtod=L&searchClass=S&controlNo=OLDP1198040099,,,,미부착,,검토 불가,검토 불가,,O,,,,,,발행연도 미상,
,1751,국회전자도서관,"國朝尺牘, 冊1-6",https://dl.nanet.go.kr/search/searchInnerDetail.do?searchType=INNER_SEARCH&resultType=INNER_SEARCH_DETAIL&searchMehtod=L&searchClass=S&controlNo=OLDP1198040583,,,,미부착,,검토 불가,검토 불가,,O,,,,,,발행연도 미상,
,1752,국회전자도서관,"增補如面潭新集, 卷7-8",https://dl.nanet.go.kr/search/searchInnerDetail.do?searchType=INNER_SEARCH&resultType=INNER_SEARCH_DETAIL&searchMehtod=L&searchClass=S&controlNo=OLDP1198040582,,,,미부착,,검토 불가,검토 불가,,O,,,,,,발행연도 미상,
,1753,국회전자도서관,"增像全圖東周列國志, 卷16-17, 20, 24-25",https://dl.nanet.go.kr/search/searchInnerDetail.do?searchType=INNER_SEARCH&resultType=INNER_SEARCH_DETAIL&searchMehtod=L&searchClass=S&controlNo=OLDP1198040573,,,,미부착,,검토 불가,검토 불가,,O,,,,,,발행연도 미상,
,1754,국회전자도서관,"繪圖唐史通俗演義. 冊2-7, 9",https://dl.nanet.go.kr/search/searchInnerDetail.do?searchType=INNER_SEARCH&resultType=INNER_SEARCH_DETAIL&searchMehtod=L&searchClass=S&controlNo=OLDP1198040568,,,,미부착,,검토 불가,검토 불가,,O,,,,,,발행연도 미상,
,1755,국회전자도서관,"世說新語補, 卷1-2",https://dl.nanet.go.kr/search/searchInnerDetail.do?searchType=INNER_SEARCH&resultType=INNER_SEARCH_DETAIL&searchMehtod=L&searchClass=S&controlNo=OLDP1198040566,,,,미부착,,검토 불가,검토 불가,,O,,,,,,발행연도 미상,
,1756,국회전자도서관,"(西廂記. 上, 下",https://dl.nanet.go.kr/search/searchInnerDetail.do?searchType=INNER_SEARCH&resultType=INNER_SEARCH_DETAIL&searchMehtod=L&searchClass=S&controlNo=OLDP1198040562,,,,미부착,,검토 불가,검토 불가,,O,,,,,,발행연도 미상,
,1757,국회전자도서관,晩悟文集(幷)附錄. 冊1-3,https://dl.nanet.go.kr/search/searchInnerDetail.do?searchType=INNER_SEARCH&resultType=INNER_SEARCH_DETAIL&searchMehtod=L&searchClass=S&controlNo=OLDP1198040114,,,,미부착,,검토 불가,검토 불가,,O,,,,,,발행연도 미상,
,1758,국회전자도서관,寒岡先生文集(及)續. 冊1-6,https://dl.nanet.go.kr/search/searchInnerDetail.do?searchType=INNER_SEARCH&resultType=INNER_SEARCH_DETAIL&searchMehtod=L&searchClass=S&controlNo=OLDP1198040108,,,,미부착,,검토 불가,검토 불가,,O,,,,,,발행연도 미상,
,1759,국회전자도서관,"省庵遺稿, 上, 下",https://dl.nanet.go.kr/search/searchInnerDetail.do?searchType=INNER_SEARCH&resultType=INNER_SEARCH_DETAIL&searchMehtod=L&searchClass=S&controlNo=OLDP1198040105,,,,미부착,,검토 불가,검토 불가,,O,,,,,,발행연도 미상,
,1760,국회전자도서관,"農圃集(及)續, 冊1-5",https://dl.nanet.go.kr/search/searchInnerDetail.do?searchType=INNER_SEARCH&resultType=INNER_SEARCH_DETAIL&searchMehtod=L&searchClass=S&controlNo=OLDP1198040103,,,,미부착,,검토 불가,검토 불가,,O,,,,,,발행연도 미상,
,1761,국회전자도서관,"甲申革命의 흘러간 옛자취, 全",https://dl.nanet.go.kr/search/searchInnerDetail.do?searchType=INNER_SEARCH&resultType=INNER_SEARCH_DETAIL&searchMehtod=L&searchClass=S&controlNo=OLDP1000000093,,,,미부착,,검토 불가,검토 불가,,O,,,,,,발행연도 미상,
,1762,국회전자도서관,"松齋先生文集(及)續. 天, 地, 人",https://dl.nanet.go.kr/search/searchInnerDetail.do?searchType=INNER_SEARCH&resultType=INNER_SEARCH_DETAIL&searchMehtod=L&searchClass=S&controlNo=OLDP1198040294,,,,미부착,,검토 불가,검토 불가,,O,,,,,,발행연도 미상,
,1763,국회전자도서관,"澤齋遺唾, 全",https://dl.nanet.go.kr/search/searchInnerDetail.do?searchType=INNER_SEARCH&resultType=INNER_SEARCH_DETAIL&searchMehtod=L&searchClass=S&controlNo=OLDP1198040277,,,,미부착,,검토 불가,검토 불가,,O,,,,,,발행연도 미상,
,1764,국회전자도서관,"梅月堂文集, 全",https://dl.nanet.go.kr/search/searchInnerDetail.do?searchType=INNER_SEARCH&resultType=INNER_SEARCH_DETAIL&searchMehtod=L&searchClass=S&controlNo=OLDP1198040274,,,,미부착,,검토 불가,검토 불가,,O,,,,,,발행연도 미상,
,1765,국회전자도서관,"南陽先生文集, 全",https://dl.nanet.go.kr/search/searchInnerDetail.do?searchType=INNER_SEARCH&resultType=INNER_SEARCH_DETAIL&searchMehtod=L&searchClass=S&controlNo=OLDP1198040268,,,,미부착,,검토 불가,검토 불가,,O,,,,,,발행연도 미상,
,1766,국회전자도서관,"茂長邑誌, 全",https://dl.nanet.go.kr/search/searchInnerDetail.do?searchType=INNER_SEARCH&resultType=INNER_SEARCH_DETAIL&searchMehtod=L&searchClass=S&controlNo=OLDP1198040640,,,,미부착,,검토 불가,검토 불가,,O,,,,,,발행연도 미상,
,1767,국회전자도서관,朱文公校昌黎先生文集(及)外集. 卷1-17,https://dl.nanet.go.kr/search/searchInnerDetail.do?searchType=INNER_SEARCH&resultType=INNER_SEARCH_DETAIL&searchMehtod=L&searchClass=S&controlNo=OLDP1198040509,,,,미부착,,검토 불가,검토 불가,,O,,,,,,발행연도 미상,
,1768,국회전자도서관,"山谷內集詩註, 卷2-20",https://dl.nanet.go.kr/search/searchInnerDetail.do?searchType=INNER_SEARCH&resultType=INNER_SEARCH_DETAIL&searchMehtod=L&searchClass=S&controlNo=OLDP1198040487,,,,미부착,,검토 불가,검토 불가,,O,,,,,,발행연도 미상,
,1769,국회전자도서관,"五百家註柳先生集(及)附錄, 冊1-10",https://dl.nanet.go.kr/search/searchInnerDetail.do?searchType=INNER_SEARCH&resultType=INNER_SEARCH_DETAIL&searchMehtod=L&searchClass=S&controlNo=OLDP1198040444,,,,미부착,,검토 불가,검토 불가,,O,,,,,,발행연도 미상,
,1770,국회전자도서관,"華行日記, 單",https://dl.nanet.go.kr/search/searchInnerDetail.do?searchType=INNER_SEARCH&resultType=INNER_SEARCH_DETAIL&searchMehtod=L&searchClass=S&controlNo=OLDP1198040328,,,,미부착,,검토 불가,검토 불가,,O,,,,,,발행연도 미상,
,1771,국회전자도서관,"月印千江之曲, 冊1-2",https://dl.nanet.go.kr/search/searchInnerDetail.do?searchType=INNER_SEARCH&resultType=INNER_SEARCH_DETAIL&searchMehtod=L&searchClass=S&controlNo=OLDP1198040243,,,,미부착,,검토 불가,검토 불가,,O,,,,,,발행연도 미상,
,1772,국회전자도서관,"竹陰先生集, 冊1-6",https://dl.nanet.go.kr/search/searchInnerDetail.do?searchType=INNER_SEARCH&resultType=INNER_SEARCH_DETAIL&searchMehtod=L&searchClass=S&controlNo=OLDP1198040145,,,,미부착,,검토 불가,검토 불가,,O,,,,,,발행연도 미상,
,1773,국회전자도서관,退溪先生文集(及)續. 冊1-5,https://dl.nanet.go.kr/search/searchInnerDetail.do?searchType=INNER_SEARCH&resultType=INNER_SEARCH_DETAIL&searchMehtod=L&searchClass=S&controlNo=OLDP1198040019,,,,미부착,,검토 불가,검토 불가,,O,,,,,,발행연도 미상,
,1774,국회전자도서관,"信菴先生文集, 上, 下",https://dl.nanet.go.kr/search/searchInnerDetail.do?searchType=INNER_SEARCH&resultType=INNER_SEARCH_DETAIL&searchMehtod=L&searchClass=S&controlNo=OLDP1198040007,,,,미부착,,검토 불가,검토 불가,,O,,,,,,발행연도 미상,
,1775,국회전자도서관,"箕子陵碑文, 全",https://dl.nanet.go.kr/search/searchInnerDetail.do?searchType=INNER_SEARCH&resultType=INNER_SEARCH_DETAIL&searchMehtod=L&searchClass=S&controlNo=OLDP1200500340,,,,미부착,,검토 불가,검토 불가,,O,,,,,,발행연도 미상,
,1776,국회전자도서관,通典. 冊1-20,https://dl.nanet.go.kr/search/searchInnerDetail.do?searchType=INNER_SEARCH&resultType=INNER_SEARCH_DETAIL&searchMehtod=L&searchClass=S&controlNo=OLDP1198042253,,,,미부착,,검토 불가,검토 불가,,O,,,,,,발행연도 미상,
,1777,국회전자도서관,"睡隱看羊錄, 全",https://dl.nanet.go.kr/search/searchInnerDetail.do?searchType=INNER_SEARCH&resultType=INNER_SEARCH_DETAIL&searchMehtod=L&searchClass=S&controlNo=OLDP1198040960,,,,미부착,,검토 불가,검토 불가,,O,,,,,,발행연도 미상,
,1778,국회전자도서관,"評論出像水滸傳, 冊2-20",https://dl.nanet.go.kr/search/searchInnerDetail.do?searchType=INNER_SEARCH&resultType=INNER_SEARCH_DETAIL&searchMehtod=L&searchClass=S&controlNo=OLDP1198040557,,,,미부착,,검토 불가,검토 불가,,O,,,,,,발행연도 미상,
,1779,국회전자도서관,"施註蘇詩(及)補遺, 冊9-15, 17",https://dl.nanet.go.kr/search/searchInnerDetail.do?searchType=INNER_SEARCH&resultType=INNER_SEARCH_DETAIL&searchMehtod=L&searchClass=S&controlNo=OLDP1198040542,,,,미부착,,검토 불가,검토 불가,,O,,,,,,발행연도 미상,
,1780,국회전자도서관,"資治通鑑綱目, 冊卷首, 1-31, 39-105",https://dl.nanet.go.kr/search/searchInnerDetail.do?searchType=INNER_SEARCH&resultType=INNER_SEARCH_DETAIL&searchMehtod=L&searchClass=S&controlNo=OLDP1198042175,,,,미부착,,검토 불가,검토 불가,,O,,,,,,발행연도 미상,
,1781,국회전자도서관,唐宋八大家文抄. 冊16-20,https://dl.nanet.go.kr/search/searchInnerDetail.do?searchType=INNER_SEARCH&resultType=INNER_SEARCH_DETAIL&searchMehtod=L&searchClass=S&controlNo=OLDP1201300008,,,,미부착,,검토 불가,검토 불가,,O,,,,,,발행연도 미상,
,1782,국회전자도서관,唐宋八大家文抄. 冊12-15,https://dl.nanet.go.kr/search/searchInnerDetail.do?searchType=INNER_SEARCH&resultType=INNER_SEARCH_DETAIL&searchMehtod=L&searchClass=S&controlNo=OLDP1201300007,,,,미부착,,검토 불가,검토 불가,,O,,,,,,발행연도 미상,
,1783,국회전자도서관,唐宋八大家文抄. 冊23-28,https://dl.nanet.go.kr/search/searchInnerDetail.do?searchType=INNER_SEARCH&resultType=INNER_SEARCH_DETAIL&searchMehtod=L&searchClass=S&controlNo=OLDP1201300010,,,,미부착,,검토 불가,검토 불가,,O,,,,,,발행연도 미상,
,1784,국회전자도서관,唐宋八大家文抄. 冊21-22,https://dl.nanet.go.kr/search/searchInnerDetail.do?searchType=INNER_SEARCH&resultType=INNER_SEARCH_DETAIL&searchMehtod=L&searchClass=S&controlNo=OLDP1201300009,,,,미부착,,검토 불가,검토 불가,,O,,,,,,발행연도 미상,
,1785,국회전자도서관,唐宋八大家文抄. 冊30-34,https://dl.nanet.go.kr/search/searchInnerDetail.do?searchType=INNER_SEARCH&resultType=INNER_SEARCH_DETAIL&searchMehtod=L&searchClass=S&controlNo=OLDP1201300011,,,,미부착,,검토 불가,검토 불가,,O,,,,,,발행연도 미상,
,1786,국회전자도서관,"朱文公校昌黎先生文集(及)外集. 卷18-40, 1-10",https://dl.nanet.go.kr/search/searchInnerDetail.do?searchType=INNER_SEARCH&resultType=INNER_SEARCH_DETAIL&searchMehtod=L&searchClass=S&controlNo=OLDP1201300014,,,,미부착,,검토 불가,검토 불가,,O,,,,,,발행연도 미상,
,1787,국회전자도서관,唐詩品彙(及)拾遺. 冊6-11,https://dl.nanet.go.kr/search/searchInnerDetail.do?searchType=INNER_SEARCH&resultType=INNER_SEARCH_DETAIL&searchMehtod=L&searchClass=S&controlNo=OLDP1201300015,,,,미부착,,검토 불가,검토 불가,,O,,,,,,발행연도 미상,
,1788,국회전자도서관,唐詩品彙(及)拾遺. 冊12-16,https://dl.nanet.go.kr/search/searchInnerDetail.do?searchType=INNER_SEARCH&resultType=INNER_SEARCH_DETAIL&searchMehtod=L&searchClass=S&controlNo=OLDP1201300016,,,,미부착,,검토 불가,검토 불가,,O,,,,,,발행연도 미상,
,1789,국회전자도서관,唐宋八大家文抄. 冊39-40,https://dl.nanet.go.kr/search/searchInnerDetail.do?searchType=INNER_SEARCH&resultType=INNER_SEARCH_DETAIL&searchMehtod=L&searchClass=S&controlNo=OLDP1201300013,,,,미부착,,검토 불가,검토 불가,,O,,,,,,발행연도 미상,
,1790,국회전자도서관,息山先生文集(及)續. 冊14-16,https://dl.nanet.go.kr/search/searchInnerDetail.do?searchType=INNER_SEARCH&resultType=INNER_SEARCH_DETAIL&searchMehtod=L&searchClass=S&controlNo=OLDP1201200153,,,,미부착,,검토 불가,검토 불가,,O,,,,,,발행연도 미상,
,1791,국회전자도서관,歸巖先生文集(幷)附錄. 冊4-5,https://dl.nanet.go.kr/search/searchInnerDetail.do?searchType=INNER_SEARCH&resultType=INNER_SEARCH_DETAIL&searchMehtod=L&searchClass=S&controlNo=OLDP1201200161,,,,미부착,,검토 불가,검토 불가,,O,,,,,,발행연도 미상,
,1792,국회전자도서관,息山先生文集(及)續. 冊17-19,https://dl.nanet.go.kr/search/searchInnerDetail.do?searchType=INNER_SEARCH&resultType=INNER_SEARCH_DETAIL&searchMehtod=L&searchClass=S&controlNo=OLDP1201200154,,,,미부착,,검토 불가,검토 불가,,O,,,,,,발행연도 미상,
,1793,국회전자도서관,息山先生文集(及)續. 冊20,https://dl.nanet.go.kr/search/searchInnerDetail.do?searchType=INNER_SEARCH&resultType=INNER_SEARCH_DETAIL&searchMehtod=L&searchClass=S&controlNo=OLDP1201200155,,,,미부착,,검토 불가,검토 불가,,O,,,,,,발행연도 미상,
,1794,국회전자도서관,息山先生文集(及)續. 冊9-13,https://dl.nanet.go.kr/search/searchInnerDetail.do?searchType=INNER_SEARCH&resultType=INNER_SEARCH_DETAIL&searchMehtod=L&searchClass=S&controlNo=OLDP1201200152,,,,미부착,,검토 불가,검토 불가,,O,,,,,,발행연도 미상,
,1795,국회전자도서관,唐宋八大家文抄. 冊18-30,https://dl.nanet.go.kr/search/searchInnerDetail.do?searchType=INNER_SEARCH&resultType=INNER_SEARCH_DETAIL&searchMehtod=L&searchClass=S&controlNo=OLDP1201500009,,,,미부착,,검토 불가,검토 불가,,O,,,,,,발행연도 미상,
,1796,국회전자도서관,記言(及)別集. 冊11-20,https://dl.nanet.go.kr/search/searchInnerDetail.do?searchType=INNER_SEARCH&resultType=INNER_SEARCH_DETAIL&searchMehtod=L&searchClass=S&controlNo=OLDP1201500006,,,,미부착,,검토 불가,검토 불가,,O,,,,,,발행연도 미상,
,1797,국회전자도서관,陸放翁全集. 冊21-40,https://dl.nanet.go.kr/search/searchInnerDetail.do?searchType=INNER_SEARCH&resultType=INNER_SEARCH_DETAIL&searchMehtod=L&searchClass=S&controlNo=OLDP1201500007,,,,미부착,,검토 불가,검토 불가,,O,,,,,,발행연도 미상,
,1798,국회전자도서관,"唐宋八大家文抄. 冊31-32, 35-40",https://dl.nanet.go.kr/search/searchInnerDetail.do?searchType=INNER_SEARCH&resultType=INNER_SEARCH_DETAIL&searchMehtod=L&searchClass=S&controlNo=OLDP1201500010,,,,미부착,,검토 불가,검토 불가,,O,,,,,,발행연도 미상,
,1799,국회전자도서관,樊巖先生集. 冊12-22,https://dl.nanet.go.kr/search/searchInnerDetail.do?searchType=INNER_SEARCH&resultType=INNER_SEARCH_DETAIL&searchMehtod=L&searchClass=S&controlNo=OLDP1201500003,,,,미부착,,검토 불가,검토 불가,,O,,,,,,발행연도 미상,
,1800,국회전자도서관,樊巖先生集. 冊23-33,https://dl.nanet.go.kr/search/searchInnerDetail.do?searchType=INNER_SEARCH&resultType=INNER_SEARCH_DETAIL&searchMehtod=L&searchClass=S&controlNo=OLDP1201500004,,,,미부착,,검토 불가,검토 불가,,O,,,,,,발행연도 미상,
,1801,국회전자도서관,陸放翁全集. 冊41-59,https://dl.nanet.go.kr/search/searchInnerDetail.do?searchType=INNER_SEARCH&resultType=INNER_SEARCH_DETAIL&searchMehtod=L&searchClass=S&controlNo=OLDP1201500008,,,,미부착,,검토 불가,검토 불가,,O,,,,,,발행연도 미상,
,1802,국회전자도서관,"全唐詩. 函10 冊2, 冊5-6, 冊8",https://dl.nanet.go.kr/search/searchInnerDetail.do?searchType=INNER_SEARCH&resultType=INNER_SEARCH_DETAIL&searchMehtod=L&searchClass=S&controlNo=OLDP1201400012,,,,미부착,,검토 불가,검토 불가,,O,,,,,,발행연도 미상,
,1803,국회전자도서관,"全唐詩. 函8 冊1-6, 冊10",https://dl.nanet.go.kr/search/searchInnerDetail.do?searchType=INNER_SEARCH&resultType=INNER_SEARCH_DETAIL&searchMehtod=L&searchClass=S&controlNo=OLDP1201400011,,,,미부착,,검토 불가,검토 불가,,O,,,,,,발행연도 미상,
,1804,국회전자도서관,纂註杜詩澤風堂批解. 冊8-14,https://dl.nanet.go.kr/search/searchInnerDetail.do?searchType=INNER_SEARCH&resultType=INNER_SEARCH_DETAIL&searchMehtod=L&searchClass=S&controlNo=OLDP1201300005,,,,미부착,,검토 불가,검토 불가,,O,,,,,,발행연도 미상,
,1805,국회전자도서관,唐詩品彙(及)拾遺. 冊11-20,https://dl.nanet.go.kr/search/searchInnerDetail.do?searchType=INNER_SEARCH&resultType=INNER_SEARCH_DETAIL&searchMehtod=L&searchClass=S&controlNo=OLDP1201300017,,,,미부착,,검토 불가,검토 불가,,O,,,,,,발행연도 미상,
,1806,국회전자도서관,唐宋八大家文抄. 冊35-38,https://dl.nanet.go.kr/search/searchInnerDetail.do?searchType=INNER_SEARCH&resultType=INNER_SEARCH_DETAIL&searchMehtod=L&searchClass=S&controlNo=OLDP1201300012,,,,미부착,,검토 불가,검토 불가,,O,,,,,,발행연도 미상,
,1807,국회전자도서관,唐宋八大家文抄. 冊8-11,https://dl.nanet.go.kr/search/searchInnerDetail.do?searchType=INNER_SEARCH&resultType=INNER_SEARCH_DETAIL&searchMehtod=L&searchClass=S&controlNo=OLDP1201300006,,,,미부착,,검토 불가,검토 불가,,O,,,,,,발행연도 미상,
,1808,국회전자도서관,退溪先生文集(及)別集. 冊25-29,https://dl.nanet.go.kr/search/searchInnerDetail.do?searchType=INNER_SEARCH&resultType=INNER_SEARCH_DETAIL&searchMehtod=L&searchClass=S&controlNo=OLDP1201200171,,,,미부착,,검토 불가,검토 불가,,O,,,,,,발행연도 미상,
,1809,국회전자도서관,晩悟文集(幷)附錄. 冊4-7,https://dl.nanet.go.kr/search/searchInnerDetail.do?searchType=INNER_SEARCH&resultType=INNER_SEARCH_DETAIL&searchMehtod=L&searchClass=S&controlNo=OLDP1201200210,,,,미부착,,검토 불가,검토 불가,,O,,,,,,발행연도 미상,
,1810,국회전자도서관,月沙先生集(及)別集. 冊6-9,https://dl.nanet.go.kr/search/searchInnerDetail.do?searchType=INNER_SEARCH&resultType=INNER_SEARCH_DETAIL&searchMehtod=L&searchClass=S&controlNo=OLDP1201200164,,,,미부착,,검토 불가,검토 불가,,O,,,,,,발행연도 미상,
,1811,국회전자도서관,雲山文集(幷)附錄. 冊5-6,https://dl.nanet.go.kr/search/searchInnerDetail.do?searchType=INNER_SEARCH&resultType=INNER_SEARCH_DETAIL&searchMehtod=L&searchClass=S&controlNo=OLDP1201200163,,,,미부착,,검토 불가,검토 불가,,O,,,,,,발행연도 미상,
,1812,국회전자도서관,月沙先生集(及)別集. 冊10-14,https://dl.nanet.go.kr/search/searchInnerDetail.do?searchType=INNER_SEARCH&resultType=INNER_SEARCH_DETAIL&searchMehtod=L&searchClass=S&controlNo=OLDP1201200165,,,,미부착,,검토 불가,검토 불가,,O,,,,,,발행연도 미상,
,1813,국회전자도서관,"可규先生文集. 仁, 義, 禮, 智, 信",https://dl.nanet.go.kr/search/searchInnerDetail.do?searchType=INNER_SEARCH&resultType=INNER_SEARCH_DETAIL&searchMehtod=L&searchClass=S&controlNo=OLDP1201200214,,,,미부착,,검토 불가,검토 불가,,O,,,,,,발행연도 미상,
,1814,국회전자도서관,立齋先生別集(及)年譜. 冊4-5,https://dl.nanet.go.kr/search/searchInnerDetail.do?searchType=INNER_SEARCH&resultType=INNER_SEARCH_DETAIL&searchMehtod=L&searchClass=S&controlNo=OLDP1201200211,,,,미부착,,검토 불가,검토 불가,,O,,,,,,발행연도 미상,
,1815,국회전자도서관,旅軒先生文集(及)續. 冊5-8,https://dl.nanet.go.kr/search/searchInnerDetail.do?searchType=INNER_SEARCH&resultType=INNER_SEARCH_DETAIL&searchMehtod=L&searchClass=S&controlNo=OLDP1201200196,,,,미부착,,검토 불가,검토 불가,,O,,,,,,발행연도 미상,
,1816,국회전자도서관,寒岡先生文集(及)續. 冊13-16,https://dl.nanet.go.kr/search/searchInnerDetail.do?searchType=INNER_SEARCH&resultType=INNER_SEARCH_DETAIL&searchMehtod=L&searchClass=S&controlNo=OLDP1201200205,,,,미부착,,검토 불가,검토 불가,,O,,,,,,발행연도 미상,
,1817,국회전자도서관,寒岡先生文集(及)續. 冊17-20,https://dl.nanet.go.kr/search/searchInnerDetail.do?searchType=INNER_SEARCH&resultType=INNER_SEARCH_DETAIL&searchMehtod=L&searchClass=S&controlNo=OLDP1201200206,,,,미부착,,검토 불가,검토 불가,,O,,,,,,발행연도 미상,
,1818,국회전자도서관,寒岡先生文集(及)續. 冊21-23,https://dl.nanet.go.kr/search/searchInnerDetail.do?searchType=INNER_SEARCH&resultType=INNER_SEARCH_DETAIL&searchMehtod=L&searchClass=S&controlNo=OLDP1201200207,,,,미부착,,검토 불가,검토 불가,,O,,,,,,발행연도 미상,
,1819,국회전자도서관,寒岡先生文集(及)續. 冊7-12,https://dl.nanet.go.kr/search/searchInnerDetail.do?searchType=INNER_SEARCH&resultType=INNER_SEARCH_DETAIL&searchMehtod=L&searchClass=S&controlNo=OLDP1201200204,,,,미부착,,검토 불가,검토 불가,,O,,,,,,발행연도 미상,
,1820,국회전자도서관,旅軒先生文集(及)續. 冊9-11,https://dl.nanet.go.kr/search/searchInnerDetail.do?searchType=INNER_SEARCH&resultType=INNER_SEARCH_DETAIL&searchMehtod=L&searchClass=S&controlNo=OLDP1201200197,,,,미부착,,검토 불가,검토 불가,,O,,,,,,발행연도 미상,
,1821,국회전자도서관,退溪先生文集(及)別集. 冊20-24,https://dl.nanet.go.kr/search/searchInnerDetail.do?searchType=INNER_SEARCH&resultType=INNER_SEARCH_DETAIL&searchMehtod=L&searchClass=S&controlNo=OLDP1201200170,,,,미부착,,검토 불가,검토 불가,,O,,,,,,발행연도 미상,
,1822,국회전자도서관,退溪先生文集(及)續. 冊16-19,https://dl.nanet.go.kr/search/searchInnerDetail.do?searchType=INNER_SEARCH&resultType=INNER_SEARCH_DETAIL&searchMehtod=L&searchClass=S&controlNo=OLDP1201200175,,,,미부착,,검토 불가,검토 불가,,O,,,,,,발행연도 미상,
,1823,국회전자도서관,退溪先生文集(及)別集. 冊9-14,https://dl.nanet.go.kr/search/searchInnerDetail.do?searchType=INNER_SEARCH&resultType=INNER_SEARCH_DETAIL&searchMehtod=L&searchClass=S&controlNo=OLDP1201200168,,,,미부착,,검토 불가,검토 불가,,O,,,,,,발행연도 미상,
,1824,국회전자도서관,月沙先生集(及)別集. 冊15-18,https://dl.nanet.go.kr/search/searchInnerDetail.do?searchType=INNER_SEARCH&resultType=INNER_SEARCH_DETAIL&searchMehtod=L&searchClass=S&controlNo=OLDP1201200166,,,,미부착,,검토 불가,검토 불가,,O,,,,,,발행연도 미상,
,1825,국회전자도서관,退溪先生文集(及)續. 冊6-10,https://dl.nanet.go.kr/search/searchInnerDetail.do?searchType=INNER_SEARCH&resultType=INNER_SEARCH_DETAIL&searchMehtod=L&searchClass=S&controlNo=OLDP1201200173,,,,미부착,,검토 불가,검토 불가,,O,,,,,,발행연도 미상,
,1826,국회전자도서관,退溪先生文集(及)續. 冊30-34,https://dl.nanet.go.kr/search/searchInnerDetail.do?searchType=INNER_SEARCH&resultType=INNER_SEARCH_DETAIL&searchMehtod=L&searchClass=S&controlNo=OLDP1201200178,,,,미부착,,검토 불가,검토 불가,,O,,,,,,발행연도 미상,
,1827,국회전자도서관,退溪先生文集(及)續. 冊25-29,https://dl.nanet.go.kr/search/searchInnerDetail.do?searchType=INNER_SEARCH&resultType=INNER_SEARCH_DETAIL&searchMehtod=L&searchClass=S&controlNo=OLDP1201200177,,,,미부착,,검토 불가,검토 불가,,O,,,,,,발행연도 미상,
,1828,국회전자도서관,退溪先生文集(及)別集. 冊30-33,https://dl.nanet.go.kr/search/searchInnerDetail.do?searchType=INNER_SEARCH&resultType=INNER_SEARCH_DETAIL&searchMehtod=L&searchClass=S&controlNo=OLDP1201200172,,,,미부착,,검토 불가,검토 불가,,O,,,,,,발행연도 미상,
,1829,국회전자도서관,退溪先生文集(及)續. 冊11-15,https://dl.nanet.go.kr/search/searchInnerDetail.do?searchType=INNER_SEARCH&resultType=INNER_SEARCH_DETAIL&searchMehtod=L&searchClass=S&controlNo=OLDP1201200174,,,,미부착,,검토 불가,검토 불가,,O,,,,,,발행연도 미상,
,1830,국회전자도서관,退溪先生文集(及)續. 冊20-24,https://dl.nanet.go.kr/search/searchInnerDetail.do?searchType=INNER_SEARCH&resultType=INNER_SEARCH_DETAIL&searchMehtod=L&searchClass=S&controlNo=OLDP1201200176,,,,미부착,,검토 불가,검토 불가,,O,,,,,,발행연도 미상,
,1831,국회전자도서관,退溪先生文集(及)別集. 冊15-19,https://dl.nanet.go.kr/search/searchInnerDetail.do?searchType=INNER_SEARCH&resultType=INNER_SEARCH_DETAIL&searchMehtod=L&searchClass=S&controlNo=OLDP1201200169,,,,미부착,,검토 불가,검토 불가,,O,,,,,,발행연도 미상,
,1832,국회전자도서관,月沙先生集(及)別集. 冊19-22,https://dl.nanet.go.kr/search/searchInnerDetail.do?searchType=INNER_SEARCH&resultType=INNER_SEARCH_DETAIL&searchMehtod=L&searchClass=S&controlNo=OLDP1201200167,,,,미부착,,검토 불가,검토 불가,,O,,,,,,발행연도 미상,
,1833,국회전자도서관,栗谷先生全書. 冊21-24,https://dl.nanet.go.kr/search/searchInnerDetail.do?searchType=INNER_SEARCH&resultType=INNER_SEARCH_DETAIL&searchMehtod=L&searchClass=S&controlNo=OLDP1201200189,,,,미부착,,검토 불가,검토 불가,,O,,,,,,발행연도 미상,
,1834,국회전자도서관,栗谷先生全書. 冊17-20,https://dl.nanet.go.kr/search/searchInnerDetail.do?searchType=INNER_SEARCH&resultType=INNER_SEARCH_DETAIL&searchMehtod=L&searchClass=S&controlNo=OLDP1201200188,,,,미부착,,검토 불가,검토 불가,,O,,,,,,발행연도 미상,
,1835,국회전자도서관,栗谷先生全書. 冊6-10,https://dl.nanet.go.kr/search/searchInnerDetail.do?searchType=INNER_SEARCH&resultType=INNER_SEARCH_DETAIL&searchMehtod=L&searchClass=S&controlNo=OLDP1201200186,,,,미부착,,검토 불가,검토 불가,,O,,,,,,발행연도 미상,
,1836,국회전자도서관,栗谷全書(及)拾遺. 冊26-32,https://dl.nanet.go.kr/search/searchInnerDetail.do?searchType=INNER_SEARCH&resultType=INNER_SEARCH_DETAIL&searchMehtod=L&searchClass=S&controlNo=OLDP1201200184,,,,미부착,,검토 불가,검토 불가,,O,,,,,,발행연도 미상,
,1837,국회전자도서관,栗谷全書(及)拾遺. 冊21-25,https://dl.nanet.go.kr/search/searchInnerDetail.do?searchType=INNER_SEARCH&resultType=INNER_SEARCH_DETAIL&searchMehtod=L&searchClass=S&controlNo=OLDP1201200183,,,,미부착,,검토 불가,검토 불가,,O,,,,,,발행연도 미상,
,1838,국회전자도서관,栗谷全書(及)拾遺. 冊33-38,https://dl.nanet.go.kr/search/searchInnerDetail.do?searchType=INNER_SEARCH&resultType=INNER_SEARCH_DETAIL&searchMehtod=L&searchClass=S&controlNo=OLDP1201200185,,,,미부착,,검토 불가,검토 불가,,O,,,,,,발행연도 미상,
,1839,국회전자도서관,栗谷全書(及)拾遺. 冊11-16,https://dl.nanet.go.kr/search/searchInnerDetail.do?searchType=INNER_SEARCH&resultType=INNER_SEARCH_DETAIL&searchMehtod=L&searchClass=S&controlNo=OLDP1201200181,,,,미부착,,검토 불가,검토 불가,,O,,,,,,발행연도 미상,
,1840,국회전자도서관,栗谷先生全書. 冊25-30,https://dl.nanet.go.kr/search/searchInnerDetail.do?searchType=INNER_SEARCH&resultType=INNER_SEARCH_DETAIL&searchMehtod=L&searchClass=S&controlNo=OLDP1201200190,,,,미부착,,검토 불가,검토 불가,,O,,,,,,발행연도 미상,
,1841,국회전자도서관,栗谷全書(及)拾遺. 冊17-20,https://dl.nanet.go.kr/search/searchInnerDetail.do?searchType=INNER_SEARCH&resultType=INNER_SEARCH_DETAIL&searchMehtod=L&searchClass=S&controlNo=OLDP1201200182,,,,미부착,,검토 불가,검토 불가,,O,,,,,,발행연도 미상,
,1842,국회전자도서관,栗谷先生全書. 冊11-16,https://dl.nanet.go.kr/search/searchInnerDetail.do?searchType=INNER_SEARCH&resultType=INNER_SEARCH_DETAIL&searchMehtod=L&searchClass=S&controlNo=OLDP1201200187,,,,미부착,,검토 불가,검토 불가,,O,,,,,,발행연도 미상,
,1843,국회전자도서관,少微家塾點校附音通鑑節要. 冊8-15,https://dl.nanet.go.kr/search/searchInnerDetail.do?searchType=INNER_SEARCH&resultType=INNER_SEARCH_DETAIL&searchMehtod=L&searchClass=S&controlNo=OLDP1201400052,,,,미부착,,검토 불가,검토 불가,,O,,,,,,발행연도 미상,
,1844,국회전자도서관,通典. 冊41-60,https://dl.nanet.go.kr/search/searchInnerDetail.do?searchType=INNER_SEARCH&resultType=INNER_SEARCH_DETAIL&searchMehtod=L&searchClass=S&controlNo=OLDP1201400024,,,,미부착,,검토 불가,검토 불가,,O,,,,,,발행연도 미상,
,1845,국회전자도서관,通典. 冊21-40,https://dl.nanet.go.kr/search/searchInnerDetail.do?searchType=INNER_SEARCH&resultType=INNER_SEARCH_DETAIL&searchMehtod=L&searchClass=S&controlNo=OLDP1201400025,,,,미부착,,검토 불가,검토 불가,,O,,,,,,발행연도 미상,
,1846,국회전자도서관,唐詩品彙(及)拾遺. 冊11-24,https://dl.nanet.go.kr/search/searchInnerDetail.do?searchType=INNER_SEARCH&resultType=INNER_SEARCH_DETAIL&searchMehtod=L&searchClass=S&controlNo=OLDP1201300019,,,,미부착,,검토 불가,검토 불가,,O,,,,,,발행연도 미상,
,1847,국회전자도서관,宋朱晦菴先生名臣言行錄. 冊11-20,https://dl.nanet.go.kr/search/searchInnerDetail.do?searchType=INNER_SEARCH&resultType=INNER_SEARCH_DETAIL&searchMehtod=L&searchClass=S&controlNo=OLDP1201300021,,,,미부착,,검토 불가,검토 불가,,O,,,,,,발행연도 미상,
,1848,국회전자도서관,全唐詩. 函9 冊1-10,https://dl.nanet.go.kr/search/searchInnerDetail.do?searchType=INNER_SEARCH&resultType=INNER_SEARCH_DETAIL&searchMehtod=L&searchClass=S&controlNo=OLDP1201300025,,,,미부착,,검토 불가,검토 불가,,O,,,,,,발행연도 미상,
,1849,국회전자도서관,宋朱晦菴先生名臣言行錄. 冊9-20,https://dl.nanet.go.kr/search/searchInnerDetail.do?searchType=INNER_SEARCH&resultType=INNER_SEARCH_DETAIL&searchMehtod=L&searchClass=S&controlNo=OLDP1201300022,,,,미부착,,검토 불가,검토 불가,,O,,,,,,발행연도 미상,
,1850,국회전자도서관,"全唐詩. 函5 冊1-3, 5-8",https://dl.nanet.go.kr/search/searchInnerDetail.do?searchType=INNER_SEARCH&resultType=INNER_SEARCH_DETAIL&searchMehtod=L&searchClass=S&controlNo=OLDP1201300023,,,,미부착,,검토 불가,검토 불가,,O,,,,,,발행연도 미상,
,1851,국회전자도서관,櫟菴集(及)別集補遺. 冊5-7,https://dl.nanet.go.kr/search/searchInnerDetail.do?searchType=INNER_SEARCH&resultType=INNER_SEARCH_DETAIL&searchMehtod=L&searchClass=S&controlNo=OLDP1201200074,,,,미부착,,검토 불가,검토 불가,,O,,,,,,발행연도 미상,
,1852,국회전자도서관,역菴集(及)別集補遺. 冊1-4,https://dl.nanet.go.kr/search/searchInnerDetail.do?searchType=INNER_SEARCH&resultType=INNER_SEARCH_DETAIL&searchMehtod=L&searchClass=S&controlNo=OLDP1198029103,,,,미부착,,검토 불가,검토 불가,,O,,,,,,발행연도 미상,
,1853,국회전자도서관,大方廣佛華嚴經疎演義鈔. 卷34-40,https://dl.nanet.go.kr/search/searchInnerDetail.do?searchType=INNER_SEARCH&resultType=INNER_SEARCH_DETAIL&searchMehtod=L&searchClass=S&controlNo=OLDP3201400003,,,,미부착,,검토 불가,검토 불가,,O,,,,,,발행연도 미상,
,1854,국회전자도서관,"宋拓淳化閣帖賈相刻本, 冊1-11",https://dl.nanet.go.kr/search/searchInnerDetail.do?searchType=INNER_SEARCH&resultType=INNER_SEARCH_DETAIL&searchMehtod=L&searchClass=S&controlNo=OLDP3198024702,,,,미부착,,검토 불가,검토 불가,,O,,,,,,발행연도 미상,
,1855,국회전자도서관,"竹溪誌, 冊1-3",https://dl.nanet.go.kr/search/searchInnerDetail.do?searchType=INNER_SEARCH&resultType=INNER_SEARCH_DETAIL&searchMehtod=L&searchClass=S&controlNo=OLDP1000000596,,,,미부착,,검토 불가,검토 불가,,O,,,,,,발행연도 미상,
,1856,국회전자도서관,"龍龕手鏡, 冊1-2",https://dl.nanet.go.kr/search/searchInnerDetail.do?searchType=INNER_SEARCH&resultType=INNER_SEARCH_DETAIL&searchMehtod=L&searchClass=S&controlNo=OLDP1000000560,,,,미부착,,검토 불가,검토 불가,,O,,,,,,발행연도 미상,
,1857,국회전자도서관,周易傳義大全,https://dl.nanet.go.kr/search/searchInnerDetail.do?searchType=INNER_SEARCH&resultType=INNER_SEARCH_DETAIL&searchMehtod=L&searchClass=S&controlNo=OLDP1000000271,,,,미부착,,검토 불가,검토 불가,,O,,,,,,발행연도 미상,
,1858,국회전자도서관,實驗養蜂,https://dl.nanet.go.kr/search/searchInnerDetail.do?searchType=INNER_SEARCH&resultType=INNER_SEARCH_DETAIL&searchMehtod=L&searchClass=S&controlNo=OLDP1198029121,,,,미부착,,검토 불가,검토 불가,,O,,,,,,발행연도 미상,
,1859,국회전자도서관,"畏堂遺稿, 乾, 坤",https://dl.nanet.go.kr/search/searchInnerDetail.do?searchType=INNER_SEARCH&resultType=INNER_SEARCH_DETAIL&searchMehtod=L&searchClass=S&controlNo=OLDP1198029113,,,,미부착,,검토 불가,검토 불가,,O,,,,,,발행연도 미상,
,1860,국회전자도서관,"慕堂先生文集, 冊1-3",https://dl.nanet.go.kr/search/searchInnerDetail.do?searchType=INNER_SEARCH&resultType=INNER_SEARCH_DETAIL&searchMehtod=L&searchClass=S&controlNo=OLDP1198022484,,,,미부착,,검토 불가,검토 불가,,O,,,,,,발행연도 미상,
,1861,국회전자도서관,簡禮彙纂,https://dl.nanet.go.kr/search/searchInnerDetail.do?searchType=INNER_SEARCH&resultType=INNER_SEARCH_DETAIL&searchMehtod=L&searchClass=S&controlNo=OLDP1000000551,,,,미부착,,검토 불가,검토 불가,,O,,,,,,발행연도 미상,
,1862,국회전자도서관,"鄕禮合編, 冊1-2",https://dl.nanet.go.kr/search/searchInnerDetail.do?searchType=INNER_SEARCH&resultType=INNER_SEARCH_DETAIL&searchMehtod=L&searchClass=S&controlNo=OLDP1000000548,,,,미부착,,검토 불가,검토 불가,,O,,,,,,발행연도 미상,
,1863,국회전자도서관,常變通攷. 冊1-6,https://dl.nanet.go.kr/search/searchInnerDetail.do?searchType=INNER_SEARCH&resultType=INNER_SEARCH_DETAIL&searchMehtod=L&searchClass=S&controlNo=OLDP1000000547,,,,미부착,,검토 불가,검토 불가,,O,,,,,,발행연도 미상,
,1864,국회전자도서관,陵洞誌,https://dl.nanet.go.kr/search/searchInnerDetail.do?searchType=INNER_SEARCH&resultType=INNER_SEARCH_DETAIL&searchMehtod=L&searchClass=S&controlNo=OLDP1000000354,,,,미부착,,검토 불가,검토 불가,,O,,,,,,발행연도 미상,
,1865,국회전자도서관,"毛詩類釋, 冊1-6",https://dl.nanet.go.kr/search/searchInnerDetail.do?searchType=INNER_SEARCH&resultType=INNER_SEARCH_DETAIL&searchMehtod=L&searchClass=S&controlNo=OLDP3000000081,,,,미부착,,검토 불가,검토 불가,,O,,,,,,발행연도 미상,
,1866,국회전자도서관,忠經集註詳解,https://dl.nanet.go.kr/search/searchInnerDetail.do?searchType=INNER_SEARCH&resultType=INNER_SEARCH_DETAIL&searchMehtod=L&searchClass=S&controlNo=OLDP3000000058,,,,미부착,,검토 불가,검토 불가,,O,,,,,,발행연도 미상,
,1867,국회전자도서관,"韓國古代割烹法,全",https://dl.nanet.go.kr/search/searchInnerDetail.do?searchType=INNER_SEARCH&resultType=INNER_SEARCH_DETAIL&searchMehtod=L&searchClass=S&controlNo=OLDP1196001067,,,,미부착,,검토 불가,검토 불가,,O,,,,,,발행연도 미상,
,1868,국회전자도서관,孝經諺解,https://dl.nanet.go.kr/search/searchInnerDetail.do?searchType=INNER_SEARCH&resultType=INNER_SEARCH_DETAIL&searchMehtod=L&searchClass=S&controlNo=OLDP1000000486,,,,미부착,,검토 불가,검토 불가,,O,,,,,,발행연도 미상,
,1869,국회전자도서관,辨訂錄,https://dl.nanet.go.kr/search/searchInnerDetail.do?searchType=INNER_SEARCH&resultType=INNER_SEARCH_DETAIL&searchMehtod=L&searchClass=S&controlNo=OLDP1000000467,,,,미부착,,검토 불가,검토 불가,,O,,,,,,발행연도 미상,
,1870,국회전자도서관,"公法會通, 卷1-10",https://dl.nanet.go.kr/search/searchInnerDetail.do?searchType=INNER_SEARCH&resultType=INNER_SEARCH_DETAIL&searchMehtod=L&searchClass=S&controlNo=OLDP1000000455,,,,미부착,,검토 불가,검토 불가,,O,,,,,,발행연도 미상,
,1871,국회전자도서관,"增修無寃錄大全, 全",https://dl.nanet.go.kr/search/searchInnerDetail.do?searchType=INNER_SEARCH&resultType=INNER_SEARCH_DETAIL&searchMehtod=L&searchClass=S&controlNo=OLDP1000000452,,,,미부착,,검토 불가,검토 불가,,O,,,,,,발행연도 미상,
,1872,국회전자도서관,"栢軒遺稿, 單",https://dl.nanet.go.kr/search/searchInnerDetail.do?searchType=INNER_SEARCH&resultType=INNER_SEARCH_DETAIL&searchMehtod=L&searchClass=S&controlNo=OLDP1198029186,,,,미부착,,검토 불가,검토 불가,,O,,,,,,발행연도 미상,
,1873,국회전자도서관,遂吾齋先生文集. 冊1-4,https://dl.nanet.go.kr/search/searchInnerDetail.do?searchType=INNER_SEARCH&resultType=INNER_SEARCH_DETAIL&searchMehtod=L&searchClass=S&controlNo=OLDP1198029178,,,,미부착,,검토 불가,검토 불가,,O,,,,,,발행연도 미상,
,1874,국회전자도서관,白波集. 冊2,https://dl.nanet.go.kr/search/searchInnerDetail.do?searchType=INNER_SEARCH&resultType=INNER_SEARCH_DETAIL&searchMehtod=L&searchClass=S&controlNo=OLDP1198029177,,,,미부착,,검토 불가,검토 불가,,O,,,,,,발행연도 미상,
,1875,국회전자도서관,"秋山遺稿, 冊1-2",https://dl.nanet.go.kr/search/searchInnerDetail.do?searchType=INNER_SEARCH&resultType=INNER_SEARCH_DETAIL&searchMehtod=L&searchClass=S&controlNo=OLDP1198029169,,,,미부착,,검토 불가,검토 불가,,O,,,,,,발행연도 미상,
,1876,국회전자도서관,成궤堂善本書目特製圖版,https://dl.nanet.go.kr/search/searchInnerDetail.do?searchType=INNER_SEARCH&resultType=INNER_SEARCH_DETAIL&searchMehtod=L&searchClass=S&controlNo=OLDP3000000011,,,,미부착,,검토 불가,검토 불가,,O,,,,,,발행연도 미상,
,1877,국회전자도서관,금강·아미타·팔양경,https://dl.nanet.go.kr/search/searchInnerDetail.do?searchType=INNER_SEARCH&resultType=INNER_SEARCH_DETAIL&searchMehtod=L&searchClass=S&controlNo=OLDP1199918014,,,,미부착,,검토 불가,검토 불가,,O,,,,,,발행연도 미상,
,1878,국회전자도서관,家禮,https://dl.nanet.go.kr/search/searchInnerDetail.do?searchType=INNER_SEARCH&resultType=INNER_SEARCH_DETAIL&searchMehtod=L&searchClass=S&controlNo=OLDP1199918013,,,,미부착,,검토 불가,검토 불가,,O,,,,,,발행연도 미상,
,1879,국회전자도서관,"昆侖集, 冊9-10",https://dl.nanet.go.kr/search/searchInnerDetail.do?searchType=INNER_SEARCH&resultType=INNER_SEARCH_DETAIL&searchMehtod=L&searchClass=S&controlNo=OLDP1199918010,,,,미부착,,검토 불가,검토 불가,,O,,,,,,발행연도 미상,
,1880,국회전자도서관,"古今歷代標題註釋十九史略通攷, 卷4-7",https://dl.nanet.go.kr/search/searchInnerDetail.do?searchType=INNER_SEARCH&resultType=INNER_SEARCH_DETAIL&searchMehtod=L&searchClass=S&controlNo=OLDP1199917942,,,,미부착,,검토 불가,검토 불가,,O,,,,,,발행연도 미상,
,1881,국회전자도서관,"增補參贊秘傳天機大要, 冊1-2",https://dl.nanet.go.kr/search/searchInnerDetail.do?searchType=INNER_SEARCH&resultType=INNER_SEARCH_DETAIL&searchMehtod=L&searchClass=S&controlNo=OLDP1199914122,,,,미부착,,검토 불가,검토 불가,,O,,,,,,발행연도 미상,
,1882,국회전자도서관,保幼新編,https://dl.nanet.go.kr/search/searchInnerDetail.do?searchType=INNER_SEARCH&resultType=INNER_SEARCH_DETAIL&searchMehtod=L&searchClass=S&controlNo=OLDP1199914117,,,,미부착,,검토 불가,검토 불가,,O,,,,,,발행연도 미상,
,1883,국회전자도서관,"小學諸家集註, 冊1-3,5",https://dl.nanet.go.kr/search/searchInnerDetail.do?searchType=INNER_SEARCH&resultType=INNER_SEARCH_DETAIL&searchMehtod=L&searchClass=S&controlNo=OLDP1199914116,,,,미부착,,검토 불가,검토 불가,,O,,,,,,발행연도 미상,
,1884,국회전자도서관,"錦溪先生文集, 冊1-4",https://dl.nanet.go.kr/search/searchInnerDetail.do?searchType=INNER_SEARCH&resultType=INNER_SEARCH_DETAIL&searchMehtod=L&searchClass=S&controlNo=OLDP1198029899,,,,미부착,,검토 불가,검토 불가,,O,,,,,,발행연도 미상,
,1885,국회전자도서관,"周易傳義大全, 冊12, 13",https://dl.nanet.go.kr/search/searchInnerDetail.do?searchType=INNER_SEARCH&resultType=INNER_SEARCH_DETAIL&searchMehtod=L&searchClass=S&controlNo=OLDP1000000270,,,,미부착,,검토 불가,검토 불가,,O,,,,,,발행연도 미상,
,1886,국회전자도서관,"蕉軒遺稿, 全",https://dl.nanet.go.kr/search/searchInnerDetail.do?searchType=INNER_SEARCH&resultType=INNER_SEARCH_DETAIL&searchMehtod=L&searchClass=S&controlNo=OLDP1198029166,,,,미부착,,검토 불가,검토 불가,,O,,,,,,발행연도 미상,
,1887,국회전자도서관,十門和諍論悉曇章,https://dl.nanet.go.kr/search/searchInnerDetail.do?searchType=INNER_SEARCH&resultType=INNER_SEARCH_DETAIL&searchMehtod=L&searchClass=S&controlNo=OLDP1000000524,,,,미부착,,검토 불가,검토 불가,,O,,,,,,발행연도 미상,
,1888,국회전자도서관,五大眞言,https://dl.nanet.go.kr/search/searchInnerDetail.do?searchType=INNER_SEARCH&resultType=INNER_SEARCH_DETAIL&searchMehtod=L&searchClass=S&controlNo=OLDP1000000523,,,,미부착,,검토 불가,검토 불가,,O,,,,,,발행연도 미상,
,1889,국회전자도서관,觀世音菩薩靈驗略抄,https://dl.nanet.go.kr/search/searchInnerDetail.do?searchType=INNER_SEARCH&resultType=INNER_SEARCH_DETAIL&searchMehtod=L&searchClass=S&controlNo=OLDP1000000520,,,,미부착,,검토 불가,검토 불가,,O,,,,,,발행연도 미상,
,1890,국회전자도서관,念佛普勸文,https://dl.nanet.go.kr/search/searchInnerDetail.do?searchType=INNER_SEARCH&resultType=INNER_SEARCH_DETAIL&searchMehtod=L&searchClass=S&controlNo=OLDP1000000518,,,,미부착,,검토 불가,검토 불가,,O,,,,,,발행연도 미상,
,1891,국회전자도서관,孟子諺解. 冊1-4,https://dl.nanet.go.kr/search/searchInnerDetail.do?searchType=INNER_SEARCH&resultType=INNER_SEARCH_DETAIL&searchMehtod=L&searchClass=S&controlNo=OLDP1000000509,,,,미부착,,검토 불가,검토 불가,,O,,,,,,발행연도 미상,
,1892,국회전자도서관,"論語, 冊1-2",https://dl.nanet.go.kr/search/searchInnerDetail.do?searchType=INNER_SEARCH&resultType=INNER_SEARCH_DETAIL&searchMehtod=L&searchClass=S&controlNo=OLDP1000000507,,,,미부착,,검토 불가,검토 불가,,O,,,,,,발행연도 미상,
,1893,국회전자도서관,金海金氏三賢派譜,https://dl.nanet.go.kr/search/searchInnerDetail.do?searchType=INNER_SEARCH&resultType=INNER_SEARCH_DETAIL&searchMehtod=L&searchClass=S&controlNo=OLDP1199918128,,,,미부착,,검토 불가,검토 불가,,O,,,,,,발행연도 미상,
,1894,국회전자도서관,水月齋遺集,https://dl.nanet.go.kr/search/searchInnerDetail.do?searchType=INNER_SEARCH&resultType=INNER_SEARCH_DETAIL&searchMehtod=L&searchClass=S&controlNo=OLDP1199918122,,,,미부착,,검토 불가,검토 불가,,O,,,,,,발행연도 미상,
,1895,국회전자도서관,理藥本草圖說,https://dl.nanet.go.kr/search/searchInnerDetail.do?searchType=INNER_SEARCH&resultType=INNER_SEARCH_DETAIL&searchMehtod=L&searchClass=S&controlNo=OLDP1199918055,,,,미부착,,검토 불가,검토 불가,,O,,,,,,발행연도 미상,
,1896,국회전자도서관,"華谷遺稿(幷)附錄, 全",https://dl.nanet.go.kr/search/searchInnerDetail.do?searchType=INNER_SEARCH&resultType=INNER_SEARCH_DETAIL&searchMehtod=L&searchClass=S&controlNo=OLDP1198022475,,,,미부착,,검토 불가,검토 불가,,O,,,,,,발행연도 미상,
,1897,국회전자도서관,"花潭先生文集, 全",https://dl.nanet.go.kr/search/searchInnerDetail.do?searchType=INNER_SEARCH&resultType=INNER_SEARCH_DETAIL&searchMehtod=L&searchClass=S&controlNo=OLDP1198022474,,,,미부착,,검토 불가,검토 불가,,O,,,,,,발행연도 미상,
,1898,국회전자도서관,"尼山遺稿, 冊1",https://dl.nanet.go.kr/search/searchInnerDetail.do?searchType=INNER_SEARCH&resultType=INNER_SEARCH_DETAIL&searchMehtod=L&searchClass=S&controlNo=OLDP1198022469,,,,미부착,,검토 불가,검토 불가,,O,,,,,,발행연도 미상,
,1899,국회전자도서관,"靖窩集(幷)附錄, 冊1-3",https://dl.nanet.go.kr/search/searchInnerDetail.do?searchType=INNER_SEARCH&resultType=INNER_SEARCH_DETAIL&searchMehtod=L&searchClass=S&controlNo=OLDP1198022455,,,,미부착,,검토 불가,검토 불가,,O,,,,,,발행연도 미상,
,1900,국회전자도서관,新刊增補三略,https://dl.nanet.go.kr/search/searchInnerDetail.do?searchType=INNER_SEARCH&resultType=INNER_SEARCH_DETAIL&searchMehtod=L&searchClass=S&controlNo=OLDP1000000344,,,,미부착,,검토 불가,검토 불가,,O,,,,,,발행연도 미상,
,1901,국회전자도서관,迎恩慶喜錄,https://dl.nanet.go.kr/search/searchInnerDetail.do?searchType=INNER_SEARCH&resultType=INNER_SEARCH_DETAIL&searchMehtod=L&searchClass=S&controlNo=OLDP1000000337,,,,미부착,,검토 불가,검토 불가,,O,,,,,,발행연도 미상,
,1902,국회전자도서관,蒙山和尙法語,https://dl.nanet.go.kr/search/searchInnerDetail.do?searchType=INNER_SEARCH&resultType=INNER_SEARCH_DETAIL&searchMehtod=L&searchClass=S&controlNo=OLDP1000000330,,,,미부착,,검토 불가,검토 불가,,O,,,,,,발행연도 미상,
,1903,국회전자도서관,永嘉集頌說義,https://dl.nanet.go.kr/search/searchInnerDetail.do?searchType=INNER_SEARCH&resultType=INNER_SEARCH_DETAIL&searchMehtod=L&searchClass=S&controlNo=OLDP1000000325,,,,미부착,,검토 불가,검토 불가,,O,,,,,,발행연도 미상,
,1904,국회전자도서관,略諸經論念佛法門往生淨土集,https://dl.nanet.go.kr/search/searchInnerDetail.do?searchType=INNER_SEARCH&resultType=INNER_SEARCH_DETAIL&searchMehtod=L&searchClass=S&controlNo=OLDP1000000323,,,,미부착,,검토 불가,검토 불가,,O,,,,,,발행연도 미상,
,1905,국회전자도서관,太極問辯,https://dl.nanet.go.kr/search/searchInnerDetail.do?searchType=INNER_SEARCH&resultType=INNER_SEARCH_DETAIL&searchMehtod=L&searchClass=S&controlNo=OLDP1000000264,,,,미부착,,검토 불가,검토 불가,,O,,,,,,발행연도 미상,
,1906,국회전자도서관,"心經發揮, 乾, 坤",https://dl.nanet.go.kr/search/searchInnerDetail.do?searchType=INNER_SEARCH&resultType=INNER_SEARCH_DETAIL&searchMehtod=L&searchClass=S&controlNo=OLDP1000000252,,,,미부착,,검토 불가,검토 불가,,O,,,,,,발행연도 미상,
,1907,국회전자도서관,"心統性情三圖發揮, 冊1, 2",https://dl.nanet.go.kr/search/searchInnerDetail.do?searchType=INNER_SEARCH&resultType=INNER_SEARCH_DETAIL&searchMehtod=L&searchClass=S&controlNo=OLDP1000000248,,,,미부착,,검토 불가,검토 불가,,O,,,,,,발행연도 미상,
,1908,국회전자도서관,"退溪先生言行錄, 冊1-3",https://dl.nanet.go.kr/search/searchInnerDetail.do?searchType=INNER_SEARCH&resultType=INNER_SEARCH_DETAIL&searchMehtod=L&searchClass=S&controlNo=OLDP1000000234,,,,미부착,,검토 불가,검토 불가,,O,,,,,,발행연도 미상,
,1909,국회전자도서관,制養錄,https://dl.nanet.go.kr/search/searchInnerDetail.do?searchType=INNER_SEARCH&resultType=INNER_SEARCH_DETAIL&searchMehtod=L&searchClass=S&controlNo=OLDP1000000231,,,,미부착,,검토 불가,검토 불가,,O,,,,,,발행연도 미상,
,1910,국회전자도서관,夏軒集,https://dl.nanet.go.kr/search/searchInnerDetail.do?searchType=INNER_SEARCH&resultType=INNER_SEARCH_DETAIL&searchMehtod=L&searchClass=S&controlNo=OLDP1000000228,,,,미부착,,검토 불가,검토 불가,,O,,,,,,발행연도 미상,
,1911,국회전자도서관,兩先生四七理氣往復書,https://dl.nanet.go.kr/search/searchInnerDetail.do?searchType=INNER_SEARCH&resultType=INNER_SEARCH_DETAIL&searchMehtod=L&searchClass=S&controlNo=OLDP1000000217,,,,미부착,,검토 불가,검토 불가,,O,,,,,,발행연도 미상,
,1912,국회전자도서관,"樂全先生歸田錄, 全",https://dl.nanet.go.kr/search/searchInnerDetail.do?searchType=INNER_SEARCH&resultType=INNER_SEARCH_DETAIL&searchMehtod=L&searchClass=S&controlNo=OLDP1198028964,,,,미부착,,검토 불가,검토 불가,,O,,,,,,발행연도 미상,
,1913,국회전자도서관,同春堂先生文集. 冊1-3,https://dl.nanet.go.kr/search/searchInnerDetail.do?searchType=INNER_SEARCH&resultType=INNER_SEARCH_DETAIL&searchMehtod=L&searchClass=S&controlNo=OLDP1198028949,,,,미부착,,검토 불가,검토 불가,,O,,,,,,발행연도 미상,
,1914,국회전자도서관,雲坪先生文集. 冊1-4,https://dl.nanet.go.kr/search/searchInnerDetail.do?searchType=INNER_SEARCH&resultType=INNER_SEARCH_DETAIL&searchMehtod=L&searchClass=S&controlNo=OLDP1198028943,,,,미부착,,검토 불가,검토 불가,,O,,,,,,발행연도 미상,
,1915,국회전자도서관,簡牘會粹,https://dl.nanet.go.kr/search/searchInnerDetail.do?searchType=INNER_SEARCH&resultType=INNER_SEARCH_DETAIL&searchMehtod=L&searchClass=S&controlNo=OLDP1199918015,,,,미부착,,검토 불가,검토 불가,,O,,,,,,발행연도 미상,
,1916,국회전자도서관,增批輯註東萊博議,https://dl.nanet.go.kr/search/searchInnerDetail.do?searchType=INNER_SEARCH&resultType=INNER_SEARCH_DETAIL&searchMehtod=L&searchClass=S&controlNo=OLDP1199917979,,,,미부착,,검토 불가,검토 불가,,O,,,,,,발행연도 미상,
,1917,국회전자도서관,候謝類輯,https://dl.nanet.go.kr/search/searchInnerDetail.do?searchType=INNER_SEARCH&resultType=INNER_SEARCH_DETAIL&searchMehtod=L&searchClass=S&controlNo=OLDP1199917972,,,,미부착,,검토 불가,검토 불가,,O,,,,,,발행연도 미상,
,1918,국회전자도서관,大方廣佛華嚴經疎鈔. 冊41-50,https://dl.nanet.go.kr/search/searchInnerDetail.do?searchType=INNER_SEARCH&resultType=INNER_SEARCH_DETAIL&searchMehtod=L&searchClass=S&controlNo=OLDP1000000317,,,,미부착,,검토 불가,검토 불가,,O,,,,,,발행연도 미상,
,1919,국회전자도서관,鶴峯先生文集(及)續. 冊1-4,https://dl.nanet.go.kr/search/searchInnerDetail.do?searchType=INNER_SEARCH&resultType=INNER_SEARCH_DETAIL&searchMehtod=L&searchClass=S&controlNo=OLDP1198029155,,,,미부착,,검토 불가,검토 불가,,O,,,,,,발행연도 미상,
,1920,국회전자도서관,大學箴,https://dl.nanet.go.kr/search/searchInnerDetail.do?searchType=INNER_SEARCH&resultType=INNER_SEARCH_DETAIL&searchMehtod=L&searchClass=S&controlNo=OLDP1000000491,,,,미부착,,검토 불가,검토 불가,,O,,,,,,발행연도 미상,
,1921,국회전자도서관,大學諺解,https://dl.nanet.go.kr/search/searchInnerDetail.do?searchType=INNER_SEARCH&resultType=INNER_SEARCH_DETAIL&searchMehtod=L&searchClass=S&controlNo=OLDP1000000488,,,,미부착,,검토 불가,검토 불가,,O,,,,,,발행연도 미상,
,1922,국회전자도서관,"詩傳大全, 冊1-2,4",https://dl.nanet.go.kr/search/searchInnerDetail.do?searchType=INNER_SEARCH&resultType=INNER_SEARCH_DETAIL&searchMehtod=L&searchClass=S&controlNo=OLDP1199914098,,,,미부착,,검토 불가,검토 불가,,O,,,,,,발행연도 미상,
,1923,국회전자도서관,"論語集註大全, 1-2,6-7",https://dl.nanet.go.kr/search/searchInnerDetail.do?searchType=INNER_SEARCH&resultType=INNER_SEARCH_DETAIL&searchMehtod=L&searchClass=S&controlNo=OLDP1199914078,,,,미부착,,검토 불가,검토 불가,,O,,,,,,발행연도 미상,
,1924,국회전자도서관,"論語集註大全, 冊1",https://dl.nanet.go.kr/search/searchInnerDetail.do?searchType=INNER_SEARCH&resultType=INNER_SEARCH_DETAIL&searchMehtod=L&searchClass=S&controlNo=OLDP1199914073,,,,미부착,,검토 불가,검토 불가,,O,,,,,,발행연도 미상,
,1925,국회전자도서관,"春秋左傳詳節句解. 冊5-8, 10",https://dl.nanet.go.kr/search/searchInnerDetail.do?searchType=INNER_SEARCH&resultType=INNER_SEARCH_DETAIL&searchMehtod=L&searchClass=S&controlNo=OLDP1199914070,,,,미부착,,검토 불가,검토 불가,,O,,,,,,발행연도 미상,
,1926,국회전자도서관,"史要聚選, 冊1-5",https://dl.nanet.go.kr/search/searchInnerDetail.do?searchType=INNER_SEARCH&resultType=INNER_SEARCH_DETAIL&searchMehtod=L&searchClass=S&controlNo=OLDP1199914038,,,,미부착,,검토 불가,검토 불가,,O,,,,,,발행연도 미상,
,1927,국회전자도서관,語錄解,https://dl.nanet.go.kr/search/searchInnerDetail.do?searchType=INNER_SEARCH&resultType=INNER_SEARCH_DETAIL&searchMehtod=L&searchClass=S&controlNo=OLDP1199914010,,,,미부착,,검토 불가,검토 불가,,O,,,,,,발행연도 미상,
,1928,국회전자도서관,說苑雜錄,https://dl.nanet.go.kr/search/searchInnerDetail.do?searchType=INNER_SEARCH&resultType=INNER_SEARCH_DETAIL&searchMehtod=L&searchClass=S&controlNo=OLDP1199914006,,,,미부착,,검토 불가,검토 불가,,O,,,,,,발행연도 미상,
,1929,국회전자도서관,"第五才子書水滸傳, 冊1,12-15,17-20",https://dl.nanet.go.kr/search/searchInnerDetail.do?searchType=INNER_SEARCH&resultType=INNER_SEARCH_DETAIL&searchMehtod=L&searchClass=S&controlNo=OLDP1199913997,,,,미부착,,검토 불가,검토 불가,,O,,,,,,발행연도 미상,
,1930,국회전자도서관,新鐫詳解丘瓊山故事成語必讀成語考,https://dl.nanet.go.kr/search/searchInnerDetail.do?searchType=INNER_SEARCH&resultType=INNER_SEARCH_DETAIL&searchMehtod=L&searchClass=S&controlNo=OLDP1000000159,,,,미부착,,검토 불가,검토 불가,,O,,,,,,발행연도 미상,
,1931,국회전자도서관,物目錄,https://dl.nanet.go.kr/search/searchInnerDetail.do?searchType=INNER_SEARCH&resultType=INNER_SEARCH_DETAIL&searchMehtod=L&searchClass=S&controlNo=OLDP1000000153,,,,미부착,,검토 불가,검토 불가,,O,,,,,,발행연도 미상,
,1932,국회전자도서관,碧城書院誌 全,https://dl.nanet.go.kr/search/searchInnerDetail.do?searchType=INNER_SEARCH&resultType=INNER_SEARCH_DETAIL&searchMehtod=L&searchClass=S&controlNo=OLDP1199914205,,,,미부착,,검토 불가,검토 불가,,O,,,,,,발행연도 미상,
,1933,국회전자도서관,兒戱原覽,https://dl.nanet.go.kr/search/searchInnerDetail.do?searchType=INNER_SEARCH&resultType=INNER_SEARCH_DETAIL&searchMehtod=L&searchClass=S&controlNo=OLDP1199914118,,,,미부착,,검토 불가,검토 불가,,O,,,,,,발행연도 미상,
,1934,국회전자도서관,"禮記約編, 冊1-10",https://dl.nanet.go.kr/search/searchInnerDetail.do?searchType=INNER_SEARCH&resultType=INNER_SEARCH_DETAIL&searchMehtod=L&searchClass=S&controlNo=OLDP1199914087,,,,미부착,,검토 불가,검토 불가,,O,,,,,,발행연도 미상,
,1935,국회전자도서관,"史要聚選, 冊1-4",https://dl.nanet.go.kr/search/searchInnerDetail.do?searchType=INNER_SEARCH&resultType=INNER_SEARCH_DETAIL&searchMehtod=L&searchClass=S&controlNo=OLDP1199914024,,,,미부착,,검토 불가,검토 불가,,O,,,,,,발행연도 미상,
,1936,국회전자도서관,"畜德錄, 冊1-6",https://dl.nanet.go.kr/search/searchInnerDetail.do?searchType=INNER_SEARCH&resultType=INNER_SEARCH_DETAIL&searchMehtod=L&searchClass=S&controlNo=OLDP1199914002,,,,미부착,,검토 불가,검토 불가,,O,,,,,,발행연도 미상,
,1937,국회전자도서관,"周易傳義大全, 冊1-9",https://dl.nanet.go.kr/search/searchInnerDetail.do?searchType=INNER_SEARCH&resultType=INNER_SEARCH_DETAIL&searchMehtod=L&searchClass=S&controlNo=OLDP1199913999,,,,미부착,,검토 불가,검토 불가,,O,,,,,,발행연도 미상,
,1938,국회전자도서관,"(侯官嚴氏評點)莊子, 冊1-4",https://dl.nanet.go.kr/search/searchInnerDetail.do?searchType=INNER_SEARCH&resultType=INNER_SEARCH_DETAIL&searchMehtod=L&searchClass=S&controlNo=OLDP3000000136,,,,미부착,,검토 불가,검토 불가,,O,,,,,,발행연도 미상,
,1939,국회전자도서관,莊子南華眞經,https://dl.nanet.go.kr/search/searchInnerDetail.do?searchType=INNER_SEARCH&resultType=INNER_SEARCH_DETAIL&searchMehtod=L&searchClass=S&controlNo=OLDP3000000135,,,,미부착,,검토 불가,검토 불가,,O,,,,,,발행연도 미상,
,1940,국회전자도서관,"無邪齋集, 全",https://dl.nanet.go.kr/search/searchInnerDetail.do?searchType=INNER_SEARCH&resultType=INNER_SEARCH_DETAIL&searchMehtod=L&searchClass=S&controlNo=OLDP1198022437,,,,미부착,,검토 불가,검토 불가,,O,,,,,,발행연도 미상,
,1941,국회전자도서관,"思菴先生文集(幷)附錄, 冊1,3",https://dl.nanet.go.kr/search/searchInnerDetail.do?searchType=INNER_SEARCH&resultType=INNER_SEARCH_DETAIL&searchMehtod=L&searchClass=S&controlNo=OLDP1198022434,,,,미부착,,검토 불가,검토 불가,,O,,,,,,발행연도 미상,
,1942,국회전자도서관,"南野先生文集, 元, 亨, 利, 貞",https://dl.nanet.go.kr/search/searchInnerDetail.do?searchType=INNER_SEARCH&resultType=INNER_SEARCH_DETAIL&searchMehtod=L&searchClass=S&controlNo=OLDP1198022433,,,,미부착,,검토 불가,검토 불가,,O,,,,,,발행연도 미상,
,1943,국회전자도서관,竹坡遺稿. 冊1-4,https://dl.nanet.go.kr/search/searchInnerDetail.do?searchType=INNER_SEARCH&resultType=INNER_SEARCH_DETAIL&searchMehtod=L&searchClass=S&controlNo=OLDP1198022425,,,,미부착,,검토 불가,검토 불가,,O,,,,,,발행연도 미상,
,1944,국회전자도서관,"安村集, 冊1-2",https://dl.nanet.go.kr/search/searchInnerDetail.do?searchType=INNER_SEARCH&resultType=INNER_SEARCH_DETAIL&searchMehtod=L&searchClass=S&controlNo=OLDP1198022419,,,,미부착,,검토 불가,검토 불가,,O,,,,,,발행연도 미상,
,1945,국회전자도서관,大方廣佛華嚴經疎鈔. 冊21-30,https://dl.nanet.go.kr/search/searchInnerDetail.do?searchType=INNER_SEARCH&resultType=INNER_SEARCH_DETAIL&searchMehtod=L&searchClass=S&controlNo=OLDP1000000316,,,,미부착,,검토 불가,검토 불가,,O,,,,,,발행연도 미상,
,1946,국회전자도서관,大方廣佛華嚴經疎鈔. 冊1-10,https://dl.nanet.go.kr/search/searchInnerDetail.do?searchType=INNER_SEARCH&resultType=INNER_SEARCH_DETAIL&searchMehtod=L&searchClass=S&controlNo=OLDP1000000315,,,,미부착,,검토 불가,검토 불가,,O,,,,,,발행연도 미상,
,1947,국회전자도서관,海印寺古蹟(幷)大藏經跋文,https://dl.nanet.go.kr/search/searchInnerDetail.do?searchType=INNER_SEARCH&resultType=INNER_SEARCH_DETAIL&searchMehtod=L&searchClass=S&controlNo=OLDP1000000304,,,,미부착,,검토 불가,검토 불가,,O,,,,,,발행연도 미상,
,1948,국회전자도서관,장슈경,https://dl.nanet.go.kr/search/searchInnerDetail.do?searchType=INNER_SEARCH&resultType=INNER_SEARCH_DETAIL&searchMehtod=L&searchClass=S&controlNo=OLDP1000000300,,,,미부착,,검토 불가,검토 불가,,O,,,,,,발행연도 미상,
,1949,국회전자도서관,"重鐫地理天機會元, 冊1-12",https://dl.nanet.go.kr/search/searchInnerDetail.do?searchType=INNER_SEARCH&resultType=INNER_SEARCH_DETAIL&searchMehtod=L&searchClass=S&controlNo=OLDP1000000299,,,,미부착,,검토 불가,검토 불가,,O,,,,,,발행연도 미상,
,1950,국회전자도서관,家禮增解(及)目錄. 冊1-5,https://dl.nanet.go.kr/search/searchInnerDetail.do?searchType=INNER_SEARCH&resultType=INNER_SEARCH_DETAIL&searchMehtod=L&searchClass=S&controlNo=OLDP1000000297,,,,미부착,,검토 불가,검토 불가,,O,,,,,,발행연도 미상,
,1951,국회전자도서관,"五禮儀抄, 乾, 坤",https://dl.nanet.go.kr/search/searchInnerDetail.do?searchType=INNER_SEARCH&resultType=INNER_SEARCH_DETAIL&searchMehtod=L&searchClass=S&controlNo=OLDP1000000296,,,,미부착,,검토 불가,검토 불가,,O,,,,,,발행연도 미상,
,1952,국회전자도서관,"國朝五禮儀, 冊1-6",https://dl.nanet.go.kr/search/searchInnerDetail.do?searchType=INNER_SEARCH&resultType=INNER_SEARCH_DETAIL&searchMehtod=L&searchClass=S&controlNo=OLDP1000000291,,,,미부착,,검토 불가,검토 불가,,O,,,,,,발행연도 미상,
,1953,국회전자도서관,國民須知,https://dl.nanet.go.kr/search/searchInnerDetail.do?searchType=INNER_SEARCH&resultType=INNER_SEARCH_DETAIL&searchMehtod=L&searchClass=S&controlNo=OLDP1000000427,,,,미부착,,검토 불가,검토 불가,,O,,,,,,발행연도 미상,
,1954,국회전자도서관,"朱書百選, 天,地,人",https://dl.nanet.go.kr/search/searchInnerDetail.do?searchType=INNER_SEARCH&resultType=INNER_SEARCH_DETAIL&searchMehtod=L&searchClass=S&controlNo=OLDP1000000402,,,,미부착,,검토 불가,검토 불가,,O,,,,,,발행연도 미상,
,1955,국회전자도서관,"近思錄, 冊1-4",https://dl.nanet.go.kr/search/searchInnerDetail.do?searchType=INNER_SEARCH&resultType=INNER_SEARCH_DETAIL&searchMehtod=L&searchClass=S&controlNo=OLDP1000000399,,,,미부착,,검토 불가,검토 불가,,O,,,,,,발행연도 미상,
,1956,국회전자도서관,春秋大同敎六主義輯要,https://dl.nanet.go.kr/search/searchInnerDetail.do?searchType=INNER_SEARCH&resultType=INNER_SEARCH_DETAIL&searchMehtod=L&searchClass=S&controlNo=OLDP1000000397,,,,미부착,,검토 불가,검토 불가,,O,,,,,,발행연도 미상,
,1957,국회전자도서관,孔子通紀,https://dl.nanet.go.kr/search/searchInnerDetail.do?searchType=INNER_SEARCH&resultType=INNER_SEARCH_DETAIL&searchMehtod=L&searchClass=S&controlNo=OLDP1000000390,,,,미부착,,검토 불가,검토 불가,,O,,,,,,발행연도 미상,
,1958,국회전자도서관,"標題註疎小學集成, 冊1-4",https://dl.nanet.go.kr/search/searchInnerDetail.do?searchType=INNER_SEARCH&resultType=INNER_SEARCH_DETAIL&searchMehtod=L&searchClass=S&controlNo=OLDP1000000388,,,,미부착,,검토 불가,검토 불가,,O,,,,,,발행연도 미상,
,1959,국회전자도서관,"孟子, 冊2-3",https://dl.nanet.go.kr/search/searchInnerDetail.do?searchType=INNER_SEARCH&resultType=INNER_SEARCH_DETAIL&searchMehtod=L&searchClass=S&controlNo=OLDP1000000384,,,,미부착,,검토 불가,검토 불가,,O,,,,,,발행연도 미상,
,1960,국회전자도서관,玉堂釐正字義韻律海篇心鏡. 5-6,https://dl.nanet.go.kr/search/searchInnerDetail.do?searchType=INNER_SEARCH&resultType=INNER_SEARCH_DETAIL&searchMehtod=L&searchClass=S&controlNo=OLDP1000000383,,,,미부착,,검토 불가,검토 불가,,O,,,,,,발행연도 미상,
,1961,국회전자도서관,"玉纂, 冊5-8",https://dl.nanet.go.kr/search/searchInnerDetail.do?searchType=INNER_SEARCH&resultType=INNER_SEARCH_DETAIL&searchMehtod=L&searchClass=S&controlNo=OLDP1000000382,,,,미부착,,검토 불가,검토 불가,,O,,,,,,발행연도 미상,
,1962,국회전자도서관,"西山集, 全",https://dl.nanet.go.kr/search/searchInnerDetail.do?searchType=INNER_SEARCH&resultType=INNER_SEARCH_DETAIL&searchMehtod=L&searchClass=S&controlNo=OLDP1198029875,,,,미부착,,검토 불가,검토 불가,,O,,,,,,발행연도 미상,
,1963,국회전자도서관,大方廣佛華嚴經疎演義鈔(幷)科文. 卷1-3,https://dl.nanet.go.kr/search/searchInnerDetail.do?searchType=INNER_SEARCH&resultType=INNER_SEARCH_DETAIL&searchMehtod=L&searchClass=S&controlNo=OLDP3000000124,,,,미부착,,검토 불가,검토 불가,,O,,,,,,발행연도 미상,
,1964,국회전자도서관,唐寫本說文解字木部箋異,https://dl.nanet.go.kr/search/searchInnerDetail.do?searchType=INNER_SEARCH&resultType=INNER_SEARCH_DETAIL&searchMehtod=L&searchClass=S&controlNo=OLDP3000000115,,,,미부착,,검토 불가,검토 불가,,O,,,,,,발행연도 미상,
,1965,국회전자도서관,音註全文春秋括例始末左傳句讀直解. 卷之1-20,https://dl.nanet.go.kr/search/searchInnerDetail.do?searchType=INNER_SEARCH&resultType=INNER_SEARCH_DETAIL&searchMehtod=L&searchClass=S&controlNo=OLDP1200319275,,,,미부착,,검토 불가,검토 불가,,O,,,,,,발행연도 미상,
,1966,국회전자도서관,"小學諺解, 冊1-5",https://dl.nanet.go.kr/search/searchInnerDetail.do?searchType=INNER_SEARCH&resultType=INNER_SEARCH_DETAIL&searchMehtod=L&searchClass=S&controlNo=OLDP1199913994,,,,미부착,,검토 불가,검토 불가,,O,,,,,,발행연도 미상,
,1967,국회전자도서관,左傳文粹,https://dl.nanet.go.kr/search/searchInnerDetail.do?searchType=INNER_SEARCH&resultType=INNER_SEARCH_DETAIL&searchMehtod=L&searchClass=S&controlNo=OLDP1199913992,,,,미부착,,검토 불가,검토 불가,,O,,,,,,발행연도 미상,
,1968,국회전자도서관,"沙隱遺稿, 全",https://dl.nanet.go.kr/search/searchInnerDetail.do?searchType=INNER_SEARCH&resultType=INNER_SEARCH_DETAIL&searchMehtod=L&searchClass=S&controlNo=OLDP1198029131,,,,미부착,,검토 불가,검토 불가,,O,,,,,,발행연도 미상,
,1969,국회전자도서관,阮堂東農兩先生印譜合編,https://dl.nanet.go.kr/search/searchInnerDetail.do?searchType=INNER_SEARCH&resultType=INNER_SEARCH_DETAIL&searchMehtod=L&searchClass=S&controlNo=OLDP1198029129,,,,미부착,,검토 불가,검토 불가,,O,,,,,,발행연도 미상,
,1970,국회전자도서관,"晦雲遺稿, 全",https://dl.nanet.go.kr/search/searchInnerDetail.do?searchType=INNER_SEARCH&resultType=INNER_SEARCH_DETAIL&searchMehtod=L&searchClass=S&controlNo=OLDP1198029111,,,,미부착,,검토 불가,검토 불가,,O,,,,,,발행연도 미상,
,1971,국회전자도서관,民法總論,https://dl.nanet.go.kr/search/searchInnerDetail.do?searchType=INNER_SEARCH&resultType=INNER_SEARCH_DETAIL&searchMehtod=L&searchClass=S&controlNo=OLDP1000000466,,,,미부착,,검토 불가,검토 불가,,O,,,,,,발행연도 미상,
,1972,국회전자도서관,各國約章合編,https://dl.nanet.go.kr/search/searchInnerDetail.do?searchType=INNER_SEARCH&resultType=INNER_SEARCH_DETAIL&searchMehtod=L&searchClass=S&controlNo=OLDP1000000459,,,,미부착,,검토 불가,검토 불가,,O,,,,,,발행연도 미상,
,1973,국회전자도서관,"漢陰先生文稿, 冊1-6",https://dl.nanet.go.kr/search/searchInnerDetail.do?searchType=INNER_SEARCH&resultType=INNER_SEARCH_DETAIL&searchMehtod=L&searchClass=S&controlNo=OLDP1198029904,,,,미부착,,검토 불가,검토 불가,,O,,,,,,발행연도 미상,
,1974,국회전자도서관,"松巖先生文集(幷)附錄, 冊3",https://dl.nanet.go.kr/search/searchInnerDetail.do?searchType=INNER_SEARCH&resultType=INNER_SEARCH_DETAIL&searchMehtod=L&searchClass=S&controlNo=OLDP1198029902,,,,미부착,,검토 불가,검토 불가,,O,,,,,,발행연도 미상,
,1975,국회전자도서관,"好隱集, 全",https://dl.nanet.go.kr/search/searchInnerDetail.do?searchType=INNER_SEARCH&resultType=INNER_SEARCH_DETAIL&searchMehtod=L&searchClass=S&controlNo=OLDP1198029866,,,,미부착,,검토 불가,검토 불가,,O,,,,,,발행연도 미상,
,1976,국회전자도서관,"敬庵先生文集(幷)附錄, 冊1-3",https://dl.nanet.go.kr/search/searchInnerDetail.do?searchType=INNER_SEARCH&resultType=INNER_SEARCH_DETAIL&searchMehtod=L&searchClass=S&controlNo=OLDP1198029210,,,,미부착,,검토 불가,검토 불가,,O,,,,,,발행연도 미상,
,1977,국회전자도서관,유蒙彙編(及)續,https://dl.nanet.go.kr/search/searchInnerDetail.do?searchType=INNER_SEARCH&resultType=INNER_SEARCH_DETAIL&searchMehtod=L&searchClass=S&controlNo=OLDP1000000199,,,,미부착,,검토 불가,검토 불가,,O,,,,,,발행연도 미상,
,1978,국회전자도서관,"事文類聚抄, 冊1-3",https://dl.nanet.go.kr/search/searchInnerDetail.do?searchType=INNER_SEARCH&resultType=INNER_SEARCH_DETAIL&searchMehtod=L&searchClass=S&controlNo=OLDP1000000169,,,,미부착,,검토 불가,검토 불가,,O,,,,,,발행연도 미상,
,1979,국회전자도서관,"水村集, 冊1-4",https://dl.nanet.go.kr/search/searchInnerDetail.do?searchType=INNER_SEARCH&resultType=INNER_SEARCH_DETAIL&searchMehtod=L&searchClass=S&controlNo=OLDP1198029109,,,,미부착,,검토 불가,검토 불가,,O,,,,,,발행연도 미상,
,1980,국회전자도서관,"悔齋集, 冊1-2",https://dl.nanet.go.kr/search/searchInnerDetail.do?searchType=INNER_SEARCH&resultType=INNER_SEARCH_DETAIL&searchMehtod=L&searchClass=S&controlNo=OLDP1198029106,,,,미부착,,검토 불가,검토 불가,,O,,,,,,발행연도 미상,
,1981,국회전자도서관,"增修無寃錄大全, 全",https://dl.nanet.go.kr/search/searchInnerDetail.do?searchType=INNER_SEARCH&resultType=INNER_SEARCH_DETAIL&searchMehtod=L&searchClass=S&controlNo=OLDP1000000450,,,,미부착,,검토 불가,검토 불가,,O,,,,,,발행연도 미상,
,1982,국회전자도서관,趙孟부書,https://dl.nanet.go.kr/search/searchInnerDetail.do?searchType=INNER_SEARCH&resultType=INNER_SEARCH_DETAIL&searchMehtod=L&searchClass=S&controlNo=OLDP1198022402,,,,미부착,,검토 불가,검토 불가,,O,,,,,,발행연도 미상,
,1983,국회전자도서관,七姬權厝志,https://dl.nanet.go.kr/search/searchInnerDetail.do?searchType=INNER_SEARCH&resultType=INNER_SEARCH_DETAIL&searchMehtod=L&searchClass=S&controlNo=OLDP1198022401,,,,미부착,,검토 불가,검토 불가,,O,,,,,,발행연도 미상,
,1984,국회전자도서관,"棄隱遺稿, 單",https://dl.nanet.go.kr/search/searchInnerDetail.do?searchType=INNER_SEARCH&resultType=INNER_SEARCH_DETAIL&searchMehtod=L&searchClass=S&controlNo=OLDP1198022394,,,,미부착,,검토 불가,검토 불가,,O,,,,,,발행연도 미상,
,1985,국회전자도서관,"松沙先生文集拾遺, 全",https://dl.nanet.go.kr/search/searchInnerDetail.do?searchType=INNER_SEARCH&resultType=INNER_SEARCH_DETAIL&searchMehtod=L&searchClass=S&controlNo=OLDP1198022393,,,,미부착,,검토 불가,검토 불가,,O,,,,,,발행연도 미상,
,1986,국회전자도서관,"懶窩集, 冊1-3",https://dl.nanet.go.kr/search/searchInnerDetail.do?searchType=INNER_SEARCH&resultType=INNER_SEARCH_DETAIL&searchMehtod=L&searchClass=S&controlNo=OLDP1198022391,,,,미부착,,검토 불가,검토 불가,,O,,,,,,발행연도 미상,
,1987,국회전자도서관,"葛坡逸稿, 全",https://dl.nanet.go.kr/search/searchInnerDetail.do?searchType=INNER_SEARCH&resultType=INNER_SEARCH_DETAIL&searchMehtod=L&searchClass=S&controlNo=OLDP1198022390,,,,미부착,,검토 불가,검토 불가,,O,,,,,,발행연도 미상,
,1988,국회전자도서관,高峯先生文集(及)論思錄. 冊1-3,https://dl.nanet.go.kr/search/searchInnerDetail.do?searchType=INNER_SEARCH&resultType=INNER_SEARCH_DETAIL&searchMehtod=L&searchClass=S&controlNo=OLDP1198022388,,,,미부착,,검토 불가,검토 불가,,O,,,,,,발행연도 미상,
,1989,국회전자도서관,高峯先生文集(及)續. 冊1-3,https://dl.nanet.go.kr/search/searchInnerDetail.do?searchType=INNER_SEARCH&resultType=INNER_SEARCH_DETAIL&searchMehtod=L&searchClass=S&controlNo=OLDP1198022387,,,,미부착,,검토 불가,검토 불가,,O,,,,,,발행연도 미상,
,1990,국회전자도서관,"止山遺稿, 全",https://dl.nanet.go.kr/search/searchInnerDetail.do?searchType=INNER_SEARCH&resultType=INNER_SEARCH_DETAIL&searchMehtod=L&searchClass=S&controlNo=OLDP1198029900,,,,미부착,,검토 불가,검토 불가,,O,,,,,,발행연도 미상,
,1991,국회전자도서관,"一菴遺稿(幷)附錄, 乾, 坤",https://dl.nanet.go.kr/search/searchInnerDetail.do?searchType=INNER_SEARCH&resultType=INNER_SEARCH_DETAIL&searchMehtod=L&searchClass=S&controlNo=OLDP1198029898,,,,미부착,,검토 불가,검토 불가,,O,,,,,,발행연도 미상,
,1992,국회전자도서관,"大覺國師文集(及)附錄, 冊1-2",https://dl.nanet.go.kr/search/searchInnerDetail.do?searchType=INNER_SEARCH&resultType=INNER_SEARCH_DETAIL&searchMehtod=L&searchClass=S&controlNo=OLDP1198029892,,,,미부착,,검토 불가,검토 불가,,O,,,,,,발행연도 미상,
,1993,국회전자도서관,"別洞先生文集(及)續, 乾, 坤",https://dl.nanet.go.kr/search/searchInnerDetail.do?searchType=INNER_SEARCH&resultType=INNER_SEARCH_DETAIL&searchMehtod=L&searchClass=S&controlNo=OLDP1198029886,,,,미부착,,검토 불가,검토 불가,,O,,,,,,발행연도 미상,
,1994,국회전자도서관,"眉巖先生文集. 冊6-7, 9-10",https://dl.nanet.go.kr/search/searchInnerDetail.do?searchType=INNER_SEARCH&resultType=INNER_SEARCH_DETAIL&searchMehtod=L&searchClass=S&controlNo=OLDP1198029885,,,,미부착,,검토 불가,검토 불가,,O,,,,,,발행연도 미상,
,1995,국회전자도서관,(李瑞淸)魏碑四種,https://dl.nanet.go.kr/search/searchInnerDetail.do?searchType=INNER_SEARCH&resultType=INNER_SEARCH_DETAIL&searchMehtod=L&searchClass=S&controlNo=OLDP3198024705,,,,미부착,,검토 불가,검토 불가,,O,,,,,,발행연도 미상,
,1996,국회전자도서관,大方廣佛華嚴經疎演義鈔. 卷21-33,https://dl.nanet.go.kr/search/searchInnerDetail.do?searchType=INNER_SEARCH&resultType=INNER_SEARCH_DETAIL&searchMehtod=L&searchClass=S&controlNo=OLDP3000000101,,,,미부착,,검토 불가,검토 불가,,O,,,,,,발행연도 미상,
,1997,국회전자도서관,大方廣佛華嚴經疎演義鈔. 卷1-12,https://dl.nanet.go.kr/search/searchInnerDetail.do?searchType=INNER_SEARCH&resultType=INNER_SEARCH_DETAIL&searchMehtod=L&searchClass=S&controlNo=OLDP3000000100,,,,미부착,,검토 불가,검토 불가,,O,,,,,,발행연도 미상,
,1998,국회전자도서관,"春秋, 冊1-6",https://dl.nanet.go.kr/search/searchInnerDetail.do?searchType=INNER_SEARCH&resultType=INNER_SEARCH_DETAIL&searchMehtod=L&searchClass=S&controlNo=OLDP3000000096,,,,미부착,,검토 불가,검토 불가,,O,,,,,,발행연도 미상,
,1999,국회전자도서관,"禮經本義, 冊1-10",https://dl.nanet.go.kr/search/searchInnerDetail.do?searchType=INNER_SEARCH&resultType=INNER_SEARCH_DETAIL&searchMehtod=L&searchClass=S&controlNo=OLDP3000000090,,,,미부착,,검토 불가,검토 불가,,O,,,,,,발행연도 미상,
,2000,국회전자도서관,禮記. 冊1-5,https://dl.nanet.go.kr/search/searchInnerDetail.do?searchType=INNER_SEARCH&resultType=INNER_SEARCH_DETAIL&searchMehtod=L&searchClass=S&controlNo=OLDP3000000089,,,,미부착,,검토 불가,검토 불가,,O,,,,,,발행연도 미상,
,2001,국회전자도서관,"石洲集, 冊1-2",https://dl.nanet.go.kr/search/searchInnerDetail.do?searchType=INNER_SEARCH&resultType=INNER_SEARCH_DETAIL&searchMehtod=L&searchClass=S&controlNo=OLDP1198022381,,,,미부착,,검토 불가,검토 불가,,O,,,,,,발행연도 미상,
,2002,국회전자도서관,"花山先生逸稿, 單",https://dl.nanet.go.kr/search/searchInnerDetail.do?searchType=INNER_SEARCH&resultType=INNER_SEARCH_DETAIL&searchMehtod=L&searchClass=S&controlNo=OLDP1198022378,,,,미부착,,검토 불가,검토 불가,,O,,,,,,발행연도 미상,
,2003,국회전자도서관,"國朝五禮序例, 冊1, 2",https://dl.nanet.go.kr/search/searchInnerDetail.do?searchType=INNER_SEARCH&resultType=INNER_SEARCH_DETAIL&searchMehtod=L&searchClass=S&controlNo=OLDP1000000290,,,,미부착,,검토 불가,검토 불가,,O,,,,,,발행연도 미상,
,2004,국회전자도서관,"詩傳大全, 冊1-10",https://dl.nanet.go.kr/search/searchInnerDetail.do?searchType=INNER_SEARCH&resultType=INNER_SEARCH_DETAIL&searchMehtod=L&searchClass=S&controlNo=OLDP1000000285,,,,미부착,,검토 불가,검토 불가,,O,,,,,,발행연도 미상,
,2005,국회전자도서관,"詩經諺解, 冊1-7",https://dl.nanet.go.kr/search/searchInnerDetail.do?searchType=INNER_SEARCH&resultType=INNER_SEARCH_DETAIL&searchMehtod=L&searchClass=S&controlNo=OLDP1000000284,,,,미부착,,검토 불가,검토 불가,,O,,,,,,발행연도 미상,
,2006,국회전자도서관,"書傳諺解, 冊1-5",https://dl.nanet.go.kr/search/searchInnerDetail.do?searchType=INNER_SEARCH&resultType=INNER_SEARCH_DETAIL&searchMehtod=L&searchClass=S&controlNo=OLDP1000000278,,,,미부착,,검토 불가,검토 불가,,O,,,,,,발행연도 미상,
,2007,국회전자도서관,"周易傳義大全, 冊14",https://dl.nanet.go.kr/search/searchInnerDetail.do?searchType=INNER_SEARCH&resultType=INNER_SEARCH_DETAIL&searchMehtod=L&searchClass=S&controlNo=OLDP1000000269,,,,미부착,,검토 불가,검토 불가,,O,,,,,,발행연도 미상,
,2008,국회전자도서관,"周易諺解, 冊1-5",https://dl.nanet.go.kr/search/searchInnerDetail.do?searchType=INNER_SEARCH&resultType=INNER_SEARCH_DETAIL&searchMehtod=L&searchClass=S&controlNo=OLDP1000000268,,,,미부착,,검토 불가,검토 불가,,O,,,,,,발행연도 미상,
,2009,국회전자도서관,"五經百篇, 冊1-5",https://dl.nanet.go.kr/search/searchInnerDetail.do?searchType=INNER_SEARCH&resultType=INNER_SEARCH_DETAIL&searchMehtod=L&searchClass=S&controlNo=OLDP1000000259,,,,미부착,,검토 불가,검토 불가,,O,,,,,,발행연도 미상,
,2010,국회전자도서관,"書傳諺解, 冊1-5",https://dl.nanet.go.kr/search/searchInnerDetail.do?searchType=INNER_SEARCH&resultType=INNER_SEARCH_DETAIL&searchMehtod=L&searchClass=S&controlNo=OLDP1000000279,,,,미부착,,검토 불가,검토 불가,,O,,,,,,발행연도 미상,
,2011,국회전자도서관,"勘亂錄, 天, 地, 人",https://dl.nanet.go.kr/search/searchInnerDetail.do?searchType=INNER_SEARCH&resultType=INNER_SEARCH_DETAIL&searchMehtod=L&searchClass=S&controlNo=OLDP1200316112,,,,미부착,,검토 불가,검토 불가,,O,,,,,,발행연도 미상,
,2012,국회전자도서관,력菴集(及)別集補遺. 冊1-4,https://dl.nanet.go.kr/search/searchInnerDetail.do?searchType=INNER_SEARCH&resultType=INNER_SEARCH_DETAIL&searchMehtod=L&searchClass=S&controlNo=OLDP1198029102,,,,미부착,,검토 불가,검토 불가,,O,,,,,,발행연도 미상,
,2013,국회전자도서관,"負暄堂先生文集(幷)附錄, 冊1-2",https://dl.nanet.go.kr/search/searchInnerDetail.do?searchType=INNER_SEARCH&resultType=INNER_SEARCH_DETAIL&searchMehtod=L&searchClass=S&controlNo=OLDP1198029098,,,,미부착,,검토 불가,검토 불가,,O,,,,,,발행연도 미상,
,2014,국회전자도서관,"克菴文集, 冊1-2",https://dl.nanet.go.kr/search/searchInnerDetail.do?searchType=INNER_SEARCH&resultType=INNER_SEARCH_DETAIL&searchMehtod=L&searchClass=S&controlNo=OLDP1198029883,,,,미부착,,검토 불가,검토 불가,,O,,,,,,발행연도 미상,
,2015,국회전자도서관,俟百錄. 冊1-5,https://dl.nanet.go.kr/search/searchInnerDetail.do?searchType=INNER_SEARCH&resultType=INNER_SEARCH_DETAIL&searchMehtod=L&searchClass=S&controlNo=OLDP1000000433,,,,미부착,,검토 불가,검토 불가,,O,,,,,,발행연도 미상,
,2016,국회전자도서관,"甲乙錄, 冊1-7",https://dl.nanet.go.kr/search/searchInnerDetail.do?searchType=INNER_SEARCH&resultType=INNER_SEARCH_DETAIL&searchMehtod=L&searchClass=S&controlNo=OLDP1000000431,,,,미부착,,검토 불가,검토 불가,,O,,,,,,발행연도 미상,
,2017,국회전자도서관,"皐隱先生文集(幷)附錄, 全",https://dl.nanet.go.kr/search/searchInnerDetail.do?searchType=INNER_SEARCH&resultType=INNER_SEARCH_DETAIL&searchMehtod=L&searchClass=S&controlNo=OLDP1198029879,,,,미부착,,검토 불가,검토 불가,,O,,,,,,발행연도 미상,
,2018,국회전자도서관,拙齋先生文集(及)附錄. 冊1-4,https://dl.nanet.go.kr/search/searchInnerDetail.do?searchType=INNER_SEARCH&resultType=INNER_SEARCH_DETAIL&searchMehtod=L&searchClass=S&controlNo=OLDP1198029876,,,,미부착,,검토 불가,검토 불가,,O,,,,,,발행연도 미상,
,2019,국회전자도서관,西洲文集. 冊1-4,https://dl.nanet.go.kr/search/searchInnerDetail.do?searchType=INNER_SEARCH&resultType=INNER_SEARCH_DETAIL&searchMehtod=L&searchClass=S&controlNo=OLDP1198029150,,,,미부착,,검토 불가,검토 불가,,O,,,,,,발행연도 미상,
,2020,국회전자도서관,"晦峯集, 冊1-2",https://dl.nanet.go.kr/search/searchInnerDetail.do?searchType=INNER_SEARCH&resultType=INNER_SEARCH_DETAIL&searchMehtod=L&searchClass=S&controlNo=OLDP1198029148,,,,미부착,,검토 불가,검토 불가,,O,,,,,,발행연도 미상,
,2021,국회전자도서관,志山集. 冊1-4,https://dl.nanet.go.kr/search/searchInnerDetail.do?searchType=INNER_SEARCH&resultType=INNER_SEARCH_DETAIL&searchMehtod=L&searchClass=S&controlNo=OLDP1198029147,,,,미부착,,검토 불가,검토 불가,,O,,,,,,발행연도 미상,
,2022,국회전자도서관,毛詩註疎. 冊1-8,https://dl.nanet.go.kr/search/searchInnerDetail.do?searchType=INNER_SEARCH&resultType=INNER_SEARCH_DETAIL&searchMehtod=L&searchClass=S&controlNo=OLDP3000000082,,,,미부착,,검토 불가,검토 불가,,O,,,,,,발행연도 미상,
,2023,국회전자도서관,啓蒙傳疑,https://dl.nanet.go.kr/search/searchInnerDetail.do?searchType=INNER_SEARCH&resultType=INNER_SEARCH_DETAIL&searchMehtod=L&searchClass=S&controlNo=OLDP1000000235,,,,미부착,,검토 불가,검토 불가,,O,,,,,,발행연도 미상,
,2024,국회전자도서관,"聖學輯要, 冊1, 2",https://dl.nanet.go.kr/search/searchInnerDetail.do?searchType=INNER_SEARCH&resultType=INNER_SEARCH_DETAIL&searchMehtod=L&searchClass=S&controlNo=OLDP1000000232,,,,미부착,,검토 불가,검토 불가,,O,,,,,,발행연도 미상,
,2025,국회전자도서관,"南湖遺稿, 冊1",https://dl.nanet.go.kr/search/searchInnerDetail.do?searchType=INNER_SEARCH&resultType=INNER_SEARCH_DETAIL&searchMehtod=L&searchClass=S&controlNo=OLDP1198029096,,,,미부착,,검토 불가,검토 불가,,O,,,,,,발행연도 미상,
,2026,국회전자도서관,"古鏡重磨方, 全",https://dl.nanet.go.kr/search/searchInnerDetail.do?searchType=INNER_SEARCH&resultType=INNER_SEARCH_DETAIL&searchMehtod=L&searchClass=S&controlNo=OLDP1198029082,,,,미부착,,검토 불가,검토 불가,,O,,,,,,발행연도 미상,
,2027,국회전자도서관,"松下集(幷)附錄, 冊1-2",https://dl.nanet.go.kr/search/searchInnerDetail.do?searchType=INNER_SEARCH&resultType=INNER_SEARCH_DETAIL&searchMehtod=L&searchClass=S&controlNo=OLDP1198028971,,,,미부착,,검토 불가,검토 불가,,O,,,,,,발행연도 미상,
,2028,국회전자도서관,"靑泉集, 天,地,人",https://dl.nanet.go.kr/search/searchInnerDetail.do?searchType=INNER_SEARCH&resultType=INNER_SEARCH_DETAIL&searchMehtod=L&searchClass=S&controlNo=OLDP1198028963,,,,미부착,,검토 불가,검토 불가,,O,,,,,,발행연도 미상,
,2029,국회전자도서관,國家學,https://dl.nanet.go.kr/search/searchInnerDetail.do?searchType=INNER_SEARCH&resultType=INNER_SEARCH_DETAIL&searchMehtod=L&searchClass=S&controlNo=OLDP1000000422,,,,미부착,,검토 불가,검토 불가,,O,,,,,,발행연도 미상,
,2030,국회전자도서관,新註道德經,https://dl.nanet.go.kr/search/searchInnerDetail.do?searchType=INNER_SEARCH&resultType=INNER_SEARCH_DETAIL&searchMehtod=L&searchClass=S&controlNo=OLDP1000000411,,,,미부착,,검토 불가,검토 불가,,O,,,,,,발행연도 미상,
,2031,국회전자도서관,(篆隸考異. 冊1-4,https://dl.nanet.go.kr/search/searchInnerDetail.do?searchType=INNER_SEARCH&resultType=INNER_SEARCH_DETAIL&searchMehtod=L&searchClass=S&controlNo=OLDP3000000226,,,,미부착,,검토 불가,검토 불가,,O,,,,,,발행연도 미상,
,2032,국회전자도서관,"栗齋遺稿, 全",https://dl.nanet.go.kr/search/searchInnerDetail.do?searchType=INNER_SEARCH&resultType=INNER_SEARCH_DETAIL&searchMehtod=L&searchClass=S&controlNo=OLDP1198022362,,,,미부착,,검토 불가,검토 불가,,O,,,,,,발행연도 미상,
,2033,국회전자도서관,"眞一齋先生遺集, 全",https://dl.nanet.go.kr/search/searchInnerDetail.do?searchType=INNER_SEARCH&resultType=INNER_SEARCH_DETAIL&searchMehtod=L&searchClass=S&controlNo=OLDP1198029869,,,,미부착,,검토 불가,검토 불가,,O,,,,,,발행연도 미상,
,2034,국회전자도서관,"槐泉先生文集(幷)附錄, 冊1-2",https://dl.nanet.go.kr/search/searchInnerDetail.do?searchType=INNER_SEARCH&resultType=INNER_SEARCH_DETAIL&searchMehtod=L&searchClass=S&controlNo=OLDP1198029867,,,,미부착,,검토 불가,검토 불가,,O,,,,,,발행연도 미상,
,2035,국회전자도서관,臨汝齋先生文集. 冊1-3,https://dl.nanet.go.kr/search/searchInnerDetail.do?searchType=INNER_SEARCH&resultType=INNER_SEARCH_DETAIL&searchMehtod=L&searchClass=S&controlNo=OLDP1198029865,,,,미부착,,검토 불가,검토 불가,,O,,,,,,발행연도 미상,
,2036,국회전자도서관,竹溪誌,https://dl.nanet.go.kr/search/searchInnerDetail.do?searchType=INNER_SEARCH&resultType=INNER_SEARCH_DETAIL&searchMehtod=L&searchClass=S&controlNo=OLDP1000000595,,,,미부착,,검토 불가,검토 불가,,O,,,,,,발행연도 미상,
,2037,국회전자도서관,"全韻玉篇, 上, 下",https://dl.nanet.go.kr/search/searchInnerDetail.do?searchType=INNER_SEARCH&resultType=INNER_SEARCH_DETAIL&searchMehtod=L&searchClass=S&controlNo=OLDP1000000575,,,,미부착,,검토 불가,검토 불가,,O,,,,,,발행연도 미상,
,2038,국회전자도서관,語錄解,https://dl.nanet.go.kr/search/searchInnerDetail.do?searchType=INNER_SEARCH&resultType=INNER_SEARCH_DETAIL&searchMehtod=L&searchClass=S&controlNo=OLDP1000000574,,,,미부착,,검토 불가,검토 불가,,O,,,,,,발행연도 미상,
,2039,국회전자도서관,文字類輯,https://dl.nanet.go.kr/search/searchInnerDetail.do?searchType=INNER_SEARCH&resultType=INNER_SEARCH_DETAIL&searchMehtod=L&searchClass=S&controlNo=OLDP1000000569,,,,미부착,,검토 불가,검토 불가,,O,,,,,,발행연도 미상,
,2040,국회전자도서관,古文略選,https://dl.nanet.go.kr/search/searchInnerDetail.do?searchType=INNER_SEARCH&resultType=INNER_SEARCH_DETAIL&searchMehtod=L&searchClass=S&controlNo=OLDP1000000566,,,,미부착,,검토 불가,검토 불가,,O,,,,,,발행연도 미상,
,2041,국회전자도서관,三韻聲彙補,https://dl.nanet.go.kr/search/searchInnerDetail.do?searchType=INNER_SEARCH&resultType=INNER_SEARCH_DETAIL&searchMehtod=L&searchClass=S&controlNo=OLDP1000000561,,,,미부착,,검토 불가,검토 불가,,O,,,,,,발행연도 미상,
,2042,국회전자도서관,"養窩遺稿(幷)附錄, 乾, 坤",https://dl.nanet.go.kr/search/searchInnerDetail.do?searchType=INNER_SEARCH&resultType=INNER_SEARCH_DETAIL&searchMehtod=L&searchClass=S&controlNo=OLDP1198029201,,,,미부착,,검토 불가,검토 불가,,O,,,,,,발행연도 미상,
,2043,국회전자도서관,經書類抄,https://dl.nanet.go.kr/search/searchInnerDetail.do?searchType=INNER_SEARCH&resultType=INNER_SEARCH_DETAIL&searchMehtod=L&searchClass=S&controlNo=OLDP1000000158,,,,미부착,,검토 불가,검토 불가,,O,,,,,,발행연도 미상,
,2044,국회전자도서관,儒胥必知,https://dl.nanet.go.kr/search/searchInnerDetail.do?searchType=INNER_SEARCH&resultType=INNER_SEARCH_DETAIL&searchMehtod=L&searchClass=S&controlNo=OLDP1000000155,,,,미부착,,검토 불가,검토 불가,,O,,,,,,발행연도 미상,
,2045,국회전자도서관,事文合部,https://dl.nanet.go.kr/search/searchInnerDetail.do?searchType=INNER_SEARCH&resultType=INNER_SEARCH_DETAIL&searchMehtod=L&searchClass=S&controlNo=OLDP1000000152,,,,미부착,,검토 불가,검토 불가,,O,,,,,,발행연도 미상,
,2046,국회전자도서관,"周易兼義, 冊1-6",https://dl.nanet.go.kr/search/searchInnerDetail.do?searchType=INNER_SEARCH&resultType=INNER_SEARCH_DETAIL&searchMehtod=L&searchClass=S&controlNo=OLDP3000000071,,,,미부착,,검토 불가,검토 불가,,O,,,,,,발행연도 미상,
,2047,국회전자도서관,"易變體義. 冊1, 3, 5",https://dl.nanet.go.kr/search/searchInnerDetail.do?searchType=INNER_SEARCH&resultType=INNER_SEARCH_DETAIL&searchMehtod=L&searchClass=S&controlNo=OLDP3000000068,,,,미부착,,검토 불가,검토 불가,,O,,,,,,발행연도 미상,
,2048,국회전자도서관,"十三經義疑, 冊1-4",https://dl.nanet.go.kr/search/searchInnerDetail.do?searchType=INNER_SEARCH&resultType=INNER_SEARCH_DETAIL&searchMehtod=L&searchClass=S&controlNo=OLDP3000000063,,,,미부착,,검토 불가,검토 불가,,O,,,,,,발행연도 미상,
,2049,국회전자도서관,"近思錄集註, 冊1-6",https://dl.nanet.go.kr/search/searchInnerDetail.do?searchType=INNER_SEARCH&resultType=INNER_SEARCH_DETAIL&searchMehtod=L&searchClass=S&controlNo=OLDP3000000060,,,,미부착,,검토 불가,검토 불가,,O,,,,,,발행연도 미상,
,2050,국회전자도서관,"近思後錄, 冊1, 2",https://dl.nanet.go.kr/search/searchInnerDetail.do?searchType=INNER_SEARCH&resultType=INNER_SEARCH_DETAIL&searchMehtod=L&searchClass=S&controlNo=OLDP3000000059,,,,미부착,,검토 불가,검토 불가,,O,,,,,,발행연도 미상,
,2051,국회전자도서관,"五倫行實圖, 冊1-3",https://dl.nanet.go.kr/search/searchInnerDetail.do?searchType=INNER_SEARCH&resultType=INNER_SEARCH_DETAIL&searchMehtod=L&searchClass=S&controlNo=OLDP1199918236,,,,미부착,,검토 불가,검토 불가,,O,,,,,,발행연도 미상,
,2052,국회전자도서관,"鶴山文集, 1-6",https://dl.nanet.go.kr/search/searchInnerDetail.do?searchType=INNER_SEARCH&resultType=INNER_SEARCH_DETAIL&searchMehtod=L&searchClass=S&controlNo=OLDP1199918166,,,,미부착,,검토 불가,검토 불가,,O,,,,,,발행연도 미상,
,2053,국회전자도서관,夙興夜寐箴集說,https://dl.nanet.go.kr/search/searchInnerDetail.do?searchType=INNER_SEARCH&resultType=INNER_SEARCH_DETAIL&searchMehtod=L&searchClass=S&controlNo=OLDP1000000255,,,,미부착,,검토 불가,검토 불가,,O,,,,,,발행연도 미상,
,2054,국회전자도서관,"朱文酌海, 冊1-8",https://dl.nanet.go.kr/search/searchInnerDetail.do?searchType=INNER_SEARCH&resultType=INNER_SEARCH_DETAIL&searchMehtod=L&searchClass=S&controlNo=OLDP1000000254,,,,미부착,,검토 불가,검토 불가,,O,,,,,,발행연도 미상,
,2055,국회전자도서관,節酌通編(及)補遺. 冊1-12,https://dl.nanet.go.kr/search/searchInnerDetail.do?searchType=INNER_SEARCH&resultType=INNER_SEARCH_DETAIL&searchMehtod=L&searchClass=S&controlNo=OLDP1000000253,,,,미부착,,검토 불가,검토 불가,,O,,,,,,발행연도 미상,
,2056,국회전자도서관,心統性情圖發揮,https://dl.nanet.go.kr/search/searchInnerDetail.do?searchType=INNER_SEARCH&resultType=INNER_SEARCH_DETAIL&searchMehtod=L&searchClass=S&controlNo=OLDP1000000247,,,,미부착,,검토 불가,검토 불가,,O,,,,,,발행연도 미상,
,2057,국회전자도서관,朱子大全. 冊41-51,https://dl.nanet.go.kr/search/searchInnerDetail.do?searchType=INNER_SEARCH&resultType=INNER_SEARCH_DETAIL&searchMehtod=L&searchClass=S&controlNo=OLDP1000000242,,,,미부착,,검토 불가,검토 불가,,O,,,,,,발행연도 미상,
,2058,국회전자도서관,朱子大全. 冊21-30,https://dl.nanet.go.kr/search/searchInnerDetail.do?searchType=INNER_SEARCH&resultType=INNER_SEARCH_DETAIL&searchMehtod=L&searchClass=S&controlNo=OLDP1000000241,,,,미부착,,검토 불가,검토 불가,,O,,,,,,발행연도 미상,
,2059,국회전자도서관,朱子大全. 冊1-10,https://dl.nanet.go.kr/search/searchInnerDetail.do?searchType=INNER_SEARCH&resultType=INNER_SEARCH_DETAIL&searchMehtod=L&searchClass=S&controlNo=OLDP1000000240,,,,미부착,,검토 불가,검토 불가,,O,,,,,,발행연도 미상,
,2060,국회전자도서관,蘇東坡天際烏雲帖眞蹟,https://dl.nanet.go.kr/search/searchInnerDetail.do?searchType=INNER_SEARCH&resultType=INNER_SEARCH_DETAIL&searchMehtod=L&searchClass=S&controlNo=OLDP3198028068,,,,미부착,,검토 불가,검토 불가,,O,,,,,,발행연도 미상,
,2061,국회전자도서관,"食品集, 冊1-2",https://dl.nanet.go.kr/search/searchInnerDetail.do?searchType=INNER_SEARCH&resultType=INNER_SEARCH_DETAIL&searchMehtod=L&searchClass=S&controlNo=OLDP3198028064,,,,미부착,,검토 불가,검토 불가,,O,,,,,,발행연도 미상,
,2062,국회전자도서관,"李明仲營造法式, 冊1-8",https://dl.nanet.go.kr/search/searchInnerDetail.do?searchType=INNER_SEARCH&resultType=INNER_SEARCH_DETAIL&searchMehtod=L&searchClass=S&controlNo=OLDP3198028058,,,,미부착,,검토 불가,검토 불가,,O,,,,,,발행연도 미상,
,2063,국회전자도서관,"難經本義, 冊1-2",https://dl.nanet.go.kr/search/searchInnerDetail.do?searchType=INNER_SEARCH&resultType=INNER_SEARCH_DETAIL&searchMehtod=L&searchClass=S&controlNo=OLDP3198024891,,,,미부착,,검토 불가,검토 불가,,O,,,,,,발행연도 미상,
,2064,국회전자도서관,牧牛子修心訣,https://dl.nanet.go.kr/search/searchInnerDetail.do?searchType=INNER_SEARCH&resultType=INNER_SEARCH_DETAIL&searchMehtod=L&searchClass=S&controlNo=OLDP1000000531,,,,미부착,,검토 불가,검토 불가,,O,,,,,,발행연도 미상,
,2065,국회전자도서관,念佛普勸文,https://dl.nanet.go.kr/search/searchInnerDetail.do?searchType=INNER_SEARCH&resultType=INNER_SEARCH_DETAIL&searchMehtod=L&searchClass=S&controlNo=OLDP1000000519,,,,미부착,,검토 불가,검토 불가,,O,,,,,,발행연도 미상,
,2066,국회전자도서관,"論語諺解, 冊1-4",https://dl.nanet.go.kr/search/searchInnerDetail.do?searchType=INNER_SEARCH&resultType=INNER_SEARCH_DETAIL&searchMehtod=L&searchClass=S&controlNo=OLDP1000000505,,,,미부착,,검토 불가,검토 불가,,O,,,,,,발행연도 미상,
,2067,국회전자도서관,大學或問,https://dl.nanet.go.kr/search/searchInnerDetail.do?searchType=INNER_SEARCH&resultType=INNER_SEARCH_DETAIL&searchMehtod=L&searchClass=S&controlNo=OLDP1000000494,,,,미부착,,검토 불가,검토 불가,,O,,,,,,발행연도 미상,
,2068,국회전자도서관,續大學或問,https://dl.nanet.go.kr/search/searchInnerDetail.do?searchType=INNER_SEARCH&resultType=INNER_SEARCH_DETAIL&searchMehtod=L&searchClass=S&controlNo=OLDP1000000492,,,,미부착,,검토 불가,검토 불가,,O,,,,,,발행연도 미상,
,2069,국회전자도서관,禮記. 冊6-10,https://dl.nanet.go.kr/search/searchInnerDetail.do?searchType=INNER_SEARCH&resultType=INNER_SEARCH_DETAIL&searchMehtod=L&searchClass=S&controlNo=OLDP3201200003,,,,미부착,,검토 불가,검토 불가,,O,,,,,,발행연도 미상,
,2070,국회전자도서관,毛詩註疎. 冊9-16,https://dl.nanet.go.kr/search/searchInnerDetail.do?searchType=INNER_SEARCH&resultType=INNER_SEARCH_DETAIL&searchMehtod=L&searchClass=S&controlNo=OLDP3201200002,,,,미부착,,검토 불가,검토 불가,,O,,,,,,발행연도 미상,
,2071,국회전자도서관,家禮增解(及)目錄. 冊6-10,https://dl.nanet.go.kr/search/searchInnerDetail.do?searchType=INNER_SEARCH&resultType=INNER_SEARCH_DETAIL&searchMehtod=L&searchClass=S&controlNo=OLDP1201200006,,,,미부착,,검토 불가,검토 불가,,O,,,,,,발행연도 미상,
,2072,국회전자도서관,禮記集說大全. 冊7-12,https://dl.nanet.go.kr/search/searchInnerDetail.do?searchType=INNER_SEARCH&resultType=INNER_SEARCH_DETAIL&searchMehtod=L&searchClass=S&controlNo=OLDP1201200011,,,,미부착,,검토 불가,검토 불가,,O,,,,,,발행연도 미상,
,2073,국회전자도서관,常變通攷. 冊7-11,https://dl.nanet.go.kr/search/searchInnerDetail.do?searchType=INNER_SEARCH&resultType=INNER_SEARCH_DETAIL&searchMehtod=L&searchClass=S&controlNo=OLDP1201200017,,,,미부착,,검토 불가,검토 불가,,O,,,,,,발행연도 미상,
,2074,국회전자도서관,常變通攷. 冊12-16,https://dl.nanet.go.kr/search/searchInnerDetail.do?searchType=INNER_SEARCH&resultType=INNER_SEARCH_DETAIL&searchMehtod=L&searchClass=S&controlNo=OLDP1201200018,,,,미부착,,검토 불가,검토 불가,,O,,,,,,발행연도 미상,
,2075,국회전자도서관,孟子諺解. 冊5-7,https://dl.nanet.go.kr/search/searchInnerDetail.do?searchType=INNER_SEARCH&resultType=INNER_SEARCH_DETAIL&searchMehtod=L&searchClass=S&controlNo=OLDP1201200016,,,,미부착,,검토 불가,검토 불가,,O,,,,,,발행연도 미상,
,2076,국회전자도서관,高峯先生文集(及)論思錄. 冊4-5,https://dl.nanet.go.kr/search/searchInnerDetail.do?searchType=INNER_SEARCH&resultType=INNER_SEARCH_DETAIL&searchMehtod=L&searchClass=S&controlNo=OLDP1201200070,,,,미부착,,검토 불가,검토 불가,,O,,,,,,발행연도 미상,
,2077,국회전자도서관,"槐潭遺稿(及)書計쇄錄, 冊1-4",https://dl.nanet.go.kr/search/searchInnerDetail.do?searchType=INNER_SEARCH&resultType=INNER_SEARCH_DETAIL&searchMehtod=L&searchClass=S&controlNo=OLDP1198022457,,,,미부착,,검토 불가,검토 불가,,O,,,,,,발행연도 미상,
,2078,국회전자도서관,"謹齋遺稿, 全",https://dl.nanet.go.kr/search/searchInnerDetail.do?searchType=INNER_SEARCH&resultType=INNER_SEARCH_DETAIL&searchMehtod=L&searchClass=S&controlNo=OLDP1198022384,,,,미부착,,검토 불가,검토 불가,,O,,,,,,발행연도 미상,
,2079,국회전자도서관,"警惰齋文集, 冊1-2",https://dl.nanet.go.kr/search/searchInnerDetail.do?searchType=INNER_SEARCH&resultType=INNER_SEARCH_DETAIL&searchMehtod=L&searchClass=S&controlNo=OLDP1198022366,,,,미부착,,검토 불가,검토 불가,,O,,,,,,발행연도 미상,
,2080,국회전자도서관,千字文,https://dl.nanet.go.kr/search/searchInnerDetail.do?searchType=INNER_SEARCH&resultType=INNER_SEARCH_DETAIL&searchMehtod=L&searchClass=S&controlNo=OLDP1000000565,,,,미부착,,검토 불가,검토 불가,,O,,,,,,발행연도 미상,
,2081,국회전자도서관,高峯先生論思綠,https://dl.nanet.go.kr/search/searchInnerDetail.do?searchType=INNER_SEARCH&resultType=INNER_SEARCH_DETAIL&searchMehtod=L&searchClass=S&controlNo=OLDP1000000216,,,,미부착,,검토 불가,검토 불가,,O,,,,,,발행연도 미상,
,2082,국회전자도서관,"병山先生遺集, 全",https://dl.nanet.go.kr/search/searchInnerDetail.do?searchType=INNER_SEARCH&resultType=INNER_SEARCH_DETAIL&searchMehtod=L&searchClass=S&controlNo=OLDP1198029159,,,,미부착,,검토 불가,검토 불가,,O,,,,,,발행연도 미상,
,2083,국회전자도서관,"忘憂先生文集, 冊1-3",https://dl.nanet.go.kr/search/searchInnerDetail.do?searchType=INNER_SEARCH&resultType=INNER_SEARCH_DETAIL&searchMehtod=L&searchClass=S&controlNo=OLDP1198029107,,,,미부착,,검토 불가,검토 불가,,O,,,,,,발행연도 미상,
,2084,국회전자도서관,大方廣佛華嚴經疎演義鈔. 卷41-60,https://dl.nanet.go.kr/search/searchInnerDetail.do?searchType=INNER_SEARCH&resultType=INNER_SEARCH_DETAIL&searchMehtod=L&searchClass=S&controlNo=OLDP3000000102,,,,미부착,,검토 불가,검토 불가,,O,,,,,,발행연도 미상,
,2085,국회전자도서관,"性理大全會通. 冊1, 2, 14, 15",https://dl.nanet.go.kr/search/searchInnerDetail.do?searchType=INNER_SEARCH&resultType=INNER_SEARCH_DETAIL&searchMehtod=L&searchClass=S&controlNo=OLDP3000000056,,,,미부착,,검토 불가,검토 불가,,O,,,,,,발행연도 미상,
,2086,국회전자도서관,中庸諺解,https://dl.nanet.go.kr/search/searchInnerDetail.do?searchType=INNER_SEARCH&resultType=INNER_SEARCH_DETAIL&searchMehtod=L&searchClass=S&controlNo=OLDP1000000502,,,,미부착,,검토 불가,검토 불가,,O,,,,,,발행연도 미상,
,2087,국회전자도서관,"廬江志(及)續, 冊1-2",https://dl.nanet.go.kr/search/searchInnerDetail.do?searchType=INNER_SEARCH&resultType=INNER_SEARCH_DETAIL&searchMehtod=L&searchClass=S&controlNo=OLDP1000000364,,,,미부착,,검토 불가,검토 불가,,O,,,,,,발행연도 미상,
,2088,국회전자도서관,"禪宗永嘉集, 上, 下",https://dl.nanet.go.kr/search/searchInnerDetail.do?searchType=INNER_SEARCH&resultType=INNER_SEARCH_DETAIL&searchMehtod=L&searchClass=S&controlNo=OLDP1000000334,,,,미부착,,검토 불가,검토 불가,,O,,,,,,발행연도 미상,
,2089,국회전자도서관,"詩經諺解, 冊1-7",https://dl.nanet.go.kr/search/searchInnerDetail.do?searchType=INNER_SEARCH&resultType=INNER_SEARCH_DETAIL&searchMehtod=L&searchClass=S&controlNo=OLDP1000000283,,,,미부착,,검토 불가,검토 불가,,O,,,,,,발행연도 미상,
,2090,국회전자도서관,農巖集(及)續. 冊12-15,https://dl.nanet.go.kr/search/searchInnerDetail.do?searchType=INNER_SEARCH&resultType=INNER_SEARCH_DETAIL&searchMehtod=L&searchClass=S&controlNo=OLDP1201200106,,,,미부착,,검토 불가,검토 불가,,O,,,,,,발행연도 미상,
,2091,국회전자도서관,近齋集. 冊14-16,https://dl.nanet.go.kr/search/searchInnerDetail.do?searchType=INNER_SEARCH&resultType=INNER_SEARCH_DETAIL&searchMehtod=L&searchClass=S&controlNo=OLDP1201200123,,,,미부착,,검토 불가,검토 불가,,O,,,,,,발행연도 미상,
,2092,국회전자도서관,近齋集. 冊5-8,https://dl.nanet.go.kr/search/searchInnerDetail.do?searchType=INNER_SEARCH&resultType=INNER_SEARCH_DETAIL&searchMehtod=L&searchClass=S&controlNo=OLDP1201200121,,,,미부착,,검토 불가,검토 불가,,O,,,,,,발행연도 미상,
,2093,국회전자도서관,同春堂先生文集. 冊4-6,https://dl.nanet.go.kr/search/searchInnerDetail.do?searchType=INNER_SEARCH&resultType=INNER_SEARCH_DETAIL&searchMehtod=L&searchClass=S&controlNo=OLDP1201200134,,,,미부착,,검토 불가,검토 불가,,O,,,,,,발행연도 미상,
,2094,국회전자도서관,同春堂先生文集. 冊10-14,https://dl.nanet.go.kr/search/searchInnerDetail.do?searchType=INNER_SEARCH&resultType=INNER_SEARCH_DETAIL&searchMehtod=L&searchClass=S&controlNo=OLDP1201200136,,,,미부착,,검토 불가,검토 불가,,O,,,,,,발행연도 미상,
,2095,국회전자도서관,西洲文集. 冊5-6,https://dl.nanet.go.kr/search/searchInnerDetail.do?searchType=INNER_SEARCH&resultType=INNER_SEARCH_DETAIL&searchMehtod=L&searchClass=S&controlNo=OLDP1201200085,,,,미부착,,검토 불가,검토 불가,,O,,,,,,발행연도 미상,
,2096,국회전자도서관,遂吾齋先生文集. 冊5-8,https://dl.nanet.go.kr/search/searchInnerDetail.do?searchType=INNER_SEARCH&resultType=INNER_SEARCH_DETAIL&searchMehtod=L&searchClass=S&controlNo=OLDP1201200087,,,,미부착,,검토 불가,검토 불가,,O,,,,,,발행연도 미상,
,2097,국회전자도서관,력菴集(及)別集補遺. 冊5-7,https://dl.nanet.go.kr/search/searchInnerDetail.do?searchType=INNER_SEARCH&resultType=INNER_SEARCH_DETAIL&searchMehtod=L&searchClass=S&controlNo=OLDP1201200073,,,,미부착,,검토 불가,검토 불가,,O,,,,,,발행연도 미상,
,2098,국회전자도서관,東國李相國全集. 冊2,https://dl.nanet.go.kr/search/searchInnerDetail.do?searchType=INNER_SEARCH&resultType=INNER_SEARCH_DETAIL&searchMehtod=L&searchClass=S&controlNo=OLDP1201200130,,,,미부착,,검토 불가,검토 불가,,O,,,,,,발행연도 미상,
,2099,국회전자도서관,近齋集. 冊9-13,https://dl.nanet.go.kr/search/searchInnerDetail.do?searchType=INNER_SEARCH&resultType=INNER_SEARCH_DETAIL&searchMehtod=L&searchClass=S&controlNo=OLDP1201200122,,,,미부착,,검토 불가,검토 불가,,O,,,,,,발행연도 미상,
,2100,국회전자도서관,鶴峯先生文集(及)續. 冊5-8,https://dl.nanet.go.kr/search/searchInnerDetail.do?searchType=INNER_SEARCH&resultType=INNER_SEARCH_DETAIL&searchMehtod=L&searchClass=S&controlNo=OLDP1201200097,,,,미부착,,검토 불가,검토 불가,,O,,,,,,발행연도 미상,
,2101,국회전자도서관,宋子大全附錄. 冊4-6,https://dl.nanet.go.kr/search/searchInnerDetail.do?searchType=INNER_SEARCH&resultType=INNER_SEARCH_DETAIL&searchMehtod=L&searchClass=S&controlNo=OLDP1201200132,,,,미부착,,검토 불가,검토 불가,,O,,,,,,발행연도 미상,
,2102,국회전자도서관,同春堂先生文集. 冊7-9,https://dl.nanet.go.kr/search/searchInnerDetail.do?searchType=INNER_SEARCH&resultType=INNER_SEARCH_DETAIL&searchMehtod=L&searchClass=S&controlNo=OLDP1201200135,,,,미부착,,검토 불가,검토 불가,,O,,,,,,발행연도 미상,
,2103,국회전자도서관,鶴峯先生文集(及)續. 冊9-10,https://dl.nanet.go.kr/search/searchInnerDetail.do?searchType=INNER_SEARCH&resultType=INNER_SEARCH_DETAIL&searchMehtod=L&searchClass=S&controlNo=OLDP1201200098,,,,미부착,,검토 불가,검토 불가,,O,,,,,,발행연도 미상,
,2104,국회전자도서관,農巖集(及)續. 冊6-11,https://dl.nanet.go.kr/search/searchInnerDetail.do?searchType=INNER_SEARCH&resultType=INNER_SEARCH_DETAIL&searchMehtod=L&searchClass=S&controlNo=OLDP1201200105,,,,미부착,,검토 불가,검토 불가,,O,,,,,,발행연도 미상,
,2105,국회전자도서관,志山集. 冊5-6,https://dl.nanet.go.kr/search/searchInnerDetail.do?searchType=INNER_SEARCH&resultType=INNER_SEARCH_DETAIL&searchMehtod=L&searchClass=S&controlNo=OLDP1201200084,,,,미부착,,검토 불가,검토 불가,,O,,,,,,발행연도 미상,
,2106,국회전자도서관,高峯先生文集(及)續. 冊4-6,https://dl.nanet.go.kr/search/searchInnerDetail.do?searchType=INNER_SEARCH&resultType=INNER_SEARCH_DETAIL&searchMehtod=L&searchClass=S&controlNo=OLDP1201200071,,,,미부착,,검토 불가,검토 불가,,O,,,,,,발행연도 미상,
,2107,국회전자도서관,臨汝齋先生文集. 冊4-5,https://dl.nanet.go.kr/search/searchInnerDetail.do?searchType=INNER_SEARCH&resultType=INNER_SEARCH_DETAIL&searchMehtod=L&searchClass=S&controlNo=OLDP1201200144,,,,미부착,,검토 불가,검토 불가,,O,,,,,,발행연도 미상,
,2108,국회전자도서관,拙齋先生文集(及)附錄. 冊5-7,https://dl.nanet.go.kr/search/searchInnerDetail.do?searchType=INNER_SEARCH&resultType=INNER_SEARCH_DETAIL&searchMehtod=L&searchClass=S&controlNo=OLDP1201200146,,,,미부착,,검토 불가,검토 불가,,O,,,,,,발행연도 미상,
,2109,국회전자도서관,遂吾齋先生文集. 冊9-10,https://dl.nanet.go.kr/search/searchInnerDetail.do?searchType=INNER_SEARCH&resultType=INNER_SEARCH_DETAIL&searchMehtod=L&searchClass=S&controlNo=OLDP1201200088,,,,미부착,,검토 불가,검토 불가,,O,,,,,,발행연도 미상,
,2110,국회전자도서관,朱子大全. 冊52-62,https://dl.nanet.go.kr/search/searchInnerDetail.do?searchType=INNER_SEARCH&resultType=INNER_SEARCH_DETAIL&searchMehtod=L&searchClass=S&controlNo=OLDP1201400044,,,,미부착,,검토 불가,검토 불가,,O,,,,,,발행연도 미상,
,2111,국회전자도서관,大方廣佛華嚴經疎鈔. 冊31-40,https://dl.nanet.go.kr/search/searchInnerDetail.do?searchType=INNER_SEARCH&resultType=INNER_SEARCH_DETAIL&searchMehtod=L&searchClass=S&controlNo=OLDP1201400046,,,,미부착,,검토 불가,검토 불가,,O,,,,,,발행연도 미상,
,2112,국회전자도서관,大方廣佛華嚴經疎鈔. 冊51-60,https://dl.nanet.go.kr/search/searchInnerDetail.do?searchType=INNER_SEARCH&resultType=INNER_SEARCH_DETAIL&searchMehtod=L&searchClass=S&controlNo=OLDP1201400047,,,,미부착,,검토 불가,검토 불가,,O,,,,,,발행연도 미상,
,2113,국회전자도서관,大方廣佛華嚴經疎鈔. 冊71-80,https://dl.nanet.go.kr/search/searchInnerDetail.do?searchType=INNER_SEARCH&resultType=INNER_SEARCH_DETAIL&searchMehtod=L&searchClass=S&controlNo=OLDP1201400048,,,,미부착,,검토 불가,검토 불가,,O,,,,,,발행연도 미상,
,2114,국회전자도서관,大方廣佛華嚴經疎鈔. 冊11-20,https://dl.nanet.go.kr/search/searchInnerDetail.do?searchType=INNER_SEARCH&resultType=INNER_SEARCH_DETAIL&searchMehtod=L&searchClass=S&controlNo=OLDP1201400045,,,,미부착,,검토 불가,검토 불가,,O,,,,,,발행연도 미상,
,2115,국회전자도서관,朱子大全. 冊11-20,https://dl.nanet.go.kr/search/searchInnerDetail.do?searchType=INNER_SEARCH&resultType=INNER_SEARCH_DETAIL&searchMehtod=L&searchClass=S&controlNo=OLDP1201400039,,,,미부착,,검토 불가,검토 불가,,O,,,,,,발행연도 미상,
,2116,국회전자도서관,朱子大全. 冊31-40,https://dl.nanet.go.kr/search/searchInnerDetail.do?searchType=INNER_SEARCH&resultType=INNER_SEARCH_DETAIL&searchMehtod=L&searchClass=S&controlNo=OLDP1201400040,,,,미부착,,검토 불가,검토 불가,,O,,,,,,발행연도 미상,
,2117,국회전자도서관,大方廣佛華嚴經疎演義鈔. 卷61-80,https://dl.nanet.go.kr/search/searchInnerDetail.do?searchType=INNER_SEARCH&resultType=INNER_SEARCH_DETAIL&searchMehtod=L&searchClass=S&controlNo=OLDP3201400004,,,,미부착,,검토 불가,검토 불가,,O,,,,,,발행연도 미상,
,2118,국회전자도서관,大方廣佛華嚴經疎演義鈔. 卷13-20,https://dl.nanet.go.kr/search/searchInnerDetail.do?searchType=INNER_SEARCH&resultType=INNER_SEARCH_DETAIL&searchMehtod=L&searchClass=S&controlNo=OLDP3201400002,,,,미부착,,검토 불가,검토 불가,,O,,,,,,발행연도 미상,
,2119,국회전자도서관,節酌通編(及)補遺. 冊1-12,https://dl.nanet.go.kr/search/searchInnerDetail.do?searchType=INNER_SEARCH&resultType=INNER_SEARCH_DETAIL&searchMehtod=L&searchClass=S&controlNo=OLDP1000000253,,,,미부착,,검토 불가,검토 불가,,O,,,,,,발행연도 미상,
,2120,국회전자도서관,心統性情圖發揮,https://dl.nanet.go.kr/search/searchInnerDetail.do?searchType=INNER_SEARCH&resultType=INNER_SEARCH_DETAIL&searchMehtod=L&searchClass=S&controlNo=OLDP1000000247,,,,미부착,,검토 불가,검토 불가,,O,,,,,,발행연도 미상,
,2121,국회전자도서관,朱子大全. 冊41-51,https://dl.nanet.go.kr/search/searchInnerDetail.do?searchType=INNER_SEARCH&resultType=INNER_SEARCH_DETAIL&searchMehtod=L&searchClass=S&controlNo=OLDP1000000242,,,,미부착,,검토 불가,검토 불가,,O,,,,,,발행연도 미상,
,2122,국회전자도서관,朱子大全. 冊21-30,https://dl.nanet.go.kr/search/searchInnerDetail.do?searchType=INNER_SEARCH&resultType=INNER_SEARCH_DETAIL&searchMehtod=L&searchClass=S&controlNo=OLDP1000000241,,,,미부착,,검토 불가,검토 불가,,O,,,,,,발행연도 미상,
,2123,국회전자도서관,朱子大全. 冊1-10,https://dl.nanet.go.kr/search/searchInnerDetail.do?searchType=INNER_SEARCH&resultType=INNER_SEARCH_DETAIL&searchMehtod=L&searchClass=S&controlNo=OLDP1000000240,,,,미부착,,검토 불가,검토 불가,,O,,,,,,발행연도 미상,
,2124,국회전자도서관,啓蒙傳疑,https://dl.nanet.go.kr/search/searchInnerDetail.do?searchType=INNER_SEARCH&resultType=INNER_SEARCH_DETAIL&searchMehtod=L&searchClass=S&controlNo=OLDP1000000235,,,,미부착,,검토 불가,검토 불가,,O,,,,,,발행연도 미상,
,2125,국회전자도서관,"聖學輯要, 冊1, 2",https://dl.nanet.go.kr/search/searchInnerDetail.do?searchType=INNER_SEARCH&resultType=INNER_SEARCH_DETAIL&searchMehtod=L&searchClass=S&controlNo=OLDP1000000232,,,,미부착,,검토 불가,검토 불가,,O,,,,,,발행연도 미상,
,2126,국회전자도서관,蘇東坡天際烏雲帖眞蹟,https://dl.nanet.go.kr/search/searchInnerDetail.do?searchType=INNER_SEARCH&resultType=INNER_SEARCH_DETAIL&searchMehtod=L&searchClass=S&controlNo=OLDP3198028068,,,,미부착,,검토 불가,검토 불가,,O,,,,,,발행연도 미상,
,2127,국회전자도서관,"食品集, 冊1-2",https://dl.nanet.go.kr/search/searchInnerDetail.do?searchType=INNER_SEARCH&resultType=INNER_SEARCH_DETAIL&searchMehtod=L&searchClass=S&controlNo=OLDP3198028064,,,,미부착,,검토 불가,검토 불가,,O,,,,,,발행연도 미상,
,2128,국회전자도서관,"李明仲營造法式, 冊1-8",https://dl.nanet.go.kr/search/searchInnerDetail.do?searchType=INNER_SEARCH&resultType=INNER_SEARCH_DETAIL&searchMehtod=L&searchClass=S&controlNo=OLDP3198028058,,,,미부착,,검토 불가,검토 불가,,O,,,,,,발행연도 미상,
,2129,국회전자도서관,"難經本義, 冊1-2",https://dl.nanet.go.kr/search/searchInnerDetail.do?searchType=INNER_SEARCH&resultType=INNER_SEARCH_DETAIL&searchMehtod=L&searchClass=S&controlNo=OLDP3198024891,,,,미부착,,검토 불가,검토 불가,,O,,,,,,발행연도 미상,
,2130,국회전자도서관,牧牛子修心訣,https://dl.nanet.go.kr/search/searchInnerDetail.do?searchType=INNER_SEARCH&resultType=INNER_SEARCH_DETAIL&searchMehtod=L&searchClass=S&controlNo=OLDP1000000531,,,,미부착,,검토 불가,검토 불가,,O,,,,,,발행연도 미상,
,2131,국회전자도서관,念佛普勸文,https://dl.nanet.go.kr/search/searchInnerDetail.do?searchType=INNER_SEARCH&resultType=INNER_SEARCH_DETAIL&searchMehtod=L&searchClass=S&controlNo=OLDP1000000519,,,,미부착,,검토 불가,검토 불가,,O,,,,,,발행연도 미상,
,2132,국회전자도서관,"論語諺解, 冊1-4",https://dl.nanet.go.kr/search/searchInnerDetail.do?searchType=INNER_SEARCH&resultType=INNER_SEARCH_DETAIL&searchMehtod=L&searchClass=S&controlNo=OLDP1000000505,,,,미부착,,검토 불가,검토 불가,,O,,,,,,발행연도 미상,
,2133,국회전자도서관,大學或問,https://dl.nanet.go.kr/search/searchInnerDetail.do?searchType=INNER_SEARCH&resultType=INNER_SEARCH_DETAIL&searchMehtod=L&searchClass=S&controlNo=OLDP1000000494,,,,미부착,,검토 불가,검토 불가,,O,,,,,,발행연도 미상,
,2134,국회전자도서관,續大學或問,https://dl.nanet.go.kr/search/searchInnerDetail.do?searchType=INNER_SEARCH&resultType=INNER_SEARCH_DETAIL&searchMehtod=L&searchClass=S&controlNo=OLDP1000000492,,,,미부착,,검토 불가,검토 불가,,O,,,,,,발행연도 미상,
,2135,국회전자도서관,禮記. 冊6-10,https://dl.nanet.go.kr/search/searchInnerDetail.do?searchType=INNER_SEARCH&resultType=INNER_SEARCH_DETAIL&searchMehtod=L&searchClass=S&controlNo=OLDP3201200003,,,,미부착,,검토 불가,검토 불가,,O,,,,,,발행연도 미상,
,2136,국회전자도서관,毛詩註疎. 冊9-16,https://dl.nanet.go.kr/search/searchInnerDetail.do?searchType=INNER_SEARCH&resultType=INNER_SEARCH_DETAIL&searchMehtod=L&searchClass=S&controlNo=OLDP3201200002,,,,미부착,,검토 불가,검토 불가,,O,,,,,,발행연도 미상,
,2137,국회전자도서관,家禮增解(及)目錄. 冊6-10,https://dl.nanet.go.kr/search/searchInnerDetail.do?searchType=INNER_SEARCH&resultType=INNER_SEARCH_DETAIL&searchMehtod=L&searchClass=S&controlNo=OLDP1201200006,,,,미부착,,검토 불가,검토 불가,,O,,,,,,발행연도 미상,
,2138,국회전자도서관,禮記集說大全. 冊7-12,https://dl.nanet.go.kr/search/searchInnerDetail.do?searchType=INNER_SEARCH&resultType=INNER_SEARCH_DETAIL&searchMehtod=L&searchClass=S&controlNo=OLDP1201200011,,,,미부착,,검토 불가,검토 불가,,O,,,,,,발행연도 미상,
,2139,국회전자도서관,常變通攷. 冊7-11,https://dl.nanet.go.kr/search/searchInnerDetail.do?searchType=INNER_SEARCH&resultType=INNER_SEARCH_DETAIL&searchMehtod=L&searchClass=S&controlNo=OLDP1201200017,,,,미부착,,검토 불가,검토 불가,,O,,,,,,발행연도 미상,
,2140,국회전자도서관,常變通攷. 冊12-16,https://dl.nanet.go.kr/search/searchInnerDetail.do?searchType=INNER_SEARCH&resultType=INNER_SEARCH_DETAIL&searchMehtod=L&searchClass=S&controlNo=OLDP1201200018,,,,미부착,,검토 불가,검토 불가,,O,,,,,,발행연도 미상,
,2141,국회전자도서관,孟子諺解. 冊5-7,https://dl.nanet.go.kr/search/searchInnerDetail.do?searchType=INNER_SEARCH&resultType=INNER_SEARCH_DETAIL&searchMehtod=L&searchClass=S&controlNo=OLDP1201200016,,,,미부착,,검토 불가,검토 불가,,O,,,,,,발행연도 미상,
,2142,국회전자도서관,高峯先生文集(及)論思錄. 冊4-5,https://dl.nanet.go.kr/search/searchInnerDetail.do?searchType=INNER_SEARCH&resultType=INNER_SEARCH_DETAIL&searchMehtod=L&searchClass=S&controlNo=OLDP1201200070,,,,미부착,,검토 불가,검토 불가,,O,,,,,,발행연도 미상,
,2143,국회전자도서관,"槐潭遺稿(及)書計쇄錄, 冊1-4",https://dl.nanet.go.kr/search/searchInnerDetail.do?searchType=INNER_SEARCH&resultType=INNER_SEARCH_DETAIL&searchMehtod=L&searchClass=S&controlNo=OLDP1198022457,,,,미부착,,검토 불가,검토 불가,,O,,,,,,발행연도 미상,
,2144,국회전자도서관,"謹齋遺稿, 全",https://dl.nanet.go.kr/search/searchInnerDetail.do?searchType=INNER_SEARCH&resultType=INNER_SEARCH_DETAIL&searchMehtod=L&searchClass=S&controlNo=OLDP1198022384,,,,미부착,,검토 불가,검토 불가,,O,,,,,,발행연도 미상,
,2145,국회전자도서관,"警惰齋文集, 冊1-2",https://dl.nanet.go.kr/search/searchInnerDetail.do?searchType=INNER_SEARCH&resultType=INNER_SEARCH_DETAIL&searchMehtod=L&searchClass=S&controlNo=OLDP1198022366,,,,미부착,,검토 불가,검토 불가,,O,,,,,,발행연도 미상,
,2146,국회전자도서관,千字文,https://dl.nanet.go.kr/search/searchInnerDetail.do?searchType=INNER_SEARCH&resultType=INNER_SEARCH_DETAIL&searchMehtod=L&searchClass=S&controlNo=OLDP1000000565,,,,미부착,,검토 불가,검토 불가,,O,,,,,,발행연도 미상,
,2147,국회전자도서관,中庸諺解,https://dl.nanet.go.kr/search/searchInnerDetail.do?searchType=INNER_SEARCH&resultType=INNER_SEARCH_DETAIL&searchMehtod=L&searchClass=S&controlNo=OLDP1000000502,,,,미부착,,검토 불가,검토 불가,,O,,,,,,발행연도 미상,
,2148,국회전자도서관,高峯先生論思綠,https://dl.nanet.go.kr/search/searchInnerDetail.do?searchType=INNER_SEARCH&resultType=INNER_SEARCH_DETAIL&searchMehtod=L&searchClass=S&controlNo=OLDP1000000216,,,,미부착,,검토 불가,검토 불가,,O,,,,,,발행연도 미상,
,2149,국회전자도서관,"병山先生遺集, 全",https://dl.nanet.go.kr/search/searchInnerDetail.do?searchType=INNER_SEARCH&resultType=INNER_SEARCH_DETAIL&searchMehtod=L&searchClass=S&controlNo=OLDP1198029159,,,,미부착,,검토 불가,검토 불가,,O,,,,,,발행연도 미상,
,2150,국회전자도서관,"忘憂先生文集, 冊1-3",https://dl.nanet.go.kr/search/searchInnerDetail.do?searchType=INNER_SEARCH&resultType=INNER_SEARCH_DETAIL&searchMehtod=L&searchClass=S&controlNo=OLDP1198029107,,,,미부착,,검토 불가,검토 불가,,O,,,,,,발행연도 미상,
,2151,국회전자도서관,大方廣佛華嚴經疎演義鈔. 卷41-60,https://dl.nanet.go.kr/search/searchInnerDetail.do?searchType=INNER_SEARCH&resultType=INNER_SEARCH_DETAIL&searchMehtod=L&searchClass=S&controlNo=OLDP3000000102,,,,미부착,,검토 불가,검토 불가,,O,,,,,,발행연도 미상,
,2152,국회전자도서관,"性理大全會通. 冊1, 2, 14, 15",https://dl.nanet.go.kr/search/searchInnerDetail.do?searchType=INNER_SEARCH&resultType=INNER_SEARCH_DETAIL&searchMehtod=L&searchClass=S&controlNo=OLDP3000000056,,,,미부착,,검토 불가,검토 불가,,O,,,,,,발행연도 미상,
,2153,국회전자도서관,"廬江志(及)續, 冊1-2",https://dl.nanet.go.kr/search/searchInnerDetail.do?searchType=INNER_SEARCH&resultType=INNER_SEARCH_DETAIL&searchMehtod=L&searchClass=S&controlNo=OLDP1000000364,,,,미부착,,검토 불가,검토 불가,,O,,,,,,발행연도 미상,
,2154,국회전자도서관,"禪宗永嘉集, 上, 下",https://dl.nanet.go.kr/search/searchInnerDetail.do?searchType=INNER_SEARCH&resultType=INNER_SEARCH_DETAIL&searchMehtod=L&searchClass=S&controlNo=OLDP1000000334,,,,미부착,,검토 불가,검토 불가,,O,,,,,,발행연도 미상,
,2155,국회전자도서관,"詩經諺解, 冊1-7",https://dl.nanet.go.kr/search/searchInnerDetail.do?searchType=INNER_SEARCH&resultType=INNER_SEARCH_DETAIL&searchMehtod=L&searchClass=S&controlNo=OLDP1000000283,,,,미부착,,검토 불가,검토 불가,,O,,,,,,발행연도 미상,
,2156,국회전자도서관,農巖集(及)續. 冊12-15,https://dl.nanet.go.kr/search/searchInnerDetail.do?searchType=INNER_SEARCH&resultType=INNER_SEARCH_DETAIL&searchMehtod=L&searchClass=S&controlNo=OLDP1201200106,,,,미부착,,검토 불가,검토 불가,,O,,,,,,발행연도 미상,
,2157,국회전자도서관,近齋集. 冊14-16,https://dl.nanet.go.kr/search/searchInnerDetail.do?searchType=INNER_SEARCH&resultType=INNER_SEARCH_DETAIL&searchMehtod=L&searchClass=S&controlNo=OLDP1201200123,,,,미부착,,검토 불가,검토 불가,,O,,,,,,발행연도 미상,
,2158,국회전자도서관,近齋集. 冊5-8,https://dl.nanet.go.kr/search/searchInnerDetail.do?searchType=INNER_SEARCH&resultType=INNER_SEARCH_DETAIL&searchMehtod=L&searchClass=S&controlNo=OLDP1201200121,,,,미부착,,검토 불가,검토 불가,,O,,,,,,발행연도 미상,
,2159,국회전자도서관,同春堂先生文集. 冊4-6,https://dl.nanet.go.kr/search/searchInnerDetail.do?searchType=INNER_SEARCH&resultType=INNER_SEARCH_DETAIL&searchMehtod=L&searchClass=S&controlNo=OLDP1201200134,,,,미부착,,검토 불가,검토 불가,,O,,,,,,발행연도 미상,
,2160,국회전자도서관,同春堂先生文集. 冊10-14,https://dl.nanet.go.kr/search/searchInnerDetail.do?searchType=INNER_SEARCH&resultType=INNER_SEARCH_DETAIL&searchMehtod=L&searchClass=S&controlNo=OLDP1201200136,,,,미부착,,검토 불가,검토 불가,,O,,,,,,발행연도 미상,
,2161,국회전자도서관,西洲文集. 冊5-6,https://dl.nanet.go.kr/search/searchInnerDetail.do?searchType=INNER_SEARCH&resultType=INNER_SEARCH_DETAIL&searchMehtod=L&searchClass=S&controlNo=OLDP1201200085,,,,미부착,,검토 불가,검토 불가,,O,,,,,,발행연도 미상,
,2162,국회전자도서관,遂吾齋先生文集. 冊5-8,https://dl.nanet.go.kr/search/searchInnerDetail.do?searchType=INNER_SEARCH&resultType=INNER_SEARCH_DETAIL&searchMehtod=L&searchClass=S&controlNo=OLDP1201200087,,,,미부착,,검토 불가,검토 불가,,O,,,,,,발행연도 미상,
,2163,국회전자도서관,력菴集(及)別集補遺. 冊5-7,https://dl.nanet.go.kr/search/searchInnerDetail.do?searchType=INNER_SEARCH&resultType=INNER_SEARCH_DETAIL&searchMehtod=L&searchClass=S&controlNo=OLDP1201200073,,,,미부착,,검토 불가,검토 불가,,O,,,,,,발행연도 미상,
,2164,국회전자도서관,東國李相國全集. 冊2,https://dl.nanet.go.kr/search/searchInnerDetail.do?searchType=INNER_SEARCH&resultType=INNER_SEARCH_DETAIL&searchMehtod=L&searchClass=S&controlNo=OLDP1201200130,,,,미부착,,검토 불가,검토 불가,,O,,,,,,발행연도 미상,
,2165,국회전자도서관,近齋集. 冊9-13,https://dl.nanet.go.kr/search/searchInnerDetail.do?searchType=INNER_SEARCH&resultType=INNER_SEARCH_DETAIL&searchMehtod=L&searchClass=S&controlNo=OLDP1201200122,,,,미부착,,검토 불가,검토 불가,,O,,,,,,발행연도 미상,
,2166,국회전자도서관,鶴峯先生文集(及)續. 冊5-8,https://dl.nanet.go.kr/search/searchInnerDetail.do?searchType=INNER_SEARCH&resultType=INNER_SEARCH_DETAIL&searchMehtod=L&searchClass=S&controlNo=OLDP1201200097,,,,미부착,,검토 불가,검토 불가,,O,,,,,,발행연도 미상,
,2167,국회전자도서관,遂吾齋先生文集. 冊9-10,https://dl.nanet.go.kr/search/searchInnerDetail.do?searchType=INNER_SEARCH&resultType=INNER_SEARCH_DETAIL&searchMehtod=L&searchClass=S&controlNo=OLDP1201200088,,,,미부착,,검토 불가,검토 불가,,O,,,,,,발행연도 미상,
,2168,국회전자도서관,宋子大全附錄. 冊4-6,https://dl.nanet.go.kr/search/searchInnerDetail.do?searchType=INNER_SEARCH&resultType=INNER_SEARCH_DETAIL&searchMehtod=L&searchClass=S&controlNo=OLDP1201200132,,,,미부착,,검토 불가,검토 불가,,O,,,,,,발행연도 미상,
,2169,국회전자도서관,農巖集(及)續. 冊6-11,https://dl.nanet.go.kr/search/searchInnerDetail.do?searchType=INNER_SEARCH&resultType=INNER_SEARCH_DETAIL&searchMehtod=L&searchClass=S&controlNo=OLDP1201200105,,,,미부착,,검토 불가,검토 불가,,O,,,,,,발행연도 미상,
,2170,국회전자도서관,同春堂先生文集. 冊7-9,https://dl.nanet.go.kr/search/searchInnerDetail.do?searchType=INNER_SEARCH&resultType=INNER_SEARCH_DETAIL&searchMehtod=L&searchClass=S&controlNo=OLDP1201200135,,,,미부착,,검토 불가,검토 불가,,O,,,,,,발행연도 미상,
,2171,국회전자도서관,志山集. 冊5-6,https://dl.nanet.go.kr/search/searchInnerDetail.do?searchType=INNER_SEARCH&resultType=INNER_SEARCH_DETAIL&searchMehtod=L&searchClass=S&controlNo=OLDP1201200084,,,,미부착,,검토 불가,검토 불가,,O,,,,,,발행연도 미상,
,2172,국회전자도서관,鶴峯先生文集(及)續. 冊9-10,https://dl.nanet.go.kr/search/searchInnerDetail.do?searchType=INNER_SEARCH&resultType=INNER_SEARCH_DETAIL&searchMehtod=L&searchClass=S&controlNo=OLDP1201200098,,,,미부착,,검토 불가,검토 불가,,O,,,,,,발행연도 미상,
,2173,국회전자도서관,高峯先生文集(及)續. 冊4-6,https://dl.nanet.go.kr/search/searchInnerDetail.do?searchType=INNER_SEARCH&resultType=INNER_SEARCH_DETAIL&searchMehtod=L&searchClass=S&controlNo=OLDP1201200071,,,,미부착,,검토 불가,검토 불가,,O,,,,,,발행연도 미상,
,2174,국회전자도서관,臨汝齋先生文集. 冊4-5,https://dl.nanet.go.kr/search/searchInnerDetail.do?searchType=INNER_SEARCH&resultType=INNER_SEARCH_DETAIL&searchMehtod=L&searchClass=S&controlNo=OLDP1201200144,,,,미부착,,검토 불가,검토 불가,,O,,,,,,발행연도 미상,
,2175,국회전자도서관,拙齋先生文集(及)附錄. 冊5-7,https://dl.nanet.go.kr/search/searchInnerDetail.do?searchType=INNER_SEARCH&resultType=INNER_SEARCH_DETAIL&searchMehtod=L&searchClass=S&controlNo=OLDP1201200146,,,,미부착,,검토 불가,검토 불가,,O,,,,,,발행연도 미상,
,2176,국회전자도서관,大方廣佛華嚴經疎演義鈔. 卷61-80,https://dl.nanet.go.kr/search/searchInnerDetail.do?searchType=INNER_SEARCH&resultType=INNER_SEARCH_DETAIL&searchMehtod=L&searchClass=S&controlNo=OLDP3201400004,,,,미부착,,검토 불가,검토 불가,,O,,,,,,발행연도 미상,
,2177,국회전자도서관,大方廣佛華嚴經疎演義鈔. 卷13-20,https://dl.nanet.go.kr/search/searchInnerDetail.do?searchType=INNER_SEARCH&resultType=INNER_SEARCH_DETAIL&searchMehtod=L&searchClass=S&controlNo=OLDP3201400002,,,,미부착,,검토 불가,검토 불가,,O,,,,,,발행연도 미상,
,2178,국회전자도서관,朱子大全. 冊52-62,https://dl.nanet.go.kr/search/searchInnerDetail.do?searchType=INNER_SEARCH&resultType=INNER_SEARCH_DETAIL&searchMehtod=L&searchClass=S&controlNo=OLDP1201400044,,,,미부착,,검토 불가,검토 불가,,O,,,,,,발행연도 미상,
,2179,국회전자도서관,大方廣佛華嚴經疎鈔. 冊31-40,https://dl.nanet.go.kr/search/searchInnerDetail.do?searchType=INNER_SEARCH&resultType=INNER_SEARCH_DETAIL&searchMehtod=L&searchClass=S&controlNo=OLDP1201400046,,,,미부착,,검토 불가,검토 불가,,O,,,,,,발행연도 미상,
,2180,국회전자도서관,大方廣佛華嚴經疎鈔. 冊51-60,https://dl.nanet.go.kr/search/searchInnerDetail.do?searchType=INNER_SEARCH&resultType=INNER_SEARCH_DETAIL&searchMehtod=L&searchClass=S&controlNo=OLDP1201400047,,,,미부착,,검토 불가,검토 불가,,O,,,,,,발행연도 미상,
,2181,국회전자도서관,大方廣佛華嚴經疎鈔. 冊71-80,https://dl.nanet.go.kr/search/searchInnerDetail.do?searchType=INNER_SEARCH&resultType=INNER_SEARCH_DETAIL&searchMehtod=L&searchClass=S&controlNo=OLDP1201400048,,,,미부착,,검토 불가,검토 불가,,O,,,,,,발행연도 미상,
,2182,국회전자도서관,大方廣佛華嚴經疎鈔. 冊11-20,https://dl.nanet.go.kr/search/searchInnerDetail.do?searchType=INNER_SEARCH&resultType=INNER_SEARCH_DETAIL&searchMehtod=L&searchClass=S&controlNo=OLDP1201400045,,,,미부착,,검토 불가,검토 불가,,O,,,,,,발행연도 미상,
,2183,국회전자도서관,朱子大全. 冊11-20,https://dl.nanet.go.kr/search/searchInnerDetail.do?searchType=INNER_SEARCH&resultType=INNER_SEARCH_DETAIL&searchMehtod=L&searchClass=S&controlNo=OLDP1201400039,,,,미부착,,검토 불가,검토 불가,,O,,,,,,발행연도 미상,
,2184,국회전자도서관,朱子大全. 冊31-40,https://dl.nanet.go.kr/search/searchInnerDetail.do?searchType=INNER_SEARCH&resultType=INNER_SEARCH_DETAIL&searchMehtod=L&searchClass=S&controlNo=OLDP1201400040,,,,미부착,,검토 불가,검토 불가,,O,,,,,,발행연도 미상,
,2185,국회전자도서관,"悔堂先生文集(幷)附錄, 冊1-2",https://dl.nanet.go.kr/search/searchInnerDetail.do?searchType=INNER_SEARCH&resultType=INNER_SEARCH_DETAIL&searchMehtod=L&searchClass=S&controlNo=OLDP1198029868,,,,미부착,,검토 불가,검토 불가,,O,,,,,,발행연도 미상,
,2186,국회전자도서관,"眞一齋先生文集, 冊1-2",https://dl.nanet.go.kr/search/searchInnerDetail.do?searchType=INNER_SEARCH&resultType=INNER_SEARCH_DETAIL&searchMehtod=L&searchClass=S&controlNo=OLDP1198029870,,,,미부착,,검토 불가,검토 불가,,O,,,,,,발행연도 미상,
,2187,국회전자도서관,"三玉齋集(及)附錄. 冊9-11, 13",https://dl.nanet.go.kr/search/searchInnerDetail.do?searchType=INNER_SEARCH&resultType=INNER_SEARCH_DETAIL&searchMehtod=L&searchClass=S&controlNo=OLDP1201200046,,,,미부착,,검토 불가,검토 불가,,O,,,,,,발행연도 미상,
,2188,국회전자도서관,雲谷事實,https://dl.nanet.go.kr/search/searchInnerDetail.do?searchType=INNER_SEARCH&resultType=INNER_SEARCH_DETAIL&searchMehtod=L&searchClass=S&controlNo=OLDP1198021051,,,,미부착,,검토 불가,검토 불가,,O,,,,,,발행연도 미상,
,2189,국회전자도서관,筆法要訣,https://dl.nanet.go.kr/search/searchInnerDetail.do?searchType=INNER_SEARCH&resultType=INNER_SEARCH_DETAIL&searchMehtod=L&searchClass=S&controlNo=OLDP1198021045,,,,미부착,,검토 불가,검토 불가,,O,,,,,,발행연도 미상,
,2190,국회전자도서관,印藪賞鑑,https://dl.nanet.go.kr/search/searchInnerDetail.do?searchType=INNER_SEARCH&resultType=INNER_SEARCH_DETAIL&searchMehtod=L&searchClass=S&controlNo=OLDP1198021038,,,,미부착,,검토 불가,검토 불가,,O,,,,,,발행연도 미상,
,2191,국회전자도서관,"弦齋遺稿, 全",https://dl.nanet.go.kr/search/searchInnerDetail.do?searchType=INNER_SEARCH&resultType=INNER_SEARCH_DETAIL&searchMehtod=L&searchClass=S&controlNo=OLDP1198029849,,,,미부착,,검토 불가,검토 불가,,O,,,,,,발행연도 미상,
,2192,국회전자도서관,"醫書選奇, 全",https://dl.nanet.go.kr/search/searchInnerDetail.do?searchType=INNER_SEARCH&resultType=INNER_SEARCH_DETAIL&searchMehtod=L&searchClass=S&controlNo=OLDP1198028910,,,,미부착,,검토 불가,검토 불가,,O,,,,,,발행연도 미상,
,2193,국회전자도서관,朱子語類略,https://dl.nanet.go.kr/search/searchInnerDetail.do?searchType=INNER_SEARCH&resultType=INNER_SEARCH_DETAIL&searchMehtod=L&searchClass=S&controlNo=OLDP1000000403,,,,미부착,,검토 불가,검토 불가,,O,,,,,,발행연도 미상,
,2194,국회전자도서관,土軒公遺唾,https://dl.nanet.go.kr/search/searchInnerDetail.do?searchType=INNER_SEARCH&resultType=INNER_SEARCH_DETAIL&searchMehtod=L&searchClass=S&controlNo=OLDP1198021046,,,,미부착,,검토 불가,검토 불가,,O,,,,,,발행연도 미상,
,2195,국회전자도서관,童蒙須知,https://dl.nanet.go.kr/search/searchInnerDetail.do?searchType=INNER_SEARCH&resultType=INNER_SEARCH_DETAIL&searchMehtod=L&searchClass=S&controlNo=OLDP1000000222,,,,미부착,,검토 불가,검토 불가,,O,,,,,,발행연도 미상,
,2196,국회전자도서관,祝文式,https://dl.nanet.go.kr/search/searchInnerDetail.do?searchType=INNER_SEARCH&resultType=INNER_SEARCH_DETAIL&searchMehtod=L&searchClass=S&controlNo=OLDP1000000555,,,,미부착,,검토 불가,검토 불가,,O,,,,,,발행연도 미상,
,2197,국회전자도서관,草簡牘,https://dl.nanet.go.kr/search/searchInnerDetail.do?searchType=INNER_SEARCH&resultType=INNER_SEARCH_DETAIL&searchMehtod=L&searchClass=S&controlNo=OLDP1199918234,,,,미부착,,검토 불가,검토 불가,,O,,,,,,발행연도 미상,
,2198,국회전자도서관,朱子大全抄,https://dl.nanet.go.kr/search/searchInnerDetail.do?searchType=INNER_SEARCH&resultType=INNER_SEARCH_DETAIL&searchMehtod=L&searchClass=S&controlNo=OLDP1199918226,,,,미부착,,검토 불가,검토 불가,,O,,,,,,발행연도 미상,
,2199,국회전자도서관,新刻呂純陽祖師生生數,https://dl.nanet.go.kr/search/searchInnerDetail.do?searchType=INNER_SEARCH&resultType=INNER_SEARCH_DETAIL&searchMehtod=L&searchClass=S&controlNo=OLDP1199918114,,,,미부착,,검토 불가,검토 불가,,O,,,,,,발행연도 미상,
,2200,국회전자도서관,幽閑堂言行錄,https://dl.nanet.go.kr/search/searchInnerDetail.do?searchType=INNER_SEARCH&resultType=INNER_SEARCH_DETAIL&searchMehtod=L&searchClass=S&controlNo=OLDP1199918108,,,,미부착,,검토 불가,검토 불가,,O,,,,,,발행연도 미상,
,2201,국회전자도서관,"御撰資治通鑑綱目, 三編",https://dl.nanet.go.kr/search/searchInnerDetail.do?searchType=INNER_SEARCH&resultType=INNER_SEARCH_DETAIL&searchMehtod=L&searchClass=S&controlNo=OLDP1199918061,,,,미부착,,검토 불가,검토 불가,,O,,,,,,발행연도 미상,
,2202,국회전자도서관,韓客巾衍集,https://dl.nanet.go.kr/search/searchInnerDetail.do?searchType=INNER_SEARCH&resultType=INNER_SEARCH_DETAIL&searchMehtod=L&searchClass=S&controlNo=OLDP1199918057,,,,미부착,,검토 불가,검토 불가,,O,,,,,,발행연도 미상,
,2203,국회전자도서관,"四書釋義, 上, 下",https://dl.nanet.go.kr/search/searchInnerDetail.do?searchType=INNER_SEARCH&resultType=INNER_SEARCH_DETAIL&searchMehtod=L&searchClass=S&controlNo=OLDP1199918050,,,,미부착,,검토 불가,검토 불가,,O,,,,,,발행연도 미상,
,2204,국회전자도서관,東策,https://dl.nanet.go.kr/search/searchInnerDetail.do?searchType=INNER_SEARCH&resultType=INNER_SEARCH_DETAIL&searchMehtod=L&searchClass=S&controlNo=OLDP1199918027,,,,미부착,,검토 불가,검토 불가,,O,,,,,,발행연도 미상,
,2205,국회전자도서관,梅山集,https://dl.nanet.go.kr/search/searchInnerDetail.do?searchType=INNER_SEARCH&resultType=INNER_SEARCH_DETAIL&searchMehtod=L&searchClass=S&controlNo=OLDP1199918022,,,,미부착,,검토 불가,검토 불가,,O,,,,,,발행연도 미상,
,2206,국회전자도서관,各道官祿一覽表,https://dl.nanet.go.kr/search/searchInnerDetail.do?searchType=INNER_SEARCH&resultType=INNER_SEARCH_DETAIL&searchMehtod=L&searchClass=S&controlNo=OLDP1000000586,,,,미부착,,검토 불가,검토 불가,,O,,,,,,발행연도 미상,
,2207,국회전자도서관,物名考,https://dl.nanet.go.kr/search/searchInnerDetail.do?searchType=INNER_SEARCH&resultType=INNER_SEARCH_DETAIL&searchMehtod=L&searchClass=S&controlNo=OLDP1000000570,,,,미부착,,검토 불가,검토 불가,,O,,,,,,발행연도 미상,
,2208,국회전자도서관,阮堂先生印譜,https://dl.nanet.go.kr/search/searchInnerDetail.do?searchType=INNER_SEARCH&resultType=INNER_SEARCH_DETAIL&searchMehtod=L&searchClass=S&controlNo=OLDP1198029130,,,,미부착,,검토 불가,검토 불가,,O,,,,,,발행연도 미상,
,2209,국회전자도서관,治家雜記. 冊1-8,https://dl.nanet.go.kr/search/searchInnerDetail.do?searchType=INNER_SEARCH&resultType=INNER_SEARCH_DETAIL&searchMehtod=L&searchClass=S&controlNo=OLDP1198029123,,,,미부착,,검토 불가,검토 불가,,O,,,,,,발행연도 미상,
,2210,국회전자도서관,土軒公曆記,https://dl.nanet.go.kr/search/searchInnerDetail.do?searchType=INNER_SEARCH&resultType=INNER_SEARCH_DETAIL&searchMehtod=L&searchClass=S&controlNo=OLDP1198028893,,,,미부착,,검토 불가,검토 불가,,O,,,,,,발행연도 미상,
,2211,국회전자도서관,新測步天歌附中星表,https://dl.nanet.go.kr/search/searchInnerDetail.do?searchType=INNER_SEARCH&resultType=INNER_SEARCH_DETAIL&searchMehtod=L&searchClass=S&controlNo=OLDP1198028890,,,,미부착,,검토 불가,검토 불가,,O,,,,,,발행연도 미상,
,2212,국회전자도서관,夢人先生印譜,https://dl.nanet.go.kr/search/searchInnerDetail.do?searchType=INNER_SEARCH&resultType=INNER_SEARCH_DETAIL&searchMehtod=L&searchClass=S&controlNo=OLDP1198021039,,,,미부착,,검토 불가,검토 불가,,O,,,,,,발행연도 미상,
,2213,국회전자도서관,稅租秩,https://dl.nanet.go.kr/search/searchInnerDetail.do?searchType=INNER_SEARCH&resultType=INNER_SEARCH_DETAIL&searchMehtod=L&searchClass=S&controlNo=OLDP1000000440,,,,미부착,,검토 불가,검토 불가,,O,,,,,,발행연도 미상,
,2214,국회전자도서관,幕學提要,https://dl.nanet.go.kr/search/searchInnerDetail.do?searchType=INNER_SEARCH&resultType=INNER_SEARCH_DETAIL&searchMehtod=L&searchClass=S&controlNo=OLDP1000000439,,,,미부착,,검토 불가,검토 불가,,O,,,,,,발행연도 미상,
,2215,국회전자도서관,京簡草,https://dl.nanet.go.kr/search/searchInnerDetail.do?searchType=INNER_SEARCH&resultType=INNER_SEARCH_DETAIL&searchMehtod=L&searchClass=S&controlNo=OLDP1199918019,,,,미부착,,검토 불가,검토 불가,,O,,,,,,발행연도 미상,
,2216,국회전자도서관,鈴方訣,https://dl.nanet.go.kr/search/searchInnerDetail.do?searchType=INNER_SEARCH&resultType=INNER_SEARCH_DETAIL&searchMehtod=L&searchClass=S&controlNo=OLDP1199917931,,,,미부착,,검토 불가,검토 불가,,O,,,,,,발행연도 미상,
,2217,국회전자도서관,香山集抄選,https://dl.nanet.go.kr/search/searchInnerDetail.do?searchType=INNER_SEARCH&resultType=INNER_SEARCH_DETAIL&searchMehtod=L&searchClass=S&controlNo=OLDP1199917921,,,,미부착,,검토 불가,검토 불가,,O,,,,,,발행연도 미상,
,2218,국회전자도서관,"中庸講說, 全",https://dl.nanet.go.kr/search/searchInnerDetail.do?searchType=INNER_SEARCH&resultType=INNER_SEARCH_DETAIL&searchMehtod=L&searchClass=S&controlNo=OLDP1199918191,,,,미부착,,검토 불가,검토 불가,,O,,,,,,발행연도 미상,
,2219,국회전자도서관,임진녹,https://dl.nanet.go.kr/search/searchInnerDetail.do?searchType=INNER_SEARCH&resultType=INNER_SEARCH_DETAIL&searchMehtod=L&searchClass=S&controlNo=OLDP1199918112,,,,미부착,,검토 불가,검토 불가,,O,,,,,,발행연도 미상,
,2220,국회전자도서관,鄭壽卿傳,https://dl.nanet.go.kr/search/searchInnerDetail.do?searchType=INNER_SEARCH&resultType=INNER_SEARCH_DETAIL&searchMehtod=L&searchClass=S&controlNo=OLDP1199918109,,,,미부착,,검토 불가,검토 불가,,O,,,,,,발행연도 미상,
,2221,국회전자도서관,栗里公集,https://dl.nanet.go.kr/search/searchInnerDetail.do?searchType=INNER_SEARCH&resultType=INNER_SEARCH_DETAIL&searchMehtod=L&searchClass=S&controlNo=OLDP1198029087,,,,미부착,,검토 불가,검토 불가,,O,,,,,,발행연도 미상,
,2222,국회전자도서관,돈菴日月,https://dl.nanet.go.kr/search/searchInnerDetail.do?searchType=INNER_SEARCH&resultType=INNER_SEARCH_DETAIL&searchMehtod=L&searchClass=S&controlNo=OLDP1198029084,,,,미부착,,검토 불가,검토 불가,,O,,,,,,발행연도 미상,
,2223,국회전자도서관,千金秘訣,https://dl.nanet.go.kr/search/searchInnerDetail.do?searchType=INNER_SEARCH&resultType=INNER_SEARCH_DETAIL&searchMehtod=L&searchClass=S&controlNo=OLDP1199918026,,,,미부착,,검토 불가,검토 불가,,O,,,,,,발행연도 미상,
,2224,국회전자도서관,崇禎六年癸酉三月二十七日司馬榜目,https://dl.nanet.go.kr/search/searchInnerDetail.do?searchType=INNER_SEARCH&resultType=INNER_SEARCH_DETAIL&searchMehtod=L&searchClass=S&controlNo=OLDP1000000473,,,,미부착,,검토 불가,검토 불가,,O,,,,,,발행연도 미상,
,2225,국회전자도서관,抽句,https://dl.nanet.go.kr/search/searchInnerDetail.do?searchType=INNER_SEARCH&resultType=INNER_SEARCH_DETAIL&searchMehtod=L&searchClass=S&controlNo=OLDP1199917927,,,,미부착,,검토 불가,검토 불가,,O,,,,,,발행연도 미상,
,2226,국회전자도서관,校院錄,https://dl.nanet.go.kr/search/searchInnerDetail.do?searchType=INNER_SEARCH&resultType=INNER_SEARCH_DETAIL&searchMehtod=L&searchClass=S&controlNo=OLDP1000000420,,,,미부착,,검토 불가,검토 불가,,O,,,,,,발행연도 미상,
,2227,국회전자도서관,"近代名人印存, 冊1-2",https://dl.nanet.go.kr/search/searchInnerDetail.do?searchType=INNER_SEARCH&resultType=INNER_SEARCH_DETAIL&searchMehtod=L&searchClass=S&controlNo=OLDP1198029128,,,,미부착,,검토 불가,검토 불가,,O,,,,,,발행연도 미상,
,2228,국회전자도서관,隨後錄,https://dl.nanet.go.kr/search/searchInnerDetail.do?searchType=INNER_SEARCH&resultType=INNER_SEARCH_DETAIL&searchMehtod=L&searchClass=S&controlNo=OLDP1198029122,,,,미부착,,검토 불가,검토 불가,,O,,,,,,발행연도 미상,
,2229,국회전자도서관,官吏須知,https://dl.nanet.go.kr/search/searchInnerDetail.do?searchType=INNER_SEARCH&resultType=INNER_SEARCH_DETAIL&searchMehtod=L&searchClass=S&controlNo=OLDP1000000462,,,,미부착,,검토 불가,검토 불가,,O,,,,,,발행연도 미상,
,2230,국회전자도서관,"公法會通, 冊1-3",https://dl.nanet.go.kr/search/searchInnerDetail.do?searchType=INNER_SEARCH&resultType=INNER_SEARCH_DETAIL&searchMehtod=L&searchClass=S&controlNo=OLDP1000000457,,,,미부착,,검토 불가,검토 불가,,O,,,,,,발행연도 미상,
,2231,국회전자도서관,"決訟類聚, 單",https://dl.nanet.go.kr/search/searchInnerDetail.do?searchType=INNER_SEARCH&resultType=INNER_SEARCH_DETAIL&searchMehtod=L&searchClass=S&controlNo=OLDP1000000454,,,,미부착,,검토 불가,검토 불가,,O,,,,,,발행연도 미상,
,2232,국회전자도서관,書傳大全(幷)詩傳大全,https://dl.nanet.go.kr/search/searchInnerDetail.do?searchType=INNER_SEARCH&resultType=INNER_SEARCH_DETAIL&searchMehtod=L&searchClass=S&controlNo=OLDP1000000276,,,,미부착,,검토 불가,검토 불가,,O,,,,,,발행연도 미상,
,2233,국회전자도서관,朱子言論同異攷,https://dl.nanet.go.kr/search/searchInnerDetail.do?searchType=INNER_SEARCH&resultType=INNER_SEARCH_DETAIL&searchMehtod=L&searchClass=S&controlNo=OLDP1000000262,,,,미부착,,검토 불가,검토 불가,,O,,,,,,발행연도 미상,
,2234,국회전자도서관,三玉齋集(及)附錄. 冊1-5,https://dl.nanet.go.kr/search/searchInnerDetail.do?searchType=INNER_SEARCH&resultType=INNER_SEARCH_DETAIL&searchMehtod=L&searchClass=S&controlNo=OLDP1198029097,,,,미부착,,검토 불가,검토 불가,,O,,,,,,발행연도 미상,
,2235,국회전자도서관,土軒集. 冊2-10,https://dl.nanet.go.kr/search/searchInnerDetail.do?searchType=INNER_SEARCH&resultType=INNER_SEARCH_DETAIL&searchMehtod=L&searchClass=S&controlNo=OLDP1198029088,,,,미부착,,검토 불가,검토 불가,,O,,,,,,발행연도 미상,
,2236,국회전자도서관,"東巖公遺稿, 冊1-4",https://dl.nanet.go.kr/search/searchInnerDetail.do?searchType=INNER_SEARCH&resultType=INNER_SEARCH_DETAIL&searchMehtod=L&searchClass=S&controlNo=OLDP1198029086,,,,미부착,,검토 불가,검토 불가,,O,,,,,,발행연도 미상,
,2237,국회전자도서관,各道幕料考,https://dl.nanet.go.kr/search/searchInnerDetail.do?searchType=INNER_SEARCH&resultType=INNER_SEARCH_DETAIL&searchMehtod=L&searchClass=S&controlNo=OLDP1000000441,,,,미부착,,검토 불가,검토 불가,,O,,,,,,발행연도 미상,
,2238,국회전자도서관,經國鴻猷,https://dl.nanet.go.kr/search/searchInnerDetail.do?searchType=INNER_SEARCH&resultType=INNER_SEARCH_DETAIL&searchMehtod=L&searchClass=S&controlNo=OLDP1000000425,,,,미부착,,검토 불가,검토 불가,,O,,,,,,발행연도 미상,
,2239,국회전자도서관,海月神師崔時亨實史,https://dl.nanet.go.kr/search/searchInnerDetail.do?searchType=INNER_SEARCH&resultType=INNER_SEARCH_DETAIL&searchMehtod=L&searchClass=S&controlNo=OLDP1000000419,,,,미부착,,검토 불가,검토 불가,,O,,,,,,발행연도 미상,
,2240,국회전자도서관,"南華經, 冊1-2",https://dl.nanet.go.kr/search/searchInnerDetail.do?searchType=INNER_SEARCH&resultType=INNER_SEARCH_DETAIL&searchMehtod=L&searchClass=S&controlNo=OLDP1000000412,,,,미부착,,검토 불가,검토 불가,,O,,,,,,발행연도 미상,
,2241,국회전자도서관,李子性理書,https://dl.nanet.go.kr/search/searchInnerDetail.do?searchType=INNER_SEARCH&resultType=INNER_SEARCH_DETAIL&searchMehtod=L&searchClass=S&controlNo=OLDP1199918227,,,,미부착,,검토 불가,검토 불가,,O,,,,,,발행연도 미상,
,2242,국회전자도서관,黃石公素書,https://dl.nanet.go.kr/search/searchInnerDetail.do?searchType=INNER_SEARCH&resultType=INNER_SEARCH_DETAIL&searchMehtod=L&searchClass=S&controlNo=OLDP1199918224,,,,미부착,,검토 불가,검토 불가,,O,,,,,,발행연도 미상,
,2243,국회전자도서관,治家雜記. 冊9-17,https://dl.nanet.go.kr/search/searchInnerDetail.do?searchType=INNER_SEARCH&resultType=INNER_SEARCH_DETAIL&searchMehtod=L&searchClass=S&controlNo=OLDP1201200020,,,,미부착,,검토 불가,검토 불가,,O,,,,,,발행연도 미상,
,2244,국회전자도서관,土軒集. 冊16-20,https://dl.nanet.go.kr/search/searchInnerDetail.do?searchType=INNER_SEARCH&resultType=INNER_SEARCH_DETAIL&searchMehtod=L&searchClass=S&controlNo=OLDP1201200067,,,,미부착,,검토 불가,검토 불가,,O,,,,,,발행연도 미상,
,2245,국회전자도서관,土軒集. 冊11-15,https://dl.nanet.go.kr/search/searchInnerDetail.do?searchType=INNER_SEARCH&resultType=INNER_SEARCH_DETAIL&searchMehtod=L&searchClass=S&controlNo=OLDP1201200066,,,,미부착,,검토 불가,검토 불가,,O,,,,,,발행연도 미상,
,2246,국회전자도서관,三玉齋集(及)附錄. 冊6-8,https://dl.nanet.go.kr/search/searchInnerDetail.do?searchType=INNER_SEARCH&resultType=INNER_SEARCH_DETAIL&searchMehtod=L&searchClass=S&controlNo=OLDP1201200045,,,,미부착,,검토 불가,검토 불가,,O,,,,,,발행연도 미상,
,2247,국회전자도서관,"愛日軒公遺稿, 冊1-4",https://dl.nanet.go.kr/search/searchInnerDetail.do?searchType=INNER_SEARCH&resultType=INNER_SEARCH_DETAIL&searchMehtod=L&searchClass=S&controlNo=OLDP1198029090,,,,미부착,,검토 불가,검토 불가,,O,,,,,,발행연도 미상,
,2248,국회전자도서관,"(精選)東萊先生左氏博議句解, 冊1, 2",https://dl.nanet.go.kr/search/searchInnerDetail.do?searchType=INNER_SEARCH&resultType=INNER_SEARCH_DETAIL&searchMehtod=L&searchClass=S&controlNo=OLDP1000000258,,,,미부착,,검토 불가,검토 불가,,O,,,,,,발행연도 미상,
,2249,국회전자도서관,古文兼簡牘合部,https://dl.nanet.go.kr/search/searchInnerDetail.do?searchType=INNER_SEARCH&resultType=INNER_SEARCH_DETAIL&searchMehtod=L&searchClass=S&controlNo=OLDP1199918012,,,,미부착,,검토 불가,검토 불가,,O,,,,,,발행연도 미상,
,2250,국회전자도서관,"幼學須知, 冊1",https://dl.nanet.go.kr/search/searchInnerDetail.do?searchType=INNER_SEARCH&resultType=INNER_SEARCH_DETAIL&searchMehtod=L&searchClass=S&controlNo=OLDP1000000251,,,,미부착,,검토 불가,검토 불가,,O,,,,,,발행연도 미상,
,2251,국회전자도서관,蒙學史要,https://dl.nanet.go.kr/search/searchInnerDetail.do?searchType=INNER_SEARCH&resultType=INNER_SEARCH_DETAIL&searchMehtod=L&searchClass=S&controlNo=OLDP1000000568,,,,미부착,,검토 불가,검토 불가,,O,,,,,,발행연도 미상,
,2252,국회전자도서관,佛說大報父母恩重經,https://dl.nanet.go.kr/search/searchInnerDetail.do?searchType=INNER_SEARCH&resultType=INNER_SEARCH_DETAIL&searchMehtod=L&searchClass=S&controlNo=OLDP1000000542,,,,미부착,,검토 불가,검토 불가,,O,,,,,,발행연도 미상,
,2253,국회전자도서관,"校訂全韻玉篇, 冊1-2",https://dl.nanet.go.kr/search/searchInnerDetail.do?searchType=INNER_SEARCH&resultType=INNER_SEARCH_DETAIL&searchMehtod=L&searchClass=S&controlNo=OLDP1000000573,,,,미부착,,검토 불가,검토 불가,,O,,,,,,발행연도 미상,
,2254,국회전자도서관,宏智禪師頌古,https://dl.nanet.go.kr/search/searchInnerDetail.do?searchType=INNER_SEARCH&resultType=INNER_SEARCH_DETAIL&searchMehtod=L&searchClass=S&controlNo=OLDP3000000191,,,,미부착,,검토 불가,검토 불가,,O,,,,,,발행연도 미상,
,2255,국회전자도서관,扶餘錦城壇誌,https://dl.nanet.go.kr/search/searchInnerDetail.do?searchType=INNER_SEARCH&resultType=INNER_SEARCH_DETAIL&searchMehtod=L&searchClass=S&controlNo=OLDP1000000592,,,,미부착,,검토 불가,검토 불가,,O,,,,,,발행연도 미상,
,2256,국회전자도서관,"陽宅大成 : 選時造命, 冊1, 5, 別冊",https://dl.nanet.go.kr/search/searchInnerDetail.do?searchType=INNER_SEARCH&resultType=INNER_SEARCH_DETAIL&searchMehtod=L&searchClass=S&controlNo=OLDP3000000054,,,,미부착,,검토 불가,검토 불가,,O,,,,,,발행연도 미상,
,2257,국회전자도서관,"爾雅註疎, 冊1-4",https://dl.nanet.go.kr/search/searchInnerDetail.do?searchType=INNER_SEARCH&resultType=INNER_SEARCH_DETAIL&searchMehtod=L&searchClass=S&controlNo=OLDP3000000079,,,,미부착,,검토 불가,검토 불가,,O,,,,,,발행연도 미상,
,2258,국회전자도서관,"內外備傳, 全",https://dl.nanet.go.kr/search/searchInnerDetail.do?searchType=INNER_SEARCH&resultType=INNER_SEARCH_DETAIL&searchMehtod=L&searchClass=S&controlNo=OLDP1200500315,,,,미부착,,검토 불가,검토 불가,,O,,,,,,발행연도 미상,
,2259,국회전자도서관,蘊櫝. 全,https://dl.nanet.go.kr/search/searchInnerDetail.do?searchType=INNER_SEARCH&resultType=INNER_SEARCH_DETAIL&searchMehtod=L&searchClass=S&controlNo=OLDP1198040480,,,,미부착,,검토 불가,검토 불가,,O,,,,,,발행연도 미상,
,2260,국회전자도서관,續資治通鑑綱目. 冊8-15,https://dl.nanet.go.kr/search/searchInnerDetail.do?searchType=INNER_SEARCH&resultType=INNER_SEARCH_DETAIL&searchMehtod=L&searchClass=S&controlNo=OLDP1201400013,,,,미부착,,검토 불가,검토 불가,,O,,,,,,발행연도 미상,
,2261,국회전자도서관,文獻公手簡,https://dl.nanet.go.kr/search/searchInnerDetail.do?searchType=INNER_SEARCH&resultType=INNER_SEARCH_DETAIL&searchMehtod=L&searchClass=S&controlNo=OLDP1000000033,,,,미부착,,검토 불가,검토 불가,,O,,,,,,발행연도 미상,
,2262,국회전자도서관,"木齋家塾彙纂麗史. 冊11-18, 20-22",https://dl.nanet.go.kr/search/searchInnerDetail.do?searchType=INNER_SEARCH&resultType=INNER_SEARCH_DETAIL&searchMehtod=L&searchClass=S&controlNo=OLDP1201400008,,,,미부착,,검토 불가,검토 불가,,O,,,,,,발행연도 미상,
,2263,국회전자도서관,"史要聚選, 春, 夏, 秋, 冬",https://dl.nanet.go.kr/search/searchInnerDetail.do?searchType=INNER_SEARCH&resultType=INNER_SEARCH_DETAIL&searchMehtod=L&searchClass=S&controlNo=OLDP1200500305,,,,미부착,,검토 불가,검토 불가,,O,,,,,,발행연도 미상,
,2264,국회전자도서관,"密陽孫氏世譜, 冊1-3",https://dl.nanet.go.kr/search/searchInnerDetail.do?searchType=INNER_SEARCH&resultType=INNER_SEARCH_DETAIL&searchMehtod=L&searchClass=S&controlNo=OLDP1200500319,,,,미부착,,검토 불가,검토 불가,,O,,,,,,발행연도 미상,
,2265,국회전자도서관,"史要聚選, 冊1-2",https://dl.nanet.go.kr/search/searchInnerDetail.do?searchType=INNER_SEARCH&resultType=INNER_SEARCH_DETAIL&searchMehtod=L&searchClass=S&controlNo=OLDP1200500307,,,,미부착,,검토 불가,검토 불가,,O,,,,,,발행연도 미상,
,2266,국회전자도서관,"史要聚選, 仁, 義, 禮, 智, 信",https://dl.nanet.go.kr/search/searchInnerDetail.do?searchType=INNER_SEARCH&resultType=INNER_SEARCH_DETAIL&searchMehtod=L&searchClass=S&controlNo=OLDP1200500288,,,,미부착,,검토 불가,검토 불가,,O,,,,,,발행연도 미상,
,2267,국회전자도서관,"新羅朴氏璿源續修世譜, 全",https://dl.nanet.go.kr/search/searchInnerDetail.do?searchType=INNER_SEARCH&resultType=INNER_SEARCH_DETAIL&searchMehtod=L&searchClass=S&controlNo=OLDP1200500345,,,,미부착,,검토 불가,검토 불가,,O,,,,,,발행연도 미상,
,2268,국회전자도서관,"史要聚選, 春, 夏, 秋, 冬",https://dl.nanet.go.kr/search/searchInnerDetail.do?searchType=INNER_SEARCH&resultType=INNER_SEARCH_DETAIL&searchMehtod=L&searchClass=S&controlNo=OLDP1200500320,,,,미부착,,검토 불가,검토 불가,,O,,,,,,발행연도 미상,
,2269,국회전자도서관,"後滄先生續集, 1-4",https://dl.nanet.go.kr/search/searchInnerDetail.do?searchType=INNER_SEARCH&resultType=INNER_SEARCH_DETAIL&searchMehtod=L&searchClass=S&controlNo=OLDP1200527938,,,,미부착,,검토 불가,검토 불가,,O,,,,,,발행연도 미상,
,2270,국회전자도서관,"白川劉氏世譜, 1-5",https://dl.nanet.go.kr/search/searchInnerDetail.do?searchType=INNER_SEARCH&resultType=INNER_SEARCH_DETAIL&searchMehtod=L&searchClass=S&controlNo=OLDP1200500343,,,,미부착,,검토 불가,검토 불가,,O,,,,,,발행연도 미상,
,2271,국회전자도서관,巨平尉日記,https://dl.nanet.go.kr/search/searchInnerDetail.do?searchType=INNER_SEARCH&resultType=INNER_SEARCH_DETAIL&searchMehtod=L&searchClass=S&controlNo=OLDP1000000139,,,,미부착,,검토 불가,검토 불가,,O,,,,,,발행연도 미상,
,2272,국회전자도서관,元章愛餘,https://dl.nanet.go.kr/search/searchInnerDetail.do?searchType=INNER_SEARCH&resultType=INNER_SEARCH_DETAIL&searchMehtod=L&searchClass=S&controlNo=OLDP1198021036,,,,미부착,,검토 불가,검토 불가,,O,,,,,,발행연도 미상,
,2273,국회전자도서관,麗末李朝初古書帳,https://dl.nanet.go.kr/search/searchInnerDetail.do?searchType=INNER_SEARCH&resultType=INNER_SEARCH_DETAIL&searchMehtod=L&searchClass=S&controlNo=OLDP1000000046,,,,미부착,,검토 불가,검토 불가,,O,,,,,,발행연도 미상,
,2274,국회전자도서관,"北譜, 全",https://dl.nanet.go.kr/search/searchInnerDetail.do?searchType=INNER_SEARCH&resultType=INNER_SEARCH_DETAIL&searchMehtod=L&searchClass=S&controlNo=OLDP1198040930,,,,미부착,,검토 불가,검토 불가,,O,,,,,,발행연도 미상,
,2275,국회전자도서관,易學啓蒙要解. 1-2,https://dl.nanet.go.kr/search/searchInnerDetail.do?searchType=INNER_SEARCH&resultType=INNER_SEARCH_DETAIL&searchMehtod=L&searchClass=S&controlNo=OLDP1000000098,,,,미부착,,검토 불가,검토 불가,,O,,,,,,발행연도 미상,
,2276,국회전자도서관,梁書,https://dl.nanet.go.kr/search/searchInnerDetail.do?searchType=INNER_SEARCH&resultType=INNER_SEARCH_DETAIL&searchMehtod=L&searchClass=S&controlNo=OLDP1200316223,,,,미부착,,검토 불가,검토 불가,,O,,,,,,발행연도 미상,
,2277,국회전자도서관,方氏墨譜. 3,https://dl.nanet.go.kr/search/searchInnerDetail.do?searchType=INNER_SEARCH&resultType=INNER_SEARCH_DETAIL&searchMehtod=L&searchClass=S&controlNo=OLDP3198028075,,,,미부착,,검토 불가,검토 불가,,O,,,,,,발행연도 미상,
,2278,국회전자도서관,陳書,https://dl.nanet.go.kr/search/searchInnerDetail.do?searchType=INNER_SEARCH&resultType=INNER_SEARCH_DETAIL&searchMehtod=L&searchClass=S&controlNo=OLDP1200316185,,,,미부착,,검토 불가,검토 불가,,O,,,,,,발행연도 미상,
,2279,국회전자도서관,여자행실,https://dl.nanet.go.kr/search/searchInnerDetail.do?searchType=INNER_SEARCH&resultType=INNER_SEARCH_DETAIL&searchMehtod=L&searchClass=S&controlNo=OLDP1000000545,,,,미부착,,검토 불가,검토 불가,,O,,,,,,발행연도 미상,
,2280,국회전자도서관,璿源系譜紀略. 1-8,https://dl.nanet.go.kr/search/searchInnerDetail.do?searchType=INNER_SEARCH&resultType=INNER_SEARCH_DETAIL&searchMehtod=L&searchClass=S&controlNo=OLDP1201500027,,,,미부착,,검토 불가,검토 불가,,O,,,,,,발행연도 미상,
,2281,국회전자도서관,廣州李氏族譜 : 丙辰譜. 1-7卷,https://dl.nanet.go.kr/search/searchInnerDetail.do?searchType=INNER_SEARCH&resultType=INNER_SEARCH_DETAIL&searchMehtod=L&searchClass=S&controlNo=OLDP1201500026,,,,미부착,,검토 불가,검토 불가,,O,,,,,,발행연도 미상,
,2282,국회전자도서관,洪吉童傳,https://dl.nanet.go.kr/search/searchInnerDetail.do?searchType=INNER_SEARCH&resultType=INNER_SEARCH_DETAIL&searchMehtod=L&searchClass=S&controlNo=OLDP1201500050,,,,미부착,,검토 불가,검토 불가,,O,,,,,,발행연도 미상,
,2283,국회전자도서관,安東權氏世譜,https://dl.nanet.go.kr/search/searchInnerDetail.do?searchType=INNER_SEARCH&resultType=INNER_SEARCH_DETAIL&searchMehtod=L&searchClass=S&controlNo=OLDP1000000100,,,,미부착,,검토 불가,검토 불가,,O,,,,,,발행연도 미상,
,2284,국회전자도서관,韓國古活字譜,https://dl.nanet.go.kr/search/searchInnerDetail.do?searchType=INNER_SEARCH&resultType=INNER_SEARCH_DETAIL&searchMehtod=L&searchClass=S&controlNo=OLDP1000000082,,,,미부착,,검토 불가,검토 불가,,O,,,,,,발행연도 미상,
,2285,국회전자도서관,晦齋先生文集,https://dl.nanet.go.kr/search/searchInnerDetail.do?searchType=INNER_SEARCH&resultType=INNER_SEARCH_DETAIL&searchMehtod=L&searchClass=S&controlNo=OLDP1000000116,,,,미부착,,검토 불가,검토 불가,,O,,,,,,발행연도 미상,
,2286,국회전자도서관,鵝洲雜錄. 19-35,https://dl.nanet.go.kr/search/searchInnerDetail.do?searchType=INNER_SEARCH&resultType=INNER_SEARCH_DETAIL&searchMehtod=L&searchClass=S&controlNo=OLDP1000000144,,,,미부착,,검토 불가,검토 불가,,O,,,,,,발행연도 미상,
,2287,국회전자도서관,洪耳溪遺著,https://dl.nanet.go.kr/search/searchInnerDetail.do?searchType=INNER_SEARCH&resultType=INNER_SEARCH_DETAIL&searchMehtod=L&searchClass=S&controlNo=OLDP1198021063,,,,미부착,,검토 불가,검토 불가,,O,,,,,,발행연도 미상,
,2288,국회전자도서관,鵝洲雜錄. 1-18,https://dl.nanet.go.kr/search/searchInnerDetail.do?searchType=INNER_SEARCH&resultType=INNER_SEARCH_DETAIL&searchMehtod=L&searchClass=S&controlNo=OLDP1000000143,,,,미부착,,검토 불가,검토 불가,,O,,,,,,발행연도 미상,
,2289,국회전자도서관,"疏箚. 19, 21-24, 26-27",https://dl.nanet.go.kr/search/searchInnerDetail.do?searchType=INNER_SEARCH&resultType=INNER_SEARCH_DETAIL&searchMehtod=L&searchClass=S&controlNo=OLDP1000000124,,,,미부착,,검토 불가,검토 불가,,O,,,,,,발행연도 미상,
