철도산업정보센터 공공저작물 권리확인 대상 목록,,,,,,,,,,,,,,,,,,,
순번,사이트명,게시판 진입 과정,게시판명,게시물 제목,URL,등록일,기존 공공누리 유형,,개방여부,공공누리유형,,검토불가,단순/업무/비보호,제3자 권리,이미지/첨부파일,초상권,개인정보,의견,비고
1,철도산업정보센터,HOME > 철도역사관 > 철도통합연표,철도통합연표,프랑스 휘브릴사(Fives Lile)가 경의선 부설권을 얻다,http://www.kric.go.kr/jsp/board/portal/sub06/intergrateTableList.jsp,1899-07-03,미부착,,개방 가능,공공누리 1유형,,,O,,,,,단순 정보,
2,철도산업정보센터,HOME > 철도역사관 > 철도통합연표,철도통합연표,대한철도회사가 경의선 부설권을 얻다,,1899-07-08,미부착,,개방 가능,공공누리 1유형,,,O,,,,,단순 정보,
3,철도산업정보센터,HOME > 철도역사관 > 철도통합연표,철도통합연표,궁내부 내장원에 서북철도국 설치,,1899-09-13,미부착,,개방 가능,공공누리 1유형,,,O,,,,,단순 정보,
4,철도산업정보센터,HOME > 철도역사관 > 철도통합연표,철도통합연표,경인선(노량진 ~ 제물포) 33.2km 개통,,1899-09-18,미부착,,개방 가능,공공누리 1유형,,,O,,,,,단순 정보,
5,철도산업정보센터,HOME > 철도역사관 > 철도통합연표,철도통합연표,경인선 노량진-제물포간 개통으로 영업개시,,1899-09-18,미부착,,개방 가능,공공누리 1유형,,,O,,,,,단순 정보,
6,철도산업정보센터,HOME > 철도역사관 > 철도통합연표,철도통합연표,축현역(杻峴驛)으로 영업개시,,1899-09-18,미부착,,개방 가능,공공누리 1유형,,,O,,,,,단순 정보,
7,철도산업정보센터,HOME > 철도역사관 > 철도통합연표,철도통합연표,경인철도(현재 경인선) 개통과 함께 영업 개시,,1899-09-18,미부착,,개방 가능,공공누리 1유형,,,O,,,,,단순 정보,
8,철도산업정보센터,HOME > 철도역사관 > 철도통합연표,철도통합연표,소사역(素砂驛)으로 영업개시,,1899-09-18,미부착,,개방 가능,공공누리 1유형,,,O,,,,,단순 정보,
9,철도산업정보센터,HOME > 철도역사관 > 철도통합연표,철도통합연표,경인선 개통으로 영업 개시,,1899-09-18,미부착,,개방 가능,공공누리 1유형,,,O,,,,,단순 정보,
10,철도산업정보센터,HOME > 철도역사관 > 철도통합연표,철도통합연표,보통역으로 영업개시,,1899-09-18,미부착,,개방 가능,공공누리 1유형,,,O,,,,,단순 정보,
11,철도산업정보센터,HOME > 철도역사관 > 철도통합연표,철도통합연표,정부기관인 내장원(內藏院)에 서부철도국을 두고 서울-개성 간 선로 측량을 시작,,1900-00-00,미부착,,개방 가능,공공누리 1유형,,,O,,,,,단순 정보,
12,철도산업정보센터,HOME > 철도역사관 > 철도통합연표,철도통합연표,한강교량 준공,,1900-07-05 00:00:00,미부착,,개방 가능,공공누리 1유형,,,O,,,,,단순 정보,
13,철도산업정보센터,HOME > 철도역사관 > 철도통합연표,철도통합연표,경성역으로 영업개시,,1900-07-08 00:00:00,미부착,,개방 가능,공공누리 1유형,,,O,,,,,단순 정보,
14,철도산업정보센터,HOME > 철도역사관 > 철도통합연표,철도통합연표,보통역으로 영업개시,,1900-07-08 00:00:00,미부착,,개방 가능,공공누리 1유형,,,O,,,,,단순 정보,
15,철도산업정보센터,HOME > 철도역사관 > 철도통합연표,철도통합연표,착공,,1901-08-21 00:00:00,미부착,,개방 가능,공공누리 1유형,,,O,,,,,단순 정보,
16,철도산업정보센터,HOME > 철도역사관 > 철도통합연표,철도통합연표,기공,,1902-00-00,미부착,,개방 가능,공공누리 1유형,,,O,,,,,단순 정보,
17,철도산업정보센터,HOME > 철도역사관 > 철도통합연표,철도통합연표,러일전쟁으로 일본이 서울-신의주 간 군용철도를 부설하기 위해 임시군용철도감부를 설치,,1904-00-00,미부착,,개방 가능,공공누리 1유형,,,O,,,,,단순 정보,
18,철도산업정보센터,HOME > 철도역사관 > 철도통합연표,철도통합연표,용산-개성 구간의 노반공사 착수,,1904-03-00,미부착,,개방 가능,공공누리 1유형,,,O,,,,,단순 정보,
19,철도산업정보센터,HOME > 철도역사관 > 철도통합연표,철도통합연표,보통역으로 영업개시,,1904-04-04 00:00:00,미부착,,개방 가능,공공누리 1유형,,,O,,,,,단순 정보,
20,철도산업정보센터,HOME > 철도역사관 > 철도통합연표,철도통합연표,영업개시,,1904-04-04 00:00:00,미부착,,개방 가능,공공누리 1유형,,,O,,,,,단순 정보,
21,철도산업정보센터,HOME > 철도역사관 > 철도통합연표,철도통합연표,초량-청도간 개통에 따라 설치,,1904-07-01 00:00:00,미부착,,개방 가능,공공누리 1유형,,,O,,,,,단순 정보,
22,철도산업정보센터,HOME > 철도역사관 > 철도통합연표,철도통합연표,평양-신의주 구간 완공,,1905-00-00,미부착,,개방 가능,공공누리 1유형,,,O,,,,,단순 정보,
23,철도산업정보센터,HOME > 철도역사관 > 철도통합연표,철도통합연표,영업개시,,1905-01-01 00:00:00,미부착,,개방 가능,공공누리 1유형,,,O,,,,,단순 정보,
24,철도산업정보센터,HOME > 철도역사관 > 철도통합연표,철도통합연표,경부선(서울～초량) 전구간 운수영업 개시,,1905-01-01 00:00:00,미부착,,개방 가능,공공누리 1유형,,,O,,,,,단순 정보,
25,철도산업정보센터,HOME > 철도역사관 > 철도통합연표,철도통합연표,운전취급역으로 영업개시,,1905-01-01 00:00:00,미부착,,개방 가능,공공누리 1유형,,,O,,,,,단순 정보,
26,철도산업정보센터,HOME > 철도역사관 > 철도통합연표,철도통합연표,군포장역으로 영업개시,,1905-01-01 00:00:00,미부착,,개방 가능,공공누리 1유형,,,O,,,,,단순 정보,
27,철도산업정보센터,HOME > 철도역사관 > 철도통합연표,철도통합연표,영업개시,,1905-01-01 00:00:00,미부착,,개방 가능,공공누리 1유형,,,O,,,,,단순 정보,
28,철도산업정보센터,HOME > 철도역사관 > 철도통합연표,철도통합연표,무배치간이역으로 영업개시.,,1905-01-01 00:00:00,미부착,,개방 가능,공공누리 1유형,,,O,,,,,단순 정보,
29,철도산업정보센터,HOME > 철도역사관 > 철도통합연표,철도통합연표,보통역으로 영업개시,,1905-01-01 00:00:00,미부착,,개방 가능,공공누리 1유형,,,O,,,,,단순 정보,
30,철도산업정보센터,HOME > 철도역사관 > 철도통합연표,철도통합연표,무배치간이역으로 영업개시,,1905-01-01 00:00:00,미부착,,개방 가능,공공누리 1유형,,,O,,,,,단순 정보,
31,철도산업정보센터,HOME > 철도역사관 > 철도통합연표,철도통합연표,영업개시,,1905-01-01 00:00:00,미부착,,개방 가능,공공누리 1유형,,,O,,,,,단순 정보,
32,철도산업정보센터,HOME > 철도역사관 > 철도통합연표,철도통합연표,역명변경(경성→남대문),,1905-03-24 00:00:00,미부착,,개방 가능,공공누리 1유형,,,O,,,,,단순 정보,
33,철도산업정보센터,HOME > 철도역사관 > 철도통합연표,철도통합연표,삼랑진-마산간 준공으로 영업개시.,,1905-05-01 00:00:00,미부착,,개방 가능,공공누리 1유형,,,O,,,,,단순 정보,
34,철도산업정보센터,HOME > 철도역사관 > 철도통합연표,철도통합연표,보통역으로 영업개시(요람집에는 1907411일로 기재),,1905-05-13 00:00:00,미부착,,개방 가능,공공누리 1유형,,,O,,,,,단순 정보,
35,철도산업정보센터,HOME > 철도역사관 > 철도통합연표,철도통합연표,삼랑진-마산 개통,,1905-05-26 00:00:00,미부착,,개방 가능,공공누리 1유형,,,O,,,,,단순 정보,
36,철도산업정보센터,HOME > 철도역사관 > 철도통합연표,철도통합연표,삼랑진-마산간 단선철도 개통,,1905-05-26 00:00:00,미부착,,개방 가능,공공누리 1유형,,,O,,,,,단순 정보,
37,철도산업정보센터,HOME > 철도역사관 > 철도통합연표,철도통합연표,개통식 (서대문),,1905-05-28 00:00:00,미부착,,개방 가능,공공누리 1유형,,,O,,,,,단순 정보,
38,철도산업정보센터,HOME > 철도역사관 > 철도통합연표,철도통합연표,청천강·대령강 철교가 준공되면서 전구간이 개통,,1906-00-00,미부착,,개방 가능,공공누리 1유형,,,O,,,,,단순 정보,
39,철도산업정보센터,HOME > 철도역사관 > 철도통합연표,철도통합연표,보통역으로 영업개시,,1906-01-20 00:00:00,미부착,,개방 가능,공공누리 1유형,,,O,,,,,단순 정보,
40,철도산업정보센터,HOME > 철도역사관 > 철도통합연표,철도통합연표,보통역으로 영업개시,,1906-04-03 00:00:00,미부착,,개방 가능,공공누리 1유형,,,O,,,,,단순 정보,
41,철도산업정보센터,HOME > 철도역사관 > 철도통합연표,철도통합연표,보통역으로 영업개시,,1906-04-04 00:00:00,미부착,,개방 가능,공공누리 1유형,,,O,,,,,단순 정보,
42,철도산업정보센터,HOME > 철도역사관 > 철도통합연표,철도통합연표,일반운수 업무개시 및 보통역으로 승격,,1906-05-15 00:00:00,미부착,,개방 가능,공공누리 1유형,,,O,,,,,단순 정보,
43,철도산업정보센터,HOME > 철도역사관 > 철도통합연표,철도통합연표,배치간이역으로 승격,,1906-07-01 00:00:00,미부착,,개방 가능,공공누리 1유형,,,O,,,,,단순 정보,
44,철도산업정보센터,HOME > 철도역사관 > 철도통합연표,철도통합연표,보통역으로 승격,,1906-08-15 00:00:00,미부착,,개방 가능,공공누리 1유형,,,O,,,,,단순 정보,
45,철도산업정보센터,HOME > 철도역사관 > 철도통합연표,철도통합연표,보통역으로 승격,,1906-08-25 00:00:00,미부착,,개방 가능,공공누리 1유형,,,O,,,,,단순 정보,
46,철도산업정보센터,HOME > 철도역사관 > 철도통합연표,철도통합연표,역사준공,,1906-11-01 00:00:00,미부착,,개방 가능,공공누리 1유형,,,O,,,,,단순 정보,
47,철도산업정보센터,HOME > 철도역사관 > 철도통합연표,철도통합연표,영업개시(요람집에는 동121일로 기재),,1906-12-12 00:00:00,미부착,,개방 가능,공공누리 1유형,,,O,,,,,단순 정보,
48,철도산업정보센터,HOME > 철도역사관 > 철도통합연표,철도통합연표,신의주 - 부산 사이(경부철도·경의철도)에 한국 최초의 급행열차인 융희호(隆熙號)가 운행되기 시작,,1908-00-00,미부착,,개방 가능,공공누리 1유형,,,O,,,,,단순 정보,
49,철도산업정보센터,HOME > 철도역사관 > 철도통합연표,철도통합연표,보통역으로 영업개시,,1908-04-01 00:00:00,미부착,,개방 가능,공공누리 1유형,,,O,,,,,단순 정보,
50,철도산업정보센터,HOME > 철도역사관 > 철도통합연표,철도통합연표,영업개시,,1908-04-01 00:00:00,미부착,,개방 가능,공공누리 1유형,,,O,,,,,단순 정보,
51,철도산업정보센터,HOME > 철도역사관 > 철도통합연표,철도통합연표,영업개시,,1908-05-20 00:00:00,미부착,,개방 가능,공공누리 1유형,,,O,,,,,단순 정보,
52,철도산업정보센터,HOME > 철도역사관 > 철도통합연표,철도통합연표,보통역으로 영업개시,,1909-11-01 00:00:00,미부착,,개방 가능,공공누리 1유형,,,O,,,,,단순 정보,
53,철도산업정보센터,HOME > 철도역사관 > 철도통합연표,철도통합연표,대전-연산 간 24.3리를 비롯하여 8개 공사구간 설정,,1910-01-00,미부착,,개방 가능,공공누리 1유형,,,O,,,,,단순 정보,
54,철도산업정보센터,HOME > 철도역사관 > 철도통합연표,철도통합연표,영업개시,,1910-01-00,미부착,,개방 가능,공공누리 1유형,,,O,,,,,단순 정보,
55,철도산업정보센터,HOME > 철도역사관 > 철도통합연표,철도통합연표,역사준공,,1910-10-01 00:00:00,미부착,,개방 가능,공공누리 1유형,,,O,,,,,단순 정보,
56,철도산업정보센터,HOME > 철도역사관 > 철도통합연표,철도통합연표,영업개시(출처:1910105조선총독부관보 고시 제 14호)(요람집에는 1899918일로 기재),,1910-10-21 00:00:00,미부착,,개방 가능,공공누리 1유형,,,O,,,,,단순 정보,
57,철도산업정보센터,HOME > 철도역사관 > 철도통합연표,철도통합연표,압록강 철교 완공,,1911-00-00,미부착,,개방 가능,공공누리 1유형,,,O,,,,,단순 정보,
58,철도산업정보센터,HOME > 철도역사관 > 철도통합연표,철도통합연표,군산-강경 간 31.2리를 착공,,1911-03-00,미부착,,개방 가능,공공누리 1유형,,,O,,,,,단순 정보,
59,철도산업정보센터,HOME > 철도역사관 > 철도통합연표,철도통합연표,영업개시,,1911-07-10 00:00:00,미부착,,개방 가능,공공누리 1유형,,,O,,,,,단순 정보,
60,철도산업정보센터,HOME > 철도역사관 > 철도통합연표,철도통합연표,보통역으로 영업개시,,1911-07-10 00:00:00,미부착,,개방 가능,공공누리 1유형,,,O,,,,,단순 정보,
61,철도산업정보센터,HOME > 철도역사관 > 철도통합연표,철도통합연표,용산~의정부 개통,,1911-10-01 00:00:00,미부착,,개방 가능,공공누리 1유형,,,O,,,,,단순 정보,
62,철도산업정보센터,HOME > 철도역사관 > 철도통합연표,철도통합연표,보통역으로 영업개시(독도(纛島)역),,1911-10-15 00:00:00,미부착,,개방 가능,공공누리 1유형,,,O,,,,,단순 정보,
63,철도산업정보센터,HOME > 철도역사관 > 철도통합연표,철도통합연표,영업개시,,1911-10-15 00:00:00,미부착,,개방 가능,공공누리 1유형,,,O,,,,,단순 정보,
64,철도산업정보센터,HOME > 철도역사관 > 철도통합연표,철도통합연표,보통역으로 영업개시,,1911-10-15 00:00:00,미부착,,개방 가능,공공누리 1유형,,,O,,,,,단순 정보,
65,철도산업정보센터,HOME > 철도역사관 > 철도통합연표,철도통합연표,보통역으로 영업개시,,1911-11-15 00:00:00,미부착,,개방 가능,공공누리 1유형,,,O,,,,,단순 정보,
66,철도산업정보센터,HOME > 철도역사관 > 철도통합연표,철도통합연표,김제-이리 간 11.1리를 착공,,1911-12-00,미부착,,개방 가능,공공누리 1유형,,,O,,,,,단순 정보,
67,철도산업정보센터,HOME > 철도역사관 > 철도통합연표,철도통합연표,화물취급 중지,,1912-02-21 00:00:00,미부착,,개방 가능,공공누리 1유형,,,O,,,,,단순 정보,
68,철도산업정보센터,HOME > 철도역사관 > 철도통합연표,철도통합연표,군산-강경 간 완공,,1912-03-06 00:00:00,미부착,,개방 가능,공공누리 1유형,,,O,,,,,단순 정보,
69,철도산업정보센터,HOME > 철도역사관 > 철도통합연표,철도통합연표,지경간이역으로 영업개시,,1912-03-06 00:00:00,미부착,,개방 가능,공공누리 1유형,,,O,,,,,단순 정보,
70,철도산업정보센터,HOME > 철도역사관 > 철도통합연표,철도통합연표,보통역으로 영업개시,,1912-03-06 00:00:00,미부착,,개방 가능,공공누리 1유형,,,O,,,,,단순 정보,
71,철도산업정보센터,HOME > 철도역사관 > 철도통합연표,철도통합연표,의정부~연천 개통,,1912-07-02 00:00:00,미부착,,개방 가능,공공누리 1유형,,,O,,,,,단순 정보,
72,철도산업정보센터,HOME > 철도역사관 > 철도통합연표,철도통합연표,보통역으로 영업개시,,1912-07-25 00:00:00,미부착,,개방 가능,공공누리 1유형,,,O,,,,,단순 정보,
73,철도산업정보센터,HOME > 철도역사관 > 철도통합연표,철도통합연표,동두천역으로 영업개시,,1912-07-25 00:00:00,미부착,,개방 가능,공공누리 1유형,,,O,,,,,단순 정보,
74,철도산업정보센터,HOME > 철도역사관 > 철도통합연표,철도통합연표,영업개시,,1912-07-25 00:00:00,미부착,,개방 가능,공공누리 1유형,,,O,,,,,단순 정보,
75,철도산업정보센터,HOME > 철도역사관 > 철도통합연표,철도통합연표,김제-이리 간 완공,,1912-10-01 00:00:00,미부착,,개방 가능,공공누리 1유형,,,O,,,,,단순 정보,
76,철도산업정보센터,HOME > 철도역사관 > 철도통합연표,철도통합연표,보통역으로 영업개시,,1912-10-01 00:00:00,미부착,,개방 가능,공공누리 1유형,,,O,,,,,단순 정보,
77,철도산업정보센터,HOME > 철도역사관 > 철도통합연표,철도통합연표,영업개시,,1912-10-01 00:00:00,미부착,,개방 가능,공공누리 1유형,,,O,,,,,단순 정보,
78,철도산업정보센터,HOME > 철도역사관 > 철도통합연표,철도통합연표,"화물, 소화물취급 개시",,1912-10-01 00:00:00,미부착,,개방 가능,공공누리 1유형,,,O,,,,,단순 정보,
79,철도산업정보센터,HOME > 철도역사관 > 철도통합연표,철도통합연표,보통역으로 승격과 동시에 화물 및 소화물취급 개시,,1912-10-01 00:00:00,미부착,,개방 가능,공공누리 1유형,,,O,,,,,단순 정보,
80,철도산업정보센터,HOME > 철도역사관 > 철도통합연표,철도통합연표,영업개시,,1912-10-21 00:00:00,미부착,,개방 가능,공공누리 1유형,,,O,,,,,단순 정보,
81,철도산업정보센터,HOME > 철도역사관 > 철도통합연표,철도통합연표,태인역으로 영업개시,,1912-12-01 00:00:00,미부착,,개방 가능,공공누리 1유형,,,O,,,,,단순 정보,
82,철도산업정보센터,HOME > 철도역사관 > 철도통합연표,철도통합연표,보통역으로 영업개시,,1912-12-01 00:00:00,미부착,,개방 가능,공공누리 1유형,,,O,,,,,단순 정보,
83,철도산업정보센터,HOME > 철도역사관 > 철도통합연표,철도통합연표,전북철도주식회사가 철도부설면허를 받음,,1913-01-00,미부착,,개방 가능,공공누리 1유형,,,O,,,,,단순 정보,
84,철도산업정보센터,HOME > 철도역사관 > 철도통합연표,철도통합연표,역사준공,,1913-02-01 00:00:00,미부착,,개방 가능,공공누리 1유형,,,O,,,,,단순 정보,
85,철도산업정보센터,HOME > 철도역사관 > 철도통합연표,철도통합연표,화물취급 개시,,1913-02-11 00:00:00,미부착,,개방 가능,공공누리 1유형,,,O,,,,,단순 정보,
86,철도산업정보센터,HOME > 철도역사관 > 철도통합연표,철도통합연표,보통역으로 영업개시,,1913-05-15 00:00:00,미부착,,개방 가능,공공누리 1유형,,,O,,,,,단순 정보,
87,철도산업정보센터,HOME > 철도역사관 > 철도통합연표,철도통합연표,무배치간이역으로 영업개시,,1913-05-15 00:00:00,미부착,,개방 가능,공공누리 1유형,,,O,,,,,단순 정보,
88,철도산업정보센터,HOME > 철도역사관 > 철도통합연표,철도통합연표,보통역으로 영업개시(삼향역),,1913-05-15 00:00:00,미부착,,개방 가능,공공누리 1유형,,,O,,,,,단순 정보,
89,철도산업정보센터,HOME > 철도역사관 > 철도통합연표,철도통합연표,영업개시,,1913-05-15 00:00:00,미부착,,개방 가능,공공누리 1유형,,,O,,,,,단순 정보,
90,철도산업정보센터,HOME > 철도역사관 > 철도통합연표,철도통합연표,보통역으로 영업개시(학교역),,1913-05-15 00:00:00,미부착,,개방 가능,공공누리 1유형,,,O,,,,,단순 정보,
91,철도산업정보센터,HOME > 철도역사관 > 철도통합연표,철도통합연표,영업개시(고막원역역사에는 191421간이역으로 개역 기록),,1913-07-01 00:00:00,미부착,,개방 가능,공공누리 1유형,,,O,,,,,단순 정보,
92,철도산업정보센터,HOME > 철도역사관 > 철도통합연표,철도통합연표,보통역으로 영업개시,,1913-07-01 00:00:00,미부착,,개방 가능,공공누리 1유형,,,O,,,,,단순 정보,
93,철도산업정보센터,HOME > 철도역사관 > 철도통합연표,철도통합연표,보통역으로 영업개시,,1913-07-01 00:00:00,미부착,,개방 가능,공공누리 1유형,,,O,,,,,단순 정보,
94,철도산업정보센터,HOME > 철도역사관 > 철도통합연표,철도통합연표,보통역으로 영업개시,,1913-10-01 00:00:00,미부착,,개방 가능,공공누리 1유형,,,O,,,,,단순 정보,
95,철도산업정보센터,HOME > 철도역사관 > 철도통합연표,철도통합연표,화물취급 개시,,1913-12-10 00:00:00,미부착,,개방 가능,공공누리 1유형,,,O,,,,,단순 정보,
96,철도산업정보센터,HOME > 철도역사관 > 철도통합연표,철도통합연표,정읍-광주송정 간 35.5리를 완공,,1914-01-11 00:00:00,미부착,,개방 가능,공공누리 1유형,,,O,,,,,단순 정보,
97,철도산업정보센터,HOME > 철도역사관 > 철도통합연표,철도통합연표,호남선(대전～목포) 전통,,1914-01-11 00:00:00,미부착,,개방 가능,공공누리 1유형,,,O,,,,,단순 정보,
98,철도산업정보센터,HOME > 철도역사관 > 철도통합연표,철도통합연표,배치간이역으로 영업개시(사가리역),,1914-01-11 00:00:00,미부착,,개방 가능,공공누리 1유형,,,O,,,,,단순 정보,
99,철도산업정보센터,HOME > 철도역사관 > 철도통합연표,철도통합연표,보통역으로 영업개시,,1914-01-11 00:00:00,미부착,,개방 가능,공공누리 1유형,,,O,,,,,단순 정보,
100,철도산업정보센터,HOME > 철도역사관 > 철도통합연표,철도통합연표,배치간이역으로 영업개시,,1914-01-11 00:00:00,미부착,,개방 가능,공공누리 1유형,,,O,,,,,단순 정보,
101,철도산업정보센터,HOME > 철도역사관 > 철도통합연표,철도통합연표,보통역으로 영업개시,,1914-01-11 00:00:00,미부착,,개방 가능,공공누리 1유형,,,O,,,,,단순 정보,
102,철도산업정보센터,HOME > 철도역사관 > 철도통합연표,철도통합연표,전북철도주식회사 회사설립 (자본금30만원),,1914-02-00,미부착,,개방 가능,공공누리 1유형,,,O,,,,,단순 정보,
103,철도산업정보센터,HOME > 철도역사관 > 철도통합연표,철도통합연표,화물취급개시,,1914-04-11 00:00:00,미부착,,개방 가능,공공누리 1유형,,,O,,,,,단순 정보,
104,철도산업정보센터,HOME > 철도역사관 > 철도통합연표,철도통합연표,역명변경(독도→왕십리),,1914-04-11 00:00:00,미부착,,개방 가능,공공누리 1유형,,,O,,,,,단순 정보,
105,철도산업정보센터,HOME > 철도역사관 > 철도통합연표,철도통합연표,토목공사 착수,,1914-05-00,미부착,,개방 가능,공공누리 1유형,,,O,,,,,단순 정보,
106,철도산업정보센터,HOME > 철도역사관 > 철도통합연표,철도통합연표,경원선(용산 ~ 원산) 개통,,1914-08-16 00:00:00,미부착,,개방 가능,공공누리 1유형,,,O,,,,,단순 정보,
107,철도산업정보센터,HOME > 철도역사관 > 철도통합연표,철도통합연표,연천~원산 개통,,1914-09-16 00:00:00,미부착,,개방 가능,공공누리 1유형,,,O,,,,,단순 정보,
108,철도산업정보센터,HOME > 철도역사관 > 철도통합연표,철도통합연표,준공,,1914-10-00,미부착,,개방 가능,공공누리 1유형,,,O,,,,,단순 정보,
109,철도산업정보센터,HOME > 철도역사관 > 철도통합연표,철도통합연표,여객운송 개시,,1914-10-17 00:00:00,미부착,,개방 가능,공공누리 1유형,,,O,,,,,단순 정보,
110,철도산업정보센터,HOME > 철도역사관 > 철도통합연표,철도통합연표,협궤철도 부설 완료,,1914-11-12 00:00:00,미부착,,개방 가능,공공누리 1유형,,,O,,,,,단순 정보,
111,철도산업정보센터,HOME > 철도역사관 > 철도통합연표,철도통합연표,전라선 이리(현 익산)~전주 구간 영업 개시.,,1914-11-17 00:00:00,미부착,,개방 가능,공공누리 1유형,,,O,,,,,단순 정보,
112,철도산업정보센터,HOME > 철도역사관 > 철도통합연표,철도통합연표,보통역으로 영업개시(구이리역),,1914-11-17 00:00:00,미부착,,개방 가능,공공누리 1유형,,,O,,,,,단순 정보,
113,철도산업정보센터,HOME > 철도역사관 > 철도통합연표,철도통합연표,서노송동에서 보통역으로 영업개시,,1914-11-17 00:00:00,미부착,,개방 가능,공공누리 1유형,,,O,,,,,단순 정보,
114,철도산업정보센터,HOME > 철도역사관 > 철도통합연표,철도통합연표,보통역으로 영업개시,,1914-11-17 00:00:00,미부착,,개방 가능,공공누리 1유형,,,O,,,,,단순 정보,
115,철도산업정보센터,HOME > 철도역사관 > 철도통합연표,철도통합연표,화물운송 개시,,1914-12-01 00:00:00,미부착,,개방 가능,공공누리 1유형,,,O,,,,,단순 정보,
116,철도산업정보센터,HOME > 철도역사관 > 철도통합연표,철도통합연표,보통역으로 영업개시,,1915-01-16 00:00:00,미부착,,개방 가능,공공누리 1유형,,,O,,,,,단순 정보,
117,철도산업정보센터,HOME > 철도역사관 > 철도통합연표,철도통합연표,구역사 준공,,1915-01-16 00:00:00,미부착,,개방 가능,공공누리 1유형,,,O,,,,,단순 정보,
118,철도산업정보센터,HOME > 철도역사관 > 철도통합연표,철도통합연표,역명변경(남대문→경성),,1915-10-15 00:00:00,미부착,,개방 가능,공공누리 1유형,,,O,,,,,단순 정보,
119,철도산업정보센터,HOME > 철도역사관 > 철도통합연표,철도통합연표,화물취급 개시,,1915-12-01 00:00:00,미부착,,개방 가능,공공누리 1유형,,,O,,,,,단순 정보,
120,철도산업정보센터,HOME > 철도역사관 > 철도통합연표,철도통합연표,"부강 - 대전간, 약목 - 대구간 개량 ",,1916-02-00,미부착,,개방 가능,공공누리 1유형,,,O,,,,,단순 정보,
121,철도산업정보센터,HOME > 철도역사관 > 철도통합연표,철도통합연표,김천~약목간 철도 이설로 폐역,,1916-10-01 00:00:00,미부착,,개방 가능,공공누리 1유형,,,O,,,,,단순 정보,
122,철도산업정보센터,HOME > 철도역사관 > 철도통합연표,철도통합연표,화물취급 개시,,1916-10-15 00:00:00,미부착,,개방 가능,공공누리 1유형,,,O,,,,,단순 정보,
123,철도산업정보센터,HOME > 철도역사관 > 철도통합연표,철도통합연표,김천 - 약목간 개량 (구미 경유로 이설),,1916-11-01 00:00:00,미부착,,개방 가능,공공누리 1유형,,,O,,,,,단순 정보,
124,철도산업정보센터,HOME > 철도역사관 > 철도통합연표,철도통합연표,보통역으로 영업개시,,1916-11-01 00:00:00,미부착,,개방 가능,공공누리 1유형,,,O,,,,,단순 정보,
125,철도산업정보센터,HOME > 철도역사관 > 철도통합연표,철도통합연표,동대구역~영천역 간 대구선이 개통되었다.,,1917-00-00,미부착,,개방 가능,공공누리 1유형,,,O,,,,,단순 정보,
126,철도산업정보센터,HOME > 철도역사관 > 철도통합연표,철도통합연표,화물취급 개시,,1917-02-01 00:00:00,미부착,,개방 가능,공공누리 1유형,,,O,,,,,단순 정보,
127,철도산업정보센터,HOME > 철도역사관 > 철도통합연표,철도통합연표,영업개시(검사동),,1917-12-24 00:00:00,미부착,,개방 가능,공공누리 1유형,,,O,,,,,단순 정보,
128,철도산업정보센터,HOME > 철도역사관 > 철도통합연표,철도통합연표,보통역으로 영업개시,,1917-12-24 00:00:00,미부착,,개방 가능,공공누리 1유형,,,O,,,,,단순 정보,
129,철도산업정보센터,HOME > 철도역사관 > 철도통합연표,철도통합연표,보통역으로 영업개시,,1917-12-24 00:00:00,미부착,,개방 가능,공공누리 1유형,,,O,,,,,단순 정보,
130,철도산업정보센터,HOME > 철도역사관 > 철도통합연표,철도통합연표,부산진 - 부산간 복선화,,1918-06-00,미부착,,개방 가능,공공누리 1유형,,,O,,,,,단순 정보,
131,철도산업정보센터,HOME > 철도역사관 > 철도통합연표,철도통합연표,보통역으로 영업개시,,1918-07-18 00:00:00,미부착,,개방 가능,공공누리 1유형,,,O,,,,,단순 정보,
132,철도산업정보센터,HOME > 철도역사관 > 철도통합연표,철도통합연표,보통역으로 영업개시,,1918-07-25 00:00:00,미부착,,개방 가능,공공누리 1유형,,,O,,,,,단순 정보,
133,철도산업정보센터,HOME > 철도역사관 > 철도통합연표,철도통합연표,보통역으로 영업개시,,1918-10-25 00:00:00,미부착,,개방 가능,공공누리 1유형,,,O,,,,,단순 정보,
134,철도산업정보센터,HOME > 철도역사관 > 철도통합연표,철도통합연표,조선경북동부철도의 사철 노선으로 경주-포항 사이를 영업(762mm 협궤),,1918-10-31 00:00:00,미부착,,개방 가능,공공누리 1유형,,,O,,,,,단순 정보,
135,철도산업정보센터,HOME > 철도역사관 > 철도통합연표,철도통합연표,보통역으로 영업개시(협궤선).,,1918-11-01 00:00:00,미부착,,개방 가능,공공누리 1유형,,,O,,,,,단순 정보,
136,철도산업정보센터,HOME > 철도역사관 > 철도통합연표,철도통합연표,조선경편철도주식회사 금호~서악간 개통시 영업개시,,1918-11-01 00:00:00,미부착,,개방 가능,공공누리 1유형,,,O,,,,,단순 정보,
137,철도산업정보센터,HOME > 철도역사관 > 철도통합연표,철도통합연표,영업개시(서악역),,1918-11-01 00:00:00,미부착,,개방 가능,공공누리 1유형,,,O,,,,,단순 정보,
138,철도산업정보센터,HOME > 철도역사관 > 철도통합연표,철도통합연표,영업개시,,1918-11-01 00:00:00,미부착,,개방 가능,공공누리 1유형,,,O,,,,,단순 정보,
139,철도산업정보센터,HOME > 철도역사관 > 철도통합연표,철도통합연표,보통역으로 영업개시,,1918-11-01 00:00:00,미부착,,개방 가능,공공누리 1유형,,,O,,,,,단순 정보,
140,철도산업정보센터,HOME > 철도역사관 > 철도통합연표,철도통합연표,배치간이역으로 영업개시,,1918-11-16 00:00:00,미부착,,개방 가능,공공누리 1유형,,,O,,,,,단순 정보,
141,철도산업정보센터,HOME > 철도역사관 > 철도통합연표,철도통합연표,배치간이역으로 영업개시,,1918-12-28 00:00:00,미부착,,개방 가능,공공누리 1유형,,,O,,,,,단순 정보,
142,철도산업정보센터,HOME > 철도역사관 > 철도통합연표,철도통합연표,영업개시,,1918-12-28 00:00:00,미부착,,개방 가능,공공누리 1유형,,,O,,,,,단순 정보,
143,철도산업정보센터,HOME > 철도역사관 > 철도통합연표,철도통합연표,보통역으로 영업개시,,1918-12-28 00:00:00,미부착,,개방 가능,공공누리 1유형,,,O,,,,,단순 정보,
144,철도산업정보센터,HOME > 철도역사관 > 철도통합연표,철도통합연표,무배치간이역으로 영업개시(당시엔 도지(道只)역으로 개역),,1919-01-14 00:00:00,미부착,,개방 가능,공공누리 1유형,,,O,,,,,단순 정보,
145,철도산업정보센터,HOME > 철도역사관 > 철도통합연표,철도통합연표,영업개시,,1919-01-14 00:00:00,미부착,,개방 가능,공공누리 1유형,,,O,,,,,단순 정보,
146,철도산업정보센터,HOME > 철도역사관 > 철도통합연표,철도통합연표,배치간이역으로 승격,,1919-05-21 00:00:00,미부착,,개방 가능,공공누리 1유형,,,O,,,,,단순 정보,
147,철도산업정보센터,HOME > 철도역사관 > 철도통합연표,철도통합연표,영동 - 김천간 개량,,1919-06-00,미부착,,개방 가능,공공누리 1유형,,,O,,,,,단순 정보,
148,철도산업정보센터,HOME > 철도역사관 > 철도통합연표,철도통합연표,보통역으로 승격,,1919-06-01 00:00:00,미부착,,개방 가능,공공누리 1유형,,,O,,,,,단순 정보,
149,철도산업정보센터,HOME > 철도역사관 > 철도통합연표,철도통합연표,배치간이역으로 승격.,,1919-06-20 00:00:00,미부착,,개방 가능,공공누리 1유형,,,O,,,,,단순 정보,
150,철도산업정보센터,HOME > 철도역사관 > 철도통합연표,철도통합연표,보통역으로 승격,,1919-06-24 00:00:00,미부착,,개방 가능,공공누리 1유형,,,O,,,,,단순 정보,
151,철도산업정보센터,HOME > 철도역사관 > 철도통합연표,철도통합연표,금장정차장으로 영업개시(추측),,1919-06-25 00:00:00,미부착,,개방 가능,공공누리 1유형,,,O,,,,,단순 정보,
152,철도산업정보센터,HOME > 철도역사관 > 철도통합연표,철도통합연표,영업개시,,1919-06-25 00:00:00,미부착,,개방 가능,공공누리 1유형,,,O,,,,,단순 정보,
153,철도산업정보센터,HOME > 철도역사관 > 철도통합연표,철도통합연표,남성현 신호소로 영업개시,,1919-08-01 00:00:00,미부착,,개방 가능,공공누리 1유형,,,O,,,,,단순 정보,
154,철도산업정보센터,HOME > 철도역사관 > 철도통합연표,철도통합연표,조선경남철도주식회사 천안~안성간 28.4km 부설 허가 취득. 초기 명칭은 경기선.,,1919-09-30 00:00:00,미부착,,개방 가능,공공누리 1유형,,,O,,,,,단순 정보,
155,철도산업정보센터,HOME > 철도역사관 > 철도통합연표,철도통합연표,대전 - 영동간 개량,,1919-12-00,미부착,,개방 가능,공공누리 1유형,,,O,,,,,단순 정보,
156,철도산업정보센터,HOME > 철도역사관 > 철도통합연표,철도통합연표,보통역으로 승격,,1919-12-30 00:00:00,미부착,,개방 가능,공공누리 1유형,,,O,,,,,단순 정보,
157,철도산업정보센터,HOME > 철도역사관 > 철도통합연표,철도통합연표,조선중앙철도주식회사 충북선 조치원~청주간 착공,,1920-03-00,미부착,,개방 가능,공공누리 1유형,,,O,,,,,단순 정보,
158,철도산업정보센터,HOME > 철도역사관 > 철도통합연표,철도통합연표,역사신축이전,,1920-10-25 00:00:00,미부착,,개방 가능,공공누리 1유형,,,O,,,,,단순 정보,
159,철도산업정보센터,HOME > 철도역사관 > 철도통합연표,철도통합연표,배치간이역으로 영업개시,,1921-01-01 00:00:00,미부착,,개방 가능,공공누리 1유형,,,O,,,,,단순 정보,
160,철도산업정보센터,HOME > 철도역사관 > 철도통합연표,철도통합연표,보통역으로 영업개시,,1921-07-21 00:00:00,미부착,,개방 가능,공공누리 1유형,,,O,,,,,단순 정보,
161,철도산업정보센터,HOME > 철도역사관 > 철도통합연표,철도통합연표,신호소로 영업개시,,1921-09-20 00:00:00,미부착,,개방 가능,공공누리 1유형,,,O,,,,,단순 정보,
162,철도산업정보센터,HOME > 철도역사관 > 철도통합연표,철도통합연표,진해선 창원~진해간 착공.,,1921-10-10 00:00:00,미부착,,개방 가능,공공누리 1유형,,,O,,,,,단순 정보,
163,철도산업정보센터,HOME > 철도역사관 > 철도통합연표,철도통합연표,정류장으로 영업개시,,1921-10-25 00:00:00,미부착,,개방 가능,공공누리 1유형,,,O,,,,,단순 정보,
164,철도산업정보센터,HOME > 철도역사관 > 철도통합연표,철도통합연표,영업개시,,1921-10-25 00:00:00,미부착,,개방 가능,공공누리 1유형,,,O,,,,,단순 정보,
165,철도산업정보센터,HOME > 철도역사관 > 철도통합연표,철도통합연표,보통역으로 영업개시,,1921-10-25 00:00:00,미부착,,개방 가능,공공누리 1유형,,,O,,,,,단순 정보,
166,철도산업정보센터,HOME > 철도역사관 > 철도통합연표,철도통합연표,영업개시,,1921-11-01 00:00:00,미부착,,개방 가능,공공누리 1유형,,,O,,,,,단순 정보,
167,철도산업정보센터,HOME > 철도역사관 > 철도통합연표,철도통합연표,영업개시,,1921-11-01 00:00:00,미부착,,개방 가능,공공누리 1유형,,,O,,,,,단순 정보,
168,철도산업정보센터,HOME > 철도역사관 > 철도통합연표,철도통합연표,2종정류장으로 영업개시,,1921-11-01 00:00:00,미부착,,개방 가능,공공누리 1유형,,,O,,,,,단순 정보,
169,철도산업정보센터,HOME > 철도역사관 > 철도통합연표,철도통합연표,영업개시,,1921-11-01 00:00:00,미부착,,개방 가능,공공누리 1유형,,,O,,,,,단순 정보,
170,철도산업정보센터,HOME > 철도역사관 > 철도통합연표,철도통합연표,중앙철도주식회사 보통역으로 영업개시,,1921-11-01 00:00:00,미부착,,개방 가능,공공누리 1유형,,,O,,,,,단순 정보,
171,철도산업정보센터,HOME > 철도역사관 > 철도통합연표,철도통합연표,충북선 조치원~청주간 22.7km 영업 개시.,,1921-11-01 00:00:00,미부착,,개방 가능,공공누리 1유형,,,O,,,,,단순 정보,
172,철도산업정보센터,HOME > 철도역사관 > 철도통합연표,철도통합연표,중앙철도 주식회사 소이역으로 영업개시,,1922-03-05 00:00:00,미부착,,개방 가능,공공누리 1유형,,,O,,,,,단순 정보,
173,철도산업정보센터,HOME > 철도역사관 > 철도통합연표,철도통합연표,천안역~온양온천역 간 첫 개통,,1922-06-00,미부착,,개방 가능,공공누리 1유형,,,O,,,,,단순 정보,
174,철도산업정보센터,HOME > 철도역사관 > 철도통합연표,철도통합연표,무배치간이역으로 영업개시,,1922-06-01 00:00:00,미부착,,개방 가능,공공누리 1유형,,,O,,,,,단순 정보,
175,철도산업정보센터,HOME > 철도역사관 > 철도통합연표,철도통합연표,보통역으로 영업개시,,1922-06-01 00:00:00,미부착,,개방 가능,공공누리 1유형,,,O,,,,,단순 정보,
176,철도산업정보센터,HOME > 철도역사관 > 철도통합연표,철도통합연표,선장간이역으로 영업개시,,1922-06-15 00:00:00,미부착,,개방 가능,공공누리 1유형,,,O,,,,,단순 정보,
177,철도산업정보센터,HOME > 철도역사관 > 철도통합연표,철도통합연표,운전취급 간이역으로 영업개시,,1922-06-15 00:00:00,미부착,,개방 가능,공공누리 1유형,,,O,,,,,단순 정보,
178,철도산업정보센터,HOME > 철도역사관 > 철도통합연표,철도통합연표,무배치간이역으로 영업개시(오목역),,1922-06-15 00:00:00,미부착,,개방 가능,공공누리 1유형,,,O,,,,,단순 정보,
179,철도산업정보센터,HOME > 철도역사관 > 철도통합연표,철도통합연표,보통역으로 영업개시,,1922-06-15 00:00:00,미부착,,개방 가능,공공누리 1유형,,,O,,,,,단순 정보,
180,철도산업정보센터,HOME > 철도역사관 > 철도통합연표,철도통합연표,영업개시,,1922-06-15 00:00:00,미부착,,개방 가능,공공누리 1유형,,,O,,,,,단순 정보,
181,철도산업정보센터,HOME > 철도역사관 > 철도통합연표,철도통합연표,광주송정-순천 개통,,1922-07-01 00:00:00,미부착,,개방 가능,공공누리 1유형,,,O,,,,,단순 정보,
182,철도산업정보센터,HOME > 철도역사관 > 철도통합연표,철도통합연표,보통역으로 영업개시,,1922-07-01 00:00:00,미부착,,개방 가능,공공누리 1유형,,,O,,,,,단순 정보,
183,철도산업정보센터,HOME > 철도역사관 > 철도통합연표,철도통합연표,정류장으로 영업개시,,1922-07-01 00:00:00,미부착,,개방 가능,공공누리 1유형,,,O,,,,,단순 정보,
184,철도산업정보센터,HOME > 철도역사관 > 철도통합연표,철도통합연표,무배치간이역으로 영업개시,,1922-07-01 00:00:00,미부착,,개방 가능,공공누리 1유형,,,O,,,,,단순 정보,
185,철도산업정보센터,HOME > 철도역사관 > 철도통합연표,철도통합연표,무배치간이역으로 영업개시,,1922-10-16 00:00:00,미부착,,개방 가능,공공누리 1유형,,,O,,,,,단순 정보,
186,철도산업정보센터,HOME > 철도역사관 > 철도통합연표,철도통합연표,간이역으로 영업개시(광명역),,1922-12-25 00:00:00,미부착,,개방 가능,공공누리 1유형,,,O,,,,,단순 정보,
187,철도산업정보센터,HOME > 철도역사관 > 철도통합연표,철도통합연표,세천신호소로 영업개시,,1922-12-25 00:00:00,미부착,,개방 가능,공공누리 1유형,,,O,,,,,단순 정보,
188,철도산업정보센터,HOME > 철도역사관 > 철도통합연표,철도통합연표,조선총독부의 조선 제2의 종관선 건설 계획,,1923-00-00,미부착,,개방 가능,공공누리 1유형,,,O,,,,,단순 정보,
189,철도산업정보센터,HOME > 철도역사관 > 철도통합연표,철도통합연표,보통역으로 영업개시,,1923-04-28 00:00:00,미부착,,개방 가능,공공누리 1유형,,,O,,,,,단순 정보,
190,철도산업정보센터,HOME > 철도역사관 > 철도통합연표,철도통합연표,영업개시,,1923-04-28 00:00:00,미부착,,개방 가능,공공누리 1유형,,,O,,,,,단순 정보,
191,철도산업정보센터,HOME > 철도역사관 > 철도통합연표,철도통합연표,청안역으로 영업개시,,1923-04-28 00:00:00,미부착,,개방 가능,공공누리 1유형,,,O,,,,,단순 정보,
192,철도산업정보센터,HOME > 철도역사관 > 철도통합연표,철도통합연표,청주~청안간 29.9km 영업 개시.,,1923-05-01 00:00:00,미부착,,개방 가능,공공누리 1유형,,,O,,,,,단순 정보,
193,철도산업정보센터,HOME > 철도역사관 > 철도통합연표,철도통합연표,대구 - 청도간 개량,,1923-05-15 00:00:00,미부착,,개방 가능,공공누리 1유형,,,O,,,,,단순 정보,
194,철도산업정보센터,HOME > 철도역사관 > 철도통합연표,철도통합연표,"보통역으로 승격, 역사준공.",,1923-05-15 00:00:00,미부착,,개방 가능,공공누리 1유형,,,O,,,,,단순 정보,
195,철도산업정보센터,HOME > 철도역사관 > 철도통합연표,철도통합연표,역사 신축 착공,,1923-06-01 00:00:00,미부착,,개방 가능,공공누리 1유형,,,O,,,,,단순 정보,
196,철도산업정보센터,HOME > 철도역사관 > 철도통합연표,철도통합연표,보통역으로 승격,,1923-07-01 00:00:00,미부착,,개방 가능,공공누리 1유형,,,O,,,,,단순 정보,
197,철도산업정보센터,HOME > 철도역사관 > 철도통합연표,철도통합연표,보통역으로 영업개시,,1923-11-01 00:00:00,미부착,,개방 가능,공공누리 1유형,,,O,,,,,단순 정보,
198,철도산업정보센터,HOME > 철도역사관 > 철도통합연표,철도통합연표,간이정류장으로 영업개시,,1923-11-01 00:00:00,미부착,,개방 가능,공공누리 1유형,,,O,,,,,단순 정보,
199,철도산업정보센터,HOME > 철도역사관 > 철도통합연표,철도통합연표,마산-진주 개통,,1923-12-01 00:00:00,미부착,,개방 가능,공공누리 1유형,,,O,,,,,단순 정보,
200,철도산업정보센터,HOME > 철도역사관 > 철도통합연표,철도통합연표,마산-진주간 단선철도 개통,,1923-12-01 00:00:00,미부착,,개방 가능,공공누리 1유형,,,O,,,,,단순 정보,
201,철도산업정보센터,HOME > 철도역사관 > 철도통합연표,철도통합연표,보통역으로 영업개시,,1923-12-01 00:00:00,미부착,,개방 가능,공공누리 1유형,,,O,,,,,단순 정보,
202,철도산업정보센터,HOME > 철도역사관 > 철도통합연표,철도통합연표,역사준공과 함께 보통역으로 영업개시,,1923-12-01 00:00:00,미부착,,개방 가능,공공누리 1유형,,,O,,,,,단순 정보,
203,철도산업정보센터,HOME > 철도역사관 > 철도통합연표,철도통합연표,영업개시,,1923-12-01 00:00:00,미부착,,개방 가능,공공누리 1유형,,,O,,,,,단순 정보,
204,철도산업정보센터,HOME > 철도역사관 > 철도통합연표,철도통합연표,간이역으로 영업개시,,1923-12-01 00:00:00,미부착,,개방 가능,공공누리 1유형,,,O,,,,,단순 정보,
205,철도산업정보센터,HOME > 철도역사관 > 철도통합연표,철도통합연표,정류장으로 영업개시,,1923-12-01 00:00:00,미부착,,개방 가능,공공누리 1유형,,,O,,,,,단순 정보,
206,철도산업정보센터,HOME > 철도역사관 > 철도통합연표,철도통합연표,정류장으로 영업개시(학계역),,1923-12-01 00:00:00,미부착,,개방 가능,공공누리 1유형,,,O,,,,,단순 정보,
207,철도산업정보센터,HOME > 철도역사관 > 철도통합연표,철도통합연표,정류장으로 영업개시,,1923-12-01 00:00:00,미부착,,개방 가능,공공누리 1유형,,,O,,,,,단순 정보,
208,철도산업정보센터,HOME > 철도역사관 > 철도통합연표,철도통합연표,일반화물 취급개시,,1924-01-01 00:00:00,미부착,,개방 가능,공공누리 1유형,,,O,,,,,단순 정보,
209,철도산업정보센터,HOME > 철도역사관 > 철도통합연표,철도통합연표,보통역으로 영업개시,,1924-05-01 00:00:00,미부착,,개방 가능,공공누리 1유형,,,O,,,,,단순 정보,
210,철도산업정보센터,HOME > 철도역사관 > 철도통합연표,철도통합연표,영업개시,,1924-06-01 00:00:00,미부착,,개방 가능,공공누리 1유형,,,O,,,,,단순 정보,
211,철도산업정보센터,HOME > 철도역사관 > 철도통합연표,철도통합연표,김천~상주 구간 완공,,1924-10-01 00:00:00,미부착,,개방 가능,공공누리 1유형,,,O,,,,,단순 정보,
212,철도산업정보센터,HOME > 철도역사관 > 철도통합연표,철도통합연표,김천~상주 개통과 함께 영업개시,,1924-10-01 00:00:00,미부착,,개방 가능,공공누리 1유형,,,O,,,,,단순 정보,
213,철도산업정보센터,HOME > 철도역사관 > 철도통합연표,철도통합연표,보통역으로 영업개시,,1924-10-01 00:00:00,미부착,,개방 가능,공공누리 1유형,,,O,,,,,단순 정보,
214,철도산업정보센터,HOME > 철도역사관 > 철도통합연표,철도통합연표,간이역으로 영업개시,,1924-10-01 00:00:00,미부착,,개방 가능,공공누리 1유형,,,O,,,,,단순 정보,
215,철도산업정보센터,HOME > 철도역사관 > 철도통합연표,철도통합연표,상주~점촌 구간 완공,,1924-12-25 00:00:00,미부착,,개방 가능,공공누리 1유형,,,O,,,,,단순 정보,
216,철도산업정보센터,HOME > 철도역사관 > 철도통합연표,철도통합연표,정류장으로 영업개시,,1924-12-25 00:00:00,미부착,,개방 가능,공공누리 1유형,,,O,,,,,단순 정보,
217,철도산업정보센터,HOME > 철도역사관 > 철도통합연표,철도통합연표,보통역으로 영업개시,,1924-12-25 00:00:00,미부착,,개방 가능,공공누리 1유형,,,O,,,,,단순 정보,
218,철도산업정보센터,HOME > 철도역사관 > 철도통합연표,철도통합연표,영업개시,,1924-12-25 00:00:00,미부착,,개방 가능,공공누리 1유형,,,O,,,,,단순 정보,
219,철도산업정보센터,HOME > 철도역사관 > 철도통합연표,철도통합연표,구역사 준공,,1925-04-01 00:00:00,미부착,,개방 가능,공공누리 1유형,,,O,,,,,단순 정보,
220,철도산업정보센터,HOME > 철도역사관 > 철도통합연표,철도통합연표,보통역으로 영업개시,,1925-06-15 00:00:00,미부착,,개방 가능,공공누리 1유형,,,O,,,,,단순 정보,
221,철도산업정보센터,HOME > 철도역사관 > 철도통합연표,철도통합연표,간이역으로 영업개시,,1925-06-15 00:00:00,미부착,,개방 가능,공공누리 1유형,,,O,,,,,단순 정보,
222,철도산업정보센터,HOME > 철도역사관 > 철도통합연표,철도통합연표,간이역으로 영업개시(이천역),,1925-06-15 00:00:00,미부착,,개방 가능,공공누리 1유형,,,O,,,,,단순 정보,
223,철도산업정보센터,HOME > 철도역사관 > 철도통합연표,철도통합연표,배치간이역으로 영업개시,,1925-06-15 00:00:00,미부착,,개방 가능,공공누리 1유형,,,O,,,,,단순 정보,
224,철도산업정보센터,HOME > 철도역사관 > 철도통합연표,철도통합연표,역사준공,,1925-06-30 00:00:00,미부착,,개방 가능,공공누리 1유형,,,O,,,,,단순 정보,
225,철도산업정보센터,HOME > 철도역사관 > 철도통합연표,철도통합연표,세송신호장으로 영업개시,,1925-09-15 00:00:00,미부착,,개방 가능,공공누리 1유형,,,O,,,,,단순 정보,
226,철도산업정보센터,HOME > 철도역사관 > 철도통합연표,철도통합연표,역사준공,,1925-09-30 00:00:00,미부착,,개방 가능,공공누리 1유형,,,O,,,,,단순 정보,
227,철도산업정보센터,HOME > 철도역사관 > 철도통합연표,철도통합연표,보통역으로 승격,,1925-10-01 00:00:00,미부착,,개방 가능,공공누리 1유형,,,O,,,,,단순 정보,
228,철도산업정보센터,HOME > 철도역사관 > 철도통합연표,철도통합연표,서울역사 신축,,1925-10-15 00:00:00,미부착,,개방 가능,공공누리 1유형,,,O,,,,,단순 정보,
229,철도산업정보센터,HOME > 철도역사관 > 철도통합연표,철도통합연표,구역사 준공.,,1925-10-23 00:00:00,미부착,,개방 가능,공공누리 1유형,,,O,,,,,단순 정보,
230,철도산업정보센터,HOME > 철도역사관 > 철도통합연표,철도통합연표,천안~안성간 개통.,,1925-11-01 00:00:00,미부착,,개방 가능,공공누리 1유형,,,O,,,,,단순 정보,
231,철도산업정보센터,HOME > 철도역사관 > 철도통합연표,철도통합연표,영업개시,,1925-11-01 00:00:00,미부착,,개방 가능,공공누리 1유형,,,O,,,,,단순 정보,
232,철도산업정보센터,HOME > 철도역사관 > 철도통합연표,철도통합연표,정류장으로 영업개시,,1925-11-01 00:00:00,미부착,,개방 가능,공공누리 1유형,,,O,,,,,단순 정보,
233,철도산업정보센터,HOME > 철도역사관 > 철도통합연표,철도통합연표,배치간이역으로 영업개시,,1925-11-01 00:00:00,미부착,,개방 가능,공공누리 1유형,,,O,,,,,단순 정보,
234,철도산업정보센터,HOME > 철도역사관 > 철도통합연표,철도통합연표,보통역으로 영업개시,,1925-11-01 00:00:00,미부착,,개방 가능,공공누리 1유형,,,O,,,,,단순 정보,
235,철도산업정보센터,HOME > 철도역사관 > 철도통합연표,철도통합연표,보통역으로 영업개시,,1925-11-01 00:00:00,미부착,,개방 가능,공공누리 1유형,,,O,,,,,단순 정보,
236,철도산업정보센터,HOME > 철도역사관 > 철도통합연표,철도통합연표,보통역으로 영업개시,,1925-12-01 00:00:00,미부착,,개방 가능,공공누리 1유형,,,O,,,,,단순 정보,
237,철도산업정보센터,HOME > 철도역사관 > 철도통합연표,철도통합연표,보통역으로 승격(조선총독부 관보에는 192781일로 기재),,1926-01-01 00:00:00,미부착,,개방 가능,공공누리 1유형,,,O,,,,,단순 정보,
238,철도산업정보센터,HOME > 철도역사관 > 철도통합연표,철도통합연표,상인천역(上仁川驛)으로 개명,,1926-04-25 00:00:00,미부착,,개방 가능,공공누리 1유형,,,O,,,,,단순 정보,
239,철도산업정보센터,HOME > 철도역사관 > 철도통합연표,철도통합연표,세천신호소 폐지,,1926-09-30 00:00:00,미부착,,개방 가능,공공누리 1유형,,,O,,,,,단순 정보,
240,철도산업정보센터,HOME > 철도역사관 > 철도통합연표,철도통합연표,보통역 승격 영업개시,,1926-10-01 00:00:00,미부착,,개방 가능,공공누리 1유형,,,O,,,,,단순 정보,
241,철도산업정보센터,HOME > 철도역사관 > 철도통합연표,철도통합연표,보통역으로 승격,,1926-10-01 00:00:00,미부착,,개방 가능,공공누리 1유형,,,O,,,,,단순 정보,
242,철도산업정보센터,HOME > 철도역사관 > 철도통합연표,철도통합연표,"창원~진해간 22.7km 완공. 경화역, 진해역, 통제부역 개역",,1926-11-11 00:00:00,미부착,,개방 가능,공공누리 1유형,,,O,,,,,단순 정보,
243,철도산업정보센터,HOME > 철도역사관 > 철도통합연표,철도통합연표,보통역으로 영업개시,,1926-11-11 00:00:00,미부착,,개방 가능,공공누리 1유형,,,O,,,,,단순 정보,
244,철도산업정보센터,HOME > 철도역사관 > 철도통합연표,철도통합연표,간이정차장으로 영업개시,,1926-11-11 00:00:00,미부착,,개방 가능,공공누리 1유형,,,O,,,,,단순 정보,
245,철도산업정보센터,HOME > 철도역사관 > 철도통합연표,철도통합연표,영업개시,,1926-11-11 00:00:00,미부착,,개방 가능,공공누리 1유형,,,O,,,,,단순 정보,
246,철도산업정보센터,HOME > 철도역사관 > 철도통합연표,철도통합연표,보통역으로 승격,,1926-11-19 00:00:00,미부착,,개방 가능,공공누리 1유형,,,O,,,,,단순 정보,
247,철도산업정보센터,HOME > 철도역사관 > 철도통합연표,철도통합연표,역사신축과 동시에 보통역으로 승격,,1927-03-01 00:00:00,미부착,,개방 가능,공공누리 1유형,,,O,,,,,단순 정보,
248,철도산업정보센터,HOME > 철도역사관 > 철도통합연표,철도통합연표,보통역으로 영업개시(요람집에는 190741일로 표기),,1927-04-01 00:00:00,미부착,,개방 가능,공공누리 1유형,,,O,,,,,단순 정보,
249,철도산업정보센터,HOME > 철도역사관 > 철도통합연표,철도통합연표,보통역으로 승격 및 역명변경(세송→직지사),,1927-04-01 00:00:00,미부착,,개방 가능,공공누리 1유형,,,O,,,,,단순 정보,
250,철도산업정보센터,HOME > 철도역사관 > 철도통합연표,철도통합연표,안성~죽산간 18.5km 개통.,,1927-04-16 00:00:00,미부착,,개방 가능,공공누리 1유형,,,O,,,,,단순 정보,
251,철도산업정보센터,HOME > 철도역사관 > 철도통합연표,철도통합연표,영업개시,,1927-04-16 00:00:00,미부착,,개방 가능,공공누리 1유형,,,O,,,,,단순 정보,
252,철도산업정보센터,HOME > 철도역사관 > 철도통합연표,철도통합연표,영업개시,,1927-04-16 00:00:00,미부착,,개방 가능,공공누리 1유형,,,O,,,,,단순 정보,
253,철도산업정보센터,HOME > 철도역사관 > 철도통합연표,철도통합연표,영업개시,,1927-04-16 00:00:00,미부착,,개방 가능,공공누리 1유형,,,O,,,,,단순 정보,
254,철도산업정보센터,HOME > 철도역사관 > 철도통합연표,철도통합연표,배치간이역으로 영업개시,,1927-05-01 00:00:00,미부착,,개방 가능,공공누리 1유형,,,O,,,,,단순 정보,
255,철도산업정보센터,HOME > 철도역사관 > 철도통합연표,철도통합연표,폐역,,1927-06-01 00:00:00,미부착,,개방 가능,공공누리 1유형,,,O,,,,,단순 정보,
256,철도산업정보센터,HOME > 철도역사관 > 철도통합연표,철도통합연표,간이역으로 영업개시,,1927-07-15 00:00:00,미부착,,개방 가능,공공누리 1유형,,,O,,,,,단순 정보,
257,철도산업정보센터,HOME > 철도역사관 > 철도통합연표,철도통합연표,동방역으로 개칭,,1927-07-15 00:00:00,미부착,,개방 가능,공공누리 1유형,,,O,,,,,단순 정보,
258,철도산업정보센터,HOME > 철도역사관 > 철도통합연표,철도통합연표,보통역으로 승격,,1927-08-01 00:00:00,미부착,,개방 가능,공공누리 1유형,,,O,,,,,단순 정보,
259,철도산업정보센터,HOME > 철도역사관 > 철도통합연표,철도통합연표,죽산~장호원간 18.5km 개통.,,1927-09-15 00:00:00,미부착,,개방 가능,공공누리 1유형,,,O,,,,,단순 정보,
260,철도산업정보센터,HOME > 철도역사관 > 철도통합연표,철도통합연표,정류장으로 영업개시,,1927-09-15 00:00:00,미부착,,개방 가능,공공누리 1유형,,,O,,,,,단순 정보,
261,철도산업정보센터,HOME > 철도역사관 > 철도통합연표,철도통합연표,정류장으로 영업개시,,1927-09-15 00:00:00,미부착,,개방 가능,공공누리 1유형,,,O,,,,,단순 정보,
262,철도산업정보센터,HOME > 철도역사관 > 철도통합연표,철도통합연표,보통역으로 영업개시,,1927-09-15 00:00:00,미부착,,개방 가능,공공누리 1유형,,,O,,,,,단순 정보,
263,철도산업정보센터,HOME > 철도역사관 > 철도통합연표,철도통합연표,보통역으로 영업개시,,1927-09-15 00:00:00,미부착,,개방 가능,공공누리 1유형,,,O,,,,,단순 정보,
264,철도산업정보센터,HOME > 철도역사관 > 철도통합연표,철도통합연표,정류장으로 영업개시,,1927-09-15 00:00:00,미부착,,개방 가능,공공누리 1유형,,,O,,,,,단순 정보,
265,철도산업정보센터,HOME > 철도역사관 > 철도통합연표,철도통합연표,조선총독부에서 매수.,,1927-10-00,미부착,,개방 가능,공공누리 1유형,,,O,,,,,단순 정보,
266,철도산업정보센터,HOME > 철도역사관 > 철도통합연표,철도통합연표,보통역으로 영업개시,,1928-01-01 00:00:00,미부착,,개방 가능,공공누리 1유형,,,O,,,,,단순 정보,
267,철도산업정보센터,HOME > 철도역사관 > 철도통합연표,철도통합연표,간이역으로 영업개시,,1928-01-01 00:00:00,미부착,,개방 가능,공공누리 1유형,,,O,,,,,단순 정보,
268,철도산업정보센터,HOME > 철도역사관 > 철도통합연표,철도통합연표,간이역으로 영업개시,,1928-01-01 00:00:00,미부착,,개방 가능,공공누리 1유형,,,O,,,,,단순 정보,
269,철도산업정보센터,HOME > 철도역사관 > 철도통합연표,철도통합연표,간이역으로 영업개시,,1928-01-01 00:00:00,미부착,,개방 가능,공공누리 1유형,,,O,,,,,단순 정보,
270,철도산업정보센터,HOME > 철도역사관 > 철도통합연표,철도통합연표,배치간이역으로 승격,,1928-01-01 00:00:00,미부착,,개방 가능,공공누리 1유형,,,O,,,,,단순 정보,
271,철도산업정보센터,HOME > 철도역사관 > 철도통합연표,철도통합연표,간이역에서 보통역으로 승격,,1928-09-01 00:00:00,미부착,,개방 가능,공공누리 1유형,,,O,,,,,단순 정보,
272,철도산업정보센터,HOME > 철도역사관 > 철도통합연표,철도통합연표,점촌~예천 구간 개통,,1928-11-01 00:00:00,미부착,,개방 가능,공공누리 1유형,,,O,,,,,단순 정보,
273,철도산업정보센터,HOME > 철도역사관 > 철도통합연표,철도통합연표,정류장으로 영업개시,,1928-11-01 00:00:00,미부착,,개방 가능,공공누리 1유형,,,O,,,,,단순 정보,
274,철도산업정보센터,HOME > 철도역사관 > 철도통합연표,철도통합연표,간이역으로 영업개시,,1928-11-01 00:00:00,미부착,,개방 가능,공공누리 1유형,,,O,,,,,단순 정보,
275,철도산업정보센터,HOME > 철도역사관 > 철도통합연표,철도통합연표,보통역으로 영업개시,,1928-11-01 00:00:00,미부착,,개방 가능,공공누리 1유형,,,O,,,,,단순 정보,
276,철도산업정보센터,HOME > 철도역사관 > 철도통합연표,철도통합연표,화물취급 개시,,1928-11-01 00:00:00,미부착,,개방 가능,공공누리 1유형,,,O,,,,,단순 정보,
277,철도산업정보센터,HOME > 철도역사관 > 철도통합연표,철도통합연표,보통역으로 영업개시,,1928-12-01 00:00:00,미부착,,개방 가능,공공누리 1유형,,,O,,,,,단순 정보,
278,철도산업정보센터,HOME > 철도역사관 > 철도통합연표,철도통합연표,보통역으로 승격,,1928-12-10 00:00:00,미부착,,개방 가능,공공누리 1유형,,,O,,,,,단순 정보,
279,철도산업정보센터,HOME > 철도역사관 > 철도통합연표,철도통합연표,보통역으로 영업개시,,1928-12-25 00:00:00,미부착,,개방 가능,공공누리 1유형,,,O,,,,,단순 정보,
280,철도산업정보센터,HOME > 철도역사관 > 철도통합연표,철도통합연표,대소원역으로 영업개시,,1928-12-25 00:00:00,미부착,,개방 가능,공공누리 1유형,,,O,,,,,단순 정보,
281,철도산업정보센터,HOME > 철도역사관 > 철도통합연표,철도통합연표,청안~충주간 47.4km 영업 개시.,,1928-12-25 00:00:00,미부착,,개방 가능,공공누리 1유형,,,O,,,,,단순 정보,
282,철도산업정보센터,HOME > 철도역사관 > 철도통합연표,철도통합연표,"이리(현, 익산)-여수간이 철도를 전주 방면에서부터 광궤도선으로 개축공사에 착공",,1929-04-18 00:00:00,미부착,,개방 가능,공공누리 1유형,,,O,,,,,단순 정보,
283,철도산업정보센터,HOME > 철도역사관 > 철도통합연표,철도통합연표,배치간이역으로 영업개시,,1929-07-01 00:00:00,미부착,,개방 가능,공공누리 1유형,,,O,,,,,단순 정보,
284,철도산업정보센터,HOME > 철도역사관 > 철도통합연표,철도통합연표,안변-흡곡 간 개통(31.4km).,,1929-09-11 00:00:00,미부착,,개방 가능,공공누리 1유형,,,O,,,,,단순 정보,
285,철도산업정보센터,HOME > 철도역사관 > 철도통합연표,철도통합연표,화물취급 개시,,1929-09-16 00:00:00,미부착,,개방 가능,공공누리 1유형,,,O,,,,,단순 정보,
286,철도산업정보센터,HOME > 철도역사관 > 철도통합연표,철도통합연표,당인리선 신설,,1929-09-20 00:00:00,미부착,,개방 가능,공공누리 1유형,,,O,,,,,단순 정보,
287,철도산업정보센터,HOME > 철도역사관 > 철도통합연표,철도통합연표,보통역으로 영업개시,,1929-09-20 00:00:00,미부착,,개방 가능,공공누리 1유형,,,O,,,,,단순 정보,
288,철도산업정보센터,HOME > 철도역사관 > 철도통합연표,철도통합연표,영업개시,,1929-09-20 00:00:00,미부착,,개방 가능,공공누리 1유형,,,O,,,,,단순 정보,
289,철도산업정보센터,HOME > 철도역사관 > 철도통합연표,철도통합연표,간이역으로 영업개시,,1929-09-20 00:00:00,미부착,,개방 가능,공공누리 1유형,,,O,,,,,단순 정보,
290,철도산업정보센터,HOME > 철도역사관 > 철도통합연표,철도통합연표,간이역으로 영업개시,,1929-09-20 00:00:00,미부착,,개방 가능,공공누리 1유형,,,O,,,,,단순 정보,
291,철도산업정보센터,HOME > 철도역사관 > 철도통합연표,철도통합연표,간이역으로 영업개시,,1929-09-20 00:00:00,미부착,,개방 가능,공공누리 1유형,,,O,,,,,단순 정보,
292,철도산업정보센터,HOME > 철도역사관 > 철도통합연표,철도통합연표,간이역으로 영업개시(원정역),,1929-09-20 00:00:00,미부착,,개방 가능,공공누리 1유형,,,O,,,,,단순 정보,
293,철도산업정보센터,HOME > 철도역사관 > 철도통합연표,철도통합연표,역사 준공,,1929-09-20 00:00:00,미부착,,개방 가능,공공누리 1유형,,,O,,,,,단순 정보,
294,철도산업정보센터,HOME > 철도역사관 > 철도통합연표,철도통합연표,역사준공,,1929-09-20 00:00:00,미부착,,개방 가능,공공누리 1유형,,,O,,,,,단순 정보,
295,철도산업정보센터,HOME > 철도역사관 > 철도통합연표,철도통합연표,간이역으로 영업개시,,1929-12-01 00:00:00,미부착,,개방 가능,공공누리 1유형,,,O,,,,,단순 정보,
296,철도산업정보센터,HOME > 철도역사관 > 철도통합연표,철도통합연표,보통역으로 영업개시,,1929-12-01 00:00:00,미부착,,개방 가능,공공누리 1유형,,,O,,,,,단순 정보,
297,철도산업정보센터,HOME > 철도역사관 > 철도통합연표,철도통합연표,간이역으로 영업개시,,1929-12-01 00:00:00,미부착,,개방 가능,공공누리 1유형,,,O,,,,,단순 정보,
298,철도산업정보센터,HOME > 철도역사관 > 철도통합연표,철도통합연표,간이정차장으로 영업개시(죽림역),,1929-12-01 00:00:00,미부착,,개방 가능,공공누리 1유형,,,O,,,,,단순 정보,
299,철도산업정보센터,HOME > 철도역사관 > 철도통합연표,철도통합연표,간이정차장으로 영업개시,,1929-12-01 00:00:00,미부착,,개방 가능,공공누리 1유형,,,O,,,,,단순 정보,
300,철도산업정보센터,HOME > 철도역사관 > 철도통합연표,철도통합연표,보통역으로 영업개시(보령역),,1929-12-01 00:00:00,미부착,,개방 가능,공공누리 1유형,,,O,,,,,단순 정보,
301,철도산업정보센터,HOME > 철도역사관 > 철도통합연표,철도통합연표,배치간이역으로 영업개시,,1929-12-01 00:00:00,미부착,,개방 가능,공공누리 1유형,,,O,,,,,단순 정보,
302,철도산업정보센터,HOME > 철도역사관 > 철도통합연표,철도통합연표,표준궤로 개량,,1930-01-11 00:00:00,미부착,,개방 가능,공공누리 1유형,,,O,,,,,단순 정보,
303,철도산업정보센터,HOME > 철도역사관 > 철도통합연표,철도통합연표,소화물취급 개시,,1930-02-26 00:00:00,미부착,,개방 가능,공공누리 1유형,,,O,,,,,단순 정보,
304,철도산업정보센터,HOME > 철도역사관 > 철도통합연표,철도통합연표,소화물취급 개시,,1930-02-26 00:00:00,미부착,,개방 가능,공공누리 1유형,,,O,,,,,단순 정보,
305,철도산업정보센터,HOME > 철도역사관 > 철도통합연표,철도통합연표,소화물취급 개시,,1930-02-26 00:00:00,미부착,,개방 가능,공공누리 1유형,,,O,,,,,단순 정보,
306,철도산업정보센터,HOME > 철도역사관 > 철도통합연표,철도통합연표,소화물취급 개시,,1930-02-26 00:00:00,미부착,,개방 가능,공공누리 1유형,,,O,,,,,단순 정보,
307,철도산업정보센터,HOME > 철도역사관 > 철도통합연표,철도통합연표,화물취급 개시,,1930-04-01 00:00:00,미부착,,개방 가능,공공누리 1유형,,,O,,,,,단순 정보,
308,철도산업정보센터,HOME > 철도역사관 > 철도통합연표,철도통합연표,무배치간이역으로 영업개시(삼산리(三山里)역으로 개역),,1930-10-22 00:00:00,미부착,,개방 가능,공공누리 1유형,,,O,,,,,단순 정보,
309,철도산업정보센터,HOME > 철도역사관 > 철도통합연표,철도통합연표,무배치간이역으로 영업개시,,1930-11-01 00:00:00,미부착,,개방 가능,공공누리 1유형,,,O,,,,,단순 정보,
310,철도산업정보센터,HOME > 철도역사관 > 철도통합연표,철도통합연표,간이정류장으로 영업개시,,1930-11-01 00:00:00,미부착,,개방 가능,공공누리 1유형,,,O,,,,,단순 정보,
311,철도산업정보센터,HOME > 철도역사관 > 철도통합연표,철도통합연표,간이정류장으로 영업개시,,1930-11-01 00:00:00,미부착,,개방 가능,공공누리 1유형,,,O,,,,,단순 정보,
312,철도산업정보센터,HOME > 철도역사관 > 철도통합연표,철도통합연표,보통역으로 영업개시,,1930-11-01 00:00:00,미부착,,개방 가능,공공누리 1유형,,,O,,,,,단순 정보,
313,철도산업정보센터,HOME > 철도역사관 > 철도통합연표,철도통합연표,조선경동철도주식회사가 수려선 부설,,1930-12-00,미부착,,개방 가능,공공누리 1유형,,,O,,,,,단순 정보,
314,철도산업정보센터,HOME > 철도역사관 > 철도통합연표,철도통합연표,배치간이역으로 영업개시,,1930-12-01 00:00:00,미부착,,개방 가능,공공누리 1유형,,,O,,,,,단순 정보,
315,철도산업정보센터,HOME > 철도역사관 > 철도통합연표,철도통합연표,보통역으로 영업개시,,1930-12-01 00:00:00,미부착,,개방 가능,공공누리 1유형,,,O,,,,,단순 정보,
316,철도산업정보센터,HOME > 철도역사관 > 철도통합연표,철도통합연표,수려선개통,,1930-12-01 00:00:00,미부착,,개방 가능,공공누리 1유형,,,O,,,,,단순 정보,
317,철도산업정보센터,HOME > 철도역사관 > 철도통합연표,철도통합연표,보통역으로 영업개시,,1930-12-01 00:00:00,미부착,,개방 가능,공공누리 1유형,,,O,,,,,단순 정보,
318,철도산업정보센터,HOME > 철도역사관 > 철도통합연표,철도통합연표,보통역으로 영업개시,,1930-12-01 00:00:00,미부착,,개방 가능,공공누리 1유형,,,O,,,,,단순 정보,
319,철도산업정보센터,HOME > 철도역사관 > 철도통합연표,철도통합연표,배치간이역으로 영업개시,,1930-12-01 00:00:00,미부착,,개방 가능,공공누리 1유형,,,O,,,,,단순 정보,
320,철도산업정보센터,HOME > 철도역사관 > 철도통합연표,철도통합연표,보통역으로 영업개시,,1930-12-01 00:00:00,미부착,,개방 가능,공공누리 1유형,,,O,,,,,단순 정보,
321,철도산업정보센터,HOME > 철도역사관 > 철도통합연표,철도통합연표,보통역으로 영업개시,,1930-12-01 00:00:00,미부착,,개방 가능,공공누리 1유형,,,O,,,,,단순 정보,
322,철도산업정보센터,HOME > 철도역사관 > 철도통합연표,철도통합연표,배치간이역으로 영업개시,,1930-12-01 00:00:00,미부착,,개방 가능,공공누리 1유형,,,O,,,,,단순 정보,
323,철도산업정보센터,HOME > 철도역사관 > 철도통합연표,철도통합연표,배치간이역으로 영업개시,,1930-12-01 00:00:00,미부착,,개방 가능,공공누리 1유형,,,O,,,,,단순 정보,
324,철도산업정보센터,HOME > 철도역사관 > 철도통합연표,철도통합연표,보통역으로 영업개시,,1930-12-01 00:00:00,미부착,,개방 가능,공공누리 1유형,,,O,,,,,단순 정보,
325,철도산업정보센터,HOME > 철도역사관 > 철도통합연표,철도통합연표,배치간이역으로 영업개시,,1930-12-01 00:00:00,미부착,,개방 가능,공공누리 1유형,,,O,,,,,단순 정보,
326,철도산업정보센터,HOME > 철도역사관 > 철도통합연표,철도통합연표,배치간이역으로 영업개시,,1930-12-01 00:00:00,미부착,,개방 가능,공공누리 1유형,,,O,,,,,단순 정보,
327,철도산업정보센터,HOME > 철도역사관 > 철도통합연표,철도통합연표,보통역으로 영업개시(본수원역),,1930-12-01 00:00:00,미부착,,개방 가능,공공누리 1유형,,,O,,,,,단순 정보,
328,철도산업정보센터,HOME > 철도역사관 > 철도통합연표,철도통합연표,보통역으로 영업개시(신광주역),,1930-12-25 00:00:00,미부착,,개방 가능,공공누리 1유형,,,O,,,,,단순 정보,
329,철도산업정보센터,HOME > 철도역사관 > 철도통합연표,철도통합연표,보통역으로 영업개시(요람집에는 배치간이역),,1930-12-25 00:00:00,미부착,,개방 가능,공공누리 1유형,,,O,,,,,단순 정보,
330,철도산업정보센터,HOME > 철도역사관 > 철도통합연표,철도통합연표,간이역으로 영업개시,,1930-12-25 00:00:00,미부착,,개방 가능,공공누리 1유형,,,O,,,,,단순 정보,
331,철도산업정보센터,HOME > 철도역사관 > 철도통합연표,철도통합연표,보통역으로 영업개시,,1930-12-25 00:00:00,미부착,,개방 가능,공공누리 1유형,,,O,,,,,단순 정보,
332,철도산업정보센터,HOME > 철도역사관 > 철도통합연표,철도통합연표,간이역으로 영업개시,,1930-12-25 00:00:00,미부착,,개방 가능,공공누리 1유형,,,O,,,,,단순 정보,
333,철도산업정보센터,HOME > 철도역사관 > 철도통합연표,철도통합연표,보통역으로 영업개시,,1930-12-25 00:00:00,미부착,,개방 가능,공공누리 1유형,,,O,,,,,단순 정보,
334,철도산업정보센터,HOME > 철도역사관 > 철도통합연표,철도통합연표,쌍봉역으로(무배치간이역)으로 영업개시,,1930-12-25 00:00:00,미부착,,개방 가능,공공누리 1유형,,,O,,,,,단순 정보,
335,철도산업정보센터,HOME > 철도역사관 > 철도통합연표,철도통합연표,간이역으로 영업개시,,1930-12-25 00:00:00,미부착,,개방 가능,공공누리 1유형,,,O,,,,,단순 정보,
336,철도산업정보센터,HOME > 철도역사관 > 철도통합연표,철도통합연표,보통역으로 승격,,1930-12-25 00:00:00,미부착,,개방 가능,공공누리 1유형,,,O,,,,,단순 정보,
337,철도산업정보센터,HOME > 철도역사관 > 철도통합연표,철도통합연표,역사신축,,1930-12-31 00:00:00,미부착,,개방 가능,공공누리 1유형,,,O,,,,,단순 정보,
338,철도산업정보센터,HOME > 철도역사관 > 철도통합연표,철도통합연표,간이역에서 보통역으로 승격,,1931-02-01 00:00:00,미부착,,개방 가능,공공누리 1유형,,,O,,,,,단순 정보,
339,철도산업정보센터,HOME > 철도역사관 > 철도통합연표,철도통합연표,역사이전과 함께 보통역으로 승격,,1931-04-01 00:00:00,미부착,,개방 가능,공공누리 1유형,,,O,,,,,단순 정보,
340,철도산업정보센터,HOME > 철도역사관 > 철도통합연표,철도통합연표,보통역으로 승격,,1931-06-05 00:00:00,미부착,,개방 가능,공공누리 1유형,,,O,,,,,단순 정보,
341,철도산업정보센터,HOME > 철도역사관 > 철도통합연표,철도통합연표,간이역으로 영업개시,,1931-06-15 00:00:00,미부착,,개방 가능,공공누리 1유형,,,O,,,,,단순 정보,
342,철도산업정보센터,HOME > 철도역사관 > 철도통합연표,철도통합연표,영업개시,,1931-06-15 00:00:00,미부착,,개방 가능,공공누리 1유형,,,O,,,,,단순 정보,
343,철도산업정보센터,HOME > 철도역사관 > 철도통합연표,철도통합연표,흡곡-통천 간 개통(29.6km).,,1931-07-21 00:00:00,미부착,,개방 가능,공공누리 1유형,,,O,,,,,단순 정보,
344,철도산업정보센터,HOME > 철도역사관 > 철도통합연표,철도통합연표,운전정리상 간이역으로 격하,,1931-07-28 00:00:00,미부착,,개방 가능,공공누리 1유형,,,O,,,,,단순 정보,
345,철도산업정보센터,HOME > 철도역사관 > 철도통합연표,철도통합연표,남포역~판교역 간 개통으로 전구간 완전 개통,,1931-08-00,미부착,,개방 가능,공공누리 1유형,,,O,,,,,단순 정보,
346,철도산업정보센터,HOME > 철도역사관 > 철도통합연표,철도통합연표,장항선(천안 ~ 장항) 개통,,1931-08-01 00:00:00,미부착,,개방 가능,공공누리 1유형,,,O,,,,,단순 정보,
347,철도산업정보센터,HOME > 철도역사관 > 철도통합연표,철도통합연표,간이역으로 영업개시,,1931-08-01 00:00:00,미부착,,개방 가능,공공누리 1유형,,,O,,,,,단순 정보,
348,철도산업정보센터,HOME > 철도역사관 > 철도통합연표,철도통합연표,배치간이역으로 영업개시,,1931-08-01 00:00:00,미부착,,개방 가능,공공누리 1유형,,,O,,,,,단순 정보,
349,철도산업정보센터,HOME > 철도역사관 > 철도통합연표,철도통합연표,간이정차장으로 영업개시,,1931-08-01 00:00:00,미부착,,개방 가능,공공누리 1유형,,,O,,,,,단순 정보,
350,철도산업정보센터,HOME > 철도역사관 > 철도통합연표,철도통합연표,보통역으로 영업개시,,1931-08-01 00:00:00,미부착,,개방 가능,공공누리 1유형,,,O,,,,,단순 정보,
351,철도산업정보센터,HOME > 철도역사관 > 철도통합연표,철도통합연표,폐역,,1931-08-01 00:00:00,미부착,,개방 가능,공공누리 1유형,,,O,,,,,단순 정보,
352,철도산업정보센터,HOME > 철도역사관 > 철도통합연표,철도통합연표,간이정차장으로 영업개시,,1931-08-01 00:00:00,미부착,,개방 가능,공공누리 1유형,,,O,,,,,단순 정보,
353,철도산업정보센터,HOME > 철도역사관 > 철도통합연표,철도통합연표,전주-남원 개통,,1931-10-00,미부착,,개방 가능,공공누리 1유형,,,O,,,,,단순 정보,
354,철도산업정보센터,HOME > 철도역사관 > 철도통합연표,철도통합연표,배치간이역으로 영업개시(총독부 관보에는 보통역),,1931-10-01 00:00:00,미부착,,개방 가능,공공누리 1유형,,,O,,,,,단순 정보,
355,철도산업정보센터,HOME > 철도역사관 > 철도통합연표,철도통합연표,배치간이역으로 영업개시,,1931-10-01 00:00:00,미부착,,개방 가능,공공누리 1유형,,,O,,,,,단순 정보,
356,철도산업정보센터,HOME > 철도역사관 > 철도통합연표,철도통합연표,간이역으로 영업개시,,1931-10-01 00:00:00,미부착,,개방 가능,공공누리 1유형,,,O,,,,,단순 정보,
357,철도산업정보센터,HOME > 철도역사관 > 철도통합연표,철도통합연표,무배치간이역으로 영업개시,,1931-10-01 00:00:00,미부착,,개방 가능,공공누리 1유형,,,O,,,,,단순 정보,
358,철도산업정보센터,HOME > 철도역사관 > 철도통합연표,철도통합연표,보통역으로 영업개시,,1931-10-01 00:00:00,미부착,,개방 가능,공공누리 1유형,,,O,,,,,단순 정보,
359,철도산업정보센터,HOME > 철도역사관 > 철도통합연표,철도통합연표,간이역으로 영업개시(남관역),,1931-10-01 00:00:00,미부착,,개방 가능,공공누리 1유형,,,O,,,,,단순 정보,
360,철도산업정보센터,HOME > 철도역사관 > 철도통합연표,철도통합연표,예천~안동 구간 완공,,1931-10-11 00:00:00,미부착,,개방 가능,공공누리 1유형,,,O,,,,,단순 정보,
361,철도산업정보센터,HOME > 철도역사관 > 철도통합연표,철도통합연표,보통역으로 영업개시,,1931-10-16 00:00:00,미부착,,개방 가능,공공누리 1유형,,,O,,,,,단순 정보,
362,철도산업정보센터,HOME > 철도역사관 > 철도통합연표,철도통합연표,간이역으로 영업개시,,1931-10-16 00:00:00,미부착,,개방 가능,공공누리 1유형,,,O,,,,,단순 정보,
363,철도산업정보센터,HOME > 철도역사관 > 철도통합연표,철도통합연표,보통역으로 영업개시,,1931-10-16 00:00:00,미부착,,개방 가능,공공누리 1유형,,,O,,,,,단순 정보,
364,철도산업정보센터,HOME > 철도역사관 > 철도통합연표,철도통합연표,보통역으로 영업개시,,1931-10-16 00:00:00,미부착,,개방 가능,공공누리 1유형,,,O,,,,,단순 정보,
365,철도산업정보센터,HOME > 철도역사관 > 철도통합연표,철도통합연표,보통역으로 영업개시,,1931-10-16 00:00:00,미부착,,개방 가능,공공누리 1유형,,,O,,,,,단순 정보,
366,철도산업정보센터,HOME > 철도역사관 > 철도통합연표,철도통합연표,보통역으로 영업개시,,1931-12-01 00:00:00,미부착,,개방 가능,공공누리 1유형,,,O,,,,,단순 정보,
367,철도산업정보센터,HOME > 철도역사관 > 철도통합연표,철도통합연표,영업개시,,1931-12-01 00:00:00,미부착,,개방 가능,공공누리 1유형,,,O,,,,,단순 정보,
368,철도산업정보센터,HOME > 철도역사관 > 철도통합연표,철도통합연표,보통역으로 영업개시,,1931-12-01 00:00:00,미부착,,개방 가능,공공누리 1유형,,,O,,,,,단순 정보,
369,철도산업정보센터,HOME > 철도역사관 > 철도통합연표,철도통합연표,영업개시,,1931-12-01 00:00:00,미부착,,개방 가능,공공누리 1유형,,,O,,,,,단순 정보,
370,철도산업정보센터,HOME > 철도역사관 > 철도통합연표,철도통합연표,현재의 역사 준공,,1932-00-00,미부착,,개방 가능,공공누리 1유형,,,O,,,,,단순 정보,
371,철도산업정보센터,HOME > 철도역사관 > 철도통합연표,철도통합연표,역사준공,,1932-03-05 00:00:00,미부착,,개방 가능,공공누리 1유형,,,O,,,,,단순 정보,
372,철도산업정보센터,HOME > 철도역사관 > 철도통합연표,철도통합연표,배치간이역으로 영업개시,,1932-05-11 00:00:00,미부착,,개방 가능,공공누리 1유형,,,O,,,,,단순 정보,
373,철도산업정보센터,HOME > 철도역사관 > 철도통합연표,철도통합연표,통천-두백 간 개통(14.7km).,,1932-05-21 00:00:00,미부착,,개방 가능,공공누리 1유형,,,O,,,,,단순 정보,
374,철도산업정보센터,HOME > 철도역사관 > 철도통합연표,철도통합연표,두백-장전 간 개통(17.5km).,,1932-08-01 00:00:00,미부착,,개방 가능,공공누리 1유형,,,O,,,,,단순 정보,
375,철도산업정보센터,HOME > 철도역사관 > 철도통합연표,철도통합연표,정류장으로 영업개시,,1932-09-01 00:00:00,미부착,,개방 가능,공공누리 1유형,,,O,,,,,단순 정보,
376,철도산업정보센터,HOME > 철도역사관 > 철도통합연표,철도통합연표,장전-외금강 간 개통(7.8km).,,1932-09-16 00:00:00,미부착,,개방 가능,공공누리 1유형,,,O,,,,,단순 정보,
377,철도산업정보센터,HOME > 철도역사관 > 철도통합연표,철도통합연표,배치간이역으로 영업개시(무배치?),,1932-10-01 00:00:00,미부착,,개방 가능,공공누리 1유형,,,O,,,,,단순 정보,
378,철도산업정보센터,HOME > 철도역사관 > 철도통합연표,철도통합연표,간이역으로 격하,,1932-10-16 00:00:00,미부착,,개방 가능,공공누리 1유형,,,O,,,,,단순 정보,
379,철도산업정보센터,HOME > 철도역사관 > 철도통합연표,철도통합연표,외금강-고성 간 개통(10.4km).,,1932-11-01 00:00:00,미부착,,개방 가능,공공누리 1유형,,,O,,,,,단순 정보,
380,철도산업정보센터,HOME > 철도역사관 > 철도통합연표,철도통합연표,무배치간이역으로 영업개시,,1932-11-01 00:00:00,미부착,,개방 가능,공공누리 1유형,,,O,,,,,단순 정보,
381,철도산업정보센터,HOME > 철도역사관 > 철도통합연표,철도통합연표,무배치간이역으로 영업개시(춘양역),,1932-11-01 00:00:00,미부착,,개방 가능,공공누리 1유형,,,O,,,,,단순 정보,
382,철도산업정보센터,HOME > 철도역사관 > 철도통합연표,철도통합연표,무배치간이역으로 영업개시,,1932-11-01 00:00:00,미부착,,개방 가능,공공누리 1유형,,,O,,,,,단순 정보,
383,철도산업정보센터,HOME > 철도역사관 > 철도통합연표,철도통합연표,무배치간이역으로 영업개시(총독부관보에는 덕수역으로 기재),,1932-11-01 00:00:00,미부착,,개방 가능,공공누리 1유형,,,O,,,,,단순 정보,
384,철도산업정보센터,HOME > 철도역사관 > 철도통합연표,철도통합연표,무배치간이역으로 영업개시,,1932-11-01 00:00:00,미부착,,개방 가능,공공누리 1유형,,,O,,,,,단순 정보,
385,철도산업정보센터,HOME > 철도역사관 > 철도통합연표,철도통합연표,무배치간이역으로 영업개시,,1932-11-01 00:00:00,미부착,,개방 가능,공공누리 1유형,,,O,,,,,단순 정보,
386,철도산업정보센터,HOME > 철도역사관 > 철도통합연표,철도통합연표,구역사준공,,1932-12-31 00:00:00,미부착,,개방 가능,공공누리 1유형,,,O,,,,,단순 정보,
387,철도산업정보센터,HOME > 철도역사관 > 철도통합연표,철도통합연표,현재의 역사 준공,,1933-00-00,미부착,,개방 가능,공공누리 1유형,,,O,,,,,단순 정보,
388,철도산업정보센터,HOME > 철도역사관 > 철도통합연표,철도통합연표,주포역으로 역명개칭.,,1933-01-01 00:00:00,미부착,,개방 가능,공공누리 1유형,,,O,,,,,단순 정보,
389,철도산업정보센터,HOME > 철도역사관 > 철도통합연표,철도통합연표,무배치간이역으로 영업개시,,1933-03-01 00:00:00,미부착,,개방 가능,공공누리 1유형,,,O,,,,,단순 정보,
390,철도산업정보센터,HOME > 철도역사관 > 철도통합연표,철도통합연표,보통역으로 승격,,1933-04-01 00:00:00,미부착,,개방 가능,공공누리 1유형,,,O,,,,,단순 정보,
391,철도산업정보센터,HOME > 철도역사관 > 철도통합연표,철도통합연표,남원-곡성 개통,,1933-10-00,미부착,,개방 가능,공공누리 1유형,,,O,,,,,단순 정보,
392,철도산업정보센터,HOME > 철도역사관 > 철도통합연표,철도통합연표,정차장으로 영업개시,,1933-10-01 00:00:00,미부착,,개방 가능,공공누리 1유형,,,O,,,,,단순 정보,
393,철도산업정보센터,HOME > 철도역사관 > 철도통합연표,철도통합연표,보통역으로 영업개시,,1933-10-15 00:00:00,미부착,,개방 가능,공공누리 1유형,,,O,,,,,단순 정보,
394,철도산업정보센터,HOME > 철도역사관 > 철도통합연표,철도통합연표,배치간이역으로 영업개시,,1933-10-15 00:00:00,미부착,,개방 가능,공공누리 1유형,,,O,,,,,단순 정보,
395,철도산업정보센터,HOME > 철도역사관 > 철도통합연표,철도통합연표,영업개시,,1933-10-20 00:00:00,미부착,,개방 가능,공공누리 1유형,,,O,,,,,단순 정보,
396,철도산업정보센터,HOME > 철도역사관 > 철도통합연표,철도통합연표,배치간이역으로 영업개시,,1934-02-11 00:00:00,미부착,,개방 가능,공공누리 1유형,,,O,,,,,단순 정보,
397,철도산업정보센터,HOME > 철도역사관 > 철도통합연표,철도통합연표,배치간이역으로 영업개시,,1934-04-01 00:00:00,미부착,,개방 가능,공공누리 1유형,,,O,,,,,단순 정보,
398,철도산업정보센터,HOME > 철도역사관 > 철도통합연표,철도통합연표,무배치간이역으로 개역,,1934-06-20 00:00:00,미부착,,개방 가능,공공누리 1유형,,,O,,,,,단순 정보,
399,철도산업정보센터,HOME > 철도역사관 > 철도통합연표,철도통합연표,보통역으로 영업개시,,1934-07-15 00:00:00,미부착,,개방 가능,공공누리 1유형,,,O,,,,,단순 정보,
400,철도산업정보센터,HOME > 철도역사관 > 철도통합연표,철도통합연표,무배치간이역으로 영업개시,,1934-07-15 00:00:00,미부착,,개방 가능,공공누리 1유형,,,O,,,,,단순 정보,
401,철도산업정보센터,HOME > 철도역사관 > 철도통합연표,철도통합연표,무배치간이역으로 영업개시,,1934-07-15 00:00:00,미부착,,개방 가능,공공누리 1유형,,,O,,,,,단순 정보,
402,철도산업정보센터,HOME > 철도역사관 > 철도통합연표,철도통합연표,보통역에서 배치간이역으로 격하,,1934-08-01 00:00:00,미부착,,개방 가능,공공누리 1유형,,,O,,,,,단순 정보,
403,철도산업정보센터,HOME > 철도역사관 > 철도통합연표,철도통합연표,현재의 역사 준공.,,1934-08-15 00:00:00,미부착,,개방 가능,공공누리 1유형,,,O,,,,,단순 정보,
404,철도산업정보센터,HOME > 철도역사관 > 철도통합연표,철도통합연표,복선공사로 역사 신축이전,,1934-09-31,미부착,,개방 가능,공공누리 1유형,,,O,,,,,단순 정보,
405,철도산업정보센터,HOME > 철도역사관 > 철도통합연표,철도통합연표,영업개시,,1934-11-01 00:00:00,미부착,,개방 가능,공공누리 1유형,,,O,,,,,단순 정보,
406,철도산업정보센터,HOME > 철도역사관 > 철도통합연표,철도통합연표,배치간이역으로 영업개시,,1934-12-16 00:00:00,미부착,,개방 가능,공공누리 1유형,,,O,,,,,단순 정보,
407,철도산업정보센터,HOME > 철도역사관 > 철도통합연표,철도통합연표,무배치간이역으로 영업개시,,1934-12-16 00:00:00,미부착,,개방 가능,공공누리 1유형,,,O,,,,,단순 정보,
408,철도산업정보센터,HOME > 철도역사관 > 철도통합연표,철도통합연표,무배치간이역으로 영업개시(삼성역),,1934-12-16 00:00:00,미부착,,개방 가능,공공누리 1유형,,,O,,,,,단순 정보,
409,철도산업정보센터,HOME > 철도역사관 > 철도통합연표,철도통합연표,운전취급역으로 영업개시,,1934-12-16 00:00:00,미부착,,개방 가능,공공누리 1유형,,,O,,,,,단순 정보,
410,철도산업정보센터,HOME > 철도역사관 > 철도통합연표,철도통합연표,"청량리·양평·원주·제천을 거쳐 단양·영주·안동·의성·영천을 연결하는 345.2km 노선 확정, 중앙선(中央線)이라 명명",,1935-00-00,미부착,,개방 가능,공공누리 1유형,,,O,,,,,단순 정보,
411,철도산업정보센터,HOME > 철도역사관 > 철도통합연표,철도통합연표,무배치간이역으로 영업개시,,1935-01-16 00:00:00,미부착,,개방 가능,공공누리 1유형,,,O,,,,,단순 정보,
412,철도산업정보센터,HOME > 철도역사관 > 철도통합연표,철도통합연표,역사신축과 동시에 보통역으로 승격,,1935-03-01 00:00:00,미부착,,개방 가능,공공누리 1유형,,,O,,,,,단순 정보,
413,철도산업정보센터,HOME > 철도역사관 > 철도통합연표,철도통합연표,보통역으로 승격,,1935-04-16 00:00:00,미부착,,개방 가능,공공누리 1유형,,,O,,,,,단순 정보,
414,철도산업정보센터,HOME > 철도역사관 > 철도통합연표,철도통합연표,무배치간이역으로 영업개시,,1935-06-01 00:00:00,미부착,,개방 가능,공공누리 1유형,,,O,,,,,단순 정보,
415,철도산업정보센터,HOME > 철도역사관 > 철도통합연표,철도통합연표,고성-간성 간 개통(39.3km).,,1935-11-01 00:00:00,미부착,,개방 가능,공공누리 1유형,,,O,,,,,단순 정보,
416,철도산업정보센터,HOME > 철도역사관 > 철도통합연표,철도통합연표,화물취급 개시,,1935-11-01 00:00:00,미부착,,개방 가능,공공누리 1유형,,,O,,,,,단순 정보,
417,철도산업정보센터,HOME > 철도역사관 > 철도통합연표,철도통합연표,부산-울산-경주 구간 개통되었다.,,1935-12-01 00:00:00,미부착,,개방 가능,공공누리 1유형,,,O,,,,,단순 정보,
418,철도산업정보센터,HOME > 철도역사관 > 철도통합연표,철도통합연표,배치간이역으로 영업개시,,1935-12-01 00:00:00,미부착,,개방 가능,공공누리 1유형,,,O,,,,,단순 정보,
419,철도산업정보센터,HOME > 철도역사관 > 철도통합연표,철도통합연표,보통역으로 영업개시,,1935-12-16 00:00:00,미부착,,개방 가능,공공누리 1유형,,,O,,,,,단순 정보,
420,철도산업정보센터,HOME > 철도역사관 > 철도통합연표,철도통합연표,배치간이역으로 영업개시,,1935-12-16 00:00:00,미부착,,개방 가능,공공누리 1유형,,,O,,,,,단순 정보,
421,철도산업정보센터,HOME > 철도역사관 > 철도통합연표,철도통합연표,보통역으로 승격,,1935-12-16 00:00:00,미부착,,개방 가능,공공누리 1유형,,,O,,,,,단순 정보,
422,철도산업정보센터,HOME > 철도역사관 > 철도통합연표,철도통합연표,역사이설,,1935-12-16 00:00:00,미부착,,개방 가능,공공누리 1유형,,,O,,,,,단순 정보,
423,철도산업정보센터,HOME > 철도역사관 > 철도통합연표,철도통합연표,배치간이역으로 변경,,1935-12-16 00:00:00,미부착,,개방 가능,공공누리 1유형,,,O,,,,,단순 정보,
424,철도산업정보센터,HOME > 철도역사관 > 철도통합연표,철도통합연표,보통역으로 승격과 함께 역사신축 준공,,1936-01-16 00:00:00,미부착,,개방 가능,공공누리 1유형,,,O,,,,,단순 정보,
425,철도산업정보센터,HOME > 철도역사관 > 철도통합연표,철도통합연표,무배치간이역으로 영업개시,,1936-03-01 00:00:00,미부착,,개방 가능,공공누리 1유형,,,O,,,,,단순 정보,
426,철도산업정보센터,HOME > 철도역사관 > 철도통합연표,철도통합연표,무배치간이역으로 개역,,1936-03-01 00:00:00,미부착,,개방 가능,공공누리 1유형,,,O,,,,,단순 정보,
427,철도산업정보센터,HOME > 철도역사관 > 철도통합연표,철도통합연표,"삼척철도주식회사, 정라~도계간 35.7km의 철도부설면허 취득",,1936-03-02 00:00:00,미부착,,개방 가능,공공누리 1유형,,,O,,,,,단순 정보,
428,철도산업정보센터,HOME > 철도역사관 > 철도통합연표,철도통합연표,경성 - 영등포간 경인선에서 경부선으로 편입 (복선),,1936-04-01 00:00:00,미부착,,개방 가능,공공누리 1유형,,,O,,,,,단순 정보,
429,철도산업정보센터,HOME > 철도역사관 > 철도통합연표,철도통합연표,배치간이역으로 격하,,1936-10-06 00:00:00,미부착,,개방 가능,공공누리 1유형,,,O,,,,,단순 정보,
430,철도산업정보센터,HOME > 철도역사관 > 철도통합연표,철도통합연표,보통역으로 승격,,1936-11-01 00:00:00,미부착,,개방 가능,공공누리 1유형,,,O,,,,,단순 정보,
431,철도산업정보센터,HOME > 철도역사관 > 철도통합연표,철도통합연표,청량리 방면에서 착공,,1936-11-03 00:00:00,미부착,,개방 가능,공공누리 1유형,,,O,,,,,단순 정보,
432,철도산업정보센터,HOME > 철도역사관 > 철도통합연표,철도통합연표,곡성-순천 개통. 전라선으로 개명.,,1936-12-00,미부착,,개방 가능,공공누리 1유형,,,O,,,,,단순 정보,
433,철도산업정보센터,HOME > 철도역사관 > 철도통합연표,철도통합연표,현재의 역사 준공,,1936-12-01 00:00:00,미부착,,개방 가능,공공누리 1유형,,,O,,,,,단순 정보,
434,철도산업정보센터,HOME > 철도역사관 > 철도통합연표,철도통합연표,표준궤개량,,1936-12-01 00:00:00,미부착,,개방 가능,공공누리 1유형,,,O,,,,,단순 정보,
435,철도산업정보센터,HOME > 철도역사관 > 철도통합연표,철도통합연표,표준궤개량 및 현재의 역사준공,,1936-12-01 00:00:00,미부착,,개방 가능,공공누리 1유형,,,O,,,,,단순 정보,
436,철도산업정보센터,HOME > 철도역사관 > 철도통합연표,철도통합연표,표준궤로 개량,,1936-12-01 00:00:00,미부착,,개방 가능,공공누리 1유형,,,O,,,,,단순 정보,
437,철도산업정보센터,HOME > 철도역사관 > 철도통합연표,철도통합연표,"표준궤선으로 개량, 현재의 역사 준공",,1936-12-01 00:00:00,미부착,,개방 가능,공공누리 1유형,,,O,,,,,단순 정보,
438,철도산업정보센터,HOME > 철도역사관 > 철도통합연표,철도통합연표,표준궤로 개량(당시 배치간이역),,1936-12-01 00:00:00,미부착,,개방 가능,공공누리 1유형,,,O,,,,,단순 정보,
439,철도산업정보센터,HOME > 철도역사관 > 철도통합연표,철도통합연표,현재의 역사준공.,,1936-12-10 00:00:00,미부착,,개방 가능,공공누리 1유형,,,O,,,,,단순 정보,
440,철도산업정보센터,HOME > 철도역사관 > 철도통합연표,철도통합연표,역사준공,,1936-12-10 00:00:00,미부착,,개방 가능,공공누리 1유형,,,O,,,,,단순 정보,
441,철도산업정보센터,HOME > 철도역사관 > 철도통합연표,철도통합연표,전라선(익산 ~ 여수) 개통,,1936-12-16 00:00:00,미부착,,개방 가능,공공누리 1유형,,,O,,,,,단순 정보,
442,철도산업정보센터,HOME > 철도역사관 > 철도통합연표,철도통합연표,보통역으로 영업개시(학구역),,1936-12-16 00:00:00,미부착,,개방 가능,공공누리 1유형,,,O,,,,,단순 정보,
443,철도산업정보센터,HOME > 철도역사관 > 철도통합연표,철도통합연표,보통역으로 영업개시,,1936-12-16 00:00:00,미부착,,개방 가능,공공누리 1유형,,,O,,,,,단순 정보,
444,철도산업정보센터,HOME > 철도역사관 > 철도통합연표,철도통합연표,보통역으로 영업개시,,1936-12-16 00:00:00,미부착,,개방 가능,공공누리 1유형,,,O,,,,,단순 정보,
445,철도산업정보센터,HOME > 철도역사관 > 철도통합연표,철도통합연표,무배치간이역으로 영업개시,,1936-12-16 00:00:00,미부착,,개방 가능,공공누리 1유형,,,O,,,,,단순 정보,
446,철도산업정보센터,HOME > 철도역사관 > 철도통합연표,철도통합연표,보통역으로 승격,,1936-12-16 00:00:00,미부착,,개방 가능,공공누리 1유형,,,O,,,,,단순 정보,
447,철도산업정보센터,HOME > 철도역사관 > 철도통합연표,철도통합연표,영천 방면에서 착공,,1936-12-18 00:00:00,미부착,,개방 가능,공공누리 1유형,,,O,,,,,단순 정보,
448,철도산업정보센터,HOME > 철도역사관 > 철도통합연표,철도통합연표,역명변경(군포장→군포),,1937-01-01 00:00:00,미부착,,개방 가능,공공누리 1유형,,,O,,,,,단순 정보,
449,철도산업정보센터,HOME > 철도역사관 > 철도통합연표,철도통합연표,보통역으로 승격,,1937-02-16 00:00:00,미부착,,개방 가능,공공누리 1유형,,,O,,,,,단순 정보,
450,철도산업정보센터,HOME > 철도역사관 > 철도통합연표,철도통합연표,익산～여수간의 전라선 전구간이 개통,,1937-03-00,미부착,,개방 가능,공공누리 1유형,,,O,,,,,단순 정보,
451,철도산업정보센터,HOME > 철도역사관 > 철도통합연표,철도통합연표,정라~도계간 에서 묵호~도계간 41.7km로 부설면허 변경,,1937-03-25 00:00:00,미부착,,개방 가능,공공누리 1유형,,,O,,,,,단순 정보,
452,철도산업정보센터,HOME > 철도역사관 > 철도통합연표,철도통합연표,배치간이역으로 승격(1936당시 이미 배치간이역이었음),,1937-05-01 00:00:00,미부착,,개방 가능,공공누리 1유형,,,O,,,,,단순 정보,
453,철도산업정보센터,HOME > 철도역사관 > 철도통합연표,철도통합연표,신호소로 영업개시,,1937-08-04 00:00:00,미부착,,개방 가능,공공누리 1유형,,,O,,,,,단순 정보,
454,철도산업정보센터,HOME > 철도역사관 > 철도통합연표,철도통합연표,수인선 개통,,1937-08-05 00:00:00,미부착,,개방 가능,공공누리 1유형,,,O,,,,,단순 정보,
455,철도산업정보센터,HOME > 철도역사관 > 철도통합연표,철도통합연표,영업개시,,1937-08-05 00:00:00,미부착,,개방 가능,공공누리 1유형,,,O,,,,,단순 정보,
456,철도산업정보센터,HOME > 철도역사관 > 철도통합연표,철도통합연표,영업개시,,1937-08-05 00:00:00,미부착,,개방 가능,공공누리 1유형,,,O,,,,,단순 정보,
457,철도산업정보센터,HOME > 철도역사관 > 철도통합연표,철도통합연표,보통역으로 영업개시,,1937-08-05 00:00:00,미부착,,개방 가능,공공누리 1유형,,,O,,,,,단순 정보,
458,철도산업정보센터,HOME > 철도역사관 > 철도통합연표,철도통합연표,보통역으로 영업개시,,1937-08-05 00:00:00,미부착,,개방 가능,공공누리 1유형,,,O,,,,,단순 정보,
459,철도산업정보센터,HOME > 철도역사관 > 철도통합연표,철도통합연표,정류장으로 영업개시,,1937-08-05 00:00:00,미부착,,개방 가능,공공누리 1유형,,,O,,,,,단순 정보,
460,철도산업정보센터,HOME > 철도역사관 > 철도통합연표,철도통합연표,보통역으로 영업개시,,1937-08-05 00:00:00,미부착,,개방 가능,공공누리 1유형,,,O,,,,,단순 정보,
461,철도산업정보센터,HOME > 철도역사관 > 철도통합연표,철도통합연표,보통역으로 영업개시,,1937-08-05 00:00:00,미부착,,개방 가능,공공누리 1유형,,,O,,,,,단순 정보,
462,철도산업정보센터,HOME > 철도역사관 > 철도통합연표,철도통합연표,영업개시,,1937-08-05 00:00:00,미부착,,개방 가능,공공누리 1유형,,,O,,,,,단순 정보,
463,철도산업정보센터,HOME > 철도역사관 > 철도통합연표,철도통합연표,영업개시,,1937-08-05 00:00:00,미부착,,개방 가능,공공누리 1유형,,,O,,,,,단순 정보,
464,철도산업정보센터,HOME > 철도역사관 > 철도통합연표,철도통합연표,영업개시,,1937-08-05 00:00:00,미부착,,개방 가능,공공누리 1유형,,,O,,,,,단순 정보,
465,철도산업정보센터,HOME > 철도역사관 > 철도통합연표,철도통합연표,영업개시,,1937-08-06 00:00:00,미부착,,개방 가능,공공누리 1유형,,,O,,,,,단순 정보,
466,철도산업정보센터,HOME > 철도역사관 > 철도통합연표,철도통합연표,영업개시,,1937-08-06 00:00:00,미부착,,개방 가능,공공누리 1유형,,,O,,,,,단순 정보,
467,철도산업정보센터,HOME > 철도역사관 > 철도통합연표,철도통합연표,수인선개통,,1937-08-06 00:00:00,미부착,,개방 가능,공공누리 1유형,,,O,,,,,단순 정보,
468,철도산업정보센터,HOME > 철도역사관 > 철도통합연표,철도통합연표,폐쇄,,1937-10-24 00:00:00,미부착,,개방 가능,공공누리 1유형,,,O,,,,,단순 정보,
469,철도산업정보센터,HOME > 철도역사관 > 철도통합연표,철도통합연표,간성-양양 전구간 개통(41.9km),,1937-12-01 00:00:00,미부착,,개방 가능,공공누리 1유형,,,O,,,,,단순 정보,
470,철도산업정보센터,HOME > 철도역사관 > 철도통합연표,철도통합연표,역명개정(삼향→일로),,1938-03-01 00:00:00,미부착,,개방 가능,공공누리 1유형,,,O,,,,,단순 정보,
471,철도산업정보센터,HOME > 철도역사관 > 철도통합연표,철도통합연표,역명개칭(전남광주역→광주역),,1938-04-01 00:00:00,미부착,,개방 가능,공공누리 1유형,,,O,,,,,단순 정보,
472,철도산업정보센터,HOME > 철도역사관 > 철도통합연표,철도통합연표,신광주역에서 남광주역으로 개칭,,1938-04-01 00:00:00,미부착,,개방 가능,공공누리 1유형,,,O,,,,,단순 정보,
473,철도산업정보센터,HOME > 철도역사관 > 철도통합연표,철도통합연표,무배치간이역으로 영업개시(사창역),,1938-05-01 00:00:00,미부착,,개방 가능,공공누리 1유형,,,O,,,,,단순 정보,
474,철도산업정보센터,HOME > 철도역사관 > 철도통합연표,철도통합연표,남경성역으로 개명,,1938-05-01 00:00:00,미부착,,개방 가능,공공누리 1유형,,,O,,,,,단순 정보,
475,철도산업정보센터,HOME > 철도역사관 > 철도통합연표,철도통합연표,동경성역으로 개칭,,1938-05-01 00:00:00,미부착,,개방 가능,공공누리 1유형,,,O,,,,,단순 정보,
476,철도산업정보센터,HOME > 철도역사관 > 철도통합연표,철도통합연표,신호장개설(?),,1938-06-15 00:00:00,미부착,,개방 가능,공공누리 1유형,,,O,,,,,단순 정보,
477,철도산업정보센터,HOME > 철도역사관 > 철도통합연표,철도통합연표,조선철도주식회사의 사철이었던 영천역 ~ 경주역 간 37.5km 매수,,1938-07-00,미부착,,개방 가능,공공누리 1유형,,,O,,,,,단순 정보,
478,철도산업정보센터,HOME > 철도역사관 > 철도통합연표,철도통합연표,표준궤로 개량,,1938-07-01 00:00:00,미부착,,개방 가능,공공누리 1유형,,,O,,,,,단순 정보,
479,철도산업정보센터,HOME > 철도역사관 > 철도통합연표,철도통합연표,표준궤 개량과 동시에 구역사준공,,1938-07-01 00:00:00,미부착,,개방 가능,공공누리 1유형,,,O,,,,,단순 정보,
480,철도산업정보센터,HOME > 철도역사관 > 철도통합연표,철도통합연표,소화물취급 중지,,1938-07-01 00:00:00,미부착,,개방 가능,공공누리 1유형,,,O,,,,,단순 정보,
481,철도산업정보센터,HOME > 철도역사관 > 철도통합연표,철도통합연표,대구-영천간 표준궤 개량에 따라 현재의 위치로 이전,,1938-07-01 00:00:00,미부착,,개방 가능,공공누리 1유형,,,O,,,,,단순 정보,
482,철도산업정보센터,HOME > 철도역사관 > 철도통합연표,철도통합연표,표준궤로 개량,,1938-07-01 00:00:00,미부착,,개방 가능,공공누리 1유형,,,O,,,,,단순 정보,
483,철도산업정보센터,HOME > 철도역사관 > 철도통합연표,철도통합연표,신호장 설치,,1938-08-01 00:00:00,미부착,,개방 가능,공공누리 1유형,,,O,,,,,단순 정보,
484,철도산업정보센터,HOME > 철도역사관 > 철도통합연표,철도통합연표,보통역으로 영업개시(인천항역),,1938-08-05 00:00:00,미부착,,개방 가능,공공누리 1유형,,,O,,,,,단순 정보,
485,철도산업정보센터,HOME > 철도역사관 > 철도통합연표,철도통합연표,역사준공,,1938-09-17 00:00:00,미부착,,개방 가능,공공누리 1유형,,,O,,,,,단순 정보,
486,철도산업정보센터,HOME > 철도역사관 > 철도통합연표,철도통합연표,역사준공,,1938-09-22 00:00:00,미부착,,개방 가능,공공누리 1유형,,,O,,,,,단순 정보,
487,철도산업정보센터,HOME > 철도역사관 > 철도통합연표,철도통합연표,보통역으로 승격,,1938-10-01 00:00:00,미부착,,개방 가능,공공누리 1유형,,,O,,,,,단순 정보,
488,철도산업정보센터,HOME > 철도역사관 > 철도통합연표,철도통합연표,역명변경(구이리→동이리),,1938-10-01 00:00:00,미부착,,개방 가능,공공누리 1유형,,,O,,,,,단순 정보,
489,철도산업정보센터,HOME > 철도역사관 > 철도통합연표,철도통합연표,무배치간이역으로 영업개시,,1938-12-01 00:00:00,미부착,,개방 가능,공공누리 1유형,,,O,,,,,단순 정보,
490,철도산업정보센터,HOME > 철도역사관 > 철도통합연표,철도통합연표,보통역으로 영업개시,,1938-12-01 00:00:00,미부착,,개방 가능,공공누리 1유형,,,O,,,,,단순 정보,
491,철도산업정보센터,HOME > 철도역사관 > 철도통합연표,철도통합연표,무배치간이역으로 영업개시(경북화산),,1938-12-01 00:00:00,미부착,,개방 가능,공공누리 1유형,,,O,,,,,단순 정보,
492,철도산업정보센터,HOME > 철도역사관 > 철도통합연표,철도통합연표,역사준공,,1938-12-20 00:00:00,미부착,,개방 가능,공공누리 1유형,,,O,,,,,단순 정보,
493,철도산업정보센터,HOME > 철도역사관 > 철도통합연표,철도통합연표,경춘철도주식회사에 의해서 사설철도로 개통,,1939-00-00,미부착,,개방 가능,공공누리 1유형,,,O,,,,,단순 정보,
494,철도산업정보센터,HOME > 철도역사관 > 철도통합연표,철도통합연표,"소화물, 화물취급 개시",,1939-02-16 00:00:00,미부착,,개방 가능,공공누리 1유형,,,O,,,,,단순 정보,
495,철도산업정보센터,HOME > 철도역사관 > 철도통합연표,철도통합연표,역사준공,,1939-03-12 00:00:00,미부착,,개방 가능,공공누리 1유형,,,O,,,,,단순 정보,
496,철도산업정보센터,HOME > 철도역사관 > 철도통합연표,철도통합연표,청량리역 ~ 양평역 구간 52.5km 개통,,1939-04-00,미부착,,개방 가능,공공누리 1유형,,,O,,,,,단순 정보,
497,철도산업정보센터,HOME > 철도역사관 > 철도통합연표,철도통합연표,보통역으로 영업개시,,1939-04-01 00:00:00,미부착,,개방 가능,공공누리 1유형,,,O,,,,,단순 정보,
498,철도산업정보센터,HOME > 철도역사관 > 철도통합연표,철도통합연표,무배치간이역으로 영업개시,,1939-04-01 00:00:00,미부착,,개방 가능,공공누리 1유형,,,O,,,,,단순 정보,
499,철도산업정보센터,HOME > 철도역사관 > 철도통합연표,철도통합연표,현재의 역사준공.,,1939-05-15 00:00:00,미부착,,개방 가능,공공누리 1유형,,,O,,,,,단순 정보,
500,철도산업정보센터,HOME > 철도역사관 > 철도통합연표,철도통합연표,무배치간이역으로 영업개시,,1939-05-16 00:00:00,미부착,,개방 가능,공공누리 1유형,,,O,,,,,단순 정보,
501,철도산업정보센터,HOME > 철도역사관 > 철도통합연표,철도통합연표,신호소로 개역,,1939-05-20 00:00:00,미부착,,개방 가능,공공누리 1유형,,,O,,,,,단순 정보,
502,철도산업정보센터,HOME > 철도역사관 > 철도통합연표,철도통합연표,노선명을 경경선(京慶線)으로 개칭,,1939-06-00,미부착,,개방 가능,공공누리 1유형,,,O,,,,,단순 정보,
503,철도산업정보센터,HOME > 철도역사관 > 철도통합연표,철도통합연표,보통역으로 영업개시(연촌역),,1939-06-01 00:00:00,미부착,,개방 가능,공공누리 1유형,,,O,,,,,단순 정보,
504,철도산업정보센터,HOME > 철도역사관 > 철도통합연표,철도통합연표,구역사 준공.,,1939-06-01 00:00:00,미부착,,개방 가능,공공누리 1유형,,,O,,,,,단순 정보,
505,철도산업정보센터,HOME > 철도역사관 > 철도통합연표,철도통합연표,표준궤로 개량,,1939-06-01 00:00:00,미부착,,개방 가능,공공누리 1유형,,,O,,,,,단순 정보,
506,철도산업정보센터,HOME > 철도역사관 > 철도통합연표,철도통합연표,표준궤 개량으로 현재의 위치로 역사이전,,1939-06-01 00:00:00,미부착,,개방 가능,공공누리 1유형,,,O,,,,,단순 정보,
507,철도산업정보센터,HOME > 철도역사관 > 철도통합연표,철도통합연표,역명변경(광명→모량) 및 표준궤로 개량하면서 역사를 현위치로 이전,,1939-06-01 00:00:00,미부착,,개방 가능,공공누리 1유형,,,O,,,,,단순 정보,
508,철도산업정보센터,HOME > 철도역사관 > 철도통합연표,철도통합연표,표준궤개량으로 이설 및 역명변경(서악→율동),,1939-06-01 00:00:00,미부착,,개방 가능,공공누리 1유형,,,O,,,,,단순 정보,
509,철도산업정보센터,HOME > 철도역사관 > 철도통합연표,철도통합연표,영등포 - 대전간 복선화,,1939-06-15 00:00:00,미부착,,개방 가능,공공누리 1유형,,,O,,,,,단순 정보,
510,철도산업정보센터,HOME > 철도역사관 > 철도통합연표,철도통합연표,화물취급 개시,,1939-07-16 00:00:00,미부착,,개방 가능,공공누리 1유형,,,O,,,,,단순 정보,
511,철도산업정보센터,HOME > 철도역사관 > 철도통합연표,철도통합연표,정류소로 영업개시,,1939-07-20 00:00:00,미부착,,개방 가능,공공누리 1유형,,,O,,,,,단순 정보,
512,철도산업정보센터,HOME > 철도역사관 > 철도통합연표,철도통합연표,무배치간이역으로 영업개시,,1939-07-20 00:00:00,미부착,,개방 가능,공공누리 1유형,,,O,,,,,단순 정보,
513,철도산업정보센터,HOME > 철도역사관 > 철도통합연표,철도통합연표,보통역으로 영업개시(서천역),,1939-07-20 00:00:00,미부착,,개방 가능,공공누리 1유형,,,O,,,,,단순 정보,
514,철도산업정보센터,HOME > 철도역사관 > 철도통합연표,철도통합연표,정류소로 영업개시,,1939-07-20 00:00:00,미부착,,개방 가능,공공누리 1유형,,,O,,,,,단순 정보,
515,철도산업정보센터,HOME > 철도역사관 > 철도통합연표,철도통합연표,보통역으로 영업개시(신남역),,1939-07-20 00:00:00,미부착,,개방 가능,공공누리 1유형,,,O,,,,,단순 정보,
516,철도산업정보센터,HOME > 철도역사관 > 철도통합연표,철도통합연표,보통역으로 영업개시(성산역),,1939-07-20 00:00:00,미부착,,개방 가능,공공누리 1유형,,,O,,,,,단순 정보,
517,철도산업정보센터,HOME > 철도역사관 > 철도통합연표,철도통합연표,배치간이역으로 영업개시,,1939-07-20 00:00:00,미부착,,개방 가능,공공누리 1유형,,,O,,,,,단순 정보,
518,철도산업정보센터,HOME > 철도역사관 > 철도통합연표,철도통합연표,정류소로 영업개시,,1939-07-20 00:00:00,미부착,,개방 가능,공공누리 1유형,,,O,,,,,단순 정보,
519,철도산업정보센터,HOME > 철도역사관 > 철도통합연표,철도통합연표,보통역으로 영업개시,,1939-07-20 00:00:00,미부착,,개방 가능,공공누리 1유형,,,O,,,,,단순 정보,
520,철도산업정보센터,HOME > 철도역사관 > 철도통합연표,철도통합연표,정류소로 영업개시,,1939-07-20 00:00:00,미부착,,개방 가능,공공누리 1유형,,,O,,,,,단순 정보,
521,철도산업정보센터,HOME > 철도역사관 > 철도통합연표,철도통합연표,정류소로 영업개시,,1939-07-20 00:00:00,미부착,,개방 가능,공공누리 1유형,,,O,,,,,단순 정보,
522,철도산업정보센터,HOME > 철도역사관 > 철도통합연표,철도통합연표,보통역으로 영업개시,,1939-07-20 00:00:00,미부착,,개방 가능,공공누리 1유형,,,O,,,,,단순 정보,
523,철도산업정보센터,HOME > 철도역사관 > 철도통합연표,철도통합연표,임시승강장으로 영업개시,,1939-07-20 00:00:00,미부착,,개방 가능,공공누리 1유형,,,O,,,,,단순 정보,
524,철도산업정보센터,HOME > 철도역사관 > 철도통합연표,철도통합연표,태릉역으로 영업개시,,1939-07-20 00:00:00,미부착,,개방 가능,공공누리 1유형,,,O,,,,,단순 정보,
525,철도산업정보센터,HOME > 철도역사관 > 철도통합연표,철도통합연표,경춘선(성동 ~ 춘천) 개통,,1939-07-25 00:00:00,미부착,,개방 가능,공공누리 1유형,,,O,,,,,단순 정보,
526,철도산업정보센터,HOME > 철도역사관 > 철도통합연표,철도통합연표,배치간이역으로 영업개시,,1939-07-25 00:00:00,미부착,,개방 가능,공공누리 1유형,,,O,,,,,단순 정보,
527,철도산업정보센터,HOME > 철도역사관 > 철도통합연표,철도통합연표,신역사준공.(1939723태풍으로 역사소괴로 착공),,1939-08-23 00:00:00,미부착,,개방 가능,공공누리 1유형,,,O,,,,,단순 정보,
528,철도산업정보센터,HOME > 철도역사관 > 철도통합연표,철도통합연표,폐역,,1939-10-31 00:00:00,미부착,,개방 가능,공공누리 1유형,,,O,,,,,단순 정보,
529,철도산업정보센터,HOME > 철도역사관 > 철도통합연표,철도통합연표,삼척선 북평~삼척간 착공.,,1939-11-01 00:00:00,미부착,,개방 가능,공공누리 1유형,,,O,,,,,단순 정보,
530,철도산업정보센터,HOME > 철도역사관 > 철도통합연표,철도통합연표,우보역 ~ 영천역 구간 40.1km 개통,,1939-12-00,미부착,,개방 가능,공공누리 1유형,,,O,,,,,단순 정보,
531,철도산업정보센터,HOME > 철도역사관 > 철도통합연표,철도통합연표,안동역 ~ 우보역 구간 48.9km 개통,,1940-03-00,미부착,,개방 가능,공공누리 1유형,,,O,,,,,단순 정보,
532,철도산업정보센터,HOME > 철도역사관 > 철도통합연표,철도통합연표,보통역으로 영업개시,,1940-03-01 00:00:00,미부착,,개방 가능,공공누리 1유형,,,O,,,,,단순 정보,
533,철도산업정보센터,HOME > 철도역사관 > 철도통합연표,철도통합연표,보통역으로 승격,,1940-03-01 00:00:00,미부착,,개방 가능,공공누리 1유형,,,O,,,,,단순 정보,
534,철도산업정보센터,HOME > 철도역사관 > 철도통합연표,철도통합연표,국철로 귀속,,1940-03-01 00:00:00,미부착,,개방 가능,공공누리 1유형,,,O,,,,,단순 정보,
535,철도산업정보센터,HOME > 철도역사관 > 철도통합연표,철도통합연표,삼랑진 - 부산진간 복선화,,1940-04-00,미부착,,개방 가능,공공누리 1유형,,,O,,,,,단순 정보,
536,철도산업정보센터,HOME > 철도역사관 > 철도통합연표,철도통합연표,양평역 ~ 원주역 구간 55.9km 개통,,1940-04-00,미부착,,개방 가능,공공누리 1유형,,,O,,,,,단순 정보,
537,철도산업정보센터,HOME > 철도역사관 > 철도통합연표,철도통합연표,보통역으로 영업개시,,1940-04-01 00:00:00,미부착,,개방 가능,공공누리 1유형,,,O,,,,,단순 정보,
538,철도산업정보센터,HOME > 철도역사관 > 철도통합연표,철도통합연표,배치간이역으로 영업개시,,1940-04-01 00:00:00,미부착,,개방 가능,공공누리 1유형,,,O,,,,,단순 정보,
539,철도산업정보센터,HOME > 철도역사관 > 철도통합연표,철도통합연표,화물취급 개시,,1940-04-01 00:00:00,미부착,,개방 가능,공공누리 1유형,,,O,,,,,단순 정보,
540,철도산업정보센터,HOME > 철도역사관 > 철도통합연표,철도통합연표,역명개정(성산→남춘천),,1940-04-01 00:00:00,미부착,,개방 가능,공공누리 1유형,,,O,,,,,단순 정보,
541,철도산업정보센터,HOME > 철도역사관 > 철도통합연표,철도통합연표,소백산 죽령터널 준공,,1940-05-00,미부착,,개방 가능,공공누리 1유형,,,O,,,,,단순 정보,
542,철도산업정보센터,HOME > 철도역사관 > 철도통합연표,철도통합연표,차급화물 취급개시,,1940-05-16 00:00:00,미부착,,개방 가능,공공누리 1유형,,,O,,,,,단순 정보,
543,철도산업정보센터,HOME > 철도역사관 > 철도통합연표,철도통합연표,배치간이역으로 승격,,1940-06-01 00:00:00,미부착,,개방 가능,공공누리 1유형,,,O,,,,,단순 정보,
544,철도산업정보센터,HOME > 철도역사관 > 철도통합연표,철도통합연표,보통역으로 승격,,1940-06-15 00:00:00,미부착,,개방 가능,공공누리 1유형,,,O,,,,,단순 정보,
545,철도산업정보센터,HOME > 철도역사관 > 철도통합연표,철도통합연표,현재의 역사 준공.,,1940-07-01 00:00:00,미부착,,개방 가능,공공누리 1유형,,,O,,,,,단순 정보,
546,철도산업정보센터,HOME > 철도역사관 > 철도통합연표,철도통합연표,역사준공과 동시에 보통역으로 영업개시,,1940-07-31 00:00:00,미부착,,개방 가능,공공누리 1유형,,,O,,,,,단순 정보,
547,철도산업정보센터,HOME > 철도역사관 > 철도통합연표,철도통합연표,보통역으로 영업개시,,1940-07-31 00:00:00,미부착,,개방 가능,공공누리 1유형,,,O,,,,,단순 정보,
548,철도산업정보센터,HOME > 철도역사관 > 철도통합연표,철도통합연표,보통역으로 영업개시(북평역),,1940-07-31 00:00:00,미부착,,개방 가능,공공누리 1유형,,,O,,,,,단순 정보,
549,철도산업정보센터,HOME > 철도역사관 > 철도통합연표,철도통합연표,묵호항-도계간 개통과 함께 배치간이역으로 영업개시,,1940-07-31 00:00:00,미부착,,개방 가능,공공누리 1유형,,,O,,,,,단순 정보,
550,철도산업정보센터,HOME > 철도역사관 > 철도통합연표,철도통합연표,묵호항-철암간 개통으로 보통역으로 영업개시,,1940-07-31 00:00:00,미부착,,개방 가능,공공누리 1유형,,,O,,,,,단순 정보,
551,철도산업정보센터,HOME > 철도역사관 > 철도통합연표,철도통합연표,배치간이역으로 영업개시,,1940-07-31 00:00:00,미부착,,개방 가능,공공누리 1유형,,,O,,,,,단순 정보,
552,철도산업정보센터,HOME > 철도역사관 > 철도통합연표,철도통합연표,정류장으로 영업개시,,1940-07-31 00:00:00,미부착,,개방 가능,공공누리 1유형,,,O,,,,,단순 정보,
553,철도산업정보센터,HOME > 철도역사관 > 철도통합연표,철도통합연표,철암~묵호간 60.5km 완공. (당시 명칭 철암선),,1940-08-01 00:00:00,미부착,,개방 가능,공공누리 1유형,,,O,,,,,단순 정보,
554,철도산업정보센터,HOME > 철도역사관 > 철도통합연표,철도통합연표,철암선 묵호~도계간 41.7km 완공.,,1940-08-01 00:00:00,미부착,,개방 가능,공공누리 1유형,,,O,,,,,단순 정보,
555,철도산업정보센터,HOME > 철도역사관 > 철도통합연표,철도통합연표,신호장으로 영업개시,,1940-08-01 00:00:00,미부착,,개방 가능,공공누리 1유형,,,O,,,,,단순 정보,
556,철도산업정보센터,HOME > 철도역사관 > 철도통합연표,철도통합연표,영업개시(추정),,1940-08-01 00:00:00,미부착,,개방 가능,공공누리 1유형,,,O,,,,,단순 정보,
557,철도산업정보센터,HOME > 철도역사관 > 철도통합연표,철도통합연표,묵호항-철암간 개통으로 영업개시,,1940-08-01 00:00:00,미부착,,개방 가능,공공누리 1유형,,,O,,,,,단순 정보,
558,철도산업정보센터,HOME > 철도역사관 > 철도통합연표,철도통합연표,보통역으로 영업개시,,1940-08-01 00:00:00,미부착,,개방 가능,공공누리 1유형,,,O,,,,,단순 정보,
559,철도산업정보센터,HOME > 철도역사관 > 철도통합연표,철도통합연표,보통역으로 승격,,1940-10-01 00:00:00,미부착,,개방 가능,공공누리 1유형,,,O,,,,,단순 정보,
560,철도산업정보센터,HOME > 철도역사관 > 철도통합연표,철도통합연표,역사준공,,1940-10-23 00:00:00,미부착,,개방 가능,공공누리 1유형,,,O,,,,,단순 정보,
561,철도산업정보센터,HOME > 철도역사관 > 철도통합연표,철도통합연표,구역사 준공.,,1940-11-01 00:00:00,미부착,,개방 가능,공공누리 1유형,,,O,,,,,단순 정보,
562,철도산업정보센터,HOME > 철도역사관 > 철도통합연표,철도통합연표,현재의 역사 준공.,,1940-12-00,미부착,,개방 가능,공공누리 1유형,,,O,,,,,단순 정보,
563,철도산업정보센터,HOME > 철도역사관 > 철도통합연표,철도통합연표,무배치간이역으로 영업개시,,1940-12-01 00:00:00,미부착,,개방 가능,공공누리 1유형,,,O,,,,,단순 정보,
564,철도산업정보센터,HOME > 철도역사관 > 철도통합연표,철도통합연표,배치간이역으로 승격,,1940-12-16 00:00:00,미부착,,개방 가능,공공누리 1유형,,,O,,,,,단순 정보,
565,철도산업정보센터,HOME > 철도역사관 > 철도통합연표,철도통합연표,역사준공,,1940-12-26 00:00:00,미부착,,개방 가능,공공누리 1유형,,,O,,,,,단순 정보,
566,철도산업정보센터,HOME > 철도역사관 > 철도통합연표,철도통합연표,보통역으로 승격,,1941-01-01 00:00:00,미부착,,개방 가능,공공누리 1유형,,,O,,,,,단순 정보,
567,철도산업정보센터,HOME > 철도역사관 > 철도통합연표,철도통합연표,배치간이역으로 승격,,1941-02-01 00:00:00,미부착,,개방 가능,공공누리 1유형,,,O,,,,,단순 정보,
568,철도산업정보센터,HOME > 철도역사관 > 철도통합연표,철도통합연표,역사준공,,1941-03-01 00:00:00,미부착,,개방 가능,공공누리 1유형,,,O,,,,,단순 정보,
569,철도산업정보센터,HOME > 철도역사관 > 철도통합연표,철도통합연표,현재의 역사준공.,,1941-04-01 00:00:00,미부착,,개방 가능,공공누리 1유형,,,O,,,,,단순 정보,
570,철도산업정보센터,HOME > 철도역사관 > 철도통합연표,철도통합연표,배치간이역으로 영업개시,,1941-04-16 00:00:00,미부착,,개방 가능,공공누리 1유형,,,O,,,,,단순 정보,
571,철도산업정보센터,HOME > 철도역사관 > 철도통합연표,철도통합연표,현재의 역사준공,,1941-05-00,미부착,,개방 가능,공공누리 1유형,,,O,,,,,단순 정보,
572,철도산업정보센터,HOME > 철도역사관 > 철도통합연표,철도통합연표,보통역으로 승격,,1941-06-01 00:00:00,미부착,,개방 가능,공공누리 1유형,,,O,,,,,단순 정보,
573,철도산업정보센터,HOME > 철도역사관 > 철도통합연표,철도통합연표,배치간이역으로 승격,,1941-06-01 00:00:00,미부착,,개방 가능,공공누리 1유형,,,O,,,,,단순 정보,
574,철도산업정보센터,HOME > 철도역사관 > 철도통합연표,철도통합연표,보통역으로 영업개시,,1941-07-01 00:00:00,미부착,,개방 가능,공공누리 1유형,,,O,,,,,단순 정보,
575,철도산업정보센터,HOME > 철도역사관 > 철도통합연표,철도통합연표,배치간이역으로 승격,,1941-07-16 00:00:00,미부착,,개방 가능,공공누리 1유형,,,O,,,,,단순 정보,
576,철도산업정보센터,HOME > 철도역사관 > 철도통합연표,철도통합연표,역사신축 준공 이전,,1941-07-30 00:00:00,미부착,,개방 가능,공공누리 1유형,,,O,,,,,단순 정보,
577,철도산업정보센터,HOME > 철도역사관 > 철도통합연표,철도통합연표,현재의 역사 준공.,,1941-09-28 00:00:00,미부착,,개방 가능,공공누리 1유형,,,O,,,,,단순 정보,
578,철도산업정보센터,HOME > 철도역사관 > 철도통합연표,철도통합연표,구역사준공,,1941-10-25 00:00:00,미부착,,개방 가능,공공누리 1유형,,,O,,,,,단순 정보,
579,철도산업정보센터,HOME > 철도역사관 > 철도통합연표,철도통합연표,배치간이역으로 영업개시,,1941-10-31 00:00:00,미부착,,개방 가능,공공누리 1유형,,,O,,,,,단순 정보,
580,철도산업정보센터,HOME > 철도역사관 > 철도통합연표,철도통합연표,역사준공,,1941-11-09 00:00:00,미부착,,개방 가능,공공누리 1유형,,,O,,,,,단순 정보,
581,철도산업정보센터,HOME > 철도역사관 > 철도통합연표,철도통합연표,역사 신축.,,1942-00-00,미부착,,개방 가능,공공누리 1유형,,,O,,,,,단순 정보,
582,철도산업정보센터,HOME > 철도역사관 > 철도통합연표,철도통합연표,보통역으로 영업개시(관보에는 1951810보통역으로 영업개시),,1942-01-01 00:00:00,미부착,,개방 가능,공공누리 1유형,,,O,,,,,단순 정보,
583,철도산업정보센터,HOME > 철도역사관 > 철도통합연표,철도통합연표,원주역 ~ 단양역 구간 74.3km 개통,,1942-02-00,미부착,,개방 가능,공공누리 1유형,,,O,,,,,단순 정보,
584,철도산업정보센터,HOME > 철도역사관 > 철도통합연표,철도통합연표,현재의 역사 준공.,,1942-02-24 00:00:00,미부착,,개방 가능,공공누리 1유형,,,O,,,,,단순 정보,
585,철도산업정보센터,HOME > 철도역사관 > 철도통합연표,철도통합연표,보통역으로 승격,,1942-03-01 00:00:00,미부착,,개방 가능,공공누리 1유형,,,O,,,,,단순 정보,
586,철도산업정보센터,HOME > 철도역사관 > 철도통합연표,철도통합연표,단양역 ~ 안동역 구간 73.5km 개통으로 경경선(京慶線) 완전 개통,,1942-04-01 00:00:00,미부착,,개방 가능,공공누리 1유형,,,O,,,,,단순 정보,
587,철도산업정보센터,HOME > 철도역사관 > 철도통합연표,철도통합연표,중앙선(청량리 ~ 경주) 개통,,1942-04-01 00:00:00,미부착,,개방 가능,공공누리 1유형,,,O,,,,,단순 정보,
588,철도산업정보센터,HOME > 철도역사관 > 철도통합연표,철도통합연표,보통역으로 영업개시(충북단양),,1942-04-01 00:00:00,미부착,,개방 가능,공공누리 1유형,,,O,,,,,단순 정보,
589,철도산업정보센터,HOME > 철도역사관 > 철도통합연표,철도통합연표,배치간이역으로 영업개시,,1942-04-01 00:00:00,미부착,,개방 가능,공공누리 1유형,,,O,,,,,단순 정보,
590,철도산업정보센터,HOME > 철도역사관 > 철도통합연표,철도통합연표,보통역으로 영업개시,,1942-04-01 00:00:00,미부착,,개방 가능,공공누리 1유형,,,O,,,,,단순 정보,
591,철도산업정보센터,HOME > 철도역사관 > 철도통합연표,철도통합연표,역사준공,,1942-04-01 00:00:00,미부착,,개방 가능,공공누리 1유형,,,O,,,,,단순 정보,
592,철도산업정보센터,HOME > 철도역사관 > 철도통합연표,철도통합연표,영등포역으로 환원,,1942-06-01 00:00:00,미부착,,개방 가능,공공누리 1유형,,,O,,,,,단순 정보,
593,철도산업정보센터,HOME > 철도역사관 > 철도통합연표,철도통합연표,청량리역으로 환원,,1942-06-01 00:00:00,미부착,,개방 가능,공공누리 1유형,,,O,,,,,단순 정보,
594,철도산업정보센터,HOME > 철도역사관 > 철도통합연표,철도통합연표,보통역으로 승격,,1942-07-01 00:00:00,미부착,,개방 가능,공공누리 1유형,,,O,,,,,단순 정보,
595,철도산업정보센터,HOME > 철도역사관 > 철도통합연표,철도통합연표,사설철도로 부설,,1942-10-01 00:00:00,미부착,,개방 가능,공공누리 1유형,,,O,,,,,단순 정보,
596,철도산업정보센터,HOME > 철도역사관 > 철도통합연표,철도통합연표,소화물취급 중지,,1942-11-01 00:00:00,미부착,,개방 가능,공공누리 1유형,,,O,,,,,단순 정보,
597,철도산업정보센터,HOME > 철도역사관 > 철도통합연표,철도통합연표,보통역으로 영업개시,,1942-12-01 00:00:00,미부착,,개방 가능,공공누리 1유형,,,O,,,,,단순 정보,
598,철도산업정보센터,HOME > 철도역사관 > 철도통합연표,철도통합연표,보통역으로 승격,,1942-12-01 00:00:00,미부착,,개방 가능,공공누리 1유형,,,O,,,,,단순 정보,
599,철도산업정보센터,HOME > 철도역사관 > 철도통합연표,철도통합연표,점촌~안동 구간 폐선(원인은 전쟁물자의 부족 때문이었음),,1943-00-00,미부착,,개방 가능,공공누리 1유형,,,O,,,,,단순 정보,
600,철도산업정보센터,HOME > 철도역사관 > 철도통합연표,철도통합연표,평양-신의주 구간 복선화,,1943-00-00,미부착,,개방 가능,공공누리 1유형,,,O,,,,,단순 정보,
601,철도산업정보센터,HOME > 철도역사관 > 철도통합연표,철도통합연표,철도국을 교통국으로 개편,,1943-02-01 00:00:00,미부착,,개방 가능,공공누리 1유형,,,O,,,,,단순 정보,
602,철도산업정보센터,HOME > 철도역사관 > 철도통합연표,철도통합연표,서면 무배치간이역 폐역,,1943-03-31 00:00:00,미부착,,개방 가능,공공누리 1유형,,,O,,,,,단순 정보,
603,철도산업정보센터,HOME > 철도역사관 > 철도통합연표,철도통합연표,"무배치간이역으로 영업개시(부전역, 부산진기점 4.6km)",,1943-04-01 00:00:00,미부착,,개방 가능,공공누리 1유형,,,O,,,,,단순 정보,
604,철도산업정보센터,HOME > 철도역사관 > 철도통합연표,철도통합연표,신호소로 영업개시,,1943-04-02 00:00:00,미부착,,개방 가능,공공누리 1유형,,,O,,,,,단순 정보,
605,철도산업정보센터,HOME > 철도역사관 > 철도통합연표,철도통합연표,역사 이전.,,1943-06-01 00:00:00,미부착,,개방 가능,공공누리 1유형,,,O,,,,,단순 정보,
606,철도산업정보센터,HOME > 철도역사관 > 철도통합연표,철도통합연표,역사 신축이전 준공,,1943-09-10 00:00:00,미부착,,개방 가능,공공누리 1유형,,,O,,,,,단순 정보,
607,철도산업정보센터,HOME > 철도역사관 > 철도통합연표,철도통합연표,부산역을 폐지하고 부산부두역으로 개칭,,1943-12-01 00:00:00,미부착,,개방 가능,공공누리 1유형,,,O,,,,,단순 정보,
608,철도산업정보센터,HOME > 철도역사관 > 철도통합연표,철도통합연표,목포역을 폐지하고 목포부두역으로 변경,,1943-12-01 00:00:00,미부착,,개방 가능,공공누리 1유형,,,O,,,,,단순 정보,
609,철도산업정보센터,HOME > 철도역사관 > 철도통합연표,철도통합연표,마산역을 폐지하고 마산부두역으로 변경,,1943-12-01 00:00:00,미부착,,개방 가능,공공누리 1유형,,,O,,,,,단순 정보,
610,철도산업정보센터,HOME > 철도역사관 > 철도통합연표,철도통합연표,인천역을 폐지하고 인천부두역으로 변경,,1943-12-01 00:00:00,미부착,,개방 가능,공공누리 1유형,,,O,,,,,단순 정보,
611,철도산업정보센터,HOME > 철도역사관 > 철도통합연표,철도통합연표,여수항역을 폐지하고 여수부두역으로 개칭,,1943-12-01 00:00:00,미부착,,개방 가능,공공누리 1유형,,,O,,,,,단순 정보,
612,철도산업정보센터,HOME > 철도역사관 > 철도통합연표,철도통합연표,군산항역을 폐지하고 군산부두역으로 개칭,,1943-12-01 00:00:00,미부착,,개방 가능,공공누리 1유형,,,O,,,,,단순 정보,
613,철도산업정보센터,HOME > 철도역사관 > 철도통합연표,철도통합연표,폐쇄,,1943-12-05 00:00:00,미부착,,개방 가능,공공누리 1유형,,,O,,,,,단순 정보,
614,철도산업정보센터,HOME > 철도역사관 > 철도통합연표,철도통합연표,폐역,,1943-12-05 00:00:00,미부착,,개방 가능,공공누리 1유형,,,O,,,,,단순 정보,
615,철도산업정보센터,HOME > 철도역사관 > 철도통합연표,철도통합연표,단선 노선으로 개통,,1944-00-00,미부착,,개방 가능,공공누리 1유형,,,O,,,,,단순 정보,
616,철도산업정보센터,HOME > 철도역사관 > 철도통합연표,철도통합연표,배치간이역으로 승격,,1944-01-11 00:00:00,미부착,,개방 가능,공공누리 1유형,,,O,,,,,단순 정보,
617,철도산업정보센터,HOME > 철도역사관 > 철도통합연표,철도통합연표,북평~삼척간 23.0km 완공.,,1944-02-11 00:00:00,미부착,,개방 가능,공공누리 1유형,,,O,,,,,단순 정보,
618,철도산업정보센터,HOME > 철도역사관 > 철도통합연표,철도통합연표,보통역으로 영업개시,,1944-02-11 00:00:00,미부착,,개방 가능,공공누리 1유형,,,O,,,,,단순 정보,
619,철도산업정보센터,HOME > 철도역사관 > 철도통합연표,철도통합연표,무배치간이역으로 영업개시,,1944-02-11 00:00:00,미부착,,개방 가능,공공누리 1유형,,,O,,,,,단순 정보,
620,철도산업정보센터,HOME > 철도역사관 > 철도통합연표,철도통합연표,배치간이역으로 영업개시,,1944-03-01 00:00:00,미부착,,개방 가능,공공누리 1유형,,,O,,,,,단순 정보,
621,철도산업정보센터,HOME > 철도역사관 > 철도통합연표,철도통합연표,폐역,,1944-03-31 00:00:00,미부착,,개방 가능,공공누리 1유형,,,O,,,,,단순 정보,
622,철도산업정보센터,HOME > 철도역사관 > 철도통합연표,철도통합연표,폐역,,1944-03-31 00:00:00,미부착,,개방 가능,공공누리 1유형,,,O,,,,,단순 정보,
623,철도산업정보센터,HOME > 철도역사관 > 철도통합연표,철도통합연표,폐역,,1944-03-31 00:00:00,미부착,,개방 가능,공공누리 1유형,,,O,,,,,단순 정보,
624,철도산업정보센터,HOME > 철도역사관 > 철도통합연표,철도통합연표,폐역,,1944-03-31 00:00:00,미부착,,개방 가능,공공누리 1유형,,,O,,,,,단순 정보,
625,철도산업정보센터,HOME > 철도역사관 > 철도통합연표,철도통합연표,세교리(細橋里)역 폐역,,1944-03-31 00:00:00,미부착,,개방 가능,공공누리 1유형,,,O,,,,,단순 정보,
626,철도산업정보센터,HOME > 철도역사관 > 철도통합연표,철도통합연표,폐역,,1944-03-31 00:00:00,미부착,,개방 가능,공공누리 1유형,,,O,,,,,단순 정보,
627,철도산업정보센터,HOME > 철도역사관 > 철도통합연표,철도통합연표,폐역,,1944-03-31 00:00:00,미부착,,개방 가능,공공누리 1유형,,,O,,,,,단순 정보,
628,철도산업정보센터,HOME > 철도역사관 > 철도통합연표,철도통합연표,폐역,,1944-03-31 00:00:00,미부착,,개방 가능,공공누리 1유형,,,O,,,,,단순 정보,
629,철도산업정보센터,HOME > 철도역사관 > 철도통합연표,철도통합연표,"복계~고산간 전철화(직류 3000V). 데로이형, 데로니형 전기기관차[2] 운행 개시",,1944-04-00,미부착,,개방 가능,공공누리 1유형,,,O,,,,,단순 정보,
630,철도산업정보센터,HOME > 철도역사관 > 철도통합연표,철도통합연표,선로공출명령으로 안성~장호원간 41.8km 구간 폐지,,1944-04-00,미부착,,개방 가능,공공누리 1유형,,,O,,,,,단순 정보,
631,철도산업정보센터,HOME > 철도역사관 > 철도통합연표,철도통합연표,역폐지,,1944-04-01 00:00:00,미부착,,개방 가능,공공누리 1유형,,,O,,,,,단순 정보,
632,철도산업정보센터,HOME > 철도역사관 > 철도통합연표,철도통합연표,광석신호장으로 영업개시,,1944-04-09 00:00:00,미부착,,개방 가능,공공누리 1유형,,,O,,,,,단순 정보,
633,철도산업정보센터,HOME > 철도역사관 > 철도통합연표,철도통합연표,보통역으로 승격,,1944-04-11 00:00:00,미부착,,개방 가능,공공누리 1유형,,,O,,,,,단순 정보,
634,철도산업정보센터,HOME > 철도역사관 > 철도통합연표,철도통합연표,역사준공,,1944-04-30 00:00:00,미부착,,개방 가능,공공누리 1유형,,,O,,,,,단순 정보,
635,철도산업정보센터,HOME > 철도역사관 > 철도통합연표,철도통합연표,배치간이역으로 승격,,1944-06-01 00:00:00,미부착,,개방 가능,공공누리 1유형,,,O,,,,,단순 정보,
636,철도산업정보센터,HOME > 철도역사관 > 철도통합연표,철도통합연표,단선 노선으로 개통,,1944-06-10 00:00:00,미부착,,개방 가능,공공누리 1유형,,,O,,,,,단순 정보,
637,철도산업정보센터,HOME > 철도역사관 > 철도통합연표,철도통합연표,화물수송목적으로 영업개시,,1944-06-10 00:00:00,미부착,,개방 가능,공공누리 1유형,,,O,,,,,단순 정보,
638,철도산업정보센터,HOME > 철도역사관 > 철도통합연표,철도통합연표,가야선 개통,,1944-06-10 00:00:00,미부착,,개방 가능,공공누리 1유형,,,O,,,,,단순 정보,
639,철도산업정보센터,HOME > 철도역사관 > 철도통합연표,철도통합연표,역폐지,,1944-06-15 00:00:00,미부착,,개방 가능,공공누리 1유형,,,O,,,,,단순 정보,
640,철도산업정보센터,HOME > 철도역사관 > 철도통합연표,철도통합연표,화물취급 중지,,1944-06-15 00:00:00,미부착,,개방 가능,공공누리 1유형,,,O,,,,,단순 정보,
641,철도산업정보센터,HOME > 철도역사관 > 철도통합연표,철도통합연표,경성 - 영등포간 복복선화 (경부선과 경인선이 각각 복선 사용),,1944-08-01 00:00:00,미부착,,개방 가능,공공누리 1유형,,,O,,,,,단순 정보,
642,철도산업정보센터,HOME > 철도역사관 > 철도통합연표,철도통합연표,폐선으로 영업정지,,1944-10-01 00:00:00,미부착,,개방 가능,공공누리 1유형,,,O,,,,,단순 정보,
643,철도산업정보센터,HOME > 철도역사관 > 철도통합연표,철도통합연표,폐선으로 영업정지,,1944-10-01 00:00:00,미부착,,개방 가능,공공누리 1유형,,,O,,,,,단순 정보,
644,철도산업정보센터,HOME > 철도역사관 > 철도통합연표,철도통합연표,폐선으로 영업정지,,1944-10-01 00:00:00,미부착,,개방 가능,공공누리 1유형,,,O,,,,,단순 정보,
645,철도산업정보센터,HOME > 철도역사관 > 철도통합연표,철도통합연표,폐선으로 영업정지,,1944-10-01 00:00:00,미부착,,개방 가능,공공누리 1유형,,,O,,,,,단순 정보,
646,철도산업정보센터,HOME > 철도역사관 > 철도통합연표,철도통합연표,폐선으로 영업정지,,1944-10-01 00:00:00,미부착,,개방 가능,공공누리 1유형,,,O,,,,,단순 정보,
647,철도산업정보센터,HOME > 철도역사관 > 철도통합연표,철도통합연표,폐선으로 영업정지,,1944-10-01 00:00:00,미부착,,개방 가능,공공누리 1유형,,,O,,,,,단순 정보,
648,철도산업정보센터,HOME > 철도역사관 > 철도통합연표,철도통합연표,영업중지,,1944-11-01 00:00:00,미부착,,개방 가능,공공누리 1유형,,,O,,,,,단순 정보,
649,철도산업정보센터,HOME > 철도역사관 > 철도통합연표,철도통합연표,영업중지,,1944-11-01 00:00:00,미부착,,개방 가능,공공누리 1유형,,,O,,,,,단순 정보,
650,철도산업정보센터,HOME > 철도역사관 > 철도통합연표,철도통합연표,영업중지,,1944-11-01 00:00:00,미부착,,개방 가능,공공누리 1유형,,,O,,,,,단순 정보,
651,철도산업정보센터,HOME > 철도역사관 > 철도통합연표,철도통합연표,영업중지,,1944-11-01 00:00:00,미부착,,개방 가능,공공누리 1유형,,,O,,,,,단순 정보,
652,철도산업정보센터,HOME > 철도역사관 > 철도통합연표,철도통합연표,영업중지,,1944-12-01 00:00:00,미부착,,개방 가능,공공누리 1유형,,,O,,,,,단순 정보,
653,철도산업정보센터,HOME > 철도역사관 > 철도통합연표,철도통합연표,영업중지,,1944-12-01 00:00:00,미부착,,개방 가능,공공누리 1유형,,,O,,,,,단순 정보,
654,철도산업정보센터,HOME > 철도역사관 > 철도통합연표,철도통합연표,영업중지,,1944-12-01 00:00:00,미부착,,개방 가능,공공누리 1유형,,,O,,,,,단순 정보,
655,철도산업정보센터,HOME > 철도역사관 > 철도통합연표,철도통합연표,영업중지,,1944-12-01 00:00:00,미부착,,개방 가능,공공누리 1유형,,,O,,,,,단순 정보,
656,철도산업정보센터,HOME > 철도역사관 > 철도통합연표,철도통합연표,영업중지,,1944-12-01 00:00:00,미부착,,개방 가능,공공누리 1유형,,,O,,,,,단순 정보,
657,철도산업정보센터,HOME > 철도역사관 > 철도통합연표,철도통합연표,영업중지,,1944-12-01 00:00:00,미부착,,개방 가능,공공누리 1유형,,,O,,,,,단순 정보,
658,철도산업정보센터,HOME > 철도역사관 > 철도통합연표,철도통합연표,영업중지,,1944-12-01 00:00:00,미부착,,개방 가능,공공누리 1유형,,,O,,,,,단순 정보,
659,철도산업정보센터,HOME > 철도역사관 > 철도통합연표,철도통합연표,영업중지,,1944-12-01 00:00:00,미부착,,개방 가능,공공누리 1유형,,,O,,,,,단순 정보,
660,철도산업정보센터,HOME > 철도역사관 > 철도통합연표,철도통합연표,영업중지,,1944-12-01 00:00:00,미부착,,개방 가능,공공누리 1유형,,,O,,,,,단순 정보,
661,철도산업정보센터,HOME > 철도역사관 > 철도통합연표,철도통합연표,영업중지,,1944-12-01 00:00:00,미부착,,개방 가능,공공누리 1유형,,,O,,,,,단순 정보,
662,철도산업정보센터,HOME > 철도역사관 > 철도통합연표,철도통합연표,화물취급 중지,,1944-12-01 00:00:00,미부착,,개방 가능,공공누리 1유형,,,O,,,,,단순 정보,
663,철도산업정보센터,HOME > 철도역사관 > 철도통합연표,철도통합연표,화물취급 중지,,1944-12-01 00:00:00,미부착,,개방 가능,공공누리 1유형,,,O,,,,,단순 정보,
664,철도산업정보센터,HOME > 철도역사관 > 철도통합연표,철도통합연표,안성~장호원간 폐선으로 종착역이 됨,,1944-12-01 00:00:00,미부착,,개방 가능,공공누리 1유형,,,O,,,,,단순 정보,
665,철도산업정보센터,HOME > 철도역사관 > 철도통합연표,철도통합연표,신호장으로 개설,,1945-02-01 00:00:00,미부착,,개방 가능,공공누리 1유형,,,O,,,,,단순 정보,
666,철도산업정보센터,HOME > 철도역사관 > 철도통합연표,철도통합연표,화물취급 개시,,1945-02-15 00:00:00,미부착,,개방 가능,공공누리 1유형,,,O,,,,,단순 정보,
667,철도산업정보센터,HOME > 철도역사관 > 철도통합연표,철도통합연표,신호소로 변경,,1945-02-24 00:00:00,미부착,,개방 가능,공공누리 1유형,,,O,,,,,단순 정보,
668,철도산업정보센터,HOME > 철도역사관 > 철도통합연표,철도통합연표,옥산리에서 현재의 위치로 이전,,1945-03-00,미부착,,개방 가능,공공누리 1유형,,,O,,,,,단순 정보,
669,철도산업정보센터,HOME > 철도역사관 > 철도통합연표,철도통합연표,대전 - 삼랑진간 복선화. 전구간 복선화 완료,,1945-03-01 00:00:00,미부착,,개방 가능,공공누리 1유형,,,O,,,,,단순 정보,
670,철도산업정보센터,HOME > 철도역사관 > 철도통합연표,철도통합연표,무배치간이역으로 영업개시,,1945-03-16 00:00:00,미부착,,개방 가능,공공누리 1유형,,,O,,,,,단순 정보,
671,철도산업정보센터,HOME > 철도역사관 > 철도통합연표,철도통합연표,보통역으로 영업개시,,1945-05-16 00:00:00,미부착,,개방 가능,공공누리 1유형,,,O,,,,,단순 정보,
672,철도산업정보센터,HOME > 철도역사관 > 철도통합연표,철도통합연표,보통역으로 승격,,1945-05-16 00:00:00,미부착,,개방 가능,공공누리 1유형,,,O,,,,,단순 정보,
673,철도산업정보센터,HOME > 철도역사관 > 철도통합연표,철도통합연표,노선 신설,,1945-06-01 00:00:00,미부착,,개방 가능,공공누리 1유형,,,O,,,,,단순 정보,
674,철도산업정보센터,HOME > 철도역사관 > 철도통합연표,철도통합연표,무배치간이역으로 영업개시,,1945-06-01 00:00:00,미부착,,개방 가능,공공누리 1유형,,,O,,,,,단순 정보,
675,철도산업정보센터,HOME > 철도역사관 > 철도통합연표,철도통합연표,신호소로 개설,,1945-06-01 00:00:00,미부착,,개방 가능,공공누리 1유형,,,O,,,,,단순 정보,
676,철도산업정보센터,HOME > 철도역사관 > 철도통합연표,철도통합연표,보통역으로 승격,,1945-06-01 00:00:00,미부착,,개방 가능,공공누리 1유형,,,O,,,,,단순 정보,
677,철도산업정보센터,HOME > 철도역사관 > 철도통합연표,철도통합연표,부산역으로 환원,,1945-06-10 00:00:00,미부착,,개방 가능,공공누리 1유형,,,O,,,,,단순 정보,
678,철도산업정보센터,HOME > 철도역사관 > 철도통합연표,철도통합연표,폐역,,1945-07-10 00:00:00,미부착,,개방 가능,공공누리 1유형,,,O,,,,,단순 정보,
679,철도산업정보센터,HOME > 철도역사관 > 철도통합연표,철도통합연표,역명개정 및 표준궤로 개량(金文(금장?)→나원),,1945-07-10 00:00:00,미부착,,개방 가능,공공누리 1유형,,,O,,,,,단순 정보,
680,철도산업정보센터,HOME > 철도역사관 > 철도통합연표,철도통합연표,표준궤로 개량,,1945-07-10 00:00:00,미부착,,개방 가능,공공누리 1유형,,,O,,,,,단순 정보,
681,철도산업정보센터,HOME > 철도역사관 > 철도통합연표,철도통합연표,표준궤로 개량 및 신축역사 준공,,1945-07-10 00:00:00,미부착,,개방 가능,공공누리 1유형,,,O,,,,,단순 정보,
682,철도산업정보센터,HOME > 철도역사관 > 철도통합연표,철도통합연표,배치간이역으로 영업개시,,1945-07-16 00:00:00,미부착,,개방 가능,공공누리 1유형,,,O,,,,,단순 정보,
683,철도산업정보센터,HOME > 철도역사관 > 철도통합연표,철도통합연표,보통역으로 승격,,1945-08-01 00:00:00,미부착,,개방 가능,공공누리 1유형,,,O,,,,,단순 정보,
684,철도산업정보센터,HOME > 철도역사관 > 철도통합연표,철도통합연표,폐역,,1945-08-15 00:00:00,미부착,,개방 가능,공공누리 1유형,,,O,,,,,단순 정보,
685,철도산업정보센터,HOME > 철도역사관 > 철도통합연표,철도통합연표,역명변경(충북단양→단양),,1945-08-15 00:00:00,미부착,,개방 가능,공공누리 1유형,,,O,,,,,단순 정보,
686,철도산업정보센터,HOME > 철도역사관 > 철도통합연표,철도통합연표,북한으로 소속이 변경,,1945-08-15 00:00:00,미부착,,개방 가능,공공누리 1유형,,,O,,,,,단순 정보,
687,철도산업정보센터,HOME > 철도역사관 > 철도통합연표,철도통합연표,일시폐지,,1945-08-15 00:00:00,미부착,,개방 가능,공공누리 1유형,,,O,,,,,단순 정보,
688,철도산업정보센터,HOME > 철도역사관 > 철도통합연표,철도통합연표,38선 이북 운행중단,,1945-08-24 00:00:00,미부착,,개방 가능,공공누리 1유형,,,O,,,,,단순 정보,
689,철도산업정보센터,HOME > 철도역사관 > 철도통합연표,철도통합연표,노선명을 중앙선으로 환원,,1945-10-01 00:00:00,미부착,,개방 가능,공공누리 1유형,,,O,,,,,단순 정보,
690,철도산업정보센터,HOME > 철도역사관 > 철도통합연표,철도통합연표,역명변경(청안→증평),,1945-10-01 00:00:00,미부착,,개방 가능,공공누리 1유형,,,O,,,,,단순 정보,
691,철도산업정보센터,HOME > 철도역사관 > 철도통합연표,철도통합연표,폐지,,1945-12-01 00:00:00,미부착,,개방 가능,공공누리 1유형,,,O,,,,,단순 정보,
692,철도산업정보센터,HOME > 철도역사관 > 철도통합연표,철도통합연표,국유화,,1946-00-00,미부착,,개방 가능,공공누리 1유형,,,O,,,,,단순 정보,
693,철도산업정보센터,HOME > 철도역사관 > 철도통합연표,철도통합연표,교통국을 운수국으로 개칭,,1946-01-01 00:00:00,미부착,,개방 가능,공공누리 1유형,,,O,,,,,단순 정보,
694,철도산업정보센터,HOME > 철도역사관 > 철도통합연표,철도통합연표,배치간이역으로 영업개시,,1946-02-18 00:00:00,미부착,,개방 가능,공공누리 1유형,,,O,,,,,단순 정보,
695,철도산업정보센터,HOME > 철도역사관 > 철도통합연표,철도통합연표,국유철도에 흡수 영업,,1946-05-01 00:00:00,미부착,,개방 가능,공공누리 1유형,,,O,,,,,단순 정보,
696,철도산업정보센터,HOME > 철도역사관 > 철도통합연표,철도통합연표,사설철도 및 부대사업 일체에 대한 국유화 조처로 국유화,,1946-05-10 00:00:00,미부착,,개방 가능,공공누리 1유형,,,O,,,,,단순 정보,
697,철도산업정보센터,HOME > 철도역사관 > 철도통합연표,철도통합연표,국유철도에 편입.,,1946-05-10 00:00:00,미부착,,개방 가능,공공누리 1유형,,,O,,,,,단순 정보,
698,철도산업정보센터,HOME > 철도역사관 > 철도통합연표,철도통합연표,"경부선 구간에 특별급행 1,2열차 「조선해방자」호를 운행",,1946-05-20 00:00:00,미부착,,개방 가능,공공누리 1유형,,,O,,,,,단순 정보,
699,철도산업정보센터,HOME > 철도역사관 > 철도통합연표,철도통합연표,무배치간이역으로 부활,,1947-02-01 00:00:00,미부착,,개방 가능,공공누리 1유형,,,O,,,,,단순 정보,
700,철도산업정보센터,HOME > 철도역사관 > 철도통합연표,철도통합연표,5급역으로 승격,,1947-02-01 00:00:00,미부착,,개방 가능,공공누리 1유형,,,O,,,,,단순 정보,
701,철도산업정보센터,HOME > 철도역사관 > 철도통합연표,철도통합연표,5급역으로 승격,,1947-02-07 00:00:00,미부착,,개방 가능,공공누리 1유형,,,O,,,,,단순 정보,
702,철도산업정보센터,HOME > 철도역사관 > 철도통합연표,철도통합연표,역명변경(대소원→주덕),,1947-05-01 00:00:00,미부착,,개방 가능,공공누리 1유형,,,O,,,,,단순 정보,
703,철도산업정보센터,HOME > 철도역사관 > 철도통합연표,철도통합연표,역명변경(경성→서울),,1947-11-01 00:00:00,미부착,,개방 가능,공공누리 1유형,,,O,,,,,단순 정보,
704,철도산업정보센터,HOME > 철도역사관 > 철도통합연표,철도통합연표,"조차장, 검차사무소 신설",,1947-12-01 00:00:00,미부착,,개방 가능,공공누리 1유형,,,O,,,,,단순 정보,
705,철도산업정보센터,HOME > 철도역사관 > 철도통합연표,철도통합연표,보통역으로 승격,,1948-05-03 00:00:00,미부착,,개방 가능,공공누리 1유형,,,O,,,,,단순 정보,
706,철도산업정보센터,HOME > 철도역사관 > 철도통합연표,철도통합연표,보통역으로 승격,,1948-08-01 00:00:00,미부착,,개방 가능,공공누리 1유형,,,O,,,,,단순 정보,
707,철도산업정보센터,HOME > 철도역사관 > 철도통합연표,철도통합연표,정부수립으로 운수부를 교통부로 개편,,1948-08-15 00:00:00,미부착,,개방 가능,공공누리 1유형,,,O,,,,,단순 정보,
708,철도산업정보센터,HOME > 철도역사관 > 철도통합연표,철도통합연표,사무관역으로 승격,,1948-09-14 00:00:00,미부착,,개방 가능,공공누리 1유형,,,O,,,,,단순 정보,
709,철도산업정보센터,HOME > 철도역사관 > 철도통합연표,철도통합연표,배치간이역으로 승격,,1948-10-01 00:00:00,미부착,,개방 가능,공공누리 1유형,,,O,,,,,단순 정보,
710,철도산업정보센터,HOME > 철도역사관 > 철도통합연표,철도통합연표,무배치간이역으로 영업개시,,1948-11-00,미부착,,개방 가능,공공누리 1유형,,,O,,,,,단순 정보,
711,철도산업정보센터,HOME > 철도역사관 > 철도통합연표,철도통합연표,여순사건으로 역사소실,,1948-11-07 00:00:00,미부착,,개방 가능,공공누리 1유형,,,O,,,,,단순 정보,
712,철도산업정보센터,HOME > 철도역사관 > 철도통합연표,철도통합연표,가역사 준공,,1948-11-08 00:00:00,미부착,,개방 가능,공공누리 1유형,,,O,,,,,단순 정보,
713,철도산업정보센터,HOME > 철도역사관 > 철도통합연표,철도통합연표,배치간이역으로 영업개시,,1948-12-25 00:00:00,미부착,,개방 가능,공공누리 1유형,,,O,,,,,단순 정보,
714,철도산업정보센터,HOME > 철도역사관 > 철도통합연표,철도통합연표,주내역 개통,,1948-12-25 00:00:00,미부착,,개방 가능,공공누리 1유형,,,O,,,,,단순 정보,
715,철도산업정보센터,HOME > 철도역사관 > 철도통합연표,철도통합연표,5급역으로 승격,,1949-01-01 00:00:00,미부착,,개방 가능,공공누리 1유형,,,O,,,,,단순 정보,
716,철도산업정보센터,HOME > 철도역사관 > 철도통합연표,철도통합연표,역명변경(삼성→일광),,1949-01-01 00:00:00,미부착,,개방 가능,공공누리 1유형,,,O,,,,,단순 정보,
717,철도산업정보센터,HOME > 철도역사관 > 철도통합연표,철도통합연표,배치간이역으로 승격,,1949-02-26 00:00:00,미부착,,개방 가능,공공누리 1유형,,,O,,,,,단순 정보,
718,철도산업정보센터,HOME > 철도역사관 > 철도통합연표,철도통합연표,보통역으로 승격,,1949-04-01 00:00:00,미부착,,개방 가능,공공누리 1유형,,,O,,,,,단순 정보,
719,철도산업정보센터,HOME > 철도역사관 > 철도통합연표,철도통합연표,역사준공,,1949-04-01 00:00:00,미부착,,개방 가능,공공누리 1유형,,,O,,,,,단순 정보,
720,철도산업정보센터,HOME > 철도역사관 > 철도통합연표,철도통합연표,영월선 제천~함백간 착공.,,1949-05-03 00:00:00,미부착,,개방 가능,공공누리 1유형,,,O,,,,,단순 정보,
721,철도산업정보센터,HOME > 철도역사관 > 철도통합연표,철도통합연표,영월선 제천~함백간 착공.,,1949-05-03 00:00:00,미부착,,개방 가능,공공누리 1유형,,,O,,,,,단순 정보,
722,철도산업정보센터,HOME > 철도역사관 > 철도통합연표,철도통합연표,무배치간이역으로 부활하여 영업개시,,1949-07-20 00:00:00,미부착,,개방 가능,공공누리 1유형,,,O,,,,,단순 정보,
723,철도산업정보센터,HOME > 철도역사관 > 철도통합연표,철도통합연표,"차급화물(신탄, 야채류)에 한하여 취급개시",,1949-08-01 00:00:00,미부착,,개방 가능,공공누리 1유형,,,O,,,,,단순 정보,
724,철도산업정보센터,HOME > 철도역사관 > 철도통합연표,철도통합연표,여순사건으로 역사소실,,1949-10-05 00:00:00,미부착,,개방 가능,공공누리 1유형,,,O,,,,,단순 정보,
725,철도산업정보센터,HOME > 철도역사관 > 철도통합연표,철도통합연표,역사전소로 소화물차를 임시역사로 사용,,1949-11-12 00:00:00,미부착,,개방 가능,공공누리 1유형,,,O,,,,,단순 정보,
726,철도산업정보센터,HOME > 철도역사관 > 철도통합연표,철도통합연표,보통역으로 영업개시,,1949-11-16 00:00:00,미부착,,개방 가능,공공누리 1유형,,,O,,,,,단순 정보,
727,철도산업정보센터,HOME > 철도역사관 > 철도통합연표,철도통합연표,역사준공,,1949-11-20 00:00:00,미부착,,개방 가능,공공누리 1유형,,,O,,,,,단순 정보,
728,철도산업정보센터,HOME > 철도역사관 > 철도통합연표,철도통합연표,역명개정(서천→충남서천),,1949-12-20 00:00:00,미부착,,개방 가능,공공누리 1유형,,,O,,,,,단순 정보,
729,철도산업정보센터,HOME > 철도역사관 > 철도통합연표,철도통합연표,역사준공,,1949-12-31 00:00:00,미부착,,개방 가능,공공누리 1유형,,,O,,,,,단순 정보,
730,철도산업정보센터,HOME > 철도역사관 > 철도통합연표,철도통합연표,현재의 역사준공,,1950-00-00,미부착,,개방 가능,공공누리 1유형,,,O,,,,,단순 정보,
731,철도산업정보센터,HOME > 철도역사관 > 철도통합연표,철도통합연표,역사소실,,1950-01-29 00:00:00,미부착,,개방 가능,공공누리 1유형,,,O,,,,,단순 정보,
732,철도산업정보센터,HOME > 철도역사관 > 철도통합연표,철도통합연표,배치간이역으로 영업개시,,1950-02-01 00:00:00,미부착,,개방 가능,공공누리 1유형,,,O,,,,,단순 정보,
733,철도산업정보센터,HOME > 철도역사관 > 철도통합연표,철도통합연표,보통역으로 영업개시(경북내성역),,1950-02-01 00:00:00,미부착,,개방 가능,공공누리 1유형,,,O,,,,,단순 정보,
734,철도산업정보센터,HOME > 철도역사관 > 철도통합연표,철도통합연표,역사소실,,1950-02-07 00:00:00,미부착,,개방 가능,공공누리 1유형,,,O,,,,,단순 정보,
735,철도산업정보센터,HOME > 철도역사관 > 철도통합연표,철도통합연표,일반 차급화물취급 개시,,1950-03-15 00:00:00,미부착,,개방 가능,공공누리 1유형,,,O,,,,,단순 정보,
736,철도산업정보센터,HOME > 철도역사관 > 철도통합연표,철도통합연표,무배치간이역으로 부활(반성역관리),,1950-04-01 00:00:00,미부착,,개방 가능,공공누리 1유형,,,O,,,,,단순 정보,
737,철도산업정보센터,HOME > 철도역사관 > 철도통합연표,철도통합연표,보통역으로 승격,,1950-04-25 00:00:00,미부착,,개방 가능,공공누리 1유형,,,O,,,,,단순 정보,
738,철도산업정보센터,HOME > 철도역사관 > 철도통합연표,철도통합연표,간이정차장으로 영업개시,,1950-05-15 00:00:00,미부착,,개방 가능,공공누리 1유형,,,O,,,,,단순 정보,
739,철도산업정보센터,HOME > 철도역사관 > 철도통합연표,철도통합연표,역사소실,,1950-05-30 00:00:00,미부착,,개방 가능,공공누리 1유형,,,O,,,,,단순 정보,
740,철도산업정보센터,HOME > 철도역사관 > 철도통합연표,철도통합연표,"부산, 초량, 부산진 구내업무 통합",,1950-06-01 00:00:00,미부착,,개방 가능,공공누리 1유형,,,O,,,,,단순 정보,
741,철도산업정보센터,HOME > 철도역사관 > 철도통합연표,철도통합연표,역사소실,,1950-06-25 00:00:00,미부착,,개방 가능,공공누리 1유형,,,O,,,,,단순 정보,
742,철도산업정보센터,HOME > 철도역사관 > 철도통합연표,철도통합연표,역사 소실,,1950-06-30 00:00:00,미부착,,개방 가능,공공누리 1유형,,,O,,,,,단순 정보,
743,철도산업정보센터,HOME > 철도역사관 > 철도통합연표,철도통합연표,역사소실,,1950-06-30 00:00:00,미부착,,개방 가능,공공누리 1유형,,,O,,,,,단순 정보,
744,철도산업정보센터,HOME > 철도역사관 > 철도통합연표,철도통합연표,역사전소,,1950-06-30 00:00:00,미부착,,개방 가능,공공누리 1유형,,,O,,,,,단순 정보,
745,철도산업정보센터,HOME > 철도역사관 > 철도통합연표,철도통합연표,한국전쟁으로 역사소실,,1950-06-30 00:00:00,미부착,,개방 가능,공공누리 1유형,,,O,,,,,단순 정보,
746,철도산업정보센터,HOME > 철도역사관 > 철도통합연표,철도통합연표,역사소실,,1950-07-02 00:00:00,미부착,,개방 가능,공공누리 1유형,,,O,,,,,단순 정보,
747,철도산업정보센터,HOME > 철도역사관 > 철도통합연표,철도통합연표,한국전쟁으로 역사소실,,1950-07-03 00:00:00,미부착,,개방 가능,공공누리 1유형,,,O,,,,,단순 정보,
748,철도산업정보센터,HOME > 철도역사관 > 철도통합연표,철도통합연표,한국전쟁으로 역사소실,,1950-07-08 00:00:00,미부착,,개방 가능,공공누리 1유형,,,O,,,,,단순 정보,
749,철도산업정보센터,HOME > 철도역사관 > 철도통합연표,철도통합연표,역사소실,,1950-07-08 00:00:00,미부착,,개방 가능,공공누리 1유형,,,O,,,,,단순 정보,
750,철도산업정보센터,HOME > 철도역사관 > 철도통합연표,철도통합연표,역사소실,,1950-07-18 00:00:00,미부착,,개방 가능,공공누리 1유형,,,O,,,,,단순 정보,
751,철도산업정보센터,HOME > 철도역사관 > 철도통합연표,철도통합연표,역사소실,,1950-07-25 00:00:00,미부착,,개방 가능,공공누리 1유형,,,O,,,,,단순 정보,
752,철도산업정보센터,HOME > 철도역사관 > 철도통합연표,철도통합연표,역사소실,,1950-08-07 00:00:00,미부착,,개방 가능,공공누리 1유형,,,O,,,,,단순 정보,
753,철도산업정보센터,HOME > 철도역사관 > 철도통합연표,철도통합연표,역사소실,,1950-10-01 00:00:00,미부착,,개방 가능,공공누리 1유형,,,O,,,,,단순 정보,
754,철도산업정보센터,HOME > 철도역사관 > 철도통합연표,철도통합연표,역사소실,,1950-10-04 00:00:00,미부착,,개방 가능,공공누리 1유형,,,O,,,,,단순 정보,
755,철도산업정보센터,HOME > 철도역사관 > 철도통합연표,철도통합연표,유엔 군수품 하역소로 영업개시(관보에는 19511230영업개시),,1950-10-05 00:00:00,미부착,,개방 가능,공공누리 1유형,,,O,,,,,단순 정보,
756,철도산업정보센터,HOME > 철도역사관 > 철도통합연표,철도통합연표,역사전소,,1950-10-05 00:00:00,미부착,,개방 가능,공공누리 1유형,,,O,,,,,단순 정보,
757,철도산업정보센터,HOME > 철도역사관 > 철도통합연표,철도통합연표,역사소실,,1950-10-16 00:00:00,미부착,,개방 가능,공공누리 1유형,,,O,,,,,단순 정보,
758,철도산업정보센터,HOME > 철도역사관 > 철도통합연표,철도통합연표,역사소실,,1950-10-18 00:00:00,미부착,,개방 가능,공공누리 1유형,,,O,,,,,단순 정보,
759,철도산업정보센터,HOME > 철도역사관 > 철도통합연표,철도통합연표,역사소실,,1950-10-21 00:00:00,미부착,,개방 가능,공공누리 1유형,,,O,,,,,단순 정보,
760,철도산업정보센터,HOME > 철도역사관 > 철도통합연표,철도통합연표,역사소실,,1950-10-29 00:00:00,미부착,,개방 가능,공공누리 1유형,,,O,,,,,단순 정보,
761,철도산업정보센터,HOME > 철도역사관 > 철도통합연표,철도통합연표,역사소실,,1950-11-10 00:00:00,미부착,,개방 가능,공공누리 1유형,,,O,,,,,단순 정보,
762,철도산업정보센터,HOME > 철도역사관 > 철도통합연표,철도통합연표,한국전쟁으로 역원배치변경에 따라 배치간이역으로 격하(함평역 관리),,1950-11-10 00:00:00,미부착,,개방 가능,공공누리 1유형,,,O,,,,,단순 정보,
763,철도산업정보센터,HOME > 철도역사관 > 철도통합연표,철도통합연표,한국전쟁에 따른 역원배치로 배치간이역으로 격하(목포역관리),,1950-11-10 00:00:00,미부착,,개방 가능,공공누리 1유형,,,O,,,,,단순 정보,
764,철도산업정보센터,HOME > 철도역사관 > 철도통합연표,철도통합연표,배치간이역으로 격하(천안역 관리),,1950-11-10 00:00:00,미부착,,개방 가능,공공누리 1유형,,,O,,,,,단순 정보,
765,철도산업정보센터,HOME > 철도역사관 > 철도통합연표,철도통합연표,배치간이역으로 격하,,1950-11-10 00:00:00,미부착,,개방 가능,공공누리 1유형,,,O,,,,,단순 정보,
766,철도산업정보센터,HOME > 철도역사관 > 철도통합연표,철도통합연표,한국전쟁으로 역사소실,,1950-11-11 00:00:00,미부착,,개방 가능,공공누리 1유형,,,O,,,,,단순 정보,
767,철도산업정보센터,HOME > 철도역사관 > 철도통합연표,철도통합연표,한국전쟁으로 역사소실,,1950-12-08 00:00:00,미부착,,개방 가능,공공누리 1유형,,,O,,,,,단순 정보,
768,철도산업정보센터,HOME > 철도역사관 > 철도통합연표,철도통합연표,역사소실,,1950-12-25 00:00:00,미부착,,개방 가능,공공누리 1유형,,,O,,,,,단순 정보,
769,철도산업정보센터,HOME > 철도역사관 > 철도통합연표,철도통합연표,가역사 신축,,1950-12-30 00:00:00,미부착,,개방 가능,공공누리 1유형,,,O,,,,,단순 정보,
770,철도산업정보센터,HOME > 철도역사관 > 철도통합연표,철도통합연표,배치간이역으로 승격,,1951-02-05 00:00:00,미부착,,개방 가능,공공누리 1유형,,,O,,,,,단순 정보,
771,철도산업정보센터,HOME > 철도역사관 > 철도통합연표,철도통합연표,역사 신축착공,,1951-03-04 00:00:00,미부착,,개방 가능,공공누리 1유형,,,O,,,,,단순 정보,
772,철도산업정보센터,HOME > 철도역사관 > 철도통합연표,철도통합연표,역사준공과 함께 보통역으로 승격,,1951-04-11 00:00:00,미부착,,개방 가능,공공누리 1유형,,,O,,,,,단순 정보,
773,철도산업정보센터,HOME > 철도역사관 > 철도통합연표,철도통합연표,보통역으로 승격,,1951-04-11 00:00:00,미부착,,개방 가능,공공누리 1유형,,,O,,,,,단순 정보,
774,철도산업정보센터,HOME > 철도역사관 > 철도통합연표,철도통합연표,보통역으로 승격,,1951-04-12 00:00:00,미부착,,개방 가능,공공누리 1유형,,,O,,,,,단순 정보,
775,철도산업정보센터,HOME > 철도역사관 > 철도통합연표,철도통합연표,보통역으로 승격,,1951-05-00,미부착,,개방 가능,공공누리 1유형,,,O,,,,,단순 정보,
776,철도산업정보센터,HOME > 철도역사관 > 철도통합연표,철도통합연표,공비습격으로 역사소실,,1951-05-03 00:00:00,미부착,,개방 가능,공공누리 1유형,,,O,,,,,단순 정보,
777,철도산업정보센터,HOME > 철도역사관 > 철도통합연표,철도통합연표,목조가건물 준공,,1951-05-20 00:00:00,미부착,,개방 가능,공공누리 1유형,,,O,,,,,단순 정보,
778,철도산업정보센터,HOME > 철도역사관 > 철도통합연표,철도통합연표,역사소실,,1951-05-20 00:00:00,미부착,,개방 가능,공공누리 1유형,,,O,,,,,단순 정보,
779,철도산업정보센터,HOME > 철도역사관 > 철도통합연표,철도통합연표,보통역으로 승격,,1951-07-31 00:00:00,미부착,,개방 가능,공공누리 1유형,,,O,,,,,단순 정보,
780,철도산업정보센터,HOME > 철도역사관 > 철도통합연표,철도통합연표,보통역으로 다시 승격,,1951-07-31 00:00:00,미부착,,개방 가능,공공누리 1유형,,,O,,,,,단순 정보,
781,철도산업정보센터,HOME > 철도역사관 > 철도통합연표,철도통합연표,부전~우암간 5.8km 구간 준공,,1951-08-01 00:00:00,미부착,,개방 가능,공공누리 1유형,,,O,,,,,단순 정보,
782,철도산업정보센터,HOME > 철도역사관 > 철도통합연표,철도통합연표,보통역으로 승격,,1951-08-01 00:00:00,미부착,,개방 가능,공공누리 1유형,,,O,,,,,단순 정보,
783,철도산업정보센터,HOME > 철도역사관 > 철도통합연표,철도통합연표,신호장으로 부활,,1951-08-01 00:00:00,미부착,,개방 가능,공공누리 1유형,,,O,,,,,단순 정보,
784,철도산업정보센터,HOME > 철도역사관 > 철도통합연표,철도통합연표,3역 구내 통합업무 환원,,1951-08-05 00:00:00,미부착,,개방 가능,공공누리 1유형,,,O,,,,,단순 정보,
785,철도산업정보센터,HOME > 철도역사관 > 철도통합연표,철도통합연표,영업 개시,,1951-08-10 00:00:00,미부착,,개방 가능,공공누리 1유형,,,O,,,,,단순 정보,
786,철도산업정보센터,HOME > 철도역사관 > 철도통합연표,철도통합연표,보통역으로 영업개시,,1951-08-10 00:00:00,미부착,,개방 가능,공공누리 1유형,,,O,,,,,단순 정보,
787,철도산업정보센터,HOME > 철도역사관 > 철도통합연표,철도통합연표,역사복구 준공,,1951-08-15 00:00:00,미부착,,개방 가능,공공누리 1유형,,,O,,,,,단순 정보,
788,철도산업정보센터,HOME > 철도역사관 > 철도통합연표,철도통합연표,보통역으로 영업개시,,1951-08-20 00:00:00,미부착,,개방 가능,공공누리 1유형,,,O,,,,,단순 정보,
789,철도산업정보센터,HOME > 철도역사관 > 철도통합연표,철도통합연표,노선 개통,,1951-08-20 00:00:00,미부착,,개방 가능,공공누리 1유형,,,O,,,,,단순 정보,
790,철도산업정보센터,HOME > 철도역사관 > 철도통합연표,철도통합연표,현재의 역사준공,,1951-09-25 00:00:00,미부착,,개방 가능,공공누리 1유형,,,O,,,,,단순 정보,
791,철도산업정보센터,HOME > 철도역사관 > 철도통합연표,철도통합연표,역사소실,,1951-09-29 00:00:00,미부착,,개방 가능,공공누리 1유형,,,O,,,,,단순 정보,
792,철도산업정보센터,HOME > 철도역사관 > 철도통합연표,철도통합연표,보통역에서 무배치간이역으로 격하,,1951-10-10 00:00:00,미부착,,개방 가능,공공누리 1유형,,,O,,,,,단순 정보,
793,철도산업정보센터,HOME > 철도역사관 > 철도통합연표,철도통합연표,배치간이역에서 보통역으로 승격,,1951-10-10 00:00:00,미부착,,개방 가능,공공누리 1유형,,,O,,,,,단순 정보,
794,철도산업정보센터,HOME > 철도역사관 > 철도통합연표,철도통합연표,수복지구에 대한 현업기관 임시조치에 따라 다시 설치,,1951-10-10 00:00:00,미부착,,개방 가능,공공누리 1유형,,,O,,,,,단순 정보,
795,철도산업정보센터,HOME > 철도역사관 > 철도통합연표,철도통합연표,역사소실,,1951-11-09 00:00:00,미부착,,개방 가능,공공누리 1유형,,,O,,,,,단순 정보,
796,철도산업정보센터,HOME > 철도역사관 > 철도통합연표,철도통합연표,선로파괴 복구 영업재개,,1952-03-01 00:00:00,미부착,,개방 가능,공공누리 1유형,,,O,,,,,단순 정보,
797,철도산업정보센터,HOME > 철도역사관 > 철도통합연표,철도통합연표,배치간이역으로 변경,,1952-04-08 00:00:00,미부착,,개방 가능,공공누리 1유형,,,O,,,,,단순 정보,
798,철도산업정보센터,HOME > 철도역사관 > 철도통합연표,철도통합연표,가역사 신축,,1952-04-10 00:00:00,미부착,,개방 가능,공공누리 1유형,,,O,,,,,단순 정보,
799,철도산업정보센터,HOME > 철도역사관 > 철도통합연표,철도통합연표,가역사 신축준공,,1952-04-19 00:00:00,미부착,,개방 가능,공공누리 1유형,,,O,,,,,단순 정보,
800,철도산업정보센터,HOME > 철도역사관 > 철도통합연표,철도통합연표,역사 복구 준공,,1952-04-20 00:00:00,미부착,,개방 가능,공공누리 1유형,,,O,,,,,단순 정보,
801,철도산업정보센터,HOME > 철도역사관 > 철도통합연표,철도통합연표,UN군에 의해 착공.,,1952-05-20 00:00:00,미부착,,개방 가능,공공누리 1유형,,,O,,,,,단순 정보,
802,철도산업정보센터,HOME > 철도역사관 > 철도통합연표,철도통합연표,배치간이역으로 승격(성산리 302-1번지),,1952-08-01 00:00:00,미부착,,개방 가능,공공누리 1유형,,,O,,,,,단순 정보,
803,철도산업정보센터,HOME > 철도역사관 > 철도통합연표,철도통합연표,사무관역으로 승격,,1952-08-09 00:00:00,미부착,,개방 가능,공공누리 1유형,,,O,,,,,단순 정보,
804,철도산업정보센터,HOME > 철도역사관 > 철도통합연표,철도통합연표,보통역으로 영업개시,,1952-09-25 00:00:00,미부착,,개방 가능,공공누리 1유형,,,O,,,,,단순 정보,
805,철도산업정보센터,HOME > 철도역사관 > 철도통합연표,철도통합연표,역사전소,,1952-09-27 00:00:00,미부착,,개방 가능,공공누리 1유형,,,O,,,,,단순 정보,
806,철도산업정보센터,HOME > 철도역사관 > 철도통합연표,철도통합연표,신호장으로 영업개시(적봉신호장),,1952-10-01 00:00:00,미부착,,개방 가능,공공누리 1유형,,,O,,,,,단순 정보,
807,철도산업정보센터,HOME > 철도역사관 > 철도통합연표,철도통합연표,보통역으로 승격,,1952-10-01 00:00:00,미부착,,개방 가능,공공누리 1유형,,,O,,,,,단순 정보,
808,철도산업정보센터,HOME > 철도역사관 > 철도통합연표,철도통합연표,양정역 관리 지정.,,1952-12-01 00:00:00,미부착,,개방 가능,공공누리 1유형,,,O,,,,,단순 정보,
809,철도산업정보센터,HOME > 철도역사관 > 철도통합연표,철도통합연표,평촌역 관리지정.,,1952-12-01 00:00:00,미부착,,개방 가능,공공누리 1유형,,,O,,,,,단순 정보,
810,철도산업정보센터,HOME > 철도역사관 > 철도통합연표,철도통합연표,배치간이역으로 승격,,1952-12-20 00:00:00,미부착,,개방 가능,공공누리 1유형,,,O,,,,,단순 정보,
811,철도산업정보센터,HOME > 철도역사관 > 철도통합연표,철도통합연표,역사전소,,1952-12-22 00:00:00,미부착,,개방 가능,공공누리 1유형,,,O,,,,,단순 정보,
812,철도산업정보센터,HOME > 철도역사관 > 철도통합연표,철도통합연표,문경선으로 22.5km 구간 착공.,,1953-01-18 00:00:00,미부착,,개방 가능,공공누리 1유형,,,O,,,,,단순 정보,
813,철도산업정보센터,HOME > 철도역사관 > 철도통합연표,철도통합연표,배치간이역에서 보통역으로 승격,,1953-02-15 00:00:00,미부착,,개방 가능,공공누리 1유형,,,O,,,,,단순 정보,
814,철도산업정보센터,HOME > 철도역사관 > 철도통합연표,철도통합연표,완공.,,1953-02-25 00:00:00,미부착,,개방 가능,공공누리 1유형,,,O,,,,,단순 정보,
815,철도산업정보센터,HOME > 철도역사관 > 철도통합연표,철도통합연표,5급역으로 승격,,1953-03-01 00:00:00,미부착,,개방 가능,공공누리 1유형,,,O,,,,,단순 정보,
816,철도산업정보센터,HOME > 철도역사관 > 철도통합연표,철도통합연표,사무관역으로 승격,,1953-03-28 00:00:00,미부착,,개방 가능,공공누리 1유형,,,O,,,,,단순 정보,
817,철도산업정보센터,HOME > 철도역사관 > 철도통합연표,철도통합연표,신호소로 개역,,1953-04-01 00:00:00,미부착,,개방 가능,공공누리 1유형,,,O,,,,,단순 정보,
818,철도산업정보센터,HOME > 철도역사관 > 철도통합연표,철도통합연표,보통역으로 승격,,1953-04-01 00:00:00,미부착,,개방 가능,공공누리 1유형,,,O,,,,,단순 정보,
819,철도산업정보센터,HOME > 철도역사관 > 철도통합연표,철도통합연표,사천선 개통에 따라 보통역으로 영업개시,,1953-05-25 00:00:00,미부착,,개방 가능,공공누리 1유형,,,O,,,,,단순 정보,
820,철도산업정보센터,HOME > 철도역사관 > 철도통합연표,철도통합연표,역명개정(지경(地境)→대야),,1953-06-01 00:00:00,미부착,,개방 가능,공공누리 1유형,,,O,,,,,단순 정보,
821,철도산업정보센터,HOME > 철도역사관 > 철도통합연표,철도통합연표,배치간이역으로 영업개시,,1953-07-25 00:00:00,미부착,,개방 가능,공공누리 1유형,,,O,,,,,단순 정보,
822,철도산업정보센터,HOME > 철도역사관 > 철도통합연표,철도통합연표,경의선 종착역으로 지정,,1953-07-27 00:00:00,미부착,,개방 가능,공공누리 1유형,,,O,,,,,단순 정보,
823,철도산업정보센터,HOME > 철도역사관 > 철도통합연표,철도통합연표,배치간이역으로 영업개시,,1953-08-01 00:00:00,미부착,,개방 가능,공공누리 1유형,,,O,,,,,단순 정보,
824,철도산업정보센터,HOME > 철도역사관 > 철도통합연표,철도통합연표,철도청 소속으로 이관,,1953-09-10 00:00:00,미부착,,개방 가능,공공누리 1유형,,,O,,,,,단순 정보,
825,철도산업정보센터,HOME > 철도역사관 > 철도통합연표,철도통합연표,영업개시,,1953-10-01 00:00:00,미부착,,개방 가능,공공누리 1유형,,,O,,,,,단순 정보,
826,철도산업정보센터,HOME > 철도역사관 > 철도통합연표,철도통합연표,역사 신축이전,,1953-10-01 00:00:00,미부착,,개방 가능,공공누리 1유형,,,O,,,,,단순 정보,
827,철도산업정보센터,HOME > 철도역사관 > 철도통합연표,철도통합연표,역사신축준공,,1953-10-23 00:00:00,미부착,,개방 가능,공공누리 1유형,,,O,,,,,단순 정보,
828,철도산업정보센터,HOME > 철도역사관 > 철도통합연표,철도통합연표,무배치간이역으로 영업개시,,1953-11-01 00:00:00,미부착,,개방 가능,공공누리 1유형,,,O,,,,,단순 정보,
829,철도산업정보센터,HOME > 철도역사관 > 철도통합연표,철도통합연표,무배치간이역으로 영업개시,,1953-11-15 00:00:00,미부착,,개방 가능,공공누리 1유형,,,O,,,,,단순 정보,
830,철도산업정보센터,HOME > 철도역사관 > 철도통합연표,철도통합연표,무배치간이역으로 영업개시(역명: 용안역),,1953-11-15 00:00:00,미부착,,개방 가능,공공누리 1유형,,,O,,,,,단순 정보,
831,철도산업정보센터,HOME > 철도역사관 > 철도통합연표,철도통합연표,역사전소,,1953-11-27 00:00:00,미부착,,개방 가능,공공누리 1유형,,,O,,,,,단순 정보,
832,철도산업정보센터,HOME > 철도역사관 > 철도통합연표,철도통합연표,가역사준공,,1953-12-20 00:00:00,미부착,,개방 가능,공공누리 1유형,,,O,,,,,단순 정보,
833,철도산업정보센터,HOME > 철도역사관 > 철도통합연표,철도통합연표,춘양역으로 영업재개,,1953-12-25 00:00:00,미부착,,개방 가능,공공누리 1유형,,,O,,,,,단순 정보,
834,철도산업정보센터,HOME > 철도역사관 > 철도통합연표,철도통합연표,신망리역 개통,,1954-00-00,미부착,,개방 가능,공공누리 1유형,,,O,,,,,단순 정보,
835,철도산업정보센터,HOME > 철도역사관 > 철도통합연표,철도통합연표,역사준공,,1954-02-10 00:00:00,미부착,,개방 가능,공공누리 1유형,,,O,,,,,단순 정보,
836,철도산업정보센터,HOME > 철도역사관 > 철도통합연표,철도통합연표,신호소로 영업개시,,1954-03-10 00:00:00,미부착,,개방 가능,공공누리 1유형,,,O,,,,,단순 정보,
837,철도산업정보센터,HOME > 철도역사관 > 철도통합연표,철도통합연표,일반화물 취급 중지(군화물 제외),,1954-04-01 00:00:00,미부착,,개방 가능,공공누리 1유형,,,O,,,,,단순 정보,
838,철도산업정보센터,HOME > 철도역사관 > 철도통합연표,철도통합연표,역사준공,,1954-06-17 00:00:00,미부착,,개방 가능,공공누리 1유형,,,O,,,,,단순 정보,
839,철도산업정보센터,HOME > 철도역사관 > 철도통합연표,철도통합연표,보통역으로 승격,,1954-07-01 00:00:00,미부착,,개방 가능,공공누리 1유형,,,O,,,,,단순 정보,
840,철도산업정보센터,HOME > 철도역사관 > 철도통합연표,철도통합연표,무배치간이역으로 부활,,1954-10-01 00:00:00,미부착,,개방 가능,공공누리 1유형,,,O,,,,,단순 정보,
841,철도산업정보센터,HOME > 철도역사관 > 철도통합연표,철도통합연표,점촌~불정간 10.7km 개통.,,1954-11-16 00:00:00,미부착,,개방 가능,공공누리 1유형,,,O,,,,,단순 정보,
842,철도산업정보센터,HOME > 철도역사관 > 철도통합연표,철도통합연표,보통역으로 영업개시,,1954-11-16 00:00:00,미부착,,개방 가능,공공누리 1유형,,,O,,,,,단순 정보,
843,철도산업정보센터,HOME > 철도역사관 > 철도통합연표,철도통합연표,보통역으로 승격,,1954-12-01 00:00:00,미부착,,개방 가능,공공누리 1유형,,,O,,,,,단순 정보,
844,철도산업정보센터,HOME > 철도역사관 > 철도통합연표,철도통합연표,배치간이역으로 영업개시,,1955-02-01 00:00:00,미부착,,개방 가능,공공누리 1유형,,,O,,,,,단순 정보,
845,철도산업정보센터,HOME > 철도역사관 > 철도통합연표,철도통합연표,배치간이역으로 영업개시(어수동역),,1955-02-01 00:00:00,미부착,,개방 가능,공공누리 1유형,,,O,,,,,단순 정보,
846,철도산업정보센터,HOME > 철도역사관 > 철도통합연표,철도통합연표,보통역으로 영업개시,,1955-02-01 00:00:00,미부착,,개방 가능,공공누리 1유형,,,O,,,,,단순 정보,
847,철도산업정보센터,HOME > 철도역사관 > 철도통합연표,철도통합연표,무배치간이역에서 보통역으로 승격 및 구역사 준공,,1955-03-01 00:00:00,미부착,,개방 가능,공공누리 1유형,,,O,,,,,단순 정보,
848,철도산업정보센터,HOME > 철도역사관 > 철도통합연표,철도통합연표,무배치간이역으로 개역,,1955-04-01 00:00:00,미부착,,개방 가능,공공누리 1유형,,,O,,,,,단순 정보,
849,철도산업정보센터,HOME > 철도역사관 > 철도통합연표,철도통합연표,현 역사 준공.,,1955-04-08 00:00:00,미부착,,개방 가능,공공누리 1유형,,,O,,,,,단순 정보,
850,철도산업정보센터,HOME > 철도역사관 > 철도통합연표,철도통합연표,부산조차장역을 가야역으로 변경,,1955-05-01 00:00:00,미부착,,개방 가능,공공누리 1유형,,,O,,,,,단순 정보,
851,철도산업정보센터,HOME > 철도역사관 > 철도통합연표,철도통합연표,보통역으로 승격,,1955-06-01 00:00:00,미부착,,개방 가능,공공누리 1유형,,,O,,,,,단순 정보,
852,철도산업정보센터,HOME > 철도역사관 > 철도통합연표,철도통합연표,구역사 준공,,1955-06-04 00:00:00,미부착,,개방 가능,공공누리 1유형,,,O,,,,,단순 정보,
853,철도산업정보센터,HOME > 철도역사관 > 철도통합연표,철도통합연표,충남선을 장항선으로 개칭,,1955-06-14 00:00:00,미부착,,개방 가능,공공누리 1유형,,,O,,,,,단순 정보,
854,철도산업정보센터,HOME > 철도역사관 > 철도통합연표,철도통합연표,경기선을 안성선으로 개칭.,,1955-06-14 00:00:00,미부착,,개방 가능,공공누리 1유형,,,O,,,,,단순 정보,
855,철도산업정보센터,HOME > 철도역사관 > 철도통합연표,철도통합연표,역사준공,,1955-06-30 00:00:00,미부착,,개방 가능,공공누리 1유형,,,O,,,,,단순 정보,
856,철도산업정보센터,HOME > 철도역사관 > 철도통합연표,철도통합연표,역사 준공,,1955-06-30 00:00:00,미부착,,개방 가능,공공누리 1유형,,,O,,,,,단순 정보,
857,철도산업정보센터,HOME > 철도역사관 > 철도통합연표,철도통합연표,역사 신축 착공,,1955-06-30 00:00:00,미부착,,개방 가능,공공누리 1유형,,,O,,,,,단순 정보,
858,철도산업정보센터,HOME > 철도역사관 > 철도통합연표,철도통합연표,보통역으로 영업개시,,1955-07-01 00:00:00,미부착,,개방 가능,공공누리 1유형,,,O,,,,,단순 정보,
859,철도산업정보센터,HOME > 철도역사관 > 철도통합연표,철도통합연표,역명변경(경북화산→화산),,1955-07-01 00:00:00,미부착,,개방 가능,공공누리 1유형,,,O,,,,,단순 정보,
860,철도산업정보센터,HOME > 철도역사관 > 철도통합연표,철도통합연표,역명개정(충남신창→신창),,1955-07-01 00:00:00,미부착,,개방 가능,공공누리 1유형,,,O,,,,,단순 정보,
861,철도산업정보센터,HOME > 철도역사관 > 철도통합연표,철도통합연표,역명개정(충남서천→서천),,1955-07-01 00:00:00,미부착,,개방 가능,공공누리 1유형,,,O,,,,,단순 정보,
862,철도산업정보센터,HOME > 철도역사관 > 철도통합연표,철도통합연표,보통역으로 부활,,1955-07-01 00:00:00,미부착,,개방 가능,공공누리 1유형,,,O,,,,,단순 정보,
863,철도산업정보센터,HOME > 철도역사관 > 철도통합연표,철도통합연표,역명변경(서천→경강),,1955-07-01 00:00:00,미부착,,개방 가능,공공누리 1유형,,,O,,,,,단순 정보,
864,철도산업정보센터,HOME > 철도역사관 > 철도통합연표,철도통합연표,역명변경(경북내성→봉화),,1955-07-01 00:00:00,미부착,,개방 가능,공공누리 1유형,,,O,,,,,단순 정보,
865,철도산업정보센터,HOME > 철도역사관 > 철도통합연표,철도통합연표,축현역에서 동인천역(東仁川驛)으로 개명,,1955-07-01 00:00:00,미부착,,개방 가능,공공누리 1유형,,,O,,,,,단순 정보,
866,철도산업정보센터,HOME > 철도역사관 > 철도통합연표,철도통합연표,충북월곡역에서 미호역으로 역명개칭,,1955-07-01 00:00:00,미부착,,개방 가능,공공누리 1유형,,,O,,,,,단순 정보,
867,철도산업정보센터,HOME > 철도역사관 > 철도통합연표,철도통합연표,충북송정역에서 서청주역으로 개명,,1955-07-01 00:00:00,미부착,,개방 가능,공공누리 1유형,,,O,,,,,단순 정보,
868,철도산업정보센터,HOME > 철도역사관 > 철도통합연표,철도통합연표,역명개정(수인→남인천),,1955-07-01 00:00:00,미부착,,개방 가능,공공누리 1유형,,,O,,,,,단순 정보,
869,철도산업정보센터,HOME > 철도역사관 > 철도통합연표,철도통합연표,역명개정(춘양역→석정리역),,1955-07-01 00:00:00,미부착,,개방 가능,공공누리 1유형,,,O,,,,,단순 정보,
870,철도산업정보센터,HOME > 철도역사관 > 철도통합연표,철도통합연표,배치간이역으로 영업개시,,1955-07-11 00:00:00,미부착,,개방 가능,공공누리 1유형,,,O,,,,,단순 정보,
871,철도산업정보센터,HOME > 철도역사관 > 철도통합연표,철도통합연표,무배치간이역으로 영업개시(아천역관리),,1955-08-01 00:00:00,미부착,,개방 가능,공공누리 1유형,,,O,,,,,단순 정보,
872,철도산업정보센터,HOME > 철도역사관 > 철도통합연표,철도통합연표,무배치간이역으로 영업개시,,1955-08-01 00:00:00,미부착,,개방 가능,공공누리 1유형,,,O,,,,,단순 정보,
873,철도산업정보센터,HOME > 철도역사관 > 철도통합연표,철도통합연표,배치간이역으로 승격 및 화물취급 개시,,1955-08-11 00:00:00,미부착,,개방 가능,공공누리 1유형,,,O,,,,,단순 정보,
874,철도산업정보센터,HOME > 철도역사관 > 철도통합연표,철도통합연표,배치간이역으로 영업개시,,1955-08-21 00:00:00,미부착,,개방 가능,공공누리 1유형,,,O,,,,,단순 정보,
875,철도산업정보센터,HOME > 철도역사관 > 철도통합연표,철도통합연표,무배치간이역으로 부활하여 영업개시,,1955-08-21 00:00:00,미부착,,개방 가능,공공누리 1유형,,,O,,,,,단순 정보,
876,철도산업정보센터,HOME > 철도역사관 > 철도통합연표,철도통합연표,보통역으로 승격,,1955-09-01 00:00:00,미부착,,개방 가능,공공누리 1유형,,,O,,,,,단순 정보,
877,철도산업정보센터,HOME > 철도역사관 > 철도통합연표,철도통합연표,"무배치간이역에서 배치간이역으로 승격, 여객 및 소화물취급 개시",,1955-09-01 00:00:00,미부착,,개방 가능,공공누리 1유형,,,O,,,,,단순 정보,
878,철도산업정보센터,HOME > 철도역사관 > 철도통합연표,철도통합연표,보통역으로 영업개시,,1955-09-10 00:00:00,미부착,,개방 가능,공공누리 1유형,,,O,,,,,단순 정보,
879,철도산업정보센터,HOME > 철도역사관 > 철도통합연표,철도통합연표,불정~은성(이후 가은으로 개칭)간 12.1km 개통으로 전선 개통,,1955-09-15 00:00:00,미부착,,개방 가능,공공누리 1유형,,,O,,,,,단순 정보,
880,철도산업정보센터,HOME > 철도역사관 > 철도통합연표,철도통합연표,문경선(점촌-은성)개통으로 보통역으로 영업개시,,1955-09-15 00:00:00,미부착,,개방 가능,공공누리 1유형,,,O,,,,,단순 정보,
881,철도산업정보센터,HOME > 철도역사관 > 철도통합연표,철도통합연표,무배치간이역으로 부활하여 영업개시,,1955-09-15 00:00:00,미부착,,개방 가능,공공누리 1유형,,,O,,,,,단순 정보,
882,철도산업정보센터,HOME > 철도역사관 > 철도통합연표,철도통합연표,가은선 개통,,1955-09-15 00:00:00,미부착,,개방 가능,공공누리 1유형,,,O,,,,,단순 정보,
883,철도산업정보센터,HOME > 철도역사관 > 철도통합연표,철도통합연표,역사준공,,1955-09-15 00:00:00,미부착,,개방 가능,공공누리 1유형,,,O,,,,,단순 정보,
884,철도산업정보센터,HOME > 철도역사관 > 철도통합연표,철도통합연표,역사준공,,1955-09-15 00:00:00,미부착,,개방 가능,공공누리 1유형,,,O,,,,,단순 정보,
885,철도산업정보센터,HOME > 철도역사관 > 철도통합연표,철도통합연표,역사준공,,1955-10-15 00:00:00,미부착,,개방 가능,공공누리 1유형,,,O,,,,,단순 정보,
886,철도산업정보센터,HOME > 철도역사관 > 철도통합연표,철도통합연표,배치간이역으로 영업개시,,1955-12-01 00:00:00,미부착,,개방 가능,공공누리 1유형,,,O,,,,,단순 정보,
887,철도산업정보센터,HOME > 철도역사관 > 철도통합연표,철도통합연표,영월선 제천~영월간 38.1km 완공.,,1955-12-30 00:00:00,미부착,,개방 가능,공공누리 1유형,,,O,,,,,단순 정보,
888,철도산업정보센터,HOME > 철도역사관 > 철도통합연표,철도통합연표,역사준공,,1955-12-30 00:00:00,미부착,,개방 가능,공공누리 1유형,,,O,,,,,단순 정보,
889,철도산업정보센터,HOME > 철도역사관 > 철도통합연표,철도통합연표,영주~철암 86.4km 완공. (당시 명칭 영암선),,1955-12-31 00:00:00,미부착,,개방 가능,공공누리 1유형,,,O,,,,,단순 정보,
890,철도산업정보센터,HOME > 철도역사관 > 철도통합연표,철도통합연표,영암선(영주~철암) 전통,,1955-12-31 00:00:00,미부착,,개방 가능,공공누리 1유형,,,O,,,,,단순 정보,
891,철도산업정보센터,HOME > 철도역사관 > 철도통합연표,철도통합연표,배치간이역으로 영업개시,,1956-01-01 00:00:00,미부착,,개방 가능,공공누리 1유형,,,O,,,,,단순 정보,
892,철도산업정보센터,HOME > 철도역사관 > 철도통합연표,철도통합연표,보통역으로 영업개시,,1956-01-01 00:00:00,미부착,,개방 가능,공공누리 1유형,,,O,,,,,단순 정보,
893,철도산업정보센터,HOME > 철도역사관 > 철도통합연표,철도통합연표,현재의 역사 준공,,1956-01-01 00:00:00,미부착,,개방 가능,공공누리 1유형,,,O,,,,,단순 정보,
894,철도산업정보센터,HOME > 철도역사관 > 철도통합연표,철도통합연표,보통역으로 영업개시,,1956-01-11 00:00:00,미부착,,개방 가능,공공누리 1유형,,,O,,,,,단순 정보,
895,철도산업정보센터,HOME > 철도역사관 > 철도통합연표,철도통합연표,현재역사준공,,1956-01-12 00:00:00,미부착,,개방 가능,공공누리 1유형,,,O,,,,,단순 정보,
896,철도산업정보센터,HOME > 철도역사관 > 철도통합연표,철도통합연표,보통역으로 영업개시,,1956-01-17 00:00:00,미부착,,개방 가능,공공누리 1유형,,,O,,,,,단순 정보,
897,철도산업정보센터,HOME > 철도역사관 > 철도통합연표,철도통합연표,보통역으로 승격,,1956-02-20 00:00:00,미부착,,개방 가능,공공누리 1유형,,,O,,,,,단순 정보,
898,철도산업정보센터,HOME > 철도역사관 > 철도통합연표,철도통합연표,무배치간이역으로 영업개시,,1956-02-21 00:00:00,미부착,,개방 가능,공공누리 1유형,,,O,,,,,단순 정보,
899,철도산업정보센터,HOME > 철도역사관 > 철도통합연표,철도통합연표,삼척발전소선 후진~발전소간 착공.,,1956-03-01 00:00:00,미부착,,개방 가능,공공누리 1유형,,,O,,,,,단순 정보,
900,철도산업정보센터,HOME > 철도역사관 > 철도통합연표,철도통합연표,주사관역으로 격하,,1956-03-08 00:00:00,미부착,,개방 가능,공공누리 1유형,,,O,,,,,단순 정보,
901,철도산업정보센터,HOME > 철도역사관 > 철도통합연표,철도통합연표,보통역으로 영업개시,,1956-04-11 00:00:00,미부착,,개방 가능,공공누리 1유형,,,O,,,,,단순 정보,
902,철도산업정보센터,HOME > 철도역사관 > 철도통합연표,철도통합연표,삼척발전소선 후진~발전소간 1.8km 완공.,,1956-05-01 00:00:00,미부착,,개방 가능,공공누리 1유형,,,O,,,,,단순 정보,
903,철도산업정보센터,HOME > 철도역사관 > 철도통합연표,철도통합연표,배치간이역으로 영업개시,,1956-05-01 00:00:00,미부착,,개방 가능,공공누리 1유형,,,O,,,,,단순 정보,
904,철도산업정보센터,HOME > 철도역사관 > 철도통합연표,철도통합연표,무배치간이역으로 부활,,1956-05-01 00:00:00,미부착,,개방 가능,공공누리 1유형,,,O,,,,,단순 정보,
905,철도산업정보센터,HOME > 철도역사관 > 철도통합연표,철도통합연표,현재의 역사준공,,1956-05-10 00:00:00,미부착,,개방 가능,공공누리 1유형,,,O,,,,,단순 정보,
906,철도산업정보센터,HOME > 철도역사관 > 철도통합연표,철도통합연표,무배치간이역으로 영업개시(금촌역 관리),,1956-05-11 00:00:00,미부착,,개방 가능,공공누리 1유형,,,O,,,,,단순 정보,
907,철도산업정보센터,HOME > 철도역사관 > 철도통합연표,철도통합연표,보통역으로 승격,,1956-05-20 00:00:00,미부착,,개방 가능,공공누리 1유형,,,O,,,,,단순 정보,
908,철도산업정보센터,HOME > 철도역사관 > 철도통합연표,철도통합연표,무배치간이역으로 영업개시,,1956-06-01 00:00:00,미부착,,개방 가능,공공누리 1유형,,,O,,,,,단순 정보,
909,철도산업정보센터,HOME > 철도역사관 > 철도통합연표,철도통합연표,무배치간이역으로 영업개시(남평역관리),,1956-06-11 00:00:00,미부착,,개방 가능,공공누리 1유형,,,O,,,,,단순 정보,
910,철도산업정보센터,HOME > 철도역사관 > 철도통합연표,철도통합연표,역사준공,,1956-06-30 00:00:00,미부착,,개방 가능,공공누리 1유형,,,O,,,,,단순 정보,
911,철도산업정보센터,HOME > 철도역사관 > 철도통합연표,철도통합연표,무배치간이역으로 영업개시,,1956-07-11 00:00:00,미부착,,개방 가능,공공누리 1유형,,,O,,,,,단순 정보,
912,철도산업정보센터,HOME > 철도역사관 > 철도통합연표,철도통합연표,신호장으로 영업개시,,1956-07-11 00:00:00,미부착,,개방 가능,공공누리 1유형,,,O,,,,,단순 정보,
913,철도산업정보센터,HOME > 철도역사관 > 철도통합연표,철도통합연표,현재의 역사 준공.,,1956-07-17 00:00:00,미부착,,개방 가능,공공누리 1유형,,,O,,,,,단순 정보,
914,철도산업정보센터,HOME > 철도역사관 > 철도통합연표,철도통합연표,역사준공,,1956-07-27 00:00:00,미부착,,개방 가능,공공누리 1유형,,,O,,,,,단순 정보,
915,철도산업정보센터,HOME > 철도역사관 > 철도통합연표,철도통합연표,역사 준공,,1956-07-31 00:00:00,미부착,,개방 가능,공공누리 1유형,,,O,,,,,단순 정보,
916,철도산업정보센터,HOME > 철도역사관 > 철도통합연표,철도통합연표,무배치간이역으로 부활,,1956-08-11 00:00:00,미부착,,개방 가능,공공누리 1유형,,,O,,,,,단순 정보,
917,철도산업정보센터,HOME > 철도역사관 > 철도통합연표,철도통합연표,무배치간이역으로 영업개시(연천역관리),,1956-08-21 00:00:00,미부착,,개방 가능,공공누리 1유형,,,O,,,,,단순 정보,
918,철도산업정보센터,HOME > 철도역사관 > 철도통합연표,철도통합연표,무배치간이역으로 영업재개(이양역관리),,1956-09-19 00:00:00,미부착,,개방 가능,공공누리 1유형,,,O,,,,,단순 정보,
919,철도산업정보센터,HOME > 철도역사관 > 철도통합연표,철도통합연표,역사준공,,1956-11-15 00:00:00,미부착,,개방 가능,공공누리 1유형,,,O,,,,,단순 정보,
920,철도산업정보센터,HOME > 철도역사관 > 철도통합연표,철도통합연표,배치간이역으로 승격,,1956-12-01 00:00:00,미부착,,개방 가능,공공누리 1유형,,,O,,,,,단순 정보,
921,철도산업정보센터,HOME > 철도역사관 > 철도통합연표,철도통합연표,현재의 역사로 이전,,1956-12-03 00:00:00,미부착,,개방 가능,공공누리 1유형,,,O,,,,,단순 정보,
922,철도산업정보센터,HOME > 철도역사관 > 철도통합연표,철도통합연표,역사복구준공,,1956-12-26 00:00:00,미부착,,개방 가능,공공누리 1유형,,,O,,,,,단순 정보,
923,철도산업정보센터,HOME > 철도역사관 > 철도통합연표,철도통합연표,역사준공,,1956-12-30 00:00:00,미부착,,개방 가능,공공누리 1유형,,,O,,,,,단순 정보,
924,철도산업정보센터,HOME > 철도역사관 > 철도통합연표,철도통합연표,역사 준공,,1956-12-30 00:00:00,미부착,,개방 가능,공공누리 1유형,,,O,,,,,단순 정보,
925,철도산업정보센터,HOME > 철도역사관 > 철도통합연표,철도통합연표,역사준공,,1956-12-31 00:00:00,미부착,,개방 가능,공공누리 1유형,,,O,,,,,단순 정보,
926,철도산업정보센터,HOME > 철도역사관 > 철도통합연표,철도통합연표,현재의 역사준공.,,1957-01-10 00:00:00,미부착,,개방 가능,공공누리 1유형,,,O,,,,,단순 정보,
927,철도산업정보센터,HOME > 철도역사관 > 철도통합연표,철도통합연표,보통역으로 승격,,1957-01-16 00:00:00,미부착,,개방 가능,공공누리 1유형,,,O,,,,,단순 정보,
928,철도산업정보센터,HOME > 철도역사관 > 철도통합연표,철도통합연표,무배치간이역으로 부활 영업개시(군북역 관리),,1957-02-11 00:00:00,미부착,,개방 가능,공공누리 1유형,,,O,,,,,단순 정보,
929,철도산업정보센터,HOME > 철도역사관 > 철도통합연표,철도통합연표,무배치간이역으로 부활,,1957-03-01 00:00:00,미부착,,개방 가능,공공누리 1유형,,,O,,,,,단순 정보,
930,철도산업정보센터,HOME > 철도역사관 > 철도통합연표,철도통합연표,현재의 역사준공.,,1957-03-03 00:00:00,미부착,,개방 가능,공공누리 1유형,,,O,,,,,단순 정보,
931,철도산업정보센터,HOME > 철도역사관 > 철도통합연표,철도통합연표,함백선 영월~함백간 22.6km 완공. 완공 이후 영월선 구간을 통합하여 함백선으로 명명,,1957-03-09 00:00:00,미부착,,개방 가능,공공누리 1유형,,,O,,,,,단순 정보,
932,철도산업정보센터,HOME > 철도역사관 > 철도통합연표,철도통합연표,함백선 영월~함백간 22.6km 완공. 완공 이후 영월선 구간을 통합하여 함백선으로 명명,,1957-03-09 00:00:00,미부착,,개방 가능,공공누리 1유형,,,O,,,,,단순 정보,
933,철도산업정보센터,HOME > 철도역사관 > 철도통합연표,철도통합연표,보통역으로 영업개시,,1957-03-10 00:00:00,미부착,,개방 가능,공공누리 1유형,,,O,,,,,단순 정보,
934,철도산업정보센터,HOME > 철도역사관 > 철도통합연표,철도통합연표,역사준공,,1957-05-25 00:00:00,미부착,,개방 가능,공공누리 1유형,,,O,,,,,단순 정보,
935,철도산업정보센터,HOME > 철도역사관 > 철도통합연표,철도통합연표,강경선 채운~강경 간 착공,,1957-06-07 00:00:00,미부착,,개방 가능,공공누리 1유형,,,O,,,,,단순 정보,
936,철도산업정보센터,HOME > 철도역사관 > 철도통합연표,철도통합연표,현재역사준공.,,1957-06-07 00:00:00,미부착,,개방 가능,공공누리 1유형,,,O,,,,,단순 정보,
937,철도산업정보센터,HOME > 철도역사관 > 철도통합연표,철도통합연표,역사준공,,1957-06-12 00:00:00,미부착,,개방 가능,공공누리 1유형,,,O,,,,,단순 정보,
938,철도산업정보센터,HOME > 철도역사관 > 철도통합연표,철도통합연표,임실역사 준공,,1957-06-14 00:00:00,미부착,,개방 가능,공공누리 1유형,,,O,,,,,단순 정보,
939,철도산업정보센터,HOME > 철도역사관 > 철도통합연표,철도통합연표,현재의 역사준공,,1957-06-14 00:00:00,미부착,,개방 가능,공공누리 1유형,,,O,,,,,단순 정보,
940,철도산업정보센터,HOME > 철도역사관 > 철도통합연표,철도통합연표,역사준공,,1957-06-23 00:00:00,미부착,,개방 가능,공공누리 1유형,,,O,,,,,단순 정보,
941,철도산업정보센터,HOME > 철도역사관 > 철도통합연표,철도통합연표,무배치간이역으로 부활하여 영업개시,,1957-07-01 00:00:00,미부착,,개방 가능,공공누리 1유형,,,O,,,,,단순 정보,
942,철도산업정보센터,HOME > 철도역사관 > 철도통합연표,철도통합연표,역사소실로 목조가역사 준공,,1957-07-03 00:00:00,미부착,,개방 가능,공공누리 1유형,,,O,,,,,단순 정보,
943,철도산업정보센터,HOME > 철도역사관 > 철도통합연표,철도통합연표,구역사 준공,,1957-07-17 00:00:00,미부착,,개방 가능,공공누리 1유형,,,O,,,,,단순 정보,
944,철도산업정보센터,HOME > 철도역사관 > 철도통합연표,철도통합연표,현재의 역사준공.,,1957-07-18 00:00:00,미부착,,개방 가능,공공누리 1유형,,,O,,,,,단순 정보,
945,철도산업정보센터,HOME > 철도역사관 > 철도통합연표,철도통합연표,역사준공,,1957-07-18 00:00:00,미부착,,개방 가능,공공누리 1유형,,,O,,,,,단순 정보,
946,철도산업정보센터,HOME > 철도역사관 > 철도통합연표,철도통합연표,현재의 역사준공과 함께 보통역으로 승격,,1957-07-25 00:00:00,미부착,,개방 가능,공공누리 1유형,,,O,,,,,단순 정보,
947,철도산업정보센터,HOME > 철도역사관 > 철도통합연표,철도통합연표,역사복구 준공,,1957-07-29 00:00:00,미부착,,개방 가능,공공누리 1유형,,,O,,,,,단순 정보,
948,철도산업정보센터,HOME > 철도역사관 > 철도통합연표,철도통합연표,현재의 역사 준공,,1957-07-31 00:00:00,미부착,,개방 가능,공공누리 1유형,,,O,,,,,단순 정보,
949,철도산업정보센터,HOME > 철도역사관 > 철도통합연표,철도통합연표,역사신축 착공,,1957-08-08 00:00:00,미부착,,개방 가능,공공누리 1유형,,,O,,,,,단순 정보,
950,철도산업정보센터,HOME > 철도역사관 > 철도통합연표,철도통합연표,보통역으로 승격,,1957-09-01 00:00:00,미부착,,개방 가능,공공누리 1유형,,,O,,,,,단순 정보,
951,철도산업정보센터,HOME > 철도역사관 > 철도통합연표,철도통합연표,무배치간이역으로 영업개시,,1957-09-06 00:00:00,미부착,,개방 가능,공공누리 1유형,,,O,,,,,단순 정보,
952,철도산업정보센터,HOME > 철도역사관 > 철도통합연표,철도통합연표,역사준공,,1957-09-07 00:00:00,미부착,,개방 가능,공공누리 1유형,,,O,,,,,단순 정보,
953,철도산업정보센터,HOME > 철도역사관 > 철도통합연표,철도통합연표,현재의 역사 준공,,1957-09-29 00:00:00,미부착,,개방 가능,공공누리 1유형,,,O,,,,,단순 정보,
954,철도산업정보센터,HOME > 철도역사관 > 철도통합연표,철도통합연표,역사준공,,1957-10-03 00:00:00,미부착,,개방 가능,공공누리 1유형,,,O,,,,,단순 정보,
955,철도산업정보센터,HOME > 철도역사관 > 철도통합연표,철도통합연표,현재의 역사준공,,1957-10-15 00:00:00,미부착,,개방 가능,공공누리 1유형,,,O,,,,,단순 정보,
956,철도산업정보센터,HOME > 철도역사관 > 철도통합연표,철도통합연표,무배치간이역으로 영업개시(월내역관리),,1957-11-01 00:00:00,미부착,,개방 가능,공공누리 1유형,,,O,,,,,단순 정보,
957,철도산업정보센터,HOME > 철도역사관 > 철도통합연표,철도통합연표,보통역으로 승격,,1957-11-11 00:00:00,미부착,,개방 가능,공공누리 1유형,,,O,,,,,단순 정보,
958,철도산업정보센터,HOME > 철도역사관 > 철도통합연표,철도통합연표,서부역사 준공,,1957-12-30 00:00:00,미부착,,개방 가능,공공누리 1유형,,,O,,,,,단순 정보,
959,철도산업정보센터,HOME > 철도역사관 > 철도통합연표,철도통합연표,현재의 역사 준공.,,1958-00-00,미부착,,개방 가능,공공누리 1유형,,,O,,,,,단순 정보,
960,철도산업정보센터,HOME > 철도역사관 > 철도통합연표,철도통합연표,보통역으로 승격,,1958-01-01 00:00:00,미부착,,개방 가능,공공누리 1유형,,,O,,,,,단순 정보,
961,철도산업정보센터,HOME > 철도역사관 > 철도통합연표,철도통합연표,역명변경(태릉→화랑대),,1958-01-01 00:00:00,미부착,,개방 가능,공공누리 1유형,,,O,,,,,단순 정보,
962,철도산업정보센터,HOME > 철도역사관 > 철도통합연표,철도통합연표,역사신축 이전,,1958-01-01 00:00:00,미부착,,개방 가능,공공누리 1유형,,,O,,,,,단순 정보,
963,철도산업정보센터,HOME > 철도역사관 > 철도통합연표,철도통합연표,무배치간이역으로 영업개시,,1958-01-10 00:00:00,미부착,,개방 가능,공공누리 1유형,,,O,,,,,단순 정보,
964,철도산업정보센터,HOME > 철도역사관 > 철도통합연표,철도통합연표,배치간이역으로 승격,,1958-02-01 00:00:00,미부착,,개방 가능,공공누리 1유형,,,O,,,,,단순 정보,
965,철도산업정보센터,HOME > 철도역사관 > 철도통합연표,철도통합연표,역사신축 착공,,1958-04-23 00:00:00,미부착,,개방 가능,공공누리 1유형,,,O,,,,,단순 정보,
966,철도산업정보센터,HOME > 철도역사관 > 철도통합연표,철도통합연표,배치간이역으로 승격,,1958-04-25 00:00:00,미부착,,개방 가능,공공누리 1유형,,,O,,,,,단순 정보,
967,철도산업정보센터,HOME > 철도역사관 > 철도통합연표,철도통합연표,역사신축 착공,,1958-04-28 00:00:00,미부착,,개방 가능,공공누리 1유형,,,O,,,,,단순 정보,
968,철도산업정보센터,HOME > 철도역사관 > 철도통합연표,철도통합연표,무배치간이역으로 부활,,1958-04-29 00:00:00,미부착,,개방 가능,공공누리 1유형,,,O,,,,,단순 정보,
969,철도산업정보센터,HOME > 철도역사관 > 철도통합연표,철도통합연표,무배치 간이역으로 영업개시,,1958-05-01 00:00:00,미부착,,개방 가능,공공누리 1유형,,,O,,,,,단순 정보,
970,철도산업정보센터,HOME > 철도역사관 > 철도통합연표,철도통합연표,역사 신축 착공,,1958-05-10 00:00:00,미부착,,개방 가능,공공누리 1유형,,,O,,,,,단순 정보,
971,철도산업정보센터,HOME > 철도역사관 > 철도통합연표,철도통합연표,채운~강경 간 3.2km 완공,,1958-05-15 00:00:00,미부착,,개방 가능,공공누리 1유형,,,O,,,,,단순 정보,
972,철도산업정보센터,HOME > 철도역사관 > 철도통합연표,철도통합연표,보통역으로 영업개시,,1958-05-15 00:00:00,미부착,,개방 가능,공공누리 1유형,,,O,,,,,단순 정보,
973,철도산업정보센터,HOME > 철도역사관 > 철도통합연표,철도통합연표,충주~봉안간 35.2km 영업 개시.,,1958-05-15 00:00:00,미부착,,개방 가능,공공누리 1유형,,,O,,,,,단순 정보,
974,철도산업정보센터,HOME > 철도역사관 > 철도통합연표,철도통합연표,무배치간이역으로 영업재개,,1958-05-21 00:00:00,미부착,,개방 가능,공공누리 1유형,,,O,,,,,단순 정보,
975,철도산업정보센터,HOME > 철도역사관 > 철도통합연표,철도통합연표,역사 신축 착공,,1958-05-23 00:00:00,미부착,,개방 가능,공공누리 1유형,,,O,,,,,단순 정보,
976,철도산업정보센터,HOME > 철도역사관 > 철도통합연표,철도통합연표,현재의 역사준공.,,1958-06-10 00:00:00,미부착,,개방 가능,공공누리 1유형,,,O,,,,,단순 정보,
977,철도산업정보센터,HOME > 철도역사관 > 철도통합연표,철도통합연표,역사준공,,1958-06-13 00:00:00,미부착,,개방 가능,공공누리 1유형,,,O,,,,,단순 정보,
978,철도산업정보센터,HOME > 철도역사관 > 철도통합연표,철도통합연표,역사준공,,1958-06-14 00:00:00,미부착,,개방 가능,공공누리 1유형,,,O,,,,,단순 정보,
979,철도산업정보센터,HOME > 철도역사관 > 철도통합연표,철도통합연표,역사준공,,1958-06-16 00:00:00,미부착,,개방 가능,공공누리 1유형,,,O,,,,,단순 정보,
980,철도산업정보센터,HOME > 철도역사관 > 철도통합연표,철도통합연표,역사신축,,1958-06-20 00:00:00,미부착,,개방 가능,공공누리 1유형,,,O,,,,,단순 정보,
981,철도산업정보센터,HOME > 철도역사관 > 철도통합연표,철도통합연표,역사준공,,1958-06-21 00:00:00,미부착,,개방 가능,공공누리 1유형,,,O,,,,,단순 정보,
982,철도산업정보센터,HOME > 철도역사관 > 철도통합연표,철도통합연표,현재의 역사준공,,1958-06-21 00:00:00,미부착,,개방 가능,공공누리 1유형,,,O,,,,,단순 정보,
983,철도산업정보센터,HOME > 철도역사관 > 철도통합연표,철도통합연표,역사준공,,1958-06-25 00:00:00,미부착,,개방 가능,공공누리 1유형,,,O,,,,,단순 정보,
984,철도산업정보센터,HOME > 철도역사관 > 철도통합연표,철도통합연표,구역사 준공,,1958-06-29 00:00:00,미부착,,개방 가능,공공누리 1유형,,,O,,,,,단순 정보,
985,철도산업정보센터,HOME > 철도역사관 > 철도통합연표,철도통합연표,현재역사준공,,1958-07-19 00:00:00,미부착,,개방 가능,공공누리 1유형,,,O,,,,,단순 정보,
986,철도산업정보센터,HOME > 철도역사관 > 철도통합연표,철도통합연표,역사 준공,,1958-07-22 00:00:00,미부착,,개방 가능,공공누리 1유형,,,O,,,,,단순 정보,
987,철도산업정보센터,HOME > 철도역사관 > 철도통합연표,철도통합연표,역사준공,,1958-07-31 00:00:00,미부착,,개방 가능,공공누리 1유형,,,O,,,,,단순 정보,
988,철도산업정보센터,HOME > 철도역사관 > 철도통합연표,철도통합연표,역사준공,,1958-08-01 00:00:00,미부착,,개방 가능,공공누리 1유형,,,O,,,,,단순 정보,
989,철도산업정보센터,HOME > 철도역사관 > 철도통합연표,철도통합연표,역사신축 착공,,1958-08-06 00:00:00,미부착,,개방 가능,공공누리 1유형,,,O,,,,,단순 정보,
990,철도산업정보센터,HOME > 철도역사관 > 철도통합연표,철도통합연표,현재의 역사 준공,,1958-08-08 00:00:00,미부착,,개방 가능,공공누리 1유형,,,O,,,,,단순 정보,
991,철도산업정보센터,HOME > 철도역사관 > 철도통합연표,철도통합연표,역사 준공,,1958-08-13 00:00:00,미부착,,개방 가능,공공누리 1유형,,,O,,,,,단순 정보,
992,철도산업정보센터,HOME > 철도역사관 > 철도통합연표,철도통합연표,역사준공,,1958-08-18 00:00:00,미부착,,개방 가능,공공누리 1유형,,,O,,,,,단순 정보,
993,철도산업정보센터,HOME > 철도역사관 > 철도통합연표,철도통합연표,역사준공.,,1958-08-19 00:00:00,미부착,,개방 가능,공공누리 1유형,,,O,,,,,단순 정보,
994,철도산업정보센터,HOME > 철도역사관 > 철도통합연표,철도통합연표,보통역으로 승격,,1958-09-11 00:00:00,미부착,,개방 가능,공공누리 1유형,,,O,,,,,단순 정보,
995,철도산업정보센터,HOME > 철도역사관 > 철도통합연표,철도통합연표,현재의 역사준공.,,1958-09-16 00:00:00,미부착,,개방 가능,공공누리 1유형,,,O,,,,,단순 정보,
996,철도산업정보센터,HOME > 철도역사관 > 철도통합연표,철도통합연표,역사준공.,,1958-10-02 00:00:00,미부착,,개방 가능,공공누리 1유형,,,O,,,,,단순 정보,
997,철도산업정보센터,HOME > 철도역사관 > 철도통합연표,철도통합연표,현재의 역사 신축,,1958-10-08 00:00:00,미부착,,개방 가능,공공누리 1유형,,,O,,,,,단순 정보,
998,철도산업정보센터,HOME > 철도역사관 > 철도통합연표,철도통합연표,역사준공,,1958-10-13 00:00:00,미부착,,개방 가능,공공누리 1유형,,,O,,,,,단순 정보,
999,철도산업정보센터,HOME > 철도역사관 > 철도통합연표,철도통합연표,현재의 역사준공,,1958-10-16 00:00:00,미부착,,개방 가능,공공누리 1유형,,,O,,,,,단순 정보,
1000,철도산업정보센터,HOME > 철도역사관 > 철도통합연표,철도통합연표,역사준공,,1958-10-22 00:00:00,미부착,,개방 가능,공공누리 1유형,,,O,,,,,단순 정보,
1001,철도산업정보센터,HOME > 철도역사관 > 철도통합연표,철도통합연표,역사준공,,1958-10-25 00:00:00,미부착,,개방 가능,공공누리 1유형,,,O,,,,,단순 정보,
1002,철도산업정보센터,HOME > 철도역사관 > 철도통합연표,철도통합연표,역사 신축준공,,1958-10-30 00:00:00,미부착,,개방 가능,공공누리 1유형,,,O,,,,,단순 정보,
1003,철도산업정보센터,HOME > 철도역사관 > 철도통합연표,철도통합연표,보통역으로 승격,,1958-11-01 00:00:00,미부착,,개방 가능,공공누리 1유형,,,O,,,,,단순 정보,
1004,철도산업정보센터,HOME > 철도역사관 > 철도통합연표,철도통합연표,역명 개정(운암→북광주),,1958-11-01 00:00:00,미부착,,개방 가능,공공누리 1유형,,,O,,,,,단순 정보,
1005,철도산업정보센터,HOME > 철도역사관 > 철도통합연표,철도통합연표,배치간이역으로 승격,,1958-11-01 00:00:00,미부착,,개방 가능,공공누리 1유형,,,O,,,,,단순 정보,
1006,철도산업정보센터,HOME > 철도역사관 > 철도통합연표,철도통합연표,역사 신축착공,,1958-11-08 00:00:00,미부착,,개방 가능,공공누리 1유형,,,O,,,,,단순 정보,
1007,철도산업정보센터,HOME > 철도역사관 > 철도통합연표,철도통합연표,역사신축 착공,,1958-11-08 00:00:00,미부착,,개방 가능,공공누리 1유형,,,O,,,,,단순 정보,
1008,철도산업정보센터,HOME > 철도역사관 > 철도통합연표,철도통합연표,역사 신축 착공,,1958-11-23 00:00:00,미부착,,개방 가능,공공누리 1유형,,,O,,,,,단순 정보,
1009,철도산업정보센터,HOME > 철도역사관 > 철도통합연표,철도통합연표,역사준공,,1958-12-01 00:00:00,미부착,,개방 가능,공공누리 1유형,,,O,,,,,단순 정보,
1010,철도산업정보센터,HOME > 철도역사관 > 철도통합연표,철도통합연표,역사준공,,1958-12-18 00:00:00,미부착,,개방 가능,공공누리 1유형,,,O,,,,,단순 정보,
1011,철도산업정보센터,HOME > 철도역사관 > 철도통합연표,철도통합연표,역사 준공,,1958-12-24 00:00:00,미부착,,개방 가능,공공누리 1유형,,,O,,,,,단순 정보,
1012,철도산업정보센터,HOME > 철도역사관 > 철도통합연표,철도통합연표,역사준공,,1958-12-26 00:00:00,미부착,,개방 가능,공공누리 1유형,,,O,,,,,단순 정보,
1013,철도산업정보센터,HOME > 철도역사관 > 철도통합연표,철도통합연표,역사준공,,1958-12-28 00:00:00,미부착,,개방 가능,공공누리 1유형,,,O,,,,,단순 정보,
1014,철도산업정보센터,HOME > 철도역사관 > 철도통합연표,철도통합연표,현재의 역사 준공.,,1958-12-28 00:00:00,미부착,,개방 가능,공공누리 1유형,,,O,,,,,단순 정보,
1015,철도산업정보센터,HOME > 철도역사관 > 철도통합연표,철도통합연표,역사신축 준공,,1958-12-28 00:00:00,미부착,,개방 가능,공공누리 1유형,,,O,,,,,단순 정보,
1016,철도산업정보센터,HOME > 철도역사관 > 철도통합연표,철도통합연표,역사준공,,1958-12-30 00:00:00,미부착,,개방 가능,공공누리 1유형,,,O,,,,,단순 정보,
1017,철도산업정보센터,HOME > 철도역사관 > 철도통합연표,철도통합연표,현재의 역사 준공,,1958-12-30 00:00:00,미부착,,개방 가능,공공누리 1유형,,,O,,,,,단순 정보,
1018,철도산업정보센터,HOME > 철도역사관 > 철도통합연표,철도통합연표,역사복구준공,,1958-12-30 00:00:00,미부착,,개방 가능,공공누리 1유형,,,O,,,,,단순 정보,
1019,철도산업정보센터,HOME > 철도역사관 > 철도통합연표,철도통합연표,역사준공,,1958-12-30 00:00:00,미부착,,개방 가능,공공누리 1유형,,,O,,,,,단순 정보,
1020,철도산업정보센터,HOME > 철도역사관 > 철도통합연표,철도통합연표,역사준공,,1958-12-31 00:00:00,미부착,,개방 가능,공공누리 1유형,,,O,,,,,단순 정보,
1021,철도산업정보센터,HOME > 철도역사관 > 철도통합연표,철도통합연표,역사신축,,1958-12-31 00:00:00,미부착,,개방 가능,공공누리 1유형,,,O,,,,,단순 정보,
1022,철도산업정보센터,HOME > 철도역사관 > 철도통합연표,철도통합연표,보통역으로 영업개시,,1959-01-01 00:00:00,미부착,,개방 가능,공공누리 1유형,,,O,,,,,단순 정보,
1023,철도산업정보센터,HOME > 철도역사관 > 철도통합연표,철도통합연표,영업개시,,1959-01-01 00:00:00,미부착,,개방 가능,공공누리 1유형,,,O,,,,,단순 정보,
1024,철도산업정보센터,HOME > 철도역사관 > 철도통합연표,철도통합연표,보통역으로 영업개시,,1959-01-01 00:00:00,미부착,,개방 가능,공공누리 1유형,,,O,,,,,단순 정보,
1025,철도산업정보센터,HOME > 철도역사관 > 철도통합연표,철도통합연표,역사준공,,1959-01-01 00:00:00,미부착,,개방 가능,공공누리 1유형,,,O,,,,,단순 정보,
1026,철도산업정보센터,HOME > 철도역사관 > 철도통합연표,철도통합연표,역사신축준공,,1959-02-01 00:00:00,미부착,,개방 가능,공공누리 1유형,,,O,,,,,단순 정보,
1027,철도산업정보센터,HOME > 철도역사관 > 철도통합연표,철도통합연표,역명변경(은성→가은),,1959-02-01 00:00:00,미부착,,개방 가능,공공누리 1유형,,,O,,,,,단순 정보,
1028,철도산업정보센터,HOME > 철도역사관 > 철도통합연표,철도통합연표,"은성역, 가은역으로 개칭. ",,1959-02-01 00:00:00,미부착,,개방 가능,공공누리 1유형,,,O,,,,,단순 정보,
1029,철도산업정보센터,HOME > 철도역사관 > 철도통합연표,철도통합연표,무배치간이역으로 영업개시,,1959-03-01 00:00:00,미부착,,개방 가능,공공누리 1유형,,,O,,,,,단순 정보,
1030,철도산업정보센터,HOME > 철도역사관 > 철도통합연표,철도통합연표,무배치간이역으로 영업개시,,1959-04-21 00:00:00,미부착,,개방 가능,공공누리 1유형,,,O,,,,,단순 정보,
1031,철도산업정보센터,HOME > 철도역사관 > 철도통합연표,철도통합연표,무배치간이역으로 영업개시(여객취급 한),,1959-06-21 00:00:00,미부착,,개방 가능,공공누리 1유형,,,O,,,,,단순 정보,
1032,철도산업정보센터,HOME > 철도역사관 > 철도통합연표,철도통합연표,무배치간이역으로 영업개시,,1959-06-21 00:00:00,미부착,,개방 가능,공공누리 1유형,,,O,,,,,단순 정보,
1033,철도산업정보센터,HOME > 철도역사관 > 철도통합연표,철도통합연표,운전간이역으로 영업개시,,1959-07-01 00:00:00,미부착,,개방 가능,공공누리 1유형,,,O,,,,,단순 정보,
1034,철도산업정보센터,HOME > 철도역사관 > 철도통합연표,철도통합연표,무배치간이역으로 영업개시,,1959-07-11 00:00:00,미부착,,개방 가능,공공누리 1유형,,,O,,,,,단순 정보,
1035,철도산업정보센터,HOME > 철도역사관 > 철도통합연표,철도통합연표,무배치간이역으로 영업재개,,1959-07-15 00:00:00,미부착,,개방 가능,공공누리 1유형,,,O,,,,,단순 정보,
1036,철도산업정보센터,HOME > 철도역사관 > 철도통합연표,철도통합연표,을종승차권대매소로 지정,,1959-07-15 00:00:00,미부착,,개방 가능,공공누리 1유형,,,O,,,,,단순 정보,
1037,철도산업정보센터,HOME > 철도역사관 > 철도통합연표,철도통합연표,현재의 역사 준공.,,1959-08-01 00:00:00,미부착,,개방 가능,공공누리 1유형,,,O,,,,,단순 정보,
1038,철도산업정보센터,HOME > 철도역사관 > 철도통합연표,철도통합연표,보통역으로 승격,,1959-08-10 00:00:00,미부착,,개방 가능,공공누리 1유형,,,O,,,,,단순 정보,
1039,철도산업정보센터,HOME > 철도역사관 > 철도통합연표,철도통합연표,보통역으로 승격,,1959-08-15 00:00:00,미부착,,개방 가능,공공누리 1유형,,,O,,,,,단순 정보,
1040,철도산업정보센터,HOME > 철도역사관 > 철도통합연표,철도통합연표,보통역으로 승격,,1959-09-18 00:00:00,미부착,,개방 가능,공공누리 1유형,,,O,,,,,단순 정보,
1041,철도산업정보센터,HOME > 철도역사관 > 철도통합연표,철도통합연표,역사신축.,,1959-11-06 00:00:00,미부착,,개방 가능,공공누리 1유형,,,O,,,,,단순 정보,
1042,철도산업정보센터,HOME > 철도역사관 > 철도통합연표,철도통합연표,보통역으로 영업개시,,1959-12-01 00:00:00,미부착,,개방 가능,공공누리 1유형,,,O,,,,,단순 정보,
1043,철도산업정보센터,HOME > 철도역사관 > 철도통합연표,철도통합연표,구내확장,,1959-12-16 00:00:00,미부착,,개방 가능,공공누리 1유형,,,O,,,,,단순 정보,
1044,철도산업정보센터,HOME > 철도역사관 > 철도통합연표,철도통합연표,일반차급화물 취급개시,,1960-01-01 00:00:00,미부착,,개방 가능,공공누리 1유형,,,O,,,,,단순 정보,
1045,철도산업정보센터,HOME > 철도역사관 > 철도통합연표,철도통합연표,배치간이역으로 승격,,1960-01-20 00:00:00,미부착,,개방 가능,공공누리 1유형,,,O,,,,,단순 정보,
1046,철도산업정보센터,HOME > 철도역사관 > 철도통합연표,철도통합연표,보통역으로 승격,,1960-02-01 00:00:00,미부착,,개방 가능,공공누리 1유형,,,O,,,,,단순 정보,
1047,철도산업정보센터,HOME > 철도역사관 > 철도통합연표,철도통합연표,동해북부선 북평~경포대간 착공.,,1960-02-07 00:00:00,미부착,,개방 가능,공공누리 1유형,,,O,,,,,단순 정보,
1048,철도산업정보센터,HOME > 철도역사관 > 철도통합연표,철도통합연표,무배치간이역으로 영업개시,,1960-02-21 00:00:00,미부착,,개방 가능,공공누리 1유형,,,O,,,,,단순 정보,
1049,철도산업정보센터,HOME > 철도역사관 > 철도통합연표,철도통합연표,역사 신축 착공,,1960-03-03 00:00:00,미부착,,개방 가능,공공누리 1유형,,,O,,,,,단순 정보,
1050,철도산업정보센터,HOME > 철도역사관 > 철도통합연표,철도통합연표,역사신축 착공,,1960-03-08 00:00:00,미부착,,개방 가능,공공누리 1유형,,,O,,,,,단순 정보,
1051,철도산업정보센터,HOME > 철도역사관 > 철도통합연표,철도통합연표,무배치간이역으로 영업개시(내구역),,1960-03-11 00:00:00,미부착,,개방 가능,공공누리 1유형,,,O,,,,,단순 정보,
1052,철도산업정보센터,HOME > 철도역사관 > 철도통합연표,철도통합연표,무배치간이역으로 영업재개(간치역관리),,1960-03-11 00:00:00,미부착,,개방 가능,공공누리 1유형,,,O,,,,,단순 정보,
1053,철도산업정보센터,HOME > 철도역사관 > 철도통합연표,철도통합연표,서강~신촌(1.6km)간 선로 철거,,1960-04-01 00:00:00,미부착,,개방 가능,공공누리 1유형,,,O,,,,,단순 정보,
1054,철도산업정보센터,HOME > 철도역사관 > 철도통합연표,철도통합연표,현재의 역사준공,,1960-05-01 00:00:00,미부착,,개방 가능,공공누리 1유형,,,O,,,,,단순 정보,
1055,철도산업정보센터,HOME > 철도역사관 > 철도통합연표,철도통합연표,배치간이역으로 승격,,1960-05-15 00:00:00,미부착,,개방 가능,공공누리 1유형,,,O,,,,,단순 정보,
1056,철도산업정보센터,HOME > 철도역사관 > 철도통합연표,철도통합연표,무배치간이역으로 영업개시(이원역관리),,1960-05-16 00:00:00,미부착,,개방 가능,공공누리 1유형,,,O,,,,,단순 정보,
1057,철도산업정보센터,HOME > 철도역사관 > 철도통합연표,철도통합연표,배치간이역으로 승격,,1960-05-25 00:00:00,미부착,,개방 가능,공공누리 1유형,,,O,,,,,단순 정보,
1058,철도산업정보센터,HOME > 철도역사관 > 철도통합연표,철도통합연표,보통역으로 승격,,1960-06-10 00:00:00,미부착,,개방 가능,공공누리 1유형,,,O,,,,,단순 정보,
1059,철도산업정보센터,HOME > 철도역사관 > 철도통합연표,철도통합연표,역사 신축 착공,,1960-06-20 00:00:00,미부착,,개방 가능,공공누리 1유형,,,O,,,,,단순 정보,
1060,철도산업정보센터,HOME > 철도역사관 > 철도통합연표,철도통합연표,현재의 역사준공.,,1960-06-30 00:00:00,미부착,,개방 가능,공공누리 1유형,,,O,,,,,단순 정보,
1061,철도산업정보센터,HOME > 철도역사관 > 철도통합연표,철도통합연표,역사준공,,1960-07-04 00:00:00,미부착,,개방 가능,공공누리 1유형,,,O,,,,,단순 정보,
1062,철도산업정보센터,HOME > 철도역사관 > 철도통합연표,철도통합연표,배치간이역으로 격하,,1960-07-15 00:00:00,미부착,,개방 가능,공공누리 1유형,,,O,,,,,단순 정보,
1063,철도산업정보센터,HOME > 철도역사관 > 철도통합연표,철도통합연표,을종승차권대매소로 지정,,1960-08-01 00:00:00,미부착,,개방 가능,공공누리 1유형,,,O,,,,,단순 정보,
1064,철도산업정보센터,HOME > 철도역사관 > 철도통합연표,철도통합연표,영업개시,,1960-08-21 00:00:00,미부착,,개방 가능,공공누리 1유형,,,O,,,,,단순 정보,
1065,철도산업정보센터,HOME > 철도역사관 > 철도통합연표,철도통합연표,역사준공,,1960-08-25 00:00:00,미부착,,개방 가능,공공누리 1유형,,,O,,,,,단순 정보,
1066,철도산업정보센터,HOME > 철도역사관 > 철도통합연표,철도통합연표,현재의 역사 준공,,1960-09-17 00:00:00,미부착,,개방 가능,공공누리 1유형,,,O,,,,,단순 정보,
1067,철도산업정보센터,HOME > 철도역사관 > 철도통합연표,철도통합연표,현재의 역사 준공.,,1960-10-05 00:00:00,미부착,,개방 가능,공공누리 1유형,,,O,,,,,단순 정보,
1068,철도산업정보센터,HOME > 철도역사관 > 철도통합연표,철도통합연표,사무관역으로 승격,,1960-10-21 00:00:00,미부착,,개방 가능,공공누리 1유형,,,O,,,,,단순 정보,
1069,철도산업정보센터,HOME > 철도역사관 > 철도통합연표,철도통합연표,현재의 역사준공.,,1960-10-30 00:00:00,미부착,,개방 가능,공공누리 1유형,,,O,,,,,단순 정보,
1070,철도산업정보센터,HOME > 철도역사관 > 철도통합연표,철도통합연표,운전간이역으로 승격,,1960-12-11 00:00:00,미부착,,개방 가능,공공누리 1유형,,,O,,,,,단순 정보,
1071,철도산업정보센터,HOME > 철도역사관 > 철도통합연표,철도통합연표,무배치간이역으로 영업개시,,1960-12-23 00:00:00,미부착,,개방 가능,공공누리 1유형,,,O,,,,,단순 정보,
1072,철도산업정보센터,HOME > 철도역사관 > 철도통합연표,철도통합연표,영업개시,,1960-12-25 00:00:00,미부착,,개방 가능,공공누리 1유형,,,O,,,,,단순 정보,
1073,철도산업정보센터,HOME > 철도역사관 > 철도통합연표,철도통합연표,능곡-가능 구간 개통,,1961-00-00,미부착,,개방 가능,공공누리 1유형,,,O,,,,,단순 정보,
1074,철도산업정보센터,HOME > 철도역사관 > 철도통합연표,철도통합연표,무배치간이역으로 영업개시(통제부역),,1961-01-01 00:00:00,미부착,,개방 가능,공공누리 1유형,,,O,,,,,단순 정보,
1075,철도산업정보센터,HOME > 철도역사관 > 철도통합연표,철도통합연표,역사 신축 착공,,1961-03-12 00:00:00,미부착,,개방 가능,공공누리 1유형,,,O,,,,,단순 정보,
1076,철도산업정보센터,HOME > 철도역사관 > 철도통합연표,철도통합연표,용원역 개역.,,1961-04-01 00:00:00,미부착,,개방 가능,공공누리 1유형,,,O,,,,,단순 정보,
1077,철도산업정보센터,HOME > 철도역사관 > 철도통합연표,철도통합연표,여객 취급 중지.,,1961-05-05 00:00:00,미부착,,개방 가능,공공누리 1유형,,,O,,,,,단순 정보,
1078,철도산업정보센터,HOME > 철도역사관 > 철도통합연표,철도통합연표,배치간이역으로 영업개시,,1961-05-05 00:00:00,미부착,,개방 가능,공공누리 1유형,,,O,,,,,단순 정보,
1079,철도산업정보센터,HOME > 철도역사관 > 철도통합연표,철도통합연표,보통역으로 영업개시,,1961-05-05 00:00:00,미부착,,개방 가능,공공누리 1유형,,,O,,,,,단순 정보,
1080,철도산업정보센터,HOME > 철도역사관 > 철도통합연표,철도통합연표,신호소로 개역,,1961-05-05 00:00:00,미부착,,개방 가능,공공누리 1유형,,,O,,,,,단순 정보,
1081,철도산업정보센터,HOME > 철도역사관 > 철도통합연표,철도통합연표,"북평-옥계간 개통으로 소화물, 여객취급 중지",,1961-05-05 00:00:00,미부착,,개방 가능,공공누리 1유형,,,O,,,,,단순 정보,
1082,철도산업정보센터,HOME > 철도역사관 > 철도통합연표,철도통합연표,무배치간이역으로 영업개시,,1961-05-10 00:00:00,미부착,,개방 가능,공공누리 1유형,,,O,,,,,단순 정보,
1083,철도산업정보센터,HOME > 철도역사관 > 철도통합연표,철도통합연표,역사준공,,1961-05-30 00:00:00,미부착,,개방 가능,공공누리 1유형,,,O,,,,,단순 정보,
1084,철도산업정보센터,HOME > 철도역사관 > 철도통합연표,철도통합연표,역사신축,,1961-06-15 00:00:00,미부착,,개방 가능,공공누리 1유형,,,O,,,,,단순 정보,
1085,철도산업정보센터,HOME > 철도역사관 > 철도통합연표,철도통합연표,영업중지,,1961-06-20 00:00:00,미부착,,개방 가능,공공누리 1유형,,,O,,,,,단순 정보,
1086,철도산업정보센터,HOME > 철도역사관 > 철도통합연표,철도통합연표,영업중지,,1961-06-20 00:00:00,미부착,,개방 가능,공공누리 1유형,,,O,,,,,단순 정보,
1087,철도산업정보센터,HOME > 철도역사관 > 철도통합연표,철도통합연표,영업중지,,1961-06-20 00:00:00,미부착,,개방 가능,공공누리 1유형,,,O,,,,,단순 정보,
1088,철도산업정보센터,HOME > 철도역사관 > 철도통합연표,철도통합연표,영업중지,,1961-06-20 00:00:00,미부착,,개방 가능,공공누리 1유형,,,O,,,,,단순 정보,
1089,철도산업정보센터,HOME > 철도역사관 > 철도통합연표,철도통합연표,보통역으로 영업개시,,1961-07-10 00:00:00,미부착,,개방 가능,공공누리 1유형,,,O,,,,,단순 정보,
1090,철도산업정보센터,HOME > 철도역사관 > 철도통합연표,철도통합연표,영업개시,,1961-07-10 00:00:00,미부착,,개방 가능,공공누리 1유형,,,O,,,,,단순 정보,
1091,철도산업정보센터,HOME > 철도역사관 > 철도통합연표,철도통합연표,보통역으로 영업개시,,1961-07-10 00:00:00,미부착,,개방 가능,공공누리 1유형,,,O,,,,,단순 정보,
1092,철도산업정보센터,HOME > 철도역사관 > 철도통합연표,철도통합연표,무배치간이역으로 격하,,1961-07-31 00:00:00,미부착,,개방 가능,공공누리 1유형,,,O,,,,,단순 정보,
1093,철도산업정보센터,HOME > 철도역사관 > 철도통합연표,철도통합연표,배치간이역으로 승격,,1961-07-31 00:00:00,미부착,,개방 가능,공공누리 1유형,,,O,,,,,단순 정보,
1094,철도산업정보센터,HOME > 철도역사관 > 철도통합연표,철도통합연표,배치간이역으로 격하,,1961-08-01 00:00:00,미부착,,개방 가능,공공누리 1유형,,,O,,,,,단순 정보,
1095,철도산업정보센터,HOME > 철도역사관 > 철도통합연표,철도통합연표,황지지선 백산~황지간 착공.,,1961-08-08 00:00:00,미부착,,개방 가능,공공누리 1유형,,,O,,,,,단순 정보,
1096,철도산업정보센터,HOME > 철도역사관 > 철도통합연표,철도통합연표,구역사 준공,,1961-10-30 00:00:00,미부착,,개방 가능,공공누리 1유형,,,O,,,,,단순 정보,
1097,철도산업정보센터,HOME > 철도역사관 > 철도통합연표,철도통합연표,해병대 전용선 부설,,1961-11-02 00:00:00,미부착,,개방 가능,공공누리 1유형,,,O,,,,,단순 정보,
1098,철도산업정보센터,HOME > 철도역사관 > 철도통합연표,철도통합연표,역사증축,,1961-11-03 00:00:00,미부착,,개방 가능,공공누리 1유형,,,O,,,,,단순 정보,
1099,철도산업정보센터,HOME > 철도역사관 > 철도통합연표,철도통합연표,현재역사 준공,,1961-11-09 00:00:00,미부착,,개방 가능,공공누리 1유형,,,O,,,,,단순 정보,
1100,철도산업정보센터,HOME > 철도역사관 > 철도통합연표,철도통합연표,5급역으로 승격,,1961-11-16 00:00:00,미부착,,개방 가능,공공누리 1유형,,,O,,,,,단순 정보,
1101,철도산업정보센터,HOME > 철도역사관 > 철도통합연표,철도통합연표,"자동식교환기(DDD방식) 개통 (서울, 대전, 부산, 순천, 묵호, 안동 6개 전국지방철도국소재지)",,1961-12-11 00:00:00,미부착,,개방 가능,공공누리 1유형,,,O,,,,,단순 정보,
1102,철도산업정보센터,HOME > 철도역사관 > 철도통합연표,철도통합연표,현재의 역사신축.,,1961-12-30 00:00:00,미부착,,개방 가능,공공누리 1유형,,,O,,,,,단순 정보,
1103,철도산업정보센터,HOME > 철도역사관 > 철도통합연표,철도통합연표,중앙선과의 연결을 위해 복구 공사 진행. 영주~김천 전구간 개통,,1962-00-00,미부착,,개방 가능,공공누리 1유형,,,O,,,,,단순 정보,
1104,철도산업정보센터,HOME > 철도역사관 > 철도통합연표,철도통합연표,서기관역으로 승격,,1962-01-11 00:00:00,미부착,,개방 가능,공공누리 1유형,,,O,,,,,단순 정보,
1105,철도산업정보센터,HOME > 철도역사관 > 철도통합연표,철도통합연표,화재로 역사 소실,,1962-02-12 00:00:00,미부착,,개방 가능,공공누리 1유형,,,O,,,,,단순 정보,
1106,철도산업정보센터,HOME > 철도역사관 > 철도통합연표,철도통합연표,정선선 예미~정선간 착공.,,1962-05-10 00:00:00,미부착,,개방 가능,공공누리 1유형,,,O,,,,,단순 정보,
1107,철도산업정보센터,HOME > 철도역사관 > 철도통합연표,철도통합연표,정선선 예미~정선간 착공.,,1962-05-10 00:00:00,미부착,,개방 가능,공공누리 1유형,,,O,,,,,단순 정보,
1108,철도산업정보센터,HOME > 철도역사관 > 철도통합연표,철도통합연표,정선선 예미~정선간 착공.,,1962-05-10 00:00:00,미부착,,개방 가능,공공누리 1유형,,,O,,,,,단순 정보,
1109,철도산업정보센터,HOME > 철도역사관 > 철도통합연표,철도통합연표,보통역으로 승격.,,1962-05-10 00:00:00,미부착,,개방 가능,공공누리 1유형,,,O,,,,,단순 정보,
1110,철도산업정보센터,HOME > 철도역사관 > 철도통합연표,철도통합연표,고한선 증산~고한간 착공.,,1962-05-18 00:00:00,미부착,,개방 가능,공공누리 1유형,,,O,,,,,단순 정보,
1111,철도산업정보센터,HOME > 철도역사관 > 철도통합연표,철도통합연표,역사신축 착공,,1962-08-06 00:00:00,미부착,,개방 가능,공공누리 1유형,,,O,,,,,단순 정보,
1112,철도산업정보센터,HOME > 철도역사관 > 철도통합연표,철도통합연표,역사준공,,1962-08-09 00:00:00,미부착,,개방 가능,공공누리 1유형,,,O,,,,,단순 정보,
1113,철도산업정보센터,HOME > 철도역사관 > 철도통합연표,철도통합연표,역사 신축 착공,,1962-09-04 00:00:00,미부착,,개방 가능,공공누리 1유형,,,O,,,,,단순 정보,
1114,철도산업정보센터,HOME > 철도역사관 > 철도통합연표,철도통합연표,미군기지창 전용선 부설,,1962-09-15 00:00:00,미부착,,개방 가능,공공누리 1유형,,,O,,,,,단순 정보,
1115,철도산업정보센터,HOME > 철도역사관 > 철도통합연표,철도통합연표,역사신축,,1962-10-26 00:00:00,미부착,,개방 가능,공공누리 1유형,,,O,,,,,단순 정보,
1116,철도산업정보센터,HOME > 철도역사관 > 철도통합연표,철도통합연표,묵호~경포대간 44.6km 완공. (당시 명칭 동해북부선),,1962-10-31 00:00:00,미부착,,개방 가능,공공누리 1유형,,,O,,,,,단순 정보,
1117,철도산업정보센터,HOME > 철도역사관 > 철도통합연표,철도통합연표,역사신축 준공,,1962-11-03 00:00:00,미부착,,개방 가능,공공누리 1유형,,,O,,,,,단순 정보,
1118,철도산업정보센터,HOME > 철도역사관 > 철도통합연표,철도통합연표,북평~경포대간 50.3km 완공.,,1962-11-06 00:00:00,미부착,,개방 가능,공공누리 1유형,,,O,,,,,단순 정보,
1119,철도산업정보센터,HOME > 철도역사관 > 철도통합연표,철도통합연표,보통역으로 영업개시,,1962-11-06 00:00:00,미부착,,개방 가능,공공누리 1유형,,,O,,,,,단순 정보,
1120,철도산업정보센터,HOME > 철도역사관 > 철도통합연표,철도통합연표,보통역으로 영업개시,,1962-11-06 00:00:00,미부착,,개방 가능,공공누리 1유형,,,O,,,,,단순 정보,
1121,철도산업정보센터,HOME > 철도역사관 > 철도통합연표,철도통합연표,역사 신축착공,,1962-11-09 00:00:00,미부착,,개방 가능,공공누리 1유형,,,O,,,,,단순 정보,
1122,철도산업정보센터,HOME > 철도역사관 > 철도통합연표,철도통합연표,현재의 역사준공.,,1962-11-11 00:00:00,미부착,,개방 가능,공공누리 1유형,,,O,,,,,단순 정보,
1123,철도산업정보센터,HOME > 철도역사관 > 철도통합연표,철도통합연표,현재의 역사 준공.,,1962-11-13 00:00:00,미부착,,개방 가능,공공누리 1유형,,,O,,,,,단순 정보,
1124,철도산업정보센터,HOME > 철도역사관 > 철도통합연표,철도통합연표,역사준공,,1962-11-20 00:00:00,미부착,,개방 가능,공공누리 1유형,,,O,,,,,단순 정보,
1125,철도산업정보센터,HOME > 철도역사관 > 철도통합연표,철도통합연표,현재의 역사신축.,,1962-11-25 00:00:00,미부착,,개방 가능,공공누리 1유형,,,O,,,,,단순 정보,
1126,철도산업정보센터,HOME > 철도역사관 > 철도통합연표,철도통합연표,황지지선 백산~황지간 9.0km 완공.,,1962-12-10 00:00:00,미부착,,개방 가능,공공누리 1유형,,,O,,,,,단순 정보,
1127,철도산업정보센터,HOME > 철도역사관 > 철도통합연표,철도통합연표,보통역으로 영업개시,,1962-12-10 00:00:00,미부착,,개방 가능,공공누리 1유형,,,O,,,,,단순 정보,
1128,철도산업정보센터,HOME > 철도역사관 > 철도통합연표,철도통합연표,황지역으로 영업개시,,1962-12-10 00:00:00,미부착,,개방 가능,공공누리 1유형,,,O,,,,,단순 정보,
1129,철도산업정보센터,HOME > 철도역사관 > 철도통합연표,철도통합연표,역사 준공,,1962-12-18 00:00:00,미부착,,개방 가능,공공누리 1유형,,,O,,,,,단순 정보,
1130,철도산업정보센터,HOME > 철도역사관 > 철도통합연표,철도통합연표,역을 현재의 위치로 이전하면서 역사준공. 화물취급 중지,,1962-12-20 00:00:00,미부착,,개방 가능,공공누리 1유형,,,O,,,,,단순 정보,
1131,철도산업정보센터,HOME > 철도역사관 > 철도통합연표,철도통합연표,역사 준공,,1962-12-30 00:00:00,미부착,,개방 가능,공공누리 1유형,,,O,,,,,단순 정보,
1132,철도산업정보센터,HOME > 철도역사관 > 철도통합연표,철도통합연표,가능-의정부 구간 개통,,1963-00-00,미부착,,개방 가능,공공누리 1유형,,,O,,,,,단순 정보,
1133,철도산업정보센터,HOME > 철도역사관 > 철도통합연표,철도통합연표,역사신축 착공,,1963-03-02 00:00:00,미부착,,개방 가능,공공누리 1유형,,,O,,,,,단순 정보,
1134,철도산업정보센터,HOME > 철도역사관 > 철도통합연표,철도통합연표,역명변경(연촌→성북),,1963-03-05 00:00:00,미부착,,개방 가능,공공누리 1유형,,,O,,,,,단순 정보,
1135,철도산업정보센터,HOME > 철도역사관 > 철도통합연표,철도통합연표,연촌역을 성북역으로 개칭,,1963-03-05 00:00:00,미부착,,개방 가능,공공누리 1유형,,,O,,,,,단순 정보,
1136,철도산업정보센터,HOME > 철도역사관 > 철도통합연표,철도통합연표,배치간이역으로 영업개시,,1963-05-01 00:00:00,미부착,,개방 가능,공공누리 1유형,,,O,,,,,단순 정보,
1137,철도산업정보센터,HOME > 철도역사관 > 철도통합연표,철도통합연표,현재의 역사준공,,1963-05-10 00:00:00,미부착,,개방 가능,공공누리 1유형,,,O,,,,,단순 정보,
1138,철도산업정보센터,HOME > 철도역사관 > 철도통합연표,철도통합연표,"철암선, 영암선, 동해북부선 구간을 통합하여 영동선으로 명명",,1963-05-17 00:00:00,미부착,,개방 가능,공공누리 1유형,,,O,,,,,단순 정보,
1139,철도산업정보센터,HOME > 철도역사관 > 철도통합연표,철도통합연표,역 폐지,,1963-05-20 00:00:00,미부착,,개방 가능,공공누리 1유형,,,O,,,,,단순 정보,
1140,철도산업정보센터,HOME > 철도역사관 > 철도통합연표,철도통합연표,통리~심포리간 인클라인 철거,,1963-05-20 00:00:00,미부착,,개방 가능,공공누리 1유형,,,O,,,,,단순 정보,
1141,철도산업정보센터,HOME > 철도역사관 > 철도통합연표,철도통합연표,신호장으로 변경,,1963-05-20 00:00:00,미부착,,개방 가능,공공누리 1유형,,,O,,,,,단순 정보,
1142,철도산업정보센터,HOME > 철도역사관 > 철도통합연표,철도통합연표,"영암선(영주~철암), 철암선(철암~북평), 동해북부선(북평~경포대)를 통합하여 영동선으로 개명, 북평~묵호항 간은 지선으로 전환",,1963-05-27 00:00:00,미부착,,개방 가능,공공누리 1유형,,,O,,,,,단순 정보,
1143,철도산업정보센터,HOME > 철도역사관 > 철도통합연표,철도통합연표,통리~심포리간 황지본선구간 완공. 강삭철도(인클라인) 구간 폐지,,1963-05-30 00:00:00,미부착,,개방 가능,공공누리 1유형,,,O,,,,,단순 정보,
1144,철도산업정보센터,HOME > 철도역사관 > 철도통합연표,철도통합연표,4급역으로 승격,,1963-05-30 00:00:00,미부착,,개방 가능,공공누리 1유형,,,O,,,,,단순 정보,
1145,철도산업정보센터,HOME > 철도역사관 > 철도통합연표,철도통합연표,배치간이역으로 격하,,1963-06-13 00:00:00,미부착,,개방 가능,공공누리 1유형,,,O,,,,,단순 정보,
1146,철도산업정보센터,HOME > 철도역사관 > 철도통합연표,철도통합연표,망우 - 성북 구간 착공,,1963-08-19 00:00:00,미부착,,개방 가능,공공누리 1유형,,,O,,,,,단순 정보,
1147,철도산업정보센터,HOME > 철도역사관 > 철도통합연표,철도통합연표,폐역,,1963-08-20 00:00:00,미부착,,개방 가능,공공누리 1유형,,,O,,,,,단순 정보,
1148,철도산업정보센터,HOME > 철도역사관 > 철도통합연표,철도통합연표,운전간이역으로 격하,,1963-08-20 00:00:00,미부착,,개방 가능,공공누리 1유형,,,O,,,,,단순 정보,
1149,철도산업정보센터,HOME > 철도역사관 > 철도통합연표,철도통합연표,서울교외선 능의선(능곡～의정부) 개통,,1963-08-20 00:00:00,미부착,,개방 가능,공공누리 1유형,,,O,,,,,단순 정보,
1150,철도산업정보센터,HOME > 철도역사관 > 철도통합연표,철도통합연표,교통부로부터 외청인 철도청으로 독립,,1963-09-01 00:00:00,미부착,,개방 가능,공공누리 1유형,,,O,,,,,단순 정보,
1151,철도산업정보센터,HOME > 철도역사관 > 철도통합연표,철도통합연표,배치간이역으로 승격,,1963-10-01 00:00:00,미부착,,개방 가능,공공누리 1유형,,,O,,,,,단순 정보,
1152,철도산업정보센터,HOME > 철도역사관 > 철도통합연표,철도통합연표,사무관역으로 승격,,1963-10-18 00:00:00,미부착,,개방 가능,공공누리 1유형,,,O,,,,,단순 정보,
1153,철도산업정보센터,HOME > 철도역사관 > 철도통합연표,철도통합연표,군전용선(1.5km)개통,,1963-11-05 00:00:00,미부착,,개방 가능,공공누리 1유형,,,O,,,,,단순 정보,
1154,철도산업정보센터,HOME > 철도역사관 > 철도통합연표,철도통합연표,무배치간이역으로 영업개시(신촌역관리),,1963-11-10 00:00:00,미부착,,개방 가능,공공누리 1유형,,,O,,,,,단순 정보,
1155,철도산업정보센터,HOME > 철도역사관 > 철도통합연표,철도통합연표,역사준공,,1963-12-30 00:00:00,미부착,,개방 가능,공공누리 1유형,,,O,,,,,단순 정보,
1156,철도산업정보센터,HOME > 철도역사관 > 철도통합연표,철도통합연표,운전간이역에서 보통역으로 승격,,1964-01-01 00:00:00,미부착,,개방 가능,공공누리 1유형,,,O,,,,,단순 정보,
1157,철도산업정보센터,HOME > 철도역사관 > 철도통합연표,철도통합연표,보통역으로 승격,,1964-01-01 00:00:00,미부착,,개방 가능,공공누리 1유형,,,O,,,,,단순 정보,
1158,철도산업정보센터,HOME > 철도역사관 > 철도통합연표,철도통합연표,배치간이역으로 승격 및 소급화물 취급개시,,1964-01-01 00:00:00,미부착,,개방 가능,공공누리 1유형,,,O,,,,,단순 정보,
1159,철도산업정보센터,HOME > 철도역사관 > 철도통합연표,철도통합연표,무배치간이역으로 영업개시(안인역),,1964-01-10 00:00:00,미부착,,개방 가능,공공누리 1유형,,,O,,,,,단순 정보,
1160,철도산업정보센터,HOME > 철도역사관 > 철도통합연표,철도통합연표,보통역으로 승격,,1964-01-10 00:00:00,미부착,,개방 가능,공공누리 1유형,,,O,,,,,단순 정보,
1161,철도산업정보센터,HOME > 철도역사관 > 철도통합연표,철도통합연표,무배치간이역으로 부활(여주역관리),,1964-01-10 00:00:00,미부착,,개방 가능,공공누리 1유형,,,O,,,,,단순 정보,
1162,철도산업정보센터,HOME > 철도역사관 > 철도통합연표,철도통합연표,망우 - 성북 구간 4.9km 완공,,1964-01-11 00:00:00,미부착,,개방 가능,공공누리 1유형,,,O,,,,,단순 정보,
1163,철도산업정보센터,HOME > 철도역사관 > 철도통합연표,철도통합연표,운전간이역으로 승격,,1964-02-01 00:00:00,미부착,,개방 가능,공공누리 1유형,,,O,,,,,단순 정보,
1164,철도산업정보센터,HOME > 철도역사관 > 철도통합연표,철도통합연표,보통역으로 승격,,1964-02-20 00:00:00,미부착,,개방 가능,공공누리 1유형,,,O,,,,,단순 정보,
1165,철도산업정보센터,HOME > 철도역사관 > 철도통합연표,철도통합연표,화력발전소 전용선 부설,,1964-04-01 00:00:00,미부착,,개방 가능,공공누리 1유형,,,O,,,,,단순 정보,
1166,철도산업정보센터,HOME > 철도역사관 > 철도통합연표,철도통합연표,부산도시계획에 따라 구내 확장공사 착수,,1964-04-01 00:00:00,미부착,,개방 가능,공공누리 1유형,,,O,,,,,단순 정보,
1167,철도산업정보센터,HOME > 철도역사관 > 철도통합연표,철도통합연표,망우 무연탄 하화장 착공,,1964-05-01 00:00:00,미부착,,개방 가능,공공누리 1유형,,,O,,,,,단순 정보,
1168,철도산업정보센터,HOME > 철도역사관 > 철도통합연표,철도통합연표,배치간이역으로 격하,,1964-05-01 00:00:00,미부착,,개방 가능,공공누리 1유형,,,O,,,,,단순 정보,
1169,철도산업정보센터,HOME > 철도역사관 > 철도통합연표,철도통합연표,남포선 착공,,1964-06-27 00:00:00,미부착,,개방 가능,공공누리 1유형,,,O,,,,,단순 정보,
1170,철도산업정보센터,HOME > 철도역사관 > 철도통합연표,철도통합연표,무배치간이역으로 영업개시(심천역 관리),,1964-07-01 00:00:00,미부착,,개방 가능,공공누리 1유형,,,O,,,,,단순 정보,
1171,철도산업정보센터,HOME > 철도역사관 > 철도통합연표,철도통합연표,각계역 관리역으로 지정,,1964-07-01 00:00:00,미부착,,개방 가능,공공누리 1유형,,,O,,,,,단순 정보,
1172,철도산업정보센터,HOME > 철도역사관 > 철도통합연표,철도통합연표,역사 신축 착공,,1964-07-26 00:00:00,미부착,,개방 가능,공공누리 1유형,,,O,,,,,단순 정보,
1173,철도산업정보센터,HOME > 철도역사관 > 철도통합연표,철도통합연표,배치간이역으로 승격 및 소급화물취급 지정,,1964-07-27 00:00:00,미부착,,개방 가능,공공누리 1유형,,,O,,,,,단순 정보,
1174,철도산업정보센터,HOME > 철도역사관 > 철도통합연표,철도통합연표,역사 신축 착공,,1964-08-08 00:00:00,미부착,,개방 가능,공공누리 1유형,,,O,,,,,단순 정보,
1175,철도산업정보센터,HOME > 철도역사관 > 철도통합연표,철도통합연표,배치간이역으로 승격 및 소급화물취급지정,,1964-08-11 00:00:00,미부착,,개방 가능,공공누리 1유형,,,O,,,,,단순 정보,
1176,철도산업정보센터,HOME > 철도역사관 > 철도통합연표,철도통합연표,배치간이역으로 승격,,1964-08-11 00:00:00,미부착,,개방 가능,공공누리 1유형,,,O,,,,,단순 정보,
1177,철도산업정보센터,HOME > 철도역사관 > 철도통합연표,철도통합연표,역사 신축 착공,,1964-08-24 00:00:00,미부착,,개방 가능,공공누리 1유형,,,O,,,,,단순 정보,
1178,철도산업정보센터,HOME > 철도역사관 > 철도통합연표,철도통합연표,무배치간이역에서 배치간이역으로 승격 및 소급화물 취급지정,,1964-09-15 00:00:00,미부착,,개방 가능,공공누리 1유형,,,O,,,,,단순 정보,
1179,철도산업정보센터,HOME > 철도역사관 > 철도통합연표,철도통합연표,앵남역 관리역지정,,1964-09-15 00:00:00,미부착,,개방 가능,공공누리 1유형,,,O,,,,,단순 정보,
1180,철도산업정보센터,HOME > 철도역사관 > 철도통합연표,철도통합연표,앵남역 관리역지정취소,,1964-09-15 00:00:00,미부착,,개방 가능,공공누리 1유형,,,O,,,,,단순 정보,
1181,철도산업정보센터,HOME > 철도역사관 > 철도통합연표,철도통합연표,배치간이역으로 승격(화순역관리),,1964-09-15 00:00:00,미부착,,개방 가능,공공누리 1유형,,,O,,,,,단순 정보,
1182,철도산업정보센터,HOME > 철도역사관 > 철도통합연표,철도통합연표,현재의 역사 준공,,1964-09-23 00:00:00,미부착,,개방 가능,공공누리 1유형,,,O,,,,,단순 정보,
1183,철도산업정보센터,HOME > 철도역사관 > 철도통합연표,철도통합연표,보통역으로 승격,,1964-11-21 00:00:00,미부착,,개방 가능,공공누리 1유형,,,O,,,,,단순 정보,
1184,철도산업정보센터,HOME > 철도역사관 > 철도통합연표,철도통합연표,현재의 역사준공,,1964-12-13 00:00:00,미부착,,개방 가능,공공누리 1유형,,,O,,,,,단순 정보,
1185,철도산업정보센터,HOME > 철도역사관 > 철도통합연표,철도통합연표,소급화물 취급개시,,1964-12-15 00:00:00,미부착,,개방 가능,공공누리 1유형,,,O,,,,,단순 정보,
1186,철도산업정보센터,HOME > 철도역사관 > 철도통합연표,철도통합연표,소급화물 취급개시,,1964-12-15 00:00:00,미부착,,개방 가능,공공누리 1유형,,,O,,,,,단순 정보,
1187,철도산업정보센터,HOME > 철도역사관 > 철도통합연표,철도통합연표,"소급 및 화물지선, 전용선발착차급 화물에 한하여 취급으로 변경",,1964-12-15 00:00:00,미부착,,개방 가능,공공누리 1유형,,,O,,,,,단순 정보,
1188,철도산업정보센터,HOME > 철도역사관 > 철도통합연표,철도통합연표,현재의 역사준공,,1964-12-16 00:00:00,미부착,,개방 가능,공공누리 1유형,,,O,,,,,단순 정보,
1189,철도산업정보센터,HOME > 철도역사관 > 철도통합연표,철도통합연표,현재의 역사 준공.,,1964-12-21 00:00:00,미부착,,개방 가능,공공누리 1유형,,,O,,,,,단순 정보,
1190,철도산업정보센터,HOME > 철도역사관 > 철도통합연표,철도통합연표,남포선 4.3km 완공.,,1964-12-30 00:00:00,미부착,,개방 가능,공공누리 1유형,,,O,,,,,단순 정보,
1191,철도산업정보센터,HOME > 철도역사관 > 철도통합연표,철도통합연표,역사준공,,1964-12-30 00:00:00,미부착,,개방 가능,공공누리 1유형,,,O,,,,,단순 정보,
1192,철도산업정보센터,HOME > 철도역사관 > 철도통합연표,철도통합연표,보통역으로 승격,,1964-12-31 00:00:00,미부착,,개방 가능,공공누리 1유형,,,O,,,,,단순 정보,
1193,철도산업정보센터,HOME > 철도역사관 > 철도통합연표,철도통합연표,한국프라스틱전용선 부설(2.4km),,1965-01-01 00:00:00,미부착,,개방 가능,공공누리 1유형,,,O,,,,,단순 정보,
1194,철도산업정보센터,HOME > 철도역사관 > 철도통합연표,철도통합연표,역사 준공.,,1965-01-04 00:00:00,미부착,,개방 가능,공공누리 1유형,,,O,,,,,단순 정보,
1195,철도산업정보센터,HOME > 철도역사관 > 철도통합연표,철도통합연표,보통역으로 영업개시,,1965-01-05 00:00:00,미부착,,개방 가능,공공누리 1유형,,,O,,,,,단순 정보,
1196,철도산업정보센터,HOME > 철도역사관 > 철도통합연표,철도통합연표,부산기관차사무소 이전 업무개시,,1965-01-09 00:00:00,미부착,,개방 가능,공공누리 1유형,,,O,,,,,단순 정보,
1197,철도산업정보센터,HOME > 철도역사관 > 철도통합연표,철도통합연표,보통역으로 승격,,1965-01-11 00:00:00,미부착,,개방 가능,공공누리 1유형,,,O,,,,,단순 정보,
1198,철도산업정보센터,HOME > 철도역사관 > 철도통합연표,철도통합연표,역사 신축 준공,,1965-01-12 00:00:00,미부착,,개방 가능,공공누리 1유형,,,O,,,,,단순 정보,
1199,철도산업정보센터,HOME > 철도역사관 > 철도통합연표,철도통합연표,현재의 역사준공,,1965-02-28 00:00:00,미부착,,개방 가능,공공누리 1유형,,,O,,,,,단순 정보,
1200,철도산업정보센터,HOME > 철도역사관 > 철도통합연표,철도통합연표,무배치간이역으로 영업개시(군자역관리),,1965-05-01 00:00:00,미부착,,개방 가능,공공누리 1유형,,,O,,,,,단순 정보,
1201,철도산업정보센터,HOME > 철도역사관 > 철도통합연표,철도통합연표,사무관역으로 승격,,1965-05-04 00:00:00,미부착,,개방 가능,공공누리 1유형,,,O,,,,,단순 정보,
1202,철도산업정보센터,HOME > 철도역사관 > 철도통합연표,철도통합연표,역사준공,,1965-05-05 00:00:00,미부착,,개방 가능,공공누리 1유형,,,O,,,,,단순 정보,
1203,철도산업정보센터,HOME > 철도역사관 > 철도통합연표,철도통합연표,역사 신축 착공,,1965-05-14 00:00:00,미부착,,개방 가능,공공누리 1유형,,,O,,,,,단순 정보,
1204,철도산업정보센터,HOME > 철도역사관 > 철도통합연표,철도통합연표,옥마역 영업 개시.,,1965-05-22 00:00:00,미부착,,개방 가능,공공누리 1유형,,,O,,,,,단순 정보,
1205,철도산업정보센터,HOME > 철도역사관 > 철도통합연표,철도통합연표,역사 신축 착공,,1965-05-31 00:00:00,미부착,,개방 가능,공공누리 1유형,,,O,,,,,단순 정보,
1206,철도산업정보센터,HOME > 철도역사관 > 철도통합연표,철도통합연표,보통역으로 영업개시,,1965-06-01 00:00:00,미부착,,개방 가능,공공누리 1유형,,,O,,,,,단순 정보,
1207,철도산업정보센터,HOME > 철도역사관 > 철도통합연표,철도통합연표,무배치간이역으로 영업개시(오수역관리),,1965-06-21 00:00:00,미부착,,개방 가능,공공누리 1유형,,,O,,,,,단순 정보,
1208,철도산업정보센터,HOME > 철도역사관 > 철도통합연표,철도통합연표,군용 및 전용선착발한 화물취급 지정,,1965-06-24 00:00:00,미부착,,개방 가능,공공누리 1유형,,,O,,,,,단순 정보,
1209,철도산업정보센터,HOME > 철도역사관 > 철도통합연표,철도통합연표,무배치간이역으로 영업재개,,1965-07-01 00:00:00,미부착,,개방 가능,공공누리 1유형,,,O,,,,,단순 정보,
1210,철도산업정보센터,HOME > 철도역사관 > 철도통합연표,철도통합연표,역사 준공,,1965-07-02 00:00:00,미부착,,개방 가능,공공누리 1유형,,,O,,,,,단순 정보,
1211,철도산업정보센터,HOME > 철도역사관 > 철도통합연표,철도통합연표,연초제조장선 부설,,1965-07-13 00:00:00,미부착,,개방 가능,공공누리 1유형,,,O,,,,,단순 정보,
1212,철도산업정보센터,HOME > 철도역사관 > 철도통합연표,철도통합연표,무배치간이역으로 영업개시,,1965-07-21 00:00:00,미부착,,개방 가능,공공누리 1유형,,,O,,,,,단순 정보,
1213,철도산업정보센터,HOME > 철도역사관 > 철도통합연표,철도통합연표,폐역,,1965-07-23 00:00:00,미부착,,개방 가능,공공누리 1유형,,,O,,,,,단순 정보,
1214,철도산업정보센터,HOME > 철도역사관 > 철도통합연표,철도통합연표,역사 신축 착공,,1965-08-02 00:00:00,미부착,,개방 가능,공공누리 1유형,,,O,,,,,단순 정보,
1215,철도산업정보센터,HOME > 철도역사관 > 철도통합연표,철도통합연표,무배치간이역으로 영업개시,,1965-08-21 00:00:00,미부착,,개방 가능,공공누리 1유형,,,O,,,,,단순 정보,
1216,철도산업정보센터,HOME > 철도역사관 > 철도통합연표,철도통합연표,역사신축 착공,,1965-09-17 00:00:00,미부착,,개방 가능,공공누리 1유형,,,O,,,,,단순 정보,
1217,철도산업정보센터,HOME > 철도역사관 > 철도통합연표,철도통합연표,경인선(영등포～주안) 복선 개통,,1965-09-18 00:00:00,미부착,,개방 가능,공공누리 1유형,,,O,,,,,단순 정보,
1218,철도산업정보센터,HOME > 철도역사관 > 철도통합연표,철도통합연표,역사준공 이전(영등포 방향으로 100m),,1965-09-18 00:00:00,미부착,,개방 가능,공공누리 1유형,,,O,,,,,단순 정보,
1219,철도산업정보센터,HOME > 철도역사관 > 철도통합연표,철도통합연표,화물열차 타절 취급,,1965-09-19 00:00:00,미부착,,개방 가능,공공누리 1유형,,,O,,,,,단순 정보,
1220,철도산업정보센터,HOME > 철도역사관 > 철도통합연표,철도통합연표,역사 신축 착공,,1965-09-20 00:00:00,미부착,,개방 가능,공공누리 1유형,,,O,,,,,단순 정보,
1221,철도산업정보센터,HOME > 철도역사관 > 철도통합연표,철도통합연표,무배치간이역으로 다시 영업개시,,1965-09-21 00:00:00,미부착,,개방 가능,공공누리 1유형,,,O,,,,,단순 정보,
1222,철도산업정보센터,HOME > 철도역사관 > 철도통합연표,철도통합연표,역사신축착공과 함께 보통역으로 영업개시,,1965-09-24 00:00:00,미부착,,개방 가능,공공누리 1유형,,,O,,,,,단순 정보,
1223,철도산업정보센터,HOME > 철도역사관 > 철도통합연표,철도통합연표,사무관역으로 승격,,1965-10-01 00:00:00,미부착,,개방 가능,공공누리 1유형,,,O,,,,,단순 정보,
1224,철도산업정보센터,HOME > 철도역사관 > 철도통합연표,철도통합연표,역사 신축 착공,,1965-10-09 00:00:00,미부착,,개방 가능,공공누리 1유형,,,O,,,,,단순 정보,
1225,철도산업정보센터,HOME > 철도역사관 > 철도통합연표,철도통합연표,역사준공,,1965-10-12 00:00:00,미부착,,개방 가능,공공누리 1유형,,,O,,,,,단순 정보,
1226,철도산업정보센터,HOME > 철도역사관 > 철도통합연표,철도통합연표,역사준공 및 이전,,1965-10-13 00:00:00,미부착,,개방 가능,공공누리 1유형,,,O,,,,,단순 정보,
1227,철도산업정보센터,HOME > 철도역사관 > 철도통합연표,철도통합연표,"초량, 부산, 부산진역과 통합으로 영업중지",,1965-11-01 00:00:00,미부착,,개방 가능,공공누리 1유형,,,O,,,,,단순 정보,
1228,철도산업정보센터,HOME > 철도역사관 > 철도통합연표,철도통합연표,"초량, 부산, 부산진역과 통합 및 차급화물취급 재개",,1965-11-01 00:00:00,미부착,,개방 가능,공공누리 1유형,,,O,,,,,단순 정보,
1229,철도산업정보센터,HOME > 철도역사관 > 철도통합연표,철도통합연표,배치간이역으로 승격,,1965-11-01 00:00:00,미부착,,개방 가능,공공누리 1유형,,,O,,,,,단순 정보,
1230,철도산업정보센터,HOME > 철도역사관 > 철도통합연표,철도통합연표,역사 증축 이전,,1965-11-08 00:00:00,미부착,,개방 가능,공공누리 1유형,,,O,,,,,단순 정보,
1231,철도산업정보센터,HOME > 철도역사관 > 철도통합연표,철도통합연표,역사준공,,1965-11-09 00:00:00,미부착,,개방 가능,공공누리 1유형,,,O,,,,,단순 정보,
1232,철도산업정보센터,HOME > 철도역사관 > 철도통합연표,철도통합연표,부산객화차사무소 가야화차번 이전 업무개시,,1965-11-24 00:00:00,미부착,,개방 가능,공공누리 1유형,,,O,,,,,단순 정보,
1233,철도산업정보센터,HOME > 철도역사관 > 철도통합연표,철도통합연표,현재의 역사준공,,1965-11-30 00:00:00,미부착,,개방 가능,공공누리 1유형,,,O,,,,,단순 정보,
1234,철도산업정보센터,HOME > 철도역사관 > 철도통합연표,철도통합연표,배치간이역으로 승격,,1965-12-01 00:00:00,미부착,,개방 가능,공공누리 1유형,,,O,,,,,단순 정보,
1235,철도산업정보센터,HOME > 철도역사관 > 철도통합연표,철도통합연표,배치간이역으로 영업개시,,1965-12-07 00:00:00,미부착,,개방 가능,공공누리 1유형,,,O,,,,,단순 정보,
1236,철도산업정보센터,HOME > 철도역사관 > 철도통합연표,철도통합연표,배치간이역으로 영업개시,,1965-12-07 00:00:00,미부착,,개방 가능,공공누리 1유형,,,O,,,,,단순 정보,
1237,철도산업정보센터,HOME > 철도역사관 > 철도통합연표,철도통합연표,보통역으로 영업개시,,1965-12-07 00:00:00,미부착,,개방 가능,공공누리 1유형,,,O,,,,,단순 정보,
1238,철도산업정보센터,HOME > 철도역사관 > 철도통합연표,철도통합연표,보통역으로 영업개시,,1965-12-07 00:00:00,미부착,,개방 가능,공공누리 1유형,,,O,,,,,단순 정보,
1239,철도산업정보센터,HOME > 철도역사관 > 철도통합연표,철도통합연표,보통역으로 영업개시,,1965-12-07 00:00:00,미부착,,개방 가능,공공누리 1유형,,,O,,,,,단순 정보,
1240,철도산업정보센터,HOME > 철도역사관 > 철도통합연표,철도통합연표,무배치간이역으로 영업개시,,1965-12-11 00:00:00,미부착,,개방 가능,공공누리 1유형,,,O,,,,,단순 정보,
1241,철도산업정보센터,HOME > 철도역사관 > 철도통합연표,철도통합연표,역사준공과 함께 보통역으로 영업개시,,1965-12-15 00:00:00,미부착,,개방 가능,공공누리 1유형,,,O,,,,,단순 정보,
1242,철도산업정보센터,HOME > 철도역사관 > 철도통합연표,철도통합연표,역사준공,,1965-12-15 00:00:00,미부착,,개방 가능,공공누리 1유형,,,O,,,,,단순 정보,
1243,철도산업정보센터,HOME > 철도역사관 > 철도통합연표,철도통합연표,역사준공,,1965-12-17 00:00:00,미부착,,개방 가능,공공누리 1유형,,,O,,,,,단순 정보,
1244,철도산업정보센터,HOME > 철도역사관 > 철도통합연표,철도통합연표,무배치간이역으로 영업재개,,1965-12-21 00:00:00,미부착,,개방 가능,공공누리 1유형,,,O,,,,,단순 정보,
1245,철도산업정보센터,HOME > 철도역사관 > 철도통합연표,철도통합연표,역사준공,,1965-12-21 00:00:00,미부착,,개방 가능,공공누리 1유형,,,O,,,,,단순 정보,
1246,철도산업정보센터,HOME > 철도역사관 > 철도통합연표,철도통합연표,역사준공,,1965-12-26 00:00:00,미부착,,개방 가능,공공누리 1유형,,,O,,,,,단순 정보,
1247,철도산업정보센터,HOME > 철도역사관 > 철도통합연표,철도통합연표,역사준공,,1965-12-27 00:00:00,미부착,,개방 가능,공공누리 1유형,,,O,,,,,단순 정보,
1248,철도산업정보센터,HOME > 철도역사관 > 철도통합연표,철도통합연표,역사 준공,,1965-12-30 00:00:00,미부착,,개방 가능,공공누리 1유형,,,O,,,,,단순 정보,
1249,철도산업정보센터,HOME > 철도역사관 > 철도통합연표,철도통합연표,무배치간이역에서 보통역으로 승격,,1965-12-30 00:00:00,미부착,,개방 가능,공공누리 1유형,,,O,,,,,단순 정보,
1250,철도산업정보센터,HOME > 철도역사관 > 철도통합연표,철도통합연표,현재의 역사준공,,1965-12-30 00:00:00,미부착,,개방 가능,공공누리 1유형,,,O,,,,,단순 정보,
1251,철도산업정보센터,HOME > 철도역사관 > 철도통합연표,철도통합연표,보통역으로 승격 및 아세아시멘트 전용선 부설,,1965-12-30 00:00:00,미부착,,개방 가능,공공누리 1유형,,,O,,,,,단순 정보,
1252,철도산업정보센터,HOME > 철도역사관 > 철도통합연표,철도통합연표,임시승강장으로 개역,,1966-01-01 00:00:00,미부착,,개방 가능,공공누리 1유형,,,O,,,,,단순 정보,
1253,철도산업정보센터,HOME > 철도역사관 > 철도통합연표,철도통합연표,정선선 예미~증산간 연결.,,1966-01-10 00:00:00,미부착,,개방 가능,공공누리 1유형,,,O,,,,,단순 정보,
1254,철도산업정보센터,HOME > 철도역사관 > 철도통합연표,철도통합연표,정선선 예미~증산간 연결.,,1966-01-10 00:00:00,미부착,,개방 가능,공공누리 1유형,,,O,,,,,단순 정보,
1255,철도산업정보센터,HOME > 철도역사관 > 철도통합연표,철도통합연표,보통역으로 영업개시,,1966-01-15 00:00:00,미부착,,개방 가능,공공누리 1유형,,,O,,,,,단순 정보,
1256,철도산업정보센터,HOME > 철도역사관 > 철도통합연표,철도통합연표,고한선 증산~고한간 6.5km 완공.,,1966-01-19 00:00:00,미부착,,개방 가능,공공누리 1유형,,,O,,,,,단순 정보,
1257,철도산업정보센터,HOME > 철도역사관 > 철도통합연표,철도통합연표,고한선 증산~고한간 6.5km 완공.,,1966-01-19 00:00:00,미부착,,개방 가능,공공누리 1유형,,,O,,,,,단순 정보,
1258,철도산업정보센터,HOME > 철도역사관 > 철도통합연표,철도통합연표,정선선(예미～고한) 개통,,1966-01-19 00:00:00,미부착,,개방 가능,공공누리 1유형,,,O,,,,,단순 정보,
1259,철도산업정보센터,HOME > 철도역사관 > 철도통합연표,철도통합연표,무배치간이역으로 영업재개,,1966-01-21 00:00:00,미부착,,개방 가능,공공누리 1유형,,,O,,,,,단순 정보,
1260,철도산업정보센터,HOME > 철도역사관 > 철도통합연표,철도통합연표,보통역으로 영업개시,,1966-01-27 00:00:00,미부착,,개방 가능,공공누리 1유형,,,O,,,,,단순 정보,
1261,철도산업정보센터,HOME > 철도역사관 > 철도통합연표,철도통합연표,보통역으로 영업개시,,1966-01-27 00:00:00,미부착,,개방 가능,공공누리 1유형,,,O,,,,,단순 정보,
1262,철도산업정보센터,HOME > 철도역사관 > 철도통합연표,철도통합연표,배치간이역으로 영업개시,,1966-01-27 00:00:00,미부착,,개방 가능,공공누리 1유형,,,O,,,,,단순 정보,
1263,철도산업정보센터,HOME > 철도역사관 > 철도통합연표,철도통합연표,배치간이역으로 영업개시,,1966-01-27 00:00:00,미부착,,개방 가능,공공누리 1유형,,,O,,,,,단순 정보,
1264,철도산업정보센터,HOME > 철도역사관 > 철도통합연표,철도통합연표,보통역으로 영업재개,,1966-01-27 00:00:00,미부착,,개방 가능,공공누리 1유형,,,O,,,,,단순 정보,
1265,철도산업정보센터,HOME > 철도역사관 > 철도통합연표,철도통합연표,무배치간이역으로 영업개시(1965115임시승강장 개역?),,1966-02-01 00:00:00,미부착,,개방 가능,공공누리 1유형,,,O,,,,,단순 정보,
1266,철도산업정보센터,HOME > 철도역사관 > 철도통합연표,철도통합연표,무배치간이역으로 영업개시,,1966-02-21 00:00:00,미부착,,개방 가능,공공누리 1유형,,,O,,,,,단순 정보,
1267,철도산업정보센터,HOME > 철도역사관 > 철도통합연표,철도통합연표,무배치간이역으로 영업재개,,1966-02-21 00:00:00,미부착,,개방 가능,공공누리 1유형,,,O,,,,,단순 정보,
1268,철도산업정보센터,HOME > 철도역사관 > 철도통합연표,철도통합연표,정선선 정선~여량간 착공.,,1966-02-28 00:00:00,미부착,,개방 가능,공공누리 1유형,,,O,,,,,단순 정보,
1269,철도산업정보센터,HOME > 철도역사관 > 철도통합연표,철도통합연표,역사 신축착공,,1966-04-01 00:00:00,미부착,,개방 가능,공공누리 1유형,,,O,,,,,단순 정보,
1270,철도산업정보센터,HOME > 철도역사관 > 철도통합연표,철도통합연표,보통역으로 영업개시,,1966-04-08 00:00:00,미부착,,개방 가능,공공누리 1유형,,,O,,,,,단순 정보,
1271,철도산업정보센터,HOME > 철도역사관 > 철도통합연표,철도통합연표,여객취급 재개,,1966-04-14 00:00:00,미부착,,개방 가능,공공누리 1유형,,,O,,,,,단순 정보,
1272,철도산업정보센터,HOME > 철도역사관 > 철도통합연표,철도통합연표,여객취급 재개,,1966-04-15 00:00:00,미부착,,개방 가능,공공누리 1유형,,,O,,,,,단순 정보,
1273,철도산업정보센터,HOME > 철도역사관 > 철도통합연표,철도통합연표,임시승강장 폐지 및 무배치간이역으로 영업개시,,1966-04-26 00:00:00,미부착,,개방 가능,공공누리 1유형,,,O,,,,,단순 정보,
1274,철도산업정보센터,HOME > 철도역사관 > 철도통합연표,철도통합연표,무배치간이역으로 영업개시,,1966-04-26 00:00:00,미부착,,개방 가능,공공누리 1유형,,,O,,,,,단순 정보,
1275,철도산업정보센터,HOME > 철도역사관 > 철도통합연표,철도통합연표,여객열차 정차개시,,1966-06-01 00:00:00,미부착,,개방 가능,공공누리 1유형,,,O,,,,,단순 정보,
1276,철도산업정보센터,HOME > 철도역사관 > 철도통합연표,철도통합연표,무배치간이역으로 영업개시(입실역관리),,1966-06-11 00:00:00,미부착,,개방 가능,공공누리 1유형,,,O,,,,,단순 정보,
1277,철도산업정보센터,HOME > 철도역사관 > 철도통합연표,철도통합연표,배치간이역으로 영업개시,,1966-06-21 00:00:00,미부착,,개방 가능,공공누리 1유형,,,O,,,,,단순 정보,
1278,철도산업정보센터,HOME > 철도역사관 > 철도통합연표,철도통합연표,배치간이역으로 승격 및 소급화물취급개시,,1966-06-21 00:00:00,미부착,,개방 가능,공공누리 1유형,,,O,,,,,단순 정보,
1279,철도산업정보센터,HOME > 철도역사관 > 철도통합연표,철도통합연표,망월사역 개통,,1966-06-21 00:00:00,미부착,,개방 가능,공공누리 1유형,,,O,,,,,단순 정보,
1280,철도산업정보센터,HOME > 철도역사관 > 철도통합연표,철도통합연표,역사신축착공,,1966-06-23 00:00:00,미부착,,개방 가능,공공누리 1유형,,,O,,,,,단순 정보,
1281,철도산업정보센터,HOME > 철도역사관 > 철도통합연표,철도통합연표,역사 신축 착공,,1966-06-25 00:00:00,미부착,,개방 가능,공공누리 1유형,,,O,,,,,단순 정보,
1282,철도산업정보센터,HOME > 철도역사관 > 철도통합연표,철도통합연표,역사준공,,1966-07-02 00:00:00,미부착,,개방 가능,공공누리 1유형,,,O,,,,,단순 정보,
1283,철도산업정보센터,HOME > 철도역사관 > 철도통합연표,철도통합연표,배치간이역으로 승격,,1966-07-05 00:00:00,미부착,,개방 가능,공공누리 1유형,,,O,,,,,단순 정보,
1284,철도산업정보센터,HOME > 철도역사관 > 철도통합연표,철도통합연표,무배치간이역으로 영업개시,,1966-07-11 00:00:00,미부착,,개방 가능,공공누리 1유형,,,O,,,,,단순 정보,
1285,철도산업정보센터,HOME > 철도역사관 > 철도통합연표,철도통합연표,역사신축 착공,,1966-07-16 00:00:00,미부착,,개방 가능,공공누리 1유형,,,O,,,,,단순 정보,
1286,철도산업정보센터,HOME > 철도역사관 > 철도통합연표,철도통합연표,임시승강장으로 개역,,1966-07-23 00:00:00,미부착,,개방 가능,공공누리 1유형,,,O,,,,,단순 정보,
1287,철도산업정보센터,HOME > 철도역사관 > 철도통합연표,철도통합연표,임시승강장으로 개역,,1966-08-01 00:00:00,미부착,,개방 가능,공공누리 1유형,,,O,,,,,단순 정보,
1288,철도산업정보센터,HOME > 철도역사관 > 철도통합연표,철도통합연표,현재의 역사준공,,1966-08-04 00:00:00,미부착,,개방 가능,공공누리 1유형,,,O,,,,,단순 정보,
1289,철도산업정보센터,HOME > 철도역사관 > 철도통합연표,철도통합연표,역사 준공,,1966-08-16 00:00:00,미부착,,개방 가능,공공누리 1유형,,,O,,,,,단순 정보,
1290,철도산업정보센터,HOME > 철도역사관 > 철도통합연표,철도통합연표,무배치간이역에서 배치간이역으로 승격 및 소급화물취급 개시,,1966-08-21 00:00:00,미부착,,개방 가능,공공누리 1유형,,,O,,,,,단순 정보,
1291,철도산업정보센터,HOME > 철도역사관 > 철도통합연표,철도통합연표,무배치간이역에서 배치간이역으로 승격,,1966-08-21 00:00:00,미부착,,개방 가능,공공누리 1유형,,,O,,,,,단순 정보,
1292,철도산업정보센터,HOME > 철도역사관 > 철도통합연표,철도통합연표,역사 신축 착공,,1966-08-24 00:00:00,미부착,,개방 가능,공공누리 1유형,,,O,,,,,단순 정보,
1293,철도산업정보센터,HOME > 철도역사관 > 철도통합연표,철도통합연표,배치간이역으로 승격 및 소급화물취급개시,,1966-08-30 00:00:00,미부착,,개방 가능,공공누리 1유형,,,O,,,,,단순 정보,
1294,철도산업정보센터,HOME > 철도역사관 > 철도통합연표,철도통합연표,배치간이역으로 승격 및 소급화물취급 개시,,1966-08-30 00:00:00,미부착,,개방 가능,공공누리 1유형,,,O,,,,,단순 정보,
1295,철도산업정보센터,HOME > 철도역사관 > 철도통합연표,철도통합연표,무배치간이역으로 영업개시,,1966-09-01 00:00:00,미부착,,개방 가능,공공누리 1유형,,,O,,,,,단순 정보,
1296,철도산업정보센터,HOME > 철도역사관 > 철도통합연표,철도통합연표,임시승강장을 폐지하고 무배치간이역으로 영업개시,,1966-09-11 00:00:00,미부착,,개방 가능,공공누리 1유형,,,O,,,,,단순 정보,
1297,철도산업정보센터,HOME > 철도역사관 > 철도통합연표,철도통합연표,무배치간이역에서 배치간이역으로 승격,,1966-09-11 00:00:00,미부착,,개방 가능,공공누리 1유형,,,O,,,,,단순 정보,
1298,철도산업정보센터,HOME > 철도역사관 > 철도통합연표,철도통합연표,제 4비료선 부설,,1966-09-16 00:00:00,미부착,,개방 가능,공공누리 1유형,,,O,,,,,단순 정보,
1299,철도산업정보센터,HOME > 철도역사관 > 철도통합연표,철도통합연표,현재의 역사준공.,,1966-09-21 00:00:00,미부착,,개방 가능,공공누리 1유형,,,O,,,,,단순 정보,
1300,철도산업정보센터,HOME > 철도역사관 > 철도통합연표,철도통합연표,역사준공,,1966-09-23 00:00:00,미부착,,개방 가능,공공누리 1유형,,,O,,,,,단순 정보,
1301,철도산업정보센터,HOME > 철도역사관 > 철도통합연표,철도통합연표,역사준공,,1966-09-23 00:00:00,미부착,,개방 가능,공공누리 1유형,,,O,,,,,단순 정보,
1302,철도산업정보센터,HOME > 철도역사관 > 철도통합연표,철도통합연표,역사준공,,1966-09-24 00:00:00,미부착,,개방 가능,공공누리 1유형,,,O,,,,,단순 정보,
1303,철도산업정보센터,HOME > 철도역사관 > 철도통합연표,철도통합연표,배치간이역으로 승격 및 소급화물취급 개시,,1966-09-26 00:00:00,미부착,,개방 가능,공공누리 1유형,,,O,,,,,단순 정보,
1304,철도산업정보센터,HOME > 철도역사관 > 철도통합연표,철도통합연표,배치간이역으로 영업개시,,1966-10-11 00:00:00,미부착,,개방 가능,공공누리 1유형,,,O,,,,,단순 정보,
1305,철도산업정보센터,HOME > 철도역사관 > 철도통합연표,철도통합연표,보통역으로 영업개시,,1966-10-11 00:00:00,미부착,,개방 가능,공공누리 1유형,,,O,,,,,단순 정보,
1306,철도산업정보센터,HOME > 철도역사관 > 철도통합연표,철도통합연표,보통역으로 영업개시,,1966-10-11 00:00:00,미부착,,개방 가능,공공누리 1유형,,,O,,,,,단순 정보,
1307,철도산업정보센터,HOME > 철도역사관 > 철도통합연표,철도통합연표,무배치간이역으로 영업개시,,1966-10-11 00:00:00,미부착,,개방 가능,공공누리 1유형,,,O,,,,,단순 정보,
1308,철도산업정보센터,HOME > 철도역사관 > 철도통합연표,철도통합연표,보통역으로 영업개시,,1966-10-11 00:00:00,미부착,,개방 가능,공공누리 1유형,,,O,,,,,단순 정보,
1309,철도산업정보센터,HOME > 철도역사관 > 철도통합연표,철도통합연표,역사신축 착공,,1966-10-12 00:00:00,미부착,,개방 가능,공공누리 1유형,,,O,,,,,단순 정보,
1310,철도산업정보센터,HOME > 철도역사관 > 철도통합연표,철도통합연표,역사 신축 착공,,1966-10-12 00:00:00,미부착,,개방 가능,공공누리 1유형,,,O,,,,,단순 정보,
1311,철도산업정보센터,HOME > 철도역사관 > 철도통합연표,철도통합연표,영업개시,,1966-10-14 00:00:00,미부착,,개방 가능,공공누리 1유형,,,O,,,,,단순 정보,
1312,철도산업정보센터,HOME > 철도역사관 > 철도통합연표,철도통합연표,역사준공,,1966-10-20 00:00:00,미부착,,개방 가능,공공누리 1유형,,,O,,,,,단순 정보,
1313,철도산업정보센터,HOME > 철도역사관 > 철도통합연표,철도통합연표,만수역 관리역으로 지정,,1966-11-01 00:00:00,미부착,,개방 가능,공공누리 1유형,,,O,,,,,단순 정보,
1314,철도산업정보센터,HOME > 철도역사관 > 철도통합연표,철도통합연표,"능주역관리로 변경,",,1966-11-01 00:00:00,미부착,,개방 가능,공공누리 1유형,,,O,,,,,단순 정보,
1315,철도산업정보센터,HOME > 철도역사관 > 철도통합연표,철도통합연표,경북선(영주 ~ 예천) 개통,,1966-11-09 00:00:00,미부착,,개방 가능,공공누리 1유형,,,O,,,,,단순 정보,
1316,철도산업정보센터,HOME > 철도역사관 > 철도통합연표,철도통합연표,이문역 영업 개시,,1966-11-11 00:00:00,미부착,,개방 가능,공공누리 1유형,,,O,,,,,단순 정보,
1317,철도산업정보센터,HOME > 철도역사관 > 철도통합연표,철도통합연표,보통역으로 영업개시,,1966-11-11 00:00:00,미부착,,개방 가능,공공누리 1유형,,,O,,,,,단순 정보,
1318,철도산업정보센터,HOME > 철도역사관 > 철도통합연표,철도통합연표,역사준공,,1966-11-30 00:00:00,미부착,,개방 가능,공공누리 1유형,,,O,,,,,단순 정보,
1319,철도산업정보센터,HOME > 철도역사관 > 철도통합연표,철도통합연표,역사준공 및 이전,,1966-11-30 00:00:00,미부착,,개방 가능,공공누리 1유형,,,O,,,,,단순 정보,
1320,철도산업정보센터,HOME > 철도역사관 > 철도통합연표,철도통합연표,보통역으로 승격,,1966-12-01 00:00:00,미부착,,개방 가능,공공누리 1유형,,,O,,,,,단순 정보,
1321,철도산업정보센터,HOME > 철도역사관 > 철도통합연표,철도통합연표,임시승강장으로 개역,,1966-12-12 00:00:00,미부착,,개방 가능,공공누리 1유형,,,O,,,,,단순 정보,
1322,철도산업정보센터,HOME > 철도역사관 > 철도통합연표,철도통합연표,임시승강장으로 개역,,1966-12-29 00:00:00,미부착,,개방 가능,공공누리 1유형,,,O,,,,,단순 정보,
1323,철도산업정보센터,HOME > 철도역사관 > 철도통합연표,철도통합연표,무연탄 하화장 구내 A·B선 완공으로 일부 가동 개시,,1966-12-30 00:00:00,미부착,,개방 가능,공공누리 1유형,,,O,,,,,단순 정보,
1324,철도산업정보센터,HOME > 철도역사관 > 철도통합연표,철도통합연표,북평선 6.4km 완공.,,1966-12-30 00:00:00,미부착,,개방 가능,공공누리 1유형,,,O,,,,,단순 정보,
1325,철도산업정보센터,HOME > 철도역사관 > 철도통합연표,철도통합연표,역사신축 준공,,1966-12-30 00:00:00,미부착,,개방 가능,공공누리 1유형,,,O,,,,,단순 정보,
1326,철도산업정보센터,HOME > 철도역사관 > 철도통합연표,철도통합연표,역사준공,,1966-12-30 00:00:00,미부착,,개방 가능,공공누리 1유형,,,O,,,,,단순 정보,
1327,철도산업정보센터,HOME > 철도역사관 > 철도통합연표,철도통합연표,역사 준공,,1966-12-30 00:00:00,미부착,,개방 가능,공공누리 1유형,,,O,,,,,단순 정보,
1328,철도산업정보센터,HOME > 철도역사관 > 철도통합연표,철도통합연표,역사준공,,1966-12-30 00:00:00,미부착,,개방 가능,공공누리 1유형,,,O,,,,,단순 정보,
1329,철도산업정보센터,HOME > 철도역사관 > 철도통합연표,철도통합연표,역사준공,,1966-12-31 00:00:00,미부착,,개방 가능,공공누리 1유형,,,O,,,,,단순 정보,
1330,철도산업정보센터,HOME > 철도역사관 > 철도통합연표,철도통합연표,임시승강장으로 개역,,1967-01-09 00:00:00,미부착,,개방 가능,공공누리 1유형,,,O,,,,,단순 정보,
1331,철도산업정보센터,HOME > 철도역사관 > 철도통합연표,철도통합연표,보통역으로 승격,,1967-01-15 00:00:00,미부착,,개방 가능,공공누리 1유형,,,O,,,,,단순 정보,
1332,철도산업정보센터,HOME > 철도역사관 > 철도통합연표,철도통합연표,정선선 예미~정선간 41.6km 완공. 예미~함백간은 함백선으로 분리,,1967-01-20 00:00:00,미부착,,개방 가능,공공누리 1유형,,,O,,,,,단순 정보,
1333,철도산업정보센터,HOME > 철도역사관 > 철도통합연표,철도통합연표,예미~정선간 41.6km 완공. 예미~함백간은 함백선으로 분리,,1967-01-20 00:00:00,미부착,,개방 가능,공공누리 1유형,,,O,,,,,단순 정보,
1334,철도산업정보센터,HOME > 철도역사관 > 철도통합연표,철도통합연표,정선선 예미~정선간 41.6km 완공. 예미~함백간은 함백선으로 분리,,1967-01-20 00:00:00,미부착,,개방 가능,공공누리 1유형,,,O,,,,,단순 정보,
1335,철도산업정보센터,HOME > 철도역사관 > 철도통합연표,철도통합연표,보통역으로 영업개시,,1967-01-20 00:00:00,미부착,,개방 가능,공공누리 1유형,,,O,,,,,단순 정보,
1336,철도산업정보센터,HOME > 철도역사관 > 철도통합연표,철도통합연표,역명개정(사가리→백양사),,1967-01-20 00:00:00,미부착,,개방 가능,공공누리 1유형,,,O,,,,,단순 정보,
1337,철도산업정보센터,HOME > 철도역사관 > 철도통합연표,철도통합연표,배치간이역에서 무배치간이역으로 격하,,1967-01-20 00:00:00,미부착,,개방 가능,공공누리 1유형,,,O,,,,,단순 정보,
1338,철도산업정보센터,HOME > 철도역사관 > 철도통합연표,철도통합연표,무배치간이역에서 배치간이역으로 승격,,1967-01-21 00:00:00,미부착,,개방 가능,공공누리 1유형,,,O,,,,,단순 정보,
1339,철도산업정보센터,HOME > 철도역사관 > 철도통합연표,철도통합연표,보통역으로 영업개시.,,1967-02-09 00:00:00,미부착,,개방 가능,공공누리 1유형,,,O,,,,,단순 정보,
1340,철도산업정보센터,HOME > 철도역사관 > 철도통합연표,철도통합연표,배치간이역으로 영업개시,,1967-02-09 00:00:00,미부착,,개방 가능,공공누리 1유형,,,O,,,,,단순 정보,
1341,철도산업정보센터,HOME > 철도역사관 > 철도통합연표,철도통합연표,보통역으로 승격,,1967-02-14 00:00:00,미부착,,개방 가능,공공누리 1유형,,,O,,,,,단순 정보,
1342,철도산업정보센터,HOME > 철도역사관 > 철도통합연표,철도통합연표,보통역으로 영업개시,,1967-02-22 00:00:00,미부착,,개방 가능,공공누리 1유형,,,O,,,,,단순 정보,
1343,철도산업정보센터,HOME > 철도역사관 > 철도통합연표,철도통합연표,보통역으로 영업개시,,1967-02-22 00:00:00,미부착,,개방 가능,공공누리 1유형,,,O,,,,,단순 정보,
1344,철도산업정보센터,HOME > 철도역사관 > 철도통합연표,철도통합연표,역사이전 준공(서울기점 303.0km→서울기점302.6km) 및 여객 및 소급화물취급 지정,,1967-03-10 00:00:00,미부착,,개방 가능,공공누리 1유형,,,O,,,,,단순 정보,
1345,철도산업정보센터,HOME > 철도역사관 > 철도통합연표,철도통합연표,사무관역으로 승격,,1967-04-01 00:00:00,미부착,,개방 가능,공공누리 1유형,,,O,,,,,단순 정보,
1346,철도산업정보센터,HOME > 철도역사관 > 철도통합연표,철도통합연표,신축 역사 착공,,1967-04-04 00:00:00,미부착,,개방 가능,공공누리 1유형,,,O,,,,,단순 정보,
1347,철도산업정보센터,HOME > 철도역사관 > 철도통합연표,철도통합연표,임시승강장으로 개역,,1967-05-01 00:00:00,미부착,,개방 가능,공공누리 1유형,,,O,,,,,단순 정보,
1348,철도산업정보센터,HOME > 철도역사관 > 철도통합연표,철도통합연표,임시승강장으로 개역,,1967-05-01 00:00:00,미부착,,개방 가능,공공누리 1유형,,,O,,,,,단순 정보,
1349,철도산업정보센터,HOME > 철도역사관 > 철도통합연표,철도통합연표,임시승강장으로 개역(영등포기점 9.5km),,1967-05-01 00:00:00,미부착,,개방 가능,공공누리 1유형,,,O,,,,,단순 정보,
1350,철도산업정보센터,HOME > 철도역사관 > 철도통합연표,철도통합연표,임시승강장으로 개역,,1967-05-01 00:00:00,미부착,,개방 가능,공공누리 1유형,,,O,,,,,단순 정보,
1351,철도산업정보센터,HOME > 철도역사관 > 철도통합연표,철도통합연표,무배치간이역으로 영업재개,,1967-05-01 00:00:00,미부착,,개방 가능,공공누리 1유형,,,O,,,,,단순 정보,
1352,철도산업정보센터,HOME > 철도역사관 > 철도통합연표,철도통합연표,무배치간이역으로 영업개시,,1967-05-27 00:00:00,미부착,,개방 가능,공공누리 1유형,,,O,,,,,단순 정보,
1353,철도산업정보센터,HOME > 철도역사관 > 철도통합연표,철도통합연표,역사신축 착공,,1967-05-30 00:00:00,미부착,,개방 가능,공공누리 1유형,,,O,,,,,단순 정보,
1354,철도산업정보센터,HOME > 철도역사관 > 철도통합연표,철도통합연표,임시승강장으로 개역(소룡리역),,1967-06-01 00:00:00,미부착,,개방 가능,공공누리 1유형,,,O,,,,,단순 정보,
1355,철도산업정보센터,HOME > 철도역사관 > 철도통합연표,철도통합연표,임시승강장으로 개역,,1967-06-01 00:00:00,미부착,,개방 가능,공공누리 1유형,,,O,,,,,단순 정보,
1356,철도산업정보센터,HOME > 철도역사관 > 철도통합연표,철도통합연표,임시승강장으로 개역(제천기점 5.0km),,1967-06-01 00:00:00,미부착,,개방 가능,공공누리 1유형,,,O,,,,,단순 정보,
1357,철도산업정보센터,HOME > 철도역사관 > 철도통합연표,철도통합연표,임시승강장으로 개역,,1967-06-01 00:00:00,미부착,,개방 가능,공공누리 1유형,,,O,,,,,단순 정보,
1358,철도산업정보센터,HOME > 철도역사관 > 철도통합연표,철도통합연표,임시승강장으로 영업재개,,1967-06-01 00:00:00,미부착,,개방 가능,공공누리 1유형,,,O,,,,,단순 정보,
1359,철도산업정보센터,HOME > 철도역사관 > 철도통합연표,철도통합연표,임시승강장으로 개역,,1967-06-03 00:00:00,미부착,,개방 가능,공공누리 1유형,,,O,,,,,단순 정보,
1360,철도산업정보센터,HOME > 철도역사관 > 철도통합연표,철도통합연표,임시승강장 폐지와 함께 무배치간이역으로 영업개시,,1967-06-05 00:00:00,미부착,,개방 가능,공공누리 1유형,,,O,,,,,단순 정보,
1361,철도산업정보센터,HOME > 철도역사관 > 철도통합연표,철도통합연표,임시승강장으로 영업재개,,1967-06-05 00:00:00,미부착,,개방 가능,공공누리 1유형,,,O,,,,,단순 정보,
1362,철도산업정보센터,HOME > 철도역사관 > 철도통합연표,철도통합연표,임시승강장으로 개역,,1967-06-07 00:00:00,미부착,,개방 가능,공공누리 1유형,,,O,,,,,단순 정보,
1363,철도산업정보센터,HOME > 철도역사관 > 철도통합연표,철도통합연표,임시승강장으로 개역(서울기점 217.8km),,1967-06-10 00:00:00,미부착,,개방 가능,공공누리 1유형,,,O,,,,,단순 정보,
1364,철도산업정보센터,HOME > 철도역사관 > 철도통합연표,철도통합연표,무배치간이역으로 영업개시,,1967-06-11 00:00:00,미부착,,개방 가능,공공누리 1유형,,,O,,,,,단순 정보,
1365,철도산업정보센터,HOME > 철도역사관 > 철도통합연표,철도통합연표,"차급화물 취급정지(군화, 철도사업용 및 전용선착발제외)",,1967-07-01 00:00:00,미부착,,개방 가능,공공누리 1유형,,,O,,,,,단순 정보,
1366,철도산업정보센터,HOME > 철도역사관 > 철도통합연표,철도통합연표,배치간이역으로 승격 및 소급화물취급 지정,,1967-07-01 00:00:00,미부착,,개방 가능,공공누리 1유형,,,O,,,,,단순 정보,
1367,철도산업정보센터,HOME > 철도역사관 > 철도통합연표,철도통합연표,차급화물 취급 정지,,1967-07-01 00:00:00,미부착,,개방 가능,공공누리 1유형,,,O,,,,,단순 정보,
1368,철도산업정보센터,HOME > 철도역사관 > 철도통합연표,철도통합연표,소급화물 취급 정지,,1967-07-01 00:00:00,미부착,,개방 가능,공공누리 1유형,,,O,,,,,단순 정보,
1369,철도산업정보센터,HOME > 철도역사관 > 철도통합연표,철도통합연표,보통역으로 승격,,1967-07-01 00:00:00,미부착,,개방 가능,공공누리 1유형,,,O,,,,,단순 정보,
1370,철도산업정보센터,HOME > 철도역사관 > 철도통합연표,철도통합연표,역원배치간이역에서 보통역으로 승격,,1967-07-01 00:00:00,미부착,,개방 가능,공공누리 1유형,,,O,,,,,단순 정보,
1371,철도산업정보센터,HOME > 철도역사관 > 철도통합연표,철도통합연표,역사신축준공,,1967-07-01 00:00:00,미부착,,개방 가능,공공누리 1유형,,,O,,,,,단순 정보,
1372,철도산업정보센터,HOME > 철도역사관 > 철도통합연표,철도통합연표,차급화물 취급정지,,1967-07-01 00:00:00,미부착,,개방 가능,공공누리 1유형,,,O,,,,,단순 정보,
1373,철도산업정보센터,HOME > 철도역사관 > 철도통합연표,철도통합연표,차급화물취급 중지,,1967-07-01 00:00:00,미부착,,개방 가능,공공누리 1유형,,,O,,,,,단순 정보,
1374,철도산업정보센터,HOME > 철도역사관 > 철도통합연표,철도통합연표,차급화물 및 소급화물 취급 중지,,1967-07-01 00:00:00,미부착,,개방 가능,공공누리 1유형,,,O,,,,,단순 정보,
1375,철도산업정보센터,HOME > 철도역사관 > 철도통합연표,철도통합연표,차급화물 및 소급화물 취급 중지,,1967-07-01 00:00:00,미부착,,개방 가능,공공누리 1유형,,,O,,,,,단순 정보,
1376,철도산업정보센터,HOME > 철도역사관 > 철도통합연표,철도통합연표,차급 및 소급화물 취급 정지,,1967-07-01 00:00:00,미부착,,개방 가능,공공누리 1유형,,,O,,,,,단순 정보,
1377,철도산업정보센터,HOME > 철도역사관 > 철도통합연표,철도통합연표,차급화물 및 소급화물취급 정지,,1967-07-01 00:00:00,미부착,,개방 가능,공공누리 1유형,,,O,,,,,단순 정보,
1378,철도산업정보센터,HOME > 철도역사관 > 철도통합연표,철도통합연표,차급화물 및 소급화물 취급 정지,,1967-07-01 00:00:00,미부착,,개방 가능,공공누리 1유형,,,O,,,,,단순 정보,
1379,철도산업정보센터,HOME > 철도역사관 > 철도통합연표,철도통합연표,역사준공.,,1967-07-27 00:00:00,미부착,,개방 가능,공공누리 1유형,,,O,,,,,단순 정보,
1380,철도산업정보센터,HOME > 철도역사관 > 철도통합연표,철도통합연표,부산객화차사사무소 이전 업무개시,,1967-08-01 00:00:00,미부착,,개방 가능,공공누리 1유형,,,O,,,,,단순 정보,
1381,철도산업정보센터,HOME > 철도역사관 > 철도통합연표,철도통합연표,임시승강장 폐지와 함께 무배치간이역으로 영업개시,,1967-08-21 00:00:00,미부착,,개방 가능,공공누리 1유형,,,O,,,,,단순 정보,
1382,철도산업정보센터,HOME > 철도역사관 > 철도통합연표,철도통합연표,역사준공,,1967-08-27 00:00:00,미부착,,개방 가능,공공누리 1유형,,,O,,,,,단순 정보,
1383,철도산업정보센터,HOME > 철도역사관 > 철도통합연표,철도통합연표,서울역 홈에서 증기기관차 終運식 거행,,1967-08-31 00:00:00,미부착,,개방 가능,공공누리 1유형,,,O,,,,,단순 정보,
1384,철도산업정보센터,HOME > 철도역사관 > 철도통합연표,철도통합연표,을종승차권대매소지정,,1967-09-01 00:00:00,미부착,,개방 가능,공공누리 1유형,,,O,,,,,단순 정보,
1385,철도산업정보센터,HOME > 철도역사관 > 철도통합연표,철도통합연표,을종승차권대매소로 지정,,1967-09-01 00:00:00,미부착,,개방 가능,공공누리 1유형,,,O,,,,,단순 정보,
1386,철도산업정보센터,HOME > 철도역사관 > 철도통합연표,철도통합연표,을종승차권 대매소로 지정,,1967-09-01 00:00:00,미부착,,개방 가능,공공누리 1유형,,,O,,,,,단순 정보,
1387,철도산업정보센터,HOME > 철도역사관 > 철도통합연표,철도통합연표,을종 승차권대매소로 지정,,1967-09-01 00:00:00,미부착,,개방 가능,공공누리 1유형,,,O,,,,,단순 정보,
1388,철도산업정보센터,HOME > 철도역사관 > 철도통합연표,철도통합연표,을종대매소로 지정,,1967-09-01 00:00:00,미부착,,개방 가능,공공누리 1유형,,,O,,,,,단순 정보,
1389,철도산업정보센터,HOME > 철도역사관 > 철도통합연표,철도통합연표,을종승차권 대매소 지정,,1967-09-01 00:00:00,미부착,,개방 가능,공공누리 1유형,,,O,,,,,단순 정보,
1390,철도산업정보센터,HOME > 철도역사관 > 철도통합연표,철도통합연표,을종승차권 대매소로 지정,,1967-09-01 00:00:00,미부착,,개방 가능,공공누리 1유형,,,O,,,,,단순 정보,
1391,철도산업정보센터,HOME > 철도역사관 > 철도통합연표,철도통합연표,을종승차권 대매소로 지정,,1967-09-01 00:00:00,미부착,,개방 가능,공공누리 1유형,,,O,,,,,단순 정보,
1392,철도산업정보센터,HOME > 철도역사관 > 철도통합연표,철도통합연표,을종승차권 대매소로 지정,,1967-09-01 00:00:00,미부착,,개방 가능,공공누리 1유형,,,O,,,,,단순 정보,
1393,철도산업정보센터,HOME > 철도역사관 > 철도통합연표,철도통합연표,을종승차권 대매소로 지정,,1967-09-01 00:00:00,미부착,,개방 가능,공공누리 1유형,,,O,,,,,단순 정보,
1394,철도산업정보센터,HOME > 철도역사관 > 철도통합연표,철도통합연표,을종승차권 대매소로 지정,,1967-09-01 00:00:00,미부착,,개방 가능,공공누리 1유형,,,O,,,,,단순 정보,
1395,철도산업정보센터,HOME > 철도역사관 > 철도통합연표,철도통합연표,을종승차권 대매소로 지정,,1967-09-01 00:00:00,미부착,,개방 가능,공공누리 1유형,,,O,,,,,단순 정보,
1396,철도산업정보센터,HOME > 철도역사관 > 철도통합연표,철도통합연표,을종승차권 대매소로 지정,,1967-09-01 00:00:00,미부착,,개방 가능,공공누리 1유형,,,O,,,,,단순 정보,
1397,철도산업정보센터,HOME > 철도역사관 > 철도통합연표,철도통합연표,을종승차권대매소로 지정,,1967-09-01 00:00:00,미부착,,개방 가능,공공누리 1유형,,,O,,,,,단순 정보,
1398,철도산업정보센터,HOME > 철도역사관 > 철도통합연표,철도통합연표,을종승차권대매소로 지정,,1967-09-01 00:00:00,미부착,,개방 가능,공공누리 1유형,,,O,,,,,단순 정보,
1399,철도산업정보센터,HOME > 철도역사관 > 철도통합연표,철도통합연표,을종승차권 대매소로 지정,,1967-09-01 00:00:00,미부착,,개방 가능,공공누리 1유형,,,O,,,,,단순 정보,
1400,철도산업정보센터,HOME > 철도역사관 > 철도통합연표,철도통합연표,을종승차권 대매소로 지정,,1967-09-01 00:00:00,미부착,,개방 가능,공공누리 1유형,,,O,,,,,단순 정보,
1401,철도산업정보센터,HOME > 철도역사관 > 철도통합연표,철도통합연표,을종승차권 대매소로 지정,,1967-09-01 00:00:00,미부착,,개방 가능,공공누리 1유형,,,O,,,,,단순 정보,
1402,철도산업정보센터,HOME > 철도역사관 > 철도통합연표,철도통합연표,을종승차권 대매소로 지정,,1967-09-01 00:00:00,미부착,,개방 가능,공공누리 1유형,,,O,,,,,단순 정보,
1403,철도산업정보센터,HOME > 철도역사관 > 철도통합연표,철도통합연표,을종승차권 대매소로 지정,,1967-09-01 00:00:00,미부착,,개방 가능,공공누리 1유형,,,O,,,,,단순 정보,
1404,철도산업정보센터,HOME > 철도역사관 > 철도통합연표,철도통합연표,을종승차권 대매소로 지정,,1967-09-01 00:00:00,미부착,,개방 가능,공공누리 1유형,,,O,,,,,단순 정보,
1405,철도산업정보센터,HOME > 철도역사관 > 철도통합연표,철도통합연표,을종승차권 대매소로 지정,,1967-09-01 00:00:00,미부착,,개방 가능,공공누리 1유형,,,O,,,,,단순 정보,
1406,철도산업정보센터,HOME > 철도역사관 > 철도통합연표,철도통합연표,을종승차권 대매소로 지정,,1967-09-01 00:00:00,미부착,,개방 가능,공공누리 1유형,,,O,,,,,단순 정보,
1407,철도산업정보센터,HOME > 철도역사관 > 철도통합연표,철도통합연표,을종승차권 대매소로 지정,,1967-09-01 00:00:00,미부착,,개방 가능,공공누리 1유형,,,O,,,,,단순 정보,
1408,철도산업정보센터,HOME > 철도역사관 > 철도통합연표,철도통합연표,을종승차권 대매소로 지정,,1967-09-01 00:00:00,미부착,,개방 가능,공공누리 1유형,,,O,,,,,단순 정보,
1409,철도산업정보센터,HOME > 철도역사관 > 철도통합연표,철도통합연표,을종승차권 대매소로 지정,,1967-09-01 00:00:00,미부착,,개방 가능,공공누리 1유형,,,O,,,,,단순 정보,
1410,철도산업정보센터,HOME > 철도역사관 > 철도통합연표,철도통합연표,을종승차권 대매소로 지정,,1967-09-01 00:00:00,미부착,,개방 가능,공공누리 1유형,,,O,,,,,단순 정보,
1411,철도산업정보센터,HOME > 철도역사관 > 철도통합연표,철도통합연표,역사 증축 준공,,1967-09-06 00:00:00,미부착,,개방 가능,공공누리 1유형,,,O,,,,,단순 정보,
1412,철도산업정보센터,HOME > 철도역사관 > 철도통합연표,철도통합연표,현재의 역사준공,,1967-09-16 00:00:00,미부착,,개방 가능,공공누리 1유형,,,O,,,,,단순 정보,
1413,철도산업정보센터,HOME > 철도역사관 > 철도통합연표,철도통합연표,현재의 역사준공,,1967-09-19 00:00:00,미부착,,개방 가능,공공누리 1유형,,,O,,,,,단순 정보,
1414,철도산업정보센터,HOME > 철도역사관 > 철도통합연표,철도통합연표,역사 신축 착공,,1967-10-05 00:00:00,미부착,,개방 가능,공공누리 1유형,,,O,,,,,단순 정보,
1415,철도산업정보센터,HOME > 철도역사관 > 철도통합연표,철도통합연표,서기관역으로 승격,,1967-10-21 00:00:00,미부착,,개방 가능,공공누리 1유형,,,O,,,,,단순 정보,
1416,철도산업정보센터,HOME > 철도역사관 > 철도통합연표,철도통합연표,소룡리역에서 미룡역으로 개칭,,1967-10-26 00:00:00,미부착,,개방 가능,공공누리 1유형,,,O,,,,,단순 정보,
1417,철도산업정보센터,HOME > 철도역사관 > 철도통합연표,철도통합연표,성주사역 개역.,,1967-11-11 00:00:00,미부착,,개방 가능,공공누리 1유형,,,O,,,,,단순 정보,
1418,철도산업정보센터,HOME > 철도역사관 > 철도통합연표,철도통합연표,현재위치로 이전,,1967-11-11 00:00:00,미부착,,개방 가능,공공누리 1유형,,,O,,,,,단순 정보,
1419,철도산업정보센터,HOME > 철도역사관 > 철도통합연표,철도통합연표,보통역으로 영업개시,,1967-11-15 00:00:00,미부착,,개방 가능,공공누리 1유형,,,O,,,,,단순 정보,
1420,철도산업정보센터,HOME > 철도역사관 > 철도통합연표,철도통합연표,보통역으로 승격,,1967-11-15 00:00:00,미부착,,개방 가능,공공누리 1유형,,,O,,,,,단순 정보,
1421,철도산업정보센터,HOME > 철도역사관 > 철도통합연표,철도통합연표,보통역으로 승격,,1967-11-25 00:00:00,미부착,,개방 가능,공공누리 1유형,,,O,,,,,단순 정보,
1422,철도산업정보센터,HOME > 철도역사관 > 철도통합연표,철도통합연표,현위치에 역사준공,,1967-12-20 00:00:00,미부착,,개방 가능,공공누리 1유형,,,O,,,,,단순 정보,
1423,철도산업정보센터,HOME > 철도역사관 > 철도통합연표,철도통합연표,역사준공(북평선 개통),,1967-12-30 00:00:00,미부착,,개방 가능,공공누리 1유형,,,O,,,,,단순 정보,
1424,철도산업정보센터,HOME > 철도역사관 > 철도통합연표,철도통합연표,현재의 위치로 역사이전.,,1968-00-00,미부착,,개방 가능,공공누리 1유형,,,O,,,,,단순 정보,
1425,철도산업정보센터,HOME > 철도역사관 > 철도통합연표,철도통합연표,묵호항선 용량 증대를 위한 복선화 공사 착공.,,1968-01-04 00:00:00,미부착,,개방 가능,공공누리 1유형,,,O,,,,,단순 정보,
1426,철도산업정보센터,HOME > 철도역사관 > 철도통합연표,철도통합연표,보통역으로 영업개시(화물한 취급),,1968-01-25 00:00:00,미부착,,개방 가능,공공누리 1유형,,,O,,,,,단순 정보,
1427,철도산업정보센터,HOME > 철도역사관 > 철도통합연표,철도통합연표,4급역으로 승격,,1968-02-01 00:00:00,미부착,,개방 가능,공공누리 1유형,,,O,,,,,단순 정보,
1428,철도산업정보센터,HOME > 철도역사관 > 철도통합연표,철도통합연표,진주-순천 개통,,1968-02-07 00:00:00,미부착,,개방 가능,공공누리 1유형,,,O,,,,,단순 정보,
1429,철도산업정보센터,HOME > 철도역사관 > 철도통합연표,철도통합연표,경전선(진주 ~ 광양) 개통,,1968-02-07 00:00:00,미부착,,개방 가능,공공누리 1유형,,,O,,,,,단순 정보,
1430,철도산업정보센터,HOME > 철도역사관 > 철도통합연표,철도통합연표,보통역으로 영업개시,,1968-02-07 00:00:00,미부착,,개방 가능,공공누리 1유형,,,O,,,,,단순 정보,
1431,철도산업정보센터,HOME > 철도역사관 > 철도통합연표,철도통합연표,삼화역 영업 개시.,,1968-02-25 00:00:00,미부착,,개방 가능,공공누리 1유형,,,O,,,,,단순 정보,
1432,철도산업정보센터,HOME > 철도역사관 > 철도통합연표,철도통합연표,현재의 역사준공.,,1968-02-29 00:00:00,미부착,,개방 가능,공공누리 1유형,,,O,,,,,단순 정보,
1433,철도산업정보센터,HOME > 철도역사관 > 철도통합연표,철도통합연표,현재의 역사 준공.,,1968-02-29 00:00:00,미부착,,개방 가능,공공누리 1유형,,,O,,,,,단순 정보,
1434,철도산업정보센터,HOME > 철도역사관 > 철도통합연표,철도통합연표,현재의 역사준공.,,1968-03-02 00:00:00,미부착,,개방 가능,공공누리 1유형,,,O,,,,,단순 정보,
1435,철도산업정보센터,HOME > 철도역사관 > 철도통합연표,철도통합연표,역사준공.,,1968-03-02 00:00:00,미부착,,개방 가능,공공누리 1유형,,,O,,,,,단순 정보,
1436,철도산업정보센터,HOME > 철도역사관 > 철도통합연표,철도통합연표,역사 준공,,1968-03-02 00:00:00,미부착,,개방 가능,공공누리 1유형,,,O,,,,,단순 정보,
1437,철도산업정보센터,HOME > 철도역사관 > 철도통합연표,철도통합연표,여객 열차 운행 개시.,,1968-04-01 00:00:00,미부착,,개방 가능,공공누리 1유형,,,O,,,,,단순 정보,
1438,철도산업정보센터,HOME > 철도역사관 > 철도통합연표,철도통합연표,임시승강장 폐지와 함께 무배치간이역으로 영업개시,,1968-04-01 00:00:00,미부착,,개방 가능,공공누리 1유형,,,O,,,,,단순 정보,
1439,철도산업정보센터,HOME > 철도역사관 > 철도통합연표,철도통합연표,백양리역 관리역 지정,,1968-04-01 00:00:00,미부착,,개방 가능,공공누리 1유형,,,O,,,,,단순 정보,
1440,철도산업정보센터,HOME > 철도역사관 > 철도통합연표,철도통합연표,여객취급 개시,,1968-04-01 00:00:00,미부착,,개방 가능,공공누리 1유형,,,O,,,,,단순 정보,
1441,철도산업정보센터,HOME > 철도역사관 > 철도통합연표,철도통합연표,위치변경(대전기점 78.1km→76.4km),,1968-04-01 00:00:00,미부착,,개방 가능,공공누리 1유형,,,O,,,,,단순 정보,
1442,철도산업정보센터,HOME > 철도역사관 > 철도통합연표,철도통합연표,소화물취급 개시,,1968-04-18 00:00:00,미부착,,개방 가능,공공누리 1유형,,,O,,,,,단순 정보,
1443,철도산업정보센터,HOME > 철도역사관 > 철도통합연표,철도통합연표,여천선 덕양~적량간 착공,,1968-04-23 00:00:00,미부착,,개방 가능,공공누리 1유형,,,O,,,,,단순 정보,
1444,철도산업정보센터,HOME > 철도역사관 > 철도통합연표,철도통합연표,괴동선 효자~괴동간 구간 착공.,,1968-04-25 00:00:00,미부착,,개방 가능,공공누리 1유형,,,O,,,,,단순 정보,
1445,철도산업정보센터,HOME > 철도역사관 > 철도통합연표,철도통합연표,역사 신축 착공,,1968-05-01 00:00:00,미부착,,개방 가능,공공누리 1유형,,,O,,,,,단순 정보,
1446,철도산업정보센터,HOME > 철도역사관 > 철도통합연표,철도통합연표,청자갈선 신설,,1968-05-10 00:00:00,미부착,,개방 가능,공공누리 1유형,,,O,,,,,단순 정보,
1447,철도산업정보센터,HOME > 철도역사관 > 철도통합연표,철도통합연표,임시승강장 폐지,,1968-06-20 00:00:00,미부착,,개방 가능,공공누리 1유형,,,O,,,,,단순 정보,
1448,철도산업정보센터,HOME > 철도역사관 > 철도통합연표,철도통합연표,무배치간이역으로 영업개시,,1968-06-21 00:00:00,미부착,,개방 가능,공공누리 1유형,,,O,,,,,단순 정보,
1449,철도산업정보센터,HOME > 철도역사관 > 철도통합연표,철도통합연표,"자갈선설치, 채석장 운영",,1968-07-10 00:00:00,미부착,,개방 가능,공공누리 1유형,,,O,,,,,단순 정보,
1450,철도산업정보센터,HOME > 철도역사관 > 철도통합연표,철도통합연표,을종승차권대매소 설치,,1968-07-16 00:00:00,미부착,,개방 가능,공공누리 1유형,,,O,,,,,단순 정보,
1451,철도산업정보센터,HOME > 철도역사관 > 철도통합연표,철도통합연표,을종승차권대매소로 지정,,1968-07-20 00:00:00,미부착,,개방 가능,공공누리 1유형,,,O,,,,,단순 정보,
1452,철도산업정보센터,HOME > 철도역사관 > 철도통합연표,철도통합연표,임시승강장으로 개역,,1968-08-01 00:00:00,미부착,,개방 가능,공공누리 1유형,,,O,,,,,단순 정보,
1453,철도산업정보센터,HOME > 철도역사관 > 철도통합연표,철도통합연표,역사준공,,1968-08-30 00:00:00,미부착,,개방 가능,공공누리 1유형,,,O,,,,,단순 정보,
1454,철도산업정보센터,HOME > 철도역사관 > 철도통합연표,철도통합연표,보통역으로 영업개시,,1968-09-01 00:00:00,미부착,,개방 가능,공공누리 1유형,,,O,,,,,단순 정보,
1455,철도산업정보센터,HOME > 철도역사관 > 철도통합연표,철도통합연표,보통역으로 영업개시(감수역),,1968-09-01 00:00:00,미부착,,개방 가능,공공누리 1유형,,,O,,,,,단순 정보,
1456,철도산업정보센터,HOME > 철도역사관 > 철도통합연표,철도통합연표,역명변경(감수→북전주),,1968-09-01 00:00:00,미부착,,개방 가능,공공누리 1유형,,,O,,,,,단순 정보,
1457,철도산업정보센터,HOME > 철도역사관 > 철도통합연표,철도통합연표,역사 개량 착공,,1968-09-21 00:00:00,미부착,,개방 가능,공공누리 1유형,,,O,,,,,단순 정보,
1458,철도산업정보센터,HOME > 철도역사관 > 철도통합연표,철도통합연표,역사준공,,1968-10-01 00:00:00,미부착,,개방 가능,공공누리 1유형,,,O,,,,,단순 정보,
1459,철도산업정보센터,HOME > 철도역사관 > 철도통합연표,철도통합연표,C.T.C 개통,,1968-10-22 00:00:00,미부착,,개방 가능,공공누리 1유형,,,O,,,,,단순 정보,
1460,철도산업정보센터,HOME > 철도역사관 > 철도통합연표,철도통합연표,현재의 역사준공.,,1968-11-01 00:00:00,미부착,,개방 가능,공공누리 1유형,,,O,,,,,단순 정보,
1461,철도산업정보센터,HOME > 철도역사관 > 철도통합연표,철도통합연표,역사준공.,,1968-11-05 00:00:00,미부착,,개방 가능,공공누리 1유형,,,O,,,,,단순 정보,
1462,철도산업정보센터,HOME > 철도역사관 > 철도통합연표,철도통합연표,역사이전(북문로→우암로),,1968-11-08 00:00:00,미부착,,개방 가능,공공누리 1유형,,,O,,,,,단순 정보,
1463,철도산업정보센터,HOME > 철도역사관 > 철도통합연표,철도통합연표,역사신축 착공,,1968-11-23 00:00:00,미부착,,개방 가능,공공누리 1유형,,,O,,,,,단순 정보,
1464,철도산업정보센터,HOME > 철도역사관 > 철도통합연표,철도통합연표,현재의 역사준공.,,1968-11-29 00:00:00,미부착,,개방 가능,공공누리 1유형,,,O,,,,,단순 정보,
1465,철도산업정보센터,HOME > 철도역사관 > 철도통합연표,철도통합연표,묵호항선 북평~묵호항 간 5.1km 및 묵호~묵호항 간 0.8km 완공,,1968-12-30 00:00:00,미부착,,개방 가능,공공누리 1유형,,,O,,,,,단순 정보,
1466,철도산업정보센터,HOME > 철도역사관 > 철도통합연표,철도통합연표,역사 개량 준공,,1968-12-30 00:00:00,미부착,,개방 가능,공공누리 1유형,,,O,,,,,단순 정보,
1467,철도산업정보센터,HOME > 철도역사관 > 철도통합연표,철도통합연표,역사준공,,1968-12-30 00:00:00,미부착,,개방 가능,공공누리 1유형,,,O,,,,,단순 정보,
1468,철도산업정보센터,HOME > 철도역사관 > 철도통합연표,철도통합연표,역사준공,,1968-12-30 00:00:00,미부착,,개방 가능,공공누리 1유형,,,O,,,,,단순 정보,
1469,철도산업정보센터,HOME > 철도역사관 > 철도통합연표,철도통합연표,임시승강장으로 개역,,1969-01-17 00:00:00,미부착,,개방 가능,공공누리 1유형,,,O,,,,,단순 정보,
1470,철도산업정보센터,HOME > 철도역사관 > 철도통합연표,철도통합연표,임시승강장을 폐지하고 신호장을 신설(서울기점 218.0km),,1969-01-17 00:00:00,미부착,,개방 가능,공공누리 1유형,,,O,,,,,단순 정보,
1471,철도산업정보센터,HOME > 철도역사관 > 철도통합연표,철도통합연표,역사증축,,1969-01-22 00:00:00,미부착,,개방 가능,공공누리 1유형,,,O,,,,,단순 정보,
1472,철도산업정보센터,HOME > 철도역사관 > 철도통합연표,철도통합연표,경부선에 특급 「관광호」 운행,,1969-02-10 00:00:00,미부착,,개방 가능,공공누리 1유형,,,O,,,,,단순 정보,
1473,철도산업정보센터,HOME > 철도역사관 > 철도통합연표,철도통합연표,남부역사 준공,,1969-02-14 00:00:00,미부착,,개방 가능,공공누리 1유형,,,O,,,,,단순 정보,
1474,철도산업정보센터,HOME > 철도역사관 > 철도통합연표,철도통합연표,역사 준공,,1969-02-20 00:00:00,미부착,,개방 가능,공공누리 1유형,,,O,,,,,단순 정보,
1475,철도산업정보센터,HOME > 철도역사관 > 철도통합연표,철도통합연표,역사준공,,1969-02-20 00:00:00,미부착,,개방 가능,공공누리 1유형,,,O,,,,,단순 정보,
1476,철도산업정보센터,HOME > 철도역사관 > 철도통합연표,철도통합연표,신호소로 개역,,1969-02-21 00:00:00,미부착,,개방 가능,공공누리 1유형,,,O,,,,,단순 정보,
1477,철도산업정보센터,HOME > 철도역사관 > 철도통합연표,철도통합연표,보통역으로 승격,,1969-02-21 00:00:00,미부착,,개방 가능,공공누리 1유형,,,O,,,,,단순 정보,
1478,철도산업정보센터,HOME > 철도역사관 > 철도통합연표,철도통합연표,망우 무연탄 하화장 준공,,1969-02-22 00:00:00,미부착,,개방 가능,공공누리 1유형,,,O,,,,,단순 정보,
1479,철도산업정보센터,HOME > 철도역사관 > 철도통합연표,철도통합연표,신호소로 부활하여 개역,,1969-03-25 00:00:00,미부착,,개방 가능,공공누리 1유형,,,O,,,,,단순 정보,
1480,철도산업정보센터,HOME > 철도역사관 > 철도통합연표,철도통합연표,무배치간이역으로 변경,,1969-04-10 00:00:00,미부착,,개방 가능,공공누리 1유형,,,O,,,,,단순 정보,
1481,철도산업정보센터,HOME > 철도역사관 > 철도통합연표,철도통합연표,배치간이역에서 무배치간이역으로 격하,,1969-04-10 00:00:00,미부착,,개방 가능,공공누리 1유형,,,O,,,,,단순 정보,
1482,철도산업정보센터,HOME > 철도역사관 > 철도통합연표,철도통합연표,배치간이역으로 승격,,1969-04-10 00:00:00,미부착,,개방 가능,공공누리 1유형,,,O,,,,,단순 정보,
1483,철도산업정보센터,HOME > 철도역사관 > 철도통합연표,철도통합연표,무배치간이역으로 격하,,1969-04-10 00:00:00,미부착,,개방 가능,공공누리 1유형,,,O,,,,,단순 정보,
1484,철도산업정보센터,HOME > 철도역사관 > 철도통합연표,철도통합연표,무배치간이역으로 격하,,1969-04-10 00:00:00,미부착,,개방 가능,공공누리 1유형,,,O,,,,,단순 정보,
1485,철도산업정보센터,HOME > 철도역사관 > 철도통합연표,철도통합연표,역사 신축 착공,,1969-04-21 00:00:00,미부착,,개방 가능,공공누리 1유형,,,O,,,,,단순 정보,
1486,철도산업정보센터,HOME > 철도역사관 > 철도통합연표,철도통합연표,덕양~적량간 10.2km 영업개시,,1969-05-01 00:00:00,미부착,,개방 가능,공공누리 1유형,,,O,,,,,단순 정보,
1487,철도산업정보센터,HOME > 철도역사관 > 철도통합연표,철도통합연표,보통역으로 영업개시,,1969-05-01 00:00:00,미부착,,개방 가능,공공누리 1유형,,,O,,,,,단순 정보,
1488,철도산업정보센터,HOME > 철도역사관 > 철도통합연표,철도통합연표,덕양기점으로 여천선 개통,,1969-05-01 00:00:00,미부착,,개방 가능,공공누리 1유형,,,O,,,,,단순 정보,
1489,철도산업정보센터,HOME > 철도역사관 > 철도통합연표,철도통합연표,"경부선, 호남선 열차무선시스템 개통 (150㎒대, 단일주파 단신 공간 파방식)",,1969-05-15 00:00:00,미부착,,개방 가능,공공누리 1유형,,,O,,,,,단순 정보,
1490,철도산업정보센터,HOME > 철도역사관 > 철도통합연표,철도통합연표,역사신축 준공과 동시에 보통역으로 영업개시,,1969-06-10 00:00:00,미부착,,개방 가능,공공누리 1유형,,,O,,,,,단순 정보,
1491,철도산업정보센터,HOME > 철도역사관 > 철도통합연표,철도통합연표,부산역과 분리,,1969-06-10 00:00:00,미부착,,개방 가능,공공누리 1유형,,,O,,,,,단순 정보,
1492,철도산업정보센터,HOME > 철도역사관 > 철도통합연표,철도통합연표,"부산역 영업재개, 현재의 위치로 이전 및 역사준공",,1969-06-10 00:00:00,미부착,,개방 가능,공공누리 1유형,,,O,,,,,단순 정보,
1493,철도산업정보센터,HOME > 철도역사관 > 철도통합연표,철도통합연표,문경선 개통,,1969-06-10 00:00:00,미부착,,개방 가능,공공누리 1유형,,,O,,,,,단순 정보,
1494,철도산업정보센터,HOME > 철도역사관 > 철도통합연표,철도통합연표,현재의 역사로 이전,,1969-06-11 00:00:00,미부착,,개방 가능,공공누리 1유형,,,O,,,,,단순 정보,
1495,철도산업정보센터,HOME > 철도역사관 > 철도통합연표,철도통합연표,임시승강장에서 배치간이역으로 승격,,1969-06-12 00:00:00,미부착,,개방 가능,공공누리 1유형,,,O,,,,,단순 정보,
1496,철도산업정보센터,HOME > 철도역사관 > 철도통합연표,철도통합연표,문경선 진남~문경간 12km 구간 개통으로 진남~가은선으로 분리,,1969-06-20 00:00:00,미부착,,개방 가능,공공누리 1유형,,,O,,,,,단순 정보,
1497,철도산업정보센터,HOME > 철도역사관 > 철도통합연표,철도통합연표,보통역으로 영업개시,,1969-06-20 00:00:00,미부착,,개방 가능,공공누리 1유형,,,O,,,,,단순 정보,
1498,철도산업정보센터,HOME > 철도역사관 > 철도통합연표,철도통합연표,보통역으로 영업개시,,1969-06-20 00:00:00,미부착,,개방 가능,공공누리 1유형,,,O,,,,,단순 정보,
1499,철도산업정보센터,HOME > 철도역사관 > 철도통합연표,철도통합연표,무배치간이역으로 영업개시,,1969-06-20 00:00:00,미부착,,개방 가능,공공누리 1유형,,,O,,,,,단순 정보,
1500,철도산업정보센터,HOME > 철도역사관 > 철도통합연표,철도통합연표,화물취급 중지,,1969-06-21 00:00:00,미부착,,개방 가능,공공누리 1유형,,,O,,,,,단순 정보,
1501,철도산업정보센터,HOME > 철도역사관 > 철도통합연표,철도통합연표,호남정유전용선 발착차급 취급에 한하여 화물취급지정,,1969-06-21 00:00:00,미부착,,개방 가능,공공누리 1유형,,,O,,,,,단순 정보,
1502,철도산업정보센터,HOME > 철도역사관 > 철도통합연표,철도통합연표,신호소 사용중지,,1969-06-23 00:00:00,미부착,,개방 가능,공공누리 1유형,,,O,,,,,단순 정보,
1503,철도산업정보센터,HOME > 철도역사관 > 철도통합연표,철도통합연표,신호장으로 영업개시,,1969-06-25 00:00:00,미부착,,개방 가능,공공누리 1유형,,,O,,,,,단순 정보,
1504,철도산업정보센터,HOME > 철도역사관 > 철도통합연표,철도통합연표,역사신축 준공,,1969-06-29 00:00:00,미부착,,개방 가능,공공누리 1유형,,,O,,,,,단순 정보,
1505,철도산업정보센터,HOME > 철도역사관 > 철도통합연표,철도통합연표,역사 개축,,1969-07-01 00:00:00,미부착,,개방 가능,공공누리 1유형,,,O,,,,,단순 정보,
1506,철도산업정보센터,HOME > 철도역사관 > 철도통합연표,철도통합연표,호남정유(현 LG정유) 저유소 전용1번선 사용개시,,1969-07-21 00:00:00,미부착,,개방 가능,공공누리 1유형,,,O,,,,,단순 정보,
1507,철도산업정보센터,HOME > 철도역사관 > 철도통합연표,철도통합연표,현재의 위치로 역사 이전,,1969-07-25 00:00:00,미부착,,개방 가능,공공누리 1유형,,,O,,,,,단순 정보,
1508,철도산업정보센터,HOME > 철도역사관 > 철도통합연표,철도통합연표,역사신축준공,,1969-07-28 00:00:00,미부착,,개방 가능,공공누리 1유형,,,O,,,,,단순 정보,
1509,철도산업정보센터,HOME > 철도역사관 > 철도통합연표,철도통합연표,배치간이역에서 무배치간이역으로 격하,,1969-08-00,미부착,,개방 가능,공공누리 1유형,,,O,,,,,단순 정보,
1510,철도산업정보센터,HOME > 철도역사관 > 철도통합연표,철도통합연표,무배치간이역으로 영업개시,,1969-08-01 00:00:00,미부착,,개방 가능,공공누리 1유형,,,O,,,,,단순 정보,
1511,철도산업정보센터,HOME > 철도역사관 > 철도통합연표,철도통합연표,무배치간이역으로 격하,,1969-08-01 00:00:00,미부착,,개방 가능,공공누리 1유형,,,O,,,,,단순 정보,
1512,철도산업정보센터,HOME > 철도역사관 > 철도통합연표,철도통합연표,무배치간이역으로 격하,,1969-08-01 00:00:00,미부착,,개방 가능,공공누리 1유형,,,O,,,,,단순 정보,
1513,철도산업정보센터,HOME > 철도역사관 > 철도통합연표,철도통합연표,무배치간이역으로 격하,,1969-08-01 00:00:00,미부착,,개방 가능,공공누리 1유형,,,O,,,,,단순 정보,
1514,철도산업정보센터,HOME > 철도역사관 > 철도통합연표,철도통합연표,배치간이역에서 무배치간이역으로 격하,,1969-08-01 00:00:00,미부착,,개방 가능,공공누리 1유형,,,O,,,,,단순 정보,
1515,철도산업정보센터,HOME > 철도역사관 > 철도통합연표,철도통합연표,무배치간이역으로 격하,,1969-08-01 00:00:00,미부착,,개방 가능,공공누리 1유형,,,O,,,,,단순 정보,
1516,철도산업정보센터,HOME > 철도역사관 > 철도통합연표,철도통합연표,배치간이역에서 무배치간이역으로 격하,,1969-08-01 00:00:00,미부착,,개방 가능,공공누리 1유형,,,O,,,,,단순 정보,
1517,철도산업정보센터,HOME > 철도역사관 > 철도통합연표,철도통합연표,배치간이역에서 무배치간이역으로 격하,,1969-08-01 00:00:00,미부착,,개방 가능,공공누리 1유형,,,O,,,,,단순 정보,
1518,철도산업정보센터,HOME > 철도역사관 > 철도통합연표,철도통합연표,무배치간이역으로 격하,,1969-08-01 00:00:00,미부착,,개방 가능,공공누리 1유형,,,O,,,,,단순 정보,
1519,철도산업정보센터,HOME > 철도역사관 > 철도통합연표,철도통합연표,배치간이역에서 무배치간이역으로 격하,,1969-08-01 00:00:00,미부착,,개방 가능,공공누리 1유형,,,O,,,,,단순 정보,
1520,철도산업정보센터,HOME > 철도역사관 > 철도통합연표,철도통합연표,무배치간이역으로 격하,,1969-08-01 00:00:00,미부착,,개방 가능,공공누리 1유형,,,O,,,,,단순 정보,
1521,철도산업정보센터,HOME > 철도역사관 > 철도통합연표,철도통합연표,무배치간이역으로 격하,,1969-08-01 00:00:00,미부착,,개방 가능,공공누리 1유형,,,O,,,,,단순 정보,
1522,철도산업정보센터,HOME > 철도역사관 > 철도통합연표,철도통합연표,무배치간이역으로 격하,,1969-08-01 00:00:00,미부착,,개방 가능,공공누리 1유형,,,O,,,,,단순 정보,
1523,철도산업정보센터,HOME > 철도역사관 > 철도통합연표,철도통합연표,무배치간이역으로 격하,,1969-08-01 00:00:00,미부착,,개방 가능,공공누리 1유형,,,O,,,,,단순 정보,
1524,철도산업정보센터,HOME > 철도역사관 > 철도통합연표,철도통합연표,배치간이역에서 무배치간이역으로 격하,,1969-08-01 00:00:00,미부착,,개방 가능,공공누리 1유형,,,O,,,,,단순 정보,
1525,철도산업정보센터,HOME > 철도역사관 > 철도통합연표,철도통합연표,배치간이역에서 무배치간이역으로 격하,,1969-08-01 00:00:00,미부착,,개방 가능,공공누리 1유형,,,O,,,,,단순 정보,
1526,철도산업정보센터,HOME > 철도역사관 > 철도통합연표,철도통합연표,무배치간이역으로 격하,,1969-08-01 00:00:00,미부착,,개방 가능,공공누리 1유형,,,O,,,,,단순 정보,
1527,철도산업정보센터,HOME > 철도역사관 > 철도통합연표,철도통합연표,무배치간이역으로 격하,,1969-08-01 00:00:00,미부착,,개방 가능,공공누리 1유형,,,O,,,,,단순 정보,
1528,철도산업정보센터,HOME > 철도역사관 > 철도통합연표,철도통합연표,무배치간이역으로 격하,,1969-08-01 00:00:00,미부착,,개방 가능,공공누리 1유형,,,O,,,,,단순 정보,
1529,철도산업정보센터,HOME > 철도역사관 > 철도통합연표,철도통합연표,사무관역으로 승격,,1969-08-19 00:00:00,미부착,,개방 가능,공공누리 1유형,,,O,,,,,단순 정보,
1530,철도산업정보센터,HOME > 철도역사관 > 철도통합연표,철도통합연표,고한선 고한~황지간 착공.,,1969-08-23 00:00:00,미부착,,개방 가능,공공누리 1유형,,,O,,,,,단순 정보,
1531,철도산업정보센터,HOME > 철도역사관 > 철도통합연표,철도통합연표,현재의 역사준공.,,1969-08-28 00:00:00,미부착,,개방 가능,공공누리 1유형,,,O,,,,,단순 정보,
1532,철도산업정보센터,HOME > 철도역사관 > 철도통합연표,철도통합연표,무배치간이역으로 격하,,1969-09-01 00:00:00,미부착,,개방 가능,공공누리 1유형,,,O,,,,,단순 정보,
1533,철도산업정보센터,HOME > 철도역사관 > 철도통합연표,철도통합연표,역명변경(광석→개태사),,1969-10-01 00:00:00,미부착,,개방 가능,공공누리 1유형,,,O,,,,,단순 정보,
1534,철도산업정보센터,HOME > 철도역사관 > 철도통합연표,철도통합연표,보통역으로 승격,,1969-10-01 00:00:00,미부착,,개방 가능,공공누리 1유형,,,O,,,,,단순 정보,
1535,철도산업정보센터,HOME > 철도역사관 > 철도통합연표,철도통합연표,현재의 역사준공,,1969-10-05 00:00:00,미부착,,개방 가능,공공누리 1유형,,,O,,,,,단순 정보,
1536,철도산업정보센터,HOME > 철도역사관 > 철도통합연표,철도통합연표,효자~괴동간 6.5km 구간 완공.,,1969-10-07 00:00:00,미부착,,개방 가능,공공누리 1유형,,,O,,,,,단순 정보,
1537,철도산업정보센터,HOME > 철도역사관 > 철도통합연표,철도통합연표,정선~나전간 9.9km 완공.,,1969-10-15 00:00:00,미부착,,개방 가능,공공누리 1유형,,,O,,,,,단순 정보,
1538,철도산업정보센터,HOME > 철도역사관 > 철도통합연표,철도통합연표,보통역으로 영업개시,,1969-10-15 00:00:00,미부착,,개방 가능,공공누리 1유형,,,O,,,,,단순 정보,
1539,철도산업정보센터,HOME > 철도역사관 > 철도통합연표,철도통합연표,역사신축.,,1969-12-00,미부착,,개방 가능,공공누리 1유형,,,O,,,,,단순 정보,
1540,철도산업정보센터,HOME > 철도역사관 > 철도통합연표,철도통합연표,구역사 준공,,1969-12-18 00:00:00,미부착,,개방 가능,공공누리 1유형,,,O,,,,,단순 정보,
1541,철도산업정보센터,HOME > 철도역사관 > 철도통합연표,철도통합연표,역사준공,,1969-12-27 00:00:00,미부착,,개방 가능,공공누리 1유형,,,O,,,,,단순 정보,
1542,철도산업정보센터,HOME > 철도역사관 > 철도통합연표,철도통합연표,폐역,,1970-01-01 00:00:00,미부착,,개방 가능,공공누리 1유형,,,O,,,,,단순 정보,
1543,철도산업정보센터,HOME > 철도역사관 > 철도통합연표,철도통합연표,화물취급 개시,,1970-01-01 00:00:00,미부착,,개방 가능,공공누리 1유형,,,O,,,,,단순 정보,
1544,철도산업정보센터,HOME > 철도역사관 > 철도통합연표,철도통합연표,묵호항~묵호간 연결선 개통,,1970-01-01 00:00:00,미부착,,개방 가능,공공누리 1유형,,,O,,,,,단순 정보,
1545,철도산업정보센터,HOME > 철도역사관 > 철도통합연표,철도통합연표,을종승차권대매소로 지정,,1970-01-01 00:00:00,미부착,,개방 가능,공공누리 1유형,,,O,,,,,단순 정보,
1546,철도산업정보센터,HOME > 철도역사관 > 철도통합연표,철도통합연표,신호장으로 영업개시,,1970-01-16 00:00:00,미부착,,개방 가능,공공누리 1유형,,,O,,,,,단순 정보,
1547,철도산업정보센터,HOME > 철도역사관 > 철도통합연표,철도통합연표,역사소실로 신축 준공,,1970-02-13 00:00:00,미부착,,개방 가능,공공누리 1유형,,,O,,,,,단순 정보,
1548,철도산업정보센터,HOME > 철도역사관 > 철도통합연표,철도통합연표,"보통역으로 승격, 역사준공",,1970-02-20 00:00:00,미부착,,개방 가능,공공누리 1유형,,,O,,,,,단순 정보,
1549,철도산업정보센터,HOME > 철도역사관 > 철도통합연표,철도통합연표,"배치간이역에서 보통역으로 승격, 현재의 역사 준공",,1970-02-20 00:00:00,미부착,,개방 가능,공공누리 1유형,,,O,,,,,단순 정보,
1550,철도산업정보센터,HOME > 철도역사관 > 철도통합연표,철도통합연표,역사신축착공,,1970-02-20 00:00:00,미부착,,개방 가능,공공누리 1유형,,,O,,,,,단순 정보,
1551,철도산업정보센터,HOME > 철도역사관 > 철도통합연표,철도통합연표,역명변경(적봉→송탄) 및 보통역으로 승격,,1970-03-01 00:00:00,미부착,,개방 가능,공공누리 1유형,,,O,,,,,단순 정보,
1552,철도산업정보센터,HOME > 철도역사관 > 철도통합연표,철도통합연표,소급화물 및 수소화물취급 정지,,1970-03-21 00:00:00,미부착,,개방 가능,공공누리 1유형,,,O,,,,,단순 정보,
1553,철도산업정보센터,HOME > 철도역사관 > 철도통합연표,철도통합연표,보통역으로 승격,,1970-04-01 00:00:00,미부착,,개방 가능,공공누리 1유형,,,O,,,,,단순 정보,
1554,철도산업정보센터,HOME > 철도역사관 > 철도통합연표,철도통합연표,무배치간이역으로 변경,,1970-04-01 00:00:00,미부착,,개방 가능,공공누리 1유형,,,O,,,,,단순 정보,
1555,철도산업정보센터,HOME > 철도역사관 > 철도통합연표,철도통합연표,보통역으로 승격,,1970-04-15 00:00:00,미부착,,개방 가능,공공누리 1유형,,,O,,,,,단순 정보,
1556,철도산업정보센터,HOME > 철도역사관 > 철도통합연표,철도통합연표,화물취급 중지,,1970-05-01 00:00:00,미부착,,개방 가능,공공누리 1유형,,,O,,,,,단순 정보,
1557,철도산업정보센터,HOME > 철도역사관 > 철도통합연표,철도통합연표,지하철건설본부 발족,,1970-06-08 00:00:00,미부착,,개방 가능,공공누리 1유형,,,O,,,,,단순 정보,
1558,철도산업정보센터,HOME > 철도역사관 > 철도통합연표,철도통합연표,역사착공,,1970-06-20 00:00:00,미부착,,개방 가능,공공누리 1유형,,,O,,,,,단순 정보,
1559,철도산업정보센터,HOME > 철도역사관 > 철도통합연표,철도통합연표,사무관역으로 승격,,1970-07-13 00:00:00,미부착,,개방 가능,공공누리 1유형,,,O,,,,,단순 정보,
1560,철도산업정보센터,HOME > 철도역사관 > 철도통합연표,철도통합연표,역사준공,,1970-08-30 00:00:00,미부착,,개방 가능,공공누리 1유형,,,O,,,,,단순 정보,
1561,철도산업정보센터,HOME > 철도역사관 > 철도통합연표,철도통합연표,현재의 역사준공,,1970-08-30 00:00:00,미부착,,개방 가능,공공누리 1유형,,,O,,,,,단순 정보,
1562,철도산업정보센터,HOME > 철도역사관 > 철도통합연표,철도통합연표,보통역으로 승격,,1970-09-01 00:00:00,미부착,,개방 가능,공공누리 1유형,,,O,,,,,단순 정보,
1563,철도산업정보센터,HOME > 철도역사관 > 철도통합연표,철도통합연표,현재의 역사 준공과 함께 보통역으로 승격,,1970-09-01 00:00:00,미부착,,개방 가능,공공누리 1유형,,,O,,,,,단순 정보,
1564,철도산업정보센터,HOME > 철도역사관 > 철도통합연표,철도통합연표,보통역으로 승격,,1970-09-01 00:00:00,미부착,,개방 가능,공공누리 1유형,,,O,,,,,단순 정보,
1565,철도산업정보센터,HOME > 철도역사관 > 철도통합연표,철도통합연표,역사신축 및 보통역 승격,,1970-09-01 00:00:00,미부착,,개방 가능,공공누리 1유형,,,O,,,,,단순 정보,
1566,철도산업정보센터,HOME > 철도역사관 > 철도통합연표,철도통합연표,을종승차권 발매소로 지정(목포역관리),,1970-09-20 00:00:00,미부착,,개방 가능,공공누리 1유형,,,O,,,,,단순 정보,
1567,철도산업정보센터,HOME > 철도역사관 > 철도통합연표,철도통합연표,을종대매소로 지정,,1970-09-21 00:00:00,미부착,,개방 가능,공공누리 1유형,,,O,,,,,단순 정보,
1568,철도산업정보센터,HOME > 철도역사관 > 철도통합연표,철도통합연표,임시승강장으로 개역,,1970-10-01 00:00:00,미부착,,개방 가능,공공누리 1유형,,,O,,,,,단순 정보,
1569,철도산업정보센터,HOME > 철도역사관 > 철도통합연표,철도통합연표,답내역 명칭으로 임시승강장으로 개역(마석역 관리),,1970-10-01 00:00:00,미부착,,개방 가능,공공누리 1유형,,,O,,,,,단순 정보,
1570,철도산업정보센터,HOME > 철도역사관 > 철도통합연표,철도통합연표,"괴동역, 포항종합제철전용선 부설. ",,1970-10-30 00:00:00,미부착,,개방 가능,공공누리 1유형,,,O,,,,,단순 정보,
1571,철도산업정보센터,HOME > 철도역사관 > 철도통합연표,철도통합연표,동성판유리선 부설,,1970-11-01 00:00:00,미부착,,개방 가능,공공누리 1유형,,,O,,,,,단순 정보,
1572,철도산업정보센터,HOME > 철도역사관 > 철도통합연표,철도통합연표,역사소실,,1970-12-17 00:00:00,미부착,,개방 가능,공공누리 1유형,,,O,,,,,단순 정보,
1573,철도산업정보센터,HOME > 철도역사관 > 철도통합연표,철도통합연표,역사 신축 착공,,1970-12-30 00:00:00,미부착,,개방 가능,공공누리 1유형,,,O,,,,,단순 정보,
1574,철도산업정보센터,HOME > 철도역사관 > 철도통합연표,철도통합연표,영풍전용선 신설,,1971-00-00,미부착,,개방 가능,공공누리 1유형,,,O,,,,,단순 정보,
1575,철도산업정보센터,HOME > 철도역사관 > 철도통합연표,철도통합연표,제천~고한간 전철화 착공.,,1971-01-04 00:00:00,미부착,,개방 가능,공공누리 1유형,,,O,,,,,단순 정보,
1576,철도산업정보센터,HOME > 철도역사관 > 철도통합연표,철도통합연표,화물 및 구내업무를 동대구역으로 이관,,1971-03-01 00:00:00,미부착,,개방 가능,공공누리 1유형,,,O,,,,,단순 정보,
1577,철도산업정보센터,HOME > 철도역사관 > 철도통합연표,철도통합연표,화물 및 구내업무 개시,,1971-03-01 00:00:00,미부착,,개방 가능,공공누리 1유형,,,O,,,,,단순 정보,
1578,철도산업정보센터,HOME > 철도역사관 > 철도통합연표,철도통합연표,여객취급 개시,,1971-03-20 00:00:00,미부착,,개방 가능,공공누리 1유형,,,O,,,,,단순 정보,
1579,철도산업정보센터,HOME > 철도역사관 > 철도통합연표,철도통합연표,역사 신축 착공,,1971-03-23 00:00:00,미부착,,개방 가능,공공누리 1유형,,,O,,,,,단순 정보,
1580,철도산업정보센터,HOME > 철도역사관 > 철도통합연표,철도통합연표,임시승강장으로 부활,,1971-04-01 00:00:00,미부착,,개방 가능,공공누리 1유형,,,O,,,,,단순 정보,
1581,철도산업정보센터,HOME > 철도역사관 > 철도통합연표,철도통합연표,역사 신축 준공,,1971-04-09 00:00:00,미부착,,개방 가능,공공누리 1유형,,,O,,,,,단순 정보,
1582,철도산업정보센터,HOME > 철도역사관 > 철도통합연표,철도통합연표,임시승강장으로 영업개시,,1971-04-10 00:00:00,미부착,,개방 가능,공공누리 1유형,,,O,,,,,단순 정보,
1583,철도산업정보센터,HOME > 철도역사관 > 철도통합연표,철도통합연표,임시승강장으로 개역,,1971-04-10 00:00:00,미부착,,개방 가능,공공누리 1유형,,,O,,,,,단순 정보,
1584,철도산업정보센터,HOME > 철도역사관 > 철도통합연표,철도통합연표,보통역으로 영업개시,,1971-04-11 00:00:00,미부착,,개방 가능,공공누리 1유형,,,O,,,,,단순 정보,
1585,철도산업정보센터,HOME > 철도역사관 > 철도통합연표,철도통합연표,보통역으로 승격,,1971-04-11 00:00:00,미부착,,개방 가능,공공누리 1유형,,,O,,,,,단순 정보,
1586,철도산업정보센터,HOME > 철도역사관 > 철도통합연표,철도통합연표,지하철 1호선 착공,,1971-04-12 00:00:00,미부착,,개방 가능,공공누리 1유형,,,O,,,,,단순 정보,
1587,철도산업정보센터,HOME > 철도역사관 > 철도통합연표,철도통합연표,임시승강장으로 개역,,1971-05-15 00:00:00,미부착,,개방 가능,공공누리 1유형,,,O,,,,,단순 정보,
1588,철도산업정보센터,HOME > 철도역사관 > 철도통합연표,철도통합연표,역사준공,,1971-05-15 00:00:00,미부착,,개방 가능,공공누리 1유형,,,O,,,,,단순 정보,
1589,철도산업정보센터,HOME > 철도역사관 > 철도통합연표,철도통합연표,나전~여량간 6.1km 완공.,,1971-05-21 00:00:00,미부착,,개방 가능,공공누리 1유형,,,O,,,,,단순 정보,
1590,철도산업정보센터,HOME > 철도역사관 > 철도통합연표,철도통합연표,보통역으로 영업개시,,1971-05-21 00:00:00,미부착,,개방 가능,공공누리 1유형,,,O,,,,,단순 정보,
1591,철도산업정보센터,HOME > 철도역사관 > 철도통합연표,철도통합연표,현재의 역사 준공,,1971-06-01 00:00:00,미부착,,개방 가능,공공누리 1유형,,,O,,,,,단순 정보,
1592,철도산업정보센터,HOME > 철도역사관 > 철도통합연표,철도통합연표,배치간이역으로 승격,,1971-07-11 00:00:00,미부착,,개방 가능,공공누리 1유형,,,O,,,,,단순 정보,
1593,철도산업정보센터,HOME > 철도역사관 > 철도통합연표,철도통합연표,현재의 역사준공,,1971-08-07 00:00:00,미부착,,개방 가능,공공누리 1유형,,,O,,,,,단순 정보,
1594,철도산업정보센터,HOME > 철도역사관 > 철도통합연표,철도통합연표,민수용 무연탄 도착취급역 지정,,1971-09-01 00:00:00,미부착,,개방 가능,공공누리 1유형,,,O,,,,,단순 정보,
1595,철도산업정보센터,HOME > 철도역사관 > 철도통합연표,철도통합연표,무연탄 화물 도착역 지정,,1971-09-10 00:00:00,미부착,,개방 가능,공공누리 1유형,,,O,,,,,단순 정보,
1596,철도산업정보센터,HOME > 철도역사관 > 철도통합연표,철도통합연표,민수용 무연탄 도착취급역 지정,,1971-09-10 00:00:00,미부착,,개방 가능,공공누리 1유형,,,O,,,,,단순 정보,
1597,철도산업정보센터,HOME > 철도역사관 > 철도통합연표,철도통합연표,무연탄화물 도착역 지정,,1971-09-10 00:00:00,미부착,,개방 가능,공공누리 1유형,,,O,,,,,단순 정보,
1598,철도산업정보센터,HOME > 철도역사관 > 철도통합연표,철도통합연표,무연탄 도착화물 취급역 지정,,1971-09-10 00:00:00,미부착,,개방 가능,공공누리 1유형,,,O,,,,,단순 정보,
1599,철도산업정보센터,HOME > 철도역사관 > 철도통합연표,철도통합연표,민수용 무연탄도착취급역 지정,,1971-09-10 00:00:00,미부착,,개방 가능,공공누리 1유형,,,O,,,,,단순 정보,
1600,철도산업정보센터,HOME > 철도역사관 > 철도통합연표,철도통합연표,민수용 무연탄도착화물취급역 지정,,1971-09-10 00:00:00,미부착,,개방 가능,공공누리 1유형,,,O,,,,,단순 정보,
1601,철도산업정보센터,HOME > 철도역사관 > 철도통합연표,철도통합연표,민수용무연탄도착취급역 지정,,1971-09-10 00:00:00,미부착,,개방 가능,공공누리 1유형,,,O,,,,,단순 정보,
1602,철도산업정보센터,HOME > 철도역사관 > 철도통합연표,철도통합연표,민수용무연탄도착화물취급역으로 지정,,1971-09-10 00:00:00,미부착,,개방 가능,공공누리 1유형,,,O,,,,,단순 정보,
1603,철도산업정보센터,HOME > 철도역사관 > 철도통합연표,철도통합연표,민수용 무연탄 도착취급역 지정,,1971-09-10 00:00:00,미부착,,개방 가능,공공누리 1유형,,,O,,,,,단순 정보,
1604,철도산업정보센터,HOME > 철도역사관 > 철도통합연표,철도통합연표,민수용 무연탄도착취급역 지정,,1971-09-10 00:00:00,미부착,,개방 가능,공공누리 1유형,,,O,,,,,단순 정보,
1605,철도산업정보센터,HOME > 철도역사관 > 철도통합연표,철도통합연표,무연탄 화물 도착역 지정,,1971-09-10 00:00:00,미부착,,개방 가능,공공누리 1유형,,,O,,,,,단순 정보,
1606,철도산업정보센터,HOME > 철도역사관 > 철도통합연표,철도통합연표,민수용 무연탄 도착취급역 지정,,1971-09-10 00:00:00,미부착,,개방 가능,공공누리 1유형,,,O,,,,,단순 정보,
1607,철도산업정보센터,HOME > 철도역사관 > 철도통합연표,철도통합연표,민수용 무연탄 도착취급역 지정,,1971-09-10 00:00:00,미부착,,개방 가능,공공누리 1유형,,,O,,,,,단순 정보,
1608,철도산업정보센터,HOME > 철도역사관 > 철도통합연표,철도통합연표,무연탄취급역으로 지정,,1971-09-10 00:00:00,미부착,,개방 가능,공공누리 1유형,,,O,,,,,단순 정보,
1609,철도산업정보센터,HOME > 철도역사관 > 철도통합연표,철도통합연표,현재역사 준공,,1971-09-25 00:00:00,미부착,,개방 가능,공공누리 1유형,,,O,,,,,단순 정보,
1610,철도산업정보센터,HOME > 철도역사관 > 철도통합연표,철도통합연표,부두영업을 홍익회에 이관,,1971-09-30 00:00:00,미부착,,개방 가능,공공누리 1유형,,,O,,,,,단순 정보,
1611,철도산업정보센터,HOME > 철도역사관 > 철도통합연표,철도통합연표,현재의 역사준공,,1971-10-01 00:00:00,미부착,,개방 가능,공공누리 1유형,,,O,,,,,단순 정보,
1612,철도산업정보센터,HOME > 철도역사관 > 철도통합연표,철도통합연표,폐역,,1971-10-05 00:00:00,미부착,,개방 가능,공공누리 1유형,,,O,,,,,단순 정보,
1613,철도산업정보센터,HOME > 철도역사관 > 철도통합연표,철도통합연표,현재의 역사신축.,,1971-10-27 00:00:00,미부착,,개방 가능,공공누리 1유형,,,O,,,,,단순 정보,
1614,철도산업정보센터,HOME > 철도역사관 > 철도통합연표,철도통합연표,철도중단점 표시판 설치.,,1971-11-03 00:00:00,미부착,,개방 가능,공공누리 1유형,,,O,,,,,단순 정보,
1615,철도산업정보센터,HOME > 철도역사관 > 철도통합연표,철도통합연표,역원배치간이역으로 변경,,1971-11-11 00:00:00,미부착,,개방 가능,공공누리 1유형,,,O,,,,,단순 정보,
1616,철도산업정보센터,HOME > 철도역사관 > 철도통합연표,철도통합연표,무배치간이역으로 변경,,1971-11-11 00:00:00,미부착,,개방 가능,공공누리 1유형,,,O,,,,,단순 정보,
1617,철도산업정보센터,HOME > 철도역사관 > 철도통합연표,철도통합연표,무배치간이역으로 승격,,1971-11-11 00:00:00,미부착,,개방 가능,공공누리 1유형,,,O,,,,,단순 정보,
1618,철도산업정보센터,HOME > 철도역사관 > 철도통합연표,철도통합연표,신호장으로 개역,,1971-12-01 00:00:00,미부착,,개방 가능,공공누리 1유형,,,O,,,,,단순 정보,
1619,철도산업정보센터,HOME > 철도역사관 > 철도통합연표,철도통합연표,서기관역을 사무관역으로 조정,,1971-12-28 00:00:00,미부착,,개방 가능,공공누리 1유형,,,O,,,,,단순 정보,
1620,철도산업정보센터,HOME > 철도역사관 > 철도통합연표,철도통합연표,선상역사 준공,,1971-12-29 00:00:00,미부착,,개방 가능,공공누리 1유형,,,O,,,,,단순 정보,
1621,철도산업정보센터,HOME > 철도역사관 > 철도통합연표,철도통합연표,역사신축 준공,,1971-12-30 00:00:00,미부착,,개방 가능,공공누리 1유형,,,O,,,,,단순 정보,
1622,철도산업정보센터,HOME > 철도역사관 > 철도통합연표,철도통합연표,을종 승차권 대매업소로 지정.,,1972-01-01 00:00:00,미부착,,개방 가능,공공누리 1유형,,,O,,,,,단순 정보,
1623,철도산업정보센터,HOME > 철도역사관 > 철도통합연표,철도통합연표,사무관역으로 승격,,1972-02-01 00:00:00,미부착,,개방 가능,공공누리 1유형,,,O,,,,,단순 정보,
1624,철도산업정보센터,HOME > 철도역사관 > 철도통합연표,철도통합연표,보통역으로 승격,,1972-02-01 00:00:00,미부착,,개방 가능,공공누리 1유형,,,O,,,,,단순 정보,
1625,철도산업정보센터,HOME > 철도역사관 > 철도통합연표,철도통합연표,역 이설(문산방향으로 200m),,1972-02-01 00:00:00,미부착,,개방 가능,공공누리 1유형,,,O,,,,,단순 정보,
1626,철도산업정보센터,HOME > 철도역사관 > 철도통합연표,철도통합연표,사무관역으로 승격,,1972-02-10 00:00:00,미부착,,개방 가능,공공누리 1유형,,,O,,,,,단순 정보,
1627,철도산업정보센터,HOME > 철도역사관 > 철도통합연표,철도통합연표,을종승차권대매소로 격하,,1972-02-20 00:00:00,미부착,,개방 가능,공공누리 1유형,,,O,,,,,단순 정보,
1628,철도산업정보센터,HOME > 철도역사관 > 철도통합연표,철도통합연표,광주지구 대단위 연탄공장 위치,,1972-02-25 00:00:00,미부착,,개방 가능,공공누리 1유형,,,O,,,,,단순 정보,
1629,철도산업정보센터,HOME > 철도역사관 > 철도통합연표,철도통합연표,사무관역으로 승격,,1972-03-03 00:00:00,미부착,,개방 가능,공공누리 1유형,,,O,,,,,단순 정보,
1630,철도산업정보센터,HOME > 철도역사관 > 철도통합연표,철도통합연표,무배치간이역으로 변경,,1972-03-11 00:00:00,미부착,,개방 가능,공공누리 1유형,,,O,,,,,단순 정보,
1631,철도산업정보센터,HOME > 철도역사관 > 철도통합연표,철도통합연표,사무관역으로 승격,,1972-03-13 00:00:00,미부착,,개방 가능,공공누리 1유형,,,O,,,,,단순 정보,
1632,철도산업정보센터,HOME > 철도역사관 > 철도통합연표,철도통합연표,최초 전기기관차 66대 도입,,1972-03-17 00:00:00,미부착,,개방 가능,공공누리 1유형,,,O,,,,,단순 정보,
1633,철도산업정보센터,HOME > 철도역사관 > 철도통합연표,철도통합연표,수려선 폐선,,1972-03-31 00:00:00,미부착,,개방 가능,공공누리 1유형,,,O,,,,,단순 정보,
1634,철도산업정보센터,HOME > 철도역사관 > 철도통합연표,철도통합연표,폐역,,1972-04-01 00:00:00,미부착,,개방 가능,공공누리 1유형,,,O,,,,,단순 정보,
1635,철도산업정보센터,HOME > 철도역사관 > 철도통합연표,철도통합연표,폐역,,1972-04-01 00:00:00,미부착,,개방 가능,공공누리 1유형,,,O,,,,,단순 정보,
1636,철도산업정보센터,HOME > 철도역사관 > 철도통합연표,철도통합연표,폐역,,1972-04-01 00:00:00,미부착,,개방 가능,공공누리 1유형,,,O,,,,,단순 정보,
1637,철도산업정보센터,HOME > 철도역사관 > 철도통합연표,철도통합연표,폐역,,1972-04-01 00:00:00,미부착,,개방 가능,공공누리 1유형,,,O,,,,,단순 정보,
1638,철도산업정보센터,HOME > 철도역사관 > 철도통합연표,철도통합연표,폐역,,1972-04-01 00:00:00,미부착,,개방 가능,공공누리 1유형,,,O,,,,,단순 정보,
1639,철도산업정보센터,HOME > 철도역사관 > 철도통합연표,철도통합연표,폐역,,1972-04-01 00:00:00,미부착,,개방 가능,공공누리 1유형,,,O,,,,,단순 정보,
1640,철도산업정보센터,HOME > 철도역사관 > 철도통합연표,철도통합연표,폐역,,1972-04-01 00:00:00,미부착,,개방 가능,공공누리 1유형,,,O,,,,,단순 정보,
1641,철도산업정보센터,HOME > 철도역사관 > 철도통합연표,철도통합연표,폐역,,1972-04-01 00:00:00,미부착,,개방 가능,공공누리 1유형,,,O,,,,,단순 정보,
1642,철도산업정보센터,HOME > 철도역사관 > 철도통합연표,철도통합연표,폐역,,1972-04-01 00:00:00,미부착,,개방 가능,공공누리 1유형,,,O,,,,,단순 정보,
1643,철도산업정보센터,HOME > 철도역사관 > 철도통합연표,철도통합연표,폐역,,1972-04-01 00:00:00,미부착,,개방 가능,공공누리 1유형,,,O,,,,,단순 정보,
1644,철도산업정보센터,HOME > 철도역사관 > 철도통합연표,철도통합연표,폐역,,1972-04-01 00:00:00,미부착,,개방 가능,공공누리 1유형,,,O,,,,,단순 정보,
1645,철도산업정보센터,HOME > 철도역사관 > 철도통합연표,철도통합연표,폐역,,1972-04-01 00:00:00,미부착,,개방 가능,공공누리 1유형,,,O,,,,,단순 정보,
1646,철도산업정보센터,HOME > 철도역사관 > 철도통합연표,철도통합연표,폐역,,1972-04-01 00:00:00,미부착,,개방 가능,공공누리 1유형,,,O,,,,,단순 정보,
1647,철도산업정보센터,HOME > 철도역사관 > 철도통합연표,철도통합연표,폐역,,1972-04-01 00:00:00,미부착,,개방 가능,공공누리 1유형,,,O,,,,,단순 정보,
1648,철도산업정보센터,HOME > 철도역사관 > 철도통합연표,철도통합연표,폐역,,1972-04-01 00:00:00,미부착,,개방 가능,공공누리 1유형,,,O,,,,,단순 정보,
1649,철도산업정보센터,HOME > 철도역사관 > 철도통합연표,철도통합연표,폐역,,1972-04-01 00:00:00,미부착,,개방 가능,공공누리 1유형,,,O,,,,,단순 정보,
1650,철도산업정보센터,HOME > 철도역사관 > 철도통합연표,철도통합연표,폐역,,1972-04-01 00:00:00,미부착,,개방 가능,공공누리 1유형,,,O,,,,,단순 정보,
1651,철도산업정보센터,HOME > 철도역사관 > 철도통합연표,철도통합연표,폐역,,1972-04-01 00:00:00,미부착,,개방 가능,공공누리 1유형,,,O,,,,,단순 정보,
1652,철도산업정보센터,HOME > 철도역사관 > 철도통합연표,철도통합연표,폐역,,1972-04-01 00:00:00,미부착,,개방 가능,공공누리 1유형,,,O,,,,,단순 정보,
1653,철도산업정보센터,HOME > 철도역사관 > 철도통합연표,철도통합연표,폐역,,1972-04-01 00:00:00,미부착,,개방 가능,공공누리 1유형,,,O,,,,,단순 정보,
1654,철도산업정보센터,HOME > 철도역사관 > 철도통합연표,철도통합연표,사무관역으로 승격,,1972-04-01 00:00:00,미부착,,개방 가능,공공누리 1유형,,,O,,,,,단순 정보,
1655,철도산업정보센터,HOME > 철도역사관 > 철도통합연표,철도통합연표,을종승차권대매소로 지정,,1972-04-01 00:00:00,미부착,,개방 가능,공공누리 1유형,,,O,,,,,단순 정보,
1656,철도산업정보센터,HOME > 철도역사관 > 철도통합연표,철도통합연표,폐역,,1972-05-01 00:00:00,미부착,,개방 가능,공공누리 1유형,,,O,,,,,단순 정보,
1657,철도산업정보센터,HOME > 철도역사관 > 철도통합연표,철도통합연표,사무관역으로 승격,,1972-05-01 00:00:00,미부착,,개방 가능,공공누리 1유형,,,O,,,,,단순 정보,
1658,철도산업정보센터,HOME > 철도역사관 > 철도통합연표,철도통합연표,역사준공,,1972-05-25 00:00:00,미부착,,개방 가능,공공누리 1유형,,,O,,,,,단순 정보,
1659,철도산업정보센터,HOME > 철도역사관 > 철도통합연표,철도통합연표,을종승차권 대매소로 지정,,1972-06-01 00:00:00,미부착,,개방 가능,공공누리 1유형,,,O,,,,,단순 정보,
1660,철도산업정보센터,HOME > 철도역사관 > 철도통합연표,철도통합연표,을종승차권 대매소로 지정,,1972-07-01 00:00:00,미부착,,개방 가능,공공누리 1유형,,,O,,,,,단순 정보,
1661,철도산업정보센터,HOME > 철도역사관 > 철도통합연표,철도통합연표,을종승차권대매소로 지정,,1972-07-02 00:00:00,미부착,,개방 가능,공공누리 1유형,,,O,,,,,단순 정보,
1662,철도산업정보센터,HOME > 철도역사관 > 철도통합연표,철도통합연표,을종승차권대매소로 지정,,1972-07-02 00:00:00,미부착,,개방 가능,공공누리 1유형,,,O,,,,,단순 정보,
1663,철도산업정보센터,HOME > 철도역사관 > 철도통합연표,철도통합연표,무배치간이역으로 격하,,1972-07-20 00:00:00,미부착,,개방 가능,공공누리 1유형,,,O,,,,,단순 정보,
1664,철도산업정보센터,HOME > 철도역사관 > 철도통합연표,철도통합연표,무배치간이역으로 격하,,1972-07-20 00:00:00,미부착,,개방 가능,공공누리 1유형,,,O,,,,,단순 정보,
1665,철도산업정보센터,HOME > 철도역사관 > 철도통합연표,철도통합연표,무배치간이역으로 격하,,1972-07-20 00:00:00,미부착,,개방 가능,공공누리 1유형,,,O,,,,,단순 정보,
1666,철도산업정보센터,HOME > 철도역사관 > 철도통합연표,철도통합연표,무배치간이역으로 격하,,1972-07-20 00:00:00,미부착,,개방 가능,공공누리 1유형,,,O,,,,,단순 정보,
1667,철도산업정보센터,HOME > 철도역사관 > 철도통합연표,철도통합연표,무배치간이역으로 격하,,1972-07-20 00:00:00,미부착,,개방 가능,공공누리 1유형,,,O,,,,,단순 정보,
1668,철도산업정보센터,HOME > 철도역사관 > 철도통합연표,철도통합연표,무배치간이역으로 격하,,1972-07-20 00:00:00,미부착,,개방 가능,공공누리 1유형,,,O,,,,,단순 정보,
1669,철도산업정보센터,HOME > 철도역사관 > 철도통합연표,철도통합연표,무배치간이역으로 격하,,1972-07-20 00:00:00,미부착,,개방 가능,공공누리 1유형,,,O,,,,,단순 정보,
1670,철도산업정보센터,HOME > 철도역사관 > 철도통합연표,철도통합연표,무배치간이역으로 격하,,1972-07-20 00:00:00,미부착,,개방 가능,공공누리 1유형,,,O,,,,,단순 정보,
1671,철도산업정보센터,HOME > 철도역사관 > 철도통합연표,철도통합연표,무배치간이역으로 격하,,1972-07-20 00:00:00,미부착,,개방 가능,공공누리 1유형,,,O,,,,,단순 정보,
1672,철도산업정보센터,HOME > 철도역사관 > 철도통합연표,철도통합연표,무배치간이역으로 격하,,1972-07-20 00:00:00,미부착,,개방 가능,공공누리 1유형,,,O,,,,,단순 정보,
1673,철도산업정보센터,HOME > 철도역사관 > 철도통합연표,철도통합연표,무배치간이역으로 격하,,1972-07-20 00:00:00,미부착,,개방 가능,공공누리 1유형,,,O,,,,,단순 정보,
1674,철도산업정보센터,HOME > 철도역사관 > 철도통합연표,철도통합연표,무배치간이역으로 격하,,1972-07-20 00:00:00,미부착,,개방 가능,공공누리 1유형,,,O,,,,,단순 정보,
1675,철도산업정보센터,HOME > 철도역사관 > 철도통합연표,철도통합연표,무배치간이역으로 격하,,1972-07-20 00:00:00,미부착,,개방 가능,공공누리 1유형,,,O,,,,,단순 정보,
1676,철도산업정보센터,HOME > 철도역사관 > 철도통합연표,철도통합연표,무배치간이역으로 격하,,1972-07-20 00:00:00,미부착,,개방 가능,공공누리 1유형,,,O,,,,,단순 정보,
1677,철도산업정보센터,HOME > 철도역사관 > 철도통합연표,철도통합연표,무배치간이역으로 격하,,1972-07-20 00:00:00,미부착,,개방 가능,공공누리 1유형,,,O,,,,,단순 정보,
1678,철도산업정보센터,HOME > 철도역사관 > 철도통합연표,철도통합연표,무배치간이역으로 격하,,1972-07-20 00:00:00,미부착,,개방 가능,공공누리 1유형,,,O,,,,,단순 정보,
1679,철도산업정보센터,HOME > 철도역사관 > 철도통합연표,철도통합연표,무연탄 화물 도착역 으로 지정,,1972-08-20 00:00:00,미부착,,개방 가능,공공누리 1유형,,,O,,,,,단순 정보,
1680,철도산업정보센터,HOME > 철도역사관 > 철도통합연표,철도통합연표,현재의 역사준공.,,1972-08-28 00:00:00,미부착,,개방 가능,공공누리 1유형,,,O,,,,,단순 정보,
1681,철도산업정보센터,HOME > 철도역사관 > 철도통합연표,철도통합연표,보통역으로 승격,,1972-09-05 00:00:00,미부착,,개방 가능,공공누리 1유형,,,O,,,,,단순 정보,
1682,철도산업정보센터,HOME > 철도역사관 > 철도통합연표,철도통합연표,부산진컨테이너 야드 준공.,,1972-09-18 00:00:00,미부착,,개방 가능,공공누리 1유형,,,O,,,,,단순 정보,
1683,철도산업정보센터,HOME > 철도역사관 > 철도통합연표,철도통합연표,화물센터 준공 및 컨테이너 화물수송 개시,,1972-09-19 00:00:00,미부착,,개방 가능,공공누리 1유형,,,O,,,,,단순 정보,
1684,철도산업정보센터,HOME > 철도역사관 > 철도통합연표,철도통합연표,을종승차권 대매소로 변경,,1972-10-21 00:00:00,미부착,,개방 가능,공공누리 1유형,,,O,,,,,단순 정보,
1685,철도산업정보센터,HOME > 철도역사관 > 철도통합연표,철도통합연표,주사관역으로 격하,,1972-11-03 00:00:00,미부착,,개방 가능,공공누리 1유형,,,O,,,,,단순 정보,
1686,철도산업정보센터,HOME > 철도역사관 > 철도통합연표,철도통합연표,문현선 폐지,,1972-12-01 00:00:00,미부착,,개방 가능,공공누리 1유형,,,O,,,,,단순 정보,
1687,철도산업정보센터,HOME > 철도역사관 > 철도통합연표,철도통합연표,보통역으로 승격,,1972-12-01 00:00:00,미부착,,개방 가능,공공누리 1유형,,,O,,,,,단순 정보,
1688,철도산업정보센터,HOME > 철도역사관 > 철도통합연표,철도통합연표,사무관역으로 승격,,1972-12-21 00:00:00,미부착,,개방 가능,공공누리 1유형,,,O,,,,,단순 정보,
1689,철도산업정보센터,HOME > 철도역사관 > 철도통합연표,철도통합연표,을종승차권 대매소로 지정,,1972-12-26 00:00:00,미부착,,개방 가능,공공누리 1유형,,,O,,,,,단순 정보,
1690,철도산업정보센터,HOME > 철도역사관 > 철도통합연표,철도통합연표,무배치간이역으로 격하,,1973-01-01 00:00:00,미부착,,개방 가능,공공누리 1유형,,,O,,,,,단순 정보,
1691,철도산업정보센터,HOME > 철도역사관 > 철도통합연표,철도통합연표,배치간이역에서 무배치간이역으로 격하,,1973-01-01 00:00:00,미부착,,개방 가능,공공누리 1유형,,,O,,,,,단순 정보,
1692,철도산업정보센터,HOME > 철도역사관 > 철도통합연표,철도통합연표,배치간이역으로 격하,,1973-01-01 00:00:00,미부착,,개방 가능,공공누리 1유형,,,O,,,,,단순 정보,
1693,철도산업정보센터,HOME > 철도역사관 > 철도통합연표,철도통합연표,무배치간이역으로 격하,,1973-01-01 00:00:00,미부착,,개방 가능,공공누리 1유형,,,O,,,,,단순 정보,
1694,철도산업정보센터,HOME > 철도역사관 > 철도통합연표,철도통합연표,무배치간이역으로 격하,,1973-01-01 00:00:00,미부착,,개방 가능,공공누리 1유형,,,O,,,,,단순 정보,
1695,철도산업정보센터,HOME > 철도역사관 > 철도통합연표,철도통합연표,배치간이역에서 무배치간이역으로 격하,,1973-01-01 00:00:00,미부착,,개방 가능,공공누리 1유형,,,O,,,,,단순 정보,
1696,철도산업정보센터,HOME > 철도역사관 > 철도통합연표,철도통합연표,무배치간이역으로 격하,,1973-01-01 00:00:00,미부착,,개방 가능,공공누리 1유형,,,O,,,,,단순 정보,
1697,철도산업정보센터,HOME > 철도역사관 > 철도통합연표,철도통합연표,배치간이역으로 격하,,1973-01-01 00:00:00,미부착,,개방 가능,공공누리 1유형,,,O,,,,,단순 정보,
1698,철도산업정보센터,HOME > 철도역사관 > 철도통합연표,철도통합연표,무배치간이역으로 격하,,1973-01-01 00:00:00,미부착,,개방 가능,공공누리 1유형,,,O,,,,,단순 정보,
1699,철도산업정보센터,HOME > 철도역사관 > 철도통합연표,철도통합연표,서기관역으로 승격,,1973-02-04 00:00:00,미부착,,개방 가능,공공누리 1유형,,,O,,,,,단순 정보,
1700,철도산업정보센터,HOME > 철도역사관 > 철도통합연표,철도통합연표,고려시멘트 전용선 부설,,1973-02-18 00:00:00,미부착,,개방 가능,공공누리 1유형,,,O,,,,,단순 정보,
1701,철도산업정보센터,HOME > 철도역사관 > 철도통합연표,철도통합연표,보통역으로 승격,,1973-03-01 00:00:00,미부착,,개방 가능,공공누리 1유형,,,O,,,,,단순 정보,
1702,철도산업정보센터,HOME > 철도역사관 > 철도통합연표,철도통합연표,민수용 무연탄 도착취급역 지정취소,,1973-03-01 00:00:00,미부착,,개방 가능,공공누리 1유형,,,O,,,,,단순 정보,
1703,철도산업정보센터,HOME > 철도역사관 > 철도통합연표,철도통합연표,사무관역으로 승격,,1973-03-13 00:00:00,미부착,,개방 가능,공공누리 1유형,,,O,,,,,단순 정보,
1704,철도산업정보센터,HOME > 철도역사관 > 철도통합연표,철도통합연표,민수용 무연탄도착취급역 지정,,1973-03-26 00:00:00,미부착,,개방 가능,공공누리 1유형,,,O,,,,,단순 정보,
1705,철도산업정보센터,HOME > 철도역사관 > 철도통합연표,철도통합연표,민수용 무연탄 도착취급역 지정,,1973-03-26 00:00:00,미부착,,개방 가능,공공누리 1유형,,,O,,,,,단순 정보,
1706,철도산업정보센터,HOME > 철도역사관 > 철도통합연표,철도통합연표,신호소 폐지,,1973-04-01 00:00:00,미부착,,개방 가능,공공누리 1유형,,,O,,,,,단순 정보,
1707,철도산업정보센터,HOME > 철도역사관 > 철도통합연표,철도통합연표,사무관역으로 승격,,1973-04-06 00:00:00,미부착,,개방 가능,공공누리 1유형,,,O,,,,,단순 정보,
1708,철도산업정보센터,HOME > 철도역사관 > 철도통합연표,철도통합연표,사무관역으로 승격,,1973-04-07 00:00:00,미부착,,개방 가능,공공누리 1유형,,,O,,,,,단순 정보,
1709,철도산업정보센터,HOME > 철도역사관 > 철도통합연표,철도통합연표,경인선 구로역 폐지,,1973-06-01 00:00:00,미부착,,개방 가능,공공누리 1유형,,,O,,,,,단순 정보,
1710,철도산업정보센터,HOME > 철도역사관 > 철도통합연표,철도통합연표,역사준공,,1973-06-18 00:00:00,미부착,,개방 가능,공공누리 1유형,,,O,,,,,단순 정보,
1711,철도산업정보센터,HOME > 철도역사관 > 철도통합연표,철도통합연표,청량리역 ~ 제천역 구간 155.2km 전철화,,1973-06-20 00:00:00,미부착,,개방 가능,공공누리 1유형,,,O,,,,,단순 정보,
1712,철도산업정보센터,HOME > 철도역사관 > 철도통합연표,철도통합연표,중앙선(청량리 ~ 제천) 전철 개통,,1973-06-20 00:00:00,미부착,,개방 가능,공공누리 1유형,,,O,,,,,단순 정보,
1713,철도산업정보센터,HOME > 철도역사관 > 철도통합연표,철도통합연표,전철화 공사 완공(중앙선과 동시 시공),,1973-06-20 00:00:00,미부착,,개방 가능,공공누리 1유형,,,O,,,,,단순 정보,
1714,철도산업정보센터,HOME > 철도역사관 > 철도통합연표,철도통합연표,신호소로 개역,,1973-07-01 00:00:00,미부착,,개방 가능,공공누리 1유형,,,O,,,,,단순 정보,
1715,철도산업정보센터,HOME > 철도역사관 > 철도통합연표,철도통합연표,강원산업선 준공,,1973-07-10 00:00:00,미부착,,개방 가능,공공누리 1유형,,,O,,,,,단순 정보,
1716,철도산업정보센터,HOME > 철도역사관 > 철도통합연표,철도통합연표,폐역,,1973-07-14 00:00:00,미부착,,개방 가능,공공누리 1유형,,,O,,,,,단순 정보,
1717,철도산업정보센터,HOME > 철도역사관 > 철도통합연표,철도통합연표,폐역,,1973-07-14 00:00:00,미부착,,개방 가능,공공누리 1유형,,,O,,,,,단순 정보,
1718,철도산업정보센터,HOME > 철도역사관 > 철도통합연표,철도통합연표,선상역사 신축착공,,1973-09-12 00:00:00,미부착,,개방 가능,공공누리 1유형,,,O,,,,,단순 정보,
1719,철도산업정보센터,HOME > 철도역사관 > 철도통합연표,철도통합연표,역사 신축 착공,,1973-09-12 00:00:00,미부착,,개방 가능,공공누리 1유형,,,O,,,,,단순 정보,
1720,철도산업정보센터,HOME > 철도역사관 > 철도통합연표,철도통합연표,역사 신축 착공,,1973-09-14 00:00:00,미부착,,개방 가능,공공누리 1유형,,,O,,,,,단순 정보,
1721,철도산업정보센터,HOME > 철도역사관 > 철도통합연표,철도통합연표,철도청 컴퓨터도입 가동,,1973-09-15 00:00:00,미부착,,개방 가능,공공누리 1유형,,,O,,,,,단순 정보,
1722,철도산업정보센터,HOME > 철도역사관 > 철도통합연표,철도통합연표,민수용 무연탄도착취급역지정취소,,1973-09-24 00:00:00,미부착,,개방 가능,공공누리 1유형,,,O,,,,,단순 정보,
1723,철도산업정보센터,HOME > 철도역사관 > 철도통합연표,철도통합연표,남인천역 폐지에 따라 수인선 종착역이 됨,,1973-10-01 00:00:00,미부착,,개방 가능,공공누리 1유형,,,O,,,,,단순 정보,
1724,철도산업정보센터,HOME > 철도역사관 > 철도통합연표,철도통합연표,"고한선 고한~황지간 15.0km 완공. 완공 이후 영월선, 정선선, 황지지선을 통합하여 태백선으로 명명",,1973-10-16 00:00:00,미부착,,개방 가능,공공누리 1유형,,,O,,,,,단순 정보,
1725,철도산업정보센터,HOME > 철도역사관 > 철도통합연표,철도통합연표,고한선(고한 ~ 황지) 개통,,1973-10-16 00:00:00,미부착,,개방 가능,공공누리 1유형,,,O,,,,,단순 정보,
1726,철도산업정보센터,HOME > 철도역사관 > 철도통합연표,철도통합연표,민수용 무연탄도착취급역지정,,1973-10-30 00:00:00,미부착,,개방 가능,공공누리 1유형,,,O,,,,,단순 정보,
1727,철도산업정보센터,HOME > 철도역사관 > 철도통합연표,철도통합연표,남인천-송도 구간 협궤 여객취급 중단,,1973-11-00,미부착,,개방 가능,공공누리 1유형,,,O,,,,,단순 정보,
1728,철도산업정보센터,HOME > 철도역사관 > 철도통합연표,철도통합연표,수덕사역으로 개칭,,1973-11-01 00:00:00,미부착,,개방 가능,공공누리 1유형,,,O,,,,,단순 정보,
1729,철도산업정보센터,HOME > 철도역사관 > 철도통합연표,철도통합연표,역사 준공과 동시에 보통역으로 영업개시,,1973-11-10 00:00:00,미부착,,개방 가능,공공누리 1유형,,,O,,,,,단순 정보,
1730,철도산업정보센터,HOME > 철도역사관 > 철도통합연표,철도통합연표,보통역으로 승격,,1973-11-10 00:00:00,미부착,,개방 가능,공공누리 1유형,,,O,,,,,단순 정보,
1731,철도산업정보센터,HOME > 철도역사관 > 철도통합연표,철도통합연표,보통역으로 승격과 동시에 역사준공,,1973-11-10 00:00:00,미부착,,개방 가능,공공누리 1유형,,,O,,,,,단순 정보,
1732,철도산업정보센터,HOME > 철도역사관 > 철도통합연표,철도통합연표,선상역사 착공,,1973-11-10 00:00:00,미부착,,개방 가능,공공누리 1유형,,,O,,,,,단순 정보,
1733,철도산업정보센터,HOME > 철도역사관 > 철도통합연표,철도통합연표,현재의 역사 준공,,1973-11-14 00:00:00,미부착,,개방 가능,공공누리 1유형,,,O,,,,,단순 정보,
1734,철도산업정보센터,HOME > 철도역사관 > 철도통합연표,철도통합연표,역사준공,,1973-11-30 00:00:00,미부착,,개방 가능,공공누리 1유형,,,O,,,,,단순 정보,
1735,철도산업정보센터,HOME > 철도역사관 > 철도통합연표,철도통합연표,구로남신호소 설치,,1973-12-01 00:00:00,미부착,,개방 가능,공공누리 1유형,,,O,,,,,단순 정보,
1736,철도산업정보센터,HOME > 철도역사관 > 철도통합연표,철도통합연표,보통역으로 승격,,1973-12-01 00:00:00,미부착,,개방 가능,공공누리 1유형,,,O,,,,,단순 정보,
1737,철도산업정보센터,HOME > 철도역사관 > 철도통합연표,철도통합연표,보통역으로 승격,,1973-12-01 00:00:00,미부착,,개방 가능,공공누리 1유형,,,O,,,,,단순 정보,
1738,철도산업정보센터,HOME > 철도역사관 > 철도통합연표,철도통합연표,여객취급 중단,,1973-12-11 00:00:00,미부착,,개방 가능,공공누리 1유형,,,O,,,,,단순 정보,
1739,철도산업정보센터,HOME > 철도역사관 > 철도통합연표,철도통합연표,배치간이역으로 격하(덕양역),,1973-12-11 00:00:00,미부착,,개방 가능,공공누리 1유형,,,O,,,,,단순 정보,
1740,철도산업정보센터,HOME > 철도역사관 > 철도통합연표,철도통합연표,"여객, 소화물 취급중지",,1973-12-11 00:00:00,미부착,,개방 가능,공공누리 1유형,,,O,,,,,단순 정보,
1741,철도산업정보센터,HOME > 철도역사관 > 철도통합연표,철도통합연표,현역사로 이전,,1973-12-23 00:00:00,미부착,,개방 가능,공공누리 1유형,,,O,,,,,단순 정보,
1742,철도산업정보센터,HOME > 철도역사관 > 철도통합연표,철도통합연표,선상역사 준공,,1973-12-30 00:00:00,미부착,,개방 가능,공공누리 1유형,,,O,,,,,단순 정보,
1743,철도산업정보센터,HOME > 철도역사관 > 철도통합연표,철도통합연표,선상역사 준공,,1973-12-31 00:00:00,미부착,,개방 가능,공공누리 1유형,,,O,,,,,단순 정보,
1744,철도산업정보센터,HOME > 철도역사관 > 철도통합연표,철도통합연표,역사준공,,1973-12-31 00:00:00,미부착,,개방 가능,공공누리 1유형,,,O,,,,,단순 정보,
1745,철도산업정보센터,HOME > 철도역사관 > 철도통합연표,철도통합연표,역사 준공,,1973-12-31 00:00:00,미부착,,개방 가능,공공누리 1유형,,,O,,,,,단순 정보,
1746,철도산업정보센터,HOME > 철도역사관 > 철도통합연표,철도통합연표,5급역으로 승격,,1974-01-01 00:00:00,미부착,,개방 가능,공공누리 1유형,,,O,,,,,단순 정보,
1747,철도산업정보센터,HOME > 철도역사관 > 철도통합연표,철도통합연표,을종대매소로 지정,,1974-01-01 00:00:00,미부착,,개방 가능,공공누리 1유형,,,O,,,,,단순 정보,
1748,철도산업정보센터,HOME > 철도역사관 > 철도통합연표,철도통합연표,여객취급 중지,,1974-01-01 00:00:00,미부착,,개방 가능,공공누리 1유형,,,O,,,,,단순 정보,
1749,철도산업정보센터,HOME > 철도역사관 > 철도통합연표,철도통합연표,여객취급 중지,,1974-01-01 00:00:00,미부착,,개방 가능,공공누리 1유형,,,O,,,,,단순 정보,
1750,철도산업정보센터,HOME > 철도역사관 > 철도통합연표,철도통합연표,가야기관차분소 이전 업무개시,,1974-01-17 00:00:00,미부착,,개방 가능,공공누리 1유형,,,O,,,,,단순 정보,
1751,철도산업정보센터,HOME > 철도역사관 > 철도통합연표,철도통합연표,을종승차권 대매소로 지정,,1974-03-02 00:00:00,미부착,,개방 가능,공공누리 1유형,,,O,,,,,단순 정보,
1752,철도산업정보센터,HOME > 철도역사관 > 철도통합연표,철도통합연표,수소화물 취급중지,,1974-03-11 00:00:00,미부착,,개방 가능,공공누리 1유형,,,O,,,,,단순 정보,
1753,철도산업정보센터,HOME > 철도역사관 > 철도통합연표,철도통합연표,소화물 취급 중지,,1974-03-11 00:00:00,미부착,,개방 가능,공공누리 1유형,,,O,,,,,단순 정보,
1754,철도산업정보센터,HOME > 철도역사관 > 철도통합연표,철도통합연표,소화물취급 중지,,1974-03-11 00:00:00,미부착,,개방 가능,공공누리 1유형,,,O,,,,,단순 정보,
1755,철도산업정보센터,HOME > 철도역사관 > 철도통합연표,철도통합연표,소화물취급 중지,,1974-03-11 00:00:00,미부착,,개방 가능,공공누리 1유형,,,O,,,,,단순 정보,
1756,철도산업정보센터,HOME > 철도역사관 > 철도통합연표,철도통합연표,소화물취급 중지,,1974-03-11 00:00:00,미부착,,개방 가능,공공누리 1유형,,,O,,,,,단순 정보,
1757,철도산업정보센터,HOME > 철도역사관 > 철도통합연표,철도통합연표,소화물취급 중지,,1974-03-11 00:00:00,미부착,,개방 가능,공공누리 1유형,,,O,,,,,단순 정보,
1758,철도산업정보센터,HOME > 철도역사관 > 철도통합연표,철도통합연표,소화물취급 중지,,1974-03-11 00:00:00,미부착,,개방 가능,공공누리 1유형,,,O,,,,,단순 정보,
1759,철도산업정보센터,HOME > 철도역사관 > 철도통합연표,철도통합연표,소화물취급 중지,,1974-03-11 00:00:00,미부착,,개방 가능,공공누리 1유형,,,O,,,,,단순 정보,
1760,철도산업정보센터,HOME > 철도역사관 > 철도통합연표,철도통합연표,소화물취급 중지,,1974-03-11 00:00:00,미부착,,개방 가능,공공누리 1유형,,,O,,,,,단순 정보,
1761,철도산업정보센터,HOME > 철도역사관 > 철도통합연표,철도통합연표,소화물취급 중지,,1974-03-11 00:00:00,미부착,,개방 가능,공공누리 1유형,,,O,,,,,단순 정보,
1762,철도산업정보센터,HOME > 철도역사관 > 철도통합연표,철도통합연표,소화물취급 중지,,1974-03-15 00:00:00,미부착,,개방 가능,공공누리 1유형,,,O,,,,,단순 정보,
1763,철도산업정보센터,HOME > 철도역사관 > 철도통합연표,철도통합연표,화물 및 소화물 취급 중지,,1974-03-15 00:00:00,미부착,,개방 가능,공공누리 1유형,,,O,,,,,단순 정보,
1764,철도산업정보센터,HOME > 철도역사관 > 철도통합연표,철도통합연표,4급역으로 승격,,1974-03-15 00:00:00,미부착,,개방 가능,공공누리 1유형,,,O,,,,,단순 정보,
1765,철도산업정보센터,HOME > 철도역사관 > 철도통합연표,철도통합연표,여객영업 폐지,,1974-04-01 00:00:00,미부착,,개방 가능,공공누리 1유형,,,O,,,,,단순 정보,
1766,철도산업정보센터,HOME > 철도역사관 > 철도통합연표,철도통합연표,을종대매소로 변경,,1974-04-01 00:00:00,미부착,,개방 가능,공공누리 1유형,,,O,,,,,단순 정보,
1767,철도산업정보센터,HOME > 철도역사관 > 철도통합연표,철도통합연표,무배치간이역으로 격하,,1974-04-01 00:00:00,미부착,,개방 가능,공공누리 1유형,,,O,,,,,단순 정보,
1768,철도산업정보센터,HOME > 철도역사관 > 철도통합연표,철도통합연표,지하철본부로 기관명칭 변경,,1974-04-15 00:00:00,미부착,,개방 가능,공공누리 1유형,,,O,,,,,단순 정보,
1769,철도산업정보센터,HOME > 철도역사관 > 철도통합연표,철도통합연표,여량~구절리간 8.0km 완공.,,1974-05-04 00:00:00,미부착,,개방 가능,공공누리 1유형,,,O,,,,,단순 정보,
1770,철도산업정보센터,HOME > 철도역사관 > 철도통합연표,철도통합연표,민수용 무연탄 도착취급역 지정취소,,1974-05-11 00:00:00,미부착,,개방 가능,공공누리 1유형,,,O,,,,,단순 정보,
1771,철도산업정보센터,HOME > 철도역사관 > 철도통합연표,철도통합연표,민수용 무연탄 도착취급역 지정,,1974-05-11 00:00:00,미부착,,개방 가능,공공누리 1유형,,,O,,,,,단순 정보,
1772,철도산업정보센터,HOME > 철도역사관 > 철도통합연표,철도통합연표,행주역으로 영업개시(능곡역 관리),,1974-05-15 00:00:00,미부착,,개방 가능,공공누리 1유형,,,O,,,,,단순 정보,
1773,철도산업정보센터,HOME > 철도역사관 > 철도통합연표,철도통합연표,폐역,,1974-06-01 00:00:00,미부착,,개방 가능,공공누리 1유형,,,O,,,,,단순 정보,
1774,철도산업정보센터,HOME > 철도역사관 > 철도통합연표,철도통합연표,폐역,,1974-06-01 00:00:00,미부착,,개방 가능,공공누리 1유형,,,O,,,,,단순 정보,
1775,철도산업정보센터,HOME > 철도역사관 > 철도통합연표,철도통합연표,폐역,,1974-06-01 00:00:00,미부착,,개방 가능,공공누리 1유형,,,O,,,,,단순 정보,
1776,철도산업정보센터,HOME > 철도역사관 > 철도통합연표,철도통합연표,폐역,,1974-06-01 00:00:00,미부착,,개방 가능,공공누리 1유형,,,O,,,,,단순 정보,
1777,철도산업정보센터,HOME > 철도역사관 > 철도통합연표,철도통합연표,폐역,,1974-06-01 00:00:00,미부착,,개방 가능,공공누리 1유형,,,O,,,,,단순 정보,
1778,철도산업정보센터,HOME > 철도역사관 > 철도통합연표,철도통합연표,무연탄 화물 도착역 지정취소,,1974-06-05 00:00:00,미부착,,개방 가능,공공누리 1유형,,,O,,,,,단순 정보,
1779,철도산업정보센터,HOME > 철도역사관 > 철도통합연표,철도통합연표,태백선 제천~고한간 80.1km 전철화 완공. 전기기관차 운행 개시,,1974-06-20 00:00:00,미부착,,개방 가능,공공누리 1유형,,,O,,,,,단순 정보,
1780,철도산업정보센터,HOME > 철도역사관 > 철도통합연표,철도통합연표,태백선 전철(제천 ~ 고한) 개통,,1974-06-20 00:00:00,미부착,,개방 가능,공공누리 1유형,,,O,,,,,단순 정보,
1781,철도산업정보센터,HOME > 철도역사관 > 철도통합연표,철도통합연표,태백선 제천~고한간 80.1km 전철화 완공. 전기기관차 운행 개시,,1974-06-20 00:00:00,미부착,,개방 가능,공공누리 1유형,,,O,,,,,단순 정보,
1782,철도산업정보센터,HOME > 철도역사관 > 철도통합연표,철도통합연표,역사준공,,1974-06-28 00:00:00,미부착,,개방 가능,공공누리 1유형,,,O,,,,,단순 정보,
1783,철도산업정보센터,HOME > 철도역사관 > 철도통합연표,철도통합연표,역사준공,,1974-06-30 00:00:00,미부착,,개방 가능,공공누리 1유형,,,O,,,,,단순 정보,
1784,철도산업정보센터,HOME > 철도역사관 > 철도통합연표,철도통합연표,현재의 역사 준공,,1974-06-30 00:00:00,미부착,,개방 가능,공공누리 1유형,,,O,,,,,단순 정보,
1785,철도산업정보센터,HOME > 철도역사관 > 철도통합연표,철도통합연표,역사준공,,1974-07-05 00:00:00,미부착,,개방 가능,공공누리 1유형,,,O,,,,,단순 정보,
1786,철도산업정보센터,HOME > 철도역사관 > 철도통합연표,철도통합연표,역사준공,,1974-07-30 00:00:00,미부착,,개방 가능,공공누리 1유형,,,O,,,,,단순 정보,
1787,철도산업정보센터,HOME > 철도역사관 > 철도통합연표,철도통합연표,"서울 - 수원간 전철화, 통근전동차 운행개시 ",,1974-08-15 00:00:00,미부착,,개방 가능,공공누리 1유형,,,O,,,,,단순 정보,
1788,철도산업정보센터,HOME > 철도역사관 > 철도통합연표,철도통합연표,청량리~성북 전철화 및 1호선 직통운행(종착역 성북),,1974-08-15 00:00:00,미부착,,개방 가능,공공누리 1유형,,,O,,,,,단순 정보,
1789,철도산업정보센터,HOME > 철도역사관 > 철도통합연표,철도통합연표,수도권(서울-인천/구로-수원)전철개통,,1974-08-15 00:00:00,미부착,,개방 가능,공공누리 1유형,,,O,,,,,단순 정보,
1790,철도산업정보센터,HOME > 철도역사관 > 철도통합연표,철도통합연표,특급열차 명칭 변경 (관광호→새마을호),,1974-08-15 00:00:00,미부착,,개방 가능,공공누리 1유형,,,O,,,,,단순 정보,
1791,철도산업정보센터,HOME > 철도역사관 > 철도통합연표,철도통합연표,청량리 - 서울역앞 개통. 경원선·경부선과 직결 시작,,1974-08-15 00:00:00,미부착,,개방 가능,공공누리 1유형,,,O,,,,,단순 정보,
1792,철도산업정보센터,HOME > 철도역사관 > 철도통합연표,철도통합연표,"서울 지하철 1호선 청량리-서울역앞, 경부선 서울(지하)-수원, 경인선 구로-인천, 경원선 청량리(지하)-성북 구간 38개 전철역 개통 및 상호 노선 직결 전동차 운행 개시. 경인선 일반열차 운행 중단",,1974-08-15 00:00:00,미부착,,개방 가능,공공누리 1유형,,,O,,,,,단순 정보,
1793,철도산업정보센터,HOME > 철도역사관 > 철도통합연표,철도통합연표,지하철 1호선 개통(서울역~청량리 7.8km),,1974-08-15 00:00:00,미부착,,개방 가능,공공누리 1유형,,,O,,,,,단순 정보,
1794,철도산업정보센터,HOME > 철도역사관 > 철도통합연표,철도통합연표,수도권 전철개통으로 보통역으로 영업개시(가리봉역),,1974-08-15 00:00:00,미부착,,개방 가능,공공누리 1유형,,,O,,,,,단순 정보,
1795,철도산업정보센터,HOME > 철도역사관 > 철도통합연표,철도통합연표,폐역,,1974-08-15 00:00:00,미부착,,개방 가능,공공누리 1유형,,,O,,,,,단순 정보,
1796,철도산업정보센터,HOME > 철도역사관 > 철도통합연표,철도통합연표,폐역,,1974-08-15 00:00:00,미부착,,개방 가능,공공누리 1유형,,,O,,,,,단순 정보,
1797,철도산업정보센터,HOME > 철도역사관 > 철도통합연표,철도통합연표,폐역,,1974-08-15 00:00:00,미부착,,개방 가능,공공누리 1유형,,,O,,,,,단순 정보,
1798,철도산업정보센터,HOME > 철도역사관 > 철도통합연표,철도통합연표,배치간이역으로 영업개시,,1974-08-15 00:00:00,미부착,,개방 가능,공공누리 1유형,,,O,,,,,단순 정보,
1799,철도산업정보센터,HOME > 철도역사관 > 철도통합연표,철도통합연표,폐역,,1974-08-15 00:00:00,미부착,,개방 가능,공공누리 1유형,,,O,,,,,단순 정보,
1800,철도산업정보센터,HOME > 철도역사관 > 철도통합연표,철도통합연표,폐역,,1974-08-15 00:00:00,미부착,,개방 가능,공공누리 1유형,,,O,,,,,단순 정보,
1801,철도산업정보센터,HOME > 철도역사관 > 철도통합연표,철도통합연표,폐역,,1974-08-15 00:00:00,미부착,,개방 가능,공공누리 1유형,,,O,,,,,단순 정보,
1802,철도산업정보센터,HOME > 철도역사관 > 철도통합연표,철도통합연표,폐역,,1974-08-15 00:00:00,미부착,,개방 가능,공공누리 1유형,,,O,,,,,단순 정보,
1803,철도산업정보센터,HOME > 철도역사관 > 철도통합연표,철도통합연표,폐역,,1974-08-15 00:00:00,미부착,,개방 가능,공공누리 1유형,,,O,,,,,단순 정보,
1804,철도산업정보센터,HOME > 철도역사관 > 철도통합연표,철도통합연표,신호소로 개역,,1974-08-15 00:00:00,미부착,,개방 가능,공공누리 1유형,,,O,,,,,단순 정보,
1805,철도산업정보센터,HOME > 철도역사관 > 철도통합연표,철도통합연표,폐역,,1974-08-15 00:00:00,미부착,,개방 가능,공공누리 1유형,,,O,,,,,단순 정보,
1806,철도산업정보센터,HOME > 철도역사관 > 철도통합연표,철도통합연표,폐역,,1974-08-15 00:00:00,미부착,,개방 가능,공공누리 1유형,,,O,,,,,단순 정보,
1807,철도산업정보센터,HOME > 철도역사관 > 철도통합연표,철도통합연표,폐역,,1974-08-15 00:00:00,미부착,,개방 가능,공공누리 1유형,,,O,,,,,단순 정보,
1808,철도산업정보센터,HOME > 철도역사관 > 철도통합연표,철도통합연표,휘경역으로 영업개시,,1974-08-15 00:00:00,미부착,,개방 가능,공공누리 1유형,,,O,,,,,단순 정보,
1809,철도산업정보센터,HOME > 철도역사관 > 철도통합연표,철도통합연표,폐역,,1974-08-15 00:00:00,미부착,,개방 가능,공공누리 1유형,,,O,,,,,단순 정보,
1810,철도산업정보센터,HOME > 철도역사관 > 철도통합연표,철도통합연표,폐역,,1974-08-15 00:00:00,미부착,,개방 가능,공공누리 1유형,,,O,,,,,단순 정보,
1811,철도산업정보센터,HOME > 철도역사관 > 철도통합연표,철도통합연표,폐역,,1974-08-15 00:00:00,미부착,,개방 가능,공공누리 1유형,,,O,,,,,단순 정보,
1812,철도산업정보센터,HOME > 철도역사관 > 철도통합연표,철도통합연표,수도권 전철개통과 함께 배치간이역으로 영업개시,,1974-08-15 00:00:00,미부착,,개방 가능,공공누리 1유형,,,O,,,,,단순 정보,
1813,철도산업정보센터,HOME > 철도역사관 > 철도통합연표,철도통합연표,"수도권 전철 개통, 종로선과 직결 운행 시작 ",,1974-08-15 00:00:00,미부착,,개방 가능,공공누리 1유형,,,O,,,,,단순 정보,
1814,철도산업정보센터,HOME > 철도역사관 > 철도통합연표,철도통합연표,수도권 전철 개통으로 보통역으로 승격,,1974-08-15 00:00:00,미부착,,개방 가능,공공누리 1유형,,,O,,,,,단순 정보,
1815,철도산업정보센터,HOME > 철도역사관 > 철도통합연표,철도통합연표,수도권전철 개통,,1974-08-15 00:00:00,미부착,,개방 가능,공공누리 1유형,,,O,,,,,단순 정보,
1816,철도산업정보센터,HOME > 철도역사관 > 철도통합연표,철도통합연표,수도권 전철개통,,1974-08-15 00:00:00,미부착,,개방 가능,공공누리 1유형,,,O,,,,,단순 정보,
1817,철도산업정보센터,HOME > 철도역사관 > 철도통합연표,철도통합연표,수도권전철 개통과 함께 배치간이역으로 승격,,1974-08-15 00:00:00,미부착,,개방 가능,공공누리 1유형,,,O,,,,,단순 정보,
1818,철도산업정보센터,HOME > 철도역사관 > 철도통합연표,철도통합연표,수도권전철 개통과 동시에 부천역으로 역명 변경,,1974-08-15 00:00:00,미부착,,개방 가능,공공누리 1유형,,,O,,,,,단순 정보,
1819,철도산업정보센터,HOME > 철도역사관 > 철도통합연표,철도통합연표,수도권 전철 1호선 개통,,1974-08-15 00:00:00,미부착,,개방 가능,공공누리 1유형,,,O,,,,,단순 정보,
1820,철도산업정보센터,HOME > 철도역사관 > 철도통합연표,철도통합연표,수도권전철 운행개시,,1974-08-15 00:00:00,미부착,,개방 가능,공공누리 1유형,,,O,,,,,단순 정보,
1821,철도산업정보센터,HOME > 철도역사관 > 철도통합연표,철도통합연표,무배치간이역으로 변경,,1974-08-15 00:00:00,미부착,,개방 가능,공공누리 1유형,,,O,,,,,단순 정보,
1822,철도산업정보센터,HOME > 철도역사관 > 철도통합연표,철도통합연표,역사신축 착공,,1974-09-27 00:00:00,미부착,,개방 가능,공공누리 1유형,,,O,,,,,단순 정보,
1823,철도산업정보센터,HOME > 철도역사관 > 철도통합연표,철도통합연표,여객 열차 운행 중단.,,1974-11-01 00:00:00,미부착,,개방 가능,공공누리 1유형,,,O,,,,,단순 정보,
1824,철도산업정보센터,HOME > 철도역사관 > 철도통합연표,철도통합연표,"여객, 소화물취급 중지",,1974-11-01 00:00:00,미부착,,개방 가능,공공누리 1유형,,,O,,,,,단순 정보,
1825,철도산업정보센터,HOME > 철도역사관 > 철도통합연표,철도통합연표,폐역,,1974-12-05 00:00:00,미부착,,개방 가능,공공누리 1유형,,,O,,,,,단순 정보,
1826,철도산업정보센터,HOME > 철도역사관 > 철도통합연표,철도통합연표,폐역,,1974-12-05 00:00:00,미부착,,개방 가능,공공누리 1유형,,,O,,,,,단순 정보,
1827,철도산업정보센터,HOME > 철도역사관 > 철도통합연표,철도통합연표,폐역,,1974-12-05 00:00:00,미부착,,개방 가능,공공누리 1유형,,,O,,,,,단순 정보,
1828,철도산업정보센터,HOME > 철도역사관 > 철도통합연표,철도통합연표,역 폐지.,,1974-12-05 00:00:00,미부착,,개방 가능,공공누리 1유형,,,O,,,,,단순 정보,
1829,철도산업정보센터,HOME > 철도역사관 > 철도통합연표,철도통합연표,폐지,,1974-12-05 00:00:00,미부착,,개방 가능,공공누리 1유형,,,O,,,,,단순 정보,
1830,철도산업정보센터,HOME > 철도역사관 > 철도통합연표,철도통합연표,역 폐지,,1974-12-05 00:00:00,미부착,,개방 가능,공공누리 1유형,,,O,,,,,단순 정보,
1831,철도산업정보센터,HOME > 철도역사관 > 철도통합연표,철도통합연표,폐역,,1974-12-05 00:00:00,미부착,,개방 가능,공공누리 1유형,,,O,,,,,단순 정보,
1832,철도산업정보센터,HOME > 철도역사관 > 철도통합연표,철도통합연표,폐역,,1974-12-05 00:00:00,미부착,,개방 가능,공공누리 1유형,,,O,,,,,단순 정보,
1833,철도산업정보센터,HOME > 철도역사관 > 철도통합연표,철도통합연표,폐역,,1974-12-05 00:00:00,미부착,,개방 가능,공공누리 1유형,,,O,,,,,단순 정보,
1834,철도산업정보센터,HOME > 철도역사관 > 철도통합연표,철도통합연표,폐역,,1974-12-05 00:00:00,미부착,,개방 가능,공공누리 1유형,,,O,,,,,단순 정보,
1835,철도산업정보센터,HOME > 철도역사관 > 철도통합연표,철도통합연표,폐역,,1974-12-05 00:00:00,미부착,,개방 가능,공공누리 1유형,,,O,,,,,단순 정보,
1836,철도산업정보센터,HOME > 철도역사관 > 철도통합연표,철도통합연표,폐지,,1974-12-05 00:00:00,미부착,,개방 가능,공공누리 1유형,,,O,,,,,단순 정보,
1837,철도산업정보센터,HOME > 철도역사관 > 철도통합연표,철도통합연표,폐역,,1974-12-05 00:00:00,미부착,,개방 가능,공공누리 1유형,,,O,,,,,단순 정보,
1838,철도산업정보센터,HOME > 철도역사관 > 철도통합연표,철도통합연표,폐역,,1974-12-05 00:00:00,미부착,,개방 가능,공공누리 1유형,,,O,,,,,단순 정보,
1839,철도산업정보센터,HOME > 철도역사관 > 철도통합연표,철도통합연표,보통역으로 승격,,1974-12-05 00:00:00,미부착,,개방 가능,공공누리 1유형,,,O,,,,,단순 정보,
1840,철도산업정보센터,HOME > 철도역사관 > 철도통합연표,철도통합연표,함백~조동간 루프 터널 착공.,,1974-12-20 00:00:00,미부착,,개방 가능,공공누리 1유형,,,O,,,,,단순 정보,
1841,철도산업정보센터,HOME > 철도역사관 > 철도통합연표,철도통합연표,함백~조동간 루프 터널 착공.,,1974-12-20 00:00:00,미부착,,개방 가능,공공누리 1유형,,,O,,,,,단순 정보,
1842,철도산업정보센터,HOME > 철도역사관 > 철도통합연표,철도통합연표,보통역으로 영업개시,,1974-12-20 00:00:00,미부착,,개방 가능,공공누리 1유형,,,O,,,,,단순 정보,
1843,철도산업정보센터,HOME > 철도역사관 > 철도통합연표,철도통합연표,태백삼각선 0.8km 완공.,,1975-00-00,미부착,,개방 가능,공공누리 1유형,,,O,,,,,단순 정보,
1844,철도산업정보센터,HOME > 철도역사관 > 철도통합연표,철도통합연표,"포항제철 통근용 니이가타 디젤 동차 기부 체납, 직원 전용 통근열차 운행 개시",,1975-00-00,미부착,,개방 가능,공공누리 1유형,,,O,,,,,단순 정보,
1845,철도산업정보센터,HOME > 철도역사관 > 철도통합연표,철도통합연표,을종승차권 대매소 개업,,1975-01-05 00:00:00,미부착,,개방 가능,공공누리 1유형,,,O,,,,,단순 정보,
1846,철도산업정보센터,HOME > 철도역사관 > 철도통합연표,철도통합연표,역사준공,,1975-01-24 00:00:00,미부착,,개방 가능,공공누리 1유형,,,O,,,,,단순 정보,
1847,철도산업정보센터,HOME > 철도역사관 > 철도통합연표,철도통합연표,태백신호장으로 영업개시,,1975-02-01 00:00:00,미부착,,개방 가능,공공누리 1유형,,,O,,,,,단순 정보,
1848,철도산업정보센터,HOME > 철도역사관 > 철도통합연표,철도통합연표,보통역으로 승격,,1975-02-01 00:00:00,미부착,,개방 가능,공공누리 1유형,,,O,,,,,단순 정보,
1849,철도산업정보센터,HOME > 철도역사관 > 철도통합연표,철도통합연표,"영동, 태백 삼각선 준공",,1975-02-01 00:00:00,미부착,,개방 가능,공공누리 1유형,,,O,,,,,단순 정보,
1850,철도산업정보센터,HOME > 철도역사관 > 철도통합연표,철도통합연표,역사 개증축 착공,,1975-02-05 00:00:00,미부착,,개방 가능,공공누리 1유형,,,O,,,,,단순 정보,
1851,철도산업정보센터,HOME > 철도역사관 > 철도통합연표,철도통합연표,역사착공,,1975-04-14 00:00:00,미부착,,개방 가능,공공누리 1유형,,,O,,,,,단순 정보,
1852,철도산업정보센터,HOME > 철도역사관 > 철도통합연표,철도통합연표,역사 개증축 준공,,1975-04-15 00:00:00,미부착,,개방 가능,공공누리 1유형,,,O,,,,,단순 정보,
1853,철도산업정보센터,HOME > 철도역사관 > 철도통합연표,철도통합연표,민수용 무연탄도착취급역 지정취소,,1975-05-01 00:00:00,미부착,,개방 가능,공공누리 1유형,,,O,,,,,단순 정보,
1854,철도산업정보센터,HOME > 철도역사관 > 철도통합연표,철도통합연표,역사신축 착공,,1975-05-12 00:00:00,미부착,,개방 가능,공공누리 1유형,,,O,,,,,단순 정보,
1855,철도산업정보센터,HOME > 철도역사관 > 철도통합연표,철도통합연표,수소화물 취급 중지,,1975-05-16 00:00:00,미부착,,개방 가능,공공누리 1유형,,,O,,,,,단순 정보,
1856,철도산업정보센터,HOME > 철도역사관 > 철도통합연표,철도통합연표,소화물취급 중지(1974311일?),,1975-05-16 00:00:00,미부착,,개방 가능,공공누리 1유형,,,O,,,,,단순 정보,
1857,철도산업정보센터,HOME > 철도역사관 > 철도통합연표,철도통합연표,간이역으로 영업개시,,1975-06-28 00:00:00,미부착,,개방 가능,공공누리 1유형,,,O,,,,,단순 정보,
1858,철도산업정보센터,HOME > 철도역사관 > 철도통합연표,철도통합연표,한탄강역 개통,,1975-06-28 00:00:00,미부착,,개방 가능,공공누리 1유형,,,O,,,,,단순 정보,
1859,철도산업정보센터,HOME > 철도역사관 > 철도통합연표,철도통합연표,포항제철통근열차 운행개시,,1975-07-01 00:00:00,미부착,,개방 가능,공공누리 1유형,,,O,,,,,단순 정보,
1860,철도산업정보센터,HOME > 철도역사관 > 철도통합연표,철도통합연표,배치간이역으로 격하,,1975-07-01 00:00:00,미부착,,개방 가능,공공누리 1유형,,,O,,,,,단순 정보,
1861,철도산업정보센터,HOME > 철도역사관 > 철도통합연표,철도통합연표,현재의 위치로 역사이전,,1975-07-25 00:00:00,미부착,,개방 가능,공공누리 1유형,,,O,,,,,단순 정보,
1862,철도산업정보센터,HOME > 철도역사관 > 철도통합연표,철도통합연표,보통역으로 승격,,1975-08-03 00:00:00,미부착,,개방 가능,공공누리 1유형,,,O,,,,,단순 정보,
1863,철도산업정보센터,HOME > 철도역사관 > 철도통합연표,철도통합연표,여객영업 중단,,1975-08-15 00:00:00,미부착,,개방 가능,공공누리 1유형,,,O,,,,,단순 정보,
1864,철도산업정보센터,HOME > 철도역사관 > 철도통합연표,철도통합연표,서부역사 신축 준공,,1975-08-30 00:00:00,미부착,,개방 가능,공공누리 1유형,,,O,,,,,단순 정보,
1865,철도산업정보센터,HOME > 철도역사관 > 철도통합연표,철도통합연표,화물취급개시,,1975-10-01 00:00:00,미부착,,개방 가능,공공누리 1유형,,,O,,,,,단순 정보,
1866,철도산업정보센터,HOME > 철도역사관 > 철도통합연표,철도통합연표,역사준공,,1975-10-02 00:00:00,미부착,,개방 가능,공공누리 1유형,,,O,,,,,단순 정보,
1867,철도산업정보센터,HOME > 철도역사관 > 철도통합연표,철도통합연표,충북선 복선화 공사 착공.,,1975-10-20 00:00:00,미부착,,개방 가능,공공누리 1유형,,,O,,,,,단순 정보,
1868,철도산업정보센터,HOME > 철도역사관 > 철도통합연표,철도통합연표,역사 신축 착공,,1975-10-29 00:00:00,미부착,,개방 가능,공공누리 1유형,,,O,,,,,단순 정보,
1869,철도산업정보센터,HOME > 철도역사관 > 철도통합연표,철도통합연표,서남철교 기관차 추락 사고 발생.,,1975-11-03 00:00:00,미부착,,개방 가능,공공누리 1유형,,,O,,,,,단순 정보,
1870,철도산업정보센터,HOME > 철도역사관 > 철도통합연표,철도통합연표,영동선 전철화 완료와 함께 고한~백산간 23.7km 전철화 완공,,1975-12-05 00:00:00,미부착,,개방 가능,공공누리 1유형,,,O,,,,,단순 정보,
1871,철도산업정보센터,HOME > 철도역사관 > 철도통합연표,철도통합연표,영동선(철암 ~ 북평) 전철 개통,,1975-12-05 00:00:00,미부착,,개방 가능,공공누리 1유형,,,O,,,,,단순 정보,
1872,철도산업정보센터,HOME > 철도역사관 > 철도통합연표,철도통합연표,통표폐색에서 기계연동폐색방식으로 변경,,1975-12-05 00:00:00,미부착,,개방 가능,공공누리 1유형,,,O,,,,,단순 정보,
1873,철도산업정보센터,HOME > 철도역사관 > 철도통합연표,철도통합연표,동국산업선 준공,,1975-12-10 00:00:00,미부착,,개방 가능,공공누리 1유형,,,O,,,,,단순 정보,
1874,철도산업정보센터,HOME > 철도역사관 > 철도통합연표,철도통합연표,연료공업협동조합 전용선 부설,,1975-12-15 00:00:00,미부착,,개방 가능,공공누리 1유형,,,O,,,,,단순 정보,
1875,철도산업정보센터,HOME > 철도역사관 > 철도통합연표,철도통합연표,폐쇄,,1975-12-29 00:00:00,미부착,,개방 가능,공공누리 1유형,,,O,,,,,단순 정보,
1876,철도산업정보센터,HOME > 철도역사관 > 철도통합연표,철도통합연표,여천공업단지 확장사업으로 역사이전과 함께 보통역으로 승격,,1975-12-29 00:00:00,미부착,,개방 가능,공공누리 1유형,,,O,,,,,단순 정보,
1877,철도산업정보센터,HOME > 철도역사관 > 철도통합연표,철도통합연표,현재의 역사준공,,1975-12-30 00:00:00,미부착,,개방 가능,공공누리 1유형,,,O,,,,,단순 정보,
1878,철도산업정보센터,HOME > 철도역사관 > 철도통합연표,철도통합연표,전철역사준공,,1975-12-31 00:00:00,미부착,,개방 가능,공공누리 1유형,,,O,,,,,단순 정보,
1879,철도산업정보센터,HOME > 철도역사관 > 철도통합연표,철도통합연표,민수용 무연탄 도착취급역 지정,,1976-01-01 00:00:00,미부착,,개방 가능,공공누리 1유형,,,O,,,,,단순 정보,
1880,철도산업정보센터,HOME > 철도역사관 > 철도통합연표,철도통합연표,민수용무연탄 도착취급역 지정,,1976-01-01 00:00:00,미부착,,개방 가능,공공누리 1유형,,,O,,,,,단순 정보,
1881,철도산업정보센터,HOME > 철도역사관 > 철도통합연표,철도통합연표,민수용 무연탄 화물취급역 지정,,1976-01-01 00:00:00,미부착,,개방 가능,공공누리 1유형,,,O,,,,,단순 정보,
1882,철도산업정보센터,HOME > 철도역사관 > 철도통합연표,철도통합연표,민수용 무연탄 도착취급역 지정,,1976-01-01 00:00:00,미부착,,개방 가능,공공누리 1유형,,,O,,,,,단순 정보,
1883,철도산업정보센터,HOME > 철도역사관 > 철도통합연표,철도통합연표,민수용 무연탄 도착취급역 지정,,1976-01-01 00:00:00,미부착,,개방 가능,공공누리 1유형,,,O,,,,,단순 정보,
1884,철도산업정보센터,HOME > 철도역사관 > 철도통합연표,철도통합연표,여객취급 재개,,1976-01-06 00:00:00,미부착,,개방 가능,공공누리 1유형,,,O,,,,,단순 정보,
1885,철도산업정보센터,HOME > 철도역사관 > 철도통합연표,철도통합연표,여객취급 재개,,1976-01-06 00:00:00,미부착,,개방 가능,공공누리 1유형,,,O,,,,,단순 정보,
1886,철도산업정보센터,HOME > 철도역사관 > 철도통합연표,철도통합연표,을종대매소로 영업개시,,1976-01-11 00:00:00,미부착,,개방 가능,공공누리 1유형,,,O,,,,,단순 정보,
1887,철도산업정보센터,HOME > 철도역사관 > 철도통합연표,철도통합연표,민수용 무연탄도착취급역 지정,,1976-01-21 00:00:00,미부착,,개방 가능,공공누리 1유형,,,O,,,,,단순 정보,
1888,철도산업정보센터,HOME > 철도역사관 > 철도통합연표,철도통합연표,역사준공,,1976-02-24 00:00:00,미부착,,개방 가능,공공누리 1유형,,,O,,,,,단순 정보,
1889,철도산업정보센터,HOME > 철도역사관 > 철도통합연표,철도통합연표,보통역으로 승격,,1976-03-15 00:00:00,미부착,,개방 가능,공공누리 1유형,,,O,,,,,단순 정보,
1890,철도산업정보센터,HOME > 철도역사관 > 철도통합연표,철도통합연표,사무관역으로 승격,,1976-03-30 00:00:00,미부착,,개방 가능,공공누리 1유형,,,O,,,,,단순 정보,
1891,철도산업정보센터,HOME > 철도역사관 > 철도통합연표,철도통합연표,전용선 영업개시,,1976-04-01 00:00:00,미부착,,개방 가능,공공누리 1유형,,,O,,,,,단순 정보,
1892,철도산업정보센터,HOME > 철도역사관 > 철도통합연표,철도통합연표,민수용 무연탄 도착취급역 지정,,1976-04-26 00:00:00,미부착,,개방 가능,공공누리 1유형,,,O,,,,,단순 정보,
1893,철도산업정보센터,HOME > 철도역사관 > 철도통합연표,철도통합연표,민수용 무연탄도착취급역 지정취소,,1976-04-26 00:00:00,미부착,,개방 가능,공공누리 1유형,,,O,,,,,단순 정보,
1894,철도산업정보센터,HOME > 철도역사관 > 철도통합연표,철도통합연표,현재의 역사신축.,,1976-05-01 00:00:00,미부착,,개방 가능,공공누리 1유형,,,O,,,,,단순 정보,
1895,철도산업정보센터,HOME > 철도역사관 > 철도통합연표,철도통합연표,역명변경(행주→강매),,1976-05-01 00:00:00,미부착,,개방 가능,공공누리 1유형,,,O,,,,,단순 정보,
1896,철도산업정보센터,HOME > 철도역사관 > 철도통합연표,철도통합연표,역사 신축 착공,,1976-05-20 00:00:00,미부착,,개방 가능,공공누리 1유형,,,O,,,,,단순 정보,
1897,철도산업정보센터,HOME > 철도역사관 > 철도통합연표,철도통합연표,4급역에서 3급역으로 승격,,1976-06-01 00:00:00,미부착,,개방 가능,공공누리 1유형,,,O,,,,,단순 정보,
1898,철도산업정보센터,HOME > 철도역사관 > 철도통합연표,철도통합연표,을종승차권대매소로 지정,,1976-06-01 00:00:00,미부착,,개방 가능,공공누리 1유형,,,O,,,,,단순 정보,
1899,철도산업정보센터,HOME > 철도역사관 > 철도통합연표,철도통합연표,4급역에서 3급역으로 승격,,1976-06-15 00:00:00,미부착,,개방 가능,공공누리 1유형,,,O,,,,,단순 정보,
1900,철도산업정보센터,HOME > 철도역사관 > 철도통합연표,철도통합연표,역사 신축 착공,,1976-06-23 00:00:00,미부착,,개방 가능,공공누리 1유형,,,O,,,,,단순 정보,
1901,철도산업정보센터,HOME > 철도역사관 > 철도통합연표,철도통합연표,소화물취급 중지,,1976-06-29 00:00:00,미부착,,개방 가능,공공누리 1유형,,,O,,,,,단순 정보,
1902,철도산업정보센터,HOME > 철도역사관 > 철도통합연표,철도통합연표,화물취급 중지,,1976-07-10 00:00:00,미부착,,개방 가능,공공누리 1유형,,,O,,,,,단순 정보,
1903,철도산업정보센터,HOME > 철도역사관 > 철도통합연표,철도통합연표,화물취급중지,,1976-07-10 00:00:00,미부착,,개방 가능,공공누리 1유형,,,O,,,,,단순 정보,
1904,철도산업정보센터,HOME > 철도역사관 > 철도통합연표,철도통합연표,"화물, 소화물 취급 중지.",,1976-07-10 00:00:00,미부착,,개방 가능,공공누리 1유형,,,O,,,,,단순 정보,
1905,철도산업정보센터,HOME > 철도역사관 > 철도통합연표,철도통합연표,일반화물취급 중지,,1976-07-10 00:00:00,미부착,,개방 가능,공공누리 1유형,,,O,,,,,단순 정보,
1906,철도산업정보센터,HOME > 철도역사관 > 철도통합연표,철도통합연표,화물취급 중지,,1976-07-10 00:00:00,미부착,,개방 가능,공공누리 1유형,,,O,,,,,단순 정보,
1907,철도산업정보센터,HOME > 철도역사관 > 철도통합연표,철도통합연표,화물취급 중지,,1976-07-10 00:00:00,미부착,,개방 가능,공공누리 1유형,,,O,,,,,단순 정보,
1908,철도산업정보센터,HOME > 철도역사관 > 철도통합연표,철도통합연표,화물취급 중지,,1976-07-10 00:00:00,미부착,,개방 가능,공공누리 1유형,,,O,,,,,단순 정보,
1909,철도산업정보센터,HOME > 철도역사관 > 철도통합연표,철도통합연표,화물취급 중지,,1976-07-10 00:00:00,미부착,,개방 가능,공공누리 1유형,,,O,,,,,단순 정보,
1910,철도산업정보센터,HOME > 철도역사관 > 철도통합연표,철도통합연표,화물취급 중지,,1976-07-10 00:00:00,미부착,,개방 가능,공공누리 1유형,,,O,,,,,단순 정보,
1911,철도산업정보센터,HOME > 철도역사관 > 철도통합연표,철도통합연표,화물취급 중지,,1976-07-10 00:00:00,미부착,,개방 가능,공공누리 1유형,,,O,,,,,단순 정보,
1912,철도산업정보센터,HOME > 철도역사관 > 철도통합연표,철도통합연표,화물취급 중지,,1976-07-10 00:00:00,미부착,,개방 가능,공공누리 1유형,,,O,,,,,단순 정보,
1913,철도산업정보센터,HOME > 철도역사관 > 철도통합연표,철도통합연표,화물취급 중지,,1976-07-10 00:00:00,미부착,,개방 가능,공공누리 1유형,,,O,,,,,단순 정보,
1914,철도산업정보센터,HOME > 철도역사관 > 철도통합연표,철도통합연표,화물취급 중지,,1976-07-10 00:00:00,미부착,,개방 가능,공공누리 1유형,,,O,,,,,단순 정보,
1915,철도산업정보센터,HOME > 철도역사관 > 철도통합연표,철도통합연표,민수용 무연탄도착취급역 지정,,1976-08-03 00:00:00,미부착,,개방 가능,공공누리 1유형,,,O,,,,,단순 정보,
1916,철도산업정보센터,HOME > 철도역사관 > 철도통합연표,철도통합연표,인천공작창 화차 제 2공장 업무개시,,1976-08-10 00:00:00,미부착,,개방 가능,공공누리 1유형,,,O,,,,,단순 정보,
1917,철도산업정보센터,HOME > 철도역사관 > 철도통합연표,철도통합연표,삼천리산업 전용선 부설,,1976-08-22 00:00:00,미부착,,개방 가능,공공누리 1유형,,,O,,,,,단순 정보,
1918,철도산업정보센터,HOME > 철도역사관 > 철도통합연표,철도통합연표,전용선 착발화물 한 화물취급지정,,1976-09-14 00:00:00,미부착,,개방 가능,공공누리 1유형,,,O,,,,,단순 정보,
1919,철도산업정보센터,HOME > 철도역사관 > 철도통합연표,철도통합연표,역사준공,,1976-09-15 00:00:00,미부착,,개방 가능,공공누리 1유형,,,O,,,,,단순 정보,
1920,철도산업정보센터,HOME > 철도역사관 > 철도통합연표,철도통합연표,역사 신축 착공,,1976-09-18 00:00:00,미부착,,개방 가능,공공누리 1유형,,,O,,,,,단순 정보,
1921,철도산업정보센터,HOME > 철도역사관 > 철도통합연표,철도통합연표,현재의 역사로 이전.,,1976-09-20 00:00:00,미부착,,개방 가능,공공누리 1유형,,,O,,,,,단순 정보,
1922,철도산업정보센터,HOME > 철도역사관 > 철도통합연표,철도통합연표,역사신축 착공,,1976-09-30 00:00:00,미부착,,개방 가능,공공누리 1유형,,,O,,,,,단순 정보,
1923,철도산업정보센터,HOME > 철도역사관 > 철도통합연표,철도통합연표,역사 신축 준공,,1976-10-03 00:00:00,미부착,,개방 가능,공공누리 1유형,,,O,,,,,단순 정보,
1924,철도산업정보센터,HOME > 철도역사관 > 철도통합연표,철도통합연표,역사 신축착공,,1976-10-16 00:00:00,미부착,,개방 가능,공공누리 1유형,,,O,,,,,단순 정보,
1925,철도산업정보센터,HOME > 철도역사관 > 철도통합연표,철도통합연표,경전선 도심철도구간 이설 관련 철도이설 관계관 회의 개최,,1976-11-12 00:00:00,미부착,,개방 가능,공공누리 1유형,,,O,,,,,단순 정보,
1926,철도산업정보센터,HOME > 철도역사관 > 철도통합연표,철도통합연표,차급식염 및 전용선착발 군용화물 한 화물취급지정,,1976-12-01 00:00:00,미부착,,개방 가능,공공누리 1유형,,,O,,,,,단순 정보,
1927,철도산업정보센터,HOME > 철도역사관 > 철도통합연표,철도통합연표,역사준공,,1976-12-03 00:00:00,미부착,,개방 가능,공공누리 1유형,,,O,,,,,단순 정보,
1928,철도산업정보센터,HOME > 철도역사관 > 철도통합연표,철도통합연표,현재의 역사준공.,,1976-12-24 00:00:00,미부착,,개방 가능,공공누리 1유형,,,O,,,,,단순 정보,
1929,철도산업정보센터,HOME > 철도역사관 > 철도통합연표,철도통합연표,역사신축 준공,,1976-12-25 00:00:00,미부착,,개방 가능,공공누리 1유형,,,O,,,,,단순 정보,
1930,철도산업정보센터,HOME > 철도역사관 > 철도통합연표,철도통합연표,고로시멘트선 준공,,1976-12-25 00:00:00,미부착,,개방 가능,공공누리 1유형,,,O,,,,,단순 정보,
1931,철도산업정보센터,HOME > 철도역사관 > 철도통합연표,철도통합연표,"함백~조동간 루프 터널(L=2,450m) 개통으로 인해 예미~조동간 함백선 연결 개통. 해당 구간 복선화",,1976-12-30 00:00:00,미부착,,개방 가능,공공누리 1유형,,,O,,,,,단순 정보,
1932,철도산업정보센터,HOME > 철도역사관 > 철도통합연표,철도통합연표,"함백~조동간 루프 터널(L=2,450m) 개통으로 인해 예미~조동간 함백선 연결 개통. 해당 구간 복선화",,1976-12-30 00:00:00,미부착,,개방 가능,공공누리 1유형,,,O,,,,,단순 정보,
1933,철도산업정보센터,HOME > 철도역사관 > 철도통합연표,철도통합연표,배치간이역으로 승격,,1976-12-31 00:00:00,미부착,,개방 가능,공공누리 1유형,,,O,,,,,단순 정보,
1934,철도산업정보센터,HOME > 철도역사관 > 철도통합연표,철도통합연표,수도권 CTC 완공,,1977-01-27 00:00:00,미부착,,개방 가능,공공누리 1유형,,,O,,,,,단순 정보,
1935,철도산업정보센터,HOME > 철도역사관 > 철도통합연표,철도통합연표,Micro-Wave 무선통신망(2.5㎓주파수대) 개통,,1977-01-27 00:00:00,미부착,,개방 가능,공공누리 1유형,,,O,,,,,단순 정보,
1936,철도산업정보센터,HOME > 철도역사관 > 철도통합연표,철도통합연표,역사증축,,1977-02-20 00:00:00,미부착,,개방 가능,공공누리 1유형,,,O,,,,,단순 정보,
1937,철도산업정보센터,HOME > 철도역사관 > 철도통합연표,철도통합연표,신호장으로 개역,,1977-03-01 00:00:00,미부착,,개방 가능,공공누리 1유형,,,O,,,,,단순 정보,
1938,철도산업정보센터,HOME > 철도역사관 > 철도통합연표,철도통합연표,신호장으로 영업개시,,1977-03-01 00:00:00,미부착,,개방 가능,공공누리 1유형,,,O,,,,,단순 정보,
1939,철도산업정보센터,HOME > 철도역사관 > 철도통합연표,철도통합연표,역 폐지,,1977-03-01 00:00:00,미부착,,개방 가능,공공누리 1유형,,,O,,,,,단순 정보,
1940,철도산업정보센터,HOME > 철도역사관 > 철도통합연표,철도통합연표,신호장으로 영업개시.,,1977-03-01 00:00:00,미부착,,개방 가능,공공누리 1유형,,,O,,,,,단순 정보,
1941,철도산업정보센터,HOME > 철도역사관 > 철도통합연표,철도통합연표,폐역,,1977-03-01 00:00:00,미부착,,개방 가능,공공누리 1유형,,,O,,,,,단순 정보,
1942,철도산업정보센터,HOME > 철도역사관 > 철도통합연표,철도통합연표,폐역,,1977-03-01 00:00:00,미부착,,개방 가능,공공누리 1유형,,,O,,,,,단순 정보,
1943,철도산업정보센터,HOME > 철도역사관 > 철도통합연표,철도통합연표,무인신호장으로 개역,,1977-03-01 00:00:00,미부착,,개방 가능,공공누리 1유형,,,O,,,,,단순 정보,
1944,철도산업정보센터,HOME > 철도역사관 > 철도통합연표,철도통합연표,신호장으로 영업개시,,1977-03-01 00:00:00,미부착,,개방 가능,공공누리 1유형,,,O,,,,,단순 정보,
1945,철도산업정보센터,HOME > 철도역사관 > 철도통합연표,철도통합연표,폐역,,1977-03-01 00:00:00,미부착,,개방 가능,공공누리 1유형,,,O,,,,,단순 정보,
1946,철도산업정보센터,HOME > 철도역사관 > 철도통합연표,철도통합연표,보통역으로 승격,,1977-03-01 00:00:00,미부착,,개방 가능,공공누리 1유형,,,O,,,,,단순 정보,
1947,철도산업정보센터,HOME > 철도역사관 > 철도통합연표,철도통합연표,신호장으로 다시 부활.,,1977-03-01 00:00:00,미부착,,개방 가능,공공누리 1유형,,,O,,,,,단순 정보,
1948,철도산업정보센터,HOME > 철도역사관 > 철도통합연표,철도통합연표,신호장으로 다시 영업개시,,1977-03-01 00:00:00,미부착,,개방 가능,공공누리 1유형,,,O,,,,,단순 정보,
1949,철도산업정보센터,HOME > 철도역사관 > 철도통합연표,철도통합연표,호남선 복선화 공사에 따라 역사이전,,1977-03-08 00:00:00,미부착,,개방 가능,공공누리 1유형,,,O,,,,,단순 정보,
1950,철도산업정보센터,HOME > 철도역사관 > 철도통합연표,철도통합연표,조동역(신호장) 개역.,,1977-04-01 00:00:00,미부착,,개방 가능,공공누리 1유형,,,O,,,,,단순 정보,
1951,철도산업정보센터,HOME > 철도역사관 > 철도통합연표,철도통합연표,조동역(신호장) 개역.,,1977-04-01 00:00:00,미부착,,개방 가능,공공누리 1유형,,,O,,,,,단순 정보,
1952,철도산업정보센터,HOME > 철도역사관 > 철도통합연표,철도통합연표,화물취급중지,,1977-04-01 00:00:00,미부착,,개방 가능,공공누리 1유형,,,O,,,,,단순 정보,
1953,철도산업정보센터,HOME > 철도역사관 > 철도통합연표,철도통합연표,아세아시멘트선 부설,,1977-04-15 00:00:00,미부착,,개방 가능,공공누리 1유형,,,O,,,,,단순 정보,
1954,철도산업정보센터,HOME > 철도역사관 > 철도통합연표,철도통합연표,역사이전,,1977-04-20 00:00:00,미부착,,개방 가능,공공누리 1유형,,,O,,,,,단순 정보,
1955,철도산업정보센터,HOME > 철도역사관 > 철도통합연표,철도통합연표,화물취급 중지,,1977-05-01 00:00:00,미부착,,개방 가능,공공누리 1유형,,,O,,,,,단순 정보,
1956,철도산업정보센터,HOME > 철도역사관 > 철도통합연표,철도통합연표,불국사역으로 관리역 변경,,1977-05-01 00:00:00,미부착,,개방 가능,공공누리 1유형,,,O,,,,,단순 정보,
1957,철도산업정보센터,HOME > 철도역사관 > 철도통합연표,철도통합연표,화물취급 중지,,1977-05-01 00:00:00,미부착,,개방 가능,공공누리 1유형,,,O,,,,,단순 정보,
1958,철도산업정보센터,HOME > 철도역사관 > 철도통합연표,철도통합연표,화물취급 중지,,1977-05-01 00:00:00,미부착,,개방 가능,공공누리 1유형,,,O,,,,,단순 정보,
1959,철도산업정보센터,HOME > 철도역사관 > 철도통합연표,철도통합연표,수소화물취급 중지,,1977-05-16 00:00:00,미부착,,개방 가능,공공누리 1유형,,,O,,,,,단순 정보,
1960,철도산업정보센터,HOME > 철도역사관 > 철도통합연표,철도통합연표,수소화물 취급중지,,1977-05-16 00:00:00,미부착,,개방 가능,공공누리 1유형,,,O,,,,,단순 정보,
1961,철도산업정보센터,HOME > 철도역사관 > 철도통합연표,철도통합연표,"여객, 소화물취급 중지",,1977-05-16 00:00:00,미부착,,개방 가능,공공누리 1유형,,,O,,,,,단순 정보,
1962,철도산업정보센터,HOME > 철도역사관 > 철도통합연표,철도통합연표,소화물취급 중지.,,1977-05-16 00:00:00,미부착,,개방 가능,공공누리 1유형,,,O,,,,,단순 정보,
1963,철도산업정보센터,HOME > 철도역사관 > 철도통합연표,철도통합연표,수소화물취급중지,,1977-05-16 00:00:00,미부착,,개방 가능,공공누리 1유형,,,O,,,,,단순 정보,
1964,철도산업정보센터,HOME > 철도역사관 > 철도통합연표,철도통합연표,여객 및 수소화물취급 중지,,1977-05-16 00:00:00,미부착,,개방 가능,공공누리 1유형,,,O,,,,,단순 정보,
1965,철도산업정보센터,HOME > 철도역사관 > 철도통합연표,철도통합연표,수소화물 취급 중지.,,1977-05-16 00:00:00,미부착,,개방 가능,공공누리 1유형,,,O,,,,,단순 정보,
1966,철도산업정보센터,HOME > 철도역사관 > 철도통합연표,철도통합연표,소화물 취급 중지.,,1977-05-16 00:00:00,미부착,,개방 가능,공공누리 1유형,,,O,,,,,단순 정보,
1967,철도산업정보센터,HOME > 철도역사관 > 철도통합연표,철도통합연표,여객 및 소화물취급 중지,,1977-05-16 00:00:00,미부착,,개방 가능,공공누리 1유형,,,O,,,,,단순 정보,
1968,철도산업정보센터,HOME > 철도역사관 > 철도통합연표,철도통합연표,수소화물 취급 중지,,1977-05-16 00:00:00,미부착,,개방 가능,공공누리 1유형,,,O,,,,,단순 정보,
1969,철도산업정보센터,HOME > 철도역사관 > 철도통합연표,철도통합연표,여객취급 중지,,1977-05-16 00:00:00,미부착,,개방 가능,공공누리 1유형,,,O,,,,,단순 정보,
1970,철도산업정보센터,HOME > 철도역사관 > 철도통합연표,철도통합연표,여객 및 소화물 취급 중지,,1977-05-16 00:00:00,미부착,,개방 가능,공공누리 1유형,,,O,,,,,단순 정보,
1971,철도산업정보센터,HOME > 철도역사관 > 철도통합연표,철도통합연표,소화물취급 중지,,1977-05-16 00:00:00,미부착,,개방 가능,공공누리 1유형,,,O,,,,,단순 정보,
1972,철도산업정보센터,HOME > 철도역사관 > 철도통합연표,철도통합연표,소화물취급중지,,1977-05-16 00:00:00,미부착,,개방 가능,공공누리 1유형,,,O,,,,,단순 정보,
1973,철도산업정보센터,HOME > 철도역사관 > 철도통합연표,철도통합연표,수소화물취급 중지,,1977-05-16 00:00:00,미부착,,개방 가능,공공누리 1유형,,,O,,,,,단순 정보,
1974,철도산업정보센터,HOME > 철도역사관 > 철도통합연표,철도통합연표,수소화물취급 중지,,1977-05-16 00:00:00,미부착,,개방 가능,공공누리 1유형,,,O,,,,,단순 정보,
1975,철도산업정보센터,HOME > 철도역사관 > 철도통합연표,철도통합연표,수소화물취급 중지,,1977-05-16 00:00:00,미부착,,개방 가능,공공누리 1유형,,,O,,,,,단순 정보,
1976,철도산업정보센터,HOME > 철도역사관 > 철도통합연표,철도통합연표,수소화물취급 중지,,1977-05-16 00:00:00,미부착,,개방 가능,공공누리 1유형,,,O,,,,,단순 정보,
1977,철도산업정보센터,HOME > 철도역사관 > 철도통합연표,철도통합연표,수소화물취급중지,,1977-05-16 00:00:00,미부착,,개방 가능,공공누리 1유형,,,O,,,,,단순 정보,
1978,철도산업정보센터,HOME > 철도역사관 > 철도통합연표,철도통합연표,수소화물취급중지,,1977-05-16 00:00:00,미부착,,개방 가능,공공누리 1유형,,,O,,,,,단순 정보,
1979,철도산업정보센터,HOME > 철도역사관 > 철도통합연표,철도통합연표,수소화물취급중지,,1977-05-16 00:00:00,미부착,,개방 가능,공공누리 1유형,,,O,,,,,단순 정보,
1980,철도산업정보센터,HOME > 철도역사관 > 철도통합연표,철도통합연표,수소화물취급중지,,1977-05-16 00:00:00,미부착,,개방 가능,공공누리 1유형,,,O,,,,,단순 정보,
1981,철도산업정보센터,HOME > 철도역사관 > 철도통합연표,철도통합연표,수소화물취급중지,,1977-05-16 00:00:00,미부착,,개방 가능,공공누리 1유형,,,O,,,,,단순 정보,
1982,철도산업정보센터,HOME > 철도역사관 > 철도통합연표,철도통합연표,여객 및 수소화물취급 중지,,1977-05-16 00:00:00,미부착,,개방 가능,공공누리 1유형,,,O,,,,,단순 정보,
1983,철도산업정보센터,HOME > 철도역사관 > 철도통합연표,철도통합연표,수소화물 취급중지,,1977-05-16 00:00:00,미부착,,개방 가능,공공누리 1유형,,,O,,,,,단순 정보,
1984,철도산업정보센터,HOME > 철도역사관 > 철도통합연표,철도통합연표,수소화물취급 중지,,1977-05-16 00:00:00,미부착,,개방 가능,공공누리 1유형,,,O,,,,,단순 정보,
1985,철도산업정보센터,HOME > 철도역사관 > 철도통합연표,철도통합연표,수소화물취급중지,,1977-05-16 00:00:00,미부착,,개방 가능,공공누리 1유형,,,O,,,,,단순 정보,
1986,철도산업정보센터,HOME > 철도역사관 > 철도통합연표,철도통합연표,수소화물취급 중지,,1977-05-16 00:00:00,미부착,,개방 가능,공공누리 1유형,,,O,,,,,단순 정보,
1987,철도산업정보센터,HOME > 철도역사관 > 철도통합연표,철도통합연표,수소화물취급 중지,,1977-05-16 00:00:00,미부착,,개방 가능,공공누리 1유형,,,O,,,,,단순 정보,
1988,철도산업정보센터,HOME > 철도역사관 > 철도통합연표,철도통합연표,여객취급 중지,,1977-05-16 00:00:00,미부착,,개방 가능,공공누리 1유형,,,O,,,,,단순 정보,
1989,철도산업정보센터,HOME > 철도역사관 > 철도통합연표,철도통합연표,수소화물취급중지,,1977-05-16 00:00:00,미부착,,개방 가능,공공누리 1유형,,,O,,,,,단순 정보,
1990,철도산업정보센터,HOME > 철도역사관 > 철도통합연표,철도통합연표,여객 및 수소화물취급 중지,,1977-05-16 00:00:00,미부착,,개방 가능,공공누리 1유형,,,O,,,,,단순 정보,
1991,철도산업정보센터,HOME > 철도역사관 > 철도통합연표,철도통합연표,수소화물취급중지,,1977-05-16 00:00:00,미부착,,개방 가능,공공누리 1유형,,,O,,,,,단순 정보,
1992,철도산업정보센터,HOME > 철도역사관 > 철도통합연표,철도통합연표,수소화물취급중지,,1977-05-16 00:00:00,미부착,,개방 가능,공공누리 1유형,,,O,,,,,단순 정보,
1993,철도산업정보센터,HOME > 철도역사관 > 철도통합연표,철도통합연표,"제7비료공장 준공, 7비선 개통 ",,1977-06-10 00:00:00,미부착,,개방 가능,공공누리 1유형,,,O,,,,,단순 정보,
1994,철도산업정보센터,HOME > 철도역사관 > 철도통합연표,철도통합연표,7비선 개통,,1977-06-10 00:00:00,미부착,,개방 가능,공공누리 1유형,,,O,,,,,단순 정보,
1995,철도산업정보센터,HOME > 철도역사관 > 철도통합연표,철도통합연표,수소화물취급 중지,,1977-06-15 00:00:00,미부착,,개방 가능,공공누리 1유형,,,O,,,,,단순 정보,
1996,철도산업정보센터,HOME > 철도역사관 > 철도통합연표,철도통합연표,소화물업무를 동대구역으로 이관,,1977-06-15 00:00:00,미부착,,개방 가능,공공누리 1유형,,,O,,,,,단순 정보,
1997,철도산업정보센터,HOME > 철도역사관 > 철도통합연표,철도통합연표,여객취급 중지,,1977-06-16 00:00:00,미부착,,개방 가능,공공누리 1유형,,,O,,,,,단순 정보,
1998,철도산업정보센터,HOME > 철도역사관 > 철도통합연표,철도통합연표,임시승강장으로 개역,,1977-08-01 00:00:00,미부착,,개방 가능,공공누리 1유형,,,O,,,,,단순 정보,
1999,철도산업정보센터,HOME > 철도역사관 > 철도통합연표,철도통합연표,무연탄 전용선 부설,,1977-08-01 00:00:00,미부착,,개방 가능,공공누리 1유형,,,O,,,,,단순 정보,
2000,철도산업정보센터,HOME > 철도역사관 > 철도통합연표,철도통합연표,민수용 무연탄도착화물취급역 지정취소,,1977-08-05 00:00:00,미부착,,개방 가능,공공누리 1유형,,,O,,,,,단순 정보,
2001,철도산업정보센터,HOME > 철도역사관 > 철도통합연표,철도통합연표,정읍역대신 민수용 무연탄도착화물취급역 지정,,1977-08-05 00:00:00,미부착,,개방 가능,공공누리 1유형,,,O,,,,,단순 정보,
2002,철도산업정보센터,HOME > 철도역사관 > 철도통합연표,철도통합연표,ATS화 완료.,,1977-08-13 00:00:00,미부착,,개방 가능,공공누리 1유형,,,O,,,,,단순 정보,
2003,철도산업정보센터,HOME > 철도역사관 > 철도통합연표,철도통합연표,군산역 대신 민수용무연탄도착취급역 지정,,1977-08-26 00:00:00,미부착,,개방 가능,공공누리 1유형,,,O,,,,,단순 정보,
2004,철도산업정보센터,HOME > 철도역사관 > 철도통합연표,철도통합연표,민수용무연탄도착취급역 지정취소,,1977-08-26 00:00:00,미부착,,개방 가능,공공누리 1유형,,,O,,,,,단순 정보,
2005,철도산업정보센터,HOME > 철도역사관 > 철도통합연표,철도통합연표,"화물, 수소화물취급 중지",,1977-09-01 00:00:00,미부착,,개방 가능,공공누리 1유형,,,O,,,,,단순 정보,
2006,철도산업정보센터,HOME > 철도역사관 > 철도통합연표,철도통합연표,수소화물취급 중지,,1977-09-01 00:00:00,미부착,,개방 가능,공공누리 1유형,,,O,,,,,단순 정보,
2007,철도산업정보센터,HOME > 철도역사관 > 철도통합연표,철도통합연표,"화물, 수소화물취급 중지",,1977-09-01 00:00:00,미부착,,개방 가능,공공누리 1유형,,,O,,,,,단순 정보,
2008,철도산업정보센터,HOME > 철도역사관 > 철도통합연표,철도통합연표,"화물, 수소화물취급 중지",,1977-09-01 00:00:00,미부착,,개방 가능,공공누리 1유형,,,O,,,,,단순 정보,
2009,철도산업정보센터,HOME > 철도역사관 > 철도통합연표,철도통합연표,화물취급 중지,,1977-09-01 00:00:00,미부착,,개방 가능,공공누리 1유형,,,O,,,,,단순 정보,
2010,철도산업정보센터,HOME > 철도역사관 > 철도통합연표,철도통합연표,"화물, 수소화물취급 중지",,1977-09-01 00:00:00,미부착,,개방 가능,공공누리 1유형,,,O,,,,,단순 정보,
2011,철도산업정보센터,HOME > 철도역사관 > 철도통합연표,철도통합연표,"충북선복선화와 함께 현재의 역사신축, 보통역으로 부활",,1977-09-05 00:00:00,미부착,,개방 가능,공공누리 1유형,,,O,,,,,단순 정보,
2012,철도산업정보센터,HOME > 철도역사관 > 철도통합연표,철도통합연표,역사준공,,1977-09-05 00:00:00,미부착,,개방 가능,공공누리 1유형,,,O,,,,,단순 정보,
2013,철도산업정보센터,HOME > 철도역사관 > 철도통합연표,철도통합연표,신호장으로 격하,,1977-09-15 00:00:00,미부착,,개방 가능,공공누리 1유형,,,O,,,,,단순 정보,
2014,철도산업정보센터,HOME > 철도역사관 > 철도통합연표,철도통합연표,무배치간이역으로 변경,,1977-09-15 00:00:00,미부착,,개방 가능,공공누리 1유형,,,O,,,,,단순 정보,
2015,철도산업정보센터,HOME > 철도역사관 > 철도통합연표,철도통합연표,신호장으로 격하,,1977-09-15 00:00:00,미부착,,개방 가능,공공누리 1유형,,,O,,,,,단순 정보,
2016,철도산업정보센터,HOME > 철도역사관 > 철도통합연표,철도통합연표,신호장으로 격하,,1977-09-15 00:00:00,미부착,,개방 가능,공공누리 1유형,,,O,,,,,단순 정보,
2017,철도산업정보센터,HOME > 철도역사관 > 철도통합연표,철도통합연표,역사 신축 착공,,1977-09-17 00:00:00,미부착,,개방 가능,공공누리 1유형,,,O,,,,,단순 정보,
2018,철도산업정보센터,HOME > 철도역사관 > 철도통합연표,철도통합연표,군전용선 개통,,1977-10-01 00:00:00,미부착,,개방 가능,공공누리 1유형,,,O,,,,,단순 정보,
2019,철도산업정보센터,HOME > 철도역사관 > 철도통합연표,철도통합연표,3급에서 4급역으로 격하,,1977-10-15 00:00:00,미부착,,개방 가능,공공누리 1유형,,,O,,,,,단순 정보,
2020,철도산업정보센터,HOME > 철도역사관 > 철도통합연표,철도통합연표,을종승차권대매소로 변경,,1977-10-16 00:00:00,미부착,,개방 가능,공공누리 1유형,,,O,,,,,단순 정보,
2021,철도산업정보센터,HOME > 철도역사관 > 철도통합연표,철도통합연표,을종대매소로 변경,,1977-10-16 00:00:00,미부착,,개방 가능,공공누리 1유형,,,O,,,,,단순 정보,
2022,철도산업정보센터,HOME > 철도역사관 > 철도통합연표,철도통합연표,배치간이역으로 격하,,1977-10-24 00:00:00,미부착,,개방 가능,공공누리 1유형,,,O,,,,,단순 정보,
2023,철도산업정보센터,HOME > 철도역사관 > 철도통합연표,철도통합연표,배치간이역으로 격하,,1977-10-24 00:00:00,미부착,,개방 가능,공공누리 1유형,,,O,,,,,단순 정보,
2024,철도산업정보센터,HOME > 철도역사관 > 철도통합연표,철도통합연표,배치간이역으로 격하,,1977-10-24 00:00:00,미부착,,개방 가능,공공누리 1유형,,,O,,,,,단순 정보,
2025,철도산업정보센터,HOME > 철도역사관 > 철도통합연표,철도통합연표,역사신축 준공,,1977-11-01 00:00:00,미부착,,개방 가능,공공누리 1유형,,,O,,,,,단순 정보,
2026,철도산업정보센터,HOME > 철도역사관 > 철도통합연표,철도통합연표,특급열차 여객취급,,1977-11-01 00:00:00,미부착,,개방 가능,공공누리 1유형,,,O,,,,,단순 정보,
2027,철도산업정보센터,HOME > 철도역사관 > 철도통합연표,철도통합연표,3급을류 역으로 승격,,1977-11-01 00:00:00,미부착,,개방 가능,공공누리 1유형,,,O,,,,,단순 정보,
2028,철도산업정보센터,HOME > 철도역사관 > 철도통합연표,철도통합연표,주사역으로 격하,,1977-11-01 00:00:00,미부착,,개방 가능,공공누리 1유형,,,O,,,,,단순 정보,
2029,철도산업정보센터,HOME > 철도역사관 > 철도통합연표,철도통합연표,익산역 폭파사고로 역사대파,,1977-11-11 00:00:00,미부착,,개방 가능,공공누리 1유형,,,O,,,,,단순 정보,
2030,철도산업정보센터,HOME > 철도역사관 > 철도통합연표,철도통합연표,성동역 폐쇄로 경춘선 시종착역이 됨,,1977-11-21 00:00:00,미부착,,개방 가능,공공누리 1유형,,,O,,,,,단순 정보,
2031,철도산업정보센터,HOME > 철도역사관 > 철도통합연표,철도통합연표,3급역으로 승격,,1977-12-10 00:00:00,미부착,,개방 가능,공공누리 1유형,,,O,,,,,단순 정보,
2032,철도산업정보센터,HOME > 철도역사관 > 철도통합연표,철도통합연표,경춘선전용역사 신축,,1977-12-10 00:00:00,미부착,,개방 가능,공공누리 1유형,,,O,,,,,단순 정보,
2033,철도산업정보센터,HOME > 철도역사관 > 철도통합연표,철도통합연표,"마산시 합성동에 통합 마산역의 완공 및 이전영업개시, 마산-신마산구간의 이설로 임항선이라는 독립 노선으로 재편. 진주방면 노선은 철거",,1977-12-15 00:00:00,미부착,,개방 가능,공공누리 1유형,,,O,,,,,단순 정보,
2034,철도산업정보센터,HOME > 철도역사관 > 철도통합연표,철도통합연표,"구마산역, 마산역, 북마산역을 통합하여 현재의 위치에 신역사 준공",,1977-12-15 00:00:00,미부착,,개방 가능,공공누리 1유형,,,O,,,,,단순 정보,
2035,철도산업정보센터,HOME > 철도역사관 > 철도통합연표,철도통합연표,폐역,,1977-12-16 00:00:00,미부착,,개방 가능,공공누리 1유형,,,O,,,,,단순 정보,
2036,철도산업정보센터,HOME > 철도역사관 > 철도통합연표,철도통합연표,폐역,,1977-12-16 00:00:00,미부착,,개방 가능,공공누리 1유형,,,O,,,,,단순 정보,
2037,철도산업정보센터,HOME > 철도역사관 > 철도통합연표,철도통합연표,폐역,,1977-12-16 00:00:00,미부착,,개방 가능,공공누리 1유형,,,O,,,,,단순 정보,
2038,철도산업정보센터,HOME > 철도역사관 > 철도통합연표,철도통합연표,현재의 역사 준공,,1977-12-26 00:00:00,미부착,,개방 가능,공공누리 1유형,,,O,,,,,단순 정보,
2039,철도산업정보센터,HOME > 철도역사관 > 철도통합연표,철도통합연표,역사준공,,1977-12-26 00:00:00,미부착,,개방 가능,공공누리 1유형,,,O,,,,,단순 정보,
2040,철도산업정보센터,HOME > 철도역사관 > 철도통합연표,철도통합연표,컨테이너 기지 설치,,1977-12-30 00:00:00,미부착,,개방 가능,공공누리 1유형,,,O,,,,,단순 정보,
2041,철도산업정보센터,HOME > 철도역사관 > 철도통합연표,철도통합연표,역사 준공,,1977-12-30 00:00:00,미부착,,개방 가능,공공누리 1유형,,,O,,,,,단순 정보,
2042,철도산업정보센터,HOME > 철도역사관 > 철도통합연표,철도통합연표,대전-이리간 복선화 완공,,1978-00-00,미부착,,개방 가능,공공누리 1유형,,,O,,,,,단순 정보,
2043,철도산업정보센터,HOME > 철도역사관 > 철도통합연표,철도통합연표,신호장으로 개역,,1978-01-01 00:00:00,미부착,,개방 가능,공공누리 1유형,,,O,,,,,단순 정보,
2044,철도산업정보센터,HOME > 철도역사관 > 철도통합연표,철도통합연표,보통역으로 영업개시,,1978-01-01 00:00:00,미부착,,개방 가능,공공누리 1유형,,,O,,,,,단순 정보,
2045,철도산업정보센터,HOME > 철도역사관 > 철도통합연표,철도통합연표,폐역,,1978-01-01 00:00:00,미부착,,개방 가능,공공누리 1유형,,,O,,,,,단순 정보,
2046,철도산업정보센터,HOME > 철도역사관 > 철도통합연표,철도통합연표,신호장으로 영업개시,,1978-01-01 00:00:00,미부착,,개방 가능,공공누리 1유형,,,O,,,,,단순 정보,
2047,철도산업정보센터,HOME > 철도역사관 > 철도통합연표,철도통합연표,보통역 승격,,1978-01-01 00:00:00,미부착,,개방 가능,공공누리 1유형,,,O,,,,,단순 정보,
2048,철도산업정보센터,HOME > 철도역사관 > 철도통합연표,철도통합연표,신호장 설치,,1978-01-01 00:00:00,미부착,,개방 가능,공공누리 1유형,,,O,,,,,단순 정보,
2049,철도산업정보센터,HOME > 철도역사관 > 철도통합연표,철도통합연표,한일시멘트 전용선 개통,,1978-02-02 00:00:00,미부착,,개방 가능,공공누리 1유형,,,O,,,,,단순 정보,
2050,철도산업정보센터,HOME > 철도역사관 > 철도통합연표,철도통합연표,현재의 역사준공 및 여객취급 중지,,1978-02-12 00:00:00,미부착,,개방 가능,공공누리 1유형,,,O,,,,,단순 정보,
2051,철도산업정보센터,HOME > 철도역사관 > 철도통합연표,철도통합연표,"두평역(신호장), 청령포역(신호장) 개역. ",,1978-02-28 00:00:00,미부착,,개방 가능,공공누리 1유형,,,O,,,,,단순 정보,
2052,철도산업정보센터,HOME > 철도역사관 > 철도통합연표,철도통합연표,역사 착공,,1978-02-28 00:00:00,미부착,,개방 가능,공공누리 1유형,,,O,,,,,단순 정보,
2053,철도산업정보센터,HOME > 철도역사관 > 철도통합연표,철도통합연표,지하철 2호선 착공,,1978-03-09 00:00:00,미부착,,개방 가능,공공누리 1유형,,,O,,,,,단순 정보,
2054,철도산업정보센터,HOME > 철도역사관 > 철도통합연표,철도통합연표,역사 신축 착공,,1978-03-23 00:00:00,미부착,,개방 가능,공공누리 1유형,,,O,,,,,단순 정보,
2055,철도산업정보센터,HOME > 철도역사관 > 철도통합연표,철도통합연표,호남선(대전～익산) 88.6km 복선 개통,,1978-03-30 00:00:00,미부착,,개방 가능,공공누리 1유형,,,O,,,,,단순 정보,
2056,철도산업정보센터,HOME > 철도역사관 > 철도통합연표,철도통합연표,온산선 준공,,1978-04-16 00:00:00,미부착,,개방 가능,공공누리 1유형,,,O,,,,,단순 정보,
2057,철도산업정보센터,HOME > 철도역사관 > 철도통합연표,철도통합연표,역사 준공,,1978-04-28 00:00:00,미부착,,개방 가능,공공누리 1유형,,,O,,,,,단순 정보,
2058,철도산업정보센터,HOME > 철도역사관 > 철도통합연표,철도통합연표,신호장으로 영업개시,,1978-05-01 00:00:00,미부착,,개방 가능,공공누리 1유형,,,O,,,,,단순 정보,
2059,철도산업정보센터,HOME > 철도역사관 > 철도통합연표,철도통합연표,천안역 대신 무연탄도착화물취급역지정,,1978-05-10 00:00:00,미부착,,개방 가능,공공누리 1유형,,,O,,,,,단순 정보,
2060,철도산업정보센터,HOME > 철도역사관 > 철도통합연표,철도통합연표,무연탄 도착화물취급역 지정취소,,1978-05-10 00:00:00,미부착,,개방 가능,공공누리 1유형,,,O,,,,,단순 정보,
2061,철도산업정보센터,HOME > 철도역사관 > 철도통합연표,철도통합연표,도시계획에 따른 용원~경화간 9.8km 선로이설공사 착공,,1978-05-19 00:00:00,미부착,,개방 가능,공공누리 1유형,,,O,,,,,단순 정보,
2062,철도산업정보센터,HOME > 철도역사관 > 철도통합연표,철도통합연표,역사 신축 착공,,1978-06-12 00:00:00,미부착,,개방 가능,공공누리 1유형,,,O,,,,,단순 정보,
2063,철도산업정보센터,HOME > 철도역사관 > 철도통합연표,철도통합연표,무배치간이역으로 격하,,1978-07-06 00:00:00,미부착,,개방 가능,공공누리 1유형,,,O,,,,,단순 정보,
2064,철도산업정보센터,HOME > 철도역사관 > 철도통합연표,철도통합연표,사무관역으로 승격,,1978-07-15 00:00:00,미부착,,개방 가능,공공누리 1유형,,,O,,,,,단순 정보,
2065,철도산업정보센터,HOME > 철도역사관 > 철도통합연표,철도통합연표,신호장으로 영업재개,,1978-07-15 00:00:00,미부착,,개방 가능,공공누리 1유형,,,O,,,,,단순 정보,
2066,철도산업정보센터,HOME > 철도역사관 > 철도통합연표,철도통합연표,역사착공,,1978-07-24 00:00:00,미부착,,개방 가능,공공누리 1유형,,,O,,,,,단순 정보,
2067,철도산업정보센터,HOME > 철도역사관 > 철도통합연표,철도통합연표,수소화물취급 중지,,1978-08-01 00:00:00,미부착,,개방 가능,공공누리 1유형,,,O,,,,,단순 정보,
2068,철도산업정보센터,HOME > 철도역사관 > 철도통합연표,철도통합연표,을종승차권대매소로 변경,,1978-08-01 00:00:00,미부착,,개방 가능,공공누리 1유형,,,O,,,,,단순 정보,
2069,철도산업정보센터,HOME > 철도역사관 > 철도통합연표,철도통합연표,현재의 역사준공,,1978-08-08 00:00:00,미부착,,개방 가능,공공누리 1유형,,,O,,,,,단순 정보,
2070,철도산업정보센터,HOME > 철도역사관 > 철도통합연표,철도통합연표,신호장으로 격하,,1978-09-01 00:00:00,미부착,,개방 가능,공공누리 1유형,,,O,,,,,단순 정보,
2071,철도산업정보센터,HOME > 철도역사관 > 철도통합연표,철도통합연표,현재의 역사 준공,,1978-09-13 00:00:00,미부착,,개방 가능,공공누리 1유형,,,O,,,,,단순 정보,
2072,철도산업정보센터,HOME > 철도역사관 > 철도통합연표,철도통합연표,역사 준공,,1978-09-19 00:00:00,미부착,,개방 가능,공공누리 1유형,,,O,,,,,단순 정보,
2073,철도산업정보센터,HOME > 철도역사관 > 철도통합연표,철도통합연표,현재의 역사 준공,,1978-10-06 00:00:00,미부착,,개방 가능,공공누리 1유형,,,O,,,,,단순 정보,
2074,철도산업정보센터,HOME > 철도역사관 > 철도통합연표,철도통합연표,천안직결선 공사로 임시승강장으로 개역(동11월26일까지 운영),,1978-10-29 00:00:00,미부착,,개방 가능,공공누리 1유형,,,O,,,,,단순 정보,
2075,철도산업정보센터,HOME > 철도역사관 > 철도통합연표,철도통합연표,현재의 역사 준공,,1978-11-08 00:00:00,미부착,,개방 가능,공공누리 1유형,,,O,,,,,단순 정보,
2076,철도산업정보센터,HOME > 철도역사관 > 철도통합연표,철도통합연표,현재의 역사준공,,1978-11-10 00:00:00,미부착,,개방 가능,공공누리 1유형,,,O,,,,,단순 정보,
2077,철도산업정보센터,HOME > 철도역사관 > 철도통합연표,철도통합연표,화물취급 중지,,1978-11-20 00:00:00,미부착,,개방 가능,공공누리 1유형,,,O,,,,,단순 정보,
2078,철도산업정보센터,HOME > 철도역사관 > 철도통합연표,철도통합연표,화물취급중지,,1978-11-20 00:00:00,미부착,,개방 가능,공공누리 1유형,,,O,,,,,단순 정보,
2079,철도산업정보센터,HOME > 철도역사관 > 철도통합연표,철도통합연표,화물취급 중지,,1978-11-20 00:00:00,미부착,,개방 가능,공공누리 1유형,,,O,,,,,단순 정보,
2080,철도산업정보센터,HOME > 철도역사관 > 철도통합연표,철도통합연표,현재의 역사 준공,,1978-12-01 00:00:00,미부착,,개방 가능,공공누리 1유형,,,O,,,,,단순 정보,
2081,철도산업정보센터,HOME > 철도역사관 > 철도통합연표,철도통합연표,역사준공 및 광장확장,,1978-12-01 00:00:00,미부착,,개방 가능,공공누리 1유형,,,O,,,,,단순 정보,
2082,철도산업정보센터,HOME > 철도역사관 > 철도통합연표,철도통합연표,역사개증축,,1978-12-08 00:00:00,미부착,,개방 가능,공공누리 1유형,,,O,,,,,단순 정보,
2083,철도산업정보센터,HOME > 철도역사관 > 철도통합연표,철도통합연표,용산~청량리 전철화,,1978-12-09 00:00:00,미부착,,개방 가능,공공누리 1유형,,,O,,,,,단순 정보,
2084,철도산업정보센터,HOME > 철도역사관 > 철도통합연표,철도통합연표,용산 - 청량리 (지상)간 4개역 개통[2],,1978-12-09 00:00:00,미부착,,개방 가능,공공누리 1유형,,,O,,,,,단순 정보,
2085,철도산업정보센터,HOME > 철도역사관 > 철도통합연표,철도통합연표,경원선(용산 ~ 성북) 전동차운행 개시,,1978-12-09 00:00:00,미부착,,개방 가능,공공누리 1유형,,,O,,,,,단순 정보,
2086,철도산업정보센터,HOME > 철도역사관 > 철도통합연표,철도통합연표,"경원선 용산-청량리(지하) 간 4개 역 (현재의 수도권 전철 중앙선 용산-청량리 구간) 개통, 경원선(용산-성북) 운행 계통 운행 개시(종착역 용산역·성북역)",,1978-12-09 00:00:00,미부착,,개방 가능,공공누리 1유형,,,O,,,,,단순 정보,
2087,철도산업정보센터,HOME > 철도역사관 > 철도통합연표,철도통합연표,영업개시(성수역),,1978-12-09 00:00:00,미부착,,개방 가능,공공누리 1유형,,,O,,,,,단순 정보,
2088,철도산업정보센터,HOME > 철도역사관 > 철도통합연표,철도통합연표,배치간이역으로 영업개시,,1978-12-09 00:00:00,미부착,,개방 가능,공공누리 1유형,,,O,,,,,단순 정보,
2089,철도산업정보센터,HOME > 철도역사관 > 철도통합연표,철도통합연표,수도권전철 개통,,1978-12-09 00:00:00,미부착,,개방 가능,공공누리 1유형,,,O,,,,,단순 정보,
2090,철도산업정보센터,HOME > 철도역사관 > 철도통합연표,철도통합연표,신호장으로 개역,,1978-12-15 00:00:00,미부착,,개방 가능,공공누리 1유형,,,O,,,,,단순 정보,
2091,철도산업정보센터,HOME > 철도역사관 > 철도통합연표,철도통합연표,역사신축준공,,1978-12-15 00:00:00,미부착,,개방 가능,공공누리 1유형,,,O,,,,,단순 정보,
2092,철도산업정보센터,HOME > 철도역사관 > 철도통합연표,철도통합연표,역사준공과 더불어 보통역 승격,,1978-12-15 00:00:00,미부착,,개방 가능,공공누리 1유형,,,O,,,,,단순 정보,
2093,철도산업정보센터,HOME > 철도역사관 > 철도통합연표,철도통합연표,전철역사준공,,1978-12-30 00:00:00,미부착,,개방 가능,공공누리 1유형,,,O,,,,,단순 정보,
2094,철도산업정보센터,HOME > 철도역사관 > 철도통합연표,철도통합연표,현재의 역사준공,,1978-12-30 00:00:00,미부착,,개방 가능,공공누리 1유형,,,O,,,,,단순 정보,
2095,철도산업정보센터,HOME > 철도역사관 > 철도통합연표,철도통합연표,보통역 승격,,1979-01-10 00:00:00,미부착,,개방 가능,공공누리 1유형,,,O,,,,,단순 정보,
2096,철도산업정보센터,HOME > 철도역사관 > 철도통합연표,철도통합연표,"광주시, 광주역 이설 요청. ",,1979-01-12 00:00:00,미부착,,개방 가능,공공누리 1유형,,,O,,,,,단순 정보,
2097,철도산업정보센터,HOME > 철도역사관 > 철도통합연표,철도통합연표,현재의 역사 준공,,1979-01-25 00:00:00,미부착,,개방 가능,공공누리 1유형,,,O,,,,,단순 정보,
2098,철도산업정보센터,HOME > 철도역사관 > 철도통합연표,철도통합연표,신호장으로 개역,,1979-02-01 00:00:00,미부착,,개방 가능,공공누리 1유형,,,O,,,,,단순 정보,
2099,철도산업정보센터,HOME > 철도역사관 > 철도통합연표,철도통합연표,배치간이역으로 영업개시,,1979-02-01 00:00:00,미부착,,개방 가능,공공누리 1유형,,,O,,,,,단순 정보,
2100,철도산업정보센터,HOME > 철도역사관 > 철도통합연표,철도통합연표,신호장으로 다시 영업개시,,1979-02-01 00:00:00,미부착,,개방 가능,공공누리 1유형,,,O,,,,,단순 정보,
2101,철도산업정보센터,HOME > 철도역사관 > 철도통합연표,철도통합연표,보통역으로 승격,,1979-02-01 00:00:00,미부착,,개방 가능,공공누리 1유형,,,O,,,,,단순 정보,
2102,철도산업정보센터,HOME > 철도역사관 > 철도통합연표,철도통합연표,보통역으로 승격 및 역사준공.,,1979-02-01 00:00:00,미부착,,개방 가능,공공누리 1유형,,,O,,,,,단순 정보,
2103,철도산업정보센터,HOME > 철도역사관 > 철도통합연표,철도통합연표,경부선 율전역(현 성균관대역) 개통.,,1979-02-01 00:00:00,미부착,,개방 가능,공공누리 1유형,,,O,,,,,단순 정보,
2104,철도산업정보센터,HOME > 철도역사관 > 철도통합연표,철도통합연표,강릉~경포대 구간 폐지,,1979-03-01 00:00:00,미부착,,개방 가능,공공누리 1유형,,,O,,,,,단순 정보,
2105,철도산업정보센터,HOME > 철도역사관 > 철도통합연표,철도통합연표,경포대역 폐지로 영동선 종착역으로 지정.,,1979-03-01 00:00:00,미부착,,개방 가능,공공누리 1유형,,,O,,,,,단순 정보,
2106,철도산업정보센터,HOME > 철도역사관 > 철도통합연표,철도통합연표,역사준공,,1979-03-19 00:00:00,미부착,,개방 가능,공공누리 1유형,,,O,,,,,단순 정보,
2107,철도산업정보센터,HOME > 철도역사관 > 철도통합연표,철도통합연표,폐역,,1979-04-01 00:00:00,미부착,,개방 가능,공공누리 1유형,,,O,,,,,단순 정보,
2108,철도산업정보센터,HOME > 철도역사관 > 철도통합연표,철도통합연표,보통역으로 승격,,1979-04-01 00:00:00,미부착,,개방 가능,공공누리 1유형,,,O,,,,,단순 정보,
2109,철도산업정보센터,HOME > 철도역사관 > 철도통합연표,철도통합연표,보통역으로 영업개시,,1979-04-11 00:00:00,미부착,,개방 가능,공공누리 1유형,,,O,,,,,단순 정보,
2110,철도산업정보센터,HOME > 철도역사관 > 철도통합연표,철도통합연표,역사 신축 착공,,1979-05-31 00:00:00,미부착,,개방 가능,공공누리 1유형,,,O,,,,,단순 정보,
2111,철도산업정보센터,HOME > 철도역사관 > 철도통합연표,철도통합연표,역사신축 착공,,1979-06-02 00:00:00,미부착,,개방 가능,공공누리 1유형,,,O,,,,,단순 정보,
2112,철도산업정보센터,HOME > 철도역사관 > 철도통합연표,철도통합연표,신역사 신축착공,,1979-06-11 00:00:00,미부착,,개방 가능,공공누리 1유형,,,O,,,,,단순 정보,
2113,철도산업정보센터,HOME > 철도역사관 > 철도통합연표,철도통합연표,역사 신축 착공,,1979-06-22 00:00:00,미부착,,개방 가능,공공누리 1유형,,,O,,,,,단순 정보,
2114,철도산업정보센터,HOME > 철도역사관 > 철도통합연표,철도통합연표,중부역사 준공,,1979-07-01 00:00:00,미부착,,개방 가능,공공누리 1유형,,,O,,,,,단순 정보,
2115,철도산업정보센터,HOME > 철도역사관 > 철도통합연표,철도통합연표,현재의 역사 준공.,,1979-07-03 00:00:00,미부착,,개방 가능,공공누리 1유형,,,O,,,,,단순 정보,
2116,철도산업정보센터,HOME > 철도역사관 > 철도통합연표,철도통합연표,무연탄 화물 도착역 지정취소(단 동1015일까지 잠정취급),,1979-08-21 00:00:00,미부착,,개방 가능,공공누리 1유형,,,O,,,,,단순 정보,
2117,철도산업정보센터,HOME > 철도역사관 > 철도통합연표,철도통합연표,울산역 대신 무연탄도착취급역으로 지정,,1979-08-21 00:00:00,미부착,,개방 가능,공공누리 1유형,,,O,,,,,단순 정보,
2118,철도산업정보센터,HOME > 철도역사관 > 철도통합연표,철도통합연표,현재의 역사 준공.,,1979-10-07 00:00:00,미부착,,개방 가능,공공누리 1유형,,,O,,,,,단순 정보,
2119,철도산업정보센터,HOME > 철도역사관 > 철도통합연표,철도통합연표,역사 신축 착공,,1979-10-16 00:00:00,미부착,,개방 가능,공공누리 1유형,,,O,,,,,단순 정보,
2120,철도산업정보센터,HOME > 철도역사관 > 철도통합연표,철도통합연표,현재의 역사 착공,,1979-10-17 00:00:00,미부착,,개방 가능,공공누리 1유형,,,O,,,,,단순 정보,
2121,철도산업정보센터,HOME > 철도역사관 > 철도통합연표,철도통합연표,역사준공이전,,1979-10-20 00:00:00,미부착,,개방 가능,공공누리 1유형,,,O,,,,,단순 정보,
2122,철도산업정보센터,HOME > 철도역사관 > 철도통합연표,철도통합연표,역사 신축 착공,,1979-10-22 00:00:00,미부착,,개방 가능,공공누리 1유형,,,O,,,,,단순 정보,
2123,철도산업정보센터,HOME > 철도역사관 > 철도통합연표,철도통합연표,현재의 역사준공,,1979-11-20 00:00:00,미부착,,개방 가능,공공누리 1유형,,,O,,,,,단순 정보,
2124,철도산업정보센터,HOME > 철도역사관 > 철도통합연표,철도통합연표,민수용 무연탄도착취급역 지정,,1979-12-01 00:00:00,미부착,,개방 가능,공공누리 1유형,,,O,,,,,단순 정보,
2125,철도산업정보센터,HOME > 철도역사관 > 철도통합연표,철도통합연표,철암~동해 전철화 개통,,1979-12-05 00:00:00,미부착,,개방 가능,공공누리 1유형,,,O,,,,,단순 정보,
2126,철도산업정보센터,HOME > 철도역사관 > 철도통합연표,철도통합연표,역사신축 준공,,1979-12-16 00:00:00,미부착,,개방 가능,공공누리 1유형,,,O,,,,,단순 정보,
2127,철도산업정보센터,HOME > 철도역사관 > 철도통합연표,철도통합연표,역사 준공,,1979-12-18 00:00:00,미부착,,개방 가능,공공누리 1유형,,,O,,,,,단순 정보,
2128,철도산업정보센터,HOME > 철도역사관 > 철도통합연표,철도통합연표,현재의 역사준공.,,1979-12-25 00:00:00,미부착,,개방 가능,공공누리 1유형,,,O,,,,,단순 정보,
2129,철도산업정보센터,HOME > 철도역사관 > 철도통합연표,철도통합연표,역사준공,,1979-12-31 00:00:00,미부착,,개방 가능,공공누리 1유형,,,O,,,,,단순 정보,
2130,철도산업정보센터,HOME > 철도역사관 > 철도통합연표,철도통합연표,현재의 역사 착공.,,1979-12-31 00:00:00,미부착,,개방 가능,공공누리 1유형,,,O,,,,,단순 정보,
2131,철도산업정보센터,HOME > 철도역사관 > 철도통합연표,철도통합연표,배치간이역으로 영업개시,,1980-01-05 00:00:00,미부착,,개방 가능,공공누리 1유형,,,O,,,,,단순 정보,
2132,철도산업정보센터,HOME > 철도역사관 > 철도통합연표,철도통합연표,신이문역 개통,,1980-01-05 00:00:00,미부착,,개방 가능,공공누리 1유형,,,O,,,,,단순 정보,
2133,철도산업정보센터,HOME > 철도역사관 > 철도통합연표,철도통합연표,경원선 신이문역 개통.,,1980-01-05 00:00:00,미부착,,개방 가능,공공누리 1유형,,,O,,,,,단순 정보,
2134,철도산업정보센터,HOME > 철도역사관 > 철도통합연표,철도통합연표,신호장으로 개역,,1980-01-10 00:00:00,미부착,,개방 가능,공공누리 1유형,,,O,,,,,단순 정보,
2135,철도산업정보센터,HOME > 철도역사관 > 철도통합연표,철도통합연표,신호장으로 영업개시,,1980-01-10 00:00:00,미부착,,개방 가능,공공누리 1유형,,,O,,,,,단순 정보,
2136,철도산업정보센터,HOME > 철도역사관 > 철도통합연표,철도통합연표,보통역으로 승격,,1980-01-15 00:00:00,미부착,,개방 가능,공공누리 1유형,,,O,,,,,단순 정보,
2137,철도산업정보센터,HOME > 철도역사관 > 철도통합연표,철도통합연표,충주역 대신 민수용 무연탄 도착취급역으로 지정,,1980-01-24 00:00:00,미부착,,개방 가능,공공누리 1유형,,,O,,,,,단순 정보,
2138,철도산업정보센터,HOME > 철도역사관 > 철도통합연표,철도통합연표,민수용 무연탄 도착취급역 지정취소.,,1980-01-24 00:00:00,미부착,,개방 가능,공공누리 1유형,,,O,,,,,단순 정보,
2139,철도산업정보센터,HOME > 철도역사관 > 철도통합연표,철도통합연표,착공,,1980-02-00,미부착,,개방 가능,공공누리 1유형,,,O,,,,,단순 정보,
2140,철도산업정보센터,HOME > 철도역사관 > 철도통합연표,철도통합연표,화물취급 중지(전용선 착발화물의 경우 동41중지),,1980-02-01 00:00:00,미부착,,개방 가능,공공누리 1유형,,,O,,,,,단순 정보,
2141,철도산업정보센터,HOME > 철도역사관 > 철도통합연표,철도통합연표,호남정유 저유소 전용2번선 증설 사용개시,,1980-02-15 00:00:00,미부착,,개방 가능,공공누리 1유형,,,O,,,,,단순 정보,
2142,철도산업정보센터,HOME > 철도역사관 > 철도통합연표,철도통합연표,화물취급개시(무연탄 한) 및 무연탄 화물 도착역으로 지정,,1980-02-20 00:00:00,미부착,,개방 가능,공공누리 1유형,,,O,,,,,단순 정보,
2143,철도산업정보센터,HOME > 철도역사관 > 철도통합연표,철도통합연표,무연탄 화물 도착역 지정취소,,1980-02-20 00:00:00,미부착,,개방 가능,공공누리 1유형,,,O,,,,,단순 정보,
2144,철도산업정보센터,HOME > 철도역사관 > 철도통합연표,철도통합연표,"3호선 착공 (3,4호선 동시 착공)",,1980-02-29 00:00:00,미부착,,개방 가능,공공누리 1유형,,,O,,,,,단순 정보,
2145,철도산업정보센터,HOME > 철도역사관 > 철도통합연표,철도통합연표,"4호선 착공 (3,4호선 동시 착공)",,1980-02-29 00:00:00,미부착,,개방 가능,공공누리 1유형,,,O,,,,,단순 정보,
2146,철도산업정보센터,HOME > 철도역사관 > 철도통합연표,철도통합연표,당인리선 폐선으로 폐역,,1980-03-01 00:00:00,미부착,,개방 가능,공공누리 1유형,,,O,,,,,단순 정보,
2147,철도산업정보센터,HOME > 철도역사관 > 철도통합연표,철도통합연표,"현재 위치로 역사이전, 보통역으로 승격",,1980-03-10 00:00:00,미부착,,개방 가능,공공누리 1유형,,,O,,,,,단순 정보,
2148,철도산업정보센터,HOME > 철도역사관 > 철도통합연표,철도통합연표,역사이전신축,,1980-03-12 00:00:00,미부착,,개방 가능,공공누리 1유형,,,O,,,,,단순 정보,
2149,철도산업정보센터,HOME > 철도역사관 > 철도통합연표,철도통합연표,현재의 위치로 이전,,1980-03-12 00:00:00,미부착,,개방 가능,공공누리 1유형,,,O,,,,,단순 정보,
2150,철도산업정보센터,HOME > 철도역사관 > 철도통합연표,철도통합연표,역사준공,,1980-03-24 00:00:00,미부착,,개방 가능,공공누리 1유형,,,O,,,,,단순 정보,
2151,철도산업정보센터,HOME > 철도역사관 > 철도통합연표,철도통합연표,서빙고역·회기역·한남역 개역 및 영업 개시,,1980-04-01 00:00:00,미부착,,개방 가능,공공누리 1유형,,,O,,,,,단순 정보,
2152,철도산업정보센터,HOME > 철도역사관 > 철도통합연표,철도통합연표,서빙고 개업,,1980-04-01 00:00:00,미부착,,개방 가능,공공누리 1유형,,,O,,,,,단순 정보,
2153,철도산업정보센터,HOME > 철도역사관 > 철도통합연표,철도통합연표,배치간이역으로 영업개시,,1980-04-01 00:00:00,미부착,,개방 가능,공공누리 1유형,,,O,,,,,단순 정보,
2154,철도산업정보센터,HOME > 철도역사관 > 철도통합연표,철도통합연표,보통역으로 승격,,1980-04-01 00:00:00,미부착,,개방 가능,공공누리 1유형,,,O,,,,,단순 정보,
2155,철도산업정보센터,HOME > 철도역사관 > 철도통합연표,철도통합연표,무배치간이역으로 격하,,1980-04-01 00:00:00,미부착,,개방 가능,공공누리 1유형,,,O,,,,,단순 정보,
2156,철도산업정보센터,HOME > 철도역사관 > 철도통합연표,철도통합연표,무배치간이역으로 변경,,1980-04-01 00:00:00,미부착,,개방 가능,공공누리 1유형,,,O,,,,,단순 정보,
2157,철도산업정보센터,HOME > 철도역사관 > 철도통합연표,철도통합연표,한남 개통,,1980-04-01 00:00:00,미부착,,개방 가능,공공누리 1유형,,,O,,,,,단순 정보,
2158,철도산업정보센터,HOME > 철도역사관 > 철도통합연표,철도통합연표,회기 개통,,1980-04-01 00:00:00,미부착,,개방 가능,공공누리 1유형,,,O,,,,,단순 정보,
2159,철도산업정보센터,HOME > 철도역사관 > 철도통합연표,철도통합연표,보통역 승격,,1980-04-21 00:00:00,미부착,,개방 가능,공공누리 1유형,,,O,,,,,단순 정보,
2160,철도산업정보센터,HOME > 철도역사관 > 철도통합연표,철도통합연표,신역사준공,,1980-05-03 00:00:00,미부착,,개방 가능,공공누리 1유형,,,O,,,,,단순 정보,
2161,철도산업정보센터,HOME > 철도역사관 > 철도통합연표,철도통합연표,현재의 역사 준공.,,1980-06-22 00:00:00,미부착,,개방 가능,공공누리 1유형,,,O,,,,,단순 정보,
2162,철도산업정보센터,HOME > 철도역사관 > 철도통합연표,철도통합연표,폐역,,1980-07-01 00:00:00,미부착,,개방 가능,공공누리 1유형,,,O,,,,,단순 정보,
2163,철도산업정보센터,HOME > 철도역사관 > 철도통합연표,철도통합연표,역명변경(성수→응봉),,1980-07-10 00:00:00,미부착,,개방 가능,공공누리 1유형,,,O,,,,,단순 정보,
2164,철도산업정보센터,HOME > 철도역사관 > 철도통합연표,철도통합연표,보통역으로 승격,,1980-07-15 00:00:00,미부착,,개방 가능,공공누리 1유형,,,O,,,,,단순 정보,
2165,철도산업정보센터,HOME > 철도역사관 > 철도통합연표,철도통합연표,현재의 역사준공 및 보통역 승격,,1980-07-25 00:00:00,미부착,,개방 가능,공공누리 1유형,,,O,,,,,단순 정보,
2166,철도산업정보센터,HOME > 철도역사관 > 철도통합연표,철도통합연표,무연탄 도착 취급역지정,,1980-08-01 00:00:00,미부착,,개방 가능,공공누리 1유형,,,O,,,,,단순 정보,
2167,철도산업정보센터,HOME > 철도역사관 > 철도통합연표,철도통합연표,무연탄 화물 도착역 지정취소,,1980-08-01 00:00:00,미부착,,개방 가능,공공누리 1유형,,,O,,,,,단순 정보,
2168,철도산업정보센터,HOME > 철도역사관 > 철도통합연표,철도통합연표,김포선 폐선,,1980-08-10 00:00:00,미부착,,개방 가능,공공누리 1유형,,,O,,,,,단순 정보,
2169,철도산업정보센터,HOME > 철도역사관 > 철도통합연표,철도통합연표,폐선,,1980-08-10 00:00:00,미부착,,개방 가능,공공누리 1유형,,,O,,,,,단순 정보,
2170,철도산업정보센터,HOME > 철도역사관 > 철도통합연표,철도통합연표,역사 신축 착공,,1980-08-13 00:00:00,미부착,,개방 가능,공공누리 1유형,,,O,,,,,단순 정보,
2171,철도산업정보센터,HOME > 철도역사관 > 철도통합연표,철도통합연표,수소화물취급중지,,1980-09-01 00:00:00,미부착,,개방 가능,공공누리 1유형,,,O,,,,,단순 정보,
2172,철도산업정보센터,HOME > 철도역사관 > 철도통합연표,철도통합연표,충북선복선화에 따라 역사이전,,1980-09-10 00:00:00,미부착,,개방 가능,공공누리 1유형,,,O,,,,,단순 정보,
2173,철도산업정보센터,HOME > 철도역사관 > 철도통합연표,철도통합연표,영업중지,,1980-10-01 00:00:00,미부착,,개방 가능,공공누리 1유형,,,O,,,,,단순 정보,
2174,철도산업정보센터,HOME > 철도역사관 > 철도통합연표,철도통합연표,영업중지,,1980-10-01 00:00:00,미부착,,개방 가능,공공누리 1유형,,,O,,,,,단순 정보,
2175,철도산업정보센터,HOME > 철도역사관 > 철도통합연표,철도통합연표,폐역,,1980-10-01 00:00:00,미부착,,개방 가능,공공누리 1유형,,,O,,,,,단순 정보,
2176,철도산업정보센터,HOME > 철도역사관 > 철도통합연표,철도통합연표,충북선 복선화로 역사 신축.,,1980-10-01 00:00:00,미부착,,개방 가능,공공누리 1유형,,,O,,,,,단순 정보,
2177,철도산업정보센터,HOME > 철도역사관 > 철도통합연표,철도통합연표,"여객, 수소화물취급중지 및 배치간이역으로 격하",,1980-10-01 00:00:00,미부착,,개방 가능,공공누리 1유형,,,O,,,,,단순 정보,
2178,철도산업정보센터,HOME > 철도역사관 > 철도통합연표,철도통합연표,보통역으로 승격,,1980-10-04 00:00:00,미부착,,개방 가능,공공누리 1유형,,,O,,,,,단순 정보,
2179,철도산업정보센터,HOME > 철도역사관 > 철도통합연표,철도통합연표,현재의 역사 준공.,,1980-10-12 00:00:00,미부착,,개방 가능,공공누리 1유형,,,O,,,,,단순 정보,
2180,철도산업정보센터,HOME > 철도역사관 > 철도통합연표,철도통합연표,현재의 역사준공.,,1980-10-12 00:00:00,미부착,,개방 가능,공공누리 1유형,,,O,,,,,단순 정보,
2181,철도산업정보센터,HOME > 철도역사관 > 철도통합연표,철도통합연표,폐역,,1980-10-14 00:00:00,미부착,,개방 가능,공공누리 1유형,,,O,,,,,단순 정보,
2182,철도산업정보센터,HOME > 철도역사관 > 철도통합연표,철도통합연표,화물취급 중지,,1980-10-17 00:00:00,미부착,,개방 가능,공공누리 1유형,,,O,,,,,단순 정보,
2183,철도산업정보센터,HOME > 철도역사관 > 철도통합연표,철도통합연표,역사이전(청주시 운천동→정봉리),,1980-10-17 00:00:00,미부착,,개방 가능,공공누리 1유형,,,O,,,,,단순 정보,
2184,철도산업정보센터,HOME > 철도역사관 > 철도통합연표,철도통합연표,충북선 복선화에 따라 역이전(음성읍 오성동→음성읍 평곡리),,1980-10-17 00:00:00,미부착,,개방 가능,공공누리 1유형,,,O,,,,,단순 정보,
2185,철도산업정보센터,HOME > 철도역사관 > 철도통합연표,철도통합연표,충북선 복선화 113.2km 완공.,,1980-10-17 00:00:00,미부착,,개방 가능,공공누리 1유형,,,O,,,,,단순 정보,
2186,철도산업정보센터,HOME > 철도역사관 > 철도통합연표,철도통합연표,충북선(조치원 ~ 봉양) 복선 개통,,1980-10-17 00:00:00,미부착,,개방 가능,공공누리 1유형,,,O,,,,,단순 정보,
2187,철도산업정보센터,HOME > 철도역사관 > 철도통합연표,철도통합연표,신설동 - 종합운동장 개통,,1980-10-31 00:00:00,미부착,,개방 가능,공공누리 1유형,,,O,,,,,단순 정보,
2188,철도산업정보센터,HOME > 철도역사관 > 철도통합연표,철도통합연표,삽교역으로 환원,,1980-11-01 00:00:00,미부착,,개방 가능,공공누리 1유형,,,O,,,,,단순 정보,
2189,철도산업정보센터,HOME > 철도역사관 > 철도통합연표,철도통합연표,통근열차 여객취급 개시,,1980-12-01 00:00:00,미부착,,개방 가능,공공누리 1유형,,,O,,,,,단순 정보,
2190,철도산업정보센터,HOME > 철도역사관 > 철도통합연표,철도통합연표,역사 준공,,1980-12-20 00:00:00,미부착,,개방 가능,공공누리 1유형,,,O,,,,,단순 정보,
2191,철도산업정보센터,HOME > 철도역사관 > 철도통합연표,철도통합연표,보통역으로 승격,,1980-12-23 00:00:00,미부착,,개방 가능,공공누리 1유형,,,O,,,,,단순 정보,
2192,철도산업정보센터,HOME > 철도역사관 > 철도통합연표,철도통합연표,현재의 역사 준공,,1980-12-27 00:00:00,미부착,,개방 가능,공공누리 1유형,,,O,,,,,단순 정보,
2193,철도산업정보센터,HOME > 철도역사관 > 철도통합연표,철도통합연표,지하철 건설본부 설치,,1981-01-00,미부착,,개방 가능,공공누리 1유형,,,O,,,,,단순 정보,
2194,철도산업정보센터,HOME > 철도역사관 > 철도통합연표,철도통합연표,부산시 지하철건설본부 설치,,1981-01-01 00:00:00,미부착,,개방 가능,공공누리 1유형,,,O,,,,,단순 정보,
2195,철도산업정보센터,HOME > 철도역사관 > 철도통합연표,철도통합연표,무배치간이역으로 격하,,1981-01-01 00:00:00,미부착,,개방 가능,공공누리 1유형,,,O,,,,,단순 정보,
2196,철도산업정보센터,HOME > 철도역사관 > 철도통합연표,철도통합연표,보통역으로 영업개시,,1981-01-15 00:00:00,미부착,,개방 가능,공공누리 1유형,,,O,,,,,단순 정보,
2197,철도산업정보센터,HOME > 철도역사관 > 철도통합연표,철도통합연표,폐역,,1981-01-15 00:00:00,미부착,,개방 가능,공공누리 1유형,,,O,,,,,단순 정보,
2198,철도산업정보센터,HOME > 철도역사관 > 철도통합연표,철도통합연표,"용원역, 신창원역으로 개명. ",,1981-01-15 00:00:00,미부착,,개방 가능,공공누리 1유형,,,O,,,,,단순 정보,
2199,철도산업정보센터,HOME > 철도역사관 > 철도통합연표,철도통합연표,수소화물 취급 중지,,1981-02-01 00:00:00,미부착,,개방 가능,공공누리 1유형,,,O,,,,,단순 정보,
2200,철도산업정보센터,HOME > 철도역사관 > 철도통합연표,철도통합연표,현재의 역사 준공,,1981-03-10 00:00:00,미부착,,개방 가능,공공누리 1유형,,,O,,,,,단순 정보,
2201,철도산업정보센터,HOME > 철도역사관 > 철도통합연표,철도통합연표,현재의 위치로 역사이전,,1981-03-22 00:00:00,미부착,,개방 가능,공공누리 1유형,,,O,,,,,단순 정보,
2202,철도산업정보센터,HOME > 철도역사관 > 철도통합연표,철도통합연표,"전라선 동산~신리간 이설, 북전주~신리 구간 폐지, 동산~북전주 구간을 '북전주선'으로 개칭",,1981-05-25 00:00:00,미부착,,개방 가능,공공누리 1유형,,,O,,,,,단순 정보,
2203,철도산업정보센터,HOME > 철도역사관 > 철도통합연표,철도통합연표,전라선 이설로 폐역,,1981-05-25 00:00:00,미부착,,개방 가능,공공누리 1유형,,,O,,,,,단순 정보,
2204,철도산업정보센터,HOME > 철도역사관 > 철도통합연표,철도통합연표,보통역으로 영업개시,,1981-05-25 00:00:00,미부착,,개방 가능,공공누리 1유형,,,O,,,,,단순 정보,
2205,철도산업정보센터,HOME > 철도역사관 > 철도통합연표,철도통합연표,전주시내 전라선 철도 이설로 현위치로 이전,,1981-05-25 00:00:00,미부착,,개방 가능,공공누리 1유형,,,O,,,,,단순 정보,
2206,철도산업정보센터,HOME > 철도역사관 > 철도통합연표,철도통합연표,수소화물 취급 중지.,,1981-06-01 00:00:00,미부착,,개방 가능,공공누리 1유형,,,O,,,,,단순 정보,
2207,철도산업정보센터,HOME > 철도역사관 > 철도통합연표,철도통합연표,노포동 - 범내골 구간 착공,,1981-06-13 00:00:00,미부착,,개방 가능,공공누리 1유형,,,O,,,,,단순 정보,
2208,철도산업정보센터,HOME > 철도역사관 > 철도통합연표,철도통합연표,민수용무연탄도착화물취급역 지정취소,,1981-06-15 00:00:00,미부착,,개방 가능,공공누리 1유형,,,O,,,,,단순 정보,
2209,철도산업정보센터,HOME > 철도역사관 > 철도통합연표,철도통합연표,도착무연탄한 취급으로 화물취급 개시,,1981-06-15 00:00:00,미부착,,개방 가능,공공누리 1유형,,,O,,,,,단순 정보,
2210,철도산업정보센터,HOME > 철도역사관 > 철도통합연표,철도통합연표,1단계구간 착공(노포동~범내골 16.2㎞),,1981-06-23 00:00:00,미부착,,개방 가능,공공누리 1유형,,,O,,,,,단순 정보,
2211,철도산업정보센터,HOME > 철도역사관 > 철도통합연표,철도통합연표,현재의 역사 준공.,,1981-07-01 00:00:00,미부착,,개방 가능,공공누리 1유형,,,O,,,,,단순 정보,
2212,철도산업정보센터,HOME > 철도역사관 > 철도통합연표,철도통합연표,배치간이역으로 승격,,1981-07-01 00:00:00,미부착,,개방 가능,공공누리 1유형,,,O,,,,,단순 정보,
2213,철도산업정보센터,HOME > 철도역사관 > 철도통합연표,철도통합연표,연탄선(지선)착공,,1981-07-27 00:00:00,미부착,,개방 가능,공공누리 1유형,,,O,,,,,단순 정보,
2214,철도산업정보센터,HOME > 철도역사관 > 철도통합연표,철도통합연표,연탄선(지선)준공,,1981-08-27 00:00:00,미부착,,개방 가능,공공누리 1유형,,,O,,,,,단순 정보,
2215,철도산업정보센터,HOME > 철도역사관 > 철도통합연표,철도통합연표,서울특별시지하철공사 창립,,1981-09-01 00:00:00,미부착,,개방 가능,공공누리 1유형,,,O,,,,,단순 정보,
2216,철도산업정보센터,HOME > 철도역사관 > 철도통합연표,철도통합연표,역사가 사적으로 지정됨(사적 284호),,1981-09-25 00:00:00,미부착,,개방 가능,공공누리 1유형,,,O,,,,,단순 정보,
2217,철도산업정보센터,HOME > 철도역사관 > 철도통합연표,철도통합연표,역사 증축,,1981-09-30 00:00:00,미부착,,개방 가능,공공누리 1유형,,,O,,,,,단순 정보,
2218,철도산업정보센터,HOME > 철도역사관 > 철도통합연표,철도통합연표,새마을호 승차권 전산 발매,,1981-10-01 00:00:00,미부착,,개방 가능,공공누리 1유형,,,O,,,,,단순 정보,
2219,철도산업정보센터,HOME > 철도역사관 > 철도통합연표,철도통합연표,진해선 신창원 - 경화간 이설. 상남역 폐지. 남창원역 개업,,1981-10-05 00:00:00,미부착,,개방 가능,공공누리 1유형,,,O,,,,,단순 정보,
2220,철도산업정보센터,HOME > 철도역사관 > 철도통합연표,철도통합연표,배치간이역으로 영업개시,,1981-10-05 00:00:00,미부착,,개방 가능,공공누리 1유형,,,O,,,,,단순 정보,
2221,철도산업정보센터,HOME > 철도역사관 > 철도통합연표,철도통합연표,남창원역 개업,,1981-10-05 00:00:00,미부착,,개방 가능,공공누리 1유형,,,O,,,,,단순 정보,
2222,철도산업정보센터,HOME > 철도역사관 > 철도통합연표,철도통합연표,폐역,,1981-10-05 00:00:00,미부착,,개방 가능,공공누리 1유형,,,O,,,,,단순 정보,
2223,철도산업정보센터,HOME > 철도역사관 > 철도통합연표,철도통합연표,상남역 폐지,,1981-10-05 00:00:00,미부착,,개방 가능,공공누리 1유형,,,O,,,,,단순 정보,
2224,철도산업정보센터,HOME > 철도역사관 > 철도통합연표,철도통합연표,현 위치로 이설(친선동→안민동),,1981-10-05 00:00:00,미부착,,개방 가능,공공누리 1유형,,,O,,,,,단순 정보,
2225,철도산업정보센터,HOME > 철도역사관 > 철도통합연표,철도통합연표,무배치간이역으로 조정,,1981-10-15 00:00:00,미부착,,개방 가능,공공누리 1유형,,,O,,,,,단순 정보,
2226,철도산업정보센터,HOME > 철도역사관 > 철도통합연표,철도통합연표,무연탄취급개시(수입무연탄 한),,1981-11-25 00:00:00,미부착,,개방 가능,공공누리 1유형,,,O,,,,,단순 정보,
2227,철도산업정보센터,HOME > 철도역사관 > 철도통합연표,철도통합연표,현재의 역사준공,,1981-12-11 00:00:00,미부착,,개방 가능,공공누리 1유형,,,O,,,,,단순 정보,
2228,철도산업정보센터,HOME > 철도역사관 > 철도통합연표,철도통합연표,영등포 - 수원간 복복선화,,1981-12-23 00:00:00,미부착,,개방 가능,공공누리 1유형,,,O,,,,,단순 정보,
2229,철도산업정보센터,HOME > 철도역사관 > 철도통합연표,철도통합연표,京水 복복선(영등포～수원) 전철 개통,,1981-12-23 00:00:00,미부착,,개방 가능,공공누리 1유형,,,O,,,,,단순 정보,
2230,철도산업정보센터,HOME > 철도역사관 > 철도통합연표,철도통합연표,정부종합 저탄장 신설,,1982-00-00,미부착,,개방 가능,공공누리 1유형,,,O,,,,,단순 정보,
2231,철도산업정보센터,HOME > 철도역사관 > 철도통합연표,철도통합연표,수소화물취급 중지,,1982-01-01 00:00:00,미부착,,개방 가능,공공누리 1유형,,,O,,,,,단순 정보,
2232,철도산업정보센터,HOME > 철도역사관 > 철도통합연표,철도통합연표,여객취급 재개,,1982-02-01 00:00:00,미부착,,개방 가능,공공누리 1유형,,,O,,,,,단순 정보,
2233,철도산업정보센터,HOME > 철도역사관 > 철도통합연표,철도통합연표,"구내확장(3번선을 6번선으로) 및 한국종합화학 전용선부설, 프로필렌 출하개시",,1982-02-01 00:00:00,미부착,,개방 가능,공공누리 1유형,,,O,,,,,단순 정보,
2234,철도산업정보센터,HOME > 철도역사관 > 철도통합연표,철도통합연표,현재의 역사 준공,,1982-04-19 00:00:00,미부착,,개방 가능,공공누리 1유형,,,O,,,,,단순 정보,
2235,철도산업정보센터,HOME > 철도역사관 > 철도통합연표,철도통합연표,현재의 역사준공,,1982-04-23 00:00:00,미부착,,개방 가능,공공누리 1유형,,,O,,,,,단순 정보,
2236,철도산업정보센터,HOME > 철도역사관 > 철도통합연표,철도통합연표,북전주역 관리역으로 지정.,,1982-05-01 00:00:00,미부착,,개방 가능,공공누리 1유형,,,O,,,,,단순 정보,
2237,철도산업정보센터,HOME > 철도역사관 > 철도통합연표,철도통합연표,옥구역을 무배치간이역으로 격하와 동시에 군산역에서 관리지정,,1982-05-01 00:00:00,미부착,,개방 가능,공공누리 1유형,,,O,,,,,단순 정보,
2238,철도산업정보센터,HOME > 철도역사관 > 철도통합연표,철도통합연표,옥구역 무배치간이역으로 격하 및 미군전용선착발화물 한 화물취급지정,,1982-05-01 00:00:00,미부착,,개방 가능,공공누리 1유형,,,O,,,,,단순 정보,
2239,철도산업정보센터,HOME > 철도역사관 > 철도통합연표,철도통합연표,배치간이역으로 격하,,1982-05-01 00:00:00,미부착,,개방 가능,공공누리 1유형,,,O,,,,,단순 정보,
2240,철도산업정보센터,HOME > 철도역사관 > 철도통합연표,철도통합연표,역사 신축 착공,,1982-05-07 00:00:00,미부착,,개방 가능,공공누리 1유형,,,O,,,,,단순 정보,
2241,철도산업정보센터,HOME > 철도역사관 > 철도통합연표,철도통합연표,수소화물취급 중지,,1982-05-15 00:00:00,미부착,,개방 가능,공공누리 1유형,,,O,,,,,단순 정보,
2242,철도산업정보센터,HOME > 철도역사관 > 철도통합연표,철도통합연표,폐선,,1982-06-10 00:00:00,미부착,,개방 가능,공공누리 1유형,,,O,,,,,단순 정보,
2243,철도산업정보센터,HOME > 철도역사관 > 철도통합연표,철도통합연표,역명변경(정읍→정주),,1982-07-01 00:00:00,미부착,,개방 가능,공공누리 1유형,,,O,,,,,단순 정보,
2244,철도산업정보센터,HOME > 철도역사관 > 철도통합연표,철도통합연표,화물취급개시(벌크 양회화물 한),,1982-07-16 00:00:00,미부착,,개방 가능,공공누리 1유형,,,O,,,,,단순 정보,
2245,철도산업정보센터,HOME > 철도역사관 > 철도통합연표,철도통합연표,배치간이역으로 영업개시,,1982-08-02 00:00:00,미부착,,개방 가능,공공누리 1유형,,,O,,,,,단순 정보,
2246,철도산업정보센터,HOME > 철도역사관 > 철도통합연표,철도통합연표,경부선 석수역 개통.,,1982-08-02 00:00:00,미부착,,개방 가능,공공누리 1유형,,,O,,,,,단순 정보,
2247,철도산업정보센터,HOME > 철도역사관 > 철도통합연표,철도통합연표,운전간이역에서 배치간이역으로 격하,,1982-09-01 00:00:00,미부착,,개방 가능,공공누리 1유형,,,O,,,,,단순 정보,
2248,철도산업정보센터,HOME > 철도역사관 > 철도통합연표,철도통합연표,보통역에서 배치간이역으로 격하,,1982-09-01 00:00:00,미부착,,개방 가능,공공누리 1유형,,,O,,,,,단순 정보,
2249,철도산업정보센터,HOME > 철도역사관 > 철도통합연표,철도통합연표,배치간이역에서 무배치간이역으로 격하,,1982-09-01 00:00:00,미부착,,개방 가능,공공누리 1유형,,,O,,,,,단순 정보,
2250,철도산업정보센터,HOME > 철도역사관 > 철도통합연표,철도통합연표,보통역에서 배치간이역으로 격하,,1982-09-01 00:00:00,미부착,,개방 가능,공공누리 1유형,,,O,,,,,단순 정보,
2251,철도산업정보센터,HOME > 철도역사관 > 철도통합연표,철도통합연표,배치간이역에서 무배치간이역으로 격하,,1982-09-01 00:00:00,미부착,,개방 가능,공공누리 1유형,,,O,,,,,단순 정보,
2252,철도산업정보센터,HOME > 철도역사관 > 철도통합연표,철도통합연표,배치간이역으로 격하,,1982-09-01 00:00:00,미부착,,개방 가능,공공누리 1유형,,,O,,,,,단순 정보,
2253,철도산업정보센터,HOME > 철도역사관 > 철도통합연표,철도통합연표,현재의 역사 준공,,1982-09-04 00:00:00,미부착,,개방 가능,공공누리 1유형,,,O,,,,,단순 정보,
2254,철도산업정보센터,HOME > 철도역사관 > 철도통합연표,철도통합연표,역사준공,,1982-09-21 00:00:00,미부착,,개방 가능,공공누리 1유형,,,O,,,,,단순 정보,
2255,철도산업정보센터,HOME > 철도역사관 > 철도통합연표,철도통합연표,역사신축.,,1982-10-20 00:00:00,미부착,,개방 가능,공공누리 1유형,,,O,,,,,단순 정보,
2256,철도산업정보센터,HOME > 철도역사관 > 철도통합연표,철도통합연표,보통역으로 승격,,1982-11-11 00:00:00,미부착,,개방 가능,공공누리 1유형,,,O,,,,,단순 정보,
2257,철도산업정보센터,HOME > 철도역사관 > 철도통합연표,철도통합연표,역사 증축 준공,,1982-12-15 00:00:00,미부착,,개방 가능,공공누리 1유형,,,O,,,,,단순 정보,
2258,철도산업정보센터,HOME > 철도역사관 > 철도통합연표,철도통합연표,종합운동장 - 교대 개통,,1982-12-23 00:00:00,미부착,,개방 가능,공공누리 1유형,,,O,,,,,단순 정보,
2259,철도산업정보센터,HOME > 철도역사관 > 철도통합연표,철도통합연표,현재의 역사 준공.,,1982-12-28 00:00:00,미부착,,개방 가능,공공누리 1유형,,,O,,,,,단순 정보,
2260,철도산업정보센터,HOME > 철도역사관 > 철도통합연표,철도통합연표,유공전용선 준공,,1983-01-01 00:00:00,미부착,,개방 가능,공공누리 1유형,,,O,,,,,단순 정보,
2261,철도산업정보센터,HOME > 철도역사관 > 철도통합연표,철도통합연표,공군전용선 부설,,1983-01-01 00:00:00,미부착,,개방 가능,공공누리 1유형,,,O,,,,,단순 정보,
2262,철도산업정보센터,HOME > 철도역사관 > 철도통합연표,철도통합연표,폐역,,1983-02-01 00:00:00,미부착,,개방 가능,공공누리 1유형,,,O,,,,,단순 정보,
2263,철도산업정보센터,HOME > 철도역사관 > 철도통합연표,철도통합연표,수소화물취급 중지,,1983-02-01 00:00:00,미부착,,개방 가능,공공누리 1유형,,,O,,,,,단순 정보,
2264,철도산업정보센터,HOME > 철도역사관 > 철도통합연표,철도통합연표,수소화물 취급중지,,1983-02-01 00:00:00,미부착,,개방 가능,공공누리 1유형,,,O,,,,,단순 정보,
2265,철도산업정보센터,HOME > 철도역사관 > 철도통합연표,철도통합연표,여객취급 중지,,1983-02-01 00:00:00,미부착,,개방 가능,공공누리 1유형,,,O,,,,,단순 정보,
2266,철도산업정보센터,HOME > 철도역사관 > 철도통합연표,철도통합연표,수소화물취급중지,,1983-02-01 00:00:00,미부착,,개방 가능,공공누리 1유형,,,O,,,,,단순 정보,
2267,철도산업정보센터,HOME > 철도역사관 > 철도통합연표,철도통합연표,신호장으로 격하 및 여객취급 중지,,1983-02-01 00:00:00,미부착,,개방 가능,공공누리 1유형,,,O,,,,,단순 정보,
2268,철도산업정보센터,HOME > 철도역사관 > 철도통합연표,철도통합연표,신호장으로 격하,,1983-02-01 00:00:00,미부착,,개방 가능,공공누리 1유형,,,O,,,,,단순 정보,
2269,철도산업정보센터,HOME > 철도역사관 > 철도통합연표,철도통합연표,수소화물 취급 중지,,1983-02-01 00:00:00,미부착,,개방 가능,공공누리 1유형,,,O,,,,,단순 정보,
2270,철도산업정보센터,HOME > 철도역사관 > 철도통합연표,철도통합연표,여객 및 소화물 취급 중지,,1983-02-01 00:00:00,미부착,,개방 가능,공공누리 1유형,,,O,,,,,단순 정보,
2271,철도산업정보센터,HOME > 철도역사관 > 철도통합연표,철도통합연표,수소화물취급중지,,1983-02-01 00:00:00,미부착,,개방 가능,공공누리 1유형,,,O,,,,,단순 정보,
2272,철도산업정보센터,HOME > 철도역사관 > 철도통합연표,철도통합연표,화물취급 중지,,1983-02-01 00:00:00,미부착,,개방 가능,공공누리 1유형,,,O,,,,,단순 정보,
2273,철도산업정보센터,HOME > 철도역사관 > 철도통합연표,철도통합연표,수소화물취급중지,,1983-02-01 00:00:00,미부착,,개방 가능,공공누리 1유형,,,O,,,,,단순 정보,
2274,철도산업정보센터,HOME > 철도역사관 > 철도통합연표,철도통합연표,여객취급 중지.,,1983-02-11 00:00:00,미부착,,개방 가능,공공누리 1유형,,,O,,,,,단순 정보,
2275,철도산업정보센터,HOME > 철도역사관 > 철도통합연표,철도통합연표,운전간이역으로 조정,,1983-03-20 00:00:00,미부착,,개방 가능,공공누리 1유형,,,O,,,,,단순 정보,
2276,철도산업정보센터,HOME > 철도역사관 > 철도통합연표,철도통합연표,"구내모양 변경, 역사착공",,1983-04-23 00:00:00,미부착,,개방 가능,공공누리 1유형,,,O,,,,,단순 정보,
2277,철도산업정보센터,HOME > 철도역사관 > 철도통합연표,철도통합연표,화물 컨테이너 기지 준공,,1983-06-15 00:00:00,미부착,,개방 가능,공공누리 1유형,,,O,,,,,단순 정보,
2278,철도산업정보센터,HOME > 철도역사관 > 철도통합연표,철도통합연표,사무관역으로 승격,,1983-06-16 00:00:00,미부착,,개방 가능,공공누리 1유형,,,O,,,,,단순 정보,
2279,철도산업정보센터,HOME > 철도역사관 > 철도통합연표,철도통합연표,삼척-강릉간 여객열차 폐지(화물열차뒤에 객차 1량 연결),,1983-07-01 00:00:00,미부착,,개방 가능,공공누리 1유형,,,O,,,,,단순 정보,
2280,철도산업정보센터,HOME > 철도역사관 > 철도통합연표,철도통합연표,무배치간이역으로 격하하고 을종승차권대매소로 지정,,1983-07-01 00:00:00,미부착,,개방 가능,공공누리 1유형,,,O,,,,,단순 정보,
2281,철도산업정보센터,HOME > 철도역사관 > 철도통합연표,철도통합연표,사무관역으로 격하,,1983-07-12 00:00:00,미부착,,개방 가능,공공누리 1유형,,,O,,,,,단순 정보,
2282,철도산업정보센터,HOME > 철도역사관 > 철도통합연표,철도통합연표,역사 신축 착공,,1983-07-20 00:00:00,미부착,,개방 가능,공공누리 1유형,,,O,,,,,단순 정보,
2283,철도산업정보센터,HOME > 철도역사관 > 철도통합연표,철도통합연표,범내골 - 중앙동 구간 착공,,1983-07-28 00:00:00,미부착,,개방 가능,공공누리 1유형,,,O,,,,,단순 정보,
2284,철도산업정보센터,HOME > 철도역사관 > 철도통합연표,철도통합연표,2단계구간 착공(범내골~중앙동 5.4㎞),,1983-07-28 00:00:00,미부착,,개방 가능,공공누리 1유형,,,O,,,,,단순 정보,
2285,철도산업정보센터,HOME > 철도역사관 > 철도통합연표,철도통합연표,무배치간이역으로 격하 및 화물취급 중지,,1983-08-01 00:00:00,미부착,,개방 가능,공공누리 1유형,,,O,,,,,단순 정보,
2286,철도산업정보센터,HOME > 철도역사관 > 철도통합연표,철도통합연표,무배치간이역으로 격하,,1983-08-01 00:00:00,미부착,,개방 가능,공공누리 1유형,,,O,,,,,단순 정보,
2287,철도산업정보센터,HOME > 철도역사관 > 철도통합연표,철도통합연표,보통역으로 승격,,1983-08-01 00:00:00,미부착,,개방 가능,공공누리 1유형,,,O,,,,,단순 정보,
2288,철도산업정보센터,HOME > 철도역사관 > 철도통합연표,철도통합연표,배치간이역에서 무배치간이역으로 격하,,1983-08-01 00:00:00,미부착,,개방 가능,공공누리 1유형,,,O,,,,,단순 정보,
2289,철도산업정보센터,HOME > 철도역사관 > 철도통합연표,철도통합연표,무배치간이역으로 격하,,1983-08-01 00:00:00,미부착,,개방 가능,공공누리 1유형,,,O,,,,,단순 정보,
2290,철도산업정보센터,HOME > 철도역사관 > 철도통합연표,철도통합연표,보통역으로 승격,,1983-08-06 00:00:00,미부착,,개방 가능,공공누리 1유형,,,O,,,,,단순 정보,
2291,철도산업정보센터,HOME > 철도역사관 > 철도통합연표,철도통합연표,운전간이역으로 조정,,1983-08-20 00:00:00,미부착,,개방 가능,공공누리 1유형,,,O,,,,,단순 정보,
2292,철도산업정보센터,HOME > 철도역사관 > 철도통합연표,철도통합연표,운전간이역으로 격하,,1983-08-20 00:00:00,미부착,,개방 가능,공공누리 1유형,,,O,,,,,단순 정보,
2293,철도산업정보센터,HOME > 철도역사관 > 철도통합연표,철도통합연표,군전용선 준공.,,1983-08-30 00:00:00,미부착,,개방 가능,공공누리 1유형,,,O,,,,,단순 정보,
2294,철도산업정보센터,HOME > 철도역사관 > 철도통합연표,철도통합연표,"을지로입구 - 성수 개통, 신설동 - 성수 구간이 성수지선으로 분리",,1983-09-16 00:00:00,미부착,,개방 가능,공공누리 1유형,,,O,,,,,단순 정보,
2295,철도산업정보센터,HOME > 철도역사관 > 철도통합연표,철도통합연표,역무시설 지하역사로 이전,,1983-09-16 00:00:00,미부착,,개방 가능,공공누리 1유형,,,O,,,,,단순 정보,
2296,철도산업정보센터,HOME > 철도역사관 > 철도통합연표,철도통합연표,무배치간이역으로 격하(일영역 관리),,1983-10-01 00:00:00,미부착,,개방 가능,공공누리 1유형,,,O,,,,,단순 정보,
2297,철도산업정보센터,HOME > 철도역사관 > 철도통합연표,철도통합연표,무배치간이역으로 격하,,1983-10-01 00:00:00,미부착,,개방 가능,공공누리 1유형,,,O,,,,,단순 정보,
2298,철도산업정보센터,HOME > 철도역사관 > 철도통합연표,철도통합연표,을종승차권 대매소로 격하,,1983-10-01 00:00:00,미부착,,개방 가능,공공누리 1유형,,,O,,,,,단순 정보,
2299,철도산업정보센터,HOME > 철도역사관 > 철도통합연표,철도통합연표,을종승차권대매소로 지정,,1983-10-01 00:00:00,미부착,,개방 가능,공공누리 1유형,,,O,,,,,단순 정보,
2300,철도산업정보센터,HOME > 철도역사관 > 철도통합연표,철도통합연표,무배치간이역으로 격하 및 을종승차권 대매소 지정,,1983-10-01 00:00:00,미부착,,개방 가능,공공누리 1유형,,,O,,,,,단순 정보,
2301,철도산업정보센터,HOME > 철도역사관 > 철도통합연표,철도통합연표,무배치간이역으로 격하 및 을종승차권 대매소 지정,,1983-10-01 00:00:00,미부착,,개방 가능,공공누리 1유형,,,O,,,,,단순 정보,
2302,철도산업정보센터,HOME > 철도역사관 > 철도통합연표,철도통합연표,무배치간이역으로 격하 및 을종승차권 대매소로 지정,,1983-10-01 00:00:00,미부착,,개방 가능,공공누리 1유형,,,O,,,,,단순 정보,
2303,철도산업정보센터,HOME > 철도역사관 > 철도통합연표,철도통합연표,"구내모양 변경, 현재의 역사 준공",,1983-10-03 00:00:00,미부착,,개방 가능,공공누리 1유형,,,O,,,,,단순 정보,
2304,철도산업정보센터,HOME > 철도역사관 > 철도통합연표,철도통합연표,괴동역 역사 신축.,,1983-10-03 00:00:00,미부착,,개방 가능,공공누리 1유형,,,O,,,,,단순 정보,
2305,철도산업정보센터,HOME > 철도역사관 > 철도통합연표,철도통합연표,서천화력선 준공,,1983-12-10 00:00:00,미부착,,개방 가능,공공누리 1유형,,,O,,,,,단순 정보,
2306,철도산업정보센터,HOME > 철도역사관 > 철도통합연표,철도통합연표,교대 - 서울대입구 개통,,1983-12-12 00:00:00,미부착,,개방 가능,공공누리 1유형,,,O,,,,,단순 정보,
2307,철도산업정보센터,HOME > 철도역사관 > 철도통합연표,철도통합연표,대전공작창 준공,,1983-12-13 00:00:00,미부착,,개방 가능,공공누리 1유형,,,O,,,,,단순 정보,
2308,철도산업정보센터,HOME > 철도역사관 > 철도통합연표,철도통합연표,자갈선부설,,1983-12-20 00:00:00,미부착,,개방 가능,공공누리 1유형,,,O,,,,,단순 정보,
2309,철도산업정보센터,HOME > 철도역사관 > 철도통합연표,철도통합연표,역사준공,,1983-12-23 00:00:00,미부착,,개방 가능,공공누리 1유형,,,O,,,,,단순 정보,
2310,철도산업정보센터,HOME > 철도역사관 > 철도통합연표,철도통합연표,현재의 역사준공.,,1983-12-30 00:00:00,미부착,,개방 가능,공공누리 1유형,,,O,,,,,단순 정보,
2311,철도산업정보센터,HOME > 철도역사관 > 철도통합연표,철도통합연표,현재역사 건축,,1984-00-00,미부착,,개방 가능,공공누리 1유형,,,O,,,,,단순 정보,
2312,철도산업정보센터,HOME > 철도역사관 > 철도통합연표,철도통합연표,역명변경(율전→성대앞),,1984-01-01 00:00:00,미부착,,개방 가능,공공누리 1유형,,,O,,,,,단순 정보,
2313,철도산업정보센터,HOME > 철도역사관 > 철도통합연표,철도통합연표,을종승차권대매소 폐지,,1984-01-01 00:00:00,미부착,,개방 가능,공공누리 1유형,,,O,,,,,단순 정보,
2314,철도산업정보센터,HOME > 철도역사관 > 철도통합연표,철도통합연표,부산진 역으로부터의 신 루트 개통,,1984-01-20 00:00:00,미부착,,개방 가능,공공누리 1유형,,,O,,,,,단순 정보,
2315,철도산업정보센터,HOME > 철도역사관 > 철도통합연표,철도통합연표,우암선(우암~부산진)신설개통,,1984-02-01 00:00:00,미부착,,개방 가능,공공누리 1유형,,,O,,,,,단순 정보,
2316,철도산업정보센터,HOME > 철도역사관 > 철도통합연표,철도통합연표,역명변경(어수동→동두천),,1984-02-10 00:00:00,미부착,,개방 가능,공공누리 1유형,,,O,,,,,단순 정보,
2317,철도산업정보센터,HOME > 철도역사관 > 철도통합연표,철도통합연표,역명변경(동두천→동안),,1984-02-10 00:00:00,미부착,,개방 가능,공공누리 1유형,,,O,,,,,단순 정보,
2318,철도산업정보센터,HOME > 철도역사관 > 철도통합연표,철도통합연표,폐역,,1984-03-01 00:00:00,미부착,,개방 가능,공공누리 1유형,,,O,,,,,단순 정보,
2319,철도산업정보센터,HOME > 철도역사관 > 철도통합연표,철도통합연표,배치간이역으로 승격,,1984-03-01 00:00:00,미부착,,개방 가능,공공누리 1유형,,,O,,,,,단순 정보,
2320,철도산업정보센터,HOME > 철도역사관 > 철도통합연표,철도통합연표,배치간이역으로 변경,,1984-03-01 00:00:00,미부착,,개방 가능,공공누리 1유형,,,O,,,,,단순 정보,
2321,철도산업정보센터,HOME > 철도역사관 > 철도통합연표,철도통합연표,배치간이역(운전취급)으로 격하,,1984-03-01 00:00:00,미부착,,개방 가능,공공누리 1유형,,,O,,,,,단순 정보,
2322,철도산업정보센터,HOME > 철도역사관 > 철도통합연표,철도통합연표,동량역 관리역 지정,,1984-03-01 00:00:00,미부착,,개방 가능,공공누리 1유형,,,O,,,,,단순 정보,
2323,철도산업정보센터,HOME > 철도역사관 > 철도통합연표,철도통합연표,배치간이역으로 격하,,1984-03-01 00:00:00,미부착,,개방 가능,공공누리 1유형,,,O,,,,,단순 정보,
2324,철도산업정보센터,HOME > 철도역사관 > 철도통합연표,철도통합연표,무배치간이역으로 격하,,1984-03-01 00:00:00,미부착,,개방 가능,공공누리 1유형,,,O,,,,,단순 정보,
2325,철도산업정보센터,HOME > 철도역사관 > 철도통합연표,철도통합연표,입실역으로 관리역 변경,,1984-03-01 00:00:00,미부착,,개방 가능,공공누리 1유형,,,O,,,,,단순 정보,
2326,철도산업정보센터,HOME > 철도역사관 > 철도통합연표,철도통합연표,양보역 관리역으로 지정,,1984-03-01 00:00:00,미부착,,개방 가능,공공누리 1유형,,,O,,,,,단순 정보,
2327,철도산업정보센터,HOME > 철도역사관 > 철도통합연표,철도통합연표,무배치간이역으로 격하,,1984-03-01 00:00:00,미부착,,개방 가능,공공누리 1유형,,,O,,,,,단순 정보,
2328,철도산업정보센터,HOME > 철도역사관 > 철도통합연표,철도통합연표,무배치간이역으로 격하,,1984-03-01 00:00:00,미부착,,개방 가능,공공누리 1유형,,,O,,,,,단순 정보,
2329,철도산업정보센터,HOME > 철도역사관 > 철도통합연표,철도통합연표,성현자갈선 철거,,1984-03-02 00:00:00,미부착,,개방 가능,공공누리 1유형,,,O,,,,,단순 정보,
2330,철도산업정보센터,HOME > 철도역사관 > 철도통합연표,철도통합연표,역사준공.,,1984-04-09 00:00:00,미부착,,개방 가능,공공누리 1유형,,,O,,,,,단순 정보,
2331,철도산업정보센터,HOME > 철도역사관 > 철도통합연표,철도통합연표,CTC화 완료.,,1984-04-10 00:00:00,미부착,,개방 가능,공공누리 1유형,,,O,,,,,단순 정보,
2332,철도산업정보센터,HOME > 철도역사관 > 철도통합연표,철도통합연표,CTC화 완료.,,1984-04-10 00:00:00,미부착,,개방 가능,공공누리 1유형,,,O,,,,,단순 정보,
2333,철도산업정보센터,HOME > 철도역사관 > 철도통합연표,철도통합연표,사무관역으로 격하,,1984-04-16 00:00:00,미부착,,개방 가능,공공누리 1유형,,,O,,,,,단순 정보,
2334,철도산업정보센터,HOME > 철도역사관 > 철도통합연표,철도통합연표,서울대입구 - 을지로입구 개통,,1984-05-22 00:00:00,미부착,,개방 가능,공공누리 1유형,,,O,,,,,단순 정보,
2335,철도산업정보센터,HOME > 철도역사관 > 철도통합연표,철도통합연표,2호선 전구간 개통(순환선 54.2km),,1984-05-22 00:00:00,미부착,,개방 가능,공공누리 1유형,,,O,,,,,단순 정보,
2336,철도산업정보센터,HOME > 철도역사관 > 철도통합연표,철도통합연표,운전간이역으로 영업개시,,1984-05-22 00:00:00,미부착,,개방 가능,공공누리 1유형,,,O,,,,,단순 정보,
2337,철도산업정보센터,HOME > 철도역사관 > 철도통합연표,철도통합연표,경부선 신도림역 개통.,,1984-05-22 00:00:00,미부착,,개방 가능,공공누리 1유형,,,O,,,,,단순 정보,
2338,철도산업정보센터,HOME > 철도역사관 > 철도통합연표,철도통합연표,"북평역, 동해역으로 개명. ",,1984-06-01 00:00:00,미부착,,개방 가능,공공누리 1유형,,,O,,,,,단순 정보,
2339,철도산업정보센터,HOME > 철도역사관 > 철도통합연표,철도통합연표,여객취급 개시,,1984-06-01 00:00:00,미부착,,개방 가능,공공누리 1유형,,,O,,,,,단순 정보,
2340,철도산업정보센터,HOME > 철도역사관 > 철도통합연표,철도통합연표,북평역을 동해역으로 개칭,,1984-06-01 00:00:00,미부착,,개방 가능,공공누리 1유형,,,O,,,,,단순 정보,
2341,철도산업정보센터,HOME > 철도역사관 > 철도통합연표,철도통합연표,무배치간이역으로 격하,,1984-06-01 00:00:00,미부착,,개방 가능,공공누리 1유형,,,O,,,,,단순 정보,
2342,철도산업정보센터,HOME > 철도역사관 > 철도통합연표,철도통합연표,보통역으로 승격,,1984-06-01 00:00:00,미부착,,개방 가능,공공누리 1유형,,,O,,,,,단순 정보,
2343,철도산업정보센터,HOME > 철도역사관 > 철도통합연표,철도통합연표,무배치간이역 격하,,1984-06-01 00:00:00,미부착,,개방 가능,공공누리 1유형,,,O,,,,,단순 정보,
2344,철도산업정보센터,HOME > 철도역사관 > 철도통합연표,철도통합연표,벌크시멘트한 화물취급 개시,,1984-06-28 00:00:00,미부착,,개방 가능,공공누리 1유형,,,O,,,,,단순 정보,
2345,철도산업정보센터,HOME > 철도역사관 > 철도통합연표,철도통합연표,역사 신축 착공,,1984-07-01 00:00:00,미부착,,개방 가능,공공누리 1유형,,,O,,,,,단순 정보,
2346,철도산업정보센터,HOME > 철도역사관 > 철도통합연표,철도통합연표,역사 증축,,1984-07-16 00:00:00,미부착,,개방 가능,공공누리 1유형,,,O,,,,,단순 정보,
2347,철도산업정보센터,HOME > 철도역사관 > 철도통합연표,철도통합연표,보통역으로 영업개시,,1984-07-20 00:00:00,미부착,,개방 가능,공공누리 1유형,,,O,,,,,단순 정보,
2348,철도산업정보센터,HOME > 철도역사관 > 철도통합연표,철도통합연표,오봉선(의왕화물기지선)영업개시,,1984-07-20 00:00:00,미부착,,개방 가능,공공누리 1유형,,,O,,,,,단순 정보,
2349,철도산업정보센터,HOME > 철도역사관 > 철도통합연표,철도통합연표,컨테이너 업무 오봉역으로 이전,,1984-07-20 00:00:00,미부착,,개방 가능,공공누리 1유형,,,O,,,,,단순 정보,
2350,철도산업정보센터,HOME > 철도역사관 > 철도통합연표,철도통합연표,내수역을 관리역으로 편입,,1984-08-04 00:00:00,미부착,,개방 가능,공공누리 1유형,,,O,,,,,단순 정보,
2351,철도산업정보센터,HOME > 철도역사관 > 철도통합연표,철도통합연표,을종승차권대매소 지정,,1984-08-10 00:00:00,미부착,,개방 가능,공공누리 1유형,,,O,,,,,단순 정보,
2352,철도산업정보센터,HOME > 철도역사관 > 철도통합연표,철도통합연표,화물취급 재개(전용선착발화물 한),,1984-08-13 00:00:00,미부착,,개방 가능,공공누리 1유형,,,O,,,,,단순 정보,
2353,철도산업정보센터,HOME > 철도역사관 > 철도통합연표,철도통합연표,중앙동 - 서대신동 구간 착공,,1984-08-14 00:00:00,미부착,,개방 가능,공공누리 1유형,,,O,,,,,단순 정보,
2354,철도산업정보센터,HOME > 철도역사관 > 철도통합연표,철도통합연표,3단계구간 착공(중앙동~서대신동 4.5㎞),,1984-08-14 00:00:00,미부착,,개방 가능,공공누리 1유형,,,O,,,,,단순 정보,
2355,철도산업정보센터,HOME > 철도역사관 > 철도통합연표,철도통합연표,영업중지,,1984-09-01 00:00:00,미부착,,개방 가능,공공누리 1유형,,,O,,,,,단순 정보,
2356,철도산업정보센터,HOME > 철도역사관 > 철도통합연표,철도통합연표,선상역사 준공,,1984-10-01 00:00:00,미부착,,개방 가능,공공누리 1유형,,,O,,,,,단순 정보,
2357,철도산업정보센터,HOME > 철도역사관 > 철도통합연표,철도통합연표,무배치간이역으로 격하,,1984-10-11 00:00:00,미부착,,개방 가능,공공누리 1유형,,,O,,,,,단순 정보,
2358,철도산업정보센터,HOME > 철도역사관 > 철도통합연표,철도통합연표,을종승차권대매소 영업중지,,1984-10-11 00:00:00,미부착,,개방 가능,공공누리 1유형,,,O,,,,,단순 정보,
2359,철도산업정보센터,HOME > 철도역사관 > 철도통합연표,철도통합연표,을종승차권대매소 영업중지,,1984-10-11 00:00:00,미부착,,개방 가능,공공누리 1유형,,,O,,,,,단순 정보,
2360,철도산업정보센터,HOME > 철도역사관 > 철도통합연표,철도통합연표,동양시멘트 사일로 공장준공,,1984-10-12 00:00:00,미부착,,개방 가능,공공누리 1유형,,,O,,,,,단순 정보,
2361,철도산업정보센터,HOME > 철도역사관 > 철도통합연표,철도통합연표,도착유조차량 취급,,1984-10-20 00:00:00,미부착,,개방 가능,공공누리 1유형,,,O,,,,,단순 정보,
2362,철도산업정보센터,HOME > 철도역사관 > 철도통합연표,철도통합연표,역사 준공,,1984-10-24 00:00:00,미부착,,개방 가능,공공누리 1유형,,,O,,,,,단순 정보,
2363,철도산업정보센터,HOME > 철도역사관 > 철도통합연표,철도통합연표,역사 신축 착공,,1984-10-31 00:00:00,미부착,,개방 가능,공공누리 1유형,,,O,,,,,단순 정보,
2364,철도산업정보센터,HOME > 철도역사관 > 철도통합연표,철도통합연표,역사준공,,1984-10-31 00:00:00,미부착,,개방 가능,공공누리 1유형,,,O,,,,,단순 정보,
2365,철도산업정보센터,HOME > 철도역사관 > 철도통합연표,철도통합연표,폐역,,1984-11-01 00:00:00,미부착,,개방 가능,공공누리 1유형,,,O,,,,,단순 정보,
2366,철도산업정보센터,HOME > 철도역사관 > 철도통합연표,철도통합연표,운전간이역으로 영업개시,,1984-11-20 00:00:00,미부착,,개방 가능,공공누리 1유형,,,O,,,,,단순 정보,
2367,철도산업정보센터,HOME > 철도역사관 > 철도통합연표,철도통합연표,경인선 백운역 개통.,,1984-11-20 00:00:00,미부착,,개방 가능,공공누리 1유형,,,O,,,,,단순 정보,
2368,철도산업정보센터,HOME > 철도역사관 > 철도통합연표,철도통합연표,황지역을 태백역으로 개칭.,,1984-12-01 00:00:00,미부착,,개방 가능,공공누리 1유형,,,O,,,,,단순 정보,
2369,철도산업정보센터,HOME > 철도역사관 > 철도통합연표,철도통합연표,무연탄화물도착취급역 지정,,1984-12-01 00:00:00,미부착,,개방 가능,공공누리 1유형,,,O,,,,,단순 정보,
2370,철도산업정보센터,HOME > 철도역사관 > 철도통합연표,철도통합연표,역명변경(태백→동백산),,1984-12-01 00:00:00,미부착,,개방 가능,공공누리 1유형,,,O,,,,,단순 정보,
2371,철도산업정보센터,HOME > 철도역사관 > 철도통합연표,철도통합연표,황지역에서 태백역으로 개칭,,1984-12-01 00:00:00,미부착,,개방 가능,공공누리 1유형,,,O,,,,,단순 정보,
2372,철도산업정보센터,HOME > 철도역사관 > 철도통합연표,철도통합연표,현재의 역사신축.,,1984-12-26 00:00:00,미부착,,개방 가능,공공누리 1유형,,,O,,,,,단순 정보,
2373,철도산업정보센터,HOME > 철도역사관 > 철도통합연표,철도통합연표,역사준공,,1984-12-28 00:00:00,미부착,,개방 가능,공공누리 1유형,,,O,,,,,단순 정보,
2374,철도산업정보센터,HOME > 철도역사관 > 철도통합연표,철도통합연표,현재의 역사준공,,1984-12-28 00:00:00,미부착,,개방 가능,공공누리 1유형,,,O,,,,,단순 정보,
2375,철도산업정보센터,HOME > 철도역사관 > 철도통합연표,철도통합연표,2층으로 증축.,,1984-12-30 00:00:00,미부착,,개방 가능,공공누리 1유형,,,O,,,,,단순 정보,
2376,철도산업정보센터,HOME > 철도역사관 > 철도통합연표,철도통합연표,역사준공,,1984-12-30 00:00:00,미부착,,개방 가능,공공누리 1유형,,,O,,,,,단순 정보,
2377,철도산업정보센터,HOME > 철도역사관 > 철도통합연표,철도통합연표,역사준공,,1984-12-30 00:00:00,미부착,,개방 가능,공공누리 1유형,,,O,,,,,단순 정보,
2378,철도산업정보센터,HOME > 철도역사관 > 철도통합연표,철도통합연표,역사 일부개축,,1984-12-31 00:00:00,미부착,,개방 가능,공공누리 1유형,,,O,,,,,단순 정보,
2379,철도산업정보센터,HOME > 철도역사관 > 철도통합연표,철도통합연표,이리-정주(정읍)간 복선화 완공,,1985-00-00,미부착,,개방 가능,공공누리 1유형,,,O,,,,,단순 정보,
2380,철도산업정보센터,HOME > 철도역사관 > 철도통합연표,철도통합연표,5급역으로 승격,,1985-01-01 00:00:00,미부착,,개방 가능,공공누리 1유형,,,O,,,,,단순 정보,
2381,철도산업정보센터,HOME > 철도역사관 > 철도통합연표,철도통합연표,무배치간이역으로 격하,,1985-01-01 00:00:00,미부착,,개방 가능,공공누리 1유형,,,O,,,,,단순 정보,
2382,철도산업정보센터,HOME > 철도역사관 > 철도통합연표,철도통합연표,운전간이역으로 영업개시,,1985-01-14 00:00:00,미부착,,개방 가능,공공누리 1유형,,,O,,,,,단순 정보,
2383,철도산업정보센터,HOME > 철도역사관 > 철도통합연표,철도통합연표,석계역 개통,,1985-01-14 00:00:00,미부착,,개방 가능,공공누리 1유형,,,O,,,,,단순 정보,
2384,철도산업정보센터,HOME > 철도역사관 > 철도통합연표,철도통합연표,경원선 석계역 개통,,1985-01-14 00:00:00,미부착,,개방 가능,공공누리 1유형,,,O,,,,,단순 정보,
2385,철도산업정보센터,HOME > 철도역사관 > 철도통합연표,철도통합연표,을종승차권 대매소로 지정,,1985-01-15 00:00:00,미부착,,개방 가능,공공누리 1유형,,,O,,,,,단순 정보,
2386,철도산업정보센터,HOME > 철도역사관 > 철도통합연표,철도통합연표,여객취급 개시(승차권발매),,1985-02-11 00:00:00,미부착,,개방 가능,공공누리 1유형,,,O,,,,,단순 정보,
2387,철도산업정보센터,HOME > 철도역사관 > 철도통합연표,철도통합연표,역사신축 착공,,1985-03-04 00:00:00,미부착,,개방 가능,공공누리 1유형,,,O,,,,,단순 정보,
2388,철도산업정보센터,HOME > 철도역사관 > 철도통합연표,철도통합연표,사무관역으로 승격,,1985-03-11 00:00:00,미부착,,개방 가능,공공누리 1유형,,,O,,,,,단순 정보,
2389,철도산업정보센터,HOME > 철도역사관 > 철도통합연표,철도통합연표,화물취급 개시,,1985-03-13 00:00:00,미부착,,개방 가능,공공누리 1유형,,,O,,,,,단순 정보,
2390,철도산업정보센터,HOME > 철도역사관 > 철도통합연표,철도통합연표,전 선 여객영업 중지.,,1985-04-01 00:00:00,미부착,,개방 가능,공공누리 1유형,,,O,,,,,단순 정보,
2391,철도산업정보센터,HOME > 철도역사관 > 철도통합연표,철도통합연표,여객취급중지,,1985-04-01 00:00:00,미부착,,개방 가능,공공누리 1유형,,,O,,,,,단순 정보,
2392,철도산업정보센터,HOME > 철도역사관 > 철도통합연표,철도통합연표,여객취급중지,,1985-04-01 00:00:00,미부착,,개방 가능,공공누리 1유형,,,O,,,,,단순 정보,
2393,철도산업정보센터,HOME > 철도역사관 > 철도통합연표,철도통합연표,"여객, 소화물 취급 중지",,1985-04-01 00:00:00,미부착,,개방 가능,공공누리 1유형,,,O,,,,,단순 정보,
2394,철도산업정보센터,HOME > 철도역사관 > 철도통합연표,철도통합연표,여객취급중지,,1985-04-01 00:00:00,미부착,,개방 가능,공공누리 1유형,,,O,,,,,단순 정보,
2395,철도산업정보센터,HOME > 철도역사관 > 철도통합연표,철도통합연표,여객취급 중지,,1985-04-01 00:00:00,미부착,,개방 가능,공공누리 1유형,,,O,,,,,단순 정보,
2396,철도산업정보센터,HOME > 철도역사관 > 철도통합연표,철도통합연표,"여객, 소화물취급 중지",,1985-04-01 00:00:00,미부착,,개방 가능,공공누리 1유형,,,O,,,,,단순 정보,
2397,철도산업정보센터,HOME > 철도역사관 > 철도통합연표,철도통합연표,무배치간이역으로 격하,,1985-04-08 00:00:00,미부착,,개방 가능,공공누리 1유형,,,O,,,,,단순 정보,
2398,철도산업정보센터,HOME > 철도역사관 > 철도통합연표,철도통합연표,배치간이역으로 격하,,1985-04-08 00:00:00,미부착,,개방 가능,공공누리 1유형,,,O,,,,,단순 정보,
2399,철도산업정보센터,HOME > 철도역사관 > 철도통합연표,철도통합연표,상계 - 한성대입구 1차 개통,,1985-04-20 00:00:00,미부착,,개방 가능,공공누리 1유형,,,O,,,,,단순 정보,
2400,철도산업정보센터,HOME > 철도역사관 > 철도통합연표,철도통합연표,무배치 신호소로 격하,,1985-04-27 00:00:00,미부착,,개방 가능,공공누리 1유형,,,O,,,,,단순 정보,
2401,철도산업정보센터,HOME > 철도역사관 > 철도통합연표,철도통합연표,보통역으로 영업개시(구단양역),,1985-05-01 00:00:00,미부착,,개방 가능,공공누리 1유형,,,O,,,,,단순 정보,
2402,철도산업정보센터,HOME > 철도역사관 > 철도통합연표,철도통합연표,역이설,,1985-05-01 00:00:00,미부착,,개방 가능,공공누리 1유형,,,O,,,,,단순 정보,
2403,철도산업정보센터,HOME > 철도역사관 > 철도통합연표,철도통합연표,역사 신축 착공,,1985-05-08 00:00:00,미부착,,개방 가능,공공누리 1유형,,,O,,,,,단순 정보,
2404,철도산업정보센터,HOME > 철도역사관 > 철도통합연표,철도통합연표,삼랑진역으로 통합,,1985-06-01 00:00:00,미부착,,개방 가능,공공누리 1유형,,,O,,,,,단순 정보,
2405,철도산업정보센터,HOME > 철도역사관 > 철도통합연표,철도통합연표,무연탄취급역지정,,1985-06-01 00:00:00,미부착,,개방 가능,공공누리 1유형,,,O,,,,,단순 정보,
2406,철도산업정보센터,HOME > 철도역사관 > 철도통합연표,철도통합연표,"북영천, 송포신호장 통합 관리",,1985-06-01 00:00:00,미부착,,개방 가능,공공누리 1유형,,,O,,,,,단순 정보,
2407,철도산업정보센터,HOME > 철도역사관 > 철도통합연표,철도통합연표,아세아시멘트 전용선 영업개시,,1985-06-20 00:00:00,미부착,,개방 가능,공공누리 1유형,,,O,,,,,단순 정보,
2408,철도산업정보센터,HOME > 철도역사관 > 철도통합연표,철도통합연표,운전간이역으로 격하,,1985-07-01 00:00:00,미부착,,개방 가능,공공누리 1유형,,,O,,,,,단순 정보,
2409,철도산업정보센터,HOME > 철도역사관 > 철도통합연표,철도통합연표,무배치간이역으로 격하 및 을종승차권 대매소로 지정,,1985-07-01 00:00:00,미부착,,개방 가능,공공누리 1유형,,,O,,,,,단순 정보,
2410,철도산업정보센터,HOME > 철도역사관 > 철도통합연표,철도통합연표,배치간이역으로 격하,,1985-07-01 00:00:00,미부착,,개방 가능,공공누리 1유형,,,O,,,,,단순 정보,
2411,철도산업정보센터,HOME > 철도역사관 > 철도통합연표,철도통합연표,무배치간이역으로 격하,,1985-07-01 00:00:00,미부착,,개방 가능,공공누리 1유형,,,O,,,,,단순 정보,
2412,철도산업정보센터,HOME > 철도역사관 > 철도통합연표,철도통합연표,보통역에서 운전간이역으로 격하,,1985-07-01 00:00:00,미부착,,개방 가능,공공누리 1유형,,,O,,,,,단순 정보,
2413,철도산업정보센터,HOME > 철도역사관 > 철도통합연표,철도통합연표,무인승강장으로 변경,,1985-07-01 00:00:00,미부착,,개방 가능,공공누리 1유형,,,O,,,,,단순 정보,
2414,철도산업정보센터,HOME > 철도역사관 > 철도통합연표,철도통합연표,보통역에서 배치간이역으로 격하,,1985-07-01 00:00:00,미부착,,개방 가능,공공누리 1유형,,,O,,,,,단순 정보,
2415,철도산업정보센터,HOME > 철도역사관 > 철도통합연표,철도통합연표,"구파발역-독립문역(8.0km, 7개 역) 개통.",,1985-07-12 00:00:00,미부착,,개방 가능,공공누리 1유형,,,O,,,,,단순 정보,
2416,철도산업정보센터,HOME > 철도역사관 > 철도통합연표,철도통합연표,역사준공,,1985-07-12 00:00:00,미부착,,개방 가능,공공누리 1유형,,,O,,,,,단순 정보,
2417,철도산업정보센터,HOME > 철도역사관 > 철도통합연표,철도통합연표,범어사 - 범내골 구간 개통,,1985-07-19 00:00:00,미부착,,개방 가능,공공누리 1유형,,,O,,,,,단순 정보,
2418,철도산업정보센터,HOME > 철도역사관 > 철도통합연표,철도통합연표,1단계구간 개통(노포동~범내골 16.2㎞),,1985-07-19 00:00:00,미부착,,개방 가능,공공누리 1유형,,,O,,,,,단순 정보,
2419,철도산업정보센터,HOME > 철도역사관 > 철도통합연표,철도통합연표,신호소로 개역,,1985-07-19 00:00:00,미부착,,개방 가능,공공누리 1유형,,,O,,,,,단순 정보,
2420,철도산업정보센터,HOME > 철도역사관 > 철도통합연표,철도통합연표,배치간이역으로 영업개시,,1985-07-22 00:00:00,미부착,,개방 가능,공공누리 1유형,,,O,,,,,단순 정보,
2421,철도산업정보센터,HOME > 철도역사관 > 철도통합연표,철도통합연표,운전간이역으로 영업개시,,1985-07-22 00:00:00,미부착,,개방 가능,공공누리 1유형,,,O,,,,,단순 정보,
2422,철도산업정보센터,HOME > 철도역사관 > 철도통합연표,철도통합연표,"역사이전과 동시에 무안역으로 역명개정, 보통역으로 승격, 화물취급개시",,1985-08-12 00:00:00,미부착,,개방 가능,공공누리 1유형,,,O,,,,,단순 정보,
2423,철도산업정보센터,HOME > 철도역사관 > 철도통합연표,철도통합연표,성북~창동 전철화,,1985-08-22 00:00:00,미부착,,개방 가능,공공누리 1유형,,,O,,,,,단순 정보,
2424,철도산업정보센터,HOME > 철도역사관 > 철도통합연표,철도통합연표,경원선 월계역 개통,,1985-08-22 00:00:00,미부착,,개방 가능,공공누리 1유형,,,O,,,,,단순 정보,
2425,철도산업정보센터,HOME > 철도역사관 > 철도통합연표,철도통합연표,경원선 녹천역 개통,,1985-08-22 00:00:00,미부착,,개방 가능,공공누리 1유형,,,O,,,,,단순 정보,
2426,철도산업정보센터,HOME > 철도역사관 > 철도통합연표,철도통합연표,현재의 역사 준공.,,1985-09-22 00:00:00,미부착,,개방 가능,공공누리 1유형,,,O,,,,,단순 정보,
2427,철도산업정보센터,HOME > 철도역사관 > 철도통합연표,철도통합연표,한성대입구 - 사당 2차 개통으로 전구간 개통,,1985-10-00,미부착,,개방 가능,공공누리 1유형,,,O,,,,,단순 정보,
2428,철도산업정보센터,HOME > 철도역사관 > 철도통합연표,철도통합연표,도고 임시승강장으로 영업개시,,1985-10-10 00:00:00,미부착,,개방 가능,공공누리 1유형,,,O,,,,,단순 정보,
2429,철도산업정보센터,HOME > 철도역사관 > 철도통합연표,철도통합연표,을종승차권대매소 폐지,,1985-10-10 00:00:00,미부착,,개방 가능,공공누리 1유형,,,O,,,,,단순 정보,
2430,철도산업정보센터,HOME > 철도역사관 > 철도통합연표,철도통합연표,역사철거,,1985-10-15 00:00:00,미부착,,개방 가능,공공누리 1유형,,,O,,,,,단순 정보,
2431,철도산업정보센터,HOME > 철도역사관 > 철도통합연표,철도통합연표,옥수역 개역 및 영업 개시,,1985-10-18 00:00:00,미부착,,개방 가능,공공누리 1유형,,,O,,,,,단순 정보,
2432,철도산업정보센터,HOME > 철도역사관 > 철도통합연표,철도통합연표,"독립문역-양재역(18.2km, 16개 역) 개통",,1985-10-18 00:00:00,미부착,,개방 가능,공공누리 1유형,,,O,,,,,단순 정보,
2433,철도산업정보센터,HOME > 철도역사관 > 철도통합연표,철도통합연표,3호선 전구간 개통,,1985-10-18 00:00:00,미부착,,개방 가능,공공누리 1유형,,,O,,,,,단순 정보,
2434,철도산업정보센터,HOME > 철도역사관 > 철도통합연표,철도통합연표,4호선 전구간 개통,,1985-10-18 00:00:00,미부착,,개방 가능,공공누리 1유형,,,O,,,,,단순 정보,
2435,철도산업정보센터,HOME > 철도역사관 > 철도통합연표,철도통합연표,배치간이역으로 영업개시,,1985-10-18 00:00:00,미부착,,개방 가능,공공누리 1유형,,,O,,,,,단순 정보,
2436,철도산업정보센터,HOME > 철도역사관 > 철도통합연표,철도통합연표,옥수역 개통,,1985-10-18 00:00:00,미부착,,개방 가능,공공누리 1유형,,,O,,,,,단순 정보,
2437,철도산업정보센터,HOME > 철도역사관 > 철도통합연표,철도통합연표,경원선 옥수역 개통,,1985-10-18 00:00:00,미부착,,개방 가능,공공누리 1유형,,,O,,,,,단순 정보,
2438,철도산업정보센터,HOME > 철도역사관 > 철도통합연표,철도통합연표,군 전용선 유치,,1985-10-30 00:00:00,미부착,,개방 가능,공공누리 1유형,,,O,,,,,단순 정보,
2439,철도산업정보센터,HOME > 철도역사관 > 철도통합연표,철도통합연표,화물취급 개시,,1985-11-01 00:00:00,미부착,,개방 가능,공공누리 1유형,,,O,,,,,단순 정보,
2440,철도산업정보센터,HOME > 철도역사관 > 철도통합연표,철도통합연표,화물취급 중지,,1985-11-01 00:00:00,미부착,,개방 가능,공공누리 1유형,,,O,,,,,단순 정보,
2441,철도산업정보센터,HOME > 철도역사관 > 철도통합연표,철도통합연표,호남선(익산 ~ 정읍) 복선 개통,,1985-11-15 00:00:00,미부착,,개방 가능,공공누리 1유형,,,O,,,,,단순 정보,
2442,철도산업정보센터,HOME > 철도역사관 > 철도통합연표,철도통합연표,무배치간이역으로 격하,,1985-11-16 00:00:00,미부착,,개방 가능,공공누리 1유형,,,O,,,,,단순 정보,
2443,철도산업정보센터,HOME > 철도역사관 > 철도통합연표,철도통합연표,현재의 역사 준공,,1985-11-16 00:00:00,미부착,,개방 가능,공공누리 1유형,,,O,,,,,단순 정보,
2444,철도산업정보센터,HOME > 철도역사관 > 철도통합연표,철도통합연표,운전간이역으로 격하,,1985-11-16 00:00:00,미부착,,개방 가능,공공누리 1유형,,,O,,,,,단순 정보,
2445,철도산업정보센터,HOME > 철도역사관 > 철도통합연표,철도통합연표,"배치간이역으로 격하, 역사 준공",,1985-11-16 00:00:00,미부착,,개방 가능,공공누리 1유형,,,O,,,,,단순 정보,
2446,철도산업정보센터,HOME > 철도역사관 > 철도통합연표,철도통합연표,보통역으로 승격,,1985-11-25 00:00:00,미부착,,개방 가능,공공누리 1유형,,,O,,,,,단순 정보,
2447,철도산업정보센터,HOME > 철도역사관 > 철도통합연표,철도통합연표,현재의 역사 준공,,1985-12-17 00:00:00,미부착,,개방 가능,공공누리 1유형,,,O,,,,,단순 정보,
2448,철도산업정보센터,HOME > 철도역사관 > 철도통합연표,철도통합연표,역사 증축,,1985-12-21 00:00:00,미부착,,개방 가능,공공누리 1유형,,,O,,,,,단순 정보,
2449,철도산업정보센터,HOME > 철도역사관 > 철도통합연표,철도통합연표,경원선 복선전철화로 역사신축.,,1985-12-22 00:00:00,미부착,,개방 가능,공공누리 1유형,,,O,,,,,단순 정보,
2450,철도산업정보센터,HOME > 철도역사관 > 철도통합연표,철도통합연표,"현재의 역사준공과 동시에 보통역으로 승격, 여천역으로 역명변경",,1985-12-26 00:00:00,미부착,,개방 가능,공공누리 1유형,,,O,,,,,단순 정보,
2451,철도산업정보센터,HOME > 철도역사관 > 철도통합연표,철도통합연표,현재의 역사 준공.,,1985-12-30 00:00:00,미부착,,개방 가능,공공누리 1유형,,,O,,,,,단순 정보,
2452,철도산업정보센터,HOME > 철도역사관 > 철도통합연표,철도통합연표,현재의 역사준공.,,1985-12-30 00:00:00,미부착,,개방 가능,공공누리 1유형,,,O,,,,,단순 정보,
2453,철도산업정보센터,HOME > 철도역사관 > 철도통합연표,철도통합연표,여객취급 중단,,1986-00-00,미부착,,개방 가능,공공누리 1유형,,,O,,,,,단순 정보,
2454,철도산업정보센터,HOME > 철도역사관 > 철도통합연표,철도통합연표,현재역사 준공,,1986-00-00,미부착,,개방 가능,공공누리 1유형,,,O,,,,,단순 정보,
2455,철도산업정보센터,HOME > 철도역사관 > 철도통합연표,철도통합연표,여객취급 중지,,1986-00-00,미부착,,개방 가능,공공누리 1유형,,,O,,,,,단순 정보,
2456,철도산업정보센터,HOME > 철도역사관 > 철도통합연표,철도통합연표,화순선 폐선으로 폐역,,1986-01-01 00:00:00,미부착,,개방 가능,공공누리 1유형,,,O,,,,,단순 정보,
2457,철도산업정보센터,HOME > 철도역사관 > 철도통합연표,철도통합연표,소화물 취급 중지,,1986-01-07 00:00:00,미부착,,개방 가능,공공누리 1유형,,,O,,,,,단순 정보,
2458,철도산업정보센터,HOME > 철도역사관 > 철도통합연표,철도통합연표,무연탄화물취급역지정,,1986-01-15 00:00:00,미부착,,개방 가능,공공누리 1유형,,,O,,,,,단순 정보,
2459,철도산업정보센터,HOME > 철도역사관 > 철도통합연표,철도통합연표,무연탄화물(수입탄한)도착취급역지정,,1986-01-15 00:00:00,미부착,,개방 가능,공공누리 1유형,,,O,,,,,단순 정보,
2460,철도산업정보센터,HOME > 철도역사관 > 철도통합연표,철도통합연표,현재의 역사준공,,1986-01-16 00:00:00,미부착,,개방 가능,공공누리 1유형,,,O,,,,,단순 정보,
2461,철도산업정보센터,HOME > 철도역사관 > 철도통합연표,철도통합연표,역원배치 신호장으로 변경,,1986-01-25 00:00:00,미부착,,개방 가능,공공누리 1유형,,,O,,,,,단순 정보,
2462,철도산업정보센터,HOME > 철도역사관 > 철도통합연표,철도통합연표,화물 취급 개시(전용선 착발 양회화물 한),,1986-02-01 00:00:00,미부착,,개방 가능,공공누리 1유형,,,O,,,,,단순 정보,
2463,철도산업정보센터,HOME > 철도역사관 > 철도통합연표,철도통합연표,역사 준공,,1986-03-10 00:00:00,미부착,,개방 가능,공공누리 1유형,,,O,,,,,단순 정보,
2464,철도산업정보센터,HOME > 철도역사관 > 철도통합연표,철도통합연표,화물취급 개시,,1986-03-20 00:00:00,미부착,,개방 가능,공공누리 1유형,,,O,,,,,단순 정보,
2465,철도산업정보센터,HOME > 철도역사관 > 철도통합연표,철도통합연표,무연탄도착화물(수입무연탄한)취급역지정,,1986-04-15 00:00:00,미부착,,개방 가능,공공누리 1유형,,,O,,,,,단순 정보,
2466,철도산업정보센터,HOME > 철도역사관 > 철도통합연표,철도통합연표,역명변경(통제부→통해),,1986-04-21 00:00:00,미부착,,개방 가능,공공누리 1유형,,,O,,,,,단순 정보,
2467,철도산업정보센터,HOME > 철도역사관 > 철도통합연표,철도통합연표,"통제부역, 통해역으로 개명.",,1986-04-21 00:00:00,미부착,,개방 가능,공공누리 1유형,,,O,,,,,단순 정보,
2468,철도산업정보센터,HOME > 철도역사관 > 철도통합연표,철도통합연표,역사 신축 착공,,1986-06-07 00:00:00,미부착,,개방 가능,공공누리 1유형,,,O,,,,,단순 정보,
2469,철도산업정보센터,HOME > 철도역사관 > 철도통합연표,철도통합연표,최신 유선형 새마을호(서울～부산) 2왕복 운행,,1986-07-12 00:00:00,미부착,,개방 가능,공공누리 1유형,,,O,,,,,단순 정보,
2470,철도산업정보센터,HOME > 철도역사관 > 철도통합연표,철도통합연표,현재의 역사 준공,,1986-07-14 00:00:00,미부착,,개방 가능,공공누리 1유형,,,O,,,,,단순 정보,
2471,철도산업정보센터,HOME > 철도역사관 > 철도통합연표,철도통합연표,컨테이너 양회기지 준공,,1986-08-11 00:00:00,미부착,,개방 가능,공공누리 1유형,,,O,,,,,단순 정보,
2472,철도산업정보센터,HOME > 철도역사관 > 철도통합연표,철도통합연표,4급역으로 승격,,1986-09-01 00:00:00,미부착,,개방 가능,공공누리 1유형,,,O,,,,,단순 정보,
2473,철도산업정보센터,HOME > 철도역사관 > 철도통합연표,철도통합연표,역사 신축 착공,,1986-09-01 00:00:00,미부착,,개방 가능,공공누리 1유형,,,O,,,,,단순 정보,
2474,철도산업정보센터,HOME > 철도역사관 > 철도통합연표,철도통합연표,창동~의정부 전철화,,1986-09-02 00:00:00,미부착,,개방 가능,공공누리 1유형,,,O,,,,,단순 정보,
2475,철도산업정보센터,HOME > 철도역사관 > 철도통합연표,철도통합연표,경원선(성북 ~ 의정부) 복선 전철 개통,,1986-09-02 00:00:00,미부착,,개방 가능,공공누리 1유형,,,O,,,,,단순 정보,
2476,철도산업정보센터,HOME > 철도역사관 > 철도통합연표,철도통합연표,경원선 창동-의정부 간 6개 역 개통→경원선 광역 전철화 연장,,1986-09-02 00:00:00,미부착,,개방 가능,공공누리 1유형,,,O,,,,,단순 정보,
2477,철도산업정보센터,HOME > 철도역사관 > 철도통합연표,철도통합연표,보통역으로 영업개시,,1986-09-02 00:00:00,미부착,,개방 가능,공공누리 1유형,,,O,,,,,단순 정보,
2478,철도산업정보센터,HOME > 철도역사관 > 철도통합연표,철도통합연표,배치간이역으로 영업개시,,1986-09-02 00:00:00,미부착,,개방 가능,공공누리 1유형,,,O,,,,,단순 정보,
2479,철도산업정보센터,HOME > 철도역사관 > 철도통합연표,철도통합연표,수도권 전철 개통으로 역이설,,1986-09-02 00:00:00,미부착,,개방 가능,공공누리 1유형,,,O,,,,,단순 정보,
2480,철도산업정보센터,HOME > 철도역사관 > 철도통합연표,철도통합연표,역사개축 준공,,1986-09-13 00:00:00,미부착,,개방 가능,공공누리 1유형,,,O,,,,,단순 정보,
2481,철도산업정보센터,HOME > 철도역사관 > 철도통합연표,철도통합연표,현재의 역사준공,,1986-09-21 00:00:00,미부착,,개방 가능,공공누리 1유형,,,O,,,,,단순 정보,
2482,철도산업정보센터,HOME > 철도역사관 > 철도통합연표,철도통합연표,현재의 역사준공.,,1986-09-21 00:00:00,미부착,,개방 가능,공공누리 1유형,,,O,,,,,단순 정보,
2483,철도산업정보센터,HOME > 철도역사관 > 철도통합연표,철도통합연표,현재의 역사 준공,,1986-09-30 00:00:00,미부착,,개방 가능,공공누리 1유형,,,O,,,,,단순 정보,
2484,철도산업정보센터,HOME > 철도역사관 > 철도통합연표,철도통합연표,역사준공,,1986-09-30 00:00:00,미부착,,개방 가능,공공누리 1유형,,,O,,,,,단순 정보,
2485,철도산업정보센터,HOME > 철도역사관 > 철도통합연표,철도통합연표,역무자동화설비(MS) 개통(수도권전철 52개역),,1986-10-01 00:00:00,미부착,,개방 가능,공공누리 1유형,,,O,,,,,단순 정보,
2486,철도산업정보센터,HOME > 철도역사관 > 철도통합연표,철도통합연표,무배치간이역으로 격하.,,1986-10-16 00:00:00,미부착,,개방 가능,공공누리 1유형,,,O,,,,,단순 정보,
2487,철도산업정보센터,HOME > 철도역사관 > 철도통합연표,철도통합연표,무배치간이역으로 격하,,1986-10-16 00:00:00,미부착,,개방 가능,공공누리 1유형,,,O,,,,,단순 정보,
2488,철도산업정보센터,HOME > 철도역사관 > 철도통합연표,철도통합연표,보통역으로 승격,,1986-10-16 00:00:00,미부착,,개방 가능,공공누리 1유형,,,O,,,,,단순 정보,
2489,철도산업정보센터,HOME > 철도역사관 > 철도통합연표,철도통합연표,제1종 기계연동장치 사용개시,,1986-10-25 00:00:00,미부착,,개방 가능,공공누리 1유형,,,O,,,,,단순 정보,
2490,철도산업정보센터,HOME > 철도역사관 > 철도통합연표,철도통합연표,역사증개축,,1986-11-15 00:00:00,미부착,,개방 가능,공공누리 1유형,,,O,,,,,단순 정보,
2491,철도산업정보센터,HOME > 철도역사관 > 철도통합연표,철도통합연표,역사 준공.,,1986-12-08 00:00:00,미부착,,개방 가능,공공누리 1유형,,,O,,,,,단순 정보,
2492,철도산업정보센터,HOME > 철도역사관 > 철도통합연표,철도통합연표,사무관역 승격,,1986-12-15 00:00:00,미부착,,개방 가능,공공누리 1유형,,,O,,,,,단순 정보,
2493,철도산업정보센터,HOME > 철도역사관 > 철도통합연표,철도통합연표,역사준공,,1986-12-17 00:00:00,미부착,,개방 가능,공공누리 1유형,,,O,,,,,단순 정보,
2494,철도산업정보센터,HOME > 철도역사관 > 철도통합연표,철도통합연표,노포동역 개통,,1986-12-19 00:00:00,미부착,,개방 가능,공공누리 1유형,,,O,,,,,단순 정보,
2495,철도산업정보센터,HOME > 철도역사관 > 철도통합연표,철도통합연표,선상역사 증축,,1986-12-19 00:00:00,미부착,,개방 가능,공공누리 1유형,,,O,,,,,단순 정보,
2496,철도산업정보센터,HOME > 철도역사관 > 철도통합연표,철도통합연표,5급역으로 승격,,1986-12-20 00:00:00,미부착,,개방 가능,공공누리 1유형,,,O,,,,,단순 정보,
2497,철도산업정보센터,HOME > 철도역사관 > 철도통합연표,철도통합연표,6급역으로 격하,,1986-12-20 00:00:00,미부착,,개방 가능,공공누리 1유형,,,O,,,,,단순 정보,
2498,철도산업정보센터,HOME > 철도역사관 > 철도통합연표,철도통합연표,역사준공,,1986-12-24 00:00:00,미부착,,개방 가능,공공누리 1유형,,,O,,,,,단순 정보,
2499,철도산업정보센터,HOME > 철도역사관 > 철도통합연표,철도통합연표,현재의 역사준공.,,1986-12-24 00:00:00,미부착,,개방 가능,공공누리 1유형,,,O,,,,,단순 정보,
2500,철도산업정보센터,HOME > 철도역사관 > 철도통합연표,철도통합연표,"구내확장(상선 3개선, 하선 8개선)",,1986-12-27 00:00:00,미부착,,개방 가능,공공누리 1유형,,,O,,,,,단순 정보,
2501,철도산업정보센터,HOME > 철도역사관 > 철도통합연표,철도통합연표,역사 이전 신축,,1986-12-30 00:00:00,미부착,,개방 가능,공공누리 1유형,,,O,,,,,단순 정보,
2502,철도산업정보센터,HOME > 철도역사관 > 철도통합연표,철도통합연표,정주(정읍)-장성 간 1987년 복선화 완공,,1987-00-00,미부착,,개방 가능,공공누리 1유형,,,O,,,,,단순 정보,
2503,철도산업정보센터,HOME > 철도역사관 > 철도통합연표,철도통합연표,무배치간이역으로 격하,,1987-01-01 00:00:00,미부착,,개방 가능,공공누리 1유형,,,O,,,,,단순 정보,
2504,철도산업정보센터,HOME > 철도역사관 > 철도통합연표,철도통합연표,무연탄화물(수입무연탄한)도착취급역지정,,1987-02-20 00:00:00,미부착,,개방 가능,공공누리 1유형,,,O,,,,,단순 정보,
2505,철도산업정보센터,HOME > 철도역사관 > 철도통합연표,철도통합연표,서기관역으로 승격,,1987-04-01 00:00:00,미부착,,개방 가능,공공누리 1유형,,,O,,,,,단순 정보,
2506,철도산업정보센터,HOME > 철도역사관 > 철도통합연표,철도통합연표,역명개정(용안→용동),,1987-04-01 00:00:00,미부착,,개방 가능,공공누리 1유형,,,O,,,,,단순 정보,
2507,철도산업정보센터,HOME > 철도역사관 > 철도통합연표,철도통합연표,무배치간이역으로 격하,,1987-04-30 00:00:00,미부착,,개방 가능,공공누리 1유형,,,O,,,,,단순 정보,
2508,철도산업정보센터,HOME > 철도역사관 > 철도통합연표,철도통합연표,동양시멘트 레미콘기지 준공,,1987-05-08 00:00:00,미부착,,개방 가능,공공누리 1유형,,,O,,,,,단순 정보,
2509,철도산업정보센터,HOME > 철도역사관 > 철도통합연표,철도통합연표,범내골 - 중앙동 5.4km구간 개통,,1987-05-15 00:00:00,미부착,,개방 가능,공공누리 1유형,,,O,,,,,단순 정보,
2510,철도산업정보센터,HOME > 철도역사관 > 철도통합연표,철도통합연표,2단계구간 개통(범내골~중앙동 5.4㎞),,1987-05-15 00:00:00,미부착,,개방 가능,공공누리 1유형,,,O,,,,,단순 정보,
2511,철도산업정보센터,HOME > 철도역사관 > 철도통합연표,철도통합연표,무배치간이역으로 격하,,1987-06-01 00:00:00,미부착,,개방 가능,공공누리 1유형,,,O,,,,,단순 정보,
2512,철도산업정보센터,HOME > 철도역사관 > 철도통합연표,철도통합연표,역사 증축,,1987-06-18 00:00:00,미부착,,개방 가능,공공누리 1유형,,,O,,,,,단순 정보,
2513,철도산업정보센터,HOME > 철도역사관 > 철도통합연표,철도통합연표,호남선 복선화로 역사이전신축,,1987-06-18 00:00:00,미부착,,개방 가능,공공누리 1유형,,,O,,,,,단순 정보,
2514,철도산업정보센터,HOME > 철도역사관 > 철도통합연표,철도통합연표,천안역 관리로 지정,,1987-07-01 00:00:00,미부착,,개방 가능,공공누리 1유형,,,O,,,,,단순 정보,
2515,철도산업정보센터,HOME > 철도역사관 > 철도통합연표,철도통합연표,을종대매소로 지정,,1987-07-01 00:00:00,미부착,,개방 가능,공공누리 1유형,,,O,,,,,단순 정보,
2516,철도산업정보센터,HOME > 철도역사관 > 철도통합연표,철도통합연표,전후동력형 새마을호(서울-부산)운행,,1987-07-06 00:00:00,미부착,,개방 가능,공공누리 1유형,,,O,,,,,단순 정보,
2517,철도산업정보센터,HOME > 철도역사관 > 철도통합연표,철도통합연표,현재의 역사 준공.,,1987-07-09 00:00:00,미부착,,개방 가능,공공누리 1유형,,,O,,,,,단순 정보,
2518,철도산업정보센터,HOME > 철도역사관 > 철도통합연표,철도통합연표,무배치간이역으로 격하,,1987-07-10 00:00:00,미부착,,개방 가능,공공누리 1유형,,,O,,,,,단순 정보,
2519,철도산업정보센터,HOME > 철도역사관 > 철도통합연표,철도통합연표,역사준공,,1987-08-07 00:00:00,미부착,,개방 가능,공공누리 1유형,,,O,,,,,단순 정보,
2520,철도산업정보센터,HOME > 철도역사관 > 철도통합연표,철도통합연표,무연탄한 취급.(전용선 발송),,1987-08-10 00:00:00,미부착,,개방 가능,공공누리 1유형,,,O,,,,,단순 정보,
2521,철도산업정보센터,HOME > 철도역사관 > 철도통합연표,철도통합연표,현재역사로 역무이전,,1987-08-27 00:00:00,미부착,,개방 가능,공공누리 1유형,,,O,,,,,단순 정보,
2522,철도산업정보센터,HOME > 철도역사관 > 철도통합연표,철도통합연표,민자역사 착공,,1987-09-01 00:00:00,미부착,,개방 가능,공공누리 1유형,,,O,,,,,단순 정보,
2523,철도산업정보센터,HOME > 철도역사관 > 철도통합연표,철도통합연표,현재의 역사준공.,,1987-09-01 00:00:00,미부착,,개방 가능,공공누리 1유형,,,O,,,,,단순 정보,
2524,철도산업정보센터,HOME > 철도역사관 > 철도통합연표,철도통합연표,육군전용선 신설,,1987-09-01 00:00:00,미부착,,개방 가능,공공누리 1유형,,,O,,,,,단순 정보,
2525,철도산업정보센터,HOME > 철도역사관 > 철도통합연표,철도통합연표,호남선 복선화로 역사이전,,1987-09-01 00:00:00,미부착,,개방 가능,공공누리 1유형,,,O,,,,,단순 정보,
2526,철도산업정보센터,HOME > 철도역사관 > 철도통합연표,철도통합연표,광양제철선 광양~태금간 19.0km 구간 완공.,,1987-09-16 00:00:00,미부착,,개방 가능,공공누리 1유형,,,O,,,,,단순 정보,
2527,철도산업정보센터,HOME > 철도역사관 > 철도통합연표,철도통합연표,현재의 역사준공.,,1987-09-18 00:00:00,미부착,,개방 가능,공공누리 1유형,,,O,,,,,단순 정보,
2528,철도산업정보센터,HOME > 철도역사관 > 철도통합연표,철도통합연표,광양제철선을 부설하면서 이곳에서 분기.,,1987-09-18 00:00:00,미부착,,개방 가능,공공누리 1유형,,,O,,,,,단순 정보,
2529,철도산업정보센터,HOME > 철도역사관 > 철도통합연표,철도통합연표,신호장으로 영업개시,,1987-09-21 00:00:00,미부착,,개방 가능,공공누리 1유형,,,O,,,,,단순 정보,
2530,철도산업정보센터,HOME > 철도역사관 > 철도통합연표,철도통합연표,보통역으로 영업개시,,1987-09-21 00:00:00,미부착,,개방 가능,공공누리 1유형,,,O,,,,,단순 정보,
2531,철도산업정보센터,HOME > 철도역사관 > 철도통합연표,철도통합연표,광양제철선(광양-제철소) 개통,,1987-09-22 00:00:00,미부착,,개방 가능,공공누리 1유형,,,O,,,,,단순 정보,
2532,철도산업정보센터,HOME > 철도역사관 > 철도통합연표,철도통합연표,역사 신축 착공,,1987-09-25 00:00:00,미부착,,개방 가능,공공누리 1유형,,,O,,,,,단순 정보,
2533,철도산업정보센터,HOME > 철도역사관 > 철도통합연표,철도통합연표,역사준공 및 의정부북부역으로 영업개시,,1987-10-05 00:00:00,미부착,,개방 가능,공공누리 1유형,,,O,,,,,단순 정보,
2534,철도산업정보센터,HOME > 철도역사관 > 철도통합연표,철도통합연표,의정부북부역 개통,,1987-10-05 00:00:00,미부착,,개방 가능,공공누리 1유형,,,O,,,,,단순 정보,
2535,철도산업정보센터,HOME > 철도역사관 > 철도통합연표,철도통합연표,경원선 의정부북부역 개통(현 가능역),,1987-10-05 00:00:00,미부착,,개방 가능,공공누리 1유형,,,O,,,,,단순 정보,
2536,철도산업정보센터,HOME > 철도역사관 > 철도통합연표,철도통합연표,승차권 전산단말기 설치,,1987-10-07 00:00:00,미부착,,개방 가능,공공누리 1유형,,,O,,,,,단순 정보,
2537,철도산업정보센터,HOME > 철도역사관 > 철도통합연표,철도통합연표,역사신축,,1987-10-10 00:00:00,미부착,,개방 가능,공공누리 1유형,,,O,,,,,단순 정보,
2538,철도산업정보센터,HOME > 철도역사관 > 철도통합연표,철도통합연표,현재의 역사로 이전.,,1987-10-30 00:00:00,미부착,,개방 가능,공공누리 1유형,,,O,,,,,단순 정보,
2539,철도산업정보센터,HOME > 철도역사관 > 철도통합연표,철도통합연표,현재의 역사 준공.,,1987-11-04 00:00:00,미부착,,개방 가능,공공누리 1유형,,,O,,,,,단순 정보,
2540,철도산업정보센터,HOME > 철도역사관 > 철도통합연표,철도통합연표,5급역으로 승격,,1987-11-15 00:00:00,미부착,,개방 가능,공공누리 1유형,,,O,,,,,단순 정보,
2541,철도산업정보센터,HOME > 철도역사관 > 철도통합연표,철도통합연표,현대시멘트 전용선 영업개시,,1987-11-17 00:00:00,미부착,,개방 가능,공공누리 1유형,,,O,,,,,단순 정보,
2542,철도산업정보센터,HOME > 철도역사관 > 철도통합연표,철도통합연표,제 1종 전기연동폐색 시행,,1987-11-20 00:00:00,미부착,,개방 가능,공공누리 1유형,,,O,,,,,단순 정보,
2543,철도산업정보센터,HOME > 철도역사관 > 철도통합연표,철도통합연표,부산교통공단법 제정 공포,,1987-11-28 00:00:00,미부착,,개방 가능,공공누리 1유형,,,O,,,,,단순 정보,
2544,철도산업정보센터,HOME > 철도역사관 > 철도통합연표,철도통합연표,제천역 ~ 구 단양역 구간 29km 전철화,,1987-12-00,미부착,,개방 가능,공공누리 1유형,,,O,,,,,단순 정보,
2545,철도산업정보센터,HOME > 철도역사관 > 철도통합연표,철도통합연표,대통령 선거공약,,1987-12-00,미부착,,개방 가능,공공누리 1유형,,,O,,,,,단순 정보,
2546,철도산업정보센터,HOME > 철도역사관 > 철도통합연표,철도통합연표,전산단말기설치,,1987-12-00,미부착,,개방 가능,공공누리 1유형,,,O,,,,,단순 정보,
2547,철도산업정보센터,HOME > 철도역사관 > 철도통합연표,철도통합연표,무배치간이역으로 격하,,1987-12-04 00:00:00,미부착,,개방 가능,공공누리 1유형,,,O,,,,,단순 정보,
2548,철도산업정보센터,HOME > 철도역사관 > 철도통합연표,철도통합연표,현재의 역사준공,,1987-12-04 00:00:00,미부착,,개방 가능,공공누리 1유형,,,O,,,,,단순 정보,
2549,철도산업정보센터,HOME > 철도역사관 > 철도통합연표,철도통합연표,6급역으로 격하,,1987-12-09 00:00:00,미부착,,개방 가능,공공누리 1유형,,,O,,,,,단순 정보,
2550,철도산업정보센터,HOME > 철도역사관 > 철도통합연표,철도통합연표,현재의 역사 준공.,,1987-12-11 00:00:00,미부착,,개방 가능,공공누리 1유형,,,O,,,,,단순 정보,
2551,철도산업정보센터,HOME > 철도역사관 > 철도통합연표,철도통합연표,현재의 역사신축.,,1987-12-12 00:00:00,미부착,,개방 가능,공공누리 1유형,,,O,,,,,단순 정보,
2552,철도산업정보센터,HOME > 철도역사관 > 철도통합연표,철도통합연표,현역사 준공,,1987-12-14 00:00:00,미부착,,개방 가능,공공누리 1유형,,,O,,,,,단순 정보,
2553,철도산업정보센터,HOME > 철도역사관 > 철도통합연표,철도통합연표,보통역으로 영업개시,,1987-12-15 00:00:00,미부착,,개방 가능,공공누리 1유형,,,O,,,,,단순 정보,
2554,철도산업정보센터,HOME > 철도역사관 > 철도통합연표,철도통합연표,한국프라스틱전용선 폐지,,1987-12-20 00:00:00,미부착,,개방 가능,공공누리 1유형,,,O,,,,,단순 정보,
2555,철도산업정보센터,HOME > 철도역사관 > 철도통합연표,철도통합연표,역사준공,,1987-12-30 00:00:00,미부착,,개방 가능,공공누리 1유형,,,O,,,,,단순 정보,
2556,철도산업정보센터,HOME > 철도역사관 > 철도통합연표,철도통합연표,서울～영주간 반송단국 개통(PCM),,1987-12-31 00:00:00,미부착,,개방 가능,공공누리 1유형,,,O,,,,,단순 정보,
2557,철도산업정보센터,HOME > 철도역사관 > 철도통합연표,철도통합연표,경인선 중동역 개통,,1987-12-31 00:00:00,미부착,,개방 가능,공공누리 1유형,,,O,,,,,단순 정보,
2558,철도산업정보센터,HOME > 철도역사관 > 철도통합연표,철도통합연표,장성-송정리 간 복선화 완공,,1988-00-00,미부착,,개방 가능,공공누리 1유형,,,O,,,,,단순 정보,
2559,철도산업정보센터,HOME > 철도역사관 > 철도통합연표,철도통합연표,현재의 역사준공.,,1988-01-00,미부착,,개방 가능,공공누리 1유형,,,O,,,,,단순 정보,
2560,철도산업정보센터,HOME > 철도역사관 > 철도통합연표,철도통합연표,수소화물 취급 중지,,1988-01-01 00:00:00,미부착,,개방 가능,공공누리 1유형,,,O,,,,,단순 정보,
2561,철도산업정보센터,HOME > 철도역사관 > 철도통합연표,철도통합연표,소화물 취급 중지,,1988-01-01 00:00:00,미부착,,개방 가능,공공누리 1유형,,,O,,,,,단순 정보,
2562,철도산업정보센터,HOME > 철도역사관 > 철도통합연표,철도통합연표,소화물취급 중지,,1988-01-01 00:00:00,미부착,,개방 가능,공공누리 1유형,,,O,,,,,단순 정보,
2563,철도산업정보센터,HOME > 철도역사관 > 철도통합연표,철도통합연표,소화물취급중지,,1988-01-01 00:00:00,미부착,,개방 가능,공공누리 1유형,,,O,,,,,단순 정보,
2564,철도산업정보센터,HOME > 철도역사관 > 철도통합연표,철도통합연표,을종승차권 대매소 취급중지(차내취급),,1988-01-01 00:00:00,미부착,,개방 가능,공공누리 1유형,,,O,,,,,단순 정보,
2565,철도산업정보센터,HOME > 철도역사관 > 철도통합연표,철도통합연표,소화물 취급 중지,,1988-01-01 00:00:00,미부착,,개방 가능,공공누리 1유형,,,O,,,,,단순 정보,
2566,철도산업정보센터,HOME > 철도역사관 > 철도통합연표,철도통합연표,소화물 취급 중지,,1988-01-01 00:00:00,미부착,,개방 가능,공공누리 1유형,,,O,,,,,단순 정보,
2567,철도산업정보센터,HOME > 철도역사관 > 철도통합연표,철도통합연표,누원역을 도봉산역으로 개칭,,1988-01-01 00:00:00,미부착,,개방 가능,공공누리 1유형,,,O,,,,,단순 정보,
2568,철도산업정보센터,HOME > 철도역사관 > 철도통합연표,철도통합연표,경인선 온수역 개통,,1988-01-16 00:00:00,미부착,,개방 가능,공공누리 1유형,,,O,,,,,단순 정보,
2569,철도산업정보센터,HOME > 철도역사관 > 철도통합연표,철도통합연표,역사준공과 동시에 보통역으로 영업개시,,1988-01-20 00:00:00,미부착,,개방 가능,공공누리 1유형,,,O,,,,,단순 정보,
2570,철도산업정보센터,HOME > 철도역사관 > 철도통합연표,철도통합연표,무연탄화물(수입무연탄한)도착취급역지정,,1988-01-20 00:00:00,미부착,,개방 가능,공공누리 1유형,,,O,,,,,단순 정보,
2571,철도산업정보센터,HOME > 철도역사관 > 철도통합연표,철도통합연표,역사 신축준공.,,1988-01-23 00:00:00,미부착,,개방 가능,공공누리 1유형,,,O,,,,,단순 정보,
2572,철도산업정보센터,HOME > 철도역사관 > 철도통합연표,철도통합연표,배치간이역으로 변경,,1988-01-25 00:00:00,미부착,,개방 가능,공공누리 1유형,,,O,,,,,단순 정보,
2573,철도산업정보센터,HOME > 철도역사관 > 철도통합연표,철도통합연표,철도박물관 개관,,1988-01-26 00:00:00,미부착,,개방 가능,공공누리 1유형,,,O,,,,,단순 정보,
2574,철도산업정보센터,HOME > 철도역사관 > 철도통합연표,철도통합연표,현재의 역사 준공 및 시설개량,,1988-02-09 00:00:00,미부착,,개방 가능,공공누리 1유형,,,O,,,,,단순 정보,
2575,철도산업정보센터,HOME > 철도역사관 > 철도통합연표,철도통합연표,현대시멘트 사일로 준공,,1988-02-10 00:00:00,미부착,,개방 가능,공공누리 1유형,,,O,,,,,단순 정보,
2576,철도산업정보센터,HOME > 철도역사관 > 철도통합연표,철도통합연표,임시승강장으로 영업개시,,1988-04-01 00:00:00,미부착,,개방 가능,공공누리 1유형,,,O,,,,,단순 정보,
2577,철도산업정보센터,HOME > 철도역사관 > 철도통합연표,철도통합연표,호남정유전용선 신설 사용개시,,1988-04-01 00:00:00,미부착,,개방 가능,공공누리 1유형,,,O,,,,,단순 정보,
2578,철도산업정보센터,HOME > 철도역사관 > 철도통합연표,철도통합연표,현재의 역사준공.,,1988-04-08 00:00:00,미부착,,개방 가능,공공누리 1유형,,,O,,,,,단순 정보,
2579,철도산업정보센터,HOME > 철도역사관 > 철도통합연표,철도통합연표,을종승차권대매소 중지(차내취급),,1988-04-10 00:00:00,미부착,,개방 가능,공공누리 1유형,,,O,,,,,단순 정보,
2580,철도산업정보센터,HOME > 철도역사관 > 철도통합연표,철도통합연표,서기관역으로 승격,,1988-05-16 00:00:00,미부착,,개방 가능,공공누리 1유형,,,O,,,,,단순 정보,
2581,철도산업정보센터,HOME > 철도역사관 > 철도통합연표,철도통합연표,중앙동 - 토성동 2.6km구간 개통,,1988-05-19 00:00:00,미부착,,개방 가능,공공누리 1유형,,,O,,,,,단순 정보,
2582,철도산업정보센터,HOME > 철도역사관 > 철도통합연표,철도통합연표,역명개정(조성리→조성),,1988-05-21 00:00:00,미부착,,개방 가능,공공누리 1유형,,,O,,,,,단순 정보,
2583,철도산업정보센터,HOME > 철도역사관 > 철도통합연표,철도통합연표,차내취급역으로 지정.,,1988-06-01 00:00:00,미부착,,개방 가능,공공누리 1유형,,,O,,,,,단순 정보,
2584,철도산업정보센터,HOME > 철도역사관 > 철도통합연표,철도통합연표,부산교통공단 창단,,1988-07-01 00:00:00,미부착,,개방 가능,공공누리 1유형,,,O,,,,,단순 정보,
2585,철도산업정보센터,HOME > 철도역사관 > 철도통합연표,철도통합연표,대성연탄 전용선 영업개시,,1988-07-01 00:00:00,미부착,,개방 가능,공공누리 1유형,,,O,,,,,단순 정보,
2586,철도산업정보센터,HOME > 철도역사관 > 철도통합연표,철도통합연표,호남선(장성～송정리) 복선 개통,,1988-07-12 00:00:00,미부착,,개방 가능,공공누리 1유형,,,O,,,,,단순 정보,
2587,철도산업정보센터,HOME > 철도역사관 > 철도통합연표,철도통합연표,신역사준공 이전.,,1988-07-31 00:00:00,미부착,,개방 가능,공공누리 1유형,,,O,,,,,단순 정보,
2588,철도산업정보센터,HOME > 철도역사관 > 철도통합연표,철도통합연표,무연탄화물도착취급역(대성연탄전용선착한)지정,,1988-08-01 00:00:00,미부착,,개방 가능,공공누리 1유형,,,O,,,,,단순 정보,
2589,철도산업정보센터,HOME > 철도역사관 > 철도통합연표,철도통합연표,임시승강장으로 격하,,1988-08-10 00:00:00,미부착,,개방 가능,공공누리 1유형,,,O,,,,,단순 정보,
2590,철도산업정보센터,HOME > 철도역사관 > 철도통합연표,철도통합연표,호남선(장성～송정리) 복선 개통,,1988-09-06 00:00:00,미부착,,개방 가능,공공누리 1유형,,,O,,,,,단순 정보,
2591,철도산업정보센터,HOME > 철도역사관 > 철도통합연표,철도통합연표,현재의 역사준공,,1988-09-06 00:00:00,미부착,,개방 가능,공공누리 1유형,,,O,,,,,단순 정보,
2592,철도산업정보센터,HOME > 철도역사관 > 철도통합연표,철도통합연표,무배치간이역으로 격하,,1988-09-06 00:00:00,미부착,,개방 가능,공공누리 1유형,,,O,,,,,단순 정보,
2593,철도산업정보센터,HOME > 철도역사관 > 철도통합연표,철도통합연표,민자역사 개관,,1988-09-12 00:00:00,미부착,,개방 가능,공공누리 1유형,,,O,,,,,단순 정보,
2594,철도산업정보센터,HOME > 철도역사관 > 철도통합연표,철도통합연표,서울역 민자역사 역무 시설 업무 개시,,1988-09-12 00:00:00,미부착,,개방 가능,공공누리 1유형,,,O,,,,,단순 정보,
2595,철도산업정보센터,HOME > 철도역사관 > 철도통합연표,철도통합연표,현재의 역사 준공.,,1988-10-11 00:00:00,미부착,,개방 가능,공공누리 1유형,,,O,,,,,단순 정보,
2596,철도산업정보센터,HOME > 철도역사관 > 철도통합연표,철도통합연표,"금정역~안산역 구간 개통, 안산-경부 직결선 운행 개시",,1988-10-25 00:00:00,미부착,,개방 가능,공공누리 1유형,,,O,,,,,단순 정보,
2597,철도산업정보센터,HOME > 철도역사관 > 철도통합연표,철도통합연표,안산선(금정-안산) 개통,,1988-10-25 00:00:00,미부착,,개방 가능,공공누리 1유형,,,O,,,,,단순 정보,
2598,철도산업정보센터,HOME > 철도역사관 > 철도통합연표,철도통합연표,안산선 개통에 따라 영업개시,,1988-10-25 00:00:00,미부착,,개방 가능,공공누리 1유형,,,O,,,,,단순 정보,
2599,철도산업정보센터,HOME > 철도역사관 > 철도통합연표,철도통합연표,배치간이역으로 영업개시,,1988-10-25 00:00:00,미부착,,개방 가능,공공누리 1유형,,,O,,,,,단순 정보,
2600,철도산업정보센터,HOME > 철도역사관 > 철도통합연표,철도통합연표,보통역으로 영업개시,,1988-10-25 00:00:00,미부착,,개방 가능,공공누리 1유형,,,O,,,,,단순 정보,
2601,철도산업정보센터,HOME > 철도역사관 > 철도통합연표,철도통합연표,보통역으로 영업개시,,1988-10-25 00:00:00,미부착,,개방 가능,공공누리 1유형,,,O,,,,,단순 정보,
2602,철도산업정보센터,HOME > 철도역사관 > 철도통합연표,철도통합연표,안산선개통으로 한대앞으로 역명변경,,1988-10-25 00:00:00,미부착,,개방 가능,공공누리 1유형,,,O,,,,,단순 정보,
2603,철도산업정보센터,HOME > 철도역사관 > 철도통합연표,철도통합연표,안산역으로 역명변경,,1988-10-25 00:00:00,미부착,,개방 가능,공공누리 1유형,,,O,,,,,단순 정보,
2604,철도산업정보센터,HOME > 철도역사관 > 철도통합연표,철도통합연표,경부선·안산선 금정역 개통→안산선 직결 운행 계통 운행 개시(종착역 청량리역(최대)·안산역),,1988-10-25 00:00:00,미부착,,개방 가능,공공누리 1유형,,,O,,,,,단순 정보,
2605,철도산업정보센터,HOME > 철도역사관 > 철도통합연표,철도통합연표,컨테이너화물에 한하여 화물취급으로 변경,,1988-10-27 00:00:00,미부착,,개방 가능,공공누리 1유형,,,O,,,,,단순 정보,
2606,철도산업정보센터,HOME > 철도역사관 > 철도통합연표,철도통합연표,구 단양역 ~ 영주역 구간 35km 전철화,,1988-12-00,미부착,,개방 가능,공공누리 1유형,,,O,,,,,단순 정보,
2607,철도산업정보센터,HOME > 철도역사관 > 철도통합연표,철도통합연표,역명변경(진죽→청소),,1988-12-01 00:00:00,미부착,,개방 가능,공공누리 1유형,,,O,,,,,단순 정보,
2608,철도산업정보센터,HOME > 철도역사관 > 철도통합연표,철도통합연표,현재의 역사준공,,1988-12-06 00:00:00,미부착,,개방 가능,공공누리 1유형,,,O,,,,,단순 정보,
2609,철도산업정보센터,HOME > 철도역사관 > 철도통합연표,철도통합연표,현재의 역사 준공,,1988-12-08 00:00:00,미부착,,개방 가능,공공누리 1유형,,,O,,,,,단순 정보,
2610,철도산업정보센터,HOME > 철도역사관 > 철도통합연표,철도통합연표,현재의 역사신축,,1988-12-10 00:00:00,미부착,,개방 가능,공공누리 1유형,,,O,,,,,단순 정보,
2611,철도산업정보센터,HOME > 철도역사관 > 철도통합연표,철도통합연표,현재역사 준공.,,1988-12-10 00:00:00,미부착,,개방 가능,공공누리 1유형,,,O,,,,,단순 정보,
2612,철도산업정보센터,HOME > 철도역사관 > 철도통합연표,철도통합연표,현재의 역사준공,,1988-12-12 00:00:00,미부착,,개방 가능,공공누리 1유형,,,O,,,,,단순 정보,
2613,철도산업정보센터,HOME > 철도역사관 > 철도통합연표,철도통합연표,현재의 역사 신축,,1988-12-15 00:00:00,미부착,,개방 가능,공공누리 1유형,,,O,,,,,단순 정보,
2614,철도산업정보센터,HOME > 철도역사관 > 철도통합연표,철도통합연표,운전취급방식을 연동폐색방식으로 변경,,1988-12-20 00:00:00,미부착,,개방 가능,공공누리 1유형,,,O,,,,,단순 정보,
2615,철도산업정보센터,HOME > 철도역사관 > 철도통합연표,철도통합연표,화물취급 중지,,1988-12-21 00:00:00,미부착,,개방 가능,공공누리 1유형,,,O,,,,,단순 정보,
2616,철도산업정보센터,HOME > 철도역사관 > 철도통합연표,철도통합연표,화물취급중지,,1988-12-21 00:00:00,미부착,,개방 가능,공공누리 1유형,,,O,,,,,단순 정보,
2617,철도산업정보센터,HOME > 철도역사관 > 철도통합연표,철도통합연표,중앙선(제천～철암) CTC 전철 개통,,1988-12-23 00:00:00,미부착,,개방 가능,공공누리 1유형,,,O,,,,,단순 정보,
2618,철도산업정보센터,HOME > 철도역사관 > 철도통합연표,철도통합연표,전철개통,,1988-12-23 00:00:00,미부착,,개방 가능,공공누리 1유형,,,O,,,,,단순 정보,
2619,철도산업정보센터,HOME > 철도역사관 > 철도통합연표,철도통합연표,선로 철거로 폐선.,,1989-01-01 00:00:00,미부착,,개방 가능,공공누리 1유형,,,O,,,,,단순 정보,
2620,철도산업정보센터,HOME > 철도역사관 > 철도통합연표,철도통합연표,폐역,,1989-01-01 00:00:00,미부착,,개방 가능,공공누리 1유형,,,O,,,,,단순 정보,
2621,철도산업정보센터,HOME > 철도역사관 > 철도통합연표,철도통합연표,폐역,,1989-01-01 00:00:00,미부착,,개방 가능,공공누리 1유형,,,O,,,,,단순 정보,
2622,철도산업정보센터,HOME > 철도역사관 > 철도통합연표,철도통합연표,폐역,,1989-01-01 00:00:00,미부착,,개방 가능,공공누리 1유형,,,O,,,,,단순 정보,
2623,철도산업정보센터,HOME > 철도역사관 > 철도통합연표,철도통합연표,폐역,,1989-01-01 00:00:00,미부착,,개방 가능,공공누리 1유형,,,O,,,,,단순 정보,
2624,철도산업정보센터,HOME > 철도역사관 > 철도통합연표,철도통합연표,폐역,,1989-01-01 00:00:00,미부착,,개방 가능,공공누리 1유형,,,O,,,,,단순 정보,
2625,철도산업정보센터,HOME > 철도역사관 > 철도통합연표,철도통합연표,폐역,,1989-01-01 00:00:00,미부착,,개방 가능,공공누리 1유형,,,O,,,,,단순 정보,
2626,철도산업정보센터,HOME > 철도역사관 > 철도통합연표,철도통합연표,운전간이역으로 격하,,1989-01-01 00:00:00,미부착,,개방 가능,공공누리 1유형,,,O,,,,,단순 정보,
2627,철도산업정보센터,HOME > 철도역사관 > 철도통합연표,철도통합연표,배치간이역으로 변경,,1989-01-01 00:00:00,미부착,,개방 가능,공공누리 1유형,,,O,,,,,단순 정보,
2628,철도산업정보센터,HOME > 철도역사관 > 철도통합연표,철도통합연표,여객 차내취급,,1989-01-01 00:00:00,미부착,,개방 가능,공공누리 1유형,,,O,,,,,단순 정보,
2629,철도산업정보센터,HOME > 철도역사관 > 철도통합연표,철도통합연표,역사 증축,,1989-01-10 00:00:00,미부착,,개방 가능,공공누리 1유형,,,O,,,,,단순 정보,
2630,철도산업정보센터,HOME > 철도역사관 > 철도통합연표,철도통합연표,컨테이너야드 조성,,1989-01-23 00:00:00,미부착,,개방 가능,공공누리 1유형,,,O,,,,,단순 정보,
2631,철도산업정보센터,HOME > 철도역사관 > 철도통합연표,철도통합연표,보통역으로 승격 및 화물취급 지정,,1989-02-10 00:00:00,미부착,,개방 가능,공공누리 1유형,,,O,,,,,단순 정보,
2632,철도산업정보센터,HOME > 철도역사관 > 철도통합연표,철도통합연표,"화물지선착 유류, 무연탄 및 연탄제조용 석회 취급한 화물취급 지정",,1989-02-22 00:00:00,미부착,,개방 가능,공공누리 1유형,,,O,,,,,단순 정보,
2633,철도산업정보센터,HOME > 철도역사관 > 철도통합연표,철도통합연표,소화물 취급 지정,,1989-03-01 00:00:00,미부착,,개방 가능,공공누리 1유형,,,O,,,,,단순 정보,
2634,철도산업정보센터,HOME > 철도역사관 > 철도통합연표,철도통합연표,"경인2복선전철 1단계 개통(구로-부평간,14.9km)",,1989-03-25 00:00:00,미부착,,개방 가능,공공누리 1유형,,,O,,,,,단순 정보,
2635,철도산업정보센터,HOME > 철도역사관 > 철도통합연표,철도통합연표,"적량역, 배치간이역으로 격하",,1989-03-29 00:00:00,미부착,,개방 가능,공공누리 1유형,,,O,,,,,단순 정보,
2636,철도산업정보센터,HOME > 철도역사관 > 철도통합연표,철도통합연표,동인천 민자역사 준공,,1989-04-10 00:00:00,미부착,,개방 가능,공공누리 1유형,,,O,,,,,단순 정보,
2637,철도산업정보센터,HOME > 철도역사관 > 철도통합연표,철도통합연표,무연탄화물도착취급역 지정,,1989-04-15 00:00:00,미부착,,개방 가능,공공누리 1유형,,,O,,,,,단순 정보,
2638,철도산업정보센터,HOME > 철도역사관 > 철도통합연표,철도통합연표,배치간이역으로 격하,,1989-07-01 00:00:00,미부착,,개방 가능,공공누리 1유형,,,O,,,,,단순 정보,
2639,철도산업정보센터,HOME > 철도역사관 > 철도통합연표,철도통합연표,현대시멘트 전용선 신설,,1989-07-13 00:00:00,미부착,,개방 가능,공공누리 1유형,,,O,,,,,단순 정보,
2640,철도산업정보센터,HOME > 철도역사관 > 철도통합연표,철도통합연표,임시승강장으로 영업개시,,1989-08-16 00:00:00,미부착,,개방 가능,공공누리 1유형,,,O,,,,,단순 정보,
2641,철도산업정보센터,HOME > 철도역사관 > 철도통합연표,철도통합연표,임시승강장으로 개역,,1989-08-16 00:00:00,미부착,,개방 가능,공공누리 1유형,,,O,,,,,단순 정보,
2642,철도산업정보센터,HOME > 철도역사관 > 철도통합연표,철도통합연표,동서통근열차(구포-해운대)여객취급 개시,,1989-08-16 00:00:00,미부착,,개방 가능,공공누리 1유형,,,O,,,,,단순 정보,
2643,철도산업정보센터,HOME > 철도역사관 > 철도통합연표,철도통합연표,여객취급 개시,,1989-08-16 00:00:00,미부착,,개방 가능,공공누리 1유형,,,O,,,,,단순 정보,
2644,철도산업정보센터,HOME > 철도역사관 > 철도통합연표,철도통합연표,"5급역으로 승격 및 적량역 관리역으로 지정, 구내확장(6번선을 11선으로)",,1989-09-08 00:00:00,미부착,,개방 가능,공공누리 1유형,,,O,,,,,단순 정보,
2645,철도산업정보센터,HOME > 철도역사관 > 철도통합연표,철도통합연표,배치간이역으로 격하,,1989-09-10 00:00:00,미부착,,개방 가능,공공누리 1유형,,,O,,,,,단순 정보,
2646,철도산업정보센터,HOME > 철도역사관 > 철도통합연표,철도통합연표,을종승차권대매소 폐지,,1989-09-10 00:00:00,미부착,,개방 가능,공공누리 1유형,,,O,,,,,단순 정보,
2647,철도산업정보센터,HOME > 철도역사관 > 철도통합연표,철도통합연표,승차권 전화예약제 실시(철도회원 카드 가입자 대상),,1989-09-18 00:00:00,미부착,,개방 가능,공공누리 1유형,,,O,,,,,단순 정보,
2648,철도산업정보센터,HOME > 철도역사관 > 철도통합연표,철도통합연표,무연탄화물도착역지정취소,,1989-10-04 00:00:00,미부착,,개방 가능,공공누리 1유형,,,O,,,,,단순 정보,
2649,철도산업정보센터,HOME > 철도역사관 > 철도통합연표,철도통합연표,고속전철 국제심포지움 개최(～22),,1989-10-16 00:00:00,미부착,,개방 가능,공공누리 1유형,,,O,,,,,단순 정보,
2650,철도산업정보센터,HOME > 철도역사관 > 철도통합연표,철도통합연표,임시승강장으로 영업개시,,1989-10-23 00:00:00,미부착,,개방 가능,공공누리 1유형,,,O,,,,,단순 정보,
2651,철도산업정보센터,HOME > 철도역사관 > 철도통합연표,철도통합연표,화물취급개시,,1989-11-01 00:00:00,미부착,,개방 가능,공공누리 1유형,,,O,,,,,단순 정보,
2652,철도산업정보센터,HOME > 철도역사관 > 철도통합연표,철도통합연표,무연탄화물도착역재지정,,1989-11-02 00:00:00,미부착,,개방 가능,공공누리 1유형,,,O,,,,,단순 정보,
2653,철도산업정보센터,HOME > 철도역사관 > 철도통합연표,철도통합연표,화물취급 개시,,1989-11-06 00:00:00,미부착,,개방 가능,공공누리 1유형,,,O,,,,,단순 정보,
2654,철도산업정보센터,HOME > 철도역사관 > 철도통합연표,철도통합연표,한일시멘트 전용선부설(싸일로),,1989-11-12 00:00:00,미부착,,개방 가능,공공누리 1유형,,,O,,,,,단순 정보,
2655,철도산업정보센터,HOME > 철도역사관 > 철도통합연표,철도통합연표,"복선전철화 공사를 착공(신리-임실, 금지-압록, 구례구-동순천의 64.3km의 1단계)",,1989-11-18 00:00:00,미부착,,개방 가능,공공누리 1유형,,,O,,,,,단순 정보,
2656,철도산업정보센터,HOME > 철도역사관 > 철도통합연표,철도통합연표,익산-여수 199.3km 선로 개량공사기공식,,1989-11-28 00:00:00,미부착,,개방 가능,공공누리 1유형,,,O,,,,,단순 정보,
2657,철도산업정보센터,HOME > 철도역사관 > 철도통합연표,철도통합연표,전기연동식으로 폐색방식 변경,,1989-12-00,미부착,,개방 가능,공공누리 1유형,,,O,,,,,단순 정보,
2658,철도산업정보센터,HOME > 철도역사관 > 철도통합연표,철도통합연표,현재의 역사 준공.,,1989-12-12 00:00:00,미부착,,개방 가능,공공누리 1유형,,,O,,,,,단순 정보,
2659,철도산업정보센터,HOME > 철도역사관 > 철도통합연표,철도통합연표,역사 준공,,1989-12-12 00:00:00,미부착,,개방 가능,공공누리 1유형,,,O,,,,,단순 정보,
2660,철도산업정보센터,HOME > 철도역사관 > 철도통합연표,철도통합연표,성신양회 전용선 개통,,1989-12-14 00:00:00,미부착,,개방 가능,공공누리 1유형,,,O,,,,,단순 정보,
2661,철도산업정보센터,HOME > 철도역사관 > 철도통합연표,철도통합연표,동화석유선 준공,,1989-12-25 00:00:00,미부착,,개방 가능,공공누리 1유형,,,O,,,,,단순 정보,
2662,철도산업정보센터,HOME > 철도역사관 > 철도통합연표,철도통합연표,사당-금정 15.7km 과천선 기공식,,1989-12-29 00:00:00,미부착,,개방 가능,공공누리 1유형,,,O,,,,,단순 정보,
2663,철도산업정보센터,HOME > 철도역사관 > 철도통합연표,철도통합연표,철도공사화 추진,,1989-12-30 00:00:00,미부착,,개방 가능,공공누리 1유형,,,O,,,,,단순 정보,
2664,철도산업정보센터,HOME > 철도역사관 > 철도통합연표,철도통합연표,서울～부산간 광통신망 개통(6.312Mbps),,1989-12-31 00:00:00,미부착,,개방 가능,공공누리 1유형,,,O,,,,,단순 정보,
2665,철도산업정보센터,HOME > 철도역사관 > 철도통합연표,철도통합연표,수소화물취급중지,,1990-01-01 00:00:00,미부착,,개방 가능,공공누리 1유형,,,O,,,,,단순 정보,
2666,철도산업정보센터,HOME > 철도역사관 > 철도통합연표,철도통합연표,소화물 취급 중지,,1990-01-01 00:00:00,미부착,,개방 가능,공공누리 1유형,,,O,,,,,단순 정보,
2667,철도산업정보센터,HOME > 철도역사관 > 철도통합연표,철도통합연표,수소화물취급 중지,,1990-01-01 00:00:00,미부착,,개방 가능,공공누리 1유형,,,O,,,,,단순 정보,
2668,철도산업정보센터,HOME > 철도역사관 > 철도통합연표,철도통합연표,소화물 취급중지,,1990-01-01 00:00:00,미부착,,개방 가능,공공누리 1유형,,,O,,,,,단순 정보,
2669,철도산업정보센터,HOME > 철도역사관 > 철도통합연표,철도통합연표,소화물취급 중지,,1990-01-01 00:00:00,미부착,,개방 가능,공공누리 1유형,,,O,,,,,단순 정보,
2670,철도산업정보센터,HOME > 철도역사관 > 철도통합연표,철도통합연표,소화물취급 중지,,1990-01-01 00:00:00,미부착,,개방 가능,공공누리 1유형,,,O,,,,,단순 정보,
2671,철도산업정보센터,HOME > 철도역사관 > 철도통합연표,철도통합연표,소화물취급 중지,,1990-01-01 00:00:00,미부착,,개방 가능,공공누리 1유형,,,O,,,,,단순 정보,
2672,철도산업정보센터,HOME > 철도역사관 > 철도통합연표,철도통합연표,을종승차권 대매소 폐지,,1990-01-01 00:00:00,미부착,,개방 가능,공공누리 1유형,,,O,,,,,단순 정보,
2673,철도산업정보센터,HOME > 철도역사관 > 철도통합연표,철도통합연표,여객업무 취급과 동시에 배치간이역으로 승격,,1990-01-05 00:00:00,미부착,,개방 가능,공공누리 1유형,,,O,,,,,단순 정보,
2674,철도산업정보센터,HOME > 철도역사관 > 철도통합연표,철도통합연표,폐역,,1990-01-20 00:00:00,미부착,,개방 가능,공공누리 1유형,,,O,,,,,단순 정보,
2675,철도산업정보센터,HOME > 철도역사관 > 철도통합연표,철도통합연표,폐역,,1990-01-20 00:00:00,미부착,,개방 가능,공공누리 1유형,,,O,,,,,단순 정보,
2676,철도산업정보센터,HOME > 철도역사관 > 철도통합연표,철도통합연표,폐역,,1990-01-20 00:00:00,미부착,,개방 가능,공공누리 1유형,,,O,,,,,단순 정보,
2677,철도산업정보센터,HOME > 철도역사관 > 철도통합연표,철도통합연표,태백선(청령포～영월간 3.2km) 철도이설공사 착공,,1990-01-22 00:00:00,미부착,,개방 가능,공공누리 1유형,,,O,,,,,단순 정보,
2678,철도산업정보센터,HOME > 철도역사관 > 철도통합연표,철도통합연표,동서시내전철건설 타당성조사 완료,,1990-02-00,미부착,,개방 가능,공공누리 1유형,,,O,,,,,단순 정보,
2679,철도산업정보센터,HOME > 철도역사관 > 철도통합연표,철도통합연표,배치간이역으로 격하,,1990-02-01 00:00:00,미부착,,개방 가능,공공누리 1유형,,,O,,,,,단순 정보,
2680,철도산업정보센터,HOME > 철도역사관 > 철도통합연표,철도통합연표,배치간이역으로 격하(신탄진역 관리),,1990-02-01 00:00:00,미부착,,개방 가능,공공누리 1유형,,,O,,,,,단순 정보,
2681,철도산업정보센터,HOME > 철도역사관 > 철도통합연표,철도통합연표,"직지사, 신암역 관리역 지정",,1990-02-01 00:00:00,미부착,,개방 가능,공공누리 1유형,,,O,,,,,단순 정보,
2682,철도산업정보센터,HOME > 철도역사관 > 철도통합연표,철도통합연표,지천역 관리역지정.,,1990-02-01 00:00:00,미부착,,개방 가능,공공누리 1유형,,,O,,,,,단순 정보,
2683,철도산업정보센터,HOME > 철도역사관 > 철도통합연표,철도통합연표,수서 - 오리 착공,,1990-02-26 00:00:00,미부착,,개방 가능,공공누리 1유형,,,O,,,,,단순 정보,
2684,철도산업정보센터,HOME > 철도역사관 > 철도통합연표,철도통합연표,분당선 32.2km 착공,,1990-02-26 00:00:00,미부착,,개방 가능,공공누리 1유형,,,O,,,,,단순 정보,
2685,철도산업정보센터,HOME > 철도역사관 > 철도통합연표,철도통합연표,토성동 - 서대신동 1.9km구간 개통,,1990-02-28 00:00:00,미부착,,개방 가능,공공누리 1유형,,,O,,,,,단순 정보,
2686,철도산업정보센터,HOME > 철도역사관 > 철도통합연표,철도통합연표,3단계구간 개통(중앙동~서대신동 4.5㎞),,1990-02-28 00:00:00,미부착,,개방 가능,공공누리 1유형,,,O,,,,,단순 정보,
2687,철도산업정보센터,HOME > 철도역사관 > 철도통합연표,철도통합연표,태백선 새마을호 운행,,1990-03-15 00:00:00,미부착,,개방 가능,공공누리 1유형,,,O,,,,,단순 정보,
2688,철도산업정보센터,HOME > 철도역사관 > 철도통합연표,철도통합연표,청량리-동해간 새마을호 운행개시.,,1990-03-15 00:00:00,미부착,,개방 가능,공공누리 1유형,,,O,,,,,단순 정보,
2689,철도산업정보센터,HOME > 철도역사관 > 철도통합연표,철도통합연표,여객취급 중지,,1990-05-01 00:00:00,미부착,,개방 가능,공공누리 1유형,,,O,,,,,단순 정보,
2690,철도산업정보센터,HOME > 철도역사관 > 철도통합연표,철도통합연표,하남공단 동화석유선 영업개시 및 화물취급개시,,1990-05-03 00:00:00,미부착,,개방 가능,공공누리 1유형,,,O,,,,,단순 정보,
2691,철도산업정보센터,HOME > 철도역사관 > 철도통합연표,철도통합연표,무연탄화물도착취급역 지정취소,,1990-06-01 00:00:00,미부착,,개방 가능,공공누리 1유형,,,O,,,,,단순 정보,
2692,철도산업정보센터,HOME > 철도역사관 > 철도통합연표,철도통합연표,무연탄화물도착취급역 지정,,1990-06-01 00:00:00,미부착,,개방 가능,공공누리 1유형,,,O,,,,,단순 정보,
2693,철도산업정보센터,HOME > 철도역사관 > 철도통합연표,철도통합연표,무배치간이역으로 격하,,1990-06-01 00:00:00,미부착,,개방 가능,공공누리 1유형,,,O,,,,,단순 정보,
2694,철도산업정보센터,HOME > 철도역사관 > 철도통합연표,철도통합연표,5호선 착공,,1990-06-27 00:00:00,미부착,,개방 가능,공공누리 1유형,,,O,,,,,단순 정보,
2695,철도산업정보센터,HOME > 철도역사관 > 철도통합연표,철도통합연표,지축역 개통,,1990-07-13 00:00:00,미부착,,개방 가능,공공누리 1유형,,,O,,,,,단순 정보,
2696,철도산업정보센터,HOME > 철도역사관 > 철도통합연표,철도통합연표,3호선 연장구간 개통(구파발~지축 9km),,1990-07-13 00:00:00,미부착,,개방 가능,공공누리 1유형,,,O,,,,,단순 정보,
2697,철도산업정보센터,HOME > 철도역사관 > 철도통합연표,철도통합연표,민자역사 준공,,1990-07-21 00:00:00,미부착,,개방 가능,공공누리 1유형,,,O,,,,,단순 정보,
2698,철도산업정보센터,HOME > 철도역사관 > 철도통합연표,철도통합연표,차내취급역으로 지정.,,1990-07-21 00:00:00,미부착,,개방 가능,공공누리 1유형,,,O,,,,,단순 정보,
2699,철도산업정보센터,HOME > 철도역사관 > 철도통합연표,철도통합연표,서대신동 - 신평 6.4km 연장구간 착공,,1990-07-24 00:00:00,미부착,,개방 가능,공공누리 1유형,,,O,,,,,단순 정보,
2700,철도산업정보센터,HOME > 철도역사관 > 철도통합연표,철도통합연표,4단계구간 착공(서대신동~신평 6.4㎞),,1990-07-24 00:00:00,미부착,,개방 가능,공공누리 1유형,,,O,,,,,단순 정보,
2701,철도산업정보센터,HOME > 철도역사관 > 철도통합연표,철도통합연표,전산단말기 설치,,1990-08-01 00:00:00,미부착,,개방 가능,공공누리 1유형,,,O,,,,,단순 정보,
2702,철도산업정보센터,HOME > 철도역사관 > 철도통합연표,철도통합연표,을종승차권 대매소 중지(차내취급),,1990-08-01 00:00:00,미부착,,개방 가능,공공누리 1유형,,,O,,,,,단순 정보,
2703,철도산업정보센터,HOME > 철도역사관 > 철도통합연표,철도통합연표,을종승차권대매소 폐지,,1990-08-06 00:00:00,미부착,,개방 가능,공공누리 1유형,,,O,,,,,단순 정보,
2704,철도산업정보센터,HOME > 철도역사관 > 철도통합연표,철도통합연표,역사증축,,1990-10-11 00:00:00,미부착,,개방 가능,공공누리 1유형,,,O,,,,,단순 정보,
2705,철도산업정보센터,HOME > 철도역사관 > 철도통합연표,철도통합연표,"이설공사의 실시설계, 교통영향평가, 환경영향평가 완료",,1990-12-00,미부착,,개방 가능,공공누리 1유형,,,O,,,,,단순 정보,
2706,철도산업정보센터,HOME > 철도역사관 > 철도통합연표,철도통합연표,현재의 역사 준공.,,1990-12-21 00:00:00,미부착,,개방 가능,공공누리 1유형,,,O,,,,,단순 정보,
2707,철도산업정보센터,HOME > 철도역사관 > 철도통합연표,철도통합연표,7호선 착공,,1990-12-28 00:00:00,미부착,,개방 가능,공공누리 1유형,,,O,,,,,단순 정보,
2708,철도산업정보센터,HOME > 철도역사관 > 철도통합연표,철도통합연표,7호선 착공,,1990-12-28 00:00:00,미부착,,개방 가능,공공누리 1유형,,,O,,,,,단순 정보,
2709,철도산업정보센터,HOME > 철도역사관 > 철도통합연표,철도통합연표,착공,,1990-12-29 00:00:00,미부착,,개방 가능,공공누리 1유형,,,O,,,,,단순 정보,
2710,철도산업정보센터,HOME > 철도역사관 > 철도통합연표,철도통합연표,8호선 착공,,1990-12-29 00:00:00,미부착,,개방 가능,공공누리 1유형,,,O,,,,,단순 정보,
2711,철도산업정보센터,HOME > 철도역사관 > 철도통합연표,철도통합연표,괴동역 기관차 전차대 설치.,,1990-12-31 00:00:00,미부착,,개방 가능,공공누리 1유형,,,O,,,,,단순 정보,
2712,철도산업정보센터,HOME > 철도역사관 > 철도통합연표,철도통합연표,을종승차권 대매소 폐지(승차권 차내 취급),,1991-01-01 00:00:00,미부착,,개방 가능,공공누리 1유형,,,O,,,,,단순 정보,
2713,철도산업정보센터,HOME > 철도역사관 > 철도통합연표,철도통합연표,소화물 취급 중지,,1991-01-01 00:00:00,미부착,,개방 가능,공공누리 1유형,,,O,,,,,단순 정보,
2714,철도산업정보센터,HOME > 철도역사관 > 철도통합연표,철도통합연표,소화물 취급중지,,1991-01-01 00:00:00,미부착,,개방 가능,공공누리 1유형,,,O,,,,,단순 정보,
2715,철도산업정보센터,HOME > 철도역사관 > 철도통합연표,철도통합연표,소화물취급 중지,,1991-01-01 00:00:00,미부착,,개방 가능,공공누리 1유형,,,O,,,,,단순 정보,
2716,철도산업정보센터,HOME > 철도역사관 > 철도통합연표,철도통합연표,소화물 취급 중지.,,1991-01-01 00:00:00,미부착,,개방 가능,공공누리 1유형,,,O,,,,,단순 정보,
2717,철도산업정보센터,HOME > 철도역사관 > 철도통합연표,철도통합연표,을종대매소 폐지,,1991-01-01 00:00:00,미부착,,개방 가능,공공누리 1유형,,,O,,,,,단순 정보,
2718,철도산업정보센터,HOME > 철도역사관 > 철도통합연표,철도통합연표,을종승차권대매소 취급 중지.,,1991-01-01 00:00:00,미부착,,개방 가능,공공누리 1유형,,,O,,,,,단순 정보,
2719,철도산업정보센터,HOME > 철도역사관 > 철도통합연표,철도통합연표,사무관역으로 조정,,1991-01-07 00:00:00,미부착,,개방 가능,공공누리 1유형,,,O,,,,,단순 정보,
2720,철도산업정보센터,HOME > 철도역사관 > 철도통합연표,철도통합연표,소화물취급중지,,1991-01-10 00:00:00,미부착,,개방 가능,공공누리 1유형,,,O,,,,,단순 정보,
2721,철도산업정보센터,HOME > 철도역사관 > 철도통합연표,철도통합연표,5급역으로 격하,,1991-01-10 00:00:00,미부착,,개방 가능,공공누리 1유형,,,O,,,,,단순 정보,
2722,철도산업정보센터,HOME > 철도역사관 > 철도통합연표,철도통합연표,현재의 역사 준공,,1991-01-10 00:00:00,미부착,,개방 가능,공공누리 1유형,,,O,,,,,단순 정보,
2723,철도산업정보센터,HOME > 철도역사관 > 철도통합연표,철도통합연표,역사신축,,1991-01-30 00:00:00,미부착,,개방 가능,공공누리 1유형,,,O,,,,,단순 정보,
2724,철도산업정보센터,HOME > 철도역사관 > 철도통합연표,철도통합연표,지축～일산간 21.1km 일산선 복선전철 기공식,,1991-03-15 00:00:00,미부착,,개방 가능,공공누리 1유형,,,O,,,,,단순 정보,
2725,철도산업정보센터,HOME > 철도역사관 > 철도통합연표,철도통합연표,화물지선 도착 유류화물 한 화물취급지정,,1991-03-15 00:00:00,미부착,,개방 가능,공공누리 1유형,,,O,,,,,단순 정보,
2726,철도산업정보센터,HOME > 철도역사관 > 철도통합연표,철도통합연표,벌크양회 화물 한 화물취급 지정,,1991-03-15 00:00:00,미부착,,개방 가능,공공누리 1유형,,,O,,,,,단순 정보,
2727,철도산업정보센터,HOME > 철도역사관 > 철도통합연표,철도통합연표,원격제어 사용개시(옹천역 취급),,1991-03-16 00:00:00,미부착,,개방 가능,공공누리 1유형,,,O,,,,,단순 정보,
2728,철도산업정보센터,HOME > 철도역사관 > 철도통합연표,철도통합연표,소화물 취급 재개,,1991-03-26 00:00:00,미부착,,개방 가능,공공누리 1유형,,,O,,,,,단순 정보,
2729,철도산업정보센터,HOME > 철도역사관 > 철도통합연표,철도통합연표,쌍룡양회 팔당공장 전용선 부설,,1991-04-01 00:00:00,미부착,,개방 가능,공공누리 1유형,,,O,,,,,단순 정보,
2730,철도산업정보센터,HOME > 철도역사관 > 철도통합연표,철도통합연표,벌크양회 화물 한 화물취급 지정.,,1991-04-20 00:00:00,미부착,,개방 가능,공공누리 1유형,,,O,,,,,단순 정보,
2731,철도산업정보센터,HOME > 철도역사관 > 철도통합연표,철도통합연표,규석 한 화물 취급 지정.,,1991-04-20 00:00:00,미부착,,개방 가능,공공누리 1유형,,,O,,,,,단순 정보,
2732,철도산업정보센터,HOME > 철도역사관 > 철도통합연표,철도통합연표,기본계획 확정,,1991-05-00,미부착,,개방 가능,공공누리 1유형,,,O,,,,,단순 정보,
2733,철도산업정보센터,HOME > 철도역사관 > 철도통합연표,철도통합연표,경인복복선 기공식 및 영등포 구로간 3복선 개통식(부평역),,1991-05-04 00:00:00,미부착,,개방 가능,공공누리 1유형,,,O,,,,,단순 정보,
2734,철도산업정보센터,HOME > 철도역사관 > 철도통합연표,철도통합연표,신역사 준공,,1991-06-13 00:00:00,미부착,,개방 가능,공공누리 1유형,,,O,,,,,단순 정보,
2735,철도산업정보센터,HOME > 철도역사관 > 철도통합연표,철도통합연표,성신양회 사일로 준공,,1991-06-20 00:00:00,미부착,,개방 가능,공공누리 1유형,,,O,,,,,단순 정보,
2736,철도산업정보센터,HOME > 철도역사관 > 철도통합연표,철도통합연표,여객취급 중지.,,1991-08-20 00:00:00,미부착,,개방 가능,공공누리 1유형,,,O,,,,,단순 정보,
2737,철도산업정보센터,HOME > 철도역사관 > 철도통합연표,철도통합연표,여객취급 중지,,1991-08-20 00:00:00,미부착,,개방 가능,공공누리 1유형,,,O,,,,,단순 정보,
2738,철도산업정보센터,HOME > 철도역사관 > 철도통합연표,철도통합연표,기본설계 완료,,1991-09-00,미부착,,개방 가능,공공누리 1유형,,,O,,,,,단순 정보,
2739,철도산업정보센터,HOME > 철도역사관 > 철도통합연표,철도통합연표,"수, 소화물 취급 중지(가은역).",,1991-09-01 00:00:00,미부착,,개방 가능,공공누리 1유형,,,O,,,,,단순 정보,
2740,철도산업정보센터,HOME > 철도역사관 > 철도통합연표,철도통합연표,소화물 취급중지.,,1991-09-01 00:00:00,미부착,,개방 가능,공공누리 1유형,,,O,,,,,단순 정보,
2741,철도산업정보센터,HOME > 철도역사관 > 철도통합연표,철도통합연표,소화물 취급 중지.,,1991-09-01 00:00:00,미부착,,개방 가능,공공누리 1유형,,,O,,,,,단순 정보,
2742,철도산업정보센터,HOME > 철도역사관 > 철도통합연표,철도통합연표,소화물취급 중지,,1991-09-01 00:00:00,미부착,,개방 가능,공공누리 1유형,,,O,,,,,단순 정보,
2743,철도산업정보센터,HOME > 철도역사관 > 철도통합연표,철도통합연표,소화물 취급중지,,1991-09-01 00:00:00,미부착,,개방 가능,공공누리 1유형,,,O,,,,,단순 정보,
2744,철도산업정보센터,HOME > 철도역사관 > 철도통합연표,철도통합연표,소화물 취급 중지,,1991-09-01 00:00:00,미부착,,개방 가능,공공누리 1유형,,,O,,,,,단순 정보,
2745,철도산업정보센터,HOME > 철도역사관 > 철도통합연표,철도통합연표,을종승차권 대매소 중지,,1991-09-01 00:00:00,미부착,,개방 가능,공공누리 1유형,,,O,,,,,단순 정보,
2746,철도산업정보센터,HOME > 철도역사관 > 철도통합연표,철도통합연표,수소화물 취급중지,,1991-09-01 00:00:00,미부착,,개방 가능,공공누리 1유형,,,O,,,,,단순 정보,
2747,철도산업정보센터,HOME > 철도역사관 > 철도통합연표,철도통합연표,동량역 관리역 지정취소,,1991-09-14 00:00:00,미부착,,개방 가능,공공누리 1유형,,,O,,,,,단순 정보,
2748,철도산업정보센터,HOME > 철도역사관 > 철도통합연표,철도통합연표,소화물 취급 개시,,1991-09-15 00:00:00,미부착,,개방 가능,공공누리 1유형,,,O,,,,,단순 정보,
2749,철도산업정보센터,HOME > 철도역사관 > 철도통합연표,철도통합연표,배치간이역으로 격하,,1991-09-24 00:00:00,미부착,,개방 가능,공공누리 1유형,,,O,,,,,단순 정보,
2750,철도산업정보센터,HOME > 철도역사관 > 철도통합연표,철도통합연표,보통역으로 승격,,1991-09-24 00:00:00,미부착,,개방 가능,공공누리 1유형,,,O,,,,,단순 정보,
2751,철도산업정보센터,HOME > 철도역사관 > 철도통합연표,철도통합연표,임시승강장으로 변경,,1991-10-01 00:00:00,미부착,,개방 가능,공공누리 1유형,,,O,,,,,단순 정보,
2752,철도산업정보센터,HOME > 철도역사관 > 철도통합연표,철도통합연표,화물취급 중지.,,1991-10-01 00:00:00,미부착,,개방 가능,공공누리 1유형,,,O,,,,,단순 정보,
2753,철도산업정보센터,HOME > 철도역사관 > 철도통합연표,철도통합연표,한라시멘트(주) 준공 영업개시 및 벌크양회 화물 한 화물취급 개시,,1991-10-05 00:00:00,미부착,,개방 가능,공공누리 1유형,,,O,,,,,단순 정보,
2754,철도산업정보센터,HOME > 철도역사관 > 철도통합연표,철도통합연표,화물취급 중지,,1991-10-15 00:00:00,미부착,,개방 가능,공공누리 1유형,,,O,,,,,단순 정보,
2755,철도산업정보센터,HOME > 철도역사관 > 철도통합연표,철도통합연표,역사증축,,1991-10-24 00:00:00,미부착,,개방 가능,공공누리 1유형,,,O,,,,,단순 정보,
2756,철도산업정보센터,HOME > 철도역사관 > 철도통합연표,철도통합연표,쌍용정유 전용선 부설,,1991-11-10 00:00:00,미부착,,개방 가능,공공누리 1유형,,,O,,,,,단순 정보,
2757,철도산업정보센터,HOME > 철도역사관 > 철도통합연표,철도통합연표,노령역 원격제어,,1991-11-14 00:00:00,미부착,,개방 가능,공공누리 1유형,,,O,,,,,단순 정보,
2758,철도산업정보센터,HOME > 철도역사관 > 철도통합연표,철도통합연표,운전피제어역으로 지정(제어역: 천원역),,1991-11-14 00:00:00,미부착,,개방 가능,공공누리 1유형,,,O,,,,,단순 정보,
2759,철도산업정보센터,HOME > 철도역사관 > 철도통합연표,철도통합연표,"무연탄,양회,유류 도착화물 한 취급지정",,1991-11-15 00:00:00,미부착,,개방 가능,공공누리 1유형,,,O,,,,,단순 정보,
2760,철도산업정보센터,HOME > 철도역사관 > 철도통합연표,철도통합연표,영등포 - 구로간 3복선화,,1991-11-23 00:00:00,미부착,,개방 가능,공공누리 1유형,,,O,,,,,단순 정보,
2761,철도산업정보센터,HOME > 철도역사관 > 철도통합연표,철도통합연표,경인복복선 기공식 및 영등포 구로간 3복선 개통식(부평역),,1991-11-23 00:00:00,미부착,,개방 가능,공공누리 1유형,,,O,,,,,단순 정보,
2762,철도산업정보센터,HOME > 철도역사관 > 철도통합연표,철도통합연표,장항선 새마을호 열차운행,,1991-11-25 00:00:00,미부착,,개방 가능,공공누리 1유형,,,O,,,,,단순 정보,
2763,철도산업정보센터,HOME > 철도역사관 > 철도통합연표,철도통합연표,새마을호 운행개시,,1991-11-25 00:00:00,미부착,,개방 가능,공공누리 1유형,,,O,,,,,단순 정보,
2764,철도산업정보센터,HOME > 철도역사관 > 철도통합연표,철도통합연표,호포(경남 양산) ~ 서면 구간 착공,,1991-11-28 00:00:00,미부착,,개방 가능,공공누리 1유형,,,O,,,,,단순 정보,
2765,철도산업정보센터,HOME > 철도역사관 > 철도통합연표,철도통합연표,2호선 1단계구간 착공(양산 호포~서면 21.7㎞),,1991-11-28 00:00:00,미부착,,개방 가능,공공누리 1유형,,,O,,,,,단순 정보,
2766,철도산업정보센터,HOME > 철도역사관 > 철도통합연표,철도통합연표,경인선 소사역 기공식,,1991-11-29 00:00:00,미부착,,개방 가능,공공누리 1유형,,,O,,,,,단순 정보,
2767,철도산업정보센터,HOME > 철도역사관 > 철도통합연표,철도통합연표,경인선 부개역 기공식,,1991-11-29 00:00:00,미부착,,개방 가능,공공누리 1유형,,,O,,,,,단순 정보,
2768,철도산업정보센터,HOME > 철도역사관 > 철도통합연표,철도통합연표,현재의 역사준공(동820일?),,1991-11-30 00:00:00,미부착,,개방 가능,공공누리 1유형,,,O,,,,,단순 정보,
2769,철도산업정보센터,HOME > 철도역사관 > 철도통합연표,철도통합연표,대구 지하철 1호선 착공,,1991-12-07 00:00:00,미부착,,개방 가능,공공누리 1유형,,,O,,,,,단순 정보,
2770,철도산업정보센터,HOME > 철도역사관 > 철도통합연표,철도통합연표,지하철1호선 기공식,,1991-12-07 00:00:00,미부착,,개방 가능,공공누리 1유형,,,O,,,,,단순 정보,
2771,철도산업정보센터,HOME > 철도역사관 > 철도통합연표,철도통합연표,역사 증축,,1991-12-09 00:00:00,미부착,,개방 가능,공공누리 1유형,,,O,,,,,단순 정보,
2772,철도산업정보센터,HOME > 철도역사관 > 철도통합연표,철도통합연표,아세아시멘트 전용선 신설,,1991-12-11 00:00:00,미부착,,개방 가능,공공누리 1유형,,,O,,,,,단순 정보,
2773,철도산업정보센터,HOME > 철도역사관 > 철도통합연표,철도통합연표,화물취급 개시(벌크양회 한),,1991-12-28 00:00:00,미부착,,개방 가능,공공누리 1유형,,,O,,,,,단순 정보,
2774,철도산업정보센터,HOME > 철도역사관 > 철도통합연표,철도통합연표,역사증축,,1991-12-29 00:00:00,미부착,,개방 가능,공공누리 1유형,,,O,,,,,단순 정보,
2775,철도산업정보센터,HOME > 철도역사관 > 철도통합연표,철도통합연표,현재의 역사준공.,,1991-12-30 00:00:00,미부착,,개방 가능,공공누리 1유형,,,O,,,,,단순 정보,
2776,철도산업정보센터,HOME > 철도역사관 > 철도통합연표,철도통합연표,무연탄화물도착취급역 지정,,1991-12-31 00:00:00,미부착,,개방 가능,공공누리 1유형,,,O,,,,,단순 정보,
2777,철도산업정보센터,HOME > 철도역사관 > 철도통합연표,철도통합연표,송도-소래 폐선,,1992-00-00,미부착,,개방 가능,공공누리 1유형,,,O,,,,,단순 정보,
2778,철도산업정보센터,HOME > 철도역사관 > 철도통합연표,철도통합연표,무배치간이역으로 격하,,1992-01-01 00:00:00,미부착,,개방 가능,공공누리 1유형,,,O,,,,,단순 정보,
2779,철도산업정보센터,HOME > 철도역사관 > 철도통합연표,철도통합연표,공군전용선 신설,,1992-01-21 00:00:00,미부착,,개방 가능,공공누리 1유형,,,O,,,,,단순 정보,
2780,철도산업정보센터,HOME > 철도역사관 > 철도통합연표,철도통합연표,현재의 역사로 이전.,,1992-01-22 00:00:00,미부착,,개방 가능,공공누리 1유형,,,O,,,,,단순 정보,
2781,철도산업정보센터,HOME > 철도역사관 > 철도통합연표,철도통합연표,역사준공,,1992-02-21 00:00:00,미부착,,개방 가능,공공누리 1유형,,,O,,,,,단순 정보,
2782,철도산업정보센터,HOME > 철도역사관 > 철도통합연표,철도통합연표,폐지,,1992-03-02 00:00:00,미부착,,개방 가능,공공누리 1유형,,,O,,,,,단순 정보,
2783,철도산업정보센터,HOME > 철도역사관 > 철도통합연표,철도통합연표,운전간이역으로 변경,,1992-03-02 00:00:00,미부착,,개방 가능,공공누리 1유형,,,O,,,,,단순 정보,
2784,철도산업정보센터,HOME > 철도역사관 > 철도통합연표,철도통합연표,안산선 고잔역 개통으로 보통역으로 승격,,1992-03-02 00:00:00,미부착,,개방 가능,공공누리 1유형,,,O,,,,,단순 정보,
2785,철도산업정보센터,HOME > 철도역사관 > 철도통합연표,철도통합연표,역명변경(오봉→의왕),,1992-03-02 00:00:00,미부착,,개방 가능,공공누리 1유형,,,O,,,,,단순 정보,
2786,철도산업정보센터,HOME > 철도역사관 > 철도통합연표,철도통합연표,운전간이역으로 변경,,1992-03-02 00:00:00,미부착,,개방 가능,공공누리 1유형,,,O,,,,,단순 정보,
2787,철도산업정보센터,HOME > 철도역사관 > 철도통합연표,철도통합연표,고잔역 개업,,1992-03-02 00:00:00,미부착,,개방 가능,공공누리 1유형,,,O,,,,,단순 정보,
2788,철도산업정보센터,HOME > 철도역사관 > 철도통합연표,철도통합연표,철도 남부화물 기지내 오봉역을 의왕역으로 개칭,,1992-03-02 00:00:00,미부착,,개방 가능,공공누리 1유형,,,O,,,,,단순 정보,
2789,철도산업정보센터,HOME > 철도역사관 > 철도통합연표,철도통합연표,역사 신축 착공,,1992-03-12 00:00:00,미부착,,개방 가능,공공누리 1유형,,,O,,,,,단순 정보,
2790,철도산업정보센터,HOME > 철도역사관 > 철도통합연표,철도통합연표,"광주~목포간 통일호 열차 정차, 영업개시(483,484열차)",,1992-03-25 00:00:00,미부착,,개방 가능,공공누리 1유형,,,O,,,,,단순 정보,
2791,철도산업정보센터,HOME > 철도역사관 > 철도통합연표,철도통합연표,역사준공,,1992-03-27 00:00:00,미부착,,개방 가능,공공누리 1유형,,,O,,,,,단순 정보,
2792,철도산업정보센터,HOME > 철도역사관 > 철도통합연표,철도통합연표,현재의 역사로 이전 영업개시,,1992-03-28 00:00:00,미부착,,개방 가능,공공누리 1유형,,,O,,,,,단순 정보,
2793,철도산업정보센터,HOME > 철도역사관 > 철도통합연표,철도통합연표,무연탄도착화물(수입무연탄 및 민수용무연탄)도착취급역 지정,,1992-03-31 00:00:00,미부착,,개방 가능,공공누리 1유형,,,O,,,,,단순 정보,
2794,철도산업정보센터,HOME > 철도역사관 > 철도통합연표,철도통합연표,운전간이역으로 영업개시,,1992-05-01 00:00:00,미부착,,개방 가능,공공누리 1유형,,,O,,,,,단순 정보,
2795,철도산업정보센터,HOME > 철도역사관 > 철도통합연표,철도통합연표,산본역 개업,,1992-05-01 00:00:00,미부착,,개방 가능,공공누리 1유형,,,O,,,,,단순 정보,
2796,철도산업정보센터,HOME > 철도역사관 > 철도통합연표,철도통합연표,현대시멘트 전용선 부설,,1992-05-01 00:00:00,미부착,,개방 가능,공공누리 1유형,,,O,,,,,단순 정보,
2797,철도산업정보센터,HOME > 철도역사관 > 철도통합연표,철도통합연표,폐지,,1992-05-02 00:00:00,미부착,,개방 가능,공공누리 1유형,,,O,,,,,단순 정보,
2798,철도산업정보센터,HOME > 철도역사관 > 철도통합연표,철도통합연표,화물취급 개시,,1992-05-14 00:00:00,미부착,,개방 가능,공공누리 1유형,,,O,,,,,단순 정보,
2799,철도산업정보센터,HOME > 철도역사관 > 철도통합연표,철도통합연표,화물취급제한 해제,,1992-05-14 00:00:00,미부착,,개방 가능,공공누리 1유형,,,O,,,,,단순 정보,
2800,철도산업정보센터,HOME > 철도역사관 > 철도통합연표,철도통합연표,신정지선 신도림 - 양천구청 개통,,1992-05-22 00:00:00,미부착,,개방 가능,공공누리 1유형,,,O,,,,,단순 정보,
2801,철도산업정보센터,HOME > 철도역사관 > 철도통합연표,철도통합연표,2호선 연장구간 개통(신도림~양천구청 2.7km),,1992-05-22 00:00:00,미부착,,개방 가능,공공누리 1유형,,,O,,,,,단순 정보,
2802,철도산업정보센터,HOME > 철도역사관 > 철도통합연표,철도통합연표,화물취급 중지.,,1992-05-31 00:00:00,미부착,,개방 가능,공공누리 1유형,,,O,,,,,단순 정보,
2803,철도산업정보센터,HOME > 철도역사관 > 철도통합연표,철도통합연표,공군전용선 신설,,1992-06-01 00:00:00,미부착,,개방 가능,공공누리 1유형,,,O,,,,,단순 정보,
2804,철도산업정보센터,HOME > 철도역사관 > 철도통합연표,철도통합연표,소화물취급 중지,,1992-06-10 00:00:00,미부착,,개방 가능,공공누리 1유형,,,O,,,,,단순 정보,
2805,철도산업정보센터,HOME > 철도역사관 > 철도통합연표,철도통합연표,수소화물취급 중지,,1992-06-10 00:00:00,미부착,,개방 가능,공공누리 1유형,,,O,,,,,단순 정보,
2806,철도산업정보센터,HOME > 철도역사관 > 철도통합연표,철도통합연표,소화물 취급 중지,,1992-06-10 00:00:00,미부착,,개방 가능,공공누리 1유형,,,O,,,,,단순 정보,
2807,철도산업정보센터,HOME > 철도역사관 > 철도통합연표,철도통합연표,소화물취급 중지.,,1992-06-10 00:00:00,미부착,,개방 가능,공공누리 1유형,,,O,,,,,단순 정보,
2808,철도산업정보센터,HOME > 철도역사관 > 철도통합연표,철도통합연표,수소화물취급중지,,1992-06-10 00:00:00,미부착,,개방 가능,공공누리 1유형,,,O,,,,,단순 정보,
2809,철도산업정보센터,HOME > 철도역사관 > 철도통합연표,철도통합연표,소화물 취급중지,,1992-06-10 00:00:00,미부착,,개방 가능,공공누리 1유형,,,O,,,,,단순 정보,
2810,철도산업정보센터,HOME > 철도역사관 > 철도통합연표,철도통합연표,수소화물취급중지,,1992-06-10 00:00:00,미부착,,개방 가능,공공누리 1유형,,,O,,,,,단순 정보,
2811,철도산업정보센터,HOME > 철도역사관 > 철도통합연표,철도통합연표,민수용무연탄도착취급역지정,,1992-06-16 00:00:00,미부착,,개방 가능,공공누리 1유형,,,O,,,,,단순 정보,
2812,철도산업정보센터,HOME > 철도역사관 > 철도통합연표,철도통합연표,사무관역으로 승격,,1992-06-20 00:00:00,미부착,,개방 가능,공공누리 1유형,,,O,,,,,단순 정보,
2813,철도산업정보센터,HOME > 철도역사관 > 철도통합연표,철도통합연표,역 폐지,,1992-06-22 00:00:00,미부착,,개방 가능,공공누리 1유형,,,O,,,,,단순 정보,
2814,철도산업정보센터,HOME > 철도역사관 > 철도통합연표,철도통합연표,배치간이역(운전취급)으로 격하,,1992-06-22 00:00:00,미부착,,개방 가능,공공누리 1유형,,,O,,,,,단순 정보,
2815,철도산업정보센터,HOME > 철도역사관 > 철도통합연표,철도통합연표,경부고속전철 기공,,1992-06-30 00:00:00,미부착,,개방 가능,공공누리 1유형,,,O,,,,,단순 정보,
2816,철도산업정보센터,HOME > 철도역사관 > 철도통합연표,철도통합연표,지하철 건설본부 설립,,1992-06-30 00:00:00,미부착,,개방 가능,공공누리 1유형,,,O,,,,,단순 정보,
2817,철도산업정보센터,HOME > 철도역사관 > 철도통합연표,철도통합연표,도고온천역으로 개명,,1992-07-01 00:00:00,미부착,,개방 가능,공공누리 1유형,,,O,,,,,단순 정보,
2818,철도산업정보센터,HOME > 철도역사관 > 철도통합연표,철도통합연표,경부선 전구간(서울～부산) CTC 개통,,1992-07-10 00:00:00,미부착,,개방 가능,공공누리 1유형,,,O,,,,,단순 정보,
2819,철도산업정보센터,HOME > 철도역사관 > 철도통합연표,철도통합연표,컨테이너 전용기지화를 위해 일반화물 취급중지,,1992-07-15 00:00:00,미부착,,개방 가능,공공누리 1유형,,,O,,,,,단순 정보,
2820,철도산업정보센터,HOME > 철도역사관 > 철도통합연표,철도통합연표,동해남부선 열차 시종착역으로 지정 및 무연탄 한 화물취급지정,,1992-07-15 00:00:00,미부착,,개방 가능,공공누리 1유형,,,O,,,,,단순 정보,
2821,철도산업정보센터,HOME > 철도역사관 > 철도통합연표,철도통합연표,부산지구 일반화물열차 가야역 집중취급,,1992-07-15 00:00:00,미부착,,개방 가능,공공누리 1유형,,,O,,,,,단순 정보,
2822,철도산업정보센터,HOME > 철도역사관 > 철도통합연표,철도통합연표,보통역으로 승격,,1992-07-20 00:00:00,미부착,,개방 가능,공공누리 1유형,,,O,,,,,단순 정보,
2823,철도산업정보센터,HOME > 철도역사관 > 철도통합연표,철도통합연표,을종승차권대매소로 격하 및 운행중지,,1992-07-20 00:00:00,미부착,,개방 가능,공공누리 1유형,,,O,,,,,단순 정보,
2824,철도산업정보센터,HOME > 철도역사관 > 철도통합연표,철도통합연표,현재의 역사 준공,,1992-07-30 00:00:00,미부착,,개방 가능,공공누리 1유형,,,O,,,,,단순 정보,
2825,철도산업정보센터,HOME > 철도역사관 > 철도통합연표,철도통합연표,여객취급 중지,,1992-08-01 00:00:00,미부착,,개방 가능,공공누리 1유형,,,O,,,,,단순 정보,
2826,철도산업정보센터,HOME > 철도역사관 > 철도통합연표,철도통합연표,무배치간이역으로 변경 및 역명개정(도고온천→선장),,1992-08-01 00:00:00,미부착,,개방 가능,공공누리 1유형,,,O,,,,,단순 정보,
2827,철도산업정보센터,HOME > 철도역사관 > 철도통합연표,철도통합연표,한국유리공업 전용선 폐지,,1992-08-10 00:00:00,미부착,,개방 가능,공공누리 1유형,,,O,,,,,단순 정보,
2828,철도산업정보센터,HOME > 철도역사관 > 철도통합연표,철도통합연표,경량전철건설 정부시범사업으로 선정,,1992-08-12 00:00:00,미부착,,개방 가능,공공누리 1유형,,,O,,,,,단순 정보,
2829,철도산업정보센터,HOME > 철도역사관 > 철도통합연표,철도통합연표,폐역,,1992-08-20 00:00:00,미부착,,개방 가능,공공누리 1유형,,,O,,,,,단순 정보,
2830,철도산업정보센터,HOME > 철도역사관 > 철도통합연표,철도통합연표,울산시내 동해남부선 철도 이설에 따라 보통역으로 영업개시,,1992-08-20 00:00:00,미부착,,개방 가능,공공누리 1유형,,,O,,,,,단순 정보,
2831,철도산업정보센터,HOME > 철도역사관 > 철도통합연표,철도통합연표,폐역,,1992-08-20 00:00:00,미부착,,개방 가능,공공누리 1유형,,,O,,,,,단순 정보,
2832,철도산업정보센터,HOME > 철도역사관 > 철도통합연표,철도통합연표,신호장으로 영업개시,,1992-08-20 00:00:00,미부착,,개방 가능,공공누리 1유형,,,O,,,,,단순 정보,
2833,철도산업정보센터,HOME > 철도역사관 > 철도통합연표,철도통합연표,폐역,,1992-08-20 00:00:00,미부착,,개방 가능,공공누리 1유형,,,O,,,,,단순 정보,
2834,철도산업정보센터,HOME > 철도역사관 > 철도통합연표,철도통합연표,행정사무관역으로 승격,,1992-08-20 00:00:00,미부착,,개방 가능,공공누리 1유형,,,O,,,,,단순 정보,
2835,철도산업정보센터,HOME > 철도역사관 > 철도통합연표,철도통합연표,역사신축이전.,,1992-08-20 00:00:00,미부착,,개방 가능,공공누리 1유형,,,O,,,,,단순 정보,
2836,철도산업정보센터,HOME > 철도역사관 > 철도통합연표,철도통합연표,군전용선내 역사준공,,1992-08-28 00:00:00,미부착,,개방 가능,공공누리 1유형,,,O,,,,,단순 정보,
2837,철도산업정보센터,HOME > 철도역사관 > 철도통합연표,철도통합연표,신연무대역 준공,,1992-08-28 00:00:00,미부착,,개방 가능,공공누리 1유형,,,O,,,,,단순 정보,
2838,철도산업정보센터,HOME > 철도역사관 > 철도통합연표,철도통합연표,역사준공,,1992-09-18 00:00:00,미부착,,개방 가능,공공누리 1유형,,,O,,,,,단순 정보,
2839,철도산업정보센터,HOME > 철도역사관 > 철도통합연표,철도통합연표,"목포~서울간 통일호 열차 1왕복 정차(352,353열차)",,1992-10-01 00:00:00,미부착,,개방 가능,공공누리 1유형,,,O,,,,,단순 정보,
2840,철도산업정보센터,HOME > 철도역사관 > 철도통합연표,철도통합연표,역사준공,,1992-10-14 00:00:00,미부착,,개방 가능,공공누리 1유형,,,O,,,,,단순 정보,
2841,철도산업정보센터,HOME > 철도역사관 > 철도통합연표,철도통합연표,폐역,,1992-11-01 00:00:00,미부착,,개방 가능,공공누리 1유형,,,O,,,,,단순 정보,
2842,철도산업정보센터,HOME > 철도역사관 > 철도통합연표,철도통합연표,중앙선 서경주삼각선의 이설에 따라 서경주신호장을 폐지하고 신호장으로 영업개시,,1992-11-01 00:00:00,미부착,,개방 가능,공공누리 1유형,,,O,,,,,단순 정보,
2843,철도산업정보센터,HOME > 철도역사관 > 철도통합연표,철도통합연표,금장신호장 개통으로 경주삼각선 신설,,1992-11-01 00:00:00,미부착,,개방 가능,공공누리 1유형,,,O,,,,,단순 정보,
2844,철도산업정보센터,HOME > 철도역사관 > 철도통합연표,철도통합연표,을종승차권대매소 폐지,,1992-11-01 00:00:00,미부착,,개방 가능,공공누리 1유형,,,O,,,,,단순 정보,
2845,철도산업정보센터,HOME > 철도역사관 > 철도통합연표,철도통합연표,서울-포항간 새마을호 운행개시,,1992-12-05 00:00:00,미부착,,개방 가능,공공누리 1유형,,,O,,,,,단순 정보,
2846,철도산업정보센터,HOME > 철도역사관 > 철도통합연표,철도통합연표,포항~학산간 화물 취급 중지.,,1992-12-08 00:00:00,미부착,,개방 가능,공공누리 1유형,,,O,,,,,단순 정보,
2847,철도산업정보센터,HOME > 철도역사관 > 철도통합연표,철도통합연표,무연탄화물도착취급역지정(수입탄한 폐지),,1992-12-09 00:00:00,미부착,,개방 가능,공공누리 1유형,,,O,,,,,단순 정보,
2848,철도산업정보센터,HOME > 철도역사관 > 철도통합연표,철도통합연표,군전용선 부설,,1992-12-14 00:00:00,미부착,,개방 가능,공공누리 1유형,,,O,,,,,단순 정보,
2849,철도산업정보센터,HOME > 철도역사관 > 철도통합연표,철도통합연표,차내취급역으로 지정,,1993-00-00,미부착,,개방 가능,공공누리 1유형,,,O,,,,,단순 정보,
2850,철도산업정보센터,HOME > 철도역사관 > 철도통합연표,철도통합연표,컨테이너야드 조성 및 컨테이너화물 수송개시,,1993-01-11 00:00:00,미부착,,개방 가능,공공누리 1유형,,,O,,,,,단순 정보,
2851,철도산업정보센터,HOME > 철도역사관 > 철도통합연표,철도통합연표,과천선 개통,,1993-01-15 00:00:00,미부착,,개방 가능,공공누리 1유형,,,O,,,,,단순 정보,
2852,철도산업정보센터,HOME > 철도역사관 > 철도통합연표,철도통합연표,차내취급역으로 지정,,1993-01-15 00:00:00,미부착,,개방 가능,공공누리 1유형,,,O,,,,,단순 정보,
2853,철도산업정보센터,HOME > 철도역사관 > 철도통합연표,철도통합연표,보통역으로 승격,,1993-01-15 00:00:00,미부착,,개방 가능,공공누리 1유형,,,O,,,,,단순 정보,
2854,철도산업정보센터,HOME > 철도역사관 > 철도통합연표,철도통합연표,"금정 - 인덕원 구간 개통, 안산선과 직결 시작",,1993-01-15 00:00:00,미부착,,개방 가능,공공누리 1유형,,,O,,,,,단순 정보,
2855,철도산업정보센터,HOME > 철도역사관 > 철도통합연표,철도통합연표,과천선(금정～인덕원) 부분 개통,,1993-01-15 00:00:00,미부착,,개방 가능,공공누리 1유형,,,O,,,,,단순 정보,
2856,철도산업정보센터,HOME > 철도역사관 > 철도통합연표,철도통합연표,제14대 대통령 공약사업으로 대구선 이설이 확정되었다.,,1993-02-00,미부착,,개방 가능,공공누리 1유형,,,O,,,,,단순 정보,
2857,철도산업정보센터,HOME > 철도역사관 > 철도통합연표,철도통합연표,단말기 설치 영업,,1993-02-01 00:00:00,미부착,,개방 가능,공공누리 1유형,,,O,,,,,단순 정보,
2858,철도산업정보센터,HOME > 철도역사관 > 철도통합연표,철도통합연표,대매소 폐지(차내취급역 지정),,1993-02-01 00:00:00,미부착,,개방 가능,공공누리 1유형,,,O,,,,,단순 정보,
2859,철도산업정보센터,HOME > 철도역사관 > 철도통합연표,철도통합연표,무연탄화물도착취급역지정취소,,1993-02-15 00:00:00,미부착,,개방 가능,공공누리 1유형,,,O,,,,,단순 정보,
2860,철도산업정보센터,HOME > 철도역사관 > 철도통합연표,철도통합연표,무연탄도착화물취급역 지정취소,,1993-02-15 00:00:00,미부착,,개방 가능,공공누리 1유형,,,O,,,,,단순 정보,
2861,철도산업정보센터,HOME > 철도역사관 > 철도통합연표,철도통합연표,역명변경(구단양→단성),,1993-03-01 00:00:00,미부착,,개방 가능,공공누리 1유형,,,O,,,,,단순 정보,
2862,철도산업정보센터,HOME > 철도역사관 > 철도통합연표,철도통합연표,을종승차권 대매소로 지정,,1993-03-01 00:00:00,미부착,,개방 가능,공공누리 1유형,,,O,,,,,단순 정보,
2863,철도산업정보센터,HOME > 철도역사관 > 철도통합연표,철도통합연표,무배치간이역으로 격하,,1993-03-11 00:00:00,미부착,,개방 가능,공공누리 1유형,,,O,,,,,단순 정보,
2864,철도산업정보센터,HOME > 철도역사관 > 철도통합연표,철도통합연표,무배치간이역(을종위탁발매소)으로 격하,,1993-03-11 00:00:00,미부착,,개방 가능,공공누리 1유형,,,O,,,,,단순 정보,
2865,철도산업정보센터,HOME > 철도역사관 > 철도통합연표,철도통합연표,무배치간이역으로 격하.,,1993-03-20 00:00:00,미부착,,개방 가능,공공누리 1유형,,,O,,,,,단순 정보,
2866,철도산업정보센터,HOME > 철도역사관 > 철도통합연표,철도통합연표,무배치간이역으로 격하 및 화물취급 중지,,1993-03-20 00:00:00,미부착,,개방 가능,공공누리 1유형,,,O,,,,,단순 정보,
2867,철도산업정보센터,HOME > 철도역사관 > 철도통합연표,철도통합연표,상계 - 당고개 연장 개통으로 인한 당고개역 신설,,1993-04-00,미부착,,개방 가능,공공누리 1유형,,,O,,,,,단순 정보,
2868,철도산업정보센터,HOME > 철도역사관 > 철도통합연표,철도통합연표,승차권 발매중지.,,1993-04-05 00:00:00,미부착,,개방 가능,공공누리 1유형,,,O,,,,,단순 정보,
2869,철도산업정보센터,HOME > 철도역사관 > 철도통합연표,철도통합연표,소화물 취급 중지.,,1993-04-10 00:00:00,미부착,,개방 가능,공공누리 1유형,,,O,,,,,단순 정보,
2870,철도산업정보센터,HOME > 철도역사관 > 철도통합연표,철도통합연표,소화물취급 중지,,1993-04-10 00:00:00,미부착,,개방 가능,공공누리 1유형,,,O,,,,,단순 정보,
2871,철도산업정보센터,HOME > 철도역사관 > 철도통합연표,철도통합연표,소화물 취급 중지,,1993-04-10 00:00:00,미부착,,개방 가능,공공누리 1유형,,,O,,,,,단순 정보,
2872,철도산업정보센터,HOME > 철도역사관 > 철도통합연표,철도통합연표,차내취급역으로 지정.,,1993-04-14 00:00:00,미부착,,개방 가능,공공누리 1유형,,,O,,,,,단순 정보,
2873,철도산업정보센터,HOME > 철도역사관 > 철도통합연표,철도통합연표,차내취급역으로 지정.,,1993-04-15 00:00:00,미부착,,개방 가능,공공누리 1유형,,,O,,,,,단순 정보,
2874,철도산업정보센터,HOME > 철도역사관 > 철도통합연표,철도통합연표,비둘기호 승차권발매중지(차내취급),,1993-04-15 00:00:00,미부착,,개방 가능,공공누리 1유형,,,O,,,,,단순 정보,
2875,철도산업정보센터,HOME > 철도역사관 > 철도통합연표,철도통합연표,차내취급역으로 지정,,1993-04-15 00:00:00,미부착,,개방 가능,공공누리 1유형,,,O,,,,,단순 정보,
2876,철도산업정보센터,HOME > 철도역사관 > 철도통합연표,철도통합연표,승차권 발매중지(차내취급),,1993-04-15 00:00:00,미부착,,개방 가능,공공누리 1유형,,,O,,,,,단순 정보,
2877,철도산업정보센터,HOME > 철도역사관 > 철도통합연표,철도통합연표,비둘기호 승차권 발매중지(차내취급),,1993-04-15 00:00:00,미부착,,개방 가능,공공누리 1유형,,,O,,,,,단순 정보,
2878,철도산업정보센터,HOME > 철도역사관 > 철도통합연표,철도통합연표,승차권 차내취급역으로 지정.,,1993-04-15 00:00:00,미부착,,개방 가능,공공누리 1유형,,,O,,,,,단순 정보,
2879,철도산업정보센터,HOME > 철도역사관 > 철도통합연표,철도통합연표,여객취급 중지,,1993-04-15 00:00:00,미부착,,개방 가능,공공누리 1유형,,,O,,,,,단순 정보,
2880,철도산업정보센터,HOME > 철도역사관 > 철도통합연표,철도통합연표,4호선 연장구간 개통(상계~당고개 3.4km),,1993-04-21 00:00:00,미부착,,개방 가능,공공누리 1유형,,,O,,,,,단순 정보,
2881,철도산업정보센터,HOME > 철도역사관 > 철도통합연표,철도통합연표,차내취급역으로 지정,,1993-05-01 00:00:00,미부착,,개방 가능,공공누리 1유형,,,O,,,,,단순 정보,
2882,철도산업정보센터,HOME > 철도역사관 > 철도통합연표,철도통합연표,승차권 차내취급역으로 지정,,1993-05-01 00:00:00,미부착,,개방 가능,공공누리 1유형,,,O,,,,,단순 정보,
2883,철도산업정보센터,HOME > 철도역사관 > 철도통합연표,철도통합연표,여객취급 개시(비둘기호).,,1993-05-01 00:00:00,미부착,,개방 가능,공공누리 1유형,,,O,,,,,단순 정보,
2884,철도산업정보센터,HOME > 철도역사관 > 철도통합연표,철도통합연표,11창 군전용선 유치.,,1993-05-11 00:00:00,미부착,,개방 가능,공공누리 1유형,,,O,,,,,단순 정보,
2885,철도산업정보센터,HOME > 철도역사관 > 철도통합연표,철도통합연표,화물하치장 확장정비 및 태원물산석고화물출하개시,,1993-06-10 00:00:00,미부착,,개방 가능,공공누리 1유형,,,O,,,,,단순 정보,
2886,철도산업정보센터,HOME > 철도역사관 > 철도통합연표,철도통합연표,역명개정(금곡리→금곡),,1993-07-01 00:00:00,미부착,,개방 가능,공공누리 1유형,,,O,,,,,단순 정보,
2887,철도산업정보센터,HOME > 철도역사관 > 철도통합연표,철도통합연표,배치간이역으로 격하,,1993-07-01 00:00:00,미부착,,개방 가능,공공누리 1유형,,,O,,,,,단순 정보,
2888,철도산업정보센터,HOME > 철도역사관 > 철도통합연표,철도통합연표,무배치간이역으로 격하,,1993-07-01 00:00:00,미부착,,개방 가능,공공누리 1유형,,,O,,,,,단순 정보,
2889,철도산업정보센터,HOME > 철도역사관 > 철도통합연표,철도통합연표,무배치간이역으로 격하 및 화물취급 중지,,1993-07-01 00:00:00,미부착,,개방 가능,공공누리 1유형,,,O,,,,,단순 정보,
2890,철도산업정보센터,HOME > 철도역사관 > 철도통합연표,철도통합연표,지하철 건설공사 착공,,1993-07-05 00:00:00,미부착,,개방 가능,공공누리 1유형,,,O,,,,,단순 정보,
2891,철도산업정보센터,HOME > 철도역사관 > 철도통합연표,철도통합연표,역무원을 수송원으로 직명변경,,1993-07-06 00:00:00,미부착,,개방 가능,공공누리 1유형,,,O,,,,,단순 정보,
2892,철도산업정보센터,HOME > 철도역사관 > 철도통합연표,철도통합연표,"목포~부산 통일호 열차 정차 영업개시(468,467열차)",,1993-07-15 00:00:00,미부착,,개방 가능,공공누리 1유형,,,O,,,,,단순 정보,
2893,철도산업정보센터,HOME > 철도역사관 > 철도통합연표,철도통합연표,보통역으로 승격,,1993-07-15 00:00:00,미부착,,개방 가능,공공누리 1유형,,,O,,,,,단순 정보,
2894,철도산업정보센터,HOME > 철도역사관 > 철도통합연표,철도통합연표,화물취급 제한 해제,,1993-07-20 00:00:00,미부착,,개방 가능,공공누리 1유형,,,O,,,,,단순 정보,
2895,철도산업정보센터,HOME > 철도역사관 > 철도통합연표,철도통합연표,"조차장역 구내에 엑스포역 설치, 여객열차 정차",,1993-08-07 00:00:00,미부착,,개방 가능,공공누리 1유형,,,O,,,,,단순 정보,
2896,철도산업정보센터,HOME > 철도역사관 > 철도통합연표,철도통합연표,폐역,,1993-09-01 00:00:00,미부착,,개방 가능,공공누리 1유형,,,O,,,,,단순 정보,
2897,철도산업정보센터,HOME > 철도역사관 > 철도통합연표,철도통합연표,차내취급역으로 지정.,,1993-09-01 00:00:00,미부착,,개방 가능,공공누리 1유형,,,O,,,,,단순 정보,
2898,철도산업정보센터,HOME > 철도역사관 > 철도통합연표,철도통합연표,역사 준공.,,1993-09-25 00:00:00,미부착,,개방 가능,공공누리 1유형,,,O,,,,,단순 정보,
2899,철도산업정보센터,HOME > 철도역사관 > 철도통합연표,철도통합연표,열차내 이동무선 공중전화 설치 운용,,1993-10-01 00:00:00,미부착,,개방 가능,공공누리 1유형,,,O,,,,,단순 정보,
2900,철도산업정보센터,HOME > 철도역사관 > 철도통합연표,철도통합연표,을종승차권대매소로 변경,,1993-10-01 00:00:00,미부착,,개방 가능,공공누리 1유형,,,O,,,,,단순 정보,
2901,철도산업정보센터,HOME > 철도역사관 > 철도통합연표,철도통합연표,화물취급 중지.,,1993-10-10 00:00:00,미부착,,개방 가능,공공누리 1유형,,,O,,,,,단순 정보,
2902,철도산업정보센터,HOME > 철도역사관 > 철도통합연표,철도통합연표,주평역대신 무연탄도착화물취급역 지정,,1993-10-22 00:00:00,미부착,,개방 가능,공공누리 1유형,,,O,,,,,단순 정보,
2903,철도산업정보센터,HOME > 철도역사관 > 철도통합연표,철도통합연표,무연탄도착화물취급역 지정취소,,1993-10-22 00:00:00,미부착,,개방 가능,공공누리 1유형,,,O,,,,,단순 정보,
2904,철도산업정보센터,HOME > 철도역사관 > 철도통합연표,철도통합연표,현재의 역사 준공,,1993-10-25 00:00:00,미부착,,개방 가능,공공누리 1유형,,,O,,,,,단순 정보,
2905,철도산업정보센터,HOME > 철도역사관 > 철도통합연표,철도통합연표,"양재역-수서역(7.5km, 7개 역) 연장 개통.",,1993-10-30 00:00:00,미부착,,개방 가능,공공누리 1유형,,,O,,,,,단순 정보,
2906,철도산업정보센터,HOME > 철도역사관 > 철도통합연표,철도통합연표,3호선 연장구간 개통(양재~수서 9km),,1993-10-30 00:00:00,미부착,,개방 가능,공공누리 1유형,,,O,,,,,단순 정보,
2907,철도산업정보센터,HOME > 철도역사관 > 철도통합연표,철도통합연표,엑스포역 폐쇄,,1993-11-08 00:00:00,미부착,,개방 가능,공공누리 1유형,,,O,,,,,단순 정보,
2908,철도산업정보센터,HOME > 철도역사관 > 철도통합연표,철도통합연표,화물취급 중지,,1993-11-08 00:00:00,미부착,,개방 가능,공공누리 1유형,,,O,,,,,단순 정보,
2909,철도산업정보센터,HOME > 철도역사관 > 철도통합연표,철도통합연표,무배치간이역으로 격하,,1993-11-15 00:00:00,미부착,,개방 가능,공공누리 1유형,,,O,,,,,단순 정보,
2910,철도산업정보센터,HOME > 철도역사관 > 철도통합연표,철도통합연표,무배치간이역으로 격하.,,1993-11-15 00:00:00,미부착,,개방 가능,공공누리 1유형,,,O,,,,,단순 정보,
2911,철도산업정보센터,HOME > 철도역사관 > 철도통합연표,철도통합연표,배치간이역으로 격하,,1993-11-15 00:00:00,미부착,,개방 가능,공공누리 1유형,,,O,,,,,단순 정보,
2912,철도산업정보센터,HOME > 철도역사관 > 철도통합연표,철도통합연표,배치간이역(운전취급)으로 격하,,1993-11-15 00:00:00,미부착,,개방 가능,공공누리 1유형,,,O,,,,,단순 정보,
2913,철도산업정보센터,HOME > 철도역사관 > 철도통합연표,철도통합연표,화물취급 중지,,1993-11-15 00:00:00,미부착,,개방 가능,공공누리 1유형,,,O,,,,,단순 정보,
2914,철도산업정보센터,HOME > 철도역사관 > 철도통합연표,철도통합연표,무궁화호. 통일호. 비둘기호열차 전 정차역 집표생략,,1993-12-10 00:00:00,미부착,,개방 가능,공공누리 1유형,,,O,,,,,단순 정보,
2915,철도산업정보센터,HOME > 철도역사관 > 철도통합연표,철도통합연표,서울역문화관 개관,,1993-12-17 00:00:00,미부착,,개방 가능,공공누리 1유형,,,O,,,,,단순 정보,
2916,철도산업정보센터,HOME > 철도역사관 > 철도통합연표,철도통합연표,아화역 관리역으로 지정,,1993-12-25 00:00:00,미부착,,개방 가능,공공누리 1유형,,,O,,,,,단순 정보,
2917,철도산업정보센터,HOME > 철도역사관 > 철도통합연표,철도통합연표,서울 - 영등포간 3복선화,,1994-00-00,미부착,,개방 가능,공공누리 1유형,,,O,,,,,단순 정보,
2918,철도산업정보센터,HOME > 철도역사관 > 철도통합연표,철도통합연표,무학로 공사로 인하여 분기점인 석전사거리 부근에 철교 신설,,1994-00-00,미부착,,개방 가능,공공누리 1유형,,,O,,,,,단순 정보,
2919,철도산업정보센터,HOME > 철도역사관 > 철도통합연표,철도통합연표,소래-일리(한대앞) 폐선,,1994-00-00,미부착,,개방 가능,공공누리 1유형,,,O,,,,,단순 정보,
2920,철도산업정보센터,HOME > 철도역사관 > 철도통합연표,철도통합연표,소화물 취급 중지,,1994-01-01 00:00:00,미부착,,개방 가능,공공누리 1유형,,,O,,,,,단순 정보,
2921,철도산업정보센터,HOME > 철도역사관 > 철도통합연표,철도통합연표,소화물취급 중지,,1994-01-01 00:00:00,미부착,,개방 가능,공공누리 1유형,,,O,,,,,단순 정보,
2922,철도산업정보센터,HOME > 철도역사관 > 철도통합연표,철도통합연표,소화물 취급중지,,1994-01-01 00:00:00,미부착,,개방 가능,공공누리 1유형,,,O,,,,,단순 정보,
2923,철도산업정보센터,HOME > 철도역사관 > 철도통합연표,철도통합연표,소화물취급중지,,1994-01-01 00:00:00,미부착,,개방 가능,공공누리 1유형,,,O,,,,,단순 정보,
2924,철도산업정보센터,HOME > 철도역사관 > 철도통합연표,철도통합연표,소화물 취급 중지.,,1994-01-01 00:00:00,미부착,,개방 가능,공공누리 1유형,,,O,,,,,단순 정보,
2925,철도산업정보센터,HOME > 철도역사관 > 철도통합연표,철도통합연표,6호선 착공,,1994-01-08 00:00:00,미부착,,개방 가능,공공누리 1유형,,,O,,,,,단순 정보,
2926,철도산업정보센터,HOME > 철도역사관 > 철도통합연표,철도통합연표,6호선 착공,,1994-01-08 00:00:00,미부착,,개방 가능,공공누리 1유형,,,O,,,,,단순 정보,
2927,철도산업정보센터,HOME > 철도역사관 > 철도통합연표,철도통합연표,도시철도공사 설치조례 공포,,1994-01-10 00:00:00,미부착,,개방 가능,공공누리 1유형,,,O,,,,,단순 정보,
2928,철도산업정보센터,HOME > 철도역사관 > 철도통합연표,철도통합연표,운전간이역으로 영업개시,,1994-01-10 00:00:00,미부착,,개방 가능,공공누리 1유형,,,O,,,,,단순 정보,
2929,철도산업정보센터,HOME > 철도역사관 > 철도통합연표,철도통합연표,안산선공단역 영업개시,,1994-01-10 00:00:00,미부착,,개방 가능,공공누리 1유형,,,O,,,,,단순 정보,
2930,철도산업정보센터,HOME > 철도역사관 > 철도통합연표,철도통합연표,무배치간이역으로 격하,,1994-01-10 00:00:00,미부착,,개방 가능,공공누리 1유형,,,O,,,,,단순 정보,
2931,철도산업정보센터,HOME > 철도역사관 > 철도통합연표,철도통합연표,공단역 개업,,1994-01-10 00:00:00,미부착,,개방 가능,공공누리 1유형,,,O,,,,,단순 정보,
2932,철도산업정보센터,HOME > 철도역사관 > 철도통합연표,철도통합연표,화물취급 중지,,1994-01-11 00:00:00,미부착,,개방 가능,공공누리 1유형,,,O,,,,,단순 정보,
2933,철도산업정보센터,HOME > 철도역사관 > 철도통합연표,철도통합연표,화물 취급 중지,,1994-01-11 00:00:00,미부착,,개방 가능,공공누리 1유형,,,O,,,,,단순 정보,
2934,철도산업정보센터,HOME > 철도역사관 > 철도통합연표,철도통합연표,CY영업개시,,1994-01-13 00:00:00,미부착,,개방 가능,공공누리 1유형,,,O,,,,,단순 정보,
2935,철도산업정보센터,HOME > 철도역사관 > 철도통합연표,철도통합연표,배치간이역으로 격하,,1994-01-20 00:00:00,미부착,,개방 가능,공공누리 1유형,,,O,,,,,단순 정보,
2936,철도산업정보센터,HOME > 철도역사관 > 철도통합연표,철도통합연표,승차권 발매중지,,1994-01-20 00:00:00,미부착,,개방 가능,공공누리 1유형,,,O,,,,,단순 정보,
2937,철도산업정보센터,HOME > 철도역사관 > 철도통합연표,철도통합연표,삼탄역에서 원격제어 실시.,,1994-01-20 00:00:00,미부착,,개방 가능,공공누리 1유형,,,O,,,,,단순 정보,
2938,철도산업정보센터,HOME > 철도역사관 > 철도통합연표,철도통합연표,학성역 원격제어 운전취급역 지정,,1994-01-20 00:00:00,미부착,,개방 가능,공공누리 1유형,,,O,,,,,단순 정보,
2939,철도산업정보센터,HOME > 철도역사관 > 철도통합연표,철도통합연표,배치간이역으로 격하(호계역 관리),,1994-01-20 00:00:00,미부착,,개방 가능,공공누리 1유형,,,O,,,,,단순 정보,
2940,철도산업정보센터,HOME > 철도역사관 > 철도통합연표,철도통합연표,배치간이역으로 격하(나원역 관리),,1994-01-20 00:00:00,미부착,,개방 가능,공공누리 1유형,,,O,,,,,단순 정보,
2941,철도산업정보센터,HOME > 철도역사관 > 철도통합연표,철도통합연표,도시철도공사 설립인가,,1994-01-29 00:00:00,미부착,,개방 가능,공공누리 1유형,,,O,,,,,단순 정보,
2942,철도산업정보센터,HOME > 철도역사관 > 철도통합연표,철도통합연표,5급역으로 승격,,1994-02-01 00:00:00,미부착,,개방 가능,공공누리 1유형,,,O,,,,,단순 정보,
2943,철도산업정보센터,HOME > 철도역사관 > 철도통합연표,철도통합연표,연동폐색식으로 운전취급 방법 변경,,1994-02-01 00:00:00,미부착,,개방 가능,공공누리 1유형,,,O,,,,,단순 정보,
2944,철도산업정보센터,HOME > 철도역사관 > 철도통합연표,철도통합연표,사방역 관리.(원격제어 취급),,1994-02-04 00:00:00,미부착,,개방 가능,공공누리 1유형,,,O,,,,,단순 정보,
2945,철도산업정보센터,HOME > 철도역사관 > 철도통합연표,철도통합연표,4급역으로 승격,,1994-02-07 00:00:00,미부착,,개방 가능,공공누리 1유형,,,O,,,,,단순 정보,
2946,철도산업정보센터,HOME > 철도역사관 > 철도통합연표,철도통합연표,무연탄발송중지,,1994-03-01 00:00:00,미부착,,개방 가능,공공누리 1유형,,,O,,,,,단순 정보,
2947,철도산업정보센터,HOME > 철도역사관 > 철도통합연표,철도통합연표,도시철도공사 창립,,1994-03-15 00:00:00,미부착,,개방 가능,공공누리 1유형,,,O,,,,,단순 정보,
2948,철도산업정보센터,HOME > 철도역사관 > 철도통합연표,철도통합연표,22개 역명 결정,,1994-03-19 00:00:00,미부착,,개방 가능,공공누리 1유형,,,O,,,,,단순 정보,
2949,철도산업정보센터,HOME > 철도역사관 > 철도통합연표,철도통합연표,군포전철변전소 준공식 거행,,1994-03-20 00:00:00,미부착,,개방 가능,공공누리 1유형,,,O,,,,,단순 정보,
2950,철도산업정보센터,HOME > 철도역사관 > 철도통합연표,철도통합연표,통일호 열차 정차.,,1994-03-31 00:00:00,미부착,,개방 가능,공공누리 1유형,,,O,,,,,단순 정보,
2951,철도산업정보센터,HOME > 철도역사관 > 철도통합연표,철도통합연표,"과천선 개통, 직결을 위해 남태령역 신설, 신차량 도입",,1994-04-00,미부착,,개방 가능,공공누리 1유형,,,O,,,,,단순 정보,
2952,철도산업정보센터,HOME > 철도역사관 > 철도통합연표,철도통합연표,4호선 연장구간 개통(사당~남태령 3.4km),,1994-04-01 00:00:00,미부착,,개방 가능,공공누리 1유형,,,O,,,,,단순 정보,
2953,철도산업정보센터,HOME > 철도역사관 > 철도통합연표,철도통합연표,운전취급상 단촌역을 관리역으로 지정,,1994-04-01 00:00:00,미부착,,개방 가능,공공누리 1유형,,,O,,,,,단순 정보,
2954,철도산업정보센터,HOME > 철도역사관 > 철도통합연표,철도통합연표,"인덕원 - 남태령 구간 개통, 서울 지하철 4호선과 직결 운행 시작",,1994-04-01 00:00:00,미부착,,개방 가능,공공누리 1유형,,,O,,,,,단순 정보,
2955,철도산업정보센터,HOME > 철도역사관 > 철도통합연표,철도통합연표,역폐지,,1994-04-25 00:00:00,미부착,,개방 가능,공공누리 1유형,,,O,,,,,단순 정보,
2956,철도산업정보센터,HOME > 철도역사관 > 철도통합연표,철도통합연표,소화물취급 재개,,1994-05-01 00:00:00,미부착,,개방 가능,공공누리 1유형,,,O,,,,,단순 정보,
2957,철도산업정보센터,HOME > 철도역사관 > 철도통합연표,철도통합연표,소화물 취급 재개,,1994-05-01 00:00:00,미부착,,개방 가능,공공누리 1유형,,,O,,,,,단순 정보,
2958,철도산업정보센터,HOME > 철도역사관 > 철도통합연표,철도통합연표,철도공사 설립준비단 발족,,1994-05-10 00:00:00,미부착,,개방 가능,공공누리 1유형,,,O,,,,,단순 정보,
2959,철도산업정보센터,HOME > 철도역사관 > 철도통합연표,철도통합연표,컨테이너야드 조성.,,1994-05-17 00:00:00,미부착,,개방 가능,공공누리 1유형,,,O,,,,,단순 정보,
2960,철도산업정보센터,HOME > 철도역사관 > 철도통합연표,철도통합연표,컨테이너 화물 한 화물취급 지정,,1994-05-30 00:00:00,미부착,,개방 가능,공공누리 1유형,,,O,,,,,단순 정보,
2961,철도산업정보센터,HOME > 철도역사관 > 철도통합연표,철도통합연표,구 사천선을 전용선으로 개통,,1994-05-30 00:00:00,미부착,,개방 가능,공공누리 1유형,,,O,,,,,단순 정보,
2962,철도산업정보센터,HOME > 철도역사관 > 철도통합연표,철도통합연표,서대신동 - 신평 6.4km 연장구간 개통,,1994-06-23 00:00:00,미부착,,개방 가능,공공누리 1유형,,,O,,,,,단순 정보,
2963,철도산업정보센터,HOME > 철도역사관 > 철도통합연표,철도통합연표,4단계구간 개통(서대신동~신평 6.4㎞),,1994-06-23 00:00:00,미부착,,개방 가능,공공누리 1유형,,,O,,,,,단순 정보,
2964,철도산업정보센터,HOME > 철도역사관 > 철도통합연표,철도통합연표,운전간이역으로 영업개시,,1994-07-11 00:00:00,미부착,,개방 가능,공공누리 1유형,,,O,,,,,단순 정보,
2965,철도산업정보센터,HOME > 철도역사관 > 철도통합연표,철도통합연표,영업개시,,1994-07-11 00:00:00,미부착,,개방 가능,공공누리 1유형,,,O,,,,,단순 정보,
2966,철도산업정보센터,HOME > 철도역사관 > 철도통합연표,철도통합연표,주사역으로 격하,,1994-07-11 00:00:00,미부착,,개방 가능,공공누리 1유형,,,O,,,,,단순 정보,
2967,철도산업정보센터,HOME > 철도역사관 > 철도통합연표,철도통합연표,경인선 간석역 개통,,1994-07-11 00:00:00,미부착,,개방 가능,공공누리 1유형,,,O,,,,,단순 정보,
2968,철도산업정보센터,HOME > 철도역사관 > 철도통합연표,철도통합연표,경인선 도원역 개통,,1994-07-11 00:00:00,미부착,,개방 가능,공공누리 1유형,,,O,,,,,단순 정보,
2969,철도산업정보센터,HOME > 철도역사관 > 철도통합연표,철도통합연표,한국 철도산업기술 연구원 발족,,1994-07-28 00:00:00,미부착,,개방 가능,공공누리 1유형,,,O,,,,,단순 정보,
2970,철도산업정보센터,HOME > 철도역사관 > 철도통합연표,철도통합연표,P.C통신 이용 철도정보 안내 서비스 개시,,1994-08-01 00:00:00,미부착,,개방 가능,공공누리 1유형,,,O,,,,,단순 정보,
2971,철도산업정보센터,HOME > 철도역사관 > 철도통합연표,철도통합연표,임시승강장으로 개역,,1994-08-21 00:00:00,미부착,,개방 가능,공공누리 1유형,,,O,,,,,단순 정보,
2972,철도산업정보센터,HOME > 철도역사관 > 철도통합연표,철도통합연표,서울교외선에 주말 증기기관차 관광열차운행,,1994-08-21 00:00:00,미부착,,개방 가능,공공누리 1유형,,,O,,,,,단순 정보,
2973,철도산업정보센터,HOME > 철도역사관 > 철도통합연표,철도통합연표,수서 - 오리 개통,,1994-09-01 00:00:00,미부착,,개방 가능,공공누리 1유형,,,O,,,,,단순 정보,
2974,철도산업정보센터,HOME > 철도역사관 > 철도통합연표,철도통합연표,분당선(수서～오리)전철 18.5km 개통,,1994-09-01 00:00:00,미부착,,개방 가능,공공누리 1유형,,,O,,,,,단순 정보,
2975,철도산업정보센터,HOME > 철도역사관 > 철도통합연표,철도통합연표,수인선 중앙역 폐역,,1994-09-01 00:00:00,미부착,,개방 가능,공공누리 1유형,,,O,,,,,단순 정보,
2976,철도산업정보센터,HOME > 철도역사관 > 철도통합연표,철도통합연표,수인선 고잔역 폐지,,1994-09-01 00:00:00,미부착,,개방 가능,공공누리 1유형,,,O,,,,,단순 정보,
2977,철도산업정보센터,HOME > 철도역사관 > 철도통합연표,철도통합연표,폐역,,1994-09-01 00:00:00,미부착,,개방 가능,공공누리 1유형,,,O,,,,,단순 정보,
2978,철도산업정보센터,HOME > 철도역사관 > 철도통합연표,철도통합연표,폐역,,1994-09-01 00:00:00,미부착,,개방 가능,공공누리 1유형,,,O,,,,,단순 정보,
2979,철도산업정보센터,HOME > 철도역사관 > 철도통합연표,철도통합연표,폐역,,1994-09-01 00:00:00,미부착,,개방 가능,공공누리 1유형,,,O,,,,,단순 정보,
2980,철도산업정보센터,HOME > 철도역사관 > 철도통합연표,철도통합연표,폐역,,1994-09-01 00:00:00,미부착,,개방 가능,공공누리 1유형,,,O,,,,,단순 정보,
2981,철도산업정보센터,HOME > 철도역사관 > 철도통합연표,철도통합연표,폐역,,1994-09-01 00:00:00,미부착,,개방 가능,공공누리 1유형,,,O,,,,,단순 정보,
2982,철도산업정보센터,HOME > 철도역사관 > 철도통합연표,철도통합연표,폐역,,1994-09-01 00:00:00,미부착,,개방 가능,공공누리 1유형,,,O,,,,,단순 정보,
2983,철도산업정보센터,HOME > 철도역사관 > 철도통합연표,철도통합연표,폐역,,1994-09-01 00:00:00,미부착,,개방 가능,공공누리 1유형,,,O,,,,,단순 정보,
2984,철도산업정보센터,HOME > 철도역사관 > 철도통합연표,철도통합연표,폐역,,1994-09-01 00:00:00,미부착,,개방 가능,공공누리 1유형,,,O,,,,,단순 정보,
2985,철도산업정보센터,HOME > 철도역사관 > 철도통합연표,철도통합연표,송도역 구간 폐지로 수인선 종착역이 됨,,1994-09-01 00:00:00,미부착,,개방 가능,공공누리 1유형,,,O,,,,,단순 정보,
2986,철도산업정보센터,HOME > 철도역사관 > 철도통합연표,철도통합연표,송도역 구간 폐지로 수인선 종착역이 됨,,1994-09-01 00:00:00,미부착,,개방 가능,공공누리 1유형,,,O,,,,,단순 정보,
2987,철도산업정보센터,HOME > 철도역사관 > 철도통합연표,철도통합연표,현재의 역사 신축.,,1994-09-08 00:00:00,미부착,,개방 가능,공공누리 1유형,,,O,,,,,단순 정보,
2988,철도산업정보센터,HOME > 철도역사관 > 철도통합연표,철도통합연표,화물취급 중지,,1994-09-10 00:00:00,미부착,,개방 가능,공공누리 1유형,,,O,,,,,단순 정보,
2989,철도산업정보센터,HOME > 철도역사관 > 철도통합연표,철도통합연표,전라선 개량공사로 신축이전,,1994-09-24 00:00:00,미부착,,개방 가능,공공누리 1유형,,,O,,,,,단순 정보,
2990,철도산업정보센터,HOME > 철도역사관 > 철도통합연표,철도통합연표,"대구, 광주에 전기사무소 신설",,1994-10-01 00:00:00,미부착,,개방 가능,공공누리 1유형,,,O,,,,,단순 정보,
2991,철도산업정보센터,HOME > 철도역사관 > 철도통합연표,철도통합연표,"콘테이너 하치장 준공, 콘테이너선 연장공사(243m)",,1994-10-14 00:00:00,미부착,,개방 가능,공공누리 1유형,,,O,,,,,단순 정보,
2992,철도산업정보센터,HOME > 철도역사관 > 철도통합연표,철도통합연표,서면 ~ 장산 구간 착공,,1994-10-27 00:00:00,미부착,,개방 가능,공공누리 1유형,,,O,,,,,단순 정보,
2993,철도산업정보센터,HOME > 철도역사관 > 철도통합연표,철도통합연표,2호선 2단계구간 착공(서면~장산 16.3㎞),,1994-10-27 00:00:00,미부착,,개방 가능,공공누리 1유형,,,O,,,,,단순 정보,
2994,철도산업정보센터,HOME > 철도역사관 > 철도통합연표,철도통합연표,기적소리 봉사센터 및 국민제안창구 설치 운영개시,,1994-11-21 00:00:00,미부착,,개방 가능,공공누리 1유형,,,O,,,,,단순 정보,
2995,철도산업정보센터,HOME > 철도역사관 > 철도통합연표,철도통합연표,경부고속철도 운영준비단 설치,,1994-12-01 00:00:00,미부착,,개방 가능,공공누리 1유형,,,O,,,,,단순 정보,
2996,철도산업정보센터,HOME > 철도역사관 > 철도통합연표,철도통합연표,역명변경(성대앞→성균관대),,1994-12-01 00:00:00,미부착,,개방 가능,공공누리 1유형,,,O,,,,,단순 정보,
2997,철도산업정보센터,HOME > 철도역사관 > 철도통합연표,철도통합연표,화물취급중지,,1994-12-01 00:00:00,미부착,,개방 가능,공공누리 1유형,,,O,,,,,단순 정보,
2998,철도산업정보센터,HOME > 철도역사관 > 철도통합연표,철도통합연표,제 1기계연동장치 사용개시,,1994-12-01 00:00:00,미부착,,개방 가능,공공누리 1유형,,,O,,,,,단순 정보,
2999,철도산업정보센터,HOME > 철도역사관 > 철도통합연표,철도통합연표,현재의 역사를 준공.,,1994-12-09 00:00:00,미부착,,개방 가능,공공누리 1유형,,,O,,,,,단순 정보,
3000,철도산업정보센터,HOME > 철도역사관 > 철도통합연표,철도통합연표,성신양회 전용선 영업개시,,1994-12-24 00:00:00,미부착,,개방 가능,공공누리 1유형,,,O,,,,,단순 정보,
3001,철도산업정보센터,HOME > 철도역사관 > 철도통합연표,철도통합연표,3호선의 최초 노선 기본계획 수립,,1995-00-00,미부착,,개방 가능,공공누리 1유형,,,O,,,,,단순 정보,
3002,철도산업정보센터,HOME > 철도역사관 > 철도통합연표,철도통합연표,최초 3호선 기본계획 수립,,1995-00-00,미부착,,개방 가능,공공누리 1유형,,,O,,,,,단순 정보,
3003,철도산업정보센터,HOME > 철도역사관 > 철도통합연표,철도통합연표,대구광역시 지하철 운영기획단 구성,,1995-01-01 00:00:00,미부착,,개방 가능,공공누리 1유형,,,O,,,,,단순 정보,
3004,철도산업정보센터,HOME > 철도역사관 > 철도통합연표,철도통합연표,춘포역 원격제어,,1995-01-01 00:00:00,미부착,,개방 가능,공공누리 1유형,,,O,,,,,단순 정보,
3005,철도산업정보센터,HOME > 철도역사관 > 철도통합연표,철도통합연표,"피제어역(성산, 신풍역)제어",,1995-01-01 00:00:00,미부착,,개방 가능,공공누리 1유형,,,O,,,,,단순 정보,
3006,철도산업정보센터,HOME > 철도역사관 > 철도통합연표,철도통합연표,보통역 승격,,1995-01-10 00:00:00,미부착,,개방 가능,공공누리 1유형,,,O,,,,,단순 정보,
3007,철도산업정보센터,HOME > 철도역사관 > 철도통합연표,철도통합연표,역명변경(정주→정읍),,1995-01-10 00:00:00,미부착,,개방 가능,공공누리 1유형,,,O,,,,,단순 정보,
3008,철도산업정보센터,HOME > 철도역사관 > 철도통합연표,철도통합연표,컨테이너(CY) 취급,,1995-01-10 00:00:00,미부착,,개방 가능,공공누리 1유형,,,O,,,,,단순 정보,
3009,철도산업정보센터,HOME > 철도역사관 > 철도통합연표,철도통합연표,제 1종 기계연동장치 피제어역지정(평은역 제어),,1995-01-10 00:00:00,미부착,,개방 가능,공공누리 1유형,,,O,,,,,단순 정보,
3010,철도산업정보센터,HOME > 철도역사관 > 철도통합연표,철도통합연표,평은-문수간 원격제어 사용개시(피제어역 문수역),,1995-01-10 00:00:00,미부착,,개방 가능,공공누리 1유형,,,O,,,,,단순 정보,
3011,철도산업정보센터,HOME > 철도역사관 > 철도통합연표,철도통합연표,승차권발매중지(차내취급),,1995-01-10 00:00:00,미부착,,개방 가능,공공누리 1유형,,,O,,,,,단순 정보,
3012,철도산업정보센터,HOME > 철도역사관 > 철도통합연표,철도통합연표,차내취급역으로 지정.,,1995-01-10 00:00:00,미부착,,개방 가능,공공누리 1유형,,,O,,,,,단순 정보,
3013,철도산업정보센터,HOME > 철도역사관 > 철도통합연표,철도통합연표,차내취급역지정,,1995-01-10 00:00:00,미부착,,개방 가능,공공누리 1유형,,,O,,,,,단순 정보,
3014,철도산업정보센터,HOME > 철도역사관 > 철도통합연표,철도통합연표,"콘테이너 수송개시, 2번 검수선 폐지",,1995-01-16 00:00:00,미부착,,개방 가능,공공누리 1유형,,,O,,,,,단순 정보,
3015,철도산업정보센터,HOME > 철도역사관 > 철도통합연표,철도통합연표,동양시멘트 양회사일로 준공.,,1995-01-18 00:00:00,미부착,,개방 가능,공공누리 1유형,,,O,,,,,단순 정보,
3016,철도산업정보센터,HOME > 철도역사관 > 철도통합연표,철도통합연표,컨테이너 화물한 취급 지정,,1995-02-01 00:00:00,미부착,,개방 가능,공공누리 1유형,,,O,,,,,단순 정보,
3017,철도산업정보센터,HOME > 철도역사관 > 철도통합연표,철도통합연표,화물취급 중지,,1995-02-01 00:00:00,미부착,,개방 가능,공공누리 1유형,,,O,,,,,단순 정보,
3018,철도산업정보센터,HOME > 철도역사관 > 철도통합연표,철도통합연표,화물취급 개시,,1995-02-01 00:00:00,미부착,,개방 가능,공공누리 1유형,,,O,,,,,단순 정보,
3019,철도산업정보센터,HOME > 철도역사관 > 철도통합연표,철도통합연표,(주)국보 컨테이너 영업개시.,,1995-02-08 00:00:00,미부착,,개방 가능,공공누리 1유형,,,O,,,,,단순 정보,
3020,철도산업정보센터,HOME > 철도역사관 > 철도통합연표,철도통합연표,"목포~순천 통일호 열차 신설운행 고막원역 정차(591, 594열차)",,1995-02-09 00:00:00,미부착,,개방 가능,공공누리 1유형,,,O,,,,,단순 정보,
3021,철도산업정보센터,HOME > 철도역사관 > 철도통합연표,철도통합연표,승차권 단말기 설치,,1995-02-13 00:00:00,미부착,,개방 가능,공공누리 1유형,,,O,,,,,단순 정보,
3022,철도산업정보센터,HOME > 철도역사관 > 철도통합연표,철도통합연표,운전간이역으로 영업개시,,1995-02-16 00:00:00,미부착,,개방 가능,공공누리 1유형,,,O,,,,,단순 정보,
3023,철도산업정보센터,HOME > 철도역사관 > 철도통합연표,철도통합연표,"경인선 구일역 준공, 영업개시",,1995-02-16 00:00:00,미부착,,개방 가능,공공누리 1유형,,,O,,,,,단순 정보,
3024,철도산업정보센터,HOME > 철도역사관 > 철도통합연표,철도통합연표,배치간이역으로 격하,,1995-02-16 00:00:00,미부착,,개방 가능,공공누리 1유형,,,O,,,,,단순 정보,
3025,철도산업정보센터,HOME > 철도역사관 > 철도통합연표,철도통합연표,역명개정(두평→탄부),,1995-02-16 00:00:00,미부착,,개방 가능,공공누리 1유형,,,O,,,,,단순 정보,
3026,철도산업정보센터,HOME > 철도역사관 > 철도통합연표,철도통합연표,경인선 구일역 개통,,1995-02-16 00:00:00,미부착,,개방 가능,공공누리 1유형,,,O,,,,,단순 정보,
3027,철도산업정보센터,HOME > 철도역사관 > 철도통합연표,철도통합연표,소화물취급 중지,,1995-02-20 00:00:00,미부착,,개방 가능,공공누리 1유형,,,O,,,,,단순 정보,
3028,철도산업정보센터,HOME > 철도역사관 > 철도통합연표,철도통합연표,소화물 취급 중지,,1995-02-20 00:00:00,미부착,,개방 가능,공공누리 1유형,,,O,,,,,단순 정보,
3029,철도산업정보센터,HOME > 철도역사관 > 철도통합연표,철도통합연표,신선대부두 철송장 개설,,1995-03-11 00:00:00,미부착,,개방 가능,공공누리 1유형,,,O,,,,,단순 정보,
3030,철도산업정보센터,HOME > 철도역사관 > 철도통합연표,철도통합연표,역사신축,,1995-03-16 00:00:00,미부착,,개방 가능,공공누리 1유형,,,O,,,,,단순 정보,
3031,철도산업정보센터,HOME > 철도역사관 > 철도통합연표,철도통합연표,대구광역시 지하철공사 설치조례 공포,,1995-03-20 00:00:00,미부착,,개방 가능,공공누리 1유형,,,O,,,,,단순 정보,
3032,철도산업정보센터,HOME > 철도역사관 > 철도통합연표,철도통합연표,성북역 남부역(선상역) 영업개시,,1995-03-28 00:00:00,미부착,,개방 가능,공공누리 1유형,,,O,,,,,단순 정보,
3033,철도산업정보센터,HOME > 철도역사관 > 철도통합연표,철도통합연표,선릉 - 수서 착공,,1995-03-29 00:00:00,미부착,,개방 가능,공공누리 1유형,,,O,,,,,단순 정보,
3034,철도산업정보센터,HOME > 철도역사관 > 철도통합연표,철도통합연표,분당선 선릉～수서간 6.6km 착공,,1995-03-29 00:00:00,미부착,,개방 가능,공공누리 1유형,,,O,,,,,단순 정보,
3035,철도산업정보센터,HOME > 철도역사관 > 철도통합연표,철도통합연표,여객 취급 중지.,,1995-04-01 00:00:00,미부착,,개방 가능,공공누리 1유형,,,O,,,,,단순 정보,
3036,철도산업정보센터,HOME > 철도역사관 > 철도통합연표,철도통합연표,영업중지,,1995-04-01 00:00:00,미부착,,개방 가능,공공누리 1유형,,,O,,,,,단순 정보,
3037,철도산업정보센터,HOME > 철도역사관 > 철도통합연표,철도통합연표,"영업중지(단, 동5월31일까지 저탄된 탄수송을 위해 화물열차 운행)",,1995-04-01 00:00:00,미부착,,개방 가능,공공누리 1유형,,,O,,,,,단순 정보,
3038,철도산업정보센터,HOME > 철도역사관 > 철도통합연표,철도통합연표,영업중지,,1995-04-01 00:00:00,미부착,,개방 가능,공공누리 1유형,,,O,,,,,단순 정보,
3039,철도산업정보센터,HOME > 철도역사관 > 철도통합연표,철도통합연표,영업중지,,1995-04-01 00:00:00,미부착,,개방 가능,공공누리 1유형,,,O,,,,,단순 정보,
3040,철도산업정보센터,HOME > 철도역사관 > 철도통합연표,철도통합연표,배치간이역으로 격하,,1995-04-01 00:00:00,미부착,,개방 가능,공공누리 1유형,,,O,,,,,단순 정보,
3041,철도산업정보센터,HOME > 철도역사관 > 철도통합연표,철도통합연표,신선대부두 철송장 임시개통,,1995-04-01 00:00:00,미부착,,개방 가능,공공누리 1유형,,,O,,,,,단순 정보,
3042,철도산업정보센터,HOME > 철도역사관 > 철도통합연표,철도통합연표,한일시멘트전용선 사용개시,,1995-04-01 00:00:00,미부착,,개방 가능,공공누리 1유형,,,O,,,,,단순 정보,
3043,철도산업정보센터,HOME > 철도역사관 > 철도통합연표,철도통합연표,영업중지,,1995-04-01 00:00:00,미부착,,개방 가능,공공누리 1유형,,,O,,,,,단순 정보,
3044,철도산업정보센터,HOME > 철도역사관 > 철도통합연표,철도통합연표,영업중지,,1995-04-01 00:00:00,미부착,,개방 가능,공공누리 1유형,,,O,,,,,단순 정보,
3045,철도산업정보센터,HOME > 철도역사관 > 철도통합연표,철도통합연표,무배치간이역으로 격하,,1995-04-01 00:00:00,미부착,,개방 가능,공공누리 1유형,,,O,,,,,단순 정보,
3046,철도산업정보센터,HOME > 철도역사관 > 철도통합연표,철도통합연표,승차권발매 중지(차내취급),,1995-04-20 00:00:00,미부착,,개방 가능,공공누리 1유형,,,O,,,,,단순 정보,
3047,철도산업정보센터,HOME > 철도역사관 > 철도통합연표,철도통합연표,차내취급역으로 지정.,,1995-04-20 00:00:00,미부착,,개방 가능,공공누리 1유형,,,O,,,,,단순 정보,
3048,철도산업정보센터,HOME > 철도역사관 > 철도통합연표,철도통합연표,철도청 구내 자동착신전화(DID) 운용개시,,1995-05-08 00:00:00,미부착,,개방 가능,공공누리 1유형,,,O,,,,,단순 정보,
3049,철도산업정보센터,HOME > 철도역사관 > 철도통합연표,철도통합연표,추전역 상징탑 건립,,1995-05-30 00:00:00,미부착,,개방 가능,공공누리 1유형,,,O,,,,,단순 정보,
3050,철도산업정보센터,HOME > 철도역사관 > 철도통합연표,철도통합연표,5급역으로 승격,,1995-07-10 00:00:00,미부착,,개방 가능,공공누리 1유형,,,O,,,,,단순 정보,
3051,철도산업정보센터,HOME > 철도역사관 > 철도통합연표,철도통합연표,화물취급 중지.,,1995-07-20 00:00:00,미부착,,개방 가능,공공누리 1유형,,,O,,,,,단순 정보,
3052,철도산업정보센터,HOME > 철도역사관 > 철도통합연표,철도통합연표,흥전역관리지정,,1995-07-31 00:00:00,미부착,,개방 가능,공공누리 1유형,,,O,,,,,단순 정보,
3053,철도산업정보센터,HOME > 철도역사관 > 철도통합연표,철도통합연표,대구광역시 지하철공사 설립인가,,1995-08-01 00:00:00,미부착,,개방 가능,공공누리 1유형,,,O,,,,,단순 정보,
3054,철도산업정보센터,HOME > 철도역사관 > 철도통합연표,철도통합연표,유인신호장으로 승격,,1995-08-10 00:00:00,미부착,,개방 가능,공공누리 1유형,,,O,,,,,단순 정보,
3055,철도산업정보센터,HOME > 철도역사관 > 철도통합연표,철도통합연표,배치간이역으로 승격,,1995-08-10 00:00:00,미부착,,개방 가능,공공누리 1유형,,,O,,,,,단순 정보,
3056,철도산업정보센터,HOME > 철도역사관 > 철도통합연표,철도통합연표,보통역으로 승격.,,1995-08-10 00:00:00,미부착,,개방 가능,공공누리 1유형,,,O,,,,,단순 정보,
3057,철도산업정보센터,HOME > 철도역사관 > 철도통합연표,철도통합연표,유인신호장으로 승격,,1995-08-10 00:00:00,미부착,,개방 가능,공공누리 1유형,,,O,,,,,단순 정보,
3058,철도산업정보센터,HOME > 철도역사관 > 철도통합연표,철도통합연표,소화물취급 중지,,1995-09-01 00:00:00,미부착,,개방 가능,공공누리 1유형,,,O,,,,,단순 정보,
3059,철도산업정보센터,HOME > 철도역사관 > 철도통합연표,철도통합연표,역명변경(이리→익산),,1995-09-01 00:00:00,미부착,,개방 가능,공공누리 1유형,,,O,,,,,단순 정보,
3060,철도산업정보센터,HOME > 철도역사관 > 철도통합연표,철도통합연표,역명변경(동이리→동익산).,,1995-09-01 00:00:00,미부착,,개방 가능,공공누리 1유형,,,O,,,,,단순 정보,
3061,철도산업정보센터,HOME > 철도역사관 > 철도통합연표,철도통합연표,화물취급 중지,,1995-09-01 00:00:00,미부착,,개방 가능,공공누리 1유형,,,O,,,,,단순 정보,
3062,철도산업정보센터,HOME > 철도역사관 > 철도통합연표,철도통합연표,화물취급 개시,,1995-09-01 00:00:00,미부착,,개방 가능,공공누리 1유형,,,O,,,,,단순 정보,
3063,철도산업정보센터,HOME > 철도역사관 > 철도통합연표,철도통합연표,소화물 취급 중지,,1995-09-01 00:00:00,미부착,,개방 가능,공공누리 1유형,,,O,,,,,단순 정보,
3064,철도산업정보센터,HOME > 철도역사관 > 철도통합연표,철도통합연표,차내취급역으로 변경,,1995-10-00,미부착,,개방 가능,공공누리 1유형,,,O,,,,,단순 정보,
3065,철도산업정보센터,HOME > 철도역사관 > 철도통합연표,철도통합연표,민수용 무연탄 도착취급역 지정,,1995-10-23 00:00:00,미부착,,개방 가능,공공누리 1유형,,,O,,,,,단순 정보,
3066,철도산업정보센터,HOME > 철도역사관 > 철도통합연표,철도통합연표,초대 신태수 사장 취임,,1995-10-23 00:00:00,미부착,,개방 가능,공공누리 1유형,,,O,,,,,단순 정보,
3067,철도산업정보센터,HOME > 철도역사관 > 철도통합연표,철도통합연표,도착양회화물 한 화물취급 지정,,1995-11-10 00:00:00,미부착,,개방 가능,공공누리 1유형,,,O,,,,,단순 정보,
3068,철도산업정보센터,HOME > 철도역사관 > 철도통합연표,철도통합연표,왕십리 - 상일동 구간 개통,,1995-11-15 00:00:00,미부착,,개방 가능,공공누리 1유형,,,O,,,,,단순 정보,
3069,철도산업정보센터,HOME > 철도역사관 > 철도통합연표,철도통합연표,"5호선 강동구간 개통(왕십리~상일동, 14역)",,1995-11-15 00:00:00,미부착,,개방 가능,공공누리 1유형,,,O,,,,,단순 정보,
3070,철도산업정보센터,HOME > 철도역사관 > 철도통합연표,철도통합연표,대구광역시지하철공사 창립,,1995-11-20 00:00:00,미부착,,개방 가능,공공누리 1유형,,,O,,,,,단순 정보,
3071,철도산업정보센터,HOME > 철도역사관 > 철도통합연표,철도통합연표,‘국유철도의 운영에 관한 특례법’ 제정,,1995-11-20 00:00:00,미부착,,개방 가능,공공누리 1유형,,,O,,,,,단순 정보,
3072,철도산업정보센터,HOME > 철도역사관 > 철도통합연표,철도통합연표,"철도 및 지하철 운임 요금 조정 (새마을5%,무궁화.통일호.비둘기 16%, 전철 10.6%)",,1995-11-20 00:00:00,미부착,,개방 가능,공공누리 1유형,,,O,,,,,단순 정보,
3073,철도산업정보센터,HOME > 철도역사관 > 철도통합연표,철도통합연표,현재의 역사 준공,,1995-11-27 00:00:00,미부착,,개방 가능,공공누리 1유형,,,O,,,,,단순 정보,
3074,철도산업정보센터,HOME > 철도역사관 > 철도통합연표,철도통합연표,도심철도구간 이설 공사 개시.,,1995-12-00,미부착,,개방 가능,공공누리 1유형,,,O,,,,,단순 정보,
3075,철도산업정보센터,HOME > 철도역사관 > 철도통합연표,철도통합연표,승차권 차내취급역으로 지정,,1995-12-01 00:00:00,미부착,,개방 가능,공공누리 1유형,,,O,,,,,단순 정보,
3076,철도산업정보센터,HOME > 철도역사관 > 철도통합연표,철도통합연표,배치간이역으로 격하,,1995-12-01 00:00:00,미부착,,개방 가능,공공누리 1유형,,,O,,,,,단순 정보,
3077,철도산업정보센터,HOME > 철도역사관 > 철도통합연표,철도통합연표,여객취급 중지,,1995-12-01 00:00:00,미부착,,개방 가능,공공누리 1유형,,,O,,,,,단순 정보,
3078,철도산업정보센터,HOME > 철도역사관 > 철도통합연표,철도통합연표,현재의 역사준공.,,1995-12-05 00:00:00,미부착,,개방 가능,공공누리 1유형,,,O,,,,,단순 정보,
3079,철도산업정보센터,HOME > 철도역사관 > 철도통합연표,철도통합연표,컨테이너 야드 준공.,,1995-12-10 00:00:00,미부착,,개방 가능,공공누리 1유형,,,O,,,,,단순 정보,
3080,철도산업정보센터,HOME > 철도역사관 > 철도통합연표,철도통합연표,육군종합정비창선 개통,,1995-12-20 00:00:00,미부착,,개방 가능,공공누리 1유형,,,O,,,,,단순 정보,
3081,철도산업정보센터,HOME > 철도역사관 > 철도통합연표,철도통합연표,현재의 역사준공.,,1995-12-22 00:00:00,미부착,,개방 가능,공공누리 1유형,,,O,,,,,단순 정보,
3082,철도산업정보센터,HOME > 철도역사관 > 철도통합연표,철도통합연표,현재의 역사신축.,,1995-12-25 00:00:00,미부착,,개방 가능,공공누리 1유형,,,O,,,,,단순 정보,
3083,철도산업정보센터,HOME > 철도역사관 > 철도통합연표,철도통합연표,현재의 역사준공,,1995-12-25 00:00:00,미부착,,개방 가능,공공누리 1유형,,,O,,,,,단순 정보,
3084,철도산업정보센터,HOME > 철도역사관 > 철도통합연표,철도통합연표,광주 도심철도개량사업 기공식,,1995-12-27 00:00:00,미부착,,개방 가능,공공누리 1유형,,,O,,,,,단순 정보,
3085,철도산업정보센터,HOME > 철도역사관 > 철도통합연표,철도통합연표,전기연동장치로 개량,,1995-12-28 00:00:00,미부착,,개방 가능,공공누리 1유형,,,O,,,,,단순 정보,
3086,철도산업정보센터,HOME > 철도역사관 > 철도통합연표,철도통합연표,포항 ～ 삼척간 노선계획 및 노반 실태조사,,1995-12-31 00:00:00,미부착,,개방 가능,공공누리 1유형,,,O,,,,,단순 정보,
3087,철도산업정보센터,HOME > 철도역사관 > 철도통합연표,철도통합연표,수인선 폐선,,1995-12-31 00:00:00,미부착,,개방 가능,공공누리 1유형,,,O,,,,,단순 정보,
3088,철도산업정보센터,HOME > 철도역사관 > 철도통합연표,철도통합연표,의정부경전철 건설 및 운영기본계획 수립,,1995-12-31 00:00:00,미부착,,개방 가능,공공누리 1유형,,,O,,,,,단순 정보,
3089,철도산업정보센터,HOME > 철도역사관 > 철도통합연표,철도통합연표,"통근형 디젤 동차 기부 체납, 운행 차량 교체.",,1996-00-00,미부착,,개방 가능,공공누리 1유형,,,O,,,,,단순 정보,
3090,철도산업정보센터,HOME > 철도역사관 > 철도통합연표,철도통합연표,영업중지,,1996-01-01 00:00:00,미부착,,개방 가능,공공누리 1유형,,,O,,,,,단순 정보,
3091,철도산업정보센터,HOME > 철도역사관 > 철도통합연표,철도통합연표,영업중지,,1996-01-01 00:00:00,미부착,,개방 가능,공공누리 1유형,,,O,,,,,단순 정보,
3092,철도산업정보센터,HOME > 철도역사관 > 철도통합연표,철도통합연표,영업중지,,1996-01-01 00:00:00,미부착,,개방 가능,공공누리 1유형,,,O,,,,,단순 정보,
3093,철도산업정보센터,HOME > 철도역사관 > 철도통합연표,철도통합연표,KROIS 설치 운영,,1996-01-01 00:00:00,미부착,,개방 가능,공공누리 1유형,,,O,,,,,단순 정보,
3094,철도산업정보센터,HOME > 철도역사관 > 철도통합연표,철도통합연표,차내취급역으로 지정,,1996-01-01 00:00:00,미부착,,개방 가능,공공누리 1유형,,,O,,,,,단순 정보,
3095,철도산업정보센터,HOME > 철도역사관 > 철도통합연표,철도통합연표,역명변경(휘경→외대앞),,1996-01-01 00:00:00,미부착,,개방 가능,공공누리 1유형,,,O,,,,,단순 정보,
3096,철도산업정보센터,HOME > 철도역사관 > 철도통합연표,철도통합연표,차내취급역으로 지정.,,1996-01-01 00:00:00,미부착,,개방 가능,공공누리 1유형,,,O,,,,,단순 정보,
3097,철도산업정보센터,HOME > 철도역사관 > 철도통합연표,철도통합연표,여객취급 중지,,1996-01-01 00:00:00,미부착,,개방 가능,공공누리 1유형,,,O,,,,,단순 정보,
3098,철도산업정보센터,HOME > 철도역사관 > 철도통합연표,철도통합연표,배치간이역(운전취급)으로 격하,,1996-01-01 00:00:00,미부착,,개방 가능,공공누리 1유형,,,O,,,,,단순 정보,
3099,철도산업정보센터,HOME > 철도역사관 > 철도통합연표,철도통합연표,배치간이(운전취급)역으로 격하 및 차내취급역 지정,,1996-01-01 00:00:00,미부착,,개방 가능,공공누리 1유형,,,O,,,,,단순 정보,
3100,철도산업정보센터,HOME > 철도역사관 > 철도통합연표,철도통합연표,수인선 영업중지,,1996-01-01 00:00:00,미부착,,개방 가능,공공누리 1유형,,,O,,,,,단순 정보,
3101,철도산업정보센터,HOME > 철도역사관 > 철도통합연표,철도통합연표,수인선 영업중지,,1996-01-01 00:00:00,미부착,,개방 가능,공공누리 1유형,,,O,,,,,단순 정보,
3102,철도산업정보센터,HOME > 철도역사관 > 철도통합연표,철도통합연표,컨테이너야드 조성.,,1996-01-03 00:00:00,미부착,,개방 가능,공공누리 1유형,,,O,,,,,단순 정보,
3103,철도산업정보센터,HOME > 철도역사관 > 철도통합연표,철도통합연표,일산선 개통으로 지축역을 통해 직결 시작(노선도에는 다른 노선으로 표시함),,1996-01-30 00:00:00,미부착,,개방 가능,공공누리 1유형,,,O,,,,,단순 정보,
3104,철도산업정보센터,HOME > 철도역사관 > 철도통합연표,철도통합연표,일산선 지축-대화 개통과 함께 보통역(운전간이역)으로 영업개시,,1996-01-30 00:00:00,미부착,,개방 가능,공공누리 1유형,,,O,,,,,단순 정보,
3105,철도산업정보센터,HOME > 철도역사관 > 철도통합연표,철도통합연표,철도청 심볼마크 변경,,1996-02-01 00:00:00,미부착,,개방 가능,공공누리 1유형,,,O,,,,,단순 정보,
3106,철도산업정보센터,HOME > 철도역사관 > 철도통합연표,철도통합연표,도시철도건설 기본계획 확정,,1996-02-16 00:00:00,미부착,,개방 가능,공공누리 1유형,,,O,,,,,단순 정보,
3107,철도산업정보센터,HOME > 철도역사관 > 철도통합연표,철도통합연표,3호선 건설·운영 기본계획 확정,,1996-02-16 00:00:00,미부착,,개방 가능,공공누리 1유형,,,O,,,,,단순 정보,
3108,철도산업정보센터,HOME > 철도역사관 > 철도통합연표,철도통합연표,양천구청 - 신정네거리 개통,,1996-02-29 00:00:00,미부착,,개방 가능,공공누리 1유형,,,O,,,,,단순 정보,
3109,철도산업정보센터,HOME > 철도역사관 > 철도통합연표,철도통합연표,역무자동화설비(RF) 개통(수도권전철 95개역),,1996-03-04 00:00:00,미부착,,개방 가능,공공누리 1유형,,,O,,,,,단순 정보,
3110,철도산업정보센터,HOME > 철도역사관 > 철도통합연표,철도통합연표,이양역원격제어,,1996-03-07 00:00:00,미부착,,개방 가능,공공누리 1유형,,,O,,,,,단순 정보,
3111,철도산업정보센터,HOME > 철도역사관 > 철도통합연표,철도통합연표,쌍용양회 전용선 신설 영업 개시,,1996-03-15 00:00:00,미부착,,개방 가능,공공누리 1유형,,,O,,,,,단순 정보,
3112,철도산업정보센터,HOME > 철도역사관 > 철도통합연표,철도통합연표,컨테이너야드 조성.,,1996-03-15 00:00:00,미부착,,개방 가능,공공누리 1유형,,,O,,,,,단순 정보,
3113,철도산업정보센터,HOME > 철도역사관 > 철도통합연표,철도통합연표,신정네거리 - 까치산 개통,,1996-03-20 00:00:00,미부착,,개방 가능,공공누리 1유형,,,O,,,,,단순 정보,
3114,철도산업정보센터,HOME > 철도역사관 > 철도통합연표,철도통합연표,방화 - 까치산 구간 개통,,1996-03-20 00:00:00,미부착,,개방 가능,공공누리 1유형,,,O,,,,,단순 정보,
3115,철도산업정보센터,HOME > 철도역사관 > 철도통합연표,철도통합연표,2호선 신정지선 개통(신도림~까치산 6km),,1996-03-20 00:00:00,미부착,,개방 가능,공공누리 1유형,,,O,,,,,단순 정보,
3116,철도산업정보센터,HOME > 철도역사관 > 철도통합연표,철도통합연표,"5호선 강서구간 개통 (방화 ∼ 까치산, 9역)",,1996-03-20 00:00:00,미부착,,개방 가능,공공누리 1유형,,,O,,,,,단순 정보,
3117,철도산업정보센터,HOME > 철도역사관 > 철도통합연표,철도통합연표,한일시멘트 사일로 준공,,1996-03-20 00:00:00,미부착,,개방 가능,공공누리 1유형,,,O,,,,,단순 정보,
3118,철도산업정보센터,HOME > 철도역사관 > 철도통합연표,철도통합연표,화물취급 정지(동1231일까지),,1996-03-20 00:00:00,미부착,,개방 가능,공공누리 1유형,,,O,,,,,단순 정보,
3119,철도산업정보센터,HOME > 철도역사관 > 철도통합연표,철도통합연표,마곡역 임시폐쇄,,1996-03-22 00:00:00,미부착,,개방 가능,공공누리 1유형,,,O,,,,,단순 정보,
3120,철도산업정보센터,HOME > 철도역사관 > 철도통합연표,철도통합연표,경인선 부개역(보통역)영업개시,,1996-03-28 00:00:00,미부착,,개방 가능,공공누리 1유형,,,O,,,,,단순 정보,
3121,철도산업정보센터,HOME > 철도역사관 > 철도통합연표,철도통합연표,운전간이역으로 영업개시,,1996-03-28 00:00:00,미부착,,개방 가능,공공누리 1유형,,,O,,,,,단순 정보,
3122,철도산업정보센터,HOME > 철도역사관 > 철도통합연표,철도통합연표,6급역으로 격하,,1996-03-28 00:00:00,미부착,,개방 가능,공공누리 1유형,,,O,,,,,단순 정보,
3123,철도산업정보센터,HOME > 철도역사관 > 철도통합연표,철도통합연표,경인선 부개역 개통,,1996-03-28 00:00:00,미부착,,개방 가능,공공누리 1유형,,,O,,,,,단순 정보,
3124,철도산업정보센터,HOME > 철도역사관 > 철도통합연표,철도통합연표,마천지선 강동 - 마천 구간 개통,,1996-03-30 00:00:00,미부착,,개방 가능,공공누리 1유형,,,O,,,,,단순 정보,
3125,철도산업정보센터,HOME > 철도역사관 > 철도통합연표,철도통합연표,"5호선 거여구간 개통 (강동 ∼ 마천, 7역)",,1996-03-30 00:00:00,미부착,,개방 가능,공공누리 1유형,,,O,,,,,단순 정보,
3126,철도산업정보센터,HOME > 철도역사관 > 철도통합연표,철도통합연표,임시승강장으로 영업개시,,1996-04-01 00:00:00,미부착,,개방 가능,공공누리 1유형,,,O,,,,,단순 정보,
3127,철도산업정보센터,HOME > 철도역사관 > 철도통합연표,철도통합연표,배치간이역으로 영업개시,,1996-04-01 00:00:00,미부착,,개방 가능,공공누리 1유형,,,O,,,,,단순 정보,
3128,철도산업정보센터,HOME > 철도역사관 > 철도통합연표,철도통합연표,경의선 행신역(간이역)엽업개시,,1996-04-01 00:00:00,미부착,,개방 가능,공공누리 1유형,,,O,,,,,단순 정보,
3129,철도산업정보센터,HOME > 철도역사관 > 철도통합연표,철도통합연표,통근형 통일호 운행,,1996-04-01 00:00:00,미부착,,개방 가능,공공누리 1유형,,,O,,,,,단순 정보,
3130,철도산업정보센터,HOME > 철도역사관 > 철도통합연표,철도통합연표,배치간이역으로 승격,,1996-04-01 00:00:00,미부착,,개방 가능,공공누리 1유형,,,O,,,,,단순 정보,
3131,철도산업정보센터,HOME > 철도역사관 > 철도통합연표,철도통합연표,경의선(용산～신의주) 개통,,1996-04-03 00:00:00,미부착,,개방 가능,공공누리 1유형,,,O,,,,,단순 정보,
3132,철도산업정보센터,HOME > 철도역사관 > 철도통합연표,철도통합연표,전자연동장치 개통,,1996-04-10 00:00:00,미부착,,개방 가능,공공누리 1유형,,,O,,,,,단순 정보,
3133,철도산업정보센터,HOME > 철도역사관 > 철도통합연표,철도통합연표,소화물 취급중지,,1996-04-20 00:00:00,미부착,,개방 가능,공공누리 1유형,,,O,,,,,단순 정보,
3134,철도산업정보센터,HOME > 철도역사관 > 철도통합연표,철도통합연표,민수용 무연탄도착취급역 지정취소,,1996-05-10 00:00:00,미부착,,개방 가능,공공누리 1유형,,,O,,,,,단순 정보,
3135,철도산업정보센터,HOME > 철도역사관 > 철도통합연표,철도통합연표,민수용 무연탄 도착취급역 지정,,1996-05-10 00:00:00,미부착,,개방 가능,공공누리 1유형,,,O,,,,,단순 정보,
3136,철도산업정보센터,HOME > 철도역사관 > 철도통합연표,철도통합연표,비둘기호를 통근형통일호로 승격.,,1996-05-15 00:00:00,미부착,,개방 가능,공공누리 1유형,,,O,,,,,단순 정보,
3137,철도산업정보센터,HOME > 철도역사관 > 철도통합연표,철도통합연표,한일시멘트 전용선 신설.,,1996-05-20 00:00:00,미부착,,개방 가능,공공누리 1유형,,,O,,,,,단순 정보,
3138,철도산업정보센터,HOME > 철도역사관 > 철도통합연표,철도통합연표,"현재의 역사 준공, 새마을호 정차",,1996-06-01 00:00:00,미부착,,개방 가능,공공누리 1유형,,,O,,,,,단순 정보,
3139,철도산업정보센터,HOME > 철도역사관 > 철도통합연표,철도통합연표,소화물 취급 중지,,1996-06-01 00:00:00,미부착,,개방 가능,공공누리 1유형,,,O,,,,,단순 정보,
3140,철도산업정보센터,HOME > 철도역사관 > 철도통합연표,철도통합연표,역명변경(대장→춘포),,1996-06-01 00:00:00,미부착,,개방 가능,공공누리 1유형,,,O,,,,,단순 정보,
3141,철도산업정보센터,HOME > 철도역사관 > 철도통합연표,철도통합연표,운전간이역으로 격하,,1996-06-01 00:00:00,미부착,,개방 가능,공공누리 1유형,,,O,,,,,단순 정보,
3142,철도산업정보센터,HOME > 철도역사관 > 철도통합연표,철도통합연표,통감부 철도관리국 설치,,1996-07-01 00:00:00,미부착,,개방 가능,공공누리 1유형,,,O,,,,,단순 정보,
3143,철도산업정보센터,HOME > 철도역사관 > 철도통합연표,철도통합연표,5급역으로 승격,,1996-07-11 00:00:00,미부착,,개방 가능,공공누리 1유형,,,O,,,,,단순 정보,
3144,철도산업정보센터,HOME > 철도역사관 > 철도통합연표,철도통합연표,CY 영업개시 (한솔CSN),,1996-07-18 00:00:00,미부착,,개방 가능,공공누리 1유형,,,O,,,,,단순 정보,
3145,철도산업정보센터,HOME > 철도역사관 > 철도통합연표,철도통합연표,역사신축 착공,,1996-07-22 00:00:00,미부착,,개방 가능,공공누리 1유형,,,O,,,,,단순 정보,
3146,철도산업정보센터,HOME > 철도역사관 > 철도통합연표,철도통합연표,소화물 취급 중지,,1996-08-01 00:00:00,미부착,,개방 가능,공공누리 1유형,,,O,,,,,단순 정보,
3147,철도산업정보센터,HOME > 철도역사관 > 철도통합연표,철도통합연표,5급역으로 승격,,1996-08-06 00:00:00,미부착,,개방 가능,공공누리 1유형,,,O,,,,,단순 정보,
3148,철도산업정보센터,HOME > 철도역사관 > 철도통합연표,철도통합연표,6급역으로 격하,,1996-08-06 00:00:00,미부착,,개방 가능,공공누리 1유형,,,O,,,,,단순 정보,
3149,철도산업정보센터,HOME > 철도역사관 > 철도통합연표,철도통합연표,까치산 - 여의도 구간 개통,,1996-08-12 00:00:00,미부착,,개방 가능,공공누리 1유형,,,O,,,,,단순 정보,
3150,철도산업정보센터,HOME > 철도역사관 > 철도통합연표,철도통합연표,"5호선 영등포구간 개통 (여의도 ∼ 까치산, 8역)",,1996-08-12 00:00:00,미부착,,개방 가능,공공누리 1유형,,,O,,,,,단순 정보,
3151,철도산업정보센터,HOME > 철도역사관 > 철도통합연표,철도통합연표,1구간 기공,,1996-08-28 00:00:00,미부착,,개방 가능,공공누리 1유형,,,O,,,,,단순 정보,
3152,철도산업정보센터,HOME > 철도역사관 > 철도통합연표,철도통합연표,도시철도1호선기공식,,1996-08-28 00:00:00,미부착,,개방 가능,공공누리 1유형,,,O,,,,,단순 정보,
3153,철도산업정보센터,HOME > 철도역사관 > 철도통합연표,철도통합연표,컨테이너 하치장 준공(1114컨테이너 화물 수송개시),,1996-09-10 00:00:00,미부착,,개방 가능,공공누리 1유형,,,O,,,,,단순 정보,
3154,철도산업정보센터,HOME > 철도역사관 > 철도통합연표,철도통합연표,배치간이역(운전취급)으로 격하,,1996-09-16 00:00:00,미부착,,개방 가능,공공누리 1유형,,,O,,,,,단순 정보,
3155,철도산업정보센터,HOME > 철도역사관 > 철도통합연표,철도통합연표,배치간이역으로 격하,,1996-09-16 00:00:00,미부착,,개방 가능,공공누리 1유형,,,O,,,,,단순 정보,
3156,철도산업정보센터,HOME > 철도역사관 > 철도통합연표,철도통합연표,하남공단 석유 지하송유관 개통.,,1996-09-17 00:00:00,미부착,,개방 가능,공공누리 1유형,,,O,,,,,단순 정보,
3157,철도산업정보센터,HOME > 철도역사관 > 철도통합연표,철도통합연표,현재의 역사 준공,,1996-09-17 00:00:00,미부착,,개방 가능,공공누리 1유형,,,O,,,,,단순 정보,
3158,철도산업정보센터,HOME > 철도역사관 > 철도통합연표,철도통합연표,화물취급 중지.,,1996-10-01 00:00:00,미부착,,개방 가능,공공누리 1유형,,,O,,,,,단순 정보,
3159,철도산업정보센터,HOME > 철도역사관 > 철도통합연표,철도통합연표,"7호선 강북구간 개통 (장암역∼건대입구역, 19역)",,1996-10-11 00:00:00,미부착,,개방 가능,공공누리 1유형,,,O,,,,,단순 정보,
3160,철도산업정보센터,HOME > 철도역사관 > 철도통합연표,철도통합연표,"7호선 강북구간 개통 (장암∼건대입구, 19역)",,1996-10-11 00:00:00,미부착,,개방 가능,공공누리 1유형,,,O,,,,,단순 정보,
3161,철도산업정보센터,HOME > 철도역사관 > 철도통합연표,철도통합연표,도시철도 1호선 1단계공사 착공,,1996-10-30 00:00:00,미부착,,개방 가능,공공누리 1유형,,,O,,,,,단순 정보,
3162,철도산업정보센터,HOME > 철도역사관 > 철도통합연표,철도통합연표,잠실 ~ 모란 구간 개통,,1996-11-23 00:00:00,미부착,,개방 가능,공공누리 1유형,,,O,,,,,단순 정보,
3163,철도산업정보센터,HOME > 철도역사관 > 철도통합연표,철도통합연표,"8호선 성남구간 개통 (잠실∼모란, 13역)",,1996-11-23 00:00:00,미부착,,개방 가능,공공누리 1유형,,,O,,,,,단순 정보,
3164,철도산업정보센터,HOME > 철도역사관 > 철도통합연표,철도통합연표,복정역 개통,,1996-11-23 00:00:00,미부착,,개방 가능,공공누리 1유형,,,O,,,,,단순 정보,
3165,철도산업정보센터,HOME > 철도역사관 > 철도통합연표,철도통합연표,용인경량전철건설 및 운영기본계획 수립,,1996-12-00,미부착,,개방 가능,공공누리 1유형,,,O,,,,,단순 정보,
3166,철도산업정보센터,HOME > 철도역사관 > 철도통합연표,철도통합연표,제1종 전기연동장치 사용개시,,1996-12-04 00:00:00,미부착,,개방 가능,공공누리 1유형,,,O,,,,,단순 정보,
3167,철도산업정보센터,HOME > 철도역사관 > 철도통합연표,철도통합연표,노동조합 설립,,1996-12-10 00:00:00,미부착,,개방 가능,공공누리 1유형,,,O,,,,,단순 정보,
3168,철도산업정보센터,HOME > 철도역사관 > 철도통합연표,철도통합연표,현재의 역사신축.,,1996-12-12 00:00:00,미부착,,개방 가능,공공누리 1유형,,,O,,,,,단순 정보,
3169,철도산업정보센터,HOME > 철도역사관 > 철도통합연표,철도통합연표,을종 대매소로 변경,,1996-12-16 00:00:00,미부착,,개방 가능,공공누리 1유형,,,O,,,,,단순 정보,
3170,철도산업정보센터,HOME > 철도역사관 > 철도통합연표,철도통합연표,대구 지하철 2호선 착공,,1996-12-19 00:00:00,미부착,,개방 가능,공공누리 1유형,,,O,,,,,단순 정보,
3171,철도산업정보센터,HOME > 철도역사관 > 철도통합연표,철도통합연표,대구지하철2호선 기공식,,1996-12-19 00:00:00,미부착,,개방 가능,공공누리 1유형,,,O,,,,,단순 정보,
3172,철도산업정보센터,HOME > 철도역사관 > 철도통합연표,철도통합연표,신역사준공,,1996-12-20 00:00:00,미부착,,개방 가능,공공누리 1유형,,,O,,,,,단순 정보,
3173,철도산업정보센터,HOME > 철도역사관 > 철도통합연표,철도통합연표,현재의 역사준공.,,1996-12-26 00:00:00,미부착,,개방 가능,공공누리 1유형,,,O,,,,,단순 정보,
3174,철도산업정보센터,HOME > 철도역사관 > 철도통합연표,철도통합연표,원격피제어역으로 지정(제어역: 충주역),,1996-12-28 00:00:00,미부착,,개방 가능,공공누리 1유형,,,O,,,,,단순 정보,
3175,철도산업정보센터,HOME > 철도역사관 > 철도통합연표,철도통합연표,여의도 - 왕십리 구간 개통,,1996-12-30 00:00:00,미부착,,개방 가능,공공누리 1유형,,,O,,,,,단순 정보,
3176,철도산업정보센터,HOME > 철도역사관 > 철도통합연표,철도통합연표,"5호선 도심구간 개통 (여의도 ∼ 왕십리, 13역) , 5호선 완전개통 (51개역, 52.3㎞)",,1996-12-30 00:00:00,미부착,,개방 가능,공공누리 1유형,,,O,,,,,단순 정보,
3177,철도산업정보센터,HOME > 철도역사관 > 철도통합연표,철도통합연표,당산 - 합정 구간이 당산철교 재시공으로 운행 중단,,1996-12-31 00:00:00,미부착,,개방 가능,공공누리 1유형,,,O,,,,,단순 정보,
3178,철도산업정보센터,HOME > 철도역사관 > 철도통합연표,철도통합연표,북측 안변-온정리 구간 개통,,1997-00-00,미부착,,개방 가능,공공누리 1유형,,,O,,,,,단순 정보,
3179,철도산업정보센터,HOME > 철도역사관 > 철도통합연표,철도통합연표,감만부두 철송장 개설,,1997-00-00,미부착,,개방 가능,공공누리 1유형,,,O,,,,,단순 정보,
3180,철도산업정보센터,HOME > 철도역사관 > 철도통합연표,철도통합연표,화물취급 재개,,1997-01-01 00:00:00,미부착,,개방 가능,공공누리 1유형,,,O,,,,,단순 정보,
3181,철도산업정보센터,HOME > 철도역사관 > 철도통합연표,철도통합연표,거점 관리역으로 지정,,1997-01-01 00:00:00,미부착,,개방 가능,공공누리 1유형,,,O,,,,,단순 정보,
3182,철도산업정보센터,HOME > 철도역사관 > 철도통합연표,철도통합연표,차내취급역 지정,,1997-01-06 00:00:00,미부착,,개방 가능,공공누리 1유형,,,O,,,,,단순 정보,
3183,철도산업정보센터,HOME > 철도역사관 > 철도통합연표,철도통합연표,수산정공 전용선 개통,,1997-01-22 00:00:00,미부착,,개방 가능,공공누리 1유형,,,O,,,,,단순 정보,
3184,철도산업정보센터,HOME > 철도역사관 > 철도통합연표,철도통합연표,월배기지사업소 개소,,1997-02-01 00:00:00,미부착,,개방 가능,공공누리 1유형,,,O,,,,,단순 정보,
3185,철도산업정보센터,HOME > 철도역사관 > 철도통합연표,철도통합연표,서울~목포 통일호 493열차→무궁화 249열차로 승격되면서 당역정차에서 통과로 변경,,1997-02-12 00:00:00,미부착,,개방 가능,공공누리 1유형,,,O,,,,,단순 정보,
3186,철도산업정보센터,HOME > 철도역사관 > 철도통합연표,철도통합연표,영동선 전철 개통,,1997-02-20 00:00:00,미부착,,개방 가능,공공누리 1유형,,,O,,,,,단순 정보,
3187,철도산업정보센터,HOME > 철도역사관 > 철도통합연표,철도통합연표,신호장으로 변경,,1997-02-20 00:00:00,미부착,,개방 가능,공공누리 1유형,,,O,,,,,단순 정보,
3188,철도산업정보센터,HOME > 철도역사관 > 철도통합연표,철도통합연표,무배치간이역으로 격하,,1997-02-20 00:00:00,미부착,,개방 가능,공공누리 1유형,,,O,,,,,단순 정보,
3189,철도산업정보센터,HOME > 철도역사관 > 철도통합연표,철도통합연표,여객취급 재개,,1997-03-15 00:00:00,미부착,,개방 가능,공공누리 1유형,,,O,,,,,단순 정보,
3190,철도산업정보센터,HOME > 철도역사관 > 철도통합연표,철도통합연표,민자유치대상사업 지정,,1997-03-25 00:00:00,미부착,,개방 가능,공공누리 1유형,,,O,,,,,단순 정보,
3191,철도산업정보센터,HOME > 철도역사관 > 철도통합연표,철도통합연표,영주~철암 전철화 개통,,1997-03-28 00:00:00,미부착,,개방 가능,공공누리 1유형,,,O,,,,,단순 정보,
3192,철도산업정보센터,HOME > 철도역사관 > 철도통합연표,철도통합연표,민자유치대상사업 선정,,1997-04-00,미부착,,개방 가능,공공누리 1유형,,,O,,,,,단순 정보,
3193,철도산업정보센터,HOME > 철도역사관 > 철도통합연표,철도통합연표,"철도박물관, 서울역관 개관",,1997-04-01 00:00:00,미부착,,개방 가능,공공누리 1유형,,,O,,,,,단순 정보,
3194,철도산업정보센터,HOME > 철도역사관 > 철도통합연표,철도통합연표,거점관리역으로 지정,,1997-04-15 00:00:00,미부착,,개방 가능,공공누리 1유형,,,O,,,,,단순 정보,
3195,철도산업정보센터,HOME > 철도역사관 > 철도통합연표,철도통합연표,배치간이역으로 격하,,1997-04-25 00:00:00,미부착,,개방 가능,공공누리 1유형,,,O,,,,,단순 정보,
3196,철도산업정보센터,HOME > 철도역사관 > 철도통합연표,철도통합연표,운전간이역으로 영업개시,,1997-04-30 00:00:00,미부착,,개방 가능,공공누리 1유형,,,O,,,,,단순 정보,
3197,철도산업정보센터,HOME > 철도역사관 > 철도통합연표,철도통합연표,경인선 소사역 개통,,1997-04-30 00:00:00,미부착,,개방 가능,공공누리 1유형,,,O,,,,,단순 정보,
3198,철도산업정보센터,HOME > 철도역사관 > 철도통합연표,철도통합연표,동해선 철도건설 타당성 조사,,1997-05-00,미부착,,개방 가능,공공누리 1유형,,,O,,,,,단순 정보,
3199,철도산업정보센터,HOME > 철도역사관 > 철도통합연표,철도통합연표,전철화 공사 착공.,,1997-05-00,미부착,,개방 가능,공공누리 1유형,,,O,,,,,단순 정보,
3200,철도산업정보센터,HOME > 철도역사관 > 철도통합연표,철도통합연표,전용선(미군)화물 한 화물취급 지정,,1997-05-01 00:00:00,미부착,,개방 가능,공공누리 1유형,,,O,,,,,단순 정보,
3201,철도산업정보센터,HOME > 철도역사관 > 철도통합연표,철도통합연표,전용선화물 한 화물취급 지정,,1997-05-01 00:00:00,미부착,,개방 가능,공공누리 1유형,,,O,,,,,단순 정보,
3202,철도산업정보센터,HOME > 철도역사관 > 철도통합연표,철도통합연표,화물취급개시(자갈선화물 한).,,1997-05-01 00:00:00,미부착,,개방 가능,공공누리 1유형,,,O,,,,,단순 정보,
3203,철도산업정보센터,HOME > 철도역사관 > 철도통합연표,철도통합연표,화물취급개시,,1997-05-01 00:00:00,미부착,,개방 가능,공공누리 1유형,,,O,,,,,단순 정보,
3204,철도산업정보센터,HOME > 철도역사관 > 철도통합연표,철도통합연표,전용선(미군) 화물 한 화물취급 지정.,,1997-05-01 00:00:00,미부착,,개방 가능,공공누리 1유형,,,O,,,,,단순 정보,
3205,철도산업정보센터,HOME > 철도역사관 > 철도통합연표,철도통합연표,화물취급 개시,,1997-05-01 00:00:00,미부착,,개방 가능,공공누리 1유형,,,O,,,,,단순 정보,
3206,철도산업정보센터,HOME > 철도역사관 > 철도통합연표,철도통합연표,화물지선 화물 한 화물취급 지정,,1997-05-01 00:00:00,미부착,,개방 가능,공공누리 1유형,,,O,,,,,단순 정보,
3207,철도산업정보센터,HOME > 철도역사관 > 철도통합연표,철도통합연표,전용선 화물 한 화물취급 지정,,1997-05-01 00:00:00,미부착,,개방 가능,공공누리 1유형,,,O,,,,,단순 정보,
3208,철도산업정보센터,HOME > 철도역사관 > 철도통합연표,철도통합연표,차량정비창 화물 한 화물취급 지정,,1997-05-01 00:00:00,미부착,,개방 가능,공공누리 1유형,,,O,,,,,단순 정보,
3209,철도산업정보센터,HOME > 철도역사관 > 철도통합연표,철도통합연표,화물취급 중지,,1997-05-01 00:00:00,미부착,,개방 가능,공공누리 1유형,,,O,,,,,단순 정보,
3210,철도산업정보센터,HOME > 철도역사관 > 철도통합연표,철도통합연표,전용선 화물에 한하여 화물취급 지정,,1997-05-01 00:00:00,미부착,,개방 가능,공공누리 1유형,,,O,,,,,단순 정보,
3211,철도산업정보센터,HOME > 철도역사관 > 철도통합연표,철도통합연표,화물취급 개시(전용선(미군)에 한하여 취급),,1997-05-01 00:00:00,미부착,,개방 가능,공공누리 1유형,,,O,,,,,단순 정보,
3212,철도산업정보센터,HOME > 철도역사관 > 철도통합연표,철도통합연표,한·중 공동승차권 발매협약 조인,,1997-05-26 00:00:00,미부착,,개방 가능,공공누리 1유형,,,O,,,,,단순 정보,
3213,철도산업정보센터,HOME > 철도역사관 > 철도통합연표,철도통합연표,배치간이역으로 격하,,1997-06-01 00:00:00,미부착,,개방 가능,공공누리 1유형,,,O,,,,,단순 정보,
3214,철도산업정보센터,HOME > 철도역사관 > 철도통합연표,철도통합연표,배치간이역(운전취급)으로 격하,,1997-06-01 00:00:00,미부착,,개방 가능,공공누리 1유형,,,O,,,,,단순 정보,
3215,철도산업정보센터,HOME > 철도역사관 > 철도통합연표,철도통합연표,단촌역을 관리역으로 지정.,,1997-06-01 00:00:00,미부착,,개방 가능,공공누리 1유형,,,O,,,,,단순 정보,
3216,철도산업정보센터,HOME > 철도역사관 > 철도통합연표,철도통합연표,봉림역 관리역으로 지정,,1997-06-01 00:00:00,미부착,,개방 가능,공공누리 1유형,,,O,,,,,단순 정보,
3217,철도산업정보센터,HOME > 철도역사관 > 철도통합연표,철도통합연표,화산역 관리역으로 지정,,1997-06-01 00:00:00,미부착,,개방 가능,공공누리 1유형,,,O,,,,,단순 정보,
3218,철도산업정보센터,HOME > 철도역사관 > 철도통합연표,철도통합연표,두원역 관리역으로 지정,,1997-06-01 00:00:00,미부착,,개방 가능,공공누리 1유형,,,O,,,,,단순 정보,
3219,철도산업정보센터,HOME > 철도역사관 > 철도통합연표,철도통합연표,거촌역 관리역으로 지정.,,1997-06-01 00:00:00,미부착,,개방 가능,공공누리 1유형,,,O,,,,,단순 정보,
3220,철도산업정보센터,HOME > 철도역사관 > 철도통합연표,철도통합연표,운전취급간이역으로 격하(신기역에서 취급),,1997-06-01 00:00:00,미부착,,개방 가능,공공누리 1유형,,,O,,,,,단순 정보,
3221,철도산업정보센터,HOME > 철도역사관 > 철도통합연표,철도통합연표,배치간이역으로 격하(삼랑진역에서 관리),,1997-06-01 00:00:00,미부착,,개방 가능,공공누리 1유형,,,O,,,,,단순 정보,
3222,철도산업정보센터,HOME > 철도역사관 > 철도통합연표,철도통합연표,평촌역 관리지정.,,1997-06-01 00:00:00,미부착,,개방 가능,공공누리 1유형,,,O,,,,,단순 정보,
3223,철도산업정보센터,HOME > 철도역사관 > 철도통합연표,철도통합연표,주인선 폐선,,1997-06-01 00:00:00,미부착,,개방 가능,공공누리 1유형,,,O,,,,,단순 정보,
3224,철도산업정보센터,HOME > 철도역사관 > 철도통합연표,철도통합연표,배치간이역으로 격하,,1997-06-01 00:00:00,미부착,,개방 가능,공공누리 1유형,,,O,,,,,단순 정보,
3225,철도산업정보센터,HOME > 철도역사관 > 철도통합연표,철도통합연표,배치간이역으로 격하,,1997-06-01 00:00:00,미부착,,개방 가능,공공누리 1유형,,,O,,,,,단순 정보,
3226,철도산업정보센터,HOME > 철도역사관 > 철도통합연표,철도통합연표,차내취급역으로 지정.,,1997-06-06 00:00:00,미부착,,개방 가능,공공누리 1유형,,,O,,,,,단순 정보,
3227,철도산업정보센터,HOME > 철도역사관 > 철도통합연표,철도통합연표,경원선 통근형 통일호 열차 운행,,1997-06-16 00:00:00,미부착,,개방 가능,공공누리 1유형,,,O,,,,,단순 정보,
3228,철도산업정보센터,HOME > 철도역사관 > 철도통합연표,철도통합연표,교외선 통근형 통일호 열차 운행,,1997-06-16 00:00:00,미부착,,개방 가능,공공누리 1유형,,,O,,,,,단순 정보,
3229,철도산업정보센터,HOME > 철도역사관 > 철도통합연표,철도통합연표,학성역 관리역으로 지정,,1997-07-01 00:00:00,미부착,,개방 가능,공공누리 1유형,,,O,,,,,단순 정보,
3230,철도산업정보센터,HOME > 철도역사관 > 철도통합연표,철도통합연표,무배치간이역으로 격하,,1997-07-10 00:00:00,미부착,,개방 가능,공공누리 1유형,,,O,,,,,단순 정보,
3231,철도산업정보센터,HOME > 철도역사관 > 철도통합연표,철도통합연표,인천국제공항철도 민자사업단 결성,,1997-07-21 00:00:00,미부착,,개방 가능,공공누리 1유형,,,O,,,,,단순 정보,
3232,철도산업정보센터,HOME > 철도역사관 > 철도통합연표,철도통합연표,연탄선지정 취소,,1997-08-18 00:00:00,미부착,,개방 가능,공공누리 1유형,,,O,,,,,단순 정보,
3233,철도산업정보센터,HOME > 철도역사관 > 철도통합연표,철도통합연표,노반공사를 시작으로 착공되었다.,,1997-08-27 00:00:00,미부착,,개방 가능,공공누리 1유형,,,O,,,,,단순 정보,
3234,철도산업정보센터,HOME > 철도역사관 > 철도통합연표,철도통합연표,현재의 역사 준공,,1997-08-30 00:00:00,미부착,,개방 가능,공공누리 1유형,,,O,,,,,단순 정보,
3235,철도산업정보센터,HOME > 철도역사관 > 철도통합연표,철도통합연표,안심기지사업소개소,,1997-08-31 00:00:00,미부착,,개방 가능,공공누리 1유형,,,O,,,,,단순 정보,
3236,철도산업정보센터,HOME > 철도역사관 > 철도통합연표,철도통합연표,현재의 역사준공,,1997-09-24 00:00:00,미부착,,개방 가능,공공누리 1유형,,,O,,,,,단순 정보,
3237,철도산업정보센터,HOME > 철도역사관 > 철도통합연표,철도통합연표,소화물 취급 중지,,1997-10-01 00:00:00,미부착,,개방 가능,공공누리 1유형,,,O,,,,,단순 정보,
3238,철도산업정보센터,HOME > 철도역사관 > 철도통합연표,철도통합연표,소화물취급 중지,,1997-10-01 00:00:00,미부착,,개방 가능,공공누리 1유형,,,O,,,,,단순 정보,
3239,철도산업정보센터,HOME > 철도역사관 > 철도통합연표,철도통합연표,서기관역으로 승격,,1997-10-01 00:00:00,미부착,,개방 가능,공공누리 1유형,,,O,,,,,단순 정보,
3240,철도산업정보센터,HOME > 철도역사관 > 철도통합연표,철도통합연표,거점관리역으로 지정,,1997-10-01 00:00:00,미부착,,개방 가능,공공누리 1유형,,,O,,,,,단순 정보,
3241,철도산업정보센터,HOME > 철도역사관 > 철도통합연표,철도통합연표,소화물취급 중지,,1997-10-01 00:00:00,미부착,,개방 가능,공공누리 1유형,,,O,,,,,단순 정보,
3242,철도산업정보센터,HOME > 철도역사관 > 철도통합연표,철도통합연표,경원선 복선전철 건설 기공식,,1997-10-10 00:00:00,미부착,,개방 가능,공공누리 1유형,,,O,,,,,단순 정보,
3243,철도산업정보센터,HOME > 철도역사관 > 철도통합연표,철도통합연표,한국물류 컨테이너야드 조성.,,1997-10-11 00:00:00,미부착,,개방 가능,공공누리 1유형,,,O,,,,,단순 정보,
3244,철도산업정보센터,HOME > 철도역사관 > 철도통합연표,철도통합연표,을종승차권대매소로 지정,,1997-10-11 00:00:00,미부착,,개방 가능,공공누리 1유형,,,O,,,,,단순 정보,
3245,철도산업정보센터,HOME > 철도역사관 > 철도통합연표,철도통합연표,배치간이역(운전취급)으로 격하,,1997-10-15 00:00:00,미부착,,개방 가능,공공누리 1유형,,,O,,,,,단순 정보,
3246,철도산업정보센터,HOME > 철도역사관 > 철도통합연표,철도통합연표,배치간이역으로 격하,,1997-10-15 00:00:00,미부착,,개방 가능,공공누리 1유형,,,O,,,,,단순 정보,
3247,철도산업정보센터,HOME > 철도역사관 > 철도통합연표,철도통합연표,현재의 역사준공.,,1997-10-30 00:00:00,미부착,,개방 가능,공공누리 1유형,,,O,,,,,단순 정보,
3248,철도산업정보센터,HOME > 철도역사관 > 철도통합연표,철도통합연표,화물취급 개시,,1997-11-15 00:00:00,미부착,,개방 가능,공공누리 1유형,,,O,,,,,단순 정보,
3249,철도산업정보센터,HOME > 철도역사관 > 철도통합연표,철도통합연표,현재의 역사 준공.,,1997-11-17 00:00:00,미부착,,개방 가능,공공누리 1유형,,,O,,,,,단순 정보,
3250,철도산업정보센터,HOME > 철도역사관 > 철도통합연표,철도통합연표,소화물 취급 지정,,1997-11-17 00:00:00,미부착,,개방 가능,공공누리 1유형,,,O,,,,,단순 정보,
3251,철도산업정보센터,HOME > 철도역사관 > 철도통합연표,철도통합연표,동대구-청천간 철도 이설공사 기공식,,1997-11-19 00:00:00,미부착,,개방 가능,공공누리 1유형,,,O,,,,,단순 정보,
3252,철도산업정보센터,HOME > 철도역사관 > 철도통합연표,철도통합연표,지하철공사설치조례 공표,,1997-11-20 00:00:00,미부착,,개방 가능,공공누리 1유형,,,O,,,,,단순 정보,
3253,철도산업정보센터,HOME > 철도역사관 > 철도통합연표,철도통합연표,"무궁화호, 통일호 정차.",,1997-11-20 00:00:00,미부착,,개방 가능,공공누리 1유형,,,O,,,,,단순 정보,
3254,철도산업정보센터,HOME > 철도역사관 > 철도통합연표,철도통합연표,1단계 대저 ~ 수영 구간 착공,,1997-11-25 00:00:00,미부착,,개방 가능,공공누리 1유형,,,O,,,,,단순 정보,
3255,철도산업정보센터,HOME > 철도역사관 > 철도통합연표,철도통합연표,3호선 대저~수영구간 착공(18.3km),,1997-11-25 00:00:00,미부착,,개방 가능,공공누리 1유형,,,O,,,,,단순 정보,
3256,철도산업정보센터,HOME > 철도역사관 > 철도통합연표,철도통합연표,대구 지하철 1호선 1단계 진천 - 중앙로 구간 개통,,1997-11-26 00:00:00,미부착,,개방 가능,공공누리 1유형,,,O,,,,,단순 정보,
3257,철도산업정보센터,HOME > 철도역사관 > 철도통합연표,철도통합연표,1호선1단계개통(진천-중앙로 10 3km),,1997-11-26 00:00:00,미부착,,개방 가능,공공누리 1유형,,,O,,,,,단순 정보,
3258,철도산업정보센터,HOME > 철도역사관 > 철도통합연표,철도통합연표,승부역관리역지정,,1997-12-01 00:00:00,미부착,,개방 가능,공공누리 1유형,,,O,,,,,단순 정보,
3259,철도산업정보센터,HOME > 철도역사관 > 철도통합연표,철도통합연표,현재의 역사신축.,,1997-12-12 00:00:00,미부착,,개방 가능,공공누리 1유형,,,O,,,,,단순 정보,
3260,철도산업정보센터,HOME > 철도역사관 > 철도통합연표,철도통합연표,현재의 역사준공.,,1997-12-28 00:00:00,미부착,,개방 가능,공공누리 1유형,,,O,,,,,단순 정보,
3261,철도산업정보센터,HOME > 철도역사관 > 철도통합연표,철도통합연표,전라선 직선화 공사에 따라 신역사 준공,,1997-12-29 00:00:00,미부착,,개방 가능,공공누리 1유형,,,O,,,,,단순 정보,
3262,철도산업정보센터,HOME > 철도역사관 > 철도통합연표,철도통합연표,현재의 역사준공.,,1997-12-29 00:00:00,미부착,,개방 가능,공공누리 1유형,,,O,,,,,단순 정보,
3263,철도산업정보센터,HOME > 철도역사관 > 철도통합연표,철도통합연표,삼화역사 신축 준공,,1997-12-31 00:00:00,미부착,,개방 가능,공공누리 1유형,,,O,,,,,단순 정보,
3264,철도산업정보센터,HOME > 철도역사관 > 철도통합연표,철도통합연표,현재의 역사 준공.,,1997-12-31 00:00:00,미부착,,개방 가능,공공누리 1유형,,,O,,,,,단순 정보,
3265,철도산업정보센터,HOME > 철도역사관 > 철도통합연표,철도통합연표,현재의 역사준공.,,1997-12-31 00:00:00,미부착,,개방 가능,공공누리 1유형,,,O,,,,,단순 정보,
3266,철도산업정보센터,HOME > 철도역사관 > 철도통합연표,철도통합연표,부속건물 신축,,1998-00-00,미부착,,개방 가능,공공누리 1유형,,,O,,,,,단순 정보,
3267,철도산업정보센터,HOME > 철도역사관 > 철도통합연표,철도통합연표,현재의 역사 준공,,1998-00-00,미부착,,개방 가능,공공누리 1유형,,,O,,,,,단순 정보,
3268,철도산업정보센터,HOME > 철도역사관 > 철도통합연표,철도통합연표,무배치간이역(위탁발매소)로 격하,,1998-01-01 00:00:00,미부착,,개방 가능,공공누리 1유형,,,O,,,,,단순 정보,
3269,철도산업정보센터,HOME > 철도역사관 > 철도통합연표,철도통합연표,무배치간이역(위탁발매소)으로 격하,,1998-01-01 00:00:00,미부착,,개방 가능,공공누리 1유형,,,O,,,,,단순 정보,
3270,철도산업정보센터,HOME > 철도역사관 > 철도통합연표,철도통합연표,운전간이역으로 영업개시,,1998-01-07 00:00:00,미부착,,개방 가능,공공누리 1유형,,,O,,,,,단순 정보,
3271,철도산업정보센터,HOME > 철도역사관 > 철도통합연표,철도통합연표,역사준공 및 배치간이역으로 격하,,1998-01-07 00:00:00,미부착,,개방 가능,공공누리 1유형,,,O,,,,,단순 정보,
3272,철도산업정보센터,HOME > 철도역사관 > 철도통합연표,철도통합연표,경부선 신길역 개통,,1998-01-07 00:00:00,미부착,,개방 가능,공공누리 1유형,,,O,,,,,단순 정보,
3273,철도산업정보센터,HOME > 철도역사관 > 철도통합연표,철도통합연표,경부선 독산역 개통,,1998-01-07 00:00:00,미부착,,개방 가능,공공누리 1유형,,,O,,,,,단순 정보,
3274,철도산업정보센터,HOME > 철도역사관 > 철도통합연표,철도통합연표,무배치간이역으로 영업개시,,1998-01-17 00:00:00,미부착,,개방 가능,공공누리 1유형,,,O,,,,,단순 정보,
3275,철도산업정보센터,HOME > 철도역사관 > 철도통합연표,철도통합연표,역사이전(문산방면으로 0.8km),,1998-01-17 00:00:00,미부착,,개방 가능,공공누리 1유형,,,O,,,,,단순 정보,
3276,철도산업정보센터,HOME > 철도역사관 > 철도통합연표,철도통합연표,현재의 역사 준공.,,1998-01-20 00:00:00,미부착,,개방 가능,공공누리 1유형,,,O,,,,,단순 정보,
3277,철도산업정보센터,HOME > 철도역사관 > 철도통합연표,철도통합연표,전라선 개량화 공사에 따라 신역사 준공.,,1998-01-21 00:00:00,미부착,,개방 가능,공공누리 1유형,,,O,,,,,단순 정보,
3278,철도산업정보센터,HOME > 철도역사관 > 철도통합연표,철도통합연표,현재의 역사 준공.,,1998-01-23 00:00:00,미부착,,개방 가능,공공누리 1유형,,,O,,,,,단순 정보,
3279,철도산업정보센터,HOME > 철도역사관 > 철도통합연표,철도통합연표,목포~서울 통일호 492열차→무궁화 254열차로 승격 고막원역 정차,,1998-02-03 00:00:00,미부착,,개방 가능,공공누리 1유형,,,O,,,,,단순 정보,
3280,철도산업정보센터,HOME > 철도역사관 > 철도통합연표,철도통합연표,무배치간이역으로 격하 및 화물취급 중지,,1998-02-03 00:00:00,미부착,,개방 가능,공공누리 1유형,,,O,,,,,단순 정보,
3281,철도산업정보센터,HOME > 철도역사관 > 철도통합연표,철도통합연표,지하철공사 설립인가,,1998-02-20 00:00:00,미부착,,개방 가능,공공누리 1유형,,,O,,,,,단순 정보,
3282,철도산업정보센터,HOME > 철도역사관 > 철도통합연표,철도통합연표,5급역에서 6급역으로 격하,,1998-02-28 00:00:00,미부착,,개방 가능,공공누리 1유형,,,O,,,,,단순 정보,
3283,철도산업정보센터,HOME > 철도역사관 > 철도통합연표,철도통합연표,소화물 취급 중지,,1998-03-01 00:00:00,미부착,,개방 가능,공공누리 1유형,,,O,,,,,단순 정보,
3284,철도산업정보센터,HOME > 철도역사관 > 철도통합연표,철도통합연표,구내 선로 연장 및 안전측선 설치,,1998-03-09 00:00:00,미부착,,개방 가능,공공누리 1유형,,,O,,,,,단순 정보,
3285,철도산업정보센터,HOME > 철도역사관 > 철도통합연표,철도통합연표,5급역에서 6급역으로 격하,,1998-03-16 00:00:00,미부착,,개방 가능,공공누리 1유형,,,O,,,,,단순 정보,
3286,철도산업정보센터,HOME > 철도역사관 > 철도통합연표,철도통합연표,정인성초대사장 취임,,1998-03-30 00:00:00,미부착,,개방 가능,공공누리 1유형,,,O,,,,,단순 정보,
3287,철도산업정보센터,HOME > 철도역사관 > 철도통합연표,철도통합연표,여객취급 중지,,1998-04-00,미부착,,개방 가능,공공누리 1유형,,,O,,,,,단순 정보,
3288,철도산업정보센터,HOME > 철도역사관 > 철도통합연표,철도통합연표,신선대역으로 영업개시 및 운전간이역으로 승격,,1998-04-01 00:00:00,미부착,,개방 가능,공공누리 1유형,,,O,,,,,단순 정보,
3289,철도산업정보센터,HOME > 철도역사관 > 철도통합연표,철도통합연표,한상국 초대 감사 취임,,1998-04-08 00:00:00,미부착,,개방 가능,공공누리 1유형,,,O,,,,,단순 정보,
3290,철도산업정보센터,HOME > 철도역사관 > 철도통합연표,철도통합연표,공사창립(법인설립 등기),,1998-04-15 00:00:00,미부착,,개방 가능,공공누리 1유형,,,O,,,,,단순 정보,
3291,철도산업정보센터,HOME > 철도역사관 > 철도통합연표,철도통합연표,고객중심 경영혁신 기획단 현판식,,1998-04-27 00:00:00,미부착,,개방 가능,공공누리 1유형,,,O,,,,,단순 정보,
3292,철도산업정보센터,HOME > 철도역사관 > 철도통합연표,철도통합연표,대구 지하철 1호선 2단계 진천 - 안심 구간 개통,,1998-05-02 00:00:00,미부착,,개방 가능,공공누리 1유형,,,O,,,,,단순 정보,
3293,철도산업정보센터,HOME > 철도역사관 > 철도통합연표,철도통합연표,1호선전구간개통(진천-안심 24 9km),,1998-05-02 00:00:00,미부착,,개방 가능,공공누리 1유형,,,O,,,,,단순 정보,
3294,철도산업정보센터,HOME > 철도역사관 > 철도통합연표,철도통합연표,7호선 태릉입구역 연결통로 침수사고 발생. 7호선 전구간(도봉산-건대입구)운행중지,,1998-05-02 00:00:00,미부착,,개방 가능,공공누리 1유형,,,O,,,,,단순 정보,
3295,철도산업정보센터,HOME > 철도역사관 > 철도통합연표,철도통합연표,7호선 침수사고 복구. 임시 운행재개.,,1998-05-11 00:00:00,미부착,,개방 가능,공공누리 1유형,,,O,,,,,단순 정보,
3296,철도산업정보센터,HOME > 철도역사관 > 철도통합연표,철도통합연표,노동조합 창립,,1998-05-21 00:00:00,미부착,,개방 가능,공공누리 1유형,,,O,,,,,단순 정보,
3297,철도산업정보센터,HOME > 철도역사관 > 철도통합연표,철도통합연표,연탄 전용선 폐선,,1998-05-30 00:00:00,미부착,,개방 가능,공공누리 1유형,,,O,,,,,단순 정보,
3298,철도산업정보센터,HOME > 철도역사관 > 철도통합연표,철도통합연표,자갈발송 개시,,1998-06-01 00:00:00,미부착,,개방 가능,공공누리 1유형,,,O,,,,,단순 정보,
3299,철도산업정보센터,HOME > 철도역사관 > 철도통합연표,철도통합연표,복선전철화 2단계 착공,,1998-06-12 00:00:00,미부착,,개방 가능,공공누리 1유형,,,O,,,,,단순 정보,
3300,철도산업정보센터,HOME > 철도역사관 > 철도통합연표,철도통합연표,민자유치시설사업기본계획 고시(철도청),,1998-06-25 00:00:00,미부착,,개방 가능,공공누리 1유형,,,O,,,,,단순 정보,
3301,철도산업정보센터,HOME > 철도역사관 > 철도통합연표,철도통합연표,컨테이너야드 조성.,,1998-07-01 00:00:00,미부착,,개방 가능,공공누리 1유형,,,O,,,,,단순 정보,
3302,철도산업정보센터,HOME > 철도역사관 > 철도통합연표,철도통합연표,화차회송료 수수제도 폐지,,1998-07-11 00:00:00,미부착,,개방 가능,공공누리 1유형,,,O,,,,,단순 정보,
3303,철도산업정보센터,HOME > 철도역사관 > 철도통합연표,철도통합연표,오송역구내 선로증설 및 고속철도 인입선 준공,,1998-07-20 00:00:00,미부착,,개방 가능,공공누리 1유형,,,O,,,,,단순 정보,
3304,철도산업정보센터,HOME > 철도역사관 > 철도통합연표,철도통합연표,"철도청 정부대전청사 시대 개막, 서울 청사 퇴청식 거행",,1998-07-31 00:00:00,미부착,,개방 가능,공공누리 1유형,,,O,,,,,단순 정보,
3305,철도산업정보센터,HOME > 철도역사관 > 철도통합연표,철도통합연표,7호선 임시운행시간 2시간 연장,,1998-08-03 00:00:00,미부착,,개방 가능,공공누리 1유형,,,O,,,,,단순 정보,
3306,철도산업정보센터,HOME > 철도역사관 > 철도통합연표,철도통합연표,7호선 도봉산역 침수사고 발생. 7호선 전구간(도봉산-건대입구)운행중지,,1998-08-06 00:00:00,미부착,,개방 가능,공공누리 1유형,,,O,,,,,단순 정보,
3307,철도산업정보센터,HOME > 철도역사관 > 철도통합연표,철도통합연표,7호선 침수사고 복구. 임시 운행재개.,,1998-08-09 00:00:00,미부착,,개방 가능,공공누리 1유형,,,O,,,,,단순 정보,
3308,철도산업정보센터,HOME > 철도역사관 > 철도통합연표,철도통합연표,역사철거,,1998-08-11 00:00:00,미부착,,개방 가능,공공누리 1유형,,,O,,,,,단순 정보,
3309,철도산업정보센터,HOME > 철도역사관 > 철도통합연표,철도통합연표,현재의 역사건물 개조완료,,1998-08-31 00:00:00,미부착,,개방 가능,공공누리 1유형,,,O,,,,,단순 정보,
3310,철도산업정보센터,HOME > 철도역사관 > 철도통합연표,철도통합연표,현재의 역사준공,,1998-09-24 00:00:00,미부착,,개방 가능,공공누리 1유형,,,O,,,,,단순 정보,
3311,철도산업정보센터,HOME > 철도역사관 > 철도통합연표,철도통합연표,새마을호열차 특실 '깨우미(Train Call) 서비스' 도입,,1998-09-25 00:00:00,미부착,,개방 가능,공공누리 1유형,,,O,,,,,단순 정보,
3312,철도산업정보센터,HOME > 철도역사관 > 철도통합연표,철도통합연표,현물출자자산 및 부채 인수 (대구광역시건설본부 > 대구광역시지하철공사),,1998-09-28 00:00:00,미부착,,개방 가능,공공누리 1유형,,,O,,,,,단순 정보,
3313,철도산업정보센터,HOME > 철도역사관 > 철도통합연표,철도통합연표,신탄진 컨테이너야드 준공,,1998-09-28 00:00:00,미부착,,개방 가능,공공누리 1유형,,,O,,,,,단순 정보,
3314,철도산업정보센터,HOME > 철도역사관 > 철도통합연표,철도통합연표,철도운임조정 및 서비스 개선,,1998-10-15 00:00:00,미부착,,개방 가능,공공누리 1유형,,,O,,,,,단순 정보,
3315,철도산업정보센터,HOME > 철도역사관 > 철도통합연표,철도통합연표,현재의 역사준공,,1998-10-15 00:00:00,미부착,,개방 가능,공공누리 1유형,,,O,,,,,단순 정보,
3316,철도산업정보센터,HOME > 철도역사관 > 철도통합연표,철도통합연표,제2대 이희태 사장 취임,,1998-10-23 00:00:00,미부착,,개방 가능,공공누리 1유형,,,O,,,,,단순 정보,
3317,철도산업정보센터,HOME > 철도역사관 > 철도통합연표,철도통합연표,역사이전신축,,1998-11-04 00:00:00,미부착,,개방 가능,공공누리 1유형,,,O,,,,,단순 정보,
3318,철도산업정보센터,HOME > 철도역사관 > 철도통합연표,철도통합연표,민자유치시설 사업계획서 제출,,1998-11-23 00:00:00,미부착,,개방 가능,공공누리 1유형,,,O,,,,,단순 정보,
3319,철도산업정보센터,HOME > 철도역사관 > 철도통합연표,철도통합연표,환상선 눈꽃 순환열차 첫 운행,,1998-12-13 00:00:00,미부착,,개방 가능,공공누리 1유형,,,O,,,,,단순 정보,
3320,철도산업정보센터,HOME > 철도역사관 > 철도통합연표,철도통합연표,눈꽃 순환열차 최초로 운행 개시,,1998-12-13 00:00:00,미부착,,개방 가능,공공누리 1유형,,,O,,,,,단순 정보,
3321,철도산업정보센터,HOME > 철도역사관 > 철도통합연표,철도통합연표,환상선 눈꽃열차 최초 운행,,1998-12-13 00:00:00,미부착,,개방 가능,공공누리 1유형,,,O,,,,,단순 정보,
3322,철도산업정보센터,HOME > 철도역사관 > 철도통합연표,철도통합연표,전동차 반입(~1999.06.04),,1998-12-17 00:00:00,미부착,,개방 가능,공공누리 1유형,,,O,,,,,단순 정보,
3323,철도산업정보센터,HOME > 철도역사관 > 철도통합연표,철도통합연표,현재의 역사 준공.,,1998-12-28 00:00:00,미부착,,개방 가능,공공누리 1유형,,,O,,,,,단순 정보,
3324,철도산업정보센터,HOME > 철도역사관 > 철도통합연표,철도통합연표,보통역으로 영업개시,,1998-12-30 00:00:00,미부착,,개방 가능,공공누리 1유형,,,O,,,,,단순 정보,
3325,철도산업정보센터,HOME > 철도역사관 > 철도통합연표,철도통합연표,광양항선 개통,,1998-12-30 00:00:00,미부착,,개방 가능,공공누리 1유형,,,O,,,,,단순 정보,
3326,철도산업정보센터,HOME > 철도역사관 > 철도통합연표,철도통합연표,서울～부산간 디지털 광통신망 개통(155Mbps),,1998-12-31 00:00:00,미부착,,개방 가능,공공누리 1유형,,,O,,,,,단순 정보,
3327,철도산업정보센터,HOME > 철도역사관 > 철도통합연표,철도통합연표,영주-점촌간 비둘기호 운행 중지,,1998-12-31 00:00:00,미부착,,개방 가능,공공누리 1유형,,,O,,,,,단순 정보,
3328,철도산업정보센터,HOME > 철도역사관 > 철도통합연표,철도통합연표,제천지역관리역으로 통합,,1998-12-31 00:00:00,미부착,,개방 가능,공공누리 1유형,,,O,,,,,단순 정보,
3329,철도산업정보센터,HOME > 철도역사관 > 철도통합연표,철도통합연표,광양항선 황길~광양항 구간 완공,,1998-12-31 00:00:00,미부착,,개방 가능,공공누리 1유형,,,O,,,,,단순 정보,
3330,철도산업정보센터,HOME > 철도역사관 > 철도통합연표,철도통합연표,광양항선 황길~광양항 구간 완공,,1998-12-31 00:00:00,미부착,,개방 가능,공공누리 1유형,,,O,,,,,단순 정보,
3331,철도산업정보센터,HOME > 철도역사관 > 철도통합연표,철도통합연표,우선협상대상자 지정(현대 콘소시엄),,1998-12-31 00:00:00,미부착,,개방 가능,공공누리 1유형,,,O,,,,,단순 정보,
3332,철도산업정보센터,HOME > 철도역사관 > 철도통합연표,철도통합연표,여량역을 아우라지역으로 개명.,,1999-00-00,미부착,,개방 가능,공공누리 1유형,,,O,,,,,단순 정보,
3333,철도산업정보센터,HOME > 철도역사관 > 철도통합연표,철도통합연표,소화물 취급 중지,,1999-01-01 00:00:00,미부착,,개방 가능,공공누리 1유형,,,O,,,,,단순 정보,
3334,철도산업정보센터,HOME > 철도역사관 > 철도통합연표,철도통합연표,지역관리역으로 변경,,1999-01-01 00:00:00,미부착,,개방 가능,공공누리 1유형,,,O,,,,,단순 정보,
3335,철도산업정보센터,HOME > 철도역사관 > 철도통합연표,철도통합연표,영주지역관리역으로 통합,,1999-01-01 00:00:00,미부착,,개방 가능,공공누리 1유형,,,O,,,,,단순 정보,
3336,철도산업정보센터,HOME > 철도역사관 > 철도통합연표,철도통합연표,화물취급 개시,,1999-01-01 00:00:00,미부착,,개방 가능,공공누리 1유형,,,O,,,,,단순 정보,
3337,철도산업정보센터,HOME > 철도역사관 > 철도통합연표,철도통합연표,7호선 완전복구.,,1999-01-04 00:00:00,미부착,,개방 가능,공공누리 1유형,,,O,,,,,단순 정보,
3338,철도산업정보센터,HOME > 철도역사관 > 철도통합연표,철도통합연표,배치간이역으로 승격,,1999-01-07 00:00:00,미부착,,개방 가능,공공누리 1유형,,,O,,,,,단순 정보,
3339,철도산업정보센터,HOME > 철도역사관 > 철도통합연표,철도통합연표,관광열차 운행(비정기),,1999-01-23 00:00:00,미부착,,개방 가능,공공누리 1유형,,,O,,,,,단순 정보,
3340,철도산업정보센터,HOME > 철도역사관 > 철도통합연표,철도통합연표,"경인2복선전철 1단계 개통(구로-부평간,14.9km)",,1999-01-29 00:00:00,미부착,,개방 가능,공공누리 1유형,,,O,,,,,단순 정보,
3341,철도산업정보센터,HOME > 철도역사관 > 철도통합연표,철도통합연표,부평-용산(경인선-경부선)간 복복선 개통,,1999-01-29 00:00:00,미부착,,개방 가능,공공누리 1유형,,,O,,,,,단순 정보,
3342,철도산업정보센터,HOME > 철도역사관 > 철도통합연표,철도통합연표,"구로~부평간 복복선화 공사 완료, 급행열차 운행 시작",,1999-01-29 00:00:00,미부착,,개방 가능,공공누리 1유형,,,O,,,,,단순 정보,
3343,철도산업정보센터,HOME > 철도역사관 > 철도통합연표,철도통합연표,차내취급역 지정,,1999-02-00,미부착,,개방 가능,공공누리 1유형,,,O,,,,,단순 정보,
3344,철도산업정보센터,HOME > 철도역사관 > 철도통합연표,철도통합연표,민자역사 준공,,1999-02-01 00:00:00,미부착,,개방 가능,공공누리 1유형,,,O,,,,,단순 정보,
3345,철도산업정보센터,HOME > 철도역사관 > 철도통합연표,철도통합연표,현재의 역사준공,,1999-02-18 00:00:00,미부착,,개방 가능,공공누리 1유형,,,O,,,,,단순 정보,
3346,철도산업정보센터,HOME > 철도역사관 > 철도통합연표,철도통합연표,전라선 개량공사로 역사이전. 현재의 역사준공.,,1999-02-25 00:00:00,미부착,,개방 가능,공공누리 1유형,,,O,,,,,단순 정보,
3347,철도산업정보센터,HOME > 철도역사관 > 철도통합연표,철도통합연표,"전라선 개량공사로 역사이전, 동시에 역명개정(내구→봉덕)",,1999-02-25 00:00:00,미부착,,개방 가능,공공누리 1유형,,,O,,,,,단순 정보,
3348,철도산업정보센터,HOME > 철도역사관 > 철도통합연표,철도통합연표,전라선 선로이설로 신역사준공.,,1999-02-25 00:00:00,미부착,,개방 가능,공공누리 1유형,,,O,,,,,단순 정보,
3349,철도산업정보센터,HOME > 철도역사관 > 철도통합연표,철도통합연표,역명변경(학구→구만),,1999-02-25 00:00:00,미부착,,개방 가능,공공누리 1유형,,,O,,,,,단순 정보,
3350,철도산업정보센터,HOME > 철도역사관 > 철도통합연표,철도통합연표,역명변경(임촌→동운),,1999-02-25 00:00:00,미부착,,개방 가능,공공누리 1유형,,,O,,,,,단순 정보,
3351,철도산업정보센터,HOME > 철도역사관 > 철도통합연표,철도통합연표,배치간이역으로 격하,,1999-02-25 00:00:00,미부착,,개방 가능,공공누리 1유형,,,O,,,,,단순 정보,
3352,철도산업정보센터,HOME > 철도역사관 > 철도통합연표,철도통합연표,역사이전과 동시에 보통역으로 승격,,1999-02-25 00:00:00,미부착,,개방 가능,공공누리 1유형,,,O,,,,,단순 정보,
3353,철도산업정보센터,HOME > 철도역사관 > 철도통합연표,철도통합연표,철도고객봉사실 원스톱 민원체제 구축,,1999-03-04 00:00:00,미부착,,개방 가능,공공누리 1유형,,,O,,,,,단순 정보,
3354,철도산업정보센터,HOME > 철도역사관 > 철도통합연표,철도통합연표,전동차 기술·영업시운전 (~1999.07.26),,1999-03-08 00:00:00,미부착,,개방 가능,공공누리 1유형,,,O,,,,,단순 정보,
3355,철도산업정보센터,HOME > 철도역사관 > 철도통합연표,철도통합연표,신호장으로 영업개시,,1999-03-10 00:00:00,미부착,,개방 가능,공공누리 1유형,,,O,,,,,단순 정보,
3356,철도산업정보센터,HOME > 철도역사관 > 철도통합연표,철도통합연표,민간투자법 시행령 시행,,1999-04-01 00:00:00,미부착,,개방 가능,공공누리 1유형,,,O,,,,,단순 정보,
3357,철도산업정보센터,HOME > 철도역사관 > 철도통합연표,철도통합연표,현재의 역사준공.,,1999-04-30 00:00:00,미부착,,개방 가능,공공누리 1유형,,,O,,,,,단순 정보,
3358,철도산업정보센터,HOME > 철도역사관 > 철도통합연표,철도통합연표,무배치간이역으로 영업개시,,1999-05-01 00:00:00,미부착,,개방 가능,공공누리 1유형,,,O,,,,,단순 정보,
3359,철도산업정보센터,HOME > 철도역사관 > 철도통합연표,철도통합연표,무배치간이역 추암역 신설(동해기점 6.4km).,,1999-05-01 00:00:00,미부착,,개방 가능,공공누리 1유형,,,O,,,,,단순 정보,
3360,철도산업정보센터,HOME > 철도역사관 > 철도통합연표,철도통합연표,신호장으로 격하.,,1999-05-01 00:00:00,미부착,,개방 가능,공공누리 1유형,,,O,,,,,단순 정보,
3361,철도산업정보센터,HOME > 철도역사관 > 철도통합연표,철도통합연표,보통역으로 승격 및 역명변경(남관→죽림온천),,1999-05-01 00:00:00,미부착,,개방 가능,공공누리 1유형,,,O,,,,,단순 정보,
3362,철도산업정보센터,HOME > 철도역사관 > 철도통합연표,철도통합연표,현재의 역사신축.,,1999-05-13 00:00:00,미부착,,개방 가능,공공누리 1유형,,,O,,,,,단순 정보,
3363,철도산업정보센터,HOME > 철도역사관 > 철도통합연표,철도통합연표,복선전철화 1단계 완공,,1999-05-18 00:00:00,미부착,,개방 가능,공공누리 1유형,,,O,,,,,단순 정보,
3364,철도산업정보센터,HOME > 철도역사관 > 철도통합연표,철도통합연표,"전라선 개량 1단계 개통 (신리～임실, 금지～압록, 구례구～동순천 간)",,1999-05-18 00:00:00,미부착,,개방 가능,공공누리 1유형,,,O,,,,,단순 정보,
3365,철도산업정보센터,HOME > 철도역사관 > 철도통합연표,철도통합연표,현재의 역사 신축준공.,,1999-05-19 00:00:00,미부착,,개방 가능,공공누리 1유형,,,O,,,,,단순 정보,
3366,철도산업정보센터,HOME > 철도역사관 > 철도통합연표,철도통합연표,일반열차 통과,,1999-06-01 00:00:00,미부착,,개방 가능,공공누리 1유형,,,O,,,,,단순 정보,
3367,철도산업정보센터,HOME > 철도역사관 > 철도통합연표,철도통합연표,"영주-동대구간 통일호 폐지, 동시에 영주-부산간 무궁화호 승격. 부산-강릉간 무궁화 호 신설",,1999-06-01 00:00:00,미부착,,개방 가능,공공누리 1유형,,,O,,,,,단순 정보,
3368,철도산업정보센터,HOME > 철도역사관 > 철도통합연표,철도통합연표,월배기지사업소 주공장 개장,,1999-06-28 00:00:00,미부착,,개방 가능,공공누리 1유형,,,O,,,,,단순 정보,
3369,철도산업정보센터,HOME > 철도역사관 > 철도통합연표,철도통합연표,호포(경남 양산) ~ 서면 구간 개통(22.4km),,1999-06-30 00:00:00,미부착,,개방 가능,공공누리 1유형,,,O,,,,,단순 정보,
3370,철도산업정보센터,HOME > 철도역사관 > 철도통합연표,철도통합연표,2호선 1단계 구간 개통(양산 호포~서면 21.7㎞),,1999-06-30 00:00:00,미부착,,개방 가능,공공누리 1유형,,,O,,,,,단순 정보,
3371,철도산업정보센터,HOME > 철도역사관 > 철도통합연표,철도통합연표,민자역사추진에 따라 가역사로 이전,,1999-07-00,미부착,,개방 가능,공공누리 1유형,,,O,,,,,단순 정보,
3372,철도산업정보센터,HOME > 철도역사관 > 철도통합연표,철도통합연표,암사 ~ 잠실 구간 개통,,1999-07-02 00:00:00,미부착,,개방 가능,공공누리 1유형,,,O,,,,,단순 정보,
3373,철도산업정보센터,HOME > 철도역사관 > 철도통합연표,철도통합연표,"8호선 암사구간 개통 (암사 ∼ 잠실, 4역) , 8호선 완전개통 (17개역, 17.7㎞)",,1999-07-02 00:00:00,미부착,,개방 가능,공공누리 1유형,,,O,,,,,단순 정보,
3374,철도산업정보센터,HOME > 철도역사관 > 철도통합연표,철도통합연표,유수-다솔사간 선로이설로 현재의 위치에 역사를 신축,,1999-07-10 00:00:00,미부착,,개방 가능,공공누리 1유형,,,O,,,,,단순 정보,
3375,철도산업정보센터,HOME > 철도역사관 > 철도통합연표,철도통합연표,화물취급 재개,,1999-07-16 00:00:00,미부착,,개방 가능,공공누리 1유형,,,O,,,,,단순 정보,
3376,철도산업정보센터,HOME > 철도역사관 > 철도통합연표,철도통합연표,화물취급 중지,,1999-07-16 00:00:00,미부착,,개방 가능,공공누리 1유형,,,O,,,,,단순 정보,
3377,철도산업정보센터,HOME > 철도역사관 > 철도통합연표,철도통합연표,‘복합수송열차(CarRail)’성북～강릉간 첫 운행,,1999-07-20 00:00:00,미부착,,개방 가능,공공누리 1유형,,,O,,,,,단순 정보,
3378,철도산업정보센터,HOME > 철도역사관 > 철도통합연표,철도통합연표,연동폐색식에서 자동폐색식으로 변경.,,1999-07-29 00:00:00,미부착,,개방 가능,공공누리 1유형,,,O,,,,,단순 정보,
3379,철도산업정보센터,HOME > 철도역사관 > 철도통합연표,철도통합연표,귤현기지사업소 개소,,1999-07-30 00:00:00,미부착,,개방 가능,공공누리 1유형,,,O,,,,,단순 정보,
3380,철도산업정보센터,HOME > 철도역사관 > 철도통합연표,철도통합연표,7호선 도봉산역 침수사고 발생.,,1999-08-03 00:00:00,미부착,,개방 가능,공공누리 1유형,,,O,,,,,단순 정보,
3381,철도산업정보센터,HOME > 철도역사관 > 철도통합연표,철도통합연표,제2대 이원우 감사 취임,,1999-08-17 00:00:00,미부착,,개방 가능,공공누리 1유형,,,O,,,,,단순 정보,
3382,철도산업정보센터,HOME > 철도역사관 > 철도통합연표,철도통합연표,무배치간이역으로 격하,,1999-09-01 00:00:00,미부착,,개방 가능,공공누리 1유형,,,O,,,,,단순 정보,
3383,철도산업정보센터,HOME > 철도역사관 > 철도통합연표,철도통합연표,변경사업계획서 제출,,1999-09-03 00:00:00,미부착,,개방 가능,공공누리 1유형,,,O,,,,,단순 정보,
3384,철도산업정보센터,HOME > 철도역사관 > 철도통합연표,철도통합연표,한국철도 100주년 '철도의 날' 기념식. 김종필 국무총리외 각계인사 2천여명 참석,,1999-09-18 00:00:00,미부착,,개방 가능,공공누리 1유형,,,O,,,,,단순 정보,
3385,철도산업정보센터,HOME > 철도역사관 > 철도통합연표,철도통합연표,사무관역으로 격하,,1999-10-01 00:00:00,미부착,,개방 가능,공공누리 1유형,,,O,,,,,단순 정보,
3386,철도산업정보센터,HOME > 철도역사관 > 철도통합연표,철도통합연표,직제를 5급에서 6급으로 조정.,,1999-10-01 00:00:00,미부착,,개방 가능,공공누리 1유형,,,O,,,,,단순 정보,
3387,철도산업정보센터,HOME > 철도역사관 > 철도통합연표,철도통합연표,광주지역관리역으로 변경,,1999-10-01 00:00:00,미부착,,개방 가능,공공누리 1유형,,,O,,,,,단순 정보,
3388,철도산업정보센터,HOME > 철도역사관 > 철도통합연표,철도통합연표,박촌 - 동막간 개통,,1999-10-06 00:00:00,미부착,,개방 가능,공공누리 1유형,,,O,,,,,단순 정보,
3389,철도산업정보센터,HOME > 철도역사관 > 철도통합연표,철도통합연표,1호선(박촌~동막) 개통,,1999-10-06 00:00:00,미부착,,개방 가능,공공누리 1유형,,,O,,,,,단순 정보,
3390,철도산업정보센터,HOME > 철도역사관 > 철도통합연표,철도통합연표,"인천 지하철 1호선 개통, 환승역이 됨",,1999-10-06 00:00:00,미부착,,개방 가능,공공누리 1유형,,,O,,,,,단순 정보,
3391,철도산업정보센터,HOME > 철도역사관 > 철도통합연표,철도통합연표,맞이방에 음성군안내도설치.,,1999-10-22 00:00:00,미부착,,개방 가능,공공누리 1유형,,,O,,,,,단순 정보,
3392,철도산업정보센터,HOME > 철도역사관 > 철도통합연표,철도통합연표,도시철도 9호선 1단계구간 건설기본계획 수립,,1999-11-00,미부착,,개방 가능,공공누리 1유형,,,O,,,,,단순 정보,
3393,철도산업정보센터,HOME > 철도역사관 > 철도통합연표,철도통합연표,이문차량사업소 건설 실시계획 승인,,1999-11-18 00:00:00,미부착,,개방 가능,공공누리 1유형,,,O,,,,,단순 정보,
3394,철도산업정보센터,HOME > 철도역사관 > 철도통합연표,철도통합연표,당산 - 합정 구간이 재개통,,1999-11-22 00:00:00,미부착,,개방 가능,공공누리 1유형,,,O,,,,,단순 정보,
3395,철도산업정보센터,HOME > 철도역사관 > 철도통합연표,철도통합연표,역사개수.,,1999-11-26 00:00:00,미부착,,개방 가능,공공누리 1유형,,,O,,,,,단순 정보,
3396,철도산업정보센터,HOME > 철도역사관 > 철도통합연표,철도통합연표,민간투자대상사업 재지정,,1999-12-00,미부착,,개방 가능,공공누리 1유형,,,O,,,,,단순 정보,
3397,철도산업정보센터,HOME > 철도역사관 > 철도통합연표,철도통합연표,구미민자역사 착공,,1999-12-00,미부착,,개방 가능,공공누리 1유형,,,O,,,,,단순 정보,
3398,철도산업정보센터,HOME > 철도역사관 > 철도통합연표,철도통합연표,역사착공,,1999-12-00,미부착,,개방 가능,공공누리 1유형,,,O,,,,,단순 정보,
3399,철도산업정보센터,HOME > 철도역사관 > 철도통합연표,철도통합연표,신용카드 기차표 예약 실시,,1999-12-01 00:00:00,미부착,,개방 가능,공공누리 1유형,,,O,,,,,단순 정보,
3400,철도산업정보센터,HOME > 철도역사관 > 철도통합연표,철도통합연표,"일본식 철도용어, 어려운 한자 등 쉬운 우리말로 개정",,1999-12-01 00:00:00,미부착,,개방 가능,공공누리 1유형,,,O,,,,,단순 정보,
3401,철도산업정보센터,HOME > 철도역사관 > 철도통합연표,철도통합연표,귤현 - 박촌간 연장개통,,1999-12-07 00:00:00,미부착,,개방 가능,공공누리 1유형,,,O,,,,,단순 정보,
3402,철도산업정보센터,HOME > 철도역사관 > 철도통합연표,철도통합연표,귤현역 개통,,1999-12-07 00:00:00,미부착,,개방 가능,공공누리 1유형,,,O,,,,,단순 정보,
3403,철도산업정보센터,HOME > 철도역사관 > 철도통합연표,철도통합연표,제25회 전국품질경영대회에서 철도청 품질경영상 수상,,1999-12-22 00:00:00,미부착,,개방 가능,공공누리 1유형,,,O,,,,,단순 정보,
3404,철도산업정보센터,HOME > 철도역사관 > 철도통합연표,철도통합연표,현재의 역사 준공.,,1999-12-23 00:00:00,미부착,,개방 가능,공공누리 1유형,,,O,,,,,단순 정보,
3405,철도산업정보센터,HOME > 철도역사관 > 철도통합연표,철도통합연표,컨테이너야드 조성.,,1999-12-27 00:00:00,미부착,,개방 가능,공공누리 1유형,,,O,,,,,단순 정보,
3406,철도산업정보센터,HOME > 철도역사관 > 철도통합연표,철도통합연표,이문차량사업소 착공,,1999-12-29 00:00:00,미부착,,개방 가능,공공누리 1유형,,,O,,,,,단순 정보,
3407,철도산업정보센터,HOME > 철도역사관 > 철도통합연표,철도통합연표,민간유치대상사업 지정고시 기획예산처,,1999-12-31 00:00:00,미부착,,개방 가능,공공누리 1유형,,,O,,,,,단순 정보,
3408,철도산업정보센터,HOME > 철도역사관 > 철도통합연표,철도통합연표,현재의 역사 준공,,1999-12-31 00:00:00,미부착,,개방 가능,공공누리 1유형,,,O,,,,,단순 정보,
3409,철도산업정보센터,HOME > 철도역사관 > 철도통합연표,철도통합연표,경원선·1호선·경부선·경인선의 여객 안내 명칭을 1호선으로 통합,,2000-00-00,미부착,,개방 가능,공공누리 1유형,,,O,,,,,단순 정보,
3410,철도산업정보센터,HOME > 철도역사관 > 철도통합연표,철도통합연표,3호선·일산선 명칭 통합→수도권 전철 3호선(노선도에 같은 노선으로 표시 시작),,2000-00-00,미부착,,개방 가능,공공누리 1유형,,,O,,,,,단순 정보,
3411,철도산업정보센터,HOME > 철도역사관 > 철도통합연표,철도통합연표,4호선·과천선·안산선의 명칭 통합→수도권 전철 4호선,,2000-00-00,미부착,,개방 가능,공공누리 1유형,,,O,,,,,단순 정보,
3412,철도산업정보센터,HOME > 철도역사관 > 철도통합연표,철도통합연표,수도권 전철과 서울 지하철의 명칭 통합 정책에 의해 경원선·서울 지하철 1호선·경인선·경부선의 명칭 통합→수도권 전철 1호선(서울 지하철 1호선),,2000-00-00,미부착,,개방 가능,공공누리 1유형,,,O,,,,,단순 정보,
3413,철도산업정보센터,HOME > 철도역사관 > 철도통합연표,철도통합연표,4호선·과천선·안산선의 명칭 통합→수도권 전철 4호선,,2000-00-00,미부착,,개방 가능,공공누리 1유형,,,O,,,,,단순 정보,
3414,철도산업정보센터,HOME > 철도역사관 > 철도통합연표,철도통합연표,4호선·과천선·안산선의 안내를 ‘수도권 전철 4호선’으로 통합,,2000-00-00,미부착,,개방 가능,공공누리 1유형,,,O,,,,,단순 정보,
3415,철도산업정보센터,HOME > 철도역사관 > 철도통합연표,철도통합연표,지역관리역으로 지정,,2000-01-01 00:00:00,미부착,,개방 가능,공공누리 1유형,,,O,,,,,단순 정보,
3416,철도산업정보센터,HOME > 철도역사관 > 철도통합연표,철도통합연표,지역관리역으로 승격,,2000-01-01 00:00:00,미부착,,개방 가능,공공누리 1유형,,,O,,,,,단순 정보,
3417,철도산업정보센터,HOME > 철도역사관 > 철도통합연표,철도통합연표,대전지역관리역으로 조직개편,,2000-01-01 00:00:00,미부착,,개방 가능,공공누리 1유형,,,O,,,,,단순 정보,
3418,철도산업정보센터,HOME > 철도역사관 > 철도통합연표,철도통합연표,익산지역관리역으로 승격,,2000-01-01 00:00:00,미부착,,개방 가능,공공누리 1유형,,,O,,,,,단순 정보,
3419,철도산업정보센터,HOME > 철도역사관 > 철도통합연표,철도통합연표,역명변경(구만→개운),,2000-01-01 00:00:00,미부착,,개방 가능,공공누리 1유형,,,O,,,,,단순 정보,
3420,철도산업정보센터,HOME > 철도역사관 > 철도통합연표,철도통합연표,지역관리역으로 변경.,,2000-01-01 00:00:00,미부착,,개방 가능,공공누리 1유형,,,O,,,,,단순 정보,
3421,철도산업정보센터,HOME > 철도역사관 > 철도통합연표,철도통합연표,화물취급 개시,,2000-01-01 00:00:00,미부착,,개방 가능,공공누리 1유형,,,O,,,,,단순 정보,
3422,철도산업정보센터,HOME > 철도역사관 > 철도통합연표,철도통합연표,임시승강장으로 개역,,2000-01-01 00:00:00,미부착,,개방 가능,공공누리 1유형,,,O,,,,,단순 정보,
3423,철도산업정보센터,HOME > 철도역사관 > 철도통합연표,철도통합연표,역명변경(여량→아우라지),,2000-01-01 00:00:00,미부착,,개방 가능,공공누리 1유형,,,O,,,,,단순 정보,
3424,철도산업정보센터,HOME > 철도역사관 > 철도통합연표,철도통합연표,지역관리역으로 승격.,,2000-01-01 00:00:00,미부착,,개방 가능,공공누리 1유형,,,O,,,,,단순 정보,
3425,철도산업정보센터,HOME > 철도역사관 > 철도통합연표,철도통합연표,민간투자시설사업 기본계획 고시(건교부 2000-2),,2000-01-07 00:00:00,미부착,,개방 가능,공공누리 1유형,,,O,,,,,단순 정보,
3426,철도산업정보센터,HOME > 철도역사관 > 철도통합연표,철도통합연표,새마을·무궁화호 일부 객실 휴대폰 사용 금지한 ‘조용한 객실’ 지정,,2000-02-01 00:00:00,미부착,,개방 가능,공공누리 1유형,,,O,,,,,단순 정보,
3427,철도산업정보센터,HOME > 철도역사관 > 철도통합연표,철도통합연표,경춘선 열차운행횟수 증설 (노후 통일호 열차→도시통근형 통일호 교체 등),,2000-02-01 00:00:00,미부착,,개방 가능,공공누리 1유형,,,O,,,,,단순 정보,
3428,철도산업정보센터,HOME > 철도역사관 > 철도통합연표,철도통합연표,전산단말기 설치,,2000-02-17 00:00:00,미부착,,개방 가능,공공누리 1유형,,,O,,,,,단순 정보,
3429,철도산업정보센터,HOME > 철도역사관 > 철도통합연표,철도통합연표,"7호선 남단구간 개통 (신풍역 ∼ 온수역, 8역)",,2000-02-29 00:00:00,미부착,,개방 가능,공공누리 1유형,,,O,,,,,단순 정보,
3430,철도산업정보센터,HOME > 철도역사관 > 철도통합연표,철도통합연표,"7호선 남단구간 개통 (신풍 ∼ 온수, 8역)",,2000-02-29 00:00:00,미부착,,개방 가능,공공누리 1유형,,,O,,,,,단순 정보,
3431,철도산업정보센터,HOME > 철도역사관 > 철도통합연표,철도통합연표,동해선 철도건설 기본계획 수립,,2000-03-00,미부착,,개방 가능,공공누리 1유형,,,O,,,,,단순 정보,
3432,철도산업정보센터,HOME > 철도역사관 > 철도통합연표,철도통합연표,대전지역사무소관내 철도도상자갈 출하역으로 지정,,2000-03-30 00:00:00,미부착,,개방 가능,공공누리 1유형,,,O,,,,,단순 정보,
3433,철도산업정보센터,HOME > 철도역사관 > 철도통합연표,철도통합연표,2구간 기공,,2000-04-00,미부착,,개방 가능,공공누리 1유형,,,O,,,,,단순 정보,
3434,철도산업정보센터,HOME > 철도역사관 > 철도통합연표,철도통합연표,여객취급개시,,2000-04-17 00:00:00,미부착,,개방 가능,공공누리 1유형,,,O,,,,,단순 정보,
3435,철도산업정보센터,HOME > 철도역사관 > 철도통합연표,철도통합연표,교외선 관광 증기기관차 운행 중단,,2000-05-16 00:00:00,미부착,,개방 가능,공공누리 1유형,,,O,,,,,단순 정보,
3436,철도산업정보센터,HOME > 철도역사관 > 철도통합연표,철도통합연표,고객서비스헌장 공표,,2000-05-20 00:00:00,미부착,,개방 가능,공공누리 1유형,,,O,,,,,단순 정보,
3437,철도산업정보센터,HOME > 철도역사관 > 철도통합연표,철도통합연표,금촌~문산간 일시 영업중지로 소화물취급개시,,2000-06-01 00:00:00,미부착,,개방 가능,공공누리 1유형,,,O,,,,,단순 정보,
3438,철도산업정보센터,HOME > 철도역사관 > 철도통합연표,철도통합연표,문산지구 수해방지공사로 일시 영업중지,,2000-06-01 00:00:00,미부착,,개방 가능,공공누리 1유형,,,O,,,,,단순 정보,
3439,철도산업정보센터,HOME > 철도역사관 > 철도통합연표,철도통합연표,문산지구 수해방지 공사로 일시 영업중지,,2000-06-01 00:00:00,미부착,,개방 가능,공공누리 1유형,,,O,,,,,단순 정보,
3440,철도산업정보센터,HOME > 철도역사관 > 철도통합연표,철도통합연표,하고사리역을 고사리역에서 관리.,,2000-06-01 00:00:00,미부착,,개방 가능,공공누리 1유형,,,O,,,,,단순 정보,
3441,철도산업정보센터,HOME > 철도역사관 > 철도통합연표,철도통합연표,사업계획서 제출(현대산업개발),,2000-06-07 00:00:00,미부착,,개방 가능,공공누리 1유형,,,O,,,,,단순 정보,
3442,철도산업정보센터,HOME > 철도역사관 > 철도통합연표,철도통합연표,남북공동선언.,,2000-06-15 00:00:00,미부착,,개방 가능,공공누리 1유형,,,O,,,,,단순 정보,
3443,철도산업정보센터,HOME > 철도역사관 > 철도통합연표,철도통합연표,"남북정상회담에서 경의선,동해선 연결 추진",,2000-06-15 00:00:00,미부착,,개방 가능,공공누리 1유형,,,O,,,,,단순 정보,
3444,철도산업정보센터,HOME > 철도역사관 > 철도통합연표,철도통합연표,컨테이너 수송 개시,,2000-07-25 00:00:00,미부착,,개방 가능,공공누리 1유형,,,O,,,,,단순 정보,
3445,철도산업정보센터,HOME > 철도역사관 > 철도통합연표,철도통합연표,안산역-오이도역 구간 연장개통,,2000-07-28 00:00:00,미부착,,개방 가능,공공누리 1유형,,,O,,,,,단순 정보,
3446,철도산업정보센터,HOME > 철도역사관 > 철도통합연표,철도통합연표,보통역으로 영업개시,,2000-07-28 00:00:00,미부착,,개방 가능,공공누리 1유형,,,O,,,,,단순 정보,
3447,철도산업정보센터,HOME > 철도역사관 > 철도통합연표,철도통합연표,"7호선 강남구간 개통, 전구간개통 (신풍역 ∼ 건대입구역, 15역",,2000-08-01 00:00:00,미부착,,개방 가능,공공누리 1유형,,,O,,,,,단순 정보,
3448,철도산업정보센터,HOME > 철도역사관 > 철도통합연표,철도통합연표,"7호선 강남구간 개통 (신풍 ∼ 건대입구, 15역) , 7호선 완전개통 (42개역, 46.9㎞)",,2000-08-01 00:00:00,미부착,,개방 가능,공공누리 1유형,,,O,,,,,단순 정보,
3449,철도산업정보센터,HOME > 철도역사관 > 철도통합연표,철도통합연표,보통역으로 승격,,2000-08-01 00:00:00,미부착,,개방 가능,공공누리 1유형,,,O,,,,,단순 정보,
3450,철도산업정보센터,HOME > 철도역사관 > 철도통합연표,철도통합연표,"6호선 상월곡구간 개통 (봉화산역∼상월곡역, 6역)",,2000-08-07 00:00:00,미부착,,개방 가능,공공누리 1유형,,,O,,,,,단순 정보,
3451,철도산업정보센터,HOME > 철도역사관 > 철도통합연표,철도통합연표,"6호선 상월곡구간 개통 (봉화산∼상월곡, 6역)",,2000-08-07 00:00:00,미부착,,개방 가능,공공누리 1유형,,,O,,,,,단순 정보,
3452,철도산업정보센터,HOME > 철도역사관 > 철도통합연표,철도통합연표,서울도시철도 6호선 개통,,2000-08-07 00:00:00,미부착,,개방 가능,공공누리 1유형,,,O,,,,,단순 정보,
3453,철도산업정보센터,HOME > 철도역사관 > 철도통합연표,철도통합연표,효천~광주송정 구간의 철도를 이설하여 서광주역이 새로 생기고 효천~남광주~광주 구간이 폐선,,2000-08-10 00:00:00,미부착,,개방 가능,공공누리 1유형,,,O,,,,,단순 정보,
3454,철도산업정보센터,HOME > 철도역사관 > 철도통합연표,철도통합연표,폐역,,2000-08-10 00:00:00,미부착,,개방 가능,공공누리 1유형,,,O,,,,,단순 정보,
3455,철도산업정보센터,HOME > 철도역사관 > 철도통합연표,철도통합연표,경전선 이설에 따라 신호장으로 개역,,2000-08-10 00:00:00,미부착,,개방 가능,공공누리 1유형,,,O,,,,,단순 정보,
3456,철도산업정보센터,HOME > 철도역사관 > 철도통합연표,철도통합연표,경전선 이설에 따라 보통역으로 영업개시,,2000-08-10 00:00:00,미부착,,개방 가능,공공누리 1유형,,,O,,,,,단순 정보,
3457,철도산업정보센터,HOME > 철도역사관 > 철도통합연표,철도통합연표,광주도심 경전선 이설로 역사이전준공.,,2000-08-10 00:00:00,미부착,,개방 가능,공공누리 1유형,,,O,,,,,단순 정보,
3458,철도산업정보센터,HOME > 철도역사관 > 철도통합연표,철도통합연표,도심철도구간 이설 공사 송정리(現 광주송정)~효천 간 10.8km 폐지,,2000-08-10 00:00:00,미부착,,개방 가능,공공누리 1유형,,,O,,,,,단순 정보,
3459,철도산업정보센터,HOME > 철도역사관 > 철도통합연표,철도통합연표,무배치간이역으로 영업개시,,2000-08-14 00:00:00,미부착,,개방 가능,공공누리 1유형,,,O,,,,,단순 정보,
3460,철도산업정보센터,HOME > 철도역사관 > 철도통합연표,철도통합연표,남서울역에서 광명역으로 역명변경,,2000-08-28 00:00:00,미부착,,개방 가능,공공누리 1유형,,,O,,,,,단순 정보,
3461,철도산업정보센터,HOME > 철도역사관 > 철도통합연표,철도통합연표,도시철도 9호선 1단계구간 건설기본계획 승인,,2000-09-00,미부착,,개방 가능,공공누리 1유형,,,O,,,,,단순 정보,
3462,철도산업정보센터,HOME > 철도역사관 > 철도통합연표,철도통합연표,기존역사 철거,,2000-09-00,미부착,,개방 가능,공공누리 1유형,,,O,,,,,단순 정보,
3463,철도산업정보센터,HOME > 철도역사관 > 철도통합연표,철도통합연표,철도서비스아카데미 개관,,2000-09-06 00:00:00,미부착,,개방 가능,공공누리 1유형,,,O,,,,,단순 정보,
3464,철도산업정보센터,HOME > 철도역사관 > 철도통합연표,철도통합연표,역사개수,,2000-09-18 00:00:00,미부착,,개방 가능,공공누리 1유형,,,O,,,,,단순 정보,
3465,철도산업정보센터,HOME > 철도역사관 > 철도통합연표,철도통합연표,무배치간이역으로 영업개시,,2000-10-01 00:00:00,미부착,,개방 가능,공공누리 1유형,,,O,,,,,단순 정보,
3466,철도산업정보센터,HOME > 철도역사관 > 철도통합연표,철도통합연표,제2회 5급승진 다면평가에서 첫 내부승진 여직원 나옴,,2000-11-07 00:00:00,미부착,,개방 가능,공공누리 1유형,,,O,,,,,단순 정보,
3467,철도산업정보센터,HOME > 철도역사관 > 철도통합연표,철도통합연표,영주~문수 간 자동폐색장치 신설,,2000-11-11 00:00:00,미부착,,개방 가능,공공누리 1유형,,,O,,,,,단순 정보,
3468,철도산업정보센터,HOME > 철도역사관 > 철도통합연표,철도통합연표,경부·호남선 2개 노선 새마을호 열차에서 안동 간고등어 등 지역특산품 시범판매,,2000-11-14 00:00:00,미부착,,개방 가능,공공누리 1유형,,,O,,,,,단순 정보,
3469,철도산업정보센터,HOME > 철도역사관 > 철도통합연표,철도통합연표,"증산~구절리간 비둘기호 폐지로, 전 노선에서 비둘기호 등급 폐지",,2000-11-14 00:00:00,미부착,,개방 가능,공공누리 1유형,,,O,,,,,단순 정보,
3470,철도산업정보센터,HOME > 철도역사관 > 철도통합연표,철도통합연표,비둘기호 열차 마지막 운행(정선선 증산～구절리),,2000-11-14 00:00:00,미부착,,개방 가능,공공누리 1유형,,,O,,,,,단순 정보,
3471,철도산업정보센터,HOME > 철도역사관 > 철도통합연표,철도통합연표,도시철도기본계획 승인 건설교통부,,2000-11-24 00:00:00,미부착,,개방 가능,공공누리 1유형,,,O,,,,,단순 정보,
3472,철도산업정보센터,HOME > 철도역사관 > 철도통합연표,철도통합연표,도시철도 9호선 1단계구간 사업면허,,2000-12-00,미부착,,개방 가능,공공누리 1유형,,,O,,,,,단순 정보,
3473,철도산업정보센터,HOME > 철도역사관 > 철도통합연표,철도통합연표,무배치간이역으로 격하,,2000-12-01 00:00:00,미부착,,개방 가능,공공누리 1유형,,,O,,,,,단순 정보,
3474,철도산업정보센터,HOME > 철도역사관 > 철도통합연표,철도통합연표,배치간이역으로 격하,,2000-12-01 00:00:00,미부착,,개방 가능,공공누리 1유형,,,O,,,,,단순 정보,
3475,철도산업정보센터,HOME > 철도역사관 > 철도통합연표,철도통합연표,6호선 상월곡역 ∼ 응암역 개통 (28역),,2000-12-15 00:00:00,미부착,,개방 가능,공공누리 1유형,,,O,,,,,단순 정보,
3476,철도산업정보센터,HOME > 철도역사관 > 철도통합연표,철도통합연표,"6호선 상월곡 ∼ 응암 개통 (28역) , 6호선 전구간 개통",,2000-12-15 00:00:00,미부착,,개방 가능,공공누리 1유형,,,O,,,,,단순 정보,
3477,철도산업정보센터,HOME > 철도역사관 > 철도통합연표,철도통합연표,정선선 비둘기호를 특정통일호로 승격운행,,2000-12-15 00:00:00,미부착,,개방 가능,공공누리 1유형,,,O,,,,,단순 정보,
3478,철도산업정보센터,HOME > 철도역사관 > 철도통합연표,철도통합연표,양정역 관리역으로 지정,,2000-12-21 00:00:00,미부착,,개방 가능,공공누리 1유형,,,O,,,,,단순 정보,
3479,철도산업정보센터,HOME > 철도역사관 > 철도통합연표,철도통합연표,지역특산품 판매 전노선 새마을호로 확대,,2000-12-22 00:00:00,미부착,,개방 가능,공공누리 1유형,,,O,,,,,단순 정보,
3480,철도산업정보센터,HOME > 철도역사관 > 철도통합연표,철도통합연표,중앙선 CTC사용개시,,2000-12-26 00:00:00,미부착,,개방 가능,공공누리 1유형,,,O,,,,,단순 정보,
3481,철도산업정보센터,HOME > 철도역사관 > 철도통합연표,철도통합연표,호남선 복선화 공사로 신역사 준공(고막원역 역사에는 20001227일에 역사이전으로 기록),,2000-12-27 00:00:00,미부착,,개방 가능,공공누리 1유형,,,O,,,,,단순 정보,
3482,철도산업정보센터,HOME > 철도역사관 > 철도통합연표,철도통합연표,현재역사준공.,,2000-12-30 00:00:00,미부착,,개방 가능,공공누리 1유형,,,O,,,,,단순 정보,
3483,철도산업정보센터,HOME > 철도역사관 > 철도통합연표,철도통합연표,6급역으로 격하,,2000-12-31 00:00:00,미부착,,개방 가능,공공누리 1유형,,,O,,,,,단순 정보,
3484,철도산업정보센터,HOME > 철도역사관 > 철도통합연표,철도통합연표,관광열차 운행중지,,2000-12-31 00:00:00,미부착,,개방 가능,공공누리 1유형,,,O,,,,,단순 정보,
3485,철도산업정보센터,HOME > 철도역사관 > 철도통합연표,철도통합연표,현재의 역사 준공,,2001-00-00,미부착,,개방 가능,공공누리 1유형,,,O,,,,,단순 정보,
3486,철도산업정보센터,HOME > 철도역사관 > 철도통합연표,철도통합연표,현재의 역사준공.,,2001-00-00,미부착,,개방 가능,공공누리 1유형,,,O,,,,,단순 정보,
3487,철도산업정보센터,HOME > 철도역사관 > 철도통합연표,철도통합연표,역명변경(유천→상동),,2001-01-01 00:00:00,미부착,,개방 가능,공공누리 1유형,,,O,,,,,단순 정보,
3488,철도산업정보센터,HOME > 철도역사관 > 철도통합연표,철도통합연표,도시철도 1호선 현물출자 자산 및 부채 인수,,2001-01-17 00:00:00,미부착,,개방 가능,공공누리 1유형,,,O,,,,,단순 정보,
3489,철도산업정보센터,HOME > 철도역사관 > 철도통합연표,철도통합연표,전산승차권발매기 설치 및 개통,,2001-01-19 00:00:00,미부착,,개방 가능,공공누리 1유형,,,O,,,,,단순 정보,
3490,철도산업정보센터,HOME > 철도역사관 > 철도통합연표,철도통합연표,승차권 단말기 설치,,2001-02-01 00:00:00,미부착,,개방 가능,공공누리 1유형,,,O,,,,,단순 정보,
3491,철도산업정보센터,HOME > 철도역사관 > 철도통합연표,철도통합연표,‘철도고객센터’ 개관,,2001-02-05 00:00:00,미부착,,개방 가능,공공누리 1유형,,,O,,,,,단순 정보,
3492,철도산업정보센터,HOME > 철도역사관 > 철도통합연표,철도통합연표,소화물취급 중지,,2001-02-26 00:00:00,미부착,,개방 가능,공공누리 1유형,,,O,,,,,단순 정보,
3493,철도산업정보센터,HOME > 철도역사관 > 철도통합연표,철도통합연표,문산지구 수해방지공사완료로 영업재개,,2001-02-26 00:00:00,미부착,,개방 가능,공공누리 1유형,,,O,,,,,단순 정보,
3494,철도산업정보센터,HOME > 철도역사관 > 철도통합연표,철도통합연표,도시철도 9호선 1단계구간 민간투자 대상사업 지정,,2001-03-00,미부착,,개방 가능,공공누리 1유형,,,O,,,,,단순 정보,
3495,철도산업정보센터,HOME > 철도역사관 > 철도통합연표,철도통합연표,외국어(한국어·영어·일본어·중국어) 안내방송 무궁화호 확대 실시,,2001-03-01 00:00:00,미부착,,개방 가능,공공누리 1유형,,,O,,,,,단순 정보,
3496,철도산업정보센터,HOME > 철도역사관 > 철도통합연표,철도통합연표,"6호선 잔여구간 개통, 전구간개통 (이태원역∼약수역, 4역)",,2001-03-09 00:00:00,미부착,,개방 가능,공공누리 1유형,,,O,,,,,단순 정보,
3497,철도산업정보센터,HOME > 철도역사관 > 철도통합연표,철도통합연표,"6호선 잔여구간 개통 (이태원∼약 수, 4역)",,2001-03-09 00:00:00,미부착,,개방 가능,공공누리 1유형,,,O,,,,,단순 정보,
3498,철도산업정보센터,HOME > 철도역사관 > 철도통합연표,철도통합연표,전용선 폐지,,2001-03-09 00:00:00,미부착,,개방 가능,공공누리 1유형,,,O,,,,,단순 정보,
3499,철도산업정보센터,HOME > 철도역사관 > 철도통합연표,철도통합연표,철도회원 '승차권 대금 인터넷 결재' 및 '바로티켓팅' 서비스 실시,,2001-03-23 00:00:00,미부착,,개방 가능,공공누리 1유형,,,O,,,,,단순 정보,
3500,철도산업정보센터,HOME > 철도역사관 > 철도통합연표,철도통합연표,사업시행자 지정(철도청)/실시협약 체결(철도청/인천국제공항철도(주)),,2001-03-23 00:00:00,미부착,,개방 가능,공공누리 1유형,,,O,,,,,단순 정보,
3501,철도산업정보센터,HOME > 철도역사관 > 철도통합연표,철도통합연표,실시협약 체결(철도청/인천국제공항철도㈜) / 사업시행자 지정(철도청) / 양한호 부사장 대표이사 취임,,2001-03-23 00:00:00,미부착,,개방 가능,공공누리 1유형,,,O,,,,,단순 정보,
3502,철도산업정보센터,HOME > 철도역사관 > 철도통합연표,철도통합연표,인천국제공항철도 건설사업 기공식,,2001-03-27 00:00:00,미부착,,개방 가능,공공누리 1유형,,,O,,,,,단순 정보,
3503,철도산업정보센터,HOME > 철도역사관 > 철도통합연표,철도통합연표,기공식,,2001-03-27 00:00:00,미부착,,개방 가능,공공누리 1유형,,,O,,,,,단순 정보,
3504,철도산업정보센터,HOME > 철도역사관 > 철도통합연표,철도통합연표,제2대 정인성 사장 취임,,2001-03-29 00:00:00,미부착,,개방 가능,공공누리 1유형,,,O,,,,,단순 정보,
3505,철도산업정보센터,HOME > 철도역사관 > 철도통합연표,철도통합연표,1단계 김포~신공항1 구간 노반 실시계획 승인,,2001-03-31 00:00:00,미부착,,개방 가능,공공누리 1유형,,,O,,,,,단순 정보,
3506,철도산업정보센터,HOME > 철도역사관 > 철도통합연표,철도통합연표,새마을호(5호차 1～30호석) 어린이 동반객차 운영,,2001-04-05 00:00:00,미부착,,개방 가능,공공누리 1유형,,,O,,,,,단순 정보,
3507,철도산업정보센터,HOME > 철도역사관 > 철도통합연표,철도통합연표,역사 전면 개보수,,2001-05-18 00:00:00,미부착,,개방 가능,공공누리 1유형,,,O,,,,,단순 정보,
3508,철도산업정보센터,HOME > 철도역사관 > 철도통합연표,철도통합연표,익산보선사무소 신설,,2001-05-21 00:00:00,미부착,,개방 가능,공공누리 1유형,,,O,,,,,단순 정보,
3509,철도산업정보센터,HOME > 철도역사관 > 철도통합연표,철도통합연표,토건턴키 공동수급체 일괄도급계약 체결,,2001-05-23 00:00:00,미부착,,개방 가능,공공누리 1유형,,,O,,,,,단순 정보,
3510,철도산업정보센터,HOME > 철도역사관 > 철도통합연표,철도통합연표,통일호 승차권 전산화.,,2001-05-25 00:00:00,미부착,,개방 가능,공공누리 1유형,,,O,,,,,단순 정보,
3511,철도산업정보센터,HOME > 철도역사관 > 철도통합연표,철도통합연표,전산승차권 발매개시,,2001-05-25 00:00:00,미부착,,개방 가능,공공누리 1유형,,,O,,,,,단순 정보,
3512,철도산업정보센터,HOME > 철도역사관 > 철도통합연표,철도통합연표,승차권 발매재개.,,2001-06-01 00:00:00,미부착,,개방 가능,공공누리 1유형,,,O,,,,,단순 정보,
3513,철도산업정보센터,HOME > 철도역사관 > 철도통합연표,철도통합연표,무배치간이역 후진역 신설(동해기점 7.8km).,,2001-07-01 00:00:00,미부착,,개방 가능,공공누리 1유형,,,O,,,,,단순 정보,
3514,철도산업정보센터,HOME > 철도역사관 > 철도통합연표,철도통합연표,역폐지,,2001-07-01 00:00:00,미부착,,개방 가능,공공누리 1유형,,,O,,,,,단순 정보,
3515,철도산업정보센터,HOME > 철도역사관 > 철도통합연표,철도통합연표,폐역,,2001-07-01 00:00:00,미부착,,개방 가능,공공누리 1유형,,,O,,,,,단순 정보,
3516,철도산업정보센터,HOME > 철도역사관 > 철도통합연표,철도통합연표,폐역,,2001-07-01 00:00:00,미부착,,개방 가능,공공누리 1유형,,,O,,,,,단순 정보,
3517,철도산업정보센터,HOME > 철도역사관 > 철도통합연표,철도통합연표,폐역,,2001-07-01 00:00:00,미부착,,개방 가능,공공누리 1유형,,,O,,,,,단순 정보,
3518,철도산업정보센터,HOME > 철도역사관 > 철도통합연표,철도통합연표,폐역,,2001-07-01 00:00:00,미부착,,개방 가능,공공누리 1유형,,,O,,,,,단순 정보,
3519,철도산업정보센터,HOME > 철도역사관 > 철도통합연표,철도통합연표,폐역,,2001-07-01 00:00:00,미부착,,개방 가능,공공누리 1유형,,,O,,,,,단순 정보,
3520,철도산업정보센터,HOME > 철도역사관 > 철도통합연표,철도통합연표,폐역,,2001-07-01 00:00:00,미부착,,개방 가능,공공누리 1유형,,,O,,,,,단순 정보,
3521,철도산업정보센터,HOME > 철도역사관 > 철도통합연표,철도통합연표,폐역,,2001-07-01 00:00:00,미부착,,개방 가능,공공누리 1유형,,,O,,,,,단순 정보,
3522,철도산업정보센터,HOME > 철도역사관 > 철도통합연표,철도통합연표,보통역으로 승격 및 화물취급 지정,,2001-07-01 00:00:00,미부착,,개방 가능,공공누리 1유형,,,O,,,,,단순 정보,
3523,철도산업정보센터,HOME > 철도역사관 > 철도통합연표,철도통합연표,역명변경(毛良→牟梁),,2001-07-01 00:00:00,미부착,,개방 가능,공공누리 1유형,,,O,,,,,단순 정보,
3524,철도산업정보센터,HOME > 철도역사관 > 철도통합연표,철도통합연표,화물취급 지정,,2001-07-01 00:00:00,미부착,,개방 가능,공공누리 1유형,,,O,,,,,단순 정보,
3525,철도산업정보센터,HOME > 철도역사관 > 철도통합연표,철도통합연표,화물취급 중지,,2001-07-01 00:00:00,미부착,,개방 가능,공공누리 1유형,,,O,,,,,단순 정보,
3526,철도산업정보센터,HOME > 철도역사관 > 철도통합연표,철도통합연표,소화물취급 지정,,2001-07-01 00:00:00,미부착,,개방 가능,공공누리 1유형,,,O,,,,,단순 정보,
3527,철도산업정보센터,HOME > 철도역사관 > 철도통합연표,철도통합연표,보통역으로 승격,,2001-07-01 00:00:00,미부착,,개방 가능,공공누리 1유형,,,O,,,,,단순 정보,
3528,철도산업정보센터,HOME > 철도역사관 > 철도통합연표,철도통합연표,배치간이역으로 격하,,2001-07-01 00:00:00,미부착,,개방 가능,공공누리 1유형,,,O,,,,,단순 정보,
3529,철도산업정보센터,HOME > 철도역사관 > 철도통합연표,철도통합연표,무배치간이역으로 부활,,2001-07-01 00:00:00,미부착,,개방 가능,공공누리 1유형,,,O,,,,,단순 정보,
3530,철도산업정보센터,HOME > 철도역사관 > 철도통합연표,철도통합연표,폐역,,2001-07-10 00:00:00,미부착,,개방 가능,공공누리 1유형,,,O,,,,,단순 정보,
3531,철도산업정보센터,HOME > 철도역사관 > 철도통합연표,철도통합연표,호남선 복선화 공사로 역사를 신축 이전,,2001-07-10 00:00:00,미부착,,개방 가능,공공누리 1유형,,,O,,,,,단순 정보,
3532,철도산업정보센터,HOME > 철도역사관 > 철도통합연표,철도통합연표,"나주역과 영산포역을 통합하여 역을 이전하여 영업개시 및 소화물취급 지정, 5급역으로 승격",,2001-07-10 00:00:00,미부착,,개방 가능,공공누리 1유형,,,O,,,,,단순 정보,
3533,철도산업정보센터,HOME > 철도역사관 > 철도통합연표,철도통합연표,호남선 복선화로 역이전,,2001-07-10 00:00:00,미부착,,개방 가능,공공누리 1유형,,,O,,,,,단순 정보,
3534,철도산업정보센터,HOME > 철도역사관 > 철도통합연표,철도통합연표,7호선 고속터미널역 침수사고 발생. 7호선 고속터미널-강남구청간 운행중지,,2001-07-15 00:00:00,미부착,,개방 가능,공공누리 1유형,,,O,,,,,단순 정보,
3535,철도산업정보센터,HOME > 철도역사관 > 철도통합연표,철도통합연표,윤주수 사장 대표이사 취임,,2001-07-25 00:00:00,미부착,,개방 가능,공공누리 1유형,,,O,,,,,단순 정보,
3536,철도산업정보센터,HOME > 철도역사관 > 철도통합연표,철도통합연표,제3대 윤진태 사장 취임,,2001-07-25 00:00:00,미부착,,개방 가능,공공누리 1유형,,,O,,,,,단순 정보,
3537,철도산업정보센터,HOME > 철도역사관 > 철도통합연표,철도통합연표,철도 관련 법령 데이터베이스 구축 홈페이지 공개,,2001-07-26 00:00:00,미부착,,개방 가능,공공누리 1유형,,,O,,,,,단순 정보,
3538,철도산업정보센터,HOME > 철도역사관 > 철도통합연표,철도통합연표,호남선 전철화 사업 (대전～논산 신도안 구간) 조기 착공,,2001-07-31 00:00:00,미부착,,개방 가능,공공누리 1유형,,,O,,,,,단순 정보,
3539,철도산업정보센터,HOME > 철도역사관 > 철도통합연표,철도통합연표,컨테이너야드 취급 중지.,,2001-08-01 00:00:00,미부착,,개방 가능,공공누리 1유형,,,O,,,,,단순 정보,
3540,철도산업정보센터,HOME > 철도역사관 > 철도통합연표,철도통합연표,지하철공사운영기획단 발족,,2001-08-06 00:00:00,미부착,,개방 가능,공공누리 1유형,,,O,,,,,단순 정보,
3541,철도산업정보센터,HOME > 철도역사관 > 철도통합연표,철도통합연표,서면 ~ 금련산 구간 개통(8.0km),,2001-08-08 00:00:00,미부착,,개방 가능,공공누리 1유형,,,O,,,,,단순 정보,
3542,철도산업정보센터,HOME > 철도역사관 > 철도통합연표,철도통합연표,2호선 2단계 서면~금련산구간 개통(서면~금련산 7.7㎞),,2001-08-08 00:00:00,미부착,,개방 가능,공공누리 1유형,,,O,,,,,단순 정보,
3543,철도산업정보센터,HOME > 철도역사관 > 철도통합연표,철도통합연표,경인선 백운역사 영업개시,,2001-08-10 00:00:00,미부착,,개방 가능,공공누리 1유형,,,O,,,,,단순 정보,
3544,철도산업정보센터,HOME > 철도역사관 > 철도통합연표,철도통합연표,7호선 고속터미널역침수 복구 완료. 운행 재개.,,2001-08-17 00:00:00,미부착,,개방 가능,공공누리 1유형,,,O,,,,,단순 정보,
3545,철도산업정보센터,HOME > 철도역사관 > 철도통합연표,철도통합연표,광주도심철도 (효천～서광주～송정리) 11km 이설 준공,,2001-08-28 00:00:00,미부착,,개방 가능,공공누리 1유형,,,O,,,,,단순 정보,
3546,철도산업정보센터,HOME > 철도역사관 > 철도통합연표,철도통합연표,역사개수공사 완료.,,2001-08-30 00:00:00,미부착,,개방 가능,공공누리 1유형,,,O,,,,,단순 정보,
3547,철도산업정보센터,HOME > 철도역사관 > 철도통합연표,철도통합연표,역사내부 개수.,,2001-08-31 00:00:00,미부착,,개방 가능,공공누리 1유형,,,O,,,,,단순 정보,
3548,철도산업정보센터,HOME > 철도역사관 > 철도통합연표,철도통합연표,현재의 역사 준공,,2001-09-00,미부착,,개방 가능,공공누리 1유형,,,O,,,,,단순 정보,
3549,철도산업정보센터,HOME > 철도역사관 > 철도통합연표,철도통합연표,철도 기관명칭 새로 변경 (보선사무소→시설관리사무소 등),,2001-09-01 00:00:00,미부착,,개방 가능,공공누리 1유형,,,O,,,,,단순 정보,
3550,철도산업정보센터,HOME > 철도역사관 > 철도통합연표,철도통합연표,호남선 익산~광주간 전철화 공사 착공으로 광주선 전철화 착공,,2001-09-06 00:00:00,미부착,,개방 가능,공공누리 1유형,,,O,,,,,단순 정보,
3551,철도산업정보센터,HOME > 철도역사관 > 철도통합연표,철도통합연표,신호장으로 변경,,2001-09-08 00:00:00,미부착,,개방 가능,공공누리 1유형,,,O,,,,,단순 정보,
3552,철도산업정보센터,HOME > 철도역사관 > 철도통합연표,철도통합연표,신호장으로 격하,,2001-09-08 00:00:00,미부착,,개방 가능,공공누리 1유형,,,O,,,,,단순 정보,
3553,철도산업정보센터,HOME > 철도역사관 > 철도통합연표,철도통합연표,민간투자시설기본계획(안) 심의 확정 및 승인 기획예산처,,2001-09-25 00:00:00,미부착,,개방 가능,공공누리 1유형,,,O,,,,,단순 정보,
3554,철도산업정보센터,HOME > 철도역사관 > 철도통합연표,철도통합연표,운전간이역으로 영업개시,,2001-09-30 00:00:00,미부착,,개방 가능,공공누리 1유형,,,O,,,,,단순 정보,
3555,철도산업정보센터,HOME > 철도역사관 > 철도통합연표,철도통합연표,경의선 최종착역 임진강역 신설열차 운행,,2001-09-30 00:00:00,미부착,,개방 가능,공공누리 1유형,,,O,,,,,단순 정보,
3556,철도산업정보센터,HOME > 철도역사관 > 철도통합연표,철도통합연표,태양금속 전용선으로 명칭변경,,2001-10-18 00:00:00,미부착,,개방 가능,공공누리 1유형,,,O,,,,,단순 정보,
3557,철도산업정보센터,HOME > 철도역사관 > 철도통합연표,철도통합연표,도시철도 9호선 1단계구간 시설사업기본계획 고시,,2001-10-31 00:00:00,미부착,,개방 가능,공공누리 1유형,,,O,,,,,단순 정보,
3558,철도산업정보센터,HOME > 철도역사관 > 철도통합연표,철도통합연표,도시철도 9호선 1단계구간 사업설명회,,2001-11-00,미부착,,개방 가능,공공누리 1유형,,,O,,,,,단순 정보,
3559,철도산업정보센터,HOME > 철도역사관 > 철도통합연표,철도통합연표,민간투자시설사업기본계획 고시 의정부시,,2001-11-01 00:00:00,미부착,,개방 가능,공공누리 1유형,,,O,,,,,단순 정보,
3560,철도산업정보센터,HOME > 철도역사관 > 철도통합연표,철도통합연표,한일시멘트 전용선 사용중지.,,2001-11-01 00:00:00,미부착,,개방 가능,공공누리 1유형,,,O,,,,,단순 정보,
3561,철도산업정보센터,HOME > 철도역사관 > 철도통합연표,철도통합연표,운전간이역으로 영업개시,,2001-11-30 00:00:00,미부착,,개방 가능,공공누리 1유형,,,O,,,,,단순 정보,
3562,철도산업정보센터,HOME > 철도역사관 > 철도통합연표,철도통합연표,경인선 도화역 영업 개시,,2001-11-30 00:00:00,미부착,,개방 가능,공공누리 1유형,,,O,,,,,단순 정보,
3563,철도산업정보센터,HOME > 철도역사관 > 철도통합연표,철도통합연표,현재의 역사준공,,2001-11-30 00:00:00,미부착,,개방 가능,공공누리 1유형,,,O,,,,,단순 정보,
3564,철도산업정보센터,HOME > 철도역사관 > 철도통합연표,철도통합연표,역사이전,,2001-11-30 00:00:00,미부착,,개방 가능,공공누리 1유형,,,O,,,,,단순 정보,
3565,철도산업정보센터,HOME > 철도역사관 > 철도통합연표,철도통합연표,운전간이역으로 조정,,2001-11-30 00:00:00,미부착,,개방 가능,공공누리 1유형,,,O,,,,,단순 정보,
3566,철도산업정보센터,HOME > 철도역사관 > 철도통합연표,철도통합연표,경인선 도화역 개통,,2001-11-30 00:00:00,미부착,,개방 가능,공공누리 1유형,,,O,,,,,단순 정보,
3567,철도산업정보센터,HOME > 철도역사관 > 철도통합연표,철도통합연표,송정리-임성리 간 복선화 완공,,2001-12-00,미부착,,개방 가능,공공누리 1유형,,,O,,,,,단순 정보,
3568,철도산업정보센터,HOME > 철도역사관 > 철도통합연표,철도통합연표,호포 ~ 양산 구간 착공,,2001-12-00,미부착,,개방 가능,공공누리 1유형,,,O,,,,,단순 정보,
3569,철도산업정보센터,HOME > 철도역사관 > 철도통합연표,철도통합연표,민간투자시설사업 기본계획 고시(용인시 고시 제2001-295호),,2001-12-00,미부착,,개방 가능,공공누리 1유형,,,O,,,,,단순 정보,
3570,철도산업정보센터,HOME > 철도역사관 > 철도통합연표,철도통합연표,민자역사준공,,2001-12-00,미부착,,개방 가능,공공누리 1유형,,,O,,,,,단순 정보,
3571,철도산업정보센터,HOME > 철도역사관 > 철도통합연표,철도통합연표,역사이전,,2001-12-01 00:00:00,미부착,,개방 가능,공공누리 1유형,,,O,,,,,단순 정보,
3572,철도산업정보센터,HOME > 철도역사관 > 철도통합연표,철도통합연표,역사이전과 동시에 현재의 역사준공.,,2001-12-04 00:00:00,미부착,,개방 가능,공공누리 1유형,,,O,,,,,단순 정보,
3573,철도산업정보센터,HOME > 철도역사관 > 철도통합연표,철도통합연표,함평역으로 역명개정과 동시에 역사신축이전,,2001-12-05 00:00:00,미부착,,개방 가능,공공누리 1유형,,,O,,,,,단순 정보,
3574,철도산업정보센터,HOME > 철도역사관 > 철도통합연표,철도통합연표,고막원~함평역간 전자연동폐색식시행(복선개통),,2001-12-12 00:00:00,미부착,,개방 가능,공공누리 1유형,,,O,,,,,단순 정보,
3575,철도산업정보센터,HOME > 철도역사관 > 철도통합연표,철도통합연표,폐역,,2001-12-13 00:00:00,미부착,,개방 가능,공공누리 1유형,,,O,,,,,단순 정보,
3576,철도산업정보센터,HOME > 철도역사관 > 철도통합연표,철도통합연표,호남선복선화로 역사신축 이전,,2001-12-13 00:00:00,미부착,,개방 가능,공공누리 1유형,,,O,,,,,단순 정보,
3577,철도산업정보센터,HOME > 철도역사관 > 철도통합연표,철도통합연표,여객취급 개시,,2001-12-15 00:00:00,미부착,,개방 가능,공공누리 1유형,,,O,,,,,단순 정보,
3578,철도산업정보센터,HOME > 철도역사관 > 철도통합연표,철도통합연표,새마을호 열차 정차.,,2001-12-15 00:00:00,미부착,,개방 가능,공공누리 1유형,,,O,,,,,단순 정보,
3579,철도산업정보센터,HOME > 철도역사관 > 철도통합연표,철도통합연표,호남선 송정리～임성리간 복선철도 개통,,2001-12-17 00:00:00,미부착,,개방 가능,공공누리 1유형,,,O,,,,,단순 정보,
3580,철도산업정보센터,HOME > 철도역사관 > 철도통합연표,철도통합연표,2호선 연장구간 착공(양산 호포~중부 8㎞),,2001-12-21 00:00:00,미부착,,개방 가능,공공누리 1유형,,,O,,,,,단순 정보,
3581,철도산업정보센터,HOME > 철도역사관 > 철도통합연표,철도통합연표,역사개량,,2001-12-23 00:00:00,미부착,,개방 가능,공공누리 1유형,,,O,,,,,단순 정보,
3582,철도산업정보센터,HOME > 철도역사관 > 철도통합연표,철도통합연표,복선전철화 2단계중 압록-구례구 간 단선 우선개통,,2001-12-27 00:00:00,미부착,,개방 가능,공공누리 1유형,,,O,,,,,단순 정보,
3583,철도산업정보센터,HOME > 철도역사관 > 철도통합연표,철도통합연표,현재의 역사 준공.,,2001-12-30 00:00:00,미부착,,개방 가능,공공누리 1유형,,,O,,,,,단순 정보,
3584,철도산업정보센터,HOME > 철도역사관 > 철도통합연표,철도통합연표,역사개보수,,2001-12-31 00:00:00,미부착,,개방 가능,공공누리 1유형,,,O,,,,,단순 정보,
3585,철도산업정보센터,HOME > 철도역사관 > 철도통합연표,철도통합연표,마산가도교(3.15 의거탑 부근) 구조물 교체공사,,2002-00-00,미부착,,개방 가능,공공누리 1유형,,,O,,,,,단순 정보,
3586,철도산업정보센터,HOME > 철도역사관 > 철도통합연표,철도통합연표,신역사준공.,,2002-00-00,미부착,,개방 가능,공공누리 1유형,,,O,,,,,단순 정보,
3587,철도산업정보센터,HOME > 철도역사관 > 철도통합연표,철도통합연표,금련산 ~ 광안 구간 개통(0.9km),,2002-01-16 00:00:00,미부착,,개방 가능,공공누리 1유형,,,O,,,,,단순 정보,
3588,철도산업정보센터,HOME > 철도역사관 > 철도통합연표,철도통합연표,2호선 광안역 개통,,2002-01-16 00:00:00,미부착,,개방 가능,공공누리 1유형,,,O,,,,,단순 정보,
3589,철도산업정보센터,HOME > 철도역사관 > 철도통합연표,철도통합연표,우선협상대상자 지정,,2002-01-19 00:00:00,미부착,,개방 가능,공공누리 1유형,,,O,,,,,단순 정보,
3590,철도산업정보센터,HOME > 철도역사관 > 철도통합연표,철도통합연표,차량기지 및 공유수면 매립 실시계획 승인임,,2002-01-31 00:00:00,미부착,,개방 가능,공공누리 1유형,,,O,,,,,단순 정보,
3591,철도산업정보센터,HOME > 철도역사관 > 철도통합연표,철도통합연표,호남선 전철화 전담조직 '철도청 전철건설사업소' 개소,,2002-02-05 00:00:00,미부착,,개방 가능,공공누리 1유형,,,O,,,,,단순 정보,
3592,철도산업정보센터,HOME > 철도역사관 > 철도통합연표,철도통합연표,신역사 준공,,2002-02-17 00:00:00,미부착,,개방 가능,공공누리 1유형,,,O,,,,,단순 정보,
3593,철도산업정보센터,HOME > 철도역사관 > 철도통합연표,철도통합연표,제3대 김용국 감사 취임,,2002-02-26 00:00:00,미부착,,개방 가능,공공누리 1유형,,,O,,,,,단순 정보,
3594,철도산업정보센터,HOME > 철도역사관 > 철도통합연표,철도통합연표,무배치간이역으로 격하,,2002-03-13 00:00:00,미부착,,개방 가능,공공누리 1유형,,,O,,,,,단순 정보,
3595,철도산업정보센터,HOME > 철도역사관 > 철도통합연표,철도통합연표,로마자 표기변경(Handaeap→Hanyang Univ. at Ansan),,2002-03-13 00:00:00,미부착,,개방 가능,공공누리 1유형,,,O,,,,,단순 정보,
3596,철도산업정보센터,HOME > 철도역사관 > 철도통합연표,철도통합연표,경인선 부평-주안간 2복선 전철개통,,2002-03-15 00:00:00,미부착,,개방 가능,공공누리 1유형,,,O,,,,,단순 정보,
3597,철도산업정보센터,HOME > 철도역사관 > 철도통합연표,철도통합연표,주안-부평(경인선)간 복복선 개통,,2002-03-15 00:00:00,미부착,,개방 가능,공공누리 1유형,,,O,,,,,단순 정보,
3598,철도산업정보센터,HOME > 철도역사관 > 철도통합연표,철도통합연표,제3대 임석봉 사장 취임,,2002-03-25 00:00:00,미부착,,개방 가능,공공누리 1유형,,,O,,,,,단순 정보,
3599,철도산업정보센터,HOME > 철도역사관 > 철도통합연표,철도통합연표,"사업계획서 접수(GS건설 컨소시엄,포스코건설 컨소시엄) 의정부시",,2002-03-30 00:00:00,미부착,,개방 가능,공공누리 1유형,,,O,,,,,단순 정보,
3600,철도산업정보센터,HOME > 철도역사관 > 철도통합연표,철도통합연표,사업계획서 접수(울트라건설외 5개사 단독 컨소시엄),,2002-04-00,미부착,,개방 가능,공공누리 1유형,,,O,,,,,단순 정보,
3601,철도산업정보센터,HOME > 철도역사관 > 철도통합연표,철도통합연표,공사설치 조례 제정,,2002-04-01 00:00:00,미부착,,개방 가능,공공누리 1유형,,,O,,,,,단순 정보,
3602,철도산업정보센터,HOME > 철도역사관 > 철도통합연표,철도통합연표,해외 사업관리(PM) 계약 (벡텔),,2002-04-06 00:00:00,미부착,,개방 가능,공공누리 1유형,,,O,,,,,단순 정보,
3603,철도산업정보센터,HOME > 철도역사관 > 철도통합연표,철도통합연표,보통역으로 영업개시,,2002-04-11 00:00:00,미부착,,개방 가능,공공누리 1유형,,,O,,,,,단순 정보,
3604,철도산업정보센터,HOME > 철도역사관 > 철도통합연표,철도통합연표,경의선 도라산역 개통과 함께 열차운행,,2002-04-11 00:00:00,미부착,,개방 가능,공공누리 1유형,,,O,,,,,단순 정보,
3605,철도산업정보센터,HOME > 철도역사관 > 철도통합연표,철도통합연표,우선협상대상자 지정,,2002-05-00,미부착,,개방 가능,공공누리 1유형,,,O,,,,,단순 정보,
3606,철도산업정보센터,HOME > 철도역사관 > 철도통합연표,철도통합연표,어린이 홈페이지 ‘키즈코레일(http://kids.korail.go.kr)’ 오픈,,2002-05-01 00:00:00,미부착,,개방 가능,공공누리 1유형,,,O,,,,,단순 정보,
3607,철도산업정보센터,HOME > 철도역사관 > 철도통합연표,철도통합연표,대구 지하철 1호선 진천 - 대곡 구간 개통,,2002-05-10 00:00:00,미부착,,개방 가능,공공누리 1유형,,,O,,,,,단순 정보,
3608,철도산업정보센터,HOME > 철도역사관 > 철도통합연표,철도통합연표,1호선연장구간개통(진천-대곡 1 0km),,2002-05-10 00:00:00,미부착,,개방 가능,공공누리 1유형,,,O,,,,,단순 정보,
3609,철도산업정보센터,HOME > 철도역사관 > 철도통합연표,철도통합연표,제4대 이훈 사장 취임,,2002-05-16 00:00:00,미부착,,개방 가능,공공누리 1유형,,,O,,,,,단순 정보,
3610,철도산업정보센터,HOME > 철도역사관 > 철도통합연표,철도통합연표,철암역 선탄시설 등록문화재(제21호)로 지정,,2002-05-31 00:00:00,미부착,,개방 가능,공공누리 1유형,,,O,,,,,단순 정보,
3611,철도산업정보센터,HOME > 철도역사관 > 철도통합연표,철도통합연표,첫 여성 여객전무 2명 탄생,,2002-06-00,미부착,,개방 가능,공공누리 1유형,,,O,,,,,단순 정보,
3612,철도산업정보센터,HOME > 철도역사관 > 철도통합연표,철도통합연표,컨테이너 취급 중단(CY철거),,2002-06-01 00:00:00,미부착,,개방 가능,공공누리 1유형,,,O,,,,,단순 정보,
3613,철도산업정보센터,HOME > 철도역사관 > 철도통합연표,철도통합연표,공사정관 인가,,2002-06-26 00:00:00,미부착,,개방 가능,공공누리 1유형,,,O,,,,,단순 정보,
3614,철도산업정보센터,HOME > 철도역사관 > 철도통합연표,철도통합연표,민간투자사업 사업계획서 제출,,2002-07-00,미부착,,개방 가능,공공누리 1유형,,,O,,,,,단순 정보,
3615,철도산업정보센터,HOME > 철도역사관 > 철도통합연표,철도통합연표,신분당선 기본설계 완료 및 사업제안서 제출 (두산),,2002-07-00,미부착,,개방 가능,공공누리 1유형,,,O,,,,,단순 정보,
3616,철도산업정보센터,HOME > 철도역사관 > 철도통합연표,철도통합연표,화물취급 개시,,2002-07-01 00:00:00,미부착,,개방 가능,공공누리 1유형,,,O,,,,,단순 정보,
3617,철도산업정보센터,HOME > 철도역사관 > 철도통합연표,철도통합연표,조영갑 사장 대표이사 취임,,2002-07-09 00:00:00,미부착,,개방 가능,공공누리 1유형,,,O,,,,,단순 정보,
3618,철도산업정보센터,HOME > 철도역사관 > 철도통합연표,철도통합연표,새마을호 열차 정차.,,2002-07-16 00:00:00,미부착,,개방 가능,공공누리 1유형,,,O,,,,,단순 정보,
3619,철도산업정보센터,HOME > 철도역사관 > 철도통합연표,철도통합연표,신역사준공,,2002-07-25 00:00:00,미부착,,개방 가능,공공누리 1유형,,,O,,,,,단순 정보,
3620,철도산업정보센터,HOME > 철도역사관 > 철도통합연표,철도통합연표,동해선 포항 ～ 삼척간 철도건설 기본설계 시행,,2002-08-00,미부착,,개방 가능,공공누리 1유형,,,O,,,,,단순 정보,
3621,철도산업정보센터,HOME > 철도역사관 > 철도통합연표,철도통합연표,예비타당성 조사완료(기획예산처),,2002-08-00,미부착,,개방 가능,공공누리 1유형,,,O,,,,,단순 정보,
3622,철도산업정보센터,HOME > 철도역사관 > 철도통합연표,철도통합연표,현재의 역사 신축준공.,,2002-08-02 00:00:00,미부착,,개방 가능,공공누리 1유형,,,O,,,,,단순 정보,
3623,철도산업정보센터,HOME > 철도역사관 > 철도통합연표,철도통합연표,해외 E&M 계약 (IKFC콘소시엄),,2002-08-06 00:00:00,미부착,,개방 가능,공공누리 1유형,,,O,,,,,단순 정보,
3624,철도산업정보센터,HOME > 철도역사관 > 철도통합연표,철도통합연표,역사개수,,2002-08-25 00:00:00,미부착,,개방 가능,공공누리 1유형,,,O,,,,,단순 정보,
3625,철도산업정보센터,HOME > 철도역사관 > 철도통합연표,철도통합연표,광안 ~ 장산 구간 개통(7.8km),,2002-08-29 00:00:00,미부착,,개방 가능,공공누리 1유형,,,O,,,,,단순 정보,
3626,철도산업정보센터,HOME > 철도역사관 > 철도통합연표,철도통합연표,2호선 광안~장산 개통,,2002-08-29 00:00:00,미부착,,개방 가능,공공누리 1유형,,,O,,,,,단순 정보,
3627,철도산업정보센터,HOME > 철도역사관 > 철도통합연표,철도통합연표,태풍 루사로 인해 정선~구절리간 운행중지,,2002-08-31 00:00:00,미부착,,개방 가능,공공누리 1유형,,,O,,,,,단순 정보,
3628,철도산업정보센터,HOME > 철도역사관 > 철도통합연표,철도통합연표,우선협상대상자 지정,,2002-09-00,미부착,,개방 가능,공공누리 1유형,,,O,,,,,단순 정보,
3629,철도산업정보센터,HOME > 철도역사관 > 철도통합연표,철도통합연표,신기역에서 고사리역으로 피제어관리역변경.,,2002-09-01 00:00:00,미부착,,개방 가능,공공누리 1유형,,,O,,,,,단순 정보,
3630,철도산업정보센터,HOME > 철도역사관 > 철도통합연표,철도통합연표,오리 - 죽전 착공,,2002-09-16 00:00:00,미부착,,개방 가능,공공누리 1유형,,,O,,,,,단순 정보,
3631,철도산업정보센터,HOME > 철도역사관 > 철도통합연표,철도통합연표,DMZ 구간 공사 착공.,,2002-09-18 00:00:00,미부착,,개방 가능,공공누리 1유형,,,O,,,,,단순 정보,
3632,철도산업정보센터,HOME > 철도역사관 > 철도통합연표,철도통합연표,"남북간 '경의선 및 동해선 철도,도로 연결 착공식'",,2002-09-18 00:00:00,미부착,,개방 가능,공공누리 1유형,,,O,,,,,단순 정보,
3633,철도산업정보센터,HOME > 철도역사관 > 철도통합연표,철도통합연표,"남북간 '경의선 및 동해선 철도,도로 연결 착공식'",,2002-09-18 00:00:00,미부착,,개방 가능,공공누리 1유형,,,O,,,,,단순 정보,
3634,철도산업정보센터,HOME > 철도역사관 > 철도통합연표,철도통합연표,서울-울산간 새마을호 하루 2편씩 증편운행(복합열차 형식),,2002-10-05 00:00:00,미부착,,개방 가능,공공누리 1유형,,,O,,,,,단순 정보,
3635,철도산업정보센터,HOME > 철도역사관 > 철도통합연표,철도통합연표,서울-포항간 새마을호 하루 2편씩 증편운행(복합열차 형식),,2002-10-05 00:00:00,미부착,,개방 가능,공공누리 1유형,,,O,,,,,단순 정보,
3636,철도산업정보센터,HOME > 철도역사관 > 철도통합연표,철도통합연표,압록-구례구 간 복선전철화 완공,,2002-10-15 00:00:00,미부착,,개방 가능,공공누리 1유형,,,O,,,,,단순 정보,
3637,철도산업정보센터,HOME > 철도역사관 > 철도통합연표,철도통합연표,문원호 초대사장 취임,,2002-10-16 00:00:00,미부착,,개방 가능,공공누리 1유형,,,O,,,,,단순 정보,
3638,철도산업정보센터,HOME > 철도역사관 > 철도통합연표,철도통합연표,전라선직선화 공사로 역사이전,,2002-10-17 00:00:00,미부착,,개방 가능,공공누리 1유형,,,O,,,,,단순 정보,
3639,철도산업정보센터,HOME > 철도역사관 > 철도통합연표,철도통합연표,제1회 대한민국안전대상(운수업분야) 수상,,2002-10-22 00:00:00,미부착,,개방 가능,공공누리 1유형,,,O,,,,,단순 정보,
3640,철도산업정보센터,HOME > 철도역사관 > 철도통합연표,철도통합연표,광주광역시도시철도공사창립,,2002-11-02 00:00:00,미부착,,개방 가능,공공누리 1유형,,,O,,,,,단순 정보,
3641,철도산업정보센터,HOME > 철도역사관 > 철도통합연표,철도통합연표,을종대매소 폐지,,2002-11-11 00:00:00,미부착,,개방 가능,공공누리 1유형,,,O,,,,,단순 정보,
3642,철도산업정보센터,HOME > 철도역사관 > 철도통합연표,철도통합연표,‘2002 6시그마 경영품질대회’ 공공서비스부문 경영대상,,2002-11-13 00:00:00,미부착,,개방 가능,공공누리 1유형,,,O,,,,,단순 정보,
3643,철도산업정보센터,HOME > 철도역사관 > 철도통합연표,철도통합연표,정선아리랑유람열차 운행개시,,2002-11-27 00:00:00,미부착,,개방 가능,공공누리 1유형,,,O,,,,,단순 정보,
3644,철도산업정보센터,HOME > 철도역사관 > 철도통합연표,철도통합연표,역사신축,,2002-11-28 00:00:00,미부착,,개방 가능,공공누리 1유형,,,O,,,,,단순 정보,
3645,철도산업정보센터,HOME > 철도역사관 > 철도통합연표,철도통합연표,사업관리(PM)계약 (국내부문 : KOPEC콘소시엄),,2002-11-28 00:00:00,미부착,,개방 가능,공공누리 1유형,,,O,,,,,단순 정보,
3646,철도산업정보센터,HOME > 철도역사관 > 철도통합연표,철도통합연표,동서통근열차 폐지.,,2002-12-02 00:00:00,미부착,,개방 가능,공공누리 1유형,,,O,,,,,단순 정보,
3647,철도산업정보센터,HOME > 철도역사관 > 철도통합연표,철도통합연표,동서통근열차 폐지로 여객취급 중지,,2002-12-02 00:00:00,미부착,,개방 가능,공공누리 1유형,,,O,,,,,단순 정보,
3648,철도산업정보센터,HOME > 철도역사관 > 철도통합연표,철도통합연표,임성리-목포간 복선화 완료. 자동폐색방식으로 운전취급변경,,2002-12-08 00:00:00,미부착,,개방 가능,공공누리 1유형,,,O,,,,,단순 정보,
3649,철도산업정보센터,HOME > 철도역사관 > 철도통합연표,철도통합연표,"무궁화호 4회, 통일호 2회 추가정차.",,2002-12-09 00:00:00,미부착,,개방 가능,공공누리 1유형,,,O,,,,,단순 정보,
3650,철도산업정보센터,HOME > 철도역사관 > 철도통합연표,철도통합연표,사업시행자 지정 및 실시협약 체결,,2002-12-13 00:00:00,미부착,,개방 가능,공공누리 1유형,,,O,,,,,단순 정보,
3651,철도산업정보센터,HOME > 철도역사관 > 철도통합연표,철도통합연표,폐역,,2002-12-20 00:00:00,미부착,,개방 가능,공공누리 1유형,,,O,,,,,단순 정보,
3652,철도산업정보센터,HOME > 철도역사관 > 철도통합연표,철도통합연표,보통역으로 승격,,2002-12-20 00:00:00,미부착,,개방 가능,공공누리 1유형,,,O,,,,,단순 정보,
3653,철도산업정보센터,HOME > 철도역사관 > 철도통합연표,철도통합연표,배치간이역으로 격하,,2002-12-20 00:00:00,미부착,,개방 가능,공공누리 1유형,,,O,,,,,단순 정보,
3654,철도산업정보센터,HOME > 철도역사관 > 철도통합연표,철도통합연표,죽림온천 관리역지정.,,2002-12-23 00:00:00,미부착,,개방 가능,공공누리 1유형,,,O,,,,,단순 정보,
3655,철도산업정보센터,HOME > 철도역사관 > 철도통합연표,철도통합연표,건물개보수.,,2002-12-23 00:00:00,미부착,,개방 가능,공공누리 1유형,,,O,,,,,단순 정보,
3656,철도산업정보센터,HOME > 철도역사관 > 철도통합연표,철도통합연표,‘철도회관’준공,,2002-12-24 00:00:00,미부착,,개방 가능,공공누리 1유형,,,O,,,,,단순 정보,
3657,철도산업정보센터,HOME > 철도역사관 > 철도통합연표,철도통합연표,전차선 가설 및 전자연동장치 설치,,2002-12-28 00:00:00,미부착,,개방 가능,공공누리 1유형,,,O,,,,,단순 정보,
3658,철도산업정보센터,HOME > 철도역사관 > 철도통합연표,철도통합연표,역사개보수,,2002-12-30 00:00:00,미부착,,개방 가능,공공누리 1유형,,,O,,,,,단순 정보,
3659,철도산업정보센터,HOME > 철도역사관 > 철도통합연표,철도통합연표,"후진역, 삼척해변역으로 개명.",,2003-01-01 00:00:00,미부착,,개방 가능,공공누리 1유형,,,O,,,,,단순 정보,
3660,철도산업정보센터,HOME > 철도역사관 > 철도통합연표,철도통합연표,역명변경(후진→삼척해변),,2003-01-01 00:00:00,미부착,,개방 가능,공공누리 1유형,,,O,,,,,단순 정보,
3661,철도산업정보센터,HOME > 철도역사관 > 철도통합연표,철도통합연표,부산-김해경전철 주식회사 발기인총회 개최,,2003-01-10 00:00:00,미부착,,개방 가능,공공누리 1유형,,,O,,,,,단순 정보,
3662,철도산업정보센터,HOME > 철도역사관 > 철도통합연표,철도통합연표,태양중공업 전용선으로 명칭변경,,2003-01-11 00:00:00,미부착,,개방 가능,공공누리 1유형,,,O,,,,,단순 정보,
3663,철도산업정보센터,HOME > 철도역사관 > 철도통합연표,철도통합연표,부산김해경전철주식회사 설립,,2003-01-13 00:00:00,미부착,,개방 가능,공공누리 1유형,,,O,,,,,단순 정보,
3664,철도산업정보센터,HOME > 철도역사관 > 철도통합연표,철도통합연표,세천자갈선 철거,,2003-01-17 00:00:00,미부착,,개방 가능,공공누리 1유형,,,O,,,,,단순 정보,
3665,철도산업정보센터,HOME > 철도역사관 > 철도통합연표,철도통합연표,전기연동장치에서 전자연동장치로 개량 및 기계실건물(2층)신축,,2003-01-17 00:00:00,미부착,,개방 가능,공공누리 1유형,,,O,,,,,단순 정보,
3666,철도산업정보센터,HOME > 철도역사관 > 철도통합연표,철도통합연표,선로모양변경,,2003-01-23 00:00:00,미부착,,개방 가능,공공누리 1유형,,,O,,,,,단순 정보,
3667,철도산업정보센터,HOME > 철도역사관 > 철도통합연표,철도통합연표,민자역사입주,,2003-01-27 00:00:00,미부착,,개방 가능,공공누리 1유형,,,O,,,,,단순 정보,
3668,철도산업정보센터,HOME > 철도역사관 > 철도통합연표,철도통합연표,추풍령역 취수탑 등록문화재로 등록,,2003-01-28 00:00:00,미부착,,개방 가능,공공누리 1유형,,,O,,,,,단순 정보,
3669,철도산업정보센터,HOME > 철도역사관 > 철도통합연표,철도통합연표,연산역급수탑 등록문화재(48호)로 지정,,2003-01-28 00:00:00,미부착,,개방 가능,공공누리 1유형,,,O,,,,,단순 정보,
3670,철도산업정보센터,HOME > 철도역사관 > 철도통합연표,철도통합연표,안동역급수탑 등록문화재(49호)로 지정,,2003-01-28 00:00:00,미부착,,개방 가능,공공누리 1유형,,,O,,,,,단순 정보,
3671,철도산업정보센터,HOME > 철도역사관 > 철도통합연표,철도통합연표,민자역사준공,,2003-02-00,미부착,,개방 가능,공공누리 1유형,,,O,,,,,단순 정보,
3672,철도산업정보센터,HOME > 철도역사관 > 철도통합연표,철도통합연표,제4대 권기일 사장 취임,,2003-02-20 00:00:00,미부착,,개방 가능,공공누리 1유형,,,O,,,,,단순 정보,
3673,철도산업정보센터,HOME > 철도역사관 > 철도통합연표,철도통합연표,구역사철거,,2003-02-24 00:00:00,미부착,,개방 가능,공공누리 1유형,,,O,,,,,단순 정보,
3674,철도산업정보센터,HOME > 철도역사관 > 철도통합연표,철도통합연표,"연장건설 협약체결(서울시, 인천시, 부천시)",,2003-03-00,미부착,,개방 가능,공공누리 1유형,,,O,,,,,단순 정보,
3675,철도산업정보센터,HOME > 철도역사관 > 철도통합연표,철도통합연표,전기연동에서 전자연동방식으로 변경,,2003-03-07 00:00:00,미부착,,개방 가능,공공누리 1유형,,,O,,,,,단순 정보,
3676,철도산업정보센터,HOME > 철도역사관 > 철도통합연표,철도통합연표,박춘택 사장 대표이사 취임,,2003-03-25 00:00:00,미부착,,개방 가능,공공누리 1유형,,,O,,,,,단순 정보,
3677,철도산업정보센터,HOME > 철도역사관 > 철도통합연표,철도통합연표,협상종결,,2003-04-00,미부착,,개방 가능,공공누리 1유형,,,O,,,,,단순 정보,
3678,철도산업정보센터,HOME > 철도역사관 > 철도통합연표,철도통합연표,국가고객만족도조사(NCSI) 3년연속 1위 선정,,2003-04-08 00:00:00,미부착,,개방 가능,공공누리 1유형,,,O,,,,,단순 정보,
3679,철도산업정보센터,HOME > 철도역사관 > 철도통합연표,철도통합연표,"수원 - 병점간 전철화, 복복선화",,2003-04-30 00:00:00,미부착,,개방 가능,공공누리 1유형,,,O,,,,,단순 정보,
3680,철도산업정보센터,HOME > 철도역사관 > 철도통합연표,철도통합연표,경부선 수원-병점 간 2복선 전철개통,,2003-04-30 00:00:00,미부착,,개방 가능,공공누리 1유형,,,O,,,,,단순 정보,
3681,철도산업정보센터,HOME > 철도역사관 > 철도통합연표,철도통합연표,"경부선 광역 전철화 1차 연장(수원-병점 간 2개 역 영업 개시), 안산선이 수도권 전철 4호선의 운행 구간으로 편입 및 직결 열차 폐지",,2003-04-30 00:00:00,미부착,,개방 가능,공공누리 1유형,,,O,,,,,단순 정보,
3682,철도산업정보센터,HOME > 철도역사관 > 철도통합연표,철도통합연표,안산-경부 직결선 폐지,,2003-04-30 00:00:00,미부착,,개방 가능,공공누리 1유형,,,O,,,,,단순 정보,
3683,철도산업정보센터,HOME > 철도역사관 > 철도통합연표,철도통합연표,병점까지 복선전철연장개통,,2003-04-30 00:00:00,미부착,,개방 가능,공공누리 1유형,,,O,,,,,단순 정보,
3684,철도산업정보센터,HOME > 철도역사관 > 철도통합연표,철도통합연표,보통역으로 승격,,2003-04-30 00:00:00,미부착,,개방 가능,공공누리 1유형,,,O,,,,,단순 정보,
3685,철도산업정보센터,HOME > 철도역사관 > 철도통합연표,철도통합연표,수도권전철 개통 및 보통역으로 승격,,2003-04-30 00:00:00,미부착,,개방 가능,공공누리 1유형,,,O,,,,,단순 정보,
3686,철도산업정보센터,HOME > 철도역사관 > 철도통합연표,철도통합연표,배치간이역으로 격하,,2003-04-30 00:00:00,미부착,,개방 가능,공공누리 1유형,,,O,,,,,단순 정보,
3687,철도산업정보센터,HOME > 철도역사관 > 철도통합연표,철도통합연표,운전간이역으로 승격,,2003-04-30 00:00:00,미부착,,개방 가능,공공누리 1유형,,,O,,,,,단순 정보,
3688,철도산업정보센터,HOME > 철도역사관 > 철도통합연표,철도통합연표,도시철도 9호선 1단계구간 시설사업기본계획 재고시,,2003-05-26 00:00:00,미부착,,개방 가능,공공누리 1유형,,,O,,,,,단순 정보,
3689,철도산업정보센터,HOME > 철도역사관 > 철도통합연표,철도통합연표,사업설명회 개최,,2003-06-04 00:00:00,미부착,,개방 가능,공공누리 1유형,,,O,,,,,단순 정보,
3690,철도산업정보센터,HOME > 철도역사관 > 철도통합연표,철도통합연표,경의선·동해선 연결식. (남북이 따로 진행),,2003-06-14 00:00:00,미부착,,개방 가능,공공누리 1유형,,,O,,,,,단순 정보,
3691,철도산업정보센터,HOME > 철도역사관 > 철도통합연표,철도통합연표,강남구청 - 선릉 착공,,2003-06-20 00:00:00,미부착,,개방 가능,공공누리 1유형,,,O,,,,,단순 정보,
3692,철도산업정보센터,HOME > 철도역사관 > 철도통합연표,철도통합연표,질의서 접수,,2003-06-23 00:00:00,미부착,,개방 가능,공공누리 1유형,,,O,,,,,단순 정보,
3693,철도산업정보센터,HOME > 철도역사관 > 철도통합연표,철도통합연표,신역사 준공,,2003-06-25 00:00:00,미부착,,개방 가능,공공누리 1유형,,,O,,,,,단순 정보,
3694,철도산업정보센터,HOME > 철도역사관 > 철도통합연표,철도통합연표,민간사업자 제안서 제출,,2003-06-30 00:00:00,미부착,,개방 가능,공공누리 1유형,,,O,,,,,단순 정보,
3695,철도산업정보센터,HOME > 철도역사관 > 철도통합연표,철도통합연표,운전간이역으로 영업개시,,2003-07-18 00:00:00,미부착,,개방 가능,공공누리 1유형,,,O,,,,,단순 정보,
3696,철도산업정보센터,HOME > 철도역사관 > 철도통합연표,철도통합연표,수리산역 개업,,2003-07-18 00:00:00,미부착,,개방 가능,공공누리 1유형,,,O,,,,,단순 정보,
3697,철도산업정보센터,HOME > 철도역사관 > 철도통합연표,철도통합연표,질의답변 자료 홈페이지 게재,,2003-07-23 00:00:00,미부착,,개방 가능,공공누리 1유형,,,O,,,,,단순 정보,
3698,철도산업정보센터,HOME > 철도역사관 > 철도통합연표,철도통합연표,신역사준공,,2003-07-23 00:00:00,미부착,,개방 가능,공공누리 1유형,,,O,,,,,단순 정보,
3699,철도산업정보센터,HOME > 철도역사관 > 철도통합연표,철도통합연표,철도산업발전기본법 및 한국철도시설공단법 제정ㆍ공포,,2003-07-29 00:00:00,미부착,,개방 가능,공공누리 1유형,,,O,,,,,단순 정보,
3700,철도산업정보센터,HOME > 철도역사관 > 철도통합연표,철도통합연표,전자연동장치 설치. 구내모양 변경,,2003-07-29 00:00:00,미부착,,개방 가능,공공누리 1유형,,,O,,,,,단순 정보,
3701,철도산업정보센터,HOME > 철도역사관 > 철도통합연표,철도통합연표,민간투자사업심의위원회에서 민자사업추진 의결,,2003-08-00,미부착,,개방 가능,공공누리 1유형,,,O,,,,,단순 정보,
3702,철도산업정보센터,HOME > 철도역사관 > 철도통합연표,철도통합연표,신역사준공.,,2003-08-00,미부착,,개방 가능,공공누리 1유형,,,O,,,,,단순 정보,
3703,철도산업정보센터,HOME > 철도역사관 > 철도통합연표,철도통합연표,동해남부선 부산-울산 간 복선 전철 기공식,,2003-08-01 00:00:00,미부착,,개방 가능,공공누리 1유형,,,O,,,,,단순 정보,
3704,철도산업정보센터,HOME > 철도역사관 > 철도통합연표,철도통합연표,고속철도 서울-대전 구간 시운전,,2003-08-14 00:00:00,미부착,,개방 가능,공공누리 1유형,,,O,,,,,단순 정보,
3705,철도산업정보센터,HOME > 철도역사관 > 철도통합연표,철도통합연표,철도 '안전운행다짐' 결의 대회,,2003-08-14 00:00:00,미부착,,개방 가능,공공누리 1유형,,,O,,,,,단순 정보,
3706,철도산업정보센터,HOME > 철도역사관 > 철도통합연표,철도통합연표,신역사 신축 착공,,2003-08-18 00:00:00,미부착,,개방 가능,공공누리 1유형,,,O,,,,,단순 정보,
3707,철도산업정보센터,HOME > 철도역사관 > 철도통합연표,철도통합연표,천안아산역으로 확정,,2003-08-21 00:00:00,미부착,,개방 가능,공공누리 1유형,,,O,,,,,단순 정보,
3708,철도산업정보센터,HOME > 철도역사관 > 철도통합연표,철도통합연표,신분당선 민간제안사업 제3자 공고,,2003-09-00,미부착,,개방 가능,공공누리 1유형,,,O,,,,,단순 정보,
3709,철도산업정보센터,HOME > 철도역사관 > 철도통합연표,철도통합연표,선릉 - 수서 개통,,2003-09-03 00:00:00,미부착,,개방 가능,공공누리 1유형,,,O,,,,,단순 정보,
3710,철도산업정보센터,HOME > 철도역사관 > 철도통합연표,철도통합연표,분당선 선릉-수서 간 복선 전철 개통,,2003-09-03 00:00:00,미부착,,개방 가능,공공누리 1유형,,,O,,,,,단순 정보,
3711,철도산업정보센터,HOME > 철도역사관 > 철도통합연표,철도통합연표,운전간이역으로 승격,,2003-09-15 00:00:00,미부착,,개방 가능,공공누리 1유형,,,O,,,,,단순 정보,
3712,철도산업정보센터,HOME > 철도역사관 > 철도통합연표,철도통합연표,보통역으로 승격 및 화물취급 개시,,2003-09-15 00:00:00,미부착,,개방 가능,공공누리 1유형,,,O,,,,,단순 정보,
3713,철도산업정보센터,HOME > 철도역사관 > 철도통합연표,철도통합연표,실시설계감리용역계약 체결 (삼안건설 기술공사),,2003-09-19 00:00:00,미부착,,개방 가능,공공누리 1유형,,,O,,,,,단순 정보,
3714,철도산업정보센터,HOME > 철도역사관 > 철도통합연표,철도통합연표,신역사 준공.,,2003-09-23 00:00:00,미부착,,개방 가능,공공누리 1유형,,,O,,,,,단순 정보,
3715,철도산업정보센터,HOME > 철도역사관 > 철도통합연표,철도통합연표,사업계획서 접수(2개 컨소시엄),,2003-09-30 00:00:00,미부착,,개방 가능,공공누리 1유형,,,O,,,,,단순 정보,
3716,철도산업정보센터,HOME > 철도역사관 > 철도통합연표,철도통합연표,전자연동에서 자동폐색방식으로 변경,,2003-10-31 00:00:00,미부착,,개방 가능,공공누리 1유형,,,O,,,,,단순 정보,
3717,철도산업정보센터,HOME > 철도역사관 > 철도통합연표,철도통합연표,협상대상자 선정 (우선협상대상자:로템컨소시엄),,2003-11-01 00:00:00,미부착,,개방 가능,공공누리 1유형,,,O,,,,,단순 정보,
3718,철도산업정보센터,HOME > 철도역사관 > 철도통합연표,철도통합연표,현재의 역사 신축,,2003-11-06 00:00:00,미부착,,개방 가능,공공누리 1유형,,,O,,,,,단순 정보,
3719,철도산업정보센터,HOME > 철도역사관 > 철도통합연표,철도통합연표,서울고속철도 기관차승무사무소 개소,,2003-11-20 00:00:00,미부착,,개방 가능,공공누리 1유형,,,O,,,,,단순 정보,
3720,철도산업정보센터,HOME > 철도역사관 > 철도통합연표,철도통합연표,‘6시그마 경영품질대상’ 2년 연속 수상,,2003-11-25 00:00:00,미부착,,개방 가능,공공누리 1유형,,,O,,,,,단순 정보,
3721,철도산업정보센터,HOME > 철도역사관 > 철도통합연표,철도통합연표,"도급계약 체결(현대산업개발, 포스코건설, 시스트라)",,2003-11-26 00:00:00,미부착,,개방 가능,공공누리 1유형,,,O,,,,,단순 정보,
3722,철도산업정보센터,HOME > 철도역사관 > 철도통합연표,철도통합연표,실무협상 개시,,2003-11-27 00:00:00,미부착,,개방 가능,공공누리 1유형,,,O,,,,,단순 정보,
3723,철도산업정보센터,HOME > 철도역사관 > 철도통합연표,철도통합연표,호남선 전구간 복선화 완공,,2003-12-00,미부착,,개방 가능,공공누리 1유형,,,O,,,,,단순 정보,
3724,철도산업정보센터,HOME > 철도역사관 > 철도통합연표,철도통합연표,민간투자사업 심의위원회 심의 통과(용인시),,2003-12-00,미부착,,개방 가능,공공누리 1유형,,,O,,,,,단순 정보,
3725,철도산업정보센터,HOME > 철도역사관 > 철도통합연표,철도통합연표,민간제안사업 우선협상대상자 지정,,2003-12-00,미부착,,개방 가능,공공누리 1유형,,,O,,,,,단순 정보,
3726,철도산업정보센터,HOME > 철도역사관 > 철도통합연표,철도통합연표,신역사 준공.,,2003-12-00,미부착,,개방 가능,공공누리 1유형,,,O,,,,,단순 정보,
3727,철도산업정보센터,HOME > 철도역사관 > 철도통합연표,철도통합연표,2단계 미남 ~ 안평 구간 착공,,2003-12-03 00:00:00,미부착,,개방 가능,공공누리 1유형,,,O,,,,,단순 정보,
3728,철도산업정보센터,HOME > 철도역사관 > 철도통합연표,철도통합연표,2단계 미남 ~ 안평 12.7km구간 착공,,2003-12-03 00:00:00,미부착,,개방 가능,공공누리 1유형,,,O,,,,,단순 정보,
3729,철도산업정보센터,HOME > 철도역사관 > 철도통합연표,철도통합연표,3호선 미남~안평구간 착공(12.7Km),,2003-12-03 00:00:00,미부착,,개방 가능,공공누리 1유형,,,O,,,,,단순 정보,
3730,철도산업정보센터,HOME > 철도역사관 > 철도통합연표,철도통합연표,임성리-목포간 선로이전으로 폐역.,,2003-12-09 00:00:00,미부착,,개방 가능,공공누리 1유형,,,O,,,,,단순 정보,
3731,철도산업정보센터,HOME > 철도역사관 > 철도통합연표,철도통합연표,역사개축.,,2003-12-15 00:00:00,미부착,,개방 가능,공공누리 1유형,,,O,,,,,단순 정보,
3732,철도산업정보센터,HOME > 철도역사관 > 철도통합연표,철도통합연표,고속철도 오송 시설사무소 및 전기사무소 개소,,2003-12-18 00:00:00,미부착,,개방 가능,공공누리 1유형,,,O,,,,,단순 정보,
3733,철도산업정보센터,HOME > 철도역사관 > 철도통합연표,철도통합연표,역사개수.,,2003-12-20 00:00:00,미부착,,개방 가능,공공누리 1유형,,,O,,,,,단순 정보,
3734,철도산업정보센터,HOME > 철도역사관 > 철도통합연표,철도통합연표,경의선(용산-가좌구간) 위수탁 계약 체결,,2003-12-23 00:00:00,미부착,,개방 가능,공공누리 1유형,,,O,,,,,단순 정보,
3735,철도산업정보센터,HOME > 철도역사관 > 철도통합연표,철도통합연표,현역사 준공,,2003-12-25 00:00:00,미부착,,개방 가능,공공누리 1유형,,,O,,,,,단순 정보,
3736,철도산업정보센터,HOME > 철도역사관 > 철도통합연표,철도통합연표,연동폐색방식으로 변경,,2003-12-30 00:00:00,미부착,,개방 가능,공공누리 1유형,,,O,,,,,단순 정보,
3737,철도산업정보센터,HOME > 철도역사관 > 철도통합연표,철도통합연표,대한민국측 구간 공사 완료.,,2003-12-31 00:00:00,미부착,,개방 가능,공공누리 1유형,,,O,,,,,단순 정보,
3738,철도산업정보센터,HOME > 철도역사관 > 철도통합연표,철도통합연표,고속철도 역사 준공.,,2003-12-31 00:00:00,미부착,,개방 가능,공공누리 1유형,,,O,,,,,단순 정보,
3739,철도산업정보센터,HOME > 철도역사관 > 철도통합연표,철도통합연표,2단계 실시계획 승인,,2003-12-31 00:00:00,미부착,,개방 가능,공공누리 1유형,,,O,,,,,단순 정보,
3740,철도산업정보센터,HOME > 철도역사관 > 철도통합연표,철도통합연표,구 교원역 인근 회산교 철교 구조물 교체공사,,2004-00-00,미부착,,개방 가능,공공누리 1유형,,,O,,,,,단순 정보,
3741,철도산업정보센터,HOME > 철도역사관 > 철도통합연표,철도통합연표,신역사 준공,,2004-00-00,미부착,,개방 가능,공공누리 1유형,,,O,,,,,단순 정보,
3742,철도산업정보센터,HOME > 철도역사관 > 철도통합연표,철도통합연표,본 협상 개시,,2004-01-00,미부착,,개방 가능,공공누리 1유형,,,O,,,,,단순 정보,
3743,철도산업정보센터,HOME > 철도역사관 > 철도통합연표,철도통합연표,고속철도 서울역사 준공식,,2004-01-01 00:00:00,미부착,,개방 가능,공공누리 1유형,,,O,,,,,단순 정보,
3744,철도산업정보센터,HOME > 철도역사관 > 철도통합연표,철도통합연표,제 1대 정종환 이사장 취임,,2004-01-01 00:00:00,미부착,,개방 가능,공공누리 1유형,,,O,,,,,단순 정보,
3745,철도산업정보센터,HOME > 철도역사관 > 철도통합연표,철도통합연표,한국철도시설공단 출범,,2004-01-07 00:00:00,미부착,,개방 가능,공공누리 1유형,,,O,,,,,단순 정보,
3746,철도산업정보센터,HOME > 철도역사관 > 철도통합연표,철도통합연표,고양고속철도차량정비창 현판식,,2004-01-15 00:00:00,미부착,,개방 가능,공공누리 1유형,,,O,,,,,단순 정보,
3747,철도산업정보센터,HOME > 철도역사관 > 철도통합연표,철도통합연표,야탑 - 서현 구간에 이매역 개통,,2004-01-16 00:00:00,미부착,,개방 가능,공공누리 1유형,,,O,,,,,단순 정보,
3748,철도산업정보센터,HOME > 철도역사관 > 철도통합연표,철도통합연표,전동차기술시운전,,2004-01-16 00:00:00,미부착,,개방 가능,공공누리 1유형,,,O,,,,,단순 정보,
3749,철도산업정보센터,HOME > 철도역사관 > 철도통합연표,철도통합연표,도시철도공사 설립기획단 설치,,2004-01-19 00:00:00,미부착,,개방 가능,공공누리 1유형,,,O,,,,,단순 정보,
3750,철도산업정보센터,HOME > 철도역사관 > 철도통합연표,철도통합연표,여객취급 중지.,,2004-02-01 00:00:00,미부착,,개방 가능,공공누리 1유형,,,O,,,,,단순 정보,
3751,철도산업정보센터,HOME > 철도역사관 > 철도통합연표,철도통합연표,"경전선, 동해남부선 방면열차 시종착역으로 지정",,2004-02-01 00:00:00,미부착,,개방 가능,공공누리 1유형,,,O,,,,,단순 정보,
3752,철도산업정보센터,HOME > 철도역사관 > 철도통합연표,철도통합연표,경춘선 신남역 역명 변경(김유정역),,2004-02-01 00:00:00,미부착,,개방 가능,공공누리 1유형,,,O,,,,,단순 정보,
3753,철도산업정보센터,HOME > 철도역사관 > 철도통합연표,철도통합연표,제4대 최석봉 감사 취임,,2004-02-05 00:00:00,미부착,,개방 가능,공공누리 1유형,,,O,,,,,단순 정보,
3754,철도산업정보센터,HOME > 철도역사관 > 철도통합연표,철도통합연표,정선~구절리간 열차운행 재개,,2004-02-10 00:00:00,미부착,,개방 가능,공공누리 1유형,,,O,,,,,단순 정보,
3755,철도산업정보센터,HOME > 철도역사관 > 철도통합연표,철도통합연표,민간투자사업 심의위원회 심의통과(기획예산처),,2004-03-00,미부착,,개방 가능,공공누리 1유형,,,O,,,,,단순 정보,
3756,철도산업정보센터,HOME > 철도역사관 > 철도통합연표,철도통합연표,배치간이역으로 영업개시,,2004-03-02 00:00:00,미부착,,개방 가능,공공누리 1유형,,,O,,,,,단순 정보,
3757,철도산업정보센터,HOME > 철도역사관 > 철도통합연표,철도통합연표,전동차기술시운전 종료,,2004-03-09 00:00:00,미부착,,개방 가능,공공누리 1유형,,,O,,,,,단순 정보,
3758,철도산업정보센터,HOME > 철도역사관 > 철도통합연표,철도통합연표,전동차영업시운전,,2004-03-10 00:00:00,미부착,,개방 가능,공공누리 1유형,,,O,,,,,단순 정보,
3759,철도산업정보센터,HOME > 철도역사관 > 철도통합연표,철도통합연표,대불선 일로~대불 구간 완공,,2004-03-12 00:00:00,미부착,,개방 가능,공공누리 1유형,,,O,,,,,단순 정보,
3760,철도산업정보센터,HOME > 철도역사관 > 철도통합연표,철도통합연표,공사창립 10주년 기념행사,,2004-03-15 00:00:00,미부착,,개방 가능,공공누리 1유형,,,O,,,,,단순 정보,
3761,철도산업정보센터,HOME > 철도역사관 > 철도통합연표,철도통합연표,7호선 불연내장제교체차량 시승식,,2004-03-18 00:00:00,미부착,,개방 가능,공공누리 1유형,,,O,,,,,단순 정보,
3762,철도산업정보센터,HOME > 철도역사관 > 철도통합연표,철도통합연표,신역사 준공.,,2004-03-21 00:00:00,미부착,,개방 가능,공공누리 1유형,,,O,,,,,단순 정보,
3763,철도산업정보센터,HOME > 철도역사관 > 철도통합연표,철도통합연표,호남선복선전철 개통,,2004-03-24 00:00:00,미부착,,개방 가능,공공누리 1유형,,,O,,,,,단순 정보,
3764,철도산업정보센터,HOME > 철도역사관 > 철도통합연표,철도통합연표,호남선 복선 전철 준공,,2004-03-24 00:00:00,미부착,,개방 가능,공공누리 1유형,,,O,,,,,단순 정보,
3765,철도산업정보센터,HOME > 철도역사관 > 철도통합연표,철도통합연표,호남선 복선 전철화 준공.,,2004-03-24 00:00:00,미부착,,개방 가능,공공누리 1유형,,,O,,,,,단순 정보,
3766,철도산업정보센터,HOME > 철도역사관 > 철도통합연표,철도통합연표,김윤기 사장 대표이사 취임,,2004-03-25 00:00:00,미부착,,개방 가능,공공누리 1유형,,,O,,,,,단순 정보,
3767,철도산업정보센터,HOME > 철도역사관 > 철도통합연표,철도통합연표,역사준공,,2004-03-27 00:00:00,미부착,,개방 가능,공공누리 1유형,,,O,,,,,단순 정보,
3768,철도산업정보센터,HOME > 철도역사관 > 철도통합연표,철도통합연표,역사화재로 구역사 철거.,,2004-03-30 00:00:00,미부착,,개방 가능,공공누리 1유형,,,O,,,,,단순 정보,
3769,철도산업정보센터,HOME > 철도역사관 > 철도통합연표,철도통합연표,객차형 통일호 전폐에 따른 통일호 폐지.,,2004-03-31 00:00:00,미부착,,개방 가능,공공누리 1유형,,,O,,,,,단순 정보,
3770,철도산업정보센터,HOME > 철도역사관 > 철도통합연표,철도통합연표,객차형 통일호 전폐에 따른 통일호 폐지.,,2004-03-31 00:00:00,미부착,,개방 가능,공공누리 1유형,,,O,,,,,단순 정보,
3771,철도산업정보센터,HOME > 철도역사관 > 철도통합연표,철도통합연표,폐선.,,2004-03-31 00:00:00,미부착,,개방 가능,공공누리 1유형,,,O,,,,,단순 정보,
3772,철도산업정보센터,HOME > 철도역사관 > 철도통합연표,철도통합연표,용인경전철㈜ 설립,,2004-04-00,미부착,,개방 가능,공공누리 1유형,,,O,,,,,단순 정보,
3773,철도산업정보센터,HOME > 철도역사관 > 철도통합연표,철도통합연표,"KTX 운행개시. 대전조차장 - 옥천, 신동 - 부산 전철화",,2004-04-01 00:00:00,미부착,,개방 가능,공공누리 1유형,,,O,,,,,단순 정보,
3774,철도산업정보센터,HOME > 철도역사관 > 철도통합연표,철도통합연표,호남선 복선전철화 완공,,2004-04-01 00:00:00,미부착,,개방 가능,공공누리 1유형,,,O,,,,,단순 정보,
3775,철도산업정보센터,HOME > 철도역사관 > 철도통합연표,철도통합연표,고속철도 상업운행 개시 (경부고속철도 1단계 개통),,2004-04-01 00:00:00,미부착,,개방 가능,공공누리 1유형,,,O,,,,,단순 정보,
3776,철도산업정보센터,HOME > 철도역사관 > 철도통합연표,철도통합연표,KTX 개통(부산→서울행 제74열차 오전 5시 5분 첫 출발),,2004-04-01 00:00:00,미부착,,개방 가능,공공누리 1유형,,,O,,,,,단순 정보,
3777,철도산업정보센터,HOME > 철도역사관 > 철도통합연표,철도통합연표,공용주파수방식(TRS)의 열차무선시스템 도입(고속신선),,2004-04-01 00:00:00,미부착,,개방 가능,공공누리 1유형,,,O,,,,,단순 정보,
3778,철도산업정보센터,HOME > 철도역사관 > 철도통합연표,철도통합연표,"경부선 입체교차 개량, 복선화",,2004-04-01 00:00:00,미부착,,개방 가능,공공누리 1유형,,,O,,,,,단순 정보,
3779,철도산업정보센터,HOME > 철도역사관 > 철도통합연표,철도통합연표,교외선 여객열차 운행 중단,,2004-04-01 00:00:00,미부착,,개방 가능,공공누리 1유형,,,O,,,,,단순 정보,
3780,철도산업정보센터,HOME > 철도역사관 > 철도통합연표,철도통합연표,가은선 레일 바이크 개업.,,2004-04-01 00:00:00,미부착,,개방 가능,공공누리 1유형,,,O,,,,,단순 정보,
3781,철도산업정보센터,HOME > 철도역사관 > 철도통합연표,철도통합연표,가은선 폐선으로 폐역.,,2004-04-01 00:00:00,미부착,,개방 가능,공공누리 1유형,,,O,,,,,단순 정보,
3782,철도산업정보센터,HOME > 철도역사관 > 철도통합연표,철도통합연표,보통역으로 영업개시,,2004-04-01 00:00:00,미부착,,개방 가능,공공누리 1유형,,,O,,,,,단순 정보,
3783,철도산업정보센터,HOME > 철도역사관 > 철도통합연표,철도통합연표,가은선 폐선에 따라 폐역,,2004-04-01 00:00:00,미부착,,개방 가능,공공누리 1유형,,,O,,,,,단순 정보,
3784,철도산업정보센터,HOME > 철도역사관 > 철도통합연표,철도통합연표,"고속철도개통으로 호남, 전라, 장항선 방면의 열차의 시종착역으로 지정",,2004-04-01 00:00:00,미부착,,개방 가능,공공누리 1유형,,,O,,,,,단순 정보,
3785,철도산업정보센터,HOME > 철도역사관 > 철도통합연표,철도통합연표,경부고속철도 개통으로 경부고속선 분기역이 됨,,2004-04-01 00:00:00,미부착,,개방 가능,공공누리 1유형,,,O,,,,,단순 정보,
3786,철도산업정보센터,HOME > 철도역사관 > 철도통합연표,철도통합연표,호남선 분기역으로 지정,,2004-04-01 00:00:00,미부착,,개방 가능,공공누리 1유형,,,O,,,,,단순 정보,
3787,철도산업정보센터,HOME > 철도역사관 > 철도통합연표,철도통합연표,고속철도 개통,,2004-04-01 00:00:00,미부착,,개방 가능,공공누리 1유형,,,O,,,,,단순 정보,
3788,철도산업정보센터,HOME > 철도역사관 > 철도통합연표,철도통합연표,KTX 정차,,2004-04-01 00:00:00,미부착,,개방 가능,공공누리 1유형,,,O,,,,,단순 정보,
3789,철도산업정보센터,HOME > 철도역사관 > 철도통합연표,철도통합연표,보통역으로 승격,,2004-04-01 00:00:00,미부착,,개방 가능,공공누리 1유형,,,O,,,,,단순 정보,
3790,철도산업정보센터,HOME > 철도역사관 > 철도통합연표,철도통합연표,KTX정차,,2004-04-01 00:00:00,미부착,,개방 가능,공공누리 1유형,,,O,,,,,단순 정보,
3791,철도산업정보센터,HOME > 철도역사관 > 철도통합연표,철도통합연표,경부고속철도 운행개시,,2004-04-01 00:00:00,미부착,,개방 가능,공공누리 1유형,,,O,,,,,단순 정보,
3792,철도산업정보센터,HOME > 철도역사관 > 철도통합연표,철도통합연표,KTX개통 및 역사준공,,2004-04-01 00:00:00,미부착,,개방 가능,공공누리 1유형,,,O,,,,,단순 정보,
3793,철도산업정보센터,HOME > 철도역사관 > 철도통합연표,철도통합연표,호남선 KTX정차,,2004-04-01 00:00:00,미부착,,개방 가능,공공누리 1유형,,,O,,,,,단순 정보,
3794,철도산업정보센터,HOME > 철도역사관 > 철도통합연표,철도통합연표,호남선 KTX운행 개시,,2004-04-01 00:00:00,미부착,,개방 가능,공공누리 1유형,,,O,,,,,단순 정보,
3795,철도산업정보센터,HOME > 철도역사관 > 철도통합연표,철도통합연표,KTX열차 정차 개시,,2004-04-01 00:00:00,미부착,,개방 가능,공공누리 1유형,,,O,,,,,단순 정보,
3796,철도산업정보센터,HOME > 철도역사관 > 철도통합연표,철도통합연표,고속철도 운행과 동시에 전자연동장치 및 CTC로 전환,,2004-04-01 00:00:00,미부착,,개방 가능,공공누리 1유형,,,O,,,,,단순 정보,
3797,철도산업정보센터,HOME > 철도역사관 > 철도통합연표,철도통합연표,KTX 개통,,2004-04-01 00:00:00,미부착,,개방 가능,공공누리 1유형,,,O,,,,,단순 정보,
3798,철도산업정보센터,HOME > 철도역사관 > 철도통합연표,철도통합연표,차내취급역으로 지정,,2004-04-01 00:00:00,미부착,,개방 가능,공공누리 1유형,,,O,,,,,단순 정보,
3799,철도산업정보센터,HOME > 철도역사관 > 철도통합연표,철도통합연표,배치간이역으로 승격,,2004-04-01 00:00:00,미부착,,개방 가능,공공누리 1유형,,,O,,,,,단순 정보,
3800,철도산업정보센터,HOME > 철도역사관 > 철도통합연표,철도통합연표,여객취급 중지.,,2004-04-01 00:00:00,미부착,,개방 가능,공공누리 1유형,,,O,,,,,단순 정보,
3801,철도산업정보센터,HOME > 철도역사관 > 철도통합연표,철도통합연표,여객취급 중지,,2004-04-01 00:00:00,미부착,,개방 가능,공공누리 1유형,,,O,,,,,단순 정보,
3802,철도산업정보센터,HOME > 철도역사관 > 철도통합연표,철도통합연표,여객취급 중단,,2004-04-01 00:00:00,미부착,,개방 가능,공공누리 1유형,,,O,,,,,단순 정보,
3803,철도산업정보센터,HOME > 철도역사관 > 철도통합연표,철도통합연표,일반열차 통과,,2004-04-01 00:00:00,미부착,,개방 가능,공공누리 1유형,,,O,,,,,단순 정보,
3804,철도산업정보센터,HOME > 철도역사관 > 철도통합연표,철도통합연표,일반열차 통과.,,2004-04-01 00:00:00,미부착,,개방 가능,공공누리 1유형,,,O,,,,,단순 정보,
3805,철도산업정보센터,HOME > 철도역사관 > 철도통합연표,철도통합연표,KTX 영업 개시.,,2004-04-01 00:00:00,미부착,,개방 가능,공공누리 1유형,,,O,,,,,단순 정보,
3806,철도산업정보센터,HOME > 철도역사관 > 철도통합연표,철도통합연표,대불선 개통,,2004-04-12 00:00:00,미부착,,개방 가능,공공누리 1유형,,,O,,,,,단순 정보,
3807,철도산업정보센터,HOME > 철도역사관 > 철도통합연표,철도통합연표,개통대비시민시승행사,,2004-04-13 00:00:00,미부착,,개방 가능,공공누리 1유형,,,O,,,,,단순 정보,
3808,철도산업정보센터,HOME > 철도역사관 > 철도통합연표,철도통합연표,외국 지하철과 교환연수시작(대만지하철/TRTC),,2004-04-19 00:00:00,미부착,,개방 가능,공공누리 1유형,,,O,,,,,단순 정보,
3809,철도산업정보센터,HOME > 철도역사관 > 철도통합연표,철도통합연표,전동차영업시운전 종료,,2004-04-27 00:00:00,미부착,,개방 가능,공공누리 1유형,,,O,,,,,단순 정보,
3810,철도산업정보센터,HOME > 철도역사관 > 철도통합연표,철도통합연표,컨테이너야드 개장,,2004-04-28 00:00:00,미부착,,개방 가능,공공누리 1유형,,,O,,,,,단순 정보,
3811,철도산업정보센터,HOME > 철도역사관 > 철도통합연표,철도통합연표,1구간 개통,,2004-04-28 00:00:00,미부착,,개방 가능,공공누리 1유형,,,O,,,,,단순 정보,
3812,철도산업정보센터,HOME > 철도역사관 > 철도통합연표,철도통합연표,광주지하철 1호선 1구간(녹동-상무)개통,,2004-04-28 00:00:00,미부착,,개방 가능,공공누리 1유형,,,O,,,,,단순 정보,
3813,철도산업정보센터,HOME > 철도역사관 > 철도통합연표,철도통합연표,제5대 손동식사장 취임,,2004-05-01 00:00:00,미부착,,개방 가능,공공누리 1유형,,,O,,,,,단순 정보,
3814,철도산업정보센터,HOME > 철도역사관 > 철도통합연표,철도통합연표,KTX멤버십카드 삼성카드와 조인식 체결,,2004-05-21 00:00:00,미부착,,개방 가능,공공누리 1유형,,,O,,,,,단순 정보,
3815,철도산업정보센터,HOME > 철도역사관 > 철도통합연표,철도통합연표,동해선 포항 ～ 삼척간 철도건설 실시설계 시행,,2004-06-00,미부착,,개방 가능,공공누리 1유형,,,O,,,,,단순 정보,
3816,철도산업정보센터,HOME > 철도역사관 > 철도통합연표,철도통합연표,기본계획 확정고시,,2004-06-00,미부착,,개방 가능,공공누리 1유형,,,O,,,,,단순 정보,
3817,철도산업정보센터,HOME > 철도역사관 > 철도통합연표,철도통합연표,역명개정(부곡→의왕),,2004-06-25 00:00:00,미부착,,개방 가능,공공누리 1유형,,,O,,,,,단순 정보,
3818,철도산업정보센터,HOME > 철도역사관 > 철도통합연표,철도통합연표,역명변경(의왕→오봉),,2004-06-25 00:00:00,미부착,,개방 가능,공공누리 1유형,,,O,,,,,단순 정보,
3819,철도산업정보센터,HOME > 철도역사관 > 철도통합연표,철도통합연표,별어곡~선평간 낙석사고 발생. 동 년 7월 9일까지 운행 중단,,2004-06-27 00:00:00,미부착,,개방 가능,공공누리 1유형,,,O,,,,,단순 정보,
3820,철도산업정보센터,HOME > 철도역사관 > 철도통합연표,철도통합연표,"사업시행자 지정, 실시협약체결, 금융약정체결, 공사도급계약체결",,2004-07-00,미부착,,개방 가능,공공누리 1유형,,,O,,,,,단순 정보,
3821,철도산업정보센터,HOME > 철도역사관 > 철도통합연표,철도통합연표,현재의 역사준공,,2004-07-00,미부착,,개방 가능,공공누리 1유형,,,O,,,,,단순 정보,
3822,철도산업정보센터,HOME > 철도역사관 > 철도통합연표,철도통합연표,교통카드시스템 도입,,2004-07-01 00:00:00,미부착,,개방 가능,공공누리 1유형,,,O,,,,,단순 정보,
3823,철도산업정보센터,HOME > 철도역사관 > 철도통합연표,철도통합연표,서울시대중교통(운임)체계 대폭개편,,2004-07-01 00:00:00,미부착,,개방 가능,공공누리 1유형,,,O,,,,,단순 정보,
3824,철도산업정보센터,HOME > 철도역사관 > 철도통합연표,철도통합연표,신교통카드시스템 도입(수도권전철 118개역),,2004-07-01 00:00:00,미부착,,개방 가능,공공누리 1유형,,,O,,,,,단순 정보,
3825,철도산업정보센터,HOME > 철도역사관 > 철도통합연표,철도통합연표,이문역 폐역,,2004-07-05 00:00:00,미부착,,개방 가능,공공누리 1유형,,,O,,,,,단순 정보,
3826,철도산업정보센터,HOME > 철도역사관 > 철도통합연표,철도통합연표,폐역,,2004-07-05 00:00:00,미부착,,개방 가능,공공누리 1유형,,,O,,,,,단순 정보,
3827,철도산업정보센터,HOME > 철도역사관 > 철도통합연표,철도통합연표,철도건설 ISO9001/14001(품질 및 환경) 통합인증 취득,,2004-07-06 00:00:00,미부착,,개방 가능,공공누리 1유형,,,O,,,,,단순 정보,
3828,철도산업정보센터,HOME > 철도역사관 > 철도통합연표,철도통합연표,일반열차통과,,2004-07-15 00:00:00,미부착,,개방 가능,공공누리 1유형,,,O,,,,,단순 정보,
3829,철도산업정보센터,HOME > 철도역사관 > 철도통합연표,철도통합연표,일반열차 통과,,2004-07-15 00:00:00,미부착,,개방 가능,공공누리 1유형,,,O,,,,,단순 정보,
3830,철도산업정보센터,HOME > 철도역사관 > 철도통합연표,철도통합연표,KTX 정차개시.,,2004-07-15 00:00:00,미부착,,개방 가능,공공누리 1유형,,,O,,,,,단순 정보,
3831,철도산업정보센터,HOME > 철도역사관 > 철도통합연표,철도통합연표,모든 여객열차 통과,,2004-07-15 00:00:00,미부착,,개방 가능,공공누리 1유형,,,O,,,,,단순 정보,
3832,철도산업정보센터,HOME > 철도역사관 > 철도통합연표,철도통합연표,여객취급 중지(모든 여객열차 통과),,2004-07-15 00:00:00,미부착,,개방 가능,공공누리 1유형,,,O,,,,,단순 정보,
3833,철도산업정보센터,HOME > 철도역사관 > 철도통합연표,철도통합연표,일반열차통과,,2004-07-15 00:00:00,미부착,,개방 가능,공공누리 1유형,,,O,,,,,단순 정보,
3834,철도산업정보센터,HOME > 철도역사관 > 철도통합연표,철도통합연표,일반열차통과,,2004-07-15 00:00:00,미부착,,개방 가능,공공누리 1유형,,,O,,,,,단순 정보,
3835,철도산업정보센터,HOME > 철도역사관 > 철도통합연표,철도통합연표,일반열차통과,,2004-07-15 00:00:00,미부착,,개방 가능,공공누리 1유형,,,O,,,,,단순 정보,
3836,철도산업정보센터,HOME > 철도역사관 > 철도통합연표,철도통합연표,일반열차통과,,2004-07-15 00:00:00,미부착,,개방 가능,공공누리 1유형,,,O,,,,,단순 정보,
3837,철도산업정보센터,HOME > 철도역사관 > 철도통합연표,철도통합연표,일반열차통과,,2004-07-15 00:00:00,미부착,,개방 가능,공공누리 1유형,,,O,,,,,단순 정보,
3838,철도산업정보센터,HOME > 철도역사관 > 철도통합연표,철도통합연표,일반열차통과,,2004-07-15 00:00:00,미부착,,개방 가능,공공누리 1유형,,,O,,,,,단순 정보,
3839,철도산업정보센터,HOME > 철도역사관 > 철도통합연표,철도통합연표,일반열차통과,,2004-07-15 00:00:00,미부착,,개방 가능,공공누리 1유형,,,O,,,,,단순 정보,
3840,철도산업정보센터,HOME > 철도역사관 > 철도통합연표,철도통합연표,일반열차통과,,2004-07-15 00:00:00,미부착,,개방 가능,공공누리 1유형,,,O,,,,,단순 정보,
3841,철도산업정보센터,HOME > 철도역사관 > 철도통합연표,철도통합연표,일반열차통과,,2004-07-15 00:00:00,미부착,,개방 가능,공공누리 1유형,,,O,,,,,단순 정보,
3842,철도산업정보센터,HOME > 철도역사관 > 철도통합연표,철도통합연표,일반열차통과,,2004-07-15 00:00:00,미부착,,개방 가능,공공누리 1유형,,,O,,,,,단순 정보,
3843,철도산업정보센터,HOME > 철도역사관 > 철도통합연표,철도통합연표,일반열차통과,,2004-07-15 00:00:00,미부착,,개방 가능,공공누리 1유형,,,O,,,,,단순 정보,
3844,철도산업정보센터,HOME > 철도역사관 > 철도통합연표,철도통합연표,일반열차통과,,2004-07-15 00:00:00,미부착,,개방 가능,공공누리 1유형,,,O,,,,,단순 정보,
3845,철도산업정보센터,HOME > 철도역사관 > 철도통합연표,철도통합연표,폐역,,2004-07-16 00:00:00,미부착,,개방 가능,공공누리 1유형,,,O,,,,,단순 정보,
3846,철도산업정보센터,HOME > 철도역사관 > 철도통합연표,철도통합연표,여객취급 중지,,2004-07-16 00:00:00,미부착,,개방 가능,공공누리 1유형,,,O,,,,,단순 정보,
3847,철도산업정보센터,HOME > 철도역사관 > 철도통합연표,철도통합연표,여객취급 중지 및 배치간이역으로 격하,,2004-07-16 00:00:00,미부착,,개방 가능,공공누리 1유형,,,O,,,,,단순 정보,
3848,철도산업정보센터,HOME > 철도역사관 > 철도통합연표,철도통합연표,전라선 이설공사로 인하여 역사이전.,,2004-07-16 00:00:00,미부착,,개방 가능,공공누리 1유형,,,O,,,,,단순 정보,
3849,철도산업정보센터,HOME > 철도역사관 > 철도통합연표,철도통합연표,여객취급중지,,2004-07-16 00:00:00,미부착,,개방 가능,공공누리 1유형,,,O,,,,,단순 정보,
3850,철도산업정보센터,HOME > 철도역사관 > 철도통합연표,철도통합연표,여객취급 중지,,2004-07-16 00:00:00,미부착,,개방 가능,공공누리 1유형,,,O,,,,,단순 정보,
3851,철도산업정보센터,HOME > 철도역사관 > 철도통합연표,철도통합연표,여객취급 중지,,2004-07-16 00:00:00,미부착,,개방 가능,공공누리 1유형,,,O,,,,,단순 정보,
3852,철도산업정보센터,HOME > 철도역사관 > 철도통합연표,철도통합연표,여객취급 중지,,2004-07-16 00:00:00,미부착,,개방 가능,공공누리 1유형,,,O,,,,,단순 정보,
3853,철도산업정보센터,HOME > 철도역사관 > 철도통합연표,철도통합연표,여객취급 중지,,2004-07-16 00:00:00,미부착,,개방 가능,공공누리 1유형,,,O,,,,,단순 정보,
3854,철도산업정보센터,HOME > 철도역사관 > 철도통합연표,철도통합연표,여객취급 중지,,2004-07-16 00:00:00,미부착,,개방 가능,공공누리 1유형,,,O,,,,,단순 정보,
3855,철도산업정보센터,HOME > 철도역사관 > 철도통합연표,철도통합연표,여객취급중지,,2004-07-16 00:00:00,미부착,,개방 가능,공공누리 1유형,,,O,,,,,단순 정보,
3856,철도산업정보센터,HOME > 철도역사관 > 철도통합연표,철도통합연표,여객취급 중지,,2004-07-16 00:00:00,미부착,,개방 가능,공공누리 1유형,,,O,,,,,단순 정보,
3857,철도산업정보센터,HOME > 철도역사관 > 철도통합연표,철도통합연표,여객취급 중지,,2004-07-16 00:00:00,미부착,,개방 가능,공공누리 1유형,,,O,,,,,단순 정보,
3858,철도산업정보센터,HOME > 철도역사관 > 철도통합연표,철도통합연표,여객취급 중지,,2004-07-16 00:00:00,미부착,,개방 가능,공공누리 1유형,,,O,,,,,단순 정보,
3859,철도산업정보센터,HOME > 철도역사관 > 철도통합연표,철도통합연표,여객취급 중지,,2004-07-16 00:00:00,미부착,,개방 가능,공공누리 1유형,,,O,,,,,단순 정보,
3860,철도산업정보센터,HOME > 철도역사관 > 철도통합연표,철도통합연표,여객취급중지,,2004-07-16 00:00:00,미부착,,개방 가능,공공누리 1유형,,,O,,,,,단순 정보,
3861,철도산업정보센터,HOME > 철도역사관 > 철도통합연표,철도통합연표,신역사준공,,2004-07-17 00:00:00,미부착,,개방 가능,공공누리 1유형,,,O,,,,,단순 정보,
3862,철도산업정보센터,HOME > 철도역사관 > 철도통합연표,철도통합연표,실시협약(안) 합의 및 서명,,2004-07-23 00:00:00,미부착,,개방 가능,공공누리 1유형,,,O,,,,,단순 정보,
3863,철도산업정보센터,HOME > 철도역사관 > 철도통합연표,철도통합연표,철도청-롯데관광 합작투자 조인식,,2004-07-27 00:00:00,미부착,,개방 가능,공공누리 1유형,,,O,,,,,단순 정보,
3864,철도산업정보센터,HOME > 철도역사관 > 철도통합연표,철도통합연표,승차권 발매 중단,,2004-08-01 00:00:00,미부착,,개방 가능,공공누리 1유형,,,O,,,,,단순 정보,
3865,철도산업정보센터,HOME > 철도역사관 > 철도통합연표,철도통합연표,우선협상자 재지정 및 협상업무 위탁(GS건설컨소시엄) 의정부시,,2004-08-03 00:00:00,미부착,,개방 가능,공공누리 1유형,,,O,,,,,단순 정보,
3866,철도산업정보센터,HOME > 철도역사관 > 철도통합연표,철도통합연표,전라선 복선화공사로 이전,,2004-08-05 00:00:00,미부착,,개방 가능,공공누리 1유형,,,O,,,,,단순 정보,
3867,철도산업정보센터,HOME > 철도역사관 > 철도통합연표,철도통합연표,임실-금지간 전라선 복선화 완공으로 역사이전,,2004-08-05 00:00:00,미부착,,개방 가능,공공누리 1유형,,,O,,,,,단순 정보,
3868,철도산업정보센터,HOME > 철도역사관 > 철도통합연표,철도통합연표,도시철도공사 설치조례 제정,,2004-08-13 00:00:00,미부착,,개방 가능,공공누리 1유형,,,O,,,,,단순 정보,
3869,철도산업정보센터,HOME > 철도역사관 > 철도통합연표,철도통합연표,KS-SQI(한국서비스품질지수조사) 2년연속 1위 선정,,2004-08-24 00:00:00,미부착,,개방 가능,공공누리 1유형,,,O,,,,,단순 정보,
3870,철도산업정보센터,HOME > 철도역사관 > 철도통합연표,철도통합연표,임실-금지(49.4km)구간 완공,,2004-08-31 00:00:00,미부착,,개방 가능,공공누리 1유형,,,O,,,,,단순 정보,
3871,철도산업정보센터,HOME > 철도역사관 > 철도통합연표,철도통합연표,전라선 개량2단계 사업 개통,,2004-08-31 00:00:00,미부착,,개방 가능,공공누리 1유형,,,O,,,,,단순 정보,
3872,철도산업정보센터,HOME > 철도역사관 > 철도통합연표,철도통합연표,전라선 개량 2단계 사업 준공,,2004-08-31 00:00:00,미부착,,개방 가능,공공누리 1유형,,,O,,,,,단순 정보,
3873,철도산업정보센터,HOME > 철도역사관 > 철도통합연표,철도통합연표,민간투자지원센터(PICKO) 협의 완료,,2004-08-31 00:00:00,미부착,,개방 가능,공공누리 1유형,,,O,,,,,단순 정보,
3874,철도산업정보센터,HOME > 철도역사관 > 철도통합연표,철도통합연표,화물취급 중지,,2004-09-01 00:00:00,미부착,,개방 가능,공공누리 1유형,,,O,,,,,단순 정보,
3875,철도산업정보센터,HOME > 철도역사관 > 철도통합연표,철도통합연표,남창역사 등록문화재(105호)로 지정.,,2004-09-04 00:00:00,미부착,,개방 가능,공공누리 1유형,,,O,,,,,단순 정보,
3876,철도산업정보센터,HOME > 철도역사관 > 철도통합연표,철도통합연표,대한민국 경영품질 3년 연속 대상 수상,,2004-09-07 00:00:00,미부착,,개방 가능,공공누리 1유형,,,O,,,,,단순 정보,
3877,철도산업정보센터,HOME > 철도역사관 > 철도통합연표,철도통합연표,구절리역 및 여량~구절리간 7.2km 영업중지(사실상 폐지),,2004-09-22 00:00:00,미부착,,개방 가능,공공누리 1유형,,,O,,,,,단순 정보,
3878,철도산업정보센터,HOME > 철도역사관 > 철도통합연표,철도통합연표,정선선 종착역으로 변경,,2004-09-23 00:00:00,미부착,,개방 가능,공공누리 1유형,,,O,,,,,단순 정보,
3879,철도산업정보센터,HOME > 철도역사관 > 철도통합연표,철도통합연표,여객취급 중지,,2004-09-23 00:00:00,미부착,,개방 가능,공공누리 1유형,,,O,,,,,단순 정보,
3880,철도산업정보센터,HOME > 철도역사관 > 철도통합연표,철도통합연표,분당선 구룡선 영업개시,,2004-09-24 00:00:00,미부착,,개방 가능,공공누리 1유형,,,O,,,,,단순 정보,
3881,철도산업정보센터,HOME > 철도역사관 > 철도통합연표,철도통합연표,구룡역 개통,,2004-09-24 00:00:00,미부착,,개방 가능,공공누리 1유형,,,O,,,,,단순 정보,
3882,철도산업정보센터,HOME > 철도역사관 > 철도통합연표,철도통합연표,야경순환열차 운행 개시,,2004-10-04 00:00:00,미부착,,개방 가능,공공누리 1유형,,,O,,,,,단순 정보,
3883,철도산업정보센터,HOME > 철도역사관 > 철도통합연표,철도통합연표,용산민자역사준공,,2004-10-08 00:00:00,미부착,,개방 가능,공공누리 1유형,,,O,,,,,단순 정보,
3884,철도산업정보센터,HOME > 철도역사관 > 철도통합연표,철도통합연표,죽전 - 구성 착공,,2004-10-14 00:00:00,미부착,,개방 가능,공공누리 1유형,,,O,,,,,단순 정보,
3885,철도산업정보센터,HOME > 철도역사관 > 철도통합연표,철도통합연표,Project Financing 체결(산업은행외 19개 금융사),,2004-10-27 00:00:00,미부착,,개방 가능,공공누리 1유형,,,O,,,,,단순 정보,
3886,철도산업정보센터,HOME > 철도역사관 > 철도통합연표,철도통합연표,임시승강장으로 개역,,2004-10-31 00:00:00,미부착,,개방 가능,공공누리 1유형,,,O,,,,,단순 정보,
3887,철도산업정보센터,HOME > 철도역사관 > 철도통합연표,철도통합연표,손무익 대표이사 취임,,2004-11-01 00:00:00,미부착,,개방 가능,공공누리 1유형,,,O,,,,,단순 정보,
3888,철도산업정보센터,HOME > 철도역사관 > 철도통합연표,철도통합연표,왕십리 - 강남구청 착공,,2004-11-02 00:00:00,미부착,,개방 가능,공공누리 1유형,,,O,,,,,단순 정보,
3889,철도산업정보센터,HOME > 철도역사관 > 철도통합연표,철도통합연표,서울시 재정계획심의위원회 심의,,2004-11-10 00:00:00,미부착,,개방 가능,공공누리 1유형,,,O,,,,,단순 정보,
3890,철도산업정보센터,HOME > 철도역사관 > 철도통합연표,철도통합연표,분당선 보정역 영업개시,,2004-11-16 00:00:00,미부착,,개방 가능,공공누리 1유형,,,O,,,,,단순 정보,
3891,철도산업정보센터,HOME > 철도역사관 > 철도통합연표,철도통합연표,경기도 용인시에 보정역을 임시역 형태로 개통함,,2004-11-26 00:00:00,미부착,,개방 가능,공공누리 1유형,,,O,,,,,단순 정보,
3892,철도산업정보센터,HOME > 철도역사관 > 철도통합연표,철도통합연표,실시설계적격자 선정 및 1차공사 착공,,2004-12-00,미부착,,개방 가능,공공누리 1유형,,,O,,,,,단순 정보,
3893,철도산업정보센터,HOME > 철도역사관 > 철도통합연표,철도통합연표,협상 완료,,2004-12-00,미부착,,개방 가능,공공누리 1유형,,,O,,,,,단순 정보,
3894,철도산업정보센터,HOME > 철도역사관 > 철도통합연표,철도통합연표,신촌역사(구역사) 등록문화재 지정,,2004-12-00,미부착,,개방 가능,공공누리 1유형,,,O,,,,,단순 정보,
3895,철도산업정보센터,HOME > 철도역사관 > 철도통합연표,철도통합연표,역명변경(신남→김유정),,2004-12-01 00:00:00,미부착,,개방 가능,공공누리 1유형,,,O,,,,,단순 정보,
3896,철도산업정보센터,HOME > 철도역사관 > 철도통합연표,철도통합연표,제6대 배상민 사장 취임,,2004-12-07 00:00:00,미부착,,개방 가능,공공누리 1유형,,,O,,,,,단순 정보,
3897,철도산업정보센터,HOME > 철도역사관 > 철도통합연표,철도통합연표,무배치간이역으로 격하(200581역무원 철수),,2004-12-10 00:00:00,미부착,,개방 가능,공공누리 1유형,,,O,,,,,단순 정보,
3898,철도산업정보센터,HOME > 철도역사관 > 철도통합연표,철도통합연표,무배치간이역으로 격하,,2004-12-10 00:00:00,미부착,,개방 가능,공공누리 1유형,,,O,,,,,단순 정보,
3899,철도산업정보센터,HOME > 철도역사관 > 철도통합연표,철도통합연표,무배치간이역으로 격하(2005831역무원 철수),,2004-12-10 00:00:00,미부착,,개방 가능,공공누리 1유형,,,O,,,,,단순 정보,
3900,철도산업정보센터,HOME > 철도역사관 > 철도통합연표,철도통합연표,무배치간이역으로 격하(20061218역무원 철수.),,2004-12-10 00:00:00,미부착,,개방 가능,공공누리 1유형,,,O,,,,,단순 정보,
3901,철도산업정보센터,HOME > 철도역사관 > 철도통합연표,철도통합연표,무배치간이역으로 격하(200591역무원 철수),,2004-12-10 00:00:00,미부착,,개방 가능,공공누리 1유형,,,O,,,,,단순 정보,
3902,철도산업정보센터,HOME > 철도역사관 > 철도통합연표,철도통합연표,보통역으로 승격,,2004-12-10 00:00:00,미부착,,개방 가능,공공누리 1유형,,,O,,,,,단순 정보,
3903,철도산업정보센터,HOME > 철도역사관 > 철도통합연표,철도통합연표,무배치간이역으로 격하,,2004-12-10 00:00:00,미부착,,개방 가능,공공누리 1유형,,,O,,,,,단순 정보,
3904,철도산업정보센터,HOME > 철도역사관 > 철도통합연표,철도통합연표,무배치간이역으로 격하,,2004-12-10 00:00:00,미부착,,개방 가능,공공누리 1유형,,,O,,,,,단순 정보,
3905,철도산업정보센터,HOME > 철도역사관 > 철도통합연표,철도통합연표,새마을호 왕복 1편성 정차,,2004-12-15 00:00:00,미부착,,개방 가능,공공누리 1유형,,,O,,,,,단순 정보,
3906,철도산업정보센터,HOME > 철도역사관 > 철도통합연표,철도통합연표,한국형 고속철 광명～서대전간 시험운행 성공(350km돌파),,2004-12-16 00:00:00,미부착,,개방 가능,공공누리 1유형,,,O,,,,,단순 정보,
3907,철도산업정보센터,HOME > 철도역사관 > 철도통합연표,철도통합연표,무배치간이역으로 격하(2005831역무원 철수),,2004-12-20 00:00:00,미부착,,개방 가능,공공누리 1유형,,,O,,,,,단순 정보,
3908,철도산업정보센터,HOME > 철도역사관 > 철도통합연표,철도통합연표,기획예산처 민간투자사업심의위원회 심의 상정,,2004-12-24 00:00:00,미부착,,개방 가능,공공누리 1유형,,,O,,,,,단순 정보,
3909,철도산업정보센터,HOME > 철도역사관 > 철도통합연표,철도통합연표,복선 전철화 개통,,2004-12-28 00:00:00,미부착,,개방 가능,공공누리 1유형,,,O,,,,,단순 정보,
3910,철도산업정보센터,HOME > 철도역사관 > 철도통합연표,철도통합연표,복선화 개통,,2004-12-28 00:00:00,미부착,,개방 가능,공공누리 1유형,,,O,,,,,단순 정보,
3911,철도산업정보센터,HOME > 철도역사관 > 철도통합연표,철도통합연표,전철화 공사 완공.,,2004-12-30 00:00:00,미부착,,개방 가능,공공누리 1유형,,,O,,,,,단순 정보,
3912,철도산업정보센터,HOME > 철도역사관 > 철도통합연표,철도통합연표,2단계 실시계획 변경 승인,,2004-12-30 00:00:00,미부착,,개방 가능,공공누리 1유형,,,O,,,,,단순 정보,
3913,철도산업정보센터,HOME > 철도역사관 > 철도통합연표,철도통합연표,원창역사 등록문화재(128호)로 지정,,2004-12-31 00:00:00,미부착,,개방 가능,공공누리 1유형,,,O,,,,,단순 정보,
3914,철도산업정보센터,HOME > 철도역사관 > 철도통합연표,철도통합연표,현재역사 준공.,,2005-00-00,미부착,,개방 가능,공공누리 1유형,,,O,,,,,단순 정보,
3915,철도산업정보센터,HOME > 철도역사관 > 철도통합연표,철도통합연표,역사 증축,,2005-01-00,미부착,,개방 가능,공공누리 1유형,,,O,,,,,단순 정보,
3916,철도산업정보센터,HOME > 철도역사관 > 철도통합연표,철도통합연표,도시철도공사 설립 / 설립등기,,2005-01-01 00:00:00,미부착,,개방 가능,공공누리 1유형,,,O,,,,,단순 정보,
3917,철도산업정보센터,HOME > 철도역사관 > 철도통합연표,철도통합연표,2단계 용지 고시,,2005-01-04 00:00:00,미부착,,개방 가능,공공누리 1유형,,,O,,,,,단순 정보,
3918,철도산업정보센터,HOME > 철도역사관 > 철도통합연표,철도통합연표,기획예산처 민간투자사업 심의위원회 심의완료,,2005-01-05 00:00:00,미부착,,개방 가능,공공누리 1유형,,,O,,,,,단순 정보,
3919,철도산업정보센터,HOME > 철도역사관 > 철도통합연표,철도통합연표,"병점 - 천안 전철화, 복복선화",,2005-01-20 00:00:00,미부착,,개방 가능,공공누리 1유형,,,O,,,,,단순 정보,
3920,철도산업정보센터,HOME > 철도역사관 > 철도통합연표,철도통합연표,경부선 광역 전철화 최종 연장(병점-천안 간 8개 역 영업 개시),,2005-01-20 00:00:00,미부착,,개방 가능,공공누리 1유형,,,O,,,,,단순 정보,
3921,철도산업정보센터,HOME > 철도역사관 > 철도통합연표,철도통합연표,일반열차 통과,,2005-01-20 00:00:00,미부착,,개방 가능,공공누리 1유형,,,O,,,,,단순 정보,
3922,철도산업정보센터,HOME > 철도역사관 > 철도통합연표,철도통합연표,수도권전철 개통,,2005-01-20 00:00:00,미부착,,개방 가능,공공누리 1유형,,,O,,,,,단순 정보,
3923,철도산업정보센터,HOME > 철도역사관 > 철도통합연표,철도통합연표,수도권전철개통,,2005-01-20 00:00:00,미부착,,개방 가능,공공누리 1유형,,,O,,,,,단순 정보,
3924,철도산업정보센터,HOME > 철도역사관 > 철도통합연표,철도통합연표,수도권 전철 개통,,2005-01-20 00:00:00,미부착,,개방 가능,공공누리 1유형,,,O,,,,,단순 정보,
3925,철도산업정보센터,HOME > 철도역사관 > 철도통합연표,철도통합연표,수도권 전철개통과 함께 일반열차 통과,,2005-01-20 00:00:00,미부착,,개방 가능,공공누리 1유형,,,O,,,,,단순 정보,
3926,철도산업정보센터,HOME > 철도역사관 > 철도통합연표,철도통합연표,수도권전철 개통 및 보통역으로 승격,,2005-01-20 00:00:00,미부착,,개방 가능,공공누리 1유형,,,O,,,,,단순 정보,
3927,철도산업정보센터,HOME > 철도역사관 > 철도통합연표,철도통합연표,무배치간이역으로 개역,,2005-01-30 00:00:00,미부착,,개방 가능,공공누리 1유형,,,O,,,,,단순 정보,
3928,철도산업정보센터,HOME > 철도역사관 > 철도통합연표,철도통합연표,지행역 개통,,2005-01-30 00:00:00,미부착,,개방 가능,공공누리 1유형,,,O,,,,,단순 정보,
3929,철도산업정보센터,HOME > 철도역사관 > 철도통합연표,철도통합연표,약목보수기지 컨테이너야드 영업개시(구미CY로 명명),,2005-02-01 00:00:00,미부착,,개방 가능,공공누리 1유형,,,O,,,,,단순 정보,
3930,철도산업정보센터,HOME > 철도역사관 > 철도통합연표,철도통합연표,실시협의체결 및 사업시행자 지정,,2005-03-00,미부착,,개방 가능,공공누리 1유형,,,O,,,,,단순 정보,
3931,철도산업정보센터,HOME > 철도역사관 > 철도통합연표,철도통합연표,법인 설립,,2005-03-00,미부착,,개방 가능,공공누리 1유형,,,O,,,,,단순 정보,
3932,철도산업정보센터,HOME > 철도역사관 > 철도통합연표,철도통합연표,임시역사로 이전,,2005-03-01 00:00:00,미부착,,개방 가능,공공누리 1유형,,,O,,,,,단순 정보,
3933,철도산업정보센터,HOME > 철도역사관 > 철도통합연표,철도통합연표,천안 - 조치원 전철화,,2005-03-20 00:00:00,미부착,,개방 가능,공공누리 1유형,,,O,,,,,단순 정보,
3934,철도산업정보센터,HOME > 철도역사관 > 철도통합연표,철도통합연표,무배치간이역으로 격하,,2005-03-21 00:00:00,미부착,,개방 가능,공공누리 1유형,,,O,,,,,단순 정보,
3935,철도산업정보센터,HOME > 철도역사관 > 철도통합연표,철도통합연표,충북선 전철개통,,2005-03-30 00:00:00,미부착,,개방 가능,공공누리 1유형,,,O,,,,,단순 정보,
3936,철도산업정보센터,HOME > 철도역사관 > 철도통합연표,철도통합연표,일반열차 통과,,2005-04-01 00:00:00,미부착,,개방 가능,공공누리 1유형,,,O,,,,,단순 정보,
3937,철도산업정보센터,HOME > 철도역사관 > 철도통합연표,철도통합연표,무인신호장으로 변경,,2005-04-01 00:00:00,미부착,,개방 가능,공공누리 1유형,,,O,,,,,단순 정보,
3938,철도산업정보센터,HOME > 철도역사관 > 철도통합연표,철도통합연표,무인신호장으로 격하,,2005-04-01 00:00:00,미부착,,개방 가능,공공누리 1유형,,,O,,,,,단순 정보,
3939,철도산업정보센터,HOME > 철도역사관 > 철도통합연표,철도통합연표,무배치간이역으로 격하,,2005-04-01 00:00:00,미부착,,개방 가능,공공누리 1유형,,,O,,,,,단순 정보,
3940,철도산업정보센터,HOME > 철도역사관 > 철도통합연표,철도통합연표,반곡역사 등록문화재(165호)로 지정,,2005-04-15 00:00:00,미부착,,개방 가능,공공누리 1유형,,,O,,,,,단순 정보,
3941,철도산업정보센터,HOME > 철도역사관 > 철도통합연표,철도통합연표,제3회 대한민국서비스만족대상 수상,,2005-04-19 00:00:00,미부착,,개방 가능,공공누리 1유형,,,O,,,,,단순 정보,
3942,철도산업정보센터,HOME > 철도역사관 > 철도통합연표,철도통합연표,실시계획 승인 신청,,2005-05-00,미부착,,개방 가능,공공누리 1유형,,,O,,,,,단순 정보,
3943,철도산업정보센터,HOME > 철도역사관 > 철도통합연표,철도통합연표,용산선 철거,,2005-05-02 00:00:00,미부착,,개방 가능,공공누리 1유형,,,O,,,,,단순 정보,
3944,철도산업정보센터,HOME > 철도역사관 > 철도통합연표,철도통합연표,승차권 발매 중지,,2005-05-09 00:00:00,미부착,,개방 가능,공공누리 1유형,,,O,,,,,단순 정보,
3945,철도산업정보센터,HOME > 철도역사관 > 철도통합연표,철도통합연표,민간투자사업 실시협약 체결,,2005-05-16 00:00:00,미부착,,개방 가능,공공누리 1유형,,,O,,,,,단순 정보,
3946,철도산업정보센터,HOME > 철도역사관 > 철도통합연표,철도통합연표,민간투자사업 사업시행자 지정 (서울시메트로9호선주식회사),,2005-05-16 00:00:00,미부착,,개방 가능,공공누리 1유형,,,O,,,,,단순 정보,
3947,철도산업정보센터,HOME > 철도역사관 > 철도통합연표,철도통합연표,태백선 제천~쌍룡간 복선화 공사 계획 고시.,,2005-05-23 00:00:00,미부착,,개방 가능,공공누리 1유형,,,O,,,,,단순 정보,
3948,철도산업정보센터,HOME > 철도역사관 > 철도통합연표,철도통합연표,전기운전 개시.,,2005-05-30 00:00:00,미부착,,개방 가능,공공누리 1유형,,,O,,,,,단순 정보,
3949,철도산업정보센터,HOME > 철도역사관 > 철도통합연표,철도통합연표,실시계획 승인 고시,,2005-06-00,미부착,,개방 가능,공공누리 1유형,,,O,,,,,단순 정보,
3950,철도산업정보센터,HOME > 철도역사관 > 철도통합연표,철도통합연표,역무이전(물류영업부 건물),,2005-06-09 00:00:00,미부착,,개방 가능,공공누리 1유형,,,O,,,,,단순 정보,
3951,철도산업정보센터,HOME > 철도역사관 > 철도통합연표,철도통합연표,현재역사 준공,,2005-06-15 00:00:00,미부착,,개방 가능,공공누리 1유형,,,O,,,,,단순 정보,
3952,철도산업정보센터,HOME > 철도역사관 > 철도통합연표,철도통합연표,무배치간이역으로 영업개시,,2005-06-22 00:00:00,미부착,,개방 가능,공공누리 1유형,,,O,,,,,단순 정보,
3953,철도산업정보센터,HOME > 철도역사관 > 철도통합연표,철도통합연표,장성화물선 개통(안평역 분기),,2005-06-22 00:00:00,미부착,,개방 가능,공공누리 1유형,,,O,,,,,단순 정보,
3954,철도산업정보센터,HOME > 철도역사관 > 철도통합연표,철도통합연표,역명개정(牛一 →佑一),,2005-06-27 00:00:00,미부착,,개방 가능,공공누리 1유형,,,O,,,,,단순 정보,
3955,철도산업정보센터,HOME > 철도역사관 > 철도통합연표,철도통합연표,아우라지-구절리 레일바이크 구간으로 운행개시,,2005-06-30 00:00:00,미부착,,개방 가능,공공누리 1유형,,,O,,,,,단순 정보,
3956,철도산업정보센터,HOME > 철도역사관 > 철도통합연표,철도통합연표,착공,,2005-07-00,미부착,,개방 가능,공공누리 1유형,,,O,,,,,단순 정보,
3957,철도산업정보센터,HOME > 철도역사관 > 철도통합연표,철도통합연표,정선선 레일바이크 운행 개시(아우라지~구절리 간),,2005-07-01 00:00:00,미부착,,개방 가능,공공누리 1유형,,,O,,,,,단순 정보,
3958,철도산업정보센터,HOME > 철도역사관 > 철도통합연표,철도통합연표,역명변경(가리봉→가산디지털단지),,2005-07-01 00:00:00,미부착,,개방 가능,공공누리 1유형,,,O,,,,,단순 정보,
3959,철도산업정보센터,HOME > 철도역사관 > 철도통합연표,철도통합연표,포항제철통근열차 폐지,,2005-07-01 00:00:00,미부착,,개방 가능,공공누리 1유형,,,O,,,,,단순 정보,
3960,철도산업정보센터,HOME > 철도역사관 > 철도통합연표,철도통합연표,제철동차 폐지,,2005-07-01 00:00:00,미부착,,개방 가능,공공누리 1유형,,,O,,,,,단순 정보,
3961,철도산업정보센터,HOME > 철도역사관 > 철도통합연표,철도통합연표,이문차량사업소 완공,,2005-07-05 00:00:00,미부착,,개방 가능,공공누리 1유형,,,O,,,,,단순 정보,
3962,철도산업정보센터,HOME > 철도역사관 > 철도통합연표,철도통합연표,동부전동차 사무소 준공,,2005-07-08 00:00:00,미부착,,개방 가능,공공누리 1유형,,,O,,,,,단순 정보,
3963,철도산업정보센터,HOME > 철도역사관 > 철도통합연표,철도통합연표,부산교통공단법 폐지법률 공포,,2005-07-13 00:00:00,미부착,,개방 가능,공공누리 1유형,,,O,,,,,단순 정보,
3964,철도산업정보센터,HOME > 철도역사관 > 철도통합연표,철도통합연표,동해-강릉간 전철개통,,2005-07-15 00:00:00,미부착,,개방 가능,공공누리 1유형,,,O,,,,,단순 정보,
3965,철도산업정보센터,HOME > 철도역사관 > 철도통합연표,철도통합연표,여객열차 통과,,2005-08-01 00:00:00,미부착,,개방 가능,공공누리 1유형,,,O,,,,,단순 정보,
3966,철도산업정보센터,HOME > 철도역사관 > 철도통합연표,철도통합연표,일반열차 통과,,2005-08-01 00:00:00,미부착,,개방 가능,공공누리 1유형,,,O,,,,,단순 정보,
3967,철도산업정보센터,HOME > 철도역사관 > 철도통합연표,철도통합연표,전라선 복선화로 역사이전,,2005-08-05 00:00:00,미부착,,개방 가능,공공누리 1유형,,,O,,,,,단순 정보,
3968,철도산업정보센터,HOME > 철도역사관 > 철도통합연표,철도통합연표,역사이전,,2005-08-19 00:00:00,미부착,,개방 가능,공공누리 1유형,,,O,,,,,단순 정보,
3969,철도산업정보센터,HOME > 철도역사관 > 철도통합연표,철도통합연표,1단계 구간 시설물 완공(일부 역사는 개통 후까지 공사),,2005-09-00,미부착,,개방 가능,공공누리 1유형,,,O,,,,,단순 정보,
3970,철도산업정보센터,HOME > 철도역사관 > 철도통합연표,철도통합연표,조치원 - 대전조차장 전철화 개통,,2005-09-05 00:00:00,미부착,,개방 가능,공공누리 1유형,,,O,,,,,단순 정보,
3971,철도산업정보센터,HOME > 철도역사관 > 철도통합연표,철도통합연표,동해~강릉 전철화 개통,,2005-09-08 00:00:00,미부착,,개방 가능,공공누리 1유형,,,O,,,,,단순 정보,
3972,철도산업정보센터,HOME > 철도역사관 > 철도통합연표,철도통합연표,동해~강릉 전철화 개통,,2005-09-08 00:00:00,미부착,,개방 가능,공공누리 1유형,,,O,,,,,단순 정보,
3973,철도산업정보센터,HOME > 철도역사관 > 철도통합연표,철도통합연표,동해-강릉간 전철화 공사 완료,,2005-09-08 00:00:00,미부착,,개방 가능,공공누리 1유형,,,O,,,,,단순 정보,
3974,철도산업정보센터,HOME > 철도역사관 > 철도통합연표,철도통합연표,진해역사 등록문화재로 지정(192호),,2005-09-14 00:00:00,미부착,,개방 가능,공공누리 1유형,,,O,,,,,단순 정보,
3975,철도산업정보센터,HOME > 철도역사관 > 철도통합연표,철도통합연표,현재의 역사 준공.,,2005-09-15 00:00:00,미부착,,개방 가능,공공누리 1유형,,,O,,,,,단순 정보,
3976,철도산업정보센터,HOME > 철도역사관 > 철도통합연표,철도통합연표,제철역 폐쇄,,2005-09-15 00:00:00,미부착,,개방 가능,공공누리 1유형,,,O,,,,,단순 정보,
3977,철도산업정보센터,HOME > 철도역사관 > 철도통합연표,철도통합연표,역명변경(두계→계룡),,2005-09-23 00:00:00,미부착,,개방 가능,공공누리 1유형,,,O,,,,,단순 정보,
3978,철도산업정보센터,HOME > 철도역사관 > 철도통합연표,철도통합연표,금융최초인출,,2005-09-28 00:00:00,미부착,,개방 가능,공공누리 1유형,,,O,,,,,단순 정보,
3979,철도산업정보센터,HOME > 철도역사관 > 철도통합연표,철도통합연표,화물취급중지.,,2005-09-30 00:00:00,미부착,,개방 가능,공공누리 1유형,,,O,,,,,단순 정보,
3980,철도산업정보센터,HOME > 철도역사관 > 철도통합연표,철도통합연표,화물취급 중지.,,2005-09-30 00:00:00,미부착,,개방 가능,공공누리 1유형,,,O,,,,,단순 정보,
3981,철도산업정보센터,HOME > 철도역사관 > 철도통합연표,철도통합연표,화물취급 중지,,2005-09-30 00:00:00,미부착,,개방 가능,공공누리 1유형,,,O,,,,,단순 정보,
3982,철도산업정보센터,HOME > 철도역사관 > 철도통합연표,철도통합연표,화물취급 중지,,2005-09-30 00:00:00,미부착,,개방 가능,공공누리 1유형,,,O,,,,,단순 정보,
3983,철도산업정보센터,HOME > 철도역사관 > 철도통합연표,철도통합연표,"화물취급 중지, 춘천역의 소화물업무를 이곳에서 취급",,2005-09-30 00:00:00,미부착,,개방 가능,공공누리 1유형,,,O,,,,,단순 정보,
3984,철도산업정보센터,HOME > 철도역사관 > 철도통합연표,철도통합연표,"소화물취급 중지, 남춘천역으로 소화물취급 업무 이관",,2005-09-30 00:00:00,미부착,,개방 가능,공공누리 1유형,,,O,,,,,단순 정보,
3985,철도산업정보센터,HOME > 철도역사관 > 철도통합연표,철도통합연표,흥진광업소 폐광으로 석탄수송중단.,,2005-09-30 00:00:00,미부착,,개방 가능,공공누리 1유형,,,O,,,,,단순 정보,
3986,철도산업정보센터,HOME > 철도역사관 > 철도통합연표,철도통합연표,도시관리계획 심의완료(경기도 도시계획위원회) 도시철도사업계획,,2005-10-00,미부착,,개방 가능,공공누리 1유형,,,O,,,,,단순 정보,
3987,철도산업정보센터,HOME > 철도역사관 > 철도통합연표,철도통합연표,"수도권전철 공사로 인해 춘천역 영업 중단, 열차 운행은 남춘천역까지로 단축",,2005-10-01 00:00:00,미부착,,개방 가능,공공누리 1유형,,,O,,,,,단순 정보,
3988,철도산업정보센터,HOME > 철도역사관 > 철도통합연표,철도통합연표,경춘선 복선전철화로 20091231일까지 영업중지,,2005-10-01 00:00:00,미부착,,개방 가능,공공누리 1유형,,,O,,,,,단순 정보,
3989,철도산업정보센터,HOME > 철도역사관 > 철도통합연표,철도통합연표,경춘선열차의 시종착역으로 지정.,,2005-10-01 00:00:00,미부착,,개방 가능,공공누리 1유형,,,O,,,,,단순 정보,
3990,철도산업정보센터,HOME > 철도역사관 > 철도통합연표,철도통합연표,법인(의정부경전철주식회사)설립,,2005-10-06 00:00:00,미부착,,개방 가능,공공누리 1유형,,,O,,,,,단순 정보,
3991,철도산업정보센터,HOME > 철도역사관 > 철도통합연표,철도통합연표,오행원 제2대 사장 취임,,2005-10-16 00:00:00,미부착,,개방 가능,공공누리 1유형,,,O,,,,,단순 정보,
3992,철도산업정보센터,HOME > 철도역사관 > 철도통합연표,철도통합연표,대구 지하철 2호선 문양 - 사월 구간 개통,,2005-10-18 00:00:00,미부착,,개방 가능,공공누리 1유형,,,O,,,,,단순 정보,
3993,철도산업정보센터,HOME > 철도역사관 > 철도통합연표,철도통합연표,지하철2호선 전구간 개통(문양-사월 28 09km),,2005-10-18 00:00:00,미부착,,개방 가능,공공누리 1유형,,,O,,,,,단순 정보,
3994,철도산업정보센터,HOME > 철도역사관 > 철도통합연표,철도통합연표,"성수지선 신답 - 신설동 사이에 용두역이 설치되어, 영업 개시",,2005-10-20 00:00:00,미부착,,개방 가능,공공누리 1유형,,,O,,,,,단순 정보,
3995,철도산업정보센터,HOME > 철도역사관 > 철도통합연표,철도통합연표,도시철도건설 기본계획고시(건설교통부고시 제1005-423호),,2005-10-20 00:00:00,미부착,,개방 가능,공공누리 1유형,,,O,,,,,단순 정보,
3996,철도산업정보센터,HOME > 철도역사관 > 철도통합연표,철도통합연표,2호선 용두역 개통,,2005-10-20 00:00:00,미부착,,개방 가능,공공누리 1유형,,,O,,,,,단순 정보,
3997,철도산업정보센터,HOME > 철도역사관 > 철도통합연표,철도통합연표,"공사 CI(사명, 로고, 캐릭터) '서울메트로'로 개정",,2005-10-27 00:00:00,미부착,,개방 가능,공공누리 1유형,,,O,,,,,단순 정보,
3998,철도산업정보센터,HOME > 철도역사관 > 철도통합연표,철도통합연표,경부선과 만나며 대구선의 분기점이 되는 화물중계역인 가천역이 신설되었다.,,2005-10-28 00:00:00,미부착,,개방 가능,공공누리 1유형,,,O,,,,,단순 정보,
3999,철도산업정보센터,HOME > 철도역사관 > 철도통합연표,철도통합연표,실시계획 승인 및 기공식,,2005-11-00,미부착,,개방 가능,공공누리 1유형,,,O,,,,,단순 정보,
4000,철도산업정보센터,HOME > 철도역사관 > 철도통합연표,철도통합연표,대구광역시 도시계획에 근거하여 동대구-청천간이 교외로 이전되었다.,,2005-11-01 00:00:00,미부착,,개방 가능,공공누리 1유형,,,O,,,,,단순 정보,
4001,철도산업정보센터,HOME > 철도역사관 > 철도통합연표,철도통합연표,보통역으로 영업개시,,2005-11-01 00:00:00,미부착,,개방 가능,공공누리 1유형,,,O,,,,,단순 정보,
4002,철도산업정보센터,HOME > 철도역사관 > 철도통합연표,철도통합연표,대구선 이설로 보통역으로 영업개시,,2005-11-01 00:00:00,미부착,,개방 가능,공공누리 1유형,,,O,,,,,단순 정보,
4003,철도산업정보센터,HOME > 철도역사관 > 철도통합연표,철도통합연표,대구선 이설 개통,,2005-11-01 00:00:00,미부착,,개방 가능,공공누리 1유형,,,O,,,,,단순 정보,
4004,철도산업정보센터,HOME > 철도역사관 > 철도통합연표,철도통합연표,제천-도담간 복선전철화에 따라 여객취급중지(공사완료시점까지),,2005-11-01 00:00:00,미부착,,개방 가능,공공누리 1유형,,,O,,,,,단순 정보,
4005,철도산업정보센터,HOME > 철도역사관 > 철도통합연표,철도통합연표,"배치간이역격하, 여객취급 중지",,2005-11-01 00:00:00,미부착,,개방 가능,공공누리 1유형,,,O,,,,,단순 정보,
4006,철도산업정보센터,HOME > 철도역사관 > 철도통합연표,철도통합연표,배치간이역으로 격하 및 여객취급 중지,,2005-11-01 00:00:00,미부착,,개방 가능,공공누리 1유형,,,O,,,,,단순 정보,
4007,철도산업정보센터,HOME > 철도역사관 > 철도통합연표,철도통합연표,신설된 금강역에서 신대구선의 개통식이 있었다.,,2005-11-03 00:00:00,미부착,,개방 가능,공공누리 1유형,,,O,,,,,단순 정보,
4008,철도산업정보센터,HOME > 철도역사관 > 철도통합연표,철도통합연표,대구선 이설사업 개통,,2005-11-03 00:00:00,미부착,,개방 가능,공공누리 1유형,,,O,,,,,단순 정보,
4009,철도산업정보센터,HOME > 철도역사관 > 철도통합연표,철도통합연표,승강장 스크린도어(PSD) 최초 설치(사당역),,2005-11-04 00:00:00,미부착,,개방 가능,공공누리 1유형,,,O,,,,,단순 정보,
4010,철도산업정보센터,HOME > 철도역사관 > 철도통합연표,철도통합연표,임피역사 등록문화재(208호) 지정.,,2005-11-11 00:00:00,미부착,,개방 가능,공공누리 1유형,,,O,,,,,단순 정보,
4011,철도산업정보센터,HOME > 철도역사관 > 철도통합연표,철도통합연표,동해북부선 남북철도연결사업에 따라 개역(북측역사),,2005-11-21 00:00:00,미부착,,개방 가능,공공누리 1유형,,,O,,,,,단순 정보,
4012,철도산업정보센터,HOME > 철도역사관 > 철도통합연표,철도통합연표,동해북부선 남북철도연결사업에 따라 개역,,2005-11-21 00:00:00,미부착,,개방 가능,공공누리 1유형,,,O,,,,,단순 정보,
4013,철도산업정보센터,HOME > 철도역사관 > 철도통합연표,철도통합연표,춘포역사 등록문화재로 지정.,,2005-11-21 00:00:00,미부착,,개방 가능,공공누리 1유형,,,O,,,,,단순 정보,
4014,철도산업정보센터,HOME > 철도역사관 > 철도통합연표,철도통합연표,1단계 대저 - 수영 구간 개통,,2005-11-28 00:00:00,미부착,,개방 가능,공공누리 1유형,,,O,,,,,단순 정보,
4015,철도산업정보센터,HOME > 철도역사관 > 철도통합연표,철도통합연표,3호선 수영~대저 구간 개통(18.3km),,2005-11-28 00:00:00,미부착,,개방 가능,공공누리 1유형,,,O,,,,,단순 정보,
4016,철도산업정보센터,HOME > 철도역사관 > 철도통합연표,철도통합연표,공사착공,,2005-12-00,미부착,,개방 가능,공공누리 1유형,,,O,,,,,단순 정보,
4017,철도산업정보센터,HOME > 철도역사관 > 철도통합연표,철도통합연표,차량 시스템 변경 승인,,2005-12-02 00:00:00,미부착,,개방 가능,공공누리 1유형,,,O,,,,,단순 정보,
4018,철도산업정보센터,HOME > 철도역사관 > 철도통합연표,철도통합연표,역사 리모델링,,2005-12-05 00:00:00,미부착,,개방 가능,공공누리 1유형,,,O,,,,,단순 정보,
4019,철도산업정보센터,HOME > 철도역사관 > 철도통합연표,철도통합연표,차내취급역 지정,,2005-12-15 00:00:00,미부착,,개방 가능,공공누리 1유형,,,O,,,,,단순 정보,
4020,철도산업정보센터,HOME > 철도역사관 > 철도통합연표,철도통합연표,차내취급역으로 지정,,2005-12-15 00:00:00,미부착,,개방 가능,공공누리 1유형,,,O,,,,,단순 정보,
4021,철도산업정보센터,HOME > 철도역사관 > 철도통합연표,철도통합연표,"중앙선 청량리역-덕소역 구간 복선전철개통, 중앙선 광역 전철 운행 개시(당시 ‘용산-덕소선’으로 경부선·경원선 용산역까지 경원선을 사용하여 연장 운행)",,2005-12-16 00:00:00,미부착,,개방 가능,공공누리 1유형,,,O,,,,,단순 정보,
4022,철도산업정보센터,HOME > 철도역사관 > 철도통합연표,철도통합연표,수도권 전철 1호선에서 분리되어 독립된 운행 계통이 됨. 회기 - 덕소간 7개역 개역 및 영업 개시,,2005-12-16 00:00:00,미부착,,개방 가능,공공누리 1유형,,,O,,,,,단순 정보,
4023,철도산업정보센터,HOME > 철도역사관 > 철도통합연표,철도통합연표,중앙선 청량리~덕소 복선전철 개통,,2005-12-16 00:00:00,미부착,,개방 가능,공공누리 1유형,,,O,,,,,단순 정보,
4024,철도산업정보센터,HOME > 철도역사관 > 철도통합연표,철도통합연표,경원선 용산-회기 구간이 용산-덕소선(현 중앙선)의 운행 구간으로 분리(참고,,2005-12-16 00:00:00,미부착,,개방 가능,공공누리 1유형,,,O,,,,,단순 정보,
4025,철도산업정보센터,HOME > 철도역사관 > 철도통합연표,철도통합연표,무배치간이역(위탁발매소)으로 영업개시,,2005-12-16 00:00:00,미부착,,개방 가능,공공누리 1유형,,,O,,,,,단순 정보,
4026,철도산업정보센터,HOME > 철도역사관 > 철도통합연표,철도통합연표,중앙선 복선전철화 개통으로 일반열차 통과,,2005-12-16 00:00:00,미부착,,개방 가능,공공누리 1유형,,,O,,,,,단순 정보,
4027,철도산업정보센터,HOME > 철도역사관 > 철도통합연표,철도통합연표,중앙선 복선전철화 개통으로 일반열차 통과.,,2005-12-16 00:00:00,미부착,,개방 가능,공공누리 1유형,,,O,,,,,단순 정보,
4028,철도산업정보센터,HOME > 철도역사관 > 철도통합연표,철도통합연표,수도권전철개통,,2005-12-16 00:00:00,미부착,,개방 가능,공공누리 1유형,,,O,,,,,단순 정보,
4029,철도산업정보센터,HOME > 철도역사관 > 철도통합연표,철도통합연표,변경 실시 협약,,2005-12-16 00:00:00,미부착,,개방 가능,공공누리 1유형,,,O,,,,,단순 정보,
4030,철도산업정보센터,HOME > 철도역사관 > 철도통합연표,철도통합연표,경인2복선전철 전구간 개통,,2005-12-21 00:00:00,미부착,,개방 가능,공공누리 1유형,,,O,,,,,단순 정보,
4031,철도산업정보센터,HOME > 철도역사관 > 철도통합연표,철도통합연표,동대문 - 신설동 구간에 동묘앞역이 개통.,,2005-12-21 00:00:00,미부착,,개방 가능,공공누리 1유형,,,O,,,,,단순 정보,
4032,철도산업정보센터,HOME > 철도역사관 > 철도통합연표,철도통합연표,"동인천-주안(경인선)간 복복선 개통, 서울 지하철 1호선 동묘앞역 개통",,2005-12-21 00:00:00,미부착,,개방 가능,공공누리 1유형,,,O,,,,,단순 정보,
4033,철도산업정보센터,HOME > 철도역사관 > 철도통합연표,철도통합연표,1호선 동묘앞역 개통,,2005-12-21 00:00:00,미부착,,개방 가능,공공누리 1유형,,,O,,,,,단순 정보,
4034,철도산업정보센터,HOME > 철도역사관 > 철도통합연표,철도통합연표,본사 이전(인천광역시 서구 검암동),,2005-12-26 00:00:00,미부착,,개방 가능,공공누리 1유형,,,O,,,,,단순 정보,
4035,철도산업정보센터,HOME > 철도역사관 > 철도통합연표,철도통합연표,무배치간이역(위탁발매소)으로 영업개시,,2005-12-27 00:00:00,미부착,,개방 가능,공공누리 1유형,,,O,,,,,단순 정보,
4036,철도산업정보센터,HOME > 철도역사관 > 철도통합연표,철도통합연표,경부선 세마역 개통,,2005-12-27 00:00:00,미부착,,개방 가능,공공누리 1유형,,,O,,,,,단순 정보,
4037,철도산업정보센터,HOME > 철도역사관 > 철도통합연표,철도통합연표,경부선 오산대역 개통,,2005-12-27 00:00:00,미부착,,개방 가능,공공누리 1유형,,,O,,,,,단순 정보,
4038,철도산업정보센터,HOME > 철도역사관 > 철도통합연표,철도통합연표,초도차량 영종도 차량기지 반입,,2005-12-30 00:00:00,미부착,,개방 가능,공공누리 1유형,,,O,,,,,단순 정보,
4039,철도산업정보센터,HOME > 철도역사관 > 철도통합연표,철도통합연표,용인시 구간에서 역 2개를 추가하기로 결정. 기존의 보정역은 지하로 이설된다.,,2006-00-00,미부착,,개방 가능,공공누리 1유형,,,O,,,,,단순 정보,
4040,철도산업정보센터,HOME > 철도역사관 > 철도통합연표,철도통합연표,현 역사 준공,,2006-00-00,미부착,,개방 가능,공공누리 1유형,,,O,,,,,단순 정보,
4041,철도산업정보센터,HOME > 철도역사관 > 철도통합연표,철도통합연표,부산교통공사 창립,,2006-01-01 00:00:00,미부착,,개방 가능,공공누리 1유형,,,O,,,,,단순 정보,
4042,철도산업정보센터,HOME > 철도역사관 > 철도통합연표,철도통합연표,"조직개편(2단, 6본부, 5지역본부, 1사무소)",,2006-01-01 00:00:00,미부착,,개방 가능,공공누리 1유형,,,O,,,,,단순 정보,
4043,철도산업정보센터,HOME > 철도역사관 > 철도통합연표,철도통합연표,한국철도공사 출범,,2006-01-01 00:00:00,미부착,,개방 가능,공공누리 1유형,,,O,,,,,단순 정보,
4044,철도산업정보센터,HOME > 철도역사관 > 철도통합연표,철도통합연표,승차권 발매중지.,,2006-01-01 00:00:00,미부착,,개방 가능,공공누리 1유형,,,O,,,,,단순 정보,
4045,철도산업정보센터,HOME > 철도역사관 > 철도통합연표,철도통합연표,실시계획 승인,,2006-01-19 00:00:00,미부착,,개방 가능,공공누리 1유형,,,O,,,,,단순 정보,
4046,철도산업정보센터,HOME > 철도역사관 > 철도통합연표,철도통합연표,고객안내센터 최초 설치(7개역),,2006-01-20 00:00:00,미부착,,개방 가능,공공누리 1유형,,,O,,,,,단순 정보,
4047,철도산업정보센터,HOME > 철도역사관 > 철도통합연표,철도통합연표,기공식,,2006-02-15 00:00:00,미부착,,개방 가능,공공누리 1유형,,,O,,,,,단순 정보,
4048,철도산업정보센터,HOME > 철도역사관 > 철도통합연표,철도통합연표,제5대 김우철 사장 취임,,2006-02-20 00:00:00,미부착,,개방 가능,공공누리 1유형,,,O,,,,,단순 정보,
4049,철도산업정보센터,HOME > 철도역사관 > 철도통합연표,철도통합연표,제3자 제안공고(안) 검토완료(공공투자관리센터),,2006-02-28 00:00:00,미부착,,개방 가능,공공누리 1유형,,,O,,,,,단순 정보,
4050,철도산업정보센터,HOME > 철도역사관 > 철도통합연표,철도통합연표,윤리헌장 선포,,2006-03-02 00:00:00,미부착,,개방 가능,공공누리 1유형,,,O,,,,,단순 정보,
4051,철도산업정보센터,HOME > 철도역사관 > 철도통합연표,철도통합연표,제4회 한국서비스경영대상 수상,,2006-03-08 00:00:00,미부착,,개방 가능,공공누리 1유형,,,O,,,,,단순 정보,
4052,철도산업정보센터,HOME > 철도역사관 > 철도통합연표,철도통합연표,(판암 ~ 정부청사) 개통,,2006-03-16 00:00:00,미부착,,개방 가능,공공누리 1유형,,,O,,,,,단순 정보,
4053,철도산업정보센터,HOME > 철도역사관 > 철도통합연표,철도통합연표,도시철도 1호선 1단계(판암역∼정부청사역),,2006-03-16 00:00:00,미부착,,개방 가능,공공누리 1유형,,,O,,,,,단순 정보,
4054,철도산업정보센터,HOME > 철도역사관 > 철도통합연표,철도통합연표,한ㆍ러 철도운영 양해각서 체결,,2006-03-17 00:00:00,미부착,,개방 가능,공공누리 1유형,,,O,,,,,단순 정보,
4055,철도산업정보센터,HOME > 철도역사관 > 철도통합연표,철도통합연표,남ㆍ북ㆍ러 철도운영에 관한 의장성명 채택,,2006-03-18 00:00:00,미부착,,개방 가능,공공누리 1유형,,,O,,,,,단순 정보,
4056,철도산업정보센터,HOME > 철도역사관 > 철도통합연표,철도통합연표,KTX 개통 2주년,,2006-04-01 00:00:00,미부착,,개방 가능,공공누리 1유형,,,O,,,,,단순 정보,
4057,철도산업정보센터,HOME > 철도역사관 > 철도통합연표,철도통합연표,1단계 시험운전 착수,,2006-04-03 00:00:00,미부착,,개방 가능,공공누리 1유형,,,O,,,,,단순 정보,
4058,철도산업정보센터,HOME > 철도역사관 > 철도통합연표,철도통합연표,실시협약 체결 및 사업시행자 지정 의정부시,,2006-04-14 00:00:00,미부착,,개방 가능,공공누리 1유형,,,O,,,,,단순 정보,
4059,철도산업정보센터,HOME > 철도역사관 > 철도통합연표,철도통합연표,착공,,2006-04-21 00:00:00,미부착,,개방 가능,공공누리 1유형,,,O,,,,,단순 정보,
4060,철도산업정보센터,HOME > 철도역사관 > 철도통합연표,철도통합연표,소화물취급 중지,,2006-05-01 00:00:00,미부착,,개방 가능,공공누리 1유형,,,O,,,,,단순 정보,
4061,철도산업정보센터,HOME > 철도역사관 > 철도통합연표,철도통합연표,소화물취급 중지.,,2006-05-01 00:00:00,미부착,,개방 가능,공공누리 1유형,,,O,,,,,단순 정보,
4062,철도산업정보센터,HOME > 철도역사관 > 철도통합연표,철도통합연표,소화물 취급 중지,,2006-05-01 00:00:00,미부착,,개방 가능,공공누리 1유형,,,O,,,,,단순 정보,
4063,철도산업정보센터,HOME > 철도역사관 > 철도통합연표,철도통합연표,소화물 취급 중지,,2006-05-01 00:00:00,미부착,,개방 가능,공공누리 1유형,,,O,,,,,단순 정보,
4064,철도산업정보센터,HOME > 철도역사관 > 철도통합연표,철도통합연표,소화물취급중지.,,2006-05-01 00:00:00,미부착,,개방 가능,공공누리 1유형,,,O,,,,,단순 정보,
4065,철도산업정보센터,HOME > 철도역사관 > 철도통합연표,철도통합연표,무배치간이역으로 영업개시,,2006-05-10 00:00:00,미부착,,개방 가능,공공누리 1유형,,,O,,,,,단순 정보,
4066,철도산업정보센터,HOME > 철도역사관 > 철도통합연표,철도통합연표,양산화물선 개통,,2006-05-10 00:00:00,미부착,,개방 가능,공공누리 1유형,,,O,,,,,단순 정보,
4067,철도산업정보센터,HOME > 철도역사관 > 철도통합연표,철도통합연표,경영혁신 ERP 사업착수,,2006-05-16 00:00:00,미부착,,개방 가능,공공누리 1유형,,,O,,,,,단순 정보,
4068,철도산업정보센터,HOME > 철도역사관 > 철도통합연표,철도통합연표,도시계획시설 결정고시,,2006-06-00,미부착,,개방 가능,공공누리 1유형,,,O,,,,,단순 정보,
4069,철도산업정보센터,HOME > 철도역사관 > 철도통합연표,철도통합연표,동대구~진해간 새마을호 운행 개시.,,2006-06-01 00:00:00,미부착,,개방 가능,공공누리 1유형,,,O,,,,,단순 정보,
4070,철도산업정보센터,HOME > 철도역사관 > 철도통합연표,철도통합연표,KTX-Ⅱ 도입 계약체결,,2006-06-05 00:00:00,미부착,,개방 가능,공공누리 1유형,,,O,,,,,단순 정보,
4071,철도산업정보센터,HOME > 철도역사관 > 철도통합연표,철도통합연표,2호선 운행 2억km 달성,,2006-06-05 00:00:00,미부착,,개방 가능,공공누리 1유형,,,O,,,,,단순 정보,
4072,철도산업정보센터,HOME > 철도역사관 > 철도통합연표,철도통합연표,동해선 남측구간(제진-남방한계선) 열차 시험운행 실시,,2006-06-08 00:00:00,미부착,,개방 가능,공공누리 1유형,,,O,,,,,단순 정보,
4073,철도산업정보센터,HOME > 철도역사관 > 철도통합연표,철도통합연표,민간투자사업 실시계획 승인,,2006-06-09 00:00:00,미부착,,개방 가능,공공누리 1유형,,,O,,,,,단순 정보,
4074,철도산업정보센터,HOME > 철도역사관 > 철도통합연표,철도통합연표,도시철도9호선 1단계구간(상부부분) 공사 착공,,2006-06-23 00:00:00,미부착,,개방 가능,공공누리 1유형,,,O,,,,,단순 정보,
4075,철도산업정보센터,HOME > 철도역사관 > 철도통합연표,철도통합연표,폐역,,2006-06-23 00:00:00,미부착,,개방 가능,공공누리 1유형,,,O,,,,,단순 정보,
4076,철도산업정보센터,HOME > 철도역사관 > 철도통합연표,철도통합연표,폐역,,2006-06-23 00:00:00,미부착,,개방 가능,공공누리 1유형,,,O,,,,,단순 정보,
4077,철도산업정보센터,HOME > 철도역사관 > 철도통합연표,철도통합연표,폐역,,2006-06-23 00:00:00,미부착,,개방 가능,공공누리 1유형,,,O,,,,,단순 정보,
4078,철도산업정보센터,HOME > 철도역사관 > 철도통합연표,철도통합연표,폐역,,2006-06-23 00:00:00,미부착,,개방 가능,공공누리 1유형,,,O,,,,,단순 정보,
4079,철도산업정보센터,HOME > 철도역사관 > 철도통합연표,철도통합연표,폐역,,2006-06-23 00:00:00,미부착,,개방 가능,공공누리 1유형,,,O,,,,,단순 정보,
4080,철도산업정보센터,HOME > 철도역사관 > 철도통합연표,철도통합연표,폐역,,2006-06-23 00:00:00,미부착,,개방 가능,공공누리 1유형,,,O,,,,,단순 정보,
4081,철도산업정보센터,HOME > 철도역사관 > 철도통합연표,철도통합연표,폐역,,2006-06-23 00:00:00,미부착,,개방 가능,공공누리 1유형,,,O,,,,,단순 정보,
4082,철도산업정보센터,HOME > 철도역사관 > 철도통합연표,철도통합연표,폐역,,2006-06-23 00:00:00,미부착,,개방 가능,공공누리 1유형,,,O,,,,,단순 정보,
4083,철도산업정보센터,HOME > 철도역사관 > 철도통합연표,철도통합연표,폐역,,2006-06-23 00:00:00,미부착,,개방 가능,공공누리 1유형,,,O,,,,,단순 정보,
4084,철도산업정보센터,HOME > 철도역사관 > 철도통합연표,철도통합연표,폐역,,2006-06-23 00:00:00,미부착,,개방 가능,공공누리 1유형,,,O,,,,,단순 정보,
4085,철도산업정보센터,HOME > 철도역사관 > 철도통합연표,철도통합연표,폐역,,2006-06-23 00:00:00,미부착,,개방 가능,공공누리 1유형,,,O,,,,,단순 정보,
4086,철도산업정보센터,HOME > 철도역사관 > 철도통합연표,철도통합연표,회사상호변경(인천국제공항철도(주)에서 공항철도(주),,2006-06-29 00:00:00,미부착,,개방 가능,공공누리 1유형,,,O,,,,,단순 정보,
4087,철도산업정보센터,HOME > 철도역사관 > 철도통합연표,철도통합연표,2대 이철 사장 취임,,2006-06-29 00:00:00,미부착,,개방 가능,공공누리 1유형,,,O,,,,,단순 정보,
4088,철도산업정보센터,HOME > 철도역사관 > 철도통합연표,철도통합연표,사명 변경에 따라 노선 명칭을 인천국제공항철도(I'REX)에서 공항철도(A'REX)로 변경,,2006-06-29 00:00:00,미부착,,개방 가능,공공누리 1유형,,,O,,,,,단순 정보,
4089,철도산업정보센터,HOME > 철도역사관 > 철도통합연표,철도통합연표,무배치간이역(위탁발매소)로 영업개시,,2006-06-30 00:00:00,미부착,,개방 가능,공공누리 1유형,,,O,,,,,단순 정보,
4090,철도산업정보센터,HOME > 철도역사관 > 철도통합연표,철도통합연표,경부선 진위역 개통,,2006-06-30 00:00:00,미부착,,개방 가능,공공누리 1유형,,,O,,,,,단순 정보,
4091,철도산업정보센터,HOME > 철도역사관 > 철도통합연표,철도통합연표,경부선 지제역 개통,,2006-06-30 00:00:00,미부착,,개방 가능,공공누리 1유형,,,O,,,,,단순 정보,
4092,철도산업정보센터,HOME > 철도역사관 > 철도통합연표,철도통합연표,직원 전용 통근열차 운행 중지.,,2006-06-30 00:00:00,미부착,,개방 가능,공공누리 1유형,,,O,,,,,단순 정보,
4093,철도산업정보센터,HOME > 철도역사관 > 철도통합연표,철도통합연표,조직개편으로 서울지사 관리역이 됨.,,2006-07-01 00:00:00,미부착,,개방 가능,공공누리 1유형,,,O,,,,,단순 정보,
4094,철도산업정보센터,HOME > 철도역사관 > 철도통합연표,철도통합연표,"지역 관리역제 폐지, 보통(1급)역으로 조정",,2006-07-01 00:00:00,미부착,,개방 가능,공공누리 1유형,,,O,,,,,단순 정보,
4095,철도산업정보센터,HOME > 철도역사관 > 철도통합연표,철도통합연표,조직개편으로 수도권남부지사 관리역이 됨.,,2006-07-01 00:00:00,미부착,,개방 가능,공공누리 1유형,,,O,,,,,단순 정보,
4096,철도산업정보센터,HOME > 철도역사관 > 철도통합연표,철도통합연표,조직개편으로 충남지사 관할역이 됨.,,2006-07-01 00:00:00,미부착,,개방 가능,공공누리 1유형,,,O,,,,,단순 정보,
4097,철도산업정보센터,HOME > 철도역사관 > 철도통합연표,철도통합연표,대전지사 관할역이 됨.,,2006-07-01 00:00:00,미부착,,개방 가능,공공누리 1유형,,,O,,,,,단순 정보,
4098,철도산업정보센터,HOME > 철도역사관 > 철도통합연표,철도통합연표,조직개편으로 경북남부지사 관할역이 됨.,,2006-07-01 00:00:00,미부착,,개방 가능,공공누리 1유형,,,O,,,,,단순 정보,
4099,철도산업정보센터,HOME > 철도역사관 > 철도통합연표,철도통합연표,조직개편으로 대구지사 관할역이 됨.,,2006-07-01 00:00:00,미부착,,개방 가능,공공누리 1유형,,,O,,,,,단순 정보,
4100,철도산업정보센터,HOME > 철도역사관 > 철도통합연표,철도통합연표,조직개편으로 부산지사 관할역이 됨.,,2006-07-01 00:00:00,미부착,,개방 가능,공공누리 1유형,,,O,,,,,단순 정보,
4101,철도산업정보센터,HOME > 철도역사관 > 철도통합연표,철도통합연표,조직개편으로 전북지사 관할역이 됨.,,2006-07-01 00:00:00,미부착,,개방 가능,공공누리 1유형,,,O,,,,,단순 정보,
4102,철도산업정보센터,HOME > 철도역사관 > 철도통합연표,철도통합연표,조직개편으로 전남지사 관할역이 됨.,,2006-07-01 00:00:00,미부착,,개방 가능,공공누리 1유형,,,O,,,,,단순 정보,
4103,철도산업정보센터,HOME > 철도역사관 > 철도통합연표,철도통합연표,조직개편으로 충북지사관할역이 됨.,,2006-07-01 00:00:00,미부착,,개방 가능,공공누리 1유형,,,O,,,,,단순 정보,
4104,철도산업정보센터,HOME > 철도역사관 > 철도통합연표,철도통합연표,조직개편으로 경북북부지사 관할역이 됨.,,2006-07-01 00:00:00,미부착,,개방 가능,공공누리 1유형,,,O,,,,,단순 정보,
4105,철도산업정보센터,HOME > 철도역사관 > 철도통합연표,철도통합연표,조직개편으로 수도권동부지사 관할역이 됨.,,2006-07-01 00:00:00,미부착,,개방 가능,공공누리 1유형,,,O,,,,,단순 정보,
4106,철도산업정보센터,HOME > 철도역사관 > 철도통합연표,철도통합연표,조직개편으로 수도권북부지사 관할역이 됨.,,2006-07-01 00:00:00,미부착,,개방 가능,공공누리 1유형,,,O,,,,,단순 정보,
4107,철도산업정보센터,HOME > 철도역사관 > 철도통합연표,철도통합연표,조직개편으로 강원지사 관할역이 됨.,,2006-07-01 00:00:00,미부착,,개방 가능,공공누리 1유형,,,O,,,,,단순 정보,
4108,철도산업정보센터,HOME > 철도역사관 > 철도통합연표,철도통합연표,조직개편으로 경남지사 관할역이 됨.,,2006-07-01 00:00:00,미부착,,개방 가능,공공누리 1유형,,,O,,,,,단순 정보,
4109,철도산업정보센터,HOME > 철도역사관 > 철도통합연표,철도통합연표,조직개편으로 광주지사 관할역이 됨.,,2006-07-01 00:00:00,미부착,,개방 가능,공공누리 1유형,,,O,,,,,단순 정보,
4110,철도산업정보센터,HOME > 철도역사관 > 철도통합연표,철도통합연표,민자역사 신축.,,2006-07-12 00:00:00,미부착,,개방 가능,공공누리 1유형,,,O,,,,,단순 정보,
4111,철도산업정보센터,HOME > 철도역사관 > 철도통합연표,철도통합연표,KORAIL 혁신학교 운영개시,,2006-07-13 00:00:00,미부착,,개방 가능,공공누리 1유형,,,O,,,,,단순 정보,
4112,철도산업정보센터,HOME > 철도역사관 > 철도통합연표,철도통합연표,금융약정체결,,2006-07-13 00:00:00,미부착,,개방 가능,공공누리 1유형,,,O,,,,,단순 정보,
4113,철도산업정보센터,HOME > 철도역사관 > 철도통합연표,철도통합연표,"현업조직 개편 (5지역본부, 17관리역, 83사무소 → 17개 지사)",,2006-07-15 00:00:00,미부착,,개방 가능,공공누리 1유형,,,O,,,,,단순 정보,
4114,철도산업정보센터,HOME > 철도역사관 > 철도통합연표,철도통합연표,실시설계 자문단 및 T/F팀 착수보고회 개최 의정부시,,2006-07-24 00:00:00,미부착,,개방 가능,공공누리 1유형,,,O,,,,,단순 정보,
4115,철도산업정보센터,HOME > 철도역사관 > 철도통합연표,철도통합연표,신역사로 이전.,,2006-07-31 00:00:00,미부착,,개방 가능,공공누리 1유형,,,O,,,,,단순 정보,
4116,철도산업정보센터,HOME > 철도역사관 > 철도통합연표,철도통합연표,관광열차 아리아리호 아우라지~구절리 간 운행 개시,,2006-08-01 00:00:00,미부착,,개방 가능,공공누리 1유형,,,O,,,,,단순 정보,
4117,철도산업정보센터,HOME > 철도역사관 > 철도통합연표,철도통합연표,공기업 최초로 청렴옴브즈만 제도 시행,,2006-08-03 00:00:00,미부착,,개방 가능,공공누리 1유형,,,O,,,,,단순 정보,
4118,철도산업정보센터,HOME > 철도역사관 > 철도통합연표,철도통합연표,KTX 특송서비스 개시,,2006-08-03 00:00:00,미부착,,개방 가능,공공누리 1유형,,,O,,,,,단순 정보,
4119,철도산업정보센터,HOME > 철도역사관 > 철도통합연표,철도통합연표,전자계약 우수기관 선정,,2006-08-11 00:00:00,미부착,,개방 가능,공공누리 1유형,,,O,,,,,단순 정보,
4120,철도산업정보센터,HOME > 철도역사관 > 철도통합연표,철도통합연표,도로확장에 따른 송정철도가도교 개량 공사 착공.(~2008년 3월 3일),,2006-08-21 00:00:00,미부착,,개방 가능,공공누리 1유형,,,O,,,,,단순 정보,
4121,철도산업정보센터,HOME > 철도역사관 > 철도통합연표,철도통합연표,철도경영정상화 방안 확정 발표,,2006-08-23 00:00:00,미부착,,개방 가능,공공누리 1유형,,,O,,,,,단순 정보,
4122,철도산업정보센터,HOME > 철도역사관 > 철도통합연표,철도통합연표,금곡 - 마석 구간 신선 이설,,2006-08-31 00:00:00,미부착,,개방 가능,공공누리 1유형,,,O,,,,,단순 정보,
4123,철도산업정보센터,HOME > 철도역사관 > 철도통합연표,철도통합연표,"을종대매소로 지정과 동시에 평내호평역으로 역명변경, 역사이설",,2006-08-31 00:00:00,미부착,,개방 가능,공공누리 1유형,,,O,,,,,단순 정보,
4124,철도산업정보센터,HOME > 철도역사관 > 철도통합연표,철도통합연표,실시설계완료 및 본공사 계약,,2006-09-00,미부착,,개방 가능,공공누리 1유형,,,O,,,,,단순 정보,
4125,철도산업정보센터,HOME > 철도역사관 > 철도통합연표,철도통합연표,실시계획 고시 및 보상시행 의뢰,,2006-09-00,미부착,,개방 가능,공공누리 1유형,,,O,,,,,단순 정보,
4126,철도산업정보센터,HOME > 철도역사관 > 철도통합연표,철도통합연표,민자사업 적격성조사 결과 제출(기획예산처),,2006-09-04 00:00:00,미부착,,개방 가능,공공누리 1유형,,,O,,,,,단순 정보,
4127,철도산업정보센터,HOME > 철도역사관 > 철도통합연표,철도통합연표,화물취급 중지,,2006-09-04 00:00:00,미부착,,개방 가능,공공누리 1유형,,,O,,,,,단순 정보,
4128,철도산업정보센터,HOME > 철도역사관 > 철도통합연표,철도통합연표,관광레저 특급열차 개조(Lady Bird) 완료 및 영업개시,,2006-09-19 00:00:00,미부착,,개방 가능,공공누리 1유형,,,O,,,,,단순 정보,
4129,철도산업정보센터,HOME > 철도역사관 > 철도통합연표,철도통합연표,반야월역사 등록문화재(제 270호)로 지정.,,2006-09-19 00:00:00,미부착,,개방 가능,공공누리 1유형,,,O,,,,,단순 정보,
4130,철도산업정보센터,HOME > 철도역사관 > 철도통합연표,철도통합연표,EPC 및 PM 계약체결,,2006-09-20 00:00:00,미부착,,개방 가능,공공누리 1유형,,,O,,,,,단순 정보,
4131,철도산업정보센터,HOME > 철도역사관 > 철도통합연표,철도통합연표,구미민자역사 준공.,,2006-09-26 00:00:00,미부착,,개방 가능,공공누리 1유형,,,O,,,,,단순 정보,
4132,철도산업정보센터,HOME > 철도역사관 > 철도통합연표,철도통합연표,율촌역사 근대문화재 지정예고,,2006-09-27 00:00:00,미부착,,개방 가능,공공누리 1유형,,,O,,,,,단순 정보,
4133,철도산업정보센터,HOME > 철도역사관 > 철도통합연표,철도통합연표,팔당역사 근대문화재 지정예고,,2006-09-27 00:00:00,미부착,,개방 가능,공공누리 1유형,,,O,,,,,단순 정보,
4134,철도산업정보센터,HOME > 철도역사관 > 철도통합연표,철도통합연표,동촌역사 근대문화재로 지정예고.,,2006-09-27 00:00:00,미부착,,개방 가능,공공누리 1유형,,,O,,,,,단순 정보,
4135,철도산업정보센터,HOME > 철도역사관 > 철도통합연표,철도통합연표,차내취급역으로 지정.,,2006-10-01 00:00:00,미부착,,개방 가능,공공누리 1유형,,,O,,,,,단순 정보,
4136,철도산업정보센터,HOME > 철도역사관 > 철도통합연표,철도통합연표,e-Ticket 서비스 시행,,2006-10-07 00:00:00,미부착,,개방 가능,공공누리 1유형,,,O,,,,,단순 정보,
4137,철도산업정보센터,HOME > 철도역사관 > 철도통합연표,철도통합연표,제14차 CCTST 서울총회 개최,,2006-10-07 00:00:00,미부착,,개방 가능,공공누리 1유형,,,O,,,,,단순 정보,
4138,철도산업정보센터,HOME > 철도역사관 > 철도통합연표,철도통합연표,제1차 아시아철도정상회의 개최,,2006-10-16 00:00:00,미부착,,개방 가능,공공누리 1유형,,,O,,,,,단순 정보,
4139,철도산업정보센터,HOME > 철도역사관 > 철도통합연표,철도통합연표,제9차 세계철도차량컨퍼런스 개최,,2006-10-17 00:00:00,미부착,,개방 가능,공공누리 1유형,,,O,,,,,단순 정보,
4140,철도산업정보센터,HOME > 철도역사관 > 철도통합연표,철도통합연표,금융약정 체결 국민은행 등,,2006-10-18 00:00:00,미부착,,개방 가능,공공누리 1유형,,,O,,,,,단순 정보,
4141,철도산업정보센터,HOME > 철도역사관 > 철도통합연표,철도통합연표,1단계 시험운전 완료,,2006-10-22 00:00:00,미부착,,개방 가능,공공누리 1유형,,,O,,,,,단순 정보,
4142,철도산업정보센터,HOME > 철도역사관 > 철도통합연표,철도통합연표,1단계 종합인터페이스 시험 시작,,2006-10-23 00:00:00,미부착,,개방 가능,공공누리 1유형,,,O,,,,,단순 정보,
4143,철도산업정보센터,HOME > 철도역사관 > 철도통합연표,철도통합연표,역사철거,,2006-10-25 00:00:00,미부착,,개방 가능,공공누리 1유형,,,O,,,,,단순 정보,
4144,철도산업정보센터,HOME > 철도역사관 > 철도통합연표,철도통합연표,KTX 1일 이용승객 15만명 돌파,,2006-10-29 00:00:00,미부착,,개방 가능,공공누리 1유형,,,O,,,,,단순 정보,
4145,철도산업정보센터,HOME > 철도역사관 > 철도통합연표,철도통합연표,적격성조사 결과 보고서 검토완료(공공투자관리센터),,2006-10-30 00:00:00,미부착,,개방 가능,공공누리 1유형,,,O,,,,,단순 정보,
4146,철도산업정보센터,HOME > 철도역사관 > 철도통합연표,철도통합연표,역사철거,,2006-10-31 00:00:00,미부착,,개방 가능,공공누리 1유형,,,O,,,,,단순 정보,
4147,철도산업정보센터,HOME > 철도역사관 > 철도통합연표,철도통합연표,함백역 역 건물 철거.,,2006-10-31 00:00:00,미부착,,개방 가능,공공누리 1유형,,,O,,,,,단순 정보,
4148,철도산업정보센터,HOME > 철도역사관 > 철도통합연표,철도통합연표,"통근열차 운행 종료, 경전선 열차 운행 종료.",,2006-10-31 00:00:00,미부착,,개방 가능,공공누리 1유형,,,O,,,,,단순 정보,
4149,철도산업정보센터,HOME > 철도역사관 > 철도통합연표,철도통합연표,다이어 개정에 따른 태백선 새마을호 폐지.,,2006-11-01 00:00:00,미부착,,개방 가능,공공누리 1유형,,,O,,,,,단순 정보,
4150,철도산업정보센터,HOME > 철도역사관 > 철도통합연표,철도통합연표,한일 선박(KOBEE)연계통합승차권 판매개시,,2006-11-01 00:00:00,미부착,,개방 가능,공공누리 1유형,,,O,,,,,단순 정보,
4151,철도산업정보센터,HOME > 철도역사관 > 철도통합연표,철도통합연표,진해선 통근열차 폐지.,,2006-11-01 00:00:00,미부착,,개방 가능,공공누리 1유형,,,O,,,,,단순 정보,
4152,철도산업정보센터,HOME > 철도역사관 > 철도통합연표,철도통합연표,매포 CY 영업개시.,,2006-11-01 00:00:00,미부착,,개방 가능,공공누리 1유형,,,O,,,,,단순 정보,
4153,철도산업정보센터,HOME > 철도역사관 > 철도통합연표,철도통합연표,무배치간이역으로 격하.,,2006-11-01 00:00:00,미부착,,개방 가능,공공누리 1유형,,,O,,,,,단순 정보,
4154,철도산업정보센터,HOME > 철도역사관 > 철도통합연표,철도통합연표,고모역 화물업무 이관.,,2006-11-01 00:00:00,미부착,,개방 가능,공공누리 1유형,,,O,,,,,단순 정보,
4155,철도산업정보센터,HOME > 철도역사관 > 철도통합연표,철도통합연표,일반열차 통과.,,2006-11-01 00:00:00,미부착,,개방 가능,공공누리 1유형,,,O,,,,,단순 정보,
4156,철도산업정보센터,HOME > 철도역사관 > 철도통합연표,철도통합연표,일반열차 통과,,2006-11-01 00:00:00,미부착,,개방 가능,공공누리 1유형,,,O,,,,,단순 정보,
4157,철도산업정보센터,HOME > 철도역사관 > 철도통합연표,철도통합연표,여객열차 통과,,2006-11-01 00:00:00,미부착,,개방 가능,공공누리 1유형,,,O,,,,,단순 정보,
4158,철도산업정보센터,HOME > 철도역사관 > 철도통합연표,철도통합연표,진해↔대구간 새마을호 운행개시,,2006-11-01 00:00:00,미부착,,개방 가능,공공누리 1유형,,,O,,,,,단순 정보,
4159,철도산업정보센터,HOME > 철도역사관 > 철도통합연표,철도통합연표,여객취급 중지,,2006-11-01 00:00:00,미부착,,개방 가능,공공누리 1유형,,,O,,,,,단순 정보,
4160,철도산업정보센터,HOME > 철도역사관 > 철도통합연표,철도통합연표,일반열차 통과,,2006-11-01 00:00:00,미부착,,개방 가능,공공누리 1유형,,,O,,,,,단순 정보,
4161,철도산업정보센터,HOME > 철도역사관 > 철도통합연표,철도통합연표,일반열차 통과,,2006-11-01 00:00:00,미부착,,개방 가능,공공누리 1유형,,,O,,,,,단순 정보,
4162,철도산업정보센터,HOME > 철도역사관 > 철도통합연표,철도통합연표,일반열차 통과,,2006-11-01 00:00:00,미부착,,개방 가능,공공누리 1유형,,,O,,,,,단순 정보,
4163,철도산업정보센터,HOME > 철도역사관 > 철도통합연표,철도통합연표,일반열차 통과,,2006-11-01 00:00:00,미부착,,개방 가능,공공누리 1유형,,,O,,,,,단순 정보,
4164,철도산업정보센터,HOME > 철도역사관 > 철도통합연표,철도통합연표,일반열차 통과,,2006-11-01 00:00:00,미부착,,개방 가능,공공누리 1유형,,,O,,,,,단순 정보,
4165,철도산업정보센터,HOME > 철도역사관 > 철도통합연표,철도통합연표,일반열차 통과,,2006-11-01 00:00:00,미부착,,개방 가능,공공누리 1유형,,,O,,,,,단순 정보,
4166,철도산업정보센터,HOME > 철도역사관 > 철도통합연표,철도통합연표,출자자 지분변경 승인,,2006-11-10 00:00:00,미부착,,개방 가능,공공누리 1유형,,,O,,,,,단순 정보,
4167,철도산업정보센터,HOME > 철도역사관 > 철도통합연표,철도통합연표,한국철도 축구단 K2리그 우승,,2006-11-13 00:00:00,미부착,,개방 가능,공공누리 1유형,,,O,,,,,단순 정보,
4168,철도산업정보센터,HOME > 철도역사관 > 철도통합연표,철도통합연표,"본사 조직, 인사혁신 단행",,2006-11-15 00:00:00,미부착,,개방 가능,공공누리 1유형,,,O,,,,,단순 정보,
4169,철도산업정보센터,HOME > 철도역사관 > 철도통합연표,철도통합연표,Eurail Speed 2005 참가 및 한국관 운영,,2006-11-15 00:00:00,미부착,,개방 가능,공공누리 1유형,,,O,,,,,단순 정보,
4170,철도산업정보센터,HOME > 철도역사관 > 철도통합연표,철도통합연표,화물취급 중지,,2006-11-15 00:00:00,미부착,,개방 가능,공공누리 1유형,,,O,,,,,단순 정보,
4171,철도산업정보센터,HOME > 철도역사관 > 철도통합연표,철도통합연표,화물취급 중지.,,2006-11-15 00:00:00,미부착,,개방 가능,공공누리 1유형,,,O,,,,,단순 정보,
4172,철도산업정보센터,HOME > 철도역사관 > 철도통합연표,철도통합연표,인적자원개발 우수기관 선정,,2006-11-21 00:00:00,미부착,,개방 가능,공공누리 1유형,,,O,,,,,단순 정보,
4173,철도산업정보센터,HOME > 철도역사관 > 철도통합연표,철도통합연표,Korail-Outreach 봉사팀 발족,,2006-11-30 00:00:00,미부착,,개방 가능,공공누리 1유형,,,O,,,,,단순 정보,
4174,철도산업정보센터,HOME > 철도역사관 > 철도통합연표,철도통합연표,철도기관 공동사옥 신축 기공,,2006-12-01 00:00:00,미부착,,개방 가능,공공누리 1유형,,,O,,,,,단순 정보,
4175,철도산업정보센터,HOME > 철도역사관 > 철도통합연표,철도통합연표,심천역사 등록문화재(제 297호)로 등록.,,2006-12-04 00:00:00,미부착,,개방 가능,공공누리 1유형,,,O,,,,,단순 정보,
4176,철도산업정보센터,HOME > 철도역사관 > 철도통합연표,철도통합연표,율촌역사 등록문화재(제 301호) 등록.,,2006-12-04 00:00:00,미부착,,개방 가능,공공누리 1유형,,,O,,,,,단순 정보,
4177,철도산업정보센터,HOME > 철도역사관 > 철도통합연표,철도통합연표,팔당역사 등록문화재(제 295호)로 지정.,,2006-12-04 00:00:00,미부착,,개방 가능,공공누리 1유형,,,O,,,,,단순 정보,
4178,철도산업정보센터,HOME > 철도역사관 > 철도통합연표,철도통합연표,구둔역사 등록문화재(제 296호)로 지정,,2006-12-04 00:00:00,미부착,,개방 가능,공공누리 1유형,,,O,,,,,단순 정보,
4179,철도산업정보센터,HOME > 철도역사관 > 철도통합연표,철도통합연표,청소역사 등록문화재(제 305호) 지정,,2006-12-04 00:00:00,미부착,,개방 가능,공공누리 1유형,,,O,,,,,단순 정보,
4180,철도산업정보센터,HOME > 철도역사관 > 철도통합연표,철도통합연표,일산역사 등록문화재 (제 294호)로 지정.,,2006-12-04 00:00:00,미부착,,개방 가능,공공누리 1유형,,,O,,,,,단순 정보,
4181,철도산업정보센터,HOME > 철도역사관 > 철도통합연표,철도통합연표,화랑대역사 등록문화재(제 300호)로 지정.,,2006-12-04 00:00:00,미부착,,개방 가능,공공누리 1유형,,,O,,,,,단순 정보,
4182,철도산업정보센터,HOME > 철도역사관 > 철도통합연표,철도통합연표,도경리역사 등록문화재(제 298호)로 지정.,,2006-12-04 00:00:00,미부착,,개방 가능,공공누리 1유형,,,O,,,,,단순 정보,
4183,철도산업정보센터,HOME > 철도역사관 > 철도통합연표,철도통합연표,송정역사 등록문화재(제 302호)로 지정.,,2006-12-04 00:00:00,미부착,,개방 가능,공공누리 1유형,,,O,,,,,단순 정보,
4184,철도산업정보센터,HOME > 철도역사관 > 철도통합연표,철도통합연표,남평역사 등록문화재(제 299호) 지정,,2006-12-04 00:00:00,미부착,,개방 가능,공공누리 1유형,,,O,,,,,단순 정보,
4185,철도산업정보센터,HOME > 철도역사관 > 철도통합연표,철도통합연표,가은역사 등록문화재(304호)로 지정.,,2006-12-04 00:00:00,미부착,,개방 가능,공공누리 1유형,,,O,,,,,단순 정보,
4186,철도산업정보센터,HOME > 철도역사관 > 철도통합연표,철도통합연표,동촌역사 등록문화재(제 303호)로 등록.,,2006-12-04 00:00:00,미부착,,개방 가능,공공누리 1유형,,,O,,,,,단순 정보,
4187,철도산업정보센터,HOME > 철도역사관 > 철도통합연표,철도통합연표,"스키관광열차(서울↔고한, 부산↔고한) 영업개시",,2006-12-05 00:00:00,미부착,,개방 가능,공공누리 1유형,,,O,,,,,단순 정보,
4188,철도산업정보센터,HOME > 철도역사관 > 철도통합연표,철도통합연표,와인트레인 영업개시,,2006-12-06 00:00:00,미부착,,개방 가능,공공누리 1유형,,,O,,,,,단순 정보,
4189,철도산업정보센터,HOME > 철도역사관 > 철도통합연표,철도통합연표,UIC집행위원회 기관으로 선출,,2006-12-07 00:00:00,미부착,,개방 가능,공공누리 1유형,,,O,,,,,단순 정보,
4190,철도산업정보센터,HOME > 철도역사관 > 철도통합연표,철도통합연표,"조치원 - 대전조차장, 옥천 - 신동 전철화 및 개량. 전구간 전철화 완료",,2006-12-08 00:00:00,미부착,,개방 가능,공공누리 1유형,,,O,,,,,단순 정보,
4191,철도산업정보센터,HOME > 철도역사관 > 철도통합연표,철도통합연표,경부선 전구간 전철 개통,,2006-12-08 00:00:00,미부착,,개방 가능,공공누리 1유형,,,O,,,,,단순 정보,
4192,철도산업정보센터,HOME > 철도역사관 > 철도통합연표,철도통합연표,경부선철도 전구간 전철화 완료,,2006-12-08 00:00:00,미부착,,개방 가능,공공누리 1유형,,,O,,,,,단순 정보,
4193,철도산업정보센터,HOME > 철도역사관 > 철도통합연표,철도통합연표,KTX 이용승객 5천만명 돌파,,2006-12-10 00:00:00,미부착,,개방 가능,공공누리 1유형,,,O,,,,,단순 정보,
4194,철도산업정보센터,HOME > 철도역사관 > 철도통합연표,철도통합연표,소요산~의정부 전철화,,2006-12-15 00:00:00,미부착,,개방 가능,공공누리 1유형,,,O,,,,,단순 정보,
4195,철도산업정보센터,HOME > 철도역사관 > 철도통합연표,철도통합연표,경원선(의정부~동두천) 복선 전철 개통,,2006-12-15 00:00:00,미부착,,개방 가능,공공누리 1유형,,,O,,,,,단순 정보,
4196,철도산업정보센터,HOME > 철도역사관 > 철도통합연표,철도통합연표,의정부-소요산 전철 개통,,2006-12-15 00:00:00,미부착,,개방 가능,공공누리 1유형,,,O,,,,,단순 정보,
4197,철도산업정보센터,HOME > 철도역사관 > 철도통합연표,철도통합연표,"경원선 광역 전철화 연장(의정부-소요산) 및 KTX 광명 셔틀 운행 개시(종착역 용산역·광명역), 의정부북부역을 가능역으로 역명 변경",,2006-12-15 00:00:00,미부착,,개방 가능,공공누리 1유형,,,O,,,,,단순 정보,
4198,철도산업정보센터,HOME > 철도역사관 > 철도통합연표,철도통합연표,무배치간이역(위탁발매소) 영업개시,,2006-12-15 00:00:00,미부착,,개방 가능,공공누리 1유형,,,O,,,,,단순 정보,
4199,철도산업정보센터,HOME > 철도역사관 > 철도통합연표,철도통합연표,폐역,,2006-12-15 00:00:00,미부착,,개방 가능,공공누리 1유형,,,O,,,,,단순 정보,
4200,철도산업정보센터,HOME > 철도역사관 > 철도통합연표,철도통합연표,신호장으로 개역,,2006-12-15 00:00:00,미부착,,개방 가능,공공누리 1유형,,,O,,,,,단순 정보,
4201,철도산업정보센터,HOME > 철도역사관 > 철도통합연표,철도통합연표,시흥~광명간 셔틀열차를 운행개시,,2006-12-15 00:00:00,미부착,,개방 가능,공공누리 1유형,,,O,,,,,단순 정보,
4202,철도산업정보센터,HOME > 철도역사관 > 철도통합연표,철도통합연표,의정부북부-소요산간 복선전철화로 경원선 통근열차 시종착역 변경,,2006-12-15 00:00:00,미부착,,개방 가능,공공누리 1유형,,,O,,,,,단순 정보,
4203,철도산업정보센터,HOME > 철도역사관 > 철도통합연표,철도통합연표,역명변경(의정부북부→가능),,2006-12-15 00:00:00,미부착,,개방 가능,공공누리 1유형,,,O,,,,,단순 정보,
4204,철도산업정보센터,HOME > 철도역사관 > 철도통합연표,철도통합연표,"의정부북부~소요산간 수도권전철 개통으로 보통역승격, 수도권전철만 정차",,2006-12-15 00:00:00,미부착,,개방 가능,공공누리 1유형,,,O,,,,,단순 정보,
4205,철도산업정보센터,HOME > 철도역사관 > 철도통합연표,철도통합연표,수도권전철 운행개시,,2006-12-15 00:00:00,미부착,,개방 가능,공공누리 1유형,,,O,,,,,단순 정보,
4206,철도산업정보센터,HOME > 철도역사관 > 철도통합연표,철도통합연표,역명변경(동두천→동두천중앙),,2006-12-15 00:00:00,미부착,,개방 가능,공공누리 1유형,,,O,,,,,단순 정보,
4207,철도산업정보센터,HOME > 철도역사관 > 철도통합연표,철도통합연표,경원선 복선전철화로 수도권전철 운행개시 및 역명변경(동안→동두천)경원선 통근열차 시종착역으로 지정,,2006-12-15 00:00:00,미부착,,개방 가능,공공누리 1유형,,,O,,,,,단순 정보,
4208,철도산업정보센터,HOME > 철도역사관 > 철도통합연표,철도통합연표,"수도권전철 운행개시 및 역사준공, 보통역으로 승격",,2006-12-15 00:00:00,미부착,,개방 가능,공공누리 1유형,,,O,,,,,단순 정보,
4209,철도산업정보센터,HOME > 철도역사관 > 철도통합연표,철도통합연표,의정부북부역를 가능역으로 개칭.,,2006-12-15 00:00:00,미부착,,개방 가능,공공누리 1유형,,,O,,,,,단순 정보,
4210,철도산업정보센터,HOME > 철도역사관 > 철도통합연표,철도통합연표,광명역 연계셔틀 전철 운행개시,,2006-12-15 00:00:00,미부착,,개방 가능,공공누리 1유형,,,O,,,,,단순 정보,
4211,철도산업정보센터,HOME > 철도역사관 > 철도통합연표,철도통합연표,중앙선 청량리-덕소 전철 운행개시,,2006-12-16 00:00:00,미부착,,개방 가능,공공누리 1유형,,,O,,,,,단순 정보,
4212,철도산업정보센터,HOME > 철도역사관 > 철도통합연표,철도통합연표,제3자 공고(안) 민간투자사업심의위원회 심의(기획예산처),,2006-12-20 00:00:00,미부착,,개방 가능,공공누리 1유형,,,O,,,,,단순 정보,
4213,철도산업정보센터,HOME > 철도역사관 > 철도통합연표,철도통합연표,철도교통관제센터 개통,,2006-12-21 00:00:00,미부착,,개방 가능,공공누리 1유형,,,O,,,,,단순 정보,
4214,철도산업정보센터,HOME > 철도역사관 > 철도통합연표,철도통합연표,철도교통관제센터 출범,,2006-12-21 00:00:00,미부착,,개방 가능,공공누리 1유형,,,O,,,,,단순 정보,
4215,철도산업정보센터,HOME > 철도역사관 > 철도통합연표,철도통합연표,중앙선 덕소-팔당 복선전철,,2006-12-21 00:00:00,미부착,,개방 가능,공공누리 1유형,,,O,,,,,단순 정보,
4216,철도산업정보센터,HOME > 철도역사관 > 철도통합연표,철도통합연표,제3자 공고,,2006-12-29 00:00:00,미부착,,개방 가능,공공누리 1유형,,,O,,,,,단순 정보,
4217,철도산업정보센터,HOME > 철도역사관 > 철도통합연표,철도통합연표,무배치간이역으로 격하,,2007-00-00,미부착,,개방 가능,공공누리 1유형,,,O,,,,,단순 정보,
4218,철도산업정보센터,HOME > 철도역사관 > 철도통합연표,철도통합연표,공사발주,,2007-01-00,미부착,,개방 가능,공공누리 1유형,,,O,,,,,단순 정보,
4219,철도산업정보센터,HOME > 철도역사관 > 철도통합연표,철도통합연표,무배치간이역으로 격하,,2007-01-01 00:00:00,미부착,,개방 가능,공공누리 1유형,,,O,,,,,단순 정보,
4220,철도산업정보센터,HOME > 철도역사관 > 철도통합연표,철도통합연표,이성권 이사장 취임,,2007-01-01 00:00:00,미부착,,개방 가능,공공누리 1유형,,,O,,,,,단순 정보,
4221,철도산업정보센터,HOME > 철도역사관 > 철도통합연표,철도통합연표,경영혁신 ERP시스템 개통운영,,2007-01-02 00:00:00,미부착,,개방 가능,공공누리 1유형,,,O,,,,,단순 정보,
4222,철도산업정보센터,HOME > 철도역사관 > 철도통합연표,철도통합연표,예비준비시운전 착수,,2007-01-06 00:00:00,미부착,,개방 가능,공공누리 1유형,,,O,,,,,단순 정보,
4223,철도산업정보센터,HOME > 철도역사관 > 철도통합연표,철도통합연표,컨테이너화물 영업개시,,2007-01-15 00:00:00,미부착,,개방 가능,공공누리 1유형,,,O,,,,,단순 정보,
4224,철도산업정보센터,HOME > 철도역사관 > 철도통합연표,철도통합연표,"국제신용 평가등급 획득(Moody's: A3, S&P: A)",,2007-01-16 00:00:00,미부착,,개방 가능,공공누리 1유형,,,O,,,,,단순 정보,
4225,철도산업정보센터,HOME > 철도역사관 > 철도통합연표,철도통합연표,무배치간이역으로 격하,,2007-01-17 00:00:00,미부착,,개방 가능,공공누리 1유형,,,O,,,,,단순 정보,
4226,철도산업정보센터,HOME > 철도역사관 > 철도통합연표,철도통합연표,KTX와 제주행 선박크루즈 연계통합 이용권 발매,,2007-01-18 00:00:00,미부착,,개방 가능,공공누리 1유형,,,O,,,,,단순 정보,
4227,철도산업정보센터,HOME > 철도역사관 > 철도통합연표,철도통합연표,영업시운전 착수,,2007-02-03 00:00:00,미부착,,개방 가능,공공누리 1유형,,,O,,,,,단순 정보,
4228,철도산업정보센터,HOME > 철도역사관 > 철도통합연표,철도통합연표,제5대 오세완 감사 취임,,2007-02-05 00:00:00,미부착,,개방 가능,공공누리 1유형,,,O,,,,,단순 정보,
4229,철도산업정보센터,HOME > 철도역사관 > 철도통합연표,철도통합연표,말레이시아 전동차 개량/보수사업 수주계약 체결,,2007-02-13 00:00:00,미부착,,개방 가능,공공누리 1유형,,,O,,,,,단순 정보,
4230,철도산업정보센터,HOME > 철도역사관 > 철도통합연표,철도통합연표,공식 시승행사 시작(~3/15),,2007-02-21 00:00:00,미부착,,개방 가능,공공누리 1유형,,,O,,,,,단순 정보,
4231,철도산업정보센터,HOME > 철도역사관 > 철도통합연표,철도통합연표,건설교통부와 총사업비 협의 및 시공발주 준비,,2007-03-00,미부착,,개방 가능,공공누리 1유형,,,O,,,,,단순 정보,
4232,철도산업정보센터,HOME > 철도역사관 > 철도통합연표,철도통합연표,전기기관차 운행개시,,2007-03-01 00:00:00,미부착,,개방 가능,공공누리 1유형,,,O,,,,,단순 정보,
4233,철도산업정보센터,HOME > 철도역사관 > 철도통합연표,철도통합연표,KR New 비전 2010 선포,,2007-03-02 00:00:00,미부착,,개방 가능,공공누리 1유형,,,O,,,,,단순 정보,
4234,철도산업정보센터,HOME > 철도역사관 > 철도통합연표,철도통합연표,역명개정(儀旺→義王),,2007-03-06 00:00:00,미부착,,개방 가능,공공누리 1유형,,,O,,,,,단순 정보,
4235,철도산업정보센터,HOME > 철도역사관 > 철도통합연표,철도통합연표,등록문화재로 지정예고,,2007-03-08 00:00:00,미부착,,개방 가능,공공누리 1유형,,,O,,,,,단순 정보,
4236,철도산업정보센터,HOME > 철도역사관 > 철도통합연표,철도통합연표,청주CY영업개시,,2007-03-09 00:00:00,미부착,,개방 가능,공공누리 1유형,,,O,,,,,단순 정보,
4237,철도산업정보센터,HOME > 철도역사관 > 철도통합연표,철도통합연표,계양 - 귤현간 연장개통,,2007-03-16 00:00:00,미부착,,개방 가능,공공누리 1유형,,,O,,,,,단순 정보,
4238,철도산업정보센터,HOME > 철도역사관 > 철도통합연표,철도통합연표,계양역 개통,,2007-03-16 00:00:00,미부착,,개방 가능,공공누리 1유형,,,O,,,,,단순 정보,
4239,철도산업정보센터,HOME > 철도역사관 > 철도통합연표,철도통합연표,김포공항-인천국제공항 간 개통,,2007-03-23 00:00:00,미부착,,개방 가능,공공누리 1유형,,,O,,,,,단순 정보,
4240,철도산업정보센터,HOME > 철도역사관 > 철도통합연표,철도통합연표,1단계구간(인천국제공항역~김포공항역) 개통,,2007-03-23 00:00:00,미부착,,개방 가능,공공누리 1유형,,,O,,,,,단순 정보,
4241,철도산업정보센터,HOME > 철도역사관 > 철도통합연표,철도통합연표,인천국제공항철도 1단계 개통(40.3km),,2007-03-23 00:00:00,미부착,,개방 가능,공공누리 1유형,,,O,,,,,단순 정보,
4242,철도산업정보센터,HOME > 철도역사관 > 철도통합연표,철도통합연표,천안~온양온천 구간 신선로로 이전,,2007-03-30 00:00:00,미부착,,개방 가능,공공누리 1유형,,,O,,,,,단순 정보,
4243,철도산업정보센터,HOME > 철도역사관 > 철도통합연표,철도통합연표,천안~온양온천 단선 비전철(16.2km) 개통,,2007-03-30 00:00:00,미부착,,개방 가능,공공누리 1유형,,,O,,,,,단순 정보,
4244,철도산업정보센터,HOME > 철도역사관 > 철도통합연표,철도통합연표,보통역으로 영업개시,,2007-03-30 00:00:00,미부착,,개방 가능,공공누리 1유형,,,O,,,,,단순 정보,
4245,철도산업정보센터,HOME > 철도역사관 > 철도통합연표,철도통합연표,장항선 아산역과 환승통로 설치,,2007-03-30 00:00:00,미부착,,개방 가능,공공누리 1유형,,,O,,,,,단순 정보,
4246,철도산업정보센터,HOME > 철도역사관 > 철도통합연표,철도통합연표,역사이설과 함께 역명변경(모산→배방),,2007-03-30 00:00:00,미부착,,개방 가능,공공누리 1유형,,,O,,,,,단순 정보,
4247,철도산업정보센터,HOME > 철도역사관 > 철도통합연표,철도통합연표,실시계획 승인 신청 의정부시,,2007-04-13 00:00:00,미부착,,개방 가능,공공누리 1유형,,,O,,,,,단순 정보,
4248,철도산업정보센터,HOME > 철도역사관 > 철도통합연표,철도통합연표,(정부청사 ~ 반석) 개통,,2007-04-17 00:00:00,미부착,,개방 가능,공공누리 1유형,,,O,,,,,단순 정보,
4249,철도산업정보센터,HOME > 철도역사관 > 철도통합연표,철도통합연표,도시철도 1호선 완전(판암역∼반석역) 개통,,2007-04-17 00:00:00,미부착,,개방 가능,공공누리 1유형,,,O,,,,,단순 정보,
4250,철도산업정보센터,HOME > 철도역사관 > 철도통합연표,철도통합연표,3년 연속 대한민국서비스만족대상 수상,,2007-04-19 00:00:00,미부착,,개방 가능,공공누리 1유형,,,O,,,,,단순 정보,
4251,철도산업정보센터,HOME > 철도역사관 > 철도통합연표,철도통합연표,KTX 고객 1억명 돌파,,2007-04-23 00:00:00,미부착,,개방 가능,공공누리 1유형,,,O,,,,,단순 정보,
4252,철도산업정보센터,HOME > 철도역사관 > 철도통합연표,철도통합연표,사업계획서 접수,,2007-04-27 00:00:00,미부착,,개방 가능,공공누리 1유형,,,O,,,,,단순 정보,
4253,철도산업정보센터,HOME > 철도역사관 > 철도통합연표,철도통합연표,등록문화재(제 326호)로 지정,,2007-04-30 00:00:00,미부착,,개방 가능,공공누리 1유형,,,O,,,,,단순 정보,
4254,철도산업정보센터,HOME > 철도역사관 > 철도통합연표,철도통합연표,남북철도 연결구간(경의선) 열차시험운행,,2007-05-00,미부착,,개방 가능,공공누리 1유형,,,O,,,,,단순 정보,
4255,철도산업정보센터,HOME > 철도역사관 > 철도통합연표,철도통합연표,남북철도 연결구간(동해선) 열차시험운행,,2007-05-00,미부착,,개방 가능,공공누리 1유형,,,O,,,,,단순 정보,
4256,철도산업정보센터,HOME > 철도역사관 > 철도통합연표,철도통합연표,화물취급 중지,,2007-05-01 00:00:00,미부착,,개방 가능,공공누리 1유형,,,O,,,,,단순 정보,
4257,철도산업정보센터,HOME > 철도역사관 > 철도통합연표,철도통합연표,윤리경영 선포식,,2007-05-02 00:00:00,미부착,,개방 가능,공공누리 1유형,,,O,,,,,단순 정보,
4258,철도산업정보센터,HOME > 철도역사관 > 철도통합연표,철도통합연표,정선선 관광열차(서울~정선 새마을호)에 MTB열차 운행 개시,,2007-05-05 00:00:00,미부착,,개방 가능,공공누리 1유형,,,O,,,,,단순 정보,
4259,철도산업정보센터,HOME > 철도역사관 > 철도통합연표,철도통합연표,경의선 남북 연결 구간 (문산 - 개성) 간의 시험 운전,,2007-05-17 00:00:00,미부착,,개방 가능,공공누리 1유형,,,O,,,,,단순 정보,
4260,철도산업정보센터,HOME > 철도역사관 > 철도통합연표,철도통합연표,제진-온정리 구간에서 열차시험운행 실시,,2007-05-17 00:00:00,미부착,,개방 가능,공공누리 1유형,,,O,,,,,단순 정보,
4261,철도산업정보센터,HOME > 철도역사관 > 철도통합연표,철도통합연표,이용승객 300억명 돌파,,2007-05-22 00:00:00,미부착,,개방 가능,공공누리 1유형,,,O,,,,,단순 정보,
4262,철도산업정보센터,HOME > 철도역사관 > 철도통합연표,철도통합연표,운임 특별할인 시행,,2007-05-24 00:00:00,미부착,,개방 가능,공공누리 1유형,,,O,,,,,단순 정보,
4263,철도산업정보센터,HOME > 철도역사관 > 철도통합연표,철도통합연표,우선협상대상자 지정 가칭)우이신설지하경전철주식회사(포스코건설 등 17개사 컨소시엄),,2007-05-28 00:00:00,미부착,,개방 가능,공공누리 1유형,,,O,,,,,단순 정보,
4264,철도산업정보센터,HOME > 철도역사관 > 철도통합연표,철도통합연표,일반열차 통과.,,2007-06-01 00:00:00,미부착,,개방 가능,공공누리 1유형,,,O,,,,,단순 정보,
4265,철도산업정보센터,HOME > 철도역사관 > 철도통합연표,철도통합연표,일반열차 통과,,2007-06-01 00:00:00,미부착,,개방 가능,공공누리 1유형,,,O,,,,,단순 정보,
4266,철도산업정보센터,HOME > 철도역사관 > 철도통합연표,철도통합연표,KTX정차 개시(12왕복),,2007-06-01 00:00:00,미부착,,개방 가능,공공누리 1유형,,,O,,,,,단순 정보,
4267,철도산업정보센터,HOME > 철도역사관 > 철도통합연표,철도통합연표,여객열차 통과,,2007-06-01 00:00:00,미부착,,개방 가능,공공누리 1유형,,,O,,,,,단순 정보,
4268,철도산업정보센터,HOME > 철도역사관 > 철도통합연표,철도통합연표,여객취급 중지.,,2007-06-01 00:00:00,미부착,,개방 가능,공공누리 1유형,,,O,,,,,단순 정보,
4269,철도산업정보센터,HOME > 철도역사관 > 철도통합연표,철도통합연표,여객취급 중지,,2007-06-01 00:00:00,미부착,,개방 가능,공공누리 1유형,,,O,,,,,단순 정보,
4270,철도산업정보센터,HOME > 철도역사관 > 철도통합연표,철도통합연표,일반열차 통과 및 무배치간이역 격하,,2007-06-01 00:00:00,미부착,,개방 가능,공공누리 1유형,,,O,,,,,단순 정보,
4271,철도산업정보센터,HOME > 철도역사관 > 철도통합연표,철도통합연표,일반열차 통과.,,2007-06-01 00:00:00,미부착,,개방 가능,공공누리 1유형,,,O,,,,,단순 정보,
4272,철도산업정보센터,HOME > 철도역사관 > 철도통합연표,철도통합연표,전산승차권 단말기 철거,,2007-06-18 00:00:00,미부착,,개방 가능,공공누리 1유형,,,O,,,,,단순 정보,
4273,철도산업정보센터,HOME > 철도역사관 > 철도통합연표,철도통합연표,차량시스템 디자인 확정,,2007-06-28 00:00:00,미부착,,개방 가능,공공누리 1유형,,,O,,,,,단순 정보,
4274,철도산업정보센터,HOME > 철도역사관 > 철도통합연표,철도통합연표,정부경영평가 3년연속 1위,,2007-07-00,미부착,,개방 가능,공공누리 1유형,,,O,,,,,단순 정보,
4275,철도산업정보센터,HOME > 철도역사관 > 철도통합연표,철도통합연표,역광장 포장,,2007-07-01 00:00:00,미부착,,개방 가능,공공누리 1유형,,,O,,,,,단순 정보,
4276,철도산업정보센터,HOME > 철도역사관 > 철도통합연표,철도통합연표,하고사리역사 등록문화재(제 336호)로 지정,,2007-07-03 00:00:00,미부착,,개방 가능,공공누리 1유형,,,O,,,,,단순 정보,
4277,철도산업정보센터,HOME > 철도역사관 > 철도통합연표,철도통합연표,강릉-삼척간 바다열차 운행개시,,2007-07-24 00:00:00,미부착,,개방 가능,공공누리 1유형,,,O,,,,,단순 정보,
4278,철도산업정보센터,HOME > 철도역사관 > 철도통합연표,철도통합연표,강릉~삼척간 바다열차 운행 개시.,,2007-07-25 00:00:00,미부착,,개방 가능,공공누리 1유형,,,O,,,,,단순 정보,
4279,철도산업정보센터,HOME > 철도역사관 > 철도통합연표,철도통합연표,의정부경전철 건설사업 기공식,,2007-07-26 00:00:00,미부착,,개방 가능,공공누리 1유형,,,O,,,,,단순 정보,
4280,철도산업정보센터,HOME > 철도역사관 > 철도통합연표,철도통합연표,실시계획 승인 (의정부시 고시 제2007호-859호),,2007-07-30 00:00:00,미부착,,개방 가능,공공누리 1유형,,,O,,,,,단순 정보,
4281,철도산업정보센터,HOME > 철도역사관 > 철도통합연표,철도통합연표,건설공사 착수,,2007-08-28 00:00:00,미부착,,개방 가능,공공누리 1유형,,,O,,,,,단순 정보,
4282,철도산업정보센터,HOME > 철도역사관 > 철도통합연표,철도통합연표,2007년 노사문화 우수기업 선정,,2007-09-18 00:00:00,미부착,,개방 가능,공공누리 1유형,,,O,,,,,단순 정보,
4283,철도산업정보센터,HOME > 철도역사관 > 철도통합연표,철도통합연표,무배치간이역으로 격하,,2007-10-01 00:00:00,미부착,,개방 가능,공공누리 1유형,,,O,,,,,단순 정보,
4284,철도산업정보센터,HOME > 철도역사관 > 철도통합연표,철도통합연표,무배치간이역으로 변경,,2007-10-01 00:00:00,미부착,,개방 가능,공공누리 1유형,,,O,,,,,단순 정보,
4285,철도산업정보센터,HOME > 철도역사관 > 철도통합연표,철도통합연표,도시철도사업 면허증 경기도,,2007-10-18 00:00:00,미부착,,개방 가능,공공누리 1유형,,,O,,,,,단순 정보,
4286,철도산업정보센터,HOME > 철도역사관 > 철도통합연표,철도통합연표,임시승강장으로 개역,,2007-10-19 00:00:00,미부착,,개방 가능,공공누리 1유형,,,O,,,,,단순 정보,
4287,철도산업정보센터,HOME > 철도역사관 > 철도통합연표,철도통합연표,경의선복선전철화공사로 화물취급 중지,,2007-10-25 00:00:00,미부착,,개방 가능,공공누리 1유형,,,O,,,,,단순 정보,
4288,철도산업정보센터,HOME > 철도역사관 > 철도통합연표,철도통합연표,화물취급 중지,,2007-11-01 00:00:00,미부착,,개방 가능,공공누리 1유형,,,O,,,,,단순 정보,
4289,철도산업정보센터,HOME > 철도역사관 > 철도통합연표,철도통합연표,화물취급 중지.,,2007-11-01 00:00:00,미부착,,개방 가능,공공누리 1유형,,,O,,,,,단순 정보,
4290,철도산업정보센터,HOME > 철도역사관 > 철도통합연표,철도통합연표,무배치간이역으로 격하,,2007-11-01 00:00:00,미부착,,개방 가능,공공누리 1유형,,,O,,,,,단순 정보,
4291,철도산업정보센터,HOME > 철도역사관 > 철도통합연표,철도통합연표,왕십리~선릉간 한강하저터널 관통,,2007-11-08 00:00:00,미부착,,개방 가능,공공누리 1유형,,,O,,,,,단순 정보,
4292,철도산업정보센터,HOME > 철도역사관 > 철도통합연표,철도통합연표,경의선 복선전철화 공사로 화물취급 일시 중지,,2007-11-15 00:00:00,미부착,,개방 가능,공공누리 1유형,,,O,,,,,단순 정보,
4293,철도산업정보센터,HOME > 철도역사관 > 철도통합연표,철도통합연표,북한 판문역간 화물열차 운행개시,,2007-12-11 00:00:00,미부착,,개방 가능,공공누리 1유형,,,O,,,,,단순 정보,
4294,철도산업정보센터,HOME > 철도역사관 > 철도통합연표,철도통합연표,무배치간이역으로 격하,,2007-12-15 00:00:00,미부착,,개방 가능,공공누리 1유형,,,O,,,,,단순 정보,
4295,철도산업정보센터,HOME > 철도역사관 > 철도통합연표,철도통합연표,"온양온천~신례원, 주포~남포 구간 직선화, 또 그에 따른 도고온천역, 장재역(현 아산역)이전",,2007-12-21 00:00:00,미부착,,개방 가능,공공누리 1유형,,,O,,,,,단순 정보,
4296,철도산업정보센터,HOME > 철도역사관 > 철도통합연표,철도통합연표,무배치간이역으로 격하,,2007-12-21 00:00:00,미부착,,개방 가능,공공누리 1유형,,,O,,,,,단순 정보,
4297,철도산업정보센터,HOME > 철도역사관 > 철도통합연표,철도통합연표,역사이전,,2007-12-21 00:00:00,미부착,,개방 가능,공공누리 1유형,,,O,,,,,단순 정보,
4298,철도산업정보센터,HOME > 철도역사관 > 철도통합연표,철도통합연표,역이설,,2007-12-21 00:00:00,미부착,,개방 가능,공공누리 1유형,,,O,,,,,단순 정보,
4299,철도산업정보센터,HOME > 철도역사관 > 철도통합연표,철도통합연표,장항선 개량공사로 타는곳 변경,,2007-12-21 00:00:00,미부착,,개방 가능,공공누리 1유형,,,O,,,,,단순 정보,
4300,철도산업정보센터,HOME > 철도역사관 > 철도통합연표,철도통합연표,장항선 개량공사로 현재의 위치로 이전,,2007-12-21 00:00:00,미부착,,개방 가능,공공누리 1유형,,,O,,,,,단순 정보,
4301,철도산업정보센터,HOME > 철도역사관 > 철도통합연표,철도통합연표,오리~죽전 부분개통(1.8km),,2007-12-24 00:00:00,미부착,,개방 가능,공공누리 1유형,,,O,,,,,단순 정보,
4302,철도산업정보센터,HOME > 철도역사관 > 철도통합연표,철도통합연표,죽전역 개통,,2007-12-24 00:00:00,미부착,,개방 가능,공공누리 1유형,,,O,,,,,단순 정보,
4303,철도산업정보센터,HOME > 철도역사관 > 철도통합연표,철도통합연표,"중앙선 덕소역-팔당역 구간 복선전철개통, 광역 전철 운행 구간 연장 및 이 광역 전철의 안내명을 (수도권 전철) 중앙선으로 확정지음.",,2007-12-27 00:00:00,미부착,,개방 가능,공공누리 1유형,,,O,,,,,단순 정보,
4304,철도산업정보센터,HOME > 철도역사관 > 철도통합연표,철도통합연표,덕소 - 팔당 간 연장 개통과 동시에 8량 1편성으로 전환,,2007-12-27 00:00:00,미부착,,개방 가능,공공누리 1유형,,,O,,,,,단순 정보,
4305,철도산업정보센터,HOME > 철도역사관 > 철도통합연표,철도통합연표,중앙선 덕소~팔당 부분개통(5.2km),,2007-12-27 00:00:00,미부착,,개방 가능,공공누리 1유형,,,O,,,,,단순 정보,
4306,철도산업정보센터,HOME > 철도역사관 > 철도통합연표,철도통합연표,중앙선 복선전철화 개통으로 무배치간이역(위탁발매소)으로 영업개시,,2007-12-27 00:00:00,미부착,,개방 가능,공공누리 1유형,,,O,,,,,단순 정보,
4307,철도산업정보센터,HOME > 철도역사관 > 철도통합연표,철도통합연표,수도권 광역전철 연장개통.,,2007-12-27 00:00:00,미부착,,개방 가능,공공누리 1유형,,,O,,,,,단순 정보,
4308,철도산업정보센터,HOME > 철도역사관 > 철도통합연표,철도통합연표,장항선 개량 부분개통(44.8km),,2007-12-28 00:00:00,미부착,,개방 가능,공공누리 1유형,,,O,,,,,단순 정보,
4309,철도산업정보센터,HOME > 철도역사관 > 철도통합연표,철도통합연표,영업개시,,2007-12-28 00:00:00,미부착,,개방 가능,공공누리 1유형,,,O,,,,,단순 정보,
4310,철도산업정보센터,HOME > 철도역사관 > 철도통합연표,철도통합연표,역명변경(주내→양주),,2007-12-28 00:00:00,미부착,,개방 가능,공공누리 1유형,,,O,,,,,단순 정보,
4311,철도산업정보센터,HOME > 철도역사관 > 철도통합연표,철도통합연표,주내를 양주로 개칭,,2007-12-28 00:00:00,미부착,,개방 가능,공공누리 1유형,,,O,,,,,단순 정보,
4312,철도산업정보센터,HOME > 철도역사관 > 철도통합연표,철도통합연표,덕계역 개통,,2007-12-28 00:00:00,미부착,,개방 가능,공공누리 1유형,,,O,,,,,단순 정보,
4313,철도산업정보센터,HOME > 철도역사관 > 철도통합연표,철도통합연표,경원선 덕계역 개통,,2007-12-28 00:00:00,미부착,,개방 가능,공공누리 1유형,,,O,,,,,단순 정보,
4314,철도산업정보센터,HOME > 철도역사관 > 철도통합연표,철도통합연표,주내역을 양주역으로 역명 변경,,2007-12-28 00:00:00,미부착,,개방 가능,공공누리 1유형,,,O,,,,,단순 정보,
4315,철도산업정보센터,HOME > 철도역사관 > 철도통합연표,철도통합연표,간이역 격하,,2007-12-30 00:00:00,미부착,,개방 가능,공공누리 1유형,,,O,,,,,단순 정보,
4316,철도산업정보센터,HOME > 철도역사관 > 철도통합연표,철도통합연표,무배치간이역격하.,,2007-12-30 00:00:00,미부착,,개방 가능,공공누리 1유형,,,O,,,,,단순 정보,
4317,철도산업정보센터,HOME > 철도역사관 > 철도통합연표,철도통합연표,전철화 완료,,2008-00-00,미부착,,개방 가능,공공누리 1유형,,,O,,,,,단순 정보,
4318,철도산업정보센터,HOME > 철도역사관 > 철도통합연표,철도통합연표,역이설(덕양구 내곡동→일산동구 산황동),,2008-00-00,미부착,,개방 가능,공공누리 1유형,,,O,,,,,단순 정보,
4319,철도산업정보센터,HOME > 철도역사관 > 철도통합연표,철도통합연표,"장항~군산~대야 구간 개통 및 군산선 대야~익산 구간 편입. 장항역, 군산역 이전",,2008-01-01 00:00:00,미부착,,개방 가능,공공누리 1유형,,,O,,,,,단순 정보,
4320,철도산업정보센터,HOME > 철도역사관 > 철도통합연표,철도통합연표,"정선선 전용 통근열차 객차 운행 중지, 제천~증산~아우라지 무궁화호 운행개시.",,2008-01-01 00:00:00,미부착,,개방 가능,공공누리 1유형,,,O,,,,,단순 정보,
4321,철도산업정보센터,HOME > 철도역사관 > 철도통합연표,철도통합연표,장항선-군산선 직결로 영업개시,,2008-01-01 00:00:00,미부착,,개방 가능,공공누리 1유형,,,O,,,,,단순 정보,
4322,철도산업정보센터,HOME > 철도역사관 > 철도통합연표,철도통합연표,폐역,,2008-01-01 00:00:00,미부착,,개방 가능,공공누리 1유형,,,O,,,,,단순 정보,
4323,철도산업정보센터,HOME > 철도역사관 > 철도통합연표,철도통합연표,폐역,,2008-01-01 00:00:00,미부착,,개방 가능,공공누리 1유형,,,O,,,,,단순 정보,
4324,철도산업정보센터,HOME > 철도역사관 > 철도통합연표,철도통합연표,폐역,,2008-01-01 00:00:00,미부착,,개방 가능,공공누리 1유형,,,O,,,,,단순 정보,
4325,철도산업정보센터,HOME > 철도역사관 > 철도통합연표,철도통합연표,폐역,,2008-01-01 00:00:00,미부착,,개방 가능,공공누리 1유형,,,O,,,,,단순 정보,
4326,철도산업정보센터,HOME > 철도역사관 > 철도통합연표,철도통합연표,폐역,,2008-01-01 00:00:00,미부착,,개방 가능,공공누리 1유형,,,O,,,,,단순 정보,
4327,철도산업정보센터,HOME > 철도역사관 > 철도통합연표,철도통합연표,폐역,,2008-01-01 00:00:00,미부착,,개방 가능,공공누리 1유형,,,O,,,,,단순 정보,
4328,철도산업정보센터,HOME > 철도역사관 > 철도통합연표,철도통합연표,폐역,,2008-01-01 00:00:00,미부착,,개방 가능,공공누리 1유형,,,O,,,,,단순 정보,
4329,철도산업정보센터,HOME > 철도역사관 > 철도통합연표,철도통합연표,폐역,,2008-01-01 00:00:00,미부착,,개방 가능,공공누리 1유형,,,O,,,,,단순 정보,
4330,철도산업정보센터,HOME > 철도역사관 > 철도통합연표,철도통합연표,장항선 직선화로 영업개시,,2008-01-01 00:00:00,미부착,,개방 가능,공공누리 1유형,,,O,,,,,단순 정보,
4331,철도산업정보센터,HOME > 철도역사관 > 철도통합연표,철도통합연표,폐역,,2008-01-01 00:00:00,미부착,,개방 가능,공공누리 1유형,,,O,,,,,단순 정보,
4332,철도산업정보센터,HOME > 철도역사관 > 철도통합연표,철도통합연표,장항선 이설에 따라 폐역,,2008-01-01 00:00:00,미부착,,개방 가능,공공누리 1유형,,,O,,,,,단순 정보,
4333,철도산업정보센터,HOME > 철도역사관 > 철도통합연표,철도통합연표,일반열차 통과,,2008-01-01 00:00:00,미부착,,개방 가능,공공누리 1유형,,,O,,,,,단순 정보,
4334,철도산업정보센터,HOME > 철도역사관 > 철도통합연표,철도통합연표,전 여객열차 통과,,2008-01-01 00:00:00,미부착,,개방 가능,공공누리 1유형,,,O,,,,,단순 정보,
4335,철도산업정보센터,HOME > 철도역사관 > 철도통합연표,철도통합연표,전 여객열차 통과(농번기시 정차가능),,2008-01-01 00:00:00,미부착,,개방 가능,공공누리 1유형,,,O,,,,,단순 정보,
4336,철도산업정보센터,HOME > 철도역사관 > 철도통합연표,철도통합연표,무배치간이역으로 격하(확인필요),,2008-01-01 00:00:00,미부착,,개방 가능,공공누리 1유형,,,O,,,,,단순 정보,
4337,철도산업정보센터,HOME > 철도역사관 > 철도통합연표,철도통합연표,장항선과 직결,,2008-01-01 00:00:00,미부착,,개방 가능,공공누리 1유형,,,O,,,,,단순 정보,
4338,철도산업정보센터,HOME > 철도역사관 > 철도통합연표,철도통합연표,여객취급 중단,,2008-01-01 00:00:00,미부착,,개방 가능,공공누리 1유형,,,O,,,,,단순 정보,
4339,철도산업정보센터,HOME > 철도역사관 > 철도통합연표,철도통합연표,군산화물역으로 역명변경,,2008-01-01 00:00:00,미부착,,개방 가능,공공누리 1유형,,,O,,,,,단순 정보,
4340,철도산업정보센터,HOME > 철도역사관 > 철도통합연표,철도통합연표,일반열차 통과.,,2008-01-01 00:00:00,미부착,,개방 가능,공공누리 1유형,,,O,,,,,단순 정보,
4341,철도산업정보센터,HOME > 철도역사관 > 철도통합연표,철도통합연표,여객열차 통과,,2008-01-01 00:00:00,미부착,,개방 가능,공공누리 1유형,,,O,,,,,단순 정보,
4342,철도산업정보센터,HOME > 철도역사관 > 철도통합연표,철도통합연표,전 여객열차 통과(단 여름성수기에는 정차),,2008-01-01 00:00:00,미부착,,개방 가능,공공누리 1유형,,,O,,,,,단순 정보,
4343,철도산업정보센터,HOME > 철도역사관 > 철도통합연표,철도통합연표,전여객열차 통과,,2008-01-01 00:00:00,미부착,,개방 가능,공공누리 1유형,,,O,,,,,단순 정보,
4344,철도산업정보센터,HOME > 철도역사관 > 철도통합연표,철도통합연표,전 여객열차 통과.,,2008-01-01 00:00:00,미부착,,개방 가능,공공누리 1유형,,,O,,,,,단순 정보,
4345,철도산업정보센터,HOME > 철도역사관 > 철도통합연표,철도통합연표,여객취급 중지.,,2008-01-01 00:00:00,미부착,,개방 가능,공공누리 1유형,,,O,,,,,단순 정보,
4346,철도산업정보센터,HOME > 철도역사관 > 철도통합연표,철도통합연표,보통역으로 승격,,2008-01-01 00:00:00,미부착,,개방 가능,공공누리 1유형,,,O,,,,,단순 정보,
4347,철도산업정보센터,HOME > 철도역사관 > 철도통합연표,철도통합연표,장항화물역으로 역명변경,,2008-01-01 00:00:00,미부착,,개방 가능,공공누리 1유형,,,O,,,,,단순 정보,
4348,철도산업정보센터,HOME > 철도역사관 > 철도통합연표,철도통합연표,모든 여객열차 통과,,2008-01-01 00:00:00,미부착,,개방 가능,공공누리 1유형,,,O,,,,,단순 정보,
4349,철도산업정보센터,HOME > 철도역사관 > 철도통합연표,철도통합연표,함백역 여객취급 중지.,,2008-01-01 00:00:00,미부착,,개방 가능,공공누리 1유형,,,O,,,,,단순 정보,
4350,철도산업정보센터,HOME > 철도역사관 > 철도통합연표,철도통합연표,1호선 2구간 기술시운전 시작,,2008-01-02 00:00:00,미부착,,개방 가능,공공누리 1유형,,,O,,,,,단순 정보,
4351,철도산업정보센터,HOME > 철도역사관 > 철도통합연표,철도통합연표,무배치간이역격하,,2008-01-04 00:00:00,미부착,,개방 가능,공공누리 1유형,,,O,,,,,단순 정보,
4352,철도산업정보센터,HOME > 철도역사관 > 철도통합연표,철도통합연표,호포 ~ 양산 구간 개통(8.0km),,2008-01-10 00:00:00,미부착,,개방 가능,공공누리 1유형,,,O,,,,,단순 정보,
4353,철도산업정보센터,HOME > 철도역사관 > 철도통합연표,철도통합연표,2호선 연장구간(호포~양산) 개통(8Km),,2008-01-10 00:00:00,미부착,,개방 가능,공공누리 1유형,,,O,,,,,단순 정보,
4354,철도산업정보센터,HOME > 철도역사관 > 철도통합연표,철도통합연표,"무배치간이역으로 격하, 위탁대매소 설치.",,2008-01-15 00:00:00,미부착,,개방 가능,공공누리 1유형,,,O,,,,,단순 정보,
4355,철도산업정보센터,HOME > 철도역사관 > 철도통합연표,철도통합연표,간이역으로 격하 및 대매소 지정,,2008-01-15 00:00:00,미부착,,개방 가능,공공누리 1유형,,,O,,,,,단순 정보,
4356,철도산업정보센터,HOME > 철도역사관 > 철도통합연표,철도통합연표,위탁대매소로 지정,,2008-01-15 00:00:00,미부착,,개방 가능,공공누리 1유형,,,O,,,,,단순 정보,
4357,철도산업정보센터,HOME > 철도역사관 > 철도통합연표,철도통합연표,"무배치간이역으로 격하, 위탁발매소로 전환",,2008-01-15 00:00:00,미부착,,개방 가능,공공누리 1유형,,,O,,,,,단순 정보,
4358,철도산업정보센터,HOME > 철도역사관 > 철도통합연표,철도통합연표,불국사역 관리역 지정,,2008-01-15 00:00:00,미부착,,개방 가능,공공누리 1유형,,,O,,,,,단순 정보,
4359,철도산업정보센터,HOME > 철도역사관 > 철도통합연표,철도통합연표,무배치간이역으로 격하 및 대매발매소로 변경,,2008-01-15 00:00:00,미부착,,개방 가능,공공누리 1유형,,,O,,,,,단순 정보,
4360,철도산업정보센터,HOME > 철도역사관 > 철도통합연표,철도통합연표,무배치간이역으로 격하,,2008-01-17 00:00:00,미부착,,개방 가능,공공누리 1유형,,,O,,,,,단순 정보,
4361,철도산업정보센터,HOME > 철도역사관 > 철도통합연표,철도통합연표,차량제작설계 건교부 승인,,2008-01-31 00:00:00,미부착,,개방 가능,공공누리 1유형,,,O,,,,,단순 정보,
4362,철도산업정보센터,HOME > 철도역사관 > 철도통합연표,철도통합연표,조직개편(4본부 1실 5단 5지역본부 47팀),,2008-02-01 00:00:00,미부착,,개방 가능,공공누리 1유형,,,O,,,,,단순 정보,
4363,철도산업정보센터,HOME > 철도역사관 > 철도통합연표,철도통합연표,동대구-반야월 간 운행중지,,2008-02-15 00:00:00,미부착,,개방 가능,공공누리 1유형,,,O,,,,,단순 정보,
4364,철도산업정보센터,HOME > 철도역사관 > 철도통합연표,철도통합연표,지방공기업 경영대상 수상,,2008-02-19 00:00:00,미부착,,개방 가능,공공누리 1유형,,,O,,,,,단순 정보,
4365,철도산업정보센터,HOME > 철도역사관 > 철도통합연표,철도통합연표,임시역사로 이전,,2008-02-19 00:00:00,미부착,,개방 가능,공공누리 1유형,,,O,,,,,단순 정보,
4366,철도산업정보센터,HOME > 철도역사관 > 철도통합연표,철도통합연표,임시역사로 이전,,2008-02-22 00:00:00,미부착,,개방 가능,공공누리 1유형,,,O,,,,,단순 정보,
4367,철도산업정보센터,HOME > 철도역사관 > 철도통합연표,철도통합연표,포항~삼척 복선전철 기공,,2008-03-00,미부착,,개방 가능,공공누리 1유형,,,O,,,,,단순 정보,
4368,철도산업정보센터,HOME > 철도역사관 > 철도통합연표,철도통합연표,무배치간이역으로 격하,,2008-03-03 00:00:00,미부착,,개방 가능,공공누리 1유형,,,O,,,,,단순 정보,
4369,철도산업정보센터,HOME > 철도역사관 > 철도통합연표,철도통합연표,여객취급중지,,2008-03-10 00:00:00,미부착,,개방 가능,공공누리 1유형,,,O,,,,,단순 정보,
4370,철도산업정보센터,HOME > 철도역사관 > 철도통합연표,철도통합연표,여객취급 중지,,2008-03-10 00:00:00,미부착,,개방 가능,공공누리 1유형,,,O,,,,,단순 정보,
4371,철도산업정보센터,HOME > 철도역사관 > 철도통합연표,철도통합연표,보통역으로 변경 및 여객취급 개시,,2008-03-10 00:00:00,미부착,,개방 가능,공공누리 1유형,,,O,,,,,단순 정보,
4372,철도산업정보센터,HOME > 철도역사관 > 철도통합연표,철도통합연표,무배치간이역으로 변경,,2008-03-10 00:00:00,미부착,,개방 가능,공공누리 1유형,,,O,,,,,단순 정보,
4373,철도산업정보센터,HOME > 철도역사관 > 철도통합연표,철도통합연표,화물취급 중지,,2008-03-10 00:00:00,미부착,,개방 가능,공공누리 1유형,,,O,,,,,단순 정보,
4374,철도산업정보센터,HOME > 철도역사관 > 철도통합연표,철도통합연표,박상곤 대표이사 취임,,2008-03-14 00:00:00,미부착,,개방 가능,공공누리 1유형,,,O,,,,,단순 정보,
4375,철도산업정보센터,HOME > 철도역사관 > 철도통합연표,철도통합연표,1호선 2구간 기술시운전 종료,,2008-03-19 00:00:00,미부착,,개방 가능,공공누리 1유형,,,O,,,,,단순 정보,
4376,철도산업정보센터,HOME > 철도역사관 > 철도통합연표,철도통합연표,1공구 착공,,2008-03-20 00:00:00,미부착,,개방 가능,공공누리 1유형,,,O,,,,,단순 정보,
4377,철도산업정보센터,HOME > 철도역사관 > 철도통합연표,철도통합연표,1호선 2구간 영업시운전 시작,,2008-03-20 00:00:00,미부착,,개방 가능,공공누리 1유형,,,O,,,,,단순 정보,
4378,철도산업정보센터,HOME > 철도역사관 > 철도통합연표,철도통합연표,전 열차에서 1인승무 개시,,2008-04-01 00:00:00,미부착,,개방 가능,공공누리 1유형,,,O,,,,,단순 정보,
4379,철도산업정보센터,HOME > 철도역사관 > 철도통합연표,철도통합연표,1호선 2구간 영업시운전 종료,,2008-04-10 00:00:00,미부착,,개방 가능,공공누리 1유형,,,O,,,,,단순 정보,
4380,철도산업정보센터,HOME > 철도역사관 > 철도통합연표,철도통합연표,2구간 개통,,2008-04-11 00:00:00,미부착,,개방 가능,공공누리 1유형,,,O,,,,,단순 정보,
4381,철도산업정보센터,HOME > 철도역사관 > 철도통합연표,철도통합연표,1호선 전구간 완전개통,,2008-04-11 00:00:00,미부착,,개방 가능,공공누리 1유형,,,O,,,,,단순 정보,
4382,철도산업정보센터,HOME > 철도역사관 > 철도통합연표,철도통합연표,1234 고객센터 설치,,2008-04-12 00:00:00,미부착,,개방 가능,공공누리 1유형,,,O,,,,,단순 정보,
4383,철도산업정보센터,HOME > 철도역사관 > 철도통합연표,철도통합연표,4년 연속 대한민국서비스만족대상 수상,,2008-04-16 00:00:00,미부착,,개방 가능,공공누리 1유형,,,O,,,,,단순 정보,
4384,철도산업정보센터,HOME > 철도역사관 > 철도통합연표,철도통합연표,신역사로 역무이전,,2008-04-22 00:00:00,미부착,,개방 가능,공공누리 1유형,,,O,,,,,단순 정보,
4385,철도산업정보센터,HOME > 철도역사관 > 철도통합연표,철도통합연표,신역사로 역무이전,,2008-04-23 00:00:00,미부착,,개방 가능,공공누리 1유형,,,O,,,,,단순 정보,
4386,철도산업정보센터,HOME > 철도역사관 > 철도통합연표,철도통합연표,전 여객열차 일시통과,,2008-05-01 00:00:00,미부착,,개방 가능,공공누리 1유형,,,O,,,,,단순 정보,
4387,철도산업정보센터,HOME > 철도역사관 > 철도통합연표,철도통합연표,전여객열차 통과,,2008-05-01 00:00:00,미부착,,개방 가능,공공누리 1유형,,,O,,,,,단순 정보,
4388,철도산업정보센터,HOME > 철도역사관 > 철도통합연표,철도통합연표,신동건널목 입체화(지하),,2008-05-06 00:00:00,미부착,,개방 가능,공공누리 1유형,,,O,,,,,단순 정보,
4389,철도산업정보센터,HOME > 철도역사관 > 철도통합연표,철도통합연표,제7대 배상민 사장 취임,,2008-05-12 00:00:00,미부착,,개방 가능,공공누리 1유형,,,O,,,,,단순 정보,
4390,철도산업정보센터,HOME > 철도역사관 > 철도통합연표,철도통합연표,온천천 지하 터널 완공,,2008-05-13 00:00:00,미부착,,개방 가능,공공누리 1유형,,,O,,,,,단순 정보,
4391,철도산업정보센터,HOME > 철도역사관 > 철도통합연표,철도통합연표,대구선 폐선에 따라 폐역,,2008-05-15 00:00:00,미부착,,개방 가능,공공누리 1유형,,,O,,,,,단순 정보,
4392,철도산업정보센터,HOME > 철도역사관 > 철도통합연표,철도통합연표,폐역,,2008-05-15 00:00:00,미부착,,개방 가능,공공누리 1유형,,,O,,,,,단순 정보,
4393,철도산업정보센터,HOME > 철도역사관 > 철도통합연표,철도통합연표,무배치간이역으로 격하,,2008-05-15 00:00:00,미부착,,개방 가능,공공누리 1유형,,,O,,,,,단순 정보,
4394,철도산업정보센터,HOME > 철도역사관 > 철도통합연표,철도통합연표,경부고속철도 오송역사 기공,,2008-06-01 00:00:00,미부착,,개방 가능,공공누리 1유형,,,O,,,,,단순 정보,
4395,철도산업정보센터,HOME > 철도역사관 > 철도통합연표,철도통합연표,승차권단말기 철거,,2008-06-10 00:00:00,미부착,,개방 가능,공공누리 1유형,,,O,,,,,단순 정보,
4396,철도산업정보센터,HOME > 철도역사관 > 철도통합연표,철도통합연표,국내 지하철 운영기관 중 최초로 운행거리 5억km 달성,,2008-06-11 00:00:00,미부착,,개방 가능,공공누리 1유형,,,O,,,,,단순 정보,
4397,철도산업정보센터,HOME > 철도역사관 > 철도통합연표,철도통합연표,배재덕 기관사 80만km 최초 달성,,2008-06-12 00:00:00,미부착,,개방 가능,공공누리 1유형,,,O,,,,,단순 정보,
4398,철도산업정보센터,HOME > 철도역사관 > 철도통합연표,철도통합연표,화물취급 중지,,2008-06-15 00:00:00,미부착,,개방 가능,공공누리 1유형,,,O,,,,,단순 정보,
4399,철도산업정보센터,HOME > 철도역사관 > 철도통합연표,철도통합연표,무배치간이역으로 격하,,2008-06-16 00:00:00,미부착,,개방 가능,공공누리 1유형,,,O,,,,,단순 정보,
4400,철도산업정보센터,HOME > 철도역사관 > 철도통합연표,철도통합연표,마곡역 영업 시작,,2008-06-20 00:00:00,미부착,,개방 가능,공공누리 1유형,,,O,,,,,단순 정보,
4401,철도산업정보센터,HOME > 철도역사관 > 철도통합연표,철도통합연표,함백역 역사 복원 착공,,2008-06-25 00:00:00,미부착,,개방 가능,공공누리 1유형,,,O,,,,,단순 정보,
4402,철도산업정보센터,HOME > 철도역사관 > 철도통합연표,철도통합연표,함백역 역 건물 복원공사 착공,,2008-06-25 00:00:00,미부착,,개방 가능,공공누리 1유형,,,O,,,,,단순 정보,
4403,철도산업정보센터,HOME > 철도역사관 > 철도통합연표,철도통합연표,임시역사로 이전,,2008-06-27 00:00:00,미부착,,개방 가능,공공누리 1유형,,,O,,,,,단순 정보,
4404,철도산업정보센터,HOME > 철도역사관 > 철도통합연표,철도통합연표,무배치간이역으로 격하,,2008-07-01 00:00:00,미부착,,개방 가능,공공누리 1유형,,,O,,,,,단순 정보,
4405,철도산업정보센터,HOME > 철도역사관 > 철도통합연표,철도통합연표,민간투자사업심의위원회 심의완료(기획재정부),,2008-07-30 00:00:00,미부착,,개방 가능,공공누리 1유형,,,O,,,,,단순 정보,
4406,철도산업정보센터,HOME > 철도역사관 > 철도통합연표,철도통합연표,조현용 이사장 취임,,2008-08-08 00:00:00,미부착,,개방 가능,공공누리 1유형,,,O,,,,,단순 정보,
4407,철도산업정보센터,HOME > 철도역사관 > 철도통합연표,철도통합연표,"역사리모델링(휴게실, 직원 숙직실 등)",,2008-08-12 00:00:00,미부착,,개방 가능,공공누리 1유형,,,O,,,,,단순 정보,
4408,철도산업정보센터,HOME > 철도역사관 > 철도통합연표,철도통합연표,경부고속철도 울산역사 기공,,2008-09-01 00:00:00,미부착,,개방 가능,공공누리 1유형,,,O,,,,,단순 정보,
4409,철도산업정보센터,HOME > 철도역사관 > 철도통합연표,철도통합연표,여객열차 일시통과,,2008-09-01 00:00:00,미부착,,개방 가능,공공누리 1유형,,,O,,,,,단순 정보,
4410,철도산업정보센터,HOME > 철도역사관 > 철도통합연표,철도통합연표,일반열차 일시통과,,2008-09-01 00:00:00,미부착,,개방 가능,공공누리 1유형,,,O,,,,,단순 정보,
4411,철도산업정보센터,HOME > 철도역사관 > 철도통합연표,철도통합연표,일반열차 통과,,2008-09-01 00:00:00,미부착,,개방 가능,공공누리 1유형,,,O,,,,,단순 정보,
4412,철도산업정보센터,HOME > 철도역사관 > 철도통합연표,철도통합연표,무배치간이역으로 격하,,2008-09-22 00:00:00,미부착,,개방 가능,공공누리 1유형,,,O,,,,,단순 정보,
4413,철도산업정보센터,HOME > 철도역사관 > 철도통합연표,철도통합연표,대구도시철도공사로 사명 변경,,2008-10-01 00:00:00,미부착,,개방 가능,공공누리 1유형,,,O,,,,,단순 정보,
4414,철도산업정보센터,HOME > 철도역사관 > 철도통합연표,철도통합연표,간이역 격하,,2008-10-01 00:00:00,미부착,,개방 가능,공공누리 1유형,,,O,,,,,단순 정보,
4415,철도산업정보센터,HOME > 철도역사관 > 철도통합연표,철도통합연표,오행원 제3대 사장 취임,,2008-10-16 00:00:00,미부착,,개방 가능,공공누리 1유형,,,O,,,,,단순 정보,
4416,철도산업정보센터,HOME > 철도역사관 > 철도통합연표,철도통합연표,역사이전,,2008-10-17 00:00:00,미부착,,개방 가능,공공누리 1유형,,,O,,,,,단순 정보,
4417,철도산업정보센터,HOME > 철도역사관 > 철도통합연표,철도통합연표,구 역사철거,,2008-10-21 00:00:00,미부착,,개방 가능,공공누리 1유형,,,O,,,,,단순 정보,
4418,철도산업정보센터,HOME > 철도역사관 > 철도통합연표,철도통합연표,화물취급 중지,,2008-11-01 00:00:00,미부착,,개방 가능,공공누리 1유형,,,O,,,,,단순 정보,
4419,철도산업정보센터,HOME > 철도역사관 > 철도통합연표,철도통합연표,신역사로 역무이전,,2008-11-10 00:00:00,미부착,,개방 가능,공공누리 1유형,,,O,,,,,단순 정보,
4420,철도산업정보센터,HOME > 철도역사관 > 철도통합연표,철도통합연표,함백역사 복원 준공,,2008-11-25 00:00:00,미부착,,개방 가능,공공누리 1유형,,,O,,,,,단순 정보,
4421,철도산업정보센터,HOME > 철도역사관 > 철도통합연표,철도통합연표,간치~장항 구간 직선화 개통[2].,,2008-11-27 00:00:00,미부착,,개방 가능,공공누리 1유형,,,O,,,,,단순 정보,
4422,철도산업정보센터,HOME > 철도역사관 > 철도통합연표,철도통합연표,신역사 이전,,2008-11-27 00:00:00,미부착,,개방 가능,공공누리 1유형,,,O,,,,,단순 정보,
4423,철도산업정보센터,HOME > 철도역사관 > 철도통합연표,철도통합연표,신역사이전(현암리 253-2번지→저산리 308-8번지),,2008-11-27 00:00:00,미부착,,개방 가능,공공누리 1유형,,,O,,,,,단순 정보,
4424,철도산업정보센터,HOME > 철도역사관 > 철도통합연표,철도통합연표,신역사 이전(군사3리 55-6번지→화금리 277번지),,2008-11-27 00:00:00,미부착,,개방 가능,공공누리 1유형,,,O,,,,,단순 정보,
4425,철도산업정보센터,HOME > 철도역사관 > 철도통합연표,철도통합연표,경의선 문산 - 봉동간 화물열차 운행 중단.,,2008-11-28 00:00:00,미부착,,개방 가능,공공누리 1유형,,,O,,,,,단순 정보,
4426,철도산업정보센터,HOME > 철도역사관 > 철도통합연표,철도통합연표,신례원~화양 구간 직선화 개통,,2008-11-28 00:00:00,미부착,,개방 가능,공공누리 1유형,,,O,,,,,단순 정보,
4427,철도산업정보센터,HOME > 철도역사관 > 철도통합연표,철도통합연표,신역사 이전(신가리 283번지→신가리 1-2번지),,2008-11-28 00:00:00,미부착,,개방 가능,공공누리 1유형,,,O,,,,,단순 정보,
4428,철도산업정보센터,HOME > 철도역사관 > 철도통합연표,철도통합연표,중앙선 팔당~국수 복선전철 부분개통,,2008-12-01 00:00:00,미부착,,개방 가능,공공누리 1유형,,,O,,,,,단순 정보,
4429,철도산업정보센터,HOME > 철도역사관 > 철도통합연표,철도통합연표,천안~온양온천~신창 복선전철 및 장항선 개통,,2008-12-01 00:00:00,미부착,,개방 가능,공공누리 1유형,,,O,,,,,단순 정보,
4430,철도산업정보센터,HOME > 철도역사관 > 철도통합연표,철도통합연표,화양~신성 구간 직선화 개통,,2008-12-01 00:00:00,미부착,,개방 가능,공공누리 1유형,,,O,,,,,단순 정보,
4431,철도산업정보센터,HOME > 철도역사관 > 철도통합연표,철도통합연표,급행열차 운행 개시 및 팔당 - 국수간 영업 시운전 게시,,2008-12-01 00:00:00,미부착,,개방 가능,공공누리 1유형,,,O,,,,,단순 정보,
4432,철도산업정보센터,HOME > 철도역사관 > 철도통합연표,철도통합연표,조직개편(4본부 1실 3단 5지역본부 1연구원 48처),,2008-12-01 00:00:00,미부착,,개방 가능,공공누리 1유형,,,O,,,,,단순 정보,
4433,철도산업정보센터,HOME > 철도역사관 > 철도통합연표,철도통합연표,일반열차 통과,,2008-12-01 00:00:00,미부착,,개방 가능,공공누리 1유형,,,O,,,,,단순 정보,
4434,철도산업정보센터,HOME > 철도역사관 > 철도통합연표,철도통합연표,간이역 격하,,2008-12-01 00:00:00,미부착,,개방 가능,공공누리 1유형,,,O,,,,,단순 정보,
4435,철도산업정보센터,HOME > 철도역사관 > 철도통합연표,철도통합연표,신역사 이전 및 간이역 격하,,2008-12-01 00:00:00,미부착,,개방 가능,공공누리 1유형,,,O,,,,,단순 정보,
4436,철도산업정보센터,HOME > 철도역사관 > 철도통합연표,철도통합연표,신역사 이전(고암리 415-16→고암리 442-3번지),,2008-12-01 00:00:00,미부착,,개방 가능,공공누리 1유형,,,O,,,,,단순 정보,
4437,철도산업정보센터,HOME > 철도역사관 > 철도통합연표,철도통합연표,차내취급역 지정,,2008-12-01 00:00:00,미부착,,개방 가능,공공누리 1유형,,,O,,,,,단순 정보,
4438,철도산업정보센터,HOME > 철도역사관 > 철도통합연표,철도통합연표,신역사로 역무이전,,2008-12-02 00:00:00,미부착,,개방 가능,공공누리 1유형,,,O,,,,,단순 정보,
4439,철도산업정보센터,HOME > 철도역사관 > 철도통합연표,철도통합연표,무배치간이역 격하,,2008-12-08 00:00:00,미부착,,개방 가능,공공누리 1유형,,,O,,,,,단순 정보,
4440,철도산업정보센터,HOME > 철도역사관 > 철도통합연표,철도통합연표,간이역 격하,,2008-12-08 00:00:00,미부착,,개방 가능,공공누리 1유형,,,O,,,,,단순 정보,
4441,철도산업정보센터,HOME > 철도역사관 > 철도통합연표,철도통합연표,천안~신창간 복선전철 개통,,2008-12-15 00:00:00,미부착,,개방 가능,공공누리 1유형,,,O,,,,,단순 정보,
4442,철도산업정보센터,HOME > 철도역사관 > 철도통합연표,철도통합연표,장항선 광역 전철화 연장(천안-신창 간 6개 역 영업 개시),,2008-12-15 00:00:00,미부착,,개방 가능,공공누리 1유형,,,O,,,,,단순 정보,
4443,철도산업정보센터,HOME > 철도역사관 > 철도통합연표,철도통합연표,수도권 광역전철 개통과 함께 영업개시,,2008-12-15 00:00:00,미부착,,개방 가능,공공누리 1유형,,,O,,,,,단순 정보,
4444,철도산업정보센터,HOME > 철도역사관 > 철도통합연표,철도통합연표,폐역,,2008-12-15 00:00:00,미부착,,개방 가능,공공누리 1유형,,,O,,,,,단순 정보,
4445,철도산업정보센터,HOME > 철도역사관 > 철도통합연표,철도통합연표,수도권 광역전철 개통,,2008-12-15 00:00:00,미부착,,개방 가능,공공누리 1유형,,,O,,,,,단순 정보,
4446,철도산업정보센터,HOME > 철도역사관 > 철도통합연표,철도통합연표,수도권 광역전철 개통 및 여객취급 재개,,2008-12-15 00:00:00,미부착,,개방 가능,공공누리 1유형,,,O,,,,,단순 정보,
4447,철도산업정보센터,HOME > 철도역사관 > 철도통합연표,철도통합연표,역명변경(蕓吉山→雲吉山),,2008-12-24 00:00:00,미부착,,개방 가능,공공누리 1유형,,,O,,,,,단순 정보,
4448,철도산업정보센터,HOME > 철도역사관 > 철도통합연표,철도통합연표,역명변경(新昌(順天響大)→新昌(順天鄕大)),,2008-12-24 00:00:00,미부착,,개방 가능,공공누리 1유형,,,O,,,,,단순 정보,
4449,철도산업정보센터,HOME > 철도역사관 > 철도통합연표,철도통합연표,"중앙선 팔당역-국수역 구간 복선전철개통, 수도권 전철 중앙선 운행 구간 연장",,2008-12-29 00:00:00,미부착,,개방 가능,공공누리 1유형,,,O,,,,,단순 정보,
4450,철도산업정보센터,HOME > 철도역사관 > 철도통합연표,철도통합연표,팔당 - 국수간 개통,,2008-12-29 00:00:00,미부착,,개방 가능,공공누리 1유형,,,O,,,,,단순 정보,
4451,철도산업정보센터,HOME > 철도역사관 > 철도통합연표,철도통합연표,역명변경(시흥→금천구청),,2008-12-29 00:00:00,미부착,,개방 가능,공공누리 1유형,,,O,,,,,단순 정보,
4452,철도산업정보센터,HOME > 철도역사관 > 철도통합연표,철도통합연표,"역사이전 및 역명변경, 여객취급 재개(능내→운길산)",,2008-12-29 00:00:00,미부착,,개방 가능,공공누리 1유형,,,O,,,,,단순 정보,
4453,철도산업정보센터,HOME > 철도역사관 > 철도통합연표,철도통합연표,수도권광역전철 개통,,2008-12-29 00:00:00,미부착,,개방 가능,공공누리 1유형,,,O,,,,,단순 정보,
4454,철도산업정보센터,HOME > 철도역사관 > 철도통합연표,철도통합연표,시흥역을 금천구청역으로 역명 변경,,2008-12-29 00:00:00,미부착,,개방 가능,공공누리 1유형,,,O,,,,,단순 정보,
4455,철도산업정보센터,HOME > 철도역사관 > 철도통합연표,철도통합연표,금장역을 서경주역으로 역명 변경.,,2009-01-01 00:00:00,미부착,,개방 가능,공공누리 1유형,,,O,,,,,단순 정보,
4456,철도산업정보센터,HOME > 철도역사관 > 철도통합연표,철도통합연표,중간 시종착역을 오리역에서 죽전(단국대)역으로 변경,,2009-01-01 00:00:00,미부착,,개방 가능,공공누리 1유형,,,O,,,,,단순 정보,
4457,철도산업정보센터,HOME > 철도역사관 > 철도통합연표,철도통합연표,간이역 격하,,2009-01-01 00:00:00,미부착,,개방 가능,공공누리 1유형,,,O,,,,,단순 정보,
4458,철도산업정보센터,HOME > 철도역사관 > 철도통합연표,철도통합연표,역명변경(금장→서경주),,2009-01-01 00:00:00,미부착,,개방 가능,공공누리 1유형,,,O,,,,,단순 정보,
4459,철도산업정보센터,HOME > 철도역사관 > 철도통합연표,철도통합연표,차내취급역 지정,,2009-01-01 00:00:00,미부착,,개방 가능,공공누리 1유형,,,O,,,,,단순 정보,
4460,철도산업정보센터,HOME > 철도역사관 > 철도통합연표,철도통합연표,마석 - 대성리 구간 신선 이설,,2009-01-20 00:00:00,미부착,,개방 가능,공공누리 1유형,,,O,,,,,단순 정보,
4461,철도산업정보센터,HOME > 철도역사관 > 철도통합연표,철도통합연표,임시역사로 역무이전,,2009-01-20 00:00:00,미부착,,개방 가능,공공누리 1유형,,,O,,,,,단순 정보,
4462,철도산업정보센터,HOME > 철도역사관 > 철도통합연표,철도통합연표,임시역사로 역무이전,,2009-02-04 00:00:00,미부착,,개방 가능,공공누리 1유형,,,O,,,,,단순 정보,
4463,철도산업정보센터,HOME > 철도역사관 > 철도통합연표,철도통합연표,간이역으로 격하,,2009-02-14 00:00:00,미부착,,개방 가능,공공누리 1유형,,,O,,,,,단순 정보,
4464,철도산업정보센터,HOME > 철도역사관 > 철도통합연표,철도통합연표,9호선 1단계 구간 25개역 역명 확정,,2009-02-18 00:00:00,미부착,,개방 가능,공공누리 1유형,,,O,,,,,단순 정보,
4465,철도산업정보센터,HOME > 철도역사관 > 철도통합연표,철도통합연표,제6대 이광영 사장 취임,,2009-02-20 00:00:00,미부착,,개방 가능,공공누리 1유형,,,O,,,,,단순 정보,
4466,철도산업정보센터,HOME > 철도역사관 > 철도통합연표,철도통합연표,역명변경(송정리→광주송정),,2009-04-01 00:00:00,미부착,,개방 가능,공공누리 1유형,,,O,,,,,단순 정보,
4467,철도산업정보센터,HOME > 철도역사관 > 철도통합연표,철도통합연표,안평차량사업소 내 시운전,,2009-04-08 00:00:00,미부착,,개방 가능,공공누리 1유형,,,O,,,,,단순 정보,
4468,철도산업정보센터,HOME > 철도역사관 > 철도통합연표,철도통합연표,신형 전동차 갑종 회송,,2009-04-09 00:00:00,미부착,,개방 가능,공공누리 1유형,,,O,,,,,단순 정보,
4469,철도산업정보센터,HOME > 철도역사관 > 철도통합연표,철도통합연표,대구 도시철도 3호선 착공 (용호-범물 구간.),,2009-05-00,미부착,,개방 가능,공공누리 1유형,,,O,,,,,단순 정보,
4470,철도산업정보센터,HOME > 철도역사관 > 철도통합연표,철도통합연표,캠퍼스타운 - 국제업무지구간 연장개통 (예정),,2009-06-01 00:00:00,미부착,,개방 가능,공공누리 1유형,,,O,,,,,단순 정보,
4471,철도산업정보센터,HOME > 철도역사관 > 철도통합연표,철도통합연표,"수서역-오금역(약 6km, 3개 역) 개통 예정.",,2009-12-01 00:00:00,미부착,,개방 가능,공공누리 1유형,,,O,,,,,단순 정보,
4472,철도산업정보센터,HOME > 철도역사관 > 철도통합연표,철도통합연표,신 여수역사 개통,,2009-12-23 00:00:00,미부착,,개방 가능,공공누리 1유형,,,O,,,,,단순 정보,
4473,철도산업정보센터,HOME > 철도역사관 > 철도통합연표,철도통합연표,영남권 내륙화물기지 완공예정,,2009-12-31 00:00:00,미부착,,개방 가능,공공누리 1유형,,,O,,,,,단순 정보,
4474,철도산업정보센터,HOME > 철도역사관 > 철도통합연표,철도통합연표,경부선 당정역 전철 영업 개시,,2010-01-21 00:00:00,미부착,,개방 가능,공공누리 1유형,,,O,,,,,단순 정보,
4475,철도산업정보센터,HOME > 철도역사관 > 철도통합연표,철도통합연표,지하철 3호선 연장구간 개통,,2010-02-23 00:00:00,미부착,,개방 가능,공공누리 1유형,,,O,,,,,단순 정보,
4476,철도산업정보센터,HOME > 철도역사관 > 철도통합연표,철도통합연표,광주 도시철도 2호선 내년 하반기 착공,,2010-03-05 00:00:00,미부착,,개방 가능,공공누리 1유형,,,O,,,,,단순 정보,
4477,철도산업정보센터,HOME > 철도역사관 > 철도통합연표,철도통합연표,인천공항 교통센터~용유역 자기부상열차노선 착공,,2010-03-05 00:00:00,미부착,,개방 가능,공공누리 1유형,,,O,,,,,단순 정보,
4478,철도산업정보센터,HOME > 철도역사관 > 철도통합연표,철도통합연표,"코레일, 경부선 경산역사 신축공사 본격 시행 (2010-04-13)",,2010-04-13 00:00:00,미부착,,개방 가능,공공누리 1유형,,,O,,,,,단순 정보,
4479,철도산업정보센터,HOME > 철도역사관 > 철도통합연표,철도통합연표,동대구~부산 잇는 경부고속철도 2단계 구간 개통,,2010-11-01 00:00:00,미부착,,개방 가능,공공누리 1유형,,,O,,,,,단순 정보,
4480,철도산업정보센터,HOME > 철도역사관 > 철도통합연표,철도통합연표,부산신항의 새로운 화물운송망인 배후철도가 공식 개통됐습니다.,,2010-12-13 00:00:00,미부착,,개방 가능,공공누리 1유형,,,O,,,,,단순 정보,
4481,철도산업정보센터,HOME > 철도역사관 > 철도통합연표,철도통합연표,경남의 중심도시인 창원과 김해에도 고속철도 시대가 열렸다.,,2010-12-15 00:00:00,미부착,,개방 가능,공공누리 1유형,,,O,,,,,단순 정보,
4482,철도산업정보센터,HOME > 철도역사관 > 철도통합연표,철도통합연표,서울과 춘천을 잇는 경춘선 복선전철 21일 개통,,2010-12-21 00:00:00,미부착,,개방 가능,공공누리 1유형,,,O,,,,,단순 정보,
4483,철도산업정보센터,HOME > 철도역사관 > 철도통합연표,철도통합연표,신분당선(정자~광교구간) 2월 8일 착공,,2011-02-08 00:00:00,미부착,,개방 가능,공공누리 1유형,,,O,,,,,단순 정보,
4484,철도산업정보센터,HOME > 철도역사관 > 철도통합연표,철도통합연표,부산 도시철도 4호선 3월 30일 개통,,2011-03-30 00:00:00,미부착,,개방 가능,공공누리 1유형,,,O,,,,,단순 정보,
4485,철도산업정보센터,HOME > 철도역사관 > 철도통합연표,철도통합연표,동대구~영천 복선전철 착공…29분→17분,,2011-04-07 00:00:00,미부착,,개방 가능,공공누리 1유형,,,O,,,,,단순 정보,
4486,철도산업정보센터,HOME > 철도역사관 > 철도통합연표,철도통합연표,경부고속철도 포항 연결선 착공,,2011-06-08 00:00:00,미부착,,개방 가능,공공누리 1유형,,,O,,,,,단순 정보,
4487,철도산업정보센터,HOME > 철도역사관 > 철도통합연표,철도통합연표,"수도권고속철도 수서-평택 구간 첫삽 총 3조7천억원 투입, 호남고속철도와 함께 2014년 완공",,2011-06-28 00:00:00,미부착,,개방 가능,공공누리 1유형,,,O,,,,,단순 정보,
4488,철도산업정보센터,HOME > 철도역사관 > 철도통합연표,철도통합연표,철도시설공단 이사장 이임,,2011-08-22 00:00:00,미부착,,개방 가능,공공누리 1유형,,,O,,,,,단순 정보,
4489,철도산업정보센터,HOME > 철도역사관 > 철도통합연표,철도통합연표,철도시설공단 이사장 취임,,2011-08-23 00:00:00,미부착,,개방 가능,공공누리 1유형,,,O,,,,,단순 정보,
4490,철도산업정보센터,HOME > 철도역사관 > 철도통합연표,철도통합연표,"부산-김해 경전철은 16일(금) 10시 사상역 광장에서 개통식을 가진 뒤, 17일부터 본격적인 영업 운행을",,2011-09-16 00:00:00,미부착,,개방 가능,공공누리 1유형,,,O,,,,,단순 정보,
4491,철도산업정보센터,HOME > 철도역사관 > 철도통합연표,철도통합연표,9월 28일 제천시 제천역 광장에서 중앙선 원주~제천 구간의 복선전철 건설사업 기공식을 갖는다.,,2011-09-28 00:00:00,미부착,,개방 가능,공공누리 1유형,,,O,,,,,단순 정보,
4492,철도산업정보센터,HOME > 철도역사관 > 철도통합연표,철도통합연표,"여수역, 여수엑스포역으로 역명 변경",,2011-10-01 00:00:00,미부착,,개방 가능,공공누리 1유형,,,O,,,,,단순 정보,
4493,철도산업정보센터,HOME > 철도역사관 > 철도통합연표,철도통합연표,전북 익산에서 전남 여수까지 180.3㎞의 전라선 복선전철 개통식을 했다.,,2011-10-05 00:00:00,미부착,,개방 가능,공공누리 1유형,,,O,,,,,단순 정보,
4494,철도산업정보센터,HOME > 철도역사관 > 철도통합연표,철도통합연표,신분당선 1단계 6구간 개통식,,2011-10-28 00:00:00,미부착,,개방 가능,공공누리 1유형,,,O,,,,,단순 정보,
4495,철도산업정보센터,HOME > 철도역사관 > 철도통합연표,철도통합연표,공덕역 11/30일 오전11시 개통,,2011-11-30 00:00:00,미부착,,개방 가능,공공누리 1유형,,,O,,,,,단순 정보,
4496,철도산업정보센터,HOME > 철도역사관 > 철도통합연표,철도통합연표,"코레일은 분당선 연장 개통 구간인 보정, 구성, 신갈, 기흥 4개역이 오는 12월 28일 영업을 개시",,2011-12-28 00:00:00,미부착,,개방 가능,공공누리 1유형,,,O,,,,,단순 정보,
4497,철도산업정보센터,HOME > 철도역사관 > 철도통합연표,철도통합연표,분당선 죽전~기흥 구간 개통에따른 기흥역 운영 시작,,2011-12-28 00:00:00,미부착,,개방 가능,공공누리 1유형,,,O,,,,,단순 정보,
4498,철도산업정보센터,HOME > 철도역사관 > 철도통합연표,철도통합연표,분당선 죽전~기흥 구간 개통에따른 신갈역 운영 시작,,2011-12-28 00:00:00,미부착,,개방 가능,공공누리 1유형,,,O,,,,,단순 정보,
4499,철도산업정보센터,HOME > 철도역사관 > 철도통합연표,철도통합연표,분당선 죽전~기흥 구간 개통에따른 구성역 운영 시작,,2011-12-28 00:00:00,미부착,,개방 가능,공공누리 1유형,,,O,,,,,단순 정보,
4500,철도산업정보센터,HOME > 철도역사관 > 철도통합연표,철도통합연표,분당선 죽전~기흥 구간 개통에따른 보정역 역사 이전 개통,,2011-12-28 00:00:00,미부착,,개방 가능,공공누리 1유형,,,O,,,,,단순 정보,
4501,철도산업정보센터,HOME > 철도역사관 > 철도통합연표,철도통합연표,‘경원대역’은 경원대와 가천대 통합에 따라 ‘가천대역’으로 역명이 변경됨,,2011-12-28 00:00:00,미부착,,개방 가능,공공누리 1유형,,,O,,,,,단순 정보,
4502,철도산업정보센터,HOME > 철도역사관 > 철도통합연표,철도통합연표,대구도시철도공사(사장 김인환)에서는 2012년 1월 1일부터 ‘성서공단’역의 역명을 ‘성서산업단지’역으로 개,,2012-01-01 00:00:00,미부착,,개방 가능,공공누리 1유형,,,O,,,,,단순 정보,
4503,철도산업정보센터,HOME > 철도역사관 > 철도통합연표,철도통합연표,마산 임항선 폐지,,2012-01-26 00:00:00,미부착,,개방 가능,공공누리 1유형,,,O,,,,,단순 정보,
4504,철도산업정보센터,HOME > 철도역사관 > 철도통합연표,철도통합연표,"ITX-청춘, 28일부터 영업 시작",,2012-02-28 00:00:00,미부착,,개방 가능,공공누리 1유형,,,O,,,,,단순 정보,
4505,철도산업정보센터,HOME > 철도역사관 > 철도통합연표,철도통합연표,원주~강릉 고속철도 착공,,2012-06-01 00:00:00,미부착,,개방 가능,공공누리 1유형,,,O,,,,,단순 정보,
4506,철도산업정보센터,HOME > 철도역사관 > 철도통합연표,철도통합연표,동순천-광양 구간 복선전철화 개통,,2012-06-21 00:00:00,미부착,,개방 가능,공공누리 1유형,,,O,,,,,단순 정보,
4507,철도산업정보센터,HOME > 철도역사관 > 철도통합연표,철도통합연표,영동선 동백산～도계간 철도이설개통,,2012-06-27 00:00:00,미부착,,개방 가능,공공누리 1유형,,,O,,,,,단순 정보,
4508,철도산업정보센터,HOME > 철도역사관 > 철도통합연표,철도통합연표,수인선 오이도~송도 복선전철 개통,,2012-06-30 00:00:00,미부착,,개방 가능,공공누리 1유형,,,O,,,,,단순 정보,
4509,철도산업정보센터,HOME > 철도역사관 > 철도통합연표,철도통합연표,수도권 전철 4호선 공단역(工團驛)이 초지역으로 역명 변경,,2012-06-30 00:00:00,미부착,,개방 가능,공공누리 1유형,,,O,,,,,단순 정보,
4510,철도산업정보센터,HOME > 철도역사관 > 철도통합연표,철도통합연표,"대구 지하철 2호선 경산연장 구간이 9월 19일(수), 개통",,2012-09-19 00:00:00,미부착,,개방 가능,공공누리 1유형,,,O,,,,,단순 정보,
4511,철도산업정보센터,HOME > 철도역사관 > 철도통합연표,철도통합연표,'12. 9. 25 : 용문~서원주(28.0km)간 개통,,2012-09-25 00:00:00,미부착,,개방 가능,공공누리 1유형,,,O,,,,,단순 정보,
4512,철도산업정보센터,HOME > 철도역사관 > 철도통합연표,철도통합연표,중앙선 제천～도담간 철도 복선전철 준공,,2012-10-02 00:00:00,미부착,,개방 가능,공공누리 1유형,,,O,,,,,단순 정보,
4513,철도산업정보센터,HOME > 철도역사관 > 철도통합연표,철도통합연표,분당선 연장 왕십리-선릉 구간 개통,,2012-10-06 00:00:00,미부착,,개방 가능,공공누리 1유형,,,O,,,,,단순 정보,
4514,철도산업정보센터,HOME > 철도역사관 > 철도통합연표,철도통합연표,지하철 7호선 연장구간 온수 ~ 부평구청 10월 27일 개통,,2012-10-27 00:00:00,미부착,,개방 가능,공공누리 1유형,,,O,,,,,단순 정보,
4515,철도산업정보센터,HOME > 철도역사관 > 철도통합연표,철도통합연표,경원선 신탄리~철원 복원철도 20일 개통,,2012-11-20 00:00:00,미부착,,개방 가능,공공누리 1유형,,,O,,,,,단순 정보,
4516,철도산업정보센터,HOME > 철도역사관 > 철도통합연표,철도통합연표,분당선(기흥～망포구간) 복선전철 12월 1일 개통,,2012-12-01 00:00:00,미부착,,개방 가능,공공누리 1유형,,,O,,,,,단순 정보,
4517,철도산업정보센터,HOME > 철도역사관 > 철도통합연표,철도통합연표,선 마산~진주간 복선전철 12월 5일 개통,,2012-12-05 00:00:00,미부착,,개방 가능,공공누리 1유형,,,O,,,,,단순 정보,
4518,철도산업정보센터,HOME > 철도역사관 > 철도통합연표,철도통합연표,"인천항 인입 화물삼각선, 12월 13일 개통.",,2012-12-13 00:00:00,미부착,,개방 가능,공공누리 1유형,,,O,,,,,단순 정보,
4519,철도산업정보센터,HOME > 철도역사관 > 철도통합연표,철도통합연표,경의선(공덕～DMC구간) 복선전철 12월 15일 개통,,2012-12-15 00:00:00,미부착,,개방 가능,공공누리 1유형,,,O,,,,,단순 정보,
4520,철도산업정보센터,HOME > 철도역사관 > 철도통합연표,철도통합연표,전라선 복선전철화사업[전기부문] 준공,,2013-01-16 00:00:00,미부착,,개방 가능,공공누리 1유형,,,O,,,,,단순 정보,
4521,철도산업정보센터,HOME > 철도역사관 > 철도통합연표,철도통합연표,성북역 → 광운대역 변경,,2013-02-25 00:00:00,미부착,,개방 가능,공공누리 1유형,,,O,,,,,단순 정보,
4522,철도산업정보센터,HOME > 철도역사관 > 철도통합연표,철도통합연표,중앙선 문수~마사간 철도이설구간 (10.4km)개통,,2013-03-27 00:00:00,미부착,,개방 가능,공공누리 1유형,,,O,,,,,단순 정보,
4523,철도산업정보센터,HOME > 철도역사관 > 철도통합연표,철도통합연표,신분당선 판교역 역명 변경,,2013-04-03 00:00:00,미부착,,개방 가능,공공누리 1유형,,,O,,,,,단순 정보,
4524,철도산업정보센터,HOME > 철도역사관 > 철도통합연표,철도통합연표,"철도시설공단, 호남고속철도 정읍역사 신축 기공식 시행",,2013-06-25 00:00:00,미부착,,개방 가능,공공누리 1유형,,,O,,,,,단순 정보,
4525,철도산업정보센터,HOME > 철도역사관 > 철도통합연표,철도통합연표,"철도시설공단, 호남고속철도 정읍역사 신축 기공식 시행",,2013-09-25 00:00:00,미부착,,개방 가능,공공누리 1유형,,,O,,,,,단순 정보,
4526,철도산업정보센터,HOME > 철도역사관 > 철도통합연표,철도통합연표,최연혜 코레일 사장 취임,,2013-10-02 00:00:00,미부착,,개방 가능,공공누리 1유형,,,O,,,,,단순 정보,
4527,철도산업정보센터,HOME > 철도역사관 > 철도통합연표,철도통합연표,KTX 포항역사 신축 기공식 개최,,2013-10-04 00:00:00,미부착,,개방 가능,공공누리 1유형,,,O,,,,,단순 정보,
4528,철도산업정보센터,HOME > 철도역사관 > 철도통합연표,철도통합연표,제천~쌍용 복선전철(L=14.3㎞) 개통,,2013-11-14 00:00:00,미부착,,개방 가능,공공누리 1유형,,,O,,,,,단순 정보,
4529,철도산업정보센터,HOME > 철도역사관 > 철도통합연표,철도통합연표,분당선 망포~수원 구간 11월30일 완전개통,,2013-11-30 00:00:00,미부착,,개방 가능,공공누리 1유형,,,O,,,,,단순 정보,
4530,철도산업정보센터,HOME > 철도역사관 > 철도통합연표,철도통합연표,경춘선 묵현역 (평내～마석) 개통,,2013-11-30 00:00:00,미부착,,개방 가능,공공누리 1유형,,,O,,,,,단순 정보,
4531,철도산업정보센터,HOME > 철도역사관 > 철도통합연표,철도통합연표,"공항철도연계시설확충(연결선 2.2km, 고속화 45.1km)",,2013-12-28 00:00:00,미부착,,개방 가능,공공누리 1유형,,,O,,,,,단순 정보,
4532,철도산업정보센터,HOME > 철도역사관 > 철도통합연표,철도통합연표,경춘선 신내역 (망우～갈매) 개통,,2013-12-28 00:00:00,미부착,,개방 가능,공공누리 1유형,,,O,,,,,단순 정보,
4533,철도산업정보센터,HOME > 철도역사관 > 철도통합연표,철도통합연표,대전선(대전역⇔서대전역) 3월 1일 부터 다시 개통,,2014-03-01 00:00:00,미부착,,개방 가능,공공누리 1유형,,,O,,,,,단순 정보,
4534,철도산업정보센터,HOME > 철도역사관 > 철도통합연표,철도통합연표,인천공항철도 청라국제도시역 개통,,2014-06-21 00:00:00,미부착,,개방 가능,공공누리 1유형,,,O,,,,,단순 정보,
4535,철도산업정보센터,HOME > 철도역사관 > 철도통합연표,철도통합연표,공항철도 인천공항역에서 KTX개통,,2014-06-30 00:00:00,미부착,,개방 가능,공공누리 1유형,,,O,,,,,단순 정보,
4536,철도산업정보센터,HOME > 철도역사관 > 철도통합연표,철도통합연표,경원선! 평화열차 DMZ train 개통,,2014-08-01 00:00:00,미부착,,개방 가능,공공누리 1유형,,,O,,,,,단순 정보,
4537,철도산업정보센터,HOME > 철도역사관 > 철도통합연표,철도통합연표,강매역 25일 첫차부터 개통,,2014-10-25 00:00:00,미부착,,개방 가능,공공누리 1유형,,,O,,,,,단순 정보,
4538,철도산업정보센터,HOME > 철도역사관 > 철도통합연표,철도통합연표,12월 27일 경의선 전철 용산.공덕 2.5km 전면 개통,,2014-12-27 00:00:00,미부착,,개방 가능,공공누리 1유형,,,O,,,,,단순 정보,
4539,철도산업정보센터,HOME > 철도역사관 > 철도통합연표,철도통합연표,일산선 원흥역 개통,,2014-12-27 00:00:00,미부착,,개방 가능,공공누리 1유형,,,O,,,,,단순 정보,
4540,철도산업정보센터,HOME > 철도역사관 > 철도통합연표,철도통합연표,수인선 달월역 개통,,2014-12-27 00:00:00,미부착,,개방 가능,공공누리 1유형,,,O,,,,,단순 정보,
4541,철도산업정보센터,HOME > 철도역사관 > 철도통합연표,철도통합연표,정선아리랑 열차 A-train 15일 개통,,2015-01-15 00:00:00,미부착,,개방 가능,공공누리 1유형,,,O,,,,,단순 정보,
4542,철도산업정보센터,HOME > 철도역사관 > 철도통합연표,철도통합연표,서해금빛열차 개통,,2015-01-29 00:00:00,미부착,,개방 가능,공공누리 1유형,,,O,,,,,단순 정보,
4543,철도산업정보센터,HOME > 철도역사관 > 철도통합연표,철도통합연표,9호선 2단계 연장구간 개통안내,,2015-03-28 00:00:00,미부착,,개방 가능,공공누리 1유형,,,O,,,,,단순 정보,
4544,철도산업정보센터,HOME > 철도역사관 > 철도통합연표,철도통합연표,호남고속철도 개통,,2015-04-02 00:00:00,미부착,,개방 가능,공공누리 1유형,,,O,,,,,단순 정보,
4545,철도산업정보센터,HOME > 철도역사관 > 철도통합연표,철도통합연표,포항 KTX 개통,,2015-04-02 00:00:00,미부착,,개방 가능,공공누리 1유형,,,O,,,,,단순 정보,
4546,철도산업정보센터,HOME > 철도역사관 > 철도통합연표,철도통합연표,"대구도시철도, 3호선 모노레일 개통",,2015-04-23 00:00:00,미부착,,개방 가능,공공누리 1유형,,,O,,,,,단순 정보,
4547,철도산업정보센터,HOME > 철도역사관 > 철도통합연표,철도통합연표,"중앙선 단양역사 신설, 9월 22일 사용개시",,2015-09-22 00:00:00,미부착,,개방 가능,공공누리 1유형,,,O,,,,,단순 정보,
4548,철도산업정보센터,HOME > 철도역사관 > 철도통합연표,철도통합연표,부산도시철도 2호선 증산역 영업개시,,2015-09-24 00:00:00,미부착,,개방 가능,공공누리 1유형,,,O,,,,,단순 정보,
4549,철도산업정보센터,HOME > 철도역사관 > 철도통합연표,철도통합연표,호남고속철도[오송∼광주송정] 공주역사 건설사업 준공,,2015-10-23 00:00:00,미부착,,개방 가능,공공누리 1유형,,,O,,,,,단순 정보,
4550,철도산업정보센터,HOME > 철도역사관 > 철도통합연표,철도통합연표,호남고속철도[오송∼광주송정] 정읍역사 건설사업 준공,,2015-10-23 00:00:00,미부착,,개방 가능,공공누리 1유형,,,O,,,,,단순 정보,
4551,철도산업정보센터,HOME > 철도역사관 > 철도통합연표,철도통합연표,호남고속철도 3-2공구 익산역사 건설사업 준공,,2015-10-23 00:00:00,미부착,,개방 가능,공공누리 1유형,,,O,,,,,단순 정보,
4552,철도산업정보센터,HOME > 철도역사관 > 철도통합연표,철도통합연표,경의선 야당역 10월 31일 개통,,2015-10-31 00:00:00,미부착,,개방 가능,공공누리 1유형,,,O,,,,,단순 정보,
4553,철도산업정보센터,HOME > 철도역사관 > 철도통합연표,철도통합연표,이천~충주 간 중부내륙철도 착공,,2015-11-04 00:00:00,미부착,,개방 가능,공공누리 1유형,,,O,,,,,단순 정보,
4554,철도산업정보센터,HOME > 철도역사관 > 철도통합연표,철도통합연표,"철도공단, 보성~목포 철도건설 전구간 본격 착공",,2015-11-12 00:00:00,미부착,,개방 가능,공공누리 1유형,,,O,,,,,단순 정보,
4555,철도산업정보센터,HOME > 철도역사관 > 철도통합연표,철도통합연표,"철도공단, 중앙선 도담~영천 복선전철 전구간 본격 착공",,2015-12-04 00:00:00,미부착,,개방 가능,공공누리 1유형,,,O,,,,,단순 정보,
4556,철도산업정보센터,HOME > 철도역사관 > 철도통합연표,철도통합연표,별내선 복선전철(서울 8호선 연장) 12월 착공,,2015-12-17 00:00:00,미부착,,개방 가능,공공누리 1유형,,,O,,,,,단순 정보,
4557,철도산업정보센터,HOME > 철도역사관 > 철도통합연표,철도통합연표,"대곡소사선 착공, 2022년 개통 예정",,2015-12-22 00:00:00,미부착,,개방 가능,공공누리 1유형,,,O,,,,,단순 정보,
4558,철도산업정보센터,HOME > 철도역사관 > 철도통합연표,철도통합연표,신분당선 연장구간(정자~광교)개통,,2016-01-30 00:00:00,미부착,,개방 가능,공공누리 1유형,,,O,,,,,단순 정보,
4559,철도산업정보센터,HOME > 철도역사관 > 철도통합연표,철도통합연표,인천공항철도 자기 부상철도 운영개시,,2016-02-03 00:00:00,미부착,,개방 가능,공공누리 1유형,,,O,,,,,단순 정보,
4560,철도산업정보센터,HOME > 철도역사관 > 철도통합연표,철도통합연표,인하대역 영업개시,,2016-02-27 00:00:00,미부착,,개방 가능,공공누리 1유형,,,O,,,,,단순 정보,
4561,철도산업정보센터,HOME > 철도역사관 > 철도통합연표,철도통합연표,수인선 인천역 신역사 영업개시,,2016-02-27 00:00:00,미부착,,개방 가능,공공누리 1유형,,,O,,,,,단순 정보,
4562,철도산업정보센터,HOME > 철도역사관 > 철도통합연표,철도통합연표,숭의역 영업개시,,2016-02-27 00:00:00,미부착,,개방 가능,공공누리 1유형,,,O,,,,,단순 정보,
4563,철도산업정보센터,HOME > 철도역사관 > 철도통합연표,철도통합연표,신포역 영업개시,,2016-02-27 00:00:00,미부착,,개방 가능,공공누리 1유형,,,O,,,,,단순 정보,
4564,철도산업정보센터,HOME > 철도역사관 > 철도통합연표,철도통합연표,수인선 송도∼인천 간 광역전철 개통,,2016-02-27 00:00:00,미부착,,개방 가능,공공누리 1유형,,,O,,,,,단순 정보,
4565,철도산업정보센터,HOME > 철도역사관 > 철도통합연표,철도통합연표,최연혜 코레일 사장 퇴임,,2016-03-14 00:00:00,미부착,,개방 가능,공공누리 1유형,,,O,,,,,단순 정보,
4566,철도산업정보센터,HOME > 철도역사관 > 철도통합연표,철도통합연표,영종역 영업 개시,,2016-03-26 00:00:00,미부착,,개방 가능,공공누리 1유형,,,O,,,,,단순 정보,
4567,철도산업정보센터,HOME > 철도역사관 > 철도통합연표,철도통합연표,경북 예천 철도이설구간 4월 28일 개통,,2016-04-28 00:00:00,미부착,,개방 가능,공공누리 1유형,,,O,,,,,단순 정보,
4568,철도산업정보센터,HOME > 철도역사관 > 철도통합연표,철도통합연표,"성남~여주 광역철도, '경강선'으로 명명",,2016-04-29 00:00:00,미부착,,개방 가능,공공누리 1유형,,,O,,,,,단순 정보,
4569,철도산업정보센터,HOME > 철도역사관 > 철도통합연표,철도통합연표,경의중앙선 효창공원앞역 4월 30일 첫 손님맞이,,2016-04-30 00:00:00,미부착,,개방 가능,공공누리 1유형,,,O,,,,,단순 정보,
4570,철도산업정보센터,HOME > 철도역사관 > 철도통합연표,철도통합연표,코레일 제7대 홍순만 사장 취임,,2016-05-10 00:00:00,미부착,,개방 가능,공공누리 1유형,,,O,,,,,단순 정보,
4571,철도산업정보센터,HOME > 철도역사관 > 철도통합연표,철도통합연표,"부산도시철도 사상~하단선, 6월 15일 착공",,2016-06-15 00:00:00,미부착,,개방 가능,공공누리 1유형,,,O,,,,,단순 정보,
4572,철도산업정보센터,HOME > 철도역사관 > 철도통합연표,철도통합연표,"철도공단, 동해남부선 기장역 신축역사로 27일 이전",,2016-06-27 00:00:00,미부착,,개방 가능,공공누리 1유형,,,O,,,,,단순 정보,
4573,철도산업정보센터,HOME > 철도역사관 > 철도통합연표,철도통합연표,7월 1일부터 인천공항 자기부상철도 운영,,2016-07-01 00:00:00,미부착,,개방 가능,공공누리 1유형,,,O,,,,,단순 정보,
4574,철도산업정보센터,HOME > 철도역사관 > 철도통합연표,철도통합연표,"7월 14일, 경전선 복선 개통",,2016-07-14 00:00:00,미부착,,개방 가능,공공누리 1유형,,,O,,,,,단순 정보,
4575,철도산업정보센터,HOME > 철도역사관 > 철도통합연표,철도통합연표,인천지하철 2호선 개통 예정,,2016-07-30 00:00:00,미부착,,개방 가능,공공누리 1유형,,,O,,,,,단순 정보,
4576,철도산업정보센터,HOME > 철도역사관 > 철도통합연표,철도통합연표,신분당선 연장선 신사~강남 구간 착공,,2016-08-30 00:00:00,미부착,,개방 가능,공공누리 1유형,,,O,,,,,단순 정보,
4577,철도산업정보센터,HOME > 철도역사관 > 철도통합연표,철도통합연표,대구 도시철도 1호선 서편연장구간 9월 8일 개통,,2016-09-08 00:00:00,미부착,,개방 가능,공공누리 1유형,,,O,,,,,단순 정보,
4578,철도산업정보센터,HOME > 철도역사관 > 철도통합연표,철도통합연표,경춘선 금곡~춘천간 복선전철 건설사업 준공,,2016-09-22 00:00:00,미부착,,개방 가능,공공누리 1유형,,,O,,,,,단순 정보,
4579,철도산업정보센터,HOME > 철도역사관 > 철도통합연표,철도통합연표,"경강선 광역전철, 2016년 9월 24일 개통",,2016-09-24 00:00:00,미부착,,개방 가능,공공누리 1유형,,,O,,,,,단순 정보,
4580,철도산업정보센터,HOME > 철도역사관 > 철도통합연표,철도통합연표,경북선 예천~어등간 철도이설 건설사업 준공,,2016-12-01 00:00:00,미부착,,개방 가능,공공누리 1유형,,,O,,,,,단순 정보,
4581,철도산업정보센터,HOME > 철도역사관 > 철도통합연표,철도통합연표,"2016.12.9, 드디어 「수서고속철도」가 개통됩니다",,2016-12-09 00:00:00,미부착,,개방 가능,공공누리 1유형,,,O,,,,,단순 정보,
4582,철도산업정보센터,HOME > 철도역사관 > 철도통합연표,철도통합연표,동해선(부전~일광) 광역전철 영업개시,,2016-12-30 00:00:00,미부착,,개방 가능,공공누리 1유형,,,O,,,,,단순 정보,
4583,철도산업정보센터,HOME > 철도역사관 > 철도통합연표,철도통합연표,호남고속철도(오송 ~ 광주송정) 광주송정역사 건설사업 준공,,2017-01-06 00:00:00,미부착,,개방 가능,공공누리 1유형,,,O,,,,,단순 정보,
4584,철도산업정보센터,HOME > 철도역사관 > 철도통합연표,철도통합연표,중앙선 지평역 전동열차운행 영업개시,,2017-01-21 00:00:00,미부착,,개방 가능,공공누리 1유형,,,O,,,,,단순 정보,
4585,철도산업정보센터,HOME > 철도역사관 > 철도통합연표,철도통합연표,경부고속철도와 동해남부선 연결선 건설사업 준공,,2017-02-27 00:00:00,미부착,,개방 가능,공공누리 1유형,,,O,,,,,단순 정보,
4586,철도산업정보센터,HOME > 철도역사관 > 철도통합연표,철도통합연표,경부고속철도 대구도심구간 건설사업 준공,,2017-03-31 00:00:00,미부착,,개방 가능,공공누리 1유형,,,O,,,,,단순 정보,
4587,철도산업정보센터,HOME > 철도역사관 > 철도통합연표,철도통합연표,부산도시철도 1호선 연장 다대구간 오는 4월 20일 개통,,2017-04-20 00:00:00,미부착,,개방 가능,공공누리 1유형,,,O,,,,,단순 정보,
4588,철도산업정보센터,HOME > 철도역사관 > 철도통합연표,철도통합연표,서울특별시도시철도공사·서울메트로 합병,,2017-05-31 00:00:00,미부착,,개방 가능,공공누리 1유형,,,O,,,,,단순 정보,
4589,철도산업정보센터,HOME > 철도역사관 > 철도통합연표,철도통합연표,우이신설선 개통,,2017-09-02 00:00:00,미부착,,개방 가능,공공누리 1유형,,,O,,,,,단순 정보,
4590,철도산업정보센터,HOME > 철도역사관 > 철도통합연표,철도통합연표,원주~강릉 철도 12.22 개통,,2017-12-22 00:00:00,미부착,,개방 가능,공공누리 1유형,,,O,,,,,단순 정보,
4591,철도산업정보센터,HOME > 철도역사관 > 철도통합연표,철도통합연표,1월 13일(토) 인천공항 제2여객터미널 연결철도 개통,,2018-01-13 00:00:00,미부착,,개방 가능,공공누리 1유형,,,O,,,,,단순 정보,
4592,철도산업정보센터,HOME > 철도역사관 > 철도통합연표,철도통합연표,포항~영덕 동해선 26일 개통,,2018-01-26 00:00:00,미부착,,개방 가능,공공누리 1유형,,,O,,,,,단순 정보,
4593,철도산업정보센터,HOME > 철도역사관 > 철도통합연표,철도통합연표,신분당선 미금역 개통,,2018-04-28 00:00:00,미부착,,개방 가능,공공누리 1유형,,,O,,,,,단순 정보,
4594,철도산업정보센터,HOME > 철도역사관 > 철도통합연표,철도통합연표,서해선 소사~원시 복선전철 개통,,2018-06-15 00:00:00,미부착,,개방 가능,공공누리 1유형,,,O,,,,,단순 정보,
4595,철도산업정보센터,HOME > 철도역사관 > 철도통합연표,철도통합연표,진주∼광양 복선화 사업 준공,,2018-09-12 00:00:00,미부착,,개방 가능,공공누리 1유형,,,O,,,,,단순 정보,
4596,철도산업정보센터,HOME > 철도역사관 > 철도통합연표,철도통합연표,공항철도 마곡나루역 개통,,2018-09-29 00:00:00,미부착,,개방 가능,공공누리 1유형,,,O,,,,,단순 정보,
4597,철도산업정보센터,HOME > 철도역사관 > 철도통합연표,철도통합연표,12월 1일(토) 9호선 3단계 개통,,2018-12-01 00:00:00,미부착,,개방 가능,공공누리 1유형,,,O,,,,,단순 정보,
4598,철도산업정보센터,HOME > 철도역사관 > 철도통합연표,철도통합연표,경원선 월계~녹천 철도이설사업 준공,,2018-12-24 00:00:00,미부착,,개방 가능,공공누리 1유형,,,O,,,,,단순 정보,
4599,철도산업정보센터,HOME > 철도역사관 > 철도통합연표,철도통합연표,인천공항철도 마곡역 건설사업 준공,,2019-01-04 00:00:00,미부착,,개방 가능,공공누리 1유형,,,O,,,,,단순 정보,
4600,철도산업정보센터,HOME > 철도역사관 > 철도통합연표,철도통합연표,인천국제공항 제2여객터미널 연결철도 건설사업 준공,,2019-01-04 00:00:00,미부착,,개방 가능,공공누리 1유형,,,O,,,,,단순 정보,
4601,철도산업정보센터,HOME > 철도역사관 > 철도통합연표,철도통합연표,철도종합시험선로 준공식(2019.03.15),,2019-03-15 00:00:00,미부착,,개방 가능,공공누리 1유형,,,O,,,,,단순 정보,
4602,철도산업정보센터,HOME > 철도역사관 > 철도통합연표,철도통합연표,국토교통부 고시 제2019-484호(경부고속철도 2단계 대전역사 증축 건설사업 준공),,2019-04-18 00:00:00,미부착,,개방 가능,공공누리 1유형,,,O,,,,,단순 정보,
4603,철도산업정보센터,HOME > 철도역사관 > 철도통합연표,철도통합연표,7월 1일부터 9호선 1단계 시행사 직영 개시,,2019-07-01 00:00:00,미부착,,개방 가능,공공누리 1유형,,,O,,,,,단순 정보,
4604,철도산업정보센터,HOME > 철도역사관 > 철도통합연표,철도통합연표,9월 28일(토) 김포도시철도 개통,,2019-09-28 00:00:00,미부착,,개방 가능,공공누리 1유형,,,O,,,,,단순 정보,
4605,철도산업정보센터,HOME > 철도역사관 > 철도통합연표,철도통합연표,6호선 신내역 개통,,2019-12-21 00:00:00,미부착,,개방 가능,공공누리 1유형,,,O,,,,,단순 정보,
4606,철도산업정보센터,HOME > 철도역사관 > 철도통합연표,철도통합연표,성남∼여주 복선전철 건설사업 준공,,2020-01-17 00:00:00,미부착,,개방 가능,공공누리 1유형,,,O,,,,,단순 정보,
4607,철도산업정보센터,HOME > 철도역사관 > 철도통합연표,철도통합연표,경의선 문산역~임진강역 전철 개통,,2020-03-28 00:00:00,미부착,,개방 가능,공공누리 1유형,,,O,,,,,단순 정보,
4608,철도산업정보센터,HOME > 철도역사관 > 철도통합연표,철도통합연표,"하남시, 지하철 시대 개막…8일부터 미사역·풍산역 개통",,2020-08-08 00:00:00,미부착,,개방 가능,공공누리 1유형,,,O,,,,,단순 정보,
4609,철도산업정보센터,HOME > 철도역사관 > 철도통합연표,철도통합연표,좌천역 신축역사 개통,,2020-08-28 00:00:00,미부착,,개방 가능,공공누리 1유형,,,O,,,,,단순 정보,
4610,철도산업정보센터,HOME > 철도역사관 > 철도통합연표,철도통합연표,남창역 신축역사 개통,,2020-08-31 00:00:00,미부착,,개방 가능,공공누리 1유형,,,O,,,,,단순 정보,
4611,철도산업정보센터,HOME > 철도역사관 > 철도통합연표,철도통합연표,덕하역 신축역사 개통,,2020-09-02 00:00:00,미부착,,개방 가능,공공누리 1유형,,,O,,,,,단순 정보,
4612,철도산업정보센터,HOME > 철도역사관 > 철도통합연표,철도통합연표,"한국철도시설공단, ‘국가철도공단’으로 새롭게 출발",,2020-09-10 00:00:00,미부착,,개방 가능,공공누리 1유형,,,O,,,,,단순 정보,
4613,철도산업정보센터,HOME > 철도역사관 > 철도통합연표,철도통합연표,수원~인천 잇는 수인선 전 구간 12일 완전 개통,,2020-09-12 00:00:00,미부착,,개방 가능,공공누리 1유형,,,O,,,,,단순 정보,
4614,철도산업정보센터,HOME > 철도역사관 > 철도통합연표,철도통합연표,"한국철도, 신축 이전한 군산항선 ‘대야역’ 10일 영업 시작",,2020-12-10 00:00:00,미부착,,개방 가능,공공누리 1유형,,,O,,,,,단순 정보,
4615,철도산업정보센터,HOME > 철도역사관 > 철도통합연표,철도통합연표,군장산단 인입철도·익산~대야 개통…서해안축 물류거점 도약,,2020-12-10 00:00:00,미부착,,개방 가능,공공누리 1유형,,,O,,,,,단순 정보,
4616,철도산업정보센터,HOME > 철도역사관 > 철도통합연표,철도통합연표,인천도시철도 1호선 송도달빛축제공원역 개통,,2020-12-12 00:00:00,미부착,,개방 가능,공공누리 1유형,,,O,,,,,단순 정보,
4617,철도산업정보센터,HOME > 철도역사관 > 철도통합연표,철도통합연표,청량리에서 안동까지 신형 KTX 운행,,2021-01-05 00:00:00,미부착,,개방 가능,공공누리 1유형,,,O,,,,,단순 정보,
4618,철도산업정보센터,HOME > 철도역사관 > 철도통합연표,철도통합연표,동해남부선 신축 태화강역사 영업 개시,,2021-03-13 00:00:00,미부착,,개방 가능,공공누리 1유형,,,O,,,,,단순 정보,
4619,철도산업정보센터,HOME > 철도역사관 > 철도통합연표,철도통합연표,7호선 연장개통,,2021-05-22 00:00:00,미부착,,개방 가능,공공누리 1유형,,,O,,,,,단순 정보,
4620,철도산업정보센터,HOME > 철도역사관 > 철도통합연표,철도통합연표,"한국철도, 장항선 ‘탕정역’ 30일부터 영업 개시",,2021-10-30 00:00:00,미부착,,개방 가능,공공누리 1유형,,,O,,,,,단순 정보,
4621,철도산업정보센터,HOME > 철도역사관 > 철도통합연표,철도통합연표,"한국철도, 28일부터 동해선 부산~울산 간 전철 운행",,2021-12-28 00:00:00,미부착,,개방 가능,공공누리 1유형,,,O,,,,,단순 정보,
4622,철도산업정보센터,HOME > 철도역사관 > 철도통합연표,철도통합연표,진접선 개통,,2022-03-18 00:00:00,미부착,,개방 가능,공공누리 1유형,,,O,,,,,단순 정보,
4623,철도산업정보센터,HOME > 철도역사관 > 철도통합연표,철도통합연표,경부선 고속철도 서대구역 개통,,2022-03-31 00:00:00,미부착,,개방 가능,공공누리 1유형,,,O,,,,,단순 정보,
4624,철도산업정보센터,HOME > 철도역사관 > 철도통합연표,철도통합연표,신분당선 강남~신사 연장 개통,,2022-05-28 00:00:00,미부착,,개방 가능,공공누리 1유형,,,O,,,,,단순 정보,
4625,철도산업정보센터,HOME > 철도역사관 > 철도통합연표,철도통합연표,신림선 개통,,2022-05-28 00:00:00,미부착,,개방 가능,공공누리 1유형,,,O,,,,,단순 정보,
4626,철도산업정보센터,HOME > 철도역사관 > 철도통합연표,철도통합연표,경의선 운천역 12월 17일 개통,,2022-12-17 00:00:00,미부착,,개방 가능,공공누리 1유형,,,O,,,,,단순 정보,
4627,철도산업정보센터,HOME > 철도역사관 > 철도통합연표,철도통합연표,경전선 진주～광양 전철화 개통,,2023-06-22 00:00:00,미부착,,개방 가능,공공누리 1유형,,,O,,,,,단순 정보,
4628,철도산업정보센터,HOME > 철도역사관 > 철도통합연표,철도통합연표,원주~강릉 철도건설사업(평창~강릉구간) 준공,,2023-06-30 00:00:00,미부착,,개방 가능,공공누리 1유형,,,O,,,,,단순 정보,
4629,철도산업정보센터,HOME > 철도역사관 > 철도통합연표,철도통합연표,"원주~강릉 철도건설사업(원주~평창, 강릉시구간) 준공",,2023-06-30 00:00:00,미부착,,개방 가능,공공누리 1유형,,,O,,,,,단순 정보,
4630,철도산업정보센터,HOME > 철도역사관 > 철도통합연표,철도통합연표,서해선 대곡~소사 구간 개통,,2023-07-01 00:00:00,미부착,,개방 가능,공공누리 1유형,,,O,,,,,단순 정보,
4631,철도산업정보센터,HOME > 철도역사관 > 철도통합연표,철도통합연표,중앙선 원주~제천 복선전철 사업 부분준공,,2023-07-31 00:00:00,미부착,,개방 가능,공공누리 1유형,,,O,,,,,단순 정보,
4632,철도산업정보센터,HOME > 철도역사관 > 철도유물유적,철도유물유적,등록문화재 제56호 대한통운 제천영업소 (大韓通運 堤川營業所),http://www.kric.go.kr/jsp/board/portal/sub06/railArtifactsList.jsp,,미부착,,개방 가능,공공누리 1유형,,,O,,,,,저작물성 없음,사진은 저작권성 없음
4633,철도산업정보센터,HOME > 철도역사관 > 철도유물유적,철도유물유적,제 336 호 삼척 하고사리역사,,,미부착,,개방 가능,공공누리 1유형,,,O,,,,,저작물성 없음,사진은 저작권성 없음
4634,철도산업정보센터,HOME > 철도역사관 > 철도유물유적,철도유물유적,제 326 호 문경 불정역사,,,미부착,,개방 가능,공공누리 1유형,,,O,,,,,저작권보호기간 만료,사진은 저작권성 없음
4635,철도산업정보센터,HOME > 철도역사관 > 철도유물유적,철도유물유적,제 305 호 보령 청소역사,,,미부착,,개방 가능,공공누리 1유형,,,O,,,,,저작권보호기간 만료,사진은 저작권성 없음
4636,철도산업정보센터,HOME > 철도역사관 > 철도유물유적,철도유물유적,제 304 호 문경 가은역사,,,미부착,,개방 가능,공공누리 1유형,,,O,,,,,저작권보호기간 만료,사진은 저작권성 없음
4637,철도산업정보센터,HOME > 철도역사관 > 철도유물유적,철도유물유적,제 303 호 대구 동촌역사,,,미부착,,개방 가능,공공누리 1유형,,,O,,,,,저작권보호기간 만료,사진은 저작권성 없음
4638,철도산업정보센터,HOME > 철도역사관 > 철도유물유적,철도유물유적,제 302 호 부산 송정역사,,,미부착,,개방 가능,공공누리 1유형,,,O,,,,,저작권보호기간 만료,사진은 저작권성 없음
4639,철도산업정보센터,HOME > 철도역사관 > 철도유물유적,철도유물유적,제 301 호 여수 율촌역사,,,미부착,,개방 가능,공공누리 1유형,,,O,,,,,저작권보호기간 만료,사진은 저작권성 없음
4640,철도산업정보센터,HOME > 철도역사관 > 철도유물유적,철도유물유적,제 300호 서울 화랑대역사,,,미부착,,개방 가능,공공누리 1유형,,,O,,,,,저작권보호기간 만료,사진은 저작권성 없음
4641,철도산업정보센터,HOME > 철도역사관 > 철도유물유적,철도유물유적,제 299 호 나주 남평역사,,,미부착,,개방 가능,공공누리 1유형,,,O,,,,,저작권보호기간 만료,사진은 저작권성 없음
4642,철도산업정보센터,HOME > 철도역사관 > 철도유물유적,철도유물유적,제 298호 삼척 도경리역사,,,미부착,,개방 가능,공공누리 1유형,,,O,,,,,저작권보호기간 만료,사진은 저작권성 없음
4643,철도산업정보센터,HOME > 철도역사관 > 철도유물유적,철도유물유적,제 297 호 영동 심천역사,,,미부착,,개방 가능,공공누리 1유형,,,O,,,,,저작권보호기간 만료,사진은 저작권성 없음
4644,철도산업정보센터,HOME > 철도역사관 > 철도유물유적,철도유물유적,제 296호 양평 구둔역사,,,미부착,,개방 가능,공공누리 1유형,,,O,,,,,저작권보호기간 만료,사진은 저작권성 없음
4645,철도산업정보센터,HOME > 철도역사관 > 철도유물유적,철도유물유적,제 295 호 남양주 팔당역사,,,미부착,,개방 가능,공공누리 1유형,,,O,,,,,저작권보호기간 만료,사진은 저작권성 없음
4646,철도산업정보센터,HOME > 철도역사관 > 철도유물유적,철도유물유적,제 294호 고양 일산역사,,,미부착,,개방 가능,공공누리 1유형,,,O,,,,,저작권보호기간 만료,사진은 저작권성 없음
4647,철도산업정보센터,HOME > 철도역사관 > 철도유물유적,철도유물유적,제 270호 대구 반야월역사,,,미부착,,개방 가능,공공누리 1유형,,,O,,,,,저작권보호기간 만료,사진은 저작권성 없음
4648,철도산업정보센터,HOME > 철도역사관 > 철도유물유적,철도유물유적,제 208호 군산 임피역사,,,미부착,,개방 가능,공공누리 1유형,,,O,,,,,저작권보호기간 만료,사진은 저작권성 없음
4649,철도산업정보센터,HOME > 철도역사관 > 철도유물유적,철도유물유적,제 210 호 익산 춘포역사,,,미부착,,개방 가능,공공누리 1유형,,,O,,,,,저작권보호기간 만료,사진은 저작권성 없음
4650,철도산업정보센터,HOME > 철도역사관 > 철도유물유적,철도유물유적,제 208호 군산 임피역사,,,미부착,,개방 가능,공공누리 1유형,,,O,,,,,저작권보호기간 만료,사진은 저작권성 없음
4651,철도산업정보센터,HOME > 철도역사관 > 철도유물유적,철도유물유적,제 192 호 경남 진해역사,,,미부착,,개방 가능,공공누리 1유형,,,O,,,,,저작권보호기간 만료,사진은 저작권성 없음
4652,철도산업정보센터,HOME > 철도역사관 > 철도유물유적,철도유물유적,제 165 호 원주 반곡역사,,,미부착,,개방 가능,공공누리 1유형,,,O,,,,,저작권보호기간 만료,사진은 저작권성 없음
4653,철도산업정보센터,HOME > 철도역사관 > 철도유물유적,철도유물유적,제 136호 서울 신촌역사,,,미부착,,개방 가능,공공누리 1유형,,,O,,,,,저작권보호기간 만료,사진은 저작권성 없음
4654,철도산업정보센터,HOME > 철도역사관 > 철도유물유적,철도유물유적,제 128 호 전남 원창역사,,,미부착,,개방 가능,공공누리 1유형,,,O,,,,,저작권보호기간 만료,사진은 저작권성 없음
4655,철도산업정보센터,HOME > 철도역사관 > 철도유물유적,철도유물유적,제 122 호 전남 구 곡성역사,,,미부착,,개방 가능,공공누리 1유형,,,O,,,,,저작권보호기간 만료,사진은 저작권성 없음
4656,철도산업정보센터,HOME > 철도역사관 > 철도유물유적,철도유물유적,제 105 호 울산 남창역사,,,미부착,,개방 가능,공공누리 1유형,,,O,,,,,저작권보호기간 만료,사진은 저작권성 없음
4657,철도산업정보센터,HOME > 철도역사관 > 철도유물유적,철도유물유적,국가지정문화재 사적 제284호 구 서울역사,,,미부착,,개방 가능,공공누리 1유형,,,O,,,,,저작권보호기간 만료,사진은 저작권성 없음
4658,철도산업정보센터,HOME > 철도역사관 > 철도유물유적,철도유물유적,제 21 호 태백 철암역두선탄시설,,,미부착,,개방 가능,공공누리 1유형,,,O,,,,,저작권보호기간 만료,사진은 저작권성 없음
4659,철도산업정보센터,HOME > 철도역사관 > 철도유물유적,철도유물유적,제 285 호 칠곡 구 왜관터널,,,미부착,,개방 가능,공공누리 1유형,,,O,,,,,저작권보호기간 만료,사진은 저작권성 없음
4660,철도산업정보센터,HOME > 철도역사관 > 철도유물유적,철도유물유적,제 204 호 밀양 상동터널,,,미부착,,개방 가능,공공누리 1유형,,,O,,,,,저작권보호기간 만료,사진은 저작권성 없음
4661,철도산업정보센터,HOME > 철도역사관 > 철도유물유적,철도유물유적,제 138 호 중앙선 원주역 급수탑,,,미부착,,개방 가능,공공누리 1유형,,,O,,,,,저작권보호기간 만료,사진은 저작권성 없음
4662,철도산업정보센터,HOME > 철도역사관 > 철도유물유적,철도유물유적,제 63 호 호남선 구 학교역 급수탑,,,미부착,,개방 가능,공공누리 1유형,,,O,,,,,저작권보호기간 만료,사진은 저작권성 없음
4663,철도산업정보센터,HOME > 철도역사관 > 철도유물유적,철도유물유적,제 50호 중앙선 영천역 급수탑,,,미부착,,개방 가능,공공누리 1유형,,,O,,,,,저작권보호기간 만료,사진은 저작권성 없음
4664,철도산업정보센터,HOME > 철도역사관 > 철도유물유적,철도유물유적,제 49호 중앙선 안동역 급수탑,,,미부착,,개방 가능,공공누리 1유형,,,O,,,,,저작권보호기간 만료,사진은 저작권성 없음
4665,철도산업정보센터,HOME > 철도역사관 > 철도유물유적,철도유물유적,제 48 호 호남선 연산역 급수탑,,,미부착,,개방 가능,공공누리 1유형,,,O,,,,,저작권보호기간 만료,사진은 저작권성 없음
4666,철도산업정보센터,HOME > 철도역사관 > 철도유물유적,철도유물유적,제 47 호 경부선 추풍령역 급수탑,,,미부착,,개방 가능,공공누리 1유형,,,O,,,,,저작권보호기간 만료,사진은 저작권성 없음
4667,철도산업정보센터,HOME > 철도역사관 > 철도유물유적,철도유물유적,제 46 호 삼척 도계역 급수탑,,,미부착,,개방 가능,공공누리 1유형,,,O,,,,,저작권보호기간 만료,사진은 저작권성 없음
4668,철도산업정보센터,HOME > 철도역사관 > 철도유물유적,철도유물유적,제 45 호 경원선 연천역 급수탑,,,미부착,,개방 가능,공공누리 1유형,,,O,,,,,저작권보호기간 만료,사진은 저작권성 없음
4669,철도산업정보센터,HOME > 철도역사관 > 철도유물유적,철도유물유적,제 51호 경부선 삼랑진 급수탑,,,미부착,,개방 가능,공공누리 1유형,,,O,,,,,저작권보호기간 만료,사진은 저작권성 없음
4670,철도산업정보센터,HOME > 철도역사관 > 철도유물유적,철도유물유적,제 406 호 칠곡 왜관철교,,,미부착,,개방 가능,공공누리 1유형,,,O,,,,,저작권보호기간 만료,사진은 저작권성 없음
4671,철도산업정보센터,HOME > 철도역사관 > 철도유물유적,철도유물유적,제 250 호 한강절도교,,,미부착,,개방 가능,공공누리 1유형,,,O,,,,,저작권보호기간 만료,사진은 저작권성 없음
4672,철도산업정보센터,HOME > 철도역사관 > 철도유물유적,철도유물유적,제 112 호 금강산전기절도교량,,,미부착,,개방 가능,공공누리 1유형,,,O,,,,,저작권보호기간 만료,사진은 저작권성 없음
4673,철도산업정보센터,HOME > 철도역사관 > 철도유물유적,철도유물유적,제 79 호 경의선 장단역 죽음의 다리,,,미부착,,개방 가능,공공누리 1유형,,,O,,,,,저작권보호기간 만료,사진은 저작권성 없음
4674,철도산업정보센터,HOME > 철도역사관 > 철도유물유적,철도유물유적,제 59 호 영동 노근리 쌍굴다리,,,미부착,,개방 가능,공공누리 1유형,,,O,,,,,저작권보호기간 만료,사진은 저작권성 없음
4675,철도산업정보센터,HOME > 철도역사관 > 철도유물유적,철도유물유적,제 428 호 용산철도병원,,,미부착,,개방 가능,공공누리 1유형,,,O,,,,,저작권보호기간 만료,사진은 저작권성 없음
4676,철도산업정보센터,HOME > 철도역사관 > 철도유물유적,철도유물유적,제 269 호 청량리역 검수차고,,,미부착,,개방 가능,공공누리 1유형,,,O,,,,,저작권보호기간 만료,사진은 저작권성 없음
4677,철도산업정보센터,HOME > 철도역사관 > 철도유물유적,철도유물유적,제 202호 진주역 차량정비고,,,미부착,,개방 가능,공공누리 1유형,,,O,,,,,저작권보호기간 만료,사진은 저작권성 없음
4678,철도산업정보센터,HOME > 철도역사관 > 철도유물유적,철도유물유적,제168호 대전 보급창고,,,미부착,,개방 가능,공공누리 1유형,,,O,,,,,저작권보호기간 만료,사진은 저작권성 없음
4679,철도산업정보센터,HOME > 철도역사관 > 철도유물유적,철도유물유적,제 77 호 경의선 구 장단역지,,,미부착,,개방 가능,공공누리 1유형,,,O,,,,,저작권보호기간 만료,사진은 저작권성 없음
4680,철도산업정보센터,HOME > 철도역사관 > 철도유물유적,철도유물유적,철도경찰복(상하),,,미부착,,개방 가능,공공누리 1유형,,,O,,,,,저작권보호기간 만료,사진은 저작권성 없음
4681,철도산업정보센터,HOME > 철도역사관 > 철도유물유적,철도유물유적,등록문화재 제423호 대한제국기 철도 통표 (大韓帝國期 鐵道 通票),,,미부착,,개방 가능,공공누리 1유형,,,O,,,,,저작권보호기간 만료,사진은 저작권성 없음
4682,철도산업정보센터,HOME > 철도역사관 > 철도유물유적,철도유물유적,제 426 호 서울 전차 363호,,,미부착,,개방 가능,공공누리 1유형,,,O,,,,,저작권보호기간 만료,사진은 저작권성 없음
4683,철도산업정보센터,HOME > 철도역사관 > 철도유물유적,철도유물유적,제 422 호 의왕 협궤용 유개화차,,,미부착,,개방 가능,공공누리 1유형,,,O,,,,,저작권보호기간 만료,사진은 저작권성 없음
4684,철도산업정보센터,HOME > 철도역사관 > 철도유물유적,철도유물유적,제 421 호 의왕 협궤용 무개화차,,,미부착,,개방 가능,공공누리 1유형,,,O,,,,,저작권보호기간 만료,사진은 저작권성 없음
4685,철도산업정보센터,HOME > 철도역사관 > 철도유물유적,철도유물유적,제 420 호 의왕 주한유엔군사령관 전용객차,,,미부착,,개방 가능,공공누리 1유형,,,O,,,,,저작권보호기간 만료,사진은 저작권성 없음
4686,철도산업정보센터,HOME > 철도역사관 > 철도유물유적,철도유물유적,제 419 호 의왕 대통령전용 객차,,,미부착,,개방 가능,공공누리 1유형,,,O,,,,,저작권보호기간 만료,사진은 저작권성 없음
4687,철도산업정보센터,HOME > 철도역사관 > 철도유물유적,철도유물유적,제 418호 의왕 협궤 증기관차 13호,,,미부착,,개방 가능,공공누리 1유형,,,O,,,,,저작권보호기간 만료,사진은 저작권성 없음
4688,철도산업정보센터,HOME > 철도역사관 > 철도유물유적,철도유물유적,제 417 호 의왕 파시형 증기관차 23호,,,미부착,,개방 가능,공공누리 1유형,,,O,,,,,저작권보호기간 만료,사진은 저작권성 없음
4689,철도산업정보센터,HOME > 철도역사관 > 철도유물유적,철도유물유적,제 416 호 부산 디젤전기기관차 2001호,,,미부착,,개방 가능,공공누리 1유형,,,O,,,,,저작권보호기간 만료,사진은 저작권성 없음
4690,철도산업정보센터,HOME > 철도역사관 > 철도유물유적,철도유물유적,제 415 호 대전 미카형 증기기관차 129호,,,미부착,,개방 가능,공공누리 1유형,,,O,,,,,저작권보호기간 만료,사진은 저작권성 없음
4691,철도산업정보센터,HOME > 철도역사관 > 철도유물유적,철도유물유적,제 414 호 제주 미카형 증기기관차 304호,,,미부착,,개방 가능,공공누리 1유형,,,O,,,,,저작권보호기간 만료,사진은 저작권성 없음
4692,철도산업정보센터,HOME > 철도역사관 > 철도유물유적,철도유물유적,제 78 호 경의선 장단역증기기관차,,,미부착,,개방 가능,공공누리 1유형,,,O,,,,,저작권보호기간 만료,사진은 저작권성 없음
4693,철도산업정보센터,HOME > 철도역사관 > 철도유물유적,철도유물유적,제 425 호 의왕 쌍신폐색기,,,미부착,,개방 가능,공공누리 1유형,,,O,,,,,저작권보호기간 만료,사진은 저작권성 없음
4694,철도산업정보센터,HOME > 철도역사관 > 철도유물유적,철도유물유적,제 424호 의왕 경인철도레일,,,미부착,,개방 가능,공공누리 1유형,,,O,,,,,저작권보호기간 만료,사진은 저작권성 없음
4695,철도산업정보센터,HOME > 철도역사관 > 철도유물유적,철도유물유적,제 423 호 의왕 대한제국기 철도통표,,,미부착,,개방 가능,공공누리 1유형,,,O,,,,,저작권보호기간 만료,사진은 저작권성 없음
4696,철도산업정보센터,HOME > 철도역사관 > 역사속철도인,역사속철도인,윤덕영(조선),http://www.kric.go.kr/jsp/board/portal/sub06/railManList.jsp,,미부착,,개방 가능,공공누리 1유형,,,O,,,,,업무상 저작물,사진저작권 보호기간 만료
4697,철도산업정보센터,HOME > 철도역사관 > 역사속철도인,역사속철도인,"콜브란, 보스트위크(콜브란(영국), 보스트위크(미국))",,,미부착,,개방 가능,공공누리 1유형,,,O,,,,,업무상 저작물,
4698,철도산업정보센터,HOME > 철도역사관 > 역사속철도인,역사속철도인,박기종(조선),,,미부착,,개방 가능,공공누리 1유형,,,O,,,,,업무상 저작물,사진저작권 보호기간 만료
4699,철도산업정보센터,HOME > 철도역사관 > 역사속철도인,역사속철도인,알렌(미국),,,미부착,,개방 가능,공공누리 1유형,,,O,,,,,업무상 저작물,사진저작권 보호기간 만료
4700,철도산업정보센터,HOME > 철도역사관 > 역사속철도인,역사속철도인,시부사와 에이이찌(일본),,,미부착,,내부확인 필요,공공누리 2~4유형,,,,,O,,,이미지 포함(출처불명 초상화),
4701,철도산업정보센터,HOME > 철도역사관 > 역사속철도인,역사속철도인,모스(미국),,,미부착,,내부확인 필요,공공누리 2~4유형,,,,,O,,,이미지 포함(출처불명 초상화),
4702,철도산업정보센터,HOME > 철도역사관 > 역사속철도인,역사속철도인,민병석(조선),,,미부착,,내부확인 필요,공공누리 2~4유형,,,,,O,,,이미지 포함(출처불명 초상화),
4703,철도산업정보센터,HOME > 철도역사관 > 역사속철도인,역사속철도인,이하영(조선),,,미부착,,내부확인 필요,공공누리 2~4유형,,,,,O,,,이미지 포함(출처불명 초상화),
4704,철도산업정보센터,HOME > 철도역사관 > 역사속철도인,역사속철도인,고종(조선),,,미부착,,내부확인 필요,공공누리 2~4유형,,,,,O,,,이미지 포함(출처불명 초상화),
4705,철도산업정보센터,HOME > 철도역사관 > 역사속철도인,역사속철도인,김기수(조선),,,미부착,,내부확인 필요,공공누리 2~4유형,,,,,O,,,이미지 포함(출처불명 초상화),
4706,철도산업정보센터,HOME > 철도역사관 > 철도사 이야기,철도사 이야기,교량 변천사,http://www.kric.go.kr/jsp/board/portal/sub06/fieldsHistoryList.jsp,,미부착,,개방 가능,공공누리 1유형,,,O,,,,,업무상 저작물,
4707,철도산업정보센터,HOME > 철도역사관 > 철도사 이야기,철도사 이야기,방수의 변천사,,,미부착,,개방 가능,공공누리 1유형,,,O,,,,,업무상 저작물,
4708,철도산업정보센터,HOME > 철도역사관 > 철도사 이야기,철도사 이야기,신호설비의 변천사,,,미부착,,개방 가능,공공누리 1유형,,,O,,,,,업무상 저작물,
4709,철도산업정보센터,HOME > 철도역사관 > 철도사 이야기,철도사 이야기,역무자동화설비의 변천사,,,미부착,,개방 가능,공공누리 1유형,,,O,,,,,업무상 저작물,
4710,철도산업정보센터,HOME > 철도역사관 > 철도사 이야기,철도사 이야기,역사(驛舍) 건축의 변천사,,,미부착,,개방 가능,공공누리 1유형,,,O,,,,,업무상 저작물,
4711,철도산업정보센터,HOME > 철도역사관 > 철도사 이야기,철도사 이야기,철도 토공 기술의 변천사,,,미부착,,개방 가능,공공누리 1유형,,,O,,,,,업무상 저작물,
4712,철도산업정보센터,HOME > 철도역사관 > 철도사 이야기,철도사 이야기,터널의 변천사,,,미부착,,개방 가능,공공누리 1유형,,,O,,,,,업무상 저작물,
4713,철도산업정보센터,HOME > 철도역사관 > 철도사 이야기,철도사 이야기,침목의 변천사,,,미부착,,개방 가능,공공누리 1유형,,,O,,,,,업무상 저작물,
4714,철도산업정보센터,HOME > 철도역사관 > 철도사 이야기,철도사 이야기,경원선 철도부설의 역사,,,미부착,,개방 가능,공공누리 1유형,,,O,,,,,업무상 저작물,
4715,철도산업정보센터,HOME > 철도역사관 > 철도사 이야기,철도사 이야기,우리나라 해저터널의 역사와 미래,,,미부착,,개방 가능,공공누리 1유형,,,O,,,,,업무상 저작물,
4716,철도산업정보센터,HOME > 철도역사관 > 철도사 이야기,철도사 이야기,교량의 역사,,,미부착,,개방 가능,공공누리 1유형,,,O,,,,,업무상 저작물,
4717,철도산업정보센터,HOME > 철도역사관 > 철도사 이야기,철도사 이야기,남북철도연결(북한철도현대화) 역사,,,미부착,,개방 가능,공공누리 1유형,,,O,,,,,업무상 저작물,
4718,철도산업정보센터,HOME > 철도역사관 > 철도사 이야기,철도사 이야기,네트워크의 역사,,,미부착,,개방 가능,공공누리 1유형,,,O,,,,,업무상 저작물,
4719,철도산업정보센터,HOME > 철도역사관 > 철도사 이야기,철도사 이야기,한국 철도신호 변천사,,,미부착,,개방 가능,공공누리 1유형,,,O,,,,,업무상 저작물,
4720,철도산업정보센터,HOME > 철도역사관 > 철도사 이야기,철도사 이야기,철도차량의 역사,,,미부착,,개방 가능,공공누리 1유형,,,O,,,,,업무상 저작물,
4721,철도산업정보센터,HOME > 철도역사관 > 철도사 이야기,철도사 이야기,우리나라 기관차 역사,,,미부착,,개방 가능,공공누리 1유형,,,O,,,,,업무상 저작물,
4722,철도산업정보센터,HOME > 철도역사관 > 철도사 이야기,철도사 이야기,우리나라 철도기관차의 역사,,,미부착,,개방 가능,공공누리 1유형,,,O,,,,,업무상 저작물,
4723,철도산업정보센터,HOME > 철도역사관 > 철도사 이야기,철도사 이야기,철도 고속화의 역사와 전망,,,미부착,,개방 가능,공공누리 1유형,,,O,,,,,업무상 저작물,
4724,철도산업정보센터,HOME > 철도역사관 > 철도사 이야기,철도사 이야기,세계 고속열차 최고속도 기록의 역사,,,미부착,,개방 가능,공공누리 1유형,,,O,,,,,업무상 저작물,
4725,철도산업정보센터,HOME > 철도역사관 > 철도사 이야기,철도사 이야기,경원선 철도부설의 역사,,,미부착,,개방 가능,공공누리 1유형,,,O,,,,,업무상 저작물,
4726,철도산업정보센터,HOME > 철도역사관 > 철도사 이야기,철도사 이야기,사진으로 보는 철도의 역사,,,미부착,,개방 가능,공공누리 1유형,,,O,,,,,업무상 저작물,
4727,철도산업정보센터,HOME > 철도역사관 > 철도사 이야기,철도사 이야기,해방이후 폐선된 주요선로 현황 및 역사적 배경,,,미부착,,개방 가능,공공누리 1유형,,,O,,,,,업무상 저작물,
4728,철도산업정보센터,HOME > 철도역사관 > 철도사 이야기,철도사 이야기,한국철도 열차운전속도 변천사,,,미부착,,내부확인 필요,공공누리 2~4유형,,,,O,,,,제3자 권리(외부인 작성 자료),
4729,철도산업정보센터,HOME > 철도역사관 > 철도사 이야기,철도사 이야기,대한제국 시대 열차운행속도,,,미부착,,개방 가능,공공누리 1유형,,,O,,,,,업무상 저작물,
4730,철도산업정보센터,HOME > 철도역사관 > 역사자료,역사자료,한국철도의 역사 요약,http://www.kric.go.kr/jsp/board/portal/sub06/historyReferenceList.jsp,,미부착,,내부확인 필요,공공누리 2~4유형,,,,O,,,,발행자 미상 문서(제공 : 철도청),
4731,철도산업정보센터,HOME > 철도역사관 > 역사자료,역사자료,철도차량의 역사,,,미부착,,내부확인 필요,공공누리 2~4유형,,,,O,,,,발행자 미상 문서(제공 : 철도청),
4732,철도산업정보센터,HOME > 철도역사관 > 역사자료,역사자료,신호보안장치의 역사적고찰,,,미부착,,내부확인 필요,공공누리 2~4유형,,,,O,,,,발행자 미상 문서(제공 : 철도청),
4733,철도산업정보센터,HOME > 철도역사관 > 역사자료,역사자료,세계터널역사의 개관,,,미부착,,내부확인 필요,공공누리 2~4유형,,,,O,,,,발행자 미상 문서(제공 : 철도청),
4734,철도산업정보센터,HOME > 철도역사관 > 역사자료,역사자료,복합재료 교량의 역사와 기술현황,,,미부착,,내부확인 필요,공공누리 2~4유형,,,,O,,,,제3자 권리(외부인 작성 자료),
4735,철도산업정보센터,HOME > 철도역사관 > 역사자료,역사자료,교량붕괴의 역사가 주는 교훈,,,미부착,,내부확인 필요,공공누리 2~4유형,,,,O,,,,제3자 권리(외부인 작성 자료),
4736,철도산업정보센터,HOME > 철도역사관 > 역사자료,역사자료,극비문서 영업선철거전용계획,,,미부착,,내부확인 필요,공공누리 2~4유형,,,,O,,,,발행자 미상 문서(제공 : 철도박물관),제작년도 미상
4737,철도산업정보센터,HOME > 철도역사관 > 역사자료,역사자료,평원선공사사진첩,,,미부착,,내부확인 필요,공공누리 2~4유형,,,,O,,,,발행자 미상 문서(제공 : 철도박물관),제작년도 미상
4738,철도산업정보센터,HOME > 철도역사관 > 역사자료,역사자료,철도,,,미부착,,내부확인 필요,공공누리 2~4유형,,,,O,,,,제3자 권리(岩波書店[일본 이와나미쇼텐]),제작년도 미상
4739,철도산업정보센터,HOME > 철도역사관 > 역사자료,역사자료,천하무이만이천봉조선금강산,,,미부착,,개방 가능,공공누리 1유형,,,O,,,,,저작권보호기간 만료,
4740,철도산업정보센터,HOME > 철도역사관 > 역사자료,역사자료,직원록,,,미부착,,개방 가능,공공누리 1유형,,,O,,,,,저작권보호기간 만료,
4741,철도산업정보센터,HOME > 철도역사관 > 역사자료,역사자료,조선철도여행안내지도,,,미부착,,개방 가능,공공누리 1유형,,,O,,,,,저작권보호기간 만료,
4742,철도산업정보센터,HOME > 철도역사관 > 역사자료,역사자료,조선지풍광사진첩,,,미부착,,개방 가능,공공누리 1유형,,,O,,,,,저작권보호기간 만료,
4743,철도산업정보센터,HOME > 철도역사관 > 역사자료,역사자료,조선여행안내기,,,미부착,,내부확인 필요,공공누리 2~4유형,,,,O,,,,발행자 미상 문서(제공 : 철도박물관),제작년도 미상
4744,철도산업정보센터,HOME > 철도역사관 > 역사자료,역사자료,조선사진첩,,,미부착,,개방 가능,공공누리 1유형,,,O,,,,,저작권보호기간 만료,
4745,철도산업정보센터,HOME > 철도역사관 > 역사자료,역사자료,조선금강산사진첩,,,미부착,,내부확인 필요,공공누리 2~4유형,,,,O,,,,발행자 미상 문서(제공 : 철도박물관),제작년도 미상
4746,철도산업정보센터,HOME > 철도역사관 > 역사자료,역사자료,우량정주보선구,,,미부착,,개방 가능,공공누리 1유형,,,O,,,,,저작권보호기간 만료,
4747,철도산업정보센터,HOME > 철도역사관 > 역사자료,역사자료,우량정읍보선구,,,미부착,,개방 가능,공공누리 1유형,,,O,,,,,저작권보호기간 만료,
4748,철도산업정보센터,HOME > 철도역사관 > 역사자료,역사자료,우량신의주보선구,,,미부착,,개방 가능,공공누리 1유형,,,O,,,,,저작권보호기간 만료,
4749,철도산업정보센터,HOME > 철도역사관 > 역사자료,역사자료,우량 김천 보선구,,,미부착,,개방 가능,공공누리 1유형,,,O,,,,,저작권보호기간 만료,
4750,철도산업정보센터,HOME > 철도역사관 > 역사자료,역사자료,외비운전취급심득,,,미부착,,개방 가능,공공누리 1유형,,,O,,,,,저작권보호기간 만료,
4751,철도산업정보센터,HOME > 철도역사관 > 역사자료,역사자료,역원교과서,,,미부착,,개방 가능,공공누리 1유형,,,O,,,,,저작권보호기간 만료,
4752,철도산업정보센터,HOME > 철도역사관 > 역사자료,역사자료,압록강교량공사보고,,,미부착,,개방 가능,공공누리 1유형,,,O,,,,,저작권보호기간 만료,
4753,철도산업정보센터,HOME > 철도역사관 > 역사자료,역사자료,수재기념사진첩,,,미부착,,개방 가능,공공누리 1유형,,,O,,,,,저작권보호기간 만료,
4754,철도산업정보센터,HOME > 철도역사관 > 역사자료,역사자료,부산압록강사진첩,,,미부착,,개방 가능,공공누리 1유형,,,O,,,,,저작권보호기간 만료,
4755,철도산업정보센터,HOME > 철도역사관 > 역사자료,역사자료,보선원필휴,,,미부착,,개방 가능,공공누리 1유형,,,O,,,,,저작권보호기간 만료,
4756,철도산업정보센터,HOME > 철도역사관 > 역사자료,역사자료,반도의 인상,,,미부착,,개방 가능,공공누리 1유형,,,O,,,,,저작권보호기간 만료,
4757,철도산업정보센터,HOME > 철도역사관 > 역사자료,역사자료,물품칭호감,,,미부착,,내부확인 필요,공공누리 2~4유형,,,,O,,,,발행자 미상 문서(제공 : 철도박물관),제작년도 미상
4758,철도산업정보센터,HOME > 철도역사관 > 역사자료,역사자료,만철경성철도주최제1회운수종사원수양단강습회기념사진첩,,,미부착,,개방 가능,공공누리 1유형,,,O,,,,,저작권보호기간 만료,
4759,철도산업정보센터,HOME > 철도역사관 > 역사자료,역사자료,국외비운전취급심득,,,미부착,,개방 가능,공공누리 1유형,,,O,,,,,저작권보호기간 만료,
4760,철도산업정보센터,HOME > 철도역사관 > 역사자료,역사자료,경전선북부상동순천간공사사진첩,,,미부착,,내부확인 필요,공공누리 2~4유형,,,,O,,,,발행자 미상 문서(제공 : 철도박물관),제작년도 미상
4761,철도산업정보센터,HOME > 철도역사관 > 역사자료,역사자료,경원선사진첩,,,미부착,,개방 가능,공공누리 1유형,,,O,,,,,저작권보호기간 만료,
4762,철도산업정보센터,HOME > 철도역사관 > 역사자료,역사자료,경성열차구1928,,,미부착,,개방 가능,공공누리 1유형,,,O,,,,,저작권보호기간 만료,
4763,철도산업정보센터,HOME > 철도역사관 > 역사자료,역사자료,경성열차구37년,,,미부착,,개방 가능,공공누리 1유형,,,O,,,,,저작권보호기간 만료,
4764,철도산업정보센터,HOME > 철도역사관 > 역사자료,역사자료,경성역신축기념사진집,,,미부착,,내부확인 필요,공공누리 2~4유형,,,,O,,,,발행자 미상 문서(제공 : 철도박물관),제작년도 미상
4765,철도산업정보센터,HOME > 철도역사관 > 역사자료,역사자료,경성 ALBUM,,,미부착,,내부확인 필요,공공누리 2~4유형,,,,O,,,,발행자 미상 문서(제공 : 철도박물관),제작년도 미상
4766,철도산업정보센터,HOME > 철도역사관 > 역사자료,역사자료,경부철도가,,,미부착,,개방 가능,공공누리 1유형,,,O,,,,,저작권보호기간 만료,
