한국영상자료원 공공저작물 권리확인 대상 목록,,,,,,,,,,,,,,,,,,,,,
순번,사이트명,게시판 진입 과정,게시판명,게시물 제목,부제,URL,기간/등록일,첨부파일,기존 공공누리 유형,,개방여부,공공누리유형,1.0,검토불가,단순/업무/비보호,제3자 권리,이미지/첨부파일,초상권,개인정보,의견,비고
1,한국영상자료원,HOME > 시네마테크KOFA > 프로그램 > 지난 프로그램,지난 프로그램,50년대 스크린을 사로잡은 스타: 이민,돌아온 사나이/모정/비오는 날의 오후세시/자유부인/촌색씨총 5 편,https://www.koreafilm.or.kr/cinematheque/programs,2002.03.04.월 ~ 03.08.금,,미부착,,개방 가능,공공누리 1유형,,,,,O,,,"모정(1958,VOD), 촌색시(1958년), 자유부인(1956년), 돌아온사나이(1960년), 비오는날의오후세시(1959년, VOD), 저작권 보호기간 만료",
2,한국영상자료원,HOME > 시네마테크KOFA > 프로그램 > 지난 프로그램,지난 프로그램,외국인을 위한 영화감상회,길소뜸 Gilsotteum/내시 Eunuch/독짓는 늙은이 Old Man Making a Jar/마부 A coachman/은마는 오지 않는다 The Silver Stallion Will Never Come/자유부인 Madam Freedom총 6 편,,2002.03.09.토 ~ 06.15.토,,미부착,,개방 가능,공공누리 2~4유형,,,,O,O,,,"자유부인(1956년), 길소뜸(1985년),마부(1961년),독짓는늙은이(1969년), 내시(1968년), 은마는 오지 않는다(1991년,예고편)",
3,한국영상자료원,HOME > 시네마테크KOFA > 프로그램 > 지난 프로그램,지난 프로그램,"한국영화의 세계화, 집념의 영화작가: 정진우",무궁화꽃이 피었습니다/뻐꾸기도 밤에 우는가/섬개구리 만세/초연/하숙생총 5 편,,2002.03.18.월 ~ 03.22.금,,미부착,,개방 가능,공공누리 2~4유형,,,,O,O,,,"정진우작가 자품-초연, 하숙생, 섬개구리만세, 뻐꾸기도밤에 우는가, 무궁화꽃이 피었습니다.",
4,한국영상자료원,HOME > 시네마테크KOFA > 프로그램 > 지난 프로그램,지난 프로그램,탄탄한 역기력의 무게있는 배우: 한은진,까치소리/로맨스그레이/씨받이/아들 딸 찾아 천리길/연산군(장한사모편)총 5 편,,2002.04.01.월 ~ 04.06.토,,미부착,,개방 가능,공공누리 2~4유형,,,,O,O,,,"연산군(1961), 로맨스그래이(1963), 아들딸찾아천리길(1971),씨받이(1986), 까치소리(1967)",
5,한국영상자료원,HOME > 시네마테크KOFA > 프로그램 > 지난 프로그램,지난 프로그램,이산의 아픔을 영상예술로 승화시킨: 안현철,남이장군/사명당/열두 여인/윤심덕/주유천하총 5 편,,2002.04.15.월 ~ 04.19.금,,미부착,,개방 가능,공공누리 2~4유형,,,,O,O,,,"주유천하(1962, vod), 윤심덕(1969), 남이장군(1964), 열두여인(1971), 사명당(1963)",
6,한국영상자료원,HOME > 시네마테크KOFA > 프로그램 > 지난 프로그램,지난 프로그램,열정과 야망을 내재한 유도 8단의 투사: 윤양하,마유미/뻐꾸기도 밤에 우는가/일송정 푸른솔은/임진란과 계월향(임진왜란과 계월향)/초대받은 성웅들총 5 편,,2002.05.06.월 ~ 05.10.금,,미부착,,개방 가능,공공누리 2~4유형,,,,O,O,,,"일송정 푸른솔은(1983), 초대받은성웅들(1984), 뻐구기도 밤에우는가(1980), 임진란과 계월향(1977), 마유미(1990,예고편 포함)",
7,한국영상자료원,HOME > 시네마테크KOFA > 프로그램 > 지난 프로그램,지난 프로그램,충무로 신사: 김응천,고교 우량아/모모는 철부지/제갈 맹순이/진아의 편지/푸른 교실총 5 편,,2002.05.20.월 ~ 05.24.금,,미부착,,개방 가능,공공누리 2~4유형,,,,O,O,,,"진아의 편지(1974), 모모는 철부지(1979), 제갈맹순이(1978), 푸른교실(1976),고교 우랑아(1977)",
8,한국영상자료원,HOME > 시네마테크KOFA > 프로그램 > 지난 프로그램,지난 프로그램,주증녀 이야기,고려장/고발/그 여자의 죄가 아니다/산불/옥비녀총 5 편,,2002.06.03.월 ~ 06.08.토,,미부착,,개방 가능,공공누리 2~4유형,,,,O,O,,,"산불(1967), 그 여자의 죄가아니다(1959), 옥비녀(1968),고발(1967),고려장(1963)",
9,한국영상자료원,HOME > 시네마테크KOFA > 프로그램 > 지난 프로그램,지난 프로그램,"반공 군사 영화의 신화, 영화 감독: 설태호",깊고 깊은 그곳에/에미의 들/원산공작/캐논청진공작/특별수사본부 기생 김소산총 5 편,,2002.06.17.월 ~ 06.21.금,,미부착,,개방 가능,공공누리 2~4유형,,,,O,O,,,"특별수사본부(1973), 캐논청진공작(1977),에미의들(1992),깊고깊은그곳에(1984),원산공작(1976)",
10,한국영상자료원,HOME > 시네마테크KOFA > 프로그램 > 지난 프로그램,지난 프로그램,"터프한 충무로의 젠틀맨, 50~70년대의 멋쟁이: 김석훈",고개를 넘으면/동심초/두만강아 잘 있거라/민검사와 여선생/의적 일지매총 5 편,,2002.07.08.월 ~ 07.12.금,,미부착,,개방 가능,공공누리 2~4유형,,,,O,O,,,"고개를 넘으면(1959),동심초(1959),의적일지매(1961),민검사와여선생(1966),두만강아잘있거라(1962)",
11,한국영상자료원,HOME > 시네마테크KOFA > 프로그램 > 지난 프로그램,지난 프로그램,독실한 믿음의 감독: 최하원,독짓는 늙은이/무녀도/절정/종군수첩/초대받은 사람들총 5 편,,2002.07.22.월 ~ 07.26.금,,미부착,,개방 가능,공공누리 2~4유형,,,,O,O,,,"독짓는늙은이(1961), 초대받은사람들(1981),무녀도(1972),종군수첩(1981),절정(1978)",
12,한국영상자료원,HOME > 시네마테크KOFA > 프로그램 > 지난 프로그램,지난 프로그램,눈물과 천사표의 페르소나: 이경희,다함께 부르고 싶은 노래/막난이비사 (망나니비사)/망부석/애/여정총 5 편,,2002.08.05.월 ~ 08.09.금,,미부착,,개방 가능,공공누리 2~4유형,,,,O,O,,,"망부석(1963), 다함께 부르고 싶은 노래(1979),애(1999),여정(1966),막난이비사(1955)",
13,한국영상자료원,HOME > 시네마테크KOFA > 프로그램 > 지난 프로그램,지난 프로그램,하이틴 영화의 봇물 터뜨리기: 문여송,로맨스그레이/사랑만들기/아스팔트위의 여자/진짜 진짜 잊지마/처녀의 성총 5 편,,2002.08.19.월 ~ 08.23.금,,미부착,,개방 가능,공공누리 2~4유형,,,,O,,,,"저작권 보호되는 영화, 다수의 스틸컷",
14,한국영상자료원,HOME > 시네마테크KOFA > 프로그램 > 지난 프로그램,지난 프로그램,임권택 특별회고전,깃발없는 기수/만다라/서편제/십년세도/씨받이/왕십리/짝코/춘향뎐/취화선/티켓총 10 편,,2002.09.02.월 ~ 09.06.금,,미부착,,개방 가능,공공누리 2~4유형,,,,O,O,,,"싸리골의 신화(1967), ….돈(1958)",
15,한국영상자료원,HOME > 시네마테크KOFA > 프로그램 > 지난 프로그램,지난 프로그램,독특한 개성과 카리스마의 명연기: 최남현,공처가 삼대/대석굴암/대원군/돈/싸리골의 신화총 5 편,,2002.09.09.월 ~ 09.13.금,,미부착,,개방 가능,공공누리 2~4유형,,,,O,O,,,"물망초(1960), 백설공주(1964)….",
16,한국영상자료원,HOME > 시네마테크KOFA > 프로그램 > 지난 프로그램,지난 프로그램,나의 아버지: 박구,못다한 사랑/물망초/백설공주/식모/우리강산 차차차총 5 편,,2002.09.23.월 ~ 09.27.금,,미부착,,개방 가능,공공누리 2~4유형,,,,O,O,,,"화심(1958,vod), 십년세도(1964),…",
17,한국영상자료원,HOME > 시네마테크KOFA > 프로그램 > 지난 프로그램,지난 프로그램,한국의 에바 가드너: 이민자,공작부인/모녀기타/빙우/십년세도/화심총 5 편,,2002.10.07.월 ~ 10.11.금,,미부착,,개방 가능,공공누리 2~4유형,,,,O,O,,,"붉은여군(1961), 세명의 아씨들(1962), 요람(1979)….",
18,한국영상자료원,HOME > 시네마테크KOFA > 프로그램 > 지난 프로그램,지난 프로그램,시에진 감독전,"목동 (The Herdsman, Mu Ma Ren)/붉은 여군 (The Red Detachment of Women)/세 명의 이씨 ( Big Li, Young Li and Old Li)/여성혁명가 추근 (Qiu Jin - A Revolutionary)/여자 농구선수 5번 (Woman Basketball Player Number 5, Nu lan wu hao)/요람 (Cradle)/티안윤 산의 전설 (Legend of Tianyun Mountain, Tian yun shan chuan qi)총 7 편",,2002.10.11.금 ~ 10.18.금,,미부착,,개방 가능,공공누리 2~4유형,,,,O,O,,,"여걸민비(로그인 vod서비스), 나머지는 1970년 이후",
19,한국영상자료원,HOME > 시네마테크KOFA > 프로그램 > 지난 프로그램,지난 프로그램,"분출하는 에너지, 반추의 여유: 임원식",대감신랑/아리랑/어머니/저높은 곳을 향하여/청일전쟁과 여걸 민비총 5 편,,2002.10.21.월 ~ 10.25.금,,미부착,,개방 가능,공공누리 2~4유형,,,,O,,,,"저작권 보호되는 영화, 다수의 스틸컷",
20,한국영상자료원,HOME > 시네마테크KOFA > 프로그램 > 지난 프로그램,지난 프로그램,세련된 화사함으로 대중의 욕망을 대변한: 이빈화,사랑의 역사/살인마/순애보/안개/청춘쌍곡선총 5 편,,2002.11.04.월 ~ 11.08.금,,미부착,,개방 가능,공공누리 2~4유형,,,,O,O,,,"청춘쌍곡선(1956), 사랑의 역사(1960), 순애보(1957), 나머지는 1965이후",
21,한국영상자료원,HOME > 시네마테크KOFA > 프로그램 > 지난 프로그램,지난 프로그램,김승호 특별회고전,로맨스빠빠/마부/서울의 지붕밑/육체의 길/천년호/해바라기가족총 6 편,,2002.11.11.월 ~ 11.15.금,,미부착,,개방 가능,공공누리 2~4유형,,,,O,O,,,"마부(1961), 로맨스빠빠(196)),해바라기가족(1961),서울의지붕밑(1961),나머지는 1967이후",
22,한국영상자료원,HOME > 시네마테크KOFA > 프로그램 > 지난 프로그램,지난 프로그램,소설적 묘사와 드라마틱한 영상미를 추구한 감독: 조문진,고가(古家)/과부/만날때까지/빗속의 연인들/새색시총 5 편,,2002.11.18.월 ~ 11.22.금,,미부착,,개방 가능,공공누리 2~4유형,,,,O,,,,"저작권 보호되는 영화, 다수의 스틸컷",
23,한국영상자료원,HOME > 시네마테크KOFA > 프로그램 > 지난 프로그램,지난 프로그램,선량한 악당으로 사랑받는 만능배우: 주선태,영원한 관계/오인의 건달/운명의 손/족보/화랑도총 5 편,,2002.12.02.월 ~ 12.06.금,,미부착,,개방 가능,공공누리 2~4유형,,,,O,O,,,"화랑도(1962),운명의 손(1954), 나머지는 1966년 이후",
24,한국영상자료원,HOME > 시네마테크KOFA > 프로그램 > 지난 프로그램,지난 프로그램,다양한 장르 섭렵한 기능주의자: 권영순,국회푸락치/백면검귀/진시황제와 만리장성/표류도/흙총 5 편,,2002.12.09.월 ~ 12.13.금,,미부착,,개방 가능,공공누리 2~4유형,,,,O,O,,,"흙(1960), 진시황제와 만리장성91962), 표류도(1960), 나머지는 1969 이후",
25,한국영상자료원,HOME > 시네마테크KOFA > 프로그램 > 지난 프로그램,지난 프로그램,영화의 고향을 찾아서 특별상영회,고래사냥/김약국의 딸들/바보선언/소나기/씨받이/아름다운 시절/여인잔혹사 물레야 물레야/이어도/축제/화엄경총 10 편,,2003.02.10.월 ~ 02.20.목,,미부착,,개방 가능,공공누리 2~4유형,,,,O,,,,"저작권 보호되는 영화, 다수의 스틸컷",
26,한국영상자료원,HOME > 시네마테크KOFA > 프로그램 > 지난 프로그램,지난 프로그램,정월대보름 영화축제,서편제총 1 편,,2003.02.15.토,,미부착,,개방 가능,공공누리 2~4유형,,,,O,,,,"저작권 보호되는 영화, 다수의 스틸컷",
27,한국영상자료원,HOME > 시네마테크KOFA > 프로그램 > 지난 프로그램,지난 프로그램,성실한 성격파 배우: 이순재,막차로 온 손님들/어머니/집념/초연/탈출총 5 편,,2003.03.03.월 ~ 03.07.금,,미부착,,개방 가능,공공누리 2~4유형,,,,O,,,,"저작권 보호되는 영화, 다수의 스틸컷",
28,한국영상자료원,HOME > 시네마테크KOFA > 프로그램 > 지난 프로그램,지난 프로그램,도시적 반공 이데올로기의 벽 허문 <피아골>의 이강천,대좌의 아들/무정/살아야 한다(일명 배꼽 대감)/죽은 자와 산 자/피아골총 5 편,,2003.03.17.월 ~ 03.12.수,,미부착,,개방 가능,공공누리 2~4유형,,,,O,,,,"저작권 보호되는 영화, 다수의 스틸컷",
29,한국영상자료원,HOME > 시네마테크KOFA > 프로그램 > 지난 프로그램,지난 프로그램,일본영화의 황금기 1950년대 거장 15인전,고지라/나니와의 사랑이야기/다시 만날 날까지/당신을 삽니다./막말태양전/무호마츠의 일생/미친 과실/밤의 강/백사전/백치/스물 네 개의 눈동자/애처 이야기/열쇠/오하루의 일생/입맞춤총 15 편,,2003.03.20.목 ~ 03.30.일,,미부착,,개방 가능,공공누리 1유형,,,,,O,,,다시만날때까지 등 모두 1960년 이전 작품,
30,한국영상자료원,HOME > 시네마테크KOFA > 프로그램 > 지난 프로그램,지난 프로그램,외국인을 위한 영화감상회,꿈 Dreams/다정불심 Tender-heartedness/벙어리 삼룡 Deaf Samryong-i/사랑방 손님과 어머니 Mother and a guest in the room of master/연산군(장한사모편) Yeonsangun/이조 여인잔혹사 Women of Yi-Dynasty/지옥화 The Flower in Hell총 7 편,,2003.03.22.토 ~ 06.21.토,,미부착,,개방 가능,공공누리 2~4유형,,,,O,O,,,"사랑방손님과 어머니(1961),연산군(19610,지옥화(1958), 나머지는 모두 1964년이후 ",
31,한국영상자료원,HOME > 시네마테크KOFA > 프로그램 > 지난 프로그램,지난 프로그램,촉망받은 70년대 배우. 마지막 작품은 외다리 연기: 우연정,그대 앞에 다시 서리라/들국화는 피었는데/배따라기/빵간에 산다/행운총 5 편,,2003.04.07.월 ~ 04.11.금,,미부착,,개방 가능,공공누리 2~4유형,,,,O,,,,"저작권 보호되는 영화, 다수의 스틸컷",
32,한국영상자료원,HOME > 시네마테크KOFA > 프로그램 > 지난 프로그램,지난 프로그램,승화된 영상에의 영원한 노스텔지어 고영남,결사대작전/설국/외인들/제2의 성/코리안 커넥션총 5 편,,2003.04.21.월 ~ 04.25.금,,미부착,,개방 가능,공공누리 2~4유형,,,,O,,,,"저작권 보호되는 영화, 다수의 스틸컷",
33,한국영상자료원,HOME > 시네마테크KOFA > 프로그램 > 지난 프로그램,지난 프로그램,소시민적 친화력과 곰삭은 연기의 매력: 최불암,달려라 만석아/문/세종대왕/최후의 증인/파계총 5 편,,2003.05.12.월 ~ 05.16.금,,미부착,,개방 가능,공공누리 2~4유형,,,,O,,,,"저작권 보호되는 영화, 다수의 스틸컷",
34,한국영상자료원,HOME > 시네마테크KOFA > 프로그램 > 지난 프로그램,지난 프로그램,김기,남과 북/병사와 아가씨들/상처/청춘의 덫/화녀촌총 5 편,,2003.05.26.월 ~ 05.30.금,,미부착,,개방 가능,공공누리 2~4유형,,,,O,,,,"저작권 보호되는 영화, 다수의 스틸컷",
35,한국영상자료원,HOME > 시네마테크KOFA > 프로그램 > 지난 프로그램,지난 프로그램,은은한 빛 발하는 만년 조역: 전양자,낙도의 무지개/난장이가 쏘아올린 작은공/비목/사랑은 가고 세월만 남아/해방동이총 5 편,,2003.06.09.월 ~ 06.13.금,,미부착,,개방 가능,공공누리 2~4유형,,,,O,,,,"저작권 보호되는 영화, 다수의 스틸컷",
36,한국영상자료원,HOME > 시네마테크KOFA > 프로그램 > 지난 프로그램,지난 프로그램,바른말 잘하는 이상언,2박 3일/범띠가시네/오빠하고 누나하고/오싱/조약돌총 5 편,,2003.06.23.월 ~ 06.27.금,,미부착,,개방 가능,공공누리 2~4유형,,,,O,,,,"저작권 보호되는 영화, 다수의 스틸컷",
37,한국영상자료원,HOME > 시네마테크KOFA > 프로그램 > 지난 프로그램,지난 프로그램,익살의 우람한 남성상...한국판 앤터니 퀸: 이대근,뻐꾸기도 밤에 우는가/석양의 10번가(빛을 마셔라)/연산군/장마/제삼부두 고슴도치총 5 편,,2003.07.07.월 ~ 07.11.금,,미부착,,개방 가능,공공누리 2~4유형,,,,O,,,,"저작권 보호되는 영화, 다수의 스틸컷",
38,한국영상자료원,HOME > 시네마테크KOFA > 프로그램 > 지난 프로그램,지난 프로그램,아름다운 액션을 추구하는 모더니스트 김영효,그대 변치마오/눈으로 묻고 얼굴로 대답하고 마음속 가득히 사랑은 영원히/대학생/사랑을 빌려 드립니다/황야의 외팔이총 5 편,,2003.07.21.월 ~ 07.25.금,,미부착,,개방 가능,공공누리 2~4유형,,,,O,,,,"저작권 보호되는 영화, 다수의 스틸컷",
39,한국영상자료원,HOME > 시네마테크KOFA > 프로그램 > 지난 프로그램,지난 프로그램,무료가족 시네마 축제,내 마음의 풍금/보리울의 여름/소나기/안녕하세요 하나님/오세암/우리들의 일그러진 영웅/집으로/참견은 노~ 사랑은 오예~/피아노 치는 대통령총 9 편,,2003.08.02.토 ~ 11.22.토,,미부착,,개방 가능,공공누리 2~4유형,,,,O,,,,"저작권 보호되는 영화, 다수의 스틸컷",
40,한국영상자료원,HOME > 시네마테크KOFA > 프로그램 > 지난 프로그램,지난 프로그램,<피아골>의 성격배우: 노경희,느티나무 있는 언덕/막난이비사 (망나니비사)/어느 하늘아래서/자유부인/피아골총 5 편,,2003.08.04.월 ~ 08.08.금,,미부착,,개방 가능,공공누리 1유형,,,,,O,,,"피아골(1955), 느타나무있는 언덕(1958), 자유부인(1956),막난이비사(1955)",
41,한국영상자료원,HOME > 시네마테크KOFA > 프로그램 > 지난 프로그램,지난 프로그램,충무로 액션의 대가 최영철,맨발로 왔다/맨주먹으로 왔다/여선장/홍콩의 단장잡이/후계자총 5 편,,2003.08.18.월 ~ 08.22.금,,미부착,,개방 가능,공공누리 2~4유형,,,,O,,,,"저작권 보호되는 영화, 다수의 스틸컷",
42,한국영상자료원,HOME > 시네마테크KOFA > 프로그램 > 지난 프로그램,지난 프로그램,아흐!! 후라이보이 곽규식 선생님!! 뵙고 싶어요!,5인의 해병/남자미용사/신사는 새것을 좋아한다/신화를 남긴 해병/언니는 말괄량이총 5 편,,2003.09.01.월 ~ 09.05.금,,미부착,,개방 가능,공공누리 2~4유형,,,,O,O,,,"언니는 말괄량이(1961),5인의 해병(1961), 나머지는 1963년 이후",
43,한국영상자료원,HOME > 시네마테크KOFA > 프로그램 > 지난 프로그램,지난 프로그램,카메라로 [생각했던 황소]... 쓸쓸히 돌아가 사극의 대인 최인현,로맨스마마/상감마마 미워요/순덕이/이상의 날개/이조 상노비사총 5 편,,2003.09.22.월 ~ 09.26.금,,미부착,,개방 가능,공공누리 2~4유형,,,,O,,,,"저작권 보호되는 영화, 다수의 스틸컷",
44,한국영상자료원,HOME > 시네마테크KOFA > 프로그램 > 지난 프로그램,지난 프로그램,맑고 깨끗한 배우: 안인숙,별들의 고향/아네모네 마담/어제 내린 비/특별수사본부 <제2탄> 여대생 이난희사건/황소타고 시집왔네총 5 편,,2003.10.06.월 ~ 10.10.금,,미부착,,개방 가능,공공누리 2~4유형,,,,O,,,,"저작권 보호되는 영화, 다수의 스틸컷",
45,한국영상자료원,HOME > 시네마테크KOFA > 프로그램 > 지난 프로그램,지난 프로그램,"1980년대 한국영화의 상처, 이장호",과부춤/무릎과 무릎사이/바람불어 좋은날/어우동/이장호의 외인구단총 5 편,,2003.10.20.월 ~ 10.24.금,,미부착,,개방 가능,공공누리 2~4유형,,,,O,,,,"저작권 보호되는 영화, 다수의 스틸컷",
46,한국영상자료원,HOME > 시네마테크KOFA > 프로그램 > 지난 프로그램,지난 프로그램,이낙훈: 아형을 생각하며,강력계/갯마을/꽃네/돌의 초상/섬마을선생총 5 편,,2003.11.03.월 ~ 11.07.금,,미부착,,개방 가능,공공누리 2~4유형,,,,O,,,,"저작권 보호되는 영화, 다수의 스틸컷",
47,한국영상자료원,HOME > 시네마테크KOFA > 프로그램 > 지난 프로그램,지난 프로그램,예리한 영상미를 추구하는 이원세,난장이가 쏘아올린 작은공/매일 죽는 남자/엄마없는 하늘아래/태양을 훔친 여자/특별수사본부 김수임의 일생총 5 편,,2003.11.17.월 ~ 11.21.금,,미부착,,개방 가능,공공누리 2~4유형,,,,O,,,,"저작권 보호되는 영화, 다수의 스틸컷",
48,한국영상자료원,HOME > 시네마테크KOFA > 프로그램 > 지난 프로그램,지난 프로그램,"추억이 긴 청춘스타, 한국의 오드리 햅번: 나오미",0시(영시)/교장선생 상경기/딸부자집/어머님 생전에/해 달 별 그리고 사랑총 5 편,,2003.12.01.월 ~ 12.05.금,,미부착,,개방 가능,공공누리 2~4유형,,,,O,,,,"저작권 보호되는 영화, 다수의 스틸컷",
49,한국영상자료원,HOME > 시네마테크KOFA > 프로그램 > 지난 프로그램,지난 프로그램,성과 권력에 대한 영화적 탐구 김호선의 영화작가 세계,겨울여자/미친사랑의 노래/사의 찬미/세번은 짧게 세번은 길게/영자의 전성시대총 5 편,,2003.12.08.월 ~ 12.12.금,,미부착,,개방 가능,공공누리 2~4유형,,,,O,,,,"저작권 보호되는 영화, 다수의 스틸컷",
50,한국영상자료원,HOME > 시네마테크KOFA > 프로그램 > 지난 프로그램,지난 프로그램,한국영상자료원 창립 30주년 기념 특별 상영전,경성/독립전야/마음의 고향/순종황제 인산습의/심청전/어화/자유만세/조선의 축산업/처용무/한국(고요한 아침의 나라)/한국의 주요 마을들총 11 편,,2004.01.27.화 ~ 01.29.목,,미부착,,개방 가능,공공누리 1유형,,,,,O,,,"마음의 고향(1946),자유만세(1946),독립전야(1948),심청전(1937),조선의축산업(1938) 등 모두 1960년 이전 작품",
51,한국영상자료원,HOME > 시네마테크KOFA > 프로그램 > 지난 프로그램,지난 프로그램,한국액션영화 시리즈 1 : 의리의 사나이,5인의 건달들/돌아온 팔도사나이/명동에 흐르는 세월/명동의 12 사나이/명동잔혹사/분노의 왼발/실록 김두한/악인이여 지옥행 급행열차를 타라(악인이여 지옥행 열차를 타라)/암살자/애꾸눈 박/원점/원한의 거리에 눈이 나린다/의리에 산다/인간사표를 써라/쟉크를 채워라/팔도사나이총 16 편,,2004.02.12.목 ~ 02.19.목,,미부착,,개방 가능,공공누리 2~4유형,,,,O,,,,"저작권 보호되는 영화, 다수의 스틸컷",
52,한국영상자료원,HOME > 시네마테크KOFA > 프로그램 > 지난 프로그램,지난 프로그램,매혹과 혼돈의 시대 1 : 1950년 멜로영화전,그 여자의 일생/느티나무 있는 언덕/동심초/모정/비오는 날의 오후 세시/순애보/여사장/운명의 손/자매의 화원/자유결혼/지옥화/청춘쌍곡선/촌색씨총 13 편,,2004.03.22.월 ~ 03.27.토,,미부착,,개방 가능,공공누리 1유형,,,,,O,,,모두 1960년 이전 작품,
53,한국영상자료원,HOME > 시네마테크KOFA > 프로그램 > 지난 프로그램,지난 프로그램,Home Sweet Home: 1960년대 홈 코미디 영화전,공처가 삼대/돼지꿈/로맨스그레이/로맨스빠빠/박서방/삼등과장/서울의 지붕밑/오부자/해바라기가족/행주치마총 10 편,,2004.04.09.금 ~ 04.14.수,,미부착,,개방 가능,공공누리 2~4유형,,,,O,O,,,"박서방,해바라기가족,돼지꿈,로맨스빠빠,삼등과장,서울의지붕밑 1963년 이전작품, 나머지는 그 이후",
54,한국영상자료원,HOME > 시네마테크KOFA > 프로그램 > 지난 프로그램,지난 프로그램,깊고 깊은 그곳에: 한국영화 속의 에로티시즘,겨울여자/내시/매춘/무릎과 무릎사이/벽속의 여자/뽕/산불/서울에서 마지막 탱고/성숙/안개마을/애마부인/앵무새 몸으로 울었다/죽음보다 깊은 잠총 13 편,,2004.05.18.화 ~ 05.22.토,,미부착,,개방 가능,공공누리 2~4유형,,,,O,,,,"저작권 보호되는 영화, 다수의 스틸컷",
55,한국영상자료원,HOME > 시네마테크KOFA > 프로그램 > 지난 프로그램,지난 프로그램,이마무라 쇼헤이전,검은비/나라야마 부시코/도둑맞은 욕정/돼지와 군함/붉은 살의/여현/일본곤충기총 7 편,,2004.06.08.화 ~ 06.12.토,,미부착,,개방 가능,공공누리 2~4유형,,,,O,O,,,특별상영전 스틸컷,
56,한국영상자료원,HOME > 시네마테크KOFA > 프로그램 > 지난 프로그램,지난 프로그램,1950년~60년대 동아시안 멜로영화전,가녀지가 歌女之歌/귀로/그대와 영원히/당신의 이름은 1부 君の名は 1/당신의 이름은 2부 君の名は 2/당신의 이름은 3부 君の名は 3/동연 冬戀/산의 소리 山の音/스자키파라다이스 적신호 洲崎パラダイス赤信號/위루춘효 危樓春曉/일판지격 一板之隔/자유부인/지옥화/한야 寒夜총 14 편,,2004.07.05.월 ~ 07.10.토,,미부착,,개방 가능,공공누리 2~4유형,,,,O,O,,,귀로(1967년) 제외 나머지 모두 1960년 이전 작품,
57,한국영상자료원,HOME > 시네마테크KOFA > 프로그램 > 지난 프로그램,지난 프로그램,납량영화전: 그 여름밤 두견새 우는 사연,깊은밤 갑자기/넋/누나의 한/두견새 우는 사연/망령의 곡/망령의 웨딩드레스/반혼녀/여곡성/원/원한의 공동묘지/이조괴담총 11 편,,2004.08.26.목 ~ 08.31.화,,미부착,,개방 가능,공공누리 2~4유형,,,,O,O,,,귀로(1967년) 제외 나머지 모두 1960년 이전 작품,
58,한국영상자료원,HOME > 시네마테크KOFA > 프로그램 > 지난 프로그램,지난 프로그램,한국액션영화시리즈 2 : 만주의 무법자,6인의 난폭자/광야의 호랑이/두만강아 잘 있거라/무숙자/불붙는 대륙/소만국경/쇠사슬을 끊어라/영/황야의 독수리총 9 편,,2004.09.15.수 ~ 09.18.토,,미부착,,개방 가능,공공누리 2~4유형,,,,O,O,,,두만강아 잘있거라 이외 모두 1963년 이전 작품,
59,한국영상자료원,HOME > 시네마테크KOFA > 프로그램 > 지난 프로그램,지난 프로그램,매혹과 혼돈의 시대 2 : 1950년대 영화전,격퇴(우리는 이렇게 싸웠다)/독립협회와 청년 이승만/돈/막난이비사 (망나니비사)/무영탑/불사조의 언덕/서울의 휴일/양산도/자유전선/젊은 그들/풍운의 궁전/피아골/한말풍운과 민충정공(일명:혈죽)총 13 편,,2004.10.19.화 ~ 10.23.토,,미부착,,개방 가능,공공누리 1유형,,,,,O,,,"모두 1960년 이전 작품, 저작권 보호기간 만료",
60,한국영상자료원,HOME > 시네마테크KOFA > 프로그램 > 지난 프로그램,지난 프로그램,주한 외국인을 위한 한국 영화 특별 기획전 - New Korean Connection,"2001 imagine/Coming Out/밀애/박하사탕/복수는 나의것/봄날은 간다/빵과 우유/사랑의 힘/사랑이 죄인가/살인의 추억/생강/섬/언년이/엔죠이 유어썸머/여자는 남자의 미래다/올드보이/와이키키 브라더스/우중산책/장화, 홍련/지구를 지켜라!/지리멸렬/지우개 따먹기/패싸움/해피엔드총 24 편",,2004.11.01.월 ~ 11.05.금,,미부착,,개방 가능,공공누리 2~4유형,,,,O,O,,,영화 기획전,
61,한국영상자료원,HOME > 시네마테크KOFA > 프로그램 > 지난 프로그램,지난 프로그램,한국여성감독 영화전,CRUSH/I m Ok/고양이를 부탁해/공주님의 짝사랑/그 집앞(Invisible Light)/낮은 목소리 1/물망초/물안경/미망인/미술관 옆 동물원/민며느리/사물의 기억/야곱의 사다리총 13 편,,2004.12.08.수 ~ 12.11.토,,미부착,,개방 가능,공공누리 2~4유형,,,,O,O,,,영화 기획전,
62,한국영상자료원,HOME > 시네마테크KOFA > 프로그램 > 지난 프로그램,지난 프로그램,한국액션영화 시리즈 3 : 나를 사랑한 스파이,독사/동경의 무정가/동경특파원/무정의 네온가/여자형사 마리/케이라스의 황금/특별수사본부 <제2탄> 여대생 이난희사건/특별수사본부 기생 김소산/특별수사본부 김수임의 일생/황혼의 부르스/황혼의 제3부두/훼리호를 타라총 12 편,,2005.02.01.화 ~ 02.04.금,,미부착,,개방 가능,공공누리 2~4유형,,,,O,O,,,영화 기획전,
63,한국영상자료원,HOME > 시네마테크KOFA > 프로그램 > 지난 프로그램,지난 프로그램,2월 클래식 한국영화 릴레이,검사와 여선생/독립전야/마음의 고향/막난이비사 (망나니비사)/양산도/운명의 손/자유만세/자유전선/피아골총 9 편,,2005.02.15.화 ~ 02.18.금,,미부착,,개방 가능,공공누리 1유형,,,,,O,,,저작권 만료 영화,
64,한국영상자료원,HOME > 시네마테크KOFA > 프로그램 > 지난 프로그램,지난 프로그램,2월 한국영화 시간여행: 3인3색 (강사: 김소영),명동잔혹사총 1 편,,2005.02.17.목,,미부착,,개방 가능,공공누리 2~4유형,,,,O,,,,"저작권 보호되는 영화, 다수의 스틸컷",
65,한국영상자료원,HOME > 시네마테크KOFA > 프로그램 > 지난 프로그램,지난 프로그램,함께보는 파업전야,파업전야총 1 편,,2005.02.18.금,,미부착,,개방 가능,공공누리 1유형,,,,O,,,,"저작권 보호되는 영화, 다수의 스틸컷",
66,한국영상자료원,HOME > 시네마테크KOFA > 프로그램 > 지난 프로그램,지난 프로그램,광복60주년기념 해방영화와 친일영화 발굴공개: 해방의 기쁨과 억압의 흔적,군용열차/어화/조선 Tyosen: Tokyo and Peking Through Tyosen and Manchuria/지원병/집없는 천사/해방 뉴-쓰총 6 편,,2005.03.02.수 ~ 03.04.금,,미부착,,개방 가능,공공누리 2~4유형,,,,O,,,,"저작권 보호되는 영화, 다수의 스틸컷",
67,한국영상자료원,HOME > 시네마테크KOFA > 프로그램 > 지난 프로그램,지난 프로그램,3월 클래식 한국영화 릴레이,격퇴(우리는 이렇게 싸웠다)/그 여자의 일생/불사조의 언덕/서울의 휴일/시집가는 날(일명:맹진사댁 경사)/자유부인/젊은 그들/청춘쌍곡선총 8 편,,2005.03.15.화 ~ 03.18.금,,미부착,,개방 가능,공공누리 1유형,,,,,O,,,"1960년 이전 영화, 저작권 보호기간 만료",
68,한국영상자료원,HOME > 시네마테크KOFA > 프로그램 > 지난 프로그램,지난 프로그램,3월 학술상영,하녀총 1 편,,2005.03.15.화,,미부착,,개방 가능,공공누리 1유형,,,,,O,,,"하녀(1960년), 저작권 보호기간 만료",
69,한국영상자료원,HOME > 시네마테크KOFA > 프로그램 > 지난 프로그램,지난 프로그램,3월 한국영화 시간여행: 3인3색 (강사: 허문영),쇠사슬을 끊어라총 1 편,,2005.03.17.목,,미부착,,개방 가능,공공누리 2~4유형,,,,O,,,,"저작권 보호되는 영화, 다수의 스틸컷",
70,한국영상자료원,HOME > 시네마테크KOFA > 프로그램 > 지난 프로그램,지난 프로그램,김동원의 영화 세계와 독립다큐,명성 그 6일의 기록/상계동 올림픽총 2 편,,2005.03.18.금,,미부착,,개방 가능,공공누리 1유형,,,,O,,,,"저작권 보호되는 영화, 다수의 스틸컷",
71,한국영상자료원,HOME > 시네마테크KOFA > 프로그램 > 지난 프로그램,지난 프로그램,4월 클래식 한국영화 릴레이,고개를 넘으면/그 여자의 죄가 아니다/그대와 영원히/김삿갓/느티나무 있는 언덕/돈/모정/무영탑/백만장자가 되려면(원제:백만장자가 되면)/순애보/어느 여대생의 고백/자유결혼/종각(또 하나의 새벽을 그리며)/지옥화/진리의 밤(眞理의 밤)/촌색씨/풍운의 궁전/형제/화심총 19 편,,2005.04.04.월 ~ 04.22.금,,미부착,,개방 가능,공공누리 1유형,,,,,O,,,"1960년 이전 영화, 저작권 보호기간 만료",
72,한국영상자료원,HOME > 시네마테크KOFA > 프로그램 > 지난 프로그램,지난 프로그램,4월 학술상영,오발탄/현해탄은 알고 있다총 2 편,,2005.04.04.월 ~ 04.19.화,,미부착,,개방 가능,공공누리 1유형,,,,,O,,,"1961년 오발탄, 현해탄을 알고 있다(1961년),  보호기간 만료",
73,한국영상자료원,HOME > 시네마테크KOFA > 프로그램 > 지난 프로그램,지난 프로그램,4월 한국영화 시간여행: 3인3색 (강사: 정성일),황야의 독수리총 1 편,,2005.04.21.목,,미부착,,개방 가능,공공누리 2~4유형,,,,O,,,,"저작권 보호되는 영화, 다수의 스틸컷",
74,한국영상자료원,HOME > 시네마테크KOFA > 프로그램 > 지난 프로그램,지난 프로그램,실험영화의 이해: 임창재 (감독초청),Org/눈물/미미/오버미(Over Me)총 4 편,,2005.04.22.금,,미부착,,개방 가능,공공누리 1유형,,,,O,,,,"저작권 보호되는 영화, 다수의 스틸컷",
75,한국영상자료원,HOME > 시네마테크KOFA > 프로그램 > 지난 프로그램,지난 프로그램,4월 청소년을 위한 특별상영회,말아톤총 1 편,,2005.04.30.토,,미부착,,개방 가능,공공누리 2~4유형,,,,O,,,,"저작권 보호되는 영화, 다수의 스틸컷",
76,한국영상자료원,HOME > 시네마테크KOFA > 프로그램 > 지난 프로그램,지난 프로그램,동북아시아 청춘영화전,"대교하면 (大橋下面, Under the Bridge)/돌아온 사나이 (Returned Man)/맨발의 청춘 (Young with Naked Foot)/본명년 (本命年, Black Snow)/비녀정전 (飛女正傳, Teddy Girls)/소가 (小街, Narrow Street)/오인의 건달 (Five Scoundrels)/옥녀첨정 (玉女添丁, Young, Pregnant & Unmarried)/인생 (人生, Life)/재견아랑 (再見阿郞, Goodbye Darling)/창외 (外, Outside the Window)/청춘잔혹이야기 (靑春殘酷物語, Cruel Story of Youth)/청춘적 위험 (靑春的 危險, The Dangerous Youth)/초우 (An Early Rain)/태양의 계절 (太陽の季節, Season of the Sun)/햇빛 쏟아지는 언덕길 (陽のあたる坂道, A Slope in the Sun)총 16 편",,2005.05.02.월 ~ 05.07.토,,미부착,,개방 가능,공공누리 2~4유형,,,,O,O,,,"돌아온 사나이(1959), 햇빛쏟아지는 언덕길(1958), 청춘잔혹이야기(1960),태양의계절(1956), 제외 1963년 이후 작품",
77,한국영상자료원,HOME > 시네마테크KOFA > 프로그램 > 지난 프로그램,지난 프로그램,5월 학술상영,고려장/장군의 수염총 2 편,,2005.05.03.화 ~ 05.17.화,,미부착,,개방 가능,공공누리 2~4유형,,,,O,,,,"저작권 보호되는 영화, 다수의 스틸컷",
78,한국영상자료원,HOME > 시네마테크KOFA > 프로그램 > 지난 프로그램,지난 프로그램,5월 한국영화 시간여행: 3인3색 (강사: 허문영),귀로총 1 편,,2005.05.19.목,,미부착,,개방 가능,공공누리 2~4유형,,,,O,,,,"저작권 보호되는 영화, 다수의 스틸컷",
79,한국영상자료원,HOME > 시네마테크KOFA > 프로그램 > 지난 프로그램,지난 프로그램,서울독립영화제2004 수상작,나와 인형놀이/남자다운 수다/배고픈 하루/세라진총 4 편,,2005.05.20.금,,미부착,,개방 가능,공공누리 1유형,,,,,O,,,수상작 영화 로그인 후 VOD,
80,한국영상자료원,HOME > 시네마테크KOFA > 프로그램 > 지난 프로그램,지난 프로그램,5월 청소년을 위한 특별상영회,철수♡영희(철수 영희)총 1 편,,2005.05.28.토,,미부착,,개방 가능,공공누리 2~4유형,,,,O,,,,"저작권 보호되는 영화, 다수의 스틸컷",
81,한국영상자료원,HOME > 시네마테크KOFA > 프로그램 > 지난 프로그램,지난 프로그램,6월 학술상영,바보들의 행진/벽속의 여자총 2 편,,2005.06.07.화 ~ 06.21.화,,미부착,,개방 가능,공공누리 2~4유형,,,,O,,,,"저작권 보호되는 영화, 다수의 스틸컷",
82,한국영상자료원,HOME > 시네마테크KOFA > 프로그램 > 지난 프로그램,지난 프로그램,6월 클래식 한국영화 릴레이,구름은 흘러도/독립협회와 청년 이승만/돌아온 사나이/동심초/로맨스빠빠/물망초/박서방/백사부인/비오는 날의 오후세시/사랑의 역사/여사장/왕자 미륵/울려고 내가 왔던가/유관순/이 생명 다하도록/이름없는 별들/자매의 화원/한말풍운과 민충정공(일명:혈죽)/흙총 19 편,,2005.06.08.수 ~ 06.24.금,,미부착,,개방 가능,공공누리 2~4유형,,,,O,O,,,모두 1960년 이전 작품,
83,한국영상자료원,HOME > 시네마테크KOFA > 프로그램 > 지난 프로그램,지난 프로그램,6월 한국영화 시간여행: 3인3색 (강사: 김소영),육체의 고백총 1 편,,2005.06.23.목,,미부착,,개방 가능,공공누리 2~4유형,,,,O,,,,"저작권 보호되는 영화, 다수의 스틸컷",
84,한국영상자료원,HOME > 시네마테크KOFA > 프로그램 > 지난 프로그램,지난 프로그램,최근 독립영화의 일경향: 최진성과 김종관의 영화들 (감독초청),누구를 위하여 총을 울리나/사랑하는 소녀/폴라로이드 작동법/히치하이킹총 4 편,,2005.06.24.금,,미부착,,개방 가능,공공누리 1유형,,,O,,,,,단순 정보,
85,한국영상자료원,HOME > 시네마테크KOFA > 프로그램 > 지난 프로그램,지난 프로그램,6월 청소년을 위한 특별상영회,"제니, 주노총 1 편",,2005.06.25.토,,미부착,,개방 가능,공공누리 2~4유형,,,,O,,,,"저작권 보호되는 영화, 다수의 스틸컷",
86,한국영상자료원,HOME > 시네마테크KOFA > 프로그램 > 지난 프로그램,지난 프로그램,여고괴담 3부작,여고괴담/여고괴담 두번째 이야기/여고괴담 세번째이야기 - 여우계단총 3 편,,2005.07.02.토 ~ 07.30.토,,미부착,,개방 가능,공공누리 2~4유형,,,,O,,,,"저작권 보호되는 영화, 다수의 스틸컷",
87,한국영상자료원,HOME > 시네마테크KOFA > 프로그램 > 지난 프로그램,지난 프로그램,한국 괴수/공포 영화전,관속의 드라큐라/괴수 대전쟁/너 또한 별이 되어/미녀 공동묘지/백골령의 마검/비천괴수/살인나비를 쫓는 여자/우주괴인 왕마귀/월하의 사미인곡/천년호/초분(草墳)/춘색호곡총 12 편,,2005.07.05.화 ~ 07.08.금,,미부착,,개방 가능,공공누리 2~4유형,,,,O,,,,"저작권 보호되는 영화, 다수의 스틸컷",
88,한국영상자료원,HOME > 시네마테크KOFA > 프로그램 > 지난 프로그램,지난 프로그램,한국 괴수/공포영화전 작품 재상영,관속의 드라큐라/너 또한 별이 되어/미녀 공동묘지/백골령의 마검/살인나비를 쫓는 여자/천년호/초분(草墳)/춘색호곡총 8 편,,2005.07.09.토 ~ 07.31.일,,미부착,,개방 가능,공공누리 2~4유형,,,,O,,,,"저작권 보호되는 영화, 다수의 스틸컷",
89,한국영상자료원,HOME > 시네마테크KOFA > 프로그램 > 지난 프로그램,지난 프로그램,7월 클래식 한국영화 릴레이,마부/삼등과장/성춘향/아아 백범 김구선생/오발탄/춘향전/표류도/하녀/해바라기가족총 9 편,,2005.07.19.화 ~ 07.22.금,,미부착,,개방 가능,공공누리 1유형,,,,,O,,,"모두 1963년 이전 작품, 저작권 보호기간 만료",
90,한국영상자료원,HOME > 시네마테크KOFA > 프로그램 > 지난 프로그램,지난 프로그램,7월 한국영화 시간여행: 3인3색 (강사: 정성일),짝코총 1 편,,2005.07.21.목,,미부착,,개방 가능,공공누리 2~4유형,,,,O,,,,"저작권 보호되는 영화, 다수의 스틸컷",
91,한국영상자료원,HOME > 시네마테크KOFA > 프로그램 > 지난 프로그램,지난 프로그램,시적다큐의 새로운 영역: 이지상 감독의 영화,십우도(十牛圖)1-심우(尋牛)/십우도(十牛圖)2-견적(見跡)총 2 편,,2005.07.22.금,,미부착,,개방 가능,공공누리 1유형,,,O,,,,,단순 정보,
92,한국영상자료원,HOME > 시네마테크KOFA > 프로그램 > 지난 프로그램,지난 프로그램,7월 청소년을 위한 특별상영회,바람의 파이터총 1 편,,2005.07.23.토,,미부착,,개방 가능,공공누리 2~4유형,,,,O,,,,"저작권 보호되는 영화, 다수의 스틸컷",
93,한국영상자료원,HOME > 시네마테크KOFA > 프로그램 > 지난 프로그램,지난 프로그램,8월 클래식 한국영화 릴레이,5인의 해병/구봉서의 벼락부자/노다지/돼지꿈/바보온달과 평강공주/사랑방 손님과 어머니/상록수/서울의 지붕밑/언니는 말괄량이/의적 일지매/장희빈/현해탄은 알고 있다총 12 편,,2005.08.02.화 ~ 08.05.금,,미부착,,개방 가능,공공누리 2~4유형,,,,O,O,,,모두 1963년 이전 작품,
94,한국영상자료원,HOME > 시네마테크KOFA > 프로그램 > 지난 프로그램,지난 프로그램,다시 보고 싶은 그때 그 영화,검은머리/깊은밤 갑자기/대석굴암/마의 계단/살인마/수절/안개/암굴왕/장군의 수염/하녀/화분(꽃가루)총 11 편,,2005.08.06.토 ~ 08.28.일,,미부착,,개방 가능,공공누리 2~4유형,,,,O,O,,,하녀(1960년) 제외 나머지 모두 1963년 이후 작품,
95,한국영상자료원,HOME > 시네마테크KOFA > 프로그램 > 지난 프로그램,지난 프로그램,한국 애니메이션 1967~,"괴수 대 전쟁/동물보물섬/마이크로특공대 다이야트론 5/철인 007/초합금 로봇 쏠라 원, 투, 드리/태권동자 마루치 아라치/해저탐험대 마린 X (해저탐험대 마린엑스)/호피와 차돌바위/황금철인/흥부와 놀부(인형극 동화영화)총 10 편",,2005.08.17.수 ~ 08.21.일,,미부착,,개방 가능,공공누리 2~4유형,,,,O,O,,,"황금철인(1968) 로그인 vod서비스, 태권동자 마루치아라치( 1977) vod 서비스",
96,한국영상자료원,HOME > 시네마테크KOFA > 프로그램 > 지난 프로그램,지난 프로그램,8월 한국영화 시간여행: 3인3색 (강사: 허문영),물레방아총 1 편,,2005.08.18.목,,미부착,,개방 가능,공공누리 2~4유형,,,,O,,,,"저작권 보호되는 영화, 다수의 스틸컷",
97,한국영상자료원,HOME > 시네마테크KOFA > 프로그램 > 지난 프로그램,지난 프로그램,이송희일 감독의 퀴어영화들,굿 로맨스/슈가힐(Sugar Hill)총 2 편,,2005.08.19.금,,미부착,,개방 가능,공공누리 1유형,,,O,,,,,단순 정보,
98,한국영상자료원,HOME > 시네마테크KOFA > 프로그램 > 지난 프로그램,지난 프로그램,8월 청소년을 위한 특별상영회,인어공주총 1 편,,2005.08.27.토,,미부착,,개방 가능,공공누리 2~4유형,,,,O,,,,"저작권 보호되는 영화, 다수의 스틸컷",
99,한국영상자료원,HOME > 시네마테크KOFA > 프로그램 > 지난 프로그램,지난 프로그램,9월 주말의 명화,낙동강은 흐르는가/도망자/렌의 애가/바보들의 행진/바보선언/반금련/산불/안개속의 탈출/어우동/증언/휴일총 11 편,,2005.09.03.토 ~ 09.25.일,,미부착,,개방 가능,공공누리 2~4유형,,,,O,,,,"저작권 보호되는 영화, 다수의 스틸컷",
100,한국영상자료원,HOME > 시네마테크KOFA > 프로그램 > 지난 프로그램,지난 프로그램,9월 학술상영,"대중연희에서 영화로- 대중영화의 기원을 찾아서/두려움과 매혹의 이중주 -1960년대 공포영화를 중심으로/새로 쓰는 한국의 기록영화 -1950, 60년대를 중심으로/아름다운 악녀 최지희총 4 편",,2005.09.06.화 ~ 09.20.화,,미부착,,개방 가능,공공누리 1유형,,,O,,,,,단순 소개 자료,
101,한국영상자료원,HOME > 시네마테크KOFA > 프로그램 > 지난 프로그램,지난 프로그램,9월 클래식 한국영화 릴레이,"골목안 풍경/단종애사/두만강아 잘 있거라/로맨스그레이/맹진사댁 경사/무정/새댁/싸우는 사자들/암행어사 박문수/연산군(장한사모편)/와룡선생 상경기/왕자 호동/월급쟁이/인목대비/주유천하/진시황제와 만리장성/폭군연산(복수,쾌거편)/하늘과 땅사이에/화랑도총 19 편",,2005.09.06.화 ~ 09.23.금,,미부착,,개방 가능,공공누리 2~4유형,,,,O,O,,,단종애사(1963) 제외 모두 1963년 이전 영화,
102,한국영상자료원,HOME > 시네마테크KOFA > 프로그램 > 지난 프로그램,지난 프로그램,9월 한국영화 시간여행: 3인3색 (강사: 김소영),애꾸눈 박총 1 편,,2005.09.22.목,,미부착,,개방 가능,공공누리 2~4유형,,,,O,,,,"저작권 보호되는 영화, 다수의 스틸컷",
103,한국영상자료원,HOME > 시네마테크KOFA > 프로그램 > 지난 프로그램,지난 프로그램,김정구 감독의 독립영화,엄마의 사랑은 끝이 없어라/역진화론- 갈아만든 에덴총 2 편,,2005.09.23.금,,미부착,,개방 가능,공공누리 1유형,,,O,,,,,단순 정보,
104,한국영상자료원,HOME > 시네마테크KOFA > 프로그램 > 지난 프로그램,지난 프로그램,9월 청소년을 위한 특별상영회,돌려차기총 1 편,,2005.09.24.토,,미부착,,개방 가능,공공누리 2~4유형,,,,O,,,,"저작권 보호되는 영화, 다수의 스틸컷",
105,한국영상자료원,HOME > 시네마테크KOFA > 프로그램 > 지난 프로그램,지난 프로그램,서울독립영화제 2005 수상작 순회전,"220초의 상호작용/가리베가스/공항가는 길/끝나지 않은 세월/낙원/낯선 봄/뇌절개술/바라만 본다 (GV)/복수의 길/불타는 필름의 연대기 (GV)/빗방울 전주곡/빵과 우유/산책/살결/십우도2 - 견적 見蹟/아빠가 필요해 (GV)/안녕, 사요나라/양성평등/온실 (GV)/외박/좋은 배우/크레인, 제 4도크/형이상학적 나비효과의 예술적 표현/환(幻)총 24 편",,2005.09.28.수 ~ 10.01.토,,미부착,,개방 가능,공공누리 2~4유형,,,,O,,,,"저작권 보호되는 영화, 다수의 스틸컷",
106,한국영상자료원,HOME > 시네마테크KOFA > 프로그램 > 지난 프로그램,지난 프로그램,10월 주말의 영화,굴뚝이 보이는 장소 煙突の見える場所/더 블루스:소울 오브 맨 The Soul of a Man/마들렌/보리울의 여름/봄날의 곰을 좋아하세요?/에이비씨 아프리카(ABC 아프리카)/여덟명의 여인들 8 femmes/자토이치 座頭市/텐 미니츠 - 트럼펫 Ten Minutes Older: The Trumpet/화성으로 간 사나이총 10 편,,2005.10.01.토 ~ 10.30.일,,미부착,,개방 가능,공공누리 2~4유형,,,,,O,,,외국영화 포스터 포함,
107,한국영상자료원,HOME > 시네마테크KOFA > 프로그램 > 지난 프로그램,지난 프로그램,10월 학술상영,별들의 고향/삼포가는 길총 2 편,,2005.10.04.화 ~ 10.18.화,,미부착,,개방 가능,공공누리 2~4유형,,,,O,,,,"저작권 보호되는 영화, 다수의 스틸컷",
108,한국영상자료원,HOME > 시네마테크KOFA > 프로그램 > 지난 프로그램,지난 프로그램,10월 클래식 한국영화 릴레이,겨울나그네/고려장/그 땅의 연인들/김약국의 딸들/돌아오지 않는 해병/사랑과 눈물의 만리성/새엄마/약혼녀총 8 편,,2005.10.18.화 ~ 10.21.금,,미부착,,개방 가능,공공누리 2~4유형,,,,O,O,,,모두 1963년작,
109,한국영상자료원,HOME > 시네마테크KOFA > 프로그램 > 지난 프로그램,지난 프로그램,10월 한국영화 시간여행: 3인3색 (강사: 정성일),개벽총 1 편,,2005.10.20.목,,미부착,,개방 가능,공공누리 2~4유형,,,,O,,,,"저작권 보호되는 영화, 다수의 스틸컷",
110,한국영상자료원,HOME > 시네마테크KOFA > 프로그램 > 지난 프로그램,지난 프로그램,윤성호 감독의 독립영화,산만한 제국/우익 청년 윤성호/이렇게는 계속할 수 없어요/중산층 가정의 대재앙총 4 편,,2005.10.21.금,,미부착,,개방 가능,공공누리 1유형,,,O,,,,,단순 정보,
111,한국영상자료원,HOME > 시네마테크KOFA > 프로그램 > 지난 프로그램,지난 프로그램,그리운 악역 허장강전,0시(영시)/감자/교장선생 상경기/군번없는 용사/메밀꽃 필 무렵/명동잔혹사/서울의 지붕밑/성춘향/쇠사슬을 끊어라/원/인목대비/종각(또 하나의 새벽을 그리며)/지하실의 칠인(지하실의 7인)/피아골총 14 편,,2005.11.01.화 ~ 11.06.일,,미부착,,개방 가능,공공누리 2~4유형,,,,O,O,,,"성춘향(1961), 서울의 지붕밑(1961), 종각(1958), 피아골(1955) 제외 모두 1963년 이후 영화",
112,한국영상자료원,HOME > 시네마테크KOFA > 프로그램 > 지난 프로그램,지난 프로그램,"욕망예찬: 김기영, 스즈키 세이준, 이마무라 쇼헤이의 작품들",겡카 엘레지 けんかえれじい/고려장/나라야마 부시코 楢山節考/도둑맞은 욕정 盜まれた欲情/동경 방랑자 東京流れ者/문신일대 刺靑一代/붉은 살의/살인의 낙인 殺しの烙印/암흑가의 미녀 暗黑街の美女/육체의 문 肉體の門/일본 곤충기 にっぽん昆蟲記/충녀/화녀/화녀 82총 14 편,,2005.11.08.화 ~ 11.13.일,,미부착,,개방 가능,공공누리 2~4유형,,,,O,O,,,"국내 작품만 스틸컷, 일본작품은 소개만 있음.",
113,한국영상자료원,HOME > 시네마테크KOFA > 프로그램 > 지난 프로그램,지난 프로그램,11월 학술상영,개그맨총 1 편,,2005.11.15.화,,미부착,,개방 가능,공공누리 2~4유형,,,,O,O,,,모두 1963년작,
114,한국영상자료원,HOME > 시네마테크KOFA > 프로그램 > 지난 프로그램,지난 프로그램,11월 클래식 한국영화 릴레이,YMS 504의 수병/강화도령/남자 조종법/만날 때와 헤어질 때/망부석/사명당/신사는 새것을 좋아한다/청춘교실총 8 편,,2005.11.15.화 ~ 11.18.금,,미부착,,개방 가능,공공누리 1유형,,,O,,,,,단순 정보,
115,한국영상자료원,HOME > 시네마테크KOFA > 프로그램 > 지난 프로그램,지난 프로그램,11월 한국영화 시간여행: 3인3색 (강사: 김소영),후계자총 1 편,,2005.11.17.목,,미부착,,개방 가능,공공누리 2~4유형,,,,O,,,,"저작권 보호되는 영화, 다수의 스틸컷",
116,한국영상자료원,HOME > 시네마테크KOFA > 프로그램 > 지난 프로그램,지난 프로그램,제10회 부산국제영화제의 단편들,뜨거운 차 한잔/마스크 속 은밀한 자부심/전쟁영화/처용의 다도총 4 편,,2005.11.18.금,,미부착,,개방 가능,공공누리 1유형,,,O,,,,,단순 정보,
117,한국영상자료원,HOME > 시네마테크KOFA > 프로그램 > 지난 프로그램,지난 프로그램,"허장강, 그 두번째 이야기",동대문 시장 훈이엄마/로맨스마마/봄봄/소장수/신화를 남긴 해병/인간사표를 써라/토지총 7 편,,2005.11.19.토 ~ 11.27.일,,미부착,,개방 가능,공공누리 2~4유형,,,,O,,,,"저작권 보호되는 영화, 다수의 스틸컷",
118,한국영상자료원,HOME > 시네마테크KOFA > 프로그램 > 지난 프로그램,지난 프로그램,11월 청소년을 위한 특별상영회,오발탄총 1 편,,2005.11.26.토,,미부착,,개방 가능,공공누리 2~4유형,,,,O,O,,,오발탄(1961) 저작권 만료,
119,한국영상자료원,HOME > 시네마테크KOFA > 프로그램 > 지난 프로그램,지난 프로그램,영상자료원 수집 다큐멘터리전,"그녀 이름은 베트남 Surname Viet, Given name Nam/미나마타 - 그 환자와 그 세계 Minamata- The Victims and Their World/산리츠카 : 헤타마을 Narita- Heta-Village/에이비씨 아프리카(ABC 아프리카)/일본 후루야시키 마을 A Japanese Village - Furuyashiki Village총 5 편",,2005.12.01.목 ~ 12.04.일,,미부착,,개방 가능,공공누리 1유형,,,O,,,,,단순 정보,
120,한국영상자료원,HOME > 시네마테크KOFA > 프로그램 > 지난 프로그램,지난 프로그램,12월 클래식 한국영화 릴레이,공작부인/돈바람 님바람/두고만 보세요/로맨스가족/맨발의 청춘/복면대군/빨간 마후라/석가모니/식모/쌀/지미는 슬프지 않다/혈맥총 12 편,,2005.12.06.화 ~ 12.09.금,,미부착,,개방 가능,공공누리 2~4유형,,,,O,O,,,"1963,1964년 작품",
121,한국영상자료원,HOME > 시네마테크KOFA > 프로그램 > 지난 프로그램,지난 프로그램,"임권택 추리액션, 그 여자를 쫓아라!",그 여자를 쫓아라/돌아온 자와 떠나야 할 자/뢰검(번개칼)/속눈썹이 긴 여자/십오야/애꾸눈 박/원한의 거리에 눈이 나린다/풍운의 검객/황야의 독수리총 9 편,,2005.12.10.토 ~ 12.24.토,,미부착,,개방 가능,공공누리 2~4유형,,,,O,,,,"저작권 보호되는 영화, 다수의 스틸컷",
122,한국영상자료원,HOME > 시네마테크KOFA > 프로그램 > 지난 프로그램,지난 프로그램,김기영傳,육식동물/이어도/충녀/하녀/화녀총 5 편,,2005.12.13.화 ~ 12.16.금,,미부착,,개방 가능,공공누리 2~4유형,,,,O,O,,,하녀(1960) 제외 모두 1963년 이후 영화,
123,한국영상자료원,HOME > 시네마테크KOFA > 프로그램 > 지난 프로그램,지난 프로그램,12월 청소년을 위한 특별상영회,뉴머신 우뢰매 (제5탄)총 1 편,,2005.12.24.토,,미부착,,개방 가능,공공누리 2~4유형,,,,O,,,,"저작권 보호되는 영화, 다수의 스틸컷",
124,한국영상자료원,HOME > 시네마테크KOFA > 프로그램 > 지난 프로그램,지난 프로그램,1월 클래식 한국영화 릴레이,검은머리/남이장군/니가 잘나 일색이냐/동굴속의 애욕/떠날 때는 말없이/마의 계단/모녀기타/백설공주/세드무비/신식할머니/십년세도/육체의 고백/이뿐이(이쁜이)/잃어버린 태양/학사주점/행주치마총 16 편,,2006.01.03.화 ~ 01.31.화,,미부착,,개방 가능,공공누리 2~4유형,,,,O,O,,,1964년 영화,
125,한국영상자료원,HOME > 시네마테크KOFA > 프로그램 > 지난 프로그램,지난 프로그램,生死의 고백: 이두용,경찰관/뉴욕 44번가/돌아이/비밀객(속)/생사의 고백/최후의 증인총 6 편,,2006.01.07.토 ~ 01.22.일,,미부착,,개방 가능,공공누리 2~4유형,,,,O,,,,"저작권 보호되는 영화, 다수의 스틸컷",
126,한국영상자료원,HOME > 시네마테크KOFA > 프로그램 > 지난 프로그램,지난 프로그램,1월 청소년을 위한 영화감상,난장이가 쏘아올린 작은공총 1 편,,2006.01.21.토,,미부착,,개방 가능,공공누리 2~4유형,,,,O,,,,"저작권 보호되는 영화, 다수의 스틸컷",
127,한국영상자료원,HOME > 시네마테크KOFA > 프로그램 > 지난 프로그램,지난 프로그램,2월 클래식 한국영화 릴레이,광야의 호랑이/남과 북/대석굴암/딸의 훈장/명동 44번지/명동에 밤이 오면/벙어리 삼룡/사자성/소만국경/신화를 남긴 해병/청일전쟁과 여걸 민비/학생부부총 12 편,,2006.02.01.수 ~ 02.28.화,,미부착,,개방 가능,공공누리 2~4유형,,,,O,O,,,"1964년, 1965년 영화",
128,한국영상자료원,HOME > 시네마테크KOFA > 프로그램 > 지난 프로그램,지난 프로그램,"골목안 風景: 서울, 1960년",골목안 풍경/돼지꿈/마포사는 황부자/명동에 밤이 오면/밤하늘의 부르스/서울의 지붕밑/월급쟁이/해바라기가족총 8 편,,2006.02.04.토 ~ 02.26.일,,미부착,,개방 가능,공공누리 2~4유형,,,,O,O,,,"월급쟁이(1962), 해바리기가족,서울의지붕밑,돼지꿈(모두 1961),골목안 풍경(1962), 나머지 3편은  1963년 이후",
129,한국영상자료원,HOME > 시네마테크KOFA > 프로그램 > 지난 프로그램,지난 프로그램,新女性: 1950년대 모던걸,서울의 휴일/언니는 말괄량이/여사장/자유결혼총 4 편,,2006.02.21.화 ~ 02.24.금,,미부착,,개방 가능,공공누리 2~4유형,,,,O,O,,,"언니는 말괄량이(1961), 여사장(1959),자유결혼(1958), 사랑의 휴일(1969)",
130,한국영상자료원,HOME > 시네마테크KOFA > 프로그램 > 지난 프로그램,지난 프로그램,2월 청소년을 위한 영화감상,사랑방 손님과 어머니총 1 편,,2006.02.25.토,,미부착,,개방 가능,공공누리 2~4유형,,,,O,O,,,사랑방손님과 어머니(1961),
131,한국영상자료원,HOME > 시네마테크KOFA > 프로그램 > 지난 프로그램,지난 프로그램,1930～40년대 한국영화 수집발굴전『최고(最古) 한국영화 “미몽(迷夢)(1936)” 발굴공개전,군용열차/미몽(죽음의 자장가)/반도의 봄/어화/조선해협/지원병/집없는 천사/해방 뉴-쓰(4편)총 8 편,,2006.03.02.목 ~ 03.05.일,,미부착,,개방 가능,공공누리 1유형,,,,,O,,,"1963년 이전 영화, 저작권 보호기간 만료",
132,한국영상자료원,HOME > 시네마테크KOFA > 프로그램 > 지난 프로그램,지난 프로그램,The Post-War Rebirth of Korean Cinema: 56-61,그 여자의 죄가 아니다 It s Not Her Sin/노다지 A Bonanza/무영탑 Muyoungtap/박서방 Mr. Park/양산도 Yang san Province/자매의 화원 A Sister s Garden/자유부인 Madame Freedom/청춘쌍곡선 Hyperbole of Youth총 8 편,,2006.03.08.수 ~ 04.19.수,,미부착,,개방 가능,공공누리 2~4유형,,,,O,O,,,1959년부터 1961년까지 영화 ,
133,한국영상자료원,HOME > 시네마테크KOFA > 프로그램 > 지난 프로그램,지난 프로그램,3월 클래식 한국영화 릴레이,도망자/마지막 정열/산천도 울었다/살아야 한다(일명 배꼽 대감)/순교자/어떤 정사/여자의 길/용사는 살아 있다/육체의 문/적자인생/춘몽/활빈당총 12 편,,2006.03.08.수 ~ 03.30.목,,미부착,,개방 가능,공공누리 2~4유형,,,,O,O,,,1965년작,
134,한국영상자료원,HOME > 시네마테크KOFA > 프로그램 > 지난 프로그램,지난 프로그램,"3월 해피투게더, 독립영화 (강좌)",나와 인형놀이/얼굴없는 것들총 2 편,,2006.03.09.목,,미부착,,개방 가능,공공누리 1유형,,,O,,,,,단순 소개 자료,
135,한국영상자료원,HOME > 시네마테크KOFA > 프로그램 > 지난 프로그램,지난 프로그램,"유혹 - 꺽지마세요, 향기만 맡으세요",26 x 365 = 0/O양의 아파트/꽃순이를 아시나요/별들의 고향/별들의 고향(속)/영자의 전성시대총 6 편,,2006.03.11.토 ~ 03.26.일,,미부착,,개방 가능,공공누리 2~4유형,,,,O,,,,"저작권 보호되는 영화, 다수의 스틸컷",
136,한국영상자료원,HOME > 시네마테크KOFA > 프로그램 > 지난 프로그램,지난 프로그램,"3월 해피투게더, 독립영화",닫힌 교문을 열며/안다고 말하지 마라/원더풀 데이/잘돼가? 무엇이든/진실의 문총 5 편,,2006.03.16.목 ~ 03.30.목,,미부착,,개방 가능,공공누리 2~4유형,,,,O,,,,"저작권 보호되는 영화, 다수의 스틸컷",
137,한국영상자료원,HOME > 시네마테크KOFA > 프로그램 > 지난 프로그램,지난 프로그램,3월 청소년을 위한 영화감상,상록수총 1 편,,2006.03.25.토,,미부착,,개방 가능,공공누리 2~4유형,,,,O,O,,,상록수(1961),
138,한국영상자료원,HOME > 시네마테크KOFA > 프로그램 > 지난 프로그램,지난 프로그램,유혹 - 그대 눈 속으로 달려서 가네,돌아온 사나이/만나지 않았다면/어느 사랑의 이야기/어제 내린 비/영등포의 밤/위험한 청춘/유혹/청춘교실/청춘불시착/해바라기가족총 10 편,,2006.04.01.토 ~ 04.30.일,,미부착,,개방 가능,공공누리 2~4유형,,,,O,O,,,"돌아온 사나이(1959), 해바리기가족(1961) 제외 1963년 이후 작품",
139,한국영상자료원,HOME > 시네마테크KOFA > 프로그램 > 지난 프로그램,지난 프로그램,4월 클래식 한국영화 릴레이,마포사는 황부자/민며느리/바람아 말하라/사르빈강에 노을이 진다/살인마/아름다운 눈동자/적진삼백리/첫사랑/피어린 구월산총 9 편,,2006.04.05.수 ~ 04.21.금,,미부착,,개방 가능,공공누리 2~4유형,,,,O,O,,,1965년작,
140,한국영상자료원,HOME > 시네마테크KOFA > 프로그램 > 지난 프로그램,지난 프로그램,"4월 해피투게더, 독립영화 (강좌)",나는 영화다(UFO)/안피스베나 Ver. 2.0/자급자족하는 비디오총 3 편,,2006.04.06.목,,미부착,,개방 가능,공공누리 2~4유형,,,,O,,,,"저작권 보호되는 영화, 다수의 스틸컷",
141,한국영상자료원,HOME > 시네마테크KOFA > 프로그램 > 지난 프로그램,지난 프로그램,"4월 해피투게더, 독립영화",가변차선/강아지 죽는다/겨울환상/동시에/빗방울 전주곡/빵과 우유/송환/회색도시총 8 편,,2006.04.13.목 ~ 04.27.목,,미부착,,개방 가능,공공누리 2~4유형,,,,O,,,,"저작권 보호되는 영화, 다수의 스틸컷",
142,한국영상자료원,HOME > 시네마테크KOFA > 프로그램 > 지난 프로그램,지난 프로그램,고(故) 신상옥 감독 추모전,내시/로맨스빠빠/벙어리 삼룡/빨간 마후라/사랑방 손님과 어머니/성춘향/지옥화총 7 편,,2006.04.19.수 ~ 04.23.일,,미부착,,개방 가능,공공누리 2~4유형,,,,O,O,,,"지옥화(1958), 성춘향(1961),로맨스빠빠(1960),사랑방손님과 어머니(1961), 나머지 4편 1963년 이후 작품",
143,한국영상자료원,HOME > 시네마테크KOFA > 프로그램 > 지난 프로그램,지난 프로그램,댁의 부인은 어떠십니까?,댁의 부인은 어떠십니까/미몽(죽음의 자장가)/자유부인/젯트부인총 4 편,,2006.04.25.화 ~ 04.28.금,,미부착,,개방 가능,공공누리 2~4유형,,,,O,O,,,"미몽(1936), 자유부인(1956), 나머ㅣ 2편은 1963년 이후 작품",
144,한국영상자료원,HOME > 시네마테크KOFA > 프로그램 > 지난 프로그램,지난 프로그램,5월 클래식 한국영화 릴레이,갯마을/모녀봉/불나비/불붙는 대륙/언제나 그날이면/죽도록 보고 싶어/현금은 내 것이다총 7 편,,2006.05.02.화 ~ 05.11.목,,미부착,,개방 가능,공공누리 2~4유형,,,,O,O,,,1965년작,
145,한국영상자료원,HOME > 시네마테크KOFA > 프로그램 > 지난 프로그램,지난 프로그램,Special Screening for the Foreigners in Korea,04:00 -1950-/갯마을 The Seashore Village/귀로 Homebound/돌아오지 않는 해병 Marines Are Gone/마의 계단 The Devil s Stairway/물레방아 A Water Mill/삼포가는 길 A Road to Sampo/쇠사슬을 끊어라 Break up the Chain/어느 여대생의 고백 A College Woman s Confess/원점 The Starting Point/휴일 Holiday총 11 편,,2006.05.03.수 ~ 05.30.화,,미부착,,개방 가능,공공누리 2~4유형,,,,O,O,,,어느 여대생의 고백(1958) 제외 모두 1963년 이후 영화,
146,한국영상자료원,HOME > 시네마테크KOFA > 프로그램 > 지난 프로그램,지난 프로그램,"5월 해피투게더, 독립영화 (강좌)",상어총 1 편,,2006.05.04.목,,미부착,,개방 가능,공공누리 2~4유형,,,,O,,,,"저작권 보호되는 영화, 다수의 스틸컷",
147,한국영상자료원,HOME > 시네마테크KOFA > 프로그램 > 지난 프로그램,지난 프로그램,5월 청소년을 위한 영화감상,삼포가는 길/손오공 홍해아 대전총 2 편,,2006.05.05.금 ~ 05.27.토,,미부착,,개방 가능,공공누리 2~4유형,,,,O,,,,"저작권 보호되는 영화, 다수의 스틸컷",
148,한국영상자료원,HOME > 시네마테크KOFA > 프로그램 > 지난 프로그램,지난 프로그램,<최후의 증인>과 <오사까의 외로운 별>,오사까의 외로운 별/최후의 증인총 2 편,,2006.05.06.토 ~ 05.07.일,,미부착,,개방 가능,공공누리 2~4유형,,,,O,,,,"저작권 보호되는 영화, 다수의 스틸컷",
149,한국영상자료원,HOME > 시네마테크KOFA > 프로그램 > 지난 프로그램,지난 프로그램,"5월 해피투게더, 독립영화",마디/오! 꿈의 나라총 2 편,,2006.05.11.목,,미부착,,개방 가능,공공누리 2~4유형,,,,O,,,,"저작권 보호되는 영화, 다수의 스틸컷",
150,한국영상자료원,HOME > 시네마테크KOFA > 프로그램 > 지난 프로그램,지난 프로그램,고(故) 이만희 감독 전작전 프로그램 리스트,04:00 -1950-/0시(영시)/YMS 504의 수병/검은머리/고보이강의 다리/군번없는 용사/귀로/돌아오지 않는 해병/들국화는 피었는데/마의 계단/물레방아/삼포가는 길/생명/쇠사슬을 끊어라/싸리골의 신화/암살자/여섯개의 그림자/여자가 고백할 때/원점/창공에 산다/청녀/태양닮은 소녀/휴일총 23 편,,2006.05.12.금 ~ 05.30.화,,미부착,,개방 가능,공공누리 2~4유형,,,,O,,,,"저작권 보호되는 영화, 다수의 스틸컷",
151,한국영상자료원,HOME > 시네마테크KOFA > 프로그램 > 지난 프로그램,지난 프로그램,"6월 해피투게터, 독립영화 (강좌)",노가다총 1 편,,2006.06.01.목,,미부착,,개방 가능,공공누리 2~4유형,,,,O,,,,영화 스틸컷 1장,
152,한국영상자료원,HOME > 시네마테크KOFA > 프로그램 > 지난 프로그램,지난 프로그램,6월 클래식 한국영화 릴레이,8240 K.L.O/계룡산/군번없는 용사/나운규 일생/말띠신부/밤하늘의 부르스/서울머슴아/순애/역전중국집/영등포의 밤/예라이샹(夜來香)/집없는 천사/초우총 13 편,,2006.06.01.목 ~ 06.30.금,,미부착,,개방 가능,공공누리 2~4유형,,,,O,O,,,1968년작,
153,한국영상자료원,HOME > 시네마테크KOFA > 프로그램 > 지난 프로그램,지난 프로그램,"Stories on Joseon Dynasty, War and Society 1950~2000",공동경비구역 J.S.A J.S.A Joint Security Area/그 섬에 가고싶다 To the Starry Island/그 해 겨울은 따뜻했네 The Winter That Year Was Warm/남부군 North Korean Partisan in South Korea/빨간 마후라 The Red Muffler/아름다운 시절 Spring in my Hometown/영원한 제국 Eternal Empire/이조 여인잔혹사 Women of Yi-Dynasty/짝코 Mismatched Nose/청일전쟁과 여걸 민비 The Sino-Japanese War and Queen Min the Heroine/피막 The Hut/피아골 Piagol총 12 편,,2006.06.03.토 ~ 06.28.수,,미부착,,개방 가능,공공누리 2~4유형,,,,O,,,,"저작권 보호되는 영화, 다수의 스틸컷",
154,한국영상자료원,HOME > 시네마테크KOFA > 프로그램 > 지난 프로그램,지난 프로그램,포성이 멎은 자리(War and Society),공동경비구역 J.S.A/그 섬에 가고싶다/그 해 겨울은 따뜻했네/남부군/빨간 마후라/아름다운 시절/짝코/피아골총 8 편,,2006.06.03.토 ~ 06.26.월,,미부착,,개방 가능,공공누리 2~4유형,,,,O,O,,,피아골(1955) 제외 1963년 이후 영화,
155,한국영상자료원,HOME > 시네마테크KOFA > 프로그램 > 지난 프로그램,지난 프로그램,"6월 해피투게터, 독립영화","708호, 이등병의 편지/87에서 89로 전진하는 노동자/밀리터리 탱고/상계동 올림픽/애국자게임/영매-산자와 죽은자의 화해총 6 편",,2006.06.08.목 ~ 06.29.목,,미부착,,개방 가능,공공누리 2~4유형,,,,O,,,,"저작권 보호되는 영화, 다수의 스틸컷",
156,한국영상자료원,HOME > 시네마테크KOFA > 프로그램 > 지난 프로그램,지난 프로그램,한국영화의 뉴 르네상스 1,검으나 땅에 희나 백성/이재수의 난총 2 편,,2006.06.13.화 ~ 06.27.화,,미부착,,개방 가능,공공누리 2~4유형,,,,O,,,,"저작권 보호되는 영화, 다수의 스틸컷",
157,한국영상자료원,HOME > 시네마테크KOFA > 프로그램 > 지난 프로그램,지난 프로그램,바리데기의 딸들,신궁/을화/이어도/피막총 4 편,,2006.06.20.화 ~ 06.23.금,,미부착,,개방 가능,공공누리 2~4유형,,,,O,,,,"저작권 보호되는 영화, 다수의 스틸컷",
158,한국영상자료원,HOME > 시네마테크KOFA > 프로그램 > 지난 프로그램,지난 프로그램,6월 청소년을 위한 영화감상,남부군총 1 편,,2006.06.24.토,,미부착,,개방 가능,공공누리 2~4유형,,,,O,,,,"저작권 보호되는 영화, 다수의 스틸컷",
159,한국영상자료원,HOME > 시네마테크KOFA > 프로그램 > 지난 프로그램,지난 프로그램,여름밤 소름 돋는 이야기 - 한국 공포영화 특선,괴시(怪屍)/깊은밤 갑자기/꼬마신랑의 한/목없는 여살인마/소름/여곡성/흑발/흡혈귀 야녀총 8 편,,2006.07.01.토 ~ 07.23.일,,미부착,,개방 가능,공공누리 2~4유형,,,,O,,,,"저작권 보호되는 영화, 다수의 스틸컷",
160,한국영상자료원,HOME > 시네마테크KOFA > 프로그램 > 지난 프로그램,지난 프로그램,한국영화의 뉴 르네상스 2,3인조(삼인조)/기막힌 사내들/넘버 3/송어총 4 편,,2006.07.04.화 ~ 07.25.화,,미부착,,개방 가능,공공누리 2~4유형,,,,O,,,,"저작권 보호되는 영화, 다수의 스틸컷",
161,한국영상자료원,HOME > 시네마테크KOFA > 프로그램 > 지난 프로그램,지난 프로그램,7월 클래식 한국영화 릴레이,광야의 결사대/내 주먹을 사라/동대문시장 훈이 엄마/망향/법창을 울린 옥이/살사리 몰랐지(007 폭소판 살살이 몰랐지?)/소령 강재구/소문난 여자/오인의 건달/청포도 사랑/친정어머니/태양은 다시 뜬다/하숙생/학사기생총 14 편,,2006.07.04.화 ~ 07.26.수,,미부착,,개방 가능,공공누리 2~4유형,,,,O,O,,,1966년 작품,
162,한국영상자료원,HOME > 시네마테크KOFA > 프로그램 > 지난 프로그램,지난 프로그램,Yoo Hyeon-Mok Retrospective,공처가 삼대 The Three Hen-pecked Generations/김약국의 딸들 Kim s Daughters/막차로 온 손님들 The Guests of the Last Train/오발탄 Aimless Bullet총 4 편,,2006.07.05.수 ~ 07.26.수,,미부착,,개방 가능,공공누리 2~4유형,,,,O,O,,,오발탄(1961) 제외 모두 1963년 이후 작품,
163,한국영상자료원,HOME > 시네마테크KOFA > 프로그램 > 지난 프로그램,지난 프로그램,"7월 해피투게더, 독립영화 (강좌)",택시 블루스총 1 편,,2006.07.06.목,,미부착,,개방 가능,공공누리 2~4유형,,,,O,,,,"저작권 보호되는 영화, 다수의 스틸컷",
164,한국영상자료원,HOME > 시네마테크KOFA > 프로그램 > 지난 프로그램,지난 프로그램,"7월 해피투게더, 독립영화",2001 imagine/고양이와 나/고추 말리기/열애기/지리멸렬/호모 비디오쿠스총 6 편,,2006.07.13.목 ~ 07.20.목,,미부착,,개방 가능,공공누리 2~4유형,,,,O,,,,"저작권 보호되는 영화, 다수의 스틸컷",
165,한국영상자료원,HOME > 시네마테크KOFA > 프로그램 > 지난 프로그램,지난 프로그램,7월 청소년을 위한 영화감상,무녀도총 1 편,,2006.07.22.토,,미부착,,개방 가능,공공누리 2~4유형,,,,O,,,,"저작권 보호되는 영화, 다수의 스틸컷",
166,한국영상자료원,HOME > 시네마테크KOFA > 프로그램 > 지난 프로그램,지난 프로그램,"삶을 닮는 카메라 - 국내외 우수 다큐멘터리전 (SIFF, EIDF 출품작)","강의 끝은 어디인가?/부탄의 오지학교/사람은 무엇으로 사는가/송환/아웃 오브 바운드/어느 암환자의 해피데이/여정/우리 자신의 빈 라덴/필리핀 소년, 분소총 9 편",,2006.07.27.목 ~ 07.30.일,,미부착,,개방 가능,공공누리 2~4유형,,,,O,O,,,다큐멘터리 소개 자료(스틸컷 1장씩 있음),
167,한국영상자료원,HOME > 시네마테크KOFA > 프로그램 > 지난 프로그램,지난 프로그램,"로봇영화 특별전 - 기계의 꿈, 비(非)인간에서 인간으로",로보트 태권 V/메트로폴리스/아이언 자이언트/이노센스/터미네이터/황금철인총 6 편,,2006.08.05.토 ~ 08.11.금,,미부착,,개방 가능,공공누리 2~4유형,,,,O,,,,"저작권 보호되는 영화, 다수의 스틸컷",
168,한국영상자료원,HOME > 시네마테크KOFA > 프로그램 > 지난 프로그램,지난 프로그램,희극지왕 喜劇之王,내일의 팔도강산-제3편-/돈에 눌려 죽은 사나이/병태의 감격시대/복부인/얼굴이 아니고 마음입니다/운수대통(배삼용 이기동의 운수 대통)총 6 편,,2006.08.12.토 ~ 08.27.일,,미부착,,개방 가능,공공누리 2~4유형,,,,O,,,,"저작권 보호되는 영화, 다수의 스틸컷",
169,한국영상자료원,HOME > 시네마테크KOFA > 프로그램 > 지난 프로그램,지난 프로그램,Three representative directors opening 90 s,그들도 우리처럼 Black Republic/우묵배미의 사랑 A Short Love Affair/은마는 오지 않는다 The Silver Stallion Will Never Come총 3 편,,2006.08.16.수 ~ 08.30.수,,미부착,,개방 가능,공공누리 2~4유형,,,,O,,,,"저작권 보호되는 영화, 다수의 스틸컷",
170,한국영상자료원,HOME > 시네마테크KOFA > 프로그램 > 지난 프로그램,지난 프로그램,8월 클래식 한국영화 릴레이,나는 왕이다/댁의 부인은 어떠십니까/마지막 황후 윤비/민검사와 여선생/산유화/여정/위험한 청춘/제삼부두 영번지/죽은 자와 산 자/청춘대학/초연총 11 편,,2006.08.16.수 ~ 08.31.목,,미부착,,개방 가능,공공누리 2~4유형,,,,O,O,,,1966년 작품,
171,한국영상자료원,HOME > 시네마테크KOFA > 프로그램 > 지난 프로그램,지난 프로그램,"8월 해피투게더, 독립영화",계속된다 - 미등록 이주노동자 기록되다/나의 나이아가라/먹이/목두기 비디오/샐리의 애교점/제목 없는 이야기/지옥총 7 편,,2006.08.17.목 ~ 08.31.목,,미부착,,개방 가능,공공누리 2~4유형,,,,O,,,,"저작권 보호되는 영화, 다수의 스틸컷",
172,한국영상자료원,HOME > 시네마테크KOFA > 프로그램 > 지난 프로그램,지난 프로그램,"3인 3색 강좌 : 근대성, 섹슈얼리티, 탈식민주의",검은 머리/겨울여자/나쁜 남자/별들의 고향/쇠사슬을 끊어라/원한의 거리에 눈이 나린다/지옥화/창(노는계집 창)/황산벌/황야의 독수리총 10 편,,2006.08.22.화 ~ 09.26.화,,미부착,,개방 가능,공공누리 2~4유형,,,,O,O,,,"지옥화(1958), 나머지 1963년 이후 작품",
173,한국영상자료원,HOME > 시네마테크KOFA > 프로그램 > 지난 프로그램,지난 프로그램,9월 클래식 한국영화 릴레이,공주며느리/단발머리/문정왕후/물레방아/밀월/산불/성난 송아지/안개낀 초원/오늘은 왕/초연/하와이 연정총 11 편,,2006.09.01.금 ~ 09.27.수,,미부착,,개방 가능,공공누리 2~4유형,,,,O,O,,,1967년작,
174,한국영상자료원,HOME > 시네마테크KOFA > 프로그램 > 지난 프로그램,지난 프로그램,잊을 수가 있을까? 그때 그 노래,그대 변치마오/내일 또 내일/미인/바보들의 행진/아씨/월남에서 돌아온 김상사/이별/잊을 수가 있을까총 8 편,,2006.09.02.토 ~ 09.24.일,,미부착,,개방 가능,공공누리 2~4유형,,,,O,,,,"저작권 보호되는 영화, 다수의 스틸컷",
175,한국영상자료원,HOME > 시네마테크KOFA > 프로그램 > 지난 프로그램,지난 프로그램,Kim Su-Yong Retrospective,만추 Late Fall/사랑의 조건 The Terms of Love/안개 Mist총 3 편,,2006.09.06.수 ~ 09.27.수,,미부착,,개방 가능,공공누리 2~4유형,,,,O,,,,"저작권 보호되는 영화, 다수의 스틸컷",
176,한국영상자료원,HOME > 시네마테크KOFA > 프로그램 > 지난 프로그램,지난 프로그램,"9월 해피투게더, 독립영화 (강좌)",쇼킹 패밀리총 1 편,,2006.09.07.목,,미부착,,개방 가능,공공누리 1유형,,,O,,,,,단순 소개 자료,
177,한국영상자료원,HOME > 시네마테크KOFA > 프로그램 > 지난 프로그램,지난 프로그램,기록영상으로 보는 근대의 풍경,기록영상으로 보는 근대의 풍경 (해설 시사회)/기록영상으로 보는 근대의 풍경 섹션1/기록영상으로 보는 근대의 풍경 섹션2총 3 편,,2006.09.13.수 ~ 09.15.금,,미부착,,개방 가능,공공누리 1유형,,,O,,,,,단순 소개 자료,
178,한국영상자료원,HOME > 시네마테크KOFA > 프로그램 > 지난 프로그램,지난 프로그램,"9월 해피투게더, 독립영화",FCP SERIES/Super Daddy Wonder Mom/나는 열여섯/마스크걸/봄날의 빨간 코트/영(靈)의 지점/주자가 고독할 때/행복한 청소년 건강한 대한민국/헬멧총 9 편,,2006.09.21.목,,미부착,,개방 가능,공공누리 2~4유형,,,,,O,,,영화별 스틸컷 1장,
179,한국영상자료원,HOME > 시네마테크KOFA > 프로그램 > 지난 프로그램,지난 프로그램,Lee Jang-Ho Retrospective,8월의 크리스마스 Christmas in August/꿈 Dreams/나그네는 길에서도 쉬지 않는다 A Wanderer Never Stops on the Road/다정불심 Tender Heart/바람불어 좋은날 Good Windy Day/바보선언 Declaration of Idiot/원점 The Starting Point/인정사정 볼것 없다 Nowhere To Hide/처녀들의 저녁식사 Girls Night Out총 9 편,,2006.10.04.수 ~ 10.31.화,,미부착,,개방 가능,공공누리 2~4유형,,,,O,,,,"저작권 보호되는 영화, 다수의 스틸컷",
180,한국영상자료원,HOME > 시네마테크KOFA > 프로그램 > 지난 프로그램,지난 프로그램,10월 클래식 한국영화 릴레이,꿈/내일은 웃자/다정불심/무적자/빙우/애수/어느 여배우의 고백/우주괴인 왕마귀/원점/일지매 삼검객/지상에서 영으로/하얀 까마귀총 12 편,,2006.10.04.수 ~ 10.31.화,,미부착,,개방 가능,공공누리 2~4유형,,,,O,O,,,"1966, 1967년작품",
181,한국영상자료원,HOME > 시네마테크KOFA > 프로그램 > 지난 프로그램,지난 프로그램,10월 청소년을 위한 특별상영회,품행제로총 1 편,,2006.10.09.월 ~ 10.22.일,,미부착,,개방 가능,공공누리 2~4유형,,,,O,,,,"저작권 보호되는 영화, 다수의 스틸컷",
182,한국영상자료원,HOME > 시네마테크KOFA > 프로그램 > 지난 프로그램,지난 프로그램,세기말의 한국영화,8월의 크리스마스/거짓말/마리 이야기/여고괴담 두 번째 이야기/인정사정 볼것 없다/처녀들의 저녁식사총 6 편,,2006.10.10.화 ~ 11.28.화,,미부착,,개방 가능,공공누리 2~4유형,,,,O,,,,"저작권 보호되는 영화, 다수의 스틸컷",
183,한국영상자료원,HOME > 시네마테크KOFA > 프로그램 > 지난 프로그램,지난 프로그램,"10월 해피투게더, 독립영화",그 집앞(Invisible Light)/비둘기/세라진/신도시인(Living in New Town)/전쟁영화총 5 편,,2006.10.12.목 ~ 10.19.목,,미부착,,개방 가능,공공누리 2~4유형,,,,O,,,,"저작권 보호되는 영화, 다수의 스틸컷",
184,한국영상자료원,HOME > 시네마테크KOFA > 프로그램 > 지난 프로그램,지난 프로그램,중년배우의 젊은 시절: 진짜진짜 못잊어,고보이 강의 다리/멋진 사나이들/아침에 퇴근하는 여자/진짜 진짜 잊지마/화녀/화순이총 6 편,,2006.10.14.토 ~ 10.29.일,,미부착,,개방 가능,공공누리 2~4유형,,,,O,,,,"저작권 보호되는 영화, 다수의 스틸컷",
185,한국영상자료원,HOME > 시네마테크KOFA > 프로그램 > 지난 프로그램,지난 프로그램,"팜므 파탈(Femme Fatale), 치명적 아름다움",동굴속의 애욕/불나비/안개는 여자처럼 속삭인다/지옥화총 4 편,,2006.10.24.화 ~ 10.27.금,,미부착,,개방 가능,공공누리 2~4유형,,,,O,O,,,"지옥화(1958), 나머지 1963년 이후 작품",
186,한국영상자료원,HOME > 시네마테크KOFA > 프로그램 > 지난 프로그램,지난 프로그램,"10월 해피투게더, 독립영화 (강좌)",Wounded/낙원/모놀로그#1/사랑하는 소녀/엄마찾아 삼만리/영재를 기다리며/폴라로이드 작동법총 7 편,,2006.10.26.목,,미부착,,개방 가능,공공누리 1유형,,,O,,,,,단순 소개 자료,
187,한국영상자료원,HOME > 시네마테크KOFA > 프로그램 > 지난 프로그램,지난 프로그램,11월 클래식 한국영화 릴레이,공처가 삼대/그리움은 가슴마다/까치소리/꿈/다정불심/비서실/사월이 가면/수라문의 혈투/어명/엘레지의 여왕/우주괴인 왕마귀/원점/인조반정/형수총 14 편,,2006.11.01.수 ~ 11.30.목,,미부착,,개방 가능,공공누리 2~4유형,,,,O,O,,,"1966, 1967작품",
188,한국영상자료원,HOME > 시네마테크KOFA > 프로그램 > 지난 프로그램,지난 프로그램,Korean Love Songs,꿈 Dreams/다정불심 Tender Heart/땅콩껍질 속의 연가 A Love Song in a Peanut Shell/마지막 찻잔 The Last Tea Cup/앵무새 몸으로 울었다 Parrot Cries with Its Body/원점 The Starting Point/접시꽃 당신 You My Rose Mellow총 7 편,,2006.11.01.수 ~ 11.30.목,,미부착,,개방 가능,공공누리 2~4유형,,,,O,,,,"저작권 보호되는 영화, 다수의 스틸컷",
189,한국영상자료원,HOME > 시네마테크KOFA > 프로그램 > 지난 프로그램,지난 프로그램,한국인이 뽑은 한국영화 10선,고래사냥 Whale Hunting/난장이가 쏘아올린 작은공 The Ball Shot by a Midget/돼지가 우물에 빠진 날/맨발의 청춘/미워도 다시한번/바보들의 행진 The March of Fools/별들의 고향/사랑방 손님과 어머니 Mother and a Guest/서편제/소나기/아름다운 청년 전태일/오발탄 Aimless Bullet/우리들의 일그러진 영웅 Our Twisted Hero/칠수와 만수 Chil-su and Man-su/하녀 The Housemaid총 15 편,,2006.11.02.목 ~ 11.12.일,,미부착,,개방 가능,공공누리 2~4유형,,,,O,O,,,"하녀(1960), 사랑방손님과어머니(1961) 외 1963년 이후작품",
190,한국영상자료원,HOME > 시네마테크KOFA > 프로그램 > 지난 프로그램,지난 프로그램,"11월 해피투게더, 독립영화 (강좌)",너무 많이 본 사나이총 1 편,,2006.11.16.목,,미부착,,개방 가능,공공누리 2~4유형,,,,O,,,,"저작권 보호되는 영화, 다수의 스틸컷",
191,한국영상자료원,HOME > 시네마테크KOFA > 프로그램 > 지난 프로그램,지난 프로그램,한·홍 합작 무협영화 특선,아랑곡의 혈투/용의인자/유성검/음양도총 4 편,,2006.11.18.토 ~ 11.26.일,,미부착,,개방 가능,공공누리 2~4유형,,,,,O,,,영화 스틸컷 1장,
192,한국영상자료원,HOME > 시네마테크KOFA > 프로그램 > 지난 프로그램,지난 프로그램,"11월 해피투게더, 독립영화",부활의 노래/옴니버스 프로젝트 <제국>총 2 편,,2006.11.23.목 ~ 11.30.목,,미부착,,개방 가능,공공누리 2~4유형,,,,,O,,,영화별 스틸컷 1장,
193,한국영상자료원,HOME > 시네마테크KOFA > 프로그램 > 지난 프로그램,지난 프로그램,12월 클래식 한국영화 릴레이,계모/두견새 우는 사연/상감마마 미워요/육체의 길/일월/종야/춘희/해방동이/환희총 9 편,,2006.12.01.금 ~ 12.15.금,,미부착,,개방 가능,공공누리 2~4유형,,,,O,O,,,1967년작,
194,한국영상자료원,HOME > 시네마테크KOFA > 프로그램 > 지난 프로그램,지난 프로그램,‘조이SF’와 함께 떠나는 SF로의 여행,2001 스페이스 오딧세이/미지와의 조우/브라질/솔라리스총 4 편,,2006.12.01.금 ~ 12.22.토,,미부착,,개방 가능,공공누리 2~4유형,,,,O,O,,,"영화별 스틸컷 1장, 모두 외국영화",
195,한국영상자료원,HOME > 시네마테크KOFA > 프로그램 > 지난 프로그램,지난 프로그램,2006 고전영화관 Agine展,"검으나 땅에 희나 백성/깊은밤 갑자기/나운규 일생/닫힌 교문을 열며/마지막 정열/마지막 황후 윤비/목없는 여살인마/문정왕후/미몽/반도의 봄/버튼 홈스, 조선, 조선소식, 당시의 조선, 경성/생명/최후의 증인/춘몽/태양 닮은 소녀/피어린 구월산총 16 편",,2006.12.02.토 ~ 12.24.일,,미부착,,개방 가능,공공누리 2~4유형,,,,O,O,,,"반도의 봄(1941), 미몯(1936) 이외 모두 1963년 이후 작품",
196,한국영상자료원,HOME > 시네마테크KOFA > 프로그램 > 지난 프로그램,지난 프로그램,파괴된 사나이들,복수는 나의 것/킬리만자로/텔 미 썸딩총 3 편,,2006.12.05.화 ~ 12.19.화,,미부착,,개방 가능,공공누리 2~4유형,,,,O,,,,"저작권 보호되는 영화, 다수의 스틸컷",
197,한국영상자료원,HOME > 시네마테크KOFA > 프로그램 > 지난 프로그램,지난 프로그램,Shin Young-kyun Retrospective,대감신랑 Big shot bridegroom/마부 A Coachman/연산군(장한사모편) Prince Yeonsan총 3 편,,2006.12.06.수 ~ 12.20.수,,미부착,,개방 가능,공공누리 2~4유형,,,,O,O,,,"연산군(1961), 마부(1961), 대감신랑(1971년)",
198,한국영상자료원,HOME > 시네마테크KOFA > 프로그램 > 지난 프로그램,지난 프로그램,"12월 해피투게더, 독립영화",One Fine Day/돌아갈 귀(歸)/물안경/스케이트/언년이/우중산책/인생/죽거나 혹은 나쁘거나/춘희총 9 편,,2006.12.07.목 ~ 12.21.목,,미부착,,개방 가능,공공누리 2~4유형,,,,O,,,,"저작권 보호되는 영화, 다수의 스틸컷",
199,한국영상자료원,HOME > 시네마테크KOFA > 프로그램 > 지난 프로그램,지난 프로그램,명배우를 만나다: 최은희,딸부자집/민며느리/어느 여대생의 고백 (최은희 GV)/여자의 일생총 4 편,,2006.12.19.화 ~ 12.22.금,,미부착,,개방 가능,공공누리 2~4유형,,,,O,O,,,어느 여대상의 고백(1958) 제외 모두 1963년 이후 영화,
200,한국영상자료원,HOME > 시네마테크KOFA > 프로그램 > 지난 프로그램,지난 프로그램,1월 클래식 한국영화 릴레이,고발/공주님의 짝사랑/귀로/남남북녀/막차로 온 손님들/메밀꽃 필 무렵/산/섬마을선생/싸리골의 신화/안개/애하/연합전선/영번 상해돌파/영호작전(제로작전)/이조잔영/젯트부인/폭로/풍운의 검객총 18 편,,2007.01.02.화 ~ 01.31.수,,미부착,,개방 가능,공공누리 2~4유형,,,,O,O,,,1967년작,
201,한국영상자료원,HOME > 시네마테크KOFA > 프로그램 > 지난 프로그램,지난 프로그램,21세기 여성감독 독본,고양이를 부탁해/미술관 옆 동물원/밀애/와이키키 브라더스/질투는 나의힘총 5 편,,2007.01.02.화 ~ 01.30.화,,미부착,,개방 가능,공공누리 2~4유형,,,,O,,,,"저작권 보호되는 영화, 다수의 스틸컷",
202,한국영상자료원,HOME > 시네마테크KOFA > 프로그램 > 지난 프로그램,지난 프로그램,Korean Cinema 1940s: de/construction,마음의 고향 A Hometown in Heart/자유만세 Hurrah for Freedom/조선해협 Straits of Chosun/지원병 Volunteer/집없는 천사 Homeless Angel총 5 편,,2007.01.03.수 ~ 01.31.수,,미부착,,개방 가능,공공누리 1유형,,,O,,,,,단순 정보,
203,한국영상자료원,HOME > 시네마테크KOFA > 프로그램 > 지난 프로그램,지난 프로그램,"1월 해피 투게더, 독립영화",거북이 시스터즈/맨손으로 죽여라?/뫼비우스의 딸/문/생강/어느 애비의 삶/울타리 넓히기/잊혀진 여전사/허스토리총 9 편,,2007.01.04.목 ~ 01.25.목,,미부착,,개방 가능,공공누리 2~4유형,,,,O,,,,"저작권 보호되는 영화, 다수의 스틸컷",
204,한국영상자료원,HOME > 시네마테크KOFA > 프로그램 > 지난 프로그램,지난 프로그램,조이SF와 함께 떠나는 SF로의 여행 (2),갤럭시 퀘스트 Galaxy Quest/어비스 The Abyss/트론 Tron/혹성탈출 Planet Of The Apes총 4 편,,2007.01.05.금 ~ 01.26.금,,미부착,,개방 가능,공공누리 2~4유형,,,,,O,,,외국영화 스틸컷 1장씩 포함,
205,한국영상자료원,HOME > 시네마테크KOFA > 프로그램 > 지난 프로그램,지난 프로그램,돌무지를 헤쳐넘다: 최근 3년간 복원/복사 작품 공개전,공포의 이중인간/돌무지/또순이/석양의 10번가(빛을 마셔라)/여성상위시대/요절복통 일망타진/추격자/화초기생총 8 편,,2007.01.06.토 ~ 01.28.일,,미부착,,개방 가능,공공누리 2~4유형,,,,O,,,,"저작권 보호되는 영화, 다수의 스틸컷",
206,한국영상자료원,HOME > 시네마테크KOFA > 프로그램 > 지난 프로그램,지난 프로그램,"2월 해피 투게더, 독립영화 (강좌)",192-399: 더불어 사는 집 이야기총 1 편,,2007.02.01.목,,미부착,,개방 가능,공공누리 2~4유형,,,,O,O,,,스틸컷 1장 포함,
207,한국영상자료원,HOME > 시네마테크KOFA > 프로그램 > 지난 프로그램,지난 프로그램,2월 클래식 한국영화 릴레이 (1967~1968),가로수의 합창/강명화/돌무지/복수/사격장의 아이들/여마적/영/옥비녀/요화 장희빈/월하의 공동묘지/찬란한 슬픔/춘향/폭풍의 사나이/호피와 차돌바위/황혼의 검객/흥부와 놀부총 16 편,,2007.02.01.목 ~ 02.28.수,,미부착,,개방 가능,공공누리 1유형,,,,,O,,,영화 스틸컷 여러장 포함됨,
208,한국영상자료원,HOME > 시네마테크KOFA > 프로그램 > 지난 프로그램,지난 프로그램,‘호러타임즈’와 함께 보는 “봄날 밤의 호러영화”,델라모테 델라모레 Dellamorte Dellamore/베이비 제인에게 무슨 일이 일어났는가? What Ever Happened to Baby Jane?/성스러운 피 Santa sangre/악마의 등뼈 EL Espinazo del Diablo/얼굴 없는 눈 Les Yeux sans visage/지금 보면 안돼 Dont Look Now/지상 최후의 사나이 The Last Man on Earth/힛쳐 The Hitcher총 8 편,,2007.02.02.금 ~ 03.30.금,,미부착,,개방 가능,공공누리 2~4유형,,,,,O,,,외국영화 스틸컷 1장씩 포함,
209,한국영상자료원,HOME > 시네마테크KOFA > 프로그램 > 지난 프로그램,지난 프로그램,"팔도강산, 유람하는 카메라",내일의 팔도강산-제3편-/돌아온 팔도강산/아름다운 팔도강산/우리의 팔도강산총 4 편,,2007.02.03.토 ~ 02.11.일,,미부착,,개방 가능,공공누리 2~4유형,,,,O,,,,"저작권 보호되는 영화, 다수의 스틸컷",
210,한국영상자료원,HOME > 시네마테크KOFA > 프로그램 > 지난 프로그램,지난 프로그램,"2000년, 비범한 시작",나도 아내가 있었으면 좋겠다/눈물/반칙왕/인터뷰/플란다스의 개총 5 편,,2007.02.06.화 ~ 03.06.화,,미부착,,개방 가능,공공누리 2~4유형,,,,O,,,,"저작권 보호되는 영화, 다수의 스틸컷",
211,한국영상자료원,HOME > 시네마테크KOFA > 프로그램 > 지난 프로그램,지난 프로그램,Buddhist Film Special,관세음보살 Goddess of Mercy (E)/꿈 Dreams (E)/달마가 동쪽으로 간 까닭은? What is the Reason Why Bodhidharma Went to the East? (E)/만다라 Mandara (E)/파계 Transgression (E)총 5 편,,2007.02.07.수 ~ 03.07.수,,미부착,,개방 가능,공공누리 2~4유형,,,,O,,,,"저작권 보호되는 영화, 다수의 스틸컷",
212,한국영상자료원,HOME > 시네마테크KOFA > 프로그램 > 지난 프로그램,지난 프로그램,"2월 해피 투게더, 독립영화","가리베가스/깡순이, 슈어프로덕츠 노동자/복수의 길/비두/에로틱 번뇌보이/여기가 끝이다/친구여, 이제는 내가 말할 때총 7 편",,2007.02.08.목 ~ 02.22.목,,미부착,,개방 가능,공공누리 2~4유형,,,,O,O,,,일부 스틸컷 1장씩 포함,
213,한국영상자료원,HOME > 시네마테크KOFA > 프로그램 > 지난 프로그램,지난 프로그램,김수현 메가히트 스페셜,겨울로 가는 마차/내가 버린 남자/내가 버린 여자/보통여자/상처/청춘의 덫총 6 편,,2007.02.24.토 ~ 03.11.일,,미부착,,개방 가능,공공누리 2~4유형,,,,O,,,,"저작권 보호되는 영화, 다수의 스틸컷",
214,한국영상자료원,HOME > 시네마테크KOFA > 프로그램 > 지난 프로그램,지난 프로그램,3월 클래식 한국영화 릴레이 (1968),나그네 검객 황금 108관/사랑/청등홍등총 3 편,,2007.03.02.금 ~ 03.14.수,,미부착,,개방 가능,공공누리 2~4유형,,,,O,,,,"저작권 보호되는 영화, 다수의 스틸컷",
215,한국영상자료원,HOME > 시네마테크KOFA > 프로그램 > 지난 프로그램,지난 프로그램,윤일봉 편,가고파 (GV)/바다로 간 목마/애하/여자의 함정총 4 편,,2007.03.06.화 ~ 03.09.금,,미부착,,개방 가능,공공누리 2~4유형,,,,O,,,,"저작권 보호되는 영화, 다수의 스틸컷",
216,한국영상자료원,HOME > 시네마테크KOFA > 프로그램 > 지난 프로그램,지난 프로그램,"3월 해피 투게더, 독립영화 (강좌)",마지막 밥상총 1 편,,2007.03.08.목,,미부착,,개방 가능,공공누리 2~4유형,,,,O,,,,"저작권 보호되는 영화, 다수의 스틸컷",
217,한국영상자료원,HOME > 시네마테크KOFA > 프로그램 > 지난 프로그램,지난 프로그램,전쟁기억의 젠더정치학,배달의 기수(병사와 어머니)/배달의 기수(성년 여군)/배달의 기수(소녀와 용사)/배달의 기수(아빠의 어린시절)/배달의 기수(전장의 꽃)총 5 편,,2007.03.13.화 ~ 03.14.수,,미부착,,개방 가능,공공누리 1유형,,,O,,,,,단순 정보,
218,한국영상자료원,HOME > 시네마테크KOFA > 프로그램 > 지난 프로그램,지난 프로그램,라타나 페스톤지 회고전,검은 실크/달지 않은 설탕/시골 호텔/어두운 하늘총 4 편,,2007.03.15.목 ~ 03.18.일,,미부착,,개방 가능,공공누리 2~4유형,,,,O,O,,,달지 않은 사탕(1967) 외 3편 모두 1963년 이전 영화,
219,한국영상자료원,HOME > 시네마테크KOFA > 프로그램 > 지난 프로그램,지난 프로그램,"3월 해피 투게더, 독립영화",나는 내가 의천검을 쥔 것처럼/풀장 속의 원숭이들총 2 편,,2007.03.15.목,,미부착,,개방 가능,공공누리 2~4유형,,,,O,O,,,스틸컷 1장씩 포함,
220,한국영상자료원,HOME > 시네마테크KOFA > 프로그램 > 지난 프로그램,지난 프로그램,"비디오떼끄 스페셜 (슈퍼맨 1, 2 리처드 도너 감독판)",슈퍼맨 1 Superman/슈퍼맨 2 Superman II총 2 편,,2007.03.24.토,,미부착,,개방 가능,공공누리 2~4유형,,,,,O,,,외국영화 스틸컷 2장,
221,한국영상자료원,HOME > 시네마테크KOFA > 프로그램 > 지난 프로그램,지난 프로그램,6월 클래식 한국영화 릴레이,고독한 순간/별아 내 가슴에/어머니는 강하다/제삼지대총 4 편,,2007.06.26.화 ~ 06.29.금,,미부착,,개방 가능,공공누리 2~4유형,,,,O,O,,,1968년작,
222,한국영상자료원,HOME > 시네마테크KOFA > 프로그램 > 지난 프로그램,지난 프로그램,"전도연, 배우 전도연",나도 아내가 있었으면 좋겠다/내 마음의 풍금/약속/인어공주/접속/피도 눈물도 없이/해피엔드총 7 편,,2007.06.26.화 ~ 08.28.화,,미부착,,개방 가능,공공누리 2~4유형,,,,O,,,,"저작권 보호되는 영화, 다수의 스틸컷",
223,한국영상자료원,HOME > 시네마테크KOFA > 프로그램 > 지난 프로그램,지난 프로그램,1974~1977,바보들의 행진/별3형제/보통여자/삼포가는 길/아빠하고 나하고/영자의 전성시대/육체의 약속/토지총 8 편,,2007.06.27.수 ~ 08.29.수,,미부착,,개방 가능,공공누리 2~4유형,,,,O,,,,"저작권 보호되는 영화, 다수의 스틸컷",
224,한국영상자료원,HOME > 시네마테크KOFA > 프로그램 > 지난 프로그램,지난 프로그램,도심활극영화: 종로와 명동의 사나이들,동경사자와 명동호랑이/명동 44번지/명동노신사/명동백작/명동사나이와 남포동사나이/명동에 흐르는 세월/명동을 떠나면서/명동의 12 사나이/명동잔혹사/종로 444번지/종로 부루스총 11 편,,2007.06.28.목 ~ 08.10.금,,미부착,,개방 가능,공공누리 2~4유형,,,,O,,,,"저작권 보호되는 영화, 다수의 스틸컷",
225,한국영상자료원,HOME > 시네마테크KOFA > 프로그램 > 지난 프로그램,지난 프로그램,DVDs on Screen - 미개봉작을 스크린으로,THX-1138/U2 래틀 앤 험/노 디렉션 홈: 밥 딜런/샌프란시스코에서 하룻밤/스캐너 다클리/아버지의 깃발/원스 어폰 어 타임 인 더 웨스트/원스 어폰 어 타임 인 아메리카/이오지마에서 온 편지총 9 편,,2007.06.30.토 ~ 08.25.토,,미부착,,개방 가능,공공누리 2~4유형,,,,O,,,,"저작권 보호되는 영화, 다수의 스틸컷",
226,한국영상자료원,HOME > 시네마테크KOFA > 프로그램 > 지난 프로그램,지난 프로그램,7월 클래식 한국영화 릴레이,남자미용사/다시 만날 때까지/대원군/대좌의 아들/마음의 여로/슬픔은 파도를 넘어/어떤 눈망울/언니의 일기/유랑의 검호/젊은 느티나무/카인의 후예/화산댁총 12 편,,2007.07.03.화 ~ 07.31.화,,미부착,,개방 가능,공공누리 2~4유형,,,,O,O,,,1968년작,
227,한국영상자료원,HOME > 시네마테크KOFA > 프로그램 > 지난 프로그램,지난 프로그램,"7월 해피 투게더, 독립영화 (강좌)",파산의 기술총 1 편,,2007.07.07.토,,미부착,,개방 가능,공공누리 2~4유형,,,,O,O,,,스틸컷 1장,
228,한국영상자료원,HOME > 시네마테크KOFA > 프로그램 > 지난 프로그램,지난 프로그램,신상옥 감독 컬렉션 DVD 출시기념 특별전,겨울이야기/성춘향/소금/여성상위시대/탈출기총 5 편,,2007.07.10.화 ~ 07.13.금,,미부착,,개방 가능,공공누리 2~4유형,,,,O,O,,,성춘향(1961) 외 모두 1963년 이후 영화,
229,한국영상자료원,HOME > 시네마테크KOFA > 프로그램 > 지난 프로그램,지난 프로그램,8월 클래식 한국영화 릴레이,구름/구슬공주/규방/그 날이 올 때까지/낙엽/남/무숙자/미워도 다시한번/순정/아네모네 마담/아빠 아빠 우리 아빠/악몽/영원한 모정/오월생/자주댕기/정든 님/철부지 아씨/파란 이별의 글씨총 18 편,,2007.08.01.수 ~ 08.31.금,,미부착,,개방 가능,공공누리 2~4유형,,,,O,O,,,1968년작,
230,한국영상자료원,HOME > 시네마테크KOFA > 프로그램 > 지난 프로그램,지난 프로그램,"8월 해피 투게더, 독립영화 (강좌)",바람이 분다/팔월의 일요일들총 2 편,,2007.08.11.토,,미부착,,개방 가능,공공누리 2~4유형,,,,O,O,,,스틸컷 1장씩 포함,
231,한국영상자료원,HOME > 시네마테크KOFA > 프로그램 > 지난 프로그램,지난 프로그램,공간 호러/미스터리: 2층집이다,깊은밤 갑자기/마의 계단/살인마/안개는 여자처럼 속삭인다/올가미/충녀총 6 편,,2007.08.16.목 ~ 08.31.금,,미부착,,개방 가능,공공누리 2~4유형,,,,O,,,,"저작권 보호되는 영화, 다수의 스틸컷",
232,한국영상자료원,HOME > 시네마테크KOFA > 프로그램 > 지난 프로그램,지난 프로그램,"가족의 탄생, 그들의 단편",봄산에/열일곱/이십세법/창백한 푸른 점/폴라로이드 작동법총 5 편,,2007.08.17.금,,미부착,,개방 가능,공공누리 2~4유형,,,,O,,,,"저작권 보호되는 영화, 다수의 스틸컷",
233,한국영상자료원,HOME > 시네마테크KOFA > 프로그램 > 지난 프로그램,지난 프로그램,가족의 탄생,가족의 탄생총 1 편,,2007.08.17.금 ~ 08.18.토,,미부착,,개방 가능,공공누리 2~4유형,,,,O,,,,"저작권 보호되는 영화, 다수의 스틸컷",
234,한국영상자료원,HOME > 시네마테크KOFA > 프로그램 > 지난 프로그램,지난 프로그램,미드족이 뽑은 미드 8선,24/로마 Rome/로스트 Lost/밴드 오브 브라더스 Band of Brothers/엑스파일 The X-Files/트윈픽스 Twin Peaks/프렌즈 Friends/프리즌 브레이크 Prison Break총 8 편,,2007.09.01.토 ~ 10.27.토,,미부착,,개방 가능,공공누리 2~4유형,,,,,O,,,외국영화 스틸컷 1장씩 포함,
235,한국영상자료원,HOME > 시네마테크KOFA > 프로그램 > 지난 프로그램,지난 프로그램,"9월 해피 투게더, 독립영화 (강좌)",뇌절개술총 1 편,,2007.09.01.토,,미부착,,개방 가능,공공누리 2~4유형,,,,O,O,,,스틸컷 1장,
236,한국영상자료원,HOME > 시네마테크KOFA > 프로그램 > 지난 프로그램,지난 프로그램,1979년 개봉영화 세 편,가을비 우산속에/비련의 홍살문/장마총 3 편,,2007.09.05.수 ~ 09.19.수,,미부착,,개방 가능,공공누리 2~4유형,,,,O,,,,"저작권 보호되는 영화, 다수의 스틸컷",
237,한국영상자료원,HOME > 시네마테크KOFA > 프로그램 > 지난 프로그램,지난 프로그램,9월 클래식 한국영화 릴레이,고향무정/내가 반역자냐/로맨스마마/방울대감/심야의 비명/여자의 일생/저 언덕을 넘어서/칠보반지/팔푼며느리/풍랑객/피해자총 11 편,,2007.09.05.수 ~ 09.28.금,,미부착,,개방 가능,공공누리 2~4유형,,,,O,,,,"저작권 보호되는 영화, 다수의 스틸컷",
238,한국영상자료원,HOME > 시네마테크KOFA > 프로그램 > 지난 프로그램,지난 프로그램,무협 시대극영화: 검객(劍客),나그네 검객 황금 108관/무정검/삼인의 여검객/유랑의 검호/일지매 삼검객/팔도검객/풍운의 검객/황혼의 검객총 8 편,,2007.09.06.목 ~ 09.28.금,,미부착,,개방 가능,공공누리 2~4유형,,,,O,,,,"저작권 보호되는 영화, 다수의 스틸컷",
239,한국영상자료원,HOME > 시네마테크KOFA > 프로그램 > 지난 프로그램,지난 프로그램,10월 클래식 한국영화 릴레이,단벌신사/못다한 사랑/방랑대군/아리랑/엄마의 일기/울고 넘는 박달재/잊으려해도/출세가도/팔도기생/팔푼이사위/황혼의 부르스총 11 편,,2007.10.04.목 ~ 10.28.일,,미부착,,개방 가능,공공누리 2~4유형,,,,O,,,,"저작권 보호되는 영화, 다수의 스틸컷",
240,한국영상자료원,HOME > 시네마테크KOFA > 프로그램 > 지난 프로그램,지난 프로그램,항만활극영화: 제3부두에 서리가 나린다,공포의 황금부두/돌아온 항구의 사나이/무정의 제3부두/여선장/의리에 산다/제삼부두 고슴도치/제삼부두 영번지/황혼의 제3부두총 8 편,,2007.10.04.목 ~ 10.26.금,,미부착,,개방 가능,공공누리 2~4유형,,,,O,,,,"저작권 보호되는 영화, 다수의 스틸컷",
241,한국영상자료원,HOME > 시네마테크KOFA > 프로그램 > 지난 프로그램,지난 프로그램,임권택 감독전,개벽/짝코/티켓총 3 편,,2007.10.10.수 ~ 10.24.수,,미부착,,개방 가능,공공누리 2~4유형,,,,O,,,,"저작권 보호되는 영화, 다수의 스틸컷",
242,한국영상자료원,HOME > 시네마테크KOFA > 프로그램 > 지난 프로그램,지난 프로그램,"10월 해피 투게더, 독립영화 (강좌)",낫시리아/새끼여우/크레인 제4도크총 3 편,,2007.10.13.토,,미부착,,개방 가능,공공누리 2~4유형,,,,O,O,,,스틸컷 1장씩 포함,
243,한국영상자료원,HOME > 시네마테크KOFA > 프로그램 > 지난 프로그램,지난 프로그램,소름,소름/청연총 2 편,,2007.10.19.금 ~ 10.20.토,,미부착,,개방 가능,공공누리 2~4유형,,,,O,,,,"저작권 보호되는 영화, 다수의 스틸컷",
244,한국영상자료원,HOME > 시네마테크KOFA > 프로그램 > 지난 프로그램,지난 프로그램,"한·홍합작 시대의 얼굴, 진봉진",대결투/생사투/음양도/흑발총 4 편,,2007.10.30.화 ~ 11.02.금,,미부착,,개방 가능,공공누리 2~4유형,,,,O,O,,,스틸컷 1장 포함,
245,한국영상자료원,HOME > 시네마테크KOFA > 프로그램 > 지난 프로그램,지난 프로그램,신세기 저패니메이션,"구름의 저편, 약속의 장소/그녀와 그녀의 고양이/기동경찰 패트레이버 극장판1/기동경찰 패트레이버 극장판2/기동경찰 패트레이버 극장판3/나스, 안달루시아의 여름 (극장판)/별의 목소리/스팀보이/아키라/퍼펙트 블루총 10 편",,2007.11.03.토 ~ 12.22.토,,미부착,,개방 가능,공공누리 2~4유형,,,,O,O,,,일본 애니메이션 스틸컷 1장씩 포함,
246,한국영상자료원,HOME > 시네마테크KOFA > 프로그램 > 지난 프로그램,지난 프로그램,"11월 해피 투게더, 독립영화 (강좌)",살기 위하여 - 어부로 살고 싶다총 1 편,,2007.11.03.토,,미부착,,개방 가능,공공누리 2~4유형,,,,O,,,,"저작권 보호되는 영화, 다수의 스틸컷",
247,한국영상자료원,HOME > 시네마테크KOFA > 프로그램 > 지난 프로그램,지난 프로그램,11월 클래식 한국영화 릴레이,공산성의 혈투/남정임 여군에 가다/번지수가 틀렸네요/순애보/악마의 초대/여/잘돼갑니다/차라리 남이라면/흐느끼는 백조총 9 편,,2007.11.07.수 ~ 11.23.금,,미부착,,개방 가능,공공누리 2~4유형,,,,O,,,,"저작권 보호되는 영화, 다수의 스틸컷",
248,한국영상자료원,HOME > 시네마테크KOFA > 프로그램 > 지난 프로그램,지난 프로그램,1975년 개봉영화 세 편,바보들의 행진/삼포가는 길/영자의 전성시대총 3 편,,2007.11.07.수 ~ 11.21.수,,미부착,,개방 가능,공공누리 2~4유형,,,,O,,,,"저작권 보호되는 영화, 다수의 스틸컷",
249,한국영상자료원,HOME > 시네마테크KOFA > 프로그램 > 지난 프로그램,지난 프로그램,과도기 멜로영화: 땐-스홀의 순정,댁의 부인은 어떠십니까/밤하늘의 부르스/순정/예라이샹(夜來香)/위험한 청춘/자유부인총 6 편,,2007.11.08.목 ~ 11.23.금,,미부착,,개방 가능,공공누리 2~4유형,,,,O,O,,,자유부인(1956년) 외 1963년 이후 영화,
250,한국영상자료원,HOME > 시네마테크KOFA > 프로그램 > 지난 프로그램,지난 프로그램,"한국영화의 어머니, 황정순",김약국의 딸들/내일의 팔도강산-제3편-/육체의 고백/화산댁총 4 편,,2007.11.27.화 ~ 11.30.금,,미부착,,개방 가능,공공누리 2~4유형,,,,O,,,,"저작권 보호되는 영화, 다수의 스틸컷",
251,한국영상자료원,HOME > 시네마테크KOFA > 프로그램 > 지난 프로그램,지난 프로그램,트랜스내셔널(transnational) 첩보영화: 홍콩스파이 vs 동경특파원,극동의 무적자/동경특파원/엑스포(EXPO) 칠십 동경전선/여자형사 마리/쟉크를 채워라/황금70 홍콩작전총 6 편,,2007.12.05.수 ~ 12.14.금,,미부착,,개방 가능,공공누리 2~4유형,,,,O,,,,"저작권 보호되는 영화, 다수의 스틸컷",
252,한국영상자료원,HOME > 시네마테크KOFA > 프로그램 > 지난 프로그램,지난 프로그램,신상옥 감독의 문예영화 3편,벙어리 삼룡/사랑방 손님과 어머니/상록수총 3 편,,2007.12.05.수 ~ 12.26.수,,미부착,,개방 가능,공공누리 2~4유형,,,,O,O,,,"사랑방 손님과 어머니, 상록수(각 1961), 벙어리 삼룡이(1964)",
253,한국영상자료원,HOME > 시네마테크KOFA > 프로그램 > 지난 프로그램,지난 프로그램,역할 풍자 코미디: 돌연변이 가족,남자미용사/남자와 기생/남정임 여군에 가다/부부교대/애교로 봐 주세요/팔푼며느리/팔푼부부(팔푼이부부)/팔푼이사위총 8 편,,2007.12.06.목 ~ 12.28.금,,미부착,,개방 가능,공공누리 1유형,,,,,O,,,스틸컷 다수 포함,
254,한국영상자료원,HOME > 시네마테크KOFA > 프로그램 > 지난 프로그램,지난 프로그램,"12월 해피 투게더, 독립영화 (강좌)",TEA TIME/무림 일검의 사생활/아빠가 필요해/어쩌면 나는 장님인지도 모른다/편지총 5 편,,2007.12.08.토,,미부착,,개방 가능,공공누리 2~4유형,,,,O,O,,,스틸컷 1장 포함,
255,한국영상자료원,HOME > 시네마테크KOFA > 프로그램 > 지난 프로그램,지난 프로그램,사랑니,사랑니/해피엔드총 2 편,,2007.12.14.금 ~ 12.15.토,,미부착,,개방 가능,공공누리 1유형,,,O,,,,,단순 소개 정보,
256,한국영상자료원,HOME > 시네마테크KOFA > 프로그램 > 지난 프로그램,지난 프로그램,이형표 감독전: 골목 안 블루스,모범운전사 갑순이/산에 가야 범을 잡지/서울의 지붕밑/소문난 여자/아름다운 눈동자총 5 편,,2007.12.20.목 ~ 12.28.금,,미부착,,개방 가능,공공누리 2~4유형,,,,O,,,,"저작권 보호되는 영화, 다수의 스틸컷",
257,한국영상자료원,HOME > 시네마테크KOFA > 프로그램 > 지난 프로그램,지난 프로그램,추리/수사영화: 추운 나라에서 온 스파이,"검은 비상선/백장미/불나비/속눈섭이 긴 여자/수사반장 - 남편은 화물, 아내는 화주/수사반장 - 종점/심야의 방문객/심야의 비명/악마의 초대/암굴왕/최후의 증인/특별수사본부 <제2탄> 여대생 이난희사건/특별수사본부 기생 김소산/특별수사본부 김수임의 일생/특별수사본부 외팔이 김종원/흑진주총 16 편",,2008.01.02.수 ~ 02.28.목,,미부착,,개방 가능,공공누리 2~4유형,,,,O,,,,"저작권 보호되는 영화, 다수의 스틸컷",
258,한국영상자료원,HOME > 시네마테크KOFA > 프로그램 > 지난 프로그램,지난 프로그램,아가사 크리스티의 추리극장,13인의 만찬/3막 살인/갈색 양복의 사나이/오리엔트 특급열차 살인사건/위치우드 살인 사건/죽은 자의 어리석음/카리브해의 비밀총 7 편,,2008.01.05.토 ~ 02.23.토,,미부착,,개방 가능,공공누리 2~4유형,,,,O,,,,"저작권 보호되는 영화, 다수의 스틸컷",
259,한국영상자료원,HOME > 시네마테크KOFA > 프로그램 > 지난 프로그램,지난 프로그램,명불허전 독립애니,Angel/Auto/Cold Blood/Existence/Grandma/Mouse without tail/TV 부인/Why not Community/남자다운 수다/내가 만난 90년대/내일인간/미메시스 TV-에피소드1/붉은 나무/사랑해요/사선에서/수박병아리/순환/아빠하고 나하고/연필이야기2/오월상생/이상한 나라/하늘나무/히치콕의 어떤 하루총 23 편,,2008.01.12.토 ~ 01.26.토,,미부착,,개방 가능,공공누리 2~4유형,,,,,O,,,영화별 스틸컷 1장씩,
260,한국영상자료원,HOME > 시네마테크KOFA > 프로그램 > 지난 프로그램,지난 프로그램,지구를 지켜라!,지구를 지켜라!총 1 편,,2008.01.18.금 ~ 01.19.토,,미부착,,개방 가능,공공누리 2~4유형,,,,O,,,,"저작권 보호되는 영화, 다수의 스틸컷",
261,한국영상자료원,HOME > 시네마테크KOFA > 프로그램 > 지난 프로그램,지난 프로그램,지구를 지켜라! (단편들),2001 imagine/성공시대/털/하늘소리 땅소리총 4 편,,2008.01.19.토,,미부착,,개방 가능,공공누리 2~4유형,,,,O,O,,,스틸컷 다수 포함,
262,한국영상자료원,HOME > 시네마테크KOFA > 프로그램 > 지난 프로그램,지난 프로그램,인디애니페스트 회고전,고양이와 나/그 날에../모두가 외로운 별/비 오는 날의 산책/빛과 동전/소이연/아빠가 필요해/천년기린/체임버/컨택트 2총 10 편,,2008.02.16.토,,미부착,,개방 가능,공공누리 1유형,,,O,,,,,단순 정보,
263,한국영상자료원,HOME > 시네마테크KOFA > 프로그램 > 지난 프로그램,지난 프로그램,첫사랑,M(엠)/첫사랑총 2 편,,2008.02.22.금 ~ 02.23.토,,미부착,,개방 가능,공공누리 2~4유형,,,,O,,,,"저작권 보호되는 영화, 다수의 스틸컷",
264,한국영상자료원,HOME > 시네마테크KOFA > 프로그램 > 지난 프로그램,지난 프로그램,실화극 모음 - 저 화면에도 슬픔이,그대 앞에 다시 서리라/마유미/생명/수잔브링크의 아리랑/아빠 아빠 우리 아빠/저 하늘에도 슬픔이/집없는 천사/허튼소리총 8 편,,2008.03.05.수 ~ 03.27.목,,미부착,,개방 가능,공공누리 2~4유형,,,,O,,,,"저작권 보호되는 영화, 다수의 스틸컷",
265,한국영상자료원,HOME > 시네마테크KOFA > 프로그램 > 지난 프로그램,지난 프로그램,"Fly to the Moon, 달세계 여행","아폴로 13 (Apollo 13)/지구에서 달까지 (From the Earth to the Moon) 에피소드 1, 우리가 할 수 있을까?/지구에서 달까지 (From the Earth to the Moon) 에피소드 10, 갈릴레오가 옳았다/지구에서 달까지 (From the Earth to the Moon) 에피소드 11, 아내들의 이야기/지구에서 달까지 (From the Earth to the Moon) 에피소드 12, 달세계 여행/지구에서 달까지 (From the Earth to the Moon) 에피소드 2, 아폴로 1호/지구에서 달까지 (From the Earth to the Moon) 에피소드 3, 성공의 시작/지구에서 달까지 (From the Earth to the Moon) 에피소드 4, 1968년/지구에서 달까지 (From the Earth to the Moon) 에피소드 5, 스파이더/지구에서 달까지 (From the Earth to the Moon) 에피소드 6, 고요의 바다/지구에서 달까지 (From the Earth to the Moon) 에피소드 7, 그게 전부지/지구에서 달까지 (From the Earth to the Moon) 에피소드 8, 프로그램을 잠시 중단합니다/지구에서 달까지 (From the Earth to the Moon) 에피소드 9, 끝없이 날아가는 공/필사의 도전 (Right Stuff)총 14 편",,2008.03.08.토 ~ 04.26.토,,미부착,,개방 가능,공공누리 2~4유형,,,,,O,,,외국영화 스틸컷 1장씩 포함,
266,한국영상자료원,HOME > 시네마테크KOFA > 프로그램 > 지난 프로그램,지난 프로그램,"명불허전 독립영화, 너무 많이 들은 영화들 (1)",굿로맨스/안다고 말하지 마라/외계의 제19호 계획/햇빛 자르는 아이총 4 편,,2008.03.15.토,,미부착,,개방 가능,공공누리 1유형,,,,O,,,,"저작권 보호되는 영화, 다수의 스틸컷",
267,한국영상자료원,HOME > 시네마테크KOFA > 프로그램 > 지난 프로그램,지난 프로그램,인어공주,나도 아내가 있었으면 좋겠다/인어공주총 2 편,,2008.03.22.토 ~ 03.23.일,,미부착,,개방 가능,공공누리 2~4유형,,,,O,,,,"저작권 보호되는 영화, 다수의 스틸컷",
268,한국영상자료원,HOME > 시네마테크KOFA > 프로그램 > 지난 프로그램,지난 프로그램,"명불허전 독립영화, 너무 많이 들은 영화들 (2)","감독 허치국, 너무 많이 본 사나이 2/너무 많이 본 사나이총 2 편",,2008.03.29.토,,미부착,,개방 가능,공공누리 2~4유형,,,,O,O,,,스틸컷 1장 포함,
269,한국영상자료원,HOME > 시네마테크KOFA > 프로그램 > 지난 프로그램,지난 프로그램,장국영 5주기 추모상영회,아비정전/패왕별희총 2 편,,2008.04.01.화,,미부착,,개방 가능,공공누리 2~4유형,,,,O,,,,"저작권 보호되는 영화, 다수의 스틸컷",
270,한국영상자료원,HOME > 시네마테크KOFA > 프로그램 > 지난 프로그램,지난 프로그램,부조리극 혹은 ‘묶을 수 없는’ 영화들,강원도의 힘/개그맨/바보선언/암살자/야행/춘몽/한네의 승천총 7 편,,2008.04.02.수 ~ 04.24.목,,미부착,,개방 가능,공공누리 2~4유형,,,,O,,,,"저작권 보호되는 영화, 다수의 스틸컷",
271,한국영상자료원,HOME > 시네마테크KOFA > 프로그램 > 지난 프로그램,지난 프로그램,"명불허전 독립영화, 너무 많이 들은 영화들 (3)",강철/대학로에서 매춘하다가 토막살해 당한 여고생 아직 대학로에 있다/동백꽃 프로젝트 - 보길도에서 일어난 세 가지 퀴어 이야기총 3 편,,2008.04.12.토 ~ 04.26.토,,미부착,,개방 가능,공공누리 1유형,,,O,,,,,단순 정보,
272,한국영상자료원,HOME > 시네마테크KOFA > 프로그램 > 지난 프로그램,지난 프로그램,와이키키 브라더스,세친구/와이키키 브라더스총 2 편,,2008.04.25.금 ~ 04.26.토,,미부착,,개방 가능,공공누리 2~4유형,,,,O,,,,"저작권 보호되는 영화, 다수의 스틸컷",
273,한국영상자료원,HOME > 시네마테크KOFA > 프로그램 > 지난 프로그램,지난 프로그램,특별전: 3D로 보는 세계영화사,3D로 보는 세계영화사총 1 편,,2008.05.09.금 ~ 05.25.일,,미부착,,개방 가능,공공누리 1유형,,,O,,,,,단순 정보,
274,한국영상자료원,HOME > 시네마테크KOFA > 프로그램 > 지난 프로그램,지난 프로그램,"특별전: 영화, 박물관","나의 사랑, 나의 영화/마틴 스콜세지와의 영화여행/애프터 미드나잇총 3 편",,2008.05.09.금 ~ 05.25.일,,미부착,,개방 가능,공공누리 1유형,,,O,,,,,단순 정보,
275,한국영상자료원,HOME > 시네마테크KOFA > 프로그램 > 지난 프로그램,지난 프로그램,특별전: 長-편영화,"1900년/연산군(장한사모편)/잔느 딜망/최후의 증인/코뮌/폭군연산(복수,쾌거편)총 6 편",,2008.05.09.금 ~ 05.25.일,,미부착,,개방 가능,공공누리 2~4유형,,,,O,,,,"저작권 보호되는 영화, 다수의 스틸컷",
276,한국영상자료원,HOME > 시네마테크KOFA > 프로그램 > 지난 프로그램,지난 프로그램,"한국영화, 진주를 캐다",동굴속의 애욕/보통여자(김수현의 보통여자)/불나비/육체의 문/해바라기 가족총 5 편,,2008.05.09.금 ~ 05.25.일,,미부착,,개방 가능,공공누리 2~4유형,,,,O,,,,"저작권 보호되는 영화, 다수의 스틸컷",
277,한국영상자료원,HOME > 시네마테크KOFA > 프로그램 > 지난 프로그램,지난 프로그램,추억전,닥터 지바고/백발마녀전/쉘부르의 우산/천녀유혼/천녀유혼 2 : 인간도/천녀유혼 3 :도도도/태양은 가득히총 7 편,,2008.05.09.금 ~ 05.25.일,,미부착,,개방 가능,공공누리 1유형,,,O,,,,,단순 정보,
278,한국영상자료원,HOME > 시네마테크KOFA > 프로그램 > 지난 프로그램,지난 프로그램,개폐막작,청춘의 십자로/청춘의 십자로 (변사공연)/홍길동총 3 편,,2008.05.09.금 ~ 05.25.일,,미부착,,개방 가능,공공누리 2~4유형,,,,O,,,,"저작권 보호되는 영화, 다수의 스틸컷",
279,한국영상자료원,HOME > 시네마테크KOFA > 프로그램 > 지난 프로그램,지난 프로그램,수집전,"국혼/무사도/병정님/상해여 잘 있거라/스위트 홈/전정만리/조선의 일상, 조선의 풍경/지나의 밤/총력전 영화총 9 편",,2008.05.09.금 ~ 05.25.일,,미부착,,개방 가능,공공누리 2~4유형,,,,,O,,,영화 스틸컷 다수,
280,한국영상자료원,HOME > 시네마테크KOFA > 프로그램 > 지난 프로그램,지난 프로그램,복원전,미몽(죽음의 자장가)/신 헤이케 이야기/양 도살자/에바/열녀문총 5 편,,2008.05.09.금 ~ 05.25.일,,미부착,,개방 가능,공공누리 2~4유형,,,,O,,,,"저작권 보호되는 영화, 다수의 스틸컷",
281,한국영상자료원,HOME > 시네마테크KOFA > 프로그램 > 지난 프로그램,지난 프로그램,이창동과 함께 보는 박하사탕,박하사탕/오아시스/초록물고기총 3 편,,2008.06.11.수 ~ 06.12.목,,미부착,,개방 가능,공공누리 2~4유형,,,,O,,,,"저작권 보호되는 영화, 다수의 스틸컷",
282,한국영상자료원,HOME > 시네마테크KOFA > 프로그램 > 지난 프로그램,지난 프로그램,DMC 영화제,구미호/마리이야기/미지와의 조우 (스페셜에디션)/밴티지 포인트/베오울프 (디렉터스 컷)/블레이드 러너 (파이널컷)/애플시드 엑스머시나/은행나무 침대/천년여우 여우비/파프리카/화산고총 11 편,,2008.06.17.화 ~ 06.19.목,,미부착,,개방 가능,공공누리 1유형,,,O,,,,,단순 정보,
283,한국영상자료원,HOME > 시네마테크KOFA > 프로그램 > 지난 프로그램,지난 프로그램,김기영 감독 10주기 기념 전작전,"감독들, 김기영을 말하다/고려장/김기영 감독 유실영화 해설/느미/렌의 애가/바보사냥/반금련/봉선화/살인나비를 쫓는 여자/수녀/양산도/여/여배우, 김기영을 말하다/영화감독 김기영/육식동물/육체의 약속/이어도/자유처녀/죽어도 좋은 경험/충녀/파계/하녀/현해탄은 알고 있다/혈육애/화녀/화녀82/흙총 27 편",,2008.06.20.금 ~ 06.29.일,,미부착,,개방 가능,공공누리 2~4유형,,,,O,,,,"저작권 보호되는 영화, 다수의 스틸컷",
284,한국영상자료원,HOME > 시네마테크KOFA > 프로그램 > 지난 프로그램,지난 프로그램,KOCCA 애니메이션 상영회,2007 모던 타임즈/Outer Planet/Risk It/구름이 되고싶어/머슬맨/명자야 울지마 화장지워져/무림 일검의 사생활/사랑은 단백질/새벽 네 시/설탕둘 프림하나 가래한덩이/원티드/위기의 남자/이별/지옥행/횡단보도총 15 편,,2008.07.04.금 ~ 07.05.토,,미부착,,개방 가능,공공누리 2~4유형,,,,,O,,,"무림일검의 사생활 VOD서비스, 다른 영화 스틸컷 포함",
285,한국영상자료원,HOME > 시네마테크KOFA > 프로그램 > 지난 프로그램,지난 프로그램,한국영화 100선 릴레이 (7월),결혼이야기/길소뜸/독짓는 늙은이/또순이/미워도 다시한번/우묵배미의 사랑/혈맥총 7 편,,2008.07.08.화 ~ 07.11.금,,미부착,,개방 가능,공공누리 2~4유형,,,,O,,,,"저작권 보호되는 영화, 다수의 스틸컷",
286,한국영상자료원,HOME > 시네마테크KOFA > 프로그램 > 지난 프로그램,지난 프로그램,"죽거나 혹은 살거나, 좀비의 공격",랜드 오브 데드/살아있는 시체들의 밤/시체들의 새벽총 3 편,,2008.07.12.토 ~ 07.26.토,,미부착,,개방 가능,공공누리 2~4유형,,,,,O,,,"외국영화 포스터, 스틸컷 1장씩",
287,한국영상자료원,HOME > 시네마테크KOFA > 프로그램 > 지난 프로그램,지난 프로그램,청춘의 십자로 (공연),청춘의 십자로 (변사공연)총 1 편,,2008.07.19.토 ~ 07.20.일,,미부착,,개방 가능,공공누리 1유형,,,O,,,,,단순 정보,
288,한국영상자료원,HOME > 시네마테크KOFA > 프로그램 > 지난 프로그램,지난 프로그램,연상호 감독과 함께 하는 지옥에서의 하룻밤,D-day/D의 과대망상을 치료하는 병원에서 막 치료를 끝낸 환자가 보는 창밖풍경/사랑은 단백질/지옥: 두개의 삶총 4 편,,2008.07.26.토,,미부착,,개방 가능,공공누리 2~4유형,,,,O,,,,"저작권 보호되는 영화, 다수의 스틸컷",
289,한국영상자료원,HOME > 시네마테크KOFA > 프로그램 > 지난 프로그램,지난 프로그램,괴수대백과 - 한국 괴수가 온다,괴물/괴수 대 전쟁/대괴수 용가리/대괴수 용가리 (불완전판)/디 워/불가사리/비천괴수/손오공 홍해아 대전/신서유기(손오공대전비인)/우주괴인 왕마귀/킹콩의 대역습/티라노의 발톱총 12 편,,2008.07.29.화 ~ 08.05.화,,미부착,,개방 가능,공공누리 2~4유형,,,,,O,,,"대괴수 용가리 (VOD 서비스), 나머지 영화 스틸컷 다수",
290,한국영상자료원,HOME > 시네마테크KOFA > 프로그램 > 지난 프로그램,지난 프로그램,KOCCA 애니메이션 상영회 2,2006 단편애니메이션 제작지원작 14편/2007 KOCCA 단편애니메이션 제작지원작 part1/2007 KOCCA 단편애니메이션 제작지원작 part2총 3 편,,2008.08.07.목 ~ 08.12.화,,미부착,,개방 가능,공공누리 2~4유형,,,,O,O,,,스틸컷 1장씩 포함,
291,한국영상자료원,HOME > 시네마테크KOFA > 프로그램 > 지난 프로그램,지난 프로그램,대륙행 티켓을 끊어라 - 만주웨스턴 특별전,광야의 결사대/광야의 호랑이/당나귀 무법자/두만강아 잘 있거라/무숙자/불붙는 대륙/석양의 불청객/소만국경/쇠사슬을 끊어라/애꾸눈 박/여마적/영/황야의 독수리/황야의 외팔이총 14 편,,2008.08.21.목 ~ 08.31.일,,미부착,,개방 가능,공공누리 2~4유형,,,,O,O,,,두만강아 잘있거라(1962) 이외 모두 1963년 이후작품,
292,한국영상자료원,HOME > 시네마테크KOFA > 프로그램 > 지난 프로그램,지난 프로그램,정가형제와 함께 보는 기담,기담총 1 편,,2008.08.23.토,,미부착,,개방 가능,공공누리 2~4유형,,,,O,,,,"저작권 보호되는 영화, 다수의 스틸컷",
293,한국영상자료원,HOME > 시네마테크KOFA > 프로그램 > 지난 프로그램,지난 프로그램,할매꽃,할매꽃총 1 편,,2008.08.30.토,,미부착,,개방 가능,공공누리 2~4유형,,,,O,O,,,스틸컷 1장,
294,한국영상자료원,HOME > 시네마테크KOFA > 프로그램 > 지난 프로그램,지난 프로그램,홍길동전 막전막후,"나의 사랑, 나의 영화 (원신연 감독편)/날아라 원더공주/로보트 태권브이 (디지털복원판)/마리이야기/번개아텀/셀마의 단백질 커피/신동헌 CF 모음 및 문화영화/아치와 씨팍/원더풀 데이즈/은하함대 지구호/장군의 수염/태권동자 마루치 아라치/해저탐험대 마린 X/호피와 차돌바위/홍길동/황금철인/흥부와 놀부총 17 편",,2008.09.19.금 ~ 09.28.일,,미부착,,개방 가능,공공누리 2~4유형,,,,O,,,,"저작권 보호되는 영화, 다수의 스틸컷",
295,한국영상자료원,HOME > 시네마테크KOFA > 프로그램 > 지난 프로그램,지난 프로그램,정재은과 함께 보는 고양이를 부탁해,고양이를 부탁해/태풍태양총 2 편,,2008.09.20.토,,미부착,,개방 가능,공공누리 2~4유형,,,,O,,,,"저작권 보호되는 영화, 다수의 스틸컷",
296,한국영상자료원,HOME > 시네마테크KOFA > 프로그램 > 지난 프로그램,지난 프로그램,우린 액션배우다,우린 액션배우다총 1 편,,2008.09.27.토,,미부착,,개방 가능,공공누리 2~4유형,,,,O,,,,"저작권 보호되는 영화, 다수의 스틸컷",
297,한국영상자료원,HOME > 시네마테크KOFA > 프로그램 > 지난 프로그램,지난 프로그램,Coffee & Cinema (10월),레이더스/백 투 더 퓨쳐/사관과 신사/아마데우스/인디아나 존스/인디아나 존스 - 최후의 성전/터미네이터총 7 편,,2008.10.07.화 ~ 10.30.목,,미부착,,개방 가능,공공누리 2~4유형,,,,,O,,,외국영화 다수의 스틸컷 포함,
298,한국영상자료원,HOME > 시네마테크KOFA > 프로그램 > 지난 프로그램,지난 프로그램,조국근대화를 유람하기,1960년대 문화영화 애니메이션 모음/20세기 소년 - 제1부 강림/가족(家族)/고속도로건설 선전영화 모음/내일의 팔도강산/노래하는 박람회/돌아온 팔도강산/산업시찰 - 오늘의 한국/산업화 선전영화/서울에서 온 편지/속 팔도강산 - 세계를 간다/아름다운 팔도강산/엑스포 70 동경전선/우리의 팔도강산/저것이 서울의 하늘이다/지상 최고의 여정(세계로 뻗는 한국)/팔도강산총 17 편,,2008.10.17.금 ~ 10.26.일,,미부착,,개방 가능,공공누리 2~4유형,,,,,O,,,영화 스틸컷 다수,
299,한국영상자료원,HOME > 시네마테크KOFA > 프로그램 > 지난 프로그램,지난 프로그램,민용근 감독 단편선,도둑소년 외 3편총 1 편,,2008.10.25.토,,미부착,,개방 가능,공공누리 1유형,,,,,O,,,단순 소개자료,
300,한국영상자료원,HOME > 시네마테크KOFA > 프로그램 > 지난 프로그램,지난 프로그램,몸짓의 행로: 김승호 對 에밀 야닝스,"[학술세미나] 배우의 길, 영화의 길/독립협회와 청년 리승만/돌무지/로맨스 그레이/로버트 코흐, 죽음의 퇴치자/마부/마지막 웃음/비스마르크의 퇴진/육체의 길/지배자/청일전쟁과 여걸 민비/크뤼거 아저씨/트라우물루스/파우스트/푸른 천사/혈맥총 16 편",,2008.11.06.목 ~ 11.16.일,,미부착,,개방 가능,공공누리 2~4유형,,,,O,O,,,"3편은 1963년 이후, 나머지는 그 이전 영화",
301,한국영상자료원,HOME > 시네마테크KOFA > 프로그램 > 지난 프로그램,지난 프로그램,류승완 감독과 함께 보는 짝패,짝패/피도 눈물도 없이총 2 편,,2008.11.15.토,,미부착,,개방 가능,공공누리 2~4유형,,,,O,,,,"저작권 보호되는 영화, 다수의 스틸컷",
302,한국영상자료원,HOME > 시네마테크KOFA > 프로그램 > 지난 프로그램,지난 프로그램,Coffee & Cinema (11월),미지와의 조우/바론의 대모험/백 투 더 퓨쳐 2/백 투 더 퓨쳐 3/뻐꾸기 둥지 위로 날아간 새/샤이닝/아웃 오브 아프리카/터미네이터 2총 8 편,,2008.11.18.화 ~ 11.28.금,,미부착,,개방 가능,공공누리 2~4유형,,,,,O,,,외국영화 다수의 스틸컷 포함,
303,한국영상자료원,HOME > 시네마테크KOFA > 프로그램 > 지난 프로그램,지난 프로그램,3 Days of BLU-RAY,내셔널 트레저 : 비밀의 책/맘마미아/매트릭스/매트릭스 2 리로디드/매트릭스 3 레볼루션/밴드 오브 브라더스/핸콕 (unrated cut)/호튼총 8 편,,2008.11.21.금 ~ 11.23.일,,미부착,,개방 가능,공공누리 2~4유형,,,,,O,,,외국영화 다수의 스틸컷 포함,
304,한국영상자료원,HOME > 시네마테크KOFA > 프로그램 > 지난 프로그램,지난 프로그램,KOCCA 애니메이션 상영회 3,벼리다리치치포포/이 빠진 날/혜자의 눈꽃총 3 편,,2008.11.22.토 ~ 11.29.토,,미부착,,개방 가능,공공누리 1유형,,,O,,,,,단순 정보,
305,한국영상자료원,HOME > 시네마테크KOFA > 프로그램 > 지난 프로그램,지난 프로그램,잘 돼가? 무엇이든,거짓말/오디션/잘돼가? 무엇이든총 3 편,,2008.11.29.토,,미부착,,개방 가능,공공누리 2~4유형,,,,O,,,,"저작권 보호되는 영화, 다수의 스틸컷",
306,한국영상자료원,HOME > 시네마테크KOFA > 프로그램 > 지난 프로그램,지난 프로그램,Coffee & Cinema (12월),데어데블 VS 스파이더맨/배트맨/배트맨 2/배트맨 비긴스/스파이더맨/스파이더맨 2/스파이더맨 3/스파이더맨: 돌아온 그린 고블린총 8 편,,2008.12.02.화 ~ 12.12.금,,미부착,,개방 가능,공공누리 2~4유형,,,,,O,,,외국영화 다수의 스틸컷 포함,
307,한국영상자료원,HOME > 시네마테크KOFA > 프로그램 > 지난 프로그램,지난 프로그램,"오승욱, 류승완, 주성철 액션3인방의 한국무술영화열전",광동살무사/대적수/돌아온 소림사 주방장/무협검풍/사대철인/소권/소림사 용팔이/신풍객/아라한/후계자/흑거미총 11 편,,2008.12.18.목 ~ 12.26.금,,미부착,,개방 가능,공공누리 2~4유형,,,,O,,,,"저작권 보호되는 영화, 다수의 스틸컷",
308,한국영상자료원,HOME > 시네마테크KOFA > 프로그램 > 지난 프로그램,지난 프로그램,<최후의 증인> 이벤트 상영,귀화산장/최후의 증인총 2 편,,2008.12.20.토,,미부착,,개방 가능,공공누리 2~4유형,,,,O,,,,"저작권 보호되는 영화, 다수의 스틸컷",
309,한국영상자료원,HOME > 시네마테크KOFA > 프로그램 > 지난 프로그램,지난 프로그램,청계천의 개,청계천의 개총 1 편,,2008.12.26.금,,미부착,,개방 가능,공공누리 2~4유형,,,,O,O,,,스틸컷 1장,
310,한국영상자료원,HOME > 시네마테크KOFA > 프로그램 > 지난 프로그램,지난 프로그램,고 박광정 추모상영회,넘버 3/아내의 애인을 만나다/아이언 팜/진짜 사나이/코르셋/행복한 장의사총 6 편,,2009.01.06.화 ~ 01.08.목,,미부착,,개방 가능,공공누리 2~4유형,,,,O,,,,"저작권 보호되는 영화, 다수의 스틸컷",
311,한국영상자료원,HOME > 시네마테크KOFA > 프로그램 > 지난 프로그램,지난 프로그램,클래식 한국영화 릴레이 (2009.1),남자와 기생/내것이 더 좋아/북경열차/암살자/흑진주총 5 편,,2009.01.06.화 ~ 01.13.화,,미부착,,개방 가능,공공누리 2~4유형,,,,O,,,,"저작권 보호되는 영화, 다수의 스틸컷",
312,한국영상자료원,HOME > 시네마테크KOFA > 프로그램 > 지난 프로그램,지난 프로그램,삼거리 극장,삼거리 극장/청춘의 십자로(공연 녹화버전 상영)총 2 편,,2009.01.10.토,,미부착,,개방 가능,공공누리 2~4유형,,,,O,,,,"저작권 보호되는 영화, 다수의 스틸컷",
313,한국영상자료원,HOME > 시네마테크KOFA > 프로그램 > 지난 프로그램,지난 프로그램,"아시아의 슈퍼히어로 2탄 - 출동, 한국의 슈퍼히어로",날아라 원더공주/뉴머신 우뢰매 제5탄/다르나/다르나 아자이브/라스틱맨/바이오맨/슈퍼 홍길동/암행어사와 흑두건/외계우뢰용/우뢰매 4탄 썬더브이 출동/은하에서 온 별똥왕자/태권동자 마루치 아라치/홍길동총 13 편,,2009.01.14.수 ~ 01.22.목,,미부착,,개방 가능,공공누리 2~4유형,,,,O,,,,"저작권 보호되는 영화, 다수의 스틸컷",
314,한국영상자료원,HOME > 시네마테크KOFA > 프로그램 > 지난 프로그램,지난 프로그램,해변의 여인,해변의 여인총 1 편,,2009.01.16.금,,미부착,,개방 가능,공공누리 2~4유형,,,,O,,,,"저작권 보호되는 영화, 다수의 스틸컷",
315,한국영상자료원,HOME > 시네마테크KOFA > 프로그램 > 지난 프로그램,지난 프로그램,3xFTM,3xFTM총 1 편,,2009.01.31.토,,미부착,,개방 가능,공공누리 2~4유형,,,,O,,,,"저작권 보호되는 영화, 다수의 스틸컷",
316,한국영상자료원,HOME > 시네마테크KOFA > 프로그램 > 지난 프로그램,지난 프로그램,김수현 영화데뷔 40주년 기념 특별전,[강의]김수현 드라마의 언어와 욕망 (3관)/[강의]김수현 드라마의 정치성 (3관)/[강의]김수현 멜로영화 (3관)/[강의]문제적 작가 김수현 (3관)/[대담]김수현을 말한다/겨울로 가는 마차/그 마지막 겨울/나는 고백한다/내가 버린 남자/내가 버린 여자/너는 내 운명/눈꽃/마지막 겨울/마지막 밀애/모래성/모래성(TV)/미워도 다시한번 2002/미워도 다시한번(3편)/버려진 청춘/보통여자/불행한 여자의 행복/사랑과 야망(TV)/사랑과 진실(TV)/상처 (1978)/상처 (1989)/약속은 없었지만/어미/욕망의 늪/유혹/이 밤이여 영원히/죄많은 여인/청춘의 덫총 32 편,,2009.02.03.화 ~ 02.22.일,,미부착,,개방 가능,공공누리 2~4유형,,,,O,,,,"저작권 보호되는 영화, 다수의 스틸컷",
317,한국영상자료원,HOME > 시네마테크KOFA > 프로그램 > 지난 프로그램,지난 프로그램,클래식 한국영화 릴레이 (2009.2),눈물의 여인/독짓는 늙은이/미워도 다시한번(속)/사랑하고 있어요/새색시/오부자/장미의 성/쟘바 큐(Q)/젊은 여인들/팔도사나이총 10 편,,2009.02.03.화 ~ 02.20.금,,미부착,,개방 가능,공공누리 2~4유형,,,,O,,,,"저작권 보호되는 영화, 다수의 스틸컷",
318,한국영상자료원,HOME > 시네마테크KOFA > 프로그램 > 지난 프로그램,지난 프로그램,김기영 11주기 및 김기영 시나리오 선집 Ⅱ 발간 기념 상영회,현해탄은 알고 있다 (불완전판)총 1 편,,2009.02.04.수,,미부착,,개방 가능,공공누리 2~4유형,,,,O,O,,,1961년작,
319,한국영상자료원,HOME > 시네마테크KOFA > 프로그램 > 지난 프로그램,지난 프로그램,고 문여송 감독 추모상영회,사랑 만들기/아스팔트위의 여자/정말 꿈이 있다구/진짜 진짜 미안해/진짜 진짜 잊지마/진짜 진짜 좋아해총 6 편,,2009.02.10.화 ~ 02.14.토,,미부착,,개방 가능,공공누리 2~4유형,,,,O,,,,"저작권 보호되는 영화, 다수의 스틸컷",
320,한국영상자료원,HOME > 시네마테크KOFA > 프로그램 > 지난 프로그램,지난 프로그램,Coffee & Cinema (2월),구니스/네버 앤딩 스토리 2/라비린스/조니 5 파괴 작전 2총 4 편,,2009.02.10.화 ~ 02.13.금,,미부착,,개방 가능,공공누리 2~4유형,,,,,O,,,외국영화 다수의 스틸컷 포함,
321,한국영상자료원,HOME > 시네마테크KOFA > 프로그램 > 지난 프로그램,지난 프로그램,"김곡, 김선 감독 작품선","Bomb Bomb Bomb (<세번째 시선> 중)/Digerssion/Degression/고갈/뇌절개술/반변증법/빛과 계급/시간의식/임계밀도/자가당착/자본당 선언 : 만국의 노동자여, 축적하라!/자살변주/정당정치의 역습/정당정치의 원리총 13 편",,2009.02.20.금 ~ 02.22.일,,미부착,,개방 가능,공공누리 2~4유형,,,,O,,,,"저작권 보호되는 영화, 다수의 스틸컷",
322,한국영상자료원,HOME > 시네마테크KOFA > 프로그램 > 지난 프로그램,지난 프로그램,번지점프를 하다,번지점프를 하다총 1 편,,2009.02.21.토,,미부착,,개방 가능,공공누리 2~4유형,,,,O,,,,"저작권 보호되는 영화, 다수의 스틸컷",
323,한국영상자료원,HOME > 시네마테크KOFA > 프로그램 > 지난 프로그램,지난 프로그램,"하길종 30주기 추모전, 성난 얼굴로 돌아보다",바보들의 행진/별들의 고향(속)/병사의 제전 (제한상영)/병태와 영자/수절/여자를 찾습니다/장기하와 얼굴들 공연 + 바보들의 행진/한네의 승천/화분총 9 편,,2009.02.26.목 ~ 03.08.일,,미부착,,개방 가능,공공누리 2~4유형,,,,O,,,,"저작권 보호되는 영화, 다수의 스틸컷",
324,한국영상자료원,HOME > 시네마테크KOFA > 프로그램 > 지난 프로그램,지난 프로그램,클래식 한국영화 릴레이 (2009.3),석양에 떠나가다/시발점/식모 삼형제/안개속에 가버린 사랑/어느 지붕밑에서/억울하면 출세하라/태자바위총 7 편,,2009.03.03.화 ~ 03.13.금,,미부착,,개방 가능,공공누리 2~4유형,,,,O,,,,"저작권 보호되는 영화, 다수의 스틸컷",
325,한국영상자료원,HOME > 시네마테크KOFA > 프로그램 > 지난 프로그램,지난 프로그램,사과,사과총 1 편,,2009.03.14.토,,미부착,,개방 가능,공공누리 2~4유형,,,,O,,,,"저작권 보호되는 영화, 다수의 스틸컷",
326,한국영상자료원,HOME > 시네마테크KOFA > 프로그램 > 지난 프로그램,지난 프로그램,장철과 홍콩남아들,강산미인/대취협/마영정/신외팔이/심야의 결투/양산백과 축영대/오독/외팔이/자마/흑객총 10 편,,2009.03.18.수 ~ 03.29.일,,미부착,,개방 가능,공공누리 2~4유형,,,,O,,,,"저작권 보호되는 영화, 다수의 스틸컷",
327,한국영상자료원,HOME > 시네마테크KOFA > 프로그램 > 지난 프로그램,지난 프로그램,김종관 전작전,엄마 찾아 삼만리 등 5편/연인들총 2 편,,2009.03.28.토,,미부착,,개방 가능,공공누리 2~4유형,,,,O,,,,"저작권 보호되는 영화, 다수의 스틸컷",
328,한국영상자료원,HOME > 시네마테크KOFA > 프로그램 > 지난 프로그램,지난 프로그램,순애보,다세포 소녀/순애보총 2 편,,2009.04.04.토,,미부착,,개방 가능,공공누리 2~4유형,,,,O,,,,"저작권 보호되는 영화, 다수의 스틸컷",
329,한국영상자료원,HOME > 시네마테크KOFA > 프로그램 > 지난 프로그램,지난 프로그램,"신필름 후기작 특선, 사랑 사랑 영화 사랑","겨울이야기/닌자키드 2/돌아오지 않은 밀사/마유미/무숙자/불가사리/사랑 사랑 내 사랑 (1,2부)/성춘향/소금/연산군(장한사모편)/열녀문/이별/청일전쟁과 여걸 민비/탈출기/한강/효녀심청/故신상옥 감독 3주기 추모행사총 17 편",,2009.04.08.수 ~ 04.19.일,,미부착,,개방 가능,공공누리 2~4유형,,,,O,O,,,"성춘향, 연산군, 열녀문 1963년 이전 작, 나머지는 이후",
330,한국영상자료원,HOME > 시네마테크KOFA > 프로그램 > 지난 프로그램,지난 프로그램,클래식 한국영화 릴레이 (2009.4),고원/오인의 사형수/죽어도 좋아/팔푼부부총 4 편,,2009.04.21.화 ~ 04.24.금,,미부착,,개방 가능,공공누리 2~4유형,,,,O,,,,"저작권 보호되는 영화, 다수의 스틸컷",
331,한국영상자료원,HOME > 시네마테크KOFA > 프로그램 > 지난 프로그램,지난 프로그램,아메리칸 앨리,아메리칸 앨리총 1 편,,2009.04.25.토,,미부착,,개방 가능,공공누리 2~4유형,,,,O,,,,"저작권 보호되는 영화, 다수의 스틸컷",
332,한국영상자료원,HOME > 시네마테크KOFA > 프로그램 > 지난 프로그램,지난 프로그램,"여자,정혜 / 멋진 하루","멋진 하루/여자, 정혜총 2 편",,2009.05.09.토,,미부착,,개방 가능,공공누리 2~4유형,,,,O,,,,"저작권 보호되는 영화, 다수의 스틸컷",
333,한국영상자료원,HOME > 시네마테크KOFA > 프로그램 > 지난 프로그램,지난 프로그램,개관 1주년 기획전,"검사와여선생(변사버전)/너와 나 + 촌색시(불완전판)/너와 나(불완전판, 해설상영)/대괴수 용가리/대심청전/돌아온 외다리/매직 랜턴 쇼/분례기/삼각의 함정/상해여 잘있거라/손오공/신녀/연산군/완령옥/일출/청춘극장/카비리아/폼페이 최후의 날/폼페이 최후의 날+연주상영/하녀총 20 편",,2009.05.12.화 ~ 05.29.금,,미부착,,개방 가능,공공누리 2~4유형,,,,O,O,,,"하녀, 손오공, 대심청전, 신녀, 폼페이의 최후의 날, 너와 나, 검사와 여선생, 상해여 잘있거라. 일출, 카바리아, 연산군, 너와나 1963년 이전 작품, 나머지는 그 이후",
334,한국영상자료원,HOME > 시네마테크KOFA > 프로그램 > 지난 프로그램,지난 프로그램,클래식 한국영화 릴레이 (2009.5),겨울부인/눈 나리는 밤/삼인의 여검객/윤심덕총 4 편,,2009.05.26.화 ~ 05.29.금,,미부착,,개방 가능,공공누리 2~4유형,,,,O,,,,"저작권 보호되는 영화, 다수의 스틸컷",
335,한국영상자료원,HOME > 시네마테크KOFA > 프로그램 > 지난 프로그램,지난 프로그램,낮술,낮술총 1 편,,2009.05.30.토,,미부착,,개방 가능,공공누리 2~4유형,,,,O,,,,"저작권 보호되는 영화, 다수의 스틸컷",
336,한국영상자료원,HOME > 시네마테크KOFA > 프로그램 > 지난 프로그램,지난 프로그램,클래식 한국영화 릴레이 (2009.6),꽃네/만고강산/명동나그네/시댁총 4 편,,2009.06.09.화 ~ 06.12.금,,미부착,,개방 가능,공공누리 2~4유형,,,,,O,,,다수의 스틸컷 포함,
337,한국영상자료원,HOME > 시네마테크KOFA > 프로그램 > 지난 프로그램,지난 프로그램,도금봉 추모전,3인조/그대와 영원히/또순이/목없는 미녀/백설공주/사랑방 손님과 어머니/산불/새댁/유관순/젯트부인총 10 편,,2009.06.13.토 ~ 06.17.수,,미부착,,개방 가능,공공누리 2~4유형,,,,O,O,,,"그대와 영원히, 새댁, 사랑방손님과 어머니, 유관순은 1963년 이전, 나머지는 그 이후 영화",
338,한국영상자료원,HOME > 시네마테크KOFA > 프로그램 > 지난 프로그램,지난 프로그램,킬리만자로,킬리만자로총 1 편,,2009.06.13.토,,미부착,,개방 가능,공공누리 2~4유형,,,,O,,,,"저작권 보호되는 영화, 다수의 스틸컷",
339,한국영상자료원,HOME > 시네마테크KOFA > 프로그램 > 지난 프로그램,지난 프로그램,"제주도, 섬의 영화",끝나지 않은 세월/눈부신 하루/레드헌트/신혼여행/애마부인 2/연풍연가/이어도/이재수의 난총 8 편,,2009.06.18.목 ~ 07.03.금,,미부착,,개방 가능,공공누리 2~4유형,,,,O,,,,"저작권 보호되는 영화, 다수의 스틸컷",
340,한국영상자료원,HOME > 시네마테크KOFA > 프로그램 > 지난 프로그램,지난 프로그램,"오키나와 영화 특별전, 영화의 섬, 오키나와","[공연] 캐비넷싱얼롱즈/신야/국제심포지엄/그 여름날의 누이/극사적 에로스/나비의 사랑/나카에 유지 마스터 클래스/낚시바보일지 일레븐/바다제비 죠의 기적/박도외인부대/백기의 소녀, 류코/백합구락부 도쿄에 가다/신들의 깊은 욕망/아오이 유우의 편지/오키나와 드림쇼/오키나와전 1피트 운동 마스터클래스/오키나와전 미래에의 증언/오키나와전의 증언 + 오키나와어로 말하는 오키나와 전쟁/제5단계/츠시마마루, 오키나와여 안녕히/호텔 하이비스커스/히메유리의 탑총 21 편",,2009.06.18.목 ~ 07.05.일,,미부착,,개방 가능,공공누리 2~4유형,,,,,O,,,영화별 스틸컷 1장 포함,
341,한국영상자료원,HOME > 시네마테크KOFA > 프로그램 > 지난 프로그램,지난 프로그램,"따로 또 같이, 한병아 ·원종식의 만화영화 푸로덕숀",모두가 외로운 별 등 10편총 1 편,,2009.06.20.토,,미부착,,개방 가능,공공누리 2~4유형,,,,O,O,,,스틸컷 1장,
342,한국영상자료원,HOME > 시네마테크KOFA > 프로그램 > 지난 프로그램,지난 프로그램,한국애니 마라톤 (7월),한국애니 마라톤총 1 편,,2009.07.10.금 ~ 07.17.금,,미부착,,개방 가능,공공누리 2~4유형,,,,O,O,,,스틸컷 1장,
343,한국영상자료원,HOME > 시네마테크KOFA > 프로그램 > 지난 프로그램,지난 프로그램,우린 액션배우다,우린 액션배우다총 1 편,,2009.07.11.토,,미부착,,개방 가능,공공누리 2~4유형,,,,O,,,,"저작권 보호되는 영화, 다수의 스틸컷",
344,한국영상자료원,HOME > 시네마테크KOFA > 프로그램 > 지난 프로그램,지난 프로그램,월하에서 여고까지 女鬼再來,4인용 식탁/관속의 드라큐라/극락도 살인사건/기담/깊은밤 갑자기/너 또한 별이 되어/대지옥/두견새 우는 사연/마계의 딸/며느리의 한/목두기 비디오/목없는 미녀/살인마/소름/알포인트/여고괴담/여고괴담 두번째 이야기/여고괴담 세번째이야기 - 여우계단/여고괴담4 - 목소리/여곡성/월하의 공동묘지(기생월향지묘)/지옥: 두개의 삶/투명인간/한녀총 24 편,,2009.07.14.화 ~ 07.31.금,,미부착,,개방 가능,공공누리 2~4유형,,,,,O,,,영화 포스터,
345,한국영상자료원,HOME > 시네마테크KOFA > 프로그램 > 지난 프로그램,지난 프로그램,자크 타티 특별전,나의 아저씨/단편 모음/윌로씨의 휴가/축제일/트래픽/퍼레이드/플레이타임총 7 편,,2009.07.15.수 ~ 07.17.금,,미부착,,개방 가능,공공누리 2~4유형,,,,,O,,,"4편 1963년 이전, 3편 1963년 이후 작품, 영화별 스틸컷 1장씩",
346,한국영상자료원,HOME > 시네마테크KOFA > 프로그램 > 지난 프로그램,지난 프로그램,독,독총 1 편,,2009.07.25.토,,미부착,,개방 가능,공공누리 1유형,,,O,,,,,단순 정보,
347,한국영상자료원,HOME > 시네마테크KOFA > 프로그램 > 지난 프로그램,지난 프로그램,다시보기 2주년 : 박찬욱 감독전,"3인조/공동경비구역 J.S.A/달은…해가 꾸는 꿈/박쥐/복수는 나의 것/싸이보그지만 괜찮아/쓰리, 몬스터/여섯개의 시선/올드보이/친절한 금자씨총 10 편",,2009.08.06.목 ~ 08.13.목,,미부착,,개방 가능,공공누리 2~4유형,,,,O,,,,"저작권 보호되는 영화, 다수의 스틸컷",
348,한국영상자료원,HOME > 시네마테크KOFA > 프로그램 > 지난 프로그램,지난 프로그램,한국애니 마라톤 (8월),어린이들을 위한 애니동화총 1 편,,2009.08.11.화 ~ 08.18.화,,미부착,,개방 가능,공공누리 1유형,,,O,,,,,단순 소개 자료,
349,한국영상자료원,HOME > 시네마테크KOFA > 프로그램 > 지난 프로그램,지난 프로그램,볼륨을 높여라! 한국 대중음악과 영화의 만남,[강연] 영화로 본 한국대중음악의 흐름/[공연]미인+서울전자음악단/[공연]청춘대학+더 문샤이너스/가수왕/갈채/고고70/그 사랑 한이 되어/돌아이/마음은 푸른 하늘/모녀기타/모모는 철부지/미인/별들의 고향/비처럼 음악처럼/어제 내린 비/엘레지의 여왕/와이키키 브라더스/우스스탁(블루레이)/정글스토리/청춘대학/청춘쌍곡선/태양닮은 소녀/폭풍의 사나이총 23 편,,2009.08.18.화 ~ 08.30.일,,미부착,,개방 가능,공공누리 2~4유형,,,,O,,,,"저작권 보호되는 영화, 다수의 스틸컷",
350,한국영상자료원,HOME > 시네마테크KOFA > 프로그램 > 지난 프로그램,지난 프로그램,사람을 찾습니다,사람을 찾습니다총 1 편,,2009.08.29.토,,미부착,,개방 가능,공공누리 2~4유형,,,,O,,,,"저작권 보호되는 영화, 다수의 스틸컷",
351,한국영상자료원,HOME > 시네마테크KOFA > 프로그램 > 지난 프로그램,지난 프로그램,유현목 추모 전작전,공처가 삼대/구름은 흘러도/그대와 영원히/김약국의 딸들/나도 인간이 되련다/다함께 부르고 싶은 노래/두 여보/막차로 온 손님들/말미잘/몽땅 드릴까요(토끼와 포수)/분례기/불꽃/사람의 아들/상한 갈대/수학여행/순교자/아내는 고백한다/아리랑/악몽/여/옛날 옛적에 훠어이 훠이/오발탄/장마/종야/춘몽 + 복원영상/카인의 후예/태양은 다시 뜬다총 27 편,,2009.09.10.목 ~ 09.30.수,,미부착,,개방 가능,공공누리 2~4유형,,,,O,,,,"저작권 보호되는 영화, 다수의 스틸컷",
352,한국영상자료원,HOME > 시네마테크KOFA > 프로그램 > 지난 프로그램,지난 프로그램,클래식 한국영화 릴레이 (2009.10),야성녀/정과 애/허무한 마음총 3 편,,2009.09.13.일 ~ 09.15.화,,미부착,,개방 가능,공공누리 2~4유형,,,,O,,,,"저작권 보호되는 영화, 다수의 스틸컷",
353,한국영상자료원,HOME > 시네마테크KOFA > 프로그램 > 지난 프로그램,지난 프로그램,한국애니 마라톤 (9월),한국애니 마라톤총 1 편,,2009.09.18.금,,미부착,,개방 가능,공공누리 1유형,,,O,,,,,단순 정보,
354,한국영상자료원,HOME > 시네마테크KOFA > 프로그램 > 지난 프로그램,지난 프로그램,아내의 애인을 만나다,아내의 애인을 만나다총 1 편,,2009.09.19.토,,미부착,,개방 가능,공공누리 2~4유형,,,,O,,,,"저작권 보호되는 영화, 다수의 스틸컷",
355,한국영상자료원,HOME > 시네마테크KOFA > 프로그램 > 지난 프로그램,지난 프로그램,<사당동 더하기 22 디렉터스 컷> : 돌고 돌고 또 돌고,"사당동 더하기 22/사당동 더하기 22, 디렉터스 컷 : 돌고 돌고 또 돌고총 2 편",,2009.09.19.토,,미부착,,개방 가능,공공누리 2~4유형,,,,O,,,,"저작권 보호되는 영화, 다수의 스틸컷",
356,한국영상자료원,HOME > 시네마테크KOFA > 프로그램 > 지난 프로그램,지난 프로그램,약탈자들,약탈자들총 1 편,,2009.09.26.토,,미부착,,개방 가능,공공누리 2~4유형,,,,O,,,,"저작권 보호되는 영화, 다수의 스틸컷",
357,한국영상자료원,HOME > 시네마테크KOFA > 프로그램 > 지난 프로그램,지난 프로그램,디지털 영화제,SAC제작지원작: Ani & Art(숨은 책 외 4편)/SAC제작지원작: Best Collection/SAC제작지원작: History&Now(단장의 능선 외 2편)/SAC제작지원작: 어린이를 위한 단편애니/SAC제작지원작:Ani Clock(사선에서 외 4편)/SAC제작지원작:성장&여성(상상치도 못한 일 외 5편/SAC제작지원작:은유와 판타지(하루 외 5편)/SAC제작지원작:청소년을 위한 단편애니(산책가외 5편)/굿모닝 프레지던트/러브홀릭/해운대총 11 편,,2009.10.15.목 ~ 10.17.토,,미부착,,개방 가능,공공누리 1유형,,,O,,,,,단순 정보,
358,한국영상자료원,HOME > 시네마테크KOFA > 프로그램 > 지난 프로그램,지난 프로그램,영화적 체험 cinematic experience No. 1,"가행복/강연-Stefan Droessler, 기쁨없는 골목길/괴스타 베르링스 사가/기쁨없는 골목길/니나 페트로브나/러브 파레이드/마쯔루카/아목/안나 까레니나/춘희/크리스틔나 여왕총 11 편",,2009.10.16.금 ~ 10.25.일,,미부착,,개방 가능,공공누리 2~4유형,,,,O,O,,,모두 1963년 이전 외국영화,
359,한국영상자료원,HOME > 시네마테크KOFA > 프로그램 > 지난 프로그램,지난 프로그램,미쓰 홍당무,미쓰 홍당무총 1 편,,2009.10.17.토,,미부착,,개방 가능,공공누리 2~4유형,,,,O,,,,"저작권 보호되는 영화, 다수의 스틸컷",
360,한국영상자료원,HOME > 시네마테크KOFA > 프로그램 > 지난 프로그램,지난 프로그램,앞산전,앞산전총 1 편,,2009.10.31.토,,미부착,,개방 가능,공공누리 2~4유형,,,,O,,,,"저작권 보호되는 영화, 다수의 스틸컷",
361,한국영상자료원,HOME > 시네마테크KOFA > 프로그램 > 지난 프로그램,지난 프로그램,"일본영화의 페르소나, 아사노 다다노부",길위의 여행:R246스토리/꿈의 미로/녹차의 맛/도쿄 좀비/라스트 라이프 라스트 러브/러브 & 팝/물장구치는 금붕어/바람꽃/밝은 미래/새드 배케이션/엄마/일렉트릭 드래곤 80000V/지뢰를 밟으면 안녕/청춘 딩가딩가 딩딩딩/카페 뤼미에르/토리/파티 7/포커스/프라이드 드래곤 피쉬/피크닉/하나/핼프리스/환상의 빛총 23 편,,2009.11.12.목 ~ 11.29.일,,미부착,,개방 가능,공공누리 2~4유형,,,,O,O,,,"영화별 스틸컷 1장, 모두 외국영화",
362,한국영상자료원,HOME > 시네마테크KOFA > 프로그램 > 지난 프로그램,지난 프로그램,한국애니 마라톤 (11월),세계 속의 한국 인재들총 1 편,,2009.11.13.금 ~ 11.20.금,,미부착,,개방 가능,공공누리 1유형,,,O,,,,,단순 정보,
363,한국영상자료원,HOME > 시네마테크KOFA > 프로그램 > 지난 프로그램,지난 프로그램,스카우트,YMCA 야구단/스카우트총 2 편,,2009.11.21.토,,미부착,,개방 가능,공공누리 1유형,,,O,,,,,단순 정보,
364,한국영상자료원,HOME > 시네마테크KOFA > 프로그램 > 지난 프로그램,지난 프로그램,똥파리 1주년 특별전,똥파리/양익준 출연 및 연출작총 2 편,,2009.11.29.일,,미부착,,개방 가능,공공누리 1유형,,,O,,,,,단순 정보,
365,한국영상자료원,HOME > 시네마테크KOFA > 프로그램 > 지난 프로그램,지난 프로그램,고객감사특별전 - 영화로 사랑하세요,8월의 크리스마스/내 머리속의 지우개/미술관 옆 동물원/번지점프를 하다/사랑을 놓치다/연풍연가/우묵배미의 사랑/청연/클래식/파이란총 10 편,,2009.12.10.목 ~ 12.23.수,,미부착,,개방 가능,공공누리 2~4유형,,,,O,,,,"저작권 보호되는 영화, 다수의 스틸컷",
366,한국영상자료원,HOME > 시네마테크KOFA > 프로그램 > 지난 프로그램,지난 프로그램,고고 70,고고70/후아유총 2 편,,2009.12.12.토,,미부착,,개방 가능,공공누리 1유형,,,O,,,,,단순 정보,
367,한국영상자료원,HOME > 시네마테크KOFA > 프로그램 > 지난 프로그램,지난 프로그램,세르지오 레오네 특별전,석양의 갱들/석양의 무법자/옛날 옛적 서부에서/원스 어폰 어 타임 인 아메리카총 4 편,,2009.12.16.수 ~ 12.20.일,,미부착,,개방 가능,공공누리 2~4유형,,,,O,,,,"저작권 보호되는 영화, 다수의 스틸컷",
368,한국영상자료원,HOME > 시네마테크KOFA > 프로그램 > 지난 프로그램,지난 프로그램,클래식 한국영화 릴레이 (2009.12),검은 비상선/벽속의 여자/성녀와 마녀/식모의 유산/이조 여인잔혹사총 5 편,,2009.12.24.목 ~ 12.30.수,,미부착,,개방 가능,공공누리 2~4유형,,,,O,O,,,1969작,
369,한국영상자료원,HOME > 시네마테크KOFA > 프로그램 > 지난 프로그램,지난 프로그램,클래식 한국영화 릴레이 (2010.1),만나지 않았다면/물망초/별은 멀어도/부각하(젊은이의 태양)/요절복통 일망타진/원한의 애꾸눈/월부 남비서/장한몽총 8 편,,2010.01.12.화 ~ 01.22.금,,미부착,,개방 가능,공공누리 2~4유형,,,,O,,,,"저작권 보호되는 영화, 다수의 스틸컷",
370,한국영상자료원,HOME > 시네마테크KOFA > 프로그램 > 지난 프로그램,지난 프로그램,홍상수감독傳,강원도의 힘/극장전/돼지가 우물에 빠진 날/밤과 낮/생활의 발견/어떤 방문/여자는 남자의 미래다/오! 수정/잘 알지도 못하면서/해변의 여인총 10 편,,2010.01.12.화 ~ 01.24.일,,미부착,,개방 가능,공공누리 2~4유형,,,,O,,,,"저작권 보호되는 영화, 다수의 스틸컷",
371,한국영상자료원,HOME > 시네마테크KOFA > 프로그램 > 지난 프로그램,지난 프로그램,한국애니마라톤 1월,어 데이 외 9편총 1 편,,2010.01.22.금,,미부착,,개방 가능,공공누리 2~4유형,,,,O,O,,,이미지 1장 ,
372,한국영상자료원,HOME > 시네마테크KOFA > 프로그램 > 지난 프로그램,지난 프로그램,호수길,호수길총 1 편,,2010.01.23.토,,미부착,,개방 가능,공공누리 2~4유형,,,,O,,,,"저작권 보호되는 영화, 다수의 스틸컷",
373,한국영상자료원,HOME > 시네마테크KOFA > 프로그램 > 지난 프로그램,지난 프로그램,"한국영화 100선 릴레이 (1,2월)",개그맨/경마장 가는길/꼬방동네 사람들/나그네는 길에서도 쉬지 않는다/난장이가 쏘아올린 작은공/돈/미워도 다시한번/육체의 고백/장남/지옥화/화녀/휴일총 12 편,,2010.01.26.화 ~ 02.07.일,,미부착,,개방 가능,공공누리 2~4유형,,,,O,,,,"저작권 보호되는 영화, 다수의 스틸컷",
374,한국영상자료원,HOME > 시네마테크KOFA > 프로그램 > 지난 프로그램,지난 프로그램,장철과 홍콩남아들 II,13인의 무사/대자객/돌아온 외팔이/사조영웅전/소림사/소림오조/신외팔이/쌍협/외팔이/잔결/차수/철기문총 12 편,,2010.02.09.화 ~ 02.26.금,,미부착,,개방 가능,공공누리 2~4유형,,,,O,,,,"저작권 보호되는 영화, 다수의 스틸컷",
375,한국영상자료원,HOME > 시네마테크KOFA > 프로그램 > 지난 프로그램,지난 프로그램,무성영화 - 보재기Borzage와 무르나우Murnau,강/거리의 천사/럭키 스타/무르나우의 4인의 악당: 유실된 필름의 흔적/일출/제7의 천국/폭스사의 무르나우와 보재기: 표현주의 유산총 7 편,,2010.02.17.수 ~ 02.21.일,,미부착,,개방 가능,공공누리 2~4유형,,,,,O,,,영화별 스틸컷 1장씩,
376,한국영상자료원,HOME > 시네마테크KOFA > 프로그램 > 지난 프로그램,지난 프로그램,방문자,"나의 친구, 그의 아내/방문자총 2 편",,2010.02.20.토,,미부착,,개방 가능,공공누리 2~4유형,,,,O,O,,,스틸컷 다수 포함,
377,한국영상자료원,HOME > 시네마테크KOFA > 프로그램 > 지난 프로그램,지난 프로그램,이탈리아 영화 특별전,구두닦이/로코와 그 형제들/마지막 사랑/순응자/신 시네마 천국/여성의 정체/외디푸스왕/이탈리아 여행총 8 편,,2010.02.27.토 ~ 03.07.일,,미부착,,개방 가능,공공누리 2~4유형,,,,O,O,,,"구두닦이(1946),이탈리아여행(1954),로코와 그형제들(1960) 제외 5편은 1963년 이후 영화",
378,한국영상자료원,HOME > 시네마테크KOFA > 프로그램 > 지난 프로그램,지난 프로그램,몽실언니,몽실언니총 1 편,,2010.02.27.토,,미부착,,개방 가능,공공누리 2~4유형,,,,,O,,,"스틸컷, 영화평론 1편 딥링크",
379,한국영상자료원,HOME > 시네마테크KOFA > 프로그램 > 지난 프로그램,지난 프로그램,한국영화 100선 릴레이 (3월),결혼이야기/고려장/달마가 동쪽으로 간 까닭은?/또순이/마의 계단/미몽/바보선언/초우/화분총 9 편,,2010.03.02.화 ~ 03.17.수,,미부착,,개방 가능,공공누리 2~4유형,,,,O,,,,"저작권 보호되는 영화, 다수의 스틸컷",
380,한국영상자료원,HOME > 시네마테크KOFA > 프로그램 > 지난 프로그램,지난 프로그램,품행제로,그 해 여름/품행제로총 2 편,,2010.03.13.토,,미부착,,개방 가능,공공누리 2~4유형,,,,O,,,,"저작권 보호되는 영화, 다수의 스틸컷",
381,한국영상자료원,HOME > 시네마테크KOFA > 프로그램 > 지난 프로그램,지난 프로그램,양익준의 감독과 배우사이,"낙원, 드라이버 등/똥파리/바라만 본다/인간적으로 정이 안가는 인간총 4 편",,2010.03.17.수 ~ 03.25.목,,미부착,,개방 가능,공공누리 2~4유형,,,,O,,,,"저작권 보호되는 영화, 다수의 스틸컷",
382,한국영상자료원,HOME > 시네마테크KOFA > 프로그램 > 지난 프로그램,지난 프로그램,김수용 감독 회고전,가위 바위 보/갯마을/구봉서의 벼락부자/까치소리/도시로 간 처녀/돌아온 사나이/만추/망명의 늪/물보라/봄봄/사격장의 아이들/사랑의 묵시록/산불/수전지대/시발점/안개/야행/어느 여배우의 고백/웃음소리/춘향/침향/토지/허튼소리/혈맥/화려한 외출/화조/황토총 27 편,,2010.03.18.목 ~ 04.04.일,,미부착,,개방 가능,공공누리 2~4유형,,,,O,,,,"저작권 보호되는 영화, 다수의 스틸컷",
383,한국영상자료원,HOME > 시네마테크KOFA > 프로그램 > 지난 프로그램,지난 프로그램,반드시 크게 들을 것,반드시 크게 들을 것총 1 편,,2010.03.20.토,,미부착,,개방 가능,공공누리 2~4유형,,,,O,,,,"저작권 보호되는 영화, 다수의 스틸컷",
384,한국영상자료원,HOME > 시네마테크KOFA > 프로그램 > 지난 프로그램,지난 프로그램,무성영화 : “팡토마 Fant?mas”,"팡토마 (에피소드 1,2)/팡토마 (에피소드 3,4)/팡토마 (에피소드 5)총 3 편",,2010.04.01.목 ~ 04.15.목,,미부착,,개방 가능,공공누리 1유형,,,,,O,,,모두 1963년 이전 작품,
385,한국영상자료원,HOME > 시네마테크KOFA > 프로그램 > 지난 프로그램,지난 프로그램,하야시 가이조와 탐정영화전,20세기 소년독본/7개의 얼굴/검은 도마뱀/그림자 살인/꿈꾸는 것처럼 잠들고 싶다/내 인생 최악의 시간/덫/란포지옥/아득히 먼 시대의 계단을/이누가미 일족/카인과 아벨/코드/탐정사무소 2-3/탐정이야기총 14 편,,2010.04.06.화 ~ 04.18.일,,미부착,,개방 가능,공공누리 2~4유형,,,,O,O,,,"7개의 얼굴(1946),검은도마뱀(1962),나머지 12편은 1963년 이후 작품",
386,한국영상자료원,HOME > 시네마테크KOFA > 프로그램 > 지난 프로그램,지난 프로그램,이장호 감독 마스터 클래스,내시/무릎과 무릎사이/바보선언총 3 편,,2010.04.07.수 ~ 05.12.수,,미부착,,개방 가능,공공누리 2~4유형,,,,O,,,,"저작권 보호되는 영화, 다수의 스틸컷",
387,한국영상자료원,HOME > 시네마테크KOFA > 프로그램 > 지난 프로그램,지난 프로그램,질투는 나의 힘,질투는 나의 힘/파주총 2 편,,2010.04.17.토,,미부착,,개방 가능,공공누리 2~4유형,,,,O,,,,"저작권 보호되는 영화, 다수의 스틸컷",
388,한국영상자료원,HOME > 시네마테크KOFA > 프로그램 > 지난 프로그램,지난 프로그램,시네필1: 70년대 영화청년 시절을 돌아보다 - 빔 벤더스와 독일문화원,도시의 알리스/미국인 친구/사물의 상태/시간의 흐름 속으로/잘못된 움직임/페널티 킥을 앞에 선 골키퍼의 불안총 6 편,,2010.04.20.화 ~ 04.25.일,,미부착,,개방 가능,공공누리 2~4유형,,,,O,O,,,스틸컷 같은 이미지 다수 포함,
389,한국영상자료원,HOME > 시네마테크KOFA > 프로그램 > 지난 프로그램,지난 프로그램,땅의 여자,농가일기/땅의 여자총 2 편,,2010.04.24.토,,미부착,,개방 가능,공공누리 2~4유형,,,,O,,,,"저작권 보호되는 영화, 다수의 스틸컷",
390,한국영상자료원,HOME > 시네마테크KOFA > 프로그램 > 지난 프로그램,지난 프로그램,한국영화 100선 릴레이 (4월),겨울여자/김약국의 딸들/물레방아/사랑방 손님과 어머니/영자의 전성시대/우묵배미의 사랑/육체의 고백/초우총 8 편,,2010.04.27.화 ~ 04.30.금,,미부착,,개방 가능,공공누리 1유형,,,O,,,,,단순 정보,
391,한국영상자료원,HOME > 시네마테크KOFA > 프로그램 > 지난 프로그램,지난 프로그램,가족의 달 특선,나무없는 산/나의 판타스틱 데뷔작/로맨스그레이/로맨스빠빠/로보트 태권 V/리틀 디제이/마요네즈/북극의 눈물/아기공룡 둘리-얼음별 대모험/원 위크/인어공주/천년여우 여우비/퀼/피아노의 숲총 14 편,,2010.05.02.일 ~ 05.16.일,,미부착,,개방 가능,공공누리 2~4유형,,,,O,O,,,로맨스빠빠(1960) 제외 나머지 모두 1963년 이후 영화,
392,한국영상자료원,HOME > 시네마테크KOFA > 프로그램 > 지난 프로그램,지난 프로그램,"무성영화 : ""쥐덱스 Judex""","쥐덱스 (서장, 에피소드 1~3)/쥐덱스 (에피소드 4~7)/쥐덱스 (에피소드 8~12)총 3 편",,2010.05.13.목 ~ 05.27.목,,미부착,,개방 가능,공공누리 1유형,,,,,O,,,"모두 1963년 이전 작품, 저자권 보호기간 만료",
393,한국영상자료원,HOME > 시네마테크KOFA > 프로그램 > 지난 프로그램,지난 프로그램,한국영화 100선 릴레이 (5월),고교얄개/땡볕/삼포가는 길/소나기/여인잔혹사 물레야 물레야/영자의 전성시대/이어도/장군의 수염총 8 편,,2010.05.18.화 ~ 05.28.금,,미부착,,개방 가능,공공누리 1유형,,,O,,,,,단순 정보,
394,한국영상자료원,HOME > 시네마테크KOFA > 프로그램 > 지난 프로그램,지난 프로그램,"발굴, 복원 그리고 초기영화로의 초대","갈릴레오, 진자의 발명가/검은 머리/꿈(1955)/꿈(1967)/꿈(1990)/눈물의 웨딩드레스/단테의 생애/돌아온 외다리/돌아온 외다리(속)/배따라기/분노의 왼발/삼각의 함정/섬개구리 만세/시집가는 날/시칠리아의 영웅/여고시절/용호대련/육체와 악마/일본 애니메이션 1/일본 애니메이션 2/일본 애니메이션 3/일본 애니메이션 4/일요일 밤과 월요일 아침/일요일의 사람들/폼페이 최후의 날/폼페이 최후의 날/협박총 27 편",,2010.05.18.화 ~ 06.13.일,,미부착,,개방 가능,공공누리 2~4유형,,,,O,O,,,"시집가는날(1956),꿈(1955),일요일의사람들(1929), 협박(1929),육체와 악마(1927),폼페이최후의날(1913),단테의 생애(1913),시칠리아의영웅(`1912),폼페이최후의날(1908),갈릴레오(1909),일본애니메이션스틸컷 외외 1963년 이후 작품",
395,한국영상자료원,HOME > 시네마테크KOFA > 프로그램 > 지난 프로그램,지난 프로그램,회오리 바람,장건재 감독 단편/회오리 바람총 2 편,,2010.05.29.토,,미부착,,개방 가능,공공누리 2~4유형,,,,O,O,,,"피아골(1955),격퇴(1956),5인의 해병(1961),싸우는 사자들(1962) 제외 나머지는 1963년 이후 영화",
396,한국영상자료원,HOME > 시네마테크KOFA > 프로그램 > 지난 프로그램,지난 프로그램,6.25 60주년 특집전,04:00 -1950-/5인의 해병/격퇴(우리는 이렇게 싸웠다)/군번없는 용사/남과 북/돌아오지 않는 해병/들국화는 피었는데/비무장지대/빨간 마후라/수색대/싸리골의 신화/싸우는 사자들/웰컴 투 동막골/은마는 오지 않는다/최후의 증인/태극기 휘날리며/피아골총 17 편,,2010.06.15.화 ~ 06.30.수,,미부착,,개방 가능,공공누리 2~4유형,,,,O,,,,"저작권 보호되는 영화, 다수의 스틸컷",
397,한국영상자료원,HOME > 시네마테크KOFA > 프로그램 > 지난 프로그램,지난 프로그램,아는 여자,기막힌 사내들/아는 여자/킬러들의 수다총 3 편,,2010.06.19.토,,미부착,,개방 가능,공공누리 2~4유형,,,,O,,,,"저작권 보호되는 영화, 다수의 스틸컷",
398,한국영상자료원,HOME > 시네마테크KOFA > 프로그램 > 지난 프로그램,지난 프로그램,쿠바의 연인,엄마를 찾아서/쿠바의 연인총 2 편,,2010.06.26.토,,미부착,,개방 가능,공공누리 2~4유형,,,,O,,,,"저작권 보호되는 영화, 다수의 스틸컷",
399,한국영상자료원,HOME > 시네마테크KOFA > 프로그램 > 지난 프로그램,지난 프로그램,구로사와 아키라 탄생 100주년 특별전,7인의 사무라이/A.K: 구로사와 아키라의 초상/가장 아름답게/거미집의 성/나쁜 놈일수록 잘 잔다/도데스카덴/들개/라쇼몽/라쇼몽(복원버전)/란/멋진 일요일/밑바닥/붉은 수염/생존의 기록/속 스가타 산시로/숨은 요새의 세 악인/스가타 산시로/쓰바키 산주로/요짐보/우리 청춘 후회 없다/이키루/주정뱅이 천사/천국과 지옥/카게무샤/호랑이 꼬리를 밟은 사나이들총 25 편,,2010.07.01.목 ~ 07.25.일,,미부착,,개방 가능,공공누리 2~4유형,,,,,O,,,영화별 스틸컷 1장씩 포함,
400,한국영상자료원,HOME > 시네마테크KOFA > 프로그램 > 지난 프로그램,지난 프로그램,시네필2: 프랑스 문화원에 대한 기억 - 고다르의 <기관총 부대>,기관총 부대/대담 : 프랑스 문화원에 대한 기억/롤라 몽테/산타클로스는 푸른 눈을 가졌다총 4 편,,2010.07.07.수 ~ 07.10.토,,미부착,,개방 가능,공공누리 2~4유형,,,,,O,,,영화별 스틸컷 1장씩 포함,
401,한국영상자료원,HOME > 시네마테크KOFA > 프로그램 > 지난 프로그램,지난 프로그램,김기영의 女女女,느미/수녀/육식동물/충녀/하녀/하녀/화녀/화녀&#39;82총 8 편,,2010.07.27.화 ~ 08.01.일,,미부착,,개방 가능,공공누리 2~4유형,,,,O,,,,"저작권 보호되는 영화, 다수의 스틸컷",
402,한국영상자료원,HOME > 시네마테크KOFA > 프로그램 > 지난 프로그램,지난 프로그램,7월_영화&강좌,버라이어티 생존 토크쇼총 1 편,,2010.07.27.화,,미부착,,개방 가능,공공누리 2~4유형,,,,O,,,,"저작권 보호되는 영화, 다수의 스틸컷",
403,한국영상자료원,HOME > 시네마테크KOFA > 프로그램 > 지난 프로그램,지난 프로그램,7월_독립애니메이션 정기상영 : 여름의 물결,소나기 외 8편총 1 편,,2010.07.28.수,,미부착,,개방 가능,공공누리 2~4유형,,,,O,,,,"저작권 보호되는 영화, 다수의 스틸컷",
404,한국영상자료원,HOME > 시네마테크KOFA > 프로그램 > 지난 프로그램,지난 프로그램,7월_독립영화 재개봉,경/경계도시 2/꽃비/농민가/반드시 크게 들을것/원 나잇 스탠드/이웃집 좀비/작은 연못/회오리 바람총 9 편,,2010.07.29.목 ~ 08.08.일,,미부착,,개방 가능,공공누리 2~4유형,,,,O,O,,,스틸컷 1장 포함,
405,한국영상자료원,HOME > 시네마테크KOFA > 프로그램 > 지난 프로그램,지난 프로그램,7월_해피투게더 독립영화,레인보우총 1 편,,2010.07.31.토,,미부착,,개방 가능,공공누리 2~4유형,,,,,O,,,영화별 스틸컷 1장,
406,한국영상자료원,HOME > 시네마테크KOFA > 프로그램 > 지난 프로그램,지난 프로그램,8월_독립영화 아카이브,"[독립다큐] 발견과 주목, 발췌 영화의 진화/[독립애니] 바람이 불어와/[쇼케이스] 싱킹 블루/[실험영화] 개인, 그리고 풍경의 발견/[영화&강좌] 기이한 춤; 기무/[해피투게더] 기타 이야기총 6 편",,2010.08.03.화 ~ 08.28.토,,미부착,,개방 가능,공공누리 2~4유형,,,,O,,,,"저작권 보호되는 영화, 다수의 스틸컷",
407,한국영상자료원,HOME > 시네마테크KOFA > 프로그램 > 지난 프로그램,지난 프로그램,로베르 브레송 전,당나귀 발타자르/돈/무셰트/불로뉴 숲의 여인들/사형수 탈주하다/소매치기/아마도 악마가/잔다르크의 재판/호수의 랑스로총 9 편,,2010.08.03.화 ~ 08.11.수,,미부착,,개방 가능,공공누리 2~4유형,,,,O,O,,,"블노뉴숲의 여인들(1945),소매치기(1959),잔다르크의재판(1962),사형수 탈주하다(1956), 나머지 1963년 이후 영화",
408,한국영상자료원,HOME > 시네마테크KOFA > 프로그램 > 지난 프로그램,지난 프로그램,거장 회고전 (NeMaf2010),거장 회고전 폐막식/린 삭스 단편 필름과 비디오 10선/린 삭스 중장편 1/린 삭스 중장편 2/켄 제이콥스 장편/켄 제이콥스 중단편 1/켄 제이콥스 중단편 2총 7 편,,2010.08.10.화 ~ 08.14.토,,미부착,,개방 가능,공공누리 2~4유형,,,,,O,,,영화별 스틸컷 1장,
409,한국영상자료원,HOME > 시네마테크KOFA > 프로그램 > 지난 프로그램,지난 프로그램,임권택 전작展,30년만의 대결/가깝고도 먼 길 (불완전판)/개벽/그 여자를 쫓아라/길소뜸/깃발없는 기수/나는 왕이다/나비품에서 울었다/낙동강은 흐르는가/내일 또 내일/노는계집 창/돌아온 자와 떠나야 할 자/두만강아 잘 있거라/둘째 어머니/뢰검(번개칼)/만다라/망부석/맨발의 눈길/명동잔혹사/몽녀 (불완전판)/바람같은 사나이 (불완전판)/법창을 울린 옥이/복부인/불의 딸/사나이 삼대/상록수/서편제/속눈섭이 긴 여자/신궁/신세 좀 지자구요/십년세도/십오야/씨받이/아내/아내들의 행진/아다다/아벤고 공수군단/아제아제 바라아제/안개마을/애꾸눈 박/연산일기/오염된 자식들/옥례기/왕십리/왜 그랬던가/요화 장희빈/우상의 눈물/울지 않으리/원한의 거리에 눈이 나린다/원한의 두 꼽추/월하의 검 (불완전판)/임진란과 계월향/장군의 아들/장군의 아들 2/장군의 아들 3/장안명기 오백화/저 파도위에 엄마 얼굴이 (불완전판)/족보 (불완전판)/증언/짝코/천년학/축제/춘향뎐/취화선/태백산맥/티켓/풍운의 검객/하류인생/황야의 독수리/흐르는 강물을 어찌 막으랴총 70 편,,2010.08.12.목 ~ 10.03.일,,미부착,,개방 가능,공공누리 2~4유형,,,,O,O,,,두만강아 잘 있거라 이외 모두 1963년 이후 영화,
410,한국영상자료원,HOME > 시네마테크KOFA > 프로그램 > 지난 프로그램,지난 프로그램,정동진영화제 in 서울,정동진영화제 in 서울_섹션1/정동진영화제 in 서울_섹션2/정동진영화제 in 서울_섹션3/정동진영화제 in 서울_섹션4/정동진영화제 in 서울_섹션5총 5 편,,2010.08.24.화 ~ 08.29.일,,미부착,,개방 가능,공공누리 1유형,,,O,,,,,단순 정보,
411,한국영상자료원,HOME > 시네마테크KOFA > 프로그램 > 지난 프로그램,지난 프로그램,DMC 영화제,단편애니모음/무적자/전우치/하모니총 4 편,,2010.09.09.목 ~ 09.11.토,,미부착,,개방 가능,공공누리 2~4유형,,,,O,,,,"저작권 보호되는 영화, 다수의 스틸컷",
412,한국영상자료원,HOME > 시네마테크KOFA > 프로그램 > 지난 프로그램,지난 프로그램,9월_독립영화 아카이브,[기획전] mistranslation/[기획전] 개청춘/[기획전] 내 청춘을 돌려다오/[기획전] 노동자의 태양-부제: 편의점 야간 파트타이머의 고통/[기획전] 학교를 다니기 위해 필요한 것들/[독립다큐] 발견과 주목/[독립애니] 인디애니페스트2009 수상작/[쇼케이스] 아름다운 게토/[실험영화] 브루스 엘더 작품들/[영화&강좌] 파산의 기술/[해피투게더] 불한당들총 11 편,,2010.09.15.수 ~ 09.29.수,,미부착,,개방 가능,공공누리 2~4유형,,,,O,,,,"저작권 보호되는 영화, 다수의 스틸컷",
413,한국영상자료원,HOME > 시네마테크KOFA > 프로그램 > 지난 프로그램,지난 프로그램,10월_독립영화 아카이브,[독립다큐]나의 아버지 외 1편/[독립애니]인디애니페스트 2010 수상작/[쇼케이스] 물 없는 바다/[실험영화]브루스 엘더 展/[영화&강좌]달팽이의 별/[해피투게더] 계몽영화/[해피투게더] 박동훈 단편선총 7 편,,2010.10.05.화 ~ 10.30.토,,미부착,,개방 가능,공공누리 2~4유형,,,,O,,,,"저작권 보호되는 영화, 다수의 스틸컷",
414,한국영상자료원,HOME > 시네마테크KOFA > 프로그램 > 지난 프로그램,지난 프로그램,인디 퍼레이드,검은 땅의 소녀와/낮술/단편 퍼레이드Ⅰ: PIFF 선재상 2006-2009/단편 퍼레이드Ⅱ: PIFF 선재상 2002-2005/단편 퍼레이드Ⅲ: 해외영화제 수상작/땅의 여자/똥파리/아메리칸 앨리/애니퍼레이드/우리 학교/워낭소리/킥 오프총 12 편,,2010.10.05.화 ~ 10.13.수,,미부착,,개방 가능,공공누리 2~4유형,,,,O,,,,"저작권 보호되는 영화, 다수의 스틸컷",
415,한국영상자료원,HOME > 시네마테크KOFA > 프로그램 > 지난 프로그램,지난 프로그램,한국스포츠영화열전,"YMCA 야구단/고교결전 자! 지금부터야/국가대표/나는 갈매기/내 주먹을 사라/내일은 야구왕/돌려차기/맨발의 꿈/반칙왕/슈퍼스타 감사용/영광의 9회말/우리 생애 최고의 순간/이장호의 외인구단/천하장사 마돈나/카멜레온의 시/투수, 타자를 만나다/해가 서쪽에서 뜬다면총 17 편",,2010.10.13.수 ~ 10.29.금,,미부착,,개방 가능,공공누리 2~4유형,,,,O,,,,"저작권 보호되는 영화, 다수의 스틸컷",
416,한국영상자료원,HOME > 시네마테크KOFA > 프로그램 > 지난 프로그램,지난 프로그램,허진호 감독전,8월의 크리스마스/봄날은 간다/외출/행복/호우시절총 5 편,,2010.10.15.금 ~ 10.16.토,,미부착,,개방 가능,공공누리 2~4유형,,,,O,,,,"저작권 보호되는 영화, 다수의 스틸컷",
417,한국영상자료원,HOME > 시네마테크KOFA > 프로그램 > 지난 프로그램,지난 프로그램,윤성호 감독전,Section 1: 삼천포 가는 길 외/Section 2: 산만한 제국 외/Section 3: 중산층 가정의 대재앙 외/은하해방전선/할 수 있는 자가 구하라총 5 편,,2010.10.19.화 ~ 10.23.토,,미부착,,개방 가능,공공누리 2~4유형,,,,O,,,,"저작권 보호되는 영화, 다수의 스틸컷",
418,한국영상자료원,HOME > 시네마테크KOFA > 프로그램 > 지난 프로그램,지난 프로그램,영화적 체험 Cinematic Experience 2,그랜드 호텔/메트로폴리스/밀랍인형 전시실/아침부터 자정까지/칼리가리 박사의 밀실/푸른 천사총 6 편,,2010.10.26.화 ~ 10.31.일,,미부착,,개방 가능,공공누리 2~4유형,,,,O,O,,,외국영화로 모두 1963년 이전 작품,
419,한국영상자료원,HOME > 시네마테크KOFA > 프로그램 > 지난 프로그램,지난 프로그램,11월_독립영화 아카이브,"[독립다큐]고양이가 있었다/[독립애니]무림일검의 사생활 외/[쇼케이스]모차르트 타운/[쇼케이스]애니멀 타운/[실험영화]찬양의 서 외 1편/[영화&강좌]사요나라 안녕 짜이&#51820;/[해피투게더]빗자루, 금붕어 되다총 7 편",,2010.11.02.화 ~ 11.27.토,,미부착,,개방 가능,공공누리 2~4유형,,,,O,,,,"저작권 보호되는 영화, 다수의 스틸컷",
420,한국영상자료원,HOME > 시네마테크KOFA > 프로그램 > 지난 프로그램,지난 프로그램,키에슬로프스키(Kieslowski)의 ‘세 가지 색’,레드/베로니카의 이중생활/블루/화이트총 4 편,,2010.11.02.화 ~ 11.07.일,,미부착,,개방 가능,공공누리 2~4유형,,,,O,,,,"저작권 보호되는 영화, 다수의 스틸컷",
421,한국영상자료원,HOME > 시네마테크KOFA > 프로그램 > 지난 프로그램,지난 프로그램,11월_한국영화 100선 릴레이,겨울여자/별들의 고향/영자의 전성시대/이어도/화녀/화분총 6 편,,2010.11.02.화 ~ 11.07.일,,미부착,,개방 가능,공공누리 2~4유형,,,,,O,,,다수의 스틸컷 포함,
422,한국영상자료원,HOME > 시네마테크KOFA > 프로그램 > 지난 프로그램,지난 프로그램,"Play Again, 2010 GISF",2010 우주여행/금지된 행성/뉴욕탈출/마지막 전투/백 투 더 퓨쳐/백 투 더 퓨쳐 2/백 투 더 퓨쳐 3/잠입자총 8 편,,2010.11.09.화 ~ 11.14.일,,미부착,,개방 가능,공공누리 2~4유형,,,,,O,,,외국영화 포스터 포함,
423,한국영상자료원,HOME > 시네마테크KOFA > 프로그램 > 지난 프로그램,지난 프로그램,서울영상집단 20주년 특별전,"192-399: 더불어사는 집 이야기/54일, 그 여름의 기록 -&#39;93 현대정공 직권조인 무효화 투쟁기/경계도시/낙선/노래로 태양을 쏘다 - 스크린쿼터 사수 투쟁의 기록/두밀리, 새로운 학교가 열린다/미친 시간/변방에서 중심으로 - 독립영화에 대한 특별한 시선/삶의 자리, 투쟁의 자리 - 영구임대주택 쟁취를 위하여/시작하는 순간 - 두밀리 두 번째 이야기/옥포만에 메아리칠 우리들의 노래를 위하여-&#39;90 대우조선 단협투쟁기/전열/전장에서 나는/주민등록증을 찢어라!총 14 편",,2010.11.09.화 ~ 11.20.토,,미부착,,개방 가능,공공누리 2~4유형,,,,O,,,,"저작권 보호되는 영화, 다수의 스틸컷",
424,한국영상자료원,HOME > 시네마테크KOFA > 프로그램 > 지난 프로그램,지난 프로그램,불신지옥,불신지옥총 1 편,,2010.11.14.일,,미부착,,개방 가능,공공누리 2~4유형,,,,O,,,,"저작권 보호되는 영화, 다수의 스틸컷",
425,한국영상자료원,HOME > 시네마테크KOFA > 프로그램 > 지난 프로그램,지난 프로그램,일본 거장 감독전,나는 두 살/남편은 보았다/눈먼 짐승/등불/만지/문신/번개/부초/붉은 천사/세이사쿠의 아내/아내는 고백한다/아내는 고백한다 (유현목)/오누이/제2의 성(섹스 체크)/지옥문/하나오카 세이슈의 아내/훔친 욕정총 17 편,,2010.11.16.화 ~ 11.30.화,,미부착,,개방 가능,공공누리 2~4유형,,,,O,O,,,"훔친욕정(1962),아내는고백한다(1961),오누이(1953),나는 두살(1962),부초(1959),지옥문(1953),번개(1952),나머지는 1963년 이후 영화",
426,한국영상자료원,HOME > 시네마테크KOFA > 프로그램 > 지난 프로그램,지난 프로그램,위험한 관계 Dangerous Liaisons,광란의 사랑/발몽/아델의 사랑이야기/폭풍의 월요일/프리찌스 오너총 5 편,,2010.12.01.수 ~ 12.12.일,,미부착,,개방 가능,공공누리 2~4유형,,,,,O,,,모두 외국영화로 다수의 스틸컷 포함,
427,한국영상자료원,HOME > 시네마테크KOFA > 프로그램 > 지난 프로그램,지난 프로그램,12월_한국영화 100선 릴레이,개그맨/고래사냥/꼬방동네 사람들/난장이가 쏘아올린 작은공/바람불어 좋은 날/성공시대/칠수와 만수총 7 편,,2010.12.01.수 ~ 12.12.일,,미부착,,개방 가능,공공누리 2~4유형,,,,,O,,,모두 외국영화로 다수의 스틸컷 포함,
428,한국영상자료원,HOME > 시네마테크KOFA > 프로그램 > 지난 프로그램,지난 프로그램,로컬 시네마 기획전,대구 단편 1/대구 단편 2/대구 장편: 메모리즈/대전 단편 1/대전 단편 2/대전 단편 3/대전 단편 4/부산 단편 1/부산 단편 2/부산 단편 3/부산 장편: 내 마음에 불꽃이 있어/전주 단편 1/전주 단편 2/전주 단편 3/전주 장편: 숨총 15 편,,2010.12.05.일 ~ 12.26.일,,미부착,,개방 가능,공공누리 2~4유형,,,,O,O,,,영화별 이미지 1개씩,
429,한국영상자료원,HOME > 시네마테크KOFA > 프로그램 > 지난 프로그램,지난 프로그램,프레드릭 막스 특별전,잔스카로부터의 여정/프레드릭 막스 단편/후프 드림즈총 3 편,,2010.12.09.목 ~ 12.11.토,,미부착,,개방 가능,공공누리 2~4유형,,,,O,O,,,영화별 이미지 1개씩,
430,한국영상자료원,HOME > 시네마테크KOFA > 프로그램 > 지난 프로그램,지난 프로그램,여행,여행총 1 편,,2010.12.11.토,,미부착,,개방 가능,공공누리 1유형,,,O,,,,,단순 정보,
431,한국영상자료원,HOME > 시네마테크KOFA > 프로그램 > 지난 프로그램,지난 프로그램,12월_독립영화 아카이브,"[독립다큐]상계동 올림픽 / 호수길/[독립애니]이런 사가지 없는 놈이 하는 소리 외/[쇼케이스]첫사랑-1989, 수미다의 기억/[실험영화]1857 황철광 외 1편/[영화&강좌]어느 날 그 길에서총 5 편",,2010.12.14.화 ~ 12.29.수,,미부착,,개방 가능,공공누리 1유형,,,O,,,,,단순 정보,
432,한국영상자료원,HOME > 시네마테크KOFA > 프로그램 > 지난 프로그램,지난 프로그램,한국영화인 추모전,겨울나그네/그후로도 오랫동안/김약국의 딸들/내것이 더 좋아/리칭의 여선생/맹물로 가는 자동차/명동에 밤이 오면/서울의 지붕밑/아가씨 참으세요/애권/애하/여인잔혹사 물레야 물레야/우리들의 일그러진 영웅/장미의 나날/젊은 날의 초상/청춘/형사 배삼룡총 17 편,,2010.12.14.화 ~ 12.31.금,,미부착,,개방 가능,공공누리 2~4유형,,,,O,,,,"저작권 보호되는 영화, 다수의 스틸컷",
433,한국영상자료원,HOME > 시네마테크KOFA > 프로그램 > 지난 프로그램,지난 프로그램,가족특선,"마음이.../선생 김봉두/안녕, 형아/집으로총 4 편",,2010.12.24.금 ~ 12.26.일,,미부착,,개방 가능,공공누리 2~4유형,,,,O,,,,"저작권 보호되는 영화, 다수의 스틸컷",
434,한국영상자료원,HOME > 시네마테크KOFA > 프로그램 > 지난 프로그램,지난 프로그램,사랑한다면 이들처럼,굿바이 칠드런/귀여운 여도적/델리카트슨 사람들/사랑한다면 이들처럼/세상의 모든 아침/쉘부르의 우산/씨클로/졸업/태양은 가득히/탱고/파니 핑크총 11 편,,2011.01.02.일 ~ 01.13.목,,미부착,,개방 가능,공공누리 2~4유형,,,,O,,,,"저작권 보호되는 영화, 다수의 스틸컷",
435,한국영상자료원,HOME > 시네마테크KOFA > 프로그램 > 지난 프로그램,지난 프로그램,블루레이 영화제,드래곤 길들이기/레지던트 이블 4/사운드 오브 뮤직/슈퍼배드/씬 시티/아저씨/이클립스/인셉션/토이 스토리 3/퍼시픽/허트 로커총 11 편,,2011.01.13.목 ~ 01.16.일,,미부착,,개방 가능,공공누리 2~4유형,,,,O,,,,"저작권 보호되는 영화, 다수의 스틸컷",
436,한국영상자료원,HOME > 시네마테크KOFA > 프로그램 > 지난 프로그램,지난 프로그램,1월_한국영화 100선 릴레이,경마장 가는길/깊고 푸른 밤/돼지가 우물에 빠진 날/바보선언총 4 편,,2011.01.18.화 ~ 01.28.금,,미부착,,개방 가능,공공누리 2~4유형,,,,O,,,,"저작권 보호되는 영화, 다수의 스틸컷",
437,한국영상자료원,HOME > 시네마테크KOFA > 프로그램 > 지난 프로그램,지난 프로그램,시네마테크KOFA가 주목한 2010년 한국영화,"경계도시 2/계몽영화/김복남 살인사건의 전말/부당거래/빗자루, 금붕어 되다/시/여행/옥희의 영화/이끼/페어러브/하하하총 11 편",,2011.01.18.화 ~ 01.30.일,,미부착,,개방 가능,공공누리 2~4유형,,,,O,,,,"저작권 보호되는 영화, 다수의 스틸컷",
438,한국영상자료원,HOME > 시네마테크KOFA > 프로그램 > 지난 프로그램,지난 프로그램,연애: 달콤 혹은 살벌한,"…ing/광식이 동생 광태/달콤, 살벌한 연인/어디선가 누군가에 무슨 일이 생기면 틀림없이 나타난다 홍반장/연애의 목적/와니와 준하총 6 편",,2011.02.01.화 ~ 02.08.화,,미부착,,개방 가능,공공누리 2~4유형,,,,O,O,,,"시집가는날(1956),마부(1961) 외 1963년 이후 작품",
439,한국영상자료원,HOME > 시네마테크KOFA > 프로그램 > 지난 프로그램,지난 프로그램,Korean Cinema in Berlinale,"고양이를 부탁해/길소뜸/땡볕/마부/멋진 하루/밀애/밤과 낮/복수는 나의 것/시집가는 날(복원판)/싸이보그지만 괜찮아/장화, 홍련/화엄경/후회하지 않아총 13 편",,2011.02.09.수 ~ 02.17.목,,미부착,,개방 가능,공공누리 2~4유형,,,,O,,,,"저작권 보호되는 영화, 다수의 스틸컷",
440,한국영상자료원,HOME > 시네마테크KOFA > 프로그램 > 지난 프로그램,지난 프로그램,천하장사 마돈나,천하장사 마돈나총 1 편,,2011.02.12.토,,미부착,,개방 가능,공공누리 2~4유형,,,,O,,,,"저작권 보호되는 영화, 다수의 스틸컷",
441,한국영상자료원,HOME > 시네마테크KOFA > 프로그램 > 지난 프로그램,지난 프로그램,우리 시대 시네아스트2: 이창동,밀양/박하사탕/시/오아시스/초록물고기총 5 편,,2011.02.17.목 ~ 02.23.수,,미부착,,개방 가능,공공누리 2~4유형,,,,O,,,,"저작권 보호되는 영화, 다수의 스틸컷",
442,한국영상자료원,HOME > 시네마테크KOFA > 프로그램 > 지난 프로그램,지난 프로그램,자유부인,자유부인총 1 편,,2011.02.20.일,,미부착,,개방 가능,공공누리 2~4유형,,,,O,O,,,1956년작,
443,한국영상자료원,HOME > 시네마테크KOFA > 프로그램 > 지난 프로그램,지난 프로그램,애니메이션 블루레이 특별전,9 : 나인/바시르와 왈츠를/스카이 크롤러/에반게리온: 서/에반게리온: 파총 5 편,,2011.02.24.목 ~ 02.27.일,,미부착,,개방 가능,공공누리 2~4유형,,,,,O,,,모두 외국영화로 다수의 스틸컷 포함,
444,한국영상자료원,HOME > 시네마테크KOFA > 프로그램 > 지난 프로그램,지난 프로그램,불청객,불청객총 1 편,,2011.02.27.일,,미부착,,개방 가능,공공누리 2~4유형,,,,O,,,,"저작권 보호되는 영화, 다수의 스틸컷",
445,한국영상자료원,HOME > 시네마테크KOFA > 프로그램 > 지난 프로그램,지난 프로그램,3월_클래식 한국영화 릴레이,국경의 밤/미쓰 촌닭/미워도 다시한번(3편)/월하의 검/유정검화/팔도검객총 6 편,,2011.03.01.화 ~ 03.10.목,,미부착,,개방 가능,공공누리 2~4유형,,,,O,O,,,1970년작,
446,한국영상자료원,HOME > 시네마테크KOFA > 프로그램 > 지난 프로그램,지난 프로그램,장률 감독전,[강연]/경계/궤도/당시/두만강/망종/이리/중경총 8 편,,2011.03.01.화 ~ 03.10.목,,미부착,,개방 가능,공공누리 2~4유형,,,,O,,,,"저작권 보호되는 영화, 다수의 스틸컷",
447,한국영상자료원,HOME > 시네마테크KOFA > 프로그램 > 지난 프로그램,지난 프로그램,존 포드 걸작선,굽이도는 증기선/나의 계곡은 푸르렀다/리버티 밸런스를 쏜 사나이/모호크 족의 북소리/철마/황야의 결투총 6 편,,2011.03.11.금 ~ 03.15.화,,미부착,,개방 가능,공공누리 1유형,,,,,O,,,모두 1963년 이전 작품,
448,한국영상자료원,HOME > 시네마테크KOFA > 프로그램 > 지난 프로그램,지난 프로그램,귀여워,귀여워총 1 편,,2011.03.12.토,,미부착,,개방 가능,공공누리 2~4유형,,,,O,,,,"저작권 보호되는 영화, 다수의 스틸컷",
449,한국영상자료원,HOME > 시네마테크KOFA > 프로그램 > 지난 프로그램,지난 프로그램,쟝 피에르 멜빌 걸작선,그림자 군단/도박꾼 밥/밀고자/바다의 침묵/암흑가의 세 사람총 5 편,,2011.03.16.수 ~ 03.20.일,,미부착,,개방 가능,공공누리 2~4유형,,,,O,O,,,"밀고자(1961),바다의 침묵(1949),도박꾼밥(1959) 외 2편 1963년 이후 영화",
450,한국영상자료원,HOME > 시네마테크KOFA > 프로그램 > 지난 프로그램,지난 프로그램,청춘: 기쁜 우리 젊은 날,고교얄개/고래사냥/고양이를 부탁해/기쁜 우리 젊은 날/마이 제너레이션/말죽거리 잔혹사/맨발의 청춘/바람불어 좋은날/바보들의 행진/바이 준/비트/여고괴담 두번째 이야기/엽기적인 그녀/와이키키 브라더스/은하해방전선/청춘극장/초우/태양은 없다/품행제로/행복은 성적순이 아니잖아요/휴일총 21 편,,2011.03.22.화 ~ 04.06.수,,미부착,,개방 가능,공공누리 2~4유형,,,,O,,,,"저작권 보호되는 영화, 다수의 스틸컷",
451,한국영상자료원,HOME > 시네마테크KOFA > 프로그램 > 지난 프로그램,지난 프로그램,몽골 영화제,미지의 여인/사막의 환상/열정/일어났던 사건/천하장사총 5 편,,2011.03.23.수 ~ 03.26.토,,미부착,,개방 가능,공공누리 2~4유형,,,,O,O,,,"영화별 스틸컷 1장, 모두 외국영화",
452,한국영상자료원,HOME > 시네마테크KOFA > 프로그램 > 지난 프로그램,지난 프로그램,평범한 날들,평범한 날들총 1 편,,2011.03.27.일,,미부착,,개방 가능,공공누리 2~4유형,,,,O,,,,"저작권 보호되는 영화, 다수의 스틸컷",
453,한국영상자료원,HOME > 시네마테크KOFA > 프로그램 > 지난 프로그램,지난 프로그램,독립영화워크숍 20주년 기념영화제,"경축! 우리 사랑/독립영화워크숍 실습작품 모음/독립작가 모음/바퀴, 시설 장애인의 역습/부당거래/영상원 모음/영화아카데미 모음/자가당착: 시대정신과 현실참여/후회하지 않아총 9 편",,2011.04.01.금 ~ 04.03.일,,미부착,,개방 가능,공공누리 1유형,,,,O,,,,"저작권 보호되는 영화, 다수의 스틸컷",
454,한국영상자료원,HOME > 시네마테크KOFA > 프로그램 > 지난 프로그램,지난 프로그램,한국영화 콘티뉴이티 특별전,"YMCA 야구단/광식이 동생 광태/그놈 목소리/너는 내 운명/달콤한 인생/미녀는 괴로워/슈퍼스타 감사용/시라노; 연애조작단/어린 신부/의형제/장화, 홍련/추격자/타짜총 13 편",,2011.04.07.목 ~ 04.21.목,,미부착,,개방 가능,공공누리 2~4유형,,,,O,,,,"저작권 보호되는 영화, 다수의 스틸컷",
455,한국영상자료원,HOME > 시네마테크KOFA > 프로그램 > 지난 프로그램,지난 프로그램,[여성영화제]한국영화회고전: 도시를 걷는 여자들,[강연]도시를 걷는 여자들/검은 머리/과부춤/미몽/바보선언/서울의 휴일/여사장/영자의 전성시대/청춘의 십자로(무성)/화녀/휴일총 11 편,,2011.04.08.금 ~ 04.14.목,,미부착,,개방 가능,공공누리 2~4유형,,,,O,O,,,"서울의 휴일(1956),청춘의 십자로(1934),미몽(1936),여사장(1959) 외 나머지 1963년 이후 영화",
456,한국영상자료원,HOME > 시네마테크KOFA > 프로그램 > 지난 프로그램,지난 프로그램,어느 여대생의 고백,어느 여대생의 고백총 1 편,,2011.04.09.토,,미부착,,개방 가능,공공누리 1유형,,,,,O,,,1958년작,
457,한국영상자료원,HOME > 시네마테크KOFA > 프로그램 > 지난 프로그램,지난 프로그램,"晩秋, 늦가을의 정취에 빠지다",만추(김수용)/만추(김태용)/약속/육체의 약속총 4 편,,2011.04.14.목 ~ 04.17.일,,미부착,,개방 가능,공공누리 2~4유형,,,,O,,,,"저작권 보호되는 영화, 다수의 스틸컷",
458,한국영상자료원,HOME > 시네마테크KOFA > 프로그램 > 지난 프로그램,지난 프로그램,애니메이션 정기상영_4월,21세기 애니메이터총 1 편,,2011.04.16.토,,미부착,,개방 가능,공공누리 2~4유형,,,,,O,,,영화 스틸컷 1장,
459,한국영상자료원,HOME > 시네마테크KOFA > 프로그램 > 지난 프로그램,지난 프로그램,아키 카우리스마키 감독전,과거가 없는 남자/나는 살인청부업자를 고용했다/레닌그라드 카우보이 모세를 만나다/레닌그라드 카우보이 미국에 가다/보헤미안의 삶/성냥공장 소녀/아리엘/어둠은 걷히고/천국의 그림자/토탈 발라라이카 쇼/황혼의 빛총 11 편,,2011.04.19.화 ~ 05.01.일,,미부착,,개방 가능,공공누리 2~4유형,,,,O,,,,"저작권 보호되는 영화, 다수의 스틸컷",
460,한국영상자료원,HOME > 시네마테크KOFA > 프로그램 > 지난 프로그램,지난 프로그램,변신,변신총 1 편,,2011.04.23.토,,미부착,,개방 가능,공공누리 2~4유형,,,,O,O,,,스틸컷 1장,
461,한국영상자료원,HOME > 시네마테크KOFA > 프로그램 > 지난 프로그램,지난 프로그램,블루레이 특별전,그라인드 하우스/렛 미 인/스즈미야 하루히의 소실/싱글맨/판의 미로/허트 로커총 6 편,,2011.05.03.화 ~ 05.07.토,,미부착,,개방 가능,공공누리 2~4유형,,,,,O,,,모두 외국영화로 다수의 스틸컷 포함,
462,한국영상자료원,HOME > 시네마테크KOFA > 프로그램 > 지난 프로그램,지난 프로그램,5월 앵콜극장전,"기적의 오케스트라, 엘 시스테마/로큰롤 인생/몽골/사랑하고 싶은 시간/산타렐라 패밀리/세상의 모든 계절/아이 엠 러브/오슬로의 이상한 밤/우리 의사 선생님/울트라 미라클 러브 스토리/파리 36의 기적/피나 바우쉬의 댄싱 드림즈/환상의 그대총 13 편",,2011.05.05.목 ~ 05.19.목,,미부착,,개방 가능,공공누리 2~4유형,,,,,O,,,모두 외국영화로 다수의 스틸컷 포함,
463,한국영상자료원,HOME > 시네마테크KOFA > 프로그램 > 지난 프로그램,지난 프로그램,발굴! 미개봉 장편독립전,192-399: 더불어사는 집 이야기/나비맛 비스킷/러브 인 코리아/몽실언니/방독피/앞산전/좋은 배우총 7 편,,2011.05.08.일 ~ 05.15.일,,미부착,,개방 가능,공공누리 2~4유형,,,,,O,,,모두 외국영화로 다수의 스틸컷 포함,
464,한국영상자료원,HOME > 시네마테크KOFA > 프로그램 > 지난 프로그램,지난 프로그램,"발굴, 복원 그리고 초기영화로의 초대",고령가 소년 살인사건/공포분자/광녀/나는 트럭이다/남과 여/너와 헤어져(연주)/루이 푀이아드 1/루이 푀이아드 2/마지막 날의 언약/맨발의 눈길/머더/방범대원 용팔이/버림받은 자의 일기(연주)/비인간(연주)/사랑의 병실/삼룡이라 불러라/서울의 지붕밑/성냥팔이 소녀(연주)/수병의 일기/아틀란티스(연주)/악명/악인의 계곡/애정만세/약탈/엠/연연풍진/연화/연화(속)/왜?/우리에게 축배를/육군사관학교/음식남녀/이중의 사랑(연주)/자정의 사랑/죽엄의 상자/집행유예/테드 코넌트 컬렉션 1/테드 코넌트 컬렉션 2/폭력은 없다/하얀 수염/험프리 렌지 컬렉션: USIS 문화영화 1/험프리 렌지 컬렉션: USIS 문화영화 2/험프리 렌지 컬렉션: USIS 문화영화 3총 43 편,,2011.05.17.화 ~ 06.19.일,,미부착,,개방 가능,공공누리 2~4유형,,,,,O,,,"다수 스틸컷 포함, 외국영화는 모두 1963년 이전 영화",
465,한국영상자료원,HOME > 시네마테크KOFA > 프로그램 > 지난 프로그램,지난 프로그램,5월_독립영화 기획전,"[독립애니]가족의 달 특선, 내 곁에 있어 줘/하얀 정글총 2 편",,2011.05.19.목 ~ 05.21.토,,미부착,,개방 가능,공공누리 2~4유형,,,,,O,,,영화 포스터 및 스틸컷 1장,
466,한국영상자료원,HOME > 시네마테크KOFA > 프로그램 > 지난 프로그램,지난 프로그램,내 깡패같은 애인,내 깡패 같은 애인총 1 편,,2011.05.21.토,,미부착,,개방 가능,공공누리 2~4유형,,,,O,,,,"저작권 보호되는 영화, 다수의 스틸컷",
467,한국영상자료원,HOME > 시네마테크KOFA > 프로그램 > 지난 프로그램,지난 프로그램,뽕똘,뽕똘총 1 편,,2011.05.28.토,,미부착,,개방 가능,공공누리 2~4유형,,,,O,,,,"저작권 보호되는 영화, 다수의 스틸컷",
468,한국영상자료원,HOME > 시네마테크KOFA > 프로그램 > 지난 프로그램,지난 프로그램,이탈리안 네오 리얼리즘 특별전,가난한 연인들의 연대기/강박관념/무방비 도시/밀라노의 기적/아름다운 여인/아카토네/움베르토 D/흔들리는 대지총 8 편,,2011.06.07.화 ~ 06.19.일,,미부착,,개방 가능,공공누리 1유형,,,,,O,,,"모두 1963년 이전 작품, 외국영화, 저작권 보호기간 만료",
469,한국영상자료원,HOME > 시네마테크KOFA > 프로그램 > 지난 프로그램,지난 프로그램,시: 블루레이 출시 특별상영,시총 1 편,,2011.06.11.토,,미부착,,개방 가능,공공누리 2~4유형,,,,O,O,,,영화 감독 배우 촬영 사진,
470,한국영상자료원,HOME > 시네마테크KOFA > 프로그램 > 지난 프로그램,지난 프로그램,6월_독립영화 기획전,[독립다큐]레즈/[독립애니]전쟁과 평화총 2 편,,2011.06.16.목 ~ 06.18.토,,미부착,,개방 가능,공공누리 2~4유형,,,,,O,,,영화별 스틸컷 1장씩,
471,한국영상자료원,HOME > 시네마테크KOFA > 프로그램 > 지난 프로그램,지난 프로그램,"長短동시상영전, 그들의 시작을 만나다","125 전승철+무산일기/남매의 집+짐승의 끝/도둑소년+혜화,동/면도를 하다+레인보우/산책+바다쪽으로, 한 뼘 더/성관계는 없다+나는 곤경에 처했다!/아이들+파수꾼/야수와 동정의 밤+간증/전쟁영화+계몽영화/폴라로이드 작동법+조금만 더 가까이/프랑스 중위의 여자+장례식의 멤버/학교 다녀왔습니다+회오리 바람총 12 편",,2011.06.17.금 ~ 07.03.일,,미부착,,개방 가능,공공누리 2~4유형,,,,O,,,,"저작권 보호되는 영화, 다수의 스틸컷",
472,한국영상자료원,HOME > 시네마테크KOFA > 프로그램 > 지난 프로그램,지난 프로그램,좋지 아니한가,좋지 아니한가총 1 편,,2011.06.18.토,,미부착,,개방 가능,공공누리 2~4유형,,,,O,,,,"저작권 보호되는 영화, 다수의 스틸컷",
473,한국영상자료원,HOME > 시네마테크KOFA > 프로그램 > 지난 프로그램,지난 프로그램,휴일,휴일총 1 편,,2011.06.19.일,,미부착,,개방 가능,공공누리 2~4유형,,,,O,,,,"저작권 보호되는 영화, 다수의 스틸컷",
474,한국영상자료원,HOME > 시네마테크KOFA > 프로그램 > 지난 프로그램,지난 프로그램,망령의 기억,깊은밤 갑자기/마의 계단/망령의 곡/망령의 웨딩드레스/목없는 미녀/목없는 여살인마/살인나비를 쫓는 여자/살인마/여곡성/우주괴인 왕마귀/월하의 공동묘지(기생월향지묘)/이어도/충녀/하녀총 14 편,,2011.06.21.화 ~ 06.30.목,,미부착,,개방 가능,공공누리 2~4유형,,,,O,,,,"저작권 보호되는 영화, 다수의 스틸컷",
475,한국영상자료원,HOME > 시네마테크KOFA > 프로그램 > 지난 프로그램,지난 프로그램,故 김인문 추모상영,감자/수탉총 2 편,,2011.06.25.토,,미부착,,개방 가능,공공누리 2~4유형,,,,O,,,,"저작권 보호되는 영화, 다수의 스틸컷",
476,한국영상자료원,HOME > 시네마테크KOFA > 프로그램 > 지난 프로그램,지난 프로그램,아이들,아이들/엄마...총 2 편,,2011.06.25.토,,미부착,,개방 가능,공공누리 2~4유형,,,,O,,,,"저작권 보호되는 영화, 다수의 스틸컷",
477,한국영상자료원,HOME > 시네마테크KOFA > 프로그램 > 지난 프로그램,지난 프로그램,"3K, 3인의 일본거장전",괴담/기러기/꽃과 성난 파도/꽃피는 항구/꿈대로/나라야마 부시코/내 목숨을 걸고/내면의 굴레/동경방랑자/바람에 날리는 눈/봄날이여 안녕/사무라이 반란/스물네 개의 눈동자/오늘 또 오늘/위안부 이야기/육군/인간의 조건(1&#12539;2부)/인간의 조건(3&#12539;4부)/인간의 조건(5&#12539;6부)/일본의 비극/일본의 청춘/지고이네르바이젠/청춘일기/할복/향화/후에후키강총 26 편,,2011.07.01.금 ~ 07.20.수,,미부착,,개방 가능,공공누리 2~4유형,,,,O,O,,,"일부 1963년 이전 작, 일부 1964년 이후 작품",
478,한국영상자료원,HOME > 시네마테크KOFA > 프로그램 > 지난 프로그램,지난 프로그램,블루레이 특별전,달콤한 인생(디지털리마스터링)/반지의 제왕 - 반지원정대/악마를 보았다(해외판)총 3 편,,2011.07.09.토 ~ 07.24.일,,미부착,,개방 가능,공공누리 2~4유형,,,,O,,,,"저작권 보호되는 영화, 다수의 스틸컷",
479,한국영상자료원,HOME > 시네마테크KOFA > 프로그램 > 지난 프로그램,지난 프로그램,7월_독립영화 기획전,"[독립다큐]참여와 사회운동으로서의 다큐멘터리/[독립애니]안녕, 바다!/[쇼케이스]미국의 바람과 불총 3 편",,2011.07.14.목 ~ 07.22.금,,미부착,,개방 가능,공공누리 2~4유형,,,,,O,,,영화별 스틸컷 1장,
480,한국영상자료원,HOME > 시네마테크KOFA > 프로그램 > 지난 프로그램,지난 프로그램,인디 피크닉,인디 피크닉: 단편 1/인디 피크닉: 단편 2/인디 피크닉: 단편 3/인디 피크닉: 아이들/인디 피크닉: 오월애총 5 편,,2011.07.15.금 ~ 07.17.일,,미부착,,개방 가능,공공누리 2~4유형,,,,O,,,,"저작권 보호되는 영화, 다수의 스틸컷",
481,한국영상자료원,HOME > 시네마테크KOFA > 프로그램 > 지난 프로그램,지난 프로그램,잉마르 베리만 회고전,갈증/감옥/겨울 빛/고뇌/기다리는 여인들/기항지/늑대의 시간/마리오네트의 생/마술사/뱀의 알/사랑 수업/수치/위기/접촉/정열/침묵/톱밥과 금속조각총 17 편,,2011.07.21.목 ~ 08.03.수,,미부착,,개방 가능,공공누리 2~4유형,,,,O,O,,,"일부 1963년 이전 작, 일부 1964년 이후 작품",
482,한국영상자료원,HOME > 시네마테크KOFA > 프로그램 > 지난 프로그램,지난 프로그램,청계천 메들리,청계천 메들리총 1 편,,2011.07.23.토,,미부착,,개방 가능,공공누리 2~4유형,,,,,O,,,영화 포스터 1장,
483,한국영상자료원,HOME > 시네마테크KOFA > 프로그램 > 지난 프로그램,지난 프로그램,블루레이 특별전,고백/렛미인/아멜리에/안경/이터널 선샤인/카모메 식당/파이터/혐오스런 마츠코의 일생총 8 편,,2011.08.04.목 ~ 08.11.목,,미부착,,개방 가능,공공누리 2~4유형,,,,O,,,,"저작권 보호되는 영화, 다수의 스틸컷",
484,한국영상자료원,HOME > 시네마테크KOFA > 프로그램 > 지난 프로그램,지난 프로그램,"[앵콜]3K, 3인의 일본거장전",괴담/꽃피는 항구/나라야마 부시코/내 목숨을 걸고/바람에 날리는 눈/봄날이여 안녕/사무라이 반란/스물네 개의 눈동자/오늘 또 오늘/육군/인간의 조건(1&#12539;2부)/인간의 조건(3&#12539;4부)/인간의 조건(5&#12539;6부)/일본의 비극/일본의 청춘/할복/향화/후에후키강총 18 편,,2011.08.12.금 ~ 08.19.금,,미부착,,개방 가능,공공누리 2~4유형,,,,O,O,,,"일부 1963년 이전 작, 일부 1964년 이후 작품",
485,한국영상자료원,HOME > 시네마테크KOFA > 프로그램 > 지난 프로그램,지난 프로그램,바보들의 행진,바보들의 행진총 1 편,,2011.08.13.토,,미부착,,개방 가능,공공누리 2~4유형,,,,O,,,,"저작권 보호되는 영화, 다수의 스틸컷",
486,한국영상자료원,HOME > 시네마테크KOFA > 프로그램 > 지난 프로그램,지난 프로그램,8월_독립영화 기획전,[독립다큐]일상에서 현실의 깊이를 찾는 감독/[독립애니]한여름밤의 꿈/[쇼케이스]평범한 날들총 3 편,,2011.08.18.목 ~ 08.26.금,,미부착,,개방 가능,공공누리 2~4유형,,,,O,,,,"저작권 보호되는 영화, 다수의 스틸컷",
487,한국영상자료원,HOME > 시네마테크KOFA > 프로그램 > 지난 프로그램,지난 프로그램,樂 & DOCU,"U2 래틀 앤 험/글래스톤베리/나는 나비/나비맛 비스킷/다큐멘터리 한대수/돌아보지 마라/라스트 왈츠/락큰롤에 있어 중요한 것 세가지/몬트레이 팝/반드시 크게 들을 것/소규모 아카시아 밴드 이야기/어 배러 투모로우 온 더 스트리트/온더로드, 투/왠 유어 스트레인지/우드스탁:사랑과 평화의 3일/웨이 홈/인 더 콜드 콜드 나잇/좋아서 만든 영화총 18 편",,2011.08.19.금 ~ 09.02.금,,미부착,,개방 가능,공공누리 2~4유형,,,,O,,,,"저작권 보호되는 영화, 다수의 스틸컷",
488,한국영상자료원,HOME > 시네마테크KOFA > 프로그램 > 지난 프로그램,지난 프로그램,김복남 살인사건의 전말,김복남 살인사건의 전말총 1 편,,2011.08.20.토,,미부착,,개방 가능,공공누리 2~4유형,,,,O,,,,"저작권 보호되는 영화, 다수의 스틸컷",
489,한국영상자료원,HOME > 시네마테크KOFA > 프로그램 > 지난 프로그램,지난 프로그램,키노망고스틴 동시상영전,에일리언 비키니/이웃집 좀비총 2 편,,2011.08.24.수,,미부착,,개방 가능,공공누리 2~4유형,,,,O,,,,"저작권 보호되는 영화, 다수의 스틸컷",
490,한국영상자료원,HOME > 시네마테크KOFA > 프로그램 > 지난 프로그램,지난 프로그램,김조광수 감독선,[해피투게더 독립영화]김조광수 감독선총 1 편,,2011.08.27.토,,미부착,,개방 가능,공공누리 2~4유형,,,,O,,,,"저작권 보호되는 영화, 다수의 스틸컷",
491,한국영상자료원,HOME > 시네마테크KOFA > 프로그램 > 지난 프로그램,지난 프로그램,연인들 Les amants,라탈랑트/사형대의 엘리베이터/소년 소녀를 만나다/연인들/평범한 연인들/퐁네프의 연인들/히로시마 내 사랑총 7 편,,2011.09.03.토 ~ 09.14.수,,미부착,,개방 가능,공공누리 2~4유형,,,,O,,,,"저작권 보호되는 영화, 다수의 스틸컷",
492,한국영상자료원,HOME > 시네마테크KOFA > 프로그램 > 지난 프로그램,지난 프로그램,정창화 감독 회고전,7인의 협객/나그네 검객 황금 108관/노다지/래여풍/사르빈 강에 노을이 진다/아랑곡의 혈투/예라이샹/위험한 청춘/장희빈/죽음의 다섯 손가락/천면마녀/황혼의 검객총 12 편,,2011.09.15.목 ~ 09.22.목,,미부착,,개방 가능,공공누리 2~4유형,,,,O,,,,"저작권 보호되는 영화, 다수의 스틸컷",
493,한국영상자료원,HOME > 시네마테크KOFA > 프로그램 > 지난 프로그램,지난 프로그램,9월_독립영화 기획전,[독립다큐]여성들에게 보내는 추석 선물/[독립애니]인디애니페스트 역대 관객상 작품 모음/[쇼케이스]방독피총 3 편,,2011.09.16.금 ~ 09.30.금,,미부착,,개방 가능,공공누리 2~4유형,,,,O,,,,"저작권 보호되는 영화, 다수의 스틸컷",
494,한국영상자료원,HOME > 시네마테크KOFA > 프로그램 > 지난 프로그램,지난 프로그램,이강현 감독 작품,보라/파산의 기술총 2 편,,2011.09.17.토,,미부착,,개방 가능,공공누리 2~4유형,,,,O,,,,"저작권 보호되는 영화, 다수의 스틸컷",
495,한국영상자료원,HOME > 시네마테크KOFA > 프로그램 > 지난 프로그램,지난 프로그램,"가문의 영광: 김해송, 이난영 그리고 김시스터즈","그대와 나 / 이 강산 낙화유수/김시스터즈 + 미미시스터즈(상영,공연)/김시스터즈 영상모음/노래하는 세 자매/라듸오 데이즈/박쥐/전우치/청춘쌍곡선/태극기 휘날리며/해피엔드총 10 편",,2011.09.23.금 ~ 09.30.금,,미부착,,개방 가능,공공누리 2~4유형,,,,O,,,,"저작권 보호되는 영화, 다수의 스틸컷",
496,한국영상자료원,HOME > 시네마테크KOFA > 프로그램 > 지난 프로그램,지난 프로그램,E.T. 특별상영,이티총 1 편,,2011.09.30.금,,미부착,,개방 가능,공공누리 2~4유형,,,,O,,,,"저작권 보호되는 영화, 다수의 스틸컷",
497,한국영상자료원,HOME > 시네마테크KOFA > 프로그램 > 지난 프로그램,지난 프로그램,DMC 컬처 오픈 - DMC 영화제,완득이/푸른 소금총 2 편,,2011.09.30.금 ~ 10.01.토,,미부착,,개방 가능,공공누리 1유형,,,O,,,,,단순 정보,
498,한국영상자료원,HOME > 시네마테크KOFA > 프로그램 > 지난 프로그램,지난 프로그램,10월 특별상영,벤허/아이다호/안경/카모메 식당총 4 편,,2011.10.01.토 ~ 10.30.일,,미부착,,개방 가능,공공누리 2~4유형,,,,,O,,,"벤허(1959) 나머지 1963년 이후 영화,다수의 스틸컷",
499,한국영상자료원,HOME > 시네마테크KOFA > 프로그램 > 지난 프로그램,지난 프로그램,여름의 그림자,구니스/네 번째 남자/사하라/성스러운 피/슬픈 로라/이어 오브 드래곤총 6 편,,2011.10.02.일 ~ 10.06.목,,미부착,,개방 가능,공공누리 2~4유형,,,,O,,,,"저작권 보호되는 영화, 다수의 스틸컷",
500,한국영상자료원,HOME > 시네마테크KOFA > 프로그램 > 지난 프로그램,지난 프로그램,인디포럼 2011 앵콜전,단편1/단편2/단편3/미국의 바람과 불/피로총 5 편,,2011.10.02.일 ~ 10.07.금,,미부착,,개방 가능,공공누리 2~4유형,,,,,O,,,영화별 스틸컷 1장,
501,한국영상자료원,HOME > 시네마테크KOFA > 프로그램 > 지난 프로그램,지난 프로그램,걸작의 재발견,개그맨/게임의 법칙/공사공공 일구오공/내가 버린 여자/달마가 동쪽으로 간 까닭은?/둘째 어머니/말띠신부/명자 아끼꼬 쏘냐/바보선언/벽속의 여자/별들의 고향/병태와 영자/비무장지대/야행/여자는 남자의 미래다/왕십리/장군의 수염/지구를 지켜라!/충녀/플란다스의 개/흐르는 강물을 어찌 막으랴총 21 편,,2011.10.07.금 ~ 10.23.일,,미부착,,개방 가능,공공누리 2~4유형,,,,O,,,,"저작권 보호되는 영화, 다수의 스틸컷",
502,한국영상자료원,HOME > 시네마테크KOFA > 프로그램 > 지난 프로그램,지난 프로그램,10월_독립영화 기획전,[독립다큐]작별/[독립애니]인디애니페스트 2011 수상작총 2 편,,2011.10.15.토 ~ 10.20.목,,미부착,,개방 가능,공공누리 2~4유형,,,,O,,,,"저작권 보호되는 영화, 다수의 스틸컷",
503,한국영상자료원,HOME > 시네마테크KOFA > 프로그램 > 지난 프로그램,지난 프로그램,아웃사이더,깨어진 거울 속의 여인들/아웃사이더/커튼 클럽총 3 편,,2011.10.25.화 ~ 10.27.목,,미부착,,개방 가능,공공누리 2~4유형,,,,O,,,,"저작권 보호되는 영화, 다수의 스틸컷",
504,한국영상자료원,HOME > 시네마테크KOFA > 프로그램 > 지난 프로그램,지난 프로그램,배리어프리영화 심포지엄,배리어프리 영화 심포지엄/블라인드/술이 깨면 집에가자총 3 편,,2011.10.28.금 ~ 10.31.월,,미부착,,개방 가능,공공누리 2~4유형,,,,O,,,,"저작권 보호되는 영화, 다수의 스틸컷",
505,한국영상자료원,HOME > 시네마테크KOFA > 프로그램 > 지난 프로그램,지난 프로그램,야만의 무기,야만의 무기총 1 편,,2011.10.29.토,,미부착,,개방 가능,공공누리 1유형,,,,,O,,,단순 정보,
506,한국영상자료원,HOME > 시네마테크KOFA > 프로그램 > 지난 프로그램,지난 프로그램,여배우 열전,감자/갯마을/겨울여자/경마장 가는길/귀로/그 여자의 일생/그 해 겨울은 따뜻했네/김약국의 딸들/또순이/로맨스그레이/맨발의 청춘/무녀도/미몽/바람불어 좋은날/바보들의 행진/반도의 봄/법창을 울린 옥이/별들의 고향/봄봄/비오는 날의 오후3시/애마부인/어둠의 자식들/여사장/여인잔혹사 물레야 물레야/열녀문/운명의 손/웃음소리/원점/육체의 고백/육체의 문/이쁜이/젯트부인/조선해협/죽음보다 깊은 잠/지옥화/천년호/축제/티켓/표류도/한네의 승천/혈맥/화산댁총 42 편,,2011.11.01.화 ~ 11.30.수,,미부착,,개방 가능,공공누리 2~4유형,,,,O,,,,"저작권 보호되는 영화, 다수의 스틸컷",
507,한국영상자료원,HOME > 시네마테크KOFA > 프로그램 > 지난 프로그램,지난 프로그램,마스터클래스의 산책,마스터클래스의 산책총 1 편,,2011.11.03.목,,미부착,,개방 가능,공공누리 1유형,,,O,,,,,단순 정보,
508,한국영상자료원,HOME > 시네마테크KOFA > 프로그램 > 지난 프로그램,지난 프로그램,11월_독립영화 기획전,[독립다큐]인간의 시간/[쇼케이스]검은 갈매기총 2 편,,2011.11.17.목,,미부착,,개방 가능,공공누리 2~4유형,,,,O,,,,"저작권 보호되는 영화, 다수의 스틸컷",
509,한국영상자료원,HOME > 시네마테크KOFA > 프로그램 > 지난 프로그램,지난 프로그램,무간도 트릴로지,무간도/무간도 2 혼돈의 시대/무간도 3 종극무간총 3 편,,2011.11.20.일,,미부착,,개방 가능,공공누리 2~4유형,,,,O,,,,"저작권 보호되는 영화, 다수의 스틸컷",
510,한국영상자료원,HOME > 시네마테크KOFA > 프로그램 > 지난 프로그램,지난 프로그램,해외 다큐멘터리 특별전,그녀 이름은 베트남/몬트레이 팝/산리츠카: 헤타마을/일본 후루야시키 마을/잔스카로부터의 여정/후프 드림스총 6 편,,2011.11.22.화 ~ 11.30.수,,미부착,,개방 가능,공공누리 2~4유형,,,,O,,,,"저작권 보호되는 영화, 다수의 스틸컷",
511,한국영상자료원,HOME > 시네마테크KOFA > 프로그램 > 지난 프로그램,지난 프로그램,11월_블루레이 특별전,빌리 엘리어트/소스 코드총 2 편,,2011.11.27.일,,미부착,,개방 가능,공공누리 2~4유형,,,,O,,,,"저작권 보호되는 영화, 다수의 스틸컷",
512,한국영상자료원,HOME > 시네마테크KOFA > 프로그램 > 지난 프로그램,지난 프로그램,오카모토 기하치 감독전,격동의 쇼와사 오키나와 결전/결혼의 모든것/대보살고개/대유괴/독립우연대/독립우연대 서쪽에/보스의 죽음/복수/블루 크리스마스/사무라이/살인광시대/스가타산지로/시궁쥐 작전/아아폭탄/암흑가의 대결/암흑가의 보스/암흑가의 탄흔/어느날 나는/에부리만씨의 우아한 생활/육탄/일본의 가장긴 하루/자토이치와 요짐보/적모/전국 닌자/지옥의 향연/킬/피와 모래총 27 편,,2011.12.01.목 ~ 12.31.토,,미부착,,개방 가능,공공누리 2~4유형,,,,O,O,,,"일부 1963년 이전 작, 일부 1964년 이후 작품",
513,한국영상자료원,HOME > 시네마테크KOFA > 프로그램 > 지난 프로그램,지난 프로그램,"하늘 아래 방 한 칸, 달동네 사람들 이야기",1번가의 기적/귀여워/꼬방동네 사람들/난장이가 쏘아올린 작은공/내 깡패 같은 애인/바람불어 좋은날/박서방/어둠의 자식들/오발탄/우묵배미의 사랑/초록물고기/해적 디스코왕 되다/혈맥총 13 편,,2012.01.03.화 ~ 01.15.일,,미부착,,개방 가능,공공누리 2~4유형,,,,O,,,,"저작권 보호되는 영화, 다수의 스틸컷",
514,한국영상자료원,HOME > 시네마테크KOFA > 프로그램 > 지난 프로그램,지난 프로그램,1월_특별전,가족의 탄생/밤과 낮/옥희의 영화/의형제/잘 알지도 못하면서/지옥: 두개의 삶/추격자/춘향뎐/취화선/파산의 기술총 10 편,,2012.01.17.화 ~ 02.04.토,,미부착,,개방 가능,공공누리 2~4유형,,,,O,,,,"저작권 보호되는 영화, 다수의 스틸컷",
515,한국영상자료원,HOME > 시네마테크KOFA > 프로그램 > 지난 프로그램,지난 프로그램,시네마테크KOFA가 주목한 2011년 한국영화,고지전/달빛 길어올리기/돼지의 왕/두만강/만추/무산일기/보라/북촌방향/카페 느와르/파수꾼/황해총 11 편,,2012.01.17.화 ~ 02.05.일,,미부착,,개방 가능,공공누리 2~4유형,,,,O,,,,"저작권 보호되는 영화, 다수의 스틸컷",
516,한국영상자료원,HOME > 시네마테크KOFA > 프로그램 > 지난 프로그램,지난 프로그램,1월_독립영화 기획전,어머니총 1 편,,2012.01.27.금,,미부착,,개방 가능,공공누리 2~4유형,,,,O,,,,"저작권 보호되는 영화, 다수의 스틸컷",
517,한국영상자료원,HOME > 시네마테크KOFA > 프로그램 > 지난 프로그램,지난 프로그램,2월_독립영화 기획전,[쇼케이스]레드마리아/[쇼케이스]하나안총 2 편,,2012.02.02.목,,미부착,,개방 가능,공공누리 2~4유형,,,,O,,,,"저작권 보호되는 영화, 다수의 스틸컷",
518,한국영상자료원,HOME > 시네마테크KOFA > 프로그램 > 지난 프로그램,지난 프로그램,일본거장 탄생100주년 회고전-신도 가네토/야마모토 사쓰오,[동시상영]마부/[동시상영]이조괴담/게이샤의 삶/겐지 이야기/금환식/닌자/닌자2/도랑/모란등롱/묵동기담/벌거벗은 섬/사쿠라부대 지다/살고싶어/삼류 배우/상처투성이 산하/수레의 노래/어머니/여자의 고갯길/오니바바/오후의 유언장/올빼미/원폭의 아이/추락하는 청춘/치쿠잔의 여행/폭력의 거리/하얀거탑/한 장의 엽서총 27 편,,2012.02.07.화 ~ 02.26.일,,미부착,,개방 가능,공공누리 2~4유형,,,,O,O,,,"일부 1963년 이전 작, 일부 1964년 이후 작품",
519,한국영상자료원,HOME > 시네마테크KOFA > 프로그램 > 지난 프로그램,지난 프로그램,올드 랭 사인 + REC,올드 랭 사인 + REC총 1 편,,2012.02.25.토,,미부착,,개방 가능,공공누리 2~4유형,,,,O,,,,"저작권 보호되는 영화, 다수의 스틸컷",
520,한국영상자료원,HOME > 시네마테크KOFA > 프로그램 > 지난 프로그램,지난 프로그램,할리우드 고전 걸작선,나의 계곡은 푸르렀다/분노의 포도/사냥꾼의 밤/신사는 금발을 좋아해/실물보다 큰총 5 편,,2012.02.28.화 ~ 03.02.금,,미부착,,개방 가능,공공누리 2~4유형,,,,O,O,,,모두 1963년 이전 작품,
521,한국영상자료원,HOME > 시네마테크KOFA > 프로그램 > 지난 프로그램,지난 프로그램,옛날 옛적에... Once upon a Time...,눈먼 자들의 도시/더 폴: 오디어스와 환상의 문/데드맨/비지터/음양사/이터널 선샤인/천사와 사랑을/페이지 마스터총 8 편,,2012.03.02.금 ~ 03.14.수,,미부착,,개방 가능,공공누리 2~4유형,,,,O,,,,"저작권 보호되는 영화, 다수의 스틸컷",
522,한국영상자료원,HOME > 시네마테크KOFA > 프로그램 > 지난 프로그램,지난 프로그램,청춘의 십자로 변사공연,청춘의 십자로 (변사공연)총 1 편,,2012.03.07.수 ~ 03.08.목,,미부착,,개방 가능,공공누리 2~4유형,,,,O,,,,"저작권 보호되는 영화, 다수의 스틸컷",
523,한국영상자료원,HOME > 시네마테크KOFA > 프로그램 > 지난 프로그램,지난 프로그램,"봄 & 고양이, 고양이를 부탁해","개와 고양이/고양이 단편선/고양이 춤/고양이를 부탁해/구구는 고양이다/나는 고양이 스토커/마리이야기/미안해,고마워/장화신은 고양이/장화신은 고양이 - 80일간의 세계일주/장화신은 고양이 - 삼총사총 11 편",,2012.03.09.금 ~ 03.25.일,,미부착,,개방 가능,공공누리 2~4유형,,,,O,,,,"저작권 보호되는 영화, 다수의 스틸컷",
524,한국영상자료원,HOME > 시네마테크KOFA > 프로그램 > 지난 프로그램,지난 프로그램,페스티발,페스티발총 1 편,,2012.03.10.토,,미부착,,개방 가능,공공누리 2~4유형,,,,O,,,,"저작권 보호되는 영화, 다수의 스틸컷",
525,한국영상자료원,HOME > 시네마테크KOFA > 프로그램 > 지난 프로그램,지난 프로그램,길소뜸,길소뜸총 1 편,,2012.03.11.일,,미부착,,개방 가능,공공누리 2~4유형,,,,O,,,,"저작권 보호되는 영화, 다수의 스틸컷",
526,한국영상자료원,HOME > 시네마테크KOFA > 프로그램 > 지난 프로그램,지난 프로그램,3월_클래식 릴레이 한국영화(발굴된 과거),군용열차/망루의 결사대/미몽/반도의 봄/어화/조선해협/지원병/집없는 천사총 8 편,,2012.03.13.화 ~ 03.23.금,,미부착,,개방 가능,공공누리 2~4유형,,,,O,O,,,모두 1963년 이전 작품,
527,한국영상자료원,HOME > 시네마테크KOFA > 프로그램 > 지난 프로그램,지난 프로그램,모든 것은 아름답다: All things are Bright & Beautiful,"내 책상위의 천사/빌 더글러스 삼부작: 나의 어린 시절, 나의 가족, 집으로 가는 길/세여인/젊은 퇴를레스/쥐잡이/테렌스 데이비스 삼부작: 아이들, 마돈나와 아이, 죽음과 변모/행잉록에서의 소풍/황무지총 8 편",,2012.03.24.토 ~ 07.07.토,,미부착,,개방 가능,공공누리 2~4유형,,,,,O,,,영화별 스틸컷 1장,
528,한국영상자료원,HOME > 시네마테크KOFA > 프로그램 > 지난 프로그램,지난 프로그램,프랑스 영화 특별전 - 마르그리트 뒤라스Marguerite Duras,"대서양의 남자/아가타와 끝없는 독서/인디아 송/파괴하라, 그녀는 말한다총 4 편",,2012.03.27.화 ~ 04.01.일,,미부착,,개방 가능,공공누리 2~4유형,,,,O,,,,"저작권 보호되는 영화, 다수의 스틸컷",
529,한국영상자료원,HOME > 시네마테크KOFA > 프로그램 > 지난 프로그램,지난 프로그램,소시민 생활보고서 - 1960,골목안 풍경/공처가 삼대/돼지꿈/또순이/로맨스그레이/로맨스빠빠/마포사는 황부자/삼등과장/서울의 지붕밑/약혼녀/언니는 말괄량이/월급쟁이/젯트부인총 13 편,,2012.03.27.화 ~ 04.15.일,,미부착,,개방 가능,공공누리 2~4유형,,,,O,,,,"저작권 보호되는 영화, 다수의 스틸컷",
530,한국영상자료원,HOME > 시네마테크KOFA > 프로그램 > 지난 프로그램,지난 프로그램,다슬이,다슬이총 1 편,,2012.03.31.토,,미부착,,개방 가능,공공누리 2~4유형,,,,O,,,,"저작권 보호되는 영화, 다수의 스틸컷",
531,한국영상자료원,HOME > 시네마테크KOFA > 프로그램 > 지난 프로그램,지난 프로그램,니콜라스 로그 감독전 : Nicolas Roeg - Sensual Obsession,배드 타이밍/워커바웃/유레카/지구에 떨어진 사나이/쳐다보지 마라/퍼포먼스/표류총 7 편,,2012.04.03.화 ~ 04.15.일,,미부착,,개방 가능,공공누리 2~4유형,,,,,O,,,"영화포스터, 스틸컷 1장",
532,한국영상자료원,HOME > 시네마테크KOFA > 프로그램 > 지난 프로그램,지난 프로그램,우묵배미의 사랑,우묵배미의 사랑총 1 편,,2012.04.08.일,,미부착,,개방 가능,공공누리 2~4유형,,,,O,,,,"저작권 보호되는 영화, 다수의 스틸컷",
533,한국영상자료원,HOME > 시네마테크KOFA > 프로그램 > 지난 프로그램,지난 프로그램,모비딕,모비딕총 1 편,,2012.04.15.일,,미부착,,개방 가능,공공누리 2~4유형,,,,O,,,,"저작권 보호되는 영화, 다수의 스틸컷",
534,한국영상자료원,HOME > 시네마테크KOFA > 프로그램 > 지난 프로그램,지난 프로그램,"영화, 만화를 만나다",48+1/그대를 사랑합니다/다세포 소녀/돈아돈아돈아/미녀는 괴로워/바람의 파이터/비천무/비트/식객: 김치전쟁/영심이/올드보이/이끼/이장호의 외인구단/지옥의 링/카멜레온의 시/타짜/테러리스트총 17 편,,2012.04.17.화 ~ 05.03.목,,미부착,,개방 가능,공공누리 2~4유형,,,,O,,,,"저작권 보호되는 영화, 다수의 스틸컷",
535,한국영상자료원,HOME > 시네마테크KOFA > 프로그램 > 지난 프로그램,지난 프로그램,4월_독립영화 기획전,[독립다큐]아무도 꾸지 않은 꿈총 1 편,,2012.04.18.수,,미부착,,개방 가능,공공누리 2~4유형,,,,,O,,,"영화 1편, 스틸컷 1장",
536,한국영상자료원,HOME > 시네마테크KOFA > 프로그램 > 지난 프로그램,지난 프로그램,[여성영화제]동아시아 회고전,길 고양이: 폭주 여보스/싸우는 사자들/여장군 화뮬란 + 포럼/특별수사본부 기생 김소산/팔도 가시나이/홍콩서 온 마담장총 6 편,,2012.04.20.금 ~ 04.25.수,,미부착,,개방 가능,공공누리 2~4유형,,,,O,O,,,"싸우는 사자들(1962, 로그인 VOD서비스), 나머지 1963년 이후 영화",
537,한국영상자료원,HOME > 시네마테크KOFA > 프로그램 > 지난 프로그램,지난 프로그램,이우정 감독 단편선,이우정 감독 단편선총 1 편,,2012.04.21.토,,미부착,,개방 가능,공공누리 2~4유형,,,,O,O,,,스틸컷 1장 ,
538,한국영상자료원,HOME > 시네마테크KOFA > 프로그램 > 지난 프로그램,지난 프로그램,4월_블루레이 특별전,J. 에드가/블랙북/세가지 색: 레드/세가지 색: 블루/세가지 색: 화이트/타인의 삶총 6 편,,2012.04.21.토 ~ 04.29.일,,미부착,,개방 가능,공공누리 2~4유형,,,,O,,,,"저작권 보호되는 영화, 다수의 스틸컷",
539,한국영상자료원,HOME > 시네마테크KOFA > 프로그램 > 지난 프로그램,지난 프로그램,수교20주년 기념 남아공 영화제,레트리뷰션/스킨총 2 편,,2012.04.25.수 ~ 04.26.목,,미부착,,개방 가능,공공누리 2~4유형,,,,,O,,,영화별 스틸컷 1장,
540,한국영상자료원,HOME > 시네마테크KOFA > 프로그램 > 지난 프로그램,지난 프로그램,상영중: 오토히스토리아 라야 마틴 특별전,[특별상영]청계천 메들리/다음 상영작/라야 마틴 단편(휴가 등 4편)/상영중/아르스 콜로니아 + 마닐라/오토히스토리아/인디펜던시아/필리핀 군도에서의 복싱 + 부에나스 노체스 에스파냐/필리핀 인디오에 관한 짧은 필름총 9 편,,2012.05.03.목 ~ 05.10.목,,미부착,,개방 가능,공공누리 2~4유형,,,,O,O,,,영화별 스틸컷 1장,
541,한국영상자료원,HOME > 시네마테크KOFA > 프로그램 > 지난 프로그램,지난 프로그램,덴마크 영화 특별상영전,게르트루드/멜랑콜리아/분노의 날/오데트/인 어 베터 월드총 5 편,,2012.05.10.목 ~ 05.15.화,,미부착,,개방 가능,공공누리 2~4유형,,,,O,,,,"저작권 보호되는 영화, 다수의 스틸컷",
542,한국영상자료원,HOME > 시네마테크KOFA > 프로그램 > 지난 프로그램,지난 프로그램,"발굴, 복원 그리고 초기영화로의 초대",7인의 협객/가녀의 각서/개같은 날의 오후/개벽/고래사냥/나의 사랑 나의 신부/머리 장식핀/바람부는 날이면 압구정동에 가야한다/바람불어 좋은날/사녀/설국/소띠아저씨/수색대/순교자/순응자/스타 플레이어/아름다운 청년 전태일/아리가토 상/암살지령/여로(속)/여인극장/왕십리/위험은 가득히/일요일의 손님들/잔인한 힘/저 높은 곳을 향하여/족보/짝코/첫사랑/청녀/청춘 25시/카사블랑카/쾌걸 흑두건/택시 드라이버/풍운의 고아 (연주상영)/항구의 일본소녀들 (연주상영)/화녀/황혼/흑녀/흑룡강/흩어진 꽃잎 (연주상영)총 41 편,,2012.05.10.목 ~ 06.03.일,,미부착,,개방 가능,공공누리 2~4유형,,,,O,O,,,"항구의 일본소녀들(1933),흩어진 꽃잎(1919),쾌걸흑두건(1962),카사블랑카(1942),잔인한 힘(1947),풍운의 고아(1921),가녀의각서(1941),머리장식핀(1941),스타플레이어(1937),아리가토상(1936),나머지는 1963년 이후 영화",
543,한국영상자료원,HOME > 시네마테크KOFA > 프로그램 > 지난 프로그램,지난 프로그램,5월_독립영화 기획전,[독립다큐]공항으로 가고있다 + 조울 그리고 춤추다/[독립애니]피크닉 데이(단편 모음)/[솔까말 릴레이 수다]피로총 3 편,,2012.05.16.수 ~ 05.20.일,,미부착,,개방 가능,공공누리 2~4유형,,,,O,O,,,영화별 이미지 1개씩,
544,한국영상자료원,HOME > 시네마테크KOFA > 프로그램 > 지난 프로그램,지난 프로그램,"베르너 헤어조크 감독전 - 절대, 숭고, 그리고 진실","거친 창공 너머/나는 나의 영화다- 헤어조크의 초상화 2/나의 친애하는 적/난쟁이도 작게 시작했다/디에터는 날아야 한다/마지막 말 + 하우 머치 우드 우드 어 우드척 척/베르너 헤어조크-필름메이커 + 나는 나의 영화다- 헤어조크의 초상화 1/보다비-신의 목동 + 라 수프리에르/보이체크/사인즈 오브 라이프/스트로첵/시간의 바퀴/심연으로부터의 종소리/아귀레, 신의 분노/음울한 제국으로부터의 메아리/잊혀진 꿈의 동굴/조각가 슈타이너의 황홀경 + 가셔브룸- 빛나는 산/침묵과 어둠의 땅/파타 모르가나 + 어둠의 교훈/피츠카랄도/하얀 다이아몬드/헤라클레스 등 4편/휴이의 설교 + 신의 성난 남자/희망의 날개 + 게수알도총 24 편",,2012.05.31.목 ~ 06.17.일,,미부착,,개방 가능,공공누리 2~4유형,,,,,O,,,영화별 스틸컷 1장씩,
545,한국영상자료원,HOME > 시네마테크KOFA > 프로그램 > 지난 프로그램,지난 프로그램,후회해도 소용없어 + 사랑의 확신,후회해도 소용없어 + 사랑의 확신총 1 편,,2012.06.02.토,,미부착,,개방 가능,공공누리 2~4유형,,,,O,O,,,스틸컷 1장,
546,한국영상자료원,HOME > 시네마테크KOFA > 프로그램 > 지난 프로그램,지난 프로그램,안개,안개총 1 편,,2012.06.09.토,,미부착,,개방 가능,공공누리 2~4유형,,,,O,,,,"저작권 보호되는 영화, 다수의 스틸컷",
547,한국영상자료원,HOME > 시네마테크KOFA > 프로그램 > 지난 프로그램,지난 프로그램,신도 가네토 추모 특별전,겡카 엘레지/동이 뜨기 전에/벌거벗은 섬/오니바바/원폭의 아이/추락하는 청춘/한 장의 엽서총 7 편,,2012.06.15.금 ~ 06.21.목,,미부착,,개방 가능,공공누리 2~4유형,,,,,O,,,"원폭의 아이들(1952),벌거벗은 섬91960), 동이뜨기전에(1953), 나머지는 1963년 이후 영화, 영화별 스틸컷 1장씩",
548,한국영상자료원,HOME > 시네마테크KOFA > 프로그램 > 지난 프로그램,지난 프로그램,6월_독립영화 기획전,[독립다큐]버스를 타라/[독립애니]소년의 눈물(단편 모음)/[솔까말릴레이수다]경복/[쇼케이스]레즈총 4 편,,2012.06.16.토 ~ 06.28.목,,미부착,,개방 가능,공공누리 2~4유형,,,,O,,,,"저작권 보호되는 영화, 다수의 스틸컷",
549,한국영상자료원,HOME > 시네마테크KOFA > 프로그램 > 지난 프로그램,지난 프로그램,그 해 여름,개같은 날의 오후/그 여름 가장 조용한 바다/그 해 여름/극락도 살인사건/김씨표류기/더티 댄싱/미필적 고의에 의한 여름휴가/보리울의 여름/블루 라군/워터보이즈/이어도/태양 닮은 소녀/테이킹 우드스탁/해변의 여인총 14 편,,2012.06.19.화 ~ 07.03.화,,미부착,,개방 가능,공공누리 2~4유형,,,,O,,,,"저작권 보호되는 영화, 다수의 스틸컷",
550,한국영상자료원,HOME > 시네마테크KOFA > 프로그램 > 지난 프로그램,지난 프로그램,6월_블루레이 특별전,내 남자의 아내도 좋아/라 비 앙 로즈/무협/잠수종과 나비총 4 편,,2012.06.22.금 ~ 06.24.일,,미부착,,개방 가능,공공누리 2~4유형,,,,,O,,,모두 외국영화로 다수의 스틸컷 포함,
551,한국영상자료원,HOME > 시네마테크KOFA > 프로그램 > 지난 프로그램,지난 프로그램,카운트다운,카운트다운총 1 편,,2012.06.23.토,,미부착,,개방 가능,공공누리 2~4유형,,,,O,,,,"저작권 보호되는 영화, 다수의 스틸컷",
552,한국영상자료원,HOME > 시네마테크KOFA > 프로그램 > 지난 프로그램,지난 프로그램,김지현 감독 특별전,경주여행 등 4편/뽀삐 + 요시미티와 나/집으로 가는 길 + 앞산전총 3 편,,2012.06.29.금 ~ 07.01.일,,미부착,,개방 가능,공공누리 2~4유형,,,,O,,,,"저작권 보호되는 영화, 다수의 스틸컷",
553,한국영상자료원,HOME > 시네마테크KOFA > 프로그램 > 지난 프로그램,지난 프로그램,7월_클래식 릴레이 한국영화,꿈/마음의 고향/운명의 손/자유만세/피아골총 5 편,,2012.07.04.수 ~ 07.10.화,,미부착,,개방 가능,공공누리 2~4유형,,,,O,O,,,모두 1963년 이전 작품,
554,한국영상자료원,HOME > 시네마테크KOFA > 프로그램 > 지난 프로그램,지난 프로그램,"초기 영화, 그 마술적 시간",꿈꾸는 것처럼 잠들고 싶다/반도의 봄/사랑은 비를 타고/서양경/선셋 대로/아주 특별한 여행 + 달세계 여행/아티스트/재즈 싱어/탑햇/휴고/휴고(3D)총 11 편,,2012.07.04.수 ~ 07.15.일,,미부착,,개방 가능,공공누리 2~4유형,,,,O,,,,"저작권 보호되는 영화, 다수의 스틸컷",
555,한국영상자료원,HOME > 시네마테크KOFA > 프로그램 > 지난 프로그램,지난 프로그램,나는 나 - 제1회 마포여성영화제,간지들의 하루/나나나: 여배우 민낯 프로젝트/레드마리아/밍크코트/아무도 꾸지 않은 꿈/어머니/여성 단편 애니메이션/왕자가 된 소녀들총 8 편,,2012.07.05.목 ~ 07.07.토,,미부착,,개방 가능,공공누리 2~4유형,,,,O,,,,"저작권 보호되는 영화, 다수의 스틸컷",
556,한국영상자료원,HOME > 시네마테크KOFA > 프로그램 > 지난 프로그램,지난 프로그램,7월_독립영화 기획전,"[독립다큐]새로운 학교/[독립애니]우리 집은 어디에(단편선)/[솔까말릴레이수다]신이수 감독 단편선/[인디피크닉]단편1: 두근두근 내 인생/[인디피크닉]단편2: 깊은 밤을 날아서/[인디피크닉]단편3: 도시, 사람, 풍경/[인디피크닉]로맨스 조/[인디피크닉]줄탁동시총 8 편",,2012.07.13.금 ~ 07.22.일,,미부착,,개방 가능,공공누리 2~4유형,,,,O,,,,"저작권 보호되는 영화, 다수의 스틸컷",
557,한국영상자료원,HOME > 시네마테크KOFA > 프로그램 > 지난 프로그램,지난 프로그램,충녀,충녀총 1 편,,2012.07.15.일,,미부착,,개방 가능,공공누리 2~4유형,,,,O,,,,"저작권 보호되는 영화, 다수의 스틸컷",
558,한국영상자료원,HOME > 시네마테크KOFA > 프로그램 > 지난 프로그램,지난 프로그램,사무라이 액션 특별전,검/기아해협/내면의 굴레/눈물의 강/대보살고개 1부/대보살고개 2부/대보살고개 완결편/무숙자/요시와라의 요녀이야기/요쓰야 괴담/운명의 아들/인생극장/자토이치/자토이치혈소려/후지산의 혈창총 15 편,,2012.07.17.화 ~ 07.28.토,,미부착,,개방 가능,공공누리 2~4유형,,,,,O,,,영화별 스틸컷 1장,
559,한국영상자료원,HOME > 시네마테크KOFA > 프로그램 > 지난 프로그램,지난 프로그램,밀월도 가는 길,밀월도 가는 길총 1 편,,2012.07.21.토,,미부착,,개방 가능,공공누리 2~4유형,,,,O,,,,"저작권 보호되는 영화, 다수의 스틸컷",
560,한국영상자료원,HOME > 시네마테크KOFA > 프로그램 > 지난 프로그램,지난 프로그램,제12회 서울국제뉴미디어페스티벌,"XY 글로컬 뉴미디어 단편 1/XY 글로컬 뉴미디어 단편 2/광산으로부터의 노트+멜리어 스트리트/글로컬구애전 단편 1_너의 마음, 나의 마음/글로컬구애전 단편 2_오늘 나의 하루는/글로컬구애전 단편 3_우리의 노래가 울려퍼지고/글로컬구애전 단편 4_시간 속 틈에 자란 너/글로컬구애전 단편 5_시원스레 마음의 문을 열고/글로컬구애전 단편 6_또 다른 세상/글로컬구애전 단편 7_말하지 않아도 알아요/글로컬구애전 단편 8_내 얘기 좀 들어줄래?/글로컬구애전_남한기행/글로컬구애전_아무도 꾸지 않은 꿈/글로컬구애전_열두 풍경/글로컬구애전_월가를 점령하라/글로컬구애전_일시적 기업/디지털스코프 단편 1/디지털스코프 단편 2/믹스라이스특별전/숫호구/아파트 사람들+숭시/저항하는 파라다이스/존 토레스 단편/존 토레스 마스터클래스/존 토레스 특별전_나의 어린 시절/존 토레스 특별전_마팡 아킷+맥시말리스트/존 토레스 특별전_토도 토도 테로스/존 토레스 특별전_후렴은 노래속의 혁명처럼 일어난다/커피 한잔에 든 핏방울+적군/특별스크리닝: 어떤 혁명의 비디오그램/필리핀 비디오아트 단편총 31 편",,2012.07.26.목 ~ 08.03.금,,미부착,,개방 가능,공공누리 2~4유형,,,,,O,,,영화별 스틸컷 1장,
561,한국영상자료원,HOME > 시네마테크KOFA > 프로그램 > 지난 프로그램,지난 프로그램,전설의 고향,"구미호/두견새 우는 사연/마계의 딸/반혼녀/백골령의 마검/백사부인/사녀/수절/이조괴담/장화, 홍련/장화홍련전/천년호총 12 편",,2012.07.28.토 ~ 08.16.목,,미부착,,개방 가능,공공누리 2~4유형,,,,O,,,,"저작권 보호되는 영화, 다수의 스틸컷",
562,한국영상자료원,HOME > 시네마테크KOFA > 프로그램 > 지난 프로그램,지난 프로그램,8월_클래식 릴레이 한국영화,격퇴/막난이비사/불사조의 언덕/서울의 휴일/양산도/자유전선/젊은 그들/청춘쌍곡선총 8 편,,2012.07.31.화 ~ 08.10.금,,미부착,,개방 가능,공공누리 1유형,,,,,O,,,"모두 1963년 이전 영화, 저작권 보호기간 만료",
563,한국영상자료원,HOME > 시네마테크KOFA > 프로그램 > 지난 프로그램,지난 프로그램,"영원한 예인, 고 공옥진 추모상영",꼬방동네 사람들/허튼소리총 2 편,,2012.08.03.금 ~ 08.04.토,,미부착,,개방 가능,공공누리 2~4유형,,,,O,,,,"저작권 보호되는 영화, 다수의 스틸컷",
564,한국영상자료원,HOME > 시네마테크KOFA > 프로그램 > 지난 프로그램,지난 프로그램,8월_블루레이 특별전,내 남자의 아내도 좋아/세가지 색: 레드/세가지 색: 블루/세가지 색: 화이트/일루셔니스트총 5 편,,2012.08.04.토 ~ 08.05.일,,미부착,,개방 가능,공공누리 2~4유형,,,,O,,,,"저작권 보호되는 영화, 다수의 스틸컷",
565,한국영상자료원,HOME > 시네마테크KOFA > 프로그램 > 지난 프로그램,지난 프로그램,인도영화전,내 이름은 칸(개봉 버전)/내 이름은 칸(오리지널 버전)/로봇(개봉 버전)/로봇(텔루구어 버전)/세 얼간이(오리지널 버전)/옴 샨티 옴/지상의 별처럼/청원총 8 편,,2012.08.09.목 ~ 08.12.일,,미부착,,개방 가능,공공누리 2~4유형,,,,O,,,,"저작권 보호되는 영화, 다수의 스틸컷",
566,한국영상자료원,HOME > 시네마테크KOFA > 프로그램 > 지난 프로그램,지난 프로그램,8월_독립영화 기획전,[독립다큐]장 보러 가는 날/[독립애니]잊혀지다(단편선)/[솔까말릴리에수다]가시/[실험영화]Club eX 서울국제실험영화페스티벌 수상작총 4 편,,2012.08.16.목 ~ 08.24.금,,미부착,,개방 가능,공공누리 2~4유형,,,,O,,,,"저작권 보호되는 영화, 다수의 스틸컷",
567,한국영상자료원,HOME > 시네마테크KOFA > 프로그램 > 지난 프로그램,지난 프로그램,나카다이 다쓰야 특별전,금환식/기류인 하나코의 일생/나는 고양이로소이다/내 목숨을 걸고/대보살고개/란/불모지대/살인광시대/여자가 계단을 오를 때/열쇠/요짐보/인간의 조건(1&#12539;2부)/인간의 조건(3&#12539;4부)/인간의 조건(5&#12539;6부)/천국과 지옥/타오름/타인의 얼굴/하루와 떠난 여행/할복총 19 편,,2012.08.17.금 ~ 08.30.목,,미부착,,개방 가능,공공누리 2~4유형,,,,,O,,,영화별 스틸컷 1장,
568,한국영상자료원,HOME > 시네마테크KOFA > 프로그램 > 지난 프로그램,지난 프로그램,"만화가, 영화를 그리다",변병준 단편선총 1 편,,2012.08.26.일,,미부착,,개방 가능,공공누리 2~4유형,,,,,O,,,"영화 1편, 스틸컷 1장",
569,한국영상자료원,HOME > 시네마테크KOFA > 프로그램 > 지난 프로그램,지난 프로그램,서울국제실험영화페스티벌,"Asia Forum 1-싱가포르, 인도네시아/Asia Forum 2-태국, 필리핀/EX-Choice 1 한국실험다큐단편/EX-Choice 2 보라/EX-Choice 3 청계천 메들리/EX-Choice 4 이미지스페스티벌/EX-Now 1 국제경쟁/EX-Now 2 국제경쟁/EX-Now 3 국제경쟁/EX-Now 4 국제경쟁/EX-Now 5 국제경쟁/EX-Now 6 국제경쟁/니키 해믈린Nicky Hamlyn 1/니키 해믈린Nicky Hamlyn 2/니키 해믈린Nicky Hamlyn 3/다니엘 윌머스 1/다니엘 윌머스 2/인디비주얼 1-노재운/인디비주얼 2-입육유총 19 편",,2012.08.30.목 ~ 09.07.금,,미부착,,개방 가능,공공누리 2~4유형,,,,O,O,,,영화별 이미지 1개씩,
570,한국영상자료원,HOME > 시네마테크KOFA > 프로그램 > 지난 프로그램,지난 프로그램,"역사의 상흔, 시대의 재현",04:00-1950/고종황제와 의사 안중근/국경의 남쪽/그 섬에 가고 싶다/그 해 겨울은 따뜻했네/길소뜸/깃발없는 기수/꽃잎/남과북/남부군/대원군/독립협회와 청년 이승만/마지막 황후 윤비/명자 아끼꼬 쏘냐/박하사탕/불꽃/사격장의 아이들/아름다운 청년 전태일/아아 백범 김구선생/유관순/은마는 오지않는다/이름 없는 별들/이재수의 난/장마/족보/짝코/최후의 증인/카인의 후예/태백산맥/피아골/하얀전쟁/한말풍운과 민충정공총 32 편,,2012.09.01.토 ~ 09.23.일,,미부착,,개방 가능,공공누리 2~4유형,,,,O,,,,"저작권 보호되는 영화, 다수의 스틸컷",
571,한국영상자료원,HOME > 시네마테크KOFA > 프로그램 > 지난 프로그램,지난 프로그램,故 윤인자 추모상영,그 여자의 일생/빨간 마후라/아제아제 바라아제/여사장/운명의 손/춘향총 6 편,,2012.09.08.토 ~ 09.11.화,,미부착,,개방 가능,공공누리 2~4유형,,,,O,,,,"저작권 보호되는 영화, 다수의 스틸컷",
572,한국영상자료원,HOME > 시네마테크KOFA > 프로그램 > 지난 프로그램,지난 프로그램,9월_독립영화 기획전,[독립다큐]학교 가는 길/[독립애니]스페셜 기획(단편선)/[솔까말릴레이수다]환호성/[쇼케이스]아무도 꾸지 않은 꿈/[실험영화]숨 등 6편총 5 편,,2012.09.11.화 ~ 09.27.목,,미부착,,개방 가능,공공누리 2~4유형,,,,O,,,,"저작권 보호되는 영화, 다수의 스틸컷",
573,한국영상자료원,HOME > 시네마테크KOFA > 프로그램 > 지난 프로그램,지난 프로그램,DMC영화제,R2B: 리턴 투 베이스총 1 편,,2012.09.12.수,,미부착,,개방 가능,공공누리 2~4유형,,,,O,,,,"저작권 보호되는 영화, 다수의 스틸컷",
574,한국영상자료원,HOME > 시네마테크KOFA > 프로그램 > 지난 프로그램,지난 프로그램,한국영화아카데미 장편 특별전- KAFA Films Special,가시/간증/그녀들의 방/나는 곤경에 처했다!/날 놓아줘 + 가시/남매의 집 + 짐승의 끝/너와 나의 21세기/로망은 없다/밀월도 가는 길/심도/어떤 개인 날/여자 없는 세상/은실이/장례식의 멤버/전설의 K + 여자 없는 세상/제불찰씨 이야기/짐승의 끝/집/태어나서 미안해/파수꾼/프랑스 중위의 여자 + 장례식의 멤버총 21 편,,2012.09.13.목 ~ 09.28.금,,미부착,,개방 가능,공공누리 2~4유형,,,,O,,,,"저작권 보호되는 영화, 다수의 스틸컷",
575,한국영상자료원,HOME > 시네마테크KOFA > 프로그램 > 지난 프로그램,지난 프로그램,9월_클래식 한국영화 릴레이,도망자/동굴 속의 애욕/불나비/쌔드무비/안개 속의 탈출/해바라기 가족총 6 편,,2012.09.25.화 ~ 09.28.금,,미부착,,개방 가능,공공누리 2~4유형,,,,O,,,,"저작권 보호되는 영화, 다수의 스틸컷",
576,한국영상자료원,HOME > 시네마테크KOFA > 프로그램 > 지난 프로그램,지난 프로그램,우리가 사랑한 90년대 후반 한국영화 시리즈 1,3인조/8월의 크리스마스/강원도의 힘/기막힌 사내들/나쁜 영화/내 마음의 풍금/넘버 3/돼지가 우물에 빠진날/미술관 옆 동물원/바이 준/비트/아름다운 시절/올가미/접속/정글 스토리/지독한 사랑/창/초록물고기/축제/편지/학생부군신위총 21 편,,2012.10.02.화 ~ 10.17.수,,미부착,,개방 가능,공공누리 2~4유형,,,,O,,,,"저작권 보호되는 영화, 다수의 스틸컷",
577,한국영상자료원,HOME > 시네마테크KOFA > 프로그램 > 지난 프로그램,지난 프로그램,10월_독립영화 기획전,"[독립다큐]나의 교실/[독립애니]인디애니페스트2012 수상작 모음/[솔까말릴레이수다]척추측만, 통로, 아누크의 전설/[쇼케이스]가면놀이/[실험영화]울음 등 9편총 5 편",,2012.10.17.수 ~ 10.30.화,,미부착,,개방 가능,공공누리 2~4유형,,,,O,,,,"저작권 보호되는 영화, 다수의 스틸컷",
578,한국영상자료원,HOME > 시네마테크KOFA > 프로그램 > 지난 프로그램,지난 프로그램,예술가의 초상,금홍아 금홍아/불멸의 연인/비커밍 제인/사의 찬미/아마데우스/유령작가/취화선/폴락/화조총 9 편,,2012.10.18.목 ~ 10.25.목,,미부착,,개방 가능,공공누리 2~4유형,,,,O,,,,"저작권 보호되는 영화, 다수의 스틸컷",
579,한국영상자료원,HOME > 시네마테크KOFA > 프로그램 > 지난 프로그램,지난 프로그램,부지영 감독 영화,"부지영 감독 단편선/지금, 이대로가 좋아요총 2 편",,2012.10.21.일,,미부착,,개방 가능,공공누리 2~4유형,,,,O,,,,"저작권 보호되는 영화, 다수의 스틸컷",
580,한국영상자료원,HOME > 시네마테크KOFA > 프로그램 > 지난 프로그램,지난 프로그램,제1회 서울이주민예술제 시네 프리즘,[국내극영화]찡찡 막막/[국내다큐1]나는 노래하고 싶어/[국내다큐2]학교 가는 길/[미누 특별전1]단편선/[미누 특별전2]우리가 원하는 것/[이주민 감독전]단편선총 6 편,,2012.10.26.금 ~ 10.28.일,,미부착,,개방 가능,공공누리 2~4유형,,,,O,,,,"저작권 보호되는 영화, 다수의 스틸컷",
581,한국영상자료원,HOME > 시네마테크KOFA > 프로그램 > 지난 프로그램,지난 프로그램,이두용 감독 특별전- 멜로· 액션 · 토속 그리고 시대,경찰관/고속도로/귀화산장/날벼락/낮과 밤/내시/댁의 아빠도 이렇읍니까/돌아온 외다리/돌아온 외다리(속)/돌아이/돌아이 2/무장해제/물도리 동/병태의 감격시대/분노의 왼발/비밀객(속)/뽕/생사의 고백/아리랑/애/어디로 가야하나/업/여인잔혹사 물레야 물레야/오빠가 있다/욕망의 늪/용호대련/우산속의 세여자/웃고 사는 박서방/이두용 감독의 처용무/이상한 관계/잃어버린 면사포/장남/지옥의 49일/청송으로 가는 길/초분/최후의 증인/침묵의 암살자/피막총 38 편,,2012.10.26.금 ~ 11.23.금,,미부착,,개방 가능,공공누리 2~4유형,,,,O,,,,"저작권 보호되는 영화, 다수의 스틸컷",
582,한국영상자료원,HOME > 시네마테크KOFA > 프로그램 > 지난 프로그램,지난 프로그램,독립영화의 감독/배우 DIR/ACTORS,"경/경복/규교환 조현철 & 단편/나나나: 여배우 민낯 프로젝트/똥파리/무산일기/신이수 이우정 이종필 최시형 & 단편/양익준 & 단편/여배우/감독, 그들의 단편/은하해방전선/정재웅 & 단편총 11 편",,2012.11.01.목 ~ 11.04.일,,미부착,,개방 가능,공공누리 2~4유형,,,,O,,,,"저작권 보호되는 영화, 다수의 스틸컷",
583,한국영상자료원,HOME > 시네마테크KOFA > 프로그램 > 지난 프로그램,지난 프로그램,서울문화재단과 함께 하는 배리어프리 영화상영,달팽이의 별총 1 편,,2012.11.14.수,,미부착,,개방 가능,공공누리 2~4유형,,,,O,,,,"저작권 보호되는 영화, 다수의 스틸컷",
584,한국영상자료원,HOME > 시네마테크KOFA > 프로그램 > 지난 프로그램,지난 프로그램,11월_독립영화 기획전,[쇼케이스]장보러 가는 날/[실험영화]The Dark Room 등 8편/옥탑방 열기총 3 편,,2012.11.15.목 ~ 11.28.수,,미부착,,개방 가능,공공누리 2~4유형,,,,O,,,,"저작권 보호되는 영화, 다수의 스틸컷",
585,한국영상자료원,HOME > 시네마테크KOFA > 프로그램 > 지난 프로그램,지난 프로그램,배리어프리영화 포럼 및 특별 상영,[포럼]효과적인 영화의 화면해설을 위하여/달팽이의 별/도가니/도둑들/마당을 나온 암탉/마이 백 페이지/소중한 사람/완득이총 8 편,,2012.11.15.목 ~ 11.18.일,,미부착,,개방 가능,공공누리 2~4유형,,,,O,,,,"저작권 보호되는 영화, 다수의 스틸컷",
586,한국영상자료원,HOME > 시네마테크KOFA > 프로그램 > 지난 프로그램,지난 프로그램,11월_블루레이 특별전,다크 나이트 라이즈/멋진 하루총 2 편,,2012.11.18.일 ~ 11.27.화,,미부착,,개방 가능,공공누리 2~4유형,,,,O,,,,"저작권 보호되는 영화, 다수의 스틸컷",
587,한국영상자료원,HOME > 시네마테크KOFA > 프로그램 > 지난 프로그램,지난 프로그램,<와니와 준하> 개봉 11주년 기념 특별상영,와니와 준하총 1 편,,2012.11.23.금,,미부착,,개방 가능,공공누리 2~4유형,,,,O,,,,"저작권 보호되는 영화, 다수의 스틸컷",
588,한국영상자료원,HOME > 시네마테크KOFA > 프로그램 > 지난 프로그램,지난 프로그램,스타일의 혁신: 닛카츠 창립 100주년 스즈키 세이준 회고전,"8시간의 공포/겡카 엘레지/관동무숙/그 호송차를 노려라/그림자 없는 소리/꽃과 성난 파도/끝없는 욕망/나 홀로 태평양/돌아오지 않는 봄/동경방랑자/뒈져라 불한당/러브레터/모두가 미쳤어/밀항 O 라인/살인의 낙인/신들의 깊은 욕망/악마의 거리/암흑가의 미녀/암흑의 여권/야수의 청춘/어른이 된다는 것/우리들의 피가 용서치 않는다/육체의 문/인류학입문/일본 열도/짐승의 수면/청춘일기/청춘일기전, 악한 별 아래서도/치사한 놈/카와치 카르멘/탐정사무소 23, 죽어라 악당들/푸른 유방/하녀/하이틴 야쿠자/항구의 건배, 승리를 나의 손에/해충/해협, 피로 물들고/후지와라 요시에의 고향총 38 편",,2012.11.24.토 ~ 12.23.일,,미부착,,개방 가능,공공누리 2~4유형,,,,,O,,,영화별 스틸컷 1장씩,
589,한국영상자료원,HOME > 시네마테크KOFA > 프로그램 > 지난 프로그램,지난 프로그램,12월_독립영화 기획전,"[독립다큐]우리가 원하는 것/[독립애니]<집>, <19라면> 등/[솔까말릴레이수다]링/[쇼케이스]벌거숭이/[실험영화]박제된 공주 등 6편총 5 편",,2012.12.14.금 ~ 12.27.목,,미부착,,개방 가능,공공누리 2~4유형,,,,,O,,,영화별 스틸컷 1장씩,
590,한국영상자료원,HOME > 시네마테크KOFA > 프로그램 > 지난 프로그램,지난 프로그램,로맨스 조,로맨스 조총 1 편,,2012.12.22.토,,미부착,,개방 가능,공공누리 2~4유형,,,,O,,,,"저작권 보호되는 영화, 다수의 스틸컷",
591,한국영상자료원,HOME > 시네마테크KOFA > 프로그램 > 지난 프로그램,지난 프로그램,12월_배리어프리영화 특별전,모모와 다락방의 수상한 요괴들(배리어프리 버전)/엔딩 노트(배리어프리 버전)총 2 편,,2012.12.25.화 ~ 12.26.수,,미부착,,개방 가능,공공누리 2~4유형,,,,O,,,,"저작권 보호되는 영화, 다수의 스틸컷",
592,한국영상자료원,HOME > 시네마테크KOFA > 프로그램 > 지난 프로그램,지난 프로그램,12월_블루레이 특별전,에반게리온 : 파/에반게리온: 서총 2 편,,2012.12.25.화,,미부착,,개방 가능,공공누리 2~4유형,,,,O,,,,"저작권 보호되는 영화, 다수의 스틸컷",
593,한국영상자료원,HOME > 시네마테크KOFA > 프로그램 > 지난 프로그램,지난 프로그램,우리가 사랑한 90년대 후반 한국영화 시리즈 2,간첩 리철진/거짓말/꽃잎/박하사탕/송어/쉬리/약속/여고괴담/여고괴담 두 번째 이야기/인정사정 볼것 없다/정사/조용한 가족/주유소 습격사건/처녀들의 저녁식사/태양은 없다/텔미썸딩/투 타이어드 투 다이/파란대문/해피엔드/행복한 장의사총 20 편,,2012.12.26.수 ~ 01.13.일,,미부착,,개방 가능,공공누리 2~4유형,,,,O,,,,"저작권 보호되는 영화, 다수의 스틸컷",
594,한국영상자료원,HOME > 시네마테크KOFA > 프로그램 > 지난 프로그램,지난 프로그램,시네마테크KOFA가 주목한 2011년 한국영화 리플레이,고지전/달빛 길어올리기/돼지의 왕/두만강/만추/무산일기/보라/북촌방향/카페 느와르/파수꾼/황해총 11 편,,2013.01.15.화 ~ 01.23.수,,미부착,,개방 가능,공공누리 2~4유형,,,,O,,,,"저작권 보호되는 영화, 다수의 스틸컷",
595,한국영상자료원,HOME > 시네마테크KOFA > 프로그램 > 지난 프로그램,지난 프로그램,1월_독립영화 기획전,[실험영화]아카데미 쇼케이스 일본편총 1 편,,2013.01.24.목,,미부착,,개방 가능,공공누리 1유형,,,O,,,,,단순 정보,
596,한국영상자료원,HOME > 시네마테크KOFA > 프로그램 > 지난 프로그램,지난 프로그램,시네마테크KOFA가 주목한 2012년 한국영화,건축학개론/남영동 1985/다른 나라에서/돈의 맛/두 개의 문/로맨스 조/밍크 코트/범죄소년/범죄와의 전쟁 : 나쁜놈들 전성시대/줄탁동시/터치/피에타총 12 편,,2013.01.24.목 ~ 02.03.일,,미부착,,개방 가능,공공누리 2~4유형,,,,O,,,,"저작권 보호되는 영화, 다수의 스틸컷",
597,한국영상자료원,HOME > 시네마테크KOFA > 프로그램 > 지난 프로그램,지난 프로그램,2월_클래식 릴레이 한국영화,겨울여자/고교얄개/바보들의 행진/별들의 고향/삼포가는 길/소나기/어제 내린 비/영자의 전성시대/이어도/장마/화녀/화분총 12 편,,2013.02.05.화 ~ 02.15.금,,미부착,,개방 가능,공공누리 2~4유형,,,,O,,,,"저작권 보호되는 영화, 다수의 스틸컷",
598,한국영상자료원,HOME > 시네마테크KOFA > 프로그램 > 지난 프로그램,지난 프로그램,2월_블루레이 특별전,드라이브/레드라인/무협/미스트/스윙걸즈/아라비아의 로렌스/치코와 리타/트리 오브 라이프/팅커 테일러 솔저 스파이/허트 로커총 10 편,,2013.02.16.토 ~ 03.02.토,,미부착,,개방 가능,공공누리 2~4유형,,,,,O,,,모두 외국영화로 다수의 스틸컷 포함,
599,한국영상자료원,HOME > 시네마테크KOFA > 프로그램 > 지난 프로그램,지난 프로그램,한국 독립장편다큐멘터리의 한 경향 - 영산펀드 10주년 특별전,[세미나]한국 독립 장편다큐멘터리를 말하다/대추리에 살다/땅의 여자/샘터분식/소리 아이/전장에서 나는/택시 블루스총 7 편,,2013.02.22.금 ~ 03.01.금,,미부착,,개방 가능,공공누리 2~4유형,,,,O,,,,"저작권 보호되는 영화, 다수의 스틸컷",
600,한국영상자료원,HOME > 시네마테크KOFA > 프로그램 > 지난 프로그램,지난 프로그램,2월_해피투게더 독립영화,개청춘/그 자식이 대통령이 되던 날 + 송여사님의 작업일지/두 개의 선총 3 편,,2013.02.22.금 ~ 02.23.토,,미부착,,개방 가능,공공누리 2~4유형,,,,O,,,,"저작권 보호되는 영화, 다수의 스틸컷",
601,한국영상자료원,HOME > 시네마테크KOFA > 프로그램 > 지난 프로그램,지난 프로그램,2월_독립영화 기획전,[실험영화]실험영화 아카데미 기획전 4탄 독일편총 1 편,,2013.02.28.목,,미부착,,개방 가능,공공누리 1유형,,,,,O,,,"이미지 1장, 저작물성 없음",
602,한국영상자료원,HOME > 시네마테크KOFA > 프로그램 > 지난 프로그램,지난 프로그램,영화와 여성: 영화로 보는 한국 사회와 여성,귀로/길소뜸/깊은밤 갑자기/미몽/열녀문/영자의 전성시대/자유부인/해피엔드총 8 편,,2013.03.03.일 ~ 03.12.화,,미부착,,개방 가능,공공누리 2~4유형,,,,O,,,,"저작권 보호되는 영화, 다수의 스틸컷",
603,한국영상자료원,HOME > 시네마테크KOFA > 프로그램 > 지난 프로그램,지난 프로그램,3월_배리어프리영화 특별전,그대를 사랑합니다(배리어프리 버전)/마이 백 페이지(배리어프리 버전)/엔딩 노트(배리어프리 버전)총 3 편,,2013.03.13.수,,미부착,,개방 가능,공공누리 2~4유형,,,,O,,,,"저작권 보호되는 영화, 다수의 스틸컷",
604,한국영상자료원,HOME > 시네마테크KOFA > 프로그램 > 지난 프로그램,지난 프로그램,3월_클래식 릴레이 한국영화,그 여자의 일생/그대와 영원히/돈/모정/순애보/자유결혼/종각/풍운의 궁전총 8 편,,2013.03.14.목 ~ 03.22.금,,미부착,,개방 가능,공공누리 1유형,,,,,O,,,"모두 1963년 이전 작품, 저작권 보호기간 만료",
605,한국영상자료원,HOME > 시네마테크KOFA > 프로그램 > 지난 프로그램,지난 프로그램,오시마 나기사 추모 특별전,교사형/돌아온 술주정뱅이/백주의 살인마/사랑과 희망의 거리/소년/신주쿠 도둑일기/의식/일본춘가고/청춘 잔혹 이야기/태양의 묘지총 10 편,,2013.03.14.목 ~ 03.24.일,,미부착,,개방 가능,공공누리 2~4유형,,,,,O,,,영화별 스틸컷 1장씩,
606,한국영상자료원,HOME > 시네마테크KOFA > 프로그램 > 지난 프로그램,지난 프로그램,3월_독립영화 기획전,[독립애니]<인어의 피> 외 6편/[실험영화]프로그래머 초이스(1)총 2 편,,2013.03.16.토 ~ 03.28.목,,미부착,,개방 가능,공공누리 2~4유형,,,,,O,,,영화별 스틸컷 1장씩,
607,한국영상자료원,HOME > 시네마테크KOFA > 프로그램 > 지난 프로그램,지난 프로그램,고 박철수 감독 추모 특별전,"301, 302/가족시네마/눈꽃/들개/땜장이 아내/마스터 클래스의 산책/물 위를 걷는 여자/베드/봉자/붉은 바캉스 검은 웨딩/산부인과/아픈성숙/안개기둥/어미/오늘 여자/우리시대의 사랑/이런 여자 없나요/접시꽃 당신/테레사의 연인/학생부군신위총 20 편",,2013.03.26.화 ~ 04.12.금,,미부착,,개방 가능,공공누리 2~4유형,,,,O,,,,"저작권 보호되는 영화, 다수의 스틸컷",
608,한국영상자료원,HOME > 시네마테크KOFA > 프로그램 > 지난 프로그램,지난 프로그램,3월_해피투게더 독립영화,파닥파닥총 1 편,,2013.03.30.토,,미부착,,개방 가능,공공누리 2~4유형,,,,O,,,,"저작권 보호되는 영화, 다수의 스틸컷",
609,한국영상자료원,HOME > 시네마테크KOFA > 프로그램 > 지난 프로그램,지난 프로그램,장국영 10주기 추모 특별전,백발마녀전/아비정전총 2 편,,2013.04.06.토,,미부착,,개방 가능,공공누리 2~4유형,,,,O,,,,"저작권 보호되는 영화, 다수의 스틸컷",
610,한국영상자료원,HOME > 시네마테크KOFA > 프로그램 > 지난 프로그램,지난 프로그램,크리스티안 펫졸드,내가 속한 나라/바바라/옐라/제리코총 4 편,,2013.04.10.수 ~ 05.04.토,,미부착,,개방 가능,공공누리 2~4유형,,,,O,,,,"저작권 보호되는 영화, 다수의 스틸컷",
611,한국영상자료원,HOME > 시네마테크KOFA > 프로그램 > 지난 프로그램,지난 프로그램,신상옥 감독 7주기 추모 특별상영,연산군/열녀문총 2 편,,2013.04.10.수,,미부착,,개방 가능,공공누리 1유형,,,,,O,,,"열녀문(1962), 연산군(1961), 모두 저작권 보호기간 만료",
612,한국영상자료원,HOME > 시네마테크KOFA > 프로그램 > 지난 프로그램,지난 프로그램,4월_프로그래머의 초이스,믹의 지름길/침묵의 빛총 2 편,,2013.04.11.목 ~ 04.21.일,,미부착,,개방 가능,공공누리 2~4유형,,,,,O,,,영화별 스틸컷 1장씩,
613,한국영상자료원,HOME > 시네마테크KOFA > 프로그램 > 지난 프로그램,지난 프로그램,민병훈 감독 특별전,"괜찮아, 울지마/벌이 날다/터치/포도나무를 베어라총 4 편",,2013.04.13.토 ~ 04.14.일,,미부착,,개방 가능,공공누리 2~4유형,,,,O,,,,"저작권 보호되는 영화, 다수의 스틸컷",
614,한국영상자료원,HOME > 시네마테크KOFA > 프로그램 > 지난 프로그램,지난 프로그램,"영화, 근대 조선을 담다",가비/그림자 살인/기록영상물 (6편)/라듸오 데이즈/미몽/사의 찬미/청연총 7 편,,2013.04.16.화 ~ 04.27.토,,미부착,,개방 가능,공공누리 2~4유형,,,,O,,,,"저작권 보호되는 영화, 다수의 스틸컷",
615,한국영상자료원,HOME > 시네마테크KOFA > 프로그램 > 지난 프로그램,지난 프로그램,4월_배리어프리영화 정기상영,달팽이의 별(배리어프리 버전)/터치 오브 라이트(배리어프리 버전)총 2 편,,2013.04.17.수 ~ 04.28.일,,미부착,,개방 가능,공공누리 2~4유형,,,,O,,,,"저작권 보호되는 영화, 다수의 스틸컷",
616,한국영상자료원,HOME > 시네마테크KOFA > 프로그램 > 지난 프로그램,지난 프로그램,4월_독립영화 기획전,[독립다큐]마이 플레이스/[독립애니]고양이의 시간(단편선)/[솔까말]러시안 소설/[쇼케이스]링/[실험영화]프로그래머 초이스(2)/[해피투게더]하나안총 6 편,,2013.04.18.목 ~ 04.27.토,,미부착,,개방 가능,공공누리 2~4유형,,,,O,,,,"저작권 보호되는 영화, 다수의 스틸컷",
617,한국영상자료원,HOME > 시네마테크KOFA > 프로그램 > 지난 프로그램,지난 프로그램,4월_블루레이 특별전,아이 엠 러브/캐빈 인 더 우즈/팅커 테일러 솔저 스파이총 3 편,,2013.04.20.토 ~ 04.28.일,,미부착,,개방 가능,공공누리 2~4유형,,,,O,,,,"저작권 보호되는 영화, 다수의 스틸컷",
618,한국영상자료원,HOME > 시네마테크KOFA > 프로그램 > 지난 프로그램,지난 프로그램,피핑 라이프 월드 히스토리 시사회,피핑 라이프 월드 히스토리총 1 편,,2013.04.24.수,,미부착,,개방 가능,공공누리 2~4유형,,,,,O,,,외국영화 스틸컷 2장 포함,
619,한국영상자료원,HOME > 시네마테크KOFA > 프로그램 > 지난 프로그램,지난 프로그램,5월 앵콜극장,"그 시절, 우리가 좋아했던 소녀/대학살의 신/미드나잇 인 파리/서칭 포 슈가맨/시작은 키스!/심플라이프/이민자/진짜로 일어날지도 몰라 기적총 8 편",,2013.04.30.화 ~ 05.08.수,,미부착,,개방 가능,공공누리 2~4유형,,,,O,,,,"저작권 보호되는 영화, 다수의 스틸컷",
620,한국영상자료원,HOME > 시네마테크KOFA > 프로그램 > 지난 프로그램,지난 프로그램,세계가 환호한 한국단편 우리가 사랑한 단편영화,단편영화전 1 _햇빛 자르는 아이 등 7편/단편영화전 2 _아빠가 필요해 등 7편/단편영화전 3 _상계동 올림픽 등 5편/단편영화전 4 _남매의 집 등 4편/단편영화전 5 _파란만장 등 4편/단편영화전 6 _주리 등 5편총 6 편,,2013.05.02.목 ~ 05.05.일,,미부착,,개방 가능,공공누리 2~4유형,,,,,O,,,영화별 스틸컷 1장씩,
621,한국영상자료원,HOME > 시네마테크KOFA > 프로그램 > 지난 프로그램,지난 프로그램,어린이날 특집 애니메이션,마당을 나온 암탉/빨간머리 앤: 그린게이블로 가는 길총 2 편,,2013.05.05.일,,미부착,,개방 가능,공공누리 2~4유형,,,,O,,,,"저작권 보호되는 영화, 다수의 스틸컷",
622,한국영상자료원,HOME > 시네마테크KOFA > 프로그램 > 지난 프로그램,지난 프로그램,"발굴, 복원 그리고 초기영화로의 초대",10월/겨울여자/고향/괴시/그건 너/꼬방동네 사람들/낭자한/니벨룽겐- 지그프리트 (연주상영)/니벨룽겐- 크림힐트의 복수 (연주상영)/다이얼 M을 돌려라 (3D)/독류 (연주상영)/동경이야기/떠돌이 까치/또순이/로보트 태권 V - 제3탄 수중특공대/마담과 아내 + 빛나는 사랑/베를린 - 대도시 교향곡/비전/빨간 마후라/산불/소/안개마을/알골/워터 프론트/이국정원/이어도/인왕산 호랑이/작은 새(불완전판)/주신구라 + 미남 사쿄/지옥문/크라우젠 부인의 행복여행/프라하의 학생/해뜰날/홍의장군(불완전판)/흑야(불완전판)/흘러가는 첫사랑총 36 편,,2013.05.09.목 ~ 05.26.일,,미부착,,개방 가능,공공누리 2~4유형,,,,O,O,,,"일부 1963년 이전 작, 일부 1964년 이후 작품",
623,한국영상자료원,HOME > 시네마테크KOFA > 프로그램 > 지난 프로그램,지난 프로그램,5월_디렉터스 컷,늑대소년(확장판)총 1 편,,2013.05.11.토,,미부착,,개방 가능,공공누리 2~4유형,,,,O,,,,"저작권 보호되는 영화, 다수의 스틸컷",
624,한국영상자료원,HOME > 시네마테크KOFA > 프로그램 > 지난 프로그램,지난 프로그램,달시 파켓의 한국영화 산책,상록수총 1 편,,2013.05.12.일,,미부착,,개방 가능,공공누리 1유형,,,,,O,,,"상록수(1961), 저작권 보호기간 만료",
625,한국영상자료원,HOME > 시네마테크KOFA > 프로그램 > 지난 프로그램,지난 프로그램,5월_배리어프리영화 정기상영,소중한 사람(배리어프리 버전)총 1 편,,2013.05.16.목,,미부착,,개방 가능,공공누리 2~4유형,,,,O,,,,"저작권 보호되는 영화, 다수의 스틸컷",
626,한국영상자료원,HOME > 시네마테크KOFA > 프로그램 > 지난 프로그램,지난 프로그램,5월_독립영화 기획전,"[독립다큐]동구 밖/[독립애니]가족의 향기(단편선)/[솔까말]아버지의 이메일/[쇼케이스]달리는 꿈의 상자, 모모/[실험영화]프로그래머 초이스(3)/[해피투게더]미스진은 예쁘다총 6 편",,2013.05.16.목 ~ 05.30.목,,미부착,,개방 가능,공공누리 2~4유형,,,,,O,,,영화별 스틸컷 1장씩,
627,한국영상자료원,HOME > 시네마테크KOFA > 프로그램 > 지난 프로그램,지난 프로그램,5월_프로그래머의 초이스,해롤드와 모드총 1 편,,2013.05.22.수 ~ 05.25.토,,미부착,,개방 가능,공공누리 2~4유형,,,,,O,,,포스터 2장+스틸컷 1장,
628,한국영상자료원,HOME > 시네마테크KOFA > 프로그램 > 지난 프로그램,지난 프로그램,5월_클래식 릴레이 한국영화(특별수사본부 시리즈),특별수사본부 <제2탄> 여대생 이난희사건/특별수사본부 기생 김소산/특별수사본부 김수임의 일생/특별수사본부 배태옥 사건/특별수사본부 외팔이 김종원총 5 편,,2013.05.28.화 ~ 05.31.금,,미부착,,개방 가능,공공누리 2~4유형,,,,O,,,,"저작권 보호되는 영화, 다수의 스틸컷",
629,한국영상자료원,HOME > 시네마테크KOFA > 프로그램 > 지난 프로그램,지난 프로그램,5월_블루레이특별전,멜랑콜리아총 1 편,,2013.05.31.금,,미부착,,개방 가능,공공누리 2~4유형,,,,,O,,,포스터 1장,
630,한국영상자료원,HOME > 시네마테크KOFA > 프로그램 > 지난 프로그램,지난 프로그램,라이너 베르너 파스빈더 감독전 - 불안은 영혼을 잠식한다,13월인 어느 해에/마리아 브라운의 결혼/미국인 병사/불안은 영혼을 잠식한다/사계절의 상인/사랑은 죽음보다 차갑다/선위의 세상/악마의 양조법/중국식 룰렛/카첼마허/퀴스터 부인의 천국여행/페트라 폰 칸트의 쓰디쓴 눈물/폭스와 그의 친구들/폰타네의 에피 브리스트총 14 편,,2013.06.01.토 ~ 06.12.수,,미부착,,개방 가능,공공누리 2~4유형,,,,O,O,,,스틸컷 1장,
631,한국영상자료원,HOME > 시네마테크KOFA > 프로그램 > 지난 프로그램,지난 프로그램,체코 영화포스터 전시 기념 상영회,꽃망울총 1 편,,2013.06.05.수,,미부착,,개방 가능,공공누리 2~4유형,,,,O,,,,"저작권 보호되는 영화, 다수의 스틸컷",
632,한국영상자료원,HOME > 시네마테크KOFA > 프로그램 > 지난 프로그램,지난 프로그램,6월_다시보기,차우총 1 편,,2013.06.08.토,,미부착,,개방 가능,공공누리 2~4유형,,,,O,,,,"저작권 보호되는 영화, 다수의 스틸컷",
633,한국영상자료원,HOME > 시네마테크KOFA > 프로그램 > 지난 프로그램,지난 프로그램,6월_달시 파켓의 한국영화 산책,나그네는 길에서도 쉬지 않는다총 1 편,,2013.06.09.일,,미부착,,개방 가능,공공누리 2~4유형,,,,O,,,,"저작권 보호되는 영화, 다수의 스틸컷",
634,한국영상자료원,HOME > 시네마테크KOFA > 프로그램 > 지난 프로그램,지난 프로그램,"최은희 특별전 - 영화 같은 삶, 최은희를 돌아보다",공주님의 짝사랑/꿈/다정불심/돌아온 사나이/동심초/로맨스 그레이/로맨스 빠빠/마음의 고향/맹진사댁 경사/명동에 밤이 오면/무숙자/민며느리/백사부인/벙어리 삼룡/빨간 마후라/사랑방 손님과 어머니/상록수/성춘향/어느 여대생의 고백/여자의 일생/열녀문/이 생명 다하도록/지옥화/청일전쟁과 여걸 민비/한강총 25 편,,2013.06.13.목 ~ 06.30.일,,미부착,,개방 가능,공공누리 2~4유형,,,,,O,,,영화별 스틸컷 1장씩,
635,한국영상자료원,HOME > 시네마테크KOFA > 프로그램 > 지난 프로그램,지난 프로그램,"좋았다니, 다시 한번! 아시아나국제단편영화제 2013 순회상영전",프로그램 1_ 아시아나국제단편영화제 순회상영전/프로그램 2_ 아시아나국제단편영화제 순회상영전/프로그램 3_ 아시아나국제단편영화제 순회상영전총 3 편,,2013.06.14.금 ~ 06.16.일,,미부착,,개방 가능,공공누리 2~4유형,,,,,O,,,영화별 스틸컷 1장씩,
636,한국영상자료원,HOME > 시네마테크KOFA > 프로그램 > 지난 프로그램,지난 프로그램,6월_독립영화 기획전,[독립다큐]가면놀이/[독립애니]전쟁과 평화2 (단편선)/[솔까말]명왕성/[쇼케이스]임철민 감독의 영화 3편/[실험영화]프로그래머 초이스 6월총 5 편,,2013.06.15.토 ~ 06.27.목,,미부착,,개방 가능,공공누리 2~4유형,,,,,O,,,영화별 스틸컷 1장씩,
637,한국영상자료원,HOME > 시네마테크KOFA > 프로그램 > 지난 프로그램,지난 프로그램,6월_배리어프리영화 정기상영,7번방의 선물(배리어프리 버전)총 1 편,,2013.06.19.수,,미부착,,개방 가능,공공누리 2~4유형,,,,O,,,,"저작권 보호되는 영화, 다수의 스틸컷",
638,한국영상자료원,HOME > 시네마테크KOFA > 프로그램 > 지난 프로그램,지난 프로그램,"영화와 건축 시리즈 1, 영화 & 강연",마부 (+ 영화와 건축 강의)/집없는 천사 (+ 영화와 건축 강의)/추격자 (+ 영화와 건축 강의)/황해/휴일 (+ 영화와 건축 강의)총 5 편,,2013.06.19.수 ~ 06.28.금,,미부착,,개방 가능,공공누리 2~4유형,,,,O,,,,"저작권 보호되는 영화, 다수의 스틸컷",
639,한국영상자료원,HOME > 시네마테크KOFA > 프로그램 > 지난 프로그램,지난 프로그램,"<태양의 거리> 발굴, 일반 시사, 저작권 보호기간 만료",태양의 거리총 1 편,,2013.06.25.화,,미부착,,개방 가능,공공누리 1유형,,,,,O,,,"태양의 거리(1952), 저작권 보호기간 만료",
640,한국영상자료원,HOME > 시네마테크KOFA > 프로그램 > 지난 프로그램,지난 프로그램,<소중한 날의 꿈> 2주년 특별 상영,[해피투게더]&#39;스튜디오 연필로 명상하기&#39; 제작 및 참여작 파일럿 모음/[해피투게더]소중한 날의 꿈총 2 편,,2013.06.29.토,,미부착,,개방 가능,공공누리 2~4유형,,,,O,,,,"저작권 보호되는 영화, 다수의 스틸컷",
641,한국영상자료원,HOME > 시네마테크KOFA > 프로그램 > 지난 프로그램,지난 프로그램,스튜디오 다이에 특집 - 마스무라 야스조와 이치카와 곤,거인과 완구/검은 10인의 여자/나는 두 살/나카노 스파이 학교 /난류/남동생/남편은 보았다/눈먼 짐승 /니혼바시/도련님/들불/만원 전차 /만지/명랑소녀/문신/발에 닿은 여자 /불장난/붉은 천사 /빙벽/세이사쿠의 아내/실없는 놈/아내는 고백한다 /열쇠/입맞춤/처형의 방/타오름/파계총 27 편,,2013.07.02.화 ~ 07.21.일,,미부착,,개방 가능,공공누리 2~4유형,,,,O,O,,,"일부 1963년 이전 작, 일부 1964년 이후 작품",
642,한국영상자료원,HOME > 시네마테크KOFA > 프로그램 > 지난 프로그램,지난 프로그램,제2회 마포여성영화제,"마이 플레이스/아버지의 이메일/잔인한 나의, 홈/청포도 사탕: 17년 전의 약속/춤추는 숲/충심, 소소 등 3편총 6 편",,2013.07.02.화 ~ 07.05.금,,미부착,,개방 가능,공공누리 2~4유형,,,,O,,,,"저작권 보호되는 영화, 다수의 스틸컷",
643,한국영상자료원,HOME > 시네마테크KOFA > 프로그램 > 지난 프로그램,지난 프로그램,7월_독립영화 기획전,[독립다큐]2의 증명/[독립애니]삶의 음악(인생 레이스)/[솔까말]문병곤 감독 단편선/[쇼케이스]그리고 싶은 것/[실험영화]서울의 유령(들)총 5 편,,2013.07.11.목 ~ 07.25.목,,미부착,,개방 가능,공공누리 2~4유형,,,,O,O,,,영화별 스틸컷,
644,한국영상자료원,HOME > 시네마테크KOFA > 프로그램 > 지난 프로그램,지난 프로그램,WANTED: 장고에서 장고까지,"검은 호랑이의 눈물/당나귀 무법자/라스트 스탠드/쇠사슬을 끊어라/스키야키 웨스턴 장고/장고/장고: 분노의 추적자/좋은 놈, 나쁜 놈, 이상한 놈/황야의 독수리/황야의 외팔이총 10 편",,2013.07.23.화 ~ 08.01.목,,미부착,,개방 가능,공공누리 2~4유형,,,,O,,,,"저작권 보호되는 영화, 다수의 스틸컷",
645,한국영상자료원,HOME > 시네마테크KOFA > 프로그램 > 지난 프로그램,지난 프로그램,7월_배리어프리영화 정기상영,[배리어프리]도둑들총 1 편,,2013.07.24.수,,미부착,,개방 가능,공공누리 2~4유형,,,,O,,,,"저작권 보호되는 영화, 다수의 스틸컷",
646,한국영상자료원,HOME > 시네마테크KOFA > 프로그램 > 지난 프로그램,지난 프로그램,7월_블루레이특별전,스토커총 1 편,,2013.07.24.수,,미부착,,개방 가능,공공누리 2~4유형,,,,O,,,,"저작권 보호되는 영화, 다수의 스틸컷",
647,한국영상자료원,HOME > 시네마테크KOFA > 프로그램 > 지난 프로그램,지난 프로그램,7월_해피투게더 독립영화,왕자가 된 소녀들총 1 편,,2013.07.27.토,,미부착,,개방 가능,공공누리 2~4유형,,,,,O,,,영화 포스터 1장,
648,한국영상자료원,HOME > 시네마테크KOFA > 프로그램 > 지난 프로그램,지난 프로그램,7월_프로그래머의 초이스,밴드 왜건총 1 편,,2013.07.28.일 ~ 08.01.목,,미부착,,개방 가능,공공누리 1유형,,,,,O,,,"밴드웨건(1953), 저작권 보호기간 만료",
649,한국영상자료원,HOME > 시네마테크KOFA > 프로그램 > 지난 프로그램,지난 프로그램,미생 프리퀄,미생 프리퀄/미생 프리퀄 / 프로덕션의 비밀총 2 편,,2013.08.02.금 ~ 08.03.토,,미부착,,개방 가능,공공누리 2~4유형,,,,,O,,,포스터 1장,
650,한국영상자료원,HOME > 시네마테크KOFA > 프로그램 > 지난 프로그램,지난 프로그램,이것이 할리우드 블록버스터다! - 할리우드 블록버스터 특별전,고질라/대부/미지와의 조우/백 투 더 퓨쳐/에이리언/에이리언2/이티/인디펜던스 데이/죠스/쥬라기 공원/킹콩/타이타닉/프로메테우스총 13 편,,2013.08.02.금 ~ 08.14.수,,미부착,,개방 가능,공공누리 2~4유형,,,,O,,,,"저작권 보호되는 영화, 다수의 스틸컷",
651,한국영상자료원,HOME > 시네마테크KOFA > 프로그램 > 지난 프로그램,지난 프로그램,8월_독립영화 기획전,"[독립다큐]사물의 숨겨진 원리, 송전탑, 두리반 발전기/[독립애니]치킨, 통닭/[쇼케이스]웰랑 뜨레이/[실험영화]파경: 비디오 아트의 퍼포먼스총 4 편",,2013.08.08.목 ~ 08.27.화,,미부착,,개방 가능,공공누리 2~4유형,,,,O,,,,"저작권 보호되는 영화, 다수의 스틸컷",
652,한국영상자료원,HOME > 시네마테크KOFA > 프로그램 > 지난 프로그램,지난 프로그램,최종병기 활 (확장판),최종병기 활 (확장판)총 1 편,,2013.08.10.토,,미부착,,개방 가능,공공누리 2~4유형,,,,O,,,,"저작권 보호되는 영화, 다수의 스틸컷",
653,한국영상자료원,HOME > 시네마테크KOFA > 프로그램 > 지난 프로그램,지난 프로그램,달시 파켓의 한국영화 산책,귀로총 1 편,,2013.08.11.일,,미부착,,개방 가능,공공누리 2~4유형,,,,O,,,,"저작권 보호되는 영화, 다수의 스틸컷",
654,한국영상자료원,HOME > 시네마테크KOFA > 프로그램 > 지난 프로그램,지난 프로그램,8.15 특집 : <해방의 그 날까지>와 <쇼아>,쇼아 1부 - Part 1/쇼아 1부 - Part 2/쇼아 2부 - Part 1/쇼아 2부 - Part 2/해방의 그 날까지-재일조선인의 발자취총 5 편,,2013.08.15.목 ~ 08.18.일,,미부착,,개방 가능,공공누리 2~4유형,,,,O,,,,"저작권 보호되는 영화, 다수의 스틸컷",
655,한국영상자료원,HOME > 시네마테크KOFA > 프로그램 > 지난 프로그램,지난 프로그램,공포특급: 무서운 이야기,4인용 식탁/괴시/깊은밤 갑자기/낭자한/망령의 웨딩드레스/무서운 이야기/불신지옥/소름/알포인트/여고괴담/여고괴담 두번째 이야기/여곡성/연가시/이웃집 좀비총 14 편,,2013.08.20.화 ~ 09.01.일,,미부착,,개방 가능,공공누리 2~4유형,,,,O,,,,"저작권 보호되는 영화, 다수의 스틸컷",
656,한국영상자료원,HOME > 시네마테크KOFA > 프로그램 > 지난 프로그램,지난 프로그램,8월_배리어프리 영화,블라인드총 1 편,,2013.08.21.수,,미부착,,개방 가능,공공누리 2~4유형,,,,O,,,,"저작권 보호되는 영화, 다수의 스틸컷",
657,한국영상자료원,HOME > 시네마테크KOFA > 프로그램 > 지난 프로그램,지난 프로그램,<리튼> 특별상영,리튼총 1 편,,2013.08.21.수,,미부착,,개방 가능,공공누리 2~4유형,,,,O,,,,"저작권 보호되는 영화, 다수의 스틸컷",
658,한국영상자료원,HOME > 시네마테크KOFA > 프로그램 > 지난 프로그램,지난 프로그램,"침묵을 듣기, 침묵에 말걸기 1",<미친 한 페이지> + 파트타임스위트 + 심보선총 1 편,,2013.08.23.금,,미부착,,개방 가능,공공누리 2~4유형,,,,O,O,,,스틸컷 1장,
659,한국영상자료원,HOME > 시네마테크KOFA > 프로그램 > 지난 프로그램,지난 프로그램,"장화,홍련 10주년 특별상영","쓰리(메모리즈)/장화, 홍련/커밍아웃총 3 편",,2013.08.24.토,,미부착,,개방 가능,공공누리 2~4유형,,,,O,,,,"저작권 보호되는 영화, 다수의 스틸컷",
660,한국영상자료원,HOME > 시네마테크KOFA > 프로그램 > 지난 프로그램,지난 프로그램,211회 독립영화발표회,김용삼 감독 단편모음 展총 1 편,,2013.08.25.일,,미부착,,개방 가능,공공누리 2~4유형,,,,O,O,,,스틸컷 1장,
661,한국영상자료원,HOME > 시네마테크KOFA > 프로그램 > 지난 프로그램,지난 프로그램,정범식 감독 특별전,"기담/해와 달, 탈출총 2 편",,2013.08.25.일,,미부착,,개방 가능,공공누리 2~4유형,,,,O,,,,"저작권 보호되는 영화, 다수의 스틸컷",
662,한국영상자료원,HOME > 시네마테크KOFA > 프로그램 > 지난 프로그램,지난 프로그램,한지혜 감독전,<기차를 세워주세요>등 4편총 1 편,,2013.08.31.토,,미부착,,개방 가능,공공누리 2~4유형,,,,O,O,,,스틸컷 5장,
663,한국영상자료원,HOME > 시네마테크KOFA > 프로그램 > 지난 프로그램,지난 프로그램,한국무술영화열전 2,산동반점/소림사 물장수/소림사 주방장/애권/애권(신)/여애권총 6 편,,2013.09.03.화 ~ 09.15.일,,미부착,,개방 가능,공공누리 2~4유형,,,,O,,,,"저작권 보호되는 영화, 다수의 스틸컷",
664,한국영상자료원,HOME > 시네마테크KOFA > 프로그램 > 지난 프로그램,지난 프로그램,209회 독립영화발표회,"박혜영,박홍준 감독 단편모음 展총 1 편",,2013.09.04.수,,미부착,,개방 가능,공공누리 2~4유형,,,,O,O,,,스틸컷 2장 ,
665,한국영상자료원,HOME > 시네마테크KOFA > 프로그램 > 지난 프로그램,지난 프로그램,임협영화 걸작선 - 의리와 인정,늑대와 돼지와 인간/메이지협객전/붉은 모란 - 돌아온 오류/붉은 모란 - 화투 승부/샤부 야쿠자/신 의리없는 전쟁 - 음모/의리의 무덤/의리의 인력거꾼/일본협객전총 9 편,,2013.09.05.목 ~ 09.13.금,,미부착,,개방 가능,공공누리 2~4유형,,,,,O,,,영화별 스틸컷 1장,
666,한국영상자료원,HOME > 시네마테크KOFA > 프로그램 > 지난 프로그램,지난 프로그램,210회 독립영화발표회,벌거숭이총 1 편,,2013.09.11.수,,미부착,,개방 가능,공공누리 2~4유형,,,,O,,,,"저작권 보호되는 영화, 다수의 스틸컷",
667,한국영상자료원,HOME > 시네마테크KOFA > 프로그램 > 지난 프로그램,지난 프로그램,9월_독립영화 기획전,[독립다큐]주님의 학교/[독립애니]멜로디의 여운/[쇼케이스]마이 플레이스/[실험영화]EX-STUDY 9월 이현정 작가총 4 편,,2013.09.12.목 ~ 09.26.목,,미부착,,개방 가능,공공누리 2~4유형,,,,O,,,,"저작권 보호되는 영화, 다수의 스틸컷",
668,한국영상자료원,HOME > 시네마테크KOFA > 프로그램 > 지난 프로그램,지난 프로그램,<대부> 특별 상영,대부/대부 2총 2 편,,2013.09.14.토 ~ 09.17.화,,미부착,,개방 가능,공공누리 2~4유형,,,,O,,,,"저작권 보호되는 영화, 다수의 스틸컷",
669,한국영상자료원,HOME > 시네마테크KOFA > 프로그램 > 지난 프로그램,지난 프로그램,9월_블루레이 특별전,내 남자의 아내도 좋아/노스페이스/라 비 앙 로즈/멜랑콜리아/아수라/아이 엠 러브총 6 편,,2013.09.21.토 ~ 09.22.일,,미부착,,개방 가능,공공누리 2~4유형,,,,O,,,,"저작권 보호되는 영화, 다수의 스틸컷",
670,한국영상자료원,HOME > 시네마테크KOFA > 프로그램 > 지난 프로그램,지난 프로그램,"영원한, 젊은 남자: 이정재 특별전",1724 기방난동사건/도둑들/불새/선물/순애보/시월애/신세계/오! 브라더스/오버 더 레인보우/이재수의 난/인터뷰/젊은 남자/태양은 없다/하녀/흑수선총 15 편,,2013.09.24.화 ~ 10.06.일,,미부착,,개방 가능,공공누리 2~4유형,,,,O,,,,"저작권 보호되는 영화, 다수의 스틸컷",
671,한국영상자료원,HOME > 시네마테크KOFA > 프로그램 > 지난 프로그램,지난 프로그램,우리시대 영화장인: 김우형,고지전/돈의 맛/만추/파주총 4 편,,2013.09.26.목 ~ 09.27.금,,미부착,,개방 가능,공공누리 2~4유형,,,,O,,,,"저작권 보호되는 영화, 다수의 스틸컷",
672,한국영상자료원,HOME > 시네마테크KOFA > 프로그램 > 지난 프로그램,지난 프로그램,10월_독립영화발표회,[212회]전현구 감독 단편모음 展/[213회]미화/밥상/시선들/워크숍/킬러에게 연장근로란 없다/[214회]꾸구리/[215회]고은진 감독 다큐 展 - 팔당 사람들총 4 편,,2013.10.02.수 ~ 10.23.수,,미부착,,개방 가능,공공누리 2~4유형,,,,,O,,,영화별 스틸컷 1장씩,
673,한국영상자료원,HOME > 시네마테크KOFA > 프로그램 > 지난 프로그램,지난 프로그램,10월_클래식 릴레이 한국영화,그 여름의 마지막 날/꽃지/당신을 알고나서/대학생/댁의 아빠도 이렇읍니까/무릎과 무릎사이/미인/비전/사녀/설국/성숙/일송정 푸른 솔은/적도의 꽃/절정/질투/청춘무정/청춘불시착/흑녀총 18 편,,2013.10.08.화 ~ 10.20.일,,미부착,,개방 가능,공공누리 2~4유형,,,,O,,,,"저작권 보호되는 영화, 다수의 스틸컷",
674,한국영상자료원,HOME > 시네마테크KOFA > 프로그램 > 지난 프로그램,지난 프로그램,10월_독립영화 기획전,[독립다큐]잔인한 내림 - 遺傳/[독립애니]학교 가는 길 외 6편/[쇼케이스]주님의 학교/[실험영화] EX-STUDY총 4 편,,2013.10.10.목 ~ 10.24.목,,미부착,,개방 가능,공공누리 2~4유형,,,,O,O,,,영화별 스틸컷 1장씩,
675,한국영상자료원,HOME > 시네마테크KOFA > 프로그램 > 지난 프로그램,지난 프로그램,영화박물관 전시와 함께 보는 <소중한 날의 꿈>,소중한 날의 꿈총 1 편,,2013.10.12.토 ~ 12.14.토,,미부착,,개방 가능,공공누리 2~4유형,,,,O,,,,"저작권 보호되는 영화, 다수의 스틸컷",
676,한국영상자료원,HOME > 시네마테크KOFA > 프로그램 > 지난 프로그램,지난 프로그램,제2회 서울이주민예술제: 씨네 프리즘,"단편1 (라이의 바꿔주세요, 등)/단편2 (내 이름은 미리암입니다, 등)/단편3 (파키, 등)/장편: 러브 인 코리아/해외 초청전: 일본 1/해외 초청전: 일본 2총 6 편",,2013.10.17.목 ~ 10.20.일,,미부착,,개방 가능,공공누리 2~4유형,,,,,O,,,포스터 1장,
677,한국영상자료원,HOME > 시네마테크KOFA > 프로그램 > 지난 프로그램,지난 프로그램,우리시대 영화장인 2: 임재영 조명감독,YMCA 야구단/공동경비구역 J.S.A/광식이 동생 광태/사의 찬미/얼굴없는 미녀/여교수의 은밀한 매력/와이키키 브라더스/접속/테러리스트/텔미썸딩/해가 서쪽에서 뜬다면/효자동 이발사총 12 편,,2013.10.22.화 ~ 10.26.토,,미부착,,개방 가능,공공누리 2~4유형,,,,O,,,,"저작권 보호되는 영화, 다수의 스틸컷",
678,한국영상자료원,HOME > 시네마테크KOFA > 프로그램 > 지난 프로그램,지난 프로그램,"침묵을 듣기, 침묵에 말걸기 2","베케트, 그리고 소진된 인간총 1 편",,2013.10.25.금,,미부착,,개방 가능,공공누리 2~4유형,,,,O,O,,,자막 이미지 1장,
679,한국영상자료원,HOME > 시네마테크KOFA > 프로그램 > 지난 프로그램,지난 프로그램,10월_블루레이 특별전,노킹 온 헤븐스 도어/옴 샨티 옴/트리 오브 라이프총 3 편,,2013.10.27.일 ~ 10.29.화,,미부착,,개방 가능,공공누리 2~4유형,,,,O,O,,,외국영화,
680,한국영상자료원,HOME > 시네마테크KOFA > 프로그램 > 지난 프로그램,지난 프로그램,"봉준호 감독 그리고 제작진들과 함께 보는 <살인의 추억> 10주년 특별상영 - 살인의 추억, 그 10년의 기억",살인의 추억총 1 편,,2013.10.29.화,,미부착,,개방 가능,공공누리 2~4유형,,,,O,,,,"저작권 보호되는 영화, 다수의 스틸컷",
681,한국영상자료원,HOME > 시네마테크KOFA > 프로그램 > 지난 프로그램,지난 프로그램,최인호 특별전,걷지 말고 뛰어라/겨울나그네/고래사냥/깊고 푸른 밤/도시의 사냥꾼/돌의 초상/바보들의 행진/별들의 고향/별들의 고향(속)/병태와 영자/불새(1980)/불새(1996)/사랑의 조건/안녕하세요 하나님/어머니는 죽지 않는다/어제 내린 비/적도의 꽃/천국의 계단/황진이총 19 편,,2013.10.30.수 ~ 11.10.일,,미부착,,개방 가능,공공누리 2~4유형,,,,O,,,,"저작권 보호되는 영화, 다수의 스틸컷",
682,한국영상자료원,HOME > 시네마테크KOFA > 프로그램 > 지난 프로그램,지난 프로그램,DMC 영화제,2013 SICAF 수상작(성인)/2013 SICAF 수상작(아동)/깡철이/다시 보는 최강애니전 2012/미리 보는 최강애니전 2013총 5 편,,2013.10.31.목 ~ 11.01.금,,미부착,,개방 가능,공공누리 2~4유형,,,,O,,,,"저작권 보호되는 영화, 다수의 스틸컷",
683,한국영상자료원,HOME > 시네마테크KOFA > 프로그램 > 지난 프로그램,지난 프로그램,제1회 필름게이트 단편영화제,제1회 필름게이트 단편영화제 Part 1/제1회 필름게이트 단편영화제 Part 2/제1회 필름게이트 단편영화제 Part 3총 3 편,,2013.11.02.토,,미부착,,개방 가능,공공누리 2~4유형,,,,O,O,,,이미지(출처불명 사진),
684,한국영상자료원,HOME > 시네마테크KOFA > 프로그램 > 지난 프로그램,지난 프로그램,11월_독립영화발표회,[216회]서울국제초단편영상제 추천작 展/[217회]DAIFF (Done and interactive film festival) 추천작 展/[218회]김영조 감독 다큐 展총 3 편,,2013.11.06.수 ~ 11.27.수,,미부착,,개방 가능,공공누리 2~4유형,,,,,O,,,영화별 스틸컷 1장,
685,한국영상자료원,HOME > 시네마테크KOFA > 프로그램 > 지난 프로그램,지난 프로그램,인디GO영화제,"[리슨 투 더 무비]다크카페 가는 길 + 공연 + <천국의 속삭임> 화면해설 라이브/가을N멜로 1: 티끌 모아 로맨스/가을N멜로 2: 혜화, 동/가을N멜로 3: 조금만 더 가까이/가을N멜로 4: 바다 쪽으로, 한 뼘 더/단편 1: 네버엔딩호러/단편 2: 베스트 노미네이트/단편 3: 스페셜 애니메이션/단편 4: 액터 앤 디렉터/리얼N다큐 1: 고양이 춤/리얼N다큐 2: 반드시 크게 들을 것/리얼N다큐 3: 시간의 춤/상상N호러 1: 독/상상N호러 2: 이웃집 좀비/상상N호러 3: 인비져블 시리즈/애니N애니 1: 파닥파닥/애니N애니 2: 돼지의 왕/특별상영 1: 워낭소리/특별상영 2: 신의 소녀들/특별상영 3: 어떤 시선/특별상영 4: 할 수 있는 자가 구하라총 21 편",,2013.11.12.화 ~ 11.24.일,,미부착,,개방 가능,공공누리 2~4유형,,,,O,,,,"저작권 보호되는 영화, 다수의 스틸컷",
686,한국영상자료원,HOME > 시네마테크KOFA > 프로그램 > 지난 프로그램,지난 프로그램,11월_클래식 릴레이 한국영화,공처가 삼대/구봉서의 벼락부자/남자 조종법/남자미용사/남자식모/돈에 눌려 죽은 사나이/로맨스그레이/살사리 몰랐지/삼등과장/신사는 새것을 좋아한다/약혼녀/언니는 말괄량이/여사장/역전중국집/염통에 털난 사나이/타잔 한국에 오다총 16 편,,2013.11.12.화 ~ 11.28.목,,미부착,,개방 가능,공공누리 2~4유형,,,,O,,,,"저작권 보호되는 영화, 다수의 스틸컷",
687,한국영상자료원,HOME > 시네마테크KOFA > 프로그램 > 지난 프로그램,지난 프로그램,11월_독립영화 기획전,[독립다큐]청춘유예/[쇼케이스]잔인한 내림- 遺傳(유전)총 2 편,,2013.11.14.목 ~ 11.26.화,,미부착,,개방 가능,공공누리 2~4유형,,,,,O,,,영화별 스틸컷 1장,
688,한국영상자료원,HOME > 시네마테크KOFA > 프로그램 > 지난 프로그램,지난 프로그램,2013 배리어프리영화제,7번방의 선물(배리어프리 버전)/[포럼]배리어프리 영화에서의 자막과 수화/그대를 사랑합니다(배리어프리 버전)/더 테러 라이브(배리어프리 버전)/엔딩 노트(배리어프리 버전)/위 캔 두 댓!(배리어프리 버전)/천국의 속삭임(배리어프리 버전)/터치 오브 라이트(배리어프리 버전)총 8 편,,2013.11.28.목 ~ 12.01.일,,미부착,,개방 가능,공공누리 2~4유형,,,,O,,,,"저작권 보호되는 영화, 다수의 스틸컷",
689,한국영상자료원,HOME > 시네마테크KOFA > 프로그램 > 지난 프로그램,지난 프로그램,우리 시대 영화 장인 3 - 김석원 마스터클래스,고고70/공공의 적/공동경비구역 J.S.A/복수는 나의 것/쉬리/와이키키 브라더스/혈의 누총 7 편,,2013.12.03.화 ~ 12.08.일,,미부착,,개방 가능,공공누리 2~4유형,,,,O,,,,"저작권 보호되는 영화, 다수의 스틸컷",
690,한국영상자료원,HOME > 시네마테크KOFA > 프로그램 > 지난 프로그램,지난 프로그램,12월_독립영화발표회,"[219회]NAKED 옴니버스 영화 제작워크숍 展/[220회]신이수, 최아름 감독 단편 展/[221회]아시아나국제단편영화제 추천작 展/[222회]이유빈 감독 장편 展총 4 편",,2013.12.04.수 ~ 12.25.수,,미부착,,개방 가능,공공누리 2~4유형,,,,,O,,,영화별 스틸컷 1장,
691,한국영상자료원,HOME > 시네마테크KOFA > 프로그램 > 지난 프로그램,지난 프로그램,12월_블루레이 특별전,더 그레이/연애의 온도총 2 편,,2013.12.07.토,,미부착,,개방 가능,공공누리 2~4유형,,,,O,,,,"저작권 보호되는 영화, 다수의 스틸컷",
692,한국영상자료원,HOME > 시네마테크KOFA > 프로그램 > 지난 프로그램,지난 프로그램,"청춘, 가슴 뛰게 하는 이름: 정우성 특별전","감시자들/구미호/내 머리 속의 지우개/데이지/똥개/러브/모텔 선인장/무사/본 투 킬/비트/새드무비/연출작 모음/유령/좋은 놈, 나쁜 놈, 이상한 놈/태양은 없다/호우시절총 16 편",,2013.12.10.화 ~ 12.22.일,,미부착,,개방 가능,공공누리 2~4유형,,,,O,,,,"저작권 보호되는 영화, 다수의 스틸컷",
693,한국영상자료원,HOME > 시네마테크KOFA > 프로그램 > 지난 프로그램,지난 프로그램,이스라엘 다큐 특별 상영 - 데이비드 페를로브 10주기 기념,예루살렘의 발자취총 1 편,,2013.12.12.목,,미부착,,개방 가능,공공누리 2~4유형,,,,,O,,,포스터 1장,
694,한국영상자료원,HOME > 시네마테크KOFA > 프로그램 > 지난 프로그램,지난 프로그램,재팬파운데이션 무비 페스티벌,LIGHT UP NIPPON/P짱은 내친구/꿈팔이 부부 사기단/도쿄 소나타/백자의 사람/비용의 아내-버찌와 민들레/숲의 학교/열흘 밤의 꿈/올웨이즈 3번가의 석양/우리 의사 선생님/이겨라 승리호/집오리와 들오리의 코인로커/키사라즈 캐츠아이 월드시리즈/키사라즈 캐츠아이 일본 시리즈/피아노의 숲/하루와 떠난 여행/호텔 하이비스커스/힘내라 훌라걸총 18 편,,2013.12.17.화 ~ 12.22.일,,미부착,,개방 가능,공공누리 2~4유형,,,,O,,,,"저작권 보호되는 영화, 다수의 스틸컷",
695,한국영상자료원,HOME > 시네마테크KOFA > 프로그램 > 지난 프로그램,지난 프로그램,12월_독립영화 기획전,"[실험영화] EX-STUDY/村, 금가이총 2 편",,2013.12.19.목 ~ 12.26.목,,미부착,,개방 가능,공공누리 2~4유형,,,,O,O,,,이미지(출처불명 사진),
696,한국영상자료원,HOME > 시네마테크KOFA > 프로그램 > 지난 프로그램,지난 프로그램,크리스마스 특집 프로그램,"구름의 저편, 약속의 장소/별을 쫓는 아이/언어의 정원/에코 플레닛 3D: 지구 구출 특급 대작전/초속 5센티미터총 5 편",,2013.12.24.화 ~ 12.25.수,,미부착,,개방 가능,공공누리 2~4유형,,,,O,,,,"저작권 보호되는 영화, 다수의 스틸컷",
697,한국영상자료원,HOME > 시네마테크KOFA > 프로그램 > 지난 프로그램,지난 프로그램,오스트리아 실험영화 60주년 특별전,CINEMA REVISITED/CONCRETE FORMS/DAILY BUSINESS/FROM A TO Z AND BACK/HERE’S LOOKING AT YOU/IN AWE/PASSING TIME/VISITING OUR NEIGHBOURS/WHOSE REALITY?총 9 편,,2013.12.26.목 ~ 12.28.토,,미부착,,개방 가능,공공누리 2~4유형,,,,O,O,,,이미지(출처불명 사진),
698,한국영상자료원,HOME > 시네마테크KOFA > 프로그램 > 지난 프로그램,지난 프로그램,"미워도 다시 한 번, 정소영 감독 추모 특별전",겨울로 가는 마차/그 마지막 겨울/나는 고백한다/내가 버린 남자/내가 버린 여자/너는 내 운명/마지막 겨울/마지막 찻잔/미워도 다시한번/미워도 다시한번(3편)/미워도 다시한번(속)/버려진 청춘/이 밤이여 영원히총 13 편,,2013.12.26.목 ~ 01.05.일,,미부착,,개방 가능,공공누리 2~4유형,,,,O,,,,"저작권 보호되는 영화, 다수의 스틸컷",
699,한국영상자료원,HOME > 시네마테크KOFA > 프로그램 > 지난 프로그램,지난 프로그램,<지구를 지켜라!> 10주년 특별상영,2001 이매진/지구를 지켜라!/화이 : 괴물을 삼킨 아이총 3 편,,2013.12.29.일,,미부착,,개방 가능,공공누리 2~4유형,,,,O,,,,"저작권 보호되는 영화, 다수의 스틸컷",
700,한국영상자료원,HOME > 시네마테크KOFA > 프로그램 > 지난 프로그램,지난 프로그램,해리포터 완전정복: 해리포터 전편 블루레이 상영회,해리포터와 마법사의 돌/해리포터와 불사조 기사단/해리포터와 불의 잔/해리포터와 비밀의 방/해리포터와 아즈카반의 죄수/해리포터와 죽음의 성물 - 1부/해리포터와 죽음의 성물 - 2부/해리포터와 혼혈왕자총 8 편,,2014.01.04.토 ~ 01.26.일,,미부착,,개방 가능,공공누리 2~4유형,,,,O,,,,"저작권 보호되는 영화, 다수의 스틸컷",
701,한국영상자료원,HOME > 시네마테크KOFA > 프로그램 > 지난 프로그램,지난 프로그램,"1월_퐁당퐁당의 저주, 할 수 있는 자가 구하라",라잇 온 미/마스터/버니/아워 이디엇 브라더/에브리데이/코스모폴리스/홀리 모터스총 7 편,,2014.01.07.화 ~ 01.16.목,,미부착,,개방 가능,공공누리 2~4유형,,,,O,,,,"저작권 보호되는 영화, 다수의 스틸컷",
702,한국영상자료원,HOME > 시네마테크KOFA > 프로그램 > 지난 프로그램,지난 프로그램,1월_클래식 릴레이 한국영화,동대문시장 훈이 엄마/둘째 어머니/새엄마/엄마 결혼식 (1973)/엄마 결혼식 (1981)/엄마없는 하늘아래/하늘나라 엄마별이총 7 편,,2014.01.07.화 ~ 01.15.수,,미부착,,개방 가능,공공누리 2~4유형,,,,O,,,,"저작권 보호되는 영화, 다수의 스틸컷",
703,한국영상자료원,HOME > 시네마테크KOFA > 프로그램 > 지난 프로그램,지난 프로그램,1월_독립영화 발표회,"[223회] 청춘, 오! 청춘 단편모음展/[224회]안선경 감독 장편展/[225회]연분홍 치마 장편 다큐展총 3 편",,2014.01.08.수 ~ 01.22.수,,미부착,,개방 가능,공공누리 2~4유형,,,,O,,,,"저작권 보호되는 영화, 다수의 스틸컷",
704,한국영상자료원,HOME > 시네마테크KOFA > 프로그램 > 지난 프로그램,지난 프로그램,1월_독립영화 기획전,"[독립다큐]명성, 그 6일의 기록/[독립다큐]변방에서 중심으로/[실험영화]Club eX총 3 편",,2014.01.09.목 ~ 01.23.목,,미부착,,개방 가능,공공누리 2~4유형,,,,O,,,,"저작권 보호되는 영화, 다수의 스틸컷",
705,한국영상자료원,HOME > 시네마테크KOFA > 프로그램 > 지난 프로그램,지난 프로그램,말의 해 특별전,마부/말띠며느리/말띠신부/워 호스/토리노의 말총 5 편,,2014.01.16.목 ~ 01.19.일,,미부착,,개방 가능,공공누리 2~4유형,,,,O,,,,"저작권 보호되는 영화, 다수의 스틸컷",
706,한국영상자료원,HOME > 시네마테크KOFA > 프로그램 > 지난 프로그램,지난 프로그램,시네마테크KOFA가 주목한 2012년 한국영화 리플레이,건축학개론/남영동 1985/다른 나라에서/돈의 맛/두개의 문/로맨스 조/밍크 코트/범죄소년/범죄와의 전쟁/줄탁동시/터치/피에타총 12 편,,2014.01.21.화 ~ 02.02.일,,미부착,,개방 가능,공공누리 2~4유형,,,,O,,,,"저작권 보호되는 영화, 다수의 스틸컷",
707,한국영상자료원,HOME > 시네마테크KOFA > 프로그램 > 지난 프로그램,지난 프로그램,"침묵을 듣기, 침묵에 말걸기 3",프리즈마/프리즈마 + 공연총 2 편,,2014.01.24.금 ~ 01.25.토,,미부착,,개방 가능,공공누리 2~4유형,,,,O,O,,,스틸컷 1장,
708,한국영상자료원,HOME > 시네마테크KOFA > 프로그램 > 지난 프로그램,지난 프로그램,[해피투게더 독립영화]수련,수련총 1 편,,2014.01.25.토,,미부착,,개방 가능,공공누리 2~4유형,,,,O,O,,,스틸컷 1장,
709,한국영상자료원,HOME > 시네마테크KOFA > 프로그램 > 지난 프로그램,지난 프로그램,"2월_퐁당퐁당의 저주, 할 수 있는 자가 구하라",문라이즈 킹덤/셰임/앤젤스 셰어: 천사를 위한 위스키/인 더 하우스/테이크 쉘터총 5 편,,2014.02.04.화 ~ 02.14.금,,미부착,,개방 가능,공공누리 2~4유형,,,,O,,,,"저작권 보호되는 영화, 다수의 스틸컷",
710,한국영상자료원,HOME > 시네마테크KOFA > 프로그램 > 지난 프로그램,지난 프로그램,시네마테크KOFA가 주목한 2013년 한국영화,누구의 딸도 아닌 해원/더 테러 라이브/러시안 소설/베를린/사이비/설국열차/우리선희/잠 못 드는 밤/지슬 - 끝나지 않은 세월/풍경/화이 - 괴물을 삼킨 아이총 11 편,,2014.02.04.화 ~ 02.16.일,,미부착,,개방 가능,공공누리 2~4유형,,,,O,,,,"저작권 보호되는 영화, 다수의 스틸컷",
711,한국영상자료원,HOME > 시네마테크KOFA > 프로그램 > 지난 프로그램,지난 프로그램,2월_독립영화 발표회,[226회]이주민에 대한 어떤 시선 단편 展/[227회]이무상 감독 단편 展/[228회]정혁원 감독 장편 展/[229회]함동국 감독 장편 展총 4 편,,2014.02.05.수 ~ 02.26.수,,미부착,,개방 가능,공공누리 2~4유형,,,,O,O,,,이미지(출처불명 사진),
712,한국영상자료원,HOME > 시네마테크KOFA > 프로그램 > 지난 프로그램,지난 프로그램,2월_독립영화 기획전,[독립다큐]과거는 낯선 나라다/[독립다큐]세 발 까마귀/[실험영화]방독피총 3 편,,2014.02.13.목 ~ 02.27.목,,미부착,,개방 가능,공공누리 2~4유형,,,,O,,,,"저작권 보호되는 영화, 다수의 스틸컷",
713,한국영상자료원,HOME > 시네마테크KOFA > 프로그램 > 지난 프로그램,지난 프로그램,2월_클래식 릴레이 한국영화,돌아이/돌아이 2/미미와 철수의 청춘스케치/어둠의 자식들/이장호의 외인구단/클래식총 6 편,,2014.02.18.화 ~ 02.28.금,,미부착,,개방 가능,공공누리 2~4유형,,,,O,,,,"저작권 보호되는 영화, 다수의 스틸컷",
714,한국영상자료원,HOME > 시네마테크KOFA > 프로그램 > 지난 프로그램,지난 프로그램,"서울독립영화제 앵콜전, 2013 독립영화의 시대정신",1945년의 시대정신/곡상녀/광기가 우리를 갈라놓을 때까지/단편 초이스 1/단편 초이스 2/두물머리/떠돌이 개/로치데일 최고의 작은 유곽/리모트 콘트롤/서울연애/셔틀콕/수련/야마모리 클립공장/오스카 그랜트의 어떤 하루/톤레삽강은 멈추지 않는다/할리마의 길총 16 편,,2014.02.18.화 ~ 03.02.일,,미부착,,개방 가능,공공누리 2~4유형,,,,O,,,,"저작권 보호되는 영화, 다수의 스틸컷",
715,한국영상자료원,HOME > 시네마테크KOFA > 프로그램 > 지난 프로그램,지난 프로그램,"[해피투게더 독립영화]1999, 면회","1999, 면회총 1 편",,2014.02.22.토,,미부착,,개방 가능,공공누리 2~4유형,,,,O,,,,"저작권 보호되는 영화, 다수의 스틸컷",
716,한국영상자료원,HOME > 시네마테크KOFA > 프로그램 > 지난 프로그램,지난 프로그램,우리시대 영화장인 4: 신재호 마스터클래스,최종병기 활/텔미썸딩/혈의 누총 3 편,,2014.02.22.토 ~ 02.23.일,,미부착,,개방 가능,공공누리 2~4유형,,,,O,,,,"저작권 보호되는 영화, 다수의 스틸컷",
717,한국영상자료원,HOME > 시네마테크KOFA > 프로그램 > 지난 프로그램,지난 프로그램,"한국영화 100선, Part 1",8월의 크리스마스/공동경비구역 JSA/괴물/마부/밀양/바람불어 좋은날/바보들의 행진/바보선언/박하사탕/별들의 고향/사랑방 손님과 어머니/살인의 추억/서편제/영자의 전성시대/오발탄/올드보이/자유부인/하녀총 18 편,,2014.03.04.화 ~ 03.28.금,,미부착,,개방 가능,공공누리 2~4유형,,,,O,,,,"저작권 보호되는 영화, 다수의 스틸컷",
718,한국영상자료원,HOME > 시네마테크KOFA > 프로그램 > 지난 프로그램,지난 프로그램,3월_클래식 릴레이 한국영화,검으나 땅에 희나 백성/달마가 동쪽으로 간 까닭은?총 2 편,,2014.03.06.목,,미부착,,개방 가능,공공누리 2~4유형,,,,O,,,,"저작권 보호되는 영화, 다수의 스틸컷",
719,한국영상자료원,HOME > 시네마테크KOFA > 프로그램 > 지난 프로그램,지난 프로그램,그린라이트를 켜라!,그는 당신에게 반하지 않았다/남자사용설명서/노팅힐/레터스 투 줄리엣/브로크백 마운틴/세렌디피티/시라노: 연애조작단/시애틀의 잠 못 이루는 밤/아무르/어페어 투 리멤버/원스/전차남/해리가 샐리를 만났을 때총 13 편,,2014.03.11.화 ~ 03.20.목,,미부착,,개방 가능,공공누리 2~4유형,,,,O,,,,"저작권 보호되는 영화, 다수의 스틸컷",
720,한국영상자료원,HOME > 시네마테크KOFA > 프로그램 > 지난 프로그램,지난 프로그램,3월_독립영화 기획전,[독립다큐]당신과 나의 전쟁/[독립다큐]여정/[실험영화]내러티브 플러스 Narrative +총 3 편,,2014.03.13.목 ~ 03.27.목,,미부착,,개방 가능,공공누리 2~4유형,,,,O,,,,"저작권 보호되는 영화, 다수의 스틸컷",
721,한국영상자료원,HOME > 시네마테크KOFA > 프로그램 > 지난 프로그램,지난 프로그램,3월/4월_프로그래머의 초이스,퀸테트/희생자총 2 편,,2014.03.15.토 ~ 04.09.수,,미부착,,개방 가능,공공누리 2~4유형,,,,,O,,,영화별 스틸컷 1장,
722,한국영상자료원,HOME > 시네마테크KOFA > 프로그램 > 지난 프로그램,지난 프로그램,침묵을 듣기 침묵에 말 걸기 4,<계시자> x 한유주 x 류한길총 1 편,,2014.03.28.금,,미부착,,개방 가능,공공누리 2~4유형,,,,O,,,,"저작권 보호되는 영화, 다수의 스틸컷",
723,한국영상자료원,HOME > 시네마테크KOFA > 프로그램 > 지난 프로그램,지난 프로그램,3월_배리어프리영화 정기상영,천국의 속삭임(배리어프리)총 1 편,,2014.03.28.금,,미부착,,개방 가능,공공누리 2~4유형,,,,O,,,,"저작권 보호되는 영화, 다수의 스틸컷",
724,한국영상자료원,HOME > 시네마테크KOFA > 프로그램 > 지난 프로그램,지난 프로그램,"思母曲, 故 황정순 추모 특별전",(속) 팔도강산 - 세계를 간다/갯마을/공처가 삼대/김약국의 딸들/내일의 팔도강산 - 제3편/돈/두 아들(속)/말띠신부/민며느리/박서방/삼등과장/어느 여배우의 고백/육체의 고백/장남/장마/팔도강산/피막/혈맥총 18 편,,2014.03.29.토 ~ 04.13.일,,미부착,,개방 가능,공공누리 2~4유형,,,,O,,,,"저작권 보호되는 영화, 다수의 스틸컷",
725,한국영상자료원,HOME > 시네마테크KOFA > 프로그램 > 지난 프로그램,지난 프로그램,[해피투게더 독립영화]파스카,파스카총 1 편,,2014.03.29.토,,미부착,,개방 가능,공공누리 2~4유형,,,,O,,,,"저작권 보호되는 영화, 다수의 스틸컷",
726,한국영상자료원,HOME > 시네마테크KOFA > 프로그램 > 지난 프로그램,지난 프로그램,3월_블루레이 특별전,더 레슬러총 1 편,,2014.03.29.토,,미부착,,개방 가능,공공누리 2~4유형,,,,O,,,,"저작권 보호되는 영화, 다수의 스틸컷",
727,한국영상자료원,HOME > 시네마테크KOFA > 프로그램 > 지난 프로그램,지난 프로그램,4월_독립영화의 재발견,윤가은 감독 단편전총 1 편,,2014.04.02.수,,미부착,,개방 가능,공공누리 2~4유형,,,,O,O,,,스틸컷 1장,
728,한국영상자료원,HOME > 시네마테크KOFA > 프로그램 > 지난 프로그램,지난 프로그램,"4월_퐁당퐁당의 저주, 할 수 있는 자가 구하라",러스트 앤 본/마지막 4중주/부에노스 아이레스에서 사랑에 빠질 확률/블링 링/세상의 끝까지 21일/쇼를 사랑한 남자/폭스파이어/해피 이벤트총 8 편,,2014.04.11.금 ~ 04.25.금,,미부착,,개방 가능,공공누리 2~4유형,,,,O,,,,"저작권 보호되는 영화, 다수의 스틸컷",
729,한국영상자료원,HOME > 시네마테크KOFA > 프로그램 > 지난 프로그램,지난 프로그램,신상옥 감독 추모 상영,빨간 마후라총 1 편,,2014.04.11.금,,미부착,,개방 가능,공공누리 2~4유형,,,,O,,,,"저작권 보호되는 영화, 다수의 스틸컷",
730,한국영상자료원,HOME > 시네마테크KOFA > 프로그램 > 지난 프로그램,지난 프로그램,4월_독립영화 기획전,[독립다큐]시간여행 - 외박/[쇼케이스]극장전개/[실험영화]내러티브 플러스 Narrative + - 용문총 3 편,,2014.04.17.목 ~ 04.24.목,,미부착,,개방 가능,공공누리 2~4유형,,,,O,O,,,영화별 이미지 1개씩,
731,한국영상자료원,HOME > 시네마테크KOFA > 프로그램 > 지난 프로그램,지난 프로그램,토탈 리콜: 기록하는 미술 기억하는 영화관,김경만 + 옥인콜렉티브/박찬경 + PARKing CHANce/안건형/옥인콜렉티브/정윤석+차재민총 5 편,,2014.04.18.금 ~ 05.18.일,,미부착,,개방 가능,공공누리 2~4유형,,,,O,O,,,영화별 이미지 1개씩,
732,한국영상자료원,HOME > 시네마테크KOFA > 프로그램 > 지난 프로그램,지난 프로그램,가와시마 유조 감독전,기러기 절/돌아온 남자/막말태양전/사랑의 수하물/셋방/스자키 파라다이스/여자는 두 번 태어난다/정숙한 짐승/화영총 9 편,,2014.04.19.토 ~ 04.27.일,,미부착,,개방 가능,공공누리 2~4유형,,,,O,O,,,영화별 이미지 1개씩,
733,한국영상자료원,HOME > 시네마테크KOFA > 프로그램 > 지난 프로그램,지난 프로그램,[해피투게더 독립영화]비념,비념총 1 편,,2014.04.27.일,,미부착,,개방 가능,공공누리 2~4유형,,,,O,,,,"저작권 보호되는 영화, 다수의 스틸컷",
734,한국영상자료원,HOME > 시네마테크KOFA > 프로그램 > 지난 프로그램,지난 프로그램,"한국영화 100선, Part 2",검은 머리/귀로/돌아오지 않는 해병/마의 계단/삼포가는 길/휴일총 6 편,,2014.04.29.화 ~ 05.10.토,,미부착,,개방 가능,공공누리 2~4유형,,,,O,,,,"저작권 보호되는 영화, 다수의 스틸컷",
735,한국영상자료원,HOME > 시네마테크KOFA > 프로그램 > 지난 프로그램,지난 프로그램,"문화가 있는 날, <청춘의 십자로> 변사공연, 저작권 보호기간 만료",청춘의 십자로(변사공연)총 1 편,,2014.04.30.수,,미부착,,개방 가능,공공누리 1유형,,,,,O,,,청춘의 십자로(1934),
736,한국영상자료원,HOME > 시네마테크KOFA > 프로그램 > 지난 프로그램,지난 프로그램,5월_블루레이 특별전,돼지의 왕/메탈리카 스루 더 네버/사이비/플레이스 비욘드 더 파인즈총 4 편,,2014.05.01.목 ~ 05.02.금,,미부착,,개방 가능,공공누리 2~4유형,,,,O,,,,"저작권 보호되는 영화, 다수의 스틸컷",
737,한국영상자료원,HOME > 시네마테크KOFA > 프로그램 > 지난 프로그램,지난 프로그램,May the force be with you! <스타워즈> 전편 특별 상영,스타워즈 에피소드 1: 보이지 않는 위험/스타워즈 에피소드 2: 클론의 습격/스타워즈 에피소드 3: 시스의 복수/스타워즈 에피소드 4: 새로운 희망/스타워즈 에피소드 5: 제국의 역습/스타워즈 에피소드 6: 제다이의 귀환총 6 편,,2014.05.03.토 ~ 05.04.일,,미부착,,개방 가능,공공누리 2~4유형,,,,O,,,,"저작권 보호되는 영화, 다수의 스틸컷",
738,한국영상자료원,HOME > 시네마테크KOFA > 프로그램 > 지난 프로그램,지난 프로그램,"흩어진 자, 돌아오는 그들: 입양영화 특별전",AKA 댄/귀향/단델리온 더스트/마이 파더/베를린 리포트/수잔 브링크의 아리랑/안녕?! 오케스트라/여행자/자전거를 탄 소년/지로이야기/프랑스인 김명실/피부색깔 = 꿀색/필로미나의 기적총 13 편,,2014.05.06.화 ~ 05.21.수,,미부착,,개방 가능,공공누리 2~4유형,,,,O,,,,"저작권 보호되는 영화, 다수의 스틸컷",
739,한국영상자료원,HOME > 시네마테크KOFA > 프로그램 > 지난 프로그램,지난 프로그램,5월_독립영화의 재발견,모델 등 5편총 1 편,,2014.05.07.수,,미부착,,개방 가능,공공누리 2~4유형,,,,O,O,,,스틸컷 1장,
740,한국영상자료원,HOME > 시네마테크KOFA > 프로그램 > 지난 프로그램,지난 프로그램,5월_독립영화 기획전,[독립다큐]아무도 꾸지 않은 꿈/[독립애니]눈물이 바람이 되어/[쇼케이스]김숙현 감독 단편선/[실험영화]트로피컬 마닐라총 4 편,,2014.05.08.목 ~ 05.20.화,,미부착,,개방 가능,공공누리 1유형,,,,,O,,,"포스터, 저작물성 없음",
741,한국영상자료원,HOME > 시네마테크KOFA > 프로그램 > 지난 프로그램,지난 프로그램,5월_프로그래머의 초이스,사랑의 여로총 1 편,,2014.05.17.토 ~ 05.21.수,,미부착,,개방 가능,공공누리 2~4유형,,,,,O,,,포스터 3장,
742,한국영상자료원,HOME > 시네마테크KOFA > 프로그램 > 지난 프로그램,지난 프로그램,"40주년 기념 영화제_ 발굴, 복원 그리고 재창조","3 x 3 D (3D)/U2 (3D)/[강연]3D 영화의 역사/[강연]발성영화를 둘러싼 찬반양론: 일본의 경우/가요반세기/가을햇살/골렘(연주상영)/그들 각자의 영화관/극장전/꽁치의 맛/다이얼 M을 돌려라 (3D)/닥터 스트레인지러브 (4K)/대도가왕/데몬스/로빈슨 크루소 (3D)/마지막 액션 히어로/마지막 영화관/미스 새디 탐슨 (3D)/미치광이 피에로/밀랍의 집 (3D)/발굴편: 모자기행(단편) + 미몽/복원편: 시계(단편) + 열녀문/복원편: 시계(단편) + 하녀/삼거리 극장/상영편: 옛날영화(단편) + 귀로/상영편: 옛날영화(단편) + 만추/셜록 주니어/수집/보존편: 유품(단편) + 바보들의 행진/수집/보존편: 유품(단편) + 휴일/시네마 천국/신나는 일요일/쓸모 있는 삶/씨네마니아/아내여 장미처럼/아카이브의 유령들(발굴편: 모자기행 등 단편 4편)/안녕, 용문객잔/안녕하세요/알카사르 작전/여름의 빛/외아들/용문객잔/윌로씨의 휴가/이국정원(공연)/잊혀진 꿈의 동굴 (3D)/저 하늘에도 슬픔이/제이슨의 초상/카이로의 붉은 장미/코미디의 왕(4K)/쾌락의 정원(연주상영)/태어나기는 했지만/톱 햇/파리의 지붕밑/파우스트(연주상영)/판타스마/피안화/하숙인/홍콩 야상곡/휴고 (3D)총 58 편",,2014.05.22.목 ~ 07.03.목,,미부착,,개방 가능,공공누리 2~4유형,,,,O,,,,"저작권 보호되는 영화, 다수의 스틸컷",
743,한국영상자료원,HOME > 시네마테크KOFA > 프로그램 > 지난 프로그램,지난 프로그램,6월_독립영화의 재발견,손원평 감독 단편 전총 1 편,,2014.06.04.수,,미부착,,개방 가능,공공누리 2~4유형,,,,O,O,,,스틸컷 1장,
744,한국영상자료원,HOME > 시네마테크KOFA > 프로그램 > 지난 프로그램,지난 프로그램,6월_독립영화 기획전,[독립애니]천국과 지옥/[쇼케이스]경계에서 꿈꾸는 집/[실험영화]EXiS In(人) Special총 3 편,,2014.06.17.화 ~ 06.21.토,,미부착,,개방 가능,공공누리 2~4유형,,,,O,O,,,영화별 이미지 1개씩,
745,한국영상자료원,HOME > 시네마테크KOFA > 프로그램 > 지난 프로그램,지난 프로그램,5개국 영화제 - 1950년대 영화,"그리고 신은 여자를 창조했다/길/나의 아저씨/동경이야기/라쇼몽/로마의 휴일/사랑은 비를 타고/이탈리아 여행/자유부인/지옥화/치카마츠 이야기/카비리아의 밤/히로시마, 내 사랑총 13 편",,2014.06.24.화 ~ 07.03.목,,미부착,,개방 가능,공공누리 1유형,,,,,O,,,"모두 1963년 이전 외국 영화, 저작권 보호기간 만료",
746,한국영상자료원,HOME > 시네마테크KOFA > 프로그램 > 지난 프로그램,지난 프로그램,"좋았다니, 다시 한번! 아시아나국제단편영화제 2014 순회상영전",프로그램1(아시프 화제작전)/프로그램2(발칙한 상상력전)/프로그램3(LIFE IS SHORT)총 3 편,,2014.06.27.금 ~ 06.29.일,,미부착,,개방 가능,공공누리 2~4유형,,,,O,O,,,영화별 이미지 1개씩,
747,한국영상자료원,HOME > 시네마테크KOFA > 프로그램 > 지난 프로그램,지난 프로그램,7월_블루레이 특별전,영 앤 뷰티풀/인 더 하우스총 2 편,,2014.07.04.금 ~ 07.06.일,,미부착,,개방 가능,공공누리 2~4유형,,,,O,,,,"저작권 보호되는 영화, 다수의 스틸컷",
748,한국영상자료원,HOME > 시네마테크KOFA > 프로그램 > 지난 프로그램,지난 프로그램,그녀의 삶을 살다 : 가가와 교코 특별전,도쿄 랑데뷰/동경이야기/마다다요/번개/산쇼다유/안즈코/엄마/원더풀 라이프/천국과 지옥/취우/치카마츠 이야기총 11 편,,2014.07.04.금 ~ 07.13.일,,미부착,,개방 가능,공공누리 2~4유형,,,,O,O,,,"도교랑데뷰(2008),원더풀라이프(1999),마다다요(1993) 이외 모두 1963년 이전 작품",
749,한국영상자료원,HOME > 시네마테크KOFA > 프로그램 > 지난 프로그램,지난 프로그램,7월_독립영화의 재발견,"이선영 촬영감독 장,단편영화 작품 전총 1 편",,2014.07.09.수,,미부착,,개방 가능,공공누리 1유형,,,,,O,,,"이미지 1장, 저작물성 없음",
750,한국영상자료원,HOME > 시네마테크KOFA > 프로그램 > 지난 프로그램,지난 프로그램,"이것이 성인 관객에 대한 의리, 자막으로 보여주으리!",드래곤 길들이기/메리다와 마법의 숲/몬스터 대학교/몬스터 주식회사/몬스터 호텔/슈렉 3/슈퍼배드/슈퍼배드 2/업/월-E/파라노만총 11 편,,2014.07.15.화 ~ 07.24.목,,미부착,,개방 가능,공공누리 2~4유형,,,,O,,,,"저작권 보호되는 영화, 다수의 스틸컷",
751,한국영상자료원,HOME > 시네마테크KOFA > 프로그램 > 지난 프로그램,지난 프로그램,7월_독립영화 기획전,[독립애니]축제의 시간_ SICAF영화제 수상작 특별전/[쇼케이스]이로 인해 그대는 죽지 않을 것이다/[실험영화]CLUB eX 캐나다 특별전총 3 편,,2014.07.17.목 ~ 07.22.화,,미부착,,개방 가능,공공누리 2~4유형,,,,O,O,,,영화별 이미지 1개씩,
752,한국영상자료원,HOME > 시네마테크KOFA > 프로그램 > 지난 프로그램,지난 프로그램,독일영화 - 빔 벤더스와 안드레아스 드레젠,계단의 중간/도시와 옷에 놓인 노트/리스본 스토리/멀고도 가까운/미국인 친구/발코니에서의 여름/베를린 천사의 시/보드카 위스키/여경찰/우리도 사랑한다총 10 편,,2014.07.18.금 ~ 07.27.일,,미부착,,개방 가능,공공누리 2~4유형,,,,,O,,,"스틸컷, 포스터 1개씩",
753,한국영상자료원,HOME > 시네마테크KOFA > 프로그램 > 지난 프로그램,지난 프로그램,"침묵을 듣기, 침묵에 말걸기 5",[배리어프리]죽엄의 상자(연주상영)총 1 편,,2014.07.24.목,,미부착,,개방 가능,공공누리 1유형,,,,,O,,,"죽음의 상자(1955), 저작권 보호기간 만료",
754,한국영상자료원,HOME > 시네마테크KOFA > 프로그램 > 지난 프로그램,지난 프로그램,사운딩 더 시네마,사운딩 더 시네마 프로그램 4/사운딩 더 시네마 프로그램 5총 2 편,,2014.07.25.금 ~ 07.27.일,,미부착,,개방 가능,공공누리 1유형,,,,,O,,,"이미지 1장, 저작물성 없음",
755,한국영상자료원,HOME > 시네마테크KOFA > 프로그램 > 지난 프로그램,지난 프로그램,[해피투게더 독립영화]10분,10분총 1 편,,2014.07.26.토,,미부착,,개방 가능,공공누리 2~4유형,,,,O,,,,"저작권 보호되는 영화, 다수의 스틸컷",
756,한국영상자료원,HOME > 시네마테크KOFA > 프로그램 > 지난 프로그램,지난 프로그램,"그 시절, 우리가 사랑했던 홍콩영화",당산대형/동몽기연/동방불패/동방불패 2: 풍운재기/반생연/백발마녀전/베이징 락/심동/아비정전/여인의 마음/연분/열혈남아/영웅본색/영웅본색 2/영웅본색 3/이소룡: 정무문/일대종사/자소/천장지구 /천장지구2/첩혈가두/첩혈쌍웅총 22 편,,2014.07.29.화 ~ 08.14.목,,미부착,,개방 가능,공공누리 2~4유형,,,,O,,,,"저작권 보호되는 영화, 다수의 스틸컷",
757,한국영상자료원,HOME > 시네마테크KOFA > 프로그램 > 지난 프로그램,지난 프로그램,"카페 대신 극장에서, 달콤한 영화 디저트","[단편영화]세이프, 콩나물총 1 편",,2014.07.30.수,,미부착,,개방 가능,공공누리 2~4유형,,,,O,O,,,스틸컷 1장,
758,한국영상자료원,HOME > 시네마테크KOFA > 프로그램 > 지난 프로그램,지난 프로그램,NeMaf2014,"[네마프 심포지엄] 디지털 시대의 민속지/거듭되는 항거 + 보이지 않는 목소리/거미의 땅/나, 흑인/나일 수도 있었던, 혹은 나인 사람들/망대/사랑해, 중국 + 1973/이것이 우리의 끝이다/인간 피라미드/조금씩 조금씩/죽음의 해안/틴에이지/풍경/피부색깔=꿀색총 14 편",,2014.08.08.금 ~ 08.14.목,,미부착,,개방 가능,공공누리 2~4유형,,,,,O,,,다수의 스틸컷 포함,
759,한국영상자료원,HOME > 시네마테크KOFA > 프로그램 > 지난 프로그램,지난 프로그램,8월_독립영화의 재발견,이형빈 촬영감독 장&#8729;단편영화 작품 전총 1 편,,2014.08.13.수,,미부착,,개방 가능,공공누리 1유형,,,,,O,,,"이미지 1장, 저작물성 없음",
760,한국영상자료원,HOME > 시네마테크KOFA > 프로그램 > 지난 프로그램,지난 프로그램,키들랏 타히믹 감독전,과잉개발의 기억/누가 요요를 만들었나? 누가 월면차를 만들었나?/무지개 가운데는 왜 노란색일까?/투룸바/향기어린 악몽총 5 편,,2014.08.15.금 ~ 08.17.일,,미부착,,개방 가능,공공누리 2~4유형,,,,,O,,,영화별 스틸컷 1장,
761,한국영상자료원,HOME > 시네마테크KOFA > 프로그램 > 지난 프로그램,지난 프로그램,8월_독립영화 기획전,[독립다큐]D-?/[독립애니]천국과 지옥(단편 모음)/[쇼케이스]재/[실험영화]Self Improvement 등 9편총 4 편,,2014.08.15.금 ~ 08.26.화,,미부착,,개방 가능,공공누리 2~4유형,,,,O,,,,"저작권 보호되는 영화, 다수의 스틸컷",
762,한국영상자료원,HOME > 시네마테크KOFA > 프로그램 > 지난 프로그램,지난 프로그램,영화는 항상 목적지에 도착한다: 정신분석학으로 풀어 읽는 영화,"M. 버터플라이/가장 따뜻한 색, 블루/나쁜 남자/님포매니악 볼륨 1/님포매니악 볼륨 2/마부/봄 여름 가을 겨울 그리고 봄/빈집/사마리아/섬/수취인불명/숨/시간/안개/안티크라이스트/파란 대문/피에타/해안선/활총 19 편",,2014.08.15.금 ~ 08.31.일,,미부착,,개방 가능,공공누리 2~4유형,,,,O,,,,"저작권 보호되는 영화, 다수의 스틸컷",
763,한국영상자료원,HOME > 시네마테크KOFA > 프로그램 > 지난 프로그램,지난 프로그램,"8월_카페 대신 극장에서, 달콤한 영화 디저트",[단편영화]12번째 보조사제총 1 편,,2014.08.27.수,,미부착,,개방 가능,공공누리 2~4유형,,,,O,,,,"저작권 보호되는 영화, 다수의 스틸컷",
764,한국영상자료원,HOME > 시네마테크KOFA > 프로그램 > 지난 프로그램,지난 프로그램,8월_프로그래머의 초이스,어둠 뒤에 빛이 있으라총 1 편,,2014.08.28.목 ~ 08.31.일,,미부착,,개방 가능,공공누리 2~4유형,,,,O,O,,,스틸컷 1장,
765,한국영상자료원,HOME > 시네마테크KOFA > 프로그램 > 지난 프로그램,지난 프로그램,[해피투게더 독립영화]셔틀콕,셔틀콕총 1 편,,2014.08.28.목,,미부착,,개방 가능,공공누리 2~4유형,,,,O,,,,"저작권 보호되는 영화, 다수의 스틸컷",
766,한국영상자료원,HOME > 시네마테크KOFA > 프로그램 > 지난 프로그램,지난 프로그램,서울국제실험영화페스티벌,Asia Forum 1: 필리핀 1 Philippines 1/Asia Forum 2: 필리핀 2 Philippines 2/EX - Choice: 스탠 브래키지 Stan Brakhage/EX-Now 2: 국제 경쟁 2 International Competition 2/EX-Now 3: 국제 경쟁 3 International Competition 3/EX-Retro: 이토 타카시 Takashi Ito/First-Come First-Screen 선착순 상영회/Indi-Visual: 마이클 로빈슨 Michael Robinson/Indi-Visual: 에드가 페라 2 Edga Pera 2/Indi-Visual: 에드가 페라 3 Edga Pera 3/Lab Program: 미르 1 Mire 1/Lab Program: 미르 2: 홈 무비 Mire 2: Home Movie/Lab Program: 스페이스 셀 2 Space Cell 2/Lab Program: 스페이스 셀1 Space cell 1 (사이 워크숍)/Presentation: 모션 그래픽 세미나 Motion Graphic총 15 편,,2014.08.29.금 ~ 09.04.목,,미부착,,개방 가능,공공누리 2~4유형,,,,O,O,,,영화별 이미지 1개씩,
767,한국영상자료원,HOME > 시네마테크KOFA > 프로그램 > 지난 프로그램,지난 프로그램,"그렇게, 가족이 된다",가족의 탄생/걸어도 걸어도/고령화 가족/그렇게 아버지가 된다/우리가 들려줄 이야기총 5 편,,2014.09.02.화 ~ 09.06.토,,미부착,,개방 가능,공공누리 2~4유형,,,,O,,,,"저작권 보호되는 영화, 다수의 스틸컷",
768,한국영상자료원,HOME > 시네마테크KOFA > 프로그램 > 지난 프로그램,지난 프로그램,[미디어시티서울 2014]귀신 간첩 할머니,거미의 땅/경계도시 2/과잉개발의 기억/나그네는 길에서도 쉬지 않는다/낮은 목소리2/다큐멘터리 실험실 한국 단편 모음/단편모음/래디언트 + 지구 영매/모란봉/밀양전/셰익스피어 머스트 다이/아피찻퐁 위라세타쿤 단편 모음/안드레아의 하늘/액트 오브 킬링/완벽하게 사라지는 법/이어도/인도네시아 비디오 아트 10년/잃어버린 사진/장마/제임스 T. 홍 단편 모음/짝코/천년호/최후의 증인/특별수사본부 김수임의 일생/피아골/하노이 닥랩 작품 모음/호 추 니엔 단편 모음총 27 편,,2014.09.02.화 ~ 11.23.일,,미부착,,개방 가능,공공누리 2~4유형,,,,O,,,,"저작권 보호되는 영화, 다수의 스틸컷",
769,한국영상자료원,HOME > 시네마테크KOFA > 프로그램 > 지난 프로그램,지난 프로그램,9월_독립영화 기획전,[독립다큐]거류/[독립다큐]주마등/[독립다큐]평범하기/[독립애니]인디애니페스트 개막작 특집/[쇼케이스]사냥/[실험영화]CLUB eX 장편 애니메이션 스페셜총 6 편,,2014.09.05.금 ~ 09.25.목,,미부착,,개방 가능,공공누리 2~4유형,,,,O,,,,"저작권 보호되는 영화, 다수의 스틸컷",
770,한국영상자료원,HOME > 시네마테크KOFA > 프로그램 > 지난 프로그램,지난 프로그램,영화·패션 - a? la Mode,007 카지노 로얄/7년만의 외출/드라큘라/란/레오파드/맨발의 청춘/바바렐라 - 우주의 여왕/배리 린든/사브리나/스캔들-조선남녀상열지사/악마의 씨/악마의 키스/지난 해 마리앙바드에서/토마스 크라운 어페어/프리실라- 사막의 여왕총 15 편,,2014.09.10.수 ~ 09.24.수,,미부착,,개방 가능,공공누리 2~4유형,,,,O,,,,"저작권 보호되는 영화, 다수의 스틸컷",
771,한국영상자료원,HOME > 시네마테크KOFA > 프로그램 > 지난 프로그램,지난 프로그램,9월_프로그래머 초이스,로렌스 애니웨이총 1 편,,2014.09.20.토 ~ 09.24.수,,미부착,,개방 가능,공공누리 2~4유형,,,,,O,,,포스터 2장+스틸컷 1장,
772,한국영상자료원,HOME > 시네마테크KOFA > 프로그램 > 지난 프로그램,지난 프로그램,9월_독립영화의 재발견,안승혁 감독 단편전총 1 편,,2014.09.24.수,,미부착,,개방 가능,공공누리 2~4유형,,,,O,O,,,스틸컷 1장,
773,한국영상자료원,HOME > 시네마테크KOFA > 프로그램 > 지난 프로그램,지난 프로그램,"9월_카페 대신 극장에서, 달콤한 영화 디저트",일등급이다총 1 편,,2014.09.24.수,,미부착,,개방 가능,공공누리 2~4유형,,,,O,O,,,스틸컷 1장,
774,한국영상자료원,HOME > 시네마테크KOFA > 프로그램 > 지난 프로그램,지난 프로그램,막스 브라더스 특별전,경마장의 하루/몽키 비즈니스/빅 스토어/서부로/서커스장에서/식은 죽 먹기/오페라의 밤/코코넛 대소동/파티 대소동/풋볼 대소동총 10 편,,2014.09.25.목 ~ 10.05.일,,미부착,,개방 가능,공공누리 2~4유형,,,,,O,,,포스터 다수,
775,한국영상자료원,HOME > 시네마테크KOFA > 프로그램 > 지난 프로그램,지난 프로그램,제3회 서울이주민예술제 - 씨네 프리즘,[국내장편1]풍경/[국내장편2]늘샘천축국뎐/[단편1: 사람]굿바이 등 3편/[단편2: 시선]빡구 등 5편/[단편3: 나의 정체성]레몬 등 4편/[해외장편1]HAFU/[해외장편2]레인보우 팝콘총 7 편,,2014.09.25.목 ~ 09.28.일,,미부착,,개방 가능,공공누리 2~4유형,,,,O,O,,,이미지(출처불명 사진),
776,한국영상자료원,HOME > 시네마테크KOFA > 프로그램 > 지난 프로그램,지난 프로그램,[해피투게더 독립영화]한공주,한공주총 1 편,,2014.09.27.토,,미부착,,개방 가능,공공누리 2~4유형,,,,O,,,,"저작권 보호되는 영화, 다수의 스틸컷",
777,한국영상자료원,HOME > 시네마테크KOFA > 프로그램 > 지난 프로그램,지난 프로그램,10월_클래식 릴레이 한국영화,공처가 삼대/극성부인/로맨스 가족/로맨스 그레이/로맨스 마마/젯트부인총 6 편,,2014.10.07.화 ~ 10.10.금,,미부착,,개방 가능,공공누리 2~4유형,,,,O,,,,"저작권 보호되는 영화, 다수의 스틸컷",
778,한국영상자료원,HOME > 시네마테크KOFA > 프로그램 > 지난 프로그램,지난 프로그램,10월_독립영화 기획전,"[독립다큐]거미의 땅/[독립다큐]임민욱 감독 단편선/[독립애니]인디애니페스트2014 수상작/[쇼케이스]밀양, 반가운 손님/[실험영화]독일 비디오아트 특별전총 5 편",,2014.10.09.목 ~ 10.28.화,,미부착,,개방 가능,공공누리 2~4유형,,,,O,,,,"저작권 보호되는 영화, 다수의 스틸컷",
779,한국영상자료원,HOME > 시네마테크KOFA > 프로그램 > 지난 프로그램,지난 프로그램,10월_블루레이 특별전,"메종 드 히미코/이터널 선샤인/조제, 호랑이 그리고 물고기들총 3 편",,2014.10.11.토 ~ 10.12.일,,미부착,,개방 가능,공공누리 2~4유형,,,,O,,,,"저작권 보호되는 영화, 다수의 스틸컷",
780,한국영상자료원,HOME > 시네마테크KOFA > 프로그램 > 지난 프로그램,지난 프로그램,DMC 단편영화 페스티벌,"DMC 영화인재양성지원사업 설명회/[Color 1]피보다 진한 색, 가족의 단편/[Color 2]아울이의 상상은 영화가 된다, 상상의 단편/[Color 3]간극의 劇, 인식의 단편/[Color 4]그럼에도 불구하고, 생활의 단편/[Dream]출발 그리고 성장/[Magic]마법같았던 그 순간, 현직감독 특별전/[개막식]개막작-평범한 이야기/[폐막식]경쟁부문 수상작, 관객상 수상작 상영총 9 편",,2014.10.15.수 ~ 10.17.금,,미부착,,개방 가능,공공누리 1유형,,,,,O,,,"이미지 1장, 저작물성 없음",
781,한국영상자료원,HOME > 시네마테크KOFA > 프로그램 > 지난 프로그램,지난 프로그램,"10월_퐁당퐁당의 저주, 할 수 있는 자가 구하라",그레이트 뷰티/동경가족/뮤지엄 아워스/미 앤 유/에너미/오직 사랑하는 이들만이 살아남는다/진저 앤 로사/프란시스 하/필로미나의 기적총 9 편,,2014.10.21.화 ~ 11.02.일,,미부착,,개방 가능,공공누리 2~4유형,,,,O,,,,"저작권 보호되는 영화, 다수의 스틸컷",
782,한국영상자료원,HOME > 시네마테크KOFA > 프로그램 > 지난 프로그램,지난 프로그램,10월_프로그래머의 초이스,디어 헌터/테스총 2 편,,2014.10.22.수 ~ 10.25.토,,미부착,,개방 가능,공공누리 2~4유형,,,,O,,,,"저작권 보호되는 영화, 다수의 스틸컷",
783,한국영상자료원,HOME > 시네마테크KOFA > 프로그램 > 지난 프로그램,지난 프로그램,[해피투게더 독립영화]말하는 건축 시티:홀,말하는 건축 시티:홀총 1 편,,2014.10.25.토,,미부착,,개방 가능,공공누리 2~4유형,,,,O,,,,"저작권 보호되는 영화, 다수의 스틸컷",
784,한국영상자료원,HOME > 시네마테크KOFA > 프로그램 > 지난 프로그램,지난 프로그램,특별상영 - <수업료>,수업료총 1 편,,2014.10.25.토 ~ 10.30.목,,미부착,,개방 가능,공공누리 1유형,,,,,O,,,"수업료(1940), 저작권 보호기간 만료",
785,한국영상자료원,HOME > 시네마테크KOFA > 프로그램 > 지난 프로그램,지난 프로그램,10월_독립영화의 재발견,박영석 프로그래머 추천작총 1 편,,2014.10.29.수,,미부착,,개방 가능,공공누리 2~4유형,,,,O,O,,,스틸컷 1장,
786,한국영상자료원,HOME > 시네마테크KOFA > 프로그램 > 지난 프로그램,지난 프로그램,제2회 필름게이트 단편영화제,제2회 필름게이트 단편영화제 Part 1/제2회 필름게이트 단편영화제 Part 2총 2 편,,2014.11.01.토,,미부착,,개방 가능,공공누리 2~4유형,,,,O,O,,,이미지 2장,
787,한국영상자료원,HOME > 시네마테크KOFA > 프로그램 > 지난 프로그램,지난 프로그램,한국영화 100선 3 : 김수용 감독선,갯마을/산불/안개/혈맥총 4 편,,2014.11.04.화 ~ 11.12.수,,미부착,,개방 가능,공공누리 2~4유형,,,,O,,,,"저작권 보호되는 영화, 다수의 스틸컷",
788,한국영상자료원,HOME > 시네마테크KOFA > 프로그램 > 지난 프로그램,지난 프로그램,일본영화 16mm 정기상영,검은 비/나라야마 부시코/도둑맞은 욕정/돼지와 군함/붉은 살의/여현/일본곤충기/작은 오빠총 8 편,,2014.11.05.수 ~ 12.31.수,,미부착,,개방 가능,공공누리 2~4유형,,,,,O,,,"영화별 스틸컷 1장, 포스터",
789,한국영상자료원,HOME > 시네마테크KOFA > 프로그램 > 지난 프로그램,지난 프로그램,"영화인 듯, 영화 아닌, 영화 같은 너","두근두근 영춘권 + 출출한 여자(6화, 홍콩의 맛 2부)/모모살롱 (1~6부)/썸남썸녀 1부 (1~6화)/썸남썸녀 2부 (7~12화)/출중한 여자 (1~5부)/할 수 있는 자가 구하라 (극장버전)/할 수 있는 자가 구하라 (드라마버전: 1~3부)/할 수 있는 자가 구하라 (드라마버전: 4~6부)/할 수 있는 자가 구하라 (드라마버전: 7~9부)총 9 편",,2014.11.06.목 ~ 11.12.수,,미부착,,개방 가능,공공누리 2~4유형,,,,,O,,,영화별 스틸컷,
790,한국영상자료원,HOME > 시네마테크KOFA > 프로그램 > 지난 프로그램,지난 프로그램,11월_블루레이 특별전,마스터/세븐총 2 편,,2014.11.08.토,,미부착,,개방 가능,공공누리 2~4유형,,,,O,,,,"저작권 보호되는 영화, 다수의 스틸컷",
791,한국영상자료원,HOME > 시네마테크KOFA > 프로그램 > 지난 프로그램,지난 프로그램,제4회 서울배리어프리영화제,[개막식]반짝반짝 두근두근/[폐막식]군도: 민란의 시대/늑대아이/모모와 다락방의 수상한 요괴들/변호인/수상한 그녀/신촌좀비만화/어네스트와 셀레스틴/피부색깔=꿀색총 9 편,,2014.11.13.목 ~ 11.16.일,,미부착,,개방 가능,공공누리 2~4유형,,,,O,,,,"저작권 보호되는 영화, 다수의 스틸컷",
792,한국영상자료원,HOME > 시네마테크KOFA > 프로그램 > 지난 프로그램,지난 프로그램,11월_독립영화 기획전,[독립다큐]망대/[독립다큐]이로 인해 그대는 죽지 않을 것이다/[쇼케이스]이우정 감독 단편선/[실험영화]독일 비디오아트 특별전총 4 편,,2014.11.13.목 ~ 11.27.목,,미부착,,개방 가능,공공누리 2~4유형,,,,O,,,,"저작권 보호되는 영화, 다수의 스틸컷",
793,한국영상자료원,HOME > 시네마테크KOFA > 프로그램 > 지난 프로그램,지난 프로그램,침묵을 듣기 침묵에 말걸기 6,환상의 여학생 부대총 1 편,,2014.11.14.금,,미부착,,개방 가능,공공누리 1유형,,,,,O,,,"이미지 1장, 저작물성 없음",
794,한국영상자료원,HOME > 시네마테크KOFA > 프로그램 > 지난 프로그램,지난 프로그램,長短동시상영전,10분/강진아 감독 단편 모음/도희야/소녀/엄태화 감독 단편 모음/우리별 일호와 얼룩소/우문기 감독 단편 모음/이수진 감독 단편 모음/이용승 감독 단편 모음/잉투기/장형윤 감독 단편 모음/정주리 감독 단편 모음/족구왕/최진성 감독 단편 모음/한공주/환상 속의 그대총 16 편,,2014.11.18.화 ~ 11.30.일,,미부착,,개방 가능,공공누리 2~4유형,,,,O,,,,"저작권 보호되는 영화, 다수의 스틸컷",
795,한국영상자료원,HOME > 시네마테크KOFA > 프로그램 > 지난 프로그램,지난 프로그램,특별상영 - <저 하늘에도 슬픔이>,저 하늘에도 슬픔이총 1 편,,2014.11.18.화,,미부착,,개방 가능,공공누리 2~4유형,,,,,O,,,포스터 1장,
796,한국영상자료원,HOME > 시네마테크KOFA > 프로그램 > 지난 프로그램,지난 프로그램,멕시코 특별전: 삶과 죽음의 공존을 말하다,[멕시코 특별전]프로그램 1/[멕시코 특별전]프로그램 2총 2 편,,2014.11.22.토 ~ 11.23.일,,미부착,,개방 가능,공공누리 2~4유형,,,,O,O,,,스틸컷 2장,
797,한국영상자료원,HOME > 시네마테크KOFA > 프로그램 > 지난 프로그램,지난 프로그램,[해피투게더 독립영화]이정홍 감독 단편선,이정홍 감독 단편선총 1 편,,2014.11.23.일,,미부착,,개방 가능,공공누리 2~4유형,,,,O,O,,,스틸컷 1장,
798,한국영상자료원,HOME > 시네마테크KOFA > 프로그램 > 지난 프로그램,지난 프로그램,11월_독립영화 재발견,양지은 감독 장편展총 1 편,,2014.11.26.수,,미부착,,개방 가능,공공누리 2~4유형,,,,O,O,,,스틸컷 1장,
799,한국영상자료원,HOME > 시네마테크KOFA > 프로그램 > 지난 프로그램,지난 프로그램,"11월_카페 대신 극장에서, 달콤한 영화 디저트",흰둥이 + 살총 1 편,,2014.11.26.수,,미부착,,개방 가능,공공누리 2~4유형,,,,O,O,,,스틸컷 1장,
800,한국영상자료원,HOME > 시네마테크KOFA > 프로그램 > 지난 프로그램,지난 프로그램,한국영화100선 4 - 김기영 감독선,고려장/이어도/하녀/화녀총 4 편,,2014.12.02.화 ~ 12.07.일,,미부착,,개방 가능,공공누리 2~4유형,,,,O,,,,"저작권 보호되는 영화, 다수의 스틸컷",
801,한국영상자료원,HOME > 시네마테크KOFA > 프로그램 > 지난 프로그램,지난 프로그램,12월_클래식 릴레이 한국영화,7인의 협객/나그네 검객 황금 108관/뢰검(번개칼)/십오야(의 복수)/아랑곡의 혈투/풍운의 검객/황혼의 검객총 7 편,,2014.12.02.화 ~ 12.09.화,,미부착,,개방 가능,공공누리 2~4유형,,,,O,,,,"저작권 보호되는 영화, 다수의 스틸컷",
802,한국영상자료원,HOME > 시네마테크KOFA > 프로그램 > 지난 프로그램,지난 프로그램,재팬파운데이션 아니메 페스티벌,"구름의 저편, 약속의 장소/극장판 페어리테일 봉황의 무녀/니타보/닌자보이 란타로 극장판 삼총사의 대모험 + 新SOS동경탐험대/닌자보이 란타로 극장판 시끌벅적 방학숙제 대소동!/독수리 오형제 극장판/두부요괴/별의 목소리 + 초속 5센티미터/언어의 정원/장화 신은 고양이-삼총사 + 장화 신은 고양이-80일간의 세계 일주/폭풍우 치는 밤에 - 비밀친구총 11 편",,2014.12.10.수 ~ 12.14.일,,미부착,,개방 가능,공공누리 2~4유형,,,,,O,,,영화별 스틸컷 1장씩,
803,한국영상자료원,HOME > 시네마테크KOFA > 프로그램 > 지난 프로그램,지난 프로그램,12월_블루레이 특별전,"감독들, 김기영을 말하다/고백/고질라/더 레슬러/메종 드 히미코/멜랑콜리아/바보들의 행진/바보들의 행진(정성일 코멘터리)/뱀파이어와의 인터뷰/영 앤 뷰티풀/이터널 선샤인/인 더 하우스/인사이드 르윈/하녀(박찬욱 이동진 코멘터리 상영)총 14 편",,2014.12.16.화 ~ 12.24.수,,미부착,,개방 가능,공공누리 2~4유형,,,,O,,,,"저작권 보호되는 영화, 다수의 스틸컷",
804,한국영상자료원,HOME > 시네마테크KOFA > 프로그램 > 지난 프로그램,지난 프로그램,12월_독립영화 기획전,[실험영화]독일 비디오아트 특별전 / Incognito-Bodies총 1 편,,2014.12.18.목,,미부착,,개방 가능,공공누리 2~4유형,,,,O,O,,,스틸컷 1장,
805,한국영상자료원,HOME > 시네마테크KOFA > 프로그램 > 지난 프로그램,지난 프로그램,크리스마스 특별상영,원스/프랭크총 2 편,,2014.12.25.목 ~ 12.28.일,,미부착,,개방 가능,공공누리 2~4유형,,,,O,,,,"저작권 보호되는 영화, 다수의 스틸컷",
806,한국영상자료원,HOME > 시네마테크KOFA > 프로그램 > 지난 프로그램,지난 프로그램,"꽃이니까 공주, 故 김자옥 추모 특별전",O양의 아파트/누구의 딸도 아닌 해원/동갑내기 과외하기/보통여자/살인나비를 쫓는 여자/상처/수녀(水女)/춘원 이광수/태양을 훔친 여자총 9 편,,2014.12.26.금 ~ 01.06.화,,미부착,,개방 가능,공공누리 2~4유형,,,,O,,,,"저작권 보호되는 영화, 다수의 스틸컷",
807,한국영상자료원,HOME > 시네마테크KOFA > 프로그램 > 지난 프로그램,지난 프로그램,12월_독립영화 재발견,니가 필요해총 1 편,,2014.12.30.화,,미부착,,개방 가능,공공누리 2~4유형,,,,O,O,,,스틸컷 1장,
808,한국영상자료원,HOME > 시네마테크KOFA > 프로그램 > 지난 프로그램,지난 프로그램,"12월_카페 대신 극장에서, 달콤한 영화 디저트",엠제이(MJ)총 1 편,,2014.12.31.수,,미부착,,개방 가능,공공누리 2~4유형,,,,O,,,,"저작권 보호되는 영화, 다수의 스틸컷",
809,한국영상자료원,HOME > 시네마테크KOFA > 프로그램 > 지난 프로그램,지난 프로그램,일본영화 16mm 정기상영,겡카엘레지/관동무숙/동경방랑자/문신일대/살인의 낙인/암흑가의 미녀/육체의 문/청춘일기/카와치 카르멘총 9 편,,2015.01.07.수 ~ 03.11.수,,미부착,,개방 가능,공공누리 2~4유형,,,,,O,,,영화별 스틸컷 1장. 소개자료,
810,한국영상자료원,HOME > 시네마테크KOFA > 프로그램 > 지난 프로그램,지난 프로그램,"1월_퐁당퐁당의 저주, 할 수 있는 자가 구하라",고양이 사무라이/모스트 원티드 맨/언더 더 스킨/지미스 홀/초콜렛 도넛/황금시대총 6 편,,2015.01.07.수 ~ 01.13.화,,미부착,,개방 가능,공공누리 2~4유형,,,,O,,,,"저작권 보호되는 영화, 다수의 스틸컷",
811,한국영상자료원,HOME > 시네마테크KOFA > 프로그램 > 지난 프로그램,지난 프로그램,1월_ 프로그래머의 초이스,더 홈즈맨총 1 편,,2015.01.10.토 ~ 01.17.토,,미부착,,개방 가능,공공누리 2~4유형,,,,O,,,,"저작권 보호되는 영화, 다수의 스틸컷",
812,한국영상자료원,HOME > 시네마테크KOFA > 프로그램 > 지난 프로그램,지난 프로그램,시네마테크KOFA가 주목한 2013년 한국영화 리플레이,누구의 딸도 아닌 해원/더 테러 라이브/러시안 소설/베를린/사이비/설국열차/우리선희/잠 못 드는 밤/지슬 - 끝나지 않은 세월/풍경/화이 - 괴물을 삼킨 아이총 11 편,,2015.01.14.수 ~ 01.22.목,,미부착,,개방 가능,공공누리 2~4유형,,,,O,,,,"저작권 보호되는 영화, 다수의 스틸컷",
813,한국영상자료원,HOME > 시네마테크KOFA > 프로그램 > 지난 프로그램,지난 프로그램,1월_독립영화 기획전,[독립영화재발견]염 등 3편/[실험영화]Macua and Now총 2 편,,2015.01.15.목 ~ 01.30.금,,미부착,,개방 가능,공공누리 2~4유형,,,,,O,,,"영화별 스틸컷 1장, 소개면에 스틸컷 여러장",
814,한국영상자료원,HOME > 시네마테크KOFA > 프로그램 > 지난 프로그램,지난 프로그램,1월_프로그래머의 초이스,거룩한 소녀 마리아총 1 편,,2015.01.15.목 ~ 01.17.토,,미부착,,개방 가능,공공누리 2~4유형,,,,,O,,,"스틸컷 1장, 포스터 1장",
815,한국영상자료원,HOME > 시네마테크KOFA > 프로그램 > 지난 프로그램,지난 프로그램,한국영화100선 5 - 이장호 감독선,나그네는 길에서도 쉬지 않는다/바람 불어 좋은날/바보선언/별들의 고향총 4 편,,2015.01.23.금 ~ 01.30.금,,미부착,,개방 가능,공공누리 2~4유형,,,,O,,,,"저작권 보호되는 영화, 다수의 스틸컷",
816,한국영상자료원,HOME > 시네마테크KOFA > 프로그램 > 지난 프로그램,지난 프로그램,시네마테크KOFA가 주목한 2014년 한국영화,10분/경주/군도: 민란의 시대/끝까지 간다/논픽션 다이어리/도희야/야간비행/자유의 언덕/철의 꿈/한공주총 10 편,,2015.01.23.금 ~ 02.01.일,,미부착,,개방 가능,공공누리 2~4유형,,,,O,,,,"저작권 보호되는 영화, 다수의 스틸컷",
817,한국영상자료원,HOME > 시네마테크KOFA > 프로그램 > 지난 프로그램,지난 프로그램,"1월_카페 대신 극장에서, 달콤한 영화 디저트",바캉스총 1 편,,2015.01.28.수,,미부착,,개방 가능,공공누리 2~4유형,,,,O,O,,,스틸컷 1장,
818,한국영상자료원,HOME > 시네마테크KOFA > 프로그램 > 지난 프로그램,지난 프로그램,"베를린이 주목한 영화들, 베를린국제영화제 수상작 특집",글로리아/명왕성/보이후드/브로큰 서클/사마리아/시저는 죽어야 한다/씨민과 나데르의 별거/토리노의 말/화엄경총 9 편,,2015.02.03.화 ~ 02.08.일,,미부착,,개방 가능,공공누리 2~4유형,,,,O,,,,"저작권 보호되는 영화, 다수의 스틸컷",
819,한국영상자료원,HOME > 시네마테크KOFA > 프로그램 > 지난 프로그램,지난 프로그램,사사로운 영화리스트,"가장 따뜻한 색 블루/갈증/소년, 소녀 그리고 바다/아무도 머물지 않았다/액트 오브 킬링/언더 더 스킨/천주정/키리시마가 동아리활동 그만둔대총 8 편",,2015.02.10.화 ~ 02.17.화,,미부착,,개방 가능,공공누리 2~4유형,,,,O,,,,"저작권 보호되는 영화, 다수의 스틸컷",
820,한국영상자료원,HOME > 시네마테크KOFA > 프로그램 > 지난 프로그램,지난 프로그램,2월_프로그래머의 초이스,비스트총 1 편,,2015.02.10.화 ~ 02.14.토,,미부착,,개방 가능,공공누리 2~4유형,,,,O,,,,"저작권 보호되는 영화, 다수의 스틸컷",
821,한국영상자료원,HOME > 시네마테크KOFA > 프로그램 > 지난 프로그램,지난 프로그램,카메라를 든 노인: 제7회 서울노인영화제 앵콜상영,"국내초청: 순천/서울노인영화제 앵콜, 세대와 소통/서울노인영화제 앵콜, 수상작 모음/해외초청1: 일본과의 만남/해외초청2: 일본과의 만남2총 5 편",,2015.02.21.토 ~ 02.22.일,,미부착,,개방 가능,공공누리 2~4유형,,,,,O,,,영화별 스틸컷 1장,
822,한국영상자료원,HOME > 시네마테크KOFA > 프로그램 > 지난 프로그램,지난 프로그램,2월_블루레이 특별전,저지 보이즈총 1 편,,2015.02.21.토 ~ 02.26.목,,미부착,,개방 가능,공공누리 2~4유형,,,,O,O,,,스틸컷 1장,
823,한국영상자료원,HOME > 시네마테크KOFA > 프로그램 > 지난 프로그램,지난 프로그램,견공 특집: 레디 액션! 멍멍!!,"개를 훔치는 완벽한 방법/말리와 나/미안해, 고마워/벨과 세바스찬/아티스트/에이트 빌로우/프랑켄위니/플란다스의 개/하치 이야기총 9 편",,2015.02.24.화 ~ 03.01.일,,미부착,,개방 가능,공공누리 2~4유형,,,,O,,,,"저작권 보호되는 영화, 다수의 스틸컷",
824,한국영상자료원,HOME > 시네마테크KOFA > 프로그램 > 지난 프로그램,지난 프로그램,"2월_카페 대신 극장에서, 달콤한 영화 디저트",만일의 세계총 1 편,,2015.02.25.수,,미부착,,개방 가능,공공누리 2~4유형,,,,O,O,,,스틸컷 1장,
825,한국영상자료원,HOME > 시네마테크KOFA > 프로그램 > 지난 프로그램,지난 프로그램,2월_독립영화 기획전,[독립영화의 재발견]표정들총 1 편,,2015.02.27.금,,미부착,,개방 가능,공공누리 2~4유형,,,,O,O,,,스틸컷 1장,
826,한국영상자료원,HOME > 시네마테크KOFA > 프로그램 > 지난 프로그램,지난 프로그램,[해피투게더 독립영화]춘하추동 로맨스,춘하추동 로맨스총 1 편,,2015.02.28.토,,미부착,,개방 가능,공공누리 2~4유형,,,,O,,,,"저작권 보호되는 영화, 다수의 스틸컷",
827,한국영상자료원,HOME > 시네마테크KOFA > 프로그램 > 지난 프로그램,지난 프로그램,"풍문으로 들었소, 독립영화의 전설: 서울독립영화제2014 앵콜전",35mm 섹션 1/35mm 섹션 2/그림자들의 섬/꿈보다 해몽/믿을 수 없는 진실/바틀 로켓/섹스 거짓말 그리고 비디오테이프/수상작 단편/슬래커/점원들/죽거나 혹은 나쁘거나/천국보다 낯선/포이즌총 13 편,,2015.03.03.화 ~ 03.11.수,,미부착,,개방 가능,공공누리 2~4유형,,,,O,,,,"저작권 보호되는 영화, 다수의 스틸컷",
828,한국영상자료원,HOME > 시네마테크KOFA > 프로그램 > 지난 프로그램,지난 프로그램,제3회 재팬파운데이션 무비 페스티벌(JFMF),걸어도 걸어도/굴거리 나무/논짱 도시락/멋진 악몽/버니드롭/벡/소라닌/아웃레이지/우리 의사 선생님/일본을 비춘 기적의 불꽃 LIGHT UP NIPPON/토일렛/퍼머넌트 노바라/하루와 떠난 여행/힘내라 훌라걸총 14 편,,2015.03.10.화 ~ 03.17.화,,미부착,,개방 가능,공공누리 2~4유형,,,,O,,,,"저작권 보호되는 영화, 다수의 스틸컷",
829,한국영상자료원,HOME > 시네마테크KOFA > 프로그램 > 지난 프로그램,지난 프로그램,3월_ 프로그래머의 초이스,디판총 1 편,,2015.03.12.목 ~ 03.16.월,,미부착,,개방 가능,공공누리 2~4유형,,,,,O,,,"영화 스틸컷, 포스터",
830,한국영상자료원,HOME > 시네마테크KOFA > 프로그램 > 지난 프로그램,지난 프로그램,"별이 지다, 다카쿠라 겐과 스가와라 분타 추모 회고전",나의 할아버지/당신에게/블랙 레인/역/의리없는 전쟁/이자카야 쵸지/일본협객전/태양을 훔친 사나이/핫코다 산/행복의 노란 손수건총 10 편,,2015.03.12.목 ~ 03.20.금,,미부착,,개방 가능,공공누리 2~4유형,,,,,O,,,"영화 스틸컷, 포스터",
831,한국영상자료원,HOME > 시네마테크KOFA > 프로그램 > 지난 프로그램,지난 프로그램,3월_ 독립영화 기획전,[실험영화]Macao Features총 1 편,,2015.03.19.목,,미부착,,개방 가능,공공누리 2~4유형,,,,O,O,,,스틸컷 1장,
832,한국영상자료원,HOME > 시네마테크KOFA > 프로그램 > 지난 프로그램,지난 프로그램,"오래된 미래, SF영화가 예견한 미래",2001 스페이스 오디세이/2009 로스트 메모리즈/6번째 날/나는 전설이다/데스 레이스/문차일드/백 투 더 퓨처/백 투 더 퓨처 2/백 투 더 퓨처 3/스왈로우테일 버터플라이/스캐너 다클리/시계태엽 오렌지/이벤트 호라이즌/화씨 451총 14 편,,2015.03.20.금 ~ 03.29.일,,미부착,,개방 가능,공공누리 2~4유형,,,,O,,,,"저작권 보호되는 영화, 다수의 스틸컷",
833,한국영상자료원,HOME > 시네마테크KOFA > 프로그램 > 지난 프로그램,지난 프로그램,[해피투게더 독립영화]그들이 죽었다,그들이 죽었다총 1 편,,2015.03.21.토,,미부착,,개방 가능,공공누리 1유형,,,,,O,,,"스틸컷 1장, 저작물성 없음",
834,한국영상자료원,HOME > 시네마테크KOFA > 프로그램 > 지난 프로그램,지난 프로그램,"3월_ 카페 대신 극장에서, 달콤한 영화 디저트",왜 독립영화 감독들은 DVD를 주지 않는가?총 1 편,,2015.03.25.수,,미부착,,개방 가능,공공누리 2~4유형,,,,O,,,,"저작권 보호되는 영화, 다수의 스틸컷",
835,한국영상자료원,HOME > 시네마테크KOFA > 프로그램 > 지난 프로그램,지난 프로그램,4월_ 클래식 릴레이 한국영화,가요반세기/그리움은 가슴마다/모녀기타/엘레지의 여왕/워커힐에서 만납시다/이 강산 낙화유수총 6 편,,2015.03.31.화 ~ 04.08.수,,미부착,,개방 가능,공공누리 2~4유형,,,,O,,,,"저작권 보호되는 영화, 다수의 스틸컷",
836,한국영상자료원,HOME > 시네마테크KOFA > 프로그램 > 지난 프로그램,지난 프로그램,이 왈츠를 춰요 - 사랑스런 그녀의 초대,드라이브/마린/블루 발렌타인/우리도 사랑일까/웬디와 루시/인사이드 르윈총 6 편,,2015.03.31.화 ~ 04.09.목,,미부착,,개방 가능,공공누리 2~4유형,,,,O,,,,"저작권 보호되는 영화, 다수의 스틸컷",
837,한국영상자료원,HOME > 시네마테크KOFA > 프로그램 > 지난 프로그램,지난 프로그램,4월_ 프로그래머의 초이스,악인/행복한 사전총 2 편,,2015.04.02.목 ~ 04.09.목,,미부착,,개방 가능,공공누리 2~4유형,,,,O,,,,"저작권 보호되는 영화, 다수의 스틸컷",
838,한국영상자료원,HOME > 시네마테크KOFA > 프로그램 > 지난 프로그램,지난 프로그램,4월 대담,클라우즈 오브 실스 마리아총 1 편,,2015.04.04.토 ~ 04.09.목,,미부착,,개방 가능,공공누리 2~4유형,,,,,O,,,"포스터 1, 스틸컷 1장",
839,한국영상자료원,HOME > 시네마테크KOFA > 프로그램 > 지난 프로그램,지난 프로그램,신상옥감독 추모9주기 특별상영,빨간 마후라/어느 여대생의 고백/젊은 그들총 3 편,,2015.04.10.금,,미부착,,개방 가능,공공누리 2~4유형,,,,O,,,,"저작권 보호되는 영화, 다수의 스틸컷",
840,한국영상자료원,HOME > 시네마테크KOFA > 프로그램 > 지난 프로그램,지난 프로그램,"4월_ 퐁당퐁당의 저주, 할 수 있는 자가 구하라",나의 사적인 여자친구/내일을 위한 시간/맵 투 더 스타/모라토리움기의 다마코/무드 인디고/미스터 터너총 6 편,,2015.04.11.토 ~ 04.17.금,,미부착,,개방 가능,공공누리 2~4유형,,,,O,,,,"저작권 보호되는 영화, 다수의 스틸컷",
841,한국영상자료원,HOME > 시네마테크KOFA > 프로그램 > 지난 프로그램,지난 프로그램,"좋았다니, 다시 한번! 아시아나국제단편영화제 2015 순회상영전",프로그램 1: 아시프 화제작전/프로그램 2: 발칙한 상상력전/프로그램 3: Life Is Short!총 3 편,,2015.04.11.토 ~ 04.12.일,,미부착,,개방 가능,공공누리 2~4유형,,,,,O,,,영화별 스틸컷 1장,
842,한국영상자료원,HOME > 시네마테크KOFA > 프로그램 > 지난 프로그램,지난 프로그램,4월_ 독립영화 기획전,[쇼케이스]한여름의 판타지아/[실험영화]Thailand Present총 2 편,,2015.04.14.화 ~ 04.16.목,,미부착,,개방 가능,공공누리 2~4유형,,,,O,,,,"저작권 보호되는 영화, 다수의 스틸컷",
843,한국영상자료원,HOME > 시네마테크KOFA > 프로그램 > 지난 프로그램,지난 프로그램,장애인의 날 기념 배리어프리영화 상영회,7번방의 선물(배리어프리 버전)/개를 훔치는 완벽한 방법(배리어프리 버전)/변호인(배리어프리 버전)/블라인드(배리어프리 버전)총 4 편,,2015.04.18.토 ~ 04.19.일,,미부착,,개방 가능,공공누리 2~4유형,,,,O,,,,"저작권 보호되는 영화, 다수의 스틸컷",
844,한국영상자료원,HOME > 시네마테크KOFA > 프로그램 > 지난 프로그램,지난 프로그램,2015 DMC 세계문화탐색전(인도편),세 얼간이/지상의 별처럼총 2 편,,2015.04.18.토,,미부착,,개방 가능,공공누리 2~4유형,,,,O,,,,"저작권 보호되는 영화, 다수의 스틸컷",
845,한국영상자료원,HOME > 시네마테크KOFA > 프로그램 > 지난 프로그램,지난 프로그램,4월_ 블루레이 특별전,마담 프루스트의 비밀정원/메멘토/미스터 노바디(확장판)/제로 다크 서티총 4 편,,2015.04.19.일 ~ 04.22.수,,미부착,,개방 가능,공공누리 2~4유형,,,,O,,,,"저작권 보호되는 영화, 다수의 스틸컷",
846,한국영상자료원,HOME > 시네마테크KOFA > 프로그램 > 지난 프로그램,지난 프로그램,영화의 시간: 이만희 감독 전작전,04:00-1950-/0시/YMS 504의 수병/[이벤트]만추를 읽다/검은 머리/고보이 강의 다리/군번없는 용사/귀로/돌아오지 않는 해병 /들국화는 피었는데/마의 계단/물레방아/삼각의 함정/삼포가는 길/생명/쇠사슬을 끊어라/싸리골의 신화/암살자/여섯개의 그림자/여자가 고백할 때/원점/잊을 수 없는 연인/창공에 산다/청녀/태양닮은 소녀/휴일/흑룡강총 27 편,,2015.04.23.목 ~ 05.14.목,,미부착,,개방 가능,공공누리 2~4유형,,,,O,,,,"저작권 보호되는 영화, 다수의 스틸컷",
847,한국영상자료원,HOME > 시네마테크KOFA > 프로그램 > 지난 프로그램,지난 프로그램,"4월_ 카페 대신 극장에서, 달콤한 영화 디저트",호산나총 1 편,,2015.04.29.수,,미부착,,개방 가능,공공누리 2~4유형,,,,O,,,,"저작권 보호되는 영화, 다수의 스틸컷",
848,한국영상자료원,HOME > 시네마테크KOFA > 프로그램 > 지난 프로그램,지난 프로그램,[해피투게더 독립영화]들꽃,들꽃총 1 편,,2015.05.03.일,,미부착,,개방 가능,공공누리 2~4유형,,,,O,O,,,스틸컷 1장,
849,한국영상자료원,HOME > 시네마테크KOFA > 프로그램 > 지난 프로그램,지난 프로그램,어린이날 특선,로보트 태권 V총 1 편,,2015.05.05.화,,미부착,,개방 가능,공공누리 2~4유형,,,,O,O,,,스틸컷 1장,
850,한국영상자료원,HOME > 시네마테크KOFA > 프로그램 > 지난 프로그램,지난 프로그램,금요일밤의 미드극장,트루 디텍티브(01. 눈부신 어둠 + 02. 환상)/트루 디텍티브(03. 잠긴 방 + 04. 위험 속으로)/트루 디텍티브(05. 운명의 비밀 + 06. 귀신의 집)/트루 디텍티브(07. 당신이 떠난 뒤 + 08. 형체와 빈 공간)총 4 편,,2015.05.08.금 ~ 06.05.금,,미부착,,개방 가능,공공누리 2~4유형,,,,O,O,,,스틸컷 다수 포함,
851,한국영상자료원,HOME > 시네마테크KOFA > 프로그램 > 지난 프로그램,지난 프로그램,한국 고전 코미디영화 열전 ‘웃으면 복이와요’ - 만능 엔터테이너의 향연,"007 폭소판 살사리 몰랐지?/내 것이 더 좋아/당나귀 무법자/돈에 눌려 죽은 사나이/신세 좀 지자구요/역전중국집/염통에 털난 사나이/운수대통 (배삼룡, 이기동의 운수대통)/운수대통 일보직전/타잔 한국에 오다총 10 편",,2015.05.15.금 ~ 05.30.토,,미부착,,개방 가능,공공누리 2~4유형,,,,O,O,,,"신세좀 지자구요(1964,로그인후 VOD서비스), 나머지는 1963년 이후 작품",
852,한국영상자료원,HOME > 시네마테크KOFA > 프로그램 > 지난 프로그램,지난 프로그램,"발굴, 복원 그리고 초기영화로의 초대",가위손/개그맨/검사와 여선생/고소공포증/공포의 이중인간/깊고 푸른 밤/나무들 비탈에 서다/냉혈한/노스페라투(연주상영)/만선/맥베스/맹진사댁 경사/메밀꽃 필 무렵/목없는 미녀/무쉐뜨/살인마/서울의 휴일/수절/순간은 영원히/악마와 미녀(3D)/암캐/외아들/자마이카 여인숙/자유만세/전장과 여교사/청춘잔혹이야기/칠수와 만수/카라바조/타부/판도라의 상자(연주상영)/피카딜리/한네의 승천/호프만의 이야기총 33 편,,2015.05.16.토 ~ 07.05.일,,미부착,,개방 가능,공공누리 2~4유형,,,,O,O,,,"외아들(1963,VOD서비스), 일부 1963년 이전 작품. 일부 1963년 이후 작품",
853,한국영상자료원,HOME > 시네마테크KOFA > 프로그램 > 지난 프로그램,지난 프로그램,우리 시대 시네아스트: 라브 디아즈 특별전,"노르테, 역사가 끝나는 곳/멜랑콜리아/밤의 마닐라/아 프리오리/에레미아스, 1권 (part 1)/에레미아스, 1권 (part 2)/엔칸토에서의 죽음 (part 1)/엔칸토에서의 죽음 (part 2)/웨스트 사이드 키드/인시앙/일로일로/출산의 세기/폭풍의 아이들, 1권/플로렌티나 우발도/필리핀 가족의 진화 (part 1)/필리핀 가족의 진화 (part 2)총 16 편",,2015.05.16.토 ~ 12.05.토,,미부착,,개방 가능,공공누리 2~4유형,,,,O,,,,"저작권 보호되는 영화, 다수의 스틸컷",
854,한국영상자료원,HOME > 시네마테크KOFA > 프로그램 > 지난 프로그램,지난 프로그램,5월_ 프로그래머의 초이스,블루 벨벳/이지 라이더총 2 편,,2015.05.16.토 ~ 05.24.일,,미부착,,개방 가능,공공누리 2~4유형,,,,,O,,,포스터 2장,
855,한국영상자료원,HOME > 시네마테크KOFA > 프로그램 > 지난 프로그램,지난 프로그램,5월_ 독립영화 기획전,Escape from PPY 2526 등 4편/[쇼케이스]이원우 감독 단편선총 2 편,,2015.05.21.목 ~ 05.26.화,,미부착,,개방 가능,공공누리 2~4유형,,,,O,O,,,"스틸컷 1장, 이순신 동상 사진",
856,한국영상자료원,HOME > 시네마테크KOFA > 프로그램 > 지난 프로그램,지난 프로그램,화룡음정 1: 데이빗 보위를 사랑한 영화들,가디언즈 오브 갤럭시/나쁜 피/라비린스/로스트 하이웨이/미앤유/벨벳 골드마인/소년 소녀를 만나다/스티브 지소와의 해저생활/아메리칸 허슬/월플라워/위험한 장난/캣 피플/프란시스 하총 13 편,,2015.05.27.수 ~ 06.11.목,,미부착,,개방 가능,공공누리 2~4유형,,,,O,O,,,스틸컷 1장,
857,한국영상자료원,HOME > 시네마테크KOFA > 프로그램 > 지난 프로그램,지난 프로그램,"5월_ 카페 대신 극장에서, 달콤한 영화 디저트",123km총 1 편,,2015.05.27.수,,미부착,,개방 가능,공공누리 1유형,,,,,O,,,"이미지 1장, 저작물성 없음",
858,한국영상자료원,HOME > 시네마테크KOFA > 프로그램 > 지난 프로그램,지난 프로그램,송 라브렌티 감독 특별전,묘지를 찾아서 + 사랑했기 때문에/썰매로 산을 오르며 + 고려사람 + 인생의 길/약속의 땅/음악선생님 + 교장선생님총 4 편,,2015.05.29.금 ~ 05.31.일,,미부착,,개방 가능,공공누리 2~4유형,,,,O,,,,"저작권 보호되는 영화, 다수의 스틸컷",
859,한국영상자료원,HOME > 시네마테크KOFA > 프로그램 > 지난 프로그램,지난 프로그램,주먹이 운다 10주년 상영,주먹이 운다총 1 편,,2015.05.30.토 ~ 06.13.토,,미부착,,개방 가능,공공누리 2~4유형,,,,O,,,,"저작권 보호되는 영화, 다수의 스틸컷",
860,한국영상자료원,HOME > 시네마테크KOFA > 프로그램 > 지난 프로그램,지난 프로그램,6월_ 독립영화 기획전,[쇼케이스]거짓말/[실험영화]Thailand Present/소중한 날의 꿈총 3 편,,2015.06.09.화 ~ 06.27.토,,미부착,,개방 가능,공공누리 2~4유형,,,,O,,,,"저작권 보호되는 영화, 다수의 스틸컷",
861,한국영상자료원,HOME > 시네마테크KOFA > 프로그램 > 지난 프로그램,지난 프로그램,6월 대담,포스 마쥬어: 화이트 베케이션총 1 편,,2015.06.13.토 ~ 06.17.수,,미부착,,개방 가능,공공누리 2~4유형,,,,O,,,,"저작권 보호되는 영화, 다수의 스틸컷",
862,한국영상자료원,HOME > 시네마테크KOFA > 프로그램 > 지난 프로그램,지난 프로그램,"6월_ 카페 대신 극장에서, 달콤한 영화 디저트",악심총 1 편,,2015.06.24.수,,미부착,,개방 가능,공공누리 2~4유형,,,,O,O,,,스틸컷 1장,
863,한국영상자료원,HOME > 시네마테크KOFA > 프로그램 > 지난 프로그램,지난 프로그램,쿠바현대영화제,[미니공연]아바나스테이션/[세미나]한국과 쿠바 영화산업에 관한 발전과 전망/그럼에도 불구하고/당신과 함께라면/아바나스테이션 + 정원속의 달/언어의 장벽/에스테르를 찾아서/오메가3/투게더/품행총 10 편,,2015.06.27.토 ~ 07.05.일,,미부착,,개방 가능,공공누리 2~4유형,,,,,O,,,영화별 스틸컷 1장,
864,한국영상자료원,HOME > 시네마테크KOFA > 프로그램 > 지난 프로그램,지난 프로그램,[해피투게더 독립영화]생각보다 맑은,생각보다 맑은총 1 편,,2015.06.28.일,,미부착,,개방 가능,공공누리 2~4유형,,,,O,,,,"저작권 보호되는 영화, 다수의 스틸컷",
865,한국영상자료원,HOME > 시네마테크KOFA > 프로그램 > 지난 프로그램,지난 프로그램,7월_ 프로그래머의 초이스,리바이어던총 1 편,,2015.07.01.수 ~ 07.05.일,,미부착,,개방 가능,공공누리 2~4유형,,,,O,,,,"저작권 보호되는 영화, 다수의 스틸컷",
866,한국영상자료원,HOME > 시네마테크KOFA > 프로그램 > 지난 프로그램,지난 프로그램,"7월_ 퐁당퐁당의 저주, 할 수 있는 자가 구하라",갓 헬프 더 걸/돌이킬 수 없는/리틀 포레스트: 여름과 가을/오마르/이다/트라이브/폭스캐처총 7 편,,2015.07.07.화 ~ 07.12.일,,미부착,,개방 가능,공공누리 2~4유형,,,,O,,,,"저작권 보호되는 영화, 다수의 스틸컷",
867,한국영상자료원,HOME > 시네마테크KOFA > 프로그램 > 지난 프로그램,지난 프로그램,<개를 훔치는 완벽한 방법> 베리어프리 상영회,개를 훔치는 완벽한 방법(배리어프리 버전)총 1 편,,2015.07.11.토,,미부착,,개방 가능,공공누리 2~4유형,,,,O,,,,"저작권 보호되는 영화, 다수의 스틸컷",
868,한국영상자료원,HOME > 시네마테크KOFA > 프로그램 > 지난 프로그램,지난 프로그램,<연애의 목적> 10주년 특별상영,연애의 목적총 1 편,,2015.07.11.토,,미부착,,개방 가능,공공누리 2~4유형,,,,O,,,,"저작권 보호되는 영화, 다수의 스틸컷",
869,한국영상자료원,HOME > 시네마테크KOFA > 프로그램 > 지난 프로그램,지난 프로그램,흑백 vs 칼라 동시상영전,그 남자는 거기 없었다(칼라)/그 남자는 거기 없었다(흑백)/마더(칼라)/마더(흑백)/미스트(칼라)/미스트(흑백)/친절한 금자씨(칼라)/친절한 금자씨(흑백)/화장(칼라)/화장(흑백)총 10 편,,2015.07.14.화 ~ 07.23.목,,미부착,,개방 가능,공공누리 2~4유형,,,,O,,,,"저작권 보호되는 영화, 다수의 스틸컷",
870,한국영상자료원,HOME > 시네마테크KOFA > 프로그램 > 지난 프로그램,지난 프로그램,해연(일명: 갈매기) 특별상영,해연(일명: 갈매기)총 1 편,,2015.07.15.수 ~ 07.19.일,,미부착,,개방 가능,공공누리 1유형,,,,,O,,,1948년작 저작권 소멸,
871,한국영상자료원,HOME > 시네마테크KOFA > 프로그램 > 지난 프로그램,지난 프로그램,7월_ 독립영화 기획전,[독립다큐]인간의 시간/[독립다큐]파산의 기술記述/[쇼케이스]표정들/[실험영화]Experimental Videos from Malaysia & Beyond총 4 편,,2015.07.16.목 ~ 07.28.화,,미부착,,개방 가능,공공누리 2~4유형,,,,O,,,,"저작권 보호되는 영화, 다수의 스틸컷",
872,한국영상자료원,HOME > 시네마테크KOFA > 프로그램 > 지난 프로그램,지난 프로그램,<들개> 특별 초청상영,들개총 1 편,,2015.07.16.목,,미부착,,개방 가능,공공누리 2~4유형,,,,O,,,,"저작권 보호되는 영화, 다수의 스틸컷",
873,한국영상자료원,HOME > 시네마테크KOFA > 프로그램 > 지난 프로그램,지난 프로그램,김태용 감독 단편선: <그녀의 전설> 등 4편,김태용 감독 단편선총 1 편,,2015.07.18.토,,미부착,,개방 가능,공공누리 2~4유형,,,,O,O,,,스틸컷 및 현장 사진 1장씩,
874,한국영상자료원,HOME > 시네마테크KOFA > 프로그램 > 지난 프로그램,지난 프로그램,7월_ 블루레이 특별전,갈증/레이드 2/레이드: 첫번째 습격총 3 편,,2015.07.23.목 ~ 07.24.금,,미부착,,개방 가능,공공누리 2~4유형,,,,O,,,,"저작권 보호되는 영화, 다수의 스틸컷",
875,한국영상자료원,HOME > 시네마테크KOFA > 프로그램 > 지난 프로그램,지난 프로그램,[해피투게더 독립영화]산다,산다총 1 편,,2015.07.25.토,,미부착,,개방 가능,공공누리 2~4유형,,,,O,,,,"저작권 보호되는 영화, 다수의 스틸컷",
876,한국영상자료원,HOME > 시네마테크KOFA > 프로그램 > 지난 프로그램,지난 프로그램,멕시칸 판타지아 - 멕시코 장르영화의 유혹,KM 31/나쁜 놈들/노스리스/마녀들의 시간/멕시코 바바로/바이올린/블루 아일리즈/악마의 협주곡/천사와 악마/크로노스/허니문/허브 치료사총 12 편,,2015.07.25.토 ~ 08.05.수,,미부착,,개방 가능,공공누리 2~4유형,,,,,O,,,영화별 스틸컷 1장 + 포스터 ,
877,한국영상자료원,HOME > 시네마테크KOFA > 프로그램 > 지난 프로그램,지난 프로그램,"독일영화, 지금 여기","러브 스테이크/베를린 장벽/사랑하는 누이/오, 보이/피닉스/핀스터월드/한나 아렌트총 7 편",,2015.07.25.토 ~ 08.02.일,,미부착,,개방 가능,공공누리 2~4유형,,,,O,O,,,영화별 스틸컷 1장,
878,한국영상자료원,HOME > 시네마테크KOFA > 프로그램 > 지난 프로그램,지난 프로그램,"7월_ 카페 대신 극장에서, 달콤한 영화 디저트",나는 중식이다총 1 편,,2015.07.29.수,,미부착,,개방 가능,공공누리 2~4유형,,,,O,O,,,스틸컷 1장,
879,한국영상자료원,HOME > 시네마테크KOFA > 프로그램 > 지난 프로그램,지난 프로그램,"광복 70년과 한국영화: 해방의 기억, 상상의 서사","2009 로스트 메모리즈/고종황제와 의사 안중근/독립전야/독립협회와 청년 리승만/두만강아 잘 있거라/상해 임시정부/쇠사슬을 끊어라/아아 백범 김구선생/자유만세(복원판, 불완전판)/족보/해방 뉴_쓰 특보 1~4 + 안창남 비행사(불완전판)총 11 편",,2015.08.13.목 ~ 08.16.일,,미부착,,개방 가능,공공누리 2~4유형,,,,O,,,,"저작권 보호되는 영화, 다수의 스틸컷",
880,한국영상자료원,HOME > 시네마테크KOFA > 프로그램 > 지난 프로그램,지난 프로그램,8월_ 독립영화 기획전,[독립다큐]우는 여자/[독립다큐]조울-그리다 춤추다 등 3편/[쇼케이스]지나가는 사람들/[실험영화]Experimental Videos from Malaysia & Beyond총 4 편,,2015.08.15.토 ~ 08.25.화,,미부착,,개방 가능,공공누리 2~4유형,,,,,O,,,영화별 스틸컷 1장,
881,한국영상자료원,HOME > 시네마테크KOFA > 프로그램 > 지난 프로그램,지난 프로그램,영화와 공간: 우디 앨런의 뉴욕,라디오 데이즈/마이티 아프로디테/맨하탄/맨하탄 살인사건/범죄와 비행/부부 일기/브로드웨이를 쏴라/브로드웨이의 대니 로즈/셀러브리티/스몰 타임 크룩스/애니홀/에브리원 세즈 아이러브유/우디 앨런: 우리가 몰랐던 이야기/인테리어/중년의 위기/카이로의 붉은 장미/한나와 그 자매들/할리우드 엔딩총 18 편,,2015.08.18.화 ~ 08.30.일,,미부착,,개방 가능,공공누리 2~4유형,,,,,O,,,영화별 포스터 1장,
882,한국영상자료원,HOME > 시네마테크KOFA > 프로그램 > 지난 프로그램,지난 프로그램,2015 서울국제실험영화제,ASIA FORUM/EX-CHOICE/EX-IN/EX-NOW 1/EX-NOW 2/EX-NOW 3/EX-NOW 4/EX-NOW 5/EX-NOW 6/EX-RETRO 1/EX-RETRO 2/EX-RETRO 3/EX-RETRO 4/First-Come First-Screen 선착순 상영회/INDI-VISUAL 1/INDI-VISUAL 2/LAB PROGRAM 1 & 2총 17 편,,2015.08.20.목 ~ 08.27.목,,미부착,,개방 가능,공공누리 2~4유형,,,,,O,,,영화별 스틸컷 1장,
883,한국영상자료원,HOME > 시네마테크KOFA > 프로그램 > 지난 프로그램,지난 프로그램,"8월_ 카페 대신 극장에서, 달콤한 영화 디저트",아빠의 맛총 1 편,,2015.08.26.수,,미부착,,개방 가능,공공누리 2~4유형,,,,O,,,,"저작권 보호되는 영화, 다수의 스틸컷",
884,한국영상자료원,HOME > 시네마테크KOFA > 프로그램 > 지난 프로그램,지난 프로그램,"覆面歌王, 가면 속의 아리아",미녀는 괴로워/복면달호/야반가성/오페라의 유령/오페라의 유령: 25주년 기념 라이브 공연/프랭크/하숙생총 7 편,,2015.09.01.화 ~ 09.06.일,,미부착,,개방 가능,공공누리 2~4유형,,,,O,,,,"저작권 보호되는 영화, 다수의 스틸컷",
885,한국영상자료원,HOME > 시네마테크KOFA > 프로그램 > 지난 프로그램,지난 프로그램,"스크린 문학관 1탄, 문예영화 걸작선",김약국의 딸들/만선/물레방아/벙어리 삼룡/산불/안개/장군의 수염총 7 편,,2015.09.08.화 ~ 09.13.일,,미부착,,개방 가능,공공누리 2~4유형,,,,O,,,,"저작권 보호되는 영화, 다수의 스틸컷",
886,한국영상자료원,HOME > 시네마테크KOFA > 프로그램 > 지난 프로그램,지난 프로그램,9월_ 독립영화 기획전,[독립다큐]꿈의 공장/[독립다큐]이중의 적/[쇼케이스]범전/[실험영화]Experimental Videos from Malaysia & Beyond총 4 편,,2015.09.12.토 ~ 09.22.화,,미부착,,개방 가능,공공누리 2~4유형,,,,O,,,,"저작권 보호되는 영화, 다수의 스틸컷",
887,한국영상자료원,HOME > 시네마테크KOFA > 프로그램 > 지난 프로그램,지난 프로그램,<형사> 10주년 특별상영,조선 느와르-이명세 형사 만들기/형사 : DUELIST총 2 편,,2015.09.12.토,,미부착,,개방 가능,공공누리 2~4유형,,,,O,,,,"저작권 보호되는 영화, 다수의 스틸컷",
888,한국영상자료원,HOME > 시네마테크KOFA > 프로그램 > 지난 프로그램,지난 프로그램,오승욱과 그의 친애하는 무뢰한들 : <킬리만자로> <무뢰한> 동시상영,무뢰한/킬리만자로총 2 편,,2015.09.13.일,,미부착,,개방 가능,공공누리 2~4유형,,,,O,,,,"저작권 보호되는 영화, 다수의 스틸컷",
889,한국영상자료원,HOME > 시네마테크KOFA > 프로그램 > 지난 프로그램,지난 프로그램,마키노 마사히로 감독전,낭인가/다카다노바바 결투/시미즈 항/여조장/원앙새 노래대항전/육체의 문/인생공중제비총 7 편,,2015.09.15.화 ~ 09.19.토,,미부착,,개방 가능,공공누리 2~4유형,,,,,O,,,"여조장(1970) 이외 모두 1963년 이전 영화, 영화별 스틸컷 1장",
890,한국영상자료원,HOME > 시네마테크KOFA > 프로그램 > 지난 프로그램,지난 프로그램,제2회 디엠씨 단편영화 페스티벌,[배리어프리]디엠씨 단편영화 페스티벌_ Color 2/디엠씨 단편영화 페스티벌_ Color 1/디엠씨 단편영화 페스티벌_ Color 3/디엠씨 단편영화 페스티벌_ Dream 1/디엠씨 단편영화 페스티벌_ Dream 2/디엠씨 단편영화 페스티벌_ Dwight/디엠씨 단편영화 페스티벌_ Magic/디엠씨 단편영화 페스티벌_ 개막식/디엠씨 단편영화 페스티벌_ 폐막식총 9 편,,2015.09.16.수 ~ 09.19.토,,미부착,,개방 가능,공공누리 2~4유형,,,,,O,,,영화별 스틸컷 1장,
891,한국영상자료원,HOME > 시네마테크KOFA > 프로그램 > 지난 프로그램,지난 프로그램,가을에는 모두 다 야구,42/그라운드의 이방인/글러브/꿈의 구장/내 인생의 마지막 변화구/더 팬/루키/머니볼/밀리언 달러 암/슈퍼스타 감사용/어게인: 끝없는 도전/영광의 9회말/이장호의 외인구단/파울볼/해가 서쪽에서 뜬다면총 15 편,,2015.09.20.일 ~ 10.02.금,,미부착,,개방 가능,공공누리 2~4유형,,,,O,,,,"저작권 보호되는 영화, 다수의 스틸컷",
892,한국영상자료원,HOME > 시네마테크KOFA > 프로그램 > 지난 프로그램,지난 프로그램,<미라클 밸리에> 배리어프리영화 특별상영,미라클 벨리에총 1 편,,2015.09.24.목,,미부착,,개방 가능,공공누리 2~4유형,,,,O,,,,"저작권 보호되는 영화, 다수의 스틸컷",
893,한국영상자료원,HOME > 시네마테크KOFA > 프로그램 > 지난 프로그램,지난 프로그램,"9월_ 카페 대신 극장에서, 달콤한 영화 디저트",9월이 지나면총 1 편,,2015.09.30.수,,미부착,,개방 가능,공공누리 2~4유형,,,,O,,,,"저작권 보호되는 영화, 다수의 스틸컷",
894,한국영상자료원,HOME > 시네마테크KOFA > 프로그램 > 지난 프로그램,지난 프로그램,울주세계산악영화제 프레페스티벌 서울순회상영,네팔 특별전/루키 등 3편/벤프나잇/예술계수7번 등 2편/울주서밋 3편/정적 등 2편총 6 편,,2015.10.03.토 ~ 10.04.일,,미부착,,개방 가능,공공누리 2~4유형,,,,O,,,,"저작권 보호되는 영화, 다수의 스틸컷",
895,한국영상자료원,HOME > 시네마테크KOFA > 프로그램 > 지난 프로그램,지난 프로그램,"스크린문학관 2: 리메이크, 춘향",반도의 봄/성춘향/성춘향전/춘향/춘향뎐/춘향전총 6 편,,2015.10.06.화 ~ 10.09.금,,미부착,,개방 가능,공공누리 2~4유형,,,,O,,,,"저작권 보호되는 영화, 다수의 스틸컷",
896,한국영상자료원,HOME > 시네마테크KOFA > 프로그램 > 지난 프로그램,지난 프로그램,제 4회 서울이주민예술제,섹션1 <이주민의 시선: 이주 주제>/섹션2 <이주민의 시선: 자유 주제>/섹션3 <한국 선주민의 시선: 이주 주제>총 3 편,,2015.10.10.토 ~ 10.11.일,,미부착,,개방 가능,공공누리 2~4유형,,,,O,,,,"저작권 보호되는 영화, 다수의 스틸컷",
897,한국영상자료원,HOME > 시네마테크KOFA > 프로그램 > 지난 프로그램,지난 프로그램,"구로사와에서 구로사와까지, 일본영화의 절대강자들","7인의 사무라이/거미의 눈/그 여름 가장 조용한 바다/라쇼몽/막말태양전/막스의 산/밝은 미래/뱀의 길/복수는 나의 것/붉은 수염/신들의 깊은 욕망/아내는 고백한다/오니바바/우게쯔 이야기/인간합격/진흙강/큐어/탐정사무소23,죽어라 악당들/태양의 묘지총 19 편",,2015.10.10.토 ~ 10.25.일,,미부착,,개방 가능,공공누리 2~4유형,,,,,O,,,영화별 포스터 1장,
898,한국영상자료원,HOME > 시네마테크KOFA > 프로그램 > 지난 프로그램,지난 프로그램,중국 상하이 영화제,검은 눈/쓸모없는 남자/위성/조사관/향혼녀총 5 편,,2015.10.13.화 ~ 10.16.금,,미부착,,개방 가능,공공누리 2~4유형,,,,,O,,,영화별 스틸컷 1장,
899,한국영상자료원,HOME > 시네마테크KOFA > 프로그램 > 지난 프로그램,지난 프로그램,<마리 이야기> 배리어프리영화 특별상영,[배리어프리]마리 이야기: 손끝의 기적총 1 편,,2015.10.15.목,,미부착,,개방 가능,공공누리 2~4유형,,,,O,,,,"저작권 보호되는 영화, 다수의 스틸컷",
900,한국영상자료원,HOME > 시네마테크KOFA > 프로그램 > 지난 프로그램,지난 프로그램,10월_ 독립영화 기획전,"[독립다큐]물의 기원/[독립다큐]村, 금가이/[쇼케이스]<척추측만> 등 3편/[실험영화]Club eX The Philippines총 4 편",,2015.10.15.목 ~ 10.27.화,,미부착,,개방 가능,공공누리 2~4유형,,,,O,,,,"저작권 보호되는 영화, 다수의 스틸컷",
901,한국영상자료원,HOME > 시네마테크KOFA > 프로그램 > 지난 프로그램,지난 프로그램,"10월_ 퐁당퐁당의 저주, 할 수 있는 자가 구하라",더 딥 블루 씨/리틀 포레스트: 겨울과 봄/모스트 바이어런트/비비안 마이어를 찾아서/생 로랑/윈터슬립/질투/트립 투 이탈리아총 8 편,,2015.10.27.화 ~ 11.05.목,,미부착,,개방 가능,공공누리 2~4유형,,,,O,,,,"저작권 보호되는 영화, 다수의 스틸컷",
902,한국영상자료원,HOME > 시네마테크KOFA > 프로그램 > 지난 프로그램,지난 프로그램,[해피투게더]꿈보다 해몽,꿈보다 해몽총 1 편,,2015.10.31.토,,미부착,,개방 가능,공공누리 2~4유형,,,,O,,,,"저작권 보호되는 영화, 다수의 스틸컷",
903,한국영상자료원,HOME > 시네마테크KOFA > 프로그램 > 지난 프로그램,지난 프로그램,10월_ 블루레이 특별전,내일을 위한 시간/이다총 2 편,,2015.10.31.토,,미부착,,개방 가능,공공누리 2~4유형,,,,,O,,,영화별 포스터 1장,
904,한국영상자료원,HOME > 시네마테크KOFA > 프로그램 > 지난 프로그램,지난 프로그램,제2회 한중 청년 꿈키움 단편영화제 특별상영,<송별> 등 7편총 1 편,,2015.11.04.수,,미부착,,개방 가능,공공누리 2~4유형,,,,O,O,,,스틸컷 1장,
905,한국영상자료원,HOME > 시네마테크KOFA > 프로그램 > 지난 프로그램,지난 프로그램,한우섭-한규호 부자 컬렉션 2탄,아카시아 꽃잎필 때/안개낀 거리/여판사/오부자/잊을 수 없는 연인/홀쭉이 뚱뚱이 논산 훈련소에 가다총 6 편,,2015.11.06.금 ~ 11.10.화,,미부착,,개방 가능,공공누리 2~4유형,,,,O,,,,"저작권 보호되는 영화, 다수의 스틸컷",
906,한국영상자료원,HOME > 시네마테크KOFA > 프로그램 > 지난 프로그램,지난 프로그램,"독립영화 이른 연말정산, 11월의 보너스",마돈나/망원동 인공위성/산다/생각보다 맑은/성실한 나라의 앨리스/소셜포비아/조류인간/한여름의 판타지아총 8 편,,2015.11.11.수 ~ 11.19.목,,미부착,,개방 가능,공공누리 2~4유형,,,,O,,,,"저작권 보호되는 영화, 다수의 스틸컷",
907,한국영상자료원,HOME > 시네마테크KOFA > 프로그램 > 지난 프로그램,지난 프로그램,11월_ 프로그래머의 초이스,백만냥의 항아리/인정 종이풍선총 2 편,,2015.11.11.수 ~ 11.15.일,,미부착,,개방 가능,공공누리 1유형,,,,,O,,,"백만냥의 항아리(1935),인정 종이풍선(1937), 저작권 보호기간 만료",
908,한국영상자료원,HOME > 시네마테크KOFA > 프로그램 > 지난 프로그램,지난 프로그램,BBC 살아있는 지구 블루레이 특별전,살아있는 지구 베스트 에피소드총 1 편,,2015.11.14.토,,미부착,,개방 가능,공공누리 2~4유형,,,,,O,,,포스터 1장,
909,한국영상자료원,HOME > 시네마테크KOFA > 프로그램 > 지난 프로그램,지난 프로그램,제3회 필름게이트 단편영화제,제3회 필름게이트 단편영화제 Part. 1/제3회 필름게이트 단편영화제 Part. 2총 2 편,,2015.11.14.토,,미부착,,개방 가능,공공누리 2~4유형,,,,,O,,,영화별 스틸컷 1장,
910,한국영상자료원,HOME > 시네마테크KOFA > 프로그램 > 지난 프로그램,지난 프로그램,11월_ 독립영화 기획전,[독립다큐]미국의 바람과 불/[독립다큐]프리즈마/[쇼케이스]붕괴/[실험영화]Club eX The Philippines총 4 편,,2015.11.19.목 ~ 11.24.화,,미부착,,개방 가능,공공누리 2~4유형,,,,O,,,,"저작권 보호되는 영화, 다수의 스틸컷",
911,한국영상자료원,HOME > 시네마테크KOFA > 프로그램 > 지난 프로그램,지난 프로그램,제5회 서울배리어프리영화제,개를 훔치는 완벽한 방법/고녀석 맛나겠다 2: 함께라서 행복해/단편 애니메이션 상영작 섹션1/단편 애니메이션 상영작 섹션2/단편 애니메이션 상영작 섹션3/마리 이야기: 손끝의 기적/매일매일 알츠하이머/모모와 다락방의 수상한 요괴들/미라클 벨리에/사도: 8일간의기억/어네스트와 셀레스틴/엄마까투리+모르는 척/이별까지 7일/족구왕/피부색깔=꿀색/필로미나의 기적총 16 편,,2015.11.19.목 ~ 11.22.일,,미부착,,개방 가능,공공누리 2~4유형,,,,O,,,,"저작권 보호되는 영화, 다수의 스틸컷",
912,한국영상자료원,HOME > 시네마테크KOFA > 프로그램 > 지난 프로그램,지난 프로그램,11월 클래식 릴레이 한국영화,그 해 겨울은 따뜻했네/길소뜸/남과 북/장마/짝코/최후의 증인/흑수선총 7 편,,2015.11.24.화 ~ 11.27.금,,미부착,,개방 가능,공공누리 2~4유형,,,,O,,,,"저작권 보호되는 영화, 다수의 스틸컷",
913,한국영상자료원,HOME > 시네마테크KOFA > 프로그램 > 지난 프로그램,지난 프로그램,"11월_ 카페 대신 극장에서, 달콤한 영화 디저트",자네 아내와 여행을 가고 싶네총 1 편,,2015.11.25.수,,미부착,,개방 가능,공공누리 2~4유형,,,,O,,,,"저작권 보호되는 영화, 다수의 스틸컷",
914,한국영상자료원,HOME > 시네마테크KOFA > 프로그램 > 지난 프로그램,지난 프로그램,<피부색깔=꿀색> 감독 특별초청 상영,피부색깔=꿀색총 1 편,,2015.11.27.금,,미부착,,개방 가능,공공누리 2~4유형,,,,O,,,,"저작권 보호되는 영화, 다수의 스틸컷",
915,한국영상자료원,HOME > 시네마테크KOFA > 프로그램 > 지난 프로그램,지난 프로그램,<용서받지 못한 자> 10주년 특별상영,범죄와의 전쟁 : 나쁜놈들 전성시대/용서받지 못한 자총 2 편,,2015.11.28.토,,미부착,,개방 가능,공공누리 2~4유형,,,,O,,,,"저작권 보호되는 영화, 다수의 스틸컷",
916,한국영상자료원,HOME > 시네마테크KOFA > 프로그램 > 지난 프로그램,지난 프로그램,2015 큐브릭 오디세이: 스탠리 큐브릭 특별전,2001: 스페이스 오디세이/닥터 스트레인지러브/로리타/배리 린든/샤이닝/스탠리 큐브릭: 영화 속의 인생/시계태엽 오렌지/아이즈 와이드 셧/영광의 길/킬러스 키스/킬링/풀 메탈 자켓총 12 편,,2015.11.29.일 ~ 12.09.수,,미부착,,개방 가능,공공누리 2~4유형,,,,,O,,,"로리타(1961, 다수 스틸컷), 나머지는 영화별 포스터 1장",
917,한국영상자료원,HOME > 시네마테크KOFA > 프로그램 > 지난 프로그램,지난 프로그램,제4회 재팬파운데이션 무비 페스티벌,0.5mm/고백/남극의 쉐프/노다메 칸타빌레 Vol.1/노다메 칸타빌레 최종악장/똥파리/비용의 아내-버찌와 민들레/세계의 끝과 원더풀 원더랜드/악인/옐로우 키드/이야 모노가타리/인스턴트 늪/진짜로 일어날지도 몰라 기적/푸줏간 이야기/한여름의 판타지아/해녀 양 씨총 16 편,,2015.12.10.목 ~ 12.20.일,,미부착,,개방 가능,공공누리 2~4유형,,,,O,,,,"저작권 보호되는 영화, 다수의 스틸컷",
918,한국영상자료원,HOME > 시네마테크KOFA > 프로그램 > 지난 프로그램,지난 프로그램,<왕의 남자> 10주년 특별상영,왕의 남자총 1 편,,2015.12.12.토,,미부착,,개방 가능,공공누리 2~4유형,,,,O,,,,"저작권 보호되는 영화, 다수의 스틸컷",
919,한국영상자료원,HOME > 시네마테크KOFA > 프로그램 > 지난 프로그램,지난 프로그램,12월_독립영화 기획전,[독립다큐]미디어로 행동하라 in 삼척/[독립다큐]전열/[실험영화]Club eX The Philippines총 3 편,,2015.12.19.토,,미부착,,개방 가능,공공누리 2~4유형,,,,O,,,,"저작권 보호되는 영화, 다수의 스틸컷",
920,한국영상자료원,HOME > 시네마테크KOFA > 프로그램 > 지난 프로그램,지난 프로그램,2015 사사로운 영화리스트 Part 1,나의 어머니/나이트 크롤러/내일을 위한 시간/동경표류일기/앙: 단팥 인생 이야기/이민자/침묵의 시선/클라우즈 오브 실스마리아/택시/폭스캐처총 10 편,,2015.12.22.화 ~ 12.31.목,,미부착,,개방 가능,공공누리 2~4유형,,,,O,,,,"저작권 보호되는 영화, 다수의 스틸컷",
921,한국영상자료원,HOME > 시네마테크KOFA > 프로그램 > 지난 프로그램,지난 프로그램,크리스마스 특별 프로그램,도라에몽: 스탠바이미/무민 더 무비/숀더쉽총 3 편,,2015.12.25.금 ~ 12.26.토,,미부착,,개방 가능,공공누리 2~4유형,,,,O,,,,"저작권 보호되는 영화, 다수의 스틸컷",
922,한국영상자료원,HOME > 시네마테크KOFA > 프로그램 > 지난 프로그램,지난 프로그램,"12월_ 카페 대신 극장에서, 달콤한 영화 디저트",12번째 보조사제총 1 편,,2015.12.30.수,,미부착,,개방 가능,공공누리 2~4유형,,,,O,,,,"저작권 보호되는 영화, 다수의 스틸컷",
923,한국영상자료원,HOME > 시네마테크KOFA > 프로그램 > 지난 프로그램,지난 프로그램,"In Memoriam: 故 심우섭, 서정민, 김혜정",꿈/나도 인간이 되련다/남자미용사/돌아오지 않는 해병/리베라메/바람불어 좋은날/서울무지개/심야의 비명/아카시아 꽃잎필 때/울고 넘는 박달재/육체의 고백/천년호/초연/파란대문/팔푼며느리/피아노맨총 16 편,,2016.01.02.토 ~ 01.08.금,,미부착,,개방 가능,공공누리 2~4유형,,,,O,,,,"저작권 보호되는 영화, 다수의 스틸컷",
924,한국영상자료원,HOME > 시네마테크KOFA > 프로그램 > 지난 프로그램,지난 프로그램,시네마테크KOFA가 주목한 2015년 한국영화,극비수사/꿈보다 해몽/무뢰한/베테랑/산다/소셜포비아/암살/위로공단/지금은맞고그때는틀리다/한여름의 판타지아/화장총 11 편,,2016.01.09.토 ~ 01.17.일,,미부착,,개방 가능,공공누리 2~4유형,,,,O,,,,"저작권 보호되는 영화, 다수의 스틸컷",
925,한국영상자료원,HOME > 시네마테크KOFA > 프로그램 > 지난 프로그램,지난 프로그램,1월_ 독립영화 기획전,[독립다큐]1991년 1학년/[독립다큐]과거는 낯선 나라다총 2 편,,2016.01.16.토,,미부착,,개방 가능,공공누리 2~4유형,,,,O,O,,,"흐트러지다(1964), 흐트러진 구름(1964) 외외 모두 1963년 이전 작품",
926,한국영상자료원,HOME > 시네마테크KOFA > 프로그램 > 지난 프로그램,지난 프로그램,나루세 미키오 특별전,"[특별상영] 고지라/[특별상영] 두 아들/[특별상영] 세계대전쟁/가을이 오다/권적운/딸, 아내, 엄마/떠돌이 배우/만국/밥/방랑기/버스차장 히데코/번개/부부/부운/산의 소리/산주산겐도 궁수 이야기/세 자매/쓰루하치 쓰루지로/아내/아내여 장미처럼/아내의 마음/안즈코/야성의 여인/엄마/여자가 계단을 오를 때/오누이/일하는 가족/초롱불 노래/취우/흐르다/흐트러지다/흐트러진 구름총 32 편",,2016.02.11.목 ~ 03.06.일,,미부착,,개방 가능,공공누리 2~4유형,,,,O,,,,"저작권 보호되는 영화, 다수의 스틸컷",
927,한국영상자료원,HOME > 시네마테크KOFA > 프로그램 > 지난 프로그램,지난 프로그램,2월_ 독립영화 기획전,[독립다큐]레드 툼/[독립다큐]보라총 2 편,,2016.02.20.토,,미부착,,개방 가능,공공누리 2~4유형,,,,O,,,,"저작권 보호되는 영화, 다수의 스틸컷",
928,한국영상자료원,HOME > 시네마테크KOFA > 프로그램 > 지난 프로그램,지난 프로그램,"2월_ 카페 대신 극장에서, 달콤한 영화 디저트",나를 잊지 말아요총 1 편,,2016.02.24.수,,미부착,,개방 가능,공공누리 2~4유형,,,,O,O,,,스틸컷 1장,
929,한국영상자료원,HOME > 시네마테크KOFA > 프로그램 > 지난 프로그램,지난 프로그램,2월_ 프로그래머의 초이스,도원경총 1 편,,2016.02.24.수 ~ 02.27.토,,미부착,,개방 가능,공공누리 2~4유형,,,,,O,,,포스터 1장,
930,한국영상자료원,HOME > 시네마테크KOFA > 프로그램 > 지난 프로그램,지난 프로그램,"3.1절 특별상영: 러시아, 독일 발굴 기록영상",고요한 아침의 나라에서/노르베르트 베버 단편 모음/북선의 양은 말한다 등 2편 + 강의총 3 편,,2016.03.01.화,,미부착,,개방 가능,공공누리 1유형,,,,,O,,,"모두 1963년 이전 외국 영화, 저작권 보호기간 만료",
931,한국영상자료원,HOME > 시네마테크KOFA > 프로그램 > 지난 프로그램,지난 프로그램,3월_ 클래식 릴레이 한국영화,꽃순이를 아시나요/도시의 사냥꾼/뻐꾸기도 밤에 우는가/안개마을/앵무새 몸으로 울었다/죽음보다 깊은 잠총 6 편,,2016.03.08.화 ~ 03.18.금,,미부착,,개방 가능,공공누리 2~4유형,,,,O,,,,"저작권 보호되는 영화, 다수의 스틸컷",
932,한국영상자료원,HOME > 시네마테크KOFA > 프로그램 > 지난 프로그램,지난 프로그램,[OKULO screening] <래디언트> 특별상영,래디언트총 1 편,,2016.03.08.화,,미부착,,개방 가능,공공누리 1유형,,,,,O,,,"이미지 1장, 저작물성 없음",
933,한국영상자료원,HOME > 시네마테크KOFA > 프로그램 > 지난 프로그램,지난 프로그램,2015 사사로운 영화리스트 Part 2,대지와 그늘/더 듀크 오브 버건디/시티즌포/아 프리오리/아페림!/인 더 섀도우 오브 우먼/자개단추/자객 섭은낭/천일야화 1/천일야화 2/천일야화 3/팔로우/피닉스총 13 편,,2016.03.08.화 ~ 03.23.수,,미부착,,개방 가능,공공누리 2~4유형,,,,O,,,,"저작권 보호되는 영화, 다수의 스틸컷",
934,한국영상자료원,HOME > 시네마테크KOFA > 프로그램 > 지난 프로그램,지난 프로그램,동일본대지진으로부터 5년 특별전,3.11: 이와이 순지와 친구들/LIGHT UP NIPPON/노래하는 사람/두더지/파도의 목소리 게센누마/파도의 목소리 신치마치/파도의 소리/하루와 떠난 여행/하멜른/힘내라 훌라걸총 10 편,,2016.03.09.수 ~ 03.13.일,,미부착,,개방 가능,공공누리 2~4유형,,,,O,,,,"저작권 보호되는 영화, 다수의 스틸컷",
935,한국영상자료원,HOME > 시네마테크KOFA > 프로그램 > 지난 프로그램,지난 프로그램,3월_ 대담,"쿠미코, 더 트레져 헌터총 1 편",,2016.03.15.화 ~ 03.20.일,,미부착,,개방 가능,공공누리 2~4유형,,,,O,,,,"저작권 보호되는 영화, 다수의 스틸컷",
936,한국영상자료원,HOME > 시네마테크KOFA > 프로그램 > 지난 프로그램,지난 프로그램,쿠엔틴 타란티노 특별전,[특별상영]장고/[특별상영]철인(죽음의 다섯손가락)/데쓰 프루프/바스터즈: 거친 녀석들/씬 시티/장고: 분노의 추적자/재키 브라운/저수지의 개들/킬빌/킬빌 2/펄프 픽션/포룸/헤이트풀8총 13 편,,2016.03.24.목 ~ 04.03.일,,미부착,,개방 가능,공공누리 2~4유형,,,,O,,,,"저작권 보호되는 영화, 다수의 스틸컷",
937,한국영상자료원,HOME > 시네마테크KOFA > 프로그램 > 지난 프로그램,지난 프로그램,"3월_ 카페 대신 극장에서, 달콤한 영화 디저트",일출총 1 편,,2016.03.30.수,,미부착,,개방 가능,공공누리 2~4유형,,,,O,O,,,스틸컷 1장,
938,한국영상자료원,HOME > 시네마테크KOFA > 프로그램 > 지난 프로그램,지난 프로그램,"4월_ 퐁당퐁당의 저주, 할 수 있는 자가 구하라","나이트 오브 컵스/더 랍스터/러브 앤 머시/미스 줄리/바닷마을 다이어리/알로, 슈티/위시 아이 워즈 히어/종이 달총 8 편",,2016.04.05.화 ~ 04.13.수,,미부착,,개방 가능,공공누리 2~4유형,,,,O,,,,"저작권 보호되는 영화, 다수의 스틸컷",
939,한국영상자료원,HOME > 시네마테크KOFA > 프로그램 > 지난 프로그램,지난 프로그램,"영원한 영화청년, 장르영화의 장인 김기덕 감독전",5인의 해병/가수왕/꽃상여/남과 북/내 주먹을 사라/늦어도 그 날까지/대괴수 용가리/말띠신부/맨발의 청춘/섬마을 선생/아네모네 마담/영광의 9회말/오늘은 왕/친정어머니총 14 편,,2016.04.14.목 ~ 04.24.일,,미부착,,개방 가능,공공누리 2~4유형,,,,O,,,,"저작권 보호되는 영화, 다수의 스틸컷",
940,한국영상자료원,HOME > 시네마테크KOFA > 프로그램 > 지난 프로그램,지난 프로그램,4월_ 배리어프리영화 상영회,앙리 앙리/콰르텟총 2 편,,2016.04.15.금,,미부착,,개방 가능,공공누리 2~4유형,,,,O,,,,"저작권 보호되는 영화, 다수의 스틸컷",
941,한국영상자료원,HOME > 시네마테크KOFA > 프로그램 > 지난 프로그램,지난 프로그램,4월_ 대담,아버지의 초상총 1 편,,2016.04.17.일,,미부착,,개방 가능,공공누리 2~4유형,,,,O,,,,"저작권 보호되는 영화, 다수의 스틸컷",
942,한국영상자료원,HOME > 시네마테크KOFA > 프로그램 > 지난 프로그램,지난 프로그램,4월_ 프로그래머의 초이스,피로사회총 1 편,,2016.04.20.수,,미부착,,개방 가능,공공누리 2~4유형,,,,O,O,,,스틸컷 1장,
943,한국영상자료원,HOME > 시네마테크KOFA > 프로그램 > 지난 프로그램,지난 프로그램,"4월_ 해피투게더, 독립영화",네버다이 버터플라이/사돈의 팔촌총 2 편,,2016.04.23.토,,미부착,,개방 가능,공공누리 2~4유형,,,,O,,,,"저작권 보호되는 영화, 다수의 스틸컷",
944,한국영상자료원,HOME > 시네마테크KOFA > 프로그램 > 지난 프로그램,지난 프로그램,화룡음정: 클래식과 영화를 위한 이중주,[공연]해설이 있는 시네마 클래식/데어 윌 비 블러드/도깨비불/마지막 4중주/매치포인트/멜랑콜리아/미술관 옆 동물원/밀회/번지 점프를 하다/베니스에서의 죽음/쇼생크 탈출/아마데우스(감독판)/안나 막달레나 바흐의 연대기/유스/지옥의 묵시록/지옥의 묵시록 리덕스/판타지아/피아노의 숲/피아니스트/해피 엔드총 20 편,,2016.04.26.화 ~ 05.08.일,,미부착,,개방 가능,공공누리 2~4유형,,,,O,,,,"저작권 보호되는 영화, 다수의 스틸컷",
945,한국영상자료원,HOME > 시네마테크KOFA > 프로그램 > 지난 프로그램,지난 프로그램,"4월_ 카페 대신 극장에서, 달콤한 영화 디저트",그녀의 전설총 1 편,,2016.04.27.수,,미부착,,개방 가능,공공누리 2~4유형,,,,O,,,,"저작권 보호되는 영화, 다수의 스틸컷",
946,한국영상자료원,HOME > 시네마테크KOFA > 프로그램 > 지난 프로그램,지난 프로그램,"좋았다니 다시 한 번, 아시아나국제단편영화제 2016 순회상영전",프로그램1: 아시프 화제작전/프로그램2: Life is Short!/프로그램3: 발칙한 상상력전 애니메이션 특집총 3 편,,2016.05.10.화 ~ 05.12.목,,미부착,,개방 가능,공공누리 2~4유형,,,,,O,,,영화별 스틸컷 1장,
947,한국영상자료원,HOME > 시네마테크KOFA > 프로그램 > 지난 프로그램,지난 프로그램,"독립영화 기획전, 우리네(內) 이야기","나의 아들, 나의 어머니/마이 플레이스/메밀꽃, 운수 좋은 날, 그리고 봄봄/소꿉놀이/아버지의 이메일/인 허 플레이스/철원기행/춘희막이/트윈스터즈/해에게서 소년에게총 10 편",,2016.05.10.화 ~ 05.19.목,,미부착,,개방 가능,공공누리 2~4유형,,,,O,,,,"저작권 보호되는 영화, 다수의 스틸컷",
948,한국영상자료원,HOME > 시네마테크KOFA > 프로그램 > 지난 프로그램,지난 프로그램,영화의 세계에 오신 것을 환영합니다,7인의 무뢰한/[연주상영]바리에테/[연주상영]에로티콘/[연주상영]피곤한 죽음/꼬마신랑/나일의 딸/네 멋대로 해라/땡볕/마지막 국화 이야기/만춘/말타의 매/빅 슬립/사랑과 의무/사형대의 엘리베이터/상하이에서 온 여인/새/샴푸/성공시대/성난 코스모스/손 + 오발탄/스텔라 달라스/시민 케인/씨받이/악의 손길/어느 시골 사제의 일기/여자가 더 좋아/우리가 한때 가졌던 생각/원한의 팔도사나이/이창/인간사냥/일출/자전거 도둑/전함 포템킨/젊은 링컨/제너럴/중국은 가깝다/지지/초여름/팻 시티/페르소나/협녀/희미한 곰별자리총 42 편,,2016.05.20.금 ~ 06.17.금,,미부착,,개방 가능,공공누리 2~4유형,,,,O,,,,"저작권 보호되는 영화, 다수의 스틸컷",
949,한국영상자료원,HOME > 시네마테크KOFA > 프로그램 > 지난 프로그램,지난 프로그램,"5월_ 카페 대신 극장에서, 달콤한 영화 디저트",루이스 자네티의 영화의 이해총 1 편,,2016.05.25.수,,미부착,,개방 가능,공공누리 2~4유형,,,,O,O,,,책소개 및 저자 사진,
950,한국영상자료원,HOME > 시네마테크KOFA > 프로그램 > 지난 프로그램,지난 프로그램,"5월_ 해피투게더, 독립영화",들꽃/스틸 플라워총 2 편,,2016.05.28.토,,미부착,,개방 가능,공공누리 2~4유형,,,,O,,,,"저작권 보호되는 영화, 다수의 스틸컷",
951,한국영상자료원,HOME > 시네마테크KOFA > 프로그램 > 지난 프로그램,지난 프로그램,"그림자들의 함성, 페드로 코스타",녹색의 해/다시 만개한 꽃 - 페드로 코스타/당신의 숨겨진 미소는 어디에?/반다의 방/뼈/삶의 조건/센트로 히스토리코/수용소의 삶 : 디지털삼인삼색2007/아무것도 바꾸지 마라/여섯 개의 바가텔 + 아워맨/용암의 집/움직이는 삶/장-마리 스트라우브와 다니엘 위예 (+ 아워맨)/장-마리 스트라우브와 다니엘 위예 (+ 여섯 개의 바가텔)/트라스 우스 몽트스/피/행진하는 청춘/호스 머니총 18 편,,2016.06.18.토 ~ 07.03.일,,미부착,,개방 가능,공공누리 2~4유형,,,,O,,,,"저작권 보호되는 영화, 다수의 스틸컷",
952,한국영상자료원,HOME > 시네마테크KOFA > 프로그램 > 지난 프로그램,지난 프로그램,한국고전영화컬렉션 <종각> DVD 발매 특별상영 및 강의,종각총 1 편,,2016.06.19.일,,미부착,,개방 가능,공공누리 1유형,,,,,O,,,"종각(1958), 저작권 보호기간 만료",
953,한국영상자료원,HOME > 시네마테크KOFA > 프로그램 > 지난 프로그램,지난 프로그램,6.25 기념 특별전,태양 아래총 1 편,,2016.06.23.목 ~ 06.25.토,,미부착,,개방 가능,공공누리 2~4유형,,,,O,,,,"저작권 보호되는 영화, 다수의 스틸컷",
954,한국영상자료원,HOME > 시네마테크KOFA > 프로그램 > 지난 프로그램,지난 프로그램,"6월_ 해피투게더, 독립영화",설행_눈길을 걷다총 1 편,,2016.06.25.토,,미부착,,개방 가능,공공누리 2~4유형,,,,O,,,,"저작권 보호되는 영화, 다수의 스틸컷",
955,한국영상자료원,HOME > 시네마테크KOFA > 프로그램 > 지난 프로그램,지난 프로그램,김해원 공연(with 김사월) + 셔틀콕,셔틀콕총 1 편,,2016.06.26.일,,미부착,,개방 가능,공공누리 2~4유형,,,,O,,,,"저작권 보호되는 영화, 다수의 스틸컷",
956,한국영상자료원,HOME > 시네마테크KOFA > 프로그램 > 지난 프로그램,지난 프로그램,6월_ 독립영화 쇼케이스,야근 대신 뜨개질총 1 편,,2016.06.28.화,,미부착,,개방 가능,공공누리 2~4유형,,,,O,,,,"저작권 보호되는 영화, 다수의 스틸컷",
957,한국영상자료원,HOME > 시네마테크KOFA > 프로그램 > 지난 프로그램,지난 프로그램,"6월_ 카페 대신 극장에서, 달콤한 영화 디저트",전학생총 1 편,,2016.06.29.수,,미부착,,개방 가능,공공누리 2~4유형,,,,O,,,,"저작권 보호되는 영화, 다수의 스틸컷",
958,한국영상자료원,HOME > 시네마테크KOFA > 프로그램 > 지난 프로그램,지난 프로그램,스크린 위에서 영원히 살다: 하라 세츠코 회고전,"가을햇살/고하야가와가의 가을/동경 이야기/딸, 아내, 엄마/만춘/밥/백치/산의 소리/속 푸른 산맥/아가씨와 건배/여자라는 것/우리 청춘 후회 없다/초여름/추신구라/취우/푸른 산맥총 16 편",,2016.07.02.토 ~ 07.17.일,,미부착,,개방 가능,공공누리 2~4유형,,,,O,O,,,모두 1963년 이전 외국 영화,
959,한국영상자료원,HOME > 시네마테크KOFA > 프로그램 > 지난 프로그램,지난 프로그램,<신동헌 감독 애니메이션 DVD 박스세트> 발매 특별상영 및 대담,홍길동총 1 편,,2016.07.02.토,,미부착,,개방 가능,공공누리 2~4유형,,,,O,,,,"저작권 보호되는 영화, 다수의 스틸컷",
960,한국영상자료원,HOME > 시네마테크KOFA > 프로그램 > 지난 프로그램,지난 프로그램,제13회 서울국제실험영화페스티벌EXiS,First-Come First-Screen 선착순 상영회/[개막식]청소년을 위한 영화입문 등/[폐막식]경쟁부문 수상작/국내경쟁 EX-NOW5/국내경쟁 EX-NOW6/국내경쟁 EX-NOW7/국제경쟁 EX-NOW1/국제경쟁 EX-NOW2/국제경쟁 EX-NOW3/국제경쟁 EX-NOW4/기획부문 EX-Choice1 공동의좌표: 한국의예술가콜렉티브/기획부문 EX-Choice2 국립아시아문화전당일본아방가르드영화(1967~2005)컬렉션/랩 프로그램 1: 사이-스페이스셀 필름워크숍/랩 프로그램 2: 스페이스 셀 기획 프로그램 0904/랩 프로그램 3: 샌디 딩 SANDY DING/아시아포럼: 건축적실천으로서의비디오/인디비주얼: 마키노 다카시/인디비주얼: 요한 루프/인디비주얼: 타마스 왈리츠키 1/인디비주얼: 타마스 왈리츠키 2 프리젠테이션/회고전 EX-Retro총 21 편,,2016.07.07.목 ~ 07.14.목,,미부착,,개방 가능,공공누리 2~4유형,,,,O,O,,,영화별 이미지 1개씩,
961,한국영상자료원,HOME > 시네마테크KOFA > 프로그램 > 지난 프로그램,지난 프로그램,영화를 사랑하는 두세 가지… 그리고 그 너머: 프랑수아 트뤼포 특별전,400번의 구타/개구쟁이들 + 앙투안과 콜레트/나처럼 예쁜 여자/녹색방/도둑맞은 키스/두 명의 영국여인과 유럽대륙/마지막 지하철/미시시피의 인어/부드러운 살결/부부의 거처/비련의 신부/사랑의 도피/신나는 일요일/아델 H 이야기/아메리카의 밤/야성의 아이/여자를 좋아했던 남자/이웃집 여인/쥴 앤 짐/포켓머니/피아니스트를 쏴라/히치콕-트뤼포총 22 편,,2016.07.12.화 ~ 07.31.일,,미부착,,개방 가능,공공누리 2~4유형,,,,O,,,,"저작권 보호되는 영화, 다수의 스틸컷",
962,한국영상자료원,HOME > 시네마테크KOFA > 프로그램 > 지난 프로그램,지난 프로그램,7월_ 배리어프리영화 상영회,어네스트와 셀레스틴/이별까지 7일총 2 편,,2016.07.16.토,,미부착,,개방 가능,공공누리 2~4유형,,,,O,,,,"저작권 보호되는 영화, 다수의 스틸컷",
963,한국영상자료원,HOME > 시네마테크KOFA > 프로그램 > 지난 프로그램,지난 프로그램,7월_ 독립영화 쇼케이스,할매-서랍총 1 편,,2016.07.26.화,,미부착,,개방 가능,공공누리 2~4유형,,,,O,O,,,스틸컷 1장,
964,한국영상자료원,HOME > 시네마테크KOFA > 프로그램 > 지난 프로그램,지난 프로그램,마린보이 서커스 + 일루셔니스트,일루셔니스트총 1 편,,2016.07.27.수,,미부착,,개방 가능,공공누리 2~4유형,,,,O,O,,,스틸컷 1장,
965,한국영상자료원,HOME > 시네마테크KOFA > 프로그램 > 지난 프로그램,지난 프로그램,"7월_ 카페 대신 극장에서, 달콤한 영화 디저트",iLuv총 1 편,,2016.07.27.수,,미부착,,개방 가능,공공누리 2~4유형,,,,O,O,,,스틸컷 1장,
966,한국영상자료원,HOME > 시네마테크KOFA > 프로그램 > 지난 프로그램,지난 프로그램,아재와 이모를 위한 여름방학 특선,E.T./구니스/그렘린/레이더스/로스트 보이/배트맨/불가사리/비틀쥬스/빅/스탠 바이 미/이너스페이스총 11 편,,2016.08.02.화 ~ 08.11.목,,미부착,,개방 가능,공공누리 2~4유형,,,,,O,,,영화별 스틸컷 1장씩,
967,한국영상자료원,HOME > 시네마테크KOFA > 프로그램 > 지난 프로그램,지난 프로그램,서울독립영화 순회상영회 - 인디피크닉2016 단편 특별상영,병구 + 타이레놀 + 아빠가 죽으면 나는 어떡하지?/초능력자 + 여름의 끝자락총 2 편,,2016.08.11.목,,미부착,,개방 가능,공공누리 2~4유형,,,,,O,,,영화별 스틸컷 1장씩,
968,한국영상자료원,HOME > 시네마테크KOFA > 프로그램 > 지난 프로그램,지난 프로그램,오큘로 특별상영,은하계총 1 편,,2016.08.12.금,,미부착,,개방 가능,공공누리 2~4유형,,,,O,O,,,스틸컷 1장,
969,한국영상자료원,HOME > 시네마테크KOFA > 프로그램 > 지난 프로그램,지난 프로그램,"8·15 특별 기획전 | 광복의 꿈, 광명의 희망",깃발없는 기수/독립전야/동주/사르빈강에 노을이 진다/소만국경/아아 백범 김구선생/암살/암살자/유관순/이름없는 별들/자유만세+무궁화동산/해연(일명 갈매기)총 12 편,,2016.08.12.금 ~ 08.18.목,,미부착,,개방 가능,공공누리 2~4유형,,,,O,,,,"저작권 보호되는 영화, 다수의 스틸컷",
970,한국영상자료원,HOME > 시네마테크KOFA > 프로그램 > 지난 프로그램,지난 프로그램,블루 프린트,4등/그랑 블루(리마스터링 감독판)/그림 그리는 해녀/바다의 노래: 벤과 셀키요정의 비밀/블랙피쉬총 5 편,,2016.08.19.금 ~ 08.21.일,,미부착,,개방 가능,공공누리 2~4유형,,,,O,,,,"저작권 보호되는 영화, 다수의 스틸컷",
971,한국영상자료원,HOME > 시네마테크KOFA > 프로그램 > 지난 프로그램,지난 프로그램,영화와 공간: 마틴 스콜세지 인 뉴욕,"갱스 오브 뉴욕/뉴욕 스토리/뉴욕, 뉴욕/더 울프 오브 월스트리트/비상근무/비열한 거리/성난 황소/순수의 시대/좋은 친구들/코미디의 왕/택시 드라이버/특근총 12 편",,2016.08.23.화 ~ 09.02.금,,미부착,,개방 가능,공공누리 2~4유형,,,,O,,,,"저작권 보호되는 영화, 다수의 스틸컷",
972,한국영상자료원,HOME > 시네마테크KOFA > 프로그램 > 지난 프로그램,지난 프로그램,8월_ 독립영화 쇼케이스,[쇼케이스]돌아가는 관람차 등총 1 편,,2016.08.26.금,,미부착,,개방 가능,공공누리 2~4유형,,,,O,O,,,스틸컷 1장,
973,한국영상자료원,HOME > 시네마테크KOFA > 프로그램 > 지난 프로그램,지난 프로그램,"8월_ 해피투게더, 독립영화",할머니의 먼 집총 1 편,,2016.08.27.토,,미부착,,개방 가능,공공누리 2~4유형,,,,,O,,,포스터 1장,
974,한국영상자료원,HOME > 시네마테크KOFA > 프로그램 > 지난 프로그램,지난 프로그램,비비안 마이어를 찾아서 + 강연,비비안 마이어를 찾아서총 1 편,,2016.08.31.수,,미부착,,개방 가능,공공누리 2~4유형,,,,O,,,,"저작권 보호되는 영화, 다수의 스틸컷",
975,한국영상자료원,HOME > 시네마테크KOFA > 프로그램 > 지난 프로그램,지난 프로그램,"8월_ 카페 대신 극장에서, 달콤한 영화 디저트",정모날총 1 편,,2016.08.31.수,,미부착,,개방 가능,공공누리 2~4유형,,,,O,O,,,스틸컷 1장,
976,한국영상자료원,HOME > 시네마테크KOFA > 프로그램 > 지난 프로그램,지난 프로그램,<올드보이> 블루레이 출시 기념 특별상영,복수는 나의 것/올드 데이즈/올드보이/친절한 금자씨총 4 편,,2016.09.03.토 ~ 09.04.일,,미부착,,개방 가능,공공누리 2~4유형,,,,O,,,,"저작권 보호되는 영화, 다수의 스틸컷",
977,한국영상자료원,HOME > 시네마테크KOFA > 프로그램 > 지난 프로그램,지난 프로그램,한국영화아카데미 장편과정 10주년 상영: 동문감독 데뷔작 섹션,결혼이야기/여고괴담 두번째 이야기/플란다스의 개총 3 편,,2016.09.04.일,,미부착,,개방 가능,공공누리 2~4유형,,,,O,,,,"저작권 보호되는 영화, 다수의 스틸컷",
978,한국영상자료원,HOME > 시네마테크KOFA > 프로그램 > 지난 프로그램,지난 프로그램,웃음을 사랑한 영원한 코미디언: 故 구봉서 추모 특별 상영,"구봉서, 3일이 천직이 된 배우 + <구봉서, 배삼룡 시대> 인터뷰/구봉서의 벼락부자/남자와 기생/단벌신사/당나귀 무법자/돌아오지 않는 해병/수학여행/신세 좀 지자구요/오부자/팔푼이사위총 10 편",,2016.09.06.화 ~ 09.11.일,,미부착,,개방 가능,공공누리 2~4유형,,,,O,O,,,"구봉서, 3일이 천직인 배우(2001, VOD서비스) 등",
979,한국영상자료원,HOME > 시네마테크KOFA > 프로그램 > 지난 프로그램,지난 프로그램,인디다큐 시간여행: 다큐와 픽션 사이를 횡단하는 7가지 방법,고양이가 있었다/남한기행 - 삶의 사람들/단편 섹션 1/단편 섹션 2/단편 섹션 3/단편 섹션 4/동굴 밖으로/버라이어티 생존토크쇼/앞산전/줄탁동시/파도의 소리/해피 아워총 12 편,,2016.09.06.화 ~ 09.11.일,,미부착,,개방 가능,공공누리 2~4유형,,,,O,,,,"저작권 보호되는 영화, 다수의 스틸컷",
980,한국영상자료원,HOME > 시네마테크KOFA > 프로그램 > 지난 프로그램,지난 프로그램,추석특선 영화: 극장을 다시 찾은 영화들,그녀에게/냉정과 열정사이/무간도/비포 선라이즈/시간을 달리는 소녀/이터널 선샤인/피아니스트총 7 편,,2016.09.13.화 ~ 09.21.수,,미부착,,개방 가능,공공누리 2~4유형,,,,,O,,,영화별 포스터 1장,
981,한국영상자료원,HOME > 시네마테크KOFA > 프로그램 > 지난 프로그램,지난 프로그램,"영화배우 윤정희 특별전: 스크린, ‘윤정희’라는 색채로 물들다",감자/강명화/눈꽃/독짓는 늙은이/만무방/무녀도(디지털복원판)/분례기/석화촌/시/신궁/안개/야행/여섯 개의 그림자/장군의 수염/청춘극장/태백산맥/특별수사본부 기생 김소산/화려한 외출/황혼의 부르스/황홀총 20 편,,2016.09.22.목 ~ 10.02.일,,미부착,,개방 가능,공공누리 2~4유형,,,,O,,,,"저작권 보호되는 영화, 다수의 스틸컷",
982,한국영상자료원,HOME > 시네마테크KOFA > 프로그램 > 지난 프로그램,지난 프로그램,9월_ 해피투게더 독립영화,몸값 등 단편 3편총 1 편,,2016.09.24.토,,미부착,,개방 가능,공공누리 2~4유형,,,,O,O,,,스틸컷 1장,
983,한국영상자료원,HOME > 시네마테크KOFA > 프로그램 > 지난 프로그램,지난 프로그램,9월_ 독립영화 쇼케이스,할머니의 먼 집총 1 편,,2016.09.27.화,,미부착,,개방 가능,공공누리 2~4유형,,,,,O,,,포스터 2장,
984,한국영상자료원,HOME > 시네마테크KOFA > 프로그램 > 지난 프로그램,지난 프로그램,오수형 감독의 단편 + 나호원 평론가 대담,더 백 등 9편총 1 편,,2016.09.28.수,,미부착,,개방 가능,공공누리 2~4유형,,,,O,O,,,스틸컷 1장,
985,한국영상자료원,HOME > 시네마테크KOFA > 프로그램 > 지난 프로그램,지난 프로그램,"9월_ 카페 대신 극장에서, 달콤한 영화 디저트",이 별에 필요한총 1 편,,2016.09.28.수,,미부착,,개방 가능,공공누리 2~4유형,,,,O,O,,,스틸컷 1장,
986,한국영상자료원,HOME > 시네마테크KOFA > 프로그램 > 지난 프로그램,지난 프로그램,인도 영화제,바지라오 마스타니/울타리/카쉬미르의 소녀/타누와 마누의 결혼 2/프렘 라탄 단 파요총 5 편,,2016.09.30.금 ~ 10.07.금,,미부착,,개방 가능,공공누리 2~4유형,,,,,O,,,영화별 스틸컷 1장,
987,한국영상자료원,HOME > 시네마테크KOFA > 프로그램 > 지난 프로그램,지난 프로그램,<아리랑> 개봉 90주년 기념 특별전,나운규 일생/아리랑/아리랑/아리랑총 4 편,,2016.10.06.목 ~ 10.07.금,,미부착,,개방 가능,공공누리 2~4유형,,,,O,,,,"저작권 보호되는 영화, 다수의 스틸컷",
988,한국영상자료원,HOME > 시네마테크KOFA > 프로그램 > 지난 프로그램,지난 프로그램,삼색 중편집,가족 극/비극 섹션/스릴러 섹션/코미디 섹션총 3 편,,2016.10.08.토 ~ 10.09.일,,미부착,,개방 가능,공공누리 2~4유형,,,,O,O,,,스틸컷 1장씩 포함,
989,한국영상자료원,HOME > 시네마테크KOFA > 프로그램 > 지난 프로그램,지난 프로그램,"10월_ 퐁당퐁당의 저주, 할 수 있는 자가 구하라",45년 후/미나미 양장점의 비밀/본 투 비 블루/브루클린의 멋진 주말/비틀즈: 하드 데이즈 나이트/세기의 매치/자객 섭은낭/트럼보/하루총 9 편,,2016.10.11.화 ~ 10.16.일,,미부착,,개방 가능,공공누리 2~4유형,,,,O,,,,"저작권 보호되는 영화, 다수의 스틸컷",
990,한국영상자료원,HOME > 시네마테크KOFA > 프로그램 > 지난 프로그램,지난 프로그램,영화에 관한 3개의 강연과 노트,영화에 관한 3개의 강연과 노트총 1 편,,2016.10.14.금,,미부착,,개방 가능,공공누리 2~4유형,,,,O,O,,,스틸컷 1장,
991,한국영상자료원,HOME > 시네마테크KOFA > 프로그램 > 지난 프로그램,지난 프로그램,"흰 지팡이 날, 배리어프리영화 기획전",술이 깨면 집에가자총 1 편,,2016.10.15.토,,미부착,,개방 가능,공공누리 2~4유형,,,,O,,,,"저작권 보호되는 영화, 다수의 스틸컷",
992,한국영상자료원,HOME > 시네마테크KOFA > 프로그램 > 지난 프로그램,지난 프로그램,클래식 릴레이 한국영화 10월: 뮤직 & 시네마,모녀기타/밤하늘의 부르스/사의 찬미/엘레지의 여왕/청춘쌍곡선총 5 편,,2016.10.18.화 ~ 10.20.목,,미부착,,개방 가능,공공누리 2~4유형,,,,O,,,,"저작권 보호되는 영화, 다수의 스틸컷",
993,한국영상자료원,HOME > 시네마테크KOFA > 프로그램 > 지난 프로그램,지난 프로그램,제11회 대한민국대학영화제,"개막식+개막작/고교 추천작/그들이 말하고자 하는 것/ 경쟁5/대학 추천작/상상과 현실/ 경쟁3/상상과 현실/ 경쟁3-1/상업영화과 예술영화의 경계/ 경쟁4/상업영화와 예술영화의 경계/ 경쟁4-1/새로운 시각과 발견/ 경쟁 1-1/새로운 시각과 발견/ 경쟁1/실험과 이미지/ 경쟁 2/실험과 이미지/ 경쟁 2-1/영화, 그들이 말하고자 하는 것/ 경쟁5-1/폐막식총 14 편",,2016.10.21.금 ~ 10.23.일,,미부착,,개방 가능,공공누리 1유형,,,O,,,,,단순 정보,
994,한국영상자료원,HOME > 시네마테크KOFA > 프로그램 > 지난 프로그램,지난 프로그램,10월_ 독립영화 쇼케이스,[쇼케이스]<파키>등 섹 알 마문 감독 단편 4편총 1 편,,2016.10.25.화,,미부착,,개방 가능,공공누리 2~4유형,,,,O,O,,,스틸컷 1장,
995,한국영상자료원,HOME > 시네마테크KOFA > 프로그램 > 지난 프로그램,지난 프로그램,관객을 모으는 주술 ‘만원사례’: 단성사 이야기,007 나를 사랑한 스파이/겨울여자/경마장 가는길/그 여자의 죄가 아니다/기쁜 우리 젊은 날/다이하드/대부/록키/무릎과 무릎 사이/서편제/십계/어느 여대생의 고백/어우동/웨스트 사이드 스토리/장군의 아들/쿼바디스/태양은 가득히/터미네이터/특별강연 영화란 무엇인가총 19 편,,2016.10.25.화 ~ 11.09.수,,미부착,,개방 가능,공공누리 2~4유형,,,,O,,,,"저작권 보호되는 영화, 다수의 스틸컷",
996,한국영상자료원,HOME > 시네마테크KOFA > 프로그램 > 지난 프로그램,지난 프로그램,노라노,노라노총 1 편,,2016.10.26.수,,미부착,,개방 가능,공공누리 2~4유형,,,,O,,,,"저작권 보호되는 영화, 다수의 스틸컷",
997,한국영상자료원,HOME > 시네마테크KOFA > 프로그램 > 지난 프로그램,지난 프로그램,"10월_카페 대신 극장에서, 달콤한 영화 디저트",자물쇠 따는 방법총 1 편,,2016.10.26.수,,미부착,,개방 가능,공공누리 2~4유형,,,,O,,,,"저작권 보호되는 영화, 다수의 스틸컷",
998,한국영상자료원,HOME > 시네마테크KOFA > 프로그램 > 지난 프로그램,지난 프로그램,10월_ 해피투게더 독립영화,홀리워킹데이총 1 편,,2016.10.29.토,,미부착,,개방 가능,공공누리 2~4유형,,,,O,,,,"저작권 보호되는 영화, 다수의 스틸컷",
999,한국영상자료원,HOME > 시네마테크KOFA > 프로그램 > 지난 프로그램,지난 프로그램,울주세계산악영화제 순회상영회 UMFF Tour,미행 + 남극의 여름/알피니스트/유렉총 3 편,,2016.11.06.일,,미부착,,개방 가능,공공누리 2~4유형,,,,,O,,,영화별 스틸컷 1장씩,
1000,한국영상자료원,HOME > 시네마테크KOFA > 프로그램 > 지난 프로그램,지난 프로그램,제6회 서울배리어프리영화제,계춘할망/고녀석 맛나겠다2 : 함께라서 행복해/달에 부는 바람/동주/매일매일 알츠하이머/밀정/소중한 날의 꿈/시간을 달리는 소녀/시티 라이트/앙리 앙리/위 캔 두 댓/콰르텟/한글자막 단편 애니메이션 섹션1/한글자막 단편 애니메이션 섹션2/한글자막 단편 애니메이션 섹션3/한글자막 단편 애니메이션 섹션4/한글자막 단편 애니메이션 섹션5/한일국제포럼총 18 편,,2016.11.10.목 ~ 11.13.일,,미부착,,개방 가능,공공누리 2~4유형,,,,O,,,,"저작권 보호되는 영화, 다수의 스틸컷",
1001,한국영상자료원,HOME > 시네마테크KOFA > 프로그램 > 지난 프로그램,지난 프로그램,클래식 릴레이 한국영화 11월: 디어 마이 프렌즈,깃발없는 기수/마요네즈/마요네즈/만추/천사여 악녀가 되라(죽어도 좋은 경험)/충녀/화녀총 7 편,,2016.11.15.화 ~ 11.17.목,,미부착,,개방 가능,공공누리 2~4유형,,,,O,,,,"저작권 보호되는 영화, 다수의 스틸컷",
1002,한국영상자료원,HOME > 시네마테크KOFA > 프로그램 > 지난 프로그램,지난 프로그램,미래가 된 과거: 누가 역사를 만드는가?,[심포지엄]미래가 된 과거: 누가 역사를 만드는가?/바나나 파라다이스/바바라/의식/현해탄은 알고 있다총 5 편,,2016.11.16.수 ~ 11.19.토,,미부착,,개방 가능,공공누리 2~4유형,,,,O,O,,,이미지(출처불명 사진),
1003,한국영상자료원,HOME > 시네마테크KOFA > 프로그램 > 지난 프로그램,지난 프로그램,한국영화 선구자들: 대한민국예술원 영화인 회고전,5인의 해병/[개막식] 한국영화의 선구자들/검은 갈매기 /돈/두만강아 잘 있거라/만추/산불/순교자/시집가는 날/영화인 다큐 <안상우 편>/오발탄/을화/자유결혼/청춘의 십자로 (변사 1인 해설공연)/하녀/해연(海燕) (일명 갈매기)/허튼소리/혈맥총 18 편,,2016.11.18.금 ~ 11.25.금,,미부착,,개방 가능,공공누리 2~4유형,,,,O,,,,"저작권 보호되는 영화, 다수의 스틸컷",
1004,한국영상자료원,HOME > 시네마테크KOFA > 프로그램 > 지난 프로그램,지난 프로그램,11월_ 독립영화 쇼케이스,[쇼케이스]이름 없는 자들의 이름총 1 편,,2016.11.22.화,,미부착,,개방 가능,공공누리 2~4유형,,,,,O,,,영화 스틸컷,
1005,한국영상자료원,HOME > 시네마테크KOFA > 프로그램 > 지난 프로그램,지난 프로그램,이장호 감독의 마스터피스,바람불어 좋은날/바보선언/별들의 고향총 3 편,,2016.11.24.목,,미부착,,개방 가능,공공누리 2~4유형,,,,O,,,,"저작권 보호되는 영화, 다수의 스틸컷",
1006,한국영상자료원,HOME > 시네마테크KOFA > 프로그램 > 지난 프로그램,지난 프로그램,11월_ 해피투게더 독립영화,초인총 1 편,,2016.11.25.금,,미부착,,개방 가능,공공누리 2~4유형,,,,O,O,,,스틸컷 1장,
1007,한국영상자료원,HOME > 시네마테크KOFA > 프로그램 > 지난 프로그램,지난 프로그램,"독립영화 이른 연말정산, 11월의 보너스","물숨/범죄의 여왕/소년, 달리다/수색역/양치기들/오늘영화/우리들/울보 권투부총 8 편",,2016.11.26.토 ~ 12.03.토,,미부착,,개방 가능,공공누리 2~4유형,,,,O,,,,"저작권 보호되는 영화, 다수의 스틸컷",
1008,한국영상자료원,HOME > 시네마테크KOFA > 프로그램 > 지난 프로그램,지난 프로그램,<개그맨> 블루레이 출시 기념 특별상영 및 대담,개그맨/해연(일명 갈매기)총 2 편,,2016.11.27.일,,미부착,,개방 가능,공공누리 2~4유형,,,,O,,,,"저작권 보호되는 영화, 다수의 스틸컷",
1009,한국영상자료원,HOME > 시네마테크KOFA > 프로그램 > 지난 프로그램,지난 프로그램,블루스 브라더스,블루스 브라더스총 1 편,,2016.11.30.수,,미부착,,개방 가능,공공누리 2~4유형,,,,O,O,,,스틸컷 1장,
1010,한국영상자료원,HOME > 시네마테크KOFA > 프로그램 > 지난 프로그램,지난 프로그램,"11월_ 카페 대신 극장에서, 달콤한 영화 디저트","한양빌라, 401호총 1 편",,2016.11.30.수,,미부착,,개방 가능,공공누리 2~4유형,,,,O,O,,,스틸컷 1장,
1011,한국영상자료원,HOME > 시네마테크KOFA > 프로그램 > 지난 프로그램,지난 프로그램,한국 학생 실험영화제 SEFF KOREA 2016,EXiS 2016 쇼케이스/SEFF KOREA 2016 개막식/SEFF KOREA 2016 폐막식/[강연]교육부문 Academy-eX/[강연]마스터 클래스 Tomonari Nishikawa/[토론]토론부문 TalkTalk-eX/경쟁부문 Student-eX #1/경쟁부문 Student-eX #2/초청부문 SEFF Binghamton총 9 편,,2016.12.02.금 ~ 12.04.일,,미부착,,개방 가능,공공누리 2~4유형,,,,,O,,,영화별 스틸컷 1장,
1012,한국영상자료원,HOME > 시네마테크KOFA > 프로그램 > 지난 프로그램,지난 프로그램,주한 외교단과 함께 하는 월드 시네마 위크,"개막식+필름판소리, 춘향/굿 올드 보이즈/난 그녀와 키스했다/루스탐과 수흐럽/마가렛트 여사의 숨길 수 없는 비밀/목마른 자를 위한 샘/보케론/셰익스피어 리브즈 단편 영화 콜렉션/시인의 운명/어부/올가 공주의 전설/울타리/콘-티키/필름판소리, 춘향총 14 편",,2016.12.03.토 ~ 12.11.일,,미부착,,개방 가능,공공누리 2~4유형,,,,,O,,,영화별 스틸컷 1장,
1013,한국영상자료원,HOME > 시네마테크KOFA > 프로그램 > 지난 프로그램,지난 프로그램,제4회 필름게이트 단편영화제,필름게이트 섹션 1/필름게이트 섹션 2/필름게이트 섹션 3총 3 편,,2016.12.10.토,,미부착,,개방 가능,공공누리 2~4유형,,,,,O,,,영화스틸컷 3장,
1014,한국영상자료원,HOME > 시네마테크KOFA > 프로그램 > 지난 프로그램,지난 프로그램,2016 사사로운 영화 리스트,"나, 다니엘 블레이크/내셔널 갤러리/노 홈 무비/다가오는 것들/루이14세의 죽음/마 로사/삼인행/설리: 허드슨강의 기적/아쿠아리우스/줄리에타/캐롤/타앙-경계의 사람들/토니 에드만총 13 편",,2016.12.27.화 ~ 01.08.일,,미부착,,개방 가능,공공누리 2~4유형,,,,O,,,,"저작권 보호되는 영화, 다수의 스틸컷",
1015,한국영상자료원,HOME > 시네마테크KOFA > 프로그램 > 지난 프로그램,지난 프로그램,사회 묘파의 리얼리스트: 유현목 감독 특별전,구름은 흘러도/그대와 영원히/김약국의 딸들/막차로 온 손님들/불꽃/수학여행/악몽/옛날 옛적에 훠어이 훠이/오발탄/장마/춘몽/카인의 후예/태양은 다시 뜬다총 13 편,,2017.01.10.화 ~ 01.15.일,,미부착,,개방 가능,공공누리 2~4유형,,,,O,,,,"저작권 보호되는 영화, 다수의 스틸컷",
1016,한국영상자료원,HOME > 시네마테크KOFA > 프로그램 > 지난 프로그램,지난 프로그램,한예리 x 권율의 독립영화극장,"권율 단편 추천작/무산일기/미성년/성실한 나라의 앨리스/죽여주는 여자/최악의 하루/파수꾼/한예리 단편 추천작/혜화,동/환상속의 그대총 10 편",,2017.01.17.화 ~ 01.22.일,,미부착,,개방 가능,공공누리 2~4유형,,,,O,,,,"저작권 보호되는 영화, 다수의 스틸컷",
1017,한국영상자료원,HOME > 시네마테크KOFA > 프로그램 > 지난 프로그램,지난 프로그램,영화와 문학: 영화로 보는 한국문학,경마장 가는길/깊고 푸른 밤/나그네는 길에서도 쉬지 않는다/무녀도/삼포가는 길/시집가는 날/장군의 수염/천년학/춘향뎐/흙총 10 편,,2017.01.24.화 ~ 02.02.목,,미부착,,개방 가능,공공누리 2~4유형,,,,O,,,,"저작권 보호되는 영화, 다수의 스틸컷",
1018,한국영상자료원,HOME > 시네마테크KOFA > 프로그램 > 지난 프로그램,지난 프로그램,문화가 있는 날: 영자네 사랑방,픽셀총 1 편,,2017.01.25.수,,미부착,,개방 가능,공공누리 2~4유형,,,,O,,,,"저작권 보호되는 영화, 다수의 스틸컷",
1019,한국영상자료원,HOME > 시네마테크KOFA > 프로그램 > 지난 프로그램,지난 프로그램,"카페 대신 극장에서, 달콤한 영화 디저트",새들이 돌아오는 시간총 1 편,,2017.01.25.수,,미부착,,개방 가능,공공누리 2~4유형,,,,O,O,,,스틸컷 2장,
1020,한국영상자료원,HOME > 시네마테크KOFA > 프로그램 > 지난 프로그램,지난 프로그램,시네마테크KOFA가 주목한 2016년 한국영화,4등/곡성(哭聲)/당신자신과 당신의 것/동주/밀정/부산행/비밀은 없다/아가씨/아수라/우리들총 10 편,,2017.02.03.금 ~ 02.12.일,,미부착,,개방 가능,공공누리 2~4유형,,,,O,,,,"저작권 보호되는 영화, 다수의 스틸컷",
1021,한국영상자료원,HOME > 시네마테크KOFA > 프로그램 > 지난 프로그램,지난 프로그램,문화가 있는 날: 영자네 사랑방,피나 바우쉬의 댄싱 드림즈총 1 편,,2017.02.22.수,,미부착,,개방 가능,공공누리 2~4유형,,,,,O,,,영화포스터 1장,
1022,한국영상자료원,HOME > 시네마테크KOFA > 프로그램 > 지난 프로그램,지난 프로그램,"카페 대신 극장에서, 달콤한 영화 디저트",내앞총 1 편,,2017.02.22.수,,미부착,,개방 가능,공공누리 2~4유형,,,,O,O,,,스틸컷 1장,
1023,한국영상자료원,HOME > 시네마테크KOFA > 프로그램 > 지난 프로그램,지난 프로그램,로버트 알트만 X 폴 토마스 앤더슨,고스포드 파크/긴 이별/내쉬빌/데어 윌 비 블러드/마스터/매그놀리아/매시/맥케이브와 밀러 부인/부기 나이트/숏 컷/인히어런트 바이스/주눈/캘리포니아 스플릿/펀치 드렁크 러브/플레이어총 15 편,,2017.02.23.목 ~ 03.04.토,,미부착,,개방 가능,공공누리 2~4유형,,,,,O,,,영화별 포스터 1장,
1024,한국영상자료원,HOME > 시네마테크KOFA > 프로그램 > 지난 프로그램,지난 프로그램,3·1절 특집: 대한제국의 마지막 불꽃,덕혜옹주/마지막 황태자 영친왕/마지막 황후 윤비/불꽃처럼 나비처럼/청일전쟁과 여걸 민비총 5 편,,2017.03.01.수 ~ 03.03.금,,미부착,,개방 가능,공공누리 2~4유형,,,,O,,,,"저작권 보호되는 영화, 다수의 스틸컷",
1025,한국영상자료원,HOME > 시네마테크KOFA > 프로그램 > 지난 프로그램,지난 프로그램,독보적인 그들의 독립적 선택,감시자들/글로리데이/배우는 배우다/변호인/산다/이것이 우리의 끝이다/조금만 더 가까이/조류인간/카트총 9 편,,2017.03.04.토 ~ 03.08.수,,미부착,,개방 가능,공공누리 2~4유형,,,,O,,,,"저작권 보호되는 영화, 다수의 스틸컷",
1026,한국영상자료원,HOME > 시네마테크KOFA > 프로그램 > 지난 프로그램,지난 프로그램,리메이크 혹은 오마주: 고전과 현대의 만남,"동경 이야기(복원판)/동경가족/만추(김수용)/만추(김태용)/석양의 무법자/쇠사슬을 끊어라/싸이코(구스 반 산트)/싸이코(알프레드 히치콕)/약속/육체의 약속/좋은 놈, 나쁜 놈, 이상한 놈/하녀(김기영)/하녀(임상수)총 13 편",,2017.03.09.목 ~ 03.19.일,,미부착,,개방 가능,공공누리 2~4유형,,,,O,,,,"저작권 보호되는 영화, 다수의 스틸컷",
1027,한국영상자료원,HOME > 시네마테크KOFA > 프로그램 > 지난 프로그램,지난 프로그램,해설이 있는 클래식 릴레이 한국영화: 제작과 상영의 뒷이야기,남자와 기생/내것이 더 좋아/진짜 진짜 미안해/총독의 딸총 4 편,,2017.03.21.화 ~ 03.22.수,,미부착,,개방 가능,공공누리 2~4유형,,,,O,,,,"저작권 보호되는 영화, 다수의 스틸컷",
1028,한국영상자료원,HOME > 시네마테크KOFA > 프로그램 > 지난 프로그램,지난 프로그램,제5회 재팬파운데이션 무비 페스티벌,"구름의 저편, 약속의 장소/남극의 쉐프/노비/별의 목소리 + 초속 5센티미터/세 가지 사랑 이야기/아이컨텍/올웨이즈 3번가의 석양 '64/인스턴트 늪/진짜로 일어날지도 몰라 기적 /해피 아워/호타루의 빛총 11 편",,2017.03.23.목 ~ 03.31.금,,미부착,,개방 가능,공공누리 2~4유형,,,,O,,,,"저작권 보호되는 영화, 다수의 스틸컷",
1029,한국영상자료원,HOME > 시네마테크KOFA > 프로그램 > 지난 프로그램,지난 프로그램,"해피투게더, 독립영화(연애담)",연애담총 1 편,,2017.03.25.토,,미부착,,개방 가능,공공누리 2~4유형,,,,O,,,,"저작권 보호되는 영화, 다수의 스틸컷",
1030,한국영상자료원,HOME > 시네마테크KOFA > 프로그램 > 지난 프로그램,지난 프로그램,문화가 있는 날: 영자네 사랑방(킬 유어 달링),킬 유어 달링총 1 편,,2017.03.29.수,,미부착,,개방 가능,공공누리 2~4유형,,,,,O,,,"스틸컷 2장, 포스터 1장",
1031,한국영상자료원,HOME > 시네마테크KOFA > 프로그램 > 지난 프로그램,지난 프로그램,"카페 대신 극장에서, 달콤한 영화 디저트(씨유투머로우)",씨유투머로우총 1 편,,2017.03.29.수,,미부착,,개방 가능,공공누리 2~4유형,,,,O,,,,"저작권 보호되는 영화, 다수의 스틸컷",
1032,한국영상자료원,HOME > 시네마테크KOFA > 프로그램 > 지난 프로그램,지난 프로그램,화룡음정: 노래하고 춤추고 사랑하라!,구미호 가족/그리스/라라랜드/로슈포르의 숙녀들/물랑 루즈/밴드 웨건 /사랑은 비를 타고/삼거리 극장/쉘 위 댄스/쉘부르의 우산/에브리원 세즈 아이 러브 유/오즈의 마법사/저지 보이즈/파리의 미국인/파리의 연인/헬로 돌리총 16 편,,2017.04.01.토 ~ 04.12.수,,미부착,,개방 가능,공공누리 2~4유형,,,,O,,,,"저작권 보호되는 영화, 다수의 스틸컷",
1033,한국영상자료원,HOME > 시네마테크KOFA > 프로그램 > 지난 프로그램,지난 프로그램,한국영화의 페르소나: 안성기展,개그맨/겨울나그네/고래사냥/그대안의 블루/기쁜 우리 젊은 날/깊고 푸른 밤/꿈/남부군/남자는 괴로워/라디오스타/만다라/모정/무사/바람불어 좋은날/박봉곤 가출사건/베를린 리포트/부러진 화살/성공시대/안녕하세요 하나님/인정사정 볼것 없다/축제/칠수와 만수/킬리만자로/투캅스/페어러브/하녀/하얀전쟁총 27 편,,2017.04.13.목 ~ 04.28.금,,미부착,,개방 가능,공공누리 2~4유형,,,,O,,,,"저작권 보호되는 영화, 다수의 스틸컷",
1034,한국영상자료원,HOME > 시네마테크KOFA > 프로그램 > 지난 프로그램,지난 프로그램,장애인의 날 기념 배리어프리영화 상영회,위풍당당 질리 홉킨스총 1 편,,2017.04.15.토,,미부착,,개방 가능,공공누리 2~4유형,,,,O,,,,"저작권 보호되는 영화, 다수의 스틸컷",
1035,한국영상자료원,HOME > 시네마테크KOFA > 프로그램 > 지난 프로그램,지난 프로그램,"카페 대신 극장에서, 달콤한 영화 디저트(앰부배깅)",앰부배깅총 1 편,,2017.04.26.수,,미부착,,개방 가능,공공누리 2~4유형,,,,O,O,,,스틸컷 2장,
1036,한국영상자료원,HOME > 시네마테크KOFA > 프로그램 > 지난 프로그램,지난 프로그램,"도시 속 영화, 영화 속 도시: 재편의 공간 1987~1997","[학술대회]도시 속 영화, 영화 속 도시: 재편의 공간 1987~1997/개같은 날의 오후/결혼이야기/매춘/접속/초록 물고기총 6 편",,2017.04.29.토 ~ 04.30.일,,미부착,,개방 가능,공공누리 2~4유형,,,,O,,,,"저작권 보호되는 영화, 다수의 스틸컷",
1037,한국영상자료원,HOME > 시네마테크KOFA > 프로그램 > 지난 프로그램,지난 프로그램,"좋았다니, 다시 한 번! 아시아나국제단편영화제 2017 순회상영전",Program 2: Life Is Short!/Program 3: 발칙한 상상력 전/Program I: 아시프 화제작 전총 3 편,,2017.05.02.화 ~ 05.03.수,,미부착,,개방 가능,공공누리 2~4유형,,,,,O,,,영화별 스틸컷 1장,
1038,한국영상자료원,HOME > 시네마테크KOFA > 프로그램 > 지난 프로그램,지난 프로그램,"독립영화 기획전, 우리네(內) 이야기","기화/나의 가족 나의 도시/달에 부는 바람/마미/만찬/에브리데이/작은형/지금, 이대로가 좋아요/캡틴 판타스틱/현기증총 10 편",,2017.05.04.목 ~ 05.14.일,,미부착,,개방 가능,공공누리 2~4유형,,,,O,,,,"저작권 보호되는 영화, 다수의 스틸컷",
1039,한국영상자료원,HOME > 시네마테크KOFA > 프로그램 > 지난 프로그램,지난 프로그램,"인디다큐 시간여행: 혐오와 차별을 넘어서는 생성의 존재론, 퀴어",3xFTM/로얄 로드/불온한 당신/얼굴없는 것들/옥탑방 열기/위켄즈/평범하기 + 천사는 섹스가 없거나 양성을 구유한다/호모 프로모총 8 편,,2017.05.12.금 ~ 05.14.일,,미부착,,개방 가능,공공누리 2~4유형,,,,O,,,,"저작권 보호되는 영화, 다수의 스틸컷",
1040,한국영상자료원,HOME > 시네마테크KOFA > 프로그램 > 지난 프로그램,지난 프로그램,"발굴, 복원 그리고 초기영화로의 초대","2017 KOFA 수집 기록영상 컬렉션/[연주상영]그 날 밤의 아내/[연주상영]밤으로의 여행/[연주상영]파리는 잠들어/거북이/낙동강 칠백리/남성, 여성/두고온 산하/맨하탄/무적의 박치기왕/무정/발몽/산중전기/어제 오늘 그리고 내일/에세이 필름: 한국영화를 말하다/여자의 성/조용한 이별/지구에 떨어진 사나이/타이페이 스토리/펑꾸이에서 온 소년/피막(디렉터스 컷)/피막(오리지널 버전)/피아골/황금 투구/히트총 25 편",,2017.05.16.화 ~ 05.31.수,,미부착,,개방 가능,공공누리 2~4유형,,,,O,,,,"저작권 보호되는 영화, 다수의 스틸컷",
1041,한국영상자료원,HOME > 시네마테크KOFA > 프로그램 > 지난 프로그램,지난 프로그램,해피투게더 독립영화(그림자들의 섬),그림자들의 섬총 1 편,,2017.05.27.토,,미부착,,개방 가능,공공누리 2~4유형,,,,O,,,,"저작권 보호되는 영화, 다수의 스틸컷",
1042,한국영상자료원,HOME > 시네마테크KOFA > 프로그램 > 지난 프로그램,지난 프로그램,"문화가 있는 날: 영자네 사랑방(나의 위대한 친구, 세잔)","나의 위대한 친구, 세잔총 1 편",,2017.05.31.수,,미부착,,개방 가능,공공누리 2~4유형,,,,O,,,,"저작권 보호되는 영화, 다수의 스틸컷",
1043,한국영상자료원,HOME > 시네마테크KOFA > 프로그램 > 지난 프로그램,지난 프로그램,"카페 대신 극장에서, 달콤한 영화 디저트(여름밤)",여름밤총 1 편,,2017.05.31.수,,미부착,,개방 가능,공공누리 2~4유형,,,,O,O,,,스틸컷 1장,
1044,한국영상자료원,HOME > 시네마테크KOFA > 프로그램 > 지난 프로그램,지난 프로그램,"세계 환경의 날, 사람과 자연 사이","갓파쿠와 여름방학을/노 임팩트 맨/더 웨이브: 사선에서/리버 로드/리틀 포레스트: 여름과 가을/미안해, 고마워/미인어/빙하를 따라서/스톱/잡식가족의 딜레마/춤추는 숲/허니총 12 편",,2017.06.01.목 ~ 06.09.금,,미부착,,개방 가능,공공누리 2~4유형,,,,O,,,,"저작권 보호되는 영화, 다수의 스틸컷",
1045,한국영상자료원,HOME > 시네마테크KOFA > 프로그램 > 지난 프로그램,지난 프로그램,파격의 시네아스트: 나카히라 코우 회고전,그 녀석과 나/모래 위의 식물군/미친 과실/밀회/붉은 날개/빛나는 바다/사계의 애욕/소용돌이/여름의 폭풍우/우유배달부 프랑키/월요일의 유카/위험한 일은 돈이 된다/죽인 것은 누구인가/진흙투성이의 순정총 14 편,,2017.06.10.토 ~ 06.21.수,,미부착,,개방 가능,공공누리 2~4유형,,,,,O,,,영화별 스틸컷 1장,
1046,한국영상자료원,HOME > 시네마테크KOFA > 프로그램 > 지난 프로그램,지난 프로그램,<최후의 증인> 블루레이 출시 기념 특별상영 및 대담,최후의 증인총 1 편,,2017.06.11.일,,미부착,,개방 가능,공공누리 2~4유형,,,,O,O,,,로그인 후 VOD 서비스,
1047,한국영상자료원,HOME > 시네마테크KOFA > 프로그램 > 지난 프로그램,지난 프로그램,"퐁당퐁당의 저주, 할 수 있는 자가 구하라",다방의 푸른 꿈/못/반짝이는 박수 소리/브링 홈: 아버지의 땅/짐작보다 따뜻하게/철의 꿈총 6 편,,2017.06.22.목 ~ 06.28.수,,미부착,,개방 가능,공공누리 2~4유형,,,,O,,,,"저작권 보호되는 영화, 다수의 스틸컷",
1048,한국영상자료원,HOME > 시네마테크KOFA > 프로그램 > 지난 프로그램,지난 프로그램,"해피투게더 독립영화(컴, 투게더)","컴, 투게더총 1 편",,2017.06.24.토,,미부착,,개방 가능,공공누리 2~4유형,,,,O,,,,"저작권 보호되는 영화, 다수의 스틸컷",
1049,한국영상자료원,HOME > 시네마테크KOFA > 프로그램 > 지난 프로그램,지난 프로그램,제5회 필름게이트 단편영화제,제5회 필름게이트 단편 지원작총 1 편,,2017.06.24.토,,미부착,,개방 가능,공공누리 2~4유형,,,,O,O,,,스틸컷 4장,
1050,한국영상자료원,HOME > 시네마테크KOFA > 프로그램 > 지난 프로그램,지난 프로그램,독립영화 쇼케이스(메리 크리스마스 미스터 모),메리 크리스마스 미스터 모총 1 편,,2017.06.27.화,,미부착,,개방 가능,공공누리 2~4유형,,,,O,O,,,스틸컷 1장,
1051,한국영상자료원,HOME > 시네마테크KOFA > 프로그램 > 지난 프로그램,지난 프로그램,문화가 있는 날: 영자네 사랑방(선물 가게를 지나야 출구),선물 가게를 지나야 출구총 1 편,,2017.06.28.수,,미부착,,개방 가능,공공누리 2~4유형,,,,,O,,,다수의 스틸컷 포함,
1052,한국영상자료원,HOME > 시네마테크KOFA > 프로그램 > 지난 프로그램,지난 프로그램,"카페 대신 극장에서, 달콤한 영화 디저트(목격자의 밤)",목격자의 밤총 1 편,,2017.06.28.수,,미부착,,개방 가능,공공누리 2~4유형,,,,,O,,,"스틸컷 1장, 포스터 1장",
1053,한국영상자료원,HOME > 시네마테크KOFA > 프로그램 > 지난 프로그램,지난 프로그램,"매혹의 배우, 김지미",길소뜸/메밀꽃 필 무렵/명자 아끼꼬 쏘냐/불나비/비구니(부분 복원판) + 다큐멘터리/비오는 날의 오후3시/비전/사격장의 아이들/육체의 길/육체의 약속/을화/이별/장희빈/춘향전/춘희/토지/티켓/피어린 구월산/하숙생/하얀 까마귀총 20 편,,2017.06.29.목 ~ 07.12.수,,미부착,,개방 가능,공공누리 2~4유형,,,,O,,,,"저작권 보호되는 영화, 다수의 스틸컷",
1054,한국영상자료원,HOME > 시네마테크KOFA > 프로그램 > 지난 프로그램,지난 프로그램,배리어프리영화 상영회,소중한 날의 꿈총 1 편,,2017.07.08.토,,미부착,,개방 가능,공공누리 2~4유형,,,,O,,,,"저작권 보호되는 영화, 다수의 스틸컷",
1055,한국영상자료원,HOME > 시네마테크KOFA > 프로그램 > 지난 프로그램,지난 프로그램,제14회 서울국제실험영화페스티벌EXiS,EX-Now 1 국제경쟁 4편/EX-Now 2 국제경쟁 5편/EX-Now 3 국제경쟁 6편/EX-Now 4 국제경쟁 3편/EX-Now 5 국제경쟁 5편/EX-Now 6 국내경쟁 6편/EX-Now 7 국내경쟁 3편/EX-Retro 브루스 코너 6편/EX-Retro 지연된 믿음 9편/EX-Retro 카나이 카츠 /EX-Retro 피터 허튼 4편/First-Come First-Screen /Indi-Visual 린다 라이 4편/Indi-Visual 샌디 딩 3편/[개막식]<크로스로드> 1편 상영 및 공연 2회/폐막식총 16 편,,2017.07.13.목 ~ 07.20.목,,미부착,,개방 가능,공공누리 1유형,,,,,O,,,"이미지 다수, 저작물성 없음",
1056,한국영상자료원,HOME > 시네마테크KOFA > 프로그램 > 지난 프로그램,지난 프로그램,"퐁당퐁당의 저주, 할 수 있는 자가 구하라","내 어깨 위 고양이, 밥/매기스 플랜/분노/신 고질라/아주 긴 변명/이레셔널 맨/테일 오브 테일즈/퍼스널 쇼퍼총 8 편",,2017.07.13.목 ~ 07.26.수,,미부착,,개방 가능,공공누리 2~4유형,,,,O,,,,"저작권 보호되는 영화, 다수의 스틸컷",
1057,한국영상자료원,HOME > 시네마테크KOFA > 프로그램 > 지난 프로그램,지난 프로그램,<꼬방동네 사람들> 블루레이 출시 기념 특별상영 및 대담,꼬방동네 사람들총 1 편,,2017.07.23.일,,미부착,,개방 가능,공공누리 2~4유형,,,,O,,,,"저작권 보호되는 영화, 다수의 스틸컷",
1058,한국영상자료원,HOME > 시네마테크KOFA > 프로그램 > 지난 프로그램,지난 프로그램,독립영화 쇼케이스(B급 며느리),B급 며느리총 1 편,,2017.07.25.화,,미부착,,개방 가능,공공누리 2~4유형,,,,O,O,,,스틸컷 1장,
1059,한국영상자료원,HOME > 시네마테크KOFA > 프로그램 > 지난 프로그램,지난 프로그램,"카페 대신 극장에서, 달콤한 영화 디저트(폴라로이드 작동법+출사)",폴라로이드 작동법 + 출사총 1 편,,2017.07.26.수,,미부착,,개방 가능,공공누리 2~4유형,,,,O,O,,,스틸컷 1장,
1060,한국영상자료원,HOME > 시네마테크KOFA > 프로그램 > 지난 프로그램,지난 프로그램,영화와 공간: 홍콩,PTU/금지옥엽/담배 연기 속에 피는 사랑/매드 월드/메이드 인 홍콩/무간도/무간도 IV - 문도/순류역류/심플 라이프/아비정전/일대종사/중경삼림/천수위의 낮과 밤/첨밀밀/쾌락과 타락/해피 투게더/화양연화총 17 편,,2017.07.26.수 ~ 08.08.화,,미부착,,개방 가능,공공누리 2~4유형,,,,O,,,,"저작권 보호되는 영화, 다수의 스틸컷",
1061,한국영상자료원,HOME > 시네마테크KOFA > 프로그램 > 지난 프로그램,지난 프로그램,해피투게더 독립영화(여자들),여자들총 1 편,,2017.07.29.토,,미부착,,개방 가능,공공누리 2~4유형,,,,O,,,,"저작권 보호되는 영화, 다수의 스틸컷",
1062,한국영상자료원,HOME > 시네마테크KOFA > 프로그램 > 지난 프로그램,지난 프로그램,어른들을 위한 여름방학 특선,고스트버스터즈/라붐/리치몬드 연애소동/블루라군/스타 트렉 2: 칸의 분노/스플래쉬/아이다호/원스 어폰 어 타임 인 아메리카/천녀유혼/탑 건/테스/해리가 샐리를 만났을 때/허공에의 질주총 13 편,,2017.08.09.수 ~ 08.27.일,,미부착,,개방 가능,공공누리 2~4유형,,,,O,,,,"저작권 보호되는 영화, 다수의 스틸컷",
1063,한국영상자료원,HOME > 시네마테크KOFA > 프로그램 > 지난 프로그램,지난 프로그램,"1945, 전쟁의 기억",4 데이즈 인 메이/검은 비/눈길/비정성시/살인자는 우리 곁에 있다/재와 다이아몬드/헤르타 뮐러: 알파벳의 공포/히로시마 내 사랑총 8 편,,2017.08.15.화 ~ 08.20.일,,미부착,,개방 가능,공공누리 2~4유형,,,,O,,,,"저작권 보호되는 영화, 다수의 스틸컷",
1064,한국영상자료원,HOME > 시네마테크KOFA > 프로그램 > 지난 프로그램,지난 프로그램,"독립영화 쇼케이스: 음악영화/영화음악, 소리에서 노이즈까지",내가 처한 연극/디그레션 + 자살변주 + 화포이경/밤섬해적단 서울불바다/옥주기행총 4 편,,2017.08.18.금 ~ 08.19.토,,미부착,,개방 가능,공공누리 2~4유형,,,,O,,,,"저작권 보호되는 영화, 다수의 스틸컷",
1065,한국영상자료원,HOME > 시네마테크KOFA > 프로그램 > 지난 프로그램,지난 프로그램,해피투게더 독립영화(용순),용순총 1 편,,2017.08.26.토,,미부착,,개방 가능,공공누리 2~4유형,,,,O,,,,"저작권 보호되는 영화, 다수의 스틸컷",
1066,한국영상자료원,HOME > 시네마테크KOFA > 프로그램 > 지난 프로그램,지난 프로그램,문화가 있는 날: 영자네 사랑방,"나는 행복합니다/대학살의 신/소설, 영화와 만나다/소와 함께 여행하는 법/행복 목욕탕/환상의 빛총 6 편",,2017.08.29.화 ~ 09.01.금,,미부착,,개방 가능,공공누리 2~4유형,,,,O,,,,"저작권 보호되는 영화, 다수의 스틸컷",
1067,한국영상자료원,HOME > 시네마테크KOFA > 프로그램 > 지난 프로그램,지난 프로그램,배리어프리영화 상영회,빌리 엘리어트총 1 편,,2017.09.01.금,,미부착,,개방 가능,공공누리 2~4유형,,,,O,,,,"저작권 보호되는 영화, 다수의 스틸컷",
1068,한국영상자료원,HOME > 시네마테크KOFA > 프로그램 > 지난 프로그램,지난 프로그램,"제5회 디아스포라영화제 ‘앙코르 상영회’, 환대의 시작",디아스포라 단편 섹션/보일링포인트/아임낫유어니그로/오하마나/추방자총 5 편,,2017.09.02.토 ~ 09.03.일,,미부착,,개방 가능,공공누리 2~4유형,,,,,O,,,영화별 스틸컷 1장,
1069,한국영상자료원,HOME > 시네마테크KOFA > 프로그램 > 지난 프로그램,지난 프로그램,2017 중남미 영화제,1809-1810 그 날이 올 때까지/구아라니/기회/눈을 감으면/디시에르토/미래에서 온 남자/바다로의 여행/밸리/뱀의 포옹/어느 군인의 기억/잘못된 첫인상/천국에 간 비올레타/터널총 13 편,,2017.09.05.화 ~ 09.10.일,,미부착,,개방 가능,공공누리 2~4유형,,,,,O,,,영화별 스틸컷 1장,
1070,한국영상자료원,HOME > 시네마테크KOFA > 프로그램 > 지난 프로그램,지난 프로그램,인디다큐 시간여행: 어느 여성 노동자의 기억법,단편섹션/레드마리아/스와니-1989 아세아스와니 원정투쟁의 기록/스핑크스의 수수께끼/여공 로지의 삶/외박/우리들은 정의파다/평촌의 언니들/평행선총 9 편,,2017.09.15.금 ~ 09.17.일,,미부착,,개방 가능,공공누리 2~4유형,,,,O,,,,"저작권 보호되는 영화, 다수의 스틸컷",
1071,한국영상자료원,HOME > 시네마테크KOFA > 프로그램 > 지난 프로그램,지난 프로그램,이원세 감독 마스터클래스,[특별상영] 수전지대/그 여름의 마지막 날/꽃과 뱀/난장이가 쏘아올린 작은공/땅콩껍질 속의 연가/매일 죽는 남자/목마와 숙녀/엄마없는 하늘아래/여왕벌/이방인/특별수사본부 김수임의 일생/하와의 행방총 12 편,,2017.09.15.금 ~ 09.22.금,,미부착,,개방 가능,공공누리 2~4유형,,,,O,,,,"저작권 보호되는 영화, 다수의 스틸컷",
1072,한국영상자료원,HOME > 시네마테크KOFA > 프로그램 > 지난 프로그램,지난 프로그램,삼색 중편집,중편집 1: 상처/중편집 2: 가족/중편집 3: 연애총 3 편,,2017.09.23.토 ~ 09.27.수,,미부착,,개방 가능,공공누리 2~4유형,,,,O,,,,"저작권 보호되는 영화, 다수의 스틸컷",
1073,한국영상자료원,HOME > 시네마테크KOFA > 프로그램 > 지난 프로그램,지난 프로그램,해피투게더 독립영화 (꿈의 제인),꿈의 제인총 1 편,,2017.09.23.토,,미부착,,개방 가능,공공누리 2~4유형,,,,O,,,,"저작권 보호되는 영화, 다수의 스틸컷",
1074,한국영상자료원,HOME > 시네마테크KOFA > 프로그램 > 지난 프로그램,지난 프로그램,독립영화 쇼케이스 (누에치던 방),누에치던 방총 1 편,,2017.09.26.화,,미부착,,개방 가능,공공누리 2~4유형,,,,O,,,,"저작권 보호되는 영화, 다수의 스틸컷",
1075,한국영상자료원,HOME > 시네마테크KOFA > 프로그램 > 지난 프로그램,지난 프로그램,문화가 있는 날: 영자네 사랑방,내 이름은 꾸제트/단편섹션1/단편섹션2/벨빌의 세쌍둥이/붉은 거북/창백한 얼굴들/파닥파닥총 7 편,,2017.09.27.수 ~ 10.01.일,,미부착,,개방 가능,공공누리 2~4유형,,,,O,,,,"저작권 보호되는 영화, 다수의 스틸컷",
1076,한국영상자료원,HOME > 시네마테크KOFA > 프로그램 > 지난 프로그램,지난 프로그램,추석특선: 스크린을 다시 찾은 영화들,델마와 루이스/베로니카의 이중생활/유주얼 서스펙트/제리 맥과이어/종횡사해/죽은 시인의 사회/첩혈쌍웅/파이트 클럽/포레스트 검프/플래툰총 10 편,,2017.10.07.토 ~ 10.15.일,,미부착,,개방 가능,공공누리 2~4유형,,,,O,,,,"저작권 보호되는 영화, 다수의 스틸컷",
1077,한국영상자료원,HOME > 시네마테크KOFA > 프로그램 > 지난 프로그램,지난 프로그램,문화가 있는 주간: 영자네 사랑방,가요반세기/그 사랑 한이 되어/그리움은 가슴마다/미인/봄날은 간다/사의 찬미/와이키키 브라더스/정글스토리총 8 편,,2017.10.17.화 ~ 10.24.화,,미부착,,개방 가능,공공누리 2~4유형,,,,O,,,,"저작권 보호되는 영화, 다수의 스틸컷",
1078,한국영상자료원,HOME > 시네마테크KOFA > 프로그램 > 지난 프로그램,지난 프로그램,영화를 정복하라!,"10월/시간의 문제들. 노동자가 사는 모습 + 쿨레 밤페, 혹은 세상은 누구의 것인가?/신경/전함 포템킨/직조공들/크라우젠 부인의 행복여행/히틀러 소년단원 크벡스총 7 편",,2017.10.25.수 ~ 10.31.화,,미부착,,개방 가능,공공누리 2~4유형,,,,O,O,,,모두 1963년 이전 외국 영화,
1079,한국영상자료원,HOME > 시네마테크KOFA > 프로그램 > 지난 프로그램,지난 프로그램,주한 외교단과 함께 하는 월드 시네마 위크,4X1 + 더 마라톤/강 아래로/개막식 + 국가대표/꿈의 다이어리 + 샴피뇽/나이스 피플/더 윌 투 플라이/동방의 빛/드림팀 1935/러프 앤 벌거/레드 카드/레전드 넘버 17/로바노프스키 포에버/마라카낭/목숨 다해 지킬게/사자처럼/아워 파이트/엘레노/영광의 아이들/쾅/파이팅! 인도/풋볼 인 더 밸리/헤르베르트총 22 편,,2017.11.01.수 ~ 11.08.수,,미부착,,개방 가능,공공누리 2~4유형,,,,O,,,,"저작권 보호되는 영화, 다수의 스틸컷",
1080,한국영상자료원,HOME > 시네마테크KOFA > 프로그램 > 지난 프로그램,지난 프로그램,제7회 서울배리어프리영화제,개를 훔치는 완벽한 방법(UDC Korea 앱 기능 특별시연)/너의 이름은.(배리어프리)/노무현입니다(배리어프리)/단편 섹션1(한글자막)/단편 섹션2(한글자막)/단편 섹션3(한글자막)/목소리의 형태(배리어프리)/미라클 벨리에(배리어프리)/박열(배리어프리)/반짝반짝 두근두근 + 볼링블링(배리어프리)/빌리 엘리어트(배리어프리)/소나기(배리어프리)/시간을 달리는 소녀(배리어프리)/위풍당당 질리 홉킨스(배리어프리)/택시운전사(배리어프리)총 15 편,,2017.11.09.목 ~ 11.12.일,,미부착,,개방 가능,공공누리 2~4유형,,,,O,,,,"저작권 보호되는 영화, 다수의 스틸컷",
1081,한국영상자료원,HOME > 시네마테크KOFA > 프로그램 > 지난 프로그램,지난 프로그램,인도 영화제,24/니르자/마헤신테 프라티카람/핑크/호흡기총 5 편,,2017.11.14.화 ~ 11.18.토,,미부착,,개방 가능,공공누리 2~4유형,,,,,O,,,영화별 스틸컷 1장,
1082,한국영상자료원,HOME > 시네마테크KOFA > 프로그램 > 지난 프로그램,지난 프로그램,2017년 제12회 대한민국 대학영화제,"[경쟁2] 실험과 이미지/[경쟁1] 새로운 시작과 발견/[경쟁3] 상상과 현실/[경쟁4] 상업영화와 예술영화의 경계/[경쟁5] 영화, 그들이 말하고자 하는 것/개막식 + 아이 캔 스피크/고교 추천작총 7 편",,2017.11.17.금 ~ 11.20.월,,미부착,,개방 가능,공공누리 2~4유형,,,,O,,,,"저작권 보호되는 영화, 다수의 스틸컷",
1083,한국영상자료원,HOME > 시네마테크KOFA > 프로그램 > 지난 프로그램,지난 프로그램,관객을 모으는 주술 ‘만원사례’: 대한극장 이야기,라스트 콘서트/로보캅/마지막 황제/매드맥스/백 투 더 퓨쳐/벤허/사운드 오브 뮤직/세브린느/아라비아의 로렌스/잊지 못할 사랑/자이언트/피라미드의 공포총 12 편,,2017.11.18.토 ~ 11.30.목,,미부착,,개방 가능,공공누리 2~4유형,,,,O,,,,"저작권 보호되는 영화, 다수의 스틸컷",
1084,한국영상자료원,HOME > 시네마테크KOFA > 프로그램 > 지난 프로그램,지난 프로그램,해피투게더 독립영화 (변방에서 중심으로),변방에서 중심으로 - 독립영화에 대한 특별한 시선총 1 편,,2017.11.25.토,,미부착,,개방 가능,공공누리 2~4유형,,,,O,,,,"저작권 보호되는 영화, 다수의 스틸컷",
1085,한국영상자료원,HOME > 시네마테크KOFA > 프로그램 > 지난 프로그램,지난 프로그램,문화가 있는 주간: 영자네사랑방,땐뽀걸즈총 1 편,,2017.11.29.수,,미부착,,개방 가능,공공누리 2~4유형,,,,O,O,,,스틸컷 1장,
1086,한국영상자료원,HOME > 시네마테크KOFA > 프로그램 > 지난 프로그램,지난 프로그램,"독립영화 이른 연말정산, 12월의 보너스",고려 아리랑: 천산의 디바/노후 대책 없다/델타 보이즈/마리안느와 마가렛/비치온더비치/우리 손자 베스트/자백/재꽃/춘몽/혼자총 10 편,,2017.12.01.금 ~ 12.13.수,,미부착,,개방 가능,공공누리 2~4유형,,,,O,,,,"저작권 보호되는 영화, 다수의 스틸컷",
1087,한국영상자료원,HOME > 시네마테크KOFA > 프로그램 > 지난 프로그램,지난 프로그램,실험영화 기획전: CLUB eX,"[CLUB eX] EXiS 서울국제실험영화제 수상작 상영전/[CLUB eX] 전준혁 작가 기획전: 도시, 기억, 배회/[CLUB eX] 한국영상자료원 실험영화 아카이브 특별전총 3 편",,2017.12.02.토 ~ 12.03.일,,미부착,,개방 가능,공공누리 2~4유형,,,,O,O,,,이미지(출처불명 사진),
1088,한국영상자료원,HOME > 시네마테크KOFA > 프로그램 > 지난 프로그램,지난 프로그램,2017 사사로운 영화 리스트,그 후/덩케르크/로우/맨체스터 바이 더 씨/문라이트/미세스 팡/밤의 해변에서 혼자/산책하는 침략자/스푸어/어떤 여인들/오늘밤 사자는 잠든다/옥자/우리는 같은 꿈을 꾼다/잃어버린 도시 Z/자마/희망의 건너편총 16 편,,2017.12.14.목 ~ 12.31.일,,미부착,,개방 가능,공공누리 2~4유형,,,,O,,,,"저작권 보호되는 영화, 다수의 스틸컷",
1089,한국영상자료원,HOME > 시네마테크KOFA > 프로그램 > 지난 프로그램,지난 프로그램,제6회 필름게이트 단편영화제,제6회 필름게이트 단편 지원작총 1 편,,2017.12.16.토,,미부착,,개방 가능,공공누리 2~4유형,,,,,O,,,이미지 포함(출처불명 사진),
1090,한국영상자료원,HOME > 시네마테크KOFA > 프로그램 > 지난 프로그램,지난 프로그램,"문화가 있는 주간, 영자네 사랑방: 독립 x 영화 x 잡지 1탄",독립출판 영화잡지 제작과정 북토크총 1 편,,2017.12.27.수,,미부착,,개방 가능,공공누리 1유형,,,O,,,,,단순 소개 자료,
1091,한국영상자료원,HOME > 시네마테크KOFA > 프로그램 > 지난 프로그램,지난 프로그램,영화와 남성: 영화로 보는 한국사회와 남성,8월의 크리스마스/겨울여자/그들도 우리처럼/나는 왕이다/남자와 기생/돌아온 외다리/돼지가 우물에 빠진 날/똥파리/반칙왕/안개마을/어제 내린 비/인간사표를 써라/현해탄은 알고 있다총 13 편,,2018.01.02.화 ~ 01.11.목,,미부착,,개방 가능,공공누리 2~4유형,,,,O,,,,"저작권 보호되는 영화, 다수의 스틸컷",
1092,한국영상자료원,HOME > 시네마테크KOFA > 프로그램 > 지난 프로그램,지난 프로그램,인디 곳간: 독립영화 아카이브(1),단편 섹션 1/단편 섹션 2/단편 섹션 3총 3 편,,2018.01.12.금 ~ 01.14.일,,미부착,,개방 가능,공공누리 1유형,,,O,,,,,단순 정보,
1093,한국영상자료원,HOME > 시네마테크KOFA > 프로그램 > 지난 프로그램,지난 프로그램,"In Memoriam(감독편): 故 박남옥, 김기덕, 홍기선, 박종필",5인의 해병/가슴에 돋는 칼로 슬픔을 자르고/남과 북/맨발의 청춘/미망인/선택/수리세 + 파랑새/장애인 이동권 투쟁 보고서-버스를 타자! + 잠수사총 8 편,,2018.01.16.화 ~ 01.20.토,,미부착,,개방 가능,공공누리 2~4유형,,,,O,,,,"저작권 보호되는 영화, 다수의 스틸컷",
1094,한국영상자료원,HOME > 시네마테크KOFA > 프로그램 > 지난 프로그램,지난 프로그램,"In Memoriam(배우편): 故 김지영, 윤소정, 김영애, 김주혁",깊은밤 갑자기/당신자신과 당신의 것/세상에서 가장 아름다운 이별/애자/어디선가 누군가에 무슨 일이 생기면 틀림없이 나타난다 홍반장/올가미총 6 편,,2018.01.20.토 ~ 01.24.수,,미부착,,개방 가능,공공누리 2~4유형,,,,O,,,,"저작권 보호되는 영화, 다수의 스틸컷",
1095,한국영상자료원,HOME > 시네마테크KOFA > 프로그램 > 지난 프로그램,지난 프로그램,제6회 재팬파운데이션 무비 페스티벌,"구름의 저편, 약속의 장소/기쿠지로의 여름/너의 이름은./별의 목소리 + 초속 5센티미터/복수는 나의 것/치사한 놈/치쿠잔의 여행/토터스의 여행/흐트러지다총 9 편",,2018.01.25.목 ~ 01.31.수,,미부착,,개방 가능,공공누리 2~4유형,,,,O,,,,"저작권 보호되는 영화, 다수의 스틸컷",
1096,한국영상자료원,HOME > 시네마테크KOFA > 프로그램 > 지난 프로그램,지난 프로그램,시네마테크KOFA가 주목한 2017년 한국영화,1987/군함도/그 후/꿈의 제인/남한산성/밤섬해적단 서울불바다/밤의 해변에서 혼자/불한당: 나쁜 놈들의 세상/아이 캔 스피크/옥자총 10 편,,2018.02.01.목 ~ 02.14.수,,미부착,,개방 가능,공공누리 2~4유형,,,,O,,,,"저작권 보호되는 영화, 다수의 스틸컷",
1097,한국영상자료원,HOME > 시네마테크KOFA > 프로그램 > 지난 프로그램,지난 프로그램,플래시백 올림피아 1988-2018: 단편영화 속 한국,플래시백 올림피아 1988-2018 섹션 1/플래시백 올림피아 1988-2018 섹션 2총 2 편,,2018.02.03.토,,미부착,,개방 가능,공공누리 1유형,,,,,O,,,"단순 이미지, 영화 소개 저작물성 없음",
1098,한국영상자료원,HOME > 시네마테크KOFA > 프로그램 > 지난 프로그램,지난 프로그램,"배우, 카메라 뒤에 서다(해외편)",거리의 범죄/그랜 토리노/그림자들/더티 해리/론섬 짐/매디슨 카운티의 다리/미스틱 리버/밀리언 달러 베이비/사선에서/어둠 속에 벨이 울릴 때/얼굴들/영향 아래 있는 여자/오프닝 나이트/용서받지 못한 자/인터뷰/저수지의 개들/트리스 라운지/파고/판타스틱 소녀백서/황야의 무법자총 20 편,,2018.02.20.화 ~ 03.09.금,,미부착,,개방 가능,공공누리 2~4유형,,,,O,,,,"저작권 보호되는 영화, 다수의 스틸컷",
1099,한국영상자료원,HOME > 시네마테크KOFA > 프로그램 > 지난 프로그램,지난 프로그램,"퐁당퐁당의 저주, 할 수 있는 자가 구하라",고스트 스토리/굿타임/두 개의 사랑/빛나는/우리의 20세기/프란츠총 6 편,,2018.03.10.토 ~ 03.14.수,,미부착,,개방 가능,공공누리 2~4유형,,,,O,,,,"저작권 보호되는 영화, 다수의 스틸컷",
1100,한국영상자료원,HOME > 시네마테크KOFA > 프로그램 > 지난 프로그램,지난 프로그램,동시상영전: 한국과 독일의 작가주의 영화,기억의 아카이브/논픽션 다이어리/마르세유/밤의 해변에서 혼자/베스턴/불한당: 나쁜 놈들의 세상/어떤 개인 날/에브리원 엘스/월요일의 창문/잘 알지도 못하면서/초행/캐스팅총 12 편,,2018.03.15.목 ~ 03.25.일,,미부착,,개방 가능,공공누리 2~4유형,,,,O,,,,"저작권 보호되는 영화, 다수의 스틸컷",
1101,한국영상자료원,HOME > 시네마테크KOFA > 프로그램 > 지난 프로그램,지난 프로그램,"시대를 앞서 간 시네아스트, 김기영 전작展",고려장/나는 트럭이다 + 수병의 일기 + 사랑의 병실/느미/렌의 애가/바보사냥/반금련/살인나비를 쫓는 여자/수녀/시네토크: 우리 시대의 김기영/양산도/여(女)/육식동물/육체의 약속/이어도/자유처녀/죽엄의 상자(무성)/천사여 악녀가 되라(죽어도 좋은 경험)/충녀/파계/하녀/현해탄은 알고 있다/혈육애/화녀/화녀 82/흙총 25 편,,2018.03.27.화 ~ 04.13.금,,미부착,,개방 가능,공공누리 2~4유형,,,,O,,,,"저작권 보호되는 영화, 다수의 스틸컷",
1102,한국영상자료원,HOME > 시네마테크KOFA > 프로그램 > 지난 프로그램,지난 프로그램,인디곳간: 독립영화 아카이브,마이 제너레이션/우린 액션배우다/할매꽃총 3 편,,2018.04.14.토 ~ 04.15.일,,미부착,,개방 가능,공공누리 2~4유형,,,,O,,,,"저작권 보호되는 영화, 다수의 스틸컷",
1103,한국영상자료원,HOME > 시네마테크KOFA > 프로그램 > 지난 프로그램,지난 프로그램,배리어프리영화 정기상영회,아이 캔 스피크(배리어프리)총 1 편,,2018.04.14.토,,미부착,,개방 가능,공공누리 2~4유형,,,,O,,,,"저작권 보호되는 영화, 다수의 스틸컷",
1104,한국영상자료원,HOME > 시네마테크KOFA > 프로그램 > 지난 프로그램,지난 프로그램,FILO 창간 기념 특별전: 영화와 언어의 만남,7월의 랑데부/내일을 위한 길/아내여 장미처럼/웨곤 마스터/초원의 강/클레어의 카메라총 6 편,,2018.04.17.화 ~ 04.22.일,,미부착,,개방 가능,공공누리 2~4유형,,,,O,,,,"저작권 보호되는 영화, 다수의 스틸컷",
1105,한국영상자료원,HOME > 시네마테크KOFA > 프로그램 > 지난 프로그램,지난 프로그램,"좋았다니, 다시 한 번! 아시아나국제단편영화제 2018 순회상영전",Program 2: Life Is Short! (4편)/Program 3: 발칙한 상상력 전 (6편)/Program I: 아시프 화제작 전 (4편)총 3 편,,2018.04.24.화 ~ 04.25.수,,미부착,,개방 가능,공공누리 2~4유형,,,,,O,,,영화별 스틸컷 1장,
1106,한국영상자료원,HOME > 시네마테크KOFA > 프로그램 > 지난 프로그램,지난 프로그램,시네마테크KOFA의 영화 정원,리틀 포레스트/리틀 포레스트: 사계절/마담 프루스트의 비밀정원/언어의 정원/파밍 보이즈/플라워 쇼총 6 편,,2018.04.26.목 ~ 04.29.일,,미부착,,개방 가능,공공누리 2~4유형,,,,O,,,,"저작권 보호되는 영화, 다수의 스틸컷",
1107,한국영상자료원,HOME > 시네마테크KOFA > 프로그램 > 지난 프로그램,지난 프로그램,"발굴, 복원 그리고 초기영화로의 초대",가르시아/검은 머리/깊은밤 갑자기/나는 고발한다/내 몫까지 살아주/넘버 3/노인을 위한 나라는 없다/달기(국내 개봉판)/달기(홍콩 개봉판)/달마가 동쪽으로 간 까닭은?/대폭군(국내 개봉판)/대폭군(홍콩 개봉판)/동경의 황혼/랑주씨의 범죄/리오 그란데/미몽(죽음의 자장가)/미술관 옆 동물원/베를린 천사의 시/베를린의 밤/살인의 추억/삼포가는 길/서편제/수리세+파랑새/신입생/아스팔트 정글/아시일편운/야행/여판사/욕망/우묵배미의 사랑/인형/일렉션/장남/재와 다이아몬드/조용한 가족/지구를 지켜라!/지옥화/초우/파업전야/필리버스/핵전략 사령부/휴일총 42 편,,2018.05.02.수 ~ 05.31.목,,미부착,,개방 가능,공공누리 2~4유형,,,,O,,,,"저작권 보호되는 영화, 다수의 스틸컷",
1108,한국영상자료원,HOME > 시네마테크KOFA > 프로그램 > 지난 프로그램,지난 프로그램,"배우, 카메라 뒤에 서다(국내편)","가족의 탄생/공주님의 짝사랑/꿈/마음의 고향/메소드/민며느리/바람난 가족(리마스터링)/박하사탕(리마스터링)/삼공일 삼공이(301,302)/성춘향/어느 여대생의 고백/여배우는 오늘도/여자의 일생/오로라공주/자유의 언덕/학생부군신위총 16 편",,2018.06.01.금 ~ 06.12.화,,미부착,,개방 가능,공공누리 2~4유형,,,,O,,,,"저작권 보호되는 영화, 다수의 스틸컷",
1109,한국영상자료원,HOME > 시네마테크KOFA > 프로그램 > 지난 프로그램,지난 프로그램,해피투게더 독립영화,시인의 사랑총 1 편,,2018.06.09.토,,미부착,,개방 가능,공공누리 2~4유형,,,,O,,,,"저작권 보호되는 영화, 다수의 스틸컷",
1110,한국영상자료원,HOME > 시네마테크KOFA > 프로그램 > 지난 프로그램,지난 프로그램,제7회 필름게이트 단편영화제,단편모음전총 1 편,,2018.06.10.일,,미부착,,개방 가능,공공누리 2~4유형,,,,O,O,,,스틸컷 합성 모음,
1111,한국영상자료원,HOME > 시네마테크KOFA > 프로그램 > 지난 프로그램,지난 프로그램,독립영화 쇼케이스,물속에서 숨 쉬는 법총 1 편,,2018.06.12.화,,미부착,,개방 가능,공공누리 2~4유형,,,,O,,,,"저작권 보호되는 영화, 다수의 스틸컷",
1112,한국영상자료원,HOME > 시네마테크KOFA > 프로그램 > 지난 프로그램,지난 프로그램,"인디다큐 시간여행: 익숙한 풍경들, 개발과 재개발의 기록","단편섹션/대추리 전쟁 / 길/동강은 흐른다/산리즈카 - 제2요새의 사람들/살기 위하여-어부로 살고 싶다/서울역/일본해방전선, 산리즈카의 여름/팔당 사람들총 8 편",,2018.06.14.목 ~ 06.17.일,,미부착,,개방 가능,공공누리 2~4유형,,,,O,,,,"저작권 보호되는 영화, 다수의 스틸컷",
1113,한국영상자료원,HOME > 시네마테크KOFA > 프로그램 > 지난 프로그램,지난 프로그램,키네마 준보 베스트 특집,꽁치의 맛/메오토 젠자이/모래의 여자/부운/불량소년/소년/스물 네 개의 눈동자/안조가의 무도회/오하루의 일생/의리없는 전쟁 /인간의 조건 PartI/인간의 조건 PartII/인간의 조건 PartIII/인력거꾼/일본 곤충기/주정뱅이 천사/탁한 강/하얀 거탑총 18 편,,2018.06.19.화 ~ 07.01.일,,미부착,,개방 가능,공공누리 2~4유형,,,,,O,,,영화별 포스터 1장,
1114,한국영상자료원,HOME > 시네마테크KOFA > 프로그램 > 지난 프로그램,지난 프로그램,독립영화 쇼케이스,말해의 사계절총 1 편,,2018.06.26.화,,미부착,,개방 가능,공공누리 2~4유형,,,,O,,,,"저작권 보호되는 영화, 다수의 스틸컷",
1115,한국영상자료원,HOME > 시네마테크KOFA > 프로그램 > 지난 프로그램,지난 프로그램,한국학생실험영화제2018,'EXiS' 초청상영 + 폐막식/개막식 + '더 스트림' 초청상영/학생 섹션 1/학생 섹션 2/학생 섹션3총 5 편,,2018.06.30.토 ~ 07.01.일,,미부착,,개방 가능,공공누리 1유형,,,,,O,,,"단순 소개 이미지, 저작물성 없음",
1116,한국영상자료원,HOME > 시네마테크KOFA > 프로그램 > 지난 프로그램,지난 프로그램,"옷, 영화를 입다-한국영화박물관 특별전시 연계 기획전",강철비/군함도/리틀 포레스트/박열/버닝/소공녀/소셜포비아/아수라/오빠생각/지금은맞고그때는틀리다총 10 편,,2018.07.03.화 ~ 07.11.수,,미부착,,개방 가능,공공누리 2~4유형,,,,O,,,,"저작권 보호되는 영화, 다수의 스틸컷",
1117,한국영상자료원,HOME > 시네마테크KOFA > 프로그램 > 지난 프로그램,지난 프로그램,인디필름 x 영화약국 마음처방전,이옥섭x구교환 단편모음전총 1 편,,2018.07.07.토,,미부착,,개방 가능,공공누리 2~4유형,,,,O,O,,,스틸컷 1장,
1118,한국영상자료원,HOME > 시네마테크KOFA > 프로그램 > 지난 프로그램,지난 프로그램,영화와 공간: 파리,400번의 구타/5시부터 7시까지의 클레오/네 멋대로 해라/라따뚜이/마지막 지하철/밤과 낮/비포 선셋/샤레이드/아멜리에/암흑가의 세사람/어떤 여름의 기록/인 더 섀도우 오브 우먼/인셉션/쥴 앤 짐/천국의 아이들/파리의 랑데부/한밤의 암살자총 17 편,,2018.07.11.수 ~ 07.25.수,,미부착,,개방 가능,공공누리 2~4유형,,,,O,,,,"저작권 보호되는 영화, 다수의 스틸컷",
1119,한국영상자료원,HOME > 시네마테크KOFA > 프로그램 > 지난 프로그램,지난 프로그램,제 15회 서울국제실험영화페스티벌,개막식/국내경쟁 EX-Now 5/국내경쟁 EX-Now 6/국제경쟁 EX-Now 1/국제경쟁 EX-Now 2/국제경쟁 EX-Now 3/국제경쟁 EX-Now 4/기획부문 EX-Choice 3 라스트 데이즈 : 런던영화작가조합 (1990~1998)/기획부문 EX-Choice 4 계산된 움직임: 미국 실험애니메이션/기획부문 EX-Choice 5/기획부문 EX-Choice 6/선착순 상영회/인디-비주얼 (광학적 논고) /인디-비주얼(12개의 의자)/인디비주얼 (아웃사이더의 갈망)/폐막식/회고전 EX-Retro 1총 17 편,,2018.07.12.목 ~ 07.19.목,,미부착,,개방 가능,공공누리 2~4유형,,,,,O,,,"영화별 스틸컷, 이미지 1장씩",
1120,한국영상자료원,HOME > 시네마테크KOFA > 프로그램 > 지난 프로그램,지난 프로그램,배리어프리영화 정기상영회,목소리의 형태(배리어프리 버전)총 1 편,,2018.07.21.토,,미부착,,개방 가능,공공누리 2~4유형,,,,,O,,,"스틸컷 1장, 포스터 1장",
1121,한국영상자료원,HOME > 시네마테크KOFA > 프로그램 > 지난 프로그램,지난 프로그램,"문화가 있는 주간, 영자네 사랑방",불한당: 나쁜 놈들의 세상총 1 편,,2018.07.25.수,,미부착,,개방 가능,공공누리 2~4유형,,,,O,,,,"저작권 보호되는 영화, 다수의 스틸컷",
1122,한국영상자료원,HOME > 시네마테크KOFA > 프로그램 > 지난 프로그램,지난 프로그램,싱잉 스타 온 스크린,마돈나: 진실 혹은 대담/마이클 잭슨의 디스 이즈 잇/비틀스: 에잇 데이즈 어 위크 - 투어링 이어즈/수퍼스타 휘트니 휴스턴/슈퍼소닉총 5 편,,2018.07.26.목 ~ 07.29.일,,미부착,,개방 가능,공공누리 2~4유형,,,,O,,,,"저작권 보호되는 영화, 다수의 스틸컷",
1123,한국영상자료원,HOME > 시네마테크KOFA > 프로그램 > 지난 프로그램,지난 프로그램,해피투게더 독립영화,소통과 거짓말총 1 편,,2018.07.28.토,,미부착,,개방 가능,공공누리 2~4유형,,,,O,O,,,스틸컷 2장,
1124,한국영상자료원,HOME > 시네마테크KOFA > 프로그램 > 지난 프로그램,지난 프로그램,어른들을 위한 여름방학 특선: 공포영화,13일의 금요일/공포의 묘지/나이트메어/더 플라이/사탄의 인형/샤이닝/에이리언/에이리언(디렉터스 컷)/엑소시스트(디렉터스 컷)/오멘/이블 데드/죠스/캐리/텍사스 전기톱 학살/환상특급총 15 편,,2018.07.31.화 ~ 08.12.일,,미부착,,개방 가능,공공누리 2~4유형,,,,,O,,,"영화별 스틸컷 1장, 포스터 1장",
1125,한국영상자료원,HOME > 시네마테크KOFA > 프로그램 > 지난 프로그램,지난 프로그램,<이어도> 블루레이 출시 기념 특별상영 및 대담,이어도총 1 편,,2018.08.04.토 ~ 08.10.금,,미부착,,개방 가능,공공누리 2~4유형,,,,O,,,,"저작권 보호되는 영화, 다수의 스틸컷",
1126,한국영상자료원,HOME > 시네마테크KOFA > 프로그램 > 지난 프로그램,지난 프로그램,독립영화 쇼케이스,기프실총 1 편,,2018.08.14.화,,미부착,,개방 가능,공공누리 2~4유형,,,,O,,,,"저작권 보호되는 영화, 다수의 스틸컷",
1127,한국영상자료원,HOME > 시네마테크KOFA > 프로그램 > 지난 프로그램,지난 프로그램,하나 된 울림: 「일본군'위안부' 피해자 기림의 날」 특별전,"귀향/귀향, 끝나지 않은 이야기/그리고 싶은 것/나의 마음은 지지 않았다/소리굽쇠/아이 캔 스피크/에움길/침묵/허스토리총 9 편",,2018.08.14.화 ~ 08.21.화,,미부착,,개방 가능,공공누리 2~4유형,,,,O,,,,"저작권 보호되는 영화, 다수의 스틸컷",
1128,한국영상자료원,HOME > 시네마테크KOFA > 프로그램 > 지난 프로그램,지난 프로그램,우리 학교에 놀러 오세요! - <여고괴담> 20주년 특별전,단편 섹션 1/단편 섹션 2/여고괴담/여고괴담 두번째 이야기/여고괴담 세번째이야기: 여우계단/여고괴담4: 목소리/여고괴담5: 동반자살총 7 편,,2018.08.22.수 ~ 08.26.일,,미부착,,개방 가능,공공누리 2~4유형,,,,O,,,,"저작권 보호되는 영화, 다수의 스틸컷",
1129,한국영상자료원,HOME > 시네마테크KOFA > 프로그램 > 지난 프로그램,지난 프로그램,해피투게더 독립영화,내 친구 정일우총 1 편,,2018.08.25.토,,미부착,,개방 가능,공공누리 2~4유형,,,,O,,,,"저작권 보호되는 영화, 다수의 스틸컷",
1130,한국영상자료원,HOME > 시네마테크KOFA > 프로그램 > 지난 프로그램,지난 프로그램,독립영화 쇼케이스,김정은 감독 단편선총 1 편,,2018.08.28.화,,미부착,,개방 가능,공공누리 2~4유형,,,,O,O,,,영화 스틸컷 3장,
1131,한국영상자료원,HOME > 시네마테크KOFA > 프로그램 > 지난 프로그램,지난 프로그램,"흥해랏, 그녀들! - 배우 이민지, 이상희, 이주영 특별전",꿈의 제인/누에치던 방/눈꺼풀/당신의 부탁/물속에서 숨 쉬는 법/사라진 밤/이민지 단편선 1/이민지 단편선 2/이상희 단편선 1/이상희 단편선 2/인류의 영원한 테마 + 이주영 단편선/짐승의 끝/철원기행/춘몽총 14 편,,2018.08.28.화 ~ 09.02.일,,미부착,,개방 가능,공공누리 2~4유형,,,,O,,,,"저작권 보호되는 영화, 다수의 스틸컷",
1132,한국영상자료원,HOME > 시네마테크KOFA > 프로그램 > 지난 프로그램,지난 프로그램,"문화가 있는 주간, 영자네 사랑방",택시운전사총 1 편,,2018.08.29.수,,미부착,,개방 가능,공공누리 2~4유형,,,,O,,,,"저작권 보호되는 영화, 다수의 스틸컷",
1133,한국영상자료원,HOME > 시네마테크KOFA > 프로그램 > 지난 프로그램,지난 프로그램,"독립다큐 프리즘, 키워드의 단면들",공동정범/미스 프레지던트/버블 패밀리/서산개척단/앨리스 죽이기/피의 연대기총 6 편,,2018.09.04.화 ~ 09.08.토,,미부착,,개방 가능,공공누리 2~4유형,,,,O,,,,"저작권 보호되는 영화, 다수의 스틸컷",
1134,한국영상자료원,HOME > 시네마테크KOFA > 프로그램 > 지난 프로그램,지난 프로그램,"제6회 디아스포라영화제 ‘앙코르 상영회’, 환대를 넘어",86일의 69분/내가 돌아갈 곳/폴이 바다를 건널 때/한국 단편섹션총 4 편,,2018.09.08.토 ~ 09.09.일,,미부착,,개방 가능,공공누리 2~4유형,,,,O,,,,"저작권 보호되는 영화, 다수의 스틸컷",
1135,한국영상자료원,HOME > 시네마테크KOFA > 프로그램 > 지난 프로그램,지난 프로그램,인도 영화제,가지 어택/뉴튼/마리 콤/쉽 오브 테세우스/신자르/지상의 별처럼/투 렛총 7 편,,2018.09.11.화 ~ 09.16.일,,미부착,,개방 가능,공공누리 2~4유형,,,,O,,,,"저작권 보호되는 영화, 다수의 스틸컷",
1136,한국영상자료원,HOME > 시네마테크KOFA > 프로그램 > 지난 프로그램,지난 프로그램,추석특선: 스크린을 다시 찾은 영화들,"개같은 내 인생/디 아더스/러브 레터/러브 액츄얼리/말할 수 없는 비밀/멀홀랜드 드라이브/사랑과 영혼/수면의 과학/아무도 모른다/원더풀 라이프/이프 온리/지금, 만나러 갑니다/진주 귀걸이를 한 소녀총 13 편",,2018.09.18.화 ~ 10.03.수,,미부착,,개방 가능,공공누리 2~4유형,,,,O,,,,"저작권 보호되는 영화, 다수의 스틸컷",
1137,한국영상자료원,HOME > 시네마테크KOFA > 프로그램 > 지난 프로그램,지난 프로그램,"문화가 있는 주간, 영자네 사랑방",지슬 - 끝나지않은 세월2총 1 편,,2018.09.28.금,,미부착,,개방 가능,공공누리 2~4유형,,,,O,,,,"저작권 보호되는 영화, 다수의 스틸컷",
1138,한국영상자료원,HOME > 시네마테크KOFA > 프로그램 > 지난 프로그램,지난 프로그램,해피투게더 독립영화,라이브하드총 1 편,,2018.09.29.토,,미부착,,개방 가능,공공누리 2~4유형,,,,O,,,,"저작권 보호되는 영화, 다수의 스틸컷",
1139,한국영상자료원,HOME > 시네마테크KOFA > 프로그램 > 지난 프로그램,지난 프로그램,"고유한 시선, 독립영화 감독전",분장/비치온더비치/살아남은 아이/정가영 단편전/쥐포 + 다영씨/튼튼이의 모험/파란 입이 달린 얼굴/호랑이보다 무서운 겨울손님총 8 편,,2018.10.04.목 ~ 10.10.수,,미부착,,개방 가능,공공누리 2~4유형,,,,O,,,,"저작권 보호되는 영화, 다수의 스틸컷",
1140,한국영상자료원,HOME > 시네마테크KOFA > 프로그램 > 지난 프로그램,지난 프로그램,배리어프리영화 상영회,앙: 단팥 인생 이야기총 1 편,,2018.10.05.금,,미부착,,개방 가능,공공누리 2~4유형,,,,O,,,,"저작권 보호되는 영화, 다수의 스틸컷",
1141,한국영상자료원,HOME > 시네마테크KOFA > 프로그램 > 지난 프로그램,지난 프로그램,"인디다큐 시간여행: 익숙한 풍경들, 개발과 재개발의 기록 part2.",공사 중/그럼에도 불구하고/단편 섹션 1/단편 섹션 2/단편 섹션 3/마이 스윗 홈 - 국가는 폭력이다/어떤 점거/행진하는 청춘총 8 편,,2018.10.11.목 ~ 10.14.일,,미부착,,개방 가능,공공누리 2~4유형,,,,O,,,,"저작권 보호되는 영화, 다수의 스틸컷",
1142,한국영상자료원,HOME > 시네마테크KOFA > 프로그램 > 지난 프로그램,지난 프로그램,독립영화 쇼케이스,얼굴들총 1 편,,2018.10.16.화,,미부착,,개방 가능,공공누리 2~4유형,,,,O,,,,"저작권 보호되는 영화, 다수의 스틸컷",
1143,한국영상자료원,HOME > 시네마테크KOFA > 프로그램 > 지난 프로그램,지난 프로그램,제4회 중남미 영화제,"글로리아/나는 아직 살아있다: 페루의 음악혼/나의 마지막 수트/내일 잊지 말아요/상속녀/악령의 동굴/알바/운하의 다섯 스토리와 한 세기의 인생/총의 침묵/퍼스트 레이디 오브 더 레볼루션/행복 끝, 불행/호랑이는 겁이 없지총 12 편",,2018.10.16.화 ~ 10.21.일,,미부착,,개방 가능,공공누리 2~4유형,,,,O,,,,"저작권 보호되는 영화, 다수의 스틸컷",
1144,한국영상자료원,HOME > 시네마테크KOFA > 프로그램 > 지난 프로그램,지난 프로그램,관객을 모으는 주술 '만원사례' : 명보극장 이야기,"간디/보디 히트/빠삐용/상류사회/아마데우스/아웃 오브 아프리카/양들의 침묵/원스 어폰 어 타임 인 아메리카/지옥의 묵시록: 리덕스/파리, 텍사스/포세이돈 어드벤쳐총 11 편",,2018.10.17.수 ~ 10.31.수,,미부착,,개방 가능,공공누리 2~4유형,,,,O,,,,"저작권 보호되는 영화, 다수의 스틸컷",
1145,한국영상자료원,HOME > 시네마테크KOFA > 프로그램 > 지난 프로그램,지난 프로그램,해피투게더 독립영화,지각생들 + 오목소녀총 1 편,,2018.10.27.토,,미부착,,개방 가능,공공누리 2~4유형,,,,O,O,,,스틸컷 2장,
1146,한국영상자료원,HOME > 시네마테크KOFA > 프로그램 > 지난 프로그램,지난 프로그램,<아름다운 생존>: 한국영화박물관 기획전시 특별상영,아름다운 생존: 여성영화인이 말하는 영화총 1 편,,2018.10.27.토,,미부착,,개방 가능,공공누리 2~4유형,,,,O,O,,,스틸컷 2장,
1147,한국영상자료원,HOME > 시네마테크KOFA > 프로그램 > 지난 프로그램,지난 프로그램,독립영화 쇼케이스,국경의 왕총 1 편,,2018.10.30.화,,미부착,,개방 가능,공공누리 2~4유형,,,,O,,,,"저작권 보호되는 영화, 다수의 스틸컷",
1148,한국영상자료원,HOME > 시네마테크KOFA > 프로그램 > 지난 프로그램,지난 프로그램,"문화가 있는 주간, 영자네 사랑방",4등총 1 편,,2018.10.31.수,,미부착,,개방 가능,공공누리 2~4유형,,,,O,,,,"저작권 보호되는 영화, 다수의 스틸컷",
1149,한국영상자료원,HOME > 시네마테크KOFA > 프로그램 > 지난 프로그램,지난 프로그램,인디 곳간: 독립영화 아카이브,[섹션1] 사랑하는 소녀+고래를 본 날+콩나물/[섹션2] 미나+대자보+자유연기/[섹션3] 공부의 나라총 3 편,,2018.11.01.목 ~ 11.06.화,,미부착,,개방 가능,공공누리 2~4유형,,,,O,O,,,"스틸컷 4장, 소개자료",
1150,한국영상자료원,HOME > 시네마테크KOFA > 프로그램 > 지난 프로그램,지난 프로그램,제1회 유럽연합 영화제,"[단편모음] 메인스트리트 정거장 / 셀러브레이션 오브 론리 팜 / 시네마월드/[장단편모음] 텐 미니츠 올더 / 파이널 컷-신사, 숙녀 여러분/단스/단의 유산/뤼미에르!/미스 반 데어 로에의 투겐타트 하우스/플라멩코, 플라멩코/화니와 알렉산더총 8 편",,2018.11.01.목 ~ 11.04.일,,미부착,,개방 가능,공공누리 2~4유형,,,,O,,,,"저작권 보호되는 영화, 다수의 스틸컷",
1151,한국영상자료원,HOME > 시네마테크KOFA > 프로그램 > 지난 프로그램,지난 프로그램,제8회 서울배리어프리영화제,두개의 빛: 릴루미노 + 볼링블링 (2편)(배리어프리)/마당을 나온 암탉(배리어프리)/빌리 엘리어트(배리어프리)/산책가 + 페루자 (2편)(배리어프리)/소중한 사람(배리어프리)/시집가는 날(배리어프리)/신과함께-인과 연(배리어프리)/신과함께-죄와 벌(배리어프리)/심야식당 2(배리어프리)/아이 캔 스피크(배리어프리)/앙: 단팥 인생 이야기(배리어프리)/엄마의 공책(배리어프리)/오즈의 마법사(배리어프리)/페니 핀처(배리어프리)/한글자막 단편애니메이션 섹션1 (6편)/한글자막 단편애니메이션 섹션2 (6편)총 16 편,,2018.11.07.수 ~ 11.11.일,,미부착,,개방 가능,공공누리 2~4유형,,,,O,,,,"저작권 보호되는 영화, 다수의 스틸컷",
1152,한국영상자료원,HOME > 시네마테크KOFA > 프로그램 > 지난 프로그램,지난 프로그램,KOFA 복원 이야기: 영화를 다시 살아 숨 쉬게 하다,깊은밤 갑자기/달기/복원 강좌(1): 영화 복원의 이해/복원 강좌(2): 화면 복원 기술과 사례/복원 강좌(3): 음향 복원 기술과 사례/휴일총 6 편,,2018.11.13.화 ~ 11.15.목,,미부착,,개방 가능,공공누리 2~4유형,,,,O,,,,"저작권 보호되는 영화, 다수의 스틸컷",
1153,한국영상자료원,HOME > 시네마테크KOFA > 프로그램 > 지난 프로그램,지난 프로그램,2018 제13회 대한민국 대학영화제,[개막작]죄 많은 소녀/경쟁1: 새로운 시각과 발견/경쟁2: 실험과 이미지/경쟁3: 상상과 현실/경쟁4: 영화그들이 말하고자 하는 것/경쟁5: 상업영화와 예술영화의 경계/경쟁6: 창의성 게임/초등학생 초청작총 7 편,,2018.11.16.금 ~ 11.18.일,,미부착,,개방 가능,공공누리 2~4유형,,,,O,,,,"저작권 보호되는 영화, 다수의 스틸컷",
1154,한국영상자료원,HOME > 시네마테크KOFA > 프로그램 > 지난 프로그램,지난 프로그램,"퐁당퐁당의 저주, 할 수 있는 자가 구하라",디트로이트/몬몬몬 몬스터/바르다가 사랑한 얼굴들/보리 vs 매켄로/서버비콘/씨 오브 트리스/아직 끝나지 않았다/카메라를 멈추면 안 돼!/트립 투 스페인/판타스틱 우먼/팬텀 스레드/휘트니총 12 편,,2018.11.20.화 ~ 11.29.목,,미부착,,개방 가능,공공누리 2~4유형,,,,O,,,,"저작권 보호되는 영화, 다수의 스틸컷",
1155,한국영상자료원,HOME > 시네마테크KOFA > 프로그램 > 지난 프로그램,지난 프로그램,해피투게더 독립영화,이태원총 1 편,,2018.11.24.토,,미부착,,개방 가능,공공누리 2~4유형,,,,O,,,,"저작권 보호되는 영화, 다수의 스틸컷",
1156,한국영상자료원,HOME > 시네마테크KOFA > 프로그램 > 지난 프로그램,지난 프로그램,"문화가 있는 주간, 영자네 사랑방",침묵총 1 편,,2018.11.28.수,,미부착,,개방 가능,공공누리 2~4유형,,,,O,,,,"저작권 보호되는 영화, 다수의 스틸컷",
1157,한국영상자료원,HOME > 시네마테크KOFA > 프로그램 > 지난 프로그램,지난 프로그램,"독립영화 이른 연말정산, 12월의 보너스","그날, 바다/나비잠/너와 극장에서/대관람차/로마서 8:37/수성못/어른도감/엄마의 공책/죄 많은 소녀/춘천, 춘천총 10 편",,2018.11.30.금 ~ 12.07.금,,미부착,,개방 가능,공공누리 2~4유형,,,,O,,,,"저작권 보호되는 영화, 다수의 스틸컷",
1158,한국영상자료원,HOME > 시네마테크KOFA > 프로그램 > 지난 프로그램,지난 프로그램,"에코 자동차 극장, 뛰뛰빵빵",부니베어: 나무 도둑의 습격총 1 편,,2018.12.01.토,,미부착,,개방 가능,공공누리 2~4유형,,,,O,O,,,스틸컷 1장,
1159,한국영상자료원,HOME > 시네마테크KOFA > 프로그램 > 지난 프로그램,지난 프로그램,BFI에는 어떤 보물이 있을까?,"F. 퍼시 스미스의 세계/깁슨 가족 연대기/링/먼 목소리, 고요한 삶/밀고자/밀회/블루 블랙 퍼머넌트/비트겐슈타인/사랑하는 여인들/슈팅 스타/카라바조총 11 편",,2018.12.08.토 ~ 12.16.일,,미부착,,개방 가능,공공누리 2~4유형,,,,O,,,,"저작권 보호되는 영화, 다수의 스틸컷",
1160,한국영상자료원,HOME > 시네마테크KOFA > 프로그램 > 지난 프로그램,지난 프로그램,세계영화사의 순간들,"뤼미에르 형제의 영화를 마치 처음 본다는 심정으로/멜리에스 영화, 영화라는 마법상자/영화사의 순간, 을 바라보는 시선, 혹은 시선의 시작 1895년 12월 28일/영화에서 쇼트가 시작하는 자리, 그리고 계속총 4 편",,2018.12.08.토 ~ 12.29.토,,미부착,,개방 가능,공공누리 1유형,,,,,O,,,"단순 소개 이미지, 저작물성 없음",
1161,한국영상자료원,HOME > 시네마테크KOFA > 프로그램 > 지난 프로그램,지난 프로그램,인디필름 x 영화를 만드는 사람들,어둔 밤총 1 편,,2018.12.13.목,,미부착,,개방 가능,공공누리 2~4유형,,,,O,,,,"저작권 보호되는 영화, 다수의 스틸컷",
1162,한국영상자료원,HOME > 시네마테크KOFA > 프로그램 > 지난 프로그램,지난 프로그램,해피투게더 독립영화,어른도감총 1 편,,2018.12.22.토,,미부착,,개방 가능,공공누리 2~4유형,,,,O,,,,"저작권 보호되는 영화, 다수의 스틸컷",
1163,한국영상자료원,HOME > 시네마테크KOFA > 프로그램 > 지난 프로그램,지난 프로그램,2018 사사로운 영화 리스트,개들의 섬/김군/너는 여기에 없었다/녹차의 중력/더 포스트/백두 번째 구름/사령혼: 죽은 넋 (part 1)/사령혼: 죽은 넋 (part 2)/사령혼: 죽은 넋 (part 3)/쓰리 빌보드/아사코 I&II/어느 가족/클레어의 카메라/통행증/풀잎들/행복한 라짜로총 16 편,,2018.12.27.목 ~ 01.13.일,,미부착,,개방 가능,공공누리 2~4유형,,,,O,,,,"저작권 보호되는 영화, 다수의 스틸컷",
1164,한국영상자료원,HOME > 시네마테크KOFA > 프로그램 > 지난 프로그램,지난 프로그램,"해설이 있는 '클래식 릴레이 한국영화': 남장여자 혹은 여장남자, 변장의 메타포",007 폭소판 살사리 몰랐지?/가슴달린 남자/공주님의 짝사랑/내것이 더 좋아/신입사원 얄개/십오야(의 복수)/여자가 더 좋아/젊은 그들/풍운의 궁전총 9 편,,2019.01.08.화 ~ 01.17.목,,미부착,,개방 가능,공공누리 2~4유형,,,,O,,,,"저작권 보호되는 영화, 다수의 스틸컷",
1165,한국영상자료원,HOME > 시네마테크KOFA > 프로그램 > 지난 프로그램,지난 프로그램,영화와 운동: 독립영화를 통해 보는 한국 사회,"낮은 목소리 2/낮은 목소리 3 - 숨결/두밀리, 새로운 학교가 열린다/오! 꿈의 나라/중단편 모음총 5 편",,2019.01.08.화 ~ 01.13.일,,미부착,,개방 가능,공공누리 2~4유형,,,,O,,,,"저작권 보호되는 영화, 다수의 스틸컷",
1166,한국영상자료원,HOME > 시네마테크KOFA > 프로그램 > 지난 프로그램,지난 프로그램,In Memoriam: 故 최은희·신성일·임원식,대폭군/로맨스 빠빠/맨발의 청춘/무숙자/민며느리/별들의 고향/사랑방 손님과 어머니/아리랑/안개/어느 사랑의 이야기/어느 여대생의 고백/장남/저 높은 곳을 향하여/지옥화/청일전쟁과 여걸 민비/초우총 16 편,,2019.01.19.토 ~ 02.01.금,,미부착,,개방 가능,공공누리 2~4유형,,,,O,,,,"저작권 보호되는 영화, 다수의 스틸컷",
1167,한국영상자료원,HOME > 시네마테크KOFA > 프로그램 > 지난 프로그램,지난 프로그램,"고유한 시선, 독립영화 감독전",뷰티풀 데이즈/아기와 나/영주/유리정원/환절기총 5 편,,2019.02.07.목 ~ 02.11.월,,미부착,,개방 가능,공공누리 2~4유형,,,,O,,,,"저작권 보호되는 영화, 다수의 스틸컷",
1168,한국영상자료원,HOME > 시네마테크KOFA > 프로그램 > 지난 프로그램,지난 프로그램,인디 곳간: 독립영화 아카이브,김태용 감독 단편전/연상호 감독 단편전/윤성호 감독 장편전/이란희 감독 단편전/이우정 감독 단편전총 5 편,,2019.02.12.화 ~ 02.15.금,,미부착,,개방 가능,공공누리 2~4유형,,,,O,,,,"저작권 보호되는 영화, 다수의 스틸컷",
1169,한국영상자료원,HOME > 시네마테크KOFA > 프로그램 > 지난 프로그램,지난 프로그램,오렌지필름기획전 <핑퐁> & <위대한 귀여움에 대하여>,오렌지필름 섹션1. '핑-퐁' /오렌지필름 섹션2. '위대한 귀여움에 대하여'총 2 편,,2019.02.12.화,,미부착,,개방 가능,공공누리 2~4유형,,,,,O,,,영화 스틸컷,
1170,한국영상자료원,HOME > 시네마테크KOFA > 프로그램 > 지난 프로그램,지난 프로그램,시네마테크KOFA가 주목한 2018년 한국영화,공동정범/공작/군산: 거위를 노래하다/미쓰백/버닝/살아남은 아이/소공녀/암수살인/죄 많은 소녀/클레어의 카메라/풀잎들총 11 편,,2019.02.16.토 ~ 02.28.목,,미부착,,개방 가능,공공누리 2~4유형,,,,O,,,,"저작권 보호되는 영화, 다수의 스틸컷",
1171,한국영상자료원,HOME > 시네마테크KOFA > 프로그램 > 지난 프로그램,지난 프로그램,평화와 화합을 노래하다: 3.1 운동 100주년 기념전,그리고 싶은 것/깃발없는 기수/동주/말모이/박열/비무장지대/송환/아아 백범 김구선생/유관순/이름없는 별들/할매꽃총 11 편,,2019.03.01.금 ~ 03.13.수,,미부착,,개방 가능,공공누리 2~4유형,,,,O,,,,"저작권 보호되는 영화, 다수의 스틸컷",
1172,한국영상자료원,HOME > 시네마테크KOFA > 프로그램 > 지난 프로그램,지난 프로그램,시네마 플리마켓,시네마 플리마켓총 1 편,,2019.03.16.토,,미부착,,개방 가능,공공누리 1유형,,,,,O,,,"단순 소개 이미지, 저작물성 없음",
1173,한국영상자료원,HOME > 시네마테크KOFA > 프로그램 > 지난 프로그램,지난 프로그램,제7회 재팬파운데이션 무비 페스티벌,강아지 마메시바/고독사/그 남자가 아내에게/꿈대로/막다른 골목의 추억/바다의 뚜껑/시간을 달리는 소녀/아무도 지켜주지 않아/키나코:견습 경찰견 이야기/키친/한오치/해녀 양씨/행복한 사전총 13 편,,2019.03.22.금 ~ 03.31.일,,미부착,,개방 가능,공공누리 2~4유형,,,,O,,,,"저작권 보호되는 영화, 다수의 스틸컷",
1174,한국영상자료원,HOME > 시네마테크KOFA > 프로그램 > 지난 프로그램,지난 프로그램,해피투게더 독립영화,이월총 1 편,,2019.03.30.토,,미부착,,개방 가능,공공누리 2~4유형,,,,O,,,,"저작권 보호되는 영화, 다수의 스틸컷",
1175,한국영상자료원,HOME > 시네마테크KOFA > 프로그램 > 지난 프로그램,지난 프로그램,"영사, 영화와 극장의 모험","마티네/미녀와 건달/셜록 주니어/스플렌도르/시간의 흐름 속으로/시네마 천국/안녕, 용문객잔/에드 우드/에드워드/에비에이터/오늘 밤, 로맨스 극장에서/지상에서 가장 작은 쇼/휴고 (3D)총 13 편",,2019.04.02.화 ~ 04.18.목,,미부착,,개방 가능,공공누리 2~4유형,,,,O,,,,"저작권 보호되는 영화, 다수의 스틸컷",
1176,한국영상자료원,HOME > 시네마테크KOFA > 프로그램 > 지난 프로그램,지난 프로그램,프로그래머의 초이스,늑대의 혈족총 1 편,,2019.04.16.화 ~ 04.18.목,,미부착,,개방 가능,공공누리 2~4유형,,,,,O,,,"스틸컷 1장, 포스터 1장",
1177,한국영상자료원,HOME > 시네마테크KOFA > 프로그램 > 지난 프로그램,지난 프로그램,대담,조용한 열정총 1 편,,2019.04.17.수 ~ 04.20.토,,미부착,,개방 가능,공공누리 2~4유형,,,,O,O,,,스틸컷 1장,
1178,한국영상자료원,HOME > 시네마테크KOFA > 프로그램 > 지난 프로그램,지난 프로그램,장애인의 날 기념 배리어프리영화 상영회,심야식당 2(배리어프리)/오즈의 마법사(배리어프리)/이별까지 7일(배리어프리)총 3 편,,2019.04.19.금 ~ 04.20.토,,미부착,,개방 가능,공공누리 2~4유형,,,,O,,,,"저작권 보호되는 영화, 다수의 스틸컷",
1179,한국영상자료원,HOME > 시네마테크KOFA > 프로그램 > 지난 프로그램,지난 프로그램,해피투게더 독립영화,마담 B총 1 편,,2019.04.20.토,,미부착,,개방 가능,공공누리 2~4유형,,,,O,,,,"저작권 보호되는 영화, 다수의 스틸컷",
1180,한국영상자료원,HOME > 시네마테크KOFA > 프로그램 > 지난 프로그램,지난 프로그램,"인디곳간, 독립영화 아카이브",개의 역사/플레이 온총 2 편,,2019.04.21.일,,미부착,,개방 가능,공공누리 2~4유형,,,,O,,,,"저작권 보호되는 영화, 다수의 스틸컷",
1181,한국영상자료원,HOME > 시네마테크KOFA > 프로그램 > 지난 프로그램,지난 프로그램,"좋았다니, 다시 한 번! 아시아나국제단편영화제 2019 순회상영전",Program 2: Life Is Short! (5편)/Program 3: 발칙한 상상력 전 (5편)/Program I: 아시프 화제작 전 (5편)총 3 편,,2019.04.23.화 ~ 04.24.수,,미부착,,개방 가능,공공누리 2~4유형,,,,O,O,,,스틸컷 1장씩,
1182,한국영상자료원,HOME > 시네마테크KOFA > 프로그램 > 지난 프로그램,지난 프로그램,제10회 DMZ국제다큐영화제 수상작 앵콜상영회,공사의 희로애락/그루잠/늑대와 일곱 아이들/로그북/싱크홀 가족/야광/엘리펀트 보이/자화상: 47km 너머의 스핑크스/즐거운 나의 집총 9 편,,2019.04.25.목 ~ 04.27.토,,미부착,,개방 가능,공공누리 2~4유형,,,,O,,,,"저작권 보호되는 영화, 다수의 스틸컷",
1183,한국영상자료원,HOME > 시네마테크KOFA > 프로그램 > 지난 프로그램,지난 프로그램,제8회 필름게이트 단편영화제,섹션 1. 제8회 필름게이트 단편영화제(1)/섹션 2. 제8회 필름게이트 단편영화제(2)/섹션 3. 제5회 필름게이트 앵콜전/섹션 4. 제6회 필름게이트 앵콜전/섹션 5. 제7회 필름게이트 앵콜전총 5 편,,2019.04.28.일 ~ 04.30.화,,미부착,,개방 가능,공공누리 2~4유형,,,,O,O,,,스틸컷 여러장 붙인 소개자료,
1184,한국영상자료원,HOME > 시네마테크KOFA > 프로그램 > 지난 프로그램,지난 프로그램,"한국영화 100주년 기념 '발굴, 복원 그리고 재창조'","2001 스페이스 오디세이/개막식 + 필름 판소리, 춘향/공산영우/공포의 숨소리/귀로/꽃잎/넘버 3/달의 애인들/대심청전/대심청전/대원군/두 여자/마법선/무궁화 동산/미국 이야기/미몽(죽음의 자장가)/미스염의 순정시절/사진/설국열차/성춘향/성춘향/수치의 거리/시실리2km/심봤다/아빠품에/아파트 열쇠를 빌려드립니다/악마와 미녀(3D)/오데트/이 땅에도 저 별빛을/입양/제7의 봉인/지난 해 마리앙바드에서/짝코/풍겁/필름 판소리, 춘향총 35 편",,2019.05.02.목 ~ 05.31.금,,미부착,,개방 가능,공공누리 2~4유형,,,,O,,,,"저작권 보호되는 영화, 다수의 스틸컷",
1185,한국영상자료원,HOME > 시네마테크KOFA > 프로그램 > 지난 프로그램,지난 프로그램,<리틀 드러머 걸: 감독판> 6시간 정주행 앵콜 상영회,"리틀 드러머 걸: 감독판 part 1, 2/리틀 드러머 걸: 감독판 part 3, 4/리틀 드러머 걸: 감독판 part 5, 6총 3 편",,2019.05.04.토 ~ 05.05.일,,미부착,,개방 가능,공공누리 2~4유형,,,,O,,,,"저작권 보호되는 영화, 다수의 스틸컷",
1186,한국영상자료원,HOME > 시네마테크KOFA > 프로그램 > 지난 프로그램,지난 프로그램,프로그래머의 초이스,야생총 1 편,,2019.05.15.수 ~ 05.18.토,,미부착,,개방 가능,공공누리 2~4유형,,,,O,O,,,스틸컷 2장,
1187,한국영상자료원,HOME > 시네마테크KOFA > 프로그램 > 지난 프로그램,지난 프로그램,대담,로데오 카우보이총 1 편,,2019.05.22.수 ~ 05.25.토,,미부착,,개방 가능,공공누리 2~4유형,,,,O,,,,"저작권 보호되는 영화, 다수의 스틸컷",
1188,한국영상자료원,HOME > 시네마테크KOFA > 프로그램 > 지난 프로그램,지난 프로그램,"한국영화 100년 '세계 속의 한국영화, 한국 안의 세계영화'",007 나를 사랑한 스파이/007 위기일발/괴물/극한직업/달마가 동쪽으로 간 까닭은?/마부/미워도 다시 한 번/밀양/별들의 고향/보헤미안 랩소디/소름/쉬리/어둠의 자식들/올드보이/위로공단/인터스텔라/장미빛 인생/지슬 - 끝나지않은 세월2/취화선/킬링 필드/타이타닉/플란다스의 개/피막/하하하/화녀총 25 편,,2019.06.01.토 ~ 06.23.일,,미부착,,개방 가능,공공누리 2~4유형,,,,O,,,,"저작권 보호되는 영화, 다수의 스틸컷",
1189,한국영상자료원,HOME > 시네마테크KOFA > 프로그램 > 지난 프로그램,지난 프로그램,프로그래머의 초이스,오버 데어총 1 편,,2019.06.12.수 ~ 06.16.일,,미부착,,개방 가능,공공누리 2~4유형,,,,O,O,,,스틸컷 2장,
1190,한국영상자료원,HOME > 시네마테크KOFA > 프로그램 > 지난 프로그램,지난 프로그램,대담,당신과 함께한 순간들총 1 편,,2019.06.19.수 ~ 06.21.금,,미부착,,개방 가능,공공누리 2~4유형,,,,O,,,,"저작권 보호되는 영화, 다수의 스틸컷",
1191,한국영상자료원,HOME > 시네마테크KOFA > 프로그램 > 지난 프로그램,지난 프로그램,영화와 공간: 도쿄,가을이 오다/굴뚝이 보이는 곳/담뽀뽀/대나무집/도쿄 소나타/도쿄!/도쿄가/동경 방랑자/동경 이야기/들개/블레이드 러너: 파이널 컷/스자키 파라다이스/신 고질라/신주쿠의 도둑일기/아무도 모른다/아키라/언어의 정원/여자가 계단을 오를 때/이른 봄/일본 곤충기/장미의 행렬/카페 뤼미에르/컬러풀/흐르다총 24 편,,2019.07.02.화 ~ 07.21.일,,미부착,,개방 가능,공공누리 2~4유형,,,,O,,,,"저작권 보호되는 영화, 다수의 스틸컷",
1192,한국영상자료원,HOME > 시네마테크KOFA > 프로그램 > 지난 프로그램,지난 프로그램,"언니네트워크×연분홍치마 창립15주년기념 토크쇼 [여성주의, 스토리텔링을 질문하다]","여성주의, 스토리텔링을 질문하다총 1 편",,2019.07.04.목,,미부착,,개방 가능,공공누리 1유형,,,,,O,,,"단순 이미지, 저작물성 없음",
1193,한국영상자료원,HOME > 시네마테크KOFA > 프로그램 > 지난 프로그램,지난 프로그램,프로그래머의 초이스,안도 타다오총 1 편,,2019.07.17.수 ~ 07.20.토,,미부착,,개방 가능,공공누리 2~4유형,,,,O,,,,"저작권 보호되는 영화, 다수의 스틸컷",
1194,한국영상자료원,HOME > 시네마테크KOFA > 프로그램 > 지난 프로그램,지난 프로그램,대담,지구 최후의 밤총 1 편,,2019.07.19.금,,미부착,,개방 가능,공공누리 2~4유형,,,,O,,,,"저작권 보호되는 영화, 다수의 스틸컷",
1195,한국영상자료원,HOME > 시네마테크KOFA > 프로그램 > 지난 프로그램,지난 프로그램,"인디곳간, 독립영화 아카이브",섹션1. 오늘을 걷다보면 내일이 올까/섹션2. 영화를 사랑한다면 이들처럼/섹션3. 속 깊은 우리네 이야기총 3 편,,2019.07.23.화 ~ 07.24.수,,미부착,,개방 가능,공공누리 2~4유형,,,,O,O,,,스틸컷 여러장 붙인 소개자료,
1196,한국영상자료원,HOME > 시네마테크KOFA > 프로그램 > 지난 프로그램,지난 프로그램,제 16회 서울국제실험영화페스티벌,1960년대 '극장' 잡지: 모더니즘의 출현과 대만의 실험영화 /Asia Forum 2 1960년대 대만의 영화실험/EX-Choice 1 톰 앤더슨 & 파울로 지올리/EX-Choice 10 쥐안치/EX-Choice 5 스크리닝 룸: 스탠디시 로더 & 스탠리 카벨/EX-Choice 6 조이스 윌랜드/EX-Choice 7 츠지모토 노리아키/EX-Choice 8 스웨덴 실험영화의 역사/EX-Choice 9 레이몽드 카라스코/EX-Now 4 국제경쟁/EX-Retro 1 래리 고트하임/EX-Retro 2 래리 고트하임/EXiS2019 개막식/EXiS2019 폐막식/Indi-Visual 1 사미 반 잉엔/Indi-Visual 2 제시 맥린/Indi-Visual 3 크리스티앙 르브라 + 예술적 몸짓과 기술적 장치/고베 플래닛 필름 아카이브 초기일본영화 1900-1924 컬렉션/근대 시각교육 미디어 - 환등회幻燈會/상하이 초기영화 공간의 재위치 1897~1927/선착순 상영회총 21 편,,2019.07.24.수 ~ 07.31.수,,미부착,,개방 가능,공공누리 1유형,,,,,O,,,"단순 소개 이미지, 저작물성 없음",
1197,한국영상자료원,HOME > 시네마테크KOFA > 프로그램 > 지난 프로그램,지난 프로그램,어른들을 위한 여름방학 특선: 강시,93 강시선생(강시선생 5)/강시선생/강시선생 - 일미도인/강시선생 2/강시소자(유환도사 1)/귀타귀/영환지존(귀타귀 3)/천외천소자(강시소자 2)/헬로강시(유환도사 2)총 9 편,,2019.07.27.토 ~ 08.04.일,,미부착,,개방 가능,공공누리 2~4유형,,,,O,,,,"저작권 보호되는 영화, 다수의 스틸컷",
1198,한국영상자료원,HOME > 시네마테크KOFA > 프로그램 > 지난 프로그램,지난 프로그램,"나쁜 여자, 이상한 여자, 죽이는 여자 : 여성캐릭터로 보는 한국영화 100년",마녀/마더/미옥/바람난 가족/박쥐 : 감독판/사방지/살인마/여고괴담 두번째 이야기/유정검화/지옥화/충녀/홍콩에서 온 마담장총 12 편,,2019.08.06.화 ~ 08.18.일,,미부착,,개방 가능,공공누리 2~4유형,,,,O,,,,"저작권 보호되는 영화, 다수의 스틸컷",
1199,한국영상자료원,HOME > 시네마테크KOFA > 프로그램 > 지난 프로그램,지난 프로그램,프로그래머의 초이스,레이디 맥베스총 1 편,,2019.08.07.수 ~ 08.10.토,,미부착,,개방 가능,공공누리 2~4유형,,,,O,,,,"저작권 보호되는 영화, 다수의 스틸컷",
1200,한국영상자료원,HOME > 시네마테크KOFA > 프로그램 > 지난 프로그램,지난 프로그램,대담,더 위치총 1 편,,2019.08.08.목 ~ 08.13.화,,미부착,,개방 가능,공공누리 2~4유형,,,,O,O,,,"스틸컷 2장, 소개자료",
1201,한국영상자료원,HOME > 시네마테크KOFA > 프로그램 > 지난 프로그램,지난 프로그램,김소영의 망명 3부작,고려 아리랑: 천산의 디바/굿바이 마이 러브NK: 붉은 청춘/눈의 마음 : 슬픔이 우리를 데려가는 곳총 3 편,,2019.08.11.일,,미부착,,개방 가능,공공누리 2~4유형,,,,O,,,,"저작권 보호되는 영화, 다수의 스틸컷",
1202,한국영상자료원,HOME > 시네마테크KOFA > 프로그램 > 지난 프로그램,지난 프로그램,"8.15 광복 기념, 저항과 연대",어폴로지/항거:유관순 이야기총 2 편,,2019.08.15.목,,미부착,,개방 가능,공공누리 2~4유형,,,,O,,,,"저작권 보호되는 영화, 다수의 스틸컷",
1203,한국영상자료원,HOME > 시네마테크KOFA > 프로그램 > 지난 프로그램,지난 프로그램,서울드라마어워즈 2019 TV 영화제,김씨네 편의점 시즌1~3/라디오 사일런스/리틀 드러머 걸: 감독판/바우하우스/빌리/조나스/플리백 시즌2 EP1~6/향밀침침신여상 EP1~2총 8 편,,2019.08.16.금 ~ 09.01.일,,미부착,,개방 가능,공공누리 2~4유형,,,,,O,,,영화별 소개 스틸컷 1장,
1204,한국영상자료원,HOME > 시네마테크KOFA > 프로그램 > 지난 프로그램,지난 프로그램,개인적인 것이 정치적인 것이다': 독일여성영화감독전,모든 면에서 축소된 인격-리듀퍼스/겨울에의 작별/나는 하와이를 자주 생각한다/나의 피부아래/다시는 잠들지 않으리/독일 자매/아홉번의 삶을 사는 고양이/운명인가? /자전거/잠금된 시간/지붕 위의 비둘기/포석 아래 해변총 12 편,,2019.08.20.화 ~ 09.01.일,,미부착,,개방 가능,공공누리 2~4유형,,,,,O,,,영화별 소개 스틸컷 1장,
1205,한국영상자료원,HOME > 시네마테크KOFA > 프로그램 > 지난 프로그램,지난 프로그램,프로그래머의 초이스,알리스 T/폴링총 2 편,,2019.08.29.목 ~ 09.20.금,,미부착,,개방 가능,공공누리 2~4유형,,,,,O,,,영화별 소개 스틸컷 1장,
1206,한국영상자료원,HOME > 시네마테크KOFA > 프로그램 > 지난 프로그램,지난 프로그램,"필름 시대, 한국영화 희/로/애/락",007 폭소판 살살이 몰랐지?/갈채/고고70/공동경비구역 J.S.A/님은 먼곳에/당나귀 무법자/도시로 간 처녀/돈을 갖고 튀어라/동굴 속의 애욕/마누라 죽이기/마의 계단/멋진 하루/미녀는 괴로워/번지점프를 하다/불가사리/사르빈강에 노을이 진다/아름다운 청년 전태일/안개는 여자처럼 속삭인다/오부자/운수대통 일보직전/정글스토리/지상에서 영으로/진짜 진짜 잊지마/차우/청춘쌍곡선/청춘의 덫/킬러들의 수다/편지/황산벌/효자동 이발사총 30 편,,2019.09.03.화 ~ 10.06.일,,미부착,,개방 가능,공공누리 2~4유형,,,,O,,,,"저작권 보호되는 영화, 다수의 스틸컷",
1207,한국영상자료원,HOME > 시네마테크KOFA > 프로그램 > 지난 프로그램,지난 프로그램,대담,밀라총 1 편,,2019.09.17.화 ~ 09.20.금,,미부착,,개방 가능,공공누리 2~4유형,,,,O,O,,,스틸컷 여러장 붙인 소개자료,
1208,한국영상자료원,HOME > 시네마테크KOFA > 프로그램 > 지난 프로그램,지난 프로그램,"나쁜 여자, 이상한 여자, 죽이는 여자 : 여성캐릭터로 보는 한국영화 100년 <비밀은 없다> 특별상영",비밀은 없다총 1 편,,2019.09.21.토,,미부착,,개방 가능,공공누리 2~4유형,,,,O,,,,"저작권 보호되는 영화, 다수의 스틸컷",
1209,한국영상자료원,HOME > 시네마테크KOFA > 프로그램 > 지난 프로그램,지난 프로그램,영화로 세계를 논하다 #1 '책과 책방',논-픽션총 1 편,,2019.09.26.목 ~ 09.29.일,,미부착,,개방 가능,공공누리 2~4유형,,,,O,,,,"저작권 보호되는 영화, 다수의 스틸컷",
1210,한국영상자료원,HOME > 시네마테크KOFA > 프로그램 > 지난 프로그램,지난 프로그램,"퐁당퐁당의 저주, 할 수 있는 자가 구하라",그녀들을 도와줘/데드 돈 다이/돈 워리/돈키호테를 죽인 사나이/러브리스/밤쉘/북클럽/아녜스가 말하는 바르다/퍼스트 리폼드/해피엔드/행복한 라짜로총 11 편,,2019.10.03.목 ~ 10.15.화,,미부착,,개방 가능,공공누리 2~4유형,,,,O,,,,"저작권 보호되는 영화, 다수의 스틸컷",
1211,한국영상자료원,HOME > 시네마테크KOFA > 프로그램 > 지난 프로그램,지난 프로그램,인도 영화제,개막식+시크릿 슈퍼스타/랏챠시/우마/춤바크/페란부/하누만 vs 마히라바나총 6 편,,2019.10.16.수 ~ 10.20.일,,미부착,,개방 가능,공공누리 2~4유형,,,,O,,,,"저작권 보호되는 영화, 다수의 스틸컷",
1212,한국영상자료원,HOME > 시네마테크KOFA > 프로그램 > 지난 프로그램,지난 프로그램,<지구를 지켜라!> & <인정사정 볼 것 없다> 4K 디지털 복원 기념 특별 상영,인정사정 볼것 없다/지구를 지켜라!총 2 편,,2019.10.20.일 ~ 10.23.수,,미부착,,개방 가능,공공누리 2~4유형,,,,O,,,,"저작권 보호되는 영화, 다수의 스틸컷",
1213,한국영상자료원,HOME > 시네마테크KOFA > 프로그램 > 지난 프로그램,지난 프로그램,조지아 영화제,데데/모이라/스캐어리 마더/피로스마니/하우스 오브 아더스총 5 편,,2019.10.22.화 ~ 10.25.금,,미부착,,개방 가능,공공누리 2~4유형,,,,,O,,,영화별 스틸컷 1장. 소개자료,
1214,한국영상자료원,HOME > 시네마테크KOFA > 프로그램 > 지난 프로그램,지난 프로그램,대담,비탈리나 바렐라총 1 편,,2019.10.26.토,,미부착,,개방 가능,공공누리 2~4유형,,,,O,O,,,스틸컷 1장,
1215,한국영상자료원,HOME > 시네마테크KOFA > 프로그램 > 지난 프로그램,지난 프로그램,프로그래머의 초이스,체 게바라: 1부 아르헨티나/체 게바라: 2부 게릴라총 2 편,,2019.10.26.토 ~ 10.29.화,,미부착,,개방 가능,공공누리 2~4유형,,,,O,,,,"저작권 보호되는 영화, 다수의 스틸컷",
1216,한국영상자료원,HOME > 시네마테크KOFA > 프로그램 > 지난 프로그램,지난 프로그램,나의 친애하는 한국영화,싸이보그지만 괜찮아/증인/초우/최후의 증인총 4 편,,2019.10.27.일 ~ 11.02.토,,미부착,,개방 가능,공공누리 2~4유형,,,,O,,,,"저작권 보호되는 영화, 다수의 스틸컷",
1217,한국영상자료원,HOME > 시네마테크KOFA > 프로그램 > 지난 프로그램,지난 프로그램,영화로 세계를 논하다 #2 'SF와 상상력의 확장',컨택트총 1 편,,2019.10.29.화 ~ 10.31.목,,미부착,,개방 가능,공공누리 2~4유형,,,,,O,,,"포스터 3장, 소개자료",
1218,한국영상자료원,HOME > 시네마테크KOFA > 프로그램 > 지난 프로그램,지난 프로그램,KOFA's 인디-챕터,겨울밤에총 1 편,,2019.10.30.수,,미부착,,개방 가능,공공누리 2~4유형,,,,O,,,,"저작권 보호되는 영화, 다수의 스틸컷",
1219,한국영상자료원,HOME > 시네마테크KOFA > 프로그램 > 지난 프로그램,지난 프로그램,영자네 사랑방,돌연변이/준하의 행성총 2 편,,2019.10.30.수 ~ 10.31.목,,미부착,,개방 가능,공공누리 2~4유형,,,,O,,,,"저작권 보호되는 영화, 다수의 스틸컷",
1220,한국영상자료원,HOME > 시네마테크KOFA > 프로그램 > 지난 프로그램,지난 프로그램,한국 독립영화의 재탄생: 디지털 리마스터링 & 복원전,낮은 목소리 2/낮은 목소리 3 - 숨결/닫힌 교문을 열며/송환/수리세+파랑새/아침과 저녁 사이+강의 남쪽/오! 꿈의 나라/우중산책+와이키키 브라더스/파업전야총 9 편,,2019.11.01.금 ~ 11.07.목,,미부착,,개방 가능,공공누리 2~4유형,,,,O,,,,"저작권 보호되는 영화, 다수의 스틸컷",
1221,한국영상자료원,HOME > 시네마테크KOFA > 프로그램 > 지난 프로그램,지난 프로그램,독립영화 쇼케이스: 현대사를 움직이는 얼굴들,기억의 전쟁/나의 노래: 메아리/빨간 벽돌/스물다섯번째 시간/외롭고 높고 쓸쓸한/평행선총 6 편,,2019.11.01.금 ~ 11.03.일,,미부착,,개방 가능,공공누리 2~4유형,,,,O,,,,"저작권 보호되는 영화, 다수의 스틸컷",
1222,한국영상자료원,HOME > 시네마테크KOFA > 프로그램 > 지난 프로그램,지난 프로그램,"경계를 넘어서: 장민승, 임흥순, 박경근",군대/려행/오버 데어+입석 부근/청계천 메들리총 4 편,,2019.11.03.일 ~ 12.01.일,,미부착,,개방 가능,공공누리 2~4유형,,,,O,,,,"저작권 보호되는 영화, 다수의 스틸컷",
1223,한국영상자료원,HOME > 시네마테크KOFA > 프로그램 > 지난 프로그램,지난 프로그램,인디다큐 시간여행: 한국 독립다큐멘터리의 목소리 - 인터뷰와 함께 쓰는 역사,3xFTM/강정 인터뷰 프로젝트 PART 1/강정 인터뷰 프로젝트 PART 2/과거는 낯선 나라다/돌 속에 갇힌 말 - 구로구청 부정투표함 항의농성사건/생리해주세요+시국페미+핑크페미/수리세+감정의 시대: 서비스 노동의 관계미학+일/주민등록증을 찢어라!/파산의 기술記述/흩어지면 죽는다+벼랑에 선 도시 빈민총 10 편,,2019.11.08.금 ~ 11.14.목,,미부착,,개방 가능,공공누리 2~4유형,,,,O,,,,"저작권 보호되는 영화, 다수의 스틸컷",
1224,한국영상자료원,HOME > 시네마테크KOFA > 프로그램 > 지난 프로그램,지난 프로그램,프로그래머의 초이스,가족여행총 1 편,,2019.11.13.수 ~ 11.17.일,,미부착,,개방 가능,공공누리 2~4유형,,,,O,,,,"저작권 보호되는 영화, 다수의 스틸컷",
1225,한국영상자료원,HOME > 시네마테크KOFA > 프로그램 > 지난 프로그램,지난 프로그램,"위 게더, 해피투게더! 독립영화","낮술/불청객/뽀삐 + 요세미티와 나/셔틀콕/스틸 플라워/왕자가 된 소녀들/우린 액션배우다/지금, 이대로가 좋아요/파닥파닥/파수꾼/회오리 바람총 11 편",,2019.11.14.목 ~ 11.28.목,,미부착,,개방 가능,공공누리 2~4유형,,,,O,,,,"저작권 보호되는 영화, 다수의 스틸컷",
1226,한국영상자료원,HOME > 시네마테크KOFA > 프로그램 > 지난 프로그램,지난 프로그램,제9회 서울배리어프리영화제,고양이 여행 리포트(배리어프리)/기생충(배리어프리)/김복동(배리어프리)/미래의 미라이(배리어프리)/배리어프리 단편 애니메이션 (2편) 메밀꽃 필 무렵 / 무림일검의 사생활 /봉오동 전투(배리어프리)/사랑방 손님과 어머니(배리어프리)/시집가는 날(배리어프리)/엑시트(배리어프리)/오즈의 마법사(배리어프리)/일 포스티노(배리어프리)/커다랗고 커다랗고 커다란 배(배리어프리)/한글자막 단편애니메이션 섹션1/한글자막 단편애니메이션 섹션2총 14 편,,2019.11.20.수 ~ 11.24.일,,미부착,,개방 가능,공공누리 2~4유형,,,,O,,,,"저작권 보호되는 영화, 다수의 스틸컷",
1227,한국영상자료원,HOME > 시네마테크KOFA > 프로그램 > 지난 프로그램,지난 프로그램,영화로 세계를 논하다 #3 영화에서 '탐정'의 재현,언더 더 실버 레이크총 1 편,,2019.11.26.화,,미부착,,개방 가능,공공누리 2~4유형,,,,O,,,,"저작권 보호되는 영화, 다수의 스틸컷",
1228,한국영상자료원,HOME > 시네마테크KOFA > 프로그램 > 지난 프로그램,지난 프로그램,인디곳간: 독립영화 아카이브 강연,"독립영화인을 위한 아카이빙 전략, 나의 작품을 보존하기 위한 실용적 방안총 1 편",,2019.11.27.수,,미부착,,개방 가능,공공누리 1유형,,,,,O,,,"강연 소개 이미지, 저작물성 없음",
1229,한국영상자료원,HOME > 시네마테크KOFA > 프로그램 > 지난 프로그램,지난 프로그램,"한국영화 100년, 과거·현재·미래의 만남 : 2019 대한민국예술원 연영무전(영화부문)",[개막식] 갯마을/내시/밀월/티켓/하얀전쟁총 5 편,,2019.11.28.목 ~ 11.30.토,,미부착,,개방 가능,공공누리 2~4유형,,,,O,,,,"저작권 보호되는 영화, 다수의 스틸컷",
1230,한국영상자료원,HOME > 시네마테크KOFA > 프로그램 > 지난 프로그램,지난 프로그램,세계영화사의 순간들,"<국가의 탄생> 이전의 그리피스, 고전적인 영화 문법의 탄생 (그리고 계속)/다시 한 번, 영화에서 달린다는 문제에 대해서/루이 푀이야드, 혹은 미장센의 고고학/영화를 보는 기쁨, 말하자면 첫번째 영화적인 관객에 관하여/이마 베프총 5 편",,2019.11.30.토 ~ 12.28.토,,미부착,,개방 가능,공공누리 2~4유형,,,,O,,,,"저작권 보호되는 영화, 다수의 스틸컷",
1231,한국영상자료원,HOME > 시네마테크KOFA > 프로그램 > 지난 프로그램,지난 프로그램,프로그래머의 초이스,지구 최후의 밤총 1 편,,2019.12.04.수 ~ 12.08.일,,미부착,,개방 가능,공공누리 2~4유형,,,,O,,,,"저작권 보호되는 영화, 다수의 스틸컷",
1232,한국영상자료원,HOME > 시네마테크KOFA > 프로그램 > 지난 프로그램,지난 프로그램,태평양 동맹 영화제 2019,40세에/내 방식대로 II /더 드래곤 디펜스/마테오/야수/육체의 복음/좋은 여자들/천국에 간 비올레타총 8 편,,2019.12.10.화 ~ 12.15.일,,미부착,,개방 가능,공공누리 2~4유형,,,,,O,,,영화별 스틸컷 1장,
1233,한국영상자료원,HOME > 시네마테크KOFA > 프로그램 > 지난 프로그램,지난 프로그램,MoMA의 재발견 - <로지타>와 폭스사의 영화들,거리의 천사/로지타/미 앤 마이 갤/배드 걸/제7의 천국/퀵 밀리온즈/트랜스아틀란틱총 7 편,,2019.12.10.화 ~ 12.15.일,,미부착,,개방 가능,공공누리 1유형,,,,,O,,,"모두 1963년 이전 외국 영화, 저작권 보호기간 만료",
1234,한국영상자료원,HOME > 시네마테크KOFA > 프로그램 > 지난 프로그램,지난 프로그램,2019 사사로운 영화 리스트,경계선/더 페이버릿: 여왕의 여자/라 플로르 Part 1/라 플로르 Part 2 /라 플로르 Part 3 /라스트 미션/리베르떼/미드소마/배신자/사마에게/서스페리아/원스 어폰 어 타임... 인 할리우드 /이사도라의 아이들/조커/타오르는 여인의 초상/파이어 윌 컴/화이트 온 화이트총 17 편,,2019.12.24.화 ~ 01.10.금,,미부착,,개방 가능,공공누리 2~4유형,,,,O,,,,"저작권 보호되는 영화, 다수의 스틸컷",
1235,한국영상자료원,HOME > 시네마테크KOFA > 프로그램 > 지난 프로그램,지난 프로그램,"독립영화 연말정산, 13월의 보너스",내가 사는 세상/메기/벌새/보희와 녹양/삽질/아워 바디/어른이 되면/우리집/졸업/칠곡 가시나들/한강에게총 11 편,,2020.01.11.토 ~ 01.23.목,,미부착,,개방 가능,공공누리 2~4유형,,,,O,,,,"저작권 보호되는 영화, 다수의 스틸컷",
1236,한국영상자료원,HOME > 시네마테크KOFA > 프로그램 > 지난 프로그램,지난 프로그램,프로그래머의 초이스,델마총 1 편,,2020.01.15.수 ~ 01.23.목,,미부착,,개방 가능,공공누리 2~4유형,,,,O,,,,"저작권 보호되는 영화, 다수의 스틸컷",
1237,한국영상자료원,HOME > 시네마테크KOFA > 프로그램 > 지난 프로그램,지난 프로그램,제8회 재팬파운데이션 무비 페스티벌,강아지 마메시바/개에게 처음 이름을 지어준 날/고양이 여행 리포트/괴담/굿'바이: Good & Bye/꿈은 소의 수의사/날씨의 아이/도데스카덴/마다다요/마메시바 이치로 3D/아무도 지켜주지 않아/야성의 여인/어느 가족/진흙강/행복 목욕탕총 15 편,,2020.01.28.화 ~ 02.09.일,,미부착,,개방 가능,공공누리 2~4유형,,,,,O,,,영화별 스틸컷 1장,
1238,한국영상자료원,HOME > 시네마테크KOFA > 프로그램 > 지난 프로그램,지난 프로그램,<아이리시맨> 특별상영,아이리시맨총 1 편,,2020.02.11.화 ~ 02.19.수,,미부착,,개방 가능,공공누리 2~4유형,,,,,O,,,영화별 스틸컷 1장,
1239,한국영상자료원,HOME > 시네마테크KOFA > 프로그램 > 지난 프로그램,지난 프로그램,시네마테크KOFA가 주목한 2019년 한국영화,강변호텔/김군/메기/미성년/벌새/아워 바디/얼굴들/윤희에게/이월총 9 편,,2020.02.11.화 ~ 02.21.금,,미부착,,개방 가능,공공누리 2~4유형,,,,,O,,,영화별 스틸컷 1장,
1240,한국영상자료원,HOME > 시네마테크KOFA > 프로그램 > 지난 프로그램,지난 프로그램,2월 프로그래머의 초이스,"그녀, 잉그리드 버그만/여배우들의 티타임총 2 편",,2020.02.12.수 ~ 02.20.목,,미부착,,개방 가능,공공누리 2~4유형,,,,,O,,,영화별 스틸컷 1장,
1241,한국영상자료원,HOME > 시네마테크KOFA > 프로그램 > 지난 프로그램,지난 프로그램,오렌지필름 MIXTAPE : Vol. 5,섹션1 (늙은 연꽃 / 아주 조금의 자유 / 비하인더 홀)/섹션2 (상주 / 유빙 / 안녕 내사랑)/섹션3 (해미를 찾아서 / 완벽한 내일 / 그 여름에 봄)/섹션4 (별들은 속삭인다 / 공차적응 / 유월)총 4 편,,2020.02.22.토 ~ 02.23.일,,미부착,,개방 가능,공공누리 2~4유형,,,,O,O,,,스틸컷 여러장 붙인 소개자료,
1242,한국영상자료원,HOME > 시네마테크KOFA > 프로그램 > 지난 프로그램,지난 프로그램,5·18 민주화운동 40주년 기념 특별전,5.18 힌츠페터 스토리/A WALL / 옥상자국 / 꽃피는 철길/국풍 / 자유광주 / 칸트씨의 발표회/김군/꽃잎/박하사탕/부활의 노래/오! 꿈의 나라/오월상생/봄날/속삭이는 잔해와 소리없이 떨어지는 잎들/오월愛/외롭고 높고 쓸쓸한/택시운전사/화려한 휴가/황무지총 14 편,,2020.05.16.토 ~ 05.24.일,,미부착,,개방 가능,공공누리 2~4유형,,,,O,O,,,"꽃잎(1996,로그인 후VOD서비스), 다수의 스틸컷",
1243,한국영상자료원,HOME > 시네마테크KOFA > 프로그램 > 지난 프로그램,지난 프로그램,5월 프로그래머의 초이스,도주하는 아이/라라걸총 2 편,,2020.05.21.목 ~ 05.24.일,,미부착,,개방 가능,공공누리 2~4유형,,,,O,,,,"저작권 보호되는 영화, 다수의 스틸컷",
1244,한국영상자료원,HOME > 시네마테크KOFA > 프로그램 > 지난 프로그램,지난 프로그램,해피투게더 독립영화,밤의 문이 열린다총 1 편,,2020.05.23.토,,미부착,,개방 가능,공공누리 2~4유형,,,,O,,,,"저작권 보호되는 영화, 다수의 스틸컷",
1245,한국영상자료원,HOME > 시네마테크KOFA > 프로그램 > 지난 프로그램,지난 프로그램,애니메이션 기획전 : 일어나면 어쩌나,2020 우주의 원더키디/서울역/스타체이서-오린의 전설/아치와 씨팍/원더풀 데이즈/은하전설 테라/화산고래총 7 편,,2020.07.24.금 ~ 08.12.수,,미부착,,개방 가능,공공누리 2~4유형,,,,O,,,,"저작권 보호되는 영화, 다수의 스틸컷",
1246,한국영상자료원,HOME > 시네마테크KOFA > 프로그램 > 지난 프로그램,지난 프로그램,커피 & 시네마 : A Cup of KOFA,더 테이블/바그다드 카페: 디렉터스 컷/세상의 끝에서 커피 한잔/커피 느와르: 블랙 브라운/커피 인 베를린/커피와 담배/타이페이 카페 스토리총 7 편,,2020.07.24.금 ~ 08.09.일,,미부착,,개방 가능,공공누리 2~4유형,,,,O,,,,"저작권 보호되는 영화, 다수의 스틸컷",
1247,한국영상자료원,HOME > 시네마테크KOFA > 프로그램 > 지난 프로그램,지난 프로그램,7월 프로그래머의 초이스,델핀과 카롤/비 프리티 앤 셧 업총 2 편,,2020.07.25.토 ~ 08.06.목,,미부착,,개방 가능,공공누리 2~4유형,,,,,O,,,영화별 스틸컷 1장,
1248,한국영상자료원,HOME > 시네마테크KOFA > 프로그램 > 지난 프로그램,지난 프로그램,인디다큐 시간여행: 시민의 자기 훈련과 사회적 연대,"가현이들/단편 섹션 (행당동 사람들, 두리반 발전기, 퀴어의 방)/밀양, 반가운 손님/산다/쇼킹 패밀리/안녕 히어로/카메라 워/팬지와 담쟁이총 8 편",,2020.08.01.토 ~ 08.09.일,,미부착,,개방 가능,공공누리 2~4유형,,,,O,,,,"저작권 보호되는 영화, 다수의 스틸컷",
1249,한국영상자료원,HOME > 시네마테크KOFA > 프로그램 > 지난 프로그램,지난 프로그램,"시네마x문학: <엠마>, <갈매기>, <카잔자키스>",갈매기/엠마/카잔자키스총 3 편,,2020.08.13.목 ~ 10.18.일,,미부착,,개방 가능,공공누리 2~4유형,,,,O,,,,"저작권 보호되는 영화, 다수의 스틸컷",
1250,한국영상자료원,HOME > 시네마테크KOFA > 프로그램 > 지난 프로그램,지난 프로그램,8.15 광복 기념전: 지키고 싶은 것,대호총 1 편,,2020.08.15.토,,미부착,,개방 가능,공공누리 2~4유형,,,,O,,,,"저작권 보호되는 영화, 다수의 스틸컷",
1251,한국영상자료원,HOME > 시네마테크KOFA > 프로그램 > 지난 프로그램,지난 프로그램,[온라인] 풍문으로 들었소: '컬트적'인 한국영화,관속의 드라큐라/무서운 집/미지왕/바이오맨/삿갓쓴 장고/시실리2km (時失里 2km)/영구와 땡칠이/왜?/육식동물/하피총 10 편,,2020.08.25.화 ~ 09.07.월,,미부착,,개방 가능,공공누리 2~4유형,,,,O,,,,"저작권 보호되는 영화, 다수의 스틸컷",
1252,한국영상자료원,HOME > 시네마테크KOFA > 프로그램 > 지난 프로그램,지난 프로그램,[온라인] 9월 프로그래머의 초이스,빈 스크린 또는 영화의 형이상학/지난 해 다하우에서/콘라드 바이트/프라이빗 스크리닝총 4 편,,2020.09.15.화 ~ 09.21.월,,미부착,,개방 가능,공공누리 2~4유형,,,,,O,,,영화 소개 스틸컷 1장씩,
1253,한국영상자료원,HOME > 시네마테크KOFA > 프로그램 > 지난 프로그램,지난 프로그램,[온라인] “다리로 따귀 치는” 태권 액션: '이두용 표' 액션 영화,돌아온 외다리/분노의 왼발/용호대련/죽엄의 다리총 4 편,,2020.09.21.월 ~ 09.28.월,,미부착,,개방 가능,공공누리 2~4유형,,,,O,,,,"저작권 보호되는 영화, 다수의 스틸컷",
1254,한국영상자료원,HOME > 시네마테크KOFA > 프로그램 > 지난 프로그램,지난 프로그램,파스빈더-슈뢰터-벤더스,[온라인] 몬도 룩스: 베르너 슈뢰터의 영화세계/[온라인] 빔 벤더스: 청년시대/[온라인] 파스빈더: 요구없는 사랑/룸 666 / 아길라/마리아 브라운의 결혼/빗나간 행동/성스러운 창녀에 주목하라/시간의 흐름속으로/윌로우 스프링스/카첼마허/페널티 킥을 맞은 골키퍼의 불안총 11 편,,2020.10.08.목 ~ 11.01.일,,미부착,,개방 가능,공공누리 2~4유형,,,,O,,,,"저작권 보호되는 영화, 다수의 스틸컷",
1255,한국영상자료원,HOME > 시네마테크KOFA > 프로그램 > 지난 프로그램,지난 프로그램,[온라인] 센트럴파크 10주년 기념전: 오늘이 어제와 마주 하는 법,글리제/눈부신 밤/동백꽃이 피면/미나/보강촬영/복숭아/아지랑이/안부/여름밤의 소리/졸업총 10 편,,2020.10.12.월 ~ 10.26.월,,미부착,,개방 가능,공공누리 2~4유형,,,,O,,,,"저작권 보호되는 영화, 다수의 스틸컷",
1256,한국영상자료원,HOME > 시네마테크KOFA > 프로그램 > 지난 프로그램,지난 프로그램,10월 프로그래머의 초이스,네 멋대로 해라: 장 뤽 고다르/프리츠 랑총 2 편,,2020.10.13.화 ~ 10.18.일,,미부착,,개방 가능,공공누리 2~4유형,,,,O,,,,"저작권 보호되는 영화, 다수의 스틸컷",
1257,한국영상자료원,HOME > 시네마테크KOFA > 프로그램 > 지난 프로그램,지난 프로그램,영화와 공간: 타이페이,공포분자/남색대문/남편의 비밀/슈퍼 국민 코/안아재림초/애정만세/여섯 명의 용의자/월몽롱조몽롱/음식남녀/조니를 찾아서/청소년 나타/타이페이 삼만리/타이페이 스토리/타이페이의 1페이지/푸른 달/피노이 선데이/하나 그리고 둘총 17 편,,2020.10.13.화 ~ 11.24.화,,미부착,,개방 가능,공공누리 2~4유형,,,,O,,,,"저작권 보호되는 영화, 다수의 스틸컷",
1258,한국영상자료원,HOME > 시네마테크KOFA > 프로그램 > 지난 프로그램,지난 프로그램,[온라인] 배리어프리 x 애니메이션: 내 마음의 상상스케치,[온라인] 메밀꽃 필 무렵(배리어프리버전)/[온라인] 무림 일검의 사생활(배리어프리버전)/[온라인] 산책가(배리어프리버전)/[온라인] 소나기(배리어프리버전)/[온라인] 소중한 날의 꿈(배리어프리버전)/[온라인] 페루자(배리어프리버전)총 6 편,,2020.10.16.금 ~ 12.15.화,,미부착,,개방 가능,공공누리 2~4유형,,,,O,,,,"저작권 보호되는 영화, 다수의 스틸컷",
1259,한국영상자료원,HOME > 시네마테크KOFA > 프로그램 > 지난 프로그램,지난 프로그램,[온라인] Democracy at Work: 미국 선거 특별전,레프리젠트: 출마하는 여성들/리턴 오브 워 룸/선거 사무장/스트리트 파이트/앤서니 위너: 선거 이야기/예비선거/워 룸/일렉션 데이총 8 편,,2020.10.19.월 ~ 10.30.금,,미부착,,개방 가능,공공누리 2~4유형,,,,,O,,,영화별 스틸컷 1장 또는 포스터 1장,
1260,한국영상자료원,HOME > 시네마테크KOFA > 프로그램 > 지난 프로그램,지난 프로그램,[온라인] 인디다큐 시간여행: 초-현실의 다큐멘터리,거대 생명체들의 도시/골든라이트/나와 인형놀이/순환하는 밤/완성된 몸/초현실/폐경 폐경 1/환호성총 8 편,,2020.10.30.금 ~ 11.06.금,,미부착,,개방 가능,공공누리 2~4유형,,,,O,,,,"저작권 보호되는 영화, 다수의 스틸컷",
1261,한국영상자료원,HOME > 시네마테크KOFA > 프로그램 > 지난 프로그램,지난 프로그램,[온라인] 공존의 아름다움 1: 사랑하고 고마워!,고양이 춤/고양이 케디/고양이는 불러도 오지 않는다/고양이와 할아버지/나는 고양이로소이다/우리개 이야기/퀼총 7 편,,2020.10.30.금 ~ 11.05.목,,미부착,,개방 가능,공공누리 2~4유형,,,,O,,,,"저작권 보호되는 영화, 다수의 스틸컷",
1262,한국영상자료원,HOME > 시네마테크KOFA > 프로그램 > 지난 프로그램,지난 프로그램,저개발의 기억,노마 레이/루시아/만약/메이트원/사기꾼들/저개발의 기억총 6 편,,2020.11.03.화 ~ 11.08.일,,미부착,,개방 가능,공공누리 2~4유형,,,,,O,,,"영화별 스틸컷, 포스터 1장",
1263,한국영상자료원,HOME > 시네마테크KOFA > 프로그램 > 지난 프로그램,지난 프로그램,"[온라인] 최불암, 아버지의 얼굴",달려라 만석아/사람의 아들/영자의 전성시대/최후의 증인/파계총 5 편,,2020.11.06.금 ~ 11.11.수,,미부착,,개방 가능,공공누리 2~4유형,,,,O,,,,"저작권 보호되는 영화, 다수의 스틸컷",
1264,한국영상자료원,HOME > 시네마테크KOFA > 프로그램 > 지난 프로그램,지난 프로그램,[온/오프라인] 제10회 서울배리어프리영화제,"[온/오프라인] 오발탄 (배리어프리)/[온라인] '배리어프리 영상제작 전문가과정 수료작' 섹션/[온라인] '배리어프리 단편영화 제작지원작' 섹션/[온라인] '한글자막 단편 애니메이션 상영작' 섹션/감쪽같은 그녀 (배리어프리)/단편섹션-메및꽃 필 무렵, 반짝반짝 두근두근, 선물 (배리어프리)/빛나는 (배리어프리)/잃어버린 세계를 찾아서 (배리어프리)/파리로 가는 길 (배리어프리)총 9 편",,2020.11.11.수 ~ 12.01.화,,미부착,,개방 가능,공공누리 2~4유형,,,,O,,,,"저작권 보호되는 영화, 다수의 스틸컷",
1265,한국영상자료원,HOME > 시네마테크KOFA > 프로그램 > 지난 프로그램,지난 프로그램,아카이빙 101,도슨 시티: 얼어붙은 시간/로스앤젤레스 자화상총 2 편,,2020.11.17.화 ~ 11.19.목,,미부착,,개방 가능,공공누리 2~4유형,,,,,O,,,영화별 포스터 1장,
1266,한국영상자료원,HOME > 시네마테크KOFA > 프로그램 > 지난 프로그램,지난 프로그램,독립영화 쇼케이스: 살아남은 여성들의 커밍아웃,"[단편섹션] 돌아가는 길 + 신기록 + 해미를 찾아서/ㅅㄹ, ㅅㅇ, ㅅㄹ/갈매기/보드랍게/십개월/유키코총 6 편",,2020.11.20.금 ~ 11.22.일,,미부착,,개방 가능,공공누리 2~4유형,,,,O,,,,"저작권 보호되는 영화, 다수의 스틸컷",
1267,한국영상자료원,HOME > 시네마테크KOFA > 프로그램 > 지난 프로그램,지난 프로그램,한국영상자료원 공연융합영상 프로젝트 <둥글고 둥글게>,,,2020.11.28.토,,미부착,,개방 가능,공공누리 1유형,,,,,O,,,영화 첨부 없음.이미지 저작권 없음,
1268,한국영상자료원,HOME > 시네마테크KOFA > 프로그램 > 지난 프로그램,지난 프로그램,"[온라인] 내가 사는, 한 뼘 공간",댐 키퍼/베란다/사는게 먼지/세이프/옥살이/컨테이너총 6 편,,2020.12.01.화 ~ 12.08.화,,미부착,,개방 가능,공공누리 2~4유형,,,,O,,,,"저작권 보호되는 영화, 다수의 스틸컷",
1269,한국영상자료원,HOME > 시네마테크KOFA > 프로그램 > 지난 프로그램,지난 프로그램,2020 사사로운 영화리스트 Part 1,남매의 여름밤/도망친 여자/소년 아메드/소년시절의 너/임신한 나무와 도깨비/트랜짓총 6 편,,2020.12.04.금 ~ 12.06.일,,미부착,,개방 가능,공공누리 2~4유형,,,,O,,,,"저작권 보호되는 영화, 다수의 스틸컷",
1270,한국영상자료원,HOME > 시네마테크KOFA > 프로그램 > 지난 프로그램,지난 프로그램,[온라인] 감독님… 영화가 하고 싶어요…!!,그녀를 지우는 시간/안느 체크소위코프와 일곱 편의 영화들/어둠에서 빛이 흘러나오는 소리/종말의 주행자/픽션들총 5 편,,2020.12.08.화 ~ 12.15.화,,미부착,,개방 가능,공공누리 2~4유형,,,,O,,,,"저작권 보호되는 영화, 다수의 스틸컷",
1271,한국영상자료원,HOME > 시네마테크KOFA > 프로그램 > 지난 프로그램,지난 프로그램,[온라인] 한-러 온라인 영화제,내가 사는 세상/다영씨/동물학/레토/빈폴/어른도감/이혼합시다/히치하이크/히프노시스총 9 편,,2020.12.15.화 ~ 12.22.화,,미부착,,개방 가능,공공누리 2~4유형,,,,O,,,,"저작권 보호되는 영화, 다수의 스틸컷",
1272,한국영상자료원,HOME > 시네마테크KOFA > 프로그램 > 지난 프로그램,지난 프로그램,"[온라인] 독립영화 연말정산, 13월의 보너스",69세/나는보리/바람의 언덕/여름날/영하의 바람/웰컴 투 X-월드/이타미 준의 바다/작은 빛/팡파레총 9 편,,2021.01.08.금 ~ 01.18.월,,미부착,,개방 가능,공공누리 2~4유형,,,,O,,,,"저작권 보호되는 영화, 다수의 스틸컷",
1273,한국영상자료원,HOME > 시네마테크KOFA > 프로그램 > 지난 프로그램,지난 프로그램,"[온라인]인 메모리엄 안현철, 송재호",꼬방동네 사람들/미스 영의 행방/영자의 전성시대/윤심덕/인목대비/주유천하총 6 편,,2021.01.18.월 ~ 02.01.월,,미부착,,개방 가능,공공누리 2~4유형,,,,O,,,,"저작권 보호되는 영화, 다수의 스틸컷",
1274,한국영상자료원,HOME > 시네마테크KOFA > 프로그램 > 지난 프로그램,지난 프로그램,THE SAFDIES: 사프디 형제 특별전,굿타임/도난당하는 것의 즐거움/레니 쿠크/사프디 형제 단편전/아빠의 천국/프라운랜드 [특별상영]/헤븐 노우즈 왓총 7 편,,2021.01.19.화 ~ 01.23.토,,미부착,,개방 가능,공공누리 2~4유형,,,,O,,,,"저작권 보호되는 영화, 다수의 스틸컷",
1275,한국영상자료원,HOME > 시네마테크KOFA > 프로그램 > 지난 프로그램,지난 프로그램,2020 사사로운 영화리스트,남매의 여름밤/도망친 여자/바람의 목소리/소년 아메드/소년시절의 너/운디네/임신한 나무와 도깨비/트랜짓/휴가총 9 편,,2021.01.24.일 ~ 01.30.토,,미부착,,개방 가능,공공누리 2~4유형,,,,O,,,,"저작권 보호되는 영화, 다수의 스틸컷",
1276,한국영상자료원,HOME > 시네마테크KOFA > 프로그램 > 지난 프로그램,지난 프로그램,재팬파운데이션 무비페스티벌 - 여성의 입장에서 여성을 그린다,"가슴이여 영원히 /그들이 진심으로 엮을 때/그리고 아키코는..../달이 떠오른다/리즈와 파랑새/목소리의 형태/방랑하는 왕비/빛나는/소녀가 소녀에게/아버지와 이토씨/아주 긴 변명/아키코, 댄서의 초상/여자들만의 밤/연애편지/오 루시!/오긴/요시코와 유리코총 17 편",,2021.01.31.일 ~ 02.25.목,,미부착,,개방 가능,공공누리 2~4유형,,,,O,,,,"저작권 보호되는 영화, 다수의 스틸컷",
1277,한국영상자료원,HOME > 시네마테크KOFA > 프로그램 > 지난 프로그램,지난 프로그램,[온라인] 숨겨진 퀴어영화를 찾아서: 1996년 이전 한국 퀴어영화들,갯마을/금욕/남자와 기생/내것이 더 좋아/달빛 멜로디/밤의 열기속으로/사방지/십오야(의 복수)/여자가 더 좋아/화분(꽃가루)총 10 편,,2021.02.01.월 ~ 02.15.월,,미부착,,개방 가능,공공누리 2~4유형,,,,O,O,,,"여자가 더좋아(1965,VOD서비스), 달빛멜로디(1984)와 밤의열기속으로(1985)는 로그인후 VOD서비스, 나머지는 다수 스틸컷",
1278,한국영상자료원,HOME > 시네마테크KOFA > 프로그램 > 지난 프로그램,지난 프로그램,KOFA 더블 피쳐: 이사벨 산도발,사랑의 언어/세노리타총 2 편,,2021.02.14.일 ~ 02.22.월,,미부착,,개방 가능,공공누리 2~4유형,,,,O,,,,"저작권 보호되는 영화, 다수의 스틸컷",
1279,한국영상자료원,HOME > 시네마테크KOFA > 프로그램 > 지난 프로그램,지난 프로그램,2월 프로그래머의 초이스,나이팅게일/더 수베니어/베이비티스총 3 편,,2021.02.26.금 ~ 02.28.일,,미부착,,개방 가능,공공누리 2~4유형,,,,O,,,,"저작권 보호되는 영화, 다수의 스틸컷",
1280,한국영상자료원,HOME > 시네마테크KOFA > 프로그램 > 지난 프로그램,지난 프로그램,"3.1절 기념 특별상영, 차별과 혐오에 맞서다",나는 조선사람입니다/더 한복판으로총 2 편,,2021.03.02.화,,미부착,,개방 가능,공공누리 2~4유형,,,,O,,,,"저작권 보호되는 영화, 다수의 스틸컷",
1281,한국영상자료원,HOME > 시네마테크KOFA > 프로그램 > 지난 프로그램,지난 프로그램,나만 웃겨?: Frat Pack의 영화들,나쵸 리브레/블레이즈 오브 글로리/앵커맨(확장판)/쥬랜더/트로픽 썬더(디렉터스 컷)/피구의 제왕총 6 편,,2021.03.03.수 ~ 03.09.화,,미부착,,개방 가능,공공누리 2~4유형,,,,O,,,,"저작권 보호되는 영화, 다수의 스틸컷",
1282,한국영상자료원,HOME > 시네마테크KOFA > 프로그램 > 지난 프로그램,지난 프로그램,우리 사이 거리,"10,000km (만 킬로미터)/그녀/동감/라이크 크레이지/런치박스/메리와 맥스 /시월애/접속/파이란/파이브 피트총 10 편",,2021.03.12.금 ~ 03.24.수,,미부착,,개방 가능,공공누리 2~4유형,,,,O,,,,"저작권 보호되는 영화, 다수의 스틸컷",
1283,한국영상자료원,HOME > 시네마테크KOFA > 프로그램 > 지난 프로그램,지난 프로그램,KOFA 더블 피쳐: 타락한 세상의 기업들,데몬러버/항생제총 2 편,,2021.03.17.수 ~ 03.29.월,,미부착,,개방 가능,공공누리 2~4유형,,,,,O,,,영화별 스틸컷 1장,
1284,한국영상자료원,HOME > 시네마테크KOFA > 프로그램 > 지난 프로그램,지난 프로그램,"인디곳간, 독립영화 아카이브",김초희감독전 (우리순이 + 산나물 처녀 + 찬실이는 복도 많지)/김현정 감독전 (외숙모 + 입문반)/하윤재 감독전 (봄날의 약속 + 카센타)총 3 편,,2021.03.25.목 ~ 03.26.금,,미부착,,개방 가능,공공누리 2~4유형,,,,O,,,,"저작권 보호되는 영화, 다수의 스틸컷",
1285,한국영상자료원,HOME > 시네마테크KOFA > 프로그램 > 지난 프로그램,지난 프로그램,오렌지필름 MIXTAPE : Vol. 6,주근깨 / 털보/ 여름방학 / 뒤로 걷기/틴더시대 사랑 / God speed / 어떤애와 다른애 그리고 레이 / 신의 딸은 춤을 춘다/호랑이와 소 / 아토피아노 / 추석 연휴 쉽니다 / 엄마에게총 3 편,,2021.03.26.금 ~ 03.27.토,,미부착,,개방 가능,공공누리 2~4유형,,,,O,O,,,스틸컷 합성이미지 다수,
1286,한국영상자료원,HOME > 시네마테크KOFA > 프로그램 > 지난 프로그램,지난 프로그램,3월 프로그래머의 초이스,걸후드/셀마/톰보이총 3 편,,2021.03.28.일 ~ 03.31.수,,미부착,,개방 가능,공공누리 2~4유형,,,,O,,,,"저작권 보호되는 영화, 다수의 스틸컷",
1287,한국영상자료원,HOME > 시네마테크KOFA > 프로그램 > 지난 프로그램,지난 프로그램,판타스틱 마이클 J. 폭스,나의 성공의 비밀/대통령의 연인/빽 투 더 퓨쳐 (4K 복원판)/빽 투 더 퓨쳐 2 (4K 복원판)/빽 투 더 퓨쳐 3 (4K 복원판)/재회의 거리/전쟁의 사상자들/청춘 고백 [VOD]/코끝에 걸린 사나이/틴 울프/폭력 교실 1984 [VOD]/프라이트너/헐리우드 박사총 13 편,,2021.03.29.월 ~ 04.14.수,,미부착,,개방 가능,공공누리 2~4유형,,,,O,,,,"저작권 보호되는 영화, 다수의 스틸컷",
1288,한국영상자료원,HOME > 시네마테크KOFA > 프로그램 > 지난 프로그램,지난 프로그램,"[온/오프라인]세월호참사 7주기 추념전, 끝나지 않은 이야기","[온라인] 부재의 기억(배리어프리버전)/[온라인] 빅 피쉬/[온라인] 어른이 되어/[온라인] 오늘은, 여기까지/[온라인] 자국/[온라인] 잠수사/당신의 사월/생일/업사이드 다운/오, 사랑총 10 편",,2021.04.12.월 ~ 04.19.월,,미부착,,개방 가능,공공누리 2~4유형,,,,O,,,,"저작권 보호되는 영화, 다수의 스틸컷",
1289,한국영상자료원,HOME > 시네마테크KOFA > 프로그램 > 지난 프로그램,지난 프로그램,"장애인의 날, 배리어프리영화 특별상영회",감쪽같은 그녀(배리어프리버전)/보이콰이어(배리어프리버전)총 2 편,,2021.04.17.토,,미부착,,개방 가능,공공누리 2~4유형,,,,O,,,,"저작권 보호되는 영화, 다수의 스틸컷",
1290,한국영상자료원,HOME > 시네마테크KOFA > 프로그램 > 지난 프로그램,지난 프로그램,4월 프로그래머의 초이스: 책 사람들,뉴욕 라이브러리에서/마틴 에덴/메리 셸리: 프랑켄슈타인의 탄생/화씨 451총 4 편,,2021.04.18.일 ~ 04.25.일,,미부착,,개방 가능,공공누리 2~4유형,,,,O,,,,"저작권 보호되는 영화, 다수의 스틸컷",
1291,한국영상자료원,HOME > 시네마테크KOFA > 프로그램 > 지난 프로그램,지난 프로그램,[온라인] 마크 라파포트 감독의 단편,오페라 특별석/프렌즈총 2 편,,2021.04.19.월 ~ 04.27.화,,미부착,,개방 가능,공공누리 2~4유형,,,,,O,,,영화별 스틸컷 1장씩,
1292,한국영상자료원,HOME > 시네마테크KOFA > 프로그램 > 지난 프로그램,지난 프로그램,지구의 날 특별상영: 수익보다 중요한 지구,낙원/위장환경주의/플라스틱의 모든 것총 3 편,,2021.04.20.화 ~ 04.25.일,,미부착,,개방 가능,공공누리 2~4유형,,,,,O,,,영화별 스틸컷 1장씩,
1293,한국영상자료원,HOME > 시네마테크KOFA > 프로그램 > 지난 프로그램,지난 프로그램,[온/오프]아시아 SF 영화의 경향들,10년 대만/10년 일본/10년 태국/2030/6 솔져스: 라스트 미션/산책하는 침략자/유랑지구/인천스텔라총 8 편,,2021.04.27.화 ~ 05.06.목,,미부착,,개방 가능,공공누리 2~4유형,,,,O,,,,"저작권 보호되는 영화, 다수의 스틸컷",
1294,한국영상자료원,HOME > 시네마테크KOFA > 프로그램 > 지난 프로그램,지난 프로그램,'도전의 여정을 걷다': 윤여정 특별전,계춘할망/고령화 가족/그것만이 내 세상/다른 나라에서 + 리스트/돈의 맛/미나리/바람난 가족/어미/여배우들/장수상회/죽여주는 여자/지푸라기라도 잡고 싶은 짐승들/찬실이는 복도 많지/천사여 악녀가 되라(죽어도 좋은 경험)/충녀/하녀/화녀총 17 편,,2021.05.07.금 ~ 05.18.화,,미부착,,개방 가능,공공누리 2~4유형,,,,O,,,,"저작권 보호되는 영화, 다수의 스틸컷",
1295,한국영상자료원,HOME > 시네마테크KOFA > 프로그램 > 지난 프로그램,지난 프로그램,한국영상자료원 공연융합영상 프로젝트 <둥글고 둥글게>,둥글고 둥글게총 1 편,,2021.05.15.토,,미부착,,개방 가능,공공누리 1유형,,,,,O,,,"이미지 1장, 저작물성 없음",
1296,한국영상자료원,HOME > 시네마테크KOFA > 프로그램 > 지난 프로그램,지난 프로그램,[온/오프라인] GAMExCINEMA,"'G스트링' 머시니마 단편영화 모음/21C 사이버 신체 해방 선언/4-2: 슈퍼 마리오 브라더스의 가장 악명 높은 레벨의 역사/꼭두각시/내언니전지현과 나/레드 vs. 블루: 왜 우리는 여기 있을까?/레디 플레이어 원/레지던트 이블/모던 워페어/모탈 컴뱃/반교: 디텐션/방해말고 꺼져!: 게임과 여성/브랜칭 패스: 일본 인디 게임을 찾는 여행 + 케이치로 도야마, 게임 개발자/성냥팔이 소녀의 재림/슈퍼 마리오/슈퍼 마리오 무비/스콧 필그림/스트리트 파이터/시청을 희생하여/앞으로, 위로, 모든 방향으로/오지만디아스/위험한 게임/이것이 '2인칭' 게임의 모습이다/이것이 배틀필드다/인디 게임: 더 무비/전자오락의 마법사/지금이라는 이름의 선물 + 댓 드래곤, 캔서/최후의 스타화이터/캐슬바니아 2: 사이먼의 원정/캠퍼의 일기/컴퓨터 전사 트론/툼레이더/트론: 새로운 시작/파이널 환타지/패더폴총 35 편",,2021.05.19.수 ~ 06.09.수,,미부착,,개방 가능,공공누리 2~4유형,,,,O,,,,"저작권 보호되는 영화, 다수의 스틸컷",
1297,한국영상자료원,HOME > 시네마테크KOFA > 프로그램 > 지난 프로그램,지난 프로그램,KOFA 더블 피쳐: 걸파워 믹스테이프,마리 앙투아네트/북스마트총 2 편,,2021.05.23.일 ~ 05.27.목,,미부착,,개방 가능,공공누리 2~4유형,,,,O,,,,"저작권 보호되는 영화, 다수의 스틸컷",
1298,한국영상자료원,HOME > 시네마테크KOFA > 프로그램 > 지난 프로그램,지난 프로그램,[온/오프라인] 시네마테크KOFA 발굴 수집 복원전,2046/검은 실크/경성소식/공장의 불빛 등 4편/공포의 대저택/근로의 끝에는 가난이 없다/내일로 흐르는 강/노다지/마부/만주에서의 전투/비리디아나/사랑방 손님과 어머니(배리어프리버전)/세친구/소름/순정은 신과 같다(aka 아름다운 이웃사랑)/아내는 고백한다/아카토네/여자는 여자다/오발탄(배리어프리버전)/온돌/중경삼림/지난 해 마리앙바드에서/타락천사/테이스트 오브 허니/한국의 결혼식 등 4편/함정과 진자/해피투게더/현해탄은 알고 있다/화양연화총 29 편,,2021.06.10.목 ~ 07.04.일,,미부착,,개방 가능,공공누리 2~4유형,,,,O,,,,"저작권 보호되는 영화, 다수의 스틸컷",
1299,한국영상자료원,HOME > 시네마테크KOFA > 프로그램 > 지난 프로그램,지난 프로그램,6월 프로그래머의 초이스,스파이의 아내총 1 편,,2021.06.17.목 ~ 06.26.토,,미부착,,개방 가능,공공누리 2~4유형,,,,O,,,,"저작권 보호되는 영화, 다수의 스틸컷",
1300,한국영상자료원,HOME > 시네마테크KOFA > 프로그램 > 지난 프로그램,지난 프로그램,6.25 특별전: 돌아 온 '돌아오지 않는 해병',돌아오지 않는 해병총 1 편,,2021.06.25.금,,미부착,,개방 가능,공공누리 2~4유형,,,,O,,,,"저작권 보호되는 영화, 다수의 스틸컷",
1301,한국영상자료원,HOME > 시네마테크KOFA > 프로그램 > 지난 프로그램,지난 프로그램,[온라인] 여성 최초로 영화감독이 되다: 알리스 기-블라쉐,알리스 기 블라쉐/쪼개진 집/큐피드와 혜성총 3 편,,2021.07.01.목 ~ 07.14.수,,미부착,,개방 가능,공공누리 2~4유형,,,,,O,,,영화별 스틸컷 1장 ,
1302,한국영상자료원,HOME > 시네마테크KOFA > 프로그램 > 지난 프로그램,지난 프로그램,7월 프로그래머의 초이스,"더 파더/쿠오바디스, 아이다/프라미싱 영 우먼총 3 편",,2021.07.02.금 ~ 07.08.목,,미부착,,개방 가능,공공누리 2~4유형,,,,O,,,,"저작권 보호되는 영화, 다수의 스틸컷",
1303,한국영상자료원,HOME > 시네마테크KOFA > 프로그램 > 지난 프로그램,지난 프로그램,21세기 촬.감 보고서,"남산의 부장들/남자사용설명서/남한산성/만신/분장/불한당: 나쁜 놈들의 세상/비밀은 없다/사라진 시간/소리도 없이/장화, 홍련/줄탁동시/지금은맞고그때는틀리다/지슬 - 끝나지않은 세월2/탐정 홍길동: 사라진 마을/해빙(解氷)총 15 편",,2021.07.06.화 ~ 08.06.금,,미부착,,개방 가능,공공누리 2~4유형,,,,O,,,,"저작권 보호되는 영화, 다수의 스틸컷",
1304,한국영상자료원,HOME > 시네마테크KOFA > 프로그램 > 지난 프로그램,지난 프로그램,21세기 한국영화: Made By 인디즈,"1999, 면회/겨울밤에/공동정범/두 개의 문/범죄의 여왕/살아남은 아이/소공녀/안녕 히어로/애비규환/용순/우리들/우리집/정말 먼 곳/족구왕/초행/춘천, 춘천/홈총 17 편",,2021.07.09.금 ~ 08.15.일,,미부착,,개방 가능,공공누리 2~4유형,,,,O,,,,"저작권 보호되는 영화, 다수의 스틸컷",
1305,한국영상자료원,HOME > 시네마테크KOFA > 프로그램 > 지난 프로그램,지난 프로그램,8월 프로그래머의 초이스,비커밍 아스트리드/쿠사마 야요이: 무한의 세계총 2 편,,2021.08.10.화 ~ 08.12.목,,미부착,,개방 가능,공공누리 2~4유형,,,,O,,,,"저작권 보호되는 영화, 다수의 스틸컷",
1306,한국영상자료원,HOME > 시네마테크KOFA > 프로그램 > 지난 프로그램,지난 프로그램,"울지마, 부활할거야","부활/울지마, 톤즈총 2 편",,2021.08.13.금 ~ 08.15.일,,미부착,,개방 가능,공공누리 2~4유형,,,,O,,,,"저작권 보호되는 영화, 다수의 스틸컷",
1307,한국영상자료원,HOME > 시네마테크KOFA > 프로그램 > 지난 프로그램,지난 프로그램,테이크 오프 Take-Off : 서핑 이야기,가자 서핑 클럽/서핑 유럽/서핑하는 여자들/스푼즈 : 서핑문화 이야기/어서오시게스트하우스/죽도 서핑 다이어리/파도를 걷는 소년/폭풍 속으로총 8 편,,2021.08.26.목 ~ 09.12.일,,미부착,,개방 가능,공공누리 2~4유형,,,,O,,,,"저작권 보호되는 영화, 다수의 스틸컷",
1308,한국영상자료원,HOME > 시네마테크KOFA > 프로그램 > 지난 프로그램,지난 프로그램,오컬트 필름 바이블,백사의 전설/사탄의 피부/사탄의 형제들/서스페리아 1977/아미티빌의 저주/악령의 밤/엑소시스트(디렉터스 컷)/오멘/위커맨/인페르노/진홍색 제단의 저주/쳐다보지 마라/호러 호텔총 13 편,,2021.09.09.목 ~ 09.12.일,,미부착,,개방 가능,공공누리 2~4유형,,,,O,,,,"저작권 보호되는 영화, 다수의 스틸컷",
1309,한국영상자료원,HOME > 시네마테크KOFA > 프로그램 > 지난 프로그램,지난 프로그램,[온/오프라인] 어느 사무실에서 생긴 일,[온라인] 골목안 풍경/[온라인] 구봉서의 벼락부자/[온라인] 백만장자가 되면/[온라인] 삼등과장/[온라인] 여사장/[온라인] 월급쟁이/가슴달린 남자/남자는 괴로워/네온속으로 노을지다/성공시대/커피 카피 코피/화려한 외출총 12 편,,2021.09.10.금 ~ 09.18.토,,미부착,,개방 가능,공공누리 2~4유형,,,,O,,,,"저작권 보호되는 영화, 다수의 스틸컷",
1310,한국영상자료원,HOME > 시네마테크KOFA > 프로그램 > 지난 프로그램,지난 프로그램,시노다 마사히로 감독전,"눈물을, 사자의 갈기에/동반자살/말라버린 꽃/메마른 호수/무뢰한/사랑의 편도차표/사무라이 스파이/석양에 붉은 내얼굴/암살/야차 연못/오린의 발라드 /침묵/히미코총 13 편",,2021.09.17.금 ~ 10.07.목,,미부착,,개방 가능,공공누리 2~4유형,,,,O,O,,,영화별 스틸컷 1장,
1311,한국영상자료원,HOME > 시네마테크KOFA > 프로그램 > 지난 프로그램,지난 프로그램,10월 프로그래머의 초이스,북샵/오필리아총 2 편,,2021.10.02.토 ~ 10.10.일,,미부착,,개방 가능,공공누리 2~4유형,,,,O,,,,"저작권 보호되는 영화, 다수의 스틸컷",
1312,한국영상자료원,HOME > 시네마테크KOFA > 프로그램 > 지난 프로그램,지난 프로그램,[온/오프라인] 해피투게더 독립영화,[온라인] 새들이 돌아오는 시간/[온라인] 순환소수/이장총 3 편,,2021.10.08.금 ~ 10.09.토,,미부착,,개방 가능,공공누리 2~4유형,,,,O,,,,"저작권 보호되는 영화, 다수의 스틸컷",
1313,한국영상자료원,HOME > 시네마테크KOFA > 프로그램 > 지난 프로그램,지난 프로그램,KOFA's 인디-챕터,증발총 1 편,,2021.10.08.금 ~ 10.10.일,,미부착,,개방 가능,공공누리 2~4유형,,,,O,,,,"저작권 보호되는 영화, 다수의 스틸컷",
1314,한국영상자료원,HOME > 시네마테크KOFA > 프로그램 > 지난 프로그램,지난 프로그램,21세기 독일영화- 그 다양한 시선,24주/도주하는 아이/베스턴/빅토리아/심판/아임 유어 맨/우리가 꿈을 꾸면서 /작가 미상/집념의 검사 프리츠 바우어/클레오: 시간을 되돌리는 기적/키브롱에서의 3일/토니 에드만/피닉스/한나 아렌트총 14 편,,2021.10.12.화 ~ 11.09.화,,미부착,,개방 가능,공공누리 2~4유형,,,,O,,,,"저작권 보호되는 영화, 다수의 스틸컷",
1315,한국영상자료원,HOME > 시네마테크KOFA > 프로그램 > 지난 프로그램,지난 프로그램,자크 오디아르 특별전,그들이 어떻게 추락하는지 보라/내 마음을 읽어봐/내 심장이 건너뛴 박동/디판/러스트 앤 본/시스터스 브라더스/예언자/위선적 영웅총 8 편,,2021.10.15.금 ~ 11.09.화,,미부착,,개방 가능,공공누리 2~4유형,,,,O,,,,"저작권 보호되는 영화, 다수의 스틸컷",
1316,한국영상자료원,HOME > 시네마테크KOFA > 프로그램 > 지난 프로그램,지난 프로그램,아카이빙 101 - 세계 시청각 유산의 날 기념,토킹 어바웃 트리스총 1 편,,2021.10.15.금 ~ 10.27.수,,미부착,,개방 가능,공공누리 2~4유형,,,,O,,,,"저작권 보호되는 영화, 다수의 스틸컷",
1317,한국영상자료원,HOME > 시네마테크KOFA > 프로그램 > 지난 프로그램,지난 프로그램,제11회 서울배리어프리영화제,"배리어프리 단편영화제작지원작(건전지 아빠/ 순영/ 잃어버린 외장하드를 찾는 이상한 모험/ 자매들의 밤) /[온라인] 섹션1 (달팽이의 별 / 다시 만난 오늘 / 린다의 신기한 여행: 문어 린다 / 뾰족마을의 수상한 이웃들 / Delight / 민서와 할아버지 )/[온라인] 섹션2 (시청각중복장애인으로 산다는 것 / 코로나 시대, 시청각중복장애인은 지금 / 건전지 아빠 / 잃어버린 외장하드를 찾는 이상한 모험 / 빵꾸찻잔 / 빅 피쉬)/[온라인] 섹션3 (순영 / 자매들의 밤 / 공룡 둠둠 / 비잇, 나무 /모두의 게임)/그렇게 아버지가 된다(배리어프리)/남매의 여름밤(배리어프리)/드림빌더(배리어프리)/벌새(배리어프리)/보이콰이어(배리어프리)/세상의 모든 디저트: 러브 사라(배리어프리)/타인의 친절(배리어프리)/한글자막 단편애니, 배리어프리 단편애니 (Delight/ 민서와 할아버지/ 공룡 둠둠/ 비잇, 나무/ 모두의 게임/ 빵꾸찻잔/ 빅 피쉬/ 레인보우/ 어릿광대 매우매우씨/ 건전지 아빠)총 12 편",,2021.11.10.수 ~ 11.30.화,,미부착,,개방 가능,공공누리 2~4유형,,,,O,,,,"저작권 보호되는 영화, 다수의 스틸컷",
1318,한국영상자료원,HOME > 시네마테크KOFA > 프로그램 > 지난 프로그램,지난 프로그램,프랑스 영화 주간-Save Our Cinema,캘러미티 제인총 1 편,,2021.11.16.화 ~ 11.18.목,,미부착,,개방 가능,공공누리 2~4유형,,,,O,,,,"저작권 보호되는 영화, 다수의 스틸컷",
1319,한국영상자료원,HOME > 시네마테크KOFA > 프로그램 > 지난 프로그램,지난 프로그램,11월 프로그래머의 초이스,당신 얼굴 앞에서/인트로덕션총 2 편,,2021.11.16.화 ~ 11.18.목,,미부착,,개방 가능,공공누리 2~4유형,,,,O,,,,"저작권 보호되는 영화, 다수의 스틸컷",
1320,한국영상자료원,HOME > 시네마테크KOFA > 프로그램 > 지난 프로그램,지난 프로그램,독립영화 쇼케이스: 오늘 만난 단편영화들,"궁유정 감독전(ㅈㄱㅇㄴ / 마감일 / 창진이 마음)/권순현 감독전(골목의 이야기, 피와 재, 례)/박지연 감독전(도시에서 그녀가 피할 수 없는 것들, 낙타들, 피부와 마음, 유령들)/양주연 감독전(내일의 노래 / 옥상자국 / 40)/오재형 감독전(덩어리, 블라인드 필름, 보이지 않는 도시들, 모스크바 닭도리탕)/정여름 감독전(그라이아이: 주둔하는 신, 긴 복도)총 6 편",,2021.11.19.금 ~ 11.21.일,,미부착,,개방 가능,공공누리 2~4유형,,,,O,,,,"저작권 보호되는 영화, 다수의 스틸컷",
1321,한국영상자료원,HOME > 시네마테크KOFA > 프로그램 > 지난 프로그램,지난 프로그램,아카이빙 101,"필름, 우리 기억의 살아있는 기록총 1 편",,2021.11.25.목 ~ 11.27.토,,미부착,,개방 가능,공공누리 2~4유형,,,,O,O,,,스틸컷 여러장 붙인 소개자료,
1322,한국영상자료원,HOME > 시네마테크KOFA > 프로그램 > 지난 프로그램,지난 프로그램,"카메라는 롤, 인생은 레디 액션!",가끔 구름/단편1 (영화수업 / 라스트컷 / 그날의소동 / 왜독립영화감독들은DVD를주지않는가)/단편2 (보이쓰 오버 / 왜 독립영화 감독들은 외롭고 또 외롭나 / 인생작 / 그녀를 지우는 시간)/망각의 삶/셀프-포트레이트 2020/액션히어로/에드우드/원더풀 라이프총 8 편,,2021.11.30.화 ~ 12.02.목,,미부착,,개방 가능,공공누리 2~4유형,,,,O,,,,"저작권 보호되는 영화, 다수의 스틸컷",
1323,한국영상자료원,HOME > 시네마테크KOFA > 프로그램 > 지난 프로그램,지난 프로그램,겨울소나타: 한국 겨울영화 특별전,겨울나그네/겨울부인/고래사냥/별들의 고향/빙점'81(전후 완결편)/삼포가는 길/설국/세상밖으로/안개마을총 9 편,,2021.12.01.수 ~ 12.12.일,,미부착,,개방 가능,공공누리 2~4유형,,,,O,,,,"저작권 보호되는 영화, 다수의 스틸컷",
1324,한국영상자료원,HOME > 시네마테크KOFA > 프로그램 > 지난 프로그램,지난 프로그램,제9회 필름게이트 단편영화제,단편 섹션(자전거도둑 / 리모컨이 어딜갔지 / 혈세 / 그 노래를 찾아라 / 미소)총 1 편,,2021.12.11.토,,미부착,,개방 가능,공공누리 2~4유형,,,,O,O,,,스틸컷 합성이미지 다수,
1325,한국영상자료원,HOME > 시네마테크KOFA > 프로그램 > 지난 프로그램,지난 프로그램,VFX 탐구 영역 x 덱스터 스튜디오 10주년,"백두산/신과함께-인과 연/신과함께-죄와 벌/좋은 놈, 나쁜 놈, 이상한 놈/태극기 휘날리며/퇴마록/해적: 바다로 간 산적총 7 편",,2021.12.14.화 ~ 12.21.화,,미부착,,개방 가능,공공누리 2~4유형,,,,O,,,,"저작권 보호되는 영화, 다수의 스틸컷",
1326,한국영상자료원,HOME > 시네마테크KOFA > 프로그램 > 지난 프로그램,지난 프로그램,"정태춘 x 박은옥, 봄을 기다리는 마음으로","아치의 노래, 정태춘총 1 편",,2021.12.18.토,,미부착,,개방 가능,공공누리 2~4유형,,,,O,,,,"저작권 보호되는 영화, 다수의 스틸컷",
1327,한국영상자료원,HOME > 시네마테크KOFA > 프로그램 > 지난 프로그램,지난 프로그램,[온/오프라인] 독립영화 연말정산,[온라인] 계절/[온라인] 그림자들의 섬/[온라인] 박강아름의 가장무도회/[온라인] 복수의 길/[온라인] 사택망처/[온라인] 애드벌룬/[온라인] 여름밤/[온라인] 튼튼이의 모험/나는 나를 해고하지 않는다/박강아름 결혼하다/빛과 철/습도 다소 높음/아이들은 즐겁다/언더그라운드/잔칫날/종착역/최선의 삶총 17 편,,2021.12.22.수 ~ 12.31.금,,미부착,,개방 가능,공공누리 2~4유형,,,,O,,,,"저작권 보호되는 영화, 다수의 스틸컷",
1328,한국영상자료원,HOME > 시네마테크KOFA > 프로그램 > 지난 프로그램,지난 프로그램,[온/오프라인] ‘아름다운 악녀’ 최지희(1940-2021) 추모전,54번가의 마담/8240 K.L.O/[온라인] 말띠신부/[온라인] 비오는 날의 오후3시/[온라인] 싸우는 사자들/[온라인] 아름다운 악녀 최지희/[온라인] 이쁜이/[온라인] 피어린 구월산/김약국의 딸들/맨발로 왔다/명동에 밤이 오면/사르빈강에 노을이 진다/서울이 좋다지만/위험한 청춘/자매의 화원/특공대와 돌아오지 않는 해병/팔도가시나이/화분(꽃가루)총 18 편,,2022.01.04.화 ~ 01.16.일,,미부착,,개방 가능,공공누리 2~4유형,,,,O,O,,,"싸우는 여자들(1962)과 이쁜이(1964, 아름다운 악녀최지희(2004)는 VOD서비스, 나머지 다수의 스틸컷",
1329,한국영상자료원,HOME > 시네마테크KOFA > 프로그램 > 지난 프로그램,지난 프로그램,KOFA's 인디챕터: 윤재호 x 정재은,고양이들의 아파트/고양이를 부탁해 (1/19 DCP & 1/23 FILM)/송해 1927/파이터총 4 편,,2022.01.19.수 ~ 01.23.일,,미부착,,개방 가능,공공누리 2~4유형,,,,O,,,,"저작권 보호되는 영화, 다수의 스틸컷",
1330,한국영상자료원,HOME > 시네마테크KOFA > 프로그램 > 지난 프로그램,지난 프로그램,오렌지필름 MIXTAPE : Vol. 7,[섹션1] 실 / 작년에 봤던 새 / 술래 / 김정임씨네 막내손녀/[섹션2] 신김치 / 눈치돌기 / 우리도 모르는 사이 / 떠나가는 J에게/[섹션3] 소금과 호수 / SAVE THE CAT / 졸업 / 늦은 휴가총 3 편,,2022.01.21.금 ~ 01.22.토,,미부착,,개방 가능,공공누리 2~4유형,,,,O,O,,,스틸컷 합성이미지 다수,
1331,한국영상자료원,HOME > 시네마테크KOFA > 프로그램 > 지난 프로그램,지난 프로그램,"재팬파운데이션 무비페스티벌 - 자매여, 영원하라!",게이샤의 삶/고하야가와가의 가을/기온의 자매/달이 떠오른다/라스트 레터/무네카타 자매들/미모에 죄가 있다/바닷마을 다이어리/세설/소문난 딸/아수라/여계가족/자매언덕총 13 편,,2022.01.25.화 ~ 02.13.일,,미부착,,개방 가능,공공누리 2~4유형,,,,O,,,,"저작권 보호되는 영화, 다수의 스틸컷",
1332,한국영상자료원,HOME > 시네마테크KOFA > 프로그램 > 지난 프로그램,지난 프로그램,1월 프로그래머의 초이스,다함께 여름!총 1 편,,2022.01.27.목 ~ 01.29.토,,미부착,,개방 가능,공공누리 2~4유형,,,,O,,,,"저작권 보호되는 영화, 다수의 스틸컷",
1333,한국영상자료원,HOME > 시네마테크KOFA > 프로그램 > 지난 프로그램,지난 프로그램,2월 프로그래머의 초이스,퍼스트 카우총 1 편,,2022.02.06.일 ~ 02.10.목,,미부착,,개방 가능,공공누리 2~4유형,,,,O,,,,"저작권 보호되는 영화, 다수의 스틸컷",
1334,한국영상자료원,HOME > 시네마테크KOFA > 프로그램 > 지난 프로그램,지난 프로그램,2021 사사로운 영화리스트,그린 나이트/꽃다발 같은 사랑을 했다/드라이브 마이 카/램/레 미제라블/바쿠라우/베네데타/쁘띠 마망/아네트/티탄/프랑스/휴먼 보이스총 12 편,,2022.02.15.화 ~ 02.27.일,,미부착,,개방 가능,공공누리 2~4유형,,,,O,,,,"저작권 보호되는 영화, 다수의 스틸컷",
1335,한국영상자료원,HOME > 시네마테크KOFA > 프로그램 > 지난 프로그램,지난 프로그램,3.1절 103주년 특별상영,나는 조선사람입니다/동아시아반일무장전선/북간도의 십자가/우리를 갈라놓는 것들총 4 편,,2022.03.01.화 ~ 03.06.일,,미부착,,개방 가능,공공누리 2~4유형,,,,O,,,,"저작권 보호되는 영화, 다수의 스틸컷",
1336,한국영상자료원,HOME > 시네마테크KOFA > 프로그램 > 지난 프로그램,지난 프로그램,3월 프로그래머의 초이스,라이트하우스/밤을 걷는 뱀파이어 소녀총 2 편,,2022.03.04.금 ~ 03.06.일,,미부착,,개방 가능,공공누리 2~4유형,,,,O,,,,"저작권 보호되는 영화, 다수의 스틸컷",
1337,한국영상자료원,HOME > 시네마테크KOFA > 프로그램 > 지난 프로그램,지난 프로그램,[온/오프라인] 로컬시네마: 대구 x 경북,"[온라인] 고백할거야/[온라인] 국가유공자/[온라인] 나랑 아니면/[온라인] 데마찌/[온라인] 밸브를 잠근다/[온라인] 소설/[온라인] 여정/[온라인] 장학생/[온라인] 테이프의 비밀/[온라인] 홈/마이 플레이스 + 퀴어053/물속에서 숨 쉬는 법/수성못/숨어드는 산/할머니의 외출/혜영, 혜영씨/흐르다/희수총 18 편",,2022.03.08.화 ~ 03.21.월,,미부착,,개방 가능,공공누리 2~4유형,,,,O,,,,"저작권 보호되는 영화, 다수의 스틸컷",
1338,한국영상자료원,HOME > 시네마테크KOFA > 프로그램 > 지난 프로그램,지난 프로그램,시네마테크KOFA가 주목한 2021년 한국영화,그대 너머에/나는 나를 해고하지 않는다/너에게 가는 길/당신 얼굴 앞에서/모가디슈/세자매/인트로덕션/자산어보/종착역/최선의 삶/휴가총 11 편,,2022.03.18.금 ~ 03.31.목,,미부착,,개방 가능,공공누리 2~4유형,,,,O,,,,"저작권 보호되는 영화, 다수의 스틸컷",
1339,한국영상자료원,HOME > 시네마테크KOFA > 프로그램 > 지난 프로그램,지난 프로그램,특별상영-드라이브 마이 카,드라이브 마이 카총 1 편,,2022.03.26.토 ~ 03.29.화,,미부착,,개방 가능,공공누리 2~4유형,,,,O,,,,"저작권 보호되는 영화, 다수의 스틸컷",
1340,한국영상자료원,HOME > 시네마테크KOFA > 프로그램 > 지난 프로그램,지난 프로그램,갑질은 영혼을 잠식한다: 우리 회사 빌런들,굿 보스/그리드/내부고발자들: 월급쟁이의 전쟁/레이트 나이트/어시스턴트총 5 편,,2022.04.01.금 ~ 04.07.목,,미부착,,개방 가능,공공누리 2~4유형,,,,O,,,,"저작권 보호되는 영화, 다수의 스틸컷",
1341,한국영상자료원,HOME > 시네마테크KOFA > 프로그램 > 지난 프로그램,지난 프로그램,"제주 4·3 추념전, 평화의 바람","[단편섹션] 아직, 제주도는 / 헛묘 / 전조등 / 메이 제주 데이 /비념총 2 편",,2022.04.05.화 ~ 04.03.일,,미부착,,개방 가능,공공누리 2~4유형,,,,O,,,,"저작권 보호되는 영화, 다수의 스틸컷",
1342,한국영상자료원,HOME > 시네마테크KOFA > 프로그램 > 지난 프로그램,지난 프로그램,허우 샤오시엔의 로.코 3부작,고향의 푸른 잔디/귀여운 여인/바람이 춤춘다총 3 편,,2022.04.08.금 ~ 04.10.일,,미부착,,개방 가능,공공누리 2~4유형,,,,O,,,,"저작권 보호되는 영화, 다수의 스틸컷",
1343,한국영상자료원,HOME > 시네마테크KOFA > 프로그램 > 지난 프로그램,지난 프로그램,파워 오브 스토리,1984/리차드 3세/맥베스/모리스/배리 린든/분홍신/엑스칼리버/위험한 관계총 8 편,,2022.04.12.화 ~ 04.24.일,,미부착,,개방 가능,공공누리 2~4유형,,,,O,,,,"저작권 보호되는 영화, 다수의 스틸컷",
1344,한국영상자료원,HOME > 시네마테크KOFA > 프로그램 > 지난 프로그램,지난 프로그램,4월 프로그래머의 초이스,수베니어 파트 2총 1 편,,2022.04.13.수 ~ 04.15.금,,미부착,,개방 가능,공공누리 2~4유형,,,,O,,,,"저작권 보호되는 영화, 다수의 스틸컷",
1345,한국영상자료원,HOME > 시네마테크KOFA > 프로그램 > 지난 프로그램,지난 프로그램,세월호참사 8주기 추념전: 도돌이표 끊어내기,"기념촬영 + 시대유감,삼풍/세월총 2 편",,2022.04.16.토 ~ 04.20.수,,미부착,,개방 가능,공공누리 2~4유형,,,,O,,,,"저작권 보호되는 영화, 다수의 스틸컷",
1346,한국영상자료원,HOME > 시네마테크KOFA > 프로그램 > 지난 프로그램,지난 프로그램,"장애인의 날, 배리어프리영화 특별상영회",타인의 친절(배리어프리)/한창나이 선녀님 (배리어프리)총 2 편,,2022.04.23.토,,미부착,,개방 가능,공공누리 2~4유형,,,,O,,,,"저작권 보호되는 영화, 다수의 스틸컷",
1347,한국영상자료원,HOME > 시네마테크KOFA > 프로그램 > 지난 프로그램,지난 프로그램,컴필레이션 다큐멘터리 스페셜,데이 쉘 낫 그로우 올드/멜팅 아이스크림/바비 야르. 콘텍스트/제인총 4 편,,2022.04.26.화 ~ 04.29.금,,미부착,,개방 가능,공공누리 2~4유형,,,,O,,,,"저작권 보호되는 영화, 다수의 스틸컷",
1348,한국영상자료원,HOME > 시네마테크KOFA > 프로그램 > 지난 프로그램,지난 프로그램,"근로자의 날 기념, 노동의 자화상",미싱타는 여자들/재춘언니/태일이총 3 편,,2022.04.30.토 ~ 05.03.화,,미부착,,개방 가능,공공누리 2~4유형,,,,O,,,,"저작권 보호되는 영화, 다수의 스틸컷",
1349,한국영상자료원,HOME > 시네마테크KOFA > 프로그램 > 지난 프로그램,지난 프로그램,위트 스틸먼을 기다리며,디스코의 마지막 날/바르셀로나/방황하는 소녀들총 3 편,,2022.05.04.수 ~ 05.07.토,,미부착,,개방 가능,공공누리 2~4유형,,,,,O,,,"영화별 스틸컷 1장, 포스터 1장",
1350,한국영상자료원,HOME > 시네마테크KOFA > 프로그램 > 지난 프로그램,지난 프로그램,5월 프로그래머의 초이스,군다/피그총 2 편,,2022.05.04.수 ~ 05.08.일,,미부착,,개방 가능,공공누리 2~4유형,,,,O,,,,"저작권 보호되는 영화, 다수의 스틸컷",
1351,한국영상자료원,HOME > 시네마테크KOFA > 프로그램 > 지난 프로그램,지난 프로그램,위대한 유산: 태흥영화 1984-2004,금홍아 금홍아/꿈/돌아이/무릎과 무릎사이/미미와 철수의 청춘스케치/미지왕/비구니/뽕/서편제/아제아제 바라아제/어른들은 몰라요/어우동/장군의 아들/장미빛 인생/젊은 날의 초상/참견은 노~ 사랑은 오예~/축제/춘향뎐/하류인생/화엄경총 20 편,,2022.05.10.화 ~ 06.05.일,,미부착,,개방 가능,공공누리 2~4유형,,,,O,,,,"저작권 보호되는 영화, 다수의 스틸컷",
1352,한국영상자료원,HOME > 시네마테크KOFA > 프로그램 > 지난 프로그램,지난 프로그램,서칭 포 해피니스,미나리/서치/콜럼버스/페어웰총 4 편,,2022.05.10.화 ~ 05.29.일,,미부착,,개방 가능,공공누리 2~4유형,,,,O,,,,"저작권 보호되는 영화, 다수의 스틸컷",
1353,한국영상자료원,HOME > 시네마테크KOFA > 프로그램 > 지난 프로그램,지난 프로그램,5.18민주화운동 기념 상영회,둥글고 둥글게총 1 편,,2022.05.18.수,,미부착,,개방 가능,공공누리 2~4유형,,,,O,,,,"저작권 보호되는 영화, 다수의 스틸컷",
1354,한국영상자료원,HOME > 시네마테크KOFA > 프로그램 > 지난 프로그램,지난 프로그램,디렉터스 초이스 -오즈와 벤더스,도쿄가/동경 이야기총 2 편,,2022.05.20.금 ~ 05.21.토,,미부착,,개방 가능,공공누리 2~4유형,,,,O,,,,"저작권 보호되는 영화, 다수의 스틸컷",
1355,한국영상자료원,HOME > 시네마테크KOFA > 프로그램 > 지난 프로그램,지난 프로그램,6월 프로그래머의 초이스,벨파스트/코다총 2 편,,2022.06.02.목 ~ 06.12.일,,미부착,,개방 가능,공공누리 2~4유형,,,,O,,,,"저작권 보호되는 영화, 다수의 스틸컷",
1356,한국영상자료원,HOME > 시네마테크KOFA > 프로그램 > 지난 프로그램,지난 프로그램,제1회 도미니카 영화제,건구나/내일 잊지 말아요/말파소/바버샵/베네노총 5 편,,2022.06.07.화 ~ 06.12.일,,미부착,,개방 가능,공공누리 2~4유형,,,,O,,,,"저작권 보호되는 영화, 다수의 스틸컷",
1357,한국영상자료원,HOME > 시네마테크KOFA > 프로그램 > 지난 프로그램,지난 프로그램,지구 반대편으로부터의 새로운 시각 : 아르헨티나 현대 영화 파노라마,기묘한 이야기들/라 플로르 Part1/라 플로르 Part2/라 플로르 Part3/레드/문과 창을 열어라/블라인드/비센타/삶의 채찍/성냥팔이 소녀/카나왈/크레이지 컴페티션/포 더 머니/호수의 생각총 14 편,,2022.06.14.화 ~ 06.30.목,,미부착,,개방 가능,공공누리 2~4유형,,,,O,,,,"저작권 보호되는 영화, 다수의 스틸컷",
1358,한국영상자료원,HOME > 시네마테크KOFA > 프로그램 > 지난 프로그램,지난 프로그램,<해방의 그 날까지 - 재일조선인의 발자취> 특별상영,해방의 그 날까지-재일조선인의 발자취총 1 편,,2022.06.18.토,,미부착,,개방 가능,공공누리 2~4유형,,,,O,O,,,스틸컷 1장,
1359,한국영상자료원,HOME > 시네마테크KOFA > 프로그램 > 지난 프로그램,지난 프로그램,[온라인] 한국전쟁 72주년 기념 유현목 분단영화 3부작,[온라인] 순교자/[온라인] 장마/[온라인] 카인의 후예총 3 편,,2022.06.21.화 ~ 07.31.일,,미부착,,개방 가능,공공누리 2~4유형,,,,O,,,,"저작권 보호되는 영화, 다수의 스틸컷",
1360,한국영상자료원,HOME > 시네마테크KOFA > 프로그램 > 지난 프로그램,지난 프로그램,한국전쟁 기념 기획전: 파묻힌 상흔을 찾아서,금정굴 이야기 + 206: 사라지지 않는/평양랭면 + 그 날총 2 편,,2022.06.25.토,,미부착,,개방 가능,공공누리 2~4유형,,,,,O,,,영화별 스틸컷 1장 ,
1361,한국영상자료원,HOME > 시네마테크KOFA > 프로그램 > 지난 프로그램,지난 프로그램,"시네마테크KOFA 발굴, 복원 그리고 재창조","갈채/고독한 추적 /고래사냥/국도극장: 감독판/나의 영화를 본 적 있나요?/나이트메어 앨리/내 어린 날의 일기/노스페라투 100주년 기념 특별공연 : 현絃의 그림자/단편 1(사라진 인물들과 사라지지 않은 세계 혹은 그 반대 / 작은 영화관 / 일시정지, 시네마 / 씨도로: 씨네마로드 / 남아있는 순간들)/단편 2. 너와 극장에서 (극장쪽으로 / 극장에서 한 생각 / 우리들의 낙원)/대자객 - 왕우 (1944~2022)/라스트 씬/마지막 영화관 - 피터 보그다노비치 (1939~2022)/만다라 - 사토 다다오 (1930~2022)/맘마 로마/문신/밀양/바보선언/박하사탕/뱀파이어/버닝/버텨내고 존재하기/보는 것을 사랑한다/복수는 나의 것/삼봉진무림/세븐 뷰티스 - 리나 베르트뮐러 (1928~2021)/시/시네마 파미르/신세 좀 지자구요 - 송해 (1927~2022)/심장소리/아기공룡 둘리 - 얼음별 대모험/암흑가의 세사람/엘리지의 여왕 - 송해 (1927~2022)/영화관을 말하다/오아시스/일대검왕/일식 - 모니카 비티 (1931~2022)/정숙한 짐승/질투의 드라마 - 모니카 비티 (1931~2022)/초록 물고기/콩쥐 팥쥐/페이퍼 문 - 피터 보그다노비치 (1939~2022)/프란체스코, 신의 어릿광대/피막/할렘의 살인/호피와 차돌바위/홍길동/흥부와 놀부총 48 편",,2022.07.01.금 ~ 08.25.목,,미부착,,개방 가능,공공누리 2~4유형,,,,O,,,,"저작권 보호되는 영화, 다수의 스틸컷",
1362,한국영상자료원,HOME > 시네마테크KOFA > 프로그램 > 지난 프로그램,지난 프로그램,7월 프로그래머의 초이스,레인 피플/앨리스는 이제 여기 살지 않는다총 2 편,,2022.07.06.수 ~ 07.23.토,,미부착,,개방 가능,공공누리 2~4유형,,,,O,O,,,스틸컷 소개자료 1장씩,
1363,한국영상자료원,HOME > 시네마테크KOFA > 프로그램 > 지난 프로그램,지난 프로그램,아카이빙 101 : 알렉산더 O. 필립,78/52/메모리: 걸작 에이리언의 기원/싸이코/에이리언총 4 편,,2022.07.12.화 ~ 08.03.수,,미부착,,개방 가능,공공누리 2~4유형,,,,O,,,,"저작권 보호되는 영화, 다수의 스틸컷",
1364,한국영상자료원,HOME > 시네마테크KOFA > 프로그램 > 지난 프로그램,지난 프로그램,8월 프로그래머의 초이스,애프터 양/우연과 상상총 2 편,,2022.08.04.목 ~ 08.10.수,,미부착,,개방 가능,공공누리 2~4유형,,,,O,,,,"저작권 보호되는 영화, 다수의 스틸컷",
1365,한국영상자료원,HOME > 시네마테크KOFA > 프로그램 > 지난 프로그램,지난 프로그램,8.15 기념 상영: 내 고향으로 날 보내주,2차 송환/그림자꽃총 2 편,,2022.08.14.일,,미부착,,개방 가능,공공누리 2~4유형,,,,O,,,,"저작권 보호되는 영화, 다수의 스틸컷",
1366,한국영상자료원,HOME > 시네마테크KOFA > 프로그램 > 지난 프로그램,지난 프로그램,"디렉터스 초이스 : ZAZ, 패러디의 은밀한 매력",못 말리는 비행사/특급 비밀총 2 편,,2022.08.26.금 ~ 08.28.일,,미부착,,개방 가능,공공누리 2~4유형,,,,,O,,,영화별 포스터 1장,
1367,한국영상자료원,HOME > 시네마테크KOFA > 프로그램 > 지난 프로그램,지난 프로그램,배리어프리영화 정기상영회,드라이브 마이 카 (배리어프리자막)/소나기 (화면해설 + 배리어프리자막)총 2 편,,2022.08.27.토,,미부착,,개방 가능,공공누리 2~4유형,,,,O,,,,"저작권 보호되는 영화, 다수의 스틸컷",
1368,한국영상자료원,HOME > 시네마테크KOFA > 프로그램 > 지난 프로그램,지난 프로그램,1950년대 SF 몬스터 특별전,검은 늪지대의 생명체/괴물/금지된 혹성/놀랍도록 줄어든 사나이/놈은 바닷속으로부터 왔다/방사능 X/신체 강탈자의 침입/심해에서 온 괴물/우주전쟁/지구 대 비행접시/지구 최후의 날/지구에서 2천만 마일/킹콩 대 고지라/타란툴라총 14 편,,2022.08.30.화 ~ 09.18.일,,미부착,,개방 가능,공공누리 1유형,,,,,O,,,"모두 1963년 이전 외국 영화, 저작권 보호기간 만료",
1369,한국영상자료원,HOME > 시네마테크KOFA > 프로그램 > 지난 프로그램,지난 프로그램,<군함도> 감독판 블루레이 상영회,군함도/모가디슈총 2 편,,2022.09.04.일,,미부착,,개방 가능,공공누리 2~4유형,,,,O,,,,"저작권 보호되는 영화, 다수의 스틸컷",
1370,한국영상자료원,HOME > 시네마테크KOFA > 프로그램 > 지난 프로그램,지난 프로그램,9월 프로그래머의 초이스,멋진 세계/큐어총 2 편,,2022.09.13.화 ~ 09.18.일,,미부착,,개방 가능,공공누리 2~4유형,,,,O,,,,"저작권 보호되는 영화, 다수의 스틸컷",
1371,한국영상자료원,HOME > 시네마테크KOFA > 프로그램 > 지난 프로그램,지난 프로그램,서울드라마어워즈 2022 드라마 토크콘서트,그 해 우리는총 1 편,,2022.09.21.수,,미부착,,개방 가능,공공누리 2~4유형,,,,O,O,,,스틸컷 1장,
1372,한국영상자료원,HOME > 시네마테크KOFA > 프로그램 > 지난 프로그램,지난 프로그램,2022 노리미츠인서울: 필름 스크리닝,[묶음 상영] 섀도우 + 오드랜드/임퍼펙트/크러치총 3 편,,2022.09.22.목 ~ 09.24.토,,미부착,,개방 가능,공공누리 2~4유형,,,,O,,,,"저작권 보호되는 영화, 다수의 스틸컷",
1373,한국영상자료원,HOME > 시네마테크KOFA > 프로그램 > 지난 프로그램,지난 프로그램,홍콩 영화의 새로운 물결,12일 (12日)/가을 날의 동화 (秋天的童話)/남인사십 (男人四十)/내 인생의 햇살(一路瞳行)/반변인 (半邊人)/아버지의 마라탕 (花椒之味)/연지구 ('月+因'脂拘)/프리티 하트(心裏美)/허안화: 행복한 영화(好好拍電影)총 9 편,,2022.09.23.금 ~ 10.02.일,,미부착,,개방 가능,공공누리 2~4유형,,,,,O,,,"영화별 스틸컷1장, 포스터1장",
1374,한국영상자료원,HOME > 시네마테크KOFA > 프로그램 > 지난 프로그램,지난 프로그램,제19회 서울국제사랑영화제: 아가페의 눈 특별전,가버나움/브로커/어느 무신론자의 영적순례기: C.S 루이스 이야기총 3 편,,2022.09.27.화 ~ 09.29.목,,미부착,,개방 가능,공공누리 2~4유형,,,,O,,,,"저작권 보호되는 영화, 다수의 스틸컷",
1375,한국영상자료원,HOME > 시네마테크KOFA > 프로그램 > 지난 프로그램,지난 프로그램,헤어질 결심,밀회/안개/헤어질 결심/현기증총 4 편,,2022.10.04.화 ~ 10.09.일,,미부착,,개방 가능,공공누리 2~4유형,,,,O,,,,"저작권 보호되는 영화, 다수의 스틸컷",
1376,한국영상자료원,HOME > 시네마테크KOFA > 프로그램 > 지난 프로그램,지난 프로그램,10월 프로그래머의 초이스,블로우 아웃(필사의 추적)/클루트총 2 편,,2022.10.04.화 ~ 10.09.일,,미부착,,개방 가능,공공누리 2~4유형,,,,,O,,,영화별 스틸컷 1장 ,
1377,한국영상자료원,HOME > 시네마테크KOFA > 프로그램 > 지난 프로그램,지난 프로그램,미완의 사가: 아오야마 신지(1964-2022) 추모전,[묶음상영] 셀레브레이트 시네마 101 + 이미 늙어버린 그녀의 모든 것에 대해 말하지 않기 위하여/구름 위에 살다/도쿄공원/로지예: 나카가미 겐지가 남긴 필름/새드 배케이션/유레카/차가운 피/헬프리스총 8 편,,2022.10.11.화 ~ 10.19.수,,미부착,,개방 가능,공공누리 2~4유형,,,,O,,,,"저작권 보호되는 영화, 다수의 스틸컷",
1378,한국영상자료원,HOME > 시네마테크KOFA > 프로그램 > 지난 프로그램,지난 프로그램,제8회 서울국제음식영화제 - 음식 키워드로 다시 보는 한국 영화사: 조선의 미식가들,"[묶음 상영] 아스파라거스에 관한 에로틱 판타지 + 삼공일 삼공이(301,302)/가비/망부석/알카라스의 여름/왕의 남자/자산어보총 6 편",,2022.10.20.목 ~ 10.23.일,,미부착,,개방 가능,공공누리 2~4유형,,,,O,,,,"저작권 보호되는 영화, 다수의 스틸컷",
1379,한국영상자료원,HOME > 시네마테크KOFA > 프로그램 > 지난 프로그램,지난 프로그램,지금 우리 좀비는: 21세기 K좀비 연대기 - 한국영화박물관 전시 연계 기획전,반도/서울역총 2 편,,2022.10.21.금 ~ 10.29.토,,미부착,,개방 가능,공공누리 2~4유형,,,,O,,,,"저작권 보호되는 영화, 다수의 스틸컷",
1380,한국영상자료원,HOME > 시네마테크KOFA > 프로그램 > 지난 프로그램,지난 프로그램,가을영화클래식,만추/짧은 포옹 긴 이별/휴일총 3 편,,2022.11.01.화 ~ 11.08.화,,미부착,,개방 가능,공공누리 2~4유형,,,,O,,,,"저작권 보호되는 영화, 다수의 스틸컷",
1381,한국영상자료원,HOME > 시네마테크KOFA > 프로그램 > 지난 프로그램,지난 프로그램,<메모리아> 특별상영,메모리아총 1 편,,2022.11.03.목 ~ 11.08.화,,미부착,,개방 가능,공공누리 2~4유형,,,,O,,,,"저작권 보호되는 영화, 다수의 스틸컷",
1382,한국영상자료원,HOME > 시네마테크KOFA > 프로그램 > 지난 프로그램,지난 프로그램,"독립영화 쇼케이스: 몸, 장소, 영화로부터 온 질문들","그곳, 날씨는/들랑날랑 혼삿길/방문/섬이없는지도/송주원 단편선 <마후라> <나는 사자다> <풍정.각(風情.刻) 리얼타운> <풍정.각(風精.刻) 푸른고개가 있는 동네>/오시카무라에 부는 바람총 6 편",,2022.11.04.금 ~ 11.06.일,,미부착,,개방 가능,공공누리 2~4유형,,,,O,,,,"저작권 보호되는 영화, 다수의 스틸컷",
1383,한국영상자료원,HOME > 시네마테크KOFA > 프로그램 > 지난 프로그램,지난 프로그램,제12회 서울배리어프리영화제,"그레타 툰베리 (배리어프리)/배리어프리 단편애니메이션 (오늘이 / 건전지 아빠 / 린다의 신기한 여행: 문어 린다 / 린다의 신기한 여행: 파일럿 에피소드 / 하회, 허!)/배리어프리 단편영화 제작지원작 (가을이 여름에게 / 면상 / 영미 사진관), 배리어프리영화위원회 제작단편 (소리 찾기)/배리어프리자막 단편애니메이션 (비잇, 나무 / 나쁜 친구 / 곁에 / HolyMoly / D-Day / 저주소년 / 추신)/별의 정원 (배리어프리)/송해 1927 (배리어프리)/신발끈 (배리어프리자막)/오마주 (배리어프리)/우리들 (배리어프리)/코다 (배리어프리)/한산: 용의 출현 (배리어프리)총 11 편",,2022.11.09.수 ~ 11.13.일,,미부착,,개방 가능,공공누리 2~4유형,,,,O,,,,"저작권 보호되는 영화, 다수의 스틸컷",
1384,한국영상자료원,HOME > 시네마테크KOFA > 프로그램 > 지난 프로그램,지난 프로그램,우크라이나 영화제: 시네마에이드 마라톤,DZIDZIO 콘트라베이스/모르쉰의 11명의 아이들/캐롤 오브 더 벨스/톨로카총 4 편,,2022.11.15.화 ~ 11.20.일,,미부착,,개방 가능,공공누리 2~4유형,,,,,O,,,영화별 스틸컷 1장 ,
1385,한국영상자료원,HOME > 시네마테크KOFA > 프로그램 > 지난 프로그램,지난 프로그램,2022 세계 시청각 유산의 날 기념: 아카이빙 101,"3분 - 기억의 연장/셔커스: 잃어버린 필름을 찾아서/여판사/오마주/임신한 나무와 도깨비 [공연]/필름, 우리 기억의 살아있는 기록 [대담]총 6 편",,2022.11.17.목 ~ 12.10.토,,미부착,,개방 가능,공공누리 2~4유형,,,,O,,,,"저작권 보호되는 영화, 다수의 스틸컷",
1386,한국영상자료원,HOME > 시네마테크KOFA > 프로그램 > 지난 프로그램,지난 프로그램,2022 KOFA FLEA MARKET,2022년 KOFA 플리마켓총 1 편,,2022.11.19.토,,미부착,,개방 가능,공공누리 1유형,,,,,O,,,"단순 소개 이미지 자료, 저작권물성없음",
1387,한국영상자료원,HOME > 시네마테크KOFA > 프로그램 > 지난 프로그램,지난 프로그램,11월 프로그래머의 초이스,도어즈/배트맨 포에버/탑건총 3 편,,2022.11.22.화 ~ 11.24.목,,미부착,,개방 가능,공공누리 2~4유형,,,,O,,,,"저작권 보호되는 영화, 다수의 스틸컷",
1388,한국영상자료원,HOME > 시네마테크KOFA > 프로그램 > 지난 프로그램,지난 프로그램,2021-2022 한중 문화교류의 해 ‘월간한중’ 중국영화 특별상영전,소년시절의 너/원 세컨드/지구 최후의 밤총 3 편,,2022.11.25.금 ~ 11.26.토,,미부착,,개방 가능,공공누리 2~4유형,,,,O,,,,"저작권 보호되는 영화, 다수의 스틸컷",
1389,한국영상자료원,HOME > 시네마테크KOFA > 프로그램 > 지난 프로그램,지난 프로그램,독립영화 연말정산,같은 속옷을 입는 두 여자/경아의 딸/모어/바람아 안개를 걷어가다오/봉명주공/성덕/성적표의 김민영/초록밤/축복의 집/태어나길 잘했어/홈리스총 11 편,,2022.11.27.일 ~ 12.22.목,,미부착,,개방 가능,공공누리 2~4유형,,,,O,,,,"저작권 보호되는 영화, 다수의 스틸컷",
1390,한국영상자료원,HOME > 시네마테크KOFA > 프로그램 > 지난 프로그램,지난 프로그램,인도영화제,나트얌/샷 부트 쓰리/아난디 고팔/아수란/제슈토푸트로/파드마바트/하우스 오너총 7 편,,2022.12.02.금 ~ 12.07.수,,미부착,,개방 가능,공공누리 2~4유형,,,,,O,,,영화별 스틸컷 1장 ,
1391,한국영상자료원,HOME > 시네마테크KOFA > 프로그램 > 지난 프로그램,지난 프로그램,극장전 : <버텨내고 존재하기> 특별공연,버텨내고 존재하기총 1 편,,2022.12.09.금,,미부착,,개방 가능,공공누리 2~4유형,,,,O,,,,"저작권 보호되는 영화, 다수의 스틸컷",
1392,한국영상자료원,HOME > 시네마테크KOFA > 프로그램 > 지난 프로그램,지난 프로그램,제10회 필름게이트 단편영화제,단편 섹션(휴강 / 간청 / 광애 / 빨간마스크KF94 / 서점이야기)총 1 편,,2022.12.17.토,,미부착,,개방 가능,공공누리 2~4유형,,,,O,O,,,스틸컷 합성 모음,
1393,한국영상자료원,HOME > 시네마테크KOFA > 프로그램 > 지난 프로그램,지난 프로그램,위대한 영화_봉준호 감독의 리스트,매드 맥스: 분노의 도로/싸이코/조디악/큐어/하녀/행복한 라짜로총 6 편,,2022.12.29.목 ~ 01.19.목,,미부착,,개방 가능,공공누리 2~4유형,,,,O,,,,"저작권 보호되는 영화, 다수의 스틸컷",
1394,한국영상자료원,HOME > 시네마테크KOFA > 프로그램 > 지난 프로그램,지난 프로그램,2022 사사로운 영화 리스트,고독의 지리학/낮에는 덥고 밤에는 춥고/너의 눈을 들여다보면/노바디즈 히어로/노스맨/놉/리코리쉬 피자/사랑할 땐 누구나 최악이 된다/소설가의 영화/수프와 이데올로기/식물수집가/썸머 필름을 타고!/아마겟돈 타임/알카라스의 여름/어거스트 버진/어나더 라운드/인체해부도/퍼시픽션/플레이그라운드총 19 편,,2023.01.16.월 ~ 01.28.토,,미부착,,개방 가능,공공누리 2~4유형,,,,O,,,,"저작권 보호되는 영화, 다수의 스틸컷",
1395,한국영상자료원,HOME > 시네마테크KOFA > 프로그램 > 지난 프로그램,지난 프로그램,KOFA 계묘년 맞이 설날이브 고객 감사 특별상영,멋진 세계/탑총 2 편,,2023.01.20.금,,미부착,,개방 가능,공공누리 2~4유형,,,,O,,,,"저작권 보호되는 영화, 다수의 스틸컷",
1396,한국영상자료원,HOME > 시네마테크KOFA > 프로그램 > 지난 프로그램,지난 프로그램,제11회 재팬 파운데이션 무비 페스티벌,고양이와 쇼조와 두 여자/마음/만가/만국/만지/방랑기/부운/비용의 처/사랑의 갈증/설국/소레카라(그 후)/열쇠/오항/이즈의 무희/타오름/흔들리는 미덕총 16 편,,2023.01.25.수 ~ 02.11.토,,미부착,,개방 가능,공공누리 2~4유형,,,,,O,,,영화별 스틸컷 1장 ,
1397,한국영상자료원,HOME > 시네마테크KOFA > 프로그램 > 지난 프로그램,지난 프로그램,예술-인-가족,녹턴/니얼굴/물방울을 그리는 남자/불숨/울림의 탄생/작은새와 돼지씨총 6 편,,2023.02.14.화 ~ 02.22.수,,미부착,,개방 가능,공공누리 2~4유형,,,,O,,,,"저작권 보호되는 영화, 다수의 스틸컷",
1398,한국영상자료원,HOME > 시네마테크KOFA > 프로그램 > 지난 프로그램,지난 프로그램,"KOFA 더블 피쳐: 사랑의 노래, 영광의 춤",물랑 루즈/페임총 2 편,,2023.02.18.토 ~ 02.23.목,,미부착,,개방 가능,공공누리 2~4유형,,,,O,,,,"저작권 보호되는 영화, 다수의 스틸컷",
1399,한국영상자료원,HOME > 시네마테크KOFA > 프로그램 > 지난 프로그램,지난 프로그램,2월 프로그래머의 초이스,너의 새는 노래할 수 있어총 1 편,,2023.02.22.수 ~ 02.28.화,,미부착,,개방 가능,공공누리 2~4유형,,,,O,,,,"저작권 보호되는 영화, 다수의 스틸컷",
1400,한국영상자료원,HOME > 시네마테크KOFA > 프로그램 > 지난 프로그램,지난 프로그램,시네마테크KOFA가 주목한 2022년 한국영화,2차 송환/같은 속옷을 입는 두 여자/낮에는 덥고 밤에는 춥고/성적표의 김민영/소설가의 영화/수프와 이데올로기/오마주/임신한 나무와 도깨비/탑/헌트/헤어질 결심총 11 편,,2023.02.24.금 ~ 03.22.수,,미부착,,개방 가능,공공누리 2~4유형,,,,O,,,,"저작권 보호되는 영화, 다수의 스틸컷",
1401,한국영상자료원,HOME > 시네마테크KOFA > 프로그램 > 지난 프로그램,지난 프로그램,3.1운동 기획전: 기억으로 회피에 맞서다,녹/뼈/표적총 3 편,,2023.02.28.화 ~ 03.01.수,,미부착,,개방 가능,공공누리 2~4유형,,,,O,,,,"저작권 보호되는 영화, 다수의 스틸컷",
1402,한국영상자료원,HOME > 시네마테크KOFA > 프로그램 > 지난 프로그램,지난 프로그램,디렉터스 초이스 - 마이클 치미노: 할리우드 매버릭의 영광과 몰락,디어 헌터 /천국의 문총 2 편,,2023.03.03.금 ~ 03.09.목,,미부착,,개방 가능,공공누리 2~4유형,,,,O,,,,"저작권 보호되는 영화, 다수의 스틸컷",
1403,한국영상자료원,HOME > 시네마테크KOFA > 프로그램 > 지난 프로그램,지난 프로그램,KOFA 더블 피쳐: 서부의 컬트 히어로,비겁한 로버트 포드의 제시 제임스 암살/툼스톤총 2 편,,2023.03.10.금 ~ 03.14.화,,미부착,,개방 가능,공공누리 2~4유형,,,,O,,,,"저작권 보호되는 영화, 다수의 스틸컷",
1404,한국영상자료원,HOME > 시네마테크KOFA > 프로그램 > 지난 프로그램,지난 프로그램,<미성년> 특별상영,미성년총 1 편,,2023.03.11.토,,미부착,,개방 가능,공공누리 2~4유형,,,,O,,,,"저작권 보호되는 영화, 다수의 스틸컷",
1405,한국영상자료원,HOME > 시네마테크KOFA > 프로그램 > 지난 프로그램,지난 프로그램,3월 프로그래머의 초이스,세브린느/트리스타나총 2 편,,2023.03.15.수 ~ 03.22.수,,미부착,,개방 가능,공공누리 2~4유형,,,,O,,,,"저작권 보호되는 영화, 다수의 스틸컷",
1406,한국영상자료원,HOME > 시네마테크KOFA > 프로그램 > 지난 프로그램,지난 프로그램,서울단편영화제 PLAY-RE-PLAY 1994-1997,[섹션1] 스케이트 + 초촌면 신암리 + 엄마의 사랑은 끝이 없어라 + 기념촬영 + 간과 감자/[섹션2] 다우징 + 오버미 + 과대망상 + 왜울어 + 광대들의 꿈/[섹션3] 온실 + 낙타뒤에서 + 테레비 + 생강/[섹션4] 오래된 비행기 + 지금 + 영창이야기 + 그랜드 파더 + 모범시민/[섹션5] 생강 + 기념촬영 + 간과 감자 + 우중산책/[섹션6] 나마스테 서울 + 열일곱 + 메멘토/[섹션7] 한국 단편영화의 힘 + 슬픈 열대 + 어머니 + 경멸 + 오래된 꿈 + 우중산책총 7 편,,2023.03.23.목 ~ 03.25.토,,미부착,,개방 가능,공공누리 2~4유형,,,,,O,,,영화별 스틸컷,
1407,한국영상자료원,HOME > 시네마테크KOFA > 프로그램 > 지난 프로그램,지난 프로그램,영화와 공간: 런던,나는 비밀을 알고 있다/나의 아름다운 세탁소/네이키드 [4K 복원판]/노팅 힐/더 퀸/롱 굿 프라이데이(암흑가의 금요일)/무대 공포증/밤 그리고 도시 [4K 복원판]/비틀즈: 하드 데이즈 나이트/알피/엑시비션/올리버 트위스트/욕망/위대한 유산/인생은 향기로워/팬텀 스레드/퍼포먼스/프렌지/피쉬 탱크/하숙인: 런던의 안개 이야기총 20 편,,2023.03.28.화 ~ 04.21.금,,미부착,,개방 가능,공공누리 2~4유형,,,,O,,,,"저작권 보호되는 영화, 다수의 스틸컷",
1408,한국영상자료원,HOME > 시네마테크KOFA > 프로그램 > 지난 프로그램,지난 프로그램,제주4.3 특별상영 : 침묵의 증언,돌들이 말할 때까지총 1 편,,2023.04.01.토,,미부착,,개방 가능,공공누리 2~4유형,,,,O,,,,"저작권 보호되는 영화, 다수의 스틸컷",
1409,한국영상자료원,HOME > 시네마테크KOFA > 프로그램 > 지난 프로그램,지난 프로그램,"장애인의 날, 배리어프리영화 특별상영회",그레타 툰베리 (배리어프리)총 1 편,,2023.04.22.토,,미부착,,개방 가능,공공누리 2~4유형,,,,O,O,,,스틸컷 1장,
1410,한국영상자료원,HOME > 시네마테크KOFA > 프로그램 > 지난 프로그램,지난 프로그램,위대한 영화_홍상수 감독의 리스트,녹색광선/오데트/익사에서 구조된 부뒤/일출/젊은 날의 링컨총 5 편,,2023.04.22.토 ~ 04.29.토,,미부착,,개방 가능,공공누리 2~4유형,,,,O,,,,"저작권 보호되는 영화, 다수의 스틸컷",
1411,한국영상자료원,HOME > 시네마테크KOFA > 프로그램 > 지난 프로그램,지난 프로그램,4월 프로그래머의 초이스,더 웨일/애프터썬총 2 편,,2023.04.25.화 ~ 05.05.금,,미부착,,개방 가능,공공누리 2~4유형,,,,O,,,,"저작권 보호되는 영화, 다수의 스틸컷",
1412,한국영상자료원,HOME > 시네마테크KOFA > 프로그램 > 지난 프로그램,지난 프로그램,특별상영 - 홍상수 감독의 <물안에서>,물안에서총 1 편,,2023.04.28.금,,미부착,,개방 가능,공공누리 2~4유형,,,,O,,,,"저작권 보호되는 영화, 다수의 스틸컷",
1413,한국영상자료원,HOME > 시네마테크KOFA > 프로그램 > 지난 프로그램,지난 프로그램,"오랜만에 극장에서,",TAR 타르/개들의 섬/그녀가 말했다/에브리씽 에브리웨어 올 앳 원스/판타스틱 Mr. 폭스/프렌치 디스패치총 6 편,,2023.05.02.화 ~ 05.16.화,,미부착,,개방 가능,공공누리 2~4유형,,,,O,,,,"저작권 보호되는 영화, 다수의 스틸컷",
1414,한국영상자료원,HOME > 시네마테크KOFA > 프로그램 > 지난 프로그램,지난 프로그램,"배우 강수연 1주기 추모전 '강수연, 영화롭게 오랫동안'",달빛 길어올리기/무소의 뿔처럼 혼자서 가라/처녀들의 저녁식사총 3 편,,2023.05.06.토,,미부착,,개방 가능,공공누리 2~4유형,,,,O,,,,"저작권 보호되는 영화, 다수의 스틸컷",
1415,한국영상자료원,HOME > 시네마테크KOFA > 프로그램 > 지난 프로그램,지난 프로그램,제10회 들꽃영화제,"1975 킬링필드, 푸난/같은 속옷을 입는 두 여자/나나/나를 죽여줘/녹턴/다음 소희/더 써니 사이드 오브 더 스트리트/모어/물방울을 그리는 남자/불도저에 탄 소녀/새벽까지 버스 정류장에서/성적표의 김민영/수프와 이데올로기/여명이 비추는 길/오마주/오픈 더 도어/윤시내가 사라졌다/작은새와 돼지씨/차별총 19 편",,2023.05.10.수 ~ 05.20.토,,미부착,,개방 가능,공공누리 2~4유형,,,,O,,,,"저작권 보호되는 영화, 다수의 스틸컷",
1416,한국영상자료원,HOME > 시네마테크KOFA > 프로그램 > 지난 프로그램,지난 프로그램,지금 우리 좀비는,[단편섹션1] 불한당들+리메인+혈연/[단편섹션2] 역귀+29번째 호흡+그리고 집/괴시(怪屍) [35mm 필름 상영]/기묘한 가족/부산행/살아있는 시체들의 밤 [4K 복원본]/카메라를 멈추면 안 돼!/카메라를 멈추면 안 돼! 프랑스에서도총 8 편,,2023.05.23.화 ~ 05.27.토,,미부착,,개방 가능,공공누리 2~4유형,,,,O,,,,"저작권 보호되는 영화, 다수의 스틸컷",
1417,한국영상자료원,HOME > 시네마테크KOFA > 프로그램 > 현재/예정 프로그램,지난 프로그램,KOFA 더블 피쳐: 스필버그 셀렉션,리버티 밸런스를 쏜 사나이/멋진 인생/뮌헨/미지와의 조우/슈가랜드 특급/아라비아의 로렌스/에이.아이./이티/죠스/지상 최대의 쇼총 10 편,,2023.05.30.화 ~ 06.30.금,,미부착,,개방 가능,공공누리 2~4유형,,,,O,,,,"저작권 보호되는 영화, 다수의 스틸컷",
1418,한국영상자료원,HOME > 시네마테크KOFA > 프로그램 > 현재/예정 프로그램,지난 프로그램,"시네마테크KOFA 발굴, 복원 그리고 초기영화로의 초대","감자 (윤정희 1944 ~ 2023)/경멸 (장 뤽 고다르, 1930~2022)/그리스 (올리비아 뉴튼존, 1948~2022)/낙동강/너에게 나를 보낸다/네버엔딩 스토리 (볼프강 페터슨, 1941~2022)/대부 (제임스 칸, 1940~2022)/데이지즈/도둑 (제임스 칸, 1940~2022)/똘이장군 제3땅굴편/뤼미에르/릴리안 기쉬/마법사를 사랑하라 (카를로스 사우라, 1932~2023)/마음의 고향/만사형통 (장 뤽 고다르, 1930~2022)/미드나잇 카우보이/미치광이 피에로 (장 뤽 고다르, 1930~2022)/바람부는 날에도 꽃은 피고/밤의 강/버진 수이사이드 /보디 히트 (윌리엄 허트, 1950~ 2022)/분노의 주먹 (성난 황소)/비디오드롬/빅 퍼레이드/사랑은 비를 타고/사춘기 소녀/살인마/언제나 마음은 태양 (시드니 포이티어, 1927~2022)/엄마와 창녀/잇 [상영 + 라이브 연주 공연]/전장의 크리스마스 (사카모토 류이치, 1952~2023)/카르멘 (카를로스 사우라, 1932~2023)/태권동자 마루치 아라치/피의 결혼식 (카를로스 사우라, 1932 ~2023)총 34 편",,2023.06.01.목 ~ 08.12.토,,미부착,,개방 가능,공공누리 2~4유형,,,,O,,,,"저작권 보호되는 영화, 다수의 스틸컷",
1419,한국영상자료원,HOME > 시네마테크KOFA > 프로그램 > 지난 프로그램,지난 프로그램,한미동맹 70주년 <돌아오지 않는 해병> 4K 복원판 특별상영,돌아오지 않는 해병 [4K 복원판]/돌아오지 않는 해병 [해외개봉판]총 2 편,,2023.06.22.목,,미부착,,개방 가능,공공누리 2~4유형,,,,O,,,,"저작권 보호되는 영화, 다수의 스틸컷",
1420,한국영상자료원,HOME > 시네마테크KOFA > 프로그램 > 지난 프로그램,지난 프로그램,[국제학술회의] 영상과 냉전아시아 : 북한노획영상과 미군 영상으로 본 사상심리전,,,2023.06.23.금,,미부착,,개방 가능,공공누리 1유형,,,,,O,,,"포스터, 저작물성 없음",
1421,한국영상자료원,HOME > 시네마테크KOFA > 프로그램 > 현재/예정 프로그램,지난 프로그램,7월 디렉터스 초이스 <코야니스카시> 35밀리 필름 상영,코야니스카시총 1 편,,2023.07.01.토 ~ 07.07.금,,미부착,,개방 가능,공공누리 2~4유형,,,,O,,,,"저작권 보호되는 영화, 다수의 스틸컷",
1422,한국영상자료원,HOME > 시네마테크KOFA > 프로그램 > 현재/예정 프로그램,지난 프로그램,[국제학술회의]김기영 영화의 재조명,나는 트럭이다+이어도/반금련총 2 편,,2023.07.08.토,,미부착,,개방 가능,공공누리 2~4유형,,,,O,,,,"저작권 보호되는 영화, 다수의 스틸컷",
1423,한국영상자료원,HOME > 시네마테크KOFA > 프로그램 > 현재/예정 프로그램,지난 프로그램,8월 프로그래머의 초이스,사랑의 여로/사랑하는 여인들총 2 편,,2023.08.15.화 ~ 08.16.수,,미부착,,개방 가능,공공누리 2~4유형,,,,O,,,,"저작권 보호되는 영화, 다수의 스틸컷",
1424,한국영상자료원,HOME > 시네마테크KOFA > 뉴스/공지,뉴스/공지,김기덕 감독의 대표작 14편 상영,,https://www.koreafilm.or.kr/cinematheque/notice,2016.04.11,첨부파일,1유형,,개방 가능,공공누리 1유형,,,O,,,,,보도자료,
1425,한국영상자료원,HOME > 시네마테크KOFA > 뉴스/공지,뉴스/공지,클래식과 영화를 위한 이중주,,,2016.04.26,첨부파일,1유형,,개방 가능,공공누리 1유형,,,O,,,,,보도자료,
1426,한국영상자료원,HOME > 시네마테크KOFA > 뉴스/공지,뉴스/공지,세계영화사 걸작이 한 자리에 모인다,,,2016.05.03,첨부파일,1유형,,개방 가능,공공누리 1유형,,,O,,,,,보도자료,
1427,한국영상자료원,HOME > 시네마테크KOFA > 뉴스/공지,뉴스/공지,"8·15특별전 ‘광복의 꿈, 광명의 희망’ 개최",,,2016.08.11,첨부파일,1유형,,개방 가능,공공누리 1유형,,,O,,,,,보도자료,
1428,한국영상자료원,HOME > 시네마테크KOFA > 뉴스/공지,뉴스/공지,마틴 스콜세지 감독 기획전 개최,,,2016.08.22,첨부파일,1유형,,개방 가능,공공누리 1유형,,,O,,,,,보도자료,
1429,한국영상자료원,HOME > 시네마테크KOFA > 뉴스/공지,뉴스/공지,"영화배우 故구봉서, 그가 남긴 따뜻한 웃음을 스크린에서 만난다",,,2016.09.05,첨부파일,1유형,,개방 가능,공공누리 1유형,,,O,,,,,보도자료,
1430,한국영상자료원,HOME > 시네마테크KOFA > 뉴스/공지,뉴스/공지,"스크린으로 만나는 인도 문화, 한국영상자료원 ‘인도 영화제’ 개최",,,2016.09.29,첨부파일,1유형,,개방 가능,공공누리 1유형,,,O,,,,,보도자료,
1431,한국영상자료원,HOME > 시네마테크KOFA > 뉴스/공지,뉴스/공지,"스크린 위 50년의 역사, 배우 윤여정의 과거와 현재를 엿보다",,,2016.09.29,첨부파일,1유형,,개방 가능,공공누리 1유형,,,O,,,,,보도자료,
1432,한국영상자료원,HOME > 시네마테크KOFA > 뉴스/공지,뉴스/공지,단성사 흥행열전! 역사가 된 영화관 ‘단성사’의 영화들,,,2016.10.19,첨부파일,1유형,,개방 가능,공공누리 1유형,,,O,,,,,보도자료,
1433,한국영상자료원,HOME > 시네마테크KOFA > 뉴스/공지,뉴스/공지,[심포지엄]‘단관개봉 극장’의 기억,,,2016.11.02,첨부파일,1유형,,개방 가능,공공누리 1유형,,,O,,,,,보도자료,
1434,한국영상자료원,HOME > 시네마테크KOFA > 뉴스/공지,뉴스/공지,한국영상자료원-주한독일문화원 공동으로 국제심포지엄 및 특별상영 개최,,,2016.11.18,첨부파일,1유형,,개방 가능,공공누리 1유형,,,O,,,,,단순 정보,
1435,한국영상자료원,HOME > 시네마테크KOFA > 뉴스/공지,뉴스/공지,주한 외교단과 함께 하는 월드 시네마 위크,,,2016.12.02,첨부파일,1유형,,개방 가능,공공누리 1유형,,,O,,,,,보도자료,
1436,한국영상자료원,HOME > 시네마테크KOFA > 뉴스/공지,뉴스/공지,시네마테크KOFA 온라인 예매(맥스무비) 정상화 안내,,,2017.01.31,,미부착,,개방 가능,공공누리 1유형,,,O,,,,,단순 정보,
1437,한국영상자료원,HOME > 시네마테크KOFA > 뉴스/공지,뉴스/공지,로버트 알트만 X 폴 토마스 앤더슨 상영일정 변경,,,2017.02.14,,미부착,,개방 가능,공공누리 1유형,,,O,,,,,단순 정보,
1438,한국영상자료원,HOME > 시네마테크KOFA > 뉴스/공지,뉴스/공지,"2월 28일 16시 10분, 맥스무비 예매 종료",,,2017.02.28,,미부착,,개방 가능,공공누리 1유형,,,O,,,,,단순 정보,
1439,한국영상자료원,HOME > 시네마테크KOFA > 뉴스/공지,뉴스/공지,시네마테크KOFA 온라인 예매 절차 변경 안내,,,2017.02.28,,1유형,,개방 가능,공공누리 1유형,,,O,,,,,단순 정보,
1440,한국영상자료원,HOME > 시네마테크KOFA > 뉴스/공지,뉴스/공지,시네마테크KOFA 온라인 예매시스템 회원제 연동 안내,,,2017.03.31,,미부착,,개방 가능,공공누리 1유형,,,O,,,,,단순 정보,
1441,한국영상자료원,HOME > 시네마테크KOFA > 뉴스/공지,뉴스/공지,[이벤트] 4월 시네마테크KOFA '안성기展' 연계 발간물 특별 할인,,,2017.04.12,,미부착,,개방 가능,공공누리 1유형,,,O,,,,,단순 정보,
1442,한국영상자료원,HOME > 시네마테크KOFA > 뉴스/공지,뉴스/공지,[임시휴관안내] 제19대 대통령선거일(2017년 5월 9일 화요일),,,2017.04.25,,미부착,,개방 가능,공공누리 1유형,,,O,,,,,단순 정보,
1443,한국영상자료원,HOME > 시네마테크KOFA > 뉴스/공지,뉴스/공지,"[이벤트] 5월 시네마테크KOFA '발굴, 복원 그리고 초기영화로의 초대 ' 연계 발간물 특별 할인",,,2017.05.18,,미부착,,개방 가능,공공누리 1유형,,,O,,,,,단순 정보,
1444,한국영상자료원,HOME > 시네마테크KOFA > 뉴스/공지,뉴스/공지,"<영화와 공간> 개막 기념 및 '문화가 있는 날' 증정 이벤트 ""푸드박스 속 행운의 포춘 쿠키를 찾아라!""",,,2017.07.25,,미부착,,개방 가능,공공누리 1유형,,,O,,,,,단순 정보,
1445,한국영상자료원,HOME > 시네마테크KOFA > 뉴스/공지,뉴스/공지,[임시휴관안내] 2017년 9월 12일(화)~14일(목),,,2017.08.29,,미부착,,개방 가능,공공누리 1유형,,,O,,,,,단순 정보,
1446,한국영상자료원,HOME > 시네마테크KOFA > 뉴스/공지,뉴스/공지,[예매 오픈] <희망의 건너편>(23일 상영) 온라인 예매 관련,,,2017.12.18,,미부착,,개방 가능,공공누리 1유형,,,O,,,,,단순 정보,
1447,한국영상자료원,HOME > 시네마테크KOFA > 뉴스/공지,뉴스/공지,[시네마테크KOFA 온라인 예매 관련 안내],,,2017.12.23,,미부착,,개방 가능,공공누리 1유형,,,O,,,,,단순 정보,
1448,한국영상자료원,HOME > 시네마테크KOFA > 뉴스/공지,뉴스/공지,[휴관안내] 한국영상자료원 창립기념일 휴관 안내,,,2018.01.05,,미부착,,개방 가능,공공누리 1유형,,,O,,,,,단순 정보,
1449,한국영상자료원,HOME > 시네마테크KOFA > 뉴스/공지,뉴스/공지,[시네마테크KOFA 새로운 소식],,,2018.01.12,,미부착,,개방 가능,공공누리 1유형,,,O,,,,,단순 정보,
1450,한국영상자료원,HOME > 시네마테크KOFA > 뉴스/공지,뉴스/공지,[이벤트] 시네마테크KOFA와 카페1895,,,2018.02.01,,미부착,,개방 가능,공공누리 1유형,,,O,,,,,단순 정보,
1451,한국영상자료원,HOME > 시네마테크KOFA > 뉴스/공지,뉴스/공지,[휴관안내] 시네마테크KOFA 2월,,,2018.02.01,,미부착,,개방 가능,공공누리 1유형,,,O,,,,,단순 정보,
1452,한국영상자료원,HOME > 시네마테크KOFA > 뉴스/공지,뉴스/공지,<불한당: 나쁜 놈들의 세상 GV> 온라인 예매 매진 알려드립니다.,,,2018.02.06,,미부착,,개방 가능,공공누리 1유형,,,O,,,,,단순 정보,
1453,한국영상자료원,HOME > 시네마테크KOFA > 뉴스/공지,뉴스/공지,<불한당: 나쁜 놈들의 세상> GV 예매 관련 공지입니다,,,2018.02.06,첨부파일,미부착,,개방 가능,공공누리 1유형,,,O,,,,,단순 정보,
1454,한국영상자료원,HOME > 시네마테크KOFA > 뉴스/공지,뉴스/공지,2018-02-10-토 15시 <불한당: 나쁜 놈들의 세상 GV> 현장예매 및 당일 운영 원칙 관련 공지,,,2018.02.08,첨부파일,미부착,,개방 가능,공공누리 1유형,,,O,,,,,단순 정보,
1455,한국영상자료원,HOME > 시네마테크KOFA > 뉴스/공지,뉴스/공지,시네마테크KOFA 온라인/현장 예매 관련 공지드립니다.,,,2018.02.12,,미부착,,개방 가능,공공누리 1유형,,,O,,,,,단순 정보,
1456,한국영상자료원,HOME > 시네마테크KOFA > 뉴스/공지,뉴스/공지,<용서받지 못한 자> 상영 관련 공지드립니다.,,,2018.02.27,,미부착,,개방 가능,공공누리 1유형,,,O,,,,,단순 정보,
1457,한국영상자료원,HOME > 시네마테크KOFA > 뉴스/공지,뉴스/공지,<용서받지 못한 자> 3/7 상영 및 추가상영 관련 공지,,,2018.03.02,,미부착,,개방 가능,공공누리 1유형,,,O,,,,,단순 정보,
1458,한국영상자료원,HOME > 시네마테크KOFA > 뉴스/공지,뉴스/공지,2018-03-18-일 14시 <불한당: 나쁜 놈들의 세상> GV 예매 공지,,,2018.03.09,,미부착,,개방 가능,공공누리 1유형,,,O,,,,,단순 정보,
1459,한국영상자료원,HOME > 시네마테크KOFA > 뉴스/공지,뉴스/공지,2018-03-18-일 14시 <불한당: 나쁜 놈들의 세상 GV> 예매 관련 공지,,,2018.03.14,첨부파일,미부착,,개방 가능,공공누리 1유형,,,O,,,,,단순 정보,
1460,한국영상자료원,HOME > 시네마테크KOFA > 뉴스/공지,뉴스/공지,[추가 모집] <김기영 전작전> “시네토크: 우리 시대의 김기영” 참가 신청 안내,,,2018.03.23,,미부착,,개방 가능,공공누리 1유형,,,O,,,,,단순 정보,
1461,한국영상자료원,HOME > 시네마테크KOFA > 뉴스/공지,뉴스/공지,[휴관안내] 시네마테크KOFA 5월,,,2018.04.24,,미부착,,개방 가능,공공누리 1유형,,,O,,,,,단순 정보,
1462,한국영상자료원,HOME > 시네마테크KOFA > 뉴스/공지,뉴스/공지,[이벤트] 시네마테크KOFA의 영화 정원,,,2018.04.24,,미부착,,개방 가능,공공누리 1유형,,,O,,,,,단순 정보,
1463,한국영상자료원,HOME > 시네마테크KOFA > 뉴스/공지,뉴스/공지,시네마테크KOFA 온라인 예매 취소 안내,,,2018.05.03,,미부착,,개방 가능,공공누리 1유형,,,O,,,,,단순 정보,
1464,한국영상자료원,HOME > 시네마테크KOFA > 뉴스/공지,뉴스/공지,[휴관안내] 시네마테크KOFA 6월,,,2018.05.24,,미부착,,개방 가능,공공누리 1유형,,,O,,,,,단순 정보,
1465,한국영상자료원,HOME > 시네마테크KOFA > 뉴스/공지,뉴스/공지,회원증 퀵버튼 설치,,,2018.07.17,,미부착,,개방 불가,공공누리 부착 불가,,,,,O,,,영화 스틸컷 사용에 대한 동의 여부 불분명하므로 개방불가로 처리,
1466,한국영상자료원,HOME > 시네마테크KOFA > 뉴스/공지,뉴스/공지,시네마테크KOFA 2018-08-10(금)온라인 예매관련 공지드립니다.,,,2018.08.05,,미부착,,개방 가능,공공누리 1유형,,,O,,,,,단순 정보,
1467,한국영상자료원,HOME > 시네마테크KOFA > 뉴스/공지,뉴스/공지,2018-08-10-금 16시 30분 & 19시 30분 예매 재오픈 공지,,,2018.08.07,,미부착,,개방 가능,공공누리 1유형,,,O,,,,,단순 정보,
1468,한국영상자료원,HOME > 시네마테크KOFA > 뉴스/공지,뉴스/공지,8/11(토) 19시 <사탄의 인형> 상영 포맷 변경,,,2018.08.07,,미부착,,개방 가능,공공누리 1유형,,,O,,,,,단순 정보,
1469,한국영상자료원,HOME > 시네마테크KOFA > 뉴스/공지,뉴스/공지,"<흥해랏, 그녀들!: 배우 이민지, 이상희, 이주영 특별전> 상영작 관련",,,2018.08.21,,미부착,,개방 가능,공공누리 1유형,,,O,,,,,단순 정보,
1470,한국영상자료원,HOME > 시네마테크KOFA > 뉴스/공지,뉴스/공지,[상영작 변경 안내] <우리동네 락스타> → <지상의 별처럼>,,,2018.09.10,,미부착,,개방 가능,공공누리 1유형,,,O,,,,,단순 정보,
1471,한국영상자료원,HOME > 시네마테크KOFA > 뉴스/공지,뉴스/공지,카페1895 머그컵이 제작되었습니다,,,2018.09.11,,미부착,,개방 가능,공공누리 1유형,,,O,,,,,단순 정보,
1472,한국영상자료원,HOME > 시네마테크KOFA > 뉴스/공지,뉴스/공지,시네마테크KOFA 티켓박스 오픈 시각 변경,,,2018.09.19,,미부착,,개방 가능,공공누리 1유형,,,O,,,,,단순 정보,
1473,한국영상자료원,HOME > 시네마테크KOFA > 뉴스/공지,뉴스/공지,[이벤트] 시네마테크KOFA 굿즈 연말정산 이벤트,,,2018.11.30,,미부착,,개방 가능,공공누리 1유형,,,O,,,,,단순 정보,
1474,한국영상자료원,HOME > 시네마테크KOFA > 뉴스/공지,뉴스/공지,[휴관안내] 시네마테크KOFA 12월,,,2018.12.04,,미부착,,개방 가능,공공누리 1유형,,,O,,,,,단순 정보,
1475,한국영상자료원,HOME > 시네마테크KOFA > 뉴스/공지,뉴스/공지,"<쓰리 빌보드>, <통행증> 추가 상영 안내",,,2018.12.27,,미부착,,개방 가능,공공누리 1유형,,,O,,,,,단순 정보,
1476,한국영상자료원,HOME > 시네마테크KOFA > 뉴스/공지,뉴스/공지,시네마테크KOFA 노쇼 근절 정책 시행 및 관람 예절 캠페인 진행,,,2019.01.02,,미부착,,개방 가능,공공누리 1유형,,,O,,,,,단순 정보,
1477,한국영상자료원,HOME > 시네마테크KOFA > 뉴스/공지,뉴스/공지,온라인 및 현장 예매 좌석 구분 변경,,,2019.01.24,,미부착,,개방 가능,공공누리 1유형,,,O,,,,,단순 정보,
1478,한국영상자료원,HOME > 시네마테크KOFA > 뉴스/공지,뉴스/공지,2월 16일 상영작 <공작GV> <버닝GV> 현장예매 및 당일 운영 원칙 안내,,,2019.02.13,,미부착,,개방 가능,공공누리 1유형,,,O,,,,,단순 정보,
1479,한국영상자료원,HOME > 시네마테크KOFA > 뉴스/공지,뉴스/공지,3월 1일 상영작 <말모이> 당일 현장예매 및 운영 원칙 안내,,,2019.02.27,,미부착,,개방 가능,공공누리 1유형,,,O,,,,,단순 정보,
1480,한국영상자료원,HOME > 시네마테크KOFA > 뉴스/공지,뉴스/공지,3월 5일 <할매꽃> 상영 안내,,,2019.03.04,,미부착,,개방 가능,공공누리 1유형,,,O,,,,,단순 정보,
1481,한국영상자료원,HOME > 시네마테크KOFA > 뉴스/공지,뉴스/공지,[휴관안내] 3월 14일~21일 시설 점검 및 극장 청결 작업,,,2019.03.06,,미부착,,개방 가능,공공누리 1유형,,,O,,,,,단순 정보,
1482,한국영상자료원,HOME > 시네마테크KOFA > 뉴스/공지,뉴스/공지,3월 24일 <키친> 현장예매 및 당일 운영원칙,,,2019.03.22,,미부착,,개방 가능,공공누리 1유형,,,O,,,,,단순 정보,
1483,한국영상자료원,HOME > 시네마테크KOFA > 뉴스/공지,뉴스/공지,3월 30일 (토) 14:00 <막다른 골목의 추억 GV> 당일 현장예매 및 운영 원칙,,,2019.03.29,,미부착,,개방 가능,공공누리 1유형,,,O,,,,,단순 정보,
1484,한국영상자료원,HOME > 시네마테크KOFA > 뉴스/공지,뉴스/공지,<리틀 드러머 걸: 감독판> 예매 및 운영 안내,,,2019.04.16,,미부착,,개방 가능,공공누리 1유형,,,O,,,,,단순 정보,
1485,한국영상자료원,HOME > 시네마테크KOFA > 뉴스/공지,뉴스/공지,<리틀 드러머 걸: 감독판> 예매 안내,,,2019.04.30,,미부착,,개방 가능,공공누리 1유형,,,O,,,,,단순 정보,
1486,한국영상자료원,HOME > 시네마테크KOFA > 뉴스/공지,뉴스/공지,[휴관안내] 6월 25일(화)~6월 30일(일),,,2019.06.13,,미부착,,개방 가능,공공누리 1유형,,,O,,,,,단순 정보,
1487,한국영상자료원,HOME > 시네마테크KOFA > 뉴스/공지,뉴스/공지,[상영작 변경] 고질라 → 신 고질라,,,2019.07.04,,미부착,,개방 가능,공공누리 1유형,,,O,,,,,단순 정보,
1488,한국영상자료원,HOME > 시네마테크KOFA > 뉴스/공지,뉴스/공지,7월 18일(목) 주차장 진입로 도색공사로 인한 부분폐쇄 안내,,,2019.07.17,,미부착,,개방 가능,공공누리 1유형,,,O,,,,,단순 정보,
1489,한국영상자료원,HOME > 시네마테크KOFA > 뉴스/공지,뉴스/공지,8월 10일 14시 <마녀 GV> 예매 안내입니다.,,,2019.07.23,,미부착,,개방 가능,공공누리 1유형,,,O,,,,,단순 정보,
1490,한국영상자료원,HOME > 시네마테크KOFA > 뉴스/공지,뉴스/공지,19-08-10(토) 14시 <마녀> GV 예매 및 운영 안내,,,2019.08.09,,미부착,,개방 가능,공공누리 1유형,,,O,,,,,단순 정보,
1491,한국영상자료원,HOME > 시네마테크KOFA > 뉴스/공지,뉴스/공지,2019-08-15(목) 14:00 상영작 <항거:유관순 이야기 GV> 현장예매 안내,,,2019.08.14,,미부착,,개방 가능,공공누리 1유형,,,O,,,,,단순 정보,
1492,한국영상자료원,HOME > 시네마테크KOFA > 뉴스/공지,뉴스/공지,2019.09.01 <리틀 드러머 걸: 감독판 GV> 예매 및 현장 운영 안내,,,2019.08.25,,미부착,,개방 가능,공공누리 1유형,,,O,,,,,단순 정보,
1493,한국영상자료원,HOME > 시네마테크KOFA > 뉴스/공지,뉴스/공지,해피투게더 '나만의' 독립영화! 이벤트,,,2019.10.02,첨부파일,미부착,,개방 가능,공공누리 1유형,,,O,,,,,단순 정보,
1494,한국영상자료원,HOME > 시네마테크KOFA > 뉴스/공지,뉴스/공지,시네마테크KOFA 2019-10-09(수)퍼스트 리폼드 상영 관련 공지드립니다.,,,2019.10.09,,미부착,,개방 가능,공공누리 1유형,,,O,,,,,단순 정보,
1495,한국영상자료원,HOME > 시네마테크KOFA > 뉴스/공지,뉴스/공지,11월 2일 <증인> 온라인 예매 10월 28일 오후 14시 20분 오픈,,,2019.10.28,,미부착,,개방 가능,공공누리 1유형,,,O,,,,,단순 정보,
1496,한국영상자료원,HOME > 시네마테크KOFA > 뉴스/공지,뉴스/공지,11월 2일 <증인 GV> 현장예매 및 당일 운영 안내,,,2019.10.28,,미부착,,개방 가능,공공누리 1유형,,,O,,,,,단순 정보,
1497,한국영상자료원,HOME > 시네마테크KOFA > 뉴스/공지,뉴스/공지,인디다큐X상암 디저트 이벤트,,,2019.11.12,,미부착,,개방 가능,공공누리 1유형,,,O,,,,,단순 정보,
1498,한국영상자료원,HOME > 시네마테크KOFA > 뉴스/공지,뉴스/공지,<세계영화사의 순간들> 추가 신청 안내 공지: 11월 15일(금) 자정부터~,,,2019.11.14,,미부착,,개방 가능,공공누리 1유형,,,O,,,,,단순 정보,
1499,한국영상자료원,HOME > 시네마테크KOFA > 뉴스/공지,뉴스/공지,"[당첨자 재안내] 위 게더, 해피투게더! '나만의' 독립영화 추천사 이벤트 당첨자 안내(사용날짜 변경)",,,2019.11.16,첨부파일,미부착,,개방 가능,공공누리 1유형,,,O,,,,,단순 정보,
1500,한국영상자료원,HOME > 시네마테크KOFA > 뉴스/공지,뉴스/공지,현장예매석/홈페이지예매석 전환 안내,,,2019.12.03,,미부착,,개방 가능,공공누리 1유형,,,O,,,,,단순 정보,
1501,한국영상자료원,HOME > 시네마테크KOFA > 뉴스/공지,뉴스/공지,19/12/07 14시 <로지타> 상영 관련입니다.,,,2019.12.07,,미부착,,개방 가능,공공누리 1유형,,,O,,,,,단순 정보,
1502,한국영상자료원,HOME > 시네마테크KOFA > 뉴스/공지,뉴스/공지,[휴관안내] 12월 17일(화)~12월 22일(일),,,2019.12.10,,미부착,,개방 가능,공공누리 1유형,,,O,,,,,단순 정보,
1503,한국영상자료원,HOME > 시네마테크KOFA > 뉴스/공지,뉴스/공지,<로지타> 추가 상영 안내,,,2019.12.10,,미부착,,개방 가능,공공누리 1유형,,,O,,,,,단순 정보,
1504,한국영상자료원,HOME > 시네마테크KOFA > 뉴스/공지,뉴스/공지,<미드소마> 러닝타임 변경,,,2019.12.25,,미부착,,개방 가능,공공누리 1유형,,,O,,,,,단순 정보,
1505,한국영상자료원,HOME > 시네마테크KOFA > 뉴스/공지,뉴스/공지,[새로운 소식] 시네마테크KOFA 2020년 운영 변동 사항(수정 공지 2차),,,2019.12.27,,미부착,,개방 가능,공공누리 1유형,,,O,,,,,단순 정보,
1506,한국영상자료원,HOME > 시네마테크KOFA > 뉴스/공지,뉴스/공지,[예매오픈] 1월 7일 상영작,,,2020.01.02,,미부착,,개방 가능,공공누리 1유형,,,O,,,,,단순 정보,
1507,한국영상자료원,HOME > 시네마테크KOFA > 뉴스/공지,뉴스/공지,"[Cafe1895] 독립영화 연말정산, 13월의 보너스 이벤트",,,2020.01.09,,미부착,,개방 가능,공공누리 1유형,,,O,,,,,단순 정보,
1508,한국영상자료원,HOME > 시네마테크KOFA > 뉴스/공지,뉴스/공지,2/11 아이리시맨 특별상영 예매 오류,,,2020.02.06,,미부착,,개방 가능,공공누리 1유형,,,O,,,,,단순 정보,
1509,한국영상자료원,HOME > 시네마테크KOFA > 뉴스/공지,뉴스/공지,[수정]커피 & 시네마:A Cup of KoFA 이벤트 안내,,,2020.02.21,,미부착,,개방 가능,공공누리 1유형,,,O,,,,,단순 정보,
1510,한국영상자료원,HOME > 시네마테크KOFA > 뉴스/공지,뉴스/공지,시네마테크KOFA 임시휴관 안내,,,2020.02.25,,미부착,,개방 가능,공공누리 1유형,,,O,,,,,단순 정보,
1511,한국영상자료원,HOME > 시네마테크KOFA > 뉴스/공지,뉴스/공지,[시네마테크KOFA x KMDb VOD] 온라인 서비스 안내,,,2020.03.16,,미부착,,개방 가능,공공누리 1유형,,,O,,,,,단순 정보,
1512,한국영상자료원,HOME > 시네마테크KOFA > 뉴스/공지,뉴스/공지,[한국 고전 x 배리어프리영화] 온라인 기획전,,,2020.04.13,,미부착,,개방 가능,공공누리 1유형,,,O,,,,,단순 정보,
1513,한국영상자료원,HOME > 시네마테크KOFA > 뉴스/공지,뉴스/공지,[3차수정]시네마테크 KOFA 재개관 및 변경 수칙 안내,,,2020.05.08,,미부착,,개방 가능,공공누리 1유형,,,O,,,,,단순 정보,
1514,한국영상자료원,HOME > 시네마테크KOFA > 뉴스/공지,뉴스/공지,시네마테크KOFA 변경 좌석 안내,,,2020.05.12,,미부착,,개방 가능,공공누리 1유형,,,O,,,,,단순 정보,
1515,한국영상자료원,HOME > 시네마테크KOFA > 뉴스/공지,뉴스/공지,5월 16일 18:30 상영작 '두 교황' 매진 안내,,,2020.05.14,,미부착,,개방 가능,공공누리 1유형,,,O,,,,,단순 정보,
1516,한국영상자료원,HOME > 시네마테크KOFA > 뉴스/공지,뉴스/공지,"[수정] '두 교황', '결혼 이야기' 상영 취소 안내",,,2020.05.15,,미부착,,개방 가능,공공누리 1유형,,,O,,,,,단순 정보,
1517,한국영상자료원,HOME > 시네마테크KOFA > 뉴스/공지,뉴스/공지,[매진] 5월 22일 17:00 상영작 '밤의 문이 열린다',,,2020.05.23,,미부착,,개방 가능,공공누리 1유형,,,O,,,,,단순 정보,
1518,한국영상자료원,HOME > 시네마테크KOFA > 뉴스/공지,뉴스/공지,"[상영취소] 5월 26일 <헤븐 노우즈 왓>,<요요현상> 상영취소 안내",,,2020.05.26,,미부착,,개방 가능,공공누리 1유형,,,O,,,,,단순 정보,
1519,한국영상자료원,HOME > 시네마테크KOFA > 뉴스/공지,뉴스/공지,[수정] <헤븐 노우즈 왓> 재상영 일정 안내,,,2020.05.27,,미부착,,개방 가능,공공누리 1유형,,,O,,,,,단순 정보,
1520,한국영상자료원,HOME > 시네마테크KOFA > 뉴스/공지,뉴스/공지,온리인 예매 시작일 변경 안내,,,2020.06.09,,미부착,,개방 가능,공공누리 1유형,,,O,,,,,단순 정보,
1521,한국영상자료원,HOME > 시네마테크KOFA > 뉴스/공지,뉴스/공지,영화와 공간: 타이페이 온라인 기획전,,,2020.06.16,,미부착,,개방 가능,공공누리 1유형,,,O,,,,,단순 정보,
1522,한국영상자료원,HOME > 시네마테크KOFA > 뉴스/공지,뉴스/공지,6·25 전쟁 70주년 기념 특별전: 경계 위로 부는 바람' 온라인 상영,,,2020.06.24,,미부착,,개방 불가,공공누리 부착 불가,,,,,O,,,영화 스틸컷 사용에 대한 동의 여부 불분명하므로 개방불가로 처리,
1523,한국영상자료원,HOME > 시네마테크KOFA > 뉴스/공지,뉴스/공지,시네마테크KOFA 휴관 특집 유튜브 영상 제작,,,2020.07.02,,미부착,,개방 가능,공공누리 1유형,,,O,,,,,단순 정보,
1524,한국영상자료원,HOME > 시네마테크KOFA > 뉴스/공지,뉴스/공지,[수정]시네마테크KOFA 재개관 및 이용 안내,,,2020.07.22,,미부착,,개방 가능,공공누리 1유형,,,O,,,,,단순 정보,
1525,한국영상자료원,HOME > 시네마테크KOFA > 뉴스/공지,뉴스/공지,[매진] 7월 24일(금) 15:00 상영작 <바그다드 카페 : 디렉터스 컷>,,,2020.07.24,,미부착,,개방 가능,공공누리 1유형,,,O,,,,,단순 정보,
1526,한국영상자료원,HOME > 시네마테크KOFA > 뉴스/공지,뉴스/공지,'인디다큐 시간여행: 시민의 자기 훈련과 사회적 연대' 상영,,,2020.07.29,첨부파일,미부착,,개방 가능,공공누리 1유형,,,O,,,,,단순 정보,
1527,한국영상자료원,HOME > 시네마테크KOFA > 뉴스/공지,뉴스/공지,[매진] 8월 9일(일) 17:00 상영작 <바그다드 카페 : 디렉터스 컷>,,,2020.08.08,,미부착,,개방 가능,공공누리 1유형,,,O,,,,,단순 정보,
1528,한국영상자료원,HOME > 시네마테크KOFA > 뉴스/공지,뉴스/공지,[매진] 8월 11일(화) 19:00 상영작 <하나 그리고 둘>,,,2020.08.11,,미부착,,개방 가능,공공누리 1유형,,,O,,,,,단순 정보,
1529,한국영상자료원,HOME > 시네마테크KOFA > 뉴스/공지,뉴스/공지,[매진] 8월 13일(목) 19:00 상영작 <엠마>,,,2020.08.13,,미부착,,개방 가능,공공누리 1유형,,,O,,,,,단순 정보,
1530,한국영상자료원,HOME > 시네마테크KOFA > 뉴스/공지,뉴스/공지,"[수정][매진] 8월 16일(일) 14:00 상영작 <타이페이 스토리>, 17:00 상영작 <하나 그리고 둘>",,,2020.08.14,,미부착,,개방 가능,공공누리 1유형,,,O,,,,,단순 정보,
1531,한국영상자료원,HOME > 시네마테크KOFA > 뉴스/공지,뉴스/공지,시네마테크KOFA 임시 휴관 안내,,,2020.08.15,,미부착,,개방 가능,공공누리 1유형,,,O,,,,,단순 정보,
1532,한국영상자료원,HOME > 시네마테크KOFA > 뉴스/공지,뉴스/공지,기획전 「풍문으로 들었소: '컬트적'인 한국영화」 온라인 상영,,,2020.08.19,첨부파일,미부착,,개방 불가,공공누리 부착 불가,,,,,O,,,영화 스틸컷 사용에 대한 동의 여부 불분명하므로 개방불가로 처리,
1533,한국영상자료원,HOME > 시네마테크KOFA > 뉴스/공지,뉴스/공지,시네마테크KOFA 재개관 공지 및 변경 수칙 안내,,,2020.10.08,,미부착,,개방 가능,공공누리 1유형,,,O,,,,,단순 정보,
1534,한국영상자료원,HOME > 시네마테크KOFA > 뉴스/공지,뉴스/공지,시네마테크KOFA 변경 좌석도,,,2020.10.08,,미부착,,개방 가능,공공누리 1유형,,,O,,,,,단순 정보,
1535,한국영상자료원,HOME > 시네마테크KOFA > 뉴스/공지,뉴스/공지,극장 대관 서비스 재개 및 신청 안내(접수개시일: 2020.10.19(월)~),,,2020.10.12,,미부착,,개방 가능,공공누리 1유형,,,O,,,,,단순 정보,
1536,한국영상자료원,HOME > 시네마테크KOFA > 뉴스/공지,뉴스/공지,[온라인 좌석 매진] 2020년 10월 24일(토) 17:00 <공포분자>,,,2020.10.24,,미부착,,개방 가능,공공누리 1유형,,,O,,,,,단순 정보,
1537,한국영상자료원,HOME > 시네마테크KOFA > 뉴스/공지,뉴스/공지,[온라인강연] 세계 시청각 유산의 날_ 독립영화인을 위한 아카이빙 전략,,,2020.10.26,첨부파일,미부착,,개방 가능,공공누리 1유형,,,O,,,,,단순 정보,
1538,한국영상자료원,HOME > 시네마테크KOFA > 뉴스/공지,뉴스/공지,[온라인 좌석 매진] 2020년 10월 31일(토) 17:00 <남색대문>,,,2020.10.31,,미부착,,개방 가능,공공누리 1유형,,,O,,,,,단순 정보,
1539,한국영상자료원,HOME > 시네마테크KOFA > 뉴스/공지,뉴스/공지,[온라인] <둥글고 둥글게> '대담' YouTube 라이브 안내 (12.04),,,2020.12.03,,미부착,,개방 가능,공공누리 1유형,,,O,,,,,단순 정보,
1540,한국영상자료원,HOME > 시네마테크KOFA > 뉴스/공지,뉴스/공지,시네마테크KOFA 재개관 공지 및 변경 수칙 안내(2021.01.22),,,2021.01.19,,미부착,,개방 가능,공공누리 1유형,,,O,,,,,단순 정보,
1541,한국영상자료원,HOME > 시네마테크KOFA > 뉴스/공지,뉴스/공지,극장 대관 서비스 재개 및 신청 안내(접수개시일:2021.1.25(월)~),,,2021.01.21,,미부착,,개방 가능,공공누리 1유형,,,O,,,,,단순 정보,
1542,한국영상자료원,HOME > 시네마테크KOFA > 뉴스/공지,뉴스/공지,[온라인] 4월 프로그래머의 초이스-책 사람들 유투브 토크 신청,,,2021.04.12,,미부착,,개방 가능,공공누리 1유형,,,O,,,,,단순 정보,
1543,한국영상자료원,HOME > 시네마테크KOFA > 뉴스/공지,뉴스/공지,[이벤트] 시네마테크KOFA '도전의 여정을 걷다' : 윤여정 특별전 포스터 증정 이벤트,,,2021.05.05,,미부착,,개방 가능,공공누리 1유형,,,O,,,,,단순 정보,
1544,한국영상자료원,HOME > 시네마테크KOFA > 뉴스/공지,뉴스/공지,[상영작변경] 5월 20일 19:00 상영작 변경 안내,,,2021.05.18,,미부착,,개방 가능,공공누리 1유형,,,O,,,,,단순 정보,
1545,한국영상자료원,HOME > 시네마테크KOFA > 뉴스/공지,뉴스/공지,[매진] 5월 18일(화) 상영작 <미나리> 매진,,,2021.05.18,,미부착,,개방 가능,공공누리 1유형,,,O,,,,,단순 정보,
1546,한국영상자료원,HOME > 시네마테크KOFA > 뉴스/공지,뉴스/공지,2021년06월16일 16:00 1관 상영작 <중경상림> 관련 안내사항건입니다,,,2021.06.14,,미부착,,개방 가능,공공누리 1유형,,,O,,,,,단순 정보,
1547,한국영상자료원,HOME > 시네마테크KOFA > 뉴스/공지,뉴스/공지,[예매오류안내] 2021년 6월 15일 예매 오류 안내,,,2021.06.15,,미부착,,개방 가능,공공누리 1유형,,,O,,,,,단순 정보,
1548,한국영상자료원,HOME > 시네마테크KOFA > 뉴스/공지,뉴스/공지,[예매정상안내] 시네마테크KOFA 온라인 예매 재개 안내,,,2021.06.15,,미부착,,개방 가능,공공누리 1유형,,,O,,,,,단순 정보,
1549,한국영상자료원,HOME > 시네마테크KOFA > 뉴스/공지,뉴스/공지,[매진] 6월 19일(토) 17:00 상영작 <2046>,,,2021.06.19,,미부착,,개방 가능,공공누리 1유형,,,O,,,,,단순 정보,
1550,한국영상자료원,HOME > 시네마테크KOFA > 뉴스/공지,뉴스/공지,도서 『영화는 무엇이 될 것인가?』 온라인 간담회 공지,,,2021.07.15,첨부파일,미부착,,개방 가능,공공누리 1유형,,,O,,,,,단순 정보,
1551,한국영상자료원,HOME > 시네마테크KOFA > 뉴스/공지,뉴스/공지,"[공동주최] Docs on STAGE <둥글고 둥글게> 상영 & GV(장민승감독, 정재일 음악감독)",,,2021.09.06,,미부착,,개방 가능,공공누리 1유형,,,O,,,,,단순 정보,
1552,한국영상자료원,HOME > 시네마테크KOFA > 뉴스/공지,뉴스/공지,[발간물] 시네마테크KOFA 신규 블루레이 <마부> 발간 이벤트,,,2021.10.27,,미부착,,개방 가능,공공누리 1유형,,,O,,,,,단순 정보,
1553,한국영상자료원,HOME > 시네마테크KOFA > 뉴스/공지,뉴스/공지,극장 대관 서비스 재개 및 신청 안내,,,2021.11.09,,미부착,,개방 가능,공공누리 1유형,,,O,,,,,단순 정보,
1554,한국영상자료원,HOME > 시네마테크KOFA > 뉴스/공지,뉴스/공지,"시설 운영 재개 및 <에드우드>, <액션 히어로> 일정 변경",,,2021.11.30,,미부착,,개방 불가,공공누리 부착 불가,,,,,O,,,영화 스틸컷 사용에 대한 동의 여부 불분명하므로 개방불가로 처리,
1555,한국영상자료원,HOME > 시네마테크KOFA > 뉴스/공지,뉴스/공지,"12월 온/오프라인 독립영화 연말정산 '월페이퍼' 이벤트 (무료 배포, PC/모바일)",,,2021.12.21,첨부파일,미부착,,개방 가능,공공누리 1유형,,,O,,,,,단순 정보,
1556,한국영상자료원,HOME > 시네마테크KOFA > 뉴스/공지,뉴스/공지,[예매방법변경] 시네마테크KOFA 2022년 예매 시스템 서버 변경에 따른 예매 방법 변경 안내(2022.01~),,,2021.12.28,,미부착,,개방 가능,공공누리 1유형,,,O,,,,,단순 정보,
1557,한국영상자료원,HOME > 시네마테크KOFA > 뉴스/공지,뉴스/공지,시네마테크KOFA 예매 서버 오류 이용안내,,,2021.12.30,,미부착,,개방 가능,공공누리 1유형,,,O,,,,,단순 정보,
1558,한국영상자료원,HOME > 시네마테크KOFA > 뉴스/공지,뉴스/공지,[예매안내] 신규 서버 테스트 기간 연장으로 인한 2022년 1월 예매 안내,,,2022.01.03,,미부착,,개방 가능,공공누리 1유형,,,O,,,,,단순 정보,
1559,한국영상자료원,HOME > 시네마테크KOFA > 뉴스/공지,뉴스/공지,[예매안내] 시네마테크KOFA 신규 서버 예매안내 (1월5일(수)~),,,2022.01.03,,미부착,,개방 가능,공공누리 1유형,,,O,,,,,단순 정보,
1560,한국영상자료원,HOME > 시네마테크KOFA > 뉴스/공지,뉴스/공지,[예매방법안내] 시네마테크KOFA 신규 서버 예매 및 예매 취소 방법 안내,,,2022.01.06,첨부파일,미부착,,개방 가능,공공누리 1유형,,,O,,,,,업무상 저작물,
1561,한국영상자료원,HOME > 시네마테크KOFA > 뉴스/공지,뉴스/공지,3월 19일(토) <너에게 가는 길> GV 모더레이터 변경 공지,,,2022.03.18,,미부착,,개방 가능,공공누리 1유형,,,O,,,,,단순 정보,
1562,한국영상자료원,HOME > 시네마테크KOFA > 뉴스/공지,뉴스/공지,3월 26일(토) <휴가> GV 모더레이터 변경 공지,,,2022.03.25,,미부착,,개방 가능,공공누리 1유형,,,O,,,,,단순 정보,
1563,한국영상자료원,HOME > 시네마테크KOFA > 뉴스/공지,뉴스/공지,시네마테크KOFA 대관 운영 관련 안내,,,2022.04.18,,미부착,,개방 가능,공공누리 1유형,,,O,,,,,단순 정보,
1564,한국영상자료원,HOME > 시네마테크KOFA > 뉴스/공지,뉴스/공지,시네마테크KOFA 좌석 확대 운영 안내 [4월26일~별도 안내 시 까지],,,2022.04.21,첨부파일,미부착,,개방 가능,공공누리 1유형,,,O,,,,,단순 정보,
1565,한국영상자료원,HOME > 시네마테크KOFA > 뉴스/공지,뉴스/공지,시네마테크KOFA 좌석 운영 안내 (22.05.10.~),,,2022.05.07,첨부파일,미부착,,개방 가능,공공누리 1유형,,,O,,,,,단순 정보,
1566,한국영상자료원,HOME > 시네마테크KOFA > 뉴스/공지,뉴스/공지,[예매] 5월 12일 <하류인생> 개막식 예매 안내,,,2022.05.10,,미부착,,개방 가능,공공누리 1유형,,,O,,,,,단순 정보,
1567,한국영상자료원,HOME > 시네마테크KOFA > 뉴스/공지,뉴스/공지,시네마테크KOFA 좌석 변경 운영 안내 (6월 2일(목)~ 별도 안내 시 까지),,,2022.05.26,,미부착,,개방 가능,공공누리 1유형,,,O,,,,,단순 정보,
1568,한국영상자료원,HOME > 시네마테크KOFA > 뉴스/공지,뉴스/공지,5월 29일(일) <미지왕> 참석자 변경 공지,,,2022.05.27,,미부착,,개방 가능,공공누리 1유형,,,O,,,,,단순 정보,
1569,한국영상자료원,HOME > 시네마테크KOFA > 뉴스/공지,뉴스/공지,[예매] 6월 16일(목) <카나왈> 예매 안내,,,2022.06.14,,미부착,,개방 가능,공공누리 1유형,,,O,,,,,단순 정보,
1570,한국영상자료원,HOME > 시네마테크KOFA > 뉴스/공지,뉴스/공지,[상영매체 변경] <앨리스는 이제 여기 살지 않는다> (7.6/10 상영작),,,2022.07.05,,미부착,,개방 가능,공공누리 1유형,,,O,,,,,단순 정보,
1571,한국영상자료원,HOME > 시네마테크KOFA > 뉴스/공지,뉴스/공지,[좌석변경운영안내] 애니메이션 상영작 좌석 비율 변경 공지(8.2.~8.6. 일부 상영작),,,2022.07.28,,미부착,,개방 가능,공공누리 1유형,,,O,,,,,단순 정보,
1572,한국영상자료원,HOME > 시네마테크KOFA > 뉴스/공지,뉴스/공지,[상영시간 변경 & 부대행사] <흥부와 놀부> 8월 4일 상영,,,2022.07.28,,미부착,,개방 가능,공공누리 1유형,,,O,,,,,단순 정보,
1573,한국영상자료원,HOME > 시네마테크KOFA > 뉴스/공지,뉴스/공지,[수정][좌석변경운영안내] 8.4.(목)~8.7.(일) 일부 상영작 좌석 변경 운영 안내,,,2022.08.02,,미부착,,개방 가능,공공누리 1유형,,,O,,,,,단순 정보,
1574,한국영상자료원,HOME > 시네마테크KOFA > 뉴스/공지,뉴스/공지,8월 20일(토) <버텨내고 존재하기> 좌석 변경 운영 안내,,,2022.08.17,,미부착,,개방 가능,공공누리 1유형,,,O,,,,,단순 정보,
1575,한국영상자료원,HOME > 시네마테크KOFA > 뉴스/공지,뉴스/공지,[수정] 9월 4일(일) <군함도> 좌석 운영 안내,,,2022.09.01,,미부착,,개방 가능,공공누리 1유형,,,O,,,,,단순 정보,
1576,한국영상자료원,HOME > 시네마테크KOFA > 뉴스/공지,뉴스/공지,[상영매체 변경] <킹콩 대 고지라> (9.1/13 상영작),,,2022.09.01,,미부착,,개방 가능,공공누리 1유형,,,O,,,,,단순 정보,
1577,한국영상자료원,HOME > 시네마테크KOFA > 뉴스/공지,뉴스/공지,"[좌석운영안내] <서울드라마어워즈> , <2022 노리미츠인 서울 : 필름스크리닝> 좌석 운영 안내",,,2022.09.16,,미부착,,개방 가능,공공누리 1유형,,,O,,,,,단순 정보,
1578,한국영상자료원,HOME > 시네마테크KOFA > 뉴스/공지,뉴스/공지,[좌석운영안내] <제19회 서울국제사랑영화제 : 아가페의 눈 특별전>,,,2022.09.22,,미부착,,개방 가능,공공누리 1유형,,,O,,,,,단순 정보,
1579,한국영상자료원,HOME > 시네마테크KOFA > 뉴스/공지,뉴스/공지,홍콩 영화의 새로운 물결- <반변인> 및 <가을 날의 동화> 상영,,,2022.09.27,,미부착,,개방 가능,공공누리 1유형,,,O,,,,,단순 정보,
1580,한국영상자료원,HOME > 시네마테크KOFA > 뉴스/공지,뉴스/공지,[한국영상자료원 시네마테크KOFA 시설 만족도 설문조사] 에 참여해주세요,,,2022.09.30,첨부파일,미부착,,개방 가능,공공누리 1유형,,,O,,,,,단순 정보,
1581,한국영상자료원,HOME > 시네마테크KOFA > 뉴스/공지,뉴스/공지,시네마테크KOFA 전 좌석 운영 안내(10.11.화 ~),,,2022.10.06,,미부착,,개방 가능,공공누리 1유형,,,O,,,,,단순 정보,
1582,한국영상자료원,HOME > 시네마테크KOFA > 뉴스/공지,뉴스/공지,[예매안내] 10월 20일(목) <알카라스의 여름> 예매 안내,,,2022.10.18,,미부착,,개방 가능,공공누리 1유형,,,O,,,,,단순 정보,
1583,한국영상자료원,HOME > 시네마테크KOFA > 뉴스/공지,뉴스/공지,10월 29일(토) <#살아있다> 상영 취소 안내,,,2022.10.18,,미부착,,개방 가능,공공누리 1유형,,,O,,,,,단순 정보,
1584,한국영상자료원,HOME > 시네마테크KOFA > 뉴스/공지,뉴스/공지,[시네마테크KOFA 영화 상영 및 대관]홈페이지 서비스 일시 중단에 따른 예매 방법 안내,,,2022.10.20,,미부착,,개방 가능,공공누리 1유형,,,O,,,,,단순 정보,
1585,한국영상자료원,HOME > 시네마테크KOFA > 뉴스/공지,뉴스/공지,"[예매안내] 10월 27일(목) <필름, 우리 기억의 살아있는 기록> 예매 안내",,,2022.10.21,,미부착,,개방 가능,공공누리 1유형,,,O,,,,,단순 정보,
1586,한국영상자료원,HOME > 시네마테크KOFA > 뉴스/공지,뉴스/공지,"[예매안내] 10월 26일(수), 30(일) <임신한 나무와 도깨비[공연]> 예매 안내",,,2022.10.21,,미부착,,개방 가능,공공누리 1유형,,,O,,,,,단순 정보,
1587,한국영상자료원,HOME > 시네마테크KOFA > 뉴스/공지,뉴스/공지,[조치완료] 시네마테크KOFA 예매 오류 안내,,,2022.10.26,,미부착,,개방 가능,공공누리 1유형,,,O,,,,,단순 정보,
1588,한국영상자료원,HOME > 시네마테크KOFA > 뉴스/공지,뉴스/공지,10월 30일 16시 <임신한 나무와 도깨비> 공연 취소 관련,,,2022.10.30,,미부착,,개방 가능,공공누리 1유형,,,O,,,,,단순 정보,
1589,한국영상자료원,HOME > 시네마테크KOFA > 뉴스/공지,뉴스/공지,"[수정] 11월3일(목), 11월 8일(화) <메모리아> 예매 안내",,,2022.11.02,,미부착,,개방 가능,공공누리 1유형,,,O,,,,,단순 정보,
1590,한국영상자료원,HOME > 시네마테크KOFA > 뉴스/공지,뉴스/공지,[예매안내] 11월 9일(수) 19:00 <오마주> 예매 안내,,,2022.11.04,,미부착,,개방 가능,공공누리 1유형,,,O,,,,,단순 정보,
1591,한국영상자료원,HOME > 시네마테크KOFA > 뉴스/공지,뉴스/공지,[예매안내] 11월 15일(화) 15:30 <톨로카> 예매 안내,,,2022.11.10,,미부착,,개방 가능,공공누리 1유형,,,O,,,,,단순 정보,
1592,한국영상자료원,HOME > 시네마테크KOFA > 뉴스/공지,뉴스/공지,[예매안내] <2021-2022 한중 문화교류의 해 ‘월간한중’ 중국영화 특별상영전> 예매 안내,,,2022.11.16,,미부착,,개방 가능,공공누리 1유형,,,O,,,,,단순 정보,
1593,한국영상자료원,HOME > 시네마테크KOFA > 뉴스/공지,뉴스/공지,[예매안내] 12월 2일(금) 18:30 <파드마바트> 예매 안내,,,2022.11.29,,미부착,,개방 가능,공공누리 1유형,,,O,,,,,단순 정보,
1594,한국영상자료원,HOME > 시네마테크KOFA > 뉴스/공지,뉴스/공지,[예매안내] 12월 9일(금) 18:30 <버텨내고 존재하기> 공연 예매 안내,,,2022.12.06,,미부착,,개방 가능,공공누리 1유형,,,O,,,,,단순 정보,
1595,한국영상자료원,HOME > 시네마테크KOFA > 뉴스/공지,뉴스/공지,[상영매체 변경] <파드마바트>(12/6),,,2022.12.06,,미부착,,개방 가능,공공누리 1유형,,,O,,,,,단순 정보,
1596,한국영상자료원,HOME > 시네마테크KOFA > 뉴스/공지,뉴스/공지,[예매안내] 12월 10일(토) <임신한 나무와 도깨비> 공연 예매 안내,,,2022.12.08,,미부착,,개방 가능,공공누리 1유형,,,O,,,,,단순 정보,
1597,한국영상자료원,HOME > 시네마테크KOFA > 뉴스/공지,뉴스/공지,[예매안내] 12월 17일(토) 14:00 <제10회 필름게이트 단편영화제> 예매 안내,,,2022.12.14,,미부착,,개방 가능,공공누리 1유형,,,O,,,,,단순 정보,
1598,한국영상자료원,HOME > 시네마테크KOFA > 뉴스/공지,뉴스/공지,[상영공지] <썸머 필름을 타고!> 추가 상영,,,2023.01.16,,미부착,,개방 가능,공공누리 1유형,,,O,,,,,단순 정보,
1599,한국영상자료원,HOME > 시네마테크KOFA > 뉴스/공지,뉴스/공지,[고양이와 쇼조와 두 여자] 상영 관련,,,2023.02.01,,미부착,,개방 가능,공공누리 1유형,,,O,,,,,단순 정보,
1600,한국영상자료원,HOME > 시네마테크KOFA > 뉴스/공지,뉴스/공지,시네마테크KOFA 온라인 예매 일자 변경 안내[3.27(월)~],,,2023.03.07,,미부착,,개방 가능,공공누리 1유형,,,O,,,,,단순 정보,
1601,한국영상자료원,HOME > 시네마테크KOFA > 뉴스/공지,뉴스/공지,[예매안내] 3월 11일(토) 12:00 <미성년> 예매 안내,,,2023.03.08,,미부착,,개방 가능,공공누리 1유형,,,O,,,,,단순 정보,
1602,한국영상자료원,HOME > 시네마테크KOFA > 뉴스/공지,뉴스/공지,3월 18일(토) <탑> GV 모더레이터 변경 공지,,,2023.03.16,,미부착,,개방 가능,공공누리 1유형,,,O,,,,,단순 정보,
1603,한국영상자료원,HOME > 시네마테크KOFA > 뉴스/공지,뉴스/공지,제10회 들꽃영화제 안내,,,2023.05.09,,미부착,,개방 가능,공공누리 1유형,,,O,,,,,단순 정보,
1604,한국영상자료원,HOME > 시네마테크KOFA > 뉴스/공지,뉴스/공지,[예매안내] <잇(상영+라이브연주공연)> 좌석 안내,,,2023.06.10,,미부착,,개방 가능,공공누리 1유형,,,O,,,,,단순 정보,
1605,한국영상자료원,HOME > 시네마테크KOFA > 뉴스/공지,뉴스/공지,6월 23일(금) 시네마테크KOFA 운영 안내,,,2023.06.15,,미부착,,개방 가능,공공누리 1유형,,,O,,,,,단순 정보,
1606,한국영상자료원,HOME > 시네마테크KOFA > 뉴스/공지,뉴스/공지,![예매 안내] 7월 8일(토) 국제학술회의 <김기영 영화의 재조명> 상영작 예매 안내,,,2023.06.28,,미부착,,개방 가능,공공누리 1유형,,,O,,,,,단순 정보,
1607,한국영상자료원,HOME > 한국영화박물관 > 교육 > 지난 교육,지난 교육,[10~13세] 라이브 버라이어티 쇼!쇼!쇼! - 무성영화 변사공연 제작기,,,2019.08.17.(토) ~ 11.16.(토),,미부착,,검토 불가,검토 불가,,O,,,,,,게시물 검색 불가 (삭제 추정),
1608,한국영상자료원,HOME > 한국영화박물관 > 교육 > 지난 교육,지난 교육,[8~13세] <리틀 시네마 워크룸- 마이 리틀 시네마 파라디소>,,,2019.10.26.(토) ~ 10.26.(토),,미부착,,검토 불가,검토 불가,,O,,,,,,게시물 검색 불가 (삭제 추정),
1609,한국영상자료원,HOME > 한국영화박물관 > 교육 > 지난 교육,지난 교육,[6~9세] <리틀 시네마 워크룸- 찰칵찰칵 나만의 카메라>,,,2019.10.27.(일) ~ 10.27.(일),,미부착,,검토 불가,검토 불가,,O,,,,,,게시물 검색 불가 (삭제 추정),
1610,한국영상자료원,HOME > 한국영화박물관 > 교육 > 지난 교육,지난 교육,[6~9세] <리틀 시네마 워크룸- 키노드라마: 나의 움직임>,,,2019.10.27.(일) ~ 10.27.(일),,미부착,,검토 불가,검토 불가,,O,,,,,,게시물 검색 불가 (삭제 추정),
1611,한국영상자료원,HOME > 한국영화박물관 > 교육 > 지난 교육,지난 교육,일요일엔 영화음악: 해설이 있는 한국 영화음악 콘서트,,,2019.12.15.(일) ~ 12.15.(일),,미부착,,검토 불가,검토 불가,,O,,,,,,게시물 검색 불가 (삭제 추정),
1612,한국영상자료원,HOME > 한국영화박물관 > 교육 > 지난 교육,지난 교육,KOFA 그림책 콘서트- 마들린느의 크리스마스,,,2019.12.21.(토) ~ 12.21.(토),,미부착,,검토 불가,검토 불가,,O,,,,,,게시물 검색 불가 (삭제 추정),
1613,한국영상자료원,HOME > 한국영화박물관 > 교육 > 지난 교육,지난 교육,[실시간 온라인] 스텝 바이 스태프: 영화감독,,,2020.06.27.(토) ~ 06.27.(토),,미부착,,개방 불가,공공누리 부착 불가,,,,,O,,,"영상자료원에서 제작한 경우 1유형으로, 저작권이 없는 경우에는 개방불가",
1614,한국영상자료원,HOME > 한국영화박물관 > 교육 > 지난 교육,지난 교육,[실시간 온라인] 스텝 바이 스태프: 시나리오 작가,,,2020.07.18.(토) ~ 07.18.(토),,미부착,,개방 불가,공공누리 부착 불가,,,,,O,,,"영상자료원에서 제작한 경우 1유형으로, 저작권이 없는 경우에는 개방불가",
1615,한국영상자료원,HOME > 한국영화박물관 > 교육 > 지난 교육,지난 교육,[실시간 온라인] 시네마x문학- <엠마> 그리고 「에마」,,,2020.07.25.(토) ~ 07.25.(토),,미부착,,개방 가능,공공누리 2~4유형,,,,O,,,,대상영화 스틸컷 1장,
1616,한국영상자료원,HOME > 한국영화박물관 > 교육 > 지난 교육,지난 교육,"[실시간 온라인] 시네마x문학- 작은 아씨들: 당신의, 작은 이야기들이...",,,2020.08.08.(토) ~ 08.08.(토),,미부착,,개방 가능,공공누리 2~4유형,,,,O,,,,포스터 1장,
1617,한국영상자료원,HOME > 한국영화박물관 > 교육 > 지난 교육,지난 교육,[VOD 온라인] 빛+그림자 놀이1- 빛 놀이,,,2020.08.11.(화) ~ 09.01.(화),,미부착,,검토 불가,검토 불가,,O,,,,,,게시물 검색 불가 (삭제 추정),
1618,한국영상자료원,HOME > 한국영화박물관 > 교육 > 지난 교육,지난 교육,[실시간 온라인] 영화 글쓰기 키트: 영화 기자가 알려주는 글쓰기,,,2020.08.13.(목) ~ 09.03.(목),,미부착,,개방 불가,공공누리 부착 불가,,,,,O,,,이미지 포함(출처불명 사진),
1619,한국영상자료원,HOME > 한국영화박물관 > 교육 > 지난 교육,지난 교육,[VOD 온라인] 빛+그림자 놀이2- 그림자 놀이,,,2020.08.21.(금) ~ 09.11.(금),,미부착,,검토 불가,검토 불가,,O,,,,,,게시물 검색 불가 (삭제 추정),
1620,한국영상자료원,HOME > 한국영화박물관 > 교육 > 지난 교육,지난 교육,월북영화인과 북한영화 이야기,,,2020.08.21.(금) ~ 08.21.(금),,미부착,,검토 불가,검토 불가,,O,,,,,,게시물 검색 불가 (삭제 추정),
1621,한국영상자료원,HOME > 한국영화박물관 > 교육 > 지난 교육,지난 교육,[실시간 온라인] 스텝 바이 스태프: 촬영감독,,,포스터 1+E1623:W1623+I1624,,미부착,,개방 불가,공공누리 부착 불가,,,,,O,,,이미지 포함(출처불명 사진),
1622,한국영상자료원,HOME > 한국영화박물관 > 교육 > 지난 교육,지난 교육,[실시간 온라인] 시네마x문학- 갈매기: '박제된' 갈매기는 어디로...,,,2020.08.22.(토) ~ 08.22.(토),,미부착,,개방 가능,공공누리 2~4유형,,,,O,,,,대상영화 스틸컷 1장,
1623,한국영상자료원,HOME > 한국영화박물관 > 교육 > 지난 교육,지난 교육,[실시간 온라인] 월북영화인과 북한영화 이야기,,,2020.09.04.(금) ~ 09.04.(금),,미부착,,검토 불가,검토 불가,,O,,,,,,게시물 검색 불가 (삭제 추정),
1624,한국영상자료원,HOME > 한국영화박물관 > 교육 > 지난 교육,지난 교육,[실시간 온라인] 스텝 바이 스태프: 영화번역가,,,2020.09.05.(토) ~ 09.05.(토),,미부착,,개방 불가,공공누리 부착 불가,,,,,O,,,행사 포스터,
1625,한국영상자료원,HOME > 한국영화박물관 > 교육 > 지난 교육,지난 교육,[실시간 온라인] 시네마x문학- 희랍인 조르바: 자유를 위한 세 개의 기도,,,2020.09.05.(토) ~ 09.05.(토),,미부착,,개방 가능,공공누리 2~4유형,,,,O,,,,스틸컷 1장,
1626,한국영상자료원,HOME > 한국영화박물관 > 교육 > 지난 교육,지난 교육,[실시간 온라인] 내 방 안의 장르영화,,,2020.09.19.(토) ~ 11.07.(토),첨부파일,미부착,,개방 불가,공공누리 부착 불가,,,,,O,,,이미지 포함(출처불명 사진),
1627,한국영상자료원,HOME > 한국영화박물관 > 교육 > 지난 교육,지난 교육,[실시간 온라인] 스스로 초단편영화 챌린지,,,2020.09.19.(토) ~ 11.07.(토),첨부파일,미부착,,개방 불가,공공누리 부착 불가,,,,,O,,,이미지 포함(출처불명 사진),
1628,한국영상자료원,HOME > 한국영화박물관 > 교육 > 지난 교육,지난 교육,[실시간 온라인] 청소년을 위한 영화 글쓰기 키트: 영화 기자가 알려주는...,,,2020.09.28.(월) ~ 10.26.(월),첨부파일,미부착,,개방 불가,공공누리 부착 불가,,,,,O,,,이미지 포함(출처불명 사진),
1629,한국영상자료원,HOME > 한국영화박물관 > 교육 > 지난 교육,지난 교육,[실시간 온라인] 스텝 바이 스태프: 편집감독,,,2020.10.17.(토) ~ 10.17.(토),,미부착,,개방 불가,공공누리 부착 불가,,,,,O,,,이미지 포함(출처불명 사진),
1630,한국영상자료원,HOME > 한국영화박물관 > 교육 > 지난 교육,지난 교육,[실시간 온라인] 영화 사(社)생활,,,2020.10.23.(금) ~ 11.12.(목),,미부착,,개방 불가,공공누리 부착 불가,,,,,O,,,이미지 포함(출처불명 사진),
1631,한국영상자료원,HOME > 한국영화박물관 > 교육 > 지난 교육,지난 교육,[실시간 온라인] 2020 <미디어 실험실>,,,2020.10.24.(토) ~ 12.05.(토),첨부파일,미부착,,개방 불가,공공누리 부착 불가,,,,,O,,,이미지 포함(출처불명 사진),
1632,한국영상자료원,HOME > 한국영화박물관 > 교육 > 지난 교육,지난 교육,[실시간 온라인] 21세기 한국영화,,,2020.11.04.(수) ~ 12.16.(수),,미부착,,개방 불가,공공누리 부착 불가,,,,,O,,,이미지 포함(출처불명 사진),
1633,한국영상자료원,HOME > 한국영화박물관 > 교육 > 지난 교육,지난 교육,[실시간 온라인] KOFA 그림책 콘서트- 강아지똥+엄마 까투리,,,2020.11.20.(금) ~ 11.20.(금),,미부착,,개방 가능,공공누리 2~4유형,,,,,,O,,발표자 초상 사진,
1634,한국영상자료원,HOME > 한국영화박물관 > 교육 > 지난 교육,지난 교육,[실시간 온라인] 스텝 바이 스태프: 영화번역가,,,2020.11.21.(토) ~ 11.21.(토),,미부착,,개방 불가,공공누리 부착 불가,,,,,O,,,이미지 포함(출처불명 사진),
1635,한국영상자료원,HOME > 한국영화박물관 > 교육 > 지난 교육,지난 교육,[실시간 온라인] 영.자.원 사람들: 필름 아카이브 소개 강좌,,,2020.11.24.(화) ~ 12.15.(화),,미부착,,개방 가능,공공누리 1유형,,,O,,,,,업무상 저작물,
1636,한국영상자료원,HOME > 한국영화박물관 > 교육 > 지난 교육,지난 교육,[VOD 온라인] 나의 종이 영사기,,,2020.12.04.(금) ~ 12.18.(금),,미부착,,개방 불가,공공누리 부착 불가,,,,,O,,,이미지 포함(출처불명 사진),
1637,한국영상자료원,HOME > 한국영화박물관 > 교육 > 지난 교육,지난 교육,[실시간 온라인] 스텝 바이 스태프: 영화 음악감독,,,2020.12.05.(토) ~ 12.05.(토),,미부착,,개방 불가,공공누리 부착 불가,,,,,O,,,이미지 포함(출처불명 사진),
1638,한국영상자료원,HOME > 한국영화박물관 > 교육 > 지난 교육,지난 교육,[실시간 온라인] 스텝 바이 스태프: 포스터 디자이너,,,2021.03.20.(토) ~ 03.20.(토),,미부착,,개방 불가,공공누리 부착 불가,,,,,O,,,이미지 포함(출처불명 사진),
1639,한국영상자료원,HOME > 한국영화박물관 > 교육 > 지난 교육,지난 교육,[실시간 온라인] 아키비스트의 마음,,,2021.04.08.(목) ~ 04.15.(목),,미부착,,개방 불가,공공누리 부착 불가,,,,,O,,,이미지 포함(출처불명 사진),
1640,한국영상자료원,HOME > 한국영화박물관 > 교육 > 지난 교육,지난 교육,[실시간 온라인] 스텝 바이 스태프: 특수분장 전문가,,,2021.04.24.(토) ~ 04.24.(토),,미부착,,개방 불가,공공누리 부착 불가,,,,,O,,,이미지 포함(출처불명 사진),
1641,한국영상자료원,HOME > 한국영화박물관 > 교육 > 지난 교육,지난 교육,[실시간 온라인] 스텝 바이 스태프: 미술감독,,,2021.05.22.(토) ~ 05.22.(토),,미부착,,개방 불가,공공누리 부착 불가,,,,,O,,,이미지 포함(출처불명 사진),
1642,한국영상자료원,HOME > 한국영화박물관 > 교육 > 지난 교육,지난 교육,[실시간 온라인] 디지털 시각효과(VFX)에 대해 알고 싶은 두세 가지 것들,,,2021.05.26.(수) ~ 06.02.(수),,미부착,,개방 불가,공공누리 부착 불가,,,,,O,,,이미지 포함(출처불명 사진),
1643,한국영상자료원,HOME > 한국영화박물관 > 교육 > 지난 교육,지난 교육,[6~10세] 리틀 시네마 워크룸- 미술 놀이,,,2021.05.29.(토) ~ 05.29.(토),,미부착,,개방 가능,공공누리 1유형,,,O,,,,,업무상 저작물,
1644,한국영상자료원,HOME > 한국영화박물관 > 교육 > 지난 교육,지난 교육,[6~10세] 리틀 시네마 워크룸- 극장 놀이,,,2021.06.05.(토) ~ 06.05.(토),,미부착,,개방 가능,공공누리 1유형,,,O,,,,,업무상 저작물,
1645,한국영상자료원,HOME > 한국영화박물관 > 교육 > 지난 교육,지난 교육,[실시간 온라인] 스텝 바이 스태프: VFX(시각효과),,,2021.06.19.(토) ~ 06.19.(토),,미부착,,개방 가능,공공누리 1유형,,,O,,,,,업무상 저작물,
1646,한국영상자료원,HOME > 한국영화박물관 > 교육 > 지난 교육,지난 교육,[실시간 온라인] 플릭&플립: 제인 오스틴 무비 클럽,,,2021.06.22.(화) ~ 06.22.(화),,미부착,,개방 불가,공공누리 부착 불가,,,,,O,,,이미지 포함(출처불명 사진),
1647,한국영상자료원,HOME > 한국영화박물관 > 교육 > 지난 교육,지난 교육,[6~11세] 리틀 시네마 톡톡- 성인지 감수성 교육,,,2021.06.26.(토) ~ 06.26.(토),,미부착,,개방 불가,공공누리 부착 불가,,,,,O,,,이미지 포함(출처불명 사진),
1648,한국영상자료원,HOME > 한국영화박물관 > 교육 > 지난 교육,지난 교육,"[실시간 온라인] '영화+글' 시리즈 (1), (2)",,,2021.06.28.(월) ~ 07.07.(수),,미부착,,개방 불가,공공누리 부착 불가,,,,,O,,,이미지 포함(출처불명 사진),
1649,한국영상자료원,HOME > 한국영화박물관 > 교육 > 지난 교육,지난 교육,[실시간 온라인] 스텝 바이 스태프: 영화 연출부,,,2021.07.17.(토) ~ 07.17.(토),,미부착,,개방 불가,공공누리 부착 불가,,,,,O,,,이미지 포함(출처불명 사진),
1650,한국영상자료원,HOME > 한국영화박물관 > 교육 > 지난 교육,지난 교육,2021 청소년을 위한 영화 글쓰기 키트: 영화 기자가 알려주는 글쓰기,,,2021.07.23.(금) ~ 08.20.(금),첨부파일,미부착,,개방 불가,공공누리 부착 불가,,,,,O,,,이미지 포함(출처불명 사진),
1651,한국영상자료원,HOME > 한국영화박물관 > 교육 > 지난 교육,지난 교육,[실시간 온라인] '영화+글' 시리즈 세 번째: 영화 비평 쓰기,,,2021.07.28.(수) ~ 09.01.(수),,미부착,,개방 불가,공공누리 부착 불가,,,,,O,,,이미지 포함(출처불명 사진),
1652,한국영상자료원,HOME > 한국영화박물관 > 교육 > 지난 교육,지난 교육,[실시간 온라인] 스텝 바이 스태프: 사운드 디자이너,,,2021.08.21.(토) ~ 08.21.(토),,미부착,,개방 불가,공공누리 부착 불가,,,,,O,,,이미지 포함(출처불명 사진),
1653,한국영상자료원,HOME > 한국영화박물관 > 교육 > 지난 교육,지난 교육,[VOD 온라인] 빛+그림자 놀이1- 만화경,,,2021.08.25.(수) ~ 09.08.(수),,미부착,,개방 불가,공공누리 부착 불가,,,,,O,,,삽화 도안,
1654,한국영상자료원,HOME > 한국영화박물관 > 교육 > 지난 교육,지난 교육,[실시간 온라인] 리틀 시네마 톡톡- 성인지 감수성 교육(부모편),,,2021.09.09.(목) ~ 09.09.(목),,미부착,,개방 불가,공공누리 부착 불가,,,,,O,,,이미지 포함(출처불명 사진),
1655,한국영상자료원,HOME > 한국영화박물관 > 교육 > 지난 교육,지난 교육,[실시간 온라인] 시네토크: 90년대 사무실에서 생긴 일,,,2021.09.10.(금) ~ 09.10.(금),,미부착,,개방 가능,공공누리 2~4유형,,,,,O,,,영화 스틸컷 1장,
1656,한국영상자료원,HOME > 한국영화박물관 > 교육 > 지난 교육,지난 교육,[VOD 온라인] 빛+그림자 놀이2- 모래 그림,,,2021.09.15.(수) ~ 10.06.(수),,미부착,,개방 불가,공공누리 부착 불가,,,,,O,,,삽화 도안,
1657,한국영상자료원,HOME > 한국영화박물관 > 교육 > 지난 교육,지난 교육,[실시간 온라인] 스텝 바이 스태프: 분장 감독,,,2021.09.18.(토) ~ 09.18.(토),,미부착,,개방 가능,공공누리 1유형,,,O,,,,,업무상 저작물,
1658,한국영상자료원,HOME > 한국영화박물관 > 교육 > 지난 교육,지난 교육,[6~10세] 리틀 시네마 워크룸- 한글 놀이: 일상의 물건 가나다,,,2021.10.09.(토) ~ 10.09.(토),,미부착,,개방 가능,공공누리 2~4유형,,,O,,,,,업무상 저작물,
1659,한국영상자료원,HOME > 한국영화박물관 > 교육 > 지난 교육,지난 교육,[실시간 온라인] 영화 기본기 강좌1: 샷바이샷,,,2021.10.12.(화) ~ 11.09.(화),,미부착,,개방 가능,공공누리 2~4유형,,,O,,,,,업무상 저작물,
1660,한국영상자료원,HOME > 한국영화박물관 > 교육 > 지난 교육,지난 교육,[실시간 온라인] 리틀 시네마 톡톡- 성인지 감수성 교육(교사편),,,2021.10.13.(수) ~ 10.13.(수),첨부파일,미부착,,개방 불가,공공누리 부착 불가,,,,,O,,,이미지 포함(출처불명 사진),
1661,한국영상자료원,HOME > 한국영화박물관 > 교육 > 지난 교육,지난 교육,[실시간 온라인] 2021 <미디어 실험실>,,,2021.10.14.(목) ~ 12.03.(금),첨부파일,미부착,,개방 가능,공공누리 2~4유형,,,,,O,,,소품 사진,
1662,한국영상자료원,HOME > 한국영화박물관 > 교육 > 지난 교육,지난 교육,[6~10세] 리틀 시네마 워크룸- 만화 놀이: 영화와 뒹굴뒹굴 극장,,,2021.10.23.(토) ~ 10.23.(토),,미부착,,개방 불가,공공누리 부착 불가,,,,,O,,,디자인 도안 사진,
1663,한국영상자료원,HOME > 한국영화박물관 > 교육 > 지난 교육,지난 교육,[실시간 온라인] 영화 기본기 강좌2: 고전영화이론의 흐름,,,2021.11.03.(수) ~ 12.01.(수),,미부착,,개방 가능,공공누리 1유형,,,O,,,,,업무상 저작물,
1664,한국영상자료원,HOME > 한국영화박물관 > 교육 > 지난 교육,지난 교육,[6~7세 단체/ 실시간 온라인] KOFA 라이브 키즈 클럽-유치원편: 빨간...,,,2021.11.24.(수) ~ 12.15.(수),첨부파일,미부착,,검토 불가,검토 불가,,O,,,,,,게시물 검색 불가 (삭제 추정),
1665,한국영상자료원,HOME > 한국영화박물관 > 교육 > 지난 교육,지난 교육,[실시간 온라인] 딥.포토플레이: 휴먼X인공지능 공동 예술창작 프로젝트,,,2021.11.25.(목) ~ 11.25.(목),,미부착,,개방 가능,공공누리 2~4유형,,,,,,O,,외국 영화 촬영기사(공적 인물로 추정) 사진,
1666,한국영상자료원,HOME > 한국영화박물관 > 교육 > 지난 교육,지난 교육,[실시간 온라인] KOFA 그림책 콘서트- 고전 그림책과의 만남,,,2021.11.26.(금) ~ 11.26.(금),,미부착,,개방 가능,공공누리 2~4유형,,,,,,O,,강사 사진 ,
1667,한국영상자료원,HOME > 한국영화박물관 > 교육 > 지난 교육,지난 교육,[6~7세 단체/ 실시간 온라인] KOFA 라이브 키즈 클럽-유치원편: 비가...,,,2021.11.26.(금) ~ 12.17.(금),첨부파일,미부착,,검토 불가,검토 불가,,O,,,,,,게시물 검색 불가 (삭제 추정),
1668,한국영상자료원,HOME > 한국영화박물관 > 교육 > 지난 교육,지난 교육,[실시간 온라인] 영화 기본기 강좌3: 내러티브와 시각적 스타일,,,2021.11.26.(금) ~ 12.22.(수),,미부착,,개방 불가,공공누리 부착 불가,,,,,O,,,그래픽 도안 ,
1669,한국영상자료원,HOME > 한국영화박물관 > 교육 > 지난 교육,지난 교육,[6~11세] 리틀 시네마 워크룸- 소리 놀이: 가만히 귀를 기울이면,,,2021.11.27.(토) ~ 11.28.(일),,미부착,,개방 불가,공공누리 부착 불가,,,,,O,,,글자 도안 사진,
1670,한국영상자료원,HOME > 한국영화박물관 > 교육 > 지난 교육,지난 교육,[실시간 온라인] 오디오-비주얼 크리틱: 해외 작가 케빈 리 초청 특강,,,2021.12.07.(화) ~ 12.07.(화),,미부착,,개방 가능,공공누리 2~4유형,,,,,O,,,"강사 사진, 글자 도안",
1671,한국영상자료원,HOME > 한국영화박물관 > 교육 > 지난 교육,지난 교육,2022 영화 기본기 강좌1: 현대 장르영화 분석,,,2022.01.27.(목) ~ 02.27.(일),,미부착,,개방 가능,공공누리 1유형,,,O,,,,,업무상 저작물,
1672,한국영상자료원,HOME > 한국영화박물관 > 교육 > 지난 교육,지난 교육,[실시간 온라인] 우리가 영화를 만듭니다: '영화감독'편,,,2022.04.16.(토) ~ 04.16.(토),,미부착,,개방 가능,공공누리 1유형,,,O,,,,,업무상 저작물,
1673,한국영상자료원,HOME > 한국영화박물관 > 교육 > 지난 교육,지난 교육,[실시간 온라인] 2022 영화 심화 강좌1: 현대 영화이론의 흐름,,,2022.05.13.(금) ~ 06.17.(금),,미부착,,개방 가능,공공누리 1유형,,,O,,,,,업무상 저작물,
1674,한국영상자료원,HOME > 한국영화박물관 > 교육 > 지난 교육,지난 교육,[실시간 온라인] KOFA 그림책 콘서트- 가족 이야기,,,2022.05.14.(토) ~ 05.14.(토),,미부착,,개방 가능,공공누리 2~4유형,,,,,,O,,강사 사진 ,
1675,한국영상자료원,HOME > 한국영화박물관 > 교육 > 지난 교육,지난 교육,[6~10세] 리틀 시네마 워크룸- 무비! 타임머신,,,2022.05.14.(토) ~ 05.14.(토),,미부착,,개방 불가,공공누리 부착 불가,,,,,O,,,창작성 있는 작품 사진,
1676,한국영상자료원,HOME > 한국영화박물관 > 교육 > 지난 교육,지난 교육,대담한 영화 감독들: 국경을 넘어 영상저작자의 기본권을 말하다,,,2022.05.16.(월) ~ 05.16.(월),,미부착,,개방 가능,공공누리 2~4유형,,,,,O,,,강사 사진,
1677,한국영상자료원,HOME > 한국영화박물관 > 교육 > 지난 교육,지난 교육,[7~10세] 리틀 시네마 워크룸- 홍보 놀이,,,2022.05.21.(토) ~ 05.21.(토),,미부착,,개방 가능,공공누리 2~4유형,,,,,O,,,놀이 장면 사진,
1678,한국영상자료원,HOME > 한국영화박물관 > 교육 > 지난 교육,지난 교육,[6~8세] 리틀 시네마 워크룸- 함께 놀이,,,2022.05.21.(토) ~ 05.21.(토),,미부착,,개방 가능,공공누리 2~4유형,,,,,O,,,놀이 강의 사진,
1679,한국영상자료원,HOME > 한국영화박물관 > 교육 > 지난 교육,지난 교육,[실시간 온라인] 우리가 영화를 만듭니다: 영화 수입/배급,,,2022.06.11.(토) ~ 06.11.(토),,미부착,,개방 가능,공공누리 1유형,,,O,,,,,업무상 저작물,
1680,한국영상자료원,HOME > 한국영화박물관 > 교육 > 지난 교육,지난 교육,[about ARCHIVE] 나의 영화 아카이브 만들기,,,2022.07.06.(수) ~ 08.03.(수),,미부착,,개방 불가,공공누리 부착 불가,,,,,O,,,삽화 도안,
1681,한국영상자료원,HOME > 한국영화박물관 > 교육 > 지난 교육,지난 교육,[6~9세 단체] 리틀 시네마 톡톡- 키오스크,,,2022.07.07.(목) ~ 12.16.(금),,미부착,,개방 불가,공공누리 부착 불가,,,,,O,,,창작 소품 사진,
1682,한국영상자료원,HOME > 한국영화박물관 > 교육 > 지난 교육,지난 교육,[실시간 온라인] 우리가 영화를 만듭니다: 촬영 감독,,,2022.07.09.(토) ~ 07.09.(토),,미부착,,개방 가능,공공누리 1유형,,,O,,,,,업무상 저작물,
1683,한국영상자료원,HOME > 한국영화박물관 > 교육 > 지난 교육,지난 교육,[11~13세] 2022 <어린이영화아카데미>,,,2022.08.01.(월) ~ 08.20.(토),,미부착,,개방 가능,공공누리 2~4유형,,,,,,O,,수업장면 뒷모습 사진,
1684,한국영상자료원,HOME > 한국영화박물관 > 교육 > 지난 교육,지난 교육,[실시간 온라인] 프레임 너머: 신형철 평론가 특강,,,2022.08.04.(목) ~ 08.04.(목),,미부착,,개방 가능,공공누리 1유형,,,O,,,,,업무상 저작물,
1685,한국영상자료원,HOME > 한국영화박물관 > 교육 > 지난 교육,지난 교육,[실시간 온라인] 우리가 영화를 만듭니다: 프로듀서,,,2022.08.21.(일) ~ 08.21.(일),,미부착,,개방 가능,공공누리 1유형,,,O,,,,,업무상 저작물,
1686,한국영상자료원,HOME > 한국영화박물관 > 교육 > 지난 교육,지난 교육,[실시간 온라인] 극장전: 영화관에 관한 두 가지 이야기,,,2022.08.23.(화) ~ 09.02.(금),,미부착,,개방 가능,공공누리 1유형,,,O,,,,,업무상 저작물,
1687,한국영상자료원,HOME > 한국영화박물관 > 교육 > 지난 교육,지난 교육,[6~7세] 2022 <빛+그림자 놀이>,,,2022.09.03.(토) ~ 10.01.(토),,미부착,,개방 불가,공공누리 부착 불가,,,,,O,,,삽화 도안,
1688,한국영상자료원,HOME > 한국영화박물관 > 교육 > 지난 교육,지난 교육,[실시간 온라인] 프레임 너머: 김시선 영화평론가 특강,,,2022.09.06.(화) ~ 09.06.(화),,미부착,,개방 가능,공공누리 1유형,,,O,,,,,업무상 저작물,
1689,한국영상자료원,HOME > 한국영화박물관 > 교육 > 지난 교육,지난 교육,[11~13세/ 실시간 온라인] 2022 <미디어 실험실-메타버스>,,,2022.09.06.(화) ~ 10.25.(화),,미부착,,개방 불가,공공누리 부착 불가,,,,,O,,,삽화 도안,
1690,한국영상자료원,HOME > 한국영화박물관 > 교육 > 지난 교육,지난 교육,[실시간 온라인] 우리가 영화를 만듭니다: 의상감독,,,2022.09.24.(토) ~ 09.24.(토),,미부착,,개방 가능,공공누리 1유형,,,O,,,,,업무상 저작물,
1691,한국영상자료원,HOME > 한국영화박물관 > 교육 > 지난 교육,지난 교육,"[14~19세 단체] 시점 숏, 영화 챌린지",,,2022.09.27.(화) ~ 12.16.(금),,미부착,,개방 불가,공공누리 부착 불가,,,,,O,,,삽화 도안,
1692,한국영상자료원,HOME > 한국영화박물관 > 교육 > 지난 교육,지난 교육,[about ARCHIVE] 비디오로 에세이를 쓴다는 것,,,2022.09.29.(목) ~ 10.20.(목),,미부착,,개방 가능,공공누리 2~4유형,,,,,O,,,이미지 도안,
1693,한국영상자료원,HOME > 한국영화박물관 > 교육 > 지난 교육,지난 교육,영화 글쓰기 키트: 영화 기자가 알려주는 리뷰 작성,,,2022.10.17.(월) ~ 11.21.(월),,미부착,,개방 가능,공공누리 1유형,,,O,,,,,업무상 저작물,
1694,한국영상자료원,HOME > 한국영화박물관 > 교육 > 지난 교육,지난 교육,[6~10세] 리틀 시네마 워크룸- 몬스터 극장,,,2022.10.22.(토) ~ 10.22.(토),,미부착,,개방 불가,공공누리 부착 불가,,,,,O,,,창작 작품 사진,
1695,한국영상자료원,HOME > 한국영화박물관 > 교육 > 지난 교육,지난 교육,[실시간 온라인] 우리가 영화를 만듭니다: 음악감독,,,2022.10.23.(일) ~ 10.23.(일),,미부착,,개방 가능,공공누리 1유형,,,O,,,,,업무상 저작물,
1696,한국영상자료원,HOME > 한국영화박물관 > 교육 > 지난 교육,지난 교육,[about ARCHIVE] 필름 아카이빙을 말하다,,,2022.10.27.(목) ~ 10.27.(목),,미부착,,개방 가능,공공누리 1유형,,,O,,,,,업무상 저작물,
1697,한국영상자료원,HOME > 한국영화박물관 > 교육 > 지난 교육,지난 교육,[6~10세] 리틀 시네마 워크룸- 나의 히어로,,,2022.10.29.(토) ~ 10.29.(토),,미부착,,개방 불가,공공누리 부착 불가,,,,,O,,,창작 소품 사진,
1698,한국영상자료원,HOME > 한국영화박물관 > 교육 > 지난 교육,지난 교육,[실시간 온라인] 프레임 너머: 영화-인터뷰,,,2022.11.03.(목) ~ 11.03.(목),,미부착,,개방 가능,공공누리 1유형,,,O,,,,,업무상 저작물,
1699,한국영상자료원,HOME > 한국영화박물관 > 교육 > 지난 교육,지난 교육,"프레임 너머: 만질 수 없어, 만지고 싶은데 그런 슬픈 기분인걸",,,2022.11.19.(토) ~ 11.19.(토),,미부착,,개방 가능,공공누리 1유형,,,O,,,,,업무상 저작물,
1700,한국영상자료원,HOME > 한국영화박물관 > 교육 > 지난 교육,지난 교육,[8~10세] 리틀 시네마 워크룸- 나의 메모리,,,2022.11.19.(토) ~ 11.19.(토),,미부착,,개방 불가,공공누리 부착 불가,,,,,O,,,창작 작품 사진,
1701,한국영상자료원,HOME > 한국영화박물관 > 교육 > 지난 교육,지난 교육,딥.포토플레이 Ⅱ: 휴먼X인공지능 공동 예술창작 프로젝트,,,2022.11.28.(월) ~ 11.28.(월),,미부착,,개방 가능,공공누리 2~4유형,,,,,O,,,초상 이미지 사진,
1702,한국영상자료원,HOME > 한국영화박물관 > 교육 > 지난 교육,지난 교육,[6~9세] 리틀 시네마 워크룸- 나의 꿈,,,2022.12.03.(토) ~ 12.03.(토),,미부착,,개방 가능,공공누리 2~4유형,,,,,O,,,삽화 도안,
1703,한국영상자료원,HOME > 한국영화박물관 > 교육 > 지난 교육,지난 교육,[실시간 온라인] KOFA 그림책 콘서트- 미리 크리스마스,,,2022.12.09.(금) ~ 12.09.(금),,미부착,,개방 가능,공공누리 2~4유형,,,,,O,,,강사 사진 ,
1704,한국영상자료원,HOME > 한국영화박물관 > 교육 > 지난 교육,지난 교육,장르 스토리텔링: <지금 우리 학교는> 주동근 웹툰 작가 특강,,,2022.12.10.(토) ~ 12.10.(토),,미부착,,개방 가능,공공누리 2~4유형,,,,O,,,,애니메이션 스틸컷,
1705,한국영상자료원,HOME > 한국영화박물관 > 교육 > 지난 교육,지난 교육,[6~10세] 리틀 시네마 워크룸- 산타 마을,,,2022.12.10.(토) ~ 12.10.(토),,미부착,,개방 불가,공공누리 부착 불가,,,,,O,,,창작 소품 사진,
1706,한국영상자료원,HOME > 한국영화박물관 > 교육 > 지난 교육,지난 교육,"[6~10세] 리틀 시네마 워크룸- 어서 와요, 우리 집에",,,2022.12.17.(토) ~ 12.17.(토),,미부착,,개방 불가,공공누리 부착 불가,,,,,O,,,창작 소품 사진,
1707,한국영상자료원,HOME > 한국영화박물관 > 교육 > 지난 교육,지난 교육,(추가모집) 2023 영화 기본기 강좌1: 내러티브와 스타일의 관계,,,2023.01.11.(수) ~ 02.19.(일),,미부착,,개방 가능,공공누리 1유형,,,O,,,,,업무상 저작물,
1708,한국영상자료원,HOME > 한국영화박물관 > 교육 > 지난 교육,지난 교육,(추가모집) 2023 영화 기본기 강좌2: 현대영화이론의 쟁점들 -...,,,2023.01.17.(화) ~ 02.26.(일),,미부착,,개방 가능,공공누리 1유형,,,O,,,,,업무상 저작물,
1709,한국영상자료원,HOME > 한국영화박물관 > 교육 > 지난 교육,지난 교육,[11~14세] 2023 <어린이영화아카데미>,,,2023.02.13.(월) ~ 03.04.(토),,미부착,,개방 가능,공공누리 2~4유형,,,,,O,,,"수강 사진 다수, 수강생 식별 가능",
1710,한국영상자료원,HOME > 한국영화박물관 > 교육 > 지난 교육,지난 교육,[6~9세/ 실시간 온라인] KOFA 라이브 키즈 클럽- 펭귄,,,2023.02.17.(금) ~ 02.17.(금),첨부파일,미부착,,개방 가능,공공누리 2~4유형,,,,,O,,,"삽화 도안, 수강생 식별 가능",
1711,한국영상자료원,HOME > 한국영화박물관 > 교육 > 지난 교육,지난 교육,1990년대 한국영화,,,2023.03.20.(월) ~ 03.30.(목),,미부착,,개방 불가,공공누리 부착 불가,,,,,O,,,삽화 도안,
1712,한국영상자료원,HOME > 한국영화박물관 > 교육 > 지난 교육,지난 교육,[6~9세/ 실시간 온라인] KOFA 라이브 키즈 클럽- 모두의 개,,,2023.03.24.(금) ~ 03.24.(금),첨부파일,미부착,,개방 불가,공공누리 부착 불가,,,,O,,,,삽화 도안,
1713,한국영상자료원,HOME > 한국영화박물관 > 교육 > 지난 교육,지난 교육,[8~13세] 리틀 시네마 워크룸- 크로마키 마술,,,2023.04.08.(토) ~ 04.08.(토),,미부착,,개방 가능,공공누리 2~4유형,,,,,O,,,"글자 도안 사진, 수강생 사진",
1714,한국영상자료원,HOME > 한국영화박물관 > 교육 > 지난 교육,지난 교육,[6~9세 단체] 어린이 영화 발명가(4-5월),,,2023.04.13.(목) ~ 05.25.(목),,미부착,,개방 불가,공공누리 부착 불가,,,,,O,,,삽화 도안,
1715,한국영상자료원,HOME > 한국영화박물관 > 교육 > 지난 교육,지난 교육,[6~9세/ 실시간 온라인] KOFA 라이브 키즈 클럽- 1999년 6월 29일,,,2023.04.21.(금) ~ 04.21.(금),,미부착,,개방 불가,공공누리 부착 불가,,,,,O,,,삽화 도안,
1716,한국영상자료원,HOME > 한국영화박물관 > 교육 > 지난 교육,지난 교육,영화비평 쓰기,,,2023.04.25.(화) ~ 05.30.(화),,미부착,,개방 가능,공공누리 1유형,,,O,,,,,업무상 저작물,
1717,한국영상자료원,HOME > 한국영화박물관 > 교육 > 지난 교육,지난 교육,영화 미술감독 마스터클래스: 김보묵 미술감독,,,2023.04.28.(금) ~ 04.28.(금),,미부착,,개방 가능,공공누리 1유형,,,O,,,,,업무상 저작물,
1718,한국영상자료원,HOME > 한국영화박물관 > 교육 > 지난 교육,지난 교육,프레임 너머: 배우와 배우가,,,2023.05.02.(화) ~ 05.02.(화),,미부착,,개방 가능,공공누리 1유형,,,O,,,,,업무상 저작물,
1719,한국영상자료원,HOME > 한국영화박물관 > 교육 > 지난 교육,지난 교육,[about ARCHIVE] 디지털 영화 자료 관리하기,,,2023.05.11.(목) ~ 05.11.(목),,미부착,,개방 가능,공공누리 1유형,,,O,,,,,업무상 저작물,
1720,한국영상자료원,HOME > 한국영화박물관 > 교육 > 지난 교육,지난 교육,"영화 미술감독 마스터클래스: 김병한, 한아름 미술감독",,,2023.05.12.(금) ~ 05.19.(금),,미부착,,개방 가능,공공누리 1유형,,,O,,,,,업무상 저작물,
1721,한국영상자료원,HOME > 한국영화박물관 > 교육 > 지난 교육,지난 교육,[6~13세] 리틀 시네마 워크룸- 점선면,,,2023.05.14.(일) ~ 05.14.(일),,미부착,,개방 불가,공공누리 부착 불가,,,,,O,,,창작 소품 및 손 사진,
1722,한국영상자료원,HOME > 한국영화박물관 > 교육 > 지난 교육,지난 교육,[6~9세/ 실시간 온라인] KOFA 라이브 키즈 클럽- 작은 집 이야기,,,2023.05.19.(금) ~ 05.19.(금),,미부착,,개방 불가,공공누리 부착 불가,,,,,O,,,삽화 도안,
1723,한국영상자료원,HOME > 한국영화박물관 > 교육 > 지난 교육,지난 교육,[12세 이상 단체] 박물관 전시 도슨트 예약 해설(6월),,,2023.06.01.(목) ~ 06.24.(토),,미부착,,개방 불가,공공누리 부착 불가,,,,,O,,,글자 도안,
1724,한국영상자료원,HOME > 한국영화박물관 > 교육 > 지난 교육,지난 교육,프로덕션 디자인의 이해,,,2023.06.07.(수) ~ 06.21.(수),,미부착,,개방 가능,공공누리 1유형,,,O,,,,,업무상 저작물,
1725,한국영상자료원,HOME > 한국영화박물관 > 교육 > 지난 교육,지난 교육,[6~12세] 리틀 시네마 워크룸- 달세계 과학 여행,,,2023.06.17.(토) ~ 06.17.(토),,미부착,,개방 불가,공공누리 부착 불가,,,,,O,,,창작 소품과 손 사진,
1726,한국영상자료원,HOME > 한국영화박물관 > 교육 > 지난 교육,지난 교육,[6~9세/ 실시간 온라인] KOFA 라이브 키즈 클럽- 아기 돼지 삼형제,,,2023.06.23.(금) ~ 06.23.(금),첨부파일,미부착,,개방 불가,공공누리 부착 불가,,,,,O,,,삽화 도안,
1727,한국영상자료원,HOME > 한국영화박물관 > 뉴스/공지,뉴스/공지,한국영화박물관 전시해설/체험프로그램 중단 안내,,,2016.01.02,,미부착,,개방 가능,공공누리 1유형,,,O,,,,,단순 정보,
1728,한국영상자료원,HOME > 한국영화박물관 > 뉴스/공지,뉴스/공지,설 연휴 휴관 안내 (2016.2.7~10),,,2016.02.02,,미부착,,개방 가능,공공누리 1유형,,,O,,,,,단순 정보,
1729,한국영상자료원,HOME > 한국영화박물관 > 뉴스/공지,뉴스/공지,한국영화박물관 전시해설 재개 안내,,,2016.03.23,,미부착,,개방 가능,공공누리 1유형,,,O,,,,,단순 정보,
1730,한국영상자료원,HOME > 한국영화박물관 > 뉴스/공지,뉴스/공지,[마감] 2016 <뚝딱뚝딱 영화공장> 참여자를 모집합니다,,,2016.03.24,첨부파일,미부착,,개방 가능,공공누리 1유형,,,O,,,,,업무상 저작물,
1731,한국영상자료원,HOME > 한국영화박물관 > 뉴스/공지,뉴스/공지,[마감] 자유학기제 진로체험프로그램 <영화를 만드는 사람들-연출편> 2016-1학기 참가학급 모집,,,2016.04.05,첨부파일,미부착,,개방 가능,공공누리 1유형,,,O,,,,,업무상 저작물,
1732,한국영상자료원,HOME > 한국영화박물관 > 뉴스/공지,뉴스/공지,[마감] 전시 연계 체험프로그램 <김작가의 시놉시스> 2016-1학기 참가자 모집,,,2016.04.05,,미부착,,개방 가능,공공누리 1유형,,,O,,,,,단순 정보,
1733,한국영상자료원,HOME > 한국영화박물관 > 뉴스/공지,뉴스/공지,《영화의 마술 프로덕션디자인》전시 기간 연장 안내,,,2016.04.06,,미부착,,개방 가능,공공누리 1유형,,,O,,,,,단순 정보,
1734,한국영상자료원,HOME > 한국영화박물관 > 뉴스/공지,뉴스/공지,[모집] 자유학기제 진로체험프로그램 <영화를 만드는 사람들> 8~10월 참가학급 모집,,,2016.06.09,첨부파일,미부착,,개방 가능,공공누리 1유형,,,O,,,,,업무상 저작물,
1735,한국영상자료원,HOME > 한국영화박물관 > 뉴스/공지,뉴스/공지,[모집] 전시 연계 체험프로그램 <김작가의 시놉시스> 8~10월 참가학급 모집,,,2016.06.10,첨부파일,미부착,,개방 가능,공공누리 1유형,,,O,,,,,업무상 저작물,
1736,한국영상자료원,HOME > 한국영화박물관 > 뉴스/공지,뉴스/공지,"기획전 준비 관련 ""기획전시실"" 휴관 안내 (2016.6.14~16)",,,2016.06.14,,미부착,,개방 가능,공공누리 1유형,,,O,,,,,단순 정보,
1737,한국영상자료원,HOME > 한국영화박물관 > 뉴스/공지,뉴스/공지,[마감] 2016 <어린이영화아카데미> 참여자 모집,,,2016.06.29,첨부파일,미부착,,개방 가능,공공누리 1유형,,,O,,,,,업무상 저작물,
1738,한국영상자료원,HOME > 한국영화박물관 > 뉴스/공지,뉴스/공지,[마감] <이웃나라 이야기- 인도네시아 어린이의 하루> 참여자 모집,,,2016.06.29,첨부파일,미부착,,개방 가능,공공누리 1유형,,,O,,,,,업무상 저작물,
1739,한국영상자료원,HOME > 한국영화박물관 > 뉴스/공지,뉴스/공지,[마감] 2016 <영화약국 마음처방전> 참여자를 모집합니다,,,2016.07.06,첨부파일,미부착,,개방 가능,공공누리 1유형,,,O,,,,,업무상 저작물,
1740,한국영상자료원,HOME > 한국영화박물관 > 뉴스/공지,뉴스/공지,"[마감] 기획전시 연계 특별프로그램 <박물관 속 토크, Talk- 영화 잡지를 말하다> 참여자를 모집합니다",,,2016.07.14,,미부착,,개방 가능,공공누리 1유형,,,O,,,,,단순 정보,
1741,한국영상자료원,HOME > 한국영화박물관 > 뉴스/공지,뉴스/공지,2016 <영화약국 마음처방전> 참가자 발표,,,2016.08.09,,미부착,,개방 가능,공공누리 1유형,,,O,,,,,단순 정보,
1742,한국영상자료원,HOME > 한국영화박물관 > 뉴스/공지,뉴스/공지,"한국영화박물관 '잡지로 보는 한국영화의 풍경, <녹성>에서 <씨네21>까지' 전시 기간 연장 안내",,,2016.09.05,,미부착,,개방 가능,공공누리 1유형,,,O,,,,,단순 정보,
1743,한국영상자료원,HOME > 한국영화박물관 > 뉴스/공지,뉴스/공지,[한국영화박물관]추석 연휴 휴관 안내(9.14.(수)~9.16.(금)),,,2016.09.05,,미부착,,개방 가능,공공누리 1유형,,,O,,,,,단순 정보,
1744,한국영상자료원,HOME > 한국영화박물관 > 뉴스/공지,뉴스/공지,2017 <영화약국 마음처방전> 참여자 모집 기간 연장,,,2017.04.19,,미부착,,개방 가능,공공누리 1유형,,,O,,,,,단순 정보,
1745,한국영상자료원,HOME > 한국영화박물관 > 뉴스/공지,뉴스/공지,[휴관안내] 한국영화박물관 5월 휴관일 안내입니다.,,,2017.04.21,,미부착,,개방 가능,공공누리 1유형,,,O,,,,,단순 정보,
1746,한국영상자료원,HOME > 한국영화박물관 > 뉴스/공지,뉴스/공지,2017 <영화약국 마음처방전> 참여자 발표,,,2017.04.25,,미부착,,개방 가능,공공누리 1유형,,,O,,,,,단순 정보,
1747,한국영상자료원,HOME > 한국영화박물관 > 뉴스/공지,뉴스/공지,"[이용 안내] 5월 3일, 5일 운영시간 안내",,,2017.04.26,,미부착,,개방 가능,공공누리 1유형,,,O,,,,,단순 정보,
1748,한국영상자료원,HOME > 한국영화박물관 > 뉴스/공지,뉴스/공지,"한국영화와 대중가요, 그 100년의 만남 특별 강연 & 박물관 속 토크",,,2017.05.25,,미부착,,개방 가능,공공누리 1유형,,,O,,,,,단순 정보,
1749,한국영상자료원,HOME > 한국영화박물관 > 뉴스/공지,뉴스/공지,대중음악연구자 이준희와 함께 하는 축음기&전축 시연 이벤트,,,2017.05.30,,미부착,,개방 가능,공공누리 1유형,,,O,,,,,단순 정보,
1750,한국영상자료원,HOME > 한국영화박물관 > 뉴스/공지,뉴스/공지,[이용안내] 한국영화박물관(상설전시) 오디오 가이드 이용 안내,,,2017.06.02,,미부착,,개방 가능,공공누리 1유형,,,O,,,,,단순 정보,
1751,한국영상자료원,HOME > 한국영화박물관 > 뉴스/공지,뉴스/공지,[휴관안내] 한국영화박물관 6월 휴관일 안내입니다.,,,2017.06.02,,미부착,,개방 가능,공공누리 1유형,,,O,,,,,단순 정보,
1752,한국영상자료원,HOME > 한국영화박물관 > 뉴스/공지,뉴스/공지,[휴관안내] 한국영화박물관 7월 휴관일 안내입니다.,,,2017.07.05,,미부착,,개방 가능,공공누리 1유형,,,O,,,,,단순 정보,
1753,한국영상자료원,HOME > 한국영화박물관 > 뉴스/공지,뉴스/공지,대중음악연구자 이준희와 함께하는 축음기 & 전축 시연 이벤트,,,2017.07.05,,미부착,,개방 가능,공공누리 1유형,,,O,,,,,단순 정보,
1754,한국영상자료원,HOME > 한국영화박물관 > 뉴스/공지,뉴스/공지,[휴관안내] 한국영화박물관 8월 휴관일 및 공휴일 운영시간 안내입니다.,,,2017.08.03,,미부착,,개방 가능,공공누리 1유형,,,O,,,,,단순 정보,
1755,한국영상자료원,HOME > 한국영화박물관 > 뉴스/공지,뉴스/공지,2017 <두근두근 영화제작소> 참여자 발표,,,2017.08.08,,미부착,,개방 가능,공공누리 1유형,,,O,,,,,단순 정보,
1756,한국영상자료원,HOME > 한국영화박물관 > 뉴스/공지,뉴스/공지,2017년 한국영화박물관 도슨트 양성프로그램 참가자 모집,,,2017.08.10,첨부파일,미부착,,개방 가능,공공누리 1유형,,,O,,,,,업무상 저작물,
1757,한국영상자료원,HOME > 한국영화박물관 > 뉴스/공지,뉴스/공지,2017년 한국영화박물관 도슨트 양성프로그램 참가자 발표,,,2017.09.01,,미부착,,개방 가능,공공누리 1유형,,,O,,,,,단순 정보,
1758,한국영상자료원,HOME > 한국영화박물관 > 뉴스/공지,뉴스/공지,[휴관안내] 한국영화박물관 10월 휴관일 안내입니다.,,,2017.09.29,,미부착,,개방 가능,공공누리 1유형,,,O,,,,,단순 정보,
1759,한국영상자료원,HOME > 한국영화박물관 > 뉴스/공지,뉴스/공지,2017년 영화 강좌 <한국영화 속 여성> 참가자 모집,,,2017.10.27,,미부착,,개방 불가,공공누리 부착 불가,,,,,O,,,영화 스틸컷 사용에 대한 동의 여부 불분명하므로 개방불가로 처리,
1760,한국영상자료원,HOME > 한국영화박물관 > 뉴스/공지,뉴스/공지,[휴관안내] 한국영화박물관 11월 휴관일 안내입니다.,,,2017.11.02,,미부착,,개방 가능,공공누리 1유형,,,O,,,,,단순 정보,
1761,한국영상자료원,HOME > 한국영화박물관 > 뉴스/공지,뉴스/공지,한국영화박물관 상반기 기획전시 종료 안내,,,2017.12.17,,미부착,,개방 가능,공공누리 1유형,,,O,,,,,단순 정보,
1762,한국영상자료원,HOME > 한국영화박물관 > 뉴스/공지,뉴스/공지,한국영화박물관 상설전시 일부 리모델링 안내,,,2017.12.17,,미부착,,개방 가능,공공누리 1유형,,,O,,,,,단순 정보,
1763,한국영상자료원,HOME > 한국영화박물관 > 뉴스/공지,뉴스/공지,[휴관안내] 한국영화박물관 1월 휴관일 안내입니다.,,,2018.01.02,,미부착,,개방 가능,공공누리 1유형,,,O,,,,,단순 정보,
1764,한국영상자료원,HOME > 한국영화박물관 > 뉴스/공지,뉴스/공지,[휴관안내] 한국영상자료원 창립기념일 휴관 안내,,,2018.01.05,,미부착,,개방 가능,공공누리 1유형,,,O,,,,,단순 정보,
1765,한국영상자료원,HOME > 한국영화박물관 > 뉴스/공지,뉴스/공지,[휴관안내] 한국영화박물관 2월 휴관일 및 설 연휴 휴관 안내입니다.,,,2018.01.31,,미부착,,개방 가능,공공누리 1유형,,,O,,,,,단순 정보,
1766,한국영상자료원,HOME > 한국영화박물관 > 뉴스/공지,뉴스/공지,[휴관안내] 한국영화박물관 3월 휴관일 및 공휴일 운영시간 안내입니다.,,,2018.03.01,,미부착,,개방 가능,공공누리 1유형,,,O,,,,,단순 정보,
1767,한국영상자료원,HOME > 한국영화박물관 > 뉴스/공지,뉴스/공지,2018 <영화약국 마음처방전> 참여자 모집 기간 연장,,,2018.04.18,,미부착,,개방 가능,공공누리 1유형,,,O,,,,,단순 정보,
1768,한국영상자료원,HOME > 한국영화박물관 > 뉴스/공지,뉴스/공지,한국영화박물관 5월 휴관일 및 운영시간 변경 안내,,,2018.04.24,,미부착,,개방 가능,공공누리 1유형,,,O,,,,,단순 정보,
1769,한국영상자료원,HOME > 한국영화박물관 > 뉴스/공지,뉴스/공지,2018 <영화약국 마음처방전> 참여자 발표,,,2018.04.24,,미부착,,개방 가능,공공누리 1유형,,,O,,,,,단순 정보,
1770,한국영상자료원,HOME > 한국영화박물관 > 뉴스/공지,뉴스/공지,한국영화박물관 기존 기획전시 종료 및 신규 기획전시 안내,,,2018.05.10,,미부착,,개방 가능,공공누리 1유형,,,O,,,,,단순 정보,
1771,한국영상자료원,HOME > 한국영화박물관 > 뉴스/공지,뉴스/공지,한국영화박물관 6월 휴관일 및 운영시간 변경 안내,,,2018.06.01,,미부착,,개방 가능,공공누리 1유형,,,O,,,,,단순 정보,
1772,한국영상자료원,HOME > 한국영화박물관 > 뉴스/공지,뉴스/공지,한국영화박물관 용가리 굿즈 이벤트!,,,2018.07.26,,미부착,,개방 가능,공공누리 1유형,,,O,,,,,단순 정보,
1773,한국영상자료원,HOME > 한국영화박물관 > 뉴스/공지,뉴스/공지,한국영화박물관 입장 방법 변경 안내(무료 티켓 발권 후 입장),,,2018.07.27,,미부착,,개방 가능,공공누리 1유형,,,O,,,,,단순 정보,
1774,한국영상자료원,HOME > 한국영화박물관 > 뉴스/공지,뉴스/공지,한국영화박물관 8월 휴관일 및 운영시간 변경 안내,,,2018.08.04,,미부착,,개방 가능,공공누리 1유형,,,O,,,,,단순 정보,
1775,한국영상자료원,HOME > 한국영화박물관 > 뉴스/공지,뉴스/공지,2018 <두근두근 영화제작소> 참여자 발표,,,2018.08.07,,미부착,,개방 가능,공공누리 1유형,,,O,,,,,단순 정보,
1776,한국영상자료원,HOME > 한국영화박물관 > 뉴스/공지,뉴스/공지,한국영화박물관 9월 휴관일 안내,,,2018.09.04,,미부착,,개방 가능,공공누리 1유형,,,O,,,,,단순 정보,
1777,한국영상자료원,HOME > 한국영화박물관 > 뉴스/공지,뉴스/공지,한국영화박물관 기존 기획전시 종료 및 신규 기획전시 안내,,,2018.09.12,,미부착,,개방 가능,공공누리 1유형,,,O,,,,,단순 정보,
1778,한국영상자료원,HOME > 한국영화박물관 > 뉴스/공지,뉴스/공지,한국영화박물관 기존 기획전시 종료 및 신규 기획전시 안내,,,2018.12.04,,미부착,,개방 가능,공공누리 1유형,,,O,,,,,단순 정보,
1779,한국영상자료원,HOME > 한국영화박물관 > 뉴스/공지,뉴스/공지,2019년 <한국영화박물관 전시해설가(도슨트) 양성프로그램> 참가자 모집,,,2019.04.09,첨부파일,미부착,,개방 가능,공공누리 1유형,,,O,,,,,업무상 저작물,
1780,한국영상자료원,HOME > 한국영화박물관 > 뉴스/공지,뉴스/공지,2019년 <한국영화박물관 신규 전시해설가(도슨트) 양성프로그램> 교육대상자 발표,,,2019.05.07,,미부착,,개방 가능,공공누리 1유형,,,O,,,,,단순 정보,
1781,한국영상자료원,HOME > 한국영화박물관 > 뉴스/공지,뉴스/공지,2019 <영화약국 마음처방전> 교육대상자 발표,,,2019.05.14,,미부착,,개방 가능,공공누리 1유형,,,O,,,,,단순 정보,
1782,한국영상자료원,HOME > 한국영화박물관 > 뉴스/공지,뉴스/공지,2019 <복원의 기술: KOFA 고전영화 복원 강좌> 교육대상자 발표,,,2019.05.15,,미부착,,개방 가능,공공누리 1유형,,,O,,,,,단순 정보,
1783,한국영상자료원,HOME > 한국영화박물관 > 뉴스/공지,뉴스/공지,2019년 한국영화박물관 신규 전시해설가(도슨트) 최종 선발자 발표,,,2019.06.26,,미부착,,개방 가능,공공누리 1유형,,,O,,,,,단순 정보,
1784,한국영상자료원,HOME > 한국영화박물관 > 뉴스/공지,뉴스/공지,한국영화박물관 7월 휴관일 안내,,,2019.06.28,,미부착,,개방 가능,공공누리 1유형,,,O,,,,,단순 정보,
1785,한국영상자료원,HOME > 한국영화박물관 > 뉴스/공지,뉴스/공지,한국영화박물관 기존 기획전시 종료 및 신규 기획전시 안내,,,2019.06.28,,미부착,,개방 가능,공공누리 1유형,,,O,,,,,단순 정보,
1786,한국영상자료원,HOME > 한국영화박물관 > 뉴스/공지,뉴스/공지,<영화 글쓰기 키트: 영화 기자가 알려주는 글쓰기> 교육대상자 발표,,,2019.07.02,,미부착,,개방 가능,공공누리 1유형,,,O,,,,,단순 정보,
1787,한국영상자료원,HOME > 한국영화박물관 > 뉴스/공지,뉴스/공지,"《나쁜 여자, 이상한 여자, 죽이는 여자》 큐레이터 전시해설(7월18일) 교육생 발표",,,2019.07.16,,미부착,,개방 가능,공공누리 1유형,,,O,,,,,단순 정보,
1788,한국영상자료원,HOME > 한국영화박물관 > 뉴스/공지,뉴스/공지,"《나쁜 여자, 이상한 여자, 죽이는 여자》 전문가 강연 합격자 발표",,,2019.07.17,,미부착,,개방 가능,공공누리 1유형,,,O,,,,,단순 정보,
1789,한국영상자료원,HOME > 한국영화박물관 > 뉴스/공지,뉴스/공지,한국영화박물관 8월 휴관일 안내,,,2019.07.31,,미부착,,개방 가능,공공누리 1유형,,,O,,,,,단순 정보,
1790,한국영상자료원,HOME > 한국영화박물관 > 뉴스/공지,뉴스/공지,"《나쁜 여자, 이상한 여자, 죽이는 여자》 큐레이터 전시해설(8월9일) 교육생 발표",,,2019.08.05,,미부착,,개방 가능,공공누리 1유형,,,O,,,,,단순 정보,
1791,한국영상자료원,HOME > 한국영화박물관 > 뉴스/공지,뉴스/공지,2019 <라이브 버라이어티 쇼쇼쇼-무성영화 변사공연 제작기> 교육대상자 발표,,,2019.08.10,,미부착,,개방 가능,공공누리 1유형,,,O,,,,,단순 정보,
1792,한국영상자료원,HOME > 한국영화박물관 > 뉴스/공지,뉴스/공지,박물관 전시해설 프로그램 <한국영화 100년을 보다> 2019-2학기 참가 학급 모집,,,2019.08.22,첨부파일,미부착,,개방 가능,공공누리 1유형,,,O,,,,,단순 정보,
1793,한국영상자료원,HOME > 한국영화박물관 > 뉴스/공지,뉴스/공지,한국영화박물관 9월 휴관일 안내,,,2019.08.27,,미부착,,개방 가능,공공누리 1유형,,,O,,,,,단순 정보,
1794,한국영상자료원,HOME > 한국영화박물관 > 뉴스/공지,뉴스/공지,한국영화박물관 10월 휴관일 안내,,,2019.10.01,,미부착,,개방 가능,공공누리 1유형,,,O,,,,,단순 정보,
1795,한국영상자료원,HOME > 한국영화박물관 > 뉴스/공지,뉴스/공지,[당첨자 안내] 한국영화박물관 전시도록 나눔 이벤트 당첨자 안내,,,2019.10.10,,미부착,,개방 가능,공공누리 2~4유형,,,,,O,,,포스터,
1796,한국영상자료원,HOME > 한국영화박물관 > 뉴스/공지,뉴스/공지,"신규 기획전시《금지된 상상, 억압의 상처》관람 안내",,,2019.10.25,,미부착,,개방 가능,공공누리 1유형,,,O,,,,,단순 정보,
1797,한국영상자료원,HOME > 한국영화박물관 > 뉴스/공지,뉴스/공지,한국영화박물관 11월 휴관일 안내,,,2019.11.01,,미부착,,개방 가능,공공누리 1유형,,,O,,,,,단순 정보,
1798,한국영상자료원,HOME > 한국영화박물관 > 뉴스/공지,뉴스/공지,"기획전시《금지된 상상, 억압의 상처》'미성년자 관람불가' 섹션 운영시간 안내",,,2019.11.19,,미부착,,개방 가능,공공누리 1유형,,,O,,,,,단순 정보,
1799,한국영상자료원,HOME > 한국영화박물관 > 뉴스/공지,뉴스/공지,<일요일엔 영화음악: 해설이 있는 한국 영화음악 콘서트> 온라인 예매인원 변경 공지,,,2019.12.05,,미부착,,개방 가능,공공누리 1유형,,,O,,,,,단순 정보,
1800,한국영상자료원,HOME > 한국영화박물관 > 뉴스/공지,뉴스/공지,한국영화박물관 1월 휴관일 안내,,,2020.01.11,,미부착,,개방 가능,공공누리 1유형,,,O,,,,,단순 정보,
1801,한국영상자료원,HOME > 한국영화박물관 > 뉴스/공지,뉴스/공지,한국영화박물관 임시 휴관 안내(2/25~),,,2020.02.25,,미부착,,개방 가능,공공누리 1유형,,,O,,,,,단순 정보,
1802,한국영상자료원,HOME > 한국영화박물관 > 뉴스/공지,뉴스/공지,한국영화박물관 VR 온라인 기획 전시 오픈,,,2020.03.31,,미부착,,개방 가능,공공누리 1유형,,,O,,,,,단순 정보,
1803,한국영상자료원,HOME > 한국영화박물관 > 뉴스/공지,뉴스/공지,한국영화박물관 재개관 안내,,,2020.05.08,,미부착,,개방 가능,공공누리 1유형,,,O,,,,,단순 정보,
1804,한국영상자료원,HOME > 한국영화박물관 > 뉴스/공지,뉴스/공지,"기획전시《금지된 상상, 억압의 상처》연장 안내(~5/24)",,,2020.05.11,,미부착,,개방 가능,공공누리 1유형,,,O,,,,,단순 정보,
1805,한국영상자료원,HOME > 한국영화박물관 > 뉴스/공지,뉴스/공지,한국영화박물관 임시 휴관 안내(5/29~별도 공지) (6.12 수정),,,2020.05.29,,미부착,,개방 가능,공공누리 1유형,,,O,,,,,단순 정보,
1806,한국영상자료원,HOME > 한국영화박물관 > 뉴스/공지,뉴스/공지,[온라인] 청소년 대상 영화계 직업 탐구 프로그램 <스텝 바이 스태프 Step by Staff: 영화감독>,,,2020.06.19,,미부착,,개방 가능,공공누리 2~4유형,,,,,O,,,포스터,
1807,한국영상자료원,HOME > 한국영화박물관 > 뉴스/공지,뉴스/공지,[온라인] 영화계 직업 탐구 프로그램 <스텝 바이 스태프 Step by Staff: 시나리오 작가>,,,2020.07.07,,미부착,,개방 가능,공공누리 1유형,,,O,,,,,단순 정보,
1808,한국영상자료원,HOME > 한국영화박물관 > 뉴스/공지,뉴스/공지,한국영화박물관 상설전 및 기획전 사전예약 링크,,,2020.07.22,,미부착,,개방 가능,공공누리 1유형,,,O,,,,,단순 정보,
1809,한국영상자료원,HOME > 한국영화박물관 > 뉴스/공지,뉴스/공지,[모집마감] 한국영화박물관 봉사단 2기 모집 공고(변경),,,2020.07.31,첨부파일,미부착,,개방 가능,공공누리 2~4유형,,,,,O,,,포스터,
1810,한국영상자료원,HOME > 한국영화박물관 > 뉴스/공지,뉴스/공지,교육 프로그램 '영화 글쓰기 키트 시즌2' 참여 인원 안내,,,2020.08.04,,미부착,,개방 가능,공공누리 1유형,,,O,,,,,단순 정보,
1811,한국영상자료원,HOME > 한국영화박물관 > 뉴스/공지,뉴스/공지,[온라인] 영화계 직업 탐구 프로그램 <스텝 바이 스태프 Step by Staff: 촬영감독>,,,2020.08.05,,미부착,,개방 가능,공공누리 2~4유형,,,,,O,,,포스터,
1812,한국영상자료원,HOME > 한국영화박물관 > 뉴스/공지,뉴스/공지,[한국영화박물관] 임시 휴관 안내,,,2020.08.16,,미부착,,개방 가능,공공누리 1유형,,,O,,,,,단순 정보,
1813,한국영상자료원,HOME > 한국영화박물관 > 뉴스/공지,뉴스/공지,[박물관 이벤트] 유튜브 영상 이벤트 1탄 안내(아카이브 프리즘),,,2020.08.16,첨부파일,미부착,,개방 가능,공공누리 2~4유형,,,,,O,,,포스터,
1814,한국영상자료원,HOME > 한국영화박물관 > 뉴스/공지,뉴스/공지,[강좌 취소 안내] 8월 21일 <월북영화인과 북한영화 이야기>,,,2020.08.19,,미부착,,개방 가능,공공누리 1유형,,,O,,,,,단순 정보,
1815,한국영상자료원,HOME > 한국영화박물관 > 뉴스/공지,뉴스/공지,[1차 발표] 한국영화박물관 봉사단 2기 서류 합격자 발표,,,2020.08.19,,미부착,,개방 가능,공공누리 1유형,,,O,,,,,단순 정보,
1816,한국영상자료원,HOME > 한국영화박물관 > 뉴스/공지,뉴스/공지,[이벤트 당첨자발표] 유튜브 영상 이벤트 1탄 당첨자 발표(아카이브 프리즘),,,2020.08.20,,미부착,,개방 가능,공공누리 1유형,,,O,,,,,단순 정보,
1817,한국영상자료원,HOME > 한국영화박물관 > 뉴스/공지,뉴스/공지,[온라인] 영화계 직업 탐구 프로그램 <스텝 바이 스태프 Step by Staff: 영화번역가>,,,2020.08.21,,미부착,,개방 가능,공공누리 1유형,,,O,,,,,단순 정보,
1818,한국영상자료원,HOME > 한국영화박물관 > 뉴스/공지,뉴스/공지,[봉사단]한국영화박물관 봉사단 2기 최종 합격자 발표,,,2020.08.25,,미부착,,개방 가능,공공누리 1유형,,,O,,,,,단순 정보,
1819,한국영상자료원,HOME > 한국영화박물관 > 뉴스/공지,뉴스/공지,[이벤트 당첨자발표]유튜브 영상 이벤트 2탄 당첨자 발표(아카이브 프리즘),,,2020.08.31,,미부착,,개방 가능,공공누리 1유형,,,O,,,,,단순 정보,
1820,한국영상자료원,HOME > 한국영화박물관 > 뉴스/공지,뉴스/공지,[이벤트 당첨자발표]유튜브 영상 이벤트 3탄 당첨자 발표(아카이브 프리즘),,,2020.09.15,,미부착,,개방 가능,공공누리 1유형,,,O,,,,,단순 정보,
1821,한국영상자료원,HOME > 한국영화박물관 > 뉴스/공지,뉴스/공지,교육 프로그램 '청소년을 위한 영화 글쓰기 키트' 참여 인원 안내,,,2020.09.24,,미부착,,개방 가능,공공누리 1유형,,,O,,,,,단순 정보,
1822,한국영상자료원,HOME > 한국영화박물관 > 뉴스/공지,뉴스/공지,[이벤트 당첨자발표]유튜브 영상 이벤트 4탄 당첨자 발표(남부군 블루레이),,,2020.09.28,,미부착,,개방 가능,공공누리 1유형,,,O,,,,,단순 정보,
1823,한국영상자료원,HOME > 한국영화박물관 > 뉴스/공지,뉴스/공지,[온라인] 영화계 직업 탐구 프로그램 <스텝 바이 스태프 Step by Staff: 편집감독>,,,2020.09.29,,미부착,,개방 가능,공공누리 2~4유형,,,,,O,,,포스터,
1824,한국영상자료원,HOME > 한국영화박물관 > 뉴스/공지,뉴스/공지,[온라인] 영화계 직업 탐구 프로그램 <스텝 바이 스태프 Step by Staff: 영화 제작자>,,,2020.11.09,,미부착,,개방 가능,공공누리 2~4유형,,,,,O,,,포스터,
1825,한국영상자료원,HOME > 한국영화박물관 > 뉴스/공지,뉴스/공지,[온라인] 영화계 직업 탐구 프로그램 <스텝 바이 스태프 Step by Staff: 영화 음악감독>,,,2020.11.23,,미부착,,개방 가능,공공누리 2~4유형,,,,,O,,,포스터,
1826,한국영상자료원,HOME > 한국영화박물관 > 뉴스/공지,뉴스/공지,[한국영화박물관] 임시 휴관 안내(12월5일~별도 공지 시),,,2020.12.28,,미부착,,개방 가능,공공누리 1유형,,,O,,,,,단순 정보,
1827,한국영상자료원,HOME > 한국영화박물관 > 뉴스/공지,뉴스/공지,[봉사단]한국영화박물관 봉사단 3기 모집 공고,,,2021.01.13,첨부파일,미부착,,개방 가능,공공누리 2~4유형,,,,,O,,,포스터,
1828,한국영상자료원,HOME > 한국영화박물관 > 뉴스/공지,뉴스/공지,기획전시《혼돈의 시간 엇갈린 행로》연장 안내(~2/10),,,2021.01.21,,미부착,,개방 가능,공공누리 1유형,,,O,,,,,단순 정보,
1829,한국영상자료원,HOME > 한국영화박물관 > 뉴스/공지,뉴스/공지,[봉사단]한국영화박물관 3기 서류 합격자 발표 및 면접 시간표(수정),,,2021.01.28,,미부착,,개방 가능,공공누리 1유형,,,O,,,,,단순 정보,
1830,한국영상자료원,HOME > 한국영화박물관 > 뉴스/공지,뉴스/공지,[봉사단]한국영화박물관 봉사단 3기 최종 합격자 발표,,,2021.02.16,,미부착,,개방 가능,공공누리 1유형,,,O,,,,,단순 정보,
1831,한국영상자료원,HOME > 한국영화박물관 > 뉴스/공지,뉴스/공지,[이벤트]한국영화박물관 회원 대상 영화카드 증정 이벤트(4/13~12/31),,,2021.04.14,첨부파일,미부착,,개방 가능,공공누리 2~4유형,,,,,O,,,포스터,
1832,한국영상자료원,HOME > 한국영화박물관 > 뉴스/공지,뉴스/공지,한국영화박물관 5월 휴관일 안내,,,2021.04.28,,미부착,,개방 가능,공공누리 1유형,,,O,,,,,단순 정보,
1833,한국영상자료원,HOME > 한국영화박물관 > 뉴스/공지,뉴스/공지,[이벤트]한국영화박물관 5월 가정의 달 이벤트,,,2021.05.04,,미부착,,개방 가능,공공누리 1유형,,,O,,,,,단순 정보,
1834,한국영상자료원,HOME > 한국영화박물관 > 뉴스/공지,뉴스/공지,한국영화박물관 6월 휴관일 안내,,,2021.05.25,,미부착,,개방 가능,공공누리 1유형,,,O,,,,,단순 정보,
1835,한국영상자료원,HOME > 한국영화박물관 > 뉴스/공지,뉴스/공지,[박물관 이벤트] 인스타그램 이벤트 <1961년 한국영화 돌아보기> 1탄 안내(아카이브 프리즘 4호),,,2021.06.04,,미부착,,개방 가능,공공누리 1유형,,,O,,,,,단순 정보,
1836,한국영상자료원,HOME > 한국영화박물관 > 뉴스/공지,뉴스/공지,[박물관 이벤트] 인스타그램 이벤트 3탄 안내(아카이브 프리즘 4호),,,2021.06.19,,미부착,,개방 가능,공공누리 1유형,,,O,,,,,단순 정보,
1837,한국영상자료원,HOME > 한국영화박물관 > 뉴스/공지,뉴스/공지,[봉사단]한국영화박물관 봉사단 4기 모집 공고(~7/30),,,2021.07.15,,미부착,,개방 가능,공공누리 2~4유형,,,,,O,,,포스터,
1838,한국영상자료원,HOME > 한국영화박물관 > 뉴스/공지,뉴스/공지,온라인 강좌 '영화+글 시리즈 세 번째: 영화 비평 쓰기' 참여 인원 안내,,,2021.07.22,,미부착,,개방 가능,공공누리 1유형,,,O,,,,,단순 정보,
1839,한국영상자료원,HOME > 한국영화박물관 > 뉴스/공지,뉴스/공지,[봉사단]한국영화박물관 봉사단 4기 1차 서류합격자 및 면접 시간 안내,,,2021.08.07,첨부파일,미부착,,개방 가능,공공누리 1유형,,,O,,,,,단순 정보,
1840,한국영상자료원,HOME > 한국영화박물관 > 뉴스/공지,뉴스/공지,[봉사단]한국영화박물관 봉사단 4기 최종 합격자 발표,,,2021.08.20,,미부착,,개방 가능,공공누리 1유형,,,O,,,,,단순 정보,
1841,한국영상자료원,HOME > 한국영화박물관 > 뉴스/공지,뉴스/공지,"[모집공고] 한국영화박물관 체험활동지 <떠나자, 한국영화박물관으로!> 참여 단체 모집 안내",,,2021.08.21,첨부파일,미부착,,개방 가능,공공누리 2~4유형,,,,,O,,,포스터,
1842,한국영상자료원,HOME > 한국영화박물관 > 뉴스/공지,뉴스/공지,한국영화박물관 운영변경 안내,,,2021.09.14,,미부착,,개방 가능,공공누리 1유형,,,O,,,,,단순 정보,
1843,한국영상자료원,HOME > 한국영화박물관 > 뉴스/공지,뉴스/공지,[이벤트변경] 한국영화박물관 회원대상 영화카드 증정 이벤트 일정 변경되었습니다.,,,2021.12.21,,미부착,,개방 가능,공공누리 1유형,,,O,,,,,단순 정보,
1844,한국영상자료원,HOME > 한국영화박물관 > 뉴스/공지,뉴스/공지,[이벤트] 한국영화박물관 영화카드 사은품 증정 이벤트,,,2022.01.20,,미부착,,개방 가능,공공누리 2~4유형,,,O,,,,,단순 정보,
1845,한국영상자료원,HOME > 한국영화박물관 > 뉴스/공지,뉴스/공지,★ 한국영화박물관 예약 변경 사항 안내 (2022.01.25.~),,,2022.01.24,,미부착,,개방 가능,공공누리 1유형,,,O,,,,,단순 정보,
1846,한국영상자료원,HOME > 한국영화박물관 > 뉴스/공지,뉴스/공지,[기획전시 D-15 이벤트] 정훈이만화 기획전시 도록 & 굿즈 증정,,,2022.03.10,,미부착,,개방 가능,공공누리 1유형,,,O,,,,,단순 정보,
1847,한국영상자료원,HOME > 한국영화박물관 > 뉴스/공지,뉴스/공지,기획전시 마감일 변경 안내,,,2022.03.15,,미부착,,개방 가능,공공누리 1유형,,,O,,,,,단순 정보,
1848,한국영상자료원,HOME > 한국영화박물관 > 뉴스/공지,뉴스/공지,[이벤트] <위대한 유산: 태흥영화 1984-2004> 온라인 기획전시 굿즈 이벤트,,,2022.07.13,,미부착,,개방 가능,공공누리 2~4유형,,,,,O,,,포스터,
1849,한국영상자료원,HOME > 한국영화박물관 > 뉴스/공지,뉴스/공지,[휴관] 2022년 7월 15일(금) 한국영화박물관 휴관 안내,,,2022.07.13,,미부착,,개방 가능,공공누리 1유형,,,O,,,,,단순 정보,
1850,한국영상자료원,HOME > 한국영화박물관 > 뉴스/공지,뉴스/공지,한국영화박물관 기존 기획 전시 종료 및 공사 안내,,,2022.09.22,,미부착,,개방 가능,공공누리 1유형,,,O,,,,,단순 정보,
1851,한국영상자료원,HOME > 한국영화박물관 > 뉴스/공지,뉴스/공지,[한국영화박물관]홈페이지 서비스 일시 중단에 따른 예매 방법 안내,,,2022.10.20,,미부착,,개방 가능,공공누리 1유형,,,O,,,,,단순 정보,
1852,한국영상자료원,HOME > 한국영화박물관 > 뉴스/공지,뉴스/공지,2022년 10월 21일 기획 전시 오픈 시간 안내,,,2022.10.20,,미부착,,개방 가능,공공누리 1유형,,,O,,,,,단순 정보,
1853,한국영상자료원,HOME > 한국영화박물관 > 뉴스/공지,뉴스/공지,전기공사로 인한 시설이용 중단 안내(11.19(토) 1회차(10:00~13:00)),,,2022.11.17,,미부착,,개방 가능,공공누리 1유형,,,O,,,,,단순 정보,
1854,한국영상자료원,HOME > 한국영화박물관 > 뉴스/공지,뉴스/공지,한국영화박물관 상설 전시 공사 안내,,,2022.11.24,,미부착,,개방 가능,공공누리 1유형,,,O,,,,,단순 정보,
1855,한국영상자료원,HOME > 한국영화박물관 > 뉴스/공지,뉴스/공지,[서포터즈] 한국영화박물관 대학생 서포터즈 1기 모집 안내,,,2023.02.09,첨부파일,미부착,,개방 가능,공공누리 1유형,,,O,,,,,업무상 저작물,
1856,한국영상자료원,HOME > 한국영화박물관 > 뉴스/공지,뉴스/공지,[한국영화박물관] 상설 전시 체험존 '초기영화로의 초대' 오픈 안내,,,2023.03.03,,미부착,,개방 가능,공공누리 1유형,,,O,,,,,단순 정보,
1857,한국영상자료원,HOME > 한국영화박물관 > 뉴스/공지,뉴스/공지,[이벤트]<지금 우리 좀비는: 21세기 K-좀비 연대기> 전시 도록 증정,,,2023.03.24,,미부착,,개방 가능,공공누리 2~4유형,,,,,O,,,포스터,
1858,한국영상자료원,HOME > 한국영화박물관 > 뉴스/공지,뉴스/공지,![휴관] 한국영화박물관 휴관 안내(6/27~7/20),,,2023.06.17,,미부착,,개방 가능,공공누리 2~4유형,,,,,O,,,포스터,
1859,한국영상자료원,HOME > 기관소개 > 발간물 > 도서,도서,한국영화의 풍경 1945-1959,한국영화 자료총서,https://www.koreafilm.or.kr/kofa/publication/books,2003 l 한국영상자료원 지음 | 문학사상,,미부착,,개방 가능,공공누리 1유형,,,O,,,,,단순 정보,
1860,한국영상자료원,HOME > 기관소개 > 발간물 > 도서,도서,신문 기사로 본 한국영화 1945~1957,한국영화 자료총서,,2004 l 한국영상자료원 편집 | 공간과 사람들,,미부착,,개방 가능,공공누리 1유형,,,O,,,,,단순 정보,
1861,한국영상자료원,HOME > 기관소개 > 발간물 > 도서,도서,한국영화사 공부 1960~1979,기타,,"2004 l 한국영상자료원 기획편집, 이효인 외 | 이채",첨부파일,미부착,,개방 가능,공공누리 2~4유형,,,,O,,,,제3자 권리 (※ 첨부파일 다운로드 시 KMDB 로그인 필요),
1862,한국영상자료원,HOME > 기관소개 > 발간물 > 도서,도서,한국영화를 말한다: 1950년대 한국영화,한국영화사 구술총서,,2004 l 한국영상자료원 엮음 | 이채,,미부착,,개방 가능,공공누리 1유형,,,O,,,,,단순 정보,
1863,한국영상자료원,HOME > 기관소개 > 발간물 > 도서,도서,A History of Korean Cinema,Korean Film History Review,,2005 l KOREAN FILM ARCHIVE,,미부착,,개방 가능,공공누리 1유형,,,O,,,,,단순 정보,
1864,한국영상자료원,HOME > 기관소개 > 발간물 > 도서,도서,한국영화사 공부 1980~1997,기타,,"2005 l 한국영상자료원 기획편집, 유지나 외 | 이채",첨부파일,미부착,,개방 가능,공공누리 2~4유형,,,,O,,,,제3자 권리 (※ 첨부파일 다운로드 시 KMDB 로그인 필요),
1865,한국영상자료원,HOME > 기관소개 > 발간물 > 도서,도서,신문 기사로 본 한국영화 1958~1961,한국영화 자료총서,,2005 l 한국영상자료원 편집 | 공간과 사람들,,미부착,,개방 가능,공공누리 1유형,,,O,,,,,단순 정보,
1866,한국영상자료원,HOME > 기관소개 > 발간물 > 도서,도서,한국영화를 말한다 : 한국영화의 르네상스 1,한국영화사 구술총서,,2005 l 한국영상자료원 엮음 | 이채,첨부파일,미부착,,개방 가능,공공누리 2~4유형,,,,O,,,,제3자 권리 (※ 첨부파일 다운로드 시 KMDB 로그인 필요),
1867,한국영상자료원,HOME > 기관소개 > 발간물 > 도서,도서,영화천재 이만희,기타,,2006 l 기획 및 발간 한국영상자료원,첨부파일,미부착,,개방 가능,공공누리 2~4유형,,,,O,,,,제3자 권리 (※ 첨부파일 다운로드 시 KMDB 로그인 필요),
1868,한국영상자료원,HOME > 기관소개 > 발간물 > 도서,도서,"아카이브, 도서관 그리고 박물관을 위한 기초안내서",영화필름 보존 가이드,,2006 l 기획 및 발간 한국영상자료원,,미부착,,개방 가능,공공누리 1유형,,,O,,,,,단순 정보,
1869,한국영상자료원,HOME > 기관소개 > 발간물 > 도서,도서,A History of Korean Cinema - from 1970s through 1990s,Korean Film History Review,,2006 l KOREAN FILM ARCHIVE,,미부착,,개방 가능,공공누리 1유형,,,O,,,,,단순 정보,
1870,한국영상자료원,HOME > 기관소개 > 발간물 > 도서,도서,한국영화를 말한다 : 한국영화의 르네상스2,한국영화사 구술총서,,"2006 l 한국영상자료원 엮음, 이채",첨부파일,미부착,,개방 가능,공공누리 2~4유형,,,,O,,,,제3자 권리 (※ 첨부파일 다운로드 시 KMDB 로그인 필요),
1871,한국영상자료원,HOME > 기관소개 > 발간물 > 도서,도서,신문기사로 본 한국영화 1962～1964,한국영화 자료총서,,"2006 l 한국영상자료원 엮음, 공간과사람들",,미부착,,개방 가능,공공누리 1유형,,,O,,,,,단순 정보,
1872,한국영상자료원,HOME > 기관소개 > 발간물 > 도서,도서,"Kim Seung-ho: Face of Father, Portrait of Korean Cinema",Illumination Series,,"2007 l KOREAN FILM ARCHIVE, PIFF",,미부착,,개방 가능,공공누리 1유형,,,O,,,,,단순 정보,
1873,한국영상자료원,HOME > 기관소개 > 발간물 > 도서,도서,"김승호: 아버지의 얼굴, 한국영화의 초상",일루미네이션 총서,,"2007 l 공동기획 및 발간: 한국영상자료원, 부산국제영화제",첨부파일,미부착,,개방 가능,공공누리 2~4유형,,,,O,,,,제3자 권리 (※ 첨부파일 다운로드 시 KMDB 로그인 필요),
1874,한국영상자료원,HOME > 기관소개 > 발간물 > 도서,도서,한국영화를 말한다 : 한국영화의 르네상스 3,한국영화사 구술총서,,"2007 l 한국영화사연구소 엮음, 한국영상자료원 발행",첨부파일,미부착,,개방 가능,공공누리 2~4유형,,,,O,,,,제3자 권리 (※ 첨부파일 다운로드 시 KMDB 로그인 필요),
1875,한국영상자료원,HOME > 기관소개 > 발간물 > 도서,도서,고려영화협회와 영화신체제,기타,,2007 l 한국영상자료원 엮음,,미부착,,개방 가능,공공누리 1유형,,,O,,,,,단순 정보,
1876,한국영상자료원,HOME > 기관소개 > 발간물 > 도서,도서,전설의 낙인 영화감독 김기영,FILMStory 총서,,2007 l 기획 및 발간 한국영상자료원,,미부착,,개방 가능,공공누리 1유형,,,O,,,,,단순 정보,
1877,한국영상자료원,HOME > 기관소개 > 발간물 > 도서,도서,광수의 영화공장 한 편의 영화는 어떻게 만들어지는가,FILMStory 총서,,2007 l 기획 및 발간 한국영상자료원,,미부착,,개방 가능,공공누리 1유형,,,O,,,,,단순 정보,
1878,한국영상자료원,HOME > 기관소개 > 발간물 > 도서,도서,"조국근대화를 유람하기 박정희정권 홍보드라이브, <팔도강산> 10년",FILMStory 총서,,2007 l 기획 및 발간 한국영상자료원,,미부착,,개방 가능,공공누리 1유형,,,O,,,,,단순 정보,
1879,한국영상자료원,HOME > 기관소개 > 발간물 > 도서,도서,"영화를 멈추다 서른 편의 영화, 서른 개의 장면",FILMStory 총서,,2007 l 기획 및 발간 한국영상자료원,,미부착,,개방 가능,공공누리 1유형,,,O,,,,,단순 정보,
1880,한국영상자료원,HOME > 기관소개 > 발간물 > 도서,도서,이장호 VS 배창호 1980년대 한국영화의 최전선,FILMStory 총서,,2007 l 기획 및 발간 한국영상자료원,,미부착,,개방 가능,공공누리 1유형,,,O,,,,,단순 정보,
1881,한국영상자료원,HOME > 기관소개 > 발간물 > 도서,도서,얘들아! 영화랑 친구하자!,기타,,"2007 l 한국영상자료원 엮음, 보리별",,미부착,,개방 가능,공공누리 1유형,,,O,,,,,단순 정보,
1882,한국영상자료원,HOME > 기관소개 > 발간물 > 도서,도서,어린이를 위한 다섯 개의 단편영화,기타,,"2007 l 한국영상자료원 엮음, 보리별",,미부착,,개방 가능,공공누리 1유형,,,O,,,,,단순 정보,
1883,한국영상자료원,HOME > 기관소개 > 발간물 > 도서,도서,감각을 깨우는 영화창작놀이,기타,,"2007 l 한국영상자료원 엮음, 보리별",,미부착,,개방 가능,공공누리 1유형,,,O,,,,,단순 정보,
1884,한국영상자료원,HOME > 기관소개 > 발간물 > 도서,도서,한형모: 통속/장르의 연금술사,일루미네이션 총서,,"2008 l 공동기획 및 발간: 한국영상자료원, 부산국제영화제",첨부파일,미부착,,개방 가능,공공누리 2~4유형,,,,O,,,,제3자 권리 (※ 첨부파일 다운로드 시 KMDB 로그인 필요),
1885,한국영상자료원,HOME > 기관소개 > 발간물 > 도서,도서,Han Hyung-mo: The Alchemist of Popular Genres,Illumination Series,,"2008 l Korean Film Archive, PIFF",,미부착,,개방 가능,공공누리 1유형,,,O,,,,,단순 정보,
1886,한국영상자료원,HOME > 기관소개 > 발간물 > 도서,도서,배우의 얼굴 24시―안성기부터 이나영까지,FILMStory 총서,,2007 l 기획 및 발간 한국영상자료원,,미부착,,개방 가능,공공누리 1유형,,,O,,,,,단순 정보,
1887,한국영상자료원,HOME > 기관소개 > 발간물 > 도서,도서,신문기사로 본 조선영화 1911~1917,일제강점기 영화자료총서,,2008 l 기획 및 발간 한국영화사연구소,첨부파일,미부착,,개방 가능,공공누리 2~4유형,,,,O,,,,제3자 권리 (※ 첨부파일 다운로드 시 KMDB 로그인 필요),
1888,한국영상자료원,HOME > 기관소개 > 발간물 > 도서,도서,김기영 시나리오 선집 Ⅱ,기타,,2008 l 펴낸곳: 한국영상자료원,,미부착,,개방 가능,공공누리 1유형,,,O,,,,,단순 정보,
1889,한국영상자료원,HOME > 기관소개 > 발간물 > 도서,도서,하길종 전집 1·2·3,기타,,2009 l 펴낸 곳 : 한국영상자료원,,미부착,,개방 가능,공공누리 1유형,,,O,,,,,단순 정보,
1890,한국영상자료원,HOME > 기관소개 > 발간물 > 도서,도서,신문기사로 본 한국영화 1965~1966,한국영화 자료총서,,2007 l 기획 및 발간 한국영상자료원,,미부착,,개방 가능,공공누리 1유형,,,O,,,,,단순 정보,
1891,한국영상자료원,HOME > 기관소개 > 발간물 > 도서,도서,신문기사로 본 한국영화 1967,한국영화 자료총서,,2008 l 기획 및 발간 한국영상자료원,,미부착,,개방 가능,공공누리 1유형,,,O,,,,,단순 정보,
1892,한국영상자료원,HOME > 기관소개 > 발간물 > 도서,도서,신문기사로 본 한국영화 1968,한국영화 자료총서,,2009 l 기획 및 발간 한국영상자료원,,미부착,,개방 가능,공공누리 1유형,,,O,,,,,단순 정보,
1893,한국영상자료원,HOME > 기관소개 > 발간물 > 도서,도서,신문기사로 본 조선영화 1918~1920,일제강점기 영화자료총서,,2009 l 기획 및 발간 한국영상자료원,첨부파일,미부착,,개방 가능,공공누리 2~4유형,,,,O,,,,제3자 권리 (※ 첨부파일 다운로드 시 KMDB 로그인 필요),
1894,한국영상자료원,HOME > 기관소개 > 발간물 > 도서,도서,필름 아카이브 이야기,FILMStory 총서,,2009 l 기획 및 발간 한국영상자료원,,미부착,,개방 가능,공공누리 1유형,,,O,,,,,단순 정보,
1895,한국영상자료원,HOME > 기관소개 > 발간물 > 도서,도서,영화제국 신필름 - 한국영화 기업화를 향한 도전과 좌절,FILMStory 총서,,2009 l 기획 및 발간 한국영상자료원,,미부착,,개방 가능,공공누리 1유형,,,O,,,,,단순 정보,
1896,한국영상자료원,HOME > 기관소개 > 발간물 > 도서,도서,한국영화와 4.19 - 1960년대 초 한국영화의 풍경,기타,,2009 l 기획 및 발간 한국영상자료원,,미부착,,개방 가능,공공누리 1유형,,,O,,,,,단순 정보,
1897,한국영상자료원,HOME > 기관소개 > 발간물 > 도서,도서,식민지 시대의 영화 검열(1910~1934),기타,,2009 l 기획 및 발간 한국영상자료원,,미부착,,개방 가능,공공누리 1유형,,,O,,,,,단순 정보,
1898,한국영상자료원,HOME > 기관소개 > 발간물 > 도서,도서,"그녀가 허락한 모든 것: 스타, 배우, 그리고 김지미",일루미네이션 총서,,2010 l 공동기획 및 발간 : 한국영상자료원 · 부산국제영화제,,미부착,,개방 가능,공공누리 1유형,,,O,,,,,단순 정보,
1899,한국영상자료원,HOME > 기관소개 > 발간물 > 도서,도서,"All That She Allows : Star, Actress, and Jimi KIM",Illumination Series,,"2010 l Korean Film Archive, PIFF",,미부착,,개방 가능,공공누리 1유형,,,O,,,,,단순 정보,
1900,한국영상자료원,HOME > 기관소개 > 발간물 > 도서,도서,망령의 기억 - 1960~80년대 한국공포영화,FILMStory 총서,,2010 l 기획 및 발간 한국영상자료원,,미부착,,개방 가능,공공누리 1유형,,,O,,,,,단순 정보,
1901,한국영상자료원,HOME > 기관소개 > 발간물 > 도서,도서,신문기사로 본 조선영화 1921~1922,일제강점기 영화자료총서,,2010 l 기획 및 발간 한국영상자료원,,미부착,,개방 가능,공공누리 1유형,,,O,,,,,단순 정보,
1902,한국영상자료원,HOME > 기관소개 > 발간물 > 도서,도서,일본어 잡지로 본 조선영화 1,일제강점기 영화자료총서,,2010 l 기획 및 발간 한국영상자료원,,미부착,,개방 가능,공공누리 1유형,,,O,,,,,단순 정보,
1903,한국영상자료원,HOME > 기관소개 > 발간물 > 도서,도서,신문기사로 본 한국영화 1969(상하),한국영화 자료총서,,2010 l 기획 및 발간 한국영상자료원,,미부착,,개방 가능,공공누리 1유형,,,O,,,,,단순 정보,
1904,한국영상자료원,HOME > 기관소개 > 발간물 > 도서,도서,만주영화협회와 조선영화,FILMStory 총서,,2011 l 기획 및 발간 한국영상자료원,,미부착,,개방 가능,공공누리 1유형,,,O,,,,,단순 정보,
1905,한국영상자료원,HOME > 기관소개 > 발간물 > 도서,도서,조선인극장 단성사 1907~1939,FILMStory 총서,,2011 l 기획 및 발간 한국영상자료원,,미부착,,개방 가능,공공누리 1유형,,,O,,,,,단순 정보,
1906,한국영상자료원,HOME > 기관소개 > 발간물 > 도서,도서,"김기덕, 60년대 한국 대중·장르 영화의 최전선",일루미네이션 총서,,2011 l 한국영상자료원 · 부산국제영화제,,미부착,,개방 가능,공공누리 1유형,,,O,,,,,단순 정보,
1907,한국영상자료원,HOME > 기관소개 > 발간물 > 도서,도서,"Kim Kee-duk, On the Front Line of Korean Genre Films",Illumination Series,,"2011 l Korean Film Archive, BIFF",,미부착,,개방 가능,공공누리 1유형,,,O,,,,,단순 정보,
1908,한국영상자료원,HOME > 기관소개 > 발간물 > 도서,도서,신문기사로 본 조선영화 1923,일제강점기 영화자료총서,,2011 l 기획 및 발간 한국영상자료원,첨부파일,미부착,,개방 가능,공공누리 2~4유형,,,,O,,,,제3자 권리 (※ 첨부파일 다운로드 시 KMDB 로그인 필요),
1909,한국영상자료원,HOME > 기관소개 > 발간물 > 도서,도서,일본어 잡지로 본 조선영화 2,일제강점기 영화자료총서,,2011 l 기획 및 발간 : 한국영상자료원,,미부착,,개방 가능,공공누리 1유형,,,O,,,,,단순 정보,
1910,한국영상자료원,HOME > 기관소개 > 발간물 > 도서,도서,노래로 듣는 영화 영화로 보는 노래,FILMStory 총서,,2012 l 한국영상자료원,,미부착,,개방 가능,공공누리 1유형,,,O,,,,,단순 정보,
1911,한국영상자료원,HOME > 기관소개 > 발간물 > 도서,도서,"신영균, 한국영화의 남성 아이콘 : 머슴에서 왕까지",일루미네이션 총서,,2012 l 한국영상자료원？부산국제영화제,,미부착,,개방 가능,공공누리 1유형,,,O,,,,,단순 정보,
1912,한국영상자료원,HOME > 기관소개 > 발간물 > 도서,도서,"SHIN Young-kyun, the Male Icon of Korean Cinema",Illumination Series,,"2012 l Korean Film Archive, BIFF",,미부착,,개방 가능,공공누리 1유형,,,O,,,,,단순 정보,
1913,한국영상자료원,HOME > 기관소개 > 발간물 > 도서,도서,신문기사로 본 조선영화 1924,일제강점기 영화자료총서,,2012 l 기획 및 발간 한국영상자료원,첨부파일,미부착,,개방 가능,공공누리 2~4유형,,,,O,,,,제3자 권리 (※ 첨부파일 다운로드 시 KMDB 로그인 필요),
1914,한국영상자료원,HOME > 기관소개 > 발간물 > 도서,도서,일본어 잡지로 본 조선영화 3,일제강점기 영화자료총서,,2012 l 기획 및 발간 : 한국영상자료원,,미부착,,개방 가능,공공누리 1유형,,,O,,,,,단순 정보,
1915,한국영상자료원,HOME > 기관소개 > 발간물 > 도서,도서,한국영화 100선: <청춘의 십자로>에서 <피에타>까지,기타,,2013 l 한국영상자료원,,미부착,,개방 가능,공공누리 1유형,,,O,,,,,단순 정보,
1916,한국영상자료원,HOME > 기관소개 > 발간물 > 도서,도서,신문기사로 본 조선영화 1925,일제강점기 영화자료총서,,2013 l 한국영상자료원,첨부파일,미부착,,개방 가능,공공누리 2~4유형,,,,O,,,,제3자 권리 (※ 첨부파일 다운로드 시 KMDB 로그인 필요),
1917,한국영상자료원,HOME > 기관소개 > 발간물 > 도서,도서,일본어 잡지로 본 조선영화 4,일제강점기 영화자료총서,,2013 l 한국영상자료원,,미부착,,개방 가능,공공누리 1유형,,,O,,,,,단순 정보,
1918,한국영상자료원,HOME > 기관소개 > 발간물 > 도서,도서,한국영상자료원 40년사,기타,,2014 l 한국영상자료원,첨부파일,미부착,,개방 가능,공공누리 2~4유형,,,,O,,,,제3자 권리 (※ 첨부파일 다운로드 시 KMDB 로그인 필요),
1919,한국영상자료원,HOME > 기관소개 > 발간물 > 도서,도서,지워진 한국영화사: 문화영화의 안과 밖,기타,,2014 l 한국영상자료원,,미부착,,개방 가능,공공누리 1유형,,,O,,,,,단순 정보,
1920,한국영상자료원,HOME > 기관소개 > 발간물 > 도서,도서,신문기사로 본 조선영화 1926,일제강점기 영화자료총서,,2014 l 한국영상자료원,첨부파일,미부착,,개방 가능,공공누리 2~4유형,,,,O,,,,제3자 권리 (※ 첨부파일 다운로드 시 KMDB 로그인 필요),
1921,한국영상자료원,HOME > 기관소개 > 발간물 > 도서,도서,일본어 잡지로 본 조선영화 5,일제강점기 영화자료총서,,2014 l 한국영상자료원,,미부착,,개방 가능,공공누리 1유형,,,O,,,,,단순 정보,
1922,한국영상자료원,HOME > 기관소개 > 발간물 > 도서,도서,"이방인이 기록한 전후 한국, 영화: 시어도어 코넌트 컬렉션",기타,,2015 l 한국영상자료원,,미부착,,개방 가능,공공누리 1유형,,,O,,,,,단순 정보,
1923,한국영상자료원,HOME > 기관소개 > 발간물 > 도서,도서,일본어 잡지로 본 조선영화 6,일제강점기 영화자료총서,,2015 l 한국영상자료원,,미부착,,개방 가능,공공누리 1유형,,,O,,,,,단순 정보,
1924,한국영상자료원,HOME > 기관소개 > 발간물 > 도서,도서,한국영화역사 속 검열제도,기타,,2016 l 한국영상자료원,,미부착,,개방 가능,공공누리 1유형,,,O,,,,,단순 정보,
1925,한국영상자료원,HOME > 기관소개 > 발간물 > 도서,도서,일본어 잡지로 본 조선영화 7,일제강점기 영화자료총서,,2016 l 한국영상자료원,,미부착,,개방 가능,공공누리 1유형,,,O,,,,,단순 정보,
1926,한국영상자료원,HOME > 기관소개 > 발간물 > 도서,도서,은막의 사회문화사: 1950~70년대 극장의 지형도,기타,,2017 l 한국영상자료원,,미부착,,개방 가능,공공누리 1유형,,,O,,,,,단순 정보,
1927,한국영상자료원,HOME > 기관소개 > 발간물 > 도서,도서,시네마테크 프랑세즈의 운영과 정책에 대한 연구 - 영화 전시와 문화교육 프로그램을 중심으로,아카이브 연구,,2017 l 한국영상자료원,첨부파일,미부착,,개방 가능,공공누리 1유형,,,O,,,,,업무상 저작물(보고서),
1928,한국영상자료원,HOME > 기관소개 > 발간물 > 도서,도서,BFI의 영화교육 프로그램 - BFI 사우스뱅크의 프로그램을 중심으로,아카이브 연구,,2017 l 한국영상자료원,첨부파일,미부착,,개방 가능,공공누리 1유형,,,O,,,,,업무상 저작물(보고서),
1929,한국영상자료원,HOME > 기관소개 > 발간물 > 도서,도서,FIAF 카탈로깅 매뉴얼,매뉴얼,,2017 l FIAF 카탈로깅기록문서위원회,첨부파일,2유형,,개방 가능,공공누리 1유형,,,O,,,,,업무상 저작물(매뉴얼),
1930,한국영상자료원,HOME > 기관소개 > 발간물 > 도서,도서,신문기사로 본 조선영화 1927,일제강점기 영화자료총서,,2016 l 한국영상자료원,첨부파일,미부착,,개방 가능,공공누리 2~4유형,,,,O,,,,제3자 권리 (※ 첨부파일 다운로드 시 KMDB 로그인 필요),
1931,한국영상자료원,HOME > 기관소개 > 발간물 > 도서,도서,신문기사로 본 조선영화 1928,일제강점기 영화자료총서,,2017 l 한국영상자료원,첨부파일,미부착,,개방 가능,공공누리 2~4유형,,,,O,,,,제3자 권리 (※ 첨부파일 다운로드 시 KMDB 로그인 필요),
1932,한국영상자료원,HOME > 기관소개 > 발간물 > 도서,도서,프랑스의 영화 도서관 - 시네마테크 프랑세즈 영화 도서관과 프랑수아 트뤼포 영화도서관을 중심으로,아카이브 연구,,2018 l 한국영상자료원,첨부파일,미부착,,개방 가능,공공누리 1유형,,,O,,,,,업무상 저작물(보고서),
1933,한국영상자료원,HOME > 기관소개 > 발간물 > 도서,도서,신문기사로 본 조선영화 1929,일제강점기 영화자료총서,,2018 l 한국영상자료원,첨부파일,미부착,,개방 가능,공공누리 2~4유형,,,,O,,,,제3자 권리 (※ 첨부파일 다운로드 시 KMDB 로그인 필요),
1934,한국영상자료원,HOME > 기관소개 > 발간물 > 도서,도서,일본어 잡지로 본 조선영화 8,일제강점기 영화자료총서,,2018 l 한국영상자료원,첨부파일,미부착,,개방 가능,공공누리 2~4유형,,,,O,,,,제3자 권리 (※ 첨부파일 다운로드 시 KMDB 로그인 필요),
1935,한국영상자료원,HOME > 기관소개 > 발간물 > 도서,도서,신문기사로 본 조선영화 1930,일제강점기 영화자료총서,,2019 l 한국영상자료원,첨부파일,미부착,,개방 가능,공공누리 2~4유형,,,,O,,,,제3자 권리 (※ 첨부파일 다운로드 시 KMDB 로그인 필요),
1936,한국영상자료원,HOME > 기관소개 > 발간물 > 도서,도서,신문기사로 본 조선영화 1931,일제강점기 영화자료총서,,2020 l 한국영상자료원,첨부파일,미부착,,개방 가능,공공누리 2~4유형,,,,O,,,,제3자 권리 (※ 첨부파일 다운로드 시 KMDB 로그인 필요),
1937,한국영상자료원,HOME > 기관소개 > 발간물 > 도서,도서,KOFA Issue paper vol.1 : 무성영화의 속도,아카이브 연구,,2021 l 한국영상자료원,첨부파일,미부착,,개방 가능,공공누리 2~4유형,,,,O,,,,제3자 권리,
1938,한국영상자료원,HOME > 기관소개 > 발간물 > 도서,도서,신문기사로 본 조선영화 1932,일제강점기 영화자료총서,,2021 l 한국영상자료원,첨부파일,미부착,,개방 가능,공공누리 2~4유형,,,,O,,,,제3자 권리,
1939,한국영상자료원,HOME > 기관소개 > 발간물 > 도서,도서,"KOFA Issue paper vol.2 : DVD와 Blu-ray, 존속되어야 하는가?",아카이브 연구,,2022 l 한국영상자료원,첨부파일,미부착,,개방 가능,공공누리 2~4유형,,,,O,,,,제3자 권리,
1940,한국영상자료원,HOME > 기관소개 > 발간물 > 도서,도서,신문기사로 본 조선영화 1933,일제강점기 영화자료총서,,2022 l 한국영상자료원,첨부파일,미부착,,개방 가능,공공누리 2~4유형,,,,O,,,,제3자 권리,
1941,한국영상자료원,HOME > 기관소개 > 발간물 > 도서,도서,지금 우리 좀비는: 21세기 K-좀비 연대기,한국영화박물관 도록,,2022 l 한국영상자료원,첨부파일,미부착,,개방 가능,공공누리 2~4유형,,,,O,,,,제3자 권리,
1942,한국영상자료원,HOME > 기관소개 > 발간물 > 블루레이/DVD,블루레이/DVD,시집가는 날 (1956),한국영상자료원 고전영화 컬렉션,https://www.koreafilm.or.kr/kofa/publication/dvds,,,미부착,,개방 가능,공공누리 1유형,,,O,,,,,영화 저작권 보호기간 만료,
1943,한국영상자료원,HOME > 기관소개 > 발간물 > 블루레이/DVD,블루레이/DVD,피아골 (1955),한국영상자료원 고전영화 컬렉션,,,,미부착,,개방 가능,공공누리 1유형,,,O,,,,,영화 저작권 보호기간 만료,
1944,한국영상자료원,HOME > 기관소개 > 발간물 > 블루레이/DVD,블루레이/DVD,자유부인 (1956),한국영상자료원 고전영화 컬렉션,,,,미부착,,개방 가능,공공누리 1유형,,,O,,,,,영화 저작권 보호기간 만료,
1945,한국영상자료원,HOME > 기관소개 > 발간물 > 블루레이/DVD,블루레이/DVD,운명의 손 (1954),한국영상자료원 고전영화 컬렉션,,,,미부착,,개방 가능,공공누리 1유형,,,O,,,,,영화 저작권 보호기간 만료,
1946,한국영상자료원,HOME > 기관소개 > 발간물 > 블루레이/DVD,블루레이/DVD,자유만세 (1946),한국영상자료원 고전영화 컬렉션,,,,미부착,,개방 가능,공공누리 1유형,,,O,,,,,영화 저작권 보호기간 만료,
1947,한국영상자료원,HOME > 기관소개 > 발간물 > 블루레이/DVD,블루레이/DVD,양산도 (1955),한국영상자료원 고전영화 컬렉션,,,,미부착,,개방 가능,공공누리 1유형,,,O,,,,,영화 저작권 보호기간 만료,
1948,한국영상자료원,HOME > 기관소개 > 발간물 > 블루레이/DVD,블루레이/DVD,청춘쌍곡선 (1956),한국영상자료원 고전영화 컬렉션,,,,미부착,,개방 가능,공공누리 1유형,,,O,,,,,영화 저작권 보호기간 만료,
1949,한국영상자료원,HOME > 기관소개 > 발간물 > 블루레이/DVD,블루레이/DVD,"신상옥 컬렉션 (5 DISK, 박스셋)",한국영상자료원 고전영화 컬렉션,,,,미부착,,개방 가능,공공누리 2~4유형,,,,O,,,,제3자 권리(DVD/블루레이 이미지),
1950,한국영상자료원,HOME > 기관소개 > 발간물 > 블루레이/DVD,블루레이/DVD,일제시기 극영화 모음 (1940년대),발굴된 과거,,,,미부착,,개방 가능,공공누리 1유형,,,O,,,,,영화 저작권 보호기간 만료,
1951,한국영상자료원,HOME > 기관소개 > 발간물 > 블루레이/DVD,블루레이/DVD,박서방 (1960),한국영상자료원 고전영화 컬렉션,,,,미부착,,개방 가능,공공누리 1유형,,,O,,,,,영화 저작권 보호기간 만료,
1952,한국영상자료원,HOME > 기관소개 > 발간물 > 블루레이/DVD,블루레이/DVD,삼등과장 (1961),한국영상자료원 고전영화 컬렉션,,,,미부착,,개방 가능,공공누리 1유형,,,O,,,,,영화 저작권 보호기간 만료,
1953,한국영상자료원,HOME > 기관소개 > 발간물 > 블루레이/DVD,블루레이/DVD,"김기영 컬렉션 (4 DISK, 박스셋)",감독 컬렉션,,,,미부착,,개방 가능,공공누리 2~4유형,,,,O,,,,제3자 권리(DVD/블루레이 이미지),
1954,한국영상자료원,HOME > 기관소개 > 발간물 > 블루레이/DVD,블루레이/DVD,<광수의 영화공장> (서적 + DVD 합본),영화교육교재,,,,미부착,,개방 가능,공공누리 2~4유형,,,,O,,,,제3자 권리(DVD/블루레이 이미지),
1955,한국영상자료원,HOME > 기관소개 > 발간물 > 블루레이/DVD,블루레이/DVD,일제시기 극영화 모음 (1930년대),발굴된 과거,,,,미부착,,개방 가능,공공누리 1유형,,,O,,,,,영화 저작권 보호기간 만료,
1956,한국영상자료원,HOME > 기관소개 > 발간물 > 블루레이/DVD,블루레이/DVD,최후의 증인 (1980),한국영상자료원 고전영화 컬렉션,,,,미부착,,개방 가능,공공누리 2~4유형,,,,O,,,,제3자 권리(DVD/블루레이 이미지),
1957,한국영상자료원,HOME > 기관소개 > 발간물 > 블루레이/DVD,블루레이/DVD,서울의 지붕밑 (1961),한국영상자료원 고전영화 컬렉션,,,,미부착,,개방 가능,공공누리 1유형,,,O,,,,,영화 저작권 보호기간 만료,
1958,한국영상자료원,HOME > 기관소개 > 발간물 > 블루레이/DVD,블루레이/DVD,고스필모폰드 발굴영상 모음,발굴된 과거,,,,미부착,,개방 가능,공공누리 2~4유형,,,,O,,,,제3자 권리(DVD/블루레이 이미지),
1959,한국영상자료원,HOME > 기관소개 > 발간물 > 블루레이/DVD,블루레이/DVD,병정님 (1944),발굴된 과거,,,,미부착,,개방 가능,공공누리 1유형,,,O,,,,,영화 저작권 보호기간 만료,
1960,한국영상자료원,HOME > 기관소개 > 발간물 > 블루레이/DVD,블루레이/DVD,하녀 (1960),고전의 재창조,,,,미부착,,개방 가능,공공누리 1유형,,,O,,,,,영화 저작권 보호기간 만료,
1961,한국영상자료원,HOME > 기관소개 > 발간물 > 블루레이/DVD,블루레이/DVD,소나기 (1978),1970년대 대표작 시리즈,,,,미부착,,개방 가능,공공누리 2~4유형,,,,O,,,,제3자 권리(DVD/블루레이 이미지),
1962,한국영상자료원,HOME > 기관소개 > 발간물 > 블루레이/DVD,블루레이/DVD,고교얄개 (1976),1970년대 대표작 시리즈,,,,미부착,,개방 가능,공공누리 2~4유형,,,,O,,,,제3자 권리(DVD/블루레이 이미지),
1963,한국영상자료원,HOME > 기관소개 > 발간물 > 블루레이/DVD,블루레이/DVD,"유현목 컬렉션(4 DISK, 박스 셋)",감독 컬렉션,,,,미부착,,개방 가능,공공누리 2~4유형,,,,O,,,,제3자 권리(DVD/블루레이 이미지),
1964,한국영상자료원,HOME > 기관소개 > 발간물 > 블루레이/DVD,블루레이/DVD,삼포가는 길 (1975),1970년대 대표작 시리즈,,,,미부착,,개방 가능,공공누리 2~4유형,,,,O,,,,제3자 권리(DVD/블루레이 이미지),
1965,한국영상자료원,HOME > 기관소개 > 발간물 > 블루레이/DVD,블루레이/DVD,비무장지대 (1965),한국영상자료원 고전영화 컬렉션,,,,미부착,,개방 가능,공공누리 2~4유형,,,,O,,,,제3자 권리(DVD/블루레이 이미지),
1966,한국영상자료원,HOME > 기관소개 > 발간물 > 블루레이/DVD,블루레이/DVD,"1950년대 로맨틱 코미디 (디지팩, 3 DISK)",장르 컬렉션,,,,미부착,,개방 가능,공공누리 2~4유형,,,,O,,,,제3자 권리(DVD/블루레이 이미지),
1967,한국영상자료원,HOME > 기관소개 > 발간물 > 블루레이/DVD,블루레이/DVD,이만희 컬렉션 (4 Disk),감독 컬렉션,,,,미부착,,개방 가능,공공누리 2~4유형,,,,O,,,,제3자 권리(DVD/블루레이 이미지),
1968,한국영상자료원,HOME > 기관소개 > 발간물 > 블루레이/DVD,블루레이/DVD,독짓는 늙은이 (1969),한국영상자료원 고전영화 컬렉션,,,,미부착,,개방 가능,공공누리 2~4유형,,,,O,,,,제3자 권리(DVD/블루레이 이미지),
1969,한국영상자료원,HOME > 기관소개 > 발간물 > 블루레이/DVD,블루레이/DVD,마음의 고향 (1949),한국영상자료원 고전영화 컬렉션,,,,미부착,,개방 가능,공공누리 1유형,,,O,,,,,영화 저작권 보호기간 만료,
1970,한국영상자료원,HOME > 기관소개 > 발간물 > 블루레이/DVD,블루레이/DVD,"전후의 풍경 (4DISK, 박스 셋)",장르 컬렉션,,,,미부착,,개방 가능,공공누리 2~4유형,,,,O,,,,제3자 권리(DVD/블루레이 이미지),
1971,한국영상자료원,HOME > 기관소개 > 발간물 > 블루레이/DVD,블루레이/DVD,"김수용 컬렉션(4DISK, 박스 세트)",감독 컬렉션,,,,미부착,,개방 가능,공공누리 2~4유형,,,,O,,,,제3자 권리(DVD/블루레이 이미지),
1972,한국영상자료원,HOME > 기관소개 > 발간물 > 블루레이/DVD,블루레이/DVD,"혈맥 (1963, 디지팩)",고전의 재창조,,,,미부착,,개방 가능,공공누리 2~4유형,,,,O,,,,제3자 권리(DVD/블루레이 이미지),
1973,한국영상자료원,HOME > 기관소개 > 발간물 > 블루레이/DVD,블루레이/DVD,"구한말 시대극(4 Disk, 박스 세트)",장르 컬렉션,,,,미부착,,개방 가능,공공누리 2~4유형,,,,O,,,,제3자 권리(DVD/블루레이 이미지),
1974,한국영상자료원,HOME > 기관소개 > 발간물 > 블루레이/DVD,블루레이/DVD,"임권택 컬렉션(4 Disk, 박스 세트)",감독 컬렉션,,,,미부착,,개방 가능,공공누리 2~4유형,,,,O,,,,제3자 권리(DVD/블루레이 이미지),
1975,한국영상자료원,HOME > 기관소개 > 발간물 > 블루레이/DVD,블루레이/DVD,"1950년대 신상옥 멜로드라마(3 Disk, 박스 세트)",장르 컬렉션,,,,미부착,,개방 가능,공공누리 2~4유형,,,,O,,,,제3자 권리(DVD/블루레이 이미지),
1976,한국영상자료원,HOME > 기관소개 > 발간물 > 블루레이/DVD,블루레이/DVD,"또순이 (1963, 디지팩)",고전의 재창조,,,,미부착,,개방 가능,공공누리 2~4유형,,,,O,,,,제3자 권리(DVD/블루레이 이미지),
1977,한국영상자료원,HOME > 기관소개 > 발간물 > 블루레이/DVD,블루레이/DVD,"김기덕 컬렉션(디지팩, 4 Disk)",감독 컬렉션,,,,미부착,,개방 가능,공공누리 2~4유형,,,,O,,,,제3자 권리(DVD/블루레이 이미지),
1978,한국영상자료원,HOME > 기관소개 > 발간물 > 블루레이/DVD,블루레이/DVD,"이성구 컬렉션(디지팩, 4Disk)",감독 컬렉션,,,,미부착,,개방 가능,공공누리 2~4유형,,,,O,,,,제3자 권리(DVD/블루레이 이미지),
1979,한국영상자료원,HOME > 기관소개 > 발간물 > 블루레이/DVD,블루레이/DVD,"하녀 (1960, 블루레이)",블루레이 컬렉션,,,,미부착,,개방 가능,공공누리 1유형,,,O,,,,,영화 저작권 보호기간 만료,
1980,한국영상자료원,HOME > 기관소개 > 발간물 > 블루레이/DVD,블루레이/DVD,"바보들의 행진(1975, 블루레이)",블루레이 컬렉션,,,,미부착,,개방 가능,공공누리 2~4유형,,,,O,,,,제3자 권리(DVD/블루레이 이미지),
1981,한국영상자료원,HOME > 기관소개 > 발간물 > 블루레이/DVD,블루레이/DVD,"노다지 (1961, 디지팩)",한국영상자료원 고전영화 컬렉션,,,,미부착,,개방 가능,공공누리 1유형,,,O,,,,,영화 저작권 보호기간 만료,
1982,한국영상자료원,HOME > 기관소개 > 발간물 > 블루레이/DVD,블루레이/DVD,"수업료 (1940, 디지팩)",발굴된 과거,,,,미부착,,개방 가능,공공누리 1유형,,,O,,,,,영화 저작권 보호기간 만료,
1983,한국영상자료원,HOME > 기관소개 > 발간물 > 블루레이/DVD,블루레이/DVD,"저 하늘에도 슬픔이 (1965, 디지팩)",한국영상자료원 고전영화 컬렉션,,,,미부착,,개방 가능,공공누리 2~4유형,,,,O,,,,제3자 권리(DVD/블루레이 이미지),
1984,한국영상자료원,HOME > 기관소개 > 발간물 > 블루레이/DVD,블루레이/DVD,"귀로 (1967, 디지팩)",한국영상자료원 고전영화 컬렉션,,,,미부착,,개방 가능,공공누리 2~4유형,,,,O,,,,제3자 권리(DVD/블루레이 이미지),
1985,한국영상자료원,HOME > 기관소개 > 발간물 > 블루레이/DVD,블루레이/DVD,"별들의 고향(1974, 블루레이)",블루레이 컬렉션,,,,미부착,,개방 가능,공공누리 2~4유형,,,,O,,,,제3자 권리(DVD/블루레이 이미지),
1986,한국영상자료원,HOME > 기관소개 > 발간물 > 블루레이/DVD,블루레이/DVD,"칠수와 만수(1988, 블루레이)",블루레이 컬렉션,,,,미부착,,개방 가능,공공누리 2~4유형,,,,O,,,,제3자 권리(DVD/블루레이 이미지),
1987,한국영상자료원,HOME > 기관소개 > 발간물 > 블루레이/DVD,블루레이/DVD,"종각 (1958, 싱글팩)",한국영상자료원 고전영화 컬렉션,,,,미부착,,개방 가능,공공누리 1유형,,,O,,,,,영화 저작권 보호기간 만료,
1988,한국영상자료원,HOME > 기관소개 > 발간물 > 블루레이/DVD,블루레이/DVD,신동헌 애니메이션 컬렉션,감독 컬렉션,,,,미부착,,개방 가능,공공누리 2~4유형,,,,O,,,,제3자 권리(DVD/블루레이 이미지),
1989,한국영상자료원,HOME > 기관소개 > 발간물 > 블루레이/DVD,블루레이/DVD,"개그맨 (1988, 싱글팩)",블루레이 컬렉션,,,,미부착,,개방 가능,공공누리 2~4유형,,,,O,,,,제3자 권리(DVD/블루레이 이미지),
1990,한국영상자료원,HOME > 기관소개 > 발간물 > 블루레이/DVD,블루레이/DVD,"오발탄 (1961, 싱글팩)",블루레이 컬렉션,,,,미부착,,개방 가능,공공누리 1유형,,,O,,,,,영화 저작권 보호기간 만료,
1991,한국영상자료원,HOME > 기관소개 > 발간물 > 블루레이/DVD,블루레이/DVD,"최후의 증인 (1980, 블루레이)",블루레이 컬렉션,,,,미부착,,개방 가능,공공누리 2~4유형,,,,O,,,,제3자 권리(DVD/블루레이 이미지),
1992,한국영상자료원,HOME > 기관소개 > 발간물 > 블루레이/DVD,블루레이/DVD,"꼬방동네 사람들 (1982, 블루레이)",블루레이 컬렉션,,,,미부착,,개방 가능,공공누리 2~4유형,,,,O,,,,제3자 권리(DVD/블루레이 이미지),
1993,한국영상자료원,HOME > 기관소개 > 발간물 > 블루레이/DVD,블루레이/DVD,"서편제 (1993, 블루레이)",블루레이 컬렉션,,,,미부착,,개방 가능,공공누리 2~4유형,,,,O,,,,제3자 권리(DVD/블루레이 이미지),
1994,한국영상자료원,HOME > 기관소개 > 발간물 > 블루레이/DVD,블루레이/DVD,"우묵배미의 사랑 (1990, 블루레이)",블루레이 컬렉션,,,,미부착,,개방 가능,공공누리 2~4유형,,,,O,,,,제3자 권리(DVD/블루레이 이미지),
1995,한국영상자료원,HOME > 기관소개 > 발간물 > 블루레이/DVD,블루레이/DVD,이어도 (1977),블루레이 컬렉션,,,,미부착,,개방 가능,공공누리 2~4유형,,,,O,,,,제3자 권리(DVD/블루레이 이미지),
1996,한국영상자료원,HOME > 기관소개 > 발간물 > 블루레이/DVD,블루레이/DVD,짝코(1980),블루레이 컬렉션,,,,미부착,,개방 가능,공공누리 2~4유형,,,,O,,,,제3자 권리(DVD/블루레이 이미지),
1997,한국영상자료원,HOME > 기관소개 > 발간물 > 블루레이/DVD,블루레이/DVD,바람불어 좋은날(1980),블루레이 컬렉션,,,,미부착,,개방 가능,공공누리 2~4유형,,,,O,,,,제3자 권리(DVD/블루레이 이미지),
1998,한국영상자료원,HOME > 기관소개 > 발간물 > 블루레이/DVD,블루레이/DVD,휴일(1968),블루레이 컬렉션,,,,미부착,,개방 가능,공공누리 2~4유형,,,,O,,,,제3자 권리(DVD/블루레이 이미지),
1999,한국영상자료원,HOME > 기관소개 > 발간물 > 블루레이/DVD,블루레이/DVD,하얀전쟁 (1992),블루레이 컬렉션,,,,미부착,,개방 가능,공공누리 2~4유형,,,,O,,,,제3자 권리(DVD/블루레이 이미지),
2000,한국영상자료원,HOME > 기관소개 > 발간물 > 블루레이/DVD,블루레이/DVD,마의 계단 (1964),블루레이 컬렉션,,,,미부착,,개방 가능,공공누리 2~4유형,,,,O,,,,제3자 권리(DVD/블루레이 이미지),
2001,한국영상자료원,HOME > 기관소개 > 발간물 > 블루레이/DVD,블루레이/DVD,고려장 (1963),블루레이 컬렉션,,,,미부착,,개방 가능,공공누리 2~4유형,,,,O,,,,제3자 권리(DVD/블루레이 이미지),
2002,한국영상자료원,HOME > 기관소개 > 발간물 > 블루레이/DVD,블루레이/DVD,사랑방 손님과 어머니 (1961),블루레이 컬렉션,,,,미부착,,개방 가능,공공누리 2~4유형,,,,O,,,,제3자 권리(DVD/블루레이 이미지),
2003,한국영상자료원,HOME > 기관소개 > 발간물 > 블루레이/DVD,블루레이/DVD,초우 (1966),블루레이 컬렉션,,,,미부착,,개방 가능,공공누리 2~4유형,,,,O,,,,제3자 권리(DVD/블루레이 이미지),
2004,한국영상자료원,HOME > 기관소개 > 발간물 > 블루레이/DVD,블루레이/DVD,남부군 (1990),블루레이 컬렉션,,,,미부착,,개방 가능,공공누리 2~4유형,,,,O,,,,제3자 권리(DVD/블루레이 이미지),
2005,한국영상자료원,HOME > 기관소개 > 발간물 > 블루레이/DVD,블루레이/DVD,지옥화 (1958),블루레이 컬렉션,,,,미부착,,개방 가능,공공누리 2~4유형,,,,O,,,,제3자 권리(DVD/블루레이 이미지),
2006,한국영상자료원,HOME > 기관소개 > 발간물 > 블루레이/DVD,블루레이/DVD,고래사냥 (1984),블루레이 컬렉션,,,,미부착,,개방 가능,공공누리 2~4유형,,,,O,,,,제3자 권리(DVD/블루레이 이미지),
2007,한국영상자료원,HOME > 기관소개 > 발간물 > 블루레이/DVD,블루레이/DVD,마부(1961),블루레이 컬렉션,,,,미부착,,개방 가능,공공누리 1유형,,,O,,,,,영화 저작권 보호기간 만료,
2008,한국영상자료원,HOME > 기관소개 > 발간물 > 블루레이/DVD,블루레이/DVD,삼포가는 길(1975),블루레이 컬렉션,,,,미부착,,개방 가능,공공누리 2~4유형,,,,O,,,,제3자 권리(DVD/블루레이 이미지),
2009,한국영상자료원,HOME > 기관소개 > 발간물 > 블루레이/DVD,블루레이/DVD,산불(1967),블루레이 컬렉션,,,,미부착,,개방 가능,공공누리 2~4유형,,,,O,,,,제3자 권리(DVD/블루레이 이미지),
2010,한국영상자료원,HOME > 기관소개 > 발간물 > 블루레이/DVD,블루레이/DVD,소름(2001),블루레이 컬렉션,,,,미부착,,개방 가능,공공누리 2~4유형,,,,O,,,,제3자 권리(DVD/블루레이 이미지),
2011,한국영상자료원,HOME > 기관소개 > 발간물 > 블루레이/DVD,블루레이/DVD,피막(1980),블루레이 컬렉션,,,,미부착,,개방 가능,공공누리 2~4유형,,,,O,,,,제3자 권리(DVD/블루레이 이미지),
2012,한국영상자료원,HOME > 기관소개 > 발간물 > 블루레이/DVD,블루레이/DVD,바보선언(1983),블루레이 컬렉션,,,,미부착,,개방 가능,공공누리 2~4유형,,,,O,,,,제3자 권리(DVD/블루레이 이미지),
2013,한국영상자료원,HOME > 기관소개 > 발간물 > 블루레이/DVD,블루레이/DVD,<살인마>(1965),블루레이 컬렉션,,,,미부착,,개방 가능,공공누리 2~4유형,,,,O,,,,제3자 권리(DVD/블루레이 이미지),
2014,한국영상자료원,HOME > 기관소개 > 기관소식 > 공지사항,공지사항,박물관｜한국영화박물관 전시해설/체험프로그램 중단 안내,,https://www.koreafilm.or.kr/kofa/news/notice,2016.01.02,,미부착,,개방 불가,공공누리 부착 불가,,,,O,,,,보도를 위한 과정에서 저작물의 일부를 이용하는 경우 저작권 제한됨,
2015,한국영상자료원,HOME > 기관소개 > 기관소식 > 공지사항,공지사항,기관소식｜[온라인예매]시네마테크KOFA 1월9일(토) 상영작 오픈 관련,,,2016.01.04,,미부착,,개방 가능,공공누리 1유형,,,O,,,,,단순 정보,
2016,한국영상자료원,HOME > 기관소개 > 기관소식 > 공지사항,공지사항,도서관｜[휴관안내]1월11일은 두 번째 월요일로 휴관입니다.,,,2016.01.06,,미부착,,개방 가능,공공누리 1유형,,,O,,,,,단순 정보,
2017,한국영상자료원,HOME > 기관소개 > 기관소식 > 공지사항,공지사항,기관소식｜[일정변경]나루세 미키오 특별전,,,2016.01.08,,미부착,,개방 가능,공공누리 1유형,,,O,,,,,단순 정보,
2018,한국영상자료원,HOME > 기관소개 > 기관소식 > 공지사항,공지사항,기관소식｜홈페이지 서비스 중단 안내,,,2016.01.12,,미부착,,개방 가능,공공누리 1유형,,,O,,,,,단순 정보,
2019,한국영상자료원,HOME > 기관소개 > 기관소식 > 공지사항,공지사항,도서관｜영상도서관 휴관안내(2016.1.21-2016.2.29),,,2016.01.12,,미부착,,개방 가능,공공누리 1유형,,,O,,,,,단순 정보,
2020,한국영상자료원,HOME > 기관소개 > 기관소식 > 공지사항,공지사항,기관소식｜사업실명제 실시 및 사업내역 공개 안내,,,2016.02.01,,미부착,,개방 가능,공공누리 1유형,,,O,,,,,단순 정보,
2021,한국영상자료원,HOME > 기관소개 > 기관소식 > 공지사항,공지사항,기관소식｜[한국영화박물관] 설 연휴 휴관 안내 (2.7~10),,,2016.02.02,,미부착,,개방 가능,공공누리 1유형,,,O,,,,,단순 정보,
2022,한국영상자료원,HOME > 기관소개 > 기관소식 > 공지사항,공지사항,박물관｜설 연휴 휴관 안내 (2016.2.7~10),,,2016.02.02,,미부착,,개방 가능,공공누리 1유형,,,O,,,,,단순 정보,
2023,한국영상자료원,HOME > 기관소개 > 기관소식 > 공지사항,공지사항,기관소식｜시네마테크KOFA 재개관 안내,,,2016.02.05,,미부착,,개방 가능,공공누리 1유형,,,O,,,,,단순 정보,
2024,한국영상자료원,HOME > 기관소개 > 기관소식 > 공지사항,공지사항,기관소식｜영상도서관 영상정보처리기기 설치운영에 관란 의견수렴 공고,,,2016.02.29,,미부착,,개방 가능,공공누리 1유형,,,O,,,,,단순 정보,
2025,한국영상자료원,HOME > 기관소개 > 기관소식 > 공지사항,공지사항,도서관｜[운영시간 안내]3월1일은 3.1절(공휴일)로 운영시간이 조정됩니다.,,,2016.02.29,,미부착,,개방 가능,공공누리 1유형,,,O,,,,,단순 정보,
2026,한국영상자료원,HOME > 기관소개 > 기관소식 > 공지사항,공지사항,도서관｜영상도서관 재 개관 안내(2016.3.1~),,,2016.03.02,,미부착,,개방 가능,공공누리 1유형,,,O,,,,,단순 정보,
2027,한국영상자료원,HOME > 기관소개 > 기관소식 > 공지사항,공지사항,기관소식｜영상도서관 3월 1일(화) 재개관,,,2016.03.02,첨부파일,미부착,,개방 가능,공공누리 1유형,,,O,,,,,업무상 저작물,
2028,한국영상자료원,HOME > 기관소개 > 기관소식 > 공지사항,공지사항,도서관｜영상도서관 이용 규칙 변경안내 (2016.3.15~),,,2016.03.02,,미부착,,개방 가능,공공누리 1유형,,,O,,,,,단순 정보,
2029,한국영상자료원,HOME > 기관소개 > 기관소식 > 공지사항,공지사항,도서관｜[휴관안내]3월28일은 두 번째 월요일로 휴관입니다.,,,2016.03.22,,미부착,,개방 가능,공공누리 1유형,,,O,,,,,단순 정보,
2030,한국영상자료원,HOME > 기관소개 > 기관소식 > 공지사항,공지사항,도서관｜[신착자료] 3월 영상도서관 DVD/블루레이 신착자료 안내입니다.,,,2016.03.22,,미부착,,개방 가능,공공누리 1유형,,,O,,,,,단순 정보,
2031,한국영상자료원,HOME > 기관소개 > 기관소식 > 공지사항,공지사항,박물관｜한국영화박물관 전시해설 재개 안내,,,2016.03.23,,미부착,,개방 가능,공공누리 1유형,,,O,,,,,단순 정보,
2032,한국영상자료원,HOME > 기관소개 > 기관소식 > 공지사항,공지사항,박물관｜[마감] 2016 <뚝딱뚝딱 영화공장> 참여자를 모집합니다,,,2016.03.24,첨부파일,미부착,,개방 가능,공공누리 1유형,,,O,,,,,업무상 저작물,
2033,한국영상자료원,HOME > 기관소개 > 기관소식 > 공지사항,공지사항,기관소식｜2016 <뚝딱뚝딱 영화공장> 참여자를 모집합니다,,,2016.03.25,첨부파일,미부착,,개방 가능,공공누리 1유형,,,O,,,,,업무상 저작물,
2034,한국영상자료원,HOME > 기관소개 > 기관소식 > 공지사항,공지사항,도서관｜[운영시간안내]3월 30일은 '문화가 있는 수요일'로 운영시간이 조정됩니다.,,,2016.03.30,,미부착,,개방 가능,공공누리 1유형,,,O,,,,,단순 정보,
2035,한국영상자료원,HOME > 기관소개 > 기관소식 > 공지사항,공지사항,도서관｜[신착자료] 4월 영상도서관 DVD/블루레이 신착자료 안내입니다.,,,2016.04.01,,미부착,,개방 가능,공공누리 1유형,,,O,,,,,단순 정보,
2036,한국영상자료원,HOME > 기관소개 > 기관소식 > 공지사항,공지사항,기관소식｜파주보존센터 영상정보처리기기 설치운영에 관한 의견수렴 공고,,,2016.04.05,,미부착,,개방 가능,공공누리 1유형,,,O,,,,,단순 정보,
2037,한국영상자료원,HOME > 기관소개 > 기관소식 > 공지사항,공지사항,박물관｜[마감] 자유학기제 진로체험프로그램 <영화를 만드는 사람들-연출편> 2016-1학기 참가학급 모집,,,2016.04.05,첨부파일,미부착,,개방 가능,공공누리 1유형,,,O,,,,,업무상 저작물,
2038,한국영상자료원,HOME > 기관소개 > 기관소식 > 공지사항,공지사항,박물관｜[마감] 전시 연계 체험프로그램 <김작가의 시놉시스> 2016-1학기 참가자 모집,,,2016.04.05,,미부착,,개방 가능,공공누리 1유형,,,O,,,,,단순 정보,
2039,한국영상자료원,HOME > 기관소개 > 기관소식 > 공지사항,공지사항,도서관｜[휴관안내]4월11일은 두 번째 월요일로 휴관입니다.,,,2016.04.06,,미부착,,개방 가능,공공누리 1유형,,,O,,,,,단순 정보,
2040,한국영상자료원,HOME > 기관소개 > 기관소식 > 공지사항,공지사항,기관소식｜한국영화박물관《영화의 마술 프로덕션디자인》전시 기간 연장 안내,,,2016.04.06,,미부착,,개방 가능,공공누리 1유형,,,O,,,,,단순 정보,
2041,한국영상자료원,HOME > 기관소개 > 기관소식 > 공지사항,공지사항,박물관｜《영화의 마술 프로덕션디자인》전시 기간 연장 안내,,,2016.04.06,,미부착,,개방 가능,공공누리 1유형,,,O,,,,,단순 정보,
2042,한국영상자료원,HOME > 기관소개 > 기관소식 > 공지사항,공지사항,기관소식｜<미스 줄리> 추가 상영 공지,,,2016.04.10,,미부착,,개방 가능,공공누리 1유형,,,O,,,,,단순 정보,
2043,한국영상자료원,HOME > 기관소개 > 기관소식 > 공지사항,공지사항,KOFA｜김기덕 감독의 대표작 14편 상영,,,2016.04.11,첨부파일,1유형,,개방 가능,공공누리 2~4유형,,,,,O,,,영화 소개 자료에 스틸컷 포함,
2044,한국영상자료원,HOME > 기관소개 > 기관소식 > 공지사항,공지사항,도서관｜[운영시간안내] 4월 13일은 선거일(임시공휴일)로 운영시간이 조정됩니다.,,,2016.04.12,,미부착,,개방 가능,공공누리 1유형,,,O,,,,,단순 정보,
2045,한국영상자료원,HOME > 기관소개 > 기관소식 > 공지사항,공지사항,기관소식｜한국영화 100년史 사진전 개최,,,2016.04.14,,미부착,,개방 가능,공공누리 1유형,,,O,,,,,단순 정보,
2046,한국영상자료원,HOME > 기관소개 > 기관소식 > 공지사항,공지사항,기관소식｜시네마테크KOFA 영상정보처리기기 설치운영에 관한 의견수렴 공고,,,2016.04.20,,미부착,,개방 가능,공공누리 1유형,,,O,,,,,단순 정보,
2047,한국영상자료원,HOME > 기관소개 > 기관소식 > 공지사항,공지사항,도서관｜[휴관안내]4월25일은 네 번째 월요일로 휴관입니다.,,,2016.04.20,,미부착,,개방 가능,공공누리 1유형,,,O,,,,,단순 정보,
2048,한국영상자료원,HOME > 기관소개 > 기관소식 > 공지사항,공지사항,도서관｜[운영시간안내]4월 27일은 '문화가 있는 수요일'로 운영시간이 조정됩니다.,,,2016.04.20,,미부착,,개방 가능,공공누리 1유형,,,O,,,,,단순 정보,
2049,한국영상자료원,HOME > 기관소개 > 기관소식 > 공지사항,공지사항,KOFA｜클래식과 영화를 위한 이중주,,,2016.04.26,첨부파일,1유형,,개방 가능,공공누리 2~4유형,,,,,O,,,영화 스틸컷 1장,
2050,한국영상자료원,HOME > 기관소개 > 기관소식 > 공지사항,공지사항,도서관｜[운영시간안내] 5월 5일은 어린이 날(공휴일)로 운영시간이 조정됩니다.,,,2016.04.28,,미부착,,개방 가능,공공누리 1유형,,,O,,,,,단순 정보,
2051,한국영상자료원,HOME > 기관소개 > 기관소식 > 공지사항,공지사항,도서관｜[운영시간안내] 5월 6일은 임시공휴일로 운영시간이 조정됩니다.,,,2016.04.28,,미부착,,개방 가능,공공누리 1유형,,,O,,,,,단순 정보,
2052,한국영상자료원,HOME > 기관소개 > 기관소식 > 공지사항,공지사항,도서관｜[신착자료] 5월 영상도서관 DVD/블루레이 신착자료 안내입니다.,,,2016.05.01,,미부착,,개방 가능,공공누리 1유형,,,O,,,,,단순 정보,
2053,한국영상자료원,HOME > 기관소개 > 기관소식 > 공지사항,공지사항,KOFA｜세계영화사 걸작이 한 자리에 모인다,,,2016.05.03,첨부파일,1유형,,개방 가능,공공누리 2~4유형,,,,,O,,,"행사 소개 자료, 영화 스틸컷 1장 이용 포스터",
2054,한국영상자료원,HOME > 기관소개 > 기관소식 > 공지사항,공지사항,도서관｜[휴관안내]5월9일은 두 번째 월요일로 휴관입니다.,,,2016.05.06,,미부착,,개방 가능,공공누리 1유형,,,O,,,,,단순 정보,
2055,한국영상자료원,HOME > 기관소개 > 기관소식 > 공지사항,공지사항,기관소식｜파주보존센터 개관기념 EVENT,,,2016.05.17,첨부파일,미부착,,개방 가능,공공누리 1유형,,,,,O,,,이미지 포함(출처불명 사진),
2056,한국영상자료원,HOME > 기관소개 > 기관소식 > 공지사항,공지사항,도서관｜[휴관안내]5월23일은 네번째 월요일로 휴관입니다.,,,2016.05.20,,미부착,,개방 가능,공공누리 1유형,,,O,,,,,단순 정보,
2057,한국영상자료원,HOME > 기관소개 > 기관소식 > 공지사항,공지사항,도서관｜[운영시간안내]5월 25일은 '문화가 있는 수요일'로 운영시간이 조정됩니다.,,,2016.05.25,,미부착,,개방 가능,공공누리 1유형,,,O,,,,,단순 정보,
2058,한국영상자료원,HOME > 기관소개 > 기관소식 > 공지사항,공지사항,도서관｜[운영시간안내] 6월 6일은 현충일(공휴일)로 운영시간이 조정됩니다,,,2016.05.30,,미부착,,개방 가능,공공누리 1유형,,,O,,,,,단순 정보,
2059,한국영상자료원,HOME > 기관소개 > 기관소식 > 공지사항,공지사항,도서관｜[신착자료] 6월 영상도서관 DVD/블루레이 신착자료 안내입니다.,,,2016.06.01,,미부착,,개방 가능,공공누리 1유형,,,O,,,,,단순 정보,
2060,한국영상자료원,HOME > 기관소개 > 기관소식 > 공지사항,공지사항,박물관｜[모집] 자유학기제 진로체험프로그램 <영화를 만드는 사람들> 8~10월 참가학급 모집,,,2016.06.09,첨부파일,미부착,,개방 가능,공공누리 1유형,,,O,,,,,업무상 저작물,
2061,한국영상자료원,HOME > 기관소개 > 기관소식 > 공지사항,공지사항,박물관｜[모집] 전시 연계 체험프로그램 <김작가의 시놉시스> 8~10월 참가학급 모집,,,2016.06.10,첨부파일,미부착,,개방 가능,공공누리 1유형,,,O,,,,,업무상 저작물,
2062,한국영상자료원,HOME > 기관소개 > 기관소식 > 공지사항,공지사항,"박물관｜기획전 준비 관련 ""기획전시실"" 휴관 안내 (2016.6.14~16)",,,2016.06.14,,미부착,,개방 가능,공공누리 1유형,,,O,,,,,단순 정보,
2063,한국영상자료원,HOME > 기관소개 > 기관소식 > 공지사항,공지사항,도서관｜[휴관안내]6월27일은 네번째 월요일로 휴관입니다.,,,2016.06.22,,미부착,,개방 가능,공공누리 1유형,,,O,,,,,단순 정보,
2064,한국영상자료원,HOME > 기관소개 > 기관소식 > 공지사항,공지사항,도서관｜[운영시간안내]6월 29일은 '문화가 있는 수요일'로 운영시간이 조정됩니다.,,,2016.06.22,,미부착,,개방 가능,공공누리 1유형,,,O,,,,,단순 정보,
2065,한국영상자료원,HOME > 기관소개 > 기관소식 > 공지사항,공지사항,기관소식｜<수용소의 삶 : 디지털삼인삼색> 추가 상영,,,2016.06.29,,미부착,,개방 가능,공공누리 1유형,,,O,,,,,단순 정보,
2066,한국영상자료원,HOME > 기관소개 > 기관소식 > 공지사항,공지사항,박물관｜[마감] 2016 <어린이영화아카데미> 참여자 모집,,,2016.06.29,첨부파일,미부착,,개방 가능,공공누리 1유형,,,O,,,,,업무상 저작물,
2067,한국영상자료원,HOME > 기관소개 > 기관소식 > 공지사항,공지사항,박물관｜[마감] <이웃나라 이야기- 인도네시아 어린이의 하루> 참여자 모집,,,2016.06.29,첨부파일,미부착,,개방 가능,공공누리 1유형,,,O,,,,,업무상 저작물,
2068,한국영상자료원,HOME > 기관소개 > 기관소식 > 공지사항,공지사항,기관소식｜[심포지엄]영상아카이브와 역사연구- 경험과 방법론의 교류,,,2016.07.01,,미부착,,개방 가능,공공누리 1유형,,,O,,,,,단순 정보,
2069,한국영상자료원,HOME > 기관소개 > 기관소식 > 공지사항,공지사항,도서관｜[신착자료] 7월 영상도서관 DVD/블루레이 신착자료 안내입니다.,,,2016.07.01,,미부착,,개방 가능,공공누리 1유형,,,O,,,,,단순 정보,
2070,한국영상자료원,HOME > 기관소개 > 기관소식 > 공지사항,공지사항,기관소식｜[마감] 2016 <어린이영화아카데미> 참여자를 모집합니다,,,2016.07.02,첨부파일,미부착,,개방 가능,공공누리 2~4유형,,,,,,O,,초상권 사진 포함,
2071,한국영상자료원,HOME > 기관소개 > 기관소식 > 공지사항,공지사항,기관소식｜[마감] 2016 <이웃나라 이야기- 인도네시아 어린이의 하루> 참여자를 모집합니다,,,2016.07.02,첨부파일,미부착,,개방 가능,공공누리 2~4유형,,,,,,O,,초상권 사진 포함,
2072,한국영상자료원,HOME > 기관소개 > 기관소식 > 공지사항,공지사항,박물관｜[마감] 2016 <영화약국 마음처방전> 참여자를 모집합니다,,,2016.07.06,첨부파일,미부착,,개방 가능,공공누리 1유형,,,O,,,,,업무상 저작물,
2073,한국영상자료원,HOME > 기관소개 > 기관소식 > 공지사항,공지사항,도서관｜[휴관안내]7월11일은 두번째 월요일로 휴관입니다.,,,2016.07.08,,미부착,,개방 가능,공공누리 1유형,,,O,,,,,단순 정보,
2074,한국영상자료원,HOME > 기관소개 > 기관소식 > 공지사항,공지사항,기관소식｜[마감] 2016 <영화약국 마음처방전> 참여자를 모집합니다,,,2016.07.13,첨부파일,미부착,,개방 가능,공공누리 1유형,,,O,,,,,업무상 저작물,
2075,한국영상자료원,HOME > 기관소개 > 기관소식 > 공지사항,공지사항,"기관소식｜[마감] 한국영화박물관 기획전시 연계 특별프로그램, [박물관 속 토크, Talk]",,,2016.07.14,첨부파일,미부착,,개방 가능,공공누리 1유형,,,O,,,,,업무상 저작물,
2076,한국영상자료원,HOME > 기관소개 > 기관소식 > 공지사항,공지사항,"박물관｜[마감] 기획전시 연계 특별프로그램 <박물관 속 토크, Talk- 영화 잡지를 말하다> 참여자를 모집합니다",,,2016.07.14,,미부착,,개방 가능,공공누리 1유형,,,O,,,,,단순 정보,
2077,한국영상자료원,HOME > 기관소개 > 기관소식 > 공지사항,공지사항,도서관｜[휴관안내]7월25일은 네번째 월요일로 휴관입니다.,,,2016.07.20,,미부착,,개방 가능,공공누리 1유형,,,O,,,,,단순 정보,
2078,한국영상자료원,HOME > 기관소개 > 기관소식 > 공지사항,공지사항,도서관｜[운영시간안내]7월 27일은 '문화가 있는 수요일'로 운영시간이 조정됩니다.,,,2016.07.20,,미부착,,개방 가능,공공누리 1유형,,,O,,,,,단순 정보,
2079,한국영상자료원,HOME > 기관소개 > 기관소식 > 공지사항,공지사항,도서관｜[휴관안내]8월8일은 두번째 월요일로 휴관입니다.,,,2016.08.07,,미부착,,개방 가능,공공누리 1유형,,,O,,,,,단순 정보,
2080,한국영상자료원,HOME > 기관소개 > 기관소식 > 공지사항,공지사항,도서관｜[휴관안내]8월22일은 네번째 월요일로 휴관입니다.,,,2016.08.07,,미부착,,개방 가능,공공누리 1유형,,,O,,,,,단순 정보,
2081,한국영상자료원,HOME > 기관소개 > 기관소식 > 공지사항,공지사항,박물관｜2016 <영화약국 마음처방전> 참가자 발표,,,2016.08.09,,미부착,,개방 가능,공공누리 1유형,,,O,,,,,단순 정보,
2082,한국영상자료원,HOME > 기관소개 > 기관소식 > 공지사항,공지사항,"KOFA｜8·15특별전 ‘광복의 꿈, 광명의 희망’ 개최",,,2016.08.11,첨부파일,1유형,,개방 가능,공공누리 2~4유형,,,,,O,,,보도를 위한 영화 스틸컷 6장 게재,
2083,한국영상자료원,HOME > 기관소개 > 기관소식 > 공지사항,공지사항,도서관｜[운영시간안내] 8월 15일은 광복절(공휴일)로 운영시간이 조정됩니다.,,,2016.08.13,,미부착,,개방 가능,공공누리 1유형,,,O,,,,,단순 정보,
2084,한국영상자료원,HOME > 기관소개 > 기관소식 > 공지사항,공지사항,기관소식｜[학술포럼]한반도의 스크린과 서양영화의 조우,,,2016.08.21,첨부파일,미부착,,개방 가능,공공누리 1유형,,,O,,,,,업무상 저작물,
2085,한국영상자료원,HOME > 기관소개 > 기관소식 > 공지사항,공지사항,KOFA｜마틴 스콜세지 감독 기획전 개최,,,2016.08.22,첨부파일,1유형,,개방 가능,공공누리 1유형,,,,,O,,,이미지 포함(출처불명 사진),
2086,한국영상자료원,HOME > 기관소개 > 기관소식 > 공지사항,공지사항,도서관｜[운영시간안내]8월 31일은 '문화가 있는 수요일'로 운영시간이 조정됩니다.,,,2016.08.30,,미부착,,개방 가능,공공누리 1유형,,,O,,,,,단순 정보,
2087,한국영상자료원,HOME > 기관소개 > 기관소식 > 공지사항,공지사항,도서관｜[신착자료] 9월 영상도서관 DVD/블루레이 신착자료 안내입니다.,,,2016.08.31,,미부착,,개방 가능,공공누리 1유형,,,O,,,,,단순 정보,
2088,한국영상자료원,HOME > 기관소개 > 기관소식 > 공지사항,공지사항,"KOFA｜영화배우 故구봉서, 그가 남긴 따뜻한 웃음을 스크린에서 만난다",,,2016.09.05,첨부파일,1유형,,개방 가능,공공누리 2~4유형,,,,,O,,,영화 스틸컷 1장씩 게재. ,
2089,한국영상자료원,HOME > 기관소개 > 기관소식 > 공지사항,공지사항,"기관소식｜한국영화박물관 「잡지로 보는 한국영화의 풍경, <녹성>에서 <씨네21>까지」전시 기간 연장 안내",,,2016.09.05,,미부착,,개방 가능,공공누리 1유형,,,O,,,,,단순 정보,
2090,한국영상자료원,HOME > 기관소개 > 기관소식 > 공지사항,공지사항,기관소식｜[한국영화박물관] 추석 연휴 휴관 안내(9.14.(수)~9.16.(금)),,,2016.09.05,,미부착,,개방 가능,공공누리 1유형,,,O,,,,,단순 정보,
2091,한국영상자료원,HOME > 기관소개 > 기관소식 > 공지사항,공지사항,"박물관｜한국영화박물관 '잡지로 보는 한국영화의 풍경, <녹성>에서 <씨네21>까지' 전시 기간 연장 안내",,,2016.09.05,,미부착,,개방 가능,공공누리 1유형,,,O,,,,,단순 정보,
2092,한국영상자료원,HOME > 기관소개 > 기관소식 > 공지사항,공지사항,박물관｜[한국영화박물관]추석 연휴 휴관 안내(9.14.(수)~9.16.(금)),,,2016.09.05,,미부착,,개방 가능,공공누리 1유형,,,O,,,,,단순 정보,
2093,한국영상자료원,HOME > 기관소개 > 기관소식 > 공지사항,공지사항,도서관｜[휴관안내] 추석 연휴 [9.14.(수)~9.16.(금)] 휴관입니다,,,2016.09.07,,미부착,,개방 가능,공공누리 1유형,,,O,,,,,단순 정보,
2094,한국영상자료원,HOME > 기관소개 > 기관소식 > 공지사항,공지사항,도서관｜[휴관안내]9월12일은 네번째 월요일로 휴관입니다.,,,2016.09.07,,미부착,,개방 가능,공공누리 1유형,,,O,,,,,단순 정보,
2095,한국영상자료원,HOME > 기관소개 > 기관소식 > 공지사항,공지사항,도서관｜[휴관안내]9월26일은 네번째 월요일로 휴관입니다.,,,2016.09.20,,미부착,,개방 가능,공공누리 1유형,,,O,,,,,단순 정보,
2096,한국영상자료원,HOME > 기관소개 > 기관소식 > 공지사항,공지사항,도서관｜[운영시간안내]9월 28일은 '문화가 있는 수요일'로 운영시간이 조정됩니다.,,,2016.09.20,,미부착,,개방 가능,공공누리 1유형,,,O,,,,,단순 정보,
2097,한국영상자료원,HOME > 기관소개 > 기관소식 > 공지사항,공지사항,도서관｜[운영시간안내] 10월 3일은 개천절(공휴일)로 운영시간이 조정됩니다.,,,2016.09.20,,미부착,,개방 가능,공공누리 1유형,,,O,,,,,단순 정보,
2098,한국영상자료원,HOME > 기관소개 > 기관소식 > 공지사항,공지사항,기관소식｜청탁금지법 적용대상자(공무수행사인) 현황 공개,,,2016.09.29,첨부파일,미부착,,개방 가능,공공누리 1유형,,,O,,,,,업무상 저작물,
2099,한국영상자료원,HOME > 기관소개 > 기관소식 > 공지사항,공지사항,"KOFA｜스크린으로 만나는 인도 문화, 한국영상자료원 ‘인도 영화제’ 개최",,,2016.09.29,첨부파일,1유형,,개방 가능,공공누리 2~4유형,,,,,O,,,"영화 스틸컷 1장, 포스터 3장 합성",
2100,한국영상자료원,HOME > 기관소개 > 기관소식 > 공지사항,공지사항,"KOFA｜스크린 위 50년의 역사, 배우 윤여정의 과거와 현재를 엿보다",,,2016.09.29,첨부파일,1유형,,개방 가능,공공누리 2~4유형,,,,,O,,,영화 스틸컷 4장,
2101,한국영상자료원,HOME > 기관소개 > 기관소식 > 공지사항,공지사항,도서관｜[신착자료] 10월 영상도서관 DVD/블루레이 신착자료 안내입니다.,,,2016.10.07,,미부착,,개방 가능,공공누리 1유형,,,O,,,,,단순 정보,
2102,한국영상자료원,HOME > 기관소개 > 기관소식 > 공지사항,공지사항,기관소식｜[강연] 디트리히와 리펜슈탈: 신여성의 꿈,,,2016.10.13,첨부파일,미부착,,개방 가능,공공누리 2~4유형,,,,,O,,,영화 스틸컷 1장 포함한 포스터,
2103,한국영상자료원,HOME > 기관소개 > 기관소식 > 공지사항,공지사항,기관소식｜[심포지엄]은막의 사회문화사-개봉관의 등장부터 1970년대까지,,,2016.10.17,첨부파일,미부착,,개방 가능,공공누리 1유형,,,O,,,,,업무상 저작물,
2104,한국영상자료원,HOME > 기관소개 > 기관소식 > 공지사항,공지사항,KOFA｜단성사 흥행열전! 역사가 된 영화관 ‘단성사’의 영화들,,,2016.10.19,첨부파일,1유형,,개방 가능,공공누리 2~4유형,,,,O,,,,영화 스틸컷,
2105,한국영상자료원,HOME > 기관소개 > 기관소식 > 공지사항,공지사항,도서관｜[휴관안내]10월24일은 네번째 월요일로 휴관입니다,,,2016.10.21,,미부착,,개방 가능,공공누리 1유형,,,O,,,,,단순 정보,
2106,한국영상자료원,HOME > 기관소개 > 기관소식 > 공지사항,공지사항,도서관｜[운영시간안내]10월 26일은 '문화가 있는 수요일'로 운영시간이 조정됩니다.,,,2016.10.21,,미부착,,개방 가능,공공누리 1유형,,,O,,,,,단순 정보,
2107,한국영상자료원,HOME > 기관소개 > 기관소식 > 공지사항,공지사항,KOFA｜[심포지엄]‘단관개봉 극장’의 기억,,,2016.11.02,첨부파일,1유형,,개방 가능,공공누리 1유형,,,O,,,,,업무상 저작물,
2108,한국영상자료원,HOME > 기관소개 > 기관소식 > 공지사항,공지사항,기관소식｜[심포지엄] 미래가 된 과거: 누가 역사를 만드는가?,,,2016.11.07,첨부파일,미부착,,개방 가능,공공누리 1유형,,,O,,,,,업무상 저작물,
2109,한국영상자료원,HOME > 기관소개 > 기관소식 > 공지사항,공지사항,도서관｜[휴관안내]11월14일은 두번째 월요일로 휴관입니다.,,,2016.11.11,,미부착,,개방 가능,공공누리 1유형,,,O,,,,,단순 정보,
2110,한국영상자료원,HOME > 기관소개 > 기관소식 > 공지사항,공지사항,기관소식｜건물 법정 전기설비 점검 및 시스템 유지관리를 위한 홈페이지 서비스 중단 안내,,,2016.11.14,,미부착,,개방 가능,공공누리 1유형,,,O,,,,,단순 정보,
2111,한국영상자료원,HOME > 기관소개 > 기관소식 > 공지사항,공지사항,기관소식｜정부보조금 부정수급 집중신고기간 운영 안내,,,2016.11.16,첨부파일,미부착,,개방 가능,공공누리 1유형,,,O,,,,,업무상 저작물,
2112,한국영상자료원,HOME > 기관소개 > 기관소식 > 공지사항,공지사항,KOFA｜한국영상자료원-주한독일문화원 공동으로 국제심포지엄 및 특별상영 개최,,,2016.11.18,첨부파일,1유형,,개방 가능,공공누리 1유형,,,O,,,,,업무상 저작물,
2113,한국영상자료원,HOME > 기관소개 > 기관소식 > 공지사항,공지사항,도서관｜홈페이지 서비스 중단 안내(11월 18일(금) 오후 22:00 - 11월 19일(토) 오전 3시),,,2016.11.18,,미부착,,개방 가능,공공누리 1유형,,,O,,,,,단순 정보,
2114,한국영상자료원,HOME > 기관소개 > 기관소식 > 공지사항,공지사항,기관소식｜[재상영 공지] <바바라>,,,2016.11.22,,미부착,,개방 가능,공공누리 1유형,,,O,,,,,단순 정보,
2115,한국영상자료원,HOME > 기관소개 > 기관소식 > 공지사항,공지사항,도서관｜[휴관안내]11월 28일은 네번째 월요일로 휴관입니다.,,,2016.11.24,,미부착,,개방 가능,공공누리 1유형,,,O,,,,,단순 정보,
2116,한국영상자료원,HOME > 기관소개 > 기관소식 > 공지사항,공지사항,도서관｜[운영시간안내]11월 30일은 '문화가 있는 수요일'로 운영시간이 조정됩니다.,,,2016.11.24,,미부착,,개방 가능,공공누리 1유형,,,O,,,,,단순 정보,
2117,한국영상자료원,HOME > 기관소개 > 기관소식 > 공지사항,공지사항,도서관｜[신착자료] 12월 영상도서관 DVD/블루레이 신착자료 안내입니다.,,,2016.11.30,,미부착,,개방 가능,공공누리 1유형,,,O,,,,,단순 정보,
2118,한국영상자료원,HOME > 기관소개 > 기관소식 > 공지사항,공지사항,KOFA｜주한 외교단과 함께 하는 월드 시네마 위크,,,2016.12.02,첨부파일,1유형,,개방 가능,공공누리 2~4유형,,,,,O,O,,"영화 소개 스틸컷, 공연 연주자 소개",
2119,한국영상자료원,HOME > 기관소개 > 기관소식 > 공지사항,공지사항,기관소식｜공사에 의한 시네마테크KOFA 휴관 안내,,,2016.12.06,,미부착,,개방 가능,공공누리 1유형,,,O,,,,,단순 정보,
2120,한국영상자료원,HOME > 기관소개 > 기관소식 > 공지사항,공지사항,기관소식｜[한국고전영화컬렉션] <귀로> 디비디 관련,,,2016.12.09,,미부착,,개방 가능,공공누리 1유형,,,O,,,,,단순 정보,
2121,한국영상자료원,HOME > 기관소개 > 기관소식 > 공지사항,공지사항,도서관｜[휴관안내]12월12일은 두 번째 월요일로 휴관입니다.,,,2016.12.09,,미부착,,개방 가능,공공누리 1유형,,,O,,,,,단순 정보,
2122,한국영상자료원,HOME > 기관소개 > 기관소식 > 공지사항,공지사항,도서관｜[휴관안내]12월 26일은 네번째 월요일로 휴관입니다.,,,2016.12.20,,미부착,,개방 가능,공공누리 1유형,,,O,,,,,단순 정보,
2123,한국영상자료원,HOME > 기관소개 > 기관소식 > 공지사항,공지사항,도서관｜[안내] 한국영상자료원 2017년 탁상달력 무료제공 이벤트,,,2016.12.20,,미부착,,개방 가능,공공누리 1유형,,,O,,,,,단순 정보,
2124,한국영상자료원,HOME > 기관소개 > 기관소식 > 공지사항,공지사항,기관소식｜공공기관 고객만족도조사 관련 개인정보 제3자 제공사항 공지,,,2016.12.21,,미부착,,개방 가능,공공누리 1유형,,,O,,,,,단순 정보,
2125,한국영상자료원,HOME > 기관소개 > 기관소식 > 공지사항,공지사항,도서관｜[운영시간안내]12월 28일은 '문화가 있는 수요일'로 운영시간이 조정됩니다.,,,2016.12.27,,미부착,,개방 가능,공공누리 1유형,,,O,,,,,단순 정보,
2126,한국영상자료원,HOME > 기관소개 > 기관소식 > 공지사항,공지사항,도서관｜[휴관일 변경안내]영상도서관 상암 휴관일이 변경됩니다!,,,2016.12.28,,미부착,,개방 가능,공공누리 1유형,,,O,,,,,단순 정보,
2127,한국영상자료원,HOME > 기관소개 > 기관소식 > 공지사항,공지사항,도서관｜[신착자료] 1월 영상도서관 DVD/블루레이 신착자료 안내입니다.,,,2017.01.03,,미부착,,개방 가능,공공누리 1유형,,,O,,,,,단순 정보,
2128,한국영상자료원,HOME > 기관소개 > 기관소식 > 공지사항,공지사항,도서관｜[휴관안내]1월 9일은 월요일로 영상도서관 휴관입니다.,,,2017.01.06,,미부착,,개방 가능,공공누리 1유형,,,O,,,,,단순 정보,
2129,한국영상자료원,HOME > 기관소개 > 기관소식 > 공지사항,공지사항,기관소식｜한국영상자료원 홈페이지 전면 개편 오픈,,,2017.01.16,,1유형,,개방 가능,공공누리 1유형,,,O,,,,,단순 정보,
2130,한국영상자료원,HOME > 기관소개 > 기관소식 > 공지사항,공지사항,"기관소식｜[이벤트]정형돈, 한예리, 박소담, 여자친구가 함께 한 홍보 동영상",,,2017.01.16,,1유형,,개방 가능,공공누리 1유형,,,O,,,,,업무상 저작물,
2131,한국영상자료원,HOME > 기관소개 > 기관소식 > 공지사항,공지사항,도서관｜[운영시간안내] 1월 18일은 한국영상자료원 창립기념일로 운영시간이 조정됩니다.,,,2017.01.17,,1유형,,개방 가능,공공누리 1유형,,,O,,,,,단순 정보,
2132,한국영상자료원,HOME > 기관소개 > 기관소식 > 공지사항,공지사항,도서관｜[휴관안내]1월 23일은 월요일로 영상도서관 휴관입니다.,,,2017.01.17,,미부착,,개방 가능,공공누리 1유형,,,O,,,,,단순 정보,
2133,한국영상자료원,HOME > 기관소개 > 기관소식 > 공지사항,공지사항,도서관｜[운영시간안내] 1월 25일은 '문화가 있는 수요일'로 운영시간이 조정됩니다,,,2017.01.23,,미부착,,개방 가능,공공누리 1유형,,,O,,,,,단순 정보,
2134,한국영상자료원,HOME > 기관소개 > 기관소식 > 공지사항,공지사항,도서관｜[휴관안내] 설 연휴 [1.27.(금)~1.30.(월)] 휴관입니다,,,2017.01.23,,미부착,,개방 가능,공공누리 1유형,,,O,,,,,단순 정보,
2135,한국영상자료원,HOME > 기관소개 > 기관소식 > 공지사항,공지사항,KOFA｜시네마테크KOFA 온라인 예매(맥스무비) 정상화 안내,,,2017.01.31,,미부착,,개방 가능,공공누리 1유형,,,O,,,,,단순 정보,
2136,한국영상자료원,HOME > 기관소개 > 기관소식 > 공지사항,공지사항,도서관｜[신착자료] 2월 영상도서관 DVD/블루레이 신착자료 안내입니다.,,,2017.01.31,,미부착,,개방 가능,공공누리 1유형,,,O,,,,,단순 정보,
2137,한국영상자료원,HOME > 기관소개 > 기관소식 > 공지사항,공지사항,기관소식｜[이벤트발표]시네마테크KOFA가 주목한 2016년 한국영화 관객 투표,,,2017.02.01,,미부착,,개방 가능,공공누리 1유형,,,O,,,,,단순 정보,
2138,한국영상자료원,HOME > 기관소개 > 기관소식 > 공지사항,공지사항,기관소식｜[이벤트발표] 여자친구 동영상 보고 퀴즈 맞히기 이벤트,,,2017.02.01,,미부착,,개방 가능,공공누리 1유형,,,O,,,,,단순 정보,
2139,한국영상자료원,HOME > 기관소개 > 기관소식 > 공지사항,공지사항,도서관｜[휴관안내]2월 6일은 월요일로 영상도서관 휴관입니다.,,,2017.02.06,,미부착,,개방 가능,공공누리 1유형,,,O,,,,,단순 정보,
2140,한국영상자료원,HOME > 기관소개 > 기관소식 > 공지사항,공지사항,기관소식｜기관홈페이지 만족도 온라인 설문조사 당첨자 발표,,,2017.02.09,,미부착,,개방 가능,공공누리 1유형,,,O,,,,,단순 정보,
2141,한국영상자료원,HOME > 기관소개 > 기관소식 > 공지사항,공지사항,도서관｜[휴관안내] 영상도서관 2월 휴관일 안내입니다.,,,2017.02.10,,미부착,,개방 가능,공공누리 1유형,,,O,,,,,단순 정보,
2142,한국영상자료원,HOME > 기관소개 > 기관소식 > 공지사항,공지사항,KOFA｜로버트 알트만 X 폴 토마스 앤더슨 상영일정 변경,,,2017.02.14,,미부착,,개방 가능,공공누리 1유형,,,O,,,,,단순 정보,
2143,한국영상자료원,HOME > 기관소개 > 기관소식 > 공지사항,공지사항,기관소식｜<문라이트> 시사회 초대 트위터 이벤트 당첨자 발표,,,2017.02.17,,미부착,,개방 가능,공공누리 1유형,,,O,,,,,단순 정보,
2144,한국영상자료원,HOME > 기관소개 > 기관소식 > 공지사항,공지사항,도서관｜[운영시간안내] 2월 22일은 '문화가 있는 수요일'로 운영시간이 조정됩니다,,,2017.02.21,,미부착,,개방 가능,공공누리 1유형,,,O,,,,,단순 정보,
2145,한국영상자료원,HOME > 기관소개 > 기관소식 > 공지사항,공지사항,기관소식｜카카오톡에서 만나는 한국영상자료원,,,2017.02.23,,미부착,,개방 가능,공공누리 2~4유형,,,,,O,,,영상자료원 소개 웹툰 이모티콘,
2146,한국영상자료원,HOME > 기관소개 > 기관소식 > 공지사항,공지사항,도서관｜[운영시간안내] 3월 1일은 삼일절(공휴일)로 운영시간이 조정됩니다.,,,2017.02.24,,미부착,,개방 가능,공공누리 1유형,,,O,,,,,단순 정보,
2147,한국영상자료원,HOME > 기관소개 > 기관소식 > 공지사항,공지사항,"KOFA｜2월 28일 16시 10분, 맥스무비 예매 종료",,,2017.02.28,,미부착,,개방 가능,공공누리 1유형,,,O,,,,,단순 정보,
2148,한국영상자료원,HOME > 기관소개 > 기관소식 > 공지사항,공지사항,KOFA｜시네마테크KOFA 온라인 예매 절차 변경 안내,,,2017.02.28,,1유형,,개방 가능,공공누리 1유형,,,O,,,,,단순 정보,
2149,한국영상자료원,HOME > 기관소개 > 기관소식 > 공지사항,공지사항,도서관｜[신착자료_상암] 3월 영상도서관 DVD/블루레이 신착자료 안내입니다.,,,2017.03.07,,미부착,,개방 가능,공공누리 1유형,,,O,,,,,단순 정보,
2150,한국영상자료원,HOME > 기관소개 > 기관소식 > 공지사항,공지사항,도서관｜[휴관안내] 영상도서관 3월 휴관일 안내입니다.,,,2017.03.15,,미부착,,개방 가능,공공누리 1유형,,,O,,,,,단순 정보,
2151,한국영상자료원,HOME > 기관소개 > 기관소식 > 공지사항,공지사항,기관소식｜<분노> 시사회 초대 트위터 이벤트 당첨자 발표,,,2017.03.20,,미부착,,개방 가능,공공누리 1유형,,,O,,,,,단순 정보,
2152,한국영상자료원,HOME > 기관소개 > 기관소식 > 공지사항,공지사항,도서관｜[운영시간안내] 3월 29일은 '문화가 있는 수요일'로 운영시간이 조정됩니다,,,2017.03.23,,미부착,,개방 가능,공공누리 1유형,,,O,,,,,단순 정보,
2153,한국영상자료원,HOME > 기관소개 > 기관소식 > 공지사항,공지사항,KOFA｜시네마테크KOFA 온라인 예매시스템 회원제 연동 안내,,,2017.03.31,,미부착,,개방 가능,공공누리 1유형,,,O,,,,,단순 정보,
2154,한국영상자료원,HOME > 기관소개 > 기관소식 > 공지사항,공지사항,도서관｜[휴관안내] 영상도서관 4월 휴관일 안내입니다.,,,2017.04.01,,미부착,,개방 가능,공공누리 1유형,,,O,,,,,단순 정보,
2155,한국영상자료원,HOME > 기관소개 > 기관소식 > 공지사항,공지사항,도서관｜[신착자료_상암] 4월 영상도서관 DVD/블루레이 신착자료 안내입니다.,,,2017.04.01,,미부착,,개방 가능,공공누리 1유형,,,O,,,,,단순 정보,
2156,한국영상자료원,HOME > 기관소개 > 기관소식 > 공지사항,공지사항,KOFA｜[이벤트] 4월 시네마테크KOFA '안성기展' 연계 발간물 특별 할인,,,2017.04.12,,미부착,,개방 가능,공공누리 1유형,,,O,,,,,단순 정보,
2157,한국영상자료원,HOME > 기관소개 > 기관소식 > 공지사항,공지사항,박물관｜2017 <영화약국 마음처방전> 참여자 모집 기간 연장,,,2017.04.19,,미부착,,개방 가능,공공누리 1유형,,,O,,,,,단순 정보,
2158,한국영상자료원,HOME > 기관소개 > 기관소식 > 공지사항,공지사항,도서관｜[운영시간안내] 4월 26일은 '문화가 있는 수요일'로 운영시간이 조정됩니다 .,,,2017.04.21,,미부착,,개방 가능,공공누리 1유형,,,O,,,,,단순 정보,
2159,한국영상자료원,HOME > 기관소개 > 기관소식 > 공지사항,공지사항,도서관｜[휴관안내] 영상도서관 5월 휴관일 안내입니다.,,,2017.04.21,,미부착,,개방 가능,공공누리 1유형,,,O,,,,,단순 정보,
2160,한국영상자료원,HOME > 기관소개 > 기관소식 > 공지사항,공지사항,박물관｜[휴관안내] 한국영화박물관 5월 휴관일 안내입니다.,,,2017.04.21,,미부착,,개방 가능,공공누리 1유형,,,O,,,,,단순 정보,
2161,한국영상자료원,HOME > 기관소개 > 기관소식 > 공지사항,공지사항,기관소식｜[임시휴관안내] 제19대 대통령선거일(2017년 5월 9일 화요일),,,2017.04.24,,미부착,,개방 가능,공공누리 1유형,,,O,,,,,단순 정보,
2162,한국영상자료원,HOME > 기관소개 > 기관소식 > 공지사항,공지사항,박물관｜2017 <영화약국 마음처방전> 참여자 발표,,,2017.04.25,,미부착,,개방 가능,공공누리 1유형,,,O,,,,,단순 정보,
2163,한국영상자료원,HOME > 기관소개 > 기관소식 > 공지사항,공지사항,KOFA｜[임시휴관안내] 제19대 대통령선거일(2017년 5월 9일 화요일),,,2017.04.25,,미부착,,개방 가능,공공누리 1유형,,,O,,,,,단순 정보,
2164,한국영상자료원,HOME > 기관소개 > 기관소식 > 공지사항,공지사항,"도서관｜[이용시간 안내]5월3일,5일은 석가탄신일(공휴일), 어린이 날(공휴일)로 운영시간이 조정됩니다",,,2017.04.26,,미부착,,개방 가능,공공누리 1유형,,,O,,,,,단순 정보,
2165,한국영상자료원,HOME > 기관소개 > 기관소식 > 공지사항,공지사항,"박물관｜[이용 안내] 5월 3일, 5일 운영시간 안내",,,2017.04.26,,미부착,,개방 가능,공공누리 1유형,,,O,,,,,단순 정보,
2166,한국영상자료원,HOME > 기관소개 > 기관소식 > 공지사항,공지사항,기관소식｜<언노운 걸> 예매권 SNS 이벤트 당첨자,,,2017.04.27,,미부착,,개방 가능,공공누리 1유형,,,O,,,,,단순 정보,
2167,한국영상자료원,HOME > 기관소개 > 기관소식 > 공지사항,공지사항,기관소식｜<석조저택 살인사건> 시사회 트위터 당첨자 안내,,,2017.04.28,,미부착,,개방 가능,공공누리 1유형,,,O,,,,,단순 정보,
2168,한국영상자료원,HOME > 기관소개 > 기관소식 > 공지사항,공지사항,도서관｜[신착자료_상암] 5월 영상도서관 DVD/블루레이 신착자료 안내입니다.,,,2017.05.03,,미부착,,개방 가능,공공누리 1유형,,,O,,,,,단순 정보,
2169,한국영상자료원,HOME > 기관소개 > 기관소식 > 공지사항,공지사항,"기관소식｜구글스트리트뷰(한국영화박물관, 파주보존센터) 오픈",,,2017.05.11,,1유형,,개방 가능,공공누리 1유형,,,O,,,,,업무상 저작물,
2170,한국영상자료원,HOME > 기관소개 > 기관소식 > 공지사항,공지사항,기관소식｜한국영상자료원 1층 주출입구 폐쇄 안내,,,2017.05.17,,미부착,,개방 가능,공공누리 1유형,,,O,,,,,단순 정보,
2171,한국영상자료원,HOME > 기관소개 > 기관소식 > 공지사항,공지사항,"KOFA｜[이벤트] 5월 시네마테크KOFA '발굴, 복원 그리고 초기영화로의 초대 ' 연계 발간물 특별 할인",,,2017.05.18,,미부착,,개방 가능,공공누리 1유형,,,O,,,,,단순 정보,
2172,한국영상자료원,HOME > 기관소개 > 기관소식 > 공지사항,공지사항,기관소식｜기관 대표 홈페이지 변경 사항을 알려드립니다,,,2017.05.25,,1유형,,개방 가능,공공누리 1유형,,,O,,,,,업무상 저작물,
2173,한국영상자료원,HOME > 기관소개 > 기관소식 > 공지사항,공지사항,"박물관｜""한국영화와 대중가요, 그 100년의 만남"" 특별 강연 & 박물관 속 토크",,,2017.05.25,,미부착,,개방 가능,공공누리 1유형,,,O,,,,,업무상 저작물,
2174,한국영상자료원,HOME > 기관소개 > 기관소식 > 공지사항,공지사항,도서관｜[운영시간안내] 5월 31일은 '문화가 있는 수요일'로 운영시간이 조정됩니다 .,,,2017.05.30,,미부착,,개방 가능,공공누리 1유형,,,O,,,,,단순 정보,
2175,한국영상자료원,HOME > 기관소개 > 기관소식 > 공지사항,공지사항,박물관｜대중음악연구자 이준희와 함께 하는 축음기&전축 시연 이벤트,,,2017.05.30,,미부착,,개방 가능,공공누리 1유형,,,O,,,,,업무상 저작물,
2176,한국영상자료원,HOME > 기관소개 > 기관소식 > 공지사항,공지사항,도서관｜[신착자료_상암] 6월 영상도서관 DVD/블루레이 신착자료 안내입니다.,,,2017.05.31,,미부착,,개방 가능,공공누리 1유형,,,O,,,,,단순 정보,
2177,한국영상자료원,HOME > 기관소개 > 기관소식 > 공지사항,공지사항,박물관｜[이용안내] 한국영화박물관(상설전시) 오디오 가이드 이용 안내,,,2017.06.02,,미부착,,개방 가능,공공누리 1유형,,,O,,,,,단순 정보,
2178,한국영상자료원,HOME > 기관소개 > 기관소식 > 공지사항,공지사항,박물관｜[휴관안내] 한국영화박물관 6월 휴관일 안내입니다.,,,2017.06.02,,미부착,,개방 가능,공공누리 1유형,,,O,,,,,단순 정보,
2179,한국영상자료원,HOME > 기관소개 > 기관소식 > 공지사항,공지사항,도서관｜[휴관안내] 영상도서관 6월 휴관일 안내입니다.,,,2017.06.06,,미부착,,개방 가능,공공누리 1유형,,,O,,,,,단순 정보,
2180,한국영상자료원,HOME > 기관소개 > 기관소식 > 공지사항,공지사항,도서관｜[이용시간 안내]6월6일(현충일)로 운영시간이 조정됩니다,,,2017.06.06,,미부착,,개방 가능,공공누리 1유형,,,O,,,,,단순 정보,
2181,한국영상자료원,HOME > 기관소개 > 기관소식 > 공지사항,공지사항,기관소식｜[국제심포지엄] 냉전 시대 ‘자유아시아’의 문화/미디어 네트워크,,,2017.06.20,,1유형,,개방 가능,공공누리 2~4유형,,,,,O,,,"행사 포스터, 강사소개 사진 ",
2182,한국영상자료원,HOME > 기관소개 > 기관소식 > 공지사항,공지사항,기관소식｜6월 '문화가 있는 날' 행사 안내,,,2017.06.26,,미부착,,개방 가능,공공누리 2~4유형,,,,,O,O,,"상영작 소개 인물스틸컷1장, 포스터 2장",
2183,한국영상자료원,HOME > 기관소개 > 기관소식 > 공지사항,공지사항,도서관｜[운영시간안내] 6월 28일은 '문화가 있는 수요일'로 운영시간이 조정됩니다 .,,,2017.06.26,,미부착,,개방 가능,공공누리 1유형,,,O,,,,,단순 정보,
2184,한국영상자료원,HOME > 기관소개 > 기관소식 > 공지사항,공지사항,도서관｜[신착자료_상암] 7월 영상도서관 DVD/블루레이 신착자료 안내입니다.,,,2017.07.03,,미부착,,개방 가능,공공누리 1유형,,,O,,,,,단순 정보,
2185,한국영상자료원,HOME > 기관소개 > 기관소식 > 공지사항,공지사항,도서관｜[휴관안내_상암] 영상도서관 7월 휴관일 안내입니다.,,,2017.07.03,,미부착,,개방 가능,공공누리 1유형,,,O,,,,,단순 정보,
2186,한국영상자료원,HOME > 기관소개 > 기관소식 > 공지사항,공지사항,박물관｜[휴관안내] 한국영화박물관 7월 휴관일 안내입니다.,,,2017.07.05,,미부착,,개방 가능,공공누리 1유형,,,O,,,,,단순 정보,
2187,한국영상자료원,HOME > 기관소개 > 기관소식 > 공지사항,공지사항,박물관｜대중음악연구자 이준희와 함께하는 축음기 & 전축 시연 이벤트,,,2017.07.05,,미부착,,개방 가능,공공누리 1유형,,,O,,,,,업무상 저작물,
2188,한국영상자료원,HOME > 기관소개 > 기관소식 > 공지사항,공지사항,기관소식｜제21회 BiFan에서 최초 공개되는 디지털리마스터링 영화 3편 <깊은 밤 갑자기> 등,,,2017.07.13,,1유형,,개방 가능,공공누리 1유형,,,,O,,,,영화 스틸컷,
2189,한국영상자료원,HOME > 기관소개 > 기관소식 > 공지사항,공지사항,"KOFA｜<영화와 공간> 개막 기념 및 '문화가 있는 날' 증정 이벤트 ""푸드박스 속 행운의 포춘 쿠키를 찾아라!""",,,2017.07.25,,미부착,,개방 가능,공공누리 1유형,,,O,,,,,업무상 저작물,
2190,한국영상자료원,HOME > 기관소개 > 기관소식 > 공지사항,공지사항,도서관｜[운영시간안내] 7월 26일은 '문화가 있는 수요일'로 운영시간이 조정됩니다 .,,,2017.07.26,,미부착,,개방 가능,공공누리 1유형,,,O,,,,,단순 정보,
2191,한국영상자료원,HOME > 기관소개 > 기관소식 > 공지사항,공지사항,도서관｜[신착자료_상암] 8월 영상도서관 DVD/블루레이 신착자료 안내입니다.,,,2017.08.01,,미부착,,개방 가능,공공누리 1유형,,,O,,,,,단순 정보,
2192,한국영상자료원,HOME > 기관소개 > 기관소식 > 공지사항,공지사항,박물관｜[휴관안내] 한국영화박물관 8월 휴관일 및 공휴일 운영시간 안내입니다.,,,2017.08.03,,미부착,,개방 가능,공공누리 1유형,,,O,,,,,단순 정보,
2193,한국영상자료원,HOME > 기관소개 > 기관소식 > 공지사항,공지사항,도서관｜[휴관안내_상암] 영상도서관 8월 휴관일 및 이용시간 안내입니다.,,,2017.08.06,,미부착,,개방 가능,공공누리 1유형,,,O,,,,,단순 정보,
2194,한국영상자료원,HOME > 기관소개 > 기관소식 > 공지사항,공지사항,박물관｜2017 <두근두근 영화제작소> 참여자 발표,,,2017.08.08,,미부착,,개방 가능,공공누리 1유형,,,O,,,,,단순 정보,
2195,한국영상자료원,HOME > 기관소개 > 기관소식 > 공지사항,공지사항,박물관｜2017년 한국영화박물관 도슨트 양성프로그램 참가자 모집,,,2017.08.10,,미부착,,개방 가능,공공누리 1유형,,,O,,,,,단순 정보,
2196,한국영상자료원,HOME > 기관소개 > 기관소식 > 공지사항,공지사항,도서관｜[운영시간안내] 8월 15일은 광복절(공휴일)로 운영시간이 조정됩니다.,,,2017.08.13,,미부착,,개방 가능,공공누리 1유형,,,O,,,,,단순 정보,
2197,한국영상자료원,HOME > 기관소개 > 기관소식 > 공지사항,공지사항,KOFA｜[임시휴관안내] 2017년 9월 12일(화)~14일(목),,,2017.08.29,,미부착,,개방 가능,공공누리 1유형,,,O,,,,,단순 정보,
2198,한국영상자료원,HOME > 기관소개 > 기관소식 > 공지사항,공지사항,도서관｜[신착자료_상암] 9월 영상도서관 DVD/블루레이 신착자료 안내입니다.,,,2017.09.01,,미부착,,개방 가능,공공누리 1유형,,,O,,,,,단순 정보,
2199,한국영상자료원,HOME > 기관소개 > 기관소식 > 공지사항,공지사항,도서관｜[휴관안내_상암] 영상도서관 9월 휴관일 및 이용시간 안내입니다.,,,2017.09.01,,미부착,,개방 가능,공공누리 1유형,,,O,,,,,단순 정보,
2200,한국영상자료원,HOME > 기관소개 > 기관소식 > 공지사항,공지사항,박물관｜2017년 한국영화박물관 도슨트 양성프로그램 참가자 발표,,,2017.09.01,,미부착,,개방 가능,공공누리 1유형,,,O,,,,,단순 정보,
2201,한국영상자료원,HOME > 기관소개 > 기관소식 > 공지사항,공지사항,"기관소식｜""이원세 감독 마스터클래스"" 이원세 감독과 함께 하는 씨네토크",,,2017.09.06,,미부착,,개방 가능,공공누리 1유형,,,O,,,,,업무상 저작물,
2202,한국영상자료원,HOME > 기관소개 > 기관소식 > 공지사항,공지사항,도서관｜[운영시간안내] 9월 27일은 '문화가 있는 수요일'로 운영시간이 조정됩니다,,,2017.09.26,,미부착,,개방 가능,공공누리 1유형,,,O,,,,,단순 정보,
2203,한국영상자료원,HOME > 기관소개 > 기관소식 > 공지사항,공지사항,도서관｜[휴관안내] 추석 연휴 [10.2(월)~10.6(금)] 휴관입니다.,,,2017.09.26,,미부착,,개방 가능,공공누리 1유형,,,O,,,,,단순 정보,
2204,한국영상자료원,HOME > 기관소개 > 기관소식 > 공지사항,공지사항,기관소식｜추석 휴무 안내,,,2017.09.28,,미부착,,개방 가능,공공누리 1유형,,,O,,,,,단순 정보,
2205,한국영상자료원,HOME > 기관소개 > 기관소식 > 공지사항,공지사항,박물관｜[휴관안내] 한국영화박물관 10월 휴관일 안내입니다.,,,2017.09.29,,미부착,,개방 가능,공공누리 1유형,,,O,,,,,단순 정보,
2206,한국영상자료원,HOME > 기관소개 > 기관소식 > 공지사항,공지사항,도서관｜[신착자료_상암] 10월 영상도서관 DVD/블루레이 신착자료 안내입니다.,,,2017.09.30,,미부착,,개방 가능,공공누리 1유형,,,O,,,,,단순 정보,
2207,한국영상자료원,HOME > 기관소개 > 기관소식 > 공지사항,공지사항,기관소식｜[이벤트 발표] <아이 앰 히스 레저> 예매권 이벤트 당첨자 발표,,,2017.10.11,,미부착,,개방 가능,공공누리 1유형,,,O,,,,,단순 정보,
2208,한국영상자료원,HOME > 기관소개 > 기관소식 > 공지사항,공지사항,기관소식｜[이벤트 발표] 여러분의 스포츠 영화를 추천해 주세요!,,,2017.10.12,,미부착,,개방 가능,공공누리 1유형,,,O,,,,,단순 정보,
2209,한국영상자료원,HOME > 기관소개 > 기관소식 > 공지사항,공지사항,기관소식｜[이벤트 발표] <메소드> 시사회 이벤트 당첨자 발표,,,2017.10.19,,미부착,,개방 가능,공공누리 1유형,,,O,,,,,단순 정보,
2210,한국영상자료원,HOME > 기관소개 > 기관소식 > 공지사항,공지사항,기관소식｜[이벤트 발표] <원스> 시사회 이벤트 당첨자 발표,,,2017.10.26,,미부착,,개방 가능,공공누리 1유형,,,O,,,,,단순 정보,
2211,한국영상자료원,HOME > 기관소개 > 기관소식 > 공지사항,공지사항,박물관｜2017년 영화 강좌 <한국영화 속 여성> 참가자 모집,,,2017.10.27,,미부착,,개방 가능,공공누리 2~4유형,,,,,O,,,영화 스틸컷 4장 합성,
2212,한국영상자료원,HOME > 기관소개 > 기관소식 > 공지사항,공지사항,박물관｜[휴관안내] 한국영화박물관 11월 휴관일 안내입니다.,,,2017.11.02,,미부착,,개방 가능,공공누리 1유형,,,O,,,,,단순 정보,
2213,한국영상자료원,HOME > 기관소개 > 기관소식 > 공지사항,공지사항,도서관｜[휴관안내] 영상도서관 11월 휴관일 안내입니다.,,,2017.11.02,,미부착,,개방 가능,공공누리 1유형,,,O,,,,,단순 정보,
2214,한국영상자료원,HOME > 기관소개 > 기관소식 > 공지사항,공지사항,기관소식｜[이벤트 발표] <뉴니스> 예매권 이벤트 당첨자 발표,,,2017.11.03,,미부착,,개방 가능,공공누리 1유형,,,O,,,,,단순 정보,
2215,한국영상자료원,HOME > 기관소개 > 기관소식 > 공지사항,공지사항,기관소식｜[이벤트 발표] <러빙 빈센트> 예매권 이벤트 당첨자 발표,,,2017.11.07,,미부착,,개방 가능,공공누리 1유형,,,O,,,,,단순 정보,
2216,한국영상자료원,HOME > 기관소개 > 기관소식 > 공지사항,공지사항,도서관｜[신착자료_상암] 11월 영상도서관 DVD/블루레이 신착자료 안내입니다.,,,2017.11.16,,미부착,,개방 가능,공공누리 1유형,,,O,,,,,단순 정보,
2217,한국영상자료원,HOME > 기관소개 > 기관소식 > 공지사항,공지사항,도서관｜[운영시간안내] 11월 29일은 '문화가 있는 수요일'로 운영시간이 조정됩니다.,,,2017.11.28,,미부착,,개방 가능,공공누리 1유형,,,O,,,,,단순 정보,
2218,한국영상자료원,HOME > 기관소개 > 기관소식 > 공지사항,공지사항,도서관｜[신착자료_상암] 12월 영상도서관 DVD/블루레이 신착자료 안내입니다.,,,2017.12.01,,미부착,,개방 가능,공공누리 1유형,,,O,,,,,단순 정보,
2219,한국영상자료원,HOME > 기관소개 > 기관소식 > 공지사항,공지사항,기관소식｜2018년 한국영상자료원 탁상달력 받는 방법 총정리,,,2017.12.04,,미부착,,개방 가능,공공누리 2~4유형,,,,,O,,,영화 스틸컷 12장 합성,
2220,한국영상자료원,HOME > 기관소개 > 기관소식 > 공지사항,공지사항,도서관｜[휴관일안내] 영상도서관 12월 휴관일 안내입니다.,,,2017.12.15,,미부착,,개방 가능,공공누리 1유형,,,O,,,,,단순 정보,
2221,한국영상자료원,HOME > 기관소개 > 기관소식 > 공지사항,공지사항,기관소식｜KMDb VOD 한국고전영화 채널에 관한 여러분의 의견을 들려주세요,,,2017.12.15,,미부착,,개방 가능,공공누리 2~4유형,,,,,O,,,그래픽 포스터,
2222,한국영상자료원,HOME > 기관소개 > 기관소식 > 공지사항,공지사항,박물관｜한국영화박물관 상반기 기획전시 종료 안내,,,2017.12.17,,미부착,,개방 가능,공공누리 1유형,,,O,,,,,단순 정보,
2223,한국영상자료원,HOME > 기관소개 > 기관소식 > 공지사항,공지사항,박물관｜한국영화박물관 상설전시 일부 리모델링 안내,,,2017.12.17,,미부착,,개방 가능,공공누리 1유형,,,O,,,,,단순 정보,
2224,한국영상자료원,HOME > 기관소개 > 기관소식 > 공지사항,공지사항,KOFA｜[예매 오픈] <희망의 건너편>(23일 상영) 온라인 예매 관련,,,2017.12.18,,미부착,,개방 가능,공공누리 1유형,,,O,,,,,단순 정보,
2225,한국영상자료원,HOME > 기관소개 > 기관소식 > 공지사항,공지사항,기관소식｜2017년 기관홈페이지 만족도 조사 실시,,,2017.12.22,,미부착,,개방 가능,공공누리 2~4유형,,,,,O,,,그래픽 자료,
2226,한국영상자료원,HOME > 기관소개 > 기관소식 > 공지사항,공지사항,KOFA｜[시네마테크KOFA 온라인 예매 관련 안내],,,2017.12.23,,미부착,,개방 가능,공공누리 1유형,,,O,,,,,단순 정보,
2227,한국영상자료원,HOME > 기관소개 > 기관소식 > 공지사항,공지사항,기관소식｜홈페이지 회원가입 오류 안내,,,2017.12.23,,미부착,,개방 가능,공공누리 1유형,,,O,,,,,단순 정보,
2228,한국영상자료원,HOME > 기관소개 > 기관소식 > 공지사항,공지사항,기관소식｜2017년 기관홈페이지 만족도 조사 당첨자 발표,,,2017.12.28,,미부착,,개방 가능,공공누리 1유형,,,O,,,,,단순 정보,
2229,한국영상자료원,HOME > 기관소개 > 기관소식 > 공지사항,공지사항,기관소식｜[이벤트발표] <원더풀 라이프> 예매권 이벤트,,,2017.12.28,,미부착,,개방 가능,공공누리 1유형,,,O,,,,,단순 정보,
2230,한국영상자료원,HOME > 기관소개 > 기관소식 > 공지사항,공지사항,기관소식｜[이벤트발표] <구니스와 함께한 3주> 도서 증정 이벤트 당첨자 발표,,,2017.12.28,,미부착,,개방 가능,공공누리 1유형,,,O,,,,,단순 정보,
2231,한국영상자료원,HOME > 기관소개 > 기관소식 > 공지사항,공지사항,도서관｜[휴관일안내] 영상도서관 1월 휴관일 안내입니다.,,,2018.01.02,,미부착,,개방 가능,공공누리 1유형,,,O,,,,,단순 정보,
2232,한국영상자료원,HOME > 기관소개 > 기관소식 > 공지사항,공지사항,박물관｜[휴관안내] 한국영화박물관 1월 휴관일 안내입니다.,,,2018.01.02,,미부착,,개방 가능,공공누리 1유형,,,O,,,,,단순 정보,
2233,한국영상자료원,HOME > 기관소개 > 기관소식 > 공지사항,공지사항,기관소식｜공공기관 고객만족도 조사 관련 개인정보 제3자 제공사항 알림,,,2018.01.02,,미부착,,개방 가능,공공누리 1유형,,,O,,,,,단순 정보,
2234,한국영상자료원,HOME > 기관소개 > 기관소식 > 공지사항,공지사항,박물관｜[휴관안내] 한국영상자료원 창립기념일 휴관 안내,,,2018.01.05,,미부착,,개방 가능,공공누리 1유형,,,O,,,,,단순 정보,
2235,한국영상자료원,HOME > 기관소개 > 기관소식 > 공지사항,공지사항,기관소식｜[휴관안내] 한국영상자료원 창립기념일 휴관 안내,,,2018.01.05,,미부착,,개방 가능,공공누리 1유형,,,O,,,,,단순 정보,
2236,한국영상자료원,HOME > 기관소개 > 기관소식 > 공지사항,공지사항,도서관｜[휴관안내] 한국영상자료원 창립기념일 휴관 안내,,,2018.01.05,,미부착,,개방 가능,공공누리 1유형,,,O,,,,,단순 정보,
2237,한국영상자료원,HOME > 기관소개 > 기관소식 > 공지사항,공지사항,KOFA｜[휴관안내] 한국영상자료원 창립기념일 휴관 안내,,,2018.01.05,,미부착,,개방 가능,공공누리 1유형,,,O,,,,,단순 정보,
2238,한국영상자료원,HOME > 기관소개 > 기관소식 > 공지사항,공지사항,도서관｜[신착자료_상암] 1월 영상도서관 DVD/블루레이 신착자료 안내입니다.,,,2018.01.10,,미부착,,개방 가능,공공누리 1유형,,,O,,,,,단순 정보,
2239,한국영상자료원,HOME > 기관소개 > 기관소식 > 공지사항,공지사항,KOFA｜[시네마테크KOFA 새로운 소식],,,2018.01.12,,미부착,,개방 가능,공공누리 1유형,,,O,,,,,단순 정보,
2240,한국영상자료원,HOME > 기관소개 > 기관소식 > 공지사항,공지사항,기관소식｜[아카이브 정책연구보고서] 시네마테크 프랑세즈의 운영과 정책에 대한 연구,,,2018.01.12,첨부파일,미부착,,개방 가능,공공누리 1유형,,,O,,,,,업무상 저작물(보고서),
2241,한국영상자료원,HOME > 기관소개 > 기관소식 > 공지사항,공지사항,"기관소식｜한국영상자료원 소식, 더욱 빠르게 만나기! ‘메시지 수신 동의’에 체크하시고 선물 받아가세요~",,,2018.01.20,,1유형,,개방 가능,공공누리 1유형,,,O,,,,,업무상 저작물,
2242,한국영상자료원,HOME > 기관소개 > 기관소식 > 공지사항,공지사항,기관소식｜[아카이브 정책연구보고서] BFI의 영화교육 프로그램,,,2018.01.20,첨부파일,미부착,,개방 가능,공공누리 1유형,,,O,,,,,업무상 저작물(보고서),
2243,한국영상자료원,HOME > 기관소개 > 기관소식 > 공지사항,공지사항,기관소식｜[이벤트 발표] 메시지 수신 동의 이벤트 당첨자를 발표합니다,,,2018.01.29,,미부착,,개방 가능,공공누리 1유형,,,O,,,,,단순 정보,
2244,한국영상자료원,HOME > 기관소개 > 기관소식 > 공지사항,공지사항,기관소식｜2월 10일 <불한당: 나쁜 놈들의 세상> GV 관련해서 알려드립니다,,,2018.01.29,,미부착,,개방 가능,공공누리 1유형,,,O,,,,,단순 정보,
2245,한국영상자료원,HOME > 기관소개 > 기관소식 > 공지사항,공지사항,박물관｜[휴관안내] 한국영화박물관 2월 휴관일 및 설 연휴 휴관 안내입니다.,,,2018.01.31,,미부착,,개방 가능,공공누리 1유형,,,O,,,,,단순 정보,
2246,한국영상자료원,HOME > 기관소개 > 기관소식 > 공지사항,공지사항,KOFA｜[이벤트] 시네마테크KOFA와 카페1895,,,2018.02.01,,미부착,,개방 가능,공공누리 1유형,,,O,,,,,단순 정보,
2247,한국영상자료원,HOME > 기관소개 > 기관소식 > 공지사항,공지사항,KOFA｜[휴관안내] 시네마테크KOFA 2월,,,2018.02.01,,미부착,,개방 가능,공공누리 1유형,,,O,,,,,단순 정보,
2248,한국영상자료원,HOME > 기관소개 > 기관소식 > 공지사항,공지사항,도서관｜[휴관안내] 영상도서관 2월 휴관일입니다,,,2018.02.03,,미부착,,개방 가능,공공누리 1유형,,,O,,,,,단순 정보,
2249,한국영상자료원,HOME > 기관소개 > 기관소식 > 공지사항,공지사항,KOFA｜<불한당: 나쁜 놈들의 세상 GV> 온라인 예매 매진 알려드립니다.,,,2018.02.06,,미부착,,개방 가능,공공누리 1유형,,,O,,,,,단순 정보,
2250,한국영상자료원,HOME > 기관소개 > 기관소식 > 공지사항,공지사항,KOFA｜<불한당: 나쁜 놈들의 세상> GV 예매 관련 공지입니다,,,2018.02.06,첨부파일,미부착,,개방 가능,공공누리 1유형,,,O,,,,,단순 정보,
2251,한국영상자료원,HOME > 기관소개 > 기관소식 > 공지사항,공지사항,KOFA｜2018-02-10-토 15시 <불한당: 나쁜 놈들의 세상 GV> 현장예매 및 당일 운영 원칙 관련 공지,,,2018.02.08,첨부파일,미부착,,개방 가능,공공누리 1유형,,,O,,,,,단순 정보,
2252,한국영상자료원,HOME > 기관소개 > 기관소식 > 공지사항,공지사항,도서관｜[휴관안내] 영상도서관 설 연휴 휴관 안내입니다(상암),,,2018.02.09,,미부착,,개방 가능,공공누리 1유형,,,O,,,,,단순 정보,
2253,한국영상자료원,HOME > 기관소개 > 기관소식 > 공지사항,공지사항,KOFA｜시네마테크KOFA 온라인/현장 예매 관련 공지드립니다.,,,2018.02.12,,미부착,,개방 가능,공공누리 1유형,,,O,,,,,단순 정보,
2254,한국영상자료원,HOME > 기관소개 > 기관소식 > 공지사항,공지사항,기관소식｜[이벤트 발표] 「영화천국」 60호 특집 관련 독자 앙케이트 당첨자 공지,,,2018.02.14,,미부착,,개방 가능,공공누리 1유형,,,O,,,,,단순 정보,
2255,한국영상자료원,HOME > 기관소개 > 기관소식 > 공지사항,공지사항,도서관｜[신착자료_상암] 2월 영상도서관 DVD/블루레이 신착자료 안내입니다.,,,2018.02.21,,미부착,,개방 가능,공공누리 1유형,,,O,,,,,단순 정보,
2256,한국영상자료원,HOME > 기관소개 > 기관소식 > 공지사항,공지사항,도서관｜[운영시간안내] 2월 28일은 '문화가 있는 수요일'로 운영시간이 조정됩니다.,,,2018.02.25,,미부착,,개방 가능,공공누리 1유형,,,O,,,,,단순 정보,
2257,한국영상자료원,HOME > 기관소개 > 기관소식 > 공지사항,공지사항,도서관｜[휴관안내_상암] 영상도서관 3월 휴관일 및 이용시간 안내입니다,,,2018.02.25,,미부착,,개방 가능,공공누리 1유형,,,O,,,,,단순 정보,
2258,한국영상자료원,HOME > 기관소개 > 기관소식 > 공지사항,공지사항,"기관소식｜[이벤트] KMDb X 에이핑크, 아스트로 _ 은지+초롱의 <서편제>, 타임코드를 찾아라!",,,2018.02.26,,4유형,,개방 가능,공공누리 2~4유형,,,,,,O,,인터뷰 2인 사진,
2259,한국영상자료원,HOME > 기관소개 > 기관소식 > 공지사항,공지사항,KOFA｜<용서받지 못한 자> 상영 관련 공지드립니다.,,,2018.02.27,,미부착,,개방 가능,공공누리 1유형,,,O,,,,,단순 정보,
2260,한국영상자료원,HOME > 기관소개 > 기관소식 > 공지사항,공지사항,박물관｜[휴관안내] 한국영화박물관 3월 휴관일 및 공휴일 운영시간 안내입니다.,,,2018.03.01,,미부착,,개방 가능,공공누리 1유형,,,O,,,,,단순 정보,
2261,한국영상자료원,HOME > 기관소개 > 기관소식 > 공지사항,공지사항,KOFA｜<용서받지 못한 자> 3/7 상영 및 추가상영 관련 공지,,,2018.03.02,,미부착,,개방 가능,공공누리 1유형,,,O,,,,,단순 정보,
2262,한국영상자료원,HOME > 기관소개 > 기관소식 > 공지사항,공지사항,"기관소식｜[이벤트 발표] KMDb X 에이핑크, 아스트로 _ 은지+초롱의 <서편제>, 타임코드를 찾아라!",,,2018.03.07,,1유형,,개방 가능,공공누리 1유형,,,O,,,,,단순 정보,
2263,한국영상자료원,HOME > 기관소개 > 기관소식 > 공지사항,공지사항,KOFA｜2018-03-18-일 14시 <불한당: 나쁜 놈들의 세상> GV 예매 공지,,,2018.03.09,,미부착,,개방 가능,공공누리 1유형,,,O,,,,,단순 정보,
2264,한국영상자료원,HOME > 기관소개 > 기관소식 > 공지사항,공지사항,기관소식｜[마감]<김기영 전작전> “시네토크: 우리 시대의 김기영” 참가 신청 안내,,,2018.03.14,,미부착,,개방 가능,공공누리 1유형,,,O,,,,,업무상 저작물,
2265,한국영상자료원,HOME > 기관소개 > 기관소식 > 공지사항,공지사항,KOFA｜2018-03-18-일 14시 <불한당: 나쁜 놈들의 세상 GV> 예매 관련 공지,,,2018.03.14,첨부파일,미부착,,개방 가능,공공누리 1유형,,,O,,,,,단순 정보,
2266,한국영상자료원,HOME > 기관소개 > 기관소식 > 공지사항,공지사항,기관소식｜(이벤트 종료) KMDb X 아스트로: 라키+산하의 <고교얄개> 영상 퀴즈!,,,2018.03.19,,1유형,,개방 가능,공공누리 1유형,,,O,,,,,단순 정보,
2267,한국영상자료원,HOME > 기관소개 > 기관소식 > 공지사항,공지사항,기관소식｜한국영상자료원 영상자료 구입공고,,,2018.03.23,첨부파일,미부착,,개방 가능,공공누리 2~4유형,,,,,O,,,그래픽 포스터,
2268,한국영상자료원,HOME > 기관소개 > 기관소식 > 공지사항,공지사항,KOFA｜[추가 모집] <김기영 전작전> “시네토크: 우리 시대의 김기영” 참가 신청 안내,,,2018.03.23,,미부착,,개방 가능,공공누리 1유형,,,O,,,,,단순 정보,
2269,한국영상자료원,HOME > 기관소개 > 기관소식 > 공지사항,공지사항,도서관｜[운영시간안내] 3월 28일은 '문화가 있는 수요일'로 운영시간이 조정됩니다.,,,2018.03.26,,미부착,,개방 가능,공공누리 1유형,,,O,,,,,단순 정보,
2270,한국영상자료원,HOME > 기관소개 > 기관소식 > 공지사항,공지사항,도서관｜[상암] 영상도서관 신착자료입니다,,,2018.04.12,,미부착,,개방 가능,공공누리 1유형,,,O,,,,,단순 정보,
2271,한국영상자료원,HOME > 기관소개 > 기관소식 > 공지사항,공지사항,박물관｜2018 <영화약국 마음처방전> 참여자 모집 기간 연장,,,2018.04.18,,미부착,,개방 가능,공공누리 1유형,,,O,,,,,단순 정보,
2272,한국영상자료원,HOME > 기관소개 > 기관소식 > 공지사항,공지사항,도서관｜[휴관안내] 상암 영상도서관 5월 휴관 안내입니다.,,,2018.04.20,,미부착,,개방 가능,공공누리 1유형,,,O,,,,,단순 정보,
2273,한국영상자료원,HOME > 기관소개 > 기관소식 > 공지사항,공지사항,KOFA｜[휴관안내] 시네마테크KOFA 5월,,,2018.04.24,,미부착,,개방 가능,공공누리 1유형,,,O,,,,,단순 정보,
2274,한국영상자료원,HOME > 기관소개 > 기관소식 > 공지사항,공지사항,박물관｜한국영화박물관 5월 휴관일 및 운영시간 변경 안내,,,2018.04.24,,미부착,,개방 가능,공공누리 1유형,,,O,,,,,단순 정보,
2275,한국영상자료원,HOME > 기관소개 > 기관소식 > 공지사항,공지사항,KOFA｜[이벤트] 시네마테크KOFA의 영화 정원,,,2018.04.24,,미부착,,개방 가능,공공누리 1유형,,,O,,,,,단순 정보,
2276,한국영상자료원,HOME > 기관소개 > 기관소식 > 공지사항,공지사항,박물관｜2018 <영화약국 마음처방전> 참여자 발표,,,2018.04.24,,미부착,,개방 가능,공공누리 1유형,,,O,,,,,단순 정보,
2277,한국영상자료원,HOME > 기관소개 > 기관소식 > 공지사항,공지사항,KOFA｜시네마테크KOFA 온라인 예매 취소 안내,,,2018.05.03,,미부착,,개방 가능,공공누리 1유형,,,O,,,,,단순 정보,
2278,한국영상자료원,HOME > 기관소개 > 기관소식 > 공지사항,공지사항,기관소식｜모바일 회원증 서비스,,,2018.05.04,,1유형,,개방 가능,공공누리 1유형,,,O,,,,,업무상 저작물,
2279,한국영상자료원,HOME > 기관소개 > 기관소식 > 공지사항,공지사항,기관소식｜(신청 마감) 격월간지 <영화천국> 발간 10주년 기념 _ <영화천국> 데이!,,,2018.05.09,,1유형,,개방 가능,공공누리 2~4유형,,,,,,O,,수강자 초상권 포함 사진,
2280,한국영상자료원,HOME > 기관소개 > 기관소식 > 공지사항,공지사항,도서관｜[상암] 영상도서관 신착자료입니다,,,2018.05.10,,미부착,,개방 가능,공공누리 1유형,,,O,,,,,단순 정보,
2281,한국영상자료원,HOME > 기관소개 > 기관소식 > 공지사항,공지사항,박물관｜한국영화박물관 기존 기획전시 종료 및 신규 기획전시 안내,,,2018.05.10,,미부착,,개방 가능,공공누리 1유형,,,O,,,,,단순 정보,
2282,한국영상자료원,HOME > 기관소개 > 기관소식 > 공지사항,공지사항,도서관｜[상암]영상도서관 임시휴관합니다,,,2018.05.11,,미부착,,개방 가능,공공누리 1유형,,,O,,,,,단순 정보,
2283,한국영상자료원,HOME > 기관소개 > 기관소식 > 공지사항,공지사항,도서관｜[휴관안내] 상암영상도서관 지방선거일(6/13) 휴관합니다,,,2018.05.17,,미부착,,개방 가능,공공누리 1유형,,,O,,,,,단순 정보,
2284,한국영상자료원,HOME > 기관소개 > 기관소식 > 공지사항,공지사항,KOFA｜[휴관안내] 시네마테크KOFA 6월,,,2018.05.24,,미부착,,개방 가능,공공누리 1유형,,,O,,,,,단순 정보,
2285,한국영상자료원,HOME > 기관소개 > 기관소식 > 공지사항,공지사항,기관소식｜6월 13일 지방선거일 휴관 안내,,,2018.05.25,,미부착,,개방 가능,공공누리 1유형,,,O,,,,,단순 정보,
2286,한국영상자료원,HOME > 기관소개 > 기관소식 > 공지사항,공지사항,도서관｜[상암] 영상도서관 신착자료입니다,,,2018.06.01,,미부착,,개방 가능,공공누리 1유형,,,O,,,,,단순 정보,
2287,한국영상자료원,HOME > 기관소개 > 기관소식 > 공지사항,공지사항,박물관｜한국영화박물관 6월 휴관일 및 운영시간 변경 안내,,,2018.06.01,,미부착,,개방 가능,공공누리 1유형,,,O,,,,,단순 정보,
2288,한국영상자료원,HOME > 기관소개 > 기관소식 > 공지사항,공지사항,도서관｜[휴관안내] 상암 영상도서관 6월 휴관 안내입니다.,,,2018.06.03,,미부착,,개방 가능,공공누리 1유형,,,O,,,,,단순 정보,
2289,한국영상자료원,HOME > 기관소개 > 기관소식 > 공지사항,공지사항,기관소식｜[당첨자 발표] 한국영상자료원 소식을 더욱 가깝게 만나는 방법!,,,2018.06.11,,1유형,,개방 가능,공공누리 1유형,,,O,,,,,단순 정보,
2290,한국영상자료원,HOME > 기관소개 > 기관소식 > 공지사항,공지사항,도서관｜[상암]영상도서관 7월 휴관 안내입니다.,,,2018.06.26,,미부착,,개방 가능,공공누리 1유형,,,O,,,,,단순 정보,
2291,한국영상자료원,HOME > 기관소개 > 기관소식 > 공지사항,공지사항,도서관｜[상암] 영상도서관 신착자료입니다,,,2018.06.27,,미부착,,개방 가능,공공누리 1유형,,,O,,,,,단순 정보,
2292,한국영상자료원,HOME > 기관소개 > 기관소식 > 공지사항,공지사항,기관소식｜한국영상자료원 제1기 CS 고객 자문단 모집 공고,,,2018.07.06,,미부착,,개방 가능,공공누리 1유형,,,O,,,,,업무상 저작물,
2293,한국영상자료원,HOME > 기관소개 > 기관소식 > 공지사항,공지사항,KOFA｜회원증 퀵버튼 설치,,,2018.07.17,,미부착,,개방 가능,공공누리 2~4유형,,,,,O,,,영화 스틸컷 1장,
2294,한국영상자료원,HOME > 기관소개 > 기관소식 > 공지사항,공지사항,기관소식｜제1기 CS 고객자문단 발표,,,2018.07.25,,미부착,,개방 가능,공공누리 1유형,,,O,,,,,단순 정보,
2295,한국영상자료원,HOME > 기관소개 > 기관소식 > 공지사항,공지사항,박물관｜한국영화박물관 용가리 굿즈 이벤트!,,,2018.07.26,,미부착,,개방 가능,공공누리 1유형,,,O,,,,,업무상 저작물,
2296,한국영상자료원,HOME > 기관소개 > 기관소식 > 공지사항,공지사항,박물관｜한국영화박물관 입장 방법 변경 안내(무료 티켓 발권 후 입장),,,2018.07.27,,미부착,,개방 가능,공공누리 1유형,,,O,,,,,업무상 저작물,
2297,한국영상자료원,HOME > 기관소개 > 기관소식 > 공지사항,공지사항,기관소식｜FIAF 카탈로깅 매뉴얼,,,2018.07.27,첨부파일,2유형,,개방 가능,공공누리 1유형,,,O,,,,,업무상 저작물(매뉴얼),
2298,한국영상자료원,HOME > 기관소개 > 기관소식 > 공지사항,공지사항,도서관｜[상암] 영상도서관 8월 휴관 안내입니다.,,,2018.07.28,,미부착,,개방 가능,공공누리 1유형,,,O,,,,,단순 정보,
2299,한국영상자료원,HOME > 기관소개 > 기관소식 > 공지사항,공지사항,박물관｜한국영화박물관 8월 휴관일 및 운영시간 변경 안내,,,2018.08.04,,미부착,,개방 가능,공공누리 1유형,,,O,,,,,단순 정보,
2300,한국영상자료원,HOME > 기관소개 > 기관소식 > 공지사항,공지사항,도서관｜[신착자료_상암] 영상도서관 DVD/블루레이 신착자료 안내입니다.,,,2018.08.05,,미부착,,개방 가능,공공누리 1유형,,,O,,,,,단순 정보,
2301,한국영상자료원,HOME > 기관소개 > 기관소식 > 공지사항,공지사항,KOFA｜시네마테크KOFA 2018-08-10(금)온라인 예매관련 공지드립니다.,,,2018.08.05,,미부착,,개방 가능,공공누리 1유형,,,O,,,,,단순 정보,
2302,한국영상자료원,HOME > 기관소개 > 기관소식 > 공지사항,공지사항,KOFA｜2018-08-10-금 16시 30분 & 19시 30분 예매 재오픈 공지,,,2018.08.07,,미부착,,개방 가능,공공누리 1유형,,,O,,,,,단순 정보,
2303,한국영상자료원,HOME > 기관소개 > 기관소식 > 공지사항,공지사항,KOFA｜8/11(토) 19시 <사탄의 인형> 상영 포맷 변경,,,2018.08.07,,미부착,,개방 가능,공공누리 1유형,,,O,,,,,단순 정보,
2304,한국영상자료원,HOME > 기관소개 > 기관소식 > 공지사항,공지사항,박물관｜2018 <두근두근 영화제작소> 참여자 발표,,,2018.08.07,,미부착,,개방 가능,공공누리 1유형,,,O,,,,,단순 정보,
2305,한국영상자료원,HOME > 기관소개 > 기관소식 > 공지사항,공지사항,기관소식｜KMDb 만족도 조사 실시,,,2018.08.10,,미부착,,개방 가능,공공누리 1유형,,,O,,,,,업무상 저작물,
2306,한국영상자료원,HOME > 기관소개 > 기관소식 > 공지사항,공지사항,기관소식｜[당첨자발표] KMDb 만족도 조사,,,2018.08.17,,미부착,,개방 가능,공공누리 1유형,,,O,,,,,단순 정보,
2307,한국영상자료원,HOME > 기관소개 > 기관소식 > 공지사항,공지사항,도서관｜[상암]영상도서관 임시 휴관 안내입니다(8월 28일~8월 29일),,,2018.08.21,,미부착,,개방 가능,공공누리 1유형,,,O,,,,,단순 정보,
2308,한국영상자료원,HOME > 기관소개 > 기관소식 > 공지사항,공지사항,"KOFA｜<흥해랏, 그녀들!: 배우 이민지, 이상희, 이주영 특별전> 상영작 관련",,,2018.08.21,,미부착,,개방 가능,공공누리 1유형,,,O,,,,,단순 정보,
2309,한국영상자료원,HOME > 기관소개 > 기관소식 > 공지사항,공지사항,도서관｜[신착자료_상암] 영상도서관 DVD/블루레이 신착자료 안내입니다.,,,2018.08.22,,미부착,,개방 가능,공공누리 1유형,,,O,,,,,단순 정보,
2310,한국영상자료원,HOME > 기관소개 > 기관소식 > 공지사항,공지사항,기관소식｜한국영상자료원 혁신 계획,,,2018.08.29,첨부파일,미부착,,개방 가능,공공누리 1유형,,,O,,,,,업무상 저작물,
2311,한국영상자료원,HOME > 기관소개 > 기관소식 > 공지사항,공지사항,도서관｜[상암] 영상도서관 9월 휴관 안내입니다.,,,2018.09.01,,미부착,,개방 가능,공공누리 1유형,,,O,,,,,단순 정보,
2312,한국영상자료원,HOME > 기관소개 > 기관소식 > 공지사항,공지사항,박물관｜한국영화박물관 9월 휴관일 안내,,,2018.09.04,,미부착,,개방 가능,공공누리 1유형,,,O,,,,,단순 정보,
2313,한국영상자료원,HOME > 기관소개 > 기관소식 > 공지사항,공지사항,기관소식｜한국영상자료원 원장 공개모집 공고,,,2018.09.05,첨부파일,미부착,,개방 가능,공공누리 1유형,,,O,,,,,업무상 저작물,
2314,한국영상자료원,HOME > 기관소개 > 기관소식 > 공지사항,공지사항,"기관소식｜9월 시네마테크KOFA, 영상도서관, 한국영화박물관 휴관일 안내",,,2018.09.05,,미부착,,개방 가능,공공누리 1유형,,,O,,,,,단순 정보,
2315,한국영상자료원,HOME > 기관소개 > 기관소식 > 공지사항,공지사항,KOFA｜[상영작 변경 안내] <우리동네 락스타> → <지상의 별처럼>,,,2018.09.10,,미부착,,개방 가능,공공누리 1유형,,,O,,,,,단순 정보,
2316,한국영상자료원,HOME > 기관소개 > 기관소식 > 공지사항,공지사항,KOFA｜카페1895 머그컵이 제작되었습니다,,,2018.09.11,,미부착,,개방 가능,공공누리 1유형,,,O,,,,,업무상 저작물,
2317,한국영상자료원,HOME > 기관소개 > 기관소식 > 공지사항,공지사항,박물관｜한국영화박물관 기존 기획전시 종료 및 신규 기획전시 안내,,,2018.09.12,,미부착,,개방 가능,공공누리 1유형,,,O,,,,,단순 정보,
2318,한국영상자료원,HOME > 기관소개 > 기관소식 > 공지사항,공지사항,KOFA｜시네마테크KOFA 티켓박스 오픈 시각 변경,,,2018.09.19,,미부착,,개방 가능,공공누리 1유형,,,O,,,,,단순 정보,
2319,한국영상자료원,HOME > 기관소개 > 기관소식 > 공지사항,공지사항,도서관｜[신착자료_상암] 영상도서관 DVD/블루레이 신착자료 안내입니다.,,,2018.09.21,,미부착,,개방 가능,공공누리 1유형,,,O,,,,,단순 정보,
2320,한국영상자료원,HOME > 기관소개 > 기관소식 > 공지사항,공지사항,도서관｜[상암] 영상도서관 10월 휴관 안내입니다.,,,2018.09.30,,미부착,,개방 가능,공공누리 1유형,,,O,,,,,단순 정보,
2321,한국영상자료원,HOME > 기관소개 > 기관소식 > 공지사항,공지사항,도서관｜[신착자료_상암] 영상도서관 DVD/블루레이 신착자료 안내입니다.,,,2018.10.21,,미부착,,개방 가능,공공누리 1유형,,,O,,,,,단순 정보,
2322,한국영상자료원,HOME > 기관소개 > 기관소식 > 공지사항,공지사항,"기관소식｜[국제심포지엄] 이데올로기와 흥행 사이 - 식민지/제국의 영화관, 영화문화",,,2018.10.23,,1유형,,개방 가능,공공누리 1유형,,,O,,,,,업무상 저작물,
2323,한국영상자료원,HOME > 기관소개 > 기관소식 > 공지사항,공지사항,기관소식｜[야외전시] ‘영화의 날’ 기념행사 ‘활동사진을 허(許)하라’,,,2018.10.24,,미부착,,개방 가능,공공누리 1유형,,,O,,,,,업무상 저작물,
2324,한국영상자료원,HOME > 기관소개 > 기관소식 > 공지사항,공지사항,기관소식｜2018년 KMDb VOD 이벤트: 제10회 ‘도전! 나도 프로그래머’,,,2018.10.29,,1유형,,개방 가능,공공누리 2~4유형,,,,,O,,,영화 스틸컷 2장,
2325,한국영상자료원,HOME > 기관소개 > 기관소식 > 공지사항,공지사항,도서관｜[상암] 영상도서관 11월 휴관 안내입니다.,,,2018.10.31,,미부착,,개방 가능,공공누리 1유형,,,O,,,,,단순 정보,
2326,한국영상자료원,HOME > 기관소개 > 기관소식 > 공지사항,공지사항,기관소식｜홈페이지 서비스 중단 안내(11월 24일(토) 오전 05:30 - 10:00),,,2018.11.08,,미부착,,개방 가능,공공누리 1유형,,,O,,,,,단순 정보,
2327,한국영상자료원,HOME > 기관소개 > 기관소식 > 공지사항,공지사항,도서관｜[상암]영상도서관 내 작은 전시를 만나보세요,,,2018.11.13,,미부착,,개방 가능,공공누리 1유형,,,O,,,,,업무상 저작물,
2328,한국영상자료원,HOME > 기관소개 > 기관소식 > 공지사항,공지사항,도서관｜[상암]영상도서관 VHS 열람 제한 안내입니다,,,2018.11.14,,미부착,,개방 가능,공공누리 1유형,,,O,,,,,단순 정보,
2329,한국영상자료원,HOME > 기관소개 > 기관소식 > 공지사항,공지사항,기관소식｜격월간지 '영화천국' 독자만족도 조사 실시 (~11.23.),,,2018.11.19,,미부착,,개방 가능,공공누리 1유형,,,O,,,,,단순 정보,
2330,한국영상자료원,HOME > 기관소개 > 기관소식 > 공지사항,공지사항,기관소식｜[당첨자 발표] 한국영화박물관 SNS 이벤트 '요것의 이름은?',,,2018.11.23,,미부착,,개방 가능,공공누리 1유형,,,O,,,,,단순 정보,
2331,한국영상자료원,HOME > 기관소개 > 기관소식 > 공지사항,공지사항,도서관｜[신착자료_상암] 영상도서관 DVD/블루레이 신착자료 안내입니다.,,,2018.11.25,,미부착,,개방 가능,공공누리 1유형,,,O,,,,,단순 정보,
2332,한국영상자료원,HOME > 기관소개 > 기관소식 > 공지사항,공지사항,기관소식｜[당첨자 발표] 격월간지 '영화천국' 독자만족도 조사 이벤트 당첨자 발표,,,2018.11.27,,미부착,,개방 가능,공공누리 1유형,,,O,,,,,단순 정보,
2333,한국영상자료원,HOME > 기관소개 > 기관소식 > 공지사항,공지사항,도서관｜[상암] 영상도서관 12월 휴관일 안내,,,2018.11.30,,미부착,,개방 가능,공공누리 1유형,,,O,,,,,단순 정보,
2334,한국영상자료원,HOME > 기관소개 > 기관소식 > 공지사항,공지사항,KOFA｜[이벤트] 시네마테크KOFA 굿즈 연말정산 이벤트,,,2018.11.30,,미부착,,개방 가능,공공누리 1유형,,,O,,,,,단순 정보,
2335,한국영상자료원,HOME > 기관소개 > 기관소식 > 공지사항,공지사항,박물관｜한국영화박물관 기존 기획전시 종료 및 신규 기획전시 안내,,,2018.12.04,,미부착,,개방 가능,공공누리 1유형,,,O,,,,,단순 정보,
2336,한국영상자료원,HOME > 기관소개 > 기관소식 > 공지사항,공지사항,KOFA｜[휴관안내] 시네마테크KOFA 12월,,,2018.12.04,,미부착,,개방 가능,공공누리 1유형,,,O,,,,,단순 정보,
2337,한국영상자료원,HOME > 기관소개 > 기관소식 > 공지사항,공지사항,기관소식｜[당선자 발표] 제10회 도전! 나도 프로그래머,,,2018.12.10,,미부착,,개방 가능,공공누리 1유형,,,O,,,,,단순 정보,
2338,한국영상자료원,HOME > 기관소개 > 기관소식 > 공지사항,공지사항,기관소식｜2018년 기관홈페이지 만족도 조사(12.12.(수) ~ 12.16.(일)),,,2018.12.12,,미부착,,개방 가능,공공누리 2~4유형,,,,,O,,,그래픽 포스터,
2339,한국영상자료원,HOME > 기관소개 > 기관소식 > 공지사항,공지사항,기관소식｜2018년 기관홈페이지 만족도조사 이벤트 당첨자 발표,,,2018.12.17,,미부착,,개방 가능,공공누리 1유형,,,O,,,,,단순 정보,
2340,한국영상자료원,HOME > 기관소개 > 기관소식 > 공지사항,공지사항,기관소식｜한국영상자료원 2019년 탁상달력 이벤트,,,2018.12.21,,미부착,,개방 가능,공공누리 1유형,,,O,,,,,단순 정보,
2341,한국영상자료원,HOME > 기관소개 > 기관소식 > 공지사항,공지사항,도서관｜[신착자료_상암] 영상도서관 DVD/블루레이 신착자료 안내,,,2018.12.25,,미부착,,개방 가능,공공누리 1유형,,,O,,,,,단순 정보,
2342,한국영상자료원,HOME > 기관소개 > 기관소식 > 공지사항,공지사항,"KOFA｜<쓰리 빌보드>, <통행증> 추가 상영 안내",,,2018.12.27,,미부착,,개방 가능,공공누리 1유형,,,O,,,,,단순 정보,
2343,한국영상자료원,HOME > 기관소개 > 기관소식 > 공지사항,공지사항,기관소식｜2018.12.26.(수) 상암 일대 정전에 대한 공지,,,2018.12.27,,미부착,,개방 가능,공공누리 1유형,,,O,,,,,단순 정보,
2344,한국영상자료원,HOME > 기관소개 > 기관소식 > 공지사항,공지사항,도서관｜[상암] 영상도서관 1월 휴관일 안내,,,2018.12.29,,미부착,,개방 가능,공공누리 1유형,,,O,,,,,단순 정보,
2345,한국영상자료원,HOME > 기관소개 > 기관소식 > 공지사항,공지사항,KOFA｜시네마테크KOFA 노쇼 근절 정책 시행 및 관람 예절 캠페인 진행,,,2019.01.02,,미부착,,개방 가능,공공누리 1유형,,,O,,,,,단순 정보,
2346,한국영상자료원,HOME > 기관소개 > 기관소식 > 공지사항,공지사항,기관소식｜공공기관 고객만족도조사 관련 개인정보 제3자 제공사항 알림,,,2019.01.04,,미부착,,개방 가능,공공누리 1유형,,,O,,,,,단순 정보,
2347,한국영상자료원,HOME > 기관소개 > 기관소식 > 공지사항,공지사항,기관소식｜한국영상자료원 주차 시스템 변경 이용 안내,,,2019.01.10,,미부착,,개방 가능,공공누리 1유형,,,O,,,,,단순 정보,
2348,한국영상자료원,HOME > 기관소개 > 기관소식 > 공지사항,공지사항,기관소식｜[아카이브 정책연구보고서] 프랑스의 영화 도서관 - 시네마테크 프랑세즈 영화 도서관과 프랑수아 트뤼포 영화도서관을 중심으로,,,2019.01.10,첨부파일,미부착,,개방 가능,공공누리 1유형,,,O,,,,,업무상 저작물(보고서),
2349,한국영상자료원,HOME > 기관소개 > 기관소식 > 공지사항,공지사항,기관소식｜한국영상자료원 전 시설 휴무 안내 (1.18.(금)),,,2019.01.17,,1유형,,개방 가능,공공누리 1유형,,,O,,,,,단순 정보,
2350,한국영상자료원,HOME > 기관소개 > 기관소식 > 공지사항,공지사항,기관소식｜한국영상자료원 대민시설 설 연휴 휴무 안내,,,2019.01.21,,미부착,,개방 가능,공공누리 1유형,,,O,,,,,단순 정보,
2351,한국영상자료원,HOME > 기관소개 > 기관소식 > 공지사항,공지사항,도서관｜[상암] 영상도서관 신착자료(블루레이) 안내,,,2019.01.23,,미부착,,개방 가능,공공누리 1유형,,,O,,,,,단순 정보,
2352,한국영상자료원,HOME > 기관소개 > 기관소식 > 공지사항,공지사항,KOFA｜온라인 및 현장 예매 좌석 구분 변경,,,2019.01.24,,미부착,,개방 가능,공공누리 1유형,,,O,,,,,단순 정보,
2353,한국영상자료원,HOME > 기관소개 > 기관소식 > 공지사항,공지사항,기관소식｜한국영상자료원 영상자료 구입공고,,,2019.02.03,첨부파일,미부착,,개방 가능,공공누리 1유형,,,O,,,,,업무상 저작물,
2354,한국영상자료원,HOME > 기관소개 > 기관소식 > 공지사항,공지사항,KOFA｜2월 16일 상영작 <공작GV> <버닝GV> 현장예매 및 당일 운영 원칙 안내,,,2019.02.13,,미부착,,개방 가능,공공누리 1유형,,,O,,,,,단순 정보,
2355,한국영상자료원,HOME > 기관소개 > 기관소식 > 공지사항,공지사항,도서관｜[상암] 영상도서관 신착자료(DVD/블루레이) 안내,,,2019.02.14,,미부착,,개방 가능,공공누리 1유형,,,O,,,,,단순 정보,
2356,한국영상자료원,HOME > 기관소개 > 기관소식 > 공지사항,공지사항,도서관｜[상암] 영상도서관 3월 1일(금)~11일(월) 휴관 안내,,,2019.02.22,,미부착,,개방 가능,공공누리 1유형,,,O,,,,,단순 정보,
2357,한국영상자료원,HOME > 기관소개 > 기관소식 > 공지사항,공지사항,기관소식｜[보도자료] 영화 상영 프로그램 「3.1운동 100주년 기념전」 개최,,,2019.02.25,첨부파일,1유형,,개방 가능,공공누리 1유형,,,O,,,,,보도자료,
2358,한국영상자료원,HOME > 기관소개 > 기관소식 > 공지사항,공지사항,기관소식｜한국영상자료원 2019년도 CS 고객 자문단 (추가) 모집 공고,,,2019.02.26,첨부파일,미부착,,개방 가능,공공누리 1유형,,,O,,,,,업무상 저작물,
2359,한국영상자료원,HOME > 기관소개 > 기관소식 > 공지사항,공지사항,KOFA｜3월 1일 상영작 <말모이> 당일 현장예매 및 운영 원칙 안내,,,2019.02.27,,미부착,,개방 가능,공공누리 1유형,,,O,,,,,단순 정보,
2360,한국영상자료원,HOME > 기관소개 > 기관소식 > 공지사항,공지사항,기관소식｜[시네마 플리마켓] 듀나 '민트의 세계' 북토크 안내,,,2019.02.28,,1유형,,개방 가능,공공누리 1유형,,,O,,,,,업무상 저작물,
2361,한국영상자료원,HOME > 기관소개 > 기관소식 > 공지사항,공지사항,기관소식｜[시네마 플리마켓] 시네마 플리마켓 행사 안내,,,2019.03.01,,미부착,,개방 가능,공공누리 1유형,,,O,,,,,업무상 저작물,
2362,한국영상자료원,HOME > 기관소개 > 기관소식 > 공지사항,공지사항,KOFA｜3월 5일 <할매꽃> 상영 안내,,,2019.03.04,,미부착,,개방 가능,공공누리 1유형,,,O,,,,,단순 정보,
2363,한국영상자료원,HOME > 기관소개 > 기관소식 > 공지사항,공지사항,KOFA｜[휴관안내] 3월 14일~21일 시설 점검 및 극장 청결 작업,,,2019.03.06,,미부착,,개방 가능,공공누리 1유형,,,O,,,,,단순 정보,
2364,한국영상자료원,HOME > 기관소개 > 기관소식 > 공지사항,공지사항,기관소식｜한국영상자료원 2019년도 CS 고객 자문단 발표,,,2019.03.07,,미부착,,개방 가능,공공누리 1유형,,,O,,,,,단순 정보,
2365,한국영상자료원,HOME > 기관소개 > 기관소식 > 공지사항,공지사항,기관소식｜<민트의 세계> 북토크 당첨자 안내,,,2019.03.08,,1유형,,개방 가능,공공누리 1유형,,,O,,,,,단순 정보,
2366,한국영상자료원,HOME > 기관소개 > 기관소식 > 공지사항,공지사항,기관소식｜[영화천국] 그동안 '영화천국'을 사랑해 주셔서 감사합니다.,,,2019.03.12,,미부착,,개방 가능,공공누리 1유형,,,O,,,,,단순 정보,
2367,한국영상자료원,HOME > 기관소개 > 기관소식 > 공지사항,공지사항,"기관소식｜한국영상자료원, 미군정기 점령지 영화정책 문서 131건 서비스",,,2019.03.19,,1유형,,개방 가능,공공누리 1유형,,,O,,,,,업무상 저작물,
2368,한국영상자료원,HOME > 기관소개 > 기관소식 > 공지사항,공지사항,KOFA｜3월 24일 <키친> 현장예매 및 당일 운영원칙,,,2019.03.22,,미부착,,개방 가능,공공누리 1유형,,,O,,,,,단순 정보,
2369,한국영상자료원,HOME > 기관소개 > 기관소식 > 공지사항,공지사항,KOFA｜3월 30일 (토) 14:00 <막다른 골목의 추억 GV> 당일 현장예매 및 운영 원칙,,,2019.03.29,,미부착,,개방 가능,공공누리 1유형,,,O,,,,,단순 정보,
2370,한국영상자료원,HOME > 기관소개 > 기관소식 > 공지사항,공지사항,기관소식｜홈페이지 서비스 중단 안내(2019. 04. 01(월) 19:00 - 04. 02(화),,,2019.04.01,,미부착,,개방 가능,공공누리 1유형,,,O,,,,,단순 정보,
2371,한국영상자료원,HOME > 기관소개 > 기관소식 > 공지사항,공지사항,박물관｜2019년 <한국영화박물관 전시해설가(도슨트) 양성프로그램> 참가자 모집,,,2019.04.09,첨부파일,미부착,,개방 가능,공공누리 1유형,,,O,,,,,업무상 저작물,
2372,한국영상자료원,HOME > 기관소개 > 기관소식 > 공지사항,공지사항,기관소식｜한국영상자료원 소개 영상 이벤트 당첨자 공개,,,2019.04.11,,1유형,,개방 가능,공공누리 1유형,,,O,,,,,단순 정보,
2373,한국영상자료원,HOME > 기관소개 > 기관소식 > 공지사항,공지사항,KOFA｜<리틀 드러머 걸: 감독판> 예매 및 운영 안내,,,2019.04.16,,미부착,,개방 가능,공공누리 1유형,,,O,,,,,단순 정보,
2374,한국영상자료원,HOME > 기관소개 > 기관소식 > 공지사항,공지사항,기관소식｜한국영상자료원 2019년 국가안전대진단 안전점검 결과 공개,,,2019.04.23,첨부파일,미부착,,개방 가능,공공누리 1유형,,,O,,,,,업무상 저작물,
2375,한국영상자료원,HOME > 기관소개 > 기관소식 > 공지사항,공지사항,도서관｜[상암] 영상도서관 신착자료(DVD/블루레이) 안내,,,2019.04.25,,미부착,,개방 가능,공공누리 1유형,,,O,,,,,단순 정보,
2376,한국영상자료원,HOME > 기관소개 > 기관소식 > 공지사항,공지사항,기관소식｜[이벤트 당첨자 발표] 영화 <에이프릴의 딸> 시사회 초대권,,,2019.04.26,,미부착,,개방 가능,공공누리 1유형,,,O,,,,,단순 정보,
2377,한국영상자료원,HOME > 기관소개 > 기관소식 > 공지사항,공지사항,KOFA｜<리틀 드러머 걸: 감독판> 예매 안내,,,2019.04.30,,미부착,,개방 가능,공공누리 1유형,,,O,,,,,단순 정보,
2378,한국영상자료원,HOME > 기관소개 > 기관소식 > 공지사항,공지사항,박물관｜2019년 <한국영화박물관 신규 전시해설가(도슨트) 양성프로그램> 교육대상자 발표,,,2019.05.07,,미부착,,개방 가능,공공누리 1유형,,,O,,,,,단순 정보,
2379,한국영상자료원,HOME > 기관소개 > 기관소식 > 공지사항,공지사항,박물관｜2019 <영화약국 마음처방전> 교육대상자 발표,,,2019.05.14,,미부착,,개방 가능,공공누리 1유형,,,O,,,,,단순 정보,
2380,한국영상자료원,HOME > 기관소개 > 기관소식 > 공지사항,공지사항,박물관｜2019 <복원의 기술: KOFA 고전영화 복원 강좌> 교육대상자 발표,,,2019.05.15,,미부착,,개방 가능,공공누리 1유형,,,O,,,,,단순 정보,
2381,한국영상자료원,HOME > 기관소개 > 기관소식 > 공지사항,공지사항,기관소식｜2019년 을지태극연습 안내,,,2019.05.22,첨부파일,미부착,,개방 가능,공공누리 1유형,,,O,,,,,업무상 저작물,
2382,한국영상자료원,HOME > 기관소개 > 기관소식 > 공지사항,공지사항,기관소식｜[이벤트 당첨자 발표] 영화 <시민 노무현> 시사회 초대권,,,2019.05.23,,미부착,,개방 가능,공공누리 1유형,,,O,,,,,단순 정보,
2383,한국영상자료원,HOME > 기관소개 > 기관소식 > 공지사항,공지사항,기관소식｜[이벤트 당첨자 발표] 영화 <닥치고 피아노!> 시사회 초대권,,,2019.05.27,,미부착,,개방 가능,공공누리 1유형,,,O,,,,,단순 정보,
2384,한국영상자료원,HOME > 기관소개 > 기관소식 > 공지사항,공지사항,도서관｜[상암] 영상도서관 6월 휴관일 안내,,,2019.05.30,,미부착,,개방 가능,공공누리 1유형,,,O,,,,,단순 정보,
2385,한국영상자료원,HOME > 기관소개 > 기관소식 > 공지사항,공지사항,기관소식｜KOFA 정보 채널 설문조사 이벤트 당첨자 안내,,,2019.06.03,,미부착,,개방 가능,공공누리 1유형,,,O,,,,,단순 정보,
2386,한국영상자료원,HOME > 기관소개 > 기관소식 > 공지사항,공지사항,기관소식｜[MMCA 나잇 - 야외극장] 한국영상자료원과 함께하는 관객과의 대화,,,2019.06.12,,미부착,,개방 가능,공공누리 2~4유형,,,,,O,,,"도안, 그래픽 포스터",
2387,한국영상자료원,HOME > 기관소개 > 기관소식 > 공지사항,공지사항,KOFA｜[휴관안내] 6월 25일(화)~6월 30일(일),,,2019.06.13,,미부착,,개방 가능,공공누리 1유형,,,O,,,,,단순 정보,
2388,한국영상자료원,HOME > 기관소개 > 기관소식 > 공지사항,공지사항,도서관｜[상암] 영상도서관 신착자료(DVD/블루레이) 안내,,,2019.06.20,,미부착,,개방 가능,공공누리 1유형,,,O,,,,,단순 정보,
2389,한국영상자료원,HOME > 기관소개 > 기관소식 > 공지사항,공지사항,박물관｜2019년 한국영화박물관 신규 전시해설가(도슨트) 최종 선발자 발표,,,2019.06.26,,미부착,,개방 가능,공공누리 1유형,,,O,,,,,단순 정보,
2390,한국영상자료원,HOME > 기관소개 > 기관소식 > 공지사항,공지사항,도서관｜[상암] 영상도서관 7월 휴관일 안내,,,2019.06.27,,미부착,,개방 가능,공공누리 1유형,,,O,,,,,단순 정보,
2391,한국영상자료원,HOME > 기관소개 > 기관소식 > 공지사항,공지사항,박물관｜한국영화박물관 7월 휴관일 안내,,,2019.06.28,,미부착,,개방 가능,공공누리 1유형,,,O,,,,,단순 정보,
2392,한국영상자료원,HOME > 기관소개 > 기관소식 > 공지사항,공지사항,박물관｜한국영화박물관 기존 기획전시 종료 및 신규 기획전시 안내,,,2019.06.28,,미부착,,개방 가능,공공누리 1유형,,,O,,,,,단순 정보,
2393,한국영상자료원,HOME > 기관소개 > 기관소식 > 공지사항,공지사항,박물관｜<영화 글쓰기 키트: 영화 기자가 알려주는 글쓰기> 교육대상자 발표,,,2019.07.02,,미부착,,개방 가능,공공누리 1유형,,,O,,,,,단순 정보,
2394,한국영상자료원,HOME > 기관소개 > 기관소식 > 공지사항,공지사항,KOFA｜[상영작 변경] 고질라 → 신 고질라,,,2019.07.04,,미부착,,개방 가능,공공누리 1유형,,,O,,,,,단순 정보,
2395,한국영상자료원,HOME > 기관소개 > 기관소식 > 공지사항,공지사항,기관소식｜[상암] (차량 주말 주차 금지)서울산업진흥원 주차장 진입로 포장공사,,,2019.07.04,,미부착,,개방 가능,공공누리 1유형,,,O,,,,,단순 정보,
2396,한국영상자료원,HOME > 기관소개 > 기관소식 > 공지사항,공지사항,도서관｜[상암] 영상도서관 신착자료(DVD/블루레이) 안내,,,2019.07.07,,미부착,,개방 가능,공공누리 1유형,,,O,,,,,단순 정보,
2397,한국영상자료원,HOME > 기관소개 > 기관소식 > 공지사항,공지사항,"박물관｜《나쁜 여자, 이상한 여자, 죽이는 여자》 큐레이터 전시해설(7월18일) 교육생 발표",,,2019.07.16,,미부착,,개방 가능,공공누리 1유형,,,O,,,,,단순 정보,
2398,한국영상자료원,HOME > 기관소개 > 기관소식 > 공지사항,공지사항,KOFA｜7월 18일(목) 주차장 진입로 도색공사로 인한 부분폐쇄 안내,,,2019.07.17,,미부착,,개방 가능,공공누리 1유형,,,O,,,,,단순 정보,
2399,한국영상자료원,HOME > 기관소개 > 기관소식 > 공지사항,공지사항,"박물관｜《나쁜 여자, 이상한 여자, 죽이는 여자》 전문가 강연 합격자 발표",,,2019.07.17,,미부착,,개방 가능,공공누리 1유형,,,O,,,,,단순 정보,
2400,한국영상자료원,HOME > 기관소개 > 기관소식 > 공지사항,공지사항,도서관｜상암 영상도서관 영상 관람 서비스 일시 제한,,,2019.07.19,,미부착,,개방 가능,공공누리 1유형,,,O,,,,,단순 정보,
2401,한국영상자료원,HOME > 기관소개 > 기관소식 > 공지사항,공지사항,도서관｜[상암]영상도서관 7월 20일(토) 정상운영합니다,,,2019.07.20,,미부착,,개방 가능,공공누리 1유형,,,O,,,,,단순 정보,
2402,한국영상자료원,HOME > 기관소개 > 기관소식 > 공지사항,공지사항,KOFA｜8월 10일 14시 <마녀 GV> 예매 안내입니다.,,,2019.07.23,,미부착,,개방 가능,공공누리 1유형,,,O,,,,,단순 정보,
2403,한국영상자료원,HOME > 기관소개 > 기관소식 > 공지사항,공지사항,기관소식｜2019년 한국영상자료원 혁신계획,,,2019.07.26,첨부파일,미부착,,개방 가능,공공누리 1유형,,,O,,,,,업무상 저작물,
2404,한국영상자료원,HOME > 기관소개 > 기관소식 > 공지사항,공지사항,도서관｜[상암] 영상도서관 신착자료(DVD/블루레이) 안내,,,2019.07.28,,미부착,,개방 가능,공공누리 1유형,,,O,,,,,단순 정보,
2405,한국영상자료원,HOME > 기관소개 > 기관소식 > 공지사항,공지사항,박물관｜한국영화박물관 8월 휴관일 안내,,,2019.07.31,,미부착,,개방 가능,공공누리 1유형,,,O,,,,,단순 정보,
2406,한국영상자료원,HOME > 기관소개 > 기관소식 > 공지사항,공지사항,도서관｜[상암] 영상도서관 8월 휴관일 안내,,,2019.07.31,,미부착,,개방 가능,공공누리 1유형,,,O,,,,,단순 정보,
2407,한국영상자료원,HOME > 기관소개 > 기관소식 > 공지사항,공지사항,도서관｜[+W2429+F2410:V2427+F241+F2410:V2441,,,2019.08.01,,미부착,,개방 가능,공공누리 1유형,,,O,,,,,업무상 저작물,
2408,한국영상자료원,HOME > 기관소개 > 기관소식 > 공지사항,공지사항,"박물관｜《나쁜 여자, 이상한 여자, 죽이는 여자》 큐레이터 전시해설(8월9일) 교육생 발표",,,2019.08.05,,미부착,,개방 가능,공공누리 1유형,,,O,,,,,단순 정보,
2409,한국영상자료원,HOME > 기관소개 > 기관소식 > 공지사항,공지사항,KOFA｜19-08-10(토) 14시 <마녀> GV 예매 및 운영 안내,,,2019.08.09,,미부착,,개방 가능,공공누리 1유형,,,O,,,,,단순 정보,
2410,한국영상자료원,HOME > 기관소개 > 기관소식 > 공지사항,공지사항,박물관｜2019 <라이브 버라이어티 쇼쇼쇼-무성영화 변사공연 제작기> 교육대상자 발표,,,2019.08.10,,미부착,,개방 가능,공공누리 1유형,,,O,,,,,단순 정보,
2411,한국영상자료원,HOME > 기관소개 > 기관소식 > 공지사항,공지사항,KOFA｜2019-08-15(목) 14:00 상영작 <항거:유관순 이야기 GV> 현장예매 안내,,,2019.08.14,,미부착,,개방 가능,공공누리 1유형,,,O,,,,,단순 정보,
2412,한국영상자료원,HOME > 기관소개 > 기관소식 > 공지사항,공지사항,박물관｜박물관 전시해설 프로그램 <한국영화 100년을 보다> 2019-2학기 참가 학급 모집,,,2019.08.22,첨부파일,미부착,,개방 가능,공공누리 1유형,,,O,,,,,단순 정보,
2413,한국영상자료원,HOME > 기관소개 > 기관소식 > 공지사항,공지사항,KOFA｜2019.09.01 <리틀 드러머 걸: 감독판 GV> 예매 및 현장 운영 안내,,,2019.08.25,,미부착,,개방 가능,공공누리 1유형,,,O,,,,,단순 정보,
2414,한국영상자료원,HOME > 기관소개 > 기관소식 > 공지사항,공지사항,도서관｜[상암]영상도서관 9월 휴관안내입니다,,,2019.08.26,,미부착,,개방 가능,공공누리 1유형,,,O,,,,,단순 정보,
2415,한국영상자료원,HOME > 기관소개 > 기관소식 > 공지사항,공지사항,박물관｜한국영화박물관 9월 휴관일 안내,,,2019.08.27,,미부착,,개방 가능,공공누리 1유형,,,O,,,,,단순 정보,
2416,한국영상자료원,HOME > 기관소개 > 기관소식 > 공지사항,공지사항,도서관｜[상암] 영상도서관 신착자료(DVD/블루레이) 안내,,,2019.08.30,,미부착,,개방 가능,공공누리 1유형,,,O,,,,,단순 정보,
2417,한국영상자료원,HOME > 기관소개 > 기관소식 > 공지사항,공지사항,"기관소식｜나쁜 여자, 이상한 여자, 죽이는 여자 전시 도록",,,2019.09.09,첨부파일,미부착,,개방 가능,공공누리 2~4유형,,,,,O,,,도록 전체 수록,
2418,한국영상자료원,HOME > 기관소개 > 기관소식 > 공지사항,공지사항,기관소식｜KMDb VOD 추천영화 공모 이벤트,,,2019.09.16,,미부착,,개방 가능,공공누리 1유형,,,O,,,,,단순 정보,
2419,한국영상자료원,HOME > 기관소개 > 기관소식 > 공지사항,공지사항,기관소식｜2019년 한국영상자료원 국민 참여 아카이브 정책 공모 안내,,,2019.09.26,첨부파일,미부착,,개방 가능,공공누리 1유형,,,O,,,,,업무상 저작물,
2420,한국영상자료원,HOME > 기관소개 > 기관소식 > 공지사항,공지사항,도서관｜[상암] 영상도서관 10월 휴관일 안내,,,2019.09.28,,미부착,,개방 가능,공공누리 1유형,,,O,,,,,단순 정보,
2421,한국영상자료원,HOME > 기관소개 > 기관소식 > 공지사항,공지사항,박물관｜한국영화박물관 10월 휴관일 안내,,,2019.10.01,,미부착,,개방 가능,공공누리 1유형,,,O,,,,,단순 정보,
2422,한국영상자료원,HOME > 기관소개 > 기관소식 > 공지사항,공지사항,기관소식｜2019년 KMDb 만족도 조사 실시(10.2(수)~9(수)),,,2019.10.02,,미부착,,개방 가능,공공누리 1유형,,,O,,,,,단순 정보,
2423,한국영상자료원,HOME > 기관소개 > 기관소식 > 공지사항,공지사항,KOFA｜해피투게더 '나만의' 독립영화! 이벤트,,,2019.10.02,첨부파일,미부착,,개방 가능,공공누리 1유형,,,O,,,,,단순 정보,
2424,한국영상자료원,HOME > 기관소개 > 기관소식 > 공지사항,공지사항,도서관｜[상암] 영상도서관 신착자료(DVD/블루레이) 안내,,,2019.10.06,,미부착,,개방 가능,공공누리 1유형,,,O,,,,,단순 정보,
2425,한국영상자료원,HOME > 기관소개 > 기관소식 > 공지사항,공지사항,KOFA｜시네마테크KOFA 2019-10-09(수)퍼스트 리폼드 상영 관련 공지드립니다.,,,2019.10.09,,미부착,,개방 가능,공공누리 1유형,,,O,,,,,단순 정보,
2426,한국영상자료원,HOME > 기관소개 > 기관소식 > 공지사항,공지사항,박물관｜[당첨자 안내] 한국영화박물관 전시도록 나눔 이벤트 당첨자 안내,,,2019.10.10,,미부착,,개방 가능,공공누리 1유형,,,O,,,,,업무상 저작물,
2427,한국영상자료원,HOME > 기관소개 > 기관소식 > 공지사항,공지사항,기관소식｜[당선자 발표] KMDb VOD 추천영화 공모 이벤트,,,2019.10.15,,미부착,,개방 가능,공공누리 1유형,,,O,,,,,단순 정보,
2428,한국영상자료원,HOME > 기관소개 > 기관소식 > 공지사항,공지사항,"박물관｜신규 기획전시《금지된 상상, 억압의 상처》관람 안내",,,2019.10.25,,미부착,,개방 가능,공공누리 1유형,,,O,,,,,단순 정보,
2429,한국영상자료원,HOME > 기관소개 > 기관소식 > 공지사항,공지사항,KOFA｜11월 2일 <증인> 온라인 예매 10월 28일 오후 14시 20분 오픈,,,2019.10.28,,미부착,,개방 가능,공공누리 1유형,,,O,,,,,단순 정보,
2430,한국영상자료원,HOME > 기관소개 > 기관소식 > 공지사항,공지사항,KOFA｜11월 2일 <증인 GV> 현장예매 및 당일 운영 안내,,,2019.10.28,,미부착,,개방 가능,공공누리 1유형,,,O,,,,,단순 정보,
2431,한국영상자료원,HOME > 기관소개 > 기관소식 > 공지사항,공지사항,도서관｜[상암]2019년 11월 영상도서관 휴관 안내입니다,,,2019.10.30,,미부착,,개방 가능,공공누리 1유형,,,O,,,,,단순 정보,
2432,한국영상자료원,HOME > 기관소개 > 기관소식 > 공지사항,공지사항,박물관｜한국영화박물관 11월 휴관일 안내,,,2019.11.01,,미부착,,개방 가능,공공누리 1유형,,,O,,,,,단순 정보,
2433,한국영상자료원,HOME > 기관소개 > 기관소식 > 공지사항,공지사항,도서관｜[상암] 영상도서관 신착자료(DVD/블루레이) 안내,,,2019.11.03,,미부착,,개방 가능,공공누리 1유형,,,O,,,,,단순 정보,
2434,한국영상자료원,HOME > 기관소개 > 기관소식 > 공지사항,공지사항,기관소식｜[재안내] 2019년 한국영상자료원 국민 참여 아카이브 정책 공모 안내,,,2019.11.08,,미부착,,개방 가능,공공누리 1유형,,,O,,,,,업무상 저작물,
2435,한국영상자료원,HOME > 기관소개 > 기관소식 > 공지사항,공지사항,KOFA｜인디다큐X상암 디저트 이벤트,,,2019.11.12,,미부착,,개방 가능,공공누리 1유형,,,O,,,,,단순 정보,
2436,한국영상자료원,HOME > 기관소개 > 기관소식 > 공지사항,공지사항,KOFA｜<세계영화사의 순간들> 추가 신청 안내 공지: 11월 15일(금) 자정부터~,,,2019.11.14,,미부착,,개방 가능,공공누리 1유형,,,O,,,,,단순 정보,
2437,한국영상자료원,HOME > 기관소개 > 기관소식 > 공지사항,공지사항,"KOFA｜[당첨자 재안내] 위 게더, 해피투게더! '나만의' 독립영화 추천사 이벤트 당첨자 안내(사용날짜 변경)",,,2019.11.16,,미부착,,개방 가능,공공누리 1유형,,,O,,,,,업무상 저작물,
2438,한국영상자료원,HOME > 기관소개 > 기관소식 > 공지사항,공지사항,"박물관｜기획전시《금지된 상상, 억압의 상처》'미성년자 관람불가' 섹션 운영시간 안내",,,2019.11.19,,미부착,,개방 가능,공공누리 1유형,,,O,,,,,단순 정보,
2439,한국영상자료원,HOME > 기관소개 > 기관소식 > 공지사항,공지사항,기관소식｜[학술포럼] 境界의 警戒: 1960-70년대 외화·합작영화 검열 체제와 실천,,,2019.11.28,,미부착,,개방 가능,공공누리 2~4유형,,,,,O,,,행사 포스터,
2440,한국영상자료원,HOME > 기관소개 > 기관소식 > 공지사항,공지사항,도서관｜[상암] 영상도서관 신착자료(DVD/블루레이) 안내,,,2019.11.28,,미부착,,개방 가능,공공누리 1유형,,,O,,,,,단순 정보,
2441,한국영상자료원,HOME > 기관소개 > 기관소식 > 공지사항,공지사항,도서관｜[상암] 영상도서관 12월 휴관일 안내,,,2019.11.28,,미부착,,개방 가능,공공누리 1유형,,,O,,,,,단순 정보,
2442,한국영상자료원,HOME > 기관소개 > 기관소식 > 공지사항,공지사항,기관소식｜2019년 한국영상자료원 국민 참여 아카이브 정책 공모 선정 결과 안내,,,2019.12.02,,미부착,,개방 가능,공공누리 1유형,,,O,,,,,단순 정보,
2443,한국영상자료원,HOME > 기관소개 > 기관소식 > 공지사항,공지사항,KOFA｜현장예매석/홈페이지예매석 전환 안내,,,2019.12.03,,미부착,,개방 가능,공공누리 1유형,,,O,,,,,단순 정보,
2444,한국영상자료원,HOME > 기관소개 > 기관소식 > 공지사항,공지사항,박물관｜<일요일엔 영화음악: 해설이 있는 한국 영화음악 콘서트> 온라인 예매인원 변경 공지,,,2019.12.05,,미부착,,개방 가능,공공누리 1유형,,,O,,,,,단순 정보,
2445,한국영상자료원,HOME > 기관소개 > 기관소식 > 공지사항,공지사항,기관소식｜(신청 종료) 신규 기관지 <아카이브 프리즘> 우편 구독 신청 안내,,,2019.12.06,,미부착,,개방 가능,공공누리 1유형,,,O,,,,,업무상 저작물,
2446,한국영상자료원,HOME > 기관소개 > 기관소식 > 공지사항,공지사항,KOFA｜19/12/07 14시 <로지타> 상영 관련입니다.,,,2019.12.07,,미부착,,개방 가능,공공누리 1유형,,,O,,,,,단순 정보,
2447,한국영상자료원,HOME > 기관소개 > 기관소식 > 공지사항,공지사항,KOFA｜[휴관안내] 12월 17일(화)~12월 22일(일),,,2019.12.10,,미부착,,개방 가능,공공누리 1유형,,,O,,,,,단순 정보,
2448,한국영상자료원,HOME > 기관소개 > 기관소식 > 공지사항,공지사항,KOFA｜<로지타> 추가 상영 안내,,,2019.12.10,,미부착,,개방 가능,공공누리 1유형,,,O,,,,,단순 정보,
2449,한국영상자료원,HOME > 기관소개 > 기관소식 > 공지사항,공지사항,도서관｜[상암] 영상도서관 신착자료(DVD/블루레이) 안내,,,2019.12.15,,미부착,,개방 가능,공공누리 1유형,,,O,,,,,단순 정보,
2450,한국영상자료원,HOME > 기관소개 > 기관소식 > 공지사항,공지사항,기관소식｜기관지 <아카이브 프리즘> 일반 우편구독자 공지,,,2019.12.19,,미부착,,개방 가능,공공누리 1유형,,,O,,,,,업무상 저작물,
2451,한국영상자료원,HOME > 기관소개 > 기관소식 > 공지사항,공지사항,도서관｜[상암] 영상도서관 1월 휴관일 안내,,,2019.12.25,,미부착,,개방 가능,공공누리 1유형,,,O,,,,,단순 정보,
2452,한국영상자료원,HOME > 기관소개 > 기관소식 > 공지사항,공지사항,KOFA｜<미드소마> 러닝타임 변경,,,2019.12.25,,미부착,,개방 가능,공공누리 1유형,,,O,,,,,단순 정보,
2453,한국영상자료원,HOME > 기관소개 > 기관소식 > 공지사항,공지사항,KOFA｜[새로운 소식] 시네마테크KOFA 2020년 운영 변동 사항(수정 공지 2차),,,2019.12.27,,미부착,,개방 가능,공공누리 1유형,,,O,,,,,단순 정보,
2454,한국영상자료원,HOME > 기관소개 > 기관소식 > 공지사항,공지사항,기관소식｜공공기관 고객만족도 조사 관련 개인정보 제3자 제공사항 알림,,,2019.12.27,,미부착,,개방 가능,공공누리 1유형,,,O,,,,,단순 정보,
2455,한국영상자료원,HOME > 기관소개 > 기관소식 > 공지사항,공지사항,KOFA｜[예매오픈] 1월 7일 상영작,,,2020.01.02,,미부착,,개방 가능,공공누리 1유형,,,O,,,,,단순 정보,
2456,한국영상자료원,HOME > 기관소개 > 기관소식 > 공지사항,공지사항,도서관｜2019년 영상도서관 최다열람 감독 8인을 공개합니다!,,,2020.01.05,,미부착,,개방 가능,공공누리 2~4유형,,,,,O,O,,영화 감독 사진,
2457,한국영상자료원,HOME > 기관소개 > 기관소식 > 공지사항,공지사항,"KOFA｜[Cafe1895] 독립영화 연말정산, 13월의 보너스 이벤트",,,2020.01.09,,미부착,,개방 가능,공공누리 1유형,,,O,,,,,단순 정보,
2458,한국영상자료원,HOME > 기관소개 > 기관소식 > 공지사항,공지사항,박물관｜한국영화박물관 1월 휴관일 안내,,,2020.01.11,,미부착,,개방 가능,공공누리 1유형,,,O,,,,,단순 정보,
2459,한국영상자료원,HOME > 기관소개 > 기관소식 > 공지사항,공지사항,도서관｜[상암] 영상도서관 신착자료(DVD/블루레이) 안내,,,2020.01.17,,미부착,,개방 가능,공공누리 1유형,,,O,,,,,단순 정보,
2460,한국영상자료원,HOME > 기관소개 > 기관소식 > 공지사항,공지사항,기관소식｜카페1895 휴업 및 KOFA스탬프 서비스 종료 안내(수정),,,2020.01.31,,미부착,,개방 가능,공공누리 1유형,,,O,,,,,단순 정보,
2461,한국영상자료원,HOME > 기관소개 > 기관소식 > 공지사항,공지사항,도서관｜[상암] 영상도서관 2월 휴관일 안내,,,2020.02.04,,미부착,,개방 가능,공공누리 1유형,,,O,,,,,단순 정보,
2462,한국영상자료원,HOME > 기관소개 > 기관소식 > 공지사항,공지사항,KOFA｜2/11 아이리시맨 특별상영 예매 오류,,,2020.02.06,,미부착,,개방 가능,공공누리 1유형,,,O,,,,,단순 정보,
2463,한국영상자료원,HOME > 기관소개 > 기관소식 > 공지사항,공지사항,기관소식｜[뉴스레터] 배용균 감독이 파주로 간 까닭은?,,,2020.02.20,,미부착,,개방 가능,공공누리 2~4유형,,,,,O,O,,"감독 사진, 스틸컷",
2464,한국영상자료원,HOME > 기관소개 > 기관소식 > 공지사항,공지사항,KOFA｜[수정]커피 & 시네마:A Cup of KoFA 이벤트 안내,,,2020.02.21,,미부착,,개방 가능,공공누리 1유형,,,O,,,,,단순 정보,
2465,한국영상자료원,HOME > 기관소개 > 기관소식 > 공지사항,공지사항,기관소식｜한국영상자료원 임시휴관 및 일부 서비스 중단 안내,,,2020.02.24,,미부착,,개방 가능,공공누리 1유형,,,O,,,,,단순 정보,
2466,한국영상자료원,HOME > 기관소개 > 기관소식 > 공지사항,공지사항,박물관｜한국영화박물관 임시 휴관 안내(2/25~),,,2020.02.25,,미부착,,개방 가능,공공누리 1유형,,,O,,,,,단순 정보,
2467,한국영상자료원,HOME > 기관소개 > 기관소식 > 공지사항,공지사항,도서관｜영상도서관 임시휴관 안내,,,2020.02.25,,미부착,,개방 가능,공공누리 1유형,,,O,,,,,단순 정보,
2468,한국영상자료원,HOME > 기관소개 > 기관소식 > 공지사항,공지사항,KOFA｜시네마테크KOFA 임시휴관 안내,,,2020.02.25,,미부착,,개방 가능,공공누리 1유형,,,O,,,,,단순 정보,
2469,한국영상자료원,HOME > 기관소개 > 기관소식 > 공지사항,공지사항,기관소식｜'내가 주목한 2010년대 한국영화' 이벤트 결과 공지,,,2020.02.27,첨부파일,미부착,,개방 가능,공공누리 1유형,,,O,,,,,업무상 저작물,
2470,한국영상자료원,HOME > 기관소개 > 기관소식 > 공지사항,공지사항,기관소식｜'내가 주목한 2010년대 한국영화' 이벤트 trivia 9,,,2020.02.27,,미부착,,개방 가능,공공누리 1유형,,,O,,,,,단순 정보,
2471,한국영상자료원,HOME > 기관소개 > 기관소식 > 공지사항,공지사항,기관소식｜[뉴스레터] '0'에서 시작해서 차근차근 알아가는 추적의 과정,,,2020.02.27,,미부착,,개방 가능,공공누리 2~4유형,,,,,O,,,영상 자료 발표 장먼 등 ,
2472,한국영상자료원,HOME > 기관소개 > 기관소식 > 공지사항,공지사항,KOFA｜[시네마테크KOFA x KMDb VOD] 온라인 서비스 안내,,,2020.03.16,,미부착,,개방 가능,공공누리 1유형,,,O,,,,,단순 정보,
2473,한국영상자료원,HOME > 기관소개 > 기관소식 > 공지사항,공지사항,도서관｜[상암] 영상도서관 3-4월 큐레이션 <필름 위의 불꽃 김염과 상해파 영화인>,,,2020.03.19,,미부착,,개방 가능,공공누리 1유형,,,O,,,,,업무상 저작물,
2474,한국영상자료원,HOME > 기관소개 > 기관소식 > 공지사항,공지사항,기관소식｜[뉴스레터] 슬기로운 집콕 영자원 생활,,,2020.03.31,,미부착,,개방 가능,공공누리 2~4유형,,,,,O,,,"영화 포스터, 전시회 사진",
2475,한국영상자료원,HOME > 기관소개 > 기관소식 > 공지사항,공지사항,박물관｜한국영화박물관 VR 온라인 기획 전시 오픈,,,2020.03.31,,미부착,,개방 가능,공공누리 1유형,,,O,,,,,업무상 저작물,
2476,한국영상자료원,HOME > 기관소개 > 기관소식 > 공지사항,공지사항,KOFA｜[한국 고전 x 배리어프리영화] 온라인 기획전,,,2020.04.13,,미부착,,개방 가능,공공누리 1유형,,,O,,,,,단순 정보,
2477,한국영상자료원,HOME > 기관소개 > 기관소식 > 공지사항,공지사항,"기관소식｜[뉴스레터] 40년 전 5월, 영화로 기억하다",,,2020.04.30,,미부착,,개방 가능,공공누리 2~4유형,,,,,O,,,영화 스틸컷 합성 자료,
2478,한국영상자료원,HOME > 기관소개 > 기관소식 > 공지사항,공지사항,기관소식｜한국영상자료원 시설 재개관,,,2020.05.06,,미부착,,개방 가능,공공누리 1유형,,,O,,,,,단순 정보,
2479,한국영상자료원,HOME > 기관소개 > 기관소식 > 공지사항,공지사항,박물관｜한국영화박물관 재개관 안내,,,2020.05.08,,미부착,,개방 가능,공공누리 1유형,,,O,,,,,단순 정보,
2480,한국영상자료원,HOME > 기관소개 > 기관소식 > 공지사항,공지사항,기관소식｜코로나바이러스감염증-19 확산 방지를 위한 한국영상자료원 이용수칙 안내,,,2020.05.08,,미부착,,개방 가능,공공누리 1유형,,,O,,,,,단순 정보,
2481,한국영상자료원,HOME > 기관소개 > 기관소식 > 공지사항,공지사항,KOFA｜[3차수정]시네마테크 KOFA 재개관 및 변경 수칙 안내,,,2020.05.08,,미부착,,개방 가능,공공누리 1유형,,,O,,,,,단순 정보,
2482,한국영상자료원,HOME > 기관소개 > 기관소식 > 공지사항,공지사항,"박물관｜기획전시《금지된 상상, 억압의 상처》연장 안내(~5/24)",,,2020.05.11,,미부착,,개방 가능,공공누리 1유형,,,O,,,,,단순 정보,
2483,한국영상자료원,HOME > 기관소개 > 기관소식 > 공지사항,공지사항,도서관｜[상암] 영상도서관 신착자료(DVD/블루레이) 안내,,,2020.05.11,,미부착,,개방 가능,공공누리 1유형,,,O,,,,,단순 정보,
2484,한국영상자료원,HOME > 기관소개 > 기관소식 > 공지사항,공지사항,도서관｜[상암]영상도서관 5월 3주 영화 추천 자료입니다,,,2020.05.12,,미부착,,개방 가능,공공누리 2~4유형,,,,,O,,,소개영화 스틸컷 1장 삽입 포스터,
2485,한국영상자료원,HOME > 기관소개 > 기관소식 > 공지사항,공지사항,도서관｜[상암]영상도서관 재개관 및 제한 운영 안내(방문 전 꼭 확인 필수),,,2020.05.12,,미부착,,개방 가능,공공누리 1유형,,,O,,,,,단순 정보,
2486,한국영상자료원,HOME > 기관소개 > 기관소식 > 공지사항,공지사항,KOFA｜시네마테크KOFA 변경 좌석 안내,,,2020.05.12,,미부착,,개방 가능,공공누리 1유형,,,O,,,,,단순 정보,
2487,한국영상자료원,HOME > 기관소개 > 기관소식 > 공지사항,공지사항,도서관｜[상암]영상도서관 신간도서 안내입니다,,,2020.05.13,,미부착,,개방 가능,공공누리 1유형,,,O,,,,,단순 정보,
2488,한국영상자료원,HOME > 기관소개 > 기관소식 > 공지사항,공지사항,KOFA｜5월 16일 18:30 상영작 '두 교황' 매진 안내,,,2020.05.14,,미부착,,개방 가능,공공누리 1유형,,,O,,,,,단순 정보,
2489,한국영상자료원,HOME > 기관소개 > 기관소식 > 공지사항,공지사항,"KOFA｜[수정] '두 교황', '결혼 이야기' 상영 취소 안내",,,2020.05.15,,미부착,,개방 가능,공공누리 1유형,,,O,,,,,단순 정보,
2490,한국영상자료원,HOME > 기관소개 > 기관소식 > 공지사항,공지사항,도서관｜[상암] 영상도서관 5월 큐레이션,,,2020.05.16,,미부착,,개방 가능,공공누리 2~4유형,,,,,O,,,소개 영화 포스터 1장,
2491,한국영상자료원,HOME > 기관소개 > 기관소식 > 공지사항,공지사항,KOFA｜[매진] 5월 22일 17:00 상영작 '밤의 문이 열린다',,,2020.05.23,,미부착,,개방 가능,공공누리 1유형,,,O,,,,,단순 정보,
2492,한국영상자료원,HOME > 기관소개 > 기관소식 > 공지사항,공지사항,도서관｜[상암] 영상도서관 신착자료(DVD/블루레이) 안내,,,2020.05.23,,미부착,,개방 가능,공공누리 1유형,,,O,,,,,단순 정보,
2493,한국영상자료원,HOME > 기관소개 > 기관소식 > 공지사항,공지사항,도서관｜[상암] 영상도서관 5월 4주차 추천영화,,,2020.05.23,,미부착,,개방 가능,공공누리 2~4유형,,,,,O,,,영화 이미지 1장 삽입 포스터,
2494,한국영상자료원,HOME > 기관소개 > 기관소식 > 공지사항,공지사항,"KOFA｜[상영취소] 5월 26일 <헤븐 노우즈 왓>,<요요현상> 상영취소 안내",,,2020.05.26,,미부착,,개방 가능,공공누리 1유형,,,O,,,,,단순 정보,
2495,한국영상자료원,HOME > 기관소개 > 기관소식 > 공지사항,공지사항,기관소식｜2020.05.26.(화) 한국영상자료원 대민시설 운영 중단,,,2020.05.26,,미부착,,개방 가능,공공누리 1유형,,,O,,,,,단순 정보,
2496,한국영상자료원,HOME > 기관소개 > 기관소식 > 공지사항,공지사항,기관소식｜2020.05.27.(수) 한국영상자료원 대민시설 운영 재개,,,2020.05.27,,미부착,,개방 가능,공공누리 1유형,,,O,,,,,단순 정보,
2497,한국영상자료원,HOME > 기관소개 > 기관소식 > 공지사항,공지사항,KOFA｜[수정] <헤븐 노우즈 왓> 재상영 일정 안내,,,2020.05.27,,미부착,,개방 가능,공공누리 1유형,,,O,,,,,단순 정보,
2498,한국영상자료원,HOME > 기관소개 > 기관소식 > 공지사항,공지사항,기관소식｜대민시설 운영 중단 공지 (5/29 ~ 별도공지),,,2020.05.28,,미부착,,개방 가능,공공누리 1유형,,,O,,,,,단순 정보,
2499,한국영상자료원,HOME > 기관소개 > 기관소식 > 공지사항,공지사항,박물관｜한국영화박물관 임시 휴관 안내(5/29~별도 공지) (6.12 수정),,,2020.05.29,,미부착,,개방 가능,공공누리 1유형,,,O,,,,,단순 정보,
2500,한국영상자료원,HOME > 기관소개 > 기관소식 > 공지사항,공지사항,"기관소식｜[뉴스레터] 우리가 예산이 없지, 출시할 걸작이 없냐!",,,2020.06.04,,미부착,,개방 가능,공공누리 2~4유형,,,,,O,,,영화 스틸컷 모음. 포스터,
2501,한국영상자료원,HOME > 기관소개 > 기관소식 > 공지사항,공지사항,KOFA｜온리인 예매 시작일 변경 안내,,,2020.06.09,,미부착,,개방 가능,공공누리 1유형,,,O,,,,,단순 정보,
2502,한국영상자료원,HOME > 기관소개 > 기관소식 > 공지사항,공지사항,도서관｜[상암] 영상도서관 6월 1-2주 큐레이션 <대괴수 용가리>,,,2020.06.10,,미부착,,개방 가능,공공누리 2~4유형,,,,,O,,,영화 포스터,
2503,한국영상자료원,HOME > 기관소개 > 기관소식 > 공지사항,공지사항,KOFA｜영화와 공간: 타이페이 온라인 기획전,,,2020.06.16,,미부착,,개방 가능,공공누리 1유형,,,O,,,,,단순 정보,
2504,한국영상자료원,HOME > 기관소개 > 기관소식 > 공지사항,공지사항,박물관｜[온라인] 청소년 대상 영화계 직업 탐구 프로그램 <스텝 바이 스태프 Step by Staff: 영화감독>,,,2020.06.19,,미부착,,개방 가능,공공누리 2~4유형,,,,,O,,,포스터,
2505,한국영상자료원,HOME > 기관소개 > 기관소식 > 공지사항,공지사항,도서관｜[상암] 영상도서관 6.25 전쟁 70주년 기념 큐레이션 안내입니다,,,2020.06.19,,미부착,,개방 가능,공공누리 2~4유형,,,,,O,O,,"영화감독 사진, 영화 스틸컷, 포스터 다수",
2506,한국영상자료원,HOME > 기관소개 > 기관소식 > 공지사항,공지사항,도서관｜[상암] 영상도서관 6월 4주차 추천영화,,,2020.06.19,,미부착,,개방 가능,공공누리 2~4유형,,,,,O,,,영화 스틸컷 1장,
2507,한국영상자료원,HOME > 기관소개 > 기관소식 > 공지사항,공지사항,KOFA｜'6·25 전쟁 70주년 기념 특별전: 경계 위로 부는 바람' 온라인 상영,,,2020.06.24,,미부착,,개방 가능,공공누리 2~4유형,,,,,O,,,영화 스틸컷 1장,
2508,한국영상자료원,HOME > 기관소개 > 기관소식 > 공지사항,공지사항,도서관｜[상암] 영상도서관 7월 1-2주 영화 추천 안내입니다,,,2020.07.01,,미부착,,개방 가능,공공누리 2~4유형,,,,,O,,,"영화 포스터, 스틸컷 2장",
2509,한국영상자료원,HOME > 기관소개 > 기관소식 > 공지사항,공지사항,KOFA｜시네마테크KOFA 휴관 특집 유튜브 영상 제작,,,2020.07.02,,미부착,,개방 가능,공공누리 1유형,,,O,,,,,단순 정보,
2510,한국영상자료원,HOME > 기관소개 > 기관소식 > 공지사항,공지사항,기관소식｜새로운 기관지 <아카이브 프리즘>을 소개합니다,,,2020.07.02,,미부착,,개방 가능,공공누리 1유형,,,O,,,,,업무상 저작물,
2511,한국영상자료원,HOME > 기관소개 > 기관소식 > 공지사항,공지사항,"기관소식｜[뉴스레터]자료에 질문을 던지고 '비장한 가치'를 더하는 작업, KOFA 컬렉션",,,2020.07.06,,미부착,,개방 가능,공공누리 2~4유형,,,,,O,,,"영화 스틸컷, 사진 등",
2512,한국영상자료원,HOME > 기관소개 > 기관소식 > 공지사항,공지사항,도서관｜[상암]영상도서관 7-8월 온라인 큐레이션 안내입니다,,,2020.07.06,,미부착,,개방 가능,공공누리 2~4유형,,,,,O,,,"영화 스틸컷, 포스터, 사진 등",
2513,한국영상자료원,HOME > 기관소개 > 기관소식 > 공지사항,공지사항,박물관｜[온라인] 영화계 직업 탐구 프로그램 <스텝 바이 스태프 Step by Staff: 시나리오 작가>,,,2020.07.07,,미부착,,개방 가능,공공누리 1유형,,,O,,,,,단순 정보,
2514,한국영상자료원,HOME > 기관소개 > 기관소식 > 공지사항,공지사항,기관소식｜한국영상자료원 2020년 국가안전대진단 안전점검 결과 공개,,,2020.07.08,첨부파일,미부착,,개방 가능,공공누리 1유형,,,O,,,,,업무상 저작물,
2515,한국영상자료원,HOME > 기관소개 > 기관소식 > 공지사항,공지사항,도서관｜[상암] 영상도서관 신간도서 안내입니다,,,2020.07.15,,미부착,,개방 가능,공공누리 1유형,,,O,,,,,업무상 저작물,
2516,한국영상자료원,HOME > 기관소개 > 기관소식 > 공지사항,공지사항,도서관｜[상암] 영상도서관 7월 3-4주 큐레이션 <목 없는 미녀>,,,2020.07.16,,미부착,,개방 가능,공공누리 2~4유형,,,,,O,,,"영화 스틸컷, 포스터, 사진 등",
2517,한국영상자료원,HOME > 기관소개 > 기관소식 > 공지사항,공지사항,기관소식｜한국영상자료원 시설 재개관 공지 (7월 24일(금)부터),,,2020.07.22,,미부착,,개방 가능,공공누리 1유형,,,O,,,,,단순 정보,
2518,한국영상자료원,HOME > 기관소개 > 기관소식 > 공지사항,공지사항,KOFA｜[수정]시네마테크KOFA 재개관 및 이용 안내,,,2020.07.22,,미부착,,개방 가능,공공누리 1유형,,,O,,,,,단순 정보,
2519,한국영상자료원,HOME > 기관소개 > 기관소식 > 공지사항,공지사항,기관소식｜코로나바이러스감염증-19 확산 방지를 위한 한국영상자료원 이용수칙 안내,,,2020.07.22,,미부착,,개방 가능,공공누리 1유형,,,O,,,,,단순 정보,
2520,한국영상자료원,HOME > 기관소개 > 기관소식 > 공지사항,공지사항,도서관｜[상암]영상도서관의 달라진 모습을 확인하세요!,,,2020.07.22,,미부착,,개방 가능,공공누리 1유형,,,O,,,,,업무상 저작물,
2521,한국영상자료원,HOME > 기관소개 > 기관소식 > 공지사항,공지사항,박물관｜한국영화박물관 상설전 및 기획전 사전예약 링크,,,2020.07.22,,미부착,,개방 가능,공공누리 1유형,,,O,,,,,단순 정보,
2522,한국영상자료원,HOME > 기관소개 > 기관소식 > 공지사항,공지사항,KOFA｜[매진] 7월 24일(금) 15:00 상영작 <바그다드 카페 : 디렉터스 컷>,,,2020.07.24,,미부착,,개방 가능,공공누리 1유형,,,O,,,,,단순 정보,
2523,한국영상자료원,HOME > 기관소개 > 기관소식 > 공지사항,공지사항,도서관｜[상암] 영상도서관 신착자료(DVD/블루레이) 안내,,,2020.07.25,,미부착,,개방 가능,공공누리 2~4유형,,,,,O,,,블루레이 표지 사진,
2524,한국영상자료원,HOME > 기관소개 > 기관소식 > 공지사항,공지사항,KOFA｜'인디다큐 시간여행: 시민의 자기 훈련과 사회적 연대' 상영,,,2020.07.29,,미부착,,개방 가능,공공누리 2~4유형,,,,,O,,,그래픽 포스터,
2525,한국영상자료원,HOME > 기관소개 > 기관소식 > 공지사항,공지사항,기관소식｜[뉴스레터] 어서와~ 해방기 북한영화는 처음이지?,,,2020.07.31,,미부착,,개방 가능,공공누리 2~4유형,,,,,O,,,"영화 스틸컷, 사진 등",
2526,한국영상자료원,HOME > 기관소개 > 기관소식 > 공지사항,공지사항,박물관｜[모집마감] 한국영화박물관 봉사단 2기 모집 공고(변경),,,2020.07.31,첨부파일,미부착,,개방 가능,공공누리 2~4유형,,,,,O,,,그래픽 포스터,
2527,한국영상자료원,HOME > 기관소개 > 기관소식 > 공지사항,공지사항,박물관｜교육 프로그램 '영화 글쓰기 키트 시즌2' 참여 인원 안내,,,2020.08.04,,미부착,,개방 가능,공공누리 1유형,,,O,,,,,단순 정보,
2528,한국영상자료원,HOME > 기관소개 > 기관소식 > 공지사항,공지사항,박물관｜[온라인] 영화계 직업 탐구 프로그램 <스텝 바이 스태프 Step by Staff: 촬영감독>,,,2020.08.05,,미부착,,개방 가능,공공누리 2~4유형,,,,,O,,,그래픽 포스터,
2529,한국영상자료원,HOME > 기관소개 > 기관소식 > 공지사항,공지사항,도서관｜[상암] 영상도서관 이주의 영화(8월 1-2주)안내입니다(광복 75주년),,,2020.08.07,,미부착,,개방 가능,공공누리 2~4유형,,,,,O,,,"영화 소개 스틸컷, 포스터, 사진 등",
2530,한국영상자료원,HOME > 기관소개 > 기관소식 > 공지사항,공지사항,KOFA｜[매진] 8월 9일(일) 17:00 상영작 <바그다드 카페 : 디렉터스 컷>,,,2020.08.08,,미부착,,개방 가능,공공누리 1유형,,,O,,,,,단순 정보,
2531,한국영상자료원,HOME > 기관소개 > 기관소식 > 공지사항,공지사항,KOFA｜[매진] 8월 11일(화) 19:00 상영작 <하나 그리고 둘>,,,2020.08.11,,미부착,,개방 가능,공공누리 1유형,,,O,,,,,단순 정보,
2532,한국영상자료원,HOME > 기관소개 > 기관소식 > 공지사항,공지사항,도서관｜[상암] 영상도서관 신착자료(DVD/블루레이) 안내,,,2020.08.11,,미부착,,개방 가능,공공누리 1유형,,,O,,,,,단순 정보,
2533,한국영상자료원,HOME > 기관소개 > 기관소식 > 공지사항,공지사항,KOFA｜[매진] 8월 13일(목) 19:00 상영작 <엠마>,,,2020.08.13,,미부착,,개방 가능,공공누리 1유형,,,O,,,,,단순 정보,
2534,한국영상자료원,HOME > 기관소개 > 기관소식 > 공지사항,공지사항,"KOFA｜[수정][매진] 8월 16일(일) 14:00 상영작 <타이페이 스토리>, 17:00 상영작 <하나 그리고 둘>",,,2020.08.14,,미부착,,개방 가능,공공누리 1유형,,,O,,,,,단순 정보,
2535,한국영상자료원,HOME > 기관소개 > 기관소식 > 공지사항,공지사항,기관소식｜[극장 대관] 서비스 재개 및 신청 안내(접수 개시일: 2020.10.19(월)),,,2020.08.14,,미부착,,개방 가능,공공누리 1유형,,,O,,,,,단순 정보,
2536,한국영상자료원,HOME > 기관소개 > 기관소식 > 공지사항,공지사항,KOFA｜시네마테크KOFA 임시 휴관 안내,,,2020.08.15,,미부착,,개방 가능,공공누리 1유형,,,O,,,,,단순 정보,
2537,한국영상자료원,HOME > 기관소개 > 기관소식 > 공지사항,공지사항,기관소식｜코로나19 확산 방지를 위한 한국영상자료원 대민시설 임시 휴관,,,2020.08.15,,미부착,,개방 가능,공공누리 1유형,,,O,,,,,단순 정보,
2538,한국영상자료원,HOME > 기관소개 > 기관소식 > 공지사항,공지사항,박물관｜[한국영화박물관] 임시 휴관 안내,,,2020.08.16,,미부착,,개방 가능,공공누리 1유형,,,O,,,,,단순 정보,
2539,한국영상자료원,HOME > 기관소개 > 기관소식 > 공지사항,공지사항,박물관｜[박물관 이벤트] 유튜브 영상 이벤트 1탄 안내(아카이브 프리즘),,,2020.08.16,첨부파일,미부착,,개방 가능,공공누리 2~4유형,,,,,O,,,동물 그림 포함 포스터,
2540,한국영상자료원,HOME > 기관소개 > 기관소식 > 공지사항,공지사항,박물관｜[강좌 취소 안내] 8월 21일 <월북영화인과 북한영화 이야기>,,,2020.08.19,,미부착,,개방 가능,공공누리 1유형,,,O,,,,,단순 정보,
2541,한국영상자료원,HOME > 기관소개 > 기관소식 > 공지사항,공지사항,박물관｜[1차 발표] 한국영화박물관 봉사단 2기 서류 합격자 발표,,,2020.08.19,,미부착,,개방 가능,공공누리 1유형,,,O,,,,,단순 정보,
2542,한국영상자료원,HOME > 기관소개 > 기관소식 > 공지사항,공지사항,KOFA｜기획전 「풍문으로 들었소: '컬트적'인 한국영화」 온라인 상영,,,2020.08.19,첨부파일,미부착,,개방 가능,공공누리 1유형,,,,O,,,,영화 스틸컷,
2543,한국영상자료원,HOME > 기관소개 > 기관소식 > 공지사항,공지사항,박물관｜[이벤트 당첨자발표] 유튜브 영상 이벤트 1탄 당첨자 발표(아카이브 프리즘),,,2020.08.20,,미부착,,개방 가능,공공누리 1유형,,,O,,,,,단순 정보,
2544,한국영상자료원,HOME > 기관소개 > 기관소식 > 공지사항,공지사항,박물관｜[온라인] 영화계 직업 탐구 프로그램 <스텝 바이 스태프 Step by Staff: 영화번역가>,,,2020.08.21,,미부착,,개방 가능,공공누리 1유형,,,,,O,,,이미지 포함(출처불명 사진),
2545,한국영상자료원,HOME > 기관소개 > 기관소식 > 공지사항,공지사항,도서관｜[상암] 영상도서관 8월 3-4주 큐레이션 <대중가요와 영화 주제곡>,,,2020.08.24,,미부착,,개방 가능,공공누리 1유형,,,,,O,,,이미지 포함(출처표시 사진),
2546,한국영상자료원,HOME > 기관소개 > 기관소식 > 공지사항,공지사항,박물관｜[봉사단]한국영화박물관 봉사단 2기 최종 합격자 발표,,,2020.08.25,,미부착,,개방 가능,공공누리 1유형,,,O,,,,,단순 정보,
2547,한국영상자료원,HOME > 기관소개 > 기관소식 > 공지사항,공지사항,박물관｜[이벤트 당첨자발표]유튜브 영상 이벤트 2탄 당첨자 발표(아카이브 프리즘),,,2020.08.31,,미부착,,개방 가능,공공누리 1유형,,,O,,,,,단순 정보,
2548,한국영상자료원,HOME > 기관소개 > 기관소식 > 공지사항,공지사항,기관소식｜[뉴스레터]주수인 선수의 야구공과 은희의 베네통 가방은 어디에 있을까요?,,,2020.08.31,,미부착,,개방 가능,공공누리 2~4유형,,,,,O,,,"영화 포스터, 의상사진 등",
2549,한국영상자료원,HOME > 기관소개 > 기관소식 > 공지사항,공지사항,도서관｜[상암] 영상도서관 이주의 영화(9월 1-2주) 추천합니다,,,2020.09.02,,미부착,,개방 가능,공공누리 2~4유형,,,,,O,,,"영화 스틸컷, 포스터, 사진 등",
2550,한국영상자료원,HOME > 기관소개 > 기관소식 > 공지사항,공지사항,도서관｜[상암] 영상도서관 9-10월 큐레이션 <아동극과 아동극장>,,,2020.09.08,,미부착,,개방 가능,공공누리 2~4유형,,,,,O,,,"영화 포스터, 스틸컷 등 ",
2551,한국영상자료원,HOME > 기관소개 > 기관소식 > 공지사항,공지사항,박물관｜[이벤트 당첨자발표]유튜브 영상 이벤트 3탄 당첨자 발표(아카이브 프리즘),,,2020.09.15,,미부착,,개방 가능,공공누리 1유형,,,O,,,,,단순 정보,
2552,한국영상자료원,HOME > 기관소개 > 기관소식 > 공지사항,공지사항,도서관｜[상암] 영상도서관 9월 3-4주 큐레이션 <위기의 아이들>,,,2020.09.16,,미부착,,개방 가능,공공누리 1유형,,,O,,,,,업무상 저작물,
2553,한국영상자료원,HOME > 기관소개 > 기관소식 > 공지사항,공지사항,박물관｜교육 프로그램 '청소년을 위한 영화 글쓰기 키트' 참여 인원 안내,,,2020.09.24,,미부착,,개방 가능,공공누리 1유형,,,O,,,,,단순 정보,
2554,한국영상자료원,HOME > 기관소개 > 기관소식 > 공지사항,공지사항,박물관｜[이벤트 당첨자발표]유튜브 영상 이벤트 4탄 당첨자 발표(남부군 블루레이),,,2020.09.28,,미부착,,개방 가능,공공누리 1유형,,,O,,,,,단순 정보,
2555,한국영상자료원,HOME > 기관소개 > 기관소식 > 공지사항,공지사항,박물관｜[온라인] 영화계 직업 탐구 프로그램 <스텝 바이 스태프 Step by Staff: 편집감독>,,,2020.09.29,,미부착,,개방 가능,공공누리 2~4유형,,,,,O,,,그래픽 포스터,
2556,한국영상자료원,HOME > 기관소개 > 기관소식 > 공지사항,공지사항,"도서관｜[상암] 영상도서관 10월 1-2주 추천 영화, 배창호 <기쁜 우리 젊은 날>(1987)",,,2020.09.29,,미부착,,개방 가능,공공누리 2~4유형,,,,,O,,,영화 스틸컷,
2557,한국영상자료원,HOME > 기관소개 > 기관소식 > 공지사항,공지사항,"기관소식｜[뉴스레터] KOFA야, 2020년 추석을 부탁해!",,,2020.09.29,,미부착,,개방 가능,공공누리 2~4유형,,,,O,,,,영화 포스터,
2558,한국영상자료원,HOME > 기관소개 > 기관소식 > 공지사항,공지사항,기관소식｜한국영상자료원 시설 재개관 공지 (10월 13일(화)부터),,,2020.10.08,,미부착,,개방 가능,공공누리 1유형,,,O,,,,,단순 정보,
2559,한국영상자료원,HOME > 기관소개 > 기관소식 > 공지사항,공지사항,기관소식｜[학술심포지엄] 전쟁의 경험과 영상생산 그리고 아카이빙,,,2020.10.08,,미부착,,개방 가능,공공누리 2~4유형,,,,,O,,,그래픽 포스터,
2560,한국영상자료원,HOME > 기관소개 > 기관소식 > 공지사항,공지사항,기관소식｜코로나19 확산 방지를 위한 한국영상자료원 이용수칙 안내,,,2020.10.08,,미부착,,개방 가능,공공누리 1유형,,,O,,,,,단순 정보,
2561,한국영상자료원,HOME > 기관소개 > 기관소식 > 공지사항,공지사항,KOFA｜시네마테크KOFA 재개관 공지 및 변경 수칙 안내,,,2020.10.08,,미부착,,개방 가능,공공누리 1유형,,,O,,,,,단순 정보,
2562,한국영상자료원,HOME > 기관소개 > 기관소식 > 공지사항,공지사항,KOFA｜시네마테크KOFA 변경 좌석도,,,2020.10.08,,미부착,,개방 가능,공공누리 1유형,,,O,,,,,단순 정보,
2563,한국영상자료원,HOME > 기관소개 > 기관소식 > 공지사항,공지사항,도서관｜(2020.12.5~)영상도서관 임시휴관,,,2020.10.08,,미부착,,개방 가능,공공누리 1유형,,,O,,,,,단순 정보,
2564,한국영상자료원,HOME > 기관소개 > 기관소식 > 공지사항,공지사항,도서관｜[상암] 영상도서관 신착자료(DVD/블루레이) 안내,,,2020.10.08,,미부착,,개방 가능,공공누리 2~4유형,,,,,O,,,블루레이 표지 사진,
2565,한국영상자료원,HOME > 기관소개 > 기관소식 > 공지사항,공지사항,KOFA｜극장 대관 서비스 재개 및 신청 안내(접수개시일: 2020.10.19(월)~),,,2020.10.12,,미부착,,개방 가능,공공누리 1유형,,,O,,,,,단순 정보,
2566,한국영상자료원,HOME > 기관소개 > 기관소식 > 공지사항,공지사항,도서관｜[상암] 영상도서관 10월 3-4주 큐레이션 <저 하늘에도 슬픔이>,,,2020.10.21,,미부착,,개방 가능,공공누리 2~4유형,,,,,O,,,영화 포스터 1장,
2567,한국영상자료원,HOME > 기관소개 > 기관소식 > 공지사항,공지사항,기관소식｜2020 KMDb 만족도 조사 경품 당첨자 발표,,,2020.10.22,,미부착,,개방 가능,공공누리 1유형,,,O,,,,,단순 정보,
2568,한국영상자료원,HOME > 기관소개 > 기관소식 > 공지사항,공지사항,KOFA｜[온라인 좌석 매진] 2020년 10월 24일(토) 17:00 <공포분자>,,,2020.10.24,,미부착,,개방 가능,공공누리 1유형,,,O,,,,,단순 정보,
2569,한국영상자료원,HOME > 기관소개 > 기관소식 > 공지사항,공지사항,도서관｜[상암] 영상도서관 신착자료(DVD/블루레이) 안내,,,2020.10.24,,미부착,,개방 가능,공공누리 1유형,,,,O,,,,제3자 권리(DVD/블루레이 이미지),
2570,한국영상자료원,HOME > 기관소개 > 기관소식 > 공지사항,공지사항,KOFA｜[온라인강연] 세계 시청각 유산의 날_ 독립영화인을 위한 아카이빙 전략,,,2020.10.26,,미부착,,개방 가능,공공누리 2~4유형,,,,,O,,,캐릭터 그림 1점,
2571,한국영상자료원,HOME > 기관소개 > 기관소식 > 공지사항,공지사항,"도서관｜[상암]영상도서관 11월 1-2주 추천 영화입니다(이만희 감독, 삼포가는길,1975)",,,2020.10.31,,미부착,,개방 가능,공공누리 2~4유형,,,,,O,,,"포스터, 스틸컷 여러 장",
2572,한국영상자료원,HOME > 기관소개 > 기관소식 > 공지사항,공지사항,KOFA｜[온라인 좌석 매진] 2020년 10월 31일(토) 17:00 <남색대문>,,,2020.10.31,,미부착,,개방 가능,공공누리 1유형,,,O,,,,,단순 정보,
2573,한국영상자료원,HOME > 기관소개 > 기관소식 > 공지사항,공지사항,기관소식｜[뉴스레터]한국영상자료원 복원 기초반,,,2020.11.01,,미부착,,개방 가능,공공누리 2~4유형,,,,,O,,,"사진, 스틸컷",
2574,한국영상자료원,HOME > 기관소개 > 기관소식 > 공지사항,공지사항,"기관소식｜<아카이브 프리즘> #2, <하녀> 개봉 60주년 특별호 - 다시 <하녀>",,,2020.11.01,,미부착,,개방 가능,공공누리 2~4유형,,,,,O,,,잡지 사진,
2575,한국영상자료원,HOME > 기관소개 > 기관소식 > 공지사항,공지사항,기관소식｜2020년 KMDb VOD 이벤트: 제11회 '도전! 나도 프로그래머',,,2020.11.02,,미부착,,개방 가능,공공누리 1유형,,,O,,,,,업무상 저작물,
2576,한국영상자료원,HOME > 기관소개 > 기관소식 > 공지사항,공지사항,도서관｜기관지 <아카이브 프리즘> #2 배포 안내 - 종료,,,2020.11.07,,미부착,,개방 가능,공공누리 1유형,,,O,,,,,업무상 저작물,
2577,한국영상자료원,HOME > 기관소개 > 기관소식 > 공지사항,공지사항,박물관｜[온라인] 영화계 직업 탐구 프로그램 <스텝 바이 스태프 Step by Staff: 영화 제작자>,,,2020.11.09,,미부착,,개방 가능,공공누리 2~4유형,,,,,O,,,그래픽 도안,
2578,한국영상자료원,HOME > 기관소개 > 기관소식 > 공지사항,공지사항,기관소식｜[KOFA 학술포럼] 주보와 전단으로 보는 식민도시 경성의 극장과 영화문화,,,2020.11.18,첨부파일,미부착,,개방 가능,공공누리 1유형,,,O,,,,,업무상 저작물,
2579,한국영상자료원,HOME > 기관소개 > 기관소식 > 공지사항,공지사항,도서관｜[상암] 영상도서관 11월 3-4주 큐레이션 <한글>,,,2020.11.19,,미부착,,개방 가능,공공누리 2~4유형,,,,,O,,,"그래픽 포스터,",
2580,한국영상자료원,HOME > 기관소개 > 기관소식 > 공지사항,공지사항,기관소식｜한국영상자료원 상암 대민시설 운영시간 단축(11.21),,,2020.11.20,,미부착,,개방 가능,공공누리 1유형,,,O,,,,,단순 정보,
2581,한국영상자료원,HOME > 기관소개 > 기관소식 > 공지사항,공지사항,도서관｜[상암]영상도서관 11-12월 온라인 전시안내입니다(우리들의 고교시대),,,2020.11.22,,미부착,,개방 가능,공공누리 2~4유형,,,,,O,,,"영화 스틸컷, 포스터 등",
2582,한국영상자료원,HOME > 기관소개 > 기관소식 > 공지사항,공지사항,기관소식｜[극장 대관] 서비스 중지 및 취소(11.25~),,,2020.11.23,,미부착,,개방 가능,공공누리 1유형,,,O,,,,,단순 정보,
2583,한국영상자료원,HOME > 기관소개 > 기관소식 > 공지사항,공지사항,박물관｜[온라인] 영화계 직업 탐구 프로그램 <스텝 바이 스태프 Step by Staff: 영화 음악감독>,,,2020.11.23,,미부착,,개방 가능,공공누리 2~4유형,,,,,O,,,그래픽 그림 포스터,
2584,한국영상자료원,HOME > 기관소개 > 기관소식 > 공지사항,공지사항,기관소식｜2020년 한국영상자료원 국민참여 정책공모 안내,,,2020.11.25,첨부파일,미부착,,개방 가능,공공누리 1유형,,,O,,,,,업무상 저작물,
2585,한국영상자료원,HOME > 기관소개 > 기관소식 > 공지사항,공지사항,도서관｜[상암] 영상도서관 신착자료(DVD/블루레이) 안내,,,2020.11.28,,미부착,,개방 가능,공공누리 2~4유형,,,,,O,,,블루레이 표지 사진,
2586,한국영상자료원,HOME > 기관소개 > 기관소식 > 공지사항,공지사항,"기관소식｜[뉴스레터] <둥글고 둥글게>, ‘지금 여기’의 관객이 ‘그때 거기’로",,,2020.11.30,,미부착,,개방 가능,공공누리 2~4유형,,,,,O,,,"스틸컷, 사진 등",
2587,한국영상자료원,HOME > 기관소개 > 기관소식 > 공지사항,공지사항,도서관｜2020년 영상도서관 희망자료신청 종료 안내,,,2020.12.03,,미부착,,개방 가능,공공누리 1유형,,,O,,,,,단순 정보,
2588,한국영상자료원,HOME > 기관소개 > 기관소식 > 공지사항,공지사항,기관소식｜한국영상자료원 <둥글고 둥글게> '대담' YouTube 라이브？ (12.04. 14:00),,,2020.12.03,,미부착,,개방 가능,공공누리 1유형,,,O,,,,,단순 정보,
2589,한국영상자료원,HOME > 기관소개 > 기관소식 > 공지사항,공지사항,KOFA｜[온라인] <둥글고 둥글게> '대담' YouTube 라이브 안내 (12.04),,,2020.12.03,,미부착,,개방 가능,공공누리 2~4유형,,,,,,O,,인물 사진,
2590,한국영상자료원,HOME > 기관소개 > 기관소식 > 공지사항,공지사항,도서관｜[상암]영상도서관 12월 1-2주 큐레이션 안내입니다(영화 <어른들은 몰라요>(1988)),,,2020.12.03,,미부착,,개방 가능,공공누리 2~4유형,,,,,O,,,"영화 스틸컷, 포스터",
2591,한국영상자료원,HOME > 기관소개 > 기관소식 > 공지사항,공지사항,기관소식｜<영화필름등의 제출> 제도 변경 시행 (2021년 1월부터),,,2020.12.04,,미부착,,개방 가능,공공누리 1유형,,,O,,,,,단순 정보,
2592,한국영상자료원,HOME > 기관소개 > 기관소식 > 공지사항,공지사항,기관소식｜한국영상자료원 대민시설 임시휴관(2020.12.5.~별도 공지시까지),,,2020.12.04,,미부착,,개방 가능,공공누리 1유형,,,O,,,,,단순 정보,
2593,한국영상자료원,HOME > 기관소개 > 기관소식 > 공지사항,공지사항,기관소식｜[당선자 발표] 제11회 도전! 나도 프로그래머,,,2020.12.07,,미부착,,개방 가능,공공누리 1유형,,,O,,,,,단순 정보,
2594,한국영상자료원,HOME > 기관소개 > 기관소식 > 공지사항,공지사항,도서관｜[파주] 영상도서관 운영방식 변경 안내,,,2020.12.14,,미부착,,개방 가능,공공누리 1유형,,,O,,,,,단순 정보,
2595,한국영상자료원,HOME > 기관소개 > 기관소식 > 공지사항,공지사항,도서관｜[상암] 영상도서관 12월 3-4주 큐레이션 <화조>,,,2020.12.14,,미부착,,개방 가능,공공누리 2~4유형,,,,,O,,,"사진,, 초상화",
2596,한국영상자료원,HOME > 기관소개 > 기관소식 > 공지사항,공지사항,기관소식｜공공기관 고객만족도조사 관련 개인정보 제3자 제공사항 알림,,,2020.12.15,,미부착,,개방 가능,공공누리 1유형,,,O,,,,,단순 정보,
2597,한국영상자료원,HOME > 기관소개 > 기관소식 > 공지사항,공지사항,기관소식｜2020년 한국영상자료원 국민참여 정책공모 선정 결과 안내,,,2020.12.22,,미부착,,개방 가능,공공누리 1유형,,,O,,,,,단순 정보,
2598,한국영상자료원,HOME > 기관소개 > 기관소식 > 공지사항,공지사항,박물관｜[한국영화박물관] 임시 휴관 안내(12월5일~별도 공지 시),,,2020.12.28,,미부착,,개방 가능,공공누리 1유형,,,O,,,,,단순 정보,
2599,한국영상자료원,HOME > 기관소개 > 기관소식 > 공지사항,공지사항,"기관소식｜<아카이브 프리즘> #3, 옷의 뜻 - 영화의 의상, 의상의 영화",,,2021.01.08,,미부착,,개방 가능,공공누리 2~4유형,,,,,O,,,잡지 사진,
2600,한국영상자료원,HOME > 기관소개 > 기관소식 > 공지사항,공지사항,박물관｜[봉사단]한국영화박물관 봉사단 3기 모집 공고,,,2021.01.13,첨부파일,미부착,,개방 가능,공공누리 1유형,,,O,,,,,업무상 저작물,
2601,한국영상자료원,HOME > 기관소개 > 기관소식 > 공지사항,공지사항,KOFA｜시네마테크KOFA 재개관 공지 및 변경 수칙 안내(2021.01.22),,,2021.01.19,,미부착,,개방 가능,공공누리 1유형,,,O,,,,,단순 정보,
2602,한국영상자료원,HOME > 기관소개 > 기관소식 > 공지사항,공지사항,기관소식｜한국영상자료원 시설 재개관 공지(1월 19일(화)부터),,,2021.01.19,,미부착,,개방 가능,공공누리 1유형,,,O,,,,,단순 정보,
2603,한국영상자료원,HOME > 기관소개 > 기관소식 > 공지사항,공지사항,KOFA｜극장 대관 서비스 재개 및 신청 안내(접수개시일:2021.1.25(월)~),,,2021.01.21,,미부착,,개방 가능,공공누리 1유형,,,O,,,,,단순 정보,
2604,한국영상자료원,HOME > 기관소개 > 기관소식 > 공지사항,공지사항,박물관｜기획전시《혼돈의 시간 엇갈린 행로》연장 안내(~2/10),,,2021.01.21,,미부착,,개방 가능,공공누리 1유형,,,O,,,,,단순 정보,
2605,한국영상자료원,HOME > 기관소개 > 기관소식 > 공지사항,공지사항,기관소식｜2021년 <아카이브 프리즘> 정기구독 모집 안내(~2.8),,,2021.01.26,,미부착,,개방 가능,공공누리 1유형,,,O,,,,,단순 정보,
2606,한국영상자료원,HOME > 기관소개 > 기관소식 > 공지사항,공지사항,박물관｜[봉사단]한국영화박물관 3기 서류 합격자 발표 및 면접 시간표(수정),,,2021.01.28,,미부착,,개방 가능,공공누리 1유형,,,O,,,,,단순 정보,
2607,한국영상자료원,HOME > 기관소개 > 기관소식 > 공지사항,공지사항,"기관소식｜[뉴스레터] 2021년, 올해 계획은 세우셨나요?",,,2021.01.31,,미부착,,개방 가능,공공누리 2~4유형,,,,,O,,,"사진, 포스터, 스틸컷 포함",
2608,한국영상자료원,HOME > 기관소개 > 기관소식 > 공지사항,공지사항,기관소식｜2021년 <아카이브 프리즘> 정기구독자 공지 안내,,,2021.02.09,,미부착,,개방 가능,공공누리 1유형,,,O,,,,,단순 정보,
2609,한국영상자료원,HOME > 기관소개 > 기관소식 > 공지사항,공지사항,도서관｜[영상도서관] 2022년 1~2월 신착 도서/비디오 안내,,,2021.02.10,,미부착,,개방 가능,공공누리 1유형,,,O,,,,,업무상 저작물,
2610,한국영상자료원,HOME > 기관소개 > 기관소식 > 공지사항,공지사항,박물관｜[봉사단]한국영화박물관 봉사단 3기 최종 합격자 발표,,,2021.02.16,,미부착,,개방 가능,공공누리 1유형,,,O,,,,,단순 정보,
2611,한국영상자료원,HOME > 기관소개 > 기관소식 > 공지사항,공지사항,도서관｜[신착자료] 2021년 2월 영상도서관 신착자료(비디오) 안내,,,2021.02.22,,미부착,,개방 가능,공공누리 2~4유형,,,,,O,,,블루레이 표지 사진,
2612,한국영상자료원,HOME > 기관소개 > 기관소식 > 공지사항,공지사항,도서관｜[큐레이션] 2021년 1분기 영상도서관 큐레이션 <21세기 한국영화-독립예술영화>,,,2021.02.25,,미부착,,개방 가능,공공누리 2~4유형,,,,,O,,,다수의 영화 포스터,
2613,한국영상자료원,HOME > 기관소개 > 기관소식 > 공지사항,공지사항,기관소식｜[온라인 교육] 영화계 직업 탐구 프로그램 <스텝 바이 스태프 Step by Staff: 포스터 디자이너>,,,2021.02.26,,미부착,,개방 가능,공공누리 2~4유형,,,,,O,,,그래픽 포스터,
2614,한국영상자료원,HOME > 기관소개 > 기관소식 > 공지사항,공지사항,기관소식｜[뉴스레터] ‘한국영화 르네상스’를 한눈에 담다,,,2021.02.28,,미부착,,개방 가능,공공누리 2~4유형,,,,,O,,,다수의 스틸컷,
2615,한국영상자료원,HOME > 기관소개 > 기관소식 > 공지사항,공지사항,기관소식｜한국영상자료원 대민시설 임시휴관(2021.03.12.~03.15.),,,2021.03.12,,미부착,,개방 가능,공공누리 1유형,,,O,,,,,단순 정보,
2616,한국영상자료원,HOME > 기관소개 > 기관소식 > 공지사항,공지사항,도서관｜[신착자료] 2021년 3월 영상도서관 신착자료(비디오) 안내,,,2021.03.20,,미부착,,개방 가능,공공누리 2~4유형,,,,,O,,,블루레이 표지 사진,
2617,한국영상자료원,HOME > 기관소개 > 기관소식 > 공지사항,공지사항,기관소식｜[뉴스레터] 새로운 영화글 꽃이 피었습니다,,,2021.04.04,,미부착,,개방 가능,공공누리 1유형,,,O,,,,,단순 정보,
2618,한국영상자료원,HOME > 기관소개 > 기관소식 > 공지사항,공지사항,기관소식｜[온라인] 영화계 직업 탐구 프로그램 <스텝 바이 스태프 Step by Staff: 특수분장 전문가>,,,2021.04.06,,미부착,,개방 가능,공공누리 2~4유형,,,,,O,,,그래픽 포스터 ,
2619,한국영상자료원,HOME > 기관소개 > 기관소식 > 공지사항,공지사항,도서관｜[신착자료] 영상도서관 신착자료(도서) 안내,,,2021.04.10,,미부착,,개방 가능,공공누리 1유형,,,O,,,,,업무상 저작물,
2620,한국영상자료원,HOME > 기관소개 > 기관소식 > 공지사항,공지사항,KOFA｜[온라인] 4월 프로그래머의 초이스-책 사람들 유투브 토크 신청,,,2021.04.12,,미부착,,개방 가능,공공누리 1유형,,,O,,,,,단순 정보,
2621,한국영상자료원,HOME > 기관소개 > 기관소식 > 공지사항,공지사항,기관소식｜<아카이브 프리즘> #4 '인터뷰 이슈' 발간 안내,,,2021.04.14,,미부착,,개방 가능,공공누리 1유형,,,O,,,,,업무상 저작물,
2622,한국영상자료원,HOME > 기관소개 > 기관소식 > 공지사항,공지사항,박물관｜[이벤트]한국영화박물관 회원 대상 영화카드 증정 이벤트(4/13~12/31),,,2021.04.14,,미부착,,개방 가능,공공누리 1유형,,,O,,,,,단순 정보,
2623,한국영상자료원,HOME > 기관소개 > 기관소식 > 공지사항,공지사항,도서관｜[큐레이션] 2021년 2분기 영상도서관 큐레이션 <영화로 읽는 제인 오스틴>,,,2021.04.17,,미부착,,개방 가능,공공누리 2~4유형,,,,,O,,,영화 스틸컷,
2624,한국영상자료원,HOME > 기관소개 > 기관소식 > 공지사항,공지사항,도서관｜[신착자료] 2021년 4월 영상도서관 신착자료(비디오) 안내,,,2021.04.21,,미부착,,개방 가능,공공누리 1유형,,,,O,,,,제3자 권리(DVD/블루레이 이미지),
2625,한국영상자료원,HOME > 기관소개 > 기관소식 > 공지사항,공지사항,박물관｜한국영화박물관 5월 휴관일 안내,,,2021.04.28,,미부착,,개방 가능,공공누리 1유형,,,O,,,,,단순 정보,
2626,한국영상자료원,HOME > 기관소개 > 기관소식 > 공지사항,공지사항,"기관소식｜[뉴스레터] 빛과 소리로 그 날을 애도하다, <둥글고 둥글게>",,,2021.05.03,,미부착,,개방 가능,공공누리 2~4유형,,,,,O,,,"영화 스틸컷, 사진 등",
2627,한국영상자료원,HOME > 기관소개 > 기관소식 > 공지사항,공지사항,박물관｜[이벤트]한국영화박물관 5월 가정의 달 이벤트,,,2021.05.04,,미부착,,개방 가능,공공누리 1유형,,,O,,,,,단순 정보,
2628,한국영상자료원,HOME > 기관소개 > 기관소식 > 공지사항,공지사항,KOFA｜[이벤트] 시네마테크KOFA '도전의 여정을 걷다' : 윤여정 특별전 포스터 증정 이벤트,,,2021.05.05,,미부착,,개방 가능,공공누리 2~4유형,,,,,O,,,영화 포스터,
2629,한국영상자료원,HOME > 기관소개 > 기관소식 > 공지사항,공지사항,기관소식｜[온라인] 영화계 직업 탐구 프로그램 <스텝 바이 스태프 Step by Staff: 미술감독>,,,2021.05.07,,미부착,,개방 가능,공공누리 2~4유형,,,,,O,,,그래픽 포스터,
2630,한국영상자료원,HOME > 기관소개 > 기관소식 > 공지사항,공지사항,KOFA｜[상영작변경] 5월 20일 19:00 상영작 변경 안내,,,2021.05.18,,미부착,,개방 가능,공공누리 1유형,,,O,,,,,단순 정보,
2631,한국영상자료원,HOME > 기관소개 > 기관소식 > 공지사항,공지사항,KOFA｜[매진] 5월 18일(화) 상영작 <미나리> 매진,,,2021.05.18,,미부착,,개방 가능,공공누리 1유형,,,O,,,,,단순 정보,
2632,한국영상자료원,HOME > 기관소개 > 기관소식 > 공지사항,공지사항,박물관｜한국영화박물관 6월 휴관일 안내,,,2021.05.25,,미부착,,개방 가능,공공누리 1유형,,,O,,,,,단순 정보,
2633,한국영상자료원,HOME > 기관소개 > 기관소식 > 공지사항,공지사항,기관소식｜[공사 안내] 5월 29일(토)~30일(일) 한국영상자료원 정문 앞 공사 안내,,,2021.05.28,,미부착,,개방 가능,공공누리 1유형,,,O,,,,,단순 정보,
2634,한국영상자료원,HOME > 기관소개 > 기관소식 > 공지사항,공지사항,박물관｜[박물관 이벤트] 인스타그램 이벤트 <1961년 한국영화 돌아보기> 1탄 안내(아카이브 프리즘 4호),,,2021.06.04,,미부착,,개방 가능,공공누리 1유형,,,O,,,,,단순 정보,
2635,한국영상자료원,HOME > 기관소개 > 기관소식 > 공지사항,공지사항,도서관｜[신착자료] 2021년 5월 영상도서관 신착자료(비디오) 안내,,,2021.06.04,,미부착,,개방 가능,공공누리 2~4유형,,,,,O,,,블루레이 표지 사진,
2636,한국영상자료원,HOME > 기관소개 > 기관소식 > 공지사항,공지사항,"기관소식｜[뉴스레터] 따끈따끈 새로 오픈한 영화 커뮤니티 공간, 여긴 어디?",,,2021.06.06,,미부착,,개방 가능,공공누리 1유형,,,O,,,,,업무상 저작물,
2637,한국영상자료원,HOME > 기관소개 > 기관소식 > 공지사항,공지사항,기관소식｜[영상자료원 스탬프 투어 안내] 대중교통 이용하고 화분 키트 받고! (종료),,,2021.06.11,,미부착,,개방 가능,공공누리 2~4유형,,,,,O,,,창작 소품 사진,
2638,한국영상자료원,HOME > 기관소개 > 기관소식 > 공지사항,공지사항,KOFA｜2021년06월16일 16:00 1관 상영작 <중경상림> 관련 안내사항건입니다,,,2021.06.14,,미부착,,개방 가능,공공누리 1유형,,,O,,,,,단순 정보,
2639,한국영상자료원,HOME > 기관소개 > 기관소식 > 공지사항,공지사항,KOFA｜[예매오류안내] 2021년 6월 15일 예매 오류 안내,,,2021.06.15,,미부착,,개방 가능,공공누리 1유형,,,O,,,,,단순 정보,
2640,한국영상자료원,HOME > 기관소개 > 기관소식 > 공지사항,공지사항,KOFA｜[예매정상안내] 시네마테크KOFA 온라인 예매 재개 안내,,,2021.06.15,,미부착,,개방 가능,공공누리 1유형,,,O,,,,,단순 정보,
2641,한국영상자료원,HOME > 기관소개 > 기관소식 > 공지사항,공지사항,도서관｜[신착자료] 2021년 6월 영상도서관 신착자료(비디오) 안내,,,2021.06.17,,미부착,,개방 가능,공공누리 1유형,,,O,,,,,업무상 저작물,
2642,한국영상자료원,HOME > 기관소개 > 기관소식 > 공지사항,공지사항,도서관｜[안내] 영상도서관 사이드테이블 이용안내,,,2021.06.17,,미부착,,개방 가능,공공누리 1유형,,,O,,,,,업무상 저작물,
2643,한국영상자료원,HOME > 기관소개 > 기관소식 > 공지사항,공지사항,기관소식｜2021년 한국영상자료원 혁신계획,,,2021.06.18,첨부파일,미부착,,개방 가능,공공누리 1유형,,,O,,,,,업무상 저작물,
2644,한국영상자료원,HOME > 기관소개 > 기관소식 > 공지사항,공지사항,박물관｜[박물관 이벤트] 인스타그램 이벤트 3탄 안내(아카이브 프리즘 4호),,,2021.06.19,,미부착,,개방 가능,공공누리 1유형,,,O,,,,,단순 정보,
2645,한국영상자료원,HOME > 기관소개 > 기관소식 > 공지사항,공지사항,KOFA｜[매진] 6월 19일(토) 17:00 상영작 <2046>,,,2021.06.19,,미부착,,개방 가능,공공누리 1유형,,,O,,,,,단순 정보,
2646,한국영상자료원,HOME > 기관소개 > 기관소식 > 공지사항,공지사항,기관소식｜한국영상자료원 스탬프 투어 종료 안내(기념품 소진),,,2021.06.24,,미부착,,개방 가능,공공누리 1유형,,,O,,,,,업무상 저작물,
2647,한국영상자료원,HOME > 기관소개 > 기관소식 > 공지사항,공지사항,기관소식｜[뉴스레터] ‘1961년 한국영화’ 환갑잔치에 초대합니다,,,2021.07.05,,미부착,,개방 가능,공공누리 1유형,,,,O,,,,영화 포스터,
2648,한국영상자료원,HOME > 기관소개 > 기관소식 > 공지사항,공지사항,기관소식｜[점검안내]한국영상자료원 홈페이지 점검 안내(7월7일 19시~21시),,,2021.07.06,,미부착,,개방 가능,공공누리 1유형,,,O,,,,,단순 정보,
2649,한국영상자료원,HOME > 기관소개 > 기관소식 > 공지사항,공지사항,기관소식｜영화 빅데이터 구축·활용 분야의 창의적 아이디어 발굴을 위하여 아래와 같이 공모전을 실시합니다.,,,2021.07.07,,미부착,,개방 가능,공공누리 1유형,,,O,,,,,단순 정보,
2650,한국영상자료원,HOME > 기관소개 > 기관소식 > 공지사항,공지사항,기관소식｜[극장 대관] 서비스 중지 및 취소(21.07.12~),,,2021.07.09,첨부파일,1유형,,개방 가능,공공누리 1유형,,,O,,,,,업무상 저작물,
2651,한국영상자료원,HOME > 기관소개 > 기관소식 > 공지사항,공지사항,기관소식｜[긴급] 한국영상자료원 대민시설 임시 휴관 안내(07.09.(금)~07.11.(일)),,,2021.07.09,,미부착,,개방 가능,공공누리 1유형,,,O,,,,,단순 정보,
2652,한국영상자료원,HOME > 기관소개 > 기관소식 > 공지사항,공지사항,기관소식｜[대민시설 공통] 한국영상자료원 대민시설 사전예약 임시 중단 안내(2021.07.12),,,2021.07.12,,미부착,,개방 가능,공공누리 1유형,,,O,,,,,단순 정보,
2653,한국영상자료원,HOME > 기관소개 > 기관소식 > 공지사항,공지사항,기관소식｜[대민시설 공통] 한국영상자료원 대민시설 운영 재개 안내,,,2021.07.12,,미부착,,개방 가능,공공누리 1유형,,,O,,,,,단순 정보,
2654,한국영상자료원,HOME > 기관소개 > 기관소식 > 공지사항,공지사항,"도서관｜[큐레이션] 2021년 3분기 영상도서관 큐레이션 <오프 스크린, 1961>",,,2021.07.14,,미부착,,개방 가능,공공누리 2~4유형,,,,,O,,,"영화 스틸컷, 사진 등",
2655,한국영상자료원,HOME > 기관소개 > 기관소식 > 공지사항,공지사항,도서관｜[신착자료] 영상도서관 신착자료(도서) 안내,,,2021.07.15,,미부착,,개방 가능,공공누리 1유형,,,O,,,,,업무상 저작물,
2656,한국영상자료원,HOME > 기관소개 > 기관소식 > 공지사항,공지사항,박물관｜[봉사단]한국영화박물관 봉사단 4기 모집 공고(~7/30),,,2021.07.15,첨부파일,미부착,,개방 가능,공공누리 2~4유형,,,,,O,,,그래픽 디자인 포스터,
2657,한국영상자료원,HOME > 기관소개 > 기관소식 > 공지사항,공지사항,KOFA｜도서 『영화는 무엇이 될 것인가?』 온라인 간담회 공지,,,2021.07.15,첨부파일,미부착,,개방 가능,공공누리 1유형,,,O,,,,,업무상 저작물,
2658,한국영상자료원,HOME > 기관소개 > 기관소식 > 공지사항,공지사항,기관소식｜<아카이브 프리즘> #5 '리뷰 한국영화 2000-2020',,,2021.07.15,,미부착,,개방 가능,공공누리 1유형,,,O,,,,,업무상 저작물,
2659,한국영상자료원,HOME > 기관소개 > 기관소식 > 공지사항,공지사항,기관소식｜통합방역창구 1층 '안심콜 출입관리시스템' 도입,,,2021.07.20,,미부착,,개방 가능,공공누리 1유형,,,O,,,,,업무상 저작물,
2660,한국영상자료원,HOME > 기관소개 > 기관소식 > 공지사항,공지사항,박물관｜온라인 강좌 '영화+글 시리즈 세 번째: 영화 비평 쓰기' 참여 인원 안내,,,2021.07.22,,미부착,,개방 가능,공공누리 1유형,,,O,,,,,단순 정보,
2661,한국영상자료원,HOME > 기관소개 > 기관소식 > 공지사항,공지사항,도서관｜[신착자료] 2021년 7월 영상도서관 신착자료(비디오) 안내,,,2021.07.28,,미부착,,개방 가능,공공누리 2~4유형,,,,,O,,,블루레이 표지 사진,
2662,한국영상자료원,HOME > 기관소개 > 기관소식 > 공지사항,공지사항,기관소식｜블랙리스트 실행 관련 사과문 게재 및 추가 입장,,,2021.07.28,,미부착,,개방 가능,공공누리 1유형,,,O,,,,,업무상 저작물,
2663,한국영상자료원,HOME > 기관소개 > 기관소식 > 공지사항,공지사항,기관소식｜[뉴스레터] 곧 출발합니다. 어서 '메타버스'에 탑승하세요!,,,2021.08.02,,미부착,,개방 가능,공공누리 2~4유형,,,,,O,,,캐릭터 포함 포스터 등,
2664,한국영상자료원,HOME > 기관소개 > 기관소식 > 공지사항,공지사항,박물관｜[봉사단]한국영화박물관 봉사단 4기 1차 서류합격자 및 면접 시간 안내,,,2021.08.07,첨부파일,미부착,,개방 가능,공공누리 1유형,,,O,,,,,단순 정보,
2665,한국영상자료원,HOME > 기관소개 > 기관소식 > 공지사항,공지사항,도서관｜[신착자료] 2021년 8월 영상도서관 신착자료(비디오) 안내,,,2021.08.20,,미부착,,개방 가능,공공누리 2~4유형,,,,,O,,,블루레이 표지 사진,
2666,한국영상자료원,HOME > 기관소개 > 기관소식 > 공지사항,공지사항,박물관｜[봉사단]한국영화박물관 봉사단 4기 최종 합격자 발표,,,2021.08.20,,미부착,,개방 가능,공공누리 1유형,,,O,,,,,단순 정보,
2667,한국영상자료원,HOME > 기관소개 > 기관소식 > 공지사항,공지사항,"박물관｜[모집공고] 한국영화박물관 체험활동지 <떠나자, 한국영화박물관으로!> 참여 단체 모집 안내",,,2021.08.21,첨부파일,미부착,,개방 가능,공공누리 2~4유형,,,,,O,,,캐릭터 포함 포스터 1장,
2668,한국영상자료원,HOME > 기관소개 > 기관소식 > 공지사항,공지사항,기관소식｜[긴급] 한국영상자료원 대민시설 임시 휴관 안내(08.26.(목)~08.28.(토)),,,2021.08.26,,미부착,,개방 가능,공공누리 1유형,,,O,,,,,단순 정보,
2669,한국영상자료원,HOME > 기관소개 > 기관소식 > 공지사항,공지사항,기관소식｜[긴급] 한국영상자료원 대민시설 임시 휴관 연장 안내(08.26.(목)~별도 안내시 까지),,,2021.08.28,,미부착,,개방 가능,공공누리 1유형,,,O,,,,,단순 정보,
2670,한국영상자료원,HOME > 기관소개 > 기관소식 > 공지사항,공지사항,기관소식｜한국영상자료원 대민시설 운영 재개 안내(8.31(화)부터),,,2021.08.30,,미부착,,개방 가능,공공누리 1유형,,,O,,,,,단순 정보,
2671,한국영상자료원,HOME > 기관소개 > 기관소식 > 공지사항,공지사항,기관소식｜[뉴스레터] 한국영상자료원 복원 기초반 2강,,,2021.09.05,,미부착,,개방 가능,공공누리 2~4유형,,,,,O,,,"그래픽, 사진 등",
2672,한국영상자료원,HOME > 기관소개 > 기관소식 > 공지사항,공지사항,"KOFA｜[공동주최] Docs on STAGE <둥글고 둥글게> 상영 & GV(장민승감독, 정재일 음악감독)",,,2021.09.06,,미부착,,개방 가능,공공누리 2~4유형,,,,,O,O,,"그래픽, 인물사진 등",
2673,한국영상자료원,HOME > 기관소개 > 기관소식 > 공지사항,공지사항,도서관｜[신착자료] 2021년 9월 영상도서관 신착자료(비디오) 안내,,,2021.09.11,,미부착,,개방 가능,공공누리 2~4유형,,,,,O,,,블루레이 표지 사진,
2674,한국영상자료원,HOME > 기관소개 > 기관소식 > 공지사항,공지사항,박물관｜한국영화박물관 운영변경 안내,,,2021.09.14,,미부착,,개방 가능,공공누리 1유형,,,O,,,,,단순 정보,
2675,한국영상자료원,HOME > 기관소개 > 기관소식 > 공지사항,공지사항,기관소식｜[휴관] 추석 연휴 대민시설 휴관 안내(21.09.19~09.22),,,2021.09.16,,미부착,,개방 가능,공공누리 1유형,,,O,,,,,단순 정보,
2676,한국영상자료원,HOME > 기관소개 > 기관소식 > 공지사항,공지사항,기관소식｜[뉴스레터] ‘찾아가는 영화관’ 20주년을 축하해 주세요,,,2021.10.04,,미부착,,개방 가능,공공누리 1유형,,,O,,,,,업무상 저작물,
2677,한국영상자료원,HOME > 기관소개 > 기관소식 > 공지사항,공지사항,도서관｜[이벤트] 지역미디어라이브러리 X 찾아가는 영화관 이벤트 안내,,,2021.10.05,,미부착,,개방 가능,공공누리 2~4유형,,,,,O,,,캐릭터 포함 포스터 등,
2678,한국영상자료원,HOME > 기관소개 > 기관소식 > 공지사항,공지사항,도서관｜[신착자료] 2021년 10월 영상도서관 신착자료(비디오) 안내,,,2021.10.09,,미부착,,개방 가능,공공누리 2~4유형,,,,,O,,,블루레이 표지 사진,
2679,한국영상자료원,HOME > 기관소개 > 기관소식 > 공지사항,공지사항,기관소식｜[긴급] 한국영상자료원 대민시설 임시휴관(10월15일~),,,2021.10.15,,미부착,,개방 가능,공공누리 1유형,,,O,,,,,단순 정보,
2680,한국영상자료원,HOME > 기관소개 > 기관소식 > 공지사항,공지사항,기관소식｜한국영상자료원 대민시설 운영재개(10월 17일부터),,,2021.10.16,,미부착,,개방 가능,공공누리 1유형,,,O,,,,,단순 정보,
2681,한국영상자료원,HOME > 기관소개 > 기관소식 > 공지사항,공지사항,기관소식｜한국영상자료원 원장 공개모집 공고,,,2021.10.22,첨부파일,미부착,,개방 가능,공공누리 1유형,,,O,,,,,업무상 저작물,
2682,한국영상자료원,HOME > 기관소개 > 기관소식 > 공지사항,공지사항,KOFA｜[발간물] 시네마테크KOFA 신규 블루레이 <마부> 발간 이벤트,,,2021.10.27,,미부착,,개방 가능,공공누리 1유형,,,O,,,,,단순 정보,
2683,한국영상자료원,HOME > 기관소개 > 기관소식 > 공지사항,공지사항,기관소식｜[뉴스레터] <정훈이만화> 전시에서 꼭 봐야 하는 것은?,,,2021.11.01,,미부착,,개방 가능,공공누리 2~4유형,,,,,O,O,,"만화 전시실 사진, 인물사진 등",
2684,한국영상자료원,HOME > 기관소개 > 기관소식 > 공지사항,공지사항,기관소식｜<아카이브 프리즘> #6 '이런 책을 읽어왔다 - 1980년 이후의 영화도서',,,2021.11.04,,미부착,,개방 가능,공공누리 1유형,,,O,,,,,업무상 저작물,
2685,한국영상자료원,HOME > 기관소개 > 기관소식 > 공지사항,공지사항,기관소식｜[학술심포지엄 안내] B급 영화의 시대: 1970년대 영화와 한국사회,,,2021.11.08,,미부착,,개방 가능,공공누리 2~4유형,,,,,O,,,영화 스틸컷 포함 포스터 1장,
2686,한국영상자료원,HOME > 기관소개 > 기관소식 > 공지사항,공지사항,도서관｜[신착자료] 2021년 11월 영상도서관 신착자료(비디오) 안내,,,2021.11.09,,미부착,,개방 가능,공공누리 1유형,,,O,,,,,업무상 저작물,
2687,한국영상자료원,HOME > 기관소개 > 기관소식 > 공지사항,공지사항,KOFA｜극장 대관 서비스 재개 및 신청 안내,,,2021.11.09,,미부착,,개방 가능,공공누리 1유형,,,O,,,,,단순 정보,
2688,한국영상자료원,HOME > 기관소개 > 기관소식 > 공지사항,공지사항,도서관｜[큐레이션] 2021년 4분기 영상도서관 큐레이션 <여성영화-캐릭터 배틀>,,,2021.11.21,,미부착,,개방 가능,공공누리 2~4유형,,,,,O,,,영화 스틸컷 다수,
2689,한국영상자료원,HOME > 기관소개 > 기관소식 > 공지사항,공지사항,기관소식｜한국영상자료원 2021년 국가안전대진단 안전점검 결과 공개,,,2021.11.22,첨부파일,미부착,,개방 가능,공공누리 1유형,,,O,,,,,업무상 저작물,
2690,한국영상자료원,HOME > 기관소개 > 기관소식 > 공지사항,공지사항,기관소식｜한국영상자료원 원장 공개모집 재공고,,,2021.11.23,첨부파일,미부착,,개방 가능,공공누리 1유형,,,O,,,,,업무상 저작물,
2691,한국영상자료원,HOME > 기관소개 > 기관소식 > 공지사항,공지사항,기관소식｜[긴급] 한국영상자료원 대민시설 임시 휴관(11월 28일~),,,2021.11.28,,미부착,,개방 가능,공공누리 1유형,,,O,,,,,단순 정보,
2692,한국영상자료원,HOME > 기관소개 > 기관소식 > 공지사항,공지사항,"KOFA｜시설 운영 재개 및 <에드우드>, <액션 히어로> 일정 변경",,,2021.11.30,,미부착,,개방 가능,공공누리 2~4유형,,,,,O,,,영화 스틸컷 3장,
2693,한국영상자료원,HOME > 기관소개 > 기관소식 > 공지사항,공지사항,기관소식｜2021년 KMDb VOD 이벤트: 제12회 '도전! 나도 프로그래머',,,2021.12.01,,미부착,,개방 가능,공공누리 2~4유형,,,,,O,,,영화 스틸컷 다수,
2694,한국영상자료원,HOME > 기관소개 > 기관소식 > 공지사항,공지사항,기관소식｜공공기관 고객만족도조사 관련 개인정보 제3자 제공사항 알림,,,2021.12.03,,미부착,,개방 가능,공공누리 1유형,,,O,,,,,단순 정보,
2695,한국영상자료원,HOME > 기관소개 > 기관소식 > 공지사항,공지사항,기관소식｜한국영상자료원 방역패스 의무적용 시설이용안내,,,2021.12.06,,미부착,,개방 가능,공공누리 1유형,,,O,,,,,단순 정보,
2696,한국영상자료원,HOME > 기관소개 > 기관소식 > 공지사항,공지사항,기관소식｜한국영상자료원 2021년 기관홈페이지 및 KMDb 홈페이지 만족도 조사,,,2021.12.13,,미부착,,개방 가능,공공누리 1유형,,,O,,,,,단순 정보,
2697,한국영상자료원,HOME > 기관소개 > 기관소식 > 공지사항,공지사항,도서관｜[신착자료] 2021년 12월 영상도서관 신착자료(비디오) 안내,,,2021.12.15,,미부착,,개방 가능,공공누리 2~4유형,,,,,O,,,블루레이 표지 사진,
2698,한국영상자료원,HOME > 기관소개 > 기관소식 > 공지사항,공지사항,도서관｜[신착자료] 영상도서관 신착자료(도서) 안내,,,2021.12.16,,미부착,,개방 가능,공공누리 1유형,,,O,,,,,업무상 저작물,
2699,한국영상자료원,HOME > 기관소개 > 기관소식 > 공지사항,공지사항,"KOFA｜12월 온/오프라인 독립영화 연말정산 '월페이퍼' 이벤트 (무료 배포, PC/모바일)",,,2021.12.21,첨부파일,미부착,,개방 가능,공공누리 2~4유형,,,,,O,,,그래픽 포스터,
2700,한국영상자료원,HOME > 기관소개 > 기관소식 > 공지사항,공지사항,박물관｜[이벤트변경] 한국영화박물관 회원대상 영화카드 증정 이벤트 일정 변경되었습니다.,,,2021.12.21,,미부착,,개방 가능,공공누리 1유형,,,O,,,,,단순 정보,
2701,한국영상자료원,HOME > 기관소개 > 기관소식 > 공지사항,공지사항,기관소식｜2021년 기관홈페이지 및 KMDb홈페이지 이용자 만족도 조사 이벤트 당첨자 발표,,,2021.12.21,,미부착,,개방 가능,공공누리 1유형,,,O,,,,,단순 정보,
2702,한국영상자료원,HOME > 기관소개 > 기관소식 > 공지사항,공지사항,도서관｜[공지사항] 영상도서관 OTT 서비스 종료 안내,,,2021.12.23,,미부착,,개방 가능,공공누리 2~4유형,,,,,O,,,그래픽 사진,
2703,한국영상자료원,HOME > 기관소개 > 기관소식 > 공지사항,공지사항,기관소식｜[당선자 발표] 제12회 도전! 나도 프로그래머,,,2021.12.27,,미부착,,개방 가능,공공누리 1유형,,,O,,,,,단순 정보,
2704,한국영상자료원,HOME > 기관소개 > 기관소식 > 공지사항,공지사항,KOFA｜[예매방법변경] 시네마테크KOFA 2022년 예매 시스템 서버 변경에 따른 예매 방법 변경 안내(2022.01~),,,2021.12.28,,미부착,,개방 가능,공공누리 1유형,,,O,,,,,단순 정보,
2705,한국영상자료원,HOME > 기관소개 > 기관소식 > 공지사항,공지사항,기관소식｜[휴관] 한국영상자료원 휴관 안내 (2022.01.01. ~ 01.03.),,,2021.12.30,,미부착,,개방 가능,공공누리 1유형,,,O,,,,,단순 정보,
2706,한국영상자료원,HOME > 기관소개 > 기관소식 > 공지사항,공지사항,도서관｜[희망신청자료] 2022년 영상도서관 희망자료신청 안내,,,2021.12.30,,미부착,,개방 가능,공공누리 1유형,,,O,,,,,단순 정보,
2707,한국영상자료원,HOME > 기관소개 > 기관소식 > 공지사항,공지사항,KOFA｜시네마테크KOFA 예매 서버 오류 이용안내,,,2021.12.30,,미부착,,개방 가능,공공누리 1유형,,,O,,,,,단순 정보,
2708,한국영상자료원,HOME > 기관소개 > 기관소식 > 공지사항,공지사항,기관소식｜한국영상자료원 자기님의 생각을 알려주세요!,,,2021.12.31,,미부착,,개방 가능,공공누리 1유형,,,O,,,,,업무상 저작물,
2709,한국영상자료원,HOME > 기관소개 > 기관소식 > 공지사항,공지사항,KOFA｜[예매안내] 신규 서버 테스트 기간 연장으로 인한 2022년 1월 예매 안내,,,2022.01.03,,미부착,,개방 가능,공공누리 1유형,,,O,,,,,단순 정보,
2710,한국영상자료원,HOME > 기관소개 > 기관소식 > 공지사항,공지사항,KOFA｜[예매안내] 시네마테크KOFA 신규 서버 예매안내 (1월5일(수)~),,,2022.01.03,,미부착,,개방 가능,공공누리 1유형,,,O,,,,,단순 정보,
2711,한국영상자료원,HOME > 기관소개 > 기관소식 > 공지사항,공지사항,KOFA｜[예매방법안내] 시네마테크KOFA 신규 서버 예매 및 예매 취소 방법 안내,,,2022.01.06,첨부파일,미부착,,개방 가능,공공누리 1유형,,,O,,,,,업무상 저작물,
2712,한국영상자료원,HOME > 기관소개 > 기관소식 > 공지사항,공지사항,기관소식｜[휴관] 한국영상자료원 휴관 안내 (2022.01.18),,,2022.01.12,,미부착,,개방 가능,공공누리 1유형,,,O,,,,,단순 정보,
2713,한국영상자료원,HOME > 기관소개 > 기관소식 > 공지사항,공지사항,기관소식｜한국영상자료원 대민시설 방역패스 해제 안내,,,2022.01.19,,미부착,,개방 가능,공공누리 1유형,,,O,,,,,단순 정보,
2714,한국영상자료원,HOME > 기관소개 > 기관소식 > 공지사항,공지사항,"기관소식｜[안내] 한국영화박물관, 영상도서관 예약관련 변경 사항 공지 (2022.01.25.~)",,,2022.01.19,,미부착,,개방 가능,공공누리 2~4유형,,,,,O,,,그래픽 디자인,
2715,한국영상자료원,HOME > 기관소개 > 기관소식 > 공지사항,공지사항,도서관｜[큐레이션] 2021년 영상도서관 최다열람작품 순위를 공개합니다,,,2022.01.19,,미부착,,개방 가능,공공누리 2~4유형,,,,,O,,,"그래픽 디자인, 영화 스틸컷",
2716,한국영상자료원,HOME > 기관소개 > 기관소식 > 공지사항,공지사항,박물관｜[이벤트] 한국영화박물관 영화카드 사은품 증정 이벤트,,,2022.01.20,,미부착,,개방 가능,공공누리 1유형,,,O,,,,,업무상 저작물,
2717,한국영상자료원,HOME > 기관소개 > 기관소식 > 공지사항,공지사항,기관소식｜1월 23일(일) 한국영상자료원 정문 출입 통제 안내(13:00 까지),,,2022.01.21,,미부착,,개방 가능,공공누리 1유형,,,O,,,,,단순 정보,
2718,한국영상자료원,HOME > 기관소개 > 기관소식 > 공지사항,공지사항,박물관｜★ 한국영화박물관 예약 변경 사항 안내 (2022.01.25.~),,,2022.01.24,,미부착,,개방 가능,공공누리 1유형,,,O,,,,,단순 정보,
2719,한국영상자료원,HOME > 기관소개 > 기관소식 > 공지사항,공지사항,기관소식｜[설연휴 휴관 안내] 한국영상자료원 대민시설 설 연휴 휴관 안내,,,2022.01.25,,미부착,,개방 가능,공공누리 2~4유형,,,,,O,,,캐릭터 포함 디자인,
2720,한국영상자료원,HOME > 기관소개 > 기관소식 > 공지사항,공지사항,도서관｜[큐레이션] 한국영화박물관 기획전시 연계 영상도서관 자료 추천,,,2022.01.26,,미부착,,개방 가능,공공누리 2~4유형,,,,,O,,,만화 컷 포함 영화별 소개 자료,
2721,한국영상자료원,HOME > 기관소개 > 기관소식 > 공지사항,공지사항,기관소식｜한국영화데이터베이스(KMDb) 홈페이지 이용 불편 안내,,,2022.01.28,,미부착,,개방 가능,공공누리 1유형,,,O,,,,,단순 정보,
2722,한국영상자료원,HOME > 기관소개 > 기관소식 > 공지사항,공지사항,기관소식｜<아카이브 프리즘> 7호 증정 이벤트,,,2022.02.17,,미부착,,개방 가능,공공누리 1유형,,,O,,,,,업무상 저작물,
2723,한국영상자료원,HOME > 기관소개 > 기관소식 > 공지사항,공지사항,기관소식｜<아카이브 프리즘> 2022년 구독권 증정 대상자 발표,,,2022.02.28,,미부착,,개방 가능,공공누리 1유형,,,O,,,,,단순 정보,
2724,한국영상자료원,HOME > 기관소개 > 기관소식 > 공지사항,공지사항,기관소식｜[휴관안내] 제20대 대통령선거 (3월9일(수)) 휴관,,,2022.03.02,,미부착,,개방 가능,공공누리 1유형,,,O,,,,,단순 정보,
2725,한국영상자료원,HOME > 기관소개 > 기관소식 > 공지사항,공지사항,기관소식｜[뉴스레터] 한국 애니메이션의 화려한 부활!,,,2022.03.07,,미부착,,개방 가능,공공누리 2~4유형,,,,,O,,,애니메이션 스틸컷 다수,
2726,한국영상자료원,HOME > 기관소개 > 기관소식 > 공지사항,공지사항,도서관｜[큐레이션] 2022년 1분기 영상도서관 큐레이션 <시나리오의 힘을 보여주는 영화>,,,2022.03.10,,미부착,,개방 가능,공공누리 2~4유형,,,,,O,,,캐릭터 포함 포스터,
2727,한국영상자료원,HOME > 기관소개 > 기관소식 > 공지사항,공지사항,박물관｜[기획전시 D-15 이벤트] 정훈이만화 기획전시 도록 & 굿즈 증정,,,2022.03.10,,미부착,,개방 가능,공공누리 1유형,,,O,,,,,업무상 저작물,
2728,한국영상자료원,HOME > 기관소개 > 기관소식 > 공지사항,공지사항,도서관｜[휴관안내] 건물 내 확진자 발생으로 인한 휴관 안내 (3/12~3/13),,,2022.03.11,,미부착,,개방 가능,공공누리 1유형,,,O,,,,,업무상 저작물,
2729,한국영상자료원,HOME > 기관소개 > 기관소식 > 공지사항,공지사항,박물관｜기획전시 마감일 변경 안내,,,2022.03.15,,미부착,,개방 가능,공공누리 1유형,,,O,,,,,단순 정보,
2730,한국영상자료원,HOME > 기관소개 > 기관소식 > 공지사항,공지사항,KOFA｜3월 19일(토) <너에게 가는 길> GV 모더레이터 변경 공지,,,2022.03.18,,미부착,,개방 가능,공공누리 1유형,,,O,,,,,단순 정보,
2731,한국영상자료원,HOME > 기관소개 > 기관소식 > 공지사항,공지사항,도서관｜[영상도서관] 2022년 3월 영상도서관 신착 비디오 안내,,,2022.03.25,,미부착,,개방 가능,공공누리 1유형,,,O,,,,,업무상 저작물,
2732,한국영상자료원,HOME > 기관소개 > 기관소식 > 공지사항,공지사항,KOFA｜3월 26일(토) <휴가> GV 모더레이터 변경 공지,,,2022.03.25,,미부착,,개방 가능,공공누리 1유형,,,O,,,,,단순 정보,
2733,한국영상자료원,HOME > 기관소개 > 기관소식 > 공지사항,공지사항,기관소식｜[뉴스레터] 책장에서 스크린으로 도약한 원작소설 영화 ‘시네마테크KOFA’로 오세요!,,,2022.03.31,,미부착,,개방 가능,공공누리 2~4유형,,,,,O,,,영화 스틸컷 다수,
2734,한국영상자료원,HOME > 기관소개 > 기관소식 > 공지사항,공지사항,도서관｜[신착자료] 영상도서관 신간 도서 안내,,,2022.04.03,,미부착,,개방 가능,공공누리 1유형,,,O,,,,,업무상 저작물,
2735,한국영상자료원,HOME > 기관소개 > 기관소식 > 공지사항,공지사항,KOFA｜시네마테크KOFA 대관 운영 관련 안내,,,2022.04.18,,미부착,,개방 가능,공공누리 1유형,,,O,,,,,단순 정보,
2736,한국영상자료원,HOME > 기관소개 > 기관소식 > 공지사항,공지사항,기관소식｜지구의 날 <탄소중립실천 : 씨앗나눔> 이벤트 안내,,,2022.04.19,,미부착,,개방 가능,공공누리 2~4유형,,,,,O,,,그래픽 포함 포스터,
2737,한국영상자료원,HOME > 기관소개 > 기관소식 > 공지사항,공지사항,KOFA｜시네마테크KOFA 좌석 확대 운영 안내 [4월26일~별도 안내 시 까지],,,2022.04.21,첨부파일,미부착,,개방 가능,공공누리 1유형,,,O,,,,,단순 정보,
2738,한국영상자료원,HOME > 기관소개 > 기관소식 > 공지사항,공지사항,기관소식｜[휴관] 2022년 5월 1일(일) 근로자의 날 휴관 안내,,,2022.04.27,,미부착,,개방 가능,공공누리 1유형,,,O,,,,,단순 정보,
2739,한국영상자료원,HOME > 기관소개 > 기관소식 > 공지사항,공지사항,기관소식｜2022년 <아카이브 프리즘> 정기 구독자 모집,,,2022.04.28,,미부착,,개방 가능,공공누리 2~4유형,,,,,O,,,그래픽 포스터,
2740,한국영상자료원,HOME > 기관소개 > 기관소식 > 공지사항,공지사항,"기관소식｜[뉴스레터] 뜨겁게 타올랐던 한국 영화사(史)의 심장, <위대한 유산: 태흥영화 1984-2004>",,,2022.04.29,,미부착,,개방 가능,공공누리 1유형,,,,O,,,,영화 포스터,
2741,한국영상자료원,HOME > 기관소개 > 기관소식 > 공지사항,공지사항,기관소식｜[안내] 한국영상자료원 서버 점검 (22.05.04. 12:00~12:15),,,2022.05.04,,미부착,,개방 가능,공공누리 1유형,,,O,,,,,업무상 저작물,
2742,한국영상자료원,HOME > 기관소개 > 기관소식 > 공지사항,공지사항,기관소식｜2022년 <아카이브 프리즘> 정기 구독자 발표,,,2022.05.06,,미부착,,개방 가능,공공누리 1유형,,,O,,,,,단순 정보,
2743,한국영상자료원,HOME > 기관소개 > 기관소식 > 공지사항,공지사항,KOFA｜시네마테크KOFA 좌석 운영 안내 (22.05.10.~),,,2022.05.07,첨부파일,미부착,,개방 가능,공공누리 1유형,,,O,,,,,단순 정보,
2744,한국영상자료원,HOME > 기관소개 > 기관소식 > 공지사항,공지사항,도서관｜[공지사항] 영상도서관 운영 사항 변동 안내,,,2022.05.08,,미부착,,개방 가능,공공누리 1유형,,,O,,,,,단순 정보,
2745,한국영상자료원,HOME > 기관소개 > 기관소식 > 공지사항,공지사항,KOFA｜[예매] 5월 12일 <하류인생> 개막식 예매 안내,,,2022.05.10,,미부착,,개방 가능,공공누리 1유형,,,O,,,,,단순 정보,
2746,한국영상자료원,HOME > 기관소개 > 기관소식 > 공지사항,공지사항,도서관｜[신착자료] 2022년 4월 영상도서관 신착 비디오 안내,,,2022.05.18,,미부착,,개방 가능,공공누리 2~4유형,,,,,O,,,블루레이 표지 사진,
2747,한국영상자료원,HOME > 기관소개 > 기관소식 > 공지사항,공지사항,기관소식｜[휴관] 2022년 6월 1일(수) 전국동시지방선거일 휴관 안내,,,2022.05.24,,미부착,,개방 가능,공공누리 1유형,,,O,,,,,업무상 저작물,
2748,한국영상자료원,HOME > 기관소개 > 기관소식 > 공지사항,공지사항,도서관｜[신착자료] 2022년 5월 영상도서관 신착 비디오 안내,,,2022.05.25,,미부착,,개방 가능,공공누리 2~4유형,,,,,O,,,블루레이 표지 사진,
2749,한국영상자료원,HOME > 기관소개 > 기관소식 > 공지사항,공지사항,KOFA｜시네마테크KOFA 좌석 변경 운영 안내 (6월 2일(목)~ 별도 안내 시 까지),,,2022.05.26,,미부착,,개방 가능,공공누리 1유형,,,O,,,,,단순 정보,
2750,한국영상자료원,HOME > 기관소개 > 기관소식 > 공지사항,공지사항,KOFA｜5월 29일(일) <미지왕> 참석자 변경 공지,,,2022.05.27,,미부착,,개방 가능,공공누리 1유형,,,O,,,,,단순 정보,
2751,한국영상자료원,HOME > 기관소개 > 기관소식 > 공지사항,공지사항,"기관소식｜[뉴스레터]살아 숨 쉬는 한국영화의 과거를 볼 수 있는 창, ‘유리원판’을 소개합니다",,,2022.06.07,,미부착,,개방 가능,공공누리 2~4유형,,,,,O,,,스틸컷 다수 포함,
2752,한국영상자료원,HOME > 기관소개 > 기관소식 > 공지사항,공지사항,KOFA｜[예매] 6월 16일(목) <카나왈> 예매 안내,,,2022.06.14,,미부착,,개방 가능,공공누리 1유형,,,O,,,,,단순 정보,
2753,한국영상자료원,HOME > 기관소개 > 기관소식 > 공지사항,공지사항,기관소식｜[마감] 한국영화 속으로 여행가자! <KOFA PASSPORT>,,,2022.06.14,,미부착,,개방 가능,공공누리 2~4유형,,,,,O,,,그래픽 포함 포스터,
2754,한국영상자료원,HOME > 기관소개 > 기관소식 > 공지사항,공지사항,기관소식｜대민시설 냉방 관련 안내,,,2022.06.22,,미부착,,개방 가능,공공누리 1유형,,,O,,,,,단순 정보,
2755,한국영상자료원,HOME > 기관소개 > 기관소식 > 공지사항,공지사항,도서관｜[공지사항] 영상도서관X오롯 배리어프리 영화 자막 제작 봉사단 모집 안내 (종료),,,2022.06.30,,미부착,,개방 가능,공공누리 2~4유형,,,,,O,,,그래픽 포스터,
2756,한국영상자료원,HOME > 기관소개 > 기관소식 > 공지사항,공지사항,기관소식｜[뉴스레터] 영화의 자취를 스크린 위에 새기다 ‘발굴·복원 그리고 재창조’,,,2022.07.01,,미부착,,개방 가능,공공누리 1유형,,,,O,,,,영화 스틸컷,
2757,한국영상자료원,HOME > 기관소개 > 기관소식 > 공지사항,공지사항,기관소식｜[휴관] 2022년 7월 15일(금) 대민시설 휴관 안내,,,2022.07.02,,미부착,,개방 가능,공공누리 1유형,,,O,,,,,단순 정보,
2758,한국영상자료원,HOME > 기관소개 > 기관소식 > 공지사항,공지사항,도서관｜[신착자료] 2022년 6월 영상도서관 신착 비디오 안내,,,2022.07.02,,미부착,,개방 가능,공공누리 2~4유형,,,,,O,,,블루레이 표지 사진,
2759,한국영상자료원,HOME > 기관소개 > 기관소식 > 공지사항,공지사항,도서관｜[서포터즈] 영상도서관 대학생 서포터즈 2기 모집 안내 (종료),,,2022.07.02,,미부착,,개방 가능,공공누리 2~4유형,,,,,O,,,그래픽 포스터,
2760,한국영상자료원,HOME > 기관소개 > 기관소식 > 공지사항,공지사항,KOFA｜[상영매체 변경] <앨리스는 이제 여기 살지 않는다> (7.6/10 상영작),,,2022.07.05,,미부착,,개방 가능,공공누리 1유형,,,O,,,,,단순 정보,
2761,한국영상자료원,HOME > 기관소개 > 기관소식 > 공지사항,공지사항,도서관｜[큐레이션] 2022년 2분기 영상도서관 큐레이션 <부산의 활동사진 상설관>,,,2022.07.06,,미부착,,개방 가능,공공누리 2~4유형,,,,,O,,,"신문사진, 도서 사진",
2762,한국영상자료원,HOME > 기관소개 > 기관소식 > 공지사항,공지사항,박물관｜[이벤트] <위대한 유산: 태흥영화 1984-2004> 온라인 기획전시 굿즈 이벤트,,,2022.07.13,,미부착,,개방 가능,공공누리 2~4유형,,,,,O,,,그래픽 디자인,
2763,한국영상자료원,HOME > 기관소개 > 기관소식 > 공지사항,공지사항,박물관｜[휴관] 2022년 7월 15일(금) 한국영화박물관 휴관 안내,,,2022.07.13,,미부착,,개방 가능,공공누리 1유형,,,O,,,,,단순 정보,
2764,한국영상자료원,HOME > 기관소개 > 기관소식 > 공지사항,공지사항,기관소식｜[안내] 코로나19 재확산세에 따른 대민 시설 이용 방법 안내,,,2022.07.22,,미부착,,개방 가능,공공누리 1유형,,,O,,,,,단순 정보,
2765,한국영상자료원,HOME > 기관소개 > 기관소식 > 공지사항,공지사항,KOFA｜[좌석변경운영안내] 애니메이션 상영작 좌석 비율 변경 공지(8.2.~8.6. 일부 상영작),,,2022.07.28,,미부착,,개방 가능,공공누리 1유형,,,O,,,,,단순 정보,
2766,한국영상자료원,HOME > 기관소개 > 기관소식 > 공지사항,공지사항,기관소식｜[뉴스레터]한번 보면 시간이 순삭되는 한국영상자료원 유튜브 채널!,,,2022.07.28,,미부착,,개방 가능,공공누리 1유형,,,O,,,,,업무상 저작물,
2767,한국영상자료원,HOME > 기관소개 > 기관소식 > 공지사항,공지사항,KOFA｜[상영시간 변경 & 부대행사] <흥부와 놀부> 8월 4일 상영,,,2022.07.28,,미부착,,개방 가능,공공누리 1유형,,,O,,,,,단순 정보,
2768,한국영상자료원,HOME > 기관소개 > 기관소식 > 공지사항,공지사항,기관소식｜[공지] 대민시설에 두고 가신 분실물 찾아가 주세요!,,,2022.07.29,,미부착,,개방 가능,공공누리 1유형,,,O,,,,,업무상 저작물,
2769,한국영상자료원,HOME > 기관소개 > 기관소식 > 공지사항,공지사항,도서관｜[신간자료] 영상도서관 신간 도서 안내,,,2022.07.29,,미부착,,개방 가능,공공누리 1유형,,,,O,,,,제3자 권리(도서 표지),
2770,한국영상자료원,HOME > 기관소개 > 기관소식 > 공지사항,공지사항,KOFA｜[수정][좌석변경운영안내] 8.4.(목)~8.7.(일) 일부 상영작 좌석 변경 운영 안내,,,2022.08.02,,미부착,,개방 가능,공공누리 1유형,,,O,,,,,단순 정보,
2771,한국영상자료원,HOME > 기관소개 > 기관소식 > 공지사항,공지사항,기관소식｜[운영시간변경] 한국영상자료원 운영시간 변경 안내 (2022.08.09),,,2022.08.09,,미부착,,개방 가능,공공누리 1유형,,,O,,,,,단순 정보,
2772,한국영상자료원,HOME > 기관소개 > 기관소식 > 공지사항,공지사항,도서관｜[신착자료] 2022년 8월 영상도서관 신착 비디오 안내,,,2022.08.12,,미부착,,개방 가능,공공누리 2~4유형,,,,,O,,,블루레이 표지 사진,
2773,한국영상자료원,HOME > 기관소개 > 기관소식 > 공지사항,공지사항,KOFA｜8월 20일(토) <버텨내고 존재하기> 좌석 변경 운영 안내,,,2022.08.17,,미부착,,개방 가능,공공누리 1유형,,,O,,,,,단순 정보,
2774,한국영상자료원,HOME > 기관소개 > 기관소식 > 공지사항,공지사항,도서관｜[신착자료] 2022년 9월 신착 비디오 안내,,,2022.08.26,,미부착,,개방 가능,공공누리 1유형,,,,O,,,,제3자 권리(DVD/블루레이 이미지),
2775,한국영상자료원,HOME > 기관소개 > 기관소식 > 공지사항,공지사항,KOFA｜[수정] 9월 4일(일) <군함도> 좌석 운영 안내,,,2022.09.01,,미부착,,개방 가능,공공누리 1유형,,,O,,,,,단순 정보,
2776,한국영상자료원,HOME > 기관소개 > 기관소식 > 공지사항,공지사항,KOFA｜[상영매체 변경] <킹콩 대 고지라> (9.1/13 상영작),,,2022.09.01,,미부착,,개방 가능,공공누리 1유형,,,O,,,,,단순 정보,
2777,한국영상자료원,HOME > 기관소개 > 기관소식 > 공지사항,공지사항,기관소식｜[뉴스레터] 종이잡지와 필름아카이브가 만나 탄생한 <아카이브 프리즘>,,,2022.09.02,,미부착,,개방 가능,공공누리 2~4유형,,,,,O,,,"스틸컷, 사진 등",
2778,한국영상자료원,HOME > 기관소개 > 기관소식 > 공지사항,공지사항,기관소식｜한국영상자료원 대민시설 임시 휴관 안내,,,2022.09.05,첨부파일,미부착,,개방 가능,공공누리 2~4유형,,,,,O,,,인물 캐릭터 안내문,
2779,한국영상자료원,HOME > 기관소개 > 기관소식 > 공지사항,공지사항,기관소식｜추석 연휴 휴관 안내[9.9.~9.11],,,2022.09.07,,미부착,,개방 가능,공공누리 2~4유형,,,,,O,,,인물 캐릭터 안내문,
2780,한국영상자료원,HOME > 기관소개 > 기관소식 > 공지사항,공지사항,기관소식｜추석맞이 <아카이브 프리즘> 9호 증정 이벤트,,,2022.09.07,,미부착,,개방 가능,공공누리 1유형,,,O,,,,,업무상 저작물,
2781,한국영상자료원,HOME > 기관소개 > 기관소식 > 공지사항,공지사항,"KOFA｜[좌석운영안내] <서울드라마어워즈> , <2022 노리미츠인 서울 : 필름스크리닝> 좌석 운영 안내",,,2022.09.16,,미부착,,개방 가능,공공누리 1유형,,,O,,,,,단순 정보,
2782,한국영상자료원,HOME > 기관소개 > 기관소식 > 공지사항,공지사항,KOFA｜[좌석운영안내] <제19회 서울국제사랑영화제 : 아가페의 눈 특별전>,,,2022.09.22,,미부착,,개방 가능,공공누리 1유형,,,O,,,,,단순 정보,
2783,한국영상자료원,HOME > 기관소개 > 기관소식 > 공지사항,공지사항,박물관｜한국영화박물관 기존 기획 전시 종료 및 공사 안내,,,2022.09.22,,미부착,,개방 가능,공공누리 1유형,,,O,,,,,단순 정보,
2784,한국영상자료원,HOME > 기관소개 > 기관소식 > 공지사항,공지사항,KOFA｜홍콩 영화의 새로운 물결- <반변인> 및 <가을 날의 동화> 상영,,,2022.09.27,,미부착,,개방 가능,공공누리 1유형,,,O,,,,,단순 정보,
2785,한국영상자료원,HOME > 기관소개 > 기관소식 > 공지사항,공지사항,KOFA｜[한국영상자료원 시네마테크KOFA 시설 만족도 설문조사] 에 참여해주세요,,,2022.09.30,첨부파일,미부착,,개방 가능,공공누리 1유형,,,O,,,,,업무상 저작물,
2786,한국영상자료원,HOME > 기관소개 > 기관소식 > 공지사항,공지사항,"기관소식｜[뉴스레터] 10월이면 생각나는 그 이름, 부산국제영화제!",,,2022.09.30,,미부착,,개방 가능,공공누리 2~4유형,,,,,O,,,"스틸컷, 사진 등",
2787,한국영상자료원,HOME > 기관소개 > 기관소식 > 공지사항,공지사항,KOFA｜시네마테크KOFA 전 좌석 운영 안내(10.11.화 ~),,,2022.10.06,,미부착,,개방 가능,공공누리 1유형,,,O,,,,,단순 정보,
2788,한국영상자료원,HOME > 기관소개 > 기관소식 > 공지사항,공지사항,기관소식｜한국영상자료원 2022년 집중안전점검 추진결과 공개,,,2022.10.12,첨부파일,미부착,,개방 가능,공공누리 1유형,,,O,,,,,업무상 저작물,
2789,한국영상자료원,HOME > 기관소개 > 기관소식 > 공지사항,공지사항,도서관｜[신착자료] 2022년 10월 영상도서관 신착 비디오 안내,,,2022.10.15,,미부착,,개방 가능,공공누리 2~4유형,,,,,O,,,블루레이 표지 사진,
2790,한국영상자료원,HOME > 기관소개 > 기관소식 > 공지사항,공지사항,기관소식｜2022년 이벤트: '제1회 나도! 비디오 에세이스트',,,2022.10.17,,미부착,,개방 가능,공공누리 2~4유형,,,,,O,,,그래픽 디자인,
2791,한국영상자료원,HOME > 기관소개 > 기관소식 > 공지사항,공지사항,KOFA｜[예매안내] 10월 20일(목) <알카라스의 여름> 예매 안내,,,2022.10.18,,미부착,,개방 가능,공공누리 1유형,,,O,,,,,단순 정보,
2792,한국영상자료원,HOME > 기관소개 > 기관소식 > 공지사항,공지사항,기관소식｜전산 설비 및 장비 교체로 인한 서비스 일시 중단 안내,,,2022.10.18,,미부착,,개방 가능,공공누리 1유형,,,O,,,,,단순 정보,
2793,한국영상자료원,HOME > 기관소개 > 기관소식 > 공지사항,공지사항,KOFA｜10월 29일(토) <#살아있다> 상영 취소 안내,,,2022.10.18,,미부착,,개방 가능,공공누리 1유형,,,O,,,,,단순 정보,
2794,한국영상자료원,HOME > 기관소개 > 기관소식 > 공지사항,공지사항,KOFA｜[시네마테크KOFA 영화 상영 및 대관]홈페이지 서비스 일시 중단에 따른 예매 방법 안내,,,2022.10.20,,미부착,,개방 가능,공공누리 1유형,,,O,,,,,단순 정보,
2795,한국영상자료원,HOME > 기관소개 > 기관소식 > 공지사항,공지사항,도서관｜[공지사항] 홈페이지 서비스 일시 중단에 따른 시설 이용 안내,,,2022.10.20,,미부착,,개방 가능,공공누리 1유형,,,O,,,,,단순 정보,
2796,한국영상자료원,HOME > 기관소개 > 기관소식 > 공지사항,공지사항,박물관｜[한국영화박물관]홈페이지 서비스 일시 중단에 따른 예매 방법 안내,,,2022.10.20,,미부착,,개방 가능,공공누리 1유형,,,O,,,,,단순 정보,
2797,한국영상자료원,HOME > 기관소개 > 기관소식 > 공지사항,공지사항,박물관｜2022년 10월 21일 기획 전시 오픈 시간 안내,,,2022.10.20,,미부착,,개방 가능,공공누리 1유형,,,O,,,,,단순 정보,
2798,한국영상자료원,HOME > 기관소개 > 기관소식 > 공지사항,공지사항,"KOFA｜[예매안내] 10월 27일(목) <필름, 우리 기억의 살아있는 기록> 예매 안내",,,2022.10.21,,미부착,,개방 가능,공공누리 1유형,,,O,,,,,단순 정보,
2799,한국영상자료원,HOME > 기관소개 > 기관소식 > 공지사항,공지사항,"KOFA｜[예매안내] 10월 26일(수), 30(일) <임신한 나무와 도깨비[공연]> 예매 안내",,,2022.10.21,,미부착,,개방 가능,공공누리 1유형,,,O,,,,,단순 정보,
2800,한국영상자료원,HOME > 기관소개 > 기관소식 > 공지사항,공지사항,KOFA｜[조치완료] 시네마테크KOFA 예매 오류 안내,,,2022.10.26,,미부착,,개방 가능,공공누리 1유형,,,O,,,,,단순 정보,
2801,한국영상자료원,HOME > 기관소개 > 기관소식 > 공지사항,공지사항,기관소식｜28일(금) 19:00 ~ 한국영상자료원 대민시설 통합예매시스템 이용 불가 안내,,,2022.10.28,,미부착,,개방 가능,공공누리 1유형,,,O,,,,,단순 정보,
2802,한국영상자료원,HOME > 기관소개 > 기관소식 > 공지사항,공지사항,기관소식｜10월 30일 16시 <임신한 나무와 도깨비> 공연 취소 관련,,,2022.10.30,,미부착,,개방 가능,공공누리 1유형,,,O,,,,,단순 정보,
2803,한국영상자료원,HOME > 기관소개 > 기관소식 > 공지사항,공지사항,KOFA｜10월 30일 16시 <임신한 나무와 도깨비> 공연 취소 관련,,,2022.10.30,,미부착,,개방 가능,공공누리 1유형,,,O,,,,,단순 정보,
2804,한국영상자료원,HOME > 기관소개 > 기관소식 > 공지사항,공지사항,"KOFA｜[수정] 11월3일(목), 11월 8일(화) <메모리아> 예매 안내",,,2022.11.02,,미부착,,개방 가능,공공누리 1유형,,,O,,,,,단순 정보,
2805,한국영상자료원,HOME > 기관소개 > 기관소식 > 공지사항,공지사항,"기관소식｜[뉴스레터]세계를 유혹하는 한국00, 그 정체는?",,,2022.11.04,,미부착,,개방 가능,공공누리 2~4유형,,,,,O,,,"스틸컷, 사진 등",
2806,한국영상자료원,HOME > 기관소개 > 기관소식 > 공지사항,공지사항,KOFA｜[예매안내] 11월 9일(수) 19:00 <오마주> 예매 안내,,,2022.11.04,,미부착,,개방 가능,공공누리 1유형,,,O,,,,,단순 정보,
2807,한국영상자료원,HOME > 기관소개 > 기관소식 > 공지사항,공지사항,기관소식｜2022 <KOFA플리마켓> 개최,,,2022.11.08,,미부착,,개방 가능,공공누리 1유형,,,O,,,,,업무상 저작물,
2808,한국영상자료원,HOME > 기관소개 > 기관소식 > 공지사항,공지사항,KOFA｜[예매안내] 11월 15일(화) 15:30 <톨로카> 예매 안내,,,2022.11.10,,미부착,,개방 가능,공공누리 1유형,,,O,,,,,단순 정보,
2809,한국영상자료원,HOME > 기관소개 > 기관소식 > 공지사항,공지사항,도서관｜[신착자료] 2022년 11월 영상도서관 신착 비디오 안내,,,2022.11.11,,미부착,,개방 가능,공공누리 2~4유형,,,,,O,,,블루레이 표지 사진,
2810,한국영상자료원,HOME > 기관소개 > 기관소식 > 공지사항,공지사항,도서관｜[공지사항] 전기공사로 인한 시설 이용 중단 안내,,,2022.11.15,,미부착,,개방 가능,공공누리 1유형,,,O,,,,,단순 정보,
2811,한국영상자료원,HOME > 기관소개 > 기관소식 > 공지사항,공지사항,KOFA｜[예매안내] <2021-2022 한중 문화교류의 해 ‘월간한중’ 중국영화 특별상영전> 예매 안내,,,2022.11.16,,미부착,,개방 가능,공공누리 1유형,,,O,,,,,단순 정보,
2812,한국영상자료원,HOME > 기관소개 > 기관소식 > 공지사항,공지사항,박물관｜전기공사로 인한 시설이용 중단 안내(11.19(토) 1회차(10:00~13:00)),,,2022.11.17,,미부착,,개방 가능,공공누리 1유형,,,O,,,,,단순 정보,
2813,한국영상자료원,HOME > 기관소개 > 기관소식 > 공지사항,공지사항,도서관｜[휴관안내] 2022년 11월 29일 화요일 임시 휴관 안내,,,2022.11.20,,미부착,,개방 가능,공공누리 1유형,,,O,,,,,업무상 저작물,
2814,한국영상자료원,HOME > 기관소개 > 기관소식 > 공지사항,공지사항,도서관｜[신간안내] 영상도서관 신간 도서 안내,,,2022.11.20,,미부착,,개방 가능,공공누리 1유형,,,O,,,,,업무상 저작물,
2815,한국영상자료원,HOME > 기관소개 > 기관소식 > 공지사항,공지사항,박물관｜한국영화박물관 상설 전시 공사 안내,,,2022.11.24,,미부착,,개방 가능,공공누리 1유형,,,O,,,,,단순 정보,
2816,한국영상자료원,HOME > 기관소개 > 기관소식 > 공지사항,공지사항,기관소식｜한국영상자료원 2022년 기관홈페이지 및 KMDb 홈페이지 만족도 조사(기간 연장),,,2022.11.28,,미부착,,개방 가능,공공누리 1유형,,,O,,,,,단순 정보,
2817,한국영상자료원,HOME > 기관소개 > 기관소식 > 공지사항,공지사항,KOFA｜[예매안내] 12월 2일(금) 18:30 <파드마바트> 예매 안내,,,2022.11.29,,미부착,,개방 가능,공공누리 1유형,,,O,,,,,단순 정보,
2818,한국영상자료원,HOME > 기관소개 > 기관소식 > 공지사항,공지사항,"기관소식｜[한국영상자료원 학술심포지엄] 정서의 생산, 변동의 포착: 1970년대 한국영화의 전환과 행로",,,2022.12.01,,미부착,,개방 가능,공공누리 1유형,,,O,,,,,업무상 저작물,
2819,한국영상자료원,HOME > 기관소개 > 기관소식 > 공지사항,공지사항,기관소식｜[뉴스레터] 콜라보의 결정판! 날 보러 와요,,,2022.12.02,,미부착,,개방 가능,공공누리 2~4유형,,,,,O,,,스틸컷 다수 포함,
2820,한국영상자료원,HOME > 기관소개 > 기관소식 > 공지사항,공지사항,기관소식｜<아카이브 프리즘>10호 증정 이벤트,,,2022.12.06,,미부착,,개방 가능,공공누리 2~4유형,,,,,O,,,그래픽 디자인 포스터,
2821,한국영상자료원,HOME > 기관소개 > 기관소식 > 공지사항,공지사항,KOFA｜[예매안내] 12월 9일(금) 18:30 <버텨내고 존재하기> 공연 예매 안내,,,2022.12.06,,미부착,,개방 가능,공공누리 1유형,,,O,,,,,단순 정보,
2822,한국영상자료원,HOME > 기관소개 > 기관소식 > 공지사항,공지사항,KOFA｜[상영매체 변경] <파드마바트>(12/6),,,2022.12.06,,미부착,,개방 가능,공공누리 1유형,,,O,,,,,단순 정보,
2823,한국영상자료원,HOME > 기관소개 > 기관소식 > 공지사항,공지사항,KOFA｜[예매안내] 12월 10일(토) <임신한 나무와 도깨비> 공연 예매 안내,,,2022.12.08,,미부착,,개방 가능,공공누리 1유형,,,O,,,,,단순 정보,
2824,한국영상자료원,HOME > 기관소개 > 기관소식 > 공지사항,공지사항,기관소식｜[공지] 영상도서관에 두고 가신 분실물 찾아가 주세요!,,,2022.12.09,,미부착,,개방 가능,공공누리 1유형,,,O,,,,,단순 정보,
2825,한국영상자료원,HOME > 기관소개 > 기관소식 > 공지사항,공지사항,기관소식｜[안내] PaPA 특별전시_제1회 PaPA 마친보람 맺음전,,,2022.12.13,,미부착,,개방 가능,공공누리 1유형,,,O,,,,,단순 정보,
2826,한국영상자료원,HOME > 기관소개 > 기관소식 > 공지사항,공지사항,KOFA｜[예매안내] 12월 17일(토) 14:00 <제10회 필름게이트 단편영화제> 예매 안내,,,2022.12.14,,미부착,,개방 가능,공공누리 1유형,,,O,,,,,단순 정보,
2827,한국영상자료원,HOME > 기관소개 > 기관소식 > 공지사항,공지사항,도서관｜[신착자료] 2022년 12월 영상도서관 신착 비디오 안내,,,2022.12.17,,미부착,,개방 가능,공공누리 2~4유형,,,,,O,,,블루레이 표지 사진,
2828,한국영상자료원,HOME > 기관소개 > 기관소식 > 공지사항,공지사항,기관소식｜공공기관 고객만족도조사 관련 개인정보 제3자 제공사항 알림,,,2022.12.19,,미부착,,개방 가능,공공누리 1유형,,,O,,,,,단순 정보,
2829,한국영상자료원,HOME > 기관소개 > 기관소식 > 공지사항,공지사항,기관소식｜[당선자 발표] 제1회 나도! 비디오 에세이스트,,,2022.12.21,,미부착,,개방 가능,공공누리 1유형,,,O,,,,,단순 정보,
2830,한국영상자료원,HOME > 기관소개 > 기관소식 > 공지사항,공지사항,기관소식｜2022년 기관홈페이지 및 KMDb홈페이지 이용자 만족도 조사 이벤트 당첨자 발표,,,2022.12.27,,미부착,,개방 가능,공공누리 1유형,,,O,,,,,단순 정보,
2831,한국영상자료원,HOME > 기관소개 > 기관소식 > 공지사항,공지사항,기관소식｜[뉴스레터] 2023년 시네마테크KOFA를 빛낼 라인업 공개!,,,2022.12.30,,미부착,,개방 가능,공공누리 2~4유형,,,,,O,,,"그래픽 디자인, 스틸컷 포함",
2832,한국영상자료원,HOME > 기관소개 > 기관소식 > 공지사항,공지사항,기관소식｜한국영상자료원 변경 운영 안내(2023년 2월 1일부터 시행),,,2023.01.04,,미부착,,개방 가능,공공누리 1유형,,,O,,,,,단순 정보,
2833,한국영상자료원,HOME > 기관소개 > 기관소식 > 공지사항,공지사항,도서관｜[희망신청자료] 2023년 영상도서관 희망자료신청 안내,,,2023.01.05,,미부착,,개방 가능,공공누리 1유형,,,O,,,,,단순 정보,
2834,한국영상자료원,HOME > 기관소개 > 기관소식 > 공지사항,공지사항,기관소식｜[나도! 비디오 에세이스트] 당선작 공개,,,2023.01.11,,미부착,,개방 가능,공공누리 1유형,,,O,,,,,단순 정보,
2835,한국영상자료원,HOME > 기관소개 > 기관소식 > 공지사항,공지사항,"기관소식｜[휴관] 창립기념일(1.18), 설 연휴(1.21-1.24) 휴관 안내",,,2023.01.12,,미부착,,개방 가능,공공누리 1유형,,,O,,,,,업무상 저작물,
2836,한국영상자료원,HOME > 기관소개 > 기관소식 > 공지사항,공지사항,도서관｜[서포터즈] 영상도서관 대학생 서포터즈 3기 모집 안내,,,2023.01.14,첨부파일,미부착,,개방 가능,공공누리 1유형,,,O,,,,,업무상 저작물,
2837,한국영상자료원,HOME > 기관소개 > 기관소식 > 공지사항,공지사항,KOFA｜[상영공지] <썸머 필름을 타고!> 추가 상영,,,2023.01.16,,미부착,,개방 가능,공공누리 1유형,,,O,,,,,단순 정보,
2838,한국영상자료원,HOME > 기관소개 > 기관소식 > 공지사항,공지사항,도서관｜[신착자료] 영상도서관 신간 도서 (국내 도서) 안내,,,2023.01.19,,미부착,,개방 가능,공공누리 1유형,,,O,,,,,업무상 저작물,
2839,한국영상자료원,HOME > 기관소개 > 기관소식 > 공지사항,공지사항,도서관｜[신착자료] 영상도서관 신간 도서 (해외 도서) 안내,,,2023.01.19,,미부착,,개방 가능,공공누리 1유형,,,O,,,,,업무상 저작물,
2840,한국영상자료원,HOME > 기관소개 > 기관소식 > 공지사항,공지사항,기관소식｜한국영상자료원 <대민시설 이용 시 마스크 착용 유지> 운영 안내,,,2023.01.27,,미부착,,개방 가능,공공누리 1유형,,,O,,,,,단순 정보,
2841,한국영상자료원,HOME > 기관소개 > 기관소식 > 공지사항,공지사항,기관소식｜2022년 한국영상자료원 우수회원 <수상할 결심>,,,2023.01.31,,미부착,,개방 가능,공공누리 1유형,,,,,O,,,이미지 포함(출처불명 사진),
2842,한국영상자료원,HOME > 기관소개 > 기관소식 > 공지사항,공지사항,KOFA｜[고양이와 쇼조와 두 여자] 상영 관련,,,2023.02.01,,미부착,,개방 가능,공공누리 1유형,,,O,,,,,단순 정보,
2843,한국영상자료원,HOME > 기관소개 > 기관소식 > 공지사항,공지사항,도서관｜[신착자료] 2023년 2월 영상도서관 신착 비디오 안내,,,2023.02.04,,미부착,,개방 가능,공공누리 1유형,,,O,,,,,업무상 저작물,
2844,한국영상자료원,HOME > 기관소개 > 기관소식 > 공지사항,공지사항,기관소식｜[뉴스레터] 어서와~ ‘한국고전영화극장’은 처음이지?,,,2023.02.04,,미부착,,개방 가능,공공누리 1유형,,,O,,,,,업무상 저작물,
2845,한국영상자료원,HOME > 기관소개 > 기관소식 > 공지사항,공지사항,박물관｜[서포터즈] 한국영화박물관 대학생 서포터즈 1기 모집 안내,,,2023.02.09,첨부파일,미부착,,개방 가능,공공누리 1유형,,,O,,,,,업무상 저작물,
2846,한국영상자료원,HOME > 기관소개 > 기관소식 > 공지사항,공지사항,박물관｜[한국영화박물관] 상설 전시 체험존 '초기영화로의 초대' 오픈 안내,,,2023.03.03,,미부착,,개방 가능,공공누리 1유형,,,O,,,,,단순 정보,
2847,한국영상자료원,HOME > 기관소개 > 기관소식 > 공지사항,공지사항,"기관소식｜[뉴스레터] 19세기로 떠나는 시간여행, <초기영화로의 초대>에서 영화의 시작을 마주하세요!",,,2023.03.03,,미부착,,개방 가능,공공누리 1유형,,,O,,,,,업무상 저작물,
2848,한국영상자료원,HOME > 기관소개 > 기관소식 > 공지사항,공지사항,KOFA｜시네마테크KOFA 온라인 예매 일자 변경 안내[3.27(월)~],,,2023.03.07,,미부착,,개방 가능,공공누리 1유형,,,O,,,,,단순 정보,
2849,한국영상자료원,HOME > 기관소개 > 기관소식 > 공지사항,공지사항,KOFA｜[예매안내] 3월 11일(토) 12:00 <미성년> 예매 안내,,,2023.03.08,,미부착,,개방 가능,공공누리 1유형,,,O,,,,,단순 정보,
2850,한국영상자료원,HOME > 기관소개 > 기관소식 > 공지사항,공지사항,도서관｜[신착자료] 2023년 3월 영상도서관 신착 비디오 안내,,,2023.03.10,,미부착,,개방 가능,공공누리 1유형,,,O,,,,,업무상 저작물,
2851,한국영상자료원,HOME > 기관소개 > 기관소식 > 공지사항,공지사항,KOFA｜3월 18일(토) <탑> GV 모더레이터 변경 공지,,,2023.03.16,,미부착,,개방 가능,공공누리 1유형,,,O,,,,,단순 정보,
2852,한국영상자료원,HOME > 기관소개 > 기관소식 > 공지사항,공지사항,기관소식｜한국영상자료원 <대민시설 이용 시 마스크 착용 권고> 운영 안내,,,2023.03.17,,미부착,,개방 가능,공공누리 1유형,,,O,,,,,단순 정보,
2853,한국영상자료원,HOME > 기관소개 > 기관소식 > 공지사항,공지사항,박물관｜[이벤트]<지금 우리 좀비는: 21세기 K-좀비 연대기> 전시 도록 증정,,,2023.03.24,,미부착,,개방 가능,공공누리 2~4유형,,,,,O,,,전시 포스터,
2854,한국영상자료원,HOME > 기관소개 > 기관소식 > 공지사항,공지사항,"기관소식｜[뉴스레터] 런던, 어디까지 가봤니? 색다른 시선으로 바라본 런던의 모든 것! <영화와 공간: 런던>기획전",,,2023.03.31,,미부착,,개방 가능,공공누리 1유형,,,O,,,,,단순 정보,
2855,한국영상자료원,HOME > 기관소개 > 기관소식 > 공지사항,공지사항,도서관｜영상도서관 영화·영상 분야 전공자 및 연구자를 위한 설문조사 참여 안내,,,2023.03.31,,미부착,,개방 가능,공공누리 1유형,,,O,,,,,단순 정보,
2856,한국영상자료원,HOME > 기관소개 > 기관소식 > 공지사항,공지사항,도서관｜[신착자료] 2023년 4월 영상도서관 신착 비디오 안내,,,2023.04.04,,미부착,,개방 가능,공공누리 2~4유형,,,,,O,,,블루레이 표지 사진,
2857,한국영상자료원,HOME > 기관소개 > 기관소식 > 공지사항,공지사항,도서관｜[신착자료] 2023년 1분기 신간 도서 안내,,,2023.04.04,,미부착,,개방 가능,공공누리 1유형,,,O,,,,,업무상 저작물,
2858,한국영상자료원,HOME > 기관소개 > 기관소식 > 공지사항,공지사항,기관소식｜2023년 찾아가는 영화관 운영 지원 사업,,,2023.04.17,첨부파일,미부착,,개방 가능,공공누리 1유형,,,O,,,,,업무상 저작물,
2859,한국영상자료원,HOME > 기관소개 > 기관소식 > 공지사항,공지사항,"기관소식｜[뉴스레터] 가정의 달 5월, <오랜만에 극장에서> 온 가족이 함께 즐기는 영화나들이!",,,2023.04.28,,미부착,,개방 가능,공공누리 2~4유형,,,,,O,,,스틸컷 다수 포함,
2860,한국영상자료원,HOME > 기관소개 > 기관소식 > 공지사항,공지사항,도서관｜[신착자료] 2023년 5월 영상도서관 신착 비디오 안내,,,2023.05.03,,미부착,,개방 가능,공공누리 2~4유형,,,,,O,,,블루레이 표지 사진,
2861,한국영상자료원,HOME > 기관소개 > 기관소식 > 공지사항,공지사항,KOFA｜제10회 들꽃영화제 안내,,,2023.05.09,,미부착,,개방 가능,공공누리 1유형,,,O,,,,,단순 정보,
2862,한국영상자료원,HOME > 기관소개 > 기관소식 > 공지사항,공지사항,도서관｜[신착자료] 2023년 6월 영상도서관 신착 비디오 안내,,,2023.05.24,,미부착,,개방 가능,공공누리 2~4유형,,,,,O,,,블루레이 표지 사진,
2863,한국영상자료원,HOME > 기관소개 > 기관소식 > 공지사항,공지사항,도서관｜[서포터즈] 영상도서관 대학생 서포터즈 4기 사전 활동 모집 안내,,,2023.05.31,첨부파일,미부착,,개방 가능,공공누리 1유형,,,O,,,,,업무상 저작물,
2864,한국영상자료원,HOME > 기관소개 > 기관소식 > 공지사항,공지사항,"기관소식｜[뉴스레터] 스크린을 통해 느껴보는 영화의 발자취, '발굴, 복원 그리고 초기영화로의 초대’",,,2023.06.03,,미부착,,개방 가능,공공누리 2~4유형,,,,,O,,,스틸컷 다수 포함,
2865,한국영상자료원,HOME > 기관소개 > 기관소식 > 공지사항,공지사항,KOFA｜[예매안내] <잇(상영+라이브연주공연)> 좌석 안내,,,2023.06.10,,미부착,,개방 가능,공공누리 1유형,,,O,,,,,단순 정보,
2866,한국영상자료원,HOME > 기관소개 > 기관소식 > 공지사항,공지사항,기관소식｜한국영상자료원 대한민국 안전大전환 집중안전점검 결과 공개,,,2023.06.12,,미부착,,개방 가능,공공누리 1유형,,,O,,,,,단순 정보,
2867,한국영상자료원,HOME > 기관소개 > 기관소식 > 공지사항,공지사항,KOFA｜6월 23일(금) 시네마테크KOFA 운영 안내,,,2023.06.15,,미부착,,개방 가능,공공누리 1유형,,,O,,,,,단순 정보,
2868,한국영상자료원,HOME > 기관소개 > 기관소식 > 공지사항,공지사항,기관소식｜2023년 <아카이브 프리즘> 정기 구독 신청(종료),,,2023.06.15,,미부착,,개방 가능,공공누리 1유형,,,O,,,,,단순 정보,
2869,한국영상자료원,HOME > 기관소개 > 기관소식 > 공지사항,공지사항,박물관｜[휴관] 한국영화박물관 휴관 안내(6/27~7/20),,,2023.06.17,,미부착,,개방 가능,공공누리 1유형,,,O,,,,,업무상 저작물,
2870,한국영상자료원,HOME > 기관소개 > 기관소식 > 공지사항,공지사항,KOFA｜[예매 안내] 7월 8일(토) 국제학술회의 <김기영 영화의 재조명> 상영작 예매 안내,,,2023.06.28,,미부착,,개방 가능,공공누리 1유형,,,O,,,,,단순 정보,
2871,한국영상자료원,HOME > 기관소개 > 기관소식 > 보도자료,보도자료,"한국영상자료원, 러시아 및 독일에서 발굴된 일제 강점기 기록 영상 최초 공개",,https://www.koreafilm.or.kr/kofa/news/press,2016.02.25,첨부파일,1유형,,개방 가능,공공누리 1유형,,,O,,,,,보도자료,
2872,한국영상자료원,HOME > 기관소개 > 기관소식 > 보도자료,보도자료,"1960~70년대 영화 검열서류, 일반에 처음 공개된다",,,2016.03.25,첨부파일,1유형,,개방 가능,공공누리 1유형,,,O,,,,,보도자료,
2873,한국영상자료원,HOME > 기관소개 > 기관소식 > 보도자료,보도자료,김기덕 감독의 대표작 14편 상영,,,2016.04.11,첨부파일,1유형,,개방 가능,공공누리 1유형,,,O,,,,,보도자료,
2874,한국영상자료원,HOME > 기관소개 > 기관소식 > 보도자료,보도자료,사진으로 보는 한국영화 100년史,,,2016.04.14,,1유형,,개방 가능,공공누리 1유형,,,O,,,,,보도자료,
2875,한국영상자료원,HOME > 기관소개 > 기관소식 > 보도자료,보도자료,클래식과 영화를 위한 이중주,,,2016.04.26,첨부파일,1유형,,개방 가능,공공누리 1유형,,,O,,,,,보도자료,
2876,한국영상자료원,HOME > 기관소개 > 기관소식 > 보도자료,보도자료,세계영화사 걸작이 한 자리에 모인다,,,2016.05.03,첨부파일,1유형,,개방 가능,공공누리 1유형,,,O,,,,,보도자료,
2877,한국영상자료원,HOME > 기관소개 > 기관소식 > 보도자료,보도자료,"한국영상자료원, 한국영화 100주년 맞아 영화박물관 건립 추진",,,2016.05.04,첨부파일,1유형,,개방 가능,공공누리 1유형,,,O,,,,,보도자료,
2878,한국영상자료원,HOME > 기관소개 > 기관소식 > 보도자료,보도자료,국내외 영상 전문가에게 듣는 영상아카이브의 현재와 미래,,,2016.05.11,첨부파일,1유형,,개방 가능,공공누리 1유형,,,O,,,,,보도자료,
2879,한국영상자료원,HOME > 기관소개 > 기관소식 > 보도자료,보도자료,"한국영상자료원-해군작전사령부, 문화소외지역에서 ‘찾아가는 영화관’ 실시",,,2016.05.11,첨부파일,1유형,,개방 가능,공공누리 1유형,,,O,,,,,보도자료,
2880,한국영상자료원,HOME > 기관소개 > 기관소식 > 보도자료,보도자료,"유현목 감독의 <오발탄>, 디지털 복원본 최초 공개",,,2016.05.19,첨부파일,1유형,,개방 가능,공공누리 1유형,,,O,,,,,보도자료,
2881,한국영상자료원,HOME > 기관소개 > 기관소식 > 보도자료,보도자료,"한국 영화 보존·복원 시설, 파주에 건립되다",,,2016.05.19,첨부파일,1유형,,개방 가능,공공누리 1유형,,,O,,,,,보도자료,
2882,한국영상자료원,HOME > 기관소개 > 기관소식 > 보도자료,보도자료,"한국영상자료원-한국경제신문, 60~90년대 소장 사진 자료 기증 협약 체결",,,2016.05.26,첨부파일,1유형,,개방 가능,공공누리 1유형,,,O,,,,,보도자료,
2883,한국영상자료원,HOME > 기관소개 > 기관소식 > 보도자료,보도자료,한국영화박물관 건립을 위한 공청회 개최,,,2016.06.08,첨부파일,1유형,,개방 가능,공공누리 1유형,,,O,,,,,보도자료,
2884,한국영상자료원,HOME > 기관소개 > 기관소식 > 보도자료,보도자료,시대를 보는 희귀본 영화상영 프로그램 <비행기 극장>,,,2016.06.09,첨부파일,1유형,,개방 가능,공공누리 1유형,,,O,,,,,보도자료,
2885,한국영상자료원,HOME > 기관소개 > 기관소식 > 보도자료,보도자료,"한국영상자료원, 청소년 영화 제작 체험 프로그램 진행",,,2016.06.13,첨부파일,1유형,,개방 가능,공공누리 1유형,,,O,,,,,보도자료,
2886,한국영상자료원,HOME > 기관소개 > 기관소식 > 보도자료,보도자료,페드로 코스타 감독 회고전 및 방한 행사 개최,,,2016.06.14,첨부파일,1유형,,개방 가능,공공누리 1유형,,,O,,,,,보도자료,
2887,한국영상자료원,HOME > 기관소개 > 기관소식 > 보도자료,보도자료,영화잡지의 역사를 통해 한국영화사를 재조명하다,,,2016.06.21,첨부파일,1유형,,개방 가능,공공누리 1유형,,,O,,,,,보도자료,
2888,한국영상자료원,HOME > 기관소개 > 기관소식 > 보도자료,보도자료,"「스크린」, 한국영상자료원에 영화 사진 자료 50만 점 등 기증",,,2016.06.24,첨부파일,1유형,,개방 가능,공공누리 1유형,,,O,,,,,보도자료,
2889,한국영상자료원,HOME > 기관소개 > 기관소식 > 보도자료,보도자료,신동헌 애니메이션 컬렉션 및 양주남 감독 <종각> 등 DVD 2종 출시,,,2016.06.30,첨부파일,1유형,,개방 가능,공공누리 1유형,,,O,,,,,보도자료,
2890,한국영상자료원,HOME > 기관소개 > 기관소식 > 보도자료,보도자료,영화와 서커스 감상을 한 자리에서!,,,2016.07.21,첨부파일,1유형,,개방 가능,공공누리 1유형,,,O,,,,,보도자료,
2891,한국영상자료원,HOME > 기관소개 > 기관소식 > 보도자료,보도자료,‘정동진독립영화제’ 한국고전영화의 새로운 얼굴을 선보이다!,,,2016.08.02,첨부파일,1유형,,개방 가능,공공누리 1유형,,,O,,,,,보도자료,
2892,한국영상자료원,HOME > 기관소개 > 기관소식 > 보도자료,보도자료,"<청춘의 십자로>, 제7회 호주한국영화제 초청",,,2016.08.11,첨부파일,1유형,,개방 가능,공공누리 1유형,,,O,,,,,보도자료,
2893,한국영상자료원,HOME > 기관소개 > 기관소식 > 보도자료,보도자료,"8·15특별전 ‘광복의 꿈, 광명의 희망’ 개최",,,2016.08.11,첨부파일,1유형,,개방 가능,공공누리 1유형,,,O,,,,,보도자료,
2894,한국영상자료원,HOME > 기관소개 > 기관소식 > 보도자료,보도자료,마틴 스콜세지 감독 기획전 개최,,,2016.08.22,첨부파일,1유형,,개방 가능,공공누리 1유형,,,O,,,,,보도자료,
2895,한국영상자료원,HOME > 기관소개 > 기관소식 > 보도자료,보도자료,"영화배우 故구봉서, 그가 남긴 따뜻한 웃음을 스크린에서 만난다",,,2016.09.05,첨부파일,1유형,,개방 가능,공공누리 1유형,,,O,,,,,보도자료,
2896,한국영상자료원,HOME > 기관소개 > 기관소식 > 보도자료,보도자료,"스크린으로 만나는 인도 문화, 한국영상자료원 ‘인도 영화제’ 개최",,,2016.09.29,첨부파일,1유형,,개방 가능,공공누리 1유형,,,O,,,,,보도자료,
2897,한국영상자료원,HOME > 기관소개 > 기관소식 > 보도자료,보도자료,[기획전시]전시를 통해 되돌아보는 그 때 그 시절의 외화,,,2016.09.29,첨부파일,1유형,,개방 가능,공공누리 1유형,,,O,,,,,보도자료,
2898,한국영상자료원,HOME > 기관소개 > 기관소식 > 보도자료,보도자료,"스크린 위 50년의 역사, 배우 윤여정의 과거와 현재를 엿보다",,,2016.09.29,첨부파일,1유형,,개방 가능,공공누리 1유형,,,O,,,,,보도자료,
2899,한국영상자료원,HOME > 기관소개 > 기관소식 > 보도자료,보도자료,"국내 최초, 고전영화 4K 디지털 복원, 공개",,,2016.10.07,첨부파일,1유형,,개방 가능,공공누리 1유형,,,O,,,,,보도자료,
2900,한국영상자료원,HOME > 기관소개 > 기관소식 > 보도자료,보도자료,단성사 흥행열전! 역사가 된 영화관 ‘단성사’의 영화들,,,2016.10.19,첨부파일,1유형,,개방 가능,공공누리 1유형,,,O,,,,,보도자료,
2901,한국영상자료원,HOME > 기관소개 > 기관소식 > 보도자료,보도자료,‘영화약국 마음처방전’ 청소년 단편영화 상영회,,,2016.11.02,첨부파일,1유형,,개방 가능,공공누리 1유형,,,O,,,,,보도자료,
2902,한국영상자료원,HOME > 기관소개 > 기관소식 > 보도자료,보도자료,[심포지엄]‘단관개봉 극장’의 기억,,,2016.11.02,첨부파일,1유형,,개방 가능,공공누리 1유형,,,O,,,,,보도자료,
2903,한국영상자료원,HOME > 기관소개 > 기관소식 > 보도자료,보도자료,이명세 감독의 <개그맨> 블루레이 출시,,,2016.11.14,첨부파일,1유형,,개방 가능,공공누리 1유형,,,O,,,,,보도자료,
2904,한국영상자료원,HOME > 기관소개 > 기관소식 > 보도자료,보도자료,‘한국영화 선구자들’ 회고전 개최,,,2016.11.15,첨부파일,1유형,,개방 가능,공공누리 1유형,,,O,,,,,보도자료,
2905,한국영상자료원,HOME > 기관소개 > 기관소식 > 보도자료,보도자료,한국영상자료원-주한독일문화원 공동으로 국제심포지엄 및 특별상영 개최,,,2016.11.18,첨부파일,1유형,,개방 가능,공공누리 1유형,,,O,,,,,보도자료,
2906,한국영상자료원,HOME > 기관소개 > 기관소식 > 보도자료,보도자료,주한 외교단과 함께 하는 월드 시네마 위크,,,2016.12.02,첨부파일,1유형,,개방 가능,공공누리 1유형,,,O,,,,,보도자료,
2907,한국영상자료원,HOME > 기관소개 > 기관소식 > 보도자료,보도자료,"실존과 구원의 영화작가, <오발탄>의 유현목을 기억하다",,,2017.01.04,첨부파일,1유형,,개방 가능,공공누리 1유형,,,O,,,,,보도자료,
2908,한국영상자료원,HOME > 기관소개 > 기관소식 > 보도자료,보도자료,"[보도자료]한국영상자료원 복원작 <오발탄>, <최후의 증인> 베를린국제영화제 상영",,,2017.02.08,첨부파일,1유형,,개방 가능,공공누리 1유형,,,O,,,,,보도자료,
2909,한국영상자료원,HOME > 기관소개 > 기관소식 > 보도자료,보도자료,"[보도자료]대한제국의 마지막 불꽃을 만나다, 3.1절 특집 영화 상영 개최",,,2017.02.23,첨부파일,1유형,,개방 가능,공공누리 1유형,,,O,,,,,보도자료,
2910,한국영상자료원,HOME > 기관소개 > 기관소식 > 보도자료,보도자료,[보도자료]온라인 VOD로 보는 ‘한국영화 속 검열 이야기’,,,2017.03.06,첨부파일,1유형,,개방 가능,공공누리 1유형,,,O,,,,,보도자료,
2911,한국영상자료원,HOME > 기관소개 > 기관소식 > 보도자료,보도자료,[보도자료]한국영화제작가협회 필름 제작 한국영화의 디지털화 협력사업 협약 체결,,,2017.03.09,첨부파일,1유형,,개방 가능,공공누리 1유형,,,O,,,,,보도자료,
2912,한국영상자료원,HOME > 기관소개 > 기관소식 > 보도자료,보도자료,[보도자료]화룡음정: 노래하고 춤추고 사랑하라!,,,2017.03.31,첨부파일,1유형,,개방 가능,공공누리 1유형,,,O,,,,,보도자료,
2913,한국영상자료원,HOME > 기관소개 > 기관소식 > 보도자료,보도자료,"[보도자료]""고 집, 참 요상하다"" & ""KOFA 소장 불완전판 특별 공개""",,,2017.05.08,첨부파일,1유형,,개방 가능,공공누리 1유형,,,O,,,,,보도자료,
2914,한국영상자료원,HOME > 기관소개 > 기관소식 > 보도자료,보도자료,"[보도자료]영화사를 풍미한 작품들, 4K 화질로 돌아오다",,,2017.05.11,첨부파일,1유형,,개방 가능,공공누리 1유형,,,O,,,,,보도자료,
2915,한국영상자료원,HOME > 기관소개 > 기관소식 > 보도자료,보도자료,"[보도자료]기록으로만 전해졌던 영화 <무정>, 55년만의 귀환",,,2017.05.11,첨부파일,1유형,,개방 가능,공공누리 1유형,,,O,,,,,보도자료,
2916,한국영상자료원,HOME > 기관소개 > 기관소식 > 보도자료,보도자료,"[보도자료]한국영화박물관 신규 기획전 공개: 한국영화와 대중가요, 100년의 앙상블!",,,2017.05.25,첨부파일,1유형,,개방 가능,공공누리 1유형,,,O,,,,,보도자료,
2917,한국영상자료원,HOME > 기관소개 > 기관소식 > 보도자료,보도자료,[보도자료] 이두용 감독의 불후의 걸작 <최후의 증인> 디지털 4K 복원버전 블루레이로 출시,,,2017.05.30,첨부파일,1유형,,개방 가능,공공누리 1유형,,,O,,,,,보도자료,
2918,한국영상자료원,HOME > 기관소개 > 기관소식 > 보도자료,보도자료,"[보도자료] 6월 5일 세계 환경의 날 기념 프로그램, 스크린에 담은 자연, 티셔츠 위에 새기는 ‘공존’의 메시지",,,2017.06.01,첨부파일,1유형,,개방 가능,공공누리 1유형,,,O,,,,,보도자료,
2919,한국영상자료원,HOME > 기관소개 > 기관소식 > 보도자료,보도자료,[보도자료] 일본 거장 감독 ‘나카히라 코우 회고전’ 개최,,,2017.06.09,첨부파일,1유형,,개방 가능,공공누리 1유형,,,O,,,,,보도자료,
2920,한국영상자료원,HOME > 기관소개 > 기관소식 > 보도자료,보도자료,[보도자료] 80년대 한국영화계 대표 감독 배창호의 데뷔작 <꼬방동네 사람들> 블루레이 출시,,,2017.06.19,첨부파일,1유형,,개방 가능,공공누리 1유형,,,O,,,,,보도자료,
2921,한국영상자료원,HOME > 기관소개 > 기관소식 > 보도자료,보도자료,[보도자료] 임권택 감독 <서편제> 4K 디지털 복원본 블루레이 출시,,,2017.06.21,첨부파일,1유형,,개방 가능,공공누리 1유형,,,O,,,,,보도자료,
2922,한국영상자료원,HOME > 기관소개 > 기관소식 > 보도자료,보도자료,"[보도자료] 한국영화의 살아있는 역사, 영화배우 김지미 데뷔 60주년 특별전 개최",,,2017.06.27,첨부파일,1유형,,개방 가능,공공누리 1유형,,,O,,,,,보도자료,
2923,한국영상자료원,HOME > 기관소개 > 기관소식 > 보도자료,보도자료,[보도자료]‘영화와 공간: 홍콩’ 특별 상영 프로그램 개최,,,2017.07.20,첨부파일,1유형,,개방 가능,공공누리 1유형,,,O,,,,,보도자료,
2924,한국영상자료원,HOME > 기관소개 > 기관소식 > 보도자료,보도자료,[보도자료] ‘어른들을 위한 여름방학 특선’ 상영 프로그램 개최,,,2017.08.07,첨부파일,1유형,,개방 가능,공공누리 1유형,,,O,,,,,보도자료,
2925,한국영상자료원,HOME > 기관소개 > 기관소식 > 보도자료,보도자료,[보도자료] 13개국 중남미 국가와 함께하는 특별 상영전 개최,,,2017.09.11,첨부파일,1유형,,개방 가능,공공누리 1유형,,,O,,,,,보도자료,
2926,한국영상자료원,HOME > 기관소개 > 기관소식 > 보도자료,보도자료,[보도자료] <난장이가 쏘아올린 작은공> 이원세 마스터 클래스,,,2017.09.11,첨부파일,1유형,,개방 가능,공공누리 1유형,,,O,,,,,보도자료,
2927,한국영상자료원,HOME > 기관소개 > 기관소식 > 보도자료,보도자료,"[보도자료]‘배우의 신화 영원한 스타, 신성일’ 야외특별전시 개최",,,2017.09.28,첨부파일,1유형,,개방 가능,공공누리 1유형,,,O,,,,,보도자료,
2928,한국영상자료원,HOME > 기관소개 > 기관소식 > 보도자료,보도자료,[보도자료] <길소뜸> 등 3편 4K 디지털 리마스터링 후 제22회 부산국제영화제에서 최초 공개,,,2017.10.13,첨부파일,1유형,,개방 가능,공공누리 1유형,,,O,,,,,보도자료,
2929,한국영상자료원,HOME > 기관소개 > 기관소식 > 보도자료,보도자료,[보도자료] 주한 외교단과 함께하는 문화올림픽 월드 시네마 위크 개최,,,2017.10.31,첨부파일,1유형,,개방 가능,공공누리 1유형,,,O,,,,,보도자료,
2930,한국영상자료원,HOME > 기관소개 > 기관소식 > 보도자료,보도자료,[보도자료] 영화감독 김기영 타계 20주기 기념 전시 개최 ‘하녀의 계단을 오르다’,,,2017.12.21,첨부파일,1유형,,개방 가능,공공누리 1유형,,,O,,,,,보도자료,
2931,한국영상자료원,HOME > 기관소개 > 기관소식 > 보도자료,보도자료,[보도자료]한국영화자료 보존을 위한 한국영상자료원-네이버 업무 제휴 체결,,,2018.02.09,첨부파일,1유형,,개방 가능,공공누리 1유형,,,O,,,,,보도자료,
2932,한국영상자료원,HOME > 기관소개 > 기관소식 > 보도자료,보도자료,[보도자료] 한국영화데이터베이스 ‘KMDb’ 개편 다양한 시점으로 조망하는 한국영화,,,2018.02.22,첨부파일,1유형,,개방 가능,공공누리 1유형,,,O,,,,,보도자료,
2933,한국영상자료원,HOME > 기관소개 > 기관소식 > 보도자료,보도자료,[보도자료] 아이돌 그룹 ‘에이핑크’ ‘아스트로’의 찰진 연기로 만나는 1960-2000 한국영화!,,,2018.02.27,첨부파일,1유형,,개방 가능,공공누리 1유형,,,O,,,,,보도자료,
2934,한국영상자료원,HOME > 기관소개 > 기관소식 > 보도자료,보도자료,[보도자료] <하녀> 김기영 감독 타계 20주기 기념 상영전 현존하는 그의 작품 26편을 한 자리에,,,2018.03.15,첨부파일,1유형,,개방 가능,공공누리 1유형,,,O,,,,,보도자료,
2935,한국영상자료원,HOME > 기관소개 > 기관소식 > 보도자료,보도자료,[보도자료] 한국영화 복원의 질적 제고 가능하게 할 사운드마스터 자료 대량 수집,,,2018.03.20,첨부파일,1유형,,개방 가능,공공누리 1유형,,,O,,,,,보도자료,
2936,한국영상자료원,HOME > 기관소개 > 기관소식 > 보도자료,보도자료,"[보도자료] 영화로 꽃피우는 역사 감수성, ‘찾아가는 영화관’ 경북 영천여중 방문",,,2018.04.13,첨부파일,1유형,,개방 가능,공공누리 1유형,,,O,,,,,보도자료,
2937,한국영상자료원,HOME > 기관소개 > 기관소식 > 보도자료,보도자료,"[보도자료] 과거와 현재를 잇는 환상적인 시간, “발굴, 복원 그리고 초기영화로의 초대” 개최",,,2018.04.26,첨부파일,1유형,,개방 가능,공공누리 1유형,,,O,,,,,보도자료,
2938,한국영상자료원,HOME > 기관소개 > 기관소식 > 보도자료,보도자료,"[보도자료] 한국영상자료원 ‘찾아가는 영화관’, 울릉도 내 4개처에서 영화 상영 및 변사 공연 등 실시",,,2018.04.26,첨부파일,1유형,,개방 가능,공공누리 1유형,,,O,,,,,보도자료,
2939,한국영상자료원,HOME > 기관소개 > 기관소식 > 보도자료,보도자료,"[보도자료] 한국영화박물관 소장품 특별전시 ‘옷, 영화를 입다’",,,2018.05.24,첨부파일,1유형,,개방 가능,공공누리 1유형,,,O,,,,,보도자료,
2940,한국영상자료원,HOME > 기관소개 > 기관소식 > 보도자료,보도자료,"[보도자료] 한국영화 마니아들의 컬트 걸작 <이어도>(김기영, 1977) 블루레이 출시",,,2018.07.17,첨부파일,1유형,,개방 가능,공공누리 1유형,,,O,,,,,보도자료,
2941,한국영상자료원,HOME > 기관소개 > 기관소식 > 보도자료,보도자료,"[보도자료] 한국영화의 두 거장 김기영, 임권택 감독의 <이어도> <짝코> 블루레이 발매",,,2018.07.31,첨부파일,1유형,,개방 가능,공공누리 1유형,,,O,,,,,보도자료,
2942,한국영상자료원,HOME > 기관소개 > 기관소식 > 보도자료,보도자료,[보도자료] ‘찾아가는 영화관’과 함께라면 여름 밤하늘은 스크린이 된다!,,,2018.08.01,첨부파일,1유형,,개방 가능,공공누리 1유형,,,O,,,,,보도자료,
2943,한국영상자료원,HOME > 기관소개 > 기관소식 > 보도자료,보도자료,[보도자료] 「일본군‘위안부’ 피해자 기림의 날」 기념 특별 상영전 개최,,,2018.08.02,첨부파일,1유형,,개방 가능,공공누리 1유형,,,O,,,,,보도자료,
2944,한국영상자료원,HOME > 기관소개 > 기관소식 > 보도자료,보도자료,[보도자료] 한국형 학원 공포물의 시작 <여고괴담> 개봉 20주년 기념 특별 상영전 개최,,,2018.08.13,첨부파일,1유형,,개방 가능,공공누리 1유형,,,O,,,,,보도자료,
2945,한국영상자료원,HOME > 기관소개 > 기관소식 > 보도자료,보도자료,[보도자료] 한국영상자료원 신임 원장 공모 실시,,,2018.09.10,첨부파일,1유형,,개방 가능,공공누리 1유형,,,O,,,,,보도자료,
2946,한국영상자료원,HOME > 기관소개 > 기관소식 > 보도자료,보도자료,[보도자료] 구로문화재단과 함께하는 <청춘의 십자로> 변사 공연,,,2018.09.10,첨부파일,1유형,,개방 가능,공공누리 1유형,,,O,,,,,보도자료,
2947,한국영상자료원,HOME > 기관소개 > 기관소식 > 보도자료,보도자료,"[보도자료] 영화일까, 공연일까? <청춘의 십자로> 변사 복합예술공연 실시!",,,2018.09.17,첨부파일,1유형,,개방 가능,공공누리 1유형,,,O,,,,,보도자료,
2948,한국영상자료원,HOME > 기관소개 > 기관소식 > 보도자료,보도자료,[보도자료] 이장호 감독의 대표작 <별들의 고향> <바람불어 좋은 날> 세월의 먼지 털고 스크린 위에 선다,,,2018.10.04,첨부파일,1유형,,개방 가능,공공누리 1유형,,,O,,,,,보도자료,
2949,한국영상자료원,HOME > 기관소개 > 기관소식 > 보도자료,보도자료,[보도자료] 한국영상자료원-파주시 교하도서관 MOU 체결,,,2018.10.19,첨부파일,1유형,,개방 가능,공공누리 1유형,,,O,,,,,보도자료,
2950,한국영상자료원,HOME > 기관소개 > 기관소식 > 보도자료,보도자료,[보도자료] 이장호 감독의 <바람불어 좋은날> 블루레이 출시,,,2018.11.08,첨부파일,1유형,,개방 가능,공공누리 1유형,,,O,,,,,보도자료,
2951,한국영상자료원,HOME > 기관소개 > 기관소식 > 보도자료,보도자료,[보도자료] <휴일>(이만희) <바람불어 좋은날>(이장호) 블루레이 발매,,,2018.12.04,첨부파일,1유형,,개방 가능,공공누리 1유형,,,O,,,,,보도자료,
2952,한국영상자료원,HOME > 기관소개 > 기관소식 > 보도자료,보도자료,"[보도자료] 한국영상자료원, 마포구 어린이 초청 사회공헌 프로그램 실시",,,2018.12.13,첨부파일,1유형,,개방 가능,공공누리 1유형,,,O,,,,,보도자료,
2953,한국영상자료원,HOME > 기관소개 > 기관소식 > 보도자료,보도자료,"[보도자료] 한국영화박물관, 신규 기획전시 ‘필름영사: 잃어버린 시간을 찾아서’ 개최",,,2018.12.21,첨부파일,1유형,,개방 가능,공공누리 1유형,,,O,,,,,보도자료,
2954,한국영상자료원,HOME > 기관소개 > 기관소식 > 보도자료,보도자료,[보도자료] 디지털 복원된 임권택 감독의 <짝코>(1980) 베를린국제영화제 클래식 부문 공식 초청,,,2019.01.16,첨부파일,1유형,,개방 가능,공공누리 1유형,,,O,,,,,보도자료,
2955,한국영상자료원,HOME > 기관소개 > 기관소식 > 보도자료,보도자료,"[보도자료] 삶에 각인된 전쟁의 상흔, 정지영 감독 <하얀전쟁> 블루레이 출시",,,2019.06.15,첨부파일,1유형,,개방 가능,공공누리 1유형,,,O,,,,,보도자료,
2956,한국영상자료원,HOME > 기관소개 > 기관소식 > 보도자료,보도자료,"[보도자료] 한국영화 100년사, 얼마나 보존되고 있나, 영화 복원 사업 국회 토론회",,,2019.06.15,첨부파일,1유형,,개방 가능,공공누리 1유형,,,O,,,,,보도자료,
2957,한국영상자료원,HOME > 기관소개 > 기관소식 > 보도자료,보도자료,"[보도자료] 문화유산으로서의 한국고전영화, 디지털 복원 통한 가치 확산 절실",,,2019.06.18,첨부파일,미부착,,개방 가능,공공누리 1유형,,,O,,,,,보도자료,
2958,한국영상자료원,HOME > 기관소개 > 기관소식 > 보도자료,보도자료,[보도자료] ‘MMCA 나잇 - 야외극장’ 통해 영화&미술 주제 '관객과의 대화' 선보여,,,2019.06.18,첨부파일,미부착,,개방 가능,공공누리 1유형,,,O,,,,,보도자료,
2959,한국영상자료원,HOME > 기관소개 > 기관소식 > 보도자료,보도자료,[보도자료] 블루레이로 만나는 국내 초기 미스터리 호러 영화의 걸작 <마의 계단>(이만희),,,2019.06.20,첨부파일,미부착,,개방 가능,공공누리 1유형,,,O,,,,,보도자료,
2960,한국영상자료원,HOME > 기관소개 > 기관소식 > 보도자료,보도자료,"[보도자료] 한국영화 100년 기념전시 '나쁜 여자, 이상한 여자, 죽이는 여자'",,,2019.07.10,첨부파일,미부착,,개방 가능,공공누리 1유형,,,O,,,,,보도자료,
2961,한국영상자료원,HOME > 기관소개 > 기관소식 > 보도자료,보도자료,[보도자료] 개인적인 것이 정치적인 것이다: 독일여성영화감독전,,,2019.08.13,첨부파일,미부착,,개방 가능,공공누리 1유형,,,O,,,,,보도자료,
2962,한국영상자료원,HOME > 기관소개 > 기관소식 > 보도자료,보도자료,[보도자료] 지역 도서관에서 만나는 한국고전영화,,,2019.09.10,첨부파일,미부착,,개방 가능,공공누리 1유형,,,O,,,,,보도자료,
2963,한국영상자료원,HOME > 기관소개 > 기관소식 > 보도자료,보도자료,[보도자료] 필름에 담긴 한국영화의 희로애락,,,2019.09.10,첨부파일,미부착,,개방 가능,공공누리 1유형,,,O,,,,,보도자료,
2964,한국영상자료원,HOME > 기관소개 > 기관소식 > 보도자료,보도자료,[보도자료] 선명한 화질로 안방극장을 찾는 시대별 대표 한국영화 12편,,,2019.09.25,첨부파일,미부착,,개방 가능,공공누리 1유형,,,O,,,,,보도자료,
2965,한국영상자료원,HOME > 기관소개 > 기관소식 > 보도자료,보도자료,[보도자료] 특별 상영 프로그램 '나의 친애하는 한국영화',,,2019.10.15,첨부파일,미부착,,개방 가능,공공누리 1유형,,,O,,,,,보도자료,
2966,한국영상자료원,HOME > 기관소개 > 기관소식 > 보도자료,보도자료,"[보도자료] 전문가 포럼: 시네마, 미디어 지형의 변화",,,2019.10.18,첨부파일,미부착,,개방 가능,공공누리 1유형,,,O,,,,,보도자료,
2967,한국영상자료원,HOME > 기관소개 > 기관소식 > 보도자료,보도자료,"[보도자료] 한국영화박물관 기획 전시: 금지된 상상, 억압의 상처-검열을 딛고 선 한국영화 100년",,,2019.10.25,첨부파일,미부착,,개방 가능,공공누리 1유형,,,O,,,,,보도자료,
2968,한국영상자료원,HOME > 기관소개 > 기관소식 > 보도자료,보도자료,"[보도자료] 오랜 기간 묻혀 있던 작품의 귀환, 김기영 감독 <고려장> 블루레이 출시",,,2019.10.30,첨부파일,미부착,,개방 가능,공공누리 1유형,,,O,,,,,보도자료,
2969,한국영상자료원,HOME > 기관소개 > 기관소식 > 보도자료,보도자료,"[보도자료] 실험, 저항, 변혁의 힘: 한국 독립영화 특별전",,,2019.10.31,첨부파일,미부착,,개방 가능,공공누리 1유형,,,O,,,,,보도자료,
2970,한국영상자료원,HOME > 기관소개 > 기관소식 > 보도자료,보도자료,[보도자료] 학술포럼: 境界의 警戒(경계의 경계) - 1960-70년대 외화/합작영화 검열 체제와 실천,,,2019.12.04,첨부파일,미부착,,개방 가능,공공누리 1유형,,,O,,,,,보도자료,
2971,한국영상자료원,HOME > 기관소개 > 기관소식 > 보도자료,보도자료,[보도자료] 신상옥 감독 <사랑방 손님과 어머니> 블루레이 출시,,,2019.12.10,첨부파일,미부착,,개방 가능,공공누리 1유형,,,O,,,,,보도자료,
2972,한국영상자료원,HOME > 기관소개 > 기관소식 > 보도자료,보도자료,[보도자료]신문기사로 본 조선영화 1930 배포,,,2020.01.15,첨부파일,미부착,,개방 가능,공공누리 1유형,,,O,,,,,보도자료,
2973,한국영상자료원,HOME > 기관소개 > 기관소식 > 보도자료,보도자료,[보도자료]4K 디지털 복원작 특별 상영,,,2020.02.24,첨부파일,미부착,,개방 가능,공공누리 1유형,,,O,,,,,보도자료,
2974,한국영상자료원,HOME > 기관소개 > 기관소식 > 보도자료,보도자료,[보도자료]518 민주화운동 40주년 기념 특별전,,,2020.05.12,첨부파일,미부착,,개방 가능,공공누리 1유형,,,O,,,,,보도자료,
2975,한국영상자료원,HOME > 기관소개 > 기관소식 > 보도자료,보도자료,[보도자료]한국영상자료원-씨네21 업무협약 체결,,,2020.05.21,첨부파일,미부착,,개방 가능,공공누리 1유형,,,O,,,,,보도자료,
2976,한국영상자료원,HOME > 기관소개 > 기관소식 > 보도자료,보도자료,[보도자료]<초우> 블루레이 출시,,,2020.06.04,첨부파일,미부착,,개방 가능,공공누리 1유형,,,O,,,,,보도자료,
2977,한국영상자료원,HOME > 기관소개 > 기관소식 > 보도자료,보도자료,[보도자료]해외영화 VOD 기획전 최초 개최,,,2020.06.16,첨부파일,미부착,,개방 가능,공공누리 1유형,,,O,,,,,보도자료,
2978,한국영상자료원,HOME > 기관소개 > 기관소식 > 보도자료,보도자료,[보도자료]625 전쟁 70주년 기념 온라인 VOD 기획전 개최,,,2020.06.23,첨부파일,미부착,,개방 가능,공공누리 1유형,,,O,,,,,보도자료,
2979,한국영상자료원,HOME > 기관소개 > 기관소식 > 보도자료,보도자료,[보도자료]한국영화박물관 신규 기획전시 온라인 전시 오픈,,,2020.07.07,첨부파일,미부착,,개방 가능,공공누리 1유형,,,O,,,,,보도자료,
2980,한국영상자료원,HOME > 기관소개 > 기관소식 > 보도자료,보도자료,[보도자료]배리어프리 애니메이션 온라인 기획전 개최,,,2020.07.12,첨부파일,미부착,,개방 가능,공공누리 1유형,,,O,,,,,보도자료,
2981,한국영상자료원,HOME > 기관소개 > 기관소식 > 보도자료,보도자료,[보도자료]해방기 및 전쟁기 제작 북한영화 12편 발굴 공개,,,2020.07.24,첨부파일,미부착,,개방 가능,공공누리 1유형,,,O,,,,,보도자료,
2982,한국영상자료원,HOME > 기관소개 > 기관소식 > 보도자료,보도자료,[보도자료]<남부군> 블루레이 출시,,,2020.09.10,첨부파일,미부착,,개방 가능,공공누리 1유형,,,O,,,,,보도자료,
2983,한국영상자료원,HOME > 기관소개 > 기관소식 > 보도자료,보도자료,[보도자료]한국영화 응원 온라인 캠페인 실시,,,2020.09.16,첨부파일,미부착,,개방 가능,공공누리 1유형,,,O,,,,,보도자료,
2984,한국영상자료원,HOME > 기관소개 > 기관소식 > 보도자료,보도자료,[보도자료] 21세기 한국영화 신규 기획전시 개최,,,2021.03.03,첨부파일,미부착,,개방 가능,공공누리 1유형,,,O,,,,,보도자료,
2985,한국영상자료원,HOME > 기관소개 > 기관소식 > 보도자료,보도자료,[보도자료] 윤여정 특별전-도전의 여정을 걷다,,,2021.04.29,첨부파일,미부착,,개방 가능,공공누리 1유형,,,O,,,,,보도자료,
2986,한국영상자료원,HOME > 기관소개 > 기관소식 > 보도자료,보도자료,[보도자료] 공연융합영상 프로젝트 <둥글고 둥글게> 릴레이 상연,,,2021.05.04,첨부파일,미부착,,개방 가능,공공누리 1유형,,,O,,,,,보도자료,
2987,한국영상자료원,HOME > 기관소개 > 기관소식 > 보도자료,보도자료,[보도자료] 일제강점기 희귀영상 4편 발굴 공개,,,2021.06.07,첨부파일,미부착,,개방 가능,공공누리 1유형,,,O,,,,,보도자료,
2988,한국영상자료원,HOME > 기관소개 > 기관소식 > 보도자료,보도자료,[보도자료] 한국영상자료원 스탬프 투어 운영,,,2021.06.11,첨부파일,미부착,,개방 가능,공공누리 1유형,,,O,,,,,보도자료,
2989,한국영상자료원,HOME > 기관소개 > 기관소식 > 보도자료,보도자료,[보도자료] 변화와 도약의 순간 '1961년' 조망한 KOFA 컬렉션 공개,,,2021.06.18,첨부파일,미부착,,개방 가능,공공누리 1유형,,,O,,,,,보도자료,
2990,한국영상자료원,HOME > 기관소개 > 기관소식 > 보도자료,보도자료,[보도자료] 한국영상자료원 블랙리스트 실행 사과 및 윤리지침 개정 발표,,,2021.06.24,첨부파일,미부착,,개방 가능,공공누리 1유형,,,O,,,,,보도자료,
2991,한국영상자료원,HOME > 기관소개 > 기관소식 > 보도자료,보도자료,"[보도자료] 한국영상자료원, 제천국제음악영화제와 업무협약 체결",,,2021.07.02,첨부파일,미부착,,개방 가능,공공누리 1유형,,,O,,,,,보도자료,
2992,한국영상자료원,HOME > 기관소개 > 기관소식 > 보도자료,보도자료,[보도자료] 80년대 청춘의 자화상 담긴 <고래사냥> 블루레이 출시,,,2021.08.03,첨부파일,미부착,,개방 가능,공공누리 1유형,,,O,,,,,보도자료,
2993,한국영상자료원,HOME > 기관소개 > 기관소식 > 보도자료,보도자료,[보도자료] 8.15 광복절 기념 해방기 뉴스영화 8편 VOD 첫 공개,,,2021.08.12,첨부파일,미부착,,개방 가능,공공누리 1유형,,,O,,,,,보도자료,
2994,한국영상자료원,HOME > 기관소개 > 기관소식 > 보도자료,보도자료,"[보도자료] 한국영화사의 X파일, 검열자료 온라인 컬렉션 공개",,,2021.08.19,첨부파일,미부착,,개방 가능,공공누리 1유형,,,O,,,,,보도자료,
2995,한국영상자료원,HOME > 기관소개 > 기관소식 > 보도자료,보도자료,[보도자료] 한국영화 속 '사무실'로 살펴보는 직장문화사,,,2021.09.08,첨부파일,미부착,,개방 가능,공공누리 1유형,,,O,,,,,보도자료,
2996,한국영상자료원,HOME > 기관소개 > 기관소식 > 보도자료,보도자료,"[보도자료] 1980~90년대 한국영화의 요람, 태흥영화의 모든 것 공개",,,2021.09.09,첨부파일,미부착,,개방 가능,공공누리 1유형,,,O,,,,,보도자료,
2997,한국영상자료원,HOME > 기관소개 > 기관소식 > 보도자료,보도자료,"[보도자료] 한국영화박물관 기획전시 <정훈이만화, 영화와 뒹굴뒹굴 25년> 개최",,,2021.09.14,첨부파일,미부착,,개방 가능,공공누리 1유형,,,O,,,,,보도자료,
2998,한국영상자료원,HOME > 기관소개 > 기관소식 > 보도자료,보도자료,[보도자료] <둥글고 둥글게> 주영한국문화원에서 해외 최초 전시/상영,,,2021.09.24,첨부파일,미부착,,개방 가능,공공누리 1유형,,,O,,,,,보도자료,
2999,한국영상자료원,HOME > 기관소개 > 기관소식 > 보도자료,보도자료,[보도자료] 한국영상자료원 신임 원장 공모 실시,,,2021.10.22,첨부파일,미부착,,개방 가능,공공누리 1유형,,,O,,,,,보도자료,
3000,한국영상자료원,HOME > 기관소개 > 기관소식 > 보도자료,보도자료,[보도자료] 온라인으로 만나는 일제강점기 기록영상 10편,,,2021.10.25,첨부파일,미부착,,개방 가능,공공누리 1유형,,,O,,,,,보도자료,
3001,한국영상자료원,HOME > 기관소개 > 기관소식 > 보도자료,보도자료,[보도자료] 인간X인공지능 콜라보 영화음악 최초 공개 <딥.포토플래이>,,,2021.11.17,첨부파일,미부착,,개방 가능,공공누리 1유형,,,O,,,,,보도자료,
3002,한국영상자료원,HOME > 기관소개 > 기관소식 > 보도자료,보도자료,"[보도자료] 황석영 작가, 문숙 배우와 함께 하는 '한국 겨울영화 특별전'",,,2021.11.29,첨부파일,미부착,,개방 가능,공공누리 1유형,,,O,,,,,보도자료,
3003,한국영상자료원,HOME > 기관소개 > 기관소식 > 보도자료,보도자료,[보도자료] 한국 VFX의 요람 덱스터스튜디오 10주년 맞이 VFX 영역 탐구,,,2021.12.03,첨부파일,미부착,,개방 가능,공공누리 1유형,,,O,,,,,보도자료,
3004,한국영상자료원,HOME > 기관소개 > 기관소식 > 보도자료,보도자료,[보도자료] 음유시인 정태춘 다큐영화 상영 후 특별 음악공연 개최,,,2021.12.15,첨부파일,미부착,,개방 가능,공공누리 1유형,,,O,,,,,보도자료,
3005,한국영상자료원,HOME > 기관소개 > 기관소식 > 보도자료,보도자료,[보도자료] '2021년 한국영화를 되돌아보다'...KOFA가 주목한 11편은,,,2022.03.16,첨부파일,미부착,,개방 가능,공공누리 1유형,,,O,,,,,보도자료,
3006,한국영상자료원,HOME > 기관소개 > 기관소식 > 보도자료,보도자료,[보도자료] 신규 기획 전시 <위대한 유산 : 태흥영화 1984-2004> 개최,,,2022.04.11,첨부파일,미부착,,개방 가능,공공누리 1유형,,,O,,,,,보도자료,
3007,한국영상자료원,HOME > 기관소개 > 기관소식 > 보도자료,보도자료,[보도자료] 한국농아인협회와 업무협약 체결,,,2022.04.27,첨부파일,미부착,,개방 가능,공공누리 1유형,,,O,,,,,보도자료,
3008,한국영상자료원,HOME > 기관소개 > 기관소식 > 보도자료,보도자료,"[보도자료] 한국영상자료원 태흥영화 특별상영전 개최, 한 달간 펼쳐지는 한국 고전영화의 진수",,,2022.05.04,첨부파일,미부착,,개방 가능,공공누리 1유형,,,O,,,,,보도자료,
3009,한국영상자료원,HOME > 기관소개 > 기관소식 > 보도자료,보도자료,[보도자료] <위대한 유산 : 태흥영화 1984~2004> 특별상영전 개막식 성황리 개최,,,2022.05.13,첨부파일,미부착,,개방 가능,공공누리 1유형,,,O,,,,,보도자료,
3010,한국영상자료원,HOME > 기관소개 > 기관소식 > 보도자료,보도자료,"[보도자료] ‘박찬욱 키즈’가 되는 첫걸음, 한국영상자료원 어린이·청소년 대상 영화 교육 수강생 모집",,,2022.06.09,첨부파일,미부착,,개방 가능,공공누리 1유형,,,O,,,,,보도자료,
3011,한국영상자료원,HOME > 기관소개 > 기관소식 > 보도자료,보도자료,"[보도자료]한국-아르헨티나 수교 60주년 기념, ‘아르헨티나 현대 영화’ 상영전 개최",,,2022.06.14,첨부파일,미부착,,개방 가능,공공누리 1유형,,,O,,,,,보도자료,
3012,한국영상자료원,HOME > 기관소개 > 기관소식 > 보도자료,보도자료,"[보도자료]K-애니메이션의 초석, ‘홍길동’ 4K 복원작 한국영상자료원 유튜브, 네이버TV 최초 공개",,,2022.06.16,첨부파일,미부착,,개방 가능,공공누리 1유형,,,O,,,,,보도자료,
3013,한국영상자료원,HOME > 기관소개 > 기관소식 > 보도자료,보도자료,[보도자료] 디지털 복원된 국내외 걸작 41편 상영하는 ‘시네마테크KOFA 발굴·복원 그리고 재창조’ 개최,,,2022.06.23,첨부파일,미부착,,개방 가능,공공누리 1유형,,,O,,,,,보도자료,
3014,한국영상자료원,HOME > 기관소개 > 기관소식 > 보도자료,보도자료,"[보도자료]한국영상자료원, 윤여정 배우와 봉준호 감독이 존경 표한 거장 김기영 감독 작품 24편의 검열서류 공개",,,2022.06.28,첨부파일,미부착,,개방 가능,공공누리 1유형,,,O,,,,,보도자료,
3015,한국영상자료원,HOME > 기관소개 > 기관소식 > 보도자료,보도자료,"[보도자료]‘아기공룡 둘리’ 배리어프리 자막 제작에 함께해요! 한국영상자료원, 배리어프리 자막 제작 봉사자 모집",,,2022.06.30,첨부파일,미부착,,개방 가능,공공누리 1유형,,,O,,,,,보도자료,
3016,한국영상자료원,HOME > 기관소개 > 기관소식 > 보도자료,보도자료,[보도자료]한국영상자료원 고전영화 블루레이 컬렉션 No.25 김수용 감독 <산불> 블루레이 출시,,,2022.07.06,첨부파일,미부착,,개방 가능,공공누리 1유형,,,O,,,,,보도자료,
3017,한국영상자료원,HOME > 기관소개 > 기관소식 > 보도자료,보도자료,"[보도자료]거문고와 기타로 재탄생한 1922년 무성영화 8월 6일,7일 <노스페라투 - 현絃의 그림자> 한국영상자료원 최초 상연",,,2022.09.21,첨부파일,미부착,,개방 가능,공공누리 1유형,,,O,,,,,보도자료,
3018,한국영상자료원,HOME > 기관소개 > 기관소식 > 보도자료,보도자료,"[보도자료]한국영상자료원, 8·15 광복 77주년 기념하여 1945년 9월 해방 직후 기록영상 5편 VOD 첫 공개",,,2022.09.21,첨부파일,미부착,,개방 가능,공공누리 1유형,,,O,,,,,보도자료,
3019,한국영상자료원,HOME > 기관소개 > 기관소식 > 보도자료,보도자료,[보도자료]현대 SF 영화의 원형을 제시한 ‘1950년대 SF 몬스터 특별전’ 개최,,,2022.09.21,첨부파일,미부착,,개방 가능,공공누리 1유형,,,O,,,,,보도자료,
3020,한국영상자료원,HOME > 기관소개 > 기관소식 > 보도자료,보도자료,"[보도자료]한국영상자료원, 한국전쟁 시기 제작 영화 <낙동강> 발굴 영상과 음향 유실 없는 현존 유일 완전판",,,2022.09.21,첨부파일,미부착,,개방 가능,공공누리 1유형,,,O,,,,,보도자료,
3021,한국영상자료원,HOME > 기관소개 > 기관소식 > 보도자료,보도자료,"[보도자료]안방극장을 수놓았던 고전영화 88편, 고화질 4K로 재탄생",,,2022.09.21,첨부파일,미부착,,개방 가능,공공누리 1유형,,,O,,,,,보도자료,
3022,한국영상자료원,HOME > 기관소개 > 기관소식 > 보도자료,보도자료,"[보도자료]‘홍콩 영화의 새로운 물결’ - 홍콩 시네마, 서울에 파장을 일으키다",,,2022.09.21,첨부파일,미부착,,개방 가능,공공누리 1유형,,,O,,,,,보도자료,
3023,한국영상자료원,HOME > 기관소개 > 기관소식 > 보도자료,보도자료,"[보도자료]화제의 애니메이션 <홍길동> 속편, <호피와 차돌바위> 4K 디지털 복원 버전 최초 공개",,,2022.09.21,첨부파일,미부착,,개방 가능,공공누리 1유형,,,O,,,,,보도자료,
3024,한국영상자료원,HOME > 기관소개 > 기관소식 > 보도자료,보도자료,"[보도자료]VFX, 가상현실은 영화의 미래가 될 수 있을까",,,2022.09.26,첨부파일,미부착,,개방 가능,공공누리 1유형,,,O,,,,,보도자료,
3025,한국영상자료원,HOME > 기관소개 > 기관소식 > 보도자료,보도자료,[보도자료]한국영화사에서 가장 많은 작품 연출한 김수용 감독의 25년 검열 역사 전격 공개,,,2022.09.28,첨부파일,미부착,,개방 가능,공공누리 1유형,,,O,,,,,보도자료,
3026,한국영상자료원,HOME > 기관소개 > 기관소식 > 보도자료,보도자료,[보도자료]한국영상자료원 고전영화 블루레이 컬렉션 No.26 한국 공포영화의 걸작 <소름> 블루레이 출시,,,2022.10.24,첨부파일,미부착,,개방 가능,공공누리 1유형,,,O,,,,,보도자료,
3027,한국영상자료원,HOME > 기관소개 > 기관소식 > 보도자료,보도자료,"[보도자료]한국영상자료원, 청각장애인을 위한 <나는 보리> 가치봄 영화 상영 및 수어 통역 GV 성료",,,2022.10.24,첨부파일,미부착,,개방 가능,공공누리 1유형,,,O,,,,,보도자료,
3028,한국영상자료원,HOME > 기관소개 > 기관소식 > 보도자료,보도자료,"[보도자료]‘영화의 도시’ 부산, 부산지역 영화관의 거룩한 계보",,,2022.10.24,첨부파일,미부착,,개방 가능,공공누리 1유형,,,O,,,,,보도자료,
3029,한국영상자료원,HOME > 기관소개 > 기관소식 > 보도자료,보도자료,[보도자료]상암동에 좀비가 나타났다!<지금 우리 좀비는 : 21세기 K-좀비 연대기>한국영화박물관 신규 기획전시 개최,,,2022.10.24,첨부파일,미부착,,개방 가능,공공누리 1유형,,,O,,,,,보도자료,
3030,한국영상자료원,HOME > 기관소개 > 기관소식 > 보도자료,보도자료,[보도자료]‘세계 시청각 유산의 날 기념 - 아카이빙 101‘ 예술융복합공연 및 영화 상영 한국영상자료원 25일-30일 개최,,,2022.10.24,첨부파일,미부착,,개방 가능,공공누리 1유형,,,O,,,,,보도자료,
3031,한국영상자료원,HOME > 기관소개 > 기관소식 > 보도자료,보도자료,[보도자료]한국영화박물관 신규 기획전시<지금 우리 좀비는 : 21세기 K-좀비 연대기>개막식 성료,,,2022.10.24,첨부파일,미부착,,개방 가능,공공누리 1유형,,,O,,,,,보도자료,
3032,한국영상자료원,HOME > 기관소개 > 기관소식 > 보도자료,보도자료,[보도자료] K-무비 세계화의 초석 <피막> 블루레이 출시,,,2022.11.24,첨부파일,미부착,,개방 가능,공공누리 1유형,,,O,,,,,보도자료,
3033,한국영상자료원,HOME > 기관소개 > 기관소식 > 보도자료,보도자료,"[보도자료] 영화인들의 사생결단,1980년대 이후 한국 영화운동의 발자취를 돌아보다",,,2022.11.24,첨부파일,미부착,,개방 가능,공공누리 1유형,,,O,,,,,보도자료,
3034,한국영상자료원,HOME > 기관소개 > 기관소식 > 보도자료,보도자료,[보도자료] 인공지능 작곡가 무성영화에 음(音)을 입히다,,,2022.11.24,첨부파일,미부착,,개방 가능,공공누리 1유형,,,O,,,,,보도자료,
3035,한국영상자료원,HOME > 기관소개 > 기관소식 > 보도자료,보도자료,[보도자료] ‘한국영화의 암흑기’를 뒤집어보다! 한국영상자료원 학술 심포지엄 개최,,,2023.01.02,첨부파일,미부착,,개방 가능,공공누리 1유형,,,O,,,,,보도자료,
3036,한국영상자료원,HOME > 기관소개 > 기관소식 > 보도자료,보도자료,[보도자료] 한국영화사의 화제작 <바보선언> 블루레이 출시,,,2023.01.10,첨부파일,미부착,,개방 가능,공공누리 1유형,,,O,,,,,보도자료,
3037,한국영상자료원,HOME > 기관소개 > 기관소식 > 보도자료,보도자료,[보도자료] ‘나츠메 소세키’ 등 일본 근현대문학 대표작가 8인의 작품을 영화로 만나다,,,2023.01.17,첨부파일,미부착,,개방 가능,공공누리 1유형,,,O,,,,,보도자료,
3038,한국영상자료원,HOME > 기관소개 > 기관소식 > 보도자료,보도자료,[보도자료] 1950년 이전 조선·한국 관련 역대급 기록영상 컬렉션 공개,,,2023.01.25,첨부파일,미부착,,개방 가능,공공누리 1유형,,,O,,,,,보도자료,
3039,한국영상자료원,HOME > 기관소개 > 기관소식 > 보도자료,보도자료,[보도자료] 한국영상자료원 ‘한국고전영화극장’ 유튜브 채널 누적 조회수 3억뷰 돌파,,,2023.02.03,첨부파일,미부착,,개방 가능,공공누리 1유형,,,O,,,,,보도자료,
3040,한국영상자료원,HOME > 기관소개 > 기관소식 > 보도자료,보도자료,[보도자료] 2022년 한국영화 총결산! ‘시네마테크KOFA가 주목한 2022년 한국영화’ 기획전 개최,,,2023.03.02,첨부파일,미부착,,개방 가능,공공누리 1유형,,,O,,,,,보도자료,
3041,한국영상자료원,HOME > 기관소개 > 기관소식 > 보도자료,보도자료,[보도자료] 블루레이로 출시되는 한국영화사의 걸작들! 한국영상자료원 2023년 한국영화 블루레이 라인업 공개,,,2023.03.02,첨부파일,미부착,,개방 가능,공공누리 1유형,,,O,,,,,보도자료,
3042,한국영상자료원,HOME > 기관소개 > 기관소식 > 보도자료,보도자료,[보도자료] 한국영화박물관 ‘초기영화로의 초대’ 체험 전시 신규 오픈,,,2023.03.02,첨부파일,미부착,,개방 가능,공공누리 1유형,,,O,,,,,보도자료,
3043,한국영상자료원,HOME > 기관소개 > 기관소식 > 보도자료,보도자료,[보도자료] 서울단편영화제 컬렉션 공개 및 특별상영회 개최,,,2023.03.16,첨부파일,미부착,,개방 가능,공공누리 1유형,,,O,,,,,보도자료,
3044,한국영상자료원,HOME > 기관소개 > 기관소식 > 보도자료,보도자료,[보도자료] 영화를 통해 런던을 여행하다 ‘영화와 공간: 런던’ 기획전 개최,,,2023.03.21,첨부파일,미부착,,개방 가능,공공누리 1유형,,,O,,,,,보도자료,
3045,한국영상자료원,HOME > 기관소개 > 기관소식 > 보도자료,보도자료,"[보도자료] 한국영상자료원-동대문문화재단, 지역 영상문화 활성화를 위한 업무협약 체결",,,2023.05.02,첨부파일,미부착,,개방 가능,공공누리 1유형,,,O,,,,,보도자료,
3046,한국영상자료원,HOME > 기관소개 > 기관소식 > 보도자료,보도자료,"[보도자료] 한국영상자료원-한국음반산업협회, 음반 아카이브 협력사업을 위한 MOU 체결",,,2023.05.02,첨부파일,미부착,,개방 가능,공공누리 1유형,,,O,,,,,보도자료,
3047,한국영상자료원,HOME > 기관소개 > 기관소식 > 보도자료,보도자료,"[보도자료] 5월 가정의 달, '오랜만에 극장에서' 큰 스크린으로 영화를 즐겨보자!",,,2023.05.02,첨부파일,미부착,,개방 가능,공공누리 1유형,,,O,,,,,보도자료,
3048,한국영상자료원,HOME > 기관소개 > 기관소식 > 보도자료,보도자료,"[보도자료] ‘어린이날’ 제정 101주년 맞아, <문화영화로 보는 어린이와 청소년> 컬렉션 공개",,,2023.05.02,첨부파일,미부착,,개방 가능,공공누리 1유형,,,O,,,,,보도자료,
3049,한국영상자료원,HOME > 기관소개 > 기관소식 > 보도자료,보도자료,[보도자료] 쏟아지는 디지털 자료 어떻게 관리하시나요?,,,2023.05.04,첨부파일,미부착,,개방 가능,공공누리 1유형,,,O,,,,,보도자료,
3050,한국영상자료원,HOME > 기관소개 > 기관소식 > 보도자료,보도자료,[보도자료] 아카이브 전문가와의 ‘전주대담’: “필름 상영 여전히 중요하다”,,,2023.05.04,첨부파일,미부착,,개방 가능,공공누리 1유형,,,O,,,,,보도자료,
3051,한국영상자료원,HOME > 기관소개 > 기관소식 > 보도자료,보도자료,[보도자료] ‘100여 년 전 외국인이 기록한 한국의 인상들’ 온라인 VOD 기획전 개최,,,2023.05.10,첨부파일,미부착,,개방 가능,공공누리 1유형,,,O,,,,,보도자료,
3052,한국영상자료원,HOME > 기관소개 > 기관소식 > 보도자료,보도자료,[보도자료] 프로덕션 디자인의 모든 것! 한국영상자료원 영화 교육 프로그램‘프로덕션 디자인의 이해’ 진행,,,2023.05.24,첨부파일,미부착,,개방 가능,공공누리 1유형,,,O,,,,,보도자료,
3053,한국영상자료원,HOME > 기관소개 > 기관소식 > 보도자료,보도자료,[보도자료] 한국영상자료원 ‘스필버그 셀렉션’ 기획전 개최,,,2023.05.25,첨부파일,미부착,,개방 가능,공공누리 1유형,,,O,,,,,보도자료,
3054,한국영상자료원,HOME > 기관소개 > 기관소식 > 보도자료,보도자료,"[보도자료] 한국영상자료원, 부처님 오신 날 맞아 불교 영화 8편 온라인 상영",,,2023.06.07,첨부파일,미부착,,개방 가능,공공누리 1유형,,,O,,,,,보도자료,
3055,한국영상자료원,HOME > 기관소개 > 기관소식 > 보도자료,보도자료,"[보도자료] 한국영상자료원 ‘발굴, 복원 그리고 초기영화로의 초대’ 코로나 이후 3년 만에 정상 개최",,,2023.06.07,첨부파일,미부착,,개방 가능,공공누리 1유형,,,O,,,,,보도자료,
3056,한국영상자료원,HOME > 기관소개 > 기관소식 > 보도자료,보도자료,"[보도자료] 디지털 복원된 한국 고전명작 10선, 안방극장에서 만난다",,,2023.06.07,첨부파일,미부착,,개방 가능,공공누리 1유형,,,O,,,,,보도자료,
3057,한국영상자료원,HOME > 기관소개 > 기관소식 > 보도자료,보도자료,"[보도자료] 환경의 날 기념, 영상자료원 <문화영화와 환경> 컬렉션 공개",,,2023.06.07,첨부파일,미부착,,개방 가능,공공누리 1유형,,,O,,,,,보도자료,
3058,한국영상자료원,HOME > 기관소개 > 기관소식 > 보도자료,보도자료,"[보도자료] 한국영상자료원, 구글과 손잡고 온라인 전시 선보여",,,2023.06.09,첨부파일,미부착,,개방 가능,공공누리 1유형,,,O,,,,,보도자료,
3059,한국영상자료원,HOME > 기관소개 > 기관소식 > 보도자료,보도자료,"[보도자료] 2023년 극장의 위기, 한국영상자료원이 ""극장에서만 느낄 수 있는 영화적 경험""을 제공합니다.",,,2023.06.14,첨부파일,미부착,,개방 가능,공공누리 1유형,,,O,,,,,보도자료,
3060,한국영상자료원,HOME > 기관소개 > 기관소식 > 보도자료,보도자료,[보도자료] 기록영상 국제학술회의 <영상과 냉전아시아> 개최,,,2023.06.14,첨부파일,미부착,,개방 가능,공공누리 1유형,,,O,,,,,보도자료,
3061,한국영상자료원,HOME > 기관소개 > 기관소식 > 보도자료,보도자료,[보도자료] <김기영 영화의 재조명> 국제학술대회 개최,,,2023.06.28,첨부파일,미부착,,개방 가능,공공누리 1유형,,,O,,,,,보도자료,
3062,한국영상자료원,HOME > 기관소개 > 기관소식 > 보도자료,보도자료,[보도자료] 한국 공포영화의 놀라운 성취 <살인마> 블루레이 출시,,,2023.06.29,첨부파일,미부착,,개방 가능,공공누리 1유형,,,O,,,,,보도자료,
3063,한국영상자료원,HOME > 기관소개 > 기관소식 > 채용,채용,[채용/공고]기간제근로자 4명,,https://www.koreafilm.or.kr/kofa/news/recruit,2016.01.11,,미부착,,개방 가능,공공누리 1유형,,,O,,,,,공고,
3064,한국영상자료원,HOME > 기관소개 > 기관소식 > 채용,채용,[채용/서류]기간제근로자 4명 서류전형합격자 발표,,,2016.01.28,,미부착,,개방 가능,공공누리 1유형,,,O,,,,,공고,
3065,한국영상자료원,HOME > 기관소개 > 기관소식 > 채용,채용,[채용/공고]청년인턴 1명,,,2016.01.29,,미부착,,개방 가능,공공누리 1유형,,,O,,,,,공고,
3066,한국영상자료원,HOME > 기관소개 > 기관소식 > 채용,채용,[채용/최종]기간제근로자 4명 최종합격자 발표,,,2016.02.04,,미부착,,개방 가능,공공누리 1유형,,,O,,,,,공고,
3067,한국영상자료원,HOME > 기관소개 > 기관소식 > 채용,채용,[채용/서류]청년인턴 1명 서류전형합격자 발표,,,2016.02.18,,미부착,,개방 가능,공공누리 1유형,,,O,,,,,공고,
3068,한국영상자료원,HOME > 기관소개 > 기관소식 > 채용,채용,[채용/최종] 청년인턴 1명 최종합격자 발표,,,2016.02.26,,미부착,,개방 가능,공공누리 1유형,,,O,,,,,공고,
3069,한국영상자료원,HOME > 기관소개 > 기관소식 > 채용,채용,[채용/공고] 기간제 근로자 2명,,,2016.03.04,,미부착,,개방 가능,공공누리 1유형,,,O,,,,,공고,
3070,한국영상자료원,HOME > 기관소개 > 기관소식 > 채용,채용,[채용/공고] 정규직 근로자 3명,,,2016.03.17,,미부착,,개방 가능,공공누리 1유형,,,O,,,,,공고,
3071,한국영상자료원,HOME > 기관소개 > 기관소식 > 채용,채용,[채용/공고] 기간제 근로자 1명,,,2016.03.18,,미부착,,개방 가능,공공누리 1유형,,,O,,,,,공고,
3072,한국영상자료원,HOME > 기관소개 > 기관소식 > 채용,채용,[채용/서류] 기간제 근로자(찾아가는 영화관) 2명 서류전형 합격자 발표,,,2016.03.22,,미부착,,개방 가능,공공누리 1유형,,,O,,,,,공고,
3073,한국영상자료원,HOME > 기관소개 > 기관소식 > 채용,채용,[채용/공고] 기간제 근로자(육아휴직 대체인력) 1명,,,2016.03.22,,미부착,,개방 가능,공공누리 1유형,,,O,,,,,공고,
3074,한국영상자료원,HOME > 기관소개 > 기관소식 > 채용,채용,[채용/최종] 기간제근로자(찾아가는영화관) 2명 최종합격자 발표,,,2016.04.01,,미부착,,개방 가능,공공누리 1유형,,,O,,,,,공고,
3075,한국영상자료원,HOME > 기관소개 > 기관소식 > 채용,채용,[채용/서류] 기간제 근로자(한국영화박물관 토요문화학교 운영) 1명 서류전형 합격자 발표,,,2016.04.01,,미부착,,개방 가능,공공누리 1유형,,,O,,,,,공고,
3076,한국영상자료원,HOME > 기관소개 > 기관소식 > 채용,채용,[채용/공고] 기간제 근로자(찾아가는 영화관 진행) 2명,,,2016.04.01,,미부착,,개방 가능,공공누리 1유형,,,O,,,,,공고,
3077,한국영상자료원,HOME > 기관소개 > 기관소식 > 채용,채용,[채용/공고] 기간제 근로자(파주보존센터 대민시설) 1명,,,2016.04.05,,미부착,,개방 가능,공공누리 1유형,,,O,,,,,공고,
3078,한국영상자료원,HOME > 기관소개 > 기관소식 > 채용,채용,[채용/서류] 정규직(경력) 3명 서류전형 합격자 발표,,,2016.04.05,,미부착,,개방 가능,공공누리 1유형,,,O,,,,,공고,
3079,한국영상자료원,HOME > 기관소개 > 기관소식 > 채용,채용,[채용/서류] 기간제 근로자(육아휴직 대체인력) 1명 서류전형 합격자 발표,,,2016.04.12,,미부착,,개방 가능,공공누리 1유형,,,O,,,,,공고,
3080,한국영상자료원,HOME > 기관소개 > 기관소식 > 채용,채용,[채용/최종] 기간제근로자(한국영화박물관 토요문화학교 운영) 1명 최종합격자 발표,,,2016.04.15,,미부착,,개방 가능,공공누리 1유형,,,O,,,,,공고,
3081,한국영상자료원,HOME > 기관소개 > 기관소식 > 채용,채용,[채용/최종] 정규직(경력) 3명 최종합격자 발표,,,2016.04.19,,미부착,,개방 가능,공공누리 1유형,,,O,,,,,공고,
3082,한국영상자료원,HOME > 기관소개 > 기관소식 > 채용,채용,[채용/서류] 기간제 근로자(찾아가는 영화관 진행) 2명 서류전형 합격자 발표,,,2016.04.19,,미부착,,개방 가능,공공누리 1유형,,,O,,,,,공고,
3083,한국영상자료원,HOME > 기관소개 > 기관소식 > 채용,채용,[채용/최종] 기간제 근로자(육아휴직 대체인력) 1명 최종 합격자 발표,,,2016.04.26,,미부착,,개방 가능,공공누리 1유형,,,O,,,,,공고,
3084,한국영상자료원,HOME > 기관소개 > 기관소식 > 채용,채용,[채용/서류] 기간제 근로자(파주보존센터 대민시설) 1명 서류전형 합격자 발표,,,2016.04.27,,미부착,,개방 가능,공공누리 1유형,,,O,,,,,공고,
3085,한국영상자료원,HOME > 기관소개 > 기관소식 > 채용,채용,[채용/최종] 기간제 근로자(찾아가는 영화관 진행) 2명 최종 합격자 발표,,,2016.04.29,,미부착,,개방 가능,공공누리 1유형,,,O,,,,,공고,
3086,한국영상자료원,HOME > 기관소개 > 기관소식 > 채용,채용,[채용/최종] 기간제 근로자(파주대민시설 관리운영) 1명 최종 합격자 발표,,,2016.05.04,,미부착,,개방 가능,공공누리 1유형,,,O,,,,,공고,
3087,한국영상자료원,HOME > 기관소개 > 기관소식 > 채용,채용,[채용/공고] 기간제 근로자 및 청년인턴 각 1명,,,2016.06.22,,미부착,,개방 가능,공공누리 1유형,,,O,,,,,공고,
3088,한국영상자료원,HOME > 기관소개 > 기관소식 > 채용,채용,[채용/서류] 기간제 근로자 및 청년인턴 서류전형 합격자 발표,,,2016.07.08,,미부착,,개방 가능,공공누리 1유형,,,O,,,,,공고,
3089,한국영상자료원,HOME > 기관소개 > 기관소식 > 채용,채용,[채용/최종] 기간제 근로자 및 청년인턴 최종 합격자 발표,,,2016.07.13,,미부착,,개방 가능,공공누리 1유형,,,O,,,,,공고,
3090,한국영상자료원,HOME > 기관소개 > 기관소식 > 채용,채용,[채용/공고] 기간제 근로자 1명,,,2016.07.15,,미부착,,개방 가능,공공누리 1유형,,,O,,,,,공고,
3091,한국영상자료원,HOME > 기관소개 > 기관소식 > 채용,채용,[채용/공고] 기간제 근로자 1명,,,2016.07.29,,미부착,,개방 가능,공공누리 1유형,,,O,,,,,공고,
3092,한국영상자료원,HOME > 기관소개 > 기관소식 > 채용,채용,[채용/서류] 기간제 근로자(찾아가는 영화관 안전요원) 서류전형 합격자 발표,,,2016.08.01,,미부착,,개방 가능,공공누리 1유형,,,O,,,,,공고,
3093,한국영상자료원,HOME > 기관소개 > 기관소식 > 채용,채용,[채용/최종] 기간제 근로자(찾아가는 영화관 안전요원) 최종 합격자 발표,,,2016.08.09,,미부착,,개방 가능,공공누리 1유형,,,O,,,,,공고,
3094,한국영상자료원,HOME > 기관소개 > 기관소식 > 채용,채용,[채용/서류] 기간제 근로자(육아휴직대체인력_박물관 교육프로그램) 서류전형 합격자 발표,,,2016.08.11,,미부착,,개방 가능,공공누리 1유형,,,O,,,,,공고,
3095,한국영상자료원,HOME > 기관소개 > 기관소식 > 채용,채용,[채용/최종] 기간제 근로자(육아휴직대체인력_박물관 교육프로그램) 최종 합격자 발표,,,2016.08.24,,미부착,,개방 가능,공공누리 1유형,,,O,,,,,공고,
3096,한국영상자료원,HOME > 기관소개 > 기관소식 > 채용,채용,[채용/공고] 기간제 근로자 2명,,,2016.08.31,,미부착,,개방 가능,공공누리 1유형,,,O,,,,,공고,
3097,한국영상자료원,HOME > 기관소개 > 기관소식 > 채용,채용,[채용/공고] 정규직원(인사노무/경력) 1명,,,2016.09.08,,미부착,,개방 가능,공공누리 1유형,,,O,,,,,공고,
3098,한국영상자료원,HOME > 기관소개 > 기관소식 > 채용,채용,"[채용/서류] 기간제 근로자 2명(티켓박스, 영상도서관) 서류전형 합격자 발표",,,2016.09.12,,미부착,,개방 가능,공공누리 1유형,,,O,,,,,공고,
3099,한국영상자료원,HOME > 기관소개 > 기관소식 > 채용,채용,"[채용/최종] 기간제 근로자(티켓박스, 영상도서관) 합격자 발표",,,2016.09.21,,미부착,,개방 가능,공공누리 1유형,,,O,,,,,공고,
3100,한국영상자료원,HOME > 기관소개 > 기관소식 > 채용,채용,[채용/서류] 정규직원(인사노무 경력) 서류전형 합격자 발표,,,2016.09.27,,미부착,,개방 가능,공공누리 1유형,,,O,,,,,공고,
3101,한국영상자료원,HOME > 기관소개 > 기관소식 > 채용,채용,[채용/필기] 정규직원(인사노무 경력) 필기 전형 합격자 발표,,,2016.10.05,,미부착,,개방 가능,공공누리 1유형,,,O,,,,,공고,
3102,한국영상자료원,HOME > 기관소개 > 기관소식 > 채용,채용,[채용/최종] 정규직원(인사노무 경력) 합격자 발표,,,2016.10.13,,미부착,,개방 가능,공공누리 1유형,,,O,,,,,공고,
3103,한국영상자료원,HOME > 기관소개 > 기관소식 > 채용,채용,[채용/공고] 기간제근로자 1명,,,2016.12.02,,미부착,,개방 가능,공공누리 1유형,,,O,,,,,공고,
3104,한국영상자료원,HOME > 기관소개 > 기관소식 > 채용,채용,[채용/서류] 기간제 근로자(육아휴직 대체인력) 1명 서류전형 합격자 발표,,,2016.12.19,,미부착,,개방 가능,공공누리 1유형,,,O,,,,,공고,
3105,한국영상자료원,HOME > 기관소개 > 기관소식 > 채용,채용,[채용/최종] 기간제 근로자(육아휴직 대체인력) 1명 최종 합격자 발표,,,2016.12.24,,미부착,,개방 가능,공공누리 1유형,,,O,,,,,공고,
3106,한국영상자료원,HOME > 기관소개 > 기관소식 > 채용,채용,[채용/공고]정규직원(재무·회계 (신입/경력)) 1명(~17/01/26),,,2017.01.12,,미부착,,개방 가능,공공누리 1유형,,,O,,,,,공고,
3107,한국영상자료원,HOME > 기관소개 > 기관소식 > 채용,채용,[채용/공고]기간제근로자(임원차량 운전기사) 1명(~17/02/16),,,2017.02.02,,미부착,,개방 가능,공공누리 1유형,,,O,,,,,공고,
3108,한국영상자료원,HOME > 기관소개 > 기관소식 > 채용,채용,[채용/서류]정규직 신입/경력(재무·회계 1인) 서류전형 합격자 발표,,,2017.02.08,,미부착,,개방 가능,공공누리 1유형,,,O,,,,,공고,
3109,한국영상자료원,HOME > 기관소개 > 기관소식 > 채용,채용,[채용/공고]체험형 청년인턴(장애인) 1명(~17/02/17),,,2017.02.09,,미부착,,개방 가능,공공누리 1유형,,,O,,,,,공고,
3110,한국영상자료원,HOME > 기관소개 > 기관소식 > 채용,채용,[채용/필기] 정규직 신입/경력 (재무·회계 1인) 필기 전형 합격자 발표,,,2017.02.16,,미부착,,개방 가능,공공누리 1유형,,,O,,,,,공고,
3111,한국영상자료원,HOME > 기관소개 > 기관소식 > 채용,채용,[채용/공고]기간제근로자(한국영화박물관 교육프로그램 기획 및 운영) 1명(~17/03/03),,,2017.02.17,,미부착,,개방 가능,공공누리 1유형,,,O,,,,,공고,
3112,한국영상자료원,HOME > 기관소개 > 기관소식 > 채용,채용,[채용/최종] 정규직 신입/경력(재무·회계 1인) 최종 합격자 발표,,,2017.02.22,,미부착,,개방 가능,공공누리 1유형,,,O,,,,,공고,
3113,한국영상자료원,HOME > 기관소개 > 기관소식 > 채용,채용,[채용/서류] 기간제 계약직(임원 운전기사 1인) 서류전형 합격자 발표,,,2017.02.22,,미부착,,개방 가능,공공누리 1유형,,,O,,,,,공고,
3114,한국영상자료원,HOME > 기관소개 > 기관소식 > 채용,채용,[채용/면접대상자] 체험형 청년인턴(장애인 1인) 면접 대상자 발표,,,2017.02.22,,미부착,,개방 가능,공공누리 1유형,,,O,,,,,공고,
3115,한국영상자료원,HOME > 기관소개 > 기관소식 > 채용,채용,[채용/공고]정규직원(재무·회계 (신입/경력)) 1명(~17/03/10),,,2017.02.24,,미부착,,개방 가능,공공누리 1유형,,,O,,,,,공고,
3116,한국영상자료원,HOME > 기관소개 > 기관소식 > 채용,채용,[채용/최종] 기간제 계약직(임원차량 운전기사 1인) 최종 합격자 발표,,,2017.02.27,,미부착,,개방 가능,공공누리 1유형,,,O,,,,,공고,
3117,한국영상자료원,HOME > 기관소개 > 기관소식 > 채용,채용,[채용/최종] 체험형 청년인턴(장애인 1인) 최종 합격자 발표,,,2017.02.27,,미부착,,개방 가능,공공누리 1유형,,,O,,,,,공고,
3118,한국영상자료원,HOME > 기관소개 > 기관소식 > 채용,채용,[채용/서류] 기간제 (1인) 채용(육아휴직대체_박물관 교육프로그램 운영) 서류전형 합격자 발표,,,2017.03.08,,미부착,,개방 가능,공공누리 1유형,,,O,,,,,공고,
3119,한국영상자료원,HOME > 기관소개 > 기관소식 > 채용,채용,[채용/최종] 기간제 (1인) 채용(육아휴직대체_박물관 교육프로그램 운영) 최종 합격자 발표,,,2017.03.14,,미부착,,개방 가능,공공누리 1유형,,,O,,,,,공고,
3120,한국영상자료원,HOME > 기관소개 > 기관소식 > 채용,채용,[채용/공고]기간제근로자(찾아가는 영화관 행사 안전요원) 1명 (~17/03/24),,,2017.03.15,,미부착,,개방 가능,공공누리 1유형,,,O,,,,,공고,
3121,한국영상자료원,HOME > 기관소개 > 기관소식 > 채용,채용,[채용/서류] 정규직 신입/경력(재무·회계 1인) 서류전형 합격자 발표,,,2017.03.15,,미부착,,개방 가능,공공누리 1유형,,,O,,,,,공고,
3122,한국영상자료원,HOME > 기관소개 > 기관소식 > 채용,채용,[채용/필기] 정규직 신입/경력 (재무·회계 1인) 필기 전형 합격자(면접전형 대상자) 발표,,,2017.03.21,,미부착,,개방 가능,공공누리 1유형,,,O,,,,,공고,
3123,한국영상자료원,HOME > 기관소개 > 기관소식 > 채용,채용,[채용/최종] 정규직 신입/경력(재무·회계 1인) 최종 합격자 발표,,,2017.03.27,,미부착,,개방 가능,공공누리 1유형,,,O,,,,,공고,
3124,한국영상자료원,HOME > 기관소개 > 기관소식 > 채용,채용,[채용/서류] 기간제 계약직(찾아가는 영화관 행사 안전요원) 서류전형 합격자 발표,,,2017.03.30,,미부착,,개방 가능,공공누리 1유형,,,O,,,,,공고,
3125,한국영상자료원,HOME > 기관소개 > 기관소식 > 채용,채용,[채용/공고]기간제근로자(한국영화박물관 토요문화학교 운영) 1명 (~17/04/14),,,2017.03.31,,미부착,,개방 가능,공공누리 1유형,,,O,,,,,공고,
3126,한국영상자료원,HOME > 기관소개 > 기관소식 > 채용,채용,[채용/최종] 기간제 계약직 채용(찾아가는 영화관 안전요원) 최종 합격자 발표,,,2017.04.03,,미부착,,개방 가능,공공누리 1유형,,,O,,,,,공고,
3127,한국영상자료원,HOME > 기관소개 > 기관소식 > 채용,채용,[채용/서류] 기간제근로자(한국영화박물관 토요문화학교 운영) 서류전형 합격자 발표,,,2017.04.19,,미부착,,개방 가능,공공누리 1유형,,,O,,,,,공고,
3128,한국영상자료원,HOME > 기관소개 > 기관소식 > 채용,채용,[채용/최종] 기간제근로자 채용(한국영화박물관 토요문화학교 운영) 최종 합격자 발표,,,2017.04.24,,미부착,,개방 가능,공공누리 1유형,,,O,,,,,공고,
3129,한국영상자료원,HOME > 기관소개 > 기관소식 > 채용,채용,[채용/공고]체험형 청년인턴(2인) 채용 공고 (~17/07/18),,,2017.07.04,,1유형,,개방 가능,공공누리 1유형,,,O,,,,,공고,
3130,한국영상자료원,HOME > 기관소개 > 기관소식 > 채용,채용,[채용/공고]기간제근로자(찾아가는 영화관 행사 진행요원) 1명 (~17/07/21),,,2017.07.07,,1유형,,개방 가능,공공누리 1유형,,,O,,,,,공고,
3131,한국영상자료원,HOME > 기관소개 > 기관소식 > 채용,채용,[채용/서류] 체험형 청년인턴(2인) 서류전형 합격자 발표,,,2017.07.21,,미부착,,개방 가능,공공누리 1유형,,,O,,,,,공고,
3132,한국영상자료원,HOME > 기관소개 > 기관소식 > 채용,채용,[채용/서류] 기간제근로자(찾아가는 영화관 행사진행 요원) 서류전형 합격자 발표,,,2017.07.26,,미부착,,개방 가능,공공누리 1유형,,,O,,,,,공고,
3133,한국영상자료원,HOME > 기관소개 > 기관소식 > 채용,채용,[채용/최종] 체험형 청년인턴(2인) 채용 최종 합격자 발표,,,2017.07.27,,미부착,,개방 가능,공공누리 1유형,,,O,,,,,공고,
3134,한국영상자료원,HOME > 기관소개 > 기관소식 > 채용,채용,[채용/최종] 기간제근로자(찾아가는 영화관 행사진행 요원) 채용 최종 결과 발표,,,2017.08.03,,미부착,,개방 가능,공공누리 1유형,,,O,,,,,공고,
3135,한국영상자료원,HOME > 기관소개 > 기관소식 > 채용,채용,블라인드 채용 및 국가직무능력표준(NCS)을 활용한 블라인드 채용 도입계획 공고,,,2017.08.10,첨부파일,미부착,,개방 가능,공공누리 1유형,,,O,,,,,공고,
3136,한국영상자료원,HOME > 기관소개 > 기관소식 > 채용,채용,[채용/공고]기간제근로자(수집자료 정리 및 카탈로깅) 1명 (~17/11/01),,,2017.10.19,,미부착,,개방 가능,공공누리 1유형,,,O,,,,,공고,
3137,한국영상자료원,HOME > 기관소개 > 기관소식 > 채용,채용,[채용/공고]무기계약직 5명 (~17/11/07),,,2017.10.25,,미부착,,개방 가능,공공누리 1유형,,,O,,,,,공고,
3138,한국영상자료원,HOME > 기관소개 > 기관소식 > 채용,채용,[채용/서류] 기간제근로자(수집자료 정리 및 카탈로깅_육아휴직 대체인력) 서류전형 합격자 발표,,,2017.11.06,,미부착,,개방 가능,공공누리 1유형,,,O,,,,,공고,
3139,한국영상자료원,HOME > 기관소개 > 기관소식 > 채용,채용,[채용/최종] 기간제근로자(수집자료 정리 및 카탈로깅_육아휴직 대체인력) 채용 최종 합격자 발표,,,2017.11.10,,미부착,,개방 가능,공공누리 1유형,,,O,,,,,공고,
3140,한국영상자료원,HOME > 기관소개 > 기관소식 > 채용,채용,[채용/서류] 무기계약직 채용 서류전형 합격자 발표,,,2017.11.10,첨부파일,미부착,,개방 가능,공공누리 1유형,,,O,,,,,공고,
3141,한국영상자료원,HOME > 기관소개 > 기관소식 > 채용,채용,[채용/최종] 무기계약직 채용 최종 합격자 발표,,,2017.11.16,,미부착,,개방 가능,공공누리 1유형,,,O,,,,,공고,
3142,한국영상자료원,HOME > 기관소개 > 기관소식 > 채용,채용,[채용/공고] 계약직 직원 2명 (~17/12/22),,,2017.12.08,,미부착,,개방 가능,공공누리 1유형,,,O,,,,,공고,
3143,한국영상자료원,HOME > 기관소개 > 기관소식 > 채용,채용,"[채용/서류] 계약직 직원(무기계약직 1인, 기간제계약직 1인) 채용 서류전형 합격자 발표",,,2017.12.29,,미부착,,개방 가능,공공누리 1유형,,,O,,,,,공고,
3144,한국영상자료원,HOME > 기관소개 > 기관소식 > 채용,채용,[채용/최종] 계약직 직원 채용 최종 합격자 발표,,,2018.01.05,,미부착,,개방 가능,공공누리 1유형,,,O,,,,,공고,
3145,한국영상자료원,HOME > 기관소개 > 기관소식 > 채용,채용,[채용/공고] 계약직 및 체험형 청년인턴 5명 (~18/02/21),,,2018.02.08,,미부착,,개방 가능,공공누리 1유형,,,O,,,,,공고,
3146,한국영상자료원,HOME > 기관소개 > 기관소식 > 채용,채용,"[채용/서류] 계약직(무기 1인, 기간제 1인) 및 체험형 청년인턴(3인) 서류전형 합격자 발표",,,2018.02.28,,미부착,,개방 가능,공공누리 1유형,,,O,,,,,공고,
3147,한국영상자료원,HOME > 기관소개 > 기관소식 > 채용,채용,[채용/최종] 계약직 직원 및 체험형 청년인턴 채용 최종 합격자 발표,,,2018.03.06,,미부착,,개방 가능,공공누리 1유형,,,O,,,,,공고,
3148,한국영상자료원,HOME > 기관소개 > 기관소식 > 채용,채용,[채용/공고] 계약직 2명 (~18/04/10),,,2018.03.28,,미부착,,개방 가능,공공누리 1유형,,,O,,,,,공고,
3149,한국영상자료원,HOME > 기관소개 > 기관소식 > 채용,채용,"[채용/서류] 계약직(무기 1인, 기간제 1인) 서류전형 합격자 발표",,,2018.04.18,,미부착,,개방 가능,공공누리 1유형,,,O,,,,,공고,
3150,한국영상자료원,HOME > 기관소개 > 기관소식 > 채용,채용,[채용/최종] 계약직 직원 채용 최종 합격자 발표,,,2018.04.26,,미부착,,개방 가능,공공누리 1유형,,,O,,,,,공고,
3151,한국영상자료원,HOME > 기관소개 > 기관소식 > 채용,채용,한국영상자료원 NCS기반 정규직 신입직원 채용공고,,,2018.05.24,첨부파일,미부착,,개방 가능,공공누리 1유형,,,O,,,,,공고,
3152,한국영상자료원,HOME > 기관소개 > 기관소식 > 채용,채용,[채용/서류] 한국영상자료원 NCS기반 정규직 신입직원 채용 서류전형 합격자 발표,,,2018.06.12,첨부파일,미부착,,개방 가능,공공누리 1유형,,,O,,,,,공고,
3153,한국영상자료원,HOME > 기관소개 > 기관소식 > 채용,채용,[채용/필기] 한국영상자료원 NCS기반 정규직 신입직원 채용 필기전형 합격자 발표,,,2018.06.19,첨부파일,미부착,,개방 가능,공공누리 1유형,,,O,,,,,공고,
3154,한국영상자료원,HOME > 기관소개 > 기관소식 > 채용,채용,[채용/공고] 청년인턴 1명 (~18/08/20),,,2018.08.07,,미부착,,개방 가능,공공누리 1유형,,,O,,,,,공고,
3155,한국영상자료원,HOME > 기관소개 > 기관소식 > 채용,채용,한국영상자료원 NCS기반 인사노무 정규직 경력직원 채용,,,2018.08.09,첨부파일,미부착,,개방 가능,공공누리 1유형,,,O,,,,,공고,
3156,한국영상자료원,HOME > 기관소개 > 기관소식 > 채용,채용,[채용/공고] 기간제근로자(육아휴직 대체인력) 1명 (~18/09/05),,,2018.08.22,,미부착,,개방 가능,공공누리 1유형,,,O,,,,,공고,
3157,한국영상자료원,HOME > 기관소개 > 기관소식 > 채용,채용,[채용/서류] 체험형 청년인턴(1인) 서류전형 합격자 발표,,,2018.08.22,,미부착,,개방 가능,공공누리 1유형,,,O,,,,,공고,
3158,한국영상자료원,HOME > 기관소개 > 기관소식 > 채용,채용,[채용/최종] 체험형 청년인턴(1인) 채용 최종 합격자 발표,,,2018.08.27,,미부착,,개방 가능,공공누리 1유형,,,O,,,,,공고,
3159,한국영상자료원,HOME > 기관소개 > 기관소식 > 채용,채용,[채용/서류] 한국영상자료원 NCS기반 정규직(인사노무) 채용 서류전형 합격자 발표,,,2018.08.28,첨부파일,미부착,,개방 가능,공공누리 1유형,,,O,,,,,공고,
3160,한국영상자료원,HOME > 기관소개 > 기관소식 > 채용,채용,[채용/필기] 한국영상자료원 NCS기반 정규직(인사노무) 채용 필기전형 합격자 발표,,,2018.09.07,,미부착,,개방 가능,공공누리 1유형,,,O,,,,,공고,
3161,한국영상자료원,HOME > 기관소개 > 기관소식 > 채용,채용,[채용/서류] 영상자료 수집 및 독립영화 수집(육아휴직 대체) 기간제근로자(1인) 서류전형 합격자 발표,,,2018.09.12,,미부착,,개방 가능,공공누리 1유형,,,O,,,,,공고,
3162,한국영상자료원,HOME > 기관소개 > 기관소식 > 채용,채용,[채용/최종] 정규직(인사노무) 채용 최종 합격자 발표,,,2018.09.19,,미부착,,개방 가능,공공누리 1유형,,,O,,,,,공고,
3163,한국영상자료원,HOME > 기관소개 > 기관소식 > 채용,채용,[채용/최종] 영상자료 수집 및 독립영화 수집(육아휴직 대체) 기간제근로자(1인) 채용 최종 합격자 발표,,,2018.09.19,,미부착,,개방 가능,공공누리 1유형,,,O,,,,,공고,
3164,한국영상자료원,HOME > 기관소개 > 기관소식 > 채용,채용,[채용/공고] 한국영상자료원 NCS기반 정규직 경력직원 채용공고,,,2018.10.15,첨부파일,미부착,,개방 가능,공공누리 1유형,,,O,,,,,공고,
3165,한국영상자료원,HOME > 기관소개 > 기관소식 > 채용,채용,[채용/서류] 한국영상자료원 NCS기반 정규직(필름디지털화) 채용 서류전형 합격자 발표,,,2018.11.02,첨부파일,미부착,,개방 가능,공공누리 1유형,,,O,,,,,공고,
3166,한국영상자료원,HOME > 기관소개 > 기관소식 > 채용,채용,[채용/필기] 한국영상자료원 NCS기반 정규직(필름디지털화) 채용 필기전형 합격자 발표,,,2018.11.14,,미부착,,개방 가능,공공누리 1유형,,,O,,,,,공고,
3167,한국영상자료원,HOME > 기관소개 > 기관소식 > 채용,채용,[채용/최종] 정규직(1인) 채용 최종 합격자 발표,,,2018.11.27,,미부착,,개방 가능,공공누리 1유형,,,O,,,,,공고,
3168,한국영상자료원,HOME > 기관소개 > 기관소식 > 채용,채용,[채용/공고] NCS 기반 정규직(무기계약) 3인 및 기간제(임원차량 운전) 1인 채용 공고,,,2018.12.06,첨부파일,미부착,,개방 가능,공공누리 1유형,,,O,,,,,공고,
3169,한국영상자료원,HOME > 기관소개 > 기관소식 > 채용,채용,[채용/서류] NCS 기반 정규직(무기계약) 3인 및 기간제(임원차량 운전) 1인 서류전형 합격자 발표,,,2018.12.21,,미부착,,개방 가능,공공누리 1유형,,,O,,,,,공고,
3170,한국영상자료원,HOME > 기관소개 > 기관소식 > 채용,채용,[채용/최종] NCS기반 정규직(무기계약) 3인 및 기간제(임원차량 운전) 1인 채용 최종 합격자 발표,,,2019.01.08,,미부착,,개방 가능,공공누리 1유형,,,O,,,,,공고,
3171,한국영상자료원,HOME > 기관소개 > 기관소식 > 채용,채용,[채용/공고] 한국영상자료원 NCS기반 정규직 경력직원 채용공고,,,2019.01.11,첨부파일,미부착,,개방 가능,공공누리 1유형,,,O,,,,,공고,
3172,한국영상자료원,HOME > 기관소개 > 기관소식 > 채용,채용,[채용/공고] 한국영상자료원 NCS 기반 무기직(2인)·기간제(3인)·청년인턴(3인) 블라인드 채용공고,,,2019.01.29,첨부파일,미부착,,개방 가능,공공누리 1유형,,,O,,,,,공고,
3173,한국영상자료원,HOME > 기관소개 > 기관소식 > 채용,채용,[채용/서류] 한국영상자료원 NCS기반 정규직 경력채용 서류전형 합격자 발표,,,2019.01.30,첨부파일,미부착,,개방 가능,공공누리 1유형,,,O,,,,,공고,
3174,한국영상자료원,HOME > 기관소개 > 기관소식 > 채용,채용,[채용/필기] 한국영상자료원 NCS기반 정규직 경력채용 필기전형 합격자 발표,,,2019.02.12,,미부착,,개방 가능,공공누리 1유형,,,O,,,,,공고,
3175,한국영상자료원,HOME > 기관소개 > 기관소식 > 채용,채용,"[채용/서류] 한국영상자료원 NCS기반 무기직(2인), 기간제(3인), 청년인턴(3인) 블라인드 직원채용 서류전형 합격자 발표",,,2019.02.15,첨부파일,미부착,,개방 가능,공공누리 1유형,,,O,,,,,공고,
3176,한국영상자료원,HOME > 기관소개 > 기관소식 > 채용,채용,[채용/최종] 정규직(2인) 채용 최종 합격자 발표,,,2019.02.19,,미부착,,개방 가능,공공누리 1유형,,,O,,,,,공고,
3177,한국영상자료원,HOME > 기관소개 > 기관소식 > 채용,채용,"[채용/최종] 한국영상자료원 NCS기반 기간제(3인), 청년인턴(3인) 블라인드 채용 최종 합격자 발표",,,2019.02.26,,미부착,,개방 가능,공공누리 1유형,,,O,,,,,공고,
3178,한국영상자료원,HOME > 기관소개 > 기관소식 > 채용,채용,[채용/필기] 한국영상자료원 NCS기반 무기직(2인) 블라인드 채용 필기전형 합격자 발표,,,2019.02.27,,미부착,,개방 가능,공공누리 1유형,,,O,,,,,공고,
3179,한국영상자료원,HOME > 기관소개 > 기관소식 > 채용,채용,[채용/최종] 한국영상자료원 NCS기반 무기직(2인) 블라인드 채용 최종 합격 후보자 발표,,,2019.03.12,,미부착,,개방 가능,공공누리 1유형,,,O,,,,,공고,
3180,한국영상자료원,HOME > 기관소개 > 기관소식 > 채용,채용,[채용/공고] 한국영상자료원 NCS 기반 직원채용(기간제 2인) 블라인드 채용공고,,,2019.03.29,첨부파일,미부착,,개방 가능,공공누리 1유형,,,O,,,,,공고,
3181,한국영상자료원,HOME > 기관소개 > 기관소식 > 채용,채용,[채용/연장공고] 한국영상자료원 NCS기반 직원채용(기간제 2인) 블라인드 채용공고(연장-제한경쟁),,,2019.04.12,첨부파일,미부착,,개방 가능,공공누리 1유형,,,O,,,,,공고,
3182,한국영상자료원,HOME > 기관소개 > 기관소식 > 채용,채용,[채용/공고] 한국영상자료원 NCS 기반 직원채용(기간제 1인) 블라인드 채용공고,,,2019.04.12,첨부파일,미부착,,개방 가능,공공누리 1유형,,,O,,,,,공고,
3183,한국영상자료원,HOME > 기관소개 > 기관소식 > 채용,채용,[채용/서류] 한국영상자료원 NCS기반 직원채용 (기간제 2인) 블라인드 채용 서류전형 합격자 발표,,,2019.04.24,첨부파일,미부착,,개방 가능,공공누리 1유형,,,O,,,,,공고,
3184,한국영상자료원,HOME > 기관소개 > 기관소식 > 채용,채용,[채용/서류] 한국영상자료원 NCS기반 직원채용 (기간제 1인) 블라인드 채용 서류전형 합격자 발표,,,2019.04.30,첨부파일,미부착,,개방 가능,공공누리 1유형,,,O,,,,,공고,
3185,한국영상자료원,HOME > 기관소개 > 기관소식 > 채용,채용,[채용/최종] 한국영상자료원 NCS기반 직원채용(기간제 2인) 블라인드 채용 최종 합격자 발표,,,2019.05.02,,미부착,,개방 가능,공공누리 1유형,,,O,,,,,공고,
3186,한국영상자료원,HOME > 기관소개 > 기관소식 > 채용,채용,[채용/최종] 한국영상자료원 NCS 기반 직원채용(기간제 1인) 블라인드 채용 최종 합격자 발표,,,2019.05.08,,미부착,,개방 가능,공공누리 1유형,,,O,,,,,공고,
3187,한국영상자료원,HOME > 기관소개 > 기관소식 > 채용,채용,"[채용/공고] 한국영상자료원 NCS기반 정규직(2인), 무기계약직(2인) 블라인드 채용공고",,,2019.05.17,첨부파일,미부착,,개방 가능,공공누리 1유형,,,O,,,,,공고,
3188,한국영상자료원,HOME > 기관소개 > 기관소식 > 채용,채용,[채용] 한국영상자료원 NCS기반 무기계약직(보안경비 1인) 제한경쟁 블라인드 채용 공고,,,2019.05.31,첨부파일,미부착,,개방 가능,공공누리 1유형,,,O,,,,,공고,
3189,한국영상자료원,HOME > 기관소개 > 기관소식 > 채용,채용,[채용/서류] NCS 기반 무기계약(2인) 블라인드 채용 서류전형 합격자 발표,,,2019.06.05,첨부파일,미부착,,개방 가능,공공누리 1유형,,,O,,,,,공고,
3190,한국영상자료원,HOME > 기관소개 > 기관소식 > 채용,채용,[채용/서류] 한국영상자료원 NCS기반 정규직(2인) 블라인드 채용 서류전형 합격자 발표,,,2019.06.05,첨부파일,미부착,,개방 가능,공공누리 1유형,,,O,,,,,공고,
3191,한국영상자료원,HOME > 기관소개 > 기관소식 > 채용,채용,[채용/필기] 한국영상자료원 NCS기반 정규직(2인) 블라인드 채용 필기전형 합격자 발표,,,2019.06.12,,미부착,,개방 가능,공공누리 1유형,,,O,,,,,공고,
3192,한국영상자료원,HOME > 기관소개 > 기관소식 > 채용,채용,[채용/서류] NCS 기반 무기계약(보안경비) 1인 제한경쟁 블라인드 채용 서류전형 합격자 발표,,,2019.06.18,첨부파일,미부착,,개방 가능,공공누리 1유형,,,O,,,,,공고,
3193,한국영상자료원,HOME > 기관소개 > 기관소식 > 채용,채용,[채용/최종] 한국영상자료원 NCS기반 정규직(2인) 블라인드 채용 최종합격 후보자 발표,,,2019.06.21,,미부착,,개방 가능,공공누리 1유형,,,O,,,,,공고,
3194,한국영상자료원,HOME > 기관소개 > 기관소식 > 채용,채용,[채용/최종] 한국영상자료원 NCS 기반 무기계약직(2인) 블라인드 채용 최종 합격자 발표,,,2019.06.21,,미부착,,개방 가능,공공누리 1유형,,,O,,,,,공고,
3195,한국영상자료원,HOME > 기관소개 > 기관소식 > 채용,채용,[채용/공고] 한국영상자료원 NCS 기반 청년인턴(1인) 블라인드 채용공고,,,2019.07.02,첨부파일,미부착,,개방 가능,공공누리 1유형,,,O,,,,,공고,
3196,한국영상자료원,HOME > 기관소개 > 기관소식 > 채용,채용,[채용/서류] 한국영상자료원 NCS 기반 청년인턴(1인) 블라인드 채용 서류전형 합격자 발표,,,2019.07.22,첨부파일,미부착,,개방 가능,공공누리 1유형,,,O,,,,,공고,
3197,한국영상자료원,HOME > 기관소개 > 기관소식 > 채용,채용,[채용/최종] 한국영상자료원 NCS기반 청년인턴(1인) 블라인드 채용 최종 합격후보자 발표,,,2019.07.31,,미부착,,개방 가능,공공누리 1유형,,,O,,,,,공고,
3198,한국영상자료원,HOME > 기관소개 > 기관소식 > 채용,채용,한국영상자료원 NCS 기반 2차 청년인턴(1인) 블라인드 채용공고,,,2019.08.06,첨부파일,미부착,,개방 가능,공공누리 1유형,,,O,,,,,공고,
3199,한국영상자료원,HOME > 기관소개 > 기관소식 > 채용,채용,[채용/서류] 한국영상자료원 NCS 기반 2차 청년인턴(1인) 블라인드 채용 서류전형 합격자 발표,,,2019.08.29,첨부파일,미부착,,개방 가능,공공누리 1유형,,,O,,,,,공고,
3200,한국영상자료원,HOME > 기관소개 > 기관소식 > 채용,채용,[채용/최종] 한국영상자료원 NCS기반 2차 청년인턴(1인) 블라인드 채용 최종 합격후보자 발표,,,2019.09.06,,미부착,,개방 가능,공공누리 1유형,,,O,,,,,공고,
3201,한국영상자료원,HOME > 기관소개 > 기관소식 > 채용,채용,한국영상자료원 NCS기반 기간제 계약직(1인) 블라인드 채용공고,,,2019.12.04,첨부파일,미부착,,개방 가능,공공누리 1유형,,,O,,,,,공고,
3202,한국영상자료원,HOME > 기관소개 > 기관소식 > 채용,채용,[채용/서류] 한국영상자료원 NCS 기반 기간제 계약직(1인) 블라인드 채용 서류전형 합격자 발표,,,2019.12.20,첨부파일,미부착,,개방 가능,공공누리 1유형,,,O,,,,,공고,
3203,한국영상자료원,HOME > 기관소개 > 기관소식 > 채용,채용,[채용/최종] 한국영상자료원 NCS기반 기간제 계약직(1인) 블라인드 채용 최종 합격후보자 발표,,,2020.01.08,,미부착,,개방 가능,공공누리 1유형,,,O,,,,,공고,
3204,한국영상자료원,HOME > 기관소개 > 기관소식 > 채용,채용,"한국영상자료원 NCS기반 기간제(1인), 청년인턴(1인) 블라인드 채용공고",,,2020.04.14,첨부파일,미부착,,개방 가능,공공누리 1유형,,,O,,,,,공고,
3205,한국영상자료원,HOME > 기관소개 > 기관소식 > 채용,채용,한국영상자료원 NCS기반 정규직(일반직 5인) 블라인드 채용공고,,,2020.04.29,첨부파일,미부착,,개방 가능,공공누리 1유형,,,O,,,,,공고,
3206,한국영상자료원,HOME > 기관소개 > 기관소식 > 채용,채용,"[채용/서류] 한국영상자료원 NCS 기반 기간제(1인), 청년인턴(1인) 블라인드 채용 서류전형 합격자 발표",,,2020.05.06,첨부파일,미부착,,개방 가능,공공누리 1유형,,,O,,,,,공고,
3207,한국영상자료원,HOME > 기관소개 > 기관소식 > 채용,채용,"[채용/최종] 한국영상자료원 NCS기반 기간제(1인), 청년인턴(1인) 블라인드 채용 최종 합격후보자 발표",,,2020.05.12,,미부착,,개방 가능,공공누리 1유형,,,O,,,,,공고,
3208,한국영상자료원,HOME > 기관소개 > 기관소식 > 채용,채용,[채용/서류] 한국영상자료원 NCS 기반 정규직(일반직 5인) 블라인드 채용 서류전형 합격자 발표,,,2020.05.20,첨부파일,미부착,,개방 가능,공공누리 1유형,,,O,,,,,공고,
3209,한국영상자료원,HOME > 기관소개 > 기관소식 > 채용,채용,한국영상자료원 NCS기반 기간제(1인) 블라인드 채용공고,,,2020.05.22,첨부파일,미부착,,개방 가능,공공누리 1유형,,,O,,,,,공고,
3210,한국영상자료원,HOME > 기관소개 > 기관소식 > 채용,채용,[채용/필기] 한국영상자료원 NCS기반 정규직(일반직 5인) 블라인드 채용 필기전형 합격자 발표,,,2020.06.11,첨부파일,미부착,,개방 가능,공공누리 1유형,,,O,,,,,공고,
3211,한국영상자료원,HOME > 기관소개 > 기관소식 > 채용,채용,[채용/서류] 한국영상자료원 NCS 기반 기간제(1인) 블라인드 채용 서류전형 합격자 발표,,,2020.06.11,첨부파일,미부착,,개방 가능,공공누리 1유형,,,O,,,,,공고,
3212,한국영상자료원,HOME > 기관소개 > 기관소식 > 채용,채용,[채용/최종] 한국영상자료원 NCS 기반 기간제(1인) 블라인드 채용 최종 합격후보자 발표,,,2020.06.17,,미부착,,개방 가능,공공누리 1유형,,,O,,,,,공고,
3213,한국영상자료원,HOME > 기관소개 > 기관소식 > 채용,채용,[채용/최종] 한국영상자료원 NCS기반 정규직(일반직 5인) 블라인드 채용 최종합격 후보자 발표,,,2020.06.24,,미부착,,개방 가능,공공누리 1유형,,,O,,,,,공고,
3214,한국영상자료원,HOME > 기관소개 > 기관소식 > 채용,채용,한국영상자료원 NCS기반 정규직(일반직 1인) 블라인드 채용공고,,,2020.10.19,첨부파일,미부착,,개방 가능,공공누리 1유형,,,O,,,,,공고,
3215,한국영상자료원,HOME > 기관소개 > 기관소식 > 채용,채용,[채용/서류] 한국영상자료원 NCS 기반 정규직(일반직 1인) 블라인드 채용 서류전형 합격자 발표,,,2020.11.13,첨부파일,미부착,,개방 가능,공공누리 1유형,,,O,,,,,공고,
3216,한국영상자료원,HOME > 기관소개 > 기관소식 > 채용,채용,[채용/필기] 한국영상자료원 NCS기반 정규직(일반직 1인) 블라인드 채용 필기전형 합격자 발표,,,2020.12.04,첨부파일,미부착,,개방 가능,공공누리 1유형,,,O,,,,,공고,
3217,한국영상자료원,HOME > 기관소개 > 기관소식 > 채용,채용,[채용/최종] 한국영상자료원 NCS기반 정규직(일반직 1인) 블라인드 채용 최종합격 후보자 발표,,,2020.12.18,,미부착,,개방 가능,공공누리 1유형,,,O,,,,,공고,
3218,한국영상자료원,HOME > 기관소개 > 기관소식 > 채용,채용,한국영상자료원 NCS기반 기간제(육아휴직 대체 1인) 블라인드 채용공고,,,2020.12.24,첨부파일,미부착,,개방 가능,공공누리 1유형,,,O,,,,,공고,
3219,한국영상자료원,HOME > 기관소개 > 기관소식 > 채용,채용,[채용/서류] 한국영상자료원 NCS 기반 기간제(육아휴직 대체 1인) 블라인드 채용 서류전형 합격자 발표,,,2021.01.13,첨부파일,미부착,,개방 가능,공공누리 1유형,,,O,,,,,공고,
3220,한국영상자료원,HOME > 기관소개 > 기관소식 > 채용,채용,[채용/최종] 한국영상자료원 NCS 기반 기간제(육아대체 1인) 블라인드 채용 최종 합격후보자 발표,,,2021.01.22,,미부착,,개방 가능,공공누리 1유형,,,O,,,,,공고,
3221,한국영상자료원,HOME > 기관소개 > 기관소식 > 채용,채용,한국영상자료원 NCS기반 체험형 청년인턴(2인) 블라인드 채용공고,,,2021.02.23,첨부파일,미부착,,개방 가능,공공누리 1유형,,,O,,,,,공고,
3222,한국영상자료원,HOME > 기관소개 > 기관소식 > 채용,채용,[채용/서류] 한국영상자료원 NCS 기반 체험형 청년인턴(2인) 블라인드 채용 서류전형 합격자 발표,,,2021.03.17,첨부파일,미부착,,개방 가능,공공누리 1유형,,,O,,,,,공고,
3223,한국영상자료원,HOME > 기관소개 > 기관소식 > 채용,채용,[채용/최종] 한국영상자료원 NCS 기반 체험형 청년인턴(2인) 블라인드 채용 최종 합격후보자 발표,,,2021.03.26,,미부착,,개방 가능,공공누리 1유형,,,O,,,,,공고,
3224,한국영상자료원,HOME > 기관소개 > 기관소식 > 채용,채용,한국영상자료원 NCS기반 체험형 청년인턴(1인) 블라인드 채용공고,,,2021.04.23,첨부파일,미부착,,개방 가능,공공누리 1유형,,,O,,,,,공고,
3225,한국영상자료원,HOME > 기관소개 > 기관소식 > 채용,채용,한국영상자료원 NCS기반 정규직(공무직) 보안경비(1인) 제한경쟁(장애 또는 보훈) 블라인드 채용 공고,,,2021.05.07,첨부파일,미부착,,개방 가능,공공누리 1유형,,,O,,,,,공고,
3226,한국영상자료원,HOME > 기관소개 > 기관소식 > 채용,채용,[채용/서류] 한국영상자료원 NCS 기반 체험형 청년인턴(1인) 블라인드 채용 서류전형 합격자 발표,,,2021.05.14,첨부파일,미부착,,개방 가능,공공누리 1유형,,,O,,,,,공고,
3227,한국영상자료원,HOME > 기관소개 > 기관소식 > 채용,채용,[채용/최종] 한국영상자료원 NCS 기반 체험형 청년인턴(1인) 블라인드 채용 최종 합격후보자 발표,,,2021.05.26,,미부착,,개방 가능,공공누리 1유형,,,O,,,,,공고,
3228,한국영상자료원,HOME > 기관소개 > 기관소식 > 채용,채용,한국영상자료원 NCS기반 기간제(휴직 대체 1인) 블라인드 채용공고,,,2021.05.26,첨부파일,미부착,,개방 가능,공공누리 1유형,,,O,,,,,공고,
3229,한국영상자료원,HOME > 기관소개 > 기관소식 > 채용,채용,[채용/서류] 한국영상자료원 NCS 기반 정규직(공무직) 보안경비(1인) 제한경쟁(장애 또는 보훈) 블라인드 채용 서류전형 합격자 발표,,,2021.06.11,첨부파일,미부착,,개방 가능,공공누리 1유형,,,O,,,,,공고,
3230,한국영상자료원,HOME > 기관소개 > 기관소식 > 채용,채용,[채용/서류] 한국영상자료원 NCS 기반 기간제(휴직 대체 1인) 블라인드 채용 서류전형 합격자 발표,,,2021.06.15,첨부파일,미부착,,개방 가능,공공누리 1유형,,,O,,,,,공고,
3231,한국영상자료원,HOME > 기관소개 > 기관소식 > 채용,채용,[채용/최종] 한국영상자료원 NCS 기반 정규직(공무직) 보안경비(1인) 제한경쟁(장애 또는 보훈) 블라인드 채용 최종 합격후보자 발표,,,2021.06.23,,미부착,,개방 가능,공공누리 1유형,,,O,,,,,공고,
3232,한국영상자료원,HOME > 기관소개 > 기관소식 > 채용,채용,[채용/최종] 한국영상자료원 NCS 기반 기간제(휴직 대체 1인) 블라인드 채용 최종 합격후보자 발표,,,2021.06.23,,미부착,,개방 가능,공공누리 1유형,,,O,,,,,공고,
3233,한국영상자료원,HOME > 기관소개 > 기관소식 > 채용,채용,한국영상자료원 원장 공개모집 공고,,,2021.10.22,첨부파일,미부착,,개방 가능,공공누리 1유형,,,O,,,,,공고,
3234,한국영상자료원,HOME > 기관소개 > 기관소식 > 채용,채용,한국영상자료원 NCS기반 기간제(휴직 대체 1인) 블라인드 채용공고,,,2021.10.29,첨부파일,미부착,,개방 가능,공공누리 1유형,,,O,,,,,공고,
3235,한국영상자료원,HOME > 기관소개 > 기관소식 > 채용,채용,한국영상자료원 NCS기반 정규직(공무직) 고객관련 업무종사자(1인) 공개경쟁 블라인드 채용 공고,,,2021.11.10,첨부파일,미부착,,개방 가능,공공누리 1유형,,,O,,,,,공고,
3236,한국영상자료원,HOME > 기관소개 > 기관소식 > 채용,채용,[채용/서류] 한국영상자료원 NCS 기반 기간제(휴직 대체 1인) 블라인드 채용 서류전형 합격자 발표,,,2021.11.17,첨부파일,미부착,,개방 가능,공공누리 1유형,,,O,,,,,공고,
3237,한국영상자료원,HOME > 기관소개 > 기관소식 > 채용,채용,한국영상자료원 원장 공개모집 재공고,,,2021.11.23,첨부파일,미부착,,개방 가능,공공누리 1유형,,,O,,,,,공고,
3238,한국영상자료원,HOME > 기관소개 > 기관소식 > 채용,채용,[채용/최종] 한국영상자료원 NCS 기반 기간제(휴직 대체 1인) 블라인드 채용 최종 합격후보자 발표,,,2021.11.26,,미부착,,개방 가능,공공누리 1유형,,,O,,,,,공고,
3239,한국영상자료원,HOME > 기관소개 > 기관소식 > 채용,채용,[채용/서류] 한국영상자료원 NCS 기반 정규직(공무직 1인) 블라인드 채용 서류전형 합격자 발표,,,2021.12.01,첨부파일,미부착,,개방 가능,공공누리 1유형,,,O,,,,,공고,
3240,한국영상자료원,HOME > 기관소개 > 기관소식 > 채용,채용,[채용/필기] 한국영상자료원 NCS기반 정규직(공무직 1인) 블라인드 채용 필기전형 합격자 발표,,,2021.12.09,첨부파일,미부착,,개방 가능,공공누리 1유형,,,O,,,,,공고,
3241,한국영상자료원,HOME > 기관소개 > 기관소식 > 채용,채용,한국영상자료원 NCS기반 기간제(차량 운전 및 경영지원 1인) 블라인드 채용공고,,,2021.12.15,첨부파일,미부착,,개방 가능,공공누리 1유형,,,O,,,,,공고,
3242,한국영상자료원,HOME > 기관소개 > 기관소식 > 채용,채용,[채용/최종] 한국영상자료원 NCS기반 정규직(공무직 1인) 블라인드 채용 최종합격 후보자 발표,,,2021.12.23,,미부착,,개방 가능,공공누리 1유형,,,O,,,,,공고,
3243,한국영상자료원,HOME > 기관소개 > 기관소식 > 채용,채용,[채용/서류] 한국영상자료원 NCS 기반 기간제 계약직(1인) 블라인드 채용 서류전형 합격자 발표,,,2022.01.06,첨부파일,미부착,,개방 가능,공공누리 1유형,,,O,,,,,공고,
3244,한국영상자료원,HOME > 기관소개 > 기관소식 > 채용,채용,한국영상자료원 NCS기반 정규직(공무직) 영화사 연구발간(1인) 공개경쟁 블라인드 채용 공고,,,2022.01.07,첨부파일,미부착,,개방 가능,공공누리 1유형,,,O,,,,,공고,
3245,한국영상자료원,HOME > 기관소개 > 기관소식 > 채용,채용,[채용/최종] 한국영상자료원 NCS 기반 기간제 계약직(1인) 블라인드 채용 최종 결과 발표,,,2022.01.17,,미부착,,개방 가능,공공누리 1유형,,,O,,,,,공고,
3246,한국영상자료원,HOME > 기관소개 > 기관소식 > 채용,채용,[채용/서류] 한국영상자료원 NCS 기반 정규직(공무직 1인) 블라인드 채용 서류전형 합격자 발표,,,2022.01.27,첨부파일,미부착,,개방 가능,공공누리 1유형,,,O,,,,,공고,
3247,한국영상자료원,HOME > 기관소개 > 기관소식 > 채용,채용,"한국영상자료원 NCS기반 기간제(운전, 찾아가는 영화관, 홍보) 블라인드 채용공고",,,2022.01.27,첨부파일,미부착,,개방 가능,공공누리 1유형,,,O,,,,,공고,
3248,한국영상자료원,HOME > 기관소개 > 기관소식 > 채용,채용,[채용/필기] 한국영상자료원 NCS기반 정규직(공무직 1인) 블라인드 채용 필기전형 합격자 발표,,,2022.02.14,,미부착,,개방 가능,공공누리 1유형,,,O,,,,,공고,
3249,한국영상자료원,HOME > 기관소개 > 기관소식 > 채용,채용,[채용/서류] 한국영상자료원 NCS 기반 기간제 계약직(3인) 블라인드 채용 서류전형 합격자 발표,,,2022.02.16,첨부파일,미부착,,개방 가능,공공누리 1유형,,,O,,,,,공고,
3250,한국영상자료원,HOME > 기관소개 > 기관소식 > 채용,채용,[채용/최종] 한국영상자료원 NCS 기반 정규직(공무직 1인) 블라인드 채용 최종 합격후보자 발표,,,2022.02.22,,미부착,,개방 가능,공공누리 1유형,,,O,,,,,공고,
3251,한국영상자료원,HOME > 기관소개 > 기관소식 > 채용,채용,[채용/최종] 한국영상자료원 NCS 기반 기간제 계약직(3인) 블라인드 채용 최종 결과 발표,,,2022.02.24,,미부착,,개방 가능,공공누리 1유형,,,O,,,,,공고,
3252,한국영상자료원,HOME > 기관소개 > 기관소식 > 채용,채용,한국영상자료원 NCS기반 기간제(4인) 및 청년인턴(1인) 블라인드 채용 공고,,,2022.03.03,첨부파일,미부착,,개방 가능,공공누리 1유형,,,O,,,,,공고,
3253,한국영상자료원,HOME > 기관소개 > 기관소식 > 채용,채용,채용/서류] 한국영상자료원 NCS 기반 기간제(4인) 및 청년인턴(1인) 블라인드 채용 서류전형 합격자 발표,,,2022.03.22,첨부파일,미부착,,개방 가능,공공누리 1유형,,,O,,,,,공고,
3254,한국영상자료원,HOME > 기관소개 > 기관소식 > 채용,채용,[채용/최종] 한국영상자료원 NCS 기반 기간제(4인) 및 청년인턴(1인) 블라인드 채용 최종 결과 발표,,,2022.03.29,,미부착,,개방 가능,공공누리 1유형,,,O,,,,,공고,
3255,한국영상자료원,HOME > 기관소개 > 기관소식 > 채용,채용,한국영상자료원 NCS기반 채용형 청년인턴(1인) 및 정규직(공무직)(1인) 공개경쟁 블라인드 채용 공고,,,2022.04.13,첨부파일,미부착,,개방 가능,공공누리 1유형,,,O,,,,,공고,
3256,한국영상자료원,HOME > 기관소개 > 기관소식 > 채용,채용,[채용/서류] 한국영상자료원 NCS 기반 채용형 청년인턴(1인) 및 정규직(공무직)(1인) 블라인드 채용 서류전형 합격자 발표,,,2022.05.03,첨부파일,미부착,,개방 가능,공공누리 1유형,,,O,,,,,공고,
3257,한국영상자료원,HOME > 기관소개 > 기관소식 > 채용,채용,"[채용/서류] 한국영상자료원 NCS기반 정규직(일반직 1인, 공무직 1인), 체험형 청년인턴(1인) 공개경쟁 블라인드 채용 공고",,,2022.05.04,첨부파일,미부착,,개방 가능,공공누리 1유형,,,O,,,,,공고,
3258,한국영상자료원,HOME > 기관소개 > 기관소식 > 채용,채용,[채용/필기] 한국영상자료원 NCS기반 정규직(공무직 1인) 블라인드 채용 필기전형 합격자 발표,,,2022.05.12,,미부착,,개방 가능,공공누리 1유형,,,O,,,,,공고,
3259,한국영상자료원,HOME > 기관소개 > 기관소식 > 채용,채용,"[채용/서류] 한국영상자료원 NCS 기반 정규직(일반직 1인, 공무직 1인), 체험형 청년인턴(1인) 블라인드 채용 서류전형 합격자 발표",,,2022.05.23,첨부파일,미부착,,개방 가능,공공누리 1유형,,,O,,,,,공고,
3260,한국영상자료원,HOME > 기관소개 > 기관소식 > 채용,채용,[채용/최종] 한국영상자료원 NCS 기반 청년인턴(1인) 및 정규직(공무직)(1인) 블라인드 채용 최종 합격후보자 발표,,,2022.05.24,,미부착,,개방 가능,공공누리 1유형,,,O,,,,,공고,
3261,한국영상자료원,HOME > 기관소개 > 기관소식 > 채용,채용,[채용/최종] 한국영상자료원 NCS 기반 체험형 청년인턴(1인) 블라인드 채용 최종 합격후보자 발표,,,2022.05.30,,미부착,,개방 가능,공공누리 1유형,,,O,,,,,공고,
3262,한국영상자료원,HOME > 기관소개 > 기관소식 > 채용,채용,"[채용/필기] 한국영상자료원 NCS기반 정규직(일반직 1인, 공무직 1인) 블라인드 채용 필기전형 합격자 발표",,,2022.06.09,,미부착,,개방 가능,공공누리 1유형,,,O,,,,,공고,
3263,한국영상자료원,HOME > 기관소개 > 기관소식 > 채용,채용,"[채용/최종] 한국영상자료원 NCS 기반 정규직(일반직 1인, 공무직 1인) 블라인드 채용 최종 합격후보자 발표",,,2022.06.21,,미부착,,개방 가능,공공누리 1유형,,,O,,,,,공고,
3264,한국영상자료원,HOME > 기관소개 > 기관소식 > 채용,채용,한국영상자료원 NCS기반 정규직(공무직) 시설관리(1인) 제한경쟁(장애 또는 보훈) 블라인드 채용 공고,,,2022.06.24,첨부파일,미부착,,개방 가능,공공누리 1유형,,,O,,,,,공고,
3265,한국영상자료원,HOME > 기관소개 > 기관소식 > 채용,채용,[채용/서류] 한국영상자료원 NCS 기반 정규직(공무직) 시설관리(1인) 제한경쟁(장애 또는 보훈) 블라인드 채용 서류전형 합격자 발표,,,2022.07.19,첨부파일,미부착,,개방 가능,공공누리 1유형,,,O,,,,,공고,
3266,한국영상자료원,HOME > 기관소개 > 기관소식 > 채용,채용,"한국영상자료원 NCS기반 정규직(공무직)(1인), 기간제 계약직(2인) 공개경쟁 블라인드 채용 공고",,,2022.07.19,첨부파일,미부착,,개방 가능,공공누리 1유형,,,O,,,,,공고,
3267,한국영상자료원,HOME > 기관소개 > 기관소식 > 채용,채용,[채용/최종] 한국영상자료원 NCS 기반 정규직(공무직) 시설관리 1인 제한경쟁(장애 또는 보훈) 블라인드 채용 최종 합격후보자 발표,,,2022.07.27,,미부착,,개방 가능,공공누리 1유형,,,O,,,,,공고,
3268,한국영상자료원,HOME > 기관소개 > 기관소식 > 채용,채용,"[채용/서류] 한국영상자료원 NCS 기반 정규직(공무직) 1인, 기간제 계약직(2인) 블라인드 채용 서류전형 합격자 발표",,,2022.08.08,첨부파일,미부착,,개방 가능,공공누리 1유형,,,O,,,,,공고,
3269,한국영상자료원,HOME > 기관소개 > 기관소식 > 채용,채용,[채용/최종] 한국영상자료원 NCS 기반 기간제 계약직(2인) 블라인드 채용 최종 결과 안내,,,2022.08.16,,미부착,,개방 가능,공공누리 1유형,,,O,,,,,공고,
3270,한국영상자료원,HOME > 기관소개 > 기관소식 > 채용,채용,[채용/필기] 한국영상자료원 NCS기반 정규직(공무직) 1인 블라인드 채용 필기전형 합격자 발표,,,2022.08.19,,미부착,,개방 가능,공공누리 1유형,,,O,,,,,공고,
3271,한국영상자료원,HOME > 기관소개 > 기관소식 > 채용,채용,[채용/최종] 한국영상자료원 NCS 기반 정규직(공무직) 1인 블라인드 채용 최종 결과 안내,,,2022.08.29,,미부착,,개방 가능,공공누리 1유형,,,O,,,,,공고,
3272,한국영상자료원,HOME > 기관소개 > 기관소식 > 채용,채용,한국영상자료원 NCS기반 정규직(일반직) 1인 공개 경쟁 블라인드 채용 공고,,,2022.09.02,첨부파일,미부착,,개방 가능,공공누리 1유형,,,O,,,,,공고,
3273,한국영상자료원,HOME > 기관소개 > 기관소식 > 채용,채용,[채용/서류] 한국영상자료원 NCS 기반 정규직(일반직) 1인 블라인드 채용 서류전형 합격자 발표,,,2022.09.23,첨부파일,미부착,,개방 가능,공공누리 1유형,,,O,,,,,공고,
3274,한국영상자료원,HOME > 기관소개 > 기관소식 > 채용,채용,한국영상자료원 NCS기반 정규직(일반직) 1인 공개 경쟁 블라인드 채용 공고,,,2022.09.26,첨부파일,미부착,,개방 가능,공공누리 1유형,,,O,,,,,공고,
3275,한국영상자료원,HOME > 기관소개 > 기관소식 > 채용,채용,[채용/필기] 한국영상자료원 NCS기반 정규직(일반직) 1인 블라인드 채용 필기전형 합격자 발표,,,2022.10.06,,미부착,,개방 가능,공공누리 1유형,,,O,,,,,공고,
3276,한국영상자료원,HOME > 기관소개 > 기관소식 > 채용,채용,[채용/최종] 한국영상자료원 NCS 기반 정규직(일반직) 1인 블라인드 채용 최종 결과 안내,,,2022.10.19,,미부착,,개방 가능,공공누리 1유형,,,O,,,,,공고,
3277,한국영상자료원,HOME > 기관소개 > 기관소식 > 채용,채용,[채용/서류] 한국영상자료원 NCS 기반 정규직(일반직) 1인 블라인드 채용 서류전형 합격자 발표,,,2022.11.04,첨부파일,미부착,,개방 가능,공공누리 1유형,,,O,,,,,공고,
3278,한국영상자료원,HOME > 기관소개 > 기관소식 > 채용,채용,[채용/필기] 한국영상자료원 NCS기반 정규직(일반직) 1인 블라인드 채용 필기전형 합격자 발표,,,2022.11.23,,미부착,,개방 가능,공공누리 1유형,,,O,,,,,공고,
3279,한국영상자료원,HOME > 기관소개 > 기관소식 > 채용,채용,[채용/최종] 한국영상자료원 NCS 기반 정규직(일반직) 1인 블라인드 채용 최종 결과 안내,,,2022.12.09,,미부착,,개방 가능,공공누리 1유형,,,O,,,,,공고,
3280,한국영상자료원,HOME > 기관소개 > 기관소식 > 채용,채용,"한국영상자료원 NCS기반 정규직(공무직) 1인, 계약직(휴직대체) 2인 공개경쟁 블라인드 채용 공고",,,2022.12.20,첨부파일,미부착,,개방 가능,공공누리 1유형,,,O,,,,,공고,
3281,한국영상자료원,HOME > 기관소개 > 기관소식 > 채용,채용,한국영상자료원 NCS기반 정규직(일반직) 7급 1인 공개 경쟁 블라인드 채용 공고,,,2023.01.04,첨부파일,미부착,,개방 가능,공공누리 1유형,,,O,,,,,공고,
3282,한국영상자료원,HOME > 기관소개 > 기관소식 > 채용,채용,"[채용/서류] 한국영상자료원 NCS 기반 정규직(공무직) 1인, 계약직(휴직대체) 2인 블라인드 채용 서류전형 합격자 발표",,,2023.01.09,첨부파일,미부착,,개방 가능,공공누리 1유형,,,O,,,,,공고,
3283,한국영상자료원,HOME > 기관소개 > 기관소식 > 채용,채용,[채용/필기] 한국영상자료원 NCS기반 정규직(공무직) 1인 블라인드 채용 필기전형 합격자 발표,,,2023.01.19,,미부착,,개방 가능,공공누리 1유형,,,O,,,,,공고,
3284,한국영상자료원,HOME > 기관소개 > 기관소식 > 채용,채용,[채용/최종] 한국영상자료원 NCS 기반 기간제 계약직(휴직대체) 2인 블라인드 채용 최종 결과 안내,,,2023.01.20,,미부착,,개방 가능,공공누리 1유형,,,O,,,,,공고,
3285,한국영상자료원,HOME > 기관소개 > 기관소식 > 채용,채용,[채용/서류] 한국영상자료원 NCS 기반 정규직(일반직) 1인 블라인드 채용 서류전형 합격자 발표,,,2023.01.27,첨부파일,미부착,,개방 가능,공공누리 1유형,,,O,,,,,공고,
3286,한국영상자료원,HOME > 기관소개 > 기관소식 > 채용,채용,[채용/최종] 한국영상자료원 NCS 기반 정규직(공무직) 1인 블라인드 채용 최종 결과 안내,,,2023.02.02,,미부착,,개방 가능,공공누리 1유형,,,O,,,,,공고,
3287,한국영상자료원,HOME > 기관소개 > 기관소식 > 채용,채용,한국영상자료원 NCS기반 기간제(2인) 및 청년인턴(2인) 블라인드 채용 공고,,,2023.02.08,첨부파일,미부착,,개방 가능,공공누리 1유형,,,O,,,,,공고,
3288,한국영상자료원,HOME > 기관소개 > 기관소식 > 채용,채용,[채용/필기] 한국영상자료원 NCS기반 정규직(일반직) 1인 블라인드 채용 필기전형 합격자 발표,,,2023.02.10,,미부착,,개방 가능,공공누리 1유형,,,O,,,,,공고,
3289,한국영상자료원,HOME > 기관소개 > 기관소식 > 채용,채용,[채용/최종] 한국영상자료원 NCS 기반 정규직(일반직) 1인 블라인드 채용 최종 결과 안내,,,2023.02.22,,미부착,,개방 가능,공공누리 1유형,,,O,,,,,공고,
3290,한국영상자료원,HOME > 기관소개 > 기관소식 > 채용,채용,"[채용/서류] 한국영상자료원 NCS 기반 기간제(2인), 청년인턴(2인) 블라인드 채용 서류전형 합격자 발표",,,2023.02.27,첨부파일,미부착,,개방 가능,공공누리 1유형,,,O,,,,,공고,
3291,한국영상자료원,HOME > 기관소개 > 기관소식 > 채용,채용,"[채용/최종] 한국영상자료원 NCS 기반 계약직(2인), 청년인턴(2인) 블라인드 채용 최종 결과 안내",,,2023.03.08,,미부착,,개방 가능,공공누리 1유형,,,O,,,,,공고,
3292,한국영상자료원,HOME > 기관소개 > 기관소식 > 채용,채용,한국영상자료원 NCS기반 기간제(1인) 블라인드 채용 공고,,,2023.03.31,첨부파일,미부착,,개방 가능,공공누리 1유형,,,O,,,,,공고,
3293,한국영상자료원,HOME > 기관소개 > 기관소식 > 채용,채용,한국영상자료원 NCS기반 정규직(공무직) 1인 공개경쟁 블라인드 채용 공고,,,2023.04.07,첨부파일,미부착,,개방 가능,공공누리 1유형,,,O,,,,,공고,
3294,한국영상자료원,HOME > 기관소개 > 기관소식 > 채용,채용,[채용/서류] 한국영상자료원 NCS 기반 기간제(1인) 블라인드 채용 서류전형 합격자 발표,,,2023.04.18,첨부파일,미부착,,개방 가능,공공누리 1유형,,,O,,,,,공고,
3295,한국영상자료원,HOME > 기관소개 > 기관소식 > 채용,채용,[채용/최종] 한국영상자료원 NCS 기반 계약직(1인) 블라인드 채용 최종 결과 안내,,,2023.04.26,,미부착,,개방 가능,공공누리 1유형,,,O,,,,,공고,
3296,한국영상자료원,HOME > 기관소개 > 기관소식 > 채용,채용,[채용/서류] 한국영상자료원 NCS 기반 정규직(공무직) 1인 블라인드 채용 서류전형 합격자 발표,,,2023.04.28,첨부파일,미부착,,개방 가능,공공누리 1유형,,,O,,,,,공고,
3297,한국영상자료원,HOME > 기관소개 > 기관소식 > 채용,채용,[채용/필기] 한국영상자료원 NCS기반 정규직(공무직) 1인 블라인드 채용 필기전형 합격자 발표,,,2023.05.11,,미부착,,개방 가능,공공누리 1유형,,,O,,,,,공고,
3298,한국영상자료원,HOME > 기관소개 > 기관소식 > 채용,채용,[채용/최종] 한국영상자료원 NCS 기반 정규직(공무직) 1인 블라인드 채용 최종 결과 안내,,,2023.05.23,,미부착,,개방 가능,공공누리 1유형,,,O,,,,,공고,
3299,한국영상자료원,HOME > 기관소개 > 기관소식 > 채용,채용,한국영상자료원 NCS기반 정규직(공무직) 환경미화 1인 제한경쟁(장애 또는 보훈) 블라인드 채용 공고,,,2023.05.23,첨부파일,미부착,,개방 가능,공공누리 1유형,,,O,,,,,공고,
3300,한국영상자료원,HOME > 기관소개 > 기관소식 > 채용,채용,한국영상자료원 NCS기반 일반경쟁 기간제(2인) 및 제한경쟁 체험형 청년인턴(3인) 블라인드 채용 공고,,,2023.05.23,첨부파일,미부착,,개방 가능,공공누리 1유형,,,O,,,,,공고,
3301,한국영상자료원,HOME > 기관소개 > 기관소식 > 채용,채용,[채용/서류] 한국영상자료원 NCS 기반 정규직(공무직) 1인 블라인드 채용 서류전형 합격자 발표,,,2023.06.16,첨부파일,미부착,,개방 가능,공공누리 1유형,,,O,,,,,공고,
3302,한국영상자료원,HOME > 기관소개 > 기관소식 > 채용,채용,[채용/서류] 한국영상자료원 NCS기반 일반경쟁 기간제(2인) 및 제한경쟁 체험형 청년인턴(3인) 블라인드 채용 서류전형 합격자 발표,,,2023.06.16,첨부파일,미부착,,개방 가능,공공누리 1유형,,,O,,,,,공고,
3303,한국영상자료원,HOME > 기관소개 > 기관소식 > 채용,채용,[채용/최종] 한국영상자료원 NCS 기반 정규직(공무직) 1인 블라인드 채용 최종 결과 안내,,,2023.06.27,,미부착,,개방 가능,공공누리 1유형,,,O,,,,,공고,
3304,한국영상자료원,HOME > 기관소개 > 기관소식 > 채용,채용,"[채용/최종] 한국영상자료원 NCS 기반 기간제(2인), 체험형 청년인턴(1인) 블라인드 채용 최종 합격후보자 발표",,,2023.06.27,,미부착,,개방 가능,공공누리 1유형,,,O,,,,,공고,
3305,한국영상자료원,HOME > 기관소개 > 기관소식 > 입찰,입찰,"[입찰공고]2016년도 영상도서관 비디오자료(DVD, 블루레이) 구입",,https://www.koreafilm.or.kr/kofa/news/bid,2016.02.16,첨부파일,미부착,,개방 가능,공공누리 1유형,,,O,,,,,공고,
3306,한국영상자료원,HOME > 기관소개 > 기관소식 > 입찰,입찰,[입찰공고]영화필름 디지털 변환시스템 유지보수,,,2016.02.18,첨부파일,미부착,,개방 가능,공공누리 1유형,,,O,,,,,공고,
3307,한국영상자료원,HOME > 기관소개 > 기관소식 > 입찰,입찰,[입찰공고/긴급]2016년 한국영상자료원 격월간지 제작 용역,,,2016.02.25,첨부파일,미부착,,개방 가능,공공누리 1유형,,,O,,,,,공고,
3308,한국영상자료원,HOME > 기관소개 > 기관소식 > 입찰,입찰,"[입찰공고]디지털시네마 검수 시스템(스토리지, 마스터링장비) 유지보수",,,2016.03.10,첨부파일,미부착,,개방 가능,공공누리 1유형,,,O,,,,,공고,
3309,한국영상자료원,HOME > 기관소개 > 기관소식 > 입찰,입찰,[입찰공고/긴급] 한국고전영화 DVD 및 블루레이 제작 및 위탁판매,,,2016.03.18,첨부파일,미부착,,개방 가능,공공누리 1유형,,,O,,,,,공고,
3310,한국영상자료원,HOME > 기관소개 > 기관소식 > 입찰,입찰,"[입찰재공고/긴급]디지털시네마 검수 시스템(스토리지, 마스터링장비) 유지보수",,,2016.03.18,첨부파일,미부착,,개방 가능,공공누리 1유형,,,O,,,,,공고,
3311,한국영상자료원,HOME > 기관소개 > 기관소식 > 입찰,입찰,[입찰공고/긴급] 우수영상물 다국어 DVD 제작을 위한 번역 사업 업체 선정 (긴급),,,2016.05.03,첨부파일,미부착,,개방 가능,공공누리 1유형,,,O,,,,,공고,
3312,한국영상자료원,HOME > 기관소개 > 기관소식 > 입찰,입찰,[입찰공고]2016년 인화현상실 운영을 위한 생필름 구입,,,2016.05.19,첨부파일,미부착,,개방 가능,공공누리 1유형,,,O,,,,,공고,
3313,한국영상자료원,HOME > 기관소개 > 기관소식 > 입찰,입찰,[입찰재공고]2016년 인화현상실 운영을 위한 생필름 구입,,,2016.05.30,첨부파일,미부착,,개방 가능,공공누리 1유형,,,O,,,,,공고,
3314,한국영상자료원,HOME > 기관소개 > 기관소식 > 입찰,입찰,[입찰공고/긴급]한국영상자료원 발간물 제작 및 위탁 판매,,,2016.08.18,첨부파일,미부착,,개방 가능,공공누리 1유형,,,O,,,,,공고,
3315,한국영상자료원,HOME > 기관소개 > 기관소식 > 입찰,입찰,[입찰재공고/긴급]한국영상자료원 발간물 제작 및 위탁 판매,,,2016.08.30,첨부파일,미부착,,개방 가능,공공누리 1유형,,,O,,,,,공고,
3316,한국영상자료원,HOME > 기관소개 > 기관소식 > 입찰,입찰,[입찰공고/긴급]우수영상물 다국어자막 DVD제작,,,2016.08.30,첨부파일,미부착,,개방 가능,공공누리 1유형,,,O,,,,,공고,
3317,한국영상자료원,HOME > 기관소개 > 기관소식 > 입찰,입찰,[입찰공고]기관 및 한국고전영화 홍보영상물 제작 입찰공고(긴급),,,2016.09.27,첨부파일,미부착,,개방 가능,공공누리 1유형,,,O,,,,,공고,
3318,한국영상자료원,HOME > 기관소개 > 기관소식 > 입찰,입찰,[입찰공고/긴급]한국영화박물관 기획전시Ⅲ 전시물 제작 및 설치,,,2016.11.22,첨부파일,미부착,,개방 가능,공공누리 1유형,,,O,,,,,공고,
3319,한국영상자료원,HOME > 기관소개 > 기관소식 > 입찰,입찰,[입찰공고/긴급]4K 영상 데이터 검수용 고성능 스토리지 도입,,,2016.11.22,첨부파일,미부착,,개방 가능,공공누리 1유형,,,O,,,,,공고,
3320,한국영상자료원,HOME > 기관소개 > 기관소식 > 입찰,입찰,[정정공고/긴급]한국영화박물관 기획전시Ⅲ 전시물 제작 및 설치,,,2016.11.30,첨부파일,미부착,,개방 가능,공공누리 1유형,,,O,,,,,공고,
3321,한국영상자료원,HOME > 기관소개 > 기관소식 > 입찰,입찰,[입찰공고]2017년 영화필름 4K 디지털변환시스템 유지보수용역,,,2017.01.12,첨부파일,미부착,,개방 가능,공공누리 1유형,,,O,,,,,공고,
3322,한국영상자료원,HOME > 기관소개 > 기관소식 > 입찰,입찰,[입찰공고]2017년 영화필름 디지털 색재현시스템 유지보수용역,,,2017.01.12,첨부파일,미부착,,개방 가능,공공누리 1유형,,,O,,,,,공고,
3323,한국영상자료원,HOME > 기관소개 > 기관소식 > 입찰,입찰,[입찰공고/긴급]한국영상자료원 조직운영 최적화 및 조직역량 강화방안 수립 컨설팅,,,2017.01.12,첨부파일,미부착,,개방 가능,공공누리 1유형,,,O,,,,,공고,
3324,한국영상자료원,HOME > 기관소개 > 기관소식 > 입찰,입찰,[입찰공고]디지털 아카이빙용 LTO테이프 구매 입찰,,,2017.02.08,첨부파일,미부착,,개방 가능,공공누리 1유형,,,O,,,,,공고,
3325,한국영상자료원,HOME > 기관소개 > 기관소식 > 입찰,입찰,"[입찰공고]2017년도 영상도서관 비디오자료(DVD, 블루레이) 구입",,,2017.02.09,첨부파일,미부착,,개방 가능,공공누리 1유형,,,O,,,,,공고,
3326,한국영상자료원,HOME > 기관소개 > 기관소식 > 입찰,입찰,[입찰공고/긴급]한국고전영화 블루레이 제작 및 위탁판매 입찰공고,,,2017.02.10,첨부파일,미부착,,개방 가능,공공누리 1유형,,,O,,,,,공고,
3327,한국영상자료원,HOME > 기관소개 > 기관소식 > 입찰,입찰,[입찰공고/긴급]한국영상자료원 격월간 기관지 <영화천국> 제작 용역,,,2017.02.23,첨부파일,미부착,,개방 가능,공공누리 1유형,,,O,,,,,공고,
3328,한국영상자료원,HOME > 기관소개 > 기관소식 > 입찰,입찰,[입찰재공고/긴급]한국고전영화 블루레이 제작 및 위탁판매 입찰재공고 (긴급),,,2017.02.23,첨부파일,미부착,,개방 가능,공공누리 1유형,,,O,,,,,공고,
3329,한국영상자료원,HOME > 기관소개 > 기관소식 > 입찰,입찰,[입찰공고/긴급]한국영화박물관 기획전시Ⅰ 전시물 제작 및 설치,,,2017.03.09,첨부파일,미부착,,개방 가능,공공누리 1유형,,,O,,,,,공고,
3330,한국영상자료원,HOME > 기관소개 > 기관소식 > 입찰,입찰,[입찰공고/긴급]우수영상물 다국어 자막 DVD 제작 배포 위한 번역 입찰공고,,,2017.05.15,첨부파일,미부착,,개방 가능,공공누리 1유형,,,O,,,,,공고,
3331,한국영상자료원,HOME > 기관소개 > 기관소식 > 입찰,입찰,[입찰재공고/긴급]한국영상자료원 발간물 제작 및 위탁 판매 입찰공고,,,2017.07.12,첨부파일,미부착,,개방 가능,공공누리 1유형,,,O,,,,,공고,
3332,한국영상자료원,HOME > 기관소개 > 기관소식 > 입찰,입찰,[입찰공고/긴급] 한국영화박물관 야외전시 전시물 제작 및 설치 사업,,,2017.08.07,첨부파일,미부착,,개방 가능,공공누리 1유형,,,O,,,,,공고,
3333,한국영상자료원,HOME > 기관소개 > 기관소식 > 입찰,입찰,[입찰재공고/긴급] 한국영화박물관 야외전시 전시물 제작 및 설치 사업,,,2017.08.22,첨부파일,미부착,,개방 가능,공공누리 1유형,,,O,,,,,공고,
3334,한국영상자료원,HOME > 기관소개 > 기관소식 > 입찰,입찰,[입찰공고/긴급]우수영상물 다국어자막 DVD제작 입찰공고,,,2017.09.08,첨부파일,미부착,,개방 가능,공공누리 1유형,,,O,,,,,공고,
3335,한국영상자료원,HOME > 기관소개 > 기관소식 > 입찰,입찰,[입찰공고/긴급]2017년 한국영상자료원 한국고전영화 홍보영상 제작 용역 공고,,,2017.10.12,,미부착,,개방 가능,공공누리 1유형,,,O,,,,,공고,
3336,한국영상자료원,HOME > 기관소개 > 기관소식 > 입찰,입찰,[입찰공고/긴급]한국영화박물관 기획전시Ⅱ 전시물 제작 및 설치 입찰공고,,,2017.10.12,,미부착,,개방 가능,공공누리 1유형,,,O,,,,,공고,
3337,한국영상자료원,HOME > 기관소개 > 기관소식 > 입찰,입찰,[입찰재공고/긴급]한국영화박물관 기획전시Ⅱ 전시물 제작 및 설치 (긴급),,,2017.10.26,첨부파일,미부착,,개방 가능,공공누리 1유형,,,O,,,,,공고,
3338,한국영상자료원,HOME > 기관소개 > 기관소식 > 입찰,입찰,[입찰공고/긴급]2018년 한국영상자료원 격월간 기관지 <영화천국> 제작 용역,,,2018.02.23,,미부착,,개방 가능,공공누리 1유형,,,O,,,,,공고,
3339,한국영상자료원,HOME > 기관소개 > 기관소식 > 입찰,입찰,[입찰공고/긴급]2018년 건물 외벽 홍보 현수막 제작 및 설치 용역,,,2018.02.28,첨부파일,미부착,,개방 가능,공공누리 1유형,,,O,,,,,공고,
3340,한국영상자료원,HOME > 기관소개 > 기관소식 > 입찰,입찰,[입찰공고]2018년 디지털 아카이빙용 LTO테이프 구매 입찰,,,2018.03.05,첨부파일,미부착,,개방 가능,공공누리 1유형,,,O,,,,,공고,
3341,한국영상자료원,HOME > 기관소개 > 기관소식 > 입찰,입찰,[입찰공고/긴급]한국고전영화 블루레이 제작 및 위탁판매 입찰공고,,,2018.03.12,첨부파일,미부착,,개방 가능,공공누리 1유형,,,O,,,,,공고,
3342,한국영상자료원,HOME > 기관소개 > 기관소식 > 입찰,입찰,[입찰공고/긴급]한국영화박물관 기획전시Ⅰ 전시물 제작 및 설치,,,2018.03.27,첨부파일,미부착,,개방 가능,공공누리 1유형,,,O,,,,,공고,
3343,한국영상자료원,HOME > 기관소개 > 기관소식 > 입찰,입찰,[입찰공고]2018년 아카이브 스토리지 증설 사업,,,2018.03.29,첨부파일,미부착,,개방 가능,공공누리 1유형,,,O,,,,,공고,
3344,한국영상자료원,HOME > 기관소개 > 기관소식 > 입찰,입찰,[입찰공고/긴급]DVD 및 온라인VOD용 다국어 자막 제작 입찰 공고,,,2018.05.29,첨부파일,미부착,,개방 가능,공공누리 1유형,,,O,,,,,공고,
3345,한국영상자료원,HOME > 기관소개 > 기관소식 > 입찰,입찰,[입찰재공고/긴급]DVD 및 온라인VOD용 다국어 자막 제작 입찰 공고,,,2018.06.11,첨부파일,미부착,,개방 가능,공공누리 1유형,,,O,,,,,공고,
3346,한국영상자료원,HOME > 기관소개 > 기관소식 > 입찰,입찰,[입찰공고]2018년 한국영상자료원 및 한국영화 소개영상 제작 입찰공고,,,2018.06.18,첨부파일,미부착,,개방 가능,공공누리 1유형,,,O,,,,,공고,
3347,한국영상자료원,HOME > 기관소개 > 기관소식 > 입찰,입찰,[입찰공고/긴급]한국영화박물관 기획전시II 전시물 제작 및 설치,,,2018.07.27,첨부파일,미부착,,개방 가능,공공누리 1유형,,,O,,,,,공고,
3348,한국영상자료원,HOME > 기관소개 > 기관소식 > 입찰,입찰,[입찰재공고]2018년 한국영상자료원 및 한국영화 소개영상 제작 입찰공고,,,2018.08.02,첨부파일,미부착,,개방 가능,공공누리 1유형,,,O,,,,,공고,
3349,한국영상자료원,HOME > 기관소개 > 기관소식 > 입찰,입찰,[입찰재공고/긴급]한국영화박물관 기획전시II 전시물 제작 및 설치,,,2018.08.07,첨부파일,미부착,,개방 가능,공공누리 1유형,,,O,,,,,공고,
3350,한국영상자료원,HOME > 기관소개 > 기관소식 > 입찰,입찰,[재재공고/긴급]2018년 한국영상자료원 및 한국영화 소개영상 제작 입찰공고,,,2018.08.24,,미부착,,개방 가능,공공누리 1유형,,,O,,,,,공고,
3351,한국영상자료원,HOME > 기관소개 > 기관소식 > 입찰,입찰,[입찰공고/긴급]2018년도 우수영상물 다국어 자막 DVD 제작 사업,,,2018.09.11,,미부착,,개방 가능,공공누리 1유형,,,O,,,,,공고,
3352,한국영상자료원,HOME > 기관소개 > 기관소식 > 입찰,입찰,[입찰공고/긴급]한국영화박물관 기획전시III 전시물 제작 및 설치,,,2018.10.23,,미부착,,개방 가능,공공누리 1유형,,,O,,,,,공고,
3353,한국영상자료원,HOME > 기관소개 > 기관소식 > 입찰,입찰,[입찰재공고/긴급]한국영화박물관 기획전시III 전시물 제작 및 설치,,,2018.11.06,,미부착,,개방 가능,공공누리 1유형,,,O,,,,,공고,
3354,한국영상자료원,HOME > 기관소개 > 기관소식 > 입찰,입찰,[입찰공고/긴급]한국영화박물관 기획전시Ⅰ 전시물 제작 및 설치,,,2019.01.30,첨부파일,미부착,,개방 가능,공공누리 1유형,,,O,,,,,공고,
3355,한국영상자료원,HOME > 기관소개 > 기관소식 > 입찰,입찰,[입찰공고]2019년 디지털 아카이빙용 LTO테이프 구매 입찰,,,2019.02.12,첨부파일,미부착,,개방 가능,공공누리 1유형,,,O,,,,,공고,
3356,한국영상자료원,HOME > 기관소개 > 기관소식 > 입찰,입찰,[입찰재공고/긴급]한국영화박물관 기획전시Ⅰ 전시물 제작 및 설치,,,2019.02.18,첨부파일,미부착,,개방 가능,공공누리 1유형,,,O,,,,,공고,
3357,한국영상자료원,HOME > 기관소개 > 기관소식 > 입찰,입찰,[입찰공고]2019년 한국고전영화 블루레이 제작 및 위탁판매 입찰공고 (긴급),,,2019.03.12,첨부파일,미부착,,개방 가능,공공누리 1유형,,,O,,,,,공고,
3358,한국영상자료원,HOME > 기관소개 > 기관소식 > 입찰,입찰,[입찰공고/긴급]2019년 디지털시네마 검수 시스템(마스터링장비)유지보수,,,2019.03.14,첨부파일,미부착,,개방 가능,공공누리 1유형,,,O,,,,,공고,
3359,한국영상자료원,HOME > 기관소개 > 기관소식 > 입찰,입찰,[입찰 재공고/긴급]한국고전영화 블루레이 제작 및 위탁판매,,,2019.03.25,첨부파일,미부착,,개방 가능,공공누리 1유형,,,O,,,,,공고,
3360,한국영상자료원,HOME > 기관소개 > 기관소식 > 입찰,입찰,[입찰공고] 우수영상물 다국어자막 DVD 제작을 위한 번역 사업(긴급),,,2019.06.12,첨부파일,미부착,,개방 가능,공공누리 1유형,,,O,,,,,공고,
3361,한국영상자료원,HOME > 기관소개 > 기관소식 > 입찰,입찰,[입찰공고/긴급] 우수영상물 다국어자막 DVD제작 사업,,,2019.09.03,첨부파일,미부착,,개방 가능,공공누리 1유형,,,O,,,,,공고,
3362,한국영상자료원,HOME > 기관소개 > 기관소식 > 입찰,입찰,[입찰변경공고/긴급] 2019년 한국영상자료원 대민서비스 시설 BI 통합 사업,,,2019.09.17,첨부파일,미부착,,개방 가능,공공누리 1유형,,,O,,,,,공고,
3363,한국영상자료원,HOME > 기관소개 > 기관소식 > 입찰,입찰,[입찰 재공고/긴급] 우수영상물 다국어자막 DVD제작 사업,,,2019.09.18,첨부파일,미부착,,개방 가능,공공누리 1유형,,,O,,,,,공고,
3364,한국영상자료원,HOME > 기관소개 > 기관소식 > 입찰,입찰,[긴급] 한국고전영화 블루레이 제작 및 위탁판매 입찰공고,,,2020.02.13,,미부착,,개방 가능,공공누리 1유형,,,O,,,,,공고,
3365,한국영상자료원,HOME > 기관소개 > 기관소식 > 입찰,입찰,한국고전영화 블루레이 제작 및 위탁판매 입찰 재공고 (긴급),,,2020.02.25,첨부파일,미부착,,개방 가능,공공누리 1유형,,,O,,,,,공고,
3366,한국영상자료원,HOME > 기관소개 > 기관소식 > 입찰,입찰,2020년 원로영화인 구술채록 연구용역 입찰공고(긴급),,,2020.02.26,첨부파일,미부착,,개방 가능,공공누리 1유형,,,O,,,,,공고,
3367,한국영상자료원,HOME > 기관소개 > 기관소식 > 입찰,입찰,종이기록물 탈산장비 구입 입찰 공고,,,2020.03.03,첨부파일,미부착,,개방 가능,공공누리 1유형,,,O,,,,,공고,
3368,한국영상자료원,HOME > 기관소개 > 기관소식 > 입찰,입찰,2020년 원로영화인 구술채록 연구용역 입찰 재공고(긴급),,,2020.03.10,첨부파일,미부착,,개방 가능,공공누리 1유형,,,O,,,,,공고,
3369,한국영상자료원,HOME > 기관소개 > 기관소식 > 입찰,입찰,종이기록물 탈산장비 구입 입찰 재공고,,,2020.03.13,첨부파일,미부착,,개방 가능,공공누리 1유형,,,O,,,,,공고,
3370,한국영상자료원,HOME > 기관소개 > 기관소식 > 입찰,입찰,[긴급] 2020년 한국영상자료원 기관지 「아카이브 프리즘」 제작 입찰공고,,,2020.03.17,첨부파일,미부착,,개방 가능,공공누리 1유형,,,O,,,,,공고,
3371,한국영상자료원,HOME > 기관소개 > 기관소식 > 입찰,입찰,[긴급]미디어 자산관리 시스템 구축 방안 연구용역 입찰공고,,,2020.06.23,첨부파일,미부착,,개방 가능,공공누리 1유형,,,O,,,,,공고,
3372,한국영상자료원,HOME > 기관소개 > 기관소식 > 입찰,입찰,미디어 자산관리 시스템 구축 방안 연구용역 입찰 재공고(긴급),,,2020.07.06,첨부파일,미부착,,개방 가능,공공누리 1유형,,,O,,,,,공고,
3373,한국영상자료원,HOME > 기관소개 > 기관소식 > 입찰,입찰,[긴급] 우수영상물 다국어자막 DVD제작 입찰공고,,,2020.08.11,첨부파일,미부착,,개방 가능,공공누리 1유형,,,O,,,,,공고,
3374,한국영상자료원,HOME > 기관소개 > 기관소식 > 입찰,입찰,[긴급]우수영상물 다국어자막 DVD제작 입찰 재공고,,,2020.08.24,첨부파일,미부착,,개방 가능,공공누리 1유형,,,O,,,,,공고,
3375,한국영상자료원,HOME > 기관소개 > 기관소식 > 입찰,입찰,[소액수의(물품/제조) 견적제출] 필름 화면 디지털복원 소프트웨어 도입,,,2020.09.21,첨부파일,미부착,,개방 가능,공공누리 1유형,,,O,,,,,공고,
3376,한국영상자료원,HOME > 기관소개 > 기관소식 > 입찰,입찰,[긴급]2021 한국영상자료원 기관지 「아카이브 프리즘」 제작 입찰공고,,,2021.02.03,첨부파일,미부착,,개방 가능,공공누리 1유형,,,O,,,,,공고,
3377,한국영상자료원,HOME > 기관소개 > 기관소식 > 입찰,입찰,[긴급]한국고전영화 블루레이 제작 및 위탁판매 입찰공고,,,2021.02.09,첨부파일,미부착,,개방 가능,공공누리 1유형,,,O,,,,,공고,
3378,한국영상자료원,HOME > 기관소개 > 기관소식 > 입찰,입찰,"[긴급] 디지털시네마 마스터링장비(검수시스템, 보존관리시스템) 유지보수 입찰공고",,,2021.02.17,첨부파일,미부착,,개방 가능,공공누리 1유형,,,O,,,,,공고,
3379,한국영상자료원,HOME > 기관소개 > 기관소식 > 입찰,입찰,[긴급] 2021년 원로영화인 구술채록 용역 사업 입찰 공고,,,2021.03.04,첨부파일,미부착,,개방 가능,공공누리 1유형,,,O,,,,,공고,
3380,한국영상자료원,HOME > 기관소개 > 기관소식 > 입찰,입찰,[소액수의(여성기업간경쟁) 견적제출 안내공고] 2021년 아카이브 스토리지 증설,,,2021.03.05,첨부파일,미부착,,개방 가능,공공누리 1유형,,,O,,,,,공고,
3381,한국영상자료원,HOME > 기관소개 > 기관소식 > 입찰,입찰,[긴급] 우수영상물 다국어 번역 및 자막 제작 사업 입찰공고,,,2021.03.16,첨부파일,미부착,,개방 가능,공공누리 1유형,,,O,,,,,공고,
3382,한국영상자료원,HOME > 기관소개 > 기관소식 > 입찰,입찰,[긴급] 2021년 소장자료 정리 및 DB구축 사업 입찰 공고,,,2021.03.26,첨부파일,미부착,,개방 가능,공공누리 1유형,,,O,,,,,공고,
3383,한국영상자료원,HOME > 기관소개 > 기관소식 > 입찰,입찰,[긴급]우수영상물 다국어자막 DVD 제작을 위한 번역 입찰공고,,,2021.05.18,첨부파일,미부착,,개방 가능,공공누리 1유형,,,O,,,,,공고,
3384,한국영상자료원,HOME > 기관소개 > 기관소식 > 입찰,입찰,[소액수의(물품/제조) 견적제출] 찾아가는 영화관 DLP레이저 프로젝트 구입,,,2021.06.17,첨부파일,미부착,,개방 가능,공공누리 1유형,,,O,,,,,공고,
3385,한국영상자료원,HOME > 기관소개 > 기관소식 > 입찰,입찰,[긴급]한국영화데이터베이스(KMDB)홈페이지 기능개선 사업 입찰공고,,,2021.06.21,첨부파일,미부착,,개방 가능,공공누리 1유형,,,O,,,,,공고,
3386,한국영상자료원,HOME > 기관소개 > 기관소식 > 입찰,입찰,[긴급]한국영화데이터베이스(KMDB)홈페이지 기능개선 사업 입찰 변경공고,,,2021.06.22,첨부파일,미부착,,개방 가능,공공누리 1유형,,,O,,,,,공고,
3387,한국영상자료원,HOME > 기관소개 > 기관소식 > 입찰,입찰,[긴급] 우수영상물 다국어자막 DVD제작 입찰공고,,,2021.08.20,첨부파일,미부착,,개방 가능,공공누리 1유형,,,O,,,,,공고,
3388,한국영상자료원,HOME > 기관소개 > 기관소식 > 입찰,입찰,[긴급] 한국고전영화 블루레이 제작 및 위탁판매 입찰공고,,,2022.02.22,첨부파일,미부착,,개방 가능,공공누리 1유형,,,O,,,,,공고,
3389,한국영상자료원,HOME > 기관소개 > 기관소식 > 입찰,입찰,소액수의(물품/제조) 견적제출 안내공고(디지털 광계측기),,,2022.02.24,첨부파일,미부착,,개방 가능,공공누리 1유형,,,O,,,,,공고,
3390,한국영상자료원,HOME > 기관소개 > 기관소식 > 입찰,입찰,[긴급] 2022년 보존고 기록물 전수조사 및 목록화 사업,,,2022.03.02,첨부파일,미부착,,개방 가능,공공누리 1유형,,,O,,,,,공고,
3391,한국영상자료원,HOME > 기관소개 > 기관소식 > 입찰,입찰,[긴급] 원로영화인 구술(생애사？주제사)채록 용역 사업,,,2022.03.03,첨부파일,미부착,,개방 가능,공공누리 1유형,,,O,,,,,공고,
3392,한국영상자료원,HOME > 기관소개 > 기관소식 > 입찰,입찰,[긴급] 한국영상자료원 기관 유튜브 채널 영상 콘텐츠 제작 및 운영 사업,,,2022.03.23,첨부파일,미부착,,개방 가능,공공누리 1유형,,,O,,,,,공고,
3393,한국영상자료원,HOME > 기관소개 > 기관소식 > 입찰,입찰,[긴급] 우수영상물 다국어 번역 및 자막 제작 사업 입찰공고,,,2022.03.29,첨부파일,미부착,,개방 가능,공공누리 1유형,,,O,,,,,공고,
3394,한국영상자료원,HOME > 기관소개 > 기관소식 > 입찰,입찰,[긴급] 2022년 한국영상자료원 홈페이지 통합 유지보수 사업 입찰공고,,,2022.04.22,첨부파일,미부착,,개방 가능,공공누리 1유형,,,O,,,,,공고,
3395,한국영상자료원,HOME > 기관소개 > 기관소식 > 입찰,입찰,[긴급] 2022년 한국영상자료원 홈페이지 통합 유지보수 사업 입찰 변경 공고,,,2022.04.25,첨부파일,미부착,,개방 가능,공공누리 1유형,,,O,,,,,공고,
3396,한국영상자료원,HOME > 기관소개 > 기관소식 > 입찰,입찰,[긴급] 2022년 우수영상물 다국어 번역 및 자막 제작 사업 입찰공고,,,2022.05.25,첨부파일,미부착,,개방 가능,공공누리 1유형,,,O,,,,,공고,
3397,한국영상자료원,HOME > 기관소개 > 기관소식 > 입찰,입찰,실물모형 제작 소액수의(조합추천) 견적제출 안내공고,,,2022.06.29,첨부파일,미부착,,개방 가능,공공누리 1유형,,,O,,,,,공고,
3398,한국영상자료원,HOME > 기관소개 > 기관소식 > 입찰,입찰,[긴급] 우수영상물 다국어자막 DVD제작 입찰공고,,,2022.08.18,첨부파일,미부착,,개방 가능,공공누리 1유형,,,O,,,,,공고,
3399,한국영상자료원,HOME > 기관소개 > 기관소식 > 입찰,입찰,[긴급] 2023년 보존고 기록물 전수조사 및 목록화 사업,,,2023.02.23,첨부파일,미부착,,개방 가능,공공누리 1유형,,,O,,,,,공고,
3400,한국영상자료원,HOME > 기관소개 > 기관소식 > 입찰,입찰,[긴급]한국영상자료원 기관 유튜브 채널 영상 콘텐츠 제작 및 운영 사업,,,2023.02.28,첨부파일,미부착,,개방 가능,공공누리 1유형,,,O,,,,,공고,
3401,한국영상자료원,HOME > 기관소개 > 기관소식 > 입찰,입찰,[긴급] 영화인 구술 채록(생애사？주제사) 연구 용역,,,2023.03.03,첨부파일,미부착,,개방 가능,공공누리 1유형,,,O,,,,,공고,
3402,한국영상자료원,HOME > 기관소개 > 기관소식 > 입찰,입찰,[긴급] 한국고전영화 블루레이 제작 및 위탁판매 입찰공고,,,2023.03.03,첨부파일,미부착,,개방 가능,공공누리 1유형,,,O,,,,,공고,
3403,한국영상자료원,HOME > 기관소개 > 기관소식 > 입찰,입찰,[긴급] 우수영상물 다국어 번역 및 자막 제작 사업 입찰공고,,,2023.03.16,첨부파일,미부착,,개방 가능,공공누리 1유형,,,O,,,,,공고,
3404,한국영상자료원,HOME > 기관소개 > 기관소식 > 입찰,입찰,[긴급] 2023년 한국영상자료원 홈페이지 통합 유지보수 사업 입찰공고,,,2023.03.28,첨부파일,미부착,,개방 가능,공공누리 1유형,,,O,,,,,공고,
3405,한국영상자료원,HOME > 기관소개 > 기관소식 > 입찰,입찰,[긴급] 우수영상물 다국어자막 DVD 제작을 위한 번역 입찰공고,,,2023.04.19,첨부파일,미부착,,개방 가능,공공누리 1유형,,,O,,,,,공고,
3406,한국영상자료원,HOME > 기관소개 > 기관소식 > 입찰,입찰,[긴급] 한국고전애니메이션 블루레이 제작 및 위탁판매 입찰공고 변경,,,2023.04.25,첨부파일,미부착,,개방 가능,공공누리 1유형,,,O,,,,,공고,
3407,한국영상자료원,HOME > 기관소개 > 사회적가치 > 사회적 가치 구현 활동,사회적 가치 구현 활동,한국영상자료원 윤리인권경영위원회 발족,,https://www.koreafilm.or.kr/kofa/news/value,2019.10.15,,미부착,,개방 가능,공공누리 1유형,,,O,,,,,업무상 촬영 사진,
3408,한국영상자료원,HOME > 기관소개 > 사회적가치 > 사회적 가치 구현 활동,사회적 가치 구현 활동,한국영상자료원 인권경영헌장 선포,,,2019.10.29,,미부착,,개방 가능,공공누리 1유형,,,O,,,,,업무상 촬영 사진,
3409,한국영상자료원,HOME > 기관소개 > 사회적가치 > 사회적 가치 구현 활동,사회적 가치 구현 활동,일상 속 청렴윤리문화 확산을 위한 청렴윤리 식물 나눔,,,2019.10.31,,미부착,,개방 가능,공공누리 1유형,,,O,,,,,업무상 촬영 사진,
3410,한국영상자료원,HOME > 기관소개 > 사회적가치 > 사회적 가치 구현 활동,사회적 가치 구현 활동,한국영상자료원 사회적 가치 구현 체계,,,2019.12.09,,미부착,,개방 가능,공공누리 1유형,,,O,,,,,단순 정보,
3411,한국영상자료원,HOME > 기관소개 > 사회적가치 > 사회적 가치 구현 활동,사회적 가치 구현 활동,한국영상자료원 2019년 제2차 윤리인권경영위원회 개최,,,2019.12.17,,미부착,,개방 가능,공공누리 1유형,,,O,,,,,단순 정보,
3412,한국영상자료원,HOME > 기관소개 > 사회적가치 > 사회적 가치 구현 활동,사회적 가치 구현 활동,한국영상자료원 양성평등 직원 간담회 실시,,,2019.12.18,,미부착,,개방 가능,공공누리 1유형,,,O,,,,,단순 정보,
3413,한국영상자료원,HOME > 기관소개 > 사회적가치 > 사회적 가치 구현 활동,사회적 가치 구현 활동,2019년 적극행정 모범직원 포상,,,2019.12.23,,미부착,,개방 가능,공공누리 1유형,,,O,,,,,단순 정보,
3414,한국영상자료원,HOME > 기관소개 > 사회적가치 > 사회적 가치 구현 활동,사회적 가치 구현 활동,2020년 한국영상자료원 성평등 추진계획 수립,,,2020.04.03,,미부착,,개방 가능,공공누리 1유형,,,O,,,,,단순 정보,
3415,한국영상자료원,HOME > 기관소개 > 사회적가치 > 사회적 가치 구현 활동,사회적 가치 구현 활동,2020년 한국영상자료원 임직원 청렴윤리 인식 제고를 위한 전 직원 워크숍 실시,,,2020.11.19,,미부착,,개방 가능,공공누리 1유형,,,O,,,,,업무상 촬영 사진,
3416,한국영상자료원,HOME > 기관소개 > 사회적가치 > 사회적 가치 구현 활동,사회적 가치 구현 활동,[정책공모] 2020년 한국영상자료원 국민참여 아카이브 정책공모 선정작-1,,,2020.12.22,첨부파일,미부착,,개방 가능,공공누리 1유형,,,O,,,,,업무상 저작물,
3417,한국영상자료원,HOME > 기관소개 > 사회적가치 > 사회적 가치 구현 활동,사회적 가치 구현 활동,[정책공모] 2020년 한국영상자료원 국민참여 아카이브 정책공모 선정작-2,,,2020.12.22,첨부파일,미부착,,개방 가능,공공누리 1유형,,,O,,,,,업무상 저작물,
3418,한국영상자료원,HOME > 기관소개 > 사회적가치 > 사회적 가치 구현 활동,사회적 가치 구현 활동,2021년 1차 윤리인권경영위원회 개최,,,2021.11.22,,미부착,,개방 가능,공공누리 1유형,,,O,,,,,단순 정보,
3419,한국영상자료원,HOME > 기관소개 > 사회적가치 > 사회적 가치 구현 활동,사회적 가치 구현 활동,한국영상자료원 인권경영헌장,,,2022.11.10,,미부착,,개방 가능,공공누리 1유형,,,O,,,,,단순 정보,
