세종학당재단 공공저작물 권리확인 요청 목록,,,,,,,,,,,,,,,,,,,,
순번,사이트명,게시판 진입 과정,게시판명,게시물 제목,URL,등록일,첨부파일,기존 공공누리 유형,,개방여부,공공누리유형,,검토불가,단순/업무/비보호,제3자 권리,이미지/첨부파일,초상권,개인정보,의견,비고
1,세종학당재단,HOME > 알림마당 > 계약정보,계약정보,[입찰공고] 2024년 세종한국어평가 시스템 운영 및 유지관리 (긴급공고) (재공고),https://ksif.or.kr/cop/bbs/selectBoardArticle.do?nttId=9220000006186&bbsId=BBSMSTR_000000000201&pageIndex=1,2024,유,미부착,,개방 가능,공공누리 1유형,,,O,,,,,고시·공고,
2,세종학당재단,HOME > 알림마당 > 계약정보,계약정보,[입찰공고] 모바일 말하기 평가 앱 개발 및 운영 (긴급공고),https://ksif.or.kr/cop/bbs/selectBoardArticle.do?nttId=9220000006185&bbsId=BBSMSTR_000000000201&pageIndex=1,2024,유,미부착,,개방 가능,공공누리 1유형,,,O,,,,,고시·공고,
3,세종학당재단,HOME > 알림마당 > 계약정보,계약정보,[입찰공고] 2024년 세종한국어평가 국제통용 평가 기준 연구 (긴급공고),https://ksif.or.kr/cop/bbs/selectBoardArticle.do?nttId=9220000006183&bbsId=BBSMSTR_000000000201&pageIndex=1,2024,유,미부착,,개방 가능,공공누리 1유형,,,O,,,,,고시·공고,
4,세종학당재단,HOME > 알림마당 > 계약정보,계약정보,[입찰공고] 2024년 세종한국어평가(SKA) 자동 출제·채점 연구 및 적용 (긴급공고),https://ksif.or.kr/cop/bbs/selectBoardArticle.do?nttId=9220000006181&bbsId=BBSMSTR_000000000201&pageIndex=1,2024,유,미부착,,개방 가능,공공누리 1유형,,,O,,,,,고시·공고,
5,세종학당재단,HOME > 알림마당 > 계약정보,계약정보,[입찰공고] 2024년 세종학당 외국인 현지교원 한국어교육 컨설팅 (재공고),https://ksif.or.kr/cop/bbs/selectBoardArticle.do?nttId=9220000006171&bbsId=BBSMSTR_000000000201&pageIndex=1,2024,유,미부착,,개방 가능,공공누리 1유형,,,O,,,,,고시·공고,
6,세종학당재단,HOME > 알림마당 > 계약정보,계약정보,[입찰공고] 2024년 세종학당 문화인턴 파견사업 운영 (긴급공고),https://ksif.or.kr/cop/bbs/selectBoardArticle.do?nttId=9220000006157&bbsId=BBSMSTR_000000000201&pageIndex=1,2024,유,미부착,,개방 가능,공공누리 1유형,,,O,,,,,고시·공고,
7,세종학당재단,HOME > 알림마당 > 계약정보,계약정보,[입찰공고] 2024년 세종한국어평가 시스템 운영 및 유지관리 (긴급공고),https://ksif.or.kr/cop/bbs/selectBoardArticle.do?nttId=9220000006156&bbsId=BBSMSTR_000000000201&pageIndex=1,2024,유,미부착,,개방 가능,공공누리 1유형,,,O,,,,,고시·공고,
8,세종학당재단,HOME > 알림마당 > 계약정보,계약정보,[입찰공고] 세종학당 한국어 예비교원 국외 실습 지원 (긴급공고),https://ksif.or.kr/cop/bbs/selectBoardArticle.do?nttId=9220000006121&bbsId=BBSMSTR_000000000201&pageIndex=1,2024,유,미부착,,개방 가능,공공누리 1유형,,,O,,,,,고시·공고,
9,세종학당재단,HOME > 알림마당 > 계약정보,계약정보,[입찰공고] 2024년 세종한국어평가(SKA) 출제시스템 구축 (긴급공고),https://ksif.or.kr/cop/bbs/selectBoardArticle.do?nttId=9220000006119&bbsId=BBSMSTR_000000000201&pageIndex=1,2024,유,미부착,,개방 가능,공공누리 1유형,,,O,,,,,고시·공고,
10,세종학당재단,HOME > 알림마당 > 계약정보,계약정보,[입찰공고] 2024년 세종학당 운영평가 및 현장점검 (긴급공고),https://ksif.or.kr/cop/bbs/selectBoardArticle.do?nttId=9220000006079&bbsId=BBSMSTR_000000000201&pageIndex=1,2024,유,미부착,,개방 가능,공공누리 1유형,,,O,,,,,고시·공고,
11,세종학당재단,HOME > 알림마당 > 계약정보,계약정보,[입찰공고] 2024년 세계한국어교육자대회 (긴급공고),https://ksif.or.kr/cop/bbs/selectBoardArticle.do?nttId=9220000006072&bbsId=BBSMSTR_000000000201&pageIndex=1,2024,유,미부착,,개방 가능,공공누리 1유형,,,O,,,,,고시·공고,
12,세종학당재단,HOME > 알림마당 > 계약정보,계약정보,[입찰공고] 세종학당재단 교원연수시스템 운영 방향 수립 연구 (재공고),https://ksif.or.kr/cop/bbs/selectBoardArticle.do?nttId=9220000006062&bbsId=BBSMSTR_000000000201&pageIndex=1,2024,유,미부착,,개방 가능,공공누리 1유형,,,O,,,,,고시·공고,
13,세종학당재단,HOME > 알림마당 > 계약정보,계약정보,[입찰공고] 세종학당 교육자료 디자인 재편집 및 다국어판 추가 개발 (긴급공고) (취소공고),https://ksif.or.kr/cop/bbs/selectBoardArticle.do?nttId=9220000006061&bbsId=BBSMSTR_000000000201&pageIndex=1,2024,유,미부착,,개방 가능,공공누리 1유형,,,O,,,,,고시·공고,
14,세종학당재단,HOME > 알림마당 > 계약정보,계약정보,[입찰공고] 2024년 세종학당 한국어교원 양성과정 운영 지원 (긴급공고),https://ksif.or.kr/cop/bbs/selectBoardArticle.do?nttId=9220000006060&bbsId=BBSMSTR_000000000201&pageIndex=1,2024,유,미부착,,개방 가능,공공누리 1유형,,,O,,,,,고시·공고,
15,세종학당재단,HOME > 알림마당 > 계약정보,계약정보,[입찰공고] 2024년 세종학당 외국인 현지교원 한국어교육 컨설팅 (긴급공고),https://ksif.or.kr/cop/bbs/selectBoardArticle.do?nttId=9220000006056&bbsId=BBSMSTR_000000000201&pageIndex=1,2024,유,미부착,,개방 가능,공공누리 1유형,,,O,,,,,고시·공고,
16,세종학당재단,HOME > 알림마당 > 계약정보,계약정보,[입찰공고] 2024 세종학당 지역별 워크숍 운영 (긴급공고),https://ksif.or.kr/cop/bbs/selectBoardArticle.do?nttId=9220000006055&bbsId=BBSMSTR_000000000201&pageIndex=1,2024,유,미부착,,개방 가능,공공누리 1유형,,,O,,,,,고시·공고,
17,세종학당재단,HOME > 알림마당 > 계약정보,계약정보,[입찰공고] 세종학당 비즈니스 한국어 교재 재개발 (재공고),https://ksif.or.kr/cop/bbs/selectBoardArticle.do?nttId=9220000006051&bbsId=BBSMSTR_000000000201&pageIndex=1,2024,유,미부착,,개방 가능,공공누리 1유형,,,O,,,,,고시·공고,
18,세종학당재단,HOME > 알림마당 > 계약정보,계약정보,[입찰공고] 세종학당 교원용 교수학습 보조자료 개발 (재공고),https://ksif.or.kr/cop/bbs/selectBoardArticle.do?nttId=9220000006035&bbsId=BBSMSTR_000000000201&pageIndex=1,2024,유,미부착,,개방 가능,공공누리 1유형,,,O,,,,,고시·공고,
19,세종학당재단,HOME > 알림마당 > 계약정보,계약정보,[입찰공고] 2024년 세종문화아카데미 운영 (긴급공고),https://ksif.or.kr/cop/bbs/selectBoardArticle.do?nttId=9220000006033&bbsId=BBSMSTR_000000000201&pageIndex=1,2024,유,미부착,,개방 가능,공공누리 1유형,,,O,,,,,고시·공고,
20,세종학당재단,HOME > 알림마당 > 계약정보,계약정보,[입찰공고] 세종학당 교육자료 디자인 재편집 및 다국어판 추가 개발 (긴급공고),https://ksif.or.kr/cop/bbs/selectBoardArticle.do?nttId=9220000006032&bbsId=BBSMSTR_000000000201&pageIndex=1,2024,유,미부착,,개방 가능,공공누리 1유형,,,O,,,,,고시·공고,
21,세종학당재단,HOME > 알림마당 > 계약정보,계약정보,[입찰공고] 2024년 파견교원 현지어 학습 지원 (긴급공고),https://ksif.or.kr/cop/bbs/selectBoardArticle.do?nttId=9220000006021&bbsId=BBSMSTR_000000000201&pageIndex=1,2024,유,미부착,,개방 가능,공공누리 1유형,,,O,,,,,고시·공고,
22,세종학당재단,HOME > 알림마당 > 계약정보,계약정보,[입찰공고] 2024년 세종학당 성취도 평가 운영 (재공고),https://ksif.or.kr/cop/bbs/selectBoardArticle.do?nttId=9220000006016&bbsId=BBSMSTR_000000000201&pageIndex=1,2024,유,미부착,,개방 가능,공공누리 1유형,,,O,,,,,고시·공고,
23,세종학당재단,HOME > 알림마당 > 계약정보,계약정보,[입찰공고] 2024년 세종학당 케이(K)-콘텐츠 개발 (긴급공고),https://ksif.or.kr/cop/bbs/selectBoardArticle.do?nttId=9220000006015&bbsId=BBSMSTR_000000000201&pageIndex=1,2024,유,미부착,,개방 가능,공공누리 1유형,,,O,,,,,고시·공고,
24,세종학당재단,HOME > 알림마당 > 계약정보,계약정보,[입찰공고] 세종한국문화 교재 재개발 (긴급공고) (재공고),https://ksif.or.kr/cop/bbs/selectBoardArticle.do?nttId=9220000006009&bbsId=BBSMSTR_000000000201&pageIndex=1,2024,유,미부착,,개방 가능,공공누리 1유형,,,O,,,,,고시·공고,
25,세종학당재단,HOME > 알림마당 > 계약정보,계약정보,[입찰공고] 세종학당재단 교원연수시스템 운영 방향 수립 연구,https://ksif.or.kr/cop/bbs/selectBoardArticle.do?nttId=9220000006007&bbsId=BBSMSTR_000000000201&pageIndex=1,2024,유,미부착,,개방 가능,공공누리 1유형,,,O,,,,,고시·공고,
26,세종학당재단,HOME > 알림마당 > 계약정보,계약정보,[입찰공고] 세종학당 통번역과정 교원 양성 콘텐츠 개발 (긴급공고),https://ksif.or.kr/cop/bbs/selectBoardArticle.do?nttId=9220000006006&bbsId=BBSMSTR_000000000201&pageIndex=1,2024,유,미부착,,개방 가능,공공누리 1유형,,,O,,,,,고시·공고,
27,세종학당재단,HOME > 알림마당 > 계약정보,계약정보,[입찰공고] 세종학당 교원용 교수학습 보조자료 개발 (긴급공고),https://ksif.or.kr/cop/bbs/selectBoardArticle.do?nttId=9220000006005&bbsId=BBSMSTR_000000000201&pageIndex=1,2024,유,미부착,,개방 가능,공공누리 1유형,,,O,,,,,고시·공고,
28,세종학당재단,HOME > 알림마당 > 계약정보,계약정보,[입찰공고] 2024년 단계적 적응형 세종한국어평가 개발 및 분석 (긴급공고),https://ksif.or.kr/cop/bbs/selectBoardArticle.do?nttId=9220000006004&bbsId=BBSMSTR_000000000201&pageIndex=1,2024,유,미부착,,개방 가능,공공누리 1유형,,,O,,,,,고시·공고,
29,세종학당재단,HOME > 알림마당 > 계약정보,계약정보,[입찰공고] 2024년 세종학당 통번역 과정 현지 시범운영 (긴급공고) (재공고),https://ksif.or.kr/cop/bbs/selectBoardArticle.do?nttId=9220000006003&bbsId=BBSMSTR_000000000201&pageIndex=1,2024,유,미부착,,개방 가능,공공누리 1유형,,,O,,,,,고시·공고,
30,세종학당재단,HOME > 알림마당 > 계약정보,계약정보,[입찰공고] 2024년 세종한국어평가(SKA) 시행 결과 분석,https://ksif.or.kr/cop/bbs/selectBoardArticle.do?nttId=9220000006002&bbsId=BBSMSTR_000000000201&pageIndex=1,2024,유,미부착,,개방 가능,공공누리 1유형,,,O,,,,,고시·공고,
31,세종학당재단,HOME > 알림마당 > 계약정보,계약정보,[입찰공고] 세종학당 학문 목적 한국어 교육과정 연구,https://ksif.or.kr/cop/bbs/selectBoardArticle.do?nttId=9220000005999&bbsId=BBSMSTR_000000000201&pageIndex=1,2024,유,미부착,,개방 가능,공공누리 1유형,,,O,,,,,고시·공고,
32,세종학당재단,HOME > 알림마당 > 계약정보,계약정보,[입찰공고] 2024년 세종한국어평가(SKA) 시행 및 운영 (긴급공고),https://ksif.or.kr/cop/bbs/selectBoardArticle.do?nttId=9220000005982&bbsId=BBSMSTR_000000000201&pageIndex=1,2024,유,미부착,,개방 가능,공공누리 1유형,,,O,,,,,고시·공고,
33,세종학당재단,HOME > 알림마당 > 계약정보,계약정보,[입찰공고] 해외 한국어교원 전문 채점자 양성과정 운영 및 채점 (긴급공고),https://ksif.or.kr/cop/bbs/selectBoardArticle.do?nttId=9220000005981&bbsId=BBSMSTR_000000000201&pageIndex=1,2024,유,미부착,,개방 가능,공공누리 1유형,,,O,,,,,고시·공고,
34,세종학당재단,HOME > 알림마당 > 계약정보,계약정보,[입찰공고] 2024년 세종학당재단 홍보자료 제작 및 배포 (긴급공고),https://ksif.or.kr/cop/bbs/selectBoardArticle.do?nttId=9220000005980&bbsId=BBSMSTR_000000000201&pageIndex=1,2024,유,미부착,,개방 가능,공공누리 1유형,,,O,,,,,고시·공고,
35,세종학당재단,HOME > 알림마당 > 계약정보,계약정보,[입찰공고] 2024년 세종한국어평가(SKA) 출제,https://ksif.or.kr/cop/bbs/selectBoardArticle.do?nttId=9220000005979&bbsId=BBSMSTR_000000000201&pageIndex=1,2024,유,미부착,,개방 가능,공공누리 1유형,,,O,,,,,고시·공고,
36,세종학당재단,HOME > 알림마당 > 계약정보,계약정보,[입찰공고] 2024년 세종학당 성취도 평가 운영 (긴급공고),https://ksif.or.kr/cop/bbs/selectBoardArticle.do?nttId=9220000005978&bbsId=BBSMSTR_000000000201&pageIndex=1,2024,유,미부착,,개방 가능,공공누리 1유형,,,O,,,,,고시·공고,
37,세종학당재단,HOME > 알림마당 > 계약정보,계약정보,[입찰공고] 세종학당 비즈니스 한국어 교재 재개발,https://ksif.or.kr/cop/bbs/selectBoardArticle.do?nttId=9220000005977&bbsId=BBSMSTR_000000000201&pageIndex=1,2024,유,미부착,,개방 가능,공공누리 1유형,,,O,,,,,고시·공고,
38,세종학당재단,HOME > 알림마당 > 계약정보,계약정보,[입찰공고] 세종한국문화 교재 재개발 (긴급공고),https://ksif.or.kr/cop/bbs/selectBoardArticle.do?nttId=9220000005976&bbsId=BBSMSTR_000000000201&pageIndex=1,2024,유,미부착,,개방 가능,공공누리 1유형,,,O,,,,,고시·공고,
39,세종학당재단,HOME > 알림마당 > 계약정보,계약정보,[입찰공고] 2024년 세종학당 통번역 과정 현지 시범운영 (긴급공고),https://ksif.or.kr/cop/bbs/selectBoardArticle.do?nttId=9220000005974&bbsId=BBSMSTR_000000000201&pageIndex=1,2024,유,미부착,,개방 가능,공공누리 1유형,,,O,,,,,고시·공고,
40,세종학당재단,HOME > 알림마당 > 계약정보,계약정보,2024년 세종학당재단 연간 발주계획 공고,https://ksif.or.kr/cop/bbs/selectBoardArticle.do?nttId=9220000005936&bbsId=BBSMSTR_000000000201&pageIndex=1,2024,유,미부착,,개방 가능,공공누리 1유형,,,O,,,,,고시·공고,
41,세종학당재단,HOME > 알림마당 > 계약정보,계약정보,[입찰공고] 2024년 해외 긴급 안전관리 서비스 (긴급공고),https://ksif.or.kr/cop/bbs/selectBoardArticle.do?nttId=9220000005935&bbsId=BBSMSTR_000000000201&pageIndex=1,2024,무,미부착,,개방 가능,공공누리 1유형,,,O,,,,,고시·공고,
42,세종학당재단,HOME > 알림마당 > 계약정보,계약정보,[입찰공고] 2024년 파견교원 사업 운영 관련 노무 지원,https://ksif.or.kr/cop/bbs/selectBoardArticle.do?nttId=9220000005884&bbsId=BBSMSTR_000000000201&pageIndex=1,2024,유,미부착,,개방 가능,공공누리 1유형,,,O,,,,,고시·공고,
43,세종학당재단,HOME > 알림마당 > 계약정보,계약정보,[입찰공고] 2024년 온라인 세종학당 교육과정 운영 (긴급공고),https://ksif.or.kr/cop/bbs/selectBoardArticle.do?nttId=9220000005791&bbsId=BBSMSTR_000000000201&pageIndex=1,2023,유,미부착,,개방 가능,공공누리 1유형,,,O,,,,,고시·공고,
44,세종학당재단,HOME > 알림마당 > 계약정보,계약정보,[입찰공고] 누리소통망(SNS) 기반 콘텐츠 보급 및 운영 활성화 (긴급공고),https://ksif.or.kr/cop/bbs/selectBoardArticle.do?nttId=9220000005741&bbsId=BBSMSTR_000000000201&pageIndex=1,2023,유,미부착,,개방 가능,공공누리 1유형,,,O,,,,,고시·공고,
45,세종학당재단,HOME > 알림마당 > 계약정보,계약정보,[입찰공고] 2024년 세종학당 통합업무관리시스템 운영·유지관리 및 기능 보완 (긴급공고),https://ksif.or.kr/cop/bbs/selectBoardArticle.do?nttId=9220000005739&bbsId=BBSMSTR_000000000201&pageIndex=1,2023,유,미부착,,개방 가능,공공누리 1유형,,,O,,,,,고시·공고,
46,세종학당재단,HOME > 알림마당 > 계약정보,계약정보,"[입찰공고] 2024년 세종학당재단 온라인 서비스 통합 운영, 유지관리 및 서비스 개선 (긴급공고)",https://ksif.or.kr/cop/bbs/selectBoardArticle.do?nttId=9220000005728&bbsId=BBSMSTR_000000000201&pageIndex=1,2023,유,미부착,,개방 가능,공공누리 1유형,,,O,,,,,고시·공고,
47,세종학당재단,HOME > 알림마당 > 계약정보,계약정보,[입찰공고] 2024년 메타버스 세종학당 운영 (긴급공고),https://ksif.or.kr/cop/bbs/selectBoardArticle.do?nttId=9220000005727&bbsId=BBSMSTR_000000000201&pageIndex=1,2023,유,미부착,,개방 가능,공공누리 1유형,,,O,,,,,고시·공고,
48,세종학당재단,HOME > 알림마당 > 계약정보,계약정보,[입찰공고] 2024년 상반기 국외 파견 한국어 교원 선발 및 교육 지원 용역 (긴급공고),https://ksif.or.kr/cop/bbs/selectBoardArticle.do?nttId=9220000005723&bbsId=BBSMSTR_000000000201&pageIndex=1,2023,유,미부착,,개방 가능,공공누리 1유형,,,O,,,,,고시·공고,
49,세종학당재단,HOME > 알림마당 > 계약정보,계약정보,[입찰공고] 2023년 세종학당재단 한국어 파견 인턴 교원 설명회 운영 용역,https://ksif.or.kr/cop/bbs/selectBoardArticle.do?nttId=9220000005696&bbsId=BBSMSTR_000000000201&pageIndex=1,2023,유,미부착,,개방 가능,공공누리 1유형,,,O,,,,,고시·공고,
50,세종학당재단,HOME > 알림마당 > 계약정보,계약정보,[입찰공고] 2023 찾아가는 세종문화아카데미 (긴급공고),https://ksif.or.kr/cop/bbs/selectBoardArticle.do?nttId=9220000005678&bbsId=BBSMSTR_000000000201&pageIndex=1,2023,유,미부착,,개방 가능,공공누리 1유형,,,O,,,,,고시·공고,
51,세종학당재단,HOME > 알림마당 > 계약정보,계약정보,[견적공고] 2023년 세종문화아카데미 사업비 정산 사업,https://ksif.or.kr/cop/bbs/selectBoardArticle.do?nttId=9220000005662&bbsId=BBSMSTR_000000000201&pageIndex=1,2023,유,미부착,,개방 가능,공공누리 1유형,,,O,,,,,고시·공고,
52,세종학당재단,HOME > 알림마당 > 계약정보,계약정보,[입찰공고] 세종학당 한국어 교육자료 명칭 현행화 및 디자인 재편집,https://ksif.or.kr/cop/bbs/selectBoardArticle.do?nttId=9220000005658&bbsId=BBSMSTR_000000000201&pageIndex=1,2023,유,미부착,,개방 가능,공공누리 1유형,,,O,,,,,고시·공고,
53,세종학당재단,HOME > 알림마당 > 계약정보,계약정보,[입찰공고] 해외 거점 세종학당 지도 점검 용역 (긴급공고),https://ksif.or.kr/cop/bbs/selectBoardArticle.do?nttId=9220000005631&bbsId=BBSMSTR_000000000201&pageIndex=1,2023,유,미부착,,개방 가능,공공누리 1유형,,,O,,,,,고시·공고,
54,세종학당재단,HOME > 알림마당 > 계약정보,계약정보,[입찰공고] 최신 정보기술 분석 및 세종학당 교육 적용 방안 연구,https://ksif.or.kr/cop/bbs/selectBoardArticle.do?nttId=9220000005535&bbsId=BBSMSTR_000000000201&pageIndex=1,2023,유,미부착,,개방 가능,공공누리 1유형,,,O,,,,,고시·공고,
55,세종학당재단,HOME > 알림마당 > 계약정보,계약정보,[입찰공고] 단계적 적응형 세종한국어평가 시스템 고도화 (긴급공고),https://ksif.or.kr/cop/bbs/selectBoardArticle.do?nttId=9220000005534&bbsId=BBSMSTR_000000000201&pageIndex=1,2023,유,미부착,,개방 가능,공공누리 1유형,,,O,,,,,고시·공고,
56,세종학당재단,HOME > 알림마당 > 계약정보,계약정보,[입찰공고] 2023년 재외공관 한글날 행사 지원 사업 (긴급공고),https://ksif.or.kr/cop/bbs/selectBoardArticle.do?nttId=9220000005452&bbsId=BBSMSTR_000000000201&pageIndex=1,2023,유,미부착,,개방 가능,공공누리 1유형,,,O,,,,,고시·공고,
57,세종학당재단,HOME > 알림마당 > 계약정보,계약정보,[입찰공고] 세종학당 성취도 평가 문제은행 시스템 유지관리 (긴급공고),https://ksif.or.kr/cop/bbs/selectBoardArticle.do?nttId=9220000005424&bbsId=BBSMSTR_000000000201&pageIndex=1,2023,유,미부착,,개방 가능,공공누리 1유형,,,O,,,,,고시·공고,
58,세종학당재단,HOME > 알림마당 > 계약정보,계약정보,[입찰공고] 파견교원 등 직무중심 보수체계 구축을 위한 직무분석 용역 (긴급공고),https://ksif.or.kr/cop/bbs/selectBoardArticle.do?nttId=9220000005396&bbsId=BBSMSTR_000000000201&pageIndex=1,2023,유,미부착,,개방 가능,공공누리 1유형,,,O,,,,,고시·공고,
59,세종학당재단,HOME > 알림마당 > 계약정보,계약정보,[입찰공고] 메타버스 활용 한국어 수업 기본모형 연구 개발 (긴급공고),https://ksif.or.kr/cop/bbs/selectBoardArticle.do?nttId=9220000005391&bbsId=BBSMSTR_000000000201&pageIndex=1,2023,유,미부착,,개방 가능,공공누리 1유형,,,O,,,,,고시·공고,
60,세종학당재단,HOME > 알림마당 > 계약정보,계약정보,[입찰공고] 2023년 세종학당 만족도 조사 용역 (긴급공고),https://ksif.or.kr/cop/bbs/selectBoardArticle.do?nttId=9220000005377&bbsId=BBSMSTR_000000000201&pageIndex=1,2023,유,미부착,,개방 가능,공공누리 1유형,,,O,,,,,고시·공고,
61,세종학당재단,HOME > 알림마당 > 계약정보,계약정보,[입찰공고] 2023 세종학당 우수학습자 초청 연수 (긴급공고),https://ksif.or.kr/cop/bbs/selectBoardArticle.do?nttId=9220000005372&bbsId=BBSMSTR_000000000201&pageIndex=1,2023,유,미부착,,개방 가능,공공누리 1유형,,,O,,,,,고시·공고,
62,세종학당재단,HOME > 알림마당 > 계약정보,계약정보,[입찰공고] 2023년 세종학당 교육자료 인쇄 보급 (긴급공고),https://ksif.or.kr/cop/bbs/selectBoardArticle.do?nttId=9220000005368&bbsId=BBSMSTR_000000000201&pageIndex=1,2023,유,미부착,,개방 가능,공공누리 1유형,,,O,,,,,고시·공고,
63,세종학당재단,HOME > 알림마당 > 계약정보,계약정보,[입찰공고] 세종학당재단 스마트러닝 서비스 체계 개편 (긴급공고),https://ksif.or.kr/cop/bbs/selectBoardArticle.do?nttId=9220000005366&bbsId=BBSMSTR_000000000201&pageIndex=1,2023,유,미부착,,개방 가능,공공누리 1유형,,,O,,,,,고시·공고,
64,세종학당재단,HOME > 알림마당 > 계약정보,계약정보,[입찰공고] 2023년 세종학당 문화인턴 파견 사업,https://ksif.or.kr/cop/bbs/selectBoardArticle.do?nttId=9220000005365&bbsId=BBSMSTR_000000000201&pageIndex=1,2023,유,미부착,,개방 가능,공공누리 1유형,,,O,,,,,고시·공고,
65,세종학당재단,HOME > 알림마당 > 계약정보,계약정보,[입찰공고] 2023년 세종학당재단 온·오프라인 홍보자료 제작 및 배포 (긴급공고),https://ksif.or.kr/cop/bbs/selectBoardArticle.do?nttId=9220000005364&bbsId=BBSMSTR_000000000201&pageIndex=1,2023,유,미부착,,개방 가능,공공누리 1유형,,,O,,,,,고시·공고,
66,세종학당재단,HOME > 알림마당 > 계약정보,계약정보,[입찰공고] 2023년 세종학당 사업비 정산 용역,https://ksif.or.kr/cop/bbs/selectBoardArticle.do?nttId=9220000005360&bbsId=BBSMSTR_000000000201&pageIndex=1,2023,유,미부착,,개방 가능,공공누리 1유형,,,O,,,,,고시·공고,
67,세종학당재단,HOME > 알림마당 > 계약정보,계약정보,[입찰공고] 2023 세계한국어교육자대회 (긴급공고),https://ksif.or.kr/cop/bbs/selectBoardArticle.do?nttId=9220000005334&bbsId=BBSMSTR_000000000201&pageIndex=1,2023,유,미부착,,개방 가능,공공누리 1유형,,,O,,,,,고시·공고,
68,세종학당재단,HOME > 알림마당 > 계약정보,계약정보,[입찰공고] 세종학당 통번역 과정 교원 양성 과정 및 콘텐츠 개발 (긴급공고) (정정공고),https://ksif.or.kr/cop/bbs/selectBoardArticle.do?nttId=9220000005332&bbsId=BBSMSTR_000000000201&pageIndex=1,2023,유,미부착,,개방 가능,공공누리 1유형,,,O,,,,,고시·공고,
69,세종학당재단,HOME > 알림마당 > 계약정보,계약정보,"[입찰공고] 2023년 한국어 평가 말하기, 쓰기 자동 채점 연구",https://ksif.or.kr/cop/bbs/selectBoardArticle.do?nttId=9220000005330&bbsId=BBSMSTR_000000000201&pageIndex=1,2023,유,미부착,,개방 가능,공공누리 1유형,,,O,,,,,고시·공고,
70,세종학당재단,HOME > 알림마당 > 계약정보,계약정보,[입찰공고] 세종학당 통번역 과정 교원 양성 과정 및 콘텐츠 개발 (긴급공고),https://ksif.or.kr/cop/bbs/selectBoardArticle.do?nttId=9220000005329&bbsId=BBSMSTR_000000000201&pageIndex=1,2023,유,미부착,,개방 가능,공공누리 1유형,,,O,,,,,고시·공고,
71,세종학당재단,HOME > 알림마당 > 계약정보,계약정보,[입찰공고] 2023년 파견교원 사업 운영 업무지원 용역,https://ksif.or.kr/cop/bbs/selectBoardArticle.do?nttId=9220000005326&bbsId=BBSMSTR_000000000201&pageIndex=1,2023,유,미부착,,개방 가능,공공누리 1유형,,,O,,,,,고시·공고,
72,세종학당재단,HOME > 알림마당 > 계약정보,계약정보,[입찰공고] 2023년 세종학당 문화인턴 파견 사업 (긴급공고),https://ksif.or.kr/cop/bbs/selectBoardArticle.do?nttId=9220000005311&bbsId=BBSMSTR_000000000201&pageIndex=1,2023,유,미부착,,개방 가능,공공누리 1유형,,,O,,,,,고시·공고,
73,세종학당재단,HOME > 알림마당 > 계약정보,계약정보,[입찰공고] 2023년 세종학당재단 전시·홍보부스 조성 및 운영 (재공고),https://ksif.or.kr/cop/bbs/selectBoardArticle.do?nttId=9220000005300&bbsId=BBSMSTR_000000000201&pageIndex=1,2023,유,미부착,,개방 가능,공공누리 1유형,,,O,,,,,고시·공고,
74,세종학당재단,HOME > 알림마당 > 계약정보,계약정보,[입찰공고] 세종학당 성과 홍보 및 후원 확대 (재공고),https://ksif.or.kr/cop/bbs/selectBoardArticle.do?nttId=9220000005299&bbsId=BBSMSTR_000000000201&pageIndex=1,2023,유,미부착,,개방 가능,공공누리 1유형,,,O,,,,,고시·공고,
75,세종학당재단,HOME > 알림마당 > 계약정보,계약정보,[입찰공고] 세종학당 통번역 교육과정 현지 시범운영(2차) (긴급공고),https://ksif.or.kr/cop/bbs/selectBoardArticle.do?nttId=9220000005283&bbsId=BBSMSTR_000000000201&pageIndex=1,2023,유,미부착,,개방 가능,공공누리 1유형,,,O,,,,,고시·공고,
76,세종학당재단,HOME > 알림마당 > 계약정보,계약정보,[입찰공고] 2023년 세종학당 한국어교원 양성과정 운영 (재공고),https://ksif.or.kr/cop/bbs/selectBoardArticle.do?nttId=9220000005254&bbsId=BBSMSTR_000000000201&pageIndex=1,2023,유,미부착,,개방 가능,공공누리 1유형,,,O,,,,,고시·공고,
77,세종학당재단,HOME > 알림마당 > 계약정보,계약정보,[입찰공고] 2023년 세종학당 한류 콘텐츠 개발(긴급공고),https://ksif.or.kr/cop/bbs/selectBoardArticle.do?nttId=9220000005253&bbsId=BBSMSTR_000000000201&pageIndex=1,2023,유,미부착,,개방 가능,공공누리 1유형,,,O,,,,,고시·공고,
78,세종학당재단,HOME > 알림마당 > 계약정보,계약정보,"[입찰공고] 2023년 세종학당재단 온라인 서비스 통합 운영, 유지 관리 및 서비스 개선",https://ksif.or.kr/cop/bbs/selectBoardArticle.do?nttId=9220000005154&bbsId=BBSMSTR_000000000201&pageIndex=1,2023,유,미부착,,개방 가능,공공누리 1유형,,,O,,,,,고시·공고,
79,세종학당재단,HOME > 알림마당 > 계약정보,계약정보,[입찰공고] 세종학당 성과 홍보 및 후원 확대,https://ksif.or.kr/cop/bbs/selectBoardArticle.do?nttId=9220000005153&bbsId=BBSMSTR_000000000201&pageIndex=1,2023,유,미부착,,개방 가능,공공누리 1유형,,,O,,,,,고시·공고,
80,세종학당재단,HOME > 알림마당 > 계약정보,계약정보,[입찰공고] 2023년 세종학당재단 전시·홍보부스 조성 및 운영,https://ksif.or.kr/cop/bbs/selectBoardArticle.do?nttId=9220000005151&bbsId=BBSMSTR_000000000201&pageIndex=1,2023,유,미부착,,개방 가능,공공누리 1유형,,,O,,,,,고시·공고,
81,세종학당재단,HOME > 알림마당 > 계약정보,계약정보,[입찰공고] 세종학당 통번역과정 추가언어(4개) 교육자료 개발 (재공고),https://ksif.or.kr/cop/bbs/selectBoardArticle.do?nttId=9220000005143&bbsId=BBSMSTR_000000000201&pageIndex=1,2023,유,미부착,,개방 가능,공공누리 1유형,,,O,,,,,고시·공고,
82,세종학당재단,HOME > 알림마당 > 계약정보,계약정보,[입찰공고] 2023년 세종학당 운영평가 및 현장점검,https://ksif.or.kr/cop/bbs/selectBoardArticle.do?nttId=9220000005141&bbsId=BBSMSTR_000000000201&pageIndex=1,2023,유,미부착,,개방 가능,공공누리 1유형,,,O,,,,,고시·공고,
83,세종학당재단,HOME > 알림마당 > 계약정보,계약정보,[입찰공고] 2023년 세종학당 한국어교원 온라인 재교육 콘텐츠 개발,https://ksif.or.kr/cop/bbs/selectBoardArticle.do?nttId=9220000005121&bbsId=BBSMSTR_000000000201&pageIndex=1,2023,유,미부착,,개방 가능,공공누리 1유형,,,O,,,,,고시·공고,
84,세종학당재단,HOME > 알림마당 > 계약정보,계약정보,"[입찰공고] 2023년 세종학당재단 온라인 서비스 통합 운영, 유지 관리 및 서비스 개선 (긴급공고)",https://ksif.or.kr/cop/bbs/selectBoardArticle.do?nttId=9220000005111&bbsId=BBSMSTR_000000000201&pageIndex=1,2023,유,미부착,,개방 가능,공공누리 1유형,,,O,,,,,고시·공고,
85,세종학당재단,HOME > 알림마당 > 계약정보,계약정보,[입찰공고] 2023년 메타버스 세종학당 운영 및 콘텐츠 확대 (긴급공고),https://ksif.or.kr/cop/bbs/selectBoardArticle.do?nttId=9220000005110&bbsId=BBSMSTR_000000000201&pageIndex=1,2023,유,미부착,,개방 가능,공공누리 1유형,,,O,,,,,고시·공고,
86,세종학당재단,HOME > 알림마당 > 계약정보,계약정보,[입찰공고] 2023년 세종학당재단 교원연수센터 운영 (긴급공고) (재공고),https://ksif.or.kr/cop/bbs/selectBoardArticle.do?nttId=9220000005021&bbsId=BBSMSTR_000000000201&pageIndex=1,2023,유,미부착,,개방 가능,공공누리 1유형,,,O,,,,,고시·공고,
87,세종학당재단,HOME > 알림마당 > 계약정보,계약정보,[입찰공고] 누리소통망(SNS) 기반 콘텐츠 보급 및 홍보 활성화 (긴급공고),https://ksif.or.kr/cop/bbs/selectBoardArticle.do?nttId=9220000004944&bbsId=BBSMSTR_000000000201&pageIndex=1,2023,유,미부착,,개방 가능,공공누리 1유형,,,O,,,,,고시·공고,
88,세종학당재단,HOME > 알림마당 > 계약정보,계약정보,[입찰공고] 세종학당 통번역과정 추가언어(4개) 교육자료 개발 (긴급공고),https://ksif.or.kr/cop/bbs/selectBoardArticle.do?nttId=9220000004943&bbsId=BBSMSTR_000000000201&pageIndex=1,2023,유,미부착,,개방 가능,공공누리 1유형,,,O,,,,,고시·공고,
89,세종학당재단,HOME > 알림마당 > 계약정보,계약정보,[입찰공고] 계절근로자를 위한 기초 한국어 학습자료 개발,https://ksif.or.kr/cop/bbs/selectBoardArticle.do?nttId=9220000004933&bbsId=BBSMSTR_000000000201&pageIndex=1,2023,유,미부착,,개방 가능,공공누리 1유형,,,O,,,,,고시·공고,
90,세종학당재단,HOME > 알림마당 > 계약정보,계약정보,[입찰공고] 세종학당 성취도 평가 운영 지원 (긴급공고) (재공고),https://ksif.or.kr/cop/bbs/selectBoardArticle.do?nttId=9220000004932&bbsId=BBSMSTR_000000000201&pageIndex=1,2023,유,미부착,,개방 가능,공공누리 1유형,,,O,,,,,고시·공고,
91,세종학당재단,HOME > 알림마당 > 계약정보,계약정보,[입찰공고] 2023년 단계적 적응형 세종한국어평가 시험 개발,https://ksif.or.kr/cop/bbs/selectBoardArticle.do?nttId=9220000004930&bbsId=BBSMSTR_000000000201&pageIndex=1,2023,유,미부착,,개방 가능,공공누리 1유형,,,O,,,,,고시·공고,
92,세종학당재단,HOME > 알림마당 > 계약정보,계약정보,[입찰공고] 2023년 해외 한국어 평가 iBT 시행 (긴급공고),https://ksif.or.kr/cop/bbs/selectBoardArticle.do?nttId=9220000004929&bbsId=BBSMSTR_000000000201&pageIndex=1,2023,유,미부착,,개방 가능,공공누리 1유형,,,O,,,,,고시·공고,
93,세종학당재단,HOME > 알림마당 > 계약정보,계약정보,[입찰공고] 온라인 한국어 심화 교육과정 및 온라인 콘텐츠 개발 (긴급공고),https://ksif.or.kr/cop/bbs/selectBoardArticle.do?nttId=9220000004928&bbsId=BBSMSTR_000000000201&pageIndex=1,2023,유,미부착,,개방 가능,공공누리 1유형,,,O,,,,,고시·공고,
94,세종학당재단,HOME > 알림마당 > 계약정보,계약정보,[입찰공고] 2023년 세종한국어평가 시행 및 운영 (재공고),https://ksif.or.kr/cop/bbs/selectBoardArticle.do?nttId=9220000004927&bbsId=BBSMSTR_000000000201&pageIndex=1,2023,유,미부착,,개방 가능,공공누리 1유형,,,O,,,,,고시·공고,
95,세종학당재단,HOME > 알림마당 > 계약정보,계약정보,[입찰공고] 2023년 세종한국어평가(SKA) 문항 개발 및 고도화 (긴급공고) (재공고),https://ksif.or.kr/cop/bbs/selectBoardArticle.do?nttId=9220000004926&bbsId=BBSMSTR_000000000201&pageIndex=1,2023,유,미부착,,개방 가능,공공누리 1유형,,,O,,,,,고시·공고,
96,세종학당재단,HOME > 알림마당 > 계약정보,계약정보,[입찰공고] 2023년 세종학당재단 교원연수센터 운영 (긴급공고),https://ksif.or.kr/cop/bbs/selectBoardArticle.do?nttId=9220000004924&bbsId=BBSMSTR_000000000201&pageIndex=1,2023,유,미부착,,개방 가능,공공누리 1유형,,,O,,,,,고시·공고,
97,세종학당재단,HOME > 알림마당 > 계약정보,계약정보,[입찰공고] 2023년 온라인 세종학당 교육과정 운영 (긴급공고),https://ksif.or.kr/cop/bbs/selectBoardArticle.do?nttId=9220000004916&bbsId=BBSMSTR_000000000201&pageIndex=1,2023,유,미부착,,개방 가능,공공누리 1유형,,,O,,,,,고시·공고,
98,세종학당재단,HOME > 알림마당 > 계약정보,계약정보,[입찰공고] 2023년 세종학당 외국인 현지교원 한국어교육 컨설팅,https://ksif.or.kr/cop/bbs/selectBoardArticle.do?nttId=9220000004914&bbsId=BBSMSTR_000000000201&pageIndex=1,2023,유,미부착,,개방 가능,공공누리 1유형,,,O,,,,,고시·공고,
99,세종학당재단,HOME > 알림마당 > 계약정보,계약정보,[입찰공고] 2023년 세종학당 한국어교원 양성과정 운영,https://ksif.or.kr/cop/bbs/selectBoardArticle.do?nttId=9220000004911&bbsId=BBSMSTR_000000000201&pageIndex=1,2023,유,미부착,,개방 가능,공공누리 1유형,,,O,,,,,고시·공고,
100,세종학당재단,HOME > 알림마당 > 계약정보,계약정보,[입찰공고] 2023 세종학당 지역별 워크숍 운영 (긴급공고),https://ksif.or.kr/cop/bbs/selectBoardArticle.do?nttId=9220000004901&bbsId=BBSMSTR_000000000201&pageIndex=1,2023,유,미부착,,개방 가능,공공누리 1유형,,,O,,,,,고시·공고,
101,세종학당재단,HOME > 알림마당 > 계약정보,계약정보,[입찰공고] 2023년 세종한국어평가 시행 및 운영 (재공고),https://ksif.or.kr/cop/bbs/selectBoardArticle.do?nttId=9220000004900&bbsId=BBSMSTR_000000000201&pageIndex=1,2023,유,미부착,,개방 가능,공공누리 1유형,,,O,,,,,고시·공고,
102,세종학당재단,HOME > 알림마당 > 계약정보,계약정보,[입찰공고] 세종학당 성취도 평가 운영 지원 (긴급공고),https://ksif.or.kr/cop/bbs/selectBoardArticle.do?nttId=9220000004899&bbsId=BBSMSTR_000000000201&pageIndex=1,2023,유,미부착,,개방 가능,공공누리 1유형,,,O,,,,,고시·공고,
103,세종학당재단,HOME > 알림마당 > 계약정보,계약정보,[입찰공고] 해외 한국어평가 채점자 양성과정 운영 및 채점 시행 (긴급공고),https://ksif.or.kr/cop/bbs/selectBoardArticle.do?nttId=9220000004898&bbsId=BBSMSTR_000000000201&pageIndex=1,2023,유,미부착,,개방 가능,공공누리 1유형,,,O,,,,,고시·공고,
104,세종학당재단,HOME > 알림마당 > 계약정보,계약정보,[입찰공고] 2023년 세종한국어평가(SKA) 문항 개발 및 고도화 (긴급공고),https://ksif.or.kr/cop/bbs/selectBoardArticle.do?nttId=9220000004888&bbsId=BBSMSTR_000000000201&pageIndex=1,2023,유,미부착,,개방 가능,공공누리 1유형,,,O,,,,,고시·공고,
105,세종학당재단,HOME > 알림마당 > 계약정보,계약정보,[입찰공고] 2023년 세종학당재단 국외보건ㆍ안전 상시 관리 서비스 (긴급공고),https://ksif.or.kr/cop/bbs/selectBoardArticle.do?nttId=9220000004867&bbsId=BBSMSTR_000000000201&pageIndex=1,2023,유,미부착,,개방 가능,공공누리 1유형,,,O,,,,,고시·공고,
106,세종학당재단,HOME > 알림마당 > 계약정보,계약정보,[입찰공고] 2023년 세종한국어평가 시행 및 운영 (긴급공고),https://ksif.or.kr/cop/bbs/selectBoardArticle.do?nttId=9220000004866&bbsId=BBSMSTR_000000000201&pageIndex=1,2023,유,미부착,,개방 가능,공공누리 1유형,,,O,,,,,고시·공고,
107,세종학당재단,HOME > 알림마당 > 계약정보,계약정보,[입찰공고] 2023년 세종학당 통합업무관리시스템 운영·유지관리 (긴급공고) (재공고),https://ksif.or.kr/cop/bbs/selectBoardArticle.do?nttId=9220000004846&bbsId=BBSMSTR_000000000201&pageIndex=1,2023,유,미부착,,개방 가능,공공누리 1유형,,,O,,,,,고시·공고,
108,세종학당재단,HOME > 알림마당 > 계약정보,계약정보,2023년 세종학당재단 연간 계약 발주 계획 공고,https://ksif.or.kr/cop/bbs/selectBoardArticle.do?nttId=9220000004845&bbsId=BBSMSTR_000000000201&pageIndex=1,2023,유,미부착,,개방 가능,공공누리 1유형,,,O,,,,,고시·공고,
109,세종학당재단,HOME > 알림마당 > 계약정보,계약정보,[입찰공고] 2023년 세종학당 통합업무관리시스템 운영·유지관리 (긴급공고),https://ksif.or.kr/cop/bbs/selectBoardArticle.do?nttId=9220000004772&bbsId=BBSMSTR_000000000201&pageIndex=1,2023,유,미부착,,개방 가능,공공누리 1유형,,,O,,,,,고시·공고,
110,세종학당재단,HOME > 알림마당 > 계약정보,계약정보,[입찰공고] 파견 교원 평가 및 성과관리 체계 개선방안 수립 용역 (긴급공고),https://ksif.or.kr/cop/bbs/selectBoardArticle.do?nttId=9220000004705&bbsId=BBSMSTR_000000000201&pageIndex=1,2022,유,미부착,,개방 가능,공공누리 1유형,,,O,,,,,고시·공고,
111,세종학당재단,HOME > 알림마당 > 계약정보,계약정보,[입찰공고] 2022년 세종학당 감동 사례 공모전 (재공고),https://ksif.or.kr/cop/bbs/selectBoardArticle.do?nttId=9220000004654&bbsId=BBSMSTR_000000000201&pageIndex=1,2022,유,미부착,,개방 가능,공공누리 1유형,,,O,,,,,고시·공고,
112,세종학당재단,HOME > 알림마당 > 계약정보,계약정보,[입찰공고] 2022년 국외 파견교원 활동 평가에 따른 맞춤형 재교육 (긴급공고) (재공고),https://ksif.or.kr/cop/bbs/selectBoardArticle.do?nttId=9220000004648&bbsId=BBSMSTR_000000000201&pageIndex=1,2022,유,미부착,,개방 가능,공공누리 1유형,,,O,,,,,고시·공고,
113,세종학당재단,HOME > 알림마당 > 계약정보,계약정보,[입찰공고] 2022년 세종학당 감동 사례 공모전,https://ksif.or.kr/cop/bbs/selectBoardArticle.do?nttId=9220000004606&bbsId=BBSMSTR_000000000201&pageIndex=1,2022,유,미부착,,개방 가능,공공누리 1유형,,,O,,,,,고시·공고,
114,세종학당재단,HOME > 알림마당 > 계약정보,계약정보,[입찰공고] 세종문화아카데미 심화과정 개발 (긴급공고),https://ksif.or.kr/cop/bbs/selectBoardArticle.do?nttId=9220000004594&bbsId=BBSMSTR_000000000201&pageIndex=1,2022,유,미부착,,개방 가능,공공누리 1유형,,,O,,,,,고시·공고,
115,세종학당재단,HOME > 알림마당 > 계약정보,계약정보,[입찰공고] 2022년 국외 파견교원 활동 평가에 따른 맞춤형 재교육 (긴급공고),https://ksif.or.kr/cop/bbs/selectBoardArticle.do?nttId=9220000004571&bbsId=BBSMSTR_000000000201&pageIndex=1,2022,유,미부착,,개방 가능,공공누리 1유형,,,O,,,,,고시·공고,
116,세종학당재단,HOME > 알림마당 > 계약정보,계약정보,[입찰공고] 세종문화아카데미 문화교구 구입 및 배송,https://ksif.or.kr/cop/bbs/selectBoardArticle.do?nttId=9220000004561&bbsId=BBSMSTR_000000000201&pageIndex=1,2022,유,미부착,,개방 가능,공공누리 1유형,,,O,,,,,고시·공고,
117,세종학당재단,HOME > 알림마당 > 계약정보,계약정보,[입찰공고] 세종학당 운영인력에 적합한 지역별 비자 현황 조사 (재공고),https://ksif.or.kr/cop/bbs/selectBoardArticle.do?nttId=9220000004466&bbsId=BBSMSTR_000000000201&pageIndex=1,2022,무,미부착,,개방 가능,공공누리 1유형,,,O,,,,,고시·공고,
118,세종학당재단,HOME > 알림마당 > 계약정보,계약정보,[견적공고] 2022년 세종학당 예비 한국어 교원 설명회,https://ksif.or.kr/cop/bbs/selectBoardArticle.do?nttId=9220000004452&bbsId=BBSMSTR_000000000201&pageIndex=1,2022,유,미부착,,개방 가능,공공누리 1유형,,,O,,,,,고시·공고,
119,세종학당재단,HOME > 알림마당 > 계약정보,계약정보,[입찰공고] 세종학당 운영인력에 적합한 지역별 비자 현황 조사,https://ksif.or.kr/cop/bbs/selectBoardArticle.do?nttId=9220000004431&bbsId=BBSMSTR_000000000201&pageIndex=1,2022,유,미부착,,개방 가능,공공누리 1유형,,,O,,,,,고시·공고,
120,세종학당재단,HOME > 알림마당 > 계약정보,계약정보,[견적공고] 세종학당(CIS 지역) 통번역 과정 운영 워크숍 대행 용역,https://ksif.or.kr/cop/bbs/selectBoardArticle.do?nttId=9220000004429&bbsId=BBSMSTR_000000000201&pageIndex=1,2022,유,미부착,,개방 가능,공공누리 1유형,,,O,,,,,고시·공고,
121,세종학당재단,HOME > 알림마당 > 계약정보,계약정보,[입찰공고] 세종학당 통번역 과정 시범운영 및 표준 운영 모형 마련(1차),https://ksif.or.kr/cop/bbs/selectBoardArticle.do?nttId=9220000004314&bbsId=BBSMSTR_000000000201&pageIndex=1,2022,유,미부착,,개방 가능,공공누리 1유형,,,O,,,,,고시·공고,
122,세종학당재단,HOME > 알림마당 > 계약정보,계약정보,[입찰공고] 세종학당 운영인력에 적합한 지역별 비자 현황 조사,https://ksif.or.kr/cop/bbs/selectBoardArticle.do?nttId=9220000004298&bbsId=BBSMSTR_000000000201&pageIndex=1,2022,유,미부착,,개방 가능,공공누리 1유형,,,O,,,,,고시·공고,
123,세종학당재단,HOME > 알림마당 > 계약정보,계약정보,[입찰공고] 2022년 세종문화아카데미 홍보 사업 (긴급공고),https://ksif.or.kr/cop/bbs/selectBoardArticle.do?nttId=9220000004286&bbsId=BBSMSTR_000000000201&pageIndex=1,2022,유,미부착,,개방 가능,공공누리 1유형,,,O,,,,,고시·공고,
124,세종학당재단,HOME > 알림마당 > 계약정보,계약정보,[입찰공고] 2022년 세종학당재단 국외보건ㆍ안전 상시 관리 서비스,https://ksif.or.kr/cop/bbs/selectBoardArticle.do?nttId=9220000004263&bbsId=BBSMSTR_000000000201&pageIndex=1,2022,유,미부착,,개방 가능,공공누리 1유형,,,O,,,,,고시·공고,
125,세종학당재단,HOME > 알림마당 > 계약정보,계약정보,[입찰공고] 세종학당 통번역 과정 시범운영 및 표준 운영 모형 마련(1차),https://ksif.or.kr/cop/bbs/selectBoardArticle.do?nttId=9220000004251&bbsId=BBSMSTR_000000000201&pageIndex=1,2022,유,미부착,,개방 가능,공공누리 1유형,,,O,,,,,고시·공고,
126,세종학당재단,HOME > 알림마당 > 계약정보,계약정보,[입찰공고] 거점 세종학당 신규 진출 로드맵 조정 검토,https://ksif.or.kr/cop/bbs/selectBoardArticle.do?nttId=9220000004241&bbsId=BBSMSTR_000000000201&pageIndex=1,2022,유,미부착,,개방 가능,공공누리 1유형,,,O,,,,,고시·공고,
127,세종학당재단,HOME > 알림마당 > 계약정보,계약정보,[입찰공고] 세종학당 운영인력에 적합한 지역별 비자 현황 조사,https://ksif.or.kr/cop/bbs/selectBoardArticle.do?nttId=9220000004228&bbsId=BBSMSTR_000000000201&pageIndex=1,2022,유,미부착,,개방 가능,공공누리 1유형,,,O,,,,,고시·공고,
128,세종학당재단,HOME > 알림마당 > 계약정보,계약정보,[견적공고] 2022년 재외공관 한글날 행사 지원 사업,https://ksif.or.kr/cop/bbs/selectBoardArticle.do?nttId=9220000004214&bbsId=BBSMSTR_000000000201&pageIndex=1,2022,유,미부착,,개방 가능,공공누리 1유형,,,O,,,,,고시·공고,
129,세종학당재단,HOME > 알림마당 > 계약정보,계약정보,[입찰공고] 거점 세종학당 신규 진출 로드맵 조정 검토(재공고),https://ksif.or.kr/cop/bbs/selectBoardArticle.do?nttId=9220000004139&bbsId=BBSMSTR_000000000201&pageIndex=1,2022,유,미부착,,개방 가능,공공누리 1유형,,,O,,,,,고시·공고,
130,세종학당재단,HOME > 알림마당 > 계약정보,계약정보,[입찰공고] 거점 세종학당 신규 진출 로드맵 조정 검토,https://ksif.or.kr/cop/bbs/selectBoardArticle.do?nttId=9220000004116&bbsId=BBSMSTR_000000000201&pageIndex=1,2022,유,미부착,,개방 가능,공공누리 1유형,,,O,,,,,고시·공고,
131,세종학당재단,HOME > 알림마당 > 계약정보,계약정보,[견적공고] 2022년 세종문화아카데미 사업비 정산 사업,https://ksif.or.kr/cop/bbs/selectBoardArticle.do?nttId=9220000004115&bbsId=BBSMSTR_000000000201&pageIndex=1,2022,유,미부착,,개방 가능,공공누리 1유형,,,O,,,,,고시·공고,
132,세종학당재단,HOME > 알림마당 > 계약정보,계약정보,[입찰공고] 세종학당 현지전담교원 사업비 정산용역 (재공고),https://ksif.or.kr/cop/bbs/selectBoardArticle.do?nttId=9220000004100&bbsId=BBSMSTR_000000000201&pageIndex=1,2022,유,미부착,,개방 가능,공공누리 1유형,,,O,,,,,고시·공고,
133,세종학당재단,HOME > 알림마당 > 계약정보,계약정보,[입찰공고] 세종학당 성취도 평가 시스템 운영 지원 사업 (긴급공고),https://ksif.or.kr/cop/bbs/selectBoardArticle.do?nttId=9220000004091&bbsId=BBSMSTR_000000000201&pageIndex=1,2022,유,미부착,,개방 가능,공공누리 1유형,,,O,,,,,고시·공고,
134,세종학당재단,HOME > 알림마당 > 계약정보,계약정보,[입찰공고] 2022년 세종학당 우수학습자 초청 연수 (긴급공고),https://ksif.or.kr/cop/bbs/selectBoardArticle.do?nttId=9220000004068&bbsId=BBSMSTR_000000000201&pageIndex=1,2022,유,미부착,,개방 가능,공공누리 1유형,,,O,,,,,고시·공고,
135,세종학당재단,HOME > 알림마당 > 계약정보,계약정보,[입찰공고] 세종학당 미래비전 및 중장기 전략수립 연구,https://ksif.or.kr/cop/bbs/selectBoardArticle.do?nttId=9220000004066&bbsId=BBSMSTR_000000000201&pageIndex=1,2022,유,미부착,,개방 가능,공공누리 1유형,,,O,,,,,고시·공고,
136,세종학당재단,HOME > 알림마당 > 계약정보,계약정보,[입찰공고] 세종학당 한국어 기본 교재 현지화 (긴급공고) (재공고),https://ksif.or.kr/cop/bbs/selectBoardArticle.do?nttId=9220000004065&bbsId=BBSMSTR_000000000201&pageIndex=1,2022,유,미부착,,개방 가능,공공누리 1유형,,,O,,,,,고시·공고,
137,세종학당재단,HOME > 알림마당 > 계약정보,계약정보,[입찰공고] 세종학당 현지전담교원 사업비 정산용역,https://ksif.or.kr/cop/bbs/selectBoardArticle.do?nttId=9220000004059&bbsId=BBSMSTR_000000000201&pageIndex=1,2022,유,미부착,,개방 가능,공공누리 1유형,,,O,,,,,고시·공고,
138,세종학당재단,HOME > 알림마당 > 계약정보,계약정보,[입찰공고] 세종학당 브랜드 가치 향상을 위한 영상 콘텐츠 제작 (긴급공고) (재공고),https://ksif.or.kr/cop/bbs/selectBoardArticle.do?nttId=9220000004038&bbsId=BBSMSTR_000000000201&pageIndex=1,2022,유,미부착,,개방 가능,공공누리 1유형,,,O,,,,,고시·공고,
139,세종학당재단,HOME > 알림마당 > 계약정보,계약정보,[입찰공고] 2022 세종학당 지역별 워크숍 운영 (긴급공고),https://ksif.or.kr/cop/bbs/selectBoardArticle.do?nttId=9220000004037&bbsId=BBSMSTR_000000000201&pageIndex=1,2022,유,미부착,,개방 가능,공공누리 1유형,,,O,,,,,고시·공고,
140,세종학당재단,HOME > 알림마당 > 계약정보,계약정보,[입찰공고] 2022년 세종학당 문화인턴 파견 사업,https://ksif.or.kr/cop/bbs/selectBoardArticle.do?nttId=9220000004036&bbsId=BBSMSTR_000000000201&pageIndex=1,2022,유,미부착,,개방 가능,공공누리 1유형,,,O,,,,,고시·공고,
141,세종학당재단,HOME > 알림마당 > 계약정보,계약정보,"[입찰공고]메타버스 한국어, 한국문화 콘텐츠 개발 (긴급공고) (재공고)",https://ksif.or.kr/cop/bbs/selectBoardArticle.do?nttId=9220000004029&bbsId=BBSMSTR_000000000201&pageIndex=1,2022,유,미부착,,개방 가능,공공누리 1유형,,,O,,,,,고시·공고,
142,세종학당재단,HOME > 알림마당 > 계약정보,계약정보,[입찰공고] 2022년 세종학당 사업비 정산 용역 (긴급공고),https://ksif.or.kr/cop/bbs/selectBoardArticle.do?nttId=9220000004001&bbsId=BBSMSTR_000000000201&pageIndex=1,2022,유,미부착,,개방 가능,공공누리 1유형,,,O,,,,,고시·공고,
143,세종학당재단,HOME > 알림마당 > 계약정보,계약정보,"[입찰공고] 메타버스 한국어, 한국문화 콘텐츠 개발 (긴급공고)",https://ksif.or.kr/cop/bbs/selectBoardArticle.do?nttId=9220000003994&bbsId=BBSMSTR_000000000201&pageIndex=1,2022,유,미부착,,개방 가능,공공누리 1유형,,,O,,,,,고시·공고,
144,세종학당재단,HOME > 알림마당 > 계약정보,계약정보,[입찰공고] 인공지능(AI)기반 한국어 학습 지원 서비스 운영 및 기능 개선 (긴급공고),https://ksif.or.kr/cop/bbs/selectBoardArticle.do?nttId=9220000003993&bbsId=BBSMSTR_000000000201&pageIndex=1,2022,유,미부착,,개방 가능,공공누리 1유형,,,O,,,,,고시·공고,
145,세종학당재단,HOME > 알림마당 > 계약정보,계약정보,[입찰공고] 세종학당 한국어 기본 교재 현지화 (긴급공고),https://ksif.or.kr/cop/bbs/selectBoardArticle.do?nttId=9220000003992&bbsId=BBSMSTR_000000000201&pageIndex=1,2022,유,미부착,,개방 가능,공공누리 1유형,,,O,,,,,고시·공고,
146,세종학당재단,HOME > 알림마당 > 계약정보,계약정보,[입찰공고] 세종학당 브랜드 가치 향상을 위한 영상 콘텐츠 제작 (긴급공고),https://ksif.or.kr/cop/bbs/selectBoardArticle.do?nttId=9220000003977&bbsId=BBSMSTR_000000000201&pageIndex=1,2022,유,미부착,,개방 가능,공공누리 1유형,,,O,,,,,고시·공고,
147,세종학당재단,HOME > 알림마당 > 계약정보,계약정보,[입찰공고] 해외 한국어 평가 시스템 비대면 iBT 기능 도입 (긴급공고),https://ksif.or.kr/cop/bbs/selectBoardArticle.do?nttId=9220000003975&bbsId=BBSMSTR_000000000201&pageIndex=1,2022,유,미부착,,개방 가능,공공누리 1유형,,,O,,,,,고시·공고,
148,세종학당재단,HOME > 알림마당 > 계약정보,계약정보,[취고공고]해외 한국어 평가 시스템 비대면 iBT 기능 도입 (긴급공고) (취소공고),https://ksif.or.kr/cop/bbs/selectBoardArticle.do?nttId=9220000003974&bbsId=BBSMSTR_000000000201&pageIndex=1,2022,유,미부착,,개방 가능,공공누리 1유형,,,O,,,,,고시·공고,
149,세종학당재단,HOME > 알림마당 > 계약정보,계약정보,[입찰공고] 해외 한국어 평가 시스템 비대면 iBT 기능 도입 (긴급공고),https://ksif.or.kr/cop/bbs/selectBoardArticle.do?nttId=9220000003968&bbsId=BBSMSTR_000000000201&pageIndex=1,2022,유,미부착,,개방 가능,공공누리 1유형,,,O,,,,,고시·공고,
150,세종학당재단,HOME > 알림마당 > 계약정보,계약정보,[입찰공고]2022년 세종학당 운영평가 및 현장점검,https://ksif.or.kr/cop/bbs/selectBoardArticle.do?nttId=9220000003967&bbsId=BBSMSTR_000000000201&pageIndex=1,2022,유,미부착,,개방 가능,공공누리 1유형,,,O,,,,,고시·공고,
151,세종학당재단,HOME > 알림마당 > 계약정보,계약정보,[입찰공고]메타버스 세종학당 캠퍼스 구성 및 운영 (긴급공고),https://ksif.or.kr/cop/bbs/selectBoardArticle.do?nttId=9220000003950&bbsId=BBSMSTR_000000000201&pageIndex=1,2022,유,미부착,,개방 가능,공공누리 1유형,,,O,,,,,고시·공고,
152,세종학당재단,HOME > 알림마당 > 계약정보,계약정보,[입찰공고]2022년 세종한국어평가 국내외 평가 시행 사업 (긴급공고),https://ksif.or.kr/cop/bbs/selectBoardArticle.do?nttId=9220000003948&bbsId=BBSMSTR_000000000201&pageIndex=1,2022,유,미부착,,개방 가능,공공누리 1유형,,,O,,,,,고시·공고,
153,세종학당재단,HOME > 알림마당 > 계약정보,계약정보,[입찰공고]2022 세계한국어교육자대회 (긴급공고),https://ksif.or.kr/cop/bbs/selectBoardArticle.do?nttId=9220000003945&bbsId=BBSMSTR_000000000201&pageIndex=1,2022,유,미부착,,개방 가능,공공누리 1유형,,,O,,,,,고시·공고,
154,세종학당재단,HOME > 알림마당 > 계약정보,계약정보,[입찰공고]2022년 세종학당 운영평가 및 현장점검,https://ksif.or.kr/cop/bbs/selectBoardArticle.do?nttId=9220000003944&bbsId=BBSMSTR_000000000201&pageIndex=1,2022,유,미부착,,개방 가능,공공누리 1유형,,,O,,,,,고시·공고,
155,세종학당재단,HOME > 알림마당 > 계약정보,계약정보,[입찰공고]2022년 세종학당 한국어교원 양성과정 운영 (긴급공고),https://ksif.or.kr/cop/bbs/selectBoardArticle.do?nttId=9220000003943&bbsId=BBSMSTR_000000000201&pageIndex=1,2022,유,미부착,,개방 가능,공공누리 1유형,,,O,,,,,고시·공고,
156,세종학당재단,HOME > 알림마당 > 계약정보,계약정보,[입찰공고]2022년 세종학당 외국인 현지교원 한국어교육 컨설팅 (긴급공고),https://ksif.or.kr/cop/bbs/selectBoardArticle.do?nttId=9220000003904&bbsId=BBSMSTR_000000000201&pageIndex=1,2022,유,미부착,,개방 가능,공공누리 1유형,,,O,,,,,고시·공고,
157,세종학당재단,HOME > 알림마당 > 계약정보,계약정보,[입찰공고]해외 시행 한국어평가 채점자 양성과정 개발 및 운영 (긴급공고),https://ksif.or.kr/cop/bbs/selectBoardArticle.do?nttId=9220000003903&bbsId=BBSMSTR_000000000201&pageIndex=1,2022,유,미부착,,개방 가능,공공누리 1유형,,,O,,,,,고시·공고,
158,세종학당재단,HOME > 알림마당 > 계약정보,계약정보,[입찰공고]2022년 세종학당 파견교원 채용 대행 (재공고),https://ksif.or.kr/cop/bbs/selectBoardArticle.do?nttId=9220000003902&bbsId=BBSMSTR_000000000201&pageIndex=1,2022,유,미부착,,개방 가능,공공누리 1유형,,,O,,,,,고시·공고,
159,세종학당재단,HOME > 알림마당 > 계약정보,계약정보,[입찰공고]신남북방 지역 외국인 근로자용 한국어 교육자료 개발 및 다국어화 (긴급공고),https://ksif.or.kr/cop/bbs/selectBoardArticle.do?nttId=9220000003897&bbsId=BBSMSTR_000000000201&pageIndex=1,2022,유,미부착,,개방 가능,공공누리 1유형,,,O,,,,,고시·공고,
160,세종학당재단,HOME > 알림마당 > 계약정보,계약정보,[입찰공고]2022년 세종학당재단 교원연수센터 운영 용역 (긴급공고),https://ksif.or.kr/cop/bbs/selectBoardArticle.do?nttId=9220000003882&bbsId=BBSMSTR_000000000201&pageIndex=1,2022,유,미부착,,개방 가능,공공누리 1유형,,,O,,,,,고시·공고,
161,세종학당재단,HOME > 알림마당 > 계약정보,계약정보,[입찰공고]2022년 세종학당 교육자료 보급 (긴급공고),https://ksif.or.kr/cop/bbs/selectBoardArticle.do?nttId=9220000003877&bbsId=BBSMSTR_000000000201&pageIndex=1,2022,유,미부착,,개방 가능,공공누리 1유형,,,O,,,,,고시·공고,
162,세종학당재단,HOME > 알림마당 > 계약정보,계약정보,[입찰공고]2022년 세종학당 만족도 조사 용역 (긴급공고),https://ksif.or.kr/cop/bbs/selectBoardArticle.do?nttId=9220000003875&bbsId=BBSMSTR_000000000201&pageIndex=1,2022,유,미부착,,개방 가능,공공누리 1유형,,,O,,,,,고시·공고,
163,세종학당재단,HOME > 알림마당 > 계약정보,계약정보,[입찰공고]2022년 세종학당 파견교원 채용 대행 (긴급공고),https://ksif.or.kr/cop/bbs/selectBoardArticle.do?nttId=9220000003874&bbsId=BBSMSTR_000000000201&pageIndex=1,2022,유,미부착,,개방 가능,공공누리 1유형,,,O,,,,,고시·공고,
164,세종학당재단,HOME > 알림마당 > 계약정보,계약정보,[입찰공고]누리소통망(SNS) 기반 콘텐츠 보급 및 홍보 활성화 사업 (긴급공고),https://ksif.or.kr/cop/bbs/selectBoardArticle.do?nttId=9220000003873&bbsId=BBSMSTR_000000000201&pageIndex=1,2022,유,미부착,,개방 가능,공공누리 1유형,,,O,,,,,고시·공고,
165,세종학당재단,HOME > 알림마당 > 계약정보,계약정보,[입찰공고]한류스타 활용 세종학당 오리지널 웹드라마 개발 (긴급공고),https://ksif.or.kr/cop/bbs/selectBoardArticle.do?nttId=9220000003870&bbsId=BBSMSTR_000000000201&pageIndex=1,2022,유,미부착,,개방 가능,공공누리 1유형,,,O,,,,,고시·공고,
166,세종학당재단,HOME > 알림마당 > 계약정보,계약정보,[입찰공고]2022년 세종학당 한국어교원 온라인 재교육 콘텐츠 개발 (긴급공고),https://ksif.or.kr/cop/bbs/selectBoardArticle.do?nttId=9220000003855&bbsId=BBSMSTR_000000000201&pageIndex=1,2022,유,미부착,,개방 가능,공공누리 1유형,,,O,,,,,고시·공고,
167,세종학당재단,HOME > 알림마당 > 계약정보,계약정보,[입찰공고]2022년 단계적 적응형 세종한국어평가(SKA) 연구 및 개발 (긴급공고) (재공고),https://ksif.or.kr/cop/bbs/selectBoardArticle.do?nttId=9220000003840&bbsId=BBSMSTR_000000000201&pageIndex=1,2022,유,미부착,,개방 가능,공공누리 1유형,,,O,,,,,고시·공고,
168,세종학당재단,HOME > 알림마당 > 계약정보,계약정보,[입찰공고]2022년 온라인 세종학당 교육과정 운영 위탁 사업 (긴급공고),https://ksif.or.kr/cop/bbs/selectBoardArticle.do?nttId=9220000003834&bbsId=BBSMSTR_000000000201&pageIndex=1,2022,유,미부착,,개방 가능,공공누리 1유형,,,O,,,,,고시·공고,
169,세종학당재단,HOME > 알림마당 > 계약정보,계약정보,[입찰공고]시각장애인을 위한 한국어 초급 교육자료 제작,https://ksif.or.kr/cop/bbs/selectBoardArticle.do?nttId=9220000003832&bbsId=BBSMSTR_000000000201&pageIndex=1,2022,유,미부착,,개방 가능,공공누리 1유형,,,O,,,,,고시·공고,
170,세종학당재단,HOME > 알림마당 > 계약정보,계약정보,[입찰공고]2022년 세종학당재단 한국어 학습 앱 통합 운영 및 유지관리 (긴급공고),https://ksif.or.kr/cop/bbs/selectBoardArticle.do?nttId=9220000003820&bbsId=BBSMSTR_000000000201&pageIndex=1,2022,유,미부착,,개방 가능,공공누리 1유형,,,O,,,,,고시·공고,
171,세종학당재단,HOME > 알림마당 > 계약정보,계약정보,"[입찰공고]2022년 세종학당재단 온라인 서비스 통합 운영, 유지관리 및 서비스 개선 (긴급공고)",https://ksif.or.kr/cop/bbs/selectBoardArticle.do?nttId=9220000003817&bbsId=BBSMSTR_000000000201&pageIndex=1,2022,유,미부착,,개방 가능,공공누리 1유형,,,O,,,,,고시·공고,
172,세종학당재단,HOME > 알림마당 > 계약정보,계약정보,[입찰공고]러시아어권 세종학당 통번역과정 교재 개발(2차) (긴급공고),https://ksif.or.kr/cop/bbs/selectBoardArticle.do?nttId=9220000003816&bbsId=BBSMSTR_000000000201&pageIndex=1,2022,유,미부착,,개방 가능,공공누리 1유형,,,O,,,,,고시·공고,
173,세종학당재단,HOME > 알림마당 > 계약정보,계약정보,[입찰공고]2022년 신남북방 한국어 확산 수요 창출 관련 세종학당재단 종합 홍보물 제작 및 배포 (긴급공고) (재공고),https://ksif.or.kr/cop/bbs/selectBoardArticle.do?nttId=9220000003815&bbsId=BBSMSTR_000000000201&pageIndex=1,2022,유,미부착,,개방 가능,공공누리 1유형,,,O,,,,,고시·공고,
174,세종학당재단,HOME > 알림마당 > 계약정보,계약정보,[입찰공고]2022년 해외 한국어교육 현황 및 세종학당 역할 확대 방안 연구(3차) (긴급공고),https://ksif.or.kr/cop/bbs/selectBoardArticle.do?nttId=9220000003814&bbsId=BBSMSTR_000000000201&pageIndex=1,2022,유,미부착,,개방 가능,공공누리 1유형,,,O,,,,,고시·공고,
175,세종학당재단,HOME > 알림마당 > 계약정보,계약정보,[입찰공고]2022년 인공지능(AI) 활용 학습자 평가 자동 채점 연구,https://ksif.or.kr/cop/bbs/selectBoardArticle.do?nttId=9220000003812&bbsId=BBSMSTR_000000000201&pageIndex=1,2022,유,미부착,,개방 가능,공공누리 1유형,,,O,,,,,고시·공고,
176,세종학당재단,HOME > 알림마당 > 계약정보,계약정보,[입찰공고]중국어 몽골어권 세종학당 통번역과정 교재 개발(2차) (긴급공고),https://ksif.or.kr/cop/bbs/selectBoardArticle.do?nttId=9220000003811&bbsId=BBSMSTR_000000000201&pageIndex=1,2022,유,미부착,,개방 가능,공공누리 1유형,,,O,,,,,고시·공고,
177,세종학당재단,HOME > 알림마당 > 계약정보,계약정보,[입찰공고]2022년 정보시스템 인프라 통합 유지관리 및 운영 (긴급공고),https://ksif.or.kr/cop/bbs/selectBoardArticle.do?nttId=9220000003806&bbsId=BBSMSTR_000000000201&pageIndex=1,2022,유,미부착,,개방 가능,공공누리 1유형,,,O,,,,,고시·공고,
178,세종학당재단,HOME > 알림마당 > 계약정보,계약정보,[입찰공고]영어·힌디어권 세종학당 통번역과정 교재 개발(2차),https://ksif.or.kr/cop/bbs/selectBoardArticle.do?nttId=9220000003803&bbsId=BBSMSTR_000000000201&pageIndex=1,2022,유,미부착,,개방 가능,공공누리 1유형,,,O,,,,,고시·공고,
179,세종학당재단,HOME > 알림마당 > 계약정보,계약정보,[입찰공고]세종학당 온라인 교육과정 고도화 및 온라인교육 표준 모형 개발 연구,https://ksif.or.kr/cop/bbs/selectBoardArticle.do?nttId=9220000003802&bbsId=BBSMSTR_000000000201&pageIndex=1,2022,유,미부착,,개방 가능,공공누리 1유형,,,O,,,,,고시·공고,
180,세종학당재단,HOME > 알림마당 > 계약정보,계약정보,[입찰공고]2022년 단계적 적응형 세종한국어평가(SKA) 연구 및 개발 (긴급공고),https://ksif.or.kr/cop/bbs/selectBoardArticle.do?nttId=9220000003801&bbsId=BBSMSTR_000000000201&pageIndex=1,2022,유,미부착,,개방 가능,공공누리 1유형,,,O,,,,,고시·공고,
181,세종학당재단,HOME > 알림마당 > 계약정보,계약정보,[입찰공고]인도네시아어 태국어권 세종학당 통번역과정 교재 개발(2차) (긴급공고),https://ksif.or.kr/cop/bbs/selectBoardArticle.do?nttId=9220000003800&bbsId=BBSMSTR_000000000201&pageIndex=1,2022,유,미부착,,개방 가능,공공누리 1유형,,,O,,,,,고시·공고,
182,세종학당재단,HOME > 알림마당 > 계약정보,계약정보,[입찰공고]2022년 세종한국어평가(SKA) 연구 및 개발 (긴급공고),https://ksif.or.kr/cop/bbs/selectBoardArticle.do?nttId=9220000003789&bbsId=BBSMSTR_000000000201&pageIndex=1,2022,유,미부착,,개방 가능,공공누리 1유형,,,O,,,,,고시·공고,
183,세종학당재단,HOME > 알림마당 > 계약정보,계약정보,베트남어 미얀마어권 세종학당 통번역과정 교재 개발(2차) (긴급공고),https://ksif.or.kr/cop/bbs/selectBoardArticle.do?nttId=9220000003784&bbsId=BBSMSTR_000000000201&pageIndex=1,2022,유,미부착,,개방 가능,공공누리 1유형,,,O,,,,,고시·공고,
184,세종학당재단,HOME > 알림마당 > 계약정보,계약정보,2022년 세종학당 기본 교육과정 성취도 평가 문항 개발 (긴급공고),https://ksif.or.kr/cop/bbs/selectBoardArticle.do?nttId=9220000003783&bbsId=BBSMSTR_000000000201&pageIndex=1,2022,유,미부착,,개방 가능,공공누리 1유형,,,O,,,,,고시·공고,
185,세종학당재단,HOME > 알림마당 > 계약정보,계약정보,세종학당 성취도 평가 운영 체계 개선 및 활성화 사업 (긴급공고),https://ksif.or.kr/cop/bbs/selectBoardArticle.do?nttId=9220000003777&bbsId=BBSMSTR_000000000201&pageIndex=1,2022,유,미부착,,개방 가능,공공누리 1유형,,,O,,,,,고시·공고,
186,세종학당재단,HOME > 알림마당 > 계약정보,계약정보,2022년 신남북방 한국어 확산 수요 창출 관련 세종학당재단 종합 홍보물 제작 및 배포 (긴급공고),https://ksif.or.kr/cop/bbs/selectBoardArticle.do?nttId=9220000003765&bbsId=BBSMSTR_000000000201&pageIndex=1,2022,유,미부착,,개방 가능,공공누리 1유형,,,O,,,,,고시·공고,
187,세종학당재단,HOME > 알림마당 > 계약정보,계약정보,세종학당재단 창립 10주년 기념식 포럼 개최 및 홍보 운영 (긴급공고),https://ksif.or.kr/cop/bbs/selectBoardArticle.do?nttId=9220000003763&bbsId=BBSMSTR_000000000201&pageIndex=1,2022,유,미부착,,개방 가능,공공누리 1유형,,,O,,,,,고시·공고,
188,세종학당재단,HOME > 알림마당 > 계약정보,계약정보,[입찰공고]2022년 세종학당 통합업무관리 시스템 운영 유지관리 (긴급공고),https://ksif.or.kr/cop/bbs/selectBoardArticle.do?nttId=9220000003725&bbsId=BBSMSTR_000000000201&pageIndex=1,2022,유,미부착,,개방 가능,공공누리 1유형,,,O,,,,,고시·공고,
189,세종학당재단,HOME > 알림마당 > 계약정보,계약정보,2022년 세종학당재단 연간 계약 발주 계획 공고,https://ksif.or.kr/cop/bbs/selectBoardArticle.do?nttId=9220000003691&bbsId=BBSMSTR_000000000201&pageIndex=1,2022,유,미부착,,개방 가능,공공누리 1유형,,,O,,,,,고시·공고,
190,세종학당재단,HOME > 알림마당 > 계약정보,계약정보,[입찰공고]2021년 세종학당 문화강좌 우수사례 공모전 사업,https://ksif.or.kr/cop/bbs/selectBoardArticle.do?nttId=9220000003634&bbsId=BBSMSTR_000000000201&pageIndex=1,2021,유,미부착,,개방 가능,공공누리 1유형,,,O,,,,,고시·공고,
191,세종학당재단,HOME > 알림마당 > 계약정보,계약정보,[입찰공고]세종학당 한국어 교육자료 편집 제작 사업,https://ksif.or.kr/cop/bbs/selectBoardArticle.do?nttId=9220000003633&bbsId=BBSMSTR_000000000201&pageIndex=1,2021,유,미부착,,개방 가능,공공누리 1유형,,,O,,,,,고시·공고,
192,세종학당재단,HOME > 알림마당 > 계약정보,계약정보,[입찰공고]2021년 세종학당 전자도서관 전자자료 구매 사업,https://ksif.or.kr/cop/bbs/selectBoardArticle.do?nttId=9220000003612&bbsId=BBSMSTR_000000000201&pageIndex=1,2021,유,미부착,,개방 가능,공공누리 1유형,,,O,,,,,고시·공고,
193,세종학당재단,HOME > 알림마당 > 계약정보,계약정보,[입찰공고]세종학당재단 중장기 문화사업 발전전략 수립 연구 (긴급공고),https://ksif.or.kr/cop/bbs/selectBoardArticle.do?nttId=9220000003603&bbsId=BBSMSTR_000000000201&pageIndex=1,2021,유,미부착,,개방 가능,공공누리 1유형,,,O,,,,,고시·공고,
194,세종학당재단,HOME > 알림마당 > 계약정보,계약정보,[입찰공고]세종학당 교원 대상 교수학습 보조자료 제작 및 배송 (긴급공고),https://ksif.or.kr/cop/bbs/selectBoardArticle.do?nttId=9220000003571&bbsId=BBSMSTR_000000000201&pageIndex=1,2021,유,미부착,,개방 가능,공공누리 1유형,,,O,,,,,고시·공고,
195,세종학당재단,HOME > 알림마당 > 계약정보,계약정보,[입찰공고]세종학당 교원 교육자료 구입 및 배송 (긴급공고),https://ksif.or.kr/cop/bbs/selectBoardArticle.do?nttId=9220000003475&bbsId=BBSMSTR_000000000201&pageIndex=1,2021,유,미부착,,개방 가능,공공누리 1유형,,,O,,,,,고시·공고,
196,세종학당재단,HOME > 알림마당 > 계약정보,계약정보,[입찰공고]세종학당재단 파견교원 심리진단 프로그램,https://ksif.or.kr/cop/bbs/selectBoardArticle.do?nttId=9220000003465&bbsId=BBSMSTR_000000000201&pageIndex=1,2021,유,미부착,,개방 가능,공공누리 1유형,,,O,,,,,고시·공고,
197,세종학당재단,HOME > 알림마당 > 계약정보,계약정보,[입찰공고]현지 한국어교원 양성과정 콘텐츠 추가 개발 (긴급공고),https://ksif.or.kr/cop/bbs/selectBoardArticle.do?nttId=9220000003464&bbsId=BBSMSTR_000000000201&pageIndex=1,2021,유,미부착,,개방 가능,공공누리 1유형,,,O,,,,,고시·공고,
198,세종학당재단,HOME > 알림마당 > 계약정보,계약정보,[입찰공고]세종학당 교원 교육 온라인 콘텐츠 현지화 사업 (긴급공고),https://ksif.or.kr/cop/bbs/selectBoardArticle.do?nttId=9220000003453&bbsId=BBSMSTR_000000000201&pageIndex=1,2021,유,미부착,,개방 가능,공공누리 1유형,,,O,,,,,고시·공고,
199,세종학당재단,HOME > 알림마당 > 계약정보,계약정보,[입찰공고]2021년 세종학당 비대면 교육 현황 조사 및 교육 운영 컨설팅,https://ksif.or.kr/cop/bbs/selectBoardArticle.do?nttId=9220000003446&bbsId=BBSMSTR_000000000201&pageIndex=1,2021,유,미부착,,개방 가능,공공누리 1유형,,,O,,,,,고시·공고,
200,세종학당재단,HOME > 알림마당 > 계약정보,계약정보,[입찰공고]2021년 세종학당 통번역과정 비대면 워크숍 운영 대행 용역 (긴급공고),https://ksif.or.kr/cop/bbs/selectBoardArticle.do?nttId=9220000003428&bbsId=BBSMSTR_000000000201&pageIndex=1,2021,유,미부착,,개방 가능,공공누리 1유형,,,O,,,,,고시·공고,
201,세종학당재단,HOME > 알림마당 > 계약정보,계약정보,[입찰공고]2022년 상반기 세종학당 파견 교원 채용 대행 용역,https://ksif.or.kr/cop/bbs/selectBoardArticle.do?nttId=9220000003427&bbsId=BBSMSTR_000000000201&pageIndex=1,2021,유,미부착,,개방 가능,공공누리 1유형,,,O,,,,,고시·공고,
202,세종학당재단,HOME > 알림마당 > 계약정보,계약정보,[입찰공고]세종한국어평가 SKA 시스템 고도화,https://ksif.or.kr/cop/bbs/selectBoardArticle.do?nttId=9220000003401&bbsId=BBSMSTR_000000000201&pageIndex=1,2021,유,미부착,,개방 가능,공공누리 1유형,,,O,,,,,고시·공고,
203,세종학당재단,HOME > 알림마당 > 계약정보,계약정보,[입찰공고]2021 세종학당 비대면 문화인턴 운영,https://ksif.or.kr/cop/bbs/selectBoardArticle.do?nttId=9220000003400&bbsId=BBSMSTR_000000000201&pageIndex=1,2021,유,미부착,,개방 가능,공공누리 1유형,,,O,,,,,고시·공고,
204,세종학당재단,HOME > 알림마당 > 계약정보,계약정보,[입찰공고]2021년 세종학당 한국어교원 온라인 재교육 콘텐츠 개발,https://ksif.or.kr/cop/bbs/selectBoardArticle.do?nttId=9220000003124&bbsId=BBSMSTR_000000000201&pageIndex=1,2021,유,미부착,,개방 가능,공공누리 1유형,,,O,,,,,고시·공고,
205,세종학당재단,HOME > 알림마당 > 계약정보,계약정보,[입찰공고]2021년 정보시스템 인프라 확장(스토리지 신규 구축),https://ksif.or.kr/cop/bbs/selectBoardArticle.do?nttId=9220000003094&bbsId=BBSMSTR_000000000201&pageIndex=1,2021,유,미부착,,개방 가능,공공누리 1유형,,,O,,,,,고시·공고,
206,세종학당재단,HOME > 알림마당 > 계약정보,계약정보,[입찰공고]2021년 하반기 국내 세종한국어평가 SKA모의시험 운영,https://ksif.or.kr/cop/bbs/selectBoardArticle.do?nttId=9220000002843&bbsId=BBSMSTR_000000000201&pageIndex=1,2021,유,미부착,,개방 가능,공공누리 1유형,,,O,,,,,고시·공고,
207,세종학당재단,HOME > 알림마당 > 계약정보,계약정보,[입찰공고]세종학당 교수/학습 보조자료 개발 및 제작 (재공고),https://ksif.or.kr/cop/bbs/selectBoardArticle.do?nttId=9220000002821&bbsId=BBSMSTR_000000000201&pageIndex=1,2021,유,미부착,,개방 가능,공공누리 1유형,,,O,,,,,고시·공고,
208,세종학당재단,HOME > 알림마당 > 계약정보,계약정보,[입찰공고]2021년 재외공관 한글날 행사 지원,https://ksif.or.kr/cop/bbs/selectBoardArticle.do?nttId=9220000002807&bbsId=BBSMSTR_000000000201&pageIndex=1,2021,유,미부착,,개방 가능,공공누리 1유형,,,O,,,,,고시·공고,
209,세종학당재단,HOME > 알림마당 > 계약정보,계약정보,[입찰공고]2021년 하반기 국내 세종한국어평가 SKA모의시험 운영,https://ksif.or.kr/cop/bbs/selectBoardArticle.do?nttId=9220000002794&bbsId=BBSMSTR_000000000201&pageIndex=1,2021,유,미부착,,개방 가능,공공누리 1유형,,,O,,,,,고시·공고,
210,세종학당재단,HOME > 알림마당 > 계약정보,계약정보,[입찰공고]세종학당 한국어 읽기/쓰기 교육과정 및 교재 개발 (긴급공고),https://ksif.or.kr/cop/bbs/selectBoardArticle.do?nttId=9220000002793&bbsId=BBSMSTR_000000000201&pageIndex=1,2021,유,미부착,,개방 가능,공공누리 1유형,,,O,,,,,고시·공고,
211,세종학당재단,HOME > 알림마당 > 계약정보,계약정보,[입찰공고]세종학당 교수/학습 보조자료 개발 및 제작,https://ksif.or.kr/cop/bbs/selectBoardArticle.do?nttId=9220000002790&bbsId=BBSMSTR_000000000201&pageIndex=1,2021,유,미부착,,개방 가능,공공누리 1유형,,,O,,,,,고시·공고,
212,세종학당재단,HOME > 알림마당 > 계약정보,계약정보,[입찰공고]2021년 세종학당 한국어 교재 및 강의 콘텐츠 현지화 (긴급공고),https://ksif.or.kr/cop/bbs/selectBoardArticle.do?nttId=9220000002787&bbsId=BBSMSTR_000000000201&pageIndex=1,2021,유,미부착,,개방 가능,공공누리 1유형,,,O,,,,,고시·공고,
213,세종학당재단,HOME > 알림마당 > 계약정보,계약정보,[입찰공고]영어/힌디어 세종학당 통번역과정 교육과정·교재 개발 (긴급공고),https://ksif.or.kr/cop/bbs/selectBoardArticle.do?nttId=9220000002786&bbsId=BBSMSTR_000000000201&pageIndex=1,2021,유,미부착,,개방 가능,공공누리 1유형,,,O,,,,,고시·공고,
214,세종학당재단,HOME > 알림마당 > 계약정보,계약정보,[입찰공고]2021년 AR 한국어 교육 자료 개발 (재공고),https://ksif.or.kr/cop/bbs/selectBoardArticle.do?nttId=9220000002785&bbsId=BBSMSTR_000000000201&pageIndex=1,2021,유,미부착,,개방 가능,공공누리 1유형,,,O,,,,,고시·공고,
215,세종학당재단,HOME > 알림마당 > 계약정보,계약정보,[입찰공고]베트남어 외 신남방 지역 언어 세종학당 통번역과정 교육과정·교재 개발 (긴급공고),https://ksif.or.kr/cop/bbs/selectBoardArticle.do?nttId=9220000002770&bbsId=BBSMSTR_000000000201&pageIndex=1,2021,유,미부착,,개방 가능,공공누리 1유형,,,O,,,,,고시·공고,
216,세종학당재단,HOME > 알림마당 > 계약정보,계약정보,[입찰공고]2021년 AR 한국어 교육 자료 개발,https://ksif.or.kr/cop/bbs/selectBoardArticle.do?nttId=9220000002753&bbsId=BBSMSTR_000000000201&pageIndex=1,2021,유,미부착,,개방 가능,공공누리 1유형,,,O,,,,,고시·공고,
217,세종학당재단,HOME > 알림마당 > 계약정보,계약정보,[입찰공고]러시아어권 세종학당 통번역과정 교육과정·교재 개발 (긴급공고),https://ksif.or.kr/cop/bbs/selectBoardArticle.do?nttId=9220000002751&bbsId=BBSMSTR_000000000201&pageIndex=1,2021,유,미부착,,개방 가능,공공누리 1유형,,,O,,,,,고시·공고,
218,세종학당재단,HOME > 알림마당 > 계약정보,계약정보,[입찰공고]2021년 세종학당 온라인 동창회 조직 및 운영 사업,https://ksif.or.kr/cop/bbs/selectBoardArticle.do?nttId=9220000002750&bbsId=BBSMSTR_000000000201&pageIndex=1,2021,유,미부착,,개방 가능,공공누리 1유형,,,O,,,,,고시·공고,
219,세종학당재단,HOME > 알림마당 > 계약정보,계약정보,[입찰공고]2021년 재외공관 한글날 행사 지원,https://ksif.or.kr/cop/bbs/selectBoardArticle.do?nttId=9220000002749&bbsId=BBSMSTR_000000000201&pageIndex=1,2021,유,미부착,,개방 가능,공공누리 1유형,,,O,,,,,고시·공고,
220,세종학당재단,HOME > 알림마당 > 계약정보,계약정보,[입찰공고]중국어/몽골어 세종학당 통번역과정 교육과정·교재 개발 (긴급공고),https://ksif.or.kr/cop/bbs/selectBoardArticle.do?nttId=9220000002745&bbsId=BBSMSTR_000000000201&pageIndex=1,2021,유,미부착,,개방 가능,공공누리 1유형,,,O,,,,,고시·공고,
221,세종학당재단,HOME > 알림마당 > 계약정보,계약정보,[입찰공고]인도네시아어/태국어 세종학당 통번역과정 교육과정·교재 개발 (긴급공고),https://ksif.or.kr/cop/bbs/selectBoardArticle.do?nttId=9220000002744&bbsId=BBSMSTR_000000000201&pageIndex=1,2021,유,미부착,,개방 가능,공공누리 1유형,,,O,,,,,고시·공고,
222,세종학당재단,HOME > 알림마당 > 계약정보,계약정보,[입찰공고]2021 비대면 세종학당 우수학습자 행사 (긴급공고),https://ksif.or.kr/cop/bbs/selectBoardArticle.do?nttId=9220000002735&bbsId=BBSMSTR_000000000201&pageIndex=1,2021,유,미부착,,개방 가능,공공누리 1유형,,,O,,,,,고시·공고,
223,세종학당재단,HOME > 알림마당 > 계약정보,계약정보,[입찰공고]2021년 한국어·한국문화 교육자료 보급 (긴급공고) (재공고),https://ksif.or.kr/cop/bbs/selectBoardArticle.do?nttId=9220000002710&bbsId=BBSMSTR_000000000201&pageIndex=1,2021,유,미부착,,개방 가능,공공누리 1유형,,,O,,,,,고시·공고,
224,세종학당재단,HOME > 알림마당 > 계약정보,계약정보,[입찰공고]2021년 세종학당 온라인 동창회 조직 및 운영 사업,https://ksif.or.kr/cop/bbs/selectBoardArticle.do?nttId=9220000002709&bbsId=BBSMSTR_000000000201&pageIndex=1,2021,유,미부착,,개방 가능,공공누리 1유형,,,O,,,,,고시·공고,
225,세종학당재단,HOME > 알림마당 > 계약정보,계약정보,[입찰공고]2021년 온라인 학습 플랫폼 기능고도화 (긴급공고),https://ksif.or.kr/cop/bbs/selectBoardArticle.do?nttId=9220000002706&bbsId=BBSMSTR_000000000201&pageIndex=1,2021,유,미부착,,개방 가능,공공누리 1유형,,,O,,,,,고시·공고,
226,세종학당재단,HOME > 알림마당 > 계약정보,계약정보,[입찰공고]세종학당재단 파견교원 채용 및 인사관리시스템 구축 (긴급공고) (재공고),https://ksif.or.kr/cop/bbs/selectBoardArticle.do?nttId=9220000002704&bbsId=BBSMSTR_000000000201&pageIndex=1,2021,유,미부착,,개방 가능,공공누리 1유형,,,O,,,,,고시·공고,
227,세종학당재단,HOME > 알림마당 > 계약정보,계약정보,[입찰공고]세종학당 한국어 교육 기본 교재 개정,https://ksif.or.kr/cop/bbs/selectBoardArticle.do?nttId=9220000002702&bbsId=BBSMSTR_000000000201&pageIndex=1,2021,유,미부착,,개방 가능,공공누리 1유형,,,O,,,,,고시·공고,
228,세종학당재단,HOME > 알림마당 > 계약정보,계약정보,[입찰공고]2021년 세종학당 국내 운영기관 워크숍 운영,https://ksif.or.kr/cop/bbs/selectBoardArticle.do?nttId=9220000002697&bbsId=BBSMSTR_000000000201&pageIndex=1,2021,유,미부착,,개방 가능,공공누리 1유형,,,O,,,,,고시·공고,
229,세종학당재단,HOME > 알림마당 > 계약정보,계약정보,[입찰공고]2021년 세종학당 한국어 교원 양성과정 교육실습 운영,https://ksif.or.kr/cop/bbs/selectBoardArticle.do?nttId=9220000002676&bbsId=BBSMSTR_000000000201&pageIndex=1,2021,유,미부착,,개방 가능,공공누리 1유형,,,O,,,,,고시·공고,
230,세종학당재단,HOME > 알림마당 > 계약정보,계약정보,"[입찰공고]2021년 아메리카, 오세아니아 권역 온라인 세종학당 시범운영 (재공고)",https://ksif.or.kr/cop/bbs/selectBoardArticle.do?nttId=9220000002662&bbsId=BBSMSTR_000000000201&pageIndex=1,2021,유,미부착,,개방 가능,공공누리 1유형,,,O,,,,,고시·공고,
231,세종학당재단,HOME > 알림마당 > 계약정보,계약정보,[입찰공고]2021년 동남/동북아시아 권역 온라인 세종학당 시범운영 (재공고),https://ksif.or.kr/cop/bbs/selectBoardArticle.do?nttId=9220000002660&bbsId=BBSMSTR_000000000201&pageIndex=1,2021,유,미부착,,개방 가능,공공누리 1유형,,,O,,,,,고시·공고,
232,세종학당재단,HOME > 알림마당 > 계약정보,계약정보,[입찰공고]2021년 세종학당 학습자 만족도 및 운영관계자 의견 조사ㆍ분석 용역,https://ksif.or.kr/cop/bbs/selectBoardArticle.do?nttId=9220000002659&bbsId=BBSMSTR_000000000201&pageIndex=1,2021,유,미부착,,개방 가능,공공누리 1유형,,,O,,,,,고시·공고,
233,세종학당재단,HOME > 알림마당 > 계약정보,계약정보,[입찰공고]세종학당재단 파견교원 채용 및 인사관리시스템 구축 (긴급공고),https://ksif.or.kr/cop/bbs/selectBoardArticle.do?nttId=9220000002658&bbsId=BBSMSTR_000000000201&pageIndex=1,2021,유,미부착,,개방 가능,공공누리 1유형,,,O,,,,,고시·공고,
234,세종학당재단,HOME > 알림마당 > 계약정보,계약정보,[입찰공고]온라인 세종문화아카데미 홍보 및 행사 (재공고),https://ksif.or.kr/cop/bbs/selectBoardArticle.do?nttId=9220000002657&bbsId=BBSMSTR_000000000201&pageIndex=1,2021,유,미부착,,개방 가능,공공누리 1유형,,,O,,,,,고시·공고,
235,세종학당재단,HOME > 알림마당 > 계약정보,계약정보,[입찰공고]2021년 한국어·한국문화 교육자료 보급 (긴급공고),https://ksif.or.kr/cop/bbs/selectBoardArticle.do?nttId=9220000002656&bbsId=BBSMSTR_000000000201&pageIndex=1,2021,유,미부착,,개방 가능,공공누리 1유형,,,O,,,,,고시·공고,
236,세종학당재단,HOME > 알림마당 > 계약정보,계약정보,[입찰공고]인공지능(AI)   기반 한국어 학습 지원 서비스 운영 및 고도화,https://ksif.or.kr/cop/bbs/selectBoardArticle.do?nttId=9220000002655&bbsId=BBSMSTR_000000000201&pageIndex=1,2021,유,미부착,,개방 가능,공공누리 1유형,,,O,,,,,고시·공고,
237,세종학당재단,HOME > 알림마당 > 계약정보,계약정보,[입찰공고]2021년 현지 한국어교원 양성과정 지역별 시행(유럽),https://ksif.or.kr/cop/bbs/selectBoardArticle.do?nttId=9220000002641&bbsId=BBSMSTR_000000000201&pageIndex=1,2021,유,미부착,,개방 가능,공공누리 1유형,,,O,,,,,고시·공고,
238,세종학당재단,HOME > 알림마당 > 계약정보,계약정보,[입찰공고]2021년 현지 한국어교원 양성과정 지역별 시행(신북방),https://ksif.or.kr/cop/bbs/selectBoardArticle.do?nttId=9220000002640&bbsId=BBSMSTR_000000000201&pageIndex=1,2021,유,미부착,,개방 가능,공공누리 1유형,,,O,,,,,고시·공고,
239,세종학당재단,HOME > 알림마당 > 계약정보,계약정보,[입찰공고]2021년 현지 한국어교원 양성과정 지역별 시행(유럽) (취소공고),https://ksif.or.kr/cop/bbs/selectBoardArticle.do?nttId=9220000002639&bbsId=BBSMSTR_000000000201&pageIndex=1,2021,유,미부착,,개방 가능,공공누리 1유형,,,O,,,,,고시·공고,
240,세종학당재단,HOME > 알림마당 > 계약정보,계약정보,[입찰공고]2021년 현지 한국어교원 양성과정 지역별 시행(신남방),https://ksif.or.kr/cop/bbs/selectBoardArticle.do?nttId=9220000002638&bbsId=BBSMSTR_000000000201&pageIndex=1,2021,유,미부착,,개방 가능,공공누리 1유형,,,O,,,,,고시·공고,
241,세종학당재단,HOME > 알림마당 > 계약정보,계약정보,[입찰공고]2021년 세종학당 한국어 교육 전자도서관 구축 사업,https://ksif.or.kr/cop/bbs/selectBoardArticle.do?nttId=9220000002637&bbsId=BBSMSTR_000000000201&pageIndex=1,2021,유,미부착,,개방 가능,공공누리 1유형,,,O,,,,,고시·공고,
242,세종학당재단,HOME > 알림마당 > 계약정보,계약정보,[입찰공고]2021년 현지 한국어교원 양성과정 지역별 시행(신남방) (긴급공고) (취소공고),https://ksif.or.kr/cop/bbs/selectBoardArticle.do?nttId=9220000002636&bbsId=BBSMSTR_000000000201&pageIndex=1,2021,유,미부착,,개방 가능,공공누리 1유형,,,O,,,,,고시·공고,
243,세종학당재단,HOME > 알림마당 > 계약정보,계약정보,[입찰공고]2021년 현지 한국어교원 양성과정 지역별 시행(미주아프리카),https://ksif.or.kr/cop/bbs/selectBoardArticle.do?nttId=9220000002635&bbsId=BBSMSTR_000000000201&pageIndex=1,2021,유,미부착,,개방 가능,공공누리 1유형,,,O,,,,,고시·공고,
244,세종학당재단,HOME > 알림마당 > 계약정보,계약정보,[입찰공고]2021년 현지 한국어교원 양성과정 지역별 시행(미주아프리카) (긴급공고) (취소공고),https://ksif.or.kr/cop/bbs/selectBoardArticle.do?nttId=9220000002619&bbsId=BBSMSTR_000000000201&pageIndex=1,2021,무,미부착,,개방 가능,공공누리 1유형,,,O,,,,,고시·공고,
245,세종학당재단,HOME > 알림마당 > 계약정보,계약정보,[입찰공고]2021년 동남/동북아시아 권역 온라인 세종학당 시범운영,https://ksif.or.kr/cop/bbs/selectBoardArticle.do?nttId=9220000002618&bbsId=BBSMSTR_000000000201&pageIndex=1,2021,유,미부착,,개방 가능,공공누리 1유형,,,O,,,,,고시·공고,
246,세종학당재단,HOME > 알림마당 > 계약정보,계약정보,[입찰공고]사이버 한국어 입문 심화 교육과정 및 다국어 강좌 개발,https://ksif.or.kr/cop/bbs/selectBoardArticle.do?nttId=9220000002617&bbsId=BBSMSTR_000000000201&pageIndex=1,2021,유,미부착,,개방 가능,공공누리 1유형,,,O,,,,,고시·공고,
247,세종학당재단,HOME > 알림마당 > 계약정보,계약정보,[입찰공고]2021년 현지 한국어교원 양성과정 지역별 시행(신남방),https://ksif.or.kr/cop/bbs/selectBoardArticle.do?nttId=9220000002616&bbsId=BBSMSTR_000000000201&pageIndex=1,2021,유,미부착,,개방 가능,공공누리 1유형,,,O,,,,,고시·공고,
248,세종학당재단,HOME > 알림마당 > 계약정보,계약정보,"[입찰공고]2021년 러시아, 서남/중앙아시아 권역 온라인 세종학당 시범운영",https://ksif.or.kr/cop/bbs/selectBoardArticle.do?nttId=9220000002615&bbsId=BBSMSTR_000000000201&pageIndex=1,2021,유,미부착,,개방 가능,공공누리 1유형,,,O,,,,,고시·공고,
249,세종학당재단,HOME > 알림마당 > 계약정보,계약정보,"[입찰공고]2021년 아메리카, 오세아니아 권역 온라인 세종학당 시범운영",https://ksif.or.kr/cop/bbs/selectBoardArticle.do?nttId=9220000002613&bbsId=BBSMSTR_000000000201&pageIndex=1,2021,유,미부착,,개방 가능,공공누리 1유형,,,O,,,,,고시·공고,
250,세종학당재단,HOME > 알림마당 > 계약정보,계약정보,[입찰공고]2021년 세종학당재단 교원연수센터 운영,https://ksif.or.kr/cop/bbs/selectBoardArticle.do?nttId=9220000002610&bbsId=BBSMSTR_000000000201&pageIndex=1,2021,유,미부착,,개방 가능,공공누리 1유형,,,O,,,,,고시·공고,
251,세종학당재단,HOME > 알림마당 > 계약정보,계약정보,"[입찰공고]2021년 아프리카, 유럽 권역 온라인 세종학당 시범운영",https://ksif.or.kr/cop/bbs/selectBoardArticle.do?nttId=9220000002609&bbsId=BBSMSTR_000000000201&pageIndex=1,2021,유,미부착,,개방 가능,공공누리 1유형,,,O,,,,,고시·공고,
252,세종학당재단,HOME > 알림마당 > 계약정보,계약정보,[입찰공고]2021년 현지 한국어교원 양성과정 운영 지원 관리,https://ksif.or.kr/cop/bbs/selectBoardArticle.do?nttId=9220000002608&bbsId=BBSMSTR_000000000201&pageIndex=1,2021,유,미부착,,개방 가능,공공누리 1유형,,,O,,,,,고시·공고,
253,세종학당재단,HOME > 알림마당 > 계약정보,계약정보,[입찰공고]2021년 현지 한국어교원 양성과정 지역별 시행(유럽),https://ksif.or.kr/cop/bbs/selectBoardArticle.do?nttId=9220000002606&bbsId=BBSMSTR_000000000201&pageIndex=1,2021,유,미부착,,개방 가능,공공누리 1유형,,,O,,,,,고시·공고,
254,세종학당재단,HOME > 알림마당 > 계약정보,계약정보,[입찰공고]2021년 현지 한국어교원 양성과정 지역별 시행(미주아프리카),https://ksif.or.kr/cop/bbs/selectBoardArticle.do?nttId=9220000002605&bbsId=BBSMSTR_000000000201&pageIndex=1,2021,유,미부착,,개방 가능,공공누리 1유형,,,O,,,,,고시·공고,
255,세종학당재단,HOME > 알림마당 > 계약정보,계약정보,[입찰공고]온라인 세종문화아카데미 홍보 및 행사(취소 후 재공고),https://ksif.or.kr/cop/bbs/selectBoardArticle.do?nttId=9220000002595&bbsId=BBSMSTR_000000000201&pageIndex=1,2021,유,미부착,,개방 가능,공공누리 1유형,,,O,,,,,고시·공고,
256,세종학당재단,HOME > 알림마당 > 계약정보,계약정보,[입찰공고]2021년 세종학당재단 국제 언어 평가 컨퍼런스 운영 사업 (재공고),https://ksif.or.kr/cop/bbs/selectBoardArticle.do?nttId=9220000002594&bbsId=BBSMSTR_000000000201&pageIndex=1,2021,유,미부착,,개방 가능,공공누리 1유형,,,O,,,,,고시·공고,
257,세종학당재단,HOME > 알림마당 > 계약정보,계약정보,온라인 세종문화아카데미 홍보 및 행사,https://ksif.or.kr/cop/bbs/selectBoardArticle.do?nttId=9220000002593&bbsId=BBSMSTR_000000000201&pageIndex=1,2021,유,미부착,,개방 가능,공공누리 1유형,,,O,,,,,고시·공고,
258,세종학당재단,HOME > 알림마당 > 계약정보,계약정보,[입찰공고]세종학당재단 국외보건ㆍ안전 상시 관리 서비스,https://ksif.or.kr/cop/bbs/selectBoardArticle.do?nttId=9220000002586&bbsId=BBSMSTR_000000000201&pageIndex=1,2021,유,미부착,,개방 가능,공공누리 1유형,,,O,,,,,고시·공고,
259,세종학당재단,HOME > 알림마당 > 계약정보,계약정보,"[입찰공고]한류콘텐츠 활용 한국어, 한국문화 학습 콘텐츠 개발 사업",https://ksif.or.kr/cop/bbs/selectBoardArticle.do?nttId=9220000002585&bbsId=BBSMSTR_000000000201&pageIndex=1,2021,유,미부착,,개방 가능,공공누리 1유형,,,O,,,,,고시·공고,
260,세종학당재단,HOME > 알림마당 > 계약정보,계약정보,[입찰공고]세종학당 운영평가 및 점검 용역,https://ksif.or.kr/cop/bbs/selectBoardArticle.do?nttId=9220000002584&bbsId=BBSMSTR_000000000201&pageIndex=1,2021,유,미부착,,개방 가능,공공누리 1유형,,,O,,,,,고시·공고,
261,세종학당재단,HOME > 알림마당 > 계약정보,계약정보,[입찰공고]2021년 세종학당재단 국제 언어 평가 컨퍼런스 운영 사업,https://ksif.or.kr/cop/bbs/selectBoardArticle.do?nttId=9220000002583&bbsId=BBSMSTR_000000000201&pageIndex=1,2021,유,미부착,,개방 가능,공공누리 1유형,,,O,,,,,고시·공고,
262,세종학당재단,HOME > 알림마당 > 계약정보,계약정보,[입찰공고] 2021년 온라인 세종학당 운영 지원 체계 수립 및 운영,https://ksif.or.kr/cop/bbs/selectBoardArticle.do?nttId=9220000002564&bbsId=BBSMSTR_000000000201&pageIndex=1,2021,유,미부착,,개방 가능,공공누리 1유형,,,O,,,,,고시·공고,
263,세종학당재단,HOME > 알림마당 > 계약정보,계약정보,[입찰공고] 외국인 근로자를 위한 한국어 강좌 콘텐츠 개발,https://ksif.or.kr/cop/bbs/selectBoardArticle.do?nttId=9220000002542&bbsId=BBSMSTR_000000000201&pageIndex=1,2021,유,미부착,,개방 가능,공공누리 1유형,,,O,,,,,고시·공고,
264,세종학당재단,HOME > 알림마당 > 계약정보,계약정보,[입찰공고] 세종학당 사업비 정산 위탁 용역,https://ksif.or.kr/cop/bbs/selectBoardArticle.do?nttId=9220000002540&bbsId=BBSMSTR_000000000201&pageIndex=1,2021,유,미부착,,개방 가능,공공누리 1유형,,,O,,,,,고시·공고,
265,세종학당재단,HOME > 알림마당 > 계약정보,계약정보,[입찰공고] 세종학당 교육자료 해외 배송 및 통관 용역,https://ksif.or.kr/cop/bbs/selectBoardArticle.do?nttId=9220000002538&bbsId=BBSMSTR_000000000201&pageIndex=1,2021,유,미부착,,개방 가능,공공누리 1유형,,,O,,,,,고시·공고,
266,세종학당재단,HOME > 알림마당 > 계약정보,계약정보,[입찰공고] 세종학당 신규 통합업무관리 시스템 구축 및 운영·유지관리,https://ksif.or.kr/cop/bbs/selectBoardArticle.do?nttId=9220000002520&bbsId=BBSMSTR_000000000201&pageIndex=1,2021,유,미부착,,개방 가능,공공누리 1유형,,,O,,,,,고시·공고,
267,세종학당재단,HOME > 알림마당 > 계약정보,계약정보,[입찰공고] 세종학당 운영평가 및 점검 용역,https://ksif.or.kr/cop/bbs/selectBoardArticle.do?nttId=9220000002519&bbsId=BBSMSTR_000000000201&pageIndex=1,2021,유,미부착,,개방 가능,공공누리 1유형,,,O,,,,,고시·공고,
268,세종학당재단,HOME > 알림마당 > 계약정보,계약정보,[입찰재공고] 사이버 한국어 고급 교육과정 및 강좌 콘텐츠 개발 사업,https://ksif.or.kr/cop/bbs/selectBoardArticle.do?nttId=9220000002517&bbsId=BBSMSTR_000000000201&pageIndex=1,2021,유,미부착,,개방 가능,공공누리 1유형,,,O,,,,,고시·공고,
269,세종학당재단,HOME > 알림마당 > 계약정보,계약정보,[입찰공고] 2021년 세종학당 파견교원 교육 운영,https://ksif.or.kr/cop/bbs/selectBoardArticle.do?nttId=9220000002516&bbsId=BBSMSTR_000000000201&pageIndex=1,2021,유,미부착,,개방 가능,공공누리 1유형,,,O,,,,,고시·공고,
270,세종학당재단,HOME > 알림마당 > 계약정보,계약정보,[입찰공고] 2021년 세종학당재단 한국어 학습 앱 통합 유지보수,https://ksif.or.kr/cop/bbs/selectBoardArticle.do?nttId=9220000002512&bbsId=BBSMSTR_000000000201&pageIndex=1,2021,무,미부착,,개방 가능,공공누리 1유형,,,O,,,,,고시·공고,
271,세종학당재단,HOME > 알림마당 > 계약정보,계약정보,[입찰공고] 2021 세계한국어교육자대회 운영 사업,https://ksif.or.kr/cop/bbs/selectBoardArticle.do?nttId=9220000002471&bbsId=BBSMSTR_000000000201&pageIndex=1,2021,유,미부착,,개방 가능,공공누리 1유형,,,O,,,,,고시·공고,
272,세종학당재단,HOME > 알림마당 > 계약정보,계약정보,[입찰공고] 2021년 세종학당재단 홍보물 제작 및 배포,https://ksif.or.kr/cop/bbs/selectBoardArticle.do?nttId=9220000002469&bbsId=BBSMSTR_000000000201&pageIndex=1,2021,유,미부착,,개방 가능,공공누리 1유형,,,O,,,,,고시·공고,
273,세종학당재단,HOME > 알림마당 > 계약정보,계약정보,"[입찰공고]  한국어, 한국문화 학습 클립형 콘텐츠 개발 사업",https://ksif.or.kr/cop/bbs/selectBoardArticle.do?nttId=9220000002468&bbsId=BBSMSTR_000000000201&pageIndex=1,2021,유,미부착,,개방 가능,공공누리 1유형,,,O,,,,,고시·공고,
274,세종학당재단,HOME > 알림마당 > 계약정보,계약정보,[입찰공고] 세종학당재단 한국어 숙달도 평가 국내 모의평가 시행,https://ksif.or.kr/cop/bbs/selectBoardArticle.do?nttId=9220000002467&bbsId=BBSMSTR_000000000201&pageIndex=1,2021,유,미부착,,개방 가능,공공누리 1유형,,,O,,,,,고시·공고,
275,세종학당재단,HOME > 알림마당 > 계약정보,계약정보,[입찰공고] 시각장애인을 위한 한국어 교육자료 제작 사업,https://ksif.or.kr/cop/bbs/selectBoardArticle.do?nttId=9220000002466&bbsId=BBSMSTR_000000000201&pageIndex=1,2021,유,미부착,,개방 가능,공공누리 1유형,,,O,,,,,고시·공고,
276,세종학당재단,HOME > 알림마당 > 계약정보,계약정보,[입찰공고]  2021년 세종학당 통번역과정 기본모형 개발 연구 사업,https://ksif.or.kr/cop/bbs/selectBoardArticle.do?nttId=9220000002463&bbsId=BBSMSTR_000000000201&pageIndex=1,2021,유,미부착,,개방 가능,공공누리 1유형,,,O,,,,,고시·공고,
277,세종학당재단,HOME > 알림마당 > 계약정보,계약정보,[입찰공고] 2021 세종학당 지역별 비대면 워크숍,https://ksif.or.kr/cop/bbs/selectBoardArticle.do?nttId=9220000002461&bbsId=BBSMSTR_000000000201&pageIndex=1,2021,유,미부착,,개방 가능,공공누리 1유형,,,O,,,,,고시·공고,
278,세종학당재단,HOME > 알림마당 > 계약정보,계약정보,[입찰공고] 온라인 세종문화아카데미 문화 교구 구입 및 배송,https://ksif.or.kr/cop/bbs/selectBoardArticle.do?nttId=9220000002460&bbsId=BBSMSTR_000000000201&pageIndex=1,2021,유,미부착,,개방 가능,공공누리 1유형,,,O,,,,,고시·공고,
279,세종학당재단,HOME > 알림마당 > 계약정보,계약정보,[입찰공고] 2021년 세종학당 온라인 교육과정 성취도 평가 문항 개발 사업,https://ksif.or.kr/cop/bbs/selectBoardArticle.do?nttId=9220000002432&bbsId=BBSMSTR_000000000201&pageIndex=1,2021,유,미부착,,개방 가능,공공누리 1유형,,,O,,,,,고시·공고,
280,세종학당재단,HOME > 알림마당 > 계약정보,계약정보,[입찰공고] 2021년 해외 한국어 교육 현황 및 지역별 세종학당 역할 확대 방안 연구(2차) 사업,https://ksif.or.kr/cop/bbs/selectBoardArticle.do?nttId=9220000002431&bbsId=BBSMSTR_000000000201&pageIndex=1,2021,유,미부착,,개방 가능,공공누리 1유형,,,O,,,,,고시·공고,
281,세종학당재단,HOME > 알림마당 > 계약정보,계약정보,[입찰공고] 사이버 한국어 초급·중급 익힘책 개발 및 제작 사업,https://ksif.or.kr/cop/bbs/selectBoardArticle.do?nttId=9220000002430&bbsId=BBSMSTR_000000000201&pageIndex=1,2021,유,미부착,,개방 가능,공공누리 1유형,,,O,,,,,고시·공고,
282,세종학당재단,HOME > 알림마당 > 계약정보,계약정보,[입찰공고] 2021년 세종학당 기본 교육과정 성취도 평가 문제은행 시범 운영 사업,https://ksif.or.kr/cop/bbs/selectBoardArticle.do?nttId=9220000002429&bbsId=BBSMSTR_000000000201&pageIndex=1,2021,유,미부착,,개방 가능,공공누리 1유형,,,O,,,,,고시·공고,
283,세종학당재단,HOME > 알림마당 > 계약정보,계약정보,[입찰공고] 2021년 세종문화아카데미 문화캠프,https://ksif.or.kr/cop/bbs/selectBoardArticle.do?nttId=9220000002428&bbsId=BBSMSTR_000000000201&pageIndex=1,2021,유,미부착,,개방 가능,공공누리 1유형,,,O,,,,,고시·공고,
284,세종학당재단,HOME > 알림마당 > 계약정보,계약정보,[입찰재공고] 세종학당재단 한국어 숙달도 평가 고급 기초 연구 사업,https://ksif.or.kr/cop/bbs/selectBoardArticle.do?nttId=9220000002414&bbsId=BBSMSTR_000000000201&pageIndex=1,2021,유,미부착,,개방 가능,공공누리 1유형,,,O,,,,,고시·공고,
285,세종학당재단,HOME > 알림마당 > 계약정보,계약정보,[입찰공고] 세종학당재단 SNS 기반 콘텐츠 개발 및 보급 사업,https://ksif.or.kr/cop/bbs/selectBoardArticle.do?nttId=9220000002413&bbsId=BBSMSTR_000000000201&pageIndex=1,2021,유,미부착,,개방 가능,공공누리 1유형,,,O,,,,,고시·공고,
286,세종학당재단,HOME > 알림마당 > 계약정보,계약정보,[입찰공고] 사이버 한국어 고급 교육과정 및 강좌 콘텐츠 개발 사업,https://ksif.or.kr/cop/bbs/selectBoardArticle.do?nttId=9220000002412&bbsId=BBSMSTR_000000000201&pageIndex=1,2021,유,미부착,,개방 가능,공공누리 1유형,,,O,,,,,고시·공고,
287,세종학당재단,HOME > 알림마당 > 계약정보,계약정보,[입찰재공고] 세종학당재단 한국어 숙달도 평가 개발 및 연구 사업,https://ksif.or.kr/cop/bbs/selectBoardArticle.do?nttId=9220000002411&bbsId=BBSMSTR_000000000201&pageIndex=1,2021,유,미부착,,개방 가능,공공누리 1유형,,,O,,,,,고시·공고,
288,세종학당재단,HOME > 알림마당 > 계약정보,계약정보,[입찰공고] 세종학당재단 한국어 숙달도 평가 고급 기초 연구 사업,https://ksif.or.kr/cop/bbs/selectBoardArticle.do?nttId=9220000002375&bbsId=BBSMSTR_000000000201&pageIndex=1,2021,유,미부착,,개방 가능,공공누리 1유형,,,O,,,,,고시·공고,
289,세종학당재단,HOME > 알림마당 > 계약정보,계약정보,[입찰공고] 세종학당재단 한국어 숙달도 평가 개발 및 연구 사업,https://ksif.or.kr/cop/bbs/selectBoardArticle.do?nttId=9220000002374&bbsId=BBSMSTR_000000000201&pageIndex=1,2021,유,미부착,,개방 가능,공공누리 1유형,,,O,,,,,고시·공고,
290,세종학당재단,HOME > 알림마당 > 계약정보,계약정보,[소액수의-견적입찰 공고] 2021년 상반기 추가선발 교원 파견 전 교육,https://ksif.or.kr/cop/bbs/selectBoardArticle.do?nttId=9220000002302&bbsId=BBSMSTR_000000000201&pageIndex=1,2021,유,미부착,,개방 가능,공공누리 1유형,,,O,,,,,고시·공고,
291,세종학당재단,HOME > 알림마당 > 계약정보,계약정보,2021년 세종학당재단 계약 발주 계획 공고,https://ksif.or.kr/cop/bbs/selectBoardArticle.do?nttId=9220000002262&bbsId=BBSMSTR_000000000201&pageIndex=1,2021,유,미부착,,개방 가능,공공누리 1유형,,,O,,,,,고시·공고,
292,세종학당재단,HOME > 알림마당 > 계약정보,계약정보,[소액수의-견적입찰 공고]  2021년 상반기 연장 파견교원 재교육 운영,https://ksif.or.kr/cop/bbs/selectBoardArticle.do?nttId=9220000002258&bbsId=BBSMSTR_000000000201&pageIndex=1,2021,유,미부착,,개방 가능,공공누리 1유형,,,O,,,,,고시·공고,
293,세종학당재단,HOME > 알림마당 > 계약정보,계약정보,[소액수의-견적입찰 공고] 2020년 세종학당 대상 교육자료 배송,https://ksif.or.kr/cop/bbs/selectBoardArticle.do?nttId=9220000002203&bbsId=BBSMSTR_000000000201&pageIndex=1,2020,유,미부착,,개방 가능,공공누리 1유형,,,O,,,,,고시·공고,
294,세종학당재단,HOME > 알림마당 > 계약정보,계약정보,[입찰공고] 세종학당 우수학습자 대상 부상 구매 및 배송,https://ksif.or.kr/cop/bbs/selectBoardArticle.do?nttId=9220000002137&bbsId=BBSMSTR_000000000201&pageIndex=1,2020,유,미부착,,개방 가능,공공누리 1유형,,,O,,,,,고시·공고,
295,세종학당재단,HOME > 알림마당 > 계약정보,계약정보,[입찰재공고] 온라인 세종문화아카데미 기초 강좌 개발 및 제작,https://ksif.or.kr/cop/bbs/selectBoardArticle.do?nttId=9220000002101&bbsId=BBSMSTR_000000000201&pageIndex=1,2020,유,미부착,,개방 가능,공공누리 1유형,,,O,,,,,고시·공고,
296,세종학당재단,HOME > 알림마당 > 계약정보,계약정보,[소액수의-견적입찰 공고] 2020 온라인 세종문화아카데미 운영 관리 및 홍보,https://ksif.or.kr/cop/bbs/selectBoardArticle.do?nttId=9220000002100&bbsId=BBSMSTR_000000000201&pageIndex=1,2020,유,미부착,,개방 가능,공공누리 1유형,,,O,,,,,고시·공고,
297,세종학당재단,HOME > 알림마당 > 계약정보,계약정보,[입찰공고] 2021년 국외 파견 한국어 교원 국내교육 운영,https://ksif.or.kr/cop/bbs/selectBoardArticle.do?nttId=9220000002099&bbsId=BBSMSTR_000000000201&pageIndex=1,2020,유,미부착,,개방 가능,공공누리 1유형,,,O,,,,,고시·공고,
298,세종학당재단,HOME > 알림마당 > 계약정보,계약정보,[입찰공고] 세종학당재단 한국어 숙달도 평가 시범 시스템 구축,https://ksif.or.kr/cop/bbs/selectBoardArticle.do?nttId=9220000002096&bbsId=BBSMSTR_000000000201&pageIndex=1,2020,유,미부착,,개방 가능,공공누리 1유형,,,O,,,,,고시·공고,
299,세종학당재단,HOME > 알림마당 > 계약정보,계약정보,[입찰공고] 온라인 세종문화아카데미 기초 강좌 개발 및 제작,https://ksif.or.kr/cop/bbs/selectBoardArticle.do?nttId=9220000002094&bbsId=BBSMSTR_000000000201&pageIndex=1,2020,유,미부착,,개방 가능,공공누리 1유형,,,O,,,,,고시·공고,
300,세종학당재단,HOME > 알림마당 > 계약정보,계약정보,[입찰공고] 2020년 세종학당 온라인 콘텐츠 다국어화,https://ksif.or.kr/cop/bbs/selectBoardArticle.do?nttId=9220000002093&bbsId=BBSMSTR_000000000201&pageIndex=1,2020,유,미부착,,개방 가능,공공누리 1유형,,,O,,,,,고시·공고,
301,세종학당재단,HOME > 알림마당 > 계약정보,계약정보,[입찰공고] 세종학당 운영자 문화연수 프로그램 개발,https://ksif.or.kr/cop/bbs/selectBoardArticle.do?nttId=9220000002078&bbsId=BBSMSTR_000000000201&pageIndex=1,2020,유,미부착,,개방 가능,공공누리 1유형,,,O,,,,,고시·공고,
302,세종학당재단,HOME > 알림마당 > 계약정보,계약정보,[소액수의-견적입찰 공고] 2020 세종학당 한글주간 기념품 제작 및 배송,https://ksif.or.kr/cop/bbs/selectBoardArticle.do?nttId=9220000002052&bbsId=BBSMSTR_000000000201&pageIndex=1,2020,유,미부착,,개방 가능,공공누리 1유형,,,O,,,,,고시·공고,
303,세종학당재단,HOME > 알림마당 > 계약정보,계약정보,[소액수의-견적입찰 공고] 2020 세종학당 한글날 문화마당 행사 영상 촬영 및 편집 용역,https://ksif.or.kr/cop/bbs/selectBoardArticle.do?nttId=9220000002051&bbsId=BBSMSTR_000000000201&pageIndex=1,2020,유,미부착,,개방 가능,공공누리 1유형,,,O,,,,,고시·공고,
304,세종학당재단,HOME > 알림마당 > 계약정보,계약정보,[입찰공고] 세종학당재단 중장기 발전 전략 수립 연구,https://ksif.or.kr/cop/bbs/selectBoardArticle.do?nttId=9220000002045&bbsId=BBSMSTR_000000000201&pageIndex=1,2020,유,미부착,,개방 가능,공공누리 1유형,,,O,,,,,고시·공고,
305,세종학당재단,HOME > 알림마당 > 계약정보,계약정보,[입찰공고] 2020년 한국어교원 온라인 재교육 콘텐츠 개발 사업,https://ksif.or.kr/cop/bbs/selectBoardArticle.do?nttId=9220000002043&bbsId=BBSMSTR_000000000201&pageIndex=1,2020,유,미부착,,개방 가능,공공누리 1유형,,,O,,,,,고시·공고,
306,세종학당재단,HOME > 알림마당 > 계약정보,계약정보,[입찰공고] 2020년 세종학당 홍보 영상물 제작 사업,https://ksif.or.kr/cop/bbs/selectBoardArticle.do?nttId=9220000002041&bbsId=BBSMSTR_000000000201&pageIndex=1,2020,유,미부착,,개방 가능,공공누리 1유형,,,O,,,,,고시·공고,
307,세종학당재단,HOME > 알림마당 > 계약정보,계약정보,[입찰공고] 2020 세종문화한마당,https://ksif.or.kr/cop/bbs/selectBoardArticle.do?nttId=9220000002033&bbsId=BBSMSTR_000000000201&pageIndex=1,2020,유,미부착,,개방 가능,공공누리 1유형,,,O,,,,,고시·공고,
308,세종학당재단,HOME > 알림마당 > 계약정보,계약정보,[입찰공고] 세종학당재단 한국어 숙달도 평가 운영 체계 연구,https://ksif.or.kr/cop/bbs/selectBoardArticle.do?nttId=9220000002022&bbsId=BBSMSTR_000000000201&pageIndex=1,2020,유,미부착,,개방 가능,공공누리 1유형,,,O,,,,,고시·공고,
309,세종학당재단,HOME > 알림마당 > 계약정보,계약정보,[소액수의-견적입찰 공고] 2020년 세종학당 집현전 한국어 교실,https://ksif.or.kr/cop/bbs/selectBoardArticle.do?nttId=9220000002018&bbsId=BBSMSTR_000000000201&pageIndex=1,2020,유,미부착,,개방 가능,공공누리 1유형,,,O,,,,,고시·공고,
310,세종학당재단,HOME > 알림마당 > 계약정보,계약정보,[입찰공고] 2020 세계한국어교육자대회 운영,https://ksif.or.kr/cop/bbs/selectBoardArticle.do?nttId=9220000002017&bbsId=BBSMSTR_000000000201&pageIndex=1,2020,유,미부착,,개방 가능,공공누리 1유형,,,O,,,,,고시·공고,
311,세종학당재단,HOME > 알림마당 > 계약정보,계약정보,[입찰공고] 세종학당재단 인지도 조사 및 홍보 전략 컨설팅 사업,https://ksif.or.kr/cop/bbs/selectBoardArticle.do?nttId=9220000002016&bbsId=BBSMSTR_000000000201&pageIndex=1,2020,유,미부착,,개방 가능,공공누리 1유형,,,O,,,,,고시·공고,
312,세종학당재단,HOME > 알림마당 > 계약정보,계약정보,[입찰재공고] 세종학당 한국어 어휘 학습 사전 개발 및 다국어화,https://ksif.or.kr/cop/bbs/selectBoardArticle.do?nttId=9220000002004&bbsId=BBSMSTR_000000000201&pageIndex=1,2020,유,미부착,,개방 가능,공공누리 1유형,,,O,,,,,고시·공고,
313,세종학당재단,HOME > 알림마당 > 계약정보,계약정보,"[입찰공고] 온라인 교육 장비 구매(노트북, 웹캠 등 8종)",https://ksif.or.kr/cop/bbs/selectBoardArticle.do?nttId=9220000002002&bbsId=BBSMSTR_000000000201&pageIndex=1,2020,유,미부착,,개방 가능,공공누리 1유형,,,O,,,,,고시·공고,
314,세종학당재단,HOME > 알림마당 > 계약정보,계약정보,[입찰공고] 2020년 세종학당 교원 중장기 재교육 체계 개발 연구,https://ksif.or.kr/cop/bbs/selectBoardArticle.do?nttId=9220000001991&bbsId=BBSMSTR_000000000201&pageIndex=1,2020,유,미부착,,개방 가능,공공누리 1유형,,,O,,,,,고시·공고,
315,세종학당재단,HOME > 알림마당 > 계약정보,계약정보,[입찰공고] 문화로 배우는 한국어 교육자료 개발,https://ksif.or.kr/cop/bbs/selectBoardArticle.do?nttId=9220000001985&bbsId=BBSMSTR_000000000201&pageIndex=1,2020,유,미부착,,개방 가능,공공누리 1유형,,,O,,,,,고시·공고,
316,세종학당재단,HOME > 알림마당 > 계약정보,계약정보,[소액수의-견적입찰 공고] 2020 재외공관 한글날 행사 물품 구매 및 배송,https://ksif.or.kr/cop/bbs/selectBoardArticle.do?nttId=9220000001984&bbsId=BBSMSTR_000000000201&pageIndex=1,2020,유,미부착,,개방 가능,공공누리 1유형,,,O,,,,,고시·공고,
317,세종학당재단,HOME > 알림마당 > 계약정보,계약정보,[입찰재공고] 세종학당 한국어 어휘 학습 사전 개발 및 다국어화,https://ksif.or.kr/cop/bbs/selectBoardArticle.do?nttId=9220000001983&bbsId=BBSMSTR_000000000201&pageIndex=1,2020,유,미부착,,개방 가능,공공누리 1유형,,,O,,,,,고시·공고,
318,세종학당재단,HOME > 알림마당 > 계약정보,계약정보,[입찰공고] 2020년 세종학당 학습자 만족도 조사 시행 및 분석,https://ksif.or.kr/cop/bbs/selectBoardArticle.do?nttId=9220000001968&bbsId=BBSMSTR_000000000201&pageIndex=1,2020,유,미부착,,개방 가능,공공누리 1유형,,,O,,,,,고시·공고,
319,세종학당재단,HOME > 알림마당 > 계약정보,계약정보,[입찰공고] 2020 세종학당 지역별 비대면 워크숍 운영,https://ksif.or.kr/cop/bbs/selectBoardArticle.do?nttId=9220000001966&bbsId=BBSMSTR_000000000201&pageIndex=1,2020,유,미부착,,개방 가능,공공누리 1유형,,,O,,,,,고시·공고,
320,세종학당재단,HOME > 알림마당 > 계약정보,계약정보,[입찰공고] 세종문화아카데미 문화교구 제작 및 배송,https://ksif.or.kr/cop/bbs/selectBoardArticle.do?nttId=9220000001965&bbsId=BBSMSTR_000000000201&pageIndex=1,2020,유,미부착,,개방 가능,공공누리 1유형,,,O,,,,,고시·공고,
321,세종학당재단,HOME > 알림마당 > 계약정보,계약정보,[입찰공고] 2020 세계한국어대회 개최 및 운영 사업,https://ksif.or.kr/cop/bbs/selectBoardArticle.do?nttId=9220000001938&bbsId=BBSMSTR_000000000201&pageIndex=1,2020,유,미부착,,개방 가능,공공누리 1유형,,,O,,,,,고시·공고,
322,세종학당재단,HOME > 알림마당 > 계약정보,계약정보,[소액수의-견적입찰 공고] 2020년 하반기 신규 파견교원 파견 전 교육,https://ksif.or.kr/cop/bbs/selectBoardArticle.do?nttId=9220000001937&bbsId=BBSMSTR_000000000201&pageIndex=1,2020,유,미부착,,개방 가능,공공누리 1유형,,,O,,,,,고시·공고,
323,세종학당재단,HOME > 알림마당 > 계약정보,계약정보,[소액수의--견적입찰 공고] 2020년 세종학당 국내 운영기관 관계자 워크숍,https://ksif.or.kr/cop/bbs/selectBoardArticle.do?nttId=9220000001936&bbsId=BBSMSTR_000000000201&pageIndex=1,2020,유,미부착,,개방 가능,공공누리 1유형,,,O,,,,,고시·공고,
324,세종학당재단,HOME > 알림마당 > 계약정보,계약정보,[입찰공고] 세종학당 한국어 어휘 학습 사전 개발 및 다국어화,https://ksif.or.kr/cop/bbs/selectBoardArticle.do?nttId=9220000001935&bbsId=BBSMSTR_000000000201&pageIndex=1,2020,유,미부착,,개방 가능,공공누리 1유형,,,O,,,,,고시·공고,
325,세종학당재단,HOME > 알림마당 > 계약정보,계약정보,[수의소액-견적입찰 공고] 비대면 세종학당 한국어 말하기 대회 운영 용역,https://ksif.or.kr/cop/bbs/selectBoardArticle.do?nttId=9220000001931&bbsId=BBSMSTR_000000000201&pageIndex=1,2020,유,미부착,,개방 가능,공공누리 1유형,,,O,,,,,고시·공고,
326,세종학당재단,HOME > 알림마당 > 계약정보,계약정보,[수의소액-견적입찰 공고] 2020년 하반기 파견교원 재교육,https://ksif.or.kr/cop/bbs/selectBoardArticle.do?nttId=9220000001916&bbsId=BBSMSTR_000000000201&pageIndex=1,2020,유,미부착,,개방 가능,공공누리 1유형,,,O,,,,,고시·공고,
327,세종학당재단,HOME > 알림마당 > 계약정보,계약정보,[입찰공고] 세종한국어 1~2(증보판) 다국어 번역 및 교재 제작,https://ksif.or.kr/cop/bbs/selectBoardArticle.do?nttId=9220000001893&bbsId=BBSMSTR_000000000201&pageIndex=1,2020,유,미부착,,개방 가능,공공누리 1유형,,,O,,,,,고시·공고,
328,세종학당재단,HOME > 알림마당 > 계약정보,계약정보,[입찰공고] 세종문화아카데미 기본교육과정 및 지침 개발,https://ksif.or.kr/cop/bbs/selectBoardArticle.do?nttId=9220000001890&bbsId=BBSMSTR_000000000201&pageIndex=1,2020,유,미부착,,개방 가능,공공누리 1유형,,,O,,,,,고시·공고,
329,세종학당재단,HOME > 알림마당 > 계약정보,계약정보,[입찰공고] 2020 해외 한국어 교육 현황 및 지역별 세종학당 역할 확대 방안 연구,https://ksif.or.kr/cop/bbs/selectBoardArticle.do?nttId=9220000001873&bbsId=BBSMSTR_000000000201&pageIndex=1,2020,유,미부착,,개방 가능,공공누리 1유형,,,O,,,,,고시·공고,
330,세종학당재단,HOME > 알림마당 > 계약정보,계약정보,[입찰공고] 온라인 세종학당 한국어 중급 강좌 콘텐츠 개발,https://ksif.or.kr/cop/bbs/selectBoardArticle.do?nttId=9220000001872&bbsId=BBSMSTR_000000000201&pageIndex=1,2020,유,미부착,,개방 가능,공공누리 1유형,,,O,,,,,고시·공고,
331,세종학당재단,HOME > 알림마당 > 계약정보,계약정보,[수의소액-견적입찰 공고] 2020년 세종학당 한국어 교원 양성과정 온라인 한국어 교육 실습 운영 용역,https://ksif.or.kr/cop/bbs/selectBoardArticle.do?nttId=9220000001869&bbsId=BBSMSTR_000000000201&pageIndex=1,2020,유,미부착,,개방 가능,공공누리 1유형,,,O,,,,,고시·공고,
332,세종학당재단,HOME > 알림마당 > 계약정보,계약정보,[입찰공고] 2020년 세종학당재단 한국어 숙달도 평가 중장기 발전 전략 수립 연구,https://ksif.or.kr/cop/bbs/selectBoardArticle.do?nttId=9220000001864&bbsId=BBSMSTR_000000000201&pageIndex=1,2020,유,미부착,,개방 가능,공공누리 1유형,,,O,,,,,고시·공고,
333,세종학당재단,HOME > 알림마당 > 계약정보,계약정보,[입찰공고] 2020년 세종학당재단 한국어 학습 앱 통합 유지보수,https://ksif.or.kr/cop/bbs/selectBoardArticle.do?nttId=9220000001832&bbsId=BBSMSTR_000000000201&pageIndex=1,2020,유,미부착,,개방 가능,공공누리 1유형,,,O,,,,,고시·공고,
334,세종학당재단,HOME > 알림마당 > 계약정보,계약정보,[입찰공고] 2020년 세종학당재단 홍보물 제작,https://ksif.or.kr/cop/bbs/selectBoardArticle.do?nttId=9220000001831&bbsId=BBSMSTR_000000000201&pageIndex=1,2020,유,미부착,,개방 가능,공공누리 1유형,,,O,,,,,고시·공고,
335,세종학당재단,HOME > 알림마당 > 계약정보,계약정보,[입찰공고] 2020년 비즈니스 한국어 학습 앱 개발,https://ksif.or.kr/cop/bbs/selectBoardArticle.do?nttId=9220000001829&bbsId=BBSMSTR_000000000201&pageIndex=1,2020,유,미부착,,개방 가능,공공누리 1유형,,,O,,,,,고시·공고,
336,세종학당재단,HOME > 알림마당 > 계약정보,계약정보,[입찰공고] 2020년 세종학당 사업비 정산 위탁 용역,https://ksif.or.kr/cop/bbs/selectBoardArticle.do?nttId=9220000001827&bbsId=BBSMSTR_000000000201&pageIndex=1,2020,유,미부착,,개방 가능,공공누리 1유형,,,O,,,,,고시·공고,
337,세종학당재단,HOME > 알림마당 > 계약정보,계약정보,[입찰공고] 2020년 세종학당 성취도 평가 지원 시스템 개발,https://ksif.or.kr/cop/bbs/selectBoardArticle.do?nttId=9220000001814&bbsId=BBSMSTR_000000000201&pageIndex=1,2020,유,미부착,,개방 가능,공공누리 1유형,,,O,,,,,고시·공고,
338,세종학당재단,HOME > 알림마당 > 계약정보,계약정보,[수의소액-견적입찰 공고] 세종학당 관계자의 안전 확보를 위한 마스크 구매,https://ksif.or.kr/cop/bbs/selectBoardArticle.do?nttId=9220000001813&bbsId=BBSMSTR_000000000201&pageIndex=1,2020,유,미부착,,개방 가능,공공누리 1유형,,,O,,,,,고시·공고,
339,세종학당재단,HOME > 알림마당 > 계약정보,계약정보,[입찰공고] 세종학당재단 사무공간 추가 마련 사업(인테리어),https://ksif.or.kr/cop/bbs/selectBoardArticle.do?nttId=9220000001812&bbsId=BBSMSTR_000000000201&pageIndex=1,2020,유,미부착,,개방 가능,공공누리 1유형,,,O,,,,,고시·공고,
340,세종학당재단,HOME > 알림마당 > 계약정보,계약정보,[입찰정정공고] 2020년 한류 콘텐츠를 활용한 온라인 한국어 학습 콘텐츠 개발,https://ksif.or.kr/cop/bbs/selectBoardArticle.do?nttId=9220000001811&bbsId=BBSMSTR_000000000201&pageIndex=1,2020,유,미부착,,개방 가능,공공누리 1유형,,,O,,,,,고시·공고,
341,세종학당재단,HOME > 알림마당 > 계약정보,계약정보,[수의소액-견적입찰 공고] 세종학당 관계자의 안전 확보를 위한 마스크 구매 견적 공고,https://ksif.or.kr/cop/bbs/selectBoardArticle.do?nttId=9220000001810&bbsId=BBSMSTR_000000000201&pageIndex=1,2020,유,미부착,,개방 가능,공공누리 1유형,,,O,,,,,고시·공고,
342,세종학당재단,HOME > 알림마당 > 계약정보,계약정보,[소액 공사 견적  제출 안내 공고] 세종학당재단 사무공간 추가 마련 사업(통신),https://ksif.or.kr/cop/bbs/selectBoardArticle.do?nttId=9220000001807&bbsId=BBSMSTR_000000000201&pageIndex=1,2020,유,미부착,,개방 가능,공공누리 1유형,,,O,,,,,고시·공고,
343,세종학당재단,HOME > 알림마당 > 계약정보,계약정보,[계약 완료] 온라인 세종학당 한국어 중급 교육과정 및 평가 연구,https://ksif.or.kr/cop/bbs/selectBoardArticle.do?nttId=9220000001806&bbsId=BBSMSTR_000000000201&pageIndex=1,2020,무,미부착,,개방 가능,공공누리 1유형,,,O,,,,,고시·공고,
344,세종학당재단,HOME > 알림마당 > 계약정보,계약정보,[수의소액-견적입찰 공고] 2020년 상반기 파견교원 현지어 온라인 학습 지원,https://ksif.or.kr/cop/bbs/selectBoardArticle.do?nttId=9220000001804&bbsId=BBSMSTR_000000000201&pageIndex=1,2020,유,미부착,,개방 가능,공공누리 1유형,,,O,,,,,고시·공고,
345,세종학당재단,HOME > 알림마당 > 계약정보,계약정보,[계약완료] 세종학당 온라인 한국어 초급 강좌 보조자료 개발 및 현지화,https://ksif.or.kr/cop/bbs/selectBoardArticle.do?nttId=9220000001803&bbsId=BBSMSTR_000000000201&pageIndex=1,2020,무,미부착,,개방 가능,공공누리 1유형,,,O,,,,,고시·공고,
346,세종학당재단,HOME > 알림마당 > 계약정보,계약정보,[입찰공고] 2020년 한류 콘텐츠를 활용한 온라인 한국어 학습 콘텐츠 개발,https://ksif.or.kr/cop/bbs/selectBoardArticle.do?nttId=9220000001802&bbsId=BBSMSTR_000000000201&pageIndex=1,2020,유,미부착,,개방 가능,공공누리 1유형,,,O,,,,,고시·공고,
347,세종학당재단,HOME > 알림마당 > 계약정보,계약정보,[입찰공고] 2020년 세종학당 통합업무관리시스템 운영 및 기능 개선,https://ksif.or.kr/cop/bbs/selectBoardArticle.do?nttId=9220000001801&bbsId=BBSMSTR_000000000201&pageIndex=1,2020,유,미부착,,개방 가능,공공누리 1유형,,,O,,,,,고시·공고,
348,세종학당재단,HOME > 알림마당 > 계약정보,계약정보,[계약완료] 2020년 누리-세종학당 온라인 서비스 개편 및 통합 운영,https://ksif.or.kr/cop/bbs/selectBoardArticle.do?nttId=9220000001798&bbsId=BBSMSTR_000000000201&pageIndex=1,2020,무,미부착,,개방 가능,공공누리 1유형,,,O,,,,,고시·공고,
349,세종학당재단,HOME > 알림마당 > 계약정보,계약정보,[소액공사 견적 제출 안내 공고] 세종학당재단 사무공간 추가 마련 사업(전기),https://ksif.or.kr/cop/bbs/selectBoardArticle.do?nttId=9220000001786&bbsId=BBSMSTR_000000000201&pageIndex=1,2020,유,미부착,,개방 가능,공공누리 1유형,,,O,,,,,고시·공고,
350,세종학당재단,HOME > 알림마당 > 계약정보,계약정보,[계약완료] 세종학당재단 한국어 숙달도 평가 시스템 구축 정보화전략계획(ISP) 수립,https://ksif.or.kr/cop/bbs/selectBoardArticle.do?nttId=9220000001785&bbsId=BBSMSTR_000000000201&pageIndex=1,2020,무,미부착,,개방 가능,공공누리 1유형,,,O,,,,,고시·공고,
351,세종학당재단,HOME > 알림마당 > 계약정보,계약정보,[입찰공고] 세종학당재단 파견 교원 국외긴급안전관리서비스,https://ksif.or.kr/cop/bbs/selectBoardArticle.do?nttId=9220000001783&bbsId=BBSMSTR_000000000201&pageIndex=1,2020,유,미부착,,개방 가능,공공누리 1유형,,,O,,,,,고시·공고,
352,세종학당재단,HOME > 알림마당 > 계약정보,계약정보,[계약완료] 인공지능 기반 한국어 학습 지원 서비스 구축 사업,https://ksif.or.kr/cop/bbs/selectBoardArticle.do?nttId=9220000001782&bbsId=BBSMSTR_000000000201&pageIndex=1,2020,무,미부착,,개방 가능,공공누리 1유형,,,O,,,,,고시·공고,
353,세종학당재단,HOME > 알림마당 > 계약정보,계약정보,[입찰공고] 2020년 정보시스템 인프라 통합 유지보수 및 운영,https://ksif.or.kr/cop/bbs/selectBoardArticle.do?nttId=9220000001772&bbsId=BBSMSTR_000000000201&pageIndex=1,2020,유,미부착,,개방 가능,공공누리 1유형,,,O,,,,,고시·공고,
354,세종학당재단,HOME > 알림마당 > 계약정보,계약정보,[입찰공고] 세종한국어 회화 1~4 익힘책 기본모형 개발 및 현지화,https://ksif.or.kr/cop/bbs/selectBoardArticle.do?nttId=9220000001745&bbsId=BBSMSTR_000000000201&pageIndex=1,2020,유,미부착,,개방 가능,공공누리 1유형,,,O,,,,,고시·공고,
355,세종학당재단,HOME > 알림마당 > 계약정보,계약정보,[입찰공고] 2020년 세종학당 학습자 성취도 평가 개발 사업,https://ksif.or.kr/cop/bbs/selectBoardArticle.do?nttId=9220000001741&bbsId=BBSMSTR_000000000201&pageIndex=1,2020,유,미부착,,개방 가능,공공누리 1유형,,,O,,,,,고시·공고,
356,세종학당재단,HOME > 알림마당 > 계약정보,계약정보,[계약완료] 세종학당재단 한국어 숙달도 평가 듣기/읽기 영역 개발 및 시범평가 사업,https://ksif.or.kr/cop/bbs/selectBoardArticle.do?nttId=9220000001740&bbsId=BBSMSTR_000000000201&pageIndex=1,2020,무,미부착,,개방 가능,공공누리 1유형,,,O,,,,,고시·공고,
357,세종학당재단,HOME > 알림마당 > 계약정보,계약정보,[계약완료] 세종학당재단 한국어 숙달도 평가 쓰기 영역 개발 및 시범평가 사업,https://ksif.or.kr/cop/bbs/selectBoardArticle.do?nttId=9220000001739&bbsId=BBSMSTR_000000000201&pageIndex=1,2020,무,미부착,,개방 가능,공공누리 1유형,,,O,,,,,고시·공고,
358,세종학당재단,HOME > 알림마당 > 계약정보,계약정보,[입찰재공고] 세종학당 온라인 한국어 초급 강좌 보조자료 개발 및 현지화,https://ksif.or.kr/cop/bbs/selectBoardArticle.do?nttId=9220000001733&bbsId=BBSMSTR_000000000201&pageIndex=1,2020,유,미부착,,개방 가능,공공누리 1유형,,,O,,,,,고시·공고,
359,세종학당재단,HOME > 알림마당 > 계약정보,계약정보,[입찰재공고] 온라인 세종학당 한국어 중급 교육과정 및 평가 연구,https://ksif.or.kr/cop/bbs/selectBoardArticle.do?nttId=9220000001662&bbsId=BBSMSTR_000000000201&pageIndex=1,2020,유,미부착,,개방 가능,공공누리 1유형,,,O,,,,,고시·공고,
360,세종학당재단,HOME > 알림마당 > 계약정보,계약정보,[취소공고] 2020 세종학당 지역별 워크숍,https://ksif.or.kr/cop/bbs/selectBoardArticle.do?nttId=9220000001660&bbsId=BBSMSTR_000000000201&pageIndex=1,2020,무,미부착,,개방 가능,공공누리 1유형,,,O,,,,,고시·공고,
361,세종학당재단,HOME > 알림마당 > 계약정보,계약정보,[입찰공고] 세종학당 온라인 한국어 초급 강좌 보조자료 개발 및 현지화,https://ksif.or.kr/cop/bbs/selectBoardArticle.do?nttId=9220000001633&bbsId=BBSMSTR_000000000201&pageIndex=1,2020,유,미부착,,개방 가능,공공누리 1유형,,,O,,,,,고시·공고,
362,세종학당재단,HOME > 알림마당 > 계약정보,계약정보,[입찰재공고] 2020년 누리-세종학당 온라인 서비스 개편 및 통합,https://ksif.or.kr/cop/bbs/selectBoardArticle.do?nttId=9220000001632&bbsId=BBSMSTR_000000000201&pageIndex=1,2020,유,미부착,,개방 가능,공공누리 1유형,,,O,,,,,고시·공고,
363,세종학당재단,HOME > 알림마당 > 계약정보,계약정보,[입찰재공고] 2020년 온라인 세종학당 시범 운영 사업,https://ksif.or.kr/cop/bbs/selectBoardArticle.do?nttId=9220000001631&bbsId=BBSMSTR_000000000201&pageIndex=1,2020,유,미부착,,개방 가능,공공누리 1유형,,,O,,,,,고시·공고,
364,세종학당재단,HOME > 알림마당 > 계약정보,계약정보,[입찰공고] 온라인 세종학당 한국어 중급 교육과정 및 평가 연구,https://ksif.or.kr/cop/bbs/selectBoardArticle.do?nttId=9220000001595&bbsId=BBSMSTR_000000000201&pageIndex=1,2020,유,미부착,,개방 가능,공공누리 1유형,,,O,,,,,고시·공고,
365,세종학당재단,HOME > 알림마당 > 계약정보,계약정보,[입찰재공고] 세종학당재단 한국어 숙달도 평가 시스템 구축 정보화전략계획(ISP) 수립,https://ksif.or.kr/cop/bbs/selectBoardArticle.do?nttId=9220000001594&bbsId=BBSMSTR_000000000201&pageIndex=1,2020,유,미부착,,개방 가능,공공누리 1유형,,,O,,,,,고시·공고,
366,세종학당재단,HOME > 알림마당 > 계약정보,계약정보,[입찰재공고] 세종학당재단 한국어 숙달도 평가 운영 체계 연구 사업,https://ksif.or.kr/cop/bbs/selectBoardArticle.do?nttId=9220000001582&bbsId=BBSMSTR_000000000201&pageIndex=1,2020,유,미부착,,개방 가능,공공누리 1유형,,,O,,,,,고시·공고,
367,세종학당재단,HOME > 알림마당 > 계약정보,계약정보,"[입찰재공고] 세종학당재단 한국어 숙달도 평가 듣기, 읽기 영역 개발 및 시범평가 사업",https://ksif.or.kr/cop/bbs/selectBoardArticle.do?nttId=9220000001555&bbsId=BBSMSTR_000000000201&pageIndex=1,2020,유,미부착,,개방 가능,공공누리 1유형,,,O,,,,,고시·공고,
368,세종학당재단,HOME > 알림마당 > 계약정보,계약정보,[입찰공고] 인공지능 기반 한국어 학습 지원 서비스 구축,https://ksif.or.kr/cop/bbs/selectBoardArticle.do?nttId=9220000001547&bbsId=BBSMSTR_000000000201&pageIndex=1,2020,유,미부착,,개방 가능,공공누리 1유형,,,O,,,,,고시·공고,
369,세종학당재단,HOME > 알림마당 > 계약정보,계약정보,[입찰공고] 2020년 누리-세종학당 온라인 서비스 개편 및 통합 운영 사업,https://ksif.or.kr/cop/bbs/selectBoardArticle.do?nttId=9220000001541&bbsId=BBSMSTR_000000000201&pageIndex=1,2020,유,미부착,,개방 가능,공공누리 1유형,,,O,,,,,고시·공고,
370,세종학당재단,HOME > 알림마당 > 계약정보,계약정보,[입찰재공고] 세종학당재단 한국어 숙달도 평가 쓰기 영역 개발 및 시범평가 사업,https://ksif.or.kr/cop/bbs/selectBoardArticle.do?nttId=9220000001540&bbsId=BBSMSTR_000000000201&pageIndex=1,2020,유,미부착,,개방 가능,공공누리 1유형,,,O,,,,,고시·공고,
371,세종학당재단,HOME > 알림마당 > 계약정보,계약정보,[입찰재공고] 세종학당재단 한국어 숙달도 평가 말하기 영역 개발 및 시범평가 사업,https://ksif.or.kr/cop/bbs/selectBoardArticle.do?nttId=9220000001539&bbsId=BBSMSTR_000000000201&pageIndex=1,2020,유,미부착,,개방 가능,공공누리 1유형,,,O,,,,,고시·공고,
372,세종학당재단,HOME > 알림마당 > 계약정보,계약정보,[입찰공고] 2020년 온라인 세종학당 시범 운영 사업,https://ksif.or.kr/cop/bbs/selectBoardArticle.do?nttId=9220000001537&bbsId=BBSMSTR_000000000201&pageIndex=1,2020,유,미부착,,개방 가능,공공누리 1유형,,,O,,,,,고시·공고,
373,세종학당재단,HOME > 알림마당 > 계약정보,계약정보,[입찰공고] 세종학당재단 한국어 숙달도 평가 시스템 구축 정보화전략계획(ISP) 수립,https://ksif.or.kr/cop/bbs/selectBoardArticle.do?nttId=9220000001534&bbsId=BBSMSTR_000000000201&pageIndex=1,2020,유,미부착,,개방 가능,공공누리 1유형,,,O,,,,,고시·공고,
374,세종학당재단,HOME > 알림마당 > 계약정보,계약정보,[입찰공고] 세종학당재단 한국어 숙달도 평가 듣기/읽기 영역 개발 및 시범평가 사업,https://ksif.or.kr/cop/bbs/selectBoardArticle.do?nttId=9220000001533&bbsId=BBSMSTR_000000000201&pageIndex=1,2020,유,미부착,,개방 가능,공공누리 1유형,,,O,,,,,고시·공고,
375,세종학당재단,HOME > 알림마당 > 계약정보,계약정보,[입찰공고] 세종학당재단 한국어 숙달도 평가 운영 체계 연구,https://ksif.or.kr/cop/bbs/selectBoardArticle.do?nttId=9220000001520&bbsId=BBSMSTR_000000000201&pageIndex=1,2020,유,미부착,,개방 가능,공공누리 1유형,,,O,,,,,고시·공고,
376,세종학당재단,HOME > 알림마당 > 계약정보,계약정보,[입찰공고] 세종학당재단 한국어 숙달도 평가 쓰기 영역 개발 및 시범평가,https://ksif.or.kr/cop/bbs/selectBoardArticle.do?nttId=9220000001516&bbsId=BBSMSTR_000000000201&pageIndex=1,2020,유,미부착,,개방 가능,공공누리 1유형,,,O,,,,,고시·공고,
377,세종학당재단,HOME > 알림마당 > 계약정보,계약정보,[입찰공고] 세종학당재단 한국어 숙달도 평가  말하기 영역 개발 및 시범평가,https://ksif.or.kr/cop/bbs/selectBoardArticle.do?nttId=9220000001515&bbsId=BBSMSTR_000000000201&pageIndex=1,2020,유,미부착,,개방 가능,공공누리 1유형,,,O,,,,,고시·공고,
378,세종학당재단,HOME > 알림마당 > 계약정보,계약정보,[입찰공고] 2020 세종학당 지역별 워크숍 운영,https://ksif.or.kr/cop/bbs/selectBoardArticle.do?nttId=9220000001513&bbsId=BBSMSTR_000000000201&pageIndex=1,2020,유,미부착,,개방 가능,공공누리 1유형,,,O,,,,,고시·공고,
379,세종학당재단,HOME > 알림마당 > 계약정보,계약정보,[입찰공고] 2020년 세종학당 문화인턴 해외 파견 지원 용역,https://ksif.or.kr/cop/bbs/selectBoardArticle.do?nttId=9220000001469&bbsId=BBSMSTR_000000000201&pageIndex=1,2020,유,미부착,,개방 가능,공공누리 1유형,,,O,,,,,고시·공고,
380,세종학당재단,HOME > 알림마당 > 계약정보,계약정보,2020년 세종학당재단 연간 발주 계획 공고,https://ksif.or.kr/cop/bbs/selectBoardArticle.do?nttId=9220000001451&bbsId=BBSMSTR_000000000201&pageIndex=1,2020,유,미부착,,개방 가능,공공누리 1유형,,,O,,,,,고시·공고,
381,세종학당재단,HOME > 알림마당 > 계약정보,계약정보,[계약완료] 2019년 온라인 노후 서버 개선 및 인프라 정비 상용소프트웨어 구매 사업,https://ksif.or.kr/cop/bbs/selectBoardArticle.do?nttId=9220000001310&bbsId=BBSMSTR_000000000201&pageIndex=1,2019,무,미부착,,개방 가능,공공누리 1유형,,,O,,,,,고시·공고,
382,세종학당재단,HOME > 알림마당 > 계약정보,계약정보,[우선협상대상자] 2019년 온라인 노후 서버 개선 및 인프라 정비 상용소프트웨어 구매 사업,https://ksif.or.kr/cop/bbs/selectBoardArticle.do?nttId=9220000001278&bbsId=BBSMSTR_000000000201&pageIndex=1,2019,무,미부착,,개방 가능,공공누리 1유형,,,O,,,,,고시·공고,
383,세종학당재단,HOME > 알림마당 > 계약정보,계약정보,[계약완료] 2019년 온라인 노후 서버 개선 및 인프라 장비 구매 사업,https://ksif.or.kr/cop/bbs/selectBoardArticle.do?nttId=9220000001237&bbsId=BBSMSTR_000000000201&pageIndex=1,2019,무,미부착,,개방 가능,공공누리 1유형,,,O,,,,,고시·공고,
384,세종학당재단,HOME > 알림마당 > 계약정보,계약정보,[입찰공고] 2019년 온라인 노후 서버 개선 및 인프라 장비 상용소프트웨어 구매 사업(분리발주),https://ksif.or.kr/cop/bbs/selectBoardArticle.do?nttId=9220000001144&bbsId=BBSMSTR_000000000201&pageIndex=1,2019,유,미부착,,개방 가능,공공누리 1유형,,,O,,,,,고시·공고,
385,세종학당재단,HOME > 알림마당 > 계약정보,계약정보,[입찰공고] 2019년 온라인 노후 서버 개선 및 인프라 장비 구매 사업,https://ksif.or.kr/cop/bbs/selectBoardArticle.do?nttId=9220000001127&bbsId=BBSMSTR_000000000201&pageIndex=1,2019,유,미부착,,개방 가능,공공누리 1유형,,,O,,,,,고시·공고,
386,세종학당재단,HOME > 알림마당 > 계약정보,계약정보,[계약완료] 2019년 세종학당 사업비 정산 위탁 사업,https://ksif.or.kr/cop/bbs/selectBoardArticle.do?nttId=9220000001126&bbsId=BBSMSTR_000000000201&pageIndex=1,2019,무,미부착,,개방 가능,공공누리 1유형,,,O,,,,,고시·공고,
387,세종학당재단,HOME > 알림마당 > 계약정보,계약정보,[계약완료] 2019년 세종학당 한국어교원 온라인 재교육 콘텐츠 개발 사업,https://ksif.or.kr/cop/bbs/selectBoardArticle.do?nttId=9220000001113&bbsId=BBSMSTR_000000000201&pageIndex=1,2019,무,미부착,,개방 가능,공공누리 1유형,,,O,,,,,고시·공고,
388,세종학당재단,HOME > 알림마당 > 계약정보,계약정보,[계약완료] 2019년 세종학당 통합업무관리시스템 운영 및 기능개선 사업,https://ksif.or.kr/cop/bbs/selectBoardArticle.do?nttId=9220000001111&bbsId=BBSMSTR_000000000201&pageIndex=1,2019,무,미부착,,개방 가능,공공누리 1유형,,,O,,,,,고시·공고,
389,세종학당재단,HOME > 알림마당 > 계약정보,계약정보,[우선협상대상자] 2019년 세종학당 사업비 정산 위탁 사업,https://ksif.or.kr/cop/bbs/selectBoardArticle.do?nttId=9220000001098&bbsId=BBSMSTR_000000000201&pageIndex=1,2019,무,미부착,,개방 가능,공공누리 1유형,,,O,,,,,고시·공고,
390,세종학당재단,HOME > 알림마당 > 계약정보,계약정보,[우선협상대상자] 2019년 세종학당 한국어교원 온라인 재교육 콘텐츠 개발 사업,https://ksif.or.kr/cop/bbs/selectBoardArticle.do?nttId=9220000001096&bbsId=BBSMSTR_000000000201&pageIndex=1,2019,무,미부착,,개방 가능,공공누리 1유형,,,O,,,,,고시·공고,
391,세종학당재단,HOME > 알림마당 > 계약정보,계약정보,[계약완료] 2019 세종학당 우수학습자 초청 연수 운영 사업,https://ksif.or.kr/cop/bbs/selectBoardArticle.do?nttId=9220000001095&bbsId=BBSMSTR_000000000201&pageIndex=1,2019,무,미부착,,개방 가능,공공누리 1유형,,,O,,,,,고시·공고,
392,세종학당재단,HOME > 알림마당 > 계약정보,계약정보,[계약완료] 2019년 런던 해외언어박람회 한글관 운영 사업,https://ksif.or.kr/cop/bbs/selectBoardArticle.do?nttId=9220000001093&bbsId=BBSMSTR_000000000201&pageIndex=1,2019,무,미부착,,개방 가능,공공누리 1유형,,,O,,,,,고시·공고,
393,세종학당재단,HOME > 알림마당 > 계약정보,계약정보,[재공고] 2019년 세종학당 스마트 교육환경 조성 사업,https://ksif.or.kr/cop/bbs/selectBoardArticle.do?nttId=9220000001081&bbsId=BBSMSTR_000000000201&pageIndex=1,2019,유,미부착,,개방 가능,공공누리 1유형,,,O,,,,,고시·공고,
394,세종학당재단,HOME > 알림마당 > 계약정보,계약정보,[계약완료] 2019년 세종학당 온라인 학습 플랫폼 구축 사업,https://ksif.or.kr/cop/bbs/selectBoardArticle.do?nttId=9220000001080&bbsId=BBSMSTR_000000000201&pageIndex=1,2019,무,미부착,,개방 가능,공공누리 1유형,,,O,,,,,고시·공고,
395,세종학당재단,HOME > 알림마당 > 계약정보,계약정보,[우선협상대상자] 2019 세종학당 우수학습자 초청 연수 운영 사업,https://ksif.or.kr/cop/bbs/selectBoardArticle.do?nttId=9220000001078&bbsId=BBSMSTR_000000000201&pageIndex=1,2019,무,미부착,,개방 가능,공공누리 1유형,,,O,,,,,고시·공고,
396,세종학당재단,HOME > 알림마당 > 계약정보,계약정보,[재공고] 2019년 세종학당 사업비 정산 위탁 사업,https://ksif.or.kr/cop/bbs/selectBoardArticle.do?nttId=9220000001075&bbsId=BBSMSTR_000000000201&pageIndex=1,2019,유,미부착,,개방 가능,공공누리 1유형,,,O,,,,,고시·공고,
397,세종학당재단,HOME > 알림마당 > 계약정보,계약정보,[계약완료] 2019년 세종학당 시설개선 설계용역,https://ksif.or.kr/cop/bbs/selectBoardArticle.do?nttId=9220000001073&bbsId=BBSMSTR_000000000201&pageIndex=1,2019,무,미부착,,개방 가능,공공누리 1유형,,,O,,,,,고시·공고,
398,세종학당재단,HOME > 알림마당 > 계약정보,계약정보,[계약완료] 세종학당 교원 양성과정 오프라인 운영 사업,https://ksif.or.kr/cop/bbs/selectBoardArticle.do?nttId=9220000001069&bbsId=BBSMSTR_000000000201&pageIndex=1,2019,무,미부착,,개방 가능,공공누리 1유형,,,O,,,,,고시·공고,
399,세종학당재단,HOME > 알림마당 > 계약정보,계약정보,[입찰] 2019년 세종학당 한국어교원 온라인 재교육 콘텐츠 개발 사업,https://ksif.or.kr/cop/bbs/selectBoardArticle.do?nttId=9220000001030&bbsId=BBSMSTR_000000000201&pageIndex=1,2019,유,미부착,,개방 가능,공공누리 1유형,,,O,,,,,고시·공고,
400,세종학당재단,HOME > 알림마당 > 계약정보,계약정보,[입찰]  2019년 세종학당 스마트 교육환경 조성 사업,https://ksif.or.kr/cop/bbs/selectBoardArticle.do?nttId=9220000001024&bbsId=BBSMSTR_000000000201&pageIndex=1,2019,유,미부착,,개방 가능,공공누리 1유형,,,O,,,,,고시·공고,
401,세종학당재단,HOME > 알림마당 > 계약정보,계약정보,[재공고] 2019년 세종학당 통합업무관리시스템 운영 및 기능개선 사업,https://ksif.or.kr/cop/bbs/selectBoardArticle.do?nttId=9220000001022&bbsId=BBSMSTR_000000000201&pageIndex=1,2019,유,미부착,,개방 가능,공공누리 1유형,,,O,,,,,고시·공고,
402,세종학당재단,HOME > 알림마당 > 계약정보,계약정보,[재공고] 2019년 세종학당 사업비 정산 위탁 사업,https://ksif.or.kr/cop/bbs/selectBoardArticle.do?nttId=9220000001021&bbsId=BBSMSTR_000000000201&pageIndex=1,2019,유,미부착,,개방 가능,공공누리 1유형,,,O,,,,,고시·공고,
403,세종학당재단,HOME > 알림마당 > 계약정보,계약정보,[입찰]  2019년 세종학당 시설개선 실시설계용역,https://ksif.or.kr/cop/bbs/selectBoardArticle.do?nttId=9220000001018&bbsId=BBSMSTR_000000000201&pageIndex=1,2019,유,미부착,,개방 가능,공공누리 1유형,,,O,,,,,고시·공고,
404,세종학당재단,HOME > 알림마당 > 계약정보,계약정보,[우선협상대상자] 세종학당 교원 양성과정 오프라인 운영 사업,https://ksif.or.kr/cop/bbs/selectBoardArticle.do?nttId=9220000001017&bbsId=BBSMSTR_000000000201&pageIndex=1,2019,무,미부착,,개방 가능,공공누리 1유형,,,O,,,,,고시·공고,
405,세종학당재단,HOME > 알림마당 > 계약정보,계약정보,[우선협상대상자] 2019년 세종학당 온라인 학습 플랫폼 구축 사업,https://ksif.or.kr/cop/bbs/selectBoardArticle.do?nttId=9220000001016&bbsId=BBSMSTR_000000000201&pageIndex=1,2019,무,미부착,,개방 가능,공공누리 1유형,,,O,,,,,고시·공고,
406,세종학당재단,HOME > 알림마당 > 계약정보,계약정보,[계약완료] 2019년 세종학당 운영평가 지표 재정비 연구 사업,https://ksif.or.kr/cop/bbs/selectBoardArticle.do?nttId=9220000001015&bbsId=BBSMSTR_000000000201&pageIndex=1,2019,무,미부착,,개방 가능,공공누리 1유형,,,O,,,,,고시·공고,
407,세종학당재단,HOME > 알림마당 > 계약정보,계약정보,[계약완료] 2019 한글 창의 아이디어 공모전 운영 사업,https://ksif.or.kr/cop/bbs/selectBoardArticle.do?nttId=9220000001003&bbsId=BBSMSTR_000000000201&pageIndex=1,2019,무,미부착,,개방 가능,공공누리 1유형,,,O,,,,,고시·공고,
408,세종학당재단,HOME > 알림마당 > 계약정보,계약정보,[입찰] 2019년 세종학당 통합업무관리시스템 운영 및 기능개선 사업,https://ksif.or.kr/cop/bbs/selectBoardArticle.do?nttId=9220000001002&bbsId=BBSMSTR_000000000201&pageIndex=1,2019,유,미부착,,개방 가능,공공누리 1유형,,,O,,,,,고시·공고,
409,세종학당재단,HOME > 알림마당 > 계약정보,계약정보,[입찰] 2019년 세종학당 사업비 정산 위탁 사업,https://ksif.or.kr/cop/bbs/selectBoardArticle.do?nttId=9220000001001&bbsId=BBSMSTR_000000000201&pageIndex=1,2019,유,미부착,,개방 가능,공공누리 1유형,,,O,,,,,고시·공고,
410,세종학당재단,HOME > 알림마당 > 계약정보,계약정보,"[계약완료] 2019년 세종한국어 회화,발음 중급2 학습 앱 개발 사업",https://ksif.or.kr/cop/bbs/selectBoardArticle.do?nttId=9220000001000&bbsId=BBSMSTR_000000000201&pageIndex=1,2019,무,미부착,,개방 가능,공공누리 1유형,,,O,,,,,고시·공고,
411,세종학당재단,HOME > 알림마당 > 계약정보,계약정보,[계약완료] 2019년 세종한국어 문법 중급2 학습 앱 개발 사업,https://ksif.or.kr/cop/bbs/selectBoardArticle.do?nttId=9220000000999&bbsId=BBSMSTR_000000000201&pageIndex=1,2019,무,미부착,,개방 가능,공공누리 1유형,,,O,,,,,고시·공고,
412,세종학당재단,HOME > 알림마당 > 계약정보,계약정보,[재공고] 2019년 런던 해외언어박람회 한글관 운영 사업,https://ksif.or.kr/cop/bbs/selectBoardArticle.do?nttId=9220000000982&bbsId=BBSMSTR_000000000201&pageIndex=1,2019,유,미부착,,개방 가능,공공누리 1유형,,,O,,,,,고시·공고,
413,세종학당재단,HOME > 알림마당 > 계약정보,계약정보,[계약완료] 2019년 여행한국어 학습 앱 개발 사업,https://ksif.or.kr/cop/bbs/selectBoardArticle.do?nttId=9220000000981&bbsId=BBSMSTR_000000000201&pageIndex=1,2019,무,미부착,,개방 가능,공공누리 1유형,,,O,,,,,고시·공고,
414,세종학당재단,HOME > 알림마당 > 계약정보,계약정보,[계약완료] 2019년 세종학당 사업비 관리시스템 구축 사업,https://ksif.or.kr/cop/bbs/selectBoardArticle.do?nttId=9220000000980&bbsId=BBSMSTR_000000000201&pageIndex=1,2019,무,미부착,,개방 가능,공공누리 1유형,,,O,,,,,고시·공고,
415,세종학당재단,HOME > 알림마당 > 계약정보,계약정보,[계약완료] 세종학당 파견 교원 국외안전관리서비스 사업,https://ksif.or.kr/cop/bbs/selectBoardArticle.do?nttId=9220000000979&bbsId=BBSMSTR_000000000201&pageIndex=1,2019,무,미부착,,개방 가능,공공누리 1유형,,,O,,,,,고시·공고,
416,세종학당재단,HOME > 알림마당 > 계약정보,계약정보,[우선협상대상자] 2019 한글 창의 아이디어 공모전 운영 사업,https://ksif.or.kr/cop/bbs/selectBoardArticle.do?nttId=9220000000977&bbsId=BBSMSTR_000000000201&pageIndex=1,2019,무,미부착,,개방 가능,공공누리 1유형,,,O,,,,,고시·공고,
417,세종학당재단,HOME > 알림마당 > 계약정보,계약정보,[계약완료] 2019년 국외 파견 한국어 교원 국내교육 운영 사업,https://ksif.or.kr/cop/bbs/selectBoardArticle.do?nttId=9220000000975&bbsId=BBSMSTR_000000000201&pageIndex=1,2019,무,미부착,,개방 가능,공공누리 1유형,,,O,,,,,고시·공고,
418,세종학당재단,HOME > 알림마당 > 계약정보,계약정보,[입찰] 세종학당 교원 양성과정 오프라인 운영 사업,https://ksif.or.kr/cop/bbs/selectBoardArticle.do?nttId=9220000000974&bbsId=BBSMSTR_000000000201&pageIndex=1,2019,유,미부착,,개방 가능,공공누리 1유형,,,O,,,,,고시·공고,
419,세종학당재단,HOME > 알림마당 > 계약정보,계약정보,[입찰] 2019년 런던 해외언어박람회 한글관 운영 사업,https://ksif.or.kr/cop/bbs/selectBoardArticle.do?nttId=9220000000965&bbsId=BBSMSTR_000000000201&pageIndex=1,2019,유,미부착,,개방 가능,공공누리 1유형,,,O,,,,,고시·공고,
420,세종학당재단,HOME > 알림마당 > 계약정보,계약정보,[계약완료] 2019년 세종학당 온라인 한국어 강좌(초급) 교육과정 및 강의 콘텐츠 개발 사업,https://ksif.or.kr/cop/bbs/selectBoardArticle.do?nttId=9220000000963&bbsId=BBSMSTR_000000000201&pageIndex=1,2019,무,미부착,,개방 가능,공공누리 1유형,,,O,,,,,고시·공고,
421,세종학당재단,HOME > 알림마당 > 계약정보,계약정보,[계약완료] 2019 세계한국어교육자대회 운영 사업,https://ksif.or.kr/cop/bbs/selectBoardArticle.do?nttId=9220000000962&bbsId=BBSMSTR_000000000201&pageIndex=1,2019,무,미부착,,개방 가능,공공누리 1유형,,,O,,,,,고시·공고,
422,세종학당재단,HOME > 알림마당 > 계약정보,계약정보,[우선협상대상자] 2019년 여행한국어 학습 앱 개발 사업,https://ksif.or.kr/cop/bbs/selectBoardArticle.do?nttId=9220000000961&bbsId=BBSMSTR_000000000201&pageIndex=1,2019,무,미부착,,개방 가능,공공누리 1유형,,,O,,,,,고시·공고,
423,세종학당재단,HOME > 알림마당 > 계약정보,계약정보,[계약완료] 2019 세종학당 운영요원-학당장 아메리카 워크숍 운영 사업,https://ksif.or.kr/cop/bbs/selectBoardArticle.do?nttId=9220000000959&bbsId=BBSMSTR_000000000201&pageIndex=1,2019,무,미부착,,개방 가능,공공누리 1유형,,,O,,,,,고시·공고,
424,세종학당재단,HOME > 알림마당 > 계약정보,계약정보,[우선협상대상자] 2019년 국외 파견 한국어 교원 국내교육 운영 사업,https://ksif.or.kr/cop/bbs/selectBoardArticle.do?nttId=9220000000958&bbsId=BBSMSTR_000000000201&pageIndex=1,2019,무,미부착,,개방 가능,공공누리 1유형,,,O,,,,,고시·공고,
425,세종학당재단,HOME > 알림마당 > 계약정보,계약정보,[입찰]  2019 세종학당 우수학습자 초청 연수 운영 사업 입찰 공고,https://ksif.or.kr/cop/bbs/selectBoardArticle.do?nttId=9220000000956&bbsId=BBSMSTR_000000000201&pageIndex=1,2019,유,미부착,,개방 가능,공공누리 1유형,,,O,,,,,고시·공고,
426,세종학당재단,HOME > 알림마당 > 계약정보,계약정보,[계약완료] 2019년 누리-세종학당 활성화 지원 사업,https://ksif.or.kr/cop/bbs/selectBoardArticle.do?nttId=9220000000953&bbsId=BBSMSTR_000000000201&pageIndex=1,2019,무,미부착,,개방 가능,공공누리 1유형,,,O,,,,,고시·공고,
427,세종학당재단,HOME > 알림마당 > 계약정보,계약정보,[우선협상대상자] 2019년 세종학당 온라인 한국어 강좌(초급) 교육과정 및 강의 콘텐츠 개발 사업,https://ksif.or.kr/cop/bbs/selectBoardArticle.do?nttId=9220000000952&bbsId=BBSMSTR_000000000201&pageIndex=1,2019,무,미부착,,개방 가능,공공누리 1유형,,,O,,,,,고시·공고,
428,세종학당재단,HOME > 알림마당 > 계약정보,계약정보,[우선협상대상자]  세종학당 파견 교원 국외안전관리서비스 사업,https://ksif.or.kr/cop/bbs/selectBoardArticle.do?nttId=9220000000951&bbsId=BBSMSTR_000000000201&pageIndex=1,2019,무,미부착,,개방 가능,공공누리 1유형,,,O,,,,,고시·공고,
429,세종학당재단,HOME > 알림마당 > 계약정보,계약정보,[재공고] 2019년 세종학당 운영평가 지표 재정비 연구 사업 입찰 재공고,https://ksif.or.kr/cop/bbs/selectBoardArticle.do?nttId=9220000000949&bbsId=BBSMSTR_000000000201&pageIndex=1,2019,유,미부착,,개방 가능,공공누리 1유형,,,O,,,,,고시·공고,
430,세종학당재단,HOME > 알림마당 > 계약정보,계약정보,[재공고] 2019년 세종한국어 문법 중급2 학습 앱 개발 사업 입찰 재공고,https://ksif.or.kr/cop/bbs/selectBoardArticle.do?nttId=9220000000942&bbsId=BBSMSTR_000000000201&pageIndex=1,2019,유,미부착,,개방 가능,공공누리 1유형,,,O,,,,,고시·공고,
431,세종학당재단,HOME > 알림마당 > 계약정보,계약정보,"[재공고] 2019년 세종한국어 회화,발음 중급2 학습 앱 개발 사업 입찰 재공고",https://ksif.or.kr/cop/bbs/selectBoardArticle.do?nttId=9220000000935&bbsId=BBSMSTR_000000000201&pageIndex=1,2019,유,미부착,,개방 가능,공공누리 1유형,,,O,,,,,고시·공고,
432,세종학당재단,HOME > 알림마당 > 계약정보,계약정보,[계약완료] 세종학당재단 한국어 숙달도 평가 도구 개발 연구 사업,https://ksif.or.kr/cop/bbs/selectBoardArticle.do?nttId=9220000000913&bbsId=BBSMSTR_000000000201&pageIndex=1,2019,무,미부착,,개방 가능,공공누리 1유형,,,O,,,,,고시·공고,
433,세종학당재단,HOME > 알림마당 > 계약정보,계약정보,[계약완료] 세종학당재단 소식지 제작 및 배포사업,https://ksif.or.kr/cop/bbs/selectBoardArticle.do?nttId=9220000000912&bbsId=BBSMSTR_000000000201&pageIndex=1,2019,무,미부착,,개방 가능,공공누리 1유형,,,O,,,,,고시·공고,
434,세종학당재단,HOME > 알림마당 > 계약정보,계약정보,[계약완료] 누리-세종학당 온라인 한국어 레벨테스트 신규 문항 개발 사업,https://ksif.or.kr/cop/bbs/selectBoardArticle.do?nttId=9220000000911&bbsId=BBSMSTR_000000000201&pageIndex=1,2019,무,미부착,,개방 가능,공공누리 1유형,,,O,,,,,고시·공고,
435,세종학당재단,HOME > 알림마당 > 계약정보,계약정보,[계약완료] 2019년 세종한국어 회화 성취도 평가 개발 사업,https://ksif.or.kr/cop/bbs/selectBoardArticle.do?nttId=9220000000910&bbsId=BBSMSTR_000000000201&pageIndex=1,2019,무,미부착,,개방 가능,공공누리 1유형,,,O,,,,,고시·공고,
436,세종학당재단,HOME > 알림마당 > 계약정보,계약정보,[계약완료] 2019년 세종한국어 성취도 평가 개발 사업,https://ksif.or.kr/cop/bbs/selectBoardArticle.do?nttId=9220000000909&bbsId=BBSMSTR_000000000201&pageIndex=1,2019,무,미부착,,개방 가능,공공누리 1유형,,,O,,,,,고시·공고,
437,세종학당재단,HOME > 알림마당 > 계약정보,계약정보,[계약완료] 2019년 세종학당 현지 채용 교원 지역별 워크숍 운영 사업,https://ksif.or.kr/cop/bbs/selectBoardArticle.do?nttId=9220000000908&bbsId=BBSMSTR_000000000201&pageIndex=1,2019,무,미부착,,개방 가능,공공누리 1유형,,,O,,,,,고시·공고,
438,세종학당재단,HOME > 알림마당 > 계약정보,계약정보,[계약완료] 2019년 누리-세종학당 시스템 운영 및 유지관리 사업,https://ksif.or.kr/cop/bbs/selectBoardArticle.do?nttId=9220000000907&bbsId=BBSMSTR_000000000201&pageIndex=1,2019,무,미부착,,개방 가능,공공누리 1유형,,,O,,,,,고시·공고,
439,세종학당재단,HOME > 알림마당 > 계약정보,계약정보,"[계약완료] 2019년 결혼이민자를 위한 세종한국어1,2 교육자료 및 성취도 평가 개발 사업",https://ksif.or.kr/cop/bbs/selectBoardArticle.do?nttId=9220000000906&bbsId=BBSMSTR_000000000201&pageIndex=1,2019,무,미부착,,개방 가능,공공누리 1유형,,,O,,,,,고시·공고,
440,세종학당재단,HOME > 알림마당 > 계약정보,계약정보,[우선협상대상자] 2019 세종학당 운영요원-학당장 아메리카 워크숍 운영 사업,https://ksif.or.kr/cop/bbs/selectBoardArticle.do?nttId=9220000000902&bbsId=BBSMSTR_000000000201&pageIndex=1,2019,무,미부착,,개방 가능,공공누리 1유형,,,O,,,,,고시·공고,
441,세종학당재단,HOME > 알림마당 > 계약정보,계약정보,[우선협상대상자] 2019년 누리-세종학당 활성화 지원 사업,https://ksif.or.kr/cop/bbs/selectBoardArticle.do?nttId=9220000000901&bbsId=BBSMSTR_000000000201&pageIndex=1,2019,무,미부착,,개방 가능,공공누리 1유형,,,O,,,,,고시·공고,
442,세종학당재단,HOME > 알림마당 > 계약정보,계약정보,[우선협상대상자]  2019년 누리-세종학당 시스템 운영 및 유지관리 사업,https://ksif.or.kr/cop/bbs/selectBoardArticle.do?nttId=9220000000892&bbsId=BBSMSTR_000000000201&pageIndex=1,2019,무,미부착,,개방 가능,공공누리 1유형,,,O,,,,,고시·공고,
443,세종학당재단,HOME > 알림마당 > 계약정보,계약정보,[우선협상대상자] 2019년 세종학당재단 소식지 제작 및 배포 사업,https://ksif.or.kr/cop/bbs/selectBoardArticle.do?nttId=9220000000891&bbsId=BBSMSTR_000000000201&pageIndex=1,2019,무,미부착,,개방 가능,공공누리 1유형,,,O,,,,,고시·공고,
444,세종학당재단,HOME > 알림마당 > 계약정보,계약정보,[입찰] 2019 한글 창의 아이디어 공모전 운영 사업 입찰 공고,https://ksif.or.kr/cop/bbs/selectBoardArticle.do?nttId=9220000000881&bbsId=BBSMSTR_000000000201&pageIndex=1,2019,유,미부착,,개방 가능,공공누리 1유형,,,O,,,,,고시·공고,
445,세종학당재단,HOME > 알림마당 > 계약정보,계약정보,[입찰] 2019년 세종학당 온라인 학습 플랫폼 구축 사업 입찰 공고,https://ksif.or.kr/cop/bbs/selectBoardArticle.do?nttId=9220000000877&bbsId=BBSMSTR_000000000201&pageIndex=1,2019,유,미부착,,개방 가능,공공누리 1유형,,,O,,,,,고시·공고,
446,세종학당재단,HOME > 알림마당 > 계약정보,계약정보,[입찰] 세종학당 교원 양성과정 오프라인 운영 사업 입찰 공고,https://ksif.or.kr/cop/bbs/selectBoardArticle.do?nttId=9220000000860&bbsId=BBSMSTR_000000000201&pageIndex=1,2019,유,미부착,,개방 가능,공공누리 1유형,,,O,,,,,고시·공고,
447,세종학당재단,HOME > 알림마당 > 계약정보,계약정보,"[수정공고]  2019년 세종한국어 회화,발음 중급2 학습 앱 개발 사업 입찰 공고",https://ksif.or.kr/cop/bbs/selectBoardArticle.do?nttId=9220000000848&bbsId=BBSMSTR_000000000201&pageIndex=1,2019,유,미부착,,개방 가능,공공누리 1유형,,,O,,,,,고시·공고,
448,세종학당재단,HOME > 알림마당 > 계약정보,계약정보,[입찰] 2019년 세종한국어 문법 중급2 학습 앱 개발 사업 입찰 공고,https://ksif.or.kr/cop/bbs/selectBoardArticle.do?nttId=9220000000827&bbsId=BBSMSTR_000000000201&pageIndex=1,2019,유,미부착,,개방 가능,공공누리 1유형,,,O,,,,,고시·공고,
449,세종학당재단,HOME > 알림마당 > 계약정보,계약정보,[재공고] 2019년 국외 파견 한국어 교원 국내교육 운영 사업,https://ksif.or.kr/cop/bbs/selectBoardArticle.do?nttId=9220000000826&bbsId=BBSMSTR_000000000201&pageIndex=1,2019,유,미부착,,개방 가능,공공누리 1유형,,,O,,,,,고시·공고,
450,세종학당재단,HOME > 알림마당 > 계약정보,계약정보,[재공고] 2019년 세종학당 사업비 관리시스템 구축 사업,https://ksif.or.kr/cop/bbs/selectBoardArticle.do?nttId=9220000000825&bbsId=BBSMSTR_000000000201&pageIndex=1,2019,유,미부착,,개방 가능,공공누리 1유형,,,O,,,,,고시·공고,
451,세종학당재단,HOME > 알림마당 > 계약정보,계약정보,[입찰] 2019년 세종학당 운영평가 지표 재정비 연구 사업 입찰 공고,https://ksif.or.kr/cop/bbs/selectBoardArticle.do?nttId=9220000000824&bbsId=BBSMSTR_000000000201&pageIndex=1,2019,유,미부착,,개방 가능,공공누리 1유형,,,O,,,,,고시·공고,
452,세종학당재단,HOME > 알림마당 > 계약정보,계약정보,[입찰] 2019년 여행한국어 학습 앱 개발 사업 입찰 공고,https://ksif.or.kr/cop/bbs/selectBoardArticle.do?nttId=9220000000823&bbsId=BBSMSTR_000000000201&pageIndex=1,2019,유,미부착,,개방 가능,공공누리 1유형,,,O,,,,,고시·공고,
453,세종학당재단,HOME > 알림마당 > 계약정보,계약정보,"[입찰] 2019년 세종한국어 회화,발음 중급2 학습 앱 개발 사업 입찰 공고",https://ksif.or.kr/cop/bbs/selectBoardArticle.do?nttId=9220000000822&bbsId=BBSMSTR_000000000201&pageIndex=1,2019,유,미부착,,개방 가능,공공누리 1유형,,,O,,,,,고시·공고,
454,세종학당재단,HOME > 알림마당 > 계약정보,계약정보,[재공고] 2019 세계한국어교육자대회 운영 사업 입찰 재공고,https://ksif.or.kr/cop/bbs/selectBoardArticle.do?nttId=9220000000821&bbsId=BBSMSTR_000000000201&pageIndex=1,2019,유,미부착,,개방 가능,공공누리 1유형,,,O,,,,,고시·공고,
455,세종학당재단,HOME > 알림마당 > 계약정보,계약정보,[재공고] 세종학당 파견 교원 국외안전관리서비스 사업 입찰 재공고,https://ksif.or.kr/cop/bbs/selectBoardArticle.do?nttId=9220000000819&bbsId=BBSMSTR_000000000201&pageIndex=1,2019,유,미부착,,개방 가능,공공누리 1유형,,,O,,,,,고시·공고,
456,세종학당재단,HOME > 알림마당 > 계약정보,계약정보,[3차공고] 2019년 누리-세종학당 활성화 지원 사업,https://ksif.or.kr/cop/bbs/selectBoardArticle.do?nttId=9220000000818&bbsId=BBSMSTR_000000000201&pageIndex=1,2019,유,미부착,,개방 가능,공공누리 1유형,,,O,,,,,고시·공고,
457,세종학당재단,HOME > 알림마당 > 계약정보,계약정보,[입찰] 2019년 국외 파견 한국어 교원 국내교육 운영 사업  입찰 공고,https://ksif.or.kr/cop/bbs/selectBoardArticle.do?nttId=9220000000817&bbsId=BBSMSTR_000000000201&pageIndex=1,2019,유,미부착,,개방 가능,공공누리 1유형,,,O,,,,,고시·공고,
458,세종학당재단,HOME > 알림마당 > 계약정보,계약정보,[입찰] 2019년 세종학당 온라인 한국어 강좌(초급) 교육과정 및 강의 콘텐츠 개발 사업 입찰 공고,https://ksif.or.kr/cop/bbs/selectBoardArticle.do?nttId=9220000000813&bbsId=BBSMSTR_000000000201&pageIndex=1,2019,유,미부착,,개방 가능,공공누리 1유형,,,O,,,,,고시·공고,
459,세종학당재단,HOME > 알림마당 > 계약정보,계약정보,[입찰] 2019년 세종학당 사업비 관리시스템 구축 사업 입찰 공고,https://ksif.or.kr/cop/bbs/selectBoardArticle.do?nttId=9220000000803&bbsId=BBSMSTR_000000000201&pageIndex=1,2019,유,미부착,,개방 가능,공공누리 1유형,,,O,,,,,고시·공고,
460,세종학당재단,HOME > 알림마당 > 계약정보,계약정보,[입찰] 2019 세종학당 운영요원-학당장 아메리카 워크숍 운영 사업 입찰 공고,https://ksif.or.kr/cop/bbs/selectBoardArticle.do?nttId=9220000000801&bbsId=BBSMSTR_000000000201&pageIndex=1,2019,유,미부착,,개방 가능,공공누리 1유형,,,O,,,,,고시·공고,
461,세종학당재단,HOME > 알림마당 > 계약정보,계약정보,[입찰] 2019 세계한국어교육자대회 운영 사업 입찰 공고,https://ksif.or.kr/cop/bbs/selectBoardArticle.do?nttId=9220000000800&bbsId=BBSMSTR_000000000201&pageIndex=1,2019,유,미부착,,개방 가능,공공누리 1유형,,,O,,,,,고시·공고,
462,세종학당재단,HOME > 알림마당 > 계약정보,계약정보,[입찰] 세종학당 파견 교원 국외안전관리서비스 사업 입찰 공고,https://ksif.or.kr/cop/bbs/selectBoardArticle.do?nttId=9220000000788&bbsId=BBSMSTR_000000000201&pageIndex=1,2019,유,미부착,,개방 가능,공공누리 1유형,,,O,,,,,고시·공고,
463,세종학당재단,HOME > 알림마당 > 계약정보,계약정보,[재공고] 누리-세종학당 온라인 한국어 레벨테스트 신규 문항 개발 사업 입찰 공고,https://ksif.or.kr/cop/bbs/selectBoardArticle.do?nttId=9220000000786&bbsId=BBSMSTR_000000000201&pageIndex=1,2019,유,미부착,,개방 가능,공공누리 1유형,,,O,,,,,고시·공고,
464,세종학당재단,HOME > 알림마당 > 계약정보,계약정보,[재공고] 2019년 <세종한국어 회화> 성취도 평가 개발 사업 입찰 공고,https://ksif.or.kr/cop/bbs/selectBoardArticle.do?nttId=9220000000785&bbsId=BBSMSTR_000000000201&pageIndex=1,2019,유,미부착,,개방 가능,공공누리 1유형,,,O,,,,,고시·공고,
465,세종학당재단,HOME > 알림마당 > 계약정보,계약정보,[재공고] 2019년 <세종한국어> 성취도 평가 개발 사업 입찰 공고,https://ksif.or.kr/cop/bbs/selectBoardArticle.do?nttId=9220000000784&bbsId=BBSMSTR_000000000201&pageIndex=1,2019,유,미부착,,개방 가능,공공누리 1유형,,,O,,,,,고시·공고,
466,세종학당재단,HOME > 알림마당 > 계약정보,계약정보,[재공고] 2019년 누리-세종학당 활성화 지원 사업 입찰 재공고,https://ksif.or.kr/cop/bbs/selectBoardArticle.do?nttId=9220000000782&bbsId=BBSMSTR_000000000201&pageIndex=1,2019,유,미부착,,개방 가능,공공누리 1유형,,,O,,,,,고시·공고,
467,세종학당재단,HOME > 알림마당 > 계약정보,계약정보,[입찰] 2019년 누리-세종학당 시스템 운영 및 유지관리 사업 입찰 공고,https://ksif.or.kr/cop/bbs/selectBoardArticle.do?nttId=9220000000781&bbsId=BBSMSTR_000000000201&pageIndex=1,2019,유,미부착,,개방 가능,공공누리 1유형,,,O,,,,,고시·공고,
468,세종학당재단,HOME > 알림마당 > 계약정보,계약정보,"[재공고] 2019년 결혼이민자를 위한 세종한국어1,2 교육자료 및 성취도 평가 개발 사업 입찰 재공고",https://ksif.or.kr/cop/bbs/selectBoardArticle.do?nttId=9220000000780&bbsId=BBSMSTR_000000000201&pageIndex=1,2019,유,미부착,,개방 가능,공공누리 1유형,,,O,,,,,고시·공고,
469,세종학당재단,HOME > 알림마당 > 계약정보,계약정보,[재공고] 2019년 세종학당 현지 채용 교원 지역별 워크숍 운영 사업 입찰 재공고,https://ksif.or.kr/cop/bbs/selectBoardArticle.do?nttId=9220000000778&bbsId=BBSMSTR_000000000201&pageIndex=1,2019,유,미부착,,개방 가능,공공누리 1유형,,,O,,,,,고시·공고,
470,세종학당재단,HOME > 알림마당 > 계약정보,계약정보,[재공고] 세종학당재단 한국어 숙달도 평가 도구 개발 연구 사업 입찰 재공고,https://ksif.or.kr/cop/bbs/selectBoardArticle.do?nttId=9220000000776&bbsId=BBSMSTR_000000000201&pageIndex=1,2019,유,미부착,,개방 가능,공공누리 1유형,,,O,,,,,고시·공고,
471,세종학당재단,HOME > 알림마당 > 계약정보,계약정보,[입찰] 2019년 세종학당재단 소식지 제작 및 배포 사업 입찰 공고,https://ksif.or.kr/cop/bbs/selectBoardArticle.do?nttId=9220000000772&bbsId=BBSMSTR_000000000201&pageIndex=1,2019,유,미부착,,개방 가능,공공누리 1유형,,,O,,,,,고시·공고,
472,세종학당재단,HOME > 알림마당 > 계약정보,계약정보,[입찰] 2019년 누리-세종학당 활성화 지원 사업 입찰 공고,https://ksif.or.kr/cop/bbs/selectBoardArticle.do?nttId=9220000000768&bbsId=BBSMSTR_000000000201&pageIndex=1,2019,유,미부착,,개방 가능,공공누리 1유형,,,O,,,,,고시·공고,
473,세종학당재단,HOME > 알림마당 > 계약정보,계약정보,[입찰] 세종학당재단 한국어 숙달도 평가 도구 개발 연구 사업 입찰 공고,https://ksif.or.kr/cop/bbs/selectBoardArticle.do?nttId=9220000000765&bbsId=BBSMSTR_000000000201&pageIndex=1,2019,유,미부착,,개방 가능,공공누리 1유형,,,O,,,,,고시·공고,
474,세종학당재단,HOME > 알림마당 > 계약정보,계약정보,"[입찰] 2019년 결혼이민자를 위한 세종한국어1,2 교육자료 및 성취도 평가 개발 사업 입찰 공고",https://ksif.or.kr/cop/bbs/selectBoardArticle.do?nttId=9220000000764&bbsId=BBSMSTR_000000000201&pageIndex=1,2019,유,미부착,,개방 가능,공공누리 1유형,,,O,,,,,고시·공고,
475,세종학당재단,HOME > 알림마당 > 계약정보,계약정보,[변경공고] 누리-세종학당 온라인 한국어 레벨테스트 신규 문항 개발 사업 입찰 공고,https://ksif.or.kr/cop/bbs/selectBoardArticle.do?nttId=9220000000763&bbsId=BBSMSTR_000000000201&pageIndex=1,2019,유,미부착,,개방 가능,공공누리 1유형,,,O,,,,,고시·공고,
476,세종학당재단,HOME > 알림마당 > 계약정보,계약정보,[변경공고] 2019년 <세종한국어 회화> 성취도 평가 개발 사업 입찰 공고,https://ksif.or.kr/cop/bbs/selectBoardArticle.do?nttId=9220000000762&bbsId=BBSMSTR_000000000201&pageIndex=1,2019,유,미부착,,개방 가능,공공누리 1유형,,,O,,,,,고시·공고,
477,세종학당재단,HOME > 알림마당 > 계약정보,계약정보,[변경공고] 2019년 <세종한국어> 성취도 평가 개발 사업 입찰 공고,https://ksif.or.kr/cop/bbs/selectBoardArticle.do?nttId=9220000000761&bbsId=BBSMSTR_000000000201&pageIndex=1,2019,유,미부착,,개방 가능,공공누리 1유형,,,O,,,,,고시·공고,
478,세종학당재단,HOME > 알림마당 > 계약정보,계약정보,[입찰] 2019년 세종학당 현지 채용 교원 지역별 워크숍 운영 사업 입찰 공고,https://ksif.or.kr/cop/bbs/selectBoardArticle.do?nttId=9220000000744&bbsId=BBSMSTR_000000000201&pageIndex=1,2019,유,미부착,,개방 가능,공공누리 1유형,,,O,,,,,고시·공고,
479,세종학당재단,HOME > 알림마당 > 계약정보,계약정보,「2019년 세종학당재단 연간 발주 계획 공고」,https://ksif.or.kr/cop/bbs/selectBoardArticle.do?nttId=9220000000705&bbsId=BBSMSTR_000000000201&pageIndex=1,2019,유,미부착,,개방 가능,공공누리 1유형,,,O,,,,,고시·공고,
480,세종학당재단,HOME > 알림마당 > 공지사항,공지사항,[한국공예디자인문화진흥원] 한식 문화상자 보급지원 공모,https://ksif.or.kr/cop/bbs/selectBoardArticle.do?nttId=9220000006184&bbsId=BBSMSTR_000000000001&pageIndex=1,2024,유,미부착,,내부확인 필요,공공누리 2~4유형,,,,,O,,,타기관 작성 자료 / 외부이미지 포함(포스터),
481,세종학당재단,HOME > 알림마당 > 공지사항,공지사항,2024 세종학당 한국어 말하기･쓰기 대회 / 2024 King Sejong Institute Korean Speaking&Writing Contest,https://ksif.or.kr/cop/bbs/selectBoardArticle.do?nttId=9220000006161&bbsId=BBSMSTR_000000000001&pageIndex=1,2024,무,미부착,,내부확인 필요,공공누리 2~4유형,,,,,O,,,타기관 작성 자료 / 외부이미지 포함(포스터),
482,세종학당재단,HOME > 알림마당 > 공지사항,공지사항,[국립아시아문화전당(ACC)] 가슴에 묻은 오월이야기 행사 안내,https://ksif.or.kr/cop/bbs/selectBoardArticle.do?nttId=9220000006120&bbsId=BBSMSTR_000000000001&pageIndex=1,2024,무,미부착,,내부확인 필요,공공누리 2~4유형,,,,,O,,,타기관 작성 자료 / 외부이미지 포함(포스터),
483,세종학당재단,HOME > 알림마당 > 공지사항,공지사항,세종과의 하루 행사 안내,https://ksif.or.kr/cop/bbs/selectBoardArticle.do?nttId=9220000006118&bbsId=BBSMSTR_000000000001&pageIndex=1,2024,무,미부착,,내부확인 필요,공공누리 2~4유형,,,,,O,,,타기관 작성 자료 / 외부이미지 포함(포스터),
484,세종학당재단,HOME > 알림마당 > 공지사항,공지사항,2024년 세종학당 통신원 모집 공고,https://ksif.or.kr/cop/bbs/selectBoardArticle.do?nttId=9220000006096&bbsId=BBSMSTR_000000000001&pageIndex=1,2024,유,미부착,,내부확인 필요,공공누리 2~4유형,,,,,O,,,외부이미지 포함(포스터),
485,세종학당재단,HOME > 알림마당 > 공지사항,공지사항,[국립아시아문화전당] 정기투어 안내,https://ksif.or.kr/cop/bbs/selectBoardArticle.do?nttId=9220000006080&bbsId=BBSMSTR_000000000001&pageIndex=1,2024,무,미부착,,내부확인 필요,공공누리 2~4유형,,,,,O,,,타기관 작성 자료,
486,세종학당재단,HOME > 알림마당 > 공지사항,공지사항,"제62회 스포츠주간 안내, 당신의 스포츠를 보여주세요",https://ksif.or.kr/cop/bbs/selectBoardArticle.do?nttId=9220000006074&bbsId=BBSMSTR_000000000001&pageIndex=1,2024,무,미부착,,내부확인 필요,공공누리 2~4유형,,,,,O,,,타기관 작성 자료 / 외부이미지 포함(포스터),
487,세종학당재단,HOME > 알림마당 > 공지사항,공지사항,영상물등급위원회 교육포털 네이밍 공모전 안내,https://ksif.or.kr/cop/bbs/selectBoardArticle.do?nttId=9220000006058&bbsId=BBSMSTR_000000000001&pageIndex=1,2024,무,미부착,,내부확인 필요,공공누리 2~4유형,,,,,O,,,타기관 작성 자료 / 외부이미지 포함(포스터),
488,세종학당재단,HOME > 알림마당 > 공지사항,공지사항,2024년 신규 일반 세종학당 지정 서류 심사 결과 안내,https://ksif.or.kr/cop/bbs/selectBoardArticle.do?nttId=9220000006053&bbsId=BBSMSTR_000000000001&pageIndex=1,2024,유,미부착,,개방 가능,공공누리 1유형,,,O,,,,,고시·공고,
489,세종학당재단,HOME > 알림마당 > 공지사항,공지사항,2024년 협업형 세종학당 신규 지정 서류 심사 결과 안내,https://ksif.or.kr/cop/bbs/selectBoardArticle.do?nttId=9220000006052&bbsId=BBSMSTR_000000000001&pageIndex=1,2024,유,미부착,,개방 가능,공공누리 1유형,,,O,,,,,고시·공고,
490,세종학당재단,HOME > 알림마당 > 공지사항,공지사항,의료개혁 관련 QnA 및 팩트체크 전자책(E-book) 자료,https://ksif.or.kr/cop/bbs/selectBoardArticle.do?nttId=9220000006019&bbsId=BBSMSTR_000000000001&pageIndex=1,2024,무,미부착,,내부확인 필요,공공누리 2~4유형,,,,,O,,,타기관 작성 자료 / 외부이미지 포함(포스터),
491,세종학당재단,HOME > 알림마당 > 공지사항,공지사항,Recruiting 2024 Honorary Reporters and K-influencers,https://ksif.or.kr/cop/bbs/selectBoardArticle.do?nttId=9220000006017&bbsId=BBSMSTR_000000000001&pageIndex=1,2024,유,미부착,,내부확인 필요,공공누리 2~4유형,,,,,O,,,타기관 작성 자료 / 외부이미지 포함(포스터),
492,세종학당재단,HOME > 알림마당 > 공지사항,공지사항,2024년 녹색제품 구매이행 계획,https://ksif.or.kr/cop/bbs/selectBoardArticle.do?nttId=9220000005975&bbsId=BBSMSTR_000000000001&pageIndex=1,2024,유,미부착,,개방 가능,공공누리 1유형,,,O,,,,,고시·공고,
493,세종학당재단,HOME > 알림마당 > 공지사항,공지사항,규제개혁신문고 활용 안내,https://ksif.or.kr/cop/bbs/selectBoardArticle.do?nttId=9220000005948&bbsId=BBSMSTR_000000000001&pageIndex=1,2024,유,미부착,,내부확인 필요,공공누리 2~4유형,,,,,O,,,타기관 작성 자료 / 외부이미지 포함(포스터),
494,세종학당재단,HOME > 알림마당 > 공지사항,공지사항,청년DB 1주년 기념 이벤트 안내,https://ksif.or.kr/cop/bbs/selectBoardArticle.do?nttId=9220000005942&bbsId=BBSMSTR_000000000001&pageIndex=1,2024,유,미부착,,내부확인 필요,공공누리 2~4유형,,,,,O,,,타기관 작성 자료 / 외부이미지 포함(포스터),
495,세종학당재단,HOME > 알림마당 > 공지사항,공지사항,2024년 협업형 세종학당 지정 신청기간 연장 안내,https://ksif.or.kr/cop/bbs/selectBoardArticle.do?nttId=9220000005934&bbsId=BBSMSTR_000000000001&pageIndex=1,2024,유,미부착,,개방 가능,공공누리 1유형,,,O,,,,,고시·공고,
496,세종학당재단,HOME > 알림마당 > 공지사항,공지사항,2024년 신규 세종학당 지정 신청기간 연장 안내,https://ksif.or.kr/cop/bbs/selectBoardArticle.do?nttId=9220000005933&bbsId=BBSMSTR_000000000001&pageIndex=1,2024,유,미부착,,개방 가능,공공누리 1유형,,,O,,,,,고시·공고,
497,세종학당재단,HOME > 알림마당 > 공지사항,공지사항,세종학당 인턴 교원 네이밍 공모전 결과 안내,https://ksif.or.kr/cop/bbs/selectBoardArticle.do?nttId=9220000005881&bbsId=BBSMSTR_000000000001&pageIndex=1,2024,무,미부착,,내부확인 필요,공공누리 2~4유형,,,,,O,,,외부이미지 포함(포스터),
498,세종학당재단,HOME > 알림마당 > 공지사항,공지사항,세종학당재단 토론회 개최 안내(지속가능한 한류 확산을 위한 세종학당 현지화 전략),https://ksif.or.kr/cop/bbs/selectBoardArticle.do?nttId=9220000005826&bbsId=BBSMSTR_000000000001&pageIndex=1,2023,무,미부착,,내부확인 필요,공공누리 2~4유형,,,,,O,,,외부이미지 포함(포스터),
499,세종학당재단,HOME > 알림마당 > 공지사항,공지사항,2024년 세종학당재단 신년 인사,https://ksif.or.kr/cop/bbs/selectBoardArticle.do?nttId=9220000005825&bbsId=BBSMSTR_000000000001&pageIndex=1,2023,무,미부착,,내부확인 필요,공공누리 2~4유형,,,,,O,,,외부이미지 포함(포스터),
500,세종학당재단,HOME > 알림마당 > 공지사항,공지사항,2024년 협업형 세종학당 지정 신청 안내,https://ksif.or.kr/cop/bbs/selectBoardArticle.do?nttId=9220000005771&bbsId=BBSMSTR_000000000001&pageIndex=1,2023,유,미부착,,개방 가능,공공누리 1유형,,,O,,,,,고시·공고,
501,세종학당재단,HOME > 알림마당 > 공지사항,공지사항,2024년 신규 세종학당 지정 신청 안내,https://ksif.or.kr/cop/bbs/selectBoardArticle.do?nttId=9220000005770&bbsId=BBSMSTR_000000000001&pageIndex=1,2023,유,미부착,,개방 가능,공공누리 1유형,,,O,,,,,고시·공고,
502,세종학당재단,HOME > 알림마당 > 공지사항,공지사항,2024 세종학당 문화 인턴 파견 사업 설명회,https://ksif.or.kr/cop/bbs/selectBoardArticle.do?nttId=9220000005720&bbsId=BBSMSTR_000000000001&pageIndex=1,2023,무,미부착,,내부확인 필요,공공누리 2~4유형,,,,,O,,,외부이미지 포함(포스터),
503,세종학당재단,HOME > 알림마당 > 공지사항,공지사항,2024 강원 동계청소년올림픽대회 경기티켓 무료예매 안내,https://ksif.or.kr/cop/bbs/selectBoardArticle.do?nttId=9220000005717&bbsId=BBSMSTR_000000000001&pageIndex=1,2023,무,미부착,,내부확인 필요,공공누리 2~4유형,,,,,O,,,타기관 작성 자료 / 외부이미지 포함(포스터),
504,세종학당재단,HOME > 알림마당 > 공지사항,공지사항,세종학당재단 홍보물 구독자 만족도 조사 이벤트 / Satisfaction Survey Event,https://ksif.or.kr/cop/bbs/selectBoardArticle.do?nttId=9220000005681&bbsId=BBSMSTR_000000000001&pageIndex=1,2023,유,미부착,,내부확인 필요,공공누리 2~4유형,,,,,O,,,외부이미지 포함(포스터),
505,세종학당재단,HOME > 알림마당 > 공지사항,공지사항,2023년 협업형 세종학당 추가 공모 지정 결과 안내,https://ksif.or.kr/cop/bbs/selectBoardArticle.do?nttId=9220000005679&bbsId=BBSMSTR_000000000001&pageIndex=1,2023,유,미부착,,개방 가능,공공누리 1유형,,,O,,,,,고시·공고,
506,세종학당재단,HOME > 알림마당 > 공지사항,공지사항,11월 화재대비 민방위 훈련 실시 안내,https://ksif.or.kr/cop/bbs/selectBoardArticle.do?nttId=9220000005659&bbsId=BBSMSTR_000000000001&pageIndex=1,2023,유,미부착,,내부확인 필요,공공누리 2~4유형,,,,,O,,,타기관 작성 자료 / 외부이미지 포함(포스터),
507,세종학당재단,HOME > 알림마당 > 공지사항,공지사항,2023 세종한국어평가(SKA) 말하기 및 쓰기 채점자 양성과정 교육생 모집,https://ksif.or.kr/cop/bbs/selectBoardArticle.do?nttId=9220000005657&bbsId=BBSMSTR_000000000001&pageIndex=1,2023,무,미부착,,내부확인 필요,공공누리 2~4유형,,,,,O,,,외부이미지 포함(포스터),
508,세종학당재단,HOME > 알림마당 > 공지사항,공지사항,세종학당 인턴 교원 네이밍 공모전 안내,https://ksif.or.kr/cop/bbs/selectBoardArticle.do?nttId=9220000005646&bbsId=BBSMSTR_000000000001&pageIndex=1,2023,유,미부착,,내부확인 필요,공공누리 2~4유형,,,,,O,,,외부이미지 포함(포스터),
509,세종학당재단,HOME > 알림마당 > 공지사항,공지사항,[모집]2024년 상반기 세종학당재단 장학생 모집 안내,https://ksif.or.kr/cop/bbs/selectBoardArticle.do?nttId=9220000005604&bbsId=BBSMSTR_000000000001&pageIndex=1,2023,유,미부착,,개방 가능,공공누리 1유형,,,O,,,,,고시·공고,
510,세종학당재단,HOME > 알림마당 > 공지사항,공지사항,2023 세종학당재단 추석 인사,https://ksif.or.kr/cop/bbs/selectBoardArticle.do?nttId=9220000005603&bbsId=BBSMSTR_000000000001&pageIndex=1,2023,무,미부착,,내부확인 필요,공공누리 2~4유형,,,,,O,,,외부이미지 포함(포스터),
511,세종학당재단,HOME > 알림마당 > 공지사항,공지사항,추석 연휴 기간 휴무 안내 / Announcement for Chuseok holiday,https://ksif.or.kr/cop/bbs/selectBoardArticle.do?nttId=9220000005602&bbsId=BBSMSTR_000000000001&pageIndex=1,2023,무,미부착,,내부확인 필요,공공누리 2~4유형,,,,,O,,,외부이미지 포함(포스터),
512,세종학당재단,HOME > 알림마당 > 공지사항,공지사항,2023 동행 축제 안내,https://ksif.or.kr/cop/bbs/selectBoardArticle.do?nttId=9220000005593&bbsId=BBSMSTR_000000000001&pageIndex=1,2023,무,미부착,,내부확인 필요,공공누리 2~4유형,,,,,O,,,타기관 작성 자료 / 외부이미지 포함(포스터),
513,세종학당재단,HOME > 알림마당 > 공지사항,공지사항,2023 한글주간 안내,https://ksif.or.kr/cop/bbs/selectBoardArticle.do?nttId=9220000005590&bbsId=BBSMSTR_000000000001&pageIndex=1,2023,무,미부착,,내부확인 필요,공공누리 2~4유형,,,,,O,,,타기관 작성 자료 / 외부이미지 포함(포스터),
514,세종학당재단,HOME > 알림마당 > 공지사항,공지사항,2023년 지진안전주간 운영 안내,https://ksif.or.kr/cop/bbs/selectBoardArticle.do?nttId=9220000005587&bbsId=BBSMSTR_000000000001&pageIndex=1,2023,무,미부착,,내부확인 필요,공공누리 2~4유형,,,,,O,,,타기관 작성 자료 / 외부이미지 포함(포스터),
515,세종학당재단,HOME > 알림마당 > 공지사항,공지사항,「2023 세종학당 우수학습자 초청 연수」에 함께할 대학생 자원봉사자(이끄미) 모집,https://ksif.or.kr/cop/bbs/selectBoardArticle.do?nttId=9220000005584&bbsId=BBSMSTR_000000000001&pageIndex=1,2023,유,미부착,,내부확인 필요,공공누리 2~4유형,,,,,O,,,외부이미지 포함(포스터),
516,세종학당재단,HOME > 알림마당 > 공지사항,공지사항,2023년 협업형 세종학당 추가 공모 서류 심사 결과 안내,https://ksif.or.kr/cop/bbs/selectBoardArticle.do?nttId=9220000005575&bbsId=BBSMSTR_000000000001&pageIndex=1,2023,유,미부착,,개방 가능,공공누리 1유형,,,O,,,,,고시·공고,
517,세종학당재단,HOME > 알림마당 > 공지사항,공지사항,2023년 을지연습 연계 공습 대비 민방위 훈련 안내,https://ksif.or.kr/cop/bbs/selectBoardArticle.do?nttId=9220000005537&bbsId=BBSMSTR_000000000001&pageIndex=1,2023,무,미부착,,내부확인 필요,공공누리 2~4유형,,,,,O,,,타기관 작성 자료 / 외부이미지 포함(포스터),
518,세종학당재단,HOME > 알림마당 > 공지사항,공지사항,2023 세종한국어평가 SKA 말하기 쓰기 채점자 양성과정 교육생 모집,https://ksif.or.kr/cop/bbs/selectBoardArticle.do?nttId=9220000005531&bbsId=BBSMSTR_000000000001&pageIndex=1,2023,무,미부착,,내부확인 필요,공공누리 2~4유형,,,,,O,,,외부이미지 포함(포스터),
519,세종학당재단,HOME > 알림마당 > 공지사항,공지사항,2023 세계한국어교육자대회,https://ksif.or.kr/cop/bbs/selectBoardArticle.do?nttId=9220000005489&bbsId=BBSMSTR_000000000001&pageIndex=1,2023,무,미부착,,내부확인 필요,공공누리 2~4유형,,,,,O,,,외부이미지 포함(포스터),
520,세종학당재단,HOME > 알림마당 > 공지사항,공지사항,제20회 에너지의 날 행사 안내,https://ksif.or.kr/cop/bbs/selectBoardArticle.do?nttId=9220000005451&bbsId=BBSMSTR_000000000001&pageIndex=1,2023,무,미부착,,내부확인 필요,공공누리 2~4유형,,,,,O,,,타기관 작성 자료 / 외부이미지 포함(포스터),
521,세종학당재단,HOME > 알림마당 > 공지사항,공지사항,2023년 하반기 세종학당재단 장학생 모집 안내(업데이트),https://ksif.or.kr/cop/bbs/selectBoardArticle.do?nttId=9220000005423&bbsId=BBSMSTR_000000000001&pageIndex=1,2023,유,미부착,,개방 가능,공공누리 1유형,,,O,,,,,고시·공고,
522,세종학당재단,HOME > 알림마당 > 공지사항,공지사항,2023년 협업형 세종학당 추가 공모,https://ksif.or.kr/cop/bbs/selectBoardArticle.do?nttId=9220000005422&bbsId=BBSMSTR_000000000001&pageIndex=1,2023,유,미부착,,개방 가능,공공누리 1유형,,,O,,,,,고시·공고,
523,세종학당재단,HOME > 알림마당 > 공지사항,공지사항,"여름철 호우, 태풍 국민행동요령 안내",https://ksif.or.kr/cop/bbs/selectBoardArticle.do?nttId=9220000005421&bbsId=BBSMSTR_000000000001&pageIndex=1,2023,무,미부착,,내부확인 필요,공공누리 2~4유형,,,,,O,,,타기관 작성 자료 / 외부이미지 포함(포스터),
524,세종학당재단,HOME > 알림마당 > 공지사항,공지사항,"2023 새만금 제 25회 세계 스카우트 잼버리 / SaeManGeum, Korea2023, 25th World Scout Jamboree",https://ksif.or.kr/cop/bbs/selectBoardArticle.do?nttId=9220000005417&bbsId=BBSMSTR_000000000001&pageIndex=1,2023,무,미부착,,내부확인 필요,공공누리 2~4유형,,,,,O,,,타기관 작성 자료 / 외부이미지 포함(초상권),
525,세종학당재단,HOME > 알림마당 > 공지사항,공지사항,&#38;lt;실용한국어&#38;gt; 출판 판매 대행 업체 선정 기술평가 결과 공고,https://ksif.or.kr/cop/bbs/selectBoardArticle.do?nttId=9220000005395&bbsId=BBSMSTR_000000000001&pageIndex=1,2023,유,미부착,,개방 가능,공공누리 1유형,,,O,,,,,고시·공고,
526,세종학당재단,HOME > 알림마당 > 공지사항,공지사항,개인정보보호 인식주간 캠페인 / Privacy matters. Protect it,https://ksif.or.kr/cop/bbs/selectBoardArticle.do?nttId=9220000005390&bbsId=BBSMSTR_000000000001&pageIndex=1,2023,무,미부착,,내부확인 필요,공공누리 2~4유형,,,,,O,,,타기관 작성 자료 / 외부이미지 포함(포스터),
527,세종학당재단,HOME > 알림마당 > 공지사항,공지사항,&#38;#38;lt;실용한국어&#38;#38;gt; 출판 판매 대행 업체 선정 서류심사 결과 및 향후 심사 안내,https://ksif.or.kr/cop/bbs/selectBoardArticle.do?nttId=9220000005375&bbsId=BBSMSTR_000000000001&pageIndex=1,2023,유,미부착,,개방 가능,공공누리 1유형,,,O,,,,,고시·공고,
528,세종학당재단,HOME > 알림마당 > 공지사항,공지사항,2023년 신규 세종학당(일반‧협업형) 지정 결과 안내,https://ksif.or.kr/cop/bbs/selectBoardArticle.do?nttId=9220000005371&bbsId=BBSMSTR_000000000001&pageIndex=1,2023,유,미부착,,개방 가능,공공누리 1유형,,,O,,,,,고시·공고,
529,세종학당재단,HOME > 알림마당 > 공지사항,공지사항,2023 세종학당 문화인턴 파견 사업,https://ksif.or.kr/cop/bbs/selectBoardArticle.do?nttId=9220000005361&bbsId=BBSMSTR_000000000001&pageIndex=1,2023,무,미부착,,내부확인 필요,공공누리 2~4유형,,,,,O,,,외부이미지 포함(포스터),
530,세종학당재단,HOME > 알림마당 > 공지사항,공지사항,실용한국어 교재 출판 판매 대행 업체 선정 공고,https://ksif.or.kr/cop/bbs/selectBoardArticle.do?nttId=9220000005354&bbsId=BBSMSTR_000000000001&pageIndex=1,2023,유,미부착,,개방 가능,공공누리 1유형,,,O,,,,,고시·공고,
531,세종학당재단,HOME > 알림마당 > 공지사항,공지사항,"[채용] 2023년 세종학당재단 하반기 계약직, 체험형 청년인턴 채용 공고",https://ksif.or.kr/cop/bbs/selectBoardArticle.do?nttId=9220000005327&bbsId=BBSMSTR_000000000001&pageIndex=1,2023,유,미부착,,개방 가능,공공누리 1유형,,,O,,,,,고시·공고,
532,세종학당재단,HOME > 알림마당 > 공지사항,공지사항,2023 세종학당 한국어 말하기 쓰기 대회 / 2023 King Sejong Institute Korean Speaking&#38;Writing Contest,https://ksif.or.kr/cop/bbs/selectBoardArticle.do?nttId=9220000005322&bbsId=BBSMSTR_000000000001&pageIndex=1,2023,무,미부착,,내부확인 필요,공공누리 2~4유형,,,,,O,,,외부이미지 포함(포스터),
533,세종학당재단,HOME > 알림마당 > 공지사항,공지사항,제 68회 현충일 「나라사랑 태극기(弔旗) 달기 운동」추진계획,https://ksif.or.kr/cop/bbs/selectBoardArticle.do?nttId=9220000005312&bbsId=BBSMSTR_000000000001&pageIndex=1,2023,무,미부착,,내부확인 필요,공공누리 2~4유형,,,,,O,,,타기관 작성 자료 / 외부이미지 포함(포스터),
534,세종학당재단,HOME > 알림마당 > 공지사항,공지사항,행정기본법 개정안 입법 공청회,https://ksif.or.kr/cop/bbs/selectBoardArticle.do?nttId=9220000005297&bbsId=BBSMSTR_000000000001&pageIndex=1,2023,무,미부착,,내부확인 필요,공공누리 2~4유형,,,,,O,,,타기관 작성 자료 / 외부이미지 포함(포스터),
535,세종학당재단,HOME > 알림마당 > 공지사항,공지사항,2023 세종한국어평가(SKA) 면대면 말하기 시험관 및 쓰기 채점자 교육과정 교육생 모집,https://ksif.or.kr/cop/bbs/selectBoardArticle.do?nttId=9220000005152&bbsId=BBSMSTR_000000000001&pageIndex=1,2023,무,미부착,,내부확인 필요,공공누리 2~4유형,,,,,O,,,외부이미지 포함(포스터),
536,세종학당재단,HOME > 알림마당 > 공지사항,공지사항,2023년 신규 일반 세종학당 지정 서류 심사 결과 안내,https://ksif.or.kr/cop/bbs/selectBoardArticle.do?nttId=9220000005106&bbsId=BBSMSTR_000000000001&pageIndex=1,2023,유,미부착,,개방 가능,공공누리 1유형,,,O,,,,,고시·공고,
537,세종학당재단,HOME > 알림마당 > 공지사항,공지사항,2023년 협업형 세종학당 신규 지정 서류 심사 결과 안내,https://ksif.or.kr/cop/bbs/selectBoardArticle.do?nttId=9220000005105&bbsId=BBSMSTR_000000000001&pageIndex=1,2023,유,미부착,,개방 가능,공공누리 1유형,,,O,,,,,고시·공고,
538,세종학당재단,HOME > 알림마당 > 공지사항,공지사항,시스템 점검 안내 (2023. 3. 30.(목) 19:00 ~ 22:00 / 2023. 3. 31.(금) 04:00 ~ 05:00),https://ksif.or.kr/cop/bbs/selectBoardArticle.do?nttId=9220000004942&bbsId=BBSMSTR_000000000001&pageIndex=1,2023,무,미부착,,개방 가능,공공누리 1유형,,,O,,,,,업무상 저작물,
539,세종학당재단,HOME > 알림마당 > 공지사항,공지사항,2023년 녹색제품 구매이행 계획,https://ksif.or.kr/cop/bbs/selectBoardArticle.do?nttId=9220000004890&bbsId=BBSMSTR_000000000001&pageIndex=1,2023,유,미부착,,개방 가능,공공누리 1유형,,,O,,,,,고시·공고,
540,세종학당재단,HOME > 알림마당 > 공지사항,공지사항,설 연휴 휴무 안내,https://ksif.or.kr/cop/bbs/selectBoardArticle.do?nttId=9220000004801&bbsId=BBSMSTR_000000000001&pageIndex=1,2023,무,미부착,,내부확인 필요,공공누리 2~4유형,,,,,O,,,외부이미지 포함(포스터),
541,세종학당재단,HOME > 알림마당 > 공지사항,공지사항,2023년 지역 한정 신규 세종학당 운영 희망 기관 추가 공모,https://ksif.or.kr/cop/bbs/selectBoardArticle.do?nttId=9220000004785&bbsId=BBSMSTR_000000000001&pageIndex=1,2023,유,미부착,,개방 가능,공공누리 1유형,,,O,,,,,고시·공고,
542,세종학당재단,HOME > 알림마당 > 공지사항,공지사항,2023년 신규 세종학당 지정 신청기간 연장 안내,https://ksif.or.kr/cop/bbs/selectBoardArticle.do?nttId=9220000004739&bbsId=BBSMSTR_000000000001&pageIndex=1,2022,무,미부착,,개방 가능,공공누리 1유형,,,O,,,,,고시·공고,
543,세종학당재단,HOME > 알림마당 > 공지사항,공지사항,2023년 세종학당재단 신년 인사,https://ksif.or.kr/cop/bbs/selectBoardArticle.do?nttId=9220000004719&bbsId=BBSMSTR_000000000001&pageIndex=1,2022,무,미부착,,내부확인 필요,공공누리 2~4유형,,,,,O,,,외부이미지 포함(포스터),
544,세종학당재단,HOME > 알림마당 > 공지사항,공지사항,2022년 세종학당 감동 사례 공모전 시상식 개최 안내(온라인 중계 예정),https://ksif.or.kr/cop/bbs/selectBoardArticle.do?nttId=9220000004717&bbsId=BBSMSTR_000000000001&pageIndex=1,2022,유,미부착,,개방 가능,공공누리 1유형,,,O,,,,,업무상 저작물,
545,세종학당재단,HOME > 알림마당 > 공지사항,공지사항,2022년 세종학당 감동 사례 공모전 결과 발표,https://ksif.or.kr/cop/bbs/selectBoardArticle.do?nttId=9220000004699&bbsId=BBSMSTR_000000000001&pageIndex=1,2022,유,미부착,,개방 가능,공공누리 1유형,,,O,,,,,고시·공고,
546,세종학당재단,HOME > 알림마당 > 공지사항,공지사항,2023년 상반기 2차 세종학당재단 장학생 모집 공고,https://ksif.or.kr/cop/bbs/selectBoardArticle.do?nttId=9220000004650&bbsId=BBSMSTR_000000000001&pageIndex=1,2022,유,미부착,,개방 가능,공공누리 1유형,,,O,,,,,고시·공고,
547,세종학당재단,HOME > 알림마당 > 공지사항,공지사항,2022 세종학당 예비 한국어교원 설명회 신청 안내,https://ksif.or.kr/cop/bbs/selectBoardArticle.do?nttId=9220000004623&bbsId=BBSMSTR_000000000001&pageIndex=1,2022,무,미부착,,개방 가능,공공누리 1유형,,,O,,,,,고시·공고,
548,세종학당재단,HOME > 알림마당 > 공지사항,공지사항,2022년 세종학당 감동 사례 공모전 안내(11.4.~11.27.),https://ksif.or.kr/cop/bbs/selectBoardArticle.do?nttId=9220000004611&bbsId=BBSMSTR_000000000001&pageIndex=1,2022,유,미부착,,개방 가능,공공누리 1유형,,,O,,,,,고시·공고,
549,세종학당재단,HOME > 알림마당 > 공지사항,공지사항,2023년 협업형 세종학당 지정 신청 안내,https://ksif.or.kr/cop/bbs/selectBoardArticle.do?nttId=9220000004603&bbsId=BBSMSTR_000000000001&pageIndex=1,2022,유,미부착,,개방 가능,공공누리 1유형,,,O,,,,,고시·공고,
550,세종학당재단,HOME > 알림마당 > 공지사항,공지사항,2023년 신규 세종학당 지정 신청 안내,https://ksif.or.kr/cop/bbs/selectBoardArticle.do?nttId=9220000004602&bbsId=BBSMSTR_000000000001&pageIndex=1,2022,유,미부착,,개방 가능,공공누리 1유형,,,O,,,,,고시·공고,
551,세종학당재단,HOME > 알림마당 > 공지사항,공지사항,"세종학당재단 10주년 기념식, 포럼 취소 안내",https://ksif.or.kr/cop/bbs/selectBoardArticle.do?nttId=9220000004581&bbsId=BBSMSTR_000000000001&pageIndex=1,2022,무,미부착,,개방 가능,공공누리 1유형,,,O,,,,,고시·공고,
552,세종학당재단,HOME > 알림마당 > 공지사항,공지사항,세종학당재단 창립 기념일 휴무 안내 / A Day Off Notice - King Sejong Institute Foundation Anniversary,https://ksif.or.kr/cop/bbs/selectBoardArticle.do?nttId=9220000004469&bbsId=BBSMSTR_000000000001&pageIndex=1,2022,무,미부착,,개방 가능,공공누리 1유형,,,O,,,,,업무상 저작물,
553,세종학당재단,HOME > 알림마당 > 공지사항,공지사항,&lt;2022년 재단 창립 10주년 기념식&gt; 참가자 사전 신청,https://ksif.or.kr/cop/bbs/selectBoardArticle.do?nttId=9220000004440&bbsId=BBSMSTR_000000000001&pageIndex=1,2022,무,미부착,,내부확인 필요,공공누리 2~4유형,,,,,O,,,외부이미지 포함(포스터),
554,세종학당재단,HOME > 알림마당 > 공지사항,공지사항,문화체육관광부 &#x27;2030 자문단&#x27; 비상임 단원 공개모집,https://ksif.or.kr/cop/bbs/selectBoardArticle.do?nttId=9220000004433&bbsId=BBSMSTR_000000000001&pageIndex=1,2022,유,미부착,,개방 가능,공공누리 1유형,,,O,,,,,고시·공고,
555,세종학당재단,HOME > 알림마당 > 공지사항,공지사항,&lt;2022년 세종학당 우수학습자 국내 초청 연수 및 말하기 대회&gt; 안내 / 2022 Korean cultural experience program for King Sejong Institute learners,https://ksif.or.kr/cop/bbs/selectBoardArticle.do?nttId=9220000004432&bbsId=BBSMSTR_000000000001&pageIndex=1,2022,유,미부착,,내부확인 필요,공공누리 2~4유형,,,,,O,,,외부이미지 포함(포스터),
556,세종학당재단,HOME > 알림마당 > 공지사항,공지사항,&lt;2022년 세종학당 집현전 한국어 교실&gt; 참가자 모집 / Recruitment King Sejong Institute&#x27;s Korean class at Jiphyeonjeon,https://ksif.or.kr/cop/bbs/selectBoardArticle.do?nttId=9220000004400&bbsId=BBSMSTR_000000000001&pageIndex=1,2022,무,미부착,,내부확인 필요,공공누리 2~4유형,,,,,O,,,외부이미지 포함(포스터),
557,세종학당재단,HOME > 알림마당 > 공지사항,공지사항,2022 내정보 지킴이 캠페인 안내,https://ksif.or.kr/cop/bbs/selectBoardArticle.do?nttId=9220000004377&bbsId=BBSMSTR_000000000001&pageIndex=1,2022,유,미부착,,내부확인 필요,공공누리 2~4유형,,,,,O,,,타기관 작성 자료 / 외부이미지 포함(포스터),
558,세종학당재단,HOME > 알림마당 > 공지사항,공지사항,재단 10주년 기념 사진 공모 / Celebrating the 10th anniversary of the KSIF,https://ksif.or.kr/cop/bbs/selectBoardArticle.do?nttId=9220000004372&bbsId=BBSMSTR_000000000001&pageIndex=1,2022,무,미부착,,내부확인 필요,공공누리 2~4유형,,,,,O,,,외부이미지 포함(포스터),
559,세종학당재단,HOME > 알림마당 > 공지사항,공지사항,2022 세종학당 우수학습자 초청 연수 대학생 자원봉사자 모집,https://ksif.or.kr/cop/bbs/selectBoardArticle.do?nttId=9220000004303&bbsId=BBSMSTR_000000000001&pageIndex=1,2022,유,미부착,,개방 가능,공공누리 1유형,,,O,,,,,고시·공고,
560,세종학당재단,HOME > 알림마당 > 공지사항,공지사항,2023년 상반기 1차 세종학당재단 장학생 모집 공고,https://ksif.or.kr/cop/bbs/selectBoardArticle.do?nttId=9220000004299&bbsId=BBSMSTR_000000000001&pageIndex=1,2022,유,미부착,,개방 가능,공공누리 1유형,,,O,,,,,고시·공고,
561,세종학당재단,HOME > 알림마당 > 공지사항,공지사항,2022년 지진안전주간 캠페인 안내,https://ksif.or.kr/cop/bbs/selectBoardArticle.do?nttId=9220000004294&bbsId=BBSMSTR_000000000001&pageIndex=1,2022,유,미부착,,내부확인 필요,공공누리 2~4유형,,,,,O,,,타기관 작성 자료 / 외부이미지 포함(포스터),
562,세종학당재단,HOME > 알림마당 > 공지사항,공지사항,추석 연휴 기간 휴무 안내 / Announcement for Chuseok holiday,https://ksif.or.kr/cop/bbs/selectBoardArticle.do?nttId=9220000004285&bbsId=BBSMSTR_000000000001&pageIndex=1,2022,무,미부착,,내부확인 필요,공공누리 2~4유형,,,,,O,,,외부이미지 포함(포스터),
563,세종학당재단,HOME > 알림마당 > 공지사항,공지사항,2022 세계한국어교육자대회 참가 및 현장사례 공모 안내,https://ksif.or.kr/cop/bbs/selectBoardArticle.do?nttId=9220000004053&bbsId=BBSMSTR_000000000001&pageIndex=1,2022,유,미부착,,개방 가능,공공누리 1유형,,,O,,,,,고시·공고,
564,세종학당재단,HOME > 알림마당 > 공지사항,공지사항,2022년 개인정보보호 인식주간 캠페인 안내,https://ksif.or.kr/cop/bbs/selectBoardArticle.do?nttId=9220000004026&bbsId=BBSMSTR_000000000001&pageIndex=1,2022,무,미부착,,내부확인 필요,공공누리 2~4유형,,,,,O,,,타기관 작성 자료 / 외부이미지 포함(포스터),
565,세종학당재단,HOME > 알림마당 > 공지사항,공지사항,2022년 신규 세종학당(일반‧협업형) 지정 결과 안내,https://ksif.or.kr/cop/bbs/selectBoardArticle.do?nttId=9220000004003&bbsId=BBSMSTR_000000000001&pageIndex=1,2022,유,미부착,,개방 가능,공공누리 1유형,,,O,,,,,고시·공고,
566,세종학당재단,HOME > 알림마당 > 공지사항,공지사항,2022년 협업형 세종학당 신규 지정 서류 심사 결과 안내,https://ksif.or.kr/cop/bbs/selectBoardArticle.do?nttId=9220000003872&bbsId=BBSMSTR_000000000001&pageIndex=1,2022,무,미부착,,개방 가능,공공누리 1유형,,,O,,,,,고시·공고,
567,세종학당재단,HOME > 알림마당 > 공지사항,공지사항,2022년 신규 일반 세종학당 지정 서류 심사 결과 안내,https://ksif.or.kr/cop/bbs/selectBoardArticle.do?nttId=9220000003871&bbsId=BBSMSTR_000000000001&pageIndex=1,2022,유,미부착,,개방 가능,공공누리 1유형,,,O,,,,,고시·공고,
568,세종학당재단,HOME > 알림마당 > 공지사항,공지사항,2022 세종학당 문화인턴 해외 파견 사업 참여 대학 모집,https://ksif.or.kr/cop/bbs/selectBoardArticle.do?nttId=9220000003836&bbsId=BBSMSTR_000000000001&pageIndex=1,2022,유,미부착,,개방 가능,공공누리 1유형,,,O,,,,,고시·공고,
569,세종학당재단,HOME > 알림마당 > 공지사항,공지사항,2022 국제문화교류 지원사업 공동설명회 개최,https://ksif.or.kr/cop/bbs/selectBoardArticle.do?nttId=9220000003831&bbsId=BBSMSTR_000000000001&pageIndex=1,2022,유,미부착,,내부확인 필요,공공누리 2~4유형,,,,,O,,,외부이미지 포함(포스터),
570,세종학당재단,HOME > 알림마당 > 공지사항,공지사항,시스템 점검 안내 (2022.03.19.(토) 14:30~17:00),https://ksif.or.kr/cop/bbs/selectBoardArticle.do?nttId=9220000003813&bbsId=BBSMSTR_000000000001&pageIndex=1,2022,무,미부착,,개방 가능,공공누리 1유형,,,O,,,,,업무상 저작물,
571,세종학당재단,HOME > 알림마당 > 공지사항,공지사항,이어령 명예학당장님 추모사,https://ksif.or.kr/cop/bbs/selectBoardArticle.do?nttId=9220000003782&bbsId=BBSMSTR_000000000001&pageIndex=1,2022,무,미부착,,개방 가능,공공누리 1유형,,,O,,,,,업무상 저작물,
572,세종학당재단,HOME > 알림마당 > 공지사항,공지사항,2021년 세종학당 문화강좌 우수사례 공모전 수상자 발표,https://ksif.or.kr/cop/bbs/selectBoardArticle.do?nttId=9220000003775&bbsId=BBSMSTR_000000000001&pageIndex=1,2022,유,미부착,,내부확인 필요,공공누리 2~4유형,,,,,O,,,외부이미지 포함(포스터),
573,세종학당재단,HOME > 알림마당 > 공지사항,공지사항,설 연휴 휴무 안내,https://ksif.or.kr/cop/bbs/selectBoardArticle.do?nttId=9220000003742&bbsId=BBSMSTR_000000000001&pageIndex=1,2022,무,미부착,,내부확인 필요,공공누리 2~4유형,,,,,O,,,외부이미지 포함(포스터),
574,세종학당재단,HOME > 알림마당 > 공지사항,공지사항,2022년 신규 세종학당 지정 신청기간 연장 안내,https://ksif.or.kr/cop/bbs/selectBoardArticle.do?nttId=9220000003741&bbsId=BBSMSTR_000000000001&pageIndex=1,2022,유,미부착,,개방 가능,공공누리 1유형,,,O,,,,,고시·공고,
575,세종학당재단,HOME > 알림마당 > 공지사항,공지사항,2021 세종학당재단 한국어 교원 감동 수기 공모전 수상자 발표,https://ksif.or.kr/cop/bbs/selectBoardArticle.do?nttId=9220000003731&bbsId=BBSMSTR_000000000001&pageIndex=1,2022,유,미부착,,내부확인 필요,공공누리 2~4유형,,,,,O,,,외부이미지 포함(포스터),
576,세종학당재단,HOME > 알림마당 > 공지사항,공지사항,세종학당 운영규정 개정 및 운영지침 제정 안내,https://ksif.or.kr/cop/bbs/selectBoardArticle.do?nttId=9220000003723&bbsId=BBSMSTR_000000000001&pageIndex=1,2022,유,미부착,,개방 가능,공공누리 1유형,,,O,,,,,고시·공고,
577,세종학당재단,HOME > 알림마당 > 공지사항,공지사항,「세종학당 문화강좌 우수사례 공모전」안내,https://ksif.or.kr/cop/bbs/selectBoardArticle.do?nttId=9220000003701&bbsId=BBSMSTR_000000000001&pageIndex=1,2022,유,미부착,,내부확인 필요,공공누리 2~4유형,,,,,O,,,외부이미지 포함(포스터),
578,세종학당재단,HOME > 알림마당 > 공지사항,공지사항,2022년 상반기 &lt;국외 파견 한국어 교원&gt; 선발 면접심사 합격자 안내,https://ksif.or.kr/cop/bbs/selectBoardArticle.do?nttId=9220000003647&bbsId=BBSMSTR_000000000001&pageIndex=1,2021,유,미부착,,개방 가능,공공누리 1유형,,,O,,,,,고시·공고,
579,세종학당재단,HOME > 알림마당 > 공지사항,공지사항,2022년 세종학당재단 신년 인사,https://ksif.or.kr/cop/bbs/selectBoardArticle.do?nttId=9220000003642&bbsId=BBSMSTR_000000000001&pageIndex=1,2021,무,미부착,,내부확인 필요,공공누리 2~4유형,,,,,O,,,외부이미지 포함(포스터),
580,세종학당재단,HOME > 알림마당 > 공지사항,공지사항,2022년 상반기 &lt;국외 파견 한국어 교원&gt; 선발 서류심사 결과 및 면접심사 안내,https://ksif.or.kr/cop/bbs/selectBoardArticle.do?nttId=9220000003641&bbsId=BBSMSTR_000000000001&pageIndex=1,2021,유,미부착,,개방 가능,공공누리 1유형,,,O,,,,,고시·공고,
581,세종학당재단,HOME > 알림마당 > 공지사항,공지사항,2022년 상반기 세종학당재단 장학생 모집 공고,https://ksif.or.kr/cop/bbs/selectBoardArticle.do?nttId=9220000003622&bbsId=BBSMSTR_000000000001&pageIndex=1,2021,유,미부착,,개방 가능,공공누리 1유형,,,O,,,,,고시·공고,
582,세종학당재단,HOME > 알림마당 > 공지사항,공지사항,2022년 신규 세종학당 지정 사업설명회 개최 변경 안내,https://ksif.or.kr/cop/bbs/selectBoardArticle.do?nttId=9220000003604&bbsId=BBSMSTR_000000000001&pageIndex=1,2021,유,미부착,,개방 가능,공공누리 1유형,,,O,,,,,고시·공고,
583,세종학당재단,HOME > 알림마당 > 공지사항,공지사항,시스템 점검 안내 / Notice on website maintenance,https://ksif.or.kr/cop/bbs/selectBoardArticle.do?nttId=9220000003601&bbsId=BBSMSTR_000000000001&pageIndex=1,2021,무,미부착,,개방 가능,공공누리 1유형,,,O,,,,,업무상 저작물,
584,세종학당재단,HOME > 알림마당 > 공지사항,공지사항,2022년 상반기 세종학당 &lt;국외 파견 한국어 교원&gt; 선발 공고,https://ksif.or.kr/cop/bbs/selectBoardArticle.do?nttId=9220000003585&bbsId=BBSMSTR_000000000001&pageIndex=1,2021,유,미부착,,개방 가능,공공누리 1유형,,,O,,,,,고시·공고,
585,세종학당재단,HOME > 알림마당 > 공지사항,공지사항,2022년 신규 세종학당 지정 신청 안내,https://ksif.or.kr/cop/bbs/selectBoardArticle.do?nttId=9220000003582&bbsId=BBSMSTR_000000000001&pageIndex=1,2021,유,미부착,,개방 가능,공공누리 1유형,,,O,,,,,고시·공고,
586,세종학당재단,HOME > 알림마당 > 공지사항,공지사항,「세종학당재단 한국어 교원 감동수기 공모전」 안내,https://ksif.or.kr/cop/bbs/selectBoardArticle.do?nttId=9220000003572&bbsId=BBSMSTR_000000000001&pageIndex=1,2021,유,미부착,,내부확인 필요,공공누리 2~4유형,,,,,O,,,외부이미지 포함(포스터),
587,세종학당재단,HOME > 알림마당 > 공지사항,공지사항,협업형 세종학당 지정 신청기간 변경 안내,https://ksif.or.kr/cop/bbs/selectBoardArticle.do?nttId=9220000003490&bbsId=BBSMSTR_000000000001&pageIndex=1,2021,무,미부착,,개방 가능,공공누리 1유형,,,O,,,,,고시·공고,
588,세종학당재단,HOME > 알림마당 > 공지사항,공지사항,세종학당재단 교원연수센터 2021-4기 운영 안내 및 참여자 모집,https://ksif.or.kr/cop/bbs/selectBoardArticle.do?nttId=9220000003462&bbsId=BBSMSTR_000000000001&pageIndex=1,2021,유,미부착,,내부확인 필요,공공누리 2~4유형,,,,,O,,,외부이미지 포함(포스터),
589,세종학당재단,HOME > 알림마당 > 공지사항,공지사항,2021 세종학당 지역별 비대면 워크숍 &lt;유럽-중동-아프리카&gt; 참가 안내(11.10.(수)~11.12.(금)),https://ksif.or.kr/cop/bbs/selectBoardArticle.do?nttId=9220000003431&bbsId=BBSMSTR_000000000001&pageIndex=1,2021,유,미부착,,내부확인 필요,공공누리 2~4유형,,,,,O,,,외부이미지 포함(포스터),
590,세종학당재단,HOME > 알림마당 > 공지사항,공지사항,2021년 하반기 &lt;국외 파견 한국어 교원&gt; 추가선발 면접심사 합격자 안내,https://ksif.or.kr/cop/bbs/selectBoardArticle.do?nttId=9220000003424&bbsId=BBSMSTR_000000000001&pageIndex=1,2021,유,미부착,,개방 가능,공공누리 1유형,,,O,,,,,고시·공고,
591,세종학당재단,HOME > 알림마당 > 공지사항,공지사항,2021년 하반기 &lt;국외 파견 한국어 교원&gt; 추가선발 서류심사 결과 및 면접심사 안내,https://ksif.or.kr/cop/bbs/selectBoardArticle.do?nttId=9220000003396&bbsId=BBSMSTR_000000000001&pageIndex=1,2021,유,미부착,,개방 가능,공공누리 1유형,,,O,,,,,고시·공고,
592,세종학당재단,HOME > 알림마당 > 공지사항,공지사항,2021년 하반기 세종학당 &lt;국외 파견 한국어 교원&gt; 추가선발 공고,https://ksif.or.kr/cop/bbs/selectBoardArticle.do?nttId=9220000003092&bbsId=BBSMSTR_000000000001&pageIndex=1,2021,유,미부착,,개방 가능,공공누리 1유형,,,O,,,,,고시·공고,
593,세종학당재단,HOME > 알림마당 > 공지사항,공지사항,추석 연휴 기간 휴무 안내 / Announcement for Chuseok holiday,https://ksif.or.kr/cop/bbs/selectBoardArticle.do?nttId=9220000002831&bbsId=BBSMSTR_000000000001&pageIndex=1,2021,무,미부착,,개방 가능,공공누리 1유형,,,O,,,,,고시·공고,
594,세종학당재단,HOME > 알림마당 > 공지사항,공지사항,2021년 하반기 &lt;국외 파견 한국어 교원&gt; 선발 면접심사 합격자 안내,https://ksif.or.kr/cop/bbs/selectBoardArticle.do?nttId=9220000002778&bbsId=BBSMSTR_000000000001&pageIndex=1,2021,유,미부착,,개방 가능,공공누리 1유형,,,O,,,,,고시·공고,
595,세종학당재단,HOME > 알림마당 > 공지사항,공지사항,2021년 세종학당재단-아시아발전재단 장학생 모집,https://ksif.or.kr/cop/bbs/selectBoardArticle.do?nttId=9220000002775&bbsId=BBSMSTR_000000000001&pageIndex=1,2021,유,미부착,,개방 가능,공공누리 1유형,,,O,,,,,고시·공고,
596,세종학당재단,HOME > 알림마당 > 공지사항,공지사항,&lt;세계 속 국가대표 브랜드! 세종학당의 역할과 앞으로 나아갈 방향&gt; 국회토론회 개최 안내,https://ksif.or.kr/cop/bbs/selectBoardArticle.do?nttId=9220000002772&bbsId=BBSMSTR_000000000001&pageIndex=1,2021,유,미부착,,내부확인 필요,공공누리 2~4유형,,,,,O,,,외부이미지 포함(포스터),
597,세종학당재단,HOME > 알림마당 > 공지사항,공지사항,&lt;2021년 하반기 세종문화아카데미 운영 및 신청&gt; 재안내,https://ksif.or.kr/cop/bbs/selectBoardArticle.do?nttId=9220000002771&bbsId=BBSMSTR_000000000001&pageIndex=1,2021,유,미부착,,개방 가능,공공누리 1유형,,,O,,,,,고시·공고,
598,세종학당재단,HOME > 알림마당 > 공지사항,공지사항,2021 세종학당재단 언어평가 국제 학술회의 사전신청 안내,https://ksif.or.kr/cop/bbs/selectBoardArticle.do?nttId=9220000002755&bbsId=BBSMSTR_000000000001&pageIndex=1,2021,무,미부착,,내부확인 필요,공공누리 2~4유형,,,,,O,,,외부이미지 포함(포스터),
599,세종학당재단,HOME > 알림마당 > 공지사항,공지사항,2021 세종학당 지역별 비대면 워크숍 &lt;아메리카&gt; 참가 안내(8.25.(수)~8.27.(금)),https://ksif.or.kr/cop/bbs/selectBoardArticle.do?nttId=9220000002752&bbsId=BBSMSTR_000000000001&pageIndex=1,2021,유,미부착,,내부확인 필요,공공누리 2~4유형,,,,,O,,,외부이미지 포함(포스터),
600,세종학당재단,HOME > 알림마당 > 공지사항,공지사항,2021년 하반기 &lt;국외 파견 한국어 교원&gt; 선발 서류심사 결과 및 면접심사 안내,https://ksif.or.kr/cop/bbs/selectBoardArticle.do?nttId=9220000002739&bbsId=BBSMSTR_000000000001&pageIndex=1,2021,유,미부착,,개방 가능,공공누리 1유형,,,O,,,,,고시·공고,
601,세종학당재단,HOME > 알림마당 > 공지사항,공지사항,[공지] 2021년 세계한국어교육자대회 안내,https://ksif.or.kr/cop/bbs/selectBoardArticle.do?nttId=9220000002738&bbsId=BBSMSTR_000000000001&pageIndex=1,2021,유,미부착,,내부확인 필요,공공누리 2~4유형,,,,,O,,,"외부이미지 포함(포스터,초상권)",
602,세종학당재단,HOME > 알림마당 > 공지사항,공지사항,2021년 신남북방 언어권별 세종학당 통번역과정 교육과정 및 교재 개발 사업 비대면 사업 설명회 안내,https://ksif.or.kr/cop/bbs/selectBoardArticle.do?nttId=9220000002705&bbsId=BBSMSTR_000000000001&pageIndex=1,2021,유,미부착,,개방 가능,공공누리 1유형,,,O,,,,,고시·공고,
603,세종학당재단,HOME > 알림마당 > 공지사항,공지사항,2021년도 한글발전유공 정부 포상 추천 후보자 공개 검증,https://ksif.or.kr/cop/bbs/selectBoardArticle.do?nttId=9220000002701&bbsId=BBSMSTR_000000000001&pageIndex=1,2021,무,미부착,,개방 가능,공공누리 1유형,,,O,,,,,고시·공고,
604,세종학당재단,HOME > 알림마당 > 공지사항,공지사항,2021년 하반기 세종학당재단 장학생 모집 공고,https://ksif.or.kr/cop/bbs/selectBoardArticle.do?nttId=9220000002699&bbsId=BBSMSTR_000000000001&pageIndex=1,2021,유,미부착,,개방 가능,공공누리 1유형,,,O,,,,,고시·공고,
605,세종학당재단,HOME > 알림마당 > 공지사항,공지사항,2021년 하반기 &lt;세종학당 국외 파견 한국어 교원&gt; 선발 공고,https://ksif.or.kr/cop/bbs/selectBoardArticle.do?nttId=9220000002677&bbsId=BBSMSTR_000000000001&pageIndex=1,2021,무,미부착,,개방 가능,공공누리 1유형,,,O,,,,,고시·공고,
606,세종학당재단,HOME > 알림마당 > 공지사항,공지사항,2021년 세종학당  &lt;현지화 교원&gt; 선발 면접심사 합격자 안내,https://ksif.or.kr/cop/bbs/selectBoardArticle.do?nttId=9220000002642&bbsId=BBSMSTR_000000000001&pageIndex=1,2021,유,미부착,,개방 가능,공공누리 1유형,,,O,,,,,고시·공고,
607,세종학당재단,HOME > 알림마당 > 공지사항,공지사항,2021년 세종학당 &lt;현지화 교원&gt; 선발 서류심사 결과 및 면접심사 안내,https://ksif.or.kr/cop/bbs/selectBoardArticle.do?nttId=9220000002603&bbsId=BBSMSTR_000000000001&pageIndex=1,2021,유,미부착,,개방 가능,공공누리 1유형,,,O,,,,,고시·공고,
608,세종학당재단,HOME > 알림마당 > 공지사항,공지사항,2021 세종학당 지역별 비대면 워크숍 &lt;아시아-오세아니아&gt; 참가 안내(6.29.(화)~7.1.(목)),https://ksif.or.kr/cop/bbs/selectBoardArticle.do?nttId=9220000002598&bbsId=BBSMSTR_000000000001&pageIndex=1,2021,무,미부착,,내부확인 필요,공공누리 2~4유형,,,,,O,,,외부이미지 포함(포스터),
609,세종학당재단,HOME > 알림마당 > 공지사항,공지사항,2021년 해외 권역별 온라인 세종학당 시범운영 사업 설명회 개최,https://ksif.or.kr/cop/bbs/selectBoardArticle.do?nttId=9220000002591&bbsId=BBSMSTR_000000000001&pageIndex=1,2021,유,미부착,,개방 가능,공공누리 1유형,,,O,,,,,고시·공고,
610,세종학당재단,HOME > 알림마당 > 공지사항,공지사항,2021년 신규 세종학당 지정 결과 안내,https://ksif.or.kr/cop/bbs/selectBoardArticle.do?nttId=9220000002568&bbsId=BBSMSTR_000000000001&pageIndex=1,2021,유,미부착,,개방 가능,공공누리 1유형,,,O,,,,,고시·공고,
611,세종학당재단,HOME > 알림마당 > 공지사항,공지사항,2021년 협업형 세종학당 지정 결과 안내,https://ksif.or.kr/cop/bbs/selectBoardArticle.do?nttId=9220000002567&bbsId=BBSMSTR_000000000001&pageIndex=1,2021,유,미부착,,개방 가능,공공누리 1유형,,,O,,,,,고시·공고,
612,세종학당재단,HOME > 알림마당 > 공지사항,공지사항,2021년 세종학당 &lt;현지화 교원&gt; 선발 공고,https://ksif.or.kr/cop/bbs/selectBoardArticle.do?nttId=9220000002553&bbsId=BBSMSTR_000000000001&pageIndex=1,2021,유,미부착,,개방 가능,공공누리 1유형,,,O,,,,,고시·공고,
613,세종학당재단,HOME > 알림마당 > 공지사항,공지사항,K-Stay 한국문화 체험단 모집 공고,https://ksif.or.kr/cop/bbs/selectBoardArticle.do?nttId=9220000002551&bbsId=BBSMSTR_000000000001&pageIndex=1,2021,유,미부착,,개방 가능,공공누리 1유형,,,O,,,,,고시·공고,
614,세종학당재단,HOME > 알림마당 > 공지사항,공지사항,2021년 세종문화아카데미 문화캠프(2021.5.21.(금) 16:00~17:30),https://ksif.or.kr/cop/bbs/selectBoardArticle.do?nttId=9220000002518&bbsId=BBSMSTR_000000000001&pageIndex=1,2021,무,미부착,,내부확인 필요,공공누리 2~4유형,,,,,O,,,외부이미지 포함(포스터),
615,세종학당재단,HOME > 알림마당 > 공지사항,공지사항,2021년 세계한국어교육자대회 참가 안내(신청 기간 연장),https://ksif.or.kr/cop/bbs/selectBoardArticle.do?nttId=9220000002499&bbsId=BBSMSTR_000000000001&pageIndex=1,2021,유,미부착,,개방 가능,공공누리 1유형,,,O,,,,,고시·공고,
616,세종학당재단,HOME > 알림마당 > 공지사항,공지사항,2021년 세계한국어교육자대회 참가 안내 - 국내/국외용,https://ksif.or.kr/cop/bbs/selectBoardArticle.do?nttId=9220000002464&bbsId=BBSMSTR_000000000001&pageIndex=1,2021,유,미부착,,개방 가능,공공누리 1유형,,,O,,,,,고시·공고,
617,세종학당재단,HOME > 알림마당 > 공지사항,공지사항,2021년 신규 세종학당 지정 서류 심사 결과 안내,https://ksif.or.kr/cop/bbs/selectBoardArticle.do?nttId=9220000002393&bbsId=BBSMSTR_000000000001&pageIndex=1,2021,유,미부착,,개방 가능,공공누리 1유형,,,O,,,,,고시·공고,
618,세종학당재단,HOME > 알림마당 > 공지사항,공지사항,「2021년 세종학당 한국어 말하기·쓰기 대회」시행 안내,https://ksif.or.kr/cop/bbs/selectBoardArticle.do?nttId=9220000002392&bbsId=BBSMSTR_000000000001&pageIndex=1,2021,유,미부착,,개방 가능,공공누리 1유형,,,O,,,,,고시·공고,
619,세종학당재단,HOME > 알림마당 > 공지사항,공지사항,2021년 세종학당재단 이사장 서한,https://ksif.or.kr/cop/bbs/selectBoardArticle.do?nttId=9220000002364&bbsId=BBSMSTR_000000000001&pageIndex=1,2021,무,미부착,,개방 가능,공공누리 1유형,,,O,,,,,고시·공고,
620,세종학당재단,HOME > 알림마당 > 공지사항,공지사항,2021년 상반기 세종학당 국외 파견 한국어 교원 추가선발 면접 심사 합격 안내,https://ksif.or.kr/cop/bbs/selectBoardArticle.do?nttId=9220000002346&bbsId=BBSMSTR_000000000001&pageIndex=1,2021,유,미부착,,개방 가능,공공누리 1유형,,,O,,,,,고시·공고,
621,세종학당재단,HOME > 알림마당 > 공지사항,공지사항,2021년 상반기 세종학당 국외 파견 한국어 교원 추가선발 서류심사 결과 및 면접심사 안내,https://ksif.or.kr/cop/bbs/selectBoardArticle.do?nttId=9220000002306&bbsId=BBSMSTR_000000000001&pageIndex=1,2021,유,미부착,,개방 가능,공공누리 1유형,,,O,,,,,고시·공고,
622,세종학당재단,HOME > 알림마당 > 공지사항,공지사항,세종학당재단 온라인 서비스 시스템 점검 안내,https://ksif.or.kr/cop/bbs/selectBoardArticle.do?nttId=9220000002305&bbsId=BBSMSTR_000000000001&pageIndex=1,2021,무,미부착,,개방 가능,공공누리 1유형,,,O,,,,,업무상 저작물,
623,세종학당재단,HOME > 알림마당 > 공지사항,공지사항,2021년 상반기 세종학당 국외 파견 한국어 교원 추가선발 공고,https://ksif.or.kr/cop/bbs/selectBoardArticle.do?nttId=9220000002283&bbsId=BBSMSTR_000000000001&pageIndex=1,2021,유,미부착,,개방 가능,공공누리 1유형,,,O,,,,,고시·공고,
624,세종학당재단,HOME > 알림마당 > 공지사항,공지사항,세종학당재단 온라인 시스템 점검 안내,https://ksif.or.kr/cop/bbs/selectBoardArticle.do?nttId=9220000002282&bbsId=BBSMSTR_000000000001&pageIndex=1,2021,무,미부착,,개방 가능,공공누리 1유형,,,O,,,,,업무상 저작물,
625,세종학당재단,HOME > 알림마당 > 공지사항,공지사항,2021년 협업형 세종학당 지정 신청 안내,https://ksif.or.kr/cop/bbs/selectBoardArticle.do?nttId=9220000002280&bbsId=BBSMSTR_000000000001&pageIndex=1,2021,유,미부착,,개방 가능,공공누리 1유형,,,O,,,,,고시·공고,
626,세종학당재단,HOME > 알림마당 > 공지사항,공지사항,2021년 세종학당재단 콘텐츠지원부 용역 발주 계획 공고,https://ksif.or.kr/cop/bbs/selectBoardArticle.do?nttId=9220000002246&bbsId=BBSMSTR_000000000001&pageIndex=1,2021,유,미부착,,개방 가능,공공누리 1유형,,,O,,,,,고시·공고,
627,세종학당재단,HOME > 알림마당 > 공지사항,공지사항,2021년 세종학당재단 신년 인사,https://ksif.or.kr/cop/bbs/selectBoardArticle.do?nttId=9220000002216&bbsId=BBSMSTR_000000000001&pageIndex=1,2020,무,미부착,,내부확인 필요,공공누리 2~4유형,,,,,O,,,외부이미지 포함(포스터),
628,세종학당재단,HOME > 알림마당 > 공지사항,공지사항,2021년 상반기 세종학당재단 장학생 모집,https://ksif.or.kr/cop/bbs/selectBoardArticle.do?nttId=9220000002204&bbsId=BBSMSTR_000000000001&pageIndex=1,2020,유,미부착,,개방 가능,공공누리 1유형,,,O,,,,,고시·공고,
629,세종학당재단,HOME > 알림마당 > 공지사항,공지사항,세종학당재단 온라인 서비스 시스템 점검 안내,https://ksif.or.kr/cop/bbs/selectBoardArticle.do?nttId=9220000002181&bbsId=BBSMSTR_000000000001&pageIndex=1,2020,무,미부착,,개방 가능,공공누리 1유형,,,O,,,,,업무상 저작물,
630,세종학당재단,HOME > 알림마당 > 공지사항,공지사항,2020년 협업형 세종학당 지정 결과 안내,https://ksif.or.kr/cop/bbs/selectBoardArticle.do?nttId=9220000002179&bbsId=BBSMSTR_000000000001&pageIndex=1,2020,무,미부착,,개방 가능,공공누리 1유형,,,O,,,,,고시·공고,
631,세종학당재단,HOME > 알림마당 > 공지사항,공지사항,2020년 세종학당재단 대학생 인턴십 제도 운영 중지 안내,https://ksif.or.kr/cop/bbs/selectBoardArticle.do?nttId=9220000002178&bbsId=BBSMSTR_000000000001&pageIndex=1,2020,무,미부착,,개방 가능,공공누리 1유형,,,O,,,,,업무상 저작물,
632,세종학당재단,HOME > 알림마당 > 공지사항,공지사항,2021년 상반기 세종학당 국외 파견 한국어 교원  면접 심사 합격 안내,https://ksif.or.kr/cop/bbs/selectBoardArticle.do?nttId=9220000002175&bbsId=BBSMSTR_000000000001&pageIndex=1,2020,유,미부착,,개방 가능,공공누리 1유형,,,O,,,,,고시·공고,
633,세종학당재단,HOME > 알림마당 > 공지사항,공지사항,2021년 상반기 세종학당 국외 파견 한국어 교원 선발 서류심사 결과 및 면접심사 안내,https://ksif.or.kr/cop/bbs/selectBoardArticle.do?nttId=9220000002157&bbsId=BBSMSTR_000000000001&pageIndex=1,2020,유,미부착,,개방 가능,공공누리 1유형,,,O,,,,,고시·공고,
634,세종학당재단,HOME > 알림마당 > 공지사항,공지사항,2021년 신규 세종학당 지정 신청 안내,https://ksif.or.kr/cop/bbs/selectBoardArticle.do?nttId=9220000002154&bbsId=BBSMSTR_000000000001&pageIndex=1,2020,유,미부착,,개방 가능,공공누리 1유형,,,O,,,,,고시·공고,
635,세종학당재단,HOME > 알림마당 > 공지사항,공지사항,2021년 상반기 세종학당 국외 파견 한국어 교원 선발 공고,https://ksif.or.kr/cop/bbs/selectBoardArticle.do?nttId=9220000002123&bbsId=BBSMSTR_000000000001&pageIndex=1,2020,유,미부착,,개방 가능,공공누리 1유형,,,O,,,,,고시·공고,
636,세종학당재단,HOME > 알림마당 > 공지사항,공지사항,2020 세계한국어대회 한국어 랩 공모 안내,https://ksif.or.kr/cop/bbs/selectBoardArticle.do?nttId=9220000002077&bbsId=BBSMSTR_000000000001&pageIndex=1,2020,유,미부착,,개방 가능,공공누리 1유형,,,O,,,,,업무상 저작물,
637,세종학당재단,HOME > 알림마당 > 공지사항,공지사항,2020 세계한국어대회 1분과 한국어학 포스터 발표 공모 안내,https://ksif.or.kr/cop/bbs/selectBoardArticle.do?nttId=9220000002076&bbsId=BBSMSTR_000000000001&pageIndex=1,2020,유,미부착,,개방 가능,공공누리 1유형,,,O,,,,,업무상 저작물,
638,세종학당재단,HOME > 알림마당 > 공지사항,공지사항,2020 세계한국어대회 1분과 한국어학 개인 논문 발표 참가 안내,https://ksif.or.kr/cop/bbs/selectBoardArticle.do?nttId=9220000002075&bbsId=BBSMSTR_000000000001&pageIndex=1,2020,유,미부착,,개방 가능,공공누리 1유형,,,O,,,,,업무상 저작물,
639,세종학당재단,HOME > 알림마당 > 공지사항,공지사항,2020 세종학당 한글날 문화마당 (2020.10.9 (금) 15:30~16:30),https://ksif.or.kr/cop/bbs/selectBoardArticle.do?nttId=9220000002070&bbsId=BBSMSTR_000000000001&pageIndex=1,2020,무,미부착,,내부확인 필요,공공누리 2~4유형,,,,,O,,,외부이미지 포함(포스터),
640,세종학당재단,HOME > 알림마당 > 공지사항,공지사항,2020년 하반기 예비 세종학당 지정 결과 안내,https://ksif.or.kr/cop/bbs/selectBoardArticle.do?nttId=9220000002053&bbsId=BBSMSTR_000000000001&pageIndex=1,2020,무,미부착,,개방 가능,공공누리 1유형,,,O,,,,,고시·공고,
641,세종학당재단,HOME > 알림마당 > 공지사항,공지사항,2020 세계한국어대회 『한국어교육학/국어교육학 포스터 발표 논문』 공모 개최 안내,https://ksif.or.kr/cop/bbs/selectBoardArticle.do?nttId=9220000002049&bbsId=BBSMSTR_000000000001&pageIndex=1,2020,유,미부착,,개방 가능,공공누리 1유형,,,O,,,,,업무상 저작물,
642,세종학당재단,HOME > 알림마당 > 공지사항,공지사항,2020 세계한국어대회 『한국문화교육 영상』 공모 참여 안내,https://ksif.or.kr/cop/bbs/selectBoardArticle.do?nttId=9220000002048&bbsId=BBSMSTR_000000000001&pageIndex=1,2020,유,미부착,,개방 가능,공공누리 1유형,,,O,,,,,업무상 저작물,
643,세종학당재단,HOME > 알림마당 > 공지사항,공지사항,재단 홈페이지 시스템 점검 안내 (2020/9/12 (토) 11:00~16:00),https://ksif.or.kr/cop/bbs/selectBoardArticle.do?nttId=9220000002035&bbsId=BBSMSTR_000000000001&pageIndex=1,2020,무,미부착,,개방 가능,공공누리 1유형,,,O,,,,,업무상 저작물,
644,세종학당재단,HOME > 알림마당 > 공지사항,공지사항,2020 세계한국어교육자대회 참가 안내,https://ksif.or.kr/cop/bbs/selectBoardArticle.do?nttId=9220000002034&bbsId=BBSMSTR_000000000001&pageIndex=1,2020,유,미부착,,개방 가능,공공누리 1유형,,,O,,,,,고시·공고,
645,세종학당재단,HOME > 알림마당 > 공지사항,공지사항,2020년 예비 세종학당 지정·운영 사업 추가 공모 안내,https://ksif.or.kr/cop/bbs/selectBoardArticle.do?nttId=9220000001982&bbsId=BBSMSTR_000000000001&pageIndex=1,2020,유,미부착,,개방 가능,공공누리 1유형,,,O,,,,,고시·공고,
646,세종학당재단,HOME > 알림마당 > 공지사항,공지사항,2020년 하반기 세종학당 국외 파견 한국어 교원  면접 심사 합격자 안내,https://ksif.or.kr/cop/bbs/selectBoardArticle.do?nttId=9220000001955&bbsId=BBSMSTR_000000000001&pageIndex=1,2020,유,미부착,,개방 가능,공공누리 1유형,,,O,,,,,고시·공고,
647,세종학당재단,HOME > 알림마당 > 공지사항,공지사항,2020년도 한글발전유공 정부 포상 추천 후보자 공개 검증,https://ksif.or.kr/cop/bbs/selectBoardArticle.do?nttId=9220000001947&bbsId=BBSMSTR_000000000001&pageIndex=1,2020,무,미부착,,개방 가능,공공누리 1유형,,,O,,,,,업무상 저작물,
648,세종학당재단,HOME > 알림마당 > 공지사항,공지사항,2020년 하반기 세종학당 국외 파견 한국어 교원 선발 서류심사 결과 및 면접심사 안내,https://ksif.or.kr/cop/bbs/selectBoardArticle.do?nttId=9220000001939&bbsId=BBSMSTR_000000000001&pageIndex=1,2020,유,미부착,,개방 가능,공공누리 1유형,,,O,,,,,고시·공고,
649,세종학당재단,HOME > 알림마당 > 공지사항,공지사항,2020년 하반기 세종학당 국외 파견 한국어 교원 선발 공고,https://ksif.or.kr/cop/bbs/selectBoardArticle.do?nttId=9220000001877&bbsId=BBSMSTR_000000000001&pageIndex=1,2020,유,미부착,,개방 가능,공공누리 1유형,,,O,,,,,고시·공고,
650,세종학당재단,HOME > 알림마당 > 공지사항,공지사항,2020년 상반기 협업형 세종학당 지정 결과 안내,https://ksif.or.kr/cop/bbs/selectBoardArticle.do?nttId=9220000001870&bbsId=BBSMSTR_000000000001&pageIndex=1,2020,무,미부착,,개방 가능,공공누리 1유형,,,O,,,,,고시·공고,
651,세종학당재단,HOME > 알림마당 > 공지사항,공지사항,‘안전신문고’ 코로나19 안전신고 안내,https://ksif.or.kr/cop/bbs/selectBoardArticle.do?nttId=9220000001867&bbsId=BBSMSTR_000000000001&pageIndex=1,2020,무,미부착,,개방 가능,공공누리 1유형,,,O,,,,,업무상 저작물,
652,세종학당재단,HOME > 알림마당 > 공지사항,공지사항,2020년 하반기 세종학당재단 장학생 모집,https://ksif.or.kr/cop/bbs/selectBoardArticle.do?nttId=9220000001830&bbsId=BBSMSTR_000000000001&pageIndex=1,2020,유,미부착,,내부확인 필요,공공누리 2~4유형,,,,,O,,,외부이미지 포함(포스터),
653,세종학당재단,HOME > 알림마당 > 공지사항,공지사항,2020년 신규 세종학당 지정 결과 안내,https://ksif.or.kr/cop/bbs/selectBoardArticle.do?nttId=9220000001826&bbsId=BBSMSTR_000000000001&pageIndex=1,2020,유,미부착,,개방 가능,공공누리 1유형,,,O,,,,,고시·공고,
654,세종학당재단,HOME > 알림마당 > 공지사항,공지사항,2020년 신규 세종학당 지정 심사 결과 발표 일정 변경 안내,https://ksif.or.kr/cop/bbs/selectBoardArticle.do?nttId=9220000001805&bbsId=BBSMSTR_000000000001&pageIndex=1,2020,무,미부착,,개방 가능,공공누리 1유형,,,O,,,,,고시·공고,
655,세종학당재단,HOME > 알림마당 > 공지사항,공지사항,코로나19 사태와 관련하여 세종학당재단 관계자 여러분께 드리는 글,https://ksif.or.kr/cop/bbs/selectBoardArticle.do?nttId=9220000001738&bbsId=BBSMSTR_000000000001&pageIndex=1,2020,무,미부착,,개방 가능,공공누리 1유형,,,O,,,,,업무상 저작물,
656,세종학당재단,HOME > 알림마당 > 공지사항,공지사항,2020년 협업형 세종학당 지정 신청 안내,https://ksif.or.kr/cop/bbs/selectBoardArticle.do?nttId=9220000001661&bbsId=BBSMSTR_000000000001&pageIndex=1,2020,유,미부착,,개방 가능,공공누리 1유형,,,O,,,,,고시·공고,
657,세종학당재단,HOME > 알림마당 > 공지사항,공지사항,2020년 세종학당 국외 파견 한국어 교원 선발 일정 잠정 보류 안내,https://ksif.or.kr/cop/bbs/selectBoardArticle.do?nttId=9220000001622&bbsId=BBSMSTR_000000000001&pageIndex=1,2020,무,미부착,,개방 가능,공공누리 1유형,,,O,,,,,고시·공고,
658,세종학당재단,HOME > 알림마당 > 공지사항,공지사항,2020년 신규 세종학당 지정 서류 심사 결과 안내,https://ksif.or.kr/cop/bbs/selectBoardArticle.do?nttId=9220000001599&bbsId=BBSMSTR_000000000001&pageIndex=1,2020,유,미부착,,개방 가능,공공누리 1유형,,,O,,,,,고시·공고,
659,세종학당재단,HOME > 알림마당 > 공지사항,공지사항,(안내) 2020년 신규 세종학당 지정 심사 관련 변경사항 안내,https://ksif.or.kr/cop/bbs/selectBoardArticle.do?nttId=9220000001530&bbsId=BBSMSTR_000000000001&pageIndex=1,2020,유,미부착,,개방 가능,공공누리 1유형,,,O,,,,,고시·공고,
660,세종학당재단,HOME > 알림마당 > 공지사항,공지사항,유튜브-익스플로러 지원 종료 안내 (2020.3.1.),https://ksif.or.kr/cop/bbs/selectBoardArticle.do?nttId=9220000001506&bbsId=BBSMSTR_000000000001&pageIndex=1,2020,무,미부착,,개방 가능,공공누리 1유형,,,O,,,,,업무상 저작물,
661,세종학당재단,HOME > 알림마당 > 공지사항,공지사항,코로나19 예방 및 확산 방지를 위한 대응 지침 등 안내,https://ksif.or.kr/cop/bbs/selectBoardArticle.do?nttId=9220000001502&bbsId=BBSMSTR_000000000001&pageIndex=1,2020,유,미부착,,개방 가능,공공누리 1유형,,,O,,,,,업무상 저작물,
662,세종학당재단,HOME > 알림마당 > 공지사항,공지사항,[설명회] '한국어 숙달도 평가 개발 운영 사업' 제안 요청 설명회 개최 (접수기간 연장),https://ksif.or.kr/cop/bbs/selectBoardArticle.do?nttId=9220000001489&bbsId=BBSMSTR_000000000001&pageIndex=1,2020,유,미부착,,개방 가능,공공누리 1유형,,,O,,,,,업무상 저작물,
663,세종학당재단,HOME > 알림마당 > 공지사항,공지사항,2020년 세종학당재단 홍보협력팀 용역 발주 계획 공고,https://ksif.or.kr/cop/bbs/selectBoardArticle.do?nttId=9220000001450&bbsId=BBSMSTR_000000000001&pageIndex=1,2020,유,미부착,,개방 가능,공공누리 1유형,,,O,,,,,고시·공고,
664,세종학당재단,HOME > 알림마당 > 공지사항,공지사항,2020년 신규 세종학당 지정 신청기간 연장 안내,https://ksif.or.kr/cop/bbs/selectBoardArticle.do?nttId=9220000001434&bbsId=BBSMSTR_000000000001&pageIndex=1,2020,유,미부착,,개방 가능,공공누리 1유형,,,O,,,,,고시·공고,
665,세종학당재단,HOME > 알림마당 > 공지사항,공지사항,2020년 세종학당재단 콘텐츠지원부 용역 발주 계획 공고,https://ksif.or.kr/cop/bbs/selectBoardArticle.do?nttId=9220000001429&bbsId=BBSMSTR_000000000001&pageIndex=1,2020,유,미부착,,개방 가능,공공누리 1유형,,,O,,,,,고시·공고,
666,세종학당재단,HOME > 알림마당 > 공지사항,공지사항,2020년 신규 세종학당 지정 2차 사업설명회 개최 안내,https://ksif.or.kr/cop/bbs/selectBoardArticle.do?nttId=9220000001426&bbsId=BBSMSTR_000000000001&pageIndex=1,2019,유,미부착,,개방 가능,공공누리 1유형,,,O,,,,,고시·공고,
667,세종학당재단,HOME > 알림마당 > 공지사항,공지사항,2019년 협업형 세종학당 지정 심사 결과 안내,https://ksif.or.kr/cop/bbs/selectBoardArticle.do?nttId=9220000001362&bbsId=BBSMSTR_000000000001&pageIndex=1,2019,무,미부착,,개방 가능,공공누리 1유형,,,O,,,,,고시·공고,
668,세종학당재단,HOME > 알림마당 > 공지사항,공지사항,2020년 상반기 세종학당 국외 파견 한국어 교원 선발 면접 합격자 공고,https://ksif.or.kr/cop/bbs/selectBoardArticle.do?nttId=9220000001360&bbsId=BBSMSTR_000000000001&pageIndex=1,2019,유,미부착,,개방 가능,공공누리 1유형,,,O,,,,,고시·공고,
669,세종학당재단,HOME > 알림마당 > 공지사항,공지사항,재단 홈페이지 시스템 점검 안내 (2019/12/3 (화) 18:00~22:00),https://ksif.or.kr/cop/bbs/selectBoardArticle.do?nttId=9220000001359&bbsId=BBSMSTR_000000000001&pageIndex=1,2019,무,미부착,,개방 가능,공공누리 1유형,,,O,,,,,업무상 저작물,
670,세종학당재단,HOME > 알림마당 > 공지사항,공지사항,2020년 상반기 세종학당 국외 파견 한국어 교원 선발 서류심사 합격자 공고,https://ksif.or.kr/cop/bbs/selectBoardArticle.do?nttId=9220000001354&bbsId=BBSMSTR_000000000001&pageIndex=1,2019,유,미부착,,개방 가능,공공누리 1유형,,,O,,,,,고시·공고,
671,세종학당재단,HOME > 알림마당 > 공지사항,공지사항,2020년 신규 세종학당 지정 신청 안내,https://ksif.or.kr/cop/bbs/selectBoardArticle.do?nttId=9220000001351&bbsId=BBSMSTR_000000000001&pageIndex=1,2019,유,미부착,,개방 가능,공공누리 1유형,,,O,,,,,고시·공고,
672,세종학당재단,HOME > 알림마당 > 공지사항,공지사항,2020년 상반기 세종학당재단 장학생 모집,https://ksif.or.kr/cop/bbs/selectBoardArticle.do?nttId=9220000001336&bbsId=BBSMSTR_000000000001&pageIndex=1,2019,유,미부착,,개방 가능,공공누리 1유형,,,O,,,,,업무상 저작물,
673,세종학당재단,HOME > 알림마당 > 공지사항,공지사항,2020년 상반기 세종학당 국외 파견 한국어 교원 선발 공고,https://ksif.or.kr/cop/bbs/selectBoardArticle.do?nttId=9220000001322&bbsId=BBSMSTR_000000000001&pageIndex=1,2019,유,미부착,,개방 가능,공공누리 1유형,,,O,,,,,고시·공고,
674,세종학당재단,HOME > 알림마당 > 공지사항,공지사항,세종한국어 학습 앱 다운로드 이벤트 / Sejong Korean Apps Download Event (10.25~11.8),https://ksif.or.kr/cop/bbs/selectBoardArticle.do?nttId=9220000001318&bbsId=BBSMSTR_000000000001&pageIndex=1,2019,무,미부착,,내부확인 필요,공공누리 2~4유형,,,,,O,,,외부이미지 포함(포스터),
675,세종학당재단,HOME > 알림마당 > 공지사항,공지사항,세종학당재단 창립기념일(10월24일/목) 휴무 공지,https://ksif.or.kr/cop/bbs/selectBoardArticle.do?nttId=9220000001314&bbsId=BBSMSTR_000000000001&pageIndex=1,2019,무,미부착,,개방 가능,공공누리 1유형,,,O,,,,,업무상 저작물,
676,세종학당재단,HOME > 알림마당 > 공지사항,공지사항,한글날 맞이 초성퀴즈 이벤트 당첨자 발표,https://ksif.or.kr/cop/bbs/selectBoardArticle.do?nttId=9220000001311&bbsId=BBSMSTR_000000000001&pageIndex=1,2019,무,미부착,,개방 가능,공공누리 1유형,,,O,,,,,업무상 저작물,
677,세종학당재단,HOME > 알림마당 > 공지사항,공지사항,한글날 맞이 초성퀴즈 이벤트(10.8.~10.16.),https://ksif.or.kr/cop/bbs/selectBoardArticle.do?nttId=9220000001282&bbsId=BBSMSTR_000000000001&pageIndex=1,2019,무,미부착,,내부확인 필요,공공누리 2~4유형,,,,,O,,,외부이미지 포함(포스터),
678,세종학당재단,HOME > 알림마당 > 공지사항,공지사항,2019년 세종학당재단 대학생 인턴십 운영 대학 모집 안내,https://ksif.or.kr/cop/bbs/selectBoardArticle.do?nttId=9220000001252&bbsId=BBSMSTR_000000000001&pageIndex=1,2019,유,미부착,,개방 가능,공공누리 1유형,,,O,,,,,고시·공고,
679,세종학당재단,HOME > 알림마당 > 공지사항,공지사항,제5회 한글 창의 아이디어 공모전(2019) 수상작 발표,https://ksif.or.kr/cop/bbs/selectBoardArticle.do?nttId=9220000001239&bbsId=BBSMSTR_000000000001&pageIndex=1,2019,유,미부착,,개방 가능,공공누리 1유형,,,O,,,,,업무상 저작물,
680,세종학당재단,HOME > 알림마당 > 공지사항,공지사항,2019 세종학당 우수학습자 초청 연수 자원봉사자 최종 선발자 공고,https://ksif.or.kr/cop/bbs/selectBoardArticle.do?nttId=9220000001236&bbsId=BBSMSTR_000000000001&pageIndex=1,2019,무,미부착,,개방 가능,공공누리 1유형,,,O,,,,,고시·공고,
681,세종학당재단,HOME > 알림마당 > 공지사항,공지사항,2019년 한글문화큰잔치 (10.8.(화) ~ 10.9.(수) / 광화문 광장 일대),https://ksif.or.kr/cop/bbs/selectBoardArticle.do?nttId=9220000001235&bbsId=BBSMSTR_000000000001&pageIndex=1,2019,유,미부착,,내부확인 필요,공공누리 2~4유형,,,,,O,,,타기관 작성 자료 / 외부이미지 포함(포스터),
682,세종학당재단,HOME > 알림마당 > 공지사항,공지사항,★(마감연장) 세종학당 집현전 한국어 교실 수강생 모집 (~10.4.(금))  / Join a Korean class at Jiphyeonjeon (Due: October 4),https://ksif.or.kr/cop/bbs/selectBoardArticle.do?nttId=9220000001231&bbsId=BBSMSTR_000000000001&pageIndex=1,2019,무,미부착,,내부확인 필요,공공누리 2~4유형,,,,,O,,,외부이미지 포함(포스터),
683,세종학당재단,HOME > 알림마당 > 공지사항,공지사항,2019 세종학당 우수학습자 초청 연수 자원봉사자 서류 심사 합격자 및 면접 안내,https://ksif.or.kr/cop/bbs/selectBoardArticle.do?nttId=9220000001229&bbsId=BBSMSTR_000000000001&pageIndex=1,2019,무,미부착,,개방 가능,공공누리 1유형,,,O,,,,,고시·공고,
684,세종학당재단,HOME > 알림마당 > 공지사항,공지사항,세종학당재단 추석연휴기간 휴무 안내,https://ksif.or.kr/cop/bbs/selectBoardArticle.do?nttId=9220000001182&bbsId=BBSMSTR_000000000001&pageIndex=1,2019,무,미부착,,개방 가능,공공누리 1유형,,,O,,,,,업무상 저작물,
685,세종학당재단,HOME > 알림마당 > 공지사항,공지사항,2019 세종학당 우수학습자 초청연수 한국어·한국문화 자원봉사자 모집,https://ksif.or.kr/cop/bbs/selectBoardArticle.do?nttId=9220000001125&bbsId=BBSMSTR_000000000001&pageIndex=1,2019,유,미부착,,내부확인 필요,공공누리 2~4유형,,,,,O,,,외부이미지 포함(포스터),
686,세종학당재단,HOME > 알림마당 > 공지사항,공지사항,세종학당재단 누리집 시스템 점검 안내(2019. 7. 16. (화) 18:00~19:00),https://ksif.or.kr/cop/bbs/selectBoardArticle.do?nttId=9220000001083&bbsId=BBSMSTR_000000000001&pageIndex=1,2019,무,미부착,,개방 가능,공공누리 1유형,,,O,,,,,업무상 저작물,
687,세종학당재단,HOME > 알림마당 > 공지사항,공지사항,제5회 한글 창의 아이디어 공모전(2019) 공모,https://ksif.or.kr/cop/bbs/selectBoardArticle.do?nttId=9220000001074&bbsId=BBSMSTR_000000000001&pageIndex=1,2019,유,미부착,,개방 가능,공공누리 1유형,,,O,,,,,업무상 저작물,
688,세종학당재단,HOME > 알림마당 > 공지사항,공지사항,협업형 세종학당 지정 신청 안내,https://ksif.or.kr/cop/bbs/selectBoardArticle.do?nttId=9220000001029&bbsId=BBSMSTR_000000000001&pageIndex=1,2019,유,미부착,,개방 가능,공공누리 1유형,,,O,,,,,고시·공고,
689,세종학당재단,HOME > 알림마당 > 공지사항,공지사항,『 <세종한국문화 2> 출판·판매 대행』 우선협상대상자 선정 결과 공고,https://ksif.or.kr/cop/bbs/selectBoardArticle.do?nttId=9220000001006&bbsId=BBSMSTR_000000000001&pageIndex=1,2019,유,미부착,,개방 가능,공공누리 1유형,,,O,,,,,고시·공고,
690,세종학당재단,HOME > 알림마당 > 공지사항,공지사항,2019년 하반기 세종학당재단 장학생 모집 공고,https://ksif.or.kr/cop/bbs/selectBoardArticle.do?nttId=9220000001005&bbsId=BBSMSTR_000000000001&pageIndex=1,2019,유,미부착,,개방 가능,공공누리 1유형,,,O,,,,,고시·공고,
691,세종학당재단,HOME > 알림마당 > 공지사항,공지사항,2019년 신규 세종학당 지정  최종 심사결과 공고,https://ksif.or.kr/cop/bbs/selectBoardArticle.do?nttId=9220000000985&bbsId=BBSMSTR_000000000001&pageIndex=1,2019,무,미부착,,개방 가능,공공누리 1유형,,,O,,,,,고시·공고,
692,세종학당재단,HOME > 알림마당 > 공지사항,공지사항,세종학당재단-우상호 의원실 주최 국회토론회,https://ksif.or.kr/cop/bbs/selectBoardArticle.do?nttId=9220000000978&bbsId=BBSMSTR_000000000001&pageIndex=1,2019,무,미부착,,내부확인 필요,공공누리 2~4유형,,,,,O,,,외부이미지 포함(포스터),
693,세종학당재단,HOME > 알림마당 > 공지사항,공지사항,2019년 신규 세종학당 지정  최종 심사결과 공고 일정 변경 안내,https://ksif.or.kr/cop/bbs/selectBoardArticle.do?nttId=9220000000976&bbsId=BBSMSTR_000000000001&pageIndex=1,2019,무,미부착,,개방 가능,공공누리 1유형,,,O,,,,,고시·공고,
694,세종학당재단,HOME > 알림마당 > 공지사항,공지사항,"세종학당재단 교재(회화, 비즈니스) 출판‧판매 대행사 선정 결과 알림",https://ksif.or.kr/cop/bbs/selectBoardArticle.do?nttId=9220000000964&bbsId=BBSMSTR_000000000001&pageIndex=1,2019,유,미부착,,개방 가능,공공누리 1유형,,,O,,,,,고시·공고,
695,세종학당재단,HOME > 알림마당 > 공지사항,공지사항,2019 하반기 세종학당 국외 파견 한국어 교원 최종 합격자 공고,https://ksif.or.kr/cop/bbs/selectBoardArticle.do?nttId=9220000000960&bbsId=BBSMSTR_000000000001&pageIndex=1,2019,유,미부착,,개방 가능,공공누리 1유형,,,O,,,,,고시·공고,
696,세종학당재단,HOME > 알림마당 > 공지사항,공지사항,[필독] 2019년 하반기 국외 파견 한국어 교원 최종 합격자 공고일 변경 안내,https://ksif.or.kr/cop/bbs/selectBoardArticle.do?nttId=9220000000957&bbsId=BBSMSTR_000000000001&pageIndex=1,2019,무,미부착,,개방 가능,공공누리 1유형,,,O,,,,,고시·공고,
697,세종학당재단,HOME > 알림마당 > 공지사항,공지사항,[필독] 2019년 하반기 국외 파견 한국어 교원 선발 면접 심사 시간 변경 안내,https://ksif.or.kr/cop/bbs/selectBoardArticle.do?nttId=9220000000950&bbsId=BBSMSTR_000000000001&pageIndex=1,2019,무,미부착,,개방 가능,공공누리 1유형,,,O,,,,,고시·공고,
698,세종학당재단,HOME > 알림마당 > 공지사항,공지사항,2019년 하반기 국외 파견 한국어 교원 서류 결과 및 면접 심사 안내,https://ksif.or.kr/cop/bbs/selectBoardArticle.do?nttId=9220000000931&bbsId=BBSMSTR_000000000001&pageIndex=1,2019,유,미부착,,개방 가능,공공누리 1유형,,,O,,,,,고시·공고,
699,세종학당재단,HOME > 알림마당 > 공지사항,공지사항,세종학당재단 교재(세종한국문화2) 출판 판매 대행사 선정 재공고,https://ksif.or.kr/cop/bbs/selectBoardArticle.do?nttId=9220000000882&bbsId=BBSMSTR_000000000001&pageIndex=1,2019,유,미부착,,개방 가능,공공누리 1유형,,,O,,,,,고시·공고,
700,세종학당재단,HOME > 알림마당 > 공지사항,공지사항,2019 하반기 세종학당 국외 파견 한국어 교원 선발 공고,https://ksif.or.kr/cop/bbs/selectBoardArticle.do?nttId=9220000000820&bbsId=BBSMSTR_000000000001&pageIndex=1,2019,유,미부착,,개방 가능,공공누리 1유형,,,O,,,,,고시·공고,
701,세종학당재단,HOME > 알림마당 > 공지사항,공지사항,2019년 세종학당 태권도 문화인턴 모집 안내,https://ksif.or.kr/cop/bbs/selectBoardArticle.do?nttId=9220000000799&bbsId=BBSMSTR_000000000001&pageIndex=1,2019,유,미부착,,개방 가능,공공누리 1유형,,,O,,,,,고시·공고,
702,세종학당재단,HOME > 알림마당 > 공지사항,공지사항,세종학당재단 교재(3종) 출판‧판매 대행사 선정 공고,https://ksif.or.kr/cop/bbs/selectBoardArticle.do?nttId=9220000000787&bbsId=BBSMSTR_000000000001&pageIndex=1,2019,유,미부착,,개방 가능,공공누리 1유형,,,O,,,,,고시·공고,
703,세종학당재단,HOME > 알림마당 > 공지사항,공지사항,2019년 신규 세종학당 지정 서류심사 결과 안내,https://ksif.or.kr/cop/bbs/selectBoardArticle.do?nttId=9220000000775&bbsId=BBSMSTR_000000000001&pageIndex=1,2019,무,미부착,,개방 가능,공공누리 1유형,,,O,,,,,고시·공고,
704,세종학당재단,HOME > 알림마당 > 공지사항,공지사항,2019년 녹색제품 구매이행 계획,https://ksif.or.kr/cop/bbs/selectBoardArticle.do?nttId=9220000000766&bbsId=BBSMSTR_000000000001&pageIndex=1,2019,유,미부착,,개방 가능,공공누리 1유형,,,O,,,,,고시·공고,
705,세종학당재단,HOME > 알림마당 > 공지사항,공지사항,2019년 세종학당 한국어 말하기 대회 시행,https://ksif.or.kr/cop/bbs/selectBoardArticle.do?nttId=9220000000731&bbsId=BBSMSTR_000000000001&pageIndex=1,2019,유,미부착,,내부확인 필요,공공누리 2~4유형,,,,,O,,,외부이미지 포함(포스터),
706,세종학당재단,HOME > 알림마당 > 공지사항,공지사항,2019년 상반기 세종학당재단 2차 장학생 모집 공고,https://ksif.or.kr/cop/bbs/selectBoardArticle.do?nttId=9220000000636&bbsId=BBSMSTR_000000000001&pageIndex=1,2018,유,미부착,,개방 가능,공공누리 1유형,,,O,,,,,고시·공고,
707,세종학당재단,HOME > 알림마당 > 공지사항,공지사항,2019년 상반기 해외 파견 한국어 교원 선발 면접심사 합격자 및 국내교육 대상자 공고,https://ksif.or.kr/cop/bbs/selectBoardArticle.do?nttId=9220000000634&bbsId=BBSMSTR_000000000001&pageIndex=1,2018,유,미부착,,개방 가능,공공누리 1유형,,,O,,,,,고시·공고,
708,세종학당재단,HOME > 알림마당 > 공지사항,공지사항,2019년 세종학당 문화인턴 파견 사업 안내,https://ksif.or.kr/cop/bbs/selectBoardArticle.do?nttId=9220000000624&bbsId=BBSMSTR_000000000001&pageIndex=1,2018,유,미부착,,개방 가능,공공누리 1유형,,,O,,,,,고시·공고,
709,세종학당재단,HOME > 알림마당 > 공지사항,공지사항,[공고] 2019년 상반기 세종학당 해외 파견 한국어 교원 서류 심사 합격자 및 면접 심사 안내,https://ksif.or.kr/cop/bbs/selectBoardArticle.do?nttId=9220000000617&bbsId=BBSMSTR_000000000001&pageIndex=1,2018,유,미부착,,개방 가능,공공누리 1유형,,,O,,,,,고시·공고,
710,세종학당재단,HOME > 알림마당 > 공지사항,공지사항,2018년 하반기 직원 채용 무기계약직 최종합격자 공고,https://ksif.or.kr/cop/bbs/selectBoardArticle.do?nttId=9220000000613&bbsId=BBSMSTR_000000000001&pageIndex=1,2018,유,미부착,,개방 가능,공공누리 1유형,,,O,,,,,고시·공고,
711,세종학당재단,HOME > 알림마당 > 공지사항,공지사항,2019년 신규 세종학당 지정 신청 안내,https://ksif.or.kr/cop/bbs/selectBoardArticle.do?nttId=9220000000597&bbsId=BBSMSTR_000000000001&pageIndex=1,2018,유,미부착,,개방 가능,공공누리 1유형,,,O,,,,,고시·공고,
712,세종학당재단,HOME > 알림마당 > 공지사항,공지사항,2019년 세종학당 해외 파견 한국어 교원 선발 공고,https://ksif.or.kr/cop/bbs/selectBoardArticle.do?nttId=9220000000577&bbsId=BBSMSTR_000000000001&pageIndex=1,2018,유,미부착,,개방 가능,공공누리 1유형,,,O,,,,,고시·공고,
713,세종학당재단,HOME > 알림마당 > 공지사항,공지사항,2019년 상반기 해외 파견 한국어교원 국내 교육 운영 사업,https://ksif.or.kr/cop/bbs/selectBoardArticle.do?nttId=9220000000576&bbsId=BBSMSTR_000000000001&pageIndex=1,2018,유,미부착,,개방 가능,공공누리 1유형,,,O,,,,,고시·공고,
714,세종학당재단,HOME > 알림마당 > 공지사항,공지사항,세종한국문화 교수학습 보조자료 개발 사업 공고,https://ksif.or.kr/cop/bbs/selectBoardArticle.do?nttId=9220000000573&bbsId=BBSMSTR_000000000001&pageIndex=1,2018,유,미부착,,개방 가능,공공누리 1유형,,,O,,,,,고시·공고,
715,세종학당재단,HOME > 알림마당 > 공지사항,공지사항,2019년 상반기 세종학당재단 장학생 1차 모집,https://ksif.or.kr/cop/bbs/selectBoardArticle.do?nttId=9220000000571&bbsId=BBSMSTR_000000000001&pageIndex=1,2018,유,미부착,,개방 가능,공공누리 1유형,,,O,,,,,업무상 저작물,
716,세종학당재단,HOME > 알림마당 > 공지사항,공지사항,세종학당재단 창립기념일(10월24일/수) 휴무 공지,https://ksif.or.kr/cop/bbs/selectBoardArticle.do?nttId=9220000000551&bbsId=BBSMSTR_000000000001&pageIndex=1,2018,무,미부착,,개방 가능,공공누리 1유형,,,O,,,,,업무상 저작물,
717,세종학당재단,HOME > 알림마당 > 공지사항,공지사항,2019년 상반기 해외 파견 한국어교원 국내 교육 운영 입찰공고,https://ksif.or.kr/cop/bbs/selectBoardArticle.do?nttId=9220000000543&bbsId=BBSMSTR_000000000001&pageIndex=1,2018,유,미부착,,개방 가능,공공누리 1유형,,,O,,,,,고시·공고,
718,세종학당재단,HOME > 알림마당 > 공지사항,공지사항,세종한국문화 교수학습 보조자료 개발 사업 입찰공고,https://ksif.or.kr/cop/bbs/selectBoardArticle.do?nttId=9220000000541&bbsId=BBSMSTR_000000000001&pageIndex=1,2018,유,미부착,,개방 가능,공공누리 1유형,,,O,,,,,고시·공고,
719,세종학당재단,HOME > 알림마당 > 공지사항,공지사항,[한글날 572돌 기념] 제9회 국내 및 해외 한국어 교육자 체험 수기 공모전,https://ksif.or.kr/cop/bbs/selectBoardArticle.do?nttId=9220000000503&bbsId=BBSMSTR_000000000001&pageIndex=1,2018,무,미부착,,검토 불가,검토 불가,,O,,,,,,※ 내용없음,
720,세종학당재단,HOME > 알림마당 > 공지사항,공지사항,우선협상대상자 선정결과 공고「2018년 세종학당 사업비 정산 위탁 용역 사업」,https://ksif.or.kr/cop/bbs/selectBoardArticle.do?nttId=9220000000500&bbsId=BBSMSTR_000000000001&pageIndex=1,2018,유,미부착,,개방 가능,공공누리 1유형,,,O,,,,,고시·공고,
721,세종학당재단,HOME > 알림마당 > 공지사항,공지사항,2018 세종학당 우수학습자 초청연수 한국어 한국문화 자원봉사자 모집,https://ksif.or.kr/cop/bbs/selectBoardArticle.do?nttId=9220000000475&bbsId=BBSMSTR_000000000001&pageIndex=1,2018,유,미부착,,개방 가능,공공누리 1유형,,,O,,,,,업무상 저작물,
722,세종학당재단,HOME > 알림마당 > 공지사항,공지사항,2018년 세종학당 한국어교원 온라인 재교육 콘텐츠 개발 사업 입찰 재공고,https://ksif.or.kr/cop/bbs/selectBoardArticle.do?nttId=9220000000453&bbsId=BBSMSTR_000000000001&pageIndex=1,2018,유,미부착,,개방 가능,공공누리 1유형,,,O,,,,,고시·공고,
723,세종학당재단,HOME > 알림마당 > 공지사항,공지사항,2018년 외국인을 위한 여행 한국어 교육자료 개발 사업 입찰,https://ksif.or.kr/cop/bbs/selectBoardArticle.do?nttId=9220000000442&bbsId=BBSMSTR_000000000001&pageIndex=1,2018,유,미부착,,개방 가능,공공누리 1유형,,,O,,,,,고시·공고,
724,세종학당재단,HOME > 알림마당 > 공지사항,공지사항,2018년 하반기 해외 파견 한국어 교원 추가 선발 면접 심사 합격자 및 국내교육 대상자 공고,https://ksif.or.kr/cop/bbs/selectBoardArticle.do?nttId=9220000000441&bbsId=BBSMSTR_000000000001&pageIndex=1,2018,유,미부착,,개방 가능,공공누리 1유형,,,O,,,,,고시·공고,
725,세종학당재단,HOME > 알림마당 > 공지사항,공지사항,2018년 세종학당 한국어교원 온라인 재교육 콘텐츠 개발 사업 입찰 공고,https://ksif.or.kr/cop/bbs/selectBoardArticle.do?nttId=43&bbsId=BBSMSTR_000000000001&pageIndex=1,2018,유,미부착,,개방 가능,공공누리 1유형,,,O,,,,,고시·공고,
726,세종학당재단,HOME > 알림마당 > 공지사항,공지사항,2018년 외국인을 위한 여행 한국어 교육자료 개발 사업 입찰 재공고,https://ksif.or.kr/cop/bbs/selectBoardArticle.do?nttId=42&bbsId=BBSMSTR_000000000001&pageIndex=1,2018,유,미부착,,개방 가능,공공누리 1유형,,,O,,,,,고시·공고,
727,세종학당재단,HOME > 알림마당 > 공지사항,공지사항,2018년 하반기 해외 파견 한국어 교원 추가 선발 서류 심사 합격자 공고 및 면접 심사 안내,https://ksif.or.kr/cop/bbs/selectBoardArticle.do?nttId=31&bbsId=BBSMSTR_000000000001&pageIndex=1,2018,유,미부착,,개방 가능,공공누리 1유형,,,O,,,,,고시·공고,
728,세종학당재단,HOME > 알림마당 > 공지사항,공지사항,2018년 해외(런던) 언어박람회 한글관 운영 사업 용역 입찰 재공고,https://ksif.or.kr/cop/bbs/selectBoardArticle.do?nttId=92600558&bbsId=BBSMSTR_000000000001&pageIndex=1,2018,유,미부착,,개방 가능,공공누리 1유형,,,O,,,,,고시·공고,
729,세종학당재단,HOME > 알림마당 > 공지사항,공지사항,2018 세종학당 우수학습자 초청 연수(한국어 말하기 대회 병행) 운영 사업 입찰 공고,https://ksif.or.kr/cop/bbs/selectBoardArticle.do?nttId=92600557&bbsId=BBSMSTR_000000000001&pageIndex=1,2018,유,미부착,,개방 가능,공공누리 1유형,,,O,,,,,고시·공고,
730,세종학당재단,HOME > 알림마당 > 공지사항,공지사항,우선협상대상자 선정결과 공고 「시사 한국어 어휘학습(고급) 앱 개발 사업」,https://ksif.or.kr/cop/bbs/selectBoardArticle.do?nttId=92600556&bbsId=BBSMSTR_000000000001&pageIndex=1,2018,유,미부착,,개방 가능,공공누리 1유형,,,O,,,,,고시·공고,
731,세종학당재단,HOME > 알림마당 > 공지사항,공지사항,2018년 한국어 문법(중급1) 학습 앱 개발 사업 입찰 공고,https://ksif.or.kr/cop/bbs/selectBoardArticle.do?nttId=92600555&bbsId=BBSMSTR_000000000001&pageIndex=1,2018,유,미부착,,개방 가능,공공누리 1유형,,,O,,,,,고시·공고,
732,세종학당재단,HOME > 알림마당 > 공지사항,공지사항,2018년 하반기 세종문화아카데미 전문가 파견 항공권 구매 사업 입찰 재공고,https://ksif.or.kr/cop/bbs/selectBoardArticle.do?nttId=92600554&bbsId=BBSMSTR_000000000001&pageIndex=1,2018,유,미부착,,개방 가능,공공누리 1유형,,,O,,,,,고시·공고,
733,세종학당재단,HOME > 알림마당 > 공지사항,공지사항,누리-세종학당 온라인 한국어 레벨테스트 시스템 개발 사업 입찰 재공고,https://ksif.or.kr/cop/bbs/selectBoardArticle.do?nttId=92600553&bbsId=BBSMSTR_000000000001&pageIndex=1,2018,유,미부착,,개방 가능,공공누리 1유형,,,O,,,,,고시·공고,
734,세종학당재단,HOME > 알림마당 > 공지사항,공지사항,2018년 외국인을 위한 여행 한국어 교육자료 개발 사업 입찰 공고,https://ksif.or.kr/cop/bbs/selectBoardArticle.do?nttId=92600552&bbsId=BBSMSTR_000000000001&pageIndex=1,2018,유,미부착,,개방 가능,공공누리 1유형,,,O,,,,,고시·공고,
735,세종학당재단,HOME > 알림마당 > 공지사항,공지사항,우선협상대상자 선정결과 공고「2018년 비즈니스 한국어 강의 콘텐츠 개발 용역」,https://ksif.or.kr/cop/bbs/selectBoardArticle.do?nttId=92600551&bbsId=BBSMSTR_000000000001&pageIndex=1,2018,유,미부착,,개방 가능,공공누리 1유형,,,O,,,,,고시·공고,
736,세종학당재단,HOME > 알림마당 > 공지사항,공지사항,2018년 세종학당 통합업무관리시스템 3단계 구축사업 입찰 재공고,https://ksif.or.kr/cop/bbs/selectBoardArticle.do?nttId=92600550&bbsId=BBSMSTR_000000000001&pageIndex=1,2018,유,미부착,,개방 가능,공공누리 1유형,,,O,,,,,고시·공고,
737,세종학당재단,HOME > 알림마당 > 공지사항,공지사항,2018년 한국어 회화/발음(중급1) 학습 앱 개발 입찰 재공고,https://ksif.or.kr/cop/bbs/selectBoardArticle.do?nttId=92600549&bbsId=BBSMSTR_000000000001&pageIndex=1,2018,유,미부착,,개방 가능,공공누리 1유형,,,O,,,,,고시·공고,
738,세종학당재단,HOME > 알림마당 > 공지사항,공지사항,2018년 한국어 회화/발음(중급1) 학습 앱 개발 입찰 재공고,https://ksif.or.kr/cop/bbs/selectBoardArticle.do?nttId=92600548&bbsId=BBSMSTR_000000000001&pageIndex=1,2018,유,미부착,,개방 가능,공공누리 1유형,,,O,,,,,고시·공고,
739,세종학당재단,HOME > 알림마당 > 공지사항,공지사항,2018년 해외(런던) 언어박람회 한글관 운영 사업 용역 재공고,https://ksif.or.kr/cop/bbs/selectBoardArticle.do?nttId=92600547&bbsId=BBSMSTR_000000000001&pageIndex=1,2018,유,미부착,,개방 가능,공공누리 1유형,,,O,,,,,고시·공고,
740,세종학당재단,HOME > 알림마당 > 공지사항,공지사항,2018년 하반기 세종학당 해외 파견 한국어 교원 추가 모집 공고,https://ksif.or.kr/cop/bbs/selectBoardArticle.do?nttId=92600546&bbsId=BBSMSTR_000000000001&pageIndex=1,2018,유,미부착,,개방 가능,공공누리 1유형,,,O,,,,,고시·공고,
741,세종학당재단,HOME > 알림마당 > 공지사항,공지사항,누리-세종학당 온라인 한국어 레벨테스트 시스템 개발 사업 입찰 공고,https://ksif.or.kr/cop/bbs/selectBoardArticle.do?nttId=92600545&bbsId=BBSMSTR_000000000001&pageIndex=1,2018,유,미부착,,개방 가능,공공누리 1유형,,,O,,,,,고시·공고,
742,세종학당재단,HOME > 알림마당 > 공지사항,공지사항,2018년 하반기 세종문화아카데미 전문가 파견 항공권 구매대행 사업 입찰 공고,https://ksif.or.kr/cop/bbs/selectBoardArticle.do?nttId=92600544&bbsId=BBSMSTR_000000000001&pageIndex=1,2018,유,미부착,,개방 가능,공공누리 1유형,,,O,,,,,고시·공고,
743,세종학당재단,HOME > 알림마당 > 공지사항,공지사항,시사 한국어 어휘학습(고급) 앱 개발 사업 입찰 공고,https://ksif.or.kr/cop/bbs/selectBoardArticle.do?nttId=92600543&bbsId=BBSMSTR_000000000001&pageIndex=1,2018,유,미부착,,개방 가능,공공누리 1유형,,,O,,,,,고시·공고,
744,세종학당재단,HOME > 알림마당 > 공지사항,공지사항,2018년 한국어 회화/발음(중급1) 학습 앱 개발 사업 입찰 공고,https://ksif.or.kr/cop/bbs/selectBoardArticle.do?nttId=92600542&bbsId=BBSMSTR_000000000001&pageIndex=1,2018,유,미부착,,개방 가능,공공누리 1유형,,,O,,,,,고시·공고,
745,세종학당재단,HOME > 알림마당 > 공지사항,공지사항,2018년 한국어 회화/발음(중급1) 학습 앱 개발,https://ksif.or.kr/cop/bbs/selectBoardArticle.do?nttId=92600541&bbsId=BBSMSTR_000000000001&pageIndex=1,2018,유,미부착,,개방 가능,공공누리 1유형,,,O,,,,,고시·공고,
746,세종학당재단,HOME > 알림마당 > 공지사항,공지사항,2018년 세종학당 통합업무관리시스템 3단계 구축사업 입찰 공고,https://ksif.or.kr/cop/bbs/selectBoardArticle.do?nttId=92600540&bbsId=BBSMSTR_000000000001&pageIndex=1,2018,유,미부착,,개방 가능,공공누리 1유형,,,O,,,,,고시·공고,
747,세종학당재단,HOME > 알림마당 > 공지사항,공지사항,2018년 해외(런던) 언어박람회 한글관 운영 사업 용역 입찰 공고,https://ksif.or.kr/cop/bbs/selectBoardArticle.do?nttId=92600539&bbsId=BBSMSTR_000000000001&pageIndex=1,2018,유,미부착,,개방 가능,공공누리 1유형,,,O,,,,,고시·공고,
748,세종학당재단,HOME > 알림마당 > 공지사항,공지사항,세종학당재단 대학생 기자단 누리벗 5기 서류 합격자 및 면접 안내,https://ksif.or.kr/cop/bbs/selectBoardArticle.do?nttId=92600538&bbsId=BBSMSTR_000000000001&pageIndex=1,2018,유,미부착,,개방 가능,공공누리 1유형,,,O,,,,,고시·공고,
749,세종학당재단,HOME > 알림마당 > 공지사항,공지사항,2018년 비즈니스 한국어 강의 콘텐츠 개발 용역 입찰 공고,https://ksif.or.kr/cop/bbs/selectBoardArticle.do?nttId=92600537&bbsId=BBSMSTR_000000000001&pageIndex=1,2018,유,미부착,,개방 가능,공공누리 1유형,,,O,,,,,고시·공고,
750,세종학당재단,HOME > 알림마당 > 공지사항,공지사항,우선협상대상자 선정결과 공고「누리- 세종학당 온라인 한국어 레벨테스트 운영 방안 수립」,https://ksif.or.kr/cop/bbs/selectBoardArticle.do?nttId=92600536&bbsId=BBSMSTR_000000000001&pageIndex=1,2018,유,미부착,,개방 가능,공공누리 1유형,,,O,,,,,고시·공고,
751,세종학당재단,HOME > 알림마당 > 공지사항,공지사항,거점 세종학당 중장기 로드맵 수립 재공고 입찰,https://ksif.or.kr/cop/bbs/selectBoardArticle.do?nttId=92600526&bbsId=BBSMSTR_000000000001&pageIndex=1,2018,유,미부착,,개방 가능,공공누리 1유형,,,O,,,,,고시·공고,
752,세종학당재단,HOME > 알림마당 > 공지사항,공지사항,2018 신규 세종학당 지정 최종 심사결과 공고,https://ksif.or.kr/cop/bbs/selectBoardArticle.do?nttId=92600524&bbsId=BBSMSTR_000000000001&pageIndex=1,2018,유,미부착,,개방 가능,공공누리 1유형,,,O,,,,,고시·공고,
753,세종학당재단,HOME > 알림마당 > 공지사항,공지사항,누리-세종학당 온라인 한국어 레벨테스트 운영 방안 수립 입찰 공고,https://ksif.or.kr/cop/bbs/selectBoardArticle.do?nttId=92600523&bbsId=BBSMSTR_000000000001&pageIndex=1,2018,유,미부착,,개방 가능,공공누리 1유형,,,O,,,,,고시·공고,
754,세종학당재단,HOME > 알림마당 > 공지사항,공지사항,2018년 세종한국어 회화 성취도 평가 개발 사업 재공고 입찰,https://ksif.or.kr/cop/bbs/selectBoardArticle.do?nttId=92600522&bbsId=BBSMSTR_000000000001&pageIndex=1,2018,유,미부착,,개방 가능,공공누리 1유형,,,O,,,,,고시·공고,
755,세종학당재단,HOME > 알림마당 > 공지사항,공지사항,2018 세종한국어 성취도 평가 개발 사업 재공고 입찰,https://ksif.or.kr/cop/bbs/selectBoardArticle.do?nttId=92600521&bbsId=BBSMSTR_000000000001&pageIndex=1,2018,유,미부착,,개방 가능,공공누리 1유형,,,O,,,,,고시·공고,
756,세종학당재단,HOME > 알림마당 > 공지사항,공지사항,세종학당 교육과정 운영 재정비 용역 재공고 입찰,https://ksif.or.kr/cop/bbs/selectBoardArticle.do?nttId=92600520&bbsId=BBSMSTR_000000000001&pageIndex=1,2018,유,미부착,,개방 가능,공공누리 1유형,,,O,,,,,고시·공고,
757,세종학당재단,HOME > 알림마당 > 공지사항,공지사항,2018 해외 한국문화 확산 콘텐츠 개발 재공고 입찰,https://ksif.or.kr/cop/bbs/selectBoardArticle.do?nttId=92600519&bbsId=BBSMSTR_000000000001&pageIndex=1,2018,유,미부착,,개방 가능,공공누리 1유형,,,O,,,,,고시·공고,
758,세종학당재단,HOME > 알림마당 > 공지사항,공지사항,2018 세종학당 시설개선공사 실시설계 용역 입찰 공고,https://ksif.or.kr/cop/bbs/selectBoardArticle.do?nttId=92600518&bbsId=BBSMSTR_000000000001&pageIndex=1,2018,유,미부착,,개방 가능,공공누리 1유형,,,O,,,,,고시·공고,
759,세종학당재단,HOME > 알림마당 > 공지사항,공지사항,2018년 세종학당재단 대학생 기자단 누리벗 5기 모집 ,https://ksif.or.kr/cop/bbs/selectBoardArticle.do?nttId=92600517&bbsId=BBSMSTR_000000000001&pageIndex=1,2018,유,미부착,,개방 가능,공공누리 1유형,,,O,,,,,고시·공고,
760,세종학당재단,HOME > 알림마당 > 공지사항,공지사항,거점 세종학당 중장기 로드맵 수립 용역구매입찰 공고(긴급),https://ksif.or.kr/cop/bbs/selectBoardArticle.do?nttId=92600515&bbsId=BBSMSTR_000000000001&pageIndex=1,2018,유,미부착,,개방 가능,공공누리 1유형,,,O,,,,,고시·공고,
761,세종학당재단,HOME > 알림마당 > 공지사항,공지사항,2018년 해외 한국문화 확산 콘텐츠 개발 입찰 공고,https://ksif.or.kr/cop/bbs/selectBoardArticle.do?nttId=92600514&bbsId=BBSMSTR_000000000001&pageIndex=1,2018,유,미부착,,개방 가능,공공누리 1유형,,,O,,,,,고시·공고,
762,세종학당재단,HOME > 알림마당 > 공지사항,공지사항,세종학당 교육과정 운영 재정비 용역 입찰 공고,https://ksif.or.kr/cop/bbs/selectBoardArticle.do?nttId=92600513&bbsId=BBSMSTR_000000000001&pageIndex=1,2018,유,미부착,,개방 가능,공공누리 1유형,,,O,,,,,고시·공고,
763,세종학당재단,HOME > 알림마당 > 공지사항,공지사항,2018년 세종학당 한국어 교원 양성과정 오프라인 교육 운영 용역 입찰 공고,https://ksif.or.kr/cop/bbs/selectBoardArticle.do?nttId=92600511&bbsId=BBSMSTR_000000000001&pageIndex=1,2018,유,미부착,,개방 가능,공공누리 1유형,,,O,,,,,고시·공고,
764,세종학당재단,HOME > 알림마당 > 공지사항,공지사항,2018년 <세종한국어 회화> 성취도 평가 개발 사업 입찰 공고,https://ksif.or.kr/cop/bbs/selectBoardArticle.do?nttId=92600510&bbsId=BBSMSTR_000000000001&pageIndex=1,2018,유,미부착,,개방 가능,공공누리 1유형,,,O,,,,,고시·공고,
765,세종학당재단,HOME > 알림마당 > 공지사항,공지사항,2018년 <세종한국어> 성취도 평가 개발 사업 입찰 공고,https://ksif.or.kr/cop/bbs/selectBoardArticle.do?nttId=92600509&bbsId=BBSMSTR_000000000001&pageIndex=1,2018,유,미부착,,개방 가능,공공누리 1유형,,,O,,,,,고시·공고,
766,세종학당재단,HOME > 알림마당 > 공지사항,공지사항,2018년 하반기 세종학당재단 장학생 모집,https://ksif.or.kr/cop/bbs/selectBoardArticle.do?nttId=92600508&bbsId=BBSMSTR_000000000001&pageIndex=1,2018,유,미부착,,개방 가능,공공누리 1유형,,,O,,,,,고시·공고,
767,세종학당재단,HOME > 알림마당 > 공지사항,공지사항,세종학당재단 근로자의날 관련 휴무 안내 ,https://ksif.or.kr/cop/bbs/selectBoardArticle.do?nttId=92600507&bbsId=BBSMSTR_000000000001&pageIndex=1,2018,무,미부착,,개방 가능,공공누리 1유형,,,O,,,,,업무상 저작물,
768,세종학당재단,HOME > 알림마당 > 공지사항,공지사항,『2018년 해외 파견 한국어교원 안전관리서비스 용역』사업자 공모 우선협상대상자 선정결과 공고,https://ksif.or.kr/cop/bbs/selectBoardArticle.do?nttId=92600505&bbsId=BBSMSTR_000000000001&pageIndex=1,2018,무,미부착,,개방 가능,공공누리 1유형,,,O,,,,,고시·공고,
769,세종학당재단,HOME > 알림마당 > 공지사항,공지사항,2018년 세계한국어교육자대회 운영 입찰 공고,https://ksif.or.kr/cop/bbs/selectBoardArticle.do?nttId=92600504&bbsId=BBSMSTR_000000000001&pageIndex=1,2018,유,미부착,,개방 가능,공공누리 1유형,,,O,,,,,고시·공고,
770,세종학당재단,HOME > 알림마당 > 공지사항,공지사항,세종학당재단 직원 전체 워크숍 관련 휴무(4.6(금)) 안내,https://ksif.or.kr/cop/bbs/selectBoardArticle.do?nttId=92600501&bbsId=BBSMSTR_000000000001&pageIndex=1,2018,무,미부착,,개방 가능,공공누리 1유형,,,O,,,,,업무상 저작물,
771,세종학당재단,HOME > 알림마당 > 공지사항,공지사항,2018년 누리-세종학당 시스템 개선 및 운영 입찰 공고,https://ksif.or.kr/cop/bbs/selectBoardArticle.do?nttId=92600500&bbsId=BBSMSTR_000000000001&pageIndex=1,2018,유,미부착,,개방 가능,공공누리 1유형,,,O,,,,,고시·공고,
772,세종학당재단,HOME > 알림마당 > 공지사항,공지사항,2018년 해외 파견 한국어교원 안전관리서비스 용역 입찰 공고,https://ksif.or.kr/cop/bbs/selectBoardArticle.do?nttId=92600499&bbsId=BBSMSTR_000000000001&pageIndex=1,2018,유,미부착,,개방 가능,공공누리 1유형,,,O,,,,,고시·공고,
773,세종학당재단,HOME > 알림마당 > 공지사항,공지사항,세종학당재단 2018년 녹색제품 구매이행계획,https://ksif.or.kr/cop/bbs/selectBoardArticle.do?nttId=92600498&bbsId=BBSMSTR_000000000001&pageIndex=1,2018,유,미부착,,개방 가능,공공누리 1유형,,,O,,,,,고시·공고,
774,세종학당재단,HOME > 알림마당 > 공지사항,공지사항,「2018년 세종학당재단 홍보물 제작·배포 용역사업」 입찰 공고 ,https://ksif.or.kr/cop/bbs/selectBoardArticle.do?nttId=92600497&bbsId=BBSMSTR_000000000001&pageIndex=1,2018,유,미부착,,개방 가능,공공누리 1유형,,,O,,,,,고시·공고,
775,세종학당재단,HOME > 알림마당 > 공지사항,공지사항,「2018년 누리-세종학당 활성화 지원 사업」 입찰 재공고,https://ksif.or.kr/cop/bbs/selectBoardArticle.do?nttId=92600496&bbsId=BBSMSTR_000000000001&pageIndex=1,2018,유,미부착,,개방 가능,공공누리 1유형,,,O,,,,,고시·공고,
776,세종학당재단,HOME > 알림마당 > 공지사항,공지사항,「2018년 누리-세종학당 활성화 지원 사업」 입찰 공고,https://ksif.or.kr/cop/bbs/selectBoardArticle.do?nttId=92600494&bbsId=BBSMSTR_000000000001&pageIndex=1,2018,유,미부착,,개방 가능,공공누리 1유형,,,O,,,,,고시·공고,
777,세종학당재단,HOME > 알림마당 > 공지사항,공지사항,세종학당재단  2018년 신규 세종학당 지정 서류심사 결과 안내,https://ksif.or.kr/cop/bbs/selectBoardArticle.do?nttId=92600492&bbsId=BBSMSTR_000000000001&pageIndex=1,2018,유,미부착,,개방 가능,공공누리 1유형,,,O,,,,,고시·공고,
778,세종학당재단,HOME > 알림마당 > 공지사항,공지사항,설 연휴 세종학당재단 휴무 안내,https://ksif.or.kr/cop/bbs/selectBoardArticle.do?nttId=92600491&bbsId=BBSMSTR_000000000001&pageIndex=1,2018,무,미부착,,개방 가능,공공누리 1유형,,,O,,,,,업무상 저작물,
779,세종학당재단,HOME > 알림마당 > 공지사항,공지사항,[긴급] 2018년 해외 파견 한국어교원 적법비자 발급 및 항공권 구매 대행 용역,https://ksif.or.kr/cop/bbs/selectBoardArticle.do?nttId=92600490&bbsId=BBSMSTR_000000000001&pageIndex=1,2018,유,미부착,,개방 가능,공공누리 1유형,,,O,,,,,고시·공고,
780,세종학당재단,HOME > 알림마당 > 공지사항,공지사항,2018년 세종학당재단 입찰 발주 계획 공고,https://ksif.or.kr/cop/bbs/selectBoardArticle.do?nttId=92600489&bbsId=BBSMSTR_000000000001&pageIndex=1,2018,유,미부착,,개방 가능,공공누리 1유형,,,O,,,,,고시·공고,
781,세종학당재단,HOME > 알림마당 > 공지사항,공지사항,2018 새해인사,https://ksif.or.kr/cop/bbs/selectBoardArticle.do?nttId=92600487&bbsId=BBSMSTR_000000000001&pageIndex=1,2017,무,미부착,,내부확인 필요,공공누리 2~4유형,,,,,O,,,외부이미지 포함,
782,세종학당재단,HOME > 알림마당 > 공지사항,공지사항,2017년 세종학당재단 전자문서결재시스템 고도화 사업,https://ksif.or.kr/cop/bbs/selectBoardArticle.do?nttId=92600483&bbsId=BBSMSTR_000000000001&pageIndex=1,2017,유,미부착,,개방 가능,공공누리 1유형,,,O,,,,,고시·공고,
783,세종학당재단,HOME > 알림마당 > 공지사항,공지사항,"『2017년 <세종한국어 회화 1, 2> 출판·판매 대행』  우선협상대상자 선정 결과 공고",https://ksif.or.kr/cop/bbs/selectBoardArticle.do?nttId=92600481&bbsId=BBSMSTR_000000000001&pageIndex=1,2017,유,미부착,,개방 가능,공공누리 1유형,,,O,,,,,고시·공고,
784,세종학당재단,HOME > 알림마당 > 공지사항,공지사항,2018년 신규 세종학당 지정 신청 안내,https://ksif.or.kr/cop/bbs/selectBoardArticle.do?nttId=92600480&bbsId=BBSMSTR_000000000001&pageIndex=1,2017,유,미부착,,개방 가능,공공누리 1유형,,,O,,,,,고시·공고,
785,세종학당재단,HOME > 알림마당 > 공지사항,공지사항,2017년 세종학당재단 <세종한국어 회화> 출판‧판매 대행 업체 선정 공모,https://ksif.or.kr/cop/bbs/selectBoardArticle.do?nttId=92600479&bbsId=BBSMSTR_000000000001&pageIndex=1,2017,유,미부착,,개방 가능,공공누리 1유형,,,O,,,,,고시·공고,
786,세종학당재단,HOME > 알림마당 > 공지사항,공지사항,'세계곳곳 엉터리 한국어를 찾습니다' 이벤트 결과 발표,https://ksif.or.kr/cop/bbs/selectBoardArticle.do?nttId=92600478&bbsId=BBSMSTR_000000000001&pageIndex=1,2017,유,미부착,,개방 가능,공공누리 1유형,,,O,,,,,업무상 저작물,
787,세종학당재단,HOME > 알림마당 > 공지사항,공지사항,세종학당재단 창립기념일 (10월 24일/화) 휴무 공지,https://ksif.or.kr/cop/bbs/selectBoardArticle.do?nttId=92600477&bbsId=BBSMSTR_000000000001&pageIndex=1,2017,무,미부착,,개방 가능,공공누리 1유형,,,O,,,,,업무상 저작물,
788,세종학당재단,HOME > 알림마당 > 공지사항,공지사항,2018년 세종학당재단 장학생 모집,https://ksif.or.kr/cop/bbs/selectBoardArticle.do?nttId=92600476&bbsId=BBSMSTR_000000000001&pageIndex=1,2017,유,미부착,,개방 가능,공공누리 1유형,,,O,,,,,업무상 저작물,
789,세종학당재단,HOME > 알림마당 > 공지사항,공지사항,「세종학당 설립 10주년 기념행사 운영」 입찰 공고(긴급),https://ksif.or.kr/cop/bbs/selectBoardArticle.do?nttId=92600475&bbsId=BBSMSTR_000000000001&pageIndex=1,2017,유,미부착,,개방 가능,공공누리 1유형,,,O,,,,,고시·공고,
790,세종학당재단,HOME > 알림마당 > 공지사항,공지사항,「세종학당 설립 10주년 기념행사 운영」 입찰 취소 공고,https://ksif.or.kr/cop/bbs/selectBoardArticle.do?nttId=92600474&bbsId=BBSMSTR_000000000001&pageIndex=1,2017,유,미부착,,개방 가능,공공누리 1유형,,,O,,,,,고시·공고,
791,세종학당재단,HOME > 알림마당 > 공지사항,공지사항,『2017년 한글발전유공자 및 유네스코 세종문해상 수상자 초청 문화 연수 사업』사업자 공모 우선협상대상자 선정결과 공고,https://ksif.or.kr/cop/bbs/selectBoardArticle.do?nttId=92600473&bbsId=BBSMSTR_000000000001&pageIndex=1,2017,유,미부착,,개방 가능,공공누리 1유형,,,O,,,,,고시·공고,
792,세종학당재단,HOME > 알림마당 > 공지사항,공지사항, 『2017년 세종학당 사업비 정산』사업자 공모  우선협상대상자 선정결과 공고,https://ksif.or.kr/cop/bbs/selectBoardArticle.do?nttId=92600472&bbsId=BBSMSTR_000000000001&pageIndex=1,2017,유,미부착,,개방 가능,공공누리 1유형,,,O,,,,,고시·공고,
793,세종학당재단,HOME > 알림마당 > 공지사항,공지사항,『2017년 세종학당 한국어 교원 온라인 재교육 콘텐츠 개발』 사업자 공모  우선협상대상자 선정결과 공고,https://ksif.or.kr/cop/bbs/selectBoardArticle.do?nttId=92600471&bbsId=BBSMSTR_000000000001&pageIndex=1,2017,유,미부착,,개방 가능,공공누리 1유형,,,O,,,,,고시·공고,
794,세종학당재단,HOME > 알림마당 > 공지사항,공지사항,세종학당재단 추석연휴기간 임시공휴일 휴무 안내,https://ksif.or.kr/cop/bbs/selectBoardArticle.do?nttId=92600470&bbsId=BBSMSTR_000000000001&pageIndex=1,2017,무,미부착,,개방 가능,공공누리 1유형,,,O,,,,,업무상 저작물,
795,세종학당재단,HOME > 알림마당 > 공지사항,공지사항,「세종학당 설립 10주년 기념행사 운영」 입찰 공고,https://ksif.or.kr/cop/bbs/selectBoardArticle.do?nttId=92600469&bbsId=BBSMSTR_000000000001&pageIndex=1,2017,유,미부착,,개방 가능,공공누리 1유형,,,O,,,,,고시·공고,
796,세종학당재단,HOME > 알림마당 > 공지사항,공지사항,「2017년 한글발전유공자 및 유네스코 세종문해상 수상자 초청 문화연수 사업」 입찰 재공고(긴급),https://ksif.or.kr/cop/bbs/selectBoardArticle.do?nttId=92600468&bbsId=BBSMSTR_000000000001&pageIndex=1,2017,유,미부착,,개방 가능,공공누리 1유형,,,O,,,,,고시·공고,
797,세종학당재단,HOME > 알림마당 > 공지사항,공지사항,해외진출 기업에 대한 홍보지원 이벤트 안내,https://ksif.or.kr/cop/bbs/selectBoardArticle.do?nttId=92600466&bbsId=BBSMSTR_000000000001&pageIndex=1,2017,유,미부착,,내부확인 필요,공공누리 2~4유형,,,,,O,,,외부이미지 포함,
798,세종학당재단,HOME > 알림마당 > 공지사항,공지사항,「2017년 세종학당 사업비 정산」 입찰 공고(긴급),https://ksif.or.kr/cop/bbs/selectBoardArticle.do?nttId=92600464&bbsId=BBSMSTR_000000000001&pageIndex=1,2017,유,미부착,,개방 가능,공공누리 1유형,,,O,,,,,고시·공고,
799,세종학당재단,HOME > 알림마당 > 공지사항,공지사항,「2017년 한글발전유공자 및 유네스코 세종문해상 수상자 초청 문화연수 사업」 입찰 공고(긴급),https://ksif.or.kr/cop/bbs/selectBoardArticle.do?nttId=92600463&bbsId=BBSMSTR_000000000001&pageIndex=1,2017,유,미부착,,개방 가능,공공누리 1유형,,,O,,,,,고시·공고,
800,세종학당재단,HOME > 알림마당 > 공지사항,공지사항,「2017년 한류스타 활용 한국문화 콘텐츠 개발 및 보급」 입찰 공고,https://ksif.or.kr/cop/bbs/selectBoardArticle.do?nttId=92600462&bbsId=BBSMSTR_000000000001&pageIndex=1,2017,유,미부착,,개방 가능,공공누리 1유형,,,O,,,,,고시·공고,
801,세종학당재단,HOME > 알림마당 > 공지사항,공지사항,「세종한국어 익힘책 다국어 콘텐츠 개발」 입찰 재공고,https://ksif.or.kr/cop/bbs/selectBoardArticle.do?nttId=92600461&bbsId=BBSMSTR_000000000001&pageIndex=1,2017,유,미부착,,개방 가능,공공누리 1유형,,,O,,,,,고시·공고,
802,세종학당재단,HOME > 알림마당 > 공지사항,공지사항,「2017년 한국어 회화/발음(초급) 학습 앱 개발」 입찰 공고,https://ksif.or.kr/cop/bbs/selectBoardArticle.do?nttId=92600460&bbsId=BBSMSTR_000000000001&pageIndex=1,2017,유,미부착,,개방 가능,공공누리 1유형,,,O,,,,,고시·공고,
803,세종학당재단,HOME > 알림마당 > 공지사항,공지사항,「2017년 세종학당 한국어 교원 온라인 재교육 콘텐츠 개발」 입찰 재공고,https://ksif.or.kr/cop/bbs/selectBoardArticle.do?nttId=92600459&bbsId=BBSMSTR_000000000001&pageIndex=1,2017,유,미부착,,개방 가능,공공누리 1유형,,,O,,,,,고시·공고,
804,세종학당재단,HOME > 알림마당 > 공지사항,공지사항,「세종한국어 익힘책 다국어 콘텐츠 개발」입찰 공고,https://ksif.or.kr/cop/bbs/selectBoardArticle.do?nttId=92600456&bbsId=BBSMSTR_000000000001&pageIndex=1,2017,유,미부착,,개방 가능,공공누리 1유형,,,O,,,,,고시·공고,
805,세종학당재단,HOME > 알림마당 > 공지사항,공지사항, 「2017년 세종학당 한국어 교원 온라인 재교육 콘텐츠 개발」입찰 공고 (긴급),https://ksif.or.kr/cop/bbs/selectBoardArticle.do?nttId=92600455&bbsId=BBSMSTR_000000000001&pageIndex=1,2017,유,미부착,,개방 가능,공공누리 1유형,,,O,,,,,고시·공고,
806,세종학당재단,HOME > 알림마당 > 공지사항,공지사항,「2017년 한국어 문법(초급) 학습 앱 개발」입찰 공고 ,https://ksif.or.kr/cop/bbs/selectBoardArticle.do?nttId=92600452&bbsId=BBSMSTR_000000000001&pageIndex=1,2017,유,미부착,,개방 가능,공공누리 1유형,,,O,,,,,고시·공고,
807,세종학당재단,HOME > 알림마당 > 공지사항,공지사항, 「2017년 중급 한국어 강의 콘텐츠 개발」입찰 공고,https://ksif.or.kr/cop/bbs/selectBoardArticle.do?nttId=92600451&bbsId=BBSMSTR_000000000001&pageIndex=1,2017,유,미부착,,개방 가능,공공누리 1유형,,,O,,,,,고시·공고,
808,세종학당재단,HOME > 알림마당 > 공지사항,공지사항,『2017년 <세종한국어 회화> 교재 평가 개발 연구』사업자 공모  우선협상대상자 선정결과 공고,https://ksif.or.kr/cop/bbs/selectBoardArticle.do?nttId=92600450&bbsId=BBSMSTR_000000000001&pageIndex=1,2017,유,미부착,,개방 가능,공공누리 1유형,,,O,,,,,고시·공고,
809,세종학당재단,HOME > 알림마당 > 공지사항,공지사항, 『2017년 세종학당 성취도 평가 개발 연구』사업자 공모  우선협상대상자 선정결과 공고,https://ksif.or.kr/cop/bbs/selectBoardArticle.do?nttId=92600449&bbsId=BBSMSTR_000000000001&pageIndex=1,2017,유,미부착,,개방 가능,공공누리 1유형,,,O,,,,,고시·공고,
810,세종학당재단,HOME > 알림마당 > 공지사항,공지사항,『2017년 세종학당 시설개선 설계 및 감리 용역』사업자 공모 우선협상대상자 선정결과 공고,https://ksif.or.kr/cop/bbs/selectBoardArticle.do?nttId=92600448&bbsId=BBSMSTR_000000000001&pageIndex=1,2017,유,미부착,,개방 가능,공공누리 1유형,,,O,,,,,고시·공고,
811,세종학당재단,HOME > 알림마당 > 공지사항,공지사항,「2017년 교원용 한국어 교수/학습 보조자료 제작 사업」입찰 공고,https://ksif.or.kr/cop/bbs/selectBoardArticle.do?nttId=92600446&bbsId=BBSMSTR_000000000001&pageIndex=1,2017,유,미부착,,개방 가능,공공누리 1유형,,,O,,,,,고시·공고,
812,세종학당재단,HOME > 알림마당 > 공지사항,공지사항,「2017년 세종학당재단 홍보물 제작 및 배포」입찰 재공고,https://ksif.or.kr/cop/bbs/selectBoardArticle.do?nttId=92600445&bbsId=BBSMSTR_000000000001&pageIndex=1,2017,유,미부착,,개방 가능,공공누리 1유형,,,O,,,,,고시·공고,
813,세종학당재단,HOME > 알림마당 > 공지사항,공지사항,「2017년 한국어 어휘학습 앱(중급) 개발 사업」입찰 재공고,https://ksif.or.kr/cop/bbs/selectBoardArticle.do?nttId=92600444&bbsId=BBSMSTR_000000000001&pageIndex=1,2017,유,미부착,,개방 가능,공공누리 1유형,,,O,,,,,고시·공고,
814,세종학당재단,HOME > 알림마당 > 공지사항,공지사항,「2017년 <세종한국어 회화> 교재 평가 개발 연구」입찰 재공고,https://ksif.or.kr/cop/bbs/selectBoardArticle.do?nttId=92600442&bbsId=BBSMSTR_000000000001&pageIndex=1,2017,유,미부착,,개방 가능,공공누리 1유형,,,O,,,,,고시·공고,
815,세종학당재단,HOME > 알림마당 > 공지사항,공지사항,「2017년 세종학당 성취도 평가 개발 연구」입찰 재공고,https://ksif.or.kr/cop/bbs/selectBoardArticle.do?nttId=92600441&bbsId=BBSMSTR_000000000001&pageIndex=1,2017,유,미부착,,개방 가능,공공누리 1유형,,,O,,,,,고시·공고,
816,세종학당재단,HOME > 알림마당 > 공지사항,공지사항,「2017 세종학당 우수학습자 초청 연수(한국어말하기대회 병행) 운영」입찰 공고,https://ksif.or.kr/cop/bbs/selectBoardArticle.do?nttId=92600440&bbsId=BBSMSTR_000000000001&pageIndex=1,2017,유,미부착,,개방 가능,공공누리 1유형,,,O,,,,,고시·공고,
817,세종학당재단,HOME > 알림마당 > 공지사항,공지사항,세종학당재단 2017년 신규 세종학당 지정 심사 결과 공고,https://ksif.or.kr/cop/bbs/selectBoardArticle.do?nttId=92600439&bbsId=BBSMSTR_000000000001&pageIndex=1,2017,무,미부착,,개방 가능,공공누리 1유형,,,O,,,,,고시·공고,
818,세종학당재단,HOME > 알림마당 > 공지사항,공지사항,「2017년 세종학당재단 홍보물 제작 및 배포」입찰 공고,https://ksif.or.kr/cop/bbs/selectBoardArticle.do?nttId=92600438&bbsId=BBSMSTR_000000000001&pageIndex=1,2017,유,미부착,,개방 가능,공공누리 1유형,,,O,,,,,고시·공고,
819,세종학당재단,HOME > 알림마당 > 공지사항,공지사항,「2017년 한국어 어휘학습 앱(중급) 개발 사업」입찰 공고,https://ksif.or.kr/cop/bbs/selectBoardArticle.do?nttId=92600437&bbsId=BBSMSTR_000000000001&pageIndex=1,2017,유,미부착,,개방 가능,공공누리 1유형,,,O,,,,,고시·공고,
820,세종학당재단,HOME > 알림마당 > 공지사항,공지사항,「2017년 세종학당 성취도 평가 개발 연구」입찰 공고,https://ksif.or.kr/cop/bbs/selectBoardArticle.do?nttId=92600436&bbsId=BBSMSTR_000000000001&pageIndex=1,2017,유,미부착,,개방 가능,공공누리 1유형,,,O,,,,,고시·공고,
821,세종학당재단,HOME > 알림마당 > 공지사항,공지사항,「2017년 세종학당 통합업무관리시스템 2단계 구축 사업」입찰 재공고,https://ksif.or.kr/cop/bbs/selectBoardArticle.do?nttId=92600435&bbsId=BBSMSTR_000000000001&pageIndex=1,2017,유,미부착,,개방 가능,공공누리 1유형,,,O,,,,,고시·공고,
822,세종학당재단,HOME > 알림마당 > 공지사항,공지사항,「2017년 <세종한국어 회화> 교재 평가 개발 연구」입찰 공고,https://ksif.or.kr/cop/bbs/selectBoardArticle.do?nttId=92600434&bbsId=BBSMSTR_000000000001&pageIndex=1,2017,유,미부착,,개방 가능,공공누리 1유형,,,O,,,,,고시·공고,
823,세종학당재단,HOME > 알림마당 > 공지사항,공지사항,「2017년 세종학당 시설개선 설계 및 감리 용역」입찰 공고,https://ksif.or.kr/cop/bbs/selectBoardArticle.do?nttId=92600433&bbsId=BBSMSTR_000000000001&pageIndex=1,2017,유,미부착,,개방 가능,공공누리 1유형,,,O,,,,,고시·공고,
824,세종학당재단,HOME > 알림마당 > 공지사항,공지사항,「2017년 한국문화 학습만화 콘텐츠 개발 사업」입찰 재공고,https://ksif.or.kr/cop/bbs/selectBoardArticle.do?nttId=92600432&bbsId=BBSMSTR_000000000001&pageIndex=1,2017,유,미부착,,개방 가능,공공누리 1유형,,,O,,,,,고시·공고,
825,세종학당재단,HOME > 알림마당 > 공지사항,공지사항,「2017년 세종학당 통합업무관리시스템 2단계 구축 사업」입찰 공고,https://ksif.or.kr/cop/bbs/selectBoardArticle.do?nttId=92600430&bbsId=BBSMSTR_000000000001&pageIndex=1,2017,유,미부착,,개방 가능,공공누리 1유형,,,O,,,,,고시·공고,
826,세종학당재단,HOME > 알림마당 > 공지사항,공지사항,「2017년 한국문화 학습만화 콘텐츠 개발 사업」입찰 공고,https://ksif.or.kr/cop/bbs/selectBoardArticle.do?nttId=92600429&bbsId=BBSMSTR_000000000001&pageIndex=1,2017,유,미부착,,개방 가능,공공누리 1유형,,,O,,,,,고시·공고,
827,세종학당재단,HOME > 알림마당 > 공지사항,공지사항," 「세종학당 콘텐츠․인프라 개선사업 한국어,한국문화 교육자료 구매 및 배송 용역」입찰 공고",https://ksif.or.kr/cop/bbs/selectBoardArticle.do?nttId=92600428&bbsId=BBSMSTR_000000000001&pageIndex=1,2017,유,미부착,,개방 가능,공공누리 1유형,,,O,,,,,고시·공고,
828,세종학당재단,HOME > 알림마당 > 공지사항,공지사항,세종학당재단 근로자의날 관련 휴무 안내,https://ksif.or.kr/cop/bbs/selectBoardArticle.do?nttId=92600427&bbsId=BBSMSTR_000000000001&pageIndex=1,2017,무,미부착,,개방 가능,공공누리 1유형,,,O,,,,,업무상 저작물,
829,세종학당재단,HOME > 알림마당 > 공지사항,공지사항,2017년 세종학당재단 장학생 모집,https://ksif.or.kr/cop/bbs/selectBoardArticle.do?nttId=92600426&bbsId=BBSMSTR_000000000001&pageIndex=1,2017,유,미부착,,개방 가능,공공누리 1유형,,,O,,,,,업무상 저작물,
830,세종학당재단,HOME > 알림마당 > 공지사항,공지사항,세종학당재단 2017년 녹색제품 구매이행계획,https://ksif.or.kr/cop/bbs/selectBoardArticle.do?nttId=92600425&bbsId=BBSMSTR_000000000001&pageIndex=1,2017,유,미부착,,개방 가능,공공누리 1유형,,,O,,,,,고시·공고,
831,세종학당재단,HOME > 알림마당 > 공지사항,공지사항,세종학당재단 직원 전체 워크숍 관련 휴무 안내,https://ksif.or.kr/cop/bbs/selectBoardArticle.do?nttId=92600424&bbsId=BBSMSTR_000000000001&pageIndex=1,2017,무,미부착,,개방 가능,공공누리 1유형,,,O,,,,,업무상 저작물,
832,세종학당재단,HOME > 알림마당 > 공지사항,공지사항,"2017년 세종학당 지역별(중앙아, 동남아) 워크숍 운영 입찰 공고",https://ksif.or.kr/cop/bbs/selectBoardArticle.do?nttId=92600423&bbsId=BBSMSTR_000000000001&pageIndex=1,2017,유,미부착,,개방 가능,공공누리 1유형,,,O,,,,,고시·공고,
833,세종학당재단,HOME > 알림마당 > 공지사항,공지사항,브랜드 통합에 따른 세종학당 내실화 발전전략 연구 용역 입찰 공고,https://ksif.or.kr/cop/bbs/selectBoardArticle.do?nttId=92600421&bbsId=BBSMSTR_000000000001&pageIndex=1,2017,유,미부착,,개방 가능,공공누리 1유형,,,O,,,,,고시·공고,
834,세종학당재단,HOME > 알림마당 > 공지사항,공지사항,2017년 세종학당 한국어 교원 양성과정 오프라인 과정 운영 입찰 재공고,https://ksif.or.kr/cop/bbs/selectBoardArticle.do?nttId=92600420&bbsId=BBSMSTR_000000000001&pageIndex=1,2017,유,미부착,,개방 가능,공공누리 1유형,,,O,,,,,고시·공고,
835,세종학당재단,HOME > 알림마당 > 공지사항,공지사항,2017년 세종학당재단 <세종한국어 1~8> 출판‧판매 대행 업체 선정 재공고,https://ksif.or.kr/cop/bbs/selectBoardArticle.do?nttId=92600417&bbsId=BBSMSTR_000000000001&pageIndex=1,2017,유,미부착,,개방 가능,공공누리 1유형,,,O,,,,,고시·공고,
836,세종학당재단,HOME > 알림마당 > 공지사항,공지사항,「2017년 제9회 세계한국어교육자대회 운영 용역」입찰 공고,https://ksif.or.kr/cop/bbs/selectBoardArticle.do?nttId=92600416&bbsId=BBSMSTR_000000000001&pageIndex=1,2017,유,미부착,,개방 가능,공공누리 1유형,,,O,,,,,고시·공고,
837,세종학당재단,HOME > 알림마당 > 공지사항,공지사항,2017년 세종학당 한국어 교원 양성과정 오프라인 과정 운영 입찰 공고,https://ksif.or.kr/cop/bbs/selectBoardArticle.do?nttId=92600415&bbsId=BBSMSTR_000000000001&pageIndex=1,2017,유,미부착,,개방 가능,공공누리 1유형,,,O,,,,,고시·공고,
838,세종학당재단,HOME > 알림마당 > 공지사항,공지사항,2017년 세종학당 운영평가 위탁 사업 용역 입찰 공고,https://ksif.or.kr/cop/bbs/selectBoardArticle.do?nttId=92600414&bbsId=BBSMSTR_000000000001&pageIndex=1,2017,유,미부착,,개방 가능,공공누리 1유형,,,O,,,,,고시·공고,
839,세종학당재단,HOME > 알림마당 > 공지사항,공지사항,「2017년 누리-세종학당 허브사이트 구축 및 운영 사업」 용역 입찰 재공고,https://ksif.or.kr/cop/bbs/selectBoardArticle.do?nttId=92600413&bbsId=BBSMSTR_000000000001&pageIndex=1,2017,유,미부착,,개방 가능,공공누리 1유형,,,O,,,,,고시·공고,
840,세종학당재단,HOME > 알림마당 > 공지사항,공지사항,2017년 세종학당재단 <세종한국어 1~8> 출판‧판매 대행 업체 선정 공모,https://ksif.or.kr/cop/bbs/selectBoardArticle.do?nttId=92600412&bbsId=BBSMSTR_000000000001&pageIndex=1,2017,유,미부착,,개방 가능,공공누리 1유형,,,O,,,,,고시·공고,
841,세종학당재단,HOME > 알림마당 > 공지사항,공지사항,「2017 해외언어박람회 한글관 운영 대행」 입찰 공고,https://ksif.or.kr/cop/bbs/selectBoardArticle.do?nttId=92600410&bbsId=BBSMSTR_000000000001&pageIndex=1,2017,유,미부착,,개방 가능,공공누리 1유형,,,O,,,,,고시·공고,
842,세종학당재단,HOME > 알림마당 > 공지사항,공지사항,「2017년 북남미 세종학당 워크숍 행사 위탁 사업」 입찰 공고,https://ksif.or.kr/cop/bbs/selectBoardArticle.do?nttId=92600409&bbsId=BBSMSTR_000000000001&pageIndex=1,2017,유,미부착,,개방 가능,공공누리 1유형,,,O,,,,,고시·공고,
843,세종학당재단,HOME > 알림마당 > 공지사항,공지사항,「2017년 누리-세종학당 활성화 지원 사업」 용역 입찰 공고,https://ksif.or.kr/cop/bbs/selectBoardArticle.do?nttId=92600408&bbsId=BBSMSTR_000000000001&pageIndex=1,2017,유,미부착,,개방 가능,공공누리 1유형,,,O,,,,,고시·공고,
844,세종학당재단,HOME > 알림마당 > 공지사항,공지사항,「2017년 누리-세종학당 허브사이트 구축 및 운영 사업」 용역 입찰 공고,https://ksif.or.kr/cop/bbs/selectBoardArticle.do?nttId=92600406&bbsId=BBSMSTR_000000000001&pageIndex=1,2017,유,미부착,,개방 가능,공공누리 1유형,,,O,,,,,고시·공고,
845,세종학당재단,HOME > 알림마당 > 공지사항,공지사항,2017년 신규 세종학당 지정 서류 심사 결과 안내,https://ksif.or.kr/cop/bbs/selectBoardArticle.do?nttId=92600405&bbsId=BBSMSTR_000000000001&pageIndex=1,2017,무,미부착,,개방 가능,공공누리 1유형,,,O,,,,,고시·공고,
846,세종학당재단,HOME > 알림마당 > 공지사항,공지사항,2017년 세종학당재단 상반기 직원 채용  최종합격자 공고,https://ksif.or.kr/cop/bbs/selectBoardArticle.do?nttId=92600404&bbsId=BBSMSTR_000000000001&pageIndex=1,2017,유,미부착,,개방 가능,공공누리 1유형,,,O,,,,,고시·공고,
847,세종학당재단,HOME > 알림마당 > 공지사항,공지사항,세종학당 한국어 회화 중급 교재 개발 입찰 재공고,https://ksif.or.kr/cop/bbs/selectBoardArticle.do?nttId=92600403&bbsId=BBSMSTR_000000000001&pageIndex=1,2017,유,미부착,,개방 가능,공공누리 1유형,,,O,,,,,고시·공고,
848,세종학당재단,HOME > 알림마당 > 공지사항,공지사항,세종학당 비즈니스 한국어 교재 개발 사업 용역 재공고,https://ksif.or.kr/cop/bbs/selectBoardArticle.do?nttId=92600402&bbsId=BBSMSTR_000000000001&pageIndex=1,2017,유,미부착,,개방 가능,공공누리 1유형,,,O,,,,,고시·공고,
849,세종학당재단,HOME > 알림마당 > 공지사항,공지사항,2017년 세종학당재단 직원 채용  1차 면접시험 합격자 및 최종면접 안내,https://ksif.or.kr/cop/bbs/selectBoardArticle.do?nttId=92600401&bbsId=BBSMSTR_000000000001&pageIndex=1,2017,유,미부착,,개방 가능,공공누리 1유형,,,O,,,,,고시·공고,
850,세종학당재단,HOME > 알림마당 > 공지사항,공지사항,세종한국문화2 교재 개발 사업 입찰 재공고,https://ksif.or.kr/cop/bbs/selectBoardArticle.do?nttId=92600400&bbsId=BBSMSTR_000000000001&pageIndex=1,2017,유,미부착,,개방 가능,공공누리 1유형,,,O,,,,,고시·공고,
851,세종학당재단,HOME > 알림마당 > 공지사항,공지사항,2017년 세종학당재단 직원 채용 서류전형 합격자 및 1차 면접시험 안내,https://ksif.or.kr/cop/bbs/selectBoardArticle.do?nttId=92600399&bbsId=BBSMSTR_000000000001&pageIndex=1,2017,유,미부착,,개방 가능,공공누리 1유형,,,O,,,,,고시·공고,
852,세종학당재단,HOME > 알림마당 > 공지사항,공지사항,세종학당재단 직원 채용  서류전형 합격자 발표 일정 변경 공고,https://ksif.or.kr/cop/bbs/selectBoardArticle.do?nttId=92600398&bbsId=BBSMSTR_000000000001&pageIndex=1,2017,무,미부착,,개방 가능,공공누리 1유형,,,O,,,,,고시·공고,
853,세종학당재단,HOME > 알림마당 > 공지사항,공지사항,「세종학당 세종한국문화2」 교재 개발 입찰 공고,https://ksif.or.kr/cop/bbs/selectBoardArticle.do?nttId=92600397&bbsId=BBSMSTR_000000000001&pageIndex=1,2017,유,미부착,,개방 가능,공공누리 1유형,,,O,,,,,고시·공고,
854,세종학당재단,HOME > 알림마당 > 공지사항,공지사항,「세종학당 한국어 회화 중급 교재 개발」 입찰 공고,https://ksif.or.kr/cop/bbs/selectBoardArticle.do?nttId=92600396&bbsId=BBSMSTR_000000000001&pageIndex=1,2017,유,미부착,,개방 가능,공공누리 1유형,,,O,,,,,고시·공고,
855,세종학당재단,HOME > 알림마당 > 공지사항,공지사항,「세종학당 비즈니스 한국어 교재 개발」 입찰 공고,https://ksif.or.kr/cop/bbs/selectBoardArticle.do?nttId=92600395&bbsId=BBSMSTR_000000000001&pageIndex=1,2017,유,미부착,,개방 가능,공공누리 1유형,,,O,,,,,고시·공고,
856,세종학당재단,HOME > 알림마당 > 공지사항,공지사항,「2017년 해외 파견 한국어교원 취업비자 발급 및 항공권 구매 대행 용역」 우선협상대상자 선정 결과 공고 ,https://ksif.or.kr/cop/bbs/selectBoardArticle.do?nttId=92600394&bbsId=BBSMSTR_000000000001&pageIndex=1,2017,유,미부착,,개방 가능,공공누리 1유형,,,O,,,,,고시·공고,
857,세종학당재단,HOME > 알림마당 > 공지사항,공지사항,2017년 세종학당재단 직원 채용 공고,https://ksif.or.kr/cop/bbs/selectBoardArticle.do?nttId=92600393&bbsId=BBSMSTR_000000000001&pageIndex=1,2017,유,미부착,,개방 가능,공공누리 1유형,,,O,,,,,고시·공고,
858,세종학당재단,HOME > 알림마당 > 공지사항,공지사항,2017년 입찰 발주 계획 공고,https://ksif.or.kr/cop/bbs/selectBoardArticle.do?nttId=92600392&bbsId=BBSMSTR_000000000001&pageIndex=1,2017,유,미부착,,개방 가능,공공누리 1유형,,,O,,,,,고시·공고,
859,세종학당재단,HOME > 알림마당 > 공지사항,공지사항,「2017년 해외 파견 한국어교원 취업비자발급 및 항공권 구매 대행 용역」 입찰 공고(긴급),https://ksif.or.kr/cop/bbs/selectBoardArticle.do?nttId=92600391&bbsId=BBSMSTR_000000000001&pageIndex=1,2017,유,미부착,,개방 가능,공공누리 1유형,,,O,,,,,고시·공고,
860,세종학당재단,HOME > 알림마당 > 공지사항,공지사항,2017년 세종학당 해외 파견 한국어교원 선발 최종 합격자 공고 ,https://ksif.or.kr/cop/bbs/selectBoardArticle.do?nttId=92600390&bbsId=BBSMSTR_000000000001&pageIndex=1,2016,유,미부착,,개방 가능,공공누리 1유형,,,O,,,,,고시·공고,
861,세종학당재단,HOME > 알림마당 > 공지사항,공지사항,세종학당재단 직원 전체 워크숍 관련 휴무 안내,https://ksif.or.kr/cop/bbs/selectBoardArticle.do?nttId=92600389&bbsId=BBSMSTR_000000000001&pageIndex=1,2016,무,미부착,,개방 가능,공공누리 1유형,,,O,,,,,업무상 저작물,
862,세종학당재단,HOME > 알림마당 > 공지사항,공지사항,2016년 세종학당재단 <세종한국문화> 출판‧판매 대행 업체 선정 공모,https://ksif.or.kr/cop/bbs/selectBoardArticle.do?nttId=92600388&bbsId=BBSMSTR_000000000001&pageIndex=1,2016,유,미부착,,개방 가능,공공누리 1유형,,,O,,,,,고시·공고,
863,세종학당재단,HOME > 알림마당 > 공지사항,공지사항,『2016년 세종학당재단 사업비 정산 위탁 용역』 우선협상대상자 선정결과 공고,https://ksif.or.kr/cop/bbs/selectBoardArticle.do?nttId=92600387&bbsId=BBSMSTR_000000000001&pageIndex=1,2016,유,미부착,,개방 가능,공공누리 1유형,,,O,,,,,고시·공고,
864,세종학당재단,HOME > 알림마당 > 공지사항,공지사항,『세종학당재단 홍보물 제작 용역』사업자 공모 우선협상대상자 선정결과 공고,https://ksif.or.kr/cop/bbs/selectBoardArticle.do?nttId=92600386&bbsId=BBSMSTR_000000000001&pageIndex=1,2016,유,미부착,,개방 가능,공공누리 1유형,,,O,,,,,고시·공고,
865,세종학당재단,HOME > 알림마당 > 공지사항,공지사항,2017년 세종학당 해외 파견 한국어교원 선발 국내 교육 대상자 공고,https://ksif.or.kr/cop/bbs/selectBoardArticle.do?nttId=92600385&bbsId=BBSMSTR_000000000001&pageIndex=1,2016,유,미부착,,개방 가능,공공누리 1유형,,,O,,,,,고시·공고,
866,세종학당재단,HOME > 알림마당 > 공지사항,공지사항,2016년 세종학당 사업비 정산 위탁 용역입찰 공고(긴급),https://ksif.or.kr/cop/bbs/selectBoardArticle.do?nttId=92600384&bbsId=BBSMSTR_000000000001&pageIndex=1,2016,유,미부착,,개방 가능,공공누리 1유형,,,O,,,,,고시·공고,
867,세종학당재단,HOME > 알림마당 > 공지사항,공지사항,2017년 신규 세종학당 지정 신청 안내,https://ksif.or.kr/cop/bbs/selectBoardArticle.do?nttId=92600383&bbsId=BBSMSTR_000000000001&pageIndex=1,2016,유,미부착,,개방 가능,공공누리 1유형,,,O,,,,,고시·공고,
868,세종학당재단,HOME > 알림마당 > 공지사항,공지사항,세종학당재단 홍보물 제작 용역 입찰 공고,https://ksif.or.kr/cop/bbs/selectBoardArticle.do?nttId=92600382&bbsId=BBSMSTR_000000000001&pageIndex=1,2016,유,미부착,,개방 가능,공공누리 1유형,,,O,,,,,고시·공고,
869,세종학당재단,HOME > 알림마당 > 공지사항,공지사항,세종학당재단 청사 이전 관련 공지,https://ksif.or.kr/cop/bbs/selectBoardArticle.do?nttId=92600381&bbsId=BBSMSTR_000000000001&pageIndex=1,2016,무,미부착,,개방 가능,공공누리 1유형,,,O,,,,,업무상 저작물,
870,세종학당재단,HOME > 알림마당 > 공지사항,공지사항,「2017년 세종학당재단 홍보물 제작 용역」 입찰 공고,https://ksif.or.kr/cop/bbs/selectBoardArticle.do?nttId=92600379&bbsId=BBSMSTR_000000000001&pageIndex=1,2016,유,미부착,,개방 가능,공공누리 1유형,,,O,,,,,고시·공고,
871,세종학당재단,HOME > 알림마당 > 공지사항,공지사항,세종학당재단 창립기념일 (10월 24일/월) 휴무 공지,https://ksif.or.kr/cop/bbs/selectBoardArticle.do?nttId=92600378&bbsId=BBSMSTR_000000000001&pageIndex=1,2016,무,미부착,,개방 가능,공공누리 1유형,,,O,,,,,업무상 저작물,
872,세종학당재단,HOME > 알림마당 > 공지사항,공지사항,[청탁금지법 관련] 세종학당재단 공무수행사인 공개,https://ksif.or.kr/cop/bbs/selectBoardArticle.do?nttId=92600375&bbsId=BBSMSTR_000000000001&pageIndex=1,2016,유,미부착,,개방 가능,공공누리 1유형,,,O,,,,,업무상 저작물,
873,세종학당재단,HOME > 알림마당 > 공지사항,공지사항,「부정청탁 및 금품등 수수의 금지에 관한 법률」시행 관련 안내,https://ksif.or.kr/cop/bbs/selectBoardArticle.do?nttId=92600374&bbsId=BBSMSTR_000000000001&pageIndex=1,2016,유,미부착,,개방 가능,공공누리 1유형,,,O,,,,,업무상 저작물,
874,세종학당재단,HOME > 알림마당 > 공지사항,공지사항,2017년 세종학당 해외 파견 한국어교원 모집 공고,https://ksif.or.kr/cop/bbs/selectBoardArticle.do?nttId=92600372&bbsId=BBSMSTR_000000000001&pageIndex=1,2016,유,미부착,,개방 가능,공공누리 1유형,,,O,,,,,고시·공고,
875,세종학당재단,HOME > 알림마당 > 공지사항,공지사항,2016년 세종학당재단 장학생 모집,https://ksif.or.kr/cop/bbs/selectBoardArticle.do?nttId=92600371&bbsId=BBSMSTR_000000000001&pageIndex=1,2016,유,미부착,,개방 가능,공공누리 1유형,,,O,,,,,고시·공고,
876,세종학당재단,HOME > 알림마당 > 공지사항,공지사항,「세종학당재단 신청사 인테리어 공사(긴급)」 입찰 재공고,https://ksif.or.kr/cop/bbs/selectBoardArticle.do?nttId=92600370&bbsId=BBSMSTR_000000000001&pageIndex=1,2016,유,미부착,,개방 가능,공공누리 1유형,,,O,,,,,고시·공고,
877,세종학당재단,HOME > 알림마당 > 공지사항,공지사항,「세종학당재단 신청사 인테리어 공사(긴급)」 입찰 공고,https://ksif.or.kr/cop/bbs/selectBoardArticle.do?nttId=92600368&bbsId=BBSMSTR_000000000001&pageIndex=1,2016,유,미부착,,개방 가능,공공누리 1유형,,,O,,,,,고시·공고,
878,세종학당재단,HOME > 알림마당 > 공지사항,공지사항,「세종학당 한국문화 이야기 03 개발 연구 용역」 입찰 재공고,https://ksif.or.kr/cop/bbs/selectBoardArticle.do?nttId=92600365&bbsId=BBSMSTR_000000000001&pageIndex=1,2016,유,미부착,,개방 가능,공공누리 1유형,,,O,,,,,고시·공고,
879,세종학당재단,HOME > 알림마당 > 공지사항,공지사항,「세종학당 한국문화 이야기 03 개발 연구 용역」 입찰 공고,https://ksif.or.kr/cop/bbs/selectBoardArticle.do?nttId=92600361&bbsId=BBSMSTR_000000000001&pageIndex=1,2016,유,미부착,,개방 가능,공공누리 1유형,,,O,,,,,고시·공고,
880,세종학당재단,HOME > 알림마당 > 공지사항,공지사항,2016년 국외 세종학당 파견 한국어교원 채용 최종 합격자 공고 ,https://ksif.or.kr/cop/bbs/selectBoardArticle.do?nttId=92600358&bbsId=BBSMSTR_000000000001&pageIndex=1,2016,유,미부착,,개방 가능,공공누리 1유형,,,O,,,,,고시·공고,
881,세종학당재단,HOME > 알림마당 > 공지사항,공지사항,한류스타 활용 한국문화 콘텐츠 개발 및 국외 방송 송출 사업 용역구매입찰 공고(긴급),https://ksif.or.kr/cop/bbs/selectBoardArticle.do?nttId=92600357&bbsId=BBSMSTR_000000000001&pageIndex=1,2016,유,미부착,,개방 가능,공공누리 1유형,,,O,,,,,고시·공고,
882,세종학당재단,HOME > 알림마당 > 공지사항,공지사항,한류스타 활용 한국문화 콘텐츠 개발 및 국외 방송 송출 사업 용역구매입찰 공고(긴급),https://ksif.or.kr/cop/bbs/selectBoardArticle.do?nttId=92600356&bbsId=BBSMSTR_000000000001&pageIndex=1,2016,유,미부착,,개방 가능,공공누리 1유형,,,O,,,,,고시·공고,
883,세종학당재단,HOME > 알림마당 > 공지사항,공지사항,「2016년 한국어 어휘학습 앱(초급) 개발 사업 용역」입찰 재공고,https://ksif.or.kr/cop/bbs/selectBoardArticle.do?nttId=92600355&bbsId=BBSMSTR_000000000001&pageIndex=1,2016,유,미부착,,개방 가능,공공누리 1유형,,,O,,,,,고시·공고,
884,세종학당재단,HOME > 알림마당 > 공지사항,공지사항,「2016년 세종학당 지역별 워크숍 행사 위탁 용역」입찰 공고,https://ksif.or.kr/cop/bbs/selectBoardArticle.do?nttId=92600354&bbsId=BBSMSTR_000000000001&pageIndex=1,2016,유,미부착,,개방 가능,공공누리 1유형,,,O,,,,,고시·공고,
885,세종학당재단,HOME > 알림마당 > 공지사항,공지사항,「세종학당 콘텐츠·인프라 개선사업 교육자료 배송 대행」입찰 재공고,https://ksif.or.kr/cop/bbs/selectBoardArticle.do?nttId=92600353&bbsId=BBSMSTR_000000000001&pageIndex=1,2016,유,미부착,,개방 가능,공공누리 1유형,,,O,,,,,고시·공고,
886,세종학당재단,HOME > 알림마당 > 공지사항,공지사항,「2016년 세종학당 우수학습자 초청연수 및 한국어 말하기 대회 운영 대행 용역」 입찰 공고,https://ksif.or.kr/cop/bbs/selectBoardArticle.do?nttId=92600352&bbsId=BBSMSTR_000000000001&pageIndex=1,2016,유,미부착,,개방 가능,공공누리 1유형,,,O,,,,,고시·공고,
887,세종학당재단,HOME > 알림마당 > 공지사항,공지사항,「세종학당 콘텐츠·인프라 개선사업 교육자료 배송 대행」입찰 취소 공고,https://ksif.or.kr/cop/bbs/selectBoardArticle.do?nttId=92600351&bbsId=BBSMSTR_000000000001&pageIndex=1,2016,유,미부착,,개방 가능,공공누리 1유형,,,O,,,,,고시·공고,
888,세종학당재단,HOME > 알림마당 > 공지사항,공지사항,「2016년 하반기 국외 파견 한국어교원 취업비자발급 및 항공권구매 대행 용역」입찰 재공고,https://ksif.or.kr/cop/bbs/selectBoardArticle.do?nttId=92600350&bbsId=BBSMSTR_000000000001&pageIndex=1,2016,유,미부착,,개방 가능,공공누리 1유형,,,O,,,,,고시·공고,
889,세종학당재단,HOME > 알림마당 > 공지사항,공지사항,「2016년 한국어 어휘학습 앱(초급) 개발 사업」입찰 공고,https://ksif.or.kr/cop/bbs/selectBoardArticle.do?nttId=92600349&bbsId=BBSMSTR_000000000001&pageIndex=1,2016,유,미부착,,개방 가능,공공누리 1유형,,,O,,,,,고시·공고,
890,세종학당재단,HOME > 알림마당 > 공지사항,공지사항,「2016년 세종학당 교재 편집ㆍ발간 사업 용역」입찰 공고,https://ksif.or.kr/cop/bbs/selectBoardArticle.do?nttId=92600347&bbsId=BBSMSTR_000000000001&pageIndex=1,2016,유,미부착,,개방 가능,공공누리 1유형,,,O,,,,,고시·공고,
891,세종학당재단,HOME > 알림마당 > 공지사항,공지사항,「2016년 세종한국어 익힘책 기본모형 개발 사업 용역」입찰 재공고,https://ksif.or.kr/cop/bbs/selectBoardArticle.do?nttId=92600344&bbsId=BBSMSTR_000000000001&pageIndex=1,2016,유,미부착,,개방 가능,공공누리 1유형,,,O,,,,,고시·공고,
892,세종학당재단,HOME > 알림마당 > 공지사항,공지사항, 「2016년 세종학당재단 소식지 세종학당 제작 및 배포 용역」입찰 재공고,https://ksif.or.kr/cop/bbs/selectBoardArticle.do?nttId=92600343&bbsId=BBSMSTR_000000000001&pageIndex=1,2016,유,미부착,,개방 가능,공공누리 1유형,,,O,,,,,고시·공고,
893,세종학당재단,HOME > 알림마당 > 공지사항,공지사항,「세종학당 콘텐츠·인프라 개선사업 교육자료 배송 대행」입찰 공고,https://ksif.or.kr/cop/bbs/selectBoardArticle.do?nttId=92600342&bbsId=BBSMSTR_000000000001&pageIndex=1,2016,유,미부착,,개방 가능,공공누리 1유형,,,O,,,,,고시·공고,
894,세종학당재단,HOME > 알림마당 > 공지사항,공지사항,「2016년 런던언어박람회 한글관 운영 대행용역」입찰 재공고,https://ksif.or.kr/cop/bbs/selectBoardArticle.do?nttId=92600341&bbsId=BBSMSTR_000000000001&pageIndex=1,2016,유,미부착,,개방 가능,공공누리 1유형,,,O,,,,,고시·공고,
895,세종학당재단,HOME > 알림마당 > 공지사항,공지사항,2016년 하반기 국외 파견 한국어교원 취업비자발급 및 항공권구매 대행 용역」입찰 재공고,https://ksif.or.kr/cop/bbs/selectBoardArticle.do?nttId=92600340&bbsId=BBSMSTR_000000000001&pageIndex=1,2016,유,미부착,,개방 가능,공공누리 1유형,,,O,,,,,고시·공고,
896,세종학당재단,HOME > 알림마당 > 공지사항,공지사항, 「2016년 하반기 국외 파견 한국어교원 취업비자발급 및 항공권구매 대행 용역」입찰 취소 공고,https://ksif.or.kr/cop/bbs/selectBoardArticle.do?nttId=92600339&bbsId=BBSMSTR_000000000001&pageIndex=1,2016,유,미부착,,개방 가능,공공누리 1유형,,,O,,,,,고시·공고,
897,세종학당재단,HOME > 알림마당 > 공지사항,공지사항,세종학당재단 2016년 신규 세종학당 지정 심사 결과 공고,https://ksif.or.kr/cop/bbs/selectBoardArticle.do?nttId=92600337&bbsId=BBSMSTR_000000000001&pageIndex=1,2016,유,미부착,,개방 가능,공공누리 1유형,,,O,,,,,고시·공고,
898,세종학당재단,HOME > 알림마당 > 공지사항,공지사항,「2016년 하반기 국외 파견 한국어교원 취업비자발급 및 항공권구매 대행 용역」입찰 재공고,https://ksif.or.kr/cop/bbs/selectBoardArticle.do?nttId=92600336&bbsId=BBSMSTR_000000000001&pageIndex=1,2016,유,미부착,,개방 가능,공공누리 1유형,,,O,,,,,고시·공고,
899,세종학당재단,HOME > 알림마당 > 공지사항,공지사항,「2016년 한국어 교수/학습 보조자료 제작 및 발간 사업」입찰 재공고,https://ksif.or.kr/cop/bbs/selectBoardArticle.do?nttId=92600335&bbsId=BBSMSTR_000000000001&pageIndex=1,2016,유,미부착,,개방 가능,공공누리 1유형,,,O,,,,,고시·공고,
900,세종학당재단,HOME > 알림마당 > 공지사항,공지사항,2016년 국외 세종학당 파견 한국어교원 채용 서류심사 합격자 및 면접시험 안내,https://ksif.or.kr/cop/bbs/selectBoardArticle.do?nttId=92600333&bbsId=BBSMSTR_000000000001&pageIndex=1,2016,유,미부착,,개방 가능,공공누리 1유형,,,O,,,,,고시·공고,
901,세종학당재단,HOME > 알림마당 > 공지사항,공지사항,세종학당재단 정규직·계약직 채용  서류전형 합격자 발표 일정 변경 공고,https://ksif.or.kr/cop/bbs/selectBoardArticle.do?nttId=92600332&bbsId=BBSMSTR_000000000001&pageIndex=1,2016,무,미부착,,개방 가능,공공누리 1유형,,,O,,,,,고시·공고,
902,세종학당재단,HOME > 알림마당 > 공지사항,공지사항,「2016년 런던언어박람회 한글관 운영 대행용역」입찰 공고,https://ksif.or.kr/cop/bbs/selectBoardArticle.do?nttId=92600331&bbsId=BBSMSTR_000000000001&pageIndex=1,2016,유,미부착,,개방 가능,공공누리 1유형,,,O,,,,,고시·공고,
903,세종학당재단,HOME > 알림마당 > 공지사항,공지사항,「2016년 세종한국어 익힘책 기본모형 개발 사업 용역」입찰 재공고,https://ksif.or.kr/cop/bbs/selectBoardArticle.do?nttId=92600330&bbsId=BBSMSTR_000000000001&pageIndex=1,2016,유,미부착,,개방 가능,공공누리 1유형,,,O,,,,,고시·공고,
904,세종학당재단,HOME > 알림마당 > 공지사항,공지사항,「2016년 세종학당 한국어 교원 온라인 재교육과정 개발」입찰 재공고,https://ksif.or.kr/cop/bbs/selectBoardArticle.do?nttId=92600329&bbsId=BBSMSTR_000000000001&pageIndex=1,2016,유,미부착,,개방 가능,공공누리 1유형,,,O,,,,,고시·공고,
905,세종학당재단,HOME > 알림마당 > 공지사항,공지사항,「2016년 하반기 국외 파견 한국어교원 취업비자발급 및 항공권구매 대행 용역」 입찰 공고,https://ksif.or.kr/cop/bbs/selectBoardArticle.do?nttId=92600328&bbsId=BBSMSTR_000000000001&pageIndex=1,2016,유,미부착,,개방 가능,공공누리 1유형,,,O,,,,,고시·공고,
906,세종학당재단,HOME > 알림마당 > 공지사항,공지사항,「2016년 한국어 교수/학습 보조자료 제작 및 발간 사업」입찰 공고,https://ksif.or.kr/cop/bbs/selectBoardArticle.do?nttId=92600326&bbsId=BBSMSTR_000000000001&pageIndex=1,2016,유,미부착,,개방 가능,공공누리 1유형,,,O,,,,,고시·공고,
907,세종학당재단,HOME > 알림마당 > 공지사항,공지사항,2016년 국외 세종학당 파견 한국어교원 채용 서류 전형 합격자 발표일 변경 안내,https://ksif.or.kr/cop/bbs/selectBoardArticle.do?nttId=92600325&bbsId=BBSMSTR_000000000001&pageIndex=1,2016,유,미부착,,개방 가능,공공누리 1유형,,,O,,,,,고시·공고,
908,세종학당재단,HOME > 알림마당 > 공지사항,공지사항,「세종학당재단 온라인 교수/학습 지원 체계 연구 사업 용역」입찰 재공고,https://ksif.or.kr/cop/bbs/selectBoardArticle.do?nttId=92600324&bbsId=BBSMSTR_000000000001&pageIndex=1,2016,유,미부착,,개방 가능,공공누리 1유형,,,O,,,,,고시·공고,
909,세종학당재단,HOME > 알림마당 > 공지사항,공지사항,「2016년 세종학당 한국어 교원 온라인 재교육과정 개발」입찰 공고,https://ksif.or.kr/cop/bbs/selectBoardArticle.do?nttId=92600323&bbsId=BBSMSTR_000000000001&pageIndex=1,2016,유,미부착,,개방 가능,공공누리 1유형,,,O,,,,,고시·공고,
910,세종학당재단,HOME > 알림마당 > 공지사항,공지사항,「2016년 세종학당재단 소식지 <세종학당> 제작 및 배포 용역」입찰 공고,https://ksif.or.kr/cop/bbs/selectBoardArticle.do?nttId=92600322&bbsId=BBSMSTR_000000000001&pageIndex=1,2016,유,미부착,,개방 가능,공공누리 1유형,,,O,,,,,고시·공고,
911,세종학당재단,HOME > 알림마당 > 공지사항,공지사항,「2016년 세종학당재단 소식지 <세종학당> 제작 및 배포 용역」입찰 취소 공고,https://ksif.or.kr/cop/bbs/selectBoardArticle.do?nttId=92600321&bbsId=BBSMSTR_000000000001&pageIndex=1,2016,유,미부착,,개방 가능,공공누리 1유형,,,O,,,,,고시·공고,
912,세종학당재단,HOME > 알림마당 > 공지사항,공지사항,「2016년 세종학당재단 소식지 <세종학당> 제작 및 배포」 용역 입찰 공고,https://ksif.or.kr/cop/bbs/selectBoardArticle.do?nttId=92600320&bbsId=BBSMSTR_000000000001&pageIndex=1,2016,유,미부착,,개방 가능,공공누리 1유형,,,O,,,,,고시·공고,
913,세종학당재단,HOME > 알림마당 > 공지사항,공지사항,「2016년 세종학당 한국어 교원 양성과정 한국어교육실습 영역 위탁」입찰 공고,https://ksif.or.kr/cop/bbs/selectBoardArticle.do?nttId=92600319&bbsId=BBSMSTR_000000000001&pageIndex=1,2016,유,미부착,,개방 가능,공공누리 1유형,,,O,,,,,고시·공고,
914,세종학당재단,HOME > 알림마당 > 공지사항,공지사항,「2016년 세종한국어 익힘책 기본모형 개발 사업」 용역 입찰 공고,https://ksif.or.kr/cop/bbs/selectBoardArticle.do?nttId=92600318&bbsId=BBSMSTR_000000000001&pageIndex=1,2016,유,미부착,,개방 가능,공공누리 1유형,,,O,,,,,고시·공고,
915,세종학당재단,HOME > 알림마당 > 공지사항,공지사항,세종학당재단 임시공휴일 (5월 6일/금) 휴무 공지,https://ksif.or.kr/cop/bbs/selectBoardArticle.do?nttId=92600317&bbsId=BBSMSTR_000000000001&pageIndex=1,2016,무,미부착,,개방 가능,공공누리 1유형,,,O,,,,,업무상 저작물,
916,세종학당재단,HOME > 알림마당 > 공지사항,공지사항,「2016년 국외 세종학당 파견 한국어교원 채용」 서류접수 기간 연장 안내,https://ksif.or.kr/cop/bbs/selectBoardArticle.do?nttId=92600316&bbsId=BBSMSTR_000000000001&pageIndex=1,2016,유,미부착,,개방 가능,공공누리 1유형,,,O,,,,,고시·공고,
917,세종학당재단,HOME > 알림마당 > 공지사항,공지사항,「2016년 세종학당재단 온라인 교수/학습 지원 체계 연구 사업 용역」입찰 재공고,https://ksif.or.kr/cop/bbs/selectBoardArticle.do?nttId=92600315&bbsId=BBSMSTR_000000000001&pageIndex=1,2016,유,미부착,,개방 가능,공공누리 1유형,,,O,,,,,고시·공고,
918,세종학당재단,HOME > 알림마당 > 공지사항,공지사항,「2016년 세종학당 한국어 교원 양성과정 한국어교육실습 영역 위탁」입찰 공고,https://ksif.or.kr/cop/bbs/selectBoardArticle.do?nttId=92600314&bbsId=BBSMSTR_000000000001&pageIndex=1,2016,유,미부착,,개방 가능,공공누리 1유형,,,O,,,,,고시·공고,
919,세종학당재단,HOME > 알림마당 > 공지사항,공지사항,세종학당재단 무기계약직·청년인턴 채용  최종합격자 공고,https://ksif.or.kr/cop/bbs/selectBoardArticle.do?nttId=92600313&bbsId=BBSMSTR_000000000001&pageIndex=1,2016,유,미부착,,개방 가능,공공누리 1유형,,,O,,,,,고시·공고,
920,세종학당재단,HOME > 알림마당 > 공지사항,공지사항,2016년 국외 세종학당 파견  한국어교원 채용 공고,https://ksif.or.kr/cop/bbs/selectBoardArticle.do?nttId=92600312&bbsId=BBSMSTR_000000000001&pageIndex=1,2016,유,미부착,,개방 가능,공공누리 1유형,,,O,,,,,고시·공고,
921,세종학당재단,HOME > 알림마당 > 공지사항,공지사항,세종학당재단 무기계약직·청년인턴 채용 1차 면접시험 결과 및 최종면접 안내,https://ksif.or.kr/cop/bbs/selectBoardArticle.do?nttId=92600311&bbsId=BBSMSTR_000000000001&pageIndex=1,2016,유,미부착,,개방 가능,공공누리 1유형,,,O,,,,,고시·공고,
922,세종학당재단,HOME > 알림마당 > 공지사항,공지사항,세종학당재단 무기계약직·청년인턴 서류전형 합격자 및 1차 면접시험 안내,https://ksif.or.kr/cop/bbs/selectBoardArticle.do?nttId=92600310&bbsId=BBSMSTR_000000000001&pageIndex=1,2016,유,미부착,,개방 가능,공공누리 1유형,,,O,,,,,고시·공고,
923,세종학당재단,HOME > 알림마당 > 공지사항,공지사항,「2016년 세종학당 시설개선 컨설팅 용역」입찰 재공고,https://ksif.or.kr/cop/bbs/selectBoardArticle.do?nttId=92600309&bbsId=BBSMSTR_000000000001&pageIndex=1,2016,유,미부착,,개방 가능,공공누리 1유형,,,O,,,,,고시·공고,
924,세종학당재단,HOME > 알림마당 > 공지사항,공지사항,제2차 세종학당 한국어 한국문화 교육자료 구매 용역 입찰 공고,https://ksif.or.kr/cop/bbs/selectBoardArticle.do?nttId=92600306&bbsId=BBSMSTR_000000000001&pageIndex=1,2016,유,미부착,,개방 가능,공공누리 1유형,,,O,,,,,고시·공고,
925,세종학당재단,HOME > 알림마당 > 공지사항,공지사항,「2016년 한국어 문법(초급2) 학습 콘텐츠 개발 사업」 용역 입찰 공고,https://ksif.or.kr/cop/bbs/selectBoardArticle.do?nttId=92600305&bbsId=BBSMSTR_000000000001&pageIndex=1,2016,유,미부착,,개방 가능,공공누리 1유형,,,O,,,,,고시·공고,
926,세종학당재단,HOME > 알림마당 > 공지사항,공지사항,「2016년 한국어 교수/학습 보조 자료 개발 사업」 용역 입찰 재공고,https://ksif.or.kr/cop/bbs/selectBoardArticle.do?nttId=92600304&bbsId=BBSMSTR_000000000001&pageIndex=1,2016,유,미부착,,개방 가능,공공누리 1유형,,,O,,,,,고시·공고,
927,세종학당재단,HOME > 알림마당 > 공지사항,공지사항,「2016년 세종학당 통합업무관리시스템 1단계 구축」용역 입찰 공고,https://ksif.or.kr/cop/bbs/selectBoardArticle.do?nttId=92600302&bbsId=BBSMSTR_000000000001&pageIndex=1,2016,유,미부착,,개방 가능,공공누리 1유형,,,O,,,,,고시·공고,
928,세종학당재단,HOME > 알림마당 > 공지사항,공지사항,「2016년 세종학당 시설개선 컨설팅 용역」입찰 공고,https://ksif.or.kr/cop/bbs/selectBoardArticle.do?nttId=92600301&bbsId=BBSMSTR_000000000001&pageIndex=1,2016,유,미부착,,개방 가능,공공누리 1유형,,,O,,,,,고시·공고,
929,세종학당재단,HOME > 알림마당 > 공지사항,공지사항,「2016년 세종학당 성취도 평가 개발 연구」 용역 입찰 재공고,https://ksif.or.kr/cop/bbs/selectBoardArticle.do?nttId=92600300&bbsId=BBSMSTR_000000000001&pageIndex=1,2016,유,미부착,,개방 가능,공공누리 1유형,,,O,,,,,고시·공고,
930,세종학당재단,HOME > 알림마당 > 공지사항,공지사항,「2016년 세종학당 한국어 회화(초급)·입문 교재 내용 개발 사업」용역 입찰 재공고 ,https://ksif.or.kr/cop/bbs/selectBoardArticle.do?nttId=92600299&bbsId=BBSMSTR_000000000001&pageIndex=1,2016,유,미부착,,개방 가능,공공누리 1유형,,,O,,,,,고시·공고,
931,세종학당재단,HOME > 알림마당 > 공지사항,공지사항,「2016년 세종학당 운영 평가 위탁 사업 용역」 입찰 재공고,https://ksif.or.kr/cop/bbs/selectBoardArticle.do?nttId=92600298&bbsId=BBSMSTR_000000000001&pageIndex=1,2016,유,미부착,,개방 가능,공공누리 1유형,,,O,,,,,고시·공고,
932,세종학당재단,HOME > 알림마당 > 공지사항,공지사항,「2016년 한국어 교수/학습 보조 자료 개발 사업 용역」 입찰 공고,https://ksif.or.kr/cop/bbs/selectBoardArticle.do?nttId=92600297&bbsId=BBSMSTR_000000000001&pageIndex=1,2016,유,미부착,,개방 가능,공공누리 1유형,,,O,,,,,고시·공고,
933,세종학당재단,HOME > 알림마당 > 공지사항,공지사항,세종학당재단 정규직․계약직 채용  최종합격자 공고,https://ksif.or.kr/cop/bbs/selectBoardArticle.do?nttId=92600296&bbsId=BBSMSTR_000000000001&pageIndex=1,2016,유,미부착,,개방 가능,공공누리 1유형,,,O,,,,,고시·공고,
934,세종학당재단,HOME > 알림마당 > 공지사항,공지사항,「2016년 세종학당 한국어 회화(초급)·입문 교재 내용 개발 사업 용역」 입찰 공고,https://ksif.or.kr/cop/bbs/selectBoardArticle.do?nttId=92600295&bbsId=BBSMSTR_000000000001&pageIndex=1,2016,유,미부착,,개방 가능,공공누리 1유형,,,O,,,,,고시·공고,
935,세종학당재단,HOME > 알림마당 > 공지사항,공지사항,「2016년 세종학당 성취도 평가 개발 연구 용역」 입찰 공고,https://ksif.or.kr/cop/bbs/selectBoardArticle.do?nttId=92600294&bbsId=BBSMSTR_000000000001&pageIndex=1,2016,유,미부착,,개방 가능,공공누리 1유형,,,O,,,,,고시·공고,
936,세종학당재단,HOME > 알림마당 > 공지사항,공지사항,「2016년 한국문화 학습 만화 콘텐츠 개발 사업 용역」 입찰 공고,https://ksif.or.kr/cop/bbs/selectBoardArticle.do?nttId=92600293&bbsId=BBSMSTR_000000000001&pageIndex=1,2016,유,미부착,,개방 가능,공공누리 1유형,,,O,,,,,고시·공고,
937,세종학당재단,HOME > 알림마당 > 공지사항,공지사항,세종학당재단 정규직․계약직 채용 1차 면접시험 결과 및 최종면접 안내 ,https://ksif.or.kr/cop/bbs/selectBoardArticle.do?nttId=92600292&bbsId=BBSMSTR_000000000001&pageIndex=1,2016,유,미부착,,개방 가능,공공누리 1유형,,,O,,,,,고시·공고,
938,세종학당재단,HOME > 알림마당 > 공지사항,공지사항,「2016년 세종학당 운영 평가 위탁 사업」 용역 입찰 공고,https://ksif.or.kr/cop/bbs/selectBoardArticle.do?nttId=92600291&bbsId=BBSMSTR_000000000001&pageIndex=1,2016,유,미부착,,개방 가능,공공누리 1유형,,,O,,,,,고시·공고,
939,세종학당재단,HOME > 알림마당 > 공지사항,공지사항,2016년 신규 세종학당 지정 서류심사 결과 안내 ,https://ksif.or.kr/cop/bbs/selectBoardArticle.do?nttId=92600290&bbsId=BBSMSTR_000000000001&pageIndex=1,2016,무,미부착,,개방 가능,공공누리 1유형,,,O,,,,,고시·공고,
940,세종학당재단,HOME > 알림마당 > 공지사항,공지사항,세종학당재단 정규직·계약직 직원  서류전형 합격자 및 1차 면접시험 안내  ,https://ksif.or.kr/cop/bbs/selectBoardArticle.do?nttId=92600289&bbsId=BBSMSTR_000000000001&pageIndex=1,2016,유,미부착,,개방 가능,공공누리 1유형,,,O,,,,,고시·공고,
941,세종학당재단,HOME > 알림마당 > 공지사항,공지사항,「제2차 한국어‧한국문화 교육자료 구매 및 배송용역」 입찰 공고,https://ksif.or.kr/cop/bbs/selectBoardArticle.do?nttId=92600287&bbsId=BBSMSTR_000000000001&pageIndex=1,2016,유,미부착,,개방 가능,공공누리 1유형,,,O,,,,,고시·공고,
942,세종학당재단,HOME > 알림마당 > 공지사항,공지사항,「2016년 누리-세종학당 시스템 개선 및 운영 사업」 용역 입찰 공고,https://ksif.or.kr/cop/bbs/selectBoardArticle.do?nttId=92600286&bbsId=BBSMSTR_000000000001&pageIndex=1,2016,유,미부착,,개방 가능,공공누리 1유형,,,O,,,,,고시·공고,
943,세종학당재단,HOME > 알림마당 > 공지사항,공지사항,「2016년 누리-세종학당 온라인 교육서비스  활성화 지원 사업 용역」입찰 공고,https://ksif.or.kr/cop/bbs/selectBoardArticle.do?nttId=92600285&bbsId=BBSMSTR_000000000001&pageIndex=1,2016,유,미부착,,개방 가능,공공누리 1유형,,,O,,,,,고시·공고,
944,세종학당재단,HOME > 알림마당 > 공지사항,공지사항,「세종학당재단 외국어 전문번역(감수) 용역」 사업자 공모 우선협상대상자 선정결과 공고,https://ksif.or.kr/cop/bbs/selectBoardArticle.do?nttId=92600284&bbsId=BBSMSTR_000000000001&pageIndex=1,2016,유,미부착,,개방 가능,공공누리 1유형,,,O,,,,,고시·공고,
945,세종학당재단,HOME > 알림마당 > 공지사항,공지사항,『2015년 세종학당 사업비 정산 위탁 용역』사업자 공모 우선협상대상자 선정결과 공고,https://ksif.or.kr/cop/bbs/selectBoardArticle.do?nttId=92600283&bbsId=BBSMSTR_000000000001&pageIndex=1,2015,무,미부착,,개방 가능,공공누리 1유형,,,O,,,,,고시·공고,
946,세종학당재단,HOME > 알림마당 > 공지사항,공지사항,세종학당재단 장애인‧계약직‧인턴 직원 채용 최종합격자 공고,https://ksif.or.kr/cop/bbs/selectBoardArticle.do?nttId=92600282&bbsId=BBSMSTR_000000000001&pageIndex=1,2015,유,미부착,,개방 가능,공공누리 1유형,,,O,,,,,고시·공고,
947,세종학당재단,HOME > 알림마당 > 공지사항,공지사항,세종학당재단 장애인·계약직·인턴 채용 1차 면접시험 결과 및 최종면접 안내,https://ksif.or.kr/cop/bbs/selectBoardArticle.do?nttId=92600281&bbsId=BBSMSTR_000000000001&pageIndex=1,2015,무,미부착,,개방 가능,공공누리 1유형,,,O,,,,,고시·공고,
948,세종학당재단,HOME > 알림마당 > 공지사항,공지사항,「2015년 세종학당 사업비 정산 업무 위탁」 용역사업시행 지명경쟁 입찰 공고  ,https://ksif.or.kr/cop/bbs/selectBoardArticle.do?nttId=92600280&bbsId=BBSMSTR_000000000001&pageIndex=1,2015,유,미부착,,개방 가능,공공누리 1유형,,,O,,,,,고시·공고,
949,세종학당재단,HOME > 알림마당 > 공지사항,공지사항,『2015년 세종학당 교육자료 지원 배송 용역』사업자 공모 우선협상대상자 선정결과 공고,https://ksif.or.kr/cop/bbs/selectBoardArticle.do?nttId=92600278&bbsId=BBSMSTR_000000000001&pageIndex=1,2015,유,미부착,,개방 가능,공공누리 1유형,,,O,,,,,고시·공고,
950,세종학당재단,HOME > 알림마당 > 공지사항,공지사항,「2015년 세종학당 지원 교육자료 배송」 용역사업시행 입찰 공고,https://ksif.or.kr/cop/bbs/selectBoardArticle.do?nttId=92600275&bbsId=BBSMSTR_000000000001&pageIndex=1,2015,유,미부착,,개방 가능,공공누리 1유형,,,O,,,,,고시·공고,
951,세종학당재단,HOME > 알림마당 > 공지사항,공지사항,「2015 세종학당 교육자료 지원 구매 대행」 용역사업시행 입찰 공고,https://ksif.or.kr/cop/bbs/selectBoardArticle.do?nttId=92600274&bbsId=BBSMSTR_000000000001&pageIndex=1,2015,유,미부착,,개방 가능,공공누리 1유형,,,O,,,,,고시·공고,
952,세종학당재단,HOME > 알림마당 > 공지사항,공지사항,2016년 신규 세종학당 지정 신청 안내,https://ksif.or.kr/cop/bbs/selectBoardArticle.do?nttId=92600273&bbsId=BBSMSTR_000000000001&pageIndex=1,2015,유,미부착,,개방 가능,공공누리 1유형,,,O,,,,,고시·공고,
953,세종학당재단,HOME > 알림마당 > 공지사항,공지사항,「2016년 국외 파견 한국어교원 취업비자발급 및 항공권 구매」 용역사업시행 입찰 재공고,https://ksif.or.kr/cop/bbs/selectBoardArticle.do?nttId=92600272&bbsId=BBSMSTR_000000000001&pageIndex=1,2015,유,미부착,,개방 가능,공공누리 1유형,,,O,,,,,고시·공고,
954,세종학당재단,HOME > 알림마당 > 공지사항,공지사항,2015년 국외 파견 한국어교원 최종 합격자 공고,https://ksif.or.kr/cop/bbs/selectBoardArticle.do?nttId=92600271&bbsId=BBSMSTR_000000000001&pageIndex=1,2015,유,미부착,,개방 가능,공공누리 1유형,,,O,,,,,고시·공고,
955,세종학당재단,HOME > 알림마당 > 공지사항,공지사항,「2105~2017 회계연도 외부감사 및 세무조정 용역」 우선협상대상자 선정결과 공고,https://ksif.or.kr/cop/bbs/selectBoardArticle.do?nttId=92600270&bbsId=BBSMSTR_000000000001&pageIndex=1,2015,유,미부착,,개방 가능,공공누리 1유형,,,O,,,,,고시·공고,
956,세종학당재단,HOME > 알림마당 > 공지사항,공지사항,「2016년 국외 파견 한국어교원 및 문화인턴 국내교육 대행 용역」 우선협상대상자 선정결과 공고,https://ksif.or.kr/cop/bbs/selectBoardArticle.do?nttId=92600269&bbsId=BBSMSTR_000000000001&pageIndex=1,2015,유,미부착,,개방 가능,공공누리 1유형,,,O,,,,,고시·공고,
957,세종학당재단,HOME > 알림마당 > 공지사항,공지사항,2016년 국외 파견 한국어교원 선발 최종합격자 발표일 변경,https://ksif.or.kr/cop/bbs/selectBoardArticle.do?nttId=92600268&bbsId=BBSMSTR_000000000001&pageIndex=1,2015,유,미부착,,개방 가능,공공누리 1유형,,,O,,,,,업무상 저작물,
958,세종학당재단,HOME > 알림마당 > 공지사항,공지사항,「2016년 국외 파견 한국어교원 취업비자발급 및 항공권 구매」 용역사업시행 입찰 공고,https://ksif.or.kr/cop/bbs/selectBoardArticle.do?nttId=92600267&bbsId=BBSMSTR_000000000001&pageIndex=1,2015,유,미부착,,개방 가능,공공누리 1유형,,,O,,,,,고시·공고,
959,세종학당재단,HOME > 알림마당 > 공지사항,공지사항,2016년 국외 파견 한국어교원 선발 면접전형 합격자 공고,https://ksif.or.kr/cop/bbs/selectBoardArticle.do?nttId=92600266&bbsId=BBSMSTR_000000000001&pageIndex=1,2015,무,미부착,,개방 가능,공공누리 1유형,,,O,,,,,고시·공고,
960,세종학당재단,HOME > 알림마당 > 공지사항,공지사항,제2회 누리-세종학당 교육자료를 활용한 수업 동영상 공모전 개최,https://ksif.or.kr/cop/bbs/selectBoardArticle.do?nttId=92600265&bbsId=BBSMSTR_000000000001&pageIndex=1,2015,유,미부착,,개방 가능,공공누리 1유형,,,O,,,,,고시·공고,
961,세종학당재단,HOME > 알림마당 > 공지사항,공지사항,2016년 국외 파견 한국어 교원 선발  서류심사 합격자 및 인성검사 안내,https://ksif.or.kr/cop/bbs/selectBoardArticle.do?nttId=92600264&bbsId=BBSMSTR_000000000001&pageIndex=1,2015,무,미부착,,개방 가능,공공누리 1유형,,,O,,,,,고시·공고,
962,세종학당재단,HOME > 알림마당 > 공지사항,공지사항,「2015~2017 회계연도 외부감사 및 세무조정」 용역사업시행 입찰 공고,https://ksif.or.kr/cop/bbs/selectBoardArticle.do?nttId=92600263&bbsId=BBSMSTR_000000000001&pageIndex=1,2015,유,미부착,,개방 가능,공공누리 1유형,,,O,,,,,고시·공고,
963,세종학당재단,HOME > 알림마당 > 공지사항,공지사항,2016년 국외 파견 한국어교원 및 문화인턴 국내교육 용역사업시행 입찰 공고,https://ksif.or.kr/cop/bbs/selectBoardArticle.do?nttId=92600262&bbsId=BBSMSTR_000000000001&pageIndex=1,2015,유,미부착,,개방 가능,공공누리 1유형,,,O,,,,,고시·공고,
964,세종학당재단,HOME > 알림마당 > 공지사항,공지사항,EBS 한글날 특별기획 다큐멘터리 ‘한국어로 빚는 꿈’ 방송 ,https://ksif.or.kr/cop/bbs/selectBoardArticle.do?nttId=92600261&bbsId=BBSMSTR_000000000001&pageIndex=1,2015,무,미부착,,개방 가능,공공누리 1유형,,,O,,,,,업무상 저작물,
965,세종학당재단,HOME > 알림마당 > 공지사항,공지사항,2015 세종학당 한국어 말하기 대회  한국어 도우미 최종 합격자 공고,https://ksif.or.kr/cop/bbs/selectBoardArticle.do?nttId=92600260&bbsId=BBSMSTR_000000000001&pageIndex=1,2015,무,미부착,,개방 가능,공공누리 1유형,,,O,,,,,고시·공고,
966,세종학당재단,HOME > 알림마당 > 공지사항,공지사항,2015년 세종학당 우수학습자 초청 연수 개최(10.6~10.13),https://ksif.or.kr/cop/bbs/selectBoardArticle.do?nttId=92600259&bbsId=BBSMSTR_000000000001&pageIndex=1,2015,유,미부착,,내부확인 필요,공공누리 2~4유형,,,,,O,,,외부이미지 포함(포스터),
967,세종학당재단,HOME > 알림마당 > 공지사항,공지사항,2016년 국외 파견 한국어 교원 모집 재공고,https://ksif.or.kr/cop/bbs/selectBoardArticle.do?nttId=92600258&bbsId=BBSMSTR_000000000001&pageIndex=1,2015,유,미부착,,개방 가능,공공누리 1유형,,,O,,,,,고시·공고,
968,세종학당재단,HOME > 알림마당 > 공지사항,공지사항,세종학당재단 외국어 전문번역(감수) 지원 사업 용역사업시행 입찰 공고,https://ksif.or.kr/cop/bbs/selectBoardArticle.do?nttId=92600254&bbsId=BBSMSTR_000000000001&pageIndex=1,2015,유,미부착,,개방 가능,공공누리 1유형,,,O,,,,,고시·공고,
969,세종학당재단,HOME > 알림마당 > 공지사항,공지사항,2015 세종학당 한국어 말하기 대회 본선 도우미 모집,https://ksif.or.kr/cop/bbs/selectBoardArticle.do?nttId=92600253&bbsId=BBSMSTR_000000000001&pageIndex=1,2015,유,미부착,,개방 가능,공공누리 1유형,,,O,,,,,고시·공고,
970,세종학당재단,HOME > 알림마당 > 공지사항,공지사항,2016년 국외 파견 한국어 교원 모집 안내,https://ksif.or.kr/cop/bbs/selectBoardArticle.do?nttId=92600252&bbsId=BBSMSTR_000000000001&pageIndex=1,2015,유,미부착,,개방 가능,공공누리 1유형,,,O,,,,,고시·공고,
971,세종학당재단,HOME > 알림마당 > 공지사항,공지사항,2015년 세종학당 지역별 워크숍 운영 용역사업시행 입찰 재공고,https://ksif.or.kr/cop/bbs/selectBoardArticle.do?nttId=92600251&bbsId=BBSMSTR_000000000001&pageIndex=1,2015,유,미부착,,개방 가능,공공누리 1유형,,,O,,,,,고시·공고,
972,세종학당재단,HOME > 알림마당 > 공지사항,공지사항,중장기 경영전략 수립 검토 용역사업시행 입찰 공고,https://ksif.or.kr/cop/bbs/selectBoardArticle.do?nttId=92600249&bbsId=BBSMSTR_000000000001&pageIndex=1,2015,유,미부착,,개방 가능,공공누리 1유형,,,O,,,,,고시·공고,
973,세종학당재단,HOME > 알림마당 > 공지사항,공지사항,2015년 세종학당 지역별 워크숍 운영 용역사업시행 입찰 공고,https://ksif.or.kr/cop/bbs/selectBoardArticle.do?nttId=92600248&bbsId=BBSMSTR_000000000001&pageIndex=1,2015,유,미부착,,개방 가능,공공누리 1유형,,,O,,,,,고시·공고,
974,세종학당재단,HOME > 알림마당 > 공지사항,공지사항,세종학당재단 휴무(8.14) 알림 ,https://ksif.or.kr/cop/bbs/selectBoardArticle.do?nttId=92600247&bbsId=BBSMSTR_000000000001&pageIndex=1,2015,무,미부착,,개방 가능,공공누리 1유형,,,O,,,,,업무상 저작물,
975,세종학당재단,HOME > 알림마당 > 공지사항,공지사항,2015 런던국제언어박람회 한글관 전시물 제작․설치 및 운영 용역 입찰 재공고,https://ksif.or.kr/cop/bbs/selectBoardArticle.do?nttId=92600244&bbsId=BBSMSTR_000000000001&pageIndex=1,2015,유,미부착,,개방 가능,공공누리 1유형,,,O,,,,,고시·공고,
976,세종학당재단,HOME > 알림마당 > 공지사항,공지사항,2015 런던국제언어박람회 한글관 전시물 제작․설치 및 운영 용역 입찰 공고,https://ksif.or.kr/cop/bbs/selectBoardArticle.do?nttId=92600241&bbsId=BBSMSTR_000000000001&pageIndex=1,2015,유,미부착,,개방 가능,공공누리 1유형,,,O,,,,,고시·공고,
977,세종학당재단,HOME > 알림마당 > 공지사항,공지사항,2015 세종학당 한국어 말하기 대회 용역 입찰 재공고,https://ksif.or.kr/cop/bbs/selectBoardArticle.do?nttId=92600240&bbsId=BBSMSTR_000000000001&pageIndex=1,2015,유,미부착,,개방 가능,공공누리 1유형,,,O,,,,,고시·공고,
978,세종학당재단,HOME > 알림마당 > 공지사항,공지사항,세종학당 운영형태 및 관리체계 개선 중장기계획 연구 용역 입찰 공고,https://ksif.or.kr/cop/bbs/selectBoardArticle.do?nttId=92600237&bbsId=BBSMSTR_000000000001&pageIndex=1,2015,유,미부착,,개방 가능,공공누리 1유형,,,O,,,,,고시·공고,
979,세종학당재단,HOME > 알림마당 > 공지사항,공지사항,2015년 신규 세종학당 교재 지원 사업 용역 입찰 공고,https://ksif.or.kr/cop/bbs/selectBoardArticle.do?nttId=92600235&bbsId=BBSMSTR_000000000001&pageIndex=1,2015,유,미부착,,개방 가능,공공누리 1유형,,,O,,,,,고시·공고,
980,세종학당재단,HOME > 알림마당 > 공지사항,공지사항,2015 세종학당 한국어 말하기 대회 본선 행사 및 홍보 대행 용역 입찰 공고,https://ksif.or.kr/cop/bbs/selectBoardArticle.do?nttId=92600234&bbsId=BBSMSTR_000000000001&pageIndex=1,2015,유,미부착,,개방 가능,공공누리 1유형,,,O,,,,,고시·공고,
981,세종학당재단,HOME > 알림마당 > 공지사항,공지사항,세종학당재단 국외출장 항공권 발권 및 부대업무대행 용역 협상대상자 선정결과 공고,https://ksif.or.kr/cop/bbs/selectBoardArticle.do?nttId=92600233&bbsId=BBSMSTR_000000000001&pageIndex=1,2015,무,미부착,,개방 가능,공공누리 1유형,,,O,,,,,고시·공고,
982,세종학당재단,HOME > 알림마당 > 공지사항,공지사항,세종학당 콘텐츠·인프라 개선사업 배송 대행 용역 협상대상자 선정결과 공고,https://ksif.or.kr/cop/bbs/selectBoardArticle.do?nttId=92600232&bbsId=BBSMSTR_000000000001&pageIndex=1,2015,무,미부착,,개방 가능,공공누리 1유형,,,O,,,,,고시·공고,
983,세종학당재단,HOME > 알림마당 > 공지사항,공지사항,누리-세종학당 콘텐츠 학습자료 개발 사업 용역 입찰 공고,https://ksif.or.kr/cop/bbs/selectBoardArticle.do?nttId=92600230&bbsId=BBSMSTR_000000000001&pageIndex=1,2015,유,미부착,,개방 가능,공공누리 1유형,,,O,,,,,고시·공고,
984,세종학당재단,HOME > 알림마당 > 공지사항,공지사항,세종학당재단 국외출장 항공권 발권 및 부대업무대행 용역 입찰 공고,https://ksif.or.kr/cop/bbs/selectBoardArticle.do?nttId=92600229&bbsId=BBSMSTR_000000000001&pageIndex=1,2015,유,미부착,,개방 가능,공공누리 1유형,,,O,,,,,고시·공고,
985,세종학당재단,HOME > 알림마당 > 공지사항,공지사항,2015년 국외 파견 한국어교원 취업비자 발급 및 항공권 구매 대행용역 우선협상대상자 선정결과 공고,https://ksif.or.kr/cop/bbs/selectBoardArticle.do?nttId=92600227&bbsId=BBSMSTR_000000000001&pageIndex=1,2015,무,미부착,,개방 가능,공공누리 1유형,,,O,,,,,고시·공고,
986,세종학당재단,HOME > 알림마당 > 공지사항,공지사항,2015 세종학당 우수학습자 초청 연수 운영 용역 입찰 공고,https://ksif.or.kr/cop/bbs/selectBoardArticle.do?nttId=92600226&bbsId=BBSMSTR_000000000001&pageIndex=1,2015,유,미부착,,개방 가능,공공누리 1유형,,,O,,,,,고시·공고,
987,세종학당재단,HOME > 알림마당 > 공지사항,공지사항,세종학당 한국어교원 양성 과정 콘텐츠 개발 용역 입찰 공고,https://ksif.or.kr/cop/bbs/selectBoardArticle.do?nttId=92600225&bbsId=BBSMSTR_000000000001&pageIndex=1,2015,유,미부착,,개방 가능,공공누리 1유형,,,O,,,,,고시·공고,
988,세종학당재단,HOME > 알림마당 > 공지사항,공지사항,2015 세종학당 시설개선 지원사업 설계 및 감리용역 우선협상대상자 선정결과 공고,https://ksif.or.kr/cop/bbs/selectBoardArticle.do?nttId=92600224&bbsId=BBSMSTR_000000000001&pageIndex=1,2015,무,미부착,,개방 가능,공공누리 1유형,,,O,,,,,고시·공고,
989,세종학당재단,HOME > 알림마당 > 공지사항,공지사항,2015년 국외 파견 한국어교원 취업비자발급 및 항공권구매 대행 용역 입찰 공고,https://ksif.or.kr/cop/bbs/selectBoardArticle.do?nttId=92600223&bbsId=BBSMSTR_000000000001&pageIndex=1,2015,유,미부착,,개방 가능,공공누리 1유형,,,O,,,,,고시·공고,
990,세종학당재단,HOME > 알림마당 > 공지사항,공지사항,콘텐츠‧인프라 개선사업 전통의복 제작‧구매 대행 용역 우선협상대상자 선정결과 공고,https://ksif.or.kr/cop/bbs/selectBoardArticle.do?nttId=92600222&bbsId=BBSMSTR_000000000001&pageIndex=1,2015,무,미부착,,개방 가능,공공누리 1유형,,,O,,,,,고시·공고,
991,세종학당재단,HOME > 알림마당 > 공지사항,공지사항,2015 세종한국어 중국어권 익힘책 개발 재입찰 공고,https://ksif.or.kr/cop/bbs/selectBoardArticle.do?nttId=92600221&bbsId=BBSMSTR_000000000001&pageIndex=1,2015,유,미부착,,개방 가능,공공누리 1유형,,,O,,,,,고시·공고,
992,세종학당재단,HOME > 알림마당 > 공지사항,공지사항,세종학당 운영체계 개선 중장기계획 수립 연구 입찰 공고,https://ksif.or.kr/cop/bbs/selectBoardArticle.do?nttId=92600220&bbsId=BBSMSTR_000000000001&pageIndex=1,2015,유,미부착,,개방 가능,공공누리 1유형,,,O,,,,,고시·공고,
993,세종학당재단,HOME > 알림마당 > 공지사항,공지사항,세종학당 운영체계 개선 중장기계획 수립 연구 제안요청서 설명회 개최 안내,https://ksif.or.kr/cop/bbs/selectBoardArticle.do?nttId=92600219&bbsId=BBSMSTR_000000000001&pageIndex=1,2015,유,미부착,,개방 가능,공공누리 1유형,,,O,,,,,고시·공고,
994,세종학당재단,HOME > 알림마당 > 공지사항,공지사항,2015년 신규 세종학당 지정 심사 결과 공고,https://ksif.or.kr/cop/bbs/selectBoardArticle.do?nttId=92600218&bbsId=BBSMSTR_000000000001&pageIndex=1,2015,유,미부착,,개방 가능,공공누리 1유형,,,O,,,,,고시·공고,
995,세종학당재단,HOME > 알림마당 > 공지사항,공지사항,2015 세종학당 시설개선 지원사업 용역 재입찰 공고,https://ksif.or.kr/cop/bbs/selectBoardArticle.do?nttId=92600217&bbsId=BBSMSTR_000000000001&pageIndex=1,2015,유,미부착,,개방 가능,공공누리 1유형,,,O,,,,,고시·공고,
996,세종학당재단,HOME > 알림마당 > 공지사항,공지사항,제1회 누리-세종학당 교육자료를 활용한 수업 동영상 공모전 ,https://ksif.or.kr/cop/bbs/selectBoardArticle.do?nttId=92600216&bbsId=BBSMSTR_000000000001&pageIndex=1,2015,유,미부착,,개방 가능,공공누리 1유형,,,O,,,,,고시·공고,
997,세종학당재단,HOME > 알림마당 > 공지사항,공지사항,콘텐츠·인프라 개선사업 전통의복 제작·구매 대행 용역 입찰 공고,https://ksif.or.kr/cop/bbs/selectBoardArticle.do?nttId=92600215&bbsId=BBSMSTR_000000000001&pageIndex=1,2015,유,미부착,,개방 가능,공공누리 1유형,,,O,,,,,고시·공고,
998,세종학당재단,HOME > 알림마당 > 공지사항,공지사항, 2015년 단계별 성취도 평가 개발 연구 용역 입찰 재공고,https://ksif.or.kr/cop/bbs/selectBoardArticle.do?nttId=92600214&bbsId=BBSMSTR_000000000001&pageIndex=1,2015,유,미부착,,개방 가능,공공누리 1유형,,,O,,,,,고시·공고,
999,세종학당재단,HOME > 알림마당 > 공지사항,공지사항,세종학당 표준교육과정 적용 모형 중장기 연구 입찰 재공고,https://ksif.or.kr/cop/bbs/selectBoardArticle.do?nttId=92600212&bbsId=BBSMSTR_000000000001&pageIndex=1,2015,유,미부착,,개방 가능,공공누리 1유형,,,O,,,,,고시·공고,
1000,세종학당재단,HOME > 알림마당 > 공지사항,공지사항,2015년 모바일 전자문서결재시스템 도입 사업 우선협상대상자 선정결과 공고,https://ksif.or.kr/cop/bbs/selectBoardArticle.do?nttId=92600211&bbsId=BBSMSTR_000000000001&pageIndex=1,2015,무,미부착,,개방 가능,공공누리 1유형,,,O,,,,,고시·공고,
1001,세종학당재단,HOME > 알림마당 > 공지사항,공지사항,2015 세종학당 시설개선 지원사업 용역 입찰 공고,https://ksif.or.kr/cop/bbs/selectBoardArticle.do?nttId=92600210&bbsId=BBSMSTR_000000000001&pageIndex=1,2015,유,미부착,,개방 가능,공공누리 1유형,,,O,,,,,고시·공고,
1002,세종학당재단,HOME > 알림마당 > 공지사항,공지사항,2015년도 세종학당재단 소식지 [세종학당] 제작 및 배포 용역 입찰 공고,https://ksif.or.kr/cop/bbs/selectBoardArticle.do?nttId=92600209&bbsId=BBSMSTR_000000000001&pageIndex=1,2015,유,미부착,,개방 가능,공공누리 1유형,,,O,,,,,고시·공고,
1003,세종학당재단,HOME > 알림마당 > 공지사항,공지사항, 2015년 단계별 성취도 평가 개발 연구 용역 입찰 공고,https://ksif.or.kr/cop/bbs/selectBoardArticle.do?nttId=92600208&bbsId=BBSMSTR_000000000001&pageIndex=1,2015,유,미부착,,개방 가능,공공누리 1유형,,,O,,,,,고시·공고,
1004,세종학당재단,HOME > 알림마당 > 공지사항,공지사항,세종학당 표준교육과정 적용 모형 중장기 연구 용역 입찰 공고,https://ksif.or.kr/cop/bbs/selectBoardArticle.do?nttId=92600207&bbsId=BBSMSTR_000000000001&pageIndex=1,2015,유,미부착,,개방 가능,공공누리 1유형,,,O,,,,,고시·공고,
1005,세종학당재단,HOME > 알림마당 > 공지사항,공지사항,2015년 국외 파견 한국어교육 인턴 모집 안내,https://ksif.or.kr/cop/bbs/selectBoardArticle.do?nttId=92600206&bbsId=BBSMSTR_000000000001&pageIndex=1,2015,유,미부착,,개방 가능,공공누리 1유형,,,O,,,,,고시·공고,
1006,세종학당재단,HOME > 알림마당 > 공지사항,공지사항,2015년 제8기 한국어 교원양성과정 오프라인 과정 연수 위탁기관 사업자 공모 협상대상자 선정결과 공고,https://ksif.or.kr/cop/bbs/selectBoardArticle.do?nttId=92600205&bbsId=BBSMSTR_000000000001&pageIndex=1,2015,무,미부착,,개방 가능,공공누리 1유형,,,O,,,,,고시·공고,
1007,세종학당재단,HOME > 알림마당 > 공지사항,공지사항,2015년 세종한국어 1~2 자가학습 콘텐츠 개발 용역 입찰 공고,https://ksif.or.kr/cop/bbs/selectBoardArticle.do?nttId=92600204&bbsId=BBSMSTR_000000000001&pageIndex=1,2015,유,미부착,,개방 가능,공공누리 1유형,,,O,,,,,고시·공고,
1008,세종학당재단,HOME > 알림마당 > 공지사항,공지사항,세종한국문화(초급1) 교재 개발 용역 입찰 공고,https://ksif.or.kr/cop/bbs/selectBoardArticle.do?nttId=92600203&bbsId=BBSMSTR_000000000001&pageIndex=1,2015,유,미부착,,개방 가능,공공누리 1유형,,,O,,,,,고시·공고,
1009,세종학당재단,HOME > 알림마당 > 공지사항,공지사항, 2015년 한국문화 학습 만화 콘텐츠 개발 용역 입찰 재공고,https://ksif.or.kr/cop/bbs/selectBoardArticle.do?nttId=92600202&bbsId=BBSMSTR_000000000001&pageIndex=1,2015,유,미부착,,개방 가능,공공누리 1유형,,,O,,,,,고시·공고,
1010,세종학당재단,HOME > 알림마당 > 공지사항,공지사항,2015년 제8기 한국어 교원양성과정 오프라인 과정 연수 용역 입찰 재공고,https://ksif.or.kr/cop/bbs/selectBoardArticle.do?nttId=92600201&bbsId=BBSMSTR_000000000001&pageIndex=1,2015,유,미부착,,개방 가능,공공누리 1유형,,,O,,,,,고시·공고,
1011,세종학당재단,HOME > 알림마당 > 공지사항,공지사항,2015년 제7회 세계한국어교육자대회 운영 용역 입찰 공고,https://ksif.or.kr/cop/bbs/selectBoardArticle.do?nttId=92600200&bbsId=BBSMSTR_000000000001&pageIndex=1,2015,유,미부착,,개방 가능,공공누리 1유형,,,O,,,,,고시·공고,
1012,세종학당재단,HOME > 알림마당 > 공지사항,공지사항,2015년 세종학당 운영 평가 용역 입찰 공고 ,https://ksif.or.kr/cop/bbs/selectBoardArticle.do?nttId=92600199&bbsId=BBSMSTR_000000000001&pageIndex=1,2015,유,미부착,,개방 가능,공공누리 1유형,,,O,,,,,고시·공고,
1013,세종학당재단,HOME > 알림마당 > 공지사항,공지사항,2015년 세종학당 문화체험프로그램 개발 용역 입찰 공고,https://ksif.or.kr/cop/bbs/selectBoardArticle.do?nttId=92600198&bbsId=BBSMSTR_000000000001&pageIndex=1,2015,유,미부착,,개방 가능,공공누리 1유형,,,O,,,,,고시·공고,
1014,세종학당재단,HOME > 알림마당 > 공지사항,공지사항,2015년 신규 세종학당 지정 서류심사 결과 안내,https://ksif.or.kr/cop/bbs/selectBoardArticle.do?nttId=92600197&bbsId=BBSMSTR_000000000001&pageIndex=1,2015,무,미부착,,개방 가능,공공누리 1유형,,,O,,,,,고시·공고,
1015,세종학당재단,HOME > 알림마당 > 공지사항,공지사항,2015년 한국문화 학습 만화 콘텐츠 개발 입찰 용역 공고 ,https://ksif.or.kr/cop/bbs/selectBoardArticle.do?nttId=92600196&bbsId=BBSMSTR_000000000001&pageIndex=1,2015,유,미부착,,개방 가능,공공누리 1유형,,,O,,,,,고시·공고,
1016,세종학당재단,HOME > 알림마당 > 공지사항,공지사항,세종학당 문화체험자료 중장기 지원 방안 연구 용역 입찰 공고,https://ksif.or.kr/cop/bbs/selectBoardArticle.do?nttId=92600195&bbsId=BBSMSTR_000000000001&pageIndex=1,2015,유,미부착,,개방 가능,공공누리 1유형,,,O,,,,,고시·공고,
1017,세종학당재단,HOME > 알림마당 > 공지사항,공지사항,2015년 제8기 한국어 교원양성과정 오프라인 과정 연수 용역 입찰 공고,https://ksif.or.kr/cop/bbs/selectBoardArticle.do?nttId=92600194&bbsId=BBSMSTR_000000000001&pageIndex=1,2015,유,미부착,,개방 가능,공공누리 1유형,,,O,,,,,고시·공고,
1018,세종학당재단,HOME > 알림마당 > 공지사항,공지사항,2015 세종학당 문화체험프로그램 개발 입찰 공고,https://ksif.or.kr/cop/bbs/selectBoardArticle.do?nttId=92600193&bbsId=BBSMSTR_000000000001&pageIndex=1,2015,유,미부착,,개방 가능,공공누리 1유형,,,O,,,,,고시·공고,
1019,세종학당재단,HOME > 알림마당 > 공지사항,공지사항,2015년 누리-세종학당 홍보 및 운영 사업 용역 입찰 공고,https://ksif.or.kr/cop/bbs/selectBoardArticle.do?nttId=92600192&bbsId=BBSMSTR_000000000001&pageIndex=1,2015,유,미부착,,개방 가능,공공누리 1유형,,,O,,,,,고시·공고,
1020,세종학당재단,HOME > 알림마당 > 공지사항,공지사항,세종학당 문화체험자료 중장기 지원 방안 연구 용역 입찰 공고,https://ksif.or.kr/cop/bbs/selectBoardArticle.do?nttId=92600191&bbsId=BBSMSTR_000000000001&pageIndex=1,2015,유,미부착,,개방 가능,공공누리 1유형,,,O,,,,,고시·공고,
1021,세종학당재단,HOME > 알림마당 > 공지사항,공지사항,2015년 세종학당 업무관리시스템 3단계 구축 사업 용역 입찰 공고,https://ksif.or.kr/cop/bbs/selectBoardArticle.do?nttId=92600190&bbsId=BBSMSTR_000000000001&pageIndex=1,2015,유,미부착,,개방 가능,공공누리 1유형,,,O,,,,,고시·공고,
1022,세종학당재단,HOME > 알림마당 > 공지사항,공지사항,2015년 누리-세종학당 시스템 개선 및 운영사업 용역 입찰 공고,https://ksif.or.kr/cop/bbs/selectBoardArticle.do?nttId=92600189&bbsId=BBSMSTR_000000000001&pageIndex=1,2015,유,미부착,,개방 가능,공공누리 1유형,,,O,,,,,고시·공고,
1023,세종학당재단,HOME > 알림마당 > 공지사항,공지사항,세종학당재단 정규직․계약직 직원 채용  최종합격자 공고,https://ksif.or.kr/cop/bbs/selectBoardArticle.do?nttId=92600187&bbsId=BBSMSTR_000000000001&pageIndex=1,2015,유,미부착,,개방 가능,공공누리 1유형,,,O,,,,,고시·공고,
1024,세종학당재단,HOME > 알림마당 > 공지사항,공지사항,세종학당재단 정규직․계약직 직원 1차 면접시험 결과 및 최종면접 안내 ,https://ksif.or.kr/cop/bbs/selectBoardArticle.do?nttId=92600186&bbsId=BBSMSTR_000000000001&pageIndex=1,2015,무,미부착,,개방 가능,공공누리 1유형,,,O,,,,,고시·공고,
1025,세종학당재단,HOME > 알림마당 > 공지사항,공지사항,세종학당재단 정규직․계약직 직원  서류전형 합격자 및 1차 면접시험 안내,https://ksif.or.kr/cop/bbs/selectBoardArticle.do?nttId=92600185&bbsId=BBSMSTR_000000000001&pageIndex=1,2015,무,미부착,,개방 가능,공공누리 1유형,,,O,,,,,고시·공고,
1026,세종학당재단,HOME > 알림마당 > 공지사항,공지사항,2015년 제8기 한국어교원 양성 과정 참가 신청 안내,https://ksif.or.kr/cop/bbs/selectBoardArticle.do?nttId=92600184&bbsId=BBSMSTR_000000000001&pageIndex=1,2015,유,미부착,,개방 가능,공공누리 1유형,,,O,,,,,고시·공고,
1027,세종학당재단,HOME > 알림마당 > 공지사항,공지사항,2015년도 1차 국립한글박물관 한글문화자원 공개구입 공고,https://ksif.or.kr/cop/bbs/selectBoardArticle.do?nttId=92600188&bbsId=BBSMSTR_000000000001&pageIndex=1,2015,유,미부착,,개방 가능,공공누리 1유형,,,O,,,,,고시·공고,
1028,세종학당재단,HOME > 알림마당 > 공지사항,공지사항,『2015년 국외 파견 한국어교원 취업비자발급 및 항공권구매 대행』사업자 공모 협상대상자 선정결과 공고,https://ksif.or.kr/cop/bbs/selectBoardArticle.do?nttId=92600183&bbsId=BBSMSTR_000000000001&pageIndex=1,2015,무,미부착,,개방 가능,공공누리 1유형,,,O,,,,,고시·공고,
1029,세종학당재단,HOME > 알림마당 > 공지사항,공지사항,세종학당재단 직원 전체 워크숍 관련 휴무 안내 (1/23),https://ksif.or.kr/cop/bbs/selectBoardArticle.do?nttId=92600182&bbsId=BBSMSTR_000000000001&pageIndex=1,2015,무,미부착,,개방 가능,공공누리 1유형,,,O,,,,,업무상 저작물,
1030,세종학당재단,HOME > 알림마당 > 공지사항,공지사항,2015년 국외 파견 한국어교원 취업비자발급 및 항공권구매 대행 용역 입찰 재공고,https://ksif.or.kr/cop/bbs/selectBoardArticle.do?nttId=92600181&bbsId=BBSMSTR_000000000001&pageIndex=1,2015,유,미부착,,개방 가능,공공누리 1유형,,,O,,,,,고시·공고,
1031,세종학당재단,HOME > 알림마당 > 공지사항,공지사항,2015년 국외 파견 한국어교원 취업비자발급 및 항공권구매 대행 용역입찰공고,https://ksif.or.kr/cop/bbs/selectBoardArticle.do?nttId=92600179&bbsId=BBSMSTR_000000000001&pageIndex=1,2015,유,미부착,,개방 가능,공공누리 1유형,,,O,,,,,고시·공고,
1032,세종학당재단,HOME > 알림마당 > 공지사항,공지사항,2015년 국외 파견 한국어교원 최종 합격자 공고,https://ksif.or.kr/cop/bbs/selectBoardArticle.do?nttId=92600176&bbsId=BBSMSTR_000000000001&pageIndex=1,2014,유,미부착,,개방 가능,공공누리 1유형,,,O,,,,,고시·공고,
1033,세종학당재단,HOME > 알림마당 > 공지사항,공지사항,2015년 신규 세종학당 지정 신청 안내,https://ksif.or.kr/cop/bbs/selectBoardArticle.do?nttId=92600174&bbsId=BBSMSTR_000000000001&pageIndex=1,2014,유,미부착,,개방 가능,공공누리 1유형,,,O,,,,,고시·공고,
1034,세종학당재단,HOME > 알림마당 > 공지사항,공지사항,2015년 국외 파견 한국어교원 선발 면접전형 합격자 공고,https://ksif.or.kr/cop/bbs/selectBoardArticle.do?nttId=92600173&bbsId=BBSMSTR_000000000001&pageIndex=1,2014,유,미부착,,개방 가능,공공누리 1유형,,,O,,,,,고시·공고,
1035,세종학당재단,HOME > 알림마당 > 공지사항,공지사항,2015년 국외 파견 한국어 교원 선발  서류전형 합격자 대상 인성검사 및 면접전형 안내,https://ksif.or.kr/cop/bbs/selectBoardArticle.do?nttId=92600172&bbsId=BBSMSTR_000000000001&pageIndex=1,2014,유,미부착,,개방 가능,공공누리 1유형,,,O,,,,,고시·공고,
1036,세종학당재단,HOME > 알림마당 > 공지사항,공지사항,2015년 국외 파견 한국어교원 선발 서류전형 합격자 공고,https://ksif.or.kr/cop/bbs/selectBoardArticle.do?nttId=92600171&bbsId=BBSMSTR_000000000001&pageIndex=1,2014,유,미부착,,개방 가능,공공누리 1유형,,,O,,,,,고시·공고,
1037,세종학당재단,HOME > 알림마당 > 공지사항,공지사항,2014년 세종학당 사업비 위탁 정산 사업 입찰공고,https://ksif.or.kr/cop/bbs/selectBoardArticle.do?nttId=92600170&bbsId=BBSMSTR_000000000001&pageIndex=1,2014,유,미부착,,개방 가능,공공누리 1유형,,,O,,,,,고시·공고,
1038,세종학당재단,HOME > 알림마당 > 공지사항,공지사항,2014 세종학당 교원 대상 <세종한국어1> 교안 공모전 심사결과 발표,https://ksif.or.kr/cop/bbs/selectBoardArticle.do?nttId=92600169&bbsId=BBSMSTR_000000000001&pageIndex=1,2014,무,미부착,,개방 가능,공공누리 1유형,,,O,,,,,고시·공고,
1039,세종학당재단,HOME > 알림마당 > 공지사항,공지사항,『2014년 세종학당 시설 개선 지원사업』사업자 공모 협상대상자 선정결과 공고,https://ksif.or.kr/cop/bbs/selectBoardArticle.do?nttId=92600168&bbsId=BBSMSTR_000000000001&pageIndex=1,2014,무,미부착,,개방 가능,공공누리 1유형,,,O,,,,,고시·공고,
1040,세종학당재단,HOME > 알림마당 > 공지사항,공지사항,세종학당재단 창립기념일 (10월 24일/금) 휴무 공지,https://ksif.or.kr/cop/bbs/selectBoardArticle.do?nttId=92600167&bbsId=BBSMSTR_000000000001&pageIndex=1,2014,무,미부착,,개방 가능,공공누리 1유형,,,O,,,,,업무상 저작물,
1041,세종학당재단,HOME > 알림마당 > 공지사항,공지사항,2015년 신규 세종학당 지정 신청 관련 사전 안내,https://ksif.or.kr/cop/bbs/selectBoardArticle.do?nttId=92600166&bbsId=BBSMSTR_000000000001&pageIndex=1,2014,무,미부착,,개방 가능,공공누리 1유형,,,O,,,,,고시·공고,
1042,세종학당재단,HOME > 알림마당 > 공지사항,공지사항,2015년 국외 파견 한국어 교원 모집 안내,https://ksif.or.kr/cop/bbs/selectBoardArticle.do?nttId=92600165&bbsId=BBSMSTR_000000000001&pageIndex=1,2014,유,미부착,,개방 가능,공공누리 1유형,,,O,,,,,고시·공고,
1043,세종학당재단,HOME > 알림마당 > 공지사항,공지사항,세종학당재단 직원 전체 워크숍 관련 휴무 안내,https://ksif.or.kr/cop/bbs/selectBoardArticle.do?nttId=92600164&bbsId=BBSMSTR_000000000001&pageIndex=1,2014,무,미부착,,개방 가능,공공누리 1유형,,,O,,,,,업무상 저작물,
1044,세종학당재단,HOME > 알림마당 > 공지사항,공지사항,2014 세종학당 시설개선 지원 사업 주관사업자 선정 입찰 공고,https://ksif.or.kr/cop/bbs/selectBoardArticle.do?nttId=92600163&bbsId=BBSMSTR_000000000001&pageIndex=1,2014,유,미부착,,개방 가능,공공누리 1유형,,,O,,,,,고시·공고,
1045,세종학당재단,HOME > 알림마당 > 공지사항,공지사항,2014년 세종한국어 1~4권 익힘책 개발 사업자 재공모,https://ksif.or.kr/cop/bbs/selectBoardArticle.do?nttId=92600161&bbsId=BBSMSTR_000000000001&pageIndex=1,2014,유,미부착,,개방 가능,공공누리 1유형,,,O,,,,,고시·공고,
1046,세종학당재단,HOME > 알림마당 > 공지사항,공지사항,2014 세종학당 교원 대상 <세종한국어1> 교안 공모전,https://ksif.or.kr/cop/bbs/selectBoardArticle.do?nttId=92600159&bbsId=BBSMSTR_000000000001&pageIndex=1,2014,유,미부착,,개방 가능,공공누리 1유형,,,O,,,,,고시·공고,
1047,세종학당재단,HOME > 알림마당 > 공지사항,공지사항,세종학당재단 휴무 (9/10) 공지,https://ksif.or.kr/cop/bbs/selectBoardArticle.do?nttId=92600157&bbsId=BBSMSTR_000000000001&pageIndex=1,2014,무,미부착,,개방 가능,공공누리 1유형,,,O,,,,,업무상 저작물,
1048,세종학당재단,HOME > 알림마당 > 공지사항,공지사항,2014년 세종한국어 1~4권 익힘책 개발 사업자 재공모 ,https://ksif.or.kr/cop/bbs/selectBoardArticle.do?nttId=92600156&bbsId=BBSMSTR_000000000001&pageIndex=1,2014,유,미부착,,개방 가능,공공누리 1유형,,,O,,,,,고시·공고,
1049,세종학당재단,HOME > 알림마당 > 공지사항,공지사항,2014년 우수학습자 초청 연수 참가자 항공권 구매 용역 입찰 재공고,https://ksif.or.kr/cop/bbs/selectBoardArticle.do?nttId=92600154&bbsId=BBSMSTR_000000000001&pageIndex=1,2014,유,미부착,,개방 가능,공공누리 1유형,,,O,,,,,고시·공고,
1050,세종학당재단,HOME > 알림마당 > 공지사항,공지사항,2014년 우수학습자 초청 연수 참가자 항공권 구매 용역 입찰 공고,https://ksif.or.kr/cop/bbs/selectBoardArticle.do?nttId=92600153&bbsId=BBSMSTR_000000000001&pageIndex=1,2014,유,미부착,,개방 가능,공공누리 1유형,,,O,,,,,고시·공고,
1051,세종학당재단,HOME > 알림마당 > 공지사항,공지사항,우수 학습자 초청 한국어·한국문화 체험 한마당 제2기 자원봉사단 모집 안내,https://ksif.or.kr/cop/bbs/selectBoardArticle.do?nttId=92600150&bbsId=BBSMSTR_000000000001&pageIndex=1,2014,유,미부착,,개방 가능,공공누리 1유형,,,O,,,,,고시·공고,
1052,세종학당재단,HOME > 알림마당 > 공지사항,공지사항,2014 우수학습자 초청 연수 행사장 제공 용역,https://ksif.or.kr/cop/bbs/selectBoardArticle.do?nttId=92600149&bbsId=BBSMSTR_000000000001&pageIndex=1,2014,무,미부착,,개방 가능,공공누리 1유형,,,O,,,,,고시·공고,
1053,세종학당재단,HOME > 알림마당 > 공지사항,공지사항,『2014 세종한국어 1~4권 익힘책 개발』사업자 공모 우선협상대상자 선정결과 공고,https://ksif.or.kr/cop/bbs/selectBoardArticle.do?nttId=92600148&bbsId=BBSMSTR_000000000001&pageIndex=1,2014,무,미부착,,개방 가능,공공누리 1유형,,,O,,,,,고시·공고,
1054,세종학당재단,HOME > 알림마당 > 공지사항,공지사항,2014년 신규 세종학당 지정 심사 결과 공고,https://ksif.or.kr/cop/bbs/selectBoardArticle.do?nttId=92600147&bbsId=BBSMSTR_000000000001&pageIndex=1,2014,무,미부착,,개방 가능,공공누리 1유형,,,O,,,,,고시·공고,
1055,세종학당재단,HOME > 알림마당 > 공지사항,공지사항,2014년 <세종한국어> 익힘책 개발 사업자 재공모,https://ksif.or.kr/cop/bbs/selectBoardArticle.do?nttId=92600146&bbsId=BBSMSTR_000000000001&pageIndex=1,2014,유,미부착,,개방 가능,공공누리 1유형,,,O,,,,,고시·공고,
1056,세종학당재단,HOME > 알림마당 > 공지사항,공지사항,2014년 하반기 국외 파견 한국어 교원 모집 공고,https://ksif.or.kr/cop/bbs/selectBoardArticle.do?nttId=92600145&bbsId=BBSMSTR_000000000001&pageIndex=1,2014,유,미부착,,개방 가능,공공누리 1유형,,,O,,,,,고시·공고,
1057,세종학당재단,HOME > 알림마당 > 공지사항,공지사항,2014년 <세종한국어> 익힘책 개발 사업자 공모,https://ksif.or.kr/cop/bbs/selectBoardArticle.do?nttId=92600142&bbsId=BBSMSTR_000000000001&pageIndex=1,2014,유,미부착,,개방 가능,공공누리 1유형,,,O,,,,,고시·공고,
1058,세종학당재단,HOME > 알림마당 > 공지사항,공지사항,<세종한국어> 1~8권 출판 ․ 판매 안내,https://ksif.or.kr/cop/bbs/selectBoardArticle.do?nttId=92600139&bbsId=BBSMSTR_000000000001&pageIndex=1,2014,유,미부착,,개방 가능,공공누리 1유형,,,O,,,,,업무상 저작물,
1059,세종학당재단,HOME > 알림마당 > 공지사항,공지사항,결혼이민비자 발급 관련 세종학당 교육과정 현황(2014.06),https://ksif.or.kr/cop/bbs/selectBoardArticle.do?nttId=92600136&bbsId=BBSMSTR_000000000001&pageIndex=1,2014,무,미부착,,개방 가능,공공누리 1유형,,,O,,,,,업무상 저작물,
1060,세종학당재단,HOME > 알림마당 > 공지사항,공지사항,2014 세종학당 국제포럼,https://ksif.or.kr/cop/bbs/selectBoardArticle.do?nttId=92600135&bbsId=BBSMSTR_000000000001&pageIndex=1,2014,유,미부착,,내부확인 필요,공공누리 2~4유형,,,,,O,,,외부이미지 포함(포스터),
1061,세종학당재단,HOME > 알림마당 > 공지사항,공지사항,세종학당재단 근로자의 날 (5/1) 휴무 공지 ,https://ksif.or.kr/cop/bbs/selectBoardArticle.do?nttId=92600134&bbsId=BBSMSTR_000000000001&pageIndex=1,2014,무,미부착,,개방 가능,공공누리 1유형,,,O,,,,,업무상 저작물,
1062,세종학당재단,HOME > 알림마당 > 공지사항,공지사항,2014년 신규 세종학당 지정 서류심사 결과 안내,https://ksif.or.kr/cop/bbs/selectBoardArticle.do?nttId=92600133&bbsId=BBSMSTR_000000000001&pageIndex=1,2014,무,미부착,,개방 가능,공공누리 1유형,,,O,,,,,고시·공고,
1063,세종학당재단,HOME > 알림마당 > 공지사항,공지사항,2014년 세종학당재단 행사대행용역 사업 기획 및 진행 위탁 공고,https://ksif.or.kr/cop/bbs/selectBoardArticle.do?nttId=92600132&bbsId=BBSMSTR_000000000001&pageIndex=1,2014,유,미부착,,개방 가능,공공누리 1유형,,,O,,,,,고시·공고,
1064,세종학당재단,HOME > 알림마당 > 공지사항,공지사항,2014년 소식지 <세종학당> 제작 및 배포 용역 입찰 공고,https://ksif.or.kr/cop/bbs/selectBoardArticle.do?nttId=92600130&bbsId=BBSMSTR_000000000001&pageIndex=1,2014,유,미부착,,개방 가능,공공누리 1유형,,,O,,,,,고시·공고,
1065,세종학당재단,HOME > 알림마당 > 공지사항,공지사항,2014년 세종학당 국제 포럼 기획 및 진행 위탁 공고,https://ksif.or.kr/cop/bbs/selectBoardArticle.do?nttId=92600128&bbsId=BBSMSTR_000000000001&pageIndex=1,2014,유,미부착,,개방 가능,공공누리 1유형,,,O,,,,,고시·공고,
1066,세종학당재단,HOME > 알림마당 > 공지사항,공지사항,세종학당재단 계약 직원 및 인턴 직원 서류전형 합격자 명단 및 인적성 검사 안내,https://ksif.or.kr/cop/bbs/selectBoardArticle.do?nttId=92600127&bbsId=BBSMSTR_000000000001&pageIndex=1,2014,무,미부착,,개방 가능,공공누리 1유형,,,O,,,,,고시·공고,
1067,세종학당재단,HOME > 알림마당 > 공지사항,공지사항,2014 세종학당 교육시설 표준화를 위한 기본설계 및 시설운영 방안 연구 용역 입찰 공고(2차),https://ksif.or.kr/cop/bbs/selectBoardArticle.do?nttId=92600126&bbsId=BBSMSTR_000000000001&pageIndex=1,2014,유,미부착,,개방 가능,공공누리 1유형,,,O,,,,,고시·공고,
1068,세종학당재단,HOME > 알림마당 > 공지사항,공지사항,2014년 소식지 <세종학당> 제작 및 배포 용역 입찰 공고,https://ksif.or.kr/cop/bbs/selectBoardArticle.do?nttId=92600125&bbsId=BBSMSTR_000000000001&pageIndex=1,2014,유,미부착,,개방 가능,공공누리 1유형,,,O,,,,,고시·공고,
1069,세종학당재단,HOME > 알림마당 > 공지사항,공지사항,세종학당재단 2014년 해외 파견 한국어 교원 선발 3차 재공고 서류전형 합격자 공고,https://ksif.or.kr/cop/bbs/selectBoardArticle.do?nttId=92600124&bbsId=BBSMSTR_000000000001&pageIndex=1,2014,유,미부착,,개방 가능,공공누리 1유형,,,O,,,,,고시·공고,
1070,세종학당재단,HOME > 알림마당 > 공지사항,공지사항,2014년 해외 파견 한국어 교원 선발 3차 모집 서류접수 기간 연장 공지 ,https://ksif.or.kr/cop/bbs/selectBoardArticle.do?nttId=92600123&bbsId=BBSMSTR_000000000001&pageIndex=1,2014,무,미부착,,개방 가능,공공누리 1유형,,,O,,,,,업무상 저작물,
1071,세종학당재단,HOME > 알림마당 > 공지사항,공지사항,2014 세종학당 교육시설 표준화를 위한 기본설계 및 시설운영 방안 연구용역 입찰 공고,https://ksif.or.kr/cop/bbs/selectBoardArticle.do?nttId=92600122&bbsId=BBSMSTR_000000000001&pageIndex=1,2014,유,미부착,,개방 가능,공공누리 1유형,,,O,,,,,고시·공고,
1072,세종학당재단,HOME > 알림마당 > 공지사항,공지사항,2014년 해외 파견 한국어 교원 모집 3차 재공고,https://ksif.or.kr/cop/bbs/selectBoardArticle.do?nttId=92600121&bbsId=BBSMSTR_000000000001&pageIndex=1,2014,유,미부착,,개방 가능,공공누리 1유형,,,O,,,,,고시·공고,
1073,세종학당재단,HOME > 알림마당 > 공지사항,공지사항,2014년 한국어교원 양성 과정(7기) 참가 신청 안내,https://ksif.or.kr/cop/bbs/selectBoardArticle.do?nttId=92600118&bbsId=BBSMSTR_000000000001&pageIndex=1,2014,유,미부착,,개방 가능,공공누리 1유형,,,O,,,,,고시·공고,
1074,세종학당재단,HOME > 알림마당 > 공지사항,공지사항,세종학당재단 직원 전체 워크숍 관련 휴무 안내,https://ksif.or.kr/cop/bbs/selectBoardArticle.do?nttId=92600117&bbsId=BBSMSTR_000000000001&pageIndex=1,2014,무,미부착,,개방 가능,공공누리 1유형,,,O,,,,,업무상 저작물,
1075,세종학당재단,HOME > 알림마당 > 공지사항,공지사항,2014년 국외 파견 한국어 교원 모집 2차 재공고,https://ksif.or.kr/cop/bbs/selectBoardArticle.do?nttId=92600116&bbsId=BBSMSTR_000000000001&pageIndex=1,2014,유,미부착,,개방 가능,공공누리 1유형,,,O,,,,,고시·공고,
1076,세종학당재단,HOME > 알림마당 > 공지사항,공지사항,세종학당재단 2014년 해외 파견 한국어 교원 선발(재공고) 서류전형 합격자 공고,https://ksif.or.kr/cop/bbs/selectBoardArticle.do?nttId=92600114&bbsId=BBSMSTR_000000000001&pageIndex=1,2014,유,미부착,,개방 가능,공공누리 1유형,,,O,,,,,고시·공고,
1077,세종학당재단,HOME > 알림마당 > 공지사항,공지사항,2014년 한국어 교원 국외 파견 합격자 공고 연기 공지,https://ksif.or.kr/cop/bbs/selectBoardArticle.do?nttId=92600113&bbsId=BBSMSTR_000000000001&pageIndex=1,2014,무,미부착,,개방 가능,공공누리 1유형,,,O,,,,,업무상 저작물,
1078,세종학당재단,HOME > 알림마당 > 공지사항,공지사항,2014년 신규 세종학당 지정 신청 안내,https://ksif.or.kr/cop/bbs/selectBoardArticle.do?nttId=92600112&bbsId=BBSMSTR_000000000001&pageIndex=1,2014,유,미부착,,개방 가능,공공누리 1유형,,,O,,,,,고시·공고,
1079,세종학당재단,HOME > 알림마당 > 공지사항,공지사항,2014년 국외 파견 한국어 교원 모집 재공고,https://ksif.or.kr/cop/bbs/selectBoardArticle.do?nttId=92600111&bbsId=BBSMSTR_000000000001&pageIndex=1,2014,무,미부착,,개방 가능,공공누리 1유형,,,O,,,,,고시·공고,
1080,세종학당재단,HOME > 알림마당 > 공지사항,공지사항,세종학당재단 2014년 국외 파견 한국어 교원  면접전형 합격자 공고 ,https://ksif.or.kr/cop/bbs/selectBoardArticle.do?nttId=92600110&bbsId=BBSMSTR_000000000001&pageIndex=1,2014,유,미부착,,개방 가능,공공누리 1유형,,,O,,,,,고시·공고,
1081,세종학당재단,HOME > 알림마당 > 공지사항,공지사항,2014년 국외 파견 한국어 교원 선발 서류전형 합격자 명단 및 면접전형 안내,https://ksif.or.kr/cop/bbs/selectBoardArticle.do?nttId=92600109&bbsId=BBSMSTR_000000000001&pageIndex=1,2013,무,미부착,,개방 가능,공공누리 1유형,,,O,,,,,고시·공고,
1082,세종학당재단,HOME > 알림마당 > 공지사항,공지사항,2013년 신규 세종학당 추가 지정 심사 결과 공고,https://ksif.or.kr/cop/bbs/selectBoardArticle.do?nttId=92600106&bbsId=BBSMSTR_000000000001&pageIndex=1,2013,무,미부착,,개방 가능,공공누리 1유형,,,O,,,,,고시·공고,
1083,세종학당재단,HOME > 알림마당 > 공지사항,공지사항,세종학당재단 사무실 이전 안내,https://ksif.or.kr/cop/bbs/selectBoardArticle.do?nttId=92600103&bbsId=BBSMSTR_000000000001&pageIndex=1,2013,무,미부착,,개방 가능,공공누리 1유형,,,O,,,,,업무상 저작물,
1084,세종학당재단,HOME > 알림마당 > 공지사항,공지사항,2014년 국외 파견 한국어 교원 모집 공고,https://ksif.or.kr/cop/bbs/selectBoardArticle.do?nttId=92600102&bbsId=BBSMSTR_000000000001&pageIndex=1,2013,무,미부착,,개방 가능,공공누리 1유형,,,O,,,,,고시·공고,
1085,세종학당재단,HOME > 알림마당 > 공지사항,공지사항,"세종학당 특집 <도전, 한류 골든벨> 8일 방송",https://ksif.or.kr/cop/bbs/selectBoardArticle.do?nttId=92600101&bbsId=BBSMSTR_000000000001&pageIndex=1,2013,무,미부착,,개방 가능,공공누리 1유형,,,O,,,,,업무상 저작물,
1086,세종학당재단,HOME > 알림마당 > 공지사항,공지사항,누리-세종학당 시스템 점검 안내,https://ksif.or.kr/cop/bbs/selectBoardArticle.do?nttId=92600100&bbsId=BBSMSTR_000000000001&pageIndex=1,2013,무,미부착,,개방 가능,공공누리 1유형,,,O,,,,,업무상 저작물,
1087,세종학당재단,HOME > 알림마당 > 공지사항,공지사항,제9기 국립국어원 국외통신원 모집 공고,https://ksif.or.kr/cop/bbs/selectBoardArticle.do?nttId=92600099&bbsId=BBSMSTR_000000000001&pageIndex=1,2013,무,미부착,,개방 가능,공공누리 1유형,,,O,,,,,고시·공고,
1088,세종학당재단,HOME > 알림마당 > 공지사항,공지사항,제1회 세종학술제 참가안내문,https://ksif.or.kr/cop/bbs/selectBoardArticle.do?nttId=92600097&bbsId=BBSMSTR_000000000001&pageIndex=1,2013,무,미부착,,개방 가능,공공누리 1유형,,,O,,,,,업무상 저작물,
1089,세종학당재단,HOME > 알림마당 > 공지사항,공지사항,누리-세종학당 서비스 최적화 및 웹호환성을 위한 점검 안내,https://ksif.or.kr/cop/bbs/selectBoardArticle.do?nttId=92600096&bbsId=BBSMSTR_000000000001&pageIndex=1,2013,무,미부착,,개방 가능,공공누리 1유형,,,O,,,,,업무상 저작물,
1090,세종학당재단,HOME > 알림마당 > 공지사항,공지사항,세종학당재단 창립기념일 (10월 24일/목) 휴무 공지,https://ksif.or.kr/cop/bbs/selectBoardArticle.do?nttId=92600095&bbsId=BBSMSTR_000000000001&pageIndex=1,2013,무,미부착,,개방 가능,공공누리 1유형,,,O,,,,,업무상 저작물,
1091,세종학당재단,HOME > 알림마당 > 공지사항,공지사항,국립한글박물관 '상징문구' 공모,https://ksif.or.kr/cop/bbs/selectBoardArticle.do?nttId=92600094&bbsId=BBSMSTR_000000000001&pageIndex=1,2013,무,미부착,,개방 가능,공공누리 1유형,,,O,,,,,업무상 저작물,
1092,세종학당재단,HOME > 알림마당 > 공지사항,공지사항,"세종학당 학습자, KBS<도전골든벨> 700회 특집 녹화 방청 안내 ",https://ksif.or.kr/cop/bbs/selectBoardArticle.do?nttId=92600093&bbsId=BBSMSTR_000000000001&pageIndex=1,2013,무,미부착,,개방 가능,공공누리 1유형,,,O,,,,,업무상 저작물,
1093,세종학당재단,HOME > 알림마당 > 공지사항,공지사항,세종학당재단 소식지 <세종학당> 창간,https://ksif.or.kr/cop/bbs/selectBoardArticle.do?nttId=92600092&bbsId=BBSMSTR_000000000001&pageIndex=1,2013,무,미부착,,개방 가능,공공누리 1유형,,,O,,,,,업무상 저작물,
1094,세종학당재단,HOME > 알림마당 > 공지사항,공지사항,제4기 누리-세종학당 한국문화통신원 최종합격자 공고 ,https://ksif.or.kr/cop/bbs/selectBoardArticle.do?nttId=92600091&bbsId=BBSMSTR_000000000001&pageIndex=1,2013,무,미부착,,개방 가능,공공누리 1유형,,,O,,,,,고시·공고,
1095,세종학당재단,HOME > 알림마당 > 공지사항,공지사항,2014년 세종학당재단 홍보 달력 제작 용역 입찰 취소 공고,https://ksif.or.kr/cop/bbs/selectBoardArticle.do?nttId=92600090&bbsId=BBSMSTR_000000000001&pageIndex=1,2013,무,미부착,,개방 가능,공공누리 1유형,,,O,,,,,고시·공고,
1096,세종학당재단,HOME > 알림마당 > 공지사항,공지사항,추석 연휴 사이트 운영 안내,https://ksif.or.kr/cop/bbs/selectBoardArticle.do?nttId=92600088&bbsId=BBSMSTR_000000000001&pageIndex=1,2013,무,미부착,,개방 가능,공공누리 1유형,,,O,,,,,업무상 저작물,
1097,세종학당재단,HOME > 알림마당 > 공지사항,공지사항,2013년 신규 세종학당 추가 지정 서류심사 결과 안내,https://ksif.or.kr/cop/bbs/selectBoardArticle.do?nttId=92600087&bbsId=BBSMSTR_000000000001&pageIndex=1,2013,무,미부착,,개방 가능,공공누리 1유형,,,O,,,,,고시·공고,
1098,세종학당재단,HOME > 알림마당 > 공지사항,공지사항,세종학당재단 계약직 채용 서류전형 합격자 명단 및 면접시험 안내,https://ksif.or.kr/cop/bbs/selectBoardArticle.do?nttId=92600086&bbsId=BBSMSTR_000000000001&pageIndex=1,2013,무,미부착,,개방 가능,공공누리 1유형,,,O,,,,,고시·공고,
1099,세종학당재단,HOME > 알림마당 > 공지사항,공지사항,세종학당재단 계약직 채용 응시자 접수번호 공지,https://ksif.or.kr/cop/bbs/selectBoardArticle.do?nttId=92600085&bbsId=BBSMSTR_000000000001&pageIndex=1,2013,무,미부착,,개방 가능,공공누리 1유형,,,O,,,,,고시·공고,
1100,세종학당재단,HOME > 알림마당 > 공지사항,공지사항,세종한국어 1~4 익힘책(워크북) 개발 기관 재공모,https://ksif.or.kr/cop/bbs/selectBoardArticle.do?nttId=92600084&bbsId=BBSMSTR_000000000001&pageIndex=1,2013,무,미부착,,개방 가능,공공누리 1유형,,,O,,,,,고시·공고,
1101,세종학당재단,HOME > 알림마당 > 공지사항,공지사항,2014년 세종학당재단 홍보 달력 제작 용역 입찰 공고,https://ksif.or.kr/cop/bbs/selectBoardArticle.do?nttId=92600083&bbsId=BBSMSTR_000000000001&pageIndex=1,2013,무,미부착,,개방 가능,공공누리 1유형,,,O,,,,,고시·공고,
1102,세종학당재단,HOME > 알림마당 > 공지사항,공지사항,제4기 누리-세종학당 한국문화통신원 모집,https://ksif.or.kr/cop/bbs/selectBoardArticle.do?nttId=92600082&bbsId=BBSMSTR_000000000001&pageIndex=1,2013,무,미부착,,개방 가능,공공누리 1유형,,,O,,,,,고시·공고,
1103,세종학당재단,HOME > 알림마당 > 공지사항,공지사항,세종학당재단 자원봉사단 최종 합격자 공고,https://ksif.or.kr/cop/bbs/selectBoardArticle.do?nttId=92600080&bbsId=BBSMSTR_000000000001&pageIndex=1,2013,무,미부착,,개방 가능,공공누리 1유형,,,O,,,,,고시·공고,
1104,세종학당재단,HOME > 알림마당 > 공지사항,공지사항,2013년 신규 세종학당 추가 지정 서류심사 결과 발표 연기 안내,https://ksif.or.kr/cop/bbs/selectBoardArticle.do?nttId=92600079&bbsId=BBSMSTR_000000000001&pageIndex=1,2013,무,미부착,,개방 가능,공공누리 1유형,,,O,,,,,고시·공고,
1105,세종학당재단,HOME > 알림마당 > 공지사항,공지사항,세종학당재단 자원봉사단 서류전형 합격자 명단 및 면접시험 안내,https://ksif.or.kr/cop/bbs/selectBoardArticle.do?nttId=92600078&bbsId=BBSMSTR_000000000001&pageIndex=1,2013,무,미부착,,개방 가능,공공누리 1유형,,,O,,,,,고시·공고,
1106,세종학당재단,HOME > 알림마당 > 공지사항,공지사항,세종학당 표준승급시험 개발연구 입찰 공고,https://ksif.or.kr/cop/bbs/selectBoardArticle.do?nttId=92600077&bbsId=BBSMSTR_000000000001&pageIndex=1,2013,무,미부착,,개방 가능,공공누리 1유형,,,O,,,,,고시·공고,
1107,세종학당재단,HOME > 알림마당 > 공지사항,공지사항,우수 학습자 초청 한국문화 연수 제1기 자원봉사단 모집 안내,https://ksif.or.kr/cop/bbs/selectBoardArticle.do?nttId=92600075&bbsId=BBSMSTR_000000000001&pageIndex=1,2013,무,미부착,,개방 가능,공공누리 1유형,,,O,,,,,고시·공고,
1108,세종학당재단,HOME > 알림마당 > 공지사항,공지사항,『세종한국어 1~4 익힘책(워크북)』 개발 기관 공모,https://ksif.or.kr/cop/bbs/selectBoardArticle.do?nttId=92600074&bbsId=BBSMSTR_000000000001&pageIndex=1,2013,무,미부착,,개방 가능,공공누리 1유형,,,O,,,,,고시·공고,
1109,세종학당재단,HOME > 알림마당 > 공지사항,공지사항,세종학당재단 청년 인턴 채용 서류전형 합격자 명단 및 면접시험 안내 ,https://ksif.or.kr/cop/bbs/selectBoardArticle.do?nttId=92600073&bbsId=BBSMSTR_000000000001&pageIndex=1,2013,무,미부착,,개방 가능,공공누리 1유형,,,O,,,,,고시·공고,
1110,세종학당재단,HOME > 알림마당 > 공지사항,공지사항,세종학당재단 정규직 및 계약직 채용 서류전형 합격자 명단 및 면접시험 안내,https://ksif.or.kr/cop/bbs/selectBoardArticle.do?nttId=92600072&bbsId=BBSMSTR_000000000001&pageIndex=1,2013,무,미부착,,개방 가능,공공누리 1유형,,,O,,,,,고시·공고,
1111,세종학당재단,HOME > 알림마당 > 공지사항,공지사항,세종학당재단 채용 응시자 접수번호 변경공지,https://ksif.or.kr/cop/bbs/selectBoardArticle.do?nttId=92600071&bbsId=BBSMSTR_000000000001&pageIndex=1,2013,무,미부착,,개방 가능,공공누리 1유형,,,O,,,,,고시·공고,
1112,세종학당재단,HOME > 알림마당 > 공지사항,공지사항,"세종학당재단 정규직, 계약직 면접일 변경 공지",https://ksif.or.kr/cop/bbs/selectBoardArticle.do?nttId=92600070&bbsId=BBSMSTR_000000000001&pageIndex=1,2013,무,미부착,,개방 가능,공공누리 1유형,,,O,,,,,고시·공고,
1113,세종학당재단,HOME > 알림마당 > 공지사항,공지사항,"세종학당재단 정규직, 계약직 및 청년인턴 채용 응시자 접수번호 공지",https://ksif.or.kr/cop/bbs/selectBoardArticle.do?nttId=92600069&bbsId=BBSMSTR_000000000001&pageIndex=1,2013,무,미부착,,개방 가능,공공누리 1유형,,,O,,,,,고시·공고,
1114,세종학당재단,HOME > 알림마당 > 공지사항,공지사항,세종학당재단 청년 인턴 채용 공고,https://ksif.or.kr/cop/bbs/selectBoardArticle.do?nttId=92600068&bbsId=BBSMSTR_000000000001&pageIndex=1,2013,무,미부착,,개방 가능,공공누리 1유형,,,O,,,,,고시·공고,
1115,세종학당재단,HOME > 알림마당 > 공지사항,공지사항,"세종학당재단 직원(정규직, 계약직) 채용 공고",https://ksif.or.kr/cop/bbs/selectBoardArticle.do?nttId=92600067&bbsId=BBSMSTR_000000000001&pageIndex=1,2013,무,미부착,,개방 가능,공공누리 1유형,,,O,,,,,고시·공고,
1116,세종학당재단,HOME > 알림마당 > 공지사항,공지사항,2013년 신규 세종학당 추가 지정 신청 안내,https://ksif.or.kr/cop/bbs/selectBoardArticle.do?nttId=92600066&bbsId=BBSMSTR_000000000001&pageIndex=1,2013,무,미부착,,개방 가능,공공누리 1유형,,,O,,,,,고시·공고,
1117,세종학당재단,HOME > 알림마당 > 공지사항,공지사항,제5회 세계한국어교육자대회 전 세계 실시간 생중계,https://ksif.or.kr/cop/bbs/selectBoardArticle.do?nttId=92600065&bbsId=BBSMSTR_000000000001&pageIndex=1,2013,무,미부착,,검토 불가,검토 불가,,O,,,,,,※ 내용없음,
1118,세종학당재단,HOME > 알림마당 > 공지사항,공지사항,세종학당재단 2013년 신규 세종학당 지정 심사 결과 공고,https://ksif.or.kr/cop/bbs/selectBoardArticle.do?nttId=92600064&bbsId=BBSMSTR_000000000001&pageIndex=1,2013,무,미부착,,개방 가능,공공누리 1유형,,,O,,,,,고시·공고,
1119,세종학당재단,HOME > 알림마당 > 공지사항,공지사항,2013년 세종학당재단 소식지 제작 용역 입찰 공고,https://ksif.or.kr/cop/bbs/selectBoardArticle.do?nttId=92600063&bbsId=BBSMSTR_000000000001&pageIndex=1,2013,무,미부착,,개방 가능,공공누리 1유형,,,O,,,,,고시·공고,
1120,세종학당재단,HOME > 알림마당 > 공지사항,공지사항,2013년 전화한국어 운영사업 무료교육생 추가 모집 공고,https://ksif.or.kr/cop/bbs/selectBoardArticle.do?nttId=92600062&bbsId=BBSMSTR_000000000001&pageIndex=1,2013,무,미부착,,개방 가능,공공누리 1유형,,,O,,,,,고시·공고,
1121,세종학당재단,HOME > 알림마당 > 공지사항,공지사항,2013년 국외 파견 한국어 교원 추가 모집 공고,https://ksif.or.kr/cop/bbs/selectBoardArticle.do?nttId=92600061&bbsId=BBSMSTR_000000000001&pageIndex=1,2013,무,미부착,,개방 가능,공공누리 1유형,,,O,,,,,고시·공고,
1122,세종학당재단,HOME > 알림마당 > 공지사항,공지사항,2013년 세종학당재단 소식지 제작 용역 입찰 공고,https://ksif.or.kr/cop/bbs/selectBoardArticle.do?nttId=92600060&bbsId=BBSMSTR_000000000001&pageIndex=1,2013,무,미부착,,개방 가능,공공누리 1유형,,,O,,,,,고시·공고,
1123,세종학당재단,HOME > 알림마당 > 공지사항,공지사항,세종학당재단 2013년 국외 파견 한국어 교원 면접 전형 합격자 공고,https://ksif.or.kr/cop/bbs/selectBoardArticle.do?nttId=92600059&bbsId=BBSMSTR_000000000001&pageIndex=1,2013,무,미부착,,개방 가능,공공누리 1유형,,,O,,,,,고시·공고,
1124,세종학당재단,HOME > 알림마당 > 공지사항,공지사항,2013년 전화한국어 운영사업 무료교육생 모집 공고 ,https://ksif.or.kr/cop/bbs/selectBoardArticle.do?nttId=92600058&bbsId=BBSMSTR_000000000001&pageIndex=1,2013,무,미부착,,개방 가능,공공누리 1유형,,,O,,,,,고시·공고,
1125,세종학당재단,HOME > 알림마당 > 공지사항,공지사항,2013년 국외 파견 한국어 교원 선발 서류 전형 합격자 명단 및 면접시험 안내 ,https://ksif.or.kr/cop/bbs/selectBoardArticle.do?nttId=92600057&bbsId=BBSMSTR_000000000001&pageIndex=1,2013,무,미부착,,개방 가능,공공누리 1유형,,,O,,,,,고시·공고,
1126,세종학당재단,HOME > 알림마당 > 공지사항,공지사항,누리-세종학당 제3기 한국문화통신원 선발결과 안내,https://ksif.or.kr/cop/bbs/selectBoardArticle.do?nttId=92600056&bbsId=BBSMSTR_000000000001&pageIndex=1,2013,무,미부착,,개방 가능,공공누리 1유형,,,O,,,,,고시·공고,
1127,세종학당재단,HOME > 알림마당 > 공지사항,공지사항,<세종한국어> 출판/판매 안내,https://ksif.or.kr/cop/bbs/selectBoardArticle.do?nttId=92600055&bbsId=BBSMSTR_000000000001&pageIndex=1,2013,무,미부착,,개방 가능,공공누리 1유형,,,O,,,,,업무상 저작물,
1128,세종학당재단,HOME > 알림마당 > 공지사항,공지사항,2013년 국외 파견 한국어 교원 모집 공고,https://ksif.or.kr/cop/bbs/selectBoardArticle.do?nttId=92600054&bbsId=BBSMSTR_000000000001&pageIndex=1,2013,무,미부착,,개방 가능,공공누리 1유형,,,O,,,,,고시·공고,
1129,세종학당재단,HOME > 알림마당 > 공지사항,공지사항,누리-세종학당 제3기 한국문화 통신원 모집 ,https://ksif.or.kr/cop/bbs/selectBoardArticle.do?nttId=92600053&bbsId=BBSMSTR_000000000001&pageIndex=1,2013,무,미부착,,개방 가능,공공누리 1유형,,,O,,,,,업무상 저작물,
1130,세종학당재단,HOME > 알림마당 > 공지사항,공지사항,한국어·한국문화 명사특강-최준식 교수와 함께 찾아가는 한류의 뿌리 ,https://ksif.or.kr/cop/bbs/selectBoardArticle.do?nttId=92600052&bbsId=BBSMSTR_000000000001&pageIndex=1,2013,무,미부착,,검토 불가,검토 불가,,O,,,,,,※ 내용없음,
1131,세종학당재단,HOME > 알림마당 > 공지사항,공지사항,세종학당재단 출범 기념 국제 포럼,https://ksif.or.kr/cop/bbs/selectBoardArticle.do?nttId=92600051&bbsId=BBSMSTR_000000000001&pageIndex=1,2013,무,미부착,,검토 불가,검토 불가,,O,,,,,,※ 내용없음,
1132,세종학당재단,HOME > 알림마당 > 공지사항,공지사항,『2013년 제5회 세계한국어교육자대회』 행사대행업체 재공모,https://ksif.or.kr/cop/bbs/selectBoardArticle.do?nttId=92600050&bbsId=BBSMSTR_000000000001&pageIndex=1,2013,무,미부착,,개방 가능,공공누리 1유형,,,O,,,,,고시·공고,
1133,세종학당재단,HOME > 알림마당 > 공지사항,공지사항,『2013년 제5회 세계한국어교육자대회』 행사대행업체 재공모,https://ksif.or.kr/cop/bbs/selectBoardArticle.do?nttId=92600049&bbsId=BBSMSTR_000000000001&pageIndex=1,2013,무,미부착,,개방 가능,공공누리 1유형,,,O,,,,,고시·공고,
1134,세종학당재단,HOME > 알림마당 > 공지사항,공지사항,『2013년 우수 학습자 초청 한국 문화 연수의 참가자 추천 기간 연장 안내,https://ksif.or.kr/cop/bbs/selectBoardArticle.do?nttId=92600048&bbsId=BBSMSTR_000000000001&pageIndex=1,2013,무,미부착,,개방 가능,공공누리 1유형,,,O,,,,,고시·공고,
1135,세종학당재단,HOME > 알림마당 > 공지사항,공지사항,『2013년 제5회 세계한국어교육자대회』 행사대행업체 재공모,https://ksif.or.kr/cop/bbs/selectBoardArticle.do?nttId=92600047&bbsId=BBSMSTR_000000000001&pageIndex=1,2013,무,미부착,,개방 가능,공공누리 1유형,,,O,,,,,고시·공고,
1136,세종학당재단,HOME > 알림마당 > 공지사항,공지사항,『2013년 우수 학습자 초청 한국 문화 연수』 위탁 기관 재공모,https://ksif.or.kr/cop/bbs/selectBoardArticle.do?nttId=92600046&bbsId=BBSMSTR_000000000001&pageIndex=1,2013,무,미부착,,개방 가능,공공누리 1유형,,,O,,,,,고시·공고,
1137,세종학당재단,HOME > 알림마당 > 공지사항,공지사항,세종학당재단 정규 및 기간제 직원 채용 최종 합격자 공고,https://ksif.or.kr/cop/bbs/selectBoardArticle.do?nttId=92600045&bbsId=BBSMSTR_000000000001&pageIndex=1,2013,무,미부착,,개방 가능,공공누리 1유형,,,O,,,,,고시·공고,
1138,세종학당재단,HOME > 알림마당 > 공지사항,공지사항,세종학당재단 기간제 근로자(청년 인턴) 채용 서류전형 합격자 명단 및 면접시험 안내 ,https://ksif.or.kr/cop/bbs/selectBoardArticle.do?nttId=92600044&bbsId=BBSMSTR_000000000001&pageIndex=1,2013,무,미부착,,개방 가능,공공누리 1유형,,,O,,,,,고시·공고,
1139,세종학당재단,HOME > 알림마당 > 공지사항,공지사항,세종학당재단 정규직원 채용 서류전형 합격자 명단 및 면접시험 안내,https://ksif.or.kr/cop/bbs/selectBoardArticle.do?nttId=92600043&bbsId=BBSMSTR_000000000001&pageIndex=1,2013,무,미부착,,개방 가능,공공누리 1유형,,,O,,,,,고시·공고,
1140,세종학당재단,HOME > 알림마당 > 공지사항,공지사항,『2013년 제5회 세계한국어교육자대회』 행사대행업체 공모,https://ksif.or.kr/cop/bbs/selectBoardArticle.do?nttId=92600042&bbsId=BBSMSTR_000000000001&pageIndex=1,2013,무,미부착,,개방 가능,공공누리 1유형,,,O,,,,,고시·공고,
1141,세종학당재단,HOME > 알림마당 > 공지사항,공지사항,『2013년 제5회 세계한국어교육자대회』 참가 신청 안내,https://ksif.or.kr/cop/bbs/selectBoardArticle.do?nttId=92600041&bbsId=BBSMSTR_000000000001&pageIndex=1,2013,무,미부착,,개방 가능,공공누리 1유형,,,O,,,,,고시·공고,
1142,세종학당재단,HOME > 알림마당 > 공지사항,공지사항,『2013년 우수 학습자 초청 한국 문화 연수』 위탁 기관 공모,https://ksif.or.kr/cop/bbs/selectBoardArticle.do?nttId=92600040&bbsId=BBSMSTR_000000000001&pageIndex=1,2013,무,미부착,,개방 가능,공공누리 1유형,,,O,,,,,고시·공고,
1143,세종학당재단,HOME > 알림마당 > 공지사항,공지사항,『2013년 우수 학습자 초청 한국 문화 연수』 참가신청 안내,https://ksif.or.kr/cop/bbs/selectBoardArticle.do?nttId=92600039&bbsId=BBSMSTR_000000000001&pageIndex=1,2013,무,미부착,,개방 가능,공공누리 1유형,,,O,,,,,고시·공고,
1144,세종학당재단,HOME > 알림마당 > 공지사항,공지사항,『2013년 우수 학습자 초청 한국 문화 연수』 위탁 기관 공모,https://ksif.or.kr/cop/bbs/selectBoardArticle.do?nttId=92600038&bbsId=BBSMSTR_000000000001&pageIndex=1,2013,무,미부착,,개방 가능,공공누리 1유형,,,O,,,,,고시·공고,
1145,세종학당재단,HOME > 알림마당 > 공지사항,공지사항,세종학당재단 정규직 및 기간제 근로자 채용 응시자 접수번호 공지,https://ksif.or.kr/cop/bbs/selectBoardArticle.do?nttId=92600037&bbsId=BBSMSTR_000000000001&pageIndex=1,2013,무,미부착,,개방 가능,공공누리 1유형,,,O,,,,,고시·공고,
1146,세종학당재단,HOME > 알림마당 > 공지사항,공지사항,시스템 점검 안내,https://ksif.or.kr/cop/bbs/selectBoardArticle.do?nttId=92600036&bbsId=BBSMSTR_000000000001&pageIndex=1,2013,무,미부착,,개방 가능,공공누리 1유형,,,O,,,,,업무상 저작물,
1147,세종학당재단,HOME > 알림마당 > 공지사항,공지사항,한국어ㆍ한국문화 명사 특강 K-TV 방영 공지(이어령 세종학당 명예학당장 편),https://ksif.or.kr/cop/bbs/selectBoardArticle.do?nttId=92600035&bbsId=BBSMSTR_000000000001&pageIndex=1,2013,무,미부착,,개방 가능,공공누리 1유형,,,O,,,,,업무상 저작물,
1148,세종학당재단,HOME > 알림마당 > 공지사항,공지사항,시스템 점검 안내,https://ksif.or.kr/cop/bbs/selectBoardArticle.do?nttId=92600032&bbsId=BBSMSTR_000000000001&pageIndex=1,2013,무,미부착,,개방 가능,공공누리 1유형,,,O,,,,,업무상 저작물,
1149,세종학당재단,HOME > 알림마당 > 공지사항,공지사항,한국어ㆍ한국문화 명사 특강 KTV 방영 공지(최광식 문화체육관광부 장관 편),https://ksif.or.kr/cop/bbs/selectBoardArticle.do?nttId=92600031&bbsId=BBSMSTR_000000000001&pageIndex=1,2013,무,미부착,,개방 가능,공공누리 1유형,,,O,,,,,업무상 저작물,
1150,세종학당재단,HOME > 알림마당 > 공지사항,공지사항,설 연휴 사이트 운영 안내,https://ksif.or.kr/cop/bbs/selectBoardArticle.do?nttId=92600030&bbsId=BBSMSTR_000000000001&pageIndex=1,2013,무,미부착,,개방 가능,공공누리 1유형,,,O,,,,,업무상 저작물,
1151,세종학당재단,HOME > 알림마당 > 공지사항,공지사항,명사특강-최광식 장관에게 듣는 한국 문화 이야기,https://ksif.or.kr/cop/bbs/selectBoardArticle.do?nttId=92600029&bbsId=BBSMSTR_000000000001&pageIndex=1,2013,무,미부착,,검토 불가,검토 불가,,O,,,,,,※ 게시물 확인 불가,
1152,세종학당재단,HOME > 알림마당 > 공지사항,공지사항,시스템 점검 안내,https://ksif.or.kr/cop/bbs/selectBoardArticle.do?nttId=92600028&bbsId=BBSMSTR_000000000001&pageIndex=1,2013,무,미부착,,개방 가능,공공누리 1유형,,,O,,,,,업무상 저작물,
1153,세종학당재단,HOME > 알림마당 > 공지사항,공지사항,"【보도자료】이어령 명예학당장, 전 세계 한국어 교사와 실시간 화상 특강으로 만난다 ",https://ksif.or.kr/cop/bbs/selectBoardArticle.do?nttId=92600027&bbsId=BBSMSTR_000000000001&pageIndex=1,2013,유,미부착,,개방 가능,공공누리 1유형,,,O,,,,,보도자료,
1154,세종학당재단,HOME > 알림마당 > 공지사항,공지사항,한국어·한국문화 명사 특강,https://ksif.or.kr/cop/bbs/selectBoardArticle.do?nttId=92600026&bbsId=BBSMSTR_000000000001&pageIndex=1,2013,무,미부착,,검토 불가,검토 불가,,O,,,,,,※ 게시물 확인 불가,
1155,세종학당재단,HOME > 알림마당 > 공지사항,공지사항,【보도자료】2013년도 공공기관 지정안 확정,https://ksif.or.kr/cop/bbs/selectBoardArticle.do?nttId=92600025&bbsId=BBSMSTR_000000000001&pageIndex=1,2013,무,미부착,,개방 가능,공공누리 1유형,,,O,,,,,보도자료,
1156,세종학당재단,HOME > 알림마당 > 공지사항,공지사항,누리-세종학당 이용자 만족도 조사 당첨자 발표,https://ksif.or.kr/cop/bbs/selectBoardArticle.do?nttId=92600024&bbsId=BBSMSTR_000000000001&pageIndex=1,2013,무,미부착,,개방 가능,공공누리 1유형,,,O,,,,,업무상 저작물,
1157,세종학당재단,HOME > 알림마당 > 공지사항,공지사항,이어령 세종학당 명예학당장 한국어 한국문화 명사 특강(한국말 속에 담긴 창조의 힘) 안내,https://ksif.or.kr/cop/bbs/selectBoardArticle.do?nttId=92600023&bbsId=BBSMSTR_000000000001&pageIndex=1,2013,유,미부착,,검토 불가,검토 불가,,O,,,,,,※ 게시물 확인 불가,
1158,세종학당재단,HOME > 알림마당 > 공지사항,공지사항,누리-세종학당 이용자 만족도 조사 당첨자 발표 연기 ,https://ksif.or.kr/cop/bbs/selectBoardArticle.do?nttId=92600022&bbsId=BBSMSTR_000000000001&pageIndex=1,2013,무,미부착,,개방 가능,공공누리 1유형,,,O,,,,,업무상 저작물,
1159,세종학당재단,HOME > 알림마당 > 공지사항,공지사항,【보도자료】'국제문화소통포럼 2013' 1월 18일 코엑스에서 열려 ,https://ksif.or.kr/cop/bbs/selectBoardArticle.do?nttId=92600021&bbsId=BBSMSTR_000000000001&pageIndex=1,2013,무,미부착,,개방 가능,공공누리 1유형,,,O,,,,,보도자료,
1160,세종학당재단,HOME > 알림마당 > 공지사항,공지사항,"【보도자료】세종학당재단, 외국어로 한국어교육 방송한다",https://ksif.or.kr/cop/bbs/selectBoardArticle.do?nttId=92600020&bbsId=BBSMSTR_000000000001&pageIndex=1,2013,무,미부착,,개방 가능,공공누리 1유형,,,O,,,,,보도자료,
1161,세종학당재단,HOME > 알림마당 > 공지사항,공지사항,누리-세종학당 이용자 만족도 조사,https://ksif.or.kr/cop/bbs/selectBoardArticle.do?nttId=92600019&bbsId=BBSMSTR_000000000001&pageIndex=1,2013,무,미부착,,검토 불가,검토 불가,,O,,,,,,※ 게시물 확인 불가,
1162,세종학당재단,HOME > 알림마당 > 공지사항,공지사항,세종학당재단 비정규 직원 채용 최종 합격자 공고,https://ksif.or.kr/cop/bbs/selectBoardArticle.do?nttId=92600018&bbsId=BBSMSTR_000000000001&pageIndex=1,2013,무,미부착,,개방 가능,공공누리 1유형,,,O,,,,,고시·공고,
1163,세종학당재단,HOME > 알림마당 > 공지사항,공지사항,2013년 신규 세종학당 지정 신청 안내,https://ksif.or.kr/cop/bbs/selectBoardArticle.do?nttId=92600017&bbsId=BBSMSTR_000000000001&pageIndex=1,2013,무,미부착,,개방 가능,공공누리 1유형,,,O,,,,,고시·공고,
1164,세종학당재단,HOME > 알림마당 > 공지사항,공지사항,"【보도자료】다시 태어난 한글날 공휴일, 세종이 환히 웃다",https://ksif.or.kr/cop/bbs/selectBoardArticle.do?nttId=92600014&bbsId=BBSMSTR_000000000001&pageIndex=1,2012,무,미부착,,개방 가능,공공누리 1유형,,,O,,,,,보도자료,
1165,세종학당재단,HOME > 알림마당 > 공지사항,공지사항,세종학당재단 정규직원 채용 서류전형 합격자 명단 및 면접시험 안내,https://ksif.or.kr/cop/bbs/selectBoardArticle.do?nttId=92600013&bbsId=BBSMSTR_000000000001&pageIndex=1,2012,무,미부착,,개방 가능,공공누리 1유형,,,O,,,,,고시·공고,
1166,세종학당재단,HOME > 알림마당 > 공지사항,공지사항,2013년 3월학기제 신규 세종학당 지정심사 연기 공고,https://ksif.or.kr/cop/bbs/selectBoardArticle.do?nttId=92600012&bbsId=BBSMSTR_000000000001&pageIndex=1,2012,무,미부착,,개방 가능,공공누리 1유형,,,O,,,,,고시·공고,
1167,세종학당재단,HOME > 알림마당 > 공지사항,공지사항,"【보도자료】세종학당재단, 한국문화정보센터·천재교육과 업무협약체결",https://ksif.or.kr/cop/bbs/selectBoardArticle.do?nttId=92600011&bbsId=BBSMSTR_000000000001&pageIndex=1,2012,무,미부착,,개방 가능,공공누리 1유형,,,O,,,,,보도자료,
1168,세종학당재단,HOME > 알림마당 > 공지사항,공지사항,한국어·한국문화 교육 누리집 『누리-세종학당』 소개 ,https://ksif.or.kr/cop/bbs/selectBoardArticle.do?nttId=92600010&bbsId=BBSMSTR_000000000001&pageIndex=1,2012,무,미부착,,개방 가능,공공누리 1유형,,,O,,,,,업무상 저작물,
1169,세종학당재단,HOME > 알림마당 > 공지사항,공지사항,세종학당재단 출범 이벤트 당첨자 발표,https://ksif.or.kr/cop/bbs/selectBoardArticle.do?nttId=92600008&bbsId=BBSMSTR_000000000001&pageIndex=1,2012,유,미부착,,개방 가능,공공누리 1유형,,,O,,,,,업무상 저작물,
1170,세종학당재단,HOME > 알림마당 > 공지사항,공지사항,2013년 3월학기제 신규 세종학당 지정심사 관련 공고,https://ksif.or.kr/cop/bbs/selectBoardArticle.do?nttId=92600007&bbsId=BBSMSTR_000000000001&pageIndex=1,2012,무,미부착,,개방 가능,공공누리 1유형,,,O,,,,,고시·공고,
1171,세종학당재단,HOME > 알림마당 > 공지사항,공지사항,【보도자료】세종학당에서 배우는 한국문화교육 시범 운영,https://ksif.or.kr/cop/bbs/selectBoardArticle.do?nttId=92600006&bbsId=BBSMSTR_000000000001&pageIndex=1,2012,유,미부착,,개방 가능,공공누리 1유형,,,O,,,,,보도자료,
1172,세종학당재단,HOME > 알림마당 > 공지사항,공지사항,한국어·한국문화 교육 누리집 『누리-세종학당』 소개,https://ksif.or.kr/cop/bbs/selectBoardArticle.do?nttId=92600005&bbsId=BBSMSTR_000000000001&pageIndex=1,2012,유,미부착,,개방 가능,공공누리 1유형,,,O,,,,,업무상 저작물,
1173,세종학당재단,HOME > 알림마당 > 공지사항,공지사항,세종학당재단 출범 이벤트 ,https://ksif.or.kr/cop/bbs/selectBoardArticle.do?nttId=92600004&bbsId=BBSMSTR_000000000001&pageIndex=1,2012,유,미부착,,개방 가능,공공누리 1유형,,,O,,,,,업무상 저작물,
1174,세종학당재단,HOME > 알림마당 > 공지사항,공지사항,【보도자료】세종대왕의 정신을 잇는 자랑스러운 그들,https://ksif.or.kr/cop/bbs/selectBoardArticle.do?nttId=92600003&bbsId=BBSMSTR_000000000001&pageIndex=1,2012,유,미부착,,개방 가능,공공누리 1유형,,,O,,,,,보도자료,
1175,세종학당재단,HOME > 정보공개 > 기부금품,기부금품,2023년 연간 기부 모금액 및 활용실적 명세서,https://ksif.or.kr/cop/bbs/selectBoardArticle.do?nttId=9220000006165&bbsId=BBSMSTR_000000000041&pageIndex=1,2024,유,미부착,,개방 가능,공공누리 1유형,,,O,,,,,단순 정보,
1176,세종학당재단,HOME > 정보공개 > 기부금품,기부금품,2022년 연간 기부 모금액 및 활용실적 명세서,https://ksif.or.kr/cop/bbs/selectBoardArticle.do?nttId=9220000005716&bbsId=BBSMSTR_000000000041&pageIndex=1,2023,유,미부착,,개방 가능,공공누리 1유형,,,O,,,,,단순 정보,
1177,세종학당재단,HOME > 정보공개 > 기부금품,기부금품,2021년 연간 기부 모금액 및 활용실적 명세서,https://ksif.or.kr/cop/bbs/selectBoardArticle.do?nttId=9220000003932&bbsId=BBSMSTR_000000000041&pageIndex=1,2022,유,미부착,,개방 가능,공공누리 1유형,,,O,,,,,단순 정보,
1178,세종학당재단,HOME > 정보공개 > 기부금품,기부금품,2020년 연간 기부 모금액 및 활용실적 명세서,https://ksif.or.kr/cop/bbs/selectBoardArticle.do?nttId=9220000003209&bbsId=BBSMSTR_000000000041&pageIndex=1,2021,유,미부착,,개방 가능,공공누리 1유형,,,O,,,,,단순 정보,
1179,세종학당재단,HOME > 정보공개 > 기부금품,기부금품,2019년 연간 기부 모금액 및 활용실적 명세서,https://ksif.or.kr/cop/bbs/selectBoardArticle.do?nttId=9220000003208&bbsId=BBSMSTR_000000000041&pageIndex=1,2021,유,미부착,,개방 가능,공공누리 1유형,,,O,,,,,단순 정보,
1180,세종학당재단,HOME > 정보공개 > 기부금품,기부금품,2018년 연간 기부 모금액 및 활용실적 명세서,https://ksif.or.kr/cop/bbs/selectBoardArticle.do?nttId=9220000003207&bbsId=BBSMSTR_000000000041&pageIndex=1,2021,유,미부착,,개방 가능,공공누리 1유형,,,O,,,,,단순 정보,
1181,세종학당재단,HOME > 정보공개 > 기부금품,기부금품,2017년 연간 기부 모금액 및 활용실적 명세서,https://ksif.or.kr/cop/bbs/selectBoardArticle.do?nttId=9220000003206&bbsId=BBSMSTR_000000000041&pageIndex=1,2021,유,미부착,,개방 가능,공공누리 1유형,,,O,,,,,단순 정보,
1182,세종학당재단,HOME > 정보공개 > 기부금품,기부금품,2016년 연간 기부 모금액 및 활용실적 명세서,https://ksif.or.kr/cop/bbs/selectBoardArticle.do?nttId=9220000003205&bbsId=BBSMSTR_000000000041&pageIndex=1,2021,유,미부착,,개방 가능,공공누리 1유형,,,O,,,,,단순 정보,
1183,세종학당재단,HOME > 정보공개 > 기부금품,기부금품,2015년 연간 기부 모금액 및 활용실적 명세서,https://ksif.or.kr/cop/bbs/selectBoardArticle.do?nttId=9220000003204&bbsId=BBSMSTR_000000000041&pageIndex=1,2021,유,미부착,,개방 가능,공공누리 1유형,,,O,,,,,단순 정보,
1184,세종학당재단,HOME > 정보공개 > 기부금품,기부금품,2014년 연간 기부 모금액 및 활용실적 명세서,https://ksif.or.kr/cop/bbs/selectBoardArticle.do?nttId=9220000003203&bbsId=BBSMSTR_000000000041&pageIndex=1,2021,유,미부착,,개방 가능,공공누리 1유형,,,O,,,,,단순 정보,
1185,세종학당재단,HOME > 홍보마당 > 월간 똑똑 > 기사전문,기사전문,한국 문화  이야기 과정 안내,https://ksif.or.kr/cop/bbs/selectBoardArticle.do?nttId=9220000002400&bbsId=BBSMSTR_000000000071&pageIndex=1,2021,무,미부착,,내부확인 필요,공공누리 2~4유형,,,,,O,,,외부이미지 포함,
1186,세종학당재단,HOME > 홍보마당 > 월간 똑똑 > 기사전문,기사전문,인공지능 서비스 소개,https://ksif.or.kr/cop/bbs/selectBoardArticle.do?nttId=9220000002322&bbsId=BBSMSTR_000000000071&pageIndex=1,2021,무,미부착,,내부확인 필요,공공누리 2~4유형,,,,,O,,,외부이미지 포함,
1187,세종학당재단,HOME > 홍보마당 > 월간 똑똑 > 기사전문,기사전문,한국 문화 이야기 과정 안내,https://ksif.or.kr/cop/bbs/selectBoardArticle.do?nttId=9220000002319&bbsId=BBSMSTR_000000000071&pageIndex=1,2021,무,미부착,,내부확인 필요,공공누리 2~4유형,,,,,O,,,외부이미지 포함,
1188,세종학당재단,HOME > 홍보마당 > 월간 똑똑 > 기사전문,기사전문,한국 문화 이야기 과정 안내,https://ksif.or.kr/cop/bbs/selectBoardArticle.do?nttId=9220000002273&bbsId=BBSMSTR_000000000071&pageIndex=1,2021,무,미부착,,내부확인 필요,공공누리 2~4유형,,,,,O,,,외부이미지 포함,
1189,세종학당재단,HOME > 홍보마당 > 월간 똑똑 > 기사전문,기사전문,한국 문화 이야기 과정 안내,https://ksif.or.kr/cop/bbs/selectBoardArticle.do?nttId=9220000002238&bbsId=BBSMSTR_000000000071&pageIndex=1,2021,무,미부착,,내부확인 필요,공공누리 2~4유형,,,,,O,,,외부이미지 포함,
1190,세종학당재단,HOME > 홍보마당 > 월간 똑똑 > 기사전문,기사전문,한국 문화 이야기 과정 안내,https://ksif.or.kr/cop/bbs/selectBoardArticle.do?nttId=9220000002164&bbsId=BBSMSTR_000000000071&pageIndex=1,2020,무,미부착,,내부확인 필요,공공누리 2~4유형,,,,,O,,,외부이미지 포함,
1191,세종학당재단,HOME > 홍보마당 > 월간 똑똑 > 기사전문,기사전문,한국 문화 이야기 과정 안내,https://ksif.or.kr/cop/bbs/selectBoardArticle.do?nttId=9220000002114&bbsId=BBSMSTR_000000000071&pageIndex=1,2020,무,미부착,,내부확인 필요,공공누리 2~4유형,,,,,O,,,외부이미지 포함,
1192,세종학당재단,HOME > 홍보마당 > 월간 똑똑 > 기사전문,기사전문,K-Stay 참가자 온라인 모집 안내,https://ksif.or.kr/cop/bbs/selectBoardArticle.do?nttId=9220000002060&bbsId=BBSMSTR_000000000071&pageIndex=1,2020,무,미부착,,내부확인 필요,공공누리 2~4유형,,,,,O,,,외부이미지 포함,
1193,세종학당재단,HOME > 홍보마당 > 월간 똑똑 > 기사전문,기사전문,한국 문화 이야기 과정 안내,https://ksif.or.kr/cop/bbs/selectBoardArticle.do?nttId=9220000002059&bbsId=BBSMSTR_000000000071&pageIndex=1,2020,무,미부착,,내부확인 필요,공공누리 2~4유형,,,,,O,,,외부이미지 포함,
1194,세종학당재단,HOME > 홍보마당 > 월간 똑똑 > 기사전문,기사전문,한국문화이야기 과정안내,https://ksif.or.kr/cop/bbs/selectBoardArticle.do?nttId=9220000002007&bbsId=BBSMSTR_000000000071&pageIndex=1,2020,무,미부착,,내부확인 필요,공공누리 2~4유형,,,,,O,,,외부이미지 포함,
1195,세종학당재단,HOME > 홍보마당 > 월간 똑똑 > 기사전문,기사전문,대한민국 입국자를 위한 코로나19 예방주의 안내,https://ksif.or.kr/cop/bbs/selectBoardArticle.do?nttId=9220000001668&bbsId=BBSMSTR_000000000071&pageIndex=1,2020,무,미부착,,내부확인 필요,공공누리 2~4유형,,,,,O,,,외부이미지 포함,
1196,세종학당재단,HOME > 홍보마당 > 월간 똑똑 > 기사전문,기사전문,(2017년 12월) 2018년 신규 세종학당 지정 심사 접수 안내,https://ksif.or.kr/cop/bbs/selectBoardArticle.do?nttId=9220000000205&bbsId=BBSMSTR_000000000071&pageIndex=1,2017,무,미부착,,내부확인 필요,공공누리 2~4유형,,,,,O,O,,"외부이미지, 초상권",
1197,세종학당재단,HOME > 알림마당 > 자료실 > 기타 자료,기타 자료,협업형·예비 세종학당 안내서,https://ksif.or.kr/cop/bbs/selectBoardArticle.do?nttId=9220000002458&bbsId=BBSMSTR_000000000016&pageIndex=1&menuNo=30101550,2021,유,미부착,,내부확인 필요,공공누리 2~4유형,,,,,O,,,외부이미지 포함(리플릿),
1198,세종학당재단,HOME > 알림마당 > 자료실 > 기타 자료,기타 자료,2021년 신규 세종학당 지정 신청 안내,https://ksif.or.kr/cop/bbs/selectBoardArticle.do?nttId=9220000002457&bbsId=BBSMSTR_000000000016&pageIndex=1&menuNo=30101550,2021,유,미부착,,내부확인 필요,공공누리 2~4유형,,,,,O,,,외부이미지 포함(리플릿),
1199,세종학당재단,HOME > 알림마당 > 자료실 > 기타 자료,기타 자료,2021년 신규 세종학당 지정 신청 안내서,https://ksif.or.kr/cop/bbs/selectBoardArticle.do?nttId=9220000002456&bbsId=BBSMSTR_000000000016&pageIndex=1&menuNo=30101550,2021,유,미부착,,내부확인 필요,공공누리 2~4유형,,,,,O,,,외부이미지 포함(리플릿),
1200,세종학당재단,HOME > 알림마당 > 자료실 > 기타 자료,기타 자료,신규 세종학당 지정 신청 안내 자료,https://ksif.or.kr/cop/bbs/selectBoardArticle.do?nttId=9220000001488&bbsId=BBSMSTR_000000000016&pageIndex=1&menuNo=30101550,2020,유,미부착,,내부확인 필요,공공누리 2~4유형,,,,,O,,,외부이미지 포함(리플릿),
1201,세종학당재단,HOME > 홍보마당 > 보도자료,보도자료,"세종학당재단, 제5회 세종한국어평가(SKA) 전 세계 13개국 22개소 세종학당에서 시행",https://ksif.or.kr/cop/bbs/selectBoardArticle.do?nttId=9220000006187&bbsId=BBSMSTR_000000000011&pageIndex=1,2024,유,미부착,,개방 가능,공공누리 1유형,,,O,,,,,보도자료,
1202,세종학당재단,HOME > 홍보마당 > 보도자료,보도자료,"세종학당재단, &#x27;세종대왕 나신 날&#x27; 맞아 2024 세종학당 한국어 말하기쓰기 대회 예선 실시",https://ksif.or.kr/cop/bbs/selectBoardArticle.do?nttId=9220000006172&bbsId=BBSMSTR_000000000011&pageIndex=1,2024,유,미부착,,내부확인 필요,공공누리 2~4유형,,,,,O,,,외부이미지 포함,
1203,세종학당재단,HOME > 홍보마당 > 보도자료,보도자료,"세종학당재단, 세종학당 통번역 과정 시범운영 실시",https://ksif.or.kr/cop/bbs/selectBoardArticle.do?nttId=9220000006166&bbsId=BBSMSTR_000000000011&pageIndex=1,2024,유,미부착,,개방 가능,공공누리 1유형,,,O,,,,,보도자료,
1204,세종학당재단,HOME > 홍보마당 > 보도자료,보도자료,"세종학당재단, 아모레퍼시픽공감재단과 업무협약 체결",https://ksif.or.kr/cop/bbs/selectBoardArticle.do?nttId=9220000006163&bbsId=BBSMSTR_000000000011&pageIndex=1,2024,유,미부착,,내부확인 필요,공공누리 2~4유형,,,,,,O,,초상권,
1205,세종학당재단,HOME > 홍보마당 > 보도자료,보도자료,"세종학당재단, 세종학당 한국어 심화 교육과정 공개",https://ksif.or.kr/cop/bbs/selectBoardArticle.do?nttId=9220000006105&bbsId=BBSMSTR_000000000011&pageIndex=1,2024,유,미부착,,내부확인 필요,공공누리 2~4유형,,,,,O,O,,"외부이미지, 초상권",
1206,세종학당재단,HOME > 홍보마당 > 보도자료,보도자료,"세종학당재단, 샤르자 거점 세종학당 개원식 성료",https://ksif.or.kr/cop/bbs/selectBoardArticle.do?nttId=9220000006091&bbsId=BBSMSTR_000000000011&pageIndex=1,2024,유,미부착,,내부확인 필요,공공누리 2~4유형,,,,,,O,,초상권,
1207,세종학당재단,HOME > 홍보마당 > 보도자료,보도자료,"세종학당재단, 단계적 적응형 세종한국어평가(iSKA) 미국 밴더빌트대학교서 도입",https://ksif.or.kr/cop/bbs/selectBoardArticle.do?nttId=9220000006077&bbsId=BBSMSTR_000000000011&pageIndex=1,2024,유,미부착,,내부확인 필요,공공누리 2~4유형,,,,,,O,,초상권,
1208,세종학당재단,HOME > 홍보마당 > 보도자료,보도자료,[문체부 배포] 세종학당재단 찾아 한국어 해외 보급사업 혁신 현황 점검,https://ksif.or.kr/cop/bbs/selectBoardArticle.do?nttId=9220000006063&bbsId=BBSMSTR_000000000011&pageIndex=1,2024,유,미부착,,개방 가능,공공누리 1유형,,,O,,,,,보도자료,
1209,세종학당재단,HOME > 홍보마당 > 보도자료,보도자료,"세종학당재단, 계절 근로자를 위한 한국어 교재 2종 공개",https://ksif.or.kr/cop/bbs/selectBoardArticle.do?nttId=9220000006008&bbsId=BBSMSTR_000000000011&pageIndex=1,2024,유,미부착,,개방 가능,공공누리 1유형,,,O,,,,,보도자료,
1210,세종학당재단,HOME > 홍보마당 > 보도자료,보도자료,"세종학당재단, 한국전통문화전당과 업무협약 체결",https://ksif.or.kr/cop/bbs/selectBoardArticle.do?nttId=9220000005960&bbsId=BBSMSTR_000000000011&pageIndex=1,2024,유,미부착,,내부확인 필요,공공누리 2~4유형,,,,,,O,,초상권,
1211,세종학당재단,HOME > 홍보마당 > 보도자료,보도자료,"세종학당재단, 아리랑TV 한국어교육 콘텐츠 국내외 방송사에서 추가 방영",https://ksif.or.kr/cop/bbs/selectBoardArticle.do?nttId=9220000005954&bbsId=BBSMSTR_000000000011&pageIndex=1,2024,유,미부착,,내부확인 필요,공공누리 2~4유형,,,,,O,O,,"외부이미지, 초상권",
1212,세종학당재단,HOME > 홍보마당 > 보도자료,보도자료,"[문체부 배포] 해외 한국어·한국문화 보급 일등 공신, ’23년 최우수 세종학당 5개소 선정",https://ksif.or.kr/cop/bbs/selectBoardArticle.do?nttId=9220000005883&bbsId=BBSMSTR_000000000011&pageIndex=1,2024,유,미부착,,내부확인 필요,공공누리 2~4유형,,,,,,O,,초상권,
1213,세종학당재단,HOME > 홍보마당 > 보도자료,보도자료,"세종학당재단, 2023 아세안 세종학당 워크숍 성료",https://ksif.or.kr/cop/bbs/selectBoardArticle.do?nttId=9220000005814&bbsId=BBSMSTR_000000000011&pageIndex=1,2023,유,미부착,,내부확인 필요,공공누리 2~4유형,,,,,O,O,,"외부이미지, 초상권",
1214,세종학당재단,HOME > 홍보마당 > 보도자료,보도자료,"세종학당재단, 2024년 신규 세종학당 운영 희망기관 공모",https://ksif.or.kr/cop/bbs/selectBoardArticle.do?nttId=9220000005811&bbsId=BBSMSTR_000000000011&pageIndex=1,2023,유,미부착,,개방 가능,공공누리 1유형,,,O,,,,,고시·공고,
1215,세종학당재단,HOME > 홍보마당 > 보도자료,보도자료,"세종학당재단, &#x27;2023 세종학당 학습자 사례집&#x27; 최초 발간",https://ksif.or.kr/cop/bbs/selectBoardArticle.do?nttId=9220000005792&bbsId=BBSMSTR_000000000011&pageIndex=1,2023,유,미부착,,내부확인 필요,공공누리 2~4유형,,,,,O,O,,"외부이미지, 초상권",
1216,세종학당재단,HOME > 홍보마당 > 보도자료,보도자료,"세종학당재단, 아리랑TV와 협력 통해 한국어 교육 프로그램 제작 및 전 세계 방영",https://ksif.or.kr/cop/bbs/selectBoardArticle.do?nttId=9220000005680&bbsId=BBSMSTR_000000000011&pageIndex=1,2023,유,미부착,,내부확인 필요,공공누리 2~4유형,,,,,O,O,,"외부이미지, 초상권",
1217,세종학당재단,HOME > 홍보마당 > 보도자료,보도자료,"세종학당재단 웹예능서 데이식스, 오마이걸과 세종학당 홍보대사 3인방 뭉쳤다!",https://ksif.or.kr/cop/bbs/selectBoardArticle.do?nttId=9220000005665&bbsId=BBSMSTR_000000000011&pageIndex=1,2023,유,미부착,,내부확인 필요,공공누리 2~4유형,,,,,,O,,초상권,
1218,세종학당재단,HOME > 홍보마당 > 보도자료,보도자료,"세종학당재단, 세종학당 인턴 교원 사업 네이밍 공모전 개최",https://ksif.or.kr/cop/bbs/selectBoardArticle.do?nttId=9220000005648&bbsId=BBSMSTR_000000000011&pageIndex=1,2023,유,미부착,,내부확인 필요,공공누리 2~4유형,,,,,O,,,외부이미지 포함,
1219,세종학당재단,HOME > 홍보마당 > 보도자료,보도자료,"세종학당재단, 프랑스 파리서 유럽 내 세종학당 역량 강화 워크숍 성료",https://ksif.or.kr/cop/bbs/selectBoardArticle.do?nttId=9220000005645&bbsId=BBSMSTR_000000000011&pageIndex=1,2023,유,미부착,,내부확인 필요,공공누리 2~4유형,,,,,O,O,,"외부이미지, 초상권",
1220,세종학당재단,HOME > 홍보마당 > 보도자료,보도자료,"세종학당재단, &#x27;2023 세종학당 한국어 말하기·쓰기 대회&#x27; 결선 개최",https://ksif.or.kr/cop/bbs/selectBoardArticle.do?nttId=9220000005637&bbsId=BBSMSTR_000000000011&pageIndex=1,2023,유,미부착,,내부확인 필요,공공누리 2~4유형,,,,,,O,,초상권,
1221,세종학당재단,HOME > 홍보마당 > 보도자료,보도자료,"67개국 세종학당 우수학습자 168명, ‘2023 세종학당 우수학습자 초청 연수’ 통해 한국 방문",https://ksif.or.kr/cop/bbs/selectBoardArticle.do?nttId=9220000005632&bbsId=BBSMSTR_000000000011&pageIndex=1,2023,유,미부착,,내부확인 필요,공공누리 2~4유형,,,,,O,O,,"외부이미지, 초상권",
1222,세종학당재단,HOME > 홍보마당 > 보도자료,보도자료,"세종학당재단, 미국 밴더빌트대학교와 세종한국어평가(SKA) 활용 위한 업무협약 체결",https://ksif.or.kr/cop/bbs/selectBoardArticle.do?nttId=9220000005594&bbsId=BBSMSTR_000000000011&pageIndex=1,2023,유,미부착,,개방 가능,공공누리 1유형,,,O,,,,,보도자료,
1223,세종학당재단,HOME > 홍보마당 > 보도자료,보도자료,"세종학당재단 봉사단 발족, 지역 상생 위한  환경․사회․투명(ESG) 활동 전개",https://ksif.or.kr/cop/bbs/selectBoardArticle.do?nttId=9220000005581&bbsId=BBSMSTR_000000000011&pageIndex=1,2023,유,미부착,,내부확인 필요,공공누리 2~4유형,,,,,,O,,초상권,
1224,세종학당재단,HOME > 홍보마당 > 보도자료,보도자료,"세종학당재단, 제3회 세종한국어평가(SKA) 9월 정규 시행",https://ksif.or.kr/cop/bbs/selectBoardArticle.do?nttId=9220000005580&bbsId=BBSMSTR_000000000011&pageIndex=1,2023,유,미부착,,개방 가능,공공누리 1유형,,,O,,,,,보도자료,
1225,세종학당재단,HOME > 홍보마당 > 보도자료,보도자료,[문체부 배포] 세계 미래세대를 잇는 한국어의 성장 드라마는 계속 된다,https://ksif.or.kr/cop/bbs/selectBoardArticle.do?nttId=9220000005579&bbsId=BBSMSTR_000000000011&pageIndex=1,2023,유,미부착,,내부확인 필요,공공누리 2~4유형,,,,,O,O,,"외부이미지, 초상권",
1226,세종학당재단,HOME > 홍보마당 > 보도자료,보도자료,베트남 교육방송(VTV7) 지상파 황금시간대 세종학당의 한국어 교육 프로그램 시즌2 만난다!,https://ksif.or.kr/cop/bbs/selectBoardArticle.do?nttId=9220000005578&bbsId=BBSMSTR_000000000011&pageIndex=1,2023,유,미부착,,내부확인 필요,공공누리 2~4유형,,,,,O,O,,"외부이미지, 초상권",
1227,세종학당재단,HOME > 홍보마당 > 보도자료,보도자료,"미국 거점 세종학당, 케이콘 LA 2023에서 K-컬처·메타버스 세종학당 등 알린다!",https://ksif.or.kr/cop/bbs/selectBoardArticle.do?nttId=9220000005577&bbsId=BBSMSTR_000000000011&pageIndex=1,2023,유,미부착,,개방 가능,공공누리 1유형,,,O,,,,,보도자료,
1228,세종학당재단,HOME > 홍보마당 > 보도자료,보도자료,"세종학당재단, 단계적 적응형 세종한국어평가(iSKA) 모의시행",https://ksif.or.kr/cop/bbs/selectBoardArticle.do?nttId=9220000005517&bbsId=BBSMSTR_000000000011&pageIndex=1,2023,유,미부착,,개방 가능,공공누리 1유형,,,O,,,,,보도자료,
1229,세종학당재단,HOME > 홍보마당 > 보도자료,보도자료,"세종학당재단, 2023 세계한국어교육자대회 개최",https://ksif.or.kr/cop/bbs/selectBoardArticle.do?nttId=9220000005516&bbsId=BBSMSTR_000000000011&pageIndex=1,2023,유,미부착,,내부확인 필요,공공누리 2~4유형,,,,,O,,,외부이미지 포함,
1230,세종학당재단,HOME > 홍보마당 > 보도자료,보도자료,[문체부 배포] 2023년 세종학당 16개국 19개소 신규 지정으로 한국어 학습 열풍 이어간다,https://ksif.or.kr/cop/bbs/selectBoardArticle.do?nttId=9220000005515&bbsId=BBSMSTR_000000000011&pageIndex=1,2023,유,미부착,,개방 가능,공공누리 1유형,,,O,,,,,보도자료,
1231,세종학당재단,HOME > 홍보마당 > 보도자료,보도자료,"세종학당재단, 아랍에미리트(UAE) 샤르자와 손잡고 중동에 한국어·한국문화 꽃피운다!",https://ksif.or.kr/cop/bbs/selectBoardArticle.do?nttId=9220000005367&bbsId=BBSMSTR_000000000011&pageIndex=1,2023,유,미부착,,내부확인 필요,공공누리 2~4유형,,,,,,O,,초상권,
1232,세종학당재단,HOME > 홍보마당 > 보도자료,보도자료,"세종학당재단, 서울과학종합대학원대학교와 세종한국어평가(SKA)의 효과적 활용 위한 업무협약 체결",https://ksif.or.kr/cop/bbs/selectBoardArticle.do?nttId=9220000005335&bbsId=BBSMSTR_000000000011&pageIndex=1,2023,유,미부착,,내부확인 필요,공공누리 2~4유형,,,,,,O,,초상권,
1233,세종학당재단,HOME > 홍보마당 > 보도자료,보도자료,2023 중동·아프리카 세종학당 워크숍 성공적으로 마쳐,https://ksif.or.kr/cop/bbs/selectBoardArticle.do?nttId=9220000005333&bbsId=BBSMSTR_000000000011&pageIndex=1,2023,유,미부착,,내부확인 필요,공공누리 2~4유형,,,,,,O,,초상권,
1234,세종학당재단,HOME > 홍보마당 > 보도자료,보도자료,"세종학당재단, 제2회 세종한국어평가(SKA) 시행",https://ksif.or.kr/cop/bbs/selectBoardArticle.do?nttId=9220000005331&bbsId=BBSMSTR_000000000011&pageIndex=1,2023,유,미부착,,개방 가능,공공누리 1유형,,,O,,,,,보도자료,
1235,세종학당재단,HOME > 홍보마당 > 보도자료,보도자료,[문체부 배포] K-컬처 정신이 담긴 한국어로 ‘제2의 중동 붐’ 뒷받침한다,https://ksif.or.kr/cop/bbs/selectBoardArticle.do?nttId=9220000005325&bbsId=BBSMSTR_000000000011&pageIndex=1,2023,유,미부착,,내부확인 필요,공공누리 2~4유형,,,,,O,,,외부이미지 포함(포스터),
1236,세종학당재단,HOME > 홍보마당 > 보도자료,보도자료,"세종학당재단, KOTRA와 한국어·한국문화 확산을 위한 업무협약 체결",https://ksif.or.kr/cop/bbs/selectBoardArticle.do?nttId=9220000005298&bbsId=BBSMSTR_000000000011&pageIndex=1,2023,유,미부착,,내부확인 필요,공공누리 2~4유형,,,,,,O,,초상권,
1237,세종학당재단,HOME > 홍보마당 > 보도자료,보도자료,전 세계 세종학당을 무대로 ‘글로벌 우리말겨루기’ 예선 개최,https://ksif.or.kr/cop/bbs/selectBoardArticle.do?nttId=9220000005281&bbsId=BBSMSTR_000000000011&pageIndex=1,2023,유,미부착,,내부확인 필요,공공누리 2~4유형,,,,,O,,,외부이미지 포함(포스터),
1238,세종학당재단,HOME > 홍보마당 > 보도자료,보도자료,[문체부 배포] ‘메타버스 세종학당’으로 언제 어디서나 한국어를 말하고 배워요,https://ksif.or.kr/cop/bbs/selectBoardArticle.do?nttId=9220000004858&bbsId=BBSMSTR_000000000011&pageIndex=1,2023,유,미부착,,개방 가능,공공누리 1유형,,,O,,,,,보도자료,
1239,세종학당재단,HOME > 홍보마당 > 보도자료,보도자료,"세종학당재단, 웹드라마 ‘거실에 아이돌이 산다’, 웨이브에서 본다!",https://ksif.or.kr/cop/bbs/selectBoardArticle.do?nttId=9220000004840&bbsId=BBSMSTR_000000000011&pageIndex=1,2023,유,미부착,,내부확인 필요,공공누리 2~4유형,,,,,O,,,외부이미지 포함,
1240,세종학당재단,HOME > 홍보마당 > 보도자료,보도자료,세종문화아카데미 덕분에 한국문화를 제대로 이해하고 즐기게 됐어요,https://ksif.or.kr/cop/bbs/selectBoardArticle.do?nttId=9220000004742&bbsId=BBSMSTR_000000000011&pageIndex=1,2022,유,미부착,,내부확인 필요,공공누리 2~4유형,,,,,,O,,초상권,
1241,세종학당재단,HOME > 홍보마당 > 보도자료,보도자료,"한국을 사랑하는 외국인 3인방, 세종학당재단 신규 홍보대사 위촉",https://ksif.or.kr/cop/bbs/selectBoardArticle.do?nttId=9220000004722&bbsId=BBSMSTR_000000000011&pageIndex=1,2022,유,미부착,,내부확인 필요,공공누리 2~4유형,,,,,,O,,초상권,
1242,세종학당재단,HOME > 홍보마당 > 보도자료,보도자료,"세종학당재단, 주한 외국 공관 대상 세종학당 지정사업 설명회 개최",https://ksif.or.kr/cop/bbs/selectBoardArticle.do?nttId=9220000004721&bbsId=BBSMSTR_000000000011&pageIndex=1,2022,유,미부착,,내부확인 필요,공공누리 2~4유형,,,,,,O,,초상권,
1243,세종학당재단,HOME > 홍보마당 > 보도자료,보도자료,"세종학당재단, 세종학당 우수 장학생 활동 성과 발표회 개최",https://ksif.or.kr/cop/bbs/selectBoardArticle.do?nttId=9220000004693&bbsId=BBSMSTR_000000000011&pageIndex=1,2022,유,미부착,,내부확인 필요,공공누리 2~4유형,,,,,O,,,외부이미지 포함(포스터),
1244,세종학당재단,HOME > 홍보마당 > 보도자료,보도자료,"세종학당재단, 용산 용문시장과 전통시장 활성화를 위한 자매결연 체결",https://ksif.or.kr/cop/bbs/selectBoardArticle.do?nttId=9220000004676&bbsId=BBSMSTR_000000000011&pageIndex=1,2022,유,미부착,,개방 가능,공공누리 1유형,,,O,,,,,보도자료,
1245,세종학당재단,HOME > 홍보마당 > 보도자료,보도자료,프랑스 거점 세종학당 개원 기념식에 축하와 응원 이어져,https://ksif.or.kr/cop/bbs/selectBoardArticle.do?nttId=9220000004675&bbsId=BBSMSTR_000000000011&pageIndex=1,2022,유,미부착,,내부확인 필요,공공누리 2~4유형,,,,,O,O,,"외부이미지, 초상권",
1246,세종학당재단,HOME > 홍보마당 > 보도자료,보도자료,메타버스 세종학당 캠퍼스 누비며 재미있게 한국어 공부해요!,https://ksif.or.kr/cop/bbs/selectBoardArticle.do?nttId=9220000004661&bbsId=BBSMSTR_000000000011&pageIndex=1,2022,유,미부착,,내부확인 필요,공공누리 2~4유형,,,,,O,,,외부이미지 포함,
1247,세종학당재단,HOME > 홍보마당 > 보도자료,보도자료,"세종학당재단, 양성평등교육진흥원과 맞손",https://ksif.or.kr/cop/bbs/selectBoardArticle.do?nttId=9220000004657&bbsId=BBSMSTR_000000000011&pageIndex=1,2022,유,미부착,,개방 가능,공공누리 1유형,,,O,,,,,보도자료,
1248,세종학당재단,HOME > 홍보마당 > 보도자료,보도자료,2022 유라시아 세종학당 워크숍 성공적으로 마쳐,https://ksif.or.kr/cop/bbs/selectBoardArticle.do?nttId=9220000004622&bbsId=BBSMSTR_000000000011&pageIndex=1,2022,유,미부착,,내부확인 필요,공공누리 2~4유형,,,,,,O,,초상권,
1249,세종학당재단,HOME > 홍보마당 > 보도자료,보도자료,따뜻한 손글씨 느낌의 ‘세종학당체’ 누구나 써보세요!,https://ksif.or.kr/cop/bbs/selectBoardArticle.do?nttId=9220000004582&bbsId=BBSMSTR_000000000011&pageIndex=1,2022,유,미부착,,개방 가능,공공누리 1유형,,,O,,,,,보도자료,
1250,세종학당재단,HOME > 홍보마당 > 보도자료,보도자료,"재단, 문화재청과 함께 세종학당 장학생 대상 제주 문화재 사전답사여행 실시",https://ksif.or.kr/cop/bbs/selectBoardArticle.do?nttId=9220000004572&bbsId=BBSMSTR_000000000011&pageIndex=1,2022,유,미부착,,개방 가능,공공누리 1유형,,,O,,,,,보도자료,
1251,세종학당재단,HOME > 홍보마당 > 보도자료,보도자료,"세종학당재단, 웹드라마 제작발표회 개최",https://ksif.or.kr/cop/bbs/selectBoardArticle.do?nttId=9220000004463&bbsId=BBSMSTR_000000000011&pageIndex=1,2022,무,미부착,,내부확인 필요,공공누리 2~4유형,,,,,O,O,,"외부이미지, 초상권",
1252,세종학당재단,HOME > 홍보마당 > 보도자료,보도자료,"세종학당재단, ‘2022 세종학당 한국어 말하기·쓰기 대회’ 결선 개최",https://ksif.or.kr/cop/bbs/selectBoardArticle.do?nttId=9220000004451&bbsId=BBSMSTR_000000000011&pageIndex=1,2022,유,미부착,,내부확인 필요,공공누리 2~4유형,,,,,O,O,,"외부이미지, 초상권",
1253,세종학당재단,HOME > 홍보마당 > 보도자료,보도자료,"세종학당재단, 한글날 맞이 집현전 한국어교실 개최",https://ksif.or.kr/cop/bbs/selectBoardArticle.do?nttId=9220000004439&bbsId=BBSMSTR_000000000011&pageIndex=1,2022,유,미부착,,내부확인 필요,공공누리 2~4유형,,,,,O,,,외부이미지 포함(포스터),
1254,세종학당재단,HOME > 홍보마당 > 보도자료,보도자료,"세종학당재단, 한글날 기념 틱톡 챌린지 진행",https://ksif.or.kr/cop/bbs/selectBoardArticle.do?nttId=9220000004438&bbsId=BBSMSTR_000000000011&pageIndex=1,2022,유,미부착,,내부확인 필요,공공누리 2~4유형,,,,,,O,,초상권,
1255,세종학당재단,HOME > 홍보마당 > 보도자료,보도자료,"전 세계 65개국의 미래의 한류 확산 주인공들, 한국 방문한다",https://ksif.or.kr/cop/bbs/selectBoardArticle.do?nttId=9220000004437&bbsId=BBSMSTR_000000000011&pageIndex=1,2022,유,미부착,,내부확인 필요,공공누리 2~4유형,,,,,O,,,외부이미지 포함(포스터),
1256,세종학당재단,HOME > 홍보마당 > 보도자료,보도자료,"세종학당재단, 연세대학교 업무협약 체결",https://ksif.or.kr/cop/bbs/selectBoardArticle.do?nttId=9220000004427&bbsId=BBSMSTR_000000000011&pageIndex=1,2022,유,미부착,,내부확인 필요,공공누리 2~4유형,,,,,,O,,초상권,
1257,세종학당재단,HOME > 홍보마당 > 보도자료,보도자료,2022년 세종학당 집현전 한국어교실 참가자 모집,https://ksif.or.kr/cop/bbs/selectBoardArticle.do?nttId=9220000004345&bbsId=BBSMSTR_000000000011&pageIndex=1,2022,유,미부착,,내부확인 필요,공공누리 2~4유형,,,,,O,,,외부이미지 포함(포스터),
1258,세종학당재단,HOME > 홍보마당 > 보도자료,보도자료,2022 세종학당 우수학습자 초청 연수 대학생 자원봉사자 모집,https://ksif.or.kr/cop/bbs/selectBoardArticle.do?nttId=9220000004342&bbsId=BBSMSTR_000000000011&pageIndex=1,2022,유,미부착,,내부확인 필요,공공누리 2~4유형,,,,,O,,,외부이미지 포함(포스터),
1259,세종학당재단,HOME > 홍보마당 > 보도자료,보도자료,2023년도 상반기 세종학당재단 장학생 모집,https://ksif.or.kr/cop/bbs/selectBoardArticle.do?nttId=9220000004315&bbsId=BBSMSTR_000000000011&pageIndex=1,2022,유,미부착,,내부확인 필요,공공누리 2~4유형,,,,,O,,,외부이미지 포함(포스터),
1260,세종학당재단,HOME > 홍보마당 > 보도자료,보도자료,"한류 확산의 주역, 전 세계 한국어 교육자 교수 역량 강화한다",https://ksif.or.kr/cop/bbs/selectBoardArticle.do?nttId=9220000004283&bbsId=BBSMSTR_000000000011&pageIndex=1,2022,유,미부착,,내부확인 필요,공공누리 2~4유형,,,,,O,,,외부이미지 포함(포스터),
1261,세종학당재단,HOME > 홍보마당 > 보도자료,보도자료,"세종학당재단, 이화여자대학교와 외국인의 한국어교육을 위해 맞손",https://ksif.or.kr/cop/bbs/selectBoardArticle.do?nttId=9220000004215&bbsId=BBSMSTR_000000000011&pageIndex=1,2022,유,미부착,,개방 가능,공공누리 1유형,,,O,,,,,보도자료,
1262,세종학당재단,HOME > 홍보마당 > 보도자료,보도자료,전 세계 한국어 교육자들이 함께 한 ‘2022 세계한국어교육자대회’ 폐막,https://ksif.or.kr/cop/bbs/selectBoardArticle.do?nttId=9220000004212&bbsId=BBSMSTR_000000000011&pageIndex=1,2022,유,미부착,,내부확인 필요,공공누리 2~4유형,,,,,,O,,초상권,
1263,세종학당재단,HOME > 홍보마당 > 보도자료,보도자료,"세종학당재단, 출범 10주년 기념 2022 인도네시아 한국어 교육자 워크숍 및 명사특강 개최",https://ksif.or.kr/cop/bbs/selectBoardArticle.do?nttId=9220000004067&bbsId=BBSMSTR_000000000011&pageIndex=1,2022,유,미부착,,내부확인 필요,공공누리 2~4유형,,,,,,O,,초상권,
1264,세종학당재단,HOME > 홍보마당 > 보도자료,보도자료,"세종학당재단, 재외동포재단과 함께 온라인 한국어교육 누리집 개발",https://ksif.or.kr/cop/bbs/selectBoardArticle.do?nttId=9220000004063&bbsId=BBSMSTR_000000000011&pageIndex=1,2022,유,미부착,,개방 가능,공공누리 1유형,,,O,,,,,보도자료,
1265,세종학당재단,HOME > 홍보마당 > 보도자료,보도자료,"세종학당재단, 한국문학번역원과 업무협약 체결",https://ksif.or.kr/cop/bbs/selectBoardArticle.do?nttId=9220000004061&bbsId=BBSMSTR_000000000011&pageIndex=1,2022,유,미부착,,개방 가능,공공누리 1유형,,,O,,,,,보도자료,
1266,세종학당재단,HOME > 홍보마당 > 보도자료,보도자료,"세종학당재단 출범 10주년 기념 세 번째 명사 특강, 주LA 한국문화원과 미국에서 개최",https://ksif.or.kr/cop/bbs/selectBoardArticle.do?nttId=9220000004055&bbsId=BBSMSTR_000000000011&pageIndex=1,2022,유,미부착,,개방 가능,공공누리 1유형,,,O,,,,,보도자료,
1267,세종학당재단,HOME > 홍보마당 > 보도자료,보도자료,"세종학당재단, 서울시와 외국인을 위한 온라인 교육과정 운영",https://ksif.or.kr/cop/bbs/selectBoardArticle.do?nttId=9220000004031&bbsId=BBSMSTR_000000000011&pageIndex=1,2022,유,미부착,,개방 가능,공공누리 1유형,,,O,,,,,보도자료,
1268,세종학당재단,HOME > 홍보마당 > 보도자료,보도자료,"세종학당재단, 한국국제교류재단 업무협약 체결",https://ksif.or.kr/cop/bbs/selectBoardArticle.do?nttId=9220000004024&bbsId=BBSMSTR_000000000011&pageIndex=1,2022,유,미부착,,내부확인 필요,공공누리 2~4유형,,,,,,O,,초상권,
1269,세종학당재단,HOME > 홍보마당 > 보도자료,보도자료,"한국어로 꿈을 이루는 곳, 세종학당 19개국 23개소 신규 지정",https://ksif.or.kr/cop/bbs/selectBoardArticle.do?nttId=9220000004021&bbsId=BBSMSTR_000000000011&pageIndex=1,2022,유,미부착,,내부확인 필요,공공누리 2~4유형,,,,,,O,,초상권,
1270,세종학당재단,HOME > 홍보마당 > 보도자료,보도자료,"세종학당재단, 2022년 하반기 국외 파견 한국어 교원 모집",https://ksif.or.kr/cop/bbs/selectBoardArticle.do?nttId=9220000004002&bbsId=BBSMSTR_000000000011&pageIndex=1,2022,유,미부착,,개방 가능,공공누리 1유형,,,O,,,,,보도자료,
1271,세종학당재단,HOME > 홍보마당 > 보도자료,보도자료,"세종학당재단, 누리 세종학당 회원 대상 공항철도 직통열차 운임 할인",https://ksif.or.kr/cop/bbs/selectBoardArticle.do?nttId=9220000003976&bbsId=BBSMSTR_000000000011&pageIndex=1,2022,유,미부착,,내부확인 필요,공공누리 2~4유형,,,,,O,,,외부이미지 포함,
1272,세종학당재단,HOME > 홍보마당 > 보도자료,보도자료,전 세계 세종학당에서 국립중앙도서관을 만나요,https://ksif.or.kr/cop/bbs/selectBoardArticle.do?nttId=9220000003970&bbsId=BBSMSTR_000000000011&pageIndex=1,2022,유,미부착,,개방 가능,공공누리 1유형,,,O,,,,,보도자료,
1273,세종학당재단,HOME > 홍보마당 > 보도자료,보도자료,세종학당재단 지난해 이어 ‘시각장애인을 위한 교육자료 개발 사업’ 추진,https://ksif.or.kr/cop/bbs/selectBoardArticle.do?nttId=9220000003964&bbsId=BBSMSTR_000000000011&pageIndex=1,2022,유,미부착,,내부확인 필요,공공누리 2~4유형,,,,,O,,,외부이미지 포함,
1274,세종학당재단,HOME > 홍보마당 > 보도자료,보도자료,세종학당재단 한국국제문화교류진흥원과 한국어 한국문화 확산 위해 맞손,https://ksif.or.kr/cop/bbs/selectBoardArticle.do?nttId=9220000003946&bbsId=BBSMSTR_000000000011&pageIndex=1,2022,유,미부착,,개방 가능,공공누리 1유형,,,O,,,,,보도자료,
1275,세종학당재단,HOME > 홍보마당 > 보도자료,보도자료,세종학당재단 배우 이민호와 함께한 한국어 기획 화보 공개,https://ksif.or.kr/cop/bbs/selectBoardArticle.do?nttId=9220000003940&bbsId=BBSMSTR_000000000011&pageIndex=1,2022,유,미부착,,내부확인 필요,공공누리 2~4유형,,,,,O,O,,"외부이미지, 초상권",
1276,세종학당재단,HOME > 홍보마당 > 보도자료,보도자료,세종학당재단 ‘세종학당 한국문화 학습카드’공개,https://ksif.or.kr/cop/bbs/selectBoardArticle.do?nttId=9220000003939&bbsId=BBSMSTR_000000000011&pageIndex=1,2022,유,미부착,,개방 가능,공공누리 1유형,,,O,,,,,보도자료,
1277,세종학당재단,HOME > 홍보마당 > 보도자료,보도자료,세종학당재단-한지살리기재단 업무협약 체결,https://ksif.or.kr/cop/bbs/selectBoardArticle.do?nttId=9220000003938&bbsId=BBSMSTR_000000000011&pageIndex=1,2022,유,미부착,,개방 가능,공공누리 1유형,,,O,,,,,보도자료,
1278,세종학당재단,HOME > 홍보마당 > 보도자료,보도자료,우즈베키스탄 정부 세종학당재단과 한국어 교육 전략적 동반자 관계 선언,https://ksif.or.kr/cop/bbs/selectBoardArticle.do?nttId=9220000003879&bbsId=BBSMSTR_000000000011&pageIndex=1,2022,유,미부착,,내부확인 필요,공공누리 2~4유형,,,,,,O,,초상권,
1279,세종학당재단,HOME > 홍보마당 > 보도자료,보도자료,"세종학당재단 출범 10주년 기념, 베트남에서부터 시작한다",https://ksif.or.kr/cop/bbs/selectBoardArticle.do?nttId=9220000003854&bbsId=BBSMSTR_000000000011&pageIndex=1,2022,유,미부착,,내부확인 필요,공공누리 2~4유형,,,,,,O,,초상권,
1280,세종학당재단,HOME > 홍보마당 > 보도자료,보도자료,세종학당재단-한컴그룹-윤디자인그룹 업무협약 체결,https://ksif.or.kr/cop/bbs/selectBoardArticle.do?nttId=9220000003853&bbsId=BBSMSTR_000000000011&pageIndex=1,2022,유,미부착,,개방 가능,공공누리 1유형,,,O,,,,,보도자료,
1281,세종학당재단,HOME > 홍보마당 > 보도자료,보도자료,"전 세계 외국인들,‘한국 드라마보며 한국어 배워요!’",https://ksif.or.kr/cop/bbs/selectBoardArticle.do?nttId=9220000003852&bbsId=BBSMSTR_000000000011&pageIndex=1,2022,유,미부착,,내부확인 필요,공공누리 2~4유형,,,,,,O,,초상권,
1282,세종학당재단,HOME > 홍보마당 > 보도자료,보도자료,세종학당재단-종이문화재단과 업무협약 체결,https://ksif.or.kr/cop/bbs/selectBoardArticle.do?nttId=9220000003805&bbsId=BBSMSTR_000000000011&pageIndex=1,2022,유,미부착,,개방 가능,공공누리 1유형,,,O,,,,,보도자료,
1283,세종학당재단,HOME > 홍보마당 > 보도자료,보도자료,세종학당재단-아동권리보장원 업무협약 체결,https://ksif.or.kr/cop/bbs/selectBoardArticle.do?nttId=9220000003776&bbsId=BBSMSTR_000000000011&pageIndex=1,2022,유,미부착,,개방 가능,공공누리 1유형,,,O,,,,,보도자료,
1284,세종학당재단,HOME > 홍보마당 > 보도자료,보도자료,전 세계에 울려퍼지는 세종학당 한국어 교원의 감동적인 활동기,https://ksif.or.kr/cop/bbs/selectBoardArticle.do?nttId=9220000003745&bbsId=BBSMSTR_000000000011&pageIndex=1,2022,유,미부착,,내부확인 필요,공공누리 2~4유형,,,,,,O,,초상권,
1285,세종학당재단,HOME > 홍보마당 > 보도자료,보도자료,세종학당 문화강좌 우수사례 공모전 접수 시작,https://ksif.or.kr/cop/bbs/selectBoardArticle.do?nttId=9220000003703&bbsId=BBSMSTR_000000000011&pageIndex=1,2022,유,미부착,,내부확인 필요,공공누리 2~4유형,,,,,O,,,외부이미지 포함,
1286,세종학당재단,HOME > 홍보마당 > 보도자료,보도자료,"세종학당재단, 2022년 상반기 세종학당 파견교원 수료식 개최",https://ksif.or.kr/cop/bbs/selectBoardArticle.do?nttId=9220000003702&bbsId=BBSMSTR_000000000011&pageIndex=1,2022,유,미부착,,개방 가능,공공누리 1유형,,,O,,,,,보도자료,
1287,세종학당재단,HOME > 홍보마당 > 보도자료,보도자료,세종학당재단-한문화재단-한국국제문화교류진흥원과 3자 업무협약 체결,https://ksif.or.kr/cop/bbs/selectBoardArticle.do?nttId=9220000003646&bbsId=BBSMSTR_000000000011&pageIndex=1,2021,유,미부착,,개방 가능,공공누리 1유형,,,O,,,,,보도자료,
1288,세종학당재단,HOME > 홍보마당 > 보도자료,보도자료,2021 세종학당 비대면 문화인턴 최종 발표회 성료,https://ksif.or.kr/cop/bbs/selectBoardArticle.do?nttId=9220000003644&bbsId=BBSMSTR_000000000011&pageIndex=1,2021,유,미부착,,내부확인 필요,공공누리 2~4유형,,,,,O,,,외부이미지 포함,
1289,세종학당재단,HOME > 홍보마당 > 보도자료,보도자료,"주한 중국대사관 애홍가 공사참사관, 세종학당재단 방문",https://ksif.or.kr/cop/bbs/selectBoardArticle.do?nttId=9220000003643&bbsId=BBSMSTR_000000000011&pageIndex=1,2021,유,미부착,,개방 가능,공공누리 1유형,,,O,,,,,보도자료,
1290,세종학당재단,HOME > 홍보마당 > 보도자료,보도자료,"&#x27;유행어, 나도 다 알아!&#x27; 웹툰으로 한국어 재미있게 배워요!",https://ksif.or.kr/cop/bbs/selectBoardArticle.do?nttId=9220000003636&bbsId=BBSMSTR_000000000011&pageIndex=1,2021,유,미부착,,내부확인 필요,공공누리 2~4유형,,,,,O,O,,"외부이미지, 초상권",
1291,세종학당재단,HOME > 홍보마당 > 보도자료,보도자료,"세종학당재단, 한국어 공부하는 외국인 유학생 지원 위해 사내 바자회 개최",https://ksif.or.kr/cop/bbs/selectBoardArticle.do?nttId=9220000003621&bbsId=BBSMSTR_000000000011&pageIndex=1,2021,유,미부착,,개방 가능,공공누리 1유형,,,O,,,,,보도자료,
1292,세종학당재단,HOME > 홍보마당 > 보도자료,보도자료,"세종학당재단, 한국산업인력공단과 손잡고 외국인 근로자에 한국어 교육 지원한다",https://ksif.or.kr/cop/bbs/selectBoardArticle.do?nttId=9220000003602&bbsId=BBSMSTR_000000000011&pageIndex=1,2021,유,미부착,,개방 가능,공공누리 1유형,,,O,,,,,보도자료,
1293,세종학당재단,HOME > 홍보마당 > 보도자료,보도자료,"세종학당재단, 2022년 상반기 국외 파견 한국어 교원 모집",https://ksif.or.kr/cop/bbs/selectBoardArticle.do?nttId=9220000003588&bbsId=BBSMSTR_000000000011&pageIndex=1,2021,유,미부착,,개방 가능,공공누리 1유형,,,O,,,,,보도자료,
1294,세종학당재단,HOME > 홍보마당 > 보도자료,보도자료,"세종학당재단, 2022년 신규 세종학당 운영 희망기관 모집 공고",https://ksif.or.kr/cop/bbs/selectBoardArticle.do?nttId=9220000003586&bbsId=BBSMSTR_000000000011&pageIndex=1,2021,유,미부착,,개방 가능,공공누리 1유형,,,O,,,,,보도자료,
1295,세종학당재단,HOME > 홍보마당 > 보도자료,보도자료,"세종학당재단, 문화재청과 함께 전 세계에 우리 문화 유산 가치 알린다",https://ksif.or.kr/cop/bbs/selectBoardArticle.do?nttId=9220000003581&bbsId=BBSMSTR_000000000011&pageIndex=1,2021,유,미부착,,개방 가능,공공누리 1유형,,,O,,,,,보도자료,
1296,세종학당재단,HOME > 홍보마당 > 보도자료,보도자료,세종학당 비대면 문화인턴과 함께하는 &quot;생방송 한국문화&quot; 본격 운영,https://ksif.or.kr/cop/bbs/selectBoardArticle.do?nttId=9220000003478&bbsId=BBSMSTR_000000000011&pageIndex=1,2021,유,미부착,,내부확인 필요,공공누리 2~4유형,,,,,O,,,외부이미지 포함,
1297,세종학당재단,HOME > 홍보마당 > 보도자료,보도자료,"세종학당재단, 포스코청암재단과 손잡고 외국인 장학생에 한국어·한국문화 교육 지원한다",https://ksif.or.kr/cop/bbs/selectBoardArticle.do?nttId=9220000003472&bbsId=BBSMSTR_000000000011&pageIndex=1,2021,유,미부착,,개방 가능,공공누리 1유형,,,O,,,,,보도자료,
1298,세종학당재단,HOME > 홍보마당 > 보도자료,보도자료,"세종학당재단, &#x27;2021 세종학당 지역별 비대면 워크숍 &lt;유럽·중동·아프리카&gt;&#x27; 성황리에 마무리",https://ksif.or.kr/cop/bbs/selectBoardArticle.do?nttId=9220000003468&bbsId=BBSMSTR_000000000011&pageIndex=1,2021,유,미부착,,내부확인 필요,공공누리 2~4유형,,,,,,O,,초상권,
1299,세종학당재단,HOME > 홍보마당 > 보도자료,보도자료,세종학당 지역별 비대면 워크숍 &lt;유럽·중동·아프리카&gt; 개최,https://ksif.or.kr/cop/bbs/selectBoardArticle.do?nttId=9220000003466&bbsId=BBSMSTR_000000000011&pageIndex=1,2021,유,미부착,,내부확인 필요,공공누리 2~4유형,,,,,O,,,외부이미지 포함,
1300,세종학당재단,HOME > 홍보마당 > 보도자료,보도자료,한국어 학습자 대상 세종한국어평가 내년부터 본격 시행한다,https://ksif.or.kr/cop/bbs/selectBoardArticle.do?nttId=9220000003429&bbsId=BBSMSTR_000000000011&pageIndex=1,2021,유,미부착,,개방 가능,공공누리 1유형,,,O,,,,,보도자료,
1301,세종학당재단,HOME > 홍보마당 > 보도자료,보도자료,575돌 한글날 맞이해 한국어 실력 뽐낸 세종학당 학생들,https://ksif.or.kr/cop/bbs/selectBoardArticle.do?nttId=9220000003144&bbsId=BBSMSTR_000000000011&pageIndex=1,2021,유,미부착,,개방 가능,공공누리 1유형,,,O,,,,,보도자료,
1302,세종학당재단,HOME > 홍보마당 > 보도자료,보도자료,"하노이인사대·국립외대, 한국어 보급 공로로 한글날 대사 표창 수여",https://ksif.or.kr/cop/bbs/selectBoardArticle.do?nttId=9220000003141&bbsId=BBSMSTR_000000000011&pageIndex=1,2021,유,미부착,,내부확인 필요,공공누리 2~4유형,,,,,,O,,초상권,
1303,세종학당재단,HOME > 홍보마당 > 보도자료,보도자료,"세종학당재단, 575돌 한글날 맞아 세종학당 한국어교실 영상 공개",https://ksif.or.kr/cop/bbs/selectBoardArticle.do?nttId=9220000003123&bbsId=BBSMSTR_000000000011&pageIndex=1,2021,유,미부착,,개방 가능,공공누리 1유형,,,O,,,,,보도자료,
1304,세종학당재단,HOME > 홍보마당 > 보도자료,보도자료,"세종학당재단, 한국예술종합학교와 새로운 한국어 평가 체계 운영한다",https://ksif.or.kr/cop/bbs/selectBoardArticle.do?nttId=9220000003082&bbsId=BBSMSTR_000000000011&pageIndex=1,2021,유,미부착,,개방 가능,공공누리 1유형,,,O,,,,,보도자료,
1305,세종학당재단,HOME > 홍보마당 > 보도자료,보도자료,세종학당재단과 운영 기관들의 발전을 위한 워크숍 개최,https://ksif.or.kr/cop/bbs/selectBoardArticle.do?nttId=9220000002822&bbsId=BBSMSTR_000000000011&pageIndex=1,2021,유,미부착,,내부확인 필요,공공누리 2~4유형,,,,,O,,,외부이미지 포함,
1306,세종학당재단,HOME > 홍보마당 > 보도자료,보도자료,"베트남 공영방송, 최초로 한국어 교육 프로그램 제작 방영",https://ksif.or.kr/cop/bbs/selectBoardArticle.do?nttId=9220000002796&bbsId=BBSMSTR_000000000011&pageIndex=1,2021,유,미부착,,내부확인 필요,공공누리 2~4유형,,,,,O,O,,"외부이미지, 초상권",
1307,세종학당재단,HOME > 홍보마당 > 보도자료,보도자료,2021 세종학당 지역별 비대면 워크숍 &lt;아메리카&gt; 성료,https://ksif.or.kr/cop/bbs/selectBoardArticle.do?nttId=9220000002791&bbsId=BBSMSTR_000000000011&pageIndex=1,2021,유,미부착,,내부확인 필요,공공누리 2~4유형,,,,,,O,,초상권,
1308,세종학당재단,HOME > 홍보마당 > 보도자료,보도자료,2021 세종학당 지역별 비대면 워크숍 &lt;아메리카&gt; 개최,https://ksif.or.kr/cop/bbs/selectBoardArticle.do?nttId=9220000002788&bbsId=BBSMSTR_000000000011&pageIndex=1,2021,유,미부착,,내부확인 필요,공공누리 2~4유형,,,,,O,,,외부이미지 포함,
1309,세종학당재단,HOME > 홍보마당 > 보도자료,보도자료,"세종학당재단, 2021 언어평가 국제 학술회의 개최",https://ksif.or.kr/cop/bbs/selectBoardArticle.do?nttId=9220000002774&bbsId=BBSMSTR_000000000011&pageIndex=1,2021,유,미부착,,내부확인 필요,공공누리 2~4유형,,,,,O,,,외부이미지 포함,
1310,세종학당재단,HOME > 홍보마당 > 보도자료,보도자료,"대표 한류 배우 이민호, 한국어 홍보대사 역할 이어간다",https://ksif.or.kr/cop/bbs/selectBoardArticle.do?nttId=9220000002758&bbsId=BBSMSTR_000000000011&pageIndex=1,2021,유,미부착,,내부확인 필요,공공누리 2~4유형,,,,,O,O,,"외부이미지, 초상권",
1311,세종학당재단,HOME > 홍보마당 > 보도자료,보도자료,전 세계 한국어교원이 하나 된 2021 세계한국어교육자대회 폐막,https://ksif.or.kr/cop/bbs/selectBoardArticle.do?nttId=9220000002754&bbsId=BBSMSTR_000000000011&pageIndex=1,2021,유,미부착,,내부확인 필요,공공누리 2~4유형,,,,,,O,,초상권,
1312,세종학당재단,HOME > 홍보마당 > 보도자료,보도자료,"세종학당재단-주한우즈벡대사관, 세종학당 지원 협력",https://ksif.or.kr/cop/bbs/selectBoardArticle.do?nttId=9220000002675&bbsId=BBSMSTR_000000000011&pageIndex=1,2021,유,미부착,,개방 가능,공공누리 1유형,,,O,,,,,보도자료,
1313,세종학당재단,HOME > 홍보마당 > 보도자료,보도자료,전 세계 세종학당 교원 위한 &lt;2021 온라인 재교육 과정&gt; 운영,https://ksif.or.kr/cop/bbs/selectBoardArticle.do?nttId=9220000002654&bbsId=BBSMSTR_000000000011&pageIndex=1,2021,유,미부착,,내부확인 필요,공공누리 2~4유형,,,,,O,,,외부이미지 포함,
1314,세종학당재단,HOME > 홍보마당 > 보도자료,보도자료,"세종학당재단, &#x27;2021 세종학당 지역별 비대면 워크숍&#x27; 개최",https://ksif.or.kr/cop/bbs/selectBoardArticle.do?nttId=9220000002611&bbsId=BBSMSTR_000000000011&pageIndex=1,2021,유,미부착,,내부확인 필요,공공누리 2~4유형,,,,,O,,,외부이미지 포함,
1315,세종학당재단,HOME > 홍보마당 > 보도자료,보도자료,한국어 초중급 학습자를 위한 실용적인 한국어 평가 시행한다,https://ksif.or.kr/cop/bbs/selectBoardArticle.do?nttId=9220000002600&bbsId=BBSMSTR_000000000011&pageIndex=1,2021,유,미부착,,개방 가능,공공누리 1유형,,,O,,,,,보도자료,
1316,세종학당재단,HOME > 홍보마당 > 보도자료,보도자료,"세종학당 신규 18개국 26개소, 한국어로 세계를 잇다",https://ksif.or.kr/cop/bbs/selectBoardArticle.do?nttId=9220000002582&bbsId=BBSMSTR_000000000011&pageIndex=1,2021,유,미부착,,개방 가능,공공누리 1유형,,,O,,,,,보도자료,
1317,세종학당재단,HOME > 홍보마당 > 보도자료,보도자료,"세종학당재단, 2021 세종대왕 탄신주간 세종학당 문화캠프 개최",https://ksif.or.kr/cop/bbs/selectBoardArticle.do?nttId=9220000002523&bbsId=BBSMSTR_000000000011&pageIndex=1,2021,무,미부착,,내부확인 필요,공공누리 2~4유형,,,,,O,O,,"외부이미지, 초상권",
1318,세종학당재단,HOME > 홍보마당 > 보도자료,보도자료,전 세계가 즐기는 한류 콘텐츠에 한국어를 더하다!,https://ksif.or.kr/cop/bbs/selectBoardArticle.do?nttId=9220000002498&bbsId=BBSMSTR_000000000011&pageIndex=1,2021,유,미부착,,내부확인 필요,공공누리 2~4유형,,,,,O,O,,"외부이미지, 초상권",
1319,세종학당재단,HOME > 홍보마당 > 보도자료,보도자료,"세종학당재단, 공항철도와 손잡고 한국어와 한국문화 알린다",https://ksif.or.kr/cop/bbs/selectBoardArticle.do?nttId=9220000002473&bbsId=BBSMSTR_000000000011&pageIndex=1,2021,유,미부착,,개방 가능,공공누리 1유형,,,O,,,,,보도자료,
1320,세종학당재단,HOME > 홍보마당 > 보도자료,보도자료,"세종학당재단, 롯데면세점과 한국어와 한국문화 콘텐츠 홍보 위해 협력",https://ksif.or.kr/cop/bbs/selectBoardArticle.do?nttId=9220000002462&bbsId=BBSMSTR_000000000011&pageIndex=1,2021,유,미부착,,개방 가능,공공누리 1유형,,,O,,,,,보도자료,
1321,세종학당재단,HOME > 홍보마당 > 보도자료,보도자료,인공지능(AI) 한국어 대화 연습 서비스 &#x27;세종학당 AI 선생님&#x27; 앱 출시,https://ksif.or.kr/cop/bbs/selectBoardArticle.do?nttId=9220000002313&bbsId=BBSMSTR_000000000011&pageIndex=1,2021,유,미부착,,개방 가능,공공누리 1유형,,,O,,,,,보도자료,
1322,세종학당재단,HOME > 홍보마당 > 보도자료,보도자료,"세종학당재단, &lt;사이버 한국어 과정&gt; 온라인 수업 운영 확대",https://ksif.or.kr/cop/bbs/selectBoardArticle.do?nttId=9220000002311&bbsId=BBSMSTR_000000000011&pageIndex=1,2021,유,미부착,,내부확인 필요,공공누리 2~4유형,,,,,O,O,,"외부이미지, 초상권",
1323,세종학당재단,HOME > 홍보마당 > 보도자료,보도자료,"세종학당재단, 한국문화예술교육진흥원과 한국문화 보급 확대 협력",https://ksif.or.kr/cop/bbs/selectBoardArticle.do?nttId=9220000002308&bbsId=BBSMSTR_000000000011&pageIndex=1,2021,유,미부착,,개방 가능,공공누리 1유형,,,O,,,,,보도자료,
1324,세종학당재단,HOME > 홍보마당 > 보도자료,보도자료,"세종학당재단, 2021년 상반기 국외 파견 한국어 교원 추가 모집",https://ksif.or.kr/cop/bbs/selectBoardArticle.do?nttId=9220000002287&bbsId=BBSMSTR_000000000011&pageIndex=1,2021,유,미부착,,개방 가능,공공누리 1유형,,,O,,,,,보도자료,
1325,세종학당재단,HOME > 홍보마당 > 보도자료,보도자료,"세종학당재단, 2021년 협업형 세종학당 지정 공모",https://ksif.or.kr/cop/bbs/selectBoardArticle.do?nttId=9220000002281&bbsId=BBSMSTR_000000000011&pageIndex=1,2021,유,미부착,,내부확인 필요,공공누리 2~4유형,,,,,,O,,초상권,
1326,세종학당재단,HOME > 홍보마당 > 보도자료,보도자료,"세종학당재단X이민호, 새로운 컨셉 한글 홍보영상 추가 공개",https://ksif.or.kr/cop/bbs/selectBoardArticle.do?nttId=9220000002267&bbsId=BBSMSTR_000000000011&pageIndex=1,2021,유,미부착,,내부확인 필요,공공누리 2~4유형,,,,,O,O,,"외부이미지, 초상권",
1327,세종학당재단,HOME > 홍보마당 > 보도자료,보도자료,"이민호, 세종학당재단과 전 세계에 한글의 아름다움 알린다",https://ksif.or.kr/cop/bbs/selectBoardArticle.do?nttId=9220000002263&bbsId=BBSMSTR_000000000011&pageIndex=1,2021,유,미부착,,내부확인 필요,공공누리 2~4유형,,,,,O,O,,"외부이미지, 초상권",
1328,세종학당재단,HOME > 홍보마당 > 보도자료,보도자료,"전 세계 한국어 관련 학자, 교육자, 산업 관계자 처음으로 한자리에 모인다",https://ksif.or.kr/cop/bbs/selectBoardArticle.do?nttId=9220000002218&bbsId=BBSMSTR_000000000011&pageIndex=1,2020,유,미부착,,개방 가능,공공누리 1유형,,,O,,,,,보도자료,
1329,세종학당재단,HOME > 홍보마당 > 보도자료,보도자료,"한국어 열풍의 주역, 한국어 교육자들이 모인다",https://ksif.or.kr/cop/bbs/selectBoardArticle.do?nttId=9220000002180&bbsId=BBSMSTR_000000000011&pageIndex=1,2020,유,미부착,,개방 가능,공공누리 1유형,,,O,,,,,보도자료,
1330,세종학당재단,HOME > 홍보마당 > 보도자료,보도자료,"세종학당재단, 2021년 신규 세종학당 지정 공모",https://ksif.or.kr/cop/bbs/selectBoardArticle.do?nttId=9220000002155&bbsId=BBSMSTR_000000000011&pageIndex=1,2020,유,미부착,,개방 가능,공공누리 1유형,,,O,,,,,고시·공고,
1331,세종학당재단,HOME > 홍보마당 > 보도자료,보도자료,"세종학당재단, 대륙별 한국어 교육자 대상 비대면 연수 시행",https://ksif.or.kr/cop/bbs/selectBoardArticle.do?nttId=9220000002153&bbsId=BBSMSTR_000000000011&pageIndex=1,2020,유,미부착,,내부확인 필요,공공누리 2~4유형,,,,,O,,,외부이미지 포함,
1332,세종학당재단,HOME > 홍보마당 > 보도자료,보도자료,"베트남 45개 기관 한국어 교육자들, 한자리에 모인다",https://ksif.or.kr/cop/bbs/selectBoardArticle.do?nttId=9220000002143&bbsId=BBSMSTR_000000000011&pageIndex=1,2020,유,미부착,,개방 가능,공공누리 1유형,,,O,,,,,보도자료,
1333,세종학당재단,HOME > 홍보마당 > 보도자료,보도자료,"세종학당재단, 2020 세계한국어교육자대회 2차 사전 연수 개최",https://ksif.or.kr/cop/bbs/selectBoardArticle.do?nttId=9220000002138&bbsId=BBSMSTR_000000000011&pageIndex=1,2020,유,미부착,,개방 가능,공공누리 1유형,,,O,,,,,보도자료,
1334,세종학당재단,HOME > 홍보마당 > 보도자료,보도자료,"세종학당재단, 2021년 상반기 국외 파견 한국어 교원 모집",https://ksif.or.kr/cop/bbs/selectBoardArticle.do?nttId=9220000002125&bbsId=BBSMSTR_000000000011&pageIndex=1,2020,유,미부착,,개방 가능,공공누리 1유형,,,O,,,,,보도자료,
1335,세종학당재단,HOME > 홍보마당 > 보도자료,보도자료,"세종학당재단, 몽골에서 한·몽 수교 30주년 기념 사업 추진",https://ksif.or.kr/cop/bbs/selectBoardArticle.do?nttId=9220000002103&bbsId=BBSMSTR_000000000011&pageIndex=1,2020,유,미부착,,내부확인 필요,공공누리 2~4유형,,,,,,O,,초상권,
1336,세종학당재단,HOME > 홍보마당 > 보도자료,보도자료,"세종학당재단, 한국관광공사와 함께 한국문화 홍보 협력",https://ksif.or.kr/cop/bbs/selectBoardArticle.do?nttId=9220000002102&bbsId=BBSMSTR_000000000011&pageIndex=1,2020,유,미부착,,개방 가능,공공누리 1유형,,,O,,,,,보도자료,
1337,세종학당재단,HOME > 홍보마당 > 보도자료,보도자료,"세종학당재단, &lt;2020 세계한국어교육자대회&gt; 사전 연수 개최",https://ksif.or.kr/cop/bbs/selectBoardArticle.do?nttId=9220000002097&bbsId=BBSMSTR_000000000011&pageIndex=1,2020,유,미부착,,개방 가능,공공누리 1유형,,,O,,,,,보도자료,
1338,세종학당재단,HOME > 홍보마당 > 보도자료,보도자료,"세종학당재단, 재외동포재단과 동포 차세대 한국어 교육 나선다",https://ksif.or.kr/cop/bbs/selectBoardArticle.do?nttId=9220000002095&bbsId=BBSMSTR_000000000011&pageIndex=1,2020,유,미부착,,내부확인 필요,공공누리 2~4유형,,,,,,O,,초상권,
1339,세종학당재단,HOME > 홍보마당 > 보도자료,보도자료,"아름다운 우리 한글, 전 세계가 익히고 함께 즐깁니다.",https://ksif.or.kr/cop/bbs/selectBoardArticle.do?nttId=9220000002079&bbsId=BBSMSTR_000000000011&pageIndex=1,2020,무,미부착,,내부확인 필요,공공누리 2~4유형,,,,,,O,,초상권,
1340,세종학당재단,HOME > 홍보마당 > 보도자료,보도자료,"세종학당재단, ‘2020 세종학당 한글날 문화마당’ 개최",https://ksif.or.kr/cop/bbs/selectBoardArticle.do?nttId=9220000002074&bbsId=BBSMSTR_000000000011&pageIndex=1,2020,유,미부착,,내부확인 필요,공공누리 2~4유형,,,,,,O,,초상권,
1341,세종학당재단,HOME > 홍보마당 > 보도자료,보도자료,"세종학당재단, 한글날 맞아 경복궁에서 외국인 한국어교실 개최",https://ksif.or.kr/cop/bbs/selectBoardArticle.do?nttId=9220000002069&bbsId=BBSMSTR_000000000011&pageIndex=1,2020,유,미부착,,내부확인 필요,공공누리 2~4유형,,,,,,O,,초상권,
1342,세종학당재단,HOME > 홍보마당 > 보도자료,보도자료,"현지교원양성과정 수료 외국인 23명, 세종학당 보조교사 된다",https://ksif.or.kr/cop/bbs/selectBoardArticle.do?nttId=9220000002068&bbsId=BBSMSTR_000000000011&pageIndex=1,2020,유,미부착,,내부확인 필요,공공누리 2~4유형,,,,,,O,,초상권,
1343,세종학당재단,HOME > 홍보마당 > 보도자료,보도자료,"장애인 한국어 교원 8명, 세종학당재단 교원 재교육 과정 수료",https://ksif.or.kr/cop/bbs/selectBoardArticle.do?nttId=9220000002047&bbsId=BBSMSTR_000000000011&pageIndex=1,2020,무,미부착,,내부확인 필요,공공누리 2~4유형,,,,,,O,,초상권,
1344,세종학당재단,HOME > 홍보마당 > 보도자료,보도자료,"공주대·원광디지털대, 국외 한국어 보급 기여 공로패 수여",https://ksif.or.kr/cop/bbs/selectBoardArticle.do?nttId=9220000002046&bbsId=BBSMSTR_000000000011&pageIndex=1,2020,무,미부착,,내부확인 필요,공공누리 2~4유형,,,,,,O,,초상권,
1345,세종학당재단,HOME > 홍보마당 > 보도자료,보도자료,"외국인노동자 1만 명, 온라인 세종학당으로 한국어 학습 이어간다",https://ksif.or.kr/cop/bbs/selectBoardArticle.do?nttId=9220000002042&bbsId=BBSMSTR_000000000011&pageIndex=1,2020,무,미부착,,개방 가능,공공누리 1유형,,,O,,,,,보도자료,
1346,세종학당재단,HOME > 홍보마당 > 보도자료,보도자료,"한국어, ‘신한류’로 세계에 확산한다",https://ksif.or.kr/cop/bbs/selectBoardArticle.do?nttId=9220000002021&bbsId=BBSMSTR_000000000011&pageIndex=1,2020,유,미부착,,개방 가능,공공누리 1유형,,,O,,,,,보도자료,
1347,세종학당재단,HOME > 홍보마당 > 보도자료,보도자료,인도 학교에서도 우리말과 문화 배우게 됐다,https://ksif.or.kr/cop/bbs/selectBoardArticle.do?nttId=9220000002020&bbsId=BBSMSTR_000000000011&pageIndex=1,2020,무,미부착,,개방 가능,공공누리 1유형,,,O,,,,,보도자료,
1348,세종학당재단,HOME > 홍보마당 > 보도자료,보도자료,"세종학당재단, 무료 온라인 한국어 수업‘사이버한국어과정’개강",https://ksif.or.kr/cop/bbs/selectBoardArticle.do?nttId=9220000002019&bbsId=BBSMSTR_000000000011&pageIndex=1,2020,무,미부착,,내부확인 필요,공공누리 2~4유형,,,,,,O,,초상권,
1349,세종학당재단,HOME > 홍보마당 > 보도자료,보도자료,"세종학당재단, 시각장애인과 함께 하는 전화 한국어 교육 지원",https://ksif.or.kr/cop/bbs/selectBoardArticle.do?nttId=9220000001915&bbsId=BBSMSTR_000000000011&pageIndex=1,2020,무,미부착,,내부확인 필요,공공누리 2~4유형,,,,,,O,,초상권,
1350,세종학당재단,HOME > 홍보마당 > 보도자료,보도자료,"세종학당재단, 2020년 하반기 국외 파견 한국어 교원 모집",https://ksif.or.kr/cop/bbs/selectBoardArticle.do?nttId=9220000001911&bbsId=BBSMSTR_000000000011&pageIndex=1,2020,무,미부착,,개방 가능,공공누리 1유형,,,O,,,,,보도자료,
1351,세종학당재단,HOME > 홍보마당 > 보도자료,보도자료,"세종학당재단, 아제르바이잔‧캄보디아에 예비 세종학당 지정",https://ksif.or.kr/cop/bbs/selectBoardArticle.do?nttId=9220000001874&bbsId=BBSMSTR_000000000011&pageIndex=1,2020,무,미부착,,개방 가능,공공누리 1유형,,,O,,,,,보도자료,
1352,세종학당재단,HOME > 홍보마당 > 보도자료,보도자료,코로나19 확산에도 세계로 뻗어가는 한국어,https://ksif.or.kr/cop/bbs/selectBoardArticle.do?nttId=9220000001833&bbsId=BBSMSTR_000000000011&pageIndex=1,2020,무,미부착,,개방 가능,공공누리 1유형,,,O,,,,,보도자료,
1353,세종학당재단,HOME > 홍보마당 > 보도자료,보도자료,"세종학당재단, 한국어교육 실습 교과용 ‘수업 참관 동영상’ 공개",https://ksif.or.kr/cop/bbs/selectBoardArticle.do?nttId=9220000001825&bbsId=BBSMSTR_000000000011&pageIndex=1,2020,무,미부착,,내부확인 필요,공공누리 2~4유형,,,,,,O,,초상권,
1354,세종학당재단,HOME > 홍보마당 > 보도자료,보도자료,"세종학당재단, 30개국 재외공관에 한국어 교재 지원",https://ksif.or.kr/cop/bbs/selectBoardArticle.do?nttId=9220000001809&bbsId=BBSMSTR_000000000011&pageIndex=1,2020,유,미부착,,내부확인 필요,공공누리 2~4유형,,,,,,O,,초상권,
1355,세종학당재단,HOME > 홍보마당 > 보도자료,보도자료,"세종학당재단, 4개국에 현지 한국어 교원 양성사업 추진",https://ksif.or.kr/cop/bbs/selectBoardArticle.do?nttId=9220000001800&bbsId=BBSMSTR_000000000011&pageIndex=1,2020,무,미부착,,내부확인 필요,공공누리 2~4유형,,,,,,O,,초상권,
1356,세종학당재단,HOME > 홍보마당 > 보도자료,보도자료,외국인 학습자의 맞춤형 학습을 위한 신규 앱 3종 출시,https://ksif.or.kr/cop/bbs/selectBoardArticle.do?nttId=9220000001714&bbsId=BBSMSTR_000000000011&pageIndex=1,2020,무,미부착,,내부확인 필요,공공누리 2~4유형,,,,,O,,,외부이미지 포함,
1357,세종학당재단,HOME > 홍보마당 > 보도자료,보도자료,"세종학당재단, 2020년 협업형 세종학당 지정 공모",https://ksif.or.kr/cop/bbs/selectBoardArticle.do?nttId=9220000001663&bbsId=BBSMSTR_000000000011&pageIndex=1,2020,무,미부착,,개방 가능,공공누리 1유형,,,O,,,,,고시·공고,
1358,세종학당재단,HOME > 홍보마당 > 보도자료,보도자료,"세종학당재단, 4월1일부터 온라인 세종학당 본격 운영",https://ksif.or.kr/cop/bbs/selectBoardArticle.do?nttId=9220000001618&bbsId=BBSMSTR_000000000011&pageIndex=1,2020,무,미부착,,내부확인 필요,공공누리 2~4유형,,,,,O,O,,"외부이미지, 초상권",
1359,세종학당재단,HOME > 홍보마당 > 보도자료,보도자료,"세종학당 현지교원, ‘전문 자격 취득’ 꿈 이룬다",https://ksif.or.kr/cop/bbs/selectBoardArticle.do?nttId=9220000001517&bbsId=BBSMSTR_000000000011&pageIndex=1,2020,무,미부착,,내부확인 필요,공공누리 2~4유형,,,,,,O,,초상권,
1360,세종학당재단,HOME > 홍보마당 > 보도자료,보도자료,"세종학당재단, 한국어 학습자를 위한 신규 교재 3종 출간",https://ksif.or.kr/cop/bbs/selectBoardArticle.do?nttId=9220000001505&bbsId=BBSMSTR_000000000011&pageIndex=1,2020,무,미부착,,내부확인 필요,공공누리 2~4유형,,,,,O,,,외부이미지 포함,
1361,세종학당재단,HOME > 홍보마당 > 보도자료,보도자료,"세종학당재단, 결혼이민자를 위한 맞춤형 한국어 교육자료 발간",https://ksif.or.kr/cop/bbs/selectBoardArticle.do?nttId=9220000001501&bbsId=BBSMSTR_000000000011&pageIndex=1,2020,무,미부착,,내부확인 필요,공공누리 2~4유형,,,,,O,,,외부이미지 포함,
1362,세종학당재단,HOME > 홍보마당 > 보도자료,보도자료,"세종학당재단, ‘서울디자인페스티벌’에서 한글 상품 선보여",https://ksif.or.kr/cop/bbs/selectBoardArticle.do?nttId=9220000001361&bbsId=BBSMSTR_000000000011&pageIndex=1,2019,무,미부착,,개방 가능,공공누리 1유형,,,O,,,,,보도자료,
1363,세종학당재단,HOME > 홍보마당 > 보도자료,보도자료,"런던 한복판, 6,500명에게 한국어‧한국문화 전시‧공연 선보여",https://ksif.or.kr/cop/bbs/selectBoardArticle.do?nttId=9220000001353&bbsId=BBSMSTR_000000000011&pageIndex=1,2019,무,미부착,,내부확인 필요,공공누리 2~4유형,,,,,,O,,초상권,
1364,세종학당재단,HOME > 홍보마당 > 보도자료,보도자료,"세계에 선보인 한국어, 한국문화의 다채로운 매력",https://ksif.or.kr/cop/bbs/selectBoardArticle.do?nttId=9220000001352&bbsId=BBSMSTR_000000000011&pageIndex=1,2019,무,미부착,,내부확인 필요,공공누리 2~4유형,,,,,,O,,초상권,
1365,세종학당재단,HOME > 홍보마당 > 보도자료,보도자료,"세종학당재단, 그랜드코리아레저(GKL)와 업무협약 체결",https://ksif.or.kr/cop/bbs/selectBoardArticle.do?nttId=9220000001465&bbsId=BBSMSTR_000000000011&pageIndex=1,2019,무,미부착,,내부확인 필요,공공누리 2~4유형,,,,,,O,,초상권,
1366,세종학당재단,HOME > 홍보마당 > 보도자료,보도자료,베트남에서 ‘2019 동남아시아 세종학당 교원 워크숍’ 개최,https://ksif.or.kr/cop/bbs/selectBoardArticle.do?nttId=9220000001337&bbsId=BBSMSTR_000000000011&pageIndex=1,2019,무,미부착,,내부확인 필요,공공누리 2~4유형,,,,,,O,,초상권,
1367,세종학당재단,HOME > 홍보마당 > 보도자료,보도자료,"“한국에서 만나는 세종학당”, 용산 세종학당 개강식 열려",https://ksif.or.kr/cop/bbs/selectBoardArticle.do?nttId=9220000001315&bbsId=BBSMSTR_000000000011&pageIndex=1,2019,무,미부착,,내부확인 필요,공공누리 2~4유형,,,,,,O,,초상권,
1368,세종학당재단,HOME > 홍보마당 > 보도자료,보도자료,47개국 외국인들 경복궁서“한글 사랑해요!”,https://ksif.or.kr/cop/bbs/selectBoardArticle.do?nttId=9220000001287&bbsId=BBSMSTR_000000000011&pageIndex=1,2019,무,미부착,,내부확인 필요,공공누리 2~4유형,,,,,,O,,초상권,
1369,세종학당재단,HOME > 홍보마당 > 보도자료,보도자료,"573돌 한글날 기념, ‘세종학당 한국어 글쓰기 대회’ 최초 시행",https://ksif.or.kr/cop/bbs/selectBoardArticle.do?nttId=9220000001286&bbsId=BBSMSTR_000000000011&pageIndex=1,2019,무,미부착,,개방 가능,공공누리 1유형,,,O,,,,,보도자료,
1370,세종학당재단,HOME > 홍보마당 > 보도자료,보도자료,런던에서 한국으로 연결되는 새로운 문이 열린다,https://ksif.or.kr/cop/bbs/selectBoardArticle.do?nttId=9220000001280&bbsId=BBSMSTR_000000000011&pageIndex=1,2019,무,미부착,,내부확인 필요,공공누리 2~4유형,,,,,O,,,외부이미지 포함,
1371,세종학당재단,HOME > 홍보마당 > 보도자료,보도자료,"우즈베키스탄 세종학당 학습자, 한국어 말하기 대회 우승",https://ksif.or.kr/cop/bbs/selectBoardArticle.do?nttId=9220000001279&bbsId=BBSMSTR_000000000011&pageIndex=1,2019,무,미부착,,내부확인 필요,공공누리 2~4유형,,,,,,O,,초상권,
1372,세종학당재단,HOME > 홍보마당 > 보도자료,보도자료,한국말 잘하는 외국인들이 전주에 모인 이유,https://ksif.or.kr/cop/bbs/selectBoardArticle.do?nttId=9220000001253&bbsId=BBSMSTR_000000000011&pageIndex=1,2019,무,미부착,,개방 가능,공공누리 1유형,,,O,,,,,보도자료,
1373,세종학당재단,HOME > 홍보마당 > 보도자료,보도자료,"한글날 경복궁서 즐기는 <세종학당 집현전 한국어교실>, 외국인 참가자 모집",https://ksif.or.kr/cop/bbs/selectBoardArticle.do?nttId=9220000001233&bbsId=BBSMSTR_000000000011&pageIndex=1,2019,무,미부착,,내부확인 필요,공공누리 2~4유형,,,,,O,,,외부이미지 포함,
1374,세종학당재단,HOME > 홍보마당 > 보도자료,보도자료,세종학당재단-경복궁관리소 업무협약(MOU) 체결,https://ksif.or.kr/cop/bbs/selectBoardArticle.do?nttId=9220000001230&bbsId=BBSMSTR_000000000011&pageIndex=1,2019,무,미부착,,개방 가능,공공누리 1유형,,,O,,,,,보도자료,
1375,세종학당재단,HOME > 홍보마당 > 보도자료,보도자료,"세종학당재단, 네이버와 업무협약(MOU) 체결",https://ksif.or.kr/cop/bbs/selectBoardArticle.do?nttId=9220000001210&bbsId=BBSMSTR_000000000011&pageIndex=1,2019,무,미부착,,내부확인 필요,공공누리 2~4유형,,,,,,O,,초상권,
1376,세종학당재단,HOME > 홍보마당 > 보도자료,보도자료,"세종학당재단, 용산구청과 손잡고 ‘국내 세종학당’시범 운영",https://ksif.or.kr/cop/bbs/selectBoardArticle.do?nttId=9220000001203&bbsId=BBSMSTR_000000000011&pageIndex=1,2019,무,미부착,,개방 가능,공공누리 1유형,,,O,,,,,보도자료,
1377,세종학당재단,HOME > 홍보마당 > 보도자료,보도자료,「2019년 세종학당 국내 운영기관 관계자 워크숍」성공리에 막 내려,https://ksif.or.kr/cop/bbs/selectBoardArticle.do?nttId=9220000001171&bbsId=BBSMSTR_000000000011&pageIndex=1,2019,무,미부착,,개방 가능,공공누리 1유형,,,O,,,,,보도자료,
1378,세종학당재단,HOME > 홍보마당 > 보도자료,보도자료,"해외 세종학당을 운영하는 기관들, 최초로 한자리에 모여",https://ksif.or.kr/cop/bbs/selectBoardArticle.do?nttId=9220000001166&bbsId=BBSMSTR_000000000011&pageIndex=1,2019,무,미부착,,개방 가능,공공누리 1유형,,,O,,,,,보도자료,
1379,세종학당재단,HOME > 홍보마당 > 보도자료,보도자료,「2019 세종학당 운영요원-학당장 아메리카 워크숍」개최,https://ksif.or.kr/cop/bbs/selectBoardArticle.do?nttId=9220000001112&bbsId=BBSMSTR_000000000011&pageIndex=1,2019,무,미부착,,내부확인 필요,공공누리 2~4유형,,,,,,O,,초상권,
1380,세종학당재단,HOME > 홍보마당 > 보도자료,보도자료,아메리카 지역 세종학당 운영진 LA에 모인다,https://ksif.or.kr/cop/bbs/selectBoardArticle.do?nttId=9220000001099&bbsId=BBSMSTR_000000000011&pageIndex=1,2019,무,미부착,,내부확인 필요,공공누리 2~4유형,,,,,O,,,외부이미지 포함,
1381,세종학당재단,HOME > 홍보마당 > 보도자료,보도자료,"한국어 교육자 200여 명, 다시 외국 돌아가 한국 알려요!",https://ksif.or.kr/cop/bbs/selectBoardArticle.do?nttId=9220000001082&bbsId=BBSMSTR_000000000011&pageIndex=1,2019,무,미부착,,내부확인 필요,공공누리 2~4유형,,,,,,O,,초상권,
1382,세종학당재단,HOME > 홍보마당 > 보도자료,보도자료,파란 눈의 한국어 교원“내가 만든 한글 도장 어때요?”,https://ksif.or.kr/cop/bbs/selectBoardArticle.do?nttId=9220000001464&bbsId=BBSMSTR_000000000011&pageIndex=1,2019,무,미부착,,내부확인 필요,공공누리 2~4유형,,,,,,O,,초상권,
1383,세종학당재단,HOME > 홍보마당 > 보도자료,보도자료,"해외 유수 대학 총장들, 한국어‧한국문화 보급 노하우 공유",https://ksif.or.kr/cop/bbs/selectBoardArticle.do?nttId=9220000001077&bbsId=BBSMSTR_000000000011&pageIndex=1,2019,무,미부착,,내부확인 필요,공공누리 2~4유형,,,,,,O,,초상권,
1384,세종학당재단,HOME > 홍보마당 > 보도자료,보도자료,"한류 스타 이민호, 세종학당 홍보대사 됐어요!",https://ksif.or.kr/cop/bbs/selectBoardArticle.do?nttId=9220000001072&bbsId=BBSMSTR_000000000011&pageIndex=1,2019,무,미부착,,내부확인 필요,공공누리 2~4유형,,,,,,O,,초상권,
1385,세종학당재단,HOME > 홍보마당 > 보도자료,보도자료,전 세계 세종학당의 한국어 교육자 200여 명 한 자리에,https://ksif.or.kr/cop/bbs/selectBoardArticle.do?nttId=9220000001071&bbsId=BBSMSTR_000000000011&pageIndex=1,2019,무,미부착,,내부확인 필요,공공누리 2~4유형,,,,,,O,,초상권,
1386,세종학당재단,HOME > 홍보마당 > 보도자료,보도자료,유라시아 지역 한국어 교원들 모스크바에 모이다,https://ksif.or.kr/cop/bbs/selectBoardArticle.do?nttId=9220000001028&bbsId=BBSMSTR_000000000011&pageIndex=1,2019,무,미부착,,개방 가능,공공누리 1유형,,,O,,,,,보도자료,
1387,세종학당재단,HOME > 홍보마당 > 보도자료,보도자료,"세종학당재단, 세종학당 현지 채용 한국어 교원의 전문자격 취득을 지원한다",https://ksif.or.kr/cop/bbs/selectBoardArticle.do?nttId=9220000001020&bbsId=BBSMSTR_000000000011&pageIndex=1,2019,무,미부착,,개방 가능,공공누리 1유형,,,O,,,,,보도자료,
1388,세종학당재단,HOME > 홍보마당 > 보도자료,보도자료,"“BTS가 일으킨 한류 열풍, 세종학당이 이어간다” 세종학당재단-우상호 의원실 주최 국회토론회 성황리에 막 내려",https://ksif.or.kr/cop/bbs/selectBoardArticle.do?nttId=9220000000986&bbsId=BBSMSTR_000000000011&pageIndex=1,2019,무,미부착,,내부확인 필요,공공누리 2~4유형,,,,,,O,,초상권,
1389,세종학당재단,HOME > 홍보마당 > 보도자료,보도자료,"한국어 말하기 대회 수상자 4인, 서강대·서울대로 연수 왔어요!",https://ksif.or.kr/cop/bbs/selectBoardArticle.do?nttId=9220000000984&bbsId=BBSMSTR_000000000011&pageIndex=1,2019,무,미부착,,내부확인 필요,공공누리 2~4유형,,,,,,O,,초상권,
1390,세종학당재단,HOME > 홍보마당 > 보도자료,보도자료,"세종학당재단-우상호 의원실, ‘한류와 세종학당’ 주제로 국회토론회 개최",https://ksif.or.kr/cop/bbs/selectBoardArticle.do?nttId=9220000000983&bbsId=BBSMSTR_000000000011&pageIndex=1,2019,무,미부착,,내부확인 필요,공공누리 2~4유형,,,,,O,,,외부이미지 포함,
1391,세종학당재단,HOME > 홍보마당 > 보도자료,보도자료,"MBN 훈맨정음, 아시아-아프리카 세종학당 학습자 대상 장학금 후원",https://ksif.or.kr/cop/bbs/selectBoardArticle.do?nttId=9220000000861&bbsId=BBSMSTR_000000000011&pageIndex=1,2019,무,미부착,,내부확인 필요,공공누리 2~4유형,,,,,,O,,초상권,
1392,세종학당재단,HOME > 홍보마당 > 보도자료,보도자료,"40만 외국인이 선택한 세종한국어 앱, 중‧고급자용 신규 출시",https://ksif.or.kr/cop/bbs/selectBoardArticle.do?nttId=9220000001463&bbsId=BBSMSTR_000000000011&pageIndex=1,2019,무,미부착,,개방 가능,공공누리 1유형,,,O,,,,,보도자료,
1393,세종학당재단,HOME > 홍보마당 > 보도자료,보도자료,세종학당재단-아시아발전재단-태권도진흥재단 MOU 체결,https://ksif.or.kr/cop/bbs/selectBoardArticle.do?nttId=9220000000771&bbsId=BBSMSTR_000000000011&pageIndex=1,2019,무,미부착,,내부확인 필요,공공누리 2~4유형,,,,,,O,,초상권,
1394,세종학당재단,HOME > 홍보마당 > 보도자료,보도자료,"세종학당재단, 온라인 한국어 레벨테스트 첫 도입",https://ksif.or.kr/cop/bbs/selectBoardArticle.do?nttId=9220000000752&bbsId=BBSMSTR_000000000011&pageIndex=1,2019,무,미부착,,개방 가능,공공누리 1유형,,,O,,,,,보도자료,
1395,세종학당재단,HOME > 홍보마당 > 보도자료,보도자료,"한국어 말하기대회 수상자 3인, 한국으로 어학연수 왔어요",https://ksif.or.kr/cop/bbs/selectBoardArticle.do?nttId=9220000000751&bbsId=BBSMSTR_000000000011&pageIndex=1,2019,무,미부착,,내부확인 필요,공공누리 2~4유형,,,,,,O,,초상권,
1396,세종학당재단,HOME > 홍보마당 > 보도자료,보도자료,베트남 세종학당 총괄 지원하는 거점 세종학당 개원,https://ksif.or.kr/cop/bbs/selectBoardArticle.do?nttId=9220000000730&bbsId=BBSMSTR_000000000011&pageIndex=1,2019,무,미부착,,개방 가능,공공누리 1유형,,,O,,,,,보도자료,
1397,세종학당재단,HOME > 홍보마당 > 보도자료,보도자료,"세종학당, 크리에이터들과 협력해 한베 문화 교류 나선다",https://ksif.or.kr/cop/bbs/selectBoardArticle.do?nttId=9220000000729&bbsId=BBSMSTR_000000000011&pageIndex=1,2019,무,미부착,,내부확인 필요,공공누리 2~4유형,,,,,,O,,초상권,
1398,세종학당재단,HOME > 홍보마당 > 보도자료,보도자료,"한국문화-예술계 대학생들, 한류 바람 타고 해외 진출",https://ksif.or.kr/cop/bbs/selectBoardArticle.do?nttId=9220000000728&bbsId=BBSMSTR_000000000011&pageIndex=1,2019,무,미부착,,내부확인 필요,공공누리 2~4유형,,,,,,O,,초상권,
1399,세종학당재단,HOME > 홍보마당 > 보도자료,보도자료,"세종학당재단, 아시아발전재단과 MOU 체결",https://ksif.or.kr/cop/bbs/selectBoardArticle.do?nttId=9220000000727&bbsId=BBSMSTR_000000000011&pageIndex=1,2019,무,미부착,,내부확인 필요,공공누리 2~4유형,,,,,,O,,초상권,
1400,세종학당재단,HOME > 홍보마당 > 보도자료,보도자료,"세종학당재단, 한국여행 꿈꾸는 외국인을 위한 <여행한국어> 교재 공개",https://ksif.or.kr/cop/bbs/selectBoardArticle.do?nttId=9220000000715&bbsId=BBSMSTR_000000000011&pageIndex=1,2019,무,미부착,,내부확인 필요,공공누리 2~4유형,,,,,O,,,외부이미지 포함,
1401,세종학당재단,HOME > 홍보마당 > 보도자료,보도자료,"세종학당재단, 한국어 교육 관련 학회와 MOU 체결",https://ksif.or.kr/cop/bbs/selectBoardArticle.do?nttId=9220000000681&bbsId=BBSMSTR_000000000011&pageIndex=1,2019,무,미부착,,내부확인 필요,공공누리 2~4유형,,,,,,O,,초상권,
1402,세종학당재단,HOME > 홍보마당 > 보도자료,보도자료,‘누리-세종학당’ 굿콘텐츠서비스인증 획득,https://ksif.or.kr/cop/bbs/selectBoardArticle.do?nttId=9220000000639&bbsId=BBSMSTR_000000000011&pageIndex=1,2018,무,미부착,,개방 가능,공공누리 1유형,,,O,,,,,보도자료,
1403,세종학당재단,HOME > 홍보마당 > 보도자료,보도자료,"세종학당재단, 국외 파견 한국어 교원 국내 교육 실시",https://ksif.or.kr/cop/bbs/selectBoardArticle.do?nttId=9220000000638&bbsId=BBSMSTR_000000000011&pageIndex=1,2018,무,미부착,,내부확인 필요,공공누리 2~4유형,,,,,,O,,초상권,
1404,세종학당재단,HOME > 홍보마당 > 보도자료,보도자료,"세종학당재단-KBS, 업무협약 체결",https://ksif.or.kr/cop/bbs/selectBoardArticle.do?nttId=9220000000635&bbsId=BBSMSTR_000000000011&pageIndex=1,2018,무,미부착,,개방 가능,공공누리 1유형,,,O,,,,,보도자료,
1405,세종학당재단,HOME > 홍보마당 > 보도자료,보도자료,"세종학당재단, ‘제11회 대한민국소셜미디어대상’ 수상",https://ksif.or.kr/cop/bbs/selectBoardArticle.do?nttId=9220000000614&bbsId=BBSMSTR_000000000011&pageIndex=1,2018,무,미부착,,내부확인 필요,공공누리 2~4유형,,,,,,O,,초상권,
1406,세종학당재단,HOME > 홍보마당 > 보도자료,보도자료,"세종학당재단-인민망, 20일 업무협약 체결",https://ksif.or.kr/cop/bbs/selectBoardArticle.do?nttId=9220000000611&bbsId=BBSMSTR_000000000011&pageIndex=1,2018,무,미부착,,내부확인 필요,공공누리 2~4유형,,,,,,O,,초상권,
1407,세종학당재단,HOME > 홍보마당 > 보도자료,보도자료,런던을 밝힌 우리의 언어와 문화,https://ksif.or.kr/cop/bbs/selectBoardArticle.do?nttId=9220000000596&bbsId=BBSMSTR_000000000011&pageIndex=1,2018,무,미부착,,내부확인 필요,공공누리 2~4유형,,,,,,O,,초상권,
1408,세종학당재단,HOME > 홍보마당 > 보도자료,보도자료,"세종학당재단, 런던에서 한글과 한국문화 알려",https://ksif.or.kr/cop/bbs/selectBoardArticle.do?nttId=9220000000595&bbsId=BBSMSTR_000000000011&pageIndex=1,2018,무,미부착,,내부확인 필요,공공누리 2~4유형,,,,,,O,,초상권,
1409,세종학당재단,HOME > 홍보마당 > 보도자료,보도자료,"세계인이 함께 즐기는 한국어, 한국문화",https://ksif.or.kr/cop/bbs/selectBoardArticle.do?nttId=9220000000594&bbsId=BBSMSTR_000000000011&pageIndex=1,2018,무,미부착,,내부확인 필요,공공누리 2~4유형,,,,,,O,,초상권,
1410,세종학당재단,HOME > 홍보마당 > 보도자료,보도자료,"세종학당재단, 유럽 지역 세종학당 위한 워크숍 열어",https://ksif.or.kr/cop/bbs/selectBoardArticle.do?nttId=9220000000575&bbsId=BBSMSTR_000000000011&pageIndex=1,2018,무,미부착,,내부확인 필요,공공누리 2~4유형,,,,,,O,,초상권,
1411,세종학당재단,HOME > 홍보마당 > 보도자료,보도자료,"세계 각국의 세종학당 학습자들, 한국문화 연수로 갈고닦은 실력 뽐내",https://ksif.or.kr/cop/bbs/selectBoardArticle.do?nttId=9220000000527&bbsId=BBSMSTR_000000000011&pageIndex=1,2018,무,미부착,,내부확인 필요,공공누리 2~4유형,,,,,,O,,초상권,
1412,세종학당재단,HOME > 홍보마당 > 보도자료,보도자료,"인도 세종학당 학습자, 한국어 말하기 대회 우승",https://ksif.or.kr/cop/bbs/selectBoardArticle.do?nttId=9220000000526&bbsId=BBSMSTR_000000000011&pageIndex=1,2018,무,미부착,,내부확인 필요,공공누리 2~4유형,,,,,,O,,초상권,
1413,세종학당재단,HOME > 홍보마당 > 보도자료,보도자료,"50개국 147명 한국어 말하기 대표들, 한자리에 모여",https://ksif.or.kr/cop/bbs/selectBoardArticle.do?nttId=9220000000515&bbsId=BBSMSTR_000000000011&pageIndex=1,2018,무,미부착,,개방 가능,공공누리 1유형,,,O,,,,,보도자료,
1414,세종학당재단,HOME > 홍보마당 > 보도자료,보도자료,세종대왕 즉위 600년 축하하는 전 세계 세종학당 대표들,https://ksif.or.kr/cop/bbs/selectBoardArticle.do?nttId=9220000000514&bbsId=BBSMSTR_000000000011&pageIndex=1,2018,무,미부착,,내부확인 필요,공공누리 2~4유형,,,,,,O,,초상권,
1415,세종학당재단,HOME > 홍보마당 > 보도자료,보도자료,중국인 여행객을 위한 한국어 교육  프로그램 최초 방영,https://ksif.or.kr/cop/bbs/selectBoardArticle.do?nttId=9220000000512&bbsId=BBSMSTR_000000000011&pageIndex=1,2018,무,미부착,,개방 가능,공공누리 1유형,,,O,,,,,보도자료,
1416,세종학당재단,HOME > 홍보마당 > 보도자료,보도자료,전 세계 세종학당 친구들이 한국어로 하나 되어 모인다,https://ksif.or.kr/cop/bbs/selectBoardArticle.do?nttId=9220000000511&bbsId=BBSMSTR_000000000011&pageIndex=1,2018,무,미부착,,개방 가능,공공누리 1유형,,,O,,,,,보도자료,
1417,세종학당재단,HOME > 홍보마당 > 보도자료,보도자료,서남아-아프리카 지역 한국어 교육자 한자리에 모인다,https://ksif.or.kr/cop/bbs/selectBoardArticle.do?nttId=9220000000502&bbsId=BBSMSTR_000000000011&pageIndex=1,2018,무,미부착,,내부확인 필요,공공누리 2~4유형,,,,,,O,,초상권,
1418,세종학당재단,HOME > 홍보마당 > 보도자료,보도자료,"아시아나항공, 미국 거점 세종학당 교육자료 배송 후원",https://ksif.or.kr/cop/bbs/selectBoardArticle.do?nttId=9220000000499&bbsId=BBSMSTR_000000000011&pageIndex=1,2018,무,미부착,,내부확인 필요,공공누리 2~4유형,,,,,,O,,초상권,
1419,세종학당재단,HOME > 홍보마당 > 보도자료,보도자료,"세종학당 한국어 학습 앱, ‘굿콘텐츠서비스인증’ 획득",https://ksif.or.kr/cop/bbs/selectBoardArticle.do?nttId=9220000000489&bbsId=BBSMSTR_000000000011&pageIndex=1,2018,무,미부착,,개방 가능,공공누리 1유형,,,O,,,,,보도자료,
1420,세종학당재단,HOME > 홍보마당 > 보도자료,보도자료,미국 세종학당 총괄 지원하는 거점 세종학당 본격 운영,https://ksif.or.kr/cop/bbs/selectBoardArticle.do?nttId=9220000000488&bbsId=BBSMSTR_000000000011&pageIndex=1,2018,무,미부착,,내부확인 필요,공공누리 2~4유형,,,,,,O,,초상권,
1421,세종학당재단,HOME > 홍보마당 > 보도자료,보도자료,"세종학당재단-아시아나항공, 우즈베키스탄에 도서 전달",https://ksif.or.kr/cop/bbs/selectBoardArticle.do?nttId=9220000000474&bbsId=BBSMSTR_000000000011&pageIndex=1,2018,무,미부착,,내부확인 필요,공공누리 2~4유형,,,,,,O,,초상권,
1422,세종학당재단,HOME > 홍보마당 > 보도자료,보도자료,"얼쑤! 한국의 신명, 사물놀이 남미에 퍼지다",https://ksif.or.kr/cop/bbs/selectBoardArticle.do?nttId=9220000000473&bbsId=BBSMSTR_000000000011&pageIndex=1,2018,무,미부착,,내부확인 필요,공공누리 2~4유형,,,,,,O,,초상권,
1423,세종학당재단,HOME > 홍보마당 > 보도자료,보도자료,"한국어로 빚은 꿈, 중국을 물들이다",https://ksif.or.kr/cop/bbs/selectBoardArticle.do?nttId=9220000000471&bbsId=BBSMSTR_000000000011&pageIndex=1,2018,무,미부착,,내부확인 필요,공공누리 2~4유형,,,,,,O,,초상권,
1424,세종학당재단,HOME > 홍보마당 > 보도자료,보도자료,중국으로 찾아가는 한국어 교원 양성과정,https://ksif.or.kr/cop/bbs/selectBoardArticle.do?nttId=9220000000461&bbsId=BBSMSTR_000000000011&pageIndex=1,2018,무,미부착,,내부확인 필요,공공누리 2~4유형,,,,,,O,,초상권,
1425,세종학당재단,HOME > 홍보마당 > 보도자료,보도자료,「2018 세계한국어교육자대회」 성황리에 폐막,https://ksif.or.kr/cop/bbs/selectBoardArticle.do?nttId=92700199&bbsId=BBSMSTR_000000000011&pageIndex=1,2018,무,미부착,,내부확인 필요,공공누리 2~4유형,,,,,,O,,초상권,
1426,세종학당재단,HOME > 홍보마당 > 보도자료,보도자료,"전 세계 44개국 한국어 선생님, ‘평양냉면’ 삼매경",https://ksif.or.kr/cop/bbs/selectBoardArticle.do?nttId=92700198&bbsId=BBSMSTR_000000000011&pageIndex=1,2018,무,미부착,,내부확인 필요,공공누리 2~4유형,,,,,,O,,초상권,
1427,세종학당재단,HOME > 홍보마당 > 보도자료,보도자료,‘세종학당 우수 운영기관장 초청 연수’ 성료,https://ksif.or.kr/cop/bbs/selectBoardArticle.do?nttId=92700197&bbsId=BBSMSTR_000000000011&pageIndex=1,2018,무,미부착,,내부확인 필요,공공누리 2~4유형,,,,,,O,,초상권,
1428,세종학당재단,HOME > 홍보마당 > 보도자료,보도자료,전 세계 한국어 교육자의 소통과 교류의 장 열려,https://ksif.or.kr/cop/bbs/selectBoardArticle.do?nttId=92700196&bbsId=BBSMSTR_000000000011&pageIndex=1,2018,무,미부착,,내부확인 필요,공공누리 2~4유형,,,,,,O,,초상권,
1429,세종학당재단,HOME > 홍보마당 > 보도자료,보도자료,"세종학당 한국어 교원들의 축제,  ‘세계한국어교육자대회’ 10돌 맞이해",https://ksif.or.kr/cop/bbs/selectBoardArticle.do?nttId=92700195&bbsId=BBSMSTR_000000000011&pageIndex=1,2018,무,미부착,,개방 가능,공공누리 1유형,,,O,,,,,보도자료,
1430,세종학당재단,HOME > 홍보마당 > 보도자료,보도자료,"세종학당재단 대학생 기자단, 한국 알리기에 나선다!",https://ksif.or.kr/cop/bbs/selectBoardArticle.do?nttId=92700194&bbsId=BBSMSTR_000000000011&pageIndex=1,2018,무,미부착,,내부확인 필요,공공누리 2~4유형,,,,,,O,,초상권,
1431,세종학당재단,HOME > 홍보마당 > 보도자료,보도자료,하반기 세종학당 신규 파견 교원 국내 교육 실시,https://ksif.or.kr/cop/bbs/selectBoardArticle.do?nttId=92700193&bbsId=BBSMSTR_000000000011&pageIndex=1,2018,무,미부착,,개방 가능,공공누리 1유형,,,O,,,,,보도자료,
1432,세종학당재단,HOME > 홍보마당 > 보도자료,보도자료,"세종학당재단-한국만화영상진흥원, 22일 업무협약 체결",https://ksif.or.kr/cop/bbs/selectBoardArticle.do?nttId=92700192&bbsId=BBSMSTR_000000000011&pageIndex=1,2018,무,미부착,,개방 가능,공공누리 1유형,,,O,,,,,보도자료,
1433,세종학당재단,HOME > 홍보마당 > 보도자료,보도자료,"세종학당재단, 「세종한국어 회화」교재 출판",https://ksif.or.kr/cop/bbs/selectBoardArticle.do?nttId=92700191&bbsId=BBSMSTR_000000000011&pageIndex=1,2018,무,미부착,,내부확인 필요,공공누리 2~4유형,,,,,O,,,외부이미지 포함,
1434,세종학당재단,HOME > 홍보마당 > 보도자료,보도자료,“세계 곳곳 어디서나 가능한 한국어 학습” 세종학당 16개소 신규 지정,https://ksif.or.kr/cop/bbs/selectBoardArticle.do?nttId=92700190&bbsId=BBSMSTR_000000000011&pageIndex=1,2018,무,미부착,,개방 가능,공공누리 1유형,,,O,,,,,보도자료,
1435,세종학당재단,HOME > 홍보마당 > 보도자료,보도자료,"세종학당재단, 대학생 기자단 모집",https://ksif.or.kr/cop/bbs/selectBoardArticle.do?nttId=92700189&bbsId=BBSMSTR_000000000011&pageIndex=1,2018,무,미부착,,개방 가능,공공누리 1유형,,,O,,,,,보도자료,
1436,세종학당재단,HOME > 홍보마당 > 보도자료,보도자료,"레드벨벳, ‘누리-세종학당’ 홍보영상에 재능기부",https://ksif.or.kr/cop/bbs/selectBoardArticle.do?nttId=92700188&bbsId=BBSMSTR_000000000011&pageIndex=1,2018,무,미부착,,내부확인 필요,공공누리 2~4유형,,,,,,O,,초상권,
1437,세종학당재단,HOME > 홍보마당 > 보도자료,보도자료,"국내 6개 대학, 세종학당 장학사업 참여 ",https://ksif.or.kr/cop/bbs/selectBoardArticle.do?nttId=92700187&bbsId=BBSMSTR_000000000011&pageIndex=1,2018,무,미부착,,개방 가능,공공누리 1유형,,,O,,,,,보도자료,
1438,세종학당재단,HOME > 홍보마당 > 보도자료,보도자료,한국어 ‘유형별 학습 앱’ 받아가세요!,https://ksif.or.kr/cop/bbs/selectBoardArticle.do?nttId=92700186&bbsId=BBSMSTR_000000000011&pageIndex=1,2018,무,미부착,,개방 가능,공공누리 1유형,,,O,,,,,보도자료,
1439,세종학당재단,HOME > 홍보마당 > 보도자료,보도자료,"㈜에바텍코리아, 세종학당 학습자 대상 장학금 기부",https://ksif.or.kr/cop/bbs/selectBoardArticle.do?nttId=92700185&bbsId=BBSMSTR_000000000011&pageIndex=1,2018,무,미부착,,개방 가능,공공누리 1유형,,,O,,,,,보도자료,
1440,세종학당재단,HOME > 홍보마당 > 보도자료,보도자료,아이티에 기업연계형 세종학당 세운다,https://ksif.or.kr/cop/bbs/selectBoardArticle.do?nttId=92700183&bbsId=BBSMSTR_000000000011&pageIndex=1,2017,무,미부착,,내부확인 필요,공공누리 2~4유형,,,,,,O,,초상권,
1441,세종학당재단,HOME > 홍보마당 > 보도자료,보도자료,"세종학당재단-전주시, 27일 업무협약 체결",https://ksif.or.kr/cop/bbs/selectBoardArticle.do?nttId=92700184&bbsId=BBSMSTR_000000000011&pageIndex=1,2017,무,미부착,,개방 가능,공공누리 1유형,,,O,,,,,보도자료,
1442,세종학당재단,HOME > 홍보마당 > 보도자료,보도자료,"세종학당재단-한컴그룹, 21일 업무협약 체결",https://ksif.or.kr/cop/bbs/selectBoardArticle.do?nttId=92700182&bbsId=BBSMSTR_000000000011&pageIndex=1,2017,무,미부착,,개방 가능,공공누리 1유형,,,O,,,,,보도자료,
1443,세종학당재단,HOME > 홍보마당 > 보도자료,보도자료,"세종학당재단-아시아나항공, 印尼 세종학당에 도서 전달",https://ksif.or.kr/cop/bbs/selectBoardArticle.do?nttId=92700181&bbsId=BBSMSTR_000000000011&pageIndex=1,2017,무,미부착,,내부확인 필요,공공누리 2~4유형,,,,,,O,,초상권,
1444,세종학당재단,HOME > 홍보마당 > 보도자료,보도자료,세종한국어 어휘학습 앱 정부 품질 인증,https://ksif.or.kr/cop/bbs/selectBoardArticle.do?nttId=92700180&bbsId=BBSMSTR_000000000011&pageIndex=1,2017,무,미부착,,개방 가능,공공누리 1유형,,,O,,,,,보도자료,
1445,세종학당재단,HOME > 홍보마당 > 보도자료,보도자료,동남아시아 한국어 교육자 100여명 한자리에 모인다,https://ksif.or.kr/cop/bbs/selectBoardArticle.do?nttId=92700179&bbsId=BBSMSTR_000000000011&pageIndex=1,2017,무,미부착,,개방 가능,공공누리 1유형,,,O,,,,,보도자료,
1446,세종학당재단,HOME > 홍보마당 > 보도자료,보도자료,"베를린국제언어박람회에 참가, 한글관 운영",https://ksif.or.kr/cop/bbs/selectBoardArticle.do?nttId=92700178&bbsId=BBSMSTR_000000000011&pageIndex=1,2017,무,미부착,,개방 가능,공공누리 1유형,,,O,,,,,보도자료,
1447,세종학당재단,HOME > 홍보마당 > 보도자료,보도자료,세종학당 첫 터전 몽골서 한국어 세계화 다짐,https://ksif.or.kr/cop/bbs/selectBoardArticle.do?nttId=92700177&bbsId=BBSMSTR_000000000011&pageIndex=1,2017,무,미부착,,개방 가능,공공누리 1유형,,,O,,,,,보도자료,
1448,세종학당재단,HOME > 홍보마당 > 보도자료,보도자료,"국민배우 안성기, 한류스타 레드벨벳, 세종학당 홍보대사로 위촉",https://ksif.or.kr/cop/bbs/selectBoardArticle.do?nttId=92700176&bbsId=BBSMSTR_000000000011&pageIndex=1,2017,무,미부착,,내부확인 필요,공공누리 2~4유형,,,,,,O,,초상권,
1449,세종학당재단,HOME > 홍보마당 > 보도자료,보도자료,"인도네시아 세종학당 학습자, 한국어 말하기 대회 우승 ",https://ksif.or.kr/cop/bbs/selectBoardArticle.do?nttId=92700175&bbsId=BBSMSTR_000000000011&pageIndex=1,2017,무,미부착,,내부확인 필요,공공누리 2~4유형,,,,,,O,,초상권,
1450,세종학당재단,HOME > 홍보마당 > 보도자료,보도자료,“축하해요! 세종학당 10주년”,https://ksif.or.kr/cop/bbs/selectBoardArticle.do?nttId=92700174&bbsId=BBSMSTR_000000000011&pageIndex=1,2017,무,미부착,,내부확인 필요,공공누리 2~4유형,,,,,,O,,초상권,
1451,세종학당재단,HOME > 홍보마당 > 보도자료,보도자료,"전 세계 세종학당 대표들, 우리말 실력 겨룬다.",https://ksif.or.kr/cop/bbs/selectBoardArticle.do?nttId=92700173&bbsId=BBSMSTR_000000000011&pageIndex=1,2017,무,미부착,,내부확인 필요,공공누리 2~4유형,,,,,,O,,초상권,
1452,세종학당재단,HOME > 홍보마당 > 보도자료,보도자료,한국어로 통하는 전 세계 54개국 세종학당 친구들이 온다,https://ksif.or.kr/cop/bbs/selectBoardArticle.do?nttId=92700172&bbsId=BBSMSTR_000000000011&pageIndex=1,2017,무,미부착,,내부확인 필요,공공누리 2~4유형,,,,,O,O,,"외부이미지, 초상권",
1453,세종학당재단,HOME > 홍보마당 > 보도자료,보도자료,"세종학당 한국어 교원 양성과정, 현장 실습 진행",https://ksif.or.kr/cop/bbs/selectBoardArticle.do?nttId=92700171&bbsId=BBSMSTR_000000000011&pageIndex=1,2017,무,미부착,,내부확인 필요,공공누리 2~4유형,,,,,,O,,초상권,
1454,세종학당재단,HOME > 홍보마당 > 보도자료,보도자료,지구 반대편 아메리카 지역 한국어 교육자들 한자리에 모이다,https://ksif.or.kr/cop/bbs/selectBoardArticle.do?nttId=92700170&bbsId=BBSMSTR_000000000011&pageIndex=1,2017,무,미부착,,내부확인 필요,공공누리 2~4유형,,,,,,O,,초상권,
1455,세종학당재단,HOME > 홍보마당 > 보도자료,보도자료,‘누리-세종학당’회원 가입자 10만명 달성,https://ksif.or.kr/cop/bbs/selectBoardArticle.do?nttId=92700169&bbsId=BBSMSTR_000000000011&pageIndex=1,2017,무,미부착,,개방 가능,공공누리 1유형,,,O,,,,,보도자료,
1456,세종학당재단,HOME > 홍보마당 > 보도자료,보도자료,중앙아시아 지역 한국어 교육 소통·교류의 장 열려,https://ksif.or.kr/cop/bbs/selectBoardArticle.do?nttId=92700168&bbsId=BBSMSTR_000000000011&pageIndex=1,2017,무,미부착,,내부확인 필요,공공누리 2~4유형,,,,,,O,,초상권,
1457,세종학당재단,HOME > 홍보마당 > 보도자료,보도자료,"세종학당재단, 처음으로 찾아가는 세종학당 한국어 교원 양성과정 운영",https://ksif.or.kr/cop/bbs/selectBoardArticle.do?nttId=92700167&bbsId=BBSMSTR_000000000011&pageIndex=1,2017,무,미부착,,내부확인 필요,공공누리 2~4유형,,,,,,O,,초상권,
1458,세종학당재단,HOME > 홍보마당 > 보도자료,보도자료,「2017 세계한국어교육자대회」 성황리에 마쳐 ,https://ksif.or.kr/cop/bbs/selectBoardArticle.do?nttId=92700166&bbsId=BBSMSTR_000000000011&pageIndex=1,2017,무,미부착,,내부확인 필요,공공누리 2~4유형,,,,,,O,,초상권,
1459,세종학당재단,HOME > 홍보마당 > 보도자료,보도자료,세계 곳곳서 활약하는 해외 한국어 선생님들 한자리에,https://ksif.or.kr/cop/bbs/selectBoardArticle.do?nttId=92700165&bbsId=BBSMSTR_000000000011&pageIndex=1,2017,무,미부착,,내부확인 필요,공공누리 2~4유형,,,,,,O,,초상권,
1460,세종학당재단,HOME > 홍보마당 > 보도자료,보도자료,"세종학당재단, 「연합뉴스」와 손잡고 세계인에게 한국 소식 전달",https://ksif.or.kr/cop/bbs/selectBoardArticle.do?nttId=92700164&bbsId=BBSMSTR_000000000011&pageIndex=1,2017,무,미부착,,내부확인 필요,공공누리 2~4유형,,,,,,O,,초상권,
1461,세종학당재단,HOME > 홍보마당 > 보도자료,보도자료,"세종학당재단, 한국공예·디자인문화진흥원과 업무협약 체결",https://ksif.or.kr/cop/bbs/selectBoardArticle.do?nttId=92700163&bbsId=BBSMSTR_000000000011&pageIndex=1,2017,무,미부착,,개방 가능,공공누리 1유형,,,O,,,,,보도자료,
1462,세종학당재단,HOME > 홍보마당 > 보도자료,보도자료,누리-세종학당 다국적 홍보대사 ‘누리벗 4기’ 발대식 개최,https://ksif.or.kr/cop/bbs/selectBoardArticle.do?nttId=92700162&bbsId=BBSMSTR_000000000011&pageIndex=1,2017,무,미부착,,내부확인 필요,공공누리 2~4유형,,,,,,O,,초상권,
1463,세종학당재단,HOME > 홍보마당 > 보도자료,보도자료,"역대 최고 경쟁률을 뚫고, 세종학당 6개소 신규 지정",https://ksif.or.kr/cop/bbs/selectBoardArticle.do?nttId=92700160&bbsId=BBSMSTR_000000000011&pageIndex=1,2017,무,미부착,,개방 가능,공공누리 1유형,,,O,,,,,보도자료,
1464,세종학당재단,HOME > 홍보마당 > 보도자료,보도자료,"세종학당재단, 「아시아나항공」과 손잡고 해외 한국어 학습자 지원",https://ksif.or.kr/cop/bbs/selectBoardArticle.do?nttId=92700161&bbsId=BBSMSTR_000000000011&pageIndex=1,2017,무,미부착,,내부확인 필요,공공누리 2~4유형,,,,,,O,,초상권,
1465,세종학당재단,HOME > 홍보마당 > 보도자료,보도자료,해외 세종학당에서 고품격 문화프로그램「세종문화아카데미」시행,https://ksif.or.kr/cop/bbs/selectBoardArticle.do?nttId=92700159&bbsId=BBSMSTR_000000000011&pageIndex=1,2017,무,미부착,,내부확인 필요,공공누리 2~4유형,,,,,,O,,초상권,
1466,세종학당재단,HOME > 홍보마당 > 보도자료,보도자료,"세종학당재단, 평창동계올림픽 홍보존 설치·운영",https://ksif.or.kr/cop/bbs/selectBoardArticle.do?nttId=92700158&bbsId=BBSMSTR_000000000011&pageIndex=1,2017,무,미부착,,개방 가능,공공누리 1유형,,,O,,,,,보도자료,
1467,세종학당재단,HOME > 홍보마당 > 보도자료,보도자료,"세종학당 우수 수강생, 한국 유학의 꿈을 이루다",https://ksif.or.kr/cop/bbs/selectBoardArticle.do?nttId=92700157&bbsId=BBSMSTR_000000000011&pageIndex=1,2017,무,미부착,,개방 가능,공공누리 1유형,,,O,,,,,보도자료,
1468,세종학당재단,HOME > 홍보마당 > 보도자료,보도자료,세종학당재단 청사 이전 기념식 29일(화) 개최,https://ksif.or.kr/cop/bbs/selectBoardArticle.do?nttId=92700155&bbsId=BBSMSTR_000000000011&pageIndex=1,2016,무,미부착,,내부확인 필요,공공누리 2~4유형,,,,,,O,,초상권,
1469,세종학당재단,HOME > 홍보마당 > 보도자료,보도자료,“한국어 배우지 마세요”이색 한국어 홍보 영상 공개,https://ksif.or.kr/cop/bbs/selectBoardArticle.do?nttId=92700154&bbsId=BBSMSTR_000000000011&pageIndex=1,2016,무,미부착,,내부확인 필요,공공누리 2~4유형,,,,,,O,,초상권,
1470,세종학당재단,HOME > 홍보마당 > 보도자료,보도자료,2017년 신규 세종학당 지정 신청 접수 시작,https://ksif.or.kr/cop/bbs/selectBoardArticle.do?nttId=92700153&bbsId=BBSMSTR_000000000011&pageIndex=1,2016,무,미부착,,내부확인 필요,공공누리 2~4유형,,,,,,O,,초상권,
1471,세종학당재단,HOME > 홍보마당 > 보도자료,보도자료,유럽 지역 세종학당 협력과 교류의 장 열린다,https://ksif.or.kr/cop/bbs/selectBoardArticle.do?nttId=92700156&bbsId=BBSMSTR_000000000011&pageIndex=1,2016,무,미부착,,개방 가능,공공누리 1유형,,,O,,,,,보도자료,
1472,세종학당재단,HOME > 홍보마당 > 보도자료,보도자료,"베트남 꾸이년 세종학당, 용산구청 협업으로 개원",https://ksif.or.kr/cop/bbs/selectBoardArticle.do?nttId=92700152&bbsId=BBSMSTR_000000000011&pageIndex=1,2016,무,미부착,,개방 가능,공공누리 1유형,,,O,,,,,보도자료,
1473,세종학당재단,HOME > 홍보마당 > 보도자료,보도자료,‘한국교육원 세종학당’ 첫발 뗀다,https://ksif.or.kr/cop/bbs/selectBoardArticle.do?nttId=92700151&bbsId=BBSMSTR_000000000011&pageIndex=1,2016,무,미부착,,개방 가능,공공누리 1유형,,,O,,,,,보도자료,
1474,세종학당재단,HOME > 홍보마당 > 보도자료,보도자료,"한국어 온라인 배움터, ‘누리-세종학당’ 전면 개편",https://ksif.or.kr/cop/bbs/selectBoardArticle.do?nttId=92700150&bbsId=BBSMSTR_000000000011&pageIndex=1,2016,무,미부착,,개방 가능,공공누리 1유형,,,O,,,,,보도자료,
1475,세종학당재단,HOME > 홍보마당 > 보도자료,보도자료,2017년 전 세계 세종학당 파견 예정 한국어 교원 선발,https://ksif.or.kr/cop/bbs/selectBoardArticle.do?nttId=92700149&bbsId=BBSMSTR_000000000011&pageIndex=1,2016,무,미부착,,개방 가능,공공누리 1유형,,,O,,,,,보도자료,
1476,세종학당재단,HOME > 홍보마당 > 보도자료,보도자료,"세종학당 수강생, 한국외대 전액 장학생 길 열려",https://ksif.or.kr/cop/bbs/selectBoardArticle.do?nttId=92700148&bbsId=BBSMSTR_000000000011&pageIndex=1,2016,무,미부착,,개방 가능,공공누리 1유형,,,O,,,,,보도자료,
1477,세종학당재단,HOME > 홍보마당 > 보도자료,보도자료,“한국이 좋아요!”전 세계 세종학당 친구들이 모인다,https://ksif.or.kr/cop/bbs/selectBoardArticle.do?nttId=92700147&bbsId=BBSMSTR_000000000011&pageIndex=1,2016,무,미부착,,개방 가능,공공누리 1유형,,,O,,,,,보도자료,
1478,세종학당재단,HOME > 홍보마당 > 보도자료,보도자료,"세종학당 한국어 교원 양성과정, 현장실습 진행",https://ksif.or.kr/cop/bbs/selectBoardArticle.do?nttId=92700146&bbsId=BBSMSTR_000000000011&pageIndex=1,2016,무,미부착,,개방 가능,공공누리 1유형,,,O,,,,,보도자료,
1479,세종학당재단,HOME > 홍보마당 > 보도자료,보도자료,"미얀마 내 첫 세종학당, 민간 협력으로 개설",https://ksif.or.kr/cop/bbs/selectBoardArticle.do?nttId=92700145&bbsId=BBSMSTR_000000000011&pageIndex=1,2016,무,미부착,,개방 가능,공공누리 1유형,,,O,,,,,보도자료,
1480,세종학당재단,HOME > 홍보마당 > 보도자료,보도자료,민간연계 기업후원형 세종학당 베트남 하노이 시에 첫 설립,https://ksif.or.kr/cop/bbs/selectBoardArticle.do?nttId=92700144&bbsId=BBSMSTR_000000000011&pageIndex=1,2016,무,미부착,,개방 가능,공공누리 1유형,,,O,,,,,보도자료,
1481,세종학당재단,HOME > 홍보마당 > 보도자료,보도자료,"세종학당 한국어 선생님들의 축제, 제8회 세계한국어교육자대회 개막",https://ksif.or.kr/cop/bbs/selectBoardArticle.do?nttId=92700143&bbsId=BBSMSTR_000000000011&pageIndex=1,2016,무,미부착,,개방 가능,공공누리 1유형,,,O,,,,,보도자료,
1482,세종학당재단,HOME > 홍보마당 > 보도자료,보도자료,"한국문화 체험하고 싶은 외국인, 세계 곳곳 세종학당으로 오세요",https://ksif.or.kr/cop/bbs/selectBoardArticle.do?nttId=92700142&bbsId=BBSMSTR_000000000011&pageIndex=1,2016,무,미부착,,개방 가능,공공누리 1유형,,,O,,,,,보도자료,
1483,세종학당재단,HOME > 홍보마당 > 보도자료,보도자료,세종학당재단-용산구 업무협약 통한 한국어 해외 보급 확대,https://ksif.or.kr/cop/bbs/selectBoardArticle.do?nttId=92700141&bbsId=BBSMSTR_000000000011&pageIndex=1,2016,무,미부착,,개방 가능,공공누리 1유형,,,O,,,,,보도자료,
1484,세종학당재단,HOME > 홍보마당 > 보도자료,보도자료,"세종학당재단, 세종학당 13곳 시설 개선 지원",https://ksif.or.kr/cop/bbs/selectBoardArticle.do?nttId=92700140&bbsId=BBSMSTR_000000000011&pageIndex=1,2016,무,미부착,,개방 가능,공공누리 1유형,,,O,,,,,보도자료,
1485,세종학당재단,HOME > 홍보마당 > 보도자료,보도자료,"세종학당 9개소 신규 지정, ‘세계 속 한국어·한국문화 보급 대표 브랜드로’",https://ksif.or.kr/cop/bbs/selectBoardArticle.do?nttId=92700139&bbsId=BBSMSTR_000000000011&pageIndex=1,2016,무,미부착,,개방 가능,공공누리 1유형,,,O,,,,,보도자료,
1486,세종학당재단,HOME > 홍보마당 > 보도자료,보도자료,"항저우 세종학당, ‘세종문화아카데미’ 시범 운영",https://ksif.or.kr/cop/bbs/selectBoardArticle.do?nttId=92700138&bbsId=BBSMSTR_000000000011&pageIndex=1,2016,무,미부착,,개방 가능,공공누리 1유형,,,O,,,,,보도자료,
1487,세종학당재단,HOME > 홍보마당 > 보도자료,보도자료,"세종학당, 해외에서 ‘한국문화가 있는 날’ 개최한다",https://ksif.or.kr/cop/bbs/selectBoardArticle.do?nttId=92700137&bbsId=BBSMSTR_000000000011&pageIndex=1,2016,무,미부착,,개방 가능,공공누리 1유형,,,O,,,,,보도자료,
1488,세종학당재단,HOME > 홍보마당 > 보도자료,보도자료,"한류스타 비투비 육성재 씨, 세종학당 홍보대사로 위촉",https://ksif.or.kr/cop/bbs/selectBoardArticle.do?nttId=92700136&bbsId=BBSMSTR_000000000011&pageIndex=1,2016,무,미부착,,내부확인 필요,공공누리 2~4유형,,,,,,O,,초상권,
1489,세종학당재단,HOME > 홍보마당 > 보도자료,보도자료,"세종학당재단, 누리-세종학당 홍보대사 ‘누리벗’ 3기 모집",https://ksif.or.kr/cop/bbs/selectBoardArticle.do?nttId=92700135&bbsId=BBSMSTR_000000000011&pageIndex=1,2016,무,미부착,,개방 가능,공공누리 1유형,,,O,,,,,보도자료,
1490,세종학당재단,HOME > 홍보마당 > 보도자료,보도자료,"캐나다․이스라엘 출신 등 외국인이 본 한국문화, 웹툰으로 만든다",https://ksif.or.kr/cop/bbs/selectBoardArticle.do?nttId=92700134&bbsId=BBSMSTR_000000000011&pageIndex=1,2016,무,미부착,,개방 가능,공공누리 1유형,,,O,,,,,보도자료,
1491,세종학당재단,HOME > 홍보마당 > 보도자료,보도자료,세종학당 한국어 말하기 대회 세계 곳곳서 예선,https://ksif.or.kr/cop/bbs/selectBoardArticle.do?nttId=92700133&bbsId=BBSMSTR_000000000011&pageIndex=1,2016,무,미부착,,개방 가능,공공누리 1유형,,,O,,,,,보도자료,
1492,세종학당재단,HOME > 홍보마당 > 보도자료,보도자료,"외국인이 바라본 한국 문화, 웹툰으로 만든다 ",https://ksif.or.kr/cop/bbs/selectBoardArticle.do?nttId=92700132&bbsId=BBSMSTR_000000000011&pageIndex=1,2016,무,미부착,,개방 가능,공공누리 1유형,,,O,,,,,보도자료,
1493,세종학당재단,HOME > 홍보마당 > 보도자료,보도자료,"한국어 교원·문화 인턴 90명, 33개국 58개소 세종학당 파견",https://ksif.or.kr/cop/bbs/selectBoardArticle.do?nttId=92700131&bbsId=BBSMSTR_000000000011&pageIndex=1,2016,무,미부착,,개방 가능,공공누리 1유형,,,O,,,,,보도자료,
1494,세종학당재단,HOME > 홍보마당 > 보도자료,보도자료,2016년 신규 지정 「세종학당」 공모,https://ksif.or.kr/cop/bbs/selectBoardArticle.do?nttId=92700130&bbsId=BBSMSTR_000000000011&pageIndex=1,2015,무,미부착,,개방 가능,공공누리 1유형,,,O,,,,,고시·공고,
1495,세종학당재단,HOME > 홍보마당 > 보도자료,보도자료,유라시아 지역 세종학당 교류의 장 열린다,https://ksif.or.kr/cop/bbs/selectBoardArticle.do?nttId=92700129&bbsId=BBSMSTR_000000000011&pageIndex=1,2015,무,미부착,,개방 가능,공공누리 1유형,,,O,,,,,보도자료,
1496,세종학당재단,HOME > 홍보마당 > 보도자료,보도자료,"베트남 달랏 세종학당, KB 국민카드 후원으로 교육환경 개선",https://ksif.or.kr/cop/bbs/selectBoardArticle.do?nttId=92700128&bbsId=BBSMSTR_000000000011&pageIndex=1,2015,무,미부착,,개방 가능,공공누리 1유형,,,O,,,,,보도자료,
1497,세종학당재단,HOME > 홍보마당 > 보도자료,보도자료,한글과 세계인 간 만남의 장 런던서 열린다,https://ksif.or.kr/cop/bbs/selectBoardArticle.do?nttId=92700127&bbsId=BBSMSTR_000000000011&pageIndex=1,2015,무,미부착,,내부확인 필요,공공누리 2~4유형,,,,,O,,,외부이미지 포함,
1498,세종학당재단,HOME > 홍보마당 > 보도자료,보도자료,"한글날, 세종학당 친구들과 서울에서 만나요!",https://ksif.or.kr/cop/bbs/selectBoardArticle.do?nttId=92700126&bbsId=BBSMSTR_000000000011&pageIndex=1,2015,무,미부착,,내부확인 필요,공공누리 2~4유형,,,,,O,,,외부이미지 포함,
1499,세종학당재단,HOME > 홍보마당 > 보도자료,보도자료,"세종학당 학습자, 한국방송공사(KBS) 인기 아나운서 1일 지도 받는다",https://ksif.or.kr/cop/bbs/selectBoardArticle.do?nttId=92700125&bbsId=BBSMSTR_000000000011&pageIndex=1,2015,무,미부착,,내부확인 필요,공공누리 2~4유형,,,,,O,,,외부이미지 포함,
1500,세종학당재단,HOME > 홍보마당 > 보도자료,보도자료,세종학당 한국어 말하기 대회 본선 진출자 도우미 모집,https://ksif.or.kr/cop/bbs/selectBoardArticle.do?nttId=92700124&bbsId=BBSMSTR_000000000011&pageIndex=1,2015,무,미부착,,개방 가능,공공누리 1유형,,,O,,,,,보도자료,
1501,세종학당재단,HOME > 홍보마당 > 보도자료,보도자료,2016년 전 세계 세종학당 파견 한국어 전문 교원 선발,https://ksif.or.kr/cop/bbs/selectBoardArticle.do?nttId=92700123&bbsId=BBSMSTR_000000000011&pageIndex=1,2015,무,미부착,,개방 가능,공공누리 1유형,,,O,,,,,보도자료,
1502,세종학당재단,HOME > 홍보마당 > 보도자료,보도자료,세종학당 한국어 교육자의 소통과 교류의 장 열린다,https://ksif.or.kr/cop/bbs/selectBoardArticle.do?nttId=92700122&bbsId=BBSMSTR_000000000011&pageIndex=1,2015,무,미부착,,개방 가능,공공누리 1유형,,,O,,,,,보도자료,
1503,세종학당재단,HOME > 홍보마당 > 보도자료,보도자료,세종학당 통한 한국문화 해외 보급 확대한다,https://ksif.or.kr/cop/bbs/selectBoardArticle.do?nttId=92700121&bbsId=BBSMSTR_000000000011&pageIndex=1,2015,무,미부착,,개방 가능,공공누리 1유형,,,O,,,,,보도자료,
1504,세종학당재단,HOME > 홍보마당 > 보도자료,보도자료,세종학당 교원 한국어 교육 역량 키운다,https://ksif.or.kr/cop/bbs/selectBoardArticle.do?nttId=92700120&bbsId=BBSMSTR_000000000011&pageIndex=1,2015,무,미부착,,개방 가능,공공누리 1유형,,,O,,,,,보도자료,
1505,세종학당재단,HOME > 홍보마당 > 보도자료,보도자료,세종학당 우수 한국어 수업 동영상 4점 발표,https://ksif.or.kr/cop/bbs/selectBoardArticle.do?nttId=92700119&bbsId=BBSMSTR_000000000011&pageIndex=1,2015,무,미부착,,개방 가능,공공누리 1유형,,,O,,,,,보도자료,
1506,세종학당재단,HOME > 홍보마당 > 보도자료,보도자료,세종학당 한국어말하기대회 본선 진출자 16명 선발,https://ksif.or.kr/cop/bbs/selectBoardArticle.do?nttId=92700118&bbsId=BBSMSTR_000000000011&pageIndex=1,2015,무,미부착,,개방 가능,공공누리 1유형,,,O,,,,,보도자료,
1507,세종학당재단,HOME > 홍보마당 > 보도자료,보도자료,세종학당재단 상임이사장 송향근 부산외대 교수 임명,https://ksif.or.kr/cop/bbs/selectBoardArticle.do?nttId=92700117&bbsId=BBSMSTR_000000000011&pageIndex=1,2015,무,미부착,,개방 가능,공공누리 1유형,,,O,,,,,보도자료,
1508,세종학당재단,HOME > 홍보마당 > 보도자료,보도자료," 세종학당재단, 중국인과 누리망 실시간 소통",https://ksif.or.kr/cop/bbs/selectBoardArticle.do?nttId=92700116&bbsId=BBSMSTR_000000000011&pageIndex=1,2015,무,미부착,,개방 가능,공공누리 1유형,,,O,,,,,보도자료,
1509,세종학당재단,HOME > 홍보마당 > 보도자료,보도자료,2015 세종학당 누리망 대학생 홍보대사 본격 활동,https://ksif.or.kr/cop/bbs/selectBoardArticle.do?nttId=92700115&bbsId=BBSMSTR_000000000011&pageIndex=1,2015,무,미부착,,개방 가능,공공누리 1유형,,,O,,,,,보도자료,
1510,세종학당재단,HOME > 홍보마당 > 보도자료,보도자료,"세종학당재단, 해외에 한국 대중음악 알린다 18일부터 네이버문화재단 제작 독립음악 영상 ‘누리-세종학당’ 연재",https://ksif.or.kr/cop/bbs/selectBoardArticle.do?nttId=92700114&bbsId=BBSMSTR_000000000011&pageIndex=1,2015,무,미부착,,내부확인 필요,공공누리 2~4유형,,,,,O,,,외부이미지 포함,
1511,세종학당재단,HOME > 홍보마당 > 보도자료,보도자료,한국 전래동화 활용 한국어‧한국문화 교육 우수 사례 공모,https://ksif.or.kr/cop/bbs/selectBoardArticle.do?nttId=92700113&bbsId=BBSMSTR_000000000011&pageIndex=1,2015,무,미부착,,내부확인 필요,공공누리 2~4유형,,,,,O,,,외부이미지 포함(포스터),
1512,세종학당재단,HOME > 홍보마당 > 보도자료,보도자료,저소득국가 한국어·한국문화 보급 위한 교재 지원,https://ksif.or.kr/cop/bbs/selectBoardArticle.do?nttId=92700112&bbsId=BBSMSTR_000000000011&pageIndex=1,2015,무,미부착,,내부확인 필요,공공누리 2~4유형,,,,,O,,,초상권,
1513,세종학당재단,HOME > 홍보마당 > 보도자료,보도자료,“한국어 선생님 감사합니다” 세종학당 캠페인,https://ksif.or.kr/cop/bbs/selectBoardArticle.do?nttId=92700111&bbsId=BBSMSTR_000000000011&pageIndex=1,2015,무,미부착,,내부확인 필요,공공누리 2~4유형,,,,O,,,,외부인 작성 글,
1514,세종학당재단,HOME > 홍보마당 > 보도자료,보도자료,세종학당 한국어말하기대회 세계 곳곳서 예선,https://ksif.or.kr/cop/bbs/selectBoardArticle.do?nttId=92700110&bbsId=BBSMSTR_000000000011&pageIndex=1,2015,무,미부착,,개방 가능,공공누리 1유형,,,O,,,,,보도자료,
1515,세종학당재단,HOME > 홍보마당 > 보도자료,보도자료,베트남 8개 세종학당에 EBS 한국어·한국문화 교육 자료 지원,https://ksif.or.kr/cop/bbs/selectBoardArticle.do?nttId=92700108&bbsId=BBSMSTR_000000000011&pageIndex=1,2015,무,미부착,,내부확인 필요,공공누리 2~4유형,,,,,,O,,초상권,
1516,세종학당재단,HOME > 홍보마당 > 보도자료,보도자료,세종학당 파견 한국어 교원·문화 인턴 활동 종료,https://ksif.or.kr/cop/bbs/selectBoardArticle.do?nttId=92700107&bbsId=BBSMSTR_000000000011&pageIndex=1,2015,무,미부착,,내부확인 필요,공공누리 2~4유형,,,,,,O,,초상권,
1517,세종학당재단,HOME > 홍보마당 > 보도자료,보도자료,"한국문화 영상, 영어 등 4개국어 번역 온라인 제공",https://ksif.or.kr/cop/bbs/selectBoardArticle.do?nttId=92700106&bbsId=BBSMSTR_000000000011&pageIndex=1,2015,무,미부착,,개방 가능,공공누리 1유형,,,O,,,,,보도자료,
1518,세종학당재단,HOME > 홍보마당 > 보도자료,보도자료,한국어 어휘 시청각 학습자료 온라인 제공,https://ksif.or.kr/cop/bbs/selectBoardArticle.do?nttId=92700105&bbsId=BBSMSTR_000000000011&pageIndex=1,2015,무,미부착,,개방 가능,공공누리 1유형,,,O,,,,,보도자료,
1519,세종학당재단,HOME > 홍보마당 > 보도자료,보도자료,2015년 세종학당 파견 한국어교원 발대식 개최,https://ksif.or.kr/cop/bbs/selectBoardArticle.do?nttId=92700104&bbsId=BBSMSTR_000000000011&pageIndex=1,2014,무,미부착,,내부확인 필요,공공누리 2~4유형,,,,,,O,,초상권,
1520,세종학당재단,HOME > 홍보마당 > 보도자료,보도자료,2015년 신규 세종학당 지정 사업설명회 개최,https://ksif.or.kr/cop/bbs/selectBoardArticle.do?nttId=92700103&bbsId=BBSMSTR_000000000011&pageIndex=1,2014,무,미부착,,개방 가능,공공누리 1유형,,,O,,,,,보도자료,
1521,세종학당재단,HOME > 홍보마당 > 보도자료,보도자료,"세종학당재단-한국문화재재단, 5일 업무협약 체결",https://ksif.or.kr/cop/bbs/selectBoardArticle.do?nttId=92700102&bbsId=BBSMSTR_000000000011&pageIndex=1,2014,무,미부착,,개방 가능,공공누리 1유형,,,O,,,,,보도자료,
1522,세종학당재단,HOME > 홍보마당 > 보도자료,보도자료,아세안 한국어 교육자 교류의 장 열린다,https://ksif.or.kr/cop/bbs/selectBoardArticle.do?nttId=92700101&bbsId=BBSMSTR_000000000011&pageIndex=1,2014,무,미부착,,개방 가능,공공누리 1유형,,,O,,,,,보도자료,
1523,세종학당재단,HOME > 홍보마당 > 보도자료,보도자료,"세종학당재단-EBS, 한국어 교육 활성화 협력",https://ksif.or.kr/cop/bbs/selectBoardArticle.do?nttId=92700100&bbsId=BBSMSTR_000000000011&pageIndex=1,2014,무,미부착,,개방 가능,공공누리 1유형,,,O,,,,,보도자료,
1524,세종학당재단,HOME > 홍보마당 > 보도자료,보도자료,"세종학당재단, 법정기부금단체로 지정",https://ksif.or.kr/cop/bbs/selectBoardArticle.do?nttId=92700095&bbsId=BBSMSTR_000000000011&pageIndex=1,2014,무,미부착,,개방 가능,공공누리 1유형,,,O,,,,,보도자료,
1525,세종학당재단,HOME > 홍보마당 > 보도자료,보도자료,"세종학당재단, 만화로 외국인에 한국어‧한국문화 알린다",https://ksif.or.kr/cop/bbs/selectBoardArticle.do?nttId=92700094&bbsId=BBSMSTR_000000000011&pageIndex=1,2014,무,미부착,,개방 가능,공공누리 1유형,,,O,,,,,보도자료,
1526,세종학당재단,HOME > 홍보마당 > 보도자료,보도자료,"47개국서 한국어 배우는 외국인, 한글날 맞아 한국 찾는다",https://ksif.or.kr/cop/bbs/selectBoardArticle.do?nttId=92700093&bbsId=BBSMSTR_000000000011&pageIndex=1,2014,무,미부착,,개방 가능,공공누리 1유형,,,O,,,,,보도자료,
1527,세종학당재단,HOME > 홍보마당 > 보도자료,보도자료,"임권택·안성기, 이탈리아 베네치아 세종학당 방문",https://ksif.or.kr/cop/bbs/selectBoardArticle.do?nttId=92700092&bbsId=BBSMSTR_000000000011&pageIndex=1,2014,무,미부착,,내부확인 필요,공공누리 2~4유형,,,,,O,O,,"외부이미지, 초상권",
1528,세종학당재단,HOME > 홍보마당 > 보도자료,보도자료,"세종학당재단, 한예종 학생 문화교육 인턴 파견",https://ksif.or.kr/cop/bbs/selectBoardArticle.do?nttId=92700091&bbsId=BBSMSTR_000000000011&pageIndex=1,2014,무,미부착,,개방 가능,공공누리 1유형,,,O,,,,,보도자료,
1529,세종학당재단,HOME > 홍보마당 > 보도자료,보도자료,"세종학당재단-한국정보화진흥원, 해외 한국어 보급 협력",https://ksif.or.kr/cop/bbs/selectBoardArticle.do?nttId=92700090&bbsId=BBSMSTR_000000000011&pageIndex=1,2014,무,미부착,,개방 가능,공공누리 1유형,,,O,,,,,보도자료,
1530,세종학당재단,HOME > 홍보마당 > 보도자료,보도자료,전 세계 세종학당 교원 등 230여 명 한자리에,https://ksif.or.kr/cop/bbs/selectBoardArticle.do?nttId=92700099&bbsId=BBSMSTR_000000000011&pageIndex=1,2014,무,미부착,,개방 가능,공공누리 1유형,,,O,,,,,보도자료,
1531,세종학당재단,HOME > 홍보마당 > 보도자료,보도자료,세계 세종학당에 한복 지원,https://ksif.or.kr/cop/bbs/selectBoardArticle.do?nttId=92700089&bbsId=BBSMSTR_000000000011&pageIndex=1,2014,무,미부착,,내부확인 필요,공공누리 2~4유형,,,,,,O,,초상권,
1532,세종학당재단,HOME > 홍보마당 > 보도자료,보도자료,2014년 세종학당 130개소로 확대,https://ksif.or.kr/cop/bbs/selectBoardArticle.do?nttId=92700098&bbsId=BBSMSTR_000000000011&pageIndex=1,2014,무,미부착,,개방 가능,공공누리 1유형,,,O,,,,,보도자료,
1533,세종학당재단,HOME > 홍보마당 > 보도자료,보도자료,유럽지역 세종학당 학습자 한국어 실력 뽐낸다,https://ksif.or.kr/cop/bbs/selectBoardArticle.do?nttId=92700088&bbsId=BBSMSTR_000000000011&pageIndex=1,2014,무,미부착,,개방 가능,공공누리 1유형,,,O,,,,,보도자료,
1534,세종학당재단,HOME > 홍보마당 > 보도자료,보도자료,세종학당재단-한국영상자료원 업무협약 체결,https://ksif.or.kr/cop/bbs/selectBoardArticle.do?nttId=92700087&bbsId=BBSMSTR_000000000011&pageIndex=1,2014,무,미부착,,개방 가능,공공누리 1유형,,,O,,,,,보도자료,
1535,세종학당재단,HOME > 홍보마당 > 보도자료,보도자료,2014 세종학당 국제포럼 성황리에 개최,https://ksif.or.kr/cop/bbs/selectBoardArticle.do?nttId=92700097&bbsId=BBSMSTR_000000000011&pageIndex=1,2014,무,미부착,,내부확인 필요,공공누리 2~4유형,,,,,,O,,초상권,
1536,세종학당재단,HOME > 홍보마당 > 보도자료,보도자료,"이어령 명예학당장, 김영세 디자이너 등 전문가 참여, 세종학당 국제 포럼 개최",https://ksif.or.kr/cop/bbs/selectBoardArticle.do?nttId=92700096&bbsId=BBSMSTR_000000000011&pageIndex=1,2014,무,미부착,,개방 가능,공공누리 1유형,,,O,,,,,보도자료,
1537,세종학당재단,HOME > 홍보마당 > 보도자료,보도자료,세종학당재단-한국법정책학회 업무협약 체결,https://ksif.or.kr/cop/bbs/selectBoardArticle.do?nttId=92700086&bbsId=BBSMSTR_000000000011&pageIndex=1,2014,무,미부착,,내부확인 필요,공공누리 2~4유형,,,,,,O,,초상권,
1538,세종학당재단,HOME > 홍보마당 > 보도자료,보도자료,"한국어·태권도, 해외 한류 확산 견인차 된다 ",https://ksif.or.kr/cop/bbs/selectBoardArticle.do?nttId=92700085&bbsId=BBSMSTR_000000000011&pageIndex=1,2014,무,미부착,,개방 가능,공공누리 1유형,,,O,,,,,보도자료,
1539,세종학당재단,HOME > 홍보마당 > 보도자료,보도자료,"세종학당, ‘산돌’ 서체 활용 한국어 보급 확대",https://ksif.or.kr/cop/bbs/selectBoardArticle.do?nttId=92700082&bbsId=BBSMSTR_000000000011&pageIndex=1,2014,무,미부착,,개방 가능,공공누리 1유형,,,O,,,,,보도자료,
1540,세종학당재단,HOME > 홍보마당 > 보도자료,보도자료,한국어 전문 교원 30명 17개국 32개 세종학당 파견,https://ksif.or.kr/cop/bbs/selectBoardArticle.do?nttId=92700081&bbsId=BBSMSTR_000000000011&pageIndex=1,2014,무,미부착,,개방 가능,공공누리 1유형,,,O,,,,,보도자료,
1541,세종학당재단,HOME > 홍보마당 > 보도자료,보도자료,㈜한솔교육-세종학당재단 업무제휴 협약 체결,https://ksif.or.kr/cop/bbs/selectBoardArticle.do?nttId=92700080&bbsId=BBSMSTR_000000000011&pageIndex=1,2014,무,미부착,,개방 가능,공공누리 1유형,,,O,,,,,보도자료,
1542,세종학당재단,HOME > 홍보마당 > 보도자료,보도자료,"세종학당 52개국 120개소로 확대, 수강생 25% 증가",https://ksif.or.kr/cop/bbs/selectBoardArticle.do?nttId=92700079&bbsId=BBSMSTR_000000000011&pageIndex=1,2013,무,미부착,,개방 가능,공공누리 1유형,,,O,,,,,보도자료,
1543,세종학당재단,HOME > 홍보마당 > 보도자료,보도자료,"세종학당재단-KB국민카드, 저소득국에 한국어 교재 지원",https://ksif.or.kr/cop/bbs/selectBoardArticle.do?nttId=92700078&bbsId=BBSMSTR_000000000011&pageIndex=1,2013,무,미부착,,내부확인 필요,공공누리 2~4유형,,,,,,O,,초상권,
1544,세종학당재단,HOME > 홍보마당 > 보도자료,보도자료,세종학당 등 중국 내 한국어 교육 기관 관계자 한 자리에,https://ksif.or.kr/cop/bbs/selectBoardArticle.do?nttId=92700077&bbsId=BBSMSTR_000000000011&pageIndex=1,2013,무,미부착,,개방 가능,공공누리 1유형,,,O,,,,,보도자료,
1545,세종학당재단,HOME > 홍보마당 > 보도자료,보도자료,"가애란 KBS 아나운서, 세종학당 홍보대사로 위촉",https://ksif.or.kr/cop/bbs/selectBoardArticle.do?nttId=92700075&bbsId=BBSMSTR_000000000011&pageIndex=1,2013,무,미부착,,내부확인 필요,공공누리 2~4유형,,,,,,O,,초상권,
1546,세종학당재단,HOME > 홍보마당 > 보도자료,보도자료,43개국 174명 세종학당 학습자 “한글날 축하해요!”,https://ksif.or.kr/cop/bbs/selectBoardArticle.do?nttId=92700074&bbsId=BBSMSTR_000000000011&pageIndex=1,2013,무,미부착,,개방 가능,공공누리 1유형,,,O,,,,,보도자료,
1547,세종학당재단,HOME > 홍보마당 > 보도자료,보도자료,"전 세계 174명의 세종학당 친구들, 한글날에 서울에서 만나요",https://ksif.or.kr/cop/bbs/selectBoardArticle.do?nttId=92700073&bbsId=BBSMSTR_000000000011&pageIndex=1,2013,무,미부착,,개방 가능,공공누리 1유형,,,O,,,,,보도자료,
1548,세종학당재단,HOME > 홍보마당 > 보도자료,보도자료,국외 한국어 보급 효율화를 위한 여‧야 정책토론회 개최,https://ksif.or.kr/cop/bbs/selectBoardArticle.do?nttId=92700072&bbsId=BBSMSTR_000000000011&pageIndex=1,2013,무,미부착,,개방 가능,공공누리 1유형,,,O,,,,,보도자료,
1549,세종학당재단,HOME > 홍보마당 > 보도자료,보도자료,"세종학당, 한국 문학을 세계에 알린다",https://ksif.or.kr/cop/bbs/selectBoardArticle.do?nttId=92700071&bbsId=BBSMSTR_000000000011&pageIndex=1,2013,무,미부착,,개방 가능,공공누리 1유형,,,O,,,,,보도자료,
1550,세종학당재단,HOME > 홍보마당 > 보도자료,보도자료,세종학당 51개국 117개소로 확대,https://ksif.or.kr/cop/bbs/selectBoardArticle.do?nttId=92700070&bbsId=BBSMSTR_000000000011&pageIndex=1,2013,무,미부착,,개방 가능,공공누리 1유형,,,O,,,,,보도자료,
1551,세종학당재단,HOME > 홍보마당 > 보도자료,보도자료,제5회 세계한국어교육자대회 개막 ('13. 7. 8. 10시),https://ksif.or.kr/cop/bbs/selectBoardArticle.do?nttId=92700069&bbsId=BBSMSTR_000000000011&pageIndex=1,2013,무,미부착,,개방 가능,공공누리 1유형,,,O,,,,,보도자료,
1552,세종학당재단,HOME > 홍보마당 > 보도자료,보도자료,세종학당을 통해 세계인에 한국 전통 공연/예술 알린다.,https://ksif.or.kr/cop/bbs/selectBoardArticle.do?nttId=92700068&bbsId=BBSMSTR_000000000011&pageIndex=1,2013,무,미부착,,개방 가능,공공누리 1유형,,,O,,,,,보도자료,
1553,세종학당재단,HOME > 홍보마당 > 보도자료,보도자료,"세종학당재단, 한국어 학습 표준 교재 <세종한국어> 출판·판매",https://ksif.or.kr/cop/bbs/selectBoardArticle.do?nttId=92700067&bbsId=BBSMSTR_000000000011&pageIndex=1,2013,무,미부착,,개방 가능,공공누리 1유형,,,O,,,,,보도자료,
1554,세종학당재단,HOME > 홍보마당 > 보도자료,보도자료,세종학당 학습자 96% “친구에게 세종학당 소개하고 싶다”,https://ksif.or.kr/cop/bbs/selectBoardArticle.do?nttId=92700066&bbsId=BBSMSTR_000000000011&pageIndex=1,2013,무,미부착,,개방 가능,공공누리 1유형,,,O,,,,,보도자료,
1555,세종학당재단,HOME > 홍보마당 > 보도자료,보도자료,"세종학당재단, 한국어 공동체 확대·한류 확산 국제 포럼 개최",https://ksif.or.kr/cop/bbs/selectBoardArticle.do?nttId=92700065&bbsId=BBSMSTR_000000000011&pageIndex=1,2013,무,미부착,,개방 가능,공공누리 1유형,,,O,,,,,보도자료,
1556,세종학당재단,HOME > 홍보마당 > 보도자료,보도자료,‘뿌리 깊은 나무’ 세종학당에 간다,https://ksif.or.kr/cop/bbs/selectBoardArticle.do?nttId=92700063&bbsId=BBSMSTR_000000000011&pageIndex=1,2013,무,미부착,,개방 가능,공공누리 1유형,,,O,,,,,보도자료,
1557,세종학당재단,HOME > 홍보마당 > 보도자료,보도자료,세종학당서 한국 취업 희망 외국인에 한국어 교육 강화,https://ksif.or.kr/cop/bbs/selectBoardArticle.do?nttId=92700064&bbsId=BBSMSTR_000000000011&pageIndex=1,2013,무,미부착,,내부확인 필요,공공누리 2~4유형,,,,,,O,,초상권,
1558,세종학당재단,HOME > 홍보마당 > 보도자료,보도자료,"세종학당재단, 한국콘텐츠진흥원과 손잡고 한류 활성화 나서",https://ksif.or.kr/cop/bbs/selectBoardArticle.do?nttId=92700062&bbsId=BBSMSTR_000000000011&pageIndex=1,2013,무,미부착,,개방 가능,공공누리 1유형,,,O,,,,,보도자료,
1559,세종학당재단,HOME > 홍보마당 > 보도자료,보도자료,"세종학당재단, 세계 세종학당에 한국어 교육 교구 지원",https://ksif.or.kr/cop/bbs/selectBoardArticle.do?nttId=92700061&bbsId=BBSMSTR_000000000011&pageIndex=1,2013,무,미부착,,개방 가능,공공누리 1유형,,,O,,,,,보도자료,
1560,세종학당재단,HOME > 홍보마당 > 보도자료,보도자료,"이어령 명예학당장, 전 세계 한국어 교사와 실시간 화상 특강으로 만난다",https://ksif.or.kr/cop/bbs/selectBoardArticle.do?nttId=92700015&bbsId=BBSMSTR_000000000011&pageIndex=1,2013,무,미부착,,개방 가능,공공누리 1유형,,,O,,,,,보도자료,
1561,세종학당재단,HOME > 홍보마당 > 보도자료,보도자료,2013년도 공공기관 지정안 확정,https://ksif.or.kr/cop/bbs/selectBoardArticle.do?nttId=92700014&bbsId=BBSMSTR_000000000011&pageIndex=1,2013,무,미부착,,개방 가능,공공누리 1유형,,,O,,,,,보도자료,
1562,세종학당재단,HOME > 홍보마당 > 보도자료,보도자료,"세종학당재단, 외국어로 한국어교육 방송한다",https://ksif.or.kr/cop/bbs/selectBoardArticle.do?nttId=92700011&bbsId=BBSMSTR_000000000011&pageIndex=1,2013,무,미부착,,내부확인 필요,공공누리 2~4유형,,,,,,O,,초상권,
1563,세종학당재단,HOME > 홍보마당 > 보도자료,보도자료,"세종학당재단, 한국문화정보센터·천재교육과 업무협약체결",https://ksif.or.kr/cop/bbs/selectBoardArticle.do?nttId=92700009&bbsId=BBSMSTR_000000000011&pageIndex=1,2012,무,미부착,,내부확인 필요,공공누리 2~4유형,,,,,,O,,초상권,
1564,세종학당재단,HOME > 홍보마당 > 보도자료,보도자료,세종학당에서 배우는 한국문화교육 시범 운영,https://ksif.or.kr/cop/bbs/selectBoardArticle.do?nttId=92700008&bbsId=BBSMSTR_000000000011&pageIndex=1,2012,무,미부착,,개방 가능,공공누리 1유형,,,O,,,,,보도자료,
1565,세종학당재단,HOME > 홍보마당 > 보도자료,보도자료,"'세종학당재단' 출범, 한국어 세계화에 날개를 달다",https://ksif.or.kr/cop/bbs/selectBoardArticle.do?nttId=92700006&bbsId=BBSMSTR_000000000011&pageIndex=1,2012,무,미부착,,개방 가능,공공누리 1유형,,,O,,,,,보도자료,
1566,세종학당재단,HOME > 홍보마당 > 보도자료,보도자료,세종학당재단-구글코리아 간 업무협약 체결,https://ksif.or.kr/cop/bbs/selectBoardArticle.do?nttId=92700005&bbsId=BBSMSTR_000000000011&pageIndex=1,2012,무,미부착,,개방 가능,공공누리 1유형,,,O,,,,,보도자료,
1567,세종학당재단,HOME > 홍보마당 > 보도자료,보도자료,"이어령 초대 문화부 장관, 전 세계 세종학당의 '명예학당장'으로 위촉",https://ksif.or.kr/cop/bbs/selectBoardArticle.do?nttId=92700004&bbsId=BBSMSTR_000000000011&pageIndex=1,2012,무,미부착,,개방 가능,공공누리 1유형,,,O,,,,,보도자료,
1568,세종학당재단,HOME > 홍보마당 > 보도자료,보도자료,세종학당재단 이사장에 송향근 부산외대 한국어문학부 교수 임명,https://ksif.or.kr/cop/bbs/selectBoardArticle.do?nttId=92700003&bbsId=BBSMSTR_000000000011&pageIndex=1,2012,무,미부착,,개방 가능,공공누리 1유형,,,O,,,,,보도자료,
1569,세종학당재단,HOME > 정보공개 > 사업실명제,사업실명제,2024년 사업실명제 대상사업 선정 현황,https://ksif.or.kr/cop/bbs/selectBoardArticle.do?nttId=9220000006155&bbsId=BBSMSTR_000000000181&pageIndex=1,2024,유,미부착,,개방 가능,공공누리 1유형,,,O,,,,,업무상 저작물,
1570,세종학당재단,HOME > 정보공개 > 사업실명제,사업실명제,메타버스 세종학당 운영,https://ksif.or.kr/cop/bbs/selectBoardArticle.do?nttId=9220000006154&bbsId=BBSMSTR_000000000181&pageIndex=1,2024,유,미부착,,개방 가능,공공누리 1유형,,,O,,,,,업무상 저작물,
1571,세종학당재단,HOME > 정보공개 > 사업실명제,사업실명제,통번역과정 개발 및 운영,https://ksif.or.kr/cop/bbs/selectBoardArticle.do?nttId=9220000006153&bbsId=BBSMSTR_000000000181&pageIndex=1,2024,유,미부착,,개방 가능,공공누리 1유형,,,O,,,,,업무상 저작물,
1572,세종학당재단,HOME > 정보공개 > 사업실명제,사업실명제,세종학당 케이(K)-콘텐츠 개발,https://ksif.or.kr/cop/bbs/selectBoardArticle.do?nttId=9220000006152&bbsId=BBSMSTR_000000000181&pageIndex=1,2024,유,미부착,,개방 가능,공공누리 1유형,,,O,,,,,업무상 저작물,
1573,세종학당재단,HOME > 정보공개 > 사업실명제,사업실명제,세종학당 현지교원 전업화,https://ksif.or.kr/cop/bbs/selectBoardArticle.do?nttId=9220000006151&bbsId=BBSMSTR_000000000181&pageIndex=1,2024,유,미부착,,개방 가능,공공누리 1유형,,,O,,,,,업무상 저작물,
1574,세종학당재단,HOME > 정보공개 > 사업실명제,사업실명제,세종학당 교원 한국어교육 학위 취득 사업,https://ksif.or.kr/cop/bbs/selectBoardArticle.do?nttId=9220000006150&bbsId=BBSMSTR_000000000181&pageIndex=1,2024,유,미부착,,개방 가능,공공누리 1유형,,,O,,,,,업무상 저작물,
1575,세종학당재단,HOME > 정보공개 > 사업실명제,사업실명제,세종학당 한국어교원 양성과정 운영 지원,https://ksif.or.kr/cop/bbs/selectBoardArticle.do?nttId=9220000006149&bbsId=BBSMSTR_000000000181&pageIndex=1,2024,유,미부착,,개방 가능,공공누리 1유형,,,O,,,,,업무상 저작물,
1576,세종학당재단,HOME > 정보공개 > 사업실명제,사업실명제,숙달도 평가 개발 및 운영,https://ksif.or.kr/cop/bbs/selectBoardArticle.do?nttId=9220000006148&bbsId=BBSMSTR_000000000181&pageIndex=1,2024,유,미부착,,개방 가능,공공누리 1유형,,,O,,,,,업무상 저작물,
1577,세종학당재단,HOME > 정보공개 > 사업실명제,사업실명제,교재 개발 보급 및 현지화,https://ksif.or.kr/cop/bbs/selectBoardArticle.do?nttId=9220000006147&bbsId=BBSMSTR_000000000181&pageIndex=1,2024,유,미부착,,개방 가능,공공누리 1유형,,,O,,,,,업무상 저작물,
1578,세종학당재단,HOME > 정보공개 > 사업실명제,사업실명제,모바일 학습 앱 운영 지원,https://ksif.or.kr/cop/bbs/selectBoardArticle.do?nttId=9220000006146&bbsId=BBSMSTR_000000000181&pageIndex=1,2024,유,미부착,,개방 가능,공공누리 1유형,,,O,,,,,업무상 저작물,
1579,세종학당재단,HOME > 정보공개 > 사업실명제,사업실명제,세종학당 성취도 평가 운영,https://ksif.or.kr/cop/bbs/selectBoardArticle.do?nttId=9220000006145&bbsId=BBSMSTR_000000000181&pageIndex=1,2024,유,미부착,,개방 가능,공공누리 1유형,,,O,,,,,업무상 저작물,
1580,세종학당재단,HOME > 정보공개 > 사업실명제,사업실명제,한국어 예비교원 국외 실습 지원,https://ksif.or.kr/cop/bbs/selectBoardArticle.do?nttId=9220000006144&bbsId=BBSMSTR_000000000181&pageIndex=1,2024,유,미부착,,개방 가능,공공누리 1유형,,,O,,,,,업무상 저작물,
1581,세종학당재단,HOME > 정보공개 > 사업실명제,사업실명제,세종학당 통합업무관리시스템 운영·유지 관리 및 기능 개선,https://ksif.or.kr/cop/bbs/selectBoardArticle.do?nttId=9220000006143&bbsId=BBSMSTR_000000000181&pageIndex=1,2024,유,미부착,,개방 가능,공공누리 1유형,,,O,,,,,업무상 저작물,
1582,세종학당재단,HOME > 정보공개 > 사업실명제,사업실명제,온라인 세종학당 교육과정 운영,https://ksif.or.kr/cop/bbs/selectBoardArticle.do?nttId=9220000006142&bbsId=BBSMSTR_000000000181&pageIndex=1,2024,유,미부착,,개방 가능,공공누리 1유형,,,O,,,,,업무상 저작물,
1583,세종학당재단,HOME > 정보공개 > 사업실명제,사업실명제,"재단 온라인 서비스 통합 운영, 유지관리 및 서비스 개선",https://ksif.or.kr/cop/bbs/selectBoardArticle.do?nttId=9220000006141&bbsId=BBSMSTR_000000000181&pageIndex=1,2024,유,미부착,,개방 가능,공공누리 1유형,,,O,,,,,업무상 저작물,
1584,세종학당재단,HOME > 정보공개 > 사업실명제,사업실명제,세종학당 우수학습자 초청 연수,https://ksif.or.kr/cop/bbs/selectBoardArticle.do?nttId=9220000006140&bbsId=BBSMSTR_000000000181&pageIndex=1,2024,유,미부착,,개방 가능,공공누리 1유형,,,O,,,,,업무상 저작물,
1585,세종학당재단,HOME > 정보공개 > 사업실명제,사업실명제,세종학당 문화인턴 파견 사업,https://ksif.or.kr/cop/bbs/selectBoardArticle.do?nttId=9220000006139&bbsId=BBSMSTR_000000000181&pageIndex=1,2024,유,미부착,,개방 가능,공공누리 1유형,,,O,,,,,업무상 저작물,
1586,세종학당재단,HOME > 정보공개 > 사업실명제,사업실명제,세종문화아카데미 운영,https://ksif.or.kr/cop/bbs/selectBoardArticle.do?nttId=9220000006138&bbsId=BBSMSTR_000000000181&pageIndex=1,2024,유,미부착,,개방 가능,공공누리 1유형,,,O,,,,,업무상 저작물,
1587,세종학당재단,HOME > 정보공개 > 사업실명제,사업실명제,세계한국어교육자대회,https://ksif.or.kr/cop/bbs/selectBoardArticle.do?nttId=9220000006137&bbsId=BBSMSTR_000000000181&pageIndex=1,2024,유,미부착,,개방 가능,공공누리 1유형,,,O,,,,,업무상 저작물,
1588,세종학당재단,HOME > 정보공개 > 사업실명제,사업실명제,세종학당 지역별 워크숍,https://ksif.or.kr/cop/bbs/selectBoardArticle.do?nttId=9220000006136&bbsId=BBSMSTR_000000000181&pageIndex=1,2024,유,미부착,,개방 가능,공공누리 1유형,,,O,,,,,업무상 저작물,
1589,세종학당재단,HOME > 정보공개 > 사업실명제,사업실명제,세종학당재단 교원 연수센터 운영,https://ksif.or.kr/cop/bbs/selectBoardArticle.do?nttId=9220000006135&bbsId=BBSMSTR_000000000181&pageIndex=1,2024,유,미부착,,개방 가능,공공누리 1유형,,,O,,,,,업무상 저작물,
1590,세종학당재단,HOME > 정보공개 > 사업실명제,사업실명제,국외 한국어교원 파견 지원,https://ksif.or.kr/cop/bbs/selectBoardArticle.do?nttId=9220000006134&bbsId=BBSMSTR_000000000181&pageIndex=1,2024,유,미부착,,개방 가능,공공누리 1유형,,,O,,,,,업무상 저작물,
1591,세종학당재단,HOME > 정보공개 > 사업실명제,사업실명제,세종학당 운영평가 및 점검,https://ksif.or.kr/cop/bbs/selectBoardArticle.do?nttId=9220000006133&bbsId=BBSMSTR_000000000181&pageIndex=1,2024,유,미부착,,개방 가능,공공누리 1유형,,,O,,,,,업무상 저작물,
1592,세종학당재단,HOME > 정보공개 > 사업실명제,사업실명제,세종학당 특성화 사업 지원,https://ksif.or.kr/cop/bbs/selectBoardArticle.do?nttId=9220000006132&bbsId=BBSMSTR_000000000181&pageIndex=1,2024,유,미부착,,개방 가능,공공누리 1유형,,,O,,,,,업무상 저작물,
1593,세종학당재단,HOME > 정보공개 > 사업실명제,사업실명제,신규 세종학당 지정 및 운영,https://ksif.or.kr/cop/bbs/selectBoardArticle.do?nttId=9220000006131&bbsId=BBSMSTR_000000000181&pageIndex=1,2024,유,미부착,,개방 가능,공공누리 1유형,,,O,,,,,업무상 저작물,
1594,세종학당재단,HOME > 정보공개 > 사업실명제,사업실명제,2023년 사업실명제 대상사업 선정 현황,https://ksif.or.kr/cop/bbs/selectBoardArticle.do?nttId=9220000005279&bbsId=BBSMSTR_000000000181&pageIndex=1,2023,유,미부착,,개방 가능,공공누리 1유형,,,O,,,,,업무상 저작물,
1595,세종학당재단,HOME > 정보공개 > 사업실명제,사업실명제,메타버스 세종학당 운영 및 콘텐츠 확대,https://ksif.or.kr/cop/bbs/selectBoardArticle.do?nttId=9220000005278&bbsId=BBSMSTR_000000000181&pageIndex=1,2023,유,미부착,,개방 가능,공공누리 1유형,,,O,,,,,업무상 저작물,
1596,세종학당재단,HOME > 정보공개 > 사업실명제,사업실명제,세종학당 통·번역 과정 개발 및 운영,https://ksif.or.kr/cop/bbs/selectBoardArticle.do?nttId=9220000005277&bbsId=BBSMSTR_000000000181&pageIndex=1,2023,유,미부착,,개방 가능,공공누리 1유형,,,O,,,,,업무상 저작물,
1597,세종학당재단,HOME > 정보공개 > 사업실명제,사업실명제,세종학당 한류 콘텐츠 개발,https://ksif.or.kr/cop/bbs/selectBoardArticle.do?nttId=9220000005276&bbsId=BBSMSTR_000000000181&pageIndex=1,2023,유,미부착,,개방 가능,공공누리 1유형,,,O,,,,,업무상 저작물,
1598,세종학당재단,HOME > 정보공개 > 사업실명제,사업실명제,세종학당 현지교원 전업화,https://ksif.or.kr/cop/bbs/selectBoardArticle.do?nttId=9220000005275&bbsId=BBSMSTR_000000000181&pageIndex=1,2023,유,미부착,,개방 가능,공공누리 1유형,,,O,,,,,업무상 저작물,
1599,세종학당재단,HOME > 정보공개 > 사업실명제,사업실명제,세종학당 교원 한국어교육 학위 취득 지원,https://ksif.or.kr/cop/bbs/selectBoardArticle.do?nttId=9220000005274&bbsId=BBSMSTR_000000000181&pageIndex=1,2023,유,미부착,,개방 가능,공공누리 1유형,,,O,,,,,업무상 저작물,
1600,세종학당재단,HOME > 정보공개 > 사업실명제,사업실명제,세종학당 한국어교원 양성과정 운영,https://ksif.or.kr/cop/bbs/selectBoardArticle.do?nttId=9220000005273&bbsId=BBSMSTR_000000000181&pageIndex=1,2023,유,미부착,,개방 가능,공공누리 1유형,,,O,,,,,업무상 저작물,
1601,세종학당재단,HOME > 정보공개 > 사업실명제,사업실명제,숙달도 평가 개발 및 운영,https://ksif.or.kr/cop/bbs/selectBoardArticle.do?nttId=9220000005272&bbsId=BBSMSTR_000000000181&pageIndex=1,2023,유,미부착,,개방 가능,공공누리 1유형,,,O,,,,,업무상 저작물,
1602,세종학당재단,HOME > 정보공개 > 사업실명제,사업실명제,교재 개발 및 보급,https://ksif.or.kr/cop/bbs/selectBoardArticle.do?nttId=9220000005271&bbsId=BBSMSTR_000000000181&pageIndex=1,2023,유,미부착,,개방 가능,공공누리 1유형,,,O,,,,,업무상 저작물,
1603,세종학당재단,HOME > 정보공개 > 사업실명제,사업실명제,스마트러닝 서비스 체계 개편,https://ksif.or.kr/cop/bbs/selectBoardArticle.do?nttId=9220000005270&bbsId=BBSMSTR_000000000181&pageIndex=1,2023,유,미부착,,개방 가능,공공누리 1유형,,,O,,,,,업무상 저작물,
1604,세종학당재단,HOME > 정보공개 > 사업실명제,사업실명제,세종학당 성취도 평가 운영 지원,https://ksif.or.kr/cop/bbs/selectBoardArticle.do?nttId=9220000005269&bbsId=BBSMSTR_000000000181&pageIndex=1,2023,유,미부착,,개방 가능,공공누리 1유형,,,O,,,,,업무상 저작물,
1605,세종학당재단,HOME > 정보공개 > 사업실명제,사업실명제,온라인 한국어 심화 교육과정 및 온라인 콘텐츠 개발,https://ksif.or.kr/cop/bbs/selectBoardArticle.do?nttId=9220000005268&bbsId=BBSMSTR_000000000181&pageIndex=1,2023,유,미부착,,개방 가능,공공누리 1유형,,,O,,,,,업무상 저작물,
1606,세종학당재단,HOME > 정보공개 > 사업실명제,사업실명제,"세종학당 통합업무관리시스템 운영, 유지관리",https://ksif.or.kr/cop/bbs/selectBoardArticle.do?nttId=9220000005267&bbsId=BBSMSTR_000000000181&pageIndex=1,2023,유,미부착,,개방 가능,공공누리 1유형,,,O,,,,,업무상 저작물,
1607,세종학당재단,HOME > 정보공개 > 사업실명제,사업실명제,온라인 세종학당 교육과정 운영,https://ksif.or.kr/cop/bbs/selectBoardArticle.do?nttId=9220000005266&bbsId=BBSMSTR_000000000181&pageIndex=1,2023,유,미부착,,개방 가능,공공누리 1유형,,,O,,,,,업무상 저작물,
1608,세종학당재단,HOME > 정보공개 > 사업실명제,사업실명제,"온라인 서비스 통합 운영, 유지관리 및 서비스 개선",https://ksif.or.kr/cop/bbs/selectBoardArticle.do?nttId=9220000005265&bbsId=BBSMSTR_000000000181&pageIndex=1,2023,유,미부착,,개방 가능,공공누리 1유형,,,O,,,,,업무상 저작물,
1609,세종학당재단,HOME > 정보공개 > 사업실명제,사업실명제,세종학당 우수학습자 초청 연수,https://ksif.or.kr/cop/bbs/selectBoardArticle.do?nttId=9220000005264&bbsId=BBSMSTR_000000000181&pageIndex=1,2023,유,미부착,,개방 가능,공공누리 1유형,,,O,,,,,업무상 저작물,
1610,세종학당재단,HOME > 정보공개 > 사업실명제,사업실명제,문화인턴 파견 사업,https://ksif.or.kr/cop/bbs/selectBoardArticle.do?nttId=9220000005263&bbsId=BBSMSTR_000000000181&pageIndex=1,2023,유,미부착,,개방 가능,공공누리 1유형,,,O,,,,,업무상 저작물,
1611,세종학당재단,HOME > 정보공개 > 사업실명제,사업실명제,세종문화아카데미 운영,https://ksif.or.kr/cop/bbs/selectBoardArticle.do?nttId=9220000005262&bbsId=BBSMSTR_000000000181&pageIndex=1,2023,유,미부착,,개방 가능,공공누리 1유형,,,O,,,,,업무상 저작물,
1612,세종학당재단,HOME > 정보공개 > 사업실명제,사업실명제,세계한국어교육자대회,https://ksif.or.kr/cop/bbs/selectBoardArticle.do?nttId=9220000005261&bbsId=BBSMSTR_000000000181&pageIndex=1,2023,유,미부착,,개방 가능,공공누리 1유형,,,O,,,,,업무상 저작물,
1613,세종학당재단,HOME > 정보공개 > 사업실명제,사업실명제,세종학당 지역별 워크숍,https://ksif.or.kr/cop/bbs/selectBoardArticle.do?nttId=9220000005260&bbsId=BBSMSTR_000000000181&pageIndex=1,2023,유,미부착,,개방 가능,공공누리 1유형,,,O,,,,,업무상 저작물,
1614,세종학당재단,HOME > 정보공개 > 사업실명제,사업실명제,세종학당재단 교원 연수센터 운영,https://ksif.or.kr/cop/bbs/selectBoardArticle.do?nttId=9220000005259&bbsId=BBSMSTR_000000000181&pageIndex=1,2023,유,미부착,,개방 가능,공공누리 1유형,,,O,,,,,업무상 저작물,
1615,세종학당재단,HOME > 정보공개 > 사업실명제,사업실명제,국외 한국어 교원 파견 지원,https://ksif.or.kr/cop/bbs/selectBoardArticle.do?nttId=9220000005258&bbsId=BBSMSTR_000000000181&pageIndex=1,2023,유,미부착,,개방 가능,공공누리 1유형,,,O,,,,,업무상 저작물,
1616,세종학당재단,HOME > 정보공개 > 사업실명제,사업실명제,세종학당 운영평가 및 점검,https://ksif.or.kr/cop/bbs/selectBoardArticle.do?nttId=9220000005257&bbsId=BBSMSTR_000000000181&pageIndex=1,2023,유,미부착,,개방 가능,공공누리 1유형,,,O,,,,,업무상 저작물,
1617,세종학당재단,HOME > 정보공개 > 사업실명제,사업실명제,세종학당 특성화 사업 지원,https://ksif.or.kr/cop/bbs/selectBoardArticle.do?nttId=9220000005256&bbsId=BBSMSTR_000000000181&pageIndex=1,2023,유,미부착,,개방 가능,공공누리 1유형,,,O,,,,,업무상 저작물,
1618,세종학당재단,HOME > 정보공개 > 사업실명제,사업실명제,신규 세종학당 지정 및 운영,https://ksif.or.kr/cop/bbs/selectBoardArticle.do?nttId=9220000005255&bbsId=BBSMSTR_000000000181&pageIndex=1,2023,유,미부착,,개방 가능,공공누리 1유형,,,O,,,,,업무상 저작물,
1619,세종학당재단,HOME > 정보공개 > 사업실명제,사업실명제,2022년 사업실명제 대상사업 선정 현황,https://ksif.or.kr/cop/bbs/selectBoardArticle.do?nttId=9220000003929&bbsId=BBSMSTR_000000000181&pageIndex=1,2022,유,미부착,,개방 가능,공공누리 1유형,,,O,,,,,업무상 저작물,
1620,세종학당재단,HOME > 정보공개 > 사업실명제,사업실명제,메타버스 한국어교육 콘텐츠 개발,https://ksif.or.kr/cop/bbs/selectBoardArticle.do?nttId=9220000003928&bbsId=BBSMSTR_000000000181&pageIndex=1,2022,유,미부착,,개방 가능,공공누리 1유형,,,O,,,,,업무상 저작물,
1621,세종학당재단,HOME > 정보공개 > 사업실명제,사업실명제,세종학당 통 번역 과정 개발 및 운영,https://ksif.or.kr/cop/bbs/selectBoardArticle.do?nttId=9220000003927&bbsId=BBSMSTR_000000000181&pageIndex=1,2022,유,미부착,,개방 가능,공공누리 1유형,,,O,,,,,업무상 저작물,
1622,세종학당재단,HOME > 정보공개 > 사업실명제,사업실명제,교원 현지화 지원,https://ksif.or.kr/cop/bbs/selectBoardArticle.do?nttId=9220000003926&bbsId=BBSMSTR_000000000181&pageIndex=1,2022,유,미부착,,개방 가능,공공누리 1유형,,,O,,,,,업무상 저작물,
1623,세종학당재단,HOME > 정보공개 > 사업실명제,사업실명제,세종학당 교원 한국어교육 학위 취득 지원,https://ksif.or.kr/cop/bbs/selectBoardArticle.do?nttId=9220000003925&bbsId=BBSMSTR_000000000181&pageIndex=1,2022,유,미부착,,개방 가능,공공누리 1유형,,,O,,,,,업무상 저작물,
1624,세종학당재단,HOME > 정보공개 > 사업실명제,사업실명제,세종학당 한국어교원 양성과정 운영 지원,https://ksif.or.kr/cop/bbs/selectBoardArticle.do?nttId=9220000003924&bbsId=BBSMSTR_000000000181&pageIndex=1,2022,유,미부착,,개방 가능,공공누리 1유형,,,O,,,,,업무상 저작물,
1625,세종학당재단,HOME > 정보공개 > 사업실명제,사업실명제,숙달도 평가 개발 및 운영,https://ksif.or.kr/cop/bbs/selectBoardArticle.do?nttId=9220000003923&bbsId=BBSMSTR_000000000181&pageIndex=1,2022,유,미부착,,개방 가능,공공누리 1유형,,,O,,,,,업무상 저작물,
1626,세종학당재단,HOME > 정보공개 > 사업실명제,사업실명제,교재 개발 보급 및 현지화,https://ksif.or.kr/cop/bbs/selectBoardArticle.do?nttId=9220000003922&bbsId=BBSMSTR_000000000181&pageIndex=1,2022,유,미부착,,개방 가능,공공누리 1유형,,,O,,,,,업무상 저작물,
1627,세종학당재단,HOME > 정보공개 > 사업실명제,사업실명제,인공지능 기반 한국어 학습지원 서비스 운영 및 기능개선,https://ksif.or.kr/cop/bbs/selectBoardArticle.do?nttId=9220000003921&bbsId=BBSMSTR_000000000181&pageIndex=1,2022,유,미부착,,개방 가능,공공누리 1유형,,,O,,,,,업무상 저작물,
1628,세종학당재단,HOME > 정보공개 > 사업실명제,사업실명제,세종학당 교육과정 성취도 평가 개발 및 운영,https://ksif.or.kr/cop/bbs/selectBoardArticle.do?nttId=9220000003920&bbsId=BBSMSTR_000000000181&pageIndex=1,2022,유,미부착,,개방 가능,공공누리 1유형,,,O,,,,,업무상 저작물,
1629,세종학당재단,HOME > 정보공개 > 사업실명제,사업실명제,온라인 교육과정 및 강좌 콘텐츠 개발,https://ksif.or.kr/cop/bbs/selectBoardArticle.do?nttId=9220000003919&bbsId=BBSMSTR_000000000181&pageIndex=1,2022,유,미부착,,개방 가능,공공누리 1유형,,,O,,,,,업무상 저작물,
1630,세종학당재단,HOME > 정보공개 > 사업실명제,사업실명제,재단 정보화 인프라 운영 관리,https://ksif.or.kr/cop/bbs/selectBoardArticle.do?nttId=9220000003918&bbsId=BBSMSTR_000000000181&pageIndex=1,2022,유,미부착,,개방 가능,공공누리 1유형,,,O,,,,,업무상 저작물,
1631,세종학당재단,HOME > 정보공개 > 사업실명제,사업실명제,온라인 세종학당 운영 및 학습지원 강화,https://ksif.or.kr/cop/bbs/selectBoardArticle.do?nttId=9220000003917&bbsId=BBSMSTR_000000000181&pageIndex=1,2022,유,미부착,,개방 가능,공공누리 1유형,,,O,,,,,업무상 저작물,
1632,세종학당재단,HOME > 정보공개 > 사업실명제,사업실명제,"재단 온라인 서비스 통합 운영, 유지관리 및 서비스 개선",https://ksif.or.kr/cop/bbs/selectBoardArticle.do?nttId=9220000003916&bbsId=BBSMSTR_000000000181&pageIndex=1,2022,유,미부착,,개방 가능,공공누리 1유형,,,O,,,,,업무상 저작물,
1633,세종학당재단,HOME > 정보공개 > 사업실명제,사업실명제,세종학당 우수학습자 초청 연수,https://ksif.or.kr/cop/bbs/selectBoardArticle.do?nttId=9220000003915&bbsId=BBSMSTR_000000000181&pageIndex=1,2022,유,미부착,,개방 가능,공공누리 1유형,,,O,,,,,업무상 저작물,
1634,세종학당재단,HOME > 정보공개 > 사업실명제,사업실명제,문화인턴 운영 사업,https://ksif.or.kr/cop/bbs/selectBoardArticle.do?nttId=9220000003914&bbsId=BBSMSTR_000000000181&pageIndex=1,2022,유,미부착,,개방 가능,공공누리 1유형,,,O,,,,,업무상 저작물,
1635,세종학당재단,HOME > 정보공개 > 사업실명제,사업실명제,세종문화아카데미 운영,https://ksif.or.kr/cop/bbs/selectBoardArticle.do?nttId=9220000003913&bbsId=BBSMSTR_000000000181&pageIndex=1,2022,유,미부착,,개방 가능,공공누리 1유형,,,O,,,,,업무상 저작물,
1636,세종학당재단,HOME > 정보공개 > 사업실명제,사업실명제,세계한국어교육자대회,https://ksif.or.kr/cop/bbs/selectBoardArticle.do?nttId=9220000003912&bbsId=BBSMSTR_000000000181&pageIndex=1,2022,유,미부착,,개방 가능,공공누리 1유형,,,O,,,,,업무상 저작물,
1637,세종학당재단,HOME > 정보공개 > 사업실명제,사업실명제,세종학당 지역별 워크숍,https://ksif.or.kr/cop/bbs/selectBoardArticle.do?nttId=9220000003911&bbsId=BBSMSTR_000000000181&pageIndex=1,2022,유,미부착,,개방 가능,공공누리 1유형,,,O,,,,,업무상 저작물,
1638,세종학당재단,HOME > 정보공개 > 사업실명제,사업실명제,세종학당 한국어 교원 연수센터 운영,https://ksif.or.kr/cop/bbs/selectBoardArticle.do?nttId=9220000003910&bbsId=BBSMSTR_000000000181&pageIndex=1,2022,유,미부착,,개방 가능,공공누리 1유형,,,O,,,,,업무상 저작물,
1639,세종학당재단,HOME > 정보공개 > 사업실명제,사업실명제,국외 한국어 교원 파견 지원,https://ksif.or.kr/cop/bbs/selectBoardArticle.do?nttId=9220000003909&bbsId=BBSMSTR_000000000181&pageIndex=1,2022,유,미부착,,개방 가능,공공누리 1유형,,,O,,,,,업무상 저작물,
1640,세종학당재단,HOME > 정보공개 > 사업실명제,사업실명제,세종학당 운영평가 및 점검,https://ksif.or.kr/cop/bbs/selectBoardArticle.do?nttId=9220000003908&bbsId=BBSMSTR_000000000181&pageIndex=1,2022,유,미부착,,개방 가능,공공누리 1유형,,,O,,,,,업무상 저작물,
1641,세종학당재단,HOME > 정보공개 > 사업실명제,사업실명제,세종학당 특성화 사업 지원,https://ksif.or.kr/cop/bbs/selectBoardArticle.do?nttId=9220000003907&bbsId=BBSMSTR_000000000181&pageIndex=1,2022,유,미부착,,개방 가능,공공누리 1유형,,,O,,,,,업무상 저작물,
1642,세종학당재단,HOME > 정보공개 > 사업실명제,사업실명제,신규 세종학당 지정 및 운영,https://ksif.or.kr/cop/bbs/selectBoardArticle.do?nttId=9220000003906&bbsId=BBSMSTR_000000000181&pageIndex=1,2022,유,미부착,,개방 가능,공공누리 1유형,,,O,,,,,업무상 저작물,
1643,세종학당재단,HOME > 정보공개 > 사업실명제,사업실명제,2021년 사업실명제 대상사업 선정 현황,https://ksif.or.kr/cop/bbs/selectBoardArticle.do?nttId=9220000002496&bbsId=BBSMSTR_000000000181&pageIndex=1,2021,무,미부착,,개방 가능,공공누리 1유형,,,O,,,,,업무상 저작물,
1644,세종학당재단,HOME > 정보공개 > 사업실명제,사업실명제,세종학당 통번역 과정 개발 운영,https://ksif.or.kr/cop/bbs/selectBoardArticle.do?nttId=9220000002495&bbsId=BBSMSTR_000000000181&pageIndex=1,2021,무,미부착,,개방 가능,공공누리 1유형,,,O,,,,,업무상 저작물,
1645,세종학당재단,HOME > 정보공개 > 사업실명제,사업실명제,온라인 세종학당 운영 및 학습지원 강화,https://ksif.or.kr/cop/bbs/selectBoardArticle.do?nttId=9220000002494&bbsId=BBSMSTR_000000000181&pageIndex=1,2021,무,미부착,,개방 가능,공공누리 1유형,,,O,,,,,업무상 저작물,
1646,세종학당재단,HOME > 정보공개 > 사업실명제,사업실명제,누리-세종학당 운영 및 지원,https://ksif.or.kr/cop/bbs/selectBoardArticle.do?nttId=9220000002493&bbsId=BBSMSTR_000000000181&pageIndex=1,2021,무,미부착,,개방 가능,공공누리 1유형,,,O,,,,,업무상 저작물,
1647,세종학당재단,HOME > 정보공개 > 사업실명제,사업실명제,재단 정보화 인프라 운영 관리,https://ksif.or.kr/cop/bbs/selectBoardArticle.do?nttId=9220000002492&bbsId=BBSMSTR_000000000181&pageIndex=1,2021,무,미부착,,개방 가능,공공누리 1유형,,,O,,,,,업무상 저작물,
1648,세종학당재단,HOME > 정보공개 > 사업실명제,사업실명제,세종학당 교육과정 성취도 평가 개발 및 운영,https://ksif.or.kr/cop/bbs/selectBoardArticle.do?nttId=9220000002491&bbsId=BBSMSTR_000000000181&pageIndex=1,2021,무,미부착,,개방 가능,공공누리 1유형,,,O,,,,,업무상 저작물,
1649,세종학당재단,HOME > 정보공개 > 사업실명제,사업실명제,숙달도 평가 개발 및 운영,https://ksif.or.kr/cop/bbs/selectBoardArticle.do?nttId=9220000002490&bbsId=BBSMSTR_000000000181&pageIndex=1,2021,무,미부착,,개방 가능,공공누리 1유형,,,O,,,,,업무상 저작물,
1650,세종학당재단,HOME > 정보공개 > 사업실명제,사업실명제,한국어 학습 지원 AI 서비스 고도화,https://ksif.or.kr/cop/bbs/selectBoardArticle.do?nttId=9220000002489&bbsId=BBSMSTR_000000000181&pageIndex=1,2021,무,미부착,,개방 가능,공공누리 1유형,,,O,,,,,업무상 저작물,
1651,세종학당재단,HOME > 정보공개 > 사업실명제,사업실명제,온라인 교육과정 및 강좌 콘텐츠 개발,https://ksif.or.kr/cop/bbs/selectBoardArticle.do?nttId=9220000002488&bbsId=BBSMSTR_000000000181&pageIndex=1,2021,무,미부착,,개방 가능,공공누리 1유형,,,O,,,,,업무상 저작물,
1652,세종학당재단,HOME > 정보공개 > 사업실명제,사업실명제,교재 개발 보급 및 현지화,https://ksif.or.kr/cop/bbs/selectBoardArticle.do?nttId=9220000002487&bbsId=BBSMSTR_000000000181&pageIndex=1,2021,무,미부착,,개방 가능,공공누리 1유형,,,O,,,,,업무상 저작물,
1653,세종학당재단,HOME > 정보공개 > 사업실명제,사업실명제,우수학습자 초청연수,https://ksif.or.kr/cop/bbs/selectBoardArticle.do?nttId=9220000002486&bbsId=BBSMSTR_000000000181&pageIndex=1,2021,무,미부착,,개방 가능,공공누리 1유형,,,O,,,,,업무상 저작물,
1654,세종학당재단,HOME > 정보공개 > 사업실명제,사업실명제,문화인턴 해외 파견,https://ksif.or.kr/cop/bbs/selectBoardArticle.do?nttId=9220000002485&bbsId=BBSMSTR_000000000181&pageIndex=1,2021,무,미부착,,개방 가능,공공누리 1유형,,,O,,,,,업무상 저작물,
1655,세종학당재단,HOME > 정보공개 > 사업실명제,사업실명제,세종문화 아카데미,https://ksif.or.kr/cop/bbs/selectBoardArticle.do?nttId=9220000002484&bbsId=BBSMSTR_000000000181&pageIndex=1,2021,무,미부착,,개방 가능,공공누리 1유형,,,O,,,,,업무상 저작물,
1656,세종학당재단,HOME > 정보공개 > 사업실명제,사업실명제,세종학당 지역별 워크숍,https://ksif.or.kr/cop/bbs/selectBoardArticle.do?nttId=9220000002483&bbsId=BBSMSTR_000000000181&pageIndex=1,2021,무,미부착,,개방 가능,공공누리 1유형,,,O,,,,,업무상 저작물,
1657,세종학당재단,HOME > 정보공개 > 사업실명제,사업실명제,현지 한국어교원 양성 사업,https://ksif.or.kr/cop/bbs/selectBoardArticle.do?nttId=9220000002482&bbsId=BBSMSTR_000000000181&pageIndex=1,2021,무,미부착,,개방 가능,공공누리 1유형,,,O,,,,,업무상 저작물,
1658,세종학당재단,HOME > 정보공개 > 사업실명제,사업실명제,한국어 교원 현지화 지원,https://ksif.or.kr/cop/bbs/selectBoardArticle.do?nttId=9220000002481&bbsId=BBSMSTR_000000000181&pageIndex=1,2021,무,미부착,,개방 가능,공공누리 1유형,,,O,,,,,업무상 저작물,
1659,세종학당재단,HOME > 정보공개 > 사업실명제,사업실명제,교원 자격증 학위취득 지원 사업,https://ksif.or.kr/cop/bbs/selectBoardArticle.do?nttId=9220000002480&bbsId=BBSMSTR_000000000181&pageIndex=1,2021,무,미부착,,개방 가능,공공누리 1유형,,,O,,,,,업무상 저작물,
1660,세종학당재단,HOME > 정보공개 > 사업실명제,사업실명제,세계한국어교육자대회(문화교육 연수 프로그램 연계),https://ksif.or.kr/cop/bbs/selectBoardArticle.do?nttId=9220000002479&bbsId=BBSMSTR_000000000181&pageIndex=1,2021,무,미부착,,개방 가능,공공누리 1유형,,,O,,,,,업무상 저작물,
1661,세종학당재단,HOME > 정보공개 > 사업실명제,사업실명제,세종학당 한국어 교원 재교육 지원,https://ksif.or.kr/cop/bbs/selectBoardArticle.do?nttId=9220000002478&bbsId=BBSMSTR_000000000181&pageIndex=1,2021,무,미부착,,개방 가능,공공누리 1유형,,,O,,,,,업무상 저작물,
1662,세종학당재단,HOME > 정보공개 > 사업실명제,사업실명제,"국외 한국어 교원 선발 및 지원, 평가",https://ksif.or.kr/cop/bbs/selectBoardArticle.do?nttId=9220000002477&bbsId=BBSMSTR_000000000181&pageIndex=1,2021,무,미부착,,개방 가능,공공누리 1유형,,,O,,,,,업무상 저작물,
1663,세종학당재단,HOME > 정보공개 > 사업실명제,사업실명제,세종학당 특성화 사업 지원,https://ksif.or.kr/cop/bbs/selectBoardArticle.do?nttId=9220000002476&bbsId=BBSMSTR_000000000181&pageIndex=1,2021,무,미부착,,개방 가능,공공누리 1유형,,,O,,,,,업무상 저작물,
1664,세종학당재단,HOME > 정보공개 > 사업실명제,사업실명제,세종학당 운영평가 및 점검,https://ksif.or.kr/cop/bbs/selectBoardArticle.do?nttId=9220000002475&bbsId=BBSMSTR_000000000181&pageIndex=1,2021,무,미부착,,개방 가능,공공누리 1유형,,,O,,,,,업무상 저작물,
1665,세종학당재단,HOME > 정보공개 > 사업실명제,사업실명제,신규세종학당 지정 및 운영,https://ksif.or.kr/cop/bbs/selectBoardArticle.do?nttId=9220000002474&bbsId=BBSMSTR_000000000181&pageIndex=1,2021,무,미부착,,개방 가능,공공누리 1유형,,,O,,,,,업무상 저작물,
1666,세종학당재단,HOME > 정보공개 > 사업실명제,사업실명제,2020년 사업실명제 대상사업 선정 현황,https://ksif.or.kr/cop/bbs/selectBoardArticle.do?nttId=9220000001713&bbsId=BBSMSTR_000000000181&pageIndex=1,2020,무,미부착,,개방 가능,공공누리 1유형,,,O,,,,,업무상 저작물,
1667,세종학당재단,HOME > 정보공개 > 사업실명제,사업실명제,인공지능 기반 한국어 학습 지원 서비스 구축,https://ksif.or.kr/cop/bbs/selectBoardArticle.do?nttId=9220000001712&bbsId=BBSMSTR_000000000181&pageIndex=1,2020,무,미부착,,개방 가능,공공누리 1유형,,,O,,,,,업무상 저작물,
1668,세종학당재단,HOME > 정보공개 > 사업실명제,사업실명제,세종학당 기본 교육과정 성취도 평가개발,https://ksif.or.kr/cop/bbs/selectBoardArticle.do?nttId=9220000001711&bbsId=BBSMSTR_000000000181&pageIndex=1,2020,무,미부착,,개방 가능,공공누리 1유형,,,O,,,,,업무상 저작물,
1669,세종학당재단,HOME > 정보공개 > 사업실명제,사업실명제,숙달도 평가 개발 운영,https://ksif.or.kr/cop/bbs/selectBoardArticle.do?nttId=9220000001710&bbsId=BBSMSTR_000000000181&pageIndex=1,2020,무,미부착,,개방 가능,공공누리 1유형,,,O,,,,,업무상 저작물,
1670,세종학당재단,HOME > 정보공개 > 사업실명제,사업실명제,세종학당 교육과정 홍보 및 활성화,https://ksif.or.kr/cop/bbs/selectBoardArticle.do?nttId=9220000001709&bbsId=BBSMSTR_000000000181&pageIndex=1,2020,무,미부착,,개방 가능,공공누리 1유형,,,O,,,,,업무상 저작물,
1671,세종학당재단,HOME > 정보공개 > 사업실명제,사업실명제,스마트러닝 학습 앱 개발 및 유지보수,https://ksif.or.kr/cop/bbs/selectBoardArticle.do?nttId=9220000001708&bbsId=BBSMSTR_000000000181&pageIndex=1,2020,무,미부착,,개방 가능,공공누리 1유형,,,O,,,,,업무상 저작물,
1672,세종학당재단,HOME > 정보공개 > 사업실명제,사업실명제,온라인 교육 과정 개발,https://ksif.or.kr/cop/bbs/selectBoardArticle.do?nttId=9220000001707&bbsId=BBSMSTR_000000000181&pageIndex=1,2020,무,미부착,,개방 가능,공공누리 1유형,,,O,,,,,업무상 저작물,
1673,세종학당재단,HOME > 정보공개 > 사업실명제,사업실명제,누리-세종학당 운영 및 지원,https://ksif.or.kr/cop/bbs/selectBoardArticle.do?nttId=9220000001706&bbsId=BBSMSTR_000000000181&pageIndex=1,2020,무,미부착,,개방 가능,공공누리 1유형,,,O,,,,,업무상 저작물,
1674,세종학당재단,HOME > 정보공개 > 사업실명제,사업실명제,한국어 교재 개발 및 출판·보급,https://ksif.or.kr/cop/bbs/selectBoardArticle.do?nttId=9220000001705&bbsId=BBSMSTR_000000000181&pageIndex=1,2020,무,미부착,,개방 가능,공공누리 1유형,,,O,,,,,업무상 저작물,
1675,세종학당재단,HOME > 정보공개 > 사업실명제,사업실명제,우수학습자 초청 한국어‧한국문화 연수,https://ksif.or.kr/cop/bbs/selectBoardArticle.do?nttId=9220000001696&bbsId=BBSMSTR_000000000181&pageIndex=1,2020,무,미부착,,개방 가능,공공누리 1유형,,,O,,,,,업무상 저작물,
1676,세종학당재단,HOME > 정보공개 > 사업실명제,사업실명제,문화인턴 해외 파견,https://ksif.or.kr/cop/bbs/selectBoardArticle.do?nttId=9220000001695&bbsId=BBSMSTR_000000000181&pageIndex=1,2020,무,미부착,,개방 가능,공공누리 1유형,,,O,,,,,업무상 저작물,
1677,세종학당재단,HOME > 정보공개 > 사업실명제,사업실명제,세종문화아카데미,https://ksif.or.kr/cop/bbs/selectBoardArticle.do?nttId=9220000001694&bbsId=BBSMSTR_000000000181&pageIndex=1,2020,무,미부착,,개방 가능,공공누리 1유형,,,O,,,,,업무상 저작물,
1678,세종학당재단,HOME > 정보공개 > 사업실명제,사업실명제,세종학당 지역별 워크숍,https://ksif.or.kr/cop/bbs/selectBoardArticle.do?nttId=9220000001693&bbsId=BBSMSTR_000000000181&pageIndex=1,2020,무,미부착,,개방 가능,공공누리 1유형,,,O,,,,,업무상 저작물,
1679,세종학당재단,HOME > 정보공개 > 사업실명제,사업실명제,현지채용교원 전문자격취득지원,https://ksif.or.kr/cop/bbs/selectBoardArticle.do?nttId=9220000001692&bbsId=BBSMSTR_000000000181&pageIndex=1,2020,무,미부착,,개방 가능,공공누리 1유형,,,O,,,,,업무상 저작물,
1680,세종학당재단,HOME > 정보공개 > 사업실명제,사업실명제,세계한국어교육자대회,https://ksif.or.kr/cop/bbs/selectBoardArticle.do?nttId=9220000001691&bbsId=BBSMSTR_000000000181&pageIndex=1,2020,무,미부착,,개방 가능,공공누리 1유형,,,O,,,,,업무상 저작물,
1681,세종학당재단,HOME > 정보공개 > 사업실명제,사업실명제,세종학당 한국어 교원 재교육 지원,https://ksif.or.kr/cop/bbs/selectBoardArticle.do?nttId=9220000001690&bbsId=BBSMSTR_000000000181&pageIndex=1,2020,무,미부착,,개방 가능,공공누리 1유형,,,O,,,,,업무상 저작물,
1682,세종학당재단,HOME > 정보공개 > 사업실명제,사업실명제,국외 한국어 교원 파견 지원,https://ksif.or.kr/cop/bbs/selectBoardArticle.do?nttId=9220000001689&bbsId=BBSMSTR_000000000181&pageIndex=1,2020,무,미부착,,개방 가능,공공누리 1유형,,,O,,,,,업무상 저작물,
1683,세종학당재단,HOME > 정보공개 > 사업실명제,사업실명제,세종학당 특성화 사업 지원,https://ksif.or.kr/cop/bbs/selectBoardArticle.do?nttId=9220000001688&bbsId=BBSMSTR_000000000181&pageIndex=1,2020,무,미부착,,개방 가능,공공누리 1유형,,,O,,,,,업무상 저작물,
1684,세종학당재단,HOME > 정보공개 > 사업실명제,사업실명제,세종학당 법무부 비자목적 한국어 교육과정 지원,https://ksif.or.kr/cop/bbs/selectBoardArticle.do?nttId=9220000001687&bbsId=BBSMSTR_000000000181&pageIndex=1,2020,무,미부착,,개방 가능,공공누리 1유형,,,O,,,,,업무상 저작물,
1685,세종학당재단,HOME > 정보공개 > 사업실명제,사업실명제,세종학당 학습자 만족도 조사,https://ksif.or.kr/cop/bbs/selectBoardArticle.do?nttId=9220000001686&bbsId=BBSMSTR_000000000181&pageIndex=1,2020,무,미부착,,개방 가능,공공누리 1유형,,,O,,,,,업무상 저작물,
1686,세종학당재단,HOME > 정보공개 > 사업실명제,사업실명제,세종학당 지정 및 운영 지원,https://ksif.or.kr/cop/bbs/selectBoardArticle.do?nttId=9220000001684&bbsId=BBSMSTR_000000000181&pageIndex=1,2020,무,미부착,,개방 가능,공공누리 1유형,,,O,,,,,업무상 저작물,
1687,세종학당재단,HOME > 정보공개 > 사업실명제,사업실명제,누리-세종학당 활성화 지원,https://ksif.or.kr/cop/bbs/selectBoardArticle.do?nttId=9220000000847&bbsId=BBSMSTR_000000000181&pageIndex=1,2019,무,미부착,,개방 가능,공공누리 1유형,,,O,,,,,업무상 저작물,
1688,세종학당재단,HOME > 정보공개 > 사업실명제,사업실명제,한글 산업화 국제 공모전 운영,https://ksif.or.kr/cop/bbs/selectBoardArticle.do?nttId=9220000000846&bbsId=BBSMSTR_000000000181&pageIndex=1,2019,무,미부착,,개방 가능,공공누리 1유형,,,O,,,,,업무상 저작물,
1689,세종학당재단,HOME > 정보공개 > 사업실명제,사업실명제,스마트러닝 학습체계 구축,https://ksif.or.kr/cop/bbs/selectBoardArticle.do?nttId=9220000000845&bbsId=BBSMSTR_000000000181&pageIndex=1,2019,무,미부착,,개방 가능,공공누리 1유형,,,O,,,,,업무상 저작물,
1690,세종학당재단,HOME > 정보공개 > 사업실명제,사업실명제,온라인 교육 콘텐츠 개발,https://ksif.or.kr/cop/bbs/selectBoardArticle.do?nttId=9220000000844&bbsId=BBSMSTR_000000000181&pageIndex=1,2019,무,미부착,,개방 가능,공공누리 1유형,,,O,,,,,업무상 저작물,
1691,세종학당재단,HOME > 정보공개 > 사업실명제,사업실명제,누리-세종학당 시스템 구축 및 운영,https://ksif.or.kr/cop/bbs/selectBoardArticle.do?nttId=9220000000843&bbsId=BBSMSTR_000000000181&pageIndex=1,2019,무,미부착,,개방 가능,공공누리 1유형,,,O,,,,,업무상 저작물,
1692,세종학당재단,HOME > 정보공개 > 사업실명제,사업실명제,세종학당 교육자료 제작 및 보급,https://ksif.or.kr/cop/bbs/selectBoardArticle.do?nttId=9220000000842&bbsId=BBSMSTR_000000000181&pageIndex=1,2019,무,미부착,,개방 가능,공공누리 1유형,,,O,,,,,업무상 저작물,
1693,세종학당재단,HOME > 정보공개 > 사업실명제,사업실명제,우수학습자 초청 한국어·한국문화 연수,https://ksif.or.kr/cop/bbs/selectBoardArticle.do?nttId=9220000000841&bbsId=BBSMSTR_000000000181&pageIndex=1,2019,무,미부착,,개방 가능,공공누리 1유형,,,O,,,,,업무상 저작물,
1694,세종학당재단,HOME > 정보공개 > 사업실명제,사업실명제,문화인턴 해외 파견,https://ksif.or.kr/cop/bbs/selectBoardArticle.do?nttId=9220000000840&bbsId=BBSMSTR_000000000181&pageIndex=1,2019,무,미부착,,개방 가능,공공누리 1유형,,,O,,,,,업무상 저작물,
1695,세종학당재단,HOME > 정보공개 > 사업실명제,사업실명제,세종문화아카데미,https://ksif.or.kr/cop/bbs/selectBoardArticle.do?nttId=9220000000839&bbsId=BBSMSTR_000000000181&pageIndex=1,2019,무,미부착,,개방 가능,공공누리 1유형,,,O,,,,,업무상 저작물,
1696,세종학당재단,HOME > 정보공개 > 사업실명제,사업실명제,세계한국어교육자대회,https://ksif.or.kr/cop/bbs/selectBoardArticle.do?nttId=9220000000838&bbsId=BBSMSTR_000000000181&pageIndex=1,2019,무,미부착,,개방 가능,공공누리 1유형,,,O,,,,,업무상 저작물,
1697,세종학당재단,HOME > 정보공개 > 사업실명제,사업실명제,세종학당 현지 채용 교원 지역별 워크숍,https://ksif.or.kr/cop/bbs/selectBoardArticle.do?nttId=9220000000837&bbsId=BBSMSTR_000000000181&pageIndex=1,2019,무,미부착,,개방 가능,공공누리 1유형,,,O,,,,,업무상 저작물,
1698,세종학당재단,HOME > 정보공개 > 사업실명제,사업실명제,세종학당 한국어 교원 재교육 지원,https://ksif.or.kr/cop/bbs/selectBoardArticle.do?nttId=9220000000836&bbsId=BBSMSTR_000000000181&pageIndex=1,2019,무,미부착,,개방 가능,공공누리 1유형,,,O,,,,,업무상 저작물,
1699,세종학당재단,HOME > 정보공개 > 사업실명제,사업실명제,국외 한국어 교원 파견 지원,https://ksif.or.kr/cop/bbs/selectBoardArticle.do?nttId=9220000000835&bbsId=BBSMSTR_000000000181&pageIndex=1,2019,무,미부착,,개방 가능,공공누리 1유형,,,O,,,,,업무상 저작물,
1700,세종학당재단,HOME > 정보공개 > 사업실명제,사업실명제,세종학당 학습자 만족도 조사,https://ksif.or.kr/cop/bbs/selectBoardArticle.do?nttId=9220000000834&bbsId=BBSMSTR_000000000181&pageIndex=1,2019,무,미부착,,개방 가능,공공누리 1유형,,,O,,,,,업무상 저작물,
1701,세종학당재단,HOME > 정보공개 > 사업실명제,사업실명제,세종학당 교육 환경 개선,https://ksif.or.kr/cop/bbs/selectBoardArticle.do?nttId=9220000000833&bbsId=BBSMSTR_000000000181&pageIndex=1,2019,무,미부착,,개방 가능,공공누리 1유형,,,O,,,,,업무상 저작물,
1702,세종학당재단,HOME > 정보공개 > 사업실명제,사업실명제,세종학당 지정 및 운영 지원,https://ksif.or.kr/cop/bbs/selectBoardArticle.do?nttId=9220000000832&bbsId=BBSMSTR_000000000181&pageIndex=1,2019,무,미부착,,개방 가능,공공누리 1유형,,,O,,,,,업무상 저작물,
1703,세종학당재단,HOME > 정보공개 > 사업실명제,사업실명제,2019년 사업실명제 대상사업 선정 현황,https://ksif.or.kr/cop/bbs/selectBoardArticle.do?nttId=9220000000831&bbsId=BBSMSTR_000000000181&pageIndex=1,2019,무,미부착,,개방 가능,공공누리 1유형,,,O,,,,,업무상 저작물,
1704,세종학당재단,HOME > 정보공개 > 사업실명제,사업실명제,(2018년) 15. 스마트러닝 학습체계 구축 ,https://ksif.or.kr/cop/bbs/selectBoardArticle.do?nttId=91300048&bbsId=BBSMSTR_000000000181&pageIndex=1,2018,무,미부착,,개방 가능,공공누리 1유형,,,O,,,,,업무상 저작물,
1705,세종학당재단,HOME > 정보공개 > 사업실명제,사업실명제,(2018년) 14. 온라인 교육 콘텐츠 개발 ,https://ksif.or.kr/cop/bbs/selectBoardArticle.do?nttId=91300047&bbsId=BBSMSTR_000000000181&pageIndex=1,2018,무,미부착,,개방 가능,공공누리 1유형,,,O,,,,,업무상 저작물,
1706,세종학당재단,HOME > 정보공개 > 사업실명제,사업실명제,(2018년) 13. 온라인 교육 시스템 운영,https://ksif.or.kr/cop/bbs/selectBoardArticle.do?nttId=91300046&bbsId=BBSMSTR_000000000181&pageIndex=1,2018,무,미부착,,개방 가능,공공누리 1유형,,,O,,,,,업무상 저작물,
1707,세종학당재단,HOME > 정보공개 > 사업실명제,사업실명제,(2018년) 12. 교육자료 개발 및 보급,https://ksif.or.kr/cop/bbs/selectBoardArticle.do?nttId=91300045&bbsId=BBSMSTR_000000000181&pageIndex=1,2018,무,미부착,,개방 가능,공공누리 1유형,,,O,,,,,업무상 저작물,
1708,세종학당재단,HOME > 정보공개 > 사업실명제,사업실명제,(2018년) 11. 우수학습자 초청 한국어‧한국문화 연수,https://ksif.or.kr/cop/bbs/selectBoardArticle.do?nttId=91300044&bbsId=BBSMSTR_000000000181&pageIndex=1,2018,무,미부착,,개방 가능,공공누리 1유형,,,O,,,,,업무상 저작물,
1709,세종학당재단,HOME > 정보공개 > 사업실명제,사업실명제,(2018년) 10. 세종학당 문화인턴 해외 파견,https://ksif.or.kr/cop/bbs/selectBoardArticle.do?nttId=91300043&bbsId=BBSMSTR_000000000181&pageIndex=1,2018,무,미부착,,개방 가능,공공누리 1유형,,,O,,,,,업무상 저작물,
1710,세종학당재단,HOME > 정보공개 > 사업실명제,사업실명제,(2018년) 9. 세종문화아카데미,https://ksif.or.kr/cop/bbs/selectBoardArticle.do?nttId=91300042&bbsId=BBSMSTR_000000000181&pageIndex=1,2018,무,미부착,,개방 가능,공공누리 1유형,,,O,,,,,업무상 저작물,
1711,세종학당재단,HOME > 정보공개 > 사업실명제,사업실명제,(2018년) 8. 세계한국어교육자대회 개최 ,https://ksif.or.kr/cop/bbs/selectBoardArticle.do?nttId=91300041&bbsId=BBSMSTR_000000000181&pageIndex=1,2018,무,미부착,,개방 가능,공공누리 1유형,,,O,,,,,업무상 저작물,
1712,세종학당재단,HOME > 정보공개 > 사업실명제,사업실명제,(2018년) 7. 세종학당 권역별 교원 연수 지원,https://ksif.or.kr/cop/bbs/selectBoardArticle.do?nttId=91300040&bbsId=BBSMSTR_000000000181&pageIndex=1,2018,무,미부착,,개방 가능,공공누리 1유형,,,O,,,,,업무상 저작물,
1713,세종학당재단,HOME > 정보공개 > 사업실명제,사업실명제,(2018년) 6. 세종학당 한국어 교원 재교육 지원,https://ksif.or.kr/cop/bbs/selectBoardArticle.do?nttId=91300039&bbsId=BBSMSTR_000000000181&pageIndex=1,2018,무,미부착,,개방 가능,공공누리 1유형,,,O,,,,,업무상 저작물,
1714,세종학당재단,HOME > 정보공개 > 사업실명제,사업실명제,(2018년) 4. 학습자 만족도 조사,https://ksif.or.kr/cop/bbs/selectBoardArticle.do?nttId=91300038&bbsId=BBSMSTR_000000000181&pageIndex=1,2018,무,미부착,,개방 가능,공공누리 1유형,,,O,,,,,업무상 저작물,
1715,세종학당재단,HOME > 정보공개 > 사업실명제,사업실명제,(2018년) 5. 해외 한국어 교원 파견 지원,https://ksif.or.kr/cop/bbs/selectBoardArticle.do?nttId=91300037&bbsId=BBSMSTR_000000000181&pageIndex=1,2018,무,미부착,,개방 가능,공공누리 1유형,,,O,,,,,업무상 저작물,
1716,세종학당재단,HOME > 정보공개 > 사업실명제,사업실명제,(2018년) 3. 세종학당 운영 평가,https://ksif.or.kr/cop/bbs/selectBoardArticle.do?nttId=91300036&bbsId=BBSMSTR_000000000181&pageIndex=1,2018,무,미부착,,개방 가능,공공누리 1유형,,,O,,,,,업무상 저작물,
1717,세종학당재단,HOME > 정보공개 > 사업실명제,사업실명제,(2018년) 2. 세종학당 교육 환경 개선,https://ksif.or.kr/cop/bbs/selectBoardArticle.do?nttId=91300035&bbsId=BBSMSTR_000000000181&pageIndex=1,2018,무,미부착,,개방 가능,공공누리 1유형,,,O,,,,,업무상 저작물,
1718,세종학당재단,HOME > 정보공개 > 사업실명제,사업실명제,(2018년) 1. 세종학당 운영 지원 ,https://ksif.or.kr/cop/bbs/selectBoardArticle.do?nttId=91300034&bbsId=BBSMSTR_000000000181&pageIndex=1,2018,무,미부착,,개방 가능,공공누리 1유형,,,O,,,,,업무상 저작물,
1719,세종학당재단,HOME > 정보공개 > 사업실명제,사업실명제,2018년 사업실명제 대상사업 선정 현황 ,https://ksif.or.kr/cop/bbs/selectBoardArticle.do?nttId=91300033&bbsId=BBSMSTR_000000000181&pageIndex=1,2018,무,미부착,,개방 가능,공공누리 1유형,,,O,,,,,업무상 저작물,
1720,세종학당재단,HOME > 정보공개 > 사업실명제,사업실명제, 2017년 사업실명제 대상사업 선정 현황 ,https://ksif.or.kr/cop/bbs/selectBoardArticle.do?nttId=91300032&bbsId=BBSMSTR_000000000181&pageIndex=1,2017,무,미부착,,개방 가능,공공누리 1유형,,,O,,,,,업무상 저작물,
1721,세종학당재단,HOME > 정보공개 > 사업실명제,사업실명제,1. 세종학당 운영 지원,https://ksif.or.kr/cop/bbs/selectBoardArticle.do?nttId=91300031&bbsId=BBSMSTR_000000000181&pageIndex=1,2017,무,미부착,,개방 가능,공공누리 1유형,,,O,,,,,업무상 저작물,
1722,세종학당재단,HOME > 정보공개 > 사업실명제,사업실명제,2. 세종학당 시설 개선 지원,https://ksif.or.kr/cop/bbs/selectBoardArticle.do?nttId=91300030&bbsId=BBSMSTR_000000000181&pageIndex=1,2017,무,미부착,,개방 가능,공공누리 1유형,,,O,,,,,업무상 저작물,
1723,세종학당재단,HOME > 정보공개 > 사업실명제,사업실명제,3. 세종학당 운영평가,https://ksif.or.kr/cop/bbs/selectBoardArticle.do?nttId=91300029&bbsId=BBSMSTR_000000000181&pageIndex=1,2017,무,미부착,,개방 가능,공공누리 1유형,,,O,,,,,업무상 저작물,
1724,세종학당재단,HOME > 정보공개 > 사업실명제,사업실명제,4. 세종학당 지역별 워크숍 개최,https://ksif.or.kr/cop/bbs/selectBoardArticle.do?nttId=91300028&bbsId=BBSMSTR_000000000181&pageIndex=1,2017,무,미부착,,개방 가능,공공누리 1유형,,,O,,,,,업무상 저작물,
1725,세종학당재단,HOME > 정보공개 > 사업실명제,사업실명제,5. 한국어 교원 자격 향상 및 해외 파견,https://ksif.or.kr/cop/bbs/selectBoardArticle.do?nttId=91300027&bbsId=BBSMSTR_000000000181&pageIndex=1,2017,무,미부착,,개방 가능,공공누리 1유형,,,O,,,,,업무상 저작물,
1726,세종학당재단,HOME > 정보공개 > 사업실명제,사업실명제,6. 한국어 교원 양성과정 운영,https://ksif.or.kr/cop/bbs/selectBoardArticle.do?nttId=91300026&bbsId=BBSMSTR_000000000181&pageIndex=1,2017,무,미부착,,개방 가능,공공누리 1유형,,,O,,,,,업무상 저작물,
1727,세종학당재단,HOME > 정보공개 > 사업실명제,사업실명제,7. 세종학당 교원 재교육과정 개발 및 관리,https://ksif.or.kr/cop/bbs/selectBoardArticle.do?nttId=91300025&bbsId=BBSMSTR_000000000181&pageIndex=1,2017,무,미부착,,개방 가능,공공누리 1유형,,,O,,,,,업무상 저작물,
1728,세종학당재단,HOME > 정보공개 > 사업실명제,사업실명제,8. 세계한국어교육자대회,https://ksif.or.kr/cop/bbs/selectBoardArticle.do?nttId=91300024&bbsId=BBSMSTR_000000000181&pageIndex=1,2017,무,미부착,,개방 가능,공공누리 1유형,,,O,,,,,업무상 저작물,
1729,세종학당재단,HOME > 정보공개 > 사업실명제,사업실명제,9. 세종학당 문화프로그램 보급 및 지원,https://ksif.or.kr/cop/bbs/selectBoardArticle.do?nttId=91300023&bbsId=BBSMSTR_000000000181&pageIndex=1,2017,무,미부착,,개방 가능,공공누리 1유형,,,O,,,,,업무상 저작물,
1730,세종학당재단,HOME > 정보공개 > 사업실명제,사업실명제,10. 우수학습자초청 한국어·한국문화체험한마당,https://ksif.or.kr/cop/bbs/selectBoardArticle.do?nttId=91300022&bbsId=BBSMSTR_000000000181&pageIndex=1,2017,무,미부착,,개방 가능,공공누리 1유형,,,O,,,,,업무상 저작물,
1731,세종학당재단,HOME > 정보공개 > 사업실명제,사업실명제,11. 세종학당 관리 및 브랜드 홍보,https://ksif.or.kr/cop/bbs/selectBoardArticle.do?nttId=91300021&bbsId=BBSMSTR_000000000181&pageIndex=1,2017,무,미부착,,개방 가능,공공누리 1유형,,,O,,,,,업무상 저작물,
1732,세종학당재단,HOME > 정보공개 > 사업실명제,사업실명제,12. 세종학당 표준교재 개발,https://ksif.or.kr/cop/bbs/selectBoardArticle.do?nttId=91300020&bbsId=BBSMSTR_000000000181&pageIndex=1,2017,무,미부착,,개방 가능,공공누리 1유형,,,O,,,,,업무상 저작물,
1733,세종학당재단,HOME > 정보공개 > 사업실명제,사업실명제,13. 스마트러닝 학습체계 구축,https://ksif.or.kr/cop/bbs/selectBoardArticle.do?nttId=91300019&bbsId=BBSMSTR_000000000181&pageIndex=1,2017,무,미부착,,개방 가능,공공누리 1유형,,,O,,,,,업무상 저작물,
1734,세종학당재단,HOME > 정보공개 > 사업실명제,사업실명제,14.누리-세종학당 시스템개선 및 운영·홍보,https://ksif.or.kr/cop/bbs/selectBoardArticle.do?nttId=91300018&bbsId=BBSMSTR_000000000181&pageIndex=1,2017,무,미부착,,개방 가능,공공누리 1유형,,,O,,,,,업무상 저작물,
1735,세종학당재단,HOME > 정보공개 > 사업실명제,사업실명제,15. 한국어·한국문화 콘텐츠 확대 구축,https://ksif.or.kr/cop/bbs/selectBoardArticle.do?nttId=91300017&bbsId=BBSMSTR_000000000181&pageIndex=1,2017,무,미부착,,개방 가능,공공누리 1유형,,,O,,,,,업무상 저작물,
1736,세종학당재단,HOME > 정보공개 > 사업실명제,사업실명제,2015년 사업실명제 대상 사업 선정 기준,https://ksif.or.kr/cop/bbs/selectBoardArticle.do?nttId=91300016&bbsId=BBSMSTR_000000000181&pageIndex=1,2016,무,미부착,,개방 가능,공공누리 1유형,,,O,,,,,업무상 저작물,
1737,세종학당재단,HOME > 정보공개 > 사업실명제,사업실명제,15. 한국어·한국문화 콘텐츠 확대 구축,https://ksif.or.kr/cop/bbs/selectBoardArticle.do?nttId=91300015&bbsId=BBSMSTR_000000000181&pageIndex=1,2016,무,미부착,,개방 가능,공공누리 1유형,,,O,,,,,업무상 저작물,
1738,세종학당재단,HOME > 정보공개 > 사업실명제,사업실명제,14. 누리-세종학당 시스템 개선 및 운영 홍보,https://ksif.or.kr/cop/bbs/selectBoardArticle.do?nttId=91300014&bbsId=BBSMSTR_000000000181&pageIndex=1,2016,무,미부착,,개방 가능,공공누리 1유형,,,O,,,,,업무상 저작물,
1739,세종학당재단,HOME > 정보공개 > 사업실명제,사업실명제,13. 모바일 학습체계 구축,https://ksif.or.kr/cop/bbs/selectBoardArticle.do?nttId=91300013&bbsId=BBSMSTR_000000000181&pageIndex=1,2016,무,미부착,,개방 가능,공공누리 1유형,,,O,,,,,업무상 저작물,
1740,세종학당재단,HOME > 정보공개 > 사업실명제,사업실명제,12. 세종학당 표준교재 개발,https://ksif.or.kr/cop/bbs/selectBoardArticle.do?nttId=91300012&bbsId=BBSMSTR_000000000181&pageIndex=1,2016,무,미부착,,개방 가능,공공누리 1유형,,,O,,,,,업무상 저작물,
1741,세종학당재단,HOME > 정보공개 > 사업실명제,사업실명제,11. 한국어 대표 브랜드 ‘세종학당’ 홍보 강화,https://ksif.or.kr/cop/bbs/selectBoardArticle.do?nttId=91300011&bbsId=BBSMSTR_000000000181&pageIndex=1,2016,무,미부착,,개방 가능,공공누리 1유형,,,O,,,,,업무상 저작물,
1742,세종학당재단,HOME > 정보공개 > 사업실명제,사업실명제,10. 우수학습자 초청 한국어·한국문화 체험 한마당,https://ksif.or.kr/cop/bbs/selectBoardArticle.do?nttId=91300010&bbsId=BBSMSTR_000000000181&pageIndex=1,2016,무,미부착,,개방 가능,공공누리 1유형,,,O,,,,,업무상 저작물,
1743,세종학당재단,HOME > 정보공개 > 사업실명제,사업실명제,9. 세종학당 문화 프로그램 지원,https://ksif.or.kr/cop/bbs/selectBoardArticle.do?nttId=91300009&bbsId=BBSMSTR_000000000181&pageIndex=1,2016,무,미부착,,개방 가능,공공누리 1유형,,,O,,,,,업무상 저작물,
1744,세종학당재단,HOME > 정보공개 > 사업실명제,사업실명제,8. 세계한국어교육자대회 개최,https://ksif.or.kr/cop/bbs/selectBoardArticle.do?nttId=91300008&bbsId=BBSMSTR_000000000181&pageIndex=1,2016,무,미부착,,개방 가능,공공누리 1유형,,,O,,,,,업무상 저작물,
1745,세종학당재단,HOME > 정보공개 > 사업실명제,사업실명제,7. 세종학당 교원 재교육과정 개발 및 관리_수정,https://ksif.or.kr/cop/bbs/selectBoardArticle.do?nttId=91300007&bbsId=BBSMSTR_000000000181&pageIndex=1,2016,무,미부착,,개방 가능,공공누리 1유형,,,O,,,,,업무상 저작물,
1746,세종학당재단,HOME > 정보공개 > 사업실명제,사업실명제,6. 한국어 교원 양성과정 운영,https://ksif.or.kr/cop/bbs/selectBoardArticle.do?nttId=91300006&bbsId=BBSMSTR_000000000181&pageIndex=1,2016,무,미부착,,개방 가능,공공누리 1유형,,,O,,,,,업무상 저작물,
1747,세종학당재단,HOME > 정보공개 > 사업실명제,사업실명제,5. 한국어 교원 해외 파견,https://ksif.or.kr/cop/bbs/selectBoardArticle.do?nttId=91300005&bbsId=BBSMSTR_000000000181&pageIndex=1,2016,무,미부착,,개방 가능,공공누리 1유형,,,O,,,,,업무상 저작물,
1748,세종학당재단,HOME > 정보공개 > 사업실명제,사업실명제,4. 세종학당 운영 평가 체계화,https://ksif.or.kr/cop/bbs/selectBoardArticle.do?nttId=91300004&bbsId=BBSMSTR_000000000181&pageIndex=1,2016,무,미부착,,개방 가능,공공누리 1유형,,,O,,,,,업무상 저작물,
1749,세종학당재단,HOME > 정보공개 > 사업실명제,사업실명제,3. 세종학당 지역별 워크숍 개최,https://ksif.or.kr/cop/bbs/selectBoardArticle.do?nttId=91300003&bbsId=BBSMSTR_000000000181&pageIndex=1,2016,무,미부착,,개방 가능,공공누리 1유형,,,O,,,,,업무상 저작물,
1750,세종학당재단,HOME > 정보공개 > 사업실명제,사업실명제,2. 세종학당 시설 개선 지원,https://ksif.or.kr/cop/bbs/selectBoardArticle.do?nttId=91300002&bbsId=BBSMSTR_000000000181&pageIndex=1,2016,무,미부착,,개방 가능,공공누리 1유형,,,O,,,,,업무상 저작물,
1751,세종학당재단,HOME > 정보공개 > 사업실명제,사업실명제,1. 세종학당 운영 지원,https://ksif.or.kr/cop/bbs/selectBoardArticle.do?nttId=91300001&bbsId=BBSMSTR_000000000181&pageIndex=1,2016,무,미부착,,개방 가능,공공누리 1유형,,,O,,,,,업무상 저작물,
1752,세종학당재단,HOME > 정보공개 > 업무추진비,업무추진비,[업무추진비] 2024년 4월 사용 내역,https://ksif.or.kr/cop/bbs/selectBoardArticle.do?nttId=9220000006164&bbsId=BBSMSTR_000000000101&pageIndex=1,2024,유,미부착,,개방 가능,공공누리 1유형,,,O,,,,,단순 정보,
1753,세종학당재단,HOME > 정보공개 > 업무추진비,업무추진비,[상품권] 2024년 1분기 상품권 구입 및 사용내역,https://ksif.or.kr/cop/bbs/selectBoardArticle.do?nttId=9220000006078&bbsId=BBSMSTR_000000000101&pageIndex=1,2024,유,미부착,,개방 가능,공공누리 1유형,,,O,,,,,단순 정보,
1754,세종학당재단,HOME > 정보공개 > 업무추진비,업무추진비,[업무추진비] 2024년 3월 사용 내역,https://ksif.or.kr/cop/bbs/selectBoardArticle.do?nttId=9220000006057&bbsId=BBSMSTR_000000000101&pageIndex=1,2024,유,미부착,,개방 가능,공공누리 1유형,,,O,,,,,단순 정보,
1755,세종학당재단,HOME > 정보공개 > 업무추진비,업무추진비,[업무추진비] 2024년 2월 사용 내역,https://ksif.or.kr/cop/bbs/selectBoardArticle.do?nttId=9220000005997&bbsId=BBSMSTR_000000000101&pageIndex=1,2024,유,미부착,,개방 가능,공공누리 1유형,,,O,,,,,단순 정보,
1756,세종학당재단,HOME > 정보공개 > 업무추진비,업무추진비,[업무추진비] 2024년 1월 사용 내역,https://ksif.or.kr/cop/bbs/selectBoardArticle.do?nttId=9220000005941&bbsId=BBSMSTR_000000000101&pageIndex=1,2024,유,미부착,,개방 가능,공공누리 1유형,,,O,,,,,단순 정보,
1757,세종학당재단,HOME > 정보공개 > 업무추진비,업무추진비,[상품권] 2023년 4분기 상품권 구입 및 사용내역,https://ksif.or.kr/cop/bbs/selectBoardArticle.do?nttId=9220000005911&bbsId=BBSMSTR_000000000101&pageIndex=1,2024,유,미부착,,개방 가능,공공누리 1유형,,,O,,,,,단순 정보,
1758,세종학당재단,HOME > 정보공개 > 업무추진비,업무추진비,[업무추진비] 2023년 12월 사용 내역,https://ksif.or.kr/cop/bbs/selectBoardArticle.do?nttId=9220000005848&bbsId=BBSMSTR_000000000101&pageIndex=1,2023,유,미부착,,개방 가능,공공누리 1유형,,,O,,,,,단순 정보,
1759,세종학당재단,HOME > 정보공개 > 업무추진비,업무추진비,[업무추진비] 2023년 11월 사용 내역,https://ksif.or.kr/cop/bbs/selectBoardArticle.do?nttId=9220000005821&bbsId=BBSMSTR_000000000101&pageIndex=1,2023,유,미부착,,개방 가능,공공누리 1유형,,,O,,,,,단순 정보,
1760,세종학당재단,HOME > 정보공개 > 업무추진비,업무추진비,[업무추진비] 2023년 10월 사용 내역,https://ksif.or.kr/cop/bbs/selectBoardArticle.do?nttId=9220000005715&bbsId=BBSMSTR_000000000101&pageIndex=1,2023,유,미부착,,개방 가능,공공누리 1유형,,,O,,,,,단순 정보,
1761,세종학당재단,HOME > 정보공개 > 업무추진비,업무추진비,"[상품권] 2023년 2, 3분기 상품권 구입 및 사용내역",https://ksif.or.kr/cop/bbs/selectBoardArticle.do?nttId=9220000005639&bbsId=BBSMSTR_000000000101&pageIndex=1,2023,유,미부착,,개방 가능,공공누리 1유형,,,O,,,,,단순 정보,
1762,세종학당재단,HOME > 정보공개 > 업무추진비,업무추진비,[업무추진비] 2023년 9월 사용 내역,https://ksif.or.kr/cop/bbs/selectBoardArticle.do?nttId=9220000005638&bbsId=BBSMSTR_000000000101&pageIndex=1,2023,유,미부착,,개방 가능,공공누리 1유형,,,O,,,,,단순 정보,
1763,세종학당재단,HOME > 정보공개 > 업무추진비,업무추진비,[업무추진비] 2023년 8월 사용 내역,https://ksif.or.kr/cop/bbs/selectBoardArticle.do?nttId=9220000005586&bbsId=BBSMSTR_000000000101&pageIndex=1,2023,유,미부착,,개방 가능,공공누리 1유형,,,O,,,,,단순 정보,
1764,세종학당재단,HOME > 정보공개 > 업무추진비,업무추진비,[업무추진비] 2023년 7월 사용 내역,https://ksif.or.kr/cop/bbs/selectBoardArticle.do?nttId=9220000005519&bbsId=BBSMSTR_000000000101&pageIndex=1,2023,유,미부착,,개방 가능,공공누리 1유형,,,O,,,,,단순 정보,
1765,세종학당재단,HOME > 정보공개 > 업무추진비,업무추진비,[업무추진비] 2023년 6월 사용 내역,https://ksif.or.kr/cop/bbs/selectBoardArticle.do?nttId=9220000005420&bbsId=BBSMSTR_000000000101&pageIndex=1,2023,유,미부착,,개방 가능,공공누리 1유형,,,O,,,,,단순 정보,
1766,세종학당재단,HOME > 정보공개 > 업무추진비,업무추진비,[업무추진비] 2023년 5월 사용 내역,https://ksif.or.kr/cop/bbs/selectBoardArticle.do?nttId=9220000005362&bbsId=BBSMSTR_000000000101&pageIndex=1,2023,유,미부착,,개방 가능,공공누리 1유형,,,O,,,,,단순 정보,
1767,세종학당재단,HOME > 정보공개 > 업무추진비,업무추진비,[업무추진비] 2023년 4월 사용 내역,https://ksif.or.kr/cop/bbs/selectBoardArticle.do?nttId=9220000005301&bbsId=BBSMSTR_000000000101&pageIndex=1,2023,유,미부착,,개방 가능,공공누리 1유형,,,O,,,,,단순 정보,
1768,세종학당재단,HOME > 정보공개 > 업무추진비,업무추진비,[상품권] 2023년 1분기 상품권 구매 및 사용내역,https://ksif.or.kr/cop/bbs/selectBoardArticle.do?nttId=9220000005251&bbsId=BBSMSTR_000000000101&pageIndex=1,2023,유,미부착,,개방 가능,공공누리 1유형,,,O,,,,,단순 정보,
1769,세종학당재단,HOME > 정보공개 > 업무추진비,업무추진비,[업무추진비] 2023년 3월 사용 내역,https://ksif.or.kr/cop/bbs/selectBoardArticle.do?nttId=9220000005109&bbsId=BBSMSTR_000000000101&pageIndex=1,2023,유,미부착,,개방 가능,공공누리 1유형,,,O,,,,,단순 정보,
1770,세종학당재단,HOME > 정보공개 > 업무추진비,업무추진비,[업무추진비] 2023년 2월 사용 내역,https://ksif.or.kr/cop/bbs/selectBoardArticle.do?nttId=9220000004925&bbsId=BBSMSTR_000000000101&pageIndex=1,2023,유,미부착,,개방 가능,공공누리 1유형,,,O,,,,,단순 정보,
1771,세종학당재단,HOME > 정보공개 > 업무추진비,업무추진비,[업무추진비] 2023년 1월 사용 내역,https://ksif.or.kr/cop/bbs/selectBoardArticle.do?nttId=9220000004915&bbsId=BBSMSTR_000000000101&pageIndex=1,2023,유,미부착,,개방 가능,공공누리 1유형,,,O,,,,,단순 정보,
1772,세종학당재단,HOME > 정보공개 > 업무추진비,업무추진비,[상품권] 2022년 4분기 상품권 구매 및 사용내역,https://ksif.or.kr/cop/bbs/selectBoardArticle.do?nttId=9220000004842&bbsId=BBSMSTR_000000000101&pageIndex=1,2023,유,미부착,,개방 가능,공공누리 1유형,,,O,,,,,단순 정보,
1773,세종학당재단,HOME > 정보공개 > 업무추진비,업무추진비,[업무추진비] 2022년 12월 사용 내역,https://ksif.or.kr/cop/bbs/selectBoardArticle.do?nttId=9220000004751&bbsId=BBSMSTR_000000000101&pageIndex=1,2023,유,미부착,,개방 가능,공공누리 1유형,,,O,,,,,단순 정보,
1774,세종학당재단,HOME > 정보공개 > 업무추진비,업무추진비,[업무추진비]2022년 11월 사용내역,https://ksif.or.kr/cop/bbs/selectBoardArticle.do?nttId=9220000004741&bbsId=BBSMSTR_000000000101&pageIndex=1,2022,유,미부착,,개방 가능,공공누리 1유형,,,O,,,,,단순 정보,
1775,세종학당재단,HOME > 정보공개 > 업무추진비,업무추진비,[업무추진비] 2022년 10월 사용 내역,https://ksif.or.kr/cop/bbs/selectBoardArticle.do?nttId=9220000004621&bbsId=BBSMSTR_000000000101&pageIndex=1,2022,유,미부착,,개방 가능,공공누리 1유형,,,O,,,,,단순 정보,
1776,세종학당재단,HOME > 정보공개 > 업무추진비,업무추진비,[업무추진비] 2022년 9월 사용 내역,https://ksif.or.kr/cop/bbs/selectBoardArticle.do?nttId=9220000004461&bbsId=BBSMSTR_000000000101&pageIndex=1,2022,유,미부착,,개방 가능,공공누리 1유형,,,O,,,,,단순 정보,
1777,세종학당재단,HOME > 정보공개 > 업무추진비,업무추진비,[업무추진비] 2022년 8월 사용 내역,https://ksif.or.kr/cop/bbs/selectBoardArticle.do?nttId=9220000004341&bbsId=BBSMSTR_000000000101&pageIndex=1,2022,유,미부착,,개방 가능,공공누리 1유형,,,O,,,,,단순 정보,
1778,세종학당재단,HOME > 정보공개 > 업무추진비,업무추진비,[업무추진비] 2022년 7월 사용 내역,https://ksif.or.kr/cop/bbs/selectBoardArticle.do?nttId=9220000004213&bbsId=BBSMSTR_000000000101&pageIndex=1,2022,유,미부착,,개방 가능,공공누리 1유형,,,O,,,,,단순 정보,
1779,세종학당재단,HOME > 정보공개 > 업무추진비,업무추진비,[업무추진비] 2022년 6월 사용 내역,https://ksif.or.kr/cop/bbs/selectBoardArticle.do?nttId=9220000004096&bbsId=BBSMSTR_000000000101&pageIndex=1,2022,유,미부착,,개방 가능,공공누리 1유형,,,O,,,,,단순 정보,
1780,세종학당재단,HOME > 정보공개 > 업무추진비,업무추진비,[업무추진비] 2022년 5월 사용 내역,https://ksif.or.kr/cop/bbs/selectBoardArticle.do?nttId=9220000004023&bbsId=BBSMSTR_000000000101&pageIndex=1,2022,유,미부착,,개방 가능,공공누리 1유형,,,O,,,,,단순 정보,
1781,세종학당재단,HOME > 정보공개 > 업무추진비,업무추진비,[업무추진비] 2022년 4월 사용 내역,https://ksif.or.kr/cop/bbs/selectBoardArticle.do?nttId=9220000003965&bbsId=BBSMSTR_000000000101&pageIndex=1,2022,유,미부착,,개방 가능,공공누리 1유형,,,O,,,,,단순 정보,
1782,세종학당재단,HOME > 정보공개 > 업무추진비,업무추진비,[업무추진비]2022년 3월 사용내역,https://ksif.or.kr/cop/bbs/selectBoardArticle.do?nttId=9220000003898&bbsId=BBSMSTR_000000000101&pageIndex=1,2022,유,미부착,,개방 가능,공공누리 1유형,,,O,,,,,단순 정보,
1783,세종학당재단,HOME > 정보공개 > 업무추진비,업무추진비,[업무추진비]2022년 2월 사용내역,https://ksif.or.kr/cop/bbs/selectBoardArticle.do?nttId=9220000003839&bbsId=BBSMSTR_000000000101&pageIndex=1,2022,유,미부착,,개방 가능,공공누리 1유형,,,O,,,,,단순 정보,
1784,세종학당재단,HOME > 정보공개 > 업무추진비,업무추진비,[업무추진비]2022년 1월 사용내역,https://ksif.or.kr/cop/bbs/selectBoardArticle.do?nttId=9220000003780&bbsId=BBSMSTR_000000000101&pageIndex=1,2022,유,미부착,,개방 가능,공공누리 1유형,,,O,,,,,단순 정보,
1785,세종학당재단,HOME > 정보공개 > 업무추진비,업무추진비,[업무추진비]2021년 12월 사용내역,https://ksif.or.kr/cop/bbs/selectBoardArticle.do?nttId=9220000003708&bbsId=BBSMSTR_000000000101&pageIndex=1,2022,유,미부착,,개방 가능,공공누리 1유형,,,O,,,,,단순 정보,
1786,세종학당재단,HOME > 정보공개 > 업무추진비,업무추진비,[업무추진비]2021년 11월 사용내역,https://ksif.or.kr/cop/bbs/selectBoardArticle.do?nttId=9220000003637&bbsId=BBSMSTR_000000000101&pageIndex=1,2021,유,미부착,,개방 가능,공공누리 1유형,,,O,,,,,단순 정보,
1787,세종학당재단,HOME > 정보공개 > 업무추진비,업무추진비,[업무추진비] 2021년 10월 사용 내역,https://ksif.or.kr/cop/bbs/selectBoardArticle.do?nttId=9220000003463&bbsId=BBSMSTR_000000000101&pageIndex=1,2021,유,미부착,,개방 가능,공공누리 1유형,,,O,,,,,단순 정보,
1788,세종학당재단,HOME > 정보공개 > 업무추진비,업무추진비,[업무추진비] 2021년 9월 사용 내역,https://ksif.or.kr/cop/bbs/selectBoardArticle.do?nttId=9220000003143&bbsId=BBSMSTR_000000000101&pageIndex=1,2021,유,미부착,,개방 가능,공공누리 1유형,,,O,,,,,단순 정보,
1789,세종학당재단,HOME > 정보공개 > 업무추진비,업무추진비,[업무추진비]2021년 8월 사용내역,https://ksif.or.kr/cop/bbs/selectBoardArticle.do?nttId=9220000002824&bbsId=BBSMSTR_000000000101&pageIndex=1,2021,유,미부착,,개방 가능,공공누리 1유형,,,O,,,,,단순 정보,
1790,세종학당재단,HOME > 정보공개 > 업무추진비,업무추진비,[업무추진비] 2021년 7월 사용 내역,https://ksif.or.kr/cop/bbs/selectBoardArticle.do?nttId=9220000002747&bbsId=BBSMSTR_000000000101&pageIndex=1,2021,유,미부착,,개방 가능,공공누리 1유형,,,O,,,,,단순 정보,
1791,세종학당재단,HOME > 정보공개 > 업무추진비,업무추진비,[업무추진비] 2021년 6월 사용 내역,https://ksif.or.kr/cop/bbs/selectBoardArticle.do?nttId=9220000002653&bbsId=BBSMSTR_000000000101&pageIndex=1,2021,유,미부착,,개방 가능,공공누리 1유형,,,O,,,,,단순 정보,
1792,세종학당재단,HOME > 정보공개 > 업무추진비,업무추진비,[업무추진비] 2021년 5월 사용 내역,https://ksif.or.kr/cop/bbs/selectBoardArticle.do?nttId=9220000002571&bbsId=BBSMSTR_000000000101&pageIndex=1,2021,유,미부착,,개방 가능,공공누리 1유형,,,O,,,,,단순 정보,
1793,세종학당재단,HOME > 정보공개 > 업무추진비,업무추진비,[업무추진비] 2021년 4월 사용 내역,https://ksif.or.kr/cop/bbs/selectBoardArticle.do?nttId=9220000002521&bbsId=BBSMSTR_000000000101&pageIndex=1,2021,유,미부착,,개방 가능,공공누리 1유형,,,O,,,,,단순 정보,
1794,세종학당재단,HOME > 정보공개 > 업무추진비,업무추진비,[업무추진비] 2021년 3월 사용 내역,https://ksif.or.kr/cop/bbs/selectBoardArticle.do?nttId=9220000002433&bbsId=BBSMSTR_000000000101&pageIndex=1,2021,유,미부착,,개방 가능,공공누리 1유형,,,O,,,,,단순 정보,
1795,세종학당재단,HOME > 정보공개 > 업무추진비,업무추진비,[업무추진비] 2021년 2월 사용 내역,https://ksif.or.kr/cop/bbs/selectBoardArticle.do?nttId=9220000002348&bbsId=BBSMSTR_000000000101&pageIndex=1,2021,유,미부착,,개방 가능,공공누리 1유형,,,O,,,,,단순 정보,
1796,세종학당재단,HOME > 정보공개 > 업무추진비,업무추진비,[업무추진비] 2021년 1월 사용 내역,https://ksif.or.kr/cop/bbs/selectBoardArticle.do?nttId=9220000002304&bbsId=BBSMSTR_000000000101&pageIndex=1,2021,유,미부착,,개방 가능,공공누리 1유형,,,O,,,,,단순 정보,
1797,세종학당재단,HOME > 정보공개 > 업무추진비,업무추진비,[업무추진비] 2020년 12월 사용 내역,https://ksif.or.kr/cop/bbs/selectBoardArticle.do?nttId=9220000002225&bbsId=BBSMSTR_000000000101&pageIndex=1,2020,유,미부착,,개방 가능,공공누리 1유형,,,O,,,,,단순 정보,
1798,세종학당재단,HOME > 정보공개 > 업무추진비,업무추진비,[업무추진비] 2020년 11월 사용 내역,https://ksif.or.kr/cop/bbs/selectBoardArticle.do?nttId=9220000002217&bbsId=BBSMSTR_000000000101&pageIndex=1,2020,유,미부착,,개방 가능,공공누리 1유형,,,O,,,,,단순 정보,
1799,세종학당재단,HOME > 정보공개 > 업무추진비,업무추진비,[업무추진비] 2020년 10월 사용 내역,https://ksif.or.kr/cop/bbs/selectBoardArticle.do?nttId=9220000002151&bbsId=BBSMSTR_000000000101&pageIndex=1,2020,유,미부착,,개방 가능,공공누리 1유형,,,O,,,,,단순 정보,
1800,세종학당재단,HOME > 정보공개 > 업무추진비,업무추진비,[업무추진비] 2020년 9월 사용 내역,https://ksif.or.kr/cop/bbs/selectBoardArticle.do?nttId=9220000002098&bbsId=BBSMSTR_000000000101&pageIndex=1,2020,유,미부착,,개방 가능,공공누리 1유형,,,O,,,,,단순 정보,
1801,세종학당재단,HOME > 정보공개 > 업무추진비,업무추진비,[업무추진비] 2020년 8월 사용 내역,https://ksif.or.kr/cop/bbs/selectBoardArticle.do?nttId=9220000002044&bbsId=BBSMSTR_000000000101&pageIndex=1,2020,유,미부착,,개방 가능,공공누리 1유형,,,O,,,,,단순 정보,
1802,세종학당재단,HOME > 정보공개 > 업무추진비,업무추진비,[업무추진비] 2020년 7월 사용 내역,https://ksif.or.kr/cop/bbs/selectBoardArticle.do?nttId=9220000001969&bbsId=BBSMSTR_000000000101&pageIndex=1,2020,유,미부착,,개방 가능,공공누리 1유형,,,O,,,,,단순 정보,
1803,세종학당재단,HOME > 정보공개 > 업무추진비,업무추진비,[업무추진비] 2020년 6월 사용 내역,https://ksif.or.kr/cop/bbs/selectBoardArticle.do?nttId=9220000001892&bbsId=BBSMSTR_000000000101&pageIndex=1,2020,유,미부착,,개방 가능,공공누리 1유형,,,O,,,,,단순 정보,
1804,세종학당재단,HOME > 정보공개 > 업무추진비,업무추진비,[업무추진비] 2020년 5월 사용 내역,https://ksif.or.kr/cop/bbs/selectBoardArticle.do?nttId=9220000001834&bbsId=BBSMSTR_000000000101&pageIndex=1,2020,유,미부착,,개방 가능,공공누리 1유형,,,O,,,,,단순 정보,
1805,세종학당재단,HOME > 정보공개 > 업무추진비,업무추진비,[업무추진비] 2020년 4월 사용 내역,https://ksif.or.kr/cop/bbs/selectBoardArticle.do?nttId=9220000001808&bbsId=BBSMSTR_000000000101&pageIndex=1,2020,유,미부착,,개방 가능,공공누리 1유형,,,O,,,,,단순 정보,
1806,세종학당재단,HOME > 정보공개 > 업무추진비,업무추진비,[업무추진비] 2020년 3월 사용 내역,https://ksif.or.kr/cop/bbs/selectBoardArticle.do?nttId=9220000001715&bbsId=BBSMSTR_000000000101&pageIndex=1,2020,유,미부착,,개방 가능,공공누리 1유형,,,O,,,,,단순 정보,
1807,세종학당재단,HOME > 정보공개 > 업무추진비,업무추진비,[업무추진비] 2020년 2월 사용 내역,https://ksif.or.kr/cop/bbs/selectBoardArticle.do?nttId=9220000001641&bbsId=BBSMSTR_000000000101&pageIndex=1,2020,유,미부착,,개방 가능,공공누리 1유형,,,O,,,,,단순 정보,
1808,세종학당재단,HOME > 정보공개 > 업무추진비,업무추진비,[업무추진비] 2020년 1월 사용 내역,https://ksif.or.kr/cop/bbs/selectBoardArticle.do?nttId=9220000001518&bbsId=BBSMSTR_000000000101&pageIndex=1,2020,유,미부착,,개방 가능,공공누리 1유형,,,O,,,,,단순 정보,
1809,세종학당재단,HOME > 정보공개 > 업무추진비,업무추진비,[업무추진비] 2019년 12월 사용 내역,https://ksif.or.kr/cop/bbs/selectBoardArticle.do?nttId=9220000001433&bbsId=BBSMSTR_000000000101&pageIndex=1,2020,유,미부착,,개방 가능,공공누리 1유형,,,O,,,,,단순 정보,
1810,세종학당재단,HOME > 정보공개 > 업무추진비,업무추진비,[업무추진비] 2019년 11월 사용 내역,https://ksif.or.kr/cop/bbs/selectBoardArticle.do?nttId=9220000001422&bbsId=BBSMSTR_000000000101&pageIndex=1,2019,유,미부착,,개방 가능,공공누리 1유형,,,O,,,,,단순 정보,
1811,세종학당재단,HOME > 정보공개 > 업무추진비,업무추진비,[업무추진비] 2019년 10월 사용 내역,https://ksif.or.kr/cop/bbs/selectBoardArticle.do?nttId=9220000001339&bbsId=BBSMSTR_000000000101&pageIndex=1,2019,유,미부착,,개방 가능,공공누리 1유형,,,O,,,,,단순 정보,
1812,세종학당재단,HOME > 정보공개 > 업무추진비,업무추진비,[업무추진비] 2019년 9월 사용 내역,https://ksif.or.kr/cop/bbs/selectBoardArticle.do?nttId=9220000001308&bbsId=BBSMSTR_000000000101&pageIndex=1,2019,유,미부착,,개방 가능,공공누리 1유형,,,O,,,,,단순 정보,
1813,세종학당재단,HOME > 정보공개 > 업무추진비,업무추진비,[업무추진비] 2019년 8월 사용 내역,https://ksif.or.kr/cop/bbs/selectBoardArticle.do?nttId=9220000001181&bbsId=BBSMSTR_000000000101&pageIndex=1,2019,유,미부착,,개방 가능,공공누리 1유형,,,O,,,,,단순 정보,
1814,세종학당재단,HOME > 정보공개 > 업무추진비,업무추진비,[업무추진비] 2019년 7월 사용 내역,https://ksif.or.kr/cop/bbs/selectBoardArticle.do?nttId=9220000001128&bbsId=BBSMSTR_000000000101&pageIndex=1,2019,유,미부착,,개방 가능,공공누리 1유형,,,O,,,,,단순 정보,
1815,세종학당재단,HOME > 정보공개 > 업무추진비,업무추진비,[업무추진비] 2019년 6월 사용 내역,https://ksif.or.kr/cop/bbs/selectBoardArticle.do?nttId=9220000001057&bbsId=BBSMSTR_000000000101&pageIndex=1,2019,유,미부착,,개방 가능,공공누리 1유형,,,O,,,,,단순 정보,
1816,세종학당재단,HOME > 정보공개 > 업무추진비,업무추진비,[업무추진비] 2019년 5월 사용 내역,https://ksif.or.kr/cop/bbs/selectBoardArticle.do?nttId=9220000001004&bbsId=BBSMSTR_000000000101&pageIndex=1,2019,유,미부착,,개방 가능,공공누리 1유형,,,O,,,,,단순 정보,
1817,세종학당재단,HOME > 정보공개 > 업무추진비,업무추진비,[업무추진비] 2019년 4월 사용 내역,https://ksif.or.kr/cop/bbs/selectBoardArticle.do?nttId=9220000000954&bbsId=BBSMSTR_000000000101&pageIndex=1,2019,유,미부착,,개방 가능,공공누리 1유형,,,O,,,,,단순 정보,
1818,세종학당재단,HOME > 정보공개 > 업무추진비,업무추진비,[업무추진비] 2019년 3월 사용 내역,https://ksif.or.kr/cop/bbs/selectBoardArticle.do?nttId=9220000000814&bbsId=BBSMSTR_000000000101&pageIndex=1,2019,유,미부착,,개방 가능,공공누리 1유형,,,O,,,,,단순 정보,
1819,세종학당재단,HOME > 정보공개 > 업무추진비,업무추진비,[업무추진비] 2019년 2월 사용 내역,https://ksif.or.kr/cop/bbs/selectBoardArticle.do?nttId=9220000000743&bbsId=BBSMSTR_000000000101&pageIndex=1,2019,유,미부착,,개방 가능,공공누리 1유형,,,O,,,,,단순 정보,
1820,세종학당재단,HOME > 정보공개 > 업무추진비,업무추진비,[업무추진비] 2019년 1월 사용 내역,https://ksif.or.kr/cop/bbs/selectBoardArticle.do?nttId=9220000000726&bbsId=BBSMSTR_000000000101&pageIndex=1,2019,유,미부착,,개방 가능,공공누리 1유형,,,O,,,,,단순 정보,
1821,세종학당재단,HOME > 정보공개 > 업무추진비,업무추진비,[업무추진비] 2018년 12월 사용 내역,https://ksif.or.kr/cop/bbs/selectBoardArticle.do?nttId=9220000000702&bbsId=BBSMSTR_000000000101&pageIndex=1,2019,유,미부착,,개방 가능,공공누리 1유형,,,O,,,,,단순 정보,
1822,세종학당재단,HOME > 정보공개 > 업무추진비,업무추진비,[업무추진비] 2018년 11월 사용 내역,https://ksif.or.kr/cop/bbs/selectBoardArticle.do?nttId=9220000000662&bbsId=BBSMSTR_000000000101&pageIndex=1,2018,유,미부착,,개방 가능,공공누리 1유형,,,O,,,,,단순 정보,
1823,세종학당재단,HOME > 정보공개 > 업무추진비,업무추진비,[업무추진비]2018년 10월 사용 내역,https://ksif.or.kr/cop/bbs/selectBoardArticle.do?nttId=9220000000615&bbsId=BBSMSTR_000000000101&pageIndex=1,2018,유,미부착,,개방 가능,공공누리 1유형,,,O,,,,,단순 정보,
1824,세종학당재단,HOME > 정보공개 > 업무추진비,업무추진비,[업무추진비]2018년 9월 사용 내역,https://ksif.or.kr/cop/bbs/selectBoardArticle.do?nttId=9220000000574&bbsId=BBSMSTR_000000000101&pageIndex=1,2018,유,미부착,,개방 가능,공공누리 1유형,,,O,,,,,단순 정보,
1825,세종학당재단,HOME > 정보공개 > 업무추진비,업무추진비,[업무추진비]2018년 8월 사용 내역,https://ksif.or.kr/cop/bbs/selectBoardArticle.do?nttId=9220000000501&bbsId=BBSMSTR_000000000101&pageIndex=1,2018,유,미부착,,개방 가능,공공누리 1유형,,,O,,,,,단순 정보,
1826,세종학당재단,HOME > 정보공개 > 업무추진비,업무추진비,[업무추진비]2018년 7월 사용 내역,https://ksif.or.kr/cop/bbs/selectBoardArticle.do?nttId=9220000000454&bbsId=BBSMSTR_000000000101&pageIndex=1,2018,유,미부착,,개방 가능,공공누리 1유형,,,O,,,,,단순 정보,
1827,세종학당재단,HOME > 정보공개 > 업무추진비,업무추진비,[업무추진비] 2018년 6월 사용 내역,https://ksif.or.kr/cop/bbs/selectBoardArticle.do?nttId=91900063&bbsId=BBSMSTR_000000000101&pageIndex=1,2018,유,미부착,,개방 가능,공공누리 1유형,,,O,,,,,단순 정보,
1828,세종학당재단,HOME > 정보공개 > 업무추진비,업무추진비,[업무추진비] 2018년 5월 사용 내역,https://ksif.or.kr/cop/bbs/selectBoardArticle.do?nttId=91900062&bbsId=BBSMSTR_000000000101&pageIndex=1,2018,유,미부착,,개방 가능,공공누리 1유형,,,O,,,,,단순 정보,
1829,세종학당재단,HOME > 정보공개 > 업무추진비,업무추진비,[업무추진비] 2018년 4월 사용 내역,https://ksif.or.kr/cop/bbs/selectBoardArticle.do?nttId=91900061&bbsId=BBSMSTR_000000000101&pageIndex=1,2018,유,미부착,,개방 가능,공공누리 1유형,,,O,,,,,단순 정보,
1830,세종학당재단,HOME > 정보공개 > 업무추진비,업무추진비,[업무추진비] 2018년 3월 사용 내역,https://ksif.or.kr/cop/bbs/selectBoardArticle.do?nttId=91900060&bbsId=BBSMSTR_000000000101&pageIndex=1,2018,유,미부착,,개방 가능,공공누리 1유형,,,O,,,,,단순 정보,
1831,세종학당재단,HOME > 정보공개 > 업무추진비,업무추진비,[업무추진비] 2018년 2월 사용 내역,https://ksif.or.kr/cop/bbs/selectBoardArticle.do?nttId=91900059&bbsId=BBSMSTR_000000000101&pageIndex=1,2018,유,미부착,,개방 가능,공공누리 1유형,,,O,,,,,단순 정보,
1832,세종학당재단,HOME > 정보공개 > 업무추진비,업무추진비,[업무추진비] 2018년 1월 사용 내역,https://ksif.or.kr/cop/bbs/selectBoardArticle.do?nttId=91900058&bbsId=BBSMSTR_000000000101&pageIndex=1,2018,유,미부착,,개방 가능,공공누리 1유형,,,O,,,,,단순 정보,
1833,세종학당재단,HOME > 정보공개 > 업무추진비,업무추진비,[업무추진비] 2017년 12월 사용 내역,https://ksif.or.kr/cop/bbs/selectBoardArticle.do?nttId=91900057&bbsId=BBSMSTR_000000000101&pageIndex=1,2018,유,미부착,,개방 가능,공공누리 1유형,,,O,,,,,단순 정보,
1834,세종학당재단,HOME > 정보공개 > 업무추진비,업무추진비,[업무추진비] 2017년 11월 사용 내역,https://ksif.or.kr/cop/bbs/selectBoardArticle.do?nttId=91900056&bbsId=BBSMSTR_000000000101&pageIndex=1,2018,유,미부착,,개방 가능,공공누리 1유형,,,O,,,,,단순 정보,
1835,세종학당재단,HOME > 정보공개 > 업무추진비,업무추진비,[업무추진비] 2017년 10월 사용 내역,https://ksif.or.kr/cop/bbs/selectBoardArticle.do?nttId=91900055&bbsId=BBSMSTR_000000000101&pageIndex=1,2017,유,미부착,,개방 가능,공공누리 1유형,,,O,,,,,단순 정보,
1836,세종학당재단,HOME > 정보공개 > 업무추진비,업무추진비,[업무추진비]2017년 9월 사용 내역,https://ksif.or.kr/cop/bbs/selectBoardArticle.do?nttId=91900054&bbsId=BBSMSTR_000000000101&pageIndex=1,2017,유,미부착,,개방 가능,공공누리 1유형,,,O,,,,,단순 정보,
1837,세종학당재단,HOME > 정보공개 > 업무추진비,업무추진비,[업무추진비]2017년 8월 사용 내역,https://ksif.or.kr/cop/bbs/selectBoardArticle.do?nttId=91900053&bbsId=BBSMSTR_000000000101&pageIndex=1,2017,유,미부착,,개방 가능,공공누리 1유형,,,O,,,,,단순 정보,
1838,세종학당재단,HOME > 정보공개 > 업무추진비,업무추진비,[업무추진비]2017년 7월 사용 내역,https://ksif.or.kr/cop/bbs/selectBoardArticle.do?nttId=91900052&bbsId=BBSMSTR_000000000101&pageIndex=1,2017,유,미부착,,개방 가능,공공누리 1유형,,,O,,,,,단순 정보,
1839,세종학당재단,HOME > 정보공개 > 업무추진비,업무추진비,[업무추진비]2017년 6월 사용 내역,https://ksif.or.kr/cop/bbs/selectBoardArticle.do?nttId=91900051&bbsId=BBSMSTR_000000000101&pageIndex=1,2017,유,미부착,,개방 가능,공공누리 1유형,,,O,,,,,단순 정보,
1840,세종학당재단,HOME > 정보공개 > 업무추진비,업무추진비,[업무추진비]2017년 5월 사용 내역,https://ksif.or.kr/cop/bbs/selectBoardArticle.do?nttId=91900050&bbsId=BBSMSTR_000000000101&pageIndex=1,2017,유,미부착,,개방 가능,공공누리 1유형,,,O,,,,,단순 정보,
1841,세종학당재단,HOME > 정보공개 > 업무추진비,업무추진비,[업무추진비] 2017년 4월 사용 내역,https://ksif.or.kr/cop/bbs/selectBoardArticle.do?nttId=91900049&bbsId=BBSMSTR_000000000101&pageIndex=1,2017,유,미부착,,개방 가능,공공누리 1유형,,,O,,,,,단순 정보,
1842,세종학당재단,HOME > 정보공개 > 업무추진비,업무추진비,[업무추진비] 2017년 3월 사용 내역,https://ksif.or.kr/cop/bbs/selectBoardArticle.do?nttId=91900048&bbsId=BBSMSTR_000000000101&pageIndex=1,2017,유,미부착,,개방 가능,공공누리 1유형,,,O,,,,,단순 정보,
1843,세종학당재단,HOME > 정보공개 > 업무추진비,업무추진비,[업무추진비] 2017년 2월 사용 내역,https://ksif.or.kr/cop/bbs/selectBoardArticle.do?nttId=91900047&bbsId=BBSMSTR_000000000101&pageIndex=1,2017,유,미부착,,개방 가능,공공누리 1유형,,,O,,,,,단순 정보,
1844,세종학당재단,HOME > 정보공개 > 업무추진비,업무추진비,[업무추진비] 2017년 1월 사용 내역,https://ksif.or.kr/cop/bbs/selectBoardArticle.do?nttId=91900046&bbsId=BBSMSTR_000000000101&pageIndex=1,2017,유,미부착,,개방 가능,공공누리 1유형,,,O,,,,,단순 정보,
1845,세종학당재단,HOME > 정보공개 > 업무추진비,업무추진비,"[업무추진비] 2016년 9,10,11,12월 사용 내역",https://ksif.or.kr/cop/bbs/selectBoardArticle.do?nttId=91900045&bbsId=BBSMSTR_000000000101&pageIndex=1,2017,유,미부착,,개방 가능,공공누리 1유형,,,O,,,,,단순 정보,
1846,세종학당재단,HOME > 정보공개 > 업무추진비,업무추진비,[수의계약] 2016년 6월 주요사항,https://ksif.or.kr/cop/bbs/selectBoardArticle.do?nttId=91900044&bbsId=BBSMSTR_000000000101&pageIndex=1,2016,유,미부착,,개방 가능,공공누리 1유형,,,O,,,,,단순 정보,
1847,세종학당재단,HOME > 정보공개 > 업무추진비,업무추진비,[수의계약] 2016년 4월 주요사항,https://ksif.or.kr/cop/bbs/selectBoardArticle.do?nttId=91900043&bbsId=BBSMSTR_000000000101&pageIndex=1,2016,유,미부착,,개방 가능,공공누리 1유형,,,O,,,,,단순 정보,
1848,세종학당재단,HOME > 정보공개 > 업무추진비,업무추진비,[수의계약] 2016년 3월 주요사항,https://ksif.or.kr/cop/bbs/selectBoardArticle.do?nttId=91900042&bbsId=BBSMSTR_000000000101&pageIndex=1,2016,유,미부착,,개방 가능,공공누리 1유형,,,O,,,,,단순 정보,
1849,세종학당재단,HOME > 정보공개 > 업무추진비,업무추진비,[수의계약] 2016년 2월 주요사항,https://ksif.or.kr/cop/bbs/selectBoardArticle.do?nttId=91900041&bbsId=BBSMSTR_000000000101&pageIndex=1,2016,유,미부착,,개방 가능,공공누리 1유형,,,O,,,,,단순 정보,
1850,세종학당재단,HOME > 정보공개 > 업무추진비,업무추진비,[업무추진비] 2016년 8월 사용 내역,https://ksif.or.kr/cop/bbs/selectBoardArticle.do?nttId=91900040&bbsId=BBSMSTR_000000000101&pageIndex=1,2016,유,미부착,,개방 가능,공공누리 1유형,,,O,,,,,단순 정보,
1851,세종학당재단,HOME > 정보공개 > 업무추진비,업무추진비,[업무추진비] 2016년 7월 사용 내역,https://ksif.or.kr/cop/bbs/selectBoardArticle.do?nttId=91900039&bbsId=BBSMSTR_000000000101&pageIndex=1,2016,유,미부착,,개방 가능,공공누리 1유형,,,O,,,,,단순 정보,
1852,세종학당재단,HOME > 정보공개 > 업무추진비,업무추진비,[업무추진비] 2016년 6월 사용 내역,https://ksif.or.kr/cop/bbs/selectBoardArticle.do?nttId=91900038&bbsId=BBSMSTR_000000000101&pageIndex=1,2016,유,미부착,,개방 가능,공공누리 1유형,,,O,,,,,단순 정보,
1853,세종학당재단,HOME > 정보공개 > 업무추진비,업무추진비,[업무추진비] 2016년 5월 사용 내역,https://ksif.or.kr/cop/bbs/selectBoardArticle.do?nttId=91900037&bbsId=BBSMSTR_000000000101&pageIndex=1,2016,유,미부착,,개방 가능,공공누리 1유형,,,O,,,,,단순 정보,
1854,세종학당재단,HOME > 정보공개 > 업무추진비,업무추진비,[업무추진비] 2016년 4월 사용 내역,https://ksif.or.kr/cop/bbs/selectBoardArticle.do?nttId=91900036&bbsId=BBSMSTR_000000000101&pageIndex=1,2016,유,미부착,,개방 가능,공공누리 1유형,,,O,,,,,단순 정보,
1855,세종학당재단,HOME > 정보공개 > 업무추진비,업무추진비,[업무추진비] 2016년 3월 사용 내역,https://ksif.or.kr/cop/bbs/selectBoardArticle.do?nttId=91900035&bbsId=BBSMSTR_000000000101&pageIndex=1,2016,유,미부착,,개방 가능,공공누리 1유형,,,O,,,,,단순 정보,
1856,세종학당재단,HOME > 정보공개 > 업무추진비,업무추진비,[업무추진비] 2016년 2월 사용 내역,https://ksif.or.kr/cop/bbs/selectBoardArticle.do?nttId=91900034&bbsId=BBSMSTR_000000000101&pageIndex=1,2016,유,미부착,,개방 가능,공공누리 1유형,,,O,,,,,단순 정보,
1857,세종학당재단,HOME > 정보공개 > 업무추진비,업무추진비,[업무추진비] 2016년 1월 사용 내역,https://ksif.or.kr/cop/bbs/selectBoardArticle.do?nttId=91900033&bbsId=BBSMSTR_000000000101&pageIndex=1,2016,유,미부착,,개방 가능,공공누리 1유형,,,O,,,,,단순 정보,
1858,세종학당재단,HOME > 정보공개 > 업무추진비,업무추진비,[업무추진비] 2015년도 4분기 업무추진비,https://ksif.or.kr/cop/bbs/selectBoardArticle.do?nttId=91900032&bbsId=BBSMSTR_000000000101&pageIndex=1,2016,유,미부착,,개방 가능,공공누리 1유형,,,O,,,,,단순 정보,
1859,세종학당재단,HOME > 정보공개 > 업무추진비,업무추진비,"2015년 유형별,대륙별 세종학당 개소 수",https://ksif.or.kr/cop/bbs/selectBoardArticle.do?nttId=91900031&bbsId=BBSMSTR_000000000101&pageIndex=1,2015,유,미부착,,개방 가능,공공누리 1유형,,,O,,,,,단순 정보,
1860,세종학당재단,HOME > 정보공개 > 업무추진비,업무추진비,2015년 신규 세종학당 목록,https://ksif.or.kr/cop/bbs/selectBoardArticle.do?nttId=91900030&bbsId=BBSMSTR_000000000101&pageIndex=1,2015,유,미부착,,개방 가능,공공누리 1유형,,,O,,,,,단순 정보,
1861,세종학당재단,HOME > 정보공개 > 업무추진비,업무추진비,2015년 세종학당 문화 인턴 및 전문가 파견 현황,https://ksif.or.kr/cop/bbs/selectBoardArticle.do?nttId=91900029&bbsId=BBSMSTR_000000000101&pageIndex=1,2015,유,미부착,,개방 가능,공공누리 1유형,,,O,,,,,단순 정보,
1862,세종학당재단,HOME > 정보공개 > 업무추진비,업무추진비,[업무추진비] 2015년도 3분기 업무추진비,https://ksif.or.kr/cop/bbs/selectBoardArticle.do?nttId=91900028&bbsId=BBSMSTR_000000000101&pageIndex=1,2015,유,미부착,,개방 가능,공공누리 1유형,,,O,,,,,단순 정보,
1863,세종학당재단,HOME > 정보공개 > 업무추진비,업무추진비,[업무추진비] 2015년도 2분기 업무추진비,https://ksif.or.kr/cop/bbs/selectBoardArticle.do?nttId=91900027&bbsId=BBSMSTR_000000000101&pageIndex=1,2015,유,미부착,,개방 가능,공공누리 1유형,,,O,,,,,단순 정보,
1864,세종학당재단,HOME > 정보공개 > 업무추진비,업무추진비,[문서목록]국정감사 조치결과 보고서,https://ksif.or.kr/cop/bbs/selectBoardArticle.do?nttId=91900026&bbsId=BBSMSTR_000000000101&pageIndex=1,2015,유,미부착,,개방 가능,공공누리 1유형,,,O,,,,,단순 정보,
1865,세종학당재단,HOME > 정보공개 > 업무추진비,업무추진비,[문서목록] 2015년 11월 문서 목록,https://ksif.or.kr/cop/bbs/selectBoardArticle.do?nttId=91900025&bbsId=BBSMSTR_000000000101&pageIndex=1,2015,유,미부착,,개방 가능,공공누리 1유형,,,O,,,,,단순 정보,
1866,세종학당재단,HOME > 정보공개 > 업무추진비,업무추진비,[문서목록] 2015년 10월 문서 목록,https://ksif.or.kr/cop/bbs/selectBoardArticle.do?nttId=91900024&bbsId=BBSMSTR_000000000101&pageIndex=1,2015,유,미부착,,개방 가능,공공누리 1유형,,,O,,,,,단순 정보,
1867,세종학당재단,HOME > 정보공개 > 업무추진비,업무추진비,[문서목록] 2015년 9월 문서 목록,https://ksif.or.kr/cop/bbs/selectBoardArticle.do?nttId=91900023&bbsId=BBSMSTR_000000000101&pageIndex=1,2015,유,미부착,,개방 가능,공공누리 1유형,,,O,,,,,단순 정보,
1868,세종학당재단,HOME > 정보공개 > 업무추진비,업무추진비,[문서목록] 2015년 8월 문서 목록,https://ksif.or.kr/cop/bbs/selectBoardArticle.do?nttId=91900022&bbsId=BBSMSTR_000000000101&pageIndex=1,2015,유,미부착,,개방 가능,공공누리 1유형,,,O,,,,,단순 정보,
1869,세종학당재단,HOME > 정보공개 > 업무추진비,업무추진비,[문서목록] 2015년 7월 문서 목록,https://ksif.or.kr/cop/bbs/selectBoardArticle.do?nttId=91900021&bbsId=BBSMSTR_000000000101&pageIndex=1,2015,유,미부착,,개방 가능,공공누리 1유형,,,O,,,,,단순 정보,
1870,세종학당재단,HOME > 정보공개 > 업무추진비,업무추진비,[문서목록] 2015년 6월 문서 목록,https://ksif.or.kr/cop/bbs/selectBoardArticle.do?nttId=91900020&bbsId=BBSMSTR_000000000101&pageIndex=1,2015,유,미부착,,개방 가능,공공누리 1유형,,,O,,,,,단순 정보,
1871,세종학당재단,HOME > 정보공개 > 업무추진비,업무추진비,[문서목록] 2015년 5월 문서 목록,https://ksif.or.kr/cop/bbs/selectBoardArticle.do?nttId=91900019&bbsId=BBSMSTR_000000000101&pageIndex=1,2015,유,미부착,,개방 가능,공공누리 1유형,,,O,,,,,단순 정보,
1872,세종학당재단,HOME > 정보공개 > 업무추진비,업무추진비,[문서목록] 2015년 4월 문서 목록,https://ksif.or.kr/cop/bbs/selectBoardArticle.do?nttId=91900018&bbsId=BBSMSTR_000000000101&pageIndex=1,2015,유,미부착,,개방 가능,공공누리 1유형,,,O,,,,,단순 정보,
1873,세종학당재단,HOME > 정보공개 > 업무추진비,업무추진비,[업무추진비] 2015년 1분기 업무추진비,https://ksif.or.kr/cop/bbs/selectBoardArticle.do?nttId=91900017&bbsId=BBSMSTR_000000000101&pageIndex=1,2015,유,미부착,,개방 가능,공공누리 1유형,,,O,,,,,단순 정보,
1874,세종학당재단,HOME > 정보공개 > 업무추진비,업무추진비,[문서목록] 2015년 3월 문서 목록,https://ksif.or.kr/cop/bbs/selectBoardArticle.do?nttId=91900016&bbsId=BBSMSTR_000000000101&pageIndex=1,2015,유,미부착,,개방 가능,공공누리 1유형,,,O,,,,,단순 정보,
1875,세종학당재단,HOME > 정보공개 > 업무추진비,업무추진비,[문서목록] 2015년 2월 문서 목록,https://ksif.or.kr/cop/bbs/selectBoardArticle.do?nttId=91900015&bbsId=BBSMSTR_000000000101&pageIndex=1,2015,유,미부착,,개방 가능,공공누리 1유형,,,O,,,,,단순 정보,
1876,세종학당재단,HOME > 정보공개 > 업무추진비,업무추진비,[문서목록] 2015년 1월 문서 목록,https://ksif.or.kr/cop/bbs/selectBoardArticle.do?nttId=91900014&bbsId=BBSMSTR_000000000101&pageIndex=1,2015,유,미부착,,개방 가능,공공누리 1유형,,,O,,,,,단순 정보,
1877,세종학당재단,HOME > 정보공개 > 업무추진비,업무추진비,[업무추진비] 2014년도 업무추진비,https://ksif.or.kr/cop/bbs/selectBoardArticle.do?nttId=91900013&bbsId=BBSMSTR_000000000101&pageIndex=1,2015,유,미부착,,개방 가능,공공누리 1유형,,,O,,,,,단순 정보,
1878,세종학당재단,HOME > 정보공개 > 업무추진비,업무추진비,[계약현황] 2014년 계약현황,https://ksif.or.kr/cop/bbs/selectBoardArticle.do?nttId=91900012&bbsId=BBSMSTR_000000000101&pageIndex=1,2015,유,미부착,,개방 가능,공공누리 1유형,,,O,,,,,단순 정보,
1879,세종학당재단,HOME > 정보공개 > 업무추진비,업무추진비,[문서목록] 2014년 11월 문서 목록,https://ksif.or.kr/cop/bbs/selectBoardArticle.do?nttId=91900011&bbsId=BBSMSTR_000000000101&pageIndex=1,2015,유,미부착,,개방 가능,공공누리 1유형,,,O,,,,,단순 정보,
1880,세종학당재단,HOME > 정보공개 > 업무추진비,업무추진비,[문서목록] 2014년 12월 문서 목록,https://ksif.or.kr/cop/bbs/selectBoardArticle.do?nttId=91900010&bbsId=BBSMSTR_000000000101&pageIndex=1,2015,유,미부착,,개방 가능,공공누리 1유형,,,O,,,,,단순 정보,
1881,세종학당재단,HOME > 정보공개 > 업무추진비,업무추진비,[문서목록] 2014년 10월 문서 목록,https://ksif.or.kr/cop/bbs/selectBoardArticle.do?nttId=91900009&bbsId=BBSMSTR_000000000101&pageIndex=1,2014,유,미부착,,개방 가능,공공누리 1유형,,,O,,,,,단순 정보,
1882,세종학당재단,HOME > 정보공개 > 업무추진비,업무추진비,[문서목록] 2014년 9월 문서 목록,https://ksif.or.kr/cop/bbs/selectBoardArticle.do?nttId=91900008&bbsId=BBSMSTR_000000000101&pageIndex=1,2014,유,미부착,,개방 가능,공공누리 1유형,,,O,,,,,단순 정보,
1883,세종학당재단,HOME > 정보공개 > 업무추진비,업무추진비,[문서목록] 2014년 8월 문서 목록,https://ksif.or.kr/cop/bbs/selectBoardArticle.do?nttId=91900007&bbsId=BBSMSTR_000000000101&pageIndex=1,2014,유,미부착,,개방 가능,공공누리 1유형,,,O,,,,,단순 정보,
1884,세종학당재단,HOME > 정보공개 > 업무추진비,업무추진비,[문서목록] 2014년 7월 문서 목록,https://ksif.or.kr/cop/bbs/selectBoardArticle.do?nttId=91900005&bbsId=BBSMSTR_000000000101&pageIndex=1,2014,유,미부착,,개방 가능,공공누리 1유형,,,O,,,,,단순 정보,
1885,세종학당재단,HOME > 정보공개 > 업무추진비,업무추진비,[감사결과] 2013년 국정감사 조치 결과보고 자료,https://ksif.or.kr/cop/bbs/selectBoardArticle.do?nttId=91900003&bbsId=BBSMSTR_000000000101&pageIndex=1,2014,유,미부착,,개방 가능,공공누리 1유형,,,O,,,,,단순 정보,
1886,세종학당재단,HOME > 정보공개 > 업무추진비,업무추진비,[문서생산현황] 2012년 1월 ~ 2014년 6월말까지 연도별 문서 목록,https://ksif.or.kr/cop/bbs/selectBoardArticle.do?nttId=91900002&bbsId=BBSMSTR_000000000101&pageIndex=1,2014,유,미부착,,개방 가능,공공누리 1유형,,,O,,,,,단순 정보,
1887,세종학당재단,HOME > 정보공개 > 업무추진비,업무추진비,[업무추진비] 2013년도 기관장 업무추진비,https://ksif.or.kr/cop/bbs/selectBoardArticle.do?nttId=91900001&bbsId=BBSMSTR_000000000101&pageIndex=1,2014,유,미부착,,개방 가능,공공누리 1유형,,,O,,,,,단순 정보,
1888,세종학당재단,HOME > 정보공개 > 연도별 주요 성과,연도별 주요 성과,2022년 주요 성과,https://ksif.or.kr/cop/bbs/selectBoardArticle.do?nttId=9220000006158&bbsId=BBSMSTR_000000000033&pageIndex=1,2024,무,미부착,,개방 가능,공공누리 1유형,,,O,,,,,업무상 저작물,
1889,세종학당재단,HOME > 정보공개 > 연도별 주요 성과,연도별 주요 성과,2021년 주요 성과,https://ksif.or.kr/cop/bbs/selectBoardArticle.do?nttId=9220000003942&bbsId=BBSMSTR_000000000033&pageIndex=1,2022,무,미부착,,개방 가능,공공누리 1유형,,,O,,,,,업무상 저작물,
1890,세종학당재단,HOME > 정보공개 > 연도별 주요 성과,연도별 주요 성과,2020년 주요 성과,https://ksif.or.kr/cop/bbs/selectBoardArticle.do?nttId=9220000002434&bbsId=BBSMSTR_000000000033&pageIndex=1,2021,무,미부착,,개방 가능,공공누리 1유형,,,O,,,,,업무상 저작물,
1891,세종학당재단,HOME > 정보공개 > 연도별 주요 성과,연도별 주요 성과,2019년 주요 성과,https://ksif.or.kr/cop/bbs/selectBoardArticle.do?nttId=9220000002380&bbsId=BBSMSTR_000000000033&pageIndex=1,2021,무,미부착,,개방 가능,공공누리 1유형,,,O,,,,,업무상 저작물,
1892,세종학당재단,HOME > 정보공개 > 연도별 주요 성과,연도별 주요 성과,2018년 주요 성과,https://ksif.or.kr/cop/bbs/selectBoardArticle.do?nttId=9220000002379&bbsId=BBSMSTR_000000000033&pageIndex=1,2021,무,미부착,,개방 가능,공공누리 1유형,,,O,,,,,업무상 저작물,
1893,세종학당재단,HOME > 정보공개 > 연도별 주요 성과,연도별 주요 성과,2017년 주요 성과,https://ksif.or.kr/cop/bbs/selectBoardArticle.do?nttId=9220000002378&bbsId=BBSMSTR_000000000033&pageIndex=1,2021,무,미부착,,개방 가능,공공누리 1유형,,,O,,,,,업무상 저작물,
1894,세종학당재단,HOME > 재단소개 > 윤리경영 > 윤리경영 활동,윤리경영 활동,2024년 4월 부패방지 교육 시행(2024.4.2.),https://ksif.or.kr/cop/bbs/selectBoardArticle.do?nttId=9220000006182&bbsId=BBSMSTR_000000000022&pageIndex=1,2024,무,미부착,,개방 가능,공공누리 1유형,,,O,,,,,업무상 저작물,
1895,세종학당재단,HOME > 재단소개 > 윤리경영 > 윤리경영 활동,윤리경영 활동,2023년도 인권경영 및 인권영향평가 결과 보고서,https://ksif.or.kr/cop/bbs/selectBoardArticle.do?nttId=9220000005899&bbsId=BBSMSTR_000000000022&pageIndex=1,2024,유,미부착,,개방 가능,공공누리 1유형,,,O,,,,,업무상 저작물,
1896,세종학당재단,HOME > 재단소개 > 윤리경영 > 윤리경영 활동,윤리경영 활동,2023년 전 직원 이해충돌방지법 교육(2023.9.11.(월)~12.29.(금)),https://ksif.or.kr/cop/bbs/selectBoardArticle.do?nttId=9220000005893&bbsId=BBSMSTR_000000000022&pageIndex=1,2024,무,미부착,,개방 가능,공공누리 1유형,,,O,,,,,업무상 저작물,
1897,세종학당재단,HOME > 재단소개 > 윤리경영 > 윤리경영 활동,윤리경영 활동,2023년 제2차 윤리경영위원회 개최(2023.11.28.(화),https://ksif.or.kr/cop/bbs/selectBoardArticle.do?nttId=9220000005892&bbsId=BBSMSTR_000000000022&pageIndex=1,2024,무,미부착,,개방 가능,공공누리 1유형,,,O,,,,,업무상 저작물,
1898,세종학당재단,HOME > 재단소개 > 윤리경영 > 윤리경영 활동,윤리경영 활동,2023년 11월 부패방지 교육 시행(2023.11.21.(화)),https://ksif.or.kr/cop/bbs/selectBoardArticle.do?nttId=9220000005891&bbsId=BBSMSTR_000000000022&pageIndex=1,2024,무,미부착,,개방 가능,공공누리 1유형,,,O,,,,,업무상 저작물,
1899,세종학당재단,HOME > 재단소개 > 윤리경영 > 윤리경영 활동,윤리경영 활동,2023년도 국외출장자 대상 청렴 교육 실시(2023.4.12./2019.9.18.),https://ksif.or.kr/cop/bbs/selectBoardArticle.do?nttId=9220000005890&bbsId=BBSMSTR_000000000022&pageIndex=1,2024,무,미부착,,개방 가능,공공누리 1유형,,,O,,,,,업무상 저작물,
1900,세종학당재단,HOME > 재단소개 > 윤리경영 > 윤리경영 활동,윤리경영 활동,2023년 8월 반부패 청렴 교육 시행(2023.8.21.(월)),https://ksif.or.kr/cop/bbs/selectBoardArticle.do?nttId=9220000005889&bbsId=BBSMSTR_000000000022&pageIndex=1,2024,무,미부착,,개방 가능,공공누리 1유형,,,O,,,,,업무상 저작물,
1901,세종학당재단,HOME > 재단소개 > 윤리경영 > 윤리경영 활동,윤리경영 활동,2023년 제1차 윤리경영위원회 서면 개최(2023.8.14.(월) ~8.18.(금),https://ksif.or.kr/cop/bbs/selectBoardArticle.do?nttId=9220000005888&bbsId=BBSMSTR_000000000022&pageIndex=1,2024,무,미부착,,개방 가능,공공누리 1유형,,,O,,,,,업무상 저작물,
1902,세종학당재단,HOME > 재단소개 > 윤리경영 > 윤리경영 활동,윤리경영 활동,2023년 청렴윤리경영 합동 교육 시행(2023.6.27.(화)) ,https://ksif.or.kr/cop/bbs/selectBoardArticle.do?nttId=9220000005887&bbsId=BBSMSTR_000000000022&pageIndex=1,2024,무,미부착,,개방 가능,공공누리 1유형,,,O,,,,,업무상 저작물,
1903,세종학당재단,HOME > 재단소개 > 윤리경영 > 윤리경영 활동,윤리경영 활동,2023년 6월 전 직원 반부패 청렴 교육 시행(2023.6.2.(금)),https://ksif.or.kr/cop/bbs/selectBoardArticle.do?nttId=9220000005886&bbsId=BBSMSTR_000000000022&pageIndex=1,2024,무,미부착,,개방 가능,공공누리 1유형,,,O,,,,,업무상 저작물,
1904,세종학당재단,HOME > 재단소개 > 윤리경영 > 윤리경영 활동,윤리경영 활동,"인권경영 헌장, 윤리경영 헌장 선포식 시행(2023. 12. 4.(월))",https://ksif.or.kr/cop/bbs/selectBoardArticle.do?nttId=9220000005832&bbsId=BBSMSTR_000000000022&pageIndex=1,2023,유,미부착,,개방 가능,공공누리 1유형,,,O,,,,,업무상 저작물,
1905,세종학당재단,HOME > 재단소개 > 윤리경영 > 윤리경영 활동,윤리경영 활동,2022년 인권영향평가 결과보고서,https://ksif.or.kr/cop/bbs/selectBoardArticle.do?nttId=9220000004824&bbsId=BBSMSTR_000000000022&pageIndex=1,2023,유,미부착,,개방 가능,공공누리 1유형,,,O,,,,,업무상 저작물,
1906,세종학당재단,HOME > 재단소개 > 윤리경영 > 윤리경영 활동,윤리경영 활동,2022년 전 직원 부패방지(청렴) 교육 시행(2022.9.1.(목)~11.30.(수)),https://ksif.or.kr/cop/bbs/selectBoardArticle.do?nttId=9220000004771&bbsId=BBSMSTR_000000000022&pageIndex=1,2023,무,미부착,,개방 가능,공공누리 1유형,,,O,,,,,업무상 저작물,
1907,세종학당재단,HOME > 재단소개 > 윤리경영 > 윤리경영 활동,윤리경영 활동,인권경영 헌장 선포식 시행(2022.12.5.(월)),https://ksif.or.kr/cop/bbs/selectBoardArticle.do?nttId=9220000004770&bbsId=BBSMSTR_000000000022&pageIndex=1,2023,무,미부착,,개방 가능,공공누리 1유형,,,O,,,,,업무상 저작물,
1908,세종학당재단,HOME > 재단소개 > 윤리경영 > 윤리경영 활동,윤리경영 활동,2022년 제1차 윤리경영위원회 서면 개최(2022.12.21.(수)~22(목)),https://ksif.or.kr/cop/bbs/selectBoardArticle.do?nttId=9220000004769&bbsId=BBSMSTR_000000000022&pageIndex=1,2023,무,미부착,,개방 가능,공공누리 1유형,,,O,,,,,업무상 저작물,
1909,세종학당재단,HOME > 재단소개 > 윤리경영 > 윤리경영 활동,윤리경영 활동,2022년 전 직원 이해충돌방지법 교육 시행(2022.5.10.(화)),https://ksif.or.kr/cop/bbs/selectBoardArticle.do?nttId=9220000004768&bbsId=BBSMSTR_000000000022&pageIndex=1,2023,무,미부착,,개방 가능,공공누리 1유형,,,O,,,,,업무상 저작물,
1910,세종학당재단,HOME > 재단소개 > 윤리경영 > 윤리경영 활동,윤리경영 활동,2022년 직급별 직장 내 괴롭힘(갑질) 예방 교육 시행(2022.9.20.(화)),https://ksif.or.kr/cop/bbs/selectBoardArticle.do?nttId=9220000004767&bbsId=BBSMSTR_000000000022&pageIndex=1,2023,무,미부착,,개방 가능,공공누리 1유형,,,O,,,,,업무상 저작물,
1911,세종학당재단,HOME > 재단소개 > 윤리경영 > 윤리경영 활동,윤리경영 활동,2022년 직급별 성희롱ㆍ성폭력 예방 교육 시행(2022.9.13.(화)~9.14.(수)),https://ksif.or.kr/cop/bbs/selectBoardArticle.do?nttId=9220000004766&bbsId=BBSMSTR_000000000022&pageIndex=1,2023,무,미부착,,개방 가능,공공누리 1유형,,,O,,,,,업무상 저작물,
1912,세종학당재단,HOME > 재단소개 > 윤리경영 > 윤리경영 활동,윤리경영 활동,2022년 제1차 인권경영위원회 개최(2022.7.25.(월)),https://ksif.or.kr/cop/bbs/selectBoardArticle.do?nttId=9220000004765&bbsId=BBSMSTR_000000000022&pageIndex=1,2023,무,미부착,,개방 가능,공공누리 1유형,,,O,,,,,업무상 저작물,
1913,세종학당재단,HOME > 재단소개 > 윤리경영 > 윤리경영 활동,윤리경영 활동,윤리경영 결의대회 시행(2022.5.30.(월)),https://ksif.or.kr/cop/bbs/selectBoardArticle.do?nttId=9220000004764&bbsId=BBSMSTR_000000000022&pageIndex=1,2023,무,미부착,,개방 가능,공공누리 1유형,,,O,,,,,업무상 저작물,
1914,세종학당재단,HOME > 재단소개 > 윤리경영 > 윤리경영 활동,윤리경영 활동,신규임용직원 대상 직장 내 성희롱 예방교육(2022.3.16.(수)),https://ksif.or.kr/cop/bbs/selectBoardArticle.do?nttId=9220000004763&bbsId=BBSMSTR_000000000022&pageIndex=1,2023,무,미부착,,개방 가능,공공누리 1유형,,,O,,,,,업무상 저작물,
1915,세종학당재단,HOME > 재단소개 > 윤리경영 > 윤리경영 활동,윤리경영 활동,2022년 신임 사무총장 직무청렴계약 체결(2022.1.17.(월)),https://ksif.or.kr/cop/bbs/selectBoardArticle.do?nttId=9220000004762&bbsId=BBSMSTR_000000000022&pageIndex=1,2023,무,미부착,,개방 가능,공공누리 1유형,,,O,,,,,업무상 저작물,
1916,세종학당재단,HOME > 재단소개 > 윤리경영 > 윤리경영 활동,윤리경영 활동,2021년 성희롱 방지 및 대응 컨설팅 실시(2021.12.1.(수)),https://ksif.or.kr/cop/bbs/selectBoardArticle.do?nttId=9220000003679&bbsId=BBSMSTR_000000000022&pageIndex=1,2022,무,미부착,,개방 가능,공공누리 1유형,,,O,,,,,업무상 저작물,
1917,세종학당재단,HOME > 재단소개 > 윤리경영 > 윤리경영 활동,윤리경영 활동,2021년 신임 이사장 직무청렴계약 체결(2021.12.9.(목)),https://ksif.or.kr/cop/bbs/selectBoardArticle.do?nttId=9220000003678&bbsId=BBSMSTR_000000000022&pageIndex=1,2022,무,미부착,,개방 가능,공공누리 1유형,,,O,,,,,업무상 저작물,
1918,세종학당재단,HOME > 재단소개 > 윤리경영 > 윤리경영 활동,윤리경영 활동,2021년 전 직원 대상 부패방지(청렴) 교육 시행(2021.6.1.~2021.12.28.),https://ksif.or.kr/cop/bbs/selectBoardArticle.do?nttId=9220000003677&bbsId=BBSMSTR_000000000022&pageIndex=1,2022,무,미부착,,개방 가능,공공누리 1유형,,,O,,,,,업무상 저작물,
1919,세종학당재단,HOME > 재단소개 > 윤리경영 > 윤리경영 활동,윤리경영 활동,2021년 임직원 대상 4대폭력 예방교육 시행(2021.6월),https://ksif.or.kr/cop/bbs/selectBoardArticle.do?nttId=9220000003676&bbsId=BBSMSTR_000000000022&pageIndex=1,2022,무,미부착,,개방 가능,공공누리 1유형,,,O,,,,,업무상 저작물,
1920,세종학당재단,HOME > 재단소개 > 윤리경영 > 윤리경영 활동,윤리경영 활동,2021년 제1차 인권경영위원회 개최(2021.8.17.(화)),https://ksif.or.kr/cop/bbs/selectBoardArticle.do?nttId=9220000003675&bbsId=BBSMSTR_000000000022&pageIndex=1,2022,무,미부착,,개방 가능,공공누리 1유형,,,O,,,,,업무상 저작물,
1921,세종학당재단,HOME > 재단소개 > 윤리경영 > 윤리경영 활동,윤리경영 활동,2021년 제2차 윤리경영위원회 개최(2021.11.22.(월)),https://ksif.or.kr/cop/bbs/selectBoardArticle.do?nttId=9220000003674&bbsId=BBSMSTR_000000000022&pageIndex=1,2022,무,미부착,,개방 가능,공공누리 1유형,,,O,,,,,업무상 저작물,
1922,세종학당재단,HOME > 재단소개 > 윤리경영 > 윤리경영 활동,윤리경영 활동,2021년 제1차 윤리경영위원회 개최(2021.8.17.(화)),https://ksif.or.kr/cop/bbs/selectBoardArticle.do?nttId=9220000003673&bbsId=BBSMSTR_000000000022&pageIndex=1,2022,무,미부착,,개방 가능,공공누리 1유형,,,O,,,,,업무상 저작물,
1923,세종학당재단,HOME > 재단소개 > 윤리경영 > 윤리경영 활동,윤리경영 활동,직급별 직장 내 괴롭힘(갑질) 근절 교육(2021.9.7.(화)),https://ksif.or.kr/cop/bbs/selectBoardArticle.do?nttId=9220000003672&bbsId=BBSMSTR_000000000022&pageIndex=1,2022,무,미부착,,개방 가능,공공누리 1유형,,,O,,,,,업무상 저작물,
1924,세종학당재단,HOME > 재단소개 > 윤리경영 > 윤리경영 활동,윤리경영 활동,신규임용직원 대상 직장 내 성희롱 예방교육(2021.3.17.(수)),https://ksif.or.kr/cop/bbs/selectBoardArticle.do?nttId=9220000003671&bbsId=BBSMSTR_000000000022&pageIndex=1,2022,무,미부착,,개방 가능,공공누리 1유형,,,O,,,,,업무상 저작물,
1925,세종학당재단,HOME > 재단소개 > 윤리경영 > 윤리경영 활동,윤리경영 활동,위기가정아동지원을 위한 사회공헌 캠페인 참여,https://ksif.or.kr/cop/bbs/selectBoardArticle.do?nttId=9220000002233&bbsId=BBSMSTR_000000000022&pageIndex=1,2021,유,미부착,,개방 가능,공공누리 1유형,,,O,,,,,업무상 저작물,
1926,세종학당재단,HOME > 재단소개 > 윤리경영 > 윤리경영 활동,윤리경영 활동,2020년 전직원 대상 부패방지 교육 실시(연중 상시),https://ksif.or.kr/cop/bbs/selectBoardArticle.do?nttId=9220000002232&bbsId=BBSMSTR_000000000022&pageIndex=1,2021,무,미부착,,개방 가능,공공누리 1유형,,,O,,,,,업무상 저작물,
1927,세종학당재단,HOME > 재단소개 > 윤리경영 > 윤리경영 활동,윤리경영 활동,2020년 전직원 대상 4대폭력 예방교육 실시(2020.11월),https://ksif.or.kr/cop/bbs/selectBoardArticle.do?nttId=9220000002231&bbsId=BBSMSTR_000000000022&pageIndex=1,2021,유,미부착,,개방 가능,공공누리 1유형,,,O,,,,,업무상 저작물,
1928,세종학당재단,HOME > 재단소개 > 윤리경영 > 윤리경영 활동,윤리경영 활동,2020년 제2차 윤리경영 및 인권경영위원회 개최(2020.11.27.(금)),https://ksif.or.kr/cop/bbs/selectBoardArticle.do?nttId=9220000002230&bbsId=BBSMSTR_000000000022&pageIndex=1,2021,무,미부착,,개방 가능,공공누리 1유형,,,O,,,,,업무상 저작물,
1929,세종학당재단,HOME > 재단소개 > 윤리경영 > 윤리경영 활동,윤리경영 활동,2020년 제1차 윤리경영 및 인권경영위원회 개최(2020.10.30.(금)),https://ksif.or.kr/cop/bbs/selectBoardArticle.do?nttId=9220000002229&bbsId=BBSMSTR_000000000022&pageIndex=1,2021,무,미부착,,개방 가능,공공누리 1유형,,,O,,,,,업무상 저작물,
1930,세종학당재단,HOME > 재단소개 > 윤리경영 > 윤리경영 활동,윤리경영 활동,"성희롱, 성폭력 예방을 위한 조직문화 개선 교육(2020.8.20.)",https://ksif.or.kr/cop/bbs/selectBoardArticle.do?nttId=9220000002228&bbsId=BBSMSTR_000000000022&pageIndex=1,2021,무,미부착,,개방 가능,공공누리 1유형,,,O,,,,,업무상 저작물,
1931,세종학당재단,HOME > 재단소개 > 윤리경영 > 윤리경영 활동,윤리경영 활동,직급별 직장 내 갑질 근절 교육(2020.7.28.(화)),https://ksif.or.kr/cop/bbs/selectBoardArticle.do?nttId=9220000002227&bbsId=BBSMSTR_000000000022&pageIndex=1,2021,무,미부착,,개방 가능,공공누리 1유형,,,O,,,,,업무상 저작물,
1932,세종학당재단,HOME > 재단소개 > 윤리경영 > 윤리경영 활동,윤리경영 활동,신규임용자 대상 조직 내 성희롱 예방교육(2020.3.13.(금)),https://ksif.or.kr/cop/bbs/selectBoardArticle.do?nttId=9220000002226&bbsId=BBSMSTR_000000000022&pageIndex=1,2021,무,미부착,,개방 가능,공공누리 1유형,,,O,,,,,업무상 저작물,
1933,세종학당재단,HOME > 재단소개 > 윤리경영 > 윤리경영 활동,윤리경영 활동,코로나19 감염 극복을 위한 세종학당재단 조치 현황(4.17.(금) 기준),https://ksif.or.kr/cop/bbs/selectBoardArticle.do?nttId=9220000001743&bbsId=BBSMSTR_000000000022&pageIndex=1,2020,무,미부착,,개방 가능,공공누리 1유형,,,O,,,,,업무상 저작물,
1934,세종학당재단,HOME > 재단소개 > 윤리경영 > 윤리경영 활동,윤리경영 활동,2019년 교원 및 운영요원 대상 청렴교육 실시,https://ksif.or.kr/cop/bbs/selectBoardArticle.do?nttId=9220000001554&bbsId=BBSMSTR_000000000022&pageIndex=1,2020,유,미부착,,개방 가능,공공누리 1유형,,,O,,,,,업무상 저작물,
1935,세종학당재단,HOME > 재단소개 > 윤리경영 > 윤리경영 활동,윤리경영 활동,2019년 세종학당 문화인턴 대상 청렴 교육 실시,https://ksif.or.kr/cop/bbs/selectBoardArticle.do?nttId=9220000001553&bbsId=BBSMSTR_000000000022&pageIndex=1,2020,유,미부착,,개방 가능,공공누리 1유형,,,O,,,,,업무상 저작물,
1936,세종학당재단,HOME > 재단소개 > 윤리경영 > 윤리경영 활동,윤리경영 활동,2019년 2차 윤리경영위원회 개최(2019.7.23.),https://ksif.or.kr/cop/bbs/selectBoardArticle.do?nttId=9220000001552&bbsId=BBSMSTR_000000000022&pageIndex=1,2020,무,미부착,,개방 가능,공공누리 1유형,,,O,,,,,업무상 저작물,
1937,세종학당재단,HOME > 재단소개 > 윤리경영 > 윤리경영 활동,윤리경영 활동,직급별 직장 내 성희롱 예방교육 실시(2019.12.9./2019.12.23.),https://ksif.or.kr/cop/bbs/selectBoardArticle.do?nttId=9220000001551&bbsId=BBSMSTR_000000000022&pageIndex=1,2020,유,미부착,,개방 가능,공공누리 1유형,,,O,,,,,업무상 저작물,
1938,세종학당재단,HOME > 재단소개 > 윤리경영 > 윤리경영 활동,윤리경영 활동,2019년 전직원 대상 직장 내 성희롱 예방교육 실시(2019.8.5.),https://ksif.or.kr/cop/bbs/selectBoardArticle.do?nttId=9220000001550&bbsId=BBSMSTR_000000000022&pageIndex=1,2020,유,미부착,,개방 가능,공공누리 1유형,,,O,,,,,업무상 저작물,
1939,세종학당재단,HOME > 재단소개 > 윤리경영 > 윤리경영 활동,윤리경영 활동,2019년 전직원 대상 폭력예방통합교육 실시(2019.4.25./2019.11.4.),https://ksif.or.kr/cop/bbs/selectBoardArticle.do?nttId=9220000001549&bbsId=BBSMSTR_000000000022&pageIndex=1,2020,유,미부착,,개방 가능,공공누리 1유형,,,O,,,,,업무상 저작물,
1940,세종학당재단,HOME > 재단소개 > 윤리경영 > 윤리경영 활동,윤리경영 활동,전직원 대상 청탁금지법 및 윤리경영 제도 관련 교육 실시(2019.8.30.),https://ksif.or.kr/cop/bbs/selectBoardArticle.do?nttId=9220000001548&bbsId=BBSMSTR_000000000022&pageIndex=1,2020,유,미부착,,개방 가능,공공누리 1유형,,,O,,,,,업무상 저작물,
1941,세종학당재단,HOME > 재단소개 > 윤리경영 > 윤리경영 활동,윤리경영 활동,2019년 1차 윤리경영위원회 개최(2019.7.23.),https://ksif.or.kr/cop/bbs/selectBoardArticle.do?nttId=9220000001546&bbsId=BBSMSTR_000000000022&pageIndex=1,2020,무,미부착,,개방 가능,공공누리 1유형,,,O,,,,,업무상 저작물,
1942,세종학당재단,HOME > 재단소개 > 윤리경영 > 윤리경영 활동,윤리경영 활동,전직원 대상 갑질 및 언어폭력 예방교육 실시(2019.5.20.),https://ksif.or.kr/cop/bbs/selectBoardArticle.do?nttId=9220000001545&bbsId=BBSMSTR_000000000022&pageIndex=1,2020,유,미부착,,개방 가능,공공누리 1유형,,,O,,,,,업무상 저작물,
1943,세종학당재단,HOME > 재단소개 > 윤리경영 > 윤리경영 활동,윤리경영 활동,2019년도 국외출장자 대상 청렴 교육 실시(2019.4.5./2019.9.17.),https://ksif.or.kr/cop/bbs/selectBoardArticle.do?nttId=9220000001544&bbsId=BBSMSTR_000000000022&pageIndex=1,2020,유,미부착,,개방 가능,공공누리 1유형,,,O,,,,,업무상 저작물,
1944,세종학당재단,HOME > 재단소개 > 윤리경영 > 윤리경영 활동,윤리경영 활동,2019년 세종학당재단 인권경영 결의대회 개최(2019.1.28.),https://ksif.or.kr/cop/bbs/selectBoardArticle.do?nttId=9220000001543&bbsId=BBSMSTR_000000000022&pageIndex=1,2020,유,미부착,,개방 가능,공공누리 1유형,,,O,,,,,업무상 저작물,
1945,세종학당재단,HOME > 정보공개 > 정보공개 현황,정보공개 현황,2023년도 정보공개 청구 및 처리 현황,https://ksif.or.kr/cop/bbs/selectBoardArticle.do?nttId=9220000006162&bbsId=BBSMSTR_000000000032&pageIndex=1,2024,유,미부착,,개방 가능,공공누리 1유형,,,O,,,,,업무상 저작물,
1946,세종학당재단,HOME > 정보공개 > 정보공개 현황,정보공개 현황,2022년도 정보공개 청구 및 처리 현황,https://ksif.or.kr/cop/bbs/selectBoardArticle.do?nttId=9220000005132&bbsId=BBSMSTR_000000000032&pageIndex=1,2023,유,미부착,,개방 가능,공공누리 1유형,,,O,,,,,업무상 저작물,
1947,세종학당재단,HOME > 정보공개 > 정보공개 현황,정보공개 현황,2021년도 정보공개 청구 및 처리 현황,https://ksif.or.kr/cop/bbs/selectBoardArticle.do?nttId=9220000003851&bbsId=BBSMSTR_000000000032&pageIndex=1,2022,유,미부착,,개방 가능,공공누리 1유형,,,O,,,,,업무상 저작물,
1948,세종학당재단,HOME > 정보공개 > 정보공개 현황,정보공개 현황,2020년도 정보공개 청구 및 처리 현황,https://ksif.or.kr/cop/bbs/selectBoardArticle.do?nttId=9220000002373&bbsId=BBSMSTR_000000000032&pageIndex=1,2021,유,미부착,,개방 가능,공공누리 1유형,,,O,,,,,업무상 저작물,
1949,세종학당재단,HOME > 정보공개 > 정보공개 현황,정보공개 현황,2019년도 정보공개 청구 및 처리 현황,https://ksif.or.kr/cop/bbs/selectBoardArticle.do?nttId=9220000002372&bbsId=BBSMSTR_000000000032&pageIndex=1,2021,유,미부착,,개방 가능,공공누리 1유형,,,O,,,,,업무상 저작물,
1950,세종학당재단,HOME > 정보공개 > 정보공개 현황,정보공개 현황,2018년도 정보공개 청구 및 처리 현황,https://ksif.or.kr/cop/bbs/selectBoardArticle.do?nttId=9220000002371&bbsId=BBSMSTR_000000000032&pageIndex=1,2021,유,미부착,,개방 가능,공공누리 1유형,,,O,,,,,업무상 저작물,
1951,세종학당재단,HOME > 알림마당 > 채용정보,채용정보,"2024년 세종학당재단 무기계약직, 일반계약직(미달분야 재공고), 체험형 청년인턴 채용 공고",https://ksif.or.kr/cop/bbs/selectBoardArticle.do?nttId=9220000006169&bbsId=BBSMSTR_000000000001&pageIndex=1&menuNo=30101700,2024,유,미부착,,개방 가능,공공누리 1유형,,,O,,,,,고시·공고,
1952,세종학당재단,HOME > 알림마당 > 채용정보,채용정보,2024년 상반기 세종학당 국외 파견 한국어 교원 2차 선발 면접심사 합격자 안내,https://ksif.or.kr/cop/bbs/selectBoardArticle.do?nttId=9220000006036&bbsId=BBSMSTR_000000000001&pageIndex=1&menuNo=30101700,2024,유,미부착,,개방 가능,공공누리 1유형,,,O,,,,,고시·공고,
1953,세종학당재단,HOME > 알림마당 > 채용정보,채용정보,2024년 일반계약직(장애인 제한경쟁) 채용 최종합격자 공고 및 2024년 1분기 세종학당재단 친인척 채용 규모 공개,https://ksif.or.kr/cop/bbs/selectBoardArticle.do?nttId=9220000006012&bbsId=BBSMSTR_000000000001&pageIndex=1&menuNo=30101700,2024,유,미부착,,개방 가능,공공누리 1유형,,,O,,,,,고시·공고,
1954,세종학당재단,HOME > 알림마당 > 채용정보,채용정보,"2024년 일반계약직, 체험형 청년 인턴(공개경쟁) 채용 최종합격자 공고",https://ksif.or.kr/cop/bbs/selectBoardArticle.do?nttId=9220000006011&bbsId=BBSMSTR_000000000001&pageIndex=1&menuNo=30101700,2024,유,미부착,,개방 가능,공공누리 1유형,,,O,,,,,고시·공고,
1955,세종학당재단,HOME > 알림마당 > 채용정보,채용정보,2024년 상반기 세종학당 국외 파견 한국어 교원 2차 선발 서류심사 결과 공고 및 면접심사 안내,https://ksif.or.kr/cop/bbs/selectBoardArticle.do?nttId=9220000006010&bbsId=BBSMSTR_000000000001&pageIndex=1&menuNo=30101700,2024,유,미부착,,개방 가능,공공누리 1유형,,,O,,,,,고시·공고,
1956,세종학당재단,HOME > 알림마당 > 채용정보,채용정보,2024년 일반계약직(장애인 제한경쟁 채용) 서류심사 합격자 발표 및 향후심사 안내,https://ksif.or.kr/cop/bbs/selectBoardArticle.do?nttId=9220000006001&bbsId=BBSMSTR_000000000001&pageIndex=1&menuNo=30101700,2024,유,미부착,,개방 가능,공공누리 1유형,,,O,,,,,고시·공고,
1957,세종학당재단,HOME > 알림마당 > 채용정보,채용정보,"2024년 일반계약직, 체험형 청년 인턴(공개경쟁 채용) 서류심사 합격자 발표 및 향후심사 안내",https://ksif.or.kr/cop/bbs/selectBoardArticle.do?nttId=9220000006000&bbsId=BBSMSTR_000000000001&pageIndex=1&menuNo=30101700,2024,유,미부착,,개방 가능,공공누리 1유형,,,O,,,,,고시·공고,
1958,세종학당재단,HOME > 알림마당 > 채용정보,채용정보,2024년 상반기 세종학당 국외 파견 한국어 교원 2차 선발 공고,https://ksif.or.kr/cop/bbs/selectBoardArticle.do?nttId=9220000005955&bbsId=BBSMSTR_000000000001&pageIndex=1&menuNo=30101700,2024,유,미부착,,개방 가능,공공누리 1유형,,,O,,,,,고시·공고,
1959,세종학당재단,HOME > 알림마당 > 채용정보,채용정보,2024년 세종학당재단 일반계약직 채용 공고(장애인 제한경쟁),https://ksif.or.kr/cop/bbs/selectBoardArticle.do?nttId=9220000005944&bbsId=BBSMSTR_000000000001&pageIndex=1&menuNo=30101700,2024,유,미부착,,개방 가능,공공누리 1유형,,,O,,,,,고시·공고,
1960,세종학당재단,HOME > 알림마당 > 채용정보,채용정보,"2024년 세종학당재단 일반계약직, 체험형 청년인턴 채용 공고(공개경쟁)(수정)",https://ksif.or.kr/cop/bbs/selectBoardArticle.do?nttId=9220000005943&bbsId=BBSMSTR_000000000001&pageIndex=1&menuNo=30101700,2024,유,미부착,,개방 가능,공공누리 1유형,,,O,,,,,고시·공고,
1961,세종학당재단,HOME > 알림마당 > 채용정보,채용정보,"2024년 세종학당재단 정규직, 무기계약직 채용 최종면접 결과 발표",https://ksif.or.kr/cop/bbs/selectBoardArticle.do?nttId=9220000005901&bbsId=BBSMSTR_000000000001&pageIndex=1&menuNo=30101700,2024,유,미부착,,개방 가능,공공누리 1유형,,,O,,,,,고시·공고,
1962,세종학당재단,HOME > 알림마당 > 채용정보,채용정보,2024년 상반기 세종학당 국외 파견 한국어 교원 선발 면접심사 합격자 안내,https://ksif.or.kr/cop/bbs/selectBoardArticle.do?nttId=9220000005898&bbsId=BBSMSTR_000000000001&pageIndex=1&menuNo=30101700,2024,유,미부착,,개방 가능,공공누리 1유형,,,O,,,,,고시·공고,
1963,세종학당재단,HOME > 알림마당 > 채용정보,채용정보,"2024년 세종학당재단 정규직, 무기계약직 채용 필기시험, 1차면접 합격자 발표 및 향후 심사 안내",https://ksif.or.kr/cop/bbs/selectBoardArticle.do?nttId=9220000005894&bbsId=BBSMSTR_000000000001&pageIndex=1&menuNo=30101700,2024,유,미부착,,개방 가능,공공누리 1유형,,,O,,,,,고시·공고,
1964,세종학당재단,HOME > 알림마당 > 채용정보,채용정보,2024년 상반기 세종학당 국외 파견 한국어 교원 선발 서류심사 결과 공고 및 면접심사 안내,https://ksif.or.kr/cop/bbs/selectBoardArticle.do?nttId=9220000005880&bbsId=BBSMSTR_000000000001&pageIndex=1&menuNo=30101700,2024,유,미부착,,개방 가능,공공누리 1유형,,,O,,,,,고시·공고,
1965,세종학당재단,HOME > 알림마당 > 채용정보,채용정보,2024년 세종학당재단 무기계약직 장애인 제한경쟁 채용 서류심사 합격자 발표 및 향후 심사 안내 공고문,https://ksif.or.kr/cop/bbs/selectBoardArticle.do?nttId=9220000005879&bbsId=BBSMSTR_000000000001&pageIndex=1&menuNo=30101700,2024,유,미부착,,개방 가능,공공누리 1유형,,,O,,,,,고시·공고,
1966,세종학당재단,HOME > 알림마당 > 채용정보,채용정보,"2024년 세종학당재단 정규직, 무기계약직(경영지원) 서류심사 합격자 발표 및 향후 심사 안내 공고문",https://ksif.or.kr/cop/bbs/selectBoardArticle.do?nttId=9220000005878&bbsId=BBSMSTR_000000000001&pageIndex=1&menuNo=30101700,2024,유,미부착,,개방 가능,공공누리 1유형,,,O,,,,,고시·공고,
1967,세종학당재단,HOME > 알림마당 > 채용정보,채용정보,2023년 4분기 세종학당재단 친인척 채용 규모 공개,https://ksif.or.kr/cop/bbs/selectBoardArticle.do?nttId=9220000005847&bbsId=BBSMSTR_000000000001&pageIndex=1&menuNo=30101700,2023,유,미부착,,개방 가능,공공누리 1유형,,,O,,,,,업무상 저작물,
1968,세종학당재단,HOME > 알림마당 > 채용정보,채용정보,2024년 체험형 청년인턴 채용 최종 합격자 공고문,https://ksif.or.kr/cop/bbs/selectBoardArticle.do?nttId=9220000005827&bbsId=BBSMSTR_000000000001&pageIndex=1&menuNo=30101700,2023,유,미부착,,개방 가능,공공누리 1유형,,,O,,,,,고시·공고,
1969,세종학당재단,HOME > 알림마당 > 채용정보,채용정보,2024년 상반기 세종학당 국외 파견 한국어 교원 선발 공고(수정),https://ksif.or.kr/cop/bbs/selectBoardArticle.do?nttId=9220000005823&bbsId=BBSMSTR_000000000001&pageIndex=1&menuNo=30101700,2023,유,미부착,,개방 가능,공공누리 1유형,,,O,,,,,고시·공고,
1970,세종학당재단,HOME > 알림마당 > 채용정보,채용정보,2024년 세종학당재단 체험형 청년 인턴 채용 서류심사 합격자 발표 및 향후 심사 안내,https://ksif.or.kr/cop/bbs/selectBoardArticle.do?nttId=9220000005822&bbsId=BBSMSTR_000000000001&pageIndex=1&menuNo=30101700,2023,유,미부착,,개방 가능,공공누리 1유형,,,O,,,,,고시·공고,
1971,세종학당재단,HOME > 알림마당 > 채용정보,채용정보,"2024년 세종학당재단 정규직, 무기계약직 채용 공고",https://ksif.or.kr/cop/bbs/selectBoardArticle.do?nttId=9220000005810&bbsId=BBSMSTR_000000000001&pageIndex=1&menuNo=30101700,2023,유,미부착,,개방 가능,공공누리 1유형,,,O,,,,,고시·공고,
1972,세종학당재단,HOME > 알림마당 > 채용정보,채용정보,2024년 세종학당재단 체험형 청년 인턴 채용 공고,https://ksif.or.kr/cop/bbs/selectBoardArticle.do?nttId=9220000005735&bbsId=BBSMSTR_000000000001&pageIndex=1&menuNo=30101700,2023,유,미부착,,개방 가능,공공누리 1유형,,,O,,,,,고시·공고,
1973,세종학당재단,HOME > 알림마당 > 채용정보,채용정보,"2023년 세종학당재단 하반기 일반정규직, 무기계약직 채용 최종 합격자 공고",https://ksif.or.kr/cop/bbs/selectBoardArticle.do?nttId=9220000005712&bbsId=BBSMSTR_000000000001&pageIndex=1&menuNo=30101700,2023,유,미부착,,개방 가능,공공누리 1유형,,,O,,,,,고시·공고,
1974,세종학당재단,HOME > 알림마당 > 채용정보,채용정보,"2023년 하반기 일반정규직, 무기계약직 필기·1차 면접 합격자 발표 및 최종 면접 심사 안내",https://ksif.or.kr/cop/bbs/selectBoardArticle.do?nttId=9220000005697&bbsId=BBSMSTR_000000000001&pageIndex=1&menuNo=30101700,2023,유,미부착,,개방 가능,공공누리 1유형,,,O,,,,,고시·공고,
1975,세종학당재단,HOME > 알림마당 > 채용정보,채용정보,2023년 세종학당재단 하반기 체험형 청년인턴 채용 최종면접 결과 안내,https://ksif.or.kr/cop/bbs/selectBoardArticle.do?nttId=9220000005660&bbsId=BBSMSTR_000000000001&pageIndex=1&menuNo=30101700,2023,유,미부착,,개방 가능,공공누리 1유형,,,O,,,,,고시·공고,
1976,세종학당재단,HOME > 알림마당 > 채용정보,채용정보,"2023년 세종학당재단 하반기 정규직, 체험형 청년 인턴 채용 서류심사 합격자 발표 및 향후 심사 안내",https://ksif.or.kr/cop/bbs/selectBoardArticle.do?nttId=9220000005656&bbsId=BBSMSTR_000000000001&pageIndex=1&menuNo=30101700,2023,유,미부착,,개방 가능,공공누리 1유형,,,O,,,,,고시·공고,
1977,세종학당재단,HOME > 알림마당 > 채용정보,채용정보,2023년 하반기 세종학당 국외 파견 한국어 교원 추가 선발 면접심사 합격자 안내,https://ksif.or.kr/cop/bbs/selectBoardArticle.do?nttId=9220000005641&bbsId=BBSMSTR_000000000001&pageIndex=1&menuNo=30101700,2023,유,미부착,,개방 가능,공공누리 1유형,,,O,,,,,고시·공고,
1978,세종학당재단,HOME > 알림마당 > 채용정보,채용정보,"2023년 세종학당재단 하반기 정규직, 체험형 청년인턴 채용 공고",https://ksif.or.kr/cop/bbs/selectBoardArticle.do?nttId=9220000005592&bbsId=BBSMSTR_000000000001&pageIndex=1&menuNo=30101700,2023,유,미부착,,개방 가능,공공누리 1유형,,,O,,,,,고시·공고,
1979,세종학당재단,HOME > 알림마당 > 채용정보,채용정보,2023년 세종학당재단 하반기 무기계약직 채용 최종 합격자 공고 및 &#x27;23년 3분기 친인척 채용 규모 공개,https://ksif.or.kr/cop/bbs/selectBoardArticle.do?nttId=9220000005493&bbsId=BBSMSTR_000000000001&pageIndex=1&menuNo=30101700,2023,유,미부착,,개방 가능,공공누리 1유형,,,O,,,,,고시·공고,
1980,세종학당재단,HOME > 알림마당 > 채용정보,채용정보,2023년 세종학당재단 하반기 체험형 청년인턴 채용 최종 합격자 공고,https://ksif.or.kr/cop/bbs/selectBoardArticle.do?nttId=9220000005461&bbsId=BBSMSTR_000000000001&pageIndex=1&menuNo=30101700,2023,유,미부착,,개방 가능,공공누리 1유형,,,O,,,,,고시·공고,
1981,세종학당재단,HOME > 알림마당 > 채용정보,채용정보,"2023년 세종학당재단 하반기 무기계약직, 체험형 청년인턴 채용 서류심사 합격자 발표 및 향후 심사 안내",https://ksif.or.kr/cop/bbs/selectBoardArticle.do?nttId=9220000005445&bbsId=BBSMSTR_000000000001&pageIndex=1&menuNo=30101700,2023,유,미부착,,개방 가능,공공누리 1유형,,,O,,,,,고시·공고,
1982,세종학당재단,HOME > 알림마당 > 채용정보,채용정보,"2023년 세종학당재단 하반기 일반계약직, 체험형 청년인턴 채용 최종 합격자 공고 및 &#x27;23년 2분기 친인척 채용 규모 공개",https://ksif.or.kr/cop/bbs/selectBoardArticle.do?nttId=9220000005376&bbsId=BBSMSTR_000000000001&pageIndex=1&menuNo=30101700,2023,유,미부착,,개방 가능,공공누리 1유형,,,O,,,,,고시·공고,
1983,세종학당재단,HOME > 알림마당 > 채용정보,채용정보,"2023년 세종학당재단 하반기 무기계약직, 체험형 청년인턴 채용 공고",https://ksif.or.kr/cop/bbs/selectBoardArticle.do?nttId=9220000005374&bbsId=BBSMSTR_000000000001&pageIndex=1&menuNo=30101700,2023,유,미부착,,개방 가능,공공누리 1유형,,,O,,,,,고시·공고,
1984,세종학당재단,HOME > 알림마당 > 채용정보,채용정보,"2023년 하반기 세종학당재단 계약직, 체험형 청년인턴 채용 서류심사 합격자 발표 및 향후 심사 안내",https://ksif.or.kr/cop/bbs/selectBoardArticle.do?nttId=9220000005370&bbsId=BBSMSTR_000000000001&pageIndex=1&menuNo=30101700,2023,유,미부착,,개방 가능,공공누리 1유형,,,O,,,,,고시·공고,
1985,세종학당재단,HOME > 알림마당 > 채용정보,채용정보,"2023년 세종학당재단 하반기 계약직, 체험형 청년인턴 채용 공고",https://ksif.or.kr/cop/bbs/selectBoardArticle.do?nttId=9220000005328&bbsId=BBSMSTR_000000000001&pageIndex=1&menuNo=30101700,2023,유,미부착,,개방 가능,공공누리 1유형,,,O,,,,,고시·공고,
1986,세종학당재단,HOME > 알림마당 > 채용정보,채용정보,"2023년 상반기 일반정규직, 무기계약직 채용 최종 합격자 공고",https://ksif.or.kr/cop/bbs/selectBoardArticle.do?nttId=9220000005302&bbsId=BBSMSTR_000000000001&pageIndex=1&menuNo=30101700,2023,유,미부착,,개방 가능,공공누리 1유형,,,O,,,,,고시·공고,
1987,세종학당재단,HOME > 알림마당 > 채용정보,채용정보,"2023년 세종학당재단 상반기 일반정규직, 무기계약직 채용 필기, 1차면접 합격자 발표 및 최종심사 안내",https://ksif.or.kr/cop/bbs/selectBoardArticle.do?nttId=9220000005294&bbsId=BBSMSTR_000000000001&pageIndex=1&menuNo=30101700,2023,유,미부착,,개방 가능,공공누리 1유형,,,O,,,,,고시·공고,
1988,세종학당재단,HOME > 알림마당 > 채용정보,채용정보,2023년 세종학당재단 상반기 일반계약직 채용 최종 합격자 공고,https://ksif.or.kr/cop/bbs/selectBoardArticle.do?nttId=9220000005293&bbsId=BBSMSTR_000000000001&pageIndex=1&menuNo=30101700,2023,유,미부착,,개방 가능,공공누리 1유형,,,O,,,,,고시·공고,
1989,세종학당재단,HOME > 알림마당 > 채용정보,채용정보,2023 세종한국어평가(SKA) 면대면 말하기 시험관 및 쓰기 채점자 양성과정 교육생 선발 결과 안내,https://ksif.or.kr/cop/bbs/selectBoardArticle.do?nttId=9220000005280&bbsId=BBSMSTR_000000000001&pageIndex=1&menuNo=30101700,2023,무,미부착,,개방 가능,공공누리 1유형,,,O,,,,,고시·공고,
1990,세종학당재단,HOME > 알림마당 > 채용정보,채용정보,"2023년 세종학당재단 상반기 정규직, 계약직 채용 서류심사 합격자 발표 및 향후 심사 안내",https://ksif.or.kr/cop/bbs/selectBoardArticle.do?nttId=9220000005222&bbsId=BBSMSTR_000000000001&pageIndex=1&menuNo=30101700,2023,유,미부착,,개방 가능,공공누리 1유형,,,O,,,,,고시·공고,
1991,세종학당재단,HOME > 알림마당 > 채용정보,채용정보,"2023년 세종학당재단 상반기 정규직, 계약직 채용 공고 및 &#x27;23년 1분기 친인척 채용 규모 공개",https://ksif.or.kr/cop/bbs/selectBoardArticle.do?nttId=9220000004945&bbsId=BBSMSTR_000000000001&pageIndex=1&menuNo=30101700,2023,유,미부착,,개방 가능,공공누리 1유형,,,O,,,,,고시·공고,
1992,세종학당재단,HOME > 알림마당 > 채용정보,채용정보,2023년 세종학당재단 무기계약직 채용 최종합격자 공고,https://ksif.or.kr/cop/bbs/selectBoardArticle.do?nttId=9220000004921&bbsId=BBSMSTR_000000000001&pageIndex=1&menuNo=30101700,2023,유,미부착,,개방 가능,공공누리 1유형,,,O,,,,,고시·공고,
1993,세종학당재단,HOME > 알림마당 > 채용정보,채용정보,2023년 세종학당재단 일반계약직 채용 최종합격자 공고,https://ksif.or.kr/cop/bbs/selectBoardArticle.do?nttId=9220000004913&bbsId=BBSMSTR_000000000001&pageIndex=1&menuNo=30101700,2023,유,미부착,,개방 가능,공공누리 1유형,,,O,,,,,고시·공고,
1994,세종학당재단,HOME > 알림마당 > 채용정보,채용정보,2023년 세종학당재단 무기계약직 필기·1차 면접 합격자 발표 및 최종심사 안내,https://ksif.or.kr/cop/bbs/selectBoardArticle.do?nttId=9220000004912&bbsId=BBSMSTR_000000000001&pageIndex=1&menuNo=30101700,2023,유,미부착,,개방 가능,공공누리 1유형,,,O,,,,,고시·공고,
1995,세종학당재단,HOME > 알림마당 > 채용정보,채용정보,2023년 상반기 세종학당 국외 파견 한국어 교원 추가 선발 면접심사 합격자 안내,https://ksif.or.kr/cop/bbs/selectBoardArticle.do?nttId=9220000004903&bbsId=BBSMSTR_000000000001&pageIndex=1&menuNo=30101700,2023,유,미부착,,개방 가능,공공누리 1유형,,,O,,,,,고시·공고,
1996,세종학당재단,HOME > 알림마당 > 채용정보,채용정보,"2023년 무기계약직, 일반계약직 서류심사 합격자 발표 및 향후 심사 안내",https://ksif.or.kr/cop/bbs/selectBoardArticle.do?nttId=9220000004902&bbsId=BBSMSTR_000000000001&pageIndex=1&menuNo=30101700,2023,유,미부착,,개방 가능,공공누리 1유형,,,O,,,,,고시·공고,
1997,세종학당재단,HOME > 알림마당 > 채용정보,채용정보,2023년 상반기 세종학당 국외 파견 한국어 교원 추가 선발 서류심사 결과 공고 및 면접심사 안내,https://ksif.or.kr/cop/bbs/selectBoardArticle.do?nttId=9220000004874&bbsId=BBSMSTR_000000000001&pageIndex=1&menuNo=30101700,2023,유,미부착,,개방 가능,공공누리 1유형,,,O,,,,,고시·공고,
1998,세종학당재단,HOME > 알림마당 > 채용정보,채용정보,2023년 상반기 국외 파견 한국어 교원 선발 튀르키예 지역 파견 관련 안내,https://ksif.or.kr/cop/bbs/selectBoardArticle.do?nttId=9220000004869&bbsId=BBSMSTR_000000000001&pageIndex=1&menuNo=30101700,2023,무,미부착,,개방 가능,공공누리 1유형,,,O,,,,,고시·공고,
1999,세종학당재단,HOME > 알림마당 > 채용정보,채용정보,[2023년 상반기 세종학당 국외 파견 한국어 교원 추가 선발 지원서 제출 안내],https://ksif.or.kr/cop/bbs/selectBoardArticle.do?nttId=9220000004865&bbsId=BBSMSTR_000000000001&pageIndex=1&menuNo=30101700,2023,유,미부착,,개방 가능,공공누리 1유형,,,O,,,,,고시·공고,
2000,세종학당재단,HOME > 알림마당 > 채용정보,채용정보,[채용] 2023년 세종학당재단 무기계약직 일반계약직 채용 공고,https://ksif.or.kr/cop/bbs/selectBoardArticle.do?nttId=9220000004857&bbsId=BBSMSTR_000000000001&pageIndex=1&menuNo=30101700,2023,유,미부착,,개방 가능,공공누리 1유형,,,O,,,,,고시·공고,
2001,세종학당재단,HOME > 알림마당 > 채용정보,채용정보,2023년 상반기 세종학당 국외 파견 한국어 교원 추가 선발 공고,https://ksif.or.kr/cop/bbs/selectBoardArticle.do?nttId=9220000004856&bbsId=BBSMSTR_000000000001&pageIndex=1&menuNo=30101700,2023,유,미부착,,개방 가능,공공누리 1유형,,,O,,,,,고시·공고,
2002,세종학당재단,HOME > 알림마당 > 채용정보,채용정보,"2022년 재단 하반기 일반정규직, 무기계약직 채용 최종 합격자 공고",https://ksif.or.kr/cop/bbs/selectBoardArticle.do?nttId=9220000004814&bbsId=BBSMSTR_000000000001&pageIndex=1&menuNo=30101700,2023,무,미부착,,개방 가능,공공누리 1유형,,,O,,,,,고시·공고,
2003,세종학당재단,HOME > 알림마당 > 채용정보,채용정보,2022년 세종학당재단 일반계약직 최종 면접 결과발표,https://ksif.or.kr/cop/bbs/selectBoardArticle.do?nttId=9220000004787&bbsId=BBSMSTR_000000000001&pageIndex=1&menuNo=30101700,2023,무,미부착,,개방 가능,공공누리 1유형,,,O,,,,,고시·공고,
2004,세종학당재단,HOME > 알림마당 > 채용정보,채용정보,"2022년 세종학당재단 하반기 일반정규직, 무기계약직 채용 필기・1차면접 결과 안내 및 최종면접 안내",https://ksif.or.kr/cop/bbs/selectBoardArticle.do?nttId=9220000004786&bbsId=BBSMSTR_000000000001&pageIndex=1&menuNo=30101700,2023,무,미부착,,개방 가능,공공누리 1유형,,,O,,,,,고시·공고,
2005,세종학당재단,HOME > 알림마당 > 채용정보,채용정보,2022년 세종학당재단 하반기 채용  서류심사 합격자 발표 및 향후 심사 안내,https://ksif.or.kr/cop/bbs/selectBoardArticle.do?nttId=9220000004750&bbsId=BBSMSTR_000000000001&pageIndex=1&menuNo=30101700,2023,무,미부착,,개방 가능,공공누리 1유형,,,O,,,,,고시·공고,
2006,세종학당재단,HOME > 알림마당 > 채용정보,채용정보,2022년 세종학당재단 하반기 청년인턴 채용 최종 합격자 공고 및 &#x27;22년 세종학당재단 4분기 친인척 채용 규모 공개,https://ksif.or.kr/cop/bbs/selectBoardArticle.do?nttId=9220000004749&bbsId=BBSMSTR_000000000001&pageIndex=1&menuNo=30101700,2023,유,미부착,,개방 가능,공공누리 1유형,,,O,,,,,고시·공고,
2007,세종학당재단,HOME > 알림마당 > 채용정보,채용정보,2022년 세종학당재단 하반기 청년인턴 채용 서류심사 합격자 발표 및 최종면접 심사 안내,https://ksif.or.kr/cop/bbs/selectBoardArticle.do?nttId=9220000004744&bbsId=BBSMSTR_000000000001&pageIndex=1&menuNo=30101700,2022,무,미부착,,개방 가능,공공누리 1유형,,,O,,,,,고시·공고,
2008,세종학당재단,HOME > 알림마당 > 채용정보,채용정보,2023년 상반기 세종학당 국외 파견 한국어 교원 선발 면접심사 합격자 안내,https://ksif.or.kr/cop/bbs/selectBoardArticle.do?nttId=9220000004723&bbsId=BBSMSTR_000000000001&pageIndex=1&menuNo=30101700,2022,유,미부착,,개방 가능,공공누리 1유형,,,O,,,,,고시·공고,
2009,세종학당재단,HOME > 알림마당 > 채용정보,채용정보,2023년 상반기 세종학당 국외 파견 한국어 교원 선발 서류심사 결과 공고 및 면접심사 계획 안내,https://ksif.or.kr/cop/bbs/selectBoardArticle.do?nttId=9220000004698&bbsId=BBSMSTR_000000000001&pageIndex=1&menuNo=30101700,2022,유,미부착,,개방 가능,공공누리 1유형,,,O,,,,,고시·공고,
2010,세종학당재단,HOME > 알림마당 > 채용정보,채용정보,"2022년 세종학당재단 하반기 직원, 청년인턴 채용 계획",https://ksif.or.kr/cop/bbs/selectBoardArticle.do?nttId=9220000004697&bbsId=BBSMSTR_000000000001&pageIndex=1&menuNo=30101700,2022,유,미부착,,개방 가능,공공누리 1유형,,,O,,,,,고시·공고,
2011,세종학당재단,HOME > 알림마당 > 채용정보,채용정보,2023년 상반기 세종학당 국외 파견 한국어 교원 선발 공고(수정),https://ksif.or.kr/cop/bbs/selectBoardArticle.do?nttId=9220000004656&bbsId=BBSMSTR_000000000001&pageIndex=1&menuNo=30101700,2022,유,미부착,,개방 가능,공공누리 1유형,,,O,,,,,고시·공고,
2012,세종학당재단,HOME > 알림마당 > 채용정보,채용정보,2023년 상반기 세종학당 국외 파견 한국어 교원 선발 공고,https://ksif.or.kr/cop/bbs/selectBoardArticle.do?nttId=9220000004651&bbsId=BBSMSTR_000000000001&pageIndex=1&menuNo=30101700,2022,유,미부착,,개방 가능,공공누리 1유형,,,O,,,,,고시·공고,
2013,세종학당재단,HOME > 알림마당 > 채용정보,채용정보,2022년 세종학당재단 하반기 채용 최종 합격자 공고,https://ksif.or.kr/cop/bbs/selectBoardArticle.do?nttId=9220000004601&bbsId=BBSMSTR_000000000001&pageIndex=1&menuNo=30101700,2022,무,미부착,,개방 가능,공공누리 1유형,,,O,,,,,고시·공고,
2014,세종학당재단,HOME > 알림마당 > 채용정보,채용정보,"2022년 재단 하반기 채용 필기,1차면접 결과 및 최종심사 안내",https://ksif.or.kr/cop/bbs/selectBoardArticle.do?nttId=9220000004574&bbsId=BBSMSTR_000000000001&pageIndex=1&menuNo=30101700,2022,무,미부착,,개방 가능,공공누리 1유형,,,O,,,,,고시·공고,
2015,세종학당재단,HOME > 알림마당 > 채용정보,채용정보,2022년 세종학당재단 하반기 일반계약직 채용 최종 합격자 공고,https://ksif.or.kr/cop/bbs/selectBoardArticle.do?nttId=9220000004573&bbsId=BBSMSTR_000000000001&pageIndex=1&menuNo=30101700,2022,무,미부착,,개방 가능,공공누리 1유형,,,O,,,,,고시·공고,
2016,세종학당재단,HOME > 알림마당 > 채용정보,채용정보,2022년 재단 하반기 채용 서류심사 합격자 발표 및 향후심사 안내,https://ksif.or.kr/cop/bbs/selectBoardArticle.do?nttId=9220000004542&bbsId=BBSMSTR_000000000001&pageIndex=1&menuNo=30101700,2022,무,미부착,,개방 가능,공공누리 1유형,,,O,,,,,고시·공고,
2017,세종학당재단,HOME > 알림마당 > 채용정보,채용정보,"2022년 하반기 국외 파견 한국어 교원 추가 선발, 현지화 교원 선발 면접심사 결과 공고",https://ksif.or.kr/cop/bbs/selectBoardArticle.do?nttId=9220000004464&bbsId=BBSMSTR_000000000001&pageIndex=1&menuNo=30101700,2022,무,미부착,,개방 가능,공공누리 1유형,,,O,,,,,고시·공고,
2018,세종학당재단,HOME > 알림마당 > 채용정보,채용정보,"2022년 하반기 국외 파견 한국어 교원 추가 선발, 현지화 교원 선발 서류심사 결과 공고 및 면접심사 계획 안내",https://ksif.or.kr/cop/bbs/selectBoardArticle.do?nttId=9220000004436&bbsId=BBSMSTR_000000000001&pageIndex=1&menuNo=30101700,2022,유,미부착,,개방 가능,공공누리 1유형,,,O,,,,,고시·공고,
2019,세종학당재단,HOME > 알림마당 > 채용정보,채용정보,2022년 세종학당재단 하반기 채용 공고 및 3분기 친인척 채용 규모 공개,https://ksif.or.kr/cop/bbs/selectBoardArticle.do?nttId=9220000004421&bbsId=BBSMSTR_000000000001&pageIndex=1&menuNo=30101700,2022,유,미부착,,개방 가능,공공누리 1유형,,,O,,,,,고시·공고,
2020,세종학당재단,HOME > 알림마당 > 채용정보,채용정보,2022년 현지화 교원 선발 공고,https://ksif.or.kr/cop/bbs/selectBoardArticle.do?nttId=9220000004302&bbsId=BBSMSTR_000000000001&pageIndex=1&menuNo=30101700,2022,유,미부착,,개방 가능,공공누리 1유형,,,O,,,,,고시·공고,
2021,세종학당재단,HOME > 알림마당 > 채용정보,채용정보,2022년 하반기 추가 파견교원 선발 공고,https://ksif.or.kr/cop/bbs/selectBoardArticle.do?nttId=9220000004300&bbsId=BBSMSTR_000000000001&pageIndex=1&menuNo=30101700,2022,유,미부착,,개방 가능,공공누리 1유형,,,O,,,,,고시·공고,
2022,세종학당재단,HOME > 알림마당 > 채용정보,채용정보,2022년 하반기 &lt;국외 파견 한국어 교원&gt; 선발 면접심사 합격자 안내,https://ksif.or.kr/cop/bbs/selectBoardArticle.do?nttId=9220000004098&bbsId=BBSMSTR_000000000001&pageIndex=1&menuNo=30101700,2022,유,미부착,,개방 가능,공공누리 1유형,,,O,,,,,고시·공고,
2023,세종학당재단,HOME > 알림마당 > 채용정보,채용정보,2022년 하반기 세종학당 &lt;국외 파견 한국어 교원&gt; 선발 서류심사 결과 및 면접심사 계획 안내,https://ksif.or.kr/cop/bbs/selectBoardArticle.do?nttId=9220000004062&bbsId=BBSMSTR_000000000001&pageIndex=1&menuNo=30101700,2022,유,미부착,,개방 가능,공공누리 1유형,,,O,,,,,고시·공고,
2024,세종학당재단,HOME > 알림마당 > 채용정보,채용정보,2022년 세종학당재단 2분기 친인척 채용 규모 공개,https://ksif.or.kr/cop/bbs/selectBoardArticle.do?nttId=9220000004060&bbsId=BBSMSTR_000000000001&pageIndex=1&menuNo=30101700,2022,유,미부착,,개방 가능,공공누리 1유형,,,O,,,,,업무상 저작물,
2025,세종학당재단,HOME > 알림마당 > 채용정보,채용정보,2022년 재단 일반정규직 최종 합격자 공고,https://ksif.or.kr/cop/bbs/selectBoardArticle.do?nttId=9220000004057&bbsId=BBSMSTR_000000000001&pageIndex=1&menuNo=30101700,2022,유,미부착,,개방 가능,공공누리 1유형,,,O,,,,,고시·공고,
2026,세종학당재단,HOME > 알림마당 > 채용정보,채용정보,2022년 재단 일반정규직 채용 필기·1차 면접 합격자 및 최종 면접 심사 안내,https://ksif.or.kr/cop/bbs/selectBoardArticle.do?nttId=9220000004027&bbsId=BBSMSTR_000000000001&pageIndex=1&menuNo=30101700,2022,유,미부착,,개방 가능,공공누리 1유형,,,O,,,,,고시·공고,
2027,세종학당재단,HOME > 알림마당 > 채용정보,채용정보,2022년 일반정규직 채용 서류심사 합격자 발표 및 필기·1차 면접 안내 공고,https://ksif.or.kr/cop/bbs/selectBoardArticle.do?nttId=9220000004022&bbsId=BBSMSTR_000000000001&pageIndex=1&menuNo=30101700,2022,유,미부착,,개방 가능,공공누리 1유형,,,O,,,,,고시·공고,
2028,세종학당재단,HOME > 알림마당 > 채용정보,채용정보,2022년 세종학당재단 하반기 체험형 청년인턴 채용 최종 합격자 공고,https://ksif.or.kr/cop/bbs/selectBoardArticle.do?nttId=9220000004019&bbsId=BBSMSTR_000000000001&pageIndex=1&menuNo=30101700,2022,유,미부착,,개방 가능,공공누리 1유형,,,O,,,,,고시·공고,
2029,세종학당재단,HOME > 알림마당 > 채용정보,채용정보,2022년 하반기 세종학당 &lt;국외 파견 한국어 교원&gt; 선발 공고,https://ksif.or.kr/cop/bbs/selectBoardArticle.do?nttId=9220000003995&bbsId=BBSMSTR_000000000001&pageIndex=1&menuNo=30101700,2022,유,미부착,,개방 가능,공공누리 1유형,,,O,,,,,고시·공고,
2030,세종학당재단,HOME > 알림마당 > 채용정보,채용정보,2022년 세종학당재단 일반정규직 채용 공고,https://ksif.or.kr/cop/bbs/selectBoardArticle.do?nttId=9220000003966&bbsId=BBSMSTR_000000000001&pageIndex=1&menuNo=30101700,2022,유,미부착,,개방 가능,공공누리 1유형,,,O,,,,,고시·공고,
2031,세종학당재단,HOME > 알림마당 > 채용정보,채용정보,2022년 세종학당재단 하반기 체험형 청년인턴 채용 공고,https://ksif.or.kr/cop/bbs/selectBoardArticle.do?nttId=9220000003947&bbsId=BBSMSTR_000000000001&pageIndex=1&menuNo=30101700,2022,유,미부착,,개방 가능,공공누리 1유형,,,O,,,,,고시·공고,
2032,세종학당재단,HOME > 알림마당 > 채용정보,채용정보,"2022년 재단 무기계약직, 계약직 채용 무기계약직 최종 합격자 공고",https://ksif.or.kr/cop/bbs/selectBoardArticle.do?nttId=9220000003930&bbsId=BBSMSTR_000000000001&pageIndex=1&menuNo=30101700,2022,유,미부착,,개방 가능,공공누리 1유형,,,O,,,,,고시·공고,
2033,세종학당재단,HOME > 알림마당 > 채용정보,채용정보,"2022년 재단 무기계약직, 계약직 채용 필기·1차 면접 합격자 및 최종 면접 심사 안내",https://ksif.or.kr/cop/bbs/selectBoardArticle.do?nttId=9220000003901&bbsId=BBSMSTR_000000000001&pageIndex=1&menuNo=30101700,2022,유,미부착,,개방 가능,공공누리 1유형,,,O,,,,,고시·공고,
2034,세종학당재단,HOME > 알림마당 > 채용정보,채용정보,"2022년 재단 무기계약직, 계약직 채용 계약직 최종 합격자 공고",https://ksif.or.kr/cop/bbs/selectBoardArticle.do?nttId=9220000003900&bbsId=BBSMSTR_000000000001&pageIndex=1&menuNo=30101700,2022,유,미부착,,개방 가능,공공누리 1유형,,,O,,,,,고시·공고,
2035,세종학당재단,HOME > 알림마당 > 채용정보,채용정보,"2022년 재단 무기계약직, 계약직 채용 서류심사 합격자 발표 및 필기·1차·최종면접 안내",https://ksif.or.kr/cop/bbs/selectBoardArticle.do?nttId=9220000003896&bbsId=BBSMSTR_000000000001&pageIndex=1&menuNo=30101700,2022,유,미부착,,개방 가능,공공누리 1유형,,,O,,,,,고시·공고,
2036,세종학당재단,HOME > 알림마당 > 채용정보,채용정보,[채용]2022년 1분기 친인척 채용 규모 공개,https://ksif.or.kr/cop/bbs/selectBoardArticle.do?nttId=9220000003856&bbsId=BBSMSTR_000000000001&pageIndex=1&menuNo=30101700,2022,유,미부착,,개방 가능,공공누리 1유형,,,O,,,,,업무상 저작물,
2037,세종학당재단,HOME > 알림마당 > 채용정보,채용정보,"2022년 세종학당재단 무기계약직, 계약직 채용 공고",https://ksif.or.kr/cop/bbs/selectBoardArticle.do?nttId=9220000003818&bbsId=BBSMSTR_000000000001&pageIndex=1&menuNo=30101700,2022,유,미부착,,개방 가능,공공누리 1유형,,,O,,,,,고시·공고,
2038,세종학당재단,HOME > 알림마당 > 채용정보,채용정보,"2022년 재단 상반기 무기계약직, 계약직 채용 무기계약직 최종 합격자 공고",https://ksif.or.kr/cop/bbs/selectBoardArticle.do?nttId=9220000003807&bbsId=BBSMSTR_000000000001&pageIndex=1&menuNo=30101700,2022,유,미부착,,개방 가능,공공누리 1유형,,,O,,,,,고시·공고,
2039,세종학당재단,HOME > 알림마당 > 채용정보,채용정보,"2022년 재단 상반기 무기계약직, 계약직 채용 필기·1차 면접 합격자 발표 및 최종 면접 심사 안내",https://ksif.or.kr/cop/bbs/selectBoardArticle.do?nttId=9220000003787&bbsId=BBSMSTR_000000000001&pageIndex=1&menuNo=30101700,2022,유,미부착,,개방 가능,공공누리 1유형,,,O,,,,,고시·공고,
2040,세종학당재단,HOME > 알림마당 > 채용정보,채용정보,"2022년 세종학당재단 상반기 무기계약직, 계약직 채용 계약직 최종 합격자 공고",https://ksif.or.kr/cop/bbs/selectBoardArticle.do?nttId=9220000003786&bbsId=BBSMSTR_000000000001&pageIndex=1&menuNo=30101700,2022,유,미부착,,개방 가능,공공누리 1유형,,,O,,,,,고시·공고,
2041,세종학당재단,HOME > 알림마당 > 채용정보,채용정보,"2022년 재단 상반기 무기계약직, 계약직 채용 서류심사 합격자 발표 및 필기·1차·최종면접 안내",https://ksif.or.kr/cop/bbs/selectBoardArticle.do?nttId=9220000003778&bbsId=BBSMSTR_000000000001&pageIndex=1&menuNo=30101700,2022,유,미부착,,개방 가능,공공누리 1유형,,,O,,,,,고시·공고,
2042,세종학당재단,HOME > 알림마당 > 채용정보,채용정보,"2022년 세종학당재단 상반기 무기계약직, 계약직 채용 공고",https://ksif.or.kr/cop/bbs/selectBoardArticle.do?nttId=9220000003746&bbsId=BBSMSTR_000000000001&pageIndex=1&menuNo=30101700,2022,유,미부착,,개방 가능,공공누리 1유형,,,O,,,,,고시·공고,
2043,세종학당재단,HOME > 알림마당 > 채용정보,채용정보,2022년 세종학당재단 연간 채용 계획,https://ksif.or.kr/cop/bbs/selectBoardArticle.do?nttId=9220000003705&bbsId=BBSMSTR_000000000001&pageIndex=1&menuNo=30101700,2022,유,미부착,,개방 가능,공공누리 1유형,,,O,,,,,업무상 저작물,
2044,세종학당재단,HOME > 알림마당 > 채용정보,채용정보,2021년 4분기 친인척 채용 규모 공개,https://ksif.or.kr/cop/bbs/selectBoardArticle.do?nttId=9220000003660&bbsId=BBSMSTR_000000000001&pageIndex=1&menuNo=30101700,2022,유,미부착,,개방 가능,공공누리 1유형,,,O,,,,,업무상 저작물,
2045,세종학당재단,HOME > 알림마당 > 채용정보,채용정보,2022년 상반기 &lt;국외 파견 한국어 교원&gt; 선발 면접심사 합격자 안내,https://ksif.or.kr/cop/bbs/selectBoardArticle.do?nttId=9220000003648&bbsId=BBSMSTR_000000000001&pageIndex=1&menuNo=30101700,2021,유,미부착,,개방 가능,공공누리 1유형,,,O,,,,,고시·공고,
2046,세종학당재단,HOME > 알림마당 > 채용정보,채용정보,2022년 상반기 &lt;국외 파견 한국어 교원&gt; 선발 서류심사 결과 및 면접심사 안내,https://ksif.or.kr/cop/bbs/selectBoardArticle.do?nttId=9220000003640&bbsId=BBSMSTR_000000000001&pageIndex=1&menuNo=30101700,2021,유,미부착,,개방 가능,공공누리 1유형,,,O,,,,,고시·공고,
2047,세종학당재단,HOME > 알림마당 > 채용정보,채용정보,2022년 세종학당재단 상반기 체험형 청년인턴 채용 최종 합격자 공고,https://ksif.or.kr/cop/bbs/selectBoardArticle.do?nttId=9220000003639&bbsId=BBSMSTR_000000000001&pageIndex=1&menuNo=30101700,2021,무,미부착,,개방 가능,공공누리 1유형,,,O,,,,,고시·공고,
2048,세종학당재단,HOME > 알림마당 > 채용정보,채용정보,2022년 세종학당재단 상반기 체험형 청년인턴 채용 서류심사 합격자 발표 및 최종면접 심사 안내,https://ksif.or.kr/cop/bbs/selectBoardArticle.do?nttId=9220000003635&bbsId=BBSMSTR_000000000001&pageIndex=1&menuNo=30101700,2021,유,미부착,,개방 가능,공공누리 1유형,,,O,,,,,고시·공고,
2049,세종학당재단,HOME > 알림마당 > 채용정보,채용정보,2022년 상반기 세종학당 &lt;국외 파견 한국어 교원&gt; 선발 공고,https://ksif.or.kr/cop/bbs/selectBoardArticle.do?nttId=9220000003584&bbsId=BBSMSTR_000000000001&pageIndex=1&menuNo=30101700,2021,유,미부착,,개방 가능,공공누리 1유형,,,O,,,,,고시·공고,
2050,세종학당재단,HOME > 알림마당 > 채용정보,채용정보,"2021년 재단 하반기 일반정규직, 무기계약직 채용 최종 합격자 공고",https://ksif.or.kr/cop/bbs/selectBoardArticle.do?nttId=9220000003573&bbsId=BBSMSTR_000000000001&pageIndex=1&menuNo=30101700,2021,무,미부착,,개방 가능,공공누리 1유형,,,O,,,,,고시·공고,
2051,세종학당재단,HOME > 알림마당 > 채용정보,채용정보,"2021년 재단 하반기 일반정규직, 무기계약직 채용 필기·1차 면접 합격자 및 최종 면접 심사 안내",https://ksif.or.kr/cop/bbs/selectBoardArticle.do?nttId=9220000003477&bbsId=BBSMSTR_000000000001&pageIndex=1&menuNo=30101700,2021,무,미부착,,개방 가능,공공누리 1유형,,,O,,,,,고시·공고,
2052,세종학당재단,HOME > 알림마당 > 채용정보,채용정보,2022년 세종학당재단 상반기 체험형 청년인턴 채용 공고,https://ksif.or.kr/cop/bbs/selectBoardArticle.do?nttId=9220000003471&bbsId=BBSMSTR_000000000001&pageIndex=1&menuNo=30101700,2021,유,미부착,,개방 가능,공공누리 1유형,,,O,,,,,고시·공고,
2053,세종학당재단,HOME > 알림마당 > 채용정보,채용정보,"2021년 세종학당재단 하반기 일반정규직, 무기계약직 채용 서류합격자 발표 및 필기·1차 면접 안내",https://ksif.or.kr/cop/bbs/selectBoardArticle.do?nttId=9220000003467&bbsId=BBSMSTR_000000000001&pageIndex=1&menuNo=30101700,2021,유,미부착,,개방 가능,공공누리 1유형,,,O,,,,,고시·공고,
2054,세종학당재단,HOME > 알림마당 > 채용정보,채용정보,2021년 하반기 &lt;국외 파견 한국어 교원&gt; 추가선발 면접심사 합격자 안내,https://ksif.or.kr/cop/bbs/selectBoardArticle.do?nttId=9220000003425&bbsId=BBSMSTR_000000000001&pageIndex=1&menuNo=30101700,2021,유,미부착,,개방 가능,공공누리 1유형,,,O,,,,,고시·공고,
2055,세종학당재단,HOME > 알림마당 > 채용정보,채용정보,2021년 하반기 &lt;국외 파견 한국어 교원&gt; 추가선발 서류심사 결과 및 면접심사 안내,https://ksif.or.kr/cop/bbs/selectBoardArticle.do?nttId=9220000003397&bbsId=BBSMSTR_000000000001&pageIndex=1&menuNo=30101700,2021,유,미부착,,개방 가능,공공누리 1유형,,,O,,,,,고시·공고,
2056,세종학당재단,HOME > 알림마당 > 채용정보,채용정보,"2021년 세종학당재단 하반기 일반정규직, 무기계약직 채용 공고",https://ksif.or.kr/cop/bbs/selectBoardArticle.do?nttId=9220000003395&bbsId=BBSMSTR_000000000001&pageIndex=1&menuNo=30101700,2021,유,미부착,,개방 가능,공공누리 1유형,,,O,,,,,고시·공고,
2057,세종학당재단,HOME > 알림마당 > 채용정보,채용정보,"2021년 세종학당재단 하반기 일반정규직, 무기계약직 채용 계획 공고",https://ksif.or.kr/cop/bbs/selectBoardArticle.do?nttId=9220000003393&bbsId=BBSMSTR_000000000001&pageIndex=1&menuNo=30101700,2021,무,미부착,,개방 가능,공공누리 1유형,,,O,,,,,고시·공고,
2058,세종학당재단,HOME > 알림마당 > 채용정보,채용정보,2021년 3분기 친인척 채용 규모 공개,https://ksif.or.kr/cop/bbs/selectBoardArticle.do?nttId=9220000003121&bbsId=BBSMSTR_000000000001&pageIndex=1&menuNo=30101700,2021,무,미부착,,개방 가능,공공누리 1유형,,,O,,,,,업무상 저작물,
2059,세종학당재단,HOME > 알림마당 > 채용정보,채용정보,2021년 하반기 세종학당 &lt;국외 파견 한국어 교원&gt; 추가선발 공고,https://ksif.or.kr/cop/bbs/selectBoardArticle.do?nttId=9220000003091&bbsId=BBSMSTR_000000000001&pageIndex=1&menuNo=30101700,2021,유,미부착,,개방 가능,공공누리 1유형,,,O,,,,,고시·공고,
2060,세종학당재단,HOME > 알림마당 > 채용정보,채용정보,"2021년 재단 하반기 무기계약직, 계약직 채용 최종 합격자 공고",https://ksif.or.kr/cop/bbs/selectBoardArticle.do?nttId=9220000002789&bbsId=BBSMSTR_000000000001&pageIndex=1&menuNo=30101700,2021,무,미부착,,개방 가능,공공누리 1유형,,,O,,,,,고시·공고,
2061,세종학당재단,HOME > 알림마당 > 채용정보,채용정보,"2021년 재단 하반기 무기계약직, 계약직 채용 필기·1차 면접 합격자 발표 및 최종 면접 심사 안내",https://ksif.or.kr/cop/bbs/selectBoardArticle.do?nttId=9220000002781&bbsId=BBSMSTR_000000000001&pageIndex=1&menuNo=30101700,2021,무,미부착,,개방 가능,공공누리 1유형,,,O,,,,,고시·공고,
2062,세종학당재단,HOME > 알림마당 > 채용정보,채용정보,"2021년 재단 하반기 무기계약직, 계약직 채용 일반계약직 최종 합격자 공고",https://ksif.or.kr/cop/bbs/selectBoardArticle.do?nttId=9220000002780&bbsId=BBSMSTR_000000000001&pageIndex=1&menuNo=30101700,2021,무,미부착,,개방 가능,공공누리 1유형,,,O,,,,,고시·공고,
2063,세종학당재단,HOME > 알림마당 > 채용정보,채용정보,2021년 하반기 &lt;국외 파견 한국어 교원&gt; 선발 면접심사 합격자 안내,https://ksif.or.kr/cop/bbs/selectBoardArticle.do?nttId=9220000002779&bbsId=BBSMSTR_000000000001&pageIndex=1&menuNo=30101700,2021,유,미부착,,개방 가능,공공누리 1유형,,,O,,,,,고시·공고,
2064,세종학당재단,HOME > 알림마당 > 채용정보,채용정보,"2021년 세종학당재단 하반기 무기계약직, 계약직 채용 서류합격자 발표 및 필기·1차 면접 등 안내",https://ksif.or.kr/cop/bbs/selectBoardArticle.do?nttId=9220000002773&bbsId=BBSMSTR_000000000001&pageIndex=1&menuNo=30101700,2021,유,미부착,,개방 가능,공공누리 1유형,,,O,,,,,고시·공고,
2065,세종학당재단,HOME > 알림마당 > 채용정보,채용정보,2021년 하반기 &lt;국외 파견 한국어 교원&gt; 선발 서류심사 결과 및 면접심사 안내,https://ksif.or.kr/cop/bbs/selectBoardArticle.do?nttId=9220000002740&bbsId=BBSMSTR_000000000001&pageIndex=1&menuNo=30101700,2021,유,미부착,,개방 가능,공공누리 1유형,,,O,,,,,고시·공고,
2066,세종학당재단,HOME > 알림마당 > 채용정보,채용정보,’21년 세종학당재단 하반기 정규직 채용 최종 합격자 공고,https://ksif.or.kr/cop/bbs/selectBoardArticle.do?nttId=9220000002736&bbsId=BBSMSTR_000000000001&pageIndex=1&menuNo=30101700,2021,무,미부착,,개방 가능,공공누리 1유형,,,O,,,,,고시·공고,
2067,세종학당재단,HOME > 알림마당 > 채용정보,채용정보,"’21년 재단 하반기 정규직 채용 필기,1차 면접 합격자 발표 및 최종 면접 심사 안내",https://ksif.or.kr/cop/bbs/selectBoardArticle.do?nttId=9220000002707&bbsId=BBSMSTR_000000000001&pageIndex=1&menuNo=30101700,2021,무,미부착,,개방 가능,공공누리 1유형,,,O,,,,,고시·공고,
2068,세종학당재단,HOME > 알림마당 > 채용정보,채용정보,"2021년 세종학당재단 하반기 무기계약직, 계약직 채용 공고",https://ksif.or.kr/cop/bbs/selectBoardArticle.do?nttId=9220000002700&bbsId=BBSMSTR_000000000001&pageIndex=1&menuNo=30101700,2021,유,미부착,,개방 가능,공공누리 1유형,,,O,,,,,고시·공고,
2069,세종학당재단,HOME > 알림마당 > 채용정보,채용정보,"2021년 세종학당재단 하반기 정규직 채용 서류합격자 발표 및 필기, 1차면접 심사 안내",https://ksif.or.kr/cop/bbs/selectBoardArticle.do?nttId=9220000002695&bbsId=BBSMSTR_000000000001&pageIndex=1&menuNo=30101700,2021,무,미부착,,개방 가능,공공누리 1유형,,,O,,,,,고시·공고,
2070,세종학당재단,HOME > 알림마당 > 채용정보,채용정보,2021년 하반기 &lt;세종학당 국외 파견 한국어 교원&gt; 선발 공고,https://ksif.or.kr/cop/bbs/selectBoardArticle.do?nttId=9220000002678&bbsId=BBSMSTR_000000000001&pageIndex=1&menuNo=30101700,2021,무,미부착,,개방 가능,공공누리 1유형,,,O,,,,,고시·공고,
2071,세종학당재단,HOME > 알림마당 > 채용정보,채용정보,2021년 세종학당 &lt;현지화 교원&gt; 선발 면접심사 합격자 안내,https://ksif.or.kr/cop/bbs/selectBoardArticle.do?nttId=9220000002643&bbsId=BBSMSTR_000000000001&pageIndex=1&menuNo=30101700,2021,유,미부착,,개방 가능,공공누리 1유형,,,O,,,,,고시·공고,
2072,세종학당재단,HOME > 알림마당 > 채용정보,채용정보,2021년 2분기 친인척 채용 규모 공개,https://ksif.or.kr/cop/bbs/selectBoardArticle.do?nttId=9220000002607&bbsId=BBSMSTR_000000000001&pageIndex=1&menuNo=30101700,2021,무,미부착,,개방 가능,공공누리 1유형,,,O,,,,,업무상 저작물,
2073,세종학당재단,HOME > 알림마당 > 채용정보,채용정보,2021년 세종학당재단 하반기 정규직 채용 공고,https://ksif.or.kr/cop/bbs/selectBoardArticle.do?nttId=9220000002604&bbsId=BBSMSTR_000000000001&pageIndex=1&menuNo=30101700,2021,유,미부착,,개방 가능,공공누리 1유형,,,O,,,,,고시·공고,
2074,세종학당재단,HOME > 알림마당 > 채용정보,채용정보,2021년 세종학당 &lt;현지화 교원&gt; 선발 서류심사 결과 및 면접심사 안내,https://ksif.or.kr/cop/bbs/selectBoardArticle.do?nttId=9220000002602&bbsId=BBSMSTR_000000000001&pageIndex=1&menuNo=30101700,2021,유,미부착,,개방 가능,공공누리 1유형,,,O,,,,,고시·공고,
2075,세종학당재단,HOME > 알림마당 > 채용정보,채용정보,2021년 세종학당재단 하반기 체험형 청년인턴 채용 최종 합격자 공고,https://ksif.or.kr/cop/bbs/selectBoardArticle.do?nttId=9220000002592&bbsId=BBSMSTR_000000000001&pageIndex=1&menuNo=30101700,2021,무,미부착,,개방 가능,공공누리 1유형,,,O,,,,,고시·공고,
2076,세종학당재단,HOME > 알림마당 > 채용정보,채용정보,2021년 세종학당재단 하반기 체험형 청년인턴 채용 서류심사 합격자 발표 및 최종면접 심사 안내,https://ksif.or.kr/cop/bbs/selectBoardArticle.do?nttId=9220000002588&bbsId=BBSMSTR_000000000001&pageIndex=1&menuNo=30101700,2021,무,미부착,,개방 가능,공공누리 1유형,,,O,,,,,고시·공고,
2077,세종학당재단,HOME > 알림마당 > 채용정보,채용정보,2021년 세종학당 &lt;현지화 교원&gt; 선발 공고,https://ksif.or.kr/cop/bbs/selectBoardArticle.do?nttId=9220000002552&bbsId=BBSMSTR_000000000001&pageIndex=1&menuNo=30101700,2021,유,미부착,,개방 가능,공공누리 1유형,,,O,,,,,고시·공고,
2078,세종학당재단,HOME > 알림마당 > 채용정보,채용정보,"’21년 세종학당재단 상반기 일반정규직, 무기계약직 채용 최종 합격자 공고",https://ksif.or.kr/cop/bbs/selectBoardArticle.do?nttId=9220000002537&bbsId=BBSMSTR_000000000001&pageIndex=1&menuNo=30101700,2021,무,미부착,,개방 가능,공공누리 1유형,,,O,,,,,고시·공고,
2079,세종학당재단,HOME > 알림마당 > 채용정보,채용정보,2021년 세종학당재단 하반기 청년인턴 채용 공고,https://ksif.or.kr/cop/bbs/selectBoardArticle.do?nttId=9220000002522&bbsId=BBSMSTR_000000000001&pageIndex=1&menuNo=30101700,2021,유,미부착,,개방 가능,공공누리 1유형,,,O,,,,,고시·공고,
2080,세종학당재단,HOME > 알림마당 > 채용정보,채용정보,"2021년 세종학당재단 상반기 정규직, 무기계약직 채용 필기/1차 면접 합격자 및 최종 면접 심사 안내",https://ksif.or.kr/cop/bbs/selectBoardArticle.do?nttId=9220000002515&bbsId=BBSMSTR_000000000001&pageIndex=1&menuNo=30101700,2021,무,미부착,,개방 가능,공공누리 1유형,,,O,,,,,고시·공고,
2081,세종학당재단,HOME > 알림마당 > 채용정보,채용정보,2021년 세종학당재단 상반기 일반 계약직 최종 합격자 공고,https://ksif.or.kr/cop/bbs/selectBoardArticle.do?nttId=9220000002514&bbsId=BBSMSTR_000000000001&pageIndex=1&menuNo=30101700,2021,무,미부착,,개방 가능,공공누리 1유형,,,O,,,,,고시·공고,
2082,세종학당재단,HOME > 알림마당 > 채용정보,채용정보,"2021년 세종학당재단 상반기 정규직, 계약직 채용 서류심사 합격자 발표 및 필기, 1차 면접 등 심사 안내",https://ksif.or.kr/cop/bbs/selectBoardArticle.do?nttId=9220000002497&bbsId=BBSMSTR_000000000001&pageIndex=1&menuNo=30101700,2021,무,미부착,,개방 가능,공공누리 1유형,,,O,,,,,고시·공고,
2083,세종학당재단,HOME > 알림마당 > 채용정보,채용정보,"2021년 세종학당재단 상반기 정규직, 계약직 직원 채용 공고",https://ksif.or.kr/cop/bbs/selectBoardArticle.do?nttId=9220000002409&bbsId=BBSMSTR_000000000001&pageIndex=1&menuNo=30101700,2021,유,미부착,,개방 가능,공공누리 1유형,,,O,,,,,고시·공고,
2084,세종학당재단,HOME > 알림마당 > 채용정보,채용정보,2021년 1분기 친인척 채용 규모 공개,https://ksif.or.kr/cop/bbs/selectBoardArticle.do?nttId=9220000002394&bbsId=BBSMSTR_000000000001&pageIndex=1&menuNo=30101700,2021,무,미부착,,개방 가능,공공누리 1유형,,,O,,,,,업무상 저작물,
2085,세종학당재단,HOME > 알림마당 > 채용정보,채용정보,2021년 상반기 세종학당 국외 파견 한국어 교원 추가선발 면접 심사 합격 안내,https://ksif.or.kr/cop/bbs/selectBoardArticle.do?nttId=9220000002345&bbsId=BBSMSTR_000000000001&pageIndex=1&menuNo=30101700,2021,유,미부착,,개방 가능,공공누리 1유형,,,O,,,,,고시·공고,
2086,세종학당재단,HOME > 알림마당 > 채용정보,채용정보,’21년 세종학당재단 상반기 계약직 채용 최종 합격자 공고,https://ksif.or.kr/cop/bbs/selectBoardArticle.do?nttId=9220000002314&bbsId=BBSMSTR_000000000001&pageIndex=1&menuNo=30101700,2021,무,미부착,,개방 가능,공공누리 1유형,,,O,,,,,고시·공고,
2087,세종학당재단,HOME > 알림마당 > 채용정보,채용정보,2021년 상반기 세종학당 국외 파견 한국어 교원 추가선발 서류심사 결과 및 면접심사 안내,https://ksif.or.kr/cop/bbs/selectBoardArticle.do?nttId=9220000002307&bbsId=BBSMSTR_000000000001&pageIndex=1&menuNo=30101700,2021,유,미부착,,개방 가능,공공누리 1유형,,,O,,,,,고시·공고,
2088,세종학당재단,HOME > 알림마당 > 채용정보,채용정보,’21년 세종학당재단 상반기 직원 채용 최종 합격자 공고,https://ksif.or.kr/cop/bbs/selectBoardArticle.do?nttId=9220000002303&bbsId=BBSMSTR_000000000001&pageIndex=1&menuNo=30101700,2021,무,미부착,,개방 가능,공공누리 1유형,,,O,,,,,고시·공고,
2089,세종학당재단,HOME > 알림마당 > 채용정보,채용정보,"2021년 재단 계약직(전문, 일반) 채용 서류심사 합격자 발표 및 최종면접 심사 안내",https://ksif.or.kr/cop/bbs/selectBoardArticle.do?nttId=9220000002301&bbsId=BBSMSTR_000000000001&pageIndex=1&menuNo=30101700,2021,무,미부착,,개방 가능,공공누리 1유형,,,O,,,,,고시·공고,
2090,세종학당재단,HOME > 알림마당 > 채용정보,채용정보,"’21년 재단 상반기 직원 채용 필기,1차 면접 합격자 발표 및 최종 면접 심사 안내",https://ksif.or.kr/cop/bbs/selectBoardArticle.do?nttId=9220000002286&bbsId=BBSMSTR_000000000001&pageIndex=1&menuNo=30101700,2021,무,미부착,,개방 가능,공공누리 1유형,,,O,,,,,고시·공고,
2091,세종학당재단,HOME > 알림마당 > 채용정보,채용정보,2021년 상반기 세종학당 국외 파견 한국어 교원 추가선발 공고,https://ksif.or.kr/cop/bbs/selectBoardArticle.do?nttId=9220000002284&bbsId=BBSMSTR_000000000001&pageIndex=1&menuNo=30101700,2021,유,미부착,,개방 가능,공공누리 1유형,,,O,,,,,고시·공고,
2092,세종학당재단,HOME > 알림마당 > 채용정보,채용정보,"2021년 재단 상반기 직원 채용 서류심사 합격자 발표 및 필기, 1차면접 심사 안내",https://ksif.or.kr/cop/bbs/selectBoardArticle.do?nttId=9220000002279&bbsId=BBSMSTR_000000000001&pageIndex=1&menuNo=30101700,2021,무,미부착,,개방 가능,공공누리 1유형,,,O,,,,,고시·공고,
2093,세종학당재단,HOME > 알림마당 > 채용정보,채용정보,2021년 상반기 세종학당재단 계약직 채용 공고,https://ksif.or.kr/cop/bbs/selectBoardArticle.do?nttId=9220000002265&bbsId=BBSMSTR_000000000001&pageIndex=1&menuNo=30101700,2021,유,미부착,,개방 가능,공공누리 1유형,,,O,,,,,고시·공고,
2094,세종학당재단,HOME > 알림마당 > 채용정보,채용정보,2021년 상반기 세종학당재단 직원 채용 공고,https://ksif.or.kr/cop/bbs/selectBoardArticle.do?nttId=9220000002259&bbsId=BBSMSTR_000000000001&pageIndex=1&menuNo=30101700,2021,유,미부착,,개방 가능,공공누리 1유형,,,O,,,,,고시·공고,
2095,세종학당재단,HOME > 알림마당 > 채용정보,채용정보,2020년 4분기 친인척 채용 규모 공개,https://ksif.or.kr/cop/bbs/selectBoardArticle.do?nttId=9220000002223&bbsId=BBSMSTR_000000000001&pageIndex=1&menuNo=30101700,2020,무,미부착,,개방 가능,공공누리 1유형,,,O,,,,,업무상 저작물,
2096,세종학당재단,HOME > 알림마당 > 채용정보,채용정보,"2020년 재단 계약직(휴직대체), 청년인턴 채용 최종 합격자 공고",https://ksif.or.kr/cop/bbs/selectBoardArticle.do?nttId=9220000002219&bbsId=BBSMSTR_000000000001&pageIndex=1&menuNo=30101700,2020,무,미부착,,개방 가능,공공누리 1유형,,,O,,,,,고시·공고,
2097,세종학당재단,HOME > 알림마당 > 채용정보,채용정보,"2020년 재단 계약직(휴직대체), 청년인턴 채용 서류심사 합격자 발표 및 최종면접 심사 안내",https://ksif.or.kr/cop/bbs/selectBoardArticle.do?nttId=9220000002211&bbsId=BBSMSTR_000000000001&pageIndex=1&menuNo=30101700,2020,무,미부착,,개방 가능,공공누리 1유형,,,O,,,,,고시·공고,
2098,세종학당재단,HOME > 알림마당 > 채용정보,채용정보,2021년 상반기 세종학당 국외 파견 한국어 교원  면접 심사 합격 안내,https://ksif.or.kr/cop/bbs/selectBoardArticle.do?nttId=9220000002176&bbsId=BBSMSTR_000000000001&pageIndex=1&menuNo=30101700,2020,유,미부착,,개방 가능,공공누리 1유형,,,O,,,,,고시·공고,
2099,세종학당재단,HOME > 알림마당 > 채용정보,채용정보,2021년 상반기 세종학당 국외 파견 한국어 교원 선발 서류심사 결과 및 면접심사 안내,https://ksif.or.kr/cop/bbs/selectBoardArticle.do?nttId=9220000002158&bbsId=BBSMSTR_000000000001&pageIndex=1&menuNo=30101700,2020,유,미부착,,개방 가능,공공누리 1유형,,,O,,,,,고시·공고,
2100,세종학당재단,HOME > 알림마당 > 채용정보,채용정보,"2020년 세종학당재단 계약직(휴직대체), 체험형 청년인턴 채용 공고",https://ksif.or.kr/cop/bbs/selectBoardArticle.do?nttId=9220000002156&bbsId=BBSMSTR_000000000001&pageIndex=1&menuNo=30101700,2020,유,미부착,,개방 가능,공공누리 1유형,,,O,,,,,고시·공고,
2101,세종학당재단,HOME > 알림마당 > 채용정보,채용정보,2021년 상반기 세종학당 국외 파견 한국어 교원 선발 공고,https://ksif.or.kr/cop/bbs/selectBoardArticle.do?nttId=9220000002124&bbsId=BBSMSTR_000000000001&pageIndex=1&menuNo=30101700,2020,유,미부착,,개방 가능,공공누리 1유형,,,O,,,,,고시·공고,
2102,세종학당재단,HOME > 알림마당 > 채용정보,채용정보,20년 세종학당재단 하반기 계약직 채용 최종 합격자 공고,https://ksif.or.kr/cop/bbs/selectBoardArticle.do?nttId=9220000002005&bbsId=BBSMSTR_000000000001&pageIndex=1&menuNo=30101700,2020,무,미부착,,개방 가능,공공누리 1유형,,,O,,,,,고시·공고,
2103,세종학당재단,HOME > 알림마당 > 채용정보,채용정보,2020년 재단 하반기 계약직 채용 서류심사 합격자 발표 및 최종면접심사 안내 공고,https://ksif.or.kr/cop/bbs/selectBoardArticle.do?nttId=9220000002001&bbsId=BBSMSTR_000000000001&pageIndex=1&menuNo=30101700,2020,무,미부착,,개방 가능,공공누리 1유형,,,O,,,,,고시·공고,
2104,세종학당재단,HOME > 알림마당 > 채용정보,채용정보,’20년 세종학당재단 하반기 일반정규직 채용 최종 합격자 공고,https://ksif.or.kr/cop/bbs/selectBoardArticle.do?nttId=9220000001942&bbsId=BBSMSTR_000000000001&pageIndex=1&menuNo=30101700,2020,유,미부착,,개방 가능,공공누리 1유형,,,O,,,,,고시·공고,
2105,세종학당재단,HOME > 알림마당 > 채용정보,채용정보,2020년 세종학당재단 하반기 계약직 채용 공고,https://ksif.or.kr/cop/bbs/selectBoardArticle.do?nttId=9220000001940&bbsId=BBSMSTR_000000000001&pageIndex=1&menuNo=30101700,2020,유,미부착,,개방 가능,공공누리 1유형,,,O,,,,,고시·공고,
2106,세종학당재단,HOME > 알림마당 > 채용정보,채용정보,’20년 재단 하반기 일반정규직 채용 1차 면접 합격자 및 최종 면접 심사 안내,https://ksif.or.kr/cop/bbs/selectBoardArticle.do?nttId=9220000001933&bbsId=BBSMSTR_000000000001&pageIndex=1&menuNo=30101700,2020,무,미부착,,개방 가능,공공누리 1유형,,,O,,,,,고시·공고,
2107,세종학당재단,HOME > 알림마당 > 채용정보,채용정보,"’20년 세종학당재단 하반기 계약직, 청년인턴 채용 최종 합격자 공고",https://ksif.or.kr/cop/bbs/selectBoardArticle.do?nttId=9220000001932&bbsId=BBSMSTR_000000000001&pageIndex=1&menuNo=30101700,2020,무,미부착,,개방 가능,공공누리 1유형,,,O,,,,,고시·공고,
2108,세종학당재단,HOME > 알림마당 > 채용정보,채용정보,2020년 재단 하반기 채용 서류심사 합격자 발표 및 향후 심사 안내,https://ksif.or.kr/cop/bbs/selectBoardArticle.do?nttId=9220000001914&bbsId=BBSMSTR_000000000001&pageIndex=1&menuNo=30101700,2020,무,미부착,,개방 가능,공공누리 1유형,,,O,,,,,고시·공고,
2109,세종학당재단,HOME > 알림마당 > 채용정보,채용정보,2020년 세종학당재단 2분기 친인척 채용 규모 공개,https://ksif.or.kr/cop/bbs/selectBoardArticle.do?nttId=9220000001871&bbsId=BBSMSTR_000000000001&pageIndex=1&menuNo=30101700,2020,무,미부착,,개방 가능,공공누리 1유형,,,O,,,,,업무상 저작물,
2110,세종학당재단,HOME > 알림마당 > 채용정보,채용정보,2020년 세종학당재단 하반기 채용 공고,https://ksif.or.kr/cop/bbs/selectBoardArticle.do?nttId=9220000001865&bbsId=BBSMSTR_000000000001&pageIndex=1&menuNo=30101700,2020,유,미부착,,개방 가능,공공누리 1유형,,,O,,,,,고시·공고,
2111,세종학당재단,HOME > 알림마당 > 채용정보,채용정보,’20년 세종학당재단 무기계약직 채용 최종 합격자 공고,https://ksif.or.kr/cop/bbs/selectBoardArticle.do?nttId=9220000001746&bbsId=BBSMSTR_000000000001&pageIndex=1&menuNo=30101700,2020,유,미부착,,개방 가능,공공누리 1유형,,,O,,,,,고시·공고,
2112,세종학당재단,HOME > 알림마당 > 채용정보,채용정보,’20년 재단 무기계약직 채용 1차 면접 등 합격자 발표 및 최종 면접 심사 안내,https://ksif.or.kr/cop/bbs/selectBoardArticle.do?nttId=9220000001736&bbsId=BBSMSTR_000000000001&pageIndex=1&menuNo=30101700,2020,무,미부착,,개방 가능,공공누리 1유형,,,O,,,,,고시·공고,
2113,세종학당재단,HOME > 알림마당 > 채용정보,채용정보,’20년 재단 계약직 채용 최종 합격자 공고,https://ksif.or.kr/cop/bbs/selectBoardArticle.do?nttId=9220000001735&bbsId=BBSMSTR_000000000001&pageIndex=1&menuNo=30101700,2020,무,미부착,,개방 가능,공공누리 1유형,,,O,,,,,고시·공고,
2114,세종학당재단,HOME > 알림마당 > 채용정보,채용정보,"2020년 재단 무기계약직, 계약직 채용 서류심사 합격자 발표 및 향후 심사 안내",https://ksif.or.kr/cop/bbs/selectBoardArticle.do?nttId=9220000001721&bbsId=BBSMSTR_000000000001&pageIndex=1&menuNo=30101700,2020,무,미부착,,개방 가능,공공누리 1유형,,,O,,,,,고시·공고,
2115,세종학당재단,HOME > 알림마당 > 채용정보,채용정보,2020년 세종학당재단 1분기 친인척 채용 규모 공개,https://ksif.or.kr/cop/bbs/selectBoardArticle.do?nttId=9220000001676&bbsId=BBSMSTR_000000000001&pageIndex=1&menuNo=30101700,2020,무,미부착,,개방 가능,공공누리 1유형,,,O,,,,,업무상 저작물,
2116,세종학당재단,HOME > 알림마당 > 채용정보,채용정보,"2020년  세종학당재단 무기계약직, 계약직 채용 공고",https://ksif.or.kr/cop/bbs/selectBoardArticle.do?nttId=9220000001542&bbsId=BBSMSTR_000000000001&pageIndex=1&menuNo=30101700,2020,유,미부착,,개방 가능,공공누리 1유형,,,O,,,,,고시·공고,
2117,세종학당재단,HOME > 알림마당 > 채용정보,채용정보,2020년 세종학당재단 상반기 계약직 채용 최종 합격자 공고,https://ksif.or.kr/cop/bbs/selectBoardArticle.do?nttId=9220000001514&bbsId=BBSMSTR_000000000001&pageIndex=1&menuNo=30101700,2020,유,미부착,,개방 가능,공공누리 1유형,,,O,,,,,고시·공고,
2118,세종학당재단,HOME > 알림마당 > 채용정보,채용정보,2020년 상반기 계약직 채용 서류심사 합격자 및 면접심사 안내,https://ksif.or.kr/cop/bbs/selectBoardArticle.do?nttId=9220000001504&bbsId=BBSMSTR_000000000001&pageIndex=1&menuNo=30101700,2020,무,미부착,,개방 가능,공공누리 1유형,,,O,,,,,고시·공고,
2119,세종학당재단,HOME > 알림마당 > 채용정보,채용정보,2020년 세종학당재단 상반기 채용 최종 합격자 발표 공고,https://ksif.or.kr/cop/bbs/selectBoardArticle.do?nttId=9220000001503&bbsId=BBSMSTR_000000000001&pageIndex=1&menuNo=30101700,2020,무,미부착,,개방 가능,공공누리 1유형,,,O,,,,,고시·공고,
2120,세종학당재단,HOME > 알림마당 > 채용정보,채용정보,2020년 상반기 채용 필기·1차 면접심사 합격자 발표 및 최종 면접 심사 안내,https://ksif.or.kr/cop/bbs/selectBoardArticle.do?nttId=9220000001486&bbsId=BBSMSTR_000000000001&pageIndex=1&menuNo=30101700,2020,무,미부착,,개방 가능,공공누리 1유형,,,O,,,,,고시·공고,
2121,세종학당재단,HOME > 알림마당 > 채용정보,채용정보,2020년 상반기 무기계약직 채용 필기·1차 면접심사 합격자 발표 및 최종 면접 심사 안내,https://ksif.or.kr/cop/bbs/selectBoardArticle.do?nttId=9220000001482&bbsId=BBSMSTR_000000000001&pageIndex=1&menuNo=30101700,2020,유,미부착,,개방 가능,공공누리 1유형,,,O,,,,,고시·공고,
2122,세종학당재단,HOME > 알림마당 > 채용정보,채용정보,2020년 상반기 직원 채용 서류심사 합격자 및 필기·1차 면접 안내,https://ksif.or.kr/cop/bbs/selectBoardArticle.do?nttId=9220000001468&bbsId=BBSMSTR_000000000001&pageIndex=1&menuNo=30101700,2020,무,미부착,,개방 가능,공공누리 1유형,,,O,,,,,고시·공고,
2123,세종학당재단,HOME > 알림마당 > 채용정보,채용정보,2020년 세종학당재단 상반기 계약직 채용 공고,https://ksif.or.kr/cop/bbs/selectBoardArticle.do?nttId=9220000001462&bbsId=BBSMSTR_000000000001&pageIndex=1&menuNo=30101700,2020,유,미부착,,개방 가능,공공누리 1유형,,,O,,,,,고시·공고,
2124,세종학당재단,HOME > 알림마당 > 채용정보,채용정보,2020년 상반기 세종학당재단 직원 채용 공고,https://ksif.or.kr/cop/bbs/selectBoardArticle.do?nttId=9220000001432&bbsId=BBSMSTR_000000000001&pageIndex=1&menuNo=30101700,2020,유,미부착,,개방 가능,공공누리 1유형,,,O,,,,,고시·공고,
2125,세종학당재단,HOME > 알림마당 > 채용정보,채용정보,2020년 상반기 체험형 청년인턴 최종합격자 공고,https://ksif.or.kr/cop/bbs/selectBoardArticle.do?nttId=9220000001423&bbsId=BBSMSTR_000000000001&pageIndex=1&menuNo=30101700,2019,무,미부착,,개방 가능,공공누리 1유형,,,O,,,,,고시·공고,
2126,세종학당재단,HOME > 알림마당 > 채용정보,채용정보,2020년 세종학당재단 체험형 청년인턴 채용 서류심사 합격자 및 면접심사 안내,https://ksif.or.kr/cop/bbs/selectBoardArticle.do?nttId=9220000001421&bbsId=BBSMSTR_000000000001&pageIndex=1&menuNo=30101700,2019,무,미부착,,개방 가능,공공누리 1유형,,,O,,,,,고시·공고,
2127,세종학당재단,HOME > 알림마당 > 채용정보,채용정보,2020년 상반기 체험형 청년인턴 채용 공고,https://ksif.or.kr/cop/bbs/selectBoardArticle.do?nttId=9220000001356&bbsId=BBSMSTR_000000000001&pageIndex=1&menuNo=30101700,2019,유,미부착,,개방 가능,공공누리 1유형,,,O,,,,,고시·공고,
2128,세종학당재단,HOME > 알림마당 > 채용정보,채용정보,2019년 세종학당재단 하반기 채용 최종 합격자 공고,https://ksif.or.kr/cop/bbs/selectBoardArticle.do?nttId=9220000001274&bbsId=BBSMSTR_000000000001&pageIndex=1&menuNo=30101700,2019,무,미부착,,개방 가능,공공누리 1유형,,,O,,,,,고시·공고,
2129,세종학당재단,HOME > 알림마당 > 채용정보,채용정보,2019년 하반기 직원 채용 보고서 작성 1차 면접심사 합격자 발표 및 최종 면접 심사 안내,https://ksif.or.kr/cop/bbs/selectBoardArticle.do?nttId=9220000001238&bbsId=BBSMSTR_000000000001&pageIndex=1&menuNo=30101700,2019,무,미부착,,개방 가능,공공누리 1유형,,,O,,,,,고시·공고,
2130,세종학당재단,HOME > 알림마당 > 채용정보,채용정보,2019년 하반기 직원 채용 서류심사 합격자 및 향후 심사 계획 안내 공고,https://ksif.or.kr/cop/bbs/selectBoardArticle.do?nttId=9220000001232&bbsId=BBSMSTR_000000000001&pageIndex=1&menuNo=30101700,2019,무,미부착,,개방 가능,공공누리 1유형,,,O,,,,,고시·공고,
2131,세종학당재단,HOME > 알림마당 > 채용정보,채용정보,2019년 세종학당재단 하반기 직원 채용 공고,https://ksif.or.kr/cop/bbs/selectBoardArticle.do?nttId=9220000001142&bbsId=BBSMSTR_000000000001&pageIndex=1&menuNo=30101700,2019,유,미부착,,개방 가능,공공누리 1유형,,,O,,,,,고시·공고,
2132,세종학당재단,HOME > 알림마당 > 채용정보,채용정보,"2019년 계약직(육아휴직 대체), 청년인턴(일반, 장애인) 채용 최종합격자 공고",https://ksif.or.kr/cop/bbs/selectBoardArticle.do?nttId=9220000001094&bbsId=BBSMSTR_000000000001&pageIndex=1&menuNo=30101700,2019,유,미부착,,개방 가능,공공누리 1유형,,,O,,,,,고시·공고,
2133,세종학당재단,HOME > 알림마당 > 채용정보,채용정보,"2019년 계약직(육아휴직 대체), 청년인턴(일반, 장애인) 채용 서류심사 합격자 및 면접 안내",https://ksif.or.kr/cop/bbs/selectBoardArticle.do?nttId=9220000001092&bbsId=BBSMSTR_000000000001&pageIndex=1&menuNo=30101700,2019,유,미부착,,개방 가능,공공누리 1유형,,,O,,,,,고시·공고,
2134,세종학당재단,HOME > 알림마당 > 채용정보,채용정보,"2019년 세종학당재단 청년인턴(일반, 장애인) 채용 공고",https://ksif.or.kr/cop/bbs/selectBoardArticle.do?nttId=9220000001026&bbsId=BBSMSTR_000000000001&pageIndex=1&menuNo=30101700,2019,유,미부착,,개방 가능,공공누리 1유형,,,O,,,,,고시·공고,
2135,세종학당재단,HOME > 알림마당 > 채용정보,채용정보,2019년 세종학당재단 육아휴직 대체인력 채용 공고,https://ksif.or.kr/cop/bbs/selectBoardArticle.do?nttId=9220000001025&bbsId=BBSMSTR_000000000001&pageIndex=1&menuNo=30101700,2019,유,미부착,,개방 가능,공공누리 1유형,,,O,,,,,고시·공고,
2136,세종학당재단,HOME > 알림마당 > 채용정보,채용정보,2019년 상반기 청년인턴 채용 최종합격자 공고,https://ksif.or.kr/cop/bbs/selectBoardArticle.do?nttId=9220000000798&bbsId=BBSMSTR_000000000001&pageIndex=1&menuNo=30101700,2019,유,미부착,,개방 가능,공공누리 1유형,,,O,,,,,고시·공고,
2137,세종학당재단,HOME > 알림마당 > 채용정보,채용정보,2019년 세종학당재단 청년인턴 직원채용 서류심사 합격자 및 면접안내,https://ksif.or.kr/cop/bbs/selectBoardArticle.do?nttId=9220000000783&bbsId=BBSMSTR_000000000001&pageIndex=1&menuNo=30101700,2019,무,미부착,,개방 가능,공공누리 1유형,,,O,,,,,고시·공고,
2138,세종학당재단,HOME > 알림마당 > 채용정보,채용정보,2019년 세종학당재단 청년인턴 직원 채용 공고,https://ksif.or.kr/cop/bbs/selectBoardArticle.do?nttId=9220000000745&bbsId=BBSMSTR_000000000001&pageIndex=1&menuNo=30101700,2019,유,미부착,,개방 가능,공공누리 1유형,,,O,,,,,고시·공고,
2139,세종학당재단,HOME > 알림마당 > 채용정보,채용정보,2018년 하반기 직원 채용 청년인턴 최종합격자 공고,https://ksif.or.kr/cop/bbs/selectBoardArticle.do?nttId=9220000000593&bbsId=BBSMSTR_000000000001&pageIndex=1&menuNo=30101700,2018,유,미부착,,개방 가능,공공누리 1유형,,,O,,,,,고시·공고,
2140,세종학당재단,HOME > 알림마당 > 채용정보,채용정보,2018년 하반기  직원 채용 무기계약직 1차 면접 합격자 및 2차 면접 안내 공고,https://ksif.or.kr/cop/bbs/selectBoardArticle.do?nttId=9220000000592&bbsId=BBSMSTR_000000000001&pageIndex=1&menuNo=30101700,2018,유,미부착,,개방 가능,공공누리 1유형,,,O,,,,,고시·공고,
2141,세종학당재단,HOME > 알림마당 > 채용정보,채용정보,2018년 세종학당재단 하반기 직원 채용 서류전형 합격자 및 1차 면접 안내,https://ksif.or.kr/cop/bbs/selectBoardArticle.do?nttId=9220000000587&bbsId=BBSMSTR_000000000001&pageIndex=1&menuNo=30101700,2018,유,미부착,,개방 가능,공공누리 1유형,,,O,,,,,고시·공고,
2142,세종학당재단,HOME > 알림마당 > 채용정보,채용정보,하반기 직원 채용 서류심사 합격자 연기 알림,https://ksif.or.kr/cop/bbs/selectBoardArticle.do?nttId=9220000000572&bbsId=BBSMSTR_000000000001&pageIndex=1&menuNo=30101700,2018,무,미부착,,개방 가능,공공누리 1유형,,,O,,,,,고시·공고,
2143,세종학당재단,HOME > 알림마당 > 채용정보,채용정보,2018년 세종학당재단 하반기 직원 채용 공고,https://ksif.or.kr/cop/bbs/selectBoardArticle.do?nttId=9220000000544&bbsId=BBSMSTR_000000000001&pageIndex=1&menuNo=30101700,2018,유,미부착,,개방 가능,공공누리 1유형,,,O,,,,,고시·공고,
2144,세종학당재단,HOME > 알림마당 > 채용정보,채용정보,2018 하반기 해외 파견 한국어 교원 면접 심사 결과 및 국내 교육 대상자 공고,https://ksif.or.kr/cop/bbs/selectBoardArticle.do?nttId=92600532&bbsId=BBSMSTR_000000000001&pageIndex=1&menuNo=30101700,2018,유,미부착,,개방 가능,공공누리 1유형,,,O,,,,,고시·공고,
2145,세종학당재단,HOME > 알림마당 > 채용정보,채용정보,2018년 하반기 세종학당 해외 파견 한국어교원 선발 면접 심사 합격자 및 국내 교육 대상자 공고,https://ksif.or.kr/cop/bbs/selectBoardArticle.do?nttId=92600531&bbsId=BBSMSTR_000000000001&pageIndex=1&menuNo=30101700,2018,유,미부착,,개방 가능,공공누리 1유형,,,O,,,,,고시·공고,
2146,세종학당재단,HOME > 알림마당 > 채용정보,채용정보,2018년 세종학당재단 상반기 직원 채용 최종합격자 공고,https://ksif.or.kr/cop/bbs/selectBoardArticle.do?nttId=92600530&bbsId=BBSMSTR_000000000001&pageIndex=1&menuNo=30101700,2018,유,미부착,,개방 가능,공공누리 1유형,,,O,,,,,고시·공고,
2147,세종학당재단,HOME > 알림마당 > 채용정보,채용정보,2018년 세종학당재단 상반기 직원 채용 1차 면접 합격자 및 최종면접 안내,https://ksif.or.kr/cop/bbs/selectBoardArticle.do?nttId=92600529&bbsId=BBSMSTR_000000000001&pageIndex=1&menuNo=30101700,2018,유,미부착,,개방 가능,공공누리 1유형,,,O,,,,,고시·공고,
2148,세종학당재단,HOME > 알림마당 > 채용정보,채용정보,2018년 세종학당재단 청년인턴 최종합격자 공고,https://ksif.or.kr/cop/bbs/selectBoardArticle.do?nttId=92600528&bbsId=BBSMSTR_000000000001&pageIndex=1&menuNo=30101700,2018,유,미부착,,개방 가능,공공누리 1유형,,,O,,,,,고시·공고,
2149,세종학당재단,HOME > 알림마당 > 채용정보,채용정보,2018년 하반기 해외 파견 한국어 교원 서류 심사 합격자 공고 및 면접 심사 안내,https://ksif.or.kr/cop/bbs/selectBoardArticle.do?nttId=92600527&bbsId=BBSMSTR_000000000001&pageIndex=1&menuNo=30101700,2018,유,미부착,,개방 가능,공공누리 1유형,,,O,,,,,고시·공고,
2150,세종학당재단,HOME > 알림마당 > 채용정보,채용정보,2018년 세종학당재단 상반기 직원 채용 서류전형 합격자 및 1차 면접 안내,https://ksif.or.kr/cop/bbs/selectBoardArticle.do?nttId=92600525&bbsId=BBSMSTR_000000000001&pageIndex=1&menuNo=30101700,2018,유,미부착,,개방 가능,공공누리 1유형,,,O,,,,,고시·공고,
2151,세종학당재단,HOME > 알림마당 > 채용정보,채용정보,2018년 세종학당재단 상반기 직원 채용 공고,https://ksif.or.kr/cop/bbs/selectBoardArticle.do?nttId=92600516&bbsId=BBSMSTR_000000000001&pageIndex=1&menuNo=30101700,2018,유,미부착,,개방 가능,공공누리 1유형,,,O,,,,,고시·공고,
2152,세종학당재단,HOME > 알림마당 > 채용정보,채용정보,2018년 하반기 세종학당 해외 파견 한국어 교원 모집 공고,https://ksif.or.kr/cop/bbs/selectBoardArticle.do?nttId=92600512&bbsId=BBSMSTR_000000000001&pageIndex=1&menuNo=30101700,2018,유,미부착,,개방 가능,공공누리 1유형,,,O,,,,,고시·공고,
2153,세종학당재단,HOME > 알림마당 > 채용정보,채용정보,2018년 세종학당재단 상반기 직원 채용 최종합격자 공고,https://ksif.or.kr/cop/bbs/selectBoardArticle.do?nttId=92600506&bbsId=BBSMSTR_000000000001&pageIndex=1&menuNo=30101700,2018,무,미부착,,개방 가능,공공누리 1유형,,,O,,,,,고시·공고,
2154,세종학당재단,HOME > 알림마당 > 채용정보,채용정보,2018년 세종학당재단 직원 채용 1차 면접시험 합격자 및 최종면접 안내,https://ksif.or.kr/cop/bbs/selectBoardArticle.do?nttId=92600503&bbsId=BBSMSTR_000000000001&pageIndex=1&menuNo=30101700,2018,무,미부착,,개방 가능,공공누리 1유형,,,O,,,,,고시·공고,
2155,세종학당재단,HOME > 알림마당 > 채용정보,채용정보,2018년 세종학당재단 상반기 직원 채용 서류전형 합격자 및 1차 면접 안내,https://ksif.or.kr/cop/bbs/selectBoardArticle.do?nttId=92600502&bbsId=BBSMSTR_000000000001&pageIndex=1&menuNo=30101700,2018,유,미부착,,개방 가능,공공누리 1유형,,,O,,,,,고시·공고,
2156,세종학당재단,HOME > 알림마당 > 채용정보,채용정보,2018년 세종학당재단 상반기 직원 채용 공고,https://ksif.or.kr/cop/bbs/selectBoardArticle.do?nttId=92600495&bbsId=BBSMSTR_000000000001&pageIndex=1&menuNo=30101700,2018,유,미부착,,개방 가능,공공누리 1유형,,,O,,,,,고시·공고,
2157,세종학당재단,HOME > 알림마당 > 채용정보,채용정보,2018년 상반기 해외 세종학당 파견 한국어교원 선발 최종 합격자 공고,https://ksif.or.kr/cop/bbs/selectBoardArticle.do?nttId=92600488&bbsId=BBSMSTR_000000000001&pageIndex=1&menuNo=30101700,2018,유,미부착,,개방 가능,공공누리 1유형,,,O,,,,,고시·공고,
2158,세종학당재단,HOME > 알림마당 > 채용정보,채용정보,2018년 세종학당 해외 파견 한국어교원 선발 면접 심사 합격자 및 국내 교육 대상자 공고,https://ksif.or.kr/cop/bbs/selectBoardArticle.do?nttId=92600486&bbsId=BBSMSTR_000000000001&pageIndex=1&menuNo=30101700,2017,유,미부착,,개방 가능,공공누리 1유형,,,O,,,,,고시·공고,
2159,세종학당재단,HOME > 알림마당 > 채용정보,채용정보,2018년 해외 파견 한국어 교원 서류 심사 합격자 및 면접 심사 안내  ,https://ksif.or.kr/cop/bbs/selectBoardArticle.do?nttId=92600485&bbsId=BBSMSTR_000000000001&pageIndex=1&menuNo=30101700,2017,유,미부착,,개방 가능,공공누리 1유형,,,O,,,,,고시·공고,
2160,세종학당재단,HOME > 알림마당 > 채용정보,채용정보,2018년 세종학당 해외 파견 한국어 교원 모집 공고(수정),https://ksif.or.kr/cop/bbs/selectBoardArticle.do?nttId=92600484&bbsId=BBSMSTR_000000000001&pageIndex=1&menuNo=30101700,2017,유,미부착,,개방 가능,공공누리 1유형,,,O,,,,,고시·공고,
2161,세종학당재단,HOME > 알림마당 > 채용정보,채용정보,2018년 세종학당 해외 파견 한국어 교원 모집 공고,https://ksif.or.kr/cop/bbs/selectBoardArticle.do?nttId=92600482&bbsId=BBSMSTR_000000000001&pageIndex=1&menuNo=30101700,2017,유,미부착,,개방 가능,공공누리 1유형,,,O,,,,,고시·공고,
2162,세종학당재단,HOME > 알림마당 > 채용정보,채용정보, 세종학당재단 하반기 직원 채용   최종합격자 공고,https://ksif.or.kr/cop/bbs/selectBoardArticle.do?nttId=92600467&bbsId=BBSMSTR_000000000001&pageIndex=1&menuNo=30101700,2017,유,미부착,,개방 가능,공공누리 1유형,,,O,,,,,고시·공고,
2163,세종학당재단,HOME > 알림마당 > 채용정보,채용정보,2017년 세종학당재단 직원 채용   1차 면접시험 합격자 및 최종면접 안내,https://ksif.or.kr/cop/bbs/selectBoardArticle.do?nttId=92600465&bbsId=BBSMSTR_000000000001&pageIndex=1&menuNo=30101700,2017,유,미부착,,개방 가능,공공누리 1유형,,,O,,,,,고시·공고,
2164,세종학당재단,HOME > 알림마당 > 채용정보,채용정보,2017년 세종학당재단 하반기 직원 채용  서류전형 합격자 및 1차 면접 안내,https://ksif.or.kr/cop/bbs/selectBoardArticle.do?nttId=92600458&bbsId=BBSMSTR_000000000001&pageIndex=1&menuNo=30101700,2017,유,미부착,,개방 가능,공공누리 1유형,,,O,,,,,고시·공고,
2165,세종학당재단,HOME > 알림마당 > 채용정보,채용정보,세종학당재단 하반기 직원 채용 공고,https://ksif.or.kr/cop/bbs/selectBoardArticle.do?nttId=92600454&bbsId=BBSMSTR_000000000001&pageIndex=1&menuNo=30101700,2017,유,미부착,,개방 가능,공공누리 1유형,,,O,,,,,고시·공고,
2166,세종학당재단,HOME > 알림마당 > 채용정보,채용정보,2017년 하반기 국외 세종학당 파견 한국어교원 채용 최종 합격자 공고,https://ksif.or.kr/cop/bbs/selectBoardArticle.do?nttId=92600453&bbsId=BBSMSTR_000000000001&pageIndex=1&menuNo=30101700,2017,유,미부착,,개방 가능,공공누리 1유형,,,O,,,,,고시·공고,
2167,세종학당재단,HOME > 알림마당 > 채용정보,채용정보,2017년 하반기 해외 세종학당 파견 한국어교원 신규 채용 면접 심사 합격자 공고,https://ksif.or.kr/cop/bbs/selectBoardArticle.do?nttId=92600447&bbsId=BBSMSTR_000000000001&pageIndex=1&menuNo=30101700,2017,유,미부착,,개방 가능,공공누리 1유형,,,O,,,,,고시·공고,
2168,세종학당재단,HOME > 알림마당 > 채용정보,채용정보,2017년 하반기 세종학당 해외 파견 한국어 교원 서류 심사 합격자 및 면접 심사 안내,https://ksif.or.kr/cop/bbs/selectBoardArticle.do?nttId=92600443&bbsId=BBSMSTR_000000000001&pageIndex=1&menuNo=30101700,2017,유,미부착,,개방 가능,공공누리 1유형,,,O,,,,,고시·공고,
2169,세종학당재단,HOME > 알림마당 > 채용정보,채용정보,2017년 하반기 세종학당 해외 파견 한국어 교원 모집 공고(계약직),https://ksif.or.kr/cop/bbs/selectBoardArticle.do?nttId=92600431&bbsId=BBSMSTR_000000000001&pageIndex=1&menuNo=30101700,2017,유,미부착,,개방 가능,공공누리 1유형,,,O,,,,,고시·공고,
2170,세종학당재단,HOME > 알림마당 > 채용정보,채용정보,세종학당재단 계약직 직원 채용 최종합격자 공고,https://ksif.or.kr/cop/bbs/selectBoardArticle.do?nttId=92600422&bbsId=BBSMSTR_000000000001&pageIndex=1&menuNo=30101700,2017,무,미부착,,개방 가능,공공누리 1유형,,,O,,,,,고시·공고,
2171,세종학당재단,HOME > 알림마당 > 채용정보,채용정보,세종학당재단 계약직 직원 채용 면접시험 안내,https://ksif.or.kr/cop/bbs/selectBoardArticle.do?nttId=92600419&bbsId=BBSMSTR_000000000001&pageIndex=1&menuNo=30101700,2017,유,미부착,,개방 가능,공공누리 1유형,,,O,,,,,고시·공고,
2172,세종학당재단,HOME > 알림마당 > 채용정보,채용정보,세종학당재단 계약직 직원 채용 서류전형 합격자 안내,https://ksif.or.kr/cop/bbs/selectBoardArticle.do?nttId=92600418&bbsId=BBSMSTR_000000000001&pageIndex=1&menuNo=30101700,2017,무,미부착,,개방 가능,공공누리 1유형,,,O,,,,,고시·공고,
2173,세종학당재단,HOME > 알림마당 > 채용정보,채용정보,2017년 세종학당재단 계약직 직원 채용 공고,https://ksif.or.kr/cop/bbs/selectBoardArticle.do?nttId=92600411&bbsId=BBSMSTR_000000000001&pageIndex=1&menuNo=30101700,2017,유,미부착,,개방 가능,공공누리 1유형,,,O,,,,,고시·공고,
2174,세종학당재단,HOME > 알림마당 > 채용정보,채용정보,2017년 세종학당 해외 파견 한국어교원 선발 서류 심사 합격자 및 면접 심사 안내,https://ksif.or.kr/cop/bbs/selectBoardArticle.do?nttId=92600380&bbsId=BBSMSTR_000000000001&pageIndex=1&menuNo=30101700,2016,유,미부착,,개방 가능,공공누리 1유형,,,O,,,,,고시·공고,
2175,세종학당재단,HOME > 알림마당 > 채용정보,채용정보,세종학당재단 계약직·청년인턴 채용  최종합격자 공고,https://ksif.or.kr/cop/bbs/selectBoardArticle.do?nttId=92600377&bbsId=BBSMSTR_000000000001&pageIndex=1&menuNo=30101700,2016,유,미부착,,개방 가능,공공누리 1유형,,,O,,,,,고시·공고,
2176,세종학당재단,HOME > 알림마당 > 채용정보,채용정보,세종학당재단 계약직·청년인턴 채용 1차 면접시험 결과 및 최종면접 안내,https://ksif.or.kr/cop/bbs/selectBoardArticle.do?nttId=92600376&bbsId=BBSMSTR_000000000001&pageIndex=1&menuNo=30101700,2016,유,미부착,,개방 가능,공공누리 1유형,,,O,,,,,고시·공고,
2177,세종학당재단,HOME > 알림마당 > 채용정보,채용정보,세종학당재단 계약직·청년인턴  서류전형 합격자 및 1차 면접시험 안내,https://ksif.or.kr/cop/bbs/selectBoardArticle.do?nttId=92600373&bbsId=BBSMSTR_000000000001&pageIndex=1&menuNo=30101700,2016,유,미부착,,개방 가능,공공누리 1유형,,,O,,,,,고시·공고,
2178,세종학당재단,HOME > 알림마당 > 채용정보,채용정보,세종학당재단 계약직·청년인턴 채용 공고,https://ksif.or.kr/cop/bbs/selectBoardArticle.do?nttId=92600369&bbsId=BBSMSTR_000000000001&pageIndex=1&menuNo=30101700,2016,유,미부착,,개방 가능,공공누리 1유형,,,O,,,,,고시·공고,
2179,세종학당재단,HOME > 알림마당 > 채용정보,채용정보,세종학당재단 정규직 직원 채용 최종합격자 공고,https://ksif.or.kr/cop/bbs/selectBoardArticle.do?nttId=92600367&bbsId=BBSMSTR_000000000001&pageIndex=1&menuNo=30101700,2016,유,미부착,,개방 가능,공공누리 1유형,,,O,,,,,고시·공고,
2180,세종학당재단,HOME > 알림마당 > 채용정보,채용정보,세종학당재단 정규직 직원 채용 1차 면접시험 결과 및 최종면접 안내,https://ksif.or.kr/cop/bbs/selectBoardArticle.do?nttId=92600366&bbsId=BBSMSTR_000000000001&pageIndex=1&menuNo=30101700,2016,유,미부착,,개방 가능,공공누리 1유형,,,O,,,,,고시·공고,
2181,세종학당재단,HOME > 알림마당 > 채용정보,채용정보,세종학당재단 정규직 직원 채용  1차 면접시험 장소 변경 안내,https://ksif.or.kr/cop/bbs/selectBoardArticle.do?nttId=92600364&bbsId=BBSMSTR_000000000001&pageIndex=1&menuNo=30101700,2016,유,미부착,,개방 가능,공공누리 1유형,,,O,,,,,고시·공고,
2182,세종학당재단,HOME > 알림마당 > 채용정보,채용정보,세종학당재단 정규직 직원 채용  1차 면접시험 안내,https://ksif.or.kr/cop/bbs/selectBoardArticle.do?nttId=92600363&bbsId=BBSMSTR_000000000001&pageIndex=1&menuNo=30101700,2016,유,미부착,,개방 가능,공공누리 1유형,,,O,,,,,고시·공고,
2183,세종학당재단,HOME > 알림마당 > 채용정보,채용정보,세종학당재단 정규직 직원 서류전형 합격자 안내,https://ksif.or.kr/cop/bbs/selectBoardArticle.do?nttId=92600362&bbsId=BBSMSTR_000000000001&pageIndex=1&menuNo=30101700,2016,유,미부착,,개방 가능,공공누리 1유형,,,O,,,,,고시·공고,
2184,세종학당재단,HOME > 알림마당 > 채용정보,채용정보,세종학당재단 정규직 직원 채용 공고,https://ksif.or.kr/cop/bbs/selectBoardArticle.do?nttId=92600359&bbsId=BBSMSTR_000000000001&pageIndex=1&menuNo=30101700,2016,유,미부착,,개방 가능,공공누리 1유형,,,O,,,,,고시·공고,
2185,세종학당재단,HOME > 알림마당 > 채용정보,채용정보,세종학당재단 정규직·계약직 직원 채용  최종합격자 공고,https://ksif.or.kr/cop/bbs/selectBoardArticle.do?nttId=92600348&bbsId=BBSMSTR_000000000001&pageIndex=1&menuNo=30101700,2016,유,미부착,,개방 가능,공공누리 1유형,,,O,,,,,고시·공고,
2186,세종학당재단,HOME > 알림마당 > 채용정보,채용정보,세종학당재단 정규직·계약직 직원 채용 최종 면접시험 안내,https://ksif.or.kr/cop/bbs/selectBoardArticle.do?nttId=92600346&bbsId=BBSMSTR_000000000001&pageIndex=1&menuNo=30101700,2016,유,미부착,,개방 가능,공공누리 1유형,,,O,,,,,고시·공고,
2187,세종학당재단,HOME > 알림마당 > 채용정보,채용정보,세종학당재단 정규직·계약직 채용  1차 면접시험 합격자 공고,https://ksif.or.kr/cop/bbs/selectBoardArticle.do?nttId=92600345&bbsId=BBSMSTR_000000000001&pageIndex=1&menuNo=30101700,2016,유,미부착,,개방 가능,공공누리 1유형,,,O,,,,,고시·공고,
2188,세종학당재단,HOME > 알림마당 > 채용정보,채용정보,세종학당재단 정규직·계약직 직원  1차 면접시험 안내,https://ksif.or.kr/cop/bbs/selectBoardArticle.do?nttId=92600338&bbsId=BBSMSTR_000000000001&pageIndex=1&menuNo=30101700,2016,유,미부착,,개방 가능,공공누리 1유형,,,O,,,,,고시·공고,
2189,세종학당재단,HOME > 알림마당 > 채용정보,채용정보,세종학당재단 정규직·계약직 직원  서류전형 합격자 발표 안내,https://ksif.or.kr/cop/bbs/selectBoardArticle.do?nttId=92600334&bbsId=BBSMSTR_000000000001&pageIndex=1&menuNo=30101700,2016,무,미부착,,개방 가능,공공누리 1유형,,,O,,,,,고시·공고,
2190,세종학당재단,HOME > 알림마당 > 채용정보,채용정보,세종학당재단 정규직·계약직 직원 채용 공고,https://ksif.or.kr/cop/bbs/selectBoardArticle.do?nttId=92600327&bbsId=BBSMSTR_000000000001&pageIndex=1&menuNo=30101700,2016,유,미부착,,개방 가능,공공누리 1유형,,,O,,,,,고시·공고,
2191,세종학당재단,HOME > 알림마당 > 채용정보,채용정보,세종학당재단 청년인턴 채용 연장 공고,https://ksif.or.kr/cop/bbs/selectBoardArticle.do?nttId=92600308&bbsId=BBSMSTR_000000000001&pageIndex=1&menuNo=30101700,2016,유,미부착,,개방 가능,공공누리 1유형,,,O,,,,,고시·공고,
2192,세종학당재단,HOME > 알림마당 > 채용정보,채용정보,세종학당재단 무기계약직 직원 채용 공고,https://ksif.or.kr/cop/bbs/selectBoardArticle.do?nttId=92600307&bbsId=BBSMSTR_000000000001&pageIndex=1&menuNo=30101700,2016,유,미부착,,개방 가능,공공누리 1유형,,,O,,,,,고시·공고,
2193,세종학당재단,HOME > 알림마당 > 채용정보,채용정보,세종학당재단 청년인턴 채용 공고,https://ksif.or.kr/cop/bbs/selectBoardArticle.do?nttId=92600303&bbsId=BBSMSTR_000000000001&pageIndex=1&menuNo=30101700,2016,유,미부착,,개방 가능,공공누리 1유형,,,O,,,,,고시·공고,
2194,세종학당재단,HOME > 알림마당 > 채용정보,채용정보,세종학당재단 정규직·계약직 직원 채용 공고,https://ksif.or.kr/cop/bbs/selectBoardArticle.do?nttId=92600288&bbsId=BBSMSTR_000000000001&pageIndex=1&menuNo=30101700,2016,유,미부착,,개방 가능,공공누리 1유형,,,O,,,,,고시·공고,
2195,세종학당재단,HOME > 알림마당 > 채용정보,채용정보,세종학당재단 장애인․계약직․인턴 직원 서류전형 합격자 및 1차 면접시험 안내,https://ksif.or.kr/cop/bbs/selectBoardArticle.do?nttId=92600279&bbsId=BBSMSTR_000000000001&pageIndex=1&menuNo=30101700,2015,유,미부착,,개방 가능,공공누리 1유형,,,O,,,,,고시·공고,
2196,세종학당재단,HOME > 알림마당 > 채용정보,채용정보,세종학당재단 계약직 직원 및 청년 인턴 채용 공고,https://ksif.or.kr/cop/bbs/selectBoardArticle.do?nttId=92600277&bbsId=BBSMSTR_000000000001&pageIndex=1&menuNo=30101700,2015,유,미부착,,개방 가능,공공누리 1유형,,,O,,,,,고시·공고,
2197,세종학당재단,HOME > 알림마당 > 채용정보,채용정보,세종학당재단 장애인 특별 채용 공고,https://ksif.or.kr/cop/bbs/selectBoardArticle.do?nttId=92600276&bbsId=BBSMSTR_000000000001&pageIndex=1&menuNo=30101700,2015,유,미부착,,개방 가능,공공누리 1유형,,,O,,,,,고시·공고,
2198,세종학당재단,HOME > 알림마당 > 채용정보,채용정보,세종학당재단 직원 채용 최종합격자 공고,https://ksif.or.kr/cop/bbs/selectBoardArticle.do?nttId=92600257&bbsId=BBSMSTR_000000000001&pageIndex=1&menuNo=30101700,2015,유,미부착,,개방 가능,공공누리 1유형,,,O,,,,,고시·공고,
2199,세종학당재단,HOME > 알림마당 > 채용정보,채용정보,세종학당재단 정규직·계약직 직원 채용 1차 면접시험 결과 및 최종면접 안내,https://ksif.or.kr/cop/bbs/selectBoardArticle.do?nttId=92600256&bbsId=BBSMSTR_000000000001&pageIndex=1&menuNo=30101700,2015,무,미부착,,개방 가능,공공누리 1유형,,,O,,,,,고시·공고,
2200,세종학당재단,HOME > 알림마당 > 채용정보,채용정보,세종학당재단 정규직·계약직직원 서류전형 합격자 및 1차 면접시험 안내 ,https://ksif.or.kr/cop/bbs/selectBoardArticle.do?nttId=92600255&bbsId=BBSMSTR_000000000001&pageIndex=1&menuNo=30101700,2015,무,미부착,,개방 가능,공공누리 1유형,,,O,,,,,고시·공고,
2201,세종학당재단,HOME > 알림마당 > 채용정보,채용정보,세종학당재단 정규직·계약직 채용 공고,https://ksif.or.kr/cop/bbs/selectBoardArticle.do?nttId=92600250&bbsId=BBSMSTR_000000000001&pageIndex=1&menuNo=30101700,2015,유,미부착,,개방 가능,공공누리 1유형,,,O,,,,,고시·공고,
2202,세종학당재단,HOME > 알림마당 > 채용정보,채용정보,세종학당재단 계약직 직원 채용 최종합격자 공고,https://ksif.or.kr/cop/bbs/selectBoardArticle.do?nttId=92600246&bbsId=BBSMSTR_000000000001&pageIndex=1&menuNo=30101700,2015,유,미부착,,개방 가능,공공누리 1유형,,,O,,,,,고시·공고,
2203,세종학당재단,HOME > 알림마당 > 채용정보,채용정보,세종학당재단 계약직 직원 채용 1차 면접시험 결과 및 최종면접 안내 ,https://ksif.or.kr/cop/bbs/selectBoardArticle.do?nttId=92600245&bbsId=BBSMSTR_000000000001&pageIndex=1&menuNo=30101700,2015,무,미부착,,개방 가능,공공누리 1유형,,,O,,,,,고시·공고,
2204,세종학당재단,HOME > 알림마당 > 채용정보,채용정보,세종학당재단 계약직 직원 서류전형 합격자 및 1차 면접시험 안내 ,https://ksif.or.kr/cop/bbs/selectBoardArticle.do?nttId=92600243&bbsId=BBSMSTR_000000000001&pageIndex=1&menuNo=30101700,2015,무,미부착,,개방 가능,공공누리 1유형,,,O,,,,,고시·공고,
2205,세종학당재단,HOME > 알림마당 > 채용정보,채용정보,세종학당재단 직원 채용 최종합격자 공고,https://ksif.or.kr/cop/bbs/selectBoardArticle.do?nttId=92600242&bbsId=BBSMSTR_000000000001&pageIndex=1&menuNo=30101700,2015,유,미부착,,개방 가능,공공누리 1유형,,,O,,,,,고시·공고,
2206,세종학당재단,HOME > 알림마당 > 채용정보,채용정보,세종학당재단 직원 채용 1차 면접시험 결과 및 최종면접 안내,https://ksif.or.kr/cop/bbs/selectBoardArticle.do?nttId=92600239&bbsId=BBSMSTR_000000000001&pageIndex=1&menuNo=30101700,2015,무,미부착,,개방 가능,공공누리 1유형,,,O,,,,,고시·공고,
2207,세종학당재단,HOME > 알림마당 > 채용정보,채용정보,세종학당재단 계약직 채용 공고,https://ksif.or.kr/cop/bbs/selectBoardArticle.do?nttId=92600238&bbsId=BBSMSTR_000000000001&pageIndex=1&menuNo=30101700,2015,유,미부착,,개방 가능,공공누리 1유형,,,O,,,,,고시·공고,
2208,세종학당재단,HOME > 알림마당 > 채용정보,채용정보,세종학당재단 정규직·계약직·인턴 직원 서류전형 합격자 및 1차 면접시험 안내,https://ksif.or.kr/cop/bbs/selectBoardArticle.do?nttId=92600236&bbsId=BBSMSTR_000000000001&pageIndex=1&menuNo=30101700,2015,무,미부착,,개방 가능,공공누리 1유형,,,O,,,,,고시·공고,
2209,세종학당재단,HOME > 알림마당 > 채용정보,채용정보,세종학당재단 정규직·계약직·인턴 채용 공고,https://ksif.or.kr/cop/bbs/selectBoardArticle.do?nttId=92600231&bbsId=BBSMSTR_000000000001&pageIndex=1&menuNo=30101700,2015,유,미부착,,개방 가능,공공누리 1유형,,,O,,,,,고시·공고,
2210,세종학당재단,HOME > 알림마당 > 채용정보,채용정보,세종학당재단 정규직․계약직 직원 채용 공고,https://ksif.or.kr/cop/bbs/selectBoardArticle.do?nttId=92600180&bbsId=BBSMSTR_000000000001&pageIndex=1&menuNo=30101700,2015,유,미부착,,개방 가능,공공누리 1유형,,,O,,,,,고시·공고,
2211,세종학당재단,HOME > 알림마당 > 채용정보,채용정보,세종학당재단 계약직 직원․청년 인턴 채용 최종합격자 공고,https://ksif.or.kr/cop/bbs/selectBoardArticle.do?nttId=92600178&bbsId=BBSMSTR_000000000001&pageIndex=1&menuNo=30101700,2014,무,미부착,,개방 가능,공공누리 1유형,,,O,,,,,고시·공고,
2212,세종학당재단,HOME > 알림마당 > 채용정보,채용정보,세종학당재단 계약직 직원․청년 인턴 서류전형 합격자 명단 및 인적성검사 ․면접시험 안내,https://ksif.or.kr/cop/bbs/selectBoardArticle.do?nttId=92600177&bbsId=BBSMSTR_000000000001&pageIndex=1&menuNo=30101700,2014,무,미부착,,개방 가능,공공누리 1유형,,,O,,,,,고시·공고,
2213,세종학당재단,HOME > 알림마당 > 채용정보,채용정보,세종학당재단 계약직 직원․청년 인턴 채용 공고,https://ksif.or.kr/cop/bbs/selectBoardArticle.do?nttId=92600175&bbsId=BBSMSTR_000000000001&pageIndex=1&menuNo=30101700,2014,유,미부착,,개방 가능,공공누리 1유형,,,O,,,,,고시·공고,
2214,세종학당재단,HOME > 알림마당 > 채용정보,채용정보,세종학당재단 직원(정규직·계약직·인턴) 채용  최종합격자 공고,https://ksif.or.kr/cop/bbs/selectBoardArticle.do?nttId=92600160&bbsId=BBSMSTR_000000000001&pageIndex=1&menuNo=30101700,2014,유,미부착,,개방 가능,공공누리 1유형,,,O,,,,,고시·공고,
2215,세종학당재단,HOME > 알림마당 > 채용정보,채용정보,세종학당재단 직원 채용 최종 면접 안내,https://ksif.or.kr/cop/bbs/selectBoardArticle.do?nttId=92600158&bbsId=BBSMSTR_000000000001&pageIndex=1&menuNo=30101700,2014,무,미부착,,개방 가능,공공누리 1유형,,,O,,,,,고시·공고,
2216,세종학당재단,HOME > 알림마당 > 채용정보,채용정보,세종학당재단 직원 및 인턴 직원 서류전형 합격자 명단 및 인적성 검사 · 1차 면접 안내,https://ksif.or.kr/cop/bbs/selectBoardArticle.do?nttId=92600155&bbsId=BBSMSTR_000000000001&pageIndex=1&menuNo=30101700,2014,무,미부착,,개방 가능,공공누리 1유형,,,O,,,,,고시·공고,
2217,세종학당재단,HOME > 알림마당 > 채용정보,채용정보,세종학당재단 직원 채용 공고,https://ksif.or.kr/cop/bbs/selectBoardArticle.do?nttId=92600152&bbsId=BBSMSTR_000000000001&pageIndex=1&menuNo=30101700,2014,유,미부착,,개방 가능,공공누리 1유형,,,O,,,,,고시·공고,
2218,세종학당재단,HOME > 알림마당 > 채용정보,채용정보,세종학당재단  청년 인턴 채용 공고,https://ksif.or.kr/cop/bbs/selectBoardArticle.do?nttId=92600151&bbsId=BBSMSTR_000000000001&pageIndex=1&menuNo=30101700,2014,유,미부착,,개방 가능,공공누리 1유형,,,O,,,,,고시·공고,
2219,세종학당재단,HOME > 알림마당 > 채용정보,채용정보,세종학당재단 직원(정규직·계약직·인턴) 채용 최종합격자 공고,https://ksif.or.kr/cop/bbs/selectBoardArticle.do?nttId=92600144&bbsId=BBSMSTR_000000000001&pageIndex=1&menuNo=30101700,2014,유,미부착,,개방 가능,공공누리 1유형,,,O,,,,,고시·공고,
2220,세종학당재단,HOME > 알림마당 > 채용정보,채용정보,세종학당재단 직원 채용 최종 면접 안내 ,https://ksif.or.kr/cop/bbs/selectBoardArticle.do?nttId=92600143&bbsId=BBSMSTR_000000000001&pageIndex=1&menuNo=30101700,2014,무,미부착,,개방 가능,공공누리 1유형,,,O,,,,,고시·공고,
2221,세종학당재단,HOME > 알림마당 > 채용정보,채용정보,세종학당재단 직원 및 인턴 직원 서류전형 합격자 명단 및 인적성 검사 ․ 1차 면접 안내,https://ksif.or.kr/cop/bbs/selectBoardArticle.do?nttId=92600141&bbsId=BBSMSTR_000000000001&pageIndex=1&menuNo=30101700,2014,무,미부착,,개방 가능,공공누리 1유형,,,O,,,,,고시·공고,
2222,세종학당재단,HOME > 알림마당 > 채용정보,채용정보,세종학당재단 청년 인턴 채용 공고,https://ksif.or.kr/cop/bbs/selectBoardArticle.do?nttId=92600138&bbsId=BBSMSTR_000000000001&pageIndex=1&menuNo=30101700,2014,유,미부착,,개방 가능,공공누리 1유형,,,O,,,,,고시·공고,
2223,세종학당재단,HOME > 알림마당 > 채용정보,채용정보,세종학당재단  직원 채용 공고(육아휴직 대체 포함),https://ksif.or.kr/cop/bbs/selectBoardArticle.do?nttId=92600137&bbsId=BBSMSTR_000000000001&pageIndex=1&menuNo=30101700,2014,유,미부착,,개방 가능,공공누리 1유형,,,O,,,,,고시·공고,
2224,세종학당재단,HOME > 알림마당 > 채용정보,채용정보,세종학당재단 계약 직원 및 인턴 직원 채용 최종합격자 공고,https://ksif.or.kr/cop/bbs/selectBoardArticle.do?nttId=92600131&bbsId=BBSMSTR_000000000001&pageIndex=1&menuNo=30101700,2014,무,미부착,,개방 가능,공공누리 1유형,,,O,,,,,고시·공고,
2225,세종학당재단,HOME > 알림마당 > 채용정보,채용정보,세종학당재단 계약직원·인턴 직원 채용 면접 대상자 명단 및 전형 안내,https://ksif.or.kr/cop/bbs/selectBoardArticle.do?nttId=92600129&bbsId=BBSMSTR_000000000001&pageIndex=1&menuNo=30101700,2014,무,미부착,,개방 가능,공공누리 1유형,,,O,,,,,고시·공고,
2226,세종학당재단,HOME > 알림마당 > 채용정보,채용정보,세종학당재단 계약 직원 및 인턴 직원 채용 공고,https://ksif.or.kr/cop/bbs/selectBoardArticle.do?nttId=92600120&bbsId=BBSMSTR_000000000001&pageIndex=1&menuNo=30101700,2014,유,미부착,,개방 가능,공공누리 1유형,,,O,,,,,고시·공고,
2227,세종학당재단,HOME > 알림마당 > 채용정보,채용정보,세종학당재단 직원[계약직] 채용 최종합격자 공고,https://ksif.or.kr/cop/bbs/selectBoardArticle.do?nttId=92600115&bbsId=BBSMSTR_000000000001&pageIndex=1&menuNo=30101700,2014,무,미부착,,개방 가능,공공누리 1유형,,,O,,,,,고시·공고,
2228,세종학당재단,HOME > 알림마당 > 채용정보,채용정보,세종학당재단 직원[계약직] 채용 공고 ,https://ksif.or.kr/cop/bbs/selectBoardArticle.do?nttId=92600108&bbsId=BBSMSTR_000000000001&pageIndex=1&menuNo=30101700,2013,유,미부착,,개방 가능,공공누리 1유형,,,O,,,,,고시·공고,
2229,세종학당재단,HOME > 알림마당 > 채용정보,채용정보,세종학당재단 직원(정규직 및 계약직) 채용 최종합격자 공고,https://ksif.or.kr/cop/bbs/selectBoardArticle.do?nttId=92600107&bbsId=BBSMSTR_000000000001&pageIndex=1&menuNo=30101700,2013,유,미부착,,개방 가능,공공누리 1유형,,,O,,,,,고시·공고,
2230,세종학당재단,HOME > 알림마당 > 채용정보,채용정보,세종학당재단 직원 채용(정규직·계약직) 서류전형 합격자 명단 및 면접시험 안내,https://ksif.or.kr/cop/bbs/selectBoardArticle.do?nttId=92600105&bbsId=BBSMSTR_000000000001&pageIndex=1&menuNo=30101700,2013,무,미부착,,개방 가능,공공누리 1유형,,,O,,,,,고시·공고,
2231,세종학당재단,HOME > 알림마당 > 채용정보,채용정보,세종학당재단 직원(정규직·계약직) 채용 공고,https://ksif.or.kr/cop/bbs/selectBoardArticle.do?nttId=92600098&bbsId=BBSMSTR_000000000001&pageIndex=1&menuNo=30101700,2013,무,미부착,,개방 가능,공공누리 1유형,,,O,,,,,고시·공고,
2232,세종학당재단,HOME > 알림마당 > 채용정보,채용정보,세종학당재단 계약직 직원 채용 최종 합격자 공고,https://ksif.or.kr/cop/bbs/selectBoardArticle.do?nttId=92600089&bbsId=BBSMSTR_000000000001&pageIndex=1&menuNo=30101700,2013,무,미부착,,개방 가능,공공누리 1유형,,,O,,,,,고시·공고,
2233,세종학당재단,HOME > 알림마당 > 채용정보,채용정보,세종학당재단 직원(계약직) 채용 공고,https://ksif.or.kr/cop/bbs/selectBoardArticle.do?nttId=92600081&bbsId=BBSMSTR_000000000001&pageIndex=1&menuNo=30101700,2013,무,미부착,,개방 가능,공공누리 1유형,,,O,,,,,고시·공고,
2234,세종학당재단,HOME > 알림마당 > 채용정보,채용정보,세종학당재단 직원 및 청년인턴 채용 최종 합격자 공고,https://ksif.or.kr/cop/bbs/selectBoardArticle.do?nttId=92600076&bbsId=BBSMSTR_000000000001&pageIndex=1&menuNo=30101700,2013,무,미부착,,개방 가능,공공누리 1유형,,,O,,,,,고시·공고,
2235,세종학당재단,HOME > 알림마당 > 채용정보,채용정보,세종학당재단 기간제 근로자[청년 인턴] 채용 공고 ,https://ksif.or.kr/cop/bbs/selectBoardArticle.do?nttId=92600034&bbsId=BBSMSTR_000000000001&pageIndex=1&menuNo=30101700,2013,무,미부착,,개방 가능,공공누리 1유형,,,O,,,,,고시·공고,
2236,세종학당재단,HOME > 알림마당 > 채용정보,채용정보,세종학당재단 정규직원 채용 공고,https://ksif.or.kr/cop/bbs/selectBoardArticle.do?nttId=92600033&bbsId=BBSMSTR_000000000001&pageIndex=1&menuNo=30101700,2013,무,미부착,,개방 가능,공공누리 1유형,,,O,,,,,고시·공고,
2237,세종학당재단,HOME > 알림마당 > 채용정보,채용정보,세종학당재단 정규직원 채용 최종 합격자 공고,https://ksif.or.kr/cop/bbs/selectBoardArticle.do?nttId=92600016&bbsId=BBSMSTR_000000000001&pageIndex=1&menuNo=30101700,2012,무,미부착,,개방 가능,공공누리 1유형,,,O,,,,,고시·공고,
2238,세종학당재단,HOME > 알림마당 > 채용정보,채용정보,세종학당재단 비정규(단기) 직원 채용 공고,https://ksif.or.kr/cop/bbs/selectBoardArticle.do?nttId=92600015&bbsId=BBSMSTR_000000000001&pageIndex=1&menuNo=30101700,2012,무,미부착,,개방 가능,공공누리 1유형,,,O,,,,,고시·공고,
2239,세종학당재단,HOME > 알림마당 > 채용정보,채용정보,세종학당재단 정규직원 채용 공고,https://ksif.or.kr/cop/bbs/selectBoardArticle.do?nttId=92600009&bbsId=BBSMSTR_000000000001&pageIndex=1&menuNo=30101700,2012,무,미부착,,개방 가능,공공누리 1유형,,,O,,,,,고시·공고,
2240,세종학당재단,HOME > 알림마당 > 행사소식,행사소식,2021 세종학당 비대면 문화인턴,https://ksif.or.kr/cop/bbs/selectBoardArticle.do?nttId=9220000003661&bbsId=BBSMSTR_000000000133&pageIndex=1,2022,유,미부착,,내부확인 필요,공공누리 2~4유형,,,,,O,,,외부이미지 포함(포스터),
2241,세종학당재단,HOME > 알림마당 > 행사소식,행사소식,2021 세종학당 지역별 비대면 워크숍(유럽-중동-아프리카),https://ksif.or.kr/cop/bbs/selectBoardArticle.do?nttId=9220000003432&bbsId=BBSMSTR_000000000133&pageIndex=1,2021,유,미부착,,내부확인 필요,공공누리 2~4유형,,,,,O,,,외부이미지 포함(포스터),
2242,세종학당재단,HOME > 알림마당 > 행사소식,행사소식,2021년 세종학당 운영기관 워크숍,https://ksif.or.kr/cop/bbs/selectBoardArticle.do?nttId=9220000002832&bbsId=BBSMSTR_000000000133&pageIndex=1,2021,유,미부착,,내부확인 필요,공공누리 2~4유형,,,,,O,,,외부이미지 포함(포스터),
2243,세종학당재단,HOME > 알림마당 > 행사소식,행사소식,2021년 세계한국어교육자대회,https://ksif.or.kr/cop/bbs/selectBoardArticle.do?nttId=9220000002737&bbsId=BBSMSTR_000000000133&pageIndex=1,2021,유,미부착,,내부확인 필요,공공누리 2~4유형,,,,,O,O,,"외부이미지, 초상권",
2244,세종학당재단,HOME > 알림마당 > 행사소식,행사소식,2021 세종학당 지역별 비대면 워크숍(아메리카),https://ksif.or.kr/cop/bbs/selectBoardArticle.do?nttId=9220000002713&bbsId=BBSMSTR_000000000133&pageIndex=1,2021,유,미부착,,내부확인 필요,공공누리 2~4유형,,,,,O,,,외부이미지 포함(포스터),
2245,세종학당재단,HOME > 알림마당 > 행사소식,행사소식,2021 세종학당 지역별 비대면 워크숍(아시아-오세아니아),https://ksif.or.kr/cop/bbs/selectBoardArticle.do?nttId=9220000002712&bbsId=BBSMSTR_000000000133&pageIndex=1,2021,유,미부착,,내부확인 필요,공공누리 2~4유형,,,,,O,,,외부이미지 포함(포스터),
2246,세종학당재단,HOME > 알림마당 > 행사소식,행사소식,2021 세종대왕 탄신주간 세종학당 문화캠프,https://ksif.or.kr/cop/bbs/selectBoardArticle.do?nttId=9220000002711&bbsId=BBSMSTR_000000000133&pageIndex=1,2021,유,미부착,,내부확인 필요,공공누리 2~4유형,,,,,O,,,외부이미지 포함(포스터),
2247,세종학당재단,HOME > 알림마당 > 행사소식,행사소식,2021년 세종학당 한국어 말하기·쓰기 대회,https://ksif.or.kr/cop/bbs/selectBoardArticle.do?nttId=9220000002391&bbsId=BBSMSTR_000000000133&pageIndex=1,2021,유,미부착,,내부확인 필요,공공누리 2~4유형,,,,,O,,,외부이미지 포함(포스터),
2248,세종학당재단,HOME > 알림마당 > 행사소식,행사소식,2020 세종학당 한글날 문화마당,https://ksif.or.kr/cop/bbs/selectBoardArticle.do?nttId=9220000002072&bbsId=BBSMSTR_000000000133&pageIndex=1,2020,유,미부착,,내부확인 필요,공공누리 2~4유형,,,,,O,,,외부이미지 포함(포스터),
2249,세종학당재단,HOME > 알림마당 > 행사소식,행사소식,2019 세종학당 한국어 말하기 대회,https://ksif.or.kr/cop/bbs/selectBoardArticle.do?nttId=9220000001750&bbsId=BBSMSTR_000000000133&pageIndex=1,2020,유,미부착,,내부확인 필요,공공누리 2~4유형,,,,,O,,,외부이미지 포함(포스터),
2250,세종학당재단,HOME > 알림마당 > 행사소식,행사소식,2019 세종학당 우수학습자 초청연수,https://ksif.or.kr/cop/bbs/selectBoardArticle.do?nttId=9220000001749&bbsId=BBSMSTR_000000000133&pageIndex=1,2020,유,미부착,,내부확인 필요,공공누리 2~4유형,,,,,O,,,외부이미지 포함(포스터),
2251,세종학당재단,HOME > 알림마당 > 행사소식,행사소식,2019 동남아시아 세종학당 현지 채용 교원 워크숍,https://ksif.or.kr/cop/bbs/selectBoardArticle.do?nttId=9220000001576&bbsId=BBSMSTR_000000000133&pageIndex=1,2020,무,미부착,,내부확인 필요,공공누리 2~4유형,,,,,O,,,외부이미지 포함(포스터),
2252,세종학당재단,HOME > 알림마당 > 행사소식,행사소식,2019 세종학당 운영요원-학당장 아메리카 워크숍,https://ksif.or.kr/cop/bbs/selectBoardArticle.do?nttId=9220000001575&bbsId=BBSMSTR_000000000133&pageIndex=1,2020,무,미부착,,내부확인 필요,공공누리 2~4유형,,,,,O,,,외부이미지 포함(포스터),
2253,세종학당재단,HOME > 알림마당 > 행사소식,행사소식,2019 유라시아 세종학당 현지 채용 교원 워크숍,https://ksif.or.kr/cop/bbs/selectBoardArticle.do?nttId=9220000001574&bbsId=BBSMSTR_000000000133&pageIndex=1,2020,무,미부착,,내부확인 필요,공공누리 2~4유형,,,,,O,,,외부이미지 포함(포스터),
2254,세종학당재단,HOME > 알림마당 > 행사소식,행사소식,2019 세계한국어교육자대회,https://ksif.or.kr/cop/bbs/selectBoardArticle.do?nttId=9220000001019&bbsId=BBSMSTR_000000000133&pageIndex=1,2019,유,미부착,,내부확인 필요,공공누리 2~4유형,,,,,O,,,외부이미지 포함(포스터),
2255,세종학당재단,HOME > 알림마당 > 행사소식,행사소식,2018년 세종학당 우수학습자 초청연수,https://ksif.or.kr/cop/bbs/selectBoardArticle.do?nttId=9220000000525&bbsId=BBSMSTR_000000000133&pageIndex=1,2018,유,미부착,,내부확인 필요,공공누리 2~4유형,,,,,O,,,외부이미지 포함(포스터),
2256,세종학당재단,HOME > 알림마당 > 행사소식,행사소식,2016 세종학당 우수학습자 초청 연수,https://ksif.or.kr/cop/bbs/selectBoardArticle.do?nttId=91600018&bbsId=BBSMSTR_000000000133&pageIndex=1,2017,무,미부착,,내부확인 필요,공공누리 2~4유형,,,,,O,,,외부이미지 포함(포스터),
2257,누리 세종학당,HOME > 교육 > 지침서,지침서,"세종한국어 1, 2 활용 안내",https://nuri.iksi.or.kr/front/cms/contents/layout2/teachingsejong/detail.do?csCmsMastrSeq=5447&menuSn=662,2021,유,공공누리 4유형,,검토 불가,검토 불가,,O,,,,,,로그인 불가,
