Unnamed: 0,Unnamed: 1,Unnamed: 2,Unnamed: 3,Unnamed: 4,Unnamed: 5,Unnamed: 6,Unnamed: 7,Unnamed: 8,Unnamed: 9,Unnamed: 10,Unnamed: 11,Unnamed: 12,Unnamed: 13
,경상남도청 권리처리 목록,,,,,,,,,,,,
,순번,사이트명,카테고리,이름,설명,등록일,영상,사진,문서,기존 공공누리 유형,최종 공공누리 유형,계약서 유무,비고
,1,경상남도청,HOME > 경남소개 > 경남의 역사 > 경남방언사전,경남방언사전,-,-,0,0,2,미부착,개방불가,없음,
,2,경상남도청,HOME > 경남소개 > 경남의 역사 > 경상남도사,경상남도사,-,-,0,0,11,미부착,제3유형,과업지시서,
,3,경남관광 길잡이,HOME > 관광정보 > 근대건축문화유산 > 근대건축문화유산 DB,성구사,"⋅성구사는 초계 변씨의 사당과 강당 동제 서제로 이루어진 서원형식의 제실이다. 사당인 성구사는 1895년, 강당인 도산서당은 1914년, 동?서제인 일신재(日新齊)와 존양재(存養齊)는 1915년에 건축되었다. 모두 근대한옥양식이며 장식 없이 소박하게 처리되었다.
⋅정면 3칸, 측면 1칸의 팔작 지붕 건물
⋅여말 선초 조선의 개창을 반대한 두문동(杜門洞) 72현 중의 한 사람인 변윤(卞贇)과 임진왜란 때 의병을 이끌고 이순신 휘하에서 많은 공을 세우고 장렬히 전사한 변연수(卞延壽), 그의 아들 변립(卞?)을 향사하는 초계(草溪) 변씨(卞氏) 집안의 사우(祠宇)다. 1919년 4월 3일 진동·진전 일대에서 항일운동[4·3 삼진의거]이 일어났을 때 성구사 일원에서 태극기와 독립 선언서를 만드는 등 거사를 모의한 것으로 유명하다. 음력 3월 중정일에는 각처의 유림이 참석하여 춘향(春享)하고, 10월 보름에는 문중에서 향사를 해왔으나, 최근에는 춘향만 모신다.",2018-10-17 00:00:00,0,6,0,자유이용불가,제3유형,과업지시서,
,4,경남관광 길잡이,HOME > 관광정보 > 근대건축문화유산 > 근대건축문화유산 DB,경행재,경행재(景行齊)는 창원지구 안동 권씨문중(安東權氏)의 문화보고였던 회계서원의 지원(支院)격으로 1867년 3월에 건립된 건물이다. 원래 삼량가(三樑架) 형식의 4칸반에 팔작 기와지붕과 우물마루를 갖추었던 본 건물은 1988년 2월의 보수공사 시 누마루가 증축되어 규모가 늘었으나 외관상의 큰 변화 없이 오늘에 이르고 있다.,2018-10-17 00:00:00,0,6,0,자유이용불가,제3유형,과업지시서,
,5,경남관광 길잡이,HOME > 관광정보 > 근대건축문화유산 > 근대건축문화유산 DB,김효동 가옥,"⋅정면은 목조 비늘판벽 마감벽이며, 측벽은 목조판벽으로 현재도 일부 남아 있다.
⋅도로변에서 바로 출입할 수 있도록 출입구를 만들었으며, 박공처리 한 부분과 이중 처마
⋅2층 창아래의 겹처마는 일식풍으로 볼 수 있겠다.
⋅내부 평면은 출입문에서 들어서자마자 오오껜깐과 같은 현관이 있으며, 복도로 내부 방들이 연결되어 있다.
⋅지붕은 일식기와 박공지붕으로 처리되었다.",2018-10-17 00:00:00,0,5,0,자유이용불가,제3유형,과업지시서,
,6,경남관광 길잡이,HOME > 관광정보 > 근대건축문화유산 > 근대건축문화유산 DB,남성동 성당,-,2018-10-17 00:00:00,0,8,0,자유이용불가,제3유형,과업지시서,
,7,경남관광 길잡이,HOME > 관광정보 > 근대건축문화유산 > 근대건축문화유산 DB,지옥주 가옥,"⋅평면 : 1층 – 주택/ 2층 – 창고
⋅구조 : 목조 강판기와 맞배지붕
지붕 : 강판기와 우진각 지붕
⋅의장 및 장식 : 1층-시멘트 몰탈위 타일 마감(외부)
2층-흙벽 위 비늘판벽(2004), 샌드위치 판넬로 보수(현) (외부)
천장 : 종이 평반자",2018-10-17 00:00:00,0,5,0,자유이용불가,제3유형,과업지시서,
,8,경남관광 길잡이,HOME > 관광정보 > 근대건축문화유산 > 근대건축문화유산 DB,당항교회,"외관은 르네상스 양식과 같이 정면을 강조하기 위해 벽을 2층 높이로 쌓고, 중앙에 첨탑을 두었다. 첨탑에는 혹두기 돌림띠의 수평성과 900m×2100m 크기의 긴 원형창의 수직성을 통해 정면성을 강조하고 있다. 출입구 우측에는 1m폭의 계단이 있으며 좌우측에는 소규모 회의실이 있다. 내부는 Nave와 Aisle이 일체화된 일자형을 하고 있고 High Altar 좌우측에는 Double은 방처럼 독립적으로 구성되어 있다.",2018-10-17 00:00:00,0,10,0,자유이용불가,제3유형,과업지시서,
,9,경남관광 길잡이,HOME > 관광정보 > 근대건축문화유산 > 근대건축문화유산 DB,거제성당,"⋅외벽은 화강석으로 조적하고, 내벽은 RC조로 벽체를 구성
⋅지붕은 목재 트러스 위에 슬레이트
⋅종탑을 전면 우측에 두었고, 정면은 박공지붕을 가리는 넓고 높은 수직벽을 배경으로 주출입구의 정면을 막아서는 절곡되어진 수직벽을 RC조로 구성하여, 양 옆으로 출입하도록 하였다.
⋅주출입구 상부에 예수성심상을 조성(1990년)하였고, 그 양 옆의 벽이 버트레스가 되도록 하였다.
⋅측벽은 상하 이중창으로 구성하고, 창 없는 부분의 벽은 돌출하였다. 상부의 돌림띠(cornice)는 2중으로 돌출
⋅전반적으로 단순 외관을 취한 모더니즘적 구성",2018-10-17 00:00:00,0,4,0,자유이용불가,제3유형,과업지시서,
,10,경남관광 길잡이,HOME > 관광정보 > 근대건축문화유산 > 근대건축문화유산 DB,거제초등학교,"⋅평면 : 당초 1, 2층 학교 교사
⋅구조 : 1956년에 건축된 구조는 외벽은 석재 조적조이며, 내벽은 적벽돌 조적조에 1, 2층바닥과 지붕구조는 목조, 외부 석조는 전면 중앙 출입구 상부에 박공입면을 두었고, 2개교사를 돌출하였고, 각 교실사이 외벽에 버팀벽(buttress)을 두었다. 지붕 : 슬레이트, 슬래브
⋅의장 및 장식 : 창문은 상하 인방돌을 돌출하였다.",2018-10-17 00:00:00,0,11,0,자유이용불가,제3유형,과업지시서,
,11,경남관광 길잡이,HOME > 관광정보 > 근대건축문화유산 > 근대건축문화유산 DB,문화배수지,"기계실 건물과 초소가 있으며, 기계실의 평면은 6각형에 낮은 돔을 가지고 상부에 첨탑을 세운 독일 바로크식의 구성을 보여준다. 출입문의 틀은 화강석으로 만들었으며, 상부에 ‘天綠永昌’이라 화강석 현판을 새겨두어 통영터널 구성과 비슷한 이미지를 보여준다.",2018-10-17 00:00:00,0,6,0,자유이용불가,제3유형,과업지시서,
,12,경남관광 길잡이,HOME > 관광정보 > 근대건축문화유산 > 근대건축문화유산 DB,거구장,"⋅평면 : 지상 2층.
⋅구조 : 벽체 : 2층 내부의 상부구조가 일본식 목조의 양식을 잘 보여주는 대표적인 구조. 지붕 : 7량으로 구성했고, 평면의 중앙에 일렬의 고주 기둥을 받침
⋅의장 및 장식 : 박공지붕",2018-10-17 00:00:00,0,7,0,자유이용불가,제3유형,과업지시서,
,13,경남관광 길잡이,HOME > 관광정보 > 근대건축문화유산 > 근대건축문화유산 DB,서호마을회관,"회관은 정면 5칸 측면 3칸, 민도리형식의 3량 팔작지붕 기와집으로 3칸은 대청으로 사용하고 있고, 좌측 퇴칸은 판장으로 벽을 쳐서 방으로 사용하고 있으며, 우측은 심벽을 쳐서 방으로 사용하고 있다. 내부는 평주 위에 긴 대들보를 올려 퇴칸까지 연결하고, 위에 대공을 올려 종도리를 받고 있다.",2018-10-17 00:00:00,0,9,0,자유이용불가,제3유형,과업지시서,
,14,경남관광 길잡이,HOME > 관광정보 > 근대건축문화유산 > 근대건축문화유산 DB,장주복 가옥,"⋅1930년대에 지어졌으며, 최초엔 일본인이 거주하다 해방 후 한국인이 들어와 살았으며, 현재의 집주인(장주복 1920년생, 농협토목기사로 근무)이 1962년도에 이사, 현재까지 소유하고 있음
⋅구 금융조합건물은 현재 주택용도로 개조하여 세를 주고 있음
⋅20여년쯤에 새시창과 문을 수리했다.
⋅세입자가 이사 왔을 당시 8조, 4조 다다미가 있었으나, 현재 걷어내고 온돌로 바꿈
⋅30년 전에는 2층이던 건물을 2층 부분을 걷어내고, 지금의 단층 건물로 개조",2018-10-17 00:00:00,0,7,0,자유이용불가,제3유형,과업지시서,
,15,경남관광 길잡이,HOME > 관광정보 > 근대건축문화유산 > 근대건축문화유산 DB,권용진 가옥,"⋅평면 : 철도관사 중 7등급 관사 / 현관, 방3개, 부엌, 마루, 화장실로 구성
⋅구조 : 일식 목조 가구. 일식평기와 맞배지붕
⋅의장 및 장식 : 외부 – 목조비늘판벽 /내부 - 흙벽 / 천장 - 종이반자",2018-10-17 00:00:00,0,6,0,자유이용불가,제3유형,과업지시서,
,16,경남관광 길잡이,HOME > 관광정보 > 근대건축문화유산 > 근대건축문화유산 DB,(주) 마스터텍,"⋅평면 : 표준설계에 의한 보통역사로 박공지붕의 출입구를 중심으로 대합실과 역무실이 확연히 구분됨. 정면쪽은 도머창이 2개 선로쪽에는 1개가 설치되어 있음
⋅구조 : 목조건물로서 지붕은 박공지붕 형태로 되어 있음
⋅의장 및 양식 : 지붕은 원래 일식 시멘트 기와였으나 보수를 통하여 아스팔트싱글로 교체되었음. 벽면의 설치된 창은 세로로 긴 창으로 오르내리창으로 추정되며, 벽체는 시멘트 몰탈 마감으로 역사(109.66㎡)는 대합실, 역무실(43.5㎡), 매표실(5.4㎡), 부속건물(52.37㎡)로 구성됨",2018-10-17 00:00:00,0,7,0,자유이용불가,제3유형,과업지시서,
,17,경남관광 길잡이,HOME > 관광정보 > 근대건축문화유산 > 근대건축문화유산 DB,아름다운요양원,"⋅평면 : 전면 좌우측에 2개의 창을 설치한 장방형의 간단한 평면형태이며, 현재 내부는 개조되었지만 가운데 중복도를 중심으로 좌우측면에 각 실이 배치되었던 것으로 보임
⋅구조 : 목구조의 건물로 지붕은 우진각 지붕형태를 가지고 있음. 지붕은 일식 시멘트 기와를 사용하였고, 현재는 방수처리가 되어 있음. 외벽 마감은 시멘트 몰탈 마감
⋅의장 및 양식 : 박공지붕 포치를 두고 장주초석 위 배흘림 원주로 구성하여 정면성을 강조하였음",2018-10-17 00:00:00,0,6,0,자유이용불가,제3유형,과업지시서,
,18,경남관광 길잡이,HOME > 관광정보 > 근대건축문화유산 > 근대건축문화유산 DB,창원 소답동 김종영생가,"⋅평면 : 안채는 ㄷ자집으로 정면 5칸, 측면 4칸, 5량집, 아랫채는 정면 3칸, 측면 1칸에 전후 퇴칸, 5량집. 대문채는 정면 3칸, 측면 1칸, 3량집  
⋅구조 : 전형적인 한국식 목조 근대 한옥임. 지붕은 한식기와를 사용하였고 사랑채, 안채, 대문채의 지붕은 모두 팔작지붕임
⋅의장 및 양식 : 전후퇴가 발달한 평면 형식과 구조 및 각부 장식에서 근대 한옥의 특징을 잘 보여주고 있음. 문은 일식 띠살문으로 이중으로 되어 있으며, 안채에 완자무늬 광창이 전체적으로 설치되어 있음. 부엌 위에 다락과 같은 수납공간이 있으며, 기단은 석축기단으로 모따기하여 하였으며, 초석은 숙석으로 마름모꼴 형태임",2018-10-17 00:00:00,0,5,0,자유이용불가,제3유형,과업지시서,
,19,경남관광 길잡이,HOME > 관광정보 > 근대건축문화유산 > 근대건축문화유산 DB,창원 소답동 김종영생가 사미루,"⋅평면 : 김종영 생가 별당의 대문채에 해당하는 사미루는 정면 3칸, 측면 1칸의 솟을대문으로, 어칸 상부에 공루(空樓)를 꾸민 형태. 평면은 키 큰 판문이 달린 어칸이 대문간이고, 그 좌측에 온돌방, 우측에 장마루를 시설한 고방과 화장실이 위치. 우측 고방 한편에 공루로 오르내리기 위한 목조 계단이 있음
⋅구조 : 전형적인 한국식 목조 근대 한옥임. 지붕은 한식기와를 사용하였고 팔작지붕임
⋅의장 및 양식 : 전후퇴가 발달한 평면 형식과 구조 및 각부 장식에서 근대 한옥의 특징을 잘 보여주고 있음",2018-10-17 00:00:00,0,5,0,자유이용불가,제3유형,과업지시서,
,20,경남관광 길잡이,HOME > 관광정보 > 근대건축문화유산 > 근대건축문화유산 DB,창원의집 사랑채,"⋅평면 : 안채와 사랑채가 나란히 배치되어 있고, 그 앞에는 중문채와 대문채가 있다음. 안채는 정면 6칸, 측면 1.5칸의 규모이며 정지와 온돌방, 대청으로 구성되어 있음. 사랑채는 정면 4칸, 측면 1칸의 규모에 온돌방과 대청으로 구성되어 있음. 각 방 전면은 머름을 설치하고 상부에 2분합 세살문을 달았음. 문 상부에는 교살 광창이 설치되어 있음
⋅구조 : 장대석으로 외벌대로 쌓은 기단위에 가공한 초석을 올렸고, 기둥은 원주와 각주를 혼용하였음. 가구 형식은 5량가로 홑처마 팔작지붕형식으로 암수막새를 사용
⋅의장 및 양식 : 소로로 수장한 소로 수장집임. 툇마루 하부는 벽돌쌓기로 조성됨",2018-10-17 00:00:00,0,7,0,자유이용불가,제3유형,과업지시서,
,21,경남관광 길잡이,HOME > 관광정보 > 근대건축문화유산 > 근대건축문화유산 DB,창원역 관사,"⋅평면 : 창원역장 관사는 목조 1층으로 창원역을 바라보며 대지의 왼편에 있음. 6호 관사는 붉은 벽돌로 외벽을 쌓고, 목조로 내부를 마무리하였고, 3호 관사는 목조 비늘판벽으로 벽체를 구성함. 마산역 관사와 같은 재료와 유사한 형태로, 이는 표준설계에 의해 건립된 것임을 보여주고 있음.
⋅구조 : 3개의 건물 모두 1층 목조 주택으로 일식기와 지붕 잇기로 구성되어 있음
⋅의장 및 양식 : 각 건물의 전체적인 외향은 일식 가옥의 형태를 하고 있음. 창원역장 관사와 6호 관사의 경우 시멘트 몰탈로 마감하였음. 3호관사는 비닐판벽의 외부 마감을 유지하고 있었고 측벽의 한 부분은 붉은 벽돌로 마감하였음",2018-10-17 00:00:00,0,4,0,자유이용불가,제3유형,과업지시서,
,22,경남관광 길잡이,HOME > 관광정보 > 근대건축문화유산 > 근대건축문화유산 DB,하금단천교,"⋅평면 : 단선으로 구성
⋅구조 : 교각은 사다리꼴 형태의 콘크리트 구조물임. 철교는 침목이 78개로 구성되어 있음
⋅의장 및 양식 : 철판으로 I형의 거더를 만들고 양 거더를 브레이싱으로 결구한 판형교임. 교량 총연장은 22.7m로 경간은 9.14m×3개",2018-10-17 00:00:00,0,7,0,자유이용불가,제3유형,과업지시서,
,23,경남관광 길잡이,HOME > 관광정보 > 근대건축문화유산 > 근대건축문화유산 DB,창원터널,"⋅평면 : 단선으로 되어 있음
⋅구조 : 철근콘크리트로 구성되어 있음
⋅의장 및 양식 : 터널형태는 말굽형임. 구분은 일반터널",2018-10-17 00:00:00,0,6,0,자유이용불가,제3유형,과업지시서,
,24,경남관광 길잡이,HOME > 관광정보 > 근대건축문화유산 > 근대건축문화유산 DB,성지여자고등학교,"현재 성지여자 고등학교 교사동으로 지어질 당시에는 석조 2층의 건물이었으나 현재는 석조 및 벽돌조 증축되어 3층 규모이다. 1952년과 1956년의 졸업식 사진을 보면 당시에는 2층의 석조 건물임을 알 수 있고, 아연스레트 지붕을 3층으로 증축하면서 슬래브로 변경하였다. 배면의 사진을 보면 2층과 3층의 돌색깔이 달라 증축한 것을 알 수 있으며 창은 예전 그대로인 것으로 판단되며, 아치형으로 상인방을 두었다. 평면형태는 운동장(남)측으로 교실을 두고, 반대(북)측으로 복도를 두고 있는 편복도형식의 교사이다.",2018-10-17 00:00:00,0,6,0,자유이용불가,제3유형,과업지시서,
,25,경남관광 길잡이,HOME > 관광정보 > 근대건축문화유산 > 근대건축문화유산 DB,성지여고 명상실,"⋅정면에 형식에 가까운 장미창(rose window)이 있으며, 박공 부분에 종탑을 달아 전체적으로는 로마네스크풍의 성당이다.
⋅제대가 놓이는 부분은 5각형의 평면으로 석조제대를 놓았던 흔적이 아직도 그대로 있고, 지붕은 모임지붕으로 처리했다.
⋅바닥은 마루바닥으로 2, 3번의 교체 및 수리가 있었던 것으로 보여진다.
⋅천장은 반원형 형태로 석회벽으로 마무리했으며, 목재 리브를 두고 있다. 상부구조는 목재 박공지붕틀에 아연 골스레트로 마감하고 있다. ",2018-10-17 00:00:00,0,7,0,자유이용불가,제3유형,과업지시서,
,26,경남관광 길잡이,HOME > 관광정보 > 근대건축문화유산 > 근대건축문화유산 DB,구 마산헌병분견대,"⋅평면 : 4단의 계단으로 시작되는 정면 중앙 출입구를 중심으로 좌우에 사무실을 둔 동서 장방형 구조 / 우측 지하실은 최조실로 사용, 당시 중복도 형식으로 되어 있었으며, 현재 출입구 우측편의 사무장실 끝에 지하로 내려가는 계단이 있었던 것으로 추정됨
⋅구조 : 마구리 쌓기와 길이 쌓기를 번갈아 놓은 적벽돌의 외벽(영식쌓기한 벽돌조), 목조트러스로 구성한 우진각의 간소한 기와지붕은 일식기와 잇기의 모임지붕으로 다양한 벽체와는 달리 단순함.
⋅의장 및 장식 : 정면은 출입구를 중심으로 양측에 3개씩의 창이 대칭을 이루고 있어 헌병대로서의 권위와 위엄을 강조, 출입구와 창은 상부에 아치를 두었고, 하부에는 인방을 따로 두고 있으며, 벽면은 5줄의 다른색 띠벽돌을 둘러 변화, 화강석 하인방과 상단 벽돌 아치의 중앙 갓돌(capstone, 冠石)로 장식된 직사각형의 오르내리창",2018-10-17 00:00:00,0,8,0,자유이용불가,제3유형,과업지시서,
,27,경남관광 길잡이,HOME > 관광정보 > 근대건축문화유산 > 근대건축문화유산 DB,신흥동 공장 (철거 또는 멸실),"⋅공장은 철근콘크리트 구조 단층건물로 일식기와 잇기한 박공지붕 형식이며, 우측면 상부 박공부분은 슬레이트로 마감되었음
⋅공장은 부지 한가운데 위치하고 있으며, 중앙에 벽돌조 굴뚝이 높이 솟아 있음.
⋅창호는 알류미늄 샷시가 설치되어있으며 내부 천정은 트러스구조로 구성되어 있음.
⋅주변의 주택과 점포는 2층 목조로 지어졌으나, 현재 조적으로 개축된 상태이며, 지붕은 일식기와로 이어져 있음
⋅주택들은 좁은 출입구를 지나 중정에 긴 복도에 연결된 협소한 방들로 구성되어 있음.",2018-10-17 00:00:00,0,4,0,자유이용불가,제3유형,과업지시서,
,28,경남관광 길잡이,HOME > 관광정보 > 근대건축문화유산 > 근대건축문화유산 DB,산호동 창고,"⋅벽면은 시멘트 벽돌을 쌓고 미장한 후 수성페인트로 마감하였고, 지붕은 박공지붕으로 일식시멘트기와 잇기로 되어있음.
⋅창고건물은 크게 3동으로 나뉘어 있으며, 1동은 카센터를 운영 하였고, 나머지 2동은 창고의용도로 사용되었으며, 현재는 3개동 모두 창고로 사용 중임. 모두 장방형의 긴 직사각형평면으로 창고 용도로 간략한 평면 형태임.",2018-10-17 00:00:00,0,6,0,자유이용불가,제3유형,과업지시서,
,29,경남관광 길잡이,HOME > 관광정보 > 근대건축문화유산 > 근대건축문화유산 DB,장군동 주택,"⋅목조 단층주택으로 도로변에 출입구를 낸 일반적인 형태의 주택이다. 현재는 출입구가 돌아서 뒤편으로 출입하게 되어 있었다.
⋅뒷벽은 세로 비늘판벽에 회칠로 마감한 벽이 그대로 보이고, 앞벽은 현재 시멘트 몰탈로 마감한 상태이다.
⋅처마는 이중처마로 직선적이며, 처마의 장식철물이 이채롭다.",2018-10-17 00:00:00,0,8,0,자유이용불가,제3유형,과업지시서,
,30,경남관광 길잡이,HOME > 관광정보 > 근대건축문화유산 > 근대건축문화유산 DB,박영철 가옥,"⋅목조 단층주택으로 도로변에 출입구를 낸 일반적인 형태의 주택이다. 현재는 출입구가 돌아서 뒤편으로 출입하게 되어 있었다.
⋅뒷벽은 세로 비늘판벽에 회칠로 마감한 벽이 그대로 보이고, 앞벽은 현재 시멘트 몰탈로 마감한 상태이다.
⋅처마는 이중처마로 직선적이며, 처마의 장식철물이 이채롭다.",2018-10-17 00:00:00,0,3,0,자유이용불가,제3유형,과업지시서,
,31,경남관광 길잡이,HOME > 관광정보 > 근대건축문화유산 > 근대건축문화유산 DB,마산역 관사,"목조 및 일부 연와조로 맞배지붕은 일식개량 기와를 사용한 나가야 형태의 주택이였으나 현재는 경량철재골함석기와로 보수되어있음. 이런 형태는 창원역 관사와 유사한 형태로 마산역과 가까운 위치에 있어, 마산역의 관사로 추정됨. 2동의 나가야 건물이 있었으며, 창원역보다는 큰 역이었으므로 6호관사 2동 이었을 것으로 판단됨.",2018-10-17 00:00:00,0,3,0,자유이용불가,제3유형,과업지시서,
,32,경남관광 길잡이,HOME > 관광정보 > 근대건축문화유산 > 근대건축문화유산 DB,권반산 가옥 (철거 또는 멸실),"⋅현재 벽체는 몰탈 뿜칠로 마감한 상태이며, 출입구 부분과 우측면에는 1970년대 초에 유행했던 타일로 마감하였다. 출입구와 각 창에는 상인방처럼 처마를 따로 두고 있는 것이 특징이다.
⋅창은 목조 그대로이며, 1층의 창은 팔각형으로 중국의 창을 모방한 것으로 판단된다. 내부는 식당으로 완전 개조된 상태이다.",2018-10-17 00:00:00,0,4,0,자유이용불가,제3유형,과업지시서,
,33,경남관광 길잡이,HOME > 관광정보 > 근대건축문화유산 > 근대건축문화유산 DB,이오정 식당,"⋅블록조로 내부에는 목재로 마감하였고, 외부는 몰탈 뿜칠로 마감하였다.
⋅숙석기단을 사용하였으며, 증축된 부분에도 숙석이 있어 당시 한 채의 가옥으로 보여진다.
⋅창에 상인방과 하인방이 그대로 나타나 있으며, 목재 오르내리창이다.",2018-10-17 00:00:00,0,4,0,자유이용불가,제3유형,과업지시서,
,34,경남관광 길잡이,HOME > 관광정보 > 근대건축문화유산 > 근대건축문화유산 DB,김광호 가옥,"⋅평면 및 구조 : 다다미방, 주방, 화장실, 복도 등 평면과 목조 구조와 지붕의 형태 등이 내외부 모두 전형적인 일본식 주택의 모습으로 대체로 원형을 유지하고 있음. 출입구는 포치를 구성하는 등 각 공간마다 지붕의 위계를 달리 하여 리듬감 있는 주택을 형성함. 지붕은 일식 시멘트 기와를 사용함. 본채 외에 목조 1층의 창고(99.17㎡)와 물치 (26.45㎡), 목조 1층 주택(51.27㎡)이 있으며, 13.22㎡의 부속건물이 있음.
⋅의장 및 양식 : 창호의 경우 다양한 형태의 목재창호를 설치하였고, 일부는 덧창과 나무함을 같이 설치하고 나무함을 다시 몰탈로 감싸 매스를 강조함. 지상 2층으로 외벽은 몰탈 뿜칠로 마감하였음. 또한 화강석을 이용하여 견치석 쌓기한 축대 위에 붉은 벽돌을 쌓아 만든 담장이 웅장하고 특색있음.",2018-10-17 00:00:00,0,4,0,자유이용불가,제3유형,과업지시서,
,35,경남관광 길잡이,HOME > 관광정보 > 근대건축문화유산 > 근대건축문화유산 DB,지성철학관,"⋅측면은 목조 비늘판벽이 남아있으나 정면은 시멘트 몰탈 뿜칠로 마감된 상태이다. 처마와 같은 높이로 2층으로 가는 계단을 위해 처마를 따로 설치해 두었다.
⋅창문 및 실내 부재와 천장 등이 일식주택임을 보여주고 있다.
⋅2층의 지붕은 모임지붕으로 일식기와를 얹었다. 2층으로 가는 계단이 실내에 있지 않고, 외부로 와서 올라가는 특이한 형태를 구성하고 있다.",2018-10-17 00:00:00,0,3,0,자유이용불가,제3유형,과업지시서,
,36,경남관광 길잡이,HOME > 관광정보 > 근대건축문화유산 > 근대건축문화유산 DB,남성동 상가,"⋅2층 건물로 층단지붕형식을 구성하여 상부 지붕은 일식시멘트기와 잇기를 한 팔작지붕집으로 현재 경량철재함석기와로 번와하고 처마끝에 우수받이를 설치하였음.
⋅전면 외벽은 목조 위 몰탈 뿜칠로 마감하였으나, 배면의 외벽은 목조 비늘판벽이 그대로보존되어 있음. 2층 창문은 오르내리창 또한 그대로 남아 있으며, 내부 평면(2층)은‘ㄱ’자로 꺾인 부분에 장지문(후스마)로 연결된 방 2칸이 있음",2018-10-17 00:00:00,0,3,0,자유이용불가,제3유형,과업지시서,
,37,경남관광 길잡이,HOME > 관광정보 > 근대건축문화유산 > 근대건축문화유산 DB,월견교,"⋅1910년대의 마산거리 풍경 사진과 비교하여 볼 때 현재 월견교의 형태와 똑같음을 알 수 있다.
⋅교량의 형태는 아래에 있는 무학교와 비슷한 형태이며, 길이와 폭도 비슷하다. 단지 월견교는 구배가 없는 평편한 교량이다.
⋅난간 기둥 일부와 글씨가 훼손되었다.",2018-10-17 00:00:00,0,6,0,자유이용불가,제3유형,과업지시서,
,38,경남관광 길잡이,HOME > 관광정보 > 근대건축문화유산 > 근대건축문화유산 DB,용담터널,"경전선(당시 진주선)이며, 터널형태는 말굽형이다. 구분은 일반터널이며, 종별은 기타터널이다.",2018-10-17 00:00:00,0,3,0,자유이용불가,제3유형,과업지시서,
,39,경남관광 길잡이,HOME > 관광정보 > 근대건축문화유산 > 근대건축문화유산 DB,마산 봉암수원지,"⋅본 수도의 본원지는 府外 창원면 반룡산(팔용산) 계곡에 설치된 저수지로서 댐은 석축 콘크리트조, 제방 높이 20.2m, 제방길이 73m, 유효수심 15.5m, 수면적 61,000㎡, 저수량 383,000㎥이다. 댐은 반원형의 취수탑을 가지고 있으며, 상중하 3단의 취수구가 이어 이곳에서 府內 자산동 정수장까지 수도관 주철관경 3,000mm, 연장 6,100m를 부설하였다. 정수장에는 양수정과 침전지 그리고 물의 흐름을 느리게 하는 완속지 및 배수지를 설치했다. 침전지는 철근콘크리트조 3조, 용량 1,215㎥, 완속지는 2곳에서 546㎥를 통과하게 하고 염소멸균하여 배수지에 저류한다. 배수지는 철근콘크리트조 2곳 1,413㎥이다. 배수관은 주철관을 사용하고, 본 관경은 300mm이며, 총 연장 22,407m로 되어 있다.
⋅돌을 정사각형으로 반듯하게 가공하여 돌과 돌 사이에는 시멘트 몰탈로 충진하여 쌓은 댐형식이다.
⋅댐을 막은 부분은 큰 바위가 있어 좁고, 깊은 곳에 설치하여 공사비나 공사기간을 줄였던 것으로 판단되며, 물은 반원아치형의 구멍을 두어 자연적으로 물이 넘치도록 하였다.",2018-10-17 00:00:00,0,7,0,자유이용불가,제3유형,과업지시서,
,40,경남관광 길잡이,HOME > 관광정보 > 근대건축문화유산 > 근대건축문화유산 DB,창원천 축대,"일식 석축 쌓기방식으로 정사각형의 돌을 다이아몬드형으로 쌓아올린 축대임. 지금은 찰쌓기로 시멘트 몰탈을 사용했지만 당시에는 시멘트 몰탈을 사용하지 않고, 일정한 석재를 다듬어 틈이 없이 쌓아 올린 것이 특색임.",2018-10-17 00:00:00,0,4,0,자유이용불가,제3유형,과업지시서,
,41,경남관광 길잡이,HOME > 관광정보 > 근대건축문화유산 > 근대건축문화유산 DB,마산 어시장,"현재 마산 어시장은 신포 2가, 남성동, 동성동 권역을 포함해 약 5만 7,400평 가까운 터를 확보하고 있음. 총 점포수도 2,000여 업소에 달하고 취급하는 품목도 수산물 도·소매, 건어물, 채소류 등으로 다양함.",2018-10-17 00:00:00,0,3,0,자유이용불가,제3유형,과업지시서,
,42,경남관광 길잡이,HOME > 관광정보 > 근대건축문화유산 > 근대건축문화유산 DB,3.15 의거 기념비,"⋅4.19혁명의 도화선이 된 3,15혁명을 기념하기 위해 만들어진 철근콘크리트 구조의 근대양식의 조각품으로 외부 마감은 화강석 판석붙임 공법으로 이루어짐.
⋅탑의 높이는 12m, 탑의 둘레는 10.8m 이며, 탑문에는 이광석(李光碩)이라는 글자가 새겨져 있으며, 전면 우측에 청동 동상이 조성되어 있음.
⋅학생, 시민이 궐기하는 동상이 있고 기념비가 있으며 역사유적을 그대로 보존하고 있음.",2018-10-17 00:00:00,0,8,0,자유이용불가,제3유형,과업지시서,
,43,경남관광 길잡이,HOME > 관광정보 > 근대건축문화유산 > 근대건축문화유산 DB,충혼탑,"⋅철근콘트리트조 및 화강석으로 시공되어 있음.
⋅용마산 산호공원 내에 위치하고 있으며, 한국전쟁 때 나라를 위하여 목숨을 바친 마산출신의 호국영령 1,652명과 유족들을 위로하기 위하여 건립한 탑.
⋅탑신에는 조인규가 쓴 ‘忠魂(충혼)’이라는 두 자와 탑문이 새겨져 있으며, 인근에는 도서관과 시비가 함께 있음.
⋅기단 위에 충혼탑이 있으며, 그 뒤로 충혼제를 지내는 제실이 증축되었음.",2018-10-17 00:00:00,0,5,0,자유이용불가,제3유형,과업지시서,
,44,경남관광 길잡이,HOME > 관광정보 > 근대건축문화유산 > 근대건축문화유산 DB,위암 장지연 묘소,"현동초등학교 뒤 독뫼산에 자리잡고 있다. 묘 2기와 비석이 있고, 입구에는 표지석과 장지연 선생 일대기 비석이 있다.",2018-10-17 00:00:00,0,5,0,자유이용불가,제3유형,과업지시서,
,45,경남관광 길잡이,HOME > 관광정보 > 근대건축문화유산 > 근대건축문화유산 DB,마산화교소학교,내부에 작은 정원이 있고 건물은 ㄷ자 형태. 현재는 사용하지 않고 있으며 출입구는 잡겨 있는 상태임,2018-10-17 00:00:00,0,4,0,자유이용불가,제3유형,과업지시서,
,46,경남관광 길잡이,HOME > 관광정보 > 근대건축문화유산 > 근대건축문화유산 DB,두월동주택,외벽을 제외한 지붕 등은 개보수를 거친 상태임,2018-10-17 00:00:00,0,7,0,자유이용불가,제3유형,과업지시서,
,47,경남관광 길잡이,HOME > 관광정보 > 근대건축문화유산 > 근대건축문화유산 DB,선통물,국군통합병원이 있던 자리에 아파트 단지가 생기면서 공원내부에 위치,2018-10-17 00:00:00,0,3,0,자유이용불가,제3유형,과업지시서,
,48,경남관광 길잡이,HOME > 관광정보 > 근대건축문화유산 > 근대건축문화유산 DB,팔의사 창의탑,석조기념구조물,2018-10-17 00:00:00,0,5,0,자유이용불가,제3유형,과업지시서,
,49,경남관광 길잡이,HOME > 관광정보 > 근대건축문화유산 > 근대건축문화유산 DB,갈릴리 교회,"⋅교회건물은 화강석 바른층쌓기로 외부 마감처리하였으며, 출입구 상부 광창 및 측면 창호는아치형으로 구성하고 박공지붕구조로 함석으로 마감함
⋅교회당의 낡은 종탑은 전형적인 옛 교회당 모습으로, 뛰어난 예술적인 아름다움은 없지만 돌로 지어진 교회당은 요즘 교회에서 맛볼 수 없는 정결함과 고풍스러움을 느낄 수 있음.
⋅회색빛 교회당 벽면을 타고 담쟁이 넝쿨이 우거져있고, 앞마당을 가로지르면 작은 연못이 보이며. 내부 마당은 정원으로 조성하였음.
⋅예배당 안은 집회공간으로 직사각형의 통구조로 간결하고, 내부 마감은 거친 벽면과 천장으로 이루어져있으며, 강단은 최근에 리모델링을 함. 정문 입구 위의 둥근 창은 강단쪽으로 빛을 비추도록 했으며, 바깥에서는 십자가로 보이도록 하였음.",2018-10-17 00:00:00,0,5,0,자유이용불가,제3유형,과업지시서,
,50,경남관광 길잡이,HOME > 관광정보 > 근대건축문화유산 > 근대건축문화유산 DB,황강수 가옥,"⋅구조: 목조구조 7량가의 중층 맞배형식으로 기와는 시멘트S형기와, 기와형 함석, 골함석지붕으로 개축되어 있음. 전면에는 시멘트구조의 건물이 덧붙여있으며, 우측면의 건물은 단층으로 각연을 사용하고 개판을 수평으로 깔아 상부에 지붕을 구성하였는데 현재는 골함석으로 개량함.
⋅배면의 경우 단층건물이 중층건물과 덧붙여 스레트 경사지붕으로 되어있고. 벽체의 경우 심벽으로 구성되어 있으며, 일부 스레트로 외벽을 방수 보강함. 내부 천정은 반자를 설치하고 도배 마감함",2018-10-17 00:00:00,0,4,0,자유이용불가,제3유형,과업지시서,
,51,경남관광 길잡이,HOME > 관광정보 > 근대건축문화유산 > 근대건축문화유산 DB,산호동 노씨주택,"넓은 정원을 가진 일제시대 주택으로, 시멘트 블럭 쌓기 후 몰탈미장마감으로 외벽을 구성하고 있음, 2층의 전면 부에는 붉은 별돌로 마감되어 있으며, 목재창호는 원형이 잘 보존되어 있음. 지붕은 일식시멘트기와 잇기를 하였으며 외부 3개의 굴뚝은 붉은 벽돌로 구성되어있어 내부 벽난로 등이 설치되어있을 것으로 판단됨. 전면 2층 상부에는 지붕창이 설치되어 있음.",2018-10-17 00:00:00,0,6,0,자유이용불가,제3유형,과업지시서,
,52,경남관광 길잡이,HOME > 관광정보 > 근대건축문화유산 > 근대건축문화유산 DB,화천기업,"⋅조적식 2층 구조로 시멘트 블럭으로 벽체를 구성한 박공지붕형식으로 여타 건물과 다르게
⋅1층에 따로 처마를 두지 않고 출입구 상부에 캔틸레버식으로 처마가 구성되어 있음.
⋅건물의 2층 전면에는 세로로 긴 창문을 설치하고 후면에는 목재창으로 벽면을 구성하였으며, 상부 배면의 창문 외부 위에는 겹지붕이 설치되어 있음.
⋅2층 내부에는 심벽으로 상부내실을 구성하고 있으며, 우물반자가 설치되어있음.
⋅건물 후면에 단층으로 된 주거공간이 있으며, 또한 포치형식의 출입구가 박공형태로 덧 달려 있음.",2018-10-17 00:00:00,0,5,0,자유이용불가,제3유형,과업지시서,
,53,경남관광 길잡이,HOME > 관광정보 > 근대건축문화유산 > 근대건축문화유산 DB,낙동양조장,"철근 콘크리트조 건물로 1층은 양조장으로 3개의 출입구를 측면 벽면에 설치하였고, 옥상은평슬라브로 구성되어있음. 옥상에는 8m 정도의 붉은벽돌의 원형 굴뚝이 높이 설치되어 있음.",2018-10-17 00:00:00,0,5,0,자유이용불가,제3유형,과업지시서,
,54,경남관광 길잡이,HOME > 관광정보 > 근대건축문화유산 > 근대건축문화유산 DB,김인태 가옥 축대,"⋅해당부지는 경사지세 내 평탄하게 조성된 사다리형 토지이며, 자연석을 다듬어 허튼층 쌓기로 올린 축대로, 크기가 일정하지 않은 석재를 다듬어 틈이 없이 쌓아 올린 것이 특징이다.
⋅축대는 담쟁이덩굴과 측백나무로 둘러싸여 있으며, 부지 내에는 일제시대에 식재된 것으로 추측되는 밤나무와 향나무들이 식재되어 있다.",2018-10-17 00:00:00,0,2,0,자유이용불가,제3유형,과업지시서,
,55,경남관광 길잡이,HOME > 관광정보 > 근대건축문화유산 > 근대건축문화유산 DB,부림동 점포주택,"⋅1939년에 건립 당시 지상 2층의 목조건물이었으나, 벽면을 시멘트벽돌로 보수한 후 시멘트몰탈 뿜칠한 것으로 보임. 지붕은 꺾인지붕으로 골함석으로 마감되어있고, 층단지붕으로 구성되어 있음. 상부 처마끝에는 우수받이를 설치하였으며 하부 처마는 철재골함석기와로 구성되어있음.
⋅1층은 두 개의 공간으로 구획되어 있고 2층은 주거 목적으로 지어졌으며 내부 복도는 마루널을 깔았음.",2018-10-17 00:00:00,0,6,0,자유이용불가,제3유형,과업지시서,
,56,경남관광 길잡이,HOME > 관광정보 > 근대건축문화유산 > 근대건축문화유산 DB,대구철물상사,"⋅1층은 철근콘크리트조로 상부에 슬래브를 구성하고 상부 2층은 시멘트 벽돌조 지어졌음.
⋅지붕은 현재 팔작지붕형식과 맞배지붕형식 등 복합 형식으로 주변 건물로 인하여 개보수시변형된 것으로 보임.
⋅지붕 마감은 아연함석으로 마감되어있으며 처마 끝에는 우수받이를 설치하였고. 처마하부에는 널판으로 마감하였음. 벽면은 판장벽으로 장식하고 중층건물로 층단지붕을 구성한 하부 입구전면에 처마가 설치되는 등 일식풍 양식을 보여주고 있음.
⋅2층은 내부 나무계단으로 연결되어있으며, 2층 천장은 반자를 구성하였음.",2018-10-17 00:00:00,0,4,0,자유이용불가,제3유형,과업지시서,
,57,경남관광 길잡이,HOME > 관광정보 > 근대건축문화유산 > 근대건축문화유산 DB,대성냉동설비공사,"⋅병원 목적으로 지어진 3층 건물로 상층으로 가면서 계단형식을 보여주며 하층 상부를 마당공간으로 활용하여 정원을 조성하고 있음.
⋅각층의 기둥은 거친화강석 붙임공법으로 외부마감을 하고 벽체는 시멘트 몰탈 뿜칠로 장식되어있음.
⋅1층 내부는 현재 집기들을 쌓아두고 있으며, 내부 좌측에 집무실로 공간이 분리되어 있음.
⋅내부 천장은 상부 슬래브와 보가 노출되어 있으며, 2층은 산후조리실로 이용 된 것으로 사료되며, 3층에는 주거공간이 있음.
⋅건물의 2층 일부분에는 정원을 조성하고 있으며 정원부분에 현관 천장을 길게 내어 원기둥으로 받치고 있음. 2층 창호는 이중여닫이창으로 상부에 광창을 두었음.",2018-10-17 00:00:00,0,4,0,자유이용불가,제3유형,과업지시서,
,58,경남관광 길잡이,HOME > 관광정보 > 근대건축문화유산 > 근대건축문화유산 DB,마산어시장 영남상회,"⋅구조: 1958년 건립된 목조 중층건물이며 층단지붕으로 구성되어 있음. 1층 지붕은 슬래트로 덧달아 내었으며, 이층 지붕은 꺾인지붕형식인 맞배지붕으로 일식시멘트기와로 마감됨.
⋅양식: 중상복합형식으로 1층은 상가, 2층은 창고로 이용 중이며, 2층 정면에는 목재창을 크게 설치하고 외부에 철재방호시설을 하고 있음. 벽체마감은 시멘트 몰탈 뿜칠로 마감되어 있음.",2018-10-17 00:00:00,0,5,0,자유이용불가,제3유형,과업지시서,
,59,경남관광 길잡이,HOME > 관광정보 > 근대건축문화유산 > 근대건축문화유산 DB,마산어시장 상가,"⋅구조: 붉은 벽돌을 쌓아올린 연와조의 2층 건물로, 지붕은 슬래이트로 마감되어있으며 우진각지붕으로 측면에 박공을 설치하였음. 대지의 활용을 위해 건물 한쪽 끝으로 갈수록 면적이 좁아지는 구조이며, 내부는 목구조로 구성되어 있으며 목조 계단이 있어 상층부로 진입 할 수 있으며 난간을 설치하였음.
⋅양식: 마루바닥은 장마루널을 설치하여 잘 보존되어있으며, 상부 천장은 목조 트러스구조.
⋅의장: 창에는 철재방호구조물이 설치되어있으며, 일부 창문 상단에 있는 광창은 목재창으로 되어있음. 상부 우측과 배면에 철재창이 설치되어있으며, 건물의 가장 좁은 부분 전면은 마름모형 창으로 되어 있음. 창문의 위아래 부분에 일렬로 된 벽돌을 이용한 장식이 눈에 띄며, 1층은 일부 상가로 이용되고 있음.",2018-10-17 00:00:00,0,8,0,자유이용불가,제3유형,과업지시서,
,60,경남관광 길잡이,HOME > 관광정보 > 근대건축문화유산 > 근대건축문화유산 DB,마산제일여고,"현 신사지는 길게 쌓인 축대 위에 학교가 있으며, 제일여고 정문은 일본 신사입구에 세우는 토리이(鳥居)와 비슷한 구조이나, 『마산 창원 역사읽기』에서 학교설립자인 이형규 이사장 은 제일여고 교문은 전주체육관의 정문을 모방한 것이라고 밝힌 적이 있음.",2018-10-17 00:00:00,0,3,0,자유이용불가,제3유형,과업지시서,
,61,경남관광 길잡이,HOME > 관광정보 > 근대건축문화유산 > 근대건축문화유산 DB,상남동 주택,목조 및 연와조 양식의 관사 건물로 대문에서 마당을 바라봤을 때 정면으로 기와건물이 있고 그 주위를 둘러싸고 방들이 위치하고 있는 형태임. 건물 우측은 따로 담이 있는 것이 아니라 방의 출입구 쪽 벽면이 담과 같은 역할을 하고 있음.,2018-10-17 00:00:00,0,5,0,자유이용불가,제3유형,과업지시서,
,62,경남관광 길잡이,HOME > 관광정보 > 근대건축문화유산 > 근대건축문화유산 DB,김영만 가옥 (철거 또는 멸실),"⋅목조 구조로 벽체는 붉은 벽돌로 하부 벽체를 마감하였고, 상부 벽체는 비늘판널벽으로 마감하였으며, 도로변 외벽의 경우는 시멘트 블록으로 마감하였음.
⋅지붕은 목조트러스 구조로 골함석으로 마감한 “ㄱ”자 형태로, 부엌과 방이 꺾이는 부분에 대청마루를 양쪽으로 두고 측면 방 전면에 툇마루를 설치하였음.",2018-10-17 00:00:00,0,4,0,자유이용불가,제3유형,과업지시서,
,63,경남관광 길잡이,HOME > 관광정보 > 근대건축문화유산 > 근대건축문화유산 DB,박효규 가옥,"⋅지상 2층 건물로 일식 기와를 덮은 우진각지붕의 홑처마형식으로, 벽체는 시멘트 블록조이며, 하부 벽면은 청색계의 타일을 붙여 마감하였음.
⋅하부 전면의 창호는 알루미늄창과 목재창호로 이중 미서기창 외부에는 방호창살을 설치하였으며, 전면 우측은 격자형식의 목재유리창호가 설치되어 있음.
⋅출입구는 좌측면으로 출입하도록 되어 있으며, 상부 이층의 경우 전·후면에만 창을 설치하였고 격자형식의 목재유리창호가 설치되어 있음.",2018-10-17 00:00:00,0,4,0,자유이용불가,제3유형,과업지시서,
,64,경남관광 길잡이,HOME > 관광정보 > 근대건축문화유산 > 근대건축문화유산 DB,서대(西臺),"⋅둥그런 모양의 2단 기단을 쌓고, 무릎 높이의 돌에‘西臺’라는 글을 새겨놓았으며, 서대 외곽은 높이 0.5m 내외의 철제펜스가 구획하고, 바닥은 판석 붙임으로 마감됨.
⋅비석 옆의 기단은 경술국치와 고종 승하 등 서대(西臺)를 세우게 된 이유에 대해 적어 놓았으며, 고개를 떨군듯한 형상으로 당시의 비통함을 직설적으로 보여주고 있음.",2018-10-17 00:00:00,0,3,0,자유이용불가,제3유형,과업지시서,
,65,경남관광 길잡이,HOME > 관광정보 > 근대건축문화유산 > 근대건축문화유산 DB,5·16군사혁명찬양비,탑의 하대석은 시멘트바닥으로 구성하고 비대석은 타원형 자연석으로 외면에 문양을 초각한 귀부형식을 갖고 있으며 상부에 비신석을 세워 비문을 새김.,2018-10-17 00:00:00,0,2,0,자유이용불가,제3유형,과업지시서,
,66,경남관광 길잡이,HOME > 관광정보 > 근대건축문화유산 > 근대건축문화유산 DB,벧엘교회 (철거 또는 멸실),"⋅콘크리트 구조로 외부 마감은 자연석 습식돌붙임으로 장식하고 있음. 종탑이 있는 부분은 3층 높이로. 종탑의 모서리 부분은 성벽과 같이 장식되어 있음.
⋅측면의 창은 아치형의 구조로 알루미늄 샤시가 설치되어 있으며, 내부는 나무 마룻바닥 깔기로 마감하고, 벽과 천장도 나무 널로 마감되어 있음. 천장에는 특이한 무늬의 장식이 있음.",2018-10-17 00:00:00,0,3,0,자유이용불가,제3유형,과업지시서,
,67,경남관광 길잡이,HOME > 관광정보 > 근대건축문화유산 > 근대건축문화유산 DB,경남과학기술대학교 박물관,"⋅평면 : 일반 평면
⋅구조 : 철근콘크리트
⋅의장 및 양식 : 당시 대부분의 교사동은 목조의 슬레이트 건물이 많았으나 본 건물은 철근 콘크리트를 사용하여 시대적으로 선구적인 건물이었다고 보여진다.
⋅초기 설립당시의 농업 고등학교로 1938년 당시의 일본식 공관의 이미지를 그대로 적용한 교사로 초기 강당으로 사용되었다.",2018-10-17 00:00:00,0,6,0,자유이용불가,제3유형,과업지시서,
,68,경남관광 길잡이,HOME > 관광정보 > 근대건축문화유산 > 근대건축문화유산 DB,문산성당,"⋅조적조 붉은벽돌 성당으로 지면으로부터 높게 건축되어 계단을 이용하여 본당으로 들어설 수 있게 되었다. 장방형의 긴평면에 종탑이 높게 설치되어 있으며, 종탑은 로마테스크 양식이다.
⋅창은 세로로 긴 창이며, 모두 아치창으로 구성되었고, 아래에는 세로로 벽돌을 쌓아 하인방을 두었다.
⋅지붕은 아연조 지붕이며, 좌?우측에 도머창이 각각 2개소가 있다.",2018-10-17 00:00:00,0,12,0,자유이용불가,제3유형,과업지시서,
,69,경남관광 길잡이,HOME > 관광정보 > 근대건축문화유산 > 근대건축문화유산 DB,옥봉성당,"⋅조적조 붉은벽돌 성당으로 지면으로부터 높게 건축되어 계단을 이용하여 본당으로 들어설 수 있게 되었다. 장방형의 긴평면에 종탑이 높게 설치되어 있으며, 종탑은 로마테스크 양식이다.
⋅창은 세로로 긴 창이며, 모두 아치창으로 구성되었고, 아래에는 세로로 벽돌을 쌓아 하인방을 두었다.
⋅지붕은 아연조 지붕이며, 좌?우측에 도머창이 각각 2개소가 있다.",2018-10-17 00:00:00,0,7,0,자유이용불가,제3유형,과업지시서,
,70,경남관광 길잡이,HOME > 관광정보 > 근대건축문화유산 > 근대건축문화유산 DB,장재동성당,출입구를 전위의 공간으로 보이기 위해 단을 두고 출입을 유도하고 있고 그 내부는 단순히 일식의 관공서나 학교강당에서 볼 수 있는 일자형의 실을 이루고 있다. 옛 사제관은 한식으로 1930년경에 세워진 것으로 추정되며 본당 뒤에 위치하고 있다.,2018-10-17 00:00:00,0,7,0,자유이용불가,제3유형,과업지시서,
,71,경남관광 길잡이,HOME > 관광정보 > 근대건축문화유산 > 근대건축문화유산 DB,진주역 폐역,"⋅평면 : 장방형 일자
⋅구조 : 블록조 기와지붕
⋅의장 및 양식 : 건립당시 목조 기와지붕의 구조를 가진 뒤 6?25 이후인 1956년 12월 3일 신축되면서 현재 모습을 갖추게 되었다.
⋅6?25 이후의 관청의 모습을 대표 할 수 있을 정도의 완전한 대칭을 보인다.
⋅현재는 민간업자에게 임대되어 식당으로 이용되고 있다.",2018-10-17 00:00:00,0,5,0,자유이용불가,제3유형,과업지시서,
,72,경남관광 길잡이,HOME > 관광정보 > 근대건축문화유산 > 근대건축문화유산 DB,옛 정촌면 사무소,"⋅1958년 사용승인이 되어 정촌면 사무소로 사용 되었다.
⋅면사무소, 보건지소, 중대본부, 창고 등으로 이루어져 있다.
⋅최초의 면사무소는 정방형의 간단한 평면을 갖고 있다.
⋅기본 목구조에 시멘트 슬레이트를 이용한 초기의 모습은 찾기 어렵다.",2018-10-17 00:00:00,0,6,0,자유이용불가,제3유형,과업지시서,
,73,경남관광 길잡이,HOME > 관광정보 > 근대건축문화유산 > 근대건축문화유산 DB,진주역 차량정비고,"⋅평면 : 창고형태의 장방형
⋅구조 : 조적조, 천장 목구조
⋅의장 및 양식 : 1925년 경전선과 호남선을 개통하면서 진주역에 설치한 차량정비고이다. 아치형 출입구 2개를 나란히 배치하였으며, 중앙 상부에 솟을지붕을 만들기 위해 왕대공 트러스를 변형하여 구성하였다. 건물 정면 가운데 위쪽에는 둥근 창을 설치하였고, 왼쪽과 오른쪽 벽면에는 지붕 트러스를 받치도록 버팀벽을 설치하였다.
⋅벽면에는 한국전쟁 때의 총탄 흔적이 그대로 남아 있어 긴박했던 당시 상황을 전해준다.",2018-10-17 00:00:00,0,12,0,자유이용불가,제3유형,과업지시서,
,74,경남관광 길잡이,HOME > 관광정보 > 근대건축문화유산 > 근대건축문화유산 DB,주택,"1925년 경남선(경전선)의 개통으로 진주역의 신축과 더불어 지어진 관사로 일제시대의 다다미 구조를 가진 흔적이 있다.
⋅지붕은 건립당시 일식기와였을 것으로 추정되는데 현재 스레트로 마감하였다.",2018-10-17 00:00:00,0,4,0,자유이용불가,제3유형,과업지시서,
,75,경남관광 길잡이,HOME > 관광정보 > 근대건축문화유산 > 근대건축문화유산 DB,천황식당,"⋅평면 : 평면은 ㄱ형태를 갖추고 있다.
⋅아연판가의 모습이 외식기와와 어우러져 일식요리집을 연상케 한다.
⋅식당의 내부는 다다미가 깔렸던 것으로 추정되며 나무마루의 폭 역시 그 당시의 일식목조기술이 옮겨졌음을 추정할 수 있는 모듈로 되어있다.
⋅기둥의 주춧돌 및 출입구, 환기창의 형태가 일제시대 영향을 받음 양식이다.",2018-10-17 00:00:00,0,6,0,자유이용불가,제3유형,과업지시서,
,76,경남관광 길잡이,HOME > 관광정보 > 근대건축문화유산 > 근대건축문화유산 DB,문산천(文山川)교,"교량 경간은 6m×2개, 7.5m×2개이며, 교각은 I 형으로 시공된 콘크리트 구조물이다. 교량은 60˚ 각도로 비스듬히 서 있다. 교량 침목은 82개이다.",2018-10-17 00:00:00,0,3,0,자유이용불가,제3유형,과업지시서,
,77,경남관광 길잡이,HOME > 관광정보 > 근대건축문화유산 > 근대건축문화유산 DB,옥산천(玉山川)교,"교량 경간은 12.1m×10개이며, 교각은 I 형으로 시공된 콘크리트 구조물이다. 교량 침목 337개, 대피소는 좌측에 3개소가 있다.",2018-10-17 00:00:00,0,4,0,자유이용불가,제3유형,과업지시서,
,78,경남관광 길잡이,HOME > 관광정보 > 근대건축문화유산 > 근대건축문화유산 DB,유수천(柳樹川)교,"트러스와 판형의 합성교량 형태이다. 교량 경간은 24.3m×4개, 60.6m×2개, 12.4m×4개, 9m×1개, 18.3m×1개이며, 교각은 I 형으로 시공된 콘크리트 구조물이다.  교량 침목 556개, 대피소는 좌측에 1개소가 있다.
",2018-10-17 00:00:00,0,3,0,자유이용불가,제3유형,과업지시서,
,79,경남관광 길잡이,HOME > 관광정보 > 근대건축문화유산 > 근대건축문화유산 DB,길호강(吉湖江)교,"교량 경간은 9m×4개이며, 4개의 반원형 아치로 구성된 콘크리트 구조물이다.",2018-10-17 00:00:00,0,4,0,자유이용불가,제3유형,과업지시서,
,80,경남관광 길잡이,HOME > 관광정보 > 근대건축문화유산 > 근대건축문화유산 DB,장곡(長谷)터널," 옛 경전선(당시 진주선)에 있는 터널이며, 터널형태는 말굽형이다.. 구분은 일반터널이며, 종별은 기타터널이다.",2018-10-17 00:00:00,0,4,0,자유이용불가,제3유형,과업지시서,
,81,경남관광 길잡이,HOME > 관광정보 > 근대건축문화유산 > 근대건축문화유산 DB,와구(臥狗)터널,"옛 경전선(당시 진주선)에 있는 터널이며, 터널형태는 말굽형이다. 구분은 일반터널이며, 종별은 기타터널이다.",2018-10-17 00:00:00,0,2,0,자유이용불가,제3유형,과업지시서,
,82,경남관광 길잡이,HOME > 관광정보 > 근대건축문화유산 > 근대건축문화유산 DB,진치령(鎭峙嶺)터널,"옛 경전선(당시 진주선)에 있는 터널이며, 터널형태는 말굽형이다. 구분은 일반터널이며, 종별은 기타터널이다.",2018-10-17 00:00:00,0,6,0,자유이용불가,제3유형,과업지시서,
,83,경남관광 길잡이,HOME > 관광정보 > 근대건축문화유산 > 근대건축문화유산 DB,독산(篤山)제1터널,"경전선(진주∼순천)이며, 터널형태는 반원형이다. 구분은 피암터널로서 피암터널은 낙석을 방지하기 위하여 만든 터널이다. 터널 측벽에는 반원형 아치로 구멍이 뚫여 있는데 공법은 기계뚫기 및 기계비빔이며, 종별은 기타터널이다.",2018-10-17 00:00:00,0,4,0,자유이용불가,제3유형,과업지시서,
,84,경남관광 길잡이,HOME > 관광정보 > 근대건축문화유산 > 근대건축문화유산 DB,독산(篤山)제2터널,"경전선(진주∼순천)이며, 터널형태는 말굽형이다. 구분은 일반터널이며, 종별은 기타터널이다.",2018-10-17 00:00:00,0,2,0,자유이용불가,제3유형,과업지시서,
,85,경남관광 길잡이,HOME > 관광정보 > 근대건축문화유산 > 근대건축문화유산 DB,나동(奈洞)터널,"경전선(진주∼순천)이며, 터널형태는 말굽형이다. 구분은 일반터널이며, 종별은 기타터널이다.",2018-10-17 00:00:00,0,4,0,자유이용불가,제3유형,과업지시서,
,86,경남관광 길잡이,HOME > 관광정보 > 근대건축문화유산 > 근대건축문화유산 DB,정동(正東)터널,"경전선(진주~순천)에 있는 터널이며, 터널형태는 말굽형이다. 구분은 일반터널이며, 종별은 기타터널이다.",2018-10-17 00:00:00,0,5,0,자유이용불가,제3유형,과업지시서,
,87,경남관광 길잡이,HOME > 관광정보 > 근대건축문화유산 > 근대건축문화유산 DB,유수(柳樹)제1터널,"경전선(진주∼순천)이며, 터널형태는 말굽형이다. 구분은 일반터널이며, 종별은 기타터널이다.",2018-10-17 00:00:00,0,4,0,자유이용불가,제3유형,과업지시서,
,88,경남관광 길잡이,HOME > 관광정보 > 근대건축문화유산 > 근대건축문화유산 DB,유수(柳樹)제2터널,-,2018-10-17 00:00:00,0,4,0,자유이용불가,제3유형,과업지시서,
,89,경남관광 길잡이,HOME > 관광정보 > 근대건축문화유산 > 근대건축문화유산 DB,비봉루 다도예절교육관,"⋅평면 : 정면3칸×측면2칸 라왕으로 보강
⋅구조 : 시멘트 벽돌조 / 목조
⋅의장 및 양식 : 관리동의 역할을 했던 다도예절교육관은 팔작지붕집으로 사방에 계자난간을 두르고 외부에 유리창을 부착하였으며 누각이나 누하주는 짧다.
⋅대청 방 2칸으로 구성된 한옥⋅일식집 절충형으로 겹집평면과 부속공간이 다양한 형태로 섞여 있다.",2018-10-17 00:00:00,0,11,0,자유이용불가,제3유형,과업지시서,
,90,경남관광 길잡이,HOME > 관광정보 > 근대건축문화유산 > 근대건축문화유산 DB,남인수 생가,"⋅주요구조부가 목조로 구성된 전통의 재래가옥으로 건립당시의 주택의 양식이 부분적으로 남아 있고 정면 4칸 측면 1칸 반의 남부지방의 전형적인 민가양식이다.
⋅부속채의 일부에는 판벽이 있으며 처마부분도 목재판재로 구성되어 있다.
⋅흙벽으로 구성되어 있으며 군데군데 탈락이 있다.
⋅안채 후면의 담장은 기존의 흙과 돌로 구성되고 주택 전면에 골목과 접한부분은 블록조이다.",2018-10-17 00:00:00,0,8,0,자유이용불가,제3유형,과업지시서,
,91,경남관광 길잡이,HOME > 관광정보 > 근대건축문화유산 > 근대건축문화유산 DB,배영초등학교 구본관,"⋅평면 : 일제시대 일본학생들을 위해 건설된 학교 본관으로 장방형 일자형태로 되어 있다.
⋅의장 및 양식 : 창은 오르내림창 이며, 지붕은 목조 기와 지붕 형태로 마감이 되어 있다.",2018-10-17 00:00:00,0,9,0,자유이용불가,제3유형,과업지시서,
,92,경남관광 길잡이,HOME > 관광정보 > 근대건축문화유산 > 근대건축문화유산 DB,진주 초등학교 강당,"⋅평면 : 일반 평면구조.
⋅구조 : 벽체는 벽돌위 시멘트 마감하고 기와지붕(꺽임구조)을 얹었다.
⋅의장 및 양식 : 창은 오르내림창이다.
⋅내부는 현재 리모델링으로 바닥은 데크가 깔려 있음",2018-10-17 00:00:00,0,5,0,자유이용불가,제3유형,과업지시서,
,93,경남관광 길잡이,HOME > 관광정보 > 근대건축문화유산 > 근대건축문화유산 DB,진해우체국,"⋅평면 : 중원로터리를 돌며 ㄷ자형태의 대지에 평면은 Y자형으로 좌우대칭. 건물의 평면은 삼각형대지의 꼭지점을 정면으로 하는 만큼 정문 출입구를 꼭짓점, 즉 양측 도로가 만나는 지점에 두고, 실내에 들어서면 한단 높은 곳에 카운터를 두고, 입구 쪽 낮은 공간은 객장, 반대쪽은 우편업무를 수행하는 영업장으로 구성. 출입구를 중심으로 객장과 사무공간의 2개 영역으로 구성됨
⋅구조 : 단층 목조 건물이며 지붕은 아연 지붕임
⋅의장 및 양식 : 본래 우체국 내부 바닥은 목조마루틀 위에 널마루를 깔았으나 노후된 널마루를 들어내고 시멘트 몰탈 마감으로 개조함. 정면 출입구는 삼각페디먼트를 두고 출입하는 곳에는 아치와 투스칸오더를 사용하여 고전적인 풍을 느끼게 함. 벽체는 설외와 눌외의 심벽이며, 외벽마감은 목조에 회반죽 바름으로 하여 전체적으로는 르네상스풍 양식을 지님",2018-10-17 00:00:00,0,8,0,자유이용불가,제3유형,과업지시서,
,94,경남관광 길잡이,HOME > 관광정보 > 근대건축문화유산 > 근대건축문화유산 DB,진해역,"⋅평면 : 장방형의 박스형 평면에 출입구를 중심으로 우측이 대합실이며, 좌측이 역무원실임
⋅구조 : 목구조에 벽체는 시멘트 뿜칠이 되어 있으며, 지붕은 맞배형태로 박공을 전·후면에 각각 설치하고 지붕 마감재는 아스팔트 싱글로 마감되어 있음.
⋅의장 및 양식 : 출입구 바닥에는 화강석을 깔았고, 창은 오르내리창으로 추정됨. 역무원실과 객장 모두 굴뚝이 있는 것으로 보아 난방을 했던 것으로 보이며, 지붕에는 전면과 후면 각각 2개씩의 도머창이 존재. 현재 목조 트러스 승강장은 이전의 모습 그대이며, 나머지는 형태만 남아 있고, 대부분 보수 공사를 시행함",2018-10-17 00:00:00,0,6,0,자유이용불가,제3유형,과업지시서,
,95,경남관광 길잡이,HOME > 관광정보 > 근대건축문화유산 > 근대건축문화유산 DB,해군진해기지사령부 본관,"⋅평면 : 장방형의 평면이며 중앙부를 관통하여 복도를 중복도 형식으로 복도를 가운데 두고 마주 보며 각 실을 배치. 현관 바로 안쪽 즉 평면의 중앙부 배면에 에 상하 충을 연결하는 계단이 있음. 건립 당초 1층(정면에서는 반 지하)을 식당·화장실·마구간 등 공적 공간으로, 위층을 집무실과 사무실 등으로 사용한 것으로 보임. 지금은 1층과 2층에 부서별 사무실을 두고, 3층을 지휘관 접견실과 회의실로 사용 중. 내부바닥은 1층만 인조석 물갈기로 마감했으며 2층과 3층의 바닥은 장마루 마감함
⋅구조 : 벽돌 조적의 구조를 지닌 3층 건물이며, 지붕은 아연지붕임
⋅의장 및 양식 : 르네상스 절충양식으로 독일풍이 강함. 적벽돌로 된 좌우 대칭의 건물이며 정교하게 시공된 고전 부흥양식의 석재 포치에 주출입구가 있음. 외벽의 벽돌 사이에는 볼록 줄눈을 넣었으며, 벽돌을 쌓은 벽체의 보존 상태가 전반적으로 매우 양호. 100여 년의 오랜 세월에도 외관 및 내부가 크게 훼손되지 않고 원형 유지. 조형미가 뛰어난 이 건물은 정면 중앙부에 2층 높이의 현관 포치를 돌출시켜 권위와 상징성을 부곽. 2층 높이의 현관 포치는 정면과 좌우 측면이 대형 반원 아치형으로, 외벽에 화강석을 붙여 장중하게 치장. 현관 포치 위쪽에는 화강석으로 다듬은 필라스터형 기둥을 세우고 그 위에 박공을 올려 정면성을 강조. 박공을 지탱하는 두 배흘림 기둥은 판석을 깎아 만든 것이며 창의 상하 인방 및 좌우에는 적벽돌과 함께 흰색의 화강석 장대석을 사용하여 화려하게 꾸밈",2018-10-17 00:00:00,0,8,0,자유이용불가,제3유형,과업지시서,
,96,경남관광 길잡이,HOME > 관광정보 > 근대건축문화유산 > 근대건축문화유산 DB,고 이승만 대통령별장,"⋅평면 : 평면은 ㄱ자 형태이며, 집무실 겸 잡무실, 응접실, 침실, 경호실, 기타 부속실로 구성되어 있음. 계단을 따라 올라가면 측면에 출입구가 있으며, 옆으로는 통신실과 경비실이 있고, 복도를 따라가면 거실임. 거실 뒤로 대통령 집무실이 있고, 꺾인 부분을 지나면 경호실장 집무실이 나오고, 그 뒤로 식당 및 부엌이 있음. 화장실 한 켠 옆으로 비밀통로가 존재함. 창호는 양식으로 밖으로 열고 닫는 형식의 창이었고, 현재는 거실쪽으로 출입하고 있음
⋅구조 : 조적조 건물로서 팔작 기와 지붕임
⋅의장 및 양식 : 한식(韓式) 목조집에 양식(洋式)의 외관과 팔작기와지붕을 갖춘 한(韓)·양(洋) 절충의 특이한 건축양식을 보여줌",2018-10-17 00:00:00,0,6,0,자유이용불가,제3유형,과업지시서,
,97,경남관광 길잡이,HOME > 관광정보 > 근대건축문화유산 > 근대건축문화유산 DB,구.진해신경외과,"⋅평면 : 평면은 가로로 긴 사각평면에 세로의 램프(Ramp)가 설치되어 있으며, 내부 바닥은 인조석 물갈기로 마감함. 난방은 뒤편 정원에 굴뚝이 있어 중앙집중식 난방인 것을 알 수 있음
⋅구조 : RC조 기둥과 보를 기본으로 하고 있는 구조이며, 벽체 마감은 붉은 벽돌 쌓기. 기둥과 보는 노출시켰으며, 벽돌은 치장벽돌로 길이쌓기로만 쌓아올렸음
⋅의장 및 양식 : 1층은 2층과 3층에 비해 0.7미터 정도 후퇴시켜 설계하였으나, 입면 형태는 1, 2, 3층 모두 같은 형태임. 물받이와 홈통이 들어갈 공간을 따로 설계하여 콘크리트로 만들어 놓았으며. 창은 모두 알루미늄 창으로 구성되어있음",2018-10-17 00:00:00,0,6,0,자유이용불가,제3유형,과업지시서,
,98,경남관광 길잡이,HOME > 관광정보 > 근대건축문화유산 > 근대건축문화유산 DB,구.진해역 창고,"⋅평면 : 창고는 장방형의 긴 평면을 가진 창고였으나 현재 가운데를 기점으로 둘로 분리된 상태임
⋅구조 : 조적조와 목조가 결합된 창고형태임. 외벽은 가로 비늘판벽으로 마무리하였음. 지붕은 맞배지붕으로 한쪽은 슬레이트 지붕, 한쪽은 기와지붕임
⋅의장 및 양식 : 가운데를 기점으로 하여 건물이 분리가 되고 각각 다른 외부를 가지고 있음. 한 건물(A)의 외벽면 마감 재료는 한쪽은 비늘판벽이 그대로 보존되어 있으며, 다른 건물(B)은 붉은 벽돌로 개보수하여 사용 중임. A는 0.3미터 정도의 기초위에 비늘판벽을 쌓은 형태로 창문은 당시 목재창 그대로 보존하여 사용 중이며, 지붕은 일식 기와지붕이었으나 한쪽은 슬레트로 바뀌었음. 내부구조는 창고였던 것을 알 수 있고, 일부(B)를 주택으로 개조하여 사용 중임",2018-10-17 00:00:00,0,7,0,자유이용불가,제3유형,과업지시서,
,99,경남관광 길잡이,HOME > 관광정보 > 근대건축문화유산 > 근대건축문화유산 DB,속천샷시스텐 공업사,"⋅평면 : 평면 형태는 단순한 장방형임
⋅구조 : 기존에는 조적조와 목조가 결합된 창고였으나, 현재는 비닐판벽을 걷어내고 경량철골조 판넬로 보수하였음. 지붕은 판넬 맞배지붕임. 배면쪽에는 기존 창고에서 경량철골조 판넬로 증축하였음. 내부 천정 구조는 철골트러스로 보강하고 반자를 구성하여 합판으로 마감함
⋅의장 및 양식 : 사면이 경량철골조 판넬로 되어 있으며, 기존의 창고와는 형태는 크게 변형된 모습임",2018-10-17 00:00:00,0,6,0,자유이용불가,제3유형,과업지시서,
,100,경남관광 길잡이,HOME > 관광정보 > 근대건축문화유산 > 근대건축문화유산 DB,김남순가옥,"⋅평면 : T형 평면으로 정면의 돌출된 부분이 응접실이고, 왼편으로 다다미방이 있음. 오른편에 우물이 있었던 것으로 보아 주방으로 사용된 것으로 짐작할 수 있음. 출입구를 중심으로 왼편이 남성공간, 오른편이 여성공간으로 대별된다고 할 수 있으며 정원은 잘 가꾸어져 있음
⋅구조 : 지붕은 전체적으로 맞배지붕이며, 일식 시멘트 기와 잇기를 하고 처마를 이중으로 처리하였으며 부섭지붕 등 일식풍임
⋅의장 및 양식 : 건물의 외벽은 뿜칠로 마감하였고, 지붕과 처마, 창문등은 기존의 일본식 양식을 유지하고 있음. 창문과 출입구 경우 목조으로 되어 있음. 2층 상부에는 환기를 위한 환기구가 있고 각 지붕의 측면에는 도리가 돌출되어 있는 특징이 있음. 주택의 출입문에는 나무 기둥을 두어 정면성을 강조하고 있음",2018-10-17 00:00:00,0,7,0,자유이용불가,제3유형,과업지시서,
,101,경남관광 길잡이,HOME > 관광정보 > 근대건축문화유산 > 근대건축문화유산 DB,선학곰탕(이정석가옥),"⋅평면 : 중복도의 一자형 평면이지만 한쪽이 튀어나온 ㄱ자 형태이며, 중복도를 기준으로 양측에 각 실을 배치하였음. 현관(大玄關, 오오겐깐)을 중심으로 크게 왼편이 남성공간, 오른편이 여성공간으로 나뉘어져 있음. 주방으로 사용하고 있는 공간은 좁아서 주방의 앞과 측면의 처마 밑까지 조적식으로 공간을 확장함. 남쪽에 면한 실도 처마 밑까지 공간을 확장하고 거기에 미서기 유리창을 시설함
⋅구조 : 단층 일식 목조 가옥이며 지붕은 일식기와를 사용하였음
⋅의장 및 양식 : 구조재와 내외의 창호는 건축 당시의 것을 그대로 사용하고 있음. 실내 화장실과 세면소의 구조와 형식도 그대로 보존되어 있음. 응접부와 주거공간의 외벽을 다르게 처리하여 표시가 나도록 하였는데 각각 시멘트 몰탈 마감과 목재판벽으로 각각 마감하여 구별을 하고 있음. 이는 응접부는 양식으로 주거부는 일식으로 처리하는 화양절충식이라고 할 수 있음. 가옥의 외벽에는 세장한 오르내리창과 장방형의 미서기 창이 함께 사용되었으며, 오르내리창은 원형대로 잘 남아 있음",2018-10-17 00:00:00,0,9,0,자유이용불가,제3유형,과업지시서,
,102,경남관광 길잡이,HOME > 관광정보 > 근대건축문화유산 > 근대건축문화유산 DB,조성래가옥,"⋅평면 : 마당이 존재하고, 1층과 2층으로 나누어져고, 안방과 거실순으로 구성되어 있음. 1층 부분은 처마를 길게 내밀어 물건 등을 보관할 수 있는 창고의 용도로 추정되며 2층은 사무실의 용도로 추정됨
⋅구조 : 목조 건축으로 일식시멘트기와를 사용한 모임지붕형태의 2층 건물임
⋅의장 및 양식 : 1층 외벽은 시멘트로 마감하였고, 2층 상부 외벽은 가로비늘판벽으로 마감하였음. 1층 부분의 채광을 위해 고창을 설치해 두었으며, 2층은 다이아몬드형으로 창틀을 만들고, 사각형의 고정창을 두어 특색이 있음. 측면의 창은 폐쇄하였고, 처마를 받치기 위한 뺄목을 가새를 구성하여 출목도리를 지지하고 있으며, 2층 지붕형태는 모임지붕임",2018-10-17 00:00:00,0,7,0,자유이용불가,제3유형,과업지시서,
,103,경남관광 길잡이,HOME > 관광정보 > 근대건축문화유산 > 근대건축문화유산 DB,김순자가옥,"⋅평면 : 2층으로 구성되어 있고, 1층은 근린생활시설로 한 공간을 사용하고 있고 2층은 주택으로 거실과 안방 등으로 나뉘어져 있음
⋅구조 : 2층 건물의 목조·기와지붕이었으나 현재 외벽은 모두 시멘트 몰탈로 마감된 상태임. 지붕은 일식시멘트기와를 경량철재함석기와로 보수한 것으로 보이며 지붕형태는 맞배지붕과 팔작지붕을 혼합하여 사용하고 있음. 이는 옆의 건물과 관계에 의해 한쪽 지붕을 맞배로 처리한 것으로 판단됨
⋅의장 및 양식 : 목조 기와집이지만 상태는 양호한 편으로 2009년에 기와를 새로 보수하였으며, 1층에 있던 한미세탁소가 이전하고 무인 빨래방이 들어서면서 유리창, 문을 수리하였다고 함",2018-10-17 00:00:00,0,5,0,자유이용불가,제3유형,과업지시서,
,104,경남관광 길잡이,HOME > 관광정보 > 근대건축문화유산 > 근대건축문화유산 DB,송영찬가옥,"⋅평면 : 도로변에 면한 2층 건물로써, 1층은 근린생활시설로 공간을 나누어 영업 중이고 2층은 주택으로 사용하고 있음
⋅구조 : 2층 목조 기와지붕의 가옥임. 지붕은 일식시멘트기와를 사용한 팔작지붕이였으나 측면 신축건물로 인하여 다른 가옥과 같이 한쪽은 맞배형식으로 보수된 것으로 보임
⋅의장 및 양식 : 1층 외벽은 개조되어 외벽 도장마감하였고, 2층은 가로 비늘판벽과 창호 및 난간이 그대로 잘 남아있음",2018-10-17 00:00:00,0,5,0,자유이용불가,제3유형,과업지시서,
,105,경남관광 길잡이,HOME > 관광정보 > 근대건축문화유산 > 근대건축문화유산 DB,이종학가옥,"⋅평면 : 중정을 중심으로 건물이 배치되어 있고 단층형의 건물로 도로에 면한 쪽은 근생, 내부는 주택으로 사용하고 있음
⋅구조 : 일식풍의 주택으로 상호 상부에 이중처마의 구성 및 창호 등 내부 목조 트러스 구조로 건립되어 있으며, 하부처마를 받치기 위해 뺄목 가새를 설치하여 출목도리를 지지하고 있음. 지붕 형식은 우진각 지붕으로 일식시멘트기와 위에 우레탄 뿜칠로 마감하고 방수 도료로 처리하였으며 하부 처마는 슬래트로 보수함
⋅의장 및 양식 : 현재 주택과 상가로 이용 중으로 내부는 주택으로 사용하고 있으며, 도로에 면한 부분은 상가로 사용하고 있음",2018-10-17 00:00:00,0,7,0,자유이용불가,제3유형,과업지시서,
,106,경남관광 길잡이,HOME > 관광정보 > 근대건축문화유산 > 근대건축문화유산 DB,배진기가옥,"⋅평면 : 가옥 입구에 포치가 형성되어 있고 현관을 기준으로 거실과 주방, 안방 순으로 구성되어 있음
⋅구조 : 1층 목조 기와지붕의 일식가옥임. 지붕은 우진각 지붕으로 일식시멘트 기와 잇기로 되어 있음
⋅의장 및 양식 : 가옥 정면에 포치를 두어 입구를 강조하고 있으며, 지붕은 일식시멘트기와 위 우레탄 뿜칠로 방수처리가 되어 있음. 현관 박공지붕과 내부 복도와 문짝, 천장, 목재 등은 예전 모습을 그대로 보존되어 있으며, 창호 및 내부 가구형식 등 일식주택풍을 잘 보여주고 있으나, 내부 바닥은 다다미에서 온돌로 개조되어 있음. 부지 내부에 정원을 두고 있고, 향나무, 동백 등 당시 나무들로 조성되어 있음",2018-10-17 00:00:00,0,5,0,자유이용불가,제3유형,과업지시서,
,107,경남관광 길잡이,HOME > 관광정보 > 근대건축문화유산 > 근대건축문화유산 DB,"이광용, 이강재가옥","⋅평면 : 장방형의 평면을 지니고, 도로면으로는 근린생활로 사용하던 흔적이 있어 넓은 공간이 구성되어 있고 도로 뒤편으로는 주택이 구성되어 있음
⋅구조 : 목조 단층의 절충식 가옥으로 지붕은 일식기와 잇기임. 도로에 면한 한쪽부분은 팔작지붕이지만 옆의 건물과 마주보는 반대편은 맞배지붕형식을 취하고 있음
⋅의장 및 양식 : 지붕은 노후화되어 우레탄뿜칠 방수처리를 하였음. 맞배지붕 아래 일부 목조 비늘판벽이 그대로 남아 있으며, 이중처마 또한 그대로 남아 있음. 창호 및 내부 가구 구조 등 이중처마가 이 시기의 일식주거건축의 전형적인 형태로 보이며, 외벽은 전체적으로 시멘트 몰탈로 마감하였음",2018-10-17 00:00:00,0,5,0,자유이용불가,제3유형,과업지시서,
,108,경남관광 길잡이,HOME > 관광정보 > 근대건축문화유산 > 근대건축문화유산 DB,이용자가옥,"⋅평면 : 장방형의 단순한 주택의 평면 형태
⋅구조 : 목조주택으로 기와는 일식시멘트 기와를 사용하였음. 이후 보수공사를 통하여 지붕이 경량철재함석기와로 바뀌었음
⋅의장 및 양식 : 외벽은 당초에 목조 비늘판벽이었을 거라 추정되나 현재는 기존 벽을 조적으로 변경하고 시멘트 몰탈 위 수성페인트로 마감하였음. 배면의 이중처마를 설치하여 하부에 창호가 설치",2018-10-17 00:00:00,0,6,0,자유이용불가,제3유형,과업지시서,
,109,경남관광 길잡이,HOME > 관광정보 > 근대건축문화유산 > 근대건축문화유산 DB,장석철가옥,"⋅평면 : 출입구에 박공지붕 포치를 두어 출입구를 강조하고 있고 현관을 중심으로 거실과 안방이 구성되어 있음, 내부에는 ㄷ자 형태의 주거가 형성되어 있어 마당이 존재함
⋅구조 : 1층 목조 가옥으로 지붕은 당초의 일식시멘트기와에서 플라스틱 한식기와로 보수
⋅의장 및 양식 : 외벽은 시멘트 몰탈 뿜칠 마감하고 일부 시멘트 몰탈 위 수성페인트 마감벽도 있음. 부지 경계를 따라 담장으로 구획되어있으며, 창고는 조적조이나 목조 트러스구조로 연개판을 설치하여 기와 잇기가 되어 있음",2018-10-17 00:00:00,0,7,0,자유이용불가,제3유형,과업지시서,
,110,경남관광 길잡이,HOME > 관광정보 > 근대건축문화유산 > 근대건축문화유산 DB,김동선가옥,"⋅평면 : 1층에는 출입구 및 창호 상부에 전면 전체를 처마를 구성하고 있으며, 가로 비늘판벽과 창 및 난간은 예전의 그대로의 모습을 보여주고 있음. 한 주택은 정면 4칸으로 가운데 스판(span)이 더 넓으며, 측면이 좁았음. 측면은 5칸으로 좁게 기둥이 배치되어 있었고, 기둥은 모두 사각기둥을 사용하였음. 1층은 상가, 2층은 주거 용도로 건축되었던 걸로 보이며, 내부 계단이 존재함
⋅구조 : 일제 시대에 건축된 2층 장옥 일본식 목조 건물임. 중층건물로 층단지붕을 설치한 우진각지붕으로 일식기와를 잇고 우수받이를 설치하였음
⋅의장 및 양식 : 현재 5가구가 연립주택으로 되어있음. 지붕은 우진각 지붕이 그대로 남아 있어 건립 당시에는 한 건물임을 알 수 있음. 첫 번째 주택은 1층 시멘트 몰탈 마감 2층 비늘판벽, 두 번째 주택은 1층 붉은벽돌, 2층 비늘판벽, 세 번째 주택은 1층 시멘트 몰탈 뿜칠, 2층 비늘판벽, 네 번째 주택은 1, 2층 모두 붉은 벽돌로 새로 증축하였으며, 증축과정에서 옥상을 만들고 지붕도 보수한 것으로 보임",2018-10-17 00:00:00,0,5,0,자유이용불가,제3유형,과업지시서,
,111,경남관광 길잡이,HOME > 관광정보 > 근대건축문화유산 > 근대건축문화유산 DB,제생당한약,"⋅평면 : 1층과 2층이 면적차이가 있으며, 기존의 건물 외에 신축된 주택이 함께 존재. 기존의 건물은 대지 모양에 따라 사다리꼴 형태를 하고 있음
⋅구조 : 2층 일본식 목조 건물로 1층 상가, 2층 주거용도로 만들어진 것으로 보임. 중층건물로 층단지붕을 설치한 우진각지붕으로 당초에는 일식기와를 사용했을거라 추측. 플라스틱 기와로 보수하였음
⋅의장 및 양식 : 삼각형의 대지는 서울보증보험 진해지점과 중평동 일본식 장옥들과 유사한 형태이며, 건물도 도로면을 따라 길게 배치되어 있음. 2014년 리모델링 공사가 진행되었는데 ‘제생당한약’은 그대로 있으며, ‘방수 및 페인트 공사’는 ‘열린미술학원’으로 개조되었음. 리모델링 전의 외벽은 시멘트 몰탈 마감이었으나 리모델링 후에는 비닐사이딩으로 마감하였음",2018-10-17 00:00:00,0,6,0,자유이용불가,제3유형,과업지시서,
,112,경남관광 길잡이,HOME > 관광정보 > 근대건축문화유산 > 근대건축문화유산 DB,김창숙가옥 (철거 또는 멸실),"⋅평면 : 대문은 그대로 놔두고 출입구를 옆으로 따로 내서 사용 중이며, 뒤뜰에는 중정이 있음
⋅구조 : 1층 목조 일식 가옥이며 지붕은 우진각 지붕으로 일식시멘트기와였었던 것으로 추정되나 현재는 플라스틱 한식기와로 마감되어 있음
⋅의장 및 양식 : 건립당시 벽체는 흙벽 위에 비닐판벽 마감이었으나, 현재는 시멘트 몰탈 마감으로 개보수 되었으며, 주택 우측 일부에 비닐판벽이 그대로 남아 있음. 예전에는 우물이 있었지만 현재는 없음. 주택 출입구에 박공지붕 포치를 두고 있으며, 측면의 창은 다이아몬드형의 고정창이 달려 있음",2018-10-17 00:00:00,0,3,0,자유이용불가,제3유형,과업지시서,
,113,경남관광 길잡이,HOME > 관광정보 > 근대건축문화유산 > 근대건축문화유산 DB,이애숙가옥 (철거 또는 멸실),"⋅평면 : 2층의 주택으로 내부 계단 존재. 1층은 근린생활시설로 사용하여 넓은 공간을 구성하고 있고, 2층은 여느 주거와 비슷하게 안방과 주방 등으로 구성되어 있음
⋅구조 : 2층 목조 가옥으로 일식 기와 층단 지붕 형식을 취한 우진각 지붕의 일식 가옥임. 지붕의 일부분은 시멘트로 수리됨
⋅의장 및 양식 : 귀서까래 배치는 나란히 서까래로 구성되어 있고, 1층에는 주택이 있으며, 주택 양 옆으로 근린생활시설이 들어서 있음. 인근에 일제시대 건립된 상가 건축물과 유사하며 주상복합의 형태로 1층에는 상가로 사용하고 2층은 창고 및 주택으로 사용. 2층은 아직까지 다다미가 그대로 깔려 있으며, 정면의 창 및 난간과 측면의 외벽 또한 비늘판벽이 아직까지 존재하고 있음",2018-10-17 00:00:00,0,7,0,자유이용불가,제3유형,과업지시서,
,114,경남관광 길잡이,HOME > 관광정보 > 근대건축문화유산 > 근대건축문화유산 DB,새.수양회관,"⋅평면 : 1층과 2층은 실을 구획하여 사용 중이며, 내부에는 각 층을 진입할 수 있는 계단이 있음. 특히 3층으로 향하는 계단은 협소하고 꺾은 계단으로 원형그대로 유지하고 있음. 3층의 외부에는 난간대를 둔 것이 특징임
⋅구조 : 보기 드문 절충식 3층 목조 건축물로 지붕은 당초 일식기와인것으로 추측됨. 현재는 보수를 통해 지붕은 교체하였고 구조는 시멘트 블록으로 보수한 것으로 보임
⋅의장 및 양식 : 1938년 진해의 방사선 도로 계획에 의해 부정형 대지에 건축되었으며, 일본제일은행의 경우와 마찬가지로 삼각대지의 형태 끝부분에 출입구를 둔 형태를 보이고 있음. 3층 처마는 겹처마로 부연을 설치하였고, 연목과 부연 모두 세장한 일본풍의 누정임. 1층 외벽은 화강석 판석붙임으로 마감하고, 2층과 3층은 시멘트 몰탈 위 수성페인트 마감임",2018-10-17 00:00:00,0,7,0,자유이용불가,제3유형,과업지시서,
,115,경남관광 길잡이,HOME > 관광정보 > 근대건축문화유산 > 근대건축문화유산 DB,우리카 서비스,"⋅평면 : 장병형의 사각형으로 전형적인 창고 평면을 지님. 배면에 일부공간을 증축한 것으로 보임
⋅구조 : 1층 목조구조의 건물이며, 꺾인 지붕형태로 기존의 기와지붕 위에 골슬래트로 겹이어 마감하였음
⋅의장 및 양식 : 내부는 탁 트인 공간이며, 외부 벽체는 목조비늘판벽이 일부 남아 있고 현재는 양철로 덧붙여 놓았음. 철길과 도로에 접한 면에는 환기를 위한 창을 설치하였음",2018-10-17 00:00:00,0,7,0,자유이용불가,제3유형,과업지시서,
,116,경남관광 길잡이,HOME > 관광정보 > 근대건축문화유산 > 근대건축문화유산 DB,진해탑,"⋅평면 : 엘리베이터와 계단실을 함께 집약시켜 건물의 중심부에 위치하여 중심코어형의 평면을 지니고 있고, 1층과 3층을 따로 연결할 수 있는 외부 계단도 있음. 1층은 코어를 중심으로 공간이 나뉘고 2층은 넓은 공간으로 사용하고 있음. 3층은 옥상이며, 이후 4층부터 8층까지는 코어를 중심으로 계단이 있고 외부에 베란다를 두었음. 1층과 2층은 관리실과 전시실로 사용되고 3층부터 8층까지는 전망대로 사용
⋅구조 : 철근콘크리트 구조
⋅의장 및 양식 : 딱히 양식은 없는 건물이나 해군 군함모양을 상징하는 탑임. 외벽은 철근콘크리트 위 도료 마감으로 되어 있음",2018-10-17 00:00:00,0,10,0,자유이용불가,제3유형,과업지시서,
,117,경남관광 길잡이,HOME > 관광정보 > 근대건축문화유산 > 근대건축문화유산 DB,이동천교,"⋅평면 : 길이 27.14m 폭 6m의 직선형태의 철길임
⋅구조 : 교량 경간은 6m×4개이며, 사다리꼴 교각 5개로 구성된 콘크리트 구조물로 교각은 아래부분이 넓어지며, 교각 기초는 직사형으로 되어 있음. 거더교의 일종인 교각상부와 상판은 T형 콘크리트로 구성되어 있음
⋅의장 및 양식 : 전체 길이를 4등분하여 각 지점에 콘크리트 교각을 세워 상판을 지지. 교각은 넓은 기초판 위에 건설한 것으로 아래가 넓고, 위가 좁은 안정된 형태임. 교각간의 거리는 6m이며, 상부의 상판은 T자형 단면의 콘크리트 슬래브로 처리했으며, 그 위에 철도 레일을 부설하여 기차가 다닐 수 있도록 함",2018-10-17 00:00:00,0,7,0,자유이용불가,제3유형,과업지시서,
,118,경남관광 길잡이,HOME > 관광정보 > 근대건축문화유산 > 근대건축문화유산 DB,마진터널,"⋅평면 : 길이 372m, 폭 6.5m의 2차선 도로로 직선의 터널
⋅구조 : 조적조 및 철근콘크리트 구조로 반원형의 아치형 터널임
⋅의장 및 양식 : 터널 입구에는 가운데 Key-stone을 중심으로 좌·우 각각 19개씩의 화강석 혹두기로 마감된 돌을 장식하고 있음 .요즘 터널은 내부 좌우에 조명이 설치되어 있으나 마진터널은 가운데 조명이 설치되어 있음",2018-10-17 00:00:00,0,7,0,자유이용불가,제3유형,과업지시서,
,119,경남관광 길잡이,HOME > 관광정보 > 근대건축문화유산 > 근대건축문화유산 DB,장복산터널,"⋅평면 : 길이 1,811.42m 폭 6m의 터널로서 단선으로 되어 있음
⋅구조 : 터널형태는 말굽형임. 입구에는 가운데 Key-Stone을 중심으로 좌우 각각 19개의 석재를 아치형으로 둘렀는데, 이는 마진터널과 같은 형태임.
⋅의장 및 양식 : 내부에도 2m가까이 석재를 쌓은 뒤 벽돌로 마무리 함",2018-10-17 00:00:00,0,6,0,자유이용불가,제3유형,과업지시서,
,120,경남관광 길잡이,HOME > 관광정보 > 근대건축문화유산 > 근대건축문화유산 DB,시민문화 공간 흑백,"⋅평면 : 1층 점포는 현관을 중심으로 좌우 대칭의 평면을 보이며 현재 2층은 주택으로 사용하고 있음. 현재는 내부에서 연결되는 계단이 없고 1층 외부 한켠에 2층으로 진입하는 계단이 있음. 이 계단은 목조 계단으로 도색한 것 외에는 원형을 유지하고 있는 것으로 보임
⋅구조 : 일식 목조 점포겸용주택으로 보이며, 일식시멘트기와 맞배지붕으로 전면에 겹지붕형식으로 처마를 가지고 있었던 것으로 추측됨. 현재는 보수를 통해 지붕 재료가 변경되었음
⋅의장 및 양식 : 외벽은 회벽마감이었으나 현재는 페인트로 도장되어 있고, 우측에는 2층으로 올라가는 계단이 있음",2018-10-17 00:00:00,0,6,0,자유이용불가,제3유형,과업지시서,
,121,경남관광 길잡이,HOME > 관광정보 > 근대건축문화유산 > 근대건축문화유산 DB,원해루,"⋅평면 : 원래 건물을 준공한 후 가게를 넓히기 위해 뒤편의 건물을 매입하여 별도의 2동의 건물을 벽을 터서 한 건물처럼 사용하고 있음. 층고가 달라 합쳐진 건물로는 계단 5단 정도를 올라가야 건너 갈 수 있었으며, 1965년 가게 뒤편을 터 방을 만든 것 외엔 옛 모습 그대로를 보전하고 있음. 가게 내부에는 붉은 양탄자와 홍등이 고풍스런 맛을 더해주고 있음
⋅구조 : 목조 기와지붕의 2층 건물로 시공되었음
⋅의장 및 양식 : 현재 건물은 시멘트 몰탈 위 타일을 붙여 외벽을 마감하였고, 뒤편 건물은 시멘트 몰탈 위 수성페인트 마감임",2018-10-17 00:00:00,0,5,0,자유이용불가,제3유형,과업지시서,
,122,경남관광 길잡이,HOME > 관광정보 > 근대건축문화유산 > 근대건축문화유산 DB,진해군항 및 도시계획,"평면 : 진해구 도시계획은 남북축과 동서축을 주축으로 잡고 남원 중원 북원의 세 로터리를 두면서 북원 주변을 관아지역, 중원을 중심으로 상업지역을 배치하였고, 시가지를 1, 2, 3 등지로 구분하여 토지대부와 건축수칙을 차등 적용하였음. 축이 교차하는 곳에는 광장이나 로터리를 계획하였으며, 축이 시작되고 끝나는 곳과 축선을 따라 학교, 대극장, 관공서, 회사와 같은 주요 시설물을 계획하여 위치시킴",2018-10-17 00:00:00,0,14,0,자유이용불가,제3유형,과업지시서,
,123,경남관광 길잡이,HOME > 관광정보 > 근대건축문화유산 > 근대건축문화유산 DB,고 이승만 대통령 별장 정자,"⋅평면 : 육각형 정자로 가운데 중심을 두고 6방향으로 보가 걸쳐져 있으며, 바닥은 마루바닥
⋅구조 : 콘크리트 기초 위에 목조가구로 정자를 구성하였고 지붕은 갈대를 사용
⋅의장 및 양식 : 별장에서 서쪽으로 약 50M지점 해안 절벽위에 조그마한 규모의 육각정이 세워져 이며, 별장 아래의 해안에는 이승만대통령이 별장에서 지낼 때 낚시를 하던 전용 낚시터와 해안부두가 있음",2018-10-17 00:00:00,0,6,0,자유이용불가,제3유형,과업지시서,
,124,경남관광 길잡이,HOME > 관광정보 > 근대건축문화유산 > 근대건축문화유산 DB,천리교 웅천교회,"⋅평면: 장방형으로 출입구, 하단신전, 상단신전으로 구성되며, 좌측으로 방들을 증축하였음.
⋅구조: 정면 파사드는 수직성을 강조하여 상승감을 주며 근대양식을 잘 보여주고 있음. 함양, 산청, 하동의 읍민관과 유사한 형태로, 출입구는 포치를 두고 있으며, 출입문은 외부 철문과 내부 목재문의 2중으로 구성되어 있음.
⋅우측면에도 출입구를 따로 두고 있으며, 지붕은 스레트 박공지붕임. 홈통과 물받이가 그대로 보존되고 있으며, 창은 세로로 긴 창을 두었음.",2018-10-17 00:00:00,0,8,0,자유이용불가,제3유형,과업지시서,
,125,경남관광 길잡이,HOME > 관광정보 > 근대건축문화유산 > 근대건축문화유산 DB,여좌천 축대,"⋅평면 : 1층과 2층의 면적이 같아 보임, 1층에는 붉은 벽돌로 증축한 것으로 판단됨.
⋅구조 : 일식시멘트기와 맞배지붕과 원형 서까래 위 연개판을 설치하였고, 내부는 목구조 장마루를 설치하였으며 현재 잘 보전되어 있음. 상부 가구는 5량가 가구구조이며, 대량의 위치가 도리방향으로 길게 설치되어 있음. 대량은 도리방향의 대량 상부에 충량의 형식으로 결구되어 있으며 우주부분의 주심도리를 가새를 설치하여 구조적으로 뒤틀림을 방지하였음.
⋅의장 및 양식 : 상부 가구는 5량가 가구 구조이지만, 구조재의 크기가 작아 이를 보강 해 주기 위해 5량가 형식을 갖춘 것으로 생각 됨. 보 및 연목 등 대부분의 부재들의 크기가 작으며, 서까래 간격이 넓은 것이 특징임. 2층으로 가는 계단은 내부에 있으며, 1층에는 방앗간 기계들로 가득차 있음. 2층은 목조 비늘판벽 일부가 남아 있지만, 플라스틱 스레트로 교체된 상태.",2018-10-17 00:00:00,0,4,0,자유이용불가,제3유형,과업지시서,
,126,경남관광 길잡이,HOME > 관광정보 > 근대건축문화유산 > 근대건축문화유산 DB,웅천방앗간,"⋅평면 : 1층과 2층의 면적이 같아 보임, 1층에는 붉은 벽돌로 증축한 것으로 판단 됨
⋅구조 : 일식시멘트기와 맞배지붕과 원형 서까래 위 연개판을 설치하였고, 내부는 목구조 장마루를 설치하였으며 현재 잘 보전되어 있음. 상부 가구는 5량가 가구구조이며, 대량의 위치가 도리방향으로 길게 설치되어 있음. 대량은 도리방향의 대량 상부에 충량의 형식으로 결구되어 있으며 우주부분의 주심도리를 가새를 설치하여 구조적으로 뒤틀림을 방지하였음
⋅의장 및 양식 : 상부 가구는 5량가 가구 구조이지만, 구조재의 크기가 작아 이를 보강 해 주기 위해 5량가 형식을 갖춘 것으로 생각 됨. 보 및 연목 등 대부분의 부재들의 크기가 작으며, 서까래 간격이 넓은 것이 특징임. 2층으로 가는 계단은 내부에 있으며, 1층에는 방앗간 기계들로 가득차 있음. 2층은 목조 비늘판벽 일부가 남아 있지만, 플라스틱 스레트로 교체된 상태",2018-10-17 00:00:00,0,6,0,자유이용불가,제3유형,과업지시서,
,127,경남관광 길잡이,HOME > 관광정보 > 근대건축문화유산 > 근대건축문화유산 DB,진해희망의집,"⋅평면 : 1층은 식당으로 사용하고, 2층은 강당으로 사용하고 있음. 2층은 외부에서 출입이 가능한 입구가 따로 존재함
⋅구조 : 기둥과 보는 철근콘크리트조 구조로 구성하고 벽면을 시멘트 블럭으로 마감하였으며, 슬라브 위 2층 구조이며 지붕은 맞배지붕의 형식으로 골함석으로 마감되어 있음
⋅의장 및 양식 : 창호는 아치형식의 광창을 둔 미서기 유리창이며, 지붕은 맞배형식으로 빗물받이를 설치되어 있고 빗물홈통을 벽면에 설치함. 내부 천정은 늘판으로 반자를 설치하고 도배로 마감함",2018-10-17 00:00:00,0,5,0,자유이용불가,제3유형,과업지시서,
,128,경남관광 길잡이,HOME > 관광정보 > 근대건축문화유산 > 근대건축문화유산 DB,서울보증보험 한솔대리점,"⋅평면 : 1층과 2층이 면적차이가 있으며, 기존의 건물 외에 신축된 주택이 함께 존재. 기존의 건물은 대지 모양에 따라 사다리꼴 형태를 하고 있음
⋅구조 : 2층 일본식 목조 건물로 1층 상가, 2층 주거용도로 만들어진 것으로 보임. 중층건물로 층단지붕을 설치한 우진각지붕으로 당초에는 일식기와를 사용했을거라 추측. 플라스틱 기와로 보수하였음
⋅의장 및 양식 : 삼각형의 대지는 서울보증보험 진해지점과 중평동 일본식 장옥들과 유사한 형태이며, 건물도 도로면을 따라 길게 배치되어 있음. 2014년 리모델링 공사가 진행되었는데 ‘제생당한약’은 그대로 있으며, ‘방수 및 페인트 공사’는 ‘열린미술학원’으로 개조되었음. 리모델링 전의 외벽은 시멘트 몰탈 마감이었으나 리모델링 후에는 비닐사이딩으로 마감하였음",2018-10-17 00:00:00,0,7,0,자유이용불가,제3유형,과업지시서,
,129,경남관광 길잡이,HOME > 관광정보 > 근대건축문화유산 > 근대건축문화유산 DB,"미진수선, 신화이용원, 팥이야기","⋅평면 : 일제 시대에 진해도시계획 당시 건축된 주상복합 형태의 건물로 원래는 가정집으로 사용되었으나 현재는 상가로 이용되고 있으며 세 개로 나누어져 있음. 현재는 상가 두 개와 사무실 하나가 영업 중인데, 카페의 경우 단층이지만 카페 내부에는 계단을 통해 작은 중층공간이 하나 더 있는 구조임
⋅구조 : 목조 건축물이며 지붕은 일식기와였으리라 추정되고 현재는 보수하여 철재골함석기와, 층단지붕으로 구성하고 1층 처마는 일식기와로 막새까지 설치되어 원형을 유지하고 있음. 내부 상부는 트러스구조로 연개판을 설치
⋅의장 및 양식 : 배치 및 구조 양식이 일식 주거 형태이며 목재나 지붕 등이 전형적인 일본식 가옥의 특징을 지님",2018-10-17 00:00:00,0,7,0,자유이용불가,제3유형,과업지시서,
,130,경남관광 길잡이,HOME > 관광정보 > 근대건축문화유산 > 근대건축문화유산 DB,중평동 일본식 장옥,"⋅평면 : 총 6개의 가옥이 연결되어 있으며 내부 가옥들도 복도로 연결되어 있음. 황해당 2층 가옥내부는 중복도를 중심으로 양쪽으로 방이 있고, 현재까지 덧문과 다다미 형태가 그대로 보존되고 있음
⋅구조 : 1938년 일제시대에 건축된 2층 장옥 일본식 목조 건물로 가로로 길게 들어선 건물에는 1층 상가, 2층 주거용도로 만들어진 것으로 보임. 증층건물로 층단지붕을 설치한 우진각지붕으로 일식기와를 잇고 우수받이를 설치하였음
⋅의장 및 양식 : 가옥들의 2층 창문은 외곽으로 돌출시켜 평난간을 설치하고, 1층 처마도 잘 보존 되어 있음. 출입문은 원래 지붕이 돌출되어 있었다고 하며, 문구조도 빗장식이었음",2018-10-17 00:00:00,0,10,0,자유이용불가,제3유형,과업지시서,
,131,경남관광 길잡이,HOME > 관광정보 > 근대건축문화유산 > 근대건축문화유산 DB,제황산통신부대벙커 및 방공호,"⋅평면 : 폭 5m, 길이 20m 높이 2m
⋅구조 : 통신부대 벙커출입구는 철근콘리트조로 내부 진입로는 아치형으로 구성되어 있으며, 방공호는 암반을 굴착하여 동굴형태로 형성되어있음",2018-10-17 00:00:00,0,8,0,자유이용불가,제3유형,과업지시서,
,132,경남관광 길잡이,HOME > 관광정보 > 근대건축문화유산 > 근대건축문화유산 DB,충무공 이순신 동상,"구조 : 기단부는 석조로 되어 있고, 동상은 석동과 청동으로 구성되어 있음",2018-10-17 00:00:00,0,8,0,자유이용불가,제3유형,과업지시서,
,133,경남관광 길잡이,HOME > 관광정보 > 근대건축문화유산 > 근대건축문화유산 DB,백범김구선생 친필시비,"⋅평면 : 직육면체의 돌기둥에 글귀가 새겨져 있으며, 정면에 백범 김구선생의 글씨가 새겨져 있고 측면에 십의 제작일시가 기록되어 있음
⋅구조 : 석조 비석의 정면에 음각이 되어 있음",2018-10-17 00:00:00,0,5,0,자유이용불가,제3유형,과업지시서,
,134,경남관광 길잡이,HOME > 관광정보 > 근대건축문화유산 > 근대건축문화유산 DB,해군진해군수사령부 제1별관,"⋅평면 : 평면은 중복도식으로, 복도를 가운데 두고 대칭형으로 실을 배치한 형태임. 정면 포치 안쪽의 중앙 홀에 면해 2층으로 오르는 목조 계단이 위치함. 계단은 평면의 중앙부 외에 양끝에도 배치함. 계단의 구조와 난간 등의 형태는 창건 당시의 모습을 그대로 지니고 있음
⋅구조 : 벽돌 조적의 구조를 지닌 3층 건물이며, 지붕은 아연지붕임
⋅의장 및 양식 : 좌우가 긴 형태의 장방형 평면의 중앙부에서 돌출된 포치는 강렬한 느낌을 줌. 이 포치는 붉은 벽돌로 수직 벽을 형성하고 거기에 다시 엔타시스가 강한 터스칸식 기둥 모양의 필라스터 위에 엔타블레춰를 올린 모습으로 전반적으로 팔라디안(paladian) 형태를 취하고 있음. 외벽의 붉은 벽돌 외에 창문 상하에 사용한 화강석을 다듬어 만든 인방돌과 붙임 기둥(Pilaster), 높은 페데스탈 등을 적극 사용하여 화려하며 우수한 건물을 만듬. 돌출된 포치의 삼면에는 아치 모양의 개구부를 만들고 표면에 정교하게 다듬은 화강석을 붙여 장식. 정면의 1층 벽면에서는 창의 하인방석이, 2층 벽면에는 창의 상하 인방석이 횡으로 길게 연결되어 수평 띠를 이루며 큰 벽면을 아름답게 분할하고, 정면 지붕에는 박공지붕을 올린 도머 창 10개가 일정한 간격으로 촘촘히 배치되어 있으며, 측면 지붕에도 같은 형태의 도머 창을 시설하여 지붕을 의장적으로 강조함",2018-10-17 00:00:00,0,10,0,자유이용불가,제3유형,과업지시서,
,135,경남관광 길잡이,HOME > 관광정보 > 근대건축문화유산 > 근대건축문화유산 DB,해군진해군수사령부 제2별관,"⋅평면 : 평면 형태는 E자형에 가까움. 정면 중앙에 돌출된 현관과 계단실을 두어 정면성을 강조했으며, 좌우 끝 부분도 약하게 앞으로 돌출되어 있어 평면이 E자형임
⋅구조 : 벽돌 조적의 구조를 지닌 3층 건물이며, 지붕은 맨사드 지붕
⋅의장 및 양식 : 사령부 본관의 장엄하고 화려한 구성과 비교하면 간소한 의장을 취하고 있지만, 1912경에 지은 서양식 건물로서 좌우가 균제된 형태미가 돋보이는 건물임. 지상 3층 규모의 붉은 벽돌조 건물로. 외벽에는 같은 위치에 폭이 좁고 키가 큰 창을 시설하여 안정감을 주고 있으며, 창의 상인방은 벽돌과 화강석을 사용하여 약한 곡율의 아치를 형성한 것으로 전체적으로 통일된 느낌을 줌. 창의 밑틀 부분에는 화강석 장대석을 사용하여 수평 횡선을 넣어 안정감을 강조하고 창에는 오르내리창을 시설했던 것으로 보이나 지금은 알루미늄 섀시 창으로 개조 됨. 지붕은 맨사드 지붕이며, 지붕의 경사면에는 작은 박공을 가진 도머 창이 돌출된 형태로 시설되어 전반적으로 변화 있고 다채로운 입면을 형성. 정면 중앙부의 돌출된 현관 주위에는 벽면에 붙여 기둥을 세우고 주두를 장식했으며, 기둥 사이의 개구부에는 반원형 아치를 틀어 변화를 줌. 외관 회흑색의 지붕과 붉은 벽돌의 벽면이 조화를 이루고 있으며, 벽돌과 함께 사용된 화강석은 입면에 변화를 줌",2018-10-17 00:00:00,0,8,0,자유이용불가,제3유형,과업지시서,
,136,경남관광 길잡이,HOME > 관광정보 > 근대건축문화유산 > 근대건축문화유산 DB,해군근무지원 전대 본관,"⋅평면 : 본관은 중복도형의 ‘ㄷ자형’으로, 건물의 양 끝부분이 배면으로 돌출
⋅구조 : 적벽돌 조적조 단층 건물이며, 보존 상태가 양호한 편
⋅의장 및 양식 : 전면 돌출부에 박공 형태의 페디먼트를 화강석으로 구성하였고, 쌍으로 된 창의 가운데 위쪽에 장식을 넣음. 현관부는 사각 기둥 및 화강석과 붉은 벽돌이 혼용된 아치로 장식하였고, 붉은 벽돌을 이용하여 벽체를 정교하게 쌓는 등 짜임새 있는 입면을 구성.외부에서 출입하는 포치부 양쪽에는 진해 해군기지의 주요 건물의 포치에서 볼 수 있는 터스칸식 엔타시스 강한 기둥을 벌려 세우고 그 위에 석재로 다듬은 엔타블레춰를 올려 처마를 마감. 외벽에 낸 창은 본래 목제(木製) 오르내리창으로 보이나 그 후 알루미늄 섀시 창으로 교체. 창문 밑에는 인방돌을 연결 시공하는 방법으로 벽면에 수평 띠를 돌린 반면 창문 위 인방돌은 연결하지 않고 단속적으로 처리. 복도 상부의 반자는 합판에 졸대를 격자형으로 붙여 만들었으며, 내벽(內壁)과 천장이 접하는 부위에는 몰딩을 돌림. 이 건물에 사용된 적벽돌 크기는 220×105×60㎜이고, 벽돌 사이 줄눈은 라임 모르타르를 사용하여 볼록하게 처리. 부속 건물은 일식 목조 건물로 외벽에 비늘 판벽을 시공하고, 바닥은 마루이며 기와지붕 위에는 반원형의 도머 창을 일정한 간격으로 배치",2018-10-17 00:00:00,0,8,0,자유이용불가,제3유형,과업지시서,
,137,경남관광 길잡이,HOME > 관광정보 > 근대건축문화유산 > 근대건축문화유산 DB,구. 진해만요새사령부,"⋅평면 : 장방형의 평면이며 중앙부를 관통하여 중복도 형식으로 복도를 사이에 두고 마주 보며 각 실을 배치하고 좌측 끝에는 대공간의 집무실을 구획
⋅구조 : 벽돌 조적의 구조를 지닌 단층 건물이며, 지붕은 아연지붕임
⋅의장 및 양식 : 가운데 현관을 기준으로 좌우대칭의 균형적인 형태. 복도 굴절부에 아치모양의 수벽을 두어 의장성을 살렸으며 전체적으로 장식보다는 기능에 충실한 건물",2018-10-17 00:00:00,0,8,0,자유이용불가,제3유형,과업지시서,
,138,경남관광 길잡이,HOME > 관광정보 > 근대건축문화유산 > 근대건축문화유산 DB,윤덕명 가옥,"목조 기와집으로 1층 벽체는 시멘트 몰탈 뿜칠로 마감하고, 2층 벽면은 골함석을 세로로 붙여 외벽을 마감하였음. 중층건물로 층단지붕으로 구성하였으며, 2층의 지붕은 팔작지붕으로 경량철골기와를 얹음.",2018-10-17 00:00:00,0,6,0,자유이용불가,제3유형,과업지시서,
,139,경남관광 길잡이,HOME > 관광정보 > 근대건축문화유산 > 근대건축문화유산 DB,제황산 37·38계단,"계단의 전면에는 장대석을 설치하고 계단면에는 판석을 깔아놓았으며, 장애인 전용 휠체어 리프트가 설치되어 있음.",2018-10-17 00:00:00,0,5,0,자유이용불가,제3유형,과업지시서,
,140,경남관광 길잡이,HOME > 관광정보 > 근대건축문화유산 > 근대건축문화유산 DB,장천방공호,"산 반대쪽을 관통하여 일자형으로 구축되었다고 하나, 전부다 확인이 불가능",2018-10-17 00:00:00,0,6,0,자유이용불가,제3유형,과업지시서,
,141,경남관광 길잡이,HOME > 관광정보 > 근대건축문화유산 > 근대건축문화유산 DB,웅동수원지 및 벚꽃장,"양식 - 웅동수원지는 일 방류량 3,000㎥ 규모로 구천동 계곡에서 흐르는 물을 가두어 축조됨",2018-10-17 00:00:00,0,3,0,자유이용불가,제3유형,과업지시서,
,142,경남관광 길잡이,HOME > 관광정보 > 근대건축문화유산 > 근대건축문화유산 DB,통영문화원,"⋅평면 : 1, 2층 문화원
⋅구조 : 벽체 : 전형적인 벽돌조 건축물로서 벽의 구께는 1.5B로 되어 있다. 외부의 벽돌은 가로 쌓기와 세로 쌓기를 번갈아 가면서 쌓은 전형적인 영식쌓기법을 취하고 있다.창문의 하인방은 세로쌓기로 돌출하였고, 상인방은 평아치로 쌓았는데, 아치벽돌을 구워 구조적 안전성을 취하였다. 내부의 구조는 후에 많은 형상을 변경하여 구조벽의 특성을 알 수 없으며, 중앙 후면으로 내부 목재 계단이 있었으며, 2층 바닥과 지붕은 목구조로 되어있었던 것으로 파악된다. 지붕 : 아연, 모임지붕. 높이 : 7.25m
⋅의장 및 장식 : 모임지붕(아연)",2018-10-17 00:00:00,0,4,0,자유이용불가,제3유형,과업지시서,
,143,경남관광 길잡이,HOME > 관광정보 > 근대건축문화유산 > 근대건축문화유산 DB,통영시립박물관,"⋅평면 : 지하1층, 지상 2층, 전면 일자형에 후면 중앙에 계단실을 붙여 T자형의 평면으로 상하 동일한 면적으로 구성되었다. 1층의 내부는 기둥을 두지 않았으므로, 전 후면 벽의 기둥상부를 보강한 플랜지를 사용한 것이 특이하다.
⋅구조 : 벽체 : 외벽은 타일을 붙였는데, 세로 줄눈을 두지 않은 기법을 사용했다. 지붕 : 기와, 모임지붕. 높이 : 7.25m
⋅의장 및 장식 : 모임지붕(기와)",2018-10-17 00:00:00,0,8,0,자유이용불가,제3유형,과업지시서,
,144,경남관광 길잡이,HOME > 관광정보 > 근대건축문화유산 > 근대건축문화유산 DB,효성엔진사,"⋅평면 : 지상 1층
⋅구조 : 산업용의 창고건물로서 목조 트러스 구조, 상부의 도리는 13개를 보냄, 도리부분에 목재의 사장재를 교차시켜 횡력에 보강하도록 한 구조가 특이함, 벽체 : 외부벽체는 목재 비늘판벽으로 추정되는데 현재 아연 스레트로 개조한 상태, 지붕 : 기와를 스레트로 개조하였으며, 박공지붕
⋅의장 및 장식 : 목조 / 슬레이트 지붕",2018-10-17 00:00:00,0,4,0,자유이용불가,제3유형,과업지시서,
,145,경남관광 길잡이,HOME > 관광정보 > 근대건축문화유산 > 근대건축문화유산 DB,도남동 집합주거지,목조 기와 지붕의 단층 집합주택지,2018-10-17 00:00:00,0,3,0,자유이용불가,제3유형,과업지시서,
,146,경남관광 길잡이,HOME > 관광정보 > 근대건축문화유산 > 근대건축문화유산 DB,통영바다마을,"⋅평면 : 전면의 외관과 1, 2층의 내부공간은 거의 변경되었으나, 지붕의 형상은 원형이 잘 남아 있고, 외벽 일부에도 비늘판벽이 남아 있음. 지붕 : 맞배지붕의 목조 위에 기와를 얹은 전형적 일본식 근대건축이다.
⋅의장 및 장식 : 목조기와지붕
",2018-10-17 00:00:00,0,4,0,자유이용불가,제3유형,과업지시서,
,147,경남관광 길잡이,HOME > 관광정보 > 근대건축문화유산 > 근대건축문화유산 DB,세븐 일레븐,"⋅우진각형식의 사모지붕을 하였는데, 도로의 모서리부분에 가각전제된 곳에 의해 지붕이 5각형구성을 하고, 이 모서리 부분의 정면에 매화문의 형상의 가벽을 세운 매우 특이한 건물이다.
⋅의장 및 장식 : 목조슬레이트",2018-10-17 00:00:00,0,3,0,자유이용불가,제3유형,과업지시서,
,148,경남관광 길잡이,HOME > 관광정보 > 근대건축문화유산 > 근대건축문화유산 DB,홍도 등대,"원형 등대이며, 전체적으로는 고전주의풍이다. 출입구 위 포치를 아치형으로 두르고, 1층의 원형창 부분에도 원형을 따라 아치형 상인방을 두었다. 윗부분이 가늘어 지면서 겹겹의 몰딩을 두어 상부 난간을 지지하고 있다. 난간은 철제로 되어 있고, 그 위로 돔형의 등명기가 설치되어 있다.",2018-10-17 00:00:00,0,1,0,자유이용불가,제3유형,과업지시서,
,149,경남관광 길잡이,HOME > 관광정보 > 근대건축문화유산 > 근대건축문화유산 DB,소매물도 등대,"⋅원형 등대로 높이 높아 상대적으로 가늘어 보인다. 중간에 원형 창이 나있고, 꼭대기에는 굵은 몰딩 3줄이 있다. 그 위로 철제 난간이 있어 사람이 지날 수 있게 되어 있고, 돔형 등명기를 설치하였다.
⋅등명기 KRB 375mm, 등질 FIW 13s, 광도 180만cd-26마일, 등고 91m
⋅물량 : 콘크리트 140㎥, 철재 3,100kg
⋅등대 지하에 배전실이 있음
⋅등대 근무원 3명 근무",2018-10-17 00:00:00,0,9,0,자유이용불가,제3유형,과업지시서,
,150,경남관광 길잡이,HOME > 관광정보 > 근대건축문화유산 > 근대건축문화유산 DB,통영해저터널,"해저터널의 공사는 통영운하의 동서 양쪽에 둑을 쌓는 물막이 제방공사를 먼저 하고, 제방 내 바닷물을 퍼내고, 노출된 해저면을 다지는 토목공사를 한 후, 해저면에 부메랑식 방수공법으로 철근콘크리트의 구조물을 건설하고, 완성된 구조물을 흙으로 되메우기를 하여 그 위에 은하를 설치한 것이다.",2018-10-17 00:00:00,0,6,0,자유이용불가,제3유형,과업지시서,
,151,경남관광 길잡이,HOME > 관광정보 > 근대건축문화유산 > 근대건축문화유산 DB,박순금 가옥,"⋅중심가 간선도로에서 골목 안 20m 정도에 위치(구 여객선착장 인근)한 김춘수 생가는 근대한옥 양식의 팔작 기와지붕 굴도리 소로수장집이다.
⋅근래에 마루 전면을 달아내어 타일로 치장한 시멘트 벽과 알미늄 샤시 창호 및 현관을 설치했다.
⋅내벽과 찬장이 현대식으로 개조되었지만 기둥, 창방, 서까래, 소로, 도리 등 목부재는 치목이 정교하고 튼튼하다.",2018-10-17 00:00:00,0,2,0,자유이용불가,제3유형,과업지시서,
,152,경남관광 길잡이,HOME > 관광정보 > 근대건축문화유산 > 근대건축문화유산 DB,청마 유치환 생가 / 묘,"안채는 정면 4칸, 측면 1칸(퇴칸)이며, 아래채는 정면 3칸, 측면 1칸의 초가집이다. 중앙시장 옆으로 도로가 개설되면서 생가 절반이 포함되어 현재 생가는 사라지고 터만 남아 있다.",2018-10-17 00:00:00,0,2,0,자유이용불가,제3유형,과업지시서,
,153,경남관광 길잡이,HOME > 관광정보 > 근대건축문화유산 > 근대건축문화유산 DB,윤이상 생가 터,적벽돌조 스라브 지붕의 단층 대중주택이다.,2018-10-17 00:00:00,0,2,0,자유이용불가,제3유형,과업지시서,
,154,경남관광 길잡이,HOME > 관광정보 > 근대건축문화유산 > 근대건축문화유산 DB,서태열 가옥,목조 스레트 지붕의 단층 대중주택이다.,2018-10-17 00:00:00,0,2,0,자유이용불가,제3유형,과업지시서,
,155,경남관광 길잡이,HOME > 관광정보 > 근대건축문화유산 > 근대건축문화유산 DB,이외옥 가옥,"⋅한식과 일식의 혼용이 두드러지는 주택이다.
⋅전체적인 주택 평면이나 배치 형태는 한옥의 일반적인 특성을 가지고 있으나 재료, 창호 등의 디테일은 일식의 형태를 가지고 있다.
⋅사랑채의 위치에 있는 건물은 건립 시기의 한옥보다는 일식주택의 성격을 나타낸다. (현관부분, 실내의 화장실)
⋅현재 보존 상태가 매우 양호하고 안채의 마루와 다락은 이전의 한옥에서 나타나는 형태를 그대로 보존하고 있다.
⋅안채 뒤편의 다용도실과 화장실은 증축하여 달아내었다.
⋅사랑채와 부속채 1개는 ㄱ자형이다.
⋅사랑채는 일부 RC조이다.
⋅대문, 안채, 사랑채, 바깥채 2, 총 4채, 우울, 장독대, 마당은 흙, 잔디 마감, 정원조성, 담장은 흙+기와로 되어 있다.",2018-10-17 00:00:00,0,8,0,자유이용불가,제3유형,과업지시서,
,156,경남관광 길잡이,HOME > 관광정보 > 근대건축문화유산 > 근대건축문화유산 DB,곽석만 가옥,"⋅RC조이나 일부 이전의 목조의 흔적이 남아 있다.
⋅외벽은 시멘트 몰탈 위에 수성페인트로 마감되었고 슬레이트 지붕이고 이중처마가 남아 있다.
⋅1층은 창고로 사용하고, 2층은 주택이고 벽은 흙벽이고 2층에도 전면에 이중처마가 있다.",2018-10-17 00:00:00,0,6,0,자유이용불가,제3유형,과업지시서,
,157,경남관광 길잡이,HOME > 관광정보 > 근대건축문화유산 > 근대건축문화유산 DB,김일래 가옥,"⋅평면 : 일반 평면
⋅구조 : 목조
⋅의장 및 양식 : 목조 토기와로 근대한옥의 특성을 가지고 있다.
⋅현재는 전면에 샤시를 설치하였고 보존상태가 비교적 양호하고 부속채의 일부는 평기와를 사용하였다.
⋅대문채, 본채, 사랑채, 부속채 등 전체 7채로 구성되었다.",2018-10-17 00:00:00,0,2,0,자유이용불가,제3유형,과업지시서,
,158,경남관광 길잡이,HOME > 관광정보 > 근대건축문화유산 > 근대건축문화유산 DB,이선희 가옥 (철거 또는 멸실),"⋅목조 가구식으로 일부 플라스틱 기와이고, 대체적으로 일식기와가 설치되어 있었던 것으로 추정된다.
⋅보존상태가 좋지 않고 담장은 흙돌담이고 목재창호로 이루어졌다.",2018-10-17 00:00:00,0,8,0,자유이용불가,제3유형,과업지시서,
,159,경남관광 길잡이,HOME > 관광정보 > 근대건축문화유산 > 근대건축문화유산 DB,새고정 식당,"⋅일식의 목재 천정이 아주 인상적이며 전체적으로 일식의 원형을 잘 유지하고 있다.
⋅측면 도로 측에는 2중 처마 구조로 되어 있고 처마 밑의 받침 부분의 문양이 전통 원형 그대로 남아 있고 그 조각이 비교적 정교하다.
⋅기존에는 주택으로 실내 전체 바닥이 다다미였으나 현재는 일부는 다다미를 철거하고 온돌을 설치하였고 일부는 다다미 위에 장판을 깔아 사용하고 있다.
⋅지붕은 일식기와로 되어 있다.",2018-10-17 00:00:00,0,7,0,자유이용불가,제3유형,과업지시서,
,160,경남관광 길잡이,HOME > 관광정보 > 근대건축문화유산 > 근대건축문화유산 DB,왕전천(旺全川)교,"⋅교량 경간은 12m×5개이며, 사다리꼴 교각 4개로 구성된 콘크리트 구조물이다.
⋅교각 아래부분이 넓어지며, 교각상부와 상판은 T형 콘크리트로 구성되어 있다.
⋅교각은 60˚ 경사로 세워져 있다.",2018-10-17 00:00:00,0,4,0,자유이용불가,제3유형,과업지시서,
,161,경남관광 길잡이,HOME > 관광정보 > 근대건축문화유산 > 근대건축문화유산 DB,솔티(松峙)제1터널,"경전선(진주∼순천)이며, 터널형태는 말굽형이다. 구분은 일반터널이며, 종별은 기타터널이다.",2018-10-17 00:00:00,0,6,0,자유이용불가,제3유형,과업지시서,
,162,경남관광 길잡이,HOME > 관광정보 > 근대건축문화유산 > 근대건축문화유산 DB,옥정(玉井)터널,"경전선(진주∼순천)이며, 터널형태는 말굽형이다. 구분은 일반터널이며, 종별은 기타터널이다.",2018-10-17 00:00:00,0,5,0,자유이용불가,제3유형,과업지시서,
,163,경남관광 길잡이,HOME > 관광정보 > 근대건축문화유산 > 근대건축문화유산 DB,죽봉(竹峰)터널,"사천선(당시 진삼선)이며, 터널형태는 말굽형이다. 구분은 일반터널이며, 종별은 기타터널이다.",2018-10-17 00:00:00,0,4,0,자유이용불가,제3유형,과업지시서,
,164,경남관광 길잡이,HOME > 관광정보 > 근대건축문화유산 > 근대건축문화유산 DB,진영역 폐역,"⋅평면 : 대합실- 화장실-역무원실로 구성, 단층 역사로 일반역보다 면적이 큼 (화장실 보수공사 이전에는 외부 창고로 쓰이는 건물이 화장실이었음)
⋅구조 : 외벽 : 시멘트 몰탈 위 수성페인트 마감
⋅의장 및 장식 : 정면과 플렛폼 출입구에는 큰 박공지붕과 겹처마를 설치",2018-10-17 00:00:00,0,8,0,자유이용불가,제3유형,과업지시서,
,165,경남관광 길잡이,HOME > 관광정보 > 근대건축문화유산 > 근대건축문화유산 DB,진영역 수하물 창고,"⋅평면 : 전기실-유류창고-수화물취급소-창고-물품창고 순으로 구성
⋅구조 : 외벽 : 토벽 위 시멘트 몰탈 / 바닥 : 시멘트 몰탈 마감 / 상부구조 : 트러스 / 지붕 : 일식 시멘트기와(녹색 페인트 마감)",2018-10-17 00:00:00,0,5,0,자유이용불가,제3유형,과업지시서,
,166,경남관광 길잡이,HOME > 관광정보 > 근대건축문화유산 > 근대건축문화유산 DB,진영농협농기구센터1 (철거 또는 멸실),"⋅평면 : 동일한 규모의 장방형 창고가 좌우로 연접된 雙倉형식, 평면 중앙에는 목조격벽이 시설되어 있으며, 격벽사이에는 두 개의 개구부가 있음. 출입시설은 정면과 측면, 배면에 각 2개소씩 6개
⋅구조 : 외부 - 흙벽 위 시멘트 몰탈, 네 모서리에 삼각형 부축벽 설치/내부 - 목조 샛기둥, 가새시설
⋅의장 및 장식 : 지붕 – 환기와 채광을 위한 도머창이 특색있음(4개소)",2018-10-17 00:00:00,0,5,0,자유이용불가,제3유형,과업지시서,
,167,경남관광 길잡이,HOME > 관광정보 > 근대건축문화유산 > 근대건축문화유산 DB,진영농협농기구센터2 (철거 또는 멸실),"⋅평면 : 남북으로 긴 장방형의 창고 / 출입시설은 4면에 6개소-정면(西面)과 배면(東面)에 각 2개소씩, 양측면에 각 1개소씩
⋅구조 : 외부 - 흙벽 위 시멘트 몰탈, 외벽에 삼각형 부축벽(버트레스) 설치/ 내부 - 목조 샛기둥, 가새시설
⋅의장 및 장식 : 지붕 – 환기와 채광을 위한 도머창이 특색있음(4개소)",2018-10-17 00:00:00,0,4,0,자유이용불가,제3유형,과업지시서,
,168,경남관광 길잡이,HOME > 관광정보 > 근대건축문화유산 > 근대건축문화유산 DB,진영농협농기구센터3 (철거 또는 멸실),"⋅평면 : 동서로 긴 장방형의 창고 / 출입시설은 정면(西面)과 측면(北面) 각 1개소씩 2개의 철제 출입문이 시설
⋅구조 : 외부 - 흙벽 위 골함석마감 / 내부 - 목조 샛기둥, 가새시설
⋅의장 및 장식 : 양측면 박공 아래에 채광창이 각 1개소씩 시설",2018-10-17 00:00:00,0,4,0,자유이용불가,제3유형,과업지시서,
,169,경남관광 길잡이,HOME > 관광정보 > 근대건축문화유산 > 근대건축문화유산 DB,구본용 가옥 (철거 또는 멸실),"⋅일제시대 생활상, 교육 / 건물입지와 규모로 보아 배경 조사 필요
⋅현재 공가로 방치되어 있지만, 여전히 건물 주변으로 장이 서고 있는 등 사람들이 모이는 구심점에 인접하여 눈길을 끔.
⋅구 진영역 주변 지역에 일제시기 건립된 가옥들이 다수 확인됨
⋅구 진영역사를 중심으로 시민 문화공간으로 활용, 연계하는 방안 필요
⋅도로 계획 사항 확인 필요",2018-10-17 00:00:00,0,6,0,자유이용불가,제3유형,과업지시서,
,170,경남관광 길잡이,HOME > 관광정보 > 근대건축문화유산 > 근대건축문화유산 DB,허금 가옥,-,2018-10-17 00:00:00,0,7,0,자유이용불가,제3유형,과업지시서,
,171,경남관광 길잡이,HOME > 관광정보 > 근대건축문화유산 > 근대건축문화유산 DB,안덕대 가옥,"⋅평면 : 당초 주택 / 현재 : 공가 (슬레이트 지붕의 블록조 창고건물 포함)
⋅구조 : 벽 : 흙벽 위 시멘트몰탈 뿜칠마감 / 바닥 : 온돌 위 시멘트몰탈 / 천장 : 나무반자(복도), 종이반자(방) / 복도 : 장마루",2018-10-17 00:00:00,0,4,0,자유이용불가,제3유형,과업지시서,
,172,경남관광 길잡이,HOME > 관광정보 > 근대건축문화유산 > 근대건축문화유산 DB,손옥선 가옥,"⋅평면 : 당초 주택 / 현재 : 다세대 주택
⋅구조 : 벽 : 흙벽 위 회벽마감 / 바닥 : 온돌 위 시멘트몰탈 / 천장 : 나무반자(복도), 종이반자(방) / 복도 : 장마루",2018-10-17 00:00:00,0,6,0,자유이용불가,제3유형,과업지시서,
,173,경남관광 길잡이,HOME > 관광정보 > 근대건축문화유산 > 근대건축문화유산 DB,박학술 가옥,"⋅평면 : 당초 주택 / 현재 : 주택
⋅구조 : 외벽 : 토벽 위 비늘판벽 / 바닥 : 다다미(거실), 온돌(방) / 천장 : 목조평반자
⋅의장 및 장식 : 창호, 현관",2018-10-17 00:00:00,0,8,0,자유이용불가,제3유형,과업지시서,
,174,경남관광 길잡이,HOME > 관광정보 > 근대건축문화유산 > 근대건축문화유산 DB,생림터널,터널형태는 말굽형이다.,2018-10-17 00:00:00,0,5,0,자유이용불가,제3유형,과업지시서,
,175,경남관광 길잡이,HOME > 관광정보 > 근대건축문화유산 > 근대건축문화유산 DB,마사터널,터널형태는 말굽형이다.,2018-10-17 00:00:00,0,3,0,자유이용불가,제3유형,과업지시서,
,176,경남관광 길잡이,HOME > 관광정보 > 근대건축문화유산 > 근대건축문화유산 DB,진영 구시장 (철거 또는 멸실),"⋅평면 : 당초 시장건물로 사용하다 근래에는 내부공간을 분할하여 주택으로 사용됨
⋅구조 : 외벽 : 토벽 위 비늘판벽 / 바닥 : 시멘트 몰탈 마감 / 상부구조 : 목조 왕대공 트러스",2018-10-17 00:00:00,0,4,0,자유이용불가,제3유형,과업지시서,
,177,경남관광 길잡이,HOME > 관광정보 > 근대건축문화유산 > 근대건축문화유산 DB,매일식육점,"⋅평면 : 건축물대장 상의 점포 135.54㎡, 점포 49.59㎡, 창고 9.92㎡가 ‘ㄷ’ 형태로 1층을 이루는데 도로에 면한 점포(135.54㎡)는 2층으로 건축되어 있어 대장에 기록된 연면적과 실제는 차이가 있다. 정면의 상점 출입부 외에 우측면에 별도의 출입구를 구성하여 세 동의 건물 사이에 조성된 중정형태의 마당으로 출입이 가능하다.
⋅구조 : 벽체의 경우, 정면은 붉은 벽돌과 샤시, 통유리로 마감하였고 측면은 시멘트 몰탈 뿜칠하였다. 일식시멘트기와 팔작지붕으로 도로에 면한 쪽은 겹처마를 설치하였다. 현재 지붕의 상태는 과거 누수방지를 위해 도포한 우레탄폼이 부식되어 미관상 좋지 않다.
⋅의장 및 양식 : 창은 목조 창틀을 그대로 유지하고 있으나, 관리가 안된 탓에 2층 창호의 유리창이 훼손되어 있는 상태이다. 일부 창호에는 덧창과 나무함이 함께 설치되어 있다.",2018-10-17 00:00:00,0,10,0,자유이용불가,제3유형,과업지시서,
,178,경남관광 길잡이,HOME > 관광정보 > 근대건축문화유산 > 근대건축문화유산 DB,배영백 가옥,"⋅평면 : 당초 1, 2층 학교 교사 / 현재 : 1층 - 주택, 2층 - 비어있음.
⋅구조 : 벽체 : 1층 - 시멘트 블록, 2층 - 흙벽 위 추후 몰탈 보강
⋅지붕 : 일식평기와 우진각 지붕
⋅의장 및 장식 : 한옥 구조 + 일식 기와, 일부 일식 비늘판벽",2018-10-17 00:00:00,0,5,0,자유이용불가,제3유형,과업지시서,
,179,경남관광 길잡이,HOME > 관광정보 > 근대건축문화유산 > 근대건축문화유산 DB,안재범 주택 (철거 또는 멸실),의장 및 장식 : 외벽 - 목조 비늘판벽 / 지붕 - 일식기와 우진각 지붕,2018-10-17 00:00:00,0,4,0,자유이용불가,제3유형,과업지시서,
,180,경남관광 길잡이,HOME > 관광정보 > 근대건축문화유산 > 근대건축문화유산 DB,밀양세무서 (철거 또는 멸실),"⋅구조 : 구 사무실(1동) : 철근콘크리트조 / 외벽마감 - 시멘트 뿜칠
⋅내부 - 시멘트몰탈 마감 뒤 수성페인트",2018-10-17 00:00:00,0,5,0,자유이용불가,제3유형,과업지시서,
,181,경남관광 길잡이,HOME > 관광정보 > 근대건축문화유산 > 근대건축문화유산 DB,구 밀양역 파출소,"⋅구조: 지붕구조-목조왕대공 트러스조, 천장- 목조 평반자.
⋅마감: 외벽- 흙벽 위 시멘트 몰탈 뿜칠, 내벽- 흙벽 위 수성페인트, 바닥- 시멘트몰탈 , 천장- 목조평반자
.⋅정면 중앙에 박공형 캐노피를 달아내고, 그 밑에 알루미늄 샤시문을 시설.
⋅외벽은 흙벽에 시멘트 모르타르 뿜칠을 한 형태로, 창호는 세장한 오르내리기창이었으나 근년에 알루미늄 샤시로 교체 됨. 지붕은 슬레이트 우진각 지붕으로, 당초에는 30cm각의 평슬레이트를 사용 했던 것으로 보이나 지금은 최근에 소골슬레이트로 교체됨. 징두리벽의 경우 정면에는 적벽돌 타일을 붙였으며, 측면에는 화강석을 첨부한 것처럼 마감.
⋅내벽은 흙벽 위에 수성페인트를 도색했으며, 건물 내부의 바닥은 시멘트 몰탈로 마감됨.",2018-10-17 00:00:00,0,7,0,자유이용불가,제3유형,과업지시서,
,182,경남관광 길잡이,HOME > 관광정보 > 근대건축문화유산 > 근대건축문화유산 DB,박희수 창고,"⋅상부구조 : 왕대공 트러스
⋅의장 및 장식 : 외부 - 목조가새 위 골함석마감",2018-10-17 00:00:00,0,9,0,자유이용불가,제3유형,과업지시서,
,183,경남관광 길잡이,HOME > 관광정보 > 근대건축문화유산 > 근대건축문화유산 DB,유화상사,"⋅평면 : 철도관사 중 7등급 관사 / 현관, 방3개, 부엌, 마루, 화장실로 구성
⋅구조 : 목조 왕대공 트러스, 목조기둥 사이에 흙벽을 치고 지붕에 골함석을 덮은 형태
⋅의장 및 장식 : 외부–목조비늘판벽 /내부–흙벽, 바닥-시멘트 몰탈 마감
⋅일제강점기 지방 한천공장의 구조와 형태를 보여주는 건물임.",2018-10-17 00:00:00,0,4,0,자유이용불가,제3유형,과업지시서,
,184,경남관광 길잡이,HOME > 관광정보 > 근대건축문화유산 > 근대건축문화유산 DB,손차돈 가옥,"⋅평면 : 방2개 부엌, 화장실, 마루로 구성(2004)
⋅구조 : 외부 - 목조비늘판벽 / 내부 - 흙벽 / 천장 - 종이반자(2004)
⋅의장 및 장식 : 방 - 시멘트 마감 위 장판 / 거실-장마루, 내부 - 유리 / 외부 – 판문(2004)",2018-10-17 00:00:00,0,5,0,자유이용불가,제3유형,과업지시서,
,185,경남관광 길잡이,HOME > 관광정보 > 근대건축문화유산 > 근대건축문화유산 DB,이문수 가옥,"⋅평면 : 현관, 방4개, 부엌, 마루, 화장실로 구성
⋅구조 : 내부 - 흙벽 / 천장 – 종이반자
⋅의장 및 장식 : 외부 – 목조비늘판벽이였으나(2004) 현재는 일반 목조 판벽",2018-10-17 00:00:00,0,7,0,자유이용불가,제3유형,과업지시서,
,186,경남관광 길잡이,HOME > 관광정보 > 근대건축문화유산 > 근대건축문화유산 DB,박금옥 가옥,"⋅평면 : 온돌방 3개, 창고, 부엌, 화장실로 구성
⋅의장 및 장식 : 정면 1층 상부에 일식기와 눈썹지붕 시설",2018-10-17 00:00:00,0,9,0,자유이용불가,제3유형,과업지시서,
,187,경남관광 길잡이,HOME > 관광정보 > 근대건축문화유산 > 근대건축문화유산 DB,오분이 가옥,평면 : 2호 연립형태이며 서로 대칭적인 평면 형태,2018-10-17 00:00:00,0,10,0,자유이용불가,제3유형,과업지시서,
,188,경남관광 길잡이,HOME > 관광정보 > 근대건축문화유산 > 근대건축문화유산 DB,이달주 가옥,"⋅구조 : 상부구조 : 목조 / 일식기와 팔작지붕 위 방수처리마감
⋅벽 : 흙벽 위 회벽 마감 / 천장 : 합판반자
⋅의장 및 장식 : 도로에 면한 정면은 창호로만 구성, 배면에는 흙벽 위 회벽마감",2018-10-17 00:00:00,0,7,0,자유이용불가,제3유형,과업지시서,
,189,경남관광 길잡이,HOME > 관광정보 > 근대건축문화유산 > 근대건축문화유산 DB,손대식 가옥(東村),"⋅안마당 사랑마당, 행랑마당을 명확히 구분한 ‘ㄷ자형’의 서울식 배치형식
⋅안채는 배면 툇간과 부엌의 측면칸을 증축하고, 부섭지붕을 달아내어 겹집형의 평면
⋅안채에 부엌과 정지방이 있는 것이 특이함
⋅사랑채는 본래 4칸 일(一)자형이었으나 안채 쪽으로 안사랑채를 증축하여 ‘T자형’ 겹집이 되었으며, 이 밖에 방앗간채와 대문가 있음
⋅안마당 주위의 건물은 안채와 사랑채, 중문채, 방앗간채, 부속채로 ‘튼ㅁ자형’을 이루고 있어, 안마당을 중심으로 경리시설이 집약되는 근대한옥의 특징을 잘 보여줌
⋅평면 : 안 채 : 규모-정면 7칸, 측면 1.5칸, 한식목조, 사랑채, 안사랑채 : 규모- 정면 10칸(6칸 증축), 측면 5.5칸(4칸 증축)
⋅구조 : 안 채 :자연석초석, 각주와 원주 혼용, 장혀수장, 3량가. 홑처마 팔작지붕, 사랑채, 안사랑채 : 자연석초석, 각주와 원주 혼용, 소로수장, 3량가, 홑처마 팔작?맞배지붕",2018-10-17 00:00:00,0,9,0,자유이용불가,제3유형,과업지시서,
,190,경남관광 길잡이,HOME > 관광정보 > 근대건축문화유산 > 근대건축문화유산 DB,손병구 가옥,"⋅짧은 고샅을 통해 대문채로 진입하며, 각 실의 배면에 근대적인 성격의 크고 작은 반침이 발달해 있고, 특히 안채, 사랑채 모두 측퇴의 뒤쪽에 변소가 설치되어 있음
⋅안채와 사랑채 공히 마루 앞에 유리창이 달려있으며, 안채 배면에 明治式복도가 있어 실내 화장실로 동선이 연결 됨
⋅평면 : 안 채 : 규모-정면 6간, 측면 2칸(전후 툇간), 한식 목조 기와 팔작지붕, 사랑채 : 규모- 정면 4간, 측면 1.5칸, 한식 목조 / 팔작지붕
⋅구조 : 안 채 : 장대석 기단, 가공초석, 각주, 장혀수장, 3량가. 홑처마 팔작지붕, 사랑채 :장대석 기단, 가공초석, 각주, 쪽소로 수장, 3량가 / 홑처마 팔작지붕",2018-10-17 00:00:00,0,10,0,자유이용불가,제3유형,과업지시서,
,191,경남관광 길잡이,HOME > 관광정보 > 근대건축문화유산 > 근대건축문화유산 DB,손병순 가옥,"⋅안마당을 중심으로 ‘一자형’의 안채와 부속채, ‘ㄱ자형’ 사랑채와 중문간이 배치되어 전체적으로 ‘튼ㄱ자형’을 이루고 있음
⋅안채의 부엌 앞에 ‘ㄱ자형’ 사랑채가 인접 배치되어 있으며, 안채 부엌이 확장되면서 사랑채와 안채지붕이 중첩되어 있음
⋅평면 : 안 채 : 규모-정면 7칸(부엌 1칸 증축), 측면 1.5칸, 한식 목조 기와 맞배지붕, 사랑채 : 규모- 정면 3칸, 측면 1.5칸, 한식 목조 기와 팔작지붕
⋅구조 : 안 채 : 막돌초석, 각주와 원주 혼용, 장혀수장, 3량가. 홑처마 맞배지붕, 사랑채 : 가공초석, 각주와 원주 혼용, 장혀수장, 3량가 홑처마 팔작지붕",2018-10-17 00:00:00,0,5,0,자유이용불가,제3유형,과업지시서,
,192,경남관광 길잡이,HOME > 관광정보 > 근대건축문화유산 > 근대건축문화유산 DB,이우성 가옥,"첨부파일파일다운로드
⋅평면 : (안 채 : 정면 5칸, 측면 1.5칸), (사랑채 : 정면 3칸, 측면 1칸)
⋅구조 : (안 채 :한식 목조 기와, 3량가, 홑처마 팔작지붕), (사랑채 :한식 목조 기와, 3량가, 홑처마 우진각지붕)
⋅의장 및 양식 : (안 채 : 자연석초석, 각주, 장혀수장, 3량가), (사랑채 : 자연석초석, 각주, 장혀수장, 3량가의 ㄱ자형건물)
⋅1920년대에 건축된 근대한옥으로 배치형식은 동서로 긴 대지에 안채와 사랑채를 앞뒤로 배치한 직렬형이다. 대문 서편의 바깥마당에 면해 사랑채로 들어가는 협문이 배치되고, 사랑채 좌측면에 붙여 안채로 통하는 중문을 두었다. 대지 내의 안채와 곳간채와 사랑채는 안마당을 가운데 두고 ‘튼ㅁ자형’으로 배치되어 있다. 안마당 정면에 ‘一자형’의 안채를 두고, 동서측에 각각 곳간채가 자리잡고 있다.",2018-10-17 00:00:00,0,10,0,자유이용불가,제3유형,과업지시서,
,193,경남관광 길잡이,HOME > 관광정보 > 근대건축문화유산 > 근대건축문화유산 DB,이병수 가옥,"⋅평면 : (안 채 : 정면 5칸, 측면 1.5칸), (사랑채 : 정면 3칸, 측면 1칸)
⋅구조 : (안 채 :한식 목조 기와, 3량가, 홑처마 팔작지붕), (사랑채 :한식 목조 기와, 3량가, 홑처마 우진각지붕)
⋅의장 및 양식 : (안 채 : 자연석초석, 각주, 장혀수장, 3량가), (사랑채 : 자연석초석, 각주, 장혀수장, 3량가의 ㄱ자형건물)
⋅1920년대에 건축된 근대한옥으로 배치형식은 동서로 긴 대지에 안채와 사랑채를 앞뒤로 배치한 직렬형이다. 대문 서편의 바깥마당에 면해 사랑채로 들어가는 협문이 배치되고, 사랑채 좌측면에 붙여 안채로 통하는 중문을 두었다. 대지 내의 안채와 곳간채와 사랑채는 안마당을 가운데 두고 ‘튼ㅁ자형’으로 배치되어 있다. 안마당 정면에 ‘一자형’의 안채를 두고, 동서측에 각각 곳간채가 자리잡고 있다",2018-10-17 00:00:00,0,5,0,자유이용불가,제3유형,과업지시서,
,194,경남관광 길잡이,HOME > 관광정보 > 근대건축문화유산 > 근대건축문화유산 DB,안병석 가옥,"⋅평면 : (안 채 : 정면 5칸, 측면 1.5칸), (사랑채 : 정면 3칸, 측면 1칸)
⋅구조 : (안 채 :한식 목조 기와, 3량가, 홑처마 팔작지붕), (사랑채 :한식 목조 기와, 3량가, 홑처마 우진각지붕)
⋅의장 및 양식 : (안 채 : 자연석초석, 각주, 장혀수장, 3량가), (사랑채 : 자연석초석, 각주, 장혀수장, 3량가의 ㄱ자형건물)
⋅1920년대에 건축된 근대한옥으로 배치형식은 동서로 긴 대지에 안채와 사랑채를 앞뒤로 배치한 직렬형이다. 대문 서편의 바깥마당에 면해 사랑채로 들어가는 협문이 배치되고, 사랑채 좌측면에 붙여 안채로 통하는 중문을 두었다. 대지 내의 안채와 곳간채와 사랑채는 안마당을 가운데 두고 ‘튼ㅁ자형’으로 배치되어 있다. 안마당 정면에 ‘一자형’의 안채를 두고, 동서측에 각각 곳간채가 자리잡고 있다.",2018-10-17 00:00:00,0,7,0,자유이용불가,제3유형,과업지시서,
,195,경남관광 길잡이,HOME > 관광정보 > 근대건축문화유산 > 근대건축문화유산 DB,안세환 가옥,"⋅평면 : (안 채 : 정면 5칸, 측면 2칸), (사랑채 : 정면 4칸, 측면 4칸)
⋅구조 : (안 채 :한식 목조 기와, 3량가 홑처마 팔작지붕), (사랑채 :한식 목조 기와, 3량가의 ㄱ자형건물, 홑처마 팔작지붕)
⋅의장 및 양식 : (안 채 : 자연석초석, 각주, 장혀수장), (사랑채 : 자연석초석, 각주, 장혀수장)
⋅대지 남쪽 중앙의 정면 4간의 대문채를 들어서면, 정면에 ‘一자 형’의 안채가 보이고 그 좌측에 ‘ㄱ자형’의 사랑채가 안마당을 등지고 배치되어 있음.
⋅대지 남쪽 중앙의 대문채 외에 사랑채로 통하는 협문을 설치하여 남녀 출입동선을 분리⋅안채 앞의 안마당은 농작업을 위한 작업마당의 기능이 부가된 형식임.
⋅남녀 생활공간의 분리가 미약하나, ‘ㄱ자형’ 사랑채의 익사로 인해 안마당과 사랑마당이 공간적으로 분리되게 함.",2018-10-17 00:00:00,0,5,0,자유이용불가,제3유형,과업지시서,
,196,경남관광 길잡이,HOME > 관광정보 > 근대건축문화유산 > 근대건축문화유산 DB,안재명 가옥,"⋅평면 : (안 채 : 정면 6칸, 측면 1.5칸), (사랑채 : 정면 3칸, 측면 2칸)
⋅양식 : (안 채 :한식 목조 기와, 3량가, 홑처마 팔작지붕), (사랑채 :한식 목조 기와, 3량가의 ㄱ자형건물, 홑처마 팔작지붕)
⋅구조 : (안 채 : 자연석초석, 각주, 장혀수장), (사랑채 : 자연석초석, 각주와 원주 혼용, 장혀수장)
⋅1910년에 건축된 근대한옥으로 배치는 안마당을 중심으로 ‘一자형’의 안채와 사랑채, 기타 부속채가 배치되어 ‘ㅁ자형’을 이룬다. 동향하는 대문채를 들어서면 정면에 안채로 들어가는 중문이 있고, 그 옆에 사랑채가 동향하여 배치되어 있다. 안채는 중문을 통해 진입하는 일반형의 마당구성을 보이며, 안채와 사랑채는 모로 배치되어 있다.",2018-10-17 00:00:00,0,11,0,자유이용불가,제3유형,과업지시서,
,197,경남관광 길잡이,HOME > 관광정보 > 근대건축문화유산 > 근대건축문화유산 DB,삼랑진역 급수탑,"⋅평면 : 원형 콘크리트 블록
⋅구조 : 벽체 : 콘크리트 블록조 / 바닥 : 1층 – 장마루
⋅의장 및 장식 : 넝쿨이 급수탑 외부를 장식함",2018-10-17 00:00:00,0,6,0,자유이용불가,제3유형,과업지시서,
,198,경남관광 길잡이,HOME > 관광정보 > 근대건축문화유산 > 근대건축문화유산 DB,삼랑진교,"⋅상부 - 철골트러스 / 리벳접합
⋅교각은 I형과 사다리꼴 형이 섞여 있으며, 또 재료도 석조와 콘크리트가 혼합되어있다.
⋅트러스는 장방형이 아닌 반원 아치형으로 가새 등 복잡한 형태를 취하고 있다.",2018-10-17 00:00:00,0,4,0,자유이용불가,제3유형,과업지시서,
,199,경남관광 길잡이,HOME > 관광정보 > 근대건축문화유산 > 근대건축문화유산 DB,삼랑진천교,"⋅교량 경간은 21.3m×1개, 9m×1개, 21.1m×2개이며, 사다리꼴 모양 교각 2개와 I자 교각 1개로 구성된 콘크리트 구조물이다.
⋅사다리꼴 모양 교각은 아래부분이 더 넓게 만들어져 있으며, 교량 자체가 곡선으로 이루어져 있어 마지막 I자 교량은 기존 교각과 달리 윗부분을 넓게 만들었다.
⋅교량 침목 147개, 대피소 좌측 1개소",2018-10-17 00:00:00,0,2,0,자유이용불가,제3유형,과업지시서,
,200,경남관광 길잡이,HOME > 관광정보 > 근대건축문화유산 > 근대건축문화유산 DB,낙동강철교,"⋅하부 - 철근 콘크리트 슬래브교 / 상부 - 리벳접합
⋅장방형의 트러스 구조 위에 정사각형의 박스형 가새를 설치한 구조이다.
⋅교각 경간은 60m+59.4m+60m×5개로 이루어졌다.",2018-10-17 00:00:00,0,8,0,자유이용불가,제3유형,과업지시서,
,201,경남관광 길잡이,HOME > 관광정보 > 근대건축문화유산 > 근대건축문화유산 DB,칠성천교,"⋅교량 경간은 12.1m×3개이며, 타원형 교각 2개로 구성된 콘크리트 구조물이다.
⋅교각기초는 우물통 기초이며, 상로 복선철로이다.
⋅교량침목 98개, 대피소 좌?우측 각각 1개소",2018-10-17 00:00:00,0,2,0,자유이용불가,제3유형,과업지시서,
,202,경남관광 길잡이,HOME > 관광정보 > 근대건축문화유산 > 근대건축문화유산 DB,승천교,"⋅평면 : 교량 경간은 18.3m×1개의 단경간
⋅구조 : 판형 철골 구조",2018-10-17 00:00:00,0,4,0,자유이용불가,제3유형,과업지시서,
,203,경남관광 길잡이,HOME > 관광정보 > 근대건축문화유산 > 근대건축문화유산 DB,청용산터널,"⋅경부선이며 상로 복선의 터널이며, 터널형태는 말굽형이다. 구분은 일반터널이며, 종별은 기타터널이다.
⋅대피소는 좌측 40m 간격으로 5개소, 우측 40m 간격으로 6개소",2018-10-17 00:00:00,0,12,0,자유이용불가,제3유형,과업지시서,
,204,경남관광 길잡이,HOME > 관광정보 > 근대건축문화유산 > 근대건축문화유산 DB,검세터널,"⋅경부선이며 상로 복선의 터널이며, 터널형태는 말굽형이다. 구분은 일반터널이며, 종별은 기타터널이다.
⋅대피소는 없으며, 터널굴착은 수굴공법이다.",2018-10-17 00:00:00,0,1,0,자유이용불가,제3유형,과업지시서,
,205,경남관광 길잡이,HOME > 관광정보 > 근대건축문화유산 > 근대건축문화유산 DB,작원관터널(상),"⋅경부선이며 상로 복선(상행선)의 터널이며, 터널형태는 말굽형이다. 구분은 일반터널이며, 종별은 기타터널이다.
⋅대피소는 없으며, 기초도 없는 터널이다.
⋅터널 입구에 석조로 치장하였다.",2018-10-17 00:00:00,0,18,0,자유이용불가,제3유형,과업지시서,
,206,경남관광 길잡이,HOME > 관광정보 > 근대건축문화유산 > 근대건축문화유산 DB,작원관터널(하),"⋅경부선이며 상로 복선(하행선)의 터널이며, 터널형태는 말굽형이다. 구분은 일반터널이며, 종별은 기타터널이다.
⋅대피소는 우측 40m 간격으로 12개소, 대형대피소 우측 1개소가 있다. 기초는 없는 터널이이며, 조명이 설치되어 있다.",2018-10-17 00:00:00,0,17,0,자유이용불가,제3유형,과업지시서,
,207,경남관광 길잡이,HOME > 관광정보 > 근대건축문화유산 > 근대건축문화유산 DB,삼랑진터널,"⋅구조 : 말굽형 터널이며, 석조 및 조적조
⋅내벽 - 하부 석조, 상부 적벽돌 길이쌓기 마감",2018-10-17 00:00:00,0,7,0,자유이용불가,제3유형,과업지시서,
,208,경남관광 길잡이,HOME > 관광정보 > 근대건축문화유산 > 근대건축문화유산 DB,상동터널,"하부는 석축(馬蹄형 아치), 내부벽면은 적벽돌 치장쌓기(길이쌓기)",2018-10-17 00:00:00,0,7,0,자유이용불가,제3유형,과업지시서,
,209,경남관광 길잡이,HOME > 관광정보 > 근대건축문화유산 > 근대건축문화유산 DB,밀양 구 비행기 격납고,"⋅구조 : 격납고는 반원형(아취 자름:13.6m, 높이:3.1m, 길이: 13m) 철근 콘크리트 건물. 슬라브의 두께는 약 25cm이고, 14mm 원형철근을 사용
⋅시공 : 흙을 쌓아 둥글게 올린 다음 거적과 가마니를 깔고 그 위에 철근을 배근하고 콘크리트를 타설하는 방식
⋅의장 및 장식 : 내부의 흙은 콘크리트 경화 후 제거했으며, 외부의 노출된 콘크리트 위에 흙을 덮은 다음 잡초를 심어 위장",2018-10-17 00:00:00,0,2,0,자유이용불가,제3유형,과업지시서,
,210,경남관광 길잡이,HOME > 관광정보 > 근대건축문화유산 > 근대건축문화유산 DB,내일동 제1배수지,"⋅평면 : 원형건물 2동, 외부에서 보면 단층이나 건물내부에는 지하공간을 두고 거기에 수도 관련 배관과 밸브를 시설
⋅구조 : 철근콘크리트 평슬라브조
⋅의장 및 장식 : 외벽-몰탈 뿜칠 마감, 창호는 정방형에 가까운 형태",2018-10-17 00:00:00,0,8,0,자유이용불가,제3유형,과업지시서,
,211,경남관광 길잡이,HOME > 관광정보 > 근대건축문화유산 > 근대건축문화유산 DB,삼문동 정수장 기계실,"⋅철근 콘크리트의 평슬라브조 시설로 외관은 단층이나 내부에는 지하층이 시설되어 있다. 건물 내 지하 기계실에는 수돗물 공급에 필요한 펌프가 설치되어 있다.
⋅건물의 출입구 양옆에 각형 기둥을 세우고 캐노피를 짧게 뽑아내어 정면성을 강조하였다. 창은 세로로 세장한 형태로, 건립 당초에는 오르내리기 창을 시설한 것으로 보이나 지금은 알루미늄 새시창으로 모두 교체되었다. 창문의 상인방에만 타일을 붙여 장식했다.
⋅외벽면은 몰탈을 뿜칠하여 마감했다. 외벽 창호 상부에 돌출형의 수평돌림띠를 돌려 장식하고 그 상부에 다시 파라펫을 시설한 형태이다.",2018-10-17 00:00:00,0,4,0,자유이용불가,제3유형,과업지시서,
,212,경남관광 길잡이,HOME > 관광정보 > 근대건축문화유산 > 근대건축문화유산 DB,삼문동 정수장 집수정,"⋅철근콘크리트조 평지붕
⋅외벽마감 : 시멘트 몰탈 뿜칠
⋅지하공간에 수도관련 배관과 밸브가 시설
⋅기계실과 마주보며 배치되어 있는 철근콘크리트조 원형 평면의 건물이다. 정면에 정방형의 현관부를 돌출시켜 정면성을 강조하였다. 현관과 건물의 머리에는 각각 간략한 코니스와 돌림띠를 시설하였다. 현관에는 두 짝의 새시 문이 달려있으며, 외벽은 몰탈을 뿜칠하여 마감하였다. 외벽에는 세장한 형태의 목제(木製) 오르내리기 창을 시설한 것으로 보이나 현재는 알루미늄 샤시창으로 개조되어 있다.
⋅건물내부에는 지하공간을 두고 거기에 수도 관련 배관과 밸브를 시설했다. 비교적 원형의 모습을 잘 간직하고 있는 소규모의 근대 건축물로 정연한 비례와 장식이 특징이다.",2018-10-17 00:00:00,0,4,0,자유이용불가,제3유형,과업지시서,
,213,경남관광 길잡이,HOME > 관광정보 > 근대건축문화유산 > 근대건축문화유산 DB,문차순 가옥,"⋅평면 : 철도관사
⋅구조 : 일식 목조 가구. 일식평기와 맞배지붕
⋅의장 및 장식 : 외부 – 목조비늘판벽",2018-10-17 00:00:00,0,6,0,자유이용불가,제3유형,과업지시서,
,214,경남관광 길잡이,HOME > 관광정보 > 근대건축문화유산 > 근대건축문화유산 DB,밀양 퇴로리 이씨고가,"⋅남북으로 긴 대지에 남쪽의 사랑마당, 북쪽의 안마당, 사당마당, 행랑마당 등 마당의 분리가 특징이며, 특히 안채를 중심으로 좌우에 위치한 부속채와 아래채, 사랑채가 ‘튼ㅁ자형’의 안마당을 형성함.
⋅안채는 전후좌우에 퇴가 있어 겹집화되어 있고, 건너방 아래에는 함실아궁이를 설치했음.
⋅평면 : 안 채 - 정면 6칸, 측면 2칸, 한식 목조 기와 홑처마 팔작지붕, 사랑채 - 정면 5간, 측면 1칸, 한식 목조 기와 홑처마 맞배지붕
⋅구조 : 안 채 – 방형의 다듬은 초석, 원주와 각주, 장혀수장, 3량가, 사랑채 - 막돌초석, 각주, 장혀수장, 3량가",2018-10-17 00:00:00,0,5,0,자유이용불가,제3유형,과업지시서,
,215,경남관광 길잡이,HOME > 관광정보 > 근대건축문화유산 > 근대건축문화유산 DB,고현동사무소,"⋅화강석 조적조의 외벽에 내벽은 벽돌로 조적하였고, 지붕은 목조 틀 위에 함석을 덮음
⋅ㄱ자형의 평면에 전면의 중앙 출입구는 조금 돌출하였고, 그 상부는 수직박공면으로 구성
⋅그 앞으로 케노피를 두었는데, 두 개의 기둥은 외벽의 거친 다듬(quarry-faced masonry)과는 다른 도드락 다듬의 석재 구성
⋅창문은 세로로 긴 창에 상?하 인방석을 내쌓기 하였고, 외벽 상부의 돌림띠(cornice)는 삼중으로 돌출하여 장식적 특성이 강함",2018-10-17 00:00:00,0,6,0,자유이용불가,제3유형,과업지시서,
,216,경남관광 길잡이,HOME > 관광정보 > 근대건축문화유산 > 근대건축문화유산 DB,거제문화원,"⋅철근콘크리트조에 슬라브지붕으로 구성된 전형적인 모더니즘적 건축
⋅평면은 일자형의 공간을 먼저 지었고, 양쪽에 증축하여 전체적으로 ㄷ자형의 공간으로 구성된 건물",2018-10-17 00:00:00,0,5,0,자유이용불가,제3유형,과업지시서,
,217,경남관광 길잡이,HOME > 관광정보 > 근대건축문화유산 > 근대건축문화유산 DB,할매 함흥냉면,"⋅ 2층 목조 주택으로 일본인 목수에 의해 건축된 대표적인 주택
⋅전면의 출입문은 미서기문(후스마)으로 구성하고 외벽은 가로무늬 비늘판벽으로 마감
⋅지붕은 우진각으로 함석으로 지붕을 덮었음",2018-10-17 00:00:00,0,5,0,자유이용불가,제3유형,과업지시서,
,218,경남관광 길잡이,HOME > 관광정보 > 근대건축문화유산 > 근대건축문화유산 DB,지준호 가옥,"⋅ 2층 목조 주택으로 일본인 목수에 의해 건축된 대표적인 주택
⋅전면의 출입문은 미서기문(후스마)으로 구성하고 외벽은 가로무늬 비늘판벽으로 마감
⋅지붕은 우진각으로 함석으로 지붕을 덮었음",2018-10-17 00:00:00,0,5,0,자유이용불가,제3유형,과업지시서,
,219,경남관광 길잡이,HOME > 관광정보 > 근대건축문화유산 > 근대건축문화유산 DB,서이말 등대,"원형 등대로 홍도등대와 비슷한 형태이지만, 출입구의 포치가 직선적이다. 창은 원형창이며, 창 위의 인방은 아치를 두르고 있다. 하지만 하부에 몰딩을 주고 있고, 내부 원형 계단을 따라 올라가면 2층, 3층에 돔형 등명기를 설치하였다.",2018-10-17 00:00:00,0,8,0,자유이용불가,제3유형,과업지시서,
,220,경남관광 길잡이,HOME > 관광정보 > 근대건축문화유산 > 근대건축문화유산 DB,거제 포로수용소,"무근 콘크리트로 구성된 지휘소 및 막사가 일부 남아 있으며, 천막으로 된 대부분의 구조는 철거되었고, 현재는 복원 모형으로 만든 체험관이 만들어져 있다.",2018-10-17 00:00:00,0,9,0,자유이용불가,제3유형,과업지시서,
,221,경남관광 길잡이,HOME > 관광정보 > 근대건축문화유산 > 근대건축문화유산 DB,황덕도 등대,"원형 등대이며, 전체적인 모양은 탑과 비슷하다. 옥개석이 올라가면서 작아지듯 상부로 올라가면서 내부로 들어가는 몰딩에 의해 점점 좁아진다. 꼭대기에는 원형 콘크리트 스라브와 난간을 설치하고, 노출형 등명기를 달았다.",2018-10-17 00:00:00,0,9,0,자유이용불가,제3유형,과업지시서,
,222,경남관광 길잡이,HOME > 관광정보 > 근대건축문화유산 > 근대건축문화유산 DB,초리도 등대,"원형 등대이며, 전체적인 이미지는 첨성대와 비슷한 형태이다. 원형기단 위에 사각 출입구와 포치가 작게 설치되어 있고, 꼭대기에 콘크리트 스라브와 난간을 설치하였고, 노출 등명기를 설치하였다.",2018-10-17 00:00:00,0,8,0,자유이용불가,제3유형,과업지시서,
,223,경남관광 길잡이,HOME > 관광정보 > 근대건축문화유산 > 근대건축문화유산 DB,하청 교회,"⋅1918년 하청리 창동에 예배당 헌납
⋅1991년 12월 27일 거제시 하청면 현 위치 예배당 신축",2018-10-17 00:00:00,0,12,0,자유이용불가,제3유형,과업지시서,
,224,경남관광 길잡이,HOME > 관광정보 > 근대건축문화유산 > 근대건축문화유산 DB,만수회관 / 탈무리공방,"⋅구조 : 외벽-적벽돌 조적조, 지붕-일식기와 우진각 지붕
⋅의장 및 장식 : 바닥-시멘트 몰탈 마감, 천장-종이반자",2018-10-17 00:00:00,0,4,0,자유이용불가,제3유형,과업지시서,
,225,경남관광 길잡이,HOME > 관광정보 > 근대건축문화유산 > 근대건축문화유산 DB,7704간판,"⋅평면 : 1층 –간판 작업실(내부공간이 개방)
⋅구조 : 목조 / 슬레이트 우진각지붕
⋅의장 및 장식 : 외벽: 뿜칠 위 페인트, 내벽: 목재 판벽, 바닥: 시멘트 몰탈,  마감 천장; 목조 평반자",2018-10-17 00:00:00,0,4,0,자유이용불가,제3유형,과업지시서,
,226,경남관광 길잡이,HOME > 관광정보 > 근대건축문화유산 > 근대건축문화유산 DB,원동역 창고,"⋅평면 : 1층 창고
⋅구조 : 벽체-목조로 신축되었을 것으로 추정되나 현재 조적조에 시멘트 몰탈 위 수성페인트 마감, 지붕-일식 시멘트 평기와에 녹색 페인트 마감된 상태.
⋅의장 및 장식 :바닥 : 시멘트 몰탈 마감",2018-10-17 00:00:00,0,7,0,자유이용불가,제3유형,과업지시서,
,227,경남관광 길잡이,HOME > 관광정보 > 근대건축문화유산 > 근대건축문화유산 DB,상아테크,"⋅구조 : 목조 트러스
⋅외벽 : 목조 가새 위 소골 함석판 마감
⋅의장 및 장식 : 바닥 - 시멘트 몰탈 마감",2018-10-17 00:00:00,0,5,0,자유이용불가,제3유형,과업지시서,
,228,경남관광 길잡이,HOME > 관광정보 > 근대건축문화유산 > 근대건축문화유산 DB,원동농협창고,"⋅상부 : 목조 트러스 구조
⋅외벽 : 흙벽에 함석판 잇기(안쪽 목조 가새 노출)
⋅바닥 : 시멘트 몰탈 마감",2018-10-17 00:00:00,0,4,0,자유이용불가,제3유형,과업지시서,
,229,경남관광 길잡이,HOME > 관광정보 > 근대건축문화유산 > 근대건축문화유산 DB,박근호 가옥 (철거 또는 멸실),"⋅외벽 : 흙벽 위 시멘트 몰탈 마감 수성페인트
⋅천장 : 종이반자
⋅바닥 : 온돌 위 시멘트 몰탈
⋅지붕 : 일식기와 팔작지붕",2018-10-17 00:00:00,0,6,0,자유이용불가,제3유형,과업지시서,
,230,경남관광 길잡이,HOME > 관광정보 > 근대건축문화유산 > 근대건축문화유산 DB,서영기 가옥,"⋅평면 : 1층 – 주택/ 2층 – 창고
⋅구조 : 목조 강판기와 맞배지붕
지붕 : 강판기와 우진각 지붕
⋅의장 및 장식 : 1층-시멘트 몰탈위 타일 마감(외부)
 2층-흙벽 위 비늘판벽(2004), 샌드위치 판넬로 보수(현) (외부)
천장 : 종이 평반자",2018-10-17 00:00:00,0,5,0,자유이용불가,제3유형,과업지시서,
,231,경남관광 길잡이,HOME > 관광정보 > 근대건축문화유산 > 근대건축문화유산 DB,주진터널(하),"⋅경부선이며 상로 복선(하행선)의 터널이며, 터널형태는 말굽형이다. 구분은 일반터널이며, 종별은 기타터널이다.
⋅대피소는 우측 35m 간격으로 2개소, 대형대피소는 없다.",2018-10-17 00:00:00,0,2,0,자유이용불가,제3유형,과업지시서,
,232,경남관광 길잡이,HOME > 관광정보 > 근대건축문화유산 > 근대건축문화유산 DB,신주막터널(상),"⋅경부선이며 상로 복선(상행선)의 터널이며, 터널형태는 말굽형이다. 구분은 일반터널이며, 종별은 기타터널이다.
⋅대피소 및 대형대피소는 없다.",2018-10-17 00:00:00,0,2,0,자유이용불가,제3유형,과업지시서,
,233,경남관광 길잡이,HOME > 관광정보 > 근대건축문화유산 > 근대건축문화유산 DB,신주막터널(하),"⋅경부선이며 상로 복선(하행선)의 터널이며, 터널형태는 말굽형이다. 구분은 일반터널이며, 종별은 기타터널이다. 터널 굴착공법은 수굴공법이다.
⋅대피소는 우측 40m 간격으로 3개소가 있으며, 대형대피소는 없다.",2018-10-17 00:00:00,0,2,0,자유이용불가,제3유형,과업지시서,
,234,경남관광 길잡이,HOME > 관광정보 > 근대건축문화유산 > 근대건축문화유산 DB,물금터널,"⋅경부선이며 상로 복선(하행선)의 터널이며, 터널형태는 말굽형이다. 구분은 일반터널이며, 종별은 기타터널이다. 조명은 설치되어 있다.
⋅대피소는 우측 16개소가 있으며, 대형대피소는 없다.",2018-10-17 00:00:00,0,2,0,자유이용불가,제3유형,과업지시서,
,235,경남관광 길잡이,HOME > 관광정보 > 근대건축문화유산 > 근대건축문화유산 DB,정곡중학교,"⋅평면 : 평면형태는 일반적인 교사동과 마찬가지로 배면(북측)에 편복도를 두고, 정면(남측)에 교실을 배치. 1층은 교무실 행정실 등 업무영역과 교실이 있고, 2층은 교실로 구성되어있음
⋅구조 : 2004년 조사와 건축물대장 상 블록조로 명기되어 있으나 외관의 형태를 볼 때 주요구조부는 철근콘크리트조 일 것으로 추정됨
⋅의장 및 양식 : 수직 기둥을 강조한 일반적인 형태의 교사동 임. 동 시기에 건립된 공립학교 건물에 비해 의장요소가 다소 부족함. 주출입구 상부에 필로티 구조로 돌출된 형태가 특징적이나 기존건물과 조화되지 못함",2018-10-17 00:00:00,0,7,0,자유이용불가,제3유형,과업지시서,
,236,경남관광 길잡이,HOME > 관광정보 > 근대건축문화유산 > 근대건축문화유산 DB,혜성건축사사무소,"⋅평면 : 직사각형 단일공간의 전형적인 창고 건물임
⋅구조 : 목조구조로 되어 있으며, 상부는 트러스로 짜져 있고 지붕은 소골 함석 맞배지붕으로 되어 있음 내벽은 흙벽 위 회벽면에 가새를 촘촘하게 설치하고 바닥은 시멘트 몰탈로 마감
⋅의장 및 양식 : 높은 층고의 지붕을 지지하기 위한 가세의 형태가 구조적 골조미를 그대로 드러내고 있으며 지붕을 떠받치는 목재트러스와 천정틀의 형태가 원형대로 보존되어 있음. 외장의 소골함석판의 부식이 건물의 역사를 그대로 드러내고 있음",2018-10-17 00:00:00,0,7,0,자유이용불가,제3유형,과업지시서,
,237,경남관광 길잡이,HOME > 관광정보 > 근대건축문화유산 > 근대건축문화유산 DB,대의면 농협창고,"⋅평면 : 직사각형 단일공간의 전형적인 창고 건물임
⋅구조 : 목조구조로 되어 있으며, 상부는 트러스로 짜져 있고 지붕은 소골 함석 맞배지붕으로 되어 있음 내벽은 흙벽 위 회벽면에 가새를 촘촘하게 설치하고 바닥은 시멘트 몰탈로 마감
⋅의장 및 양식 : 높은 층고의 지붕을 지지하기 위한 가세의 형태가 구조적 골조미를 그대로 드러내고 있으며 지붕을 떠받치는 목재트러스와 천정틀의 형태가 원형대로 보존되어 있음. 외장의 소골함석판의 부식이 건물의 역사를 그대로 드러내고 있음",2018-10-17 00:00:00,0,7,0,자유이용불가,제3유형,과업지시서,
,238,경남관광 길잡이,HOME > 관광정보 > 근대건축문화유산 > 근대건축문화유산 DB,정태숙가옥,"⋅평면 : 안채, 대문채, 곡간채로 구성되어 있음. 안채는 정면 4칸, 측면 2..5칸으로 좌측부터 방2칸, 마루, 방으로 구성되어있으며 전면에 장마루가 설치되어있음. 마루에는 유리문을 설치하여 개량된 한옥구조의 형태를 보임. 대문채는 정면 3칸, 측면 1칸의 구조로 대문, 방, 창고로 구성되어 있으며, 곡간채는 정면 3칸, 측면 1칸의 구조로 되어있음
⋅구조 : 3동의 건물 모두 목조 가구식 구조 이며, 안채는 일식기와 팔작지붕 대문채는 일식기와 우진각지붕 곡간채는 맞배지붕의 형태를 띰
⋅의장 및 양식 : 전체적으로 한식과 일식이 혼합된 형식을 보이며 벽체는 시멘트 몰탈 마감벽이나 일부 목재 비늘판벽이 남아 있음",2018-10-17 00:00:00,0,7,0,자유이용불가,제3유형,과업지시서,
,239,경남관광 길잡이,HOME > 관광정보 > 근대건축문화유산 > 근대건축문화유산 DB,정암철교,"⋅평면 : 길이 259.6미터, 폭 6.0미터
⋅구조 : 철골트러스방식으로 하부는 콘크리트조, 상부는 철골 리벳볼트접합구조로 되어있음. 트러스는 큰 아치형 2개와 삼각 가새로 구성되어 있으며, 콘크리트 난간도 같이 설치되어 있고, 교각 아래 강바닥 부분에는 잠함공법의 흔적이 보이며, 교각의 상부는 아치로 서로를 연결하고 있음.
⋅의장 및 양식 : 교량 상판 및 차량의 하중을 상단의 철골트러스가 지지하는 방식의 교량",2018-10-17 00:00:00,0,5,0,자유이용불가,제3유형,과업지시서,
,240,경남관광 길잡이,HOME > 관광정보 > 근대건축문화유산 > 근대건축문화유산 DB,이극로생가,"⋅평면 : 4칸의 본채는 부엌과 큰방, 마루, 작은방으로 구성되어 있음. 사랑채는 3칸으로 방과 마루, 창고로 구성되어 있음. 아래채는 소를 키우는 외양간과 변소, 그리고 곡식을 저장하는 쌀두지가 있고 헛간채는 소를 매는 곳과 거름을 보관하는 헛간으로 구성되어 있음
입구에 우물이 있고, 본채 뒷편에는 텃밭이 있음
⋅구조 : 목조 가구식으로 전통적인 한옥구조
⋅의장 및 양식 : 전형적인 남부지역 한옥의 구조형태에 지붕은 개량되어 있는 상태임.",2018-10-17 00:00:00,0,7,0,자유이용불가,제3유형,과업지시서,
,241,경남관광 길잡이,HOME > 관광정보 > 근대건축문화유산 > 근대건축문화유산 DB,백산 안희제 생가,"⋅평면 : 안채와 사랑채 2동으로 구성되었으며 안채는 정면 6칸 측면 2칸으로 앞뒤로 발달한 툇간과 잘어울리게 구성되어 있으며, 동향으로 마루, 방, 대청, 부엌을 배치하고 다시남향으로 1칸 마루를 배치하여 사랑방 구실을 하게 만든 것이 특이함. 전후 툇간이 발달하여 겹집 형식으로 발전하여 기능이 다양한 방이 필요하지만 별동(別棟)을 만들지 않고 한 건물 안에서 처리한 조선 후기 주택의 특징을 보임. 사랑채는 안채 정면에 안채와 같이 동향으로 배치하여 안채와 바짝 붙어 있음. 정면 4칸의 전후 툇간으로 구성된 3량 초가집으로 안채처럼 남측면에 마루를 두었다. 안채에 비해 규모는 작지만 비슷한 구조를 갖추고 있음
⋅구조 : 목조 가구식으로 전통적인 한옥구조
⋅의장 및 양식 : 조선후기의 민가건축양식을 잘 보여주고 있어 역사적 의미가 큰 건축물임
",2018-10-17 00:00:00,0,10,0,자유이용불가,제3유형,과업지시서,
,242,경남관광 길잡이,HOME > 관광정보 > 근대건축문화유산 > 근대건축문화유산 DB,이병철생가,"⋅평면 : 안채, 사랑채, 곡간채 문간채의 4동으로 구성되어 있다. 안채는 정면 4칸 측면 2칸의 3량가, 정지+안방+대청+건넌방의 구성으로 된 소로수장집이며 팔작지붕, 종도리에 辛亥年上樑의 기문이 있음. 4각주기둥에 자연석기단이었으나 1967년에 화강석 기단으로 교체. 정지 뒤에 방이 있는 겹집구조이며 대청 후방을 판장벽 판장문으로 막아 음식보관용의 수장공간을 두고 있음. 건넌방 전면 마루를 누형식으로 하여 난간이 설치되어 있으며, 안채보다 다소 늦게 건축된 사랑채는 정면 4칸 측면 2칸 소로수장, 팔작집이며 실배치는 좌측부터 방 2칸+대청+건넌방의 구성. 수장공간이 풍부하여 방은 배면 전체에 일식 미서기 문으로 된 벽장을 두었고 숙석 주초에 화강석 기단으로 일부 벽체의 하부는 적벽돌 쌓기에 회줄눈으로 처리되었고 종도리를 받치는 동자주가 화반형식으로 되어있음
⋅구조 : 목조 가구식 구조로 전통 한옥방식을 따르면서 부분적으로 일식 창호방식을 차용하여 사용하고 있음
⋅의장 및 양식 : 부분 개량된 남부지역의 한옥양식을 잘 반영하고 있고, 보존상태가 매우 양호하여 근대 한옥형태의 표본으로 삼을 만 함",2018-10-17 00:00:00,0,7,0,자유이용불가,제3유형,과업지시서,
,243,경남관광 길잡이,HOME > 관광정보 > 근대건축문화유산 > 근대건축문화유산 DB,한솔영농 조합법인,"⋅평면 : 중앙의 출입구를 기준으로 좌우로 대칭구조이며 전면에 거실을 배면을 복도를 둔 편복도형으로 배치되어 있음
⋅구조 : 주요구조부는 철근콘크리트조 이며 구획을 위한 내부벽체는 시멘트벽돌을 사용
⋅의장 및 양식 : 근대기의 전형적인 소규모 학교의 교사동의 형태를 띰. 교실과 복도의 창호는 상하 분리된 2단 목조창호를 사용했으나 지금은 PVC창호로 교체되었음. 전면 캐노피를 지지하는 기둥의 수직면을 역사선으로 처리하고 사선으로 처리한 캔틸레버를 노출하여 역동성을 부여한 것이 특징적임. 창호 하부는 적벽돌로 마감하여 그 외의 벽면은 시멘트미장위 페인트를 도장마감 하였음.",2018-10-17 00:00:00,0,5,0,자유이용불가,제3유형,과업지시서,
,244,경남관광 길잡이,HOME > 관광정보 > 근대건축문화유산 > 근대건축문화유산 DB,함안군 차량등록 사업소 (철거 또는 멸실),"⋅평면 : 중앙의 대합실을 통해 철로로 접근하게 되고 양쪽 옆으로 업무 및 창고 등이 배치되어있었으나 폐역 후 차량등록사업소 등 타 기관이 사용하면서 대합실 공간을 축소하고 업무공간을 확장해 사용하고 있다.
⋅구조 : 철근콘크리트조의 역사이며, 대합실의 높은 층고를 유지하기 위해 2개층을 오픈한 형식을 취하고 있다.
⋅의장 및 양식 :철근콘크리트 슬라브 단층의 보통역사이며, 전체적으로 수평선을 강조하고 있으나 중앙부의 층고를 올려 인지성을 높이고 있다. 처마와 옥상부 코오니스를 경사지게 처리하여 단조로운 형태에 변화를 주었다. 콘크리트 블록을 쌓아올린 부속창고의 담장의 의 형태와 리듬감이 이채롭다.",2018-10-17 00:00:00,0,7,0,자유이용불가,제3유형,과업지시서,
,245,경남관광 길잡이,HOME > 관광정보 > 근대건축문화유산 > 근대건축문화유산 DB,백산검도관,"⋅평면 : 창고 건물로서 내부는 원래 단일공간으로 추측되나 현재는 목조트러스 지지를 위한 시멘트벽돌 벽체로 구획되어 있음
⋅구조 : 건립당시 목구조 였으나 벽체 및 보를 철근콘크리트 구조로 변경하고 외벽은 시멘트벽돌 위 미장 마감하여 그 위에 도장 마감하였음. 노후화된 목재트러스를 지지하기위해 내부에 시멘트 벽돌로 벽체를 세움.
⋅의장 및 양식 : 직방형 박공지붕형태의 전형적 창고건물의 형태로서 기존구조 및 형태에서 많은 변형이 발생하였음",2018-10-17 00:00:00,0,7,0,자유이용불가,제3유형,과업지시서,
,246,경남관광 길잡이,HOME > 관광정보 > 근대건축문화유산 > 근대건축문화유산 DB,대한통운 군북출장소 창고,"⋅평면 : 창고 건물로서 내부는 원래 단일공간으로 추측되나 현재는 목조트러스 지지를 위한 시멘트벽돌 벽체로 구획되어 있음
⋅구조 : 건립당시 목구조 였으나 벽체 및 보를 철근콘크리트 구조로 변경하고 외벽은 시멘트벽돌 위 미장 마감하여 그 위에 도장 마감하였음. 노후화된 목재트러스를 지지하기위해 내부에 시멘트 벽돌로 벽체를 세움.
⋅의장 및 양식 : 직방형 박공지붕형태의 전형적 창고건물의 형태로서 기존구조 및 형태에서 많은 변형이 발생하였음",2018-10-17 00:00:00,0,6,0,자유이용불가,제3유형,과업지시서,
,247,경남관광 길잡이,HOME > 관광정보 > 근대건축문화유산 > 근대건축문화유산 DB,이행수가옥,"⋅평면 : 마당에 면한 긴 복도 후면으로 방들이 배치되어 있고 좌측 끝에 주방이 있음. 복도는 건립당시 툇마루 형태였으나, 이후 단열 등의 문제로 알루미늄 미서기 창호를 설치. 건물우측으로 지붕을 연장 설치하여 세면장 등으로 사용하고 있음. 대문을 들어서면 안채와 유사한 형태의 창고가 있음
⋅구조 : 한식 목구조를 주요구조로 하나 여러 형태가 복합된 절충형 구조임. 지붕은 우진각 지붕의 형태이며 원형 서까래가 전면 처마를 받치고 있음
⋅의장 및 양식 : 배치 및 구조양식 등은 한식 주거의 형태이나 천장마감, 유리창호, 일식기와사용 등 복합적인 요소들이 섞여있는 과도기적 양식임",2018-10-17 00:00:00,0,4,0,자유이용불가,제3유형,과업지시서,
,248,경남관광 길잡이,HOME > 관광정보 > 근대건축문화유산 > 근대건축문화유산 DB,소어석터널,"⋅평면 : 단선철로 형태로 완만한 곡선형태를 가지고 있음
⋅구조 : 콘크리트형태의 일반터널로서 형태는 말굽형임
⋅의장 및 양식 : 터널의 기능에 충실한 산업구조물로 특별한 의장은 없으나 진입부에 암반을 천공한 형태가 그대로 드러나 있는 것이 특징적임. 또한 터널입구 말발굽 모양에 석재를 가공하여 부착한 흔적이 남아있음",2018-10-17 00:00:00,0,3,0,자유이용불가,제3유형,과업지시서,
,249,경남관광 길잡이,HOME > 관광정보 > 근대건축문화유산 > 근대건축문화유산 DB,영일 손 세차장,"⋅평면 : 소규모 공장의 형식을 띠며 구획된 2개의 공간을 가지며 1980년 2층 사무실이 추후 증축되어 일체화됨. 공장사택 용도의 주택이 마당을 끼고 배치되어있다.
⋅구조 : 블록 조적조 벽체에 목재트러스를 이용한 박공지붕의 구조를 가짐
⋅의장 및 양식 : 맞배 경사 지붕과 톱날지붕이 혼합된 특이한 지붕형태를 보임.",2018-10-17 00:00:00,0,5,0,자유이용불가,제3유형,과업지시서,
,250,경남관광 길잡이,HOME > 관광정보 > 근대건축문화유산 > 근대건축문화유산 DB,정환철가옥,"⋅평면 : 마당에 면한 긴 복도 후면으로 방들이 배치되어 있고 좌측 끝에 주방이 있음. 복도는 건립당시 툇마루 형태였으나, 이후 단열 등의 문제로 알루미늄 미서기 창호를 설치. 건물우측으로 지붕을 연장 설치하여 세면장 등으로 사용하고 있음. 대문을 들어서면 안채와 유사한 형태의 창고가 있음
⋅구조 : 한식 목구조를 주요구조로 하나 여러 형태가 복합된 절충형 구조임. 지붕은 우진각 지붕의 형태이며 원형 서까래가 전면 처마를 받치고 있음
⋅의장 및 양식 : 배치 및 구조양식 등은 한식 주거의 형태이나 천장마감, 유리창호, 일식기와사용 등 복합적인 요소들이 섞여있는 과도기적 양식임",2018-10-17 00:00:00,0,6,0,자유이용불가,제3유형,과업지시서,
,251,경남관광 길잡이,HOME > 관광정보 > 근대건축문화유산 > 근대건축문화유산 DB,김용조창고,"⋅평면 : 당초 국민학교 교사로 사용 후 현재와 같이 창고로 사용하면서 공간을 둘로 분할하여 한 쪽에는 창고, 다른쪽은 농기구보관창고 및 축사로 사용하고 있음
⋅구조 : 목조가구식 구조이며 외벽은 목조로 된 비늘판벽이고 지붕은 우진각 지붕으로 구성되어 있음. 천장은 합판 평반자 구조임
⋅의장 및 양식 : 대나무심이 들어간 황토벽위에 목재비늘판벽이 덧붙은 형태로 원형이 비교적 잘 남아있음",2018-10-17 00:00:00,0,6,0,자유이용불가,제3유형,과업지시서,
,252,경남관광 길잡이,HOME > 관광정보 > 근대건축문화유산 > 근대건축문화유산 DB,천도교 영산교구,"⋅평면 : 정면 7칸, 측면 2칸으로 구성되어 있으며 내부는 단일공간으로 되어있음
⋅구조 : 목조구조이며 전면과 측면일부는 점토블럭 배면은 블록조 벽체로 되어 있음
⋅의장 및 양식 : 정면은 유리창과 원형주초를 사용하고 민도리와 홑처마로 되어 있음. 내부 바닥은 후로링 마감으로 되어 있는데 개조한 것으로 추측됨. 천장과 벽체도 후로링 마감으로 되어 있다.",2018-10-17 00:00:00,0,3,0,자유이용불가,제3유형,과업지시서,
,253,경남관광 길잡이,HOME > 관광정보 > 근대건축문화유산 > 근대건축문화유산 DB,이임원가옥,"⋅평면 : 전면에 장마루를 두고 있으며 안방, 거실, 방의 순으로 구성되어 있으며 배면쪽으로도 실이 배치된 2중구조로 되어있음.
⋅구조 : 기와는 일식 시멘트 기와에 녹색 페인트로 마감하였음
⋅의장 및 양식 : 평면구성은 양식과 일식이 복합적으로 나타나고 지붕은 일식의 형태임. 벽체에 가로비늘판벽이 일부 현존하고 있으며, 전체적으로 시멘트 몰탈 및 뿜칠로 마감되어 있다. 주요창호와 내부는 모두 개조되었으며, 겹처마는 형태만 유지하고 있음. 정면과 측면에 각각 2개씩 설치된 오르내리창은 원형을 잘 간직하고 있으며 근래에 보기 드문 형태임",2018-10-17 00:00:00,0,5,0,자유이용불가,제3유형,과업지시서,
,254,경남관광 길잡이,HOME > 관광정보 > 근대건축문화유산 > 근대건축문화유산 DB,신용완가옥,"⋅평면 : ㄱ자 배치형태를 가지며 각각의 독립된 공간 사이로 통로가 나있다.
⋅구조 : 목조 가구식 구조이며 원형주초 및 기둥을 사용함. 지붕은 한식기와에 팔작지붕 형태
⋅의장 및 양식 : 건물전체의 균형이나 기법등으로 봤을 때 당시의 높은 수준의 기술자가 건축에 동원된 것으로 보임. 창이나 출입구 등에 일식풍이 보이며 벽체는 시멘트 몰탈 마감벽이나 일부 목재 비늘판벽이 남아 있음",2018-10-17 00:00:00,0,7,0,자유이용불가,제3유형,과업지시서,
,255,경남관광 길잡이,HOME > 관광정보 > 근대건축문화유산 > 근대건축문화유산 DB,김주길가옥,"⋅평면 : 철근콘크리트 T형교로 폭 6m, 길이 391m
⋅구조 : 철근콘크리트 T형다리로 상부는 철골트러스 구조로서 리벳접합으로 형성되어 있음
⋅의장 및 양식 : 트러스는 교각이 있는 부분에 더 높이 설치되어 마치 물결치는 듯한 모양을 하고 있으며 가새는 박스형에 X자로 처리되어 있음. 이시기에 제작된 철교 중 우수한 조형미를 가지고 있음",2018-10-17 00:00:00,0,7,0,자유이용불가,제3유형,과업지시서,
,256,경남관광 길잡이,HOME > 관광정보 > 근대건축문화유산 > 근대건축문화유산 DB,남지철교,"⋅평면 : 철근콘크리트 T형교로 폭 6m, 길이 391m
⋅구조 : 철근콘크리트 T형다리로 상부는 철골트러스 구조로서 리벳접합으로 형성되어 있음
⋅의장 및 양식 : 트러스는 교각이 있는 부분에 더 높이 설치되어 마치 물결치는 듯한 모양을 하고 있으며 가새는 박스형에 X자로 처리되어 있음. 이시기에 제작된 철교 중 우수한 조형미를 가지고 있음",2018-10-17 00:00:00,0,6,0,자유이용불가,제3유형,과업지시서,
,257,경남관광 길잡이,HOME > 관광정보 > 근대건축문화유산 > 근대건축문화유산 DB,고성교회,"⋅평면 : 직방체 일자형의 전형적인 교회당 평면의 양식을 취하고 있으며, 각 스팬 마다 부출입구를 두어 신자들의 출입을 용이하게 함. 기존의 교회당 주변에 부족한 공간을 충당하기 위해 교육관과 사택, 부예배실의 용도로 사용되는 주변건물을 두어 각각이 기존 예배당에서 직접적으로 진입할 수 있도록 출입구를 두는 등의 개조
⋅구조 : 석재(청석류)로 된 조적조 이며 차후에 증축 된 부분만 RC조로 건립(2층 이상부분)
⋅의장 및 양식 : 첨탑, 첨두아치 등 고딕양식을 부분적으로 차용. 대칭을 이룬 2개의 첨탑 중 좌측의 첨탑은 2003년 8월 태풍에 종탑이 소실",2018-10-17 00:00:00,0,6,0,자유이용불가,제3유형,과업지시서,
,258,경남관광 길잡이,HOME > 관광정보 > 근대건축문화유산 > 근대건축문화유산 DB,고성 천주교회,"⋅평면 : 직사각형 형태의 평면에 전면에 반구형 제단이 설치되어있고 주변으로 준비실이 배치되어있으며 신도석은 단일공간으로 중앙통로를 기준으로 장의자가 양쪽으로 배치되어 있음. 제단 반대편으로 주출입구가 있으며 신도석 중간에 부출입구가 양쪽으로 나있고 주출입구 상단에 중층구조의 성가대석이 자리잡고 있음
⋅구조 : 철근콘크리트 구조에 지붕은 건립 당시 목재트러스 공법으로 건축했다가 1976년 지붕을 전면보수하면서 철골조로 변경한 것으로 추정되며 벽체는 조적조임
⋅의장 및 양식 : 근대건축양식에 복합적인 고전양식을 차용하여 장식요소로 활용하였고 시멘트 뿜칠로 마감된 외관이 전체적으로 차분하면서 경건한 분위기를 자아냄. 내부 바닥은 당초 목재마루로 마감되었으나, 1979년에 인조석물갈기로 대체되었고 현재까지 사용하고 있음",2018-10-17 00:00:00,0,6,0,자유이용불가,제3유형,과업지시서,
,259,경남관광 길잡이,HOME > 관광정보 > 근대건축문화유산 > 근대건축문화유산 DB,장산리 허씨고가,"⋅평면 : 한식전통가옥과 화식주택이 혼합된 대표적인 가옥으로써 건축구조 형식과 건축재료 및 평면구성이 복합적으로 표현됨. 건물배치는 안채, 안사랑채, 바깥사랑채, 솟을대문, 가묘, 광 등으로 구성되었으나 정면 4칸 초가집의 안채는 퇴락하여 헐리고 초석과 기단이 남아있음. ㄱ자 평면의 바깥사랑채와 2층 구조의 광은 화식목조건물로 화식 평기와 우진각지붕으로 되어 있다. 솟을대문 및 가묘는 한식목조건물로 전형적인 전통가옥의 배치형식과 조형미를 이루고 있음
⋅구조 : 조선말(1800년대)에서 일제시대에 걸쳐 지어진 한식과 화식의 복합적 양식의 가옥임",2018-10-17 00:00:00,0,4,0,자유이용불가,제3유형,과업지시서,
,260,경남관광 길잡이,HOME > 관광정보 > 근대건축문화유산 > 근대건축문화유산 DB,김종철가옥 (철거 또는 멸실),전형적인 개량한옥의 형태를 지님. 골목을 면한 현관에서 측면으로 건물이 앉혀짐. 목조 가구식으로 지붕은 슬레이트이고 일부 이중 처마의 형태를 지님. 개인주택으로 일정한 형식을 가지지 않고 조악한 구조의 건물임. 높은 담장으로 인해 폐쇄적임.,2018-10-17 00:00:00,0,4,0,자유이용불가,제3유형,과업지시서,
,261,경남관광 길잡이,HOME > 관광정보 > 근대건축문화유산 > 근대건축문화유산 DB,이진우가옥,"⋅평면 : 건물은 ㄷ자형으로 배치되어 있으며 작은 실들이 쪼개져 구획되어 있음. 건립당시 주거위주의 공간이었을 것으로 추정되나 현재는 상가 및 창고로 사용
⋅구조 : 목조 가구식이며 높이가 다른 3개의 지붕이 ㄷ자형태로 결합하는 형태를 가짐
⋅의장 및 양식 : 두 개의 합각지붕이 결합한 독특한 형태를 가지며 합각면에는 사각 통기창을 설치하여 기능성을 부가시킴. ㄷ자형으로 형태의 가옥들은 대부분 안마당을 중심으로 동선이 구성되나 가로변에 상가를 배치함으로 인해 형태와 기능이 상이하며 상가부분 개구부가 지나치게 낮게 형성되어있음",2018-10-17 00:00:00,0,7,0,자유이용불가,제3유형,과업지시서,
,262,경남관광 길잡이,HOME > 관광정보 > 근대건축문화유산 > 근대건축문화유산 DB,대창철물,"⋅평면 : 건물은 ㄷ자형으로 배치되어 있으며 작은 실들이 쪼개져 구획되어 있음. 건립당시 주거위주의 공간이었을 것으로 추정되나 현재는 상가 및 창고로 사용
⋅구조 : 목조 가구식이며 높이가 다른 3개의 지붕이 ㄷ자형태로 결합하는 형태를 가짐
⋅의장 및 양식 : 두 개의 합각지붕이 결합한 독특한 형태를 가지며 합각면에는 사각 통기창을 설치하여 기능성을 부가시킴. ㄷ자형으로 형태의 가옥들은 대부분 안마당을 중심으로 동선이 구성되나 가로변에 상가를 배치함으로 인해 형태와 기능이 상이하며 상가부분 개구부가 지나치게 낮게 형성되어있음",2018-10-17 00:00:00,0,3,0,자유이용불가,제3유형,과업지시서,
,263,경남관광 길잡이,HOME > 관광정보 > 근대건축문화유산 > 근대건축문화유산 DB,신 한우리식당,"⋅평면 : 일제의 영향으로 변형된 개량한옥으로 도로측에 면한 부분은 도로 경계를 따라 건물이 배치되고 주택 내부에 중정이 있는 형태임. 내부의 중정의 규모가 작고 주택도 ㄷ자형으로 전체적으로 작은 규모임. 실내 내부에 서까래가 노출되어 있음.
⋅구조 : 목조가구식 구조이며 포치부분은 근래에 설치한 것으로 보임.
⋅의장 및 양식 : 단순한 박공형태의 지붕에 낮은 지붕을 덧붙인 형상. 전체적으로 낡고 원형을 알아보기 힘들 정도로 변형이 심함.",2018-10-17 00:00:00,0,5,0,자유이용불가,제3유형,과업지시서,
,264,경남관광 길잡이,HOME > 관광정보 > 근대건축문화유산 > 근대건축문화유산 DB,율포만등대,"⋅평면 : 소규모 원형등대로 출입구가 특이함. 출입구 상부에 반원아치의 포치를 달아 놓았으며, 상부 몰딩과 코니스와 같은 형태로 상부 슬라브와 난간을 설치함. 난간 구멍에도 작은 아치를 두고, 노출형 등명기를 설치하였음
⋅구조 : 철근콘크리트 구조임
⋅물량 : 콘크리트 10.56㎥, 철재 190kg
⋅건평 : 5.8㎡, 성판 : 4.15㎡, 축전지실 : 3.46㎡, 축전지실 높이 2m
⋅도색 : 백색, 연안표지",2018-10-17 00:00:00,0,2,0,자유이용불가,제3유형,과업지시서,
,265,경남관광 길잡이,HOME > 관광정보 > 근대건축문화유산 > 근대건축문화유산 DB,팔도식육점 창고,"⋅평면 : 시장내에 위치한 소규모 2층 건물로 예전에 1층은 이용원, 2층은 주거의 용도로 사용하였으나, 현재는 옆 식육점의 창고로 사용하고 있음
⋅구조 : 시멘트블록 조적조이며 우측벽체는 인접한 상가의 벽체와 공유하여 사용
⋅의장 및 양식 : 재래시장 개량 사업 및 소유주의 임의개조로 명기할 만한 양식 없음",2018-10-17 00:00:00,0,4,0,자유이용불가,제3유형,과업지시서,
,266,경남관광 길잡이,HOME > 관광정보 > 근대건축문화유산 > 근대건축문화유산 DB,서호 농협창고,"⋅서상 향토역사관에서 남해읍 방향으로 가다보면 도로가에 사고석 쌓기식의 석조, 우진각 슬레이트 지붕을 한 창고가 넓은 들 사이에 우뚝하게 나타난다.
⋅이것은 남해군에서 설치된 약 30개 농협창고 중 석조로 된 대표적인 것으로 정면에만 아치형의 문이 있고, 좌우측에 고창을 설치하였으며, 지붕 바로 아래는 내어쌓기로 석조 돌림띠를 둘러 안정감을 취하고 있다.",2018-10-17 00:00:00,0,4,0,자유이용불가,제3유형,과업지시서,
,267,경남관광 길잡이,HOME > 관광정보 > 근대건축문화유산 > 근대건축문화유산 DB,박찬주 가옥,"⋅평면 : ‘ㄷ\자형으로 안채는 정면 5칸이며, 어칸과 협칸은 마루가 있고, 반턱벽으로 어칸과 우측협칸을 나누고 있다. 좌우퇴칸은 마루 끝까지 방으로 사용하고 있으며, 우측퇴칸에 전면으로 차양을 달아 장독대로 사용하고 있고, 마루 하부를 여닫이 뚜껑을 달아 신발장 겸 고맥이로 사용하고 있다.
⋅부속채는 정면 4칸 측면 1칸 단층으로 중앙에 부엌을 두었으며, 우측 창고는 2층으로 되어 있어 단층과 복층을 결합한 특이한 형태를 하고 있다.",2018-10-17 00:00:00,0,5,0,자유이용불가,제3유형,과업지시서,
,268,경남관광 길잡이,HOME > 관광정보 > 근대건축문화유산 > 근대건축문화유산 DB,하천재,"⋅전체 배치는 ‘ㅁ\ 자 형태로 현 다도교육장인 안채는 약 21坪의 전형적인 민도리 5량, 팔작 기와집으로 정면 5칸에 좌우 퇴칸이 있으며, 어칸 제실은 좌우 벽체를 헐어 전칸을 다도교육을 위해 개방하였고, 건물 좌측에 개울을 파고 돌확을 두어 찻물을 얻는 우물로 사용하고 있다.
⋅좌우 전사청은 한식에 근대적 재료인 일식기와, 벽돌고막이, 부분 조적조 벽체를 사용하고 있으며, 솟을삼문은 전형적인 한식의 형태를 가지고 있다.",2018-10-17 00:00:00,0,9,0,자유이용불가,제3유형,과업지시서,
,269,경남관광 길잡이,HOME > 관광정보 > 근대건축문화유산 > 근대건축문화유산 DB,장평 저수지,-,2018-10-17 00:00:00,0,5,0,자유이용불가,제3유형,과업지시서,
,270,경남관광 길잡이,HOME > 관광정보 > 근대건축문화유산 > 근대건축문화유산 DB,오리방조제,"⋅해방이후 지금의 혜성고등학교 앞에서 흐르는 수원지를 막아 농업용수와 농지로 사용했던 것이 시초이며, 1959년 ‘사라호’ 태풍으로 유실된 농토를 복구하기 위해 남면 추진위원회에서 면과 각 부락에서 인력을 동원하여 ‘난민정착 구제사업’을 실시한 결과 현재와 같은 모습을 하고 있다.
⋅수문제어방식은 바닷물이 차면 자동으로 닫히는 자동제어 방식으로 총 6개의 수문을 가지고 있다.",2018-10-17 00:00:00,0,6,0,자유이용불가,제3유형,과업지시서,
,271,경남관광 길잡이,HOME > 관광정보 > 근대건축문화유산 > 근대건축문화유산 DB,성덕도 하동 교화원 (철거 또는 멸실),"⋅박공형 지붕의 보통역사로 횡천역과 동일한 구조와 양식이다.
⋅벽체는 벽돌조로 시멘트 몰탈 위 수성페인트로 마감하였다. 지붕은 일식 평기와였으나 현재 아스팔트싱글로 대체되었다.
⋅평면형태는 정면을 중심으로 좌측이 대합실, 우측이 역무원실이며, 역무원실 옆으로 계전기실이 증축되었다.",2018-10-17 00:00:00,0,6,0,자유이용불가,제3유형,과업지시서,
,272,경남관광 길잡이,HOME > 관광정보 > 근대건축문화유산 > 근대건축문화유산 DB,북천역,"⋅박공형 지붕의 보통역사로 횡천역과 동일한 구조와 양식이다.
⋅벽체는 벽돌조로 시멘트 몰탈 위 수성페인트로 마감하였다. 지붕은 일식 평기와였으나 현재 아스팔트싱글로 대체되었다.
⋅평면형태는 정면을 중심으로 좌측이 대합실, 우측이 역무원실이며, 역무원실 옆으로 계전기실이 증축되었다.",2018-10-17 00:00:00,0,6,0,자유이용불가,제3유형,과업지시서,
,273,경남관광 길잡이,HOME > 관광정보 > 근대건축문화유산 > 근대건축문화유산 DB,횡천역,"⋅박공형 지붕의 보통역사로 북천역, 이전의 완사역과 동일한 양식 및 구조이다.
⋅벽체는 벽돌조로 시멘트 몰탈 위 수성페인트로 마감하였다. 지붕은 일식 평기와였으나 현재 아스팔트싱글로 대체되었다.
⋅평면형태는 정면을 중심으로 좌측이 대합실, 우측이 역무원실이며, 역무원실 옆으로 계전기실이 증축되었다.",2018-10-17 00:00:00,0,4,0,자유이용불가,제3유형,과업지시서,
,274,경남관광 길잡이,HOME > 관광정보 > 근대건축문화유산 > 근대건축문화유산 DB,하동역,"⋅철근콘크리트 슬라브 단층의 보통역사이며, 당시 경전선의 종점으로 함안역과 하동역만이 철근콘크리트로 역사를 건립하였다.
⋅하동역은 전체적으로 수평선을 강조하고 있으며, 슬라브의 코니스에 경사를 두고 있고, 물끊기 홈도 있다.
⋅대합실 부분의 층고를 높게 하여 로비와 같은 분위기를 주고 있으며, 외부에서 보면 2층이라는 느낌을 받는다. 현재는 천장에 텍스로 마감하였다.",2018-10-17 00:00:00,0,6,0,자유이용불가,제3유형,과업지시서,
,275,경남관광 길잡이,HOME > 관광정보 > 근대건축문화유산 > 근대건축문화유산 DB,하동지역자활센터,"현대식 철근콘크리트 건물로 완전 증?개축을 하여 원형을 전혀 알 수 없으나, 현재의 개축된 모습으로 추정하였을 때, 긴 장축의 평면에서 정면성을 강조하기 위해 입구(포치)를 돌출시켜 구성한 것으로 보이며, 이것은 서양식의 영향을 받은 흔적으로 보인다.",2018-10-17 00:00:00,0,5,0,자유이용불가,제3유형,과업지시서,
,276,경남관광 길잡이,HOME > 관광정보 > 근대건축문화유산 > 근대건축문화유산 DB,매암차문화박물관,"⋅단층의 긴 장방형의 건물에 2층의 목조 건물을 이어서 사용하고 있다. 단층건물의 입구는 석재로 조성되었으며, 과도한 배흘림기둥으로 입구 아치를 받치고 지붕은 기와를 얻은 혼합된 양식을 보여주며, 외벽은 콘크리트로 마감된 것으로 미루어 증?개축 된 것으로 보인다.
⋅2층 건물은 일식집의 전형을 잘 보여주고 있는데, 2층 바닥은 다다미를 깐 흔적이 남아있으며, 1층은 석재를 이용하여 단단하게 받쳤는데, 디테일에 있어서 석재간의 비례감이나 개구부의 위치가 세련되게 배치되었다. 2층은 외부를 비늘벽으로 마감하고 창문은 돌출하여 설치하였으며, 지붕은 일식 기와를 얹었다.",2018-10-17 00:00:00,0,10,0,자유이용불가,제3유형,과업지시서,
,277,경남관광 길잡이,HOME > 관광정보 > 근대건축문화유산 > 근대건축문화유산 DB,하동중앙병원,"⋅단층의 긴 장방형의 건물에 2층의 목조 건물을 이어서 사용하고 있다. 단층건물의 입구는 석재로 조성되었으며, 과도한 배흘림기둥으로 입구 아치를 받치고 지붕은 기와를 얻은 혼합된 양식을 보여주며, 외벽은 콘크리트로 마감된 것으로 미루어 증?개축 된 것으로 보인다.
⋅2층 건물은 일식집의 전형을 잘 보여주고 있는데, 2층 바닥은 다다미를 깐 흔적이 남아있으며, 1층은 석재를 이용하여 단단하게 받쳤는데, 디테일에 있어서 석재간의 비례감이나 개구부의 위치가 세련되게 배치되었다. 2층은 외부를 비늘벽으로 마감하고 창문은 돌출하여 설치하였으며, 지붕은 일식 기와를 얹었다.",2018-10-17 00:00:00,0,5,0,자유이용불가,제3유형,과업지시서,
,278,경남관광 길잡이,HOME > 관광정보 > 근대건축문화유산 > 근대건축문화유산 DB,성찬경 가옥,"⋅사랑채는 정면 5칸, 측면 2칸으로 목조이며, 지붕은 기와를 얹었고, 활주를 사용하여 지붕을 지지하고 있다.
⋅전체적인 외관이나 구조는 기존의 전통건축물과 큰 차이가 없으며, 본래의 배치는 건물들이 많이 헐려 알 수 없고, 사랑채 정면의 창호는 개조하였다.
⋅창호의 문양은 예전과는 다른 특징을 보여주기는 하지만 크게 특별한 점은 없다.",2018-10-17 00:00:00,0,7,0,자유이용불가,제3유형,과업지시서,
,279,경남관광 길잡이,HOME > 관광정보 > 근대건축문화유산 > 근대건축문화유산 DB,횡천역 관사,"⋅벽체는 블록조에 시멘트 몰탈 위 수성페인트 마감이다. 지붕재료는 스레트 박공지붕이며, 지붕은 7량 각재 보와 판재를 사용하였다.
⋅평면은 장방형의 단순한 형태이며, 거주는 두 채가 살 수 있도록 계획되어 있고, 주거와 주거 사이를 서백당의 담처럼 특이하게 처리하였다. 두 채의 크기나 면적은 같았다
⋅창호마다 콘크리트 처마를 만들어 놓았으며, 배면의 출입구 문은 철도역사에서 사용하는 문과 동일하였다.",2018-10-17 00:00:00,0,6,0,자유이용불가,제3유형,과업지시서,
,280,경남관광 길잡이,HOME > 관광정보 > 근대건축문화유산 > 근대건축문화유산 DB,횡천강(橫川江)제3교,"⋅교량 경간은 12m×9개이며, I형 교각 8개로 구성된 콘크리트 구조물이다.
⋅교각 아래부분이 더 넓게 만들어져 있으며, 120° 각도로 경사진 교량이다.",2018-10-17 00:00:00,0,4,0,자유이용불가,제3유형,과업지시서,
,281,경남관광 길잡이,HOME > 관광정보 > 근대건축문화유산 > 근대건축문화유산 DB,섬진강교,"⋅섬진강교는 트러스 구조와 판형구조가 결합된 제1종 교량이다. 트러스는 한 스판에 7개의 삼각형 트러스가 들어가게끔 설계되었다.
⋅교량 경간은 15.2m×1개, 24.4m×5개, 60.6m×4개, 24.4m×1개, 15.2m×1개이며, I형 교각 10개로 구성된 콘크리트 구조물이다.
⋅교각 아래부분이 더 넓게 만들어져 있으며, 강바닥면에 있는 교각은 기초처럼 만들었다.",2018-10-17 00:00:00,0,4,0,자유이용불가,제3유형,과업지시서,
,282,경남관광 길잡이,HOME > 관광정보 > 근대건축문화유산 > 근대건축문화유산 DB,화개교,"⋅두 개의 교각이 보로 연결되어 상판을 지지하는 구조로 되어있으며, 교각은 모두 7개가 설치되어 있다.
⋅교각 기초는 우물통 기초이며, 콘크리트로 구성되었다.
⋅난간은 pipe로 처리하였다.",2018-10-17 00:00:00,0,6,0,자유이용불가,제3유형,과업지시서,
,283,경남관광 길잡이,HOME > 관광정보 > 근대건축문화유산 > 근대건축문화유산 DB,이명(理明)터널,"경전선(진주∼순천)이며, 터널형태는 말굽형이다. 구분은 일반터널이며, 종별은 1종터널이다.",2018-10-17 00:00:00,0,4,0,자유이용불가,제3유형,과업지시서,
,284,경남관광 길잡이,HOME > 관광정보 > 근대건축문화유산 > 근대건축문화유산 DB,감당(甘堂)제1터널,"경전선(진주∼순천)이며, 터널형태는 말굽형이다. 구분은 일반터널이며, 종별은 기타터널이다.",2018-10-17 00:00:00,0,4,0,자유이용불가,제3유형,과업지시서,
,285,경남관광 길잡이,HOME > 관광정보 > 근대건축문화유산 > 근대건축문화유산 DB,감당(甘堂)제2터널,"경전선(진주∼순천)이며, 터널형태는 말굽형이다. 구분은 일반터널이며, 종별은 기타터널이다.",2018-10-17 00:00:00,0,4,0,자유이용불가,제3유형,과업지시서,
,286,경남관광 길잡이,HOME > 관광정보 > 근대건축문화유산 > 근대건축문화유산 DB,횡천(橫川)터널,"경전선(진주∼순천)이며, 터널형태는 말굽형이다. 구분은 일반터널이며, 종별은 기타터널이다.",2018-10-17 00:00:00,0,4,0,자유이용불가,제3유형,과업지시서,
,287,경남관광 길잡이,HOME > 관광정보 > 근대건축문화유산 > 근대건축문화유산 DB,인동(仁洞)터널,"경전선(진주∼순천)이며, 터널형태는 말굽형이다. 구분은 일반터널이며, 종별은 기타터널이다.",2018-10-17 00:00:00,0,4,0,자유이용불가,제3유형,과업지시서,
,288,경남관광 길잡이,HOME > 관광정보 > 근대건축문화유산 > 근대건축문화유산 DB,적량(赤良)터널,"경전선(진주∼순천)이며, 터널형태는 말굽형이다. 구분은 일반터널이며, 종별은 기타터널이다.",2018-10-17 00:00:00,0,5,0,자유이용불가,제3유형,과업지시서,
,289,경남관광 길잡이,HOME > 관광정보 > 근대건축문화유산 > 근대건축문화유산 DB,하동(河洞)터널,"경전선(진주∼순천)이며, 터널형태는 말굽형이다. 구분은 일반터널이며, 종별은 기타터널이다.",2018-10-17 00:00:00,0,4,0,자유이용불가,제3유형,과업지시서,
,290,경남관광 길잡이,HOME > 관광정보 > 근대건축문화유산 > 근대건축문화유산 DB,문공학 생가 (철거 또는 멸실),"목구조로 지붕은 플라스틱 기성제품으로 교체하였다. 사랑채는 목조와가로 6칸 겹집형식이며, 안채는 정면 4칸, 측면 2칸으로 되어있다.",2018-10-17 00:00:00,0,6,0,자유이용불가,제3유형,과업지시서,
,291,경남관광 길잡이,HOME > 관광정보 > 근대건축문화유산 > 근대건축문화유산 DB,월성초등학교 교사 (철거 또는 멸실),"⋅7.3m×9.2m 크기의 교실 4개가 일자형으로 연결되었고 배면 복도를 통하여 교실로 출입하도록 되어 있다. 1개의 교실은 4개의 칸으로 나누어지며 정면에는 칸마다 창호를 설치하였으며, 배면에는 앞뒤로 출입문을 내고 그 사이에 창호를 설치하였다.
⋅외부에서 보면 교실 바닥면 아래로 환기구를 두었으며 창호보다 입면을 후퇴시켰다. 처마에는 물받이를 설치하였다. 창호는 하부의 채광창과 상부의 환기창으로 구분된다.",2018-10-17 00:00:00,0,4,0,자유이용불가,제3유형,과업지시서,
,292,경남관광 길잡이,HOME > 관광정보 > 근대건축문화유산 > 근대건축문화유산 DB,산청성당,"⋅7.3m×9.2m 크기의 교실 4개가 일자형으로 연결되었고 배면 복도를 통하여 교실로 출입하도록 되어 있다. 1개의 교실은 4개의 칸으로 나누어지며 정면에는 칸마다 창호를 설치하였으며, 배면에는 앞뒤로 출입문을 내고 그 사이에 창호를 설치하였다.
⋅외부에서 보면 교실 바닥면 아래로 환기구를 두었으며 창호보다 입면을 후퇴시켰다. 처마에는 물받이를 설치하였다. 창호는 하부의 채광창과 상부의 환기창으로 구분된다.",2018-10-17 00:00:00,0,8,0,자유이용불가,제3유형,과업지시서,
,293,경남관광 길잡이,HOME > 관광정보 > 근대건축문화유산 > 근대건축문화유산 DB,인터넷 pc방,"⋅한국전쟁이후 근대적인 건축교육을 받은 건축가에 의해서 설계된 다른 극장들과 유사한 양식을 보이며, 지붕 박공의 형태에 맞추어 전체적으로 수직적인 입면을 강조하고 있다.
⋅평면은 장방형으로 정면 출입문을 들어서 작은 로비를 중심으로 좌우의 동선을 따라 극장 좌우측의 대기실로 진입하게 되어 있다. 평면이 많이 개조되어 원형을 알 수 없으나, 정면 출입구 위에 영사실이 있다. 세 부분으로 나누어진 내부의 바닥면의 레벨이 다른 것으로 보아 내부 평면이 경사를 이루고 있었음을 짐작할 수 있다.",2018-10-17 00:00:00,0,6,0,자유이용불가,제3유형,과업지시서,
,294,경남관광 길잡이,HOME > 관광정보 > 근대건축문화유산 > 근대건축문화유산 DB,배양마을창고,"⋅먼저 지어진 건물은 방화로 소실되어 벽체만 존재한다. 정면 5칸으로 2칸에 출입문을 설치하고 나머지 칸에 살창을 두었다. 시멘트 벽돌로 벽체와 기둥을 축조하였으며 그 위에 콘크리트로 테두리보를 설치하고 지붕 트러스를 지지하기 위한 볼트를 매립하였다.
⋅벽돌은 길이방향 쌓기와 너비방향 쌓기를 위아래로 번갈아 하고 있다. 나중에 지어진 건물은 먼저 건물에 덧대어 있으며 지붕가구는 목재트러스로 구성하였다. 가공정도가 조악하기는 하지만 단계창고에서 보이는 수평방향의 대들보 보강용 가새가 보이고 있다. 지붕널은 판재를 도리와 직교되도록 깔고 그 위에 슬레이트를 덮었다.",2018-10-17 00:00:00,0,5,0,자유이용불가,제3유형,과업지시서,
,295,경남관광 길잡이,HOME > 관광정보 > 근대건축문화유산 > 근대건축문화유산 DB,심순자 가옥,"⋅일식 건축의 특징을 보이고 있으며 평면은 장방형으로 정면 출입구 옆에 마룻방이 부가되어 있다. 내부의 긴 복도를 따라 방이 연속되어 배치되었으며 방과 잇대어 부엌, 창고 등의 부속실이 부가되어 있다.
⋅사용된 부재나 창호의 울거미, 문살 역시 세장하다. 서까래의 형태는 방형으로 세장하며 약 1자 반 간격으로 깔았으며 그 위에 판재로 개판을 설치하였다. 마루방과 복도에는 쪽마루를 깔았으며 한옥에 비하여 창호나 개구부가 많은 편이다.",2018-10-17 00:00:00,0,5,0,자유이용불가,제3유형,과업지시서,
,296,경남관광 길잡이,HOME > 관광정보 > 근대건축문화유산 > 근대건축문화유산 DB,민재호 가옥,"⋅앞면 5칸, 옆면 3칸이다.
⋅지붕아래 방을 두줄로 배열한 겹집이란 점과 방뒤쪽에 생활용품, 가재도구등을 보관하는 공간이 있다.
⋅평면은 왼쪽부터 부엌, 온돌방 2칸, 마루, 아랫방을 두고, 그 좌우로 툇간을 달아내어 부엌에 사용하는 선반과 아랫방에서 2층으로 통하는 계단을 시설했다.
⋅2층은 마루바닥에 평상을 놓고 사용했다. 2층의 바닥은 1층의 천정이 되며, 2층에 노출된 상부가구는 간략한 3량가이다.
⋅2층의 외벽 사방에는 채광과 환기를 위해 가로로 긴 들창을 달아 놓았는데, 창의 살짜임이 일식(日式) 창에 가깝다.",2018-10-17 00:00:00,0,5,0,자유이용불가,제3유형,과업지시서,
,297,경남관광 길잡이,HOME > 관광정보 > 근대건축문화유산 > 근대건축문화유산 DB,문대교,"⋅교량의 10m마다 교각이 설치되었으며, 교각은 10개이다.
⋅기초 위에 3개의 기둥을 세우고 상판을 지지하는 보를 설치하였다. 둑과 맞닿은 부분의 기초는 우물통 기초를 하였으나 물이 지나는 강의 중심부에는 기둥마다 별도의 기초를 하였다.
⋅상판은 10m마다 요철이 있는 조인트로 보강되었는데 당시의 것인지는 알 수 없다. 난간은 ∏형의 대공형 부재를 상하로 반복적으로 교차하여 설치하였다.",2018-10-17 00:00:00,0,5,0,자유이용불가,제3유형,과업지시서,
,298,경남관광 길잡이,HOME > 관광정보 > 근대건축문화유산 > 근대건축문화유산 DB,산림정보관,"⋅평면 : 목조 개량 일식으로 한국건축과 일식건축의 접목을 시도한 건축물이다.
⋅구조 : 사원건물로 추정되며, 전면에만 원형기둥을 사용했고, 측면과 배면에는 사각기둥을 사용했으며, 포작의 구성이 특이하다. 정면 좌우 대칭형이며, 측면도 같은 형태이다. 배면에는 발코니를 두어 외부로 직접 연결되고 있다.
⋅의장 및 장식 : 석축 기단위에 콘크리트 통기구를 두고 건물을 올렸고, 결구법이 간단하다. 지붕은 일식 개량기와(암기와, 수키와) 팔작지붕이다. 합각면에 흰색 원형점이 3개가 있어 사찰건물로 추정된다. 처마를 받치는 八자형 공포형식이 독특하다.",2018-10-17 00:00:00,0,8,0,자유이용불가,제3유형,과업지시서,
,299,경남관광 길잡이,HOME > 관광정보 > 근대건축문화유산 > 근대건축문화유산 DB,활법원,"⋅평면 : 도로에 면한 박공지붕 포치 부분이 정면인 것으로 판단 된다. 즉 향과 도로를 향해 두 개의 정면성을 부여하려는 설계 의도가 보인다. 현재는 건물 좌측편에 콘크리트로 증축한 출입구를 만들어 출입하고 있었다.
⋅구조 : 벽체는 원래 목구조였던 것을 이후 전체적으로 시멘트 몰탈로 마감한 상태이다.
⋅지붕은 처마선이 반듯하고 팔작으로 꺽이는 부분이 각이 진 일식 팔작지붕에 일식 기와를 이었다. 1층과 2층에 겹처마의 흔적은 그대로 남아 있고 2층 내민창을 사용하였다.
⋅내부에 들어서면 현관홀을 지나 긴 복도를 중심으로 한 켠에 방들을 배치하였다. 내부 바닥 및 목재일부는 건립 당시의 것으로 추정된다.",2018-10-17 00:00:00,0,10,0,자유이용불가,제3유형,과업지시서,
,300,경남관광 길잡이,HOME > 관광정보 > 근대건축문화유산 > 근대건축문화유산 DB,김한수가옥,"⋅대문채에 달려 있는 창이 일식(돌출 덧창)으로 표현되었으며, 대문도 빗살무늬로 사용하여 한식에서는 보기 힘든 모습이었으나 현재는 수직널을 덧대어 원형이 훼손됐다.
⋅거주자의 증언에 의하면 일본사람이 살았던 집을 일본사람이 본국으로 들어가면서 그 일식주택의 부재를 이용하여 1950년에 지었다고 한다.
⋅외벽은 목구조를 노출시키고 흰색 회벽 마감하였다.",2018-10-17 00:00:00,0,3,0,자유이용불가,제3유형,과업지시서,
,301,경남관광 길잡이,HOME > 관광정보 > 근대건축문화유산 > 근대건축문화유산 DB,선일떡방앗간 (철거 또는 멸실),"⋅3량 구조이며, 안마당 방향으로 서까래를 길게 내밀어 방앗간으로 사용하고 있었다. 지붕은 박공지붕 형태며 플라스틱 기와로 대체되었다. 외벽은 시멘트 몰탈 위 흰색 수성페인트로 마감, 모르타르 뿜칠 마감이 혼재되어있다.
⋅도로에 면한 정면을 길게 한 평면으로 원형서까래와 일식기와를 동시에 사용하였는데 내륙지방에는 일식과 한식이 결합한 형태가 많이 나오고 있다.
⋅방앗간 안쪽으로 내부 중정이 있으며, 중정 건너편에 ㄱ자형 평면의 주택이 있다. 주택은 근대한옥 원형은 비교적 잘 유지되어 있는데 처마처짐, 벽 크랙 등 보존상태가 매우 열악하다. 돌담 역시 원형이 잘 보존되어 있다.",2018-10-17 00:00:00,0,6,0,자유이용불가,제3유형,과업지시서,
,302,경남관광 길잡이,HOME > 관광정보 > 근대건축문화유산 > 근대건축문화유산 DB,마천양조장,"⋅목조 기둥과 기둥사이에 시멘트 몰탈로 마감한 벽체를 두었으며, 외벽 일부에는 조적으로 보강하였다. 목구조물 및 양조장의 창호와 목문은 비교적 원형이 잘 유지되어 있다.
⋅지붕은 스레트로 개조되었으며, 우진각 지붕이다.
⋅마당 내부 오른편으로 살림집이 배치되어 있고, 왼편으로는 술을 발효시키는 공간이 넓게 자리하고 있다. 창과 창살은 예전의 모습으로 보여지며, 페인트칠을 새로 하였다.",2018-10-17 00:00:00,0,1,0,자유이용불가,제3유형,과업지시서,
,303,경남관광 길잡이,HOME > 관광정보 > 근대건축문화유산 > 근대건축문화유산 DB,한진택배(변전소),"⋅평면은 정방형에 가까운 장방형이다. 조적조 외벽에 목조지붕(우진각)을 둔 사무소 건물과 목구조에 양철 슬레이트 지붕과 외벽을 구성한 창고건물로 구성된다.
⋅전형적인 좌우대칭 구조의 일본식 관공서 건물형태로 장변과 단변의 길이가 거의 유사한 것이 독특하다. 사무소 건물의 처마는 벽돌 내쌓기로 점층적으로 돌출되어 있다. 2층 내부는 현대식 마감하여 원형을 찾아보기 힘들다.
⋅정면 측면 2층부에 각각 3개씩의 긴창을 가지고 있다. 외벽에는 변전소로 사용했던 구조물 착결부, 애자 등의 흔적이 고스란히 남아있다.
⋅창고 내부는 목조트러스 및 가새 등이 그대로 노출되어 보인다. 현재는 함석 슬레이트로 마감되어 있지만 원래는 목재널로 마감하였을 것으로 추측된다.",2018-10-17 00:00:00,0,8,0,자유이용불가,제3유형,과업지시서,
,304,경남관광 길잡이,HOME > 관광정보 > 근대건축문화유산 > 근대건축문화유산 DB,태양농기계,"⋅산청극장(산청읍민관), 함양읍민관(철거)과 유사한 형태를 취하고 있다.
⋅직사각형의 단순한 평면에 정면에 판벽을 덧대어 강조한 형태를 취하고 있으며, 정면은 수직성을 강조하였다. 이러한 형태는 당시 1960년대와 1970년대 대형 공공건물에 유행하였던 형태이다.
⋅양측면에 기둥과 보가 벽보다 돌출되어 구조미가 강조되었다.
⋅2층 면적은 26㎡로 부속사무실(영화 상영 시 영사실로 쓰임) 및 관리 용도로 사용되었다.",2018-10-17 00:00:00,0,5,0,자유이용불가,제3유형,과업지시서,
,305,경남관광 길잡이,HOME > 관광정보 > 근대건축문화유산 > 근대건축문화유산 DB,인당쌀상회,"⋅목구조 박공지붕 위에 또 다른 박공형태 고측창을 두었다. 고측창부는 효율적인 정미과정과 채광을 위해 기능상 추가된 것으로 보인다. 고측창은 도머창 형태를 취하고 있어 독특하다. 고측창 외에도 기계류가 지붕 밖으로 돌출되어 있다.
⋅내부 지붕은 덧대어 이은 목조 트러스 구조이며 지붕은 기와였을 것으로 추측되나 현재는 아연 슬레트로 마감되어 있다.
⋅외벽은 일부 시멘트 몰탈로 마감하고 흰색 페인트 마감하였으나 목구조 사이에 흙벽이 남아 있어 당시 목조 건물임을 추정할 수 있다. 아연판문이 원형 보존되어 있다.",2018-10-17 00:00:00,0,7,0,자유이용불가,제3유형,과업지시서,
,306,경남관광 길잡이,HOME > 관광정보 > 근대건축문화유산 > 근대건축문화유산 DB,거창근대의료박물관,"⋅장방형의 긴 一자형 평면이고 내부의 각 실은 T자형의 복도에 의해 연결된다. T자의 윗부분에 뒤쪽으로 문을 내어 입원실로 쓰던 단층의 긴 건물(방 5실)과 안쪽 살림채와 연결되고 T자 가운데 복도에 2층으로 올라가는 계단이 있다.
⋅철근콘크리트로 골조 및 벽체를 구성하고 전면에는 모르타르 거친마감을 판석을 붙인것처럼 처리하였고 측면은 모르타르뿜칠 마감 하였다.
⋅창틀과 창틀 사이 역시 몰탈 마감하고 창틀보다 약간 돌출시켜 장식기둥을 세운 것처럼 보이도록 하였다.
⋅꺽임지붕을 사용하였고 건물 측면에도 큰 창을 두어 채광에 주력했음을 알 수 있다.",2018-10-17 00:00:00,0,12,0,자유이용불가,제3유형,과업지시서,
,307,경남관광 길잡이,HOME > 관광정보 > 근대건축문화유산 > 근대건축문화유산 DB,천연염색 나랑,"⋅장방형의 긴 一자형 평면이고 내부의 각 실은 T자형의 복도에 의해 연결된다. T자의 윗부분에 뒤쪽으로 문을 내어 입원실로 쓰던 단층의 긴 건물(방 5실)과 안쪽 살림채와 연결되고 T자 가운데 복도에 2층으로 올라가는 계단이 있다.
⋅철근콘크리트로 골조 및 벽체를 구성하고 전면에는 모르타르 거친마감을 판석을 붙인것처럼 처리하였고 측면은 모르타르뿜칠 마감 하였다.
⋅창틀과 창틀 사이 역시 몰탈 마감하고 창틀보다 약간 돌출시켜 장식기둥을 세운 것처럼 보이도록 하였다.
⋅꺽임지붕을 사용하였고 건물 측면에도 큰 창을 두어 채광에 주력했음을 알 수 있다.",2018-10-17 00:00:00,0,7,0,자유이용불가,제3유형,과업지시서,
,308,경남관광 길잡이,HOME > 관광정보 > 근대건축문화유산 > 근대건축문화유산 DB,경남가설 창고,"⋅긴 一자형의 장방형 공장 두동이 나란히 놓여있고 거기에 다른 공장동이 직각으로 붙어 ㅠ자 형태의 평면을 하고 있었으나 이 중 한 동이 철거되어 현재는 ㄱ자 배치를 하고 있음.
⋅개구부 외 측면높이의 절반정도를 기준으로 아래 부분에는 주름양철을 대고 윗부분에는 시멘트로 마감.
⋅두 동 모두 목조 기둥사이를 흙벽으로 마감하였으나 A동(사무실과 창고) 내부 벽체와 바닥 일부는 모두 긴 널판재를 붙여 마감하였고 B동(창고)은 흙벽 마감을 그대로 노출시켰음
⋅지붕부의 구성은 길이를 확보하기 위해 각재를 별도의 각재로 덧댄 후 이어 붙여 트러스로 구성함. 구조부 사이를 판재로 막고 그 위에 기와를 올렸다(2004). 현재는 양철판 지붕으로 최종 마감되어 있다.",2018-10-17 00:00:00,0,7,0,자유이용불가,제3유형,과업지시서,
,309,경남관광 길잡이,HOME > 관광정보 > 근대건축문화유산 > 근대건축문화유산 DB,경덕재 (철거 또는 멸실),"⋅화재로 경덕재 본채가 전소(\14.4.11.)됨. 소유주가 문화재 취소를 신청하였고 문화재청에서는 문화재적 가치를 상실했음을 고시 (2014.07.03. 문화재청 고시)
⋅안채는 전통기법으로 지은 정면 6칸 측면 2칸의 전, 후퇴집으로 5량가구이며, 겹처마에 합각지붕형식이다. 가구방식 중 대공부분에는 전통문양이 아닌 일본식 문양장식이 있다.
⋅대문채는 솟을대문형식이나 난간을 두른 누각모양으로 만들고 문을 단 점, 대문의 빗장이 1개가 아닌 3개인 점, 그리고 협문에 화려하게 장식된 화반과 기둥에는 전통법식과 일식이 혼용된 독특한 형식을 보이고 있어 본채가 소실되었음에도 불구하고 사료적 가치가 높다.
⋅안채의 규모나 겹처마, 합각지붕 등은 안채에서는 쓰지 않는 구성에서 근대적 사고를 엿볼 수 있으며 각종 일본식 장식뿐 아니라 개인적 기호의 장식 등이 사용되었다.",2018-10-17 00:00:00,0,7,0,자유이용불가,제3유형,과업지시서,
,310,경남관광 길잡이,HOME > 관광정보 > 근대건축문화유산 > 근대건축문화유산 DB,최남식 가옥,"⋅공식명 ‘거창 정장리 최남식 가옥’은 긴 장방형의 가운데 거실을 아래, 위로 확장하여 전체적으로는 ╂자형의 평면형태를 보이는 전후 목조 2층 농촌주택이다.
⋅집 서편에 젖소를 키우던 축사와 창고 등이 있다. 이후 추가 증축된 것으로 추측되는 창고는 독특하게 원형 평면을 하고 있다.
⋅경사가 급한 맨사드지붕의 중간에 횡으로 확장된 수평적 발코니를 삽입하여 침투를 표현. 현관 상부에는 박공을 두었다.
⋅구조는 2층까지의 긴 기둥과 1층의 낮은 기둥을 배치하고 판재로 거푸집을 짠 후 내부에 황토를 넣고 목재 비늘판벽으로 마감(전쟁 후 시멘트 몰탈로 교체했다가 최근 복원)
⋅지붕은 경사가 급한 꺾임지붕으로 최초 기와는 모두 철사로 묶어 고정하였다.",2018-10-17 00:00:00,0,9,0,자유이용불가,제3유형,과업지시서,
,311,경남관광 길잡이,HOME > 관광정보 > 근대건축문화유산 > 근대건축문화유산 DB,윤순덕 가옥,"⋅평면은 ㄱ자의 꺾음집으로 전통주택의 경기도형과 유사함. 단 꺾임부분에 부엌을 두고 방, 마루, 방의 순으로 배열되는 것이 보통이나 이 집은 부엌 옆에 마루를 두고 방을 이어 배열한 것이 다르다.
⋅구조는 목조가구식이며 기둥사이를 막은 심벽구조이다.
⋅가공하지 않은 둥근 서까래를 사용하여 전통주택의 형식을 따랐고 지붕의 보존상태가 주변 주택에 비해 비교적 양호하다. 일부 단면의 크기가 작은 목재를 사용하는 등 근대적 재료를 사용 흔적이 보인다.",2018-10-17 00:00:00,0,8,0,자유이용불가,제3유형,과업지시서,
,312,경남관광 길잡이,HOME > 관광정보 > 근대건축문화유산 > 근대건축문화유산 DB,참좋은죽집,"⋅안쪽으로 긴 정방형에 가까운 장방형 평면 형태이며 그리스 신전형태를 모방한 독특한 입면을 가지고있다.
⋅기둥바깥으로 목재널을 대어 벽체를 구성하고 철망위에 회를 발라 마감하였으나 양철판으로 덧대어 바깥에서 보이지 않는다. 정면과 측면 외부벽체에 모르타르 거친마감을 판석을 붙인것처럼 처리하였고 배면에는 목구조를 노출시켰다.
⋅곡면을 둔 띠돌림(cornice) 장식위에 지붕을 구성하였고 정면의 양쪽에는 장식기둥을 두어 치장하였다.",2018-10-17 00:00:00,0,6,0,자유이용불가,제3유형,과업지시서,
,313,경남관광 길잡이,HOME > 관광정보 > 근대건축문화유산 > 근대건축문화유산 DB,형제완구,"⋅3점포가 같이 사용하고 있는 장방형의 一자형 평면으로 2층이다.
⋅기둥과 보로 가구한 후 기둥안쪽으로 목재널을 대어 벽체를 구성하고 시멘트로 마감하였고 이후 흰색 페인트로 재마감하였다.
⋅2층 실내 천장에서 꺽임지붕 모양대로 마감한 것이 독특하다. 지붕의 꺾인부분 하부를 보면 회칠로 마감하여 건립 당시에는 회칠로 마감한 것으로 보인다.
⋅2층 창문은 1짝을 3부분으로 나눈 미서기창이며 측면에는 창의 상부에 돌출 차양을 설치하였다.
⋅외벽 좌우측 벽면은 구조목을 노출시키고 심벽을 모르타르 뿜칠 마감하였으나 일부 심각하게 훼손되어 수리가 시급하다.",2018-10-17 00:00:00,0,7,0,자유이용불가,제3유형,과업지시서,
,314,경남관광 길잡이,HOME > 관광정보 > 근대건축문화유산 > 근대건축문화유산 DB,정만수 가옥,"⋅2점포가 같이 사용하고 있는 장방형의 一자형 평면으로 2층이다. 마당을 사이에 두고 뒤쪽에 ㄱ자형 평면의 팔작지붕 개량한옥이 배치되어있다.
⋅창살형태, 외벽타일마감, 내민처마홈통의 장식, 일식기와, 남쪽 툇마루에 덧댄 유리문 등 1960년대 개량한옥의 전형을 보여주고 있다.
⋅상가는 기둥과 보로 가구한 후 기둥안쪽으로 목재널을 대어 벽체를 구성하고 시멘트로 마감하였다. 전면의 기둥과 벽면에는 스텐레스판을 붙였다.
⋅2층 창문은 2짝 미서기창이며 측면에는 창의 상부에는 차양을 설치하였다.",2018-10-17 00:00:00,0,5,0,자유이용불가,제3유형,과업지시서,
,315,경남관광 길잡이,HOME > 관광정보 > 근대건축문화유산 > 근대건축문화유산 DB,박산 합동 위령비,"⋅거창양민학살사건은 한국전쟁 중이던 1951년 2월, 당시 중공군의 개입으로 인한 1.4 후퇴에 따라 후방 빨치산의 공세가 강화되자 거창군 신원면 일대에서 공비토벌작전 중이던 국군 11사단 9연대 3대대가 공비와 내통하였다고 오판하여 덕산리 84명, 대현리 100명, 박산골 517명, 기타 18명 모두 719명의 양민이 학살된 사건이다.
⋅대현리에 거창사건 추모공원이 건립되어 719명의 개별묘지에 안장되었지만 이 곳 박산 합동묘역은 원형대로 보존, 관리되고 있고 그 중 박산합동 위령비는 특별한 의미를 갖음.",2018-10-17 00:00:00,0,5,0,자유이용불가,제3유형,과업지시서,
,316,경남관광 길잡이,HOME > 관광정보 > 근대건축문화유산 > 근대건축문화유산 DB,뉴월드패션,"⋅4점포가 같이 사용하고 있는 장방형의 一자형 평면으로 3층이다.
⋅기둥과 보로 가구한 후 기둥안쪽으로 목재널을 대어 벽체를 구성하고 시멘트로 마감하였고 이후 페인트로 재마감하였다.
⋅2층 실내 천장 형태가 원형 그대로 잘 보존되어 있다. 내부 기둥의 주두 부분이 독특하다.
⋅외벽 좌우측 벽면은 구조목을 노출시키고 심벽을 모르타르 뿜칠 마감하였으나 일부 심각하게 훼손되어 수리가 시급하다.",2018-10-17 00:00:00,0,7,0,자유이용불가,제3유형,과업지시서,
,317,경남관광 길잡이,HOME > 관광정보 > 근대건축문화유산 > 근대건축문화유산 DB,모암정,"⋅정면 3칸 측면 2칸 팔작지붕 목구조, 절제된 다포식 등 조선 후기 누각의 전형을 보여줌
⋅1919년 3. 1 운동 후 일본이 회유 유화정책으로 선회하자 심리적 여유가 생긴 지역 지주들이 짓기 시작한 한옥 건축의 한 유형으로 추측.
⋅돌거북 형태의 암반 위에 초석형 돌기둥을 세움. 팔작지붕 끝에도 용(장원급제 갈망), 도마뱀(다산 상징)조각의 돌기둥이 활주의 형태로 건축됨
⋅내부천장은 화려한 장식의 우물천장이며 주변에 사군자와 화분의 조각이 독특하다.
⋅보는 목재의 자연형질을 그대로 사용하였으며 용모양이 음각되어 있다.",2018-10-17 00:00:00,0,9,0,자유이용불가,제3유형,과업지시서,
,318,경남관광 길잡이,HOME > 관광정보 > 근대건축문화유산 > 근대건축문화유산 DB,대양우체국,"⋅평면 : 정면에서 보면 평면은 좌우로 길고, 정면을 중심으로 좌우대칭 구조이다. 정면을 강조한 형태
⋅구조 : 외벽은 시멘트 벽돌에 몰탈 뿜칠 마감이며, 지붕은 기와 맞배지붕이다.
⋅의장 및 장식 : 물받이와 선홈통 등의 양식은 원형 그대로인 것으로 보여진다.
⋅정면에 들어서면 창구가 있고, 창구 뒤로 업무공간이 있는 소규모 업무공간의 전형적이 예이다.
⋅이와 비슷한 건축 형태로는 인근에 삼가우체국이 있다.",2018-10-17 00:00:00,0,3,0,자유이용불가,제3유형,과업지시서,
,319,경남관광 길잡이,HOME > 관광정보 > 근대건축문화유산 > 근대건축문화유산 DB,야로미용실,"⋅지붕을 기와에서 골스레트로 바꾸었고 형태는 한면은 우진각지붕, 다른면은 맞배지붕으로 개수하여 독특한 형태를 띄고 있다. 맞배지붕 측에는 독특한 형태의 통기구가 뚫려 있다.
⋅굴도리와 서까래는 원형이며 전체적인 풍은 한식과 일식의 절충식 주택으로 보여진다.
⋅외벽은 흙벽 위에 회칠하여 마감하였다. 우측면에 목가구조 구조를 그대로 노출시키고 나머지 벽을 흰색 처리한 원형이 남아 있다. 창호 역시 원형 보존되어있으나 흰색 방범샤시를 덧대어 시공한 상태이다.
⋅작은 정원이 있고 엔가와(유리창으로 외기를 차단한 툇마루)형식의 복도 및 마루가 있고 그 뒤로 방이 배치되어 있다.",2018-10-17 00:00:00,0,8,0,자유이용불가,제3유형,과업지시서,
,320,경남관광 길잡이,HOME > 관광정보 > 근대건축문화유산 > 근대건축문화유산 DB,김석관가옥,"⋅목조 단층 주택으로 대문채와 안채로 구성된 한일 절충식 주택이다. 일식기와 지붕을 플라스틱 기성제품 기와로 대체했으며, 지붕형태는 우진각 지붕이다.
⋅안채와 대문채로 구성되어 있으며, 외벽은 흙벽에 회칠 마감벽이다. 안채 전면에 흰색 유리문을 달아 사용하고 있다.",2018-10-17 00:00:00,0,6,0,자유이용불가,제3유형,과업지시서,
,321,경남관광 길잡이,HOME > 관광정보 > 근대건축문화유산 > 근대건축문화유산 DB,선금당,"⋅정면 5칸, 측면 2칸 2층으로 원래 기와지붕이었던 것이 개수하면서 스레트로 바꾼 것으로 추정된다.
⋅콘크리트 기단이 있으며, 기둥이나 보 부재가 한식에 비해 매우 가늘다. 경량 목조 가구법, 유리창 및 천장 등의 기법으로 보아 전형적인 일식 상업건축 형태를 취하고 있다.
⋅2층 창호의 원형 보존상태가 매우 양호함",2018-10-17 00:00:00,0,7,0,자유이용불가,제3유형,과업지시서,
,322,경남관광 길잡이,HOME > 관광정보 > 근대건축문화유산 > 근대건축문화유산 DB,합천식당,"⋅목조 위 시멘몰탈 뿜칠 마감된 건물. 2층 벽면에 “三和商會”라는 희소가치가 높은 벽면 돌출 간판이 남아있다. 시멘트 기와였을 것으로 추측되는 지붕은 현재 양철 슬레트기와로 대체되어 있다.
⋅2층 창문은 원래 오르내리창으로 설계되었을 것으로 추정되며(현재는 알루미늄 샤시), 1층은 외벽 및 개구부의 변형이 심하다. 현재 2층의 외벽 일부만 당시의 모습을 보여주고 있다.",2018-10-17 00:00:00,0,4,0,자유이용불가,제3유형,과업지시서,
,323,경남관광 길잡이,HOME > 관광정보 > 근대건축문화유산 > 근대건축문화유산 DB,합천술도가,"⋅주류사업실, 공장 2동, 보이러실과 점포 총 5동으로 구성되어 있다.
⋅현재는 목조 스레트 지붕이지만 당시 기와지붕이었을 것으로 추정되며, 박공지붕 형태이다.
⋅박공부 벽체는 목구조 사이에 심벽처리 한 것을 이후 시멘트 몰탈로 재마감 한 것으로 추정된다.
⋅일부 건물에 시멘트 블록조 위에 시멘트 몰탈 마감이지만 일부 흙벽 위 회칠 마감벽이 남아 있다. 문과 창호 대부분이 재시공되어 원형이 많이 변형되었다.",2018-10-17 00:00:00,0,6,0,자유이용불가,제3유형,과업지시서,
,324,경남관광 길잡이,HOME > 관광정보 > 근대건축문화유산 > 근대건축문화유산 DB,가회면 농협창고,"⋅내부 보와 기둥은 목구조이며, 외벽은 흙담 돌쌓기 형식으로 쌓아 자체적으로 하중을 감당하고 있는 독특한 구조이다. 지붕 역시 일반적으로 창고에 사용되는 맞배지붕이나 꺽임 지붕이 아니고 독특하게 우진각 지붕 형식을 취하고 있다.
⋅일식기와를 얹은 지붕을 제외하곤 완전히 가공하지 않은 굴도리와 둥근 단면 기둥을 사용하는 등 한식 구조의 특징을 보여주고 있다.
⋅독특하게 굴도리 위에 개판(널판)을 사용하지 않고 대나무를 엮어 개판 대신 사용하고 그 위에 갈대나 짚을 흙과 함께 개어 마감하였다.
⋅외부 벽은 돌을 쌓은 형식을 그대로 보여주고 있고 내부에서는 짚과 황토를 혼합한 흙벽으로 마감하였다.
⋅내부는 목조트러스 및 가새 등이 그대로 노출되어 보인다. 개구부 상부에 독립된 수평부재를 삽입하여 구조 보강한 것이 재미있고 출입구 역시 목문 원형을 보존하고 있다.",2018-10-17 00:00:00,0,8,0,자유이용불가,제3유형,과업지시서,
,325,경남관광 길잡이,HOME > 관광정보 > 근대건축문화유산 > 근대건축문화유산 DB,3·15의거 현장,"⋅이승만 독재정권의 부정선거에 반발한 3·15의거 현장으로, 1960년 3월 15일 실시된 4대 정부통령 선거는 대대적이고 노골적인 선거부정 속에서 치러졌는데,당대 경남에서 최고 번화가였던 불종거리에서 마산시 민주당 간부들이 자유당의 부정 선거 현장을 확인한 후 선거 무효를 선언하고, 투쟁을 시작한 것이 시발점이 되었음.
⋅경찰이 정남규 등 민주당 간부들을 연행하면서 강력 대응하자 시위 군중은 계속 늘어나 만여 명이 넘었고, 시위대가 경찰과 대치 중 경찰은 시위대를 해산하기 위해 소방차를 동원해 물을 뿌렸으며, 시위대는 이에 대항하며 돌을 던졌음. 경찰은 최류탄과 공포탄을 발사하다 8시 무렵 시내가 정전되자 총격을 가했는데, 이날 경찰의 발포로 8명이 사망하고, 70명이 부상당했으며, 연행된 이들은 격심한 고문을 당했음.
⋅이날 1차 마산시위 이후, 여러 지역에서 시위가 있었지만, 4월 11일 아침 실종된 마산상업고등 학교의 학생이었던 김주열의 시신이 왼쪽 눈에 최루탄이 박힌 채 마산 앞바다에 떠오른 것이 발견되면서 시위는 더욱 격화되었고, 이후 전국적으로 시위가 확산되어 4·19 혁명을 촉발시 키기에 이르렀음.
⋅당시 다방과 민주당사 사무실이 있던 작은 3층 건물 자리에는 음식점, 카페가 있는 현대식 5층 건물이 들어서 있음.",2018-10-17 00:00:00,0,2,0,자유이용불가,제3유형,과업지시서,
,326,경남관광 길잡이,HOME > 관광정보 > 근대건축문화유산 > 근대건축문화유산 DB,원동천교,"⋅구조 및 형태: 타원형 교각 5개로 구성된 콘크리트 구조물이며 교각기초는 나무말뚝 기초
⋅규모 : 상행선 교량 경간-18.3m×6개, 교량침목 300개, 대피소 우측 20m 간격으로 5개소
⋅원동천교 하행선 : 상행선과 구조 및 형태는 동일, 연장 97.9m",2018-10-17 00:00:00,0,2,0,자유이용불가,제3유형,과업지시서,
,327,경남관광 길잡이,HOME > 관광정보 > 근대건축문화유산 > 근대건축문화유산 DB,진재수 가옥 (철거 또는 멸실),"⋅ 전형적인 일본 목조 기와집. 출입구 부분인 현관을 돌출하여 박공지붕의 구성으로 만들었고, 전면에 복도를 두고 다다미방을 둔 구성
⋅ 일식기와 팔작지붕이며, 겹처마는 개조되었지만 형태는 그대로 유지하고 있음
⋅ 면형태는 장방형이며, 현관을 들어서면 오른편에 방이 있고, 왼편으로는 중복도로 길게 연결되어 있음",2018-10-17 00:00:00,0,3,0,자유이용불가,제3유형,과업지시서,
,328,경남관광 길잡이,HOME > 관광정보 > 근대건축문화유산 > 근대건축문화유산 DB,진석중 가옥,"⋅평면 : 동서의 긴 사다리꼴 대지에 안채(본채), 별채(건너채), 창고(광채), 대문 등이 ‘튼ㅁ’자형을 이루고 있지만, 전통한옥의 배치유형과는 차이를 보인다. 특히 별채의 경우, 방은 두 개로 나눌 수 있는 통칸으로 하고, 그 둘레에 마루를 설치하였으며 배면쪽에 화장실과 욕실 등을 구성하는 일본식 주거양식이 접목된 것이 특징이다. 건축면적?연면적은 안채 68.7㎡, 별채 35.7㎡, 광채 35.6㎡, 대문채 15.6㎡이다.
⋅구조 : 안채 – 한식 목구조 5량가 홑처마 팔작지붕, 별채 - 3량가 홑처마 팔작지붕
⋅의장 및 양식 : 적벽돌, 납도리, 세장한 사각기둥 사용됨. 일식 오목판기와가 설치되어 있었으나, 최근 수리를 통해 모두 한식기와로 교체되었다.",2018-10-17 00:00:00,0,6,0,자유이용불가,제3유형,과업지시서,
