Unnamed: 0,Unnamed: 1,Unnamed: 2,Unnamed: 3,Unnamed: 4,Unnamed: 5,Unnamed: 6,Unnamed: 7,Unnamed: 8,Unnamed: 9,Unnamed: 10,Unnamed: 11,Unnamed: 12,Unnamed: 13
,대구광역시청 권리처리 목록,,,,,,,,,,,,
,순번,사이트명,카테고리,이름,설명,등록일,영상,사진,문서,기존 공공누리 유형,최종 공공누리 유형,계약서 유무,비고
,1,고화질 대구｜DAEGU VIEW,HOME > 고화질 대구,"달성군, 강정고령보 - 디아크(The ARC)",야경,2018,0,1,0,CC BY-SA,제1유형,공고문,
,2,고화질 대구｜DAEGU VIEW,HOME > 고화질 대구,"달성군, 강정보",생태·자연,2018,0,1,0,CC BY-SA,제1유형,공고문,
,3,고화질 대구｜DAEGU VIEW,HOME > 고화질 대구,"달성군, 사문진나루터",생태·자연,2018,0,1,0,CC BY-SA,제1유형,공고문,
,4,고화질 대구｜DAEGU VIEW,HOME > 고화질 대구,"수성구, 동대사",기타,2018,0,1,0,CC BY-SA,제1유형,공고문,
,5,고화질 대구｜DAEGU VIEW,HOME > 고화질 대구,"중구, 김광석 다시 그리기 길",도시경관,2018,0,1,0,CC BY-SA,제1유형,공고문,
,6,고화질 대구｜DAEGU VIEW,HOME > 고화질 대구,"달서구, 이월드(E-World)",테마파크,2018,0,1,0,CC BY-SA,제1유형,공고문,
,7,고화질 대구｜DAEGU VIEW,HOME > 고화질 대구,"동구, 불로동 고분군",역사·문화,2018,0,1,0,CC BY-SA,제1유형,공고문,
,8,고화질 대구｜DAEGU VIEW,HOME > 고화질 대구,"달서구, 성당못",생태·자연,2018,0,1,0,CC BY-SA,제1유형,공고문,
,9,고화질 대구｜DAEGU VIEW,HOME > 고화질 대구,"동구, 동화사",역사·문화,2018,0,1,0,CC BY-SA,제1유형,공고문,
,10,고화질 대구｜DAEGU VIEW,HOME > 고화질 대구,"중구, 대구 근대골목",역사·문화,2018,0,1,0,CC BY-SA,제1유형,공고문,
,11,고화질 대구｜DAEGU VIEW,HOME > 고화질 대구,"남구, 공룡공원",생태·자연,2018,0,1,0,CC BY-SA,제1유형,공고문,
,12,고화질 대구｜DAEGU VIEW,HOME > 고화질 대구,"서구, 서대구IC",생태·자연,2018,0,1,0,CC BY-SA,제1유형,공고문,
,13,고화질 대구｜DAEGU VIEW,HOME > 고화질 대구,"달서구, 이월드(E-World)",테마파크,2018,0,1,0,CC BY-SA,제1유형,공고문,
,14,고화질 대구｜DAEGU VIEW,HOME > 고화질 대구,"달성군, 육신사",역사·문화,2018,0,1,0,CC BY-SA,제1유형,공고문,
,15,고화질 대구｜DAEGU VIEW,HOME > 고화질 대구,"중구, 3.1만세운동길",역사·문화,2018,0,1,0,CC BY-SA,제1유형,공고문,
,16,고화질 대구｜DAEGU VIEW,HOME > 고화질 대구,"달서구, 대구수목원",생태·자연,2018,0,1,0,CC BY-SA,제1유형,공고문,
,17,고화질 대구｜DAEGU VIEW,HOME > 고화질 대구,"동구, 불로동 고분군",역사·문화,2018,0,1,0,CC BY-SA,제1유형,공고문,
,18,고화질 대구｜DAEGU VIEW,HOME > 고화질 대구,"달성군, 강정고령보 - 디아크(The ARC)",야경,2018,0,1,0,CC BY-SA,제1유형,공고문,
,19,고화질 대구｜DAEGU VIEW,HOME > 고화질 대구,"남구, 앞산",생태·자연,2018,0,1,0,CC BY-SA,제1유형,공고문,
,20,고화질 대구｜DAEGU VIEW,HOME > 고화질 대구,"달성군, 옥연지 송해공원",생태·자연,2018,0,1,0,CC BY-SA,제1유형,공고문,
,21,고화질 대구｜DAEGU VIEW,HOME > 고화질 대구,"달서구, 두류공원",축제·행사,2018,0,1,0,CC BY-SA,제1유형,공고문,
,22,고화질 대구｜DAEGU VIEW,HOME > 고화질 대구,"달성군, 강정고령보 - 디아크(The ARC)",도시경관,2018,0,1,0,CC BY-SA,제1유형,공고문,
,23,고화질 대구｜DAEGU VIEW,HOME > 고화질 대구,"달서구, 이월드(E-World)",테마파크,2018,0,1,0,CC BY-SA,제1유형,공고문,
,24,고화질 대구｜DAEGU VIEW,HOME > 고화질 대구,"남구, 공룡공원",기타,2018,0,1,0,CC BY-SA,제1유형,공고문,
,25,고화질 대구｜DAEGU VIEW,HOME > 고화질 대구,"동구, 불로동 고분군",역사·문화,2018,0,1,0,CC BY-SA,제1유형,공고문,
,26,고화질 대구｜DAEGU VIEW,HOME > 고화질 대구,"달성군, 인흥마을",역사·문화,2018,0,1,0,CC BY-SA,제1유형,공고문,
,27,고화질 대구｜DAEGU VIEW,HOME > 고화질 대구,"달서구, 두류공원",축제·행사,2018,0,1,0,CC BY-SA,제1유형,공고문,
,28,고화질 대구｜DAEGU VIEW,HOME > 고화질 대구,"달서구, 두류공원",축제·행사,2018,0,1,0,CC BY-SA,제1유형,공고문,
,29,고화질 대구｜DAEGU VIEW,HOME > 고화질 대구,"중구, 서문시장",먹거리,2018,0,1,0,CC BY-SA,제1유형,공고문,
,30,고화질 대구｜DAEGU VIEW,HOME > 고화질 대구,"달성군, 달성습지",생태·자연,2018,0,1,0,CC BY-SA,제1유형,공고문,
,31,고화질 대구｜DAEGU VIEW,HOME > 고화질 대구,"중구, 3.1만세운동길",도시경관,2018,0,1,0,CC BY-SA,제1유형,공고문,
,32,고화질 대구｜DAEGU VIEW,HOME > 고화질 대구,"중구, 동성로",축제·행사,2018,0,1,0,CC BY-SA,제1유형,공고문,
,33,고화질 대구｜DAEGU VIEW,HOME > 고화질 대구,"동구, 신숭겸 장군 유적지",역사·문화,2018,0,1,0,CC BY-SA,제1유형,공고문,
,34,고화질 대구｜DAEGU VIEW,HOME > 고화질 대구,"달성군, 하목정",역사·문화,2018,0,1,0,CC BY-SA,제1유형,공고문,
,35,고화질 대구｜DAEGU VIEW,HOME > 고화질 대구,"달서구, 대구수목원",생태·자연,2018,0,1,0,CC BY-SA,제1유형,공고문,
,36,고화질 대구｜DAEGU VIEW,HOME > 고화질 대구,"중구, 서문시장 야시장",먹거리,2018,0,1,0,CC BY-SA,제1유형,공고문,
,37,고화질 대구｜DAEGU VIEW,HOME > 고화질 대구,"달성군, 마비정벽화마을",기타,2018,0,1,0,CC BY-SA,제1유형,공고문,
,38,고화질 대구｜DAEGU VIEW,HOME > 고화질 대구,"달성군, 비슬산",생태·자연,2018,0,1,0,CC BY-SA,제1유형,공고문,
,39,고화질 대구｜DAEGU VIEW,HOME > 고화질 대구,"달성군, 비슬산군립공원",생태·자연,2018,0,1,0,CC BY-SA,제1유형,공고문,
,40,고화질 대구｜DAEGU VIEW,HOME > 고화질 대구,"달서구, 두류공원",축제·행사,2018,0,1,0,CC BY-SA,제1유형,공고문,
,41,고화질 대구｜DAEGU VIEW,HOME > 고화질 대구,"중구, 약령시",축제·행사,2018,0,1,0,CC BY-SA,제1유형,공고문,
,42,고화질 대구｜DAEGU VIEW,HOME > 고화질 대구,"중구, 동성로",축제·행사,2018,0,1,0,CC BY-SA,제1유형,공고문,
,43,고화질 대구｜DAEGU VIEW,HOME > 고화질 대구,"달서구, 강정고령보 - 디아크(The ARC)",도시경관,2018,0,1,0,CC BY-SA,제1유형,공고문,
,44,고화질 대구｜DAEGU VIEW,HOME > 고화질 대구,"수성구, 수성못유원지",야경,2018,0,1,0,CC BY-SA,제1유형,공고문,
,45,고화질 대구｜DAEGU VIEW,HOME > 고화질 대구,"달성군, 디아크",도시경관,2018,0,1,0,CC BY-SA,제1유형,공고문,
,46,고화질 대구｜DAEGU VIEW,HOME > 고화질 대구,"중구, 청라언덕",역사·문화,2018,0,1,0,CC BY-SA,제1유형,공고문,
,47,고화질 대구｜DAEGU VIEW,HOME > 고화질 대구,"달성군, 인흥마을",역사·문화,2018,0,1,0,CC BY-SA,제1유형,공고문,
,48,고화질 대구｜DAEGU VIEW,HOME > 고화질 대구,"달성군, 마비정벽화마을",역사·문화,2018,0,1,0,CC BY-SA,제1유형,공고문,
,49,고화질 대구｜DAEGU VIEW,HOME > 고화질 대구,"북구, 하중도",생태·자연,2018,0,1,0,CC BY-SA,제1유형,공고문,
,50,고화질 대구｜DAEGU VIEW,HOME > 고화질 대구,"달서구, 두류공원",축제·행사,2018,0,1,0,CC BY-SA,제1유형,공고문,
,51,고화질 대구｜DAEGU VIEW,HOME > 고화질 대구,"달서구, 두류공원",축제·행사,2017,0,1,0,CC BY-NC,제2유형,CC BY-NC 는 공공누리2유형과 유사,
,52,고화질 대구｜DAEGU VIEW,HOME > 고화질 대구,"달성군, 강정고령보 - 디아크(The ARC)",야경,2017,0,1,0,CC BY-NC,제2유형,CC BY-NC 는 공공누리2유형과 유사,
,53,고화질 대구｜DAEGU VIEW,HOME > 고화질 대구,"북구, 하중도",생태·자연,2017,0,1,0,CC BY-NC,제2유형,CC BY-NC 는 공공누리2유형과 유사,
,54,고화질 대구｜DAEGU VIEW,HOME > 고화질 대구,"달서구, 코오롱야외음악당",축제·행사,2017,0,1,0,CC BY-NC,제2유형,CC BY-NC 는 공공누리2유형과 유사,
,55,고화질 대구｜DAEGU VIEW,HOME > 고화질 대구,"달성군, 인흥마을",역사·문화,2017,0,1,0,CC BY-NC,제2유형,CC BY-NC 는 공공누리2유형과 유사,
,56,고화질 대구｜DAEGU VIEW,HOME > 고화질 대구,"북구, 하중도",생태·자연,2017,0,1,0,CC BY-NC,제2유형,CC BY-NC 는 공공누리2유형과 유사,
,57,고화질 대구｜DAEGU VIEW,HOME > 고화질 대구,"달성군, 비슬산",생태·자연,2017,0,1,0,CC BY-NC,제2유형,CC BY-NC 는 공공누리2유형과 유사,
,58,고화질 대구｜DAEGU VIEW,HOME > 고화질 대구,"북구, 하중도",생태·자연,2017,0,1,0,CC BY-NC,제2유형,CC BY-NC 는 공공누리2유형과 유사,
,59,고화질 대구｜DAEGU VIEW,HOME > 고화질 대구,"달성군, 비슬산",생태·자연,2017,0,1,0,CC BY-NC,제2유형,CC BY-NC 는 공공누리2유형과 유사,
,60,고화질 대구｜DAEGU VIEW,HOME > 고화질 대구,"달성군, 마비정벽화마을",역사·문화,2017,0,1,0,CC BY-NC,제2유형,CC BY-NC 는 공공누리2유형과 유사,
,61,고화질 대구｜DAEGU VIEW,HOME > 고화질 대구,"중구, 김광석 다시 그리기 길",도시경관,2017,0,1,0,CC BY-NC,제2유형,CC BY-NC 는 공공누리2유형과 유사,
,62,고화질 대구｜DAEGU VIEW,HOME > 고화질 대구,"동구, 옻골마을(경주최씨 종가)",역사·문화,2017,0,1,0,CC BY-NC,제2유형,CC BY-NC 는 공공누리2유형과 유사,
,63,고화질 대구｜DAEGU VIEW,HOME > 고화질 대구,"달성군, 옥연지",생태·자연,2017,0,1,0,CC BY-NC,제2유형,CC BY-NC 는 공공누리2유형과 유사,
,64,고화질 대구｜DAEGU VIEW,HOME > 고화질 대구,"동구, 불로동 고분군",생태·자연,2017,0,1,0,CC BY-NC,제2유형,CC BY-NC 는 공공누리2유형과 유사,
,65,고화질 대구｜DAEGU VIEW,HOME > 고화질 대구,"달성군, 비슬산",기타,2017,0,1,0,CC BY-NC,제2유형,CC BY-NC 는 공공누리2유형과 유사,
,66,고화질 대구｜DAEGU VIEW,HOME > 고화질 대구,"중구, 동성로",축제·행사,2017,0,1,0,CC BY-NC,제2유형,CC BY-NC 는 공공누리2유형과 유사,
,67,고화질 대구｜DAEGU VIEW,HOME > 고화질 대구,"달서구, 대구수목원",생태·자연,2017,0,1,0,CC BY-NC,제2유형,CC BY-NC 는 공공누리2유형과 유사,
,68,고화질 대구｜DAEGU VIEW,HOME > 고화질 대구,"달서구, 이월드(E-World)",테마파크,2017,0,1,0,CC BY-NC,제2유형,CC BY-NC 는 공공누리2유형과 유사,
,69,고화질 대구｜DAEGU VIEW,HOME > 고화질 대구,"달서구, 대구수목원",축제·행사,2017,0,1,0,CC BY-NC,제2유형,CC BY-NC 는 공공누리2유형과 유사,
,70,고화질 대구｜DAEGU VIEW,HOME > 고화질 대구,"달성군, 강정고령보 - 디아크(The ARC)",도시경관,2017,0,1,0,CC BY-NC,제2유형,CC BY-NC 는 공공누리2유형과 유사,
,71,고화질 대구｜DAEGU VIEW,HOME > 고화질 대구,"중구, 동성로",축제·행사,2017,0,1,0,CC BY-NC,제2유형,CC BY-NC 는 공공누리2유형과 유사,
,72,고화질 대구｜DAEGU VIEW,HOME > 고화질 대구,"달성군, 인흥마을",역사·문화,2017,0,1,0,CC BY-NC,제2유형,CC BY-NC 는 공공누리2유형과 유사,
,73,고화질 대구｜DAEGU VIEW,HOME > 고화질 대구,"달성군, 도동서원",역사·문화,2017,0,1,0,CC BY-NC,제2유형,CC BY-NC 는 공공누리2유형과 유사,
,74,고화질 대구｜DAEGU VIEW,HOME > 고화질 대구,"중구, 청라언덕",야경,2017,0,1,0,CC BY-NC,제2유형,CC BY-NC 는 공공누리2유형과 유사,
,75,고화질 대구｜DAEGU VIEW,HOME > 고화질 대구,"달서구, 이월드(E-World)",테마파크,2017,0,1,0,CC BY-NC,제2유형,CC BY-NC 는 공공누리2유형과 유사,
,76,고화질 대구｜DAEGU VIEW,HOME > 고화질 대구,"중구, 동성로",축제·행사,2017,0,1,0,CC BY-NC,제2유형,CC BY-NC 는 공공누리2유형과 유사,
,77,고화질 대구｜DAEGU VIEW,HOME > 고화질 대구,"달서구, 두류공원",축제·행사,2017,0,1,0,CC BY-NC,제2유형,CC BY-NC 는 공공누리2유형과 유사,
,78,고화질 대구｜DAEGU VIEW,HOME > 고화질 대구,"동구, 옻골마을(경주최씨 종가)",생태·자연,2017,0,1,0,CC BY-NC,제2유형,CC BY-NC 는 공공누리2유형과 유사,
,79,고화질 대구｜DAEGU VIEW,HOME > 고화질 대구,"동구, 동화사",역사·문화,2017,0,1,0,CC BY-NC,제2유형,CC BY-NC 는 공공누리2유형과 유사,
,80,고화질 대구｜DAEGU VIEW,HOME > 고화질 대구,"동구, 반야월연꽃단지",생태·자연,2017,0,1,0,CC BY-NC,제2유형,CC BY-NC 는 공공누리2유형과 유사,
,81,고화질 대구｜DAEGU VIEW,HOME > 고화질 대구,"달서구, 성당못",생태·자연,2017,0,1,0,CC BY-NC,제2유형,CC BY-NC 는 공공누리2유형과 유사,
,82,고화질 대구｜DAEGU VIEW,HOME > 고화질 대구,"동구, 팔공컨트리클럽",기타,2017,0,1,0,CC BY-NC,제2유형,CC BY-NC 는 공공누리2유형과 유사,
,83,고화질 대구｜DAEGU VIEW,HOME > 고화질 대구,"북구, 하중도",생태·자연,2017,0,1,0,CC BY-NC,제2유형,CC BY-NC 는 공공누리2유형과 유사,
,84,고화질 대구｜DAEGU VIEW,HOME > 고화질 대구,"달성군, 도동서원",역사·문화,2019-03-31 00:00:00,0,1,0,CC BY-SA,제1유형,공고문 ,
,85,고화질 대구｜DAEGU VIEW,HOME > 고화질 대구,"달성군, 비슬산 대견사 삼층석탑",역사·문화,2018-12-31 00:00:00,0,1,0,CC BY-SA,제1유형,공고문 ,
,86,고화질 대구｜DAEGU VIEW,HOME > 고화질 대구,"동구, 안심습지",생태·자연,2019-02-06 00:00:00,0,1,0,CC BY-SA,제1유형,공고문 ,
,87,고화질 대구｜DAEGU VIEW,HOME > 고화질 대구,"달성군, 하목정",역사·문화,2019-08-18 00:00:00,0,1,0,CC BY-SA,제1유형,공고문 ,
,88,고화질 대구｜DAEGU VIEW,HOME > 고화질 대구,"남구, 앞산공원",생태·자연,2019-04-06 00:00:00,0,1,0,CC BY-SA,제1유형,공고문 ,
,89,고화질 대구｜DAEGU VIEW,HOME > 고화질 대구,"북구, 북구 팔달교",도시경관,2018-10-25 00:00:00,0,1,0,CC BY-SA,제1유형,공고문 ,
,90,고화질 대구｜DAEGU VIEW,HOME > 고화질 대구,"수성구, 수성못유원지",축제·행사,2018-09-09 00:00:00,0,1,0,CC BY-SA,제1유형,공고문 ,
,91,고화질 대구｜DAEGU VIEW,HOME > 고화질 대구,"달성군, 강정고령보 - 디아크(The ARC)",도시경관,2019-09-15 00:00:00,0,1,0,CC BY-SA,제1유형,공고문 ,
,92,고화질 대구｜DAEGU VIEW,HOME > 고화질 대구,"중구, 팔공막창",먹거리,2019-09-12 00:00:00,0,1,0,CC BY-SA,제1유형,공고문 ,
,93,고화질 대구｜DAEGU VIEW,HOME > 고화질 대구,"달서구, 성당못",야경,2018-12-24 00:00:00,0,1,0,CC BY-SA,제1유형,공고문 ,
,94,고화질 대구｜DAEGU VIEW,HOME > 고화질 대구,"중구, 국채보상로 일대",축제·행사,2019-05-04 00:00:00,0,1,0,CC BY-SA,제1유형,공고문 ,
,95,고화질 대구｜DAEGU VIEW,HOME > 고화질 대구,"동구, 동화사",역사·문화,2019-01-31 00:00:00,0,1,0,CC BY-SA,제1유형,공고문 ,
,96,고화질 대구｜DAEGU VIEW,HOME > 고화질 대구,"동구, 불로동 고분군",역사·문화,2019-07-11 00:00:00,0,1,0,CC BY-SA,제1유형,공고문 ,
,97,고화질 대구｜DAEGU VIEW,HOME > 고화질 대구,"동구, 북지장사",역사·문화,2019-01-31 00:00:00,0,1,0,CC BY-SA,제1유형,공고문 ,
,98,고화질 대구｜DAEGU VIEW,HOME > 고화질 대구,"수성구, 영남제일관",역사·문화,2019-07-14 00:00:00,0,1,0,CC BY-SA,제1유형,공고문 ,
,99,고화질 대구｜DAEGU VIEW,HOME > 고화질 대구,"달성군, 도동서원",역사·문화,2019-08-31 00:00:00,0,1,0,CC BY-SA,제1유형,공고문 ,
,100,고화질 대구｜DAEGU VIEW,HOME > 고화질 대구,"중구, 3.1만세운동길",역사·문화,2019-04-09 00:00:00,0,1,0,CC BY-SA,제1유형,공고문 ,
,101,고화질 대구｜DAEGU VIEW,HOME > 고화질 대구,"중구, 대구문학관 / 향촌문화관",역사·문화,2019-07-13 00:00:00,0,1,0,CC BY-SA,제1유형,공고문 ,
,102,고화질 대구｜DAEGU VIEW,HOME > 고화질 대구,"북구, 산격대교 금호강 둔치",생태·자연,2019-06-22 00:00:00,0,1,0,CC BY-SA,제1유형,공고문 ,
,103,고화질 대구｜DAEGU VIEW,HOME > 고화질 대구,"달서구, 호산동 메타세콰이어 숲길",생태·자연,2019-05-11 00:00:00,0,1,0,CC BY-SA,제1유형,공고문 ,
,104,고화질 대구｜DAEGU VIEW,HOME > 고화질 대구,"동구, 안심연꽃단지",생태·자연,2019-07-14 00:00:00,0,1,0,CC BY-SA,제1유형,공고문 ,
,105,고화질 대구｜DAEGU VIEW,HOME > 고화질 대구,"남구, 앞산전망대",생태·자연,2018-09-22 00:00:00,0,1,0,CC BY-SA,제1유형,공고문 ,
,106,고화질 대구｜DAEGU VIEW,HOME > 고화질 대구,"달성군, 옥연지 송해공원",생태·자연,2019-06-16 00:00:00,0,1,0,CC BY-SA,제1유형,공고문 ,
,107,고화질 대구｜DAEGU VIEW,HOME > 고화질 대구,"달성군, 디아크",생태·자연,2019-04-12 00:00:00,0,1,0,CC BY-SA,제1유형,공고문 ,
,108,고화질 대구｜DAEGU VIEW,HOME > 고화질 대구,"달성군, 비슬산",생태·자연,2019-04-23 00:00:00,0,1,0,CC BY-SA,제1유형,공고문 ,
,109,고화질 대구｜DAEGU VIEW,HOME > 고화질 대구,"달성군, 옥연지 송해공원",생태·자연,2019-01-31 00:00:00,0,1,0,CC BY-SA,제1유형,공고문 ,
,110,고화질 대구｜DAEGU VIEW,HOME > 고화질 대구,"중구, 이상화고택, 서상돈고택",기타,2018-10-14 00:00:00,0,1,0,CC BY-SA,제1유형,공고문 ,
,111,고화질 대구｜DAEGU VIEW,HOME > 고화질 대구,"남구, 공룡공원",기타,2019-08-31 00:00:00,0,1,0,CC BY-SA,제1유형,공고문 ,
,112,고화질 대구｜DAEGU VIEW,HOME > 고화질 대구,"중구, 김광석 다시 그리기 길",기타,2019-07-06 00:00:00,0,1,0,CC BY-SA,제1유형,공고문 ,
,113,고화질 대구｜DAEGU VIEW,HOME > 고화질 대구,"중구, 영남대로",기타,2019-07-26 00:00:00,0,1,0,CC BY-SA,제1유형,공고문 ,
,114,고화질 대구｜DAEGU VIEW,HOME > 고화질 대구,"남구, 앞산전망대",도시경관,2019-05-12 00:00:00,0,1,0,CC BY-SA,제1유형,공고문 ,
,115,고화질 대구｜DAEGU VIEW,HOME > 고화질 대구,"중구, 근대골목1코스",기타,2019-08-04 00:00:00,0,1,0,CC BY-SA,제1유형,공고문 ,
,116,고화질 대구｜DAEGU VIEW,HOME > 고화질 대구,"중구, 3.1만세운동길",기타,2019-09-15 00:00:00,0,1,0,CC BY-SA,제1유형,공고문 ,
,117,고화질 대구｜DAEGU VIEW,HOME > 고화질 대구,"동구, 팔공산",기타,2019-08-02 00:00:00,0,1,0,CC BY-SA,제1유형,공고문 ,
,118,고화질 대구｜DAEGU VIEW,HOME > 고화질 대구,"동구, 지저동 벚꽃터널",기타,2019-04-05 00:00:00,0,1,0,CC BY-SA,제1유형,공고문 ,
,119,고화질 대구｜DAEGU VIEW,HOME > 고화질 대구,"중구, 김광석 다시그리기길",기타,2019-09-08 00:00:00,0,1,0,CC BY-SA,제1유형,공고문 ,
,120,고화질 대구｜DAEGU VIEW,HOME > 고화질 대구,"남구, 공룡공원",기타,2019-05-14 00:00:00,0,1,0,CC BY-SA,제1유형,공고문 ,
,121,고화질 대구｜DAEGU VIEW,HOME > 고화질 대구,"달서구, 두류공원",도시경관,2019-05-31 00:00:00,0,1,0,CC BY-SA,제1유형,공고문 ,
,122,고화질 대구｜DAEGU VIEW,HOME > 고화질 대구,"중구, 제일교회",역사·문화,2019-09-15 00:00:00,0,1,0,CC BY-SA,제1유형,공고문 ,
,123,고화질 대구｜DAEGU VIEW,HOME > 고화질 대구,"중구, 김광석 다시그리기길",기타,2019-02-07 00:00:00,0,1,0,CC BY-SA,제1유형,공고문 ,
,124,고화질 대구｜DAEGU VIEW,HOME > 고화질 대구,"남구, 앞산전망대",도시경관,2017,0,1,0,CC BY-SA,제1유형,공고문 ,
,125,고화질 대구｜DAEGU VIEW,HOME > 고화질 대구,"남구, 앞산전망대",도시경관,2019-07-04 00:00:00,0,1,0,CC BY-NC,제2유형,CC BY-NC 는 공공누리2유형과 유사,
,126,고화질 대구｜DAEGU VIEW,HOME > 스케치 대구,"중구, 계산성당",역사·문화,2018-10-16 00:00:00,0,1,0,CC BY,제1유형,CC BY는 공공누리1유형과 유사,
,127,고화질 대구｜DAEGU VIEW,HOME > 스케치 대구,"중구, 경상감영공원",역사·문화,2018-10-16 00:00:00,0,1,0,CC BY,제1유형,CC BY는 공공누리1유형과 유사,
,128,고화질 대구｜DAEGU VIEW,HOME > 스케치 대구,"중구, 제일교회",역사·문화,2018-10-16 00:00:00,0,1,0,CC BY,제1유형,CC BY는 공공누리1유형과 유사,
,129,고화질 대구｜DAEGU VIEW,HOME > 스케치 대구,"중구, 대구3.1만세운동길",역사·문화,2018-10-16 00:00:00,0,1,0,CC BY,제1유형,CC BY는 공공누리1유형과 유사,
,130,고화질 대구｜DAEGU VIEW,HOME > 스케치 대구,"중구, 서문시장",역사·문화,2018-10-16 00:00:00,0,1,0,CC BY,제1유형,CC BY는 공공누리1유형과 유사,
,131,고화질 대구｜DAEGU VIEW,HOME > 스케치 대구,"중구, 선교박물관",역사·문화,2018-10-16 00:00:00,0,1,0,CC BY,제1유형,CC BY는 공공누리1유형과 유사,
,132,고화질 대구｜DAEGU VIEW,HOME > 스케치 대구,"중구, 청라언덕, 계산성당",역사·문화,2018-10-16 00:00:00,0,1,0,CC BY,제1유형,CC BY는 공공누리1유형과 유사,
,133,고화질 대구｜DAEGU VIEW,HOME > 스케치 대구,"중구, 청라언덕 선교박물관",역사·문화,2018-10-16 00:00:00,0,1,0,CC BY,제1유형,CC BY는 공공누리1유형과 유사,
,134,고화질 대구｜DAEGU VIEW,HOME > 스케치 대구,"북구, 구암서원",역사·문화,2018-10-16 00:00:00,0,1,0,CC BY,제1유형,CC BY는 공공누리1유형과 유사,
,135,고화질 대구｜DAEGU VIEW,HOME > 스케치 대구,"중구, 시인이상화고택",역사·문화,2018-10-16 00:00:00,0,1,0,CC BY,제1유형,CC BY는 공공누리1유형과 유사,
,136,고화질 대구｜DAEGU VIEW,HOME > 스케치 대구,"동구, 아양기찻길",도시경관,2018-10-16 00:00:00,0,1,0,CC BY,제1유형,CC BY는 공공누리1유형과 유사,
,137,고화질 대구｜DAEGU VIEW,HOME > 스케치 대구,"중구, 진골목",역사·문화,2018-10-16 00:00:00,0,1,0,CC BY,제1유형,CC BY는 공공누리1유형과 유사,
,138,고화질 대구｜DAEGU VIEW,HOME > 스케치 대구,"중구, 시인이상화고택",역사·문화,2018-10-16 00:00:00,0,1,0,CC BY,제1유형,CC BY는 공공누리1유형과 유사,
,139,고화질 대구｜DAEGU VIEW,HOME > 스케치 대구,"중구, 김광석다시그리기길",기타,2018-10-16 00:00:00,0,1,0,CC BY,제1유형,CC BY는 공공누리1유형과 유사,
,140,고화질 대구｜DAEGU VIEW,HOME > 스케치 대구,"중구, 달성공원",테마파크,2018-10-16 00:00:00,0,1,0,CC BY,제1유형,CC BY는 공공누리1유형과 유사,
,141,고화질 대구｜DAEGU VIEW,HOME > 스케치 대구,"중구, 김광석다시그리기길",기타,2018-10-16 00:00:00,0,1,0,CC BY,제1유형,CC BY는 공공누리1유형과 유사,
,142,고화질 대구｜DAEGU VIEW,HOME > 스케치 대구,"중구, 달구벌대종",역사·문화,2018-10-16 00:00:00,0,1,0,CC BY,제1유형,CC BY는 공공누리1유형과 유사,
,143,고화질 대구｜DAEGU VIEW,HOME > 스케치 대구,"중구, 북성로 골목",역사·문화,2018-10-16 00:00:00,0,1,0,CC BY,제1유형,CC BY는 공공누리1유형과 유사,
,144,고화질 대구｜DAEGU VIEW,HOME > 스케치 대구,"중구, 김광석다시그리기길, 시인이상화고택, 근대문화역사관, 개산성당, 서문시장 등",역사·문화,2018-10-16 00:00:00,0,1,0,CC BY,제1유형,CC BY는 공공누리1유형과 유사,
,145,고화질 대구｜DAEGU VIEW,HOME > 스케치 대구,"남구, 성모당",역사·문화,2018-10-16 00:00:00,0,1,0,CC BY,제1유형,CC BY는 공공누리1유형과 유사,
,146,고화질 대구｜DAEGU VIEW,HOME > 스케치 대구,"중구, 청라언덕",역사·문화,2018-10-16 00:00:00,0,1,0,CC BY,제1유형,CC BY는 공공누리1유형과 유사,
,147,고화질 대구｜DAEGU VIEW,HOME > 스케치 대구,"남구, 앞산해넘이전망대",기타,2021-10-08 00:00:00,0,1,0,CC BY,제1유형,CC BY는 공공누리1유형과 유사,
,148,고화질 대구｜DAEGU VIEW,HOME > 스케치 대구,"달서구, 83타워",도시경관,2021-10-08 00:00:00,0,1,0,CC BY,제1유형,CC BY는 공공누리1유형과 유사,
,149,고화질 대구｜DAEGU VIEW,HOME > 스케치 대구,"중구, 계산성당, 김광석다시그리기길, 83타워, 강정보디아크광장 등",기타,2021-10-08 00:00:00,0,1,0,CC BY,제1유형,CC BY는 공공누리1유형과 유사,
,150,고화질 대구｜DAEGU VIEW,HOME > 스케치 대구,"중구, 시인이상화 고택",역사·문화,2021-10-08 00:00:00,0,1,0,CC BY,제1유형,CC BY는 공공누리1유형과 유사,
,151,고화질 대구｜DAEGU VIEW,HOME > 스케치 대구,"중구, 경상감영공원",역사·문화,2021-10-08 00:00:00,0,1,0,CC BY,제1유형,CC BY는 공공누리1유형과 유사,
,152,고화질 대구｜DAEGU VIEW,HOME > 스케치 대구,"중구, 서문시장",역사·문화,2021-10-08 00:00:00,0,1,0,CC BY,제1유형,CC BY는 공공누리1유형과 유사,
,153,고화질 대구｜DAEGU VIEW,HOME > 스케치 대구,"중구, 선교박물관",역사·문화,2021-10-08 00:00:00,0,1,0,CC BY,제1유형,CC BY는 공공누리1유형과 유사,
,154,고화질 대구｜DAEGU VIEW,HOME > 스케치 대구,"달성군, 남평문씨 본리세거지",역사·문화,2021-10-08 00:00:00,0,1,0,CC BY,제1유형,CC BY는 공공누리1유형과 유사,
,155,고화질 대구｜DAEGU VIEW,HOME > 스케치 대구,"중구, 김광석다시그리기길, 디아크 ,83타워",기타,2021-10-08 00:00:00,0,1,0,CC BY,제1유형,CC BY는 공공누리1유형과 유사,
,156,고화질 대구｜DAEGU VIEW,HOME > 스케치 대구,"중구, 대구예술발전소, 수창청춘맨숀",역사·문화,2021-10-08 00:00:00,0,1,0,CC BY,제1유형,CC BY는 공공누리1유형과 유사,
,157,고화질 대구｜DAEGU VIEW,HOME > 스케치 대구,"중구, 김광석다시그리기길",기타,2021-10-08 00:00:00,0,1,0,CC BY,제1유형,CC BY는 공공누리1유형과 유사,
,158,고화질 대구｜DAEGU VIEW,HOME > 스케치 대구,"중구, 서문시장",역사·문화,2021-10-08 00:00:00,0,1,0,CC BY,제1유형,CC BY는 공공누리1유형과 유사,
,159,고화질 대구｜DAEGU VIEW,HOME > 스케치 대구,"달성군, 도동서원",역사·문화,2021-10-08 00:00:00,0,1,0,CC BY,제1유형,CC BY는 공공누리1유형과 유사,
,160,고화질 대구｜DAEGU VIEW,HOME > 스케치 대구,"달서구, 성당못, 83타워",역사·문화,2021-10-08 00:00:00,0,1,0,CC BY,제1유형,CC BY는 공공누리1유형과 유사,
,161,고화질 대구｜DAEGU VIEW,HOME > 스케치 대구,"중구, 선교박물관",역사·문화,2021-10-08 00:00:00,0,1,0,CC BY,제1유형,CC BY는 공공누리1유형과 유사,
,162,고화질 대구｜DAEGU VIEW,HOME > 스케치 대구,"달성군, 디아크",생태·자연,2021-10-08 00:00:00,0,1,0,CC BY,제1유형,CC BY는 공공누리1유형과 유사,
,163,고화질 대구｜DAEGU VIEW,HOME > 스케치 대구,"중구, 선교박물관",역사·문화,2021-10-08 00:00:00,0,1,0,CC BY,제1유형,CC BY는 공공누리1유형과 유사,
,164,고화질 대구｜DAEGU VIEW,HOME > 스케치 대구,"수성구, 수성못유원지",생태·자연,2021-10-08 00:00:00,0,1,0,CC BY,제1유형,CC BY는 공공누리1유형과 유사,
,165,고화질 대구｜DAEGU VIEW,HOME > 스케치 대구,"중구, 제일교회",역사·문화,2021-10-08 00:00:00,0,1,0,CC BY,제1유형,CC BY는 공공누리1유형과 유사,
,166,고화질 대구｜DAEGU VIEW,HOME > 스케치 대구,"동구, 갓바위",역사·문화,2021-10-08 00:00:00,0,1,0,CC BY,제1유형,CC BY는 공공누리1유형과 유사,
,167,고화질 대구｜DAEGU VIEW,HOME > 스케치 대구,"남구, 앞산 해넘이전망대",기타,2021-10-08 00:00:00,0,1,0,CC BY,제1유형,CC BY는 공공누리1유형과 유사,
,168,고화질 대구｜DAEGU VIEW,HOME > 관광홍보자료 > 홍보자료 PDF 다운로드 > 2018 대구 관광사진 공모전 작품집,옥연지 송해공원,2018 대구 관광사진 공모전 일반 부문 대상,-,0,1,0,미부착,제1유형,공고 내 저작권 양도 규정,
,169,고화질 대구｜DAEGU VIEW,HOME > 관광홍보자료 > 홍보자료 PDF 다운로드 > 2018 대구 관광사진 공모전 작품집,형형색색달구벌관등놀이,2018 대구 관광사진 공모전 일반 부문 최우수상,-,0,1,0,미부착,제1유형,공고 내 저작권 양도 규정,
,170,고화질 대구｜DAEGU VIEW,HOME > 관광홍보자료 > 홍보자료 PDF 다운로드 > 2018 대구 관광사진 공모전 작품집,디아크 춘설,2018 대구 관광사진 공모전 일반 부문 특별상,-,0,1,0,미부착,제1유형,공고 내 저작권 양도 규정,
,171,고화질 대구｜DAEGU VIEW,HOME > 관광홍보자료 > 홍보자료 PDF 다운로드 > 2018 대구 관광사진 공모전 작품집,밤을 잊은 벚꽃행렬,2018 대구 관광사진 공모전 일반 부문 우수상,-,0,1,0,미부착,제1유형,공고 내 저작권 양도 규정,
,172,고화질 대구｜DAEGU VIEW,HOME > 관광홍보자료 > 홍보자료 PDF 다운로드 > 2018 대구 관광사진 공모전 작품집,불로동 고분군,2018 대구 관광사진 공모전 일반 부문 우수상,-,0,1,0,미부착,제1유형,공고 내 저작권 양도 규정,
,173,고화질 대구｜DAEGU VIEW,HOME > 관광홍보자료 > 홍보자료 PDF 다운로드 > 2018 대구 관광사진 공모전 작품집,고산골 공룡공원,2018 대구 관광사진 공모전 일반 부문 우수상,-,0,1,0,미부착,제1유형,공고 내 저작권 양도 규정,
,174,고화질 대구｜DAEGU VIEW,HOME > 관광홍보자료 > 홍보자료 PDF 다운로드 > 2018 대구 관광사진 공모전 작품집,설경,2018 대구 관광사진 공모전 일반 부문 장려상,-,0,1,0,미부착,제1유형,공고 내 저작권 양도 규정,
,175,고화질 대구｜DAEGU VIEW,HOME > 관광홍보자료 > 홍보자료 PDF 다운로드 > 2018 대구 관광사진 공모전 작품집,대구치맥페스티벌의 시원함,2018 대구 관광사진 공모전 일반 부문 장려상,-,0,1,0,미부착,제1유형,공고 내 저작권 양도 규정,
,176,고화질 대구｜DAEGU VIEW,HOME > 관광홍보자료 > 홍보자료 PDF 다운로드 > 2018 대구 관광사진 공모전 작품집,달성습지의 봄,2018 대구 관광사진 공모전 일반 부문 장려상,-,0,1,0,미부착,제1유형,공고 내 저작권 양도 규정,
,177,고화질 대구｜DAEGU VIEW,HOME > 관광홍보자료 > 홍보자료 PDF 다운로드 > 2018 대구 관광사진 공모전 작품집,서문시장의 일상,2018 대구 관광사진 공모전 일반 부문 장려상,-,0,1,0,미부착,제1유형,공고 내 저작권 양도 규정,
,178,고화질 대구｜DAEGU VIEW,HOME > 관광홍보자료 > 홍보자료 PDF 다운로드 > 2018 대구 관광사진 공모전 작품집,사랑을 싣고…,2018 대구 관광사진 공모전 일반 부문 장려상,-,0,1,0,미부착,제1유형,공고 내 저작권 양도 규정,
,179,고화질 대구｜DAEGU VIEW,HOME > 관광홍보자료 > 홍보자료 PDF 다운로드 > 2018 대구 관광사진 공모전 작품집,하목정의 여름,2018 대구 관광사진 공모전 일반 부문 입선,-,0,1,0,미부착,제1유형,공고 내 저작권 양도 규정,
,180,고화질 대구｜DAEGU VIEW,HOME > 관광홍보자료 > 홍보자료 PDF 다운로드 > 2018 대구 관광사진 공모전 작품집,The show must go on,2018 대구 관광사진 공모전 일반 부문 입선,-,0,1,0,미부착,제1유형,공고 내 저작권 양도 규정,
,181,고화질 대구｜DAEGU VIEW,HOME > 관광홍보자료 > 홍보자료 PDF 다운로드 > 2018 대구 관광사진 공모전 작품집,청라언덕,2018 대구 관광사진 공모전 일반 부문 입선,-,0,1,0,미부착,제1유형,공고 내 저작권 양도 규정,
,182,고화질 대구｜DAEGU VIEW,HOME > 관광홍보자료 > 홍보자료 PDF 다운로드 > 2018 대구 관광사진 공모전 작품집,대구 시티 축제 투어,2018 대구 관광사진 공모전 일반 부문 입선,-,0,1,0,미부착,제1유형,공고 내 저작권 양도 규정,
,183,고화질 대구｜DAEGU VIEW,HOME > 관광홍보자료 > 홍보자료 PDF 다운로드 > 2018 대구 관광사진 공모전 작품집,신숭겸장군의 배롱꽃,2018 대구 관광사진 공모전 일반 부문 입선,-,0,1,0,미부착,제1유형,공고 내 저작권 양도 규정,
,184,고화질 대구｜DAEGU VIEW,HOME > 관광홍보자료 > 홍보자료 PDF 다운로드 > 2018 대구 관광사진 공모전 작품집,수목원나들이,2018 대구 관광사진 공모전 일반 부문 입선,-,0,1,0,미부착,제1유형,공고 내 저작권 양도 규정,
,185,고화질 대구｜DAEGU VIEW,HOME > 관광홍보자료 > 홍보자료 PDF 다운로드 > 2018 대구 관광사진 공모전 작품집,혼돈 속의 질서,2018 대구 관광사진 공모전 일반 부문 입선,-,0,1,0,미부착,제1유형,공고 내 저작권 양도 규정,
,186,고화질 대구｜DAEGU VIEW,HOME > 관광홍보자료 > 홍보자료 PDF 다운로드 > 2018 대구 관광사진 공모전 작품집,마비정 추억담기,2018 대구 관광사진 공모전 일반 부문 입선,-,0,1,0,미부착,제1유형,공고 내 저작권 양도 규정,
,187,고화질 대구｜DAEGU VIEW,HOME > 관광홍보자료 > 홍보자료 PDF 다운로드 > 2018 대구 관광사진 공모전 작품집,바디페인팅 페스티벌,2018 대구 관광사진 공모전 일반 부문 입선,-,0,1,0,미부착,제1유형,공고 내 저작권 양도 규정,
,188,고화질 대구｜DAEGU VIEW,HOME > 관광홍보자료 > 홍보자료 PDF 다운로드 > 2018 대구 관광사진 공모전 작품집,희망의 불꽃을 쏘아라!,2018 대구 관광사진 공모전 일반 부문 입선,-,0,1,0,미부착,제1유형,공고 내 저작권 양도 규정,
,189,고화질 대구｜DAEGU VIEW,HOME > 관광홍보자료 > 홍보자료 PDF 다운로드 > 2018 대구 관광사진 공모전 작품집,축제의 밤,2018 대구 관광사진 공모전 일반 부문 입선,-,0,1,0,미부착,제1유형,공고 내 저작권 양도 규정,
,190,고화질 대구｜DAEGU VIEW,HOME > 관광홍보자료 > 홍보자료 PDF 다운로드 > 2018 대구 관광사진 공모전 작품집,파스텔로 물들어,2018 대구 관광사진 공모전 일반 부문 입선,-,0,1,0,미부착,제1유형,공고 내 저작권 양도 규정,
,191,고화질 대구｜DAEGU VIEW,HOME > 관광홍보자료 > 홍보자료 PDF 다운로드 > 2018 대구 관광사진 공모전 작품집,남평문씨 본리세거지,2018 대구 관광사진 공모전 일반 부문 입선,-,0,1,0,미부착,제1유형,공고 내 저작권 양도 규정,
,192,고화질 대구｜DAEGU VIEW,HOME > 관광홍보자료 > 홍보자료 PDF 다운로드 > 2018 대구 관광사진 공모전 작품집,군고구마 얼마에요?,2018 대구 관광사진 공모전 일반 부문 입선,-,0,1,0,미부착,제1유형,공고 내 저작권 양도 규정,
,193,고화질 대구｜DAEGU VIEW,HOME > 관광홍보자료 > 홍보자료 PDF 다운로드 > 2018 대구 관광사진 공모전 작품집,유채꽃밭과 아가씨,2018 대구 관광사진 공모전 일반 부문 입선,-,0,1,0,미부착,제1유형,공고 내 저작권 양도 규정,
,194,고화질 대구｜DAEGU VIEW,HOME > 관광홍보자료 > 홍보자료 PDF 다운로드 > 2018 대구 관광사진 공모전 작품집,약령시 축제,2018 대구 관광사진 공모전 일반 부문 입선,-,0,1,0,미부착,제1유형,공고 내 저작권 양도 규정,
,195,고화질 대구｜DAEGU VIEW,HOME > 관광홍보자료 > 홍보자료 PDF 다운로드 > 2018 대구 관광사진 공모전 작품집,컬러풀 페스티발,2018 대구 관광사진 공모전 일반 부문 입선,-,0,1,0,미부착,제1유형,공고 내 저작권 양도 규정,
,196,고화질 대구｜DAEGU VIEW,HOME > 관광홍보자료 > 홍보자료 PDF 다운로드 > 2018 대구 관광사진 공모전 작품집,나들이,2018 대구 관광사진 공모전 일반 부문 입선,-,0,1,0,미부착,제1유형,공고 내 저작권 양도 규정,
,197,고화질 대구｜DAEGU VIEW,HOME > 관광홍보자료 > 홍보자료 PDF 다운로드 > 2018 대구 관광사진 공모전 작품집,비슬산 암괴류,2018 대구 관광사진 공모전 일반 부문 입선,-,0,1,0,미부착,제1유형,공고 내 저작권 양도 규정,
,198,고화질 대구｜DAEGU VIEW,HOME > 관광홍보자료 > 홍보자료 PDF 다운로드 > 2018 대구 관광사진 공모전 작품집,비슬산 야경,2018 대구 관광사진 공모전 일반 부문 입선,-,0,1,0,미부착,제1유형,공고 내 저작권 양도 규정,
,199,고화질 대구｜DAEGU VIEW,HOME > 관광홍보자료 > 홍보자료 PDF 다운로드 > 2018 대구 관광사진 공모전 작품집,비오는날의 디아크,2018 대구 관광사진 공모전 스마트폰 부문 대상,-,0,1,0,미부착,제1유형,공고 내 저작권 양도 규정,
,200,고화질 대구｜DAEGU VIEW,HOME > 관광홍보자료 > 홍보자료 PDF 다운로드 > 2018 대구 관광사진 공모전 작품집,강정보의 노을,2018 대구 관광사진 공모전 스마트폰 부문 최우수상,-,0,1,0,미부착,제1유형,공고 내 저작권 양도 규정,
,201,고화질 대구｜DAEGU VIEW,HOME > 관광홍보자료 > 홍보자료 PDF 다운로드 > 2018 대구 관광사진 공모전 작품집,외면,2018 대구 관광사진 공모전 스마트폰 부문 우수상,-,0,1,0,미부착,제1유형,공고 내 저작권 양도 규정,
,202,고화질 대구｜DAEGU VIEW,HOME > 관광홍보자료 > 홍보자료 PDF 다운로드 > 2018 대구 관광사진 공모전 작품집,가을을 노래하는 사문진,2018 대구 관광사진 공모전 스마트폰 부문 우수상,-,0,1,0,미부착,제1유형,공고 내 저작권 양도 규정,
,203,고화질 대구｜DAEGU VIEW,HOME > 관광홍보자료 > 홍보자료 PDF 다운로드 > 2018 대구 관광사진 공모전 작품집,동대사의 화려한 연등,2018 대구 관광사진 공모전 스마트폰 부문 우수상,-,0,1,0,미부착,제1유형,공고 내 저작권 양도 규정,
,204,고화질 대구｜DAEGU VIEW,HOME > 관광홍보자료 > 홍보자료 PDF 다운로드 > 2018 대구 관광사진 공모전 작품집,내편 또는 남편,2018 대구 관광사진 공모전 스마트폰 부문 장려상,-,0,1,0,미부착,제1유형,공고 내 저작권 양도 규정,
,205,고화질 대구｜DAEGU VIEW,HOME > 관광홍보자료 > 홍보자료 PDF 다운로드 > 2018 대구 관광사진 공모전 작품집,1500년 동고동락,2018 대구 관광사진 공모전 스마트폰 부문 장려상,-,0,1,0,미부착,제1유형,공고 내 저작권 양도 규정,
,206,고화질 대구｜DAEGU VIEW,HOME > 관광홍보자료 > 홍보자료 PDF 다운로드 > 2018 대구 관광사진 공모전 작품집,83타워로 가는길,2018 대구 관광사진 공모전 스마트폰 부문 장려상,-,0,1,0,미부착,제1유형,공고 내 저작권 양도 규정,
,207,고화질 대구｜DAEGU VIEW,HOME > 관광홍보자료 > 홍보자료 PDF 다운로드 > 2018 대구 관광사진 공모전 작품집,동화사―바라보다,2018 대구 관광사진 공모전 스마트폰 부문 장려상,-,0,1,0,미부착,제1유형,공고 내 저작권 양도 규정,
,208,고화질 대구｜DAEGU VIEW,HOME > 관광홍보자료 > 홍보자료 PDF 다운로드 > 2018 대구 관광사진 공모전 작품집,근대화 거리에서,2018 대구 관광사진 공모전 스마트폰 부문 입선,-,0,1,0,미부착,제1유형,공고 내 저작권 양도 규정,
,209,고화질 대구｜DAEGU VIEW,HOME > 관광홍보자료 > 홍보자료 PDF 다운로드 > 2018 대구 관광사진 공모전 작품집,국화꽃 품 속,2018 대구 관광사진 공모전 스마트폰 부문 입선,-,0,1,0,미부착,제1유형,공고 내 저작권 양도 규정,
,210,고화질 대구｜DAEGU VIEW,HOME > 관광홍보자료 > 홍보자료 PDF 다운로드 > 2018 대구 관광사진 공모전 작품집,앞산에 나타난 공룡,2018 대구 관광사진 공모전 스마트폰 부문 입선,-,0,1,0,미부착,제1유형,공고 내 저작권 양도 규정,
,211,고화질 대구｜DAEGU VIEW,HOME > 관광홍보자료 > 홍보자료 PDF 다운로드 > 2018 대구 관광사진 공모전 작품집,Shine your light,2018 대구 관광사진 공모전 스마트폰 부문 입선,-,0,1,0,미부착,제1유형,공고 내 저작권 양도 규정,
,212,고화질 대구｜DAEGU VIEW,HOME > 관광홍보자료 > 홍보자료 PDF 다운로드 > 2018 대구 관광사진 공모전 작품집,불로동고분군의 가을,2018 대구 관광사진 공모전 스마트폰 부문 입선,-,0,1,0,미부착,제1유형,공고 내 저작권 양도 규정,
,213,고화질 대구｜DAEGU VIEW,HOME > 관광홍보자료 > 홍보자료 PDF 다운로드 > 2018 대구 관광사진 공모전 작품집,깨끗한 앞산의 자연과 동심,2018 대구 관광사진 공모전 스마트폰 부문 입선,-,0,1,0,미부착,제1유형,공고 내 저작권 양도 규정,
,214,고화질 대구｜DAEGU VIEW,HOME > 관광홍보자료 > 홍보자료 PDF 다운로드 > 2018 대구 관광사진 공모전 작품집,하늘을 향해,2018 대구 관광사진 공모전 스마트폰 부문 입선,-,0,1,0,미부착,제1유형,공고 내 저작권 양도 규정,
,215,고화질 대구｜DAEGU VIEW,HOME > 관광홍보자료 > 홍보자료 PDF 다운로드 > 2018 대구 관광사진 공모전 작품집,그날의 기억,2018 대구 관광사진 공모전 스마트폰 부문 입선,-,0,1,0,미부착,제1유형,공고 내 저작권 양도 규정,
,216,고화질 대구｜DAEGU VIEW,HOME > 관광홍보자료 > 홍보자료 PDF 다운로드 > 2018 대구 관광사진 공모전 작품집,서대구IC 연산홍,2018 대구 관광사진 공모전 스마트폰 부문 입선,-,0,1,0,미부착,제1유형,공고 내 저작권 양도 규정,
,217,고화질 대구｜DAEGU VIEW,HOME > 관광홍보자료 > 홍보자료 PDF 다운로드 > 2018 대구 관광사진 공모전 작품집,이월드 벚꽃-2,2018 대구 관광사진 공모전 스마트폰 부문 입선,-,0,1,0,미부착,제1유형,공고 내 저작권 양도 규정,
,218,고화질 대구｜DAEGU VIEW,HOME > 관광홍보자료 > 홍보자료 PDF 다운로드 > 2019 대구 관광사진 공모전 작품집,세계문화유산 도동서원,"2019 대구 관광사진 공모전 대상 대구의 역사, 문화 담아보기",-,0,1,0,미부착,제1유형,공고 내 저작권 양도 규정,
,219,고화질 대구｜DAEGU VIEW,HOME > 관광홍보자료 > 홍보자료 PDF 다운로드 > 2019 대구 관광사진 공모전 작품집,기도,"2019 대구 관광사진 공모전 특별상 대구의 역사, 문화 담아보기",-,0,1,0,미부착,제1유형,공고 내 저작권 양도 규정,
,220,고화질 대구｜DAEGU VIEW,HOME > 관광홍보자료 > 홍보자료 PDF 다운로드 > 2019 대구 관광사진 공모전 작품집,안심습지고니 일출비상,2019 대구 관광사진 공모전 특선 살아있는 대구의 자연 느끼기,-,0,1,0,미부착,제1유형,공고 내 저작권 양도 규정,
,221,고화질 대구｜DAEGU VIEW,HOME > 관광홍보자료 > 홍보자료 PDF 다운로드 > 2019 대구 관광사진 공모전 작품집,하목정의 포토존,2019 대구 관광사진 공모전 특선 나의 대구여행 추억 남기기,-,0,1,0,미부착,제1유형,공고 내 저작권 양도 규정,
,222,고화질 대구｜DAEGU VIEW,HOME > 관광홍보자료 > 홍보자료 PDF 다운로드 > 2019 대구 관광사진 공모전 작품집,봄을 달리는 이층버스,2019 대구 관광사진 공모전 특선 살아있는 대구의 자연 느끼기,-,0,1,0,미부착,제1유형,공고 내 저작권 양도 규정,
,223,고화질 대구｜DAEGU VIEW,HOME > 관광홍보자료 > 홍보자료 PDF 다운로드 > 2019 대구 관광사진 공모전 작품집,대구의 아침,"2019 대구 관광사진 공모전 입선 대구 도심, 먹거리 즐기기",-,0,1,0,미부착,제1유형,공고 내 저작권 양도 규정,
,224,고화질 대구｜DAEGU VIEW,HOME > 관광홍보자료 > 홍보자료 PDF 다운로드 > 2019 대구 관광사진 공모전 작품집,수성못축제,"2019 대구 관광사진 공모전 입선 대구 도심, 먹거리 즐기기",-,0,1,0,미부착,제1유형,공고 내 저작권 양도 규정,
,225,고화질 대구｜DAEGU VIEW,HOME > 관광홍보자료 > 홍보자료 PDF 다운로드 > 2019 대구 관광사진 공모전 작품집,디아크 일몰,"2019 대구 관광사진 공모전 입선 대구 도심, 먹거리 즐기기",-,0,1,0,미부착,제1유형,공고 내 저작권 양도 규정,
,226,고화질 대구｜DAEGU VIEW,HOME > 관광홍보자료 > 홍보자료 PDF 다운로드 > 2019 대구 관광사진 공모전 작품집,Makchang-inside the heart of Daegu,"2019 대구 관광사진 공모전 입선 대구 도심, 먹거리 즐기기",-,0,1,0,미부착,제1유형,공고 내 저작권 양도 규정,
,227,고화질 대구｜DAEGU VIEW,HOME > 관광홍보자료 > 홍보자료 PDF 다운로드 > 2019 대구 관광사진 공모전 작품집,대구 꽃피다,"2019 대구 관광사진 공모전 입선 대구 도심, 먹거리 즐기기",-,0,1,0,미부착,제1유형,공고 내 저작권 양도 규정,
,228,고화질 대구｜DAEGU VIEW,HOME > 관광홍보자료 > 홍보자료 PDF 다운로드 > 2019 대구 관광사진 공모전 작품집,겨울밤 축제,"2019 대구 관광사진 공모전 입선 대구 도심, 먹거리 즐기기",-,0,1,0,미부착,제1유형,공고 내 저작권 양도 규정,
,229,고화질 대구｜DAEGU VIEW,HOME > 관광홍보자료 > 홍보자료 PDF 다운로드 > 2019 대구 관광사진 공모전 작품집,컬러풀대구페스티벌,"2019 대구 관광사진 공모전 입선 대구 도심, 먹거리 즐기기",-,0,1,0,미부착,제1유형,공고 내 저작권 양도 규정,
,230,고화질 대구｜DAEGU VIEW,HOME > 관광홍보자료 > 홍보자료 PDF 다운로드 > 2019 대구 관광사진 공모전 작품집,동화사의 겨울밤,"2019 대구 관광사진 공모전 입선 대구의 역사, 문화 담아보기",-,0,1,0,미부착,제1유형,공고 내 저작권 양도 규정,
,231,고화질 대구｜DAEGU VIEW,HOME > 관광홍보자료 > 홍보자료 PDF 다운로드 > 2019 대구 관광사진 공모전 작품집,고분군 산책,"2019 대구 관광사진 공모전 입선 대구의 역사, 문화 담아보기",-,0,1,0,미부착,제1유형,공고 내 저작권 양도 규정,
,232,고화질 대구｜DAEGU VIEW,HOME > 관광홍보자료 > 홍보자료 PDF 다운로드 > 2019 대구 관광사진 공모전 작품집,북지장사,"2019 대구 관광사진 공모전 입선 대구의 역사, 문화 담아보기",-,0,1,0,미부착,제1유형,공고 내 저작권 양도 규정,
,233,고화질 대구｜DAEGU VIEW,HOME > 관광홍보자료 > 홍보자료 PDF 다운로드 > 2019 대구 관광사진 공모전 작품집,영남관광의 시작,"2019 대구 관광사진 공모전 입선 대구의 역사, 문화 담아보기",-,0,1,0,미부착,제1유형,공고 내 저작권 양도 규정,
,234,고화질 대구｜DAEGU VIEW,HOME > 관광홍보자료 > 홍보자료 PDF 다운로드 > 2019 대구 관광사진 공모전 작품집,서원썸머,"2019 대구 관광사진 공모전 입선 대구의 역사, 문화 담아보기",-,0,1,0,미부착,제1유형,공고 내 저작권 양도 규정,
,235,고화질 대구｜DAEGU VIEW,HOME > 관광홍보자료 > 홍보자료 PDF 다운로드 > 2019 대구 관광사진 공모전 작품집,독립을 향한 걸음,"2019 대구 관광사진 공모전 입선 대구의 역사, 문화 담아보기",-,0,1,0,미부착,제1유형,공고 내 저작권 양도 규정,
,236,고화질 대구｜DAEGU VIEW,HOME > 관광홍보자료 > 홍보자료 PDF 다운로드 > 2019 대구 관광사진 공모전 작품집,한잔해♪ 한잔해♪ 한잔해♪,"2019 대구 관광사진 공모전 입선 대구의 역사, 문화 담아보기",-,0,1,0,미부착,제1유형,공고 내 저작권 양도 규정,
,237,고화질 대구｜DAEGU VIEW,HOME > 관광홍보자료 > 홍보자료 PDF 다운로드 > 2019 대구 관광사진 공모전 작품집,네가 내개서 피어날 때,2019 대구 관광사진 공모전 입선 나의 대구여행 추억남기기,-,0,1,0,미부착,제1유형,공고 내 저작권 양도 규정,
,238,고화질 대구｜DAEGU VIEW,HOME > 관광홍보자료 > 홍보자료 PDF 다운로드 > 2019 대구 관광사진 공모전 작품집,두 아기,2019 대구 관광사진 공모전 입선 나의 대구여행 추억남기기,-,0,1,0,미부착,제1유형,공고 내 저작권 양도 규정,
,239,고화질 대구｜DAEGU VIEW,HOME > 관광홍보자료 > 홍보자료 PDF 다운로드 > 2019 대구 관광사진 공모전 작품집,정담,2019 대구 관광사진 공모전 입선 나의 대구여행 추억남기기,-,0,1,0,미부착,제1유형,공고 내 저작권 양도 규정,
,240,고화질 대구｜DAEGU VIEW,HOME > 관광홍보자료 > 홍보자료 PDF 다운로드 > 2019 대구 관광사진 공모전 작품집,동행,2019 대구 관광사진 공모전 입선 나의 대구여행 추억남기기,-,0,1,0,미부착,제1유형,공고 내 저작권 양도 규정,
,241,고화질 대구｜DAEGU VIEW,HOME > 관광홍보자료 > 홍보자료 PDF 다운로드 > 2019 대구 관광사진 공모전 작품집,앞산의 일몰,2019 대구 관광사진 공모전 입선 나의 대구여행 추억남기기,-,0,1,0,미부착,제1유형,공고 내 저작권 양도 규정,
,242,고화질 대구｜DAEGU VIEW,HOME > 관광홍보자료 > 홍보자료 PDF 다운로드 > 2019 대구 관광사진 공모전 작품집,가시나가 지만 필터 쓰네,2019 대구 관광사진 공모전 입선 나의 대구여행 추억남기기,-,0,1,0,미부착,제1유형,공고 내 저작권 양도 규정,
,243,고화질 대구｜DAEGU VIEW,HOME > 관광홍보자료 > 홍보자료 PDF 다운로드 > 2019 대구 관광사진 공모전 작품집,비틀즈의 신호등,2019 대구 관광사진 공모전 입선 나의 대구여행 추억남기기,-,0,1,0,미부착,제1유형,공고 내 저작권 양도 규정,
,244,고화질 대구｜DAEGU VIEW,HOME > 관광홍보자료 > 홍보자료 PDF 다운로드 > 2019 대구 관광사진 공모전 작품집,대구로 놀러오세요,2019 대구 관광사진 공모전 입선 나의 대구여행 추억남기기,-,0,1,0,미부착,제1유형,공고 내 저작권 양도 규정,
,245,고화질 대구｜DAEGU VIEW,HOME > 관광홍보자료 > 홍보자료 PDF 다운로드 > 2019 대구 관광사진 공모전 작품집,흩날리는 추억,2019 대구 관광사진 공모전 입선 나의 대구여행 추억남기기,-,0,1,0,미부착,제1유형,공고 내 저작권 양도 규정,
,246,고화질 대구｜DAEGU VIEW,HOME > 관광홍보자료 > 홍보자료 PDF 다운로드 > 2019 대구 관광사진 공모전 작품집,골목놀이,2019 대구 관광사진 공모전 입선 나만의 기발한 사진 표현하기,-,0,1,0,미부착,제1유형,공고 내 저작권 양도 규정,
,247,고화질 대구｜DAEGU VIEW,HOME > 관광홍보자료 > 홍보자료 PDF 다운로드 > 2019 대구 관광사진 공모전 작품집,구름 만드는 공룡,2019 대구 관광사진 공모전 입선 나만의 기발한 사진 표현하기,-,0,1,0,미부착,제1유형,공고 내 저작권 양도 규정,
,248,고화질 대구｜DAEGU VIEW,HOME > 관광홍보자료 > 홍보자료 PDF 다운로드 > 2019 대구 관광사진 공모전 작품집,익사이팅 대구,2019 대구 관광사진 공모전 입선 나만의 기발한 사진 표현하기,-,0,1,0,미부착,제1유형,공고 내 저작권 양도 규정,
,249,고화질 대구｜DAEGU VIEW,HOME > 관광홍보자료 > 홍보자료 PDF 다운로드 > 2019 대구 관광사진 공모전 작품집,컵 안의 제일교회,2019 대구 관광사진 공모전 입선 나만의 기발한 사진 표현하기,-,0,1,0,미부착,제1유형,공고 내 저작권 양도 규정,
,250,고화질 대구｜DAEGU VIEW,HOME > 관광홍보자료 > 홍보자료 PDF 다운로드 > 2019 대구 관광사진 공모전 작품집,가지마~~ 같이 가~~,2019 대구 관광사진 공모전 입선 나만의 기발한 사진 표현하기,-,0,1,0,미부착,제1유형,공고 내 저작권 양도 규정,
,251,고화질 대구｜DAEGU VIEW,HOME > 관광홍보자료 > 홍보자료 PDF 다운로드 > 2019 대구 관광사진 공모전 작품집,도심 속 쉼터,2019 대구 관광사진 공모전 입선 살아있는 대구의 자연 느끼기,-,0,1,0,미부착,제1유형,공고 내 저작권 양도 규정,
,252,고화질 대구｜DAEGU VIEW,HOME > 관광홍보자료 > 홍보자료 PDF 다운로드 > 2019 대구 관광사진 공모전 작품집,푸르름 속으로,2019 대구 관광사진 공모전 입선 살아있는 대구의 자연 느끼기,-,0,1,0,미부착,제1유형,공고 내 저작권 양도 규정,
,253,고화질 대구｜DAEGU VIEW,HOME > 관광홍보자료 > 홍보자료 PDF 다운로드 > 2019 대구 관광사진 공모전 작품집,연밭풍경,2019 대구 관광사진 공모전 입선 살아있는 대구의 자연 느끼기,-,0,1,0,미부착,제1유형,공고 내 저작권 양도 규정,
,254,고화질 대구｜DAEGU VIEW,HOME > 관광홍보자료 > 홍보자료 PDF 다운로드 > 2019 대구 관광사진 공모전 작품집,살아있는 대구,2019 대구 관광사진 공모전 입선 살아있는 대구의 자연 느끼기,-,0,1,0,미부착,제1유형,공고 내 저작권 양도 규정,
,255,고화질 대구｜DAEGU VIEW,HOME > 관광홍보자료 > 홍보자료 PDF 다운로드 > 2019 대구 관광사진 공모전 작품집,송해공원의 아침,2019 대구 관광사진 공모전 입선 살아있는 대구의 자연 느끼기,-,0,1,0,미부착,제1유형,공고 내 저작권 양도 규정,
,256,고화질 대구｜DAEGU VIEW,HOME > 관광홍보자료 > 홍보자료 PDF 다운로드 > 2019 대구 관광사진 공모전 작품집,디아크 석양,2019 대구 관광사진 공모전 입선 살아있는 대구의 자연 느끼기,-,0,1,0,미부착,제1유형,공고 내 저작권 양도 규정,
,257,고화질 대구｜DAEGU VIEW,HOME > 관광홍보자료 > 홍보자료 PDF 다운로드 > 2019 대구 관광사진 공모전 작품집,비슬산참꽃축제장,2019 대구 관광사진 공모전 입선 살아있는 대구의 자연 느끼기,-,0,1,0,미부착,제1유형,공고 내 저작권 양도 규정,
,258,고화질 대구｜DAEGU VIEW,HOME > 관광홍보자료 > 홍보자료 PDF 다운로드 > 2019 대구 관광사진 공모전 작품집,송해공원 겨울풍경,2019 대구 관광사진 공모전 입선 살아있는 대구의 자연 느끼기,-,0,1,0,미부착,제1유형,공고 내 저작권 양도 규정,
,259,대구광역시 뉴스룸,HOME > 시정사진 > 도시관광,대구시 전경(2020대구화보 p4-5),-,2020-08-25 00:00:00,0,1,0,제4유형,제3유형,대구화보과업이행요청서,
,260,대구광역시 뉴스룸,HOME > 시정사진 > 도시관광,국채보상기념공원 전경(2020대구화보 p14),-,2020-08-25 00:00:00,0,1,0,제4유형,제3유형,대구화보과업이행요청서,
,261,대구광역시 뉴스룸,HOME > 시정사진 > 도시관광,2019 대구시민주간(2020 대구화보 p18),-,2020-08-25 00:00:00,0,1,0,제4유형,제3유형,대구화보과업이행요청서,
,262,대구광역시 뉴스룸,HOME > 시정사진 > 도시관광,3·1만세운동길(2020대구화보 p19),-,2020-08-25 00:00:00,0,1,0,제4유형,제3유형,대구화보과업이행요청서,
,263,대구광역시 뉴스룸,HOME > 시정사진 > 도시관광,의료선교박물관(2020대구화보 p20),-,2020-08-25 00:00:00,0,1,0,제4유형,제3유형,대구화보과업이행요청서,
,264,대구광역시 뉴스룸,HOME > 시정사진 > 도시관광,도동서원(2020대구화보 p22-23),-,2020-08-25 00:00:00,0,3,0,제4유형,제3유형,대구화보과업이행요청서,
,265,대구광역시 뉴스룸,HOME > 시정사진 > 도시관광,남평문씨본리세거지(2020대구화보 p24),-,2020-08-25 00:00:00,0,2,0,제4유형,제3유형,대구화보과업이행요청서,
,266,대구광역시 뉴스룸,HOME > 시정사진 > 도시관광,달성 하목정(2020대구화보 p25),-,2020-08-25 00:00:00,0,1,0,제4유형,제3유형,대구화보과업이행요청서,
,267,대구광역시 뉴스룸,HOME > 시정사진 > 도시관광,영남제일관문(2020대구화보 p27),-,2020-08-25 00:00:00,0,1,0,제4유형,제3유형,대구화보과업이행요청서,
,268,대구광역시 뉴스룸,HOME > 시정사진 > 도시관광,진골목(2020대구화보 p28),-,2020-08-25 00:00:00,0,2,0,제4유형,제3유형,대구화보과업이행요청서,
,269,대구광역시 뉴스룸,HOME > 시정사진 > 도시관광,김원일의 마당깊은 집(2020대구화보 p29),-,2020-08-25 00:00:00,0,2,0,제4유형,제3유형,대구화보과업이행요청서,
,270,대구광역시 뉴스룸,HOME > 시정사진 > 도시관광,대구수목원(2020대구화보 p36),-,2020-08-25 00:00:00,0,1,0,제4유형,제3유형,대구화보과업이행요청서,
,271,대구광역시 뉴스룸,HOME > 시정사진 > 도시관광,반야월 연꽃단지(2020대구화보 p37),-,2020-08-25 00:00:00,0,1,0,제4유형,제3유형,대구화보과업이행요청서,
,272,대구광역시 뉴스룸,HOME > 시정사진 > 도시관광,불로동 고분군(2020대구화보 p39),-,2020-08-25 00:00:00,0,1,0,제4유형,제3유형,대구화보과업이행요청서,
,273,대구광역시 뉴스룸,HOME > 시정사진 > 도시관광,송해공원(2020대구화보 p40),-,2020-08-25 00:00:00,0,1,0,제4유형,제3유형,대구화보과업이행요청서,
,274,대구광역시 뉴스룸,HOME > 시정사진 > 도시관광,호산동 메타쉐콰이어길(2020대구화보 p41),-,2020-08-25 00:00:00,0,2,0,제4유형,제3유형,대구화보과업이행요청서,
,275,대구광역시 뉴스룸,HOME > 시정사진 > 도시관광,금호강(2020대구화보 p45),-,2020-08-25 00:00:00,0,1,0,제4유형,제3유형,대구화보과업이행요청서,
,276,대구광역시 뉴스룸,HOME > 시정사진 > 도시관광,디아크(2020대구화보 p47),-,2020-08-25 00:00:00,0,1,0,제4유형,제3유형,대구화보과업이행요청서,
,277,대구광역시 뉴스룸,HOME > 시정사진 > 도시관광,"코오롱야외음악당, 두류공원 벚꽃(2020대구화보 p67)",-,2020-08-25 00:00:00,0,1,0,제4유형,제3유형,대구화보과업이행요청서,
,278,대구광역시 뉴스룸,HOME > 시정사진 > 도시관광,"도시철도 3호선, 고산골 공룡공원(2020대구화보 p69)",-,2020-08-25 00:00:00,0,3,0,제4유형,제3유형,대구화보과업이행요청서,
,279,대구광역시 뉴스룸,HOME > 시정사진 > 도시관광,"서문시장 야시장, 칠성시장 야시장(2020대구화보 p70-71)",-,2020-08-25 00:00:00,0,4,0,제4유형,제3유형,대구화보과업이행요청서,
,280,대구광역시 뉴스룸,HOME > 시정사진 > 도시관광,김광석 다시그리기 길(2020대구화보 p71),-,2020-08-25 00:00:00,0,1,0,제4유형,제3유형,대구화보과업이행요청서,
,281,대구광역시 뉴스룸,HOME > 시정사진 > 도시관광,"대구예술발전소, 수창청춘맨숀(2020대구화보 p72)",-,2020-08-25 00:00:00,0,2,0,제4유형,제3유형,대구화보과업이행요청서,
,282,대구광역시 뉴스룸,HOME > 시정사진 > 도시관광,"팔공산, 수성못(2020대구화보 p73)",-,2020-08-25 00:00:00,0,2,0,제4유형,제3유형,대구화보과업이행요청서,
,283,대구광역시 뉴스룸,HOME > 시정사진 > 도시관광,대구국제사격장(2020대구화보 p75),-,2020-08-25 00:00:00,0,1,0,제4유형,제3유형,대구화보과업이행요청서,
,284,대구광역시 뉴스룸,HOME > 시정사진 > 도시관광,성당못(2020대구화보 p76),-,2020-08-25 00:00:00,0,1,0,제4유형,제3유형,대구화보과업이행요청서,
,285,대구광역시 뉴스룸,HOME > 시정사진 > 도시관광,신천 자전거길(2020대구화보 p68),-,2020-08-26 00:00:00,0,1,0,제4유형,제3유형,대구화보과업이행요청서,
,286,대구광역시 뉴스룸,HOME > 시정사진 > 도시관광,경상감영공원(2020대구화보 p26),-,2020-08-26 00:00:00,0,1,0,제4유형,제3유형,대구화보과업이행요청서,
,287,대구광역시 뉴스룸,HOME > 시정사진 > 도시관광,달성습지 갈대(2020대구화보 p44),-,2020-08-26 00:00:00,0,1,0,제4유형,제3유형,대구화보과업이행요청서,
,288,대구광역시 뉴스룸,HOME > 시정사진 > 도시관광,이월드 별빛축제(2020대구화보 p46),-,2020-08-27 00:00:00,0,1,0,제4유형,제3유형,대구화보과업이행요청서,
,289,대구광역시 뉴스룸,HOME > 시정사진 > 도시관광,"달서별빛캠프장, 팔공산 케이블카(2020대구화보 p77)",-,2020-08-27 00:00:00,0,2,0,제4유형,제3유형,대구화보과업이행요청서,
,290,대구광역시 뉴스룸,HOME > 시정사진 > 도시관광,디아크 일몰 전경(2020대구화보 p92-93),-,2020-08-27 00:00:00,0,1,0,제4유형,제3유형,대구화보과업이행요청서,
,291,대구광역시 뉴스룸,HOME > 시정사진 > 도시관광,북지상사(2020대구화보 p49),-,2020-08-28 00:00:00,0,1,0,제4유형,제3유형,대구화보과업이행요청서,
,292,대구광역시 뉴스룸,HOME > 시정사진 > 도시관광,두류공원(2020대구화보 p66),-,2021-01-31 00:00:00,0,1,0,제4유형,제3유형,대구화보과업이행요청서,
,293,대구광역시 뉴스룸,HOME > 시정사진 > 도시관광,앞산전망대(2020대구화보 p42-43),-,2021-02-10 00:00:00,0,2,0,제4유형,제3유형,대구화보과업이행요청서,
,294,대구광역시 뉴스룸,HOME > 시정사진 > 도시관광,비슬산 참꽃(2020대구화보 p32-33),-,2021-02-13 00:00:00,0,2,0,제4유형,제3유형,대구화보과업이행요청서,
,295,대구광역시 뉴스룸,HOME > 시정사진 > 도시관광,금호강 하중도 유채꽃(p34-35),-,2021-02-14 00:00:00,0,1,0,제4유형,제3유형,대구화보과업이행요청서,
,296,대구광역시 뉴스룸,HOME > 시정사진 > 도시관광,국채보상기념운동 관련 사진(2020대구화보 p15) ,-,2021-02-15 00:00:00,0,4,0,제4유형,제3유형,대구화보과업이행요청서,
,297,대구광역시 뉴스룸,HOME > 시정사진 > 도시관광,2·28 민주운동 관련 사진(2020대구화보 p16-17),-,2021-02-16 00:00:00,0,3,0,제4유형,제3유형,대구화보과업이행요청서,
,298,대구광역시 뉴스룸,HOME > 시정사진 > 도시관광,신천(2020대구화보 p38),-,2021-03-02 00:00:00,0,1,0,제4유형,제3유형,대구화보과업이행요청서,
,299,대구광역시 뉴스룸,HOME > 시정사진 > 도시관광,신천(2021대구화보p61),-,2021-03-03 00:00:00,0,1,0,제4유형,제3유형,대구화보과업이행요청서,
,300,대구광역시 뉴스룸,HOME > 시정사진 > 도시관광,달성공원(2021대구화보p32),-,2021-03-04 00:00:00,0,1,0,제4유형,제3유형,대구화보과업이행요청서,
,301,대구광역시 뉴스룸,HOME > 시정사진 > 도시관광,달성공원(2021대구화보p33),-,2021-03-04 00:00:00,0,1,0,제4유형,제3유형,대구화보과업이행요청서,
,302,대구광역시 뉴스룸,HOME > 시정사진 > 도시관광,국채운동보상운동기념비(2021대구화보p35),-,2021-03-04 00:00:00,0,1,0,제4유형,제3유형,대구화보과업이행요청서,
,303,대구광역시 뉴스룸,HOME > 시정사진 > 도시관광,신천(2021대구화보p61),-,2021-03-04 00:00:00,0,1,0,제4유형,제3유형,대구화보과업이행요청서,
,304,대구광역시 뉴스룸,HOME > 시정사진 > 도시관광,2.28조각기념공원(2021대구화보p37),-,2021-03-04 00:00:00,0,1,0,제4유형,제3유형,대구화보과업이행요청서,
,305,대구광역시 뉴스룸,HOME > 시정사진 > 도시관광,2.28학생의거기념탑(2021대구화보p37),-,2021-03-04 00:00:00,0,1,0,제4유형,제3유형,대구화보과업이행요청서,
,306,대구광역시 뉴스룸,HOME > 시정사진 > 도시관광,대구근대역사관(2021대구화보p48),-,2021-03-04 00:00:00,0,1,0,제4유형,제3유형,대구화보과업이행요청서,
,307,대구광역시 뉴스룸,HOME > 시정사진 > 도시관광,일본군위안부역사관(2021대구화보p48),-,2021-03-04 00:00:00,0,1,0,제4유형,제3유형,대구화보과업이행요청서,
,308,대구광역시 뉴스룸,HOME > 시정사진 > 도시관광,대구읍성조형물(2021대구화보p49),-,2021-03-04 00:00:00,0,1,0,제4유형,제3유형,대구화보과업이행요청서,
,309,대구광역시 뉴스룸,HOME > 시정사진 > 도시관광,남평문씨본리세거지(2021대구화보p38),-,2021-03-04 00:00:00,0,1,0,제4유형,제3유형,대구화보과업이행요청서,
,310,대구광역시 뉴스룸,HOME > 시정사진 > 도시관광,신숭겸장군유적지(2021대구화보p40),-,2021-03-04 00:00:00,0,1,0,제4유형,제3유형,대구화보과업이행요청서,
,311,대구광역시 뉴스룸,HOME > 시정사진 > 도시관광,현풍곽씨십이정려각(2021대구화보p41),-,2021-03-04 00:00:00,0,1,0,제4유형,제3유형,대구화보과업이행요청서,
,312,대구광역시 뉴스룸,HOME > 시정사진 > 도시관광,영남제일관문(2021대구화보p45),-,2021-03-04 00:00:00,0,1,0,제4유형,제3유형,대구화보과업이행요청서,
,313,대구광역시 뉴스룸,HOME > 시정사진 > 도시관광,동산병원청라언덕(2021대구화보p46),-,2021-03-04 00:00:00,0,1,0,제4유형,제3유형,대구화보과업이행요청서,
,314,대구광역시 뉴스룸,HOME > 시정사진 > 도시관광,앞산전망대(2021대구화보p54),-,2021-03-04 00:00:00,0,1,0,제4유형,제3유형,대구화보과업이행요청서,
,315,대구광역시 뉴스룸,HOME > 시정사진 > 도시관광,안심습지가남지(2021대구화보p63),-,2021-03-04 00:00:00,0,1,0,제4유형,제3유형,대구화보과업이행요청서,
,316,대구광역시 뉴스룸,HOME > 시정사진 > 도시관광,비슬산(2021대구화보p66),-,2021-03-04 00:00:00,0,1,0,제4유형,제3유형,대구화보과업이행요청서,
,317,대구광역시 뉴스룸,HOME > 시정사진 > 도시관광,칠성야시장(2021대구화보p78),-,2021-03-04 00:00:00,0,1,0,제4유형,제3유형,대구화보과업이행요청서,
,318,대구광역시 뉴스룸,HOME > 시정사진 > 도시관광,서문시장(2021대구화보p79),-,2021-03-04 00:00:00,0,1,0,제4유형,제3유형,대구화보과업이행요청서,
,319,대구광역시 뉴스룸,HOME > 시정사진 > 도시관광,대구안심습지노을(2021대구화보p92),-,2021-03-04 00:00:00,0,1,0,제4유형,제3유형,대구화보과업이행요청서,
,320,대구광역시 뉴스룸,HOME > 시정사진 > 도시관광,대구안심습지노을(2021대구화보p93),-,2021-03-04 00:00:00,0,1,0,제4유형,제3유형,대구화보과업이행요청서,
,321,대구광역시 뉴스룸,HOME > 시정사진 > 도시관광,수성못(2021대구화보p58),-,2021-03-08 00:00:00,0,1,0,제4유형,제3유형,대구화보과업이행요청서,
,322,대구광역시 뉴스룸,HOME > 시정사진 > 도시관광,하중도유채꽃(2021대구화보p58),-,2021-03-09 00:00:00,0,1,0,제4유형,제3유형,대구화보과업이행요청서,
,323,대구광역시 뉴스룸,HOME > 시정사진 > 도시관광,녹동서원(2021대구화보p42),-,2021-03-10 00:00:00,0,1,0,제4유형,제3유형,대구화보과업이행요청서,
,324,대구광역시 뉴스룸,HOME > 시정사진 > 도시관광,비슬산(2021대구화보p67),-,2021-03-30 00:00:00,0,1,0,제4유형,제3유형,대구화보과업이행요청서,
,325,대구광역시 뉴스룸,HOME > 시정사진 > 도시관광,성당못(2021대구화보p59),-,2021-04-26 00:00:00,0,1,0,제4유형,제3유형,대구화보과업이행요청서,
,326,대구광역시 뉴스룸,HOME > 시정사진 > 도시관광,하목정(2021대구화보p39),-,2021-04-30 00:00:00,0,1,0,제4유형,제3유형,대구화보과업이행요청서,
,327,대구광역시 뉴스룸,HOME > 시정사진 > 도시관광,계산성당(2020대구화보 p21),-,2021-04-30 00:00:00,0,1,0,제4유형,제3유형,대구화보과업이행요청서,
,328,대구광역시 뉴스룸,HOME > 시정사진 > 도시관광,대구미술관(2020대구화보 p74),-,2021-04-30 00:00:00,0,2,0,제4유형,제3유형,대구화보과업이행요청서,
,329,대구광역시 뉴스룸,HOME > 시정사진 > 도시관광,안심연꽃단지(2021대구화보p62),-,2021-05-01 00:00:00,0,1,0,제4유형,제3유형,대구화보과업이행요청서,
,330,대구광역시 뉴스룸,HOME > 시정사진 > 도시관광,신천(2021대구화보p60),-,2021-08-02 00:00:00,0,1,0,제4유형,제3유형,대구화보과업이행요청서,
,331,대구광역시 뉴스룸,HOME > 시정사진 > 도시관광,동화사 대불(2020대구화보 p48),-,2021-08-04 00:00:00,0,1,0,제4유형,제3유형,대구화보과업이행요청서,
,332,대구광역시 뉴스룸,HOME > 시정사진 > 도시관광,달성습지(2022 대구화보 P.14),-,2022-03-08 00:00:00,0,1,0,제4유형,제3유형,대구화보과업이행요청서,
,333,대구광역시 뉴스룸,HOME > 시정사진 > 도시관광,대구향교 추계 석전대제(2022 대구화보),-,2022-03-08 00:00:00,0,1,0,제4유형,제3유형,대구화보과업이행요청서,
,334,대구광역시 뉴스룸,HOME > 시정사진 > 도시관광,대구향교 추계 석전대제(2022 대구화보 P.40) ,-,2022-03-08 00:00:00,0,1,0,제4유형,제3유형,대구화보과업이행요청서,
,335,대구광역시 뉴스룸,HOME > 시정사진 > 도시관광,대구향교 추계 석전대제(2022 대구화보 P.41) ,-,2022-03-08 00:00:00,0,1,0,제4유형,제3유형,대구화보과업이행요청서,
,336,대구광역시 뉴스룸,HOME > 시정사진 > 도시관광,팔거천 벚꽃(2022 대구화보 P.15),-,2022-03-08 00:00:00,0,1,0,제4유형,제3유형,대구화보과업이행요청서,
,337,대구광역시 뉴스룸,HOME > 시정사진 > 도시관광,논공꽃단지(2022 대구화보 P.20),-,2022-03-08 00:00:00,0,1,0,제4유형,제3유형,대구화보과업이행요청서,
,338,대구광역시 뉴스룸,HOME > 시정사진 > 도시관광,논공꽃단지(2022 대구화보 P.21),-,2022-03-08 00:00:00,0,1,0,제4유형,제3유형,대구화보과업이행요청서,
,339,대구광역시 뉴스룸,HOME > 시정사진 > 도시관광,반야월연꽃단지(2022 대구화보 P.22),-,2022-03-08 00:00:00,0,1,0,제4유형,제3유형,대구화보과업이행요청서,
,340,대구광역시 뉴스룸,HOME > 시정사진 > 도시관광,대명유수지(2022 대구화보 P.26),-,2022-03-08 00:00:00,0,1,0,제4유형,제3유형,대구화보과업이행요청서,
,341,대구광역시 뉴스룸,HOME > 시정사진 > 도시관광,대명유수지(2022 대구화보 P.27),-,2022-03-08 00:00:00,0,1,0,제4유형,제3유형,대구화보과업이행요청서,
,342,대구광역시 뉴스룸,HOME > 시정사진 > 도시관광,낙동강 자전거길(2022 대구화보 P.28),-,2022-03-08 00:00:00,0,1,0,제4유형,제3유형,대구화보과업이행요청서,
,343,대구광역시 뉴스룸,HOME > 시정사진 > 도시관광,낙동강 자전거길(2022 대구화보 P.29),-,2022-03-08 00:00:00,0,1,0,제4유형,제3유형,대구화보과업이행요청서,
,344,대구광역시 뉴스룸,HOME > 시정사진 > 도시관광,앞산 해넘이전망대(2022 대구화보 P.30),-,2022-03-08 00:00:00,0,1,0,제4유형,제3유형,대구화보과업이행요청서,
,345,대구광역시 뉴스룸,HOME > 시정사진 > 도시관광,디아크(2022 대구화보 P.31),-,2022-03-08 00:00:00,0,1,0,제4유형,제3유형,대구화보과업이행요청서,
,346,대구광역시 뉴스룸,HOME > 시정사진 > 도시관광,국채보상운동기념공원(2022 대구화보 P.33),-,2022-03-08 00:00:00,0,1,0,제4유형,제3유형,대구화보과업이행요청서,
,347,대구광역시 뉴스룸,HOME > 시정사진 > 도시관광,달성토성(2022 대구화보 P.37),-,2022-03-08 00:00:00,0,1,0,제4유형,제3유형,대구화보과업이행요청서,
,348,대구광역시 뉴스룸,HOME > 시정사진 > 도시관광,달성 하목정(2022 대구화보 P.39),-,2022-03-08 00:00:00,0,1,0,제4유형,제3유형,대구화보과업이행요청서,
,349,대구광역시 뉴스룸,HOME > 시정사진 > 도시관광,청라언덕(2022 대구화보 P.44),-,2022-03-08 00:00:00,0,1,0,제4유형,제3유형,대구화보과업이행요청서,
,350,대구광역시 뉴스룸,HOME > 시정사진 > 도시관광,불로동 고분군(2022 대구화보 P.45),-,2022-03-08 00:00:00,0,1,0,제4유형,제3유형,대구화보과업이행요청서,
,351,대구광역시 뉴스룸,HOME > 시정사진 > 도시관광,동촌유원지(2022 대구화보 P.58),-,2022-03-08 00:00:00,0,1,0,제4유형,제3유형,대구화보과업이행요청서,
,352,대구광역시 뉴스룸,HOME > 시정사진 > 도시관광,스파크랜드(2022 대구화보 P.69),-,2022-04-22 00:00:00,0,1,0,제4유형,제3유형,대구화보과업이행요청서,
,353,대구광역시 뉴스룸,HOME > 시정사진 > 도시관광,앞산전망대(2023 대구화보 P.2),-,2023-04-14 00:00:00,0,1,0,제4유형,제1유형,대구화보과업이행요청서,
,354,대구광역시 뉴스룸,HOME > 시정사진 > 도시관광,이월드 벚꽃축제(2023 대구화보 P.4),-,2023-04-14 00:00:00,0,1,0,제4유형,제1유형,대구화보과업이행요청서,
,355,대구광역시 뉴스룸,HOME > 시정사진 > 도시관광,송해공원 빙벽(2023 대구화보 P.5),-,2023-04-14 00:00:00,0,1,0,제4유형,제1유형,대구화보과업이행요청서,
,356,대구광역시 뉴스룸,HOME > 시정사진 > 도시관광,앞산 해넘이전망대(2023 대구화보 P.7),-,2023-04-14 00:00:00,0,1,0,제4유형,제1유형,대구화보과업이행요청서,
,357,대구광역시 뉴스룸,HOME > 시정사진 > 도시관광,낙동강(2023 대구화보 P.88),-,2023-04-14 00:00:00,0,1,0,제4유형,제1유형,대구화보과업이행요청서,
,358,대구광역시 뉴스룸,HOME > 시정사진 > 도시관광,팔공산 일출(2023 대구화보 P.28),-,2023-04-14 00:00:00,0,1,0,제4유형,제1유형,대구화보과업이행요청서,
,359,대구광역시 뉴스룸,HOME > 시정사진 > 도시관광,비슬산(2023 대구화보 P.30),-,2023-04-14 00:00:00,0,1,0,제4유형,제1유형,대구화보과업이행요청서,
,360,대구광역시 뉴스룸,HOME > 시정사진 > 도시관광,팔공산 드라이브길1(2023 대구화보 P.32),-,2023-04-14 00:00:00,0,1,0,제4유형,제1유형,대구화보과업이행요청서,
,361,대구광역시 뉴스룸,HOME > 시정사진 > 도시관광,팔공산 드라이브길2(2023 대구화보 P.33),-,2023-04-14 00:00:00,0,1,0,제4유형,제1유형,대구화보과업이행요청서,
,362,대구광역시 뉴스룸,HOME > 시정사진 > 도시관광,수성못(2023 대구화보 P.34),-,2023-04-14 00:00:00,0,1,0,제4유형,제1유형,대구화보과업이행요청서,
,363,대구광역시 뉴스룸,HOME > 시정사진 > 도시관광,동촌유원지1(2023 대구화보 P.36),-,2023-04-14 00:00:00,0,1,0,제4유형,제1유형,대구화보과업이행요청서,
,364,대구광역시 뉴스룸,HOME > 시정사진 > 도시관광,동촌유원지2(2023 대구화보 P.37),-,2023-04-14 00:00:00,0,1,0,제4유형,제1유형,대구화보과업이행요청서,
,365,대구광역시 뉴스룸,HOME > 시정사진 > 도시관광,논공꽃단지1(2023 대구화보 P.38),-,2023-04-14 00:00:00,0,1,0,제4유형,제1유형,대구화보과업이행요청서,
,366,대구광역시 뉴스룸,HOME > 시정사진 > 도시관광,논공꽃단지2(2023 대구화보 P.38),-,2023-04-14 00:00:00,0,1,0,제4유형,제1유형,대구화보과업이행요청서,
,367,대구광역시 뉴스룸,HOME > 시정사진 > 도시관광,호산동 메타세콰이어길(2023 대구화보 P.39),-,2023-04-14 00:00:00,0,1,0,제4유형,제1유형,대구화보과업이행요청서,
,368,대구광역시 뉴스룸,HOME > 시정사진 > 도시관광,반야월연꽃단지1(2023 대구화보 P.40),-,2023-04-14 00:00:00,0,1,0,제4유형,제1유형,대구화보과업이행요청서,
,369,대구광역시 뉴스룸,HOME > 시정사진 > 도시관광,반야월연꽃단지2(2023 대구화보 P.41),-,2023-04-14 00:00:00,0,1,0,제4유형,제1유형,대구화보과업이행요청서,
,370,대구광역시 뉴스룸,HOME > 시정사진 > 도시관광,불로동 고분군(2023 대구화보 P.42),-,2023-04-14 00:00:00,0,1,0,제4유형,제1유형,대구화보과업이행요청서,
,371,대구광역시 뉴스룸,HOME > 시정사진 > 도시관광,송해공원1(2023 대구화보 P.44),-,2023-04-14 00:00:00,0,1,0,제4유형,제1유형,대구화보과업이행요청서,
,372,대구광역시 뉴스룸,HOME > 시정사진 > 도시관광,송해공원2(2023 대구화보 P.45),-,2023-04-14 00:00:00,0,1,0,제4유형,제1유형,대구화보과업이행요청서,
,373,대구광역시 뉴스룸,HOME > 시정사진 > 도시관광,신숭겸장군 유적지1(2023 대구화보 P.46),-,2023-04-14 00:00:00,0,1,0,제4유형,제1유형,대구화보과업이행요청서,
,374,대구광역시 뉴스룸,HOME > 시정사진 > 도시관광,신숭겸장군 유적지2(2023 대구화보 P.47),-,2023-04-14 00:00:00,0,1,0,제4유형,제1유형,대구화보과업이행요청서,
,375,대구광역시 뉴스룸,HOME > 시정사진 > 도시관광,이팝나무 군락지1(2023 대구화보 P.48),-,2023-04-14 00:00:00,0,1,0,제4유형,제1유형,대구화보과업이행요청서,
,376,대구광역시 뉴스룸,HOME > 시정사진 > 도시관광,이팝나무 군락지2(2023 대구화보 P.49),-,2023-04-14 00:00:00,0,1,0,제4유형,제1유형,대구화보과업이행요청서,
,377,대구광역시 뉴스룸,HOME > 시정사진 > 도시관광,대명 유수지1(2023 대구화보 P.50),-,2023-04-14 00:00:00,0,1,0,제4유형,제1유형,대구화보과업이행요청서,
,378,대구광역시 뉴스룸,HOME > 시정사진 > 도시관광,대명 유수지2(2023 대구화보 P.51),-,2023-04-14 00:00:00,0,1,0,제4유형,제1유형,대구화보과업이행요청서,
,379,대구광역시 뉴스룸,HOME > 시정사진 > 도시관광,대구 3호선(2023 대구화보 P.52),-,2023-04-14 00:00:00,0,1,0,제4유형,제1유형,대구화보과업이행요청서,
,380,대구광역시 뉴스룸,HOME > 시정사진 > 도시관광,83타워1(2023 대구화보 P.54),-,2023-04-14 00:00:00,0,1,0,제4유형,제1유형,대구화보과업이행요청서,
,381,대구광역시 뉴스룸,HOME > 시정사진 > 도시관광,83타워2(2023 대구화보 P.55),-,2023-04-14 00:00:00,0,1,0,제4유형,제1유형,대구화보과업이행요청서,
,382,대구광역시 뉴스룸,HOME > 시정사진 > 도시관광,앞산전망대1(2023 대구화보 P.56),-,2023-04-14 00:00:00,0,1,0,제4유형,제1유형,대구화보과업이행요청서,
,383,대구광역시 뉴스룸,HOME > 시정사진 > 도시관광,앞산전망대2(2023 대구화보 P.57),-,2023-04-14 00:00:00,0,1,0,제4유형,제1유형,대구화보과업이행요청서,
,384,대구광역시 뉴스룸,HOME > 시정사진 > 도시관광,서대구역(2023 대구화보 P.60),-,2023-04-14 00:00:00,0,1,0,제4유형,제1유형,대구화보과업이행요청서,
,385,대구광역시 뉴스룸,HOME > 시정사진 > 도시관광,신천물놀이장1(2023 대구화보 P.64),-,2023-04-14 00:00:00,0,1,0,제4유형,제1유형,대구화보과업이행요청서,
,386,대구광역시 뉴스룸,HOME > 시정사진 > 도시관광,신천물놀이장2(2023 대구화보 P.64),-,2023-04-14 00:00:00,0,1,0,제4유형,제1유형,대구화보과업이행요청서,
,387,대구광역시 뉴스룸,HOME > 시정사진 > 도시관광,신천 자전거길1(2023 대구화보 P.65),-,2023-04-14 00:00:00,0,1,0,제4유형,제1유형,대구화보과업이행요청서,
,388,대구광역시 뉴스룸,HOME > 시정사진 > 도시관광,신천 자전거길2(2023 대구화보 P.65),-,2023-04-14 00:00:00,0,1,0,제4유형,제1유형,대구화보과업이행요청서,
,389,대구광역시 뉴스룸,HOME > 시정사진 > 도시관광,스파크랜드1(2023 대구화보 P.66),-,2023-04-14 00:00:00,0,1,0,제4유형,제1유형,대구화보과업이행요청서,
,390,대구광역시 뉴스룸,HOME > 시정사진 > 도시관광,스파크랜드2(2023 대구화보 P.67),-,2023-04-14 00:00:00,0,1,0,제4유형,제1유형,대구화보과업이행요청서,
,391,대구광역시 뉴스룸,HOME > 시정사진 > 도시관광,국채보상운동기념공원1(2023 대구화보 P.68),-,2023-04-14 00:00:00,0,1,0,제4유형,제1유형,대구화보과업이행요청서,
,392,대구광역시 뉴스룸,HOME > 시정사진 > 도시관광,국채보상운동기념공원2(2023 대구화보 P.69),-,2023-04-14 00:00:00,0,1,0,제4유형,제1유형,대구화보과업이행요청서,
,393,대구광역시 뉴스룸,HOME > 시정사진 > 도시관광,이곡장미공원(2023 대구화보 P.70),-,2023-04-14 00:00:00,0,1,0,제4유형,제1유형,대구화보과업이행요청서,
,394,대구광역시 뉴스룸,HOME > 시정사진 > 도시관광,남평 문씨 본리세거지(2023 대구화보 P.71),-,2023-04-14 00:00:00,0,1,0,제4유형,제1유형,대구화보과업이행요청서,
,395,대구광역시 뉴스룸,HOME > 시정사진 > 도시관광,서문시장1(2023 대구화보 P.72),-,2023-04-14 00:00:00,0,1,0,제4유형,제1유형,대구화보과업이행요청서,
,396,대구광역시 뉴스룸,HOME > 시정사진 > 도시관광,서문시장2(2023 대구화보 P.72),-,2023-04-14 00:00:00,0,1,0,제4유형,제1유형,대구화보과업이행요청서,
,397,대구광역시 뉴스룸,HOME > 시정사진 > 도시관광,서문시장3(2023 대구화보 P.72),-,2023-04-14 00:00:00,0,1,0,제4유형,제1유형,대구화보과업이행요청서,
,398,대구광역시 뉴스룸,HOME > 시정사진 > 도시관광,칠성야시장(2023 대구화보 P.73),-,2023-04-14 00:00:00,0,1,0,제4유형,제1유형,대구화보과업이행요청서,
,399,대구광역시 뉴스룸,HOME > 시정사진 > 문화체육,대구컬러풀페스티벌(2020대구화보 p52-53),-,2020-08-25 00:00:00,0,3,0,제4유형,제3유형,대구화보과업이행요청서,
,400,대구광역시 뉴스룸,HOME > 시정사진 > 문화체육,동아시아보자기페스티벌(2020대구화보 p54),-,2020-08-25 00:00:00,0,1,0,제4유형,제3유형,대구화보과업이행요청서,
,401,대구광역시 뉴스룸,HOME > 시정사진 > 문화체육,대구국제바디페인팅페스티벌(2020대구화보 p55),-,2020-08-25 00:00:00,0,1,0,제4유형,제3유형,대구화보과업이행요청서,
,402,대구광역시 뉴스룸,HOME > 시정사진 > 문화체육,달구벌 관등놀이(2020대구화보 p56),-,2020-08-25 00:00:00,0,1,0,제4유형,제3유형,대구화보과업이행요청서,
,403,대구광역시 뉴스룸,HOME > 시정사진 > 문화체육,대구치맥페스티벌(2020대구화보 p57),-,2020-08-25 00:00:00,0,1,0,제4유형,제3유형,대구화보과업이행요청서,
,404,대구광역시 뉴스룸,HOME > 시정사진 > 문화체육,DGB대구은행파크(2020대구화보 p58),-,2020-08-25 00:00:00,0,1,0,제4유형,제3유형,대구화보과업이행요청서,
,405,대구광역시 뉴스룸,HOME > 시정사진 > 문화체육,대구삼성라이온즈파크(2020대구화보 p59),-,2020-08-25 00:00:00,0,3,0,제4유형,제3유형,대구화보과업이행요청서,
,406,대구광역시 뉴스룸,HOME > 시정사진 > 문화체육,수성못페스티벌(2020대구화보 p60),-,2020-08-25 00:00:00,0,1,0,제4유형,제3유형,대구화보과업이행요청서,
,407,대구광역시 뉴스룸,HOME > 시정사진 > 문화체육,대구국제뮤지컬페스티벌(2020대구화보 p61),-,2020-08-25 00:00:00,0,1,0,제4유형,제3유형,대구화보과업이행요청서,
,408,대구광역시 뉴스룸,HOME > 시정사진 > 문화체육,"달성 100대 피아노, 대구국제재즈페스티벌(2020대구화보 p62)",-,2020-08-25 00:00:00,0,1,0,제4유형,제3유형,대구화보과업이행요청서,
,409,대구광역시 뉴스룸,HOME > 시정사진 > 문화체육,"제28회 전국무용제, 대구국제오페라축제(2020대구화보 p63)",-,2020-08-25 00:00:00,0,1,0,제4유형,제3유형,대구화보과업이행요청서,
,410,대구광역시 뉴스룸,HOME > 시정사진 > 문화체육,DGB대구은행파크(2021대구화보p81),-,2021-03-04 00:00:00,0,1,0,제4유형,제3유형,대구화보과업이행요청서,
,411,대구광역시 뉴스룸,HOME > 시정사진 > 문화체육,삼성라이온즈파크(2021대구화보p80),-,2021-03-04 00:00:00,0,1,0,제4유형,제3유형,대구화보과업이행요청서,
,412,대구광역시 뉴스룸,HOME > 시정사진 > 문화체육,경상감영 풍속재연행사(2022 대구화보 P.42),-,2022-03-08 00:00:00,0,1,0,제4유형,제3유형,대구화보과업이행요청서,
,413,대구광역시 뉴스룸,HOME > 시정사진 > 문화체육,경상감영 풍속재연행사 2(2022 대구화보 P.42),-,2022-03-08 00:00:00,0,1,0,제4유형,제3유형,대구화보과업이행요청서,
,414,대구광역시 뉴스룸,HOME > 시정사진 > 문화체육,대구약령시 한방문화축제(2022 대구화보 P.47),-,2022-03-08 00:00:00,0,1,0,제4유형,제3유형,대구화보과업이행요청서,
,415,대구광역시 뉴스룸,HOME > 시정사진 > 문화체육,대구약령시 한방문화축제(2022 대구화보 P.47),-,2022-03-08 00:00:00,0,1,0,제4유형,제3유형,대구화보과업이행요청서,
,416,대구광역시 뉴스룸,HOME > 시정사진 > 문화체육,향촌문화관(2022 대구화보 P.48),-,2022-03-08 00:00:00,0,1,0,제4유형,제3유형,대구화보과업이행요청서,
,417,대구광역시 뉴스룸,HOME > 시정사진 > 문화체육,대구시민주간 플래시몹(2022 대구화보 P.55),-,2022-03-08 00:00:00,0,1,0,제4유형,제3유형,대구화보과업이행요청서,
,418,대구광역시 뉴스룸,HOME > 시정사진 > 문화체육,대구삼성라이온즈파크(2022 대구화보 P.56),-,2022-03-08 00:00:00,0,1,0,제4유형,제3유형,대구화보과업이행요청서,
,419,대구광역시 뉴스룸,HOME > 시정사진 > 문화체육,대구활공랜드(2022 대구화보 P.59),-,2022-03-08 00:00:00,0,1,0,제4유형,제3유형,대구화보과업이행요청서,
,420,대구광역시 뉴스룸,HOME > 시정사진 > 문화체육,대구국제뮤지컬페스티벌(2022 대구화보 P.60),-,2022-03-08 00:00:00,0,1,0,제4유형,제3유형,대구화보과업이행요청서,
,421,대구광역시 뉴스룸,HOME > 시정사진 > 문화체육,대구국제뮤지컬페스티벌(2022 대구화보 P.61),-,2022-03-08 00:00:00,0,1,0,제4유형,제3유형,대구화보과업이행요청서,
,422,대구광역시 뉴스룸,HOME > 시정사진 > 문화체육,DGB대구은행파크(2022 대구화보 P.62),-,2022-03-08 00:00:00,0,1,0,제4유형,제3유형,대구화보과업이행요청서,
,423,대구광역시 뉴스룸,HOME > 시정사진 > 문화체육,DGB대구은행파크(2022 대구화보 P.63),-,2022-03-08 00:00:00,0,1,0,제4유형,제3유형,대구화보과업이행요청서,
,424,대구광역시 뉴스룸,HOME > 시정사진 > 문화체육,수성못빛축제(2022 대구화보 P.66),-,2022-03-08 00:00:00,0,1,0,제4유형,제3유형,대구화보과업이행요청서,
,425,대구광역시 뉴스룸,HOME > 시정사진 > 문화체육,수성못빛예술제(2022 대구화보 P.67),-,2022-03-08 00:00:00,0,1,0,제4유형,제3유형,대구화보과업이행요청서,
,426,대구광역시 뉴스룸,HOME > 시정사진 > 문화체육,대구치맥페스티벌(2023 대구화보 P.4),-,2023-04-14 00:00:00,0,1,0,제4유형,제1유형,대구화보과업이행요청서,
,427,대구광역시 뉴스룸,HOME > 시정사진 > 문화체육,파워풀대구페스티벌1(2023 대구화보 P.10),-,2023-04-14 00:00:00,0,1,0,제4유형,제1유형,대구화보과업이행요청서,
,428,대구광역시 뉴스룸,HOME > 시정사진 > 문화체육,파워풀대구페스티벌2(2023 대구화보 P.10),-,2023-04-14 00:00:00,0,1,0,제4유형,제1유형,대구화보과업이행요청서,
,429,대구광역시 뉴스룸,HOME > 시정사진 > 문화체육,대구치맥페스티벌1(2023 대구화보 P.12),-,2023-04-14 00:00:00,0,1,0,제4유형,제1유형,대구화보과업이행요청서,
,430,대구광역시 뉴스룸,HOME > 시정사진 > 문화체육,대구치맥페스티벌2(2023 대구화보 P.12),-,2023-04-14 00:00:00,0,1,0,제4유형,제1유형,대구화보과업이행요청서,
,431,대구광역시 뉴스룸,HOME > 시정사진 > 문화체육,대구국제뮤지컬페스티벌1(2023 대구화보 P.14),-,2023-04-14 00:00:00,0,1,0,제4유형,제1유형,대구화보과업이행요청서,
,432,대구광역시 뉴스룸,HOME > 시정사진 > 문화체육,대구국제뮤지컬페스티벌2(2023 대구화보 P.14),-,2023-04-14 00:00:00,0,1,0,제4유형,제1유형,대구화보과업이행요청서,
,433,대구광역시 뉴스룸,HOME > 시정사진 > 문화체육,대구국제뮤지컬페스티벌3(2023 대구화보 P.15),-,2023-04-14 00:00:00,0,1,0,제4유형,제1유형,대구화보과업이행요청서,
,434,대구광역시 뉴스룸,HOME > 시정사진 > 문화체육,대구국제마라톤대회1(2023 대구화보 P.16),-,2023-04-14 00:00:00,0,1,0,제4유형,제1유형,대구화보과업이행요청서,
,435,대구광역시 뉴스룸,HOME > 시정사진 > 문화체육,대구국제마라톤대회2(2023 대구화보 P.17),-,2023-04-14 00:00:00,0,1,0,제4유형,제1유형,대구화보과업이행요청서,
,436,대구광역시 뉴스룸,HOME > 시정사진 > 문화체육,대구국제마라톤대회3(2023 대구화보 P.17),-,2023-04-14 00:00:00,0,1,0,제4유형,제1유형,대구화보과업이행요청서,
,437,대구광역시 뉴스룸,HOME > 시정사진 > 문화체육,대구국제마라톤대회4(2023 대구화보 P.17),-,2023-04-14 00:00:00,0,1,0,제4유형,제1유형,대구화보과업이행요청서,
,438,대구광역시 뉴스룸,HOME > 시정사진 > 문화체육,대구시립국악단(2023 대구화보 P.18),-,2023-04-14 00:00:00,0,1,0,제4유형,제1유형,대구화보과업이행요청서,
,439,대구광역시 뉴스룸,HOME > 시정사진 > 문화체육,유네스코대구뮤직위크1(2023 대구화보 P.19),-,2023-04-14 00:00:00,0,1,0,제4유형,제1유형,대구화보과업이행요청서,
,440,대구광역시 뉴스룸,HOME > 시정사진 > 문화체육,유네스코대구뮤직위크2(2023 대구화보 P.19),-,2023-04-14 00:00:00,0,1,0,제4유형,제1유형,대구화보과업이행요청서,
,441,대구광역시 뉴스룸,HOME > 시정사진 > 문화체육,유네스코대구뮤직위크3(2023 대구화보 P.19),-,2023-04-14 00:00:00,0,1,0,제4유형,제1유형,대구화보과업이행요청서,
,442,대구광역시 뉴스룸,HOME > 시정사진 > 문화체육,대구FC1(2023 대구화보 P.20),-,2023-04-14 00:00:00,0,1,0,제4유형,제1유형,대구화보과업이행요청서,
,443,대구광역시 뉴스룸,HOME > 시정사진 > 문화체육,대구FC2(2023 대구화보 P.21),-,2023-04-14 00:00:00,0,1,0,제4유형,제1유형,대구화보과업이행요청서,
,444,대구광역시 뉴스룸,HOME > 시정사진 > 문화체육,삼성라이온즈파크1(2023 대구화보 P.22),-,2023-04-14 00:00:00,0,1,0,제4유형,제1유형,대구화보과업이행요청서,
,445,대구광역시 뉴스룸,HOME > 시정사진 > 문화체육,삼성라이온즈파크2(2023 대구화보 P.23),-,2023-04-14 00:00:00,0,1,0,제4유형,제1유형,대구화보과업이행요청서,
,446,대구광역시 뉴스룸,HOME > 시정사진 > 문화체육,대구약령시한방문화축제1(2023 대구화보 P.24),-,2023-04-14 00:00:00,0,1,0,제4유형,제1유형,대구화보과업이행요청서,
,447,대구광역시 뉴스룸,HOME > 시정사진 > 문화체육,대구약령시한방문화축제2(2023 대구화보 P.24),-,2023-04-14 00:00:00,0,1,0,제4유형,제1유형,대구화보과업이행요청서,
,448,대구광역시 뉴스룸,HOME > 시정사진 > 문화체육,승시1(2023 대구화보 P.24),-,2023-04-14 00:00:00,0,1,0,제4유형,제1유형,대구화보과업이행요청서,
,449,대구광역시 뉴스룸,HOME > 시정사진 > 문화체육,승시2(2023 대구화보 P.24),-,2023-04-14 00:00:00,0,1,0,제4유형,제1유형,대구화보과업이행요청서,
,450,대구광역시 뉴스룸,HOME > 시정사진 > 문화체육,대구광역시장배 전국철인3종대회1(2023 대구화보 P.25),-,2023-04-14 00:00:00,0,1,0,제4유형,제1유형,대구화보과업이행요청서,
,451,대구광역시 뉴스룸,HOME > 시정사진 > 문화체육,대구광역시장배 전국철인3종대회2(2023 대구화보 P.25),-,2023-04-14 00:00:00,0,1,0,제4유형,제1유형,대구화보과업이행요청서,
,452,대구광역시 뉴스룸,HOME > 시정사진 > 문화체육,대구광역시장배 전국철인3종대회3(2023 대구화보 P.25),-,2023-04-14 00:00:00,0,1,0,제4유형,제1유형,대구화보과업이행요청서,
,453,대구광역시 뉴스룸,HOME > 시정사진 > 문화체육,달성 100대 피아노(2023 대구화보 P.26),-,2023-04-14 00:00:00,0,1,0,제4유형,제1유형,대구화보과업이행요청서,
,454,대구광역시 뉴스룸,HOME > 시정사진 > 문화체육,대구스타디움1(2023 대구화보 P.58),-,2023-04-14 00:00:00,0,1,0,제4유형,제1유형,대구화보과업이행요청서,
,455,대구광역시 뉴스룸,HOME > 시정사진 > 문화체육,대구스타디움2(2023 대구화보 P.59),-,2023-04-14 00:00:00,0,1,0,제4유형,제1유형,대구화보과업이행요청서,
,456,대구광역시 뉴스룸,HOME > 시정사진 > 문화체육,펙스코(2023 대구화보 P.62),-,2023-04-14 00:00:00,0,1,0,제4유형,제1유형,대구화보과업이행요청서,
,457,대구광역시 뉴스룸,HOME > 시정사진 > 문화체육,수창청춘맨숀1(2023 대구화보 P.63),-,2023-04-14 00:00:00,0,1,0,제4유형,제1유형,대구화보과업이행요청서,
,458,대구광역시 뉴스룸,HOME > 시정사진 > 문화체육,수창청춘맨숀2(2023 대구화보 P.63),-,2023-04-14 00:00:00,0,1,0,제4유형,제1유형,대구화보과업이행요청서,
,459,대구광역시 뉴스룸,HOME > 시정사진 > 안전복지,하나된 시민! 대구의 힘입니다!(2020대구화보 p88),-,2020-08-25 00:00:00,0,1,0,제4유형,제3유형,대구화보과업이행요청서,
,460,대구광역시 뉴스룸,HOME > 시정사진 > 경제산업,"대구광역시 신청사 건립 예정지 선정, 대구신청사 시민원탁회의(2020대구화보 p80)",-,2020-08-25 00:00:00,0,1,0,제4유형,제3유형,대구화보과업이행요청서,
,461,대구광역시 뉴스룸,HOME > 시정사진 > 경제산업,HuStar(휴스타) 혁신아카데미(2020대구화보 p81),-,2020-08-25 00:00:00,0,1,0,제4유형,제3유형,대구화보과업이행요청서,
,462,대구광역시 뉴스룸,HOME > 시정사진 > 경제산업,"대구국제미래자동차엑스포, 자율주행자동차(2020대구화보 p82-83)",-,2020-08-25 00:00:00,0,1,0,제4유형,제3유형,대구화보과업이행요청서,
,463,대구광역시 뉴스룸,HOME > 시정사진 > 경제산업,대구국제로봇산업전(2020대구화보 p84-85),-,2020-08-25 00:00:00,0,1,0,제4유형,제3유형,대구화보과업이행요청서,
,464,대구광역시 뉴스룸,HOME > 시정사진 > 경제산업,첨단뇌연구장비센터(2020대구화보 p86),-,2020-08-25 00:00:00,0,1,0,제4유형,제3유형,대구화보과업이행요청서,
,465,대구광역시 뉴스룸,HOME > 시정사진 > 경제산업,국가물산업클러스터(2020대구화보 p87),-,2020-08-25 00:00:00,0,2,0,제4유형,제3유형,대구화보과업이행요청서,
,466,대구광역시 뉴스룸,HOME > 시정사진 > 경제산업,2020대구국제기계산업대전(2021대구화보p85),-,2021-03-04 00:00:00,0,1,0,제4유형,제3유형,대구화보과업이행요청서,
,467,대구광역시 뉴스룸,HOME > 시정사진 > 경제산업,엑스코(2021대구화보p86),-,2021-03-04 00:00:00,0,1,0,제4유형,제3유형,대구화보과업이행요청서,
,468,대구광역시 뉴스룸,HOME > 시정사진 > 경제산업,대구경향하우징페어(2021대구화보p87),-,2021-03-04 00:00:00,0,1,0,제4유형,제3유형,대구화보과업이행요청서,
,469,대구광역시 뉴스룸,HOME > 시정사진 > 경제산업,대한민국캐릭터굿즈페어(2021대구화보p87),-,2021-03-04 00:00:00,0,1,0,제4유형,제3유형,대구화보과업이행요청서,
,470,대구광역시 뉴스룸,HOME > 시정사진 > 경제산업,수성못드론택시시연(2021대구화보p88),-,2021-03-04 00:00:00,0,1,0,제4유형,제3유형,대구화보과업이행요청서,
,471,대구광역시 뉴스룸,HOME > 시정사진 > 경제산업,대구국제기계산업대전(2022 대구화보 P.72),-,2022-03-08 00:00:00,0,1,0,제4유형,제3유형,대구화보과업이행요청서,
,472,대구광역시 뉴스룸,HOME > 시정사진 > 경제산업,대구국제기계산업대전(2022 대구화보 P.72),-,2022-03-08 00:00:00,0,1,0,제4유형,제3유형,대구화보과업이행요청서,
,473,대구광역시 뉴스룸,HOME > 시정사진 > 경제산업,대구국제미래자동차엑스포(2022 대구화보 P.73),-,2022-03-08 00:00:00,0,1,0,제4유형,제3유형,대구화보과업이행요청서,
,474,대구광역시 뉴스룸,HOME > 시정사진 > 경제산업,대구국제미래자동차엑스포(2022 대구화보 P.7),-,2022-03-08 00:00:00,0,1,0,제4유형,제3유형,대구화보과업이행요청서,
,475,대구광역시 뉴스룸,HOME > 시정사진 > 경제산업,대구국제미래자동차엑스포(2022 대구화보 P.7),-,2022-03-08 00:00:00,0,1,0,제4유형,제3유형,대구화보과업이행요청서,
,476,대구광역시 뉴스룸,HOME > 시정사진 > 경제산업,대구 모형전기 자율주행차 경진대회(2022 대구화보 P.74),-,2022-03-08 00:00:00,0,1,0,제4유형,제3유형,대구화보과업이행요청서,
,477,대구광역시 뉴스룸,HOME > 시정사진 > 경제산업,전기차 충전소(2022 대구화보 P.75),-,2022-03-08 00:00:00,0,1,0,제4유형,제3유형,대구화보과업이행요청서,
,478,대구광역시 뉴스룸,HOME > 시정사진 > 경제산업,국가물산업클러스터(2022 대구화보 P.76),-,2022-03-08 00:00:00,0,1,0,제4유형,제3유형,대구화보과업이행요청서,
,479,대구광역시 뉴스룸,HOME > 시정사진 > 경제산업,국가물산업클러스터(2022 대구화보 P.76),-,2022-03-08 00:00:00,0,1,0,제4유형,제3유형,대구화보과업이행요청서,
,480,대구광역시 뉴스룸,HOME > 시정사진 > 경제산업,서대구역(2022 대구화보 P.82),-,2022-03-08 00:00:00,0,1,0,제4유형,제3유형,대구화보과업이행요청서,
,481,대구광역시 뉴스룸,HOME > 시정사진 > 경제산업,서대구역(2022 대구화보 P.82),-,2022-03-08 00:00:00,0,1,0,제4유형,제3유형,대구화보과업이행요청서,
,482,대구광역시 뉴스룸,HOME > 시정사진 > 경제산업,국제로봇올림피아드(2022 대구화보 P.84),-,2022-03-08 00:00:00,0,1,0,제4유형,제3유형,대구화보과업이행요청서,
,483,대구광역시 뉴스룸,HOME > 시정사진 > 경제산업,국제로봇올림피아드(2022 대구화보 P.85),-,2022-03-08 00:00:00,0,1,0,제4유형,제3유형,대구화보과업이행요청서,
,484,대구광역시 뉴스룸,HOME > 시정사진 > 경제산업,국제로봇올림피아드(2022 대구화보 P.85),-,2022-03-08 00:00:00,0,1,0,제4유형,제3유형,대구화보과업이행요청서,
,485,대구광역시 뉴스룸,HOME > 시정사진 > 경제산업,FXCO(2022 대구화보 P.86),-,2022-03-08 00:00:00,0,1,0,제4유형,제3유형,대구화보과업이행요청서,
,486,대구광역시 뉴스룸,HOME > 시정사진 > 경제산업,FXCO(2022 대구화보 P.86),-,2022-03-08 00:00:00,0,1,0,제4유형,제3유형,대구화보과업이행요청서,
,487,대구광역시 뉴스룸,HOME > 시정사진 > 경제산업,대구국제로봇산업전(2023 대구화보 P.5),-,2023-04-14 00:00:00,0,1,0,제4유형,제1유형,대구화보과업이행요청서,
,488,대구광역시 뉴스룸,HOME > 시정사진 > 경제산업,세계가스총회(2023 대구화보 P.74),-,2023-04-14 00:00:00,0,1,0,제4유형,제1유형,대구화보과업이행요청서,
,489,대구광역시 뉴스룸,HOME > 시정사진 > 경제산업,엑스코(2023 대구화보 P.76),-,2023-04-14 00:00:00,0,1,0,제4유형,제1유형,대구화보과업이행요청서,
,490,대구광역시 뉴스룸,HOME > 시정사진 > 경제산업,세계가스총회1(2023 대구화보 P.78),-,2023-04-14 00:00:00,0,1,0,제4유형,제1유형,대구화보과업이행요청서,
,491,대구광역시 뉴스룸,HOME > 시정사진 > 경제산업,세계가스총회2(2023 대구화보 P.79),-,2023-04-14 00:00:00,0,1,0,제4유형,제1유형,대구화보과업이행요청서,
,492,대구광역시 뉴스룸,HOME > 시정사진 > 경제산업,세계가스총회3(2023 대구화보 P.79),-,2023-04-14 00:00:00,0,1,0,제4유형,제1유형,대구화보과업이행요청서,
,493,대구광역시 뉴스룸,HOME > 시정사진 > 경제산업,대구국제모빌리티엑스포1(2023 대구화보 P.80),-,2023-04-14 00:00:00,0,1,0,제4유형,제1유형,대구화보과업이행요청서,
,494,대구광역시 뉴스룸,HOME > 시정사진 > 경제산업,대구국제모빌리티엑스포2(2023 대구화보 P.81),-,2023-04-14 00:00:00,0,1,0,제4유형,제1유형,대구화보과업이행요청서,
,495,대구광역시 뉴스룸,HOME > 시정사진 > 경제산업,대구국제모빌리티엑스포3(2023 대구화보 P.81),-,2023-04-14 00:00:00,0,1,0,제4유형,제1유형,대구화보과업이행요청서,
,496,대구광역시 뉴스룸,HOME > 시정사진 > 경제산업,대구국제모빌리티엑스포4(2023 대구화보 P.81),-,2023-04-14 00:00:00,0,1,0,제4유형,제1유형,대구화보과업이행요청서,
,497,대구광역시 뉴스룸,HOME > 시정사진 > 경제산업,대구국제모빌리티엑스포5(2023 대구화보 P.81),-,2023-04-14 00:00:00,0,1,0,제4유형,제1유형,대구화보과업이행요청서,
,498,대구광역시 뉴스룸,HOME > 시정사진 > 경제산업,대구국제기계산업대전1(2023 대구화보 P.82),-,2023-04-14 00:00:00,0,1,0,제4유형,제1유형,대구화보과업이행요청서,
,499,대구광역시 뉴스룸,HOME > 시정사진 > 경제산업,대구국제기계산업대전2(2023 대구화보 P.83),-,2023-04-14 00:00:00,0,1,0,제4유형,제1유형,대구화보과업이행요청서,
,500,대구광역시 뉴스룸,HOME > 시정사진 > 경제산업,대구국제기계산업대전3(2023 대구화보 P.83),-,2023-04-14 00:00:00,0,1,0,제4유형,제1유형,대구화보과업이행요청서,
,501,대구광역시 뉴스룸,HOME > 시정사진 > 경제산업,대한민국ICT융합엑스포1(2023 대구화보 P.84),-,2023-04-14 00:00:00,0,1,0,제4유형,제1유형,대구화보과업이행요청서,
,502,대구광역시 뉴스룸,HOME > 시정사진 > 경제산업,대한민국ICT융합엑스포2(2023 대구화보 P.84),-,2023-04-14 00:00:00,0,1,0,제4유형,제1유형,대구화보과업이행요청서,
,503,대구광역시 뉴스룸,HOME > 시정사진 > 경제산업,전국 최초 셀프 수소충전소(2023 대구화보 P.85),-,2023-04-14 00:00:00,0,1,0,제4유형,제1유형,대구화보과업이행요청서,
,504,대구광역시 뉴스룸,HOME > 시정사진 > 경제산업,시그래프아시아1(2023 대구화보 P.86),-,2023-04-14 00:00:00,0,1,0,제4유형,제1유형,대구화보과업이행요청서,
,505,대구광역시 뉴스룸,HOME > 시정사진 > 경제산업,시그래프아시아2(2023 대구화보 P.87),-,2023-04-14 00:00:00,0,1,0,제4유형,제1유형,대구화보과업이행요청서,
,506,대구트립로드,HOME > 관광명소 > 관광명소 검색 > 관광명소 추천검색 > 전체,노사평화의 전당,"2021. 11월 개관한 노사평화의 전당은 ‘노동을 알기 쉽게, 노사관계를 올바르게’ 노사문화의패러다임 전환을 통한 노사상생 발전 및 기업 경쟁력 강화를 위해 건립되어, 우리나라 노동과산업의 역사에 대해 배울 수 있고 노동에 관한 다양한 콘텐츠를 직접 체험할 수 있는 새로운 학습과 문화의 공간",-,0,1,0,미부착,개방불가,없음,
,507,대구트립로드,HOME > 관광명소 > 관광명소 검색 > 관광명소 추천검색 > 전체,염불암 계곡,팔공산에서 가장 높은 곳에 위치한 암자인 염불암 주변에 있는 수려한 경관의 계곡,-,0,1,0,미부착,개방불가,없음,
,508,대구트립로드,HOME > 관광명소 > 관광명소 검색 > 관광명소 추천검색 > 전체,일연테마로드,"삼국유사의 집필지 인각사 일원의 다양한 볼거리와 일연스님의 효심을 테마로 구성한 길이다. 학소대의 병풍처럼 펼쳐진 자연 암벽과 일연스님의 삼국 이야기가 새겨진 아름다운 일연공원, 힐링 공간의 군위댐 등과 함께 일연스님의 관련 자원을 바탕으로 일연의 일생을 입체적으로 경험할 수 있다.",-,0,1,0,미부착,개방불가,없음,
,509,대구트립로드,HOME > 관광명소 > 관광명소 검색 > 관광명소 추천검색 > 전체,원효구도의 길,"팔공산의 새로운 만남, 깜찍한 도전, 펼쳐진 팔공산 대구 경북의 명산인 팔공산 오도암 일원에 원효 구도의 길이 열렸다. 원효 구도의 길은 총 2㎞이며 주차장~오도암~하늘정원 구간에 조성됐다. 주차장을 나와 바로 이어지는 소나무 숲길은 산새들이 들려주는 노래와 함께 몸과 맘이 정화되는 팔공산의 아름다운 숲길이다. 한참을 오르면 오도암을 지나 곧 이어지는 참나무 숲 그늘의 가파른 계단을 만난다. 가파른 계단 끝자락엔 청운대와 백운대 사이 누구나 도전할 만한 오름길이 나오고 그 길을 따라 정상 부위에 다다르면 사방이 훤히 보이는 하늘정원에 도착한다. 오도암, 원효굴, 좌선대 등은 김유신 장군이 삼국통일을 염원하며 기도하였고, 원효 스님이 득도한 곳으로 유명하다.",-,0,1,0,미부착,개방불가,없음,
,510,대구트립로드,HOME > 관광명소 > 관광명소 검색 > 관광명소 추천검색 > 전체,석산리 산촌생태마을,"바람마저도 약이 된다는 깨끗한 산촌마을 “석산리 약바람 산촌생태마을” 석산마을은 숲이 아름다운 전형적인 산촌마을이다. 주변에는 아미산과 인각사, 신비의 소나무와 장곡휴양림, 산림생태체험관 등이 있다. 3대를 이어온 전통한약방인 선산한약방에서는 깨끗한 환경에서 자란 산약초들의 이름알기, 약재썰기, 약봉지 싸기등 전통한약방체험을 할 수 있다. 또한 석산한약방과 연계한 산약초와 약바람방 체험이 있으며, 놀이동산에서나 볼 수 있는 모노레일을 타고 석산리 마을 주변의 숲과 은광산 체험을 할 수 있는 숲속 모노레일 타기, 폐광체험, 두충나무 한방산림욕 등을 즐길 수 있다. 계절별로 다양한 농산물 수확체험과 산약초방, 별자리방 등의 특별한 잠자리를 체험할 수 있으며 사계절 변화하는 아름다운 자연의 색다른 모습들을 느껴볼 수 있다. 산골마을의 소박하고 따뜻한 인심을 덤으로 마음 가득 담아 갈 수 있는 석산리 약바람 산촌생태마을에서 지쳐있는 심신을 달래고 가족과 함께, 연인과 함께 즐거운 추억을 만들어 봄이 어떠한가.",-,0,1,0,미부착,개방불가,없음,
,511,대구트립로드,HOME > 관광명소 > 관광명소 검색 > 관광명소 추천검색 > 전체,경북대학교 자연사박물관,"폐교를 활용하여 만든 아담한 박물관. 폐교를 활용하여 만든 아담한 박물관으로 조류, 파충류, 곤충 등 다양한 동물의 박제와 표본은 물론 공룡 발자국과 각종 화석과 암석 등을 고루 전시하고 있다. 지질암석해양관, 공룡화석관, 야생동물관, 생명자연관, 곤충관, 멸종관, 특별전시관, 체험영상실 등을 통해 자연과학과 문화를 체험할 수 있다.",-,0,1,0,미부착,개방불가,없음,
,512,대구트립로드,HOME > 관광명소 > 관광명소 검색 > 관광명소 추천검색 > 전체,사라온이야기마을,"조선시대 조상들의 삶을 관람하고 체험 사라온이야기마을은 군위군 군위읍(구 청사, 관사) 일원 7,948㎡에 조성한 테마공원으로써 테마별로 적라촌, 적라청, 적라골로 나누어 구성되어 있으며, 조선시대 생활양식을 통해 선조들이 살아온 역사를 느끼고 체험할 수 있도록 조성하였다. 역사와 문화관광, 전통놀이 및 다양한 문화체험을 할 수 있는 놀이공간으로 군위관광의 새로운 볼거리 제공와 조선시대 조상들의 삶을 관람하고 체험하도록 조성된 국민들의 문화향유 공간이다.",-,0,1,0,미부착,개방불가,없음,
,513,대구트립로드,HOME > 관광명소 > 관광명소 검색 > 관광명소 추천검색 > 전체,추억의학교 엄마아빠어렸을적에(화본마을),"1960, 70년대의 생활상을 체험할 수 있는 추억의 학교 화본역 인근에는 폐교된 옛 산성중학교를 리모델링하여 1960, 70년대의 생활상 등을 체험할 수 있도록 한 추억의 학교 ‘엄마, 아빠 어렸을 적에’라는 테마 박물관이 있다. 추억의 학교에는 40~50여 년 전의 시골학교 교실을 비롯해 이발소, 사진관, 소리사, 만화방, 문방구, 구멍가게, 연탄가게 등이 그대로 재현됐다.",-,0,1,0,미부착,개방불가,없음,
,514,대구트립로드,HOME > 관광명소 > 관광명소 검색 > 관광명소 추천검색 > 전체,화본역,열차 매니아가 선정한 아름다운 간이역에 선정될 정도로 역사와 급수탑 등 예전의 모슴을 고스란히 간직하고 있는 곳으로 아담한 역사에서 보여지는 간이역 특유의 분위기가 관광객을 사로잡는다. 간이역 시비 세우기 사업의 일환으로 2006년 세워진 박해수 시인의 시비가 역 광장에 있으며 전국에도 몇개소 남지 않은 금수탑은 증기기관차에 물을 공급하던 옛 모습 그대로 간직하고 있어 역사를 더욱 운치 있게 만든다. 화본역 주변 담벼락에는 삼국유사를 주제로 한 벽화가 그려져 있어 단순한 볼거리를 뛰어넘어 교육적인 효과를 함께 제공하여 새로운 관광명소로 각광받고 있다.,-,0,1,0,미부착,개방불가,없음,
,515,대구트립로드,HOME > 관광명소 > 관광명소 검색 > 관광명소 추천검색 > 전체,김수환 추기경 사랑과 나눔 공원,"우리나라 최초의 추기경이었으며 종교와 관계없이 많은 사람들에게 존경받는 이 시대의 표상이었던 김수환 추기경의 사랑과 나눔 정신의 계승‧확산을 위한 정신문화 공간으로, 방문객 및 수련객에게 정신적 휴양의 기회를 제공한다. 공원 내 복원되어있는 김수환 추기경의 생가는 초가삼간 옛집의 모습에 좁은 툇마루와 낮은 처마가 정감을 더해준다. 마을이 내려다보이는 이곳에서 추기경의 삶과 사랑과 봉사의 정신을 회고해 보는 것도 의미 있는 추억여행이 될 것이다.",-,0,1,0,미부착,개방불가,없음,
,516,대구트립로드,HOME > 관광명소 > 관광명소 검색 > 관광명소 추천검색 > 전체,리틀포레스트 촬영지,"고요한 음악처럼 마음을 평안하게 해주는 영화 리틀포레스트, 김태리와 류준열이 주연으로 열연하며 그림 같은 장면들을 담아낸 아름다운 배경의 촬영지다. 도시를 떠나 고향집에서 엄마의 맛을 재현한 상큼한 요리들, 어린 시절 추억을 공유한 고향 친구들과 잔잔한 이야기를 풀어나가는 아름다운 곳이다. 기와집 지붕을 살짝 감싸는 야트막한 뒷산이 더욱더 정겹고 벼 익는 드넓은 들판은 보기만 해도 마음을 풍요롭게 한다.",-,0,1,0,미부착,개방불가,없음,
,517,대구트립로드,HOME > 관광명소 > 관광명소 검색 > 관광명소 추천검색 > 전체,의흥향교,"조선 인종 때에 현유(賢儒)의 위패를 봉안, 배향하고 지방민의 교육과 교화를 위하여 창건되었다. 임진왜란 때 건물은 모두 소실되었으나 이곳 유림 손돈암(孫遯巖)이 위패를 선암산 (船巖山)으로 피난시켜 병화 를 면하였으며, 이로써 경상도에서 오직 이 향교만이 당초 그대로의 위패를 보존하고 있다. 1601년(선조 34)에 중건하고 1614년(광해군 6) 에 읍 서편으로 이건하였다가 1641년(인조 19)에 현재의 위치로 이건 하였다. 1950년 6·25사변으로 삼성재 (三省齋)·노사(奴舍) 등이 소실 되었으며, 1968년에 광풍루(光風樓)를 중수하였다. 현존하는 건물로 는 정면 3칸, 측면 3칸의 대성전, 정면 4칸, 측면 2칸의 광풍루, 4칸의 사물재(四勿齋), 신문(神門) 등이 있다. 대성전에는 5성 (五聖), 송조4현(宋朝四賢), 우리나라 18현 (十八賢)의 위패를 봉안하고 있다. 조선시대에는 국가로부터 토지와 전적·노비 등을 지급받아 교관 1명이 정원 30명의 교생을 가르쳤으나, 갑오개혁 이후 신학제 실시에 따라 교육적 기능은 없어지고 봄·가을에 석전(釋奠)을 봉행(奉行)하며 초하루·보름에 분향을 하고 있다. 이 향교의 대성전은 경상북도 유형문화재 제198호로 지정되어 있으며, 운영은 전교(典校) 1명과 장의(掌議) 수명이 담당하고 있다.",-,0,1,0,미부착,개방불가,없음,
,518,대구트립로드,HOME > 관광명소 > 관광명소 검색 > 관광명소 추천검색 > 전체,군위향교,"조선 성종 1년 (1470) 군위읍 동부리 마정산(馬井山)에 창건되었으나 임진왜란 때 소실되고 선조 40년 (1607)에 당시 영의정이었던 류성룡(柳成龍)과 이 고을 출신 학자 이오봉(李五峯)이 풍수지리를 잘 아는 승려 성지(聖智)를 보내어 새로 터를 잡아 선방산(船放山) 남쪽 기슭인 쇠똥 골(지금의 하곡리)에 이건하였으나 지금은 그 흔적을 찾아볼 수 없고, 숙종 27년 (1701)에 지금의 위치로 다시 이건하였고, 1973년에 전체적으로 보수하였다. 향교 건물들은 대성전(大成展), 명륜당(明倫堂), 광풍루(光風樓), 동재(東齋), 서재(西齋), 내삼문 등이 있다. 향교는 서울에 있는 성균관을 본떠 공자, 맹자를 위시한 중국 유학자 9명과 최치원, 정여창, 김굉필, 조광 조, 이황, 이율곡, 송시열 등 한국의 유현 18명의 위패를 모신 대성전을 중심으로 하고, 양쪽에는 제기(祭器) 및 도구를 넣어 두는 두 채의 작은 건물, 유생들이 학문을 논하고 진사 과거를 보던 명륜당, 또한 유생들이 거처하며 글공부를 하던 동재와 서재, 그리고 정문에는 광풍루라는 높은 누각을 지어 경치를 돋보이게 하고 그 아래 삼문이라 하여 세 개의 문을 만들었다.",-,0,1,0,미부착,개방불가,없음,
,519,대구트립로드,HOME > 관광명소 > 관광명소 검색 > 관광명소 추천검색 > 전체,인각사,"신라 선덕여왕 11년(642)에 의상대사에 의하여 창건되어 고려 충렬왕 10년에 왕명으로 크게 중건(重建)되고 토지를 하사하여 보각국사 일연 스님의 하안지지(下安之地)로 정하였다. 이곳에서 삼국유사를 비롯하여 불교서적 100 여권을 저술하였고, 구산문도회(九山門都會)를 두 번이나 열었다. 조선 숙종 때 다시 중수(重修)되어 숙종 25년에 당시 의흥 현감 박성한에 의하여 증축되었다. 경내에는 중국 왕희지의 유필로 집자한 보각국사 탑 및 비가 보물로, 사찰주변은 사적지 제374호로 지정되었고, 석불상과 부도가 있다. 이곳은 군위군 삼국유사면과 영천시 신령면을 남북으로 가르며 동서로 길게 뻗어 있는 해발 828m의 장엄하고 준수한 태산준령의 화산(華山)에서 서서히 완만한 능선을 이루며, 비단같이 깔리면서 위천 상류를 흐르는 개울가에 이르러 끝을 맺고 있는데 이 개울을 건너면 군위군 삼국유사면 화북리 인각마을이다. 문헌통고(文獻通考)에 의하면 인각 마을의 내력은 기린이 노닐다가 뿔이 암벽에 걸려서 떨어진 곳이라고 하며, 화산의 화려하고 기품 있고 당당한 모습이 마치 기린의 형상을 닮았으며, 인각 마을의 위치가 그 뿔의 지점에 해당되기 때문에 붙여진 이름이라 구전되고 있으나 정확한 것은 알 길이 없다.",-,0,1,0,미부착,개방불가,없음,
,520,대구트립로드,HOME > 관광명소 > 관광명소 검색 > 관광명소 추천검색 > 전체,지보사,"군위읍 소재지에서 동북쪽으로 6km쯤 가면 상곡리에 이르는데, 이 마을 앞이 마치 배를 띄운 모양과 같다 하여 선방산이라는 유명한 산이 있고, 이 산 중턱에 ‘지보사’가 있다. 이 절은 자세한 기록이 없어 정확하게 알 수는 없으나, 전하는 말에 의하면 신라 문무왕 13년(673)에 의상대사가 창건했다고 전해 내려온다. 1942년과 1972년에 다시 수리하여 오늘에 이르고 있으며, 이 사찰에는 세 가지 보물이 있다고 하여 지보사라 이름이 지어졌다고 한다. 첫째 보물은 큰 가마솥이고, 둘째 보물은 천연의 오색 흙인데 이것은 단청하는 물감으로 쓰였다고 한다. 셋째 보물은 맷돌이라고 한다. 그러나 세 가지 보물은 일제시대 일본 사람들이 민족문화말살을 위해 가져갔거나 소실되었다고 한다. 사찰 내의 삼층석탑은 보물 제682호로 지정되어 있고, 경내 건물은 대웅전, 삼성전, 요사채, 서별당 등이 있다. 처음에는 지보암으로 의성 고운사 본산에 예속되어 있었으며 조선 시대에 와서 지보사로 고쳐 부르게 되었고 허물어진 절을 백동(白東) 허선사(虛禪師)가 사찰의 전답을 정리하고 건물을 중수하여 지금은 건물이 매우 깨끗하다.",-,0,1,0,미부착,개방불가,없음,
,521,대구트립로드,HOME > 관광명소 > 관광명소 검색 > 관광명소 추천검색 > 전체,압곡사,"677년(신라 문무왕 17년)에 현 압곡사에서 서북쪽으로 5km 지점에 의상대사가 창건하였으나 장소가 협소하여 현 사찰에서 남으로 8km에 있는 아미산 봉우리에서 나무로 오리를 만들어 하늘을 향해서 던지니 현재의 압곡사에 앉아 압곡사라고 이름을 지었다. 원래 이 골짜기에는 물이 없었는데 나무오리가 앉은 뒤부터 깨끗한 물이 흘러내린다는 전설이 있다. 솜씨가 뛰어나고 작가와 연대를 알 수 없는 탱화가 있었으나 1988년에 도난당했고 소장하고 있는 선사영정들은 어떤 경로를 거쳐 압곡사에 보관되었는지는 전혀 알 수 없으며, 모두 표구되어 유리로 덮인 액자 속에 잘 보관되어 있다. 만은당대선사(晩隱堂大禪師), 만우당대선사(晩愚堂大禪師), 보광당대선사(寶光堂大禪師), 수월당대선사(水月堂大禪師), 의상조사(義湘祖師), 정허당대선사(淨虛堂大禪師), 사명당(四溟堂), 총산당대선사(聾山堂大禪師), 현암당대선사(玄庵堂大禪師)의 초상화가 있으며, 압곡사 선사영정들은 경상북도 문화재자료 제239호로 지정되어 있다.",-,0,1,0,미부착,개방불가,없음,
,522,대구트립로드,HOME > 관광명소 > 관광명소 검색 > 관광명소 추천검색 > 전체,법주사,"소보면 달산리 서북방 청화산의 동남쪽에 우뚝 솟은 봉우리에 자리 잡은 법주사는 신라 소지왕 15년에 심지왕사가 창건했으나 조선 인조원년에 소실되어 현종원년(1660)에 재건된 전통사찰이다. 법주사는 영천시에 있는 은해사의 마지막 사찰로서 지금은 경내에 보광명전과 부속건물과 산신각, 맷돌, 그리고 법당 앞에 서 있는 본존 5층 사리탑(법주사 오층석탑)이 있다. 신라 소지왕 15년(493년)에 심지왕사가 창건하여 조선 인조 원년(1623년)에 소실되고 현종 원년(1660년)에 재건하였다. 현재까지 전하고 있는 보광명전(菩光明殿)은 강희 30년 신미년(1690)에 다시 지은 것으로 300여 년의 역사를 지닌 건물이다. 법당 안에 안치되어 있는 세 자리의 아미타불상의 인자하신 모습은 물론 그 형체가 유독히 큰 모습은 다른 절에서는 흔히 볼 수 없는 일이다. 법당 뒤 벽에 걸려 있는 길이 23자 5치, 폭 15자가 넘는 괘불도(掛佛圖)는 상흔이 심하여 선명하진 못하나 쉽게 찾아볼 수 없는 소중한 불교 문화재다. 경내에는 문화재자료 27호로 지정된 오층석탑과 국내에서는 가장 큰 왕맷돌(민속자료 112호)이 있는데 암돌과 숫돌이 각각 직경 115㎝, 두께 15.5㎝의 크기고 일반 맷돌과는 달리 4개의 구멍이 있는 것이 특징으로 이 왕맷돌은 당시 사찰의 규모를 짐작게 하고 있다. 맷돌은 전통사찰인 법주사 경내에 보관되어 있고 법주사 요사채 근처에 있었던 것으로 장정 10명 이상이 겨우 운반할 수 있는 국내에서 가장 큰, 국내 유일한 네 개의 구멍을 가진 맷돌이다.",-,0,1,0,미부착,개방불가,없음,
,523,대구트립로드,HOME > 관광명소 > 관광명소 검색 > 관광명소 추천검색 > 전체,수태사,"산의 형태가 마치 배처럼 생겼다 하여 선암산이라 명명되는 산에 자리한 수태사는 신라 문무왕 원년(661)에 의상대사가 창건하였고, 고찰(古刹)은 소실되고 법당은 새로 지은 것이다. 수태사는 본래 물이 귀한 곳이므로 물이 풍족하게 나오도록 바라는 의미에서 그렇게 불렀다고도 한다. 선암산 역시 커다란 바위산으로 반석과 폭포, 그리고 동굴 등이 많고 그에 얽힌 전설도 다양하게 전하는 명산이다. 문헌 자료로서는 창건 이후 고려시대에 어떠한 역사가 있었는지를 전혀 알지 못하지만, 절 입구에 세워진 근대의 비석 3기 가운데 하나의 대좌가 9세기 석등의 하대석(下臺石)인 것으로 보아서 통일신라시대 수태사의 존속을 알 수 있다. 또한 지금 원통전 옆에 있는 오층석탑이 10세기 무렵에 세운 것으로 보이므로 이를 통하여 당시 수태사의 사세를 조금은 짐작해 볼 수 있다. 두 개의 폭포가 산수의 조화를 이루며 호랑이 굴, 손 장군 피난 굴, 가마솥안과 같이 생긴 반석 등이 있다.",-,0,1,0,미부착,개방불가,없음,
,524,대구트립로드,HOME > 관광명소 > 관광명소 검색 > 관광명소 추천검색 > 전체,군위 삼존석굴,"신라 소지왕 15년(493)에 극달화상이 창건했으며 석굴은 지상에서 20m 높이에 위치하고 굴 입구 높이는 4.25m, 굴 속 길이는 4.3m, 바닥은 평면이고, 네모 반듯한 형상으로 천장은 한가운데가 제일 높고 사방 주위는 차차 낮아지는 하늘 형상이다. 석굴 내에는 본존불인 아미타불과 좌우로 대세지보살, 관음보살이 있고 본존불의 결가부좌한 모습과 깎은 머리, 얼굴 모습은 풍만하며 거대하고 엄숙한 기품이 있다. 당초에 석굴 앞에 절이 있었으나 폐허가 되고 당시의 주춧돌만 남아 있어, 사찰 복원사업으로 1989년부터 선방, 산신각, 종무소, 법당, 소하천 등을 증개축 하였으며, 주위의 경관이 수려하여 관광지로도 유명하다. 고구려에서 전해진 신라불교가 팔공산 자락에서 꽃 피워지고 신라왕도(王都) 경주로 전해져 결실을 맺었다. 팔공산 비로봉에서 뻗어 내려온 산줄기는 이곳에서 거대한 바위산 절벽을 이루었고, 이 절벽 허리 20m 높이에 남으로 향한 둥근 천연동굴에 삼존불상을 봉안하였으니 삼존석굴이라 한다. 신라의 불교 공인(법흥왕)전 핍박받던 시대에, 숨어서 오로지 불심(佛心)으로만 수도하던 곳으로써, 8세기 중엽 건립된 경주 토함산 석굴암 조성의 모태가 되었다.",-,0,1,0,미부착,개방불가,없음,
,525,대구트립로드,HOME > 관광명소 > 관광명소 검색 > 관광명소 추천검색 > 전체,아미산,"아미산은 기암괴석이 많아 마치 촉대 같이 생겼으며 험악하면서도 수련한 산이다. 산허리에 박힌 기암괴석 사이로 오르면 바위에 동굴이 남북으로 뚫려 있다. 바위의 북쪽 아래로는 잡목들로 빽빽한 숲을 이루고 있는데 봄에는 꽃동산을 이루고 여름에는 돌 밑의 얼음이 시원하며 가을에는 울긋불긋 물들어 계절마다 나름대로 절경을 이루는 곳이다. 정상에 오르면 천하를 얻은 영웅처럼 느껴지기도 하는 신비로운 산이다. ""야호”라고 소리 지르면 금방이라도 기분이 상쾌해질 듯하다. 주변 관광지로는 화북리 일대에 인각사를 비롯해 그 앞으로 흐르는 위천 상류 개울을 사이로 맞은 편의 푸른 바위가 펼쳐진 학소대와 병암이 있다.",-,0,1,0,미부착,개방불가,없음,
,526,대구트립로드,HOME > 관광명소 > 관광명소 검색 > 관광명소 추천검색 > 전체,동산계곡,"군위의 동산계곡은 남쪽 끝에 솟은 팔공산의 원시림과 4km에 걸쳐 흐르는 맑은 물이 어우러진 계곡이다. 울창한 숲과 맑고 깨끗한 물, 그리고 곳곳에 작은 폭포들이 시원하고 상쾌한 소리를 만들어낸다. 예로부터 물의 양이 많다고 해서 ‘멱바우’라고 불리고 있으며 크고 작은 여러 개의 폭포가 계곡 따라 이어져 있어 절경을 더하고 있다. 또한 주변에 군위삼존석굴, 팔공산 도립공원 등 둘러볼 만한 곳이 많아서 좋다. 대구에서 팔공산 한티재를 넘어 군위로 들어가는 79번 지방도로는 멋진 드라이브 코스여서 여름철이면 이 동산계곡을 찾는 사람들이 많아지고 있다.",-,0,1,0,미부착,개방불가,없음,
,527,대구트립로드,HOME > 관광명소 > 관광명소 검색 > 관광명소 추천검색 > 전체,학소대,"삼국유사면 화북리에서 석산리로 가는 길에 보면 인각사 맞은편에 바위 절벽이 있으며 그 아래로 위천이 흐르고 있는 병풍처럼 아름다운 풍경이 나타난다. 이곳이 예전에 학들이 둥지를 틀고 서식했다고 하여 학소대라는 이름이 붙여진 곳이다. 학소대 좌우로는 송림이 우거진 석산이 자리 잡고 있으며, 주변의 경관이 아름다워 예로부터 시인묵객들이 음풍영월하던 곳이라고 한다. 그 아래는 맑고 깊은 물이 흐르고 있다. 학소대 앞에는 기린을 닮았다는 화산의 뿔에 해당하는 자리에 있다고 인각이라는 이름이 붙여진 인각사가 있는데, 인각사 잔디밭에 앉아서 불경 외는 소리를 듣는다면 마음이 깨끗해지고, 인생의 모든 일이 평화롭게 될 것 같은 느낌이다.",-,0,1,0,미부착,개방불가,없음,
,528,대구트립로드,HOME > 관광명소 > 관광명소 검색 > 관광명소 추천검색 > 전체,대율리 송림,"대구에서 팔공산 방향으로 한티재에서 약 10분 정도 가면 대율리 전통 마을이 있다. 송림은 예로부터 대율리에서 빼놓을 수 없는 중요한 곳으로 동제를 드리는 솟대가 있는 신성한 곳임과 동시에 누구나 와서 휴식을 즐길 수 있는 자연 휴양지라 할 수 있다. 그리고 홍천뢰 장군 추모비와 홍영섭 효자비는 애국과 효를 배울 수 있는 좋은 학습장이 되며, 대율초등학교 건너편의 송림의 넓고 푸른 잔디와 그 옆을 흐르는 팔공산 물은 가족들의 피서나 소풍 장소로 제격인 조건을 고루 갖추고 있어 수련장, 학습장, 단체 야유회로도 많이 활용하고 있다. 주변 관광지로는 삼존석굴(제2석굴암), 팔공산 도립공원, 동산계곡, 대율리 전통마을 등이 있다.",-,0,1,0,미부착,개방불가,없음,
,529,대구트립로드,HOME > 관광명소 > 관광명소 검색 > 관광명소 추천검색 > 전체,군조 왜가리 서식지,"대구에서 안동 간 5번 국도의 효령면 소재지에서 부계 방향으로 2km 지점의 금매리 앞산에 위치한 이곳은 군위의 군조인 왜가리가 이곳에서 약 100년 전부터 매년 2월 중순경에서 8월 말까지 집단으로 서식해온 곳이다. 흰색 왜가리가 2/3, 회색 왜가리가 1/3 분포하는데 회색 왜가리가 흰색 왜가리보다 1개월 빨리 왔다가 먼저 떠나며 황새과에 속하는 새로서 온몸이 희고 어깻죽지와 날개깃이 검으며 풍요를 상징하는 길조이다. 마을 앞산에 100여 마리 정도 무리 지어 앉아있으면 3일 이내에 비가 온다는 이야기도 전해진다. 주변에는 장군당, 간동 유원지, 충렬사가 있다.",-,0,1,0,미부착,개방불가,없음,
,530,대구트립로드,HOME > 관광명소 > 관광명소 검색 > 관광명소 추천검색 > 전체,한밤마을,천 년을 이어온 전통마을의 정겨움이 있는 돌담마을 부계면 대율리에는 집집마다 야트막한 돌담들이 두런두런 옛이야기를 나누듯 정겨운 모습으로 둘러져 있는 마을이 있다. 1000년 세월에도 10리의 돌담과 고택들이 고스란히 보존되어 있고 주변의 정자와 조경들이 아늑하여 찾은 이들의 발길을 멈추게 한다. 950년경 부림 홍씨의 입향조 홍란이라는 선비가 이주해 오면서 마을 이름을 대야(大夜)라 불렀으나 이후 밤야(夜)자 대신 대율(大栗)로 고쳐 부르게 되어 대율리 한밤마을로 불리게 되었다.,-,0,1,0,미부착,개방불가,없음,
,531,대구트립로드,HOME > 관광명소 > 관광명소 검색 > 관광명소 추천검색 > 전체,군위댐,"군위다목적댐은 경북 중부지역(군위, 의성, 칠곡)의 용수공급과 낙동강 하류의 홍수피해 저감, 친환경에너지 생산을 위해 만들어진 높이 45m, 길이 390m의 친환경 녹색댐으로서, 장래 경북 중부지역(군위, 의성, 칠곡)의 발전에 원동력이 될 수 있는 용수를 3,800만m³를 확보하고 310만m의 홍수조절을 통해 집중호우로 인한 피해를 근원적으로 예방할 수 있으며, 친환경 에너지 생산이 가능한 무공해 발전을 통해 연간 3,020MWh의 전기를 생산하여 1,667톤의 이산화탄소 절감 효과도 거둘 수 있게 되었다. 또, 군위다목적댐 건설과 더불어 새롭게 조성된 댐 하류 일연공원과 생태습지 등은 관광 명소가 되고 있다.",-,0,1,0,미부착,개방불가,없음,
,532,대구트립로드,HOME > 관광명소 > 관광명소 검색 > 관광명소 추천검색 > 전체,팔공산 하늘정원,"한반도의 척추 태백산맥이 남으로 뻗어 낙동강과 금호강이 만나는 곳에 우뚝 솟아 병풍처럼 둘러쳐진 팔공산을 사람들은 옛날부터 우리나라의 8대 명산영악(名山靈岳)으로 손꼽아 왔다. 특히 팔공산의 산세가 삼존불의 형상이라 하여 영산(靈山)이라 믿었다. 기묘한 형상의 화강암이 웅장한 산세를 이룬 정상부와 기암과 어우러진 울창한 숲과 골짜기에는 천년 고찰과 암자, 불교 문화재들이 산재해 있고 아름다운 마을들과 유적들을 품고 있어 명성을 더하고 있다. 공산이라 불리던 팔공산은 후백제의 견훤에게 패한 왕건을 구하고 전사한 8명의 장수를 기념하여 팔공산이라 부르게 되었다고 전하며, 매년 정상에 있는 제천단에서 기원제를 지내고 있다. 단풍이 절정을 이루는 가을에는 순환도로를 따라 단풍길 드라이브를 즐기는 이들이 넘쳐나며, 다양한 등산로를 따라 사계절 산행을 즐기기도 한다.",-,0,1,0,미부착,개방불가,없음,
,533,대구트립로드,HOME > 관광명소 > 관광명소 검색 > 관광명소 추천검색 > 전체,일연공원,"군위댐 하류에 조성된 일연공원은 최근 조성된 일연 폭포가 바위 절벽에서 흘러내려 장관을 이루며 물환경 놀이터, 생태연못과 수변 산책길, 다목적구장 등 다양한 시설을 갖추고 있어 운동, 나들이 장소로 각광받고 있다.",-,0,1,0,미부착,개방불가,없음,
,534,대구트립로드,HOME > 관광명소 > 관광명소 검색 > 관광명소 추천검색 > 전체,위천수변테마공원,"군을 가로지르는 맑은 위천변에 33만2천부지를 조성해 대단위 테마카프를 조성했다. 주변에 아름다운 산들과 위천의 풍부한 물이 어우러진 테마파크는 사랑을 상징하는 하트교(현수교193m)와 생태식물원, 물놀이 시설, 숲길탐방로, 산림휴양원, 야영장 등 다양한 시설을 갖추고 있어 사계절 관광·휴양·스포츠를 즐길 수 있다.",-,0,1,0,미부착,개방불가,없음,
,535,대구트립로드,HOME > 관광명소 > 관광명소 검색 > 관광명소 추천검색 > 전체,어슬렁대추정원,"군위군은 대추생산량이 연간 1,600톤으로 경산, 보은 다음으로 전국에서 세 번째로 많은 생산량을 자랑하고 있다. 연 매출액도 110억원에 달한다. 군위군 대추생산량의 대부분이 의흥면에서 생산되고 있는데 특히 의흥에서 생산되는 왕대추는 전국에서도 알아주는 품종으로 꼽히고 있다. 어슬렁대추정원은 전국에서 처음으로 대추를 형상화한 공원으로 2017년 완공했다.",-,0,1,0,미부착,개방불가,없음,
,536,대구트립로드,HOME > 관광명소 > 관광명소 검색 > 관광명소 추천검색 > 전체,삼국유사테마파크,"부지 722,263(건축 연면적 18,167)에 한국의 대표 역사서인 삼국유사 (三國遺事)속 콘텐츠를 시각화한 다양한 전시·조형물과 교육·체험 프로그램들을 통해 어린이 어른 등 세대의 관람객에게 우리 민족의 정체성을 확립시키면서 사계절 볼거리와 즐길 거리를 동시에 제공해 주는 문화와 관광이 한데 어우러진 복합문화공간이다.",-,0,1,0,미부착,개방불가,없음,
,537,대구트립로드,HOME > 관광명소 > 관광명소 검색 > 관광명소 추천검색 > 전체,장곡자연휴양림,"팔공산 순환로를 따라 군위삼존석굴, 인각사, 휴양림으로 이어져 역사, 문화, 자연을 함께 체험할 수 있는 휴양지이다. 숲속의 집, 산막, 산림문화휴양관, 자연 생태체험 학습관, 족구장, 어린이 물놀이장 등의 시설을 갖추고 있어 삼림욕뿐 아니라 생태체험도 가능하다.",-,0,1,0,미부착,개방불가,없음,
,538,대구트립로드,HOME > 관광명소 > 관광명소 검색 > 관광명소 추천검색 > 전체,화산마을(화산산성),"해발 800m의 산정상에 고랭지 채소를 주산물로 살아가는 마을이다. 마을 아래쪽에는 화산산성이 있는데 조선 숙종 35년(1709)에 병마절도사 윤숙이 왜적의 침입을 막기 위하여 지은 산성으로 흥예문에서 수구문에 이르는 거리 200m, 높이 4m의 성벽을 구축하던 중 심한 흉년으로 산성을 완공을 하지 못한 채 남아있다. 마을에서 내려다보이는 주변 경관과 일출, 일몰이 장관이다.",-,0,1,0,미부착,개방불가,없음,
,539,대구트립로드,HOME > 관광명소 > 관광명소 검색 > 관광명소 추천검색 > 전체,이천동 고미술거리,"남구 수도산 자락에서 전통사찰 서봉사와 99계단 벽화마을을 지나면 이천동 고미술거리를 만나게 된다. 서울의 인사동 거리처럼 고미술거리에는 문화재매매업소가 모여 있어 선인들이 사용하던 민속품, 고가구 등 구경하는 재미가 쏠쏠하다. 고미술거리 외 이천동에는 적산가옥, 한옥카페, 이인성 벽화거리 등 골목 곳곳에 심겨진 문화를 더듬어 볼 수 있다.",-,0,1,0,미부착,개방불가,없음,
,540,대구트립로드,HOME > 관광명소 > 관광명소 검색 > 관광명소 추천검색 > 전체,대명공연거리,"남구에는 대명공연거리, 대덕문화전당, 남구청소년창작센터, 대구음악창작소 등 문화·예술 활동을 향유할 수 있는 곳들이 많다. 90년대 대구대학교, 계명대학교 캠퍼스 이전으로 명덕역 일대는 저렴한 임대료 기반 소극장, 인디공간, 예술레슨실, 음향장비상가가 자리 잡았고 지방 유일의 소극장 집적거리인 대명공연거리가 형성되었다. 소극장 연극공연, 유명 외부작품 초청 공연, 뮤지컬·무용·댄스 등 다양한 장르의 공연이 가득한 공연예술의 메카 대명공연거리에서 문화·예술의 즐거움을 발견할 수 있다.",-,0,1,0,미부착,개방불가,없음,
,541,대구트립로드,HOME > 관광명소 > 관광명소 검색 > 관광명소 추천검색 > 전체,고산골 공룡공원,"주말이면 어린이 동반 가족 방문객들이 즐겨 찾는 곳, 바로 고산골공룡공원이다. 화산폭발로 만들어진 앞산답게 앞산 구석구석 중생대 백악기의 흔적을 찾아볼 수 있는데 그 중 하나가 공룡발자국이다. 고산골공룡공원에서는 실제 크기의 움직이는 공룡 조형물, 화석 발굴 모래놀이 시설과 더불어 공룡해설사를 통해 공룡에 대해 배우고 체험할 수 있으며 메타세쿼이아, 은행나무, 고사리 등 중생대부터 살아온 식물들도 볼 수 있어 어린이들의 자연생태학습장과 가족 단위 나들이명소로 각광받고 있다..",-,0,1,0,미부착,개방불가,없음,
,542,대구트립로드,HOME > 관광명소 > 관광명소 검색 > 관광명소 추천검색 > 전체,앞산해넘이 전망대,일몰과 함께 대구의 경관을 한눈에 담을 수 있는 앞산해넘이전망대는 대구의 새로운 관광 랜드마크로 남구 앞산 빨래터 공원에 위치한다. 13m의 타워와 243m의 경사로로 구성되어 있는 앞산해넘이전망대는 앞산 빨래터 공원의 역사와 상징을 담아 전망대 디자인은 빨래 짜는 모습을 형상화 하였다. 전망대에 이르는 경사로가 완만하여 앞산의 전경과 주변경관을 볼 수 있어 여유롭게 산책하기 좋다.,-,0,1,0,미부착,개방불가,없음,
,543,대구트립로드,HOME > 관광명소 > 관광명소 검색 > 관광명소 추천검색 > 전체,앞산 맛둘레길,앞산맛둘레길은 1950년 앞산공원이 개발되면서 등산객들을 상대로 하는 식당들이 생기기 시작하면서 지금은 현충삼거리에서 앞산빨래터공원까지 1.5km 남짓한 길을 따라 크고 작은 음식점들이 맛둘레길을 이루게 되었다. 30~40년 넘게 대대로 물려 내려오는 맛집부터 트렌디한 레스토랑까지 앞산맛둘레길에서는 앞산 경관과 함께 맛과 여유를 즐길 수 있다.,-,0,1,0,미부착,개방불가,없음,
,544,대구트립로드,HOME > 관광명소 > 관광명소 검색 > 관광명소 추천검색 > 전체,안지랑 곱창골목,"대구에 오면 꼭 먹어야하는 음식으로 곱창을 손꼽는다. 타지에서 더 유명한 맛골목 안지랑곱창골목은 1979년경 안지랑시장 충북식당을 시작으로 현재 50여 곳의 곱창집들이 영업하고 있다. 저렴한 가격에 서민들이 부담 없이 즐길 수 있는 대표 음식골목이자 5대 음식테마거리, 한국관광 100선에 선정되는 등 전국은 물론 해외 관광객들도 찾는 대구 대표 관광명소로 자리 잡았다.",-,0,1,0,미부착,개방불가,없음,
,545,대구트립로드,HOME > 관광명소 > 관광명소 검색 > 관광명소 추천검색 > 전체,옹기종기행복마을,"기찻길 옆 작은 마을 전체가 추억을 되새기게 하는 벽화로 꾸며져 있어 감성 여행지로 제격, 즐길거리 : 기차길옆골목카페(커피+건강음료) 떡만들기, 앙금플라워케익, 비즈공예 민화그리기, 야생화 그리기 등 - 예약필수: 문의 010 - 5180 - 5679",-,0,1,0,미부착,개방불가,없음,
,546,대구트립로드,HOME > 관광명소 > 관광명소 검색 > 관광명소 추천검색 > 전체,와룡산 상리봉 전망대,"산의 모습이 마치 용이 누운 형국과 같다고 하여 붙여진 이름이 '와룡산'이다.와룡산은 해발 299.6m로 도심과 가깝고 산세가 완만하여 찾는 이가 많은 산으로,계성고 우측 등산로로 걷다보면 자연생태체험숲을 지나 상리봉 정상에 다다르게 된다.상리봉 정상에는 대구 전경과 금호강을 한 눈에 담을 수 있는 전망대가 조성되어 있는데탁월한 전경으로 매년 1월 1일마다 해맞이 행사를 개최하는 곳이기도 하다.계성고~상리봉 왕복 코스는 총 2.4km로 30~40분이 소요된다.",-,0,1,0,미부착,개방불가,없음,
,547,대구트립로드,HOME > 관광명소 > 관광명소 검색 > 관광명소 추천검색 > 전체,문화예술거리 이태원길,<이태원길>은 지역 출신의 천재소설가 이태원의 이름을 담은 문화예술거리로 이태원 작가를 중심으로 한 문화콘텐츠와 공공미술로 거리를 꾸미고 있다. 지역주민과 지역예술가들이 함께하는 다양한 문화행사와 주민참여프로그램을 통해 문학과 문화가 깃든 문화예술거리로 자리매김하고 있다.,-,0,1,0,미부착,개방불가,없음,
,548,대구트립로드,HOME > 관광명소 > 관광명소 검색 > 관광명소 추천검색 > 전체,대구약령시 한방의료체험타운,"한방의료체험타운은 우리나라 한방을 대표하는 대구약령시의 활성화와 한의학의 우수성을 널리 알리고자 설립되었습니다. 다양하고 특성화된 체험 프로그램을 통해 유아부터 성인까지 한의학을 손쉽게 접할 수 있는 기회를 제공하여 한방대중화에 중추적인 역할을 담당할 것입니다. 4층, 5층, 6층은 각종 한방체험을 할 수 있고, 1층 2층 3층 7층은 청년몰로 카페, 식당가, 소매점 등이 조성되어 있습니다.",-,0,1,0,미부착,개방불가,없음,
,549,대구트립로드,HOME > 관광명소 > 관광명소 검색 > 관광명소 추천검색 > 전체,동성로 스파크,"대구 대표 랜드마크, 스파크랜드를 복합 쇼핑몰 동성로 스파크에서 만나보실 수 있습니다.도심 속 옥상(레드존)에서 즐기는 10기종의 놀이기구와 실내(블루존)에서 즐기는 체험형 놀이기구 22기종을 즐겨보세요~",-,0,1,0,미부착,개방불가,없음,
,550,대구트립로드,HOME > 관광명소 > 관광명소 검색 > 관광명소 추천검색 > 전체,대구방짜유기박물관,"방짜유기에 쉽고 재미나게 다가가는 방법? 전국 유일의 방짜유기 박물관, 대구올레 팔공산 1코스에 있어 걷기 여행을 겸할 수 있다? 유기문화실, 기증실, 재현실, 체험장 등을 통해 우리 고유 문화유산인 방짜유기와 제작 기술을 전승, 보존, 계승한다? 우리나라 대표 방짜유기장인 이봉주 장인이 제작, 수집한 귀한 방짜유기를 감상할 수 있다 ",-,0,1,0,미부착,개방불가,없음,
,551,대구트립로드,HOME > 관광명소 > 관광명소 검색 > 관광명소 추천검색 > 전체,한국은행 화폐 전시관,"화폐전시관은 총면적 298㎡에 「우리화폐 전시관」 과 「세계화폐 전시관」으로 구성되어 있으며, 고대로부터 현대까지 세계 65개국 총 1,800여점의 화폐 및 관련물품이 전시되고 있다.",-,0,1,0,미부착,개방불가,없음,
,552,대구트립로드,HOME > 관광명소 > 관광명소 검색 > 관광명소 추천검색 > 전체,한방 화장품 만들기 체험,"o 체험내용 : 내게 맞는 한방화장품을 직접 만들어 보는 체험으로 체험고객에게는 한방차, 전통다식, 화장품샘플을 드리며, 화장품 구매시 10% 할인 혜택도 있음. o 체험시간 : 1시간 /&nbsp;체험장소 : 하늘호수 (중구 공평로 3) o 체 험 비 : 별도 전화문의o 연 락 처 : 053-253-2380",-,0,1,0,미부착,개방불가,없음,
,553,대구트립로드,HOME > 관광명소 > 관광명소 검색 > 관광명소 추천검색 > 전체,대구국제사격장(사격체험),"동양 최대 규모의 사격장에서 스트레스 한 방에 날리기? 실외 클레이사격장, 실내 권총사격장과 스크린사격장, 전투체험사격장 등 다양한 사격 체험 시설을 갖췄다. 방아쇠를 당기는 순간 짜릿한 손맛이 느껴지며, 멀리 표적을 겨냥하고 날아가는 접시를 맞추면서 스트레스를 날릴 수 있다? 안전요원의 안내에 따라 초보자도 쉽게 사격을 즐길 수 있다실탄 사격은 만 14세 이상부터 가능, 신분증 지참 필수[클레이사격]일반 24,000원(25발), 11,000원(10발)청소년, 단체 20,000원(25발), 9,000원(10발)[권총]22구경 일반 13,000원, 청소년, 단체 11,000원9mm·38구경·357구경 일반 16,000원청소년, 단체 13,000원(10발)[공기소총]일반 4,000원(20발) 2,000원(10발)청소년, 단체 3,000원(20발), 1,500원(10발)",-,0,1,0,미부착,개방불가,없음,
,554,대구트립로드,HOME > 관광명소 > 관광명소 검색 > 관광명소 추천검색 > 전체,불로화훼단지,"1980년도부터 불로동 일대에서부터 형성되기 시작해서 지저동 일원과 경부고속도로 고가도로를 지나 봉무동 일원에도 현재 새롭게 형성되고 있다. 각종 란, 분재, 관엽, 그리고 생화 등을 취급하고 있으며, 시중 유통 가격보다 저렴하게 구입할 수 있어 많은 사람들이 찾는다. 불로고분군, 봉무레포츠공원 등 팔공산으로 가는 길가에 형성되어 있어 찾아가기에도 편리하다.",-,0,1,0,미부착,개방불가,없음,
,555,대구트립로드,HOME > 관광명소 > 관광명소 검색 > 관광명소 추천검색 > 전체,CGV 대구 한일,"CGV 대구한일이 옛 명성 그대로, 그 자리에 차별화된 감동과 사운드, 안락함을 함께 느낄 수 있도록 최첨단 시설을 갖춘 5개관의 전체 좌석수 832석의 복합 멀티플렉스 영화관으로 리모델링하였다.",-,0,1,0,미부착,개방불가,없음,
,556,대구트립로드,HOME > 관광명소 > 관광명소 검색 > 관광명소 추천검색 > 전체,두류야구장,"두류공원은 1965년 공원으로 결정된 이후 1977년부터 본격적으로 개발된 도시근린공원으로서 문화, 교양, 체육시설 등이 구비되어 있어 많은 시민들이 이용하는 사랑받는 공원으로 발전하고 있다. 두류 야구장은1978년 7월 15일∼81년 5월 13일 야구장 건립하고 1997년 8월∼98년 7월 야구장 정비공사를 거쳐 지금의 모습을 갖추었다.",-,0,1,0,미부착,개방불가,없음,
,557,대구트립로드,HOME > 관광명소 > 관광명소 검색 > 관광명소 추천검색 > 전체,대구스타디움,"2002년 한일월드컵 대회, 2003대구하계유니버시아드대회를 성공적으로 개최하였으며 2011년 세계육상선수권대회를 유치하였다.또한 주변의 수려한 자연환경과 깨끗한 시설로 주변시민들 뿐만 아니라 타지에서도 많은 관광객이 찾아오는 대구의 새로운 명소로 떠오르고 있다.체육시설을 개방하여 체력단련 및 휴식공간으로 활용할수 있도록 하고 있으며, 체육 및 문화예술 행사를 유치하여 시민들에게 한층 더 가까이 다가 가도록 노력하고 있다.",-,0,1,0,미부착,개방불가,없음,
,558,대구트립로드,HOME > 관광명소 > 관광명소 검색 > 관광명소 추천검색 > 전체,더블럭,동구 신서동에 위치한 종합 아울렛 매장,-,0,1,0,미부착,개방불가,없음,
,559,대구트립로드,HOME > 관광명소 > 관광명소 검색 > 관광명소 추천검색 > 전체,대구오페라하우스,"제일모직(주)이 대구 지역문화와 예술발전을 위해 대구광역시에 기증한 오페라극장으로, 오페라 공연을 중심으로 지역의 공연예술을 발전시키고, 국내 정상 수준의 공연예술과 세계 여러 지역의 공연예술을 지역민들에게 소개하는 데 목적이 있다. 내부 평면은 말발굽형이고, 청각과 시각을 동원해 보고 듣는 예술 장르에 적합도록 설계하였다. 뮤지컬·발레·무용 등의 문화공연이 모두 가능하도록 최첨단 음향시설, 조명 및 영상시설을 두루 갖추었다.",-,0,1,0,미부착,개방불가,없음,
,560,대구트립로드,HOME > 관광명소 > 관광명소 검색 > 관광명소 추천검색 > 전체,월곡역사 박물관,"대구광역시 달서구 상인동에 있는 역사박물관. 임진왜란 당시 의병을 일으켜 1등 선무원종공신에 봉해진 우배선(禹拜善, 1569~1621년)과 관계된 유물, 단양 우씨 월촌 종중 소장품, 각종 생활용품과 농기구 등을 전시하고 있다. 1층 전시실 농경시대생활관에는 우씨 문중에서 수집한 500여 점의 각종 생활용품과 농기구들이 전시되어 있고 2층 전시실은 월곡공자료실과 역대선조자료실, 장서실, 현대자료실로 구성되어 있다. 월곡공자료실에는 우배선의 유품인 &lt;화원우배선의병진군공책 및 관련자료(보물 제1334호)&gt; 등과한 선조의 교지 홍패 등 유품 400여 점이 전시되어 있다. 야외전시장에는 초가집을 세워 대장간과 부엌, 맷돌, 장독대를 만들고 여러 가지 생활용품을 진열하여 조상들의 생활상을 짐작할 수 있도록 하였다.",-,0,1,0,미부착,개방불가,없음,
,561,대구트립로드,HOME > 관광명소 > 관광명소 검색 > 관광명소 추천검색 > 전체,씨네팔공산,"수려한 자연 속에서 가족과 연인이 함께보는 영화세계로 CINE80이 안내합니다. 환상의 드라이브 코스와 동화사, 갓바위, 파계사, 부인사가 곁에 있습니다. 국내 최고의 펄 슬라이딩 스크린과 국내에서 2대 밖에 없는 독일산 키노톤 영사기, 헤드리딩이 아닌 레이져 방식의 사운드 리딩과 고성능 송출 시스템, 최고 설비의 자동차전용극장입니다.",-,0,1,0,미부착,개방불가,없음,
,562,대구트립로드,HOME > 관광명소 > 관광명소 검색 > 관광명소 추천검색 > 전체,대구실내체육관,"대구 시민 누구나 이용이 가능한 실내체육관으로 각종 실내, 실외 스포츠를 즐길 수 있다.",-,0,1,0,미부착,개방불가,없음,
,563,대구트립로드,HOME > 관광명소 > 관광명소 검색 > 관광명소 추천검색 > 전체,동화사 다도체험,대참선당에서 향기로운 차와 아름다운 전통예절을 향유하는 시간? 일반인을 대상으로 한 다도체험. 예의범절과 차분한 마음가짐을 배우는 시간? 차를 마시기 전에 차 도구를 데우고 차를 우려내는 동안 참가자의 마음은 고요하게 잦아든다. 다도체험은 모든 과정을 통해 몸과 마음을 정화하는 힐링 시간이다 ,-,0,1,0,미부착,개방불가,없음,
,564,대구트립로드,HOME > 관광명소 > 관광명소 검색 > 관광명소 추천검색 > 전체,신천,"도심을 품고 아우르는 생명의 젖줄대구 도심을 가로지르는 하천경관의 축으로서 신천(新川)은 남측 비슬산과 최정산에서 시작하여 가창 용계에 이르러서는 팔조령 부근에서 시작하는 대천과 합류하여 침산동을 거쳐 금호강에 이르는 지방하천으로 총길이 12.5㎞, 유역면적은 165.3㎢에 이른다. 신천에는 13개의 교량이 가로지르며, 산책로와 자전거도로를 따라 시민의 휴식과 운동의 기회를 제공하며, 특히 한여름 더위를 식혀주는 물놀이장과 한겨울의 운치를 더해주는 스케이트장은 어릴 적 추억을 되살려 준다. 아울러 시민의 사회공간으로서 공연장, 축제의 장 등 여러 행사가 이루어지는 장소로 자연과 인간이 어우러지는 도시형 생태하천으로 주목받고 있다.",-,0,1,0,미부착,개방불가,없음,
,565,대구트립로드,HOME > 관광명소 > 관광명소 검색 > 관광명소 추천검색 > 전체,패션쥬얼리 체험,"대구 패션주얼리 특구에서 나만의 반지 만들기? 패션주얼리전문타운은 주얼리 제조, 전시, 판매가 동시에 이루어지는 곳이다. 망치로 ‘탕탕탕’ 두드린 뒤 사포로 문지르고 불로 녹여 반지에 이니셜을 새기는 과정까지 안내자와 함께 체험할 수 있다? 은반지 외에 전통공예, 시계, 열쇠고리 등 다양한 만들기 프로그램을 진행 ",-,0,1,0,미부착,개방불가,없음,
,566,대구트립로드,HOME > 관광명소 > 관광명소 검색 > 관광명소 추천검색 > 전체,대현프리몰,"더위에도 추위에도 쾌적하게 즐기는 지하 쇼핑몰? 동성로 중심부를 관통하는 대구 최대 규모 지하 쇼핑몰? 400m가 넘는 지하상가로, 의류, 귀금속, 액세서리, 신발, 화장품, 음식 등을 판매하는 다양한 점포가 입점해 있음? 롯데영플라자, 교보문고, CGV, 2.28기념중앙공원 등과 바로 연결되는 여러 출구 이용 가능? 동성로 중심가라 대구 도심의 여러 관광명소로의 이동이 편리",-,0,1,0,미부착,개방불가,없음,
,567,대구트립로드,HOME > 관광명소 > 관광명소 검색 > 관광명소 추천검색 > 전체,귀금속거리,"1970년 교동시장을 중심으로 한 시계 매장들로부터 시작되다. 1980년에 이르러 귀금속 골목으로서 면모를 갖추기 시작해서 각종 경기대회 및 기능 대회의 수상을 수십 차례에 입상, 99년에는 무역의 날 100만불 수출탑에 선정되어 대통령상을 받기도 했다. 각종 공예품 경진대회 및 공예대전에 다수 입상대구 산업디자인전에도 입상하는 등 대외적으로 매우 활발한 활동을 벌이며, 그 명성을 인정받고 있다.",-,0,1,0,미부착,개방불가,없음,
,568,대구트립로드,HOME > 관광명소 > 관광명소 검색 > 관광명소 추천검색 > 전체,CGV 대구 수성,"수성구 동화백화점 8층에 위치하고 있으며, 4개관 전체좌석수 804석의 영화관이다.",-,0,1,0,미부착,개방불가,없음,
,569,대구트립로드,HOME > 관광명소 > 관광명소 검색 > 관광명소 추천검색 > 전체,한방미용투어,"체험내용 : 대구의 우수한 한방인프라를 활용하여 피부테스트, 한방 맛사지 케어, 한방화장품 쇼핑 등 대구만의 독특한 한방문화를 체험할 수 있음.체험시간 : 1시간~1시간 30분 체험장소 : 약령시한의약박물관 맞은편 관광기념품매장 4층 소리소체 험 비 : 35,000원(얼굴, 데콜테맛사지), 등경락추가 50,000원연 락 처 : 053-743-0095, 권경자 본부장 010-5067-3923",-,0,1,0,미부착,개방불가,없음,
,570,대구트립로드,HOME > 관광명소 > 관광명소 검색 > 관광명소 추천검색 > 전체,동화사 템플스테이 체험,"o 체험내용 : 고즈넉한 산사에 머무르며 예불, 다도, 명상 등을 통해 자신의 참 모습을 되돌아보는 나를 찾아 떠나는 여행 체험임.o 체험일정 및 체험비- 1일 : 1~2시간(1만원), 2~3시간(2만원), 3~5시간(3만원), 5~6시간(4만원)- 1박2일 : 7만원(사찰순례, 발우공양, 스님과의 차담, 참선 or 명상, 108염주꿰기등)o 체험장소 : 동화사 국제선센터(단체, 겨울 최대 200명~여름 최대 500명가능)※ 국제 선센터 개관(2013. 5월)으로 프로그램 다양화됨o 연 락 처 : 053-980-7979, 홍련화(010-8225-7445)",-,0,1,0,미부착,개방불가,없음,
,571,대구트립로드,HOME > 관광명소 > 관광명소 검색 > 관광명소 추천검색 > 전체,약령시 웰빙 체험,"체험내용 : 353년 전통의 대구약령시에서 우리 몸에 맞는 한약재와 체질별 음식궁합 등을 체크해보고 한방차 무료시음, 한복입어보기, 족욕체험 등 다양한 한방문화를 즐길 수 있음.체험시간 : 오전 10시∼12시, 오후 2시∼5시※ 10명 이상 단체의 경우 3일 전까지 홈페이지 및 전화로 사전예약을 하셔야만 체험에 참여하실 수 있습니다.체험장소 : 약령시한의약박물관(인원 제한없음)연 락 처 : 053-253-4729, 박찬조 부장(010-8543-8965)한방족욕체험- 소요시간 : 20분- 체험비 : 5,000원- 비고 : 혈액순환을 원활하게 해주는 한방족욕제 첨가한방비누만들기- 소요시간 : 20분- 체험비 : 3,000원- 비고 : 피부타입별 한약제 선택한방향첩만들기- 소요시간 : 20분- 체험비 : 5,000원- 비고 : 7가지 향기나는 약재로 만드는 한방향첩한방미스트만들기- 소요시간 : 10분- 체험비 : 5,000원- 비고 : 피부보습을 위한 미스트한방립밤만들기- 소요시간 : 10분- 체험비 : 4,000원- 비고 : 촉촉한 입술을 위한 립밤전통의녀, 의원복 입어보기- 체험비 : 무료- 비고 : 허준이와 장금이 의상 입어보기한방차 시음하기- 체험비 : 무료- 비고 : 국산 한약재로 달인 십전대보탕, 쌍화탕 등 시음 셀프건강체크 무료 혈압, 신장, 몸무게 측정하기",-,0,1,0,미부착,개방불가,없음,
,572,대구트립로드,HOME > 관광명소 > 관광명소 검색 > 관광명소 추천검색 > 전체,대구기업명품관,"“대구기업명품관”은 대구시 우수 중소기업제품을 구매할 수 있는 전용판매장이다. 지상3층 연면적 4,620㎡ 규모로 대구우수기업관과 대구시 공동브랜드인 “쉬메릭”제품, 귀금속, 도자기, 목공예품 등 다양한 제품을 판매하고 있다. 쉬메릭(CHIMERIC)은 대구의 대표적 특화품목인 섬유, 안경, 구두, 크리스탈, 공예, 보석등 지역 우수 제품 판매를 지원하기 위해 개발한 대구광역시 공동브랜드이다.",-,0,1,0,미부착,개방불가,없음,
,573,대구트립로드,HOME > 관광명소 > 관광명소 검색 > 관광명소 추천검색 > 전체,동구 공예 전시장,"동구 불로시장에 위치한 “동구공예전시장”은 불로, 봉무동 일대의 40~50여개 목공예업체 제품을 상설 전시하고 있는 공예판매장으로 다양한 목공예체험(10인 이상 단체, 사전예약시 가능)도 할 수 있는 공간이다.",-,0,1,0,미부착,개방불가,없음,
,574,대구트립로드,HOME > 관광명소 > 관광명소 검색 > 관광명소 추천검색 > 전체,벨벳 갤러리 영도다움,"우아하고 아름다운 직물인 벨벳의 모든 것? 벨벳으로 만든 의류, 홈데코, 가구, 벽지 등 벨벳의 무한 가능성을 만나는 벨벳 갤러리.? 영도다움은 1층의 벨벳 의류와 벨벳 소품, 2층의 벨벳 가구와 홈데코 제품, 드라마 촬영 의상 체험장 등 벨벳 갤러리를 통해 문화, 예술적인 아름다움을 공감하는 곳이다. ",-,0,1,0,미부착,개방불가,없음,
,575,대구트립로드,HOME > 관광명소 > 관광명소 검색 > 관광명소 추천검색 > 전체,롯데 아울렛 대구 율하점,"롯데 아울렛 대구 율하점은 대구 동구에 위치한 아울렛/대형마트/시네마 복합몰이다. 최고 브랜드, 최상의 상품을 합리적인 가격으로 제공하고 있다.",-,0,1,0,미부착,개방불가,없음,
,576,대구트립로드,HOME > 관광명소 > 관광명소 검색 > 관광명소 추천검색 > 전체,롯데몰 이시아폴리스점,"국내 최초로 선보이는 新개념 라이프 스타일 센터인 LOTTE MALL은 대구, 경북 지역의고객들이 만나보지 못한 새로운 쇼핑, 문화중심의 패밀리 Shopping 테마파크로서쇼핑몰과 함께 영화관(CGV), 키즈테마파크, Flower Garden, 고객휴게실 등 다양한 문화공간과가족이 함께 즐길 수 있는 흥미롭고 다양한 이벤트가 펼쳐지는 One-day 라이프스타일공간입니다.",-,0,1,0,미부착,개방불가,없음,
,577,대구트립로드,HOME > 관광명소 > 관광명소 검색 > 관광명소 추천검색 > 전체,섬유제품관,"전국 최대규모의 섬유제품 도소매 단지로서 원사, 침구침장, 양복지, 섬유관련 부자재 등을 전시. 판매하는 600여개의 업소가 입점하고 있다. 지상 4층, 지하 2충 규모의 대형매장에서 다양한 섬유제품을 저렴한 가격에 구입할 수 있다.",-,0,1,0,미부착,개방불가,없음,
,578,대구트립로드,HOME > 관광명소 > 관광명소 검색 > 관광명소 추천검색 > 전체,메트로센터,"대구의 중심에 위치하고 있어 대구의 명소들과 연결이 되어 있으며 엔터테이먼트 공간과 먹거리, 쇼핑공간이 한곳에 갖추어져 있다.",-,0,1,0,미부착,개방불가,없음,
,579,대구트립로드,HOME > 관광명소 > 관광명소 검색 > 관광명소 추천검색 > 전체,강정고령보 - 디아크(The ARC),"물과 자연과 문화가 오롯이 담긴 건축예술품? 강과 물, 자연을 모티브로 건축한 디아크는 예술적인 외관으로 사랑 받는다? 디아크 주변으로 조성된 수변 공간, 자전거길은 주민의 녹색쉼터로 활용? 지하 1층 전시관은 4대강문화관으로 꾸며진다. 1층과 2층은 생명의 순환을 테마로 하는 서클영상존이다. 최고의 힐링 장소는 디아크의 3층 전망대 ",-,0,1,0,미부착,개방불가,없음,
,580,대구트립로드,HOME > 관광명소 > 관광명소 검색 > 관광명소 추천검색 > 전체,대구미술관,"대구미술관(2011.5.26 개관)은 대지면적 71,202㎡ 건축면적 8,808.27㎡, 연면적 21,701.44㎡ 규모로 지하1층, 지상3층의 공간에 1~5전시실, 어미홀, 강당, 교육시설, 정보센터, 관람객을 위한 편의시설로 구성되어 있다. 대구미술관의 상징적 측면을 고려해 만들어진 어미홀(가로 15m, 세로 55m, 높이 20m)은 연1회 아티스트의 창의적인 영감을 실현하는 인큐베이팅 공간으로 활용한다. 특히 3전시장은 실내와 자연풍경과 접점을 이루는 전시장으로 고정된 곳이 아닌 율동하고, 교감하는 장소로 활용하고 있다. 대구미술관은 국내외의 근·현대미술을 소개하는 전시는 물론, 미술 강좌 등 다양한 교육프로그램 운영과 시민의 문화예술욕구에 부응하는 문화공간으로서의 역할을 담당하고 있다. ○주요시설 - 지하1층 : 프로젝트롬 - 지상1층 : 1전시실, 다목적홀, 강당, 아트샵, 사무공간 - 지상2층 : 2~5전시실 - 지상3층 : 정보센터, 휴게공간 ○부대시설 : 미술관 주변 산책로, 외부휴식공간, 구름다리 등 ○시설도",-,0,1,0,미부착,개방불가,없음,
,581,대구트립로드,HOME > 관광명소 > 관광명소 검색 > 관광명소 추천검색 > 전체,봉산문화회관,"대구광역시 중구 봉산문화회관은 주민들의 문화욕구 충족 및 정서를 함양하고 향토문화 창달과 지역예술을 발전시키며, 시ㆍ구민에게 건전한 여가선용 기회의제공과 문화예술과 관련된 평생교육기관의 목적을 가짐과 동시에 봉산문화거리와 연계된 종합문화예술회관으로의 기능을 지향합니다.최신의 음향시설인 라이브 및 시네마 가능시설 설치, 무대시설 자동이송장치 보강, 고급피아노(스타인웨이류) 비치, 소규모 연극과 아동극 등 공연이 가능한 스페이스라온의 설치 및 최근 개관한 오페라하우스 수준에 버금가는 쾌적하고 안락한 관람석 설치는 최적의 공연장 시설을 선호하는 출연자 뿐아니라 관객 또한 선호하는 회관으로서 연중 대관이 가능합니다. 시내중심가인 반월당 지하철 역세권과 봉산문화내거리에 위치하고 448석 객석의 규모로 공연장이용객들이 선호하는 적정규모의 회관으로서 관객의 접근성 용이, 대중교통 이용가능, 문화거리내에 위치하여 인지도가 높을 뿐 아니라, 오포산 재개발사업으로 인하여 주변 지역주민의 이용도가 높고 동성로와 학원가에 위치하여 청소년층의 이용률이 높을 것입니다.",-,0,1,0,미부착,개방불가,없음,
,582,대구트립로드,HOME > 관광명소 > 관광명소 검색 > 관광명소 추천검색 > 전체,대구관광정보센터 특산물전시 판매장,"대구광역시 두류공원내 대구관광정보센터 1층에 위치한 전시판매장으로써 2000년에 개장하였으며, 대구지역을 대표하는 목공예품, 도자기공예품, 한지공예품, 금속공예품, 섬유공예품 등 각종 공예품 및 관광기념품과 대구시 공동브랜드 쉬메릭 제품을 구입할 수 있습니다.",-,0,1,0,미부착,개방불가,없음,
,583,대구트립로드,HOME > 관광명소 > 관광명소 검색 > 관광명소 추천검색 > 전체,곽재우 장군 묘소,"곽재우 장군의 자는 계수 호는 망우당이다. 조선 명종 7년(1552년) 8월 경남 의령군 유곡면 세천리에서 출생하였다. 임진왜란이 일어나자 장군이 의령에서 의병을 모아 붉은 비단으로 군복을 지어입고 왜군을 물리치는데 큰 공을 세웠다. 그후 성주, 진주목사, 함경감사 등의 벼슬이 제수되었으나 사양하고, 은퇴한 후 낙동강변에다 망우정을 세워 그 곳에서 지냈다.",-,0,1,0,미부착,개방불가,없음,
,584,대구트립로드,HOME > 관광명소 > 관광명소 검색 > 관광명소 추천검색 > 전체,소재사,"소재사는 비슬산 남쪽 중턱에 자리잡고 있고 현재의 재난을 없애 주는 곳이라는 의미를 갖고 있다. 이 사찰은 신라시대에 창건되었다고 전하여 온다. 1976년에 보수하고 경내에는 대웅전, 명부전, 산령각이 있다. 대웅전은 정면 3간, 측면 3간의 단층 맞배집으로 내삼출목, 외이출목의 다포식 건축이고, 명부전은 정면 3간, 측면 2간의 단층 맞배집으로 이익공양식의 건축이다. <좀 더 알아보기> 대한불교조계종 제9교구 본사인 동화사의 말사이다. 신라 때 창건되었다고 한다. 1358년(고려 공민왕 7) 진보(眞寶)가 중창한 뒤 1457년(조선 세조 3) 활륜(活輪), 1510년(중종 5) 외암(外巖)이 각각 중건하고 1857년(철종 8)에 법로(法盧)가 중수한 바 있다. 건물로는 대웅전과 명부전·요사채 등이 있다. 이 중 대웅전은 1978년에 보수했고 명부전은 근래에 허물어져 다시 중수하였다. 유물로는 절 뒤편에 있는 달성용봉동석불입상이 유명하다. 화강암에 조각한 불상으로 약사불로 추정된다. 높이 2.8m이며, 대구광역시 유형문화재 제35호로 지정되었다. 조각 수법으로 보아 통일신라시대 작품으로 보인다. 절 근처에는 피부병에 효험이 있다는 약수가 솟아나는데, 샘의 물 표면에 금가루 같은 작은 먼지가 떠 있어 금물정[金水井]이라고 부른다. 한편 이 절이 들어선 비슬산은 산 정상의 바위 모습이 마치 신선이 거문고를 타는 형상이라고 해서 붙여진 이름이다. 신라 때에는 포산(包山)이라고 불렀으며, 예로부터 정성대왕(靜聖大王)이라는 산신이 사는 성지로 알려져 있다.",-,0,1,0,미부착,개방불가,없음,
,585,대구트립로드,HOME > 관광명소 > 관광명소 검색 > 관광명소 추천검색 > 전체,대구종합유통단지,"대구 종합 유통 단지는 국내 최초, 최대의 산업유통 프로젝트로 형성되었다. 섬유를 기본으로 철강, 전자, 자동차, 정밀기계까지 구비하고 있는 새로운 쇼핑문화공간이다.",-,0,1,0,미부착,개방불가,없음,
,586,대구트립로드,HOME > 관광명소 > 관광명소 검색 > 관광명소 추천검색 > 전체,대구그랜드호텔 면세점,"대구지역 최초 시내면세점인 그랜드호텔 면세점이 2013년 10월부터 운영되고 있다. 대구 수성구 범어동 그랜드호텔 별관 4층 건물에 1천392㎡ 규모로 들어서있다. 1~2층은 해외명품관, 3층은 해외 및 국내브랜드관으로 중국인 관광객이 선호하는 브랜드 제품을 모았으며, 4층은 케이크와 음료를 마시며 쉴 수 있는 카페테리아로 구성됐다. 화장품·가방·시계·액세서리·안경류·담배·주류·인삼류 등 다양한 품목이 판매되고 있으며, 2014년 9월 인터넷쇼핑몰도 오픈했다.",-,0,1,0,미부착,개방불가,없음,
,587,대구트립로드,HOME > 관광명소 > 관광명소 검색 > 관광명소 추천검색 > 전체,대구공항 면세점,"1983년 대구공항 면세점이 창립하였으며, 21C 패션의 메카인 대구의 국제공항을 방문하는 내외국인 관광객에게 최고의 명품과 최상의 서비스를 제공하고 있다.",-,0,1,0,미부착,개방불가,없음,
,588,대구트립로드,HOME > 관광명소 > 관광명소 검색 > 관광명소 추천검색 > 전체,오토바이골목,대구 인교동과 시장 북로 사이의 최대규모의 오토바이 판매점으로 북성로 오토바이 골목이라고도 부른다. 국산 오토바이를 비롯하여 수입 오토바이까지 취급하여 전시장을 방불케 한다.,-,0,1,0,미부착,개방불가,없음,
,589,대구트립로드,HOME > 관광명소 > 관광명소 검색 > 관광명소 추천검색 > 전체,야시골목,‘야시’처럼 예뻐지는 골목? 개성 넘치는 작은 옷 가게와 네일아트숍이 모여 있는 골목? ‘야시(경상도 사투리로 여우를 뜻함)’ 같은 젊은 여자들이 즐겨 찾는 골목이라고 해서 야시골목이라고 불림? 동성로 패션거리와도 이어져 다채로운 쇼핑을 즐기기에 안성맞춤,-,0,1,0,미부착,개방불가,없음,
,590,대구트립로드,HOME > 관광명소 > 관광명소 검색 > 관광명소 추천검색 > 전체,로데오거리,"각종 의류매장과 맛집, 술집이 늘어서 있는 젊음의 거리이다. 대구시내 중심에서 멀지 않은 거리에 있으며, 특히 밤이면 젊은 남성, 여성들로 북적 거린다. 낮에는 옷 구매를 위한 사람들이 주를 이루며, 밤이면 모임이나 술 문화를 즐기려는 젊은이들로 인산인해를 이룬다. 대구만의 젊음의 분위기를 느끼기에 좋은 장소이다.",-,0,1,0,미부착,개방불가,없음,
,591,대구트립로드,HOME > 관광명소 > 관광명소 검색 > 관광명소 추천검색 > 전체,한과만들기 체험,"o 체험내용 : 전통한과 체험장에서 대구 우수농산물(비슬산 유가찹쌀, 대구사과, 팔공산미나리, 전국최대생산지 반야월연근 등)을 활용하여 한과 만들기 체험 및 구입도 할 수 있음. (너무 달지 않고 부드러워 입에 사르르 녹는 게 특징, 웰빙간식, 혼례용, 선물용, 학교급식 등 인기)o 체험시간 : 3개분야(유과, 다식, 강정), 1개분야 1시간정도o 체험장소 : 행복한 한과(동구 팔공로 1003, 백안삼거리) 2층 - 1층 판매장, 2층 한과만들기체험장, 지하1층 공장o 체 험 비 : 1개분야 1만원 (10인이상 단체 사전예약), 1회 40~50명가능o 연 락 처 : 053-983-3336, 010-6582-1378(강명숙 사장)",-,0,1,0,미부착,개방불가,없음,
,592,대구트립로드,HOME > 관광명소 > 관광명소 검색 > 관광명소 추천검색 > 전체,벨벳 갤러리 관람 및 체험,"o 체험내용 : 50여년간 벨벳만 생산한 영도벨벳에서 운영하는 세계 최초의 벨벳 전문전시관으로, 벨벳제직과 프린팅, 염색 등을 체험하고 다양한 벨벳제품 관람 및 쇼핑을 할 수 있음.o 체험시간 : 1시간o 체험장소 : 영도다움 영도벨벳갤러리o 체 험 비 : 10,000원(벨벳포토존 사진촬영 및 벨벳프린팅 제공), 액자별도o 연 락 처 : 053-710-3700, 안미란 실장 010-3820-4343",-,0,1,0,미부착,개방불가,없음,
,593,대구트립로드,HOME > 관광명소 > 관광명소 검색 > 관광명소 추천검색 > 전체,구암서원 전통문화 체험,"o 체험내용 : 중구 동산동 (구)구암서원(조선서원, 서거정 등 인물을 배출한 달성서씨 문중서원)자리에 전통문화 체험장을 개관하여, 전통한옥숙박체험, 한복입기, 예절교육, 다도체험, 서당체험, 만들기체험, 떡메치기, 활쏘기체험 등 다양한 전통문화를 도심에서 체험할 수 있음o 체험기간 및 체험비 : 연중무휴(3월부터, 1~2월 주말휴무)- 단체 전통문화체험(단체 20명이상, 2~3시간기준) : 10,000원 한복입기, 예절교육, 다도, 서당, 떡메치기, 활쏘기체험 등- 개인및가족 체험 : 다도체험 3,000원 등, 전통놀이체험 무료- 전통한옥숙박체험 : 1방당(방5개, 2~5명), 40,000원~100,000원체험장소 : 동산동 (구)구암서원 전통문화체험장&nbsp;&nbsp;구암서원 개인체험 프로그램다도체험- 운영시간 : 10:00~17:00- 소요시간 : 20분- 가 격 : 3,000원- 비 고 : 다도,다식한복입어보기 체험- 운영시간 : 10:00~17:00- 소요시간 : 20분- 가 격 : 2,000원한복입고 다도체험- 운영시간 : 10:00~17:00- 소요시간 : 40분- 가 격 : 5,000원- 비 고 : 예절교육활쏘기체험- 운영시간 : 10:00~17:00- 소요시간 : 30분- 가 격 : 3,000원&nbsp;_x000D_
_x000D_
문의처 053-428-9980_x000D_
주소 대구광역시 중구 국채보상로 492-58_x000D_
홈페이지 http://www.dtc.or.kr_x000D_
옻골마을 전통문화 체험_x000D_
옻골마을 전통문화 체험_x000D_
o 체험내용 : 동구 둔산동 경주최씨 옻골 마을 집성촌에서 고택숙박체험, 전통문화 및 민속놀이체험 등을 한국전통마을에서 체험할 수 있음o 체험기간 : 4월~11월(매주 월 휴무)- 단체 전통문화체험(단체 20명이상, 2~3시간기준) : 10,000원 서당, 다도, 예절, 떡메치기, 한지공예, 전통놀이 생태체험, 산책 등- 개인및가족 체험 : 다도체험 3,000원 등, 전통놀이체험 무료- 고택숙박체험 : 1방당(방2개, 3~9명), 100,000원o 체험장소 : 둔산동 경주최씨 옻골마을&nbsp;&nbsp;&nbsp;o 다도체험- 운영시간 : 10:00~17:00- 소요시간 : 20분- 가 격 : 3,000원- 비 고 : 다도,다식o 한복입어보기 체험- 운영시간 : 10:00~17:00- 소요시간 : 20분- 가 격 : 2,000원o 한복입고 다도체험- 운영시간 : 10:00~17:00- 소요시간 : 40분- 가 격 : 5,000원- 비 고 : 예절교육o 전통혼례복 입어보기 체험- 운영시간 : 10:00~17:00- 소요시간 : 30분- 가 격 : 5,000원",-,0,1,0,미부착,개방불가,없음,
,594,대구트립로드,HOME > 관광명소 > 관광명소 검색 > 관광명소 추천검색 > 전체,옻골마을 전통문화 체험,-,-,0,1,0,미부착,개방불가,없음,
,595,대구트립로드,HOME > 관광명소 > 관광명소 검색 > 관광명소 추천검색 > 전체,동성로,"젊은 기운이 살아 숨쉬는 도심의 가로광장 동성로(東城路)는 사성로 중에서 대구역네거리와 동성로관광안내소 사이 구간(900m)으로서 대구의 대표적인 중심번화가 중의 하나이다. 본래 대구읍성 동쪽의 성곽지였으나 1907년 헐리고 도로가 되면서 현재에 이르렀다. 동성로는 동성로 야외무대를 중심으로 옛 성곽의 이미지를 재현하는 장대석 띠포장의 보행자전용거리를 따라 교동 귀금속거리, 떡볶이골목, 가방골목, 야시골목, 구제골목 등 각종 골목상권을 이루고 있다. 또한 2009년에 조성된 국내 최초의‘대중교통전용지구’(반월당네거리~대구역네거리, 1.05km)는 친인간적, 친환경적인 가로로 다양한 상권과 흥미로운 디자인에 의하여 동성로와 더불어 명품가로로 자리매김하고 있다.",-,0,1,0,미부착,개방불가,없음,
,596,대구트립로드,HOME > 관광명소 > 관광명소 검색 > 관광명소 추천검색 > 전체,하목정,"1995년 5월 12일 대구시유형문화재 제36호로 지정되었다. 1604년(선조 37) 임진왜란 당시 의병장이었던 이종문이 세운 정자이다. 하목정이라는 명칭은 인조가 왕위에 오르기 전 이곳에 머문 적이 있어 그 인연으로 이종문의 맏아들 이지영(李之英)에게 써준 것이다. 정면 4칸, 측면 2칸 규모로, 우측 1칸에는 앞쪽으로 누 1칸을 첨가하고 뒤쪽으로 방 1칸을 더 만들어 평면이 정자형(丁字形)으로 구성되었다. 처마곡선이 부채모양의 곡선으로 된 특이한 형태의 팔작지붕 기와집이다.",-,0,1,0,미부착,개방불가,없음,
,597,대구트립로드,HOME > 관광명소 > 관광명소 검색 > 관광명소 추천검색 > 전체,대구 약령시 관광기념품 전시판매장,"대구약령시(한의약문화관 남측)에 위치한 관광기념품 전시판매장으로 대구지역을 대표하는 공예품, 약령시 한방제품 등의 관광기념품 및 특산품을 구입할 수 있으며, 해당건물 3층에는 도자기, 한지공예등의 공예체험장이 마련되어 있다.",-,0,1,0,미부착,개방불가,없음,
,598,대구트립로드,HOME > 관광명소 > 관광명소 검색 > 관광명소 추천검색 > 전체,자동차 부속상 거리,"해방후 원래 부속품 상회가 달성공원 주변 대신동에 있었으나 서문시장 주변에 상가가 조성되면서 현재의 북성로 위치로 이전되었다. 이후 6.25 전쟁으로 서울을 비롯한 전국각처의 피난민들이 모여들어 더욱 번창했고 현재의 부속골목으로 칭하게 되었다. 1968년경부터 명덕로터리 주변에 자동차 중고 부속상이 생겨나서 판매 및 자동차수리를 하였으며 1978년도 도로가 확장 개통되면서 골목을 중심으로 자동차 부속상, 빵구집, 밧데리 등 자동차 관련 점포들이 모여들어 상가가 형성되었다.",-,0,1,0,미부착,개방불가,없음,
,599,대구트립로드,HOME > 관광명소 > 관광명소 검색 > 관광명소 추천검색 > 전체,예전소극장,대구에서 가장 긴 역사를 자랑하는 소극장으로 남구 대명동에 위치하고 있다.,-,0,1,0,미부착,개방불가,없음,
,600,대구트립로드,HOME > 관광명소 > 관광명소 검색 > 관광명소 추천검색 > 전체,83타워(83 TOWER DAEGU),도심 속에 우뚝 솟은 대구의 랜드마크 두류공원(頭流公園) 내에 위치한 유럽형 테마공원에 조성된 83타워(높이 202m)는 대구 전경을 한눈에 내려다 볼 수 있는 관광명소로 다보탑 형태의 팔각형 탑신을 자랑하며 한국의 전통 건축미를 재현하고 있다.,-,0,1,0,미부착,개방불가,없음,
,601,대구트립로드,HOME > 관광명소 > 관광명소 검색 > 관광명소 추천검색 > 전체,도성암,"비슬산 대견봉을 넘어 가파른 산기슭에 위치한 암자로 유가사에서는 1.2㎞되는 거리에 있다. 삼국유사가 전하는 바에 의하면 신라 혜공왕때 도성국사가 지었다 전한다. 고려 성종 원년(981)에 성범대사가 만일 미타량을 열고 50여년 동안 힘써 수도한 곳으로도 알려져 있다. 도성암 극락전 앞에는 신라시대에 건립된 도성암 삼층석탑도 볼 수 있다. <좀 더 알아보기> 2003년 9월 당시 한반도를 할퀴고 간 태풍 매미는 수많은 인명, 재산 피해와 함께 우리들의 가슴에도 치유하기 어려운 상처를 안겨주고 떠났다. 더구나 수해와 산사태, 강풍으로 인한 각 사찰의 피해도 커 불교계가 합심해 복구에 박차를 가하는 결집된 힘을 보이기도 했다. 당시 창녕 화왕산의 도성암은 재산피해와 더불어 흙더미가 요사채를 덮쳐 인명 사망피해까지 생겨 불자들의 안타까움을 자아내기도 했다. 불자들을 더욱 안타깝게 만든 것은 몇 개월 전 대구지하철 참사 사고로 읽은 두 딸의 명복을 빌기 위해 도성암을 찾은 어머니가 산사태로 목숨을 잃게 된 사연이었기 때문이었다. 태풍이 지나가고 한동안 도성암은 피해 복구가 어려울 정도로 매우 험한 상황이었으나 태풍에 대비한 수로를 건설하고 새로운 전각을 세워 신라고찰 도성암을 다시 일으켜 세웠다. 도성암은 신라 현덕왕 2년(810)에 창건한 고찰로 임진왜란 때 전소되어 한 때 역사가 끊어진 사찰이었다. 그러나 현재의 도성암은 아미타부처님의 위신력에 기대어 창녕의 주산이자 절경으로 잘 알려진 화왕산 중턱에 자리하면서 현묘한 자성을 찾는 염불기도 영험도량으로 거듭나고 있다. 도성암은 2년 전의 악몽을 아는지 모르는지 여느 산사와 같은 평온을 되찾았다. 최근에는 보제루 불사를 마치고 단청불사 하는 날을 기다리고 있다. 또 얼마 전에는 대웅전의 석조여래좌상이 도유형문화재로 지정을 받게 되는 경사를 맞기도 했다. 비온 뒤 땅이 굳는다는‘케케묵은 진리’를 다시금 재확인하는 장면이다. 부디 앞으로의 도성암이 굳은 반석 위에서 튼실하게 정법을 수호하는 도량이 되길 바란다.",-,0,1,0,미부착,개방불가,없음,
,602,대구트립로드,HOME > 관광명소 > 관광명소 검색 > 관광명소 추천검색 > 전체,동화사,"수려한 자연과 소중한 문화재를 품은 사찰? 팔공산 남쪽 기슭에 자리한 신라시대 사찰? 대웅전, 마애불좌상, 비로암 석조비로자나불좌상, 비로암 삼층석탑, 금당암 동?서 삼층석탑, 당간지주 등 경내에 문화유산이 많다? 전체 높이 33m에 이르는 세계 최대 규모 석조불상인 약사여래대불이 있다입장료 - 어른 2,500원, 청소년 1,500원, 어린이 1,000원",-,0,1,0,미부착,개방불가,없음,
,603,대구트립로드,HOME > 관광명소 > 관광명소 검색 > 관광명소 추천검색 > 전체,파계사,팔공산 자락 아래 고색창연한 분위기를 품은 사찰 산책? 신라시대에 창건된 고찰로 동화사의 말사이다. 사찰 규모는 그리 크지 않지만 보물과 문화재급 건물이 많고 조용하고 아늑한 분위기? 팔공산 자락 아래 펼쳐진 사찰은 숲과 계곡으로 둘러싸여 멋스러운 느낌이다. 매표소에서 사찰까지 이어진 진입로도 무척 운치 있다 ,-,0,1,0,미부착,개방불가,없음,
,604,대구트립로드,HOME > 관광명소 > 관광명소 검색 > 관광명소 추천검색 > 전체,육신사,"박팽년만 후손에 의해 배향되다가 나중에 현손(玄孫) 계창이 박팽년의 기일에 여섯 어른이 사당 문 밖에서 서성거리는 꿈을 꾼 후 나머지 5위의 향사도 함께 지내게 되었다. 처음에는 육신사의 전신인 낙빈사(洛濱祠)를 지어 제향하여 오다가 1691년(숙종17) 낙빈서원을 건립하여 제사를 지냈다. 1866년(고종3) 흥선대원군의 서원 철폐령으로 낙빈사가 서원(書院)과 함께 철거되었으며, 1924년 낙빈서원이 재건되면서 위패를 다시 봉안하게 되었다. 이후1974년 충효위인 유적정화사업에 따라 현재의 위치에 육신사로 이름을 붙여 사당을 재건하였다. 사우건물인 숭정사에는 육신과 더불어 박팽년의 부친인 중림(仲林, ~ 1456 )의 위패도 함께 봉안되어 있으며 정면5칸, 측면3칸의 규모에 겹처마 팔작지붕으로 되어 있어 웅장한 느낌을 준다. 경내에는 이외에도 정면5칸 측면 1칸 반 규모의 홑처마 팔작지붕인 숭절당, 외삼문, 삼층각 등이 있고 사당 앞에는 사육신의 행적을 기록한 육각기념비(1979년 건립)가 세워져 있다.",-,0,1,0,미부착,개방불가,없음,
,605,대구트립로드,HOME > 관광명소 > 관광명소 검색 > 관광명소 추천검색 > 전체,모명재,"모명재는 임진왜란 때 우리나라에 원병으로 왔던 명나라 장수 두사충이 귀화한 후, 그의 후손들이 1912년에 세운 것이다. 조선에 귀화한 후 계산동 일대에 정착한 두사충은 중국에 두고 온 부인과 형제들이 생각나 최정산(현 대덕산) 밑으로 집을 옮기고 명나라를 생각한다는 뜻으로 동네 이름을 대명동이라 하였다.모명재라는 이름도 고국인 명나라를 사모한다는 뜻이며 대문에 달려 있는 만동문 역시 그 근본을 잊지 않는다는 뜻이다. 현재의 모명재는 1912년 경산 객사가 헐리자 그 재목을 사와 두사충의 묘소 앞에 지은 것인데 1966년 건물이 너무 낡아 중수하였다.<좀 더 알아보기> 모명재는 임진왜란 때 우리나라에 원병으로 왔던 명나라 장수 두사충(杜師忠)이 귀화한 후 그의 후손들이 1912년에 세운것이다. 두사충의 호(號)는 모명(募明)으로 중국의 두릉(杜陵)이 고향이다.1592년 임란이 일어나자 그해 12월 명나라 제독(提督)이던 이여송(李如松)등과 함께 원병을 와서, 주위의 지형을 살펴서 진지에 적합한 장소를 만들도록 터를 잡아주는 임무인 수륙지획(水陸地劃) 주사(主事)를 맡았다.따라서 그는 이여송의 일급 참모로서 항상 군진(軍陳)¹를 펴는데 조언을 했고, 조선과의 합동작전을 할 때는 조선군과도 전략, 전술상의 긴밀한 협의를 가져왔다. 정유재란 때 두 아들과 함께 원병을 와서 공을 세웠는데 난이 평정되고 난 후, 조선에 귀화하였다.조선에 귀화한 두사충은 대구에 정착하면서 현재의 중앙공원 일대를 하사 받았는데 경상도 감영을 대구에 옮기자 그 땅을 내어놓고 현재의 계산동(桂山洞) 일대로 두씨들의 거주지를 옮겼다. 그러나 중국에 두고 온 부인과 형제들이 생각나 최정산(最頂山[현 대덕산])밑으로 거주지를 옮겨 명나라를 생각한다는 뜻으로 동네 이름을 대명동(大明洞)이라 붙이고 단(壇)을 쌓아 매월 초하루가 되면 관복을 입고 고국의 천자(天子)를 향해 배례(排禮)를 올렸다고 한다.그의 사후 자손들은 두사충의 유언에 따라 형제봉(兄第峰)기슭에다 묘소를 쓰게 되었다. 현재의 모명재는 1912년 경산 객사가 헐리자 그 재목을 사와 두사충의 묘소 앞에 지은 것인데 1966년 2월 건물이 너무 낡아 중수하였다. 모명재라고 한 것은 고국인 명나라를 사모한다는 뜻이고 대문에 달려 있는 만동문 역시 백천유수필지동이라는 말에서 따온 것인데 이 것 또한 그 근본을 잊지 않는다는 뜻이다. 또한 두사충의 묘소앞에 있는 비문을 별도로 다시 새겨 모명재 앞뜰에 신도비를 세웠다.이 비문은 이순신 장군의 7대손인 삼남 수군통제 이인수가 지었는데, 임란 당시 이순신과 두사충의 친밀한 관계가 후손들에게 까지 접촉을 갖게 했음을 알 수 있다. 모명재는 네모 반듯한 대지에 남향으로 배치되었다. 대문을 통해 들어가면 앞쪽에 모명재가 위치하는데, 정면 4칸, 측면 2칸 규모의 겹처마 팔작 기와집이다. 평면은 2칸 대청을 중심으로 좌우에 온돌방을 들였으며, 앞쪽에는 반칸 규모의 툇간을 두었다.건물 정면의 여모중방(대청앞 마루바닥에 가로지른 안방)밑은 붉은 벽돌을 쌓아막았다. 가구(架構)는 5량가의 견실한 구조로 종보 위에는 원형 판대공을 세웠으며 앞쪽의 창방(목조건물의 기둥 위에 가로 건너질러 연결하고 평방 또는 화반, 소로 등을 받는 가로재)과 장혀(도리를 받치는 긴나무)을 끼워 장식하였다. 20세기 초 대구지역 재실 건축의 형식을 잘 보여준다.",-,0,1,0,미부착,개방불가,없음,
,606,대구트립로드,HOME > 관광명소 > 관광명소 검색 > 관광명소 추천검색 > 전체,김광석 다시 그리기 길,"김광석의 음악 인생이 녹아있는 골목에서 벽화 감상하기? 방천시장 뒷골목, 350m 이어진 골목 담벼락에 김광석의 삶과 노래를 주제로 한 벽화가 실감나게 펼쳐진다? 드라마 하이드 지킬, 나""에 등장했던 장면을 따라 벽화 앞에서 기념사진 남기기, 추억의 뽑기 체험 등을 할 수 있다. 골목 가득 울려 퍼지는 김광석의 음악이 운치를 더한다 """,-,0,1,0,미부착,개방불가,없음,
,607,대구트립로드,HOME > 관광명소 > 관광명소 검색 > 관광명소 추천검색 > 전체,한천서원,"이 서원은 고려개국공신 태사 충렬공 전이갑과 충강공 전의갑 형제를 기리기 위해 세워진 곳이다. 팔공산 동수에서 견훤군과 맞서 싸우다 태조 왕건을 피신시키고, 장절공 신숭겸 장군등과 함께 장렬히 전사하여 그들의 영명을 후세에까지 남겼다. 뒷날 태조가 몹시 슬퍼하여 전이갑은 통합삼한개국공신 태사 충렬공으로 추증하고 전의갑은 시중개국공신 충강공으로 봉하였다. 공의 충절이 병조, 예조등 열성조 수교가 조선왕조에도 전교 되어 서기 1864년(고종 8년)에 서원 철폐령으로 훼철된 후 설단하고 제각을 지어 공의 높은 충의를 기려오다가 서기 1989년 서원으로 복원되었다. 대지 800평 규모에 1곽 3동으로 되어 있으며 뜰에는 달성군 보호수 8-1호인 1000년 된 은행나무가 있다.",-,0,1,0,미부착,개방불가,없음,
,608,대구트립로드,HOME > 관광명소 > 관광명소 검색 > 관광명소 추천검색 > 전체,영남제일관,"지방행정관서가 있는 곳에 평지에 축성된 대구 읍성(邑城)은 1590년(선조23년)에 처음 만들 때는 흙으로 쌓은 토성(土城)이었으나, 임진왜란 때 허물어진 뒤 1736년(영조 12)에 돌로 다시 쌓아 석성(石城)을 만들었다. 성에는 동서남북에 4개의 정문을 두었는데, 동문은 진동문(鎭東門), 서문은 달서문(達西門), 남문은 영남제일관(嶺南第一關), 북문은 공북문(拱北門)이라 하였다. 1906년 읍성이 철거될 때 성문들도 함께 철거되었다. 지금 대구제일의 향토상징 관문으로서 금호강과 함께 대구시민들이 대자연의 운치를 마음껏 즐기는 곳이다. <좀 더 알아보기> 한국에서는 옛날부터 구릉과 산성을 방수의 요충으로 중시하고 평지에 있는 취락에 성지를 축조하는 예가 드물었다. 지금 시내에 있는 달성은 삼국시대 이래 여러 차례 가축된 바 있지만 이것은 읍성이 아니고 오히려 관아를 중심으로 방수한 것이었다. 대구의 평지에 성축 한 것은 부사로 취임한 윤 현(尹峴)때 일이다. 그는 선조 24년에 선산 군위 안동의 3개 읍민을 징집하여 대구부민과 더불어 축성을 완료했다고 대구부사는 기록하고 있다. 그런데 이 토성은 1592년(선조25년) 임진왜란이 일어나자 전란으로 파손되고 그후 140년이 지난 영조 12년에 석성이 새로 축조되었다. 1601년(선조34년)이후부터 한말까지 대구에 경상동 관아가 있었다. 그것은 그동안 왜란을 겪으면서 대구의 군사적, 정치적, 경제적 중요성이 인식된 때문 일 것이다. 그럼에도 불구하고 영조 때까지 백수십년이 지나도록 임진왜란 때 허물어진 대구부성의 재축조가 실현되지 못했다는 것은 조선왕조 후기 사회의 무력을 말해주는 것이라 하겠다. 석축의 대구읍성은 경제력이 회복된 영조 12년에 축조 되었는데 영조 11년에 대구로 부임한 경상도 관찰사겸 대구도호부사 민 응수의 건의를 조정에서 받아 들이고 영조의 윤허를 얻게 된데서 실현을 보게 된 것이다. 축성비에 의하면 영조 12년 4월 8일에 채석을 시작하고 4월 25일에 본성채를 이룩하고 6월 6일까지 여첩(女堞)을 완공하게 되었다고 한다. 이 성에는 동,서,남,북의 4정문이 있고, 문에는 본루를 세웠는데 동은 진동문, 서는 달서문, 북은 공북문이라 칭했고, 특히 남문에는 영남 제일관의 편액(扁額)을 달았다. 이밖에 동서에 두 개의 암문이 있었다. 영조 12년에 석축된 읍성은 몇 차례의 수축이 있어서 온전하게 보존해 왔으나 광무 10년과 11년 사이에 남문과 더불어 완전히 헐리고 말았다. 지금 남아 있는 당시의 남문 사진을 보면 성벽의 일부를 이루고 있는 석축기대(石築基臺)를 세웠으며 규모는 하층의 정면 측면이 모두 세칸이다. 남문을 처음 축조한 사람이 관찰사 민 응수이며 그는 경상도 관찰사로 취임하기 전에 전라도 관찰사로 있으면서 전주 풍남문(豊南門)을 세웠다. 대구시는 1980년 남문인 영남 제일관을 수성구 만촌동 금호강변에 옛 모습을 살려 중건함으로 조상의 얼을 시민에게 전하고 있다.",-,0,1,0,미부착,개방불가,없음,
,609,대구트립로드,HOME > 관광명소 > 관광명소 검색 > 관광명소 추천검색 > 전체,칠곡향교,"향교는 문묘와 어진 유학자의 위패를 모시고, 유학을 가르쳐 인재를 양성하는 조선시대의 지방교육기관이었다. 칠곡향교는 학문을 연구하는 장소인 명륜당을 앞에 두고 묘당인 대성전을 뒤로 배치하였다. <좀 더 알아보기> 1977년 11월 22일 대구광역시문화재자료 제6호로 지정되었다. 향교는 문묘와 어진 유학자의 위패를 모시고, 유학(儒學)을 가르쳐 인재를 양성하는 조선시대의 지방교육기관이었다. 칠곡향교는 대구광역시 북구 읍내동 칠곡중학교 안에 있으며, 학문을 연구하는 장소인 명륜당이 앞에 있고 묘당(廟堂)인 대성전(大成殿)이 뒤에 있는 전학후묘(前學後廟) 배치 방식을 따랐다. 대성전은 정면 5칸, 측면 3칸으로 홑처마 맞배지붕을 하고 있다. 17세기 초기에 처음 지어졌다고 하나 건물 양식과 현판의 기록으로 보아 20세기 초기에 지어진 건물로 추정된다.",-,0,1,0,미부착,개방불가,없음,
,610,대구트립로드,HOME > 관광명소 > 관광명소 검색 > 관광명소 추천검색 > 전체,현풍향교,"문화재 자료 제 27호이다. 원래 있었던 건물은 임진왜란때 소실되었고, 전후 현감 이영도가 구교동에 중건하였던 것을 영조때 현감을 지낸 김광태가 지금의 자리로 옮겨 지은 것이다. 그 후 고종 광무5년에 현감 허길이 중수하고, 1931년에 군수 신현구가 다시 대성전, 명륜당 및 동·서무를 중수하였다.",-,0,1,0,미부착,개방불가,없음,
,611,대구트립로드,HOME > 관광명소 > 관광명소 검색 > 관광명소 추천검색 > 전체,사명당대장 진영,"동화사 경내의 대웅전 뒤 조사전에 봉안되어 있는 사명당 대장 진영은 임진왜란 때 승군을 통솔하여 크게 공을 세웠던 사명대사의 전신상(全身象)이다. 사명당은 조선 선조 때의 고승이며 임진왜란 때 승군을 통솔하여 크게 공을 세웠던 승군장사로 유명하다. 의습은 백색장삼을 굵은 필선으로 간결하게 처리하였고, 붉은 가사는 섬세한 필력의 무늬를 가득히 배치하여 화려하게 묘사하고 있다. 이러한 간결한 필선과 섬세하고 화려한 색채 등은 사명당의 인품과 권위를 나타내주고 있다. 이목구비가 안면에 균형있게 채워져 있을 뿐 만 아니라 승상에서는 보기 어려운 수염을 깨끗이 묘사하여 위압감 마저 주고 있다.",-,0,1,0,미부착,개방불가,없음,
,612,대구트립로드,HOME > 관광명소 > 관광명소 검색 > 관광명소 추천검색 > 전체,미즈사키 린타로 묘소,"미즈사키 린따로는 일제시대 대구지역 관개용수 확보를 위한 저수지를 조성하는 등 지역의 농업 발전을 위해 크게 공헌한 인물로 묘소는 고인의 뜻에 따라 저수지 옆에 만들어졌다. 1914년 가족과 함께 대구에 정착한 그는 농업에 종사하며 현지 농민이 가뭄과 홍수에 시달리는 것을 보고 저수지의 설계, 측량을 끝낸 후 경북도의 일본인 지사에게 직언을 했다. 그러나 “은혜를 받은 사람들은 한국인이 아니라 일본인”이라는 이유로 거절당하자 “한국인을 배려하지 않은 것은 일본인의 잘못”이라고 격노하여 조선 총독과 직접 면담하고 공비 1만 2천엔(현재 10억엔 정도)을 받아 못을 조성. 관리했다.",-,0,1,0,미부착,개방불가,없음,
,613,대구트립로드,HOME > 관광명소 > 관광명소 검색 > 관광명소 추천검색 > 전체,대구근대역사관,"타임머신 없이 떠나는 대구 근대 시간 여행? 1932년 건립된 조선식산은행 대구지점 건물을 활용한 근대문화유산. 르네상스 양식을 본뜬 건축물로 보존 상태가 양호하다. 2003년 대구시유형문화재 제 49호로 지정? 1층 상설전시실과 2층 기획전시실로 구성. 근대 유물과 자료를 비롯해 조선식산은행 대구지점 금고와 우리나라 최초의 시내버스인 부영 버스 영상 체험이 눈길을 끈다? 안내데스크에 요청 시 해설도 가능. 외국인 경우 디바이스(영어, 일본어, 중국어) 무료 대여 ",-,0,1,0,미부착,개방불가,없음,
,614,대구트립로드,HOME > 관광명소 > 관광명소 검색 > 관광명소 추천검색 > 전체,묘골마을과 육신사,"대구광역시 달성군 하빈면 묘리에 있는 사당이다.조선 세조 때의 사육신 박팽년(朴彭年), 성삼문(成三問), 하위지(河緯地), 이개(李塏), 유성원(柳誠源), 유응부(兪應浮) 등의 위패를 봉안하고 있다.",-,0,1,0,미부착,개방불가,없음,
,615,대구트립로드,HOME > 관광명소 > 관광명소 검색 > 관광명소 추천검색 > 전체,성모당,"1990년 12월 15일 대구광역시 유형문화재 제29호로 지정되었다. 재단법인 대구천주교회 유지재단의 소유로 되어 있다. 프랑스 루르드 동굴을 본떠서 만들었다고 하며, 전국적으로 유명한 천주교 성지이다.적·흑벽돌과 화강암으로 쌓아올린 아름답고 정교한 건물로 유명하다. 1917년 7월 착공하여 1918년 8월 15일 완공하였다. 대구 천주교회 초대교구장이었던 드망주 신부가 건축하였다. 설계와 모형은 루르드 성모굴을 본떴고 가능한 한 루르드 성모굴의 크기와 바위의 세부적인 면까지 비슷하게 하였다고 한다. 건축공사는 중국인 기술자들이 담당하였다. 성모당은 교구청에서 가장 높은 곳에 자리잡고 있으며, 앞쪽에 넓은 마당이 있고 북향으로 세운 붉은 벽돌구조건축이다. 평면은 우측면의 뒤쪽이 안쪽으로 약간 꺾여 들어간 직사각형으로, 내부는 암굴처럼 꾸미고 그 위에 마리아 상을 봉안하였다. 외관은 화강암 기초 위에 흑색 벽돌로 각 모서리의 버팀벽과 수평띠를 구성하고 나머지 벽면에는 붉은 벽돌로 쌓았는데, 각 부의 비례구성이 아름답고 벽돌짜임이 정교해서 지금까지 당시의 모습을 잘 간직하고 있다. 건물의 장식은 정면에 집중되어 있다. 정면은 흑색 벽돌을 사용하여 양단면에 각각 한쌍의 버트레스를 세웠다. 그 사이에는 큰 반원 아치를 설치하여 좌우 대칭을 이루게 하였다. 그 위에는 좁은 간격으로 3줄의 수평띠를 두어 작은 반원 아치로 장식하였으며, 나머지 벽면은 붉은 벽돌로 쌓았다. 성모당의 동굴 윗면에는 ‘1911 EXVOTO IMMACULATAE CONCEPTIONI 1918’이라고 씌어 있다. 1911은 대구교구가 처음 생긴 해를 가리키고, 1918은 드망주 신부가 교구를 위하여 하느님에게 청한 3가지 소원이 모두 이루어진 해를 가리킨다. 그리고 ‘EXVOTO IMMACULATAE’는 ‘원죄없이 잉태되신 성모님께 바친 허원에서’라는 뜻이다.",-,0,1,0,미부착,개방불가,없음,
,616,대구트립로드,HOME > 관광명소 > 관광명소 검색 > 관광명소 추천검색 > 전체,현풍곽씨 12정려각,"현풍곽씨 일문에 삼강을 지킨 28인의 공을 기린 12각이 나열되어 있으며, 각 정려의 건립연대는 각각 다르나 조선 영조 때에 정려를 받아 이들의 현판이 봉안되어 있는 곳이다. 건물은 정면 12칸, 측면 2칸의 주심포집으로 팔작지붕이며 이 안에는 2기의 비석과 12개의 현판이 있다. 건물과 현판은 최근의 것이나 일문삼강을 비롯한 십이 정려각은 전국에서도 그 유례가 흔치 않은 것 중의 하나로써 중요한 민족 사적인 유산이 되고 있다.",-,0,1,0,미부착,개방불가,없음,
,617,대구트립로드,HOME > 관광명소 > 관광명소 검색 > 관광명소 추천검색 > 전체,조길방 가옥,"이 건물은 약 290년 전에 지은 집으로 이 마을에서 가장 오래된 가옥이라고 한다. 안채, 사랑채, 아래채로 구성되어 있으며 사랑채와 아래채는 나중에 고쳐 지은 것이다. <좀 더 알아보기> 깊은 산골 경사가 급한 산간마을에 자리한 초가로, 현 소유자의 9대조가 이곳에 정착하면서 지은 집이라고 한다. 사랑채는 60여년전에 확장하였고, 아래채는 30여년 전 무너진 것을 다시 지은 것이다. 산 전체가 서향으로 경사져 있고 그 안에 마을이 숨듯이 자리하여 집들은 자연히 모두 서향하게 되었다. 예전에는 15호 가량의 집들이 있었으나 지금은 6호만 남아있고, 이 집이 이 마을에서는 가장 오래된 건물이다. 높은 축대 위에 지은 안채를 중심으로 오른쪽에는 사랑채, 왼쪽에는 아래채가 부속건물처럼 낮게 마주보고 배치되어 있다. 안채의 앞면 벽에는 크기가 매우 작은 여닫이 문 1짝이 있는데, 출입보다는 채광과 통풍을 위해 만든 것으로 보인다. 초가로는 보기 드물게 오래된 건축으로, 특히 안채 창호문의 규모와 성격은 주택사 연구의 중요한 자료이다. 현 소유자의 먼 웃대 조상은 대구의 동북방(東北方)에 있는 동촌(東村) 비행장 근처에 살고 있었으나 9대조 광국(光國)(1708∼1776)대에 가화(家禍)를 당하여 총각의 몸으로 이곳 한덤(대암(大岩))에 숨어들어와 정착하게 되었다하며 안채는 이때 이루어진 것으로 추측된다. 깊은 산골의 해발 약 800m 되는 경사가 비교적 급한 산간마을로 옛날에는 15호 가량 살았으나 현재는 6호만 남아 있다. 이 마을에서는 이 집이 가장 오래된 건물이라 한다. 마을이 숨듯이 들어앉은, 산 전체가 서향으로 경사져 있어서 집들은 자연히 서향하게 되었다. 본 가옥의 안채는 잡석으로 높이 쌓은 축대 위에 서향으로 앉았고 좌측으로 축대를 연장시켜 부엌 곁에 장독대를 갖추었다. 축대 앞의 낮은 안마당에는 좌우에 아래채와 사랑채가 마당을 중심으로 부속건물처럼 낮게 대향(對向)하여 배치되어 있어서 상대적으로 안채의 비중을 돋보이게 하고 있다. 안채는 남부형(南部型)에 속하는 평면구성으로 2칸 마루의 좌측에 큰방과 부엌을, 우측에 건넌방을 배치하고 있다. 자연석 주초(柱礎)에 방주(方柱) 세우고 방 주위는 토벽(土壁)을 쳤는데 마루의 전면 중앙기둥만 원주(圓柱)를 사용하였다. 원주의 윗머리에는 주두(柱頭)나 보아지 없이 보를 바로 얹었고 삼량가(三樑架)에 동자주(童子柱) 대공(臺工)을 세운 간소한 구조로 되어 있다. 현 소유자의 부친은 이 집이 “싸리기둥에 칠기봇장(칠기나무로 된 보) 집 ”이라고 늘 마을 사람들에게 자랑하였다고 하는데 그 기둥(원주)도 밑부분이 부식하여 끊어내고 이어서 받쳐 놓았다. 마루에서 큰방과 건넌방으로 출입하는 외여닫이 궁판 세살문은 높이가 매우 낮아서 몸을 구부려야 드나들 수 있고 특히 안방 전면벽에 낸 외여닫이 살창문은 그 크기가 매우 작아서 출입 보다는 채광과 통풍에 뜻을 두고 만든 것으로 생각된다. 건넌방 전면벽에도 40여년전에는 같은 형식의 작은 살창이 설치되어 있었다고 한다. 사랑채는 방 2칸과 도장 1칸으로 되어 있으나 소유자의 부친이 60여년전에 확장한 것이라 한다. 아래채는 원래 우측에서부터 마굿간, 방앗간, 방의 순서로 3칸집이었으나 30여년전에 무너진 것을 지금과 같은 간살로 개조하였다고 한다. 본 가옥은 초가로는 드물게 보는 오래된 유구로 특히 안채의 개구부(開口部)의 규모와 성격은 주택발달사 연구의 중요한 자료가 될 것으로 생각된다. 안채는 잡석으로 높이 쌓은 축대위에 서향으로 앉혔다. 안채는 2칸 마루의 왼쪽에 큰방과 부엌을, 오른쪽에 건넌방을 두었다. 자연석 주초위에 네모기둥을 세우고 방 주위에는 흙벽을 쳤으며, 마루의 앞면 가운데 기둥만 둥근 기둥을 세웠다. 3량집의 간소한 구조인 이집은 싸리기둥에 칠기봇장(칠기나무로된보) 집임을 자랑으로 여겼다고 한다. 초가로는 드물게 보는 오래된 건물이며 안채의 창문도 옛 모습이 많이 남아 있다.",-,0,1,0,미부착,개방불가,없음,
,618,대구트립로드,HOME > 관광명소 > 관광명소 검색 > 관광명소 추천검색 > 전체,대구 제일교회 기독교 역사관,"경북지방에 처음 생긴 기독교회로, 선교사들이 이 지방을 개화시키기 위해 근대적 의료 및 교육을 전개했던 곳이다. 1933년 신도들의 헌금과 중앙교회의 성금으로 교회당을 새로 짓고 제일교회로 이름을 바꾸었다. 현재 이 건물의 전체적인 양식은 평면이 남북으로 긴 직사각형이고, 앞면 중앙에 현관을 두고 오른쪽에는 종탑을 세운 고딕양식의 건물이다. 1층은 사무실·유치원·청소년 예배실로 사용하고, 2층은 전체를 예배실로 사용하고 있다. 대구 제일교회는 대구의 수많은 교회 건물 중 가장 오랜 역사를 가졌고, 근대 건축사 연구에 귀중한 자료가 되고 있다. ※ 현 제일교회 남성로선교관",-,0,1,0,미부착,개방불가,없음,
,619,대구트립로드,HOME > 관광명소 > 관광명소 검색 > 관광명소 추천검색 > 전체,인흥서원,"화원읍 본리리에 있는 서원으로서, 추계 추씨(秋溪 秋氏)의 중시조이며 고려 충렬왕 때의 문신인 노당 추적선생을 봉안한 서원이다. 조선 순조25년(1825년)10월에 팔도 유림과 20대손인 추세문에 의해 창건되었는데 대원군의 서원정리 당시에 화를 면하여 원형을 그대로 보존하고 있다. 경내에는 정면 5칸, 측면 2칸으로 되어 있고 팔작 지붕의 서원을 비롯하여 정면 3칸, 측면 2칸 맞배지붕의 사당 등 6동의 건물이 있고 신도비가 있으며 추적 선생이 쓴 명심보감 목판 31매가 유일본으로 유형문화재 제37호로 지정되었다.",-,0,1,0,미부착,개방불가,없음,
,620,대구트립로드,HOME > 관광명소 > 관광명소 검색 > 관광명소 추천검색 > 전체,태고정,"이 건물은 조선 성종 10년(1479) 박팽년의 손자인 박일산이 세운 별당건축이다. 일명 ‘일시루 (一是樓)’라고도 한다. 지금 있는 건물은 선조 25년(1592) 임진왜란 때 불타서 일부만 남았던 것을 광해군 6년(1614)에 다시 지은 것이다. 현재 대청에는 임진왜란 후 치찰사로 온 윤두수의 한시를 새긴 현판과, 정유재란 후 명군 선무관이 남긴 액자들이 있다. 네모난 모양의 단 위에 서 있으며 앞면 4칸 ·옆면 2칸 크기로, 동쪽 2칸은 대청마루이고, 서쪽 2칸은 방으로 꾸몄다. 대청 앞면은 개방되어 있다. 규모는 그리 크지 않은 건물이지만 가구나 세부가공이 정교한 편이다.",-,0,1,0,미부착,개방불가,없음,
,621,대구트립로드,HOME > 관광명소 > 관광명소 검색 > 관광명소 추천검색 > 전체,팔공산자연공원,"경상북도와 대구광역시에 걸쳐 있는 산으로 높이는 1,192m이다. 대구광역시 중심부에서 북동쪽으로 약 20㎞ 떨어진 지점에 솟은 대구의 명산으로 널리 알려져 있다. 주봉인 비로봉(毘盧峰)을 중심으로 동 / 서로 20㎞에 걸쳐 능선이 이어진다. 예로부터 신라시대에는 부악(父岳), 중악(中岳), 공산(公山), 동수산(桐藪山) 등 여러 이름으로 불렸으며 고려시대에는 공산으로 불려지다가 조선시대에 와서 지금의 팔공산으로 명하고 있다. &lt;좀 더 알아보기&gt; 팔공산은 대구광역시의 중심에서 북동 방향으로 약 20km 지점에 태백산맥이 남으로 힘차게 내딛다가 낙동강과 금호강이 만나는 곳에 우뚝 멈추어 장엄하게 솟은 산으로 해발 1,192m의 비로봉을 중심으로 동봉(일명, 미타봉 1,155m)과 서봉(일명, 삼성봉 1,150m)이 어깨를 나란히 웅자를 겨루고 있으며 행정구역으로는 대구광역시 동구에 속하고 영천시, 경산시, 칠곡군, 등 4개 시.군을 경계로 총면적이 30.593㎢이다. 팔공산은 신라시대에는 부악(父岳), 중악(中岳) 또는 공산(公山)이라 했으며, 고려시대에는 “공산”이라고 하다가 조선시대에 들어 지금의 팔공산이라는 이름으로 불리워지고 있다. 또한 이 곳은 불교 문화의 중심지로서, 대한불교 조계종 제9교구 본사인 동화사를 비롯한 수많은 사찰이 산재해 있으며 많은 기암과 계곡이 있어 봄에는 진달래 영산홍이 피고 여름에는 울창한 숲과 맑은 물이 흐르고 가을은 아름다운 단풍거리가 순환도로를 따라 16.3km에 걸쳐 전개되어 진풍경을 연출하고 있으며, 겨울은 설경과 설화가 아름답게 조화를 이루는 곳으로, 팔공산은 연중 볼거리가 풍부하여 탐방객이 끊이지 않는 명산이다.",-,0,1,0,미부착,개방불가,없음,
,622,대구트립로드,HOME > 관광명소 > 관광명소 검색 > 관광명소 추천검색 > 전체,동촌유원지,동촌유원지(44만평)는 대구시 동쪽 금호강변에 있는 유원지로 오래전부터 대구시민이 즐겨 찾는 곳이다. 각종 위락시설이 잘 갖춰져 있으며 드라이브를 즐길 수 있는 도로가 건설되어 있다. 수량이 많은 금호강에는 조교가 가설되어 있고 아양교가 걸쳐 있다.,-,0,1,0,미부착,개방불가,없음,
,623,대구트립로드,HOME > 관광명소 > 관광명소 검색 > 관광명소 추천검색 > 전체,롯데시네마 프리미엄 만경,"대구 최대, 최고의 멀티플렉스 롯데시네마 프리미엄만경은 국내 최초, 순수 국내자본과 국내 노하우로 운영되는 롯데시네마 프리미엄만경은 영화가 보고 싶을 때 가장 먼저 들르는 곳이다.",-,0,1,0,미부착,개방불가,없음,
,624,대구트립로드,HOME > 관광명소 > 관광명소 검색 > 관광명소 추천검색 > 전체,녹동서원 충절관,"녹동서원의 좌측에 위한 충절관은 김충선의 후손과 그를 추모하는 일본인, 그리고 대구시의 후원금으로 건립하여 임진왜란 때 사용되었던 조총을 비롯하여 모하당선생의 유품. 유물과 한.일 양국의 역사. 문화. 임진란 관계 전문서적 등을 전시하고 있다. 한.일간의 교류협력의 장으로 활용코자 1998년 6월에 개관하였다.",-,0,1,0,미부착,개방불가,없음,
,625,대구트립로드,HOME > 관광명소 > 관광명소 검색 > 관광명소 추천검색 > 전체,구암서원,"구암서원(龜巖書院)은 귀암서원이라고도 읽는데, 대구시 중구 동산동 지역에 있던 서원이다. 1665년(조선 현종 6년)에 연구산(봉산동 현 대구제일중학교)에서 귀암사로 창건하여 그후 서원으로 승격되었으며, 1718년(조선 숙종 44년)에 동산동(현 신명고등학교)으로 이건되었다. 서침(徐沈), 서거정, 서해(徐解), 서성(徐省, 1588∼1631) 등 4인의 인물을 배향하고 있어 달성 서씨의 문중서원 성격이 짙었다. 대원군 집권 후인 1868년에 훼철되었다. 1924년 유림에서 다시 세우고, 1943년 숭현사와 강당을 증수하였다.",-,0,1,0,미부착,개방불가,없음,
,626,대구트립로드,HOME > 관광명소 > 관광명소 검색 > 관광명소 추천검색 > 전체,고모령,"고모령의 전설과 ""비내리는 고모령""(대중가요)의 진원지로서 유명한 곳이다",-,0,1,0,미부착,개방불가,없음,
,627,대구트립로드,HOME > 관광명소 > 관광명소 검색 > 관광명소 추천검색 > 전체,인흥마을(남평문씨 본리 세거지),문익점의 후손들이 대대손손 살아온 남평 문씨 집성촌? 문익점의 18대 후손인 문경호가 터를 닦고 남평 문씨 일가가 집성촌을 이룬 마을? 전형적인 배산임수 구조에 집과 도로가 반듯하게 정리되어 있어 주변 정경과 어우러져 아늑하고 평화로운 분위기를 풍긴다. 세거지 입구에 연못 등 쉼터가 잘 가꿔져 있으며 문화관광해설사도 배치되어 있다 ,-,0,1,0,미부착,개방불가,없음,
,628,대구트립로드,HOME > 관광명소 > 관광명소 검색 > 관광명소 추천검색 > 전체,도동서원,"아름드리 은행나무와 아름다운 토담을 품은 고즈넉한 서원? 조선 초기의 성리학자 김굉필을 배향한 서원. 1568년 비슬산 동쪽에 건립되었다가 임진왜란 때 소실된 이후 지금 자리에 중건? 조선 중기 서원 건축의 특징을 살필 수 있다. 불필요한 장식 대신 간소함을 추구했으며 서원 입구인 수월루와 강당격인 중정당, 사당이 일직선상에 배치되어 있다. 중정당 기단에 여의주와 물고기를 물고 있는 4개의 용머리 조각과 수막새의 장식무늬가 빼어난 토담이 독특하다 ",-,0,1,0,미부착,개방불가,없음,
,629,대구트립로드,HOME > 관광명소 > 관광명소 검색 > 관광명소 추천검색 > 전체,녹동서원,"조선으로 귀화한 일본 장수 김충선을 기리는 서원? 임진왜란 때 귀화한 모하당 김충선을 추모하기 위해 1789년에 건립? 경내에는 녹동사, 향양문, 유적비, 서원 뒤쪽 삼정산에는 김충선의 묘소가 있다? 달성한일우호관, 김충선의 귀화 후 활약상을 보여주는 역사관, 체험실 등이 있다",-,0,1,0,미부착,개방불가,없음,
,630,대구트립로드,HOME > 관광명소 > 관광명소 검색 > 관광명소 추천검색 > 전체,낙동강 승전기념관,"일명 승공관이라고 하는 낙동강 승전기념관은 1979. 6. 25 준공 및 개관하였다. 6. 25당시 마지막 저지선이었던 낙동강전적지를 기념하고, 참전용사들의 거룩한 얼을 기리기 위해 세웠다.",-,0,1,0,미부착,개방불가,없음,
,631,대구트립로드,HOME > 관광명소 > 관광명소 검색 > 관광명소 추천검색 > 전체,대구문화예술회관,"시민들이 일상에서 문화예술을 마음껏 즐기는 문화예술회관은 해마다 다양한 공연, 전시회를 열어 사람들이 즐겨 찾는 곳이다. 열정과 재능을 발휘하는 예술가들의 창작혼이 가득하며, 감동을 전하는 문화서비스를 실천하는 것을 지향하고 있다.",-,0,1,0,미부착,개방불가,없음,
,632,대구트립로드,HOME > 관광명소 > 관광명소 검색 > 관광명소 추천검색 > 전체,유가사,"동화사의 말사인 유가사는 신라 흥덕왕2년에 도성국사에 의해 창건되었으며, 절 이름은 비슬산의 바위모습이 아름다운 구슬과 부처의 형상과 같다 하여 지은 이름이다. 그 뒤로 여러차례 중수 과정을 거쳐 오늘에 이르고 있다. 부속 암자로는 수도암, 청신암, 도성암을 거느렸다. 범종각 부근에서 대웅전 지붕 위를 올려다보면 비슬산 바위군이 기와처럼 대웅전 위에 얹혀있는 모습을 보게 된다. 근처에는 도성암과 도통바위 등이 자리잡고 있다. <좀 더 알아보기> 동화사의 말사인 유가사는 신라 흥덕왕2년에 도성국사에 의해 창건되었으며 절 이름은 비슬산의 바위모습이 아름다운 구슬과 부처의 형상과 같다 하여 옥 유(瑜), 절 가(伽)자를 따서 지어졌다고 경내에 세워진 안내판에 적혀있다. 그 뒤로 진성여왕 3년에 원잠선사가 개축하는 등 여러차례 중수 과정을 거쳐 오늘에 이르고 있다. 부속 암자로는 수도암, 청신암, 도성암을 거느렸다. 범종각 부근에서 대웅전 지붕 위를 올려다 보면 비슬산 바위군이 기와처럼 대웅전 위에 얹혀있는 모습을 보게 된다. 유가사를 출발, 50m쯤 오르면 수도암이고 수도암에서 30분을 더 가면 도성암에 닿는다. 산 중턱에 자리잡아 주변경관과 조망이 뛰어난 도성암은 비슬산에서 가장 오래된 암자이다.도성암을 지나 오른쪽으로 약 10분쯤 오르면 도성국사가 도를 깨쳤다는 도통바위에 도착한다. 도통바위에서 주능선까지의 40분 거리는 경관이 좋고 쉬기에 알맞은 암봉과 오솔길이 번갈아 나타나 산행의 참맛을 느끼게 해준다. 주능선에 오르면 평원지대가 펼쳐지고 곧이어 억새풀과 수십 개의 바위로 이루어진 정상에 닿는다. 정상에 서면 서남쪽으로 유유히 흐르는 낙동강이 보이고 멀리 가야산 줄기도 한눈에 들어온다. 유가사 인근의 비슬산 자연휴양림(053-614-5481)도 늦가을 낙엽 뒹구는 오솔길 산책에 좋은 곳이다. 소재사 옆의 매표소에서부터 조화봉 방면 계곡을 따라 콘도형 산막, 통나무 , 청소년수련장, 취사장, 잔디광장 등이 줄지어 자리잡고 있다. 특히 비슬산자연휴양림에서는 숲도 숲이지만 집채 만한 바위들이 곳곳에 군락을 이룬 암괴류와 애추가 눈길을 끈다.",-,0,1,0,미부착,개방불가,없음,
,633,대구트립로드,HOME > 관광명소 > 관광명소 검색 > 관광명소 추천검색 > 전체,용연사,"용연사는 비슬산의 북쪽 기슭에 자리잡은 사찰로 달성군 옥포면에 소재한다. 진입로 입구에 조성된 벚꽃길이 유명하며, 계곡 입구에 이르면 용연사의 명물 '옥연지'가 나타난다. 용연사는 912년(신라 신덕왕 1년) 보양선사에 의해 창건되었다. 용연사 적멸보궁 뒤뜰에는 자장율사가 중국에서 모셔온 석가세존 진신사리를 봉안한 석조계단이 조성되어 있다. 이중기단 위에 석종형 탑신을 세우고 팔부신상, 사천왕상으로 조각한 이 석조계단은 그 자체만으로도 훌륭한 석조예술품으로 보물 제 539호로 지정되어 있다.",-,0,1,0,미부착,개방불가,없음,
,634,대구트립로드,HOME > 관광명소 > 관광명소 검색 > 관광명소 추천검색 > 전체,스파밸리,"주암산 기슭 청정자연에서 물놀이와 온천 즐기기? 워터파크, 온천, 숲 속 호텔, 동물원과 식물원이 한 자리에 있는 복합테마파크? 맑은 공기를 마시며 한방과 힐링 콘셉트의 온천탕과 파도풀, 바데풀 등을 갖춘 워터파크를 즐길 수 있다? 네이처파크에는 구절초공원, 편백숲 등 자연친화적인 산책길이 잘 닦여 있다교감형 동?식물원이 조성되어 있어 산책 중에 토끼나 공작새가 나타나기도 한다, 이용 시간 - 실내 워터파크 : 09:00~18:00, 네이처파크 : 홈페이지 참조, 애니멀밸리 11:00~20:00(입장마감 19:00) / 입장료 - [워터파크]주중, 주말 종일권 대인 58,000원, 소인 45,000원 오후권 대인 38,000원, 소인 29,000원 / [네이처파크] 홈페이지 참조_x000D_
_x000D_
문의처 1688-8511_x000D_
주소 대구광역시 달성군 가창면 가창로 891_x000D_
홈페이지 http://www.spavalley.co.kr_x000D_
경상감영공원_x000D_
경상감영공원_x000D_
도심 한복판 숲과 정원을 거닐며 역사공부? 조선 선조 34년(1601) 경상감영이 있던 곳. 1970년 대구시가 중앙공원으로 개장? 대구의 중심부에 위치한 도심 속 정원이다. 하늘을 가릴 만큼 키 높은 나무와 꽃밭, 잔디광장, 구불구불 이어지는 산책로를 걸으며 피로와 스트레스를 해소하기 좋은 장소? 경상도 관찰사의 집무실인 선화당(유형문화재 제1호)과 처소로 사용한 징청각(유형문화재 제2호)등 문화유산을 둘러보며 역사공부도 할 수 있다 """,-,0,1,0,미부착,개방불가,없음,
,635,대구트립로드,HOME > 관광명소 > 관광명소 검색 > 관광명소 추천검색 > 전체,경상감영공원,-,-,0,1,0,미부착,개방불가,없음,
,636,대구트립로드,HOME > 관광명소 > 관광명소 검색 > 관광명소 추천검색 > 전체,더락,"더 락은 2.28기념 공원 앞에 위치해 있고, 롯데시네마 영화관을 겸임하고 있는 복합문화공간이다.",-,0,1,0,미부착,개방불가,없음,
,637,대구트립로드,HOME > 관광명소 > 관광명소 검색 > 관광명소 추천검색 > 전체,유치곤 장군 호국 기념관,"6. 25전쟁 당시 한국공군 전투기 조종사로는 유일하게 203회 불멸의 출격 기록을 수립한 고 유치곤 장군의 위업을 기리고, 나라사랑과 호국정신을 계승 발전시키는 역사의 산 교육장으로 활용하고자 빨간마후라 유치곤장군 호국기념관을 준공하여 개관하였다. <좀 더 알아보기> 유치곤장군은 1927년 달성군 유가면 쌍계리에서 태어나 6.25전쟁 당시 공군 전투조종사로서 나라를 위해 목숨을 걸고 용감히 싸운 전쟁영웅이다. 그는 1951년 10월 11일 F-51전투기 조정사로 강릉공군기지에서 첫 출격을 시작으로 승호리 철교 폭파 작전을 비롯하여 수많은 전투에 참가하여 전쟁을 승리로 이끈 전공을 세움으로써 6.25 전쟁 중에 을지무공훈장과 충무무공훈장 각3회를 비롯하여 모두 12회에 달하는 각종 최고 훈장을 수훈함으로써 전투조종사로서 최고의 영예를 획득하였다. 그리고 우리 공군사에 유일하게 203회 출격 기록을 남겼다. 2000년 1월 전쟁기념사업회에서는 이와 같은 공로를 기리기 위해 호국인물로 전투 조종사인 유치곤공군준장을 선정하였으며, 전쟁기념관에서는 그의 흉상이 역대 위인들과 함께 나란히 봉안되어있다. 이렇듯 그는 전투비행 2천7백여 시간의 신화적인 기록을 남기면서 공군 역사에 한 획을 그은 장군이며, 그 전공을 그려 만든 영화 '빨간 마후라'는 보는 이의 가슴을 뜨겁게 했다. 후대에 길이 알릴 수 있는 역사의 교육 현장이 되길 바라는 뜻에서 달성군지역민과 공군 지원으로 개관하게 되었다.",-,0,1,0,미부착,개방불가,없음,
,638,대구트립로드,HOME > 관광명소 > 관광명소 검색 > 관광명소 추천검색 > 전체,이월드(E-World),"영남권 최대 테마파크에서 낭만적인 시간 보내기? 놀이기구와 전시공간이 공존하는 유럽식 도시공원으로 남녀노소 누구나 즐길 수 있는 공간? 정문광장을 지나면 우산 빛 로드, 별빛계단, 로맨틱가든 등 83개의 포토존을 만난다.? 83타워 전망대는 밤이 되면 오색찬란한 이월드 야경과 대구 시내 야경이 360도로 펼쳐진다. 별빛축제 기간에는 더욱 화려한 밤을 즐길 수 있다.이용시간 - 주중 10:00~21:00 주말 10:00~22:00 (매월, 주중, 주말에 따라 다름.홈페이지 참고)바이킹, 탬버린, 에어레이스 등 어트랙션 운행 시간은 홈페이지 참고동물농장 주중 12:00~18:00, 주말 12:00~19:00[자유이용권] 어른 45,000원, 청소년 40,000원, 어린이 35,000원[야간자유이용권] 어른 31,000원, 청소년 29,000원, 어린이 29,000원",-,0,1,0,미부착,개방불가,없음,
,639,대구트립로드,HOME > 관광명소 > 관광명소 검색 > 관광명소 추천검색 > 전체,남지장사,"남지장사는 통일신라 신문왕 4년(684)에 양개조사가 세운 절이라고 전한다. 조선시대에 고승 무학대사가 수도한 곳이기도 하며, 사명대사가 임진왜란 때 승병들의 훈련장으로 사용하기도 하였다. 그 뒤 임진왜란 때 불탔던 것을 효종 4년(1653) 인혜대사가 청련암과 함께 다시 세웠으나, 순조 6년(1806)에 또 화재가 발생하여 2년 뒤 다시 세웠다고 한다. 청련암은 법당과 생활공간의 기능을 겸한 건물로, 앞면 3칸·옆면 2칸 규모이다. 그러나 실제로 법당의 기능보다 강당의 기능을 가진 건물로 ‘인법당’으로도 부르고 있다. 남지장사 청련암은 부분적으로 옛 건축수법을 간직하고 있는 소박한 구조의 건물이다. 부속암자인 청련암은 대구시 유형문화재 제34호로 지정되어 보존되고 있다. <좀 더 알아보기> 남지장사는 신라 신문왕(神文王) 4년 684(684) 양개조사(良介祖師)가 창건한 사찰로 조선시대의 고승 무학대사가 수도한 곳이며 임진왜란때에는 사명대사가 승병들의 훈련장으로 사용하였으나 그 당시 병화로 소실되었다고 전한다. 효종 4년(1653) 인혜대사가 이 청련암을 중건하였으나 순조 6년(1806) 화재를 당하여 그 2년뒤(1808)에 재건하였다 한다. 이 건물은 법당(法堂)과 요사(寮舍)를 겸하고 있어 평면배치가 특이하며, 구조는 소박하면서 부분적으로 고식수법이 남아있다. 중앙은 정면 3칸, 측면 2칸 즉 6칸 규모의 법당인데 구들을 들이고 천장이 평평한 이 집은 여늬절의 요사나 강당같아 부엌쪽으로 받침이 있고 그 반대쪽으로 2칸의 구들이 달렸다. 받침이 있는 부엌은 넓이가 4칸이나 되는 넓직한 공간이다. 청련암의 중심건물은 법당이라기 보다는 요사와 강당이 합쳐진 기능의 건물로 보이며 절의 스님들은 이곳을 인법당이라고 부른다. 대한불교조계종 제9교구 본사인 동화사의 말사인 남지장사는 신라 신문왕(神文王) 4년(684) 양개조사(陽价祖師)가 창건한 사찰로, 지장보살(地藏菩薩)을 신앙하는 도량(道場)이다. 신라 때에는 왕이 토지와 노비를 하사하고 유지들도 시주를 많이 하여 사세가 매우 컸다. 한때는 8개의 암자를 8동의 암자와 종각, 천왕문 등이 있어 3,000여 명의 승려가 수도했다고 한다. 조선시대 초에는 고승 무학대사(無學大師)가 이곳에서 수도하였으며, 임란 때는 사명대사(四溟大師)가 거느린 승병과 의병들이 우록동 계곡에서 왜병과 혈전을 벌리기 전 승병들의 훈련기지로 이용되기도 하였다 한다.",-,0,1,0,미부착,개방불가,없음,
,640,대구트립로드,HOME > 관광명소 > 관광명소 검색 > 관광명소 추천검색 > 전체,파군재,"후백제 견훤과의 공산 싸움에서 대패한 고려군은 태조 왕건을 피신시키고 신숭겸장군을 중심으로 끝까지 항거하였다. 이때 고려군은 지묘2동에서 파계사로 넘어가는 뒷산을 뚫고 위장전술을 폈으나 역부족이었다. 간신히 살아남은 몇몇 군사를 수습하여 오른쪽 동화사 고갯길로 환로를 개척하여 지묘 앞 냇물을 간신히 건넜다. 이런 연유로 신숭겸 장군의 군사가 1차로 파해서 흩어진 곳을 아랫 파군재, 2차로 파한 곳을 윗 파군재로 불려지게 되었다.",-,0,1,0,미부착,개방불가,없음,
,641,대구트립로드,HOME > 관광명소 > 관광명소 검색 > 관광명소 추천검색 > 전체,아양아트센터,"동구에 위치하고 있으며 공연장, 야외공연장, 전시장, 문화센터, 스포츠센터 등을 갖추어 지역민들이 쾌적하고 안전한 공간에서 문화생활을 즐길 수 있게 하였다.",-,0,1,0,미부착,개방불가,없음,
,642,대구트립로드,HOME > 관광명소 > 관광명소 검색 > 관광명소 추천검색 > 전체,이상화묘,"1948년 동향 출신 시인 김소운의 건의로 대구 달성공원에 상화 시비가 세워졌다. 이상화는 대구출생의 시인으로 1917년 고향에서 현진건·백기만·이상백 등과 습작을 모아서 <거화>라는 표제로 프린트판을 내었다. 1921년 1월 홍사용·박종화·나도향 등과 함께 문예지 <백조>를 발간, 그 창간호에 <나의 침실로>를 발표했다. 초기에는 퇴폐적인 풍조를 나타내는 시를 쓰더니 , 1926년 <개벽>지 6월호에 대표작 <빼앗긴 들에도 봄은 오는가>에서는 현실참여적인 경향으로 바뀌었다.",-,0,1,0,미부착,개방불가,없음,
,643,대구트립로드,HOME > 관광명소 > 관광명소 검색 > 관광명소 추천검색 > 전체,"이상화고택, 서상돈고택",일제에 항거한 대구 출신의 독립운동가를 만난다? 이상화 시인은 일제강점기에 민족의 광복을 위해 저항 정신의 횃불을 밝힌 시를 지었다.그의 시향이 이상화고택에 남아 있다? 서상돈은 정부가 일본에 빚을 많이 져 국권을 상실한다고 생각하여 1907년 금연으로 나라의 빚을 갚자는 국채보상운동을 벌였다,-,0,1,0,미부착,개방불가,없음,
,644,대구트립로드,HOME > 관광명소 > 관광명소 검색 > 관광명소 추천검색 > 전체,불로동 고분군,"팔공산 남쪽 기슭에 펼쳐진 올록볼록 솟은 거대한 고분군? 삼국시대 형성된 대규모 고분군. 210여 기의 고분이 밀집되어 있다. 한 바퀴 둘러보는 데 약 1시간~1시간 30분 소요된다. 능선이 완만해 아이들도 쉽게 오른다? 봄, 가을철에는 고분군 사이로 코스모스 등이 피어 한층 아름답고 서정적인 풍경을 선사한다. 능선을 따라 올록볼록 솟은 고분군 뒤로 대구 시가지가 한 눈에 들어온다? 고분 아래 생태 습지가 조성되어 있어 아이들 학습 공간으로 활용도가 높다 ",-,0,1,0,미부착,개방불가,없음,
,645,대구트립로드,HOME > 관광명소 > 관광명소 검색 > 관광명소 추천검색 > 전체,현풍석빙고,"조선시대 얼음 창고를 만나다? 조선 영조 6년(1730)에 축조된 얼음 저장 창고? 석빙고 뒤로는 능선이, 앞으로는 개울이 있다. 입구는 산기슭 쪽으로 위치해 있다? 석빙고 옆길로 75~100m 정도 올라가면 조선시대 사직단과 조선시대 누각을 복원한원호루가 나타난다 ",-,0,1,0,미부착,개방불가,없음,
,646,대구트립로드,HOME > 관광명소 > 관광명소 검색 > 관광명소 추천검색 > 전체,달성공원,"역사의 흔적을 품은 공원, 대구에서 가장 오래된 도심 공원? 사적 제 62호로 지정. 공원 안에 옛 토성과 지방문화재 자료 제3호인 관풍루가 자리? 사슴과 타조, 물개, 호랑이 등을 관람할 수 있는 동물사가 있어 가족여행객에게 인기.곳곳에 벤치와 휴식 공간이 많으며 공원 둘레는 한 바퀴 도는 오솔길이 조성되어 있어 천천히 산책하며 쉬어가기 좋다",-,0,1,0,미부착,개방불가,없음,
,647,대구트립로드,HOME > 관광명소 > 관광명소 검색 > 관광명소 추천검색 > 전체,국채보상운동기념공원,"대구에서 처음 시작된 국채보상운동의 정신이 깃든 도심 속 쉼터? 총면적 42,509㎡에 잔디광장과 녹지 공간, 오솔길, 분수, 정자 등을 갖추고 있다. 곳곳에 벤치와 휴식 공간이 많아 시민은 물론 여행객들도 많이 찾는다? 달구벌 대종과 독립지사 흉상, 국채보상운동 여성기념비 등이 있고, 공원 한 쪽에 국채보상운동 기념관도 자리해 있다 ",-,0,1,0,미부착,개방불가,없음,
,648,대구트립로드,HOME > 관광명소 > 관광명소 검색 > 관광명소 추천검색 > 전체,금호강 자연생태공원,시멘트와 돌로 다듬은 강변과는 다르게 옛 시골 정취를 고스란히 간직하고 있는 자연친화적인 생태공원이다. 생태계를 파괴하지 않고도 수변공원을 개발할 수 있다는 것을 보여준 대표적인 사례로 꼽히고 있다.,-,0,1,0,미부착,개방불가,없음,
,649,대구트립로드,HOME > 관광명소 > 관광명소 검색 > 관광명소 추천검색 > 전체,화원동산,-,-,0,1,0,미부착,개방불가,없음,
,650,대구트립로드,HOME > 관광명소 > 관광명소 검색 > 관광명소 추천검색 > 전체,수성못유원지,"수변 산책과 분수쇼, 야경을 한 자리에서 즐기기? 둘레 2km의 수성못을 따라 바늘꽃, 연꽃, 갈대 등이 어우러진 수변 데크 로드와 울창한 왕벚나무, 버드나무 가로수길이 펼쳐진다? 밤에는 물 위에 비친 조명이 물감을 풀어 놓은 듯 아름답게 반짝인다.하루 4회 영상음악분수가 가동되어 볼거리를 더한다",-,0,1,0,미부착,개방불가,없음,
,651,대구트립로드,HOME > 관광명소 > 관광명소 검색 > 관광명소 추천검색 > 전체,망우당공원,"임진왜란 때 전국 최초로 의병을 일으켜 왜적을 무찌른 의병장이자 경상도 방어사, 함경도 관찰사 등을 역임한 홍의장군 곽재우(郭再祐)의 공을 기리기 위해 조성하였다. 공원의 이름은 그의 호인 망우당(忘憂堂)에서 따왔다. 공원 안에는 곽재우의 동상이 서 있고, 동상 부근에 그의 유품을 보관하고 있는 망우당기념관이 있다. 하얀 성벽 위로 보이는 누각은 영남제일관인데, 조선시대에 축조한 대구읍성의 남문으로 일제강점기에 철거된 것을 1980년 이곳에 옮겨 중건한 것이다. 이 지방 독립운동의 산실이었던 조양회관도 이 곳에서 들러볼 수 있다.",-,0,1,0,미부착,개방불가,없음,
,652,대구트립로드,HOME > 관광명소 > 관광명소 검색 > 관광명소 추천검색 > 전체,두류공원,"두류공원은 1965년 공원으로 결정된 이후 1977년부터 본격적으로 개발된 도시근린공원으로서 문화, 교양, 체육시설등이 구비되어 있어 많은 시민들이 이용하는 공원으로 발전하고 있다. 두류산은 역사적 기록에 의하면 산이 둥글게 펼쳐져 있다고 하여 두리산으로 부르던 것을 지명이 한자화될때 같은 의미의 주산 또는 두류봉으로 쓰여오다가 근래에 와서 두류산으로 지칭되었다고 한다. 공원내에는 대구의 명소인 우방타워랜드, 면학장소인 두류도서관, 시민건강증진에 기여하고 있는 각종 체육시설과 시민문화의 전당인 문화예술회관이 자리잡고 있다.",-,0,1,0,미부착,개방불가,없음,
,653,대구트립로드,HOME > 관광명소 > 관광명소 검색 > 관광명소 추천검색 > 전체,경북대학교 박물관,"국립 경북대학교 박물관은 1959년 개관하여 선사시대부터 최근의 민속자료에 이르기까지 약 7,000여 점의 수집품과 40,000여 점의 발굴유물이 있으며, 이 가운데 국가지정문화재인 보물 7점을 전시하고 있다. 각 전시실에는 신석기 시대의 빗살무늬토기와 돌도끼를 비롯하여 조선시대의 자기류, 회화류, 서적류, 그리고 교사자료에 이르기까지 다양한 유물들이 시대순으로 진열되어 있다. 최근에는 문화유적답사, 특별전시회 등 사회교육과 전시 기능도 강화함으로써 지역사회 주민들이 우리 역사와 문화의 고급 정보를 얻고 각 시대의 삶과 경험을 이해하며 다른 문화와 관습에 대해 폭 넓은 사고를 하는데 기여하고자 노력하고 있다.",-,0,1,0,미부착,개방불가,없음,
,654,대구트립로드,HOME > 관광명소 > 관광명소 검색 > 관광명소 추천검색 > 전체,앞산공원,"앞산공원은 도심에서 4.5㎞이내에 위치하여 시민들의 접근이 용이하고 자연경관이 수려하고 산림이 울창하며, 체력단련이 용이하다.앞산""으로 불리워지고 있는 것은 대구의 앞쪽에 있는 산이라는 뜻으로 불리워지던 것이 고유명사로 굳어졌을 것으로 생각된다.앞산케이블카 - 앞산 큰골 중심부를 가로질러 해발 300m에서 600m에 다다른다.앞산은 행정구역상 대구광역시 남구, 수성구, 달서구에 위치하고, 공원내에는 크고 작은 8개골과 20여개의 약수터 및 수많은 등산로가 있다.6.25당시 낙동강 전투의 승리를 기념하기 위한 낙동강 승전 기념관과 목숨을 바쳐 나라를 지킨 호국영령들을 추모하기 위한 충혼탑 및 청소년수련원, 궁도장, 승마장, 남부도서관을 비롯하여 체력단련장 등이 각 골에 고루 배치되어 있다. 앞산에는 113과 571종의 식물들이 자생하고 천연림에 가까운 참나무숲 10만여평과 잣나무단지24㏊ 5만여본이 울창하게 자라고 있고, 연중 1,600여만명이 즐겨 찾는 천혜의 산림욕장 및 산림문화휴양공간으로 제공되는 도시자연공원이다.정상에는 대구 시가지 전체를 한 눈에 조망할 수 있는 자연전망대 휴게소가 마련되어 있다.""",-,0,1,0,미부착,개방불가,없음,
,655,대구트립로드,HOME > 관광명소 > 관광명소 검색 > 관광명소 추천검색 > 전체,옻골마을(경주최씨 종가),문화재청이 선정한 ‘전국 10대 아름다운 돌담길’? 350년 수령의 회화나무숲을 지나 마을에 들어서면 옛 돌담길을 따라 고택 20여 채가 옹기종기 모여 있다. 400여 년 이어온 고택을 통해 조선시대 생활양식을 살펴볼 수 있다? 마을에는 전통체험을 할 수 있는 프로그램을 운영한다. 마을 해설을 무료로 들을 수 있다 ,-,0,1,0,미부착,개방불가,없음,
,656,대구트립로드,HOME > 관광명소 > 관광명소 검색 > 관광명소 추천검색 > 전체,대덕문화전당,"자연과 함께 숨쉬는 남구 대덕문화전당은 문화와 자연이 공존하는 곳으로 그 이름이 널리 알려져 오고 있다. 공연, 전시, 문화강좌 등 많은 문화와 예술 프로그램을 진행, 유치해오고 있다. 또한 남구 농악단, 남구 합창단 등 예술단의 활발한 활동을 토대로 지역 문화 발전에도 이바지 하고 있다.",-,0,1,0,미부착,개방불가,없음,
,657,대구트립로드,HOME > 관광명소 > 관광명소 검색 > 관광명소 추천검색 > 전체,관덕정 순교 기념관,"관덕정(觀德亭)은 조선시대에 무과 과거의 하나인 도시(都試)를 행하던 도시청(都試廳)이었고, 관덕정 앞으로는 과거를 보던 일종의 연병장이 있었다. 연병장 근처에 중죄인들을 공개 처형하던 처형장이 있었는데 동학의 창시자 최제우가 처형된 곳도 바로 이 곳이다. 을해박해(1815년), 정해박해(1827년), 기해박해(1839년), 병인박해(1866년) 때 천주교인 25명이 이곳에서 처형되었으며, 대구의 경상감영 옥사에서 순교한 이들도 31명에 이른다고 한다. 관덕정순교기념관은 한국 천주교 전래 200주년을 기념하여 천주교 대구대교구의 성지 개발 사업으로 건립된 것으로, 처형터로 고증된 땅 512.40㎡를 확보한 후 1985년부터 1990년까지의 공사기간을 거쳐 순교기념관 건립하였고, 1991년 5월 개관식을 가졌다. 지하 1층·지상 3층의 한옥 누각 형식 건물이다.",-,0,1,0,미부착,개방불가,없음,
,658,대구트립로드,HOME > 관광명소 > 관광명소 검색 > 관광명소 추천검색 > 전체,대구전시컨벤션센터(EXCO),"종합유통단지에 위치하고 있는 대구전시컨벤션센터(EXCO)는 전시, 예술, 공연, 비즈니스 등의 복합 전시문화 공간이다. EXCO의 전시실은 3m x 3m 부스를 총 600개까지 설치할 수 있는 국제 규모의 전문 전시실로 대구국제자동화기기전 대한민국 소방방재, 안전엑스포, 대한민국 그린에너지 엑스포 등 국내외 대규모 전시행사를 성공적으로 개최한 전문 전시공간이다. 최근에 국제육상대회를 기반으로 해서 더욱더 다양한 이벤트와 비즈니스에 주력하고 있다.",-,0,1,0,미부착,개방불가,없음,
,659,대구트립로드,HOME > 관광명소 > 관광명소 검색 > 관광명소 추천검색 > 전체,패션디자인개발지원센터,패션디자인개발지원센터(FCK)는 대구를 밀라노와 같은 세계적인 섬유/패션도시로 만들고자하는 밀라노 프로젝트의 일환이다. 섬유 패션사업을 국제경쟁력을 갖춘 고부가가치 사업으로 육성하기 위하여 산업통상자원부에서 지원하고 대구시에서 설립 운영하는 섬유패션종합연구지원기관이다.,-,0,1,0,미부착,개방불가,없음,
,660,대구트립로드,HOME > 관광명소 > 관광명소 검색 > 관광명소 추천검색 > 전체,한국섬유개발연구원,"1977년 9월 경북섬유기술전문훈련소로 설치한 뒤, 몇 년의 발전과 개정과정을 거쳐1996년 4월 지금의 명칭으로 확대, 개편하였다. 주요활동은 신제품 개발본부 운영에 의한 공정 및 제품개발, 섬유제품 품질향상을 위한 시험 및 분석 지원, 섬유정보지원본부 운영에 의한 섬유특화정보 발굴·지원, 섬유도서관 및 직물리소스센터 운영에 의한 기술 및 상품기획 지원 등이다. 조직은 신제품개발본부·섬유정보지원본부의 2본부와 8팀으로 구성되어 있다.",-,0,1,0,미부착,개방불가,없음,
,661,대구트립로드,HOME > 관광명소 > 관광명소 검색 > 관광명소 추천검색 > 전체,코오롱야외음악당,"2000년 9월 29일에 개관한 대구 코오롱야외음악당은 단일공연장으로서는 국내 최대의 규모로 두류공원 내에 위치하고 있다. 접근성이 좋아 많은 시민들이 찾고 있는 장소로 유명하다. 또한 1만 여평의 넓은 잔디광장에 2만 7천명을 수용할 수 있으며, 음악회를 비롯하여 연극, 뮤지컬, 오페라 등의 무대공연도 가능하여 문화공연이 많이 개최되고 있다. 이용자격에 제한을 두지 않는 개방적인 공간이다. 탁 트인 야외에서 휴식을 겸하여 공연을 감상할 수 있으어 시민의 곁으로 한 걸음 다가서는 열린 문화공간으로서의 역할을 다 할 것으로 기대된다.",-,0,1,0,미부착,개방불가,없음,
,662,대구트립로드,HOME > 관광명소 > 관광명소 검색 > 관광명소 추천검색 > 전체,구암 팜스테이 체험장,"대구 동구 미대동 팔공산 자락에 있는 구암팜스테이 체험장은 학생들의 농촌체험, 외국인 농촌체험 등 다양한 체험을 통한 체험교육의 재미와 우리 농촌 문화 이해를 돕기위한 전통적인 농촌체험 등 다양한 프로그램이 마련되어 있다.[계절별 농촌체험]봄 - 야생화, 허브, 모종심기, 고추모종심기, 방울토마토따기, 밭갈기, 씨앗뿌리기여름 - 방울토마토따기, 미꾸라지 잡기, 감자캐기가을 - 고무가캐서구워먹기, 미꾸라지,메뚜기잡기, 콩사리, 사과,단감,자두따기, 콜라비,당근 수확체험겨울 - 고구마, 감자, 밤, 은행 장작불에 구워먹기, 추억의 국화빵 굽기[연중상시 농촌전통음식만들기체험]두부, 칼국수, 인절미, 송편, 수제비, 김치, 장터국밥, 부침개 만들어 먹어보기 체험[연중상시 일반체험]천연염색비누체험장, 곤충학습체험장, 나무공예체험장, 집풀공예체험장[청소년수련활동]전통혼례체험, 트랙터타기, 예절체험, 무료전통체험",-,0,1,0,미부착,개방불가,없음,
,663,대구트립로드,HOME > 관광명소 > 관광명소 검색 > 관광명소 추천검색 > 전체,봉무공원,"시민들의 아늑한 휴식처로 각광을 받고 있는 도심 속의 자연공원이다. 주말이면 청소년 및 각종단체에서 친목을 위한, 족구, 배구, 테니스, 사이클 등을 즐길 수 있으며, 가족단위의 나들이로도 적합하다. 어린이 놀이시설물 및 야영장, 취사장, 샤워장 등을 갖추고 있으며, 야영장은 약 150 ~ 200명 수용이 가능하다. 또한 나비생태원 및 무궁화원을 조성하여 이용자의 감상 및 참여, 관람의 기회를 제공하고 청소년들에게는 정서함양에 기여할 수 있는 공간을 마련하고 있다.",-,0,1,0,미부착,개방불가,없음,
,664,대구트립로드,HOME > 관광명소 > 관광명소 검색 > 관광명소 추천검색 > 전체,약령시 한의약박물관,"350여 년 역사를 잇는 약령시에서 한방 웰빙 체험하기? 한의약의 원리와 생활 속 한방요법을 재미있게 체험할 수 있는 약령시 한의약박물관.무료 체험시설과 유료 체험 프로그램이 있다? 3층 전시실에 100년 전 약전골목을 실감나게 재현해 놓았다. 온갖 약초 표본과 한약 만드는 도구 등을 본 뒤 2층 한방체험실에서 한방족욕체험, 셀프 건강체크 등을 체험할 수 있다",-,0,1,0,미부착,개방불가,없음,
,665,대구트립로드,HOME > 관광명소 > 관광명소 검색 > 관광명소 추천검색 > 전체,대구환경공단,"환경시대 및 쾌적한 시민생활 향상에 부응하기 위하여 2007년 7월 1일 설립. 현재 7개 하수처리장, 1개 소각장, 3개 분뇨처리장, 1개 음식물병합처리장 등 총 12개 환경기초시설을 운영하는 전문 공기업이다. 폐기물 종합관리기관으로서 다양하고 질 높은 환경행정서비스를 제공하며 재활용을 통해 자원의 지속적인 순환에 기여하고 있다. 일상생활에서 발생되는 하수, 분뇨, 생활 및 음식물 쓰레기를 효율적으로 처리하여 친환경 서비스를 제공하기 위해 책임을 다하고 있다. 또한 환경체험 학습장으로 활용할 수 있도록 다양한 볼거리를 마련하고 있다. 개인 및 소규모 단체도 견학신청시 희망에 따라 견학할 수 있는 맞춤형 프로그램을 운영하고 있다. 그리고 공단에서는 축구장, 테니스장, 인라인스케이트장 등 체육시설을 운영하고 있다. 축구장은 유료이며 기타시설은 무료다.",-,0,1,0,미부착,개방불가,없음,
,666,대구트립로드,HOME > 관광명소 > 관광명소 검색 > 관광명소 추천검색 > 전체,수성랜드,"1993년대에 문을 연 역사와 전통을 자랑하는 유원지 시설이며, 대구 시민의 놀이와 휴식의 대명사인 수성유원지의 핵심 시설로서 자리매김하고 있다. 새로운 시설과 최고의 서비스로 고객을 모시고 있으며, 고품격 테마파크로의 발전도 기대하고 있다.",-,0,1,0,미부착,개방불가,없음,
,667,대구트립로드,HOME > 관광명소 > 관광명소 검색 > 관광명소 추천검색 > 전체,에코테마파크 대구 숲(휴업중),"사계절 내내 친환경 레저 체험을 즐길 수 있는 에코 테마파크? 테마정원, 체험공방, 에코어드벤처 등 자연 속 놀거리, 체험거리가 한데 모여 있다? 입구 메타세쿼이어숲에서 시작해 홍단풍길, 소나무가 우거진 피톤치드광장까지 길마다 수목이 울창하다? 유럽식 자연친화형 레포츠인 에코어드벤처. 중간 중간 농경생활사박물관, 녹차원, 동물사육장, 허브정원, 전망대 등이 있어 지루할 틈이 없다이용 시간 - 오전 10시 ~ 오후 6시이용 요금 - 9500원_x000D_
_x000D_
문의처 053-761-7400_x000D_
주소 대구광역시 달성군 가창면 가창로 1003_x000D_
홈페이지 http://daeguforest.com/_x000D_
비슬산군립공원_x000D_
비슬산군립공원_x000D_
1986년 2월 22일 달성군 군립공원으로 지정되었다. 흙산이면서도 산세가 장중하고, 대견봉과 조화봉·관기봉 사이에는 341㏊에 달하는 비슬산 자연휴양림이 있어 삼림욕과 휴식을 즐길 수 있다. 또 봄이면 고지 30만 평에 걸쳐 진달래꽃이 흐드러지게 피어 장관을 연출한다. 매년 4∼5월에 참꽃축제를 열고, 민속놀이·먹을거리 장터 등의 부대 행사를 개최한다. 그 밖에 여름에는 안개 계곡, 가을에는 단풍과 참억새, 겨울에는 얼음 동산이 유명하다. 공원 안에는 유가사(瑜伽寺)·용연사(龍淵寺)·소재사(逍災寺) 등의 고찰과 대견사지(大見寺址)가 있고, 각 사찰에는 많은 문화재가 있다. 달성공원, 달성의 측백수림, 달성 하목정 등 주변 관광지도 둘러볼 수 있다._x000D_
_x000D_
문의처 053-614-5481~2_x000D_
주소 대구광역시 달성군 유가면 휴양림길 230 자연휴양림 내 해발 590m_x000D_
홈페이지 https://www.dalseong.daegu.kr/culture/index.do?menu_id=00000912_x000D_
대구수목원_x000D_
대구수목원_x000D_
 쓰레기 매립장이 청정 수목원으로 재탄생? 쓰레기 매립장이었던 장소를 활용해 만든 전국 최초의 도심형 수목원? 약 246,503㎡ 면적에 약초원, 야생초화원, 방향식물원, 죽림원 등 23개 테마관이 있다? 산림문화전시관에서 쓰레기 매립장 복원, 우리의 나무 문화, 신기한 식물 탐험 등을 주제로 전시가 이뤄진다 .이용시간 - 09:00~18:00 (5~8월 08:00~19:00)연중무휴 (단, 월요일은 일부 시설 견학 제한)""",-,0,1,0,미부착,개방불가,없음,
,668,대구트립로드,HOME > 관광명소 > 관광명소 검색 > 관광명소 추천검색 > 전체,비슬산군립공원,-,-,0,1,0,미부착,개방불가,없음,
,669,대구트립로드,HOME > 관광명소 > 관광명소 검색 > 관광명소 추천검색 > 전체,대구수목원,-,-,0,1,0,미부착,개방불가,없음,
,670,대구트립로드,HOME > 관광명소 > 관광명소 검색 > 관광명소 추천검색 > 전체,어울아트센터,"1999년 북구문화예술회관으로 시작한 어울아트센터는 북구의 발전역사와 함께 해온 문화의 시작점입니다. 리듬의 음율처럼 다채로운 높낮이를 가진 아트센터에는 425명을 수용할 수 있는 공연장과 60평의 전시장이 있습니다. </ br>지난 2015년 생활문화센터를 개소하면서 작은 공연장과 야외공연장, 작은 전시장도 새롭게 마련되었습니다. 아트센터를 둘러싼 다양한 꽃과 나무들은 사계절 마다 다른 모습으로 맞이하며, 사이사이 전시된 조각 작품과 어우러져 누구에게나 열려있는 조각공원이 됩니다.이처럼 여러분의 어울아트센터는 전문적인 공연, 전시를 비롯해 생활문화예술을 경험할 수 있는 작지만 강한 복합문화공간으로 지역의 문화지평을 넓혀가고 있습니다.",-,0,1,0,미부착,개방불가,없음,
,671,대구트립로드,HOME > 관광명소 > 관광명소 검색 > 관광명소 추천검색 > 전체,부인사,"대한불교조계종 제9교구 본사인 동화사(桐華寺)의 말사로, 부인사(符仁寺) 또는 부인사(夫人寺)라고도 한다. 신라 선덕여왕 때 창건된 절로 추정하고 있다. 고려시대에 초조대장경의 판각이 이루어졌다고도 말해지는 부인사는 몽골 칩입시 화재로 대부분 소실되었다. 이후 중건하였으나 임진왜란 때 다시 불탔다. 지금 건물은 1930년대 초 비구니 허상득(許相得)이 원 위치에서 서북쪽으로 약 400m 거리에 있는 암자터에 중창한 것이다. 당우에는 석가모니불상과 아미타불상, 관세음보살상을 안치한 대웅전과 선덕묘, 2동의 요사채가 있다. 이 밖에도 주춧돌, 화려한 문양의 장대석(長臺石)을 볼 수 있다. <좀 더 알아보기> 부인사는 동구 신무동 팔공산 남쪽 중턱에 있는 사찰로 대한불교 조계종 제9교구 본사인 동화사의 말사이다. 현재의 부인사는 옛 부인사 경역의 뒷쪽 산밑에 자리잡고 있는 작은 절이지만 한때는 고려 초조대장경을 보관했던 호국사찰로서 매우 중요한 사찰이다. 그러나 부인사에 관한 개창시기나 연혁은 잘 알려지지 않아 부인사의 창건연대와 위치에 대해서는 논란이 많은 편이다. 당시 7세기 초 창건으로 전해오고 있는 현 부인사에는 신라 선덕여왕 어진을 모시고 매년 음력 3월 보름에 신무동 주민과 사찰측 및 경주 김씨 종중에서 선덕여왕 숭모제를 지내는 것에서 부인사의 내력을 짐작할 만하다. 옛 절터가 지금은 포도밭으로 변해 있지만 현 사찰에서 200m 남쪽에 당간지주가 남아 있고 팔공산 순환도로 남쪽으로 추정 금당좌가 연접하고 있어 옛날 번창기의 사역 범위를 보여주고 있다. 현 부인사는 6.25동란 때 불탄 것을 1959년에 중건한 것이다. 고려시대에는 국내에서 유일한 승시장이 부인사에 개설될 정도로 아주 번창했던 사찰이었음을 알 수 있다. 정도전의 송화암종사우운시서의 기록 중에도 부인사가 팔공산에 위치한 거찰이었음을 알 수 있다. 부인사는 고려 초조대장경의 판각처로 널리 알려져 있는데, 현종 3.4년(1013)경부터 조각되기 시작하여 숙종 4년(1099)에 완성된 총 1만 여권의 초조대장경은 처음 여왕사, 개국사 등에 봉안하였다가 그 후 어느 시기에 이곳 부인사에 봉안하게 되었고 이곳에서 여러번의 인간(印刊)이 있었다. 그후 고종 19년(1232) 몽고의 제2차 침입시 원군이 부인사 대장경과 황룡사 9층 목탑을 불태워버렸다. 이상의 자료들을 통해서도 부인사의 창건연대는 확실히 알 수 없지만 사찰의 위치가 지금의 영천 근방으로 팔공산 동화사와 인접해 있었고 거찰로서 고려 초조대장경을 보관하여 외침을 극복하려 했던 호국사찰임을 알 수 있다.",-,0,1,0,미부착,개방불가,없음,
,672,대구트립로드,HOME > 관광명소 > 관광명소 검색 > 관광명소 추천검색 > 전체,아회아트홀,아회아트홀은 대구시민을 위한 공간으로 녹음시설과 연습실 등과 전시실 등이 갖추어져 있다. 각종 콘서트와 문화활동을 지원하는 곳이다.,-,0,1,0,미부착,개방불가,없음,
,673,대구트립로드,HOME > 관광명소 > 관광명소 검색 > 관광명소 추천검색 > 전체,수성아트피아,"수성아트피아는 양질의 작품들, 다양한 작품들을 매개로 한국/세계의 유수한 아티스트들과의 “정서적/정신적/심리적”인 <만남과 대화>를 만들겠다는 목표 아래 건설되었다. 아티스트들의 공연이나 예술작품들이 이곳에 많이 유치되고 있다. 오페라나 음악콘서트, 미술전시회 등이 정기적으로 열려 문화공간을 찾는 관광객들이라면 한 번쯤 들러 볼 장소이다.",-,0,1,0,미부착,개방불가,없음,
,674,대구트립로드,HOME > 관광명소 > 관광명소 검색 > 관광명소 추천검색 > 전체,Vintage,"복합문화공간 빈티지는 창작과 문화예술 공유공간으로써 창조적 활동을 지원하는 곳이다. 생활 속의 문화공간으로서 각종 소규모 퍼포먼스가 가능토록 시설을 완비하고 있고, 다양한 개인 모임과 파티가 가능하도록소박하게 꾸며져 있다. 공연, 파티가 없는 날이라도 언제든 커피 한 잔의 여유를 즐길 수 있다.",-,0,1,0,미부착,개방불가,없음,
,675,대구트립로드,HOME > 관광명소 > 관광명소 검색 > 관광명소 추천검색 > 전체,동산의료원 의료선교 박물관,대구의 몽마르트르에서 만나는 고풍스러운 옛 선교사 주택? 1910년 경 미국인 선교사 챔니스가 머물던 주택으로 현재 의료박물관으로 운영중? 담쟁이 넝쿨이 뒤덮인 벽돌 건물이 1900년대의 모습을 그대로 간직하고 있다. 당시 선교사들의 주거 양식을 살펴볼 수 있는 귀중한 문화유산이다? 1층 전시실에는 1800~1900년대 동서양 의료기기가 전시되어 있다. 2층에서 드라마 &lt;사랑비&gt;의 한 장면을 촬영했으나 현재는 개방하고 있지 않다 ,-,0,1,0,미부착,개방불가,없음,
,676,대구트립로드,HOME > 관광명소 > 관광명소 검색 > 관광명소 추천검색 > 전체,대구미술광장,규모는 작지만 무척 아기자기하게 잘 꾸며져 있다. 자연과 함께 여러 가지 미술작품을 관람할 수 있다는 것이 대구미술광장만의 장점이라고 할 수 있다. 각 계절마다 느껴지는 각기 다른 광장의 모습은 대구미술광장을 찾는 또 다른 이유가 될 수 있을 것이다.,-,0,1,0,미부착,개방불가,없음,
,677,대구트립로드,HOME > 관광명소 > 관광명소 검색 > 관광명소 추천검색 > 전체,한국영상 박물관,"세계에서 제일 작은 박물관이며, 단 하나밖에 없는 유일한 비디오 카메라 박물관이다. 각 국가에서 제작된 비디오 카메라와 영상관련 기계, TV,영화필름, 영상물 콘텐츠 자료 등을 수집, 보전, 전시하고 있다. 미래 영상산업의 발전과 영상교육의 장을 만들고 영상예술의 진흥과 발전의 역할을 수행할 것이다.",-,0,1,0,미부착,개방불가,없음,
,678,대구트립로드,HOME > 관광명소 > 관광명소 검색 > 관광명소 추천검색 > 전체,송광매 기념관(송광매원),"박물관과 매원으로 구성되어 잇는 기념관은 원래 권 관장이 1975년 남구 대명동에 생산도구연구소를 발족시키면서 시작됐다. 전통 씨매실 관련 자료를 비롯하여 길쌈, 도자기, 서화, 전통염색 작품, 쇠부리(야철) 각종 생산도구 및 생활자료 등 근래에는 보기 힘든 전통 수공업 용품들이 일목요연하게 정리되어 있다.",-,0,1,0,미부착,개방불가,없음,
,679,대구트립로드,HOME > 관광명소 > 관광명소 검색 > 관광명소 추천검색 > 전체,대구교육대학교 교육박물관,"박물관의 전시는 소장 유물과 교육박물관의 특성을 살린 총 4개 전시실로 구성되어 있으며 해당 전시실 사항은 아래와 같다. 제 1전시실인 초등교육역사실에는 영남지방의 선사시대부터 시작하여 역사시대까지 해당되는 석기, 청동기, 철기, 토기, 도자기 등의 역사적인 유물이 전시되어 있다. 제 2전시실인 민속전시실은 옛 선조들의 일상생활 양식과 관습의 모습을 엿볼 수 있는 각종 생활민속을 전시하는 곳으로 각종 농공구류, 일상 생활용기, 백자 및 분청사기를 비롯한 총 130여점이 전시되어 있다. 제 3전시실인 교육자료실은 조선시대의 교육자료를 비롯하여 일제강점기, 미군정기 및 60～70년대의 희귀 교과서 및 수업에 사용된 물건을 비롯한 각종 교육자료를 전시하는 곳으로 총 411여점의 전시물이 전시되어 있다. 제 4전시실인 전통문화체험실은 대구사범학교 시절과 2년제 대구교육대학에서 현재에 이르기까지의 본 대학의 역사를 살펴 볼 수 있는 교사자료를 전시하는 곳으로 앨범과 대학신문, 교지, 논문집 등 80여 점의 교사자료를 비롯하여 51점의 사진자료가 전시되어 있다.",-,0,1,0,미부착,개방불가,없음,
,680,대구트립로드,HOME > 관광명소 > 관광명소 검색 > 관광명소 추천검색 > 전체,대구스포츠 기념관,"2002 월드컵, 2003 대구하계U대회 등 축제의 중심에 있었던 대구스타디움을 시민의 문화공간으로 활용하고, 대구시민의 자부심을 드높이기 위해 대구스포츠기념관이 설립되었다. 축구, 배구, 육상등 다양한 스포츠의 체험활동이 지원된다.",-,0,1,0,미부착,개방불가,없음,
,681,대구트립로드,HOME > 관광명소 > 관광명소 검색 > 관광명소 추천검색 > 전체,북지장사,"485년(신라 소지왕 7) 극달(極達) 화상이 창건했으며, 684년(신문왕 4) 양개(良价)가 창건한 달성군 가창면의 남지장사와 대비되는 절이다. 1040년(고려 정종 6) 최제안(崔齊顔)이 쓴 경주 천룡사(天龍寺) 중창 관련문서에 따르면, 이 절의 밭이 200결이나 되었다고 하므로 당시에는 규모가 큰 절이었음을 알 수 있다. 지장사라고도 불렀다고 하나 이후의 연혁은 별로 전하는 것이 없다 <좀 더 알아보기> 동화사의 말사(末寺)인 북지장사는 신라 소지왕 7년(485년)에 극달화상이 창건하였다고 전해지는 고찰로, 주변에 고려시대 이전의 유물인 건물지, 기단, 석탑 등이 있다. 지장보살을 봉안한 절로, 달성군 가창면의 남지장사와 짝을 이루고 있다. 갓바위와 동화사로 이어지는 도로변에 이정표가 있다. 대웅전 암막새에 천계(天啓)3년(1623년)과 강희(康熙)4년(1655년)의 명문이 있는 것으로 보아 17세기에 사역(使役)이 있었음을 알 수 있으며, 1975년과 1982년에 중건하였다. 문화재로는 국가지정 문화재인 대웅전과 시지정 문화재인 석조지장보살좌상, 3층석탑이 있다. -북지장사의 창건 설화- 동촌에 거주하던 효행이 극진하고 유덕부요(有德富饒)한 류 정선처사가 풍수대가에 의하여 현재의 대웅전(지장전)자리를 묘지로 선정해 놓고 부친이 돌아가시자 미리 정해 놓은 무덤자리를 파헤치니 그 가운데 흡사 사람모양의 돌덩이가 하나 돌출 하므로서 모두가 이상스럽게 여기고 있는 순간, 상주 류 정선이 비몽사몽을 얻었는데 흰 소복의 스님 모습의 미인이 한 분 나타나서 """"나는 지장보살이다. 이 자리는 묘지가 아니다. 이곳에는 절을 지어 많은 중생을 제도하여 참된 대효자가 되어라."""" 하고는 즉시 사라지셨다. 이러한 영기로운 계시를 받고 지척거리인 인봉에서 걸식생활로 고행 수도하시는 극달선사의 간곡한 설법지시로 매장을 단념하고 화장을 치룬 후 출가스님이 되어 바로 이 자리에 사찰을 세우고 인형의 돌덩이는 지장보살로 조각하여 모셨으므로 절 이름을 지장사라고 전해오고 있다..",-,0,1,0,미부착,개방불가,없음,
,682,대구트립로드,HOME > 관광명소 > 관광명소 검색 > 관광명소 추천검색 > 전체,국립대구박물관,"대구와 경북 지역 문화유산을 보고 체험하는 알찬 공간? 박물관 실내의 고대문화실, 중세문화실, 섬유복식실, 기획전시실과 야외의 유물 전시장, 유적공원, 토기가마전시장 등을 돌아보며 대구?경북 지역의 문화유산을 관람? 암각화 찍어보기, 탁본하기, 문화재 조각 맞추기 등 다양한 체험 프로그램을 운영",-,0,1,0,미부착,개방불가,없음,
,683,대구트립로드,HOME > 관광명소 > 관광명소 검색 > 관광명소 추천검색 > 전체,신숭겸 장군 유적지,"태조 왕건을 대신해 목숨을 바친 신숭겸 장군의 충절이 깃든 곳? 고려 개국 공신인 신숭겸 장군이 공산 전투 때 태조 왕건 대신 순절한 역사적인 장소? 1607년 경상도 관찰사 류영선이 장군의 혼을 위로하고자 태조 왕건이 세웠던 옛 지묘사 터에 표충사와 표충단, 충렬비를 건립. 고종 8년 서원철폐령으로 표충사는 사라지고 후손들이 세운 표충재가 지금까지 남아 있음 ",-,0,1,0,미부착,개방불가,없음,
,684,대구트립로드,HOME > 관광명소 > 관광명소 검색 > 관광명소 추천검색 > 전체,순천박씨 세거지,"묘리에는 등실등실한 골기와집이 처마를 맞대고 있다. 이곳은 사육신 박팽년의 후손인 순천박씨들의 세거지이다. 사육신의 유일한 후손인 박일산의 후예들은 육신사를 세워 사육신 여섯 어른의 제사를 매년 지내고 있다. 육신사는 1972년 기초공사를 시작해 1981년 완공한 건물로 외삼문, 삼충각, 숭절당 등이 들어서 있다. 사육신의 행적을 기록한 육각기념비와 박일산이 창건한 태고정(보물 제 554호)이 눈길을 끌고있다. 이외에도 7대손 숭고(崇古)가 1644년에 세웠다는 충효당. 8대손 중휘(重휘)가 1664년에 세웠다는 금서헌. 14대 후손 문현(文鉉)이 1778년에 세웠다는 도곡재(무형문화재 제32호) 등이 있고, 박경리의 소설 “토지”의 배경이 되기도 했다는 묘동 박황(妙洞 朴湟)가옥, “삼가헌”(三可軒)이 오랜 역사와 전통을 이어가고 있다.",-,0,1,0,미부착,개방불가,없음,
,685,대구트립로드,HOME > 관광명소 > 관광명소 검색 > 관광명소 추천검색 > 전체,보현사,"대한불교조계종 제9교구 동화사 직할 포교당으로 정기법회, 수능백일기도, 산행법회 등 여러가지 행사와 체험 프로그램들도 시행하고 있다.",-,0,1,0,미부착,개방불가,없음,
,686,대구트립로드,HOME > 관광명소 > 관광명소 검색 > 관광명소 추천검색 > 전체,삼충사 묘정각,"의병장 최계(1567년 명종 22년∼1162년 광해군14년)는 무신으로 1591년 무과에 급제한 무관이다. 1592년 임진왜란 당시, 망우당 곽재우의 의병세력과 합세하여 일본과의 전투에서 승리한 후 이곳에 거주하였는데, 후손들이 최계와 다른 이들의 업적을 기리기 위해 1828년 중에 삼충사를 건립하였다. 1828(순조 28)년에 비를 건립, 1996년 현 위치로 이전하였다.",-,0,1,0,미부착,개방불가,없음,
,687,대구트립로드,HOME > 관광명소 > 관광명소 검색 > 관광명소 추천검색 > 전체,계명대학교 행소 박물관,1978년 5월 대명동 캠퍼스에서 개관하여 다양한 유적의 발굴조사와 학술대회를 개최하고 있는 곳이다. 특히 고령·성주지역의 가야시대 고분군의 발굴조사와 김천·경주 등에서 신석기시대부터 삼국시대에 이르기까지의 다양한 유적을 조사함으로써 이 지역 고대역사의 체계화와 문화 복원에 중요한 역할을 수행하고 있다. 또한 매실방에 소속되어 있는 야외의 넓은 매실농장은 교육의 장소로 사용되고 있다.,-,0,1,0,미부착,개방불가,없음,
,688,대구트립로드,HOME > 관광명소 > 관광명소 검색 > 관광명소 추천검색 > 전체,퀸스로드,"대구 중리체육공원 부근에 위치한 퀸스 로드는 다양한 근린생활시설을 비롯해 뷰티점, 헬스장, 식당, 패션타운 등을 보유한 복합문화공간이다. 여유로운 주차 공간도 보유하고 있다.",-,0,1,0,미부착,개방불가,없음,
,689,대구트립로드,HOME > 관광명소 > 관광명소 검색 > 관광명소 추천검색 > 전체,김처정 재령이씨 효열각,효자 청도인 김처정은 재질이 탁월하고 효성이 지극하여 세인의 칭송을 받아 왔었다. 부친께서 불치의 병으로 30년간 신음하였으나 하루같이 지성으로 봉양하였는데 병세는 더욱 더 악화되어 음식도 먹지 못하고 20년간 인유(人乳)만 먹고 살았다. 그는 인근마을 유모를 찾아다니며 인유를 얻어 봉양하였는데 하루는 메추리를 먹고 싶다하여 그것을 구하려 할 때 매가 메추리를 잡아 집 앞에 던져주어 그는 기뻐하여 봉양하였다. 이를 나라에서 알고 정려를 내렸다. 열녀 재령 이씨는 김처정의 손자 김여택의 처로서 평소에 효성이 지극하고 부덕을 겸비하였다. 그런데 남편이 우연히 병을 얻어 신음하자 극진히 치료하였으나 마침내 세상을 떠나고 말았다. 이에 그녀는 뒤따라 죽으려 하였으나 상중에 애기가 있어 참아 오다가 출산 후 식음을 전폐하고 자진하여 뒤를 따랐다. 그 후 숙종께서 효심이 지극한 효자와 열녀의 깊은 뜻을 헤아려 나라에서 세운 효열각이다.,-,0,1,0,미부착,개방불가,없음,
,690,대구트립로드,HOME > 관광명소 > 관광명소 검색 > 관광명소 추천검색 > 전체,계산성당,이국적인 성당을 거닐며 100년의 역사를 돌아보는 여행? 경상도에서 가장 오래된 성당으로 가톨릭뿐 아니라 대구의 역사도 볼 수 있다.? 고딕양식의 외관과 스테인드글라스를 통해 들어오는 빛의 알록달록함에 매료되는아름다운 공간이 인상적이다,-,0,1,0,미부착,개방불가,없음,
,691,대구트립로드,HOME > 관광명소 > 관광명소 검색 > 관광명소 추천검색 > 전체,갓바위,"돌계단 1,365개 한 칸 한 칸 오르며 갓바위에서 소원 빌기? 갓바위는 정성껏 기도하는 사람의 소원 한 가지는 꼭 들어준다는 전설을 간직하고 있다? 갓바위가 있는 관봉에 올라서면 팔공산 능선과 구불구불한 길이 겹겹이 펼쳐진다? 보물 제431호로 지정된 관봉석조여래좌상 앞에서 정성스레 기도를 올리는 사람들로사시사철 붐빈다",-,0,1,0,미부착,개방불가,없음,
,692,대구트립로드,HOME > 관광명소 > 관광명소 검색 > 관광명소 추천검색 > 전체,옻골동산,대구광역시 북구 칠곡 3지구의 국우터널 근처에 있는 공원이다. 주변에 동천공원과 운암지공원이 있다. 여름이면 잔디광장과 푸른 숲이 인상적인 곳으로 겨울이면 다소 한적하다. 시민들의 소풍 장소 및 단체구기를 위한 장소로도 많이 이용되고 있다.,-,0,1,0,미부착,개방불가,없음,
,693,대구트립로드,HOME > 관광명소 > 관광명소 검색 > 관광명소 추천검색 > 전체,대구도동 측백나무숲,"불로동에서 동쪽으로 2km쯤 가면 길 오른쪽에 내를 낀 향산이 나타난다. 이 산의 북쪽으로 비탈의 높이가 100여m에 길이 60여m의 낭떠러지를 온통 덮고 있는 울창한 숲이 바로 우리나라 천연기념물 제1호로 지정된?동구 도동 측백수림이다. 측백나무는 측백나무과에 딸린 상록교목으로 큰 것은 높이 20m에 이른다. 이곳의 측백수림은 측백나무의 남한지로써 식물지리학상의 중요성으로 인해 1934년 천연기념물로 지정되었다. 또한 이곳은 조선조 대구가 낳은 대학자인 서거정 선생이 찬미한 대구 10경중 한곳으로, 측백수림 아래에는 옛날 대구에서 영천·경주로 가는 길이 있어 절벽 아래를 흐르는 계곡수와 더불어 아름다운 경치를 이루어 행인들의 피로를 덜어 주었다고 한다.",-,0,1,0,미부착,개방불가,없음,
,694,대구트립로드,HOME > 관광명소 > 관광명소 검색 > 관광명소 추천검색 > 전체,2.28기념중앙공원,대구 중심지에 위치한 도시근린공원으로 조화롭게 꾸며진 자연경관이 인상적이다.,-,0,1,0,미부착,개방불가,없음,
,695,대구트립로드,HOME > 관광명소 > 관광명소 검색 > 관광명소 추천검색 > 전체,대구향교,"조선시대부터 이어져 내려온 공자의 가르침이 깃든 배움터? 조선 건국과 더불어 1398년 지금의 중구 교동에 대구향교 창건? 임진왜란 때 소실된 후 1932년 지금 자리에 대성전과 동서무, 명륜당 재이건. 1995년 유림회관이 신축되면서 현재의 모습을 갖추게 됨. 규모가 크지는 않지만 단아한 건물과 잘 가꿔진 조경 덕분에 조용히 사색하며 거닐기 좋다",-,0,1,0,미부착,개방불가,없음,
,696,대구트립로드,HOME > 관광명소 > 관광명소 검색 > 관광명소 추천검색 > 전체,삼가헌,"충정공 박팽년(1417∼1456)의 자손들이 정착하여 온 박씨마을 묘골과 낮은 산 하나를 경계로 하여 자리잡은 조선시대의 주택이다. 넓은 터에 대문간채·사랑채·안채·별당·연못이 배치되어 있다. 충정공의 11대손인 삼가헌 박성수가 영조 45년(1769)에 사랑채를 짓고 자신의 호를 현판으로 걸어 삼가헌이라 이름지었다. 대문을 들어서면 바로 보이는 건물이 사랑채이며, 안채는 사랑채를 거쳐야 출입을 할 수 있다. 안채와 사랑채는 트인 ㅁ자형의 구조를 하고 있으며 안채로 드나드는 중문채와 곳간으로 연결이 되어있다. 사랑채는 ㄱ자형 평면으로 넓은 대청과 골방이 딸린 온돌방 2칸·마루방·청지기방을 두었다. 안채는 ㄷ자형으로 부엌·안방·대청·건넌방·개방된 툇마루 등으로 꾸몄다. 사랑채와 안채 사이의 서쪽으로 장독대·곳간채·안변소가 자리잡고 있다.",-,0,1,0,미부착,개방불가,없음,
,697,대구트립로드,HOME > 관광명소 > 관광명소 검색 > 관광명소 추천검색 > 전체,들안길 먹거리타운,"식당별로 국제대회 입상과 특색음식 있는 개발로 국내·외 방문객 에게 최고의 먹거리를 제공하는 관광 명소로서 각광을 받고 있는 곳이다. ‘먹자골목’이라고도 불린다. 들안길 일대에는 뷔페, 한식, 일식, 갈비, 회 등 다양한 음식점이 즐비하게 늘어서 있으며 최고의 맛과 시설로 손님을 맞이하고 있다. 국수, 해장국, 보쌈, 장어, 복어 등 한 두가지 만을 취급하는 전문식당들도 고유의 비법으로 손님을 끌고 있다. 인근에 수성유원지가 자리 잡고 있어, 식사 후 가볼만 하다.",-,0,1,0,미부착,개방불가,없음,
,698,대구트립로드,HOME > 관광명소 > 관광명소 검색 > 관광명소 추천검색 > 전체,우드앤하비(목공체험),공간에 가구를 맞추다.가구와 눈높이를 맞추다.,-,0,1,0,미부착,개방불가,없음,
,699,대구트립로드,HOME > 관광명소 > 관광명소 검색 > 관광명소 추천검색 > 전체,수창청춘맨숀,과거 연초제조창 직원들의 관사로 이용되었던 건물을 리모델링하여 탄생한 복합문화예술공간 청년예술가들의 실험적인 예술활동을 지원하고 시민들의 문화향유를 위한 다양한 프로그램들을 운영하고 있으며 과거의 흔적과 현재의 청년예술 활동들이 어울려진 모습을 엿볼 수 있다.,-,0,1,0,미부착,개방불가,없음,
,700,대구트립로드,HOME > 관광명소 > 관광명소 검색 > 관광명소 추천검색 > 전체,땅땅랜드(치킨체험 테마파크),"○ 체험내용 : 2018년 9월 1일 땅땅랜드가 매년 여름 치맥축제가 열리고 있는 치맥의 성지인 대구에서 오픈 하였다. 대한민국 최초이자 최대의 치킨체험 테마파크인 땅땅랜드는 보고 만들고 먹고 즐기는 공간으로 한 곳에서 4가지의 맛을 동시에 즐길 수 있는 신개념의 복합문화의 장입니다.○ 체험시간 : 1시간 30분 정도○ 체 험 비 : 치킨체험 16,000원, 버거체험 17,000원, 치킨&amp;버거체험 20,000원 - 20%할인 : 4인이상 가족, 13세이하, 65세이상, 장애인 - 10%할인 : 20명이상 단체",-,0,1,0,미부착,개방불가,없음,
,701,대구트립로드,HOME > 관광명소 > 관광명소 검색 > 관광명소 추천검색 > 전체,옥연지 송해공원,"봄이면 만개하는 벚꽃길로 유명한 옥연지 일대에 송해공원을 조성하여 새로운 휴양 코스로 급부상하고 있는 곳이다. 송해공원은 달성군 명예군민인 방송인 송해 선생의 이름을 따 명칭한 곳으로, 둘레길 데크, 백년수중다리, 바람개비 쉼터, 전망대, 금동굴, 얼음빙벽 등 다양한 볼거리로 조성되어있다. 2018년까지 삼림욕장조성, 전국노래자랑 무대 조성, 송해 조형물 설치 등 다양한 볼거리가 있는 달성군의 대표 관광지로 거듭날 예정이다.",-,0,1,0,미부착,개방불가,없음,
,702,대구트립로드,HOME > 관광명소 > 관광명소 검색 > 관광명소 추천검색 > 전체,하중도,"봄 유채꽃, 가을 코스모스가 장관? 상습 침수지이자 환경 오염원이던 땅을 정비해 계절별로 피는 꽃을 심으면서 시민들의 휴식처로 변신함? 봄에는 유채꽃과 보리, 가을에는 코스모스와 메밀을 심어 아름다운 풍광을 연출? 하중도 하류에는 하천 정화력을 가진 물억새를 식재했다 ",-,0,1,0,미부착,개방불가,없음,
,703,대구트립로드,HOME > 관광명소 > 관광명소 검색 > 관광명소 추천검색 > 전체,삼송베이커리,"대구를 대표하는 추억의 빵집? 1957년 남문시장에서 삼송제과로 시작해 3대를 이어 가는 추억의 빵집? 구운 고로케와 마약빵이라 불리는 통옥수수빵을 개발해 사람들의 입맛을 사로잡았다? 대표메뉴는 통옥수수빵, 야채고로케, 소보로팥빵, 크림치즈 찰떡빵, 삼송 만주 등이다 ",-,0,1,0,미부착,개방불가,없음,
,704,대구트립로드,HOME > 관광명소 > 관광명소 검색 > 관광명소 추천검색 > 전체,대구삼성라이온즈파크,"신축 야구장에서 쾌적하게 야구 관람하기? 지하철역과 가까워 접근성이 좋고 남녀노소 누구나 즐길 수 있는 야구장? 8각 다이아몬드 형태로 신축해 관람석의 80%가 그늘이라 쾌적한 야구 관람이 가능.파티플로어, 잔디석, 커플석, 모래놀이석 등 다양한 이벤트석이 있어 아이와 함께 찾은 가족, 커플 등 입맛에 따라 좌석을 고를 수 있다 ",-,0,1,0,미부착,개방불가,없음,
,705,대구트립로드,HOME > 관광명소 > 관광명소 검색 > 관광명소 추천검색 > 전체,남산동 가톨릭타운,"프랑스 루르드의 성모 동굴과 닮은 천주교의 성지? 대구가톨릭대학교 유스티노 캠퍼스 안에 자리한 천주교의 성지. 대구 교구의 초대 교구장이었던 드망즈 주교가 1918년 축성했다? 프랑스 루르드의 성모 동굴을 본 떠 만들었다. 적, 흑벽돌과 화강암으로 쌓아 올린 건물이 아름답다. 암굴로 꾸며진 내부 상단에 마리아상이 봉안되어 있다 ",-,0,1,0,미부착,개방불가,없음,
,706,대구트립로드,HOME > 관광명소 > 관광명소 검색 > 관광명소 추천검색 > 전체,작은중앙가족박물관,작지만 약전골목 역사와 한약방의 역사를 한눈에 볼 수 있는 명소? 약전골목에서 3대째 한약방을 운영하고 있는 중앙한약방? 한약방이 과거의 역사가 아니라 현재에도 살아 숨 쉬는 역사임을 느낄 수 있는 사립박물관? 중앙한약방에서 직접 제조한 건강한방약차를 맛 볼 수 있는 건강한 여행,-,0,1,0,미부착,개방불가,없음,
,707,대구트립로드,HOME > 관광명소 > 관광명소 검색 > 관광명소 추천검색 > 전체,달성습지,"낙동강과 금호강이 합류하는 천혜의 자연습지? 달성습지는 범람형 하천습지로 사계절 아름다운 들꽃과 겨울철새 도래지로 유명? 맹꽁이, 구렁이, 수달, 수리부엉이, 검독수리 등 멸종위기종만 십여 종이 서식? 2018년 완공예정인 달성습지 생태학교는 맹꽁이 생태교실, 두꺼비 생태교실, 달성습지생태교실을 예약제로 운영중이며 생태교육관과 전시관, 탐방나루터가 조성될 예정임",-,0,1,0,미부착,개방불가,없음,
,708,대구트립로드,HOME > 관광명소 > 관광명소 검색 > 관광명소 추천검색 > 전체,청라언덕,"대구 속 몽마르트르 언덕에서 낭만 여행? 대구 근대화의 중심지이자, 100여 년의 역사가 고스란히 녹아 있는 곳? 이국적인 서양식 주택과 무성한 나무, 아기자기한 정원이 있어 사계절 내내 아름답다? 선교사주택, 의료선교박물관에서 근대 건축 양식과 서양 의학의 흔적을 엿 볼 수 있다 ",-,0,1,0,미부착,개방불가,없음,
,709,대구트립로드,HOME > 관광명소 > 관광명소 검색 > 관광명소 추천검색 > 전체,앞산 카페거리,"대명9동 일대 주택을 리모델링한 레스토랑, 아기자기한 개인 카페가 모여 있는 앞산카페거리는 맛있는 식사와 커피, 디저트는 물론 봄에는 새하얀 벚꽃, 가을 은행나무 가로수, 겨울에는 크리스마스 거리조명 등 계절별 인생샷을 남길 수 있어 커플 데이트 명소로 유명하다.",-,0,1,0,미부착,개방불가,없음,
,710,대구트립로드,HOME > 관광명소 > 관광명소 검색 > 관광명소 추천검색 > 전체,단산지,고즈넉한 수변 길 산책과 함께 수상 레포츠 즐기기? 남녀노소 누구나 걸을 수 있는 평탄한 산책길. 호수에는 수상 레포츠 체험시설이 마련되어 있다. 수상 레포츠 시설 이용 시 비용 발생? 3.5km 길이의 저수지 둘레 길에 울창한 나무가 가득해 숲속을 걷는 듯하다. 전망 벤치에 앉아 호젓하게 풍경을 감상하기 좋다. 무궁화동산에 오르면 단산지 일대 풍경이 시원하게 펼쳐진다,-,0,1,0,미부착,개방불가,없음,
,711,대구트립로드,HOME > 관광명소 > 관광명소 검색 > 관광명소 추천검색 > 전체,하이마트 고전음악감상실,국내 유일의 클래식 음악 감상실? 어두운 조명 아래 잔잔하게 울려 퍼지는 클래식 음악이 마음의 평안과 힐링의 시간을 선사. 음악 신청도 가능하며 LP판이 주는 깊고 묵직한 감동을 느낄 수 있다? 음악 감상실 밖에 이야기를 나눌 수 있는 공간도 마련되어 있다. 커피 또는 차 무료 제공 ,-,0,1,0,미부착,개방불가,없음,
,712,대구트립로드,HOME > 관광명소 > 관광명소 검색 > 관광명소 추천검색 > 전체,첨단의료복합단지,"대구 메디시티에 자리 잡은 첨단의료산업단지? 한국 의료산업의 수준을 알려주는 메디컬 연구단지? 신약개발지원센터, 첨단의료기기개발지원센터, 실험동물센터, 임상시험신약생산센터 등 한국 의료산업을 세계적 수준으로 도약시키기 위한 연구소 입주",-,0,1,0,미부착,개방불가,없음,
,713,대구트립로드,HOME > 관광명소 > 관광명소 검색 > 관광명소 추천검색 > 전체,경북대학교 가로수길(백양로),"경북대 플라타너스 가로수길에서 데이트하기? 오래된 플라타너스가 울창하게 터널을 이룬 낭만적인 산책길? 경북대학교 제1과학관과 농구장 사이, 약 220m 길이의 백양로는 드라마 사랑비에서 두 주인공이 우산을 쓰고 걷던 길이다. 하늘을 가릴 만큼 울창한 플라타너스 나무가 호젓하게 길을 터준다 ",-,0,1,0,미부착,개방불가,없음,
,714,대구트립로드,HOME > 관광명소 > 관광명소 검색 > 관광명소 추천검색 > 전체,삼덕동 벽화마을,"구석구석 숨은 아기자기한 벽화와 근대문화유산을 발견하는 보물찾기 같은 여행? 일제강점기에 지어진 적산가옥과 개량한옥, 마을 길 곳곳에 그려진 벽화를 찾는 재미가 쏠쏠한 여행지? 벽화와 담장 허물기를 통해 마을공동체를 돈독히 한 마을의 사례를 알아볼 수 있는 곳 ",-,0,1,0,미부착,개방불가,없음,
,715,대구트립로드,HOME > 관광명소 > 관광명소 검색 > 관광명소 추천검색 > 전체,미도다방,"추억과 차향이 가득한 다방? 1928년 진골목에 문을 대구의 사랑방이자, 명소? 붉은색 소파와 커튼, 시계, 액자 등 소품들이 과거로 시간 여행을 온 기분이 들게 한다? 쌍화차와 약차가 인기 메뉴로, 옛날 과자가 덤으로 나온다 ",-,0,1,0,미부착,개방불가,없음,
,716,대구트립로드,HOME > 관광명소 > 관광명소 검색 > 관광명소 추천검색 > 전체,대구올레 팔공산 1코스,"싱그러운 솔숲이 매력적인 편안한 산책로? 유명 시인들의 시로 꾸며진 시인의 길과 유기장 이봉주 장인의 작품을 전시하는 대구방짜유기박물관을 지나 신라시대 고찰 북지장사에 이르는 길? 왕복 5km, 소요시간 1시간 30분 정도의 코스. 길이 완만해 남녀노소 누구나 걷기 좋다? 솔 내음 가득한 울창한 솔숲 구간이 대구올레 팔공산 1코스의 백미",-,0,1,0,미부착,개방불가,없음,
,717,대구트립로드,HOME > 관광명소 > 관광명소 검색 > 관광명소 추천검색 > 전체,파워클라이밍센터,"아슬아슬 짜릿한 스포츠 클라이밍 도전!? 다채로운 난이도와 홀더를 보유한 암장에서 스릴 넘치는 암벽타기? 우수 클라이머를 꾸준히 배출해 낸 유명 실내암장? 굵은 땀방울이 비 오듯 떨어지고 손가락은 파르르 떨리지만, 힘겹게 정상에 도달했을 때의 쾌감은 무엇과도 바꿀 수 없다이용시간14:00~24:00(월~금요일)새내기 암벽교실 09:00~17:00(토, 일 중 하루)입장료일반월 60,000원(3개월 16만원, 6개월 30만원)학생월 50,000원(3개월 13만원, 6개월 18만원)일일 회비 : 8,000원(암벽화, 쵸크 가루 대여료 2,000원 별도)쿠폰 10장 : 6,000원,쿠폰 20장 : 100,000원매월 새내기 암벽교실(토, 일 중 하루 9시~17시 수강료 : 30,000원)",-,0,1,0,미부착,개방불가,없음,
,718,대구트립로드,HOME > 관광명소 > 관광명소 검색 > 관광명소 추천검색 > 전체,옹기종기행복마을,"추억이 새록새록, 기찻길 옆 작은 마을? 마을 전체가 추억을 되새기게 하는 벽화로 꾸며져 있어 감성 여행지로 제격? 알록달록 물들인 담벼락을 따라 어린 시절을 떠올리게 하는 캐릭터들을 만난다. 집 앞마다 가지런히 놓인 화분은 정겨우며 좁은 골목 사이로 아늑한 분위기가 새어 나온다 ",-,0,1,0,미부착,개방불가,없음,
,719,대구트립로드,HOME > 관광명소 > 관광명소 검색 > 관광명소 추천검색 > 전체,사문진주막촌,"옛 나루터의 정취 가득한 먹을거리, 볼거리 많은 주막촌? 과거 낙동강을 대표하던 나루터에 초가집, 원두막 등 옛날 분위기로 주막촌 개장? 국밥, 전, 막걸리 등 먹을거리 판매, 야외 및 초가집과 원두막에서 식사 가능? 낙동강 전망이 운치 있고 산책로, 분수대, 피아노 조형물 등 주변 경관이 잘 가꿔져 있다",-,0,1,0,미부착,개방불가,없음,
,720,대구트립로드,HOME > 관광명소 > 관광명소 검색 > 관광명소 추천검색 > 전체,국립대구기상과학관,"가족이 함께 날씨에 관한 모든 것 체험하기? 기상, 기후에 관한 전시실을 둘러보고 체험시설을 이용하며 날씨의 흥미로움에 자연스레 빠지게 된다. 부모와 함께하는 아동수업, 기상캐스터 체험 등 유익한 프로그램이 한가득? 3개 전시관에 50여 개의 기상, 기후 콘텐츠를 보유한 국내 최고 기상과학관. 일상과 밀접한 날씨가 어떻게 만들어지는지 원리를 깨달은 후, 야외에 조성된 기상과학동산에서 즐거운 시간을 보낸다",-,0,1,0,미부착,개방불가,없음,
,721,대구트립로드,HOME > 관광명소 > 관광명소 검색 > 관광명소 추천검색 > 전체,대구신세계백화점,"대구 최대의 관문인 동대구역과 고속버스 터미널을 함께 어우르고 있는 대구 신세계는 교통의 요지로서의 기능뿐만 아니라 다양한 문화, 엔터테인먼트, 쇼핑등의 컨텐츠를 제공하는 대구 최대의 라이프 스타일 센터형 공간이다.특히 지역 유일의 아쿠아리움과 옥상 테마파크, 영화관, 갤러리, 아카데미등은 대구 뿐만 아니라영남지역에서도 최대규모를 자랑하고 있고 국내최초로 ktx, 고속/시외버스, 대중교통이 한곳에 모여있는 복합환승센터로서 시민들의 삶의질 향상에 이바지 하고 있다.",-,0,1,0,미부착,개방불가,없음,
,722,대구트립로드,HOME > 관광명소 > 관광명소 검색 > 관광명소 추천검색 > 전체,대구 아쿠아리움,"국내 최초로 적용된 수조들이 규모 2000톤, 4개의 테마존으로 구성되어 있으며, 200여종의 해양생물 및 동물들과의 교감으로 메인 수조의 수중 촬영 생태설명회, 국내 최초 적용되는 샤크 브릿지, 트리하우스의 앵무새먹이주기 체험 등으로 생생한 해양 생태계를 고객님들께 선사합니다.편의시설 : 수유실, 장애인용 화장실체험프로그램 : 샤크브릿지, 앵무새먹이주기, 잉어먹이주기 등 다양한 체험프로그램 제공",-,0,1,0,미부착,개방불가,없음,
,723,대구트립로드,HOME > 관광명소 > 관광명소 검색 > 관광명소 추천검색 > 전체,구암 팜스테이 농촌체험 마을,"구암팜스테이 마을은 기존의 농가민박과는 달리 농가에서 숙박을 하면서 영농, 농촌문화 체험과 인근지역 명승지 관광, 지역축제까지 참여하는 농촌문화관광이 결합된 일석삼조형 농촌체험 마을입니다.[계절별 수확체험]딸기, 매실따기, 감자캐기, 방울토마토따기, 사과따기, 밤줍기, 고구마캐기, 단감따기[식체험]인절미, 두부, 칼국수, 수제비, 송편, 김치, 화덕피자, 엿 만들기쨈,효소,양갱만들기, 전통 한과 만들기[생태체험]야생화, 고추모종, 모심기, 미꾸라지 잡기, 농수서 생태체험, 구암논길,꽃길 걷기[놀이체험]트랙터타기, 팽이줄염색&팽이치기, 물총쏘기, 활쏘기[공예체험]천연염색, 비누만들기, 압화열쇠고리, 한지공예, 솔방울 가습기, 동판공예, 목공예",-,0,1,0,미부착,개방불가,없음,
,724,대구트립로드,HOME > 관광명소 > 관광명소 검색 > 관광명소 추천검색 > 전체,대구콘서트하우스,"대구콘서트하우스(Daegu Concert House)는 대구광역시 중구 태평로 141(태평로2가)에 위치한 종합 공연장이다. 1975년 10월 5일에 대구시민회관으로 개관했으며, 이후 노후화로 보수·보강이 필요한 대구시민회관을 공유재산 위탁개발 사업방식으로 리노베이션하여 2013년 11월 29일에 국제적 수준의 고품격 전문 콘서트홀로 재개관을 하였다. 2016년 1월 1일에 대구콘서트하우스로 명칭이 변경되었으며 상주예술 단체로는 대구시립예술단인 대구시립합창단, 대구시립교향악단이 있다.문화가 살아 숨쉬고 감동이 함께하는 공연문화예술의 메카 대구콘서트하우스는 다음과 같은 비전을 가지고 있다.- 공연예술의 진흥 및 시민의 문화향유의 기회를 확대시키는 신개념 공연문화 공간 조성- 우수한 문화예술작품의 기획 공연 등을 통하여 지역과 지역, 나라와 나라 간의 소통과 감동이 전해지는 창조적이고 미래지향적 문화공간- 세계적 수준의 경쟁력을 갖춘 문화예술분야의 인재양성을 통하여 문화예술도시로서의 위상 제고 ",-,0,1,0,미부착,개방불가,없음,
,725,대구트립로드,HOME > 관광명소 > 관광명소 검색 > 관광명소 추천검색 > 전체,앞산전망대,대구 시내를 조망할 수 있는 으뜸 명소? 앞산케이블카를 타고 오르내리는 쉽고 편안한 여정? S자로 굽어지며 흐르는 낙동강을 시작으로 오른쪽으로 도시를 감싸는 산자락이 겹겹이 펼쳐진다. 노을이 붉게 물든 하늘 아래 하나 둘 불을 밝히는 도심의 불빛이 잔물결 일렁이는 바다처럼 아름답게 펼쳐진다,-,0,1,0,미부착,개방불가,없음,
,726,대구트립로드,HOME > 관광명소 > 관광명소 검색 > 관광명소 추천검색 > 전체,힐링파크포니목장,"이국적인 풍광과 말 타기 체험? 달성군 가창면 최정산의 해발 700m 자락에 위치한 힐링 공간? 넓은 초원에 말들이 어우러져 이국적인 풍광을 연출하고 말 타기, 말과 돼지 먹이주기, 연날리기 등 다채로운 체험 프로그램을 운영토, 일요일, 공휴일 10:00~18:00,※주중은 단체만 이용 가능",-,0,1,0,미부착,개방불가,없음,
,727,대구트립로드,HOME > 관광명소 > 관광명소 검색 > 관광명소 추천검색 > 전체,대한수목원,"‘하늘 아래 낙원’이란 이름처럼 1,700여 종의 꽃과 나무, 다양한 조형물이 산책로와 오솔길, 연못, 돌계단 등 구석구석에서 신선한 볼거리와 아름다운 풍경을 선물한다. 석송 배만현 회장이 20여 년간 땀과 정성으로 이루어낸 개인 수목원.",-,0,1,0,미부착,개방불가,없음,
,728,대구트립로드,HOME > 관광명소 > 관광명소 검색 > 관광명소 추천검색 > 전체,수태골,수량이 풍부하고 울창한 숲과 기암괴석들이 절경을 이룬다. 계곡을 따라 시원한 산행을 즐길 수 있다.,-,0,1,0,미부착,개방불가,없음,
,729,대구트립로드,HOME > 관광명소 > 관광명소 검색 > 관광명소 추천검색 > 전체,비슬산 전기자동차,"해발 1,000m 고지를 오르내리는 우리나라 최초의 친환경 산악용 전기자동차. 반딧불이 모양을 한 전기자동차를 타고 비슬산 암괴류와 참꽃군락지, 대견사 등의 명소를 편하게 둘러볼 수 있다.? 운행구간 : 비슬산 공용주차장 → 비슬산자연휴양림 관리사무소(주차장) → 대견사 입구(5.8km, 30분 정도 소요)? 운행안내 : 09:00~일몰시까지(1일 18회)? 운행요금 : 편도 대인 5,000원, 소인 3,000원 ",-,0,1,0,미부착,개방불가,없음,
,730,대구트립로드,HOME > 관광명소 > 관광명소 검색 > 관광명소 추천검색 > 전체,팔공산케이블카,"팔공산과 대구 시내 전경이 한눈에? 6인승 케이블카를 타고 해발 820m까지 펀안하게 올라간다? 케이블카 정상역에 도착하면 팔공산과 대구 시내 전경을 한눈에 바라볼 수 있다? 케이블카 정상역 주변에는 산책로, 등산코스, 전망대, 소원의 언덕, 사랑의 터널 등 다양한 즐길거리가 있다 ",-,0,1,0,미부착,개방불가,없음,
,731,대구트립로드,HOME > 관광명소 > 관광명소 검색 > 관광명소 추천검색 > 전체,DTC섬유박물관,"섬유의 메카 대구에 세워진 국내 유일한 섬유 전문 박물관? 국내 섬유 산업과 패션의 변천사부터 미래까지 한 눈에 볼 수 있는 전시 체험 공간.2, 3, 4층 규모로 단체 관람도 가능? 5세~9세까지 이용 가능한 어린이 체험실 무료 운영. 옷 제작 과정과 바느질 도구 체험 등을 진행한다. 온라인 또는 현장 사전 예약 필수? 모유수유실과 육아휴게실, 물품보관실 등 편의시설이 잘 갖춰져 있음",-,0,1,0,미부착,개방불가,없음,
,732,대구트립로드,HOME > 관광명소 > 관광명소 검색 > 관광명소 추천검색 > 전체,대구문학관／향촌문화관,"시민과 문인들의 열린 문화 공간, 대구문학관&gt;대구문학관은 예향 대구의 혼을 기리고 발전시켜 나가기 위해 대구 문학계의 역사와 위상을 증명할 희귀 자료들을 수집, 보존, 관리함으로써 타 문학관과 차별화 되는 대구문학만의 체계적인 지형도를 만들기 위해 노력하고 있습니다. 또한 다양한 교육 프로그램 및 문학행사 개최로 시민과 문인들의 열린 문화 공간이 되겠습니다.&lt;역사를 품은 공간, 향촌문화관&gt;이 자리는 1912년 대구 최초의 일반은행인 선남상업은행이 있었던 곳이다. 선남상업은행은 일본인 오구라 다께노스께가 설립한 은행으로, 한국인과 일본인의 공동출자로 설립되었으며, 1941년에 식민정책을 지원하는 조선상업은행으로 흡수되었다. 그 뒤&nbsp;한국상업은행 대구지점으로 영업을 해오다가, 2014년 대구의 원 도심을 소중히 지켜나가기 위해 전시문화공간으로 거듭나게&nbsp;되었다.",-,0,1,0,미부착,개방불가,없음,
,733,대구트립로드,HOME > 관광명소 > 관광명소 검색 > 관광명소 추천검색 > 전체,어린이회관,"어린이들이 마음껏 뛰어놀 수 있는 넓은 잔디광장에 과학탐구기구 등 볼거리로 가득한 체험학습장이다. 각종 문화예술 행사도 열려 온 가족이 즐겨 찾는 도심 속 휴식공간이다.? 관람 : 09:30~18:00 (1월 1일, 설·추석 당일 휴관)",-,0,1,0,미부착,개방불가,없음,
,734,대구트립로드,HOME > 관광명소 > 관광명소 검색 > 관광명소 추천검색 > 전체,노태우 전대통령 생가,"용진마을 위쪽 끝자락에 대한민국 제13대 대통령인 노태우 전대통령의 생가가 자리해 있다. ‘용의 머리’에 자리한 명당이라 하며, 안채와 사랑채, 외양간 등이 소박한 모습으로 남아 있어 살아있는 역사 교육현장으로 이용되고 있다.",-,0,1,0,미부착,개방불가,없음,
,735,대구트립로드,HOME > 관광명소 > 관광명소 검색 > 관광명소 추천검색 > 전체,음악다방 쎄라비,"추억의 음악다방에서 드라마 주인공 되어보기? 드라마 <사랑비> 세트장.에서 신청곡 감상과 함께 커피를 마시며 쉬어가는 여정? 네온사인 반짝이는 무대와 뮤직 박스가 마련된 다방 내부에는 1970년대 음악다방의 모습이 고스란하다. 통기타, 외국 가수 포스터, LP판, 공중전화 등 복고풍 소품이 어우러져 있다 ",-,0,1,0,미부착,개방불가,없음,
,736,대구트립로드,HOME > 관광명소 > 관광명소 검색 > 관광명소 추천검색 > 전체,동무생각 노래비,"‘동무생각(思友)’은 대구가 낳은 한국 근대음악의 선구자 박태준 선생의 연애사를 시인 이은상 선생이 듣고 쓴 시(詩)에 다시 곡을 붙인 가곡이다. 학창시절 예술가의 꿈과 추억, 낭만이 서려 있는 동무생각 노래비는 연인, 친구들과 함께 찾기 좋은 숨은 명소이다.",-,0,1,0,미부착,개방불가,없음,
,737,대구트립로드,HOME > 관광명소 > 관광명소 검색 > 관광명소 추천검색 > 전체,국제관광선체험관(불교문화관),"동양의 정신문화와 선, 명상, 수행을 만나는 시간? 동화사의 상징인 약사여래대불 지하에 조성된 선(禪) 테마 체험관? 전통 선(禪)수행관, 초조대장경 밀레니엄관, 선(禪)문화관, 천년도량의 터 팔공산, 정진의 터, 명상의 터, 다도의 터 등 7가지 테마로 구성? 동화사를 찾는 내, 외국인 여행객에게 글로벌 트렌드인 선, 명상, 수행 등을 소개",-,0,1,0,미부착,개방불가,없음,
,738,대구트립로드,HOME > 관광명소 > 관광명소 검색 > 관광명소 추천검색 > 전체,영상분수,"수성못 한가운데 설치된 전국 최대 규모의 영상 음악분수. 레이저쇼, 워터스크린, 음악분수가 어우러져 아름다운 볼거리와 이색적인 즐거움을 준다.? 운영시간(매주 월요일 미운영)5, 8, 9, 10월? 주간 13:00, 16:00(2회, 각40분간)? 야간 20:00, 21:00(2회, 각30분간)6, 7월? 주간 13:00, 16:00(2회, 각40분간)? 야간 20:30, 21:30(2회, 각30분간)",-,0,1,0,미부착,개방불가,없음,
,739,대구트립로드,HOME > 관광명소 > 관광명소 검색 > 관광명소 추천검색 > 전체,3.1만세운동길,청라언덕 동무생각 노래비 옆에서 시내 쪽으로 내려가는 90계단까지는 3.1운동 당시 만세운동을 준비하던 학생들이 일본군의 감시를 피해 도심으로 모이기 위해 지나다녔던 솔밭길이다. 계단길에는 3.1운동 당시 모습이 담긴 사진들이 전시되어 그 의미를 더하고 있다.,-,0,1,0,미부착,개방불가,없음,
,740,대구트립로드,HOME > 관광명소 > 관광명소 검색 > 관광명소 추천검색 > 전체,삼덕동벽화골목,"방천시장 맞은편 삼덕동주민센터 주변 골목에 조성된 벽화골목. 곳곳에 그려져 있는 아름다운 벽화와 마을 국악원인 마고재, 일본집을 개조해 만든 빛살미술관 등을 찾아볼 수 있다.",-,0,1,0,미부착,개방불가,없음,
,741,대구트립로드,HOME > 관광명소 > 관광명소 검색 > 관광명소 추천검색 > 전체,삼성상회 옛터,1938년 호암 이병철 회장이 삼성그룹의 모태인 삼성상회를 창업해 처음 사업을 시작했던 곳이다. 대구오페라하우스 앞에는 호암 동상이 자리해 있다.,-,0,1,0,미부착,개방불가,없음,
,742,대구트립로드,HOME > 관광명소 > 관광명소 검색 > 관광명소 추천검색 > 전체,북성로공구박물관,"북성로 공구골목의 어제와 오늘? 공구박물관은 일제강점기 건축물과 북성로 공구골목의 과거와 현재를 만나는 곳이다.? 1층 전시실에는 공구를 예술작품처럼 꾸며놓은 기술자의 방, 앵글과 철근으로 제작한 부품박스 전시장, 2층에는 1970년대 북성로의 황금기에 사용되던 사무용품이 전시되어 있다. ",-,0,1,0,미부착,개방불가,없음,
,743,대구트립로드,HOME > 관광명소 > 관광명소 검색 > 관광명소 추천검색 > 전체,영남대로,"영남대로는 조선시대에 우리나라를 남북으로 연결하던 경부가도의 영남지역 도로이며, 사람과 문물이 이동하던 주요 교통로였다. 대구약령시 일대 떡전골목과 염매시장을 관통하고 있으며, 지금은 제탕원과 제환소, 제분소가 밀집해 있는 작은 골목이다.",-,0,1,0,미부착,개방불가,없음,
,744,대구트립로드,HOME > 관광명소 > 관광명소 검색 > 관광명소 추천검색 > 전체,칼라스퀘어,"유명 패션 브랜드, 다양한 음식점, 아트홀, 영화관, 대형마트 등을 두루 갖춘 복합쇼핑몰이며, 놀이와 여가의 공간으로 구성되어 도심 속 휴식공간으로 자리잡고 있다.",-,0,1,0,미부착,개방불가,없음,
,745,대구트립로드,HOME > 관광명소 > 관광명소 검색 > 관광명소 추천검색 > 전체,수제화골목,"내 발에 예쁘게 꼭 맞는 신발 찾기? 경력 30~40년을 자랑하는 수제화 장인들을 만나볼 수 있는 특별한 골목? 신사화, 숙녀화 등 여러 제품을 판매하는 판매장은 물론, 구두 수선점과 재료상 등 구두와 관련한 다양한 매장이 모여 있다? 2014년부터 ‘빨간구두이야기’라는 축제 진행",-,0,1,0,미부착,개방불가,없음,
,746,대구트립로드,HOME > 관광명소 > 관광명소 검색 > 관광명소 추천검색 > 전체,봉산문화거리,서울 인사동거리에 비견되는 문화예술거리로 대구 대표화가들의 작품전이 연중 열린다.,-,0,1,0,미부착,개방불가,없음,
,747,대구트립로드,HOME > 관광명소 > 관광명소 검색 > 관광명소 추천검색 > 전체,대구 근대골목,"대구 근대문화의 발자취를 따라 떠나는 신나는 골목 투어? ‘대구 중구 근대로의 여행’ 골목투어 중 2코스에 해당. 총 1.64km, 약 2시간 소요? 청라언덕에서 시작해 선교사 주택과 3.1만세운동길, 계산성당, 이상화와 서상돈고택 한의약박물관, 진골목 등을 두루 살피는 도심 걷기 여행 코스? 매주 토요일 10:00, 14:00 두 차례씩 무료 정기 해설 제공 ",-,0,1,0,미부착,개방불가,없음,
,748,대구트립로드,HOME > 관광명소 > 관광명소 검색 > 관광명소 추천검색 > 전체,항일독립운동기념탑,"조국 독립을 위해 헌신하신 대구, 경북지역 출신 애국지사들의 뜻을 기리기 위해 준공되었다.가까이 임란호국영남충의단과 영남의병전시관이 있어 항일 호국순례지로 알려지고 있다.",-,0,1,0,미부착,개방불가,없음,
,749,대구트립로드,HOME > 관광명소 > 관광명소 검색 > 관광명소 추천검색 > 전체,카페골목,"카페골목에서 커피 향에 취하기? 2008년부터 카페들이 모여 동성로 카페거리 형성? 200m 남짓한 골목에 각자의 개성이 뚜렷한 카페가 줄지어 있다? 커피 챔피언들이 모여 만든 카페, 츄러스가 유명한 카페, 빙수가 유명한 카페 등 커피 뿐 아니라 다양한 메뉴가 있어 취향에 따라 고를 수 있다 ",-,0,1,0,미부착,개방불가,없음,
,750,대구트립로드,HOME > 관광명소 > 관광명소 검색 > 관광명소 추천검색 > 전체,아양기찻길,"폐철교의 아름다운 변신, 마을과 마을을 잇는 인도교? 기차가 다니던 철교가 마을과 사람을 잇는 인도교로 재탄생? 낮과 밤 모두 금호강에 반사되는 인도교가 멋진 풍경을 만든다? 인도교 중간의 카페, 갤러리가 있는 쉼터는 마을사랑방 역할을 하는 문화 공간",-,0,1,0,미부착,개방불가,없음,
,751,대구트립로드,HOME > 관광명소 > 관광명소 검색 > 관광명소 추천검색 > 전체,온천엘리바덴,"지하 999m 아래 물을 정수처리 없이 그대로 사용할 수 있는 국내 최고의 유황온천. 사계절 유수풀, 바데풀, 유황온천, 찜질방 등 남녀 노소 함께 즐길 수 있는 도심 속 워터파크이다.",-,0,1,0,미부착,개방불가,없음,
,752,대구트립로드,HOME > 관광명소 > 관광명소 검색 > 관광명소 추천검색 > 전체,월광수변공원,"온갖 나무와 꽃을 비롯해 각종 편의시설과 체육시설이 잘 어우러진 휴식공간이며, 특히 음악과 율동에 맞춰 물을 쏘아 올리는 음악분수가 이채롭다.",-,0,1,0,미부착,개방불가,없음,
,753,대구트립로드,HOME > 관광명소 > 관광명소 검색 > 관광명소 추천검색 > 전체,종로,"과거 영남제일관에서 포정문까지 이르는 거리를 말한다. 구한말부터 화교들이 정착하기 시작했으며 대구에서 최초로 가구상들이 밀집했던 곳이기도 하다. 현재 남성로네거리를 중심으로 전통차, 다기, 한방, 골동품 등의 상권을 이루고 있다.",-,0,1,0,미부착,개방불가,없음,
,754,대구트립로드,HOME > 관광명소 > 관광명소 검색 > 관광명소 추천검색 > 전체,에코한방웰빙체험관,"도심 속에서 힐링 하기? 철거 위기에 있던 (옛)이해영정형외과 일원 건물을 한방관련 전시, 판매, 체험 공간으로 재탄생시킨 공간? 한약재 향이 은은하게 퍼지는 약전골목을 걷다가 한방차 한 잔 마시고 안마체험도 하며 쉬어가기 좋다. 여행으로 지친 피로를 힐링 안마체험을 통해 풀 수 있다",-,0,1,0,미부착,개방불가,없음,
,755,대구트립로드,HOME > 관광명소 > 관광명소 검색 > 관광명소 추천검색 > 전체,국제선센터,"자연과 어우러진 고즈넉한 산사에서 다도, 명상 등 템플스테이를 통해 자신을 되돌아보는 자아성찰의 시간을 가질 수 있다.",-,0,1,0,미부착,개방불가,없음,
,756,대구트립로드,HOME > 관광명소 > 관광명소 검색 > 관광명소 추천검색 > 전체,도시철도 3호선(모노레일),"대구도시철도 1, 2호선에 이어 3호선 모노레일이 2015년 4월 운행을 시작했다.대구 북구 동호동 차량기지에서 수성구 범물동 범물기지까지 총연장 23.95㎞이며, 정거장은 30개소이다.전기구동으로 매연이 없고, 소음이 거의 없는 고무타이어 주행으로 친환경적이며,내진설계와 불연자재 사용으로 안전하며, 대구의 랜드마크가 될 것이다.도시위를 달리는 도시철도 3호선의 애칭인 하늘열차(Sky Rail)는대구모노레일을 타면서 보는 창밖의 도시풍경과 야경은 매우 아름답고,대구의 관광명소를 두루 지나는 노선이므로 마음에 드는 역에 내려 여행을 하면 금상첨화일 것이다.",-,0,1,0,미부착,개방불가,없음,
,757,대구트립로드,HOME > 관광명소 > 관광명소 검색 > 관광명소 추천검색 > 전체,앞산 케이블카,"앞산공원은 대구 도심에 위치해 접근성이 좋고 산책로, 등산로가 잘 갖춰져 있어 대구시민들이 앞산을 즐겨 찾는다. 앞산 큰골을 따라 15분 정도 올라가면 케이블카가 있어 노약자와 어린이들도 쉽게 앞산 정상까지 이동할 수 있다. 케이블카에서 멀지 않은 곳에 위치한 앞산전망대는 대구전경을 한 눈에 조망할 수 있으며, 케이블카 승강장 옥상에 위치한 소프라전망대에서도 대구야경을 감상할 수 있다.",-,0,1,0,미부착,개방불가,없음,
,758,대구트립로드,HOME > 관광명소 > 관광명소 검색 > 관광명소 추천검색 > 전체,대구예술발전소,"시민과 예술가가 소통하는 공간? 대구의 연초제조창 별관 창고를 리모델링 해 지역 문화예술을 위한 공간으로 재탄생? 시민과 예술가가 언제든 자유롭게 소통할 수 있고 다양한 실습, 체험 프로그램이 준비돼 있다? 어른들을 위한 문화예술도서와 어린이 도서가 구비돼 있어 지역 문화 살롱의 역할을 한다",-,0,1,0,미부착,개방불가,없음,
,759,대구트립로드,HOME > 관광명소 > 관광명소 검색 > 관광명소 추천검색 > 전체,사문진나루터,"옛 정취를 살릴 수 있는 주막촌과 나루터 계류장, 나룻배에 이어 유람선까지 운항하게 되면서 사문진 나루터 일대가 과거와 현재가 만나는 독특한 분위기의 장소로 탈바꿈하여, 품격 높은 문화·관광 명소로 변하고있다. 달성호는 2009년 건조됐으며, 430마력 엔진에 승선인원 72명의 중형 유람선으로, 사문진에서 출발해 달성습지, 강정보 디아크, 달성보 일원까지 운항한 후 되돌아오는 1시간 코스로 운항중이다.[유람선 관광]주막촌에서 달성습지, 강정보, 옥포신당리, 주막촌을 경유하며, 약 1시간 코스운항시간 : 평일, 주말(공휴일) 운항연락처 : Tel. 053-632-3338 (사문진주막촌 ), Tel.053-635-7111(시설관리공단)[나룻배 관광]주막촌에서 출발하여 달성습지까지 운항하고, 다시 돌아오며, 약20분 코스운항시간 : 평일, 주말(공휴일) 운항연락처 : Tel. 053-632-3338 (사문진주막촌 ), Tel.053-635-7111(시설관리공단)",-,0,1,0,미부착,개방불가,없음,
,760,대구트립로드,HOME > 관광명소 > 관광명소 검색 > 관광명소 추천검색 > 전체,대구시민안전테마파크,"시민 안전의식 함양의 장? 지하철안전체험장, 교통안전체험장, 모노레일체험장 등 각종 안전체험장을 한 자리에서 경험.소방관이 직접 심폐소생술(CPR) 등 체험을 도와 효과적인 학습 가능? 자칫 지루할 수도 있는 안전체험이 다채로운 구성과 소방관의 열정적인 시범으로 활기를 띤다. 진지한 표정으로 체험에 임하는 아이들이 훗날 어떠한 사고에도 의연히 대처할 수 있을 것만 같아 흐뭇하다",-,0,1,0,미부착,개방불가,없음,
,761,대구트립로드,HOME > 관광명소 > 관광명소 검색 > 관광명소 추천검색 > 전체,마비정벽화마을,"옛 농촌 풍경이 마을 토담과 벽면을 가득 채운 정겨운 벽화마을? 마을길을 따라 1960~70년대 정겨운 농촌 풍경이 벽화로 꾸며져 있다.? 벽화 외에도 연리목과 물레방아, 옛 우물, 거북바위와 남근석 등 볼거리가 다양. 1년 뒤에 받아보는 느림보 우체통과 사랑의 자물쇠 코너는 특히 연인에게 인기? 농촌체험전시장에서 두부 만들기, 떡메치기, 열무김치 담그기 등 여러 가지 체험 프로그램을 이용할 수 있다. 체험은 20명 이상 가능하다",-,0,1,0,미부착,개방불가,없음,
,762,대구트립로드,HOME > 관광명소 > 관광명소 검색 > 관광명소 추천검색 > 전체,국립대구과학관,"과학이 쉽고 재밌어지는 공간? 놀이와 체험을 통해 과학을 배우는 과학놀이터? 다양한 전시와 체험 프로그램을 통해 과학에 쉽고 재미있게 접근한다? 상설전시관 외 천체투영관, 4D영상관, 천체관측소, 야외 과학놀이터 등 다양한 시설을 갖췄다",-,0,1,0,미부착,개방불가,없음,
,763,대구트립로드,HOME > 어울림대구 > 미리보는 대구 > 항공VR,계산성당,-,-,1,0,0,미부착,제1유형,과업이행요청서,
,764,대구트립로드,HOME > 어울림대구 > 미리보는 대구 > 항공VR,대구수목원,-,-,1,0,0,미부착,제1유형,과업이행요청서,
,765,대구트립로드,HOME > 어울림대구 > 미리보는 대구 > 항공VR,모노레일,-,-,1,0,0,미부착,제1유형,과업이행요청서,
,766,대구트립로드,HOME > 어울림대구 > 미리보는 대구 > 항공VR,서문시장야시장,-,-,1,0,0,미부착,제1유형,과업이행요청서,
,767,대구트립로드,HOME > 어울림대구 > 미리보는 대구 > 항공VR,신천,-,-,1,0,0,미부착,제1유형,과업이행요청서,
,768,대구트립로드,HOME > 어울림대구 > 미리보는 대구 > 항공VR,팔공산갓바위,-,-,1,0,0,미부착,제1유형,과업이행요청서,
,769,대구트립로드,HOME > 어울림대구 > 미리보는 대구 > 항공VR,팔공산케이블카,-,-,1,0,0,미부착,제1유형,과업이행요청서,
,770,대구트립로드,HOME > 어울림대구 > 미리보는 대구 > 항공VR,하중도,-,-,1,0,0,미부착,제1유형,과업이행요청서,
,771,대구트립로드,HOME > 어울림대구 > 미리보는 대구 > 항공VR,아양기찻길,-,-,1,0,0,미부착,제1유형,과업이행요청서,
,772,대구트립로드,HOME > 어울림대구 > 미리보는 대구 > 항공VR,김광석길,-,-,1,0,0,미부착,제1유형,과업이행요청서,
,773,대구트립로드,HOME > 어울림대구 > 미리보는 대구 > 항공VR,대견사지,-,-,1,0,0,미부착,제1유형,과업이행요청서,
,774,대구트립로드,HOME > 어울림대구 > 미리보는 대구 > 항공VR,동화사,-,-,1,0,0,미부착,제1유형,과업이행요청서,
,775,대구트립로드,HOME > 어울림대구 > 미리보는 대구 > 항공VR,디아크,-,-,1,0,0,미부착,제1유형,과업이행요청서,
,776,대구트립로드,HOME > 어울림대구 > 미리보는 대구 > 항공VR,송해공원,-,-,1,0,0,미부착,제1유형,과업이행요청서,
,777,대구트립로드,HOME > 어울림대구 > 미리보는 대구 > 항공VR,육신사,-,-,1,0,0,미부착,제1유형,과업이행요청서,
,778,대구트립로드,HOME > 어울림대구 > 미리보는 대구 > 항공VR,달성 하목정,-,-,1,0,0,미부착,제1유형,과업이행요청서,
,779,대구트립로드,HOME > 어울림대구 > 미리보는 대구 > 항공VR,이월드,-,-,1,0,0,미부착,제1유형,과업이행요청서,
,780,대구트립로드,HOME > 어울림대구 > 미리보는 대구 > 항공VR,대구달성습지,-,-,1,0,0,미부착,제1유형,과업이행요청서,
,781,대구트립로드,HOME > 어울림대구 > 미리보는 대구 > 항공VR,도동서원,-,-,1,0,0,미부착,제1유형,과업이행요청서,
,782,대구트립로드,HOME > 어울림대구 > 미리보는 대구 > 항공VR,월광수변공원,-,-,1,0,0,미부착,제1유형,과업이행요청서,
,783,대구트립로드,HOME > 어울림대구 > 미리보는 대구 > 항공VR,대구미술관,-,-,1,0,0,미부착,제1유형,과업이행요청서,
,784,대구트립로드,HOME > 어울림대구 > 미리보는 대구 > 항공VR,두류공원,-,-,1,0,0,미부착,제1유형,과업이행요청서,
,785,대구트립로드,HOME > 어울림대구 > 미리보는 대구 > 항공VR,낙동강 승전기념관,-,-,1,0,0,미부착,제1유형,과업이행요청서,
,786,대구트립로드,HOME > 어울림대구 > 미리보는 대구 > 항공VR,고산골 공룡공원,-,-,1,0,0,미부착,제1유형,과업이행요청서,
,787,대구트립로드,HOME > 어울림대구 > 미리보는 대구 > 항공VR,앞산해넘이전망대,-,-,1,0,0,미부착,제1유형,과업이행요청서,
,788,대구트립로드,HOME > 어울림대구 > 미리보는 대구 > 관광VR,계산성당,-,-,1,0,0,미부착,제1유형,과업이행요청서,
,789,대구트립로드,HOME > 어울림대구 > 미리보는 대구 > 관광VR,김광석 다시그리기 길,-,-,1,0,0,미부착,제1유형,과업이행요청서,
,790,대구트립로드,HOME > 어울림대구 > 미리보는 대구 > 관광VR,동성로,-,-,1,0,0,미부착,제1유형,과업이행요청서,
,791,대구트립로드,HOME > 어울림대구 > 미리보는 대구 > 관광VR,동화사,-,-,1,0,0,미부착,제1유형,과업이행요청서,
,792,대구트립로드,HOME > 어울림대구 > 미리보는 대구 > 관광VR,83타워,-,-,1,0,0,미부착,제1유형,과업이행요청서,
,793,대구트립로드,HOME > 어울림대구 > 미리보는 대구 > 관광VR,디아크,-,-,1,0,0,미부착,제1유형,과업이행요청서,
,794,대구트립로드,HOME > 어울림대구 > 미리보는 대구 > 관광VR,서문시장,-,-,1,0,0,미부착,제1유형,과업이행요청서,
,795,대구트립로드,HOME > 어울림대구 > 미리보는 대구 > 관광VR,송해공원,-,-,1,0,0,미부착,제1유형,과업이행요청서,
,796,대구트립로드,HOME > 어울림대구 > 미리보는 대구 > 관광VR,수성못야경,-,-,1,0,0,미부착,제1유형,과업이행요청서,
,797,대구트립로드,HOME > 어울림대구 > 미리보는 대구 > 관광VR,수성못주경,-,-,1,0,0,미부착,제1유형,과업이행요청서,
,798,대구트립로드,HOME > 어울림대구 > 미리보는 대구 > 관광VR,안지랑곱창,-,-,1,0,0,미부착,제1유형,과업이행요청서,
,799,대구트립로드,HOME > 어울림대구 > 미리보는 대구 > 관광VR,앞산전망대,-,-,1,0,0,미부착,제1유형,과업이행요청서,
,800,대구트립로드,HOME > 어울림대구 > 미리보는 대구 > 관광VR,이상화 서상돈 계산예가,-,-,1,0,0,미부착,제1유형,과업이행요청서,
,801,대구트립로드,HOME > 어울림대구 > 미리보는 대구 > 관광VR,이월드,-,-,1,0,0,미부착,제1유형,과업이행요청서,
,802,대구트립로드,HOME > 어울림대구 > 미리보는 대구 > 관광VR,제일교회,-,-,1,0,0,미부착,제1유형,과업이행요청서,
,803,대구트립로드,HOME > 어울림대구 > 미리보는 대구 > 관광VR,청라언덕,-,-,1,0,0,미부착,제1유형,과업이행요청서,
,804,대구트립로드,HOME > 어울림대구 > 미리보는 대구 > 관광VR,팔공산케이블카,-,-,1,0,0,미부착,제1유형,과업이행요청서,
,805,대구트립로드,HOME > 어울림대구 > 미리보는 대구 > 관광VR,평화시장 닭똥집,-,-,1,0,0,미부착,제1유형,과업이행요청서,
,806,대구트립로드,HOME > 어울림대구 > 미리보는 대구 > 관광VR,하중도,-,-,1,0,0,미부착,제1유형,과업이행요청서,
,807,대구트립로드,HOME > 어울림대구 > 미리보는 대구 > 관광VR,아양기찻길,-,-,1,0,0,미부착,제1유형,과업이행요청서,
,808,대구트립로드,HOME > 어울림대구 > 미리보는 대구 > 관광VR,사문진주막촌,-,-,1,0,0,미부착,제1유형,과업이행요청서,
,809,대구트립로드,HOME > 어울림대구 > 미리보는 대구 > 관광VR,도동서원,-,-,1,0,0,미부착,제1유형,과업이행요청서,
,810,대구트립로드,HOME > 어울림대구 > 미리보는 대구 > 관광VR,국립대구과학관,-,-,1,0,0,미부착,제1유형,과업이행요청서,
,811,대구트립로드,HOME > 어울림대구 > 미리보는 대구 > 관광VR,대구 제일교회 기독교역사관,-,-,1,0,0,미부착,제1유형,과업이행요청서,
,812,대구트립로드,HOME > 어울림대구 > 미리보는 대구 > 관광VR,대구수목원,-,-,1,0,0,미부착,제1유형,과업이행요청서,
,813,대구트립로드,HOME > 어울림대구 > 미리보는 대구 > 대구사진 > 아카이브,국채보상운동기념공원 달구벌대종 야간 전경,-,2020-08-24 00:00:00,0,1,0,제4유형,제1유형,과업이행요청서,
,814,대구트립로드,HOME > 어울림대구 > 미리보는 대구 > 대구사진 > 아카이브,국채보상운동기념공원 달구벌대로에서 바라본 전경,-,2020-08-24 00:00:00,0,1,0,제4유형,제1유형,과업이행요청서,
,815,대구트립로드,HOME > 어울림대구 > 미리보는 대구 > 대구사진 > 아카이브,국채보상운동기념관 입구,-,2020-08-24 00:00:00,0,1,0,제4유형,제1유형,과업이행요청서,
,816,대구트립로드,HOME > 어울림대구 > 미리보는 대구 > 대구사진 > 아카이브,국채보상운동기념공원 달구벌대로에서 바라본 야경,-,2020-08-24 00:00:00,0,1,0,제4유형,제1유형,과업이행요청서,
,817,대구트립로드,HOME > 어울림대구 > 미리보는 대구 > 대구사진 > 아카이브,국채보상운동기념공원 달구벌대종 전경,-,2020-08-24 00:00:00,0,1,0,제4유형,제1유형,과업이행요청서,
,818,대구트립로드,HOME > 어울림대구 > 미리보는 대구 > 대구사진 > 아카이브,김광석 다시 그리기길 동상,-,2020-08-24 00:00:00,0,1,0,제4유형,제1유형,과업이행요청서,
,819,대구트립로드,HOME > 어울림대구 > 미리보는 대구 > 대구사진 > 아카이브,김광석 다시 그리기길 사랑의 열쇠,-,2020-08-24 00:00:00,0,1,0,제4유형,제1유형,과업이행요청서,
,820,대구트립로드,HOME > 어울림대구 > 미리보는 대구 > 대구사진 > 아카이브,김광석 다시 그리기길 레코드 판,-,2020-08-24 00:00:00,0,1,0,제4유형,제1유형,과업이행요청서,
,821,대구트립로드,HOME > 어울림대구 > 미리보는 대구 > 대구사진 > 아카이브,김광석 다시 그리기길 콘서트 벽화,-,2020-08-24 00:00:00,0,1,0,제4유형,제1유형,과업이행요청서,
,822,대구트립로드,HOME > 어울림대구 > 미리보는 대구 > 대구사진 > 아카이브,김광석 다시 그리기길 콘서트 홀 입구,-,2020-08-24 00:00:00,0,1,0,제4유형,제1유형,과업이행요청서,
,823,대구트립로드,HOME > 어울림대구 > 미리보는 대구 > 대구사진 > 아카이브,김광석 다시 그리기길 중앙광장 동상,-,2020-08-24 00:00:00,0,1,0,제4유형,제1유형,과업이행요청서,
,824,대구트립로드,HOME > 어울림대구 > 미리보는 대구 > 대구사진 > 아카이브,김광석 다시 그리기길 골목 전경,-,2020-08-24 00:00:00,0,1,0,제4유형,제1유형,과업이행요청서,
,825,대구트립로드,HOME > 어울림대구 > 미리보는 대구 > 대구사진 > 아카이브,대구 수성구 수성못 및 시내 야경,-,2020-08-24 00:00:00,0,1,0,제4유형,제1유형,과업이행요청서,
,826,대구트립로드,HOME > 어울림대구 > 미리보는 대구 > 대구사진 > 아카이브,대구 수성구 수성못 야경,-,2020-08-24 00:00:00,0,1,0,제4유형,제1유형,과업이행요청서,
,827,대구트립로드,HOME > 어울림대구 > 미리보는 대구 > 대구사진 > 아카이브,대구 수성구 수성못 석양,-,2020-08-24 00:00:00,0,1,0,제4유형,제1유형,과업이행요청서,
,828,대구트립로드,HOME > 어울림대구 > 미리보는 대구 > 대구사진 > 아카이브,대구 수성구 수성못 오리배,-,2020-08-24 00:00:00,0,1,0,제4유형,제1유형,과업이행요청서,
,829,대구트립로드,HOME > 어울림대구 > 미리보는 대구 > 대구사진 > 아카이브,대구 수성구 수성못 주변 산책로 야경,-,2020-08-24 00:00:00,0,1,0,제4유형,제1유형,과업이행요청서,
,830,대구트립로드,HOME > 어울림대구 > 미리보는 대구 > 대구사진 > 아카이브,대구 수성구 수성못 야경-정박중인 오리배,-,2020-08-24 00:00:00,0,1,0,제4유형,제1유형,과업이행요청서,
,831,대구트립로드,HOME > 어울림대구 > 미리보는 대구 > 대구사진 > 아카이브,대구 수성구 수성못 야경 오리배 유람,-,2020-08-24 00:00:00,0,1,0,제4유형,제1유형,과업이행요청서,
,832,대구트립로드,HOME > 어울림대구 > 미리보는 대구 > 대구사진 > 아카이브,대구 수성구 수성못 야경 파노라마,-,2020-08-24 00:00:00,0,1,0,제4유형,제1유형,과업이행요청서,
,833,대구트립로드,HOME > 어울림대구 > 미리보는 대구 > 대구사진 > 아카이브,대구 이월드 83타워,-,2020-08-24 00:00:00,0,1,0,제4유형,제1유형,과업이행요청서,
,834,대구트립로드,HOME > 어울림대구 > 미리보는 대구 > 대구사진 > 아카이브,대구 이월드 성당못에서 바라본 83타워,-,2020-08-24 00:00:00,0,1,0,제4유형,제1유형,과업이행요청서,
,835,대구트립로드,HOME > 어울림대구 > 미리보는 대구 > 대구사진 > 아카이브,대구 이월드이 별빛축제,-,2020-08-24 00:00:00,0,1,0,제4유형,제1유형,과업이행요청서,
,836,대구트립로드,HOME > 어울림대구 > 미리보는 대구 > 대구사진 > 아카이브,대구 이월드 83타워,-,2020-08-24 00:00:00,0,1,0,제4유형,제1유형,과업이행요청서,
,837,대구트립로드,HOME > 어울림대구 > 미리보는 대구 > 대구사진 > 아카이브,대구 이월드이 별빛축제,-,2020-08-24 00:00:00,0,1,0,제4유형,제1유형,과업이행요청서,
,838,대구트립로드,HOME > 어울림대구 > 미리보는 대구 > 대구사진 > 아카이브,대구 이월드 별빛축제 폭죽놀이,-,2020-08-24 00:00:00,0,1,0,제4유형,제1유형,과업이행요청서,
,839,대구트립로드,HOME > 어울림대구 > 미리보는 대구 > 대구사진 > 아카이브,대구 이월드 83타워 야간 전경,-,2020-08-24 00:00:00,0,1,0,제4유형,제1유형,과업이행요청서,
,840,대구트립로드,HOME > 어울림대구 > 미리보는 대구 > 대구사진 > 아카이브,강정보,-,2020-08-24 00:00:00,0,1,0,제4유형,제1유형,과업이행요청서,
,841,대구트립로드,HOME > 어울림대구 > 미리보는 대구 > 대구사진 > 아카이브,대구오페라하우스 야경,-,2020-08-24 00:00:00,0,1,0,제4유형,제1유형,과업이행요청서,
,842,대구트립로드,HOME > 어울림대구 > 미리보는 대구 > 대구사진 > 아카이브,형형색색 달구벌 관등놀이,-,2020-08-24 00:00:00,0,1,0,제4유형,제1유형,과업이행요청서,
,843,대구트립로드,HOME > 어울림대구 > 미리보는 대구 > 대구사진 > 아카이브,서문시장 야시장 입구 전경,-,2020-08-24 00:00:00,0,1,0,제4유형,제1유형,과업이행요청서,
,844,대구트립로드,HOME > 어울림대구 > 미리보는 대구 > 대구사진 > 아카이브,서문시장 야시장 입구 전경,-,2020-08-24 00:00:00,0,1,0,제4유형,제1유형,과업이행요청서,
