순번,대분류,중분류,기관명,사이트명,카테고리,이름,설명,등록일,수량,기존 공공누리 유형,최종 공공누리 유형,계약서 유무,비고,저작물명,,유형,디지털형태,설명,주제어,언어,제작일,,계약서,저작권자,,공동저작자,저작인접권자,공개유형,저작물성,비보호저작물,업무상저작물,상업적이용허락,저작재산권,,,,,,,공동저작자동의,유효기간,,초상권
1,오디오,가이드/안내/정보,진주시청,진주시청,HOME > 진주소개 > 기본현황 > 진주 사투리 사전 > 머리말+일러두기,머리말+일러두기,"진주 사투리 사전 머리말

진주는 유서 깊은 도시로서 수많은 유형·무형의 문화가 전해 오고 있습니다. 그 문화유산 중의 하나가 진주 사람들이 천 년 이상 사용해 온 진주 토박이말입니다. 이 진주 사람들이 사용하고 있는 토박이말을 진주사투리라고 부릅니다.

진주사투리는 진주 사람들의 삶의 애환이 녹아 있는 진주의 위대한 문화유산입니다. 그러므로 이 문화유산을 잘 정리하고 갈무리하는 것은 매우 중요한 일입니다. 이를 위해 제가 2002년에 『진주지역방언집』이라는 사전을 발간하였고, 경상국립대학교 조규태 교수가 2010년에 진주 사투리를 모으고 해설한 『진주 사투리』라는 학술서를 발간하였습니다.

이제 이 두 책을 아우르고, 그 동안 발간된 진주사투리가 언급되어 있는 다른 저서도 참고하고, 현장에서의 방언 채록 작업도 새로이 하는 등의 작업을 하여, 좀 더 충실하고 풍부한 내용이 담긴 『진주사투리 사전』을 발간하려는 뜻을 세웠습니다.

이 책을 만들기 위해 저와 조규태 교수와 함께 이창수 박사가 2018년도부터 『진주사투리사전』 원고를 전면적으로 새로 쓰기 시작하였습니다. 저는 진주사투리사전의 표제어 선정과 풀이를 새로이 하였고, 조규태 교수는 진주사투리의 특징을 ‘말소리, 단어, 문법 형태, 땅이름’으로 나누어 썼고, 여기에다 <진주의 땅이름과 강역의 바뀜>을 부록으로 써 붙였습니다. 이창수 박사는 기존의 사전 등을 참고로 두 사람이 한 작업을 보완하는 작업을 해 왔습니다.

원고 검토는 진주토박이면서 국어에 조예가 있는 조구호·강동욱·유화정 세 사람이 맡아 수차례 검토 작업을 진행하여 원고를 수정하고 보완하는 일을 하였습니다. 유화정은 찾아보기를 만드는 일까지 하였습니다.

진주사투리사전이 진주문화관광재단의 사업으로 발간할 수 있게 되니 더욱 사전 발간이 빛나게 되어 기쁘기 그지없습니다. 그 동안 이 책의 발간을 위해 행정적인 뒷받침을 해 주신 진주시 관계자 여러분들의 노고에 감사를 드립니다.

진주에 관심을 가진 많은 분들이 이 책을 읽고 진주를 더 깊고 정확하게 이해하며 진주를 더욱 사랑하는 마음을 갖게 되기를 바랍니다.

2021년 12월 10일
집필자 대표 장일영

진주 사투리 사전 일러두기
[1] 올림말
1. 이 사전의 올림말은 지금 이 시대 진주지역 사람들이 나날이 쓰는 말 중에서, 표준어에 없는 말, 표준어와 어형이 다른 진주 지역에서 사용하는 말을 실었다. 이 진주사투리는 진주 지역의 역사와 지리적 특성으로 인해 진주 지역과 인근한 경상도와 전라도 지역 전역에서 사용하는 말들과 동일한 것들도 많이 있다.
2. 한자어는 애초에 우리말이 아니긴 하지만 오랜 세월 사용해 오는 동안, 진주말의 음운 변화 규칙으로 설명할 수 없이 변한 단어나, 가족관계·사람 사이의 관계를 나타내는 말만을 실었다.
3. 진주 사람들이 사용하는 외래어 중에 표준어에 없거나 표준어와 어형이 다른 말들도 진주 사람들이 나날이 살아가며 사용하는 말들임에는 틀림이 없기에, 《진주사투리의 특징》 중의 어휘 부분 말미에 외래어만을 모아 실어 두었다.
4. 올림말과 올림말의 풀이는 다음과 같이 제시한다.
(1) 올림말은 가나다 순으로 배열한다.
(2) 올림말의 풀이는 다음과 같은 순서로 한다.
① 올림말 ② 발음(필요한 경우) ③ 품사 ④ 활용 정보 ⑤ 대응되는 표준어 ⑥ 뜻풀이 ⑦ 예문 ⑧ 참고 사항
<보기> 다[실따] (활용 : 실어서, 실으마, 지[실찌], 도록[실또록], 게[실께], 는[실른], 어[실어]) ¶ 큰집에 가서 쌀 두 가마이 고 오이라. 참고 이 어형은 어간의 끝소리에 ‘ㆆ’음을 가지고 있는 특수한 단어이다.
(3) 올림말의 어형은 한글맞춤법의 표기 원칙을 따르되 표준어 어형과 관련 지어 정한다. <보기> 낋이다(=끓이다)
(4) 현행 한글맞춤법으로 적을 수 없는 어형은 옛한글을 사용하여 적는다.
<보기 > 다/실ㆆ다(=싣다) 5. 같은 뜻을 지녔지만 어형이 비슷한 것이 같이 쓰이고 있는 것은 나란히 제시한다. <보기> 가:가이다/가:간이다 ; 가래줌/가리줌
6. 두 음절로 길게 발음되는 것은 앞 음절의 모음과 같은 모음으로 적는다.
<보기> 내앨(=내일), 가알(=가을) 7. 품사 및 문법 용어는 학교 문법의 용어를 사용하여 표시한다.
8. 인용 문헌에 있을 경우에는 [ ] 속에 넣어 표시한다.
9. 활용 정보는 용언 중에서 필요한 경우에 제시한다.
<보기 1> ‘다’의 경우(활용 : 실어서, 실으마, 지[실찌], 도록[실도록], 게[실께], 는[실른], 네[실네])
<보기 2> ‘묵다’의 경우(활용 : 묵고, 묵는, 묵지, 무우마, 무라, 무웄다)
10. 참고 사항에는 어원이나, 문법 사항, 관련된 사실 등을 적는다.
11. 예문 앞에는 ‘¶’ 기호를 붙인다.

[2] 전사 원칙
(1) 한글로 적는 원칙으로 하되 옛한글도 사용하여 전사한다.
(2) 모음 ‘ㅐ, ㅔ’가 변별되지 않을 경우는 ‘ㅔ’로 적거나, 표준어 어형에 맞추어 적는다.
<보기> 내앨(=내일), 모래(=모래), 모레(모레)
(3) 모음 ‘ㅡ, ㅓ’는 표준어 어형에 맞추어 적는다.
(4) ‘ㅙ, ㅚ, ㅞ’는 실제 발음대로 적되, ‘ㅐ, ㅔ’가 변별되지 않을 경우 ‘ㅔ’로 적는다.
<보기> 데지(=돼지), 데다(=되다), 게짝(=궤짝), 애콩(=왜콩), 애눈뱅이(=외눈뱅이)
(5) ‘ㅢ’는 널리 사용하는 표기로 적되, ‘ㅐ, ㅔ’가 변별되지 않는 경우 ‘ㅔ’로 적는다.
<보기> 멧등(=묏등), 으사/이사(=의사(醫師))
(6) 받침에 ‘ㅇ’ 음이 있던 것이 다음 음절의 초성으로 발음되기도 하는 것은 ‘ㆁ’으로 표기하는 것이 옳으나, ‘ㅇ’ 글자와 구분이 잘 되지 않으므로 종성에 ‘ㅇ’ 자를 써서 표기한다. <보기> 게이/겡이(=고양이), 껠배이/껠뱅이(=게으름뱅이), 꽁대이/꽁댕이(=꼬리)
[3] 약자 및 기호의 원 이름이나 뜻은 다음과 같다.
(1) 명 명사, 대 대명사, 수 수사, 동 동사, 형 형용사, 관 관형사, 부 부사, 감 감탄사, 조 조사, 어미 용언의 활용 어미, 접두 접두사 접미 접미사 관용어, 속담 속담, 연어 두 낱말 이상이 어형이 변한 채 이어져 있는 것, 참고 참고할 사항, 준말 줄어진 말
(2) 기호 : [ ] 대괄호 발음
: 쌍점 장음
↑화살표 성조(높은 소리)
¶ 단락기호 예문",2021-12-10 00:00:00,1,미부착,제1유형,유,,머리말+일러두기,,어문,음성,"진주 사투리 사전 머리말

진주는 유서 깊은 도시로서 수많은 유형·무형의 문화가 전해 오고 있습니다. 그 문화유산 중의 하나가 진주 사람들이 천 년 이상 사용해 온 진주 토박이말입니다. 이 진주 사람들이 사용하고 있는 토박이말을 진주사투리라고 부릅니다.

진주사투리는 진주 사람들의 삶의 애환이 녹아 있는 진주의 위대한 문화유산입니다. 그러므로 이 문화유산을 잘 정리하고 갈무리하는 것은 매우 중요한 일입니다. 이를 위해 제가 2002년에 『진주지역방언집』이라는 사전을 발간하였고, 경상국립대학교 조규태 교수가 2010년에 진주 사투리를 모으고 해설한 『진주 사투리』라는 학술서를 발간하였습니다.

이제 이 두 책을 아우르고, 그 동안 발간된 진주사투리가 언급되어 있는 다른 저서도 참고하고, 현장에서의 방언 채록 작업도 새로이 하는 등의 작업을 하여, 좀 더 충실하고 풍부한 내용이 담긴 『진주사투리 사전』을 발간하려는 뜻을 세웠습니다.

이 책을 만들기 위해 저와 조규태 교수와 함께 이창수 박사가 2018년도부터 『진주사투리사전』 원고를 전면적으로 새로 쓰기 시작하였습니다. 저는 진주사투리사전의 표제어 선정과 풀이를 새로이 하였고, 조규태 교수는 진주사투리의 특징을 ‘말소리, 단어, 문법 형태, 땅이름’으로 나누어 썼고, 여기에다 <진주의 땅이름과 강역의 바뀜>을 부록으로 써 붙였습니다. 이창수 박사는 기존의 사전 등을 참고로 두 사람이 한 작업을 보완하는 작업을 해 왔습니다.

원고 검토는 진주토박이면서 국어에 조예가 있는 조구호·강동욱·유화정 세 사람이 맡아 수차례 검토 작업을 진행하여 원고를 수정하고 보완하는 일을 하였습니다. 유화정은 찾아보기를 만드는 일까지 하였습니다.

진주사투리사전이 진주문화관광재단의 사업으로 발간할 수 있게 되니 더욱 사전 발간이 빛나게 되어 기쁘기 그지없습니다. 그 동안 이 책의 발간을 위해 행정적인 뒷받침을 해 주신 진주시 관계자 여러분들의 노고에 감사를 드립니다.

진주에 관심을 가진 많은 분들이 이 책을 읽고 진주를 더 깊고 정확하게 이해하며 진주를 더욱 사랑하는 마음을 갖게 되기를 바랍니다.

2021년 12월 10일
집필자 대표 장일영

진주 사투리 사전 일러두기
[1] 올림말
1. 이 사전의 올림말은 지금 이 시대 진주지역 사람들이 나날이 쓰는 말 중에서, 표준어에 없는 말, 표준어와 어형이 다른 진주 지역에서 사용하는 말을 실었다. 이 진주사투리는 진주 지역의 역사와 지리적 특성으로 인해 진주 지역과 인근한 경상도와 전라도 지역 전역에서 사용하는 말들과 동일한 것들도 많이 있다.
2. 한자어는 애초에 우리말이 아니긴 하지만 오랜 세월 사용해 오는 동안, 진주말의 음운 변화 규칙으로 설명할 수 없이 변한 단어나, 가족관계·사람 사이의 관계를 나타내는 말만을 실었다.
3. 진주 사람들이 사용하는 외래어 중에 표준어에 없거나 표준어와 어형이 다른 말들도 진주 사람들이 나날이 살아가며 사용하는 말들임에는 틀림이 없기에, 《진주사투리의 특징》 중의 어휘 부분 말미에 외래어만을 모아 실어 두었다.
4. 올림말과 올림말의 풀이는 다음과 같이 제시한다.
(1) 올림말은 가나다 순으로 배열한다.
(2) 올림말의 풀이는 다음과 같은 순서로 한다.
① 올림말 ② 발음(필요한 경우) ③ 품사 ④ 활용 정보 ⑤ 대응되는 표준어 ⑥ 뜻풀이 ⑦ 예문 ⑧ 참고 사항
<보기> 다[실따] (활용 : 실어서, 실으마, 지[실찌], 도록[실또록], 게[실께], 는[실른], 어[실어]) ¶ 큰집에 가서 쌀 두 가마이 고 오이라. 참고 이 어형은 어간의 끝소리에 ‘ㆆ’음을 가지고 있는 특수한 단어이다.
(3) 올림말의 어형은 한글맞춤법의 표기 원칙을 따르되 표준어 어형과 관련 지어 정한다. <보기> 낋이다(=끓이다)
(4) 현행 한글맞춤법으로 적을 수 없는 어형은 옛한글을 사용하여 적는다.
<보기 > 다/실ㆆ다(=싣다) 5. 같은 뜻을 지녔지만 어형이 비슷한 것이 같이 쓰이고 있는 것은 나란히 제시한다. <보기> 가:가이다/가:간이다 ; 가래줌/가리줌
6. 두 음절로 길게 발음되는 것은 앞 음절의 모음과 같은 모음으로 적는다.
<보기> 내앨(=내일), 가알(=가을) 7. 품사 및 문법 용어는 학교 문법의 용어를 사용하여 표시한다.
8. 인용 문헌에 있을 경우에는 [ ] 속에 넣어 표시한다.
9. 활용 정보는 용언 중에서 필요한 경우에 제시한다.
<보기 1> ‘다’의 경우(활용 : 실어서, 실으마, 지[실찌], 도록[실도록], 게[실께], 는[실른], 네[실네])
<보기 2> ‘묵다’의 경우(활용 : 묵고, 묵는, 묵지, 무우마, 무라, 무웄다)
10. 참고 사항에는 어원이나, 문법 사항, 관련된 사실 등을 적는다.
11. 예문 앞에는 ‘¶’ 기호를 붙인다.

[2] 전사 원칙
(1) 한글로 적는 원칙으로 하되 옛한글도 사용하여 전사한다.
(2) 모음 ‘ㅐ, ㅔ’가 변별되지 않을 경우는 ‘ㅔ’로 적거나, 표준어 어형에 맞추어 적는다.
<보기> 내앨(=내일), 모래(=모래), 모레(모레)
(3) 모음 ‘ㅡ, ㅓ’는 표준어 어형에 맞추어 적는다.
(4) ‘ㅙ, ㅚ, ㅞ’는 실제 발음대로 적되, ‘ㅐ, ㅔ’가 변별되지 않을 경우 ‘ㅔ’로 적는다.
<보기> 데지(=돼지), 데다(=되다), 게짝(=궤짝), 애콩(=왜콩), 애눈뱅이(=외눈뱅이)
(5) ‘ㅢ’는 널리 사용하는 표기로 적되, ‘ㅐ, ㅔ’가 변별되지 않는 경우 ‘ㅔ’로 적는다.
<보기> 멧등(=묏등), 으사/이사(=의사(醫師))
(6) 받침에 ‘ㅇ’ 음이 있던 것이 다음 음절의 초성으로 발음되기도 하는 것은 ‘ㆁ’으로 표기하는 것이 옳으나, ‘ㅇ’ 글자와 구분이 잘 되지 않으므로 종성에 ‘ㅇ’ 자를 써서 표기한다. <보기> 게이/겡이(=고양이), 껠배이/껠뱅이(=게으름뱅이), 꽁대이/꽁댕이(=꼬리)
[3] 약자 및 기호의 원 이름이나 뜻은 다음과 같다.
(1) 명 명사, 대 대명사, 수 수사, 동 동사, 형 형용사, 관 관형사, 부 부사, 감 감탄사, 조 조사, 어미 용언의 활용 어미, 접두 접두사 접미 접미사 관용어, 속담 속담, 연어 두 낱말 이상이 어형이 변한 채 이어져 있는 것, 참고 참고할 사항, 준말 줄어진 말
(2) 기호 : [ ] 대괄호 발음
: 쌍점 장음
↑화살표 성조(높은 소리)
¶ 단락기호 예문",사투리,한국어,,2021-12-10 00:00:00,저작물양도계약서,진주시청,,,,제1유형,저작물,보호저작물,○,상업적이용가능,○,○,○,○,○,○,○,,2091-12-10 00:00:00,,
2,오디오,가이드/안내/정보,진주시청,진주시청,HOME > 진주소개 > 기본현황 > 진주 사투리 사전 > ㄱ,가 ~ 가알,"진주 사투리 사전 기역 
-(이)가 (어미) -(이)냐. 의문사 가 없는 체언으로 끝나는 의문문에 사용되는 의문형(어미). ¶ 저어 있는 기 니 책이가?(=저기에 있는 게 네 책이냐?) 이 나무가 이팝나무가?(=이 나무가 이팝나무냐?)
가: (←그+아:←그+아이) (대명사)+(명사) 걔. 그 아이¶ 가:도 거어 가나?(=그 아이도 거기에 가느냐?) / 가:가 가가가?(=그 아이가 (성이) 가가이냐?) 
가가부자석 (명사) 각아비자식 ¶ 저 집 아:들은 얼굴이 제 각각인 걸 보이 모두 가가부자석인가 보네. 
가:가이다/가:간이다 (형용사) 가관(可觀)이다 : 행동이나 모습 등이 마음에 들지 않거나 우스운 상태를 비웃는 말. 꼴불견이다. ¶ 글마 해그러쌓는 기 가:가이네.(=그놈 아이 (행동)해대는 게 꼴불견이네.)
가개 (명사) 홍역(紅疫) ¶ 그 집 아아 가개 하고 있는가베.(=그 집 아이 홍역 하고 있는가 봐.)
가개하다 (동사) 홍역에 걸리다.
가게 (명사) 과거(科擧) : 우리나라와 중국에서 관리를 뽑을 때 실시하던 시험.
가객한테 주우/중우 적삼 부친다 (속담) ‘과객에게 중의(中衣)와 적삼을 부친다’는 말로, 애초에 잘못 꾀한 일로 끝내 허사가 된다는 뜻을 이르는 말.
가거방하다 (형용사) 그럴싸하다. 매우 비슷하다. 
¶ 혼사는 가그방한 집안찌리 해야지 지울모 안 덴다.(=혼사는 비슷한 집안끼리 해야지 기울면 안 된다.)
가느렇다 (형용사) 가느다랗다. 
가느소롬하다 (형용사) 가느스름하다.
가느소롬하이 (부사) 가느스름하게. 꽃병이 가느소롬하이 참하네.(=꽃병이 가느스름하게 예쁘네.)
가다지다 (동사) 기운, 혈기, 물기 따위가 줄어들다. 
¶ 벽에 바른 진흙이 인자 다 가다져가네.(= 벽에 바른 진흙이 (물기가 줄어들어) 이제 다 굳어져가네.) 
가대이 (명사) 까대기. 벽이나 담 따위에 임시로 덧붙여 만든 허술한 구조물. ¶ 날씨가 마이 추버졌네. 딧방 바깥에 가대이를 하나 쳐야데겄네.(=날씨가 많이 추워졌네. 뒷방 바깥에 까대기를 하나 덧붙여야 되겠네.) 

가똑띠이 (명사) 겉똑똑이 : 겉으로는 똑똑한 체하나 실상은 똑똑하지 못한 사람
가둫다 (동사) (활용 : 가둫고, 가둫지, 가둫는다, 가다서, 가다라) 가두다. 
가라비씨다/가래이 벌씨다 1. 바짓가랑이를 벌리다. 2. 아무 남자와 성관계를 맺다.
가락 (명사) 자루(단위 명사). ¶ 거기 낫 한 가락 가 오이라.
가랑가지 (명사) 잔가지 : 풀과 나무의 작은 가지 또는 자질구레한 나뭇가지. 
가래이/가랑태이/가랑탱이 (명사) 가랑이. ¶ 가시나가 오디서 함부래 가래이를 벌씨 쌓네.(=계집아이가 어데서 함부로 가랑이를 벌려 쌓느냐?)

가래줌/가리줌 (명사) 가래. 흙을 파헤치거나 떠서 던지는 기구. ¶ 어지 씨던 가래줌 어디 있네?(=어제 쓰던 가래 어디 있느냐?)

가래줌 놓다/가리줌 놓다 ‘가래’처럼 흙을 파서 던지듯 재물을 함부로 써 버리는 것을 비유적으로 이르는 말.
가래질 (명사) ‘가래’로 흙을 파헤치거나 떠서 던지듯 재물 따위를 함부로 퍼내는 일을 비유적으로 이르는 말.
가래춤 (명사) 가래침. ¶ 아무데나 가래춤 뱉으모 안 덴다.(=아무데나 가래침 뱉으면 안 된다.)
가래토시 (명사) 가래톳. 허벅다리 윗부분의 림프샘이 부어 생긴 멍울. ¶ 가래토시가 생깄다.(=가래톳이 생겼다.)
가럼옷 (명사) 갈음옷. 일한 뒤나 외출할 때 갈아입는 옷. ¶ 가럼옷이 몰똑찮다.(=외출복이 마뜩찮다.)
가뤃다 (동사) (활용 : 가뤃고, 가뤃지, 가뤃는, 가라서, 가라라) 가리다. ¶ 앞을 가뤃지 마라.
가리① (명사) 가루 : 딱딱한 물건을 보드라울 정도로 잘게 부수거나 갈아서 만든 것.
가리② (명사) 낟가리 : 낟알이 붙은 곡식을 그대로 쌓은 더미.
가리③ (명사) 가로 : 왼쪽에서 오른쪽으로 나 있는 방향.
가리④ (명사) 엇셈 : 서로 주고받을 것을 비겨 없애는 셈. ¶ 머라 쿠노. 이거하고 저거하고 가리가 데겄나?(=뭐라고 하니. 이것하고 저것하고 엇셈이 되겠느냐?)

가리눈 (명사) 가루눈 : 가루 모양으로 내리는 눈.
가리늦가 (부사) 뒤늦게.
가리늦다 (형용사) 뒤늦다.
가리다① (동사) (편을) 가르다.
가리다② (동사) (물건을) 고르다.
가리다③ (동사) (물건을) 나누다.
가↑리다④ (동사) (승부를) 가루다.
가리동우 (명사) 밀가루 등을 담는 데 쓰는 동이. ¶ 야야, 거어 가리동우 이리 가 오이라.(=얘야, 거기 가루 담는 동이 이리 가지고 오너라.)

가리된장 (명사) 가루된장. 말려서 가루 상태로 만든 된장.
가리매 (명사) 가르마 : 이마에서 정수리까지 머리카락을 양쪽으로 갈랐을 때 생기는 금.
가리매타다 (동사) 가르마를 타다
가리방상하다/가이방상하다/가
이방하다 (형용사) 방사(倣似)하다. 매우 비슷하다.
가리분 (명사) 가루분
가리비누 (명사) 가루비누
가리소굼 (명사) 가루소금
가리약 (명사) 가루약 
가리장 (명사) 밀가루를 푼 물에 우렁이를 넣어 끓인 가룻국. ¶ 어디서 가리장 끼리는 내미가 나네?(=어디서 가루장국 끓이는 냄새가 나네?)

가리좀 (명사) 가루좀 : 삭은 나무나 뜬 메주 따위에 구멍을 뚫어 가루를 내는 벌레. ¶ 돈에 가리좀이 나겄다.

가리줌 (명사) 가래. 흙을 파헤치거나 떠서 던지는 기구.
가리지리다 (동사) 가로지르다. 가로로 건너지르다.
가리집 (명사) 가루즙.
가리채다 (동사) 가로채다. 남의 것을 옳지 않은 방법으로 빼앗다.
가리치다① (동사) 가리키다.
가리치다② (동사) 가르치다. ¶ 누가 그리 가리치더노?(=누가 그렇게 가르치더냐?) / 니 그라지 말고 내도 가리치 도라.(=너 그렇게 하지 말고 나에게도 가르쳐 다오.)

가리하다 (동사) 엇셈하다 : 서로 주고받을 것을 비겨 셈하다. ¶ 내가 이거 주낑께네 서로 가리하자(=내가 이것을 줄 테니까 서로 엇셈하자.) 

가↑마이① (명사) 가마니. ¶ 여 있던 가마이 오이 갖다 났네?(=여기 있던 가마니 어디 갖다 놓았느냐?)
가마:이② (부사) 가만히.
가마때이/가마이때이 (명사) 가마니때기. ¶ 아이고 추버라. 가마이때이라도 이시모 좀 가리모 좋겄다.(=아이고 추워라. 가마니때기라도 있으면 좀 가리면 좋겠다.)

가:맣다 (형용사) (거리가) 아주 멀다. ¶ 거가 올매나 먼 줄 아나. 여:서는 가맣다.(=거기가 얼마나 먼 줄 아니. 여기서는 아주 멀다.)

가매① (명사) (머리) 가르마.
가매② (명사) 가마솥.
가↑매③ (명사) 가마 : 숯이나 질그릇, 기와, 벽돌 따위를 구워 내는 아궁이와 굴뚝이 있는 시설.
가:매④ (명사) 가마 : 예전에, 한 사람이 안에 타고 둘이나 넷이 들거나 메던, 조그만 집 모양의 탈 것. 
가:매기 (명사) 관목(貫目) : 건청어(乾靑魚). 말린 청어.
가매솥 (명사) 가마솥 : 아주 크고 우묵한 솥.
가무름/가무살 (명사) 가뭄.
가무치 (명사) 가물치.
가무타다 (동사) 삐다. ¶ 정신없이 가다가 발로 가무타 삤다.(=정신없이 가다가 발을 삐어 버렸다.)
가분나리/가분다리/가분지 (명사) 진드기.
가분데 (명사) 가운데.
가뿌다/가푸다 (형용사) 가쁘다. 몹시 숨이 차다.
가뿍 (부사) 가득. 
가사리 (명사) 가장자리.
가새/가시개 (명사) 가위 : 옷감, 종이, 머리털 따위를 자르는 기구. 참고 ‘가시개’는 경북 지방과 동부 경남 지방에서, ‘가새’는 중서부 경남 지방에서 주로 사용해 오던 단어인데, 지금은 서부 경남지방에서도 ‘가시개’가 널리 쓰이고 있다.

가새질 (명사) 가위질 : 1. 가위로 자르거나 오리는 일 2. 언론기사나 영화 작품 따위를 검열하여 그 일부분을 삭제하는 일을 비유적으로 이르는 말.

가새춤 (명사) 가위춤 : 가위를 벌렸다 오므렸다 하는 일을 비유적으로 이르는 말, 또 그런 모양을 하면서 추는 춤.

가수나/가시나/가시내 (명사) 계집아이. ¶ 야 이 가시나야 이리 안 오나?
가시개 (명사) 가위
가시랑비 (명사) 가랑비.
가신가신 (부사) 갈씬갈씬 : 겨우 조금 닿을락 말락 하는 모양.
가신가신하다 (형용사) 아슬아슬하다.
가:실① (명사) 과일. ¶ 이리 땡기 안자서 가실 좀 무우라.(=이리 당겨 앉아서 과일 좀 먹어라.)
가실② (명사) 가을. ¶ 내 무신 일이 있어도 올 가실에는 갚아 주꺼마.(=내가 무슨 일이 있어도 올 가을에는 갚아 줄게.)

가실가실 (부사) 가슬가슬. 살결이나 물건의 거죽이 매끄럽지 않고 가칠하거나 빳빳한 모양.
가실걷이 (명사) 가을걷이. 
가실내 (부사) 가으내. 한가을 내내. ¶ 이라다 가실내 비 오는 거 아이가?(=이러다 가으내 비가 오는 거 아닌가?)
가실내이 (명사) 가을에 받기로 하고 외상으로 상품을 팔거나 빚을 놓는 일. 또는 그 상품이나 빚. 주로 써레씻이를 할 때 가을에 받기로 하고 돼지 따위를 외상으로 잡아먹던 일을 두고 이르는 말.

가실니이 (명사) 가을누에 : 가을에 치는 누에.
가실마당 (명사) 가을마당 : 추수를 하는 마당.
가실하다 (동사) 가을걷이하다.
가심 (명사) 가슴. ¶ 내가 올매나 땁답어모 가심을 치고 또 치것네?(=내가 얼마나 답답하면 가슴을 치고 또 치겠느냐?)
가심빼이 (명사) 가슴팍. 가슴패기.
가씬하다 (동사) 갈씬하다. 겨우 조금 닿고 말다. 어떤 일에 조금 관계하고 말다.
가씬했이모/가씬했이몬 (부사) 하마터면. ¶ 아이고 가씬했이몬 떨굴 뿐했다.(=아이고 하마터면 놓칠 뻔했다.)
가:/가아- 접두 가지고 ¶ 가아가다(=가지고 가다), 가아오다, 가아있다. 가아놀다. / 철수야 니 디안에 가서 장작 좀 가 오이라. 아요 니 내가 아까 준 돈 아직 가아 있제?(=이봐 너 내가 아까 준 돈 아직 가지고 있지?) 

가알 (명사) 가을.",2021-12-10 00:00:00,97,미부착,제1유형,무,,가 ~ 가알,,어문,음성,"진주 사투리 사전 기역 
-(이)가 (어미) -(이)냐. 의문사 가 없는 체언으로 끝나는 의문문에 사용되는 의문형(어미). ¶ 저어 있는 기 니 책이가?(=저기에 있는 게 네 책이냐?) 이 나무가 이팝나무가?(=이 나무가 이팝나무냐?)
가: (←그+아:←그+아이) (대명사)+(명사) 걔. 그 아이¶ 가:도 거어 가나?(=그 아이도 거기에 가느냐?) / 가:가 가가가?(=그 아이가 (성이) 가가이냐?) 
가가부자석 (명사) 각아비자식 ¶ 저 집 아:들은 얼굴이 제 각각인 걸 보이 모두 가가부자석인가 보네. 
가:가이다/가:간이다 (형용사) 가관(可觀)이다 : 행동이나 모습 등이 마음에 들지 않거나 우스운 상태를 비웃는 말. 꼴불견이다. ¶ 글마 해그러쌓는 기 가:가이네.(=그놈 아이 (행동)해대는 게 꼴불견이네.)
가개 (명사) 홍역(紅疫) ¶ 그 집 아아 가개 하고 있는가베.(=그 집 아이 홍역 하고 있는가 봐.)
가개하다 (동사) 홍역에 걸리다.
가게 (명사) 과거(科擧) : 우리나라와 중국에서 관리를 뽑을 때 실시하던 시험.
가객한테 주우/중우 적삼 부친다 (속담) ‘과객에게 중의(中衣)와 적삼을 부친다’는 말로, 애초에 잘못 꾀한 일로 끝내 허사가 된다는 뜻을 이르는 말.
가거방하다 (형용사) 그럴싸하다. 매우 비슷하다. 
¶ 혼사는 가그방한 집안찌리 해야지 지울모 안 덴다.(=혼사는 비슷한 집안끼리 해야지 기울면 안 된다.)
가느렇다 (형용사) 가느다랗다. 
가느소롬하다 (형용사) 가느스름하다.
가느소롬하이 (부사) 가느스름하게. 꽃병이 가느소롬하이 참하네.(=꽃병이 가느스름하게 예쁘네.)
가다지다 (동사) 기운, 혈기, 물기 따위가 줄어들다. 
¶ 벽에 바른 진흙이 인자 다 가다져가네.(= 벽에 바른 진흙이 (물기가 줄어들어) 이제 다 굳어져가네.) 
가대이 (명사) 까대기. 벽이나 담 따위에 임시로 덧붙여 만든 허술한 구조물. ¶ 날씨가 마이 추버졌네. 딧방 바깥에 가대이를 하나 쳐야데겄네.(=날씨가 많이 추워졌네. 뒷방 바깥에 까대기를 하나 덧붙여야 되겠네.) 

가똑띠이 (명사) 겉똑똑이 : 겉으로는 똑똑한 체하나 실상은 똑똑하지 못한 사람
가둫다 (동사) (활용 : 가둫고, 가둫지, 가둫는다, 가다서, 가다라) 가두다. 
가라비씨다/가래이 벌씨다 1. 바짓가랑이를 벌리다. 2. 아무 남자와 성관계를 맺다.
가락 (명사) 자루(단위 명사). ¶ 거기 낫 한 가락 가 오이라.
가랑가지 (명사) 잔가지 : 풀과 나무의 작은 가지 또는 자질구레한 나뭇가지. 
가래이/가랑태이/가랑탱이 (명사) 가랑이. ¶ 가시나가 오디서 함부래 가래이를 벌씨 쌓네.(=계집아이가 어데서 함부로 가랑이를 벌려 쌓느냐?)

가래줌/가리줌 (명사) 가래. 흙을 파헤치거나 떠서 던지는 기구. ¶ 어지 씨던 가래줌 어디 있네?(=어제 쓰던 가래 어디 있느냐?)

가래줌 놓다/가리줌 놓다 ‘가래’처럼 흙을 파서 던지듯 재물을 함부로 써 버리는 것을 비유적으로 이르는 말.
가래질 (명사) ‘가래’로 흙을 파헤치거나 떠서 던지듯 재물 따위를 함부로 퍼내는 일을 비유적으로 이르는 말.
가래춤 (명사) 가래침. ¶ 아무데나 가래춤 뱉으모 안 덴다.(=아무데나 가래침 뱉으면 안 된다.)
가래토시 (명사) 가래톳. 허벅다리 윗부분의 림프샘이 부어 생긴 멍울. ¶ 가래토시가 생깄다.(=가래톳이 생겼다.)
가럼옷 (명사) 갈음옷. 일한 뒤나 외출할 때 갈아입는 옷. ¶ 가럼옷이 몰똑찮다.(=외출복이 마뜩찮다.)
가뤃다 (동사) (활용 : 가뤃고, 가뤃지, 가뤃는, 가라서, 가라라) 가리다. ¶ 앞을 가뤃지 마라.
가리① (명사) 가루 : 딱딱한 물건을 보드라울 정도로 잘게 부수거나 갈아서 만든 것.
가리② (명사) 낟가리 : 낟알이 붙은 곡식을 그대로 쌓은 더미.
가리③ (명사) 가로 : 왼쪽에서 오른쪽으로 나 있는 방향.
가리④ (명사) 엇셈 : 서로 주고받을 것을 비겨 없애는 셈. ¶ 머라 쿠노. 이거하고 저거하고 가리가 데겄나?(=뭐라고 하니. 이것하고 저것하고 엇셈이 되겠느냐?)

가리눈 (명사) 가루눈 : 가루 모양으로 내리는 눈.
가리늦가 (부사) 뒤늦게.
가리늦다 (형용사) 뒤늦다.
가리다① (동사) (편을) 가르다.
가리다② (동사) (물건을) 고르다.
가리다③ (동사) (물건을) 나누다.
가↑리다④ (동사) (승부를) 가루다.
가리동우 (명사) 밀가루 등을 담는 데 쓰는 동이. ¶ 야야, 거어 가리동우 이리 가 오이라.(=얘야, 거기 가루 담는 동이 이리 가지고 오너라.)

가리된장 (명사) 가루된장. 말려서 가루 상태로 만든 된장.
가리매 (명사) 가르마 : 이마에서 정수리까지 머리카락을 양쪽으로 갈랐을 때 생기는 금.
가리매타다 (동사) 가르마를 타다
가리방상하다/가이방상하다/가
이방하다 (형용사) 방사(倣似)하다. 매우 비슷하다.
가리분 (명사) 가루분
가리비누 (명사) 가루비누
가리소굼 (명사) 가루소금
가리약 (명사) 가루약 
가리장 (명사) 밀가루를 푼 물에 우렁이를 넣어 끓인 가룻국. ¶ 어디서 가리장 끼리는 내미가 나네?(=어디서 가루장국 끓이는 냄새가 나네?)

가리좀 (명사) 가루좀 : 삭은 나무나 뜬 메주 따위에 구멍을 뚫어 가루를 내는 벌레. ¶ 돈에 가리좀이 나겄다.

가리줌 (명사) 가래. 흙을 파헤치거나 떠서 던지는 기구.
가리지리다 (동사) 가로지르다. 가로로 건너지르다.
가리집 (명사) 가루즙.
가리채다 (동사) 가로채다. 남의 것을 옳지 않은 방법으로 빼앗다.
가리치다① (동사) 가리키다.
가리치다② (동사) 가르치다. ¶ 누가 그리 가리치더노?(=누가 그렇게 가르치더냐?) / 니 그라지 말고 내도 가리치 도라.(=너 그렇게 하지 말고 나에게도 가르쳐 다오.)

가리하다 (동사) 엇셈하다 : 서로 주고받을 것을 비겨 셈하다. ¶ 내가 이거 주낑께네 서로 가리하자(=내가 이것을 줄 테니까 서로 엇셈하자.) 

가↑마이① (명사) 가마니. ¶ 여 있던 가마이 오이 갖다 났네?(=여기 있던 가마니 어디 갖다 놓았느냐?)
가마:이② (부사) 가만히.
가마때이/가마이때이 (명사) 가마니때기. ¶ 아이고 추버라. 가마이때이라도 이시모 좀 가리모 좋겄다.(=아이고 추워라. 가마니때기라도 있으면 좀 가리면 좋겠다.)

가:맣다 (형용사) (거리가) 아주 멀다. ¶ 거가 올매나 먼 줄 아나. 여:서는 가맣다.(=거기가 얼마나 먼 줄 아니. 여기서는 아주 멀다.)

가매① (명사) (머리) 가르마.
가매② (명사) 가마솥.
가↑매③ (명사) 가마 : 숯이나 질그릇, 기와, 벽돌 따위를 구워 내는 아궁이와 굴뚝이 있는 시설.
가:매④ (명사) 가마 : 예전에, 한 사람이 안에 타고 둘이나 넷이 들거나 메던, 조그만 집 모양의 탈 것. 
가:매기 (명사) 관목(貫目) : 건청어(乾靑魚). 말린 청어.
가매솥 (명사) 가마솥 : 아주 크고 우묵한 솥.
가무름/가무살 (명사) 가뭄.
가무치 (명사) 가물치.
가무타다 (동사) 삐다. ¶ 정신없이 가다가 발로 가무타 삤다.(=정신없이 가다가 발을 삐어 버렸다.)
가분나리/가분다리/가분지 (명사) 진드기.
가분데 (명사) 가운데.
가뿌다/가푸다 (형용사) 가쁘다. 몹시 숨이 차다.
가뿍 (부사) 가득. 
가사리 (명사) 가장자리.
가새/가시개 (명사) 가위 : 옷감, 종이, 머리털 따위를 자르는 기구. 참고 ‘가시개’는 경북 지방과 동부 경남 지방에서, ‘가새’는 중서부 경남 지방에서 주로 사용해 오던 단어인데, 지금은 서부 경남지방에서도 ‘가시개’가 널리 쓰이고 있다.

가새질 (명사) 가위질 : 1. 가위로 자르거나 오리는 일 2. 언론기사나 영화 작품 따위를 검열하여 그 일부분을 삭제하는 일을 비유적으로 이르는 말.

가새춤 (명사) 가위춤 : 가위를 벌렸다 오므렸다 하는 일을 비유적으로 이르는 말, 또 그런 모양을 하면서 추는 춤.

가수나/가시나/가시내 (명사) 계집아이. ¶ 야 이 가시나야 이리 안 오나?
가시개 (명사) 가위
가시랑비 (명사) 가랑비.
가신가신 (부사) 갈씬갈씬 : 겨우 조금 닿을락 말락 하는 모양.
가신가신하다 (형용사) 아슬아슬하다.
가:실① (명사) 과일. ¶ 이리 땡기 안자서 가실 좀 무우라.(=이리 당겨 앉아서 과일 좀 먹어라.)
가실② (명사) 가을. ¶ 내 무신 일이 있어도 올 가실에는 갚아 주꺼마.(=내가 무슨 일이 있어도 올 가을에는 갚아 줄게.)

가실가실 (부사) 가슬가슬. 살결이나 물건의 거죽이 매끄럽지 않고 가칠하거나 빳빳한 모양.
가실걷이 (명사) 가을걷이. 
가실내 (부사) 가으내. 한가을 내내. ¶ 이라다 가실내 비 오는 거 아이가?(=이러다 가으내 비가 오는 거 아닌가?)
가실내이 (명사) 가을에 받기로 하고 외상으로 상품을 팔거나 빚을 놓는 일. 또는 그 상품이나 빚. 주로 써레씻이를 할 때 가을에 받기로 하고 돼지 따위를 외상으로 잡아먹던 일을 두고 이르는 말.

가실니이 (명사) 가을누에 : 가을에 치는 누에.
가실마당 (명사) 가을마당 : 추수를 하는 마당.
가실하다 (동사) 가을걷이하다.
가심 (명사) 가슴. ¶ 내가 올매나 땁답어모 가심을 치고 또 치것네?(=내가 얼마나 답답하면 가슴을 치고 또 치겠느냐?)
가심빼이 (명사) 가슴팍. 가슴패기.
가씬하다 (동사) 갈씬하다. 겨우 조금 닿고 말다. 어떤 일에 조금 관계하고 말다.
가씬했이모/가씬했이몬 (부사) 하마터면. ¶ 아이고 가씬했이몬 떨굴 뿐했다.(=아이고 하마터면 놓칠 뻔했다.)
가:/가아- 접두 가지고 ¶ 가아가다(=가지고 가다), 가아오다, 가아있다. 가아놀다. / 철수야 니 디안에 가서 장작 좀 가 오이라. 아요 니 내가 아까 준 돈 아직 가아 있제?(=이봐 너 내가 아까 준 돈 아직 가지고 있지?) 

가알 (명사) 가을.",사투리,한국어,,2021-12-10 00:00:00,저작물양도계약서,진주시청,,,,제1유형,저작물,보호저작물,○,상업적이용가능,○,○,○,○,○,○,○,,2091-12-10 00:00:00,,
3,오디오,가이드/안내/정보,진주시청,진주시청,HOME > 진주소개 > 기본현황 > 진주 사투리 사전 > ㄱ,가알갈이 ~ 갓끈이 넘었다,"가알갈이 (명사) 가을갈이.
가알걷이 (명사) 가을걷이.
가암 (명사) 고함 : 크게 부르짖거나 외치는 소리.
가온데 (명사) 가운데.
-가옷 접미 -가웃 : 수량을 나타내는 단위의 절반 정도 분량의 뜻을 더하는 접미사. ¶ 안 데바도 되가옷은 데겄네. (=안 돼 봐도 되가웃은 되겠네.)

가이고 (동사) 가지고. ¶ 그래 가이고 우찌 뎄네?(=그래 가지고 어찌 되었느냐?)
가이나 (명사) 계집아이. ¶ 가이나가 몬하는 소리가 없네.(=계집아이가 못하는 말이 없네.)
가이방상하다 (형용사) 비슷하다.
가이방하다 (형용사) 비슷하다.
가재미 (명사) (물고기) 가자미.
가적기/가차이 (부사) 가까이. ¶ 이 사람아, 이리 가적기 땡기 와 바라.(=이 사람아 이리 가깝게 당겨 와 봐라.)
가적다/가찹다 (형용사) 가깝다. ¶ 여어서 대곡은 가적다.(=여기서 대곡은 가깝다.)
가적히 (부사) 가까이.
가죽자반 (명사) 가죽으로 만든 부각, 또는 튀각.
가지랑 (명사) 간능(幹能) : 재간 있게 능청스러움. ¶ 제발 가지랑 지이지 마라.
가지방하다 (형용사) 그럴싸하다.
가직히 (부사) 가까이. 
가짠내 (명사) 가납사니 : 1. 쓸데없는 말을 지껄이기 좋아하는 수다스러운 사람. 2. 말다툼을 잘하는 사람.
가찔가찔하다 (형용사) 갈씬갈씬하다. 닿을 듯하다. 될 듯하다.
가찹다 (형용사) 가깝다. 
가초가초 (부사) 갖추갖추. 여럿이 모두 있는 대로.
가초롬하다 (형용사) 가칠하다. 야위거나 메말라 살갗이나 털이 윤기가 없고 좀 거칠다.

가치/까치 (명사) 개비 : 가늘게 쪼갠 나무토막이나 기름한 토막의 낱개. ¶ 아요, 나도 담배 한 까치 주이소.(=이 봐요, 나도 담배 한 개비 주세요.)
가탐하다 (동사) 간탐(慳貪)하다 : 몹시 인색하고 욕심이 많다.
가택 (명사) 과댁(寡宅). 과부댁.

가푸다 (형용사) 가쁘다 : 몹시 숨이 차다. 힘에 겹다.

가피다/개피다 (동사) 고이다. 괴다. 물 따위의 액체가 우묵한 곳에 모이다.

각낯질 (명사) 형제 또는 자매의 얼굴이 서로 다름.

각단지 (명사) 각단 : 일의 갈피와 실마리.

각중에 (부사) 갑자기. 느닷없이. ¶ 각중에 그리하모 내가 우찌 하끼고?(=갑자기 그렇게 하면 내가 어떻게 하겠느냐?)

각판이다 (형용사) (경기에서) 서로 비기다.

간가이 (부사) 가끔. 간간이. 이따금.

간간무리하다 (형용사) 음식물에 짠 맛이 부드럽게 밴 듯하다.

간게이 (명사) 자반고기. 소금에 절인 고기.

간고등애 (명사) 자반고등어.

간깔치 (명사) 자반갈치.

간난아 (명사) 갓난아이

간늦까/가리늦까 (부사) 뒤늦게.

간데손까락 (명사) 가운뎃손가락.

간두다 (동사) 그만두다. ¶ 하기 싫거든 간도라.(=그만둬라. 관둬라.)

간디없다 (형용사) 간데없다. 갑자기 자취를 감추어 사라지거나 어디로 갔는지 알 수가 없다.

간디쪽쪽 (부사) 간데족족. 가는 곳마다 빼지 않고 모두.

간띠 (명사) 간덩이. ‘간’을 속되게 이르는 말.

간띠 부웃다 ‘간덩이가 부었다.’는 말로 겁 없이 일에 달려드는 것을 속되게 일컫는 말.

간물게기/간물게이 (명사) 바닷물고기.

간빵 (명사) 건빵 : 수분과 당분을 적게 하여 딱딱하게 구운 마른과자로 지난날 주로 군대의 야전 식량으로 사용했다.

간소롬하다/가느소롬하다 (형용사) 가느스름하다.

간솔 (명사) 관솔 : 송진이 많이 엉긴, 소나무의 가지나 옹이. 불이 잘 붙으므로 예전에는 여기에 불을 붙여 등불 대신 이용하였다.

간솔불 (명사) 관솔에 붙인 불.

간얼라 (명사) 갓난 어린아이.

간조구 (명사) 간조기. 염장조기.

간조롬이/간조롬하이 (부사) 가지런히. ¶ 너 이리 와서 이거 쫌 간조롬하이 해 바라.(=너 이리 와서 이것 좀 가지런히 해 봐라.)

간조롬하다 (형용사) 가지런하다.

간조하다 (형용사) 조마조마하다.

간종키리다 (동사) 흐트러진 일이나 물건을 가닥가닥 가리고 골라서 가지런하게 하다. ¶ 우찌 이래 놓고 있네? 빨리 간종키리라, 좀.(=어찌 이렇게 해 놓고 있니? 빨리 가지런히 해라, 좀.)

간지뻬 (명사) 광대뼈. 뺨과 관자놀이 사이에 내민 뼈.

간지숟가락 (명사) 간자숟가락. 곱고 두껍게 만든 숟가락. 어른의 숟가락을 높게 이르는 말.

간질다 (동사) 간질이다.

간짓대이 (명사) 간짓대. 나무로 된 긴 장대.

간창수 (명사) 간과 창자.

간타다 (형용사) 애타다.

갈가마구 (명사) 갈가마귀.

갈가지 (명사) 개호주 : 범의 새끼. ¶ 그 노무 새끼는 갈가지 겉은 놈이다. (=그 놈의 새끼는 개호주 같다.)

갉아직이다 (동사) 갉아죽이다.

갈강비 (명사) 가랑비.

갈갱이 (명사) 갈기. 말이나 사자 따위의 목덜미에 난 긴 털. ¶ 머리는 또 와 그리 갈갱이 매키로 해 있네?(=머리는 또 왜 그렇게 갈기처럼 해 있느냐?)

갈거시 (명사) 실지렁이.

갈거시겉다 (형용사) 실지렁이처럼 가느다랗게 생겼다.

갈구리/갈쿠리/깔쿠리 (명사) 갈퀴. 검불이나 곡식 따위를 긁어모으는 데 쓰는 기구. ¶ 저 거부지는 깔쿠리 갖고 모다라.(=저 검불은 갈퀴를 가지고 모아라.)

갈구셍이 (명사) 장구벌레. ¶ 저어 바라. 갈구셍이가 버걸버걸하제?(=저기 봐라. 장구벌레가 버글버글하지?)

갈가마구 (명사) 갈까마귀.

갈꼬래이 (명사) 갈고랑이. 갈고리 : 끝이 뾰족하고 꼬부라져 물건을 걸고 끌어당기는 데 쓰는 기구.

갈라묵기 (명사) 노느매기 : 여러 몫으로 갈라 나누는 일. 또는 그렇게 나누어진 몫. ¶ 이거 니하고 내하고 갈라묵기로 하자.(=이것 너하고 나하고 노느매기를 하자.)

갈라주다 (동사) 나눠주다. 노느매기하다. ¶ 고마 싸우고 좀 갈라조라.(=그만 싸우고 좀 나눠줘라.)

갈롱 (명사) 간능(幹能) : 일을 잘 하는 재간과 능력.

갈롱재이 (명사) 간능부리는 사람을 이르는 말.

갈롱지기다/갈롱지이다 (동사) 간능(幹能)을 떨다. 간능을 부리다. 재간 있게 능청을 떨다.

갈롱피우다 (동사) 잘난 척 까불다. 멋 부리다.

갈리다 (동사) 치이다. ¶ 우짜다가 자동차에 갈맀다 쿠데?(=어쩌다가 자동차에 치였다고 하더냐?)

갈망 몬 하다 어떤 일을 감당하여 수습하고 처리하지 못하다. 

갈방니① (명사) 가랑니 : 서캐에서 깨어 나온 지 얼마 안 되는 새끼 이.

갈방니② 자잘한 이(齒)

갈비/깔비 (명사) 솔가리 : 말라서 땅에 떨어져 쌓인 솔잎. ¶ 내는 가서 갈비 한 짐 해 오 꺼마.(=나는 가서 솔가리 한 짐 해서 올게.)

갈밤 (명사) 상수리. 도토리.

갈비뻬 (명사) 갈비뼈.

갈세하다 (동사) 괄시하다.

갈차주다/갈치주다 (동사) 가르쳐주다. 가리켜주다.

갈체이 (명사) 갈충이 : 가래나무의 잎을 갉아 먹는 벌레.

갈치다 (동사) 가르치다. 가리키다.

갈쿠리 (명사) 갈퀴 : 검불이나 곡식 따위를 긁어모으는 데 쓰는 기구.

갋다 (동사) 대적하다. 맞서다. 따지고 들다. ¶ 절마는 우리 동네서는 갋을 사람이 없다.

감가무리하다 (형용사) 가마득하다. ¶ 일이 온제 끝날랑고 감가무리하거마.(=일이 언제 끝날지 가마득하다.)

감똘개 (명사) 감또개 : 꽃과 함께 떨어진 어린 감.

-(으)감성 (어미) -(으)면서 ¶ 해감성(=해가면서). 무감성. 놀아감성.

감뻬 (명사) 감씨.

감시이 (명사) 감성돔 : 도밋과의 바닷물고기.

감씨① (명사) 감의 씨. 

감씨② (명사) 공알 : 여자의 외음부에 도드라져 있는 작은 돌기, 음핵.

갑 (명사) 값. ¶ 사과 갑이 비싸다.

갑다(←가 보다) 준말 (‘-(으)ㄴ/-는 갑다’의 구조로) (으)ㄴ/는가 보다. ¶ 그런 갑다.(=그런가 보다), 추운 갑다 / 물이 깊은 갑다./ 이자(=이제) 옷 입는 갑네.

갑때이 (명사) 대님 : 한복에서, 남자들이 바지를 입은 뒤에 그 가랑이의 끝 쪽을 접어서 발목을 졸라매는 끈.

갑신 (부사) 가뜩.

갑작시리 (부사) 갑작스레. ¶ 그리 갑작시리 시키모 우찌 하끼고?(=그렇게 갑작스레 시키면 어떻게 하겠느냐?)

갓① (명사) 멧갓 : 나무를 함부로 베지 못하게 가꾸는 산.

갓② (명사) 가. ¶ 거어 가세 있는 사람들은 안으로 땡기 서라.(=거기 가에 있는 사람들은 안으로 당겨 서라.) 

갓금 (명사) 멧갓 : 나무를 함부로 베지 못하게 가꾸는 산. 

갓끈이 넘었다 술에 취해 몸을 가누지 못하는 사람을 비유적으로 이르는 말.",2021-12-10 00:00:00,107,미부착,제1유형,무,,가알갈이 ~ 갓끈이 넘었다,,어문,음성,"가알갈이 (명사) 가을갈이.
가알걷이 (명사) 가을걷이.
가암 (명사) 고함 : 크게 부르짖거나 외치는 소리.
가온데 (명사) 가운데.
-가옷 접미 -가웃 : 수량을 나타내는 단위의 절반 정도 분량의 뜻을 더하는 접미사. ¶ 안 데바도 되가옷은 데겄네. (=안 돼 봐도 되가웃은 되겠네.)

가이고 (동사) 가지고. ¶ 그래 가이고 우찌 뎄네?(=그래 가지고 어찌 되었느냐?)
가이나 (명사) 계집아이. ¶ 가이나가 몬하는 소리가 없네.(=계집아이가 못하는 말이 없네.)
가이방상하다 (형용사) 비슷하다.
가이방하다 (형용사) 비슷하다.
가재미 (명사) (물고기) 가자미.
가적기/가차이 (부사) 가까이. ¶ 이 사람아, 이리 가적기 땡기 와 바라.(=이 사람아 이리 가깝게 당겨 와 봐라.)
가적다/가찹다 (형용사) 가깝다. ¶ 여어서 대곡은 가적다.(=여기서 대곡은 가깝다.)
가적히 (부사) 가까이.
가죽자반 (명사) 가죽으로 만든 부각, 또는 튀각.
가지랑 (명사) 간능(幹能) : 재간 있게 능청스러움. ¶ 제발 가지랑 지이지 마라.
가지방하다 (형용사) 그럴싸하다.
가직히 (부사) 가까이. 
가짠내 (명사) 가납사니 : 1. 쓸데없는 말을 지껄이기 좋아하는 수다스러운 사람. 2. 말다툼을 잘하는 사람.
가찔가찔하다 (형용사) 갈씬갈씬하다. 닿을 듯하다. 될 듯하다.
가찹다 (형용사) 가깝다. 
가초가초 (부사) 갖추갖추. 여럿이 모두 있는 대로.
가초롬하다 (형용사) 가칠하다. 야위거나 메말라 살갗이나 털이 윤기가 없고 좀 거칠다.

가치/까치 (명사) 개비 : 가늘게 쪼갠 나무토막이나 기름한 토막의 낱개. ¶ 아요, 나도 담배 한 까치 주이소.(=이 봐요, 나도 담배 한 개비 주세요.)
가탐하다 (동사) 간탐(慳貪)하다 : 몹시 인색하고 욕심이 많다.
가택 (명사) 과댁(寡宅). 과부댁.

가푸다 (형용사) 가쁘다 : 몹시 숨이 차다. 힘에 겹다.

가피다/개피다 (동사) 고이다. 괴다. 물 따위의 액체가 우묵한 곳에 모이다.

각낯질 (명사) 형제 또는 자매의 얼굴이 서로 다름.

각단지 (명사) 각단 : 일의 갈피와 실마리.

각중에 (부사) 갑자기. 느닷없이. ¶ 각중에 그리하모 내가 우찌 하끼고?(=갑자기 그렇게 하면 내가 어떻게 하겠느냐?)

각판이다 (형용사) (경기에서) 서로 비기다.

간가이 (부사) 가끔. 간간이. 이따금.

간간무리하다 (형용사) 음식물에 짠 맛이 부드럽게 밴 듯하다.

간게이 (명사) 자반고기. 소금에 절인 고기.

간고등애 (명사) 자반고등어.

간깔치 (명사) 자반갈치.

간난아 (명사) 갓난아이

간늦까/가리늦까 (부사) 뒤늦게.

간데손까락 (명사) 가운뎃손가락.

간두다 (동사) 그만두다. ¶ 하기 싫거든 간도라.(=그만둬라. 관둬라.)

간디없다 (형용사) 간데없다. 갑자기 자취를 감추어 사라지거나 어디로 갔는지 알 수가 없다.

간디쪽쪽 (부사) 간데족족. 가는 곳마다 빼지 않고 모두.

간띠 (명사) 간덩이. ‘간’을 속되게 이르는 말.

간띠 부웃다 ‘간덩이가 부었다.’는 말로 겁 없이 일에 달려드는 것을 속되게 일컫는 말.

간물게기/간물게이 (명사) 바닷물고기.

간빵 (명사) 건빵 : 수분과 당분을 적게 하여 딱딱하게 구운 마른과자로 지난날 주로 군대의 야전 식량으로 사용했다.

간소롬하다/가느소롬하다 (형용사) 가느스름하다.

간솔 (명사) 관솔 : 송진이 많이 엉긴, 소나무의 가지나 옹이. 불이 잘 붙으므로 예전에는 여기에 불을 붙여 등불 대신 이용하였다.

간솔불 (명사) 관솔에 붙인 불.

간얼라 (명사) 갓난 어린아이.

간조구 (명사) 간조기. 염장조기.

간조롬이/간조롬하이 (부사) 가지런히. ¶ 너 이리 와서 이거 쫌 간조롬하이 해 바라.(=너 이리 와서 이것 좀 가지런히 해 봐라.)

간조롬하다 (형용사) 가지런하다.

간조하다 (형용사) 조마조마하다.

간종키리다 (동사) 흐트러진 일이나 물건을 가닥가닥 가리고 골라서 가지런하게 하다. ¶ 우찌 이래 놓고 있네? 빨리 간종키리라, 좀.(=어찌 이렇게 해 놓고 있니? 빨리 가지런히 해라, 좀.)

간지뻬 (명사) 광대뼈. 뺨과 관자놀이 사이에 내민 뼈.

간지숟가락 (명사) 간자숟가락. 곱고 두껍게 만든 숟가락. 어른의 숟가락을 높게 이르는 말.

간질다 (동사) 간질이다.

간짓대이 (명사) 간짓대. 나무로 된 긴 장대.

간창수 (명사) 간과 창자.

간타다 (형용사) 애타다.

갈가마구 (명사) 갈가마귀.

갈가지 (명사) 개호주 : 범의 새끼. ¶ 그 노무 새끼는 갈가지 겉은 놈이다. (=그 놈의 새끼는 개호주 같다.)

갉아직이다 (동사) 갉아죽이다.

갈강비 (명사) 가랑비.

갈갱이 (명사) 갈기. 말이나 사자 따위의 목덜미에 난 긴 털. ¶ 머리는 또 와 그리 갈갱이 매키로 해 있네?(=머리는 또 왜 그렇게 갈기처럼 해 있느냐?)

갈거시 (명사) 실지렁이.

갈거시겉다 (형용사) 실지렁이처럼 가느다랗게 생겼다.

갈구리/갈쿠리/깔쿠리 (명사) 갈퀴. 검불이나 곡식 따위를 긁어모으는 데 쓰는 기구. ¶ 저 거부지는 깔쿠리 갖고 모다라.(=저 검불은 갈퀴를 가지고 모아라.)

갈구셍이 (명사) 장구벌레. ¶ 저어 바라. 갈구셍이가 버걸버걸하제?(=저기 봐라. 장구벌레가 버글버글하지?)

갈가마구 (명사) 갈까마귀.

갈꼬래이 (명사) 갈고랑이. 갈고리 : 끝이 뾰족하고 꼬부라져 물건을 걸고 끌어당기는 데 쓰는 기구.

갈라묵기 (명사) 노느매기 : 여러 몫으로 갈라 나누는 일. 또는 그렇게 나누어진 몫. ¶ 이거 니하고 내하고 갈라묵기로 하자.(=이것 너하고 나하고 노느매기를 하자.)

갈라주다 (동사) 나눠주다. 노느매기하다. ¶ 고마 싸우고 좀 갈라조라.(=그만 싸우고 좀 나눠줘라.)

갈롱 (명사) 간능(幹能) : 일을 잘 하는 재간과 능력.

갈롱재이 (명사) 간능부리는 사람을 이르는 말.

갈롱지기다/갈롱지이다 (동사) 간능(幹能)을 떨다. 간능을 부리다. 재간 있게 능청을 떨다.

갈롱피우다 (동사) 잘난 척 까불다. 멋 부리다.

갈리다 (동사) 치이다. ¶ 우짜다가 자동차에 갈맀다 쿠데?(=어쩌다가 자동차에 치였다고 하더냐?)

갈망 몬 하다 어떤 일을 감당하여 수습하고 처리하지 못하다. 

갈방니① (명사) 가랑니 : 서캐에서 깨어 나온 지 얼마 안 되는 새끼 이.

갈방니② 자잘한 이(齒)

갈비/깔비 (명사) 솔가리 : 말라서 땅에 떨어져 쌓인 솔잎. ¶ 내는 가서 갈비 한 짐 해 오 꺼마.(=나는 가서 솔가리 한 짐 해서 올게.)

갈밤 (명사) 상수리. 도토리.

갈비뻬 (명사) 갈비뼈.

갈세하다 (동사) 괄시하다.

갈차주다/갈치주다 (동사) 가르쳐주다. 가리켜주다.

갈체이 (명사) 갈충이 : 가래나무의 잎을 갉아 먹는 벌레.

갈치다 (동사) 가르치다. 가리키다.

갈쿠리 (명사) 갈퀴 : 검불이나 곡식 따위를 긁어모으는 데 쓰는 기구.

갋다 (동사) 대적하다. 맞서다. 따지고 들다. ¶ 절마는 우리 동네서는 갋을 사람이 없다.

감가무리하다 (형용사) 가마득하다. ¶ 일이 온제 끝날랑고 감가무리하거마.(=일이 언제 끝날지 가마득하다.)

감똘개 (명사) 감또개 : 꽃과 함께 떨어진 어린 감.

-(으)감성 (어미) -(으)면서 ¶ 해감성(=해가면서). 무감성. 놀아감성.

감뻬 (명사) 감씨.

감시이 (명사) 감성돔 : 도밋과의 바닷물고기.

감씨① (명사) 감의 씨. 

감씨② (명사) 공알 : 여자의 외음부에 도드라져 있는 작은 돌기, 음핵.

갑 (명사) 값. ¶ 사과 갑이 비싸다.

갑다(←가 보다) 준말 (‘-(으)ㄴ/-는 갑다’의 구조로) (으)ㄴ/는가 보다. ¶ 그런 갑다.(=그런가 보다), 추운 갑다 / 물이 깊은 갑다./ 이자(=이제) 옷 입는 갑네.

갑때이 (명사) 대님 : 한복에서, 남자들이 바지를 입은 뒤에 그 가랑이의 끝 쪽을 접어서 발목을 졸라매는 끈.

갑신 (부사) 가뜩.

갑작시리 (부사) 갑작스레. ¶ 그리 갑작시리 시키모 우찌 하끼고?(=그렇게 갑작스레 시키면 어떻게 하겠느냐?)

갓① (명사) 멧갓 : 나무를 함부로 베지 못하게 가꾸는 산.

갓② (명사) 가. ¶ 거어 가세 있는 사람들은 안으로 땡기 서라.(=거기 가에 있는 사람들은 안으로 당겨 서라.) 

갓금 (명사) 멧갓 : 나무를 함부로 베지 못하게 가꾸는 산. 

갓끈이 넘었다 술에 취해 몸을 가누지 못하는 사람을 비유적으로 이르는 말.",사투리,한국어,,2021-12-10 00:00:00,저작물양도계약서,진주시청,,,,제1유형,저작물,보호저작물,○,상업적이용가능,○,○,○,○,○,○,○,,2091-12-10 00:00:00,,
4,오디오,가이드/안내/정보,진주시청,진주시청,HOME > 진주소개 > 기본현황 > 진주 사투리 사전 > ㄱ,갓난재이 ~ 거꺼정거꺼지,"갓난재이 (명사) 갓난쟁이 : 갓난아이를 낮잡아 이르는 말.
갓다리 (명사) 곁다리 : 당사자가 아닌 주변의 사람.
갓무시 (명사) 갓무 : 무의 하나. 잎은 갓처럼 생기고 뿌리는 배추와 비슷하다.
간얼라 (명사) 갓난아이.
갓재이 (명사) 갓장이 : 갓을 만들거나 고치는 일을 하는 사람. ¶ 요새는 갓 씨는 사람이 없인께 갓재이 보기도 심든다.(=요새 갓 쓰는 사람이 없으니 갓장이 보기도 힘든다.)
갓짐치 (명사) 갓김치.
강 (명사) 광 : 세간이나 그 밖의 여러 가지 물건을 넣어 두는 곳. 고방(庫房).
강거리 (명사) 껑거리막대 : 길마를 얹을 때에 소의 궁둥이에 가로대는 막대.
강기 (명사) 감기.
강내이 (명사) 강냉이. 옥수수. ¶ 강내이 하나 묵고 가라.(=옥수수 하나 먹고 가거라.)
강내이밥상 (명사) 옥수수튀밥.
강대 (명사) 월경(月經) : 성숙한 여성의 자궁에서 주기적으로 출혈하는 생리 현상.
강밥 (명사) 튀밥 : 튀긴 쌀이나 옥수수.
강빨잡다 (동사) 허풍을 떨며 젠체하다. (참고) ‘광팔(光八)잡다’에서 온 말로, ‘광팔’은 화투놀이의 ‘팔월 광’을 이르는 말이다.
강새이/강생이 (명사) 강아지. ¶ 누 집 강생이가 저리 돌아댕기네?(=누구 집 강아지가 저렇게 돌아다니느냐?)
강저리/강지리 (명사) 광주리 : 대, 싸리, 버들 따위를 재료로 하여 바닥은 둥글고 촘촘하게, 전은 성기게 엮어 만든 그릇.
강쩡 (명사) 강짜 : ‘강샘’을 속되게 이르는 말. ¶ 제발 강쩡 좀 부리지 마라.
갖초갖초 (부사) 갖추갖추 : 여럿이 모두 있는 대로.
같애지다 (동사) 같아지다. ¶ 가시버시 오래 같이 살다 본께 하는 것도 같애지삐더라.(=부부가 오래 같이 살다 보니 하는 것도 같아져 버리더라.) 
같은 갑이모 (관용어) 같은 값이면. 이왕이면.
개겁다 (형용사) 가볍다. ¶ 이거 와 이리 개겁네?(=이게 왜 이렇게 가벼우냐?)
개고랑/개구랑 (명사) 개울. ¶ 딧집 아재가 억수로 치해 가(지고) 개고랑에 처백히십니더.(=뒷집 아저씨가 엄청 취해서 개울에 쳐박혔습니다.)
개고랑창/개굴창 (명사) 개골창 : 수챗물이 흐르는 작은 도랑.
개구신/개기신 (명사) 주로 술에 취해 주사가 심한 사람을 낮잡아 이르는 말.
개구재이 (명사) 개구쟁이.
개금뛰다 (동사) 앙감질하다.

개금질하다 (동사) 앙감질하다. 한 발을 들고 한 발로만 뛰다.
개꽃 (명사) 철쭉. ¶ 염세이가 개꽃을 뜯어 무웄는가 설사로 하네.(=염소가 철쭉을 뜯어 먹었는지 설사를 하네.)
개꽃장다리 (명사) 철쭉나무.
개나리봇짐 (명사) 괴나리봇짐. 걸어서 먼 길을 떠날 때에 보자기에 싸서 어깨에 메는 작은 짐.
개눈까리 (명사) 의안 : 만들어 박은 인공적인 눈알. ¶ 개눈까리도 아이민서 그기 안 빈다꼬?(=의안도 아니면서 그것이 안 보인다고?)
개니 (부사) 괜히. 그냥. ¶ 개니 함 와 밨다.(=괜히 한 번 와 봤다.)
개다리상 (명사) 개다리소반 : 상다리 모양이 개의 다리처럼 휜 소반.
개때가리 (명사) 개좆부리. 감기(感氣)를 속되게 이르는 말.
개떡제비 (명사) 개떡수제비 : 노깨나 보릿겨 따위를 반죽하여 만든 수제비. ¶ 오랜만에 개떡제비 만들어 무우까?(=오랜만에 개떡수제비 만들어 먹을까?)
개똥벌거지 (명사) 개똥벌레. 반딧불이.
개똥불 (명사) 반딧불.
개뜨벙/개뜨베이 (명사) 사발의 뚜껑.
개루다/개루ㆆ다 (동사) 볕 따위를 가리다. ¶ 거어 가만이 섰지 말고 햇빛이나 좀 개라라.(=거기 가만히 서 있지 말고 햇빛이나 좀 가려라.)
개리내다 (동사) 가려내다 : 여럿 가운데서 골라내다.
개↑리다① (동사) 가리다 : 1. 여럿 가운데서 하나를 구별하여 고르다. 2. 낯선 사람을 대하기 싫어하다.
개리:다② (동사) 가리어지다 : 무엇이 사이에 가리게 되어 보이지 않게 되거나 드러나지 않게 되다.
개망내이 (명사) 개망나니. 몹시 어긋나는 행동을 하거나 성질이 아주 못된 사람을 낮잡아 이르는 말. ¶ 저런 개망내이 밨나.(=저런 개망나니를 봤나.)
개모래 (명사) 개머루.
개↑미 (명사) 구미(口味). 입맛 ¶ 개미가 있다.(=구미가 돌다. / 구미가 당기다.)
개밀 (명사) 귀리 : 볏과의 한해 또는 두해살이풀. 열매는 식용하거나 가축의 먹이로 쓴다.
개발 (명사) 가리맛. 가리맛조개.
개발국 (명사) 가리맛조갯국.
개버끔/개버꿈 (명사) 게거품 : 사람이나 동물이 몹시 괴롭거나 흥분했을 때 입에서 나오는 거품 같은 침.
개병하다 (동사) 개지랄하다. ¶ 지랄 개병하고 자빠졌네.
개분하다 (형용사) 1. 개운하다. 2. 가뿐하다.
개비다 (동사) 개다 : 옷이나 이부자리 따위를 겹치거나 접어서 단정하게 포개다. ¶ 누우 자고 일났이모 이불을 개비야지.(=누워 자고 일어났으면 이불을 개야지.)
개비옇다 (동사) 1. 슬쩍 훔쳐넣다. 2. 정리해 개어서 넣다. ¶ 옷장에다 잘 개비옇어라.
개살 (명사) 심술.
개살궂다 (형용사) 가살궂다 : 말씨나 행동이 되바라지고 심술궂다.
개살시럽다 (형용사) 가살시럽다.
개살재이 (명사) 가살쟁이.
개씸하다 (형용사) 괘씸하다.
개씹/개씹눈 (명사) 개씨바리 : 눈에 핏발이 서며 눈곱이 끼는 눈병을 속되게 이르는 말.
개아 (명사) 기와. 
개않다 (형용사) 괜찮다 ¶ 니 아푸다 쿠더마는 인자 개않나?(=너 아프다고 하더니 이제 괜찮으냐?)
개액질/깨액질 (명사) 구역질.
개오지 (명사) 개호주 : 범의 새끼. 앞니가 빠진 사람. ¶ 앞니 빠진 개오지. 새미 질에 가지 마라. 빈대한테 빰 맞는다.(=앞니 빠진 아이야. 샘 길에 가지마라. 빈대한테 뺨 맞는다.)
개우사하다 (동사) 남에게서 심한 놀림이나 비웃음을 당하다.
개이때가리 (명사) 개좆부리 : ‘감기’를 속되게 이르는 말.
개작다/개잡다/개적다/개접다 (형용사) 가깝다.
개주디 (명사) 말을 함부로 하거나 버릇없이 놀리는 입(주둥이)을 낮잡아 이르는 말.
개주디로 놀린다 (관용어) 사람의 도리를 벗어난 못된 입놀림을 속되게 이르는 말.
개줌치 (명사) 호주머니.
개지름 (명사) 개기름 : 얼굴에 번질번질하게 끼는 기름을 비속하게 이르는 말.

개짖대가리 (명사) 개좆부리 : ‘감기’를 속되게 이르는 말.
개포래 (명사) 물때 : 물에 섞여 있는 깨끗하지 못한 것이 다른 데 옮아 붙어서 끼는 때.
개포리 (명사) 개의 몸에 붙어사는 파리의 한 가지. 
개피 (명사) 개비 : 가늘고 짤막한 토막을 세는 단위. ¶ 담배 한 개피(=개비).
개피다 (동사) (물이) 고이다. (물이) 괴다.

객강시럽다 (동사) 객스럽다 : 쓸데없고 실없는 느낌이 있다.
객강시리 (동사) 실없이.
객구 (명사) 객귀(客鬼) : 객지에서 죽은 사람의 혼령. ¶ 징용 끌리간 사람들 대부분 객구 안 뎄겄나. / 딧집에 오올 객구 물린다고 굿한다 쿠데.
갤차주다 (동사) 가르쳐주다.

갤추ㆆ다/갤치다 (동사) 가르치다.
갯거시 (명사) 갯지렁이.

갯게기/갯게이 (명사) 바닷고기. 생선. ¶ 갯게이 무운 지 온젠고 모리겄다.(=생선 먹은 지 언제인지 모르겠다.)
갯주머이/갯주무이 (명사) 호주머니.
갯줌치 (명사) 호주머니.
갱벤 (명사) 강변.
갱기다① (동사) (줄이) 감기다.
갱기다② (동사) (눈이) 감기다.
갱기들다 (동사) 감겨들다.
갱물 (명사) 갯물. 강이나 내에 흘러드는 바닷물.
갱비리 (명사) 진딧물.
갱이 (명사) 옹이 : 나무의 몸에 박힌 가지의 그루터기. ¶ 잘 써리라. 갱이 있는 디는 잘 안 썰린다.(=잘 썰어라. 옹이 있는 데는 잘 안 썰린다.)
갱자리 (명사) 모 심을 논이나 못자리에 밑거름으로 넣는 생풀.
갱조개 (명사) 가막조개 : 백합과의 조개. 몸의 길이는 25mm 정도이고 둥근 모양이며, 껍데기는 갈색이고 가장자리는 자색이다. 식용하며 개펄의 진흙에 사는데 한국, 일본, 중국, 대만 등지에 분포한다. 
갱펜 (명사) 개평 : 노름이나 내기 따위에서 남이 가지게 된 몫에서 조금 얻어 가지는 공 것. ¶ 니는 옆에서 갱펜이나 뜯고 있거라.(=너는 옆에서 개평이나 뜯고 있어라.)
갱펜뜯다 (동사) 개평뜯다.
갱피 (명사) 강피 : 피의 하나. 가시랭이가 없고 빛이 붉다. 흉년이 들 때 농민들은 강피로 밥을 지어 끼니를 연명하였다. ¶ 숭년이 들모 갱피 묵고 살았다.(=흉년이 들면 강피 먹고 살았다.)
갱피밥 (명사) 강피밥 : 피 또는 강피로 지은 밥.
갱피죽 (명사) 강피죽 : 피 또는 강피로 쑨 죽.
거꺼정/거꺼지 (대명사)+(조사) 거기까지. ¶ 거꺼정 갈라쿠모 올메나 걸리꼬?(=거기까지 가려고 하면 얼마나 걸릴까?)",2021-12-10 00:00:00,99,미부착,제1유형,무,,갓난재이 ~ 거꺼정거꺼지,,어문,음성,"갓난재이 (명사) 갓난쟁이 : 갓난아이를 낮잡아 이르는 말.
갓다리 (명사) 곁다리 : 당사자가 아닌 주변의 사람.
갓무시 (명사) 갓무 : 무의 하나. 잎은 갓처럼 생기고 뿌리는 배추와 비슷하다.
간얼라 (명사) 갓난아이.
갓재이 (명사) 갓장이 : 갓을 만들거나 고치는 일을 하는 사람. ¶ 요새는 갓 씨는 사람이 없인께 갓재이 보기도 심든다.(=요새 갓 쓰는 사람이 없으니 갓장이 보기도 힘든다.)
갓짐치 (명사) 갓김치.
강 (명사) 광 : 세간이나 그 밖의 여러 가지 물건을 넣어 두는 곳. 고방(庫房).
강거리 (명사) 껑거리막대 : 길마를 얹을 때에 소의 궁둥이에 가로대는 막대.
강기 (명사) 감기.
강내이 (명사) 강냉이. 옥수수. ¶ 강내이 하나 묵고 가라.(=옥수수 하나 먹고 가거라.)
강내이밥상 (명사) 옥수수튀밥.
강대 (명사) 월경(月經) : 성숙한 여성의 자궁에서 주기적으로 출혈하는 생리 현상.
강밥 (명사) 튀밥 : 튀긴 쌀이나 옥수수.
강빨잡다 (동사) 허풍을 떨며 젠체하다. (참고) ‘광팔(光八)잡다’에서 온 말로, ‘광팔’은 화투놀이의 ‘팔월 광’을 이르는 말이다.
강새이/강생이 (명사) 강아지. ¶ 누 집 강생이가 저리 돌아댕기네?(=누구 집 강아지가 저렇게 돌아다니느냐?)
강저리/강지리 (명사) 광주리 : 대, 싸리, 버들 따위를 재료로 하여 바닥은 둥글고 촘촘하게, 전은 성기게 엮어 만든 그릇.
강쩡 (명사) 강짜 : ‘강샘’을 속되게 이르는 말. ¶ 제발 강쩡 좀 부리지 마라.
갖초갖초 (부사) 갖추갖추 : 여럿이 모두 있는 대로.
같애지다 (동사) 같아지다. ¶ 가시버시 오래 같이 살다 본께 하는 것도 같애지삐더라.(=부부가 오래 같이 살다 보니 하는 것도 같아져 버리더라.) 
같은 갑이모 (관용어) 같은 값이면. 이왕이면.
개겁다 (형용사) 가볍다. ¶ 이거 와 이리 개겁네?(=이게 왜 이렇게 가벼우냐?)
개고랑/개구랑 (명사) 개울. ¶ 딧집 아재가 억수로 치해 가(지고) 개고랑에 처백히십니더.(=뒷집 아저씨가 엄청 취해서 개울에 쳐박혔습니다.)
개고랑창/개굴창 (명사) 개골창 : 수챗물이 흐르는 작은 도랑.
개구신/개기신 (명사) 주로 술에 취해 주사가 심한 사람을 낮잡아 이르는 말.
개구재이 (명사) 개구쟁이.
개금뛰다 (동사) 앙감질하다.

개금질하다 (동사) 앙감질하다. 한 발을 들고 한 발로만 뛰다.
개꽃 (명사) 철쭉. ¶ 염세이가 개꽃을 뜯어 무웄는가 설사로 하네.(=염소가 철쭉을 뜯어 먹었는지 설사를 하네.)
개꽃장다리 (명사) 철쭉나무.
개나리봇짐 (명사) 괴나리봇짐. 걸어서 먼 길을 떠날 때에 보자기에 싸서 어깨에 메는 작은 짐.
개눈까리 (명사) 의안 : 만들어 박은 인공적인 눈알. ¶ 개눈까리도 아이민서 그기 안 빈다꼬?(=의안도 아니면서 그것이 안 보인다고?)
개니 (부사) 괜히. 그냥. ¶ 개니 함 와 밨다.(=괜히 한 번 와 봤다.)
개다리상 (명사) 개다리소반 : 상다리 모양이 개의 다리처럼 휜 소반.
개때가리 (명사) 개좆부리. 감기(感氣)를 속되게 이르는 말.
개떡제비 (명사) 개떡수제비 : 노깨나 보릿겨 따위를 반죽하여 만든 수제비. ¶ 오랜만에 개떡제비 만들어 무우까?(=오랜만에 개떡수제비 만들어 먹을까?)
개똥벌거지 (명사) 개똥벌레. 반딧불이.
개똥불 (명사) 반딧불.
개뜨벙/개뜨베이 (명사) 사발의 뚜껑.
개루다/개루ㆆ다 (동사) 볕 따위를 가리다. ¶ 거어 가만이 섰지 말고 햇빛이나 좀 개라라.(=거기 가만히 서 있지 말고 햇빛이나 좀 가려라.)
개리내다 (동사) 가려내다 : 여럿 가운데서 골라내다.
개↑리다① (동사) 가리다 : 1. 여럿 가운데서 하나를 구별하여 고르다. 2. 낯선 사람을 대하기 싫어하다.
개리:다② (동사) 가리어지다 : 무엇이 사이에 가리게 되어 보이지 않게 되거나 드러나지 않게 되다.
개망내이 (명사) 개망나니. 몹시 어긋나는 행동을 하거나 성질이 아주 못된 사람을 낮잡아 이르는 말. ¶ 저런 개망내이 밨나.(=저런 개망나니를 봤나.)
개모래 (명사) 개머루.
개↑미 (명사) 구미(口味). 입맛 ¶ 개미가 있다.(=구미가 돌다. / 구미가 당기다.)
개밀 (명사) 귀리 : 볏과의 한해 또는 두해살이풀. 열매는 식용하거나 가축의 먹이로 쓴다.
개발 (명사) 가리맛. 가리맛조개.
개발국 (명사) 가리맛조갯국.
개버끔/개버꿈 (명사) 게거품 : 사람이나 동물이 몹시 괴롭거나 흥분했을 때 입에서 나오는 거품 같은 침.
개병하다 (동사) 개지랄하다. ¶ 지랄 개병하고 자빠졌네.
개분하다 (형용사) 1. 개운하다. 2. 가뿐하다.
개비다 (동사) 개다 : 옷이나 이부자리 따위를 겹치거나 접어서 단정하게 포개다. ¶ 누우 자고 일났이모 이불을 개비야지.(=누워 자고 일어났으면 이불을 개야지.)
개비옇다 (동사) 1. 슬쩍 훔쳐넣다. 2. 정리해 개어서 넣다. ¶ 옷장에다 잘 개비옇어라.
개살 (명사) 심술.
개살궂다 (형용사) 가살궂다 : 말씨나 행동이 되바라지고 심술궂다.
개살시럽다 (형용사) 가살시럽다.
개살재이 (명사) 가살쟁이.
개씸하다 (형용사) 괘씸하다.
개씹/개씹눈 (명사) 개씨바리 : 눈에 핏발이 서며 눈곱이 끼는 눈병을 속되게 이르는 말.
개아 (명사) 기와. 
개않다 (형용사) 괜찮다 ¶ 니 아푸다 쿠더마는 인자 개않나?(=너 아프다고 하더니 이제 괜찮으냐?)
개액질/깨액질 (명사) 구역질.
개오지 (명사) 개호주 : 범의 새끼. 앞니가 빠진 사람. ¶ 앞니 빠진 개오지. 새미 질에 가지 마라. 빈대한테 빰 맞는다.(=앞니 빠진 아이야. 샘 길에 가지마라. 빈대한테 뺨 맞는다.)
개우사하다 (동사) 남에게서 심한 놀림이나 비웃음을 당하다.
개이때가리 (명사) 개좆부리 : ‘감기’를 속되게 이르는 말.
개작다/개잡다/개적다/개접다 (형용사) 가깝다.
개주디 (명사) 말을 함부로 하거나 버릇없이 놀리는 입(주둥이)을 낮잡아 이르는 말.
개주디로 놀린다 (관용어) 사람의 도리를 벗어난 못된 입놀림을 속되게 이르는 말.
개줌치 (명사) 호주머니.
개지름 (명사) 개기름 : 얼굴에 번질번질하게 끼는 기름을 비속하게 이르는 말.

개짖대가리 (명사) 개좆부리 : ‘감기’를 속되게 이르는 말.
개포래 (명사) 물때 : 물에 섞여 있는 깨끗하지 못한 것이 다른 데 옮아 붙어서 끼는 때.
개포리 (명사) 개의 몸에 붙어사는 파리의 한 가지. 
개피 (명사) 개비 : 가늘고 짤막한 토막을 세는 단위. ¶ 담배 한 개피(=개비).
개피다 (동사) (물이) 고이다. (물이) 괴다.

객강시럽다 (동사) 객스럽다 : 쓸데없고 실없는 느낌이 있다.
객강시리 (동사) 실없이.
객구 (명사) 객귀(客鬼) : 객지에서 죽은 사람의 혼령. ¶ 징용 끌리간 사람들 대부분 객구 안 뎄겄나. / 딧집에 오올 객구 물린다고 굿한다 쿠데.
갤차주다 (동사) 가르쳐주다.

갤추ㆆ다/갤치다 (동사) 가르치다.
갯거시 (명사) 갯지렁이.

갯게기/갯게이 (명사) 바닷고기. 생선. ¶ 갯게이 무운 지 온젠고 모리겄다.(=생선 먹은 지 언제인지 모르겠다.)
갯주머이/갯주무이 (명사) 호주머니.
갯줌치 (명사) 호주머니.
갱벤 (명사) 강변.
갱기다① (동사) (줄이) 감기다.
갱기다② (동사) (눈이) 감기다.
갱기들다 (동사) 감겨들다.
갱물 (명사) 갯물. 강이나 내에 흘러드는 바닷물.
갱비리 (명사) 진딧물.
갱이 (명사) 옹이 : 나무의 몸에 박힌 가지의 그루터기. ¶ 잘 써리라. 갱이 있는 디는 잘 안 썰린다.(=잘 썰어라. 옹이 있는 데는 잘 안 썰린다.)
갱자리 (명사) 모 심을 논이나 못자리에 밑거름으로 넣는 생풀.
갱조개 (명사) 가막조개 : 백합과의 조개. 몸의 길이는 25mm 정도이고 둥근 모양이며, 껍데기는 갈색이고 가장자리는 자색이다. 식용하며 개펄의 진흙에 사는데 한국, 일본, 중국, 대만 등지에 분포한다. 
갱펜 (명사) 개평 : 노름이나 내기 따위에서 남이 가지게 된 몫에서 조금 얻어 가지는 공 것. ¶ 니는 옆에서 갱펜이나 뜯고 있거라.(=너는 옆에서 개평이나 뜯고 있어라.)
갱펜뜯다 (동사) 개평뜯다.
갱피 (명사) 강피 : 피의 하나. 가시랭이가 없고 빛이 붉다. 흉년이 들 때 농민들은 강피로 밥을 지어 끼니를 연명하였다. ¶ 숭년이 들모 갱피 묵고 살았다.(=흉년이 들면 강피 먹고 살았다.)
갱피밥 (명사) 강피밥 : 피 또는 강피로 지은 밥.
갱피죽 (명사) 강피죽 : 피 또는 강피로 쑨 죽.
거꺼정/거꺼지 (대명사)+(조사) 거기까지. ¶ 거꺼정 갈라쿠모 올메나 걸리꼬?(=거기까지 가려고 하면 얼마나 걸릴까?)",사투리,한국어,,2021-12-10 00:00:00,저작물양도계약서,진주시청,,,,제1유형,저작물,보호저작물,○,상업적이용가능,○,○,○,○,○,○,○,,2091-12-10 00:00:00,,
5,오디오,가이드/안내/정보,진주시청,진주시청,HOME > 진주소개 > 기본현황 > 진주 사투리 사전 > ㄱ,거다딜이다 ~ 게①,"거다딜이다 (동사) 거두어들이다.
거:두 (명사) 거도(鋸刀) : 자루를 한쪽에만 박아 혼자 잡아당겨 켜는 톱.
거둫다 (동사) 거두다.
거퍼 (부사) 거듭. 거푸 : 어떤 일을 되풀이하여. ¶ 거퍼 사과했다. (=거듭 사과했다.) / 술잔이 거퍼 오고갔다.(=술잔이 거듭 오고갔다.)
거들치다 (동사) 걷어붙이다.
-거등 (어미) -거든. ¶ 눈이 마이 오거등 기차 타고 오이라.(=눈이 많이 오거든 기차 타고 오너라.)
거따 (대명사)+(조사) 게다. 거기에다.
거따가/거어다가 (대명사)+(부사) 게다가. 거기에다가.
거따구/거따우 (명사) 그 따위.
거뜩하모/거씬하모 (부사) 걸핏하면. ¶ 거씬하모 삐끼는데 누가 좋아할끼고?(=걸핏하면 삐지는데 누가 좋아할 것인가?)
-거래이 (어미) -거라 : (동사의 어간 뒤에 붙어) 확인이나 다짐을 더하는 명령형 (어미). ¶ 잘 가거레이.(=잘 가거라.)
-거러/-거로/-구로 (어미) 1. -도록. -게. ¶ 잘 하거러(=잘 하도록) 좀 도와 조라. / 지 맘대로 하거로(=그리 하도록) 나 또라. 2. -려고. ¶ 가거러, 오거러, 놀거러. / 인자 가거러.(=이제 가려고.)
거러비씨다 (동사) 그러벌리다 : 가랑이를 쩍 벌리다. ¶ 가시나가 거러비씨고 앉아서...(=계집아이가 가랑이를 쩍 벌리고 앉아서...)
거러지 (명사) 거지. 남에게 빌어먹고 사는 사람.
거렁뱅이/거래이/거랭이 (명사) 거지. 비렁뱅이. ¶ 옛날에는 다 거렁뱅이겉이 살았다.(=옛날에는 다 거지같이 살았다.)
-거마는 (어미) -건마는. ¶ 혼자 잘 놀고 있거마는.
거머닥치다 (동사) 거머모으다. ¶ 수단, 방법 안 개리고 재산을 거머닥쳤다.
거머모우다 (동사) 그러모으다. ¶ 쓰레기를 거머모울 낑께네 니가 치아라.(=쓰레기를 그러모을 테니까 네가 치워라.)
거머묵다 (동사) 거머먹다 : 이것저것 욕심스럽게 급히 걷어 먹다.
거머옇다 (동사) 거머들여 넣다.
거무 (명사) 거미.
거무리 (명사) 거머리.
거무줄 (명사) 거미줄 : 거미가 뽑아낸 줄. 또는 그 줄로 된 그물.
거무지 (명사) 검부러기 : 검불의 부스러기.
거무지다 (동사) 거머쥐다.
거무치 (명사) 몫 : 여럿으로 나누어 가지는 각 부분.
거문깨 (명사) 주근깨 : 얼굴의 군데군데에 생기는 작고 검은 점.
거물장 (명사) 거멀장 : 가구나 나무 그릇의 사개를 맞춘 모서리에 걸쳐 대는 쇳조각.
거뭄 (명사) 그믐. 그믐날.
거부지기/거부지이 (명사) 검부러기. 검불. ¶ 거부지에 불 부치모 잘 붙는다.(=검불에 불을 붙이면 잘 붙는다.)
거붓 (명사) 거웃 : 사람의 생식기 둘레에 난 털.
거뿜 (명사) 거품. ¶ 오디 거뿜 나는 데는 없이까?(=어디 거품 나는 데는 없을까?)
거석 (대명사) 거시기 : 이름이 얼른 생각나지 않거나 바로 말하기 곤란한 사람 또는 사물을 가리키는 대명사. ¶ 거석아, 빨리 오이라.
거석하다 (형용사) 무엇하다 : 언짢은 느낌이 드는 말을 드러내고 싶지 않거나 적당한 말을 고르지 못했을 때 쓰는 말.
거슬치다/거실치다 (동사) 거슬리다.
거:시① (명사) 지렁이.
거:시② (명사) 회충(蛔蟲).
거시럼 (명사) 거스름.
거시배 (명사) 거위배 : 회충으로 인한 배앓이. 횟배.
거실리다 (동사) 거슬리다.
거십 (명사) 건건이 : 변변치 않은 반찬.
거씬거리모 (부사) 걸핏하면. 
거씬하모 (부사) 걸핏하면.
거어 (대명사) 거기. ¶ 거어 갖다 나아라(=거기에 가져다 놓아라)

거어나여어나 (대명사)+(조사) 게나예나. 거기나 여기나. ¶ 묵고 살기 에럽기는 거어나여어나 같다.(=먹고 살리 어렵기는 게나예나 같다.)
거어다 (대명사)+(조사) 거기에다. ¶ 니 거어다 머 갔다 났노?(=너 거기에다 뭐 갖다 놓았느냐?)
거어다가 (대명사)+(조사) 게다가. 거기에다가. ¶ 배는 고푼데 거어다가 일을 시키모 하고 접것나?(=배는 고픈데 거기에다가 일을 시키면 하고 싶겠느냐?)
거어묵다 (동사) 거머먹다.
거어서 (대명사)+(조사) 거기에서. ¶ 니 와 거어서 나오네?(=너 왜 거기에서 나오느냐?)
거엄지다/검어지다 (동사) 거머쥐다 : 틀어잡거나 휘감아 쥐다. ¶ 멕살을 거엄지고 흔들어댔다.
거우 (명사) 거위 : 오릿과의 새.
거이 (부사) 거의 : 어느 한도에 매우 가까운 정도로.
거잇말 (명사) 거짓말.
거지 (부사) 거저 : 아무런 노력이나 대가 없이.
거진 (부사) 거의 : 어느 한도에 매우 가까운 정도로.
거질막하다 (형용사) 걸쭉하고 배가 차다.

거짓뿌레이 (명사) 거짓부렁이. 거짓부리 : 거짓말을 속되게 이르는 말.
거치장시럽다 (형용사) 거추장스럽다.
거치하다 (동사) 거처(居處)하다 : 일정하게 자리를 잡고 살다. ¶ 부부가 각 방 거치한다이 말이 되나?
거터리 (명사) 겉 : 물체의 바깥 부분.
거퍼 (부사) 거푸. 연달아.
건개 (명사) 건건이 : 변변치 않은 반찬. 간략한 반찬.
건거추룸하다 (형용사) 거무추레하다 : 거무스름하여 깨끗하지 못하다.
건구지 (명사) 금줄 : 부정한 것의 침범이나 접근을 막기 위하여 문이나 길 어귀에 건너질러 매거나 신성한 대상물에 매는 새끼줄.
건네 (명사) 건너에 : 일정한 공간 너머의 맞은편. ¶ 배 건네 산다.(=강 건너에 산다.)
건네다 (동사) 건너다 : 무엇을 사이에 두고 한편에서 맞은편으로 가다.
건네다보다 (동사) 건너다보다.
건넷방① (명사) 건넌방 : 안방에서 대청을 건너 맞은편에 있는 방.

건넷방② (명사) 건넛방 : 건너편에 있는 방.
건더구 (명사) 건더기 : 국이나 찌개 따위의 국물이 있는 음식 속에 들어 있는 국물 이외의 것.
건데이/건디이 (명사) 건더기.
건디다/건디리다/건딜다 (동사) 건드리다.
건석 (명사) 권식(眷食) : 한 집에 사는 식구. 권구.
건섶 (명사) 거섶. 나물.
건잡다 (동사) 거머쥐다. 검잡다.
걷이다 (동사) 걷다 : 늘어진 것을 말아 올리다.

걷이올리다 (동사) 걷어올리다.
걸거적기리다 (동사) 거치적거리다 : 거추장스럽게 자꾸 여기저기 걸리거나 닿다
걸거치다 (동사) 거치적거리다. ¶ 누가 이걸 이따 나 똤네? 걸거치거로.(=누가 이걸 여기다 놓아두었을까? 거치적거리게.)
걸구신 (명사) 걸신(乞神) : 빌어먹는 귀신. 염치없이 지나치게 탐하는 마음을 비유적으로 이르는 말.

걸망ㅎ다/걸망하다 (형용사) 나이가 실제보다 더 들어 보이다. 어른스럽다.
걸배이/걸뱅이 (명사) 비렁뱅이. ¶ 늘 비이더마 오늘은 걸배이가 안 보이네?(=늘 보이더니 오늘은 거지가 안 보이네?)
걸배이탕 (명사) 거지탕 : 옛날에, 거지들이 동냥한 여러 가지 음식을 한데 넣어 끓인 탕. 명절 끝이나 제사를 지낸 뒤 남은 생선, 전, 나물 따위를 함께 넣어 끓인 국을 이르기도 한다.
걸빵 (명사) 멜빵, 질빵 : 짐을 걸어서 메는 데 쓰는 줄.
걸음바 (명사) 걸음마 : 어린아이가 걸음을 익힐 때 발을 떼어놓는 걸음걸이.
걸찍하다 (형용사) 걸쭉하다.
걸치앉다 (동사) 걸터앉다. ¶ 그리 걸치앉지 말고 안으로 들시 앉거라.(=그렇게 걸터앉지 말고 안으로 들어와 앉아라.)
검저리 (명사) 거머리.
검정 (명사) 숯검정. 그을음.
거머지다/거엄지다 (동사) 거머쥐다.
겁재이 (명사) 겁쟁이.
것껍디이 (명사) 겉겁데기 : 겉으로 드러난 껍데기.
-겄- (어미) –겠-. ¶ 하겄나. 하겄다. 잡겄나. 잡겄다. 
겅거추룸하다 (형용사) 거슴츠레하다.
겅구지 (명사) 금(禁)줄. 부정한 것이 침범이나 접근을 막기 위하여 길 어귀에 건너질러 매거나 신성한 대상물에 매는 새끼줄.
겉다 (형용사) 같다. ¶ 니 그리 머리 풀고 있잉께네 기신 겉다.(=너 그렇게 머리 풀고 있으니까 귀신 같다.)
겉다 (형용사) (‘-(은/는) 같다’의 구조로.) 같다. ¶ 그런 겉다.(=그런 것 같다.) / 그기 맞는 겉네.
겉다리 (명사) 곁다리.
겉애지다 (동사) 같아지다.
겉이 (부사)(조사) 같이.
겉잖다 (형용사) 같지 않다. ¶ 심드는 일 해 보이 예전 겉잖네.
겉치리 (명사) 겉치레. ¶ 겉치리만 번지리리해서는 안 된다.
게① (명사) 궤(櫃). 궤짝 : 물건을 넣도록 나무로 네모나게 만든 그릇.",2021-12-10 00:00:00,103,미부착,제1유형,무,,거다딜이다 ~ 게①,,어문,음성,"거다딜이다 (동사) 거두어들이다.
거:두 (명사) 거도(鋸刀) : 자루를 한쪽에만 박아 혼자 잡아당겨 켜는 톱.
거둫다 (동사) 거두다.
거퍼 (부사) 거듭. 거푸 : 어떤 일을 되풀이하여. ¶ 거퍼 사과했다. (=거듭 사과했다.) / 술잔이 거퍼 오고갔다.(=술잔이 거듭 오고갔다.)
거들치다 (동사) 걷어붙이다.
-거등 (어미) -거든. ¶ 눈이 마이 오거등 기차 타고 오이라.(=눈이 많이 오거든 기차 타고 오너라.)
거따 (대명사)+(조사) 게다. 거기에다.
거따가/거어다가 (대명사)+(부사) 게다가. 거기에다가.
거따구/거따우 (명사) 그 따위.
거뜩하모/거씬하모 (부사) 걸핏하면. ¶ 거씬하모 삐끼는데 누가 좋아할끼고?(=걸핏하면 삐지는데 누가 좋아할 것인가?)
-거래이 (어미) -거라 : (동사의 어간 뒤에 붙어) 확인이나 다짐을 더하는 명령형 (어미). ¶ 잘 가거레이.(=잘 가거라.)
-거러/-거로/-구로 (어미) 1. -도록. -게. ¶ 잘 하거러(=잘 하도록) 좀 도와 조라. / 지 맘대로 하거로(=그리 하도록) 나 또라. 2. -려고. ¶ 가거러, 오거러, 놀거러. / 인자 가거러.(=이제 가려고.)
거러비씨다 (동사) 그러벌리다 : 가랑이를 쩍 벌리다. ¶ 가시나가 거러비씨고 앉아서...(=계집아이가 가랑이를 쩍 벌리고 앉아서...)
거러지 (명사) 거지. 남에게 빌어먹고 사는 사람.
거렁뱅이/거래이/거랭이 (명사) 거지. 비렁뱅이. ¶ 옛날에는 다 거렁뱅이겉이 살았다.(=옛날에는 다 거지같이 살았다.)
-거마는 (어미) -건마는. ¶ 혼자 잘 놀고 있거마는.
거머닥치다 (동사) 거머모으다. ¶ 수단, 방법 안 개리고 재산을 거머닥쳤다.
거머모우다 (동사) 그러모으다. ¶ 쓰레기를 거머모울 낑께네 니가 치아라.(=쓰레기를 그러모을 테니까 네가 치워라.)
거머묵다 (동사) 거머먹다 : 이것저것 욕심스럽게 급히 걷어 먹다.
거머옇다 (동사) 거머들여 넣다.
거무 (명사) 거미.
거무리 (명사) 거머리.
거무줄 (명사) 거미줄 : 거미가 뽑아낸 줄. 또는 그 줄로 된 그물.
거무지 (명사) 검부러기 : 검불의 부스러기.
거무지다 (동사) 거머쥐다.
거무치 (명사) 몫 : 여럿으로 나누어 가지는 각 부분.
거문깨 (명사) 주근깨 : 얼굴의 군데군데에 생기는 작고 검은 점.
거물장 (명사) 거멀장 : 가구나 나무 그릇의 사개를 맞춘 모서리에 걸쳐 대는 쇳조각.
거뭄 (명사) 그믐. 그믐날.
거부지기/거부지이 (명사) 검부러기. 검불. ¶ 거부지에 불 부치모 잘 붙는다.(=검불에 불을 붙이면 잘 붙는다.)
거붓 (명사) 거웃 : 사람의 생식기 둘레에 난 털.
거뿜 (명사) 거품. ¶ 오디 거뿜 나는 데는 없이까?(=어디 거품 나는 데는 없을까?)
거석 (대명사) 거시기 : 이름이 얼른 생각나지 않거나 바로 말하기 곤란한 사람 또는 사물을 가리키는 대명사. ¶ 거석아, 빨리 오이라.
거석하다 (형용사) 무엇하다 : 언짢은 느낌이 드는 말을 드러내고 싶지 않거나 적당한 말을 고르지 못했을 때 쓰는 말.
거슬치다/거실치다 (동사) 거슬리다.
거:시① (명사) 지렁이.
거:시② (명사) 회충(蛔蟲).
거시럼 (명사) 거스름.
거시배 (명사) 거위배 : 회충으로 인한 배앓이. 횟배.
거실리다 (동사) 거슬리다.
거십 (명사) 건건이 : 변변치 않은 반찬.
거씬거리모 (부사) 걸핏하면. 
거씬하모 (부사) 걸핏하면.
거어 (대명사) 거기. ¶ 거어 갖다 나아라(=거기에 가져다 놓아라)

거어나여어나 (대명사)+(조사) 게나예나. 거기나 여기나. ¶ 묵고 살기 에럽기는 거어나여어나 같다.(=먹고 살리 어렵기는 게나예나 같다.)
거어다 (대명사)+(조사) 거기에다. ¶ 니 거어다 머 갔다 났노?(=너 거기에다 뭐 갖다 놓았느냐?)
거어다가 (대명사)+(조사) 게다가. 거기에다가. ¶ 배는 고푼데 거어다가 일을 시키모 하고 접것나?(=배는 고픈데 거기에다가 일을 시키면 하고 싶겠느냐?)
거어묵다 (동사) 거머먹다.
거어서 (대명사)+(조사) 거기에서. ¶ 니 와 거어서 나오네?(=너 왜 거기에서 나오느냐?)
거엄지다/검어지다 (동사) 거머쥐다 : 틀어잡거나 휘감아 쥐다. ¶ 멕살을 거엄지고 흔들어댔다.
거우 (명사) 거위 : 오릿과의 새.
거이 (부사) 거의 : 어느 한도에 매우 가까운 정도로.
거잇말 (명사) 거짓말.
거지 (부사) 거저 : 아무런 노력이나 대가 없이.
거진 (부사) 거의 : 어느 한도에 매우 가까운 정도로.
거질막하다 (형용사) 걸쭉하고 배가 차다.

거짓뿌레이 (명사) 거짓부렁이. 거짓부리 : 거짓말을 속되게 이르는 말.
거치장시럽다 (형용사) 거추장스럽다.
거치하다 (동사) 거처(居處)하다 : 일정하게 자리를 잡고 살다. ¶ 부부가 각 방 거치한다이 말이 되나?
거터리 (명사) 겉 : 물체의 바깥 부분.
거퍼 (부사) 거푸. 연달아.
건개 (명사) 건건이 : 변변치 않은 반찬. 간략한 반찬.
건거추룸하다 (형용사) 거무추레하다 : 거무스름하여 깨끗하지 못하다.
건구지 (명사) 금줄 : 부정한 것의 침범이나 접근을 막기 위하여 문이나 길 어귀에 건너질러 매거나 신성한 대상물에 매는 새끼줄.
건네 (명사) 건너에 : 일정한 공간 너머의 맞은편. ¶ 배 건네 산다.(=강 건너에 산다.)
건네다 (동사) 건너다 : 무엇을 사이에 두고 한편에서 맞은편으로 가다.
건네다보다 (동사) 건너다보다.
건넷방① (명사) 건넌방 : 안방에서 대청을 건너 맞은편에 있는 방.

건넷방② (명사) 건넛방 : 건너편에 있는 방.
건더구 (명사) 건더기 : 국이나 찌개 따위의 국물이 있는 음식 속에 들어 있는 국물 이외의 것.
건데이/건디이 (명사) 건더기.
건디다/건디리다/건딜다 (동사) 건드리다.
건석 (명사) 권식(眷食) : 한 집에 사는 식구. 권구.
건섶 (명사) 거섶. 나물.
건잡다 (동사) 거머쥐다. 검잡다.
걷이다 (동사) 걷다 : 늘어진 것을 말아 올리다.

걷이올리다 (동사) 걷어올리다.
걸거적기리다 (동사) 거치적거리다 : 거추장스럽게 자꾸 여기저기 걸리거나 닿다
걸거치다 (동사) 거치적거리다. ¶ 누가 이걸 이따 나 똤네? 걸거치거로.(=누가 이걸 여기다 놓아두었을까? 거치적거리게.)
걸구신 (명사) 걸신(乞神) : 빌어먹는 귀신. 염치없이 지나치게 탐하는 마음을 비유적으로 이르는 말.

걸망ㅎ다/걸망하다 (형용사) 나이가 실제보다 더 들어 보이다. 어른스럽다.
걸배이/걸뱅이 (명사) 비렁뱅이. ¶ 늘 비이더마 오늘은 걸배이가 안 보이네?(=늘 보이더니 오늘은 거지가 안 보이네?)
걸배이탕 (명사) 거지탕 : 옛날에, 거지들이 동냥한 여러 가지 음식을 한데 넣어 끓인 탕. 명절 끝이나 제사를 지낸 뒤 남은 생선, 전, 나물 따위를 함께 넣어 끓인 국을 이르기도 한다.
걸빵 (명사) 멜빵, 질빵 : 짐을 걸어서 메는 데 쓰는 줄.
걸음바 (명사) 걸음마 : 어린아이가 걸음을 익힐 때 발을 떼어놓는 걸음걸이.
걸찍하다 (형용사) 걸쭉하다.
걸치앉다 (동사) 걸터앉다. ¶ 그리 걸치앉지 말고 안으로 들시 앉거라.(=그렇게 걸터앉지 말고 안으로 들어와 앉아라.)
검저리 (명사) 거머리.
검정 (명사) 숯검정. 그을음.
거머지다/거엄지다 (동사) 거머쥐다.
겁재이 (명사) 겁쟁이.
것껍디이 (명사) 겉겁데기 : 겉으로 드러난 껍데기.
-겄- (어미) –겠-. ¶ 하겄나. 하겄다. 잡겄나. 잡겄다. 
겅거추룸하다 (형용사) 거슴츠레하다.
겅구지 (명사) 금(禁)줄. 부정한 것이 침범이나 접근을 막기 위하여 길 어귀에 건너질러 매거나 신성한 대상물에 매는 새끼줄.
겉다 (형용사) 같다. ¶ 니 그리 머리 풀고 있잉께네 기신 겉다.(=너 그렇게 머리 풀고 있으니까 귀신 같다.)
겉다 (형용사) (‘-(은/는) 같다’의 구조로.) 같다. ¶ 그런 겉다.(=그런 것 같다.) / 그기 맞는 겉네.
겉다리 (명사) 곁다리.
겉애지다 (동사) 같아지다.
겉이 (부사)(조사) 같이.
겉잖다 (형용사) 같지 않다. ¶ 심드는 일 해 보이 예전 겉잖네.
겉치리 (명사) 겉치레. ¶ 겉치리만 번지리리해서는 안 된다.
게① (명사) 궤(櫃). 궤짝 : 물건을 넣도록 나무로 네모나게 만든 그릇.",사투리,한국어,,2021-12-10 00:00:00,저작물양도계약서,진주시청,,,,제1유형,저작물,보호저작물,○,상업적이용가능,○,○,○,○,○,○,○,,2091-12-10 00:00:00,,
6,오디오,가이드/안내/정보,진주시청,진주시청,HOME > 진주소개 > 기본현황 > 진주 사투리 사전 > ㄱ,게② ~ 고무딸,"게② (명사) 겨 : 벼, 보리, 조 따위의 곡식을 찧어 벗겨낸 껍질을 통틀어 이르는 말.
게:③ (명사) 싫증 ¶ 가아도 반복데는 일 땜에 게를 내고 있다.
게기/게이 (명사) 고기. ¶ 오랜만에 게이 한 모타리 묵자.(=오랜만에 고기 한 덩어리 먹자.)
게깃국 (명사) 고깃국.
게깃배 (명사) 고깃배.
게깃집 (명사) 고깃집.
게끼 (명사) 괴끼 : 벼, 보리, 옥수수 따위 곡식의 수염 부스러기.
게네이 (명사) 고양이.
게니 (부사) 괜히. 공연히.
게않다 (형용사) 괜찮다.
게에내다 (동사) 게우다 : 먹은 것을 삭이지 못하고 입 밖으로 내어 놓다.
게다 (동사) 괴다 : 1. 술, 간장, 식초 따위가 발효하여 거품이 일다. 2. 화가 나거나 억울하거나 하여 속이 부글부글 끓는 듯하다.
게드랑 (명사) 겨드랑. 겨드랑이.
게더리 (명사) 구더기.
게덕시럽다 (형용사) 괴덕스럽다 : 말이나 행동이 실없고 수선스러워 미덥지 못하다.
게덕지다 (동사) 괴덕부리다.
게따까리 (명사) 게딱지 : 게의 등딱지.
게따나 (부사) 가뜩이나.
게땀 (명사) 곁땀 : 겨드랑이에서 나는 땀.
게떡 (명사) 겨떡 : 겨로 빚어 만든 떡.
게또놀이 (명사) 숨바꼭질.
게랄 (명사) 계란. 달걀.
게럽다 (형용사) 괴롭다. ¶ 오늘 일을 마이 해떠마 좀 게럽네.
게루다 (동사) 가리다 : 보이거나 통하지 못하도록 막다.
게물지다 (동사) 지겨워하다.
게발 (명사) 괴발 : 고양이의 발.
게발개발 (명사) 괴발개발 : 고양이의 발과 개의 발이라는 뜻으로, 글씨를 되는대로 아무렇게나 써 놓은 모양을 이르는 말.
게발디디다 (동사) 고양이가 발을 디디듯이 소리 나지 않게 가만히 조심스럽게 발을 디디다.
게버끔 (명사) 게거품.
게비 (명사) 호주머니. ¶ 니 게비에 있는 기 머꼬?
게사리/꼬사리 (명사) 고사리. ¶ 바구에 늘어논 꼬사리 딜라라.(=바위에 늘어놓은 고사리 들여라.)
게상망칙하다 (형용사) 괴상망측하다.
게:시다 (동사) 계시다 : ‘있다’의 높임말.
게시레 (명사) 고수레 : 민간 신앙에서, 산이나 들에서 음식을 먹을 때나 무당이 굿을 할 때, 귀신에게 먼저 바친다는 뜻으로 음식을 조금 떼어 던지는 일.
게아내다 (명사) 게우다 : 먹은 것을 삭이지 못하고 입 밖으로 내어 놓다.
게엑질 (명사) 구역질.
게엥이 (명사) 고양이.
게:우① (부사) 겨우 : 1. 이렇게 힘들여 2. 기껏해야 고작.
게↑우② (명사) 거위 : 오릿과의 새. 
게울 (명사) 겨울.
게을ㅎ다 (형용사) 게으르다.
게을받다 (형용사) 게으르다.
게↑이① (명사) 고기 : 1. 물고기. 2. 식용하는 온갖 동물의 살.
게이② (명사) (나무의) 옹이.
게:이③/겡:이 (명사) 고양이.
게↑이까시 (명사) 고기가시. 
게↑이반찬 (명사) 고기반찬.
게↑이보테이 (명사) 고기먹보 : 고기를 밝히는 사람을 낮잡아 이르는 말.
게↑이 상에 볽다 (관용어) ‘고기반찬이 있는 상을 밝힌다.’는 말로 고깃상에 집착한다는 말.
게↑잇국 (명사) 고깃국.
게자 (명사) 겨자. 
게정 (명사) 호열자(虎列刺). 콜레라. 
게짝 (명사) 궤짝.
게쭐시럽다 (형용사) 괴팍스럽다.
게쭐이 (명사) 괴팍스러운 데가 있는 사람을 낮잡아 이르는 말.
게털/게털이기 (명사) 솜털 
게트럼 (명사) 트림. 
게팍시럽다 (형용사) 괴팍스럽다.
게피다 (동사) (물이) 괴다.
겐시리 (부사) 괜스레.
겐주다 (동사) 겨누다.
겡기다 (동사) 곰기다 : 곪은 자리에 딴딴한 멍울이 생기다.
겡이① (명사) (나무) 옹이 : 나무의 몸에 박힌 가지의 그루터기.

겡:이② (명사) 고양이.
겡일 (명사) 공일(空日) : 일을 하지 않고 쉬는 날.
-고 (어미) 의문사가 있는 체언으로 끝나는 의문문에 붙는 의문형(어미). ¶ 이기 누고? / 저기 머고? / 지수 가는 날이 언제고?
고 (명사) 올가미 : 새끼나 노 따위로 옭아서 짐승을 잡는 장치.
고가 넘다 (관용어) 술에 취해 몸을 가누지 못하는 사람을 비유적으로 이르는 말. ‘고’ 는 상투를 틀 때 머리털을 고리처럼 되도록 감아 넘긴 것.
고개멀랑 (명사) 고갯마루 : 고개에서 가장 높은 자리.
고고패 (명사) 그글피 : 글피의 그 다음날. 오늘로부터 나흘 뒤의 날.
고기↑ (대명사)+(조사) 고것이.
고기↑라사 (대명사)+(조사) 고것이라야.
고께이/고껭이 (명사) 골계가(滑稽家). 익살꾼 : 남을 웃기는 우스운 말이나 행동을 아주 잘 하는 사람.
고께이다 (관용어) 남을 잘 웃기다.
곡갱이 (명사) 곡괭이.
고달빼이/고돌빼기/고돌빼이 (명사) 고들빼기. ¶ 입맛이 업다 쿠지 말고 고달뻬이짐치 함 무우 보지?(=입맛이 없다고 하지 말고 고들빼기김치 한 번 먹어 보지?)
고도밥 (명사) 고두밥 : 아주 되게 지어 고들고들한 밥.
고돌빼이 (명사) 고들빼기.
고동① (명사) 고둥. 우렁이.
고동② (명사) 논에 김을 맬 때 손톱이 닳지 않도록 대나무를 잘라 만들어 손가락에 끼우던 물건. 골무와 비슷하다.
고동시 (명사) 고종시(高宗柹) : 보통 감보다 잘고 씨가 없으며 맛이 단 감. ¶ 앞집 감낭게 고동시가 마이 열맀디 서리가 와 폭삭 널찠네.
고동애 (명사) 고등어.
고디 (명사) 고지 : 누룩이나 메주 따위를 만들 때 쓰는 나무틀.
고디이 (명사) 고둥. 우렁이.
고따 (대명사)+(조사) 고기에다.
고라이 (명사) 고라니 : 사슴과의 짐승.
고랑 (명사) 도랑 : 매우 좁고 작은 개울. ¶ 물고랑이 막힜다. / 논에 물고랑 티아라.
고랑고랑하다 (형용사) 늙어 잔병치레를 많이 하다.
고랑내/꼬랑내 (명사) 고린내 : 썩은 풀이나 썩은 달걀 따위에서 나는 냄새와 같이 고약한 냄새.
고랑테/고랑테이 (명사) 골탕 : 한꺼번에 되게 당하는 손해나 곤란.
고래구녕[--꾸-] (명사) 방(房)고래 : 방의 구들장 밑으로 나 있는, 불길과 연기가 통하여 나가는 길.
고래풀 (명사) 부레풀 : 민어의 부레를 끓여서 만든 풀. 교착력이 강하여 목기(木器)를 붙이는 데 많이 쓴다.
고로 (부사) 고루 : 차이가 없이 엇비슷하거나 같게.
고로고로 (부사) 고루고루.
고롬① (명사) 고름. 
고롬② (명사) 옷고름 ¶ 고롬을 달다. 고롬을 매다. 고롬이 풀리다.(=옷고름을 달다. 옷고름을 매다. 옷고름이 풀리다.)
고롭다 (형용사) 괴롭다.
고리① (부사) 고루.
고리② (형용사) ‘고렇게’의 (준말).
고리게 (부사) 고르게. 
고리고리 (부사) 고루고루.
고리다① (동사) 고르다 : 쓸 것이나 좋은 것을 가려내다.
고리다② (동사) 고르다 : 높낮이가 없도록 평평하게 만들다.
고리세나무 (명사) 고로쇠나무 : 단풍나뭇과의 낙엽 활엽 고목으로, 나무즙은 약용한다.
고리하다 (형용사) 그렇게 하다.
고마① (부사) 고만 : 고 정도까지만. 달리 해 볼 도리가 없이. ¶ 인자 고마하지.(=이제 고만하지.)
고↑마② (부사) 그저 : 변함없이 이제까지. 다른 일은 하지 않고 그냥. ¶ 고마 집에 있임더.(=그저 집에 있습니다.)
고마리 (명사) 허리춤 : 바지나 치마처럼 허리가 있는 옷의 안쪽. ¶ 고마리 치켜 올리라.(=허리춤을 치켜 올려라.)
고마이날 (명사) 예전에, 정월 초 하룻날부터 보름까지 쉬고 난 뒤 하루를 더 쉬고자 하여 생긴 말. ‘고마이날’에 일을 하면 살림이 ‘고만’해 있다 하여, 하루씩을 더 늘려 ‘암 고마이날’, ‘숫 고마이날’이라며 더 쉬는 구실을 붙였다.
고마이다 (관용어) 고만이다.
고만 (부사) 그만.
고:만하다① (형용사) 교만하다 : 잘난 체하며 뽐내고 건방지다.
고만하다② (동사) 그만하다. 그만두다.
고만하모 (부사) 고만하면, 그만하면. 
고맙어하다 (동사) 고마워하다.
고모아재 (명사) 고모부.
고무 (명사) 고모.
고무님 (명사) 고모님.
고무닦개 (명사) 지우개.
고무도독 (명사) 좀도둑.
고무딸 (명사) 고무딸기. 복분자(覆盆子) 딸기.",2021-12-10 00:00:00,121,미부착,제1유형,무,,게② ~ 고무딸,,어문,음성,"게② (명사) 겨 : 벼, 보리, 조 따위의 곡식을 찧어 벗겨낸 껍질을 통틀어 이르는 말.
게:③ (명사) 싫증 ¶ 가아도 반복데는 일 땜에 게를 내고 있다.
게기/게이 (명사) 고기. ¶ 오랜만에 게이 한 모타리 묵자.(=오랜만에 고기 한 덩어리 먹자.)
게깃국 (명사) 고깃국.
게깃배 (명사) 고깃배.
게깃집 (명사) 고깃집.
게끼 (명사) 괴끼 : 벼, 보리, 옥수수 따위 곡식의 수염 부스러기.
게네이 (명사) 고양이.
게니 (부사) 괜히. 공연히.
게않다 (형용사) 괜찮다.
게에내다 (동사) 게우다 : 먹은 것을 삭이지 못하고 입 밖으로 내어 놓다.
게다 (동사) 괴다 : 1. 술, 간장, 식초 따위가 발효하여 거품이 일다. 2. 화가 나거나 억울하거나 하여 속이 부글부글 끓는 듯하다.
게드랑 (명사) 겨드랑. 겨드랑이.
게더리 (명사) 구더기.
게덕시럽다 (형용사) 괴덕스럽다 : 말이나 행동이 실없고 수선스러워 미덥지 못하다.
게덕지다 (동사) 괴덕부리다.
게따까리 (명사) 게딱지 : 게의 등딱지.
게따나 (부사) 가뜩이나.
게땀 (명사) 곁땀 : 겨드랑이에서 나는 땀.
게떡 (명사) 겨떡 : 겨로 빚어 만든 떡.
게또놀이 (명사) 숨바꼭질.
게랄 (명사) 계란. 달걀.
게럽다 (형용사) 괴롭다. ¶ 오늘 일을 마이 해떠마 좀 게럽네.
게루다 (동사) 가리다 : 보이거나 통하지 못하도록 막다.
게물지다 (동사) 지겨워하다.
게발 (명사) 괴발 : 고양이의 발.
게발개발 (명사) 괴발개발 : 고양이의 발과 개의 발이라는 뜻으로, 글씨를 되는대로 아무렇게나 써 놓은 모양을 이르는 말.
게발디디다 (동사) 고양이가 발을 디디듯이 소리 나지 않게 가만히 조심스럽게 발을 디디다.
게버끔 (명사) 게거품.
게비 (명사) 호주머니. ¶ 니 게비에 있는 기 머꼬?
게사리/꼬사리 (명사) 고사리. ¶ 바구에 늘어논 꼬사리 딜라라.(=바위에 늘어놓은 고사리 들여라.)
게상망칙하다 (형용사) 괴상망측하다.
게:시다 (동사) 계시다 : ‘있다’의 높임말.
게시레 (명사) 고수레 : 민간 신앙에서, 산이나 들에서 음식을 먹을 때나 무당이 굿을 할 때, 귀신에게 먼저 바친다는 뜻으로 음식을 조금 떼어 던지는 일.
게아내다 (명사) 게우다 : 먹은 것을 삭이지 못하고 입 밖으로 내어 놓다.
게엑질 (명사) 구역질.
게엥이 (명사) 고양이.
게:우① (부사) 겨우 : 1. 이렇게 힘들여 2. 기껏해야 고작.
게↑우② (명사) 거위 : 오릿과의 새. 
게울 (명사) 겨울.
게을ㅎ다 (형용사) 게으르다.
게을받다 (형용사) 게으르다.
게↑이① (명사) 고기 : 1. 물고기. 2. 식용하는 온갖 동물의 살.
게이② (명사) (나무의) 옹이.
게:이③/겡:이 (명사) 고양이.
게↑이까시 (명사) 고기가시. 
게↑이반찬 (명사) 고기반찬.
게↑이보테이 (명사) 고기먹보 : 고기를 밝히는 사람을 낮잡아 이르는 말.
게↑이 상에 볽다 (관용어) ‘고기반찬이 있는 상을 밝힌다.’는 말로 고깃상에 집착한다는 말.
게↑잇국 (명사) 고깃국.
게자 (명사) 겨자. 
게정 (명사) 호열자(虎列刺). 콜레라. 
게짝 (명사) 궤짝.
게쭐시럽다 (형용사) 괴팍스럽다.
게쭐이 (명사) 괴팍스러운 데가 있는 사람을 낮잡아 이르는 말.
게털/게털이기 (명사) 솜털 
게트럼 (명사) 트림. 
게팍시럽다 (형용사) 괴팍스럽다.
게피다 (동사) (물이) 괴다.
겐시리 (부사) 괜스레.
겐주다 (동사) 겨누다.
겡기다 (동사) 곰기다 : 곪은 자리에 딴딴한 멍울이 생기다.
겡이① (명사) (나무) 옹이 : 나무의 몸에 박힌 가지의 그루터기.

겡:이② (명사) 고양이.
겡일 (명사) 공일(空日) : 일을 하지 않고 쉬는 날.
-고 (어미) 의문사가 있는 체언으로 끝나는 의문문에 붙는 의문형(어미). ¶ 이기 누고? / 저기 머고? / 지수 가는 날이 언제고?
고 (명사) 올가미 : 새끼나 노 따위로 옭아서 짐승을 잡는 장치.
고가 넘다 (관용어) 술에 취해 몸을 가누지 못하는 사람을 비유적으로 이르는 말. ‘고’ 는 상투를 틀 때 머리털을 고리처럼 되도록 감아 넘긴 것.
고개멀랑 (명사) 고갯마루 : 고개에서 가장 높은 자리.
고고패 (명사) 그글피 : 글피의 그 다음날. 오늘로부터 나흘 뒤의 날.
고기↑ (대명사)+(조사) 고것이.
고기↑라사 (대명사)+(조사) 고것이라야.
고께이/고껭이 (명사) 골계가(滑稽家). 익살꾼 : 남을 웃기는 우스운 말이나 행동을 아주 잘 하는 사람.
고께이다 (관용어) 남을 잘 웃기다.
곡갱이 (명사) 곡괭이.
고달빼이/고돌빼기/고돌빼이 (명사) 고들빼기. ¶ 입맛이 업다 쿠지 말고 고달뻬이짐치 함 무우 보지?(=입맛이 없다고 하지 말고 고들빼기김치 한 번 먹어 보지?)
고도밥 (명사) 고두밥 : 아주 되게 지어 고들고들한 밥.
고돌빼이 (명사) 고들빼기.
고동① (명사) 고둥. 우렁이.
고동② (명사) 논에 김을 맬 때 손톱이 닳지 않도록 대나무를 잘라 만들어 손가락에 끼우던 물건. 골무와 비슷하다.
고동시 (명사) 고종시(高宗柹) : 보통 감보다 잘고 씨가 없으며 맛이 단 감. ¶ 앞집 감낭게 고동시가 마이 열맀디 서리가 와 폭삭 널찠네.
고동애 (명사) 고등어.
고디 (명사) 고지 : 누룩이나 메주 따위를 만들 때 쓰는 나무틀.
고디이 (명사) 고둥. 우렁이.
고따 (대명사)+(조사) 고기에다.
고라이 (명사) 고라니 : 사슴과의 짐승.
고랑 (명사) 도랑 : 매우 좁고 작은 개울. ¶ 물고랑이 막힜다. / 논에 물고랑 티아라.
고랑고랑하다 (형용사) 늙어 잔병치레를 많이 하다.
고랑내/꼬랑내 (명사) 고린내 : 썩은 풀이나 썩은 달걀 따위에서 나는 냄새와 같이 고약한 냄새.
고랑테/고랑테이 (명사) 골탕 : 한꺼번에 되게 당하는 손해나 곤란.
고래구녕[--꾸-] (명사) 방(房)고래 : 방의 구들장 밑으로 나 있는, 불길과 연기가 통하여 나가는 길.
고래풀 (명사) 부레풀 : 민어의 부레를 끓여서 만든 풀. 교착력이 강하여 목기(木器)를 붙이는 데 많이 쓴다.
고로 (부사) 고루 : 차이가 없이 엇비슷하거나 같게.
고로고로 (부사) 고루고루.
고롬① (명사) 고름. 
고롬② (명사) 옷고름 ¶ 고롬을 달다. 고롬을 매다. 고롬이 풀리다.(=옷고름을 달다. 옷고름을 매다. 옷고름이 풀리다.)
고롭다 (형용사) 괴롭다.
고리① (부사) 고루.
고리② (형용사) ‘고렇게’의 (준말).
고리게 (부사) 고르게. 
고리고리 (부사) 고루고루.
고리다① (동사) 고르다 : 쓸 것이나 좋은 것을 가려내다.
고리다② (동사) 고르다 : 높낮이가 없도록 평평하게 만들다.
고리세나무 (명사) 고로쇠나무 : 단풍나뭇과의 낙엽 활엽 고목으로, 나무즙은 약용한다.
고리하다 (형용사) 그렇게 하다.
고마① (부사) 고만 : 고 정도까지만. 달리 해 볼 도리가 없이. ¶ 인자 고마하지.(=이제 고만하지.)
고↑마② (부사) 그저 : 변함없이 이제까지. 다른 일은 하지 않고 그냥. ¶ 고마 집에 있임더.(=그저 집에 있습니다.)
고마리 (명사) 허리춤 : 바지나 치마처럼 허리가 있는 옷의 안쪽. ¶ 고마리 치켜 올리라.(=허리춤을 치켜 올려라.)
고마이날 (명사) 예전에, 정월 초 하룻날부터 보름까지 쉬고 난 뒤 하루를 더 쉬고자 하여 생긴 말. ‘고마이날’에 일을 하면 살림이 ‘고만’해 있다 하여, 하루씩을 더 늘려 ‘암 고마이날’, ‘숫 고마이날’이라며 더 쉬는 구실을 붙였다.
고마이다 (관용어) 고만이다.
고만 (부사) 그만.
고:만하다① (형용사) 교만하다 : 잘난 체하며 뽐내고 건방지다.
고만하다② (동사) 그만하다. 그만두다.
고만하모 (부사) 고만하면, 그만하면. 
고맙어하다 (동사) 고마워하다.
고모아재 (명사) 고모부.
고무 (명사) 고모.
고무님 (명사) 고모님.
고무닦개 (명사) 지우개.
고무도독 (명사) 좀도둑.
고무딸 (명사) 고무딸기. 복분자(覆盆子) 딸기.",사투리,한국어,,2021-12-10 00:00:00,저작물양도계약서,진주시청,,,,제1유형,저작물,보호저작물,○,상업적이용가능,○,○,○,○,○,○,○,,2091-12-10 00:00:00,,
7,오디오,가이드/안내/정보,진주시청,진주시청,HOME > 진주소개 > 기본현황 > 진주 사투리 사전 > ㄱ,고방 ~ 구석지,"고방 (명사) 광. 곳간. ¶ 푸대랑 낫이랑 고방에 갖다 여라.(=포대랑 낫이랑 광에 가져다 넣어라.)
고빼 (명사) 화차(貨車) ¶ 기차 고빼.
고뻬이 (명사) 고삐 : 말이나 소를 몰거나 부리려고 재갈이나 코뚜레, 굴레에 잡아매는 줄.
고상① (명사) 고생(苦生).
고상↑② (명사) 고봉(高捧) : 곡식이나 밥 따위를 그릇 위로 수북하게 높이 담는 것. ¶ 고상밥
고상받기 (명사) 예전에, 아이들이 서로 힘을 겨루어 쓰러뜨리며 힘에 눌리어 굴복할 때까지 겨루다가 항복을 받아내는 놀이.
고상조마이 (명사) 고생(苦生)주머니. 
고상 조마이에 들다 (속담) ’고생 주머니에 들었다.’는 말로 힘든 일거리가 매우 많이 생겼다는 것을 이른다.
고새↑① (준말) 고 사이에.
고새② (명사) 목새 : 벼의 이삭이 여물기 전에 벌레가 벼의 줄기와 잎을 먹어 누렇게 시드는 병.
고시라니/고시라이 (부사) 고스란히.
고시레/게시레 (명사) 고수레.
고시레떡 (명사) 고수레떡.
고실고실 (부사) 고슬고슬.
고암 (명사) 고함.
고앵이 (명사) 고양이. 
고얌 (명사) 고욤 : 고욤나무의 열매. 
고얌나무 (명사) 고욤나무.
고엔이 (부사) 공연히.
고오 (대명사)+(조사) 고기에 : 듣는 이에게 가까운 곳을 가리키는 지시 대명사 ¶ 고오 나 또라.(=고기에 놓아 두어라.)
고:매 (명사) 고구마.
고:매넝쿨/고:매넝출 (명사) 고구마덩굴. ¶ 고:오매넝쿨 버리지 말고 세 갖다 미이라.(=고구마덩굴 버리지 말고 소 가져다 먹여라.) 
고:매빼떼이 (명사) 절간(切干) 고구마 : 얇게 썰어서 볕에 말린 고구마.
고:매엿 (명사) 고구마엿.
고:매줄거리[--쭐--] (명사) 고구마줄기.
고올 (명사) 고랑 : 두둑한 땅과 땅 사이에 길고 좁게 들어간 곳. ¶ 오늘 둘이서 맨다꼬 맸는데 멫 고올 못 맸거마.(=오늘 둘이서 맨다고 맸는데 몇 고랑 못 맸군.)
고우다① (동사) 괴다 : 기울어지거나 쓰러지지 않도록 아래를 받쳐 안정시키다.
고우다② (동사) 고다 : 고기나 뼈 따위를 무르거나 진액에 빠지도록 끓는 물에 푹 삶다.
고이듣다 (동사) 곧이듣다 : 남의 말을 듣고 그대로 믿다.
고이장 (명사) 고추장.
고지묵다 (동사) 고지먹다 : 모내기나 김매기 등의 일을 해주기로 하고 미리 품삯을 받다.
고치 (명사) 고추.
고치장 (명사) 고추장.
고패 (명사) 글피 : 모레의 다음 날.
고푸다 (형용사) (배가) 고프다.
곡감 (명사) 곶감.
곡게이 (명사) 곡괭이.
곡석 (명사) 곡식.
곡석삐까리 (명사) 낟가리 : 낟알이 붙은 곡식을 그대로 쌓은 더미.
곤대만대 (부사) 곤드레만드레.
곤매곤매 (감탄사) 아이들이 호박, 수박 따위에 손가락질을 하면서 곯아떨어지도록 내는 소리.
곤새묵다/곤자리묵다 (동사) 구새먹다 : 속이 쓰지 못하게 되었거나 내용이 비게 되다.
곤새비 (명사) 곤쟁이 : 곤쟁잇과의 털곤쟁이, 까막곤쟁이, 민곤쟁이 따위를 통틀어 이르는 말.
곤색 (명사) 감색. 진남색.
곤자리 (명사) 고자리파리 : 꽃파릿과의 곤충. 애벌레는 마늘, 양파 따위의 작물을 해친다.
곤자리묵다 (동사) 고자리파리 애벌레가 작물을 해치다.
곤치다 (동사) 고치다. ¶ 이기 뽀사져 삤네? 곤치야 데것다.(=이게 부서져 버렸지? 고쳐야 되겠다.)
곧다 (형용사) 곱다 : 손가락이나 발가락이 얼어서 감각이 없고 놀리기가 어렵다.
골① (명사) 곬 : 한쪽으로 트여 나가는 방향이나 길.
골② (명사) 왕골 : 돗자리, 방석 따위를 만드는 데 쓰는 사초과의 한해살이풀.
골고로/골고리 (부사) 골고루. ¶ 무울 기 이시모 골고리 나나 무야제.(=먹을 게 있으면 골고루 나눠 먹어야지.)
골내미 (명사) 골 : 비위에 거슬리거나 언짢은 일을 당하여 벌컥 내는 화.
골내미시이다 (동사) 골을 올리다.
골놀음시이다 (동사) 화를 치밀어 오르게 하다.
골때리다 (동사) 매우 화가 나다. 손해나 낭패를 당하다. 머리를 아프게 만들다.
골로 가다 (관용어) ‘죽다’를 속되게 이르는 말. ¶ 니 그리 까부러 쌓다가 골로 가는 수가 있다.(=너 그렇게 까불어 쌓다가 죽는 수가 있다.) (참고) 한국전쟁 때 적군이나 적군으로 의심되는 사람을 골(=산골)로 데려가 처형한 것에서 유래함.
골루다/골뤃다 (동사) 고르다. ¶ 아이고, 골뤃다가 볼 일 다 보것다.(=아이고, 고르다가 볼 일 다 보겠다.)
골미 (명사) 골무 : 바느질할 때 바늘귀를 밀기 위하여 손가락에 끼는 도구.
골백분 (명사) 골백번 : 여러 번을 강조하거나 속되게 이르는 말.
골용 (명사) 권연(卷煙). 궐련 : 얇은 종이로 가늘고 길게 말아 놓은 담배.
골착 (명사) 골짜기.
곰내/공내 (명사) 군내 : 오래되거나 맛이 변한 음식 등에서 풍겨 나오는 좋지 않은 냄새.
곰매폴 (명사) 곰배팔이. 꼬부라져 붙어 펴지 못하게 된 팔, 또는 팔뚝이 없는 팔.
곰밥 (명사) 달걀 껍데기에 쌀을 채워 잿불 위에서 구워 먹는 밥.
곰방중우 (명사) 잠방이.
곰배 (명사) 곰방메 : 흙덩이를 깨뜨리거나 씨 뿌린 뒤 흙을 덮는 데에 쓰는 농기구.
곰치다 (동사) 훔치다 : 남의 물건을 남몰래 슬쩍 가져다가 자기 것으로 하다.
곰탁 (명사) 구석 모퉁이의 안쪽.
곰탁곰탁 (부사) 구석구석.
곰테이 (명사) 구덩이. ¶ 길가에 움푹 파진 곰테이에 빠짔다.
곰패이 (명사) 곰팡이. ¶ 곰패이가 씰었네.(=곰팡이가 슬었네.)
곰패이내 (명사) 곰팡내 : 곰팡냄새.
곱상시럽다 (형용사) 곱살스럽다.
곱새 (명사) 곱사등이.
곱새춤 (명사) 곱사등이춤. 곱사등이같이 등에 바가지, 베개 따위를 넣고 익살스럽게 추는 춤. 
곱시리 (부사) 곱다시 : 그대로 고스란히.
곱신곱신 (부사) 곱실곱실.
곱실머리 (명사) 곱슬머리.
곱은때 (명사) 고운때 : 보기에 흉하지 아니할 정도로 옷 따위에 조금만 묻은 때.
공구다 (동사) 괴다. 고이다. 받치다.
공굴대 (명사) 평미레 : 말이나 되에 곡식을 담고 그 위를 평평하게 밀어 고르게 하는 데 쓰는 방망이 모양의 기구.
공기다 (동사) 곪다. 곰기다.
공내 (명사) 군내. 
공당기리다 (동사) 구두덜거리다.
공묵다 (동사) 거저먹다. 공먹다.
공빼이/공짜배이 (명사) 공짜.
공상 (명사) 개상 : 볏단을 메어쳐서 이삭을 덜어내는 데 쓰던 농기구.
공지 (명사) 공기 : 위가 넓게 벌어지고 밑이 좁은 작은 그릇. 주로 밥을 담아 먹는 데 쓴다. ¶ 밥 한 공지 후딱 묵고 가자.(=밥 한 공기 얼른 먹고 가자.)
공짓밥 (명사) 공깃밥 : 공기에 담은 밥.
공짜배이 (명사) 공짜배기.
-구- 접미 사동접미사. ¶ 돋구다. 떨구다. 팅구다.
구구초 (명사) 구기자(枸杞子) : 구기자나무의 열매. 해열제와 강장제로 쓴다.
구구초나무 (명사) 구기자나무.
구녕 (명사) 구멍.
구답 (명사) 무논. 수렁논 : 물이 괴어 있는 논. 수렁처럼 무른 개흙으로 된 논.
구더리 (명사) 구더기 : 파리의 애벌레.
구덕 (명사) 구덩이.
구덜막 (명사) 구들막. 아랫목.
구덩기리다 (동사) 구두덜거리다 : 못마땅하여 혼자서 자꾸 군소리를 하다.
구덩살 (명사) 굳은살 : 잦은 마찰로 손바닥이나 발바닥에 생긴 두껍고 단단한 살.
구둘 (명사) 구들 : 고래를 켜고 구들장을 덮어 흙을 발라서 방바닥을 만들고 불을 때어 난방을 하는 구조물.
구둘막 (명사) 구들막.
구둘방 (명사) 구들방.
구둥기리다 (동사) 구두덜거리다.
구디/구디이 (명사) 구덩이.
구랄 (명사) 병아리가 까이지 않은 달걀.
구래분 (명사) (화장용) 크림.
구래풀 (명사) 부레풀.
구렁티이/구룽티이 (명사) 구렁텅이.
구룸 (명사) 구름.
구리이 (명사) 구렁이. 능구렁이.
구부 (명사) 굽이 : 휘어서 구부러진 곳.
구부구부 (부사) 굽이굽이.
구부덩하다 (형용사) 구부정하다.
구부리다 (동사) 굽히다. 
구불다 (동사) 구르다.
구불리다 (동사) 굴리다.
구불어대이다 (동사) 굴러다니다.
구불어지다 (동사) 굴러지다.
구불티리다 (동사) 굴러넘어뜨리다.
구비구비 (부사) 굽이굽이.
구석지 (명사) 구석 : 모퉁이의 안쪽.",2021-12-10 00:00:00,122,미부착,제1유형,무,,고방 ~ 구석지,,어문,음성,"고방 (명사) 광. 곳간. ¶ 푸대랑 낫이랑 고방에 갖다 여라.(=포대랑 낫이랑 광에 가져다 넣어라.)
고빼 (명사) 화차(貨車) ¶ 기차 고빼.
고뻬이 (명사) 고삐 : 말이나 소를 몰거나 부리려고 재갈이나 코뚜레, 굴레에 잡아매는 줄.
고상① (명사) 고생(苦生).
고상↑② (명사) 고봉(高捧) : 곡식이나 밥 따위를 그릇 위로 수북하게 높이 담는 것. ¶ 고상밥
고상받기 (명사) 예전에, 아이들이 서로 힘을 겨루어 쓰러뜨리며 힘에 눌리어 굴복할 때까지 겨루다가 항복을 받아내는 놀이.
고상조마이 (명사) 고생(苦生)주머니. 
고상 조마이에 들다 (속담) ’고생 주머니에 들었다.’는 말로 힘든 일거리가 매우 많이 생겼다는 것을 이른다.
고새↑① (준말) 고 사이에.
고새② (명사) 목새 : 벼의 이삭이 여물기 전에 벌레가 벼의 줄기와 잎을 먹어 누렇게 시드는 병.
고시라니/고시라이 (부사) 고스란히.
고시레/게시레 (명사) 고수레.
고시레떡 (명사) 고수레떡.
고실고실 (부사) 고슬고슬.
고암 (명사) 고함.
고앵이 (명사) 고양이. 
고얌 (명사) 고욤 : 고욤나무의 열매. 
고얌나무 (명사) 고욤나무.
고엔이 (부사) 공연히.
고오 (대명사)+(조사) 고기에 : 듣는 이에게 가까운 곳을 가리키는 지시 대명사 ¶ 고오 나 또라.(=고기에 놓아 두어라.)
고:매 (명사) 고구마.
고:매넝쿨/고:매넝출 (명사) 고구마덩굴. ¶ 고:오매넝쿨 버리지 말고 세 갖다 미이라.(=고구마덩굴 버리지 말고 소 가져다 먹여라.) 
고:매빼떼이 (명사) 절간(切干) 고구마 : 얇게 썰어서 볕에 말린 고구마.
고:매엿 (명사) 고구마엿.
고:매줄거리[--쭐--] (명사) 고구마줄기.
고올 (명사) 고랑 : 두둑한 땅과 땅 사이에 길고 좁게 들어간 곳. ¶ 오늘 둘이서 맨다꼬 맸는데 멫 고올 못 맸거마.(=오늘 둘이서 맨다고 맸는데 몇 고랑 못 맸군.)
고우다① (동사) 괴다 : 기울어지거나 쓰러지지 않도록 아래를 받쳐 안정시키다.
고우다② (동사) 고다 : 고기나 뼈 따위를 무르거나 진액에 빠지도록 끓는 물에 푹 삶다.
고이듣다 (동사) 곧이듣다 : 남의 말을 듣고 그대로 믿다.
고이장 (명사) 고추장.
고지묵다 (동사) 고지먹다 : 모내기나 김매기 등의 일을 해주기로 하고 미리 품삯을 받다.
고치 (명사) 고추.
고치장 (명사) 고추장.
고패 (명사) 글피 : 모레의 다음 날.
고푸다 (형용사) (배가) 고프다.
곡감 (명사) 곶감.
곡게이 (명사) 곡괭이.
곡석 (명사) 곡식.
곡석삐까리 (명사) 낟가리 : 낟알이 붙은 곡식을 그대로 쌓은 더미.
곤대만대 (부사) 곤드레만드레.
곤매곤매 (감탄사) 아이들이 호박, 수박 따위에 손가락질을 하면서 곯아떨어지도록 내는 소리.
곤새묵다/곤자리묵다 (동사) 구새먹다 : 속이 쓰지 못하게 되었거나 내용이 비게 되다.
곤새비 (명사) 곤쟁이 : 곤쟁잇과의 털곤쟁이, 까막곤쟁이, 민곤쟁이 따위를 통틀어 이르는 말.
곤색 (명사) 감색. 진남색.
곤자리 (명사) 고자리파리 : 꽃파릿과의 곤충. 애벌레는 마늘, 양파 따위의 작물을 해친다.
곤자리묵다 (동사) 고자리파리 애벌레가 작물을 해치다.
곤치다 (동사) 고치다. ¶ 이기 뽀사져 삤네? 곤치야 데것다.(=이게 부서져 버렸지? 고쳐야 되겠다.)
곧다 (형용사) 곱다 : 손가락이나 발가락이 얼어서 감각이 없고 놀리기가 어렵다.
골① (명사) 곬 : 한쪽으로 트여 나가는 방향이나 길.
골② (명사) 왕골 : 돗자리, 방석 따위를 만드는 데 쓰는 사초과의 한해살이풀.
골고로/골고리 (부사) 골고루. ¶ 무울 기 이시모 골고리 나나 무야제.(=먹을 게 있으면 골고루 나눠 먹어야지.)
골내미 (명사) 골 : 비위에 거슬리거나 언짢은 일을 당하여 벌컥 내는 화.
골내미시이다 (동사) 골을 올리다.
골놀음시이다 (동사) 화를 치밀어 오르게 하다.
골때리다 (동사) 매우 화가 나다. 손해나 낭패를 당하다. 머리를 아프게 만들다.
골로 가다 (관용어) ‘죽다’를 속되게 이르는 말. ¶ 니 그리 까부러 쌓다가 골로 가는 수가 있다.(=너 그렇게 까불어 쌓다가 죽는 수가 있다.) (참고) 한국전쟁 때 적군이나 적군으로 의심되는 사람을 골(=산골)로 데려가 처형한 것에서 유래함.
골루다/골뤃다 (동사) 고르다. ¶ 아이고, 골뤃다가 볼 일 다 보것다.(=아이고, 고르다가 볼 일 다 보겠다.)
골미 (명사) 골무 : 바느질할 때 바늘귀를 밀기 위하여 손가락에 끼는 도구.
골백분 (명사) 골백번 : 여러 번을 강조하거나 속되게 이르는 말.
골용 (명사) 권연(卷煙). 궐련 : 얇은 종이로 가늘고 길게 말아 놓은 담배.
골착 (명사) 골짜기.
곰내/공내 (명사) 군내 : 오래되거나 맛이 변한 음식 등에서 풍겨 나오는 좋지 않은 냄새.
곰매폴 (명사) 곰배팔이. 꼬부라져 붙어 펴지 못하게 된 팔, 또는 팔뚝이 없는 팔.
곰밥 (명사) 달걀 껍데기에 쌀을 채워 잿불 위에서 구워 먹는 밥.
곰방중우 (명사) 잠방이.
곰배 (명사) 곰방메 : 흙덩이를 깨뜨리거나 씨 뿌린 뒤 흙을 덮는 데에 쓰는 농기구.
곰치다 (동사) 훔치다 : 남의 물건을 남몰래 슬쩍 가져다가 자기 것으로 하다.
곰탁 (명사) 구석 모퉁이의 안쪽.
곰탁곰탁 (부사) 구석구석.
곰테이 (명사) 구덩이. ¶ 길가에 움푹 파진 곰테이에 빠짔다.
곰패이 (명사) 곰팡이. ¶ 곰패이가 씰었네.(=곰팡이가 슬었네.)
곰패이내 (명사) 곰팡내 : 곰팡냄새.
곱상시럽다 (형용사) 곱살스럽다.
곱새 (명사) 곱사등이.
곱새춤 (명사) 곱사등이춤. 곱사등이같이 등에 바가지, 베개 따위를 넣고 익살스럽게 추는 춤. 
곱시리 (부사) 곱다시 : 그대로 고스란히.
곱신곱신 (부사) 곱실곱실.
곱실머리 (명사) 곱슬머리.
곱은때 (명사) 고운때 : 보기에 흉하지 아니할 정도로 옷 따위에 조금만 묻은 때.
공구다 (동사) 괴다. 고이다. 받치다.
공굴대 (명사) 평미레 : 말이나 되에 곡식을 담고 그 위를 평평하게 밀어 고르게 하는 데 쓰는 방망이 모양의 기구.
공기다 (동사) 곪다. 곰기다.
공내 (명사) 군내. 
공당기리다 (동사) 구두덜거리다.
공묵다 (동사) 거저먹다. 공먹다.
공빼이/공짜배이 (명사) 공짜.
공상 (명사) 개상 : 볏단을 메어쳐서 이삭을 덜어내는 데 쓰던 농기구.
공지 (명사) 공기 : 위가 넓게 벌어지고 밑이 좁은 작은 그릇. 주로 밥을 담아 먹는 데 쓴다. ¶ 밥 한 공지 후딱 묵고 가자.(=밥 한 공기 얼른 먹고 가자.)
공짓밥 (명사) 공깃밥 : 공기에 담은 밥.
공짜배이 (명사) 공짜배기.
-구- 접미 사동접미사. ¶ 돋구다. 떨구다. 팅구다.
구구초 (명사) 구기자(枸杞子) : 구기자나무의 열매. 해열제와 강장제로 쓴다.
구구초나무 (명사) 구기자나무.
구녕 (명사) 구멍.
구답 (명사) 무논. 수렁논 : 물이 괴어 있는 논. 수렁처럼 무른 개흙으로 된 논.
구더리 (명사) 구더기 : 파리의 애벌레.
구덕 (명사) 구덩이.
구덜막 (명사) 구들막. 아랫목.
구덩기리다 (동사) 구두덜거리다 : 못마땅하여 혼자서 자꾸 군소리를 하다.
구덩살 (명사) 굳은살 : 잦은 마찰로 손바닥이나 발바닥에 생긴 두껍고 단단한 살.
구둘 (명사) 구들 : 고래를 켜고 구들장을 덮어 흙을 발라서 방바닥을 만들고 불을 때어 난방을 하는 구조물.
구둘막 (명사) 구들막.
구둘방 (명사) 구들방.
구둥기리다 (동사) 구두덜거리다.
구디/구디이 (명사) 구덩이.
구랄 (명사) 병아리가 까이지 않은 달걀.
구래분 (명사) (화장용) 크림.
구래풀 (명사) 부레풀.
구렁티이/구룽티이 (명사) 구렁텅이.
구룸 (명사) 구름.
구리이 (명사) 구렁이. 능구렁이.
구부 (명사) 굽이 : 휘어서 구부러진 곳.
구부구부 (부사) 굽이굽이.
구부덩하다 (형용사) 구부정하다.
구부리다 (동사) 굽히다. 
구불다 (동사) 구르다.
구불리다 (동사) 굴리다.
구불어대이다 (동사) 굴러다니다.
구불어지다 (동사) 굴러지다.
구불티리다 (동사) 굴러넘어뜨리다.
구비구비 (부사) 굽이굽이.
구석지 (명사) 구석 : 모퉁이의 안쪽.",사투리,한국어,,2021-12-10 00:00:00,저작물양도계약서,진주시청,,,,제1유형,저작물,보호저작물,○,상업적이용가능,○,○,○,○,○,○,○,,2091-12-10 00:00:00,,
8,오디오,가이드/안내/정보,진주시청,진주시청,HOME > 진주소개 > 기본현황 > 진주 사투리 사전 > ㄱ,구성기리다 ~ 사,"구성기리다 (동사) 구시렁거리다.
구시① (명사) 구유. 
구시② (명사) 변소.
구시③/구식 (명사) 구석 : 1. 모퉁이의 안쪽. 2. 마음이나 사물의 한 부분.
구시구시 (부사) 구석구석.
구시리다 (동사) 구슬리다 : 그럴 듯한 말로 꾀어 마음을 움직이다.
구시통 (명사) 구유.
구신 (명사) 귀신(鬼神).
구실 (명사) 구슬.
구실구실 (부사) 구슬구슬.
구실땀 (명사) 구슬땀 : 구슬처럼 방울방울 맺힌 땀.
구실비 (명사) 부슬비.
구실치기 (명사) 구슬치기.
구안 (명사) 구완 : 아픈 사람이나 해산한 사람을 간호함.
구안하다 (동사) 구완하다.
구정기리다 (동사) 휘정거리다 : 물 따위를 함부로 자꾸 저어서 흐리게 하다.
구중키리다 (동사) 휘정거리다.
구지뽑기 (명사) 제비뽑기 : 제비를 만들어 승부나 차례를 정하는 일.
구지잡잡 (명사) 구지레한 여러 가지.
국시 (명사) 국수. ¶ 물국시. 칼국시. / 국시는 밀가리로 맹근다.(=국수는 밀가루로 만든다.)
국시틀 (명사) 국수틀.
군데 (명사) 그네. ¶ 우리 군데 타로 가자.
군데발 (명사) 밑싣개 : 그넷줄 맨 아래에 두 발을 딛거나 앉을 수 있게 걸쳐 놓은 물건.
군더디기/군디디기 (명사) 군더더기 : 쓸데없이 덧붙은 것.
군둥내 (명사) 군내 : 본래의 제 맛이 변하여 나는 좋지 아니한 냄새.
군둥제비 (명사) 밀가루와 밀겨를 섞어서 만든 수제비.
군불다 (동사) 뒹굴다. 구르다. ¶ 맹식이 아부지가 나무하러 가서 군불렀다 쿠네.(=명식이 아버지가 나무하러 가서 굴렀다고 하네.)
군음석 (명사) 군음식. 군것.
군이 달다 1. 군이 많다. 2. 어떤 일을 함께 할 사람이 많다.
군임석 (명사) 군음식. 군것 : 끼니 외에 먹는 간단한 음식.
군지렁기리다 (동사) 구시렁거리다.
굴다 (동사) 줄다. 줄어들다. ¶ 쌀이 와 이리 마이 굴은 거 겄노?(=쌀이 왜 이렇게 많이 준 것 같으냐?) 
굴레시염 (명사) 구레나룻 : 귀밑에서 턱까지 잇따라 난 수염.
굴리다 (동사) 구르다 : 선 자리에서 발로 바닥을 힘주어 치다. ¶ 뜨거븐 철판에 곰 올리놓으모 춤 추듯 발 굴리게 덴대이.
굴밤/꿀밤 (명사) 상수리.
굴여시 (명사) 여우 같이 교활하고 잇속만 챙기는 여자를 이르는 말.
굴쭉시럽다/꿀쭉시럽다 (형용사) 별쭝스럽다 : 말이나 하는 짓이 별스러운 데가 있다.
굴쭉시리/꿀쭉시리 (부사) 별쭝스레.
굼논 (명사) 무논 : 물이 늘 괴어 있는 논.
굼베이/굼빙이/굼비 (명사) 굼벵이.
굼불다 (동사) 뒹굴다.
굼장아 (명사) 뱀장어. 붕장어.
굼짚다 (명사) 굼깊다 : 산이나 골이 매우 깊고 으슥하다.
굼턱/굼티이 (명사) 움푹한 구덩이.
굽지 (명사) 굽도리 : 방 안 벽의 밑 부분.
굿이 한 다리끼다 (속담) 구경거리가 많고 재미있음을 비유적으로 이르는 말.
굿재이 (명사) ‘무당’을 낮잡아 이르는 말.
굿지다 (형용사) 굿처럼 재미있다.
궁굴다 (동사) 뒹굴다.
궁굴어데이다 (동사) 이리저리 굴러다니다.
궁굴티다 (동사) 궁굴리다 : 어떤 사물을 이리저리 굴리다.
궁기다 (동사) 굶기다.
궁둥방아/궁디이방아 (명사) 엉덩방아.
궁디/궁디이 (명사) 궁둥이. ¶ 팍 궁디를 주 차삐까?(=팍 궁둥이를 줘 차 버릴까?)
궁디이가 개겁다 (관용어) ‘궁둥이가 가볍다’는 말로, 어느 한 자리에 오래 머물지 못하고 바로 자리를 뜨다.
궁디이가 찔기다 (관용어) ‘궁둥이가 질기다’는 말로, 동작이 굼뜨고 한번 앉으면 자리에서 일어날 줄 모르고 오래 앉아 있다.
궁디이살 (명사) 궁둥살.
궁디이춤 (명사) 엉덩춤.
궁짝이 맞다 ‘쿵짝이 맞다.’는 말로, 조화가 잘 이루어지다는 뜻.
궂치다 (동사) 그르치다. ¶ 아무래도 오늘 일은 궂칬는 갑다.(=아무래도 오늘 일은 그르친 것 같다.)
그아래 (명사) 그끄저께.
그걸싸나 (부사) 그것이나마. 그나마.
그끄지 (명사) 그끄제(그끄저께). 그제(그저께)의 전날.
그기요 (감탄사) 1. 그것이요 ¶ 이기 내가 찾던 바로 그기요. 2. 그것 봐라. ¶ 그기요, 몬 하는 소리가 없네.
그기이 (대명사)+(조사) 그것이.
그기이나따나 (대명사)+(조사) 그것이나마.
그기이라사 (대명사)+(조사) 그것이라야.
그기이사 (대명사)+(조사) 그것이야.
그긴 (대명사)+(조사) 그것인. ¶ 그긴 상 싶다.(=그것인 성 싶다.)
그길싸나 (부사) 그것이나마. 그나마.
그까이꺼 (부사) 그까짓것 : 겨우 그만한 정도야.
그끄지 (명사) 그끄제. 그끄저께.
그네타기 (명사) 그네뛰기.
그녀러 거[←그년의 것] (준말) ‘그것’을 낮추어 부르는 말.
그녀러 자석 (연어) ‘그 자식’을 낮추어 부르는 말.
그 단에 (준말) 그 동안에.
그담새/그단새/그듬새 (부사) 그 사이에 (빨리). 금세.
그답잖다 (형용사) 그리 대단하지 아니하다. 대수롭지 않다.
그따나 (부사) 그것이나마. 그나마. 
그라고 (부사) 그리고. 
그라내도 (준말) 그렇지 않아도.
그라다가 (부사) 그러다가. 그리하다가.
그라모 (부사) 그러면.
그래갖고 (준말) 그리하여.
그래논께 (준말) 그리해 놓으니까.
그러고 (부사) 그렇고. 그리고.
그러나 (감탄사) 그렇느냐.
그러마꼬 (준말) 그리하겠다고.
그러모우다 (동사) 그러모으다.
그러묵다 (동사) 그러먹다.
그러붓다 (동사) 서운하게 쌓였던 감정을 한꺼번에 쏟아붓다.
그러비씨다 (동사) 쩍 벌리다.
그러비시다 (동사) ‘널어놓다’를 속되게 이르는 말. ¶ 옷을 온디 다 그러비시놓고 오디로 갔이꼬?(=옷을 온 데 다 널어놓고 어디를 갔을까?)
그러시 (감탄사) 글쎄.
그러옇다 (동사) 그러넣다.
그러침 (부사) 그만큼.
그러커럼/그러키/그리 (부사) 그렇게.
그런가배 (준말) 그런가 봐.
그런께 (부사) 그러니까.
그런께네 (부사) 그러니까. ¶ 가마이 있거라 야야. 그런께네 니는 징긴 돈이 없다 말이제?(=가만히 있거라, 얘야. 그러니까 너는 지닌 돈이 없다 말이지?)
그럼서 (준말) 그러면서. 그리 하면서.
그럼성 (준말) 그러면서.
그럼시로 (준말) 그렇게 하면서.
그렇겄재 (형용사) 그리하겠지. / 그렇겠지.
그렇재 (부사) 그렇지.
-그로 (어미) –게끔. ¶ 지 혼차 하거로 나 또라.(=제 혼자 하게끔 놓아 두어라.)
그륵 (명사) 그릇. 
그리 (부사) 그렇게.
그리쌈서[←그렇게 해 쌓면서] (준말) 그렇게 하면서. 그렇게 말하면서.
그리쌓는가[←그렇게 해 쌓는가] (준말) 그렇게 해 쌓는가. 그렇게 말해 쌓는가.
그리쌓다[←그렇게 해 쌓다] (준말) 그리하다. 그렇게 말하다.
그리하끼다[←그렇게 할 것이다] (준말) 그리 할 것이다.
그리해삤다[←그렇게 해 버렸다] (준말) 그렇게 해 버렸다.
그만때 (명사) 그맘때. 
그 무리 (관형사)+(명사) 그 무렵.
그문날/그뭄날 (명사) 그믐날 : 음력으로 그 달의 마지막 날.
그뭄 (명사) 그믐날.
그뭄달 (명사) 그믐달 : 음력으로 매월 마지막 날에 뜨는 달.
그뭇그뭇 (부사) 그득그득.
그빼이다 (관형사)+(명사)+(조사) 그것뿐이다.
그뿌이다 (관형사)+(명사)+(조사) 그뿐이다.
그시럼/끄시럼 (명사) 그을음.
그아래 (명사) 그끄저께.
그연중에 (부사) 그런 가운데. 그런 중에.
그자: (감탄사) ‘그렇지’ 하며 다짐 또는 확인하는 말. ¶ 글ㅎ다 그자.
그자아 (명사)+(조사) 그즈음에 : 과거의 어느 때부터 어느 때까지의 무렵.
그저묵다 (동사) 거저먹다 : 힘을 들이지 아니하고 일을 해내거나 어떤 것을 차지하다.
그제/그렇제 (감탄사) 그렇지. 다짐 또는 확인하는 말. ¶ 맞제, 그제. / 내앨 노는 날이제, 그렇체.
-사 (조사) -야 : 강세보조사. ¶ 내사 모리겄다.(=내야 모르겠다.)",2021-12-10 00:00:00,129,미부착,제1유형,무,,구성기리다 ~ 사,,어문,음성,"구성기리다 (동사) 구시렁거리다.
구시① (명사) 구유. 
구시② (명사) 변소.
구시③/구식 (명사) 구석 : 1. 모퉁이의 안쪽. 2. 마음이나 사물의 한 부분.
구시구시 (부사) 구석구석.
구시리다 (동사) 구슬리다 : 그럴 듯한 말로 꾀어 마음을 움직이다.
구시통 (명사) 구유.
구신 (명사) 귀신(鬼神).
구실 (명사) 구슬.
구실구실 (부사) 구슬구슬.
구실땀 (명사) 구슬땀 : 구슬처럼 방울방울 맺힌 땀.
구실비 (명사) 부슬비.
구실치기 (명사) 구슬치기.
구안 (명사) 구완 : 아픈 사람이나 해산한 사람을 간호함.
구안하다 (동사) 구완하다.
구정기리다 (동사) 휘정거리다 : 물 따위를 함부로 자꾸 저어서 흐리게 하다.
구중키리다 (동사) 휘정거리다.
구지뽑기 (명사) 제비뽑기 : 제비를 만들어 승부나 차례를 정하는 일.
구지잡잡 (명사) 구지레한 여러 가지.
국시 (명사) 국수. ¶ 물국시. 칼국시. / 국시는 밀가리로 맹근다.(=국수는 밀가루로 만든다.)
국시틀 (명사) 국수틀.
군데 (명사) 그네. ¶ 우리 군데 타로 가자.
군데발 (명사) 밑싣개 : 그넷줄 맨 아래에 두 발을 딛거나 앉을 수 있게 걸쳐 놓은 물건.
군더디기/군디디기 (명사) 군더더기 : 쓸데없이 덧붙은 것.
군둥내 (명사) 군내 : 본래의 제 맛이 변하여 나는 좋지 아니한 냄새.
군둥제비 (명사) 밀가루와 밀겨를 섞어서 만든 수제비.
군불다 (동사) 뒹굴다. 구르다. ¶ 맹식이 아부지가 나무하러 가서 군불렀다 쿠네.(=명식이 아버지가 나무하러 가서 굴렀다고 하네.)
군음석 (명사) 군음식. 군것.
군이 달다 1. 군이 많다. 2. 어떤 일을 함께 할 사람이 많다.
군임석 (명사) 군음식. 군것 : 끼니 외에 먹는 간단한 음식.
군지렁기리다 (동사) 구시렁거리다.
굴다 (동사) 줄다. 줄어들다. ¶ 쌀이 와 이리 마이 굴은 거 겄노?(=쌀이 왜 이렇게 많이 준 것 같으냐?) 
굴레시염 (명사) 구레나룻 : 귀밑에서 턱까지 잇따라 난 수염.
굴리다 (동사) 구르다 : 선 자리에서 발로 바닥을 힘주어 치다. ¶ 뜨거븐 철판에 곰 올리놓으모 춤 추듯 발 굴리게 덴대이.
굴밤/꿀밤 (명사) 상수리.
굴여시 (명사) 여우 같이 교활하고 잇속만 챙기는 여자를 이르는 말.
굴쭉시럽다/꿀쭉시럽다 (형용사) 별쭝스럽다 : 말이나 하는 짓이 별스러운 데가 있다.
굴쭉시리/꿀쭉시리 (부사) 별쭝스레.
굼논 (명사) 무논 : 물이 늘 괴어 있는 논.
굼베이/굼빙이/굼비 (명사) 굼벵이.
굼불다 (동사) 뒹굴다.
굼장아 (명사) 뱀장어. 붕장어.
굼짚다 (명사) 굼깊다 : 산이나 골이 매우 깊고 으슥하다.
굼턱/굼티이 (명사) 움푹한 구덩이.
굽지 (명사) 굽도리 : 방 안 벽의 밑 부분.
굿이 한 다리끼다 (속담) 구경거리가 많고 재미있음을 비유적으로 이르는 말.
굿재이 (명사) ‘무당’을 낮잡아 이르는 말.
굿지다 (형용사) 굿처럼 재미있다.
궁굴다 (동사) 뒹굴다.
궁굴어데이다 (동사) 이리저리 굴러다니다.
궁굴티다 (동사) 궁굴리다 : 어떤 사물을 이리저리 굴리다.
궁기다 (동사) 굶기다.
궁둥방아/궁디이방아 (명사) 엉덩방아.
궁디/궁디이 (명사) 궁둥이. ¶ 팍 궁디를 주 차삐까?(=팍 궁둥이를 줘 차 버릴까?)
궁디이가 개겁다 (관용어) ‘궁둥이가 가볍다’는 말로, 어느 한 자리에 오래 머물지 못하고 바로 자리를 뜨다.
궁디이가 찔기다 (관용어) ‘궁둥이가 질기다’는 말로, 동작이 굼뜨고 한번 앉으면 자리에서 일어날 줄 모르고 오래 앉아 있다.
궁디이살 (명사) 궁둥살.
궁디이춤 (명사) 엉덩춤.
궁짝이 맞다 ‘쿵짝이 맞다.’는 말로, 조화가 잘 이루어지다는 뜻.
궂치다 (동사) 그르치다. ¶ 아무래도 오늘 일은 궂칬는 갑다.(=아무래도 오늘 일은 그르친 것 같다.)
그아래 (명사) 그끄저께.
그걸싸나 (부사) 그것이나마. 그나마.
그끄지 (명사) 그끄제(그끄저께). 그제(그저께)의 전날.
그기요 (감탄사) 1. 그것이요 ¶ 이기 내가 찾던 바로 그기요. 2. 그것 봐라. ¶ 그기요, 몬 하는 소리가 없네.
그기이 (대명사)+(조사) 그것이.
그기이나따나 (대명사)+(조사) 그것이나마.
그기이라사 (대명사)+(조사) 그것이라야.
그기이사 (대명사)+(조사) 그것이야.
그긴 (대명사)+(조사) 그것인. ¶ 그긴 상 싶다.(=그것인 성 싶다.)
그길싸나 (부사) 그것이나마. 그나마.
그까이꺼 (부사) 그까짓것 : 겨우 그만한 정도야.
그끄지 (명사) 그끄제. 그끄저께.
그네타기 (명사) 그네뛰기.
그녀러 거[←그년의 것] (준말) ‘그것’을 낮추어 부르는 말.
그녀러 자석 (연어) ‘그 자식’을 낮추어 부르는 말.
그 단에 (준말) 그 동안에.
그담새/그단새/그듬새 (부사) 그 사이에 (빨리). 금세.
그답잖다 (형용사) 그리 대단하지 아니하다. 대수롭지 않다.
그따나 (부사) 그것이나마. 그나마. 
그라고 (부사) 그리고. 
그라내도 (준말) 그렇지 않아도.
그라다가 (부사) 그러다가. 그리하다가.
그라모 (부사) 그러면.
그래갖고 (준말) 그리하여.
그래논께 (준말) 그리해 놓으니까.
그러고 (부사) 그렇고. 그리고.
그러나 (감탄사) 그렇느냐.
그러마꼬 (준말) 그리하겠다고.
그러모우다 (동사) 그러모으다.
그러묵다 (동사) 그러먹다.
그러붓다 (동사) 서운하게 쌓였던 감정을 한꺼번에 쏟아붓다.
그러비씨다 (동사) 쩍 벌리다.
그러비시다 (동사) ‘널어놓다’를 속되게 이르는 말. ¶ 옷을 온디 다 그러비시놓고 오디로 갔이꼬?(=옷을 온 데 다 널어놓고 어디를 갔을까?)
그러시 (감탄사) 글쎄.
그러옇다 (동사) 그러넣다.
그러침 (부사) 그만큼.
그러커럼/그러키/그리 (부사) 그렇게.
그런가배 (준말) 그런가 봐.
그런께 (부사) 그러니까.
그런께네 (부사) 그러니까. ¶ 가마이 있거라 야야. 그런께네 니는 징긴 돈이 없다 말이제?(=가만히 있거라, 얘야. 그러니까 너는 지닌 돈이 없다 말이지?)
그럼서 (준말) 그러면서. 그리 하면서.
그럼성 (준말) 그러면서.
그럼시로 (준말) 그렇게 하면서.
그렇겄재 (형용사) 그리하겠지. / 그렇겠지.
그렇재 (부사) 그렇지.
-그로 (어미) –게끔. ¶ 지 혼차 하거로 나 또라.(=제 혼자 하게끔 놓아 두어라.)
그륵 (명사) 그릇. 
그리 (부사) 그렇게.
그리쌈서[←그렇게 해 쌓면서] (준말) 그렇게 하면서. 그렇게 말하면서.
그리쌓는가[←그렇게 해 쌓는가] (준말) 그렇게 해 쌓는가. 그렇게 말해 쌓는가.
그리쌓다[←그렇게 해 쌓다] (준말) 그리하다. 그렇게 말하다.
그리하끼다[←그렇게 할 것이다] (준말) 그리 할 것이다.
그리해삤다[←그렇게 해 버렸다] (준말) 그렇게 해 버렸다.
그만때 (명사) 그맘때. 
그 무리 (관형사)+(명사) 그 무렵.
그문날/그뭄날 (명사) 그믐날 : 음력으로 그 달의 마지막 날.
그뭄 (명사) 그믐날.
그뭄달 (명사) 그믐달 : 음력으로 매월 마지막 날에 뜨는 달.
그뭇그뭇 (부사) 그득그득.
그빼이다 (관형사)+(명사)+(조사) 그것뿐이다.
그뿌이다 (관형사)+(명사)+(조사) 그뿐이다.
그시럼/끄시럼 (명사) 그을음.
그아래 (명사) 그끄저께.
그연중에 (부사) 그런 가운데. 그런 중에.
그자: (감탄사) ‘그렇지’ 하며 다짐 또는 확인하는 말. ¶ 글ㅎ다 그자.
그자아 (명사)+(조사) 그즈음에 : 과거의 어느 때부터 어느 때까지의 무렵.
그저묵다 (동사) 거저먹다 : 힘을 들이지 아니하고 일을 해내거나 어떤 것을 차지하다.
그제/그렇제 (감탄사) 그렇지. 다짐 또는 확인하는 말. ¶ 맞제, 그제. / 내앨 노는 날이제, 그렇체.
-사 (조사) -야 : 강세보조사. ¶ 내사 모리겄다.(=내야 모르겠다.)",사투리,한국어,,2021-12-10 00:00:00,저작물양도계약서,진주시청,,,,제1유형,저작물,보호저작물,○,상업적이용가능,○,○,○,○,○,○,○,,2091-12-10 00:00:00,,
9,오디오,가이드/안내/정보,진주시청,진주시청,HOME > 진주소개 > 기본현황 > 진주 사투리 사전 > ㄱ,그지그지끼 ~ 까끔,"그지/그지끼 (명사) 그저께.
그질로 (부사) 그길로 : 1. 어떤 장소에 도착한 그 걸음으로. ¶ 집에 도착하자 그질로 고향으로 떠났다. 2. 어떤 일이 있은 다음 곧. ¶ 할매 세상 비리자 그질로 나쁜 친구들을 만나기 시작했다.
그짜/그쭈 (대명사)+(조사) 그쪽
그하분장 (부사) 그마저. 그조차. ¶ 그하분장 다 틀맀다.(=그마저 다 틀렸다.)
근 (대명사) ‘그건’의 (준말). ¶ 근 아인데.(=그건 아닌데.)
근가죽/근가지 (명사) 근처(近處) : 가까운 곳.
근거럽다 (형용사) 근지럽다.
근께 (부사) 그러니까.
근다꼬 (부사) 그런다고.
근이 백이다 (관용어) 인박히다 : ‘인이 박이다.’는 말인데, 여러 번 되풀이하여 습관이 아주 몸에 배인 것을 말함.
근질다 (동사) 긁다.
근치다 (동사) 그치다.
긁어묵다/끍어묵다 (동사) 긁어먹다.
글 (부사) 그렇게. ¶ 글 쿠다(=그렇게 하다) / 와 글 쌓네(=왜 그렇게 해 쌓느냐?)
글나 (형용사) 그렇느냐. 
글나무 (명사) 그늘나무 : 집 근처나 길가에 있는 큰 나무. 가지가 많고 잎이 무성하여 그 그늘 밑에서 사람들이 모여 놀거나 쉰다.
글마 (대명사)+(명사) ‘그 놈의 아이’의 (준말). ‘그 아이’, ‘그 사람’, ‘그 녀석’을 낮추어 이르는 말.
글빨 (명사) 끗발 : 노름 따위에서, 좋은 끗수가 잇따라 나오는 기세. 아주 당당한 권세나 기세.
글채 (감탄사) 그렇지. 그렇지 않니.
글침 (부사) 그처럼.
글 캐 (준말) 1. 그렇게 말했어. ¶ 내가 머 아나. 영희가 글캐. 2. 그렇게 말하더냐? ¶ 누가 글캐?
글 쿠다(←그렇게 후(←하)다)  1. 그렇게 하다. ¶ 니 글 쿠끼가?(=너 그렇게 할 거냐?) 2. 그렇게 말하다. ¶ 니 글 쿠이 내 글 쿠지.(=너가 그렇게 말하니 나도 그렇게 말하지.)
글키(←그렇+기(←게)) (부사) 그렇게. 
글키나(←그렇+기(←게)나) (부사) 그렇게나.
글ㅎ다 (형용사) 그렇다. 
글터나(←그렇더나) (형용사) 그렇더냐.
금상 (부사) 금방.
금싸레이 (명사) 금싸라기.
기 (명사) 귀.
기가 예리다  귀가 여리다 : 남의 말을 쉽게 받아들이다.
기겅/기영/기잉 (명사) 구경.
기겅꾼 (명사) 구경꾼.
기겅하다 (동사) 구경하다.
기게독/기게똥 (명사) 기계총 : 머리 밑에 피부 사상균이 침입하여 일어나는 피부병.
기꾸녕 (명사) 귓구멍.
-기나 (어미) -거나. ¶ 가기나 말기나.
기념하다 (동사) 넋두리하다. 되뇌다. 푸념하다.
기:다 (형용사) 맞다. 그렇다. ¶ 기:가 아이가(=맞느냐 틀리느냐) / 기:다 아이가(=맞지 않느냐, 기다(=맞다)라는 말의 의문반어)
기더리 (명사) 구더기.
기덕시럽다 (형용사) 귀염성스럽다.
기도망도 없다 (관용어) 깜깜 무소식이다.
기땅머리 (명사) 귀밑머리.
기때이/기티 (명사) 귀때기 : ‘귀’를 속되게 이르는 말. ¶ 아야, 나라. 기때이 떨어지겄다.(=아야, 놓아라. 귀때기 떨어지겠다.)
기또래미 (명사) 귀뚜라미.

기똥배기/기똥배이 (명사) 귀퉁배기. 귀싸대기 : 귀와 뺨의 어름을 낮잡아 이르는 말. 
기뜸 (명사) 귀띔. : 상대편이 눈치로 알아차릴 수 있도록 미리 슬그머니 일깨워 줌. 
기라(←기(←것+이)+라) (명사)+(조사)
거야 ¶ 머 하는 기고, 지금.(=뭐 하는 거고, 지금.) / 내앨쯤 올 기라.(=내일쯤 올 거야.) 
기럼/기림 (명사) 그림.
기럽다① (형용사) (활용 : 기립고, 기럽아서, 기럽지만, 기럽을, 기럽은) 그립다. 
기럽다② (형용사) 귀하다. ¶ 개똥이라도 없이먼 기럽다.
기럽잖다 (형용사) 부럽지 않다.
기름빼재이 (명사) 기름투성이.
-기리다 접미 -거리다. ¶ 두근기리다.(=두근거리다.) 우쭐기리다.(=우쭐거리다.)
기리다① (동사) 1. (그림을) 그리다. 2. (성냥을) 긋다. 3. (외상장부에) 긋다.
기리다② (동사) (코를) 골다.
기리다③ (동사) (칼로) 긋다. 
기맥히다 (형용사) 기막히다.
기먹재이 (명사) 귀머거리.
기멍물/기멩물 (명사) 개숫물. 음식 그릇을 씻는 물.
기목나무 (명사) 괴목(槐木). 회화나무. 느티나무. 
기물시럽다 (형용사) 귀물스럽다 : 귀중한 물건인 듯하다.
기보리 (명사) 귀리. 볏과의 한해 또는 두해살이풀.
기볼개 (명사) 귀밝이.
기볽이술 (명사) 귀밝이술 : 음력 정월 대보름날 아침에 마시는 술. 이 날 아침에 데우지 않은 찬 술을 마시면 귀가 밝아지고 귓병이 생기지 않으며, 한 해 동안 좋은 소식을 듣게 된다고 한다.
기불알 (명사) 귓불.
기비 (명사) 호주머니.
기빠진날 (명사) ‘출생한 날’을 속되게 이르는 말.
기빱 (명사) 귓밥. 귓불.
기빵매이 (명사) 귀퉁머리 : ‘귀퉁이’를 낮잡아 이르는 말.
기뿌다 (형용사) 기쁘다.
기속말 (명사) 귀엣말 : 남의 귀 가까이에 입을 대고 소곤거리는 말.
기스리 (명사) 기스락 : 기슭의 가장자리. 초가의 처마 끝.
기시다① (동사) (남을) 속이다. 
기시다② (동사) 계시다.
기심없다 (형용사) 속임없다.
기싸대이 (명사) 귀싸대기.
기쑤시개 (명사) 귀이개.
기씨꼬 (부사) 기어코.
기아내다 (동사) 게우다.
기애 (명사) 기와.
기앳장[--짱] (명사) 기왓장.
기앵물 (명사) 개숫물.
기얌 (명사) 고욤.
기얌나무 (명사) 고욤나무.
기양 (명사) 그냥.
기엉머리 (명사) 귀밑머리.
기엥이 (명사) 고양이.
기여/기여이 (부사) 기어이.
기역질 (명사) 구역질. 
기영 (명사) 구경.
기우 (명사) 거위.
기우다① (동사) 기울다.
기우다② (동사) 게우다.
기우하다 (동사) 금줄을 치다.
기융물 (명사) 개숫물.
기융물통 (명사) 개수통. 설거지통.
기이가다 (동사) 기어가다.
기저구/기주개/기주구/기주기 (명사) 기저귀.
기정떡 (명사) 증편 : 여름에 먹는 떡의 하나. 멥쌀가루를, 막걸리를 조금 탄 뜨거운 물로 묽게 반죽하여 더운 방에서 부풀려 밤, 대추, 잣 따위의 고명을 얹고 증편틀에 넣어 찐다.
기줌치 (명사) 귀주머니.
기중 (부사) 그 가운데 가장.
기지기 (명사) 기지개.
기짝 (명사) 궤(櫃).
기차도라 (준말) 가르쳐 달라.
기차주다 (동사) 가르쳐주다. 가리켜주다.
기창 (명사) 귀청. 귀지 : 귓구멍 속에 낀 때. ¶ 아이고 놀래라. 기창 떨어지겄다.(=아이고 놀라라. 귀청 떨어지겠다.)
기태이/기티 (부사) 구태여 : 일부러 애써.
기통배기/기통배이 (명사) 귀퉁배기. 귀싸대기.
기티이/기팅이 (명사) 귀퉁이. 구석.
기후개/기후비/기후지 (명사) 귀이개. 
기히비개/기히지개 (명사) 귀이개. ¶ 기히비개 오딨더노?(=귀이개 어디 있더냐?)
긴상싶다(←그것인+상+싶다) (준말) 그것인 것 같다. 맞는 것 같다. ¶ 이기 니가 말하는 거 맞나? 긴상싶은 데.
긴피 (명사) 기미. 낌새. 기색.
긴피채다 (동사) 낌새채다.
길이다 (동사) (코를) 곯다.
깃구녕 (명사) 귓구멍.
깃밥① (명사) 귓불. 귓밥 : 귓바퀴의 아래쪽에 붙어 있는 살. 
깃밥② (명사) 귀지. ¶ 기가 와 이리 건지럽노. 깃밥을 좀 빼 보까?(=귀가 왜 이렇게 가렵지. 귀지를 좀 빼 볼까?)
깅기다 (동사) 굶기다.
-(으)까 (어미) –(으)ㄹ까 : ‘예, 아니오’의 답을 요하는 판정의문형(어미). ¶ 집에 가까? / 순이 지금 집에 있으까?
까깝다 (형용사) 갑갑하다.
까깝하다 (형용사) 갑갑하다.

까꾸레이 (명사) 갈고랑이 : 끝이 뾰족하고 꼬부라진 물건. 물건을 걸고 끌어당기는 데 쓴다. 
까꾸리/까쿠리 (명사) 갈퀴.
까꾸리질 (명사) 갈퀴질 : 마른 잎이나 지푸라기 따위를 갈퀴로 긁어모으는 일.
까꾸막/까쿠막 (명사) 가풀막 : 몹시 가파르게 비탈진 곳. 
까꿀로 (부사) 거꾸로.
까끄랍다 (형용사) 깔끄럽다.
까끄레이 (명사) 까끄라기.
까끔 (명사) 멧갓 : 나무를 함부로 베지 못하게 가꾸는 산. 산판(山坂).",2021-12-10 00:00:00,130,미부착,제1유형,무,,그지그지끼 ~ 까끔,,어문,음성,"그지/그지끼 (명사) 그저께.
그질로 (부사) 그길로 : 1. 어떤 장소에 도착한 그 걸음으로. ¶ 집에 도착하자 그질로 고향으로 떠났다. 2. 어떤 일이 있은 다음 곧. ¶ 할매 세상 비리자 그질로 나쁜 친구들을 만나기 시작했다.
그짜/그쭈 (대명사)+(조사) 그쪽
그하분장 (부사) 그마저. 그조차. ¶ 그하분장 다 틀맀다.(=그마저 다 틀렸다.)
근 (대명사) ‘그건’의 (준말). ¶ 근 아인데.(=그건 아닌데.)
근가죽/근가지 (명사) 근처(近處) : 가까운 곳.
근거럽다 (형용사) 근지럽다.
근께 (부사) 그러니까.
근다꼬 (부사) 그런다고.
근이 백이다 (관용어) 인박히다 : ‘인이 박이다.’는 말인데, 여러 번 되풀이하여 습관이 아주 몸에 배인 것을 말함.
근질다 (동사) 긁다.
근치다 (동사) 그치다.
긁어묵다/끍어묵다 (동사) 긁어먹다.
글 (부사) 그렇게. ¶ 글 쿠다(=그렇게 하다) / 와 글 쌓네(=왜 그렇게 해 쌓느냐?)
글나 (형용사) 그렇느냐. 
글나무 (명사) 그늘나무 : 집 근처나 길가에 있는 큰 나무. 가지가 많고 잎이 무성하여 그 그늘 밑에서 사람들이 모여 놀거나 쉰다.
글마 (대명사)+(명사) ‘그 놈의 아이’의 (준말). ‘그 아이’, ‘그 사람’, ‘그 녀석’을 낮추어 이르는 말.
글빨 (명사) 끗발 : 노름 따위에서, 좋은 끗수가 잇따라 나오는 기세. 아주 당당한 권세나 기세.
글채 (감탄사) 그렇지. 그렇지 않니.
글침 (부사) 그처럼.
글 캐 (준말) 1. 그렇게 말했어. ¶ 내가 머 아나. 영희가 글캐. 2. 그렇게 말하더냐? ¶ 누가 글캐?
글 쿠다(←그렇게 후(←하)다)  1. 그렇게 하다. ¶ 니 글 쿠끼가?(=너 그렇게 할 거냐?) 2. 그렇게 말하다. ¶ 니 글 쿠이 내 글 쿠지.(=너가 그렇게 말하니 나도 그렇게 말하지.)
글키(←그렇+기(←게)) (부사) 그렇게. 
글키나(←그렇+기(←게)나) (부사) 그렇게나.
글ㅎ다 (형용사) 그렇다. 
글터나(←그렇더나) (형용사) 그렇더냐.
금상 (부사) 금방.
금싸레이 (명사) 금싸라기.
기 (명사) 귀.
기가 예리다  귀가 여리다 : 남의 말을 쉽게 받아들이다.
기겅/기영/기잉 (명사) 구경.
기겅꾼 (명사) 구경꾼.
기겅하다 (동사) 구경하다.
기게독/기게똥 (명사) 기계총 : 머리 밑에 피부 사상균이 침입하여 일어나는 피부병.
기꾸녕 (명사) 귓구멍.
-기나 (어미) -거나. ¶ 가기나 말기나.
기념하다 (동사) 넋두리하다. 되뇌다. 푸념하다.
기:다 (형용사) 맞다. 그렇다. ¶ 기:가 아이가(=맞느냐 틀리느냐) / 기:다 아이가(=맞지 않느냐, 기다(=맞다)라는 말의 의문반어)
기더리 (명사) 구더기.
기덕시럽다 (형용사) 귀염성스럽다.
기도망도 없다 (관용어) 깜깜 무소식이다.
기땅머리 (명사) 귀밑머리.
기때이/기티 (명사) 귀때기 : ‘귀’를 속되게 이르는 말. ¶ 아야, 나라. 기때이 떨어지겄다.(=아야, 놓아라. 귀때기 떨어지겠다.)
기또래미 (명사) 귀뚜라미.

기똥배기/기똥배이 (명사) 귀퉁배기. 귀싸대기 : 귀와 뺨의 어름을 낮잡아 이르는 말. 
기뜸 (명사) 귀띔. : 상대편이 눈치로 알아차릴 수 있도록 미리 슬그머니 일깨워 줌. 
기라(←기(←것+이)+라) (명사)+(조사)
거야 ¶ 머 하는 기고, 지금.(=뭐 하는 거고, 지금.) / 내앨쯤 올 기라.(=내일쯤 올 거야.) 
기럼/기림 (명사) 그림.
기럽다① (형용사) (활용 : 기립고, 기럽아서, 기럽지만, 기럽을, 기럽은) 그립다. 
기럽다② (형용사) 귀하다. ¶ 개똥이라도 없이먼 기럽다.
기럽잖다 (형용사) 부럽지 않다.
기름빼재이 (명사) 기름투성이.
-기리다 접미 -거리다. ¶ 두근기리다.(=두근거리다.) 우쭐기리다.(=우쭐거리다.)
기리다① (동사) 1. (그림을) 그리다. 2. (성냥을) 긋다. 3. (외상장부에) 긋다.
기리다② (동사) (코를) 골다.
기리다③ (동사) (칼로) 긋다. 
기맥히다 (형용사) 기막히다.
기먹재이 (명사) 귀머거리.
기멍물/기멩물 (명사) 개숫물. 음식 그릇을 씻는 물.
기목나무 (명사) 괴목(槐木). 회화나무. 느티나무. 
기물시럽다 (형용사) 귀물스럽다 : 귀중한 물건인 듯하다.
기보리 (명사) 귀리. 볏과의 한해 또는 두해살이풀.
기볼개 (명사) 귀밝이.
기볽이술 (명사) 귀밝이술 : 음력 정월 대보름날 아침에 마시는 술. 이 날 아침에 데우지 않은 찬 술을 마시면 귀가 밝아지고 귓병이 생기지 않으며, 한 해 동안 좋은 소식을 듣게 된다고 한다.
기불알 (명사) 귓불.
기비 (명사) 호주머니.
기빠진날 (명사) ‘출생한 날’을 속되게 이르는 말.
기빱 (명사) 귓밥. 귓불.
기빵매이 (명사) 귀퉁머리 : ‘귀퉁이’를 낮잡아 이르는 말.
기뿌다 (형용사) 기쁘다.
기속말 (명사) 귀엣말 : 남의 귀 가까이에 입을 대고 소곤거리는 말.
기스리 (명사) 기스락 : 기슭의 가장자리. 초가의 처마 끝.
기시다① (동사) (남을) 속이다. 
기시다② (동사) 계시다.
기심없다 (형용사) 속임없다.
기싸대이 (명사) 귀싸대기.
기쑤시개 (명사) 귀이개.
기씨꼬 (부사) 기어코.
기아내다 (동사) 게우다.
기애 (명사) 기와.
기앳장[--짱] (명사) 기왓장.
기앵물 (명사) 개숫물.
기얌 (명사) 고욤.
기얌나무 (명사) 고욤나무.
기양 (명사) 그냥.
기엉머리 (명사) 귀밑머리.
기엥이 (명사) 고양이.
기여/기여이 (부사) 기어이.
기역질 (명사) 구역질. 
기영 (명사) 구경.
기우 (명사) 거위.
기우다① (동사) 기울다.
기우다② (동사) 게우다.
기우하다 (동사) 금줄을 치다.
기융물 (명사) 개숫물.
기융물통 (명사) 개수통. 설거지통.
기이가다 (동사) 기어가다.
기저구/기주개/기주구/기주기 (명사) 기저귀.
기정떡 (명사) 증편 : 여름에 먹는 떡의 하나. 멥쌀가루를, 막걸리를 조금 탄 뜨거운 물로 묽게 반죽하여 더운 방에서 부풀려 밤, 대추, 잣 따위의 고명을 얹고 증편틀에 넣어 찐다.
기줌치 (명사) 귀주머니.
기중 (부사) 그 가운데 가장.
기지기 (명사) 기지개.
기짝 (명사) 궤(櫃).
기차도라 (준말) 가르쳐 달라.
기차주다 (동사) 가르쳐주다. 가리켜주다.
기창 (명사) 귀청. 귀지 : 귓구멍 속에 낀 때. ¶ 아이고 놀래라. 기창 떨어지겄다.(=아이고 놀라라. 귀청 떨어지겠다.)
기태이/기티 (부사) 구태여 : 일부러 애써.
기통배기/기통배이 (명사) 귀퉁배기. 귀싸대기.
기티이/기팅이 (명사) 귀퉁이. 구석.
기후개/기후비/기후지 (명사) 귀이개. 
기히비개/기히지개 (명사) 귀이개. ¶ 기히비개 오딨더노?(=귀이개 어디 있더냐?)
긴상싶다(←그것인+상+싶다) (준말) 그것인 것 같다. 맞는 것 같다. ¶ 이기 니가 말하는 거 맞나? 긴상싶은 데.
긴피 (명사) 기미. 낌새. 기색.
긴피채다 (동사) 낌새채다.
길이다 (동사) (코를) 곯다.
깃구녕 (명사) 귓구멍.
깃밥① (명사) 귓불. 귓밥 : 귓바퀴의 아래쪽에 붙어 있는 살. 
깃밥② (명사) 귀지. ¶ 기가 와 이리 건지럽노. 깃밥을 좀 빼 보까?(=귀가 왜 이렇게 가렵지. 귀지를 좀 빼 볼까?)
깅기다 (동사) 굶기다.
-(으)까 (어미) –(으)ㄹ까 : ‘예, 아니오’의 답을 요하는 판정의문형(어미). ¶ 집에 가까? / 순이 지금 집에 있으까?
까깝다 (형용사) 갑갑하다.
까깝하다 (형용사) 갑갑하다.

까꾸레이 (명사) 갈고랑이 : 끝이 뾰족하고 꼬부라진 물건. 물건을 걸고 끌어당기는 데 쓴다. 
까꾸리/까쿠리 (명사) 갈퀴.
까꾸리질 (명사) 갈퀴질 : 마른 잎이나 지푸라기 따위를 갈퀴로 긁어모으는 일.
까꾸막/까쿠막 (명사) 가풀막 : 몹시 가파르게 비탈진 곳. 
까꿀로 (부사) 거꾸로.
까끄랍다 (형용사) 깔끄럽다.
까끄레이 (명사) 까끄라기.
까끔 (명사) 멧갓 : 나무를 함부로 베지 못하게 가꾸는 산. 산판(山坂).",사투리,한국어,,2021-12-10 00:00:00,저작물양도계약서,진주시청,,,,제1유형,저작물,보호저작물,○,상업적이용가능,○,○,○,○,○,○,○,,2091-12-10 00:00:00,,
10,오디오,가이드/안내/정보,진주시청,진주시청,HOME > 진주소개 > 기본현황 > 진주 사투리 사전 > ㄱ,까다① ~  깨꼬롬하다,"까다① (동사) (새끼를) 꼬다.
까다② (동사) (속되게) 치장(治粧)하다.
까닥내다 (동사) 결판내다.
까달베이다 (동사) 까불거리다. 까들막거리다.
까달시럽다 (형용사) 까다롭다.
까대이 (명사) 까대기 : 벽이나 담 따위에 임시로 덧붙여 만든 허술한 건조물.
까들까들 (부사) 거덕거덕. 꺼덕꺼덕 : 물기가 거의 말라 가는 모양.
까디비시다 (동사) 까뒤집다.

까딱그랬이몬 (부사) 하마터면.
까딱없다 (형용사) 끄떡없다.
까딱질/깔딱질 (명사) 딸꾹질.
까딱하몬 (부사) 자칫하면.
까딱했이몬 (부사) 하마터면.
까라문때다 (동사) 깔아뭉개다. 깔아문지르다.
까라앉다 (동사) 가라앉다.
까락지 (동사) 가락지. 반지.
까리다① (동사) 까다 : (속되게) 행동 없이 말만 앞세워 입을 놀리다.
까리다② (동사) 까다 : 알을 품어 새끼가 껍질을 깨고 나오게 하다.
까리다③ (동사) 나뭇가지 따위를 치다.
까리방상하다 (형용사) 비스름하다. 비슷하다. ¶ 둘 다 까리방상한데 누가 이기겄노?(=둘다 비슷한데 누가 이기겠느냐?)
까리비다① (동사) 까발리다 : 남의 흠결이나 비밀 따위를 속속들이 들추어내다.
까리비다② (동사) 할퀴다 : 손톱이나 날카로운 물건으로 긁어 상처를 내다. 
까마구/까마기/까마우 (명사) 까마귀.
까마이 (부사) 까맣게.
까마끼 (명사) 주근깨.
까막소 (명사) 감옥(監獄).
까맣거로 (부사) 까맣게.
까막딱지/까목딱지/까무딱지 (명사) 주근깨.
까무시리하다 (형용사) 거무스레하다.
까무치다 (동사) 까무러치다.
까묵다 (동사) 까먹다 : 1. (돈 따위를) 써 버리다. ¶ 있는 재산 다 까묵고 인자 머 가지고 살꼬? 2. 잊어버리다. ¶ 숙제를 까무우서 큰일이다.
까문깨/까문끼/까문딱지 (명사) 주근깨.
까문태다 (동사) 까뭉개다. 깔아뭉개다. 지우다.

까물씨다 (동사) 까무러치다.
까물티다 (동사) 까무느다 : 높은 데를 파서 깎아 내리다.
까바라지다 (동사) 까부라지다.
까바지다 (동사) 까부라지다. 줄어지다.
까발기다 (동사) 까발리다.
까배이 (명사) 꽈배기.
까부리다 (동사) 까불다.
까불랑기리다 (동사) 까불거리다.
까빡 (부사) 깜박. 깜빡.
까빡하다 (동사) 깜박하다. 깜빡하다.
까뿍 (부사) 가뜩.
까시① (명사) 가시.
까시② (명사) 티. ¶ 눈에 까시가 들어가 눈물이 난다.
까시래기/까시래이 (명사) 가시랭이. 거스러미.
까시재이/까이재이 (명사) 가시덩쿨.
까실까실 (부사) 까슬까슬.

까이꺼 (명사) 까짓것 : 별것 아닌 것.
까이다① (동사) 까지다 : 껍질 따위가 벗겨지다.
까이다② (동사) 꼬이다. ¶ 새꾸가 잘 안 까이모 손바닥에 춤을 좀밭아 가 까모 잘 까인다.
까자 (명사) 과자.
까잡다 (동사) 까집다 : 거죽을 까서 속에 있는 것이 드러나게 하다.
까재 (명사) 가재 : 가잿과의 하나. 
까재미 (명사) 가자미.
까죽 (명사) 가죽.
까죽신 (명사) 갖신.
까지 (명사) 가지 : 가짓과의 한해살이풀, 또는 그 열매. 
까지나물 (명사) 가지나물 : 가지로 만든 나물.
까지메이 (명사) 가자미.
까지우구리 (명사) 가지말랭이.
까진거/까짓거 (명사) 까짓것 : 별것 아닌 것.
까치 (명사) 개비 : 가늘게 쪼갠 나무토막이나 기름한 토막의 낱개. ¶ 성냥까치.(=성냥개비)
까탈시럽다 (형용사) 까다롭다.
까풀다 (형용사) 가파르다.
깍 (부사) 꽉 ¶ 논에 물이 깍 찼다. / 길이 깍 막힜다.
깍금 (명사) 멧갓. 말림갓 : 나무를 함부로 베지 못하게 가꾸는 산. 
깍단지 (명사) 각단 : 일의 갈피와 실마리 ¶ 일을 우찌 시작해야 할지 깍단지 막막하다.
깍데이① (명사) 깍지 : 콩 따위의 꼬투리에서 알맹이를 꺼낸 껍질.
깍데이②/깍디이 (명사) 깍두기.
깍재이 (명사) 깍쟁이.
깍짐 (명사) 팔짱. ¶ 깍짐 찐다.(=팔짱 낀다)
깐닥깐닥 (부사) 천천히. ¶ 깐닥깐닥 걸어간다.(=천천히 걸어간다.)
깐보다 (동사) 깔보다.
깐치 (명사) 까치.

깐치독새 (명사) 까치독사(毒蛇). 살무사.
깐치밥 (명사) 까치밥 : 까치 따위의 날짐승이 먹으라고 따지 않고 몇 개 남겨두는 감.
깔 (명사) 갈대.
깔가마구 (명사) 갈까마귀.
깔때 (명사) 갈대.
깔깔하다 (형용사) 풀기가 세어 빳빳하고 깨끗하다.
깔꼬레이 (명사) 갈고랑이.
깔끈작깔끈작 (부사) 깐작깐작.
깔따구 (명사) 각다귀.

깔딱요구 (명사) 시장기를 면할 정도의 가벼운 요기.
깔딱질 (명사) 딸꾹질.
깔롱지이다 (동사) 멋부리다.
깔리다① (동사) 깔기다. ¶ 새가 똥을 깔리고 날아갔다.(=새가 똥을 깔기고 날아갔다.)
깔리다② (동사) 수다스럽게 말을 많이 늘어놓다.
깔밭 (명사) 갈대밭.
깔보 (명사) 갈보 : 남자들에게 몸을 파는 여자를 속되게 이르는 말.
깔비 (명사) 솔가리 : 말라서 땅에 떨어져 쌓인 솔잎.
깔아문때다 (동사) 깔아뭉개다.
깔안다 (동사) 가라앉다.
깔짝기리다 (동사) 갉작거리다. 깔짝거리다
깔치 (명사) 갈치.
깔쿠리 (명사) 갈퀴.
깜 (명사) 감 : 일정한 자격이나 조건을 갖춤. 또는 그런 사람.
깜다① (형용사) 검다.
깜다② (동사) 감다 : 눈꺼풀을 내려 눈동자를 덮다.
깜다③ (동사) 감다 : 머리나 몸을 물로 씻다.
깜디 (명사) 깜둥이.
깜/깜목 (명사) 감 : (일부 명사 뒤에 붙어) 자격을 갖춘 사람의 뜻을 나타내는 말. ¶ 조선은 깜도 안 대는 낙하산 인사들이 감히 할개치는 나라는 아잉기라. 
깜비이/깜베기/깜비기 (명사) 깜부기.
깜상 (명사) 얼굴이 검은 사람을 비유적으로 이르는 말.
깜잭이다 (동사) (눈을) 깜작이다.
깜하다① (형용사) 까맣다.
깜하다② (형용사) 까마득하다.
깝데이/깝디이 (명사) 깝대기 : 달걀이나 조개 따위의 겉을 싸고 있는 단단한 물질. ‘껍데기’보다 작은 느낌을 준다. ¶ 술 묵고 돈 안 내모 깝데이 벳기라.(=술 먹고 돈 안 내면 껍데기(겉옷)를 벗겨라.)
깝치다 (동사) 재촉하다.
깡기다① (동사) (눈이) 감기다.
깡↑기다② (동사) (머리를) 감기다.
깡살지다 (동사) 앙살부리다. 앙살피우다.
깡새 (명사) 강샘 : 부부 사이나 사랑하는 이성(異性) 사이에서 상대되는 이성이 다른 이성을 좋아할 경우에 지나치게 시기함.
깡술 (명사) 강술 : 안주 없이 마시는 술.
깡아리 (명사) 고집. ¶ 그 사람 보기보다 깡아리 시데이.
깡아리/깡테이 (명사) 고갱이. 심. 옹이. ¶ 수시깡아리.
깡짜 (명사) 강짜 : ‘강샘’을 속되게 이르는 말.
깨 (명사) 점괘(占卦). 
깨를 빼다 점(占)을 보다. 신수를 보다.
깨고랑 (명사) 개울. 도랑.
깨고리/깨구리 (명사) 개구리.
깨곰 (명사) 개암 : 개암나무의 열매
깨곰하다 (형용사) 개운하다.
깨금① (명사) 개암 : 개암나무 열매
깨금② (명사) 앙감질 : 한 발을 들고 한 발로만 뛰는 짓
깨금나무 (명사) 개암나무.
깨금뛰다 (동사) 앙감질하다.
깨금받다 (형용사) 깔끔하다. 깨끗하다.
깨금쫓다 (동사) 앙감질하다.
깨깡시럽다 (형용사) 새삼스럽다.
깨꼬롬하다 (형용사) 께끄름하다.",2021-12-10 00:00:00,133,미부착,제1유형,무,,까다① ~  깨꼬롬하다,,어문,음성,"까다① (동사) (새끼를) 꼬다.
까다② (동사) (속되게) 치장(治粧)하다.
까닥내다 (동사) 결판내다.
까달베이다 (동사) 까불거리다. 까들막거리다.
까달시럽다 (형용사) 까다롭다.
까대이 (명사) 까대기 : 벽이나 담 따위에 임시로 덧붙여 만든 허술한 건조물.
까들까들 (부사) 거덕거덕. 꺼덕꺼덕 : 물기가 거의 말라 가는 모양.
까디비시다 (동사) 까뒤집다.

까딱그랬이몬 (부사) 하마터면.
까딱없다 (형용사) 끄떡없다.
까딱질/깔딱질 (명사) 딸꾹질.
까딱하몬 (부사) 자칫하면.
까딱했이몬 (부사) 하마터면.
까라문때다 (동사) 깔아뭉개다. 깔아문지르다.
까라앉다 (동사) 가라앉다.
까락지 (동사) 가락지. 반지.
까리다① (동사) 까다 : (속되게) 행동 없이 말만 앞세워 입을 놀리다.
까리다② (동사) 까다 : 알을 품어 새끼가 껍질을 깨고 나오게 하다.
까리다③ (동사) 나뭇가지 따위를 치다.
까리방상하다 (형용사) 비스름하다. 비슷하다. ¶ 둘 다 까리방상한데 누가 이기겄노?(=둘다 비슷한데 누가 이기겠느냐?)
까리비다① (동사) 까발리다 : 남의 흠결이나 비밀 따위를 속속들이 들추어내다.
까리비다② (동사) 할퀴다 : 손톱이나 날카로운 물건으로 긁어 상처를 내다. 
까마구/까마기/까마우 (명사) 까마귀.
까마이 (부사) 까맣게.
까마끼 (명사) 주근깨.
까막소 (명사) 감옥(監獄).
까맣거로 (부사) 까맣게.
까막딱지/까목딱지/까무딱지 (명사) 주근깨.
까무시리하다 (형용사) 거무스레하다.
까무치다 (동사) 까무러치다.
까묵다 (동사) 까먹다 : 1. (돈 따위를) 써 버리다. ¶ 있는 재산 다 까묵고 인자 머 가지고 살꼬? 2. 잊어버리다. ¶ 숙제를 까무우서 큰일이다.
까문깨/까문끼/까문딱지 (명사) 주근깨.
까문태다 (동사) 까뭉개다. 깔아뭉개다. 지우다.

까물씨다 (동사) 까무러치다.
까물티다 (동사) 까무느다 : 높은 데를 파서 깎아 내리다.
까바라지다 (동사) 까부라지다.
까바지다 (동사) 까부라지다. 줄어지다.
까발기다 (동사) 까발리다.
까배이 (명사) 꽈배기.
까부리다 (동사) 까불다.
까불랑기리다 (동사) 까불거리다.
까빡 (부사) 깜박. 깜빡.
까빡하다 (동사) 깜박하다. 깜빡하다.
까뿍 (부사) 가뜩.
까시① (명사) 가시.
까시② (명사) 티. ¶ 눈에 까시가 들어가 눈물이 난다.
까시래기/까시래이 (명사) 가시랭이. 거스러미.
까시재이/까이재이 (명사) 가시덩쿨.
까실까실 (부사) 까슬까슬.

까이꺼 (명사) 까짓것 : 별것 아닌 것.
까이다① (동사) 까지다 : 껍질 따위가 벗겨지다.
까이다② (동사) 꼬이다. ¶ 새꾸가 잘 안 까이모 손바닥에 춤을 좀밭아 가 까모 잘 까인다.
까자 (명사) 과자.
까잡다 (동사) 까집다 : 거죽을 까서 속에 있는 것이 드러나게 하다.
까재 (명사) 가재 : 가잿과의 하나. 
까재미 (명사) 가자미.
까죽 (명사) 가죽.
까죽신 (명사) 갖신.
까지 (명사) 가지 : 가짓과의 한해살이풀, 또는 그 열매. 
까지나물 (명사) 가지나물 : 가지로 만든 나물.
까지메이 (명사) 가자미.
까지우구리 (명사) 가지말랭이.
까진거/까짓거 (명사) 까짓것 : 별것 아닌 것.
까치 (명사) 개비 : 가늘게 쪼갠 나무토막이나 기름한 토막의 낱개. ¶ 성냥까치.(=성냥개비)
까탈시럽다 (형용사) 까다롭다.
까풀다 (형용사) 가파르다.
깍 (부사) 꽉 ¶ 논에 물이 깍 찼다. / 길이 깍 막힜다.
깍금 (명사) 멧갓. 말림갓 : 나무를 함부로 베지 못하게 가꾸는 산. 
깍단지 (명사) 각단 : 일의 갈피와 실마리 ¶ 일을 우찌 시작해야 할지 깍단지 막막하다.
깍데이① (명사) 깍지 : 콩 따위의 꼬투리에서 알맹이를 꺼낸 껍질.
깍데이②/깍디이 (명사) 깍두기.
깍재이 (명사) 깍쟁이.
깍짐 (명사) 팔짱. ¶ 깍짐 찐다.(=팔짱 낀다)
깐닥깐닥 (부사) 천천히. ¶ 깐닥깐닥 걸어간다.(=천천히 걸어간다.)
깐보다 (동사) 깔보다.
깐치 (명사) 까치.

깐치독새 (명사) 까치독사(毒蛇). 살무사.
깐치밥 (명사) 까치밥 : 까치 따위의 날짐승이 먹으라고 따지 않고 몇 개 남겨두는 감.
깔 (명사) 갈대.
깔가마구 (명사) 갈까마귀.
깔때 (명사) 갈대.
깔깔하다 (형용사) 풀기가 세어 빳빳하고 깨끗하다.
깔꼬레이 (명사) 갈고랑이.
깔끈작깔끈작 (부사) 깐작깐작.
깔따구 (명사) 각다귀.

깔딱요구 (명사) 시장기를 면할 정도의 가벼운 요기.
깔딱질 (명사) 딸꾹질.
깔롱지이다 (동사) 멋부리다.
깔리다① (동사) 깔기다. ¶ 새가 똥을 깔리고 날아갔다.(=새가 똥을 깔기고 날아갔다.)
깔리다② (동사) 수다스럽게 말을 많이 늘어놓다.
깔밭 (명사) 갈대밭.
깔보 (명사) 갈보 : 남자들에게 몸을 파는 여자를 속되게 이르는 말.
깔비 (명사) 솔가리 : 말라서 땅에 떨어져 쌓인 솔잎.
깔아문때다 (동사) 깔아뭉개다.
깔안다 (동사) 가라앉다.
깔짝기리다 (동사) 갉작거리다. 깔짝거리다
깔치 (명사) 갈치.
깔쿠리 (명사) 갈퀴.
깜 (명사) 감 : 일정한 자격이나 조건을 갖춤. 또는 그런 사람.
깜다① (형용사) 검다.
깜다② (동사) 감다 : 눈꺼풀을 내려 눈동자를 덮다.
깜다③ (동사) 감다 : 머리나 몸을 물로 씻다.
깜디 (명사) 깜둥이.
깜/깜목 (명사) 감 : (일부 명사 뒤에 붙어) 자격을 갖춘 사람의 뜻을 나타내는 말. ¶ 조선은 깜도 안 대는 낙하산 인사들이 감히 할개치는 나라는 아잉기라. 
깜비이/깜베기/깜비기 (명사) 깜부기.
깜상 (명사) 얼굴이 검은 사람을 비유적으로 이르는 말.
깜잭이다 (동사) (눈을) 깜작이다.
깜하다① (형용사) 까맣다.
깜하다② (형용사) 까마득하다.
깝데이/깝디이 (명사) 깝대기 : 달걀이나 조개 따위의 겉을 싸고 있는 단단한 물질. ‘껍데기’보다 작은 느낌을 준다. ¶ 술 묵고 돈 안 내모 깝데이 벳기라.(=술 먹고 돈 안 내면 껍데기(겉옷)를 벗겨라.)
깝치다 (동사) 재촉하다.
깡기다① (동사) (눈이) 감기다.
깡↑기다② (동사) (머리를) 감기다.
깡살지다 (동사) 앙살부리다. 앙살피우다.
깡새 (명사) 강샘 : 부부 사이나 사랑하는 이성(異性) 사이에서 상대되는 이성이 다른 이성을 좋아할 경우에 지나치게 시기함.
깡술 (명사) 강술 : 안주 없이 마시는 술.
깡아리 (명사) 고집. ¶ 그 사람 보기보다 깡아리 시데이.
깡아리/깡테이 (명사) 고갱이. 심. 옹이. ¶ 수시깡아리.
깡짜 (명사) 강짜 : ‘강샘’을 속되게 이르는 말.
깨 (명사) 점괘(占卦). 
깨를 빼다 점(占)을 보다. 신수를 보다.
깨고랑 (명사) 개울. 도랑.
깨고리/깨구리 (명사) 개구리.
깨곰 (명사) 개암 : 개암나무의 열매
깨곰하다 (형용사) 개운하다.
깨금① (명사) 개암 : 개암나무 열매
깨금② (명사) 앙감질 : 한 발을 들고 한 발로만 뛰는 짓
깨금나무 (명사) 개암나무.
깨금뛰다 (동사) 앙감질하다.
깨금받다 (형용사) 깔끔하다. 깨끗하다.
깨금쫓다 (동사) 앙감질하다.
깨깡시럽다 (형용사) 새삼스럽다.
깨꼬롬하다 (형용사) 께끄름하다.",사투리,한국어,,2021-12-10 00:00:00,저작물양도계약서,진주시청,,,,제1유형,저작물,보호저작물,○,상업적이용가능,○,○,○,○,○,○,○,,2091-12-10 00:00:00,,
11,오디오,가이드/안내/정보,진주시청,진주시청,HOME > 진주소개 > 기본현황 > 진주 사투리 사전 > ㄱ,깨꼭 ~ 께라지다,"깨꼭 (감탄사) 술래잡기에서 숨었던 아이가 잡히지 않고 무사히 제자리에 돌아오면서 술래를 놀릴 때 내는 소리.

깨끔받다 (형용사) 깔끔하다. 깨끗하다.
깨끼 (명사) 됫박 크기대로 담긴 곡식 정량.

깨놓다 (동사) 까놓다 : 마음 속의 비밀을 숨김없이 털어놓다.
깨둥구리 (명사) 그루터기. 등걸.
깨루ㆆ다 (동사) 끄르다. 열다.
깨리다① (동사) 까다 : (속되게) 행동 없이 말만 앞세워 입을 놀리다. ¶ 동네 아:들 모다놓고 허풍 잘 깨리고 있네.

깨리다② (동사) 식물의 무성한 가지나 잎을 자르거나 꺾고 따다.

깨리다③ (동사) 1. 벌레나 물고기 따위가 알을 깔기어 놓다. 2. ‘아이를 낳다’를 속되게 이르는 말.
깨목 (명사) 깻묵 : 기름을 짜고 남은 깨의 찌꺼기.
깨문태다 (동사) 까뭉개다. 깔아뭉개다.
깨미 (명사) 개미.

깨미가 코 기린다 (속담) ‘개미가 코를 골다’라는 말로 가뭄이 들어 바짝 마른 논바닥을 비유적으로 이르는 말.
깨반하다 (형용사) 개운하다. ¶ 자고나이께 머리가 깨반하네.
깨배다 (동사) 깨우다. ¶ 깨배가 뎃고 가라.(=깨워서 데리고 가거라.)
깨부다 (동사) 깨우다. ¶ 곤하게 자는 사람 깨부지 마라.(=곤하게 자는 사람 깨우지 마라.) 

깨분하다 (형용사) 깨운하다.
깨:삐다 (동사) 깨어버리다. 

깨빼다 (동사) 점을 보다. 신수를 보다.
깨소곰 (명사) 깨소금 : 볶은 참깨에 소금을 치고 빻아 만든 양념.
깨솜 (명사) 깨소금.
깨솜단지 열두 단지라도 서방님 비우를 몬 맞춘다 (속담) 성질이 괴까다로워 비위를 맞추기가 어려운 사람을 비유적으로 이르는 말.
깨솜단지 (명사) 깨소금단지.
깨씹다 (동사) 되씹다. ¶ 애놈한테 욕 얻어먹은 일을 깨씹고 깨씹었다. 
깨악질 (명사) 구역질.
깨약깨약 (부사) 깨죽깨죽 : 음식을 먹기 싫은 듯이 자꾸 되씹는 모양.
깨우뚱하다 (동사) 갸우뚱하다.

깨운ㅎ다 (형용사) 개운하다.
깨이 (명사) 괭이.
깨이다① (동사) (일이) 꼬이다.
깨이다② (동사) (병아리를) 까이다.
깨이다③ (동사) (무릎이) 까지다. ¶ 양쪽 무릎의 껍데기가 깨여 피가 흐르고 있었다.
깨조시다 (동사) 깨우치다.
깨조시하다 (동사) 깨우쳐주다.
깪이다 (동사) 깎이다. 
깻단 (명사) 볏단 : 벼를 베어 묶은 단.
깨빨죽도 아이다 (속담) 죽 그릇을 떨어뜨려 흩어져 턱도 없이 모자라다. 턱도 없다. 상대가 안 된다.
깽가리 (명사) 꽹과리.
깽기다① (동사) (눈이) 감기다.
깽기다② (동사) (머리를) 감기다.
깽매이 (명사) 꽹과리.
깽벤 (명사) 강변. 냇가.
깽새이/깽생이 (명사) 꽹과리.
깽이 (명사) 괭이.
깽이짜리 (명사) 괭이자루.
꺼껄하다 (형용사) 끄껄끄껄하다. ¶ 표면이 매우 거칠고 꺼껄하다.

꺼꾸리/꺼꿀로 (부사) 거꾸로.

꺼끄럽다 (형용사) 껄끄럽다 : 미끄럽지 못하고 꺼칠꺼칠하다. 
꺼끄레이 (명사) 까끄라기. 까라기.

꺼덜기리다 (동사) 꺼덕거리다. : 분수없이 잘난 체하며 매우 경망하게 자꾸 행동하다.
꺼떡기리다 (동사) 끄덕거리다 : 고개 따위를 아래위로 가볍게 자꾸 움직이다.
꺼떡지떡 (부사) 꺼떡꺼떡 : 분수없이 잘난 체하며 매우 경망하게 자꾸 행동하는 모양.
꺼떡하모 (부사) 걸핏하면.

꺼러매다 (동사) 꿰매다.
꺼리미 (명사) 꾸러미.
-(으)꺼마/-(으)꾸마 (어미) -(으)ㄹ게, -(으)마. ¶ 하꺼마, 잡으꺼마. / 내앨 가꺼마.(=내일 갈게, 내일 가마.)
꺼머이 (부사) 꺼멓게.
꺼멓거로 (부사) 꺼멓게.
꺼먼창/꺼문창 (명사) 검은자위 : 눈알의 검은 부위.
꺼무꾸룸하다 (형용사) 거무끄름하다.
꺼무치 (명사) 몫. ¶ 모두 자기 꺼무치 챙기 가라.(=모두 자기 몫을 챙겨 가거라.)
꺼무티티하다 (형용사) 거무튀튀하다.
꺼문깨 (명사) 주근깨.
꺼문창 (명사) 검은자위. 
꺼베이 (명사) 꺼벙이 : 성격이 야무지지 못하고 조금 모자란 듯한 사람을 낮잡아 이르는 말.
꺼부지기 (명사) 검부저기. 온갖 잡동사니.
꺼시럼 (명사) 그을음.
꺼시레이 (명사) 거스러미.
꺼실꺼실 (부사) 꺼슬꺼슬.
꺼실다 (동사) 그슬다.
꺼적/꺼지이 (명사) 거적.
꺼적때이 (명사) 거적때기.
꺼정/꺼지 (조사) 까지. ¶ 오올 청소 당번은 누구꺼정이고? / 그꺼지 가야 되나? 
꺼제이 (명사) 거적.
꺼주구리하다 (형용사) 꺼벙하다.
꺼주다/꺼줗다 (동사) 꺼뜨리다. ¶ 연탄불 안 꺼줗도록 조심해래이.
꺼죽데기 (명사) 거적때기.
꺼죽하다 (형용사) 꺼벙하다.
꺼지 (조사) 까지.
꺼추리하다① (형용사) 껄떡하다. : 1. 눈꺼풀이 힘없이 열려져 있고 눈알이 푹 들어가 있다. 2. 몹시 얼이 빠져 있다.
꺼추리하다② (형용사) 매우 추레하다.
꺼터리 (명사) 겉. 
꺼터리잡다 (형용사) 꼬투리잡다.
꺼풀① (명사) 표지.
꺼풀② (명사) 껍질.
꺽대 (명사) 꺽다리.
꺽더구 (명사) 꺽저기. 꺽지 : 꺽짓과의 민물고기.
꺽디이 (명사) 꺽저기. 꺽지.
껀디 (명사) 건더기.
껀지럽다 (형용사) 가렵다.
껄구티다 (동사) 거꾸러뜨리다.
껄끄레이/껄그렝이 (명사) 꺼끄러기.

껄떡기리다 (동사) 매우 먹고 싶어 안달하다.
껄떠구 (명사) 각다귀.
껄띠이 (명사) 껄떡이 : 음식이나 재물 따위에 욕심을 내는 사람.
껄띠이다 (동사) 껄떡이다. : 매우 먹고 싶거나 갖고 싶어 입맛을 다시거나 안달하다.
껄레이 (명사) 껄렁이 : 됨됨이나 하는 행동이 껄렁껄렁한 사람.
껄배이 (명사) 거지. 비렁뱅이.
껄쩍지근하다 (형용사) 꺼림칙하다.
껌구다 (동사) 검기다 : 검게 더럽히다
껌거로[-꺼-] (부사) 검게.
껌다① (형용사) 검다 : 숯이나 먹의 빛깔과 같이 어둡고 짙다. 
껌다② (동사) 검다 : 흩어진 물건을 손이나 갈퀴 따위로 긁어모으다.

껌디/껌딩이 (명사) 껌둥이. 흑인.
껌은창 (명사) 검은자위 : 눈알의 검은 부위.
껌정① (명사) 검정 : 검은 빛깔이나 물감.
껌정② (명사) 숯.
껌정③ (명사) 검댕 : 그을음이나 연기가 엉겨 생기는, 검은 물질.
껌정콩 (명사) 검정콩.
껌하다 (형용사) 검다 : 숯이나 먹의 빛깔과 같이 어둡고 짙다.
껌하이 (부사) 검게.
껍데이 (명사) 껍데기.
껍디기/껍디이① (명사) 껍데기.
껍디이② (명사) 은어로 ‘아버지’를 놀림조로 이르는 말.
껍벅껍벅 (부사) 끔벅끔벅.

껍죽기리다 (동사) 꺼불거리다.

껍지 (명사) 껍질.
께① (명사) 꾀. ¶ 니 지금 께 부리는 기제?
께② (명사) 게. ¶ 오올 저녀어 께 한 마리 삶아 묵지.
께③ (부사) 꽤. ¶ 사람들이 께 마이 모있네.
-(으)께 (어미) -(으)ㄹ게 : (구어체로) 해할 자리에 쓰여, 어떤 행동에 대한 약속이나 의지를 나타내는 종결 (어미). ¶ 가께, 하께, 잡으께, 입으께. / 내앨은 꼭 가께.(=내일은 꼭 갈게). 추우모 입으께.(=추우면 입을게.)
께가 나다 꾀가 생기다.
께까더럽다 (형용사) 괴까다롭다 : 괴상하고 별스럽게 까다로운 데가 있다. ¶ 속이 좁고 성격이 께까더럽어 사사건건 트집을 잡는다. 
께꾸룸하다 (형용사) 께름칙하다. 꺼림칙하다.
께꿈하다 (형용사) 꺼림하다.
-(으)께네 (어미) -(으)니까 ¶ 가께네, 입으께네, 춥으께네. / 집에 갈라 쿠끼네 비가 오네.(=집에 가려고 하니까 비가 오네.) / 니가 그라이께네 가아도 따라 하지.(=너가 그렇게 하니까 그 애도 따라 하지.)
께다 (동사) 꿰다.
께또 (명사) 숨바꼭질.
께라지다 (동사) 열리다.",2021-12-10 00:00:00,129,미부착,제1유형,무,,깨꼭 ~ 께라지다,,어문,음성,"깨꼭 (감탄사) 술래잡기에서 숨었던 아이가 잡히지 않고 무사히 제자리에 돌아오면서 술래를 놀릴 때 내는 소리.

깨끔받다 (형용사) 깔끔하다. 깨끗하다.
깨끼 (명사) 됫박 크기대로 담긴 곡식 정량.

깨놓다 (동사) 까놓다 : 마음 속의 비밀을 숨김없이 털어놓다.
깨둥구리 (명사) 그루터기. 등걸.
깨루ㆆ다 (동사) 끄르다. 열다.
깨리다① (동사) 까다 : (속되게) 행동 없이 말만 앞세워 입을 놀리다. ¶ 동네 아:들 모다놓고 허풍 잘 깨리고 있네.

깨리다② (동사) 식물의 무성한 가지나 잎을 자르거나 꺾고 따다.

깨리다③ (동사) 1. 벌레나 물고기 따위가 알을 깔기어 놓다. 2. ‘아이를 낳다’를 속되게 이르는 말.
깨목 (명사) 깻묵 : 기름을 짜고 남은 깨의 찌꺼기.
깨문태다 (동사) 까뭉개다. 깔아뭉개다.
깨미 (명사) 개미.

깨미가 코 기린다 (속담) ‘개미가 코를 골다’라는 말로 가뭄이 들어 바짝 마른 논바닥을 비유적으로 이르는 말.
깨반하다 (형용사) 개운하다. ¶ 자고나이께 머리가 깨반하네.
깨배다 (동사) 깨우다. ¶ 깨배가 뎃고 가라.(=깨워서 데리고 가거라.)
깨부다 (동사) 깨우다. ¶ 곤하게 자는 사람 깨부지 마라.(=곤하게 자는 사람 깨우지 마라.) 

깨분하다 (형용사) 깨운하다.
깨:삐다 (동사) 깨어버리다. 

깨빼다 (동사) 점을 보다. 신수를 보다.
깨소곰 (명사) 깨소금 : 볶은 참깨에 소금을 치고 빻아 만든 양념.
깨솜 (명사) 깨소금.
깨솜단지 열두 단지라도 서방님 비우를 몬 맞춘다 (속담) 성질이 괴까다로워 비위를 맞추기가 어려운 사람을 비유적으로 이르는 말.
깨솜단지 (명사) 깨소금단지.
깨씹다 (동사) 되씹다. ¶ 애놈한테 욕 얻어먹은 일을 깨씹고 깨씹었다. 
깨악질 (명사) 구역질.
깨약깨약 (부사) 깨죽깨죽 : 음식을 먹기 싫은 듯이 자꾸 되씹는 모양.
깨우뚱하다 (동사) 갸우뚱하다.

깨운ㅎ다 (형용사) 개운하다.
깨이 (명사) 괭이.
깨이다① (동사) (일이) 꼬이다.
깨이다② (동사) (병아리를) 까이다.
깨이다③ (동사) (무릎이) 까지다. ¶ 양쪽 무릎의 껍데기가 깨여 피가 흐르고 있었다.
깨조시다 (동사) 깨우치다.
깨조시하다 (동사) 깨우쳐주다.
깪이다 (동사) 깎이다. 
깻단 (명사) 볏단 : 벼를 베어 묶은 단.
깨빨죽도 아이다 (속담) 죽 그릇을 떨어뜨려 흩어져 턱도 없이 모자라다. 턱도 없다. 상대가 안 된다.
깽가리 (명사) 꽹과리.
깽기다① (동사) (눈이) 감기다.
깽기다② (동사) (머리를) 감기다.
깽매이 (명사) 꽹과리.
깽벤 (명사) 강변. 냇가.
깽새이/깽생이 (명사) 꽹과리.
깽이 (명사) 괭이.
깽이짜리 (명사) 괭이자루.
꺼껄하다 (형용사) 끄껄끄껄하다. ¶ 표면이 매우 거칠고 꺼껄하다.

꺼꾸리/꺼꿀로 (부사) 거꾸로.

꺼끄럽다 (형용사) 껄끄럽다 : 미끄럽지 못하고 꺼칠꺼칠하다. 
꺼끄레이 (명사) 까끄라기. 까라기.

꺼덜기리다 (동사) 꺼덕거리다. : 분수없이 잘난 체하며 매우 경망하게 자꾸 행동하다.
꺼떡기리다 (동사) 끄덕거리다 : 고개 따위를 아래위로 가볍게 자꾸 움직이다.
꺼떡지떡 (부사) 꺼떡꺼떡 : 분수없이 잘난 체하며 매우 경망하게 자꾸 행동하는 모양.
꺼떡하모 (부사) 걸핏하면.

꺼러매다 (동사) 꿰매다.
꺼리미 (명사) 꾸러미.
-(으)꺼마/-(으)꾸마 (어미) -(으)ㄹ게, -(으)마. ¶ 하꺼마, 잡으꺼마. / 내앨 가꺼마.(=내일 갈게, 내일 가마.)
꺼머이 (부사) 꺼멓게.
꺼멓거로 (부사) 꺼멓게.
꺼먼창/꺼문창 (명사) 검은자위 : 눈알의 검은 부위.
꺼무꾸룸하다 (형용사) 거무끄름하다.
꺼무치 (명사) 몫. ¶ 모두 자기 꺼무치 챙기 가라.(=모두 자기 몫을 챙겨 가거라.)
꺼무티티하다 (형용사) 거무튀튀하다.
꺼문깨 (명사) 주근깨.
꺼문창 (명사) 검은자위. 
꺼베이 (명사) 꺼벙이 : 성격이 야무지지 못하고 조금 모자란 듯한 사람을 낮잡아 이르는 말.
꺼부지기 (명사) 검부저기. 온갖 잡동사니.
꺼시럼 (명사) 그을음.
꺼시레이 (명사) 거스러미.
꺼실꺼실 (부사) 꺼슬꺼슬.
꺼실다 (동사) 그슬다.
꺼적/꺼지이 (명사) 거적.
꺼적때이 (명사) 거적때기.
꺼정/꺼지 (조사) 까지. ¶ 오올 청소 당번은 누구꺼정이고? / 그꺼지 가야 되나? 
꺼제이 (명사) 거적.
꺼주구리하다 (형용사) 꺼벙하다.
꺼주다/꺼줗다 (동사) 꺼뜨리다. ¶ 연탄불 안 꺼줗도록 조심해래이.
꺼죽데기 (명사) 거적때기.
꺼죽하다 (형용사) 꺼벙하다.
꺼지 (조사) 까지.
꺼추리하다① (형용사) 껄떡하다. : 1. 눈꺼풀이 힘없이 열려져 있고 눈알이 푹 들어가 있다. 2. 몹시 얼이 빠져 있다.
꺼추리하다② (형용사) 매우 추레하다.
꺼터리 (명사) 겉. 
꺼터리잡다 (형용사) 꼬투리잡다.
꺼풀① (명사) 표지.
꺼풀② (명사) 껍질.
꺽대 (명사) 꺽다리.
꺽더구 (명사) 꺽저기. 꺽지 : 꺽짓과의 민물고기.
꺽디이 (명사) 꺽저기. 꺽지.
껀디 (명사) 건더기.
껀지럽다 (형용사) 가렵다.
껄구티다 (동사) 거꾸러뜨리다.
껄끄레이/껄그렝이 (명사) 꺼끄러기.

껄떡기리다 (동사) 매우 먹고 싶어 안달하다.
껄떠구 (명사) 각다귀.
껄띠이 (명사) 껄떡이 : 음식이나 재물 따위에 욕심을 내는 사람.
껄띠이다 (동사) 껄떡이다. : 매우 먹고 싶거나 갖고 싶어 입맛을 다시거나 안달하다.
껄레이 (명사) 껄렁이 : 됨됨이나 하는 행동이 껄렁껄렁한 사람.
껄배이 (명사) 거지. 비렁뱅이.
껄쩍지근하다 (형용사) 꺼림칙하다.
껌구다 (동사) 검기다 : 검게 더럽히다
껌거로[-꺼-] (부사) 검게.
껌다① (형용사) 검다 : 숯이나 먹의 빛깔과 같이 어둡고 짙다. 
껌다② (동사) 검다 : 흩어진 물건을 손이나 갈퀴 따위로 긁어모으다.

껌디/껌딩이 (명사) 껌둥이. 흑인.
껌은창 (명사) 검은자위 : 눈알의 검은 부위.
껌정① (명사) 검정 : 검은 빛깔이나 물감.
껌정② (명사) 숯.
껌정③ (명사) 검댕 : 그을음이나 연기가 엉겨 생기는, 검은 물질.
껌정콩 (명사) 검정콩.
껌하다 (형용사) 검다 : 숯이나 먹의 빛깔과 같이 어둡고 짙다.
껌하이 (부사) 검게.
껍데이 (명사) 껍데기.
껍디기/껍디이① (명사) 껍데기.
껍디이② (명사) 은어로 ‘아버지’를 놀림조로 이르는 말.
껍벅껍벅 (부사) 끔벅끔벅.

껍죽기리다 (동사) 꺼불거리다.

껍지 (명사) 껍질.
께① (명사) 꾀. ¶ 니 지금 께 부리는 기제?
께② (명사) 게. ¶ 오올 저녀어 께 한 마리 삶아 묵지.
께③ (부사) 꽤. ¶ 사람들이 께 마이 모있네.
-(으)께 (어미) -(으)ㄹ게 : (구어체로) 해할 자리에 쓰여, 어떤 행동에 대한 약속이나 의지를 나타내는 종결 (어미). ¶ 가께, 하께, 잡으께, 입으께. / 내앨은 꼭 가께.(=내일은 꼭 갈게). 추우모 입으께.(=추우면 입을게.)
께가 나다 꾀가 생기다.
께까더럽다 (형용사) 괴까다롭다 : 괴상하고 별스럽게 까다로운 데가 있다. ¶ 속이 좁고 성격이 께까더럽어 사사건건 트집을 잡는다. 
께꾸룸하다 (형용사) 께름칙하다. 꺼림칙하다.
께꿈하다 (형용사) 꺼림하다.
-(으)께네 (어미) -(으)니까 ¶ 가께네, 입으께네, 춥으께네. / 집에 갈라 쿠끼네 비가 오네.(=집에 가려고 하니까 비가 오네.) / 니가 그라이께네 가아도 따라 하지.(=너가 그렇게 하니까 그 애도 따라 하지.)
께다 (동사) 꿰다.
께또 (명사) 숨바꼭질.
께라지다 (동사) 열리다.",사투리,한국어,,2021-12-10 00:00:00,저작물양도계약서,진주시청,,,,제1유형,저작물,보호저작물,○,상업적이용가능,○,○,○,○,○,○,○,,2091-12-10 00:00:00,,
12,오디오,가이드/안내/정보,진주시청,진주시청,HOME > 진주소개 > 기본현황 > 진주 사투리 사전 > ㄱ,께루다 ~ 꼴짝,"께루다 (동사) 열다.
께룸하다 (형용사) 꺼림하다.
께리다① (동사) 꺼리다.
께리다② (동사) 나뭇가지 따위를 치다.
께매다/꾸매다/끼매다 (동사) 꿰매다.
께발 (명사) 깨끼발 : 한 발을 들고 한 발로 선 자세.
께방 (명사) 훼방.
께방놓다 (동사) 훼방놓다.
께배이 (명사) 꾀보 : 잔꾀가 많은 사람을 낮잡아 이르는말
께병 (명사) 꾀병.
께사리 (명사) 고사리.
께시레 (명사) 고수레 : 민간 신앙에서, 산이나 들에서 음식을 먹을 때나 무당이 굿을 할 때, 귀신에게 먼저 바친다는 뜻으로 음식을 조금 떼어 던지는 일.
께시리 (부사) 꾀스레.
께젓 (명사) 참게젓.
께재이 (명사) 꾀쟁이. 꾀보.
께엘 (명사) 게으름.
께엘받다 (형용사) 게으르다.
껠배이/겔뱅이 (명사) 게으름뱅이. ¶ 껠배이 짐 마이 진다 쿠더마 딱 그 짝이네.(=게으름뱅이 짐 많이 진다고 하더니 딱 거기에 해당되네.)
께엘배이/께엘뱅이 (명사) 게으름뱅이.
께엘지다 (동사) 게으름 부리다. 게으름 피우다.
께엘ㅎ다 (형용사) 게으르다.
께엘하다 (형용사) 게으르다.
-(으)꼬 (어미) –을까 : 의문사를 동반하여 설명을 요하는 설명의문형(어미). ¶ 머 잡으꼬? / 내앨은 등산 어디 가꼬? 
꼬 조사 인용 및 물음의 조사. -고. ¶ 간다꼬, 사겠느냐꼬, 오라꼬, 놀자꼬, 하꺼마꼬. / 그 사람 내앨 온다꼬? (했나?)(=그 사람 내일 온다고? (했느냐?)) / 이거 사겄느냐꼬? (물었나?)(=이것 사겠느냐고? (물었느냐?)) / 이틀 후에 오라꼬? (했나?)(=이틀 후에 오라고? (했느냐?)) / 할매하고 같이 놀자꼬? (했나?)(=할머니하고 같이 놀자고? (했느냐?)) / 나도 같이 하꺼마꼬 했다.(=나도 같이 하겠다고 했다.) 
껨지/낌지 (명사) 궤미 : 물건을 꿰는데 쓰는 끈이나 고챙이 따위. 또는 거기에 무엇을 꿴 것.
꼬개꼬개 (부사) 꼬깃꼬깃.
꼬개다 (동사) 구기다.
꼬깔 (명사) 고깔.
꼬감 (명사) 곶감.
꼬깝다 (형용사) 고깝다 : 섭섭하고 야속하여 마음이 언짢다.
꼬꼽하다 (형용사) 곱곱하다. 꼽꼽하다.
꼬꾸랑길 (명사) 고부랑길.

꼬꾸랑꼬꾸랑 (부사) 고부랑고부랑.
꼬꾸랑하다 (형용사) 고부랑하다.
꼬꾸랑할매 (명사) 고부랑할머니.
꼬꾸리다 (동사) 꾸부리다.
꼬꾸장하다 (형용사) 꼬부장하다.
꼬꿀시다 (동사) 꼬부리다.
꼬내다/꼬누다 (동사) 꼬느다. 겨누다. 겨냥하다.
꼬내꼬내 (감탄사) 죄암죄암.
꼬도밥 (명사) 고두밥 : 아주 되게 지어 고들고들한 밥.
꼬돌꼬돌 (부사) 고들고들. 꼬들꼬들.
꼬두라지다/꼬두러지다 (동사) 꼬꾸라지다.
꼬라보다 (동사) 꼬나보다.
꼬라지 (명사) 꼬락서니 : ‘꼴’을 낮잡아 이르는 말.
꼬랑 (명사) 도랑 : 매우 좁고 작은 개울.
꼬랑꼬랑하다 (형용사) 고로롱고로롱하다. 
꼬랑내 (명사) 고린내.
꼬랑데이/꼬랑테기/꼬랑테이 (명사) 꼬랑지 : ‘꽁지’를 낮잡아 이르는 말. ¶ 배미 꼬랑테이만큼 쪼매 주고 말 기가?(=뱀의 꼬리만큼 조금 주고 말 테냐?)
꼬랑물 (명사) 도랑물.
꼬랑창 (명사) 시궁창.
꼬레비 (명사) 꼴찌.
꼬레이 (명사) 꼬리.
꼬레이치다 (동사) 꼬리치다 : ‘유혹하다’를 속되게 이르는 말.
꼬록 (부사) 꼬르륵.
꼬록꼬록 (부사) 고롱고롱. 꼬르륵꼬르륵.
꼬록꼬록하다 (동사) 고롱고롱하다.
꼬롬하다 (형용사) 구릿하다 : 좀 구린 듯하다.
꼬리탑탑하다 (형용사) 고리탑탑하다.
꼬리하다 (형용사) 고린내가 나다.
꼬마디이/꼬마딩이 (명사) 꼬마둥이.
꼬매다 (동사) 꿰매다.
꼬무하다 (동사) (일을) 꼬물대듯 굼뜨게 하다.
꼬바리/꼴바리/꼴등배이 (명사) 꼴찌.
꼬부당꼬부당 (부사) 꼬부장꼬부장 : 여러 군데가 고부라져 있는 모양.
꼬부당하다 (형용사) 꼬부장하다.
꼬부랑글 (명사) ‘영어’를 비유적으로 이르는 말.
꼬부랑테이/꼬부랑텡이 (명사) 허리가 굽은 노인을 낮잡아 이르는 말.
꼬불시다 (동사) 1. 꼬부리다. 2. ‘몰래 감추다.’를 속되게 이르는 말. ¶ 갯주무이에 꼬불시 여라.
꼬빡 (명사) 꼬박.
꼬빼이 (명사) 고삐 : 말이나 소를 몰거나 부리려고 재갈이나 코뚜레, 굴레에 잡아매는 줄.
꼬사리 (명사) 고사리.
꼬소롬하다 (형용사) 고소한 냄새가 나다. 고소한 맛이 나다.
꼬솜하다 (동사) 고소한 듯하다.
꼬시다 (동사) 고소하다.
꼬시랑머리 (명사) 고수머리, 곱슬머리.

꼬시랑재이 (명사) 곱슬머리 가진 사람을 낮잡아 이르는 말.
꼬시레이 (명사) 짱뚱어.
꼬신내 (명사) 고소한 냄새.
꼬실꼬실 (부사) 고슬고슬.
꼬실꼬실하다 (형용사) 곱슬곱슬하다.
꼬실다① (동사) 그슬다.
꼬실다② (동사) 꼬드기다.
꼬우다 (동사) 꾀다 : 그럴듯한 말이나 행동으로 남을 속이거나 부추겨서 자기 생각대로 끌다.
꼬이다 (동사) 꾀이다.
꼬이장/꼬장 (명사) 고추장.
꼬잡다 (동사) 꼬집다.
꼬잡히다 (동사) 꼬집히다.
꼬장가리/꼬장카리/꼬장케이 (명사) 꼬챙이 : 가늘고 길면서 끝이 뾰족한 쇠나 나무 따위의 물건.
꼬장물 (명사) 고장물. 구정물.
꼬장주/꼬장주우/꼬장중우 (명사) 고쟁이 : 한복에 입는 여자 속옷의 하나.
꼬재이 (명사) 꼬챙이.
꼬치① (명사) 고추.
꼬치② (명사) 누에고치.
꼬치③ (명사) 고추자지 : 어린아이의 조그맣고 귀여운 자지를 이르는 말.
꼬칫가리 (명사) 고춧가루.
꼬치잔자리 (명사) 고추잠자리.
꼬치장 (명사) 고추장.
꼬타리 (명사) 꼬투리.
꼭감 (명사) 곶감.
꼭겉다/꼭같다 (형용사) 똑같다.
꼭께이/꼭껭이 (명사) 곡괭이.
꼭다리 (명사) 꼭지.
꼭데이① (명사) 꼭대기.
꼭데이② (명사) 꼭지.
꼭두마리 (명사) 꼭지마리 : 물레 따위를 돌리는 손잡이.
꼭두배이 (명사) 꼭대기.
꼭디 (명사) 꼭뒤 : 뒤통수의 한가운데.
꼰 (명사) 고누 : 땅이나 종이 위에 말밭을 그려놓고 두 편으로 나누어 말을 많이 따거나 말 길을 막는 것을 다투는 놀이.
꼰두기 (명사) 고누두기.
꼰디이 (명사) 번데기.
꼰디이 창(脹)이 난다 (속담) 번데기처럼 배가 불러 부러울 게 없다는 뜻을 나타내는 말. 
꼰지발 (명사) 까치발. 꽁지발 : 발 뒤꿈치를 든 발.
꼰지서다 (동사) 곤두서다.
꼰하다 (동사) 꽁하다 : 마음을 드러내지 아니하고 속으로만 못마땅하게 여기다.
꼴담살이 (명사) 소먹이 풀을 베 주는 일을 하는 삶. 또는 그런 아이.
꼴딱 (부사) 꼬박.
꼴때미 (명사) 꼴머슴. 애머슴.
꼴뚜바리 (명사) 꼴찌.
꼴띠이 (명사) 꼴뚜기.
꼴랑 (부사) 고작 : 아무리 좋고 크게 평가하려 하여도 별것 아님.
꼴물견 (명사) 꼴불견 : 하는 짓이나 겉모습이 차마 볼 수 없을 정도로 우습고 거슬림.
꼴베이 (명사) 꼴찌.
꼴베↑이 싫다 (연어) 꼴보기 싫다.
꼴시다 (동사) 꼬나보다. 노려보다.
꼴시보다 (동사) 째려보다. 노려보다.
꼴아박다 (동사) 처박다.
꼴아보다 (동사) 꼬나보다.
꼴짜아 (명사) 골짜기에.
꼴짜분하다 (형용사) 마음이 좁고 인색하며 남을 속이는 데가 있다.
꼴짝 (명사) 골짜기.",2021-12-10 00:00:00,130,미부착,제1유형,무,,께루다 ~ 꼴짝,,어문,음성,"께루다 (동사) 열다.
께룸하다 (형용사) 꺼림하다.
께리다① (동사) 꺼리다.
께리다② (동사) 나뭇가지 따위를 치다.
께매다/꾸매다/끼매다 (동사) 꿰매다.
께발 (명사) 깨끼발 : 한 발을 들고 한 발로 선 자세.
께방 (명사) 훼방.
께방놓다 (동사) 훼방놓다.
께배이 (명사) 꾀보 : 잔꾀가 많은 사람을 낮잡아 이르는말
께병 (명사) 꾀병.
께사리 (명사) 고사리.
께시레 (명사) 고수레 : 민간 신앙에서, 산이나 들에서 음식을 먹을 때나 무당이 굿을 할 때, 귀신에게 먼저 바친다는 뜻으로 음식을 조금 떼어 던지는 일.
께시리 (부사) 꾀스레.
께젓 (명사) 참게젓.
께재이 (명사) 꾀쟁이. 꾀보.
께엘 (명사) 게으름.
께엘받다 (형용사) 게으르다.
껠배이/겔뱅이 (명사) 게으름뱅이. ¶ 껠배이 짐 마이 진다 쿠더마 딱 그 짝이네.(=게으름뱅이 짐 많이 진다고 하더니 딱 거기에 해당되네.)
께엘배이/께엘뱅이 (명사) 게으름뱅이.
께엘지다 (동사) 게으름 부리다. 게으름 피우다.
께엘ㅎ다 (형용사) 게으르다.
께엘하다 (형용사) 게으르다.
-(으)꼬 (어미) –을까 : 의문사를 동반하여 설명을 요하는 설명의문형(어미). ¶ 머 잡으꼬? / 내앨은 등산 어디 가꼬? 
꼬 조사 인용 및 물음의 조사. -고. ¶ 간다꼬, 사겠느냐꼬, 오라꼬, 놀자꼬, 하꺼마꼬. / 그 사람 내앨 온다꼬? (했나?)(=그 사람 내일 온다고? (했느냐?)) / 이거 사겄느냐꼬? (물었나?)(=이것 사겠느냐고? (물었느냐?)) / 이틀 후에 오라꼬? (했나?)(=이틀 후에 오라고? (했느냐?)) / 할매하고 같이 놀자꼬? (했나?)(=할머니하고 같이 놀자고? (했느냐?)) / 나도 같이 하꺼마꼬 했다.(=나도 같이 하겠다고 했다.) 
껨지/낌지 (명사) 궤미 : 물건을 꿰는데 쓰는 끈이나 고챙이 따위. 또는 거기에 무엇을 꿴 것.
꼬개꼬개 (부사) 꼬깃꼬깃.
꼬개다 (동사) 구기다.
꼬깔 (명사) 고깔.
꼬감 (명사) 곶감.
꼬깝다 (형용사) 고깝다 : 섭섭하고 야속하여 마음이 언짢다.
꼬꼽하다 (형용사) 곱곱하다. 꼽꼽하다.
꼬꾸랑길 (명사) 고부랑길.

꼬꾸랑꼬꾸랑 (부사) 고부랑고부랑.
꼬꾸랑하다 (형용사) 고부랑하다.
꼬꾸랑할매 (명사) 고부랑할머니.
꼬꾸리다 (동사) 꾸부리다.
꼬꾸장하다 (형용사) 꼬부장하다.
꼬꿀시다 (동사) 꼬부리다.
꼬내다/꼬누다 (동사) 꼬느다. 겨누다. 겨냥하다.
꼬내꼬내 (감탄사) 죄암죄암.
꼬도밥 (명사) 고두밥 : 아주 되게 지어 고들고들한 밥.
꼬돌꼬돌 (부사) 고들고들. 꼬들꼬들.
꼬두라지다/꼬두러지다 (동사) 꼬꾸라지다.
꼬라보다 (동사) 꼬나보다.
꼬라지 (명사) 꼬락서니 : ‘꼴’을 낮잡아 이르는 말.
꼬랑 (명사) 도랑 : 매우 좁고 작은 개울.
꼬랑꼬랑하다 (형용사) 고로롱고로롱하다. 
꼬랑내 (명사) 고린내.
꼬랑데이/꼬랑테기/꼬랑테이 (명사) 꼬랑지 : ‘꽁지’를 낮잡아 이르는 말. ¶ 배미 꼬랑테이만큼 쪼매 주고 말 기가?(=뱀의 꼬리만큼 조금 주고 말 테냐?)
꼬랑물 (명사) 도랑물.
꼬랑창 (명사) 시궁창.
꼬레비 (명사) 꼴찌.
꼬레이 (명사) 꼬리.
꼬레이치다 (동사) 꼬리치다 : ‘유혹하다’를 속되게 이르는 말.
꼬록 (부사) 꼬르륵.
꼬록꼬록 (부사) 고롱고롱. 꼬르륵꼬르륵.
꼬록꼬록하다 (동사) 고롱고롱하다.
꼬롬하다 (형용사) 구릿하다 : 좀 구린 듯하다.
꼬리탑탑하다 (형용사) 고리탑탑하다.
꼬리하다 (형용사) 고린내가 나다.
꼬마디이/꼬마딩이 (명사) 꼬마둥이.
꼬매다 (동사) 꿰매다.
꼬무하다 (동사) (일을) 꼬물대듯 굼뜨게 하다.
꼬바리/꼴바리/꼴등배이 (명사) 꼴찌.
꼬부당꼬부당 (부사) 꼬부장꼬부장 : 여러 군데가 고부라져 있는 모양.
꼬부당하다 (형용사) 꼬부장하다.
꼬부랑글 (명사) ‘영어’를 비유적으로 이르는 말.
꼬부랑테이/꼬부랑텡이 (명사) 허리가 굽은 노인을 낮잡아 이르는 말.
꼬불시다 (동사) 1. 꼬부리다. 2. ‘몰래 감추다.’를 속되게 이르는 말. ¶ 갯주무이에 꼬불시 여라.
꼬빡 (명사) 꼬박.
꼬빼이 (명사) 고삐 : 말이나 소를 몰거나 부리려고 재갈이나 코뚜레, 굴레에 잡아매는 줄.
꼬사리 (명사) 고사리.
꼬소롬하다 (형용사) 고소한 냄새가 나다. 고소한 맛이 나다.
꼬솜하다 (동사) 고소한 듯하다.
꼬시다 (동사) 고소하다.
꼬시랑머리 (명사) 고수머리, 곱슬머리.

꼬시랑재이 (명사) 곱슬머리 가진 사람을 낮잡아 이르는 말.
꼬시레이 (명사) 짱뚱어.
꼬신내 (명사) 고소한 냄새.
꼬실꼬실 (부사) 고슬고슬.
꼬실꼬실하다 (형용사) 곱슬곱슬하다.
꼬실다① (동사) 그슬다.
꼬실다② (동사) 꼬드기다.
꼬우다 (동사) 꾀다 : 그럴듯한 말이나 행동으로 남을 속이거나 부추겨서 자기 생각대로 끌다.
꼬이다 (동사) 꾀이다.
꼬이장/꼬장 (명사) 고추장.
꼬잡다 (동사) 꼬집다.
꼬잡히다 (동사) 꼬집히다.
꼬장가리/꼬장카리/꼬장케이 (명사) 꼬챙이 : 가늘고 길면서 끝이 뾰족한 쇠나 나무 따위의 물건.
꼬장물 (명사) 고장물. 구정물.
꼬장주/꼬장주우/꼬장중우 (명사) 고쟁이 : 한복에 입는 여자 속옷의 하나.
꼬재이 (명사) 꼬챙이.
꼬치① (명사) 고추.
꼬치② (명사) 누에고치.
꼬치③ (명사) 고추자지 : 어린아이의 조그맣고 귀여운 자지를 이르는 말.
꼬칫가리 (명사) 고춧가루.
꼬치잔자리 (명사) 고추잠자리.
꼬치장 (명사) 고추장.
꼬타리 (명사) 꼬투리.
꼭감 (명사) 곶감.
꼭겉다/꼭같다 (형용사) 똑같다.
꼭께이/꼭껭이 (명사) 곡괭이.
꼭다리 (명사) 꼭지.
꼭데이① (명사) 꼭대기.
꼭데이② (명사) 꼭지.
꼭두마리 (명사) 꼭지마리 : 물레 따위를 돌리는 손잡이.
꼭두배이 (명사) 꼭대기.
꼭디 (명사) 꼭뒤 : 뒤통수의 한가운데.
꼰 (명사) 고누 : 땅이나 종이 위에 말밭을 그려놓고 두 편으로 나누어 말을 많이 따거나 말 길을 막는 것을 다투는 놀이.
꼰두기 (명사) 고누두기.
꼰디이 (명사) 번데기.
꼰디이 창(脹)이 난다 (속담) 번데기처럼 배가 불러 부러울 게 없다는 뜻을 나타내는 말. 
꼰지발 (명사) 까치발. 꽁지발 : 발 뒤꿈치를 든 발.
꼰지서다 (동사) 곤두서다.
꼰하다 (동사) 꽁하다 : 마음을 드러내지 아니하고 속으로만 못마땅하게 여기다.
꼴담살이 (명사) 소먹이 풀을 베 주는 일을 하는 삶. 또는 그런 아이.
꼴딱 (부사) 꼬박.
꼴때미 (명사) 꼴머슴. 애머슴.
꼴뚜바리 (명사) 꼴찌.
꼴띠이 (명사) 꼴뚜기.
꼴랑 (부사) 고작 : 아무리 좋고 크게 평가하려 하여도 별것 아님.
꼴물견 (명사) 꼴불견 : 하는 짓이나 겉모습이 차마 볼 수 없을 정도로 우습고 거슬림.
꼴베이 (명사) 꼴찌.
꼴베↑이 싫다 (연어) 꼴보기 싫다.
꼴시다 (동사) 꼬나보다. 노려보다.
꼴시보다 (동사) 째려보다. 노려보다.
꼴아박다 (동사) 처박다.
꼴아보다 (동사) 꼬나보다.
꼴짜아 (명사) 골짜기에.
꼴짜분하다 (형용사) 마음이 좁고 인색하며 남을 속이는 데가 있다.
꼴짝 (명사) 골짜기.",사투리,한국어,,2021-12-10 00:00:00,저작물양도계약서,진주시청,,,,제1유형,저작물,보호저작물,○,상업적이용가능,○,○,○,○,○,○,○,,2091-12-10 00:00:00,,
13,오디오,가이드/안내/정보,진주시청,진주시청,HOME > 진주소개 > 기본현황 > 진주 사투리 사전 > ㄱ,꼴짝하다 ~ 끌내다,"꼴짝하다 (형용사) 야비하다.
꼴짝하이 (부사) 야비하게.
꼴쫌하다 (형용사) 마음이 좁고 인색하며 남을 속이는 데가 있다.
꼴치보다 (동사) 꼬나보다. 째려보다.
꼻다 (동사) 노름 따위에서 돈을 잃다.
꼼꼼재이 (명사) 꼼꼼쟁이 : 빈틈이 없이 매우 차분하고 조심스러운 사람을 낮잡아 이르는 말.
꼼내이/꼼예이 (명사) 꼼바리 : 마음이 좁고 지나치게 인색한 사람을 낮잡아 이르는 말.
꼼도독 (명사) 좀도둑.
꼼빼이/꼼뺑이 (명사) 꼴찌. 차례의 맨 끝.
꼼장아 (명사) 먹장어.
꼼재이/꼼쟁이 (명사) 꼼꼼쟁이.

꼼잭이다 (동사) 꼼작이다.
꼼지깜지 (감탄사) 아이들이 남에게 보여서는 안 될 물건을 숨기며 하는 소리.
꼼치다 (동사) 꼬불치다 : (속되게) 몰래 감추다.
꼼치옇다 (동사) 꼬불쳐넣다.
꼽 (명사) 곱. 배. 곱절.
꼽다 (동사) 꽂다.
꼽다라시/꼽다시 (부사) 그대로. 고스란히.
꼽배기/꼽배이 (명사) 곱빼기.
꼽사/꼽새 (명사) 곱사둥이.
꼽실머리 (명사) 고수머리. 곱슬머리.
꼽쌂이① (명사) 곱삶이 : 두 번 삶아 짓는 밥.
꼽쌂이② (명사) 꽁보리밥.
꼽치다① (동사) 삐다. 접질리다.
꼽치다② (동사) 곱치다 : 반으로 접어 한데 합치다.
꼽치옇다 (동사) 곱쳐넣다.
꼬빡 (부사) 꼬박.
꽁 (명사) 꿩.
꽁게이 (명사) 꿩고기.
꽁국[-꾹] (명사) 꿩국.
꽁꼼하다 (형용사) 꼼꼼하다.
꽁다리① (명사) 꼬투리.

꽁다리② (명사) 고기의 꼬리.
꽁달기리다 (동사) 깝죽대다.

꽁당보리밥 (명사) 꽁보리밥. 
꽁대이/꽁댕이 (명사) 꼬리.
꽁등[-뜽] (명사) 꼴등.
꽁뚜바리 (명사) 꼴찌.
꽁 묵고 알 묵고 (속담) ‘꿩 먹고 알 먹고하다.’라는 말로, 한 가지 일을 하여 두 가지 이상의 이익을 보게 되는 것을 비유적으로 이르는 말.
꽁바리 (명사) 꼴찌.
꽁알 (명사) 꿩의 알.
꽁알 줏다 ‘꿩알 줍다’는 말로 횡재를 하게 됨을 비유적으로 이르는 말.
꽁지 (명사) 꼬리.
꽁지바리 (명사) 꼴찌.
꽁치다 (동사) 메어박다.
꽃가매 (명사) 꽃가마.
꽃몽오리 (명사) 꽃망울.
꽃봉다리 (명사) 꽃봉오리.
꽃봉지 (명사) 꽃봉오리.

꾸개꾸개 (부사) 구깃구깃. 꾸깃꾸깃.
꾸개다 (동사) 구기다.
꾸개지다 (동사) 구겨지다.
꾸구리다 (동사) 꾸부리다.
꾸꿉하다 (형용사) 축축하다.
꾸둘꾸둘 (부사) 꾸덕꾸덕. 꾸들꾸들 : 물기가 적거나 말라서 굳어진 상태.
꾸렁내 (명사) 구린내.

꾸레미/꾸리미 (명사) 꾸러미.
꾸리다① (형용사) 구리다 : 똥이나 방귀 냄새와 같다.
꾸리다② (동사) (무릎을) 꿇다.
꾸리앉다 (동사) 꿇어앉다.
꾸매다 (동사) 꿰매다.
꾸미개 (명사) 고명 : 음식의 모양과 빛깔을 돋보이게 하고 음식의 맛을 더하기 위하여 음식 위에 얹거나 뿌리는 것을 통틀어 이르는 말.

꾸무리하다 (형용사) 끄무레하다. 날씨가 흐리다.
꾸무적꾸무적 (부사) 꾸무럭꾸무럭.
꾸물기리다 (형용사) 끄물거리다 : 날씨가 활짝 개지 아니하고 자꾸 흐려지다.

꾸물떡꾸물떡 (부사) 꿈틀꿈틀.꾸물텅하다 (형용사) 끄무레하다 : 날이 흐리고 어두침침하다.꾸부덩하다 (형용사) 꾸부정하다.꾸불치다 (동사) 꼬불치다 : (속되게) 몰래 감추다.꾸수룸하다 (형용사) 구수하다.꾸우매다 (동사) 꿰매다.꾸우묵다 (동사) 구워먹다.꾸중모구 (명사) 각다귀. 꾸중물 (명사) 구정물. 오수(汚水).꾸중물통 (명사) 개수통. 설거지통.꾸중충하다 (형용사) 구중중하다.꾸중키리다 (동사) 휘정거리다.꾸중하다 (형용사) 휘정거려 물이 흐리다.꾸지다 (형용사) 물기가 있어서 젖은 듯하다.꾸지럼 (부사) 꾸지람.꾸지리하다 (형용사) 구지레하다.꾼밤 (명사) 군밤.꿀 (명사) 굴. 석화(石花).
꿀리다 (동사) 구르다. ¶ 마루를 쿵쿵 꿀렸다. / 두 발을 꿀리고 궁디를 흔들었다. 꿀밤 (명사) 상수리. 도토리.꿀밤나무 (명사) 상수리나무.꿀쭉하다/꿀쭘하다/꿀찜하다 (형용사) 무엇이 먹고 싶어지다. 배가 고프다.꿈장아 (명사) 곰장어.꿈직이다 (동사) 꿈적이다. 움직이다.꿉꾸부리하다 (형용사) 조금 축축한 듯하다.꿋다 (동사) 굽다. 불에 익히다.꿍심 (명사) 꿍꿍이셈 : 남에게 드러내 보이지 아니하고 속으로만 어떤 일을 꾸며 우물쭈물하는 속셈.끄나불 (명사) 끄나풀. 끈.끄데이/끄뎅이/끄테기 (명사) 끄덩이 : 머리털이나 실 따위의 뭉친 끝.
끄떡자떡 (부사) 끄덕끄덕.끄럼지 (명사) 두름 : 조기 따위의 물고기를 짚으로 한 줄에 열 마리씩 두 줄로 엮은 것.끄리다 (동사) 끄르다 : 맺은 것이나 맨 것을 풀다.끄매다 (동사) 끌어매다.끄시럼 (명사) 그을음.끄시레이 (명사) 가시랭이 : 풀이나 나무의 가시 부스러기.끄실다 (동사) 그슬다.끄실리다 (동사) 그을리다.끄어내다 (동사) 끌어내다.끄어대다/끄어디리다 (동사) 끌어들이다.끄어댕기다 (동사) 끌어당기다.끄이다 (동사) 끌리다. ¶ 마음이 끄인다.끄이대이다 (동사) 끌려다니다.끄엎다 (동사) 끌어엎다.끄적끄적 (부사) 긁적긁적.끄적떼이 (명사) 거적떼기.끄짐하다 (형용사) 머츰하다 : 눈이나 비 따위가 잠시 그쳐 뜸하다. 그친 듯하다.끄치다 (동사) 그치다.끄테기 (명사) 끄덩이.끄트리/끄튼머리 (명사) 끝. 끄트머리. ¶ 감이 나뭇가지 끄트리에 매달리 있네.
끄티 (명사) 끝.끍다 (동사) (활용 : 끍고, 끍더라도, 끍지, 끍는, 끍어, 끍어라) 긁다.
끈다발 (명사) 끄나풀.끈질다 (동사) 긁다.
끈↑치다① (동사) 그치다.끈치↑다② (동사) 끊어지다.
끈테이/끈티이 (명사) 끄나풀. 끈.끌내다 (동사) 끌어내다.",2021-12-10 00:00:00,122,미부착,제1유형,무,,꼴짝하다 ~ 끌내다,,어문,음성,"꼴짝하다 (형용사) 야비하다.
꼴짝하이 (부사) 야비하게.
꼴쫌하다 (형용사) 마음이 좁고 인색하며 남을 속이는 데가 있다.
꼴치보다 (동사) 꼬나보다. 째려보다.
꼻다 (동사) 노름 따위에서 돈을 잃다.
꼼꼼재이 (명사) 꼼꼼쟁이 : 빈틈이 없이 매우 차분하고 조심스러운 사람을 낮잡아 이르는 말.
꼼내이/꼼예이 (명사) 꼼바리 : 마음이 좁고 지나치게 인색한 사람을 낮잡아 이르는 말.
꼼도독 (명사) 좀도둑.
꼼빼이/꼼뺑이 (명사) 꼴찌. 차례의 맨 끝.
꼼장아 (명사) 먹장어.
꼼재이/꼼쟁이 (명사) 꼼꼼쟁이.

꼼잭이다 (동사) 꼼작이다.
꼼지깜지 (감탄사) 아이들이 남에게 보여서는 안 될 물건을 숨기며 하는 소리.
꼼치다 (동사) 꼬불치다 : (속되게) 몰래 감추다.
꼼치옇다 (동사) 꼬불쳐넣다.
꼽 (명사) 곱. 배. 곱절.
꼽다 (동사) 꽂다.
꼽다라시/꼽다시 (부사) 그대로. 고스란히.
꼽배기/꼽배이 (명사) 곱빼기.
꼽사/꼽새 (명사) 곱사둥이.
꼽실머리 (명사) 고수머리. 곱슬머리.
꼽쌂이① (명사) 곱삶이 : 두 번 삶아 짓는 밥.
꼽쌂이② (명사) 꽁보리밥.
꼽치다① (동사) 삐다. 접질리다.
꼽치다② (동사) 곱치다 : 반으로 접어 한데 합치다.
꼽치옇다 (동사) 곱쳐넣다.
꼬빡 (부사) 꼬박.
꽁 (명사) 꿩.
꽁게이 (명사) 꿩고기.
꽁국[-꾹] (명사) 꿩국.
꽁꼼하다 (형용사) 꼼꼼하다.
꽁다리① (명사) 꼬투리.

꽁다리② (명사) 고기의 꼬리.
꽁달기리다 (동사) 깝죽대다.

꽁당보리밥 (명사) 꽁보리밥. 
꽁대이/꽁댕이 (명사) 꼬리.
꽁등[-뜽] (명사) 꼴등.
꽁뚜바리 (명사) 꼴찌.
꽁 묵고 알 묵고 (속담) ‘꿩 먹고 알 먹고하다.’라는 말로, 한 가지 일을 하여 두 가지 이상의 이익을 보게 되는 것을 비유적으로 이르는 말.
꽁바리 (명사) 꼴찌.
꽁알 (명사) 꿩의 알.
꽁알 줏다 ‘꿩알 줍다’는 말로 횡재를 하게 됨을 비유적으로 이르는 말.
꽁지 (명사) 꼬리.
꽁지바리 (명사) 꼴찌.
꽁치다 (동사) 메어박다.
꽃가매 (명사) 꽃가마.
꽃몽오리 (명사) 꽃망울.
꽃봉다리 (명사) 꽃봉오리.
꽃봉지 (명사) 꽃봉오리.

꾸개꾸개 (부사) 구깃구깃. 꾸깃꾸깃.
꾸개다 (동사) 구기다.
꾸개지다 (동사) 구겨지다.
꾸구리다 (동사) 꾸부리다.
꾸꿉하다 (형용사) 축축하다.
꾸둘꾸둘 (부사) 꾸덕꾸덕. 꾸들꾸들 : 물기가 적거나 말라서 굳어진 상태.
꾸렁내 (명사) 구린내.

꾸레미/꾸리미 (명사) 꾸러미.
꾸리다① (형용사) 구리다 : 똥이나 방귀 냄새와 같다.
꾸리다② (동사) (무릎을) 꿇다.
꾸리앉다 (동사) 꿇어앉다.
꾸매다 (동사) 꿰매다.
꾸미개 (명사) 고명 : 음식의 모양과 빛깔을 돋보이게 하고 음식의 맛을 더하기 위하여 음식 위에 얹거나 뿌리는 것을 통틀어 이르는 말.

꾸무리하다 (형용사) 끄무레하다. 날씨가 흐리다.
꾸무적꾸무적 (부사) 꾸무럭꾸무럭.
꾸물기리다 (형용사) 끄물거리다 : 날씨가 활짝 개지 아니하고 자꾸 흐려지다.

꾸물떡꾸물떡 (부사) 꿈틀꿈틀.꾸물텅하다 (형용사) 끄무레하다 : 날이 흐리고 어두침침하다.꾸부덩하다 (형용사) 꾸부정하다.꾸불치다 (동사) 꼬불치다 : (속되게) 몰래 감추다.꾸수룸하다 (형용사) 구수하다.꾸우매다 (동사) 꿰매다.꾸우묵다 (동사) 구워먹다.꾸중모구 (명사) 각다귀. 꾸중물 (명사) 구정물. 오수(汚水).꾸중물통 (명사) 개수통. 설거지통.꾸중충하다 (형용사) 구중중하다.꾸중키리다 (동사) 휘정거리다.꾸중하다 (형용사) 휘정거려 물이 흐리다.꾸지다 (형용사) 물기가 있어서 젖은 듯하다.꾸지럼 (부사) 꾸지람.꾸지리하다 (형용사) 구지레하다.꾼밤 (명사) 군밤.꿀 (명사) 굴. 석화(石花).
꿀리다 (동사) 구르다. ¶ 마루를 쿵쿵 꿀렸다. / 두 발을 꿀리고 궁디를 흔들었다. 꿀밤 (명사) 상수리. 도토리.꿀밤나무 (명사) 상수리나무.꿀쭉하다/꿀쭘하다/꿀찜하다 (형용사) 무엇이 먹고 싶어지다. 배가 고프다.꿈장아 (명사) 곰장어.꿈직이다 (동사) 꿈적이다. 움직이다.꿉꾸부리하다 (형용사) 조금 축축한 듯하다.꿋다 (동사) 굽다. 불에 익히다.꿍심 (명사) 꿍꿍이셈 : 남에게 드러내 보이지 아니하고 속으로만 어떤 일을 꾸며 우물쭈물하는 속셈.끄나불 (명사) 끄나풀. 끈.끄데이/끄뎅이/끄테기 (명사) 끄덩이 : 머리털이나 실 따위의 뭉친 끝.
끄떡자떡 (부사) 끄덕끄덕.끄럼지 (명사) 두름 : 조기 따위의 물고기를 짚으로 한 줄에 열 마리씩 두 줄로 엮은 것.끄리다 (동사) 끄르다 : 맺은 것이나 맨 것을 풀다.끄매다 (동사) 끌어매다.끄시럼 (명사) 그을음.끄시레이 (명사) 가시랭이 : 풀이나 나무의 가시 부스러기.끄실다 (동사) 그슬다.끄실리다 (동사) 그을리다.끄어내다 (동사) 끌어내다.끄어대다/끄어디리다 (동사) 끌어들이다.끄어댕기다 (동사) 끌어당기다.끄이다 (동사) 끌리다. ¶ 마음이 끄인다.끄이대이다 (동사) 끌려다니다.끄엎다 (동사) 끌어엎다.끄적끄적 (부사) 긁적긁적.끄적떼이 (명사) 거적떼기.끄짐하다 (형용사) 머츰하다 : 눈이나 비 따위가 잠시 그쳐 뜸하다. 그친 듯하다.끄치다 (동사) 그치다.끄테기 (명사) 끄덩이.끄트리/끄튼머리 (명사) 끝. 끄트머리. ¶ 감이 나뭇가지 끄트리에 매달리 있네.
끄티 (명사) 끝.끍다 (동사) (활용 : 끍고, 끍더라도, 끍지, 끍는, 끍어, 끍어라) 긁다.
끈다발 (명사) 끄나풀.끈질다 (동사) 긁다.
끈↑치다① (동사) 그치다.끈치↑다② (동사) 끊어지다.
끈테이/끈티이 (명사) 끄나풀. 끈.끌내다 (동사) 끌어내다.",사투리,한국어,,2021-12-10 00:00:00,저작물양도계약서,진주시청,,,,제1유형,저작물,보호저작물,○,상업적이용가능,○,○,○,○,○,○,○,,2091-12-10 00:00:00,,
14,오디오,가이드/안내/정보,진주시청,진주시청,HOME > 진주소개 > 기본현황 > 진주 사투리 사전 > ㄱ,끌띡이다 ~ 낑끼다,"끌띡이다 (동사) 껄떡이다 : 매우 먹고 싶거나 갖고 싶어 연방 입맛을 다시거나 안달하다.끌박다 (동사) 그루박다 : 물건을 들어 바닥에 거꾸로 탁 놓다.
끌빨 (명사) 끗발 : 노름 따위에서 좋은 끗수가 잇따라 나오는 기세.끌안다 (동사) 끌어안다.
끌어붓다 (동사) (활용 : 끌어붓고, 끌어붓지, 끌어붓는, 끌어부우라, 끌어부우마) 매우 나무라다 ¶ 옆집 여자를 끌어붓고 있다. 
끌쩍기리다 (동사) 긁적거리다.끍히다 (동사) 긁히다.끌티이① (명사) 꼬투리 : 남을 해코지하거나 헐뜯을 만한 거리.
끌티이② (명사) (나무) 그루터기.끌티이③ (명사) 끄트머리.끔끔하다 (형용사) 뜨음하다 : 자주 있던 왕래나 소식 따위가 한동안 그치다.
끔하다 (형용사) 뜸하다 : ‘뜨음하다’의 (준말).끗기가다 (동사) 끌려가다 : 남이 시키는 대, 억지로 딸려가다.끗기다 (동사) 끌리다.끗다① (동사) (줄을) 긋다.끗다② (동사) (시간을) 끌다. (물건을) 끌다. ¶ 시간마 끄모 우리가 이긴다. / 끗고 가자.
끙ㆆ다 (동사) 끊다. ¶ 저 긴 줄을 끙ㆆ자. 가새로 끙ㆆ거라.
끝다리 (명사) 우수리 : 1. 물건 값을 제하고 거슬러 받는 잔돈. 2. 일정한 수나 수량에 차고 남는 수나 수량. 3. 끝전.
껕보리 (명사) 겉보리.끝꺼정/끝꺼지 (부사) 끝까지.끝끝터리 (명사) 맨 끄터머리.
-끼□  -께 : (시간이나 공간을 나타내는 일부 명사 뒤에 붙어) ‘그 때 또는 장소에서 가까운 범위’의 뜻을 더하는 접미사. ¶ 이 달 말끼.(=이 달 말께)
끼까드럽다 (형용사) 괴까다롭다.끼꾸룸하다 (형용사) 꺼림하다.끼다① (동사) (실을) 꿰다.끼다② (동사) (방귀를) 뀌다.끼덕시럽다 (형용사) 괴덕스럽다 : 말이나 행동이 실없고 수선스러워 미덥지 못하다.
끼뜨래미 (명사) 귀뚜라미.끼맞추다 (동사) 꿰맞추다. ¶ 거짓말한 거 안 들킬라꼬 말로 이리저리 끼맞찼다. 
끼미① (명사) 꾸미 : 국이나 찌개에 넣는 고기붙이. ¶ 생선탕에는 소고기 끼미를 넣으마 안 덴대이.
끼미② (명사) 기미 : 앞일이나 상황에 대하여 느낌으로 알아차릴 수 있게 하는 어떤 현상이나 상태. ¶ 영수도 심상찮은 끼미를 눈치챘다. 
끼미③ (명사) 꾸러미 : (수량을 나타내는 말 뒤에 쓰여) 꾸리어 싼 물건을 세는 단위. ¶ 닥알 한 끼미. / 조구 한 끼미 사 온나.
끼미④ (명사) 꿰미 : 물건을 꿰는 데 쓰는 끈이나 고챙이 따위. 또는 거기에 무엇을 꿴 것.
끼미개 (명사) 고명 : 음식과 모양과 빛깔을 돋보이게 하고 음식의 맛을 더하기 위하여 음식 위에 얹거나 뿌리는 것을 통틀어 이르는 말.
끼미다 (동사) 꾸미다.끼역끼역 (부사) 꾸역꾸역. 꺼귀꺼귀 : 음식 따위를 입에 잔뜩 넣고 잇따라 씹는 모양.끼욱끼욱/끼웃끼웃 (부사) 기웃기웃.끼이들다 (동사) 끼어들다.끼이매다 (동사) 꿰매다.끼이입다 (동사) 껴입다.-(으)낀께 (어미) –ㄹ 테니까. ¶ 하낀께, 입으낀께. / 다음 주에 가낀께 기다리라.(=다음 주에 갈 테니까 기다려라.)
-(으)ㄹ낀데(← -(으)ㄹ+것+이+ㄴ데) (준말) ~(으)ㄹ 것인데. -(으)ㄹ 텐데 ¶ 할 낀대, 갈 낀데, 잡을 낀데.
낋이다 (동사) 끓이다. ¶ 오늘은 무신 국을 낋이꼬?(=오늘은 무슨 국을 끓일까?) / 솥에 밥 낋이고 있더나?
낌지 (명사) 궤미.낑구다 (동사) 끼우다.낑기다 (동사) 끼이다.",2021-12-10 00:00:00,46,미부착,제1유형,무,,끌띡이다 ~ 낑끼다,,어문,음성,"끌띡이다 (동사) 껄떡이다 : 매우 먹고 싶거나 갖고 싶어 연방 입맛을 다시거나 안달하다.끌박다 (동사) 그루박다 : 물건을 들어 바닥에 거꾸로 탁 놓다.
끌빨 (명사) 끗발 : 노름 따위에서 좋은 끗수가 잇따라 나오는 기세.끌안다 (동사) 끌어안다.
끌어붓다 (동사) (활용 : 끌어붓고, 끌어붓지, 끌어붓는, 끌어부우라, 끌어부우마) 매우 나무라다 ¶ 옆집 여자를 끌어붓고 있다. 
끌쩍기리다 (동사) 긁적거리다.끍히다 (동사) 긁히다.끌티이① (명사) 꼬투리 : 남을 해코지하거나 헐뜯을 만한 거리.
끌티이② (명사) (나무) 그루터기.끌티이③ (명사) 끄트머리.끔끔하다 (형용사) 뜨음하다 : 자주 있던 왕래나 소식 따위가 한동안 그치다.
끔하다 (형용사) 뜸하다 : ‘뜨음하다’의 (준말).끗기가다 (동사) 끌려가다 : 남이 시키는 대, 억지로 딸려가다.끗기다 (동사) 끌리다.끗다① (동사) (줄을) 긋다.끗다② (동사) (시간을) 끌다. (물건을) 끌다. ¶ 시간마 끄모 우리가 이긴다. / 끗고 가자.
끙ㆆ다 (동사) 끊다. ¶ 저 긴 줄을 끙ㆆ자. 가새로 끙ㆆ거라.
끝다리 (명사) 우수리 : 1. 물건 값을 제하고 거슬러 받는 잔돈. 2. 일정한 수나 수량에 차고 남는 수나 수량. 3. 끝전.
껕보리 (명사) 겉보리.끝꺼정/끝꺼지 (부사) 끝까지.끝끝터리 (명사) 맨 끄터머리.
-끼□  -께 : (시간이나 공간을 나타내는 일부 명사 뒤에 붙어) ‘그 때 또는 장소에서 가까운 범위’의 뜻을 더하는 접미사. ¶ 이 달 말끼.(=이 달 말께)
끼까드럽다 (형용사) 괴까다롭다.끼꾸룸하다 (형용사) 꺼림하다.끼다① (동사) (실을) 꿰다.끼다② (동사) (방귀를) 뀌다.끼덕시럽다 (형용사) 괴덕스럽다 : 말이나 행동이 실없고 수선스러워 미덥지 못하다.
끼뜨래미 (명사) 귀뚜라미.끼맞추다 (동사) 꿰맞추다. ¶ 거짓말한 거 안 들킬라꼬 말로 이리저리 끼맞찼다. 
끼미① (명사) 꾸미 : 국이나 찌개에 넣는 고기붙이. ¶ 생선탕에는 소고기 끼미를 넣으마 안 덴대이.
끼미② (명사) 기미 : 앞일이나 상황에 대하여 느낌으로 알아차릴 수 있게 하는 어떤 현상이나 상태. ¶ 영수도 심상찮은 끼미를 눈치챘다. 
끼미③ (명사) 꾸러미 : (수량을 나타내는 말 뒤에 쓰여) 꾸리어 싼 물건을 세는 단위. ¶ 닥알 한 끼미. / 조구 한 끼미 사 온나.
끼미④ (명사) 꿰미 : 물건을 꿰는 데 쓰는 끈이나 고챙이 따위. 또는 거기에 무엇을 꿴 것.
끼미개 (명사) 고명 : 음식과 모양과 빛깔을 돋보이게 하고 음식의 맛을 더하기 위하여 음식 위에 얹거나 뿌리는 것을 통틀어 이르는 말.
끼미다 (동사) 꾸미다.끼역끼역 (부사) 꾸역꾸역. 꺼귀꺼귀 : 음식 따위를 입에 잔뜩 넣고 잇따라 씹는 모양.끼욱끼욱/끼웃끼웃 (부사) 기웃기웃.끼이들다 (동사) 끼어들다.끼이매다 (동사) 꿰매다.끼이입다 (동사) 껴입다.-(으)낀께 (어미) –ㄹ 테니까. ¶ 하낀께, 입으낀께. / 다음 주에 가낀께 기다리라.(=다음 주에 갈 테니까 기다려라.)
-(으)ㄹ낀데(← -(으)ㄹ+것+이+ㄴ데) (준말) ~(으)ㄹ 것인데. -(으)ㄹ 텐데 ¶ 할 낀대, 갈 낀데, 잡을 낀데.
낋이다 (동사) 끓이다. ¶ 오늘은 무신 국을 낋이꼬?(=오늘은 무슨 국을 끓일까?) / 솥에 밥 낋이고 있더나?
낌지 (명사) 궤미.낑구다 (동사) 끼우다.낑기다 (동사) 끼이다.",사투리,한국어,,2021-12-10 00:00:00,저작물양도계약서,진주시청,,,,제1유형,저작물,보호저작물,○,상업적이용가능,○,○,○,○,○,○,○,,2091-12-10 00:00:00,,
15,오디오,가이드/안내/정보,진주시청,진주시청,HOME > 진주소개 > 기본현황 > 진주 사투리 사전 > ㄴ,-(으)ㄴ가베/-는가베 ~ 날나리,"진주 사투리 사전 니은

-(으)ㄴ가베/-는가베 (어미) -(으)ㄴ가 봐. ¶ 춥은가베. 찬가베. / 인자 밥 묵는가베?(=인제 밥을 먹는가 봐?)
-(으)ㄴ갑지/-는갑지 (어미) -(으)ㄴ/는가 보지. ¶ 아픈 갑지, 깊은 갑지, 가는 갑지, 노는 갑지, 잡는 갑지. / 인자 슬슬 나오는 거 본께 배가 고푼 갑지?(=이제 슬슬 나오는 것을 보니 배가 고픈 모양이지?)
-(으)ㄴ께 (어미) -(으)니까. ¶ 간께, 본께, 잡은께, 있은께. / 여어 있은께 집에 가기 싫구나. / 비 오고 난께 날이 춥네.
-(으)ㄴ께네 (어미) -(으)니까. ¶ 오올은 춥은께네 가지 마라.
-(느)ㄴ담서 (어미) -(느)ㄴ다면서. ¶ 간담서, 온담서, 잡는담서, 내앨은 새 옷 갈아입는담서.
나① (명사) 나이. ¶ 나가 멫이고? (=나이가 몇이냐?)
나② (명사) 개 : (낱으로 된 물건을 셀 때, 수관형사 뒤에 쓰는 말. ¶ 두 나. 세 나. 열두 나.
-나 (어미) –느냐. -(으)냐 : 의문사가 없는 문장에서 용언 뒤, 하라체에 사용되는 의문형종결(어미). ¶ 춥나, 어둡나. 이뿌나, 히나. / 용이 지금 집에 가나?(=용이 지금 집에 가느냐?) / 밥 무웄나?(=밥 먹었느냐?)
나간 놈 모가치는 있어도 자는

놈 모가치는 없다 (속담) 게으른 사람에게는 먹을 몫을 주지 말라는 뜻으로 쓴다.
나값 (명사) 나잇값.
나구 (명사) 나귀. 당나귀.
나깐나깐 (부사) 나긋나긋.
나나주다 (동사) 나누어주다.

나대이다/나댕기다 (동사) 나다니다.
-(으)나따나 (조사) -나마. 어떤 상황이 이루어지거나 어떻다고 말하기에는 부족한 조건이지만 아쉬운 대로 인정됨을 나타내는 보조사. ¶ 이기나따나 가지고 가이소.(=이것이나마 가지고 가세요.) 
-(으)나따나 (어미) –(으)라도, -(으)나마 : 어떤 상황이 마음에 차지 아니하나 아쉬운 대로 접어주는 조건의 뜻을 나타내는 연결(어미). ¶ 변변치 못하나따나 마이 드시이소. (=변변치 못하나마 많이 드십시오.) / 비 오나따나(=오더라도) 가야지요.
나라이 (부사) 나란히.
나락 (명사) 벼.
나락가리 (명사) 볏가리.
나락가마이 (명사) 벼가마니.
나락까시레이 (명사) 벼까끄라기.
나락논 (명사) 볏논.
나락단 (명사) 볏단.
나락두지 (명사) 벼뒤주.

나락딩기 (명사) 볏겨.
나락모감지 (명사) 벼의 이삭.
나락모개미 (명사) 벼의 이삭.

나락삐까리 (명사) 볏가리.
나락섬 (명사) 볏섬.
나락이파리 (명사) 볏잎.
나락쭉지 (명사) 벼쭉정이.
나락해기 (명사) 새꽤기 : 짚이나 띠. 갈대, 억새 같은 것이 껍질을 벗긴 가는 속 줄기.
나래 (명사) 이력. 익숙함. 
나래가 나다 (관용어) 어떤 일을 여러 번 하여 서투르지 않다. 익숙해지다. ¶ 인자 물 이고 오는 기 나래가 났다.
나리 (명사) 나루.
나리다 (동사) (물건을) 나르다.
나리하다 (형용사) 나른하다 : 맥이 풀리거나 고단하여 기운이 없다.
나릿가 (명사) 나룻가.
나릿배 (명사) 나룻배.
나릿터 (명사) 나루터.
나막시이 (명사) 남생이 : 거북과 비슷하나 작은 남생잇과의 하나.
나막신쟁이 날 겉다 (속담) 진주 지역에서 가장 추운 날을 이른다. 음력 섣달 스무 이튿날에 가난 때문에 모진 매를 단돈 석 냥과 바꾸어 맞다가 죽은 나막신쟁이의 애틋한 이야기가 서려 있다.
나만사람(←나이 많은 사람) (준말) 노인(老人)
나머 (명사) 남짓. ¶ 한 달 나머.
나무 (명사)+(조사) 남의 ¶ 나무 말(=남의 말], 나무 집(=남의 집). 
나무게이 (명사) 나무옹이.
나무깨비 (명사) 나뭇개비.
나무둥걸이 (명사) 나뭇등걸.
나무둥걸이다 (관용어) ‘나뭇등걸’처럼 아무런 반응이 없는 사람을 비유적으로 이르는 말.
나무딸 (명사) 산딸기.
나무래다 (동사) 나무라다.
나무보탄 (명사) 모탕 : 나무를 패거나 자를 때 받쳐 놓은 나무토막.
나무비개 (명사) 목침.
나무삐까리 (명사) 나뭇가리.
나무소두방 (명사) 나무솥뚜껑.
나무젯가락 (명사) 나무젓가락.
나무주개 (명사) 나무주걱.
나무지/나무지기/나무치 (명사) 나머지. ¶ 이달 치 에상 갚고 나서 남무지기 돈은 니로 주꾸마.
나바구리 (명사) 나이배기 : 겉보기보다 나이가 많은 사람을 낮잡아 이르는 말.
나박신 (명사) 나막신.
나발 (명사) 나팔.
나배이/나뱅이 (명사) 나이배기. 
나배다 (동사) 나부대다.
나보테이 (명사) 나이배기.
나부 (명사) 나비.
나부래기/나부래이 (명사) 나부랭이.
나비다 (동사) 누비다 : 이리저리, 거리낌 없이 다니다.
나뿌다① (형용사) 나쁘다.
나뿌다② (형용사) 먹은 것이 양에 차지 아니하다. ¶ 밥을 좀 나뿌게 묵는 기 건강에 좋다.
나사비다(←낫+아 비다) (동사) 나아보이다.
나사이 (명사) 냉이.

나사지다(←나수+아지다) (동사) 나아지다.
나수다/나숳다 (동사) (병을) 낫게 하다. ¶ 병을 잘 나수도록 해야지.
나숳다 (동사) (병을) 낫게 하다. ¶ 병을 잘 나숳도록 애써 바라. 
나시다 (형용사) 낯설다.
나씨 (명사) 나쎄 : ‘그만한 나이’를 속되게 이르는 말. ¶ 니가 시무 살이나 묵었이모 그만한 요랑은 있어야 델 나씨 아이가? 
나아뚜다(←놓+아 뚜다) (동사) (활용 : 나아뚜고, 나아뚜는, 나아또라) 1. 놓아두다. 놔두다. ¶ 거어 나아또라(=거기 놓아두어라.) / 2 주지 않아도 괜찮다. ¶ 나아뚜이소. 기안심더.(=안 줘도 됩니다. 괜찮습니다.)
나아라(←놓+아라) (동사) ‘놓다’의 명령형.
나아믹이다(←놓아+먹이다) (동사)보살피지 않고 제멋대로 자라게 하다.
나아삐다 (동사) 놓아버리다. 놔버리다.
나아하다(←놓+아 하다) (동사) (말을) 낮추어 하다.
나안날 (명사) 나흗날 : 넷째 날.
나알 (명사) 나흘.
나울 (명사) 참 : 무엇을 하는 경우나 때. ¶ 이번 나울에 해치아라.(=이 번 참에 해 치워라.)
나작하다 (형용사) 나슨하다.
나잘 (명사) 나절 : 1. 하루 낮의 절반쯤 되는 동안. 2. 낮의 어느 무렵이나 동안. ¶ 아침 나잘(=아침 나절). 저녁 나잘(=저녁 나절). 
나주우/나중우 (부사) 나중에.
나주우사 (부사) 나중에야. 
나질막하다 (형용사) 나지막하다.
낙 (명사) 윷놀이에서 던진 윷가락이 경계선에 못 미치거나 벗어나는 것.
낙때 (명사) 낮때 : 한낮을 중심으로 한 한동안.
낙매 (명사) 낙상(落傷) : 떨어지거나 넘어져서 다침.
낙매보다 (동사) 낙상하다.
낙수 (명사) 낚시.
낙숫대 (명사) 낚싯대.
낙주 (명사) 낙지.
난도시 겉다 (관용어) 똘똘하고 행동이 날래 보이다.
난리버꾸 (명사) 난리굿.
난리 버꾸통이다 (관용어) 난리판처럼 몹시 소란하고 어지러운 형국이다.
난벤시럽다 (형용사) 유난스럽다. ¶ 아:가 노는 기 난벤시러바서 눈 못 떼것네.(=애가 노는 게 유난스러워서 눈 뗄 수 없네.)
난새밭 (명사) 남새밭.
난생이/나생이 (명사) 냉이.
난양대로 (부사) 제멋대로 : 제가 하고 싶은 대로. ¶ 가:는 버르떼이가 없어 가 지 난양대로다.(=걔는 버릇이 없어서 제 멋대로다.)
난장난장 (부사) 난죽난죽.
난제/난주우/난중에 (부사) 나중에.
난재이 (명사) 난쟁이.
난주 (명사) 나중.
난하다 (형용사) 행동이 난잡스러운 데가 있다.
낟톨 (명사) 낟알.
날개① (명사) 이엉 : 초가집의 지붕이나 담을 이기 위하여 짚이나 새 따위를 엮은 덮개.
날개② (명사) (물고기) 지느러미.
날개쭉데이 (명사) 날갯죽지.
날개터리 (명사) 날개깃.
날궂이 (명사) 개가 음식물을 토해 내는 일.
날궂이하다 (동사) 개가 음식물을 토해 내다.
날나라이 (부사) 나란하게. 나란히.
날나랗다 (형용사) 나란하다.
날나리 (부사) 나란히 : 여럿이 줄지어 늘어선 모양이 가지런한 상태로. ¶ 둘이 날나리 앉아 있다.",2021-12-10 00:00:00,118,미부착,제1유형,무,,-(으)ㄴ가베/-는가베 ~ 날나리,,어문,음성,"진주 사투리 사전 니은

-(으)ㄴ가베/-는가베 (어미) -(으)ㄴ가 봐. ¶ 춥은가베. 찬가베. / 인자 밥 묵는가베?(=인제 밥을 먹는가 봐?)
-(으)ㄴ갑지/-는갑지 (어미) -(으)ㄴ/는가 보지. ¶ 아픈 갑지, 깊은 갑지, 가는 갑지, 노는 갑지, 잡는 갑지. / 인자 슬슬 나오는 거 본께 배가 고푼 갑지?(=이제 슬슬 나오는 것을 보니 배가 고픈 모양이지?)
-(으)ㄴ께 (어미) -(으)니까. ¶ 간께, 본께, 잡은께, 있은께. / 여어 있은께 집에 가기 싫구나. / 비 오고 난께 날이 춥네.
-(으)ㄴ께네 (어미) -(으)니까. ¶ 오올은 춥은께네 가지 마라.
-(느)ㄴ담서 (어미) -(느)ㄴ다면서. ¶ 간담서, 온담서, 잡는담서, 내앨은 새 옷 갈아입는담서.
나① (명사) 나이. ¶ 나가 멫이고? (=나이가 몇이냐?)
나② (명사) 개 : (낱으로 된 물건을 셀 때, 수관형사 뒤에 쓰는 말. ¶ 두 나. 세 나. 열두 나.
-나 (어미) –느냐. -(으)냐 : 의문사가 없는 문장에서 용언 뒤, 하라체에 사용되는 의문형종결(어미). ¶ 춥나, 어둡나. 이뿌나, 히나. / 용이 지금 집에 가나?(=용이 지금 집에 가느냐?) / 밥 무웄나?(=밥 먹었느냐?)
나간 놈 모가치는 있어도 자는

놈 모가치는 없다 (속담) 게으른 사람에게는 먹을 몫을 주지 말라는 뜻으로 쓴다.
나값 (명사) 나잇값.
나구 (명사) 나귀. 당나귀.
나깐나깐 (부사) 나긋나긋.
나나주다 (동사) 나누어주다.

나대이다/나댕기다 (동사) 나다니다.
-(으)나따나 (조사) -나마. 어떤 상황이 이루어지거나 어떻다고 말하기에는 부족한 조건이지만 아쉬운 대로 인정됨을 나타내는 보조사. ¶ 이기나따나 가지고 가이소.(=이것이나마 가지고 가세요.) 
-(으)나따나 (어미) –(으)라도, -(으)나마 : 어떤 상황이 마음에 차지 아니하나 아쉬운 대로 접어주는 조건의 뜻을 나타내는 연결(어미). ¶ 변변치 못하나따나 마이 드시이소. (=변변치 못하나마 많이 드십시오.) / 비 오나따나(=오더라도) 가야지요.
나라이 (부사) 나란히.
나락 (명사) 벼.
나락가리 (명사) 볏가리.
나락가마이 (명사) 벼가마니.
나락까시레이 (명사) 벼까끄라기.
나락논 (명사) 볏논.
나락단 (명사) 볏단.
나락두지 (명사) 벼뒤주.

나락딩기 (명사) 볏겨.
나락모감지 (명사) 벼의 이삭.
나락모개미 (명사) 벼의 이삭.

나락삐까리 (명사) 볏가리.
나락섬 (명사) 볏섬.
나락이파리 (명사) 볏잎.
나락쭉지 (명사) 벼쭉정이.
나락해기 (명사) 새꽤기 : 짚이나 띠. 갈대, 억새 같은 것이 껍질을 벗긴 가는 속 줄기.
나래 (명사) 이력. 익숙함. 
나래가 나다 (관용어) 어떤 일을 여러 번 하여 서투르지 않다. 익숙해지다. ¶ 인자 물 이고 오는 기 나래가 났다.
나리 (명사) 나루.
나리다 (동사) (물건을) 나르다.
나리하다 (형용사) 나른하다 : 맥이 풀리거나 고단하여 기운이 없다.
나릿가 (명사) 나룻가.
나릿배 (명사) 나룻배.
나릿터 (명사) 나루터.
나막시이 (명사) 남생이 : 거북과 비슷하나 작은 남생잇과의 하나.
나막신쟁이 날 겉다 (속담) 진주 지역에서 가장 추운 날을 이른다. 음력 섣달 스무 이튿날에 가난 때문에 모진 매를 단돈 석 냥과 바꾸어 맞다가 죽은 나막신쟁이의 애틋한 이야기가 서려 있다.
나만사람(←나이 많은 사람) (준말) 노인(老人)
나머 (명사) 남짓. ¶ 한 달 나머.
나무 (명사)+(조사) 남의 ¶ 나무 말(=남의 말], 나무 집(=남의 집). 
나무게이 (명사) 나무옹이.
나무깨비 (명사) 나뭇개비.
나무둥걸이 (명사) 나뭇등걸.
나무둥걸이다 (관용어) ‘나뭇등걸’처럼 아무런 반응이 없는 사람을 비유적으로 이르는 말.
나무딸 (명사) 산딸기.
나무래다 (동사) 나무라다.
나무보탄 (명사) 모탕 : 나무를 패거나 자를 때 받쳐 놓은 나무토막.
나무비개 (명사) 목침.
나무삐까리 (명사) 나뭇가리.
나무소두방 (명사) 나무솥뚜껑.
나무젯가락 (명사) 나무젓가락.
나무주개 (명사) 나무주걱.
나무지/나무지기/나무치 (명사) 나머지. ¶ 이달 치 에상 갚고 나서 남무지기 돈은 니로 주꾸마.
나바구리 (명사) 나이배기 : 겉보기보다 나이가 많은 사람을 낮잡아 이르는 말.
나박신 (명사) 나막신.
나발 (명사) 나팔.
나배이/나뱅이 (명사) 나이배기. 
나배다 (동사) 나부대다.
나보테이 (명사) 나이배기.
나부 (명사) 나비.
나부래기/나부래이 (명사) 나부랭이.
나비다 (동사) 누비다 : 이리저리, 거리낌 없이 다니다.
나뿌다① (형용사) 나쁘다.
나뿌다② (형용사) 먹은 것이 양에 차지 아니하다. ¶ 밥을 좀 나뿌게 묵는 기 건강에 좋다.
나사비다(←낫+아 비다) (동사) 나아보이다.
나사이 (명사) 냉이.

나사지다(←나수+아지다) (동사) 나아지다.
나수다/나숳다 (동사) (병을) 낫게 하다. ¶ 병을 잘 나수도록 해야지.
나숳다 (동사) (병을) 낫게 하다. ¶ 병을 잘 나숳도록 애써 바라. 
나시다 (형용사) 낯설다.
나씨 (명사) 나쎄 : ‘그만한 나이’를 속되게 이르는 말. ¶ 니가 시무 살이나 묵었이모 그만한 요랑은 있어야 델 나씨 아이가? 
나아뚜다(←놓+아 뚜다) (동사) (활용 : 나아뚜고, 나아뚜는, 나아또라) 1. 놓아두다. 놔두다. ¶ 거어 나아또라(=거기 놓아두어라.) / 2 주지 않아도 괜찮다. ¶ 나아뚜이소. 기안심더.(=안 줘도 됩니다. 괜찮습니다.)
나아라(←놓+아라) (동사) ‘놓다’의 명령형.
나아믹이다(←놓아+먹이다) (동사)보살피지 않고 제멋대로 자라게 하다.
나아삐다 (동사) 놓아버리다. 놔버리다.
나아하다(←놓+아 하다) (동사) (말을) 낮추어 하다.
나안날 (명사) 나흗날 : 넷째 날.
나알 (명사) 나흘.
나울 (명사) 참 : 무엇을 하는 경우나 때. ¶ 이번 나울에 해치아라.(=이 번 참에 해 치워라.)
나작하다 (형용사) 나슨하다.
나잘 (명사) 나절 : 1. 하루 낮의 절반쯤 되는 동안. 2. 낮의 어느 무렵이나 동안. ¶ 아침 나잘(=아침 나절). 저녁 나잘(=저녁 나절). 
나주우/나중우 (부사) 나중에.
나주우사 (부사) 나중에야. 
나질막하다 (형용사) 나지막하다.
낙 (명사) 윷놀이에서 던진 윷가락이 경계선에 못 미치거나 벗어나는 것.
낙때 (명사) 낮때 : 한낮을 중심으로 한 한동안.
낙매 (명사) 낙상(落傷) : 떨어지거나 넘어져서 다침.
낙매보다 (동사) 낙상하다.
낙수 (명사) 낚시.
낙숫대 (명사) 낚싯대.
낙주 (명사) 낙지.
난도시 겉다 (관용어) 똘똘하고 행동이 날래 보이다.
난리버꾸 (명사) 난리굿.
난리 버꾸통이다 (관용어) 난리판처럼 몹시 소란하고 어지러운 형국이다.
난벤시럽다 (형용사) 유난스럽다. ¶ 아:가 노는 기 난벤시러바서 눈 못 떼것네.(=애가 노는 게 유난스러워서 눈 뗄 수 없네.)
난새밭 (명사) 남새밭.
난생이/나생이 (명사) 냉이.
난양대로 (부사) 제멋대로 : 제가 하고 싶은 대로. ¶ 가:는 버르떼이가 없어 가 지 난양대로다.(=걔는 버릇이 없어서 제 멋대로다.)
난장난장 (부사) 난죽난죽.
난제/난주우/난중에 (부사) 나중에.
난재이 (명사) 난쟁이.
난주 (명사) 나중.
난하다 (형용사) 행동이 난잡스러운 데가 있다.
낟톨 (명사) 낟알.
날개① (명사) 이엉 : 초가집의 지붕이나 담을 이기 위하여 짚이나 새 따위를 엮은 덮개.
날개② (명사) (물고기) 지느러미.
날개쭉데이 (명사) 날갯죽지.
날개터리 (명사) 날개깃.
날궂이 (명사) 개가 음식물을 토해 내는 일.
날궂이하다 (동사) 개가 음식물을 토해 내다.
날나라이 (부사) 나란하게. 나란히.
날나랗다 (형용사) 나란하다.
날나리 (부사) 나란히 : 여럿이 줄지어 늘어선 모양이 가지런한 상태로. ¶ 둘이 날나리 앉아 있다.",사투리,한국어,,2021-12-10 00:00:00,저작물양도계약서,진주시청,,,,제1유형,저작물,보호저작물,○,상업적이용가능,○,○,○,○,○,○,○,,2091-12-10 00:00:00,,
16,오디오,가이드/안내/정보,진주시청,진주시청,HOME > 진주소개 > 기본현황 > 진주 사투리 사전 > ㄴ,날날하다 ~ 너무집살이,"날날하다 (형용사) 나란하다.
날날하이 (부사) 나란하게.
날띠다 (동사) 날뛰다.

날라가다 (동사) 날아가다.
날라들다 (동사) 날아들다.
날라오다 (동사) 날아오다.
날라오리다 (동사) 날아오르다.
날람 (부사) 날름 : 혀, 손 따위를 날쌔게 내밀었다 들이는 모양.
날람기리다 (동사) 날름거리다.
날람날람 (부사) 날름날름.
날래 (부사) 빨리.
날리다/날치다 (동사) (글씨를) 갈기다 : 글씨를 아무렇게나 급하게 마구 쓰다. ¶ 붓글씨는 천처이 쓰야지 날리 쓰모 안 덴다.
날벌거지 (명사) 날벌레.
날새다 (동사) 1. 날밤을 새우다. 2. 일을 이룰 시기가 이미 지나 가망이 없다. 
날씨금 (부사) 날마다.
날초리/날추리 (명사) 기스락 : 기슭의 가장자리.
날치다 (동사) (글씨를) 갈겨쓰다. 갈기다.
날캅다 (형용사) 날카롭다.
날포리 (명사) 하루살이.
남바가치 (명사) 나무바가지.
남방초 (명사) 담배.
남사시럽다 (형용사) 남세스럽다.
남사 (명사) 남세. 남우세.
남시이 (명사) 남생이.
남이사 (명사)+(조사) 남이야.
남직하다 (형용사) 남짓하다.
납닥보리 (명사) 납작보리.
납닥하다 (형용사) 납작하다.
납덩거리 (명사) 납덩이.
납↑띠다① (동사) 날뛰다. 설치다.
납띠다② (동사) 나서다 : 관계도 없는 일에 불쑥 참견하여 나서다. (참고) 내띠다.
납새미 (명사) (물고기) 가자미.
낫낫하다 (형용사) 연하고 부드럽다.
낫살 (명사) 나잇살 : 지긋한 나이를 낮잡아 이르는 말.
낫자리 (명사) 낫자루.
낭가묵다 (동사) ‘남기다’의 속어.
낭간 (명사) 벼랑 : 낭떠러지의 험하고 가파른 언덕. ¶ 저 아래 천 길 낭간이다, 떨어질라 조심해라.
낭개① (명사) 낭자. 쪽진 머리.
낭개②/낭구 (명사) 나무.
낭구다 (동사) 남기다.
낭구재비 (명사) 나무타기.
낭낭끄터리 (명사) 벼랑끝. 낭떠러지.
낭낭끄티 (명사) 벼랑끝.
낭태 (명사) 난탕 : 칼 따위로 마구 치거나 벰.
낭태가 되다 (관용어) ‘난탕질’을 당하다.
낭태로 치다 (관용어) 무질서하고 난잡스럽게 마구 행동하다.
낯가리 (명사) 낯가림 : 아이들이 낯선 사람을 가리어 대함. 
낯개리다 (동사) 낯가리다.
낯빤때기/낯판때이 (명사) 낯바대기 : ‘낯’을 속되게 이르는 말.
내/내미 (명사) 냄새. ¶ 쓰레기 타는 내가 지독하네.
내그랍다 (형용사) (연기가) 냅다. ¶ 내그랍아서 눈이 따갑네.(=내워서 눈이 따갑네.)
내꼬랑 / 내또랑 (명사) 개울.
내끼 (명사) 낟알. 낱개. ¶ 쌀 내끼(=쌀 낱개, 쌀 낟알), 선 내끼(=서너 낱개, 조금)
내나 (부사) 이미 말한 대로.
내네하다/낸네하다/낸체하다 (동사) 내로라하다 : 어떤 분야를 대표할 만하다

내다① (동사) (곡식을) 팔다. 팔려고 내놓다.

내다② (형용사) 냅다 : 연기의 기운으로 눈이나 목구멍이 쓰라린 느낌이 있다.
내 더우 사 가라 (속담) 정월 대보름날 이른 아침에 더위 팔기를 할 때 하는 소리. 
내동개이치다 (동사) 내동댕이치다.
내두룩 (부사) 내내 : 처음부터 끝까지 계속해서.
내두리다 (동사) 내두르다.
내드리 (부사) 내내. 줄곧. 한결같이.
내딩굴다 (동사) 나뒹굴다.
내띠다① (동사) 날뛰다. 설치다. ¶ 아 :들이 천방지축으로 내띠고 있다.
내띠다② (동사) 나서다. ¶ 니는 우찌 아무 데나 내띠네?
내라놓다 (동사) 내려놓다.
내라묵다 (동사) 내려먹다.
내라오다 (동사) 내려서 가져오다.
내럽다 (형용사) 마렵다.
내루다/내루ㆆ다 (동사) (활용 : 내루ㆆ고[내룯꼬], 내루ㆆ지[내룯찌], 내루모, 내루ㆆ는[내룯는], 내라라]) 내리다. ¶ 세 등에 있는 짐 내루ㆆ지[내룯찌] 마라(=소 등에 있는 짐 내리지 마라.)
내리가다 (동사) 내려가다
내리꽁치다 (동사) 내리꽂다.
내리놓다 (동사) 내려놓다.
내리다리 (부사) 내리 : 1. 위에서 아래로. 2. 잇따라 계속. ¶ 딸만 내리다리 셋이나 나았네.
내리다보다 (동사) 내려다보다.
내리딛다 (동사) 내려딛다.
내리서다 (동사) 내려서다.
내리앉다 (동사) 내려앉다.
내모레 (명사) 글피.
내미① (명사) 냄새. ¶ 니 옷에서 무신 내미가 그렇게 나네?
내미②/내비 (부사) 그냥. 그대로 
내미 나뚜다/내비 나뚜다 (연어) 그냥 놔두다. 그대로 놔두다. 내버려 놓아두다. ¶ 지 쪼대로 놀게 내비 나또라.(=제 멋대로 놀게 그냥 나둬라.)
내보치다/내보티리다 (동사) 내동댕이치다.
내봉치다 (동사) 내팽개치다. ¶ 쓰레기를 길바닥에다 그렇게 내봉치모 우짜네.
내비리다 (동사) 내버리다. ¶ 쓰레기를 아무데나 내빌지 마라.
내비두다/냅뚜다 (준말) 내버려두다. ¶ 가아는 건디리지 말고 냅또라.
내빼다 (동사) 달아나다.
내삐두다 (동사) 내버려두다.
내삐리다 (동사) 내버리다.
내성기다 (동사) 내셍기다 : 내리 이 말 저 말 자꾸 주워대다
내시다① (동사) 내키다 : 하고 싶은 마음이 생기다.
내시다② (동사) 내키다 : 공간을 넓히려고 바깥쪽으로 물리어 내다. ¶ 다른 사람 지내댕기거로 저리 좀 내시라.(=다른 사람 지나다니게 저리 조금 내켜라.) / 담부랑을 좀 더 내시 쌓고 그 알로 꽅을 숭구자.
내↑시앉다 (동사) 나앉다. 물러앉다.
내앨 (명사) 내일 
내우 (명사) 내외(內外). 부부.
내우간 (명사) 내외(內外)간 : 부부 사이.
내우하다 (동사) 내외하다 : 모르는 남녀 사이에 서로 얼굴을 마주 대하지 않고 피하다.
내지리다 (동사) 내지르다 : 1. (속되게) 아이를 낳다. 2. 생리적으로 몸 밖으로 내보내다.
내짐 (명사) 뇌짐 : 폐결핵을 일상적으로 이르는 말. 폐병(肺病)
내치 (부사) 내처 : 줄곧. 한결같이.
내푸녁 (명사) 내푸네기 : 가까운 제살붙이를 낮추어 이르는 말.
내품 (명사) 내색 : 마음속에 느낀 것을 얼굴에 드러냄. 또는 그 낯빛.
내품하다 (동사) 내색하다.
낸네하다/낸체하다 (동사) 내로라하다.
낼름 (명사) 날름.
낼름기리다 (동사) 날름거리다.
낼름낼름 (부사) 날름날름.
낼모래 (명사) 내일모레.
냄 (명사) 남.
냄핀 (명사) 남편.
냅띠다 (동사) 냅뜨다 : 일에 기운차게 앞질러 나서다.
냇고랑 (명사) 개울.
냇기 (부사) 낫게. 넉넉히. ¶ 냇기 무웄다.(=넉넉히 먹었다.)
냇도랑 (명사) 개울.
냉가나라 (준말) 남겨놓아라.
냉갈시럽다 (형용사) 냉갈령스럽다 : 몹시 매정하고 쌀쌀하다.
냉구다/냉궇다/냉기다 (동사) 남기다.
너가배 (명사) 네 아비 : 남의 아버지를 낮추어 부르는 말.
너가부지 (명사) 네 아버지 : 남의 아버지를 낮추어 부르는 말.
너거 (대명사) 너. 너희. ¶ 너거는 오이 사네?(=너희는 어디 사느냐?) 너거매 집에 있나?(=네 어머니 집에 있느냐?)
너거마이 (명사) 네 (어미) : 남의 어머니를 낮추어 부르는 말.
너거매/너어매 (명사) 네 (어미). 남의 어머니를 낮추어 부르는 말.
너늘이다 (동사) (입을) 놀리다. (말을) 늘어놓다.
너더랑/너더렁/너덜강 (명사) 너덜겅. 너덜. 돌너덜 : 돌이 많이 흩어져 있는 비탈.
너리다 (형용사) 너르다.
너매 (명사) (산) 너머.
너무 (명사)+(조사) 남의. ¶ 너무 꺼 탐내지 말애이.(=남의 것 탐내지 말아라.)
너무 집 (명사)+(조사) 남의 집.
너무집살이 (명사) 남의집살이.",2021-12-10 00:00:00,129,미부착,제1유형,무,,날날하다 ~ 너무집살이,,어문,음성,"날날하다 (형용사) 나란하다.
날날하이 (부사) 나란하게.
날띠다 (동사) 날뛰다.

날라가다 (동사) 날아가다.
날라들다 (동사) 날아들다.
날라오다 (동사) 날아오다.
날라오리다 (동사) 날아오르다.
날람 (부사) 날름 : 혀, 손 따위를 날쌔게 내밀었다 들이는 모양.
날람기리다 (동사) 날름거리다.
날람날람 (부사) 날름날름.
날래 (부사) 빨리.
날리다/날치다 (동사) (글씨를) 갈기다 : 글씨를 아무렇게나 급하게 마구 쓰다. ¶ 붓글씨는 천처이 쓰야지 날리 쓰모 안 덴다.
날벌거지 (명사) 날벌레.
날새다 (동사) 1. 날밤을 새우다. 2. 일을 이룰 시기가 이미 지나 가망이 없다. 
날씨금 (부사) 날마다.
날초리/날추리 (명사) 기스락 : 기슭의 가장자리.
날치다 (동사) (글씨를) 갈겨쓰다. 갈기다.
날캅다 (형용사) 날카롭다.
날포리 (명사) 하루살이.
남바가치 (명사) 나무바가지.
남방초 (명사) 담배.
남사시럽다 (형용사) 남세스럽다.
남사 (명사) 남세. 남우세.
남시이 (명사) 남생이.
남이사 (명사)+(조사) 남이야.
남직하다 (형용사) 남짓하다.
납닥보리 (명사) 납작보리.
납닥하다 (형용사) 납작하다.
납덩거리 (명사) 납덩이.
납↑띠다① (동사) 날뛰다. 설치다.
납띠다② (동사) 나서다 : 관계도 없는 일에 불쑥 참견하여 나서다. (참고) 내띠다.
납새미 (명사) (물고기) 가자미.
낫낫하다 (형용사) 연하고 부드럽다.
낫살 (명사) 나잇살 : 지긋한 나이를 낮잡아 이르는 말.
낫자리 (명사) 낫자루.
낭가묵다 (동사) ‘남기다’의 속어.
낭간 (명사) 벼랑 : 낭떠러지의 험하고 가파른 언덕. ¶ 저 아래 천 길 낭간이다, 떨어질라 조심해라.
낭개① (명사) 낭자. 쪽진 머리.
낭개②/낭구 (명사) 나무.
낭구다 (동사) 남기다.
낭구재비 (명사) 나무타기.
낭낭끄터리 (명사) 벼랑끝. 낭떠러지.
낭낭끄티 (명사) 벼랑끝.
낭태 (명사) 난탕 : 칼 따위로 마구 치거나 벰.
낭태가 되다 (관용어) ‘난탕질’을 당하다.
낭태로 치다 (관용어) 무질서하고 난잡스럽게 마구 행동하다.
낯가리 (명사) 낯가림 : 아이들이 낯선 사람을 가리어 대함. 
낯개리다 (동사) 낯가리다.
낯빤때기/낯판때이 (명사) 낯바대기 : ‘낯’을 속되게 이르는 말.
내/내미 (명사) 냄새. ¶ 쓰레기 타는 내가 지독하네.
내그랍다 (형용사) (연기가) 냅다. ¶ 내그랍아서 눈이 따갑네.(=내워서 눈이 따갑네.)
내꼬랑 / 내또랑 (명사) 개울.
내끼 (명사) 낟알. 낱개. ¶ 쌀 내끼(=쌀 낱개, 쌀 낟알), 선 내끼(=서너 낱개, 조금)
내나 (부사) 이미 말한 대로.
내네하다/낸네하다/낸체하다 (동사) 내로라하다 : 어떤 분야를 대표할 만하다

내다① (동사) (곡식을) 팔다. 팔려고 내놓다.

내다② (형용사) 냅다 : 연기의 기운으로 눈이나 목구멍이 쓰라린 느낌이 있다.
내 더우 사 가라 (속담) 정월 대보름날 이른 아침에 더위 팔기를 할 때 하는 소리. 
내동개이치다 (동사) 내동댕이치다.
내두룩 (부사) 내내 : 처음부터 끝까지 계속해서.
내두리다 (동사) 내두르다.
내드리 (부사) 내내. 줄곧. 한결같이.
내딩굴다 (동사) 나뒹굴다.
내띠다① (동사) 날뛰다. 설치다. ¶ 아 :들이 천방지축으로 내띠고 있다.
내띠다② (동사) 나서다. ¶ 니는 우찌 아무 데나 내띠네?
내라놓다 (동사) 내려놓다.
내라묵다 (동사) 내려먹다.
내라오다 (동사) 내려서 가져오다.
내럽다 (형용사) 마렵다.
내루다/내루ㆆ다 (동사) (활용 : 내루ㆆ고[내룯꼬], 내루ㆆ지[내룯찌], 내루모, 내루ㆆ는[내룯는], 내라라]) 내리다. ¶ 세 등에 있는 짐 내루ㆆ지[내룯찌] 마라(=소 등에 있는 짐 내리지 마라.)
내리가다 (동사) 내려가다
내리꽁치다 (동사) 내리꽂다.
내리놓다 (동사) 내려놓다.
내리다리 (부사) 내리 : 1. 위에서 아래로. 2. 잇따라 계속. ¶ 딸만 내리다리 셋이나 나았네.
내리다보다 (동사) 내려다보다.
내리딛다 (동사) 내려딛다.
내리서다 (동사) 내려서다.
내리앉다 (동사) 내려앉다.
내모레 (명사) 글피.
내미① (명사) 냄새. ¶ 니 옷에서 무신 내미가 그렇게 나네?
내미②/내비 (부사) 그냥. 그대로 
내미 나뚜다/내비 나뚜다 (연어) 그냥 놔두다. 그대로 놔두다. 내버려 놓아두다. ¶ 지 쪼대로 놀게 내비 나또라.(=제 멋대로 놀게 그냥 나둬라.)
내보치다/내보티리다 (동사) 내동댕이치다.
내봉치다 (동사) 내팽개치다. ¶ 쓰레기를 길바닥에다 그렇게 내봉치모 우짜네.
내비리다 (동사) 내버리다. ¶ 쓰레기를 아무데나 내빌지 마라.
내비두다/냅뚜다 (준말) 내버려두다. ¶ 가아는 건디리지 말고 냅또라.
내빼다 (동사) 달아나다.
내삐두다 (동사) 내버려두다.
내삐리다 (동사) 내버리다.
내성기다 (동사) 내셍기다 : 내리 이 말 저 말 자꾸 주워대다
내시다① (동사) 내키다 : 하고 싶은 마음이 생기다.
내시다② (동사) 내키다 : 공간을 넓히려고 바깥쪽으로 물리어 내다. ¶ 다른 사람 지내댕기거로 저리 좀 내시라.(=다른 사람 지나다니게 저리 조금 내켜라.) / 담부랑을 좀 더 내시 쌓고 그 알로 꽅을 숭구자.
내↑시앉다 (동사) 나앉다. 물러앉다.
내앨 (명사) 내일 
내우 (명사) 내외(內外). 부부.
내우간 (명사) 내외(內外)간 : 부부 사이.
내우하다 (동사) 내외하다 : 모르는 남녀 사이에 서로 얼굴을 마주 대하지 않고 피하다.
내지리다 (동사) 내지르다 : 1. (속되게) 아이를 낳다. 2. 생리적으로 몸 밖으로 내보내다.
내짐 (명사) 뇌짐 : 폐결핵을 일상적으로 이르는 말. 폐병(肺病)
내치 (부사) 내처 : 줄곧. 한결같이.
내푸녁 (명사) 내푸네기 : 가까운 제살붙이를 낮추어 이르는 말.
내품 (명사) 내색 : 마음속에 느낀 것을 얼굴에 드러냄. 또는 그 낯빛.
내품하다 (동사) 내색하다.
낸네하다/낸체하다 (동사) 내로라하다.
낼름 (명사) 날름.
낼름기리다 (동사) 날름거리다.
낼름낼름 (부사) 날름날름.
낼모래 (명사) 내일모레.
냄 (명사) 남.
냄핀 (명사) 남편.
냅띠다 (동사) 냅뜨다 : 일에 기운차게 앞질러 나서다.
냇고랑 (명사) 개울.
냇기 (부사) 낫게. 넉넉히. ¶ 냇기 무웄다.(=넉넉히 먹었다.)
냇도랑 (명사) 개울.
냉가나라 (준말) 남겨놓아라.
냉갈시럽다 (형용사) 냉갈령스럽다 : 몹시 매정하고 쌀쌀하다.
냉구다/냉궇다/냉기다 (동사) 남기다.
너가배 (명사) 네 아비 : 남의 아버지를 낮추어 부르는 말.
너가부지 (명사) 네 아버지 : 남의 아버지를 낮추어 부르는 말.
너거 (대명사) 너. 너희. ¶ 너거는 오이 사네?(=너희는 어디 사느냐?) 너거매 집에 있나?(=네 어머니 집에 있느냐?)
너거마이 (명사) 네 (어미) : 남의 어머니를 낮추어 부르는 말.
너거매/너어매 (명사) 네 (어미). 남의 어머니를 낮추어 부르는 말.
너늘이다 (동사) (입을) 놀리다. (말을) 늘어놓다.
너더랑/너더렁/너덜강 (명사) 너덜겅. 너덜. 돌너덜 : 돌이 많이 흩어져 있는 비탈.
너리다 (형용사) 너르다.
너매 (명사) (산) 너머.
너무 (명사)+(조사) 남의. ¶ 너무 꺼 탐내지 말애이.(=남의 것 탐내지 말아라.)
너무 집 (명사)+(조사) 남의 집.
너무집살이 (명사) 남의집살이.",사투리,한국어,,2021-12-10 00:00:00,저작물양도계약서,진주시청,,,,제1유형,저작물,보호저작물,○,상업적이용가능,○,○,○,○,○,○,○,,2091-12-10 00:00:00,,
17,오디오,가이드/안내/정보,진주시청,진주시청,HOME > 진주소개 > 기본현황 > 진주 사투리 사전 > ㄴ,너부 ~ 누:리다,"너부 (명사) 넓이.
너부렝이 (명사) 너부렁이.
너불딴지/너불때 (명사) 꽃뱀. 유혈목이.
너이 (수사) 넷. ¶ 하나, 둘, 서이, 너이, 다아, 여어, 일고, 여덜, 아호, 열 중의 하나.
너주구리하다 (형용사) 너주레하다.
너주리하다 (형용사) 너주레하다.
너줄하다 (형용사) 너절하다.
넉동내이 (명사) 넉동내기 : 윷놀이에서 넉 동을 다 내어야 이기는 것으로 정한 일.
넉삼 (명사) 넉살. ¶ 술이 치해 가 넉삼을 피아 대고 있네.
넉살지이다 (동사) 넉살부리다. 넉살피우다.
넉짐살이 (명사) 넉동무니 : 윷놀이에서, 네 동이 한데 포개어져 가는 말.
넌저리 (명사) 넌더리.
넌저시 (부사) 넌지시 : 드러나지 않게 가만히.
넌절머리 (명사) 넌덜머리.
널널하다 (형용사) 널따랗다. 널찍하다.
널빈하다 (형용사) 널펀펀하다 : 넓고 펀펀하다.
널씩널씩 (부사) 널찍널찍. 늘썽늘썽.

널씩널씩하다 (형용사) 널찍널찍하다.
널짜놓다 (동사) 떨어뜨려놓다. 
널짱거리 (명사) 넉장거리 : 네 활개를 벌리고 뒤로 벌렁 나자빠짐.
널짱거리하다 (동사) 넉장거리하다 : 네 활개를 벌리고 뒤로 벌렁 나자빠지다.
널쭈다 (동사) 떨어뜨리다. ¶ 널쭐라, 조심해라.
널찌다 (동사) 떨어지다.
널치 (명사) 넌더리 : 지긋지긋히게 몹시 싫은 생각.
널쿠다 (동사) 넓히다.
널쿠ㆆ다 (동사) (활용 : 널쿠ㆆ고[널쿧꼬], 널쿠ㆆ지[널쿧찌], 널쿠ㆆ는[널쿧는], 널카라[널카라], 널카도[널카도]) 넓히다. ¶ 마당을 좀 널카야 되겄네.
널판때이 (명사) ‘널빤지’를 속되게 이르는 말.
넘 (명사) 남 : 자기 이외의 다른 사람.
넘넘찌리 (부사) 남남끼리.
넘데두룩 (부사) 남과 같이. 남 하는 대로. 남과 같은 정도로. ¶ 우리는 쌀금을 넘데두룩 받지 비싸기 안 받십니더.
넘사시럽다 (형용사) 남우세스럽다.
넘사시리 (부사) 남우세스레.
넘어티리다 (동사) 넘어뜨리다.
넘우사 (명사) 남우세, 남세. 
넘우사하다 (동사) 남우세하다.
넘우나 (연어) 남의 나이 : (‘먹다’, ‘자시다’ 따위와 함께 쓰여) 환갑이 지난 뒤의 나이를 이르는 말. 대체로 팔순 이상을 이른다. ¶ 팔십이 다 데 가는 남우나 무우 가는 마당에 이기 무신 일이고. 
넘우밥 보고 장 떠 묵는다 (속담) 아무 상관도 없는 남의 일에 공연히 서둘러 좋아하거나 턱없이 바라는 것을 비유적으로 이르는 말.
넘우살 겉다 (관용어) 남의 살 같다. 피부에 감각이 전혀 없다.
넘우집살이 (명사) 남의집살이 : 남의 집안일을 하며 그 집에 붙어사는 일. 
넘으우 (명사) ‘남의 위’란 말로 여자가 아이를 밴 것을 점잖게 이르는 말. ¶ 그 집 메느리가 넘으우라 쿠더라.
넙덕넙덕 (부사) 넓적넓적.
넙덕지 (명사) 넓적다리.
넙덕하다 (형용사) 넓적하다.
넙데이 (명사) 넙치.
넙죽하다 (형용사) 너부죽하다.
넝가띠리다 (동사) 넘어뜨리다.
넝거띠리다 (동사) 넘어뜨리다.
넝거집다 (동사) 넘겨짚다.
넝구다①/넝기다① (동사) (기한을) 넘기다.
넝구다②/넝기다② (동사) 삼키다.
넝구다③ (동사) 넘어뜨리다. ¶ 글마, 발로 걷아 넝가 삐라.
넝구리 (명사) 능구렁이.
넝굴 (명사) 덩굴 : 길게 뻗어 나가면서 다른 물건을 감기도 하고 땅바닥에 퍼지기도 하는 식물의 줄기.
넝굴때 (명사) 여뀌 : 마디풀과의 일년생 잡초.
넝출/넝쿨 (명사) 덩굴.
넝쿠레이 (명사) 덩굴.
-네 (어미) –느냐 : 해라 할 자리에 의문사와 함께 쓰여, 설명을 요하는 의문형 종결(어미). ¶ 지금 머 묵고 있네?(=지금 무얼 먹고 있느냐?) / 너거 아부지 오이 가싰네?(=네 아버지 어디 가셨느냐?)
네꼬탄 (명사) 조명탄(照明彈) : 터뜨리면 강한 빛을 내는 탄알이나 폭탄.
네꼴시럽다 (형용사) 뇌꼴스럽다 : 보기에 아니꼽고 얄미우며 못마땅한 데가 있다. 
네방구석을 맨다 (관용어) 무엇을 찾아 방 구석구석을 헤매다.
네중내중 (관용어) 너 죽고 나 죽고.
네중내중이 나다 (관용어) 너 죽고 나 죽기로 다투거나 싸우다.
네채 (수사) 네째.
넨장 (명사) 젠장.
넬넬하다 (형용사) 얼굴색이 노랗다.
넹가띠리다 (동사) 넘어뜨리다.
노골노골하다 (형용사) 노글노글하다.
노근하다 (형용사) 노곤하다.
노끄내끼 (명사) 노끈.
노나묵다 (동사) 나눠먹다.
노나풀 (명사) 노끈.
노낳다 (동사) 1. 아무런 깔개나 괴는 것 없이 물건을 땅바닥에 그대로 놓다. ¶ 모태에 미검 묻응께네 한데 노낳지 마라.(=석쇠에 먼지 묻으니까 한데 아무런 깔개나 괴는 것 없이 물건을 땅바닥에 그대로 놓지 마라.) 2. 아무렇게나 내놓아 키우다. ¶ 아:를 노낳아 믹이네.
노낳아 믹이다/노낳아 키우다 (관용어) ‘아무렇게나 내놓아 먹이거나 기르다.’는 뜻으로 자녀를 버릇없이 기르거나 소. 닭 따위의 방목(放牧)을 이르는 말.
노내끼 (명사) 노끈.
노누다/노눟다 (동사) 나누다. ¶ 무울 걸 노나 무우야지.
노니/노니기 (명사) 노래기.
노니챗국 (명사) 노래기챗국 : 고약한 냄새가 나는 노래기를 채로 썰어 먹겠다는 뜻으로 염치도 체면도 없이 행동하는 사람을 비꼬아 이르는 말.
노다리 (명사) 징검다리.
노닥다리 (명사) 늙다리 : ‘늙은이’를 낮잡아 이르는 말.
노디 (명사) 노둣돌. 징검돌.
노딧돌 (명사) 노둣돌. 징검돌.
노랗거로 (부사) 노랗게.
노락질① (명사) 놀림. ¶ 손노락질이 심하다.(=손놀림이 심하다.)
노락질② (명사) 노략질 : 떼를 지어 다니면서 사람을 마구 잡아가거나 재물을 빼앗아 가는 것.
노란조시 (명사) 노른자위.

노랑각씨 (명사) 노래기.
노랑내 (명사) 노린내.
노랑노랑 (부사) 노릇노릇.
노랑노랑하다 (형용사) 노릇노릇하다.
노랑노랑하이 (부사) 노릇노릇하게. ¶ 찌짐이 노랑노랑하이 익어 가네.
노랑재이 (명사) 노래기.
노랑조시 (명사) 노른자위.
노랗이 (부사) 노랗게. ¶ 참꽃이 노랗이 피어 있다.(=진달래가 노랗게 피어 있다.)
노래이/노랭이 (명사) 노랑이 : 속이 좁고 마음 씀씀이가 아주 인색한 사람을 낮잡아 이르는 말.
노롬 (명사) 노름. 도박.
노롬꾼 (명사) 노름꾼.
노롬판 (명사) 노름판. 도박판.
노:루/노:리 (명사) 노래(老來) : ‘늘그막’을 점잖게 이르는 말. ¶ 노루에 돈 걱정은 없어야 델 긴데.(=늘그막에 돈 걱정은 없어야 될 텐데.)
노륵 (명사) 노릇.
노리 (명사) 노루.
노리꾸무리하다 (형용사) 노르끄레하다.
노리끼리하다 (형용사) 노르께하다. 노르끄레하다.
노리다 (형용사) 노르다 : 달걀 노른자위의 빛깔과 같이 밝고 선명하다.
노리발 (명사) 노루발장도리.
노리소름하다 (형용사) 노르스름하다.
노리시롬하다 (형용사) 노르스름하다.
노리짱하다 (형용사) 노르스름하다.
노리짱하이 (부사) 노르스름하게.
노릿노릿 (부사) 노릇노릇.
노삭다리 (명사) 늙다리. ‘늙은이’를 낮잡아 이르는 말.
노성/노숭 (명사) 뇌성(雷聲).
노숭나무 (명사) 침향(枕向)나무.
노숭벽력 (명사) 뇌성벽력.
노옴타다 (동사) 주눅들다.
노음 (명사) 노여움.
노음풀다 (동사) 노여움을 풀다.
노푸다 (형용사) 높다.
녹그륵 (명사) 놋그릇.
녹디 (명사) 녹두.
녹디나물 (명사) 숙주나물.
녹디죽 (명사) 녹두죽.
녹후다 (동사) 녹이다.
논고동[-꼬-] (명사) 논우렁.
논다이 (명사) 논다니 : 하는 일 없이 빈둥빈둥 놀거나 게으름을 부리는 사람.
논도가리[-또--] (명사) 논배미 : 논두렁으로 둘러싸인 논의 하나하나의 구역.
논떼기/논떼이 (명사) 논뙈기 : 얼마 안 되는 자그마한 논.
논뚜덕/논뚜룩 (명사) 논두렁.
논매다 (동사) 김매다.
놀래다 (동사) 놀라다.
놀양패 (명사) 놀량패. 난봉꾼.
놀이가다 (동사) 화투나 윷놀이 따위에서 어느 한 편에 돈을 걸다.
놈패이 (명사) 놈팡이 : 직업이 없이 빌빌거리며 노는 사내를 낮잡아 이르는 말.
놋대재이/놋대쟁이 (명사) 놋갓장이 : 놋그릇을 만드는 일을 직업으로 하는 사람.
놋쎄 (명사) 놋쇠.
놋제까락 (명사) 놋젓가락 : 놋쇠로 만든 젓가락. 
농띠이/농띵이 (명사) 농땡이.
농띠치다 (동사) 농땡이를 치다.
농아리 (명사) 잡담 : 실속없는 잡담을 부정적으로 이르는 말.
농아리까다 (동사) 실속없는 잡담을 늘어놓다.
농애 (명사) 농어.
농토생이 (명사) 농투성이 : ‘농부’를 낮잡아 이르는 말.
놓다 (동사) (활용 : 놓고, 놓는, 나아, 나았다) (아이를) 낳다. ¶ 아: 나았다 쿠데?
누 (대명사) 누구. ¶ 이거는 누 끼고? (=이것은 누구 것이냐?)
누구 (명사) 누기(漏氣) : 눅눅하고 축축한 기운. ¶ 장마철이라 집안에 누구가 치네.(=장마철이라 집안에 누기가 치네.)
누구치다 (동사) 누기(漏氣)가 치다.
누누 (대명사) 누구누구. ¶ 내앨 모꼬지에 갈 사람 누누고?(=내일 잔치에 갈 사람은 누구누구냐?)
누디기/누디이 (명사) 누더기.
누디이옷 (명사) 누더기옷.
누런디/누렁티 (명사) 누렇게 익은 호박.
누럽다 (형용사) 마렵다.
누룬밥/누룽밥 (명사) 누룽지.
누룸하다/누루수룸하다 (형용사) 누르스름하다.
누룽내 (명사) 누린내.
누리꾸리하다 (형용사) 누르끄레하다.
누리끼하다 (형용사) 누르께하다.
누:리다 (형용사) 누르다. ¶ 누린 잎.(=누른 잎.)",2021-12-10 00:00:00,156,미부착,제1유형,무,,너부 ~ 누:리다,,어문,음성,"너부 (명사) 넓이.
너부렝이 (명사) 너부렁이.
너불딴지/너불때 (명사) 꽃뱀. 유혈목이.
너이 (수사) 넷. ¶ 하나, 둘, 서이, 너이, 다아, 여어, 일고, 여덜, 아호, 열 중의 하나.
너주구리하다 (형용사) 너주레하다.
너주리하다 (형용사) 너주레하다.
너줄하다 (형용사) 너절하다.
넉동내이 (명사) 넉동내기 : 윷놀이에서 넉 동을 다 내어야 이기는 것으로 정한 일.
넉삼 (명사) 넉살. ¶ 술이 치해 가 넉삼을 피아 대고 있네.
넉살지이다 (동사) 넉살부리다. 넉살피우다.
넉짐살이 (명사) 넉동무니 : 윷놀이에서, 네 동이 한데 포개어져 가는 말.
넌저리 (명사) 넌더리.
넌저시 (부사) 넌지시 : 드러나지 않게 가만히.
넌절머리 (명사) 넌덜머리.
널널하다 (형용사) 널따랗다. 널찍하다.
널빈하다 (형용사) 널펀펀하다 : 넓고 펀펀하다.
널씩널씩 (부사) 널찍널찍. 늘썽늘썽.

널씩널씩하다 (형용사) 널찍널찍하다.
널짜놓다 (동사) 떨어뜨려놓다. 
널짱거리 (명사) 넉장거리 : 네 활개를 벌리고 뒤로 벌렁 나자빠짐.
널짱거리하다 (동사) 넉장거리하다 : 네 활개를 벌리고 뒤로 벌렁 나자빠지다.
널쭈다 (동사) 떨어뜨리다. ¶ 널쭐라, 조심해라.
널찌다 (동사) 떨어지다.
널치 (명사) 넌더리 : 지긋지긋히게 몹시 싫은 생각.
널쿠다 (동사) 넓히다.
널쿠ㆆ다 (동사) (활용 : 널쿠ㆆ고[널쿧꼬], 널쿠ㆆ지[널쿧찌], 널쿠ㆆ는[널쿧는], 널카라[널카라], 널카도[널카도]) 넓히다. ¶ 마당을 좀 널카야 되겄네.
널판때이 (명사) ‘널빤지’를 속되게 이르는 말.
넘 (명사) 남 : 자기 이외의 다른 사람.
넘넘찌리 (부사) 남남끼리.
넘데두룩 (부사) 남과 같이. 남 하는 대로. 남과 같은 정도로. ¶ 우리는 쌀금을 넘데두룩 받지 비싸기 안 받십니더.
넘사시럽다 (형용사) 남우세스럽다.
넘사시리 (부사) 남우세스레.
넘어티리다 (동사) 넘어뜨리다.
넘우사 (명사) 남우세, 남세. 
넘우사하다 (동사) 남우세하다.
넘우나 (연어) 남의 나이 : (‘먹다’, ‘자시다’ 따위와 함께 쓰여) 환갑이 지난 뒤의 나이를 이르는 말. 대체로 팔순 이상을 이른다. ¶ 팔십이 다 데 가는 남우나 무우 가는 마당에 이기 무신 일이고. 
넘우밥 보고 장 떠 묵는다 (속담) 아무 상관도 없는 남의 일에 공연히 서둘러 좋아하거나 턱없이 바라는 것을 비유적으로 이르는 말.
넘우살 겉다 (관용어) 남의 살 같다. 피부에 감각이 전혀 없다.
넘우집살이 (명사) 남의집살이 : 남의 집안일을 하며 그 집에 붙어사는 일. 
넘으우 (명사) ‘남의 위’란 말로 여자가 아이를 밴 것을 점잖게 이르는 말. ¶ 그 집 메느리가 넘으우라 쿠더라.
넙덕넙덕 (부사) 넓적넓적.
넙덕지 (명사) 넓적다리.
넙덕하다 (형용사) 넓적하다.
넙데이 (명사) 넙치.
넙죽하다 (형용사) 너부죽하다.
넝가띠리다 (동사) 넘어뜨리다.
넝거띠리다 (동사) 넘어뜨리다.
넝거집다 (동사) 넘겨짚다.
넝구다①/넝기다① (동사) (기한을) 넘기다.
넝구다②/넝기다② (동사) 삼키다.
넝구다③ (동사) 넘어뜨리다. ¶ 글마, 발로 걷아 넝가 삐라.
넝구리 (명사) 능구렁이.
넝굴 (명사) 덩굴 : 길게 뻗어 나가면서 다른 물건을 감기도 하고 땅바닥에 퍼지기도 하는 식물의 줄기.
넝굴때 (명사) 여뀌 : 마디풀과의 일년생 잡초.
넝출/넝쿨 (명사) 덩굴.
넝쿠레이 (명사) 덩굴.
-네 (어미) –느냐 : 해라 할 자리에 의문사와 함께 쓰여, 설명을 요하는 의문형 종결(어미). ¶ 지금 머 묵고 있네?(=지금 무얼 먹고 있느냐?) / 너거 아부지 오이 가싰네?(=네 아버지 어디 가셨느냐?)
네꼬탄 (명사) 조명탄(照明彈) : 터뜨리면 강한 빛을 내는 탄알이나 폭탄.
네꼴시럽다 (형용사) 뇌꼴스럽다 : 보기에 아니꼽고 얄미우며 못마땅한 데가 있다. 
네방구석을 맨다 (관용어) 무엇을 찾아 방 구석구석을 헤매다.
네중내중 (관용어) 너 죽고 나 죽고.
네중내중이 나다 (관용어) 너 죽고 나 죽기로 다투거나 싸우다.
네채 (수사) 네째.
넨장 (명사) 젠장.
넬넬하다 (형용사) 얼굴색이 노랗다.
넹가띠리다 (동사) 넘어뜨리다.
노골노골하다 (형용사) 노글노글하다.
노근하다 (형용사) 노곤하다.
노끄내끼 (명사) 노끈.
노나묵다 (동사) 나눠먹다.
노나풀 (명사) 노끈.
노낳다 (동사) 1. 아무런 깔개나 괴는 것 없이 물건을 땅바닥에 그대로 놓다. ¶ 모태에 미검 묻응께네 한데 노낳지 마라.(=석쇠에 먼지 묻으니까 한데 아무런 깔개나 괴는 것 없이 물건을 땅바닥에 그대로 놓지 마라.) 2. 아무렇게나 내놓아 키우다. ¶ 아:를 노낳아 믹이네.
노낳아 믹이다/노낳아 키우다 (관용어) ‘아무렇게나 내놓아 먹이거나 기르다.’는 뜻으로 자녀를 버릇없이 기르거나 소. 닭 따위의 방목(放牧)을 이르는 말.
노내끼 (명사) 노끈.
노누다/노눟다 (동사) 나누다. ¶ 무울 걸 노나 무우야지.
노니/노니기 (명사) 노래기.
노니챗국 (명사) 노래기챗국 : 고약한 냄새가 나는 노래기를 채로 썰어 먹겠다는 뜻으로 염치도 체면도 없이 행동하는 사람을 비꼬아 이르는 말.
노다리 (명사) 징검다리.
노닥다리 (명사) 늙다리 : ‘늙은이’를 낮잡아 이르는 말.
노디 (명사) 노둣돌. 징검돌.
노딧돌 (명사) 노둣돌. 징검돌.
노랗거로 (부사) 노랗게.
노락질① (명사) 놀림. ¶ 손노락질이 심하다.(=손놀림이 심하다.)
노락질② (명사) 노략질 : 떼를 지어 다니면서 사람을 마구 잡아가거나 재물을 빼앗아 가는 것.
노란조시 (명사) 노른자위.

노랑각씨 (명사) 노래기.
노랑내 (명사) 노린내.
노랑노랑 (부사) 노릇노릇.
노랑노랑하다 (형용사) 노릇노릇하다.
노랑노랑하이 (부사) 노릇노릇하게. ¶ 찌짐이 노랑노랑하이 익어 가네.
노랑재이 (명사) 노래기.
노랑조시 (명사) 노른자위.
노랗이 (부사) 노랗게. ¶ 참꽃이 노랗이 피어 있다.(=진달래가 노랗게 피어 있다.)
노래이/노랭이 (명사) 노랑이 : 속이 좁고 마음 씀씀이가 아주 인색한 사람을 낮잡아 이르는 말.
노롬 (명사) 노름. 도박.
노롬꾼 (명사) 노름꾼.
노롬판 (명사) 노름판. 도박판.
노:루/노:리 (명사) 노래(老來) : ‘늘그막’을 점잖게 이르는 말. ¶ 노루에 돈 걱정은 없어야 델 긴데.(=늘그막에 돈 걱정은 없어야 될 텐데.)
노륵 (명사) 노릇.
노리 (명사) 노루.
노리꾸무리하다 (형용사) 노르끄레하다.
노리끼리하다 (형용사) 노르께하다. 노르끄레하다.
노리다 (형용사) 노르다 : 달걀 노른자위의 빛깔과 같이 밝고 선명하다.
노리발 (명사) 노루발장도리.
노리소름하다 (형용사) 노르스름하다.
노리시롬하다 (형용사) 노르스름하다.
노리짱하다 (형용사) 노르스름하다.
노리짱하이 (부사) 노르스름하게.
노릿노릿 (부사) 노릇노릇.
노삭다리 (명사) 늙다리. ‘늙은이’를 낮잡아 이르는 말.
노성/노숭 (명사) 뇌성(雷聲).
노숭나무 (명사) 침향(枕向)나무.
노숭벽력 (명사) 뇌성벽력.
노옴타다 (동사) 주눅들다.
노음 (명사) 노여움.
노음풀다 (동사) 노여움을 풀다.
노푸다 (형용사) 높다.
녹그륵 (명사) 놋그릇.
녹디 (명사) 녹두.
녹디나물 (명사) 숙주나물.
녹디죽 (명사) 녹두죽.
녹후다 (동사) 녹이다.
논고동[-꼬-] (명사) 논우렁.
논다이 (명사) 논다니 : 하는 일 없이 빈둥빈둥 놀거나 게으름을 부리는 사람.
논도가리[-또--] (명사) 논배미 : 논두렁으로 둘러싸인 논의 하나하나의 구역.
논떼기/논떼이 (명사) 논뙈기 : 얼마 안 되는 자그마한 논.
논뚜덕/논뚜룩 (명사) 논두렁.
논매다 (동사) 김매다.
놀래다 (동사) 놀라다.
놀양패 (명사) 놀량패. 난봉꾼.
놀이가다 (동사) 화투나 윷놀이 따위에서 어느 한 편에 돈을 걸다.
놈패이 (명사) 놈팡이 : 직업이 없이 빌빌거리며 노는 사내를 낮잡아 이르는 말.
놋대재이/놋대쟁이 (명사) 놋갓장이 : 놋그릇을 만드는 일을 직업으로 하는 사람.
놋쎄 (명사) 놋쇠.
놋제까락 (명사) 놋젓가락 : 놋쇠로 만든 젓가락. 
농띠이/농띵이 (명사) 농땡이.
농띠치다 (동사) 농땡이를 치다.
농아리 (명사) 잡담 : 실속없는 잡담을 부정적으로 이르는 말.
농아리까다 (동사) 실속없는 잡담을 늘어놓다.
농애 (명사) 농어.
농토생이 (명사) 농투성이 : ‘농부’를 낮잡아 이르는 말.
놓다 (동사) (활용 : 놓고, 놓는, 나아, 나았다) (아이를) 낳다. ¶ 아: 나았다 쿠데?
누 (대명사) 누구. ¶ 이거는 누 끼고? (=이것은 누구 것이냐?)
누구 (명사) 누기(漏氣) : 눅눅하고 축축한 기운. ¶ 장마철이라 집안에 누구가 치네.(=장마철이라 집안에 누기가 치네.)
누구치다 (동사) 누기(漏氣)가 치다.
누누 (대명사) 누구누구. ¶ 내앨 모꼬지에 갈 사람 누누고?(=내일 잔치에 갈 사람은 누구누구냐?)
누디기/누디이 (명사) 누더기.
누디이옷 (명사) 누더기옷.
누런디/누렁티 (명사) 누렇게 익은 호박.
누럽다 (형용사) 마렵다.
누룬밥/누룽밥 (명사) 누룽지.
누룸하다/누루수룸하다 (형용사) 누르스름하다.
누룽내 (명사) 누린내.
누리꾸리하다 (형용사) 누르끄레하다.
누리끼하다 (형용사) 누르께하다.
누:리다 (형용사) 누르다. ¶ 누린 잎.(=누른 잎.)",사투리,한국어,,2021-12-10 00:00:00,저작물양도계약서,진주시청,,,,제1유형,저작물,보호저작물,○,상업적이용가능,○,○,○,○,○,○,○,,2091-12-10 00:00:00,,
18,오디오,가이드/안내/정보,진주시청,진주시청,HOME > 진주소개 > 기본현황 > 진주 사투리 사전 > ㄴ,누리시룸하다 ~ 닝닝하다②,"누리시룸하다 (형용사) 누르스름하다.
누리팅팅하다 (형용사) 누르퉁퉁하다.
누말 문짜 아이라도 (속담) 굳이 누구의 말을 빌리지 않더라도.
누부/누우 (명사) 누나.
누우자다 (동사) 누워자다.
누운배이 (명사) 1. ‘누운뱅이’란 말로 앉거나 서지 못하고 누워서 지내는 사람. 2. 병 따위로 자리에서 일어나지 못하는 사람.
누지리다/누질다 (동사) 누르다. ¶ 초인종을 누지맀다.(=초인종을 눌렀다.)
눈가리 (명사) 눈가루 : 눈송이가 부서진 알갱이. 
눈갓새 (명사) 눈가. 눈가장. : 눈의 가장자리나 주변.
눈기티이 (명사) 눈구석.
눈까죽 (명사) 눈꺼풀. 눈까풀.
눈깔이 삐다 (관용어) (속되게) 욕심 따위로 눈이 어두워 그릇된 판단을 하다.
눈깔질하다 (동사) ‘흘기다’를 속되게 이르는 말.
눈깜쟁이 (명사) 눈깜작이. 눈끔적이.
눈껍데이 (명사) 눈꺼풀.
눈껍디/눈껍디기 (명사) 눈껍질. 
눈꼬리 (명사) 눈초리.
눈꼬시 (명사) 속눈썹.
눈꼴시럽다 (형용사) 눈꼴시다 : 하는 짓이 거슬리어 보기에 아니꼽다.
눈꼽 (명사) 눈곱.
눈꼽재이 (명사) 눈곱자기 : ‘눈곱’을 속되게 이르는 말.
눈꾸녕 (명사) 눈구멍.
눈다리끼/다리끼 (명사) 다래끼 : 속눈썹의 뿌리에 균이 들어가 눈시울이 발갛게 붓고 곪아서 생기는 작은 부스럼.
눈덩/눈뚜덕 (명사) 눈두덩.
눈때 (명사) 눈썰미.
눈때가 맵다 (관용어) 눈썰미가 있다.
눈뚜덕 (명사) 눈두덩.
눈뜬봉사 (명사) 당달봉사. 청맹과니.
눈보시다 (형용사) 눈부시다.
눈빠알 (명사) 눈망울.
눈빵울 (명사) 눈망울.
눈서불/눈서풀 (명사) 눈시울.
눈싸암 (명사) 눈싸움.
눈쌀매/눈쌀미 (명사) 눈썰미.
눈쌀미가 있다 (관용어) 눈썰미가 좋다. 눈썰미가 남다르다.
눈요구 (명사) 눈요기.
눈자국 (명사) 눈자위.
눈재이/눈치 (명사) 송사리.
눈질 (명사) 눈길 : 눈이 가는 곳, 또는 눈으로 보는 방향.
눈질다/눈지르다 (동사) 누르다. ¶ 피아노 건반을 눈질렀다.(=피아노 건반을 눌렀다.)
눈째그레이 (명사) 애꾸 : 한쪽 눈이 먼 사람을 낮잡아 이르는 말.
눈찌그데이/눈찌그뎅이 (명사) 애꾸눈이.
눈치 (명사) 송사리.
눈치꾸레이/눈치꾸레기 (명사) 눈치꾸러기.
눈팅이 (명사) 눈퉁이 : 눈두덩의 불룩한 곳을 속되게 이르는 말.
눗다 (동사) (활용 : 눗고, 눗지, 눗더라도, 눗는, 누우, 누우모, 누우라) 눕다.
느꿈하다 (부사) 느직하다 : 일정한 때보다 좀 늦다.
느럼느럼 (부사) 느럭느럭.
느럼느럼하다 (형용사) 느럭느럭하다.
느질막하다 (형용사) 느지막하다.
느질막하이 (부사) 느지막하게.
-는가베 (어미) -는가 봐. ¶ 입는가베. 가는가베. 노는가베. / 인자 밥 묵는가베?(=인제 밥을 먹는가 봐?) 
-(느)ㄴ담서 (어미) –(느)ㄴ다면서. ¶ 입는담서. 간담서. 논담서. / 요샌 일 안하고 논담서.
늘구다 (동사) 늘이다.
늙으이 (명사) 늙은이.
늘보리 (명사) 봄보리.
늘빈하다 (형용사) 늘비하다.
늘상 (부사) 늘 : 계속하여 언제나.
늘썩늘썩 (부사) 늘썽늘썽.
늘이띠리다 (동사) 늘어뜨리다.
늘이붙다 (동사) 눌어붙다.
늘쿠다 (동사) 늘리다.
늘푼수 (명사) 늘품 : 앞으로 좋게 발전할 품질이나 품성.
늘푼수 없다 (관용어) 앞으로 좋게 될 품성이 없다.
늙수구리하다 (형용사) 늙수그레하다.
능구리 (명사) 능구렁이 : 1. 뱀과의 하나. 2. 말이나 행동이 꽤 느린 모양을 나타내는 말.
능글밪다 (형용사) 능글맞다.
능실능실 (부사) 느릿느릿.
능청떨다 (동사) 능청대다.
능컴시럽다 (형용사) 능청스럽다.
늦가 (부사) 늦게.
늦가가다 (동사) 늦게가다.
늦가사/늦게사 (부사) 늦게야.
늦가오다 (동사) 늦게오다.
늦더우 (명사) 늦더위.
니① (대명사) 너.
니② (대명사) 누구. ¶ 니십니꺼(=누구십니까?). 아랫동네 니(=누구) 좀 만나러 간다.
니③ (명사) 뉘 : 쓿은 쌀 속에 등겨가 벗겨지지 않은 채로 섞인 벼 알갱이.
니기미 (감탄사) 네기. 네미 : 몹시 못마땅하여 욕으로 하는 말.
니까짓기 (준말) 네까짓 게.
-(스)ㅂ니꺼 (어미) -니까. ¶ (집에) 갑니꺼?(=갑니까?)
니끼하다 (형용사) 느끼하다.
니내하다 (동사) 너나들이하다 : 서로 너니 나니하고 부르며 허물없이 말을 건네다.
-니라 (어미) -느라. ¶ 공부하니라 애씬다.(=공부하느라 애쓴다.) 
-니라꼬 (어미) -느라고. ¶ 공부하니라꼬(=공부하느라고.)
니리니리 (부사) 느릿느릿.
니맛대로 (부사) 네 마음대로.
니 맛도 내 맛도 아이다 (속담) 이 맛도 저 맛도 아니어서 아무 맛도 없음을 이르는 말.
니미/니이미 (명사) 어떤 일에 대하여 몹시 못마땅할 때 욕으로 하는 말.
니비 (명사) 누비 : 두 겹의 천 사이에 솜을 넣고 줄이 죽죽지게 박는 바느질. 또는 그렇게 만든 물건.
니비다 (동사) 누비다.
니비두디 (명사) 누비포대기.
니비버선 (명사) 누비버선 : 누벼서 만든 버선.
니비옷 (명사) 누비옷.
니비이불 (명사) 누비이불.
니애비 (명사) ‘너의 아버지’를 비속하게 이르는 말.
니연 (명사) 니은.
니이 (명사) 누에.
-니이 ~ -니이 (어미) –느니 ~ 느니. ¶ 하니이 마니이, 가니이 마니이 하고 있다. 
니이꼬치 (명사) 누에고치.
니이다① (동사) 누비다 : 두 겹의 천 사이에 솜을 넣고 줄이 죽죽지게 박다.
니이다② (동사) (오줌을) 누이다.
니이뽕 (명사) 누에의 먹이로 쓰는 뽕잎.
니이씨 (명사) 누에씨.
니이 올리다 (관용어) 누에 올리다.
닙히다 (동사) 뉘다. 눕히다.
닝니무리하다 (형용사) 맹맹하다 : 음식 따위가 제 맛이 나지 아니하고 싱겁다. 
닝닝하다① (형용사) 밍밍하다 : 음식 따위가 제 맛이 나지 않고 몹시 싱겁다. ¶ 맥주가 김이 다 빠져 닝닝하다.
닝닝하다② (형용사) 느끼하다 : 비위에 맞지 아니할 만큼 음식에 기름기가 많다. ¶ 삼겹살 마이 무웄디만 닝닝한 기 속이 영 안 좋네.",2021-12-10 00:00:00,109,미부착,제1유형,무,,누리시룸하다 ~ 닝닝하다②,,어문,음성,"누리시룸하다 (형용사) 누르스름하다.
누리팅팅하다 (형용사) 누르퉁퉁하다.
누말 문짜 아이라도 (속담) 굳이 누구의 말을 빌리지 않더라도.
누부/누우 (명사) 누나.
누우자다 (동사) 누워자다.
누운배이 (명사) 1. ‘누운뱅이’란 말로 앉거나 서지 못하고 누워서 지내는 사람. 2. 병 따위로 자리에서 일어나지 못하는 사람.
누지리다/누질다 (동사) 누르다. ¶ 초인종을 누지맀다.(=초인종을 눌렀다.)
눈가리 (명사) 눈가루 : 눈송이가 부서진 알갱이. 
눈갓새 (명사) 눈가. 눈가장. : 눈의 가장자리나 주변.
눈기티이 (명사) 눈구석.
눈까죽 (명사) 눈꺼풀. 눈까풀.
눈깔이 삐다 (관용어) (속되게) 욕심 따위로 눈이 어두워 그릇된 판단을 하다.
눈깔질하다 (동사) ‘흘기다’를 속되게 이르는 말.
눈깜쟁이 (명사) 눈깜작이. 눈끔적이.
눈껍데이 (명사) 눈꺼풀.
눈껍디/눈껍디기 (명사) 눈껍질. 
눈꼬리 (명사) 눈초리.
눈꼬시 (명사) 속눈썹.
눈꼴시럽다 (형용사) 눈꼴시다 : 하는 짓이 거슬리어 보기에 아니꼽다.
눈꼽 (명사) 눈곱.
눈꼽재이 (명사) 눈곱자기 : ‘눈곱’을 속되게 이르는 말.
눈꾸녕 (명사) 눈구멍.
눈다리끼/다리끼 (명사) 다래끼 : 속눈썹의 뿌리에 균이 들어가 눈시울이 발갛게 붓고 곪아서 생기는 작은 부스럼.
눈덩/눈뚜덕 (명사) 눈두덩.
눈때 (명사) 눈썰미.
눈때가 맵다 (관용어) 눈썰미가 있다.
눈뚜덕 (명사) 눈두덩.
눈뜬봉사 (명사) 당달봉사. 청맹과니.
눈보시다 (형용사) 눈부시다.
눈빠알 (명사) 눈망울.
눈빵울 (명사) 눈망울.
눈서불/눈서풀 (명사) 눈시울.
눈싸암 (명사) 눈싸움.
눈쌀매/눈쌀미 (명사) 눈썰미.
눈쌀미가 있다 (관용어) 눈썰미가 좋다. 눈썰미가 남다르다.
눈요구 (명사) 눈요기.
눈자국 (명사) 눈자위.
눈재이/눈치 (명사) 송사리.
눈질 (명사) 눈길 : 눈이 가는 곳, 또는 눈으로 보는 방향.
눈질다/눈지르다 (동사) 누르다. ¶ 피아노 건반을 눈질렀다.(=피아노 건반을 눌렀다.)
눈째그레이 (명사) 애꾸 : 한쪽 눈이 먼 사람을 낮잡아 이르는 말.
눈찌그데이/눈찌그뎅이 (명사) 애꾸눈이.
눈치 (명사) 송사리.
눈치꾸레이/눈치꾸레기 (명사) 눈치꾸러기.
눈팅이 (명사) 눈퉁이 : 눈두덩의 불룩한 곳을 속되게 이르는 말.
눗다 (동사) (활용 : 눗고, 눗지, 눗더라도, 눗는, 누우, 누우모, 누우라) 눕다.
느꿈하다 (부사) 느직하다 : 일정한 때보다 좀 늦다.
느럼느럼 (부사) 느럭느럭.
느럼느럼하다 (형용사) 느럭느럭하다.
느질막하다 (형용사) 느지막하다.
느질막하이 (부사) 느지막하게.
-는가베 (어미) -는가 봐. ¶ 입는가베. 가는가베. 노는가베. / 인자 밥 묵는가베?(=인제 밥을 먹는가 봐?) 
-(느)ㄴ담서 (어미) –(느)ㄴ다면서. ¶ 입는담서. 간담서. 논담서. / 요샌 일 안하고 논담서.
늘구다 (동사) 늘이다.
늙으이 (명사) 늙은이.
늘보리 (명사) 봄보리.
늘빈하다 (형용사) 늘비하다.
늘상 (부사) 늘 : 계속하여 언제나.
늘썩늘썩 (부사) 늘썽늘썽.
늘이띠리다 (동사) 늘어뜨리다.
늘이붙다 (동사) 눌어붙다.
늘쿠다 (동사) 늘리다.
늘푼수 (명사) 늘품 : 앞으로 좋게 발전할 품질이나 품성.
늘푼수 없다 (관용어) 앞으로 좋게 될 품성이 없다.
늙수구리하다 (형용사) 늙수그레하다.
능구리 (명사) 능구렁이 : 1. 뱀과의 하나. 2. 말이나 행동이 꽤 느린 모양을 나타내는 말.
능글밪다 (형용사) 능글맞다.
능실능실 (부사) 느릿느릿.
능청떨다 (동사) 능청대다.
능컴시럽다 (형용사) 능청스럽다.
늦가 (부사) 늦게.
늦가가다 (동사) 늦게가다.
늦가사/늦게사 (부사) 늦게야.
늦가오다 (동사) 늦게오다.
늦더우 (명사) 늦더위.
니① (대명사) 너.
니② (대명사) 누구. ¶ 니십니꺼(=누구십니까?). 아랫동네 니(=누구) 좀 만나러 간다.
니③ (명사) 뉘 : 쓿은 쌀 속에 등겨가 벗겨지지 않은 채로 섞인 벼 알갱이.
니기미 (감탄사) 네기. 네미 : 몹시 못마땅하여 욕으로 하는 말.
니까짓기 (준말) 네까짓 게.
-(스)ㅂ니꺼 (어미) -니까. ¶ (집에) 갑니꺼?(=갑니까?)
니끼하다 (형용사) 느끼하다.
니내하다 (동사) 너나들이하다 : 서로 너니 나니하고 부르며 허물없이 말을 건네다.
-니라 (어미) -느라. ¶ 공부하니라 애씬다.(=공부하느라 애쓴다.) 
-니라꼬 (어미) -느라고. ¶ 공부하니라꼬(=공부하느라고.)
니리니리 (부사) 느릿느릿.
니맛대로 (부사) 네 마음대로.
니 맛도 내 맛도 아이다 (속담) 이 맛도 저 맛도 아니어서 아무 맛도 없음을 이르는 말.
니미/니이미 (명사) 어떤 일에 대하여 몹시 못마땅할 때 욕으로 하는 말.
니비 (명사) 누비 : 두 겹의 천 사이에 솜을 넣고 줄이 죽죽지게 박는 바느질. 또는 그렇게 만든 물건.
니비다 (동사) 누비다.
니비두디 (명사) 누비포대기.
니비버선 (명사) 누비버선 : 누벼서 만든 버선.
니비옷 (명사) 누비옷.
니비이불 (명사) 누비이불.
니애비 (명사) ‘너의 아버지’를 비속하게 이르는 말.
니연 (명사) 니은.
니이 (명사) 누에.
-니이 ~ -니이 (어미) –느니 ~ 느니. ¶ 하니이 마니이, 가니이 마니이 하고 있다. 
니이꼬치 (명사) 누에고치.
니이다① (동사) 누비다 : 두 겹의 천 사이에 솜을 넣고 줄이 죽죽지게 박다.
니이다② (동사) (오줌을) 누이다.
니이뽕 (명사) 누에의 먹이로 쓰는 뽕잎.
니이씨 (명사) 누에씨.
니이 올리다 (관용어) 누에 올리다.
닙히다 (동사) 뉘다. 눕히다.
닝니무리하다 (형용사) 맹맹하다 : 음식 따위가 제 맛이 나지 아니하고 싱겁다. 
닝닝하다① (형용사) 밍밍하다 : 음식 따위가 제 맛이 나지 않고 몹시 싱겁다. ¶ 맥주가 김이 다 빠져 닝닝하다.
닝닝하다② (형용사) 느끼하다 : 비위에 맞지 아니할 만큼 음식에 기름기가 많다. ¶ 삼겹살 마이 무웄디만 닝닝한 기 속이 영 안 좋네.",사투리,한국어,,2021-12-10 00:00:00,저작물양도계약서,진주시청,,,,제1유형,저작물,보호저작물,○,상업적이용가능,○,○,○,○,○,○,○,,2091-12-10 00:00:00,,
19,오디오,가이드/안내/정보,진주시청,진주시청,HOME > 진주소개 > 기본현황 > 진주 사투리 사전 > ㄷ,다구지다 ~ 당채,"진주 사투리 사전 디귿
다구지다 (형용사) 다부지다.
다님 (명사) 대님 : 한복에서 남자들이 바지를 입은 뒤에 그 가랑이의 끝 쪽을 접어서 발목을 졸라매는 끈.

다담시리 (부사) 다부지게.
다 덴 밥에 코 빠 줄라 ((속담)) ‘다 된 밥에 코 빠뜨릴라.’는 말로, 일을 끝매듭 지을 때까지 조심해 하라는 말이다.
다딤돌 (명사) 다듬잇돌.
다딤방마이 (명사) 다듬잇방망이.
다딤이 (명사) 다듬이.
다딤질 (명사) 다듬이질.
다람 (명사) 달음 : 달리는 일.
다람지 (명사) 다람쥐.
다람질 (명사) 달음질. 달음박질.
다람치기 (명사) 달음질치기.
다리끼① (명사) 다래끼 : 속눈썹의 뿌리에 균이 들어가 눈시울이 발갛게 붓고 곪아서 생기는 작은 부스럼.
다리끼② (명사) 다래끼 : 아가리가 좁고 바닥이 넓은 바구니. 대, 싸리 따위로 만든다.
다리목때이/다리몽대이/다리몽디 (명사) 다리몽둥이.
다리몽세이 (명사) 다리몽둥이 : ‘다리’를 속되게 이르는 말.
다리비 (명사) 다리미.
다리비질 (명사) 다리미질.
다리이 (명사) 다른 이. 다른 사람.
다무리다 (동사) (입을) 다물다.
다문 (부사) 다만. 최소한.
다물리다 (형용사) 다급하다.
다박솔 (명사) 다복솔.
다부 (부사) 1. 도리어. 2. 도로 : 향하던 쪽에서 되돌아서. ¶ 잘못한 기 다부 큰소리를 치고 있네. 
다부로 (부사) 도리어. 오히려.
다북다북 (부사) 다복다복.
다북하다 (형용사) 다복하다 : 풀이나 나무 따위가 아주 탐스럽게 소복하다.
다분시럽다 (형용사) 수다스럽다.
다불 (명사) 다발 : 꽃이나 푸성귀, 돈 따위의 묶음.다불쑥 (명사) 다북쑥.
다뿍 (부사) 가득.
다서 (수사) 다섯.
다시리다 (동사) 다스리다. 
다신애비 (명사) [어원 : 다아비] 의붓아비.
다신에미 (명사) [어원 : 다(어미)] 의붓(어미).
다쎄 (명사) 닷새.
다아 (수사) 다섯. ¶ 하나, 둘, 서이, 너이, 다아, 여어, 일고, 여덜, 아호, 열 중의 하나
다알나다 (동사) 달아나다.
다알빼다 (동사) 달아나다.
다암 (명사) 다음.
다잡아채다 (동사) 다그치다.
다치다 (동사) 닥치다. ¶ 입 좀 다치고 있거라.
다풀기리다 (동사) 다팔거리다.
다풀다풀 (부사) 다팔다팔.
닥 (명사) 닭. ¶ 닥은 어디 있네?
닥게기/닥게이 (명사) 닭고기.
닥베실 (명사) 닭의 볏 : 닭의 이마 위에 세로로 붙은 살 조각. 빛깔이 붉고 시울이 톱니처럼 생겼다.
닥알 (명사) [어원 : 알>닥알, 알>달걀] 달걀. 계란(鷄卵).
닥엇가리 (명사) 닭의 어리.
닥정 (명사) 다짐 : 이미 한 일이나 앞으로 할 일에 틀림이 없음을 단단히 강조하거나 확인함.
닥정받다 (동사) 다짐받다.
-단께 (어미) -다니까. ¶ 그렇단께(=그렇다니까), 간단께, 했단께. / 내앨은 틀림없이 비 온단께(=내일은 틀림없이 비 온다니까.)
단다이/단디 (부사) 단단히. 조심스레. 잘. ¶ 실수 없도록 단디 해라.
단뿐에/단분에 (부사) 단번에.
단불 (명사) 단벌 : 오직 하나뿐인 옷. ¶ 단불 신사(=단벌 신사).

단술 (명사) 식혜 : 우리나라 전통 음료의 하나. 엿기름을 우린 웃물에 쌀밥을 말아 독에 넣어 더운 방에 삭히면 밥알이 뜨는데, 거기에 설탕을 넣고 끓여 차게 식혀 먹는다. 요즘에는 전기밥솥을 이용해 밥알을 삭히기도 한다. 
단장① (명사) 담. 담장.
단장② (명사) 당장.
단지걸음 (명사) 종종걸음.
단짐에 (부사) 단김에.
단출받다 (형용사) 단출하다 : 식구나 구성원이 많지 않아서 홀가분하다.
닫기다 (동사) 닫히다.
달가지 (명사) 다리. ‘다리’를 속되게 이르는 말.
달갈 (명사) 달걀.
달개다 (동사) 달래다.
달구까리 (명사) 닭의어리 : 병아리 따위를 가두어 기르는 물건. 대나무나 싸리로 채를 엮어 둥글게 만든다.
달구똥 (명사) 닭똥.
달구베실 (명사) 닭볏.
달구새끼 (명사) ‘닭’을 속되게 이르는 말.
달구어까리 (명사) 어리 : 병아리나 닭 따위를 가두어 기르기 위하여 채를 엮어 만든 물건.
달구장 (명사) 닭장.
달구통 (명사) 닭장.
달다랗다 (형용사) 달콤하다.
달달하다 (형용사) 달콤하다.
달달하이 (부사) 달콤하게. 달콤히.
달띠이 (명사) 달덩이.
달라들다 (동사) 달려들다.
달라빼다 (동사) 달아나다.
달래 (명사) 다래 : 다래나무의 열매.
달롱개 (명사) 달래 : 백합과의 여러해살이풀. 파와 같은 냄새가 나고 매운 맛이 있으며 식용한다.
달리다/딸리다 (동사) 달리다 : 재물이나 기술, 힘 따위가 모자라다. ¶ 일손이 딸린다.(=일꾼이 모자란다.)
달문 (명사) 달무리.
달보디리하다 (형용사) 달보드레하다.
달비 (명사) 다리 : 옛날에 여자들의 머리숱이 많아 보이라고 덧 넣었던 땋은 머리, 또는 숱이 많아 자른 머리.
달빼다 (동사) 달아나다.
달암질 (명사) 달음질. 달음박질.
달찌근하다 (형용사) 달짝지근하다.
달쿠다 (동사) 달구다 : 타지 않는 고체인 쇠나 돌 따위를 불에 대어 뜨겁게 하다.
달패이 (명사) 달팽이.
달푸 (명사) 달포 : 한 달이 조금 넘는 기간.
담다 (동사) 담그다. ¶ 간장을 담을 때가 뎄다(=담글 때가 되었다).
담방주우/담방중우 (명사) 잠방이 : 가랑이가 무릎까지 내려오도록 짧게 만든 홑바지.
담배 한 대지기 담배 한 개비 피울 동안이라는 뜻으로, 잠깐 동안을 이르는 말.
담배꼭대이 (명사) 담배통 : 담뱃대에서 담배를 넣는 부분.
담배담배 (감탄사) 염소를 부를 때 내는 소리.
담배물쪼리 (명사) 담배물부리 : 담뱃대로 담배를 피울 때 입에 물고 빠는 자리에 끼우는 물건.
담배줌치 (명사) 담배쌈지.
담보 (명사) 담비 : 족제빗과의 하나. 족제비보다 약간 크고 누런 갈색이나 겨울에는 담색으로 변한다. 모피의 질이 좋다. ‘호랑이 잡는 담보’ 라는 속담이 있다.
담부랑 (명사) 담. 담벼락.
담살이 (명사) 꼴머슴살이 : 소여물이나 끓여주며 심부름 하는 아이.
담은감 (명사) 우린감.
담재이넝쿨 (명사) 담쟁이덩굴.
답 (명사) 무렵 : 대략 어떤 시기와 일치하는 즈음. ¶ 저녁 답에 만내자.(=저녁 무렵에 만나자.)
답댑이 (명사) 답답이 : 사리를 분별할 줄 모르거나 약삭빠르지 못하여 생각이나 행동이 갑갑하게 보이는 사람.
당구다 (동사) 담그다.
당그라매다 (동사) 달아매다.
당그래 (명사) 고무래.
당그레 (명사) 둥굴레 : 백합과의 여러해살이풀. 땅속줄기는 약용으로 하거나 식용하며 어린잎은 먹는다.
당그레차 (명사) 둥굴레차.
당나구 (명사) 당나귀.
당달이 (명사) 당달봉사. 청맹과니 : 겉으로 보기에는 눈이 멀쩡하나 앞을 보지 못하는 눈. 또는 그런 사람.
당머리 (명사) 당마루. 너새 : 지붕의 합각머리 양쪽으로 마루가 지도록 기와를 덮은 부분.
당세기/당세이 (명사) 고리 : 고리버들의 가지나 대오리 따위로 상자같이 만든 물건. 주로 옷을 넣어 두는 데 쓰거나, 떡 따위를 넣는 데 쓴다.
당오지다 (형용사) 다부지다.
당채 (부사) 당최. 도무지. 영.",2021-12-10 00:00:00,115,미부착,제1유형,무,,다구지다 ~ 당채,,어문,음성,"진주 사투리 사전 디귿
다구지다 (형용사) 다부지다.
다님 (명사) 대님 : 한복에서 남자들이 바지를 입은 뒤에 그 가랑이의 끝 쪽을 접어서 발목을 졸라매는 끈.

다담시리 (부사) 다부지게.
다 덴 밥에 코 빠 줄라 ((속담)) ‘다 된 밥에 코 빠뜨릴라.’는 말로, 일을 끝매듭 지을 때까지 조심해 하라는 말이다.
다딤돌 (명사) 다듬잇돌.
다딤방마이 (명사) 다듬잇방망이.
다딤이 (명사) 다듬이.
다딤질 (명사) 다듬이질.
다람 (명사) 달음 : 달리는 일.
다람지 (명사) 다람쥐.
다람질 (명사) 달음질. 달음박질.
다람치기 (명사) 달음질치기.
다리끼① (명사) 다래끼 : 속눈썹의 뿌리에 균이 들어가 눈시울이 발갛게 붓고 곪아서 생기는 작은 부스럼.
다리끼② (명사) 다래끼 : 아가리가 좁고 바닥이 넓은 바구니. 대, 싸리 따위로 만든다.
다리목때이/다리몽대이/다리몽디 (명사) 다리몽둥이.
다리몽세이 (명사) 다리몽둥이 : ‘다리’를 속되게 이르는 말.
다리비 (명사) 다리미.
다리비질 (명사) 다리미질.
다리이 (명사) 다른 이. 다른 사람.
다무리다 (동사) (입을) 다물다.
다문 (부사) 다만. 최소한.
다물리다 (형용사) 다급하다.
다박솔 (명사) 다복솔.
다부 (부사) 1. 도리어. 2. 도로 : 향하던 쪽에서 되돌아서. ¶ 잘못한 기 다부 큰소리를 치고 있네. 
다부로 (부사) 도리어. 오히려.
다북다북 (부사) 다복다복.
다북하다 (형용사) 다복하다 : 풀이나 나무 따위가 아주 탐스럽게 소복하다.
다분시럽다 (형용사) 수다스럽다.
다불 (명사) 다발 : 꽃이나 푸성귀, 돈 따위의 묶음.다불쑥 (명사) 다북쑥.
다뿍 (부사) 가득.
다서 (수사) 다섯.
다시리다 (동사) 다스리다. 
다신애비 (명사) [어원 : 다아비] 의붓아비.
다신에미 (명사) [어원 : 다(어미)] 의붓(어미).
다쎄 (명사) 닷새.
다아 (수사) 다섯. ¶ 하나, 둘, 서이, 너이, 다아, 여어, 일고, 여덜, 아호, 열 중의 하나
다알나다 (동사) 달아나다.
다알빼다 (동사) 달아나다.
다암 (명사) 다음.
다잡아채다 (동사) 다그치다.
다치다 (동사) 닥치다. ¶ 입 좀 다치고 있거라.
다풀기리다 (동사) 다팔거리다.
다풀다풀 (부사) 다팔다팔.
닥 (명사) 닭. ¶ 닥은 어디 있네?
닥게기/닥게이 (명사) 닭고기.
닥베실 (명사) 닭의 볏 : 닭의 이마 위에 세로로 붙은 살 조각. 빛깔이 붉고 시울이 톱니처럼 생겼다.
닥알 (명사) [어원 : 알>닥알, 알>달걀] 달걀. 계란(鷄卵).
닥엇가리 (명사) 닭의 어리.
닥정 (명사) 다짐 : 이미 한 일이나 앞으로 할 일에 틀림이 없음을 단단히 강조하거나 확인함.
닥정받다 (동사) 다짐받다.
-단께 (어미) -다니까. ¶ 그렇단께(=그렇다니까), 간단께, 했단께. / 내앨은 틀림없이 비 온단께(=내일은 틀림없이 비 온다니까.)
단다이/단디 (부사) 단단히. 조심스레. 잘. ¶ 실수 없도록 단디 해라.
단뿐에/단분에 (부사) 단번에.
단불 (명사) 단벌 : 오직 하나뿐인 옷. ¶ 단불 신사(=단벌 신사).

단술 (명사) 식혜 : 우리나라 전통 음료의 하나. 엿기름을 우린 웃물에 쌀밥을 말아 독에 넣어 더운 방에 삭히면 밥알이 뜨는데, 거기에 설탕을 넣고 끓여 차게 식혀 먹는다. 요즘에는 전기밥솥을 이용해 밥알을 삭히기도 한다. 
단장① (명사) 담. 담장.
단장② (명사) 당장.
단지걸음 (명사) 종종걸음.
단짐에 (부사) 단김에.
단출받다 (형용사) 단출하다 : 식구나 구성원이 많지 않아서 홀가분하다.
닫기다 (동사) 닫히다.
달가지 (명사) 다리. ‘다리’를 속되게 이르는 말.
달갈 (명사) 달걀.
달개다 (동사) 달래다.
달구까리 (명사) 닭의어리 : 병아리 따위를 가두어 기르는 물건. 대나무나 싸리로 채를 엮어 둥글게 만든다.
달구똥 (명사) 닭똥.
달구베실 (명사) 닭볏.
달구새끼 (명사) ‘닭’을 속되게 이르는 말.
달구어까리 (명사) 어리 : 병아리나 닭 따위를 가두어 기르기 위하여 채를 엮어 만든 물건.
달구장 (명사) 닭장.
달구통 (명사) 닭장.
달다랗다 (형용사) 달콤하다.
달달하다 (형용사) 달콤하다.
달달하이 (부사) 달콤하게. 달콤히.
달띠이 (명사) 달덩이.
달라들다 (동사) 달려들다.
달라빼다 (동사) 달아나다.
달래 (명사) 다래 : 다래나무의 열매.
달롱개 (명사) 달래 : 백합과의 여러해살이풀. 파와 같은 냄새가 나고 매운 맛이 있으며 식용한다.
달리다/딸리다 (동사) 달리다 : 재물이나 기술, 힘 따위가 모자라다. ¶ 일손이 딸린다.(=일꾼이 모자란다.)
달문 (명사) 달무리.
달보디리하다 (형용사) 달보드레하다.
달비 (명사) 다리 : 옛날에 여자들의 머리숱이 많아 보이라고 덧 넣었던 땋은 머리, 또는 숱이 많아 자른 머리.
달빼다 (동사) 달아나다.
달암질 (명사) 달음질. 달음박질.
달찌근하다 (형용사) 달짝지근하다.
달쿠다 (동사) 달구다 : 타지 않는 고체인 쇠나 돌 따위를 불에 대어 뜨겁게 하다.
달패이 (명사) 달팽이.
달푸 (명사) 달포 : 한 달이 조금 넘는 기간.
담다 (동사) 담그다. ¶ 간장을 담을 때가 뎄다(=담글 때가 되었다).
담방주우/담방중우 (명사) 잠방이 : 가랑이가 무릎까지 내려오도록 짧게 만든 홑바지.
담배 한 대지기 담배 한 개비 피울 동안이라는 뜻으로, 잠깐 동안을 이르는 말.
담배꼭대이 (명사) 담배통 : 담뱃대에서 담배를 넣는 부분.
담배담배 (감탄사) 염소를 부를 때 내는 소리.
담배물쪼리 (명사) 담배물부리 : 담뱃대로 담배를 피울 때 입에 물고 빠는 자리에 끼우는 물건.
담배줌치 (명사) 담배쌈지.
담보 (명사) 담비 : 족제빗과의 하나. 족제비보다 약간 크고 누런 갈색이나 겨울에는 담색으로 변한다. 모피의 질이 좋다. ‘호랑이 잡는 담보’ 라는 속담이 있다.
담부랑 (명사) 담. 담벼락.
담살이 (명사) 꼴머슴살이 : 소여물이나 끓여주며 심부름 하는 아이.
담은감 (명사) 우린감.
담재이넝쿨 (명사) 담쟁이덩굴.
답 (명사) 무렵 : 대략 어떤 시기와 일치하는 즈음. ¶ 저녁 답에 만내자.(=저녁 무렵에 만나자.)
답댑이 (명사) 답답이 : 사리를 분별할 줄 모르거나 약삭빠르지 못하여 생각이나 행동이 갑갑하게 보이는 사람.
당구다 (동사) 담그다.
당그라매다 (동사) 달아매다.
당그래 (명사) 고무래.
당그레 (명사) 둥굴레 : 백합과의 여러해살이풀. 땅속줄기는 약용으로 하거나 식용하며 어린잎은 먹는다.
당그레차 (명사) 둥굴레차.
당나구 (명사) 당나귀.
당달이 (명사) 당달봉사. 청맹과니 : 겉으로 보기에는 눈이 멀쩡하나 앞을 보지 못하는 눈. 또는 그런 사람.
당머리 (명사) 당마루. 너새 : 지붕의 합각머리 양쪽으로 마루가 지도록 기와를 덮은 부분.
당세기/당세이 (명사) 고리 : 고리버들의 가지나 대오리 따위로 상자같이 만든 물건. 주로 옷을 넣어 두는 데 쓰거나, 떡 따위를 넣는 데 쓴다.
당오지다 (형용사) 다부지다.
당채 (부사) 당최. 도무지. 영.",사투리,한국어,,2021-12-10 00:00:00,저작물양도계약서,진주시청,,,,제1유형,저작물,보호저작물,○,상업적이용가능,○,○,○,○,○,○,○,,2091-12-10 00:00:00,,
20,오디오,가이드/안내/정보,진주시청,진주시청,HOME > 진주소개 > 기본현황 > 진주 사투리 사전 > ㄷ,닿이다/댛이다 ~ 데나깨나,"닿이다/댛이다 (동사) 닿다.
대갈몽시이 (명사) 대갈통 : ‘머리통’을 속되게 이르는 말.
대갈빡 (명사) 대갈빼기 : ‘머리’를 속되게 이르는 말.
대갈빼이 (명사) 대갈빼기.
대국밀 (명사) 귀리.
대까닥 (부사) 제꺼덕 : 어떤 일을 아주 시원스럽게 빨리 해치우는 모양.
대꼬장가리/대꼬장카리 (명사) ‘대꼬챙이’라는 뜻으로 대쪽같은 사람을 이르는 말.
대↑다 (동사) 비교하다. 견주다. 
¶ 닥알 대모 오리알이 더 크제.(=달걀에 비교하면 오리알이 더 크지.) / 이거는 거따 대모 헐썩 낫다.(=이것은 거기에 비하면 훨씬 낫다.)
대대대 (부사) 다닥다닥.
대대대하다 (형용사) 다닥다닥하다.
대똑 (부사) 되똑 : 오뚝 쳐든 모양.
대랑대랑 (부사) 대롱대롱.
대롱개띠다 (동사) 대롱대롱 매달리다.
대롱하다 (동사) 달리다 : 재물이나 힘 따위가 모자라다.
대↑리다① (동사) (옷을) 다리다.
대리다② (동사) (약제를) 달이다.
대리:다③ (동사) 취(醉)하다 : 어떤 기운으로 정신이 흐려지고 몸을 제대로 가눌 수가 없게 되다. 
¶ 약 기운에 대리다(=약 기운에 취하다.) / 마약에 대리다.(=마약에 취하다.)
대리미 (명사) 다리미.
대림질 (명사) 다림질.
대메꾼 (명사) 상여(喪輿)꾼 : 상여를 메는 사람.
대바구리 (명사) 대바구니.
대바라지다 (동사) 되바라지다.
대벤에 (부사) 대번에.
대배지다 (형용사) 되바라지다.
대비짜리 (명사) 대비 : 가는 대로 만든 비.
대수지다 (동사) 홍수가 지다. 홍수가 나다.
대습잖게 여이다 대수롭지 않게 여기다.
대습잖다 (형용사) 대수롭지 않다.
대알지다 (형용사) 되알지다.
대이다 (동사) 닿다.
대작대작 (부사) 되작되작. 뒤적뒤적.
대작이다 (동사) 되작이다. 뒤적이다.
대장재이 (명사) 대장장이 : 대장일을 하는 기술직 노동자.
대집 (명사) 대접.
대짜배이 (명사) 대짜배기.
대쪼가리 (명사) 대쪽.
대차① (부사) 도대체. ¶ 대차 무슨 말이고?(=도대체 무슨 말이냐?)
대차② (명사) 대추.
대차나 (부사) 과연. 역시.
대찌/대치 (감탄사) 어린아이에게 때리는 시늉을 하면서 내는 소리.
대치미 (명사) ［어원 : 대침(大枕) 즉, 대나무로 만든 베개］목침. 
댄방 (명사) 단박.
댓길이다[댇낄--] (형용사)［어원 : 댓길←대길(大吉)］ 아주 좋다.
댕구다 (동사) 댕기다 : 불을 옮아 붙게 하다.
댕기가다 (동사) 다녀가다.
댕기다① (동사) 다니다.
댕기다② (동사) 당기다.
댕기오다 (동사) 다녀오다.
댕기지다 (동사) 불이 옮아 붙다.
댕이다 (동사) 동이다 : 끈이나 실 따위로 감거나 둘러 묶다.
댛이다 (동사) 닿다.
더깨 (명사) 덮개.
더깨비 (명사) 덧게비 : 이미 있는 것에 덧대거나 더 보탬.
더덜방아 (명사) 디딜방아.
더덤뱅이/더딤이 (명사) 말더듬이.
더덤하다 (형용사) 하는 일이 어설프고 엉성하다.
더들리다 (동사) 들키다.
더듬수 (명사) 잘 알지 못하여 어슬프게 부리는 꾀. 어수룩한 척하며 부리는 속임수.
-더라모 (어미) -더라면.
더러 (부사) 덜 : 어떤 기준이나 정도가 약하게. 또는 그 이하로. 
¶ 곡석이 더러 익었다.(=곡식이 덜 익었다.) / 서답이 더러 몰랐다.(=빨래가 덜 말랐다.)
더리 (부사) 더러.
-더만/-더마는 (어미) -더구먼, -더니만. ¶ 가더마는, 오더마는, 잡더마는, 놀더마는. 
¶ 지 혼자 나 또도 잘 하더만.(=제 혼자 놓아 두어도 잘 하더구먼.) / 오올 비 온다 쿠더마는 안 오네.(=오늘 비 온다고 하더니만 오지 않네.) / 니 아푸다 쿠더만 이자 개않나?(=너 아프다고 하더니만 이제 괜찮으냐?)
더버다주다/데부다주다 (동사) 데려다주다.
더부 (명사) 더위.

내 더부 사 가라 (속담) 정월 대보름날 이른 아침에 더위 팔기를 할 때 하는 소리.
더부다나 (부사) 더욱이. 더군다나.
더부리 (명사) 투레 : 젖먹이가 두 입술을 떨며 투루루 소리를 내는 짓.
더뿍 (부사) 더뻑 : 앞뒤를 헤아리지 않고 불쑥 행동하는 모양. ¶ 모르는 사람의 손을 더뿍 잡았다.
더뿍더뿍 (부사) 더뻑더뻑 : 앞뒤를 헤아리지 아니하고 잇따라 불쑥불쑥 행동하는 모양.
더뿍더뿍하다 (동사) 앞뒤를 헤아리지 아니하고 잇따라 불쑥불쑥 행동하다.
더얼내다 (동사) 덜어내다.
더우 (명사) 더위.
더터보다 (동사) 더듬어보다. 찾아보다.
더트다 (동사) 더듬다. 찾다.
더퍽 (부사) 덥석.
더푼 (부사) 덥석.
더풀더풀 (부사) 더펄더펄 : 더부룩한 물건 따위가 조금 길게 늘어져 바람에 자꾸 흔들리는 모양.
덕석 (명사) 멍석 : 짚으로 결어 네모지게 만든 큰 깔개. 곡식을 널어 말리는 데 쓴다.
덕석몰이 (명사) 멍석말이 : 예전에, 권세 있는 집안에서 사사로이 사람을 멍석에 말아 놓고 뭇매를 가하던 일.
덕석몰이하다 (동사) 멍석말이하다.
덕석살 (명사) (이마의) 주름살.
덕신기리다 (동사) 득실거리다.
덕신덕신 (부사) 득실득실.
덛고가다 (동사) 데리고가다.
덛고오다 (동사) 데리고오다.
덤 (명사) 큰 바위. 바위로 된 벼랑.
덤더무리하다 (형용사) 덤덤하다 : 1. 특별한 감정의 동요 없이 그저 예사롭다. 2. 음식의 맛이 없고 몹시 싱겁다.
덤부레이 (명사) 덤불 : 어수선하게 엉클어진 수풀.
덤불 뚜디리다 ‘덤불 두드리다’는 말로 총각이 과부를 아내로 맞아들인 일을 속되게 이르는 말.
덤서리 (명사) 벼랑.
덤티기/덤티이 (명사) 덤터기.
덥더부리하다 (형용사) 후덥지근하다.
덥덥하다 (형용사) 꽤 무더운 데가 있다. 꽤 무덥다.
덥저구리 (명사) 덧저고리.
덥처입다 (동사) 껴입다 : 옷을 입은 위에 겹쳐 입다.
덥치다 (동사) 겹치다.
덧베기/덧베이 (명사) 덧뵈기. 덧보기.
덧베기장단/덧베이장단 (명사) 덧뵈기장단.
덧베기춤/덧베이춤 (명사) 덧뵈기춤 : 탈을 쓰고 농악 장단에 맞추어 추는 춤.
덧보선 (명사) 덧버선.
덧저구리 (명사) 덧저고리.
덩거리 (명사) 덩어리.
덩궇다 (동사) 댕기다. 지피다.
데 (명사) 되 : 곡식, 가루, 액체 따위를 담아 분량을 헤아리는 그릇. 주로 사각형 나무로 되어 있다.
데가옷 (명사) 되가웃 : 한 되 반쯤의 분량.
데갱기다 (동사) 되감기다 : 도로 감기거나 다시 감기게 되다. 자신이 꾸민 일에 자신이 걸려들게 되다.
데:기 (부사) 되게 : 아주. 몹시.
데:기 빼다 1. 되게 달리다. 2. 되게 잘난 척하다.
데끼① (감탄사) 떼끼. 예끼 : 자기보다 어린 사람을 혼내는 소리. ¶ 데끼, 이 사람아. 어림없는 소리 말게.
-데끼②/-데키 (어미) -듯이. ¶ 그렇데끼(=그렇듯이).
데나깨나 (부사) 도나캐나 : 하찮은 아무나, 또는 무엇이나.",2021-12-10 00:00:00,111,미부착,제1유형,무,,닿이다/댛이다 ~ 데나깨나,,어문,음성,"닿이다/댛이다 (동사) 닿다.
대갈몽시이 (명사) 대갈통 : ‘머리통’을 속되게 이르는 말.
대갈빡 (명사) 대갈빼기 : ‘머리’를 속되게 이르는 말.
대갈빼이 (명사) 대갈빼기.
대국밀 (명사) 귀리.
대까닥 (부사) 제꺼덕 : 어떤 일을 아주 시원스럽게 빨리 해치우는 모양.
대꼬장가리/대꼬장카리 (명사) ‘대꼬챙이’라는 뜻으로 대쪽같은 사람을 이르는 말.
대↑다 (동사) 비교하다. 견주다. 
¶ 닥알 대모 오리알이 더 크제.(=달걀에 비교하면 오리알이 더 크지.) / 이거는 거따 대모 헐썩 낫다.(=이것은 거기에 비하면 훨씬 낫다.)
대대대 (부사) 다닥다닥.
대대대하다 (형용사) 다닥다닥하다.
대똑 (부사) 되똑 : 오뚝 쳐든 모양.
대랑대랑 (부사) 대롱대롱.
대롱개띠다 (동사) 대롱대롱 매달리다.
대롱하다 (동사) 달리다 : 재물이나 힘 따위가 모자라다.
대↑리다① (동사) (옷을) 다리다.
대리다② (동사) (약제를) 달이다.
대리:다③ (동사) 취(醉)하다 : 어떤 기운으로 정신이 흐려지고 몸을 제대로 가눌 수가 없게 되다. 
¶ 약 기운에 대리다(=약 기운에 취하다.) / 마약에 대리다.(=마약에 취하다.)
대리미 (명사) 다리미.
대림질 (명사) 다림질.
대메꾼 (명사) 상여(喪輿)꾼 : 상여를 메는 사람.
대바구리 (명사) 대바구니.
대바라지다 (동사) 되바라지다.
대벤에 (부사) 대번에.
대배지다 (형용사) 되바라지다.
대비짜리 (명사) 대비 : 가는 대로 만든 비.
대수지다 (동사) 홍수가 지다. 홍수가 나다.
대습잖게 여이다 대수롭지 않게 여기다.
대습잖다 (형용사) 대수롭지 않다.
대알지다 (형용사) 되알지다.
대이다 (동사) 닿다.
대작대작 (부사) 되작되작. 뒤적뒤적.
대작이다 (동사) 되작이다. 뒤적이다.
대장재이 (명사) 대장장이 : 대장일을 하는 기술직 노동자.
대집 (명사) 대접.
대짜배이 (명사) 대짜배기.
대쪼가리 (명사) 대쪽.
대차① (부사) 도대체. ¶ 대차 무슨 말이고?(=도대체 무슨 말이냐?)
대차② (명사) 대추.
대차나 (부사) 과연. 역시.
대찌/대치 (감탄사) 어린아이에게 때리는 시늉을 하면서 내는 소리.
대치미 (명사) ［어원 : 대침(大枕) 즉, 대나무로 만든 베개］목침. 
댄방 (명사) 단박.
댓길이다[댇낄--] (형용사)［어원 : 댓길←대길(大吉)］ 아주 좋다.
댕구다 (동사) 댕기다 : 불을 옮아 붙게 하다.
댕기가다 (동사) 다녀가다.
댕기다① (동사) 다니다.
댕기다② (동사) 당기다.
댕기오다 (동사) 다녀오다.
댕기지다 (동사) 불이 옮아 붙다.
댕이다 (동사) 동이다 : 끈이나 실 따위로 감거나 둘러 묶다.
댛이다 (동사) 닿다.
더깨 (명사) 덮개.
더깨비 (명사) 덧게비 : 이미 있는 것에 덧대거나 더 보탬.
더덜방아 (명사) 디딜방아.
더덤뱅이/더딤이 (명사) 말더듬이.
더덤하다 (형용사) 하는 일이 어설프고 엉성하다.
더들리다 (동사) 들키다.
더듬수 (명사) 잘 알지 못하여 어슬프게 부리는 꾀. 어수룩한 척하며 부리는 속임수.
-더라모 (어미) -더라면.
더러 (부사) 덜 : 어떤 기준이나 정도가 약하게. 또는 그 이하로. 
¶ 곡석이 더러 익었다.(=곡식이 덜 익었다.) / 서답이 더러 몰랐다.(=빨래가 덜 말랐다.)
더리 (부사) 더러.
-더만/-더마는 (어미) -더구먼, -더니만. ¶ 가더마는, 오더마는, 잡더마는, 놀더마는. 
¶ 지 혼자 나 또도 잘 하더만.(=제 혼자 놓아 두어도 잘 하더구먼.) / 오올 비 온다 쿠더마는 안 오네.(=오늘 비 온다고 하더니만 오지 않네.) / 니 아푸다 쿠더만 이자 개않나?(=너 아프다고 하더니만 이제 괜찮으냐?)
더버다주다/데부다주다 (동사) 데려다주다.
더부 (명사) 더위.

내 더부 사 가라 (속담) 정월 대보름날 이른 아침에 더위 팔기를 할 때 하는 소리.
더부다나 (부사) 더욱이. 더군다나.
더부리 (명사) 투레 : 젖먹이가 두 입술을 떨며 투루루 소리를 내는 짓.
더뿍 (부사) 더뻑 : 앞뒤를 헤아리지 않고 불쑥 행동하는 모양. ¶ 모르는 사람의 손을 더뿍 잡았다.
더뿍더뿍 (부사) 더뻑더뻑 : 앞뒤를 헤아리지 아니하고 잇따라 불쑥불쑥 행동하는 모양.
더뿍더뿍하다 (동사) 앞뒤를 헤아리지 아니하고 잇따라 불쑥불쑥 행동하다.
더얼내다 (동사) 덜어내다.
더우 (명사) 더위.
더터보다 (동사) 더듬어보다. 찾아보다.
더트다 (동사) 더듬다. 찾다.
더퍽 (부사) 덥석.
더푼 (부사) 덥석.
더풀더풀 (부사) 더펄더펄 : 더부룩한 물건 따위가 조금 길게 늘어져 바람에 자꾸 흔들리는 모양.
덕석 (명사) 멍석 : 짚으로 결어 네모지게 만든 큰 깔개. 곡식을 널어 말리는 데 쓴다.
덕석몰이 (명사) 멍석말이 : 예전에, 권세 있는 집안에서 사사로이 사람을 멍석에 말아 놓고 뭇매를 가하던 일.
덕석몰이하다 (동사) 멍석말이하다.
덕석살 (명사) (이마의) 주름살.
덕신기리다 (동사) 득실거리다.
덕신덕신 (부사) 득실득실.
덛고가다 (동사) 데리고가다.
덛고오다 (동사) 데리고오다.
덤 (명사) 큰 바위. 바위로 된 벼랑.
덤더무리하다 (형용사) 덤덤하다 : 1. 특별한 감정의 동요 없이 그저 예사롭다. 2. 음식의 맛이 없고 몹시 싱겁다.
덤부레이 (명사) 덤불 : 어수선하게 엉클어진 수풀.
덤불 뚜디리다 ‘덤불 두드리다’는 말로 총각이 과부를 아내로 맞아들인 일을 속되게 이르는 말.
덤서리 (명사) 벼랑.
덤티기/덤티이 (명사) 덤터기.
덥더부리하다 (형용사) 후덥지근하다.
덥덥하다 (형용사) 꽤 무더운 데가 있다. 꽤 무덥다.
덥저구리 (명사) 덧저고리.
덥처입다 (동사) 껴입다 : 옷을 입은 위에 겹쳐 입다.
덥치다 (동사) 겹치다.
덧베기/덧베이 (명사) 덧뵈기. 덧보기.
덧베기장단/덧베이장단 (명사) 덧뵈기장단.
덧베기춤/덧베이춤 (명사) 덧뵈기춤 : 탈을 쓰고 농악 장단에 맞추어 추는 춤.
덧보선 (명사) 덧버선.
덧저구리 (명사) 덧저고리.
덩거리 (명사) 덩어리.
덩궇다 (동사) 댕기다. 지피다.
데 (명사) 되 : 곡식, 가루, 액체 따위를 담아 분량을 헤아리는 그릇. 주로 사각형 나무로 되어 있다.
데가옷 (명사) 되가웃 : 한 되 반쯤의 분량.
데갱기다 (동사) 되감기다 : 도로 감기거나 다시 감기게 되다. 자신이 꾸민 일에 자신이 걸려들게 되다.
데:기 (부사) 되게 : 아주. 몹시.
데:기 빼다 1. 되게 달리다. 2. 되게 잘난 척하다.
데끼① (감탄사) 떼끼. 예끼 : 자기보다 어린 사람을 혼내는 소리. ¶ 데끼, 이 사람아. 어림없는 소리 말게.
-데끼②/-데키 (어미) -듯이. ¶ 그렇데끼(=그렇듯이).
데나깨나 (부사) 도나캐나 : 하찮은 아무나, 또는 무엇이나.",사투리,한국어,,2021-12-10 00:00:00,저작물양도계약서,진주시청,,,,제1유형,저작물,보호저작물,○,상업적이용가능,○,○,○,○,○,○,○,,2091-12-10 00:00:00,,
21,오디오,가이드/안내/정보,진주시청,진주시청,HOME > 진주소개 > 기본현황 > 진주 사투리 사전 > ㄷ,데다① ~ 도르매줌치,"데다① (동사) 되다. (일이) 이루어지다. ¶ 밥이 다 뎄다.
데:다② (동사) 되다 : 일이 힘에 벅차다. ¶ 일이 데서 힘드네.

데다③ (동사) 되다 : 말(斗), 되(升), 홉(合) 따위로 가루, 곡식, 액체 따위의 분량을 헤아리다.
데:다④ (형용사) 되다 : 물기가 적어 빡빡하다. ¶ 반죽이 데다.
데돌이 (명사) 배돌이 : 한데 어울리지 아니하고 조금 동떨어져 행동하는 사람.
데따↑/ 데띠↑ (부사) 도리어.
데라지다 (형용사) 되바라지다 : 사람됨이 남을 배려하지 아니하고 건방지다. ¶ 그 가시나 어른한테 달려드는 기 데라져 몬씬데이.
데럼 (명사) 도련님.
데리① (명사) 도리기 : 여러 사람이 나누어 낸 돈이나 곡물로 음식을 장만하여 나누어 먹음. 또는 그런 일.
데리② (부사) 도리어.
데모시 (명사) 되모시 : 이혼하고 처녀 행세를 하고 있는 여자.
데바라지다 (형용사) 되바라지다.
데바꾸다/디바꾸다 (동사) 차례나 위치 따위를 서로 반대로 바꾸거나 마구 뒤섞이게 하다. ¶ 서로 처지를 디바까 생각해 보자. 
데배기/데배이 (명사) 됫박.
데불다 (동사) 데리다.
데불로가다 (동사) 데리러가다.
데불고오다 (동사) 데리고오다.
데비 (명사) 도배 : 종이로 벽이나 반자, 장지 따위를 바르는 일.
데비지 (명사) 도배지 : 도배하는 데 쓰는 종이.
데비질 (명사) 도배질.
데비하다 (동사) 도배하다.
데빡 (명사) 됫빡 : ‘되’를 속되게 이르는 말.
데살궃다 (형용사) 데설궃다 : 성질이 털털하고 걸걸하여 자상하지 못하다.
데시 (부사) 도리어.
데신하다 (형용사) 비슷하다. 엇비슷하다.
데쌍기다/데쌩기다 (동사) 데삶기다.
데씹다 (동사) 되씹다 : 한 말을 연해 자꾸 되풀이 하다.
데에기 (부사) 되게. 되우. 아주 몹시. 된통.
데엘로 (부사) 데리러.
데이 (감탄사) 에끼 : 마음에 마땅치 않거나 무엇에 싫증이 나서 그만 둘 때 내는 소리.
데이↑다① (동사) 데다 : 1. 불이나 뜨거운 기운으로 말미암아 살이 상하다. 2. 몹시 놀라거나 심한 괴로움을 겪어 진저리가 나다. 
¶ 사람에 데이다(=데다). 술에 데이다(=데다).
데↑이다② (동사) 다니다. ¶ 돌아데이다(=돌아다니다).
데이맞다 꼭 맞다.
데이순 (감탄사) 에끼.
데작이다 (동사) 되작이다 : 물건들을 요리조리 들추며 뒤지다.
데잖다 (형용사) 되잖다 : 올바르지 않거나 이치에 닿지 않다.
데재이 (명사) 말감고 : 곡식을 팔고 사는 시장판에서 되질하거나 마질하는 일을 직업으로 하던 사람.
데:지 (명사) 돼지.
데지게기/데지게이 (명사) 돼지고기.
데지기 (명사) 되내기 : 예전에 나무를 팔 때 속임수로 많아 보이거나 볼품 있게 보이려고 다시 묶던 땔나무.
데지대가리 (명사) 돼지머리.
데지마구 (명사) 돼지우리.
데지다 (동사) 되작거리다. 되작대다. 되작이다.
데치미 (명사) 되치미. 퇴침.
데침 (명사) 퇴침.
-데키 (어미) -듯이. ¶ 사람마다 생각이 다리데키(=다르듯이). 말하는 기 다 다리다.
덱 (감탄사) 에끼 : 마음에 마땅치 않거나 무엇에 싫증이 나서 그만 둘 때 내는 소리.
덱순 (감탄사) 에끼.
덴내 (명사) 단내 : 1. 높은 열에 눋거나 달아서 나는 냄새. 
¶ 군복은 덴내가 나게 대려야 멋이 있지. 2. 몸의 열이 몹시 높을 때, 입이나 코 안에서 나는 냄새. 
¶ 목구멍에서 단내가 나도록 달맀다.
덴들막 (명사) 약간 가파르게 높은 언덕.
덴서리 (명사) 된서리.
덴장 (명사) 된장.
덷고가다 (동사) 데리고 가다.
덷고오다 (동사) 데리고 오다.
델로가다 (동사) 데리러 가다.
뎀비다 (동사) 덤비다.
뎀비들다 (동사) 덤벼들다.
뎁:다 (부사) 도리어.
뎁↑히다 (동사) 덥히다. 데우다.
뎁후다 (동사) (활용 : 뎁후고, 뎁후지, 뎁후모, 뎁하, 뎁하라) 데우다. ¶ 국 식었다. 뎁하 온나. 술 좀 뎁하라.
뎅기다 (동사) 댕기다 : 불이 옮아 붙다.
도가리 (명사) 논배미 : 논두렁으로 둘러싸인 논의 하나하나의 구역.
도가지 (명사) 독 : 간장, 술, 김치 따위를 담가 두는 데에 쓰는 큰 오지그릇이나 질그릇. 
¶ 간장도가지(=간장독), 김치도가지(=김칫독).
도개 (명사) 도가(都家) : 1. 도매상. 2. 동업자들이 모여서 계나 장사에 대해 의논을 하는 집. ¶ 술도개(=술도가).
도갯집 (명사) 도가(都家)집. ¶ 도갯집 딸한테 장개들었다.
도고통/도구통 (명사) 절구통 : 절굿공이로 곡식을 빻거나 찧으며 떡을 치도록 통나무나 돌, 쇠 따위로 속이 우묵하게 만든 통.
도골도골 (부사) 데굴데굴.
도구 (명사) 물곬 : 벼논이나 보리논의 변두리에 물이 잘 빠지도록 깊게 파 놓은 물길.
도굿대 (명사) 절굿공이.
도구또랑 (명사) 물곬
도구방아/도굿방아 (명사) 절구.
도구질/도굿질 (명사) 절구질.
도구치다 (동사) 물곬치다.
도구통니 (명사) 어금니.
도굿대질 (명사) 절구질.
도꾸마리 (명사) 광주리. 
도독 (명사) 도둑.
도독게이/도독겡이 (명사) 도둑고양이.
도독놈 (명사) 도둑놈.
도독놈풀 (명사) 도깨비바늘.
도독질 (명사) 도둑질.
도돔하다 (형용사) 도드라져 보이다.
도떼이시장 (명사) 도떼기시장.
도라 (동사) 다오. ¶ 그 꽃 내 도라. (=그 꽃 나한테 다오.)
도랑사구 (명사) 옹배기. 옹자배기 : 둥글넓적하고 아가리가 쩍 벌어진 작은 질그릇.
도랑치매 (명사) 도랑치마 : ‘무릎이 드러날 만큼 짧은 치마’라는 뜻이나 집안 활동에 편한 치마를 이르는 말.
도랑태 (명사) 굴렁쇠.
도래 (명사) 두레 : 농민들이 농번기에 농사일을 공동으로 하기 위하여 만든 마을 조직.
도래꾼 (명사) 두레꾼 : 두레에 속하여 일하는 사람.
도래도래 (감탄사) 도리도리 : 어린 아이에게 도리질을 하라는 뜻으로 내는 소리.
도래밑천 (명사) 본래의 상태. 먼저와 다름없음.
도래바람 (명사) 회오리바람.
도래방정 (명사) 오두방정.
도래버짐 (명사) 기계총 : ‘두부 백선’을 일상적으로 이르는 말.
도래삼 (명사) 두레삼 : 부녀자들이 두레를 이루어 삼을 삼던 일.
도래질 (명사) 도리질 : 말귀를 겨우 알아듣는 어린아이가 어른이 시키는 대로 머리를 좌우로 흔드는 재롱.
도래판/두래판 (명사) 두리반.
도로 (부사) 도리어.
도로도로 (부사) 도래도래 : 여러 사람이나 물건이 주위에 동그랗게 둘러 있는 모양.
도로래 (명사) 도르래.
도롱태 (명사) 굴렁쇠 : 어린 아이 장난감의 하나. 쇠붙이나 대나무 따위로 만든 둥근 테로서, 굴렁대로 굴리며 논다.
도롱태 겉다 굴렁쇠처럼 잘 굴러다닌다는 뜻으로 움직임이 날랜 사람을 비유적으로 이르는 말.
도루깨 (명사) 도리깨.
도르매줌치 (명사) 두루주머니 : 허리에 차는 주머니의 하나. 아가리에 주름을 잡고 끈 두 개를 좌우로 꿰어서 홀치며, 위는 모가 지고 아래는 둥글다.",2021-12-10 00:00:00,104,미부착,제1유형,무,,데다① ~ 도르매줌치,,어문,음성,"데다① (동사) 되다. (일이) 이루어지다. ¶ 밥이 다 뎄다.
데:다② (동사) 되다 : 일이 힘에 벅차다. ¶ 일이 데서 힘드네.

데다③ (동사) 되다 : 말(斗), 되(升), 홉(合) 따위로 가루, 곡식, 액체 따위의 분량을 헤아리다.
데:다④ (형용사) 되다 : 물기가 적어 빡빡하다. ¶ 반죽이 데다.
데돌이 (명사) 배돌이 : 한데 어울리지 아니하고 조금 동떨어져 행동하는 사람.
데따↑/ 데띠↑ (부사) 도리어.
데라지다 (형용사) 되바라지다 : 사람됨이 남을 배려하지 아니하고 건방지다. ¶ 그 가시나 어른한테 달려드는 기 데라져 몬씬데이.
데럼 (명사) 도련님.
데리① (명사) 도리기 : 여러 사람이 나누어 낸 돈이나 곡물로 음식을 장만하여 나누어 먹음. 또는 그런 일.
데리② (부사) 도리어.
데모시 (명사) 되모시 : 이혼하고 처녀 행세를 하고 있는 여자.
데바라지다 (형용사) 되바라지다.
데바꾸다/디바꾸다 (동사) 차례나 위치 따위를 서로 반대로 바꾸거나 마구 뒤섞이게 하다. ¶ 서로 처지를 디바까 생각해 보자. 
데배기/데배이 (명사) 됫박.
데불다 (동사) 데리다.
데불로가다 (동사) 데리러가다.
데불고오다 (동사) 데리고오다.
데비 (명사) 도배 : 종이로 벽이나 반자, 장지 따위를 바르는 일.
데비지 (명사) 도배지 : 도배하는 데 쓰는 종이.
데비질 (명사) 도배질.
데비하다 (동사) 도배하다.
데빡 (명사) 됫빡 : ‘되’를 속되게 이르는 말.
데살궃다 (형용사) 데설궃다 : 성질이 털털하고 걸걸하여 자상하지 못하다.
데시 (부사) 도리어.
데신하다 (형용사) 비슷하다. 엇비슷하다.
데쌍기다/데쌩기다 (동사) 데삶기다.
데씹다 (동사) 되씹다 : 한 말을 연해 자꾸 되풀이 하다.
데에기 (부사) 되게. 되우. 아주 몹시. 된통.
데엘로 (부사) 데리러.
데이 (감탄사) 에끼 : 마음에 마땅치 않거나 무엇에 싫증이 나서 그만 둘 때 내는 소리.
데이↑다① (동사) 데다 : 1. 불이나 뜨거운 기운으로 말미암아 살이 상하다. 2. 몹시 놀라거나 심한 괴로움을 겪어 진저리가 나다. 
¶ 사람에 데이다(=데다). 술에 데이다(=데다).
데↑이다② (동사) 다니다. ¶ 돌아데이다(=돌아다니다).
데이맞다 꼭 맞다.
데이순 (감탄사) 에끼.
데작이다 (동사) 되작이다 : 물건들을 요리조리 들추며 뒤지다.
데잖다 (형용사) 되잖다 : 올바르지 않거나 이치에 닿지 않다.
데재이 (명사) 말감고 : 곡식을 팔고 사는 시장판에서 되질하거나 마질하는 일을 직업으로 하던 사람.
데:지 (명사) 돼지.
데지게기/데지게이 (명사) 돼지고기.
데지기 (명사) 되내기 : 예전에 나무를 팔 때 속임수로 많아 보이거나 볼품 있게 보이려고 다시 묶던 땔나무.
데지대가리 (명사) 돼지머리.
데지마구 (명사) 돼지우리.
데지다 (동사) 되작거리다. 되작대다. 되작이다.
데치미 (명사) 되치미. 퇴침.
데침 (명사) 퇴침.
-데키 (어미) -듯이. ¶ 사람마다 생각이 다리데키(=다르듯이). 말하는 기 다 다리다.
덱 (감탄사) 에끼 : 마음에 마땅치 않거나 무엇에 싫증이 나서 그만 둘 때 내는 소리.
덱순 (감탄사) 에끼.
덴내 (명사) 단내 : 1. 높은 열에 눋거나 달아서 나는 냄새. 
¶ 군복은 덴내가 나게 대려야 멋이 있지. 2. 몸의 열이 몹시 높을 때, 입이나 코 안에서 나는 냄새. 
¶ 목구멍에서 단내가 나도록 달맀다.
덴들막 (명사) 약간 가파르게 높은 언덕.
덴서리 (명사) 된서리.
덴장 (명사) 된장.
덷고가다 (동사) 데리고 가다.
덷고오다 (동사) 데리고 오다.
델로가다 (동사) 데리러 가다.
뎀비다 (동사) 덤비다.
뎀비들다 (동사) 덤벼들다.
뎁:다 (부사) 도리어.
뎁↑히다 (동사) 덥히다. 데우다.
뎁후다 (동사) (활용 : 뎁후고, 뎁후지, 뎁후모, 뎁하, 뎁하라) 데우다. ¶ 국 식었다. 뎁하 온나. 술 좀 뎁하라.
뎅기다 (동사) 댕기다 : 불이 옮아 붙다.
도가리 (명사) 논배미 : 논두렁으로 둘러싸인 논의 하나하나의 구역.
도가지 (명사) 독 : 간장, 술, 김치 따위를 담가 두는 데에 쓰는 큰 오지그릇이나 질그릇. 
¶ 간장도가지(=간장독), 김치도가지(=김칫독).
도개 (명사) 도가(都家) : 1. 도매상. 2. 동업자들이 모여서 계나 장사에 대해 의논을 하는 집. ¶ 술도개(=술도가).
도갯집 (명사) 도가(都家)집. ¶ 도갯집 딸한테 장개들었다.
도고통/도구통 (명사) 절구통 : 절굿공이로 곡식을 빻거나 찧으며 떡을 치도록 통나무나 돌, 쇠 따위로 속이 우묵하게 만든 통.
도골도골 (부사) 데굴데굴.
도구 (명사) 물곬 : 벼논이나 보리논의 변두리에 물이 잘 빠지도록 깊게 파 놓은 물길.
도굿대 (명사) 절굿공이.
도구또랑 (명사) 물곬
도구방아/도굿방아 (명사) 절구.
도구질/도굿질 (명사) 절구질.
도구치다 (동사) 물곬치다.
도구통니 (명사) 어금니.
도굿대질 (명사) 절구질.
도꾸마리 (명사) 광주리. 
도독 (명사) 도둑.
도독게이/도독겡이 (명사) 도둑고양이.
도독놈 (명사) 도둑놈.
도독놈풀 (명사) 도깨비바늘.
도독질 (명사) 도둑질.
도돔하다 (형용사) 도드라져 보이다.
도떼이시장 (명사) 도떼기시장.
도라 (동사) 다오. ¶ 그 꽃 내 도라. (=그 꽃 나한테 다오.)
도랑사구 (명사) 옹배기. 옹자배기 : 둥글넓적하고 아가리가 쩍 벌어진 작은 질그릇.
도랑치매 (명사) 도랑치마 : ‘무릎이 드러날 만큼 짧은 치마’라는 뜻이나 집안 활동에 편한 치마를 이르는 말.
도랑태 (명사) 굴렁쇠.
도래 (명사) 두레 : 농민들이 농번기에 농사일을 공동으로 하기 위하여 만든 마을 조직.
도래꾼 (명사) 두레꾼 : 두레에 속하여 일하는 사람.
도래도래 (감탄사) 도리도리 : 어린 아이에게 도리질을 하라는 뜻으로 내는 소리.
도래밑천 (명사) 본래의 상태. 먼저와 다름없음.
도래바람 (명사) 회오리바람.
도래방정 (명사) 오두방정.
도래버짐 (명사) 기계총 : ‘두부 백선’을 일상적으로 이르는 말.
도래삼 (명사) 두레삼 : 부녀자들이 두레를 이루어 삼을 삼던 일.
도래질 (명사) 도리질 : 말귀를 겨우 알아듣는 어린아이가 어른이 시키는 대로 머리를 좌우로 흔드는 재롱.
도래판/두래판 (명사) 두리반.
도로 (부사) 도리어.
도로도로 (부사) 도래도래 : 여러 사람이나 물건이 주위에 동그랗게 둘러 있는 모양.
도로래 (명사) 도르래.
도롱태 (명사) 굴렁쇠 : 어린 아이 장난감의 하나. 쇠붙이나 대나무 따위로 만든 둥근 테로서, 굴렁대로 굴리며 논다.
도롱태 겉다 굴렁쇠처럼 잘 굴러다닌다는 뜻으로 움직임이 날랜 사람을 비유적으로 이르는 말.
도루깨 (명사) 도리깨.
도르매줌치 (명사) 두루주머니 : 허리에 차는 주머니의 하나. 아가리에 주름을 잡고 끈 두 개를 좌우로 꿰어서 홀치며, 위는 모가 지고 아래는 둥글다.",사투리,한국어,,2021-12-10 00:00:00,저작물양도계약서,진주시청,,,,제1유형,저작물,보호저작물,○,상업적이용가능,○,○,○,○,○,○,○,,2091-12-10 00:00:00,,
22,오디오,가이드/안내/정보,진주시청,진주시청,HOME > 진주소개 > 기본현황 > 진주 사투리 사전 > ㄷ,도리줌치 ~ 두겁실,"도리줌치 (명사) 두루주머니.
도망거지 (명사) 도망질.
도매 (명사) 도마 : 칼로 음식의 재료를 썰거나 다질 때에 밑에 받치는 것.
도매떼이 (명사) ‘도마’를 속되게 이르는 말.
도매배미 (명사) 도마뱀.
도모지 (부사) 도무지.
도부장사 (명사) 도붓장수.
도살이 (명사) 이른 봄에 밭에서 겨울을 난 묵은 뿌리에서 자라난 채소.
도삽 (명사) 도섭 : 주책없이 능청맞고 수선스럽게 변덕을 부리는 짓. ¶ 온갖 도삽을 떨다.(=온갖 도섭을 떨다.) 
도삽재이/도삽쟁이 (명사) 도섭부리는 사람을 낮잡아 이르는 말.
도삽지다 (동사) 도섭부리다.
도아주다 (동사) 도와주다.
도오① (명사) (물)동이. 
도오② (동사) 다오 : ‘달라’의 다른 활용형.
도우다 (동사) 돋우다.
도째비 (명사) 도깨비.
도치① (명사) 도끼. 
도↑치이 (명사) 도치기 : 인색하고 인정이 없는 사람. ¶ 그 사람 순 도치이(=도치기)다.
도치다 (동사) 돋치다. 성나다.
도치뿔데이 (명사) 도끼뿔처럼 생긴 ‘짱구’를 낮잡아 이르는 말.
도치자리 (명사) 도끼자루.
도치자리 썩는 줄 모린다 (속담) 시간 가는 줄 모른다는 뜻이다. 나무꾼이 신선이 바둑 두는 것을 구경하다 보니 가지고 있던 도끼의 자루가 썩더라는 옛이야기가 있다.
도치질 (명사) 도끼질.
도태이나다 (동사) 아이가 죽은 뒤에 다시 태어나다.
도태이다 (동사) 아이가 죽은 뒤에 다시 들어서다.
도토마리 (명사) 도투마리 : 베를 짤 때 날실을 감는 틀.
독내 (명사) 술내. 술독 냄새.
독내가 난다 술을 많이 마신 사람이 풍기는 냄새가 마치 술독에서 나는 것 같다.
독새① (명사) 독사(毒蛇).
독새② (명사) 뚝새풀.
독새눈 (명사) 독사눈 : 표독스럽게 생긴 눈을 비유적으로 이르는 말.
독재갈 (명사) 자갈.
돈내이① (명사) 돌나물.
돈↑내이② (명사) 돈내기 : 건설 공사를 할 때, 일정한 분량의 일을 단위에 따라 품삯을 미리 정하고 하는 것.
돈사다 (동사) 곡식 등을 가진 것을 내다 팔아 돈으로 바꾸다. 
돋구다 (동사) 돋우다 : 위로 끌어 올려 도드라지거나 높아지게 하다.
돋다 (동사) (부아가) 나다.
돋베기/돋베이 (명사) 돋보기.
돌가지 (명사) 도라지. 
돌감 (명사) 고욤 : 고욤나무의 열매.
돌감나무 (명사) 고욤나무.
돌구 (명사) 확 : 방아확. 절구의 아가리로부터 밑바닥까지의 부분.
돌까리 (명사) 시멘트.
돌까리바닥 (명사) 시멘트 바닥.
돌까리세멘 (명사) 시멘트.
돌너더랑 (명사) 돌너덜 : 돌이 많이 흩어져 있는 비탈.
돌다 (명사) (바둑을) 두다.
돌담부랑 (명사) 돌담.
돌덩거리 (명사) 돌덩이.
돌도다리 (명사) 강도다리 : 가자밋과의 바닷물고기.
돌덩거리[-떵--]/돌덩어리[-떵--] (명사) 돌덩이.
돌데미[-떼-] (명사) 돌더미.
돌디이[-띠-]/돌딩이[-띵-] (명사) 돌덩이.
돌띠저구리 (명사) 돌띠를 맨 저고리 : 어린아이의 저고리에 긴 옷고름을 달아 한 가닥을 등뒤로 돌려 가슴 앞에서 매도록 만든 저고리.
돌류ㆆ다 (동사) 따돌리다.
돌림뻬이 (명사) 돌림 : 차례대로 돌아감.
돌메이/돌미이 (명사) 돌멩이.
돌무디이 (명사) 돌무더기.
돌뭉세이/돌뭉시이 (명사) 돌멩이.
돌방정지이다 (동사) 말이나 행동을 몹시 경망스럽게 굴다.
돌삐이/돌삥이 (명사) 돌멩이.
돌시 (명사) 돌. 주년(周年).
돌아댕기다 (동사) 돌아다니다.
돌에 대못이다 돌에 대못을 박는 것과 같다는 뜻으로, 구두쇠나 빈틈이 없는 사람을 이르는 말.
돌재이 (명사) 돌장이. ‘석수(石手)’를 낮잡아 이르는 말.
돌짐 (명사) 돌김. 석태(石苔).
돌짝/돌쪽 (명사) 돌쩌귀.
돌짝밭 (명사) 자갈밭.
돌쪼구 (명사) 돌쩌귀.
돌쪼시 (명사) ‘석수(石手)’를 낮잡아 이르는 말.
돌쪽 (명사) 돌쩌귀.
돌채도가리 (명사) 논물이 들어오는 첫 배미.
돌치기 (명사) 비사치기 : 아이들 놀이의 하나. 손바닥만 한 납작한 돌을 세워놓고 얼마쯤 떨어진 곳에서 돌을 던져 맞히거나 발로 돌을 차서 넘어뜨리는 놀이.
돌탱자 겉다 누렇게 잘 익은 탱자처럼 탱글탱글하다.
돌팍 (명사) 돌멩이.
돌퐅 (명사) 돌팥 : 야생의 팥. 일반적인 팥에 비하여 알이 작고 단단하여 품질이 떨어진다.
돔바가다 (동사) 훔쳐가다.
돔바옇다 (동사) 훔쳐넣다.
돔방주우/돔방중우 (명사) 잠방이.
돔배기/돔배이 (명사) 도막 : 1. 짧고 작은 동강. 2. 수량을 나타내는 말 뒤에 쓰여 짧고 작은 동강을 세는 단위. 
돔부다 (명사) 훔치다.
돔비 (명사) 광저기. 동부 : 콩과의 한해살이 덩굴성식물.
돗 (명사) 돛.
동가리 (명사) 동강. 동강이. 도막.
동가심 (명사) 앙가슴.
동개다 (동사) 포개다. 쌓다.
동골납작하다 (형용사) 둥글납작하다.
동골동골 (부사) 동글동글.
동골배이 (명사) 동그라미.
동구리다 (동사) 깎다.
동그라매다 (동사) 달아매다.
동글벵이 (명사) 동그라미.
동냥거리/동양거리 (명사) 외상 술값을 갚은 뒤 얻어 마시는 술.
동당주우/동당중우 (명사) 잠방이.
동대① (명사) 삭정이 : 살아 있는 나무에 붙어 있는 말라 죽은 가지.
동대② (명사) 동배(同輩). 동류(同流). 동년배.
동두깨비 (명사) 소꿉놀이.
동딩이로 치다 동동거리다.
동상/동숭 (명사) 동생.
동세/동시 (명사) 동서(同壻).
동솥 (명사) 옹달솥.
도오/동오 (명사) (물)동이.
도우/동우 (명사) (물)동이.
동짐치 (명사) 동치미.
동치다 (동사) 동이다. 
동치매다 (동사) 동여매다.
동테 (명사) 굴렁쇠. 바퀴.
동토 (명사) 동티 : 땅, 돌, 나무 따위를 잘못 건드려 지신(地神)을 화나게 하여 재앙을 받는 일, 또는 그 재앙.
동토붙다 (동사) 동티가 나다.
돛배 (명사) 돛천 : 돛을 만드는 데 쓰는 질긴 천.
돜 (명사) 돌. ¶ 밭에 돜이 많네.
돝 (명사) 돼지.
돝게이 (명사) 돼지고기.
돝고기 (명사) 돼지고기.
돝새끼 (명사) 돼지새끼.
두 모 한 짝 제 (속담) ‘젓가락 두 짝과 하나’라는 말로 다섯 손가락을 가리키는 말. 
¶ 수저가 없어도 ‘두 모 한 짝 제’ 로 무울 수 있다.(=수저가 없어도 손가락으로 먹을 수 있다.) 
두검 (명사) 두엄 : 풀·짚 또는 가축의 배설물 따위를 썩힌 거름.
두검 (명사) 두엄무더기.
두겁실 (명사) 이겹실. 쌍올실.",2021-12-10 00:00:00,119,미부착,제1유형,무,,도리줌치 ~ 두겁실,,어문,음성,"도리줌치 (명사) 두루주머니.
도망거지 (명사) 도망질.
도매 (명사) 도마 : 칼로 음식의 재료를 썰거나 다질 때에 밑에 받치는 것.
도매떼이 (명사) ‘도마’를 속되게 이르는 말.
도매배미 (명사) 도마뱀.
도모지 (부사) 도무지.
도부장사 (명사) 도붓장수.
도살이 (명사) 이른 봄에 밭에서 겨울을 난 묵은 뿌리에서 자라난 채소.
도삽 (명사) 도섭 : 주책없이 능청맞고 수선스럽게 변덕을 부리는 짓. ¶ 온갖 도삽을 떨다.(=온갖 도섭을 떨다.) 
도삽재이/도삽쟁이 (명사) 도섭부리는 사람을 낮잡아 이르는 말.
도삽지다 (동사) 도섭부리다.
도아주다 (동사) 도와주다.
도오① (명사) (물)동이. 
도오② (동사) 다오 : ‘달라’의 다른 활용형.
도우다 (동사) 돋우다.
도째비 (명사) 도깨비.
도치① (명사) 도끼. 
도↑치이 (명사) 도치기 : 인색하고 인정이 없는 사람. ¶ 그 사람 순 도치이(=도치기)다.
도치다 (동사) 돋치다. 성나다.
도치뿔데이 (명사) 도끼뿔처럼 생긴 ‘짱구’를 낮잡아 이르는 말.
도치자리 (명사) 도끼자루.
도치자리 썩는 줄 모린다 (속담) 시간 가는 줄 모른다는 뜻이다. 나무꾼이 신선이 바둑 두는 것을 구경하다 보니 가지고 있던 도끼의 자루가 썩더라는 옛이야기가 있다.
도치질 (명사) 도끼질.
도태이나다 (동사) 아이가 죽은 뒤에 다시 태어나다.
도태이다 (동사) 아이가 죽은 뒤에 다시 들어서다.
도토마리 (명사) 도투마리 : 베를 짤 때 날실을 감는 틀.
독내 (명사) 술내. 술독 냄새.
독내가 난다 술을 많이 마신 사람이 풍기는 냄새가 마치 술독에서 나는 것 같다.
독새① (명사) 독사(毒蛇).
독새② (명사) 뚝새풀.
독새눈 (명사) 독사눈 : 표독스럽게 생긴 눈을 비유적으로 이르는 말.
독재갈 (명사) 자갈.
돈내이① (명사) 돌나물.
돈↑내이② (명사) 돈내기 : 건설 공사를 할 때, 일정한 분량의 일을 단위에 따라 품삯을 미리 정하고 하는 것.
돈사다 (동사) 곡식 등을 가진 것을 내다 팔아 돈으로 바꾸다. 
돋구다 (동사) 돋우다 : 위로 끌어 올려 도드라지거나 높아지게 하다.
돋다 (동사) (부아가) 나다.
돋베기/돋베이 (명사) 돋보기.
돌가지 (명사) 도라지. 
돌감 (명사) 고욤 : 고욤나무의 열매.
돌감나무 (명사) 고욤나무.
돌구 (명사) 확 : 방아확. 절구의 아가리로부터 밑바닥까지의 부분.
돌까리 (명사) 시멘트.
돌까리바닥 (명사) 시멘트 바닥.
돌까리세멘 (명사) 시멘트.
돌너더랑 (명사) 돌너덜 : 돌이 많이 흩어져 있는 비탈.
돌다 (명사) (바둑을) 두다.
돌담부랑 (명사) 돌담.
돌덩거리 (명사) 돌덩이.
돌도다리 (명사) 강도다리 : 가자밋과의 바닷물고기.
돌덩거리[-떵--]/돌덩어리[-떵--] (명사) 돌덩이.
돌데미[-떼-] (명사) 돌더미.
돌디이[-띠-]/돌딩이[-띵-] (명사) 돌덩이.
돌띠저구리 (명사) 돌띠를 맨 저고리 : 어린아이의 저고리에 긴 옷고름을 달아 한 가닥을 등뒤로 돌려 가슴 앞에서 매도록 만든 저고리.
돌류ㆆ다 (동사) 따돌리다.
돌림뻬이 (명사) 돌림 : 차례대로 돌아감.
돌메이/돌미이 (명사) 돌멩이.
돌무디이 (명사) 돌무더기.
돌뭉세이/돌뭉시이 (명사) 돌멩이.
돌방정지이다 (동사) 말이나 행동을 몹시 경망스럽게 굴다.
돌삐이/돌삥이 (명사) 돌멩이.
돌시 (명사) 돌. 주년(周年).
돌아댕기다 (동사) 돌아다니다.
돌에 대못이다 돌에 대못을 박는 것과 같다는 뜻으로, 구두쇠나 빈틈이 없는 사람을 이르는 말.
돌재이 (명사) 돌장이. ‘석수(石手)’를 낮잡아 이르는 말.
돌짐 (명사) 돌김. 석태(石苔).
돌짝/돌쪽 (명사) 돌쩌귀.
돌짝밭 (명사) 자갈밭.
돌쪼구 (명사) 돌쩌귀.
돌쪼시 (명사) ‘석수(石手)’를 낮잡아 이르는 말.
돌쪽 (명사) 돌쩌귀.
돌채도가리 (명사) 논물이 들어오는 첫 배미.
돌치기 (명사) 비사치기 : 아이들 놀이의 하나. 손바닥만 한 납작한 돌을 세워놓고 얼마쯤 떨어진 곳에서 돌을 던져 맞히거나 발로 돌을 차서 넘어뜨리는 놀이.
돌탱자 겉다 누렇게 잘 익은 탱자처럼 탱글탱글하다.
돌팍 (명사) 돌멩이.
돌퐅 (명사) 돌팥 : 야생의 팥. 일반적인 팥에 비하여 알이 작고 단단하여 품질이 떨어진다.
돔바가다 (동사) 훔쳐가다.
돔바옇다 (동사) 훔쳐넣다.
돔방주우/돔방중우 (명사) 잠방이.
돔배기/돔배이 (명사) 도막 : 1. 짧고 작은 동강. 2. 수량을 나타내는 말 뒤에 쓰여 짧고 작은 동강을 세는 단위. 
돔부다 (명사) 훔치다.
돔비 (명사) 광저기. 동부 : 콩과의 한해살이 덩굴성식물.
돗 (명사) 돛.
동가리 (명사) 동강. 동강이. 도막.
동가심 (명사) 앙가슴.
동개다 (동사) 포개다. 쌓다.
동골납작하다 (형용사) 둥글납작하다.
동골동골 (부사) 동글동글.
동골배이 (명사) 동그라미.
동구리다 (동사) 깎다.
동그라매다 (동사) 달아매다.
동글벵이 (명사) 동그라미.
동냥거리/동양거리 (명사) 외상 술값을 갚은 뒤 얻어 마시는 술.
동당주우/동당중우 (명사) 잠방이.
동대① (명사) 삭정이 : 살아 있는 나무에 붙어 있는 말라 죽은 가지.
동대② (명사) 동배(同輩). 동류(同流). 동년배.
동두깨비 (명사) 소꿉놀이.
동딩이로 치다 동동거리다.
동상/동숭 (명사) 동생.
동세/동시 (명사) 동서(同壻).
동솥 (명사) 옹달솥.
도오/동오 (명사) (물)동이.
도우/동우 (명사) (물)동이.
동짐치 (명사) 동치미.
동치다 (동사) 동이다. 
동치매다 (동사) 동여매다.
동테 (명사) 굴렁쇠. 바퀴.
동토 (명사) 동티 : 땅, 돌, 나무 따위를 잘못 건드려 지신(地神)을 화나게 하여 재앙을 받는 일, 또는 그 재앙.
동토붙다 (동사) 동티가 나다.
돛배 (명사) 돛천 : 돛을 만드는 데 쓰는 질긴 천.
돜 (명사) 돌. ¶ 밭에 돜이 많네.
돝 (명사) 돼지.
돝게이 (명사) 돼지고기.
돝고기 (명사) 돼지고기.
돝새끼 (명사) 돼지새끼.
두 모 한 짝 제 (속담) ‘젓가락 두 짝과 하나’라는 말로 다섯 손가락을 가리키는 말. 
¶ 수저가 없어도 ‘두 모 한 짝 제’ 로 무울 수 있다.(=수저가 없어도 손가락으로 먹을 수 있다.) 
두검 (명사) 두엄 : 풀·짚 또는 가축의 배설물 따위를 썩힌 거름.
두검 (명사) 두엄무더기.
두겁실 (명사) 이겹실. 쌍올실.",사투리,한국어,,2021-12-10 00:00:00,저작물양도계약서,진주시청,,,,제1유형,저작물,보호저작물,○,상업적이용가능,○,○,○,○,○,○,○,,2091-12-10 00:00:00,,
23,오디오,가이드/안내/정보,진주시청,진주시청,HOME > 진주소개 > 기본현황 > 진주 사투리 사전 > ㄷ,두께비 ~ 디:다②,"두께비 (명사) 두꺼비.
두꾸 (명사) 두께.
두꾸마리 (명사) 멱동구미. 둥구미
: 짚으로 둥글고 올이 깊게 결어 만든 그릇. 주로 곡식이나 채소 따위를 담는 데에 쓰인다.
두꾸메이 (명사) 멱동구미. 둥구미.
두꾸미 (명사) 멱동구미. 둥구미.
두꿉기 (명사) 두께.
두덕 (명사) 두둑. 둔덕.
두덕두덕 (부사) 누덕누덕.
두데기/두디기/두디이① (명사) 기저귀.
두데기/두디기/두디이② (명사) 포대기.
두둑저구리 (명사) 동옷. 솜저고리. 핫저고리.
두드리기/두디리이 (명사) 두드러기.
두드레기 (명사) 두드러기.
두랑 (명사) 두량(斗量) : 일을 헤아려 처리함.
두레삼 (명사) 두레길쌈.
두레상 (명사) 두리반 : 여럿이 둘러앉아 먹을 수 있는 크고 둥근 상.
두레새미 (명사) (공동) 우물.
두럽다 (형용사) 두렵다.
두렁밥 (명사) 논두렁을 지을 때 물이 새지 않도록 바르는 흙.
두루막 (명사) 두루마기.
두루매기/두루매이 (명사) 두루마기.
두루미 (명사) 두름.
두루박/뚜루박 (명사) 두레박.
두루백꾼 (명사) 무슨 일이든지 두루두루 잘 하는 사람을 이르는 말.
두룸① (명사) (조기) 두름.
두룸② (명사) 두렁 : 논이나 밭의 가장자리로 작게 쌓은 둑.
두룸박 (명사) 두레박. 
두름 (명사) 두둑. ¶ 논두름. 밭두름.
두리두리 (부사) 두루두루.
두리매기 (명사) 두루마기.
두리뭉실하다 (형용사) 두리뭉술하다.
두리미① (명사) (조기 등의) 두름.
두리미② (명사) (새) 두루미.
두리미③ (명사) 두루미 : 목과 아가리는 좁고 길며, 배는 단지처럼 부른 모양의 큰 병. 또는 큰 그릇.
두리박 (명사) 두레박.
두리백꾼 (명사) 무슨 일이든지 두루두루 잘하는 사람을 이르는 말.
두리치기 (명사) 두루치기.
두말치 (명사) 두 말(斗)들이 가마솥.
두불 (명사) 두벌 : 초벌 다음에 두 번째로 하는 일. 또는 두 번 하는 일.
두불일 (명사) 두벌일 : 처음에 한 일이 잘못되어 다시 하는 일.
두불치/두불김 (명사) 두벌논 : 두 번째로 김을 매는 논.
두뿔 (명사) (소 나이) 두 살.
두장거리 (명사) 화투 노름의 하나. 두 장의 끗수를 맞추어 많은 쪽이 이긴다.
두지 (명사) 뒤주.
두짐살이 (명사) 두 동무니, 두 동사니 : 윷놀이에서 두 동이 한데 포개어져 가는 말을 이르는 말.
두채/둘채 (수사)(관형사) 둘째. 
두투 (명사) 두께.
둔벙 (명사) 웅덩이.
둘러리 (명사) 들러리.
둘러씨다① (동사) 뒤집어쓰다.
둘러씨다② (동사) 충분히 남아돌다. ¶ 없는 집 살림에 쌀 한 섬이모 둘러씨고 말고지.
둠벙새 (명사) 뜸부기.
둥거리 (명사) 그루터기. 등걸 : 줄기를 잘라낸 나무의 밑동.
둥구리 (명사) (나무) 등걸.
둥굴다 (형용사) 둥글다.
둥둥팔얼 (명사) 건들팔월. 동동팔월. 
¶ 깐깐오월, 미끈유월, 어정칠월, 동동팔월. 농사철 일 년 중 가을이 들 때는 죽었던 중도 꿈적거린다지만….『송기숙, 자랏골의 비가』. / 어떤 지방에서는 <건들팔월>이라고도 함.
둥주리/둥지리 (명사) 둥우리.
둥천 (명사) 둑.
드들리다 (동사) 들키다.
드들시다 (동사) 들추다.
드럼박/드레박 (명사) 두레박.
드럽나무 (명사) 두릅나무.
드레박 (명사) 두레박.
드무 (명사) 드므 : 넓적하게 생긴 독.
-드키 (어미) -듯이. ¶ 사람마다 생김새가 다리드끼(=다르듯이) 생각도 다리다(=다르다).
든방난방 (부사) 들어왔다 나갔다 하는 모양.
듣기다 (동사) 들리다. 
들가다 (동사) 들어가다.
들금① (명사) 쇠다락 : 외양간 위에 만든 다락.
들금② (명사) 더그매 : 지붕과 천장 사이의 빈 공간.
들고문지다 (동사) 들고빼다 : ‘달아나다’를 속되게 이르는 말.
들나다 (동사) 드러나다.
들내다 (동사) 들어내다.
들눗다 (동사) 드러눕다.
들↑리다 (동사) (지나가다) 들르다.
들물 (명사) 밀물.
들미↑이쌓다 (동사) 들먹여 쌓다. 자주 들먹이다.
들미↑이다 (동사) 들먹이다 : 남에 대하여 들추어 말하다. 
들시 (명사) 앞에. 이전 : 어제보다 전. 이미 지나간 시간.
들시다 (동사) 들치다.
들시앉다 (동사) 들여앉다.
들심날심 (명사) 들숨날숨.
들어선짱 (부사) 들어서자마자.
들오다 (동사) 들어오다.
들이당짱 (부사) 들이닥치자마자. 갑자기.
들잇다 (부사) 들입다 : 무지막지할 정도로 아주 세차게. ¶ 들잇다 한 방 미있다.(=먹였다.)
들지름 (명사) 들기름.
들짱나다 (동사) 들판이 나다 : 있는 대로 다 들어먹고 끝장나다.
들차내다 (동사) 들추어내다.
들처업다 (동사) (아이를) 둘러업다.
들큰하다 (형용사) 들큼하다.
들통시 (명사) 들판에 있는 변소.
들판나다 (동사) 들통나다.
듬성남성 (부사) 들면서나면서.
-듯기 (어미) -듯이.
등갈이지다 갈등이 생기다. ¶ 고부간에 등갈이 지다.(=고부간에 갈등이 생기다.)
등거리 (명사) (나무) 등걸.
등기지다 (형용사) 든든하다. 듬직하다. ¶ 찰밥을 무우모 뱃속이 등기진다.(=찰밥을 먹으면 뱃속이 든든하다.)
등껍디 (명사) 등껍질.
등날 (명사) (산) 등성이.
등날빼이 (명사) (산) 등성이.
등더리 (명사) 등 : 사람이나 동물의 몸통에서 가슴과 배의 반대쪽 부분.
등덜뻬이 (명사) 등때기 : ‘등’을 낮잡아 이르는 말.
등물 (명사) 목물 : 엎드린 사람의 허리 위에서부터 목까지를 물로 씻어 주는 일.
등물치다 (동사) 목물하다.
등빨 (명사) 덩치. 몸집. ¶ 등빨이 좋다.(=몸집이 좋다.)
등어리 (명사) 등.
등지개 (명사) 등거리. 등적삼.
등짐재이 (명사) 등짐장이 : 물건을 등에 지고 다니며 파는 사람.
등채미 (명사) 등수(等數). 등차(等差).
디 (명사) 뒤.
디기 (부사) 되게 : 아주 몹시.
디꼬마리 (명사) 발뒤꿈치.
디꼭데기/디꼭데이 (명사) 꼭뒤. 뒤통수의 한가운데.
디꼭지 (명사) 꼭뒤.
디꼼치 (명사) 뒤꿈치.
디꾸녕 (명사) 뒷구멍.
-디끼 (어미) -듯이. ¶ 말하디끼(=말하듯이) 해라.
디끼다 (동사) 뒤치다. 뒤집다.
디늦가 (부사) 뒤늦게.
디다① (동사) (불에) 데다.
디:다② (형용사) 되다 : 반죽이나 밥 따위가 물기가 적어 빡빡하다.",2021-12-10 00:00:00,122,미부착,제1유형,무,,두께비 ~ 디:다②,,어문,음성,"두께비 (명사) 두꺼비.
두꾸 (명사) 두께.
두꾸마리 (명사) 멱동구미. 둥구미
: 짚으로 둥글고 올이 깊게 결어 만든 그릇. 주로 곡식이나 채소 따위를 담는 데에 쓰인다.
두꾸메이 (명사) 멱동구미. 둥구미.
두꾸미 (명사) 멱동구미. 둥구미.
두꿉기 (명사) 두께.
두덕 (명사) 두둑. 둔덕.
두덕두덕 (부사) 누덕누덕.
두데기/두디기/두디이① (명사) 기저귀.
두데기/두디기/두디이② (명사) 포대기.
두둑저구리 (명사) 동옷. 솜저고리. 핫저고리.
두드리기/두디리이 (명사) 두드러기.
두드레기 (명사) 두드러기.
두랑 (명사) 두량(斗量) : 일을 헤아려 처리함.
두레삼 (명사) 두레길쌈.
두레상 (명사) 두리반 : 여럿이 둘러앉아 먹을 수 있는 크고 둥근 상.
두레새미 (명사) (공동) 우물.
두럽다 (형용사) 두렵다.
두렁밥 (명사) 논두렁을 지을 때 물이 새지 않도록 바르는 흙.
두루막 (명사) 두루마기.
두루매기/두루매이 (명사) 두루마기.
두루미 (명사) 두름.
두루박/뚜루박 (명사) 두레박.
두루백꾼 (명사) 무슨 일이든지 두루두루 잘 하는 사람을 이르는 말.
두룸① (명사) (조기) 두름.
두룸② (명사) 두렁 : 논이나 밭의 가장자리로 작게 쌓은 둑.
두룸박 (명사) 두레박. 
두름 (명사) 두둑. ¶ 논두름. 밭두름.
두리두리 (부사) 두루두루.
두리매기 (명사) 두루마기.
두리뭉실하다 (형용사) 두리뭉술하다.
두리미① (명사) (조기 등의) 두름.
두리미② (명사) (새) 두루미.
두리미③ (명사) 두루미 : 목과 아가리는 좁고 길며, 배는 단지처럼 부른 모양의 큰 병. 또는 큰 그릇.
두리박 (명사) 두레박.
두리백꾼 (명사) 무슨 일이든지 두루두루 잘하는 사람을 이르는 말.
두리치기 (명사) 두루치기.
두말치 (명사) 두 말(斗)들이 가마솥.
두불 (명사) 두벌 : 초벌 다음에 두 번째로 하는 일. 또는 두 번 하는 일.
두불일 (명사) 두벌일 : 처음에 한 일이 잘못되어 다시 하는 일.
두불치/두불김 (명사) 두벌논 : 두 번째로 김을 매는 논.
두뿔 (명사) (소 나이) 두 살.
두장거리 (명사) 화투 노름의 하나. 두 장의 끗수를 맞추어 많은 쪽이 이긴다.
두지 (명사) 뒤주.
두짐살이 (명사) 두 동무니, 두 동사니 : 윷놀이에서 두 동이 한데 포개어져 가는 말을 이르는 말.
두채/둘채 (수사)(관형사) 둘째. 
두투 (명사) 두께.
둔벙 (명사) 웅덩이.
둘러리 (명사) 들러리.
둘러씨다① (동사) 뒤집어쓰다.
둘러씨다② (동사) 충분히 남아돌다. ¶ 없는 집 살림에 쌀 한 섬이모 둘러씨고 말고지.
둠벙새 (명사) 뜸부기.
둥거리 (명사) 그루터기. 등걸 : 줄기를 잘라낸 나무의 밑동.
둥구리 (명사) (나무) 등걸.
둥굴다 (형용사) 둥글다.
둥둥팔얼 (명사) 건들팔월. 동동팔월. 
¶ 깐깐오월, 미끈유월, 어정칠월, 동동팔월. 농사철 일 년 중 가을이 들 때는 죽었던 중도 꿈적거린다지만….『송기숙, 자랏골의 비가』. / 어떤 지방에서는 <건들팔월>이라고도 함.
둥주리/둥지리 (명사) 둥우리.
둥천 (명사) 둑.
드들리다 (동사) 들키다.
드들시다 (동사) 들추다.
드럼박/드레박 (명사) 두레박.
드럽나무 (명사) 두릅나무.
드레박 (명사) 두레박.
드무 (명사) 드므 : 넓적하게 생긴 독.
-드키 (어미) -듯이. ¶ 사람마다 생김새가 다리드끼(=다르듯이) 생각도 다리다(=다르다).
든방난방 (부사) 들어왔다 나갔다 하는 모양.
듣기다 (동사) 들리다. 
들가다 (동사) 들어가다.
들금① (명사) 쇠다락 : 외양간 위에 만든 다락.
들금② (명사) 더그매 : 지붕과 천장 사이의 빈 공간.
들고문지다 (동사) 들고빼다 : ‘달아나다’를 속되게 이르는 말.
들나다 (동사) 드러나다.
들내다 (동사) 들어내다.
들눗다 (동사) 드러눕다.
들↑리다 (동사) (지나가다) 들르다.
들물 (명사) 밀물.
들미↑이쌓다 (동사) 들먹여 쌓다. 자주 들먹이다.
들미↑이다 (동사) 들먹이다 : 남에 대하여 들추어 말하다. 
들시 (명사) 앞에. 이전 : 어제보다 전. 이미 지나간 시간.
들시다 (동사) 들치다.
들시앉다 (동사) 들여앉다.
들심날심 (명사) 들숨날숨.
들어선짱 (부사) 들어서자마자.
들오다 (동사) 들어오다.
들이당짱 (부사) 들이닥치자마자. 갑자기.
들잇다 (부사) 들입다 : 무지막지할 정도로 아주 세차게. ¶ 들잇다 한 방 미있다.(=먹였다.)
들지름 (명사) 들기름.
들짱나다 (동사) 들판이 나다 : 있는 대로 다 들어먹고 끝장나다.
들차내다 (동사) 들추어내다.
들처업다 (동사) (아이를) 둘러업다.
들큰하다 (형용사) 들큼하다.
들통시 (명사) 들판에 있는 변소.
들판나다 (동사) 들통나다.
듬성남성 (부사) 들면서나면서.
-듯기 (어미) -듯이.
등갈이지다 갈등이 생기다. ¶ 고부간에 등갈이 지다.(=고부간에 갈등이 생기다.)
등거리 (명사) (나무) 등걸.
등기지다 (형용사) 든든하다. 듬직하다. ¶ 찰밥을 무우모 뱃속이 등기진다.(=찰밥을 먹으면 뱃속이 든든하다.)
등껍디 (명사) 등껍질.
등날 (명사) (산) 등성이.
등날빼이 (명사) (산) 등성이.
등더리 (명사) 등 : 사람이나 동물의 몸통에서 가슴과 배의 반대쪽 부분.
등덜뻬이 (명사) 등때기 : ‘등’을 낮잡아 이르는 말.
등물 (명사) 목물 : 엎드린 사람의 허리 위에서부터 목까지를 물로 씻어 주는 일.
등물치다 (동사) 목물하다.
등빨 (명사) 덩치. 몸집. ¶ 등빨이 좋다.(=몸집이 좋다.)
등어리 (명사) 등.
등지개 (명사) 등거리. 등적삼.
등짐재이 (명사) 등짐장이 : 물건을 등에 지고 다니며 파는 사람.
등채미 (명사) 등수(等數). 등차(等差).
디 (명사) 뒤.
디기 (부사) 되게 : 아주 몹시.
디꼬마리 (명사) 발뒤꿈치.
디꼭데기/디꼭데이 (명사) 꼭뒤. 뒤통수의 한가운데.
디꼭지 (명사) 꼭뒤.
디꼼치 (명사) 뒤꿈치.
디꾸녕 (명사) 뒷구멍.
-디끼 (어미) -듯이. ¶ 말하디끼(=말하듯이) 해라.
디끼다 (동사) 뒤치다. 뒤집다.
디늦가 (부사) 뒤늦게.
디다① (동사) (불에) 데다.
디:다② (형용사) 되다 : 반죽이나 밥 따위가 물기가 적어 빡빡하다.",사투리,한국어,,2021-12-10 00:00:00,저작물양도계약서,진주시청,,,,제1유형,저작물,보호저작물,○,상업적이용가능,○,○,○,○,○,○,○,,2091-12-10 00:00:00,,
24,오디오,가이드/안내/정보,진주시청,진주시청,HOME > 진주소개 > 기본현황 > 진주 사투리 사전 > ㄷ,디다보다① ~ 따우,"디다보다① (동사) 들여다보다.
디다보다② (동사) 문안하다. ¶ 펜찮으신 할배 디다보고 오는 질이다.(=편찮으신 할아버지 문안하고 오는 길이다.) 
디디하다 (형용사) 데데하다.
디똥시/디통시 (명사) 뒷덜미. 뒤통수.
디뚱기리다 (동사) 뒤뚱거리다.
디럽다 (형용사) 더럽다.
디루다 (동사) 드리다 : 곡식에 섞인 티끌이나 쭉정이, 검부러기 따위를 날려 보내다. 
¶ 가래로 나락을 떠 가지고 하늘로 떤짐서 디루고 있다.
디리 (부사) 들입다 : 세차게 마구. 무리하게 힘을 들어서.
디리놓다 (동사) 들여놓다.
디리다 (동사) 드리다.
디리다보다 (동사) 들여다보다.
디리붓다 (동사) 들이붓다.
디리옇다 (동사) 들여놓다.
디잇다/디립다 (부사) 들입다.
디베기/디베이 (명사) 되 : 곡식, 가루, 액체 따위를 담아 분량을 헤아리는 데 쓰는 그릇. 주로 사각형 모양의 나무로 되어 있다. 
디비놓다 (동사) 뒤집어놓다.
디비다 (동사) 뒤집다.
디비띠리다 (동사) 뒤집어버리다.
디비씨다 (동사) 뒤집다.
디비자다 (동사) ‘누워자다’를 속되게 이르는 말.
디비지다 (동사) 뒤집어지다.
디비쪼다 (동사) 본래의 의도와는 다르게 죄다.
디빈작지이다 (동사) 뒤스럭거리다 : 부산하게 이리저리 자꾸 뒤적이다. 변덕을 부리며 부산하게 굴다.
디숭시럽다 (형용사) 뒤숭숭스럽다.
디숭하다 (형용사) 뒤숭숭하다.
디신하다 (형용사) 엇비슷하다.
디안 (명사) 뒤란 : 집 뒤 울타리의 안.
디양깐 (명사) 뒤꼍.
디에 (부사) 나중에. 뒤에.
디이/딩이 (명사) 덩이 ¶ 호박 한 디이. / 수박 한 딩이.
-디이 (어미) -더니. ¶ 오올 비 온다 쿠디이 안 오네.(=오늘 비 온다고 하더니 오지 않네.)
-디이 접미 -둥이. ¶ 기염디이(=귀염둥이). 막내디이(=막내둥이). 바람디이(=바람둥이). 해방디이(=해방둥이).
디이다 (동사) (불에) 데다. 
-디이라 (어미) -더니라. ¶ 엉가 썽 나모 겁나디이라.(=언니 화 나면 겁나더니라.)
-디이마는 (어미) -더니마는. ¶ 비가 쪼매 오디마는 금방 그치뿌네.
디이지다 (동사) 뒈지다 : ‘죽다’를 속되게 이르는 말.
디주 (명사) 뒤주.
디죽박죽 (명사) 뒤죽박죽.
디지 (명사) 두더지.
디지개 (명사) 뒷짐 : 두 손을 등 뒤로 젖혀 마주 잡은 손.
디지다 (동사) 뒤지다 : 무엇을 찾으려고 샅샅이 들추거나 헤치다.
디직이다 (동사) 뒤적이다.
디청 (명사) 뒷마루.
디털미 (명사) 뒷덜미.
디통시 (명사) 뒷덜미. 뒤통수.
디통시치다 (동사) 뒤통수치다.
디틀리다 (동사) 뒤틀리다.
디펜 (명사) 뒤편.
디포리 (명사) 밴댕이. 맛국물을 내는 멸치.
딛기다 (동사) 소리가 들리다.
딜놓다 (동사) 들여놓다.
딜루다 (동사) 들이다.
-딜이 (어미) ~걸러. ~에 한 번씩. ~이/가 멀다 하고. 
¶ 사알딜이. 나알딜이 (참고) ‘-딜이’는 표준어 ‘-돌이’에 대응되는데, 주로 ‘사흘돌이로(=사흘에 한 번씩)’ 꼴로 쓰인다.
딜입다 (부사) 들입다 : 세차게 마구. 무리하게 힘을 들여서. 
¶ 목이 타 갖고 물을 입에다 딜입다 부우 댔다. 
딧간 (명사) 뒷간. 변소.
딧구녕 (명사) 뒷구멍.
딧다리 (명사) 뒷다리.
딧덜미 (명사) 뒷덜미.
딧마당 (명사) 뒷마당.
딧마리 (명사) 뒷마루.
딧모가지 (명사) 목덜미.
딧목 (명사) 뒷목
딧발질 (명사) 뒷발길 : 뒷발로 걷어차는 기술.
딧분에 (부사) 뒷번에.
딧잔등 (명사) 등.
딧짐 (명사) 뒷짐 : 두 손을 등 뒤로 젖혀 마주 잡은 손.
딩구리다 (동사) 뒹구르다.
딩기 (명사) 등겨 : 벗겨 놓은 벼의 껍질.
딩기죽 (명사) 등겨죽.
따개다 (동사) 짜개다.
따구① (명사) 따귀. 뺨따귀.
따구② (명사) 따위 : 앞에 나온 것과 같은 종류의 것들이 나열되었음을 나타내는 말. ¶ 그 따구 짓.(=그 따위 짓.)
따그락따그락 (부사) 딸그락딸그락.
따글따글 (부사) 딱따글딱따글. 뽀글뽀글.
따까리① (명사) 뚜껑 : 그릇이나 상자 따위의 아가리를 덮는 물건. ¶ 병따가리.
따까리② (명사) (상처의) 딱지.
따까묵다 (동사) 횡령하다. ¶ 조합원들 회비를 걷다 갖고 지 혼자 따까무우 삤다. 
따까씨다 (동사) 제 마음대로 쓰다. ¶ 에상값 받아 가 따까씨삤는 갑네.
따까옇다 (동사) 욱여넣다 : 주위에서 중심으로 함부로 밀어 넣다. 쓸어넣다. 
¶ 머라도 주거등 주무이에 따까옇어 가 온나.
따까패다 (동사) 휘몰아 패다.
따깍질 (명사) 딸꾹질.
따께이 (명사) 뚜껑.
따꼼하다 (형용사) 따끔하다.
따듬다 (동사) 다듬다.
따독기리다 (동사) 다독거리다.
따디미 (명사) 다듬이.
따디밋돌 (명사) 다듬잇돌.
따딤돌 (명사) 다듬잇돌.
따딤방마이 (명사) 다듬잇방망이.
따딸시리 (부사) (사람을) 따뜻하게.
따땃하다 (형용사) 따뜻하다.
따라 장 가다 (속담) ‘남 따라 장에 가다’라는 뜻으로 남이 하는 짓을 따라 한다는 말.
따라붓다 (동사) 비가 세차게 퍼붓다.
따롱하다 (동사) 달리다 : 재물이나 기술, 힘 따위가 모자라다. ¶ 다른 사람들에 비해 실력이 따롱해 가 같이 일하기 힘드네. 
따루ㆆ다① (동사) (물이나 술을) 따르다.
따루ㆆ다② (동사) 퍼붓다 : 비, 눈 따위가 억세게 마구 쏟아지다. 
¶ 덕석에 나락을 몰리고 있는데 쏘네이가 따라서 식겁무웄다.
따리 (부사) 따로.
따리다 (동사) (사람이) 따르다 : 다른 사람이나 동물의 뒤에서, 그가 가는 대로 같이 가다. 
따리미 (명사) 다듬이.
따리미질 (명사) 다듬이질.
따문따문 (부사) 드문드문.
따바리 (명사) 똬리 : 짐을 머리에 일 때 머리에 받치는 고리 모양의 물건. 짚이나 천을 틀어서 만든다. 
따박따박 (부사) 아장아장.
따반지 (명사) 똬리.
따부리 (명사) 투레질 : 젖먹이가 두 입술을 떨며 투루루 소리를 내는 짓.
따뿍 (부사) 가득 : 분량이나 수효 따위가 어떤 범위나 한도에 꽉 찬 모양. 
¶ 술잔이 넘치도록 술을 따뿍 따랐다. 
따북따북 (부사) 아장아장.
따사묵다 (동사) 데워먹다.
따수다 (동사) 데우다.
따시다 (형용사) 따뜻하다. 따스하다.
따신내 (명사) 따뜻한 냄새. 따뜻한 기운. ¶ 집안에 따신내(=따뜻한 냄새)가 솔솔 난다.
따우 (명사) 따위. 앞에 나온 대상을 낮잡거나 부정적으로 이르는 말. 
¶ 머시 그 따우가 있어.(=뭣이 그 따위가 있어.)",2021-12-10 00:00:00,112,미부착,제1유형,무,,디다보다① ~ 따우,,어문,음성,"디다보다① (동사) 들여다보다.
디다보다② (동사) 문안하다. ¶ 펜찮으신 할배 디다보고 오는 질이다.(=편찮으신 할아버지 문안하고 오는 길이다.) 
디디하다 (형용사) 데데하다.
디똥시/디통시 (명사) 뒷덜미. 뒤통수.
디뚱기리다 (동사) 뒤뚱거리다.
디럽다 (형용사) 더럽다.
디루다 (동사) 드리다 : 곡식에 섞인 티끌이나 쭉정이, 검부러기 따위를 날려 보내다. 
¶ 가래로 나락을 떠 가지고 하늘로 떤짐서 디루고 있다.
디리 (부사) 들입다 : 세차게 마구. 무리하게 힘을 들어서.
디리놓다 (동사) 들여놓다.
디리다 (동사) 드리다.
디리다보다 (동사) 들여다보다.
디리붓다 (동사) 들이붓다.
디리옇다 (동사) 들여놓다.
디잇다/디립다 (부사) 들입다.
디베기/디베이 (명사) 되 : 곡식, 가루, 액체 따위를 담아 분량을 헤아리는 데 쓰는 그릇. 주로 사각형 모양의 나무로 되어 있다. 
디비놓다 (동사) 뒤집어놓다.
디비다 (동사) 뒤집다.
디비띠리다 (동사) 뒤집어버리다.
디비씨다 (동사) 뒤집다.
디비자다 (동사) ‘누워자다’를 속되게 이르는 말.
디비지다 (동사) 뒤집어지다.
디비쪼다 (동사) 본래의 의도와는 다르게 죄다.
디빈작지이다 (동사) 뒤스럭거리다 : 부산하게 이리저리 자꾸 뒤적이다. 변덕을 부리며 부산하게 굴다.
디숭시럽다 (형용사) 뒤숭숭스럽다.
디숭하다 (형용사) 뒤숭숭하다.
디신하다 (형용사) 엇비슷하다.
디안 (명사) 뒤란 : 집 뒤 울타리의 안.
디양깐 (명사) 뒤꼍.
디에 (부사) 나중에. 뒤에.
디이/딩이 (명사) 덩이 ¶ 호박 한 디이. / 수박 한 딩이.
-디이 (어미) -더니. ¶ 오올 비 온다 쿠디이 안 오네.(=오늘 비 온다고 하더니 오지 않네.)
-디이 접미 -둥이. ¶ 기염디이(=귀염둥이). 막내디이(=막내둥이). 바람디이(=바람둥이). 해방디이(=해방둥이).
디이다 (동사) (불에) 데다. 
-디이라 (어미) -더니라. ¶ 엉가 썽 나모 겁나디이라.(=언니 화 나면 겁나더니라.)
-디이마는 (어미) -더니마는. ¶ 비가 쪼매 오디마는 금방 그치뿌네.
디이지다 (동사) 뒈지다 : ‘죽다’를 속되게 이르는 말.
디주 (명사) 뒤주.
디죽박죽 (명사) 뒤죽박죽.
디지 (명사) 두더지.
디지개 (명사) 뒷짐 : 두 손을 등 뒤로 젖혀 마주 잡은 손.
디지다 (동사) 뒤지다 : 무엇을 찾으려고 샅샅이 들추거나 헤치다.
디직이다 (동사) 뒤적이다.
디청 (명사) 뒷마루.
디털미 (명사) 뒷덜미.
디통시 (명사) 뒷덜미. 뒤통수.
디통시치다 (동사) 뒤통수치다.
디틀리다 (동사) 뒤틀리다.
디펜 (명사) 뒤편.
디포리 (명사) 밴댕이. 맛국물을 내는 멸치.
딛기다 (동사) 소리가 들리다.
딜놓다 (동사) 들여놓다.
딜루다 (동사) 들이다.
-딜이 (어미) ~걸러. ~에 한 번씩. ~이/가 멀다 하고. 
¶ 사알딜이. 나알딜이 (참고) ‘-딜이’는 표준어 ‘-돌이’에 대응되는데, 주로 ‘사흘돌이로(=사흘에 한 번씩)’ 꼴로 쓰인다.
딜입다 (부사) 들입다 : 세차게 마구. 무리하게 힘을 들여서. 
¶ 목이 타 갖고 물을 입에다 딜입다 부우 댔다. 
딧간 (명사) 뒷간. 변소.
딧구녕 (명사) 뒷구멍.
딧다리 (명사) 뒷다리.
딧덜미 (명사) 뒷덜미.
딧마당 (명사) 뒷마당.
딧마리 (명사) 뒷마루.
딧모가지 (명사) 목덜미.
딧목 (명사) 뒷목
딧발질 (명사) 뒷발길 : 뒷발로 걷어차는 기술.
딧분에 (부사) 뒷번에.
딧잔등 (명사) 등.
딧짐 (명사) 뒷짐 : 두 손을 등 뒤로 젖혀 마주 잡은 손.
딩구리다 (동사) 뒹구르다.
딩기 (명사) 등겨 : 벗겨 놓은 벼의 껍질.
딩기죽 (명사) 등겨죽.
따개다 (동사) 짜개다.
따구① (명사) 따귀. 뺨따귀.
따구② (명사) 따위 : 앞에 나온 것과 같은 종류의 것들이 나열되었음을 나타내는 말. ¶ 그 따구 짓.(=그 따위 짓.)
따그락따그락 (부사) 딸그락딸그락.
따글따글 (부사) 딱따글딱따글. 뽀글뽀글.
따까리① (명사) 뚜껑 : 그릇이나 상자 따위의 아가리를 덮는 물건. ¶ 병따가리.
따까리② (명사) (상처의) 딱지.
따까묵다 (동사) 횡령하다. ¶ 조합원들 회비를 걷다 갖고 지 혼자 따까무우 삤다. 
따까씨다 (동사) 제 마음대로 쓰다. ¶ 에상값 받아 가 따까씨삤는 갑네.
따까옇다 (동사) 욱여넣다 : 주위에서 중심으로 함부로 밀어 넣다. 쓸어넣다. 
¶ 머라도 주거등 주무이에 따까옇어 가 온나.
따까패다 (동사) 휘몰아 패다.
따깍질 (명사) 딸꾹질.
따께이 (명사) 뚜껑.
따꼼하다 (형용사) 따끔하다.
따듬다 (동사) 다듬다.
따독기리다 (동사) 다독거리다.
따디미 (명사) 다듬이.
따디밋돌 (명사) 다듬잇돌.
따딤돌 (명사) 다듬잇돌.
따딤방마이 (명사) 다듬잇방망이.
따딸시리 (부사) (사람을) 따뜻하게.
따땃하다 (형용사) 따뜻하다.
따라 장 가다 (속담) ‘남 따라 장에 가다’라는 뜻으로 남이 하는 짓을 따라 한다는 말.
따라붓다 (동사) 비가 세차게 퍼붓다.
따롱하다 (동사) 달리다 : 재물이나 기술, 힘 따위가 모자라다. ¶ 다른 사람들에 비해 실력이 따롱해 가 같이 일하기 힘드네. 
따루ㆆ다① (동사) (물이나 술을) 따르다.
따루ㆆ다② (동사) 퍼붓다 : 비, 눈 따위가 억세게 마구 쏟아지다. 
¶ 덕석에 나락을 몰리고 있는데 쏘네이가 따라서 식겁무웄다.
따리 (부사) 따로.
따리다 (동사) (사람이) 따르다 : 다른 사람이나 동물의 뒤에서, 그가 가는 대로 같이 가다. 
따리미 (명사) 다듬이.
따리미질 (명사) 다듬이질.
따문따문 (부사) 드문드문.
따바리 (명사) 똬리 : 짐을 머리에 일 때 머리에 받치는 고리 모양의 물건. 짚이나 천을 틀어서 만든다. 
따박따박 (부사) 아장아장.
따반지 (명사) 똬리.
따부리 (명사) 투레질 : 젖먹이가 두 입술을 떨며 투루루 소리를 내는 짓.
따뿍 (부사) 가득 : 분량이나 수효 따위가 어떤 범위나 한도에 꽉 찬 모양. 
¶ 술잔이 넘치도록 술을 따뿍 따랐다. 
따북따북 (부사) 아장아장.
따사묵다 (동사) 데워먹다.
따수다 (동사) 데우다.
따시다 (형용사) 따뜻하다. 따스하다.
따신내 (명사) 따뜻한 냄새. 따뜻한 기운. ¶ 집안에 따신내(=따뜻한 냄새)가 솔솔 난다.
따우 (명사) 따위. 앞에 나온 대상을 낮잡거나 부정적으로 이르는 말. 
¶ 머시 그 따우가 있어.(=뭣이 그 따위가 있어.)",사투리,한국어,,2021-12-10 00:00:00,저작물양도계약서,진주시청,,,,제1유형,저작물,보호저작물,○,상업적이용가능,○,○,○,○,○,○,○,,2091-12-10 00:00:00,,
25,오디오,가이드/안내/정보,진주시청,진주시청,HOME > 진주소개 > 기본현황 > 진주 사투리 사전 > ㄷ,따지다 ~ 떠루다,"따지다 (동사) 타지다 : 바느질하거나 꿰맨 자리가 터지다. ¶ 따진 팔소매를 꾸맸다. 
딱나무 (명사) 닥나무.
딱밭 (명사) 닥나무밭.
딱종오/딱종우 (명사) 닥종이 : 닥나무 껍질을 원료로 하여 만든 종이.
딱지칼 (명사) 주머니칼.
딴 (관형사) 다른. ¶ 딴 거(=다른 거), 딴 디(=다른 데), 딴 짓(=다른 짓)
딴짓거리 (명사) 딴전.
딸 (명사) 딸기.
딸깍질 (명사) 딸꾹질. 
딸따리① (명사) 딸딸이 : 삼륜차 등을 속되게 이르는 말.
딸따리② (명사) 짤짤이 : 발끝만 꿰어 신게 된 실내용의 간단한 신.
딸딸 (부사) 탈탈 : 아무것도 남지 않게 털어내거나 긁어내는 모양. ¶ 딸딸 털맀다.(=탈탈 털렸다.)
딸람하다 (형용사) 달람하다 : 옷의 길이가 썩 짧다.
딸롬하다 (형용사) 달름하다 : 1. 입은 옷이 몸에 비하여 길이가 조금 짧다. 2. 어울리지 않게 홀로 오뚝하다.
딸리다 (동사) 달리다 : 재물이나 기술, 힘 따위가 모자라다.
딸막기리다 (동사) 달막거리다 : 말할 듯이 입술이 자꾸 가볍게 열렸다 닫혔다 하다. 또는 그렇게 되게 하다.
딸막딸막하다 (동사) 달막달막하다. 주저주저하다.
딸막하다 (형용사) 짤막하다.
딸아 (명사) 계집아이.
딸자석 (명사) 딸자식.
땀뚜데기 (명사) 땀띠.
땀떼기/땀뚜드레이 (명사) 땀띠.
땜에 (명사)+(조사) 때문에. ¶ 니 땜에 다 된 일을 조졌다(=너 때문에 다 된 일을 그르쳤다).
땁따시리 (부사) 따뜻하게.
땁뚜시리 (부사) 따뜻하게.
땅갑지/땅갑치 (명사) 조가비 : 조개의 껍데기.
땅개/땅강생이 (명사) 1. 땅강아지. 2. 키가 작은 사람을 비유적으로 이르는 말.
땅개비① (명사) 조가비.
땅개비② (명사) 방아깨비.
땅그늘 (명사) 땅거미 : 해가 진 뒤 빛이 조금 어둑한 상태. 또는 그런 때. ¶ 들에는 땅그늘이 서서이 지고 있었다.
땅끔 (명사) 땅띔 : 무거운 물건을 들어 땅에서 뜨게 하는 일. 
¶들돌이 무겁어 땅끔이 안 떨어진다.(=들돌이 무거워 땅띔이 안 된다.) 
땅덩거리 (명사) 땅덩어리.
땅따묵기 (명사) 땅뺏기 : 어린이 놀이의 하나. 정한 땅에 각자의 말을 퉁긴 대로 금을 그어서 땅을 빼앗아 간다.
땅땅구리 (명사) 땡땡구리 : 골패나 투전 따위의 노름에서 돌려가며 짝을 뽑다가 같은 짝을 뽑는 것.
땅때기/땅때이 (명사) 땅뙈기 : 얼마 안 되는 논밭의 조각. ¶ 농사 질 땅때기(=땅뙈기) 하나 없는 형편이다.
땅불 (명사) 도깨비불 : 밤에 무덤이나 축축한 땅 또는 고목이나 낡고 오래된 집에서 인 따위의 작용으로 저절로 번쩍이는 푸른빛의 불꽃. 
¶ 비오는 날 공동모지에 가모 땅불이 달아댕긴데이. 
땅중우 (명사) 두렁이 : 어린아이의 배와 아랫도리를 둘러서 가리는 치마같이 만든 옷. 겹으로 만들거나 솜을 두어 만든다.
땅짐① (명사) 땅김 : 땅에서 올라오는 수증기.
땅짐② (명사) 땅띔 : 무거운 물건을 들어 땅에서 뜨게 하는 일. ¶ 땅짐 떼다.(=땅띔 떼다.)
땅짤막하다 (형용사) 당딸막하다.
때국놈 (명사) 1. 예전에 만주 지방에 살던 여진족이 세운 청나라 사람들을 낮추어 부르던 말. 2.중국 사람을 낮잡아 이르는 말.
때기① (명사) 딱지.
-때기②/-땍  (택호 뒤에 붙여) -댁. ¶ 하동때기(=하동댁), 대구땍(=대구댁)
때기를 치다 메어치다. 패대기치다. 내동댕이치다.
때기질하다 (동사) 딱지를 치듯 내리꽂다.
때기치기 (명사) 딱지치기.
때까리 (명사) 몫 : 일의 한 부분. ¶ 나도 한 때까리 하자.
때깔 (명사) 태깔 : 모양과 빛깔.
때꺼리 (명사) 끼닛거리.
때꼽재이/때꼽쟁이 (명사) 때꼽재기.
때끈하다 (형용사) 따끔하다.
때끔때끔 (부사) 따끔따끔.
때끼다① (동사) 대끼다 : 애벌 찧은 보리나 수수 같은 곡식을 마지막으로 깨끗이 찧다.
때끼다② (동사) 부대끼다 : 어떤 일에 많이 시달리다. ¶ 종일 사람들에게 때끼고 나니 기운이 하나도 없다.
때끼칼 (명사) 주머니칼 : 주머니에 넣고 다니며 쓰는 작은 칼.
때때하다 (형용사) 따끔따끔하다 : 찔리거나 꼬집힌 것처럼 자꾸 아프다.
때리직이다 (동사) 때려죽이다.
때리패다 (동사) 마구 때리다.
때맞차 (부사) 때맞추어. ¶ 때맞차(=때맞추어) 잘 왔다.
때매 (명사)+(조사) 때문에.
때멩영 (명사) 끼니 연명(延命). ¶ 헹페이 어렵어 때멩영도 못한다.(=형편이 어려워 끼니 연명도 못한다.)
때이 (명사) 땡 : 1. 화투에서 같은 짝 두 장으로 이루어진 패. 
2. 뜻밖에 생긴 좋은 수나 우연히 걸려든 복을 속되게 이르는 말. ¶ 오올 때이 잡았다.
때이잡다 (동사) 땡잡다 : 뜻밖에 큰 행운이 생기다.
때죽 (명사) 1. 발자국. ¶ 먼지 간 발 때죽이 나 있다.(=먼저 간 발자국이 나 있다.) 
2. 자국. ¶ 마루에 가방을 놓아 둔 때죽이 있다.
땍때구리 (명사) 딱따구리.
땍지칼 (명사) 주머니칼.
땎↑이다① (동사) 닦이다. 닦게 하다.
땎이↑다② (동사) 꾸지람을 듣다. 부대끼다.
땐때모시 겉다  독하고 야무진 사람 같다.
땐땐하다 (형용사) 딴딴하다. 땡땡하다.
땟물 (명사) 때물 : 툭 트이거나 미끈하게 잘생기지 못한 때깔.
땜새/땜시 (부사) 때문에.
땜재이 (명사) 땜장이.
땟물벗다/땟물빠지다 (동사) 촌티를 벗어나 미끈하다.
땡가암 (명사) 땡고함(高喊) : 자기 처지나 신분에 맞지 않게 갑자기 지르는 고함.
땡고집 (명사) 땅고집 : 융통성이 없는 지나친 고집.
땡↑기다① (동사) 당기다.
땡기↑다② (동사) 당기다. 1. 좋아하는 마음이 일어나 저절로 끌리다. 2. 입맛이 돋우어지다. 
¶ 돼지고기를 보니 입맛이 땡기네.
땡기이다 (동사) 땅기어지다.
땡기씨다 (동사) 당겨쓰다 : 돈, 물건 따위를 원래 쓰기로 한 때보다 미리 쓰다.
땡기앉다 (동사) 다가앉다.
땡기오다 (동사) 다가오다. 앞당겨 끌어오다.
땡깔 (명사) 꽈리. 가짓과의 여러해살이풀.
땡깔불다 (동사) 꽈리불다.
땡때이중 (명사) 땡추중.
땡땡 (부사) (햇볕이) 쨍쨍.
땡때이 (명사) 땡땡이 : 해야 할 일은 하지 않고 눈을 피해 게으름 피우는 말을 속되게 이르는 말. 
¶ 주인 눈을 피해 땡때이를 부린다.
땡벹[-뻳] (명사) 뙤약볕.
땡보 (명사) 구두쇠.
땡삐 (명사) 땅벌.
땡초 (명사) 땡고추.
떠꺼리/떠께이 (명사) 덮개. 뚜껑.
떠덩구치다 (동사) 떠둥그뜨리다. 떠둥그리다 : 
1. 물체의 한 부분을 들고 밀어 엎어지게 하거나 기울여 쓰러뜨리다. 
2. 허물 따위를 남이 알아채지 못하도록 재빨리 다른 사람에게 떠넘기다.
떠덩굴시다 (동사) 떠들추다 : 비밀스러운 남의 일을 밖으로 드러내다.
떠들시다 (동사) 떠들추다.
떠들이 (명사) 떠버리 : 자주 수다스럽게 떠드는 사람을 낮잡아 이르는 말.
떠라놓다 (동사) 떼어 놓다. ¶ 우는 아를 떠라놓고 왔다.(=우는 애를 떼어놓고 왔다.)
떠루다 (동사) 놓치다. 떨어뜨리다.",2021-12-10 00:00:00,98,미부착,제1유형,무,,따지다 ~ 떠루다,,어문,음성,"따지다 (동사) 타지다 : 바느질하거나 꿰맨 자리가 터지다. ¶ 따진 팔소매를 꾸맸다. 
딱나무 (명사) 닥나무.
딱밭 (명사) 닥나무밭.
딱종오/딱종우 (명사) 닥종이 : 닥나무 껍질을 원료로 하여 만든 종이.
딱지칼 (명사) 주머니칼.
딴 (관형사) 다른. ¶ 딴 거(=다른 거), 딴 디(=다른 데), 딴 짓(=다른 짓)
딴짓거리 (명사) 딴전.
딸 (명사) 딸기.
딸깍질 (명사) 딸꾹질. 
딸따리① (명사) 딸딸이 : 삼륜차 등을 속되게 이르는 말.
딸따리② (명사) 짤짤이 : 발끝만 꿰어 신게 된 실내용의 간단한 신.
딸딸 (부사) 탈탈 : 아무것도 남지 않게 털어내거나 긁어내는 모양. ¶ 딸딸 털맀다.(=탈탈 털렸다.)
딸람하다 (형용사) 달람하다 : 옷의 길이가 썩 짧다.
딸롬하다 (형용사) 달름하다 : 1. 입은 옷이 몸에 비하여 길이가 조금 짧다. 2. 어울리지 않게 홀로 오뚝하다.
딸리다 (동사) 달리다 : 재물이나 기술, 힘 따위가 모자라다.
딸막기리다 (동사) 달막거리다 : 말할 듯이 입술이 자꾸 가볍게 열렸다 닫혔다 하다. 또는 그렇게 되게 하다.
딸막딸막하다 (동사) 달막달막하다. 주저주저하다.
딸막하다 (형용사) 짤막하다.
딸아 (명사) 계집아이.
딸자석 (명사) 딸자식.
땀뚜데기 (명사) 땀띠.
땀떼기/땀뚜드레이 (명사) 땀띠.
땜에 (명사)+(조사) 때문에. ¶ 니 땜에 다 된 일을 조졌다(=너 때문에 다 된 일을 그르쳤다).
땁따시리 (부사) 따뜻하게.
땁뚜시리 (부사) 따뜻하게.
땅갑지/땅갑치 (명사) 조가비 : 조개의 껍데기.
땅개/땅강생이 (명사) 1. 땅강아지. 2. 키가 작은 사람을 비유적으로 이르는 말.
땅개비① (명사) 조가비.
땅개비② (명사) 방아깨비.
땅그늘 (명사) 땅거미 : 해가 진 뒤 빛이 조금 어둑한 상태. 또는 그런 때. ¶ 들에는 땅그늘이 서서이 지고 있었다.
땅끔 (명사) 땅띔 : 무거운 물건을 들어 땅에서 뜨게 하는 일. 
¶들돌이 무겁어 땅끔이 안 떨어진다.(=들돌이 무거워 땅띔이 안 된다.) 
땅덩거리 (명사) 땅덩어리.
땅따묵기 (명사) 땅뺏기 : 어린이 놀이의 하나. 정한 땅에 각자의 말을 퉁긴 대로 금을 그어서 땅을 빼앗아 간다.
땅땅구리 (명사) 땡땡구리 : 골패나 투전 따위의 노름에서 돌려가며 짝을 뽑다가 같은 짝을 뽑는 것.
땅때기/땅때이 (명사) 땅뙈기 : 얼마 안 되는 논밭의 조각. ¶ 농사 질 땅때기(=땅뙈기) 하나 없는 형편이다.
땅불 (명사) 도깨비불 : 밤에 무덤이나 축축한 땅 또는 고목이나 낡고 오래된 집에서 인 따위의 작용으로 저절로 번쩍이는 푸른빛의 불꽃. 
¶ 비오는 날 공동모지에 가모 땅불이 달아댕긴데이. 
땅중우 (명사) 두렁이 : 어린아이의 배와 아랫도리를 둘러서 가리는 치마같이 만든 옷. 겹으로 만들거나 솜을 두어 만든다.
땅짐① (명사) 땅김 : 땅에서 올라오는 수증기.
땅짐② (명사) 땅띔 : 무거운 물건을 들어 땅에서 뜨게 하는 일. ¶ 땅짐 떼다.(=땅띔 떼다.)
땅짤막하다 (형용사) 당딸막하다.
때국놈 (명사) 1. 예전에 만주 지방에 살던 여진족이 세운 청나라 사람들을 낮추어 부르던 말. 2.중국 사람을 낮잡아 이르는 말.
때기① (명사) 딱지.
-때기②/-땍  (택호 뒤에 붙여) -댁. ¶ 하동때기(=하동댁), 대구땍(=대구댁)
때기를 치다 메어치다. 패대기치다. 내동댕이치다.
때기질하다 (동사) 딱지를 치듯 내리꽂다.
때기치기 (명사) 딱지치기.
때까리 (명사) 몫 : 일의 한 부분. ¶ 나도 한 때까리 하자.
때깔 (명사) 태깔 : 모양과 빛깔.
때꺼리 (명사) 끼닛거리.
때꼽재이/때꼽쟁이 (명사) 때꼽재기.
때끈하다 (형용사) 따끔하다.
때끔때끔 (부사) 따끔따끔.
때끼다① (동사) 대끼다 : 애벌 찧은 보리나 수수 같은 곡식을 마지막으로 깨끗이 찧다.
때끼다② (동사) 부대끼다 : 어떤 일에 많이 시달리다. ¶ 종일 사람들에게 때끼고 나니 기운이 하나도 없다.
때끼칼 (명사) 주머니칼 : 주머니에 넣고 다니며 쓰는 작은 칼.
때때하다 (형용사) 따끔따끔하다 : 찔리거나 꼬집힌 것처럼 자꾸 아프다.
때리직이다 (동사) 때려죽이다.
때리패다 (동사) 마구 때리다.
때맞차 (부사) 때맞추어. ¶ 때맞차(=때맞추어) 잘 왔다.
때매 (명사)+(조사) 때문에.
때멩영 (명사) 끼니 연명(延命). ¶ 헹페이 어렵어 때멩영도 못한다.(=형편이 어려워 끼니 연명도 못한다.)
때이 (명사) 땡 : 1. 화투에서 같은 짝 두 장으로 이루어진 패. 
2. 뜻밖에 생긴 좋은 수나 우연히 걸려든 복을 속되게 이르는 말. ¶ 오올 때이 잡았다.
때이잡다 (동사) 땡잡다 : 뜻밖에 큰 행운이 생기다.
때죽 (명사) 1. 발자국. ¶ 먼지 간 발 때죽이 나 있다.(=먼저 간 발자국이 나 있다.) 
2. 자국. ¶ 마루에 가방을 놓아 둔 때죽이 있다.
땍때구리 (명사) 딱따구리.
땍지칼 (명사) 주머니칼.
땎↑이다① (동사) 닦이다. 닦게 하다.
땎이↑다② (동사) 꾸지람을 듣다. 부대끼다.
땐때모시 겉다  독하고 야무진 사람 같다.
땐땐하다 (형용사) 딴딴하다. 땡땡하다.
땟물 (명사) 때물 : 툭 트이거나 미끈하게 잘생기지 못한 때깔.
땜새/땜시 (부사) 때문에.
땜재이 (명사) 땜장이.
땟물벗다/땟물빠지다 (동사) 촌티를 벗어나 미끈하다.
땡가암 (명사) 땡고함(高喊) : 자기 처지나 신분에 맞지 않게 갑자기 지르는 고함.
땡고집 (명사) 땅고집 : 융통성이 없는 지나친 고집.
땡↑기다① (동사) 당기다.
땡기↑다② (동사) 당기다. 1. 좋아하는 마음이 일어나 저절로 끌리다. 2. 입맛이 돋우어지다. 
¶ 돼지고기를 보니 입맛이 땡기네.
땡기이다 (동사) 땅기어지다.
땡기씨다 (동사) 당겨쓰다 : 돈, 물건 따위를 원래 쓰기로 한 때보다 미리 쓰다.
땡기앉다 (동사) 다가앉다.
땡기오다 (동사) 다가오다. 앞당겨 끌어오다.
땡깔 (명사) 꽈리. 가짓과의 여러해살이풀.
땡깔불다 (동사) 꽈리불다.
땡때이중 (명사) 땡추중.
땡땡 (부사) (햇볕이) 쨍쨍.
땡때이 (명사) 땡땡이 : 해야 할 일은 하지 않고 눈을 피해 게으름 피우는 말을 속되게 이르는 말. 
¶ 주인 눈을 피해 땡때이를 부린다.
땡벹[-뻳] (명사) 뙤약볕.
땡보 (명사) 구두쇠.
땡삐 (명사) 땅벌.
땡초 (명사) 땡고추.
떠꺼리/떠께이 (명사) 덮개. 뚜껑.
떠덩구치다 (동사) 떠둥그뜨리다. 떠둥그리다 : 
1. 물체의 한 부분을 들고 밀어 엎어지게 하거나 기울여 쓰러뜨리다. 
2. 허물 따위를 남이 알아채지 못하도록 재빨리 다른 사람에게 떠넘기다.
떠덩굴시다 (동사) 떠들추다 : 비밀스러운 남의 일을 밖으로 드러내다.
떠들시다 (동사) 떠들추다.
떠들이 (명사) 떠버리 : 자주 수다스럽게 떠드는 사람을 낮잡아 이르는 말.
떠라놓다 (동사) 떼어 놓다. ¶ 우는 아를 떠라놓고 왔다.(=우는 애를 떼어놓고 왔다.)
떠루다 (동사) 놓치다. 떨어뜨리다.",사투리,한국어,,2021-12-10 00:00:00,저작물양도계약서,진주시청,,,,제1유형,저작물,보호저작물,○,상업적이용가능,○,○,○,○,○,○,○,,2091-12-10 00:00:00,,
26,오디오,가이드/안내/정보,진주시청,진주시청,HOME > 진주소개 > 기본현황 > 진주 사투리 사전 > ㄷ,떠룸하다 ~ 뚜디리다,"떠룸하다 (형용사) 떠름하다.
떠리미 (명사) 떨이 : 다 떨어서 싸게 파는 나머지 물건. 또는 그렇게 파는 일.
떠리미하다 (동사) 떨이하다.
떠묵 (명사) 메밀묵.
떠벙 (명사) 뚜껑.
떠벙하다 (형용사) 떨떠름하다.
떠부 (명사) 두부.
떠부룩하다 (형용사) 더부룩하다.
떠부리 (명사) 투레질 : 젖먹이가 두 입술을 떨며 투루루 소리를 내는 짓.
떠주리 (명사) 멍청이. 머저리.
떡가래 (명사) 가래떡.
떡가리 (명사) 가래떡.
떡국가리 (명사) 가래떡.
떡당세이 (명사) 떡고리 : 떡을 담아 두는 상자.
떡덩구리 (명사) 떡덩이.
떡덩구리지다 (동사) 떡처럼 덩어리가 지다. 덩이지다.
떡보테이 (명사) 떡보 : 떡을 잘 먹는 사람.
떡시리 (명사) 떡시루.
떡자리 (명사) 떡보(褓). 떡보자기 : 흰떡이나 인절미 따위를 안반에 놓고 처음으로 칠 때에 이들이 흩어지지 않도록 싸는 보자기.
떡하이 (부사) 떡하니 : 보란 듯이 의젓하거나 여유가 있게. 
떤지다 (동사) 던지다.
떨구ㆆ다 (동사) 놓치다. 떨어뜨리다.
떨군 가오리 덕석만 하다 (속담) ‘놓친 것, 성취하지 못한 것’에 대한 아쉬움을 나타낸 속담이다. 현재 가지고 있는 것보다 먼저 것이 더 좋았다고 생각된다는 말.
떨군 뱀장어 바지작대이 만하다 (속담) 놓친 뱀장어가 지겟작대기 만하게 더 커 보인다는 말로 ‘놓친 것, 성취하지 못한 것’에 대한 아쉬움을 나타낸 속담이다.
떨빵하다 (형용사) 얼뜨다 : 다부지지 못하여 어수룩하고 얼빠진 데가 있다.
떨빵하이 (부사) 어설프게. 어설피. 얼뜨게.
떨썩하다 (형용사) 떠들썩하다.
떨가놓다/떨아놓다 (동사) 떼어놓다 : 어떤 사람들을 사이가 멀어지게 하다. 
¶ 우는 아:를 떨아놓고 왔다.(=우는 아이를 떼어놓고 왔다.)
떨어지다 (동사) (옷이) 해지다.
떨우다① (동사) (옷을) 해지게 하다. 닳아서 떨어지다.
떨우다② (동사) 놓치다. 떨어뜨리다.
떨피다 (동사) 뚫리다.
떰부리 (명사) 덤불.
떱떠룸하다 (형용사) 떨떠름하다.
떼 (명사) (윷놀이) 도.
떼가리 (명사) 떼거리 : 부당한 요구나 청을 들어 달라고 고집하는 짓. 
떼거지 (명사) 떼거리.
떼까리 (명사) 떼거리.
떼깔 (명사) 떼 : 부당한 요구나 청을 들어달라고 고집하는 짓. ¶ 떼깔지다.(=떼를 쓰다, 떼를 부리다.)
떼깔재이/떼깔쟁이 (명사) 떼쟁이.
떼나개나 (부사) 도나캐나 : 하찮은 아무나. 또는 무엇이나.
떼놈 (명사) 되놈 : 중국사람을 낮추어 부르는 말.
떼도 아이다 ‘윷놀이에서 ‘도’도 아니다.‘ 라는 말로 늘품이 없어 보인다는 말.
떼똑 (부사) 되똑 : 오뚝 쳐든 모양. ¶ 고개를 떼똑 쳐들고 걷고 있네.
떼묵다 (동사) 떼어먹다.
떠미이다/떠믹이다 (동사) 떠먹이다.
떼밀다 (동사) 떠밀다.
떼방정 (명사) 오두방정.
떼보 (명사) 떼쟁이 : 떼를 잘 쓰는 사람.
떼삐다 (동사) 떼어버리다.
떼앗하다 (형용사) 따끔하다 : 1. 따가울 정도로 매우 덥다. 2. 마음에 큰 자극을 받아 따갑다.
떼이 (명사) (논·밭) 뙈기. ¶ 그는 논 몇 떼이를 짓고 있다.(=그는 논 몇 뙈기를 소작하고 있다.)
떼자구① (명사) ‘떼’를 속되게 이르는 말.
떼자구② (명사) (몸에 묻은) 때. 땟자국.
떼자구③ (명사) 생떼. ¶ 떼자구 부리다. / 떼자구 씨다.
떼젲히다 (동사) 떼어젖히다.
떼재이 (명사) 떼쟁이.
떼죽 (명사) 떼거리 : 목적이나 행동을 같이 하는 무리.
떼짠데이/떼짠디 (명사) 떼로 떠낸 잔디.
뗏놈 (명사) 되놈 : 중국 사람을 낮잡아 이르는 말.
뗑가묵다 (동사) 떼어먹다. 
또골또골 (부사) 또글또글.
또깝다 (형용사) 도톰하다. 두껍다.
또디이 (명사) 멍청이. 머저리.
또랑 (명사) 도랑. 개울.
또로또로 (부사) 따로따로.
똑 (부사) 꼭. 조금도 어김없이. ¶ 신발이 똑(=꼭) 맞네. / 비가 오모 똑 찾아오는 사람이 있다.(=비가 오면 꼭 찾아오는 사람이 있다. 
똑데이 (명사) 똑똑이.
똑디이 (명사) 똑똑이.
똑메 (명사) 독메 : 외따로 떨어져 있는 조그마한 산. 독산(獨山).
똑바리 (부사) 똑바로. 곧장.
똘똘이 (명사) ‘돼지’를 귀엽게 부르는 소리.
똘똘똘똘 (감탄사) 오래오래 : 돼지를 계속해서 부르는 소리.

똘레기리다 (동사) 두리번거리다.
똘레똘레 (부사) 두리번두리번. 둘레둘레.
똘마옇다 (동사) 훔쳐넣다.
똘마이 (명사) 똘마니 : 범죄 집단 따위의 조직에서 부림을 당하는 사람을 속되게 이르는 말.
똘방똘방하다 (형용사) 또랑또랑하다.
똠방하다 (형용사) 짧고 뭉툭하다.
똥가래이 (명사) 다리 가랑이인 ‘다리샅’을 속되게 이르는 말.
똥가리 (명사) (나무)동강. 도막.
똥골똥골 (부사) 똥글똥글.
똥골똥골하다 (형용사) 똥글똥글하다.
똥골배이 (명사) 동그라미.
똥골하다/똥글하다 (형용사) 동그랗다.
똥골해지다 (동사) 동그래지다. 똥그래지다.
똥구녕 (명사) 똥구멍.
똥구녕을 파다 밑구멍을 파다. 뒤를 캐다. 뒷조사를 하다.
똥구디이 (명사) ‘뒷간’을 속되게 이르는 말.
똥구래미 (명사) 동그라미. 똥그라미.
똥구룽내 (명사) 구린내.
똥구리다 (동사) 자르다 : 동강을 내거나 끊어 내다.
똥구시 (명사) ‘뒷간’을 속되게 이르는 말.
똥글하다 (형용사) 동그랗다.
똥꿀내 (명사) 구린내.
똥끼다 (동사) 방귀뀌다.
똥 낀 놈이 성낸다 (속담) 방귀 낀 사람이 제가 잘못하고서 도리어 큰소리로 야단스럽게 군다는 말. 
똥단지 (명사) 똥항아리.
똥두디 (명사) 기저귀 : 어린아이의 똥오줌을 받아내기 위하여 다리 사이에 채우는 천. 
똥디이[-띠-]/똥딩이[-띵-] (명사) 똥덩어리.
똥딴지① (명사) ‘엉덩이’를 속되게 이르는 말.
똥딴지② (명사) 똥항아리.
똥딸막하다 (형용사) 땅딸막하다.
똥딸배이 (명사) ‘엉덩이’를 속되게 이르는 말. 똥짜바리.
똥빨 (명사) 덩치.
똥실똥실 (부사) 둥글둥글.
똥재이 (명사) 똥싸개.
똥짤막하다 (형용사) 땅딸막하다.
똥포리 (명사) 똥파리. 쉬파리.
뚜께비 (명사) 두꺼비.
뚜꾸 (명사) 두께.
뚜꾸마리 (명사) 멱둥구미.
뚜꾸베이 (명사) 뚜껑.
뚜끼비 (명사) 두꺼비.
뚜디:다 (동사) 두드리다.
뚜디리기 (명사) 두드러기.
뚜디리다 (동사) 두드리다.",2021-12-10 00:00:00,117,미부착,제1유형,무,,떠룸하다 ~ 뚜디리다,,어문,음성,"떠룸하다 (형용사) 떠름하다.
떠리미 (명사) 떨이 : 다 떨어서 싸게 파는 나머지 물건. 또는 그렇게 파는 일.
떠리미하다 (동사) 떨이하다.
떠묵 (명사) 메밀묵.
떠벙 (명사) 뚜껑.
떠벙하다 (형용사) 떨떠름하다.
떠부 (명사) 두부.
떠부룩하다 (형용사) 더부룩하다.
떠부리 (명사) 투레질 : 젖먹이가 두 입술을 떨며 투루루 소리를 내는 짓.
떠주리 (명사) 멍청이. 머저리.
떡가래 (명사) 가래떡.
떡가리 (명사) 가래떡.
떡국가리 (명사) 가래떡.
떡당세이 (명사) 떡고리 : 떡을 담아 두는 상자.
떡덩구리 (명사) 떡덩이.
떡덩구리지다 (동사) 떡처럼 덩어리가 지다. 덩이지다.
떡보테이 (명사) 떡보 : 떡을 잘 먹는 사람.
떡시리 (명사) 떡시루.
떡자리 (명사) 떡보(褓). 떡보자기 : 흰떡이나 인절미 따위를 안반에 놓고 처음으로 칠 때에 이들이 흩어지지 않도록 싸는 보자기.
떡하이 (부사) 떡하니 : 보란 듯이 의젓하거나 여유가 있게. 
떤지다 (동사) 던지다.
떨구ㆆ다 (동사) 놓치다. 떨어뜨리다.
떨군 가오리 덕석만 하다 (속담) ‘놓친 것, 성취하지 못한 것’에 대한 아쉬움을 나타낸 속담이다. 현재 가지고 있는 것보다 먼저 것이 더 좋았다고 생각된다는 말.
떨군 뱀장어 바지작대이 만하다 (속담) 놓친 뱀장어가 지겟작대기 만하게 더 커 보인다는 말로 ‘놓친 것, 성취하지 못한 것’에 대한 아쉬움을 나타낸 속담이다.
떨빵하다 (형용사) 얼뜨다 : 다부지지 못하여 어수룩하고 얼빠진 데가 있다.
떨빵하이 (부사) 어설프게. 어설피. 얼뜨게.
떨썩하다 (형용사) 떠들썩하다.
떨가놓다/떨아놓다 (동사) 떼어놓다 : 어떤 사람들을 사이가 멀어지게 하다. 
¶ 우는 아:를 떨아놓고 왔다.(=우는 아이를 떼어놓고 왔다.)
떨어지다 (동사) (옷이) 해지다.
떨우다① (동사) (옷을) 해지게 하다. 닳아서 떨어지다.
떨우다② (동사) 놓치다. 떨어뜨리다.
떨피다 (동사) 뚫리다.
떰부리 (명사) 덤불.
떱떠룸하다 (형용사) 떨떠름하다.
떼 (명사) (윷놀이) 도.
떼가리 (명사) 떼거리 : 부당한 요구나 청을 들어 달라고 고집하는 짓. 
떼거지 (명사) 떼거리.
떼까리 (명사) 떼거리.
떼깔 (명사) 떼 : 부당한 요구나 청을 들어달라고 고집하는 짓. ¶ 떼깔지다.(=떼를 쓰다, 떼를 부리다.)
떼깔재이/떼깔쟁이 (명사) 떼쟁이.
떼나개나 (부사) 도나캐나 : 하찮은 아무나. 또는 무엇이나.
떼놈 (명사) 되놈 : 중국사람을 낮추어 부르는 말.
떼도 아이다 ‘윷놀이에서 ‘도’도 아니다.‘ 라는 말로 늘품이 없어 보인다는 말.
떼똑 (부사) 되똑 : 오뚝 쳐든 모양. ¶ 고개를 떼똑 쳐들고 걷고 있네.
떼묵다 (동사) 떼어먹다.
떠미이다/떠믹이다 (동사) 떠먹이다.
떼밀다 (동사) 떠밀다.
떼방정 (명사) 오두방정.
떼보 (명사) 떼쟁이 : 떼를 잘 쓰는 사람.
떼삐다 (동사) 떼어버리다.
떼앗하다 (형용사) 따끔하다 : 1. 따가울 정도로 매우 덥다. 2. 마음에 큰 자극을 받아 따갑다.
떼이 (명사) (논·밭) 뙈기. ¶ 그는 논 몇 떼이를 짓고 있다.(=그는 논 몇 뙈기를 소작하고 있다.)
떼자구① (명사) ‘떼’를 속되게 이르는 말.
떼자구② (명사) (몸에 묻은) 때. 땟자국.
떼자구③ (명사) 생떼. ¶ 떼자구 부리다. / 떼자구 씨다.
떼젲히다 (동사) 떼어젖히다.
떼재이 (명사) 떼쟁이.
떼죽 (명사) 떼거리 : 목적이나 행동을 같이 하는 무리.
떼짠데이/떼짠디 (명사) 떼로 떠낸 잔디.
뗏놈 (명사) 되놈 : 중국 사람을 낮잡아 이르는 말.
뗑가묵다 (동사) 떼어먹다. 
또골또골 (부사) 또글또글.
또깝다 (형용사) 도톰하다. 두껍다.
또디이 (명사) 멍청이. 머저리.
또랑 (명사) 도랑. 개울.
또로또로 (부사) 따로따로.
똑 (부사) 꼭. 조금도 어김없이. ¶ 신발이 똑(=꼭) 맞네. / 비가 오모 똑 찾아오는 사람이 있다.(=비가 오면 꼭 찾아오는 사람이 있다. 
똑데이 (명사) 똑똑이.
똑디이 (명사) 똑똑이.
똑메 (명사) 독메 : 외따로 떨어져 있는 조그마한 산. 독산(獨山).
똑바리 (부사) 똑바로. 곧장.
똘똘이 (명사) ‘돼지’를 귀엽게 부르는 소리.
똘똘똘똘 (감탄사) 오래오래 : 돼지를 계속해서 부르는 소리.

똘레기리다 (동사) 두리번거리다.
똘레똘레 (부사) 두리번두리번. 둘레둘레.
똘마옇다 (동사) 훔쳐넣다.
똘마이 (명사) 똘마니 : 범죄 집단 따위의 조직에서 부림을 당하는 사람을 속되게 이르는 말.
똘방똘방하다 (형용사) 또랑또랑하다.
똠방하다 (형용사) 짧고 뭉툭하다.
똥가래이 (명사) 다리 가랑이인 ‘다리샅’을 속되게 이르는 말.
똥가리 (명사) (나무)동강. 도막.
똥골똥골 (부사) 똥글똥글.
똥골똥골하다 (형용사) 똥글똥글하다.
똥골배이 (명사) 동그라미.
똥골하다/똥글하다 (형용사) 동그랗다.
똥골해지다 (동사) 동그래지다. 똥그래지다.
똥구녕 (명사) 똥구멍.
똥구녕을 파다 밑구멍을 파다. 뒤를 캐다. 뒷조사를 하다.
똥구디이 (명사) ‘뒷간’을 속되게 이르는 말.
똥구래미 (명사) 동그라미. 똥그라미.
똥구룽내 (명사) 구린내.
똥구리다 (동사) 자르다 : 동강을 내거나 끊어 내다.
똥구시 (명사) ‘뒷간’을 속되게 이르는 말.
똥글하다 (형용사) 동그랗다.
똥꿀내 (명사) 구린내.
똥끼다 (동사) 방귀뀌다.
똥 낀 놈이 성낸다 (속담) 방귀 낀 사람이 제가 잘못하고서 도리어 큰소리로 야단스럽게 군다는 말. 
똥단지 (명사) 똥항아리.
똥두디 (명사) 기저귀 : 어린아이의 똥오줌을 받아내기 위하여 다리 사이에 채우는 천. 
똥디이[-띠-]/똥딩이[-띵-] (명사) 똥덩어리.
똥딴지① (명사) ‘엉덩이’를 속되게 이르는 말.
똥딴지② (명사) 똥항아리.
똥딸막하다 (형용사) 땅딸막하다.
똥딸배이 (명사) ‘엉덩이’를 속되게 이르는 말. 똥짜바리.
똥빨 (명사) 덩치.
똥실똥실 (부사) 둥글둥글.
똥재이 (명사) 똥싸개.
똥짤막하다 (형용사) 땅딸막하다.
똥포리 (명사) 똥파리. 쉬파리.
뚜께비 (명사) 두꺼비.
뚜꾸 (명사) 두께.
뚜꾸마리 (명사) 멱둥구미.
뚜꾸베이 (명사) 뚜껑.
뚜끼비 (명사) 두꺼비.
뚜디:다 (동사) 두드리다.
뚜디리기 (명사) 두드러기.
뚜디리다 (동사) 두드리다.",사투리,한국어,,2021-12-10 00:00:00,저작물양도계약서,진주시청,,,,제1유형,저작물,보호저작물,○,상업적이용가능,○,○,○,○,○,○,○,,2091-12-10 00:00:00,,
27,오디오,가이드/안내/정보,진주시청,진주시청,HOME > 진주소개 > 기본현황 > 진주 사투리 사전 > ㄷ,뚜디리맞다 ~ 띵띵하다,"뚜디리맞다 (동사) 두드려 맞다. 두들겨 맞다.
뚜디리패다 (동사) 두드려 패다. 두들겨 패다.
뚜디맞다 (동사) 두드려 맞다. 두들겨 맞다.
뚜디패다/뚜이패다 (동사) 두드려 패다. 두들겨 패다.
뚜루박 (명사) 두레박.
뚜부 (명사) 두부.
뚜이맞다 (동사) 두드려 맞다. 두들겨 맞다.
뚝바리 (명사) 뚝배기.
뚝배이 (명사) 뚝배기.
뚝사리 (명사) 뚝배기.
뚤래뚤래 (부사) 두리번두리번. 둘레둘레.
뚤맞다 (동사) 두들겨 맞다.
뚤패다 (동사) 두들겨 패다.
뚬벙새 (명사) 뜸부기.
뚬비 (명사) 뜸부기.
뚬비기 (명사) 뜸부기.
뚱때 (명사) 돈독, 돈때 : 돈을 지나치게 밝히거나 돈에 대한 욕심을 비유적으로 이르는 말. 
¶ 돈에 뚱때(=돈독)가 올랐다.
뚱띠이 (명사) 뚱뚱이.
뚱짜 (명사) 뚱뚱이.
뚱치다 (동사) 뚱뚱하다.
뚱치다 (동사) 슬쩍 훔치다.
뜨꺼리 (명사) 뚜껑.
뜨꺼븡 (명사) 뚜껑.
뜨껑 (명사) 뚜껑.
뜨내이 (명사) 뜨내기 : 일정한 거처가 없이 떠돌아다니는 사람.
뜨내이장사 (명사) 뜨내기장수.
뜨뜨무리하다 (형용사) 뜨뜻미지근하다.
뜨래 (명사) 또래 : 나이나 수준이 서로 비슷한 무리.
뜨벙 (명사) 뚜껑.
뜨베이/뜨벵이 (명사) 뚜껑.
뜨수다 (동사) (국을) 데우다.
뜨시다 (형용사) 뜨듯하다.
뜩별나다 (형용사) 특별나다.
뜬물 (명사) 뜨물 : 곡식을 씻어 내 뿌옇게 된 물.
뜳다/뚧다 (동사) (활용 : 뜳고[뜹꼬], 뜳지[뜹찌], 뜳는[뜸는], 뜳은[뜰븐], 뜳어라[뜰버라]) 뚫다.
뜳히다 (동사) 뚫리다.
뜸비/뜸비기/뜸비이 (명사) 뜸부기.
뜸질 (명사) 찜질.
-띠/-띠기/-띠이  -댁 : 택호에 붙여서 쓴다. ¶ 평거띠이.(=평거댁) 무실띠이.(=수곡댁)
띠꺼리 (명사) 뚜껑.
띠굴띠굴 (부사) 떼굴떼굴.
띠금띠다 (동사) 뜀질하다.
띠금띠금 (부사) 띄엄띄엄.
띠금질 (명사) 뜀질.
띠꺼리 (명사) 뚜껑.
띠꼴 (명사) 띠. 볏과의 여러해살이풀. 삐삐(=삘기)라고 하는 어린 꽃이삭은 단맛이 있어 식용한다.
띠끼다 (동사) 뜯기다.
띠다 (동사) 뛰다.
띠름질 (명사) 뜀질.
띠우다① (동사) (편지를) 띄우다.
띠우다② (동사) (메주를) 띄우다.
띠우다③ (동사) (배를) 띄우다.
띠이가다 (동사) 뛰어가다.
띠이오다 (동사) 뛰어오다.
띠지 (명사) 딱지.
띠짠디 (명사) 잔디.
띠포리/디포리 (명사) 밴댕이. 맛국물을 내는 멸치. ¶ 띠포리는 메르치카마 납작하고 뻬가지가 어시다.
띧기다 (동사) 뜯기다.
띨띨하다 (형용사) 아둔하다.
띨빵하다 (형용사) 아둔하다.
띰 (명사) 뜸. ¶ 밥 띰 들 때가지 솥띠꺼리 열지 마라.(=밥 뜸 들 때까지 솥뚜껑 열지 마라.)
띰딜이다 (동사) 뜸들이다.
띵가묵다 (동사) 떼어먹다.
띵띵하다 (형용사) 뚱뚱하다.",2021-12-10 00:00:00,64,미부착,제1유형,무,,뚜디리맞다 ~ 띵띵하다,,어문,음성,"뚜디리맞다 (동사) 두드려 맞다. 두들겨 맞다.
뚜디리패다 (동사) 두드려 패다. 두들겨 패다.
뚜디맞다 (동사) 두드려 맞다. 두들겨 맞다.
뚜디패다/뚜이패다 (동사) 두드려 패다. 두들겨 패다.
뚜루박 (명사) 두레박.
뚜부 (명사) 두부.
뚜이맞다 (동사) 두드려 맞다. 두들겨 맞다.
뚝바리 (명사) 뚝배기.
뚝배이 (명사) 뚝배기.
뚝사리 (명사) 뚝배기.
뚤래뚤래 (부사) 두리번두리번. 둘레둘레.
뚤맞다 (동사) 두들겨 맞다.
뚤패다 (동사) 두들겨 패다.
뚬벙새 (명사) 뜸부기.
뚬비 (명사) 뜸부기.
뚬비기 (명사) 뜸부기.
뚱때 (명사) 돈독, 돈때 : 돈을 지나치게 밝히거나 돈에 대한 욕심을 비유적으로 이르는 말. 
¶ 돈에 뚱때(=돈독)가 올랐다.
뚱띠이 (명사) 뚱뚱이.
뚱짜 (명사) 뚱뚱이.
뚱치다 (동사) 뚱뚱하다.
뚱치다 (동사) 슬쩍 훔치다.
뜨꺼리 (명사) 뚜껑.
뜨꺼븡 (명사) 뚜껑.
뜨껑 (명사) 뚜껑.
뜨내이 (명사) 뜨내기 : 일정한 거처가 없이 떠돌아다니는 사람.
뜨내이장사 (명사) 뜨내기장수.
뜨뜨무리하다 (형용사) 뜨뜻미지근하다.
뜨래 (명사) 또래 : 나이나 수준이 서로 비슷한 무리.
뜨벙 (명사) 뚜껑.
뜨베이/뜨벵이 (명사) 뚜껑.
뜨수다 (동사) (국을) 데우다.
뜨시다 (형용사) 뜨듯하다.
뜩별나다 (형용사) 특별나다.
뜬물 (명사) 뜨물 : 곡식을 씻어 내 뿌옇게 된 물.
뜳다/뚧다 (동사) (활용 : 뜳고[뜹꼬], 뜳지[뜹찌], 뜳는[뜸는], 뜳은[뜰븐], 뜳어라[뜰버라]) 뚫다.
뜳히다 (동사) 뚫리다.
뜸비/뜸비기/뜸비이 (명사) 뜸부기.
뜸질 (명사) 찜질.
-띠/-띠기/-띠이  -댁 : 택호에 붙여서 쓴다. ¶ 평거띠이.(=평거댁) 무실띠이.(=수곡댁)
띠꺼리 (명사) 뚜껑.
띠굴띠굴 (부사) 떼굴떼굴.
띠금띠다 (동사) 뜀질하다.
띠금띠금 (부사) 띄엄띄엄.
띠금질 (명사) 뜀질.
띠꺼리 (명사) 뚜껑.
띠꼴 (명사) 띠. 볏과의 여러해살이풀. 삐삐(=삘기)라고 하는 어린 꽃이삭은 단맛이 있어 식용한다.
띠끼다 (동사) 뜯기다.
띠다 (동사) 뛰다.
띠름질 (명사) 뜀질.
띠우다① (동사) (편지를) 띄우다.
띠우다② (동사) (메주를) 띄우다.
띠우다③ (동사) (배를) 띄우다.
띠이가다 (동사) 뛰어가다.
띠이오다 (동사) 뛰어오다.
띠지 (명사) 딱지.
띠짠디 (명사) 잔디.
띠포리/디포리 (명사) 밴댕이. 맛국물을 내는 멸치. ¶ 띠포리는 메르치카마 납작하고 뻬가지가 어시다.
띧기다 (동사) 뜯기다.
띨띨하다 (형용사) 아둔하다.
띨빵하다 (형용사) 아둔하다.
띰 (명사) 뜸. ¶ 밥 띰 들 때가지 솥띠꺼리 열지 마라.(=밥 뜸 들 때까지 솥뚜껑 열지 마라.)
띰딜이다 (동사) 뜸들이다.
띵가묵다 (동사) 떼어먹다.
띵띵하다 (형용사) 뚱뚱하다.",사투리,한국어,,2021-12-10 00:00:00,저작물양도계약서,진주시청,,,,제1유형,저작물,보호저작물,○,상업적이용가능,○,○,○,○,○,○,○,,2091-12-10 00:00:00,,
28,오디오,가이드/안내/정보,진주시청,진주시청,HOME > 진주소개 > 기본현황 > 진주 사투리 사전 > ㄹ,-(으)ㄹ값에 ~ -(으)로②,"진주 사투리 사전 리을 
-(으)ㄹ값에 (어미) -(으)ㄹ망정. ¶ 깨질값에, 넘어질값에. / 그렇게 할값에.(=그렇게 할망정.)
-(으)ㄹ끼다(← -(으)ㄹ+것+이+다) (어미) -(으)ㄹ 것이다. ¶ 좀 있다가 갈끼다.(=조금 있다가 갈 것이다.)
-(으)ㄹ낀데(← -(으)ㄹ+것+이+ㄴ데) (어미) -(으)ㄹ 텐데. -(으)ㄹ텐데 ¶ 할 낀대, 갈 낀데, 잡을 낀데.
-(으)ㄹ낀께네(← -(으)ㄹ+것+이+ㄴ께네 (어미) -(으)ㄹ 테니까. ¶ 올 낀께네, 출발할 낀께네.
-(으)ㄹ라 (어미) -(으)려고. ¶ 인자 여어서 살라 쿤다.(=이제 여기서 살려고 한다.)
-(으)ㄹ라꼬 (어미) -(으)려고 ¶ 갈라꼬. 잡을라꼬, 놀라꼬 / 집에 갈라꼬.(=집에 가려고.) / 머 할라꼬 그라노?(=뭐 하려고 그러느냐?) 
-(이)라꼬 (어미) -이라고. ¶ 글마가 때린 놈이 아이라꼬.(=그 아이가 때린 놈이 아니라고.)
-(으)ㄹ라모 (어미) -(으)려면. ¶ 전시회에 가 볼라모 테근 후에 같이 가자.(=전시회에 가 보려면 퇴근 후에 같이 가자.) / 술 무울라모 저 집에 가자.
-(으)ㄹ란가 (어미) -(으)려는가. ¶ 집에 갈란가?(=집에 가려는가?), 내앨 올란가?(=내일 오려는가?) (참고) 예, 아니오의 답을 요구하는 판정의문형 (어미)임.
-(으)ㄹ란고 (어미) -(으)려는가. ¶ 머 무울란고?(=뭐 먹으려는가?), 어데 갈란고?(=어디 가려는가?) (참고) 설명을 요구하는 설명의문형 (어미)임.
-(으)ㄹ람마 (어미) -(으)ㄹ란다. ¶ 갈람마.(=갈란다.) / 무울람마.(=먹을란다.) / 입을람마.(=입을란다.)
-(이)라예 (어미) -이에요. ¶ 그 사람은 나쁜 사람이 아이라예.(=그 사람은 나쁜 사람이 아니에요.)
-(이)라사 (조사) -이라야. ¶ 이런 일은 그 사람이라사 맡아 감당할 수 있다.(=이런 일은 그 사람이라야 맡아 감당할 수 있다.)
-(이)란께 (어미) -이라니까. ¶ 이거 진짜란께.(=이거 진짜라니까.) / 거짓말 아니란께.(=거짓말 아니라니까.)
-(으)랍니다 (어미) -(으)렵니다. ¶ 잘랍니다, 입을랍니다, 무울랍니다(=먹으렵니다), 놀랍니다.
-(으)래이 (어미) -(으)ㄹ려무나. ¶ 내앨은 꼭 가거래이.(=내일은 꼭 가려무나.) / 밥 마이 무래이.(=밥 많이 먹어려무나.) (참고) 친근감과 다짐의 뜻을 지닌 명령형 (어미).
-로① (조사) -을. ¶ 물로 붓다.(=물을 붓다.) / 넘의 딸로 그리 멀쿠모 데나.(=남의 딸을 그리 꾸짖으면 되느냐.) / 술로 묵고 생지랄한다.(=술을 먹고 생지랄한다.)
-(으)로② (어미) -(으)러. ¶ 오늘 저녀어 영화 보로 가자.(=오늘 저녁에 영화 보러 가자.)",2021-12-10 00:00:00,18,미부착,제1유형,무,,-(으)ㄹ값에 ~ -(으)로②,,어문,음성,"진주 사투리 사전 리을 
-(으)ㄹ값에 (어미) -(으)ㄹ망정. ¶ 깨질값에, 넘어질값에. / 그렇게 할값에.(=그렇게 할망정.)
-(으)ㄹ끼다(← -(으)ㄹ+것+이+다) (어미) -(으)ㄹ 것이다. ¶ 좀 있다가 갈끼다.(=조금 있다가 갈 것이다.)
-(으)ㄹ낀데(← -(으)ㄹ+것+이+ㄴ데) (어미) -(으)ㄹ 텐데. -(으)ㄹ텐데 ¶ 할 낀대, 갈 낀데, 잡을 낀데.
-(으)ㄹ낀께네(← -(으)ㄹ+것+이+ㄴ께네 (어미) -(으)ㄹ 테니까. ¶ 올 낀께네, 출발할 낀께네.
-(으)ㄹ라 (어미) -(으)려고. ¶ 인자 여어서 살라 쿤다.(=이제 여기서 살려고 한다.)
-(으)ㄹ라꼬 (어미) -(으)려고 ¶ 갈라꼬. 잡을라꼬, 놀라꼬 / 집에 갈라꼬.(=집에 가려고.) / 머 할라꼬 그라노?(=뭐 하려고 그러느냐?) 
-(이)라꼬 (어미) -이라고. ¶ 글마가 때린 놈이 아이라꼬.(=그 아이가 때린 놈이 아니라고.)
-(으)ㄹ라모 (어미) -(으)려면. ¶ 전시회에 가 볼라모 테근 후에 같이 가자.(=전시회에 가 보려면 퇴근 후에 같이 가자.) / 술 무울라모 저 집에 가자.
-(으)ㄹ란가 (어미) -(으)려는가. ¶ 집에 갈란가?(=집에 가려는가?), 내앨 올란가?(=내일 오려는가?) (참고) 예, 아니오의 답을 요구하는 판정의문형 (어미)임.
-(으)ㄹ란고 (어미) -(으)려는가. ¶ 머 무울란고?(=뭐 먹으려는가?), 어데 갈란고?(=어디 가려는가?) (참고) 설명을 요구하는 설명의문형 (어미)임.
-(으)ㄹ람마 (어미) -(으)ㄹ란다. ¶ 갈람마.(=갈란다.) / 무울람마.(=먹을란다.) / 입을람마.(=입을란다.)
-(이)라예 (어미) -이에요. ¶ 그 사람은 나쁜 사람이 아이라예.(=그 사람은 나쁜 사람이 아니에요.)
-(이)라사 (조사) -이라야. ¶ 이런 일은 그 사람이라사 맡아 감당할 수 있다.(=이런 일은 그 사람이라야 맡아 감당할 수 있다.)
-(이)란께 (어미) -이라니까. ¶ 이거 진짜란께.(=이거 진짜라니까.) / 거짓말 아니란께.(=거짓말 아니라니까.)
-(으)랍니다 (어미) -(으)렵니다. ¶ 잘랍니다, 입을랍니다, 무울랍니다(=먹으렵니다), 놀랍니다.
-(으)래이 (어미) -(으)ㄹ려무나. ¶ 내앨은 꼭 가거래이.(=내일은 꼭 가려무나.) / 밥 마이 무래이.(=밥 많이 먹어려무나.) (참고) 친근감과 다짐의 뜻을 지닌 명령형 (어미).
-로① (조사) -을. ¶ 물로 붓다.(=물을 붓다.) / 넘의 딸로 그리 멀쿠모 데나.(=남의 딸을 그리 꾸짖으면 되느냐.) / 술로 묵고 생지랄한다.(=술을 먹고 생지랄한다.)
-(으)로② (어미) -(으)러. ¶ 오늘 저녀어 영화 보로 가자.(=오늘 저녁에 영화 보러 가자.)",사투리,한국어,,2021-12-10 00:00:00,저작물양도계약서,진주시청,,,,제1유형,저작물,보호저작물,○,상업적이용가능,○,○,○,○,○,○,○,,2091-12-10 00:00:00,,
29,오디오,가이드/안내/정보,진주시청,진주시청,HOME > 진주소개 > 기본현황 > 진주 사투리 사전 > ㅁ,-(으)ㅁ서 ~ 말국,"진주 사투리 사전 미음
-(으)ㅁ서 (어미) -(으)면서. ¶ 신문을 봄서 밥을 묵는다.(=신문을 보면서 밥을 먹는다.)
-(으)ㅁ성 (어미) -으면서. ¶ 우리 걸음성 이약 좀 하자. (=우리 걸으면서 이야기 좀 하자.)
-(으)ㅁ시로 (어미) -으면서. ¶ 집에 있음시로 아무런 대답이 없었다. (=집에 있으면서 아무런 대답이 없었다.)
마 (조사) 만. ¶ 내앨 니 혼자마 온나.(=내일 너 혼자만 오너라.)
마구 (명사) 마구간 : 말을 기르는 곳.
마구깐 (명사) 외양간 : 마소를 기르는 곳.
마꼴 (명사) 건초(乾草).
마느래 (명사) 마누라.
마다리 (명사) 마대(麻袋).
마다리푸대 (명사) 마대(麻袋) : 굵고 거친 삼실로 짠 커다란 자루.
마다 캐라 (관용어) 거절한다고 해라. 싫다고 해라. ¶ 만나자 쿠거든 마다 캐라.(=만나자고 하거든 싫다고 해라.)
마다 쿠다 (관용어) 거절하다. 싫다고 하다. ¶ 온다 쿠거든 마다 쿠지 마라.(=온다고 하거든 싫다고 하지 말아라.)
마단무리 (명사) 무엇이든 거절하거나 싫다 하지 않고 먹거나 욕심을 채우는 사람을 낮잡아 이르는 말.
마당 (조사) 마다 : ‘낱낱이 모두’의 뜻을 나타내는 보조사. ¶ 날마당, 사람마당, 집집마당.
마드리 (명사) 마투리 : 곡식의 양을 섬이나 가마로 잴 때에, 한 섬이나 한 가마가 되지 못하고 남은 양.
마들가리 (명사) 멍울 : 우유나 물 따위 속에 작고 둥글게 엉겨 굳은 덩이.
마들가지 (명사) 마들가리 : 나무의 가지가 없는 줄기. 또는 새끼나 실 따위가 홅이어 맺힌 마디.
마등가리 (명사) 마디.
마리 (명사) (집) 마루.
마리다 (동사) (볕에) 마르다. 
마리청 (명사) 마루(大廳).
마뻬이 (명사) 맛보기 : 맛으로 먹으려고 조금 차린 음식.
마 삐(←말아 버려) (준말) (하지) 말아 버려. ¶ 썽 나거등 가지 마 삐.(=성 나거든 가지 말아 버려.)
마시 (명사) 마수 : 처음에 팔리는 것으로 미루어 예측되는 그날의 장사 운.
마시거리 (명사) 마수걸이 : 맨 처음으로 물건을 파는 일.
마시하다 (동사) 마수하다.
마실 (명사) 마을.
마실가다 (동사) 마을가다. 이웃에 놀러가다.
마실꾼 (명사) 마을꾼 : 1. 이웃에 놀러다니는 사람. 2. 살림은 돌보지 아니하고 밤낮 놀러다니는 여자.
마실돌다 (동사) 마을돌다.
마아 (부사) 그냥. 그만. ¶ 마아 나 또라.(=그냥 놓아 둬라.) / 그 일은 마아 잊어비리이소.(=그 일은 그만 잊어버리십시오.)
마아지 (명사) (논) 마지기 : 논밭 넓이의 단위.
마알 (명사) 마늘.
마알년 (명사) 망할 년.
마알놈 (명사) 망할 놈.
마알쫑지 (명사) 마늘종.
마암 (명사) 마음.
마암씨 (명사) 마음씨.
마았다 (동사) (활용 : 맞고, 맞지, 맞는, 마안(=맞은), 마아(=맞아), 마았다(=맞았다)) 맞았다. ¶ 마이 뚜리리 마았다. / 이 몽디로 한 대 마아 볼래.
마은 (수사)(관형사) 마흔.
마이 (부사) 많이. ¶ 마이 무우라. (=많이 먹어라.)
마자 (조사) 마저. ¶ 그것도 마자 가아 가라.(=그것도 마저 가지고 가거라.)
마지 (부사) 마주 : 서로 똑바로 향하여. ¶ 마지 보다. (=마주 보다.)
마지이 (명사) 마지기 : 논밭 넓이의 단위.
마지미 (명사) 마중 : 오는 사람을 나가서 맞이함.
마진바리 (명사) 맞은 편. 맞은 쪽.
마짐 (명사) 마중.
마치 (조사) 만큼. 만치. ¶ 이마치 가 온나.(=이만큼 가지고 오너라.)
마치맞다 (형용사) 마침맞다 : 어떤 경우나 기회에 꼭 알맞다.
마쿰 (조사) 만큼. ¶ 이마쿰마 가 온나.(=이만큼만 가지고 오너라.)
막내이 (명사) 막내.
막내이동생 (명사) 막내동생.
막담 (명사) 맨 윗동네. ¶ 가:는 우리 동네 막담에 산다.
막디이 (명사) 막둥이.
막대이 (명사) 막대기.
막마침 (명사) 맨 끝. 막다른 곳.
막묵다 (동사) 맞먹다. ¶ 니 나하고 막물라 쿠나?(=너 나하고 맞먹으려고 하느냐?) / 옷 한 불 값이 내 월급과 막묵는다.(=옷 한 벌 값이 내 월급과 맞먹는다.)
막바로/막바리 (부사) 맞바로.
막보기 (명사) 맞서기 : 싸울 듯이 마구 대들기.
막사그리 (부사) 말끄러미. ¶ 사람을 막사그리 쳐다본다.(=사람을 말끄러미 쳐다본다.)
막서/막석 (조사) 만큼 : ‘정도가 거의 비슷함’을 나타내는 부사격 조사. 
¶ 주묵막석 한 돌미를 마구 던진다. (=주먹만큼 한 돌멩이를 마구 던진다.)
막설옇다 (동사) 막설하다. 그만두다. ¶ 데도 안하는 거 인자 고마 막설옇어라.(=되지도 안 하는 것 이제 그만 막설해라.)
막심 (명사) 온 힘.
막심 씨다 (관용어) 온 힘을 쏟다.
막조지하다 (동사) 마무리하다. 매조지하다.
막죽 (명사) 마지막.
막짐살이 (명사) 넉동무니 : 윷놀이에서, 네 개의 말을 한데 어울러 가는 말. 또는 마지막 가는 말.
막통 (명사) 망통 : 화투에서, 두 장 혹은 세 장을 뽑아서 끗수가 열 또는 스물이 되는 수효.
막후다 (동사) 막다. ‘막다’보다 센 말. ¶ 구녕을 막하야 물이 안 샐 거 아이가.(=구멍을 막아야 물이 새지 않을 것 아닌가.) 
만간에 (부사) 만약에. 만일에.
만게 (부사) 만고(萬古)에 : 아주 먼 옛날. 아주 오랜 세월 동안. 세상에 비길 데가 없음.
만구 땡이다 (관용어) ‘만고(萬古)에 땡이다’ : 오랜 세월 동안 만나기 힘든 행운.
만구에 (부사) 만고(萬古)에.
만구에 첨 보는 일이다 (속담) ‘만고(萬古)에 처음 보는 일이다.’는 말이다. 전혀 본적이 없는 잘못된 일을 두고 이르는 말이다. 같은 뜻으로 ‘진주 생기고 첨 보는 일이다.’라고도 한다. 만고에 처음 있는 일이라는 말로, 비길 데 없는 특별한 일을 이르는 말.
만내다 (동사) 만나다.
만년구짜 (명사) 오래 쓸 수 있도록 견고하게 만든 물건.
만다꼬/먼다꼬(←무엇한다고) (준말) 무엇한다고. 뭐 하려고.
만또 (조사) 보다. ¶ 아까 본 그것만또 몬하다. (=아까 본 그것보다 못하다.)
만수판 (명사) 정한 수효에 가득 찬 판. 넉넉하고 많음을 이르는 말. 만판.
만장 겉다 (관용어) ‘만장(萬丈) 같다’는 말로 아주 긴 것을 이르는 말. 
만종기리다 (동사) 달막거리다. 주저하다. 주춤거리다.
만치다 (동사) 만지다.
맛대로 (부사) 멋대로.
말 (명사) 말뚝.
말가오지 (명사) (논밭) 한 마지기 반쯤의 넓이.
말가옷 (명사) 말가웃 : 한 말 반쯤의 분량.
말감하다 (형용사) 말갛다.
말강대 (명사) 곡마단(曲馬團) : 곡마와 기술(奇術), 요술 따위를 보이는 흥행단체.
말갛이 (부사) 말갛게.
말기[-끼] (명사) 말귀 : 말이 뜻하는 내용. 남이 하는 말의 뜻을 알아듣는 총기.
말구시 (명사) 말구유.
말국 (명사) 국물.",2021-12-10 00:00:00,92,미부착,제1유형,무,,-(으)ㅁ서 ~ 말국,,어문,음성,"진주 사투리 사전 미음
-(으)ㅁ서 (어미) -(으)면서. ¶ 신문을 봄서 밥을 묵는다.(=신문을 보면서 밥을 먹는다.)
-(으)ㅁ성 (어미) -으면서. ¶ 우리 걸음성 이약 좀 하자. (=우리 걸으면서 이야기 좀 하자.)
-(으)ㅁ시로 (어미) -으면서. ¶ 집에 있음시로 아무런 대답이 없었다. (=집에 있으면서 아무런 대답이 없었다.)
마 (조사) 만. ¶ 내앨 니 혼자마 온나.(=내일 너 혼자만 오너라.)
마구 (명사) 마구간 : 말을 기르는 곳.
마구깐 (명사) 외양간 : 마소를 기르는 곳.
마꼴 (명사) 건초(乾草).
마느래 (명사) 마누라.
마다리 (명사) 마대(麻袋).
마다리푸대 (명사) 마대(麻袋) : 굵고 거친 삼실로 짠 커다란 자루.
마다 캐라 (관용어) 거절한다고 해라. 싫다고 해라. ¶ 만나자 쿠거든 마다 캐라.(=만나자고 하거든 싫다고 해라.)
마다 쿠다 (관용어) 거절하다. 싫다고 하다. ¶ 온다 쿠거든 마다 쿠지 마라.(=온다고 하거든 싫다고 하지 말아라.)
마단무리 (명사) 무엇이든 거절하거나 싫다 하지 않고 먹거나 욕심을 채우는 사람을 낮잡아 이르는 말.
마당 (조사) 마다 : ‘낱낱이 모두’의 뜻을 나타내는 보조사. ¶ 날마당, 사람마당, 집집마당.
마드리 (명사) 마투리 : 곡식의 양을 섬이나 가마로 잴 때에, 한 섬이나 한 가마가 되지 못하고 남은 양.
마들가리 (명사) 멍울 : 우유나 물 따위 속에 작고 둥글게 엉겨 굳은 덩이.
마들가지 (명사) 마들가리 : 나무의 가지가 없는 줄기. 또는 새끼나 실 따위가 홅이어 맺힌 마디.
마등가리 (명사) 마디.
마리 (명사) (집) 마루.
마리다 (동사) (볕에) 마르다. 
마리청 (명사) 마루(大廳).
마뻬이 (명사) 맛보기 : 맛으로 먹으려고 조금 차린 음식.
마 삐(←말아 버려) (준말) (하지) 말아 버려. ¶ 썽 나거등 가지 마 삐.(=성 나거든 가지 말아 버려.)
마시 (명사) 마수 : 처음에 팔리는 것으로 미루어 예측되는 그날의 장사 운.
마시거리 (명사) 마수걸이 : 맨 처음으로 물건을 파는 일.
마시하다 (동사) 마수하다.
마실 (명사) 마을.
마실가다 (동사) 마을가다. 이웃에 놀러가다.
마실꾼 (명사) 마을꾼 : 1. 이웃에 놀러다니는 사람. 2. 살림은 돌보지 아니하고 밤낮 놀러다니는 여자.
마실돌다 (동사) 마을돌다.
마아 (부사) 그냥. 그만. ¶ 마아 나 또라.(=그냥 놓아 둬라.) / 그 일은 마아 잊어비리이소.(=그 일은 그만 잊어버리십시오.)
마아지 (명사) (논) 마지기 : 논밭 넓이의 단위.
마알 (명사) 마늘.
마알년 (명사) 망할 년.
마알놈 (명사) 망할 놈.
마알쫑지 (명사) 마늘종.
마암 (명사) 마음.
마암씨 (명사) 마음씨.
마았다 (동사) (활용 : 맞고, 맞지, 맞는, 마안(=맞은), 마아(=맞아), 마았다(=맞았다)) 맞았다. ¶ 마이 뚜리리 마았다. / 이 몽디로 한 대 마아 볼래.
마은 (수사)(관형사) 마흔.
마이 (부사) 많이. ¶ 마이 무우라. (=많이 먹어라.)
마자 (조사) 마저. ¶ 그것도 마자 가아 가라.(=그것도 마저 가지고 가거라.)
마지 (부사) 마주 : 서로 똑바로 향하여. ¶ 마지 보다. (=마주 보다.)
마지이 (명사) 마지기 : 논밭 넓이의 단위.
마지미 (명사) 마중 : 오는 사람을 나가서 맞이함.
마진바리 (명사) 맞은 편. 맞은 쪽.
마짐 (명사) 마중.
마치 (조사) 만큼. 만치. ¶ 이마치 가 온나.(=이만큼 가지고 오너라.)
마치맞다 (형용사) 마침맞다 : 어떤 경우나 기회에 꼭 알맞다.
마쿰 (조사) 만큼. ¶ 이마쿰마 가 온나.(=이만큼만 가지고 오너라.)
막내이 (명사) 막내.
막내이동생 (명사) 막내동생.
막담 (명사) 맨 윗동네. ¶ 가:는 우리 동네 막담에 산다.
막디이 (명사) 막둥이.
막대이 (명사) 막대기.
막마침 (명사) 맨 끝. 막다른 곳.
막묵다 (동사) 맞먹다. ¶ 니 나하고 막물라 쿠나?(=너 나하고 맞먹으려고 하느냐?) / 옷 한 불 값이 내 월급과 막묵는다.(=옷 한 벌 값이 내 월급과 맞먹는다.)
막바로/막바리 (부사) 맞바로.
막보기 (명사) 맞서기 : 싸울 듯이 마구 대들기.
막사그리 (부사) 말끄러미. ¶ 사람을 막사그리 쳐다본다.(=사람을 말끄러미 쳐다본다.)
막서/막석 (조사) 만큼 : ‘정도가 거의 비슷함’을 나타내는 부사격 조사. 
¶ 주묵막석 한 돌미를 마구 던진다. (=주먹만큼 한 돌멩이를 마구 던진다.)
막설옇다 (동사) 막설하다. 그만두다. ¶ 데도 안하는 거 인자 고마 막설옇어라.(=되지도 안 하는 것 이제 그만 막설해라.)
막심 (명사) 온 힘.
막심 씨다 (관용어) 온 힘을 쏟다.
막조지하다 (동사) 마무리하다. 매조지하다.
막죽 (명사) 마지막.
막짐살이 (명사) 넉동무니 : 윷놀이에서, 네 개의 말을 한데 어울러 가는 말. 또는 마지막 가는 말.
막통 (명사) 망통 : 화투에서, 두 장 혹은 세 장을 뽑아서 끗수가 열 또는 스물이 되는 수효.
막후다 (동사) 막다. ‘막다’보다 센 말. ¶ 구녕을 막하야 물이 안 샐 거 아이가.(=구멍을 막아야 물이 새지 않을 것 아닌가.) 
만간에 (부사) 만약에. 만일에.
만게 (부사) 만고(萬古)에 : 아주 먼 옛날. 아주 오랜 세월 동안. 세상에 비길 데가 없음.
만구 땡이다 (관용어) ‘만고(萬古)에 땡이다’ : 오랜 세월 동안 만나기 힘든 행운.
만구에 (부사) 만고(萬古)에.
만구에 첨 보는 일이다 (속담) ‘만고(萬古)에 처음 보는 일이다.’는 말이다. 전혀 본적이 없는 잘못된 일을 두고 이르는 말이다. 같은 뜻으로 ‘진주 생기고 첨 보는 일이다.’라고도 한다. 만고에 처음 있는 일이라는 말로, 비길 데 없는 특별한 일을 이르는 말.
만내다 (동사) 만나다.
만년구짜 (명사) 오래 쓸 수 있도록 견고하게 만든 물건.
만다꼬/먼다꼬(←무엇한다고) (준말) 무엇한다고. 뭐 하려고.
만또 (조사) 보다. ¶ 아까 본 그것만또 몬하다. (=아까 본 그것보다 못하다.)
만수판 (명사) 정한 수효에 가득 찬 판. 넉넉하고 많음을 이르는 말. 만판.
만장 겉다 (관용어) ‘만장(萬丈) 같다’는 말로 아주 긴 것을 이르는 말. 
만종기리다 (동사) 달막거리다. 주저하다. 주춤거리다.
만치다 (동사) 만지다.
맛대로 (부사) 멋대로.
말 (명사) 말뚝.
말가오지 (명사) (논밭) 한 마지기 반쯤의 넓이.
말가옷 (명사) 말가웃 : 한 말 반쯤의 분량.
말감하다 (형용사) 말갛다.
말강대 (명사) 곡마단(曲馬團) : 곡마와 기술(奇術), 요술 따위를 보이는 흥행단체.
말갛이 (부사) 말갛게.
말기[-끼] (명사) 말귀 : 말이 뜻하는 내용. 남이 하는 말의 뜻을 알아듣는 총기.
말구시 (명사) 말구유.
말국 (명사) 국물.",사투리,한국어,,2021-12-10 00:00:00,저작물양도계약서,진주시청,,,,제1유형,저작물,보호저작물,○,상업적이용가능,○,○,○,○,○,○,○,,2091-12-10 00:00:00,,
30,오디오,가이드/안내/정보,진주시청,진주시청,HOME > 진주소개 > 기본현황 > 진주 사투리 사전 > ㅁ,말기다 ~ 맨들맨들,"말기다 (동사) (싸움을) 말리다.
말꼬빼이 (명사) 말고삐.
말꼼히 (부사) 말끄러미.
말꽃 (명사) 제비꽃.
말대척 (명사) 말대꾸.
말더디미 (명사) 말더듬이.
말뚝꼬뿌 (명사) 큰 컵. 주로 ‘맥주컵’을 이른다.
말루다 (동사) (활용 : 말리고, 말리지, 말리는, 말라서, 말라라) (옷을) 말리다.
말류ㆆ다 (동사) (활용 : 말류ㆆ고, [말륟꼬], 말류ㆆ지[말륟찌], 말류ㆆ는[말륟는], 말랴서, 말랴라.) (옷 따위를) 말리다.
말마구 (명사) 마구간.
말망세이 (명사) 망아지.
말 모디 하다 (관용어) 말마디나 하다. 말을 꽤 잘하다. 
¶ 말 모디나 할 줄 알아야 델 거 아이가.(=말 꽤나 할 줄 알아야 될 것 아닌가.)
말목 (명사) 말뚝.
말밤 (명사) 마름(菱) : 마름과의 한해살이풀. 진흙 속에 뿌리를 박고 줄기는 물속에서 가늘고 길게 자라 물 위로 나오며 깃털 모양의 물뿌리가 있다.
말밤세 (명사) 마름쇠 : 끝이 송곳처럼 뾰족한 서너개의 발을 가진 쇠못. 과거에 도둑이나 적을 막기 위해 흩어두던 것이었음.
말신간 (명사) 말다툼.
말씹히다 (동사) 같은 말이나 불필요한 말을 되풀이시키다.
말질[-찔] (명사) 말결. ¶ 말질이 곱다.(=말결이 곱다.)
말짱 (부사) 말끔. 모두. 죄다.
말짱 황이다 (속담) 골패에서 짝이 맞지 아니하는 황을 잡았다는 말로, 계획한 일이 뜻대로 되지 않거나 뜻밖의 일로 낭패를 볼 때 비유적으로 이르는 말.
말치리 (명사) 말치레 : 실속 없이 말로 겉만 꾸미는 일.
말치리하다 (동사) 말치레하다.
말캉/말컹/말쿰/말키 (부사) 말끔. 모두. 죄다.
맘논/마암논 (명사) 만도리 : 벼를 심은 논에 마지막으로 하는 김매기. 
맘논매기/마암논매기 (명사) 세벌매기.
맘매기/마암매기 (명사) 만도리 : 벼를 심은 논에 마지막으로 하는 김매기.
맘사 (부사) (그 정도에서)　말면. (그 정도로) 그친다면. ¶ 그라고 맘사 개안치.(=그렇게 하고 말면 괜찮지.)
맙풍 (명사) 마파람.
맛대로 (부사) 멋대로.
맛베기/맛베이 (명사) 맛보기.
망개 (명사) 맹감 : 청미래덩굴의 열매. 
망개나무 (명사) 청미래덩굴.
망깨 (명사) 달구 : 땅을 단단히 다지는 데 쓰는 기구.
망깨놓다 (동사) 달구질하다.
망깨질 (명사) 달구질 : 달구로 집터나 땅을 단단히 다지는 일.
망새이/망생이 (명사) 망아지.
망칙하다 (형용사) 망측하다.
망쪼 (명사) 망할 징조.
망태① (명사) 동사리 : 동사릿과의 민물고기.
망태② (명사) 망태기 : 흙이나 쓰레기, 거름 따위를 담아 나르는 데 쓰는 기구. 가는 싸리나 대오리, 칡, 짚, 새끼 따위로 만드는데 앞은 벌어지고 뒤는 우긋하며 좌우 양편은 울이 지게 엮어서 만든다. 
¶ 아적부터 망태 메고 오이 가네?
망후다 (동사) 망치다.
맞구녕 (명사) 맞구멍.
맞단내이 (명사) 맞대매. 맞잡이 : 단 두 사람이 마지막으로 우열이나 승부를 겨룸. 서로 힘이 비슷한 두 사람.
맞잽이 (명사) 맞잡이 : 1. 서로 대등한 정도나 분량. 2. 서로 힘이 비슷한 두 사람.
맞저루다 (동사) 맞겨루다.
맞추다 (동사) 맞히다.
매↑가리① (명사) 전갱이.
매가리②/매까리 (명사) ‘맥(脈)’을 낮잡아 이르는 말.
매가리없이/매까리없이 (부사) 맥없이.
매구 (명사) 꽹과리. 풍물놀이에 사용되는 타악기의 하나.
매:구 겉다 천 년 묵은 여우가 변하여 된다는 ‘매구’와 같다는 뜻으로, 영악스러운 사람을 이르는 말.
매구 치다 악귀를 쫓고 복을 비는 풍물을 치다.
매꼬롬하다 (형용사) 매끈하다.
매꼼하다 (형용사) 매끈하다.
매끼 (명사) 곡식 섬이나 단 따위를 묶을 때 쓰는 새끼나 끈. 
매끼돈 (명사) 매끼로 묶을 수 있을 만큼의 많은 돈.
매끼돈 풀다 (관용어) ‘매끼로 묶은 돈을 풀다.’는 말로 돈을 풍덩풍덩 쓰는 것을 이른다.
매달가지① (명사) ‘모가지’를 낮추어 이르는 말.
매달가지②/매들가지 (명사) 마들가리 : 새끼나 실 같은 것이 홅이어 맺힌 마디.
매당카리/매당케이 (명사) 마들가리.
매데이치다 (동사) 내동댕이치다.
매둥가리 (명사) 마디.
매둥구리다 (동사) 매듭짓다.
매들가지 (명사) 마들가리.
매디 (명사) 1.마디. 2. 매듭.
매디미 (명사) 매듭.
매땅구/매땡기 (명사) 1. 매끼 : 곡식 섬이나 곡식 단 따위를 묶을 때 쓰는 새끼나 끈. 
2. 자리개 : 옭아매거나 묶는 데 쓰는 짚으로 만든 굵은 줄.
매럽다 (형용사) 마렵다 : 대소변을 누고 싶은 느낌이 있다.
매롱매롱 (부사) 눈을 동그랗게 뜨고 물끄러미 쳐다보는 모양.
매롱매롱하다 (동사) 말똥말똥하다.
매몰짱하다 (부사) 만만하여 다루기가 쉬워 보이다.
매방석 (명사) 맷방석 : 매통이나 맷돌을 쓸 때 밑에 까는 짚으로 만든 방석.
매쌀 (명사) 제삿밥을 짓는 쌀.
매이로 (조사) -처럼. ¶ 세매이로 미련하네.
매조리다 (동사) 매조지다 : 일의 끝을 단단히 맺어 마무리하다.
매지그리하다 (동사) 매지근하다 : 더운 기운이 조금 있다.
매지그리하이 (부사) 매지근하게.
매지리다 (동사) 매듭짓다.
매짜다 (형용사) 맵짜다 : 성질 따위가 야무지고 옹골하다.
매쭉하다 (형용사) 미쭉하다 : 미끈하고 길쭉하다. 
매차리/매초리 (명사) 회초리.
매친개 (명사) 매듭.
맥지 (부사) 공연히.
맥지로 (부사) 공연히.
맥히다① (동사) 막히다.
맥히다② (동사) (먹은 음식이) 얹히다. 체하다.
맨국 (명사) 국물.
맨깍단 (명사) 맨꽁무니 : 아무 밑천 없이 맨주먹으로 일을 함.
맨깔때기 (명사) 맨손.
맨날 (명사) 만날. 늘.
맨드래미 (명사) 맨드라미.
맨들다 (동사) 만들다.
맨들맨들 (부사) 윤이 날 정도로 매끄러운 모양.",2021-12-10 00:00:00,93,미부착,제1유형,무,,말기다 ~ 맨들맨들,,어문,음성,"말기다 (동사) (싸움을) 말리다.
말꼬빼이 (명사) 말고삐.
말꼼히 (부사) 말끄러미.
말꽃 (명사) 제비꽃.
말대척 (명사) 말대꾸.
말더디미 (명사) 말더듬이.
말뚝꼬뿌 (명사) 큰 컵. 주로 ‘맥주컵’을 이른다.
말루다 (동사) (활용 : 말리고, 말리지, 말리는, 말라서, 말라라) (옷을) 말리다.
말류ㆆ다 (동사) (활용 : 말류ㆆ고, [말륟꼬], 말류ㆆ지[말륟찌], 말류ㆆ는[말륟는], 말랴서, 말랴라.) (옷 따위를) 말리다.
말마구 (명사) 마구간.
말망세이 (명사) 망아지.
말 모디 하다 (관용어) 말마디나 하다. 말을 꽤 잘하다. 
¶ 말 모디나 할 줄 알아야 델 거 아이가.(=말 꽤나 할 줄 알아야 될 것 아닌가.)
말목 (명사) 말뚝.
말밤 (명사) 마름(菱) : 마름과의 한해살이풀. 진흙 속에 뿌리를 박고 줄기는 물속에서 가늘고 길게 자라 물 위로 나오며 깃털 모양의 물뿌리가 있다.
말밤세 (명사) 마름쇠 : 끝이 송곳처럼 뾰족한 서너개의 발을 가진 쇠못. 과거에 도둑이나 적을 막기 위해 흩어두던 것이었음.
말신간 (명사) 말다툼.
말씹히다 (동사) 같은 말이나 불필요한 말을 되풀이시키다.
말질[-찔] (명사) 말결. ¶ 말질이 곱다.(=말결이 곱다.)
말짱 (부사) 말끔. 모두. 죄다.
말짱 황이다 (속담) 골패에서 짝이 맞지 아니하는 황을 잡았다는 말로, 계획한 일이 뜻대로 되지 않거나 뜻밖의 일로 낭패를 볼 때 비유적으로 이르는 말.
말치리 (명사) 말치레 : 실속 없이 말로 겉만 꾸미는 일.
말치리하다 (동사) 말치레하다.
말캉/말컹/말쿰/말키 (부사) 말끔. 모두. 죄다.
맘논/마암논 (명사) 만도리 : 벼를 심은 논에 마지막으로 하는 김매기. 
맘논매기/마암논매기 (명사) 세벌매기.
맘매기/마암매기 (명사) 만도리 : 벼를 심은 논에 마지막으로 하는 김매기.
맘사 (부사) (그 정도에서)　말면. (그 정도로) 그친다면. ¶ 그라고 맘사 개안치.(=그렇게 하고 말면 괜찮지.)
맙풍 (명사) 마파람.
맛대로 (부사) 멋대로.
맛베기/맛베이 (명사) 맛보기.
망개 (명사) 맹감 : 청미래덩굴의 열매. 
망개나무 (명사) 청미래덩굴.
망깨 (명사) 달구 : 땅을 단단히 다지는 데 쓰는 기구.
망깨놓다 (동사) 달구질하다.
망깨질 (명사) 달구질 : 달구로 집터나 땅을 단단히 다지는 일.
망새이/망생이 (명사) 망아지.
망칙하다 (형용사) 망측하다.
망쪼 (명사) 망할 징조.
망태① (명사) 동사리 : 동사릿과의 민물고기.
망태② (명사) 망태기 : 흙이나 쓰레기, 거름 따위를 담아 나르는 데 쓰는 기구. 가는 싸리나 대오리, 칡, 짚, 새끼 따위로 만드는데 앞은 벌어지고 뒤는 우긋하며 좌우 양편은 울이 지게 엮어서 만든다. 
¶ 아적부터 망태 메고 오이 가네?
망후다 (동사) 망치다.
맞구녕 (명사) 맞구멍.
맞단내이 (명사) 맞대매. 맞잡이 : 단 두 사람이 마지막으로 우열이나 승부를 겨룸. 서로 힘이 비슷한 두 사람.
맞잽이 (명사) 맞잡이 : 1. 서로 대등한 정도나 분량. 2. 서로 힘이 비슷한 두 사람.
맞저루다 (동사) 맞겨루다.
맞추다 (동사) 맞히다.
매↑가리① (명사) 전갱이.
매가리②/매까리 (명사) ‘맥(脈)’을 낮잡아 이르는 말.
매가리없이/매까리없이 (부사) 맥없이.
매구 (명사) 꽹과리. 풍물놀이에 사용되는 타악기의 하나.
매:구 겉다 천 년 묵은 여우가 변하여 된다는 ‘매구’와 같다는 뜻으로, 영악스러운 사람을 이르는 말.
매구 치다 악귀를 쫓고 복을 비는 풍물을 치다.
매꼬롬하다 (형용사) 매끈하다.
매꼼하다 (형용사) 매끈하다.
매끼 (명사) 곡식 섬이나 단 따위를 묶을 때 쓰는 새끼나 끈. 
매끼돈 (명사) 매끼로 묶을 수 있을 만큼의 많은 돈.
매끼돈 풀다 (관용어) ‘매끼로 묶은 돈을 풀다.’는 말로 돈을 풍덩풍덩 쓰는 것을 이른다.
매달가지① (명사) ‘모가지’를 낮추어 이르는 말.
매달가지②/매들가지 (명사) 마들가리 : 새끼나 실 같은 것이 홅이어 맺힌 마디.
매당카리/매당케이 (명사) 마들가리.
매데이치다 (동사) 내동댕이치다.
매둥가리 (명사) 마디.
매둥구리다 (동사) 매듭짓다.
매들가지 (명사) 마들가리.
매디 (명사) 1.마디. 2. 매듭.
매디미 (명사) 매듭.
매땅구/매땡기 (명사) 1. 매끼 : 곡식 섬이나 곡식 단 따위를 묶을 때 쓰는 새끼나 끈. 
2. 자리개 : 옭아매거나 묶는 데 쓰는 짚으로 만든 굵은 줄.
매럽다 (형용사) 마렵다 : 대소변을 누고 싶은 느낌이 있다.
매롱매롱 (부사) 눈을 동그랗게 뜨고 물끄러미 쳐다보는 모양.
매롱매롱하다 (동사) 말똥말똥하다.
매몰짱하다 (부사) 만만하여 다루기가 쉬워 보이다.
매방석 (명사) 맷방석 : 매통이나 맷돌을 쓸 때 밑에 까는 짚으로 만든 방석.
매쌀 (명사) 제삿밥을 짓는 쌀.
매이로 (조사) -처럼. ¶ 세매이로 미련하네.
매조리다 (동사) 매조지다 : 일의 끝을 단단히 맺어 마무리하다.
매지그리하다 (동사) 매지근하다 : 더운 기운이 조금 있다.
매지그리하이 (부사) 매지근하게.
매지리다 (동사) 매듭짓다.
매짜다 (형용사) 맵짜다 : 성질 따위가 야무지고 옹골하다.
매쭉하다 (형용사) 미쭉하다 : 미끈하고 길쭉하다. 
매차리/매초리 (명사) 회초리.
매친개 (명사) 매듭.
맥지 (부사) 공연히.
맥지로 (부사) 공연히.
맥히다① (동사) 막히다.
맥히다② (동사) (먹은 음식이) 얹히다. 체하다.
맨국 (명사) 국물.
맨깍단 (명사) 맨꽁무니 : 아무 밑천 없이 맨주먹으로 일을 함.
맨깔때기 (명사) 맨손.
맨날 (명사) 만날. 늘.
맨드래미 (명사) 맨드라미.
맨들다 (동사) 만들다.
맨들맨들 (부사) 윤이 날 정도로 매끄러운 모양.",사투리,한국어,,2021-12-10 00:00:00,저작물양도계약서,진주시청,,,,제1유형,저작물,보호저작물,○,상업적이용가능,○,○,○,○,○,○,○,,2091-12-10 00:00:00,,
31,오디오,가이드/안내/정보,진주시청,진주시청,HOME > 진주소개 > 기본현황 > 진주 사투리 사전 > ㅁ,맨맨디이/맨맨딩이 ~ 멋,"맨맨디이/맨맨딩이 (명사) 만만쟁이.
맨맨찮다 (형용사) 만만찮다.
맨맨하다 (형용사) 만만하다.
맨자지근하다/맨작지근하다 (형용사) 매지근하다.
맨작하다 (형용사) 미적지근하다.
맨재지미/맨재짐 (명사) 쌀밥 : 잡곡을 섞지 아니한, 순 쌀로만 지은 밥.
맨지근하다 (형용사) 매지근하다.
맨지침 (명사) 헛기침 : 일부러 하는 기침.
맨질맨질하다 (형용사) 만질만질하다.
맨치로/맨키로 (조사) 처럼. ¶ 아까맨치로.(=아까처럼.) / 항세맨키로 미련타(=황소처럼 미련하다.)
맬가이 (부사) 말갛게.
맬갛다/맬겋다 (형용사) 말갛다.
맬거이 (부사) 공연히. 괜히.
맬건 거진말 (관용어) ‘말간 거짓말’이란 말로, 순수한 거짓말, 오로지 거짓인 말이란 뜻이다. 
맬금하다/맬끔하다 (형용사) 말끔하다.
맬금하이/맬끔하이 (부사) 말끔하게. 말끔히.
맴 (명사) 맘. 마음.
맵다 (형용사) 냅다 : 연기의 기운으로 눈이나 목구멍이 쓰라린 느낌이 있다. 
(참고) 진주말에는 표준어의 ‘맵다, 냅다’가 구분이 되지 않는다.
맵싹하다 (형용사) 맵싸하다.
맷국 (명사) 냉국. 찬국 : 찬물에 간장과 초를 쳐서 만든 국물. 또는 끓인 맑은 장국을 차게 식힌 국물.
맷동가리 (명사) 매듭. 
맹 (부사) 맨. 역시. ¶ 맹 그기 그기네.(=역시 그게 그것이네.) 
맹감 (명사) 망개. 청미래.
맹감나무 (명사) 망개나무. 청미래덩굴.
맹감넝쿨 (명사) 망개나무 덩굴. 청미래덩굴.
맹감이파리 (명사) 망개나무 잎. 청미래덩굴 잎.
맹감재이 (명사) 소금쟁이 : 소금쟁잇과의 곤충.
맹국 (명사) 국물. 
맹글다 (동사) 만들다.
맹도리 (명사) 맨드리 : 옷을 입고 매만진 맵시. 몸맨두리.
맹도리가 난다 (관용어) 맨드리가 있다. 맨드리가 곱다.
맹맹이 (명사) 칼새. 
맹송맹송 (부사) 맨송맨송.
맹송맹송하다 (형용사) 맨송맨송하다 : 술을 마시고도 취한 기색이 없이 말짱하다.
맹하이 (부사) 멍하니.
매똥가리 (명사) 매듭. 
맽기다 (동사) 맡기다.
머 (대명사) 무엇. ¶ 니 머라 캤네?(=너 무엇이라고 했느냐?) / 머 좀 무라.(=무엇 좀 먹어라.) 머 하네.(=무엇하느냐.) / 이기 머꼬?(=이게 뭘까.)
머:구① (명사) 모기.
머구② (명사) 머위 : 국화과의 여러해살이풀. 이파리로 쌈을 싸 먹거나 나물을 만들어 먹는다.
머구리 (명사) 보자기 : 바닷속에 들어가서 조개, 미역 따위의 해산물을 따는 일을 하는 사람. 해녀.
머구이파리 (명사) 머위잎.
머구장 (명사) 모기장.
머끄닥/머끄뎅이 (명사) 머리끄덩이 : 머리카락을 한 곳에 뭉친 끝. ¶ 머끄뎅이를 쥐어뜯다.
머더리다 (동사) 보식(補植)하다 : 곡식이나 채소 따위의 듬성듬성한 사이에 모종이나 종자를 심다.
머 땜새(←무엇 때문에) (준말) 무엇 때문에.
머들기리다 (동사) 모래 따위의 작은 알갱이가 눈이나 입에 들어가 불편하게 느껴지다.
머라꼬(←무엇이라고) (준말) 무엇이라고.
머라 쿠다/머얼 쿠다 (관용어) 1. 뭐라고 하다. ¶ 그 사람 머라 쿠더노?
2. 야단을 치다. 꾸짖다. ¶ 너무 집 아:를 글키 머라 쿠지 마소.
머리 (명사) 무렵 : 대략 어떤 시기와 일치하는 즈음. ¶ 그 머리(=무렵) 나는 초등학교에 들어갔다.
머리끄데이/머리끄뎅이 (명사) 머리끄덩이.
머리띠이 (명사) 머리통 : 머리를 낮추어 이르는 말. ¶ 머리띠이(=머리통)가 아프다.
머리막 (명사) 머리맡.
머리카레이/머리터레이 (명사) 머리카락.
머리터리이 (명사) 머리카락. 머리털
머석하다 (형용사) 무엇하다 : 언짢은 느낌을 알맞게 형용하기 어렵거나 그것을 표현할 말이 생각나지 않을 때 암시적으로 둘러서 쓰는 말. 주로 ‘거북하다’, ‘곤란하다’, ‘난처하다’, ‘딱하다’, ‘미안하다’, ‘싫다’ 따위의 느낌을 나타낼 때 쓴다. 
¶ 정 머석하모 대답 안 해도 덴다.(=정 무엇하면 대답하지 않아도 된다.)
머스마/머시마 (명사) 사내아이.
머시기 (대명사) 이름이 얼른 생각나지 않거나 바로 말하기 곤란한 사람. 또는 사물을 가리키는 대명사.
머심 (명사) 머슴.
머어① (감탄사) 무어 : 놀랐을 때 내는 소리. ¶ 머어, 순이가 죽었다꼬! / 머어 일마(=무어, 이놈아)
머어② (대명사) 무엇 : 모르는 것을 가리키는 대명사. 무엇. ¶ 머어라(=무엇이라) / 이기 머어고?
머여 (부사) 먼저.
머이마 (명사) 사내아이.
머시야 (감탄사) 갑자기 아랫사람의 이름이 생각나지 않을 때 부르는 소리.
머짜구 (명사) ‘멋’을 속되게 이르는 말. 멋대가리.
먹눈 (명사) 소경. 봉사.
먹땡깔 (명사) 까마중 : 가짓과의 한해살이풀.
먹보/먹통 (명사) 귀머거리.
먼눈퍼다 (동사) 먼눈팔다 : 정신을 놓고 먼 곳을 바라보다. 또는 멍하니 있다.
먼다꼬(←무엇한다꼬) (준말) 무엇한다고.
먼당/먼대이 (명사) 산마루.
먼디/먼방 (명사) 먼 데. 먼 곳
먼지 (명사)(부사) 먼저.
먼첨/먼침 (명사)(부사) 먼저.
멀거이 (부사) 멀거니 : 정신없이 물끄러미 보고 있는 모양.
멀겋이 (부사) 멀겋게.
멀구 (명사) 머루.
멀구수룸하이 (부사) 멀그스름하게.
멀금하다 (형용사) 멀끔하다.
멀끄데이/멀끄디이 (명사) 머리끄덩이.
멀꾸미 (부사) 물끄러미.
멀꿈하이 (부사) 물끄러미.
멀라꼬(←무어+할라고) (준말) 무엇 하려고. 뭘 하려고 
멀랑 (명사) 마루 : 등성이를 이루는 지붕이나 산 따위의 꼭대기.
멀리 (부사) 몰래 : 남이 모르게 살짝. ¶ 멀리(=몰래) 엿듣다. / 멀리(=몰래) 도망가다.
멀리하다 (동사) 몰래하다.
멀무 (명사) 멀미.
멀카락 (명사) 머리카락.
멀쿠다(←무어라고 하다) (준말) 1. 무엇이라고 말하다. 2. 나무라다. 꾸짖다. 야단치다.
멀크데이 (명사) 머리카락. 머리끄덩이.
멀크레이 (명사) 머리카락.
멋 (대명사) ‘무엇’의 (준말). ¶ 멋고(=무엇이냐) / 멋이고 / 멋이라(=무엇이라)",2021-12-10 00:00:00,92,미부착,제1유형,무,,맨맨디이/맨맨딩이 ~ 멋,,어문,음성,"맨맨디이/맨맨딩이 (명사) 만만쟁이.
맨맨찮다 (형용사) 만만찮다.
맨맨하다 (형용사) 만만하다.
맨자지근하다/맨작지근하다 (형용사) 매지근하다.
맨작하다 (형용사) 미적지근하다.
맨재지미/맨재짐 (명사) 쌀밥 : 잡곡을 섞지 아니한, 순 쌀로만 지은 밥.
맨지근하다 (형용사) 매지근하다.
맨지침 (명사) 헛기침 : 일부러 하는 기침.
맨질맨질하다 (형용사) 만질만질하다.
맨치로/맨키로 (조사) 처럼. ¶ 아까맨치로.(=아까처럼.) / 항세맨키로 미련타(=황소처럼 미련하다.)
맬가이 (부사) 말갛게.
맬갛다/맬겋다 (형용사) 말갛다.
맬거이 (부사) 공연히. 괜히.
맬건 거진말 (관용어) ‘말간 거짓말’이란 말로, 순수한 거짓말, 오로지 거짓인 말이란 뜻이다. 
맬금하다/맬끔하다 (형용사) 말끔하다.
맬금하이/맬끔하이 (부사) 말끔하게. 말끔히.
맴 (명사) 맘. 마음.
맵다 (형용사) 냅다 : 연기의 기운으로 눈이나 목구멍이 쓰라린 느낌이 있다. 
(참고) 진주말에는 표준어의 ‘맵다, 냅다’가 구분이 되지 않는다.
맵싹하다 (형용사) 맵싸하다.
맷국 (명사) 냉국. 찬국 : 찬물에 간장과 초를 쳐서 만든 국물. 또는 끓인 맑은 장국을 차게 식힌 국물.
맷동가리 (명사) 매듭. 
맹 (부사) 맨. 역시. ¶ 맹 그기 그기네.(=역시 그게 그것이네.) 
맹감 (명사) 망개. 청미래.
맹감나무 (명사) 망개나무. 청미래덩굴.
맹감넝쿨 (명사) 망개나무 덩굴. 청미래덩굴.
맹감이파리 (명사) 망개나무 잎. 청미래덩굴 잎.
맹감재이 (명사) 소금쟁이 : 소금쟁잇과의 곤충.
맹국 (명사) 국물. 
맹글다 (동사) 만들다.
맹도리 (명사) 맨드리 : 옷을 입고 매만진 맵시. 몸맨두리.
맹도리가 난다 (관용어) 맨드리가 있다. 맨드리가 곱다.
맹맹이 (명사) 칼새. 
맹송맹송 (부사) 맨송맨송.
맹송맹송하다 (형용사) 맨송맨송하다 : 술을 마시고도 취한 기색이 없이 말짱하다.
맹하이 (부사) 멍하니.
매똥가리 (명사) 매듭. 
맽기다 (동사) 맡기다.
머 (대명사) 무엇. ¶ 니 머라 캤네?(=너 무엇이라고 했느냐?) / 머 좀 무라.(=무엇 좀 먹어라.) 머 하네.(=무엇하느냐.) / 이기 머꼬?(=이게 뭘까.)
머:구① (명사) 모기.
머구② (명사) 머위 : 국화과의 여러해살이풀. 이파리로 쌈을 싸 먹거나 나물을 만들어 먹는다.
머구리 (명사) 보자기 : 바닷속에 들어가서 조개, 미역 따위의 해산물을 따는 일을 하는 사람. 해녀.
머구이파리 (명사) 머위잎.
머구장 (명사) 모기장.
머끄닥/머끄뎅이 (명사) 머리끄덩이 : 머리카락을 한 곳에 뭉친 끝. ¶ 머끄뎅이를 쥐어뜯다.
머더리다 (동사) 보식(補植)하다 : 곡식이나 채소 따위의 듬성듬성한 사이에 모종이나 종자를 심다.
머 땜새(←무엇 때문에) (준말) 무엇 때문에.
머들기리다 (동사) 모래 따위의 작은 알갱이가 눈이나 입에 들어가 불편하게 느껴지다.
머라꼬(←무엇이라고) (준말) 무엇이라고.
머라 쿠다/머얼 쿠다 (관용어) 1. 뭐라고 하다. ¶ 그 사람 머라 쿠더노?
2. 야단을 치다. 꾸짖다. ¶ 너무 집 아:를 글키 머라 쿠지 마소.
머리 (명사) 무렵 : 대략 어떤 시기와 일치하는 즈음. ¶ 그 머리(=무렵) 나는 초등학교에 들어갔다.
머리끄데이/머리끄뎅이 (명사) 머리끄덩이.
머리띠이 (명사) 머리통 : 머리를 낮추어 이르는 말. ¶ 머리띠이(=머리통)가 아프다.
머리막 (명사) 머리맡.
머리카레이/머리터레이 (명사) 머리카락.
머리터리이 (명사) 머리카락. 머리털
머석하다 (형용사) 무엇하다 : 언짢은 느낌을 알맞게 형용하기 어렵거나 그것을 표현할 말이 생각나지 않을 때 암시적으로 둘러서 쓰는 말. 주로 ‘거북하다’, ‘곤란하다’, ‘난처하다’, ‘딱하다’, ‘미안하다’, ‘싫다’ 따위의 느낌을 나타낼 때 쓴다. 
¶ 정 머석하모 대답 안 해도 덴다.(=정 무엇하면 대답하지 않아도 된다.)
머스마/머시마 (명사) 사내아이.
머시기 (대명사) 이름이 얼른 생각나지 않거나 바로 말하기 곤란한 사람. 또는 사물을 가리키는 대명사.
머심 (명사) 머슴.
머어① (감탄사) 무어 : 놀랐을 때 내는 소리. ¶ 머어, 순이가 죽었다꼬! / 머어 일마(=무어, 이놈아)
머어② (대명사) 무엇 : 모르는 것을 가리키는 대명사. 무엇. ¶ 머어라(=무엇이라) / 이기 머어고?
머여 (부사) 먼저.
머이마 (명사) 사내아이.
머시야 (감탄사) 갑자기 아랫사람의 이름이 생각나지 않을 때 부르는 소리.
머짜구 (명사) ‘멋’을 속되게 이르는 말. 멋대가리.
먹눈 (명사) 소경. 봉사.
먹땡깔 (명사) 까마중 : 가짓과의 한해살이풀.
먹보/먹통 (명사) 귀머거리.
먼눈퍼다 (동사) 먼눈팔다 : 정신을 놓고 먼 곳을 바라보다. 또는 멍하니 있다.
먼다꼬(←무엇한다꼬) (준말) 무엇한다고.
먼당/먼대이 (명사) 산마루.
먼디/먼방 (명사) 먼 데. 먼 곳
먼지 (명사)(부사) 먼저.
먼첨/먼침 (명사)(부사) 먼저.
멀거이 (부사) 멀거니 : 정신없이 물끄러미 보고 있는 모양.
멀겋이 (부사) 멀겋게.
멀구 (명사) 머루.
멀구수룸하이 (부사) 멀그스름하게.
멀금하다 (형용사) 멀끔하다.
멀끄데이/멀끄디이 (명사) 머리끄덩이.
멀꾸미 (부사) 물끄러미.
멀꿈하이 (부사) 물끄러미.
멀라꼬(←무어+할라고) (준말) 무엇 하려고. 뭘 하려고 
멀랑 (명사) 마루 : 등성이를 이루는 지붕이나 산 따위의 꼭대기.
멀리 (부사) 몰래 : 남이 모르게 살짝. ¶ 멀리(=몰래) 엿듣다. / 멀리(=몰래) 도망가다.
멀리하다 (동사) 몰래하다.
멀무 (명사) 멀미.
멀카락 (명사) 머리카락.
멀쿠다(←무어라고 하다) (준말) 1. 무엇이라고 말하다. 2. 나무라다. 꾸짖다. 야단치다.
멀크데이 (명사) 머리카락. 머리끄덩이.
멀크레이 (명사) 머리카락.
멋 (대명사) ‘무엇’의 (준말). ¶ 멋고(=무엇이냐) / 멋이고 / 멋이라(=무엇이라)",사투리,한국어,,2021-12-10 00:00:00,저작물양도계약서,진주시청,,,,제1유형,저작물,보호저작물,○,상업적이용가능,○,○,○,○,○,○,○,,2091-12-10 00:00:00,,
32,오디오,가이드/안내/정보,진주시청,진주시청,HOME > 진주소개 > 기본현황 > 진주 사투리 사전 > ㅁ,멋하다 ~ 모리띠이,"멋하다 (형용사) 무엇하다 : 언짢은 느낌을 알맞게 형용하기 어렵거나 그것을 표현할 말이 생각나지 않을 때 암시적으로 둘러서 쓰는 말. 주로 ‘거북하다’, ‘곤란하다’, ‘난처하다’, ‘딱하다’, ‘싫다’ 따위의 느낌을 나타낼 때 쓰는 말.
멍떵구리 (명사) 멍텅구리.
멍띠이/멍티이 (명사) 멍텅구리.
멍멍하다 (형용사) 먹먹하다 : 갑자기 귀가 막힌 듯이 소리가 잘 들리지 않다.
멍애 (명사) 멍에 : 수레나 쟁기를 끌기 위하여 마소의 목에 얹는 구부러진 막대.
머여/멍여 (명사)(부사) 먼저.
멍치이/멍칭이 (명사) 멍청이.
멍하이 (부사) 멍하게. 멍하니.
메 (명사) 뫼. 묘(墓) : 사람의 무덤.
메가지 (명사) 모가지 : ‘목’을 속되게 이르는 말.
메기가 춤만 흘리도 물에 잠긴다 (속담) 적은 비에도 수해를 입는 낮은 지대를 비유적으로 이르는 말.
메기춤 (명사) 메기침.
메쿠다 (동사) 메우다. 
메끈 (명사) 밀삐 : 지게에 매어 있는 지게를 지는 끈.
메느리 (명사) 며느리.
메늘아 (명사) 며늘아기.
메뎅이치다 (동사) 메어치다 : 어깨 너머로 둘러메어 힘껏 내리치다.
메떼리다 (동사) 메어치다.
메띠이 (명사) 메뚜기.
메라쿠다 (동사) 꾸짖다. 야단치다.
메러치 (명사) 멸치.
메모리다 (형용사) 메마르다.
메물 (명사) 메밀.
메물가리 (명사) 메밀가루.
메물국시 (명사) 메밀국수.
메물꽃 (명사) 메밀꽃.
메물묵 (명사) 메밀묵.
메방 (명사) 달구질하듯 내리 꽂거나 내리치는 것.
메방놓다/메방치다 (동사) 달구질 하듯 메어꽂다. 메어박다. 메어치다.
메빵 (명사) 밀삐 : 지게에 매어 있는, 지게를 지는 끈.
메뿌랑 (명사) 묘지(墓地) : 무덤이 있는 땅.
메사 (명사) 묘사(墓祀). 묘제(墓祭). 시사(時祀) : 음력 10월에 5대 이상의 조상 무덤에 지내는 제사.
메사니[←메+살+ㄴ+이]/메사이 (명사) 메아리.
메서숙 (명사) 메조 : 찰기가 없는 조. 알이 굵고 빛이 노르며 끈기가 적다.
메쌀 (명사) 멥쌀.
메에박다 (형용사) 엉뚱하다 : 상식적으로 생각하는 것과 전혀 다르다. 
¶ 메에 박는 소리 하지 마라.
메엥 (명사) 면화(棉花).
메이다① (동사) 메워지다.
메이다② (동사) (목이) 메다 : 뚫려 있거나 비어 있는 곳이 막히거나 채워지다. 막히다. 
¶ 물도 급하게 마시모 목이 메인다.
메이로 (조사) 처럼. ¶ 요 전번에 한 거메이로(=요 전번에 한 것처럼) / 산이 요 망진산메이로 와서 주저앉았네.
메줏띠 (명사) 메줏덩이.
메초리 (명사) 메추라기. 메추리.
메터리 (명사) 미투리.
멕사리 (명사) 멱살.
멕살 (명사) 멱살.
멕살가지 (명사) ‘멱살’을 낮잡아 이르는 말.
멕이다① (동사) (소를) 기르다.
멕이다② (동사) 먹이다.
멕히다 (동사) 먹히다.
맨치로/맨키로 (조사) 처럼. 같이. ¶ 아까 맨치로 / 어제 맨키로 오올도 잘 해 보자.
멜구 (명사) 멸구 : 멸굿과의 곤충을 통틀어 이르는 말. 자란벌레, 애벌레 모두 농작물의 해충이다.
멜끈 (명사) 밀삐 : 지게에 매어 있는, 지게를 지는 끈.
멧등 (명사) 뫼 : 사람의 무덤. 무덤의 둥그레한 부분
멧등거리 (명사) 묘(墓). 무덤.
멧밥 (명사) 메 : 제사 때 신위 앞에 놓는 밥.
멧자리 (명사) 묏자리 : 뫼를 쓸 자리.
멩① (명사) 명(命) : 목숨. ¶ 멩이 질다.(=명(命)이 길다.)
멩② (명사) 멍 : 심하게 맞거나 부딪쳐서 살갗 속에 퍼렇게 맺힌 피. ¶ 퍼렇게 멩이 들다.(=퍼렇게 멍이 들다.)
멩뻬 (명사) 명치뼈.
멩씨 (명사) 눈병으로 눈동자에 생긴 하얀 점. 
멩씨가 백히다 (동사) 명씨가 박이다 : 눈병으로 말미암아 눈동자에 하얀 점이 생기다.
멩주/멩지 (명사) 명주(明紬) : 명주실로 무늬 없이 짠 피륙.
멩지배 (명사) 명주베.
멩지실 (명사) 명주실.
멫 (수사)+(관형사) 몇. ¶ 그는 친구 멫 멩과 같이 여행을 댕기(=다녀)왔다. / 어두운 그림자 멫이 골목을 이리저리 띠댕기고(=뛰어다니고) 있었다.
멫 행구하다 (관용어) 몇 번을 왔다 갔다 하다. ‘행구(行毬)’는 격구에서 공을 치며 가는 일을 이른다.
-(으)모 (어미) -면. ¶ 비가 오모(=오면) 논을 갈자. / 옷이 크모(=크면) 형에게 주자.
모감지 (명사) 모개. 모개미 : 곡식의 이삭이 달린 부분.
모개 (명사) 모과(木果) : 모과나무의 열매.
모개나무 (명사) 모과나무
모개술 (명사) 모과로 담근 술.
모골 (명사) 몰골 : 볼품없는 모양새.
모구 (명사) 모기.
모구장 (명사) 모기장.
모굿불 (명사) 모깃불.
모꾼하다 (형용사) 묵직하다.
모꾼하이 (부사) 묵직하게.
모냥 (명사) 모양.
모냥새 (명사) 모양새.
모다 (명사)+(부사) 모두.
모다들이다 (동사) 모아들이다.
모당가리 (명사) 마들가리.
모도 (명사)(부사) 모두.
모돌띠리/모돌뻬이 (부사) 모조리.
모두다 (동사) (활용 : 모두고, 모두지, 모두는, 모두+아→모다, 모두+아라→모다라) 모으다. 
모디 (명사) 마디. 매듭.
모디다 (형용사) 마디다 : 쉽게 닳거나 없어지지 아니하다.
모딜띠/모딜띠리 (부사) 모조리.
모때/모태 (명사) 석쇠.
모래문지리 (명사) 보리멸 : 보리멸과의 바닷물고기.
모레고패 (명사) 글피.
모레이/모렝이 (명사) 모롱이 : 산모퉁이의 휘어 둘린 곳.
모름① (명사) 마음먹은 일을 처리하는 능력.
모름② (명사) 마름 : 옷감이나 재목 따위를 치수에 맞도록 재거나 자름.
모름이 있다 (관용어) 마음먹은 일을 힘껏 처리하는 능력이 있다.
모리다① (동사) 모르다.
모리다② (동사) (빨래가) 마르다.
모리띠이 (명사) 모루.",2021-12-10 00:00:00,98,미부착,제1유형,무,,멋하다 ~ 모리띠이,,어문,음성,"멋하다 (형용사) 무엇하다 : 언짢은 느낌을 알맞게 형용하기 어렵거나 그것을 표현할 말이 생각나지 않을 때 암시적으로 둘러서 쓰는 말. 주로 ‘거북하다’, ‘곤란하다’, ‘난처하다’, ‘딱하다’, ‘싫다’ 따위의 느낌을 나타낼 때 쓰는 말.
멍떵구리 (명사) 멍텅구리.
멍띠이/멍티이 (명사) 멍텅구리.
멍멍하다 (형용사) 먹먹하다 : 갑자기 귀가 막힌 듯이 소리가 잘 들리지 않다.
멍애 (명사) 멍에 : 수레나 쟁기를 끌기 위하여 마소의 목에 얹는 구부러진 막대.
머여/멍여 (명사)(부사) 먼저.
멍치이/멍칭이 (명사) 멍청이.
멍하이 (부사) 멍하게. 멍하니.
메 (명사) 뫼. 묘(墓) : 사람의 무덤.
메가지 (명사) 모가지 : ‘목’을 속되게 이르는 말.
메기가 춤만 흘리도 물에 잠긴다 (속담) 적은 비에도 수해를 입는 낮은 지대를 비유적으로 이르는 말.
메기춤 (명사) 메기침.
메쿠다 (동사) 메우다. 
메끈 (명사) 밀삐 : 지게에 매어 있는 지게를 지는 끈.
메느리 (명사) 며느리.
메늘아 (명사) 며늘아기.
메뎅이치다 (동사) 메어치다 : 어깨 너머로 둘러메어 힘껏 내리치다.
메떼리다 (동사) 메어치다.
메띠이 (명사) 메뚜기.
메라쿠다 (동사) 꾸짖다. 야단치다.
메러치 (명사) 멸치.
메모리다 (형용사) 메마르다.
메물 (명사) 메밀.
메물가리 (명사) 메밀가루.
메물국시 (명사) 메밀국수.
메물꽃 (명사) 메밀꽃.
메물묵 (명사) 메밀묵.
메방 (명사) 달구질하듯 내리 꽂거나 내리치는 것.
메방놓다/메방치다 (동사) 달구질 하듯 메어꽂다. 메어박다. 메어치다.
메빵 (명사) 밀삐 : 지게에 매어 있는, 지게를 지는 끈.
메뿌랑 (명사) 묘지(墓地) : 무덤이 있는 땅.
메사 (명사) 묘사(墓祀). 묘제(墓祭). 시사(時祀) : 음력 10월에 5대 이상의 조상 무덤에 지내는 제사.
메사니[←메+살+ㄴ+이]/메사이 (명사) 메아리.
메서숙 (명사) 메조 : 찰기가 없는 조. 알이 굵고 빛이 노르며 끈기가 적다.
메쌀 (명사) 멥쌀.
메에박다 (형용사) 엉뚱하다 : 상식적으로 생각하는 것과 전혀 다르다. 
¶ 메에 박는 소리 하지 마라.
메엥 (명사) 면화(棉花).
메이다① (동사) 메워지다.
메이다② (동사) (목이) 메다 : 뚫려 있거나 비어 있는 곳이 막히거나 채워지다. 막히다. 
¶ 물도 급하게 마시모 목이 메인다.
메이로 (조사) 처럼. ¶ 요 전번에 한 거메이로(=요 전번에 한 것처럼) / 산이 요 망진산메이로 와서 주저앉았네.
메줏띠 (명사) 메줏덩이.
메초리 (명사) 메추라기. 메추리.
메터리 (명사) 미투리.
멕사리 (명사) 멱살.
멕살 (명사) 멱살.
멕살가지 (명사) ‘멱살’을 낮잡아 이르는 말.
멕이다① (동사) (소를) 기르다.
멕이다② (동사) 먹이다.
멕히다 (동사) 먹히다.
맨치로/맨키로 (조사) 처럼. 같이. ¶ 아까 맨치로 / 어제 맨키로 오올도 잘 해 보자.
멜구 (명사) 멸구 : 멸굿과의 곤충을 통틀어 이르는 말. 자란벌레, 애벌레 모두 농작물의 해충이다.
멜끈 (명사) 밀삐 : 지게에 매어 있는, 지게를 지는 끈.
멧등 (명사) 뫼 : 사람의 무덤. 무덤의 둥그레한 부분
멧등거리 (명사) 묘(墓). 무덤.
멧밥 (명사) 메 : 제사 때 신위 앞에 놓는 밥.
멧자리 (명사) 묏자리 : 뫼를 쓸 자리.
멩① (명사) 명(命) : 목숨. ¶ 멩이 질다.(=명(命)이 길다.)
멩② (명사) 멍 : 심하게 맞거나 부딪쳐서 살갗 속에 퍼렇게 맺힌 피. ¶ 퍼렇게 멩이 들다.(=퍼렇게 멍이 들다.)
멩뻬 (명사) 명치뼈.
멩씨 (명사) 눈병으로 눈동자에 생긴 하얀 점. 
멩씨가 백히다 (동사) 명씨가 박이다 : 눈병으로 말미암아 눈동자에 하얀 점이 생기다.
멩주/멩지 (명사) 명주(明紬) : 명주실로 무늬 없이 짠 피륙.
멩지배 (명사) 명주베.
멩지실 (명사) 명주실.
멫 (수사)+(관형사) 몇. ¶ 그는 친구 멫 멩과 같이 여행을 댕기(=다녀)왔다. / 어두운 그림자 멫이 골목을 이리저리 띠댕기고(=뛰어다니고) 있었다.
멫 행구하다 (관용어) 몇 번을 왔다 갔다 하다. ‘행구(行毬)’는 격구에서 공을 치며 가는 일을 이른다.
-(으)모 (어미) -면. ¶ 비가 오모(=오면) 논을 갈자. / 옷이 크모(=크면) 형에게 주자.
모감지 (명사) 모개. 모개미 : 곡식의 이삭이 달린 부분.
모개 (명사) 모과(木果) : 모과나무의 열매.
모개나무 (명사) 모과나무
모개술 (명사) 모과로 담근 술.
모골 (명사) 몰골 : 볼품없는 모양새.
모구 (명사) 모기.
모구장 (명사) 모기장.
모굿불 (명사) 모깃불.
모꾼하다 (형용사) 묵직하다.
모꾼하이 (부사) 묵직하게.
모냥 (명사) 모양.
모냥새 (명사) 모양새.
모다 (명사)+(부사) 모두.
모다들이다 (동사) 모아들이다.
모당가리 (명사) 마들가리.
모도 (명사)(부사) 모두.
모돌띠리/모돌뻬이 (부사) 모조리.
모두다 (동사) (활용 : 모두고, 모두지, 모두는, 모두+아→모다, 모두+아라→모다라) 모으다. 
모디 (명사) 마디. 매듭.
모디다 (형용사) 마디다 : 쉽게 닳거나 없어지지 아니하다.
모딜띠/모딜띠리 (부사) 모조리.
모때/모태 (명사) 석쇠.
모래문지리 (명사) 보리멸 : 보리멸과의 바닷물고기.
모레고패 (명사) 글피.
모레이/모렝이 (명사) 모롱이 : 산모퉁이의 휘어 둘린 곳.
모름① (명사) 마음먹은 일을 처리하는 능력.
모름② (명사) 마름 : 옷감이나 재목 따위를 치수에 맞도록 재거나 자름.
모름이 있다 (관용어) 마음먹은 일을 힘껏 처리하는 능력이 있다.
모리다① (동사) 모르다.
모리다② (동사) (빨래가) 마르다.
모리띠이 (명사) 모루.",사투리,한국어,,2021-12-10 00:00:00,저작물양도계약서,진주시청,,,,제1유형,저작물,보호저작물,○,상업적이용가능,○,○,○,○,○,○,○,,2091-12-10 00:00:00,,
33,오디오,가이드/안내/정보,진주시청,진주시청,HOME > 진주소개 > 기본현황 > 진주 사투리 사전 > ㅁ,모린바가치 ~ 몰미나다,"모린바가치 (명사) 마른바가지. 
모린버짐 (명사) 마른버짐.
모린솔께이 (명사) 마른솔가지.
모린안주 (명사) 마른안주.
모린지침 (명사) 마른기침.
모린풀 (명사) 마른풀.
모린행지포 (명사) 마른행주.
모릿대 (명사) 마룻대 : 용마루 밑에 서까래가 걸리게 된 도리.
모릿디이 (명사) 모루 : 대장간에서 불린 쇠를 올려 놓고 두드릴 때 받침으로 쓰는 쇳덩이.
모메꽃 (명사) 메꽃.
모새 (명사) 모래.
모새땅 (명사) 모래땅.
모새밭 (명사) 모래밭.
모소리 (명사) 모서리.
모숨기 (명사) 모심기. 모내기.
모시 (명사) 모이(餌) : 닭이나 날짐승의 먹이.
모시주머이 (명사) 모이주머니.
모시통 (명사) 모이통(桶).
모실 (명사) 마을 : 이웃에 놀러 다니는 일.
모실돌다 (동사) 마을돌다 : 이웃에 놀러 다니다.
모욕 (명사) 목욕.
모이다 (동사) 뭉치다 : 다리나 어깨 근육 따위가 심한 노동이나 운동으로 인하여 근육에 무리가 생겨 아프다. 
¶ 다리가 모있다.(=다리가[다리 근육이] 뭉칬다.) / 어깨가 모여 아프다.(=어깨 근육이 뭉쳐 아프다.)
모자리 (명사) 못자리. 모판.
모재기/모재이 (명사) 모자반.
모졸시럽다 (형용사) 모지락스럽다. 몰강스럽다.
모졸시리 (부사) 모지락스레 : 보기에 억세고 모질게. 몰강스레.
모졸티리 (부사) 모조리.
모지기 (명사) 모자반.
모지래다 (동사) 모자라다.
모지래이 (명사) 모지랑이 : 오래 써서 끝이 닳아 떨어진 물건.
모지리 (부사) 모조리.
모질시리 (부사) 모질게.
모착 (명사) 묘책(妙策). 계책. ¶ 아무 모착(=묘책)없이.
모치다 (동사) (목이) 메다. ¶ 급히 뭇더니 목이 모칬다.(=급히 먹었더니 목이 메었다.)
모캐/모캣불 (명사) 모깃불.
모케이 (명사) 모퉁이.
모타리 (명사) 1. 도막. 점. 조각. 2. 사람이나 물건의 크기. 
¶ 대지게이 한 모타리. (=돼지고기 한 점) / 생긴 모타리가 작다.(=생긴 크기가 작다.)
모태 (명사) 석쇠.
모테이 (명사) 모퉁이.
모투다 (동사) 모으다.
모티이/모팅이 (명사) 모퉁이.
목 (명사) 미역 : 냇물이나 강물 또는 바닷물에 몸을 담그고 씻거나 노는 일.
목간 (명사) 목욕. 목욕간. 목욕탕.
목간하다 (동사) 목욕하다.
목감다 (동사) 멱감다. ¶ 내 어릴 때는 동네 아:들하고 남강에 목감으로 마이 댕깄니라.

목께이/목껭이 (명사) 곡괭이.
목구녕 (명사) 목구멍.
목대기 (명사) 나무 중간 부분.
목딱 (명사) 목탁(木鐸).
목딱소리 (명사) 목탁소리.
목발 (명사) 지겟다리.
목살 (명사) 멱살.
목수건 (명사) 목도리.
목심 (명사) 목숨.
목씬 (부사) 묵직히.
목정 (명사) 목청.
목좆 (명사) 목젖.
목좆 떨어지겄다. (관용어) ‘목젖이 떨어지겠다.’는 말로 몹시 먹고 싶다는 말이다.
목쩡 (명사) 목청. ¶ 목쩡이 좋다. (=목청이 좋다.)
목추리 (명사) 뒷덜미.
몬 (부사) 못 : 동사가 나타내는 동작을 할 수 없다거나 상태가 이루어지지 않았다는 부정의 뜻을 나타내는 말. 
¶ 몬(=못) 미덥다. 몬(=못) 마시다. 몬(=못) 자다. 
몬내미 (명사) 못난이.
몬따 (부사) 못다 : (동사 앞에 쓰여) ‘다하지 못함’을 나타내는 말. 
¶ 몬따 묵다.(=못다 먹다.) / 몬따 하다.(=못다 하다.)
몬떼다 (형용사) 못되다 : 성질이나 품행 따위가 좋지 않거나 고약하다. 
¶ 몬뗀 짓 하모 데나?(=못된 짓 하면 되느냐?)
몬몬하다 (형용사) 만만하다.
몬순이 (명사) 은어로 ‘못난 여자’를 이르는 말.
몬씨다 (동사)(형용사) 못쓰다 : 1. 얼굴이나 몸이 축나다. 
2. 쓸모없다. 나쁘다. 고약하다.
몬자/몬지 (부사) 먼저. ¶ 맨 몬자. / 누가 몬지 갈래.(=누구가 먼저 갈래.) 
몬점 (명사) 응어리. 앙금 : 마음 속에 남아 있는 불만이나 개운치 아니한 감정.
몬치다 (동사) 만지다. ¶ 이 그림은 기겅만 해야지 몬치모 안 덴대이.
몬하다 (동사) 못하다.
몯- (접두사) 맏- ‘맏이’의 뜻을 더하는 접두사. ¶ 몯메느리, 몯아들, 몯손자(=맏며느리, 맏아들, 맏손자)
몯다 (형용사) 마디다 : 쉽게 닳거나 없어지지 아니하다. ¶ 비누가 잘 닳지 않고 몯네.(=비누가 잘 닳지 않고 마디네.)
몯딸 (명사) 맏딸.
몯메느리 (명사) 맏며느리.
몯사우 (명사) 맏사위.
몯상주 (명사) 맏상제(喪制).
몯아들 (명사) 맏아들.
몯이 (명사) 맏이 : 여러 형제자매 가운데 제일 손위인 사람.
몯치다 (동사) (목이) 메다. ¶ 나는 너무 기뻐 목이 몯쳤다.(=나는 너무 기뻐 목이 메었다.)
몰① (명사) 마을. ¶ 웃몰(=윗마을), / 아랫몰(=아랫마을).
몰② (명사) 마름 : 마름과의 한해살이풀. 마름의 열매.
몰강물 (명사) 말간 물.
몰갛다 (형용사) 말갛다. ¶ 몰간 물(=말간 물).
몰개 (명사) 모래.
몰국 (명사) 국물.
몰다 (동사) (물에) 말다.
몰똑다 (형용사) 마뜩하다.
몰똑찮다 (형용사) 마뜩찮다.
몰뚝각시 (명사) 목말 : 남의 어깨 위에 두 다리를 벌리고 올라타는 일.
몰랑 (명사) 산마루.
몰루다 (동사) (옷 따위를) 말리다.
몰류ㆆ다 (동사) (활용 : 몰류ㆆ고[말륟고], 몰류ㆆ지[말륟지], 몰류ㆆ는[말륟는], 몰랴서, 몰랴라.) (옷 따위를) 말리다.
몰르다 (동사) 마르다.
몰리다 (동사) (옷 따위를) 말리다.
몰미 (명사) 멀미.
몰미나다 (동사) 멀미하다. 멀미가 나다.",2021-12-10 00:00:00,97,미부착,제1유형,무,,모린바가치 ~ 몰미나다,,어문,음성,"모린바가치 (명사) 마른바가지. 
모린버짐 (명사) 마른버짐.
모린솔께이 (명사) 마른솔가지.
모린안주 (명사) 마른안주.
모린지침 (명사) 마른기침.
모린풀 (명사) 마른풀.
모린행지포 (명사) 마른행주.
모릿대 (명사) 마룻대 : 용마루 밑에 서까래가 걸리게 된 도리.
모릿디이 (명사) 모루 : 대장간에서 불린 쇠를 올려 놓고 두드릴 때 받침으로 쓰는 쇳덩이.
모메꽃 (명사) 메꽃.
모새 (명사) 모래.
모새땅 (명사) 모래땅.
모새밭 (명사) 모래밭.
모소리 (명사) 모서리.
모숨기 (명사) 모심기. 모내기.
모시 (명사) 모이(餌) : 닭이나 날짐승의 먹이.
모시주머이 (명사) 모이주머니.
모시통 (명사) 모이통(桶).
모실 (명사) 마을 : 이웃에 놀러 다니는 일.
모실돌다 (동사) 마을돌다 : 이웃에 놀러 다니다.
모욕 (명사) 목욕.
모이다 (동사) 뭉치다 : 다리나 어깨 근육 따위가 심한 노동이나 운동으로 인하여 근육에 무리가 생겨 아프다. 
¶ 다리가 모있다.(=다리가[다리 근육이] 뭉칬다.) / 어깨가 모여 아프다.(=어깨 근육이 뭉쳐 아프다.)
모자리 (명사) 못자리. 모판.
모재기/모재이 (명사) 모자반.
모졸시럽다 (형용사) 모지락스럽다. 몰강스럽다.
모졸시리 (부사) 모지락스레 : 보기에 억세고 모질게. 몰강스레.
모졸티리 (부사) 모조리.
모지기 (명사) 모자반.
모지래다 (동사) 모자라다.
모지래이 (명사) 모지랑이 : 오래 써서 끝이 닳아 떨어진 물건.
모지리 (부사) 모조리.
모질시리 (부사) 모질게.
모착 (명사) 묘책(妙策). 계책. ¶ 아무 모착(=묘책)없이.
모치다 (동사) (목이) 메다. ¶ 급히 뭇더니 목이 모칬다.(=급히 먹었더니 목이 메었다.)
모캐/모캣불 (명사) 모깃불.
모케이 (명사) 모퉁이.
모타리 (명사) 1. 도막. 점. 조각. 2. 사람이나 물건의 크기. 
¶ 대지게이 한 모타리. (=돼지고기 한 점) / 생긴 모타리가 작다.(=생긴 크기가 작다.)
모태 (명사) 석쇠.
모테이 (명사) 모퉁이.
모투다 (동사) 모으다.
모티이/모팅이 (명사) 모퉁이.
목 (명사) 미역 : 냇물이나 강물 또는 바닷물에 몸을 담그고 씻거나 노는 일.
목간 (명사) 목욕. 목욕간. 목욕탕.
목간하다 (동사) 목욕하다.
목감다 (동사) 멱감다. ¶ 내 어릴 때는 동네 아:들하고 남강에 목감으로 마이 댕깄니라.

목께이/목껭이 (명사) 곡괭이.
목구녕 (명사) 목구멍.
목대기 (명사) 나무 중간 부분.
목딱 (명사) 목탁(木鐸).
목딱소리 (명사) 목탁소리.
목발 (명사) 지겟다리.
목살 (명사) 멱살.
목수건 (명사) 목도리.
목심 (명사) 목숨.
목씬 (부사) 묵직히.
목정 (명사) 목청.
목좆 (명사) 목젖.
목좆 떨어지겄다. (관용어) ‘목젖이 떨어지겠다.’는 말로 몹시 먹고 싶다는 말이다.
목쩡 (명사) 목청. ¶ 목쩡이 좋다. (=목청이 좋다.)
목추리 (명사) 뒷덜미.
몬 (부사) 못 : 동사가 나타내는 동작을 할 수 없다거나 상태가 이루어지지 않았다는 부정의 뜻을 나타내는 말. 
¶ 몬(=못) 미덥다. 몬(=못) 마시다. 몬(=못) 자다. 
몬내미 (명사) 못난이.
몬따 (부사) 못다 : (동사 앞에 쓰여) ‘다하지 못함’을 나타내는 말. 
¶ 몬따 묵다.(=못다 먹다.) / 몬따 하다.(=못다 하다.)
몬떼다 (형용사) 못되다 : 성질이나 품행 따위가 좋지 않거나 고약하다. 
¶ 몬뗀 짓 하모 데나?(=못된 짓 하면 되느냐?)
몬몬하다 (형용사) 만만하다.
몬순이 (명사) 은어로 ‘못난 여자’를 이르는 말.
몬씨다 (동사)(형용사) 못쓰다 : 1. 얼굴이나 몸이 축나다. 
2. 쓸모없다. 나쁘다. 고약하다.
몬자/몬지 (부사) 먼저. ¶ 맨 몬자. / 누가 몬지 갈래.(=누구가 먼저 갈래.) 
몬점 (명사) 응어리. 앙금 : 마음 속에 남아 있는 불만이나 개운치 아니한 감정.
몬치다 (동사) 만지다. ¶ 이 그림은 기겅만 해야지 몬치모 안 덴대이.
몬하다 (동사) 못하다.
몯- (접두사) 맏- ‘맏이’의 뜻을 더하는 접두사. ¶ 몯메느리, 몯아들, 몯손자(=맏며느리, 맏아들, 맏손자)
몯다 (형용사) 마디다 : 쉽게 닳거나 없어지지 아니하다. ¶ 비누가 잘 닳지 않고 몯네.(=비누가 잘 닳지 않고 마디네.)
몯딸 (명사) 맏딸.
몯메느리 (명사) 맏며느리.
몯사우 (명사) 맏사위.
몯상주 (명사) 맏상제(喪制).
몯아들 (명사) 맏아들.
몯이 (명사) 맏이 : 여러 형제자매 가운데 제일 손위인 사람.
몯치다 (동사) (목이) 메다. ¶ 나는 너무 기뻐 목이 몯쳤다.(=나는 너무 기뻐 목이 메었다.)
몰① (명사) 마을. ¶ 웃몰(=윗마을), / 아랫몰(=아랫마을).
몰② (명사) 마름 : 마름과의 한해살이풀. 마름의 열매.
몰강물 (명사) 말간 물.
몰갛다 (형용사) 말갛다. ¶ 몰간 물(=말간 물).
몰개 (명사) 모래.
몰국 (명사) 국물.
몰다 (동사) (물에) 말다.
몰똑다 (형용사) 마뜩하다.
몰똑찮다 (형용사) 마뜩찮다.
몰뚝각시 (명사) 목말 : 남의 어깨 위에 두 다리를 벌리고 올라타는 일.
몰랑 (명사) 산마루.
몰루다 (동사) (옷 따위를) 말리다.
몰류ㆆ다 (동사) (활용 : 몰류ㆆ고[말륟고], 몰류ㆆ지[말륟지], 몰류ㆆ는[말륟는], 몰랴서, 몰랴라.) (옷 따위를) 말리다.
몰르다 (동사) 마르다.
몰리다 (동사) (옷 따위를) 말리다.
몰미 (명사) 멀미.
몰미나다 (동사) 멀미하다. 멀미가 나다.",사투리,한국어,,2021-12-10 00:00:00,저작물양도계약서,진주시청,,,,제1유형,저작물,보호저작물,○,상업적이용가능,○,○,○,○,○,○,○,,2091-12-10 00:00:00,,
34,오디오,가이드/안내/정보,진주시청,진주시청,HOME > 진주소개 > 기본현황 > 진주 사투리 사전 > ㅁ,몰밤 ~ 묵기,"몰밤 (명사) 마름[菱] : 마름과 식물의 한해살이풀.
몰상시럽다 (형용사) 말과 행동이 상스럽고 버릇이 없다.
몰상시리 (부사) 상스럽고 버릇없이.
몰쌍하다 (형용사) 만만하다.
몰아묵다 (동사) 말아먹다 : 재산 따위를 송두리째 날려버리다.
몰짱하다 (형용사) 만만하다.
몱다 (형용사) 맑다.
몸뚱아리 (명사) 몸뚱이.
몸띠이 (명사) 몸뚱이.
몸치 (명사) 몸살 : 몸이 몹시 피로하여 일어나는 병.
못 (명사) 뭇 : 생선, 채소 따위의 작은 묶음을 세는 단위, 생선의 한 뭇은 열 마리를 이른다.
못나이 (명사) 못난이.
못다 (형용사) 마디다.
못대 (명사) 석쇠.
못 따까리가 앉는다 (관용어) 같은 말을 여러 번 들어 귀에 못이 박혀 딱지가 생길 지경이란 말.
못마당 (명사) 집 모퉁이에 있는 마당.
못방 (명사) 구석방.
못이 백이다 (관용어) 이력이 나다. 인이 박히다.
못자리 (명사) 묏자리 : 뫼를 쓸 자리.
몽골몽골 (부사) 몽글몽글.
몽기다 (동사) (근육이) 뭉치다.
몽당중우 (명사) 잠방이.
몽데이① (명사) 몽당이 : 뾰족한 끝이 많이 닳아서 거의 못쓸 정도가 된 물건. ¶ 숟가락 몽데이(=몽당이).
몽데이②/몽디이 (명사) 몽둥이.
몽딱 (부사) 몽땅.
몽땅그리 (부사) 있는 그대로 죄다.
몽똥기리다 (동사) 몽뚱그리다.
몽오리/몽우리 (명사) 멍울.
몽요일 (명사) 목요일. (참고) ‘목요일’을 ‘몽요일’이라고도 함.
몽우리 (명사) 멍울.
몽창 (명사) 모두. 몽땅.
몽창시리 (부사) 몹시. ¶ 말 한마디 잘못했다가 몽창시리 당했다.(=말 한마디 잘못했다가 몹시 당했다.)
몽치 (명사) 망치.
몽치다 (동사) 뭉치다.
몽치미/몽침 (명사) 목침(木枕).
몽탕 (부사) 몽땅.
몽탕하다 (형용사) 뭉툭하다.
무강 (명사) 순이 트고 난 씨앗 고구마.
무고장/무구장 (명사) 무연묘(無緣墓). 무연분묘.
무구리 (명사) 무거리 : 곡식 따위를 빻아 체에 쳐서 가루를 내고 남은 찌꺼기.
무굽다 (형용사) 무겁다.
무나다 (동사) 무너뜨리다.
무나띠리다 (동사) 무너뜨리다.
무다니/무다이/무담시 (부사) 공연히. 괜히. 무단히.
무다랍시 (부사) 공연히. 괜히. 무단히.
무디기/무디이 (명사) 무더기.
무디기무디기/무디이무디이 (명사) 무더기무더기.
무디이값[---깝] (명사) 무더기값 : 몸집에 어울리는 말과 행동. 
¶ 그 사람 무디값을 몬한다.(=그 사람 무더기값을 못한다.)
무러시 (명사) 무렵 : 대략 어떤 시기와 일치하는 즈음.
무루팅이 (명사) 물퉁이.
무루팍 (명사) 무릎.
무리 (명사) 무렵 : 대략 어떤 시기와 일치하는 즈음. ¶ 추석 무리(=무렵) / 설 무리(=무렵).
무리다 (형용사) 무르다. 묽다.
무멩지 (명사) 약손가락.
무멩배 (명사) 무명베.
무서버라 (형용사) 무서워라.
무서버하다 (동사) 무서워하다.
무시 (명사) 무. ¶ 배가 고파 밭에 있는 무시(=무)를 빼(=뽑아) 무웄다.(=먹었다.)
무시라 (감탄사) ‘무서워라’라는 뜻으로 혼자서 푸념하는 말. ¶ 아이구, 무시라. 지독한 년 다 밨네.
무시밥 (명사) 무밥.
무시뿌리 (명사) 무뿌리.
무시뿌리 몬 무울 때 보자 (속담) 이가 빠져 무 뿌리를 먹지 못할 정도의 나이가 들어 힘이 없을 때 이길 수 있다는 말.
무시왁따지 (명사) 무말랭이.
무시이파리 (명사) 무잎.
무시짐치 (명사) 무김치.
무시짱다리 (명사) 장다리무.
무식재이 (명사) 무식쟁이.
무신/무인 (관형사) 무슨. ¶ 이기 무신 소리고?(=이게 무슨 소리냐?) / 무인 소리고?(=무슨 소리냐? / 무슨 말이냐?) / 무신 짝에 쓰겄노?(=무슨 짝에 쓰겠느냐? 아무 짝에도 못쓰겠다.)
무심질 (명사) 무심결.
무심질에 (부사) 무심결에.
무우 (동사) 먹어. ¶ 무우 바라. / 머 하노. 빨리 무우(=먹어).
무우라 (동사) 먹어라. ¶ 빨리 무우라, 시간 없다.
무운논 (명사) 묵논 : 오래 내버려두어 거칠어진 논.
무운밭 (명사) 묵밭 : 오래 내버려두어 거칠어진 밭.
무운보리 (명사) 묵은보리 : 그해에 난 것이 아닌 오래된 보리.
무운쌀 (명사) 묵은쌀 : 그해에 난 것이 아닌 오래된 쌀.
무운장 (명사) 묵은장 : 담근 지 오래 되어 해를 넘긴 장.
무운짐치 (명사) 묵은지 : 담근 지 오래 되어 푹 익은 김장김치.
무운땅 (명사) 묵은땅 : 일구거나 쓰지 않고 묵어 있는 땅. 
무울거[--꺼] (명사) 먹거리. 먹을거리.
무울떼다 (동사) 물어뜯다.
무자새 (명사) 무자위. 물푸개 : 물을 높은 곳으로 퍼 올리는 기계.
무자석 (명사) 무자식(無子息). ¶ 무자석이 상팔자다.(=무자식이 가장 팔자가 좋다.)
무자수 (명사) (뱀과의 파충류) 무자치.
무작빼기/무작뻬이 (명사) 무지하고 우악한 사람. 
무작빼기로/무작뻬이로 (부사) 사정없이. 무지하고 우악스럽게.
무작시럽다 (동사) 무작스럽다.
무젖 (명사) 물젖 : 농도가 묽어서 영양이 적은 젖.
무중우 (명사) 잠방이.
무지레이 (명사) 무지렁이.
무지리다 (동사) 무지르다.
무짜로 (부사) 무작스레.
무탁대고 (부사) 무턱대고.
묵구시하다 (형용사) 구쁘다 : 배 속이 허전하여 자꾸 먹고 싶다.
묵구젭이 (명사) 먹는 것을 밝히는 사람을 놀림조로 이르는 말.
묵구접다 (형용사) 먹고싶다.
묵기 (명사) 감 : (일부 명사 뒤에 붙어) ‘자격을 갖춘 사람’ 의 뜻을 나타내는 말. 
¶ 그 사람 선생 묵기다.(=그 사람 선생 감이다.)",2021-12-10 00:00:00,97,미부착,제1유형,무,,몰밤 ~ 묵기,,어문,음성,"몰밤 (명사) 마름[菱] : 마름과 식물의 한해살이풀.
몰상시럽다 (형용사) 말과 행동이 상스럽고 버릇이 없다.
몰상시리 (부사) 상스럽고 버릇없이.
몰쌍하다 (형용사) 만만하다.
몰아묵다 (동사) 말아먹다 : 재산 따위를 송두리째 날려버리다.
몰짱하다 (형용사) 만만하다.
몱다 (형용사) 맑다.
몸뚱아리 (명사) 몸뚱이.
몸띠이 (명사) 몸뚱이.
몸치 (명사) 몸살 : 몸이 몹시 피로하여 일어나는 병.
못 (명사) 뭇 : 생선, 채소 따위의 작은 묶음을 세는 단위, 생선의 한 뭇은 열 마리를 이른다.
못나이 (명사) 못난이.
못다 (형용사) 마디다.
못대 (명사) 석쇠.
못 따까리가 앉는다 (관용어) 같은 말을 여러 번 들어 귀에 못이 박혀 딱지가 생길 지경이란 말.
못마당 (명사) 집 모퉁이에 있는 마당.
못방 (명사) 구석방.
못이 백이다 (관용어) 이력이 나다. 인이 박히다.
못자리 (명사) 묏자리 : 뫼를 쓸 자리.
몽골몽골 (부사) 몽글몽글.
몽기다 (동사) (근육이) 뭉치다.
몽당중우 (명사) 잠방이.
몽데이① (명사) 몽당이 : 뾰족한 끝이 많이 닳아서 거의 못쓸 정도가 된 물건. ¶ 숟가락 몽데이(=몽당이).
몽데이②/몽디이 (명사) 몽둥이.
몽딱 (부사) 몽땅.
몽땅그리 (부사) 있는 그대로 죄다.
몽똥기리다 (동사) 몽뚱그리다.
몽오리/몽우리 (명사) 멍울.
몽요일 (명사) 목요일. (참고) ‘목요일’을 ‘몽요일’이라고도 함.
몽우리 (명사) 멍울.
몽창 (명사) 모두. 몽땅.
몽창시리 (부사) 몹시. ¶ 말 한마디 잘못했다가 몽창시리 당했다.(=말 한마디 잘못했다가 몹시 당했다.)
몽치 (명사) 망치.
몽치다 (동사) 뭉치다.
몽치미/몽침 (명사) 목침(木枕).
몽탕 (부사) 몽땅.
몽탕하다 (형용사) 뭉툭하다.
무강 (명사) 순이 트고 난 씨앗 고구마.
무고장/무구장 (명사) 무연묘(無緣墓). 무연분묘.
무구리 (명사) 무거리 : 곡식 따위를 빻아 체에 쳐서 가루를 내고 남은 찌꺼기.
무굽다 (형용사) 무겁다.
무나다 (동사) 무너뜨리다.
무나띠리다 (동사) 무너뜨리다.
무다니/무다이/무담시 (부사) 공연히. 괜히. 무단히.
무다랍시 (부사) 공연히. 괜히. 무단히.
무디기/무디이 (명사) 무더기.
무디기무디기/무디이무디이 (명사) 무더기무더기.
무디이값[---깝] (명사) 무더기값 : 몸집에 어울리는 말과 행동. 
¶ 그 사람 무디값을 몬한다.(=그 사람 무더기값을 못한다.)
무러시 (명사) 무렵 : 대략 어떤 시기와 일치하는 즈음.
무루팅이 (명사) 물퉁이.
무루팍 (명사) 무릎.
무리 (명사) 무렵 : 대략 어떤 시기와 일치하는 즈음. ¶ 추석 무리(=무렵) / 설 무리(=무렵).
무리다 (형용사) 무르다. 묽다.
무멩지 (명사) 약손가락.
무멩배 (명사) 무명베.
무서버라 (형용사) 무서워라.
무서버하다 (동사) 무서워하다.
무시 (명사) 무. ¶ 배가 고파 밭에 있는 무시(=무)를 빼(=뽑아) 무웄다.(=먹었다.)
무시라 (감탄사) ‘무서워라’라는 뜻으로 혼자서 푸념하는 말. ¶ 아이구, 무시라. 지독한 년 다 밨네.
무시밥 (명사) 무밥.
무시뿌리 (명사) 무뿌리.
무시뿌리 몬 무울 때 보자 (속담) 이가 빠져 무 뿌리를 먹지 못할 정도의 나이가 들어 힘이 없을 때 이길 수 있다는 말.
무시왁따지 (명사) 무말랭이.
무시이파리 (명사) 무잎.
무시짐치 (명사) 무김치.
무시짱다리 (명사) 장다리무.
무식재이 (명사) 무식쟁이.
무신/무인 (관형사) 무슨. ¶ 이기 무신 소리고?(=이게 무슨 소리냐?) / 무인 소리고?(=무슨 소리냐? / 무슨 말이냐?) / 무신 짝에 쓰겄노?(=무슨 짝에 쓰겠느냐? 아무 짝에도 못쓰겠다.)
무심질 (명사) 무심결.
무심질에 (부사) 무심결에.
무우 (동사) 먹어. ¶ 무우 바라. / 머 하노. 빨리 무우(=먹어).
무우라 (동사) 먹어라. ¶ 빨리 무우라, 시간 없다.
무운논 (명사) 묵논 : 오래 내버려두어 거칠어진 논.
무운밭 (명사) 묵밭 : 오래 내버려두어 거칠어진 밭.
무운보리 (명사) 묵은보리 : 그해에 난 것이 아닌 오래된 보리.
무운쌀 (명사) 묵은쌀 : 그해에 난 것이 아닌 오래된 쌀.
무운장 (명사) 묵은장 : 담근 지 오래 되어 해를 넘긴 장.
무운짐치 (명사) 묵은지 : 담근 지 오래 되어 푹 익은 김장김치.
무운땅 (명사) 묵은땅 : 일구거나 쓰지 않고 묵어 있는 땅. 
무울거[--꺼] (명사) 먹거리. 먹을거리.
무울떼다 (동사) 물어뜯다.
무자새 (명사) 무자위. 물푸개 : 물을 높은 곳으로 퍼 올리는 기계.
무자석 (명사) 무자식(無子息). ¶ 무자석이 상팔자다.(=무자식이 가장 팔자가 좋다.)
무자수 (명사) (뱀과의 파충류) 무자치.
무작빼기/무작뻬이 (명사) 무지하고 우악한 사람. 
무작빼기로/무작뻬이로 (부사) 사정없이. 무지하고 우악스럽게.
무작시럽다 (동사) 무작스럽다.
무젖 (명사) 물젖 : 농도가 묽어서 영양이 적은 젖.
무중우 (명사) 잠방이.
무지레이 (명사) 무지렁이.
무지리다 (동사) 무지르다.
무짜로 (부사) 무작스레.
무탁대고 (부사) 무턱대고.
묵구시하다 (형용사) 구쁘다 : 배 속이 허전하여 자꾸 먹고 싶다.
묵구젭이 (명사) 먹는 것을 밝히는 사람을 놀림조로 이르는 말.
묵구접다 (형용사) 먹고싶다.
묵기 (명사) 감 : (일부 명사 뒤에 붙어) ‘자격을 갖춘 사람’ 의 뜻을 나타내는 말. 
¶ 그 사람 선생 묵기다.(=그 사람 선생 감이다.)",사투리,한국어,,2021-12-10 00:00:00,저작물양도계약서,진주시청,,,,제1유형,저작물,보호저작물,○,상업적이용가능,○,○,○,○,○,○,○,,2091-12-10 00:00:00,,
35,오디오,가이드/안내/정보,진주시청,진주시청,HOME > 진주소개 > 기본현황 > 진주 사투리 사전 > ㅁ,묵다 ~ 뭉테이/뭉티이/뭉팅이,"묵다 (동사) (활용 : 묵고, 묵자, 묵던, 무우(=먹어), 무우라(=먹어라), 무우모(=먹으면), 묵는(먹는) 먹다.
묵달시럽다 (형용사) 먹음직스럽다.
묵달시리 (부사) 먹음직스레.
묵달지다 (형용사) 먹음직하다.
묵돌이 (명사) 먹보.
묵우장 (명사) 묵뫼 : 오랫동안 돌보지 않아 거칠게 된 무덤.
묵자판 (명사) 먹자판.
묵후다 (동사) 묵히다 : 밭이나 논 따위가 사용되지 않은 채 그대로 남다.
묵히다 (동사) 먹히다.
묶우다 (동사) 묶다.
문둥문둥 (부사) 문덕문덕. 
문디/문디이 (명사) 문둥이. 한센병환자. 경상도 출신의 사람을 낮잡아 이르는 말.
문디이 겉다 (속담) 1. ‘문디이’의 어원을 ‘문동(文童)이’로 보는 속설이 있다. ‘문동’은 서당에서 함께 글공부하는 아이를 가리키는 말이다. 흔히 경상도 사람을 ‘보리 문디이’라고 하는데, 즉 ‘보리문동(菩提文童)’에서 온 것으로 보는 속설이다. 
2. 꾀한 일이 상황이 좋지 않아 빗나갈 때 쓰는 말. 
¶ 문디이겉이 헛일이 되고 말았다.(=문둥이 같이 헛일이 되고 말았다.) / 문디 겉은 영감테이 미버 죽겄다.(=문둥이 같은 영감쟁이 미워 죽겠다.)
문디이 아이가 (속담) ‘문둥이가 아니냐’는 말로 좋고 궂고 간에 가까운 반가운 사이에 서로 허물없이 부르는 말.
문디이 자석 (속담) 아주 친한 친구를 모처럼 만났을 때 부르는 말.
문디이 호떡 겉다 (속담) 지각(知覺)이 마비된 나환자가 만든 ‘호떡’이란 뜻으로 꾀한 일이 비뚤어지거나 글렀을 때 하는 말. 
문때다 (동사) 문지르다 : 무엇을 서로 눌러대고 이리저리 밀거나 비비다.
문밖걸음 (명사) 문밖출입.
문상 (명사) ‘문둥이’를 속되게 이르는 말.
문에 (명사) 문어.
문저리 (명사) 망둥이.
문조오[-쪼-]/문조우[-쪼-] (명사) 문종이.
문주방[-쭈-] (명사) 문지방.
문지 (명사) 먼지.
문지 (명사) 문쥐 : 서로 꼬리를 물고 줄을 지어 다니는 쥐.
문지 떼 겉다 (관용어) 문쥐처럼 떼를 지어 다니는 무리를 비유적으로 이르는 말.
문지리다/문질다 (동사) [활용 : 문지리고, 문지리지, 문지리는, 문질러, 문질러라] 문지르다.
문질이 (명사) 문절망둑 : 망둑엇과의 바닷물고기. 
문치다 (동사) 묻히다.
문터방 (명사) 문지방.
물갓 (명사) 물가. ¶ 물갓에 앉아 있다.(=물가에 앉아 있다.)
물↑게이① (명사) 괭이날을 작고 가볍게 만들고 자루를 길게 하여 서서 물꼬를 보도록 만든 농기구. 주로 노인들이 사용한다.
물게기/물게이② (명사) 물고기.
물겐이다 괜찮은 사람. 제법 어떠한 구실을 하는 사람을 비유적으로 이르는 말. 
¶ 베기는 그래도 그 사람 물겐이다.(=보기는 그래도 그 사람 괜찮은 사람이다.)
물구디이/물구딩이 (명사) 물구덩이.
물그럼하다 (형용사) 묽다.
물기징나다 (동사) 신물나다.
물까마구 (명사) 물까마귀.
물거[-꺼] (명사) 물 것 : 사람이나 동물의 살을 잘 물어 피를 빨아 먹는 모기, 빈대, 벼룩, 이 따위의 벌레를 통틀어 이르는 말.
물꺼미 (부사) 물끄러미.
물꾸 (명사) 물꼬 : 논에 물이 들어오거나 나가게 하기 위하여 만든 좁은 통로.
물논 (명사) 무논 : 물이 늘 괴어 있는 논.
물동오[-똥-]/물동우[-똥-] (명사) 물동이.
물두무[-뚜-]/물드무[-뜨-] (명사) 물드므 : 넓적하게 생긴 물독.
물뚜래 (명사) 용두레 : 낮은 곳의 물을 높은 곳의 논이나 밭으로 퍼 올리는데 쓰는 농기구.
물두레질[-뚜--] (명사) 용두레질.
물뜨무 (명사) 물두멍. 물을 많이 담아 두고 쓰는 큰 가마나 독.
물띠이 (명사) 물렁이 : 줏대나 기개가 없이 무른 사람을 놀림조로 이르는 말.
물레바쿠 (명사) 물레바퀴.
물러 (감탄사) 소를 뒷걸음질 치게 하는 소리.
물러빠지다 (형용사) 마음이 여리거나 힘이 약하다.
물리받다 (동사) 물려받다.
물몬밥 (명사) 물만 밥 : 물에 말아서 풀어놓은 밥.
물물이 (부사) 때때로.
물바가치[-빠--] (명사) 물바가지.
물버껌 (명사) 물거품.
물바알[-빠-] (명사) 물방울.
물사마구 (명사) 물사마귀.
물 씨이다 (관용어) 물을 많이 마시고 싶다. ¶ 저역 무울 때 짭은 걸 마이 무웄디이 물이 데기 씨이네.
물애 (명사) 오이.
물애짐치 (명사) 오이소박이.
물짐치 (명사) 물김치.
물자수 (명사) 무자치 : 뱀과의 파충류.
물지개 (명사) 물지게.
물질 (명사) 물길 : 물이 흐르거나 물을 보내는 통로.
물쪼리/물쭈리 (명사) 물부리.
물찌 (명사) 감을 딸 때 쓰는 연모. 대나무 끝을 가르고 깎은 뒤 묶어서 만듦. 
¶ 물찌가 이시모 감을 딸 수 있겄나?(=감을 딸 때 쓸 수 있는 연장이 있으면 감을 딸 수 있겠나?) 
물캐지다 (동사) 뭉커지다. 뭉크러지다 : 몹시 썩거나 지나치게 물러지거나 본 모양이 없어지다.
물케이 (명사) 뭉컹이 : 1. 지나치게 익거나 곯아서 본 모양이 없어질 정도로 무른 물건. 
2. 몸이 약하거나 의지가 굳지 못한 사람을 놀림조로 이르는 말.
물쿻다① (동사) 물쿠다 : 날씨가 찌는 듯이 더워지다. 
¶ 비가 올랑가 날씨가 데기 물쿻네.(=비가 오려는지 되게 물쿠네.)
물쿻다② (동사) 너무 무르거나 풀려서 본 모양이 없어지도록 헤어지게 하다. 
¶ 감홍시로 물카 갖고 감실초로 만든다.(=감홍시를 물쿠어서 감식초를 만든다.)
물쿤밭 (명사) 묵정밭.
물크덩하다 (형용사) 물렁하다.
물티이 (명사) 물퉁이 : 물이 속에 많이 들어서 퉁퉁 불은 물건.
물팍 (명사) 무릎.
물패 (명사) 모습. ¶ 물패가 그 애비를 꼭 태갰다(=모습이 그 아비를 꼭 닮았다).
물포래 (명사) 물파래.
뭇되다 (형용사) 무식하고 미련스러운 데가 있다.
뭇짜로 (부사) 무작스레. 함부로.
뭉거러지다 (동사) 몽그라지다.
뭉거리다 (동사) 뭉개다.
뭉구적기리다 (동사) 몽그작거리다.
뭉꾸다 (동사) 묶다.
뭉어리 (명사) 몽오리.
뭉치이다 (동사) 모아져 단단하게 되다. ¶ 허벅지 근육이 뭉치 있구나.
뭉캐다 (동사) 뭉개다. 지우다.
뭉턱 (부사) 뭉텅.
뭉테이/뭉티이/뭉팅이 (명사) 뭉치. 뭉텡이.",2021-12-10 00:00:00,88,미부착,제1유형,무,,묵다 ~ 뭉테이/뭉티이/뭉팅이,,어문,음성,"묵다 (동사) (활용 : 묵고, 묵자, 묵던, 무우(=먹어), 무우라(=먹어라), 무우모(=먹으면), 묵는(먹는) 먹다.
묵달시럽다 (형용사) 먹음직스럽다.
묵달시리 (부사) 먹음직스레.
묵달지다 (형용사) 먹음직하다.
묵돌이 (명사) 먹보.
묵우장 (명사) 묵뫼 : 오랫동안 돌보지 않아 거칠게 된 무덤.
묵자판 (명사) 먹자판.
묵후다 (동사) 묵히다 : 밭이나 논 따위가 사용되지 않은 채 그대로 남다.
묵히다 (동사) 먹히다.
묶우다 (동사) 묶다.
문둥문둥 (부사) 문덕문덕. 
문디/문디이 (명사) 문둥이. 한센병환자. 경상도 출신의 사람을 낮잡아 이르는 말.
문디이 겉다 (속담) 1. ‘문디이’의 어원을 ‘문동(文童)이’로 보는 속설이 있다. ‘문동’은 서당에서 함께 글공부하는 아이를 가리키는 말이다. 흔히 경상도 사람을 ‘보리 문디이’라고 하는데, 즉 ‘보리문동(菩提文童)’에서 온 것으로 보는 속설이다. 
2. 꾀한 일이 상황이 좋지 않아 빗나갈 때 쓰는 말. 
¶ 문디이겉이 헛일이 되고 말았다.(=문둥이 같이 헛일이 되고 말았다.) / 문디 겉은 영감테이 미버 죽겄다.(=문둥이 같은 영감쟁이 미워 죽겠다.)
문디이 아이가 (속담) ‘문둥이가 아니냐’는 말로 좋고 궂고 간에 가까운 반가운 사이에 서로 허물없이 부르는 말.
문디이 자석 (속담) 아주 친한 친구를 모처럼 만났을 때 부르는 말.
문디이 호떡 겉다 (속담) 지각(知覺)이 마비된 나환자가 만든 ‘호떡’이란 뜻으로 꾀한 일이 비뚤어지거나 글렀을 때 하는 말. 
문때다 (동사) 문지르다 : 무엇을 서로 눌러대고 이리저리 밀거나 비비다.
문밖걸음 (명사) 문밖출입.
문상 (명사) ‘문둥이’를 속되게 이르는 말.
문에 (명사) 문어.
문저리 (명사) 망둥이.
문조오[-쪼-]/문조우[-쪼-] (명사) 문종이.
문주방[-쭈-] (명사) 문지방.
문지 (명사) 먼지.
문지 (명사) 문쥐 : 서로 꼬리를 물고 줄을 지어 다니는 쥐.
문지 떼 겉다 (관용어) 문쥐처럼 떼를 지어 다니는 무리를 비유적으로 이르는 말.
문지리다/문질다 (동사) [활용 : 문지리고, 문지리지, 문지리는, 문질러, 문질러라] 문지르다.
문질이 (명사) 문절망둑 : 망둑엇과의 바닷물고기. 
문치다 (동사) 묻히다.
문터방 (명사) 문지방.
물갓 (명사) 물가. ¶ 물갓에 앉아 있다.(=물가에 앉아 있다.)
물↑게이① (명사) 괭이날을 작고 가볍게 만들고 자루를 길게 하여 서서 물꼬를 보도록 만든 농기구. 주로 노인들이 사용한다.
물게기/물게이② (명사) 물고기.
물겐이다 괜찮은 사람. 제법 어떠한 구실을 하는 사람을 비유적으로 이르는 말. 
¶ 베기는 그래도 그 사람 물겐이다.(=보기는 그래도 그 사람 괜찮은 사람이다.)
물구디이/물구딩이 (명사) 물구덩이.
물그럼하다 (형용사) 묽다.
물기징나다 (동사) 신물나다.
물까마구 (명사) 물까마귀.
물거[-꺼] (명사) 물 것 : 사람이나 동물의 살을 잘 물어 피를 빨아 먹는 모기, 빈대, 벼룩, 이 따위의 벌레를 통틀어 이르는 말.
물꺼미 (부사) 물끄러미.
물꾸 (명사) 물꼬 : 논에 물이 들어오거나 나가게 하기 위하여 만든 좁은 통로.
물논 (명사) 무논 : 물이 늘 괴어 있는 논.
물동오[-똥-]/물동우[-똥-] (명사) 물동이.
물두무[-뚜-]/물드무[-뜨-] (명사) 물드므 : 넓적하게 생긴 물독.
물뚜래 (명사) 용두레 : 낮은 곳의 물을 높은 곳의 논이나 밭으로 퍼 올리는데 쓰는 농기구.
물두레질[-뚜--] (명사) 용두레질.
물뜨무 (명사) 물두멍. 물을 많이 담아 두고 쓰는 큰 가마나 독.
물띠이 (명사) 물렁이 : 줏대나 기개가 없이 무른 사람을 놀림조로 이르는 말.
물레바쿠 (명사) 물레바퀴.
물러 (감탄사) 소를 뒷걸음질 치게 하는 소리.
물러빠지다 (형용사) 마음이 여리거나 힘이 약하다.
물리받다 (동사) 물려받다.
물몬밥 (명사) 물만 밥 : 물에 말아서 풀어놓은 밥.
물물이 (부사) 때때로.
물바가치[-빠--] (명사) 물바가지.
물버껌 (명사) 물거품.
물바알[-빠-] (명사) 물방울.
물사마구 (명사) 물사마귀.
물 씨이다 (관용어) 물을 많이 마시고 싶다. ¶ 저역 무울 때 짭은 걸 마이 무웄디이 물이 데기 씨이네.
물애 (명사) 오이.
물애짐치 (명사) 오이소박이.
물짐치 (명사) 물김치.
물자수 (명사) 무자치 : 뱀과의 파충류.
물지개 (명사) 물지게.
물질 (명사) 물길 : 물이 흐르거나 물을 보내는 통로.
물쪼리/물쭈리 (명사) 물부리.
물찌 (명사) 감을 딸 때 쓰는 연모. 대나무 끝을 가르고 깎은 뒤 묶어서 만듦. 
¶ 물찌가 이시모 감을 딸 수 있겄나?(=감을 딸 때 쓸 수 있는 연장이 있으면 감을 딸 수 있겠나?) 
물캐지다 (동사) 뭉커지다. 뭉크러지다 : 몹시 썩거나 지나치게 물러지거나 본 모양이 없어지다.
물케이 (명사) 뭉컹이 : 1. 지나치게 익거나 곯아서 본 모양이 없어질 정도로 무른 물건. 
2. 몸이 약하거나 의지가 굳지 못한 사람을 놀림조로 이르는 말.
물쿻다① (동사) 물쿠다 : 날씨가 찌는 듯이 더워지다. 
¶ 비가 올랑가 날씨가 데기 물쿻네.(=비가 오려는지 되게 물쿠네.)
물쿻다② (동사) 너무 무르거나 풀려서 본 모양이 없어지도록 헤어지게 하다. 
¶ 감홍시로 물카 갖고 감실초로 만든다.(=감홍시를 물쿠어서 감식초를 만든다.)
물쿤밭 (명사) 묵정밭.
물크덩하다 (형용사) 물렁하다.
물티이 (명사) 물퉁이 : 물이 속에 많이 들어서 퉁퉁 불은 물건.
물팍 (명사) 무릎.
물패 (명사) 모습. ¶ 물패가 그 애비를 꼭 태갰다(=모습이 그 아비를 꼭 닮았다).
물포래 (명사) 물파래.
뭇되다 (형용사) 무식하고 미련스러운 데가 있다.
뭇짜로 (부사) 무작스레. 함부로.
뭉거러지다 (동사) 몽그라지다.
뭉거리다 (동사) 뭉개다.
뭉구적기리다 (동사) 몽그작거리다.
뭉꾸다 (동사) 묶다.
뭉어리 (명사) 몽오리.
뭉치이다 (동사) 모아져 단단하게 되다. ¶ 허벅지 근육이 뭉치 있구나.
뭉캐다 (동사) 뭉개다. 지우다.
뭉턱 (부사) 뭉텅.
뭉테이/뭉티이/뭉팅이 (명사) 뭉치. 뭉텡이.",사투리,한국어,,2021-12-10 00:00:00,저작물양도계약서,진주시청,,,,제1유형,저작물,보호저작물,○,상업적이용가능,○,○,○,○,○,○,○,,2091-12-10 00:00:00,,
36,오디오,가이드/안내/정보,진주시청,진주시청,HOME > 진주소개 > 기본현황 > 진주 사투리 사전 > ㅁ,미 ~ 밑자리,"미 (명사) 뉘 : 쓿은쌀 속에 등겨가 벗겨지지 않은 채로 섞인 벼 알갱이.
미굼 (명사) 먼지.
미굼이 (명사) 몰래. ¶ 남멩(=남명) 선생을 미굼이 해롭게 할라꼬.
미기 (명사) 메기.
미기 잡다 (관용어) 진흙탕에 미끄러지다. 허탕치다.
미깔시럽다 (형용사) 밉상스럽다. 밉광스럽다.
미깝 (명사) 미끼.
미꼬래이/미꼬랭이 (명사) 미꾸라지.
미꼬래이 용 뎄다 (관용어) 미천하고 보잘것없던 사람이 크게 되었음을 비유적으로 이르는 말.
미꾸녕 (명사) 밑구멍. 항문. 또는 여자의 음부를 속되게 이르는 말.
미꿈하다 (형용사) 미끈하다.
미끈 (명사) 밀삐 : 지게에 매어 있는, 지게를 지는 끈.
미끔하다 (형용사) 미끈하다.
미나리깡 (명사) 미나리꽝.
미나뿌다 (형용사) 조금 잘못되다.
미뜰다 (동사) 밀뜨리다.
미러치 (명사) 멸치.
미럭미럭 (부사) 미루적미루적. 미적미적.
미륵돼지 (명사) 미련하고 뚱뚱한 사람을 비유적으로 이르는 말.
미리띠리 (부사) 몽땅. 있는 대로 죄다.
미리띵이 (명사) 머리통 : ‘머리’를 낮추어 이르는 말.
미미 (명사) 구석구석. ¶ 걸레로 마리를 미미 딲으래이.
미미끼 (명사) 벼의 겉겨가 벗겨진 뒤의 고운 등겨. 살겨.
미빵 (명사) 밀삐 : 지게에 매여 있는, 지게를 지는 끈.
미숫가리 (명사) 미싯가루.
미싱기리다 (동사) 메슥거리다.
미싱미싱 (부사) 메슥메슥.
미싱하다 (형용사) 매스껍다. 메스껍다.
미얄지다 (형용사) 얄밉다. 얄밉상스럽다.
미엉 (명사) 무명. 목화.
미역국 묵다 (관용어) ‘미역국 먹다’는 말로, 시험에서 떨어지다. 직위에서 떨려 나다. 퇴짜를 맞다.
미염 (명사) 미음 : 입쌀이나 좁쌀에 물을 충분히 붓고 푹 끓여 체에 걸러 낸 걸쭉한 음식.
미영 다래 (명사) 목화 다래.
미영 (명사) 무명. 목화.
미영꼬타리 (명사) 면화 꼬투리. 목화 꼬투리.
미영꽃 (명사) 면화(綿花). 
미영다래 (명사) 목화다래.
미영베/미영비 (명사) 무명베.
미영실 (명사) 무명실.
미영씨① (명사) 목화씨.
미영씨② (명사) 삼 : 눈동자에 좁쌀만 하게 생기는 희거나 붉은 점.
미영씨 백히다 (관용어) 삼이 생기다 : 눈병으로 인하여 눈동자에 하얀 점이 생기다.
미영치매 (명사) 무명치마.
미↑이다 (동사) 먹이다.
미↑이주다 (동사) 먹여주다.
미이지다 (동사) 미어지다.
미일내다 (동사) 밀어내다.
미자바리 (명사) 미주알 : 항문을 이루는 창자의 끝 부분.
미재이 (명사) 미장이.
미쭘하다 (형용사) 미쭉하다 : 미끈하고 길쭉하다.
미차 (부사) 미처 : 아직 거기 미치도록.
미친개이/미친갱이 (명사) 미치광이.
미커리 (명사) 미투리.
미끼하다 (동사) 느끼하다.
미틀다 (동사) 밀뜨리다. ¶ 친구가 밉다고 논두렁에서 미틀모 우째 데노?
믹이다 (동사) 먹이다.
믹히다 (동사) 먹히다.
민겅/멘겡 (명사) 거울.
민드래미 (명사) 민들레.
민들민들 (부사) 거죽이 매끄럽고 감촉이 좋다.
민물게기/민물게이 (명사) 민물고기.
민물고동 (명사) 다슬기.
민물짱애 (명사) 뱀장어.
민적기리다 (동사) 미적거리다.
밀가[-까-]리 (명사) 밀가루.
밀거이 (부사) 멀거니.
밀겋다 (형용사) 멀겋다.
밀깜비 (명사) 밀깜부기.
밀제비[-쩨-] (명사) 수제비.
밀지[-찌-]울 (명사) 밀기울.
밀창 (명사) 미닫이.
밀치놓다 (동사) 밀쳐놓다 : 어떤 물건을 자신이 있는 곳이 아닌 다른 곳으로 옮겨 놓다.
밉비다 (동사) 밉보이다.
밉상시럽다 (형용사) 밉살스럽다.
밉상재이 (명사) ‘밉상쟁이’란 말로 밉상스러운 데가 있는 사람을 이르는 말.
밉어하다 (동사) 미워하다.
밍물 (명사) 민물.
밍물게이 (명사) 민물고기.
밍물소래 (명사) 다슬기.
밍물짱애/밍물짱어 (명사) 뱀장어.
밑가다 (동사) 밑지다 : 들인 밑천이나 제 값어치보다 얻는 것이 적다.
밑꾸녕 (명사) 밑구멍.
밑자리 (명사) 밑알 : 암탉이 알 낳는 자리로 바로 찾아들도록 둥지에 넣어 두는 달걀.",2021-12-10 00:00:00,83,미부착,제1유형,무,,미 ~ 밑자리,,어문,음성,"미 (명사) 뉘 : 쓿은쌀 속에 등겨가 벗겨지지 않은 채로 섞인 벼 알갱이.
미굼 (명사) 먼지.
미굼이 (명사) 몰래. ¶ 남멩(=남명) 선생을 미굼이 해롭게 할라꼬.
미기 (명사) 메기.
미기 잡다 (관용어) 진흙탕에 미끄러지다. 허탕치다.
미깔시럽다 (형용사) 밉상스럽다. 밉광스럽다.
미깝 (명사) 미끼.
미꼬래이/미꼬랭이 (명사) 미꾸라지.
미꼬래이 용 뎄다 (관용어) 미천하고 보잘것없던 사람이 크게 되었음을 비유적으로 이르는 말.
미꾸녕 (명사) 밑구멍. 항문. 또는 여자의 음부를 속되게 이르는 말.
미꿈하다 (형용사) 미끈하다.
미끈 (명사) 밀삐 : 지게에 매어 있는, 지게를 지는 끈.
미끔하다 (형용사) 미끈하다.
미나리깡 (명사) 미나리꽝.
미나뿌다 (형용사) 조금 잘못되다.
미뜰다 (동사) 밀뜨리다.
미러치 (명사) 멸치.
미럭미럭 (부사) 미루적미루적. 미적미적.
미륵돼지 (명사) 미련하고 뚱뚱한 사람을 비유적으로 이르는 말.
미리띠리 (부사) 몽땅. 있는 대로 죄다.
미리띵이 (명사) 머리통 : ‘머리’를 낮추어 이르는 말.
미미 (명사) 구석구석. ¶ 걸레로 마리를 미미 딲으래이.
미미끼 (명사) 벼의 겉겨가 벗겨진 뒤의 고운 등겨. 살겨.
미빵 (명사) 밀삐 : 지게에 매여 있는, 지게를 지는 끈.
미숫가리 (명사) 미싯가루.
미싱기리다 (동사) 메슥거리다.
미싱미싱 (부사) 메슥메슥.
미싱하다 (형용사) 매스껍다. 메스껍다.
미얄지다 (형용사) 얄밉다. 얄밉상스럽다.
미엉 (명사) 무명. 목화.
미역국 묵다 (관용어) ‘미역국 먹다’는 말로, 시험에서 떨어지다. 직위에서 떨려 나다. 퇴짜를 맞다.
미염 (명사) 미음 : 입쌀이나 좁쌀에 물을 충분히 붓고 푹 끓여 체에 걸러 낸 걸쭉한 음식.
미영 다래 (명사) 목화 다래.
미영 (명사) 무명. 목화.
미영꼬타리 (명사) 면화 꼬투리. 목화 꼬투리.
미영꽃 (명사) 면화(綿花). 
미영다래 (명사) 목화다래.
미영베/미영비 (명사) 무명베.
미영실 (명사) 무명실.
미영씨① (명사) 목화씨.
미영씨② (명사) 삼 : 눈동자에 좁쌀만 하게 생기는 희거나 붉은 점.
미영씨 백히다 (관용어) 삼이 생기다 : 눈병으로 인하여 눈동자에 하얀 점이 생기다.
미영치매 (명사) 무명치마.
미↑이다 (동사) 먹이다.
미↑이주다 (동사) 먹여주다.
미이지다 (동사) 미어지다.
미일내다 (동사) 밀어내다.
미자바리 (명사) 미주알 : 항문을 이루는 창자의 끝 부분.
미재이 (명사) 미장이.
미쭘하다 (형용사) 미쭉하다 : 미끈하고 길쭉하다.
미차 (부사) 미처 : 아직 거기 미치도록.
미친개이/미친갱이 (명사) 미치광이.
미커리 (명사) 미투리.
미끼하다 (동사) 느끼하다.
미틀다 (동사) 밀뜨리다. ¶ 친구가 밉다고 논두렁에서 미틀모 우째 데노?
믹이다 (동사) 먹이다.
믹히다 (동사) 먹히다.
민겅/멘겡 (명사) 거울.
민드래미 (명사) 민들레.
민들민들 (부사) 거죽이 매끄럽고 감촉이 좋다.
민물게기/민물게이 (명사) 민물고기.
민물고동 (명사) 다슬기.
민물짱애 (명사) 뱀장어.
민적기리다 (동사) 미적거리다.
밀가[-까-]리 (명사) 밀가루.
밀거이 (부사) 멀거니.
밀겋다 (형용사) 멀겋다.
밀깜비 (명사) 밀깜부기.
밀제비[-쩨-] (명사) 수제비.
밀지[-찌-]울 (명사) 밀기울.
밀창 (명사) 미닫이.
밀치놓다 (동사) 밀쳐놓다 : 어떤 물건을 자신이 있는 곳이 아닌 다른 곳으로 옮겨 놓다.
밉비다 (동사) 밉보이다.
밉상시럽다 (형용사) 밉살스럽다.
밉상재이 (명사) ‘밉상쟁이’란 말로 밉상스러운 데가 있는 사람을 이르는 말.
밉어하다 (동사) 미워하다.
밍물 (명사) 민물.
밍물게이 (명사) 민물고기.
밍물소래 (명사) 다슬기.
밍물짱애/밍물짱어 (명사) 뱀장어.
밑가다 (동사) 밑지다 : 들인 밑천이나 제 값어치보다 얻는 것이 적다.
밑꾸녕 (명사) 밑구멍.
밑자리 (명사) 밑알 : 암탉이 알 낳는 자리로 바로 찾아들도록 둥지에 넣어 두는 달걀.",사투리,한국어,,2021-12-10 00:00:00,저작물양도계약서,진주시청,,,,제1유형,저작물,보호저작물,○,상업적이용가능,○,○,○,○,○,○,○,,2091-12-10 00:00:00,,
37,오디오,가이드/안내/정보,진주시청,진주시청,HOME > 진주소개 > 기본현황 > 진주 사투리 사전 > ㅂ,-(시)ㅂ니꺼 ~ 발꼬마리,"진주 사투리 사전 비읍
-(시)ㅂ니꺼 (어미) 합니꺼(=합니까), 갔십니꺼(=갔습니까) / 내앨 옵니꺼.(=내일 옵니까.)
-(시)ㅂ니더 (어미) 갑니더(=갑니다), 갔십니더(=갔습니다), 합니더(=합니다).
-(으)ㅂ디더 (어미) -(으)ㅂ디다. ¶ 갑디더, 옵디더, 입읍디더. / 사천에는 비는 안 오고 바람만 붑디더. 내 친구도 갈라 쿱디더.(=내 친구도 가려고 합디다.) 
-ㅂ시더 (어미) –(으)ㅂ시더. ¶ 해 봅시더.(=해 봅시다.) / 잡읍시더.(=잡읍시다.)
바가치 (명사) 바가지.
바가치 씨다 (관용어) ‘바가지 쓰다’란 말로, 요금이나 물건값을 실제 가격보다 비싸게 지불하여 억울한 손해를 보다.
바구 (명사) 바위.
바구리 (명사) 바구니.
바굿디이 / 바굿딩이 (명사) 바윗덩이.
바기미/비기미 (명사) 바구미 : 바구밋과의 곤충을 통틀어 이르는 말.
바꾸 (명사) 바퀴 : 
1. 돌리거나 굴리려고 테 모양으로 둥글게 만든 물건. 2. 어떤 둘레를 빙 돌아서 제자리까지 돌아오는 횟수를 세는 단위. ¶ 동네를 멫 바꾸 돌았다.(=동네를 몇 바퀴 돌았다.)
바꾸티 (명사) ‘박통’ 즉 ‘머리통’이란 말로 ‘얼굴’을 속되게 이르는 말. 
¶ 생긴 바꾸티 본께 성질 더럽게 생깄다.(=생긴 박통을 보니까 성질 더럽게 생겼다.) 
바꿓다 (동사) 바꾸다
바끼다 (동사) 바뀌다.
바느질소쿠리 (명사) 반짇고리.
바느질당세이 (명사) 반짇고리.
바늘꾸녕 (명사) 바늘구멍.
바닷게기/바닷게이 (명사) 바닷물고기.
바독 (명사) 바둑.
바독판 (명사) 바둑판.
바둥기리다 (동사) 바동거리다.
바둥바둥 (부사) 바동바동.
바람 (명사) 보람 : 어떤 일을 한 뒤에 얻어지는 좋은 결과나 만족감 또는 자랑스러움이나 자부심을 갖게 해 주는 일의 가치. 
바람띠이/바람띵이 (명사) 바람둥이.
바래다 (동사) 바라다.
바래이 (명사) 바랭이 : 볏과의 한해살이풀.
바램/바럼 (명사) 보람. ¶ 일한 바램이 없다.
바루다 (동사) 기다리다. ¶ 가:는 장에 간 에미를 눈이 빠지도록 바루고 서 있다.
(=그애는 장에 간 (어미)를 눈이 빠지도록 기다리고 서 있다.)
바르다 (형용사) 싶다. ¶ 일이 잘 될 성 바르다.(=일이 잘 될 성 싶다.)
바른질 (명사) 바른길.
바리① (명사) 마리 : 짐승이나 물고기, 벌레 따위를 세는 단위.
바리② (부사) 바로.
바리다① (동사) 바르다 : 물이나 풀, 약, 화장품 따위를 물체의 표면에 문질러 묻히다.
바리다② (동사) 바르다 : 비뚤어지거나 굽은 데가 없다.
바뿌다 (형용사) 바쁘다.
바실바실 (부사) 바슬바슬.
바:라 (감탄사) 보아라. ‘보다’의 명령형.
바아질 (명사) 바느질.
바아치 (명사) 바가지.
바알 (명사) 바늘. ¶ 바알 도독이 세도독 댄다.(=바늘 도둑이 소도둑 된다.)
바우 (명사) 바위.
바잇딩이 (명사) 바윗덩이.
바이작대이/바작대기 (명사) 지겟작대기.
바이저구리 (명사) 바지저고리.
바지개/바지기 (명사) 발채 : 짐을 싣기 위하여 지게에 얹는 소쿠리 모양의 물건. 싸리나 대오리로 만든다.
바지이 (명사) 발채. ‘옹구발’이라고도 한다.
바짓가래이/바짓가랭이 (명사) 바짓가랑이. 
바키 (명사) 바퀴.
박상 (명사) 튀밥. 뻥튀기.
박국 (명사) 밥국.
박그륵 (명사) 밥그릇.
박우거리/박우구리 (명사) 박고지.
박지 (명사) 박쥐.
박치이 (명사) 박치기 : 이마로 무엇을 세게 받아 치는 짓.
박터지다 (동사) 머리통이 터지다.
반거치 (명사) 반거들충이. 반거충이 : 무엇을 배우다가 중도에 그만두어 다 이루지 못한 사람.
반겡일 (명사) 반공일(半空日) : 오전만 일을 하고 오후에는 쉬는 날이라는 뜻으로, ‘토요일’을 이르던 말.
반눈도 안 찬다 마음에 차지 않는다.
반대기 (명사) 소래기 : 운두가 조금 높고 굽이 없는 접시 모양으로 생긴 넓은 질그릇. 독의 뚜껑이나 그릇으로 쓴다.
반도 (명사) 반두 : 양쪽 끝에 가늘고 긴 막대로 손잡이를 만든 그물. 주로 얕은 개울에서 물고기를 몰아 잡는다. 
반동가리/반똥가리 (명사) 반동강 : 어떤 긴 물체가 반으로 잘라진 것이나, 또는 말이나 일 따위를 끝맺지 못하고 중간에서 흐지부지 그만두거나 끊어 버림. 
반동사이 (명사) 반동사니 : 사초과의 한해살이풀.
반물케이/반물키이 (명사) 반쯤 익거나 곯아서 무른 과일. 주로 반쯤 물컹한 홍시를 이른다.
반버버리/반버부리 (명사) 반벙어리. 얼벙어리.
반싞이 (명사) 반섞이 : 두 가지 물질을 절반씩 섞는 것. 쌀과 보리를 반반으로 섞어 지은 밥을 이르는 말.
반잠이/반잼이 (명사) ‘뱁새눈이’를 놀림조로 이르는 말. 
반조시 (명사) 튀기 : 종이 다른 두 동물 사이에서 난 새끼. 혈통이 다른 종족 간에 태어난 아이.
반주깨 (명사) 소꿉놀이 : 아이들이 자질구레한 그릇 따위의 장난감으로 살림살이하는 흉내를 내며 노는 놀이.
반주깨미/반주깨비 (명사) 소꿉놀이.
반지락/반지래기 (명사) 바지락.
반짇거리/반짇그럭 (명사) 반짇고리 : 바늘, 실, 골무, 헝겊 따위의 바느질 도구를 담는 그릇.
반치나 (부사) 절반이나. ¶ 오늘 할 일을 반치나(=절반이나) 했다.
반타다/반투다 (동사) 반 만큼씩 나누다.
반텀 (명사) 절반.
반티이/반팅이 (명사) 함지. 목판(木板).
반티이장사 (명사) 목판에 물건을 벌여 놓고 파는 장수.
반피이/반핑이 (명사) 반편이 : 지능이 보통 사람보다 모자라는 사람. 바보.
밭다 (동사) (침을) 뱉다. 내뱉다. ¶ 세면기에다 춤 밭아라.(=침 뱉어라)
발가이 (부사) 발갛게.
발고소룸하다 (형용사) 발그스름하다. 발그스레하다.
발꼬락/발꾸락 (명사) 발가락.
발꼬랑내 (명사) 발 고린내.
발꼬마리 (명사) 발뒤축.",2021-12-10 00:00:00,83,미부착,제1유형,무,,-(시)ㅂ니꺼 ~ 발꼬마리,,어문,음성,"진주 사투리 사전 비읍
-(시)ㅂ니꺼 (어미) 합니꺼(=합니까), 갔십니꺼(=갔습니까) / 내앨 옵니꺼.(=내일 옵니까.)
-(시)ㅂ니더 (어미) 갑니더(=갑니다), 갔십니더(=갔습니다), 합니더(=합니다).
-(으)ㅂ디더 (어미) -(으)ㅂ디다. ¶ 갑디더, 옵디더, 입읍디더. / 사천에는 비는 안 오고 바람만 붑디더. 내 친구도 갈라 쿱디더.(=내 친구도 가려고 합디다.) 
-ㅂ시더 (어미) –(으)ㅂ시더. ¶ 해 봅시더.(=해 봅시다.) / 잡읍시더.(=잡읍시다.)
바가치 (명사) 바가지.
바가치 씨다 (관용어) ‘바가지 쓰다’란 말로, 요금이나 물건값을 실제 가격보다 비싸게 지불하여 억울한 손해를 보다.
바구 (명사) 바위.
바구리 (명사) 바구니.
바굿디이 / 바굿딩이 (명사) 바윗덩이.
바기미/비기미 (명사) 바구미 : 바구밋과의 곤충을 통틀어 이르는 말.
바꾸 (명사) 바퀴 : 
1. 돌리거나 굴리려고 테 모양으로 둥글게 만든 물건. 2. 어떤 둘레를 빙 돌아서 제자리까지 돌아오는 횟수를 세는 단위. ¶ 동네를 멫 바꾸 돌았다.(=동네를 몇 바퀴 돌았다.)
바꾸티 (명사) ‘박통’ 즉 ‘머리통’이란 말로 ‘얼굴’을 속되게 이르는 말. 
¶ 생긴 바꾸티 본께 성질 더럽게 생깄다.(=생긴 박통을 보니까 성질 더럽게 생겼다.) 
바꿓다 (동사) 바꾸다
바끼다 (동사) 바뀌다.
바느질소쿠리 (명사) 반짇고리.
바느질당세이 (명사) 반짇고리.
바늘꾸녕 (명사) 바늘구멍.
바닷게기/바닷게이 (명사) 바닷물고기.
바독 (명사) 바둑.
바독판 (명사) 바둑판.
바둥기리다 (동사) 바동거리다.
바둥바둥 (부사) 바동바동.
바람 (명사) 보람 : 어떤 일을 한 뒤에 얻어지는 좋은 결과나 만족감 또는 자랑스러움이나 자부심을 갖게 해 주는 일의 가치. 
바람띠이/바람띵이 (명사) 바람둥이.
바래다 (동사) 바라다.
바래이 (명사) 바랭이 : 볏과의 한해살이풀.
바램/바럼 (명사) 보람. ¶ 일한 바램이 없다.
바루다 (동사) 기다리다. ¶ 가:는 장에 간 에미를 눈이 빠지도록 바루고 서 있다.
(=그애는 장에 간 (어미)를 눈이 빠지도록 기다리고 서 있다.)
바르다 (형용사) 싶다. ¶ 일이 잘 될 성 바르다.(=일이 잘 될 성 싶다.)
바른질 (명사) 바른길.
바리① (명사) 마리 : 짐승이나 물고기, 벌레 따위를 세는 단위.
바리② (부사) 바로.
바리다① (동사) 바르다 : 물이나 풀, 약, 화장품 따위를 물체의 표면에 문질러 묻히다.
바리다② (동사) 바르다 : 비뚤어지거나 굽은 데가 없다.
바뿌다 (형용사) 바쁘다.
바실바실 (부사) 바슬바슬.
바:라 (감탄사) 보아라. ‘보다’의 명령형.
바아질 (명사) 바느질.
바아치 (명사) 바가지.
바알 (명사) 바늘. ¶ 바알 도독이 세도독 댄다.(=바늘 도둑이 소도둑 된다.)
바우 (명사) 바위.
바잇딩이 (명사) 바윗덩이.
바이작대이/바작대기 (명사) 지겟작대기.
바이저구리 (명사) 바지저고리.
바지개/바지기 (명사) 발채 : 짐을 싣기 위하여 지게에 얹는 소쿠리 모양의 물건. 싸리나 대오리로 만든다.
바지이 (명사) 발채. ‘옹구발’이라고도 한다.
바짓가래이/바짓가랭이 (명사) 바짓가랑이. 
바키 (명사) 바퀴.
박상 (명사) 튀밥. 뻥튀기.
박국 (명사) 밥국.
박그륵 (명사) 밥그릇.
박우거리/박우구리 (명사) 박고지.
박지 (명사) 박쥐.
박치이 (명사) 박치기 : 이마로 무엇을 세게 받아 치는 짓.
박터지다 (동사) 머리통이 터지다.
반거치 (명사) 반거들충이. 반거충이 : 무엇을 배우다가 중도에 그만두어 다 이루지 못한 사람.
반겡일 (명사) 반공일(半空日) : 오전만 일을 하고 오후에는 쉬는 날이라는 뜻으로, ‘토요일’을 이르던 말.
반눈도 안 찬다 마음에 차지 않는다.
반대기 (명사) 소래기 : 운두가 조금 높고 굽이 없는 접시 모양으로 생긴 넓은 질그릇. 독의 뚜껑이나 그릇으로 쓴다.
반도 (명사) 반두 : 양쪽 끝에 가늘고 긴 막대로 손잡이를 만든 그물. 주로 얕은 개울에서 물고기를 몰아 잡는다. 
반동가리/반똥가리 (명사) 반동강 : 어떤 긴 물체가 반으로 잘라진 것이나, 또는 말이나 일 따위를 끝맺지 못하고 중간에서 흐지부지 그만두거나 끊어 버림. 
반동사이 (명사) 반동사니 : 사초과의 한해살이풀.
반물케이/반물키이 (명사) 반쯤 익거나 곯아서 무른 과일. 주로 반쯤 물컹한 홍시를 이른다.
반버버리/반버부리 (명사) 반벙어리. 얼벙어리.
반싞이 (명사) 반섞이 : 두 가지 물질을 절반씩 섞는 것. 쌀과 보리를 반반으로 섞어 지은 밥을 이르는 말.
반잠이/반잼이 (명사) ‘뱁새눈이’를 놀림조로 이르는 말. 
반조시 (명사) 튀기 : 종이 다른 두 동물 사이에서 난 새끼. 혈통이 다른 종족 간에 태어난 아이.
반주깨 (명사) 소꿉놀이 : 아이들이 자질구레한 그릇 따위의 장난감으로 살림살이하는 흉내를 내며 노는 놀이.
반주깨미/반주깨비 (명사) 소꿉놀이.
반지락/반지래기 (명사) 바지락.
반짇거리/반짇그럭 (명사) 반짇고리 : 바늘, 실, 골무, 헝겊 따위의 바느질 도구를 담는 그릇.
반치나 (부사) 절반이나. ¶ 오늘 할 일을 반치나(=절반이나) 했다.
반타다/반투다 (동사) 반 만큼씩 나누다.
반텀 (명사) 절반.
반티이/반팅이 (명사) 함지. 목판(木板).
반티이장사 (명사) 목판에 물건을 벌여 놓고 파는 장수.
반피이/반핑이 (명사) 반편이 : 지능이 보통 사람보다 모자라는 사람. 바보.
밭다 (동사) (침을) 뱉다. 내뱉다. ¶ 세면기에다 춤 밭아라.(=침 뱉어라)
발가이 (부사) 발갛게.
발고소룸하다 (형용사) 발그스름하다. 발그스레하다.
발꼬락/발꾸락 (명사) 발가락.
발꼬랑내 (명사) 발 고린내.
발꼬마리 (명사) 발뒤축.",사투리,한국어,,2021-12-10 00:00:00,저작물양도계약서,진주시청,,,,제1유형,저작물,보호저작물,○,상업적이용가능,○,○,○,○,○,○,○,,2091-12-10 00:00:00,,
38,오디오,가이드/안내/정보,진주시청,진주시청,HOME > 진주소개 > 기본현황 > 진주 사투리 사전 > ㅂ,발곱[-꼽] ~ 배슬리다/배시리다,"발곱[-꼽] (명사) 발굽.
발꽁치 (명사) 발뒤꿈치. 뒤꿈치.
발등거리[--뜽-]/발등더리[--뜽-] (명사) ‘발등’을 속되게 이르는 말.
발디꼬마리 (명사) 발뒤꿈치. 뒤꿈치.
발디꼭지 (명사) 발뒤꿈치. 뒤꿈치.
발때죽 (명사) 발자국. 발걸음.
발랑까지다 (동사) 지나치게 약아서 되바라지다.
발룸발룸 (부사) 발름발름.
발류ㆆ다 (동사) (활용 : 발류ㆆ고[발륟꼬], 발류ㆆ도록[발륟또록], 발류ㆆ지[발륟찌], 발류ㆆ는[발륜는], 발류ㆆ아서→발랴서, 발류ㆆ아라→발랴라, 발류ㆆ+으모→발류모, 발류ㆆ+은→발륜) 바루다 : 비뚤어지거나 구부러지지 않도록 바르게 하다.
발목때기/발목때이/발목띠이 (명사) 발모가지. 발목쟁이 : 발을 속되게 이르는 말.
발목이 잽히다 (관용어) 남에게 어떤 단서나 약점을 잡히다.
발묵띠이 (명사) 발모가지.
발발이 (부사) 
1. 연거푸, 잇따라. ¶ 사람 찾는 전화가 발발이(=잇따라) 오고 있다. 
2. 갈가리, 가리가리 ¶ 옷이 발바리(=가리가리) 찢어졌다.
발자죽 (명사) 발자국.
발질 (명사) 발길. ¶ 발질 대이는 대로.(=발길 닿는 대로.)
발치 (명사) 발찌 : 목 뒤 머리털이 난 가장자리에 생기는 부스럼.
발텁 (명사) 발톱.
발통 (명사) 바퀴.
발판 (명사) 밑싣개 : 두 발을 디디거나 앉을 수 있게 그넷줄의 맨 아래 걸쳐 있는 물건.
밤 (명사) 닭의 모래주머니.
밤고매 (명사) 밤고구마.
밤시이/밤싱이 (명사) 밤송이.
밤이실 (명사) 밤이슬
밤이실 맞다 (관용어) 밤에 다녀 이슬에 젖는다는 뜻으로 ‘도둑질하다’를 비유적으로 이르는 말.
밤조래 (명사) 소라.
밤중채미 (명사) 밤샘. ¶ 어제 병원에서 밤중채미(=밤샘) 했다.
밤지[-찌] (명사) 박쥐.
밥공지 (명사) 밥공기 : 밥을 담아 먹는 데 쓰는 작은 그릇.
밥국/박국 (명사) 식은 밥에다 썬 김치와 마른 멸치 몇 마리를 넣어 끓인 음식으로 죽과 비슷하게 만든 음식.
밥그륵/박그륵 (명사) 밥그릇.
밥떠껑 (명사) 밥뚜껑.
밥뜨꺼리 (명사) 주발의 뚜껑. 밥뚜껑.
밥바구리 (명사) 밥바구니. 
밥상 (명사) 튀밥.
밥수건 (명사) 밥보자기.
밥재이/밥쟁이 (명사) 1. 부엌데기. 2. 자기 부인을 겸손하게 이르는 말.
밥주개 (명사) 밥주걱.
밥죽 (명사) 갱죽(羹粥) : 김치나 시래기 따위의 채소류를 넣고 멀겋게 끓인 죽. 살림이 어려울 때 주로 겨울에 끓여 먹었다.
밥티/밥티기/밥티꺼리 (명사) 밥알.
밥티/밥알 갖고 잉어 낚는다. (속담) 적게 들여 많이 얻는다.
밥티정 (명사) 밥투정 : 밥을 먹기 싫거나 또는 더 달라며 짜증을 부리는 일.
방구 (명사) 방귀.
방↑구 (명사) 바위.
방구↑다 (동사) 괴다, 고이다 : 기울어지거나 쓰러지지 않도록 아래를 받쳐 안정시키다.
방구석이 삼척 겉다. (속담) 방이 강원도 삼척같이 춥다.
방구재이 (명사) 방귀쟁이 : 방귀를 자주 뀌는 사람을 놀림조로 이르는 말.
방구질 나자 보리 양석 떨어진다 (속담) 방귓길이 나자 보리 양식 떨어진다는 말로, 방귀가 잘 나오는 보리밥을 잘 삭이게 되자 보리 양식이 떨어졌다는 뜻이다. 잘 되던 일이 공교롭게 엇나가며 틀어짐을 비유적으로 이르는 말이다.
방구치다 (동사) 기울어지거나 쓰러지지 않도록 아래를 잘 받치다.
방데이/방디 (명사) 엉덩이.
방매이/방맹이 (명사) 방망이.
방방하다① (형용사) 두 사람의 실력이 비슷하다.
방방하다② (형용사) 저수지나 연못 따위에 물이 가득 차 있다.
방분하다 (형용사) 방불(彷佛)하다 : 거의 비슷하다. 
방비짜리 (명사) 방비 : 방을 쓸기 위한 비.
방상하다 (형용사) 방사(倣似)하다 : 매우 비슷하다. 
방씰개 (명사) 방빗자루.
방아 (명사) 배초향(排草香) : 꿀풀과의 여러해살이풀. 특수한 향내로 잎은 식용으로 쓴다.
빵아께/방아끼 (명사) 방앗공이 : 방아확 속에 든 물건을 찧는 데 쓰도록 만든 길쭉한 몽둥이.
방아실 (명사) 방앗간 : 방아로 곡식을 찧거나 빻는 곳.
방아재이 (명사) 방아깨비 : 메뚜깃과의 하나. 뒷다리가 크고 길어서 끝을 손으로 쥐면 방아처럼 끄덕거린다.
방앗고[--꼬] (명사) 방앗공이.
방앗지[--찌] (명사) 방앗공이.
방우 (명사) 방위(方位).
방우가 틀리다 (관용어) 애초에 정한 방향이 다르다.
방장 (명사) 모기장.
방정밪다 (형용사) 방정맞다 : 말이나 행동이 찬찬하지 못하고 몹시 까불어서 경망스럽다.
방정시리 (부사) 방정스레.
방천나다 (동사) 둑이 무너지다.
방천하다 (동사) 무너진 둑을 쌓다.
밭다 (동사) (침을) 뱉다.
밭두덕/밭두렁/밭두룩/밭두룸 (명사) 밭두둑. 밭둑.
밭떼기/밭떼이 (명사) 밭뙈기 : 얼마 되지 아니하는 조그마한 밭.
밭아내다 (동사) 뱉어내다.
배껕 (명사) 바깥.
배껕마당 (명사) 바깥마당.
배껕사돈 (명사) 바깥사돈.
배껕양반 (명사) 바깥양반.
배꾸녕 (명사) 배꼽.
배끼① (부사) 백지. 괜히. 공연히. ¶ 배끼 내보고 성을 내네.(=괜히 내한테 성을 내네.)
배끼② (조사) 밖에. ¶ 공부배끼 모리는 학생이다.(=공부밖에 모르는 학생이다.)
배끼:다 (동사) 바뀌다.
배내기/배내이 (명사) 배내 : 남의 가축을 길러서 가축이 다 자라거나 새끼를 낸 뒤에 주인과 나누어 가지는 제도. 
¶ 배내이 세로 믹이고 있다.(=배내 소를 먹이고 있다.)
배내이 미↑이다 (관용어) 배내 가축을 기르다.
배다 (형용사) 비좁다.
배때이/배때지 (명사) 배때기 : ‘배’를 속되게 이르는 말.
배머리 (명사) 나루.
배몰미 (명사) 배멀미.
배미 (명사) 뱀.
배미딸 (명사) 뱀딸기.
배북 (감탄사) 음식을 다 먹거나 많이 먹어 배가 불룩하게 북같이 둥글게 된 어린아이의 배나 그 배를 지르며 놀리는 소리.
배불떼이/배불레이 (명사) 배불뚱이.
배비다 (동사) 뱌비다 : 두 물체를 맞대어 가볍게 문지르다.
배비대다 (동사) 뱌비대다 : 두 물체를 맞대어 잇따라 가볍게 마구 문지르다.
배상 (명사) 옛날에, 결혼, 회갑연 따위에 축하하러 온 손님에게 내던 음식상(床).
배선개 (명사) 뱃삯.
배슬리다/배시리다 (동사) 아기를 배서 낳을 때까지 뱃속에서 기르다.",2021-12-10 00:00:00,96,미부착,제1유형,무,,발곱[-꼽] ~ 배슬리다/배시리다,,어문,음성,"발곱[-꼽] (명사) 발굽.
발꽁치 (명사) 발뒤꿈치. 뒤꿈치.
발등거리[--뜽-]/발등더리[--뜽-] (명사) ‘발등’을 속되게 이르는 말.
발디꼬마리 (명사) 발뒤꿈치. 뒤꿈치.
발디꼭지 (명사) 발뒤꿈치. 뒤꿈치.
발때죽 (명사) 발자국. 발걸음.
발랑까지다 (동사) 지나치게 약아서 되바라지다.
발룸발룸 (부사) 발름발름.
발류ㆆ다 (동사) (활용 : 발류ㆆ고[발륟꼬], 발류ㆆ도록[발륟또록], 발류ㆆ지[발륟찌], 발류ㆆ는[발륜는], 발류ㆆ아서→발랴서, 발류ㆆ아라→발랴라, 발류ㆆ+으모→발류모, 발류ㆆ+은→발륜) 바루다 : 비뚤어지거나 구부러지지 않도록 바르게 하다.
발목때기/발목때이/발목띠이 (명사) 발모가지. 발목쟁이 : 발을 속되게 이르는 말.
발목이 잽히다 (관용어) 남에게 어떤 단서나 약점을 잡히다.
발묵띠이 (명사) 발모가지.
발발이 (부사) 
1. 연거푸, 잇따라. ¶ 사람 찾는 전화가 발발이(=잇따라) 오고 있다. 
2. 갈가리, 가리가리 ¶ 옷이 발바리(=가리가리) 찢어졌다.
발자죽 (명사) 발자국.
발질 (명사) 발길. ¶ 발질 대이는 대로.(=발길 닿는 대로.)
발치 (명사) 발찌 : 목 뒤 머리털이 난 가장자리에 생기는 부스럼.
발텁 (명사) 발톱.
발통 (명사) 바퀴.
발판 (명사) 밑싣개 : 두 발을 디디거나 앉을 수 있게 그넷줄의 맨 아래 걸쳐 있는 물건.
밤 (명사) 닭의 모래주머니.
밤고매 (명사) 밤고구마.
밤시이/밤싱이 (명사) 밤송이.
밤이실 (명사) 밤이슬
밤이실 맞다 (관용어) 밤에 다녀 이슬에 젖는다는 뜻으로 ‘도둑질하다’를 비유적으로 이르는 말.
밤조래 (명사) 소라.
밤중채미 (명사) 밤샘. ¶ 어제 병원에서 밤중채미(=밤샘) 했다.
밤지[-찌] (명사) 박쥐.
밥공지 (명사) 밥공기 : 밥을 담아 먹는 데 쓰는 작은 그릇.
밥국/박국 (명사) 식은 밥에다 썬 김치와 마른 멸치 몇 마리를 넣어 끓인 음식으로 죽과 비슷하게 만든 음식.
밥그륵/박그륵 (명사) 밥그릇.
밥떠껑 (명사) 밥뚜껑.
밥뜨꺼리 (명사) 주발의 뚜껑. 밥뚜껑.
밥바구리 (명사) 밥바구니. 
밥상 (명사) 튀밥.
밥수건 (명사) 밥보자기.
밥재이/밥쟁이 (명사) 1. 부엌데기. 2. 자기 부인을 겸손하게 이르는 말.
밥주개 (명사) 밥주걱.
밥죽 (명사) 갱죽(羹粥) : 김치나 시래기 따위의 채소류를 넣고 멀겋게 끓인 죽. 살림이 어려울 때 주로 겨울에 끓여 먹었다.
밥티/밥티기/밥티꺼리 (명사) 밥알.
밥티/밥알 갖고 잉어 낚는다. (속담) 적게 들여 많이 얻는다.
밥티정 (명사) 밥투정 : 밥을 먹기 싫거나 또는 더 달라며 짜증을 부리는 일.
방구 (명사) 방귀.
방↑구 (명사) 바위.
방구↑다 (동사) 괴다, 고이다 : 기울어지거나 쓰러지지 않도록 아래를 받쳐 안정시키다.
방구석이 삼척 겉다. (속담) 방이 강원도 삼척같이 춥다.
방구재이 (명사) 방귀쟁이 : 방귀를 자주 뀌는 사람을 놀림조로 이르는 말.
방구질 나자 보리 양석 떨어진다 (속담) 방귓길이 나자 보리 양식 떨어진다는 말로, 방귀가 잘 나오는 보리밥을 잘 삭이게 되자 보리 양식이 떨어졌다는 뜻이다. 잘 되던 일이 공교롭게 엇나가며 틀어짐을 비유적으로 이르는 말이다.
방구치다 (동사) 기울어지거나 쓰러지지 않도록 아래를 잘 받치다.
방데이/방디 (명사) 엉덩이.
방매이/방맹이 (명사) 방망이.
방방하다① (형용사) 두 사람의 실력이 비슷하다.
방방하다② (형용사) 저수지나 연못 따위에 물이 가득 차 있다.
방분하다 (형용사) 방불(彷佛)하다 : 거의 비슷하다. 
방비짜리 (명사) 방비 : 방을 쓸기 위한 비.
방상하다 (형용사) 방사(倣似)하다 : 매우 비슷하다. 
방씰개 (명사) 방빗자루.
방아 (명사) 배초향(排草香) : 꿀풀과의 여러해살이풀. 특수한 향내로 잎은 식용으로 쓴다.
빵아께/방아끼 (명사) 방앗공이 : 방아확 속에 든 물건을 찧는 데 쓰도록 만든 길쭉한 몽둥이.
방아실 (명사) 방앗간 : 방아로 곡식을 찧거나 빻는 곳.
방아재이 (명사) 방아깨비 : 메뚜깃과의 하나. 뒷다리가 크고 길어서 끝을 손으로 쥐면 방아처럼 끄덕거린다.
방앗고[--꼬] (명사) 방앗공이.
방앗지[--찌] (명사) 방앗공이.
방우 (명사) 방위(方位).
방우가 틀리다 (관용어) 애초에 정한 방향이 다르다.
방장 (명사) 모기장.
방정밪다 (형용사) 방정맞다 : 말이나 행동이 찬찬하지 못하고 몹시 까불어서 경망스럽다.
방정시리 (부사) 방정스레.
방천나다 (동사) 둑이 무너지다.
방천하다 (동사) 무너진 둑을 쌓다.
밭다 (동사) (침을) 뱉다.
밭두덕/밭두렁/밭두룩/밭두룸 (명사) 밭두둑. 밭둑.
밭떼기/밭떼이 (명사) 밭뙈기 : 얼마 되지 아니하는 조그마한 밭.
밭아내다 (동사) 뱉어내다.
배껕 (명사) 바깥.
배껕마당 (명사) 바깥마당.
배껕사돈 (명사) 바깥사돈.
배껕양반 (명사) 바깥양반.
배꾸녕 (명사) 배꼽.
배끼① (부사) 백지. 괜히. 공연히. ¶ 배끼 내보고 성을 내네.(=괜히 내한테 성을 내네.)
배끼② (조사) 밖에. ¶ 공부배끼 모리는 학생이다.(=공부밖에 모르는 학생이다.)
배끼:다 (동사) 바뀌다.
배내기/배내이 (명사) 배내 : 남의 가축을 길러서 가축이 다 자라거나 새끼를 낸 뒤에 주인과 나누어 가지는 제도. 
¶ 배내이 세로 믹이고 있다.(=배내 소를 먹이고 있다.)
배내이 미↑이다 (관용어) 배내 가축을 기르다.
배다 (형용사) 비좁다.
배때이/배때지 (명사) 배때기 : ‘배’를 속되게 이르는 말.
배머리 (명사) 나루.
배몰미 (명사) 배멀미.
배미 (명사) 뱀.
배미딸 (명사) 뱀딸기.
배북 (감탄사) 음식을 다 먹거나 많이 먹어 배가 불룩하게 북같이 둥글게 된 어린아이의 배나 그 배를 지르며 놀리는 소리.
배불떼이/배불레이 (명사) 배불뚱이.
배비다 (동사) 뱌비다 : 두 물체를 맞대어 가볍게 문지르다.
배비대다 (동사) 뱌비대다 : 두 물체를 맞대어 잇따라 가볍게 마구 문지르다.
배상 (명사) 옛날에, 결혼, 회갑연 따위에 축하하러 온 손님에게 내던 음식상(床).
배선개 (명사) 뱃삯.
배슬리다/배시리다 (동사) 아기를 배서 낳을 때까지 뱃속에서 기르다.",사투리,한국어,,2021-12-10 00:00:00,저작물양도계약서,진주시청,,,,제1유형,저작물,보호저작물,○,상업적이용가능,○,○,○,○,○,○,○,,2091-12-10 00:00:00,,
39,오디오,가이드/안내/정보,진주시청,진주시청,HOME > 진주소개 > 기본현황 > 진주 사투리 사전 > ㅂ,배쏙짓 ~ 베개홑창/베게홑치,"배쏙짓 (명사) 배냇짓 : 간난아이가 자면서 웃거나 눈, 코, 입 따위를 쫑긋거리는 짓.
배암재이/배앰쟁이 (명사) 뱀장어.
배애나다 (동사) 부아나다.
배애미 (명사) 뱀.
배애지 (명사) 배때기.
배올 (명사) 베올 : 베의 올.
배잡다 (형용사) 배좁다. 비좁다.
배접다 (형용사) 배좁다. 비좁다.
배지/배때지 (명사) 배때기.
배지통 (명사) ‘배’를 속되게 이르는 말.
배 째다 (관용어) 
1. 배꼽을 쥐다 : 크게 웃다. ¶ 글마 그거 이야기를 얼마나 잘 하는지 배 째겄더라. 
2. 배짱을 부리다. ¶ 저거 집에 안 가고 배 째라 쿠고 들눕었네.
배차 (명사) 배추.
배차꼬레이 (명사) 배추의 뿌리.
배차짐치 (명사) 배추김치.
배찻속 (명사) 배추고갱이.
배창수 (명사) 창자.
배창수 곧치다 (관용어) 창자가 곧추설 정도로 우습다.
배총 (명사) 배꼽.
배추재이 문서 (관용어) 배추장수의 문서. 제대로 정리되어 있지 않아 엉망인 문서.
백보지 (명사) 밴대보지 : 음모(陰毛)가 나지 않은 어른의 보지.
백빌탕/백필탕 (명사) 백비탕(白沸湯) : 아무 것도 넣지 않고 맹탕으로 끓인 물.
백새 (명사) 백사(白蛇) : 몸이 흰 뱀.
백시리떡 (명사) 백설기.
백여시 (명사) 백여우 : 요사스러운 여자를 속되게 욕하여 이르는 말. 
¶ 백여시(=백여우) 겉다(=같다). / 백여시(=백여우)한테 홀리다.
백이다 (동사) 박이다 : 손바닥 발바닥 따위에 굳은살이 생기다.
백재갈 겉다 (관용어) 하얀 자갈 같다는 뜻으로, 자갈이 많이 깔려 있는 땅처럼 사람이 많음을 비유적으로 이르는 말.
백파중하고 논다 (관용어) 만사를 제쳐두고 놀다.
백히:다① (동사) 박히다.
백↑히다② (동사) 박다 : 인쇄물에 글자, 그림, 사진을 찍다.
뱃가 (명사) 나룻가.
뱃꾸녕 (명사) 배꼽. 
뱃살이 접치다 (관용어) ‘뱃살이 접히다.’는 뜻으로, 배가 홀쭉할 정도로 몹시 허기짐을 비유적으로 이르는 말.
뱃질 (명사) 뱃길.
버거리 (명사) 버구미.
버구다 (동사) 겨루다.
버기미 (명사) 버캐 : 액체 속에 들었던 소금기가 엉겨 생긴 찌꺼기.
버껌/버꿈/버끔 (명사) 거품.
버끔내기/버끔내이 (명사) 겨끔내기 : 서로 번갈아 하기.
버두 (명사) 개머루.
버둥개치다 (동사) 버둥질하다.
버들강세이 (명사) 버들강아지.
버들개비 (명사) 버들개지.
버들나무 (명사) 버드나무.
버뜩 (부사) 퍼뜩.
버러지기/버러지이 (명사) 버르장이 : 버릇을 구어적으로 이르는 말.
버르재기/버르재이/버르쟁이 (명사) 버르장이
버릇대이/버릇댕이 (명사) 버르장이.
버리다 (동사) (돈을) 벌다. ¶ 돈 버리기 심 들제.(=돈 벌기 힘 들지.) 
버버리/버부리 (명사) 벙어리.
버버리장갑/버부리장갑 (명사) 벙어리장갑.
버리묵다 (동사) 벌어먹다.
버리장머리 (명사) 버르장머리 : ‘버릇’을 속되게 이르는 말.
버무리 (명사) 범벅 : 곡식 가루를 된풀처럼 쑨 음식. 늙은 호박이나 콩, 팥, 쑥 따위를 푹 삶은 다음 거기에 곡식 가루를 넣어 쑨다.
버부리 (명사) 벙어리.
버부리장갑 (명사) 벙어리장갑.
버섭 (명사) 버섯.
버섯 (명사) 버짐.
버실버실 (부사) 버슬버슬 : 덩이진 가루 따위가 물기가 말라 쉽게 부스러지는 모양. 
¶ 밀가리 반죽에 물이 모자라 가리가 버실버실 떨어진다.(=밀가루 반죽에 물이 모자라서 가루가 버슬버슬 떨어진다.) 
버어/버여 (부사) 벌써. ¶ 버어 왔네? / 버여 10년이 흘렀구나.
버어지다① (동사) 벗어지다. 벗겨지다. 
1. 덮이거나 씌워진 물건이 흘러내리거나 떨어져 나가다. 
2. 누명이나 죄 따위가 없어지다. 3. 머리카락이나 몸의 털 따위가 빠지다.
버어지다② (동사) (구름이) 걷히다.
버지기/버지이 (명사) 버치 : 자배기보다 조금 길고 아가리가 벌어진 큰 오지그릇. 
버투다 (동사) 버티다.
버틀 (명사) 풍채 : 드러나 보이는 사람의 겉모양. ¶ 글마 그거 버틀은 좋네.
버틀이다 (동사) 풍채가 있다.
버팅개 (명사) 버팀대.
벅수넘다 (동사) 재주넘다 : 몸을 공중에 날려 위아래로 휘돌리다.
벅썩기리다 (동사) 벅신거리다. 북적거리다.
번갈라 (부사) 번갈아.
번걸징 (명사) 번갈증(煩渴症) : 지나치게 목말라하며 물을 많이 마시는 증상.
번네이로 (부사) 번갈아서.
번차로 (부사) 번차례로, 교대로.
번치다 (동사) 번지다.
번퍽시럽다 (형용사) 번폐스럽다 : 보기에 번거롭고 폐가 되는 데가 있다.
벌게/벌게이/벌기 (명사) 벌레.
벌거이 (부사) 벌겋게. ¶ 부끄러버 얼굴이 벌거이 뎄다.(=부끄러워 얼굴이 벌겋게 됐다.) 
벌거지 (명사) 벌레.
벌겋거로 (부사) 벌겋게.
벌눈 (명사) 개씨바리 : 환한 곳에서는 눈을 뜨기가 힘들 정도로 눈이 부시고 눈에 핏발이 서며 눈곱이 끼는 눈병을 속되게 이르는 말.
벌따이/뻘따이 (명사) 뻘때추니 : 어려워함이 없이 제멋대로 짤짤거리며 쏘다니는 계집아이.
벌떠꿍벌떠꿍 (부사) 벌컥벌컥.
벌럭벌럭 (부사) 벌렁벌렁.
벌럼 (부사) 덜렁 : 침착하지 못하고 가볍게 행동하는 모양.
벌럼벌럼 (부사) 벌름벌름. 
벌로 (부사) 건성으로. 함부로. 허투루.
벌말 (명사) 잘 헤아려보지도 아니하고 무턱대고 마구 하는 말.
벌서로/벌시로 (부사) 벌써.
벌소리 (명사) 잘 모르면서 무턱대고 마구 하는 소리.
벌시다 (동사) 벌리다.
벌쭘하다/뻘쭘하다 (형용사) 버름하다 : 
1. 마음이 서로 맞지 않아 사이가 뜨다.
2. 물건의 틈이 꼭 맞지 않고 조금 벌어져 있다.
벌춤 (명사) 벌침 : 벌의 몸 끝에 달린 침. 
벌치/벌치이 (명사) 철이 덜 든 사람을 낮잡아 이르는 말.
법짜 (명사) 벙어리.
벗거지/벗거지이 (명사) 대머리.
벗거지다 (동사) 벗겨지다 : 머리털이 빠져 맨살이 드러나게 되다. 
¶ 벗거진 이마.(=벗겨진 이마), 머리가 벗거졌다.(=머리가 벗겨졌다)
벗어제치다 (동사) 벗어 젖히다.
베개홑창/베게홑치 (명사) 배갯잇.",2021-12-10 00:00:00,97,미부착,제1유형,무,,배쏙짓 ~ 베개홑창/베게홑치,,어문,음성,"배쏙짓 (명사) 배냇짓 : 간난아이가 자면서 웃거나 눈, 코, 입 따위를 쫑긋거리는 짓.
배암재이/배앰쟁이 (명사) 뱀장어.
배애나다 (동사) 부아나다.
배애미 (명사) 뱀.
배애지 (명사) 배때기.
배올 (명사) 베올 : 베의 올.
배잡다 (형용사) 배좁다. 비좁다.
배접다 (형용사) 배좁다. 비좁다.
배지/배때지 (명사) 배때기.
배지통 (명사) ‘배’를 속되게 이르는 말.
배 째다 (관용어) 
1. 배꼽을 쥐다 : 크게 웃다. ¶ 글마 그거 이야기를 얼마나 잘 하는지 배 째겄더라. 
2. 배짱을 부리다. ¶ 저거 집에 안 가고 배 째라 쿠고 들눕었네.
배차 (명사) 배추.
배차꼬레이 (명사) 배추의 뿌리.
배차짐치 (명사) 배추김치.
배찻속 (명사) 배추고갱이.
배창수 (명사) 창자.
배창수 곧치다 (관용어) 창자가 곧추설 정도로 우습다.
배총 (명사) 배꼽.
배추재이 문서 (관용어) 배추장수의 문서. 제대로 정리되어 있지 않아 엉망인 문서.
백보지 (명사) 밴대보지 : 음모(陰毛)가 나지 않은 어른의 보지.
백빌탕/백필탕 (명사) 백비탕(白沸湯) : 아무 것도 넣지 않고 맹탕으로 끓인 물.
백새 (명사) 백사(白蛇) : 몸이 흰 뱀.
백시리떡 (명사) 백설기.
백여시 (명사) 백여우 : 요사스러운 여자를 속되게 욕하여 이르는 말. 
¶ 백여시(=백여우) 겉다(=같다). / 백여시(=백여우)한테 홀리다.
백이다 (동사) 박이다 : 손바닥 발바닥 따위에 굳은살이 생기다.
백재갈 겉다 (관용어) 하얀 자갈 같다는 뜻으로, 자갈이 많이 깔려 있는 땅처럼 사람이 많음을 비유적으로 이르는 말.
백파중하고 논다 (관용어) 만사를 제쳐두고 놀다.
백히:다① (동사) 박히다.
백↑히다② (동사) 박다 : 인쇄물에 글자, 그림, 사진을 찍다.
뱃가 (명사) 나룻가.
뱃꾸녕 (명사) 배꼽. 
뱃살이 접치다 (관용어) ‘뱃살이 접히다.’는 뜻으로, 배가 홀쭉할 정도로 몹시 허기짐을 비유적으로 이르는 말.
뱃질 (명사) 뱃길.
버거리 (명사) 버구미.
버구다 (동사) 겨루다.
버기미 (명사) 버캐 : 액체 속에 들었던 소금기가 엉겨 생긴 찌꺼기.
버껌/버꿈/버끔 (명사) 거품.
버끔내기/버끔내이 (명사) 겨끔내기 : 서로 번갈아 하기.
버두 (명사) 개머루.
버둥개치다 (동사) 버둥질하다.
버들강세이 (명사) 버들강아지.
버들개비 (명사) 버들개지.
버들나무 (명사) 버드나무.
버뜩 (부사) 퍼뜩.
버러지기/버러지이 (명사) 버르장이 : 버릇을 구어적으로 이르는 말.
버르재기/버르재이/버르쟁이 (명사) 버르장이
버릇대이/버릇댕이 (명사) 버르장이.
버리다 (동사) (돈을) 벌다. ¶ 돈 버리기 심 들제.(=돈 벌기 힘 들지.) 
버버리/버부리 (명사) 벙어리.
버버리장갑/버부리장갑 (명사) 벙어리장갑.
버리묵다 (동사) 벌어먹다.
버리장머리 (명사) 버르장머리 : ‘버릇’을 속되게 이르는 말.
버무리 (명사) 범벅 : 곡식 가루를 된풀처럼 쑨 음식. 늙은 호박이나 콩, 팥, 쑥 따위를 푹 삶은 다음 거기에 곡식 가루를 넣어 쑨다.
버부리 (명사) 벙어리.
버부리장갑 (명사) 벙어리장갑.
버섭 (명사) 버섯.
버섯 (명사) 버짐.
버실버실 (부사) 버슬버슬 : 덩이진 가루 따위가 물기가 말라 쉽게 부스러지는 모양. 
¶ 밀가리 반죽에 물이 모자라 가리가 버실버실 떨어진다.(=밀가루 반죽에 물이 모자라서 가루가 버슬버슬 떨어진다.) 
버어/버여 (부사) 벌써. ¶ 버어 왔네? / 버여 10년이 흘렀구나.
버어지다① (동사) 벗어지다. 벗겨지다. 
1. 덮이거나 씌워진 물건이 흘러내리거나 떨어져 나가다. 
2. 누명이나 죄 따위가 없어지다. 3. 머리카락이나 몸의 털 따위가 빠지다.
버어지다② (동사) (구름이) 걷히다.
버지기/버지이 (명사) 버치 : 자배기보다 조금 길고 아가리가 벌어진 큰 오지그릇. 
버투다 (동사) 버티다.
버틀 (명사) 풍채 : 드러나 보이는 사람의 겉모양. ¶ 글마 그거 버틀은 좋네.
버틀이다 (동사) 풍채가 있다.
버팅개 (명사) 버팀대.
벅수넘다 (동사) 재주넘다 : 몸을 공중에 날려 위아래로 휘돌리다.
벅썩기리다 (동사) 벅신거리다. 북적거리다.
번갈라 (부사) 번갈아.
번걸징 (명사) 번갈증(煩渴症) : 지나치게 목말라하며 물을 많이 마시는 증상.
번네이로 (부사) 번갈아서.
번차로 (부사) 번차례로, 교대로.
번치다 (동사) 번지다.
번퍽시럽다 (형용사) 번폐스럽다 : 보기에 번거롭고 폐가 되는 데가 있다.
벌게/벌게이/벌기 (명사) 벌레.
벌거이 (부사) 벌겋게. ¶ 부끄러버 얼굴이 벌거이 뎄다.(=부끄러워 얼굴이 벌겋게 됐다.) 
벌거지 (명사) 벌레.
벌겋거로 (부사) 벌겋게.
벌눈 (명사) 개씨바리 : 환한 곳에서는 눈을 뜨기가 힘들 정도로 눈이 부시고 눈에 핏발이 서며 눈곱이 끼는 눈병을 속되게 이르는 말.
벌따이/뻘따이 (명사) 뻘때추니 : 어려워함이 없이 제멋대로 짤짤거리며 쏘다니는 계집아이.
벌떠꿍벌떠꿍 (부사) 벌컥벌컥.
벌럭벌럭 (부사) 벌렁벌렁.
벌럼 (부사) 덜렁 : 침착하지 못하고 가볍게 행동하는 모양.
벌럼벌럼 (부사) 벌름벌름. 
벌로 (부사) 건성으로. 함부로. 허투루.
벌말 (명사) 잘 헤아려보지도 아니하고 무턱대고 마구 하는 말.
벌서로/벌시로 (부사) 벌써.
벌소리 (명사) 잘 모르면서 무턱대고 마구 하는 소리.
벌시다 (동사) 벌리다.
벌쭘하다/뻘쭘하다 (형용사) 버름하다 : 
1. 마음이 서로 맞지 않아 사이가 뜨다.
2. 물건의 틈이 꼭 맞지 않고 조금 벌어져 있다.
벌춤 (명사) 벌침 : 벌의 몸 끝에 달린 침. 
벌치/벌치이 (명사) 철이 덜 든 사람을 낮잡아 이르는 말.
법짜 (명사) 벙어리.
벗거지/벗거지이 (명사) 대머리.
벗거지다 (동사) 벗겨지다 : 머리털이 빠져 맨살이 드러나게 되다. 
¶ 벗거진 이마.(=벗겨진 이마), 머리가 벗거졌다.(=머리가 벗겨졌다)
벗어제치다 (동사) 벗어 젖히다.
베개홑창/베게홑치 (명사) 배갯잇.",사투리,한국어,,2021-12-10 00:00:00,저작물양도계약서,진주시청,,,,제1유형,저작물,보호저작물,○,상업적이용가능,○,○,○,○,○,○,○,,2091-12-10 00:00:00,,
40,오디오,가이드/안내/정보,진주시청,진주시청,HOME > 진주소개 > 기본현황 > 진주 사투리 사전 > ㅂ,베기싫다 ~ 보조기,"베기싫다 (형용사) 보기싫다.
베기좋다 (형용사) 보기좋다.
베느리/베늘 (명사) 볏가리.
베라벨 (관형사) 별의별 : 보통과 다른 갖가지의. 별별.
베락 (명사) 벼락.
베락재물 (명사) 양잿물.
베랑① (명사)(부사) 별로, 별반. ¶ 할 말이 베랑 없다.(=할 말이 별로 없다.)
베랑② (명사) 벼랑 : 낭떠러지의 험하고 가파른 언덕.
베럭/베룩 (명사) 벼룩.
베렁박[--빡]/베럭박 (명사) 바람벽 : 방이나 칸살의 옆을 둘러막은 둘레의 벽.
베루 (명사) 벼루.
베루다① (동사) 벼리다 : 무디어진 연장의 날을 불에 달구어 두드려서 날카롭게 만들다.
베루다② (동사) 벼르다 : 어떤 일을 이루려고 마음속으로 준비를 단단히 하고 기회를 엿보다.
베릇 (명사) 볏 : 보습 위에 비스듬하게 덧댄 쇳조각. 보습으로갈아 넘기는 흙을 받아 한쪽으로 떨어지게 한다.
베리 (명사) 벼랑. ¶ 디베리(=뒷벼랑), 새베리(=동쪽 벼랑).
베리다 (동사) 버리다. 못쓰게 만들다.
베무이 (부사) 어련히.
베에묵다/베묵다 (동사) 베어먹다.
베미/비미 (부사) 어련히. 
베신 (명사) 운동화.
베실① (명사) 벼슬.
베실② (명사) 볏 : 닭이나 새 따위의 이마 위에 세로로 붙은 살 조각.
베실③ (명사) 손님마마 : ‘천연두’를 일상적으로 이르는 말.
베이 (명사) 병(甁).
-베이 접미 - 배기. -뱅이 ¶ 진짜베이(=진짜배기) / 장돌베이(=장돌뱅이).
베이다 (동사) 보이다.
베쪼가리 (명사) 헝겊.
벤소 (명사) 변소.
벳기지다 (동사) 벗겨지다.
벤두머리 (명사) 변두통(邊頭痛) : 편두통.
벨 (명사) 별.
벨나다 (형용사) 별나다.
벨놈 (명사) 별놈. 
벨 놈의 꼬라지 다 보겄네 (속담) ‘별 놈의 꼴 다 보겠네.’란 말로, 생김새, 성질, 언행 따위가 별난 사람이 하는 일을 두고 이르는 말.
벨로 (부사) 별로.
벨시럽다 (형용사) 별스럽다.
벨시리 (부사) 별스레.
벨안간 (명사) 별안간.
벨쭉시럽다 (형용사) 별쭝스럽다 : 말이나 하는 짓이 아주 별스러운 데가 있다.
벳기다 (동사) 벗기다.
벳기지다 (동사) 벗겨지다.
벵모 (명사) 빙모(聘母). 장모. 
벵장 (명사) 빙장(聘丈). 장인.
벹 (명사) 볕.
벼리 (명사) [어원 : 별 > 벼리, 별앙 >＊벼랑] ¶ 디벼리/디비리(=뒷벼랑), 새벼리/새비리(=동쪽 벼랑).
보골 (명사) 허파.
보골나다 (동사) 골나다 : 비위에 거슬리거나 마음이 언짢아서 성이 나다.
보골보골 (부사) 부글부글.
보골 채우다 (관용어) 부아를 돋우다. ¶ 가만이 있는 사람 보골 채우지 마라.(=가만히 있는 사람 부아 돋우지 마라.)
보꾼 (부사) 꽉 : 힘을 주어 누르거나 잡거나 묶는 모양. ¶ 보꾼 묶어라.(=힘 주어 꽉 묶어라.)
보니 (명사) 보늬 : 밤이나 도토리 따위의 속껍질.
보담 (조사) 보다.
보담시/보도시/뽀도시 (부사) 겨우. ¶ 시험에 보도시(=겨우) 합격했다. / 무겁어 보도시 들어올맀다.(=무거워 겨우 들어올렸다.)
보돌보돌하다 (형용사) 보들보들하다.
보돌티리다 (동사) 넘어뜨리다.
보돔다/보둠다 (동사) 보듬다. 안다.
보돔기다/보돔키다 (동사) 안기다.
보디 (명사) 바디 : 베틀, 가마니틀, 방직기 따위에 딸린 기구의 하나. 베를 짜는 구실을 한다.
보디집 (명사) 바디집 : 바디를 끼우는 테. 
보라지 (명사) 볼 : 뺨을 낮잡아 이르는 말.
보란드키 (부사) 보아란 듯이.
보람 (감탄사) 보렴. 보려무나.
보래 (감탄사) 1. 보기를 권하거나 청할 때 내는 소리. 2. 아내를 부르는 말.
보램 (명사) 보람.
보롬 (명사) 보름.
보리까시레이 (명사) 보리까끄라기.
보리다 (동사) 바르다 : 풀칠한 종이나 헝겊 따위를 다른 물건의 표면에 고루 붙이다.
보리동갑 (명사) 한 살 차이의 동갑.
보리동생 (명사) 아우 : 같은 부모에게서 태어난 바로 손아랫사람을 이르는 말.
보리딩기/보릿딩기 (명사) 보릿겨.
보리똥 (명사) 보리수(菩提樹) 나무 열매.
보리똥나무 (명사) 보리수(菩提樹)나무.
보리문디이 (명사) 보리문둥이 : 경상도 출신의 사람을 낮잡아 이르는 말.
보리쌀 끼릴 때 (관용어) 곱삶이를 짓기 위해서는 보리쌀을 두 번 끓여 삶아야 하기 때문에 해거름에 짓는다는 뜻으로, 해질녘을 비유적으로 이르는 말.
보리짜리 꾸다 논 겉다 (속담) ‘보릿자루 꾸어다 놓은 것 같다.’는 말로, 여럿이 모여 이야기하는 자리에서 아무 말도 하지 않고 한옆에 가만히 있는 사람을 비유적으로 이르는 말.
보리짜리 (명사) 보릿자루 : 보리를 넣은 자루.
보릿대모자 (명사) 밀짚모자.
보릿대무디이 (명사) 보릿대 무더기.
보릿대벙거지 (명사) 밀짚모자.
보릿딩기 (명사) 보릿겨.
보릿제 (명사) 보릿겨.
보선/보손 (명사) 버선.
보소 (감탄사) 여보 : 낯선 사람 또는 부부가 서로 부르는 소리.
보수다 (동사) 부수다.
보수통 (명사) 보추 : (주로 ‘없다’와 함께 쓰여) 진취성이나 내뛰는 성질.
보수통머리 (명사) 보추때기. ‘보추’를 속되게 이르는 말.
보수통머리 없다 (관용어) 융통성이 없다.
보시다 (형용사) (눈이) 부시다.
보시이 (명사) 보시기.
보실보실 (부사) 보슬보슬.
보실비 (명사) 보슬비.
보십 (명사) 보습 : 땅을 갈아 흙덩이를 일으키는 데 쓰는 농기구. 삽 모양의 쇳조각으로 쟁기나 극젱이의 술바닥에 맞추어 끼운다.
보앟다 (형용사) 보얗다.
보아이/보아커로 (부사) 보얗게.
보이 (부사) 보니. ¶ 오랜만에 영화를 보이 기분이 좋네.
보재기/보재이① (명사) 보자기 : 잠수 작업을 전문으로 하는 사람. ¶ 보재기들이 전복을 캐 내고 있네. 
보재이② (명사) 보조개. 볼우물. 
보조기 (명사) 보조개. 볼우물.",2021-12-10 00:00:00,98,미부착,제1유형,무,,베기싫다 ~ 보조기,,어문,음성,"베기싫다 (형용사) 보기싫다.
베기좋다 (형용사) 보기좋다.
베느리/베늘 (명사) 볏가리.
베라벨 (관형사) 별의별 : 보통과 다른 갖가지의. 별별.
베락 (명사) 벼락.
베락재물 (명사) 양잿물.
베랑① (명사)(부사) 별로, 별반. ¶ 할 말이 베랑 없다.(=할 말이 별로 없다.)
베랑② (명사) 벼랑 : 낭떠러지의 험하고 가파른 언덕.
베럭/베룩 (명사) 벼룩.
베렁박[--빡]/베럭박 (명사) 바람벽 : 방이나 칸살의 옆을 둘러막은 둘레의 벽.
베루 (명사) 벼루.
베루다① (동사) 벼리다 : 무디어진 연장의 날을 불에 달구어 두드려서 날카롭게 만들다.
베루다② (동사) 벼르다 : 어떤 일을 이루려고 마음속으로 준비를 단단히 하고 기회를 엿보다.
베릇 (명사) 볏 : 보습 위에 비스듬하게 덧댄 쇳조각. 보습으로갈아 넘기는 흙을 받아 한쪽으로 떨어지게 한다.
베리 (명사) 벼랑. ¶ 디베리(=뒷벼랑), 새베리(=동쪽 벼랑).
베리다 (동사) 버리다. 못쓰게 만들다.
베무이 (부사) 어련히.
베에묵다/베묵다 (동사) 베어먹다.
베미/비미 (부사) 어련히. 
베신 (명사) 운동화.
베실① (명사) 벼슬.
베실② (명사) 볏 : 닭이나 새 따위의 이마 위에 세로로 붙은 살 조각.
베실③ (명사) 손님마마 : ‘천연두’를 일상적으로 이르는 말.
베이 (명사) 병(甁).
-베이 접미 - 배기. -뱅이 ¶ 진짜베이(=진짜배기) / 장돌베이(=장돌뱅이).
베이다 (동사) 보이다.
베쪼가리 (명사) 헝겊.
벤소 (명사) 변소.
벳기지다 (동사) 벗겨지다.
벤두머리 (명사) 변두통(邊頭痛) : 편두통.
벨 (명사) 별.
벨나다 (형용사) 별나다.
벨놈 (명사) 별놈. 
벨 놈의 꼬라지 다 보겄네 (속담) ‘별 놈의 꼴 다 보겠네.’란 말로, 생김새, 성질, 언행 따위가 별난 사람이 하는 일을 두고 이르는 말.
벨로 (부사) 별로.
벨시럽다 (형용사) 별스럽다.
벨시리 (부사) 별스레.
벨안간 (명사) 별안간.
벨쭉시럽다 (형용사) 별쭝스럽다 : 말이나 하는 짓이 아주 별스러운 데가 있다.
벳기다 (동사) 벗기다.
벳기지다 (동사) 벗겨지다.
벵모 (명사) 빙모(聘母). 장모. 
벵장 (명사) 빙장(聘丈). 장인.
벹 (명사) 볕.
벼리 (명사) [어원 : 별 > 벼리, 별앙 >＊벼랑] ¶ 디벼리/디비리(=뒷벼랑), 새벼리/새비리(=동쪽 벼랑).
보골 (명사) 허파.
보골나다 (동사) 골나다 : 비위에 거슬리거나 마음이 언짢아서 성이 나다.
보골보골 (부사) 부글부글.
보골 채우다 (관용어) 부아를 돋우다. ¶ 가만이 있는 사람 보골 채우지 마라.(=가만히 있는 사람 부아 돋우지 마라.)
보꾼 (부사) 꽉 : 힘을 주어 누르거나 잡거나 묶는 모양. ¶ 보꾼 묶어라.(=힘 주어 꽉 묶어라.)
보니 (명사) 보늬 : 밤이나 도토리 따위의 속껍질.
보담 (조사) 보다.
보담시/보도시/뽀도시 (부사) 겨우. ¶ 시험에 보도시(=겨우) 합격했다. / 무겁어 보도시 들어올맀다.(=무거워 겨우 들어올렸다.)
보돌보돌하다 (형용사) 보들보들하다.
보돌티리다 (동사) 넘어뜨리다.
보돔다/보둠다 (동사) 보듬다. 안다.
보돔기다/보돔키다 (동사) 안기다.
보디 (명사) 바디 : 베틀, 가마니틀, 방직기 따위에 딸린 기구의 하나. 베를 짜는 구실을 한다.
보디집 (명사) 바디집 : 바디를 끼우는 테. 
보라지 (명사) 볼 : 뺨을 낮잡아 이르는 말.
보란드키 (부사) 보아란 듯이.
보람 (감탄사) 보렴. 보려무나.
보래 (감탄사) 1. 보기를 권하거나 청할 때 내는 소리. 2. 아내를 부르는 말.
보램 (명사) 보람.
보롬 (명사) 보름.
보리까시레이 (명사) 보리까끄라기.
보리다 (동사) 바르다 : 풀칠한 종이나 헝겊 따위를 다른 물건의 표면에 고루 붙이다.
보리동갑 (명사) 한 살 차이의 동갑.
보리동생 (명사) 아우 : 같은 부모에게서 태어난 바로 손아랫사람을 이르는 말.
보리딩기/보릿딩기 (명사) 보릿겨.
보리똥 (명사) 보리수(菩提樹) 나무 열매.
보리똥나무 (명사) 보리수(菩提樹)나무.
보리문디이 (명사) 보리문둥이 : 경상도 출신의 사람을 낮잡아 이르는 말.
보리쌀 끼릴 때 (관용어) 곱삶이를 짓기 위해서는 보리쌀을 두 번 끓여 삶아야 하기 때문에 해거름에 짓는다는 뜻으로, 해질녘을 비유적으로 이르는 말.
보리짜리 꾸다 논 겉다 (속담) ‘보릿자루 꾸어다 놓은 것 같다.’는 말로, 여럿이 모여 이야기하는 자리에서 아무 말도 하지 않고 한옆에 가만히 있는 사람을 비유적으로 이르는 말.
보리짜리 (명사) 보릿자루 : 보리를 넣은 자루.
보릿대모자 (명사) 밀짚모자.
보릿대무디이 (명사) 보릿대 무더기.
보릿대벙거지 (명사) 밀짚모자.
보릿딩기 (명사) 보릿겨.
보릿제 (명사) 보릿겨.
보선/보손 (명사) 버선.
보소 (감탄사) 여보 : 낯선 사람 또는 부부가 서로 부르는 소리.
보수다 (동사) 부수다.
보수통 (명사) 보추 : (주로 ‘없다’와 함께 쓰여) 진취성이나 내뛰는 성질.
보수통머리 (명사) 보추때기. ‘보추’를 속되게 이르는 말.
보수통머리 없다 (관용어) 융통성이 없다.
보시다 (형용사) (눈이) 부시다.
보시이 (명사) 보시기.
보실보실 (부사) 보슬보슬.
보실비 (명사) 보슬비.
보십 (명사) 보습 : 땅을 갈아 흙덩이를 일으키는 데 쓰는 농기구. 삽 모양의 쇳조각으로 쟁기나 극젱이의 술바닥에 맞추어 끼운다.
보앟다 (형용사) 보얗다.
보아이/보아커로 (부사) 보얗게.
보이 (부사) 보니. ¶ 오랜만에 영화를 보이 기분이 좋네.
보재기/보재이① (명사) 보자기 : 잠수 작업을 전문으로 하는 사람. ¶ 보재기들이 전복을 캐 내고 있네. 
보재이② (명사) 보조개. 볼우물. 
보조기 (명사) 보조개. 볼우물.",사투리,한국어,,2021-12-10 00:00:00,저작물양도계약서,진주시청,,,,제1유형,저작물,보호저작물,○,상업적이용가능,○,○,○,○,○,○,○,,2091-12-10 00:00:00,,
41,오디오,가이드/안내/정보,진주시청,진주시청,HOME > 진주소개 > 기본현황 > 진주 사투리 사전 > ㅂ,보족/보죽 ~ 부랑하다,"보족/보죽 (명사) 쐐기 : 물건의 틈을 박아서 사개가 물러나지 못하게 하거나 물건들의 사이를 벌리는 데 쓰는 물건.
보족/보죽을 치다 (관용어) 쐐기를 박다는 뜻으로, 뒤탈이 없도록 미리 단단히 다짐하는 것을 이르는 말. 
보지란 (명사) 부지런.
보지란ㅎ다 (형용사) 부지런하다.
보짱① (명사) 봇장. 들보.
보짱② (명사) 배짱.
보치눗다 (동사) 보채어 눕다.
보치다① (동사) 메치다.
보치다② (동사) 보채다.
보타붙다 (형용사) 물기가 없을 정도로 바짝 졸아 붙다.
보탄/보탕 (명사) 모탕 : 나무를 패거나 자를 때 받쳐 놓은 나무 토막.
보탄지침 (명사) 밭은기침 : 병이나 버릇으로 소리도 크지 아니하고 힘도 그다지 들이지 않으며 자주 하는 기침. 마른기침.
보탕국 (명사) 탕(湯) : 제사에 쓰는, 건더기가 많고 국물이 적은 국. 
-보테이 접미 -보 : (몇몇 명사. 동사, 형용사 어근 뒤에 붙어) 특성, 특징을 지닌 사람이란 뜻을 더하는 접미사. 
¶ 잠보테이(=잠보), 쌈보테이(=싸움보), 심술보테이(=심술보). 게이보테이(=고깃보).
보통내이 (명사) 보통내기. 여간내기 : 만만하게 여길 만큼 평범한 사람. 
¶ 보통내이가 아이다.(=보통내기가 아니다.)
보티리다 (동사) 내뜨리다 : 물건을 들어 사정없이 힘껏 던져 버리다.
보티이/보팅이 (명사) 보퉁이 : 물건을 보에 싸서 꾸려 놓은 것.
보푸레이 (명사) 보푸라기 : 종이, 헝겊 등의 거죽에서 일어나는 가는 털.
보핳다 (형용사) 보얗다.
복닥하다 (형용사) 발그스름하다.
복닥하이 (부사) 발그스름하게
복숭 (명사) 복숭아.
복숭씨 (명사) 1. 봉숭아의 씨 2. 복사뼈.
복실복실 (부사) 복슬복슬.
복실강새이/복실강생이 (명사) 복슬강아지.
복재이 (명사) 복어 : 참복과의 바닷물고기를 통틀어 이르는 말.
복조래 (명사) 복조리.
복짝기리다 (동사) 북적거리다.
복짝복짝 (부사) 북적북적.
복통에 빠지다 (관용어) 복이 터지다.
볶아 젲히다 (관용어) ‘볶아 젖히다’의 사투리로 몹시 급하게 몰아치는 것을 이르는 말.
본대 (명사) 본디 : 사물이 전해 내려 온 처음.
본대부터 (부사) 본디부터.
본동만동 (부사) 본체만체 : 보고도 아니 본 듯이.
본동만동하다 (동사) 본체만체하다.
본디↑① (명사) 완두콩.
본디② (명사) 본데 : 보아서 배운 범절이나 솜씨 또는 지식.
본디없다 (형용사) 본데없다 : 보고 배운 것이 없다. 행동이 예의범절에 어긋나는 데가 있다.
본때이 (명사) 본때 : 1. 본보기가 될 만한 사물의 됨됨이. 2. 맵시나 모양새. 
본때이로 비↑주다 (관용어) : ‘본때를 보여주다’는 말로, 잘못을 다시는 저지르지 아니하거나 교훈이 되도록 따끔한 맛을 보이다. 
¶ 글마한테 본때이로 비 조라.(=그 놈에게 본때를 보여 줘라.) 
본살 (명사) 본새 : 어떤 물건의 본디의 생김새.
본살겉이 (부사) 본새같이.
본치없다 (형용사) 남의 눈에 띄는 태도나 겉모양이 본래의 생각과 다르다.
본토백이 (명사) 본토박이.
볼가내다 (동사) 발라내다.
볼구다 (동사) 바르다 : 뼈다귀에 붙은 살을 걷거나 생선의 가시를 추려 내다. 
¶ 소갈비에 붙어 있는 고기를 볼가 내었다. / 조구에 있는 뻬를 볼갔다.
볼가묵다 (동사) 발라먹다.
볼가옇다 (동사) 발려넣다.
볼가티리다 (동사) ‘밝혀내다’를 속되게 이르는 말.
볼구짝 (명사) 볼기. 볼기짝.
볼끼없다 (준말) 볼 것이 없다. 구경거리가 없다.
볼딱서니 (명사) 볼따구니.
볼때기/볼때이/볼탱이/볼태기/볼티이 (명사) 볼따구니 : ‘볼’을 속    되게 이르는 말
볼똥 (명사) 보리수나무 열매
볼라씨다 (동사) (모자를) 발라 쓰다.
볼리다 (동사) 발리다. ¶ 벽에 시멘트가 볼려(=발려) 있다 / 창호지가 볼려(=발려) 있다.
볼린 소리 (관용어) (진정이 담기지 않은) 건성으로 하는 말.
볼시로 (부사) 벌써.
볼쌍사납다 (형용사) 볼썽사납다.
볼쌀 (명사) 보리쌀.
볼 장 다 밨다 (속담) 장보기를 마쳤다는 뜻으로, 추진하던 일이 중도에 끝났음을 이르는 말.
볼쩨이 (명사) 볼때기.
볼촉시리 (부사) 별스럽게, 별나게
볼충 (명사) 벌충 : 손실이나 모자라는 것을 보태어 채움.
볼치 (명사) 볼거리 : ‘유행성 이하선염’을 한방에서 이르는 말.
볼그무리하다 (형용사) 불그무레하다.
볽다 (형용사) 밝다.
볽아내다 (동사) 발라내다.
볽히다 (동사) 밝히다.
볿다 (동사) 밟다.
볿히다 (동사) 밟히다.
봇돌 (명사) 봉돌. 낚싯봉.
봉개 (명사) 주로 잔치가 끝난 뒤 남은 음식을 싸 주는 종이 또는 그 음식.
봉다리 (명사) 봉지.
봉덕각씨 (명사) 복스럽게 생겨 덕성스러운 데가 있는 여인을 이르는 말.
봉새 (명사) 봉사. 시각장애인.
봍다 (동사) 물이 말라서 없어지다.
부 (명사) 곁들여 생기는 수입. ¶ 쎄 빠지게 일해 조도 부가 없네.(=혀 빠지게 일해 줘도 곁들여 생기는 돈이 없네.)
부골답다 (형용사) 부골스럽다. : 골격의 생김새가 부자다운 데가 있다.
부끼미 (명사) 부꾸미.
부나살이 (명사) 불어나는 성질. ¶ 보기는 저래도 부나살이 있다.(=보기는 저래도 불어나는 성질이 있다.)
부닥방마이/부닥방매이 (명사) 도깨비 방망이 : 도깨비들이 가지고 노는 신통한 방망이.
부대 (부사) 부디 : ‘바라건대’, ‘꼭’, ‘아무쪼록’의 뜻으로, 남에게 청하거나 부탁할 때 바라는 마음이 간절함을 나타내는 말.
부들다 (동사) 더 많이 달라고 하다. ¶ 저 사람은 암만 부들어도 더 안 준대이.(=저 사람은 아무리 더 달라고 해도 더 안 준다.) 
부들티리다 (동사) (짐을) 내던지듯 부리다.
부떠막 (명사) 부뚜막.
부떡 (명사) 부뚜막.
부뚝질 (명사) 부뚜질 : 곡식에 섞인 티끌, 쭉정이, 검부러기를 날려 없애려고 부뚜를 흔들어서 바람을 일으키는 일. 풍석질.
부라묵다 (동사) (물에) 불려먹다.
부락떼이/부룩떼이 (명사) 부사리. 부룩소.
부란당 (명사) 불한당(不汗黨) : 떼를 지어 돌아다니며 재물을 마구 빼앗거나, 남 괴롭히는 것을 일삼는 파렴치한 사람들의 무리.
부랑하다 (형용사) 불량(不良)하다. 성질이 우락부락하다.",2021-12-10 00:00:00,92,미부착,제1유형,무,,보족/보죽 ~ 부랑하다,,어문,음성,"보족/보죽 (명사) 쐐기 : 물건의 틈을 박아서 사개가 물러나지 못하게 하거나 물건들의 사이를 벌리는 데 쓰는 물건.
보족/보죽을 치다 (관용어) 쐐기를 박다는 뜻으로, 뒤탈이 없도록 미리 단단히 다짐하는 것을 이르는 말. 
보지란 (명사) 부지런.
보지란ㅎ다 (형용사) 부지런하다.
보짱① (명사) 봇장. 들보.
보짱② (명사) 배짱.
보치눗다 (동사) 보채어 눕다.
보치다① (동사) 메치다.
보치다② (동사) 보채다.
보타붙다 (형용사) 물기가 없을 정도로 바짝 졸아 붙다.
보탄/보탕 (명사) 모탕 : 나무를 패거나 자를 때 받쳐 놓은 나무 토막.
보탄지침 (명사) 밭은기침 : 병이나 버릇으로 소리도 크지 아니하고 힘도 그다지 들이지 않으며 자주 하는 기침. 마른기침.
보탕국 (명사) 탕(湯) : 제사에 쓰는, 건더기가 많고 국물이 적은 국. 
-보테이 접미 -보 : (몇몇 명사. 동사, 형용사 어근 뒤에 붙어) 특성, 특징을 지닌 사람이란 뜻을 더하는 접미사. 
¶ 잠보테이(=잠보), 쌈보테이(=싸움보), 심술보테이(=심술보). 게이보테이(=고깃보).
보통내이 (명사) 보통내기. 여간내기 : 만만하게 여길 만큼 평범한 사람. 
¶ 보통내이가 아이다.(=보통내기가 아니다.)
보티리다 (동사) 내뜨리다 : 물건을 들어 사정없이 힘껏 던져 버리다.
보티이/보팅이 (명사) 보퉁이 : 물건을 보에 싸서 꾸려 놓은 것.
보푸레이 (명사) 보푸라기 : 종이, 헝겊 등의 거죽에서 일어나는 가는 털.
보핳다 (형용사) 보얗다.
복닥하다 (형용사) 발그스름하다.
복닥하이 (부사) 발그스름하게
복숭 (명사) 복숭아.
복숭씨 (명사) 1. 봉숭아의 씨 2. 복사뼈.
복실복실 (부사) 복슬복슬.
복실강새이/복실강생이 (명사) 복슬강아지.
복재이 (명사) 복어 : 참복과의 바닷물고기를 통틀어 이르는 말.
복조래 (명사) 복조리.
복짝기리다 (동사) 북적거리다.
복짝복짝 (부사) 북적북적.
복통에 빠지다 (관용어) 복이 터지다.
볶아 젲히다 (관용어) ‘볶아 젖히다’의 사투리로 몹시 급하게 몰아치는 것을 이르는 말.
본대 (명사) 본디 : 사물이 전해 내려 온 처음.
본대부터 (부사) 본디부터.
본동만동 (부사) 본체만체 : 보고도 아니 본 듯이.
본동만동하다 (동사) 본체만체하다.
본디↑① (명사) 완두콩.
본디② (명사) 본데 : 보아서 배운 범절이나 솜씨 또는 지식.
본디없다 (형용사) 본데없다 : 보고 배운 것이 없다. 행동이 예의범절에 어긋나는 데가 있다.
본때이 (명사) 본때 : 1. 본보기가 될 만한 사물의 됨됨이. 2. 맵시나 모양새. 
본때이로 비↑주다 (관용어) : ‘본때를 보여주다’는 말로, 잘못을 다시는 저지르지 아니하거나 교훈이 되도록 따끔한 맛을 보이다. 
¶ 글마한테 본때이로 비 조라.(=그 놈에게 본때를 보여 줘라.) 
본살 (명사) 본새 : 어떤 물건의 본디의 생김새.
본살겉이 (부사) 본새같이.
본치없다 (형용사) 남의 눈에 띄는 태도나 겉모양이 본래의 생각과 다르다.
본토백이 (명사) 본토박이.
볼가내다 (동사) 발라내다.
볼구다 (동사) 바르다 : 뼈다귀에 붙은 살을 걷거나 생선의 가시를 추려 내다. 
¶ 소갈비에 붙어 있는 고기를 볼가 내었다. / 조구에 있는 뻬를 볼갔다.
볼가묵다 (동사) 발라먹다.
볼가옇다 (동사) 발려넣다.
볼가티리다 (동사) ‘밝혀내다’를 속되게 이르는 말.
볼구짝 (명사) 볼기. 볼기짝.
볼끼없다 (준말) 볼 것이 없다. 구경거리가 없다.
볼딱서니 (명사) 볼따구니.
볼때기/볼때이/볼탱이/볼태기/볼티이 (명사) 볼따구니 : ‘볼’을 속    되게 이르는 말
볼똥 (명사) 보리수나무 열매
볼라씨다 (동사) (모자를) 발라 쓰다.
볼리다 (동사) 발리다. ¶ 벽에 시멘트가 볼려(=발려) 있다 / 창호지가 볼려(=발려) 있다.
볼린 소리 (관용어) (진정이 담기지 않은) 건성으로 하는 말.
볼시로 (부사) 벌써.
볼쌍사납다 (형용사) 볼썽사납다.
볼쌀 (명사) 보리쌀.
볼 장 다 밨다 (속담) 장보기를 마쳤다는 뜻으로, 추진하던 일이 중도에 끝났음을 이르는 말.
볼쩨이 (명사) 볼때기.
볼촉시리 (부사) 별스럽게, 별나게
볼충 (명사) 벌충 : 손실이나 모자라는 것을 보태어 채움.
볼치 (명사) 볼거리 : ‘유행성 이하선염’을 한방에서 이르는 말.
볼그무리하다 (형용사) 불그무레하다.
볽다 (형용사) 밝다.
볽아내다 (동사) 발라내다.
볽히다 (동사) 밝히다.
볿다 (동사) 밟다.
볿히다 (동사) 밟히다.
봇돌 (명사) 봉돌. 낚싯봉.
봉개 (명사) 주로 잔치가 끝난 뒤 남은 음식을 싸 주는 종이 또는 그 음식.
봉다리 (명사) 봉지.
봉덕각씨 (명사) 복스럽게 생겨 덕성스러운 데가 있는 여인을 이르는 말.
봉새 (명사) 봉사. 시각장애인.
봍다 (동사) 물이 말라서 없어지다.
부 (명사) 곁들여 생기는 수입. ¶ 쎄 빠지게 일해 조도 부가 없네.(=혀 빠지게 일해 줘도 곁들여 생기는 돈이 없네.)
부골답다 (형용사) 부골스럽다. : 골격의 생김새가 부자다운 데가 있다.
부끼미 (명사) 부꾸미.
부나살이 (명사) 불어나는 성질. ¶ 보기는 저래도 부나살이 있다.(=보기는 저래도 불어나는 성질이 있다.)
부닥방마이/부닥방매이 (명사) 도깨비 방망이 : 도깨비들이 가지고 노는 신통한 방망이.
부대 (부사) 부디 : ‘바라건대’, ‘꼭’, ‘아무쪼록’의 뜻으로, 남에게 청하거나 부탁할 때 바라는 마음이 간절함을 나타내는 말.
부들다 (동사) 더 많이 달라고 하다. ¶ 저 사람은 암만 부들어도 더 안 준대이.(=저 사람은 아무리 더 달라고 해도 더 안 준다.) 
부들티리다 (동사) (짐을) 내던지듯 부리다.
부떠막 (명사) 부뚜막.
부떡 (명사) 부뚜막.
부뚝질 (명사) 부뚜질 : 곡식에 섞인 티끌, 쭉정이, 검부러기를 날려 없애려고 부뚜를 흔들어서 바람을 일으키는 일. 풍석질.
부라묵다 (동사) (물에) 불려먹다.
부락떼이/부룩떼이 (명사) 부사리. 부룩소.
부란당 (명사) 불한당(不汗黨) : 떼를 지어 돌아다니며 재물을 마구 빼앗거나, 남 괴롭히는 것을 일삼는 파렴치한 사람들의 무리.
부랑하다 (형용사) 불량(不良)하다. 성질이 우락부락하다.",사투리,한국어,,2021-12-10 00:00:00,저작물양도계약서,진주시청,,,,제1유형,저작물,보호저작물,○,상업적이용가능,○,○,○,○,○,○,○,,2091-12-10 00:00:00,,
42,오디오,가이드/안내/정보,진주시청,진주시청,HOME > 진주소개 > 기본현황 > 진주 사투리 사전 > ㅂ,부래로 ~ 불키다,"부래로 (부사) 일부러.
부로 (부사) 부러 : 실없이 거짓으로 일부러.
부루다 (동사) (짐을) 부리다. 내리다.
부루뜨다 (동사) 부릅뜨다.
부루루 (부사) 부르르.
부리기/부리이 (명사) 부사리 : 머리로 잘 받는 버릇이 있는 황소.
부리내키 (부사) 부리나케.
부리다 (동사) 부르다.
부리씨다 (동사) (눈을) 부릅뜨다.
부리키다 (동사) 부르트다.
부살 (명사) 덧 : 상처 따위를 잘못 다루어 상태가 더 나빠진 현상.
부살하다 (동사) 덧나다.
부상놈 (명사) 불상놈.
부샛돌 (명사) 부싯돌.
부석 (명사) 아궁이.
부석강새이 (명사) 아궁이를 맴도는 강아지.
부석강새이 겉다 (관용어) 아궁이를 맴도는 강아지처럼 그을음에 그을린 몰골로 지저분한 데가 있는 사람을 이르는 말. 
¶ 꼴이 부석강세이 겉다.(=꼴이 아궁이에서 자고 나온 것처럼 지저분하다.)
부석문/정지문 (명사) 부엌문.
부석방/정지방 (명사) 부엌방 : 부엌에 딸린 조그마한 방.
부석아구지 (명사) 아궁이.
부석칼 (명사) 부엌칼.
부세 (명사) 부시 : 부싯돌을 쳐서 불이 일어나게 하는 쇳조각.
부셋돌 (명사) 부싯돌.
부숙부숙 (부사) 부석부석 : 살이 핏기가 없이 부어오른 모양.
부숙하다 (형용사) 부석하다 : 살이 핏기가 없이 부어오른 듯하다.
부시까레이 (명사) 부젓가락.
부시럭 (부사) 부스럭.
부시럭부시럭 (부사) 부스럭부스럭.
부시럼 (명사) 부스럼.
부시럼 따까리 (명사) 부스럼 딱지.
부시럼 따까리 살 안 된다 (속담) 이미 잘못된 것이 다시 좋아질 수 없음을 비유적으로 이르는 말.
부신테하다 (형용사) 부어 있는 듯하다.
부실부실 (부사) 보슬보슬.
부애 (명사) 부아 : 노엽거나 분한 마음.
부애나다 (동사) 부아나다.
부애통 (명사) ‘부아’를 속되게 이르는 말.
부앳짐 (명사) 부앗김 : 분한 마음이 일어나는 김.
부엥이 (명사) 부엉이.
부우 (명사) 부기(浮氣) : 부증으로 인해 부은 상태.
부우바 (감탄사) 어부바 : 아기를 업을 때 내는 소리.
부이잡다 (동사) 부여잡다.
부작대기/부작대이 (명사) 부지깽이.
부재 (명사) 부자(富者).
부접이 붙다 (관용어) 다투어 싸움이 붙다. ‘부접(附接) 못하다’의 반대말.
부젯가락[--까-] (명사) 부젓가락.
부주 (명사) 부조(扶助).
부줏돈 (명사) 부조금(扶助金).
부지란ㅎ다 (형용사) 부지런하다.
부체 (명사) 부처 : 1. ‘석가모니’의 다른 말. 2. 불상(佛像)
부체 따라가다 질로 잊이 삤다 (속담) ‘부처 따라 가다 길을 잃어버렸다.’는 말인데, 부처같이 착한 사람 말만 듣다가는 일이 제대로 되지 않는다는 말.
부치개/부침이 (명사) 부침개, 지짐이.
부태 (명사) 부티 : 부유하게 보이는 모습이나 태도.
부태나다 (형용사) 부티나다.
부텀 (조사) 부터.
부티리다 (동사) 팽개치다.
부푸다 (형용사) 부풀다. 부프다.
부풋하다 (형용사) 부풋부풋하다 : 
1. 실속은 없이 매우 엉성하게 큰 모양. 
2. 언행이 과장되다. 
부헣다 (형용사) 부옇다. 뿌옇다.
북데이/북디/북디이 (명사) 북데기 : 짚이나 풀 따위가 함부로 뒤섞여서 엉클어진 뭉텅이.
북살/북새 (명사) 노을. ¶ 아적북새(=아침노을). 저녁북새(=저녁노을). 
북장겉다 (형용사) 북처럼 배가 부른 모양.
분 (명사) 번(番) : 일을 차례로 나타내는 말, 또는 일의 횟수를 세는 단위. 
¶ 한 분(=한 번). 두 분(=두 번).
분답다 (형용사) 분잡하다.
분답시럽다 (형용사) 분잡스럽다.
분질 (명사) 분결 : 분(粉)의 곱고 부드러운 결.
분질겉다 (형용사) 분결같다 : 살결이 희고 곱다.
분채 (명사) 번째. ¶ 두 분채, 시 분채.
분탕지이다 (동사) 분탕질하다.
불 (명사) 벌 : 옷을 세는 단위. 옷이나 그릇 따위가 두 개 또는 여러 개 모여 갖추는 덩어리를 세는 단위. 
¶ 바지저구리 한 불.(=바지저고리 한 벌.)
불각기 (명사) 불각시(不覺時).
불각시리 (부사) 갑작스레.
불게기 (명사) 불고기.
불게이① (명사) 새끼를 배지 못하는 가축의 암컷.
불게이② (명사) 불고기.
불까래 (명사) 부삽.
불깨미 (명사) 불개미.
불껀 (부사) 불끈.
불께이 (명사) ‘불알’을 속되게 이르는 말.
불꾹새 (명사) 뻐꾸기. 
불내키 (부사) 부리나케.
불노락질 (명사) 불장난.
불돋우개 (명사) 심돋우개.
불뜨께이/불뜨껭이 (명사) 부등가리 : 아궁이에 불을 담아내어 옮길 때 부삽 대신에 쓰는 도구. 흔히 오지그릇이나 질그릇의 깨진 조각으로 만들어 쓴다.
불매 (명사) 풀무 : 불을 피울 때 바람을 일으키는 기구.
불매깐 (명사) 대장간.
불매불매 (감탄사) 부라부라 : 어린 아이에게 몸을 좌우로 흔들며 두 다리를 번갈아 오르내리도록 하라는 뜻으로 내는 소리.
불받침 (명사) 다리쇠 : 주전자나 냄비 따위를 화로 위에 올려놓을 때 걸치는 기구.
불버하다 (동사) 부러워하다.
불불 (부사) 벌벌 ¶ 아:가 불불 기댕기네.
불살개 (명사) 불쏘시개.
불손 (명사) 부삽.
불써다 (동사) 불 켜다.
불씸지 (명사) 심지 : 등잔, 남포등, 초 따위에 불을 붙이기 위하여 꼬아서 꽂은 실오라기나 헝겊.
불여시 (명사) 불여우 : 몹시 변덕스럽고 못된, 꾀가 많은 여자를 비유적으로 이르는 말.
불우다 (동사) 1. 부풀리다. ¶ 아: 간마 불아가 큰일났네. 
2.(살림을) 불리다. ¶ 새 며늘아가 살림을 마이 불았네. 
2. 물에 불리다. ¶ 나무를 물에 불우기가 십잖네.
불융거리/불융구리 (명사) 불잉걸 : 불이 이글이글 핀 숯덩이.
불젓가락 (명사) 부젓가락.
불짐 (명사) 불김.
불찌개[--깨] (명사) 부젓가락.
불칼 (명사) 번개. 
불키다 (동사) 부르트다. ¶ 손발이 불키도록 열심히 일했다.(=손발이 부르트도록 열심히 일했다.)",2021-12-10 00:00:00,101,미부착,제1유형,무,,부래로 ~ 불키다,,어문,음성,"부래로 (부사) 일부러.
부로 (부사) 부러 : 실없이 거짓으로 일부러.
부루다 (동사) (짐을) 부리다. 내리다.
부루뜨다 (동사) 부릅뜨다.
부루루 (부사) 부르르.
부리기/부리이 (명사) 부사리 : 머리로 잘 받는 버릇이 있는 황소.
부리내키 (부사) 부리나케.
부리다 (동사) 부르다.
부리씨다 (동사) (눈을) 부릅뜨다.
부리키다 (동사) 부르트다.
부살 (명사) 덧 : 상처 따위를 잘못 다루어 상태가 더 나빠진 현상.
부살하다 (동사) 덧나다.
부상놈 (명사) 불상놈.
부샛돌 (명사) 부싯돌.
부석 (명사) 아궁이.
부석강새이 (명사) 아궁이를 맴도는 강아지.
부석강새이 겉다 (관용어) 아궁이를 맴도는 강아지처럼 그을음에 그을린 몰골로 지저분한 데가 있는 사람을 이르는 말. 
¶ 꼴이 부석강세이 겉다.(=꼴이 아궁이에서 자고 나온 것처럼 지저분하다.)
부석문/정지문 (명사) 부엌문.
부석방/정지방 (명사) 부엌방 : 부엌에 딸린 조그마한 방.
부석아구지 (명사) 아궁이.
부석칼 (명사) 부엌칼.
부세 (명사) 부시 : 부싯돌을 쳐서 불이 일어나게 하는 쇳조각.
부셋돌 (명사) 부싯돌.
부숙부숙 (부사) 부석부석 : 살이 핏기가 없이 부어오른 모양.
부숙하다 (형용사) 부석하다 : 살이 핏기가 없이 부어오른 듯하다.
부시까레이 (명사) 부젓가락.
부시럭 (부사) 부스럭.
부시럭부시럭 (부사) 부스럭부스럭.
부시럼 (명사) 부스럼.
부시럼 따까리 (명사) 부스럼 딱지.
부시럼 따까리 살 안 된다 (속담) 이미 잘못된 것이 다시 좋아질 수 없음을 비유적으로 이르는 말.
부신테하다 (형용사) 부어 있는 듯하다.
부실부실 (부사) 보슬보슬.
부애 (명사) 부아 : 노엽거나 분한 마음.
부애나다 (동사) 부아나다.
부애통 (명사) ‘부아’를 속되게 이르는 말.
부앳짐 (명사) 부앗김 : 분한 마음이 일어나는 김.
부엥이 (명사) 부엉이.
부우 (명사) 부기(浮氣) : 부증으로 인해 부은 상태.
부우바 (감탄사) 어부바 : 아기를 업을 때 내는 소리.
부이잡다 (동사) 부여잡다.
부작대기/부작대이 (명사) 부지깽이.
부재 (명사) 부자(富者).
부접이 붙다 (관용어) 다투어 싸움이 붙다. ‘부접(附接) 못하다’의 반대말.
부젯가락[--까-] (명사) 부젓가락.
부주 (명사) 부조(扶助).
부줏돈 (명사) 부조금(扶助金).
부지란ㅎ다 (형용사) 부지런하다.
부체 (명사) 부처 : 1. ‘석가모니’의 다른 말. 2. 불상(佛像)
부체 따라가다 질로 잊이 삤다 (속담) ‘부처 따라 가다 길을 잃어버렸다.’는 말인데, 부처같이 착한 사람 말만 듣다가는 일이 제대로 되지 않는다는 말.
부치개/부침이 (명사) 부침개, 지짐이.
부태 (명사) 부티 : 부유하게 보이는 모습이나 태도.
부태나다 (형용사) 부티나다.
부텀 (조사) 부터.
부티리다 (동사) 팽개치다.
부푸다 (형용사) 부풀다. 부프다.
부풋하다 (형용사) 부풋부풋하다 : 
1. 실속은 없이 매우 엉성하게 큰 모양. 
2. 언행이 과장되다. 
부헣다 (형용사) 부옇다. 뿌옇다.
북데이/북디/북디이 (명사) 북데기 : 짚이나 풀 따위가 함부로 뒤섞여서 엉클어진 뭉텅이.
북살/북새 (명사) 노을. ¶ 아적북새(=아침노을). 저녁북새(=저녁노을). 
북장겉다 (형용사) 북처럼 배가 부른 모양.
분 (명사) 번(番) : 일을 차례로 나타내는 말, 또는 일의 횟수를 세는 단위. 
¶ 한 분(=한 번). 두 분(=두 번).
분답다 (형용사) 분잡하다.
분답시럽다 (형용사) 분잡스럽다.
분질 (명사) 분결 : 분(粉)의 곱고 부드러운 결.
분질겉다 (형용사) 분결같다 : 살결이 희고 곱다.
분채 (명사) 번째. ¶ 두 분채, 시 분채.
분탕지이다 (동사) 분탕질하다.
불 (명사) 벌 : 옷을 세는 단위. 옷이나 그릇 따위가 두 개 또는 여러 개 모여 갖추는 덩어리를 세는 단위. 
¶ 바지저구리 한 불.(=바지저고리 한 벌.)
불각기 (명사) 불각시(不覺時).
불각시리 (부사) 갑작스레.
불게기 (명사) 불고기.
불게이① (명사) 새끼를 배지 못하는 가축의 암컷.
불게이② (명사) 불고기.
불까래 (명사) 부삽.
불깨미 (명사) 불개미.
불껀 (부사) 불끈.
불께이 (명사) ‘불알’을 속되게 이르는 말.
불꾹새 (명사) 뻐꾸기. 
불내키 (부사) 부리나케.
불노락질 (명사) 불장난.
불돋우개 (명사) 심돋우개.
불뜨께이/불뜨껭이 (명사) 부등가리 : 아궁이에 불을 담아내어 옮길 때 부삽 대신에 쓰는 도구. 흔히 오지그릇이나 질그릇의 깨진 조각으로 만들어 쓴다.
불매 (명사) 풀무 : 불을 피울 때 바람을 일으키는 기구.
불매깐 (명사) 대장간.
불매불매 (감탄사) 부라부라 : 어린 아이에게 몸을 좌우로 흔들며 두 다리를 번갈아 오르내리도록 하라는 뜻으로 내는 소리.
불받침 (명사) 다리쇠 : 주전자나 냄비 따위를 화로 위에 올려놓을 때 걸치는 기구.
불버하다 (동사) 부러워하다.
불불 (부사) 벌벌 ¶ 아:가 불불 기댕기네.
불살개 (명사) 불쏘시개.
불손 (명사) 부삽.
불써다 (동사) 불 켜다.
불씸지 (명사) 심지 : 등잔, 남포등, 초 따위에 불을 붙이기 위하여 꼬아서 꽂은 실오라기나 헝겊.
불여시 (명사) 불여우 : 몹시 변덕스럽고 못된, 꾀가 많은 여자를 비유적으로 이르는 말.
불우다 (동사) 1. 부풀리다. ¶ 아: 간마 불아가 큰일났네. 
2.(살림을) 불리다. ¶ 새 며늘아가 살림을 마이 불았네. 
2. 물에 불리다. ¶ 나무를 물에 불우기가 십잖네.
불융거리/불융구리 (명사) 불잉걸 : 불이 이글이글 핀 숯덩이.
불젓가락 (명사) 부젓가락.
불짐 (명사) 불김.
불찌개[--깨] (명사) 부젓가락.
불칼 (명사) 번개. 
불키다 (동사) 부르트다. ¶ 손발이 불키도록 열심히 일했다.(=손발이 부르트도록 열심히 일했다.)",사투리,한국어,,2021-12-10 00:00:00,저작물양도계약서,진주시청,,,,제1유형,저작물,보호저작물,○,상업적이용가능,○,○,○,○,○,○,○,,2091-12-10 00:00:00,,
43,오디오,가이드/안내/정보,진주시청,진주시청,HOME > 진주소개 > 기본현황 > 진주 사투리 사전 > ㅂ,불퉁하다 ~ 빨랫대,"불퉁하다 (형용사) 부루퉁하다.
불티 (명사) 불똥.
붑잖다 (형용사) 부럽지 않다.
붋다 (형용사) (활용 : 붋고[붑꼬], 붋지[붑찌], 붋어도, 붋어서) 부럽다 
¶ 운동 선수가 붋어서 운동을 시작했다.
붓기 (명사) 부은 기운.
붓돌 (명사) 부싯돌.
붕알 (명사) 불알, 고환(睾丸)을 일상적으로 이르는 말.
붕알시계 (명사) 불알시계. ‘추시계’를 속되게 이르는 말.
붕알친구 (명사) 불알친구. 어릴 때 같이 놀면서 친하게 지낸 벗을 이르는 말.
붕애 (명사) 붕어.
비개 (명사) 베개.
비게 (명사) 비계 : 짐승. 특히 돼지의 가죽 안쪽에 두껍게 붙은 허연 기름 조각. 비곗살.
비게덩거리 (명사) 비곗덩어리.
비기미 (명사) 바구미.
비까리 (명사) 가리 : 곡식. 땔나무 따위를 쌓은 더미.
비께가다/비끼가다 (동사) 비켜카다.
비께다/비끼다 (동사) 비키다.
비께서다/비끼서다 (동사) 비켜서다.
비네 (명사) 비녀.
비노 (명사) 비누.
비↑다 (동사) 보이다.
비단가리/비단카리 (명사) 사금파리 : 사기그릇의 깨어진 작은 조각.
비럭 (명사) 벼랑.
비렁내 (명사) 비린내.
비렁밭 (명사) 산비탈에 있는 버려진 밭.
비렁배이 (명사) 비렁뱅이, 배랑뱅이 : ‘거지’를 낮잡아 이르는 말.
비로 (명사) 비료.
비로종우 (명사) 비료푸대종이.
비로서 (부사) 비로소.
비륵 (명사) 벼랑.
비리① (명사) 진딧물.
비리② (명사) 벼랑. ¶ 디비리/디벼리(=뒷벼랑), 새비리/새벼리(=동쪽벼랑).
비리③ (명사) 비루 : 개나 말, 나귀 따위의 피부가 헐고 털이 빠지는 병. ¶ 비리 올랐다.(=비루 올랐다.)
비리재이 (명사) 가난뱅이.
비린박토 (명사) 메마른 땅(농토).
비몰이 (동사) 비를 흠뻑 맞다.
비묻다 (동사) 비가 오려고 구름이 끼다.
비미이 (부사) 어련히.
비빈밥 (명사) 비빔밥.
비스무리하다 (형용사) 비스름하다.
비슥하다/비슴하다 (형용사) 비슷하다.
비시다/비씨다 (동사) ‘벌리다’를 속되게 이르는 말.
비식이 (부사) 비스듬히.
비싸릿대 (명사) 싸리나무.
비알 (명사) 비탈. 
비애 (명사) 부아 : 노엽거나 분한 마음.
비애나다 (동사) 부아나다.
비얄비얄 (부사) 빈둥빈둥. ¶ 비얄비얄(=빈둥빈둥) 자빠져 논다.
비얍새 (명사) 뱁새.
비양기/비앵기 (명사) 비행기.
비양기리다 (동사) 비아냥거리다.
비엽 (명사) 비읍.
비오겉다 (형용사) 비호(飛虎)같다 : 매우 용맹스럽고 날쌔다.
비우 (명사) 비위(脾胃) : 어떤 음식물이나 일에 대하여 먹고 싶거나 하고 싶은 마음.
비우가 넓다/비우 치리하다 비위(脾胃)가 좋다. 아니꼽고 싶은 일에도 잘 견디는 힘이 있다.
비이다① (동사) 보이다.
비이다② (동사) (칼에) 베이다. 
비잡다 (형용사) 비좁다.
비젓하다 (형용사) 비슷하다.
비즘하다 (형용사) 엇비슷하다.
비증비증 (부사) 비등비등.
비지 (명사) 비계. 비곗살.
비지껍디 (명사) 비지껍질 : 살가죽의 겉껍질.
비지미/비짐 (명사) 비듬.
비짝다 (동사) 비꼬다.
비인내/빈내/빌내 (명사) 비린내.
빈대도 콧디(콧등)가 있다 (속담) 지나치게 염치가 없는 사람을 나무라는 말.
빈대머리 (명사) 편두통 : 갑자기 일어나는 발작성 두통. 
빌어묵다 (동사) 빌어먹다. 
빌어물기[---끼](←빌어+무울+것+이) (준말) 빌어먹을 것이.
빗대 (명사) 댑싸리.
빗비이다 (동사) 빗보이다 : 실제와는 다르게 잘못 보이다.
빗자리 (명사) 비 : 먼지나 쓰레기를 쓸어 내는 기구.
빚두루매이 (명사) 빚두루마기 : 빚에 얽매여 헤어날 수 없게 된 사람.
빛감 (명사) 어느 자리에 얼굴만 내미는 일
빛감 안하다 (관용어) 좀체 보이지 않는다.
빛만 비이다 (관용어) 1. 모습만 보이다. 2. 흉내만 내다.
빠가사리 (명사) 동자개 : 동자갯과의 민물고기.
빠꼼 (부사) 빠끔.
빠꼼빠꼼 (명사) 빠끔빠끔.
빠꼼이 (명사) 빠꿈이 : 어떤 특별한 일을 잘 하거나 그 일에 대해 잘 아는 사람을 이르는 말.
빠꼼하다 (형용사) 빠끔하다.
빠끔이 (명사) 빠꿈이.
빠당빠당하다 (형용사) 탱탱하다. 팽팽하다.
빠루 (명사) 노루발장도리.
빠리다 (형용사) 빠르다.
빠리빠리하다 (형용사) 빠릿빠릿하다.
빠마데이/빠마디 (명사) 뺨따귀.
빠수다 (동사) 빻다.
빠:니 (부사) 빤히.
빠알 (명사) 방울 : 1. 작고 둥글게 맺힌 액체 덩어리. 
2. 작고 둥근 액체 덩어리를 세는 단위. ¶ 물 한 빠알(=방울). / 술 한 빠알(=방울).
빠주다 (동사) 빠뜨리다.
빠티리다 (동사) 빠뜨리다.
빡보 (명사) 곰보.
빡세다 (형용사) 뻣세다.
빡조 (명사) 곰보.
빤닥빤닥 (부사) 빤득빤득.
빤대/빤디 (명사) 물수제비 : 둥글고 얄팍한 돌을 물 위로 튀기어 가게 던졌을 때에, 그 튀기는 자리마다 생기는 물결모양.
빤대치다 (동사) 물수제비뜨다.
빤댓돌 (명사) 물수제비를 뜨는 얇고 둥근 조약돌.
빤도롬하다 (형용사) 빤드레하다.
빤작조오/빤작종우 (명사) 셀로판종이. 셀로판지. 은박지.
빤지레이 (명사) 바지락조개.
빨가이 (부사) 빨갛게.
빨갛거로 (부사) 빨갛게.
빨개이 (명사) 빨갱이.
빨띠 (명사) 아름 : 두 팔을 둥글게 모아서 만든 둘레. 또는 그 안에 든 분량. 
¶ 땔나무를 한 빨띠(=아름)안고 정지(=부엌)로 들어갔다.
빨랫대 (명사) 바지랑대.",2021-12-10 00:00:00,108,미부착,제1유형,무,,불퉁하다 ~ 빨랫대,,어문,음성,"불퉁하다 (형용사) 부루퉁하다.
불티 (명사) 불똥.
붑잖다 (형용사) 부럽지 않다.
붋다 (형용사) (활용 : 붋고[붑꼬], 붋지[붑찌], 붋어도, 붋어서) 부럽다 
¶ 운동 선수가 붋어서 운동을 시작했다.
붓기 (명사) 부은 기운.
붓돌 (명사) 부싯돌.
붕알 (명사) 불알, 고환(睾丸)을 일상적으로 이르는 말.
붕알시계 (명사) 불알시계. ‘추시계’를 속되게 이르는 말.
붕알친구 (명사) 불알친구. 어릴 때 같이 놀면서 친하게 지낸 벗을 이르는 말.
붕애 (명사) 붕어.
비개 (명사) 베개.
비게 (명사) 비계 : 짐승. 특히 돼지의 가죽 안쪽에 두껍게 붙은 허연 기름 조각. 비곗살.
비게덩거리 (명사) 비곗덩어리.
비기미 (명사) 바구미.
비까리 (명사) 가리 : 곡식. 땔나무 따위를 쌓은 더미.
비께가다/비끼가다 (동사) 비켜카다.
비께다/비끼다 (동사) 비키다.
비께서다/비끼서다 (동사) 비켜서다.
비네 (명사) 비녀.
비노 (명사) 비누.
비↑다 (동사) 보이다.
비단가리/비단카리 (명사) 사금파리 : 사기그릇의 깨어진 작은 조각.
비럭 (명사) 벼랑.
비렁내 (명사) 비린내.
비렁밭 (명사) 산비탈에 있는 버려진 밭.
비렁배이 (명사) 비렁뱅이, 배랑뱅이 : ‘거지’를 낮잡아 이르는 말.
비로 (명사) 비료.
비로종우 (명사) 비료푸대종이.
비로서 (부사) 비로소.
비륵 (명사) 벼랑.
비리① (명사) 진딧물.
비리② (명사) 벼랑. ¶ 디비리/디벼리(=뒷벼랑), 새비리/새벼리(=동쪽벼랑).
비리③ (명사) 비루 : 개나 말, 나귀 따위의 피부가 헐고 털이 빠지는 병. ¶ 비리 올랐다.(=비루 올랐다.)
비리재이 (명사) 가난뱅이.
비린박토 (명사) 메마른 땅(농토).
비몰이 (동사) 비를 흠뻑 맞다.
비묻다 (동사) 비가 오려고 구름이 끼다.
비미이 (부사) 어련히.
비빈밥 (명사) 비빔밥.
비스무리하다 (형용사) 비스름하다.
비슥하다/비슴하다 (형용사) 비슷하다.
비시다/비씨다 (동사) ‘벌리다’를 속되게 이르는 말.
비식이 (부사) 비스듬히.
비싸릿대 (명사) 싸리나무.
비알 (명사) 비탈. 
비애 (명사) 부아 : 노엽거나 분한 마음.
비애나다 (동사) 부아나다.
비얄비얄 (부사) 빈둥빈둥. ¶ 비얄비얄(=빈둥빈둥) 자빠져 논다.
비얍새 (명사) 뱁새.
비양기/비앵기 (명사) 비행기.
비양기리다 (동사) 비아냥거리다.
비엽 (명사) 비읍.
비오겉다 (형용사) 비호(飛虎)같다 : 매우 용맹스럽고 날쌔다.
비우 (명사) 비위(脾胃) : 어떤 음식물이나 일에 대하여 먹고 싶거나 하고 싶은 마음.
비우가 넓다/비우 치리하다 비위(脾胃)가 좋다. 아니꼽고 싶은 일에도 잘 견디는 힘이 있다.
비이다① (동사) 보이다.
비이다② (동사) (칼에) 베이다. 
비잡다 (형용사) 비좁다.
비젓하다 (형용사) 비슷하다.
비즘하다 (형용사) 엇비슷하다.
비증비증 (부사) 비등비등.
비지 (명사) 비계. 비곗살.
비지껍디 (명사) 비지껍질 : 살가죽의 겉껍질.
비지미/비짐 (명사) 비듬.
비짝다 (동사) 비꼬다.
비인내/빈내/빌내 (명사) 비린내.
빈대도 콧디(콧등)가 있다 (속담) 지나치게 염치가 없는 사람을 나무라는 말.
빈대머리 (명사) 편두통 : 갑자기 일어나는 발작성 두통. 
빌어묵다 (동사) 빌어먹다. 
빌어물기[---끼](←빌어+무울+것+이) (준말) 빌어먹을 것이.
빗대 (명사) 댑싸리.
빗비이다 (동사) 빗보이다 : 실제와는 다르게 잘못 보이다.
빗자리 (명사) 비 : 먼지나 쓰레기를 쓸어 내는 기구.
빚두루매이 (명사) 빚두루마기 : 빚에 얽매여 헤어날 수 없게 된 사람.
빛감 (명사) 어느 자리에 얼굴만 내미는 일
빛감 안하다 (관용어) 좀체 보이지 않는다.
빛만 비이다 (관용어) 1. 모습만 보이다. 2. 흉내만 내다.
빠가사리 (명사) 동자개 : 동자갯과의 민물고기.
빠꼼 (부사) 빠끔.
빠꼼빠꼼 (명사) 빠끔빠끔.
빠꼼이 (명사) 빠꿈이 : 어떤 특별한 일을 잘 하거나 그 일에 대해 잘 아는 사람을 이르는 말.
빠꼼하다 (형용사) 빠끔하다.
빠끔이 (명사) 빠꿈이.
빠당빠당하다 (형용사) 탱탱하다. 팽팽하다.
빠루 (명사) 노루발장도리.
빠리다 (형용사) 빠르다.
빠리빠리하다 (형용사) 빠릿빠릿하다.
빠마데이/빠마디 (명사) 뺨따귀.
빠수다 (동사) 빻다.
빠:니 (부사) 빤히.
빠알 (명사) 방울 : 1. 작고 둥글게 맺힌 액체 덩어리. 
2. 작고 둥근 액체 덩어리를 세는 단위. ¶ 물 한 빠알(=방울). / 술 한 빠알(=방울).
빠주다 (동사) 빠뜨리다.
빠티리다 (동사) 빠뜨리다.
빡보 (명사) 곰보.
빡세다 (형용사) 뻣세다.
빡조 (명사) 곰보.
빤닥빤닥 (부사) 빤득빤득.
빤대/빤디 (명사) 물수제비 : 둥글고 얄팍한 돌을 물 위로 튀기어 가게 던졌을 때에, 그 튀기는 자리마다 생기는 물결모양.
빤대치다 (동사) 물수제비뜨다.
빤댓돌 (명사) 물수제비를 뜨는 얇고 둥근 조약돌.
빤도롬하다 (형용사) 빤드레하다.
빤작조오/빤작종우 (명사) 셀로판종이. 셀로판지. 은박지.
빤지레이 (명사) 바지락조개.
빨가이 (부사) 빨갛게.
빨갛거로 (부사) 빨갛게.
빨개이 (명사) 빨갱이.
빨띠 (명사) 아름 : 두 팔을 둥글게 모아서 만든 둘레. 또는 그 안에 든 분량. 
¶ 땔나무를 한 빨띠(=아름)안고 정지(=부엌)로 들어갔다.
빨랫대 (명사) 바지랑대.",사투리,한국어,,2021-12-10 00:00:00,저작물양도계약서,진주시청,,,,제1유형,저작물,보호저작물,○,상업적이용가능,○,○,○,○,○,○,○,,2091-12-10 00:00:00,,
44,오디오,가이드/안내/정보,진주시청,진주시청,HOME > 진주소개 > 기본현황 > 진주 사투리 사전 > ㅂ,빨뽀리 ~ 뻬가지,"빨뽀리 (명사) 물부리 : 담배를 끼워 피우는 물건.
빨쪼롬하다 (동사) 빨쪽하다.
빨쪼리 (명사) 물부리.
빨쫌하다 (동사) 빨쪽하다.
빰 (명사) 뺨.
빰따구 (명사) 뺨따귀.
빰때이 (명사) 뺨따귀.
빵개 (명사) 물방개.
빵구녕 (명사) 구멍.
빵구녕나다 (형용사) 구멍나다.
빵까재 (명사) 물방개.
빼껄리다 (동사) 빼앗기다.
빼꼼빼꼼 (부사) 빠끔빠끔.
빼꼼히 (부사) 빠끔히.
빼끌다 (동사) 빼앗다.
빼끌리다 (동사) 빼앗기다.
빼끼 (조사) 밖에. ¶ 이거빼끼 없다(=이것밖에 없다.)
빼다 (동사) (잡초를) 뽑다.
빼닥구두 (명사) 뾰족구두 : 뒷굽이 높고 뾰족한 여자 구두.
빼닫이 (명사) 서랍.
빼독하다 (동사) 갑자기 경망스럽게 화를 내다.
빼들빼들 (부사) 뿌둑뿌둑 : 물기가 있는 물건의 거죽이 거의 말라 약간 뻣뻣하게 굳어진 모양.
빼때기/빼때이 (명사) 절간(切干)고구마 : 얇게 썰어서 볕에 말린 고구마.
빼또롬하다 (형용사) 빼뚜름하다. 삐뚜름하다.
빼뚜룸이 (형용사) 삐뚤이 : 마음이나 몸의 한 부분이 바르지 못하고 비뚤어진 사람. 빼뚤이.
빼뜰다 (동사) 빼앗다. 
빼뜰리다 (동사) 빼앗기다.
빼뜰빼뜰 (부사) 삐뚤빼뚤.
빼모리다 (동사) ‘바짝 마르다’는 뜻으로, 재물 따위가 말라 없음을 이르는 말.
빼물다 (동사) 뼈물다 : 무슨 일을 하려고 자꾸 벼르다.
빼박다 (동사) 빼쏘다 : 성격이나 모습이 꼭 닮았다. 빼닮다.
빼부작기리다 (동사) 뱌비작거리다.
빼부작빼부작 (부사) 뱌비작뱌비작.
빼뿌재이/빼뿌쟁이 (명사) 질경이 : 질경잇과의 여러해살이풀. 들이나 길가에서 자라는데, 어린잎은 식용하며 씨는 이뇨제로 쓴다.
빼식이 (부사) 배슥이.
빼식하다 (형용사) 비스듬하다. 배슥하다.
빼알 (명사) 배갈. 고량주.
빼이 (조사) 밖에. 뿐. ¶ 그거빼이 없다.(=그것밖에 없다.)
빼이다① (명사)+(조사) 뿐이다. ¶ 그거빼이다(=그것뿐이다).
빼이다② (동사) 뽑히다. ¶ 소매치기한테 돈지갑을 빼있다.(=소매치기에게 돈지갑을 뽑혔다.)
빼이다③ (동사) 배다 : 스며들거나 스며 나오다.
빼재이 (명사) 자루 : 속에 물건을 담을 수 있도록 헝겊 따위로 길고 크게 만든 주머니.
빼족기리다 (동사) 빼죽거리다.
빼짝 (부사) 바짝.
빼짝 곯다 (연어) 바짝 곯다. ¶ 아:가 못 무우 가 빼짝 곯았다.(=애가 못 먹어서 바짝 곯았다.)
빼짱구 (명사) ‘질경이’를 뜻하는 사투리로 질경이처럼 짓밟힌 것을 비유적으로 이르는 말.
빼짱구 되다 (연어) 질경이처럼 짓밟히다.
빼쪼롬이/빼쪼롬히 (부사) 빼주름히.
빼쫌하다 (형용사) 빼족하다. 빼죽하다.
뺀드그리하다 (형용사) 빤드르르하다.
뺀드럽다 (형용사) 빤드럽다.
뺀지럽다 (형용사) 빤드럽다.
뺄개이 (명사) 빨갱이 : ‘공산주의자’를 속되게 이르는 말.
뺄겋다 (형용사) 빨갛다.
뺏들다 (동사) 빼앗다.
뺑돌리 (부사) 빙둘러. ¶ 뺑돌리(=빙둘러) 앉다.
뺑돌뺑돌 (부사) 뺀질뺀질.
뺑돌이 (명사) 뺀질이 : 몸을 요리조리 빼면서 일을 열심히 하지 아니하는 사람을 낮잡아 이르는 말.
뺑빠꾸 (부사) 뺑뺑 : 일정한 좁은 범위를 요리조리 자꾸 도는 모양.
뺑빠꾸돌다 (동사) 뺑뺑돌다.
뺑빠꾸치다 (동사) 뺑뺑거리다.
뺑빼이 (명사) 맴. 매암 : 제자리에 서서 뱅뱅 도는 장난.
뺑빼이돌다 (동사) 맴돌다 : 제자리에서 몸을 뱅뱅 돌다.
뺑세이 (명사) 뺑소니.
뺑세이치다 (동사) 뺑소니치다.
뻐구다 (동사) 겨루다.
뻐그리다 (동사) (일을) 그르치다. 뻐그러뜨리다.
뻐글티다 (명사) (일을) 그르치다. 뻐그러뜨리다.
뻐꿈뻐꿈 (부사) 뻐끔뻐끔.
뻐꿈이 (부사) 뻐끔히 : 큰 구멍이나 틈 따위가 깊고 뚜렷하게 나 있는 모양. 
뻐꿈하다 (동사) 뻐끔하다 : 1. 입을 크게 벌렸다 우므리며 담배를 빨다. 
2. 물고기 따위가 입을 벌렸다 우므리며 물이나 공기를 들이마시다. 
뻐덩개 (명사) 벋정다리. 뻗정다리.
뻐덩개다리 (명사) 벋정다리. 뻗정다리. 
뻐덩니 (명사) 뻐드렁니.
뻐두룸하다 (형용사) 뻐드름하다. 뻐듬하다.
뻐들뻐들하다 (형용사) 물기가 거의 마르다.
뻐들솔께이 (명사) 물기가 거의 마른 솔가지.
뻐들티놓다 (동사) 뻐드러지게 두다.
뻐들티리다 (동사) 뻐드러지게 하다.
뻐떡하모/삐뜩하모 (부사) 걸핏하면.
뻐럭뻐럭 (부사) 질퍽질퍽.
뻐석하다 (형용사) 버슷하다 : 두 사람의 사이가 서로 잘 어울리지 않는다.
뻐시다 (형용사) 뻐세다 : 뻣뻣하고 거세다.
뻐정다리 (명사) 벋정다리.
뻐투다/뻐티다 (동사) (활용 : 뻐투고, 뻐투지, 뻐투는, 뻐타서, 뻐타라) 버티다. 뻗대다. 
뻔대 (명사) 뻔뻔스러운 사람을 이르는 말.
뻔덕 (명사) 버덩 : 높고 평평하며 나무는 없이 풀만 우거진 거친 들.
뻔디이 (명사) 번데기.
뻔이 (부사) 빤히.
뻗나가다 (동사) 벗나가다 : 성격이나 행동이 비뚤어지다.
뻗나다 (동사) 벋나다 : 옳은 길을 가지 않고 잘못된 길로 나가다.
뻗뻐둠하다 (형용사) 벋버듬하다.
뻘 (명사) 개흙.
뻘겋이 (부사) 뻘겋게.
뻘구덕 (명사) 진구렁 : 질척거리는 진흙 구렁.
뻘구디이 (명사) 진구렁.
뻘따니 (명사) 뻘때추니 : 어려워함이 없이 제멋대로 쏘다니는 계집아이.
뻘똥 (명사) 보리수나무 열매.
뻘룸뻘룸 (부사) 벌름벌름.
뻘룸하다 (동사) 벌름하다.
뻘뻐둠하다 (형용사) 벋버듬하다.
뻬 (동사) 뼈.
뻬가지 (동사) 뼈다귀. 뼈.",2021-12-10 00:00:00,103,미부착,제1유형,무,,빨뽀리 ~ 뻬가지,,어문,음성,"빨뽀리 (명사) 물부리 : 담배를 끼워 피우는 물건.
빨쪼롬하다 (동사) 빨쪽하다.
빨쪼리 (명사) 물부리.
빨쫌하다 (동사) 빨쪽하다.
빰 (명사) 뺨.
빰따구 (명사) 뺨따귀.
빰때이 (명사) 뺨따귀.
빵개 (명사) 물방개.
빵구녕 (명사) 구멍.
빵구녕나다 (형용사) 구멍나다.
빵까재 (명사) 물방개.
빼껄리다 (동사) 빼앗기다.
빼꼼빼꼼 (부사) 빠끔빠끔.
빼꼼히 (부사) 빠끔히.
빼끌다 (동사) 빼앗다.
빼끌리다 (동사) 빼앗기다.
빼끼 (조사) 밖에. ¶ 이거빼끼 없다(=이것밖에 없다.)
빼다 (동사) (잡초를) 뽑다.
빼닥구두 (명사) 뾰족구두 : 뒷굽이 높고 뾰족한 여자 구두.
빼닫이 (명사) 서랍.
빼독하다 (동사) 갑자기 경망스럽게 화를 내다.
빼들빼들 (부사) 뿌둑뿌둑 : 물기가 있는 물건의 거죽이 거의 말라 약간 뻣뻣하게 굳어진 모양.
빼때기/빼때이 (명사) 절간(切干)고구마 : 얇게 썰어서 볕에 말린 고구마.
빼또롬하다 (형용사) 빼뚜름하다. 삐뚜름하다.
빼뚜룸이 (형용사) 삐뚤이 : 마음이나 몸의 한 부분이 바르지 못하고 비뚤어진 사람. 빼뚤이.
빼뜰다 (동사) 빼앗다. 
빼뜰리다 (동사) 빼앗기다.
빼뜰빼뜰 (부사) 삐뚤빼뚤.
빼모리다 (동사) ‘바짝 마르다’는 뜻으로, 재물 따위가 말라 없음을 이르는 말.
빼물다 (동사) 뼈물다 : 무슨 일을 하려고 자꾸 벼르다.
빼박다 (동사) 빼쏘다 : 성격이나 모습이 꼭 닮았다. 빼닮다.
빼부작기리다 (동사) 뱌비작거리다.
빼부작빼부작 (부사) 뱌비작뱌비작.
빼뿌재이/빼뿌쟁이 (명사) 질경이 : 질경잇과의 여러해살이풀. 들이나 길가에서 자라는데, 어린잎은 식용하며 씨는 이뇨제로 쓴다.
빼식이 (부사) 배슥이.
빼식하다 (형용사) 비스듬하다. 배슥하다.
빼알 (명사) 배갈. 고량주.
빼이 (조사) 밖에. 뿐. ¶ 그거빼이 없다.(=그것밖에 없다.)
빼이다① (명사)+(조사) 뿐이다. ¶ 그거빼이다(=그것뿐이다).
빼이다② (동사) 뽑히다. ¶ 소매치기한테 돈지갑을 빼있다.(=소매치기에게 돈지갑을 뽑혔다.)
빼이다③ (동사) 배다 : 스며들거나 스며 나오다.
빼재이 (명사) 자루 : 속에 물건을 담을 수 있도록 헝겊 따위로 길고 크게 만든 주머니.
빼족기리다 (동사) 빼죽거리다.
빼짝 (부사) 바짝.
빼짝 곯다 (연어) 바짝 곯다. ¶ 아:가 못 무우 가 빼짝 곯았다.(=애가 못 먹어서 바짝 곯았다.)
빼짱구 (명사) ‘질경이’를 뜻하는 사투리로 질경이처럼 짓밟힌 것을 비유적으로 이르는 말.
빼짱구 되다 (연어) 질경이처럼 짓밟히다.
빼쪼롬이/빼쪼롬히 (부사) 빼주름히.
빼쫌하다 (형용사) 빼족하다. 빼죽하다.
뺀드그리하다 (형용사) 빤드르르하다.
뺀드럽다 (형용사) 빤드럽다.
뺀지럽다 (형용사) 빤드럽다.
뺄개이 (명사) 빨갱이 : ‘공산주의자’를 속되게 이르는 말.
뺄겋다 (형용사) 빨갛다.
뺏들다 (동사) 빼앗다.
뺑돌리 (부사) 빙둘러. ¶ 뺑돌리(=빙둘러) 앉다.
뺑돌뺑돌 (부사) 뺀질뺀질.
뺑돌이 (명사) 뺀질이 : 몸을 요리조리 빼면서 일을 열심히 하지 아니하는 사람을 낮잡아 이르는 말.
뺑빠꾸 (부사) 뺑뺑 : 일정한 좁은 범위를 요리조리 자꾸 도는 모양.
뺑빠꾸돌다 (동사) 뺑뺑돌다.
뺑빠꾸치다 (동사) 뺑뺑거리다.
뺑빼이 (명사) 맴. 매암 : 제자리에 서서 뱅뱅 도는 장난.
뺑빼이돌다 (동사) 맴돌다 : 제자리에서 몸을 뱅뱅 돌다.
뺑세이 (명사) 뺑소니.
뺑세이치다 (동사) 뺑소니치다.
뻐구다 (동사) 겨루다.
뻐그리다 (동사) (일을) 그르치다. 뻐그러뜨리다.
뻐글티다 (명사) (일을) 그르치다. 뻐그러뜨리다.
뻐꿈뻐꿈 (부사) 뻐끔뻐끔.
뻐꿈이 (부사) 뻐끔히 : 큰 구멍이나 틈 따위가 깊고 뚜렷하게 나 있는 모양. 
뻐꿈하다 (동사) 뻐끔하다 : 1. 입을 크게 벌렸다 우므리며 담배를 빨다. 
2. 물고기 따위가 입을 벌렸다 우므리며 물이나 공기를 들이마시다. 
뻐덩개 (명사) 벋정다리. 뻗정다리.
뻐덩개다리 (명사) 벋정다리. 뻗정다리. 
뻐덩니 (명사) 뻐드렁니.
뻐두룸하다 (형용사) 뻐드름하다. 뻐듬하다.
뻐들뻐들하다 (형용사) 물기가 거의 마르다.
뻐들솔께이 (명사) 물기가 거의 마른 솔가지.
뻐들티놓다 (동사) 뻐드러지게 두다.
뻐들티리다 (동사) 뻐드러지게 하다.
뻐떡하모/삐뜩하모 (부사) 걸핏하면.
뻐럭뻐럭 (부사) 질퍽질퍽.
뻐석하다 (형용사) 버슷하다 : 두 사람의 사이가 서로 잘 어울리지 않는다.
뻐시다 (형용사) 뻐세다 : 뻣뻣하고 거세다.
뻐정다리 (명사) 벋정다리.
뻐투다/뻐티다 (동사) (활용 : 뻐투고, 뻐투지, 뻐투는, 뻐타서, 뻐타라) 버티다. 뻗대다. 
뻔대 (명사) 뻔뻔스러운 사람을 이르는 말.
뻔덕 (명사) 버덩 : 높고 평평하며 나무는 없이 풀만 우거진 거친 들.
뻔디이 (명사) 번데기.
뻔이 (부사) 빤히.
뻗나가다 (동사) 벗나가다 : 성격이나 행동이 비뚤어지다.
뻗나다 (동사) 벋나다 : 옳은 길을 가지 않고 잘못된 길로 나가다.
뻗뻐둠하다 (형용사) 벋버듬하다.
뻘 (명사) 개흙.
뻘겋이 (부사) 뻘겋게.
뻘구덕 (명사) 진구렁 : 질척거리는 진흙 구렁.
뻘구디이 (명사) 진구렁.
뻘따니 (명사) 뻘때추니 : 어려워함이 없이 제멋대로 쏘다니는 계집아이.
뻘똥 (명사) 보리수나무 열매.
뻘룸뻘룸 (부사) 벌름벌름.
뻘룸하다 (동사) 벌름하다.
뻘뻐둠하다 (형용사) 벋버듬하다.
뻬 (동사) 뼈.
뻬가지 (동사) 뼈다귀. 뼈.",사투리,한국어,,2021-12-10 00:00:00,저작물양도계약서,진주시청,,,,제1유형,저작물,보호저작물,○,상업적이용가능,○,○,○,○,○,○,○,,2091-12-10 00:00:00,,
45,오디오,가이드/안내/정보,진주시청,진주시청,HOME > 진주소개 > 기본현황 > 진주 사투리 사전 > ㅂ,뻬까리 ~ 뿍디기/뿍디이,"뻬까리 (동사) 볏가리 : 벼를 베어서 가려 놓거나 볏단을 차곡차곡 쌓은 더미.
뻬끼다 (동사) 베끼다.
뻬다구 (명사) 뼈다귀. 뼈.
뻬물다① (동사) 빼물다 : 1. 밖으로 늘어뜨리고 이로 물다. 
2. 거만하거나 성난 태도로 뾰족하게 내밀다.
뻬물다② (동사) 뼈물다 : 어떤 일을 하기 위하여 단단히 벼르다.
뻭다구 (명사) 뼈다귀.
뼉 (명사) 비역 : 사내끼리 성교하듯이 하는 짓.
뽀개지다 (동사) 빠개지다.
뽀골뽀골 (부사) 뽀글뽀글.
뽀닥뽀닥 (부사) 뻐득뻐득.
뽀도시 (부사) 겨우.
뽀독 (부사) 바싹. ¶ 뽀독 땡기 앉아라.(=바싹 당겨 앉아라.) 
뽀독하다 (형용사) 바특하다 : 조금 적은 듯하다. 빠듯하다.
뽀독하이 (부사) 빠듯이. 빠듯하게.
뽀드락지 (명사) 뾰두라지.
뽀리뽀리하다 (형용사) 빠릿빠릿하다 : 똘똘하고 날래다.
뽀뽓하다 (형용사) 빼빼하다.
뽀사삐다 (동사) 부수어 버리다.
뽀사지다 (동사) 부서지다.
뽀수다 (동사) 부수다. 빻다.
뽀숳다 (동사) 부수다. 빻다.
뽀시락 장난 (관용어) 보스락 장난 : 행동이나 소리를 크게 하지 아니하고 조심스럽게 하는 장난.
뽀시락기리다 (동사) 뽀스락거리다.
뽀시락뽀시락 (부사) 뽀스락뽀스락.
뽀시레기/뽀시레이 (명사) 부스러기. 지스러기.
뽀작 (부사) 바싹. 바짝.
뽀재이 (명사) 보자기.
뽀짝 (부사) 바짝.
뽄 (명사) 본(本) : 1. 모범으로 삼을 만한 대상. 2. 본보기
뽄내다 (동사) 뽐내다 : 의기가 양양하여 우쭐거리다. 자신의 어떠한 능력을 보라는 듯이 자랑하다.
뽄다리/뽄달가지 (명사) ‘멋’을 얕잡아 이르는 말.
뽄다리 없다/뽄달가지 없다 멋을 내고자 하나 겉모양이나 자태가 나지 않는다.
뽄디이 (명사) 번데기.
뽄따다 (동사) 본뜨다. 
뽄때/뽄때이/뽄띠 (명사) 본때 : 본보기가 되거나 내세울 만한 것. 
¶ 그 사람은 뽄때 있는 집안에서 자라났다.
뽄뜨다 (동사) 1. 본받다 : 무엇을 본보기로 삼아 그대로 좇아 하다. ¶ 아:들은 어른들의 행동을 뽄뜨기 마련이다. 
2. 본뜨다 : 이미 있는 대상을 본으로 삼아 그대로 좇아 만들다. ¶ 백제 양식을 뽄떠 만든 석탑.
뽄받다 (동사) 본받다.
뽄베이 (명사) 본보기.
뽄비이다 (동사) 본을 보이다.
뽄재이 (명사) 뽐쟁이 : 분수에 맞지 않게 뽐내는 사람을 얕잡아 이르는 말.
뽄지이다 (동사) 분수에 맞지 않게 뽐을 내다.
뽄찾다 (동사) 뽐내다.
뽈고롬이 (부사) 빠끔히 : 작은 구멍이나 틈 사이로 조금만 보이는 상태로.
뽈금뽈금 (부사) 삐끔삐끔.
뽈다 (동사) 빨다.
뽈똥 (명사) 보리수 열매.
뽈똥나무 (명사) 보리수나무.
뽈띠이/뽈티이 (명사) 볼때기 : ‘볼’을 속되게 이르는 말.
뽈랑뽈랑 (부사) 폴랑폴랑.
뽈래기① (명사) (고무)풍선.
뽈래기②/뽈래이 (명사) 볼락.
뽈리다 (동사) 빨리다.
뽈뽈 (부사) 발발 : 몸을 바닥 가까이 대고 작은 동작으로 기는 모양. 
¶ 얼라가 방바닥을 뽈뽈 기 댕긴다.(=어린애가 방바닥에 발발 기어 다닌다.)
뽈뽈 기다 (관용어) 설설 기다. 발발 기다 : 자신을 비굴하게 낮추어 행동하는 모양을 비유적으로 이르는 말. 설설 기다. 
¶ 부하들 앞에서는 큰소리 치디이 높은 사람 앞에서는 뽈뽈 기는 기 애처롭네. 
뽈뽈 매다 (관용어) 설설 기다.
뽈뽈기리다 (동사) 빨빨거리다 : 바쁘게 여기저기 돌아다니다. ‘발발거리다’보다 센 느낌을 준다. 
¶ 어디를 그렇게 뽈뽈기리고 돌아댕기네? 
뽈찌 (명사) ‘뼘’을 낮잡아 이르는 말. ¶ 한 뽈찌도 안 되는 기 설친다.(=한 뼘도 안 되는 게 설친다.)
뽈치① (명사) 발찌 : 목뒤 머리털이 난 가장자리에 생기는 부스럼.
뽈치② (명사) 볼거리.
뽈치기 (명사) 볼거리.
뽈통하다 (형용사) 뽀로통하다.
뽈하이 (부사) 뽀르르. ¶ 뽈하이 일러바치다.(=뽀르르 일러바치다.)
뽐① (명사) 뼘 : 엄지손가락과 가운뎃손가락을 완전히 펴서 힘껏 벌린 길이.
뽐② (명사) 뺨.
뽐다 (동사) 뼘다 : 뼘으로 물건의 길이를 재다.
뽓돌 (명사) 봉돌. 낚싯봉.
뿌이다 (명사)+(조사) 뿐이다. ¶ 오올 번 돈은 이거뿌이다.(=오늘 번 돈은 이것뿐이다.) / 실컨 일한 기 이거뿌이가?(=실컷 일한 게 이것뿐이냐?)
뿌꾹새 (명사) 뻐꾸기.
뿌꿈자리 (명사) 땅까불 : 암탉이 혼자서 땅바닥에 대고 몸을 비비적거림.
뿌끼 (조사) 밖에. 뿐. ¶ 그뿌끼(=밖에) 없다.
뿌덕뿌덕 (부사) 부득부득. ¶ 안 덴다 캐도 뿌득뿌득 조아 쌓네.(=안 된다고 해도 부득부득 졸라 대네.)
뿌덕뿌덕 조우다 부득부득 조르다.
뿌루다 (동사) 부러뜨리다.
뿌리이/뿌링이 (명사) 뿌리.
뿌사지다 (동사) 부서지다.
뿌석뿌석하다 (형용사) 푸석푸석하다.
뿌수다 (동사) 부수다.
뿌숳다 (동사) (활용 : 뿌숳고, 부숳지, 뿌숳는, 뿌사서, 뿌사라) 부수다.
뿌숙뿌숙 (부사) 부석부석.
뿌숙하다 (형용사) 부석하다.
뿌시기 (부사) 살며시. 부스스.
뿌시럭 (부사) 뿌스럭.
뿌시럭기리다 (동사) 부시럭거리다.
뿌시럭뿌시럭 (부사) 부스럭부스럭.
뿌시레이/뿌시레기 (명사) 부스러기.
뿌시시 (형용사) 부스스.
뿌지띠리다 (동사) 부러뜨리다.
뿌지리다 (동사) 부러뜨리다.
뿌질다 (동사) 부러뜨리다.
뿍대 (명사) 얼굴이 붉은 사람을 이르는 말.
뿍디 (명사) 북데기. 
뿍디기/뿍디이 (명사) 북데기. 검불.",2021-12-10 00:00:00,92,미부착,제1유형,무,,뻬까리 ~ 뿍디기/뿍디이,,어문,음성,"뻬까리 (동사) 볏가리 : 벼를 베어서 가려 놓거나 볏단을 차곡차곡 쌓은 더미.
뻬끼다 (동사) 베끼다.
뻬다구 (명사) 뼈다귀. 뼈.
뻬물다① (동사) 빼물다 : 1. 밖으로 늘어뜨리고 이로 물다. 
2. 거만하거나 성난 태도로 뾰족하게 내밀다.
뻬물다② (동사) 뼈물다 : 어떤 일을 하기 위하여 단단히 벼르다.
뻭다구 (명사) 뼈다귀.
뼉 (명사) 비역 : 사내끼리 성교하듯이 하는 짓.
뽀개지다 (동사) 빠개지다.
뽀골뽀골 (부사) 뽀글뽀글.
뽀닥뽀닥 (부사) 뻐득뻐득.
뽀도시 (부사) 겨우.
뽀독 (부사) 바싹. ¶ 뽀독 땡기 앉아라.(=바싹 당겨 앉아라.) 
뽀독하다 (형용사) 바특하다 : 조금 적은 듯하다. 빠듯하다.
뽀독하이 (부사) 빠듯이. 빠듯하게.
뽀드락지 (명사) 뾰두라지.
뽀리뽀리하다 (형용사) 빠릿빠릿하다 : 똘똘하고 날래다.
뽀뽓하다 (형용사) 빼빼하다.
뽀사삐다 (동사) 부수어 버리다.
뽀사지다 (동사) 부서지다.
뽀수다 (동사) 부수다. 빻다.
뽀숳다 (동사) 부수다. 빻다.
뽀시락 장난 (관용어) 보스락 장난 : 행동이나 소리를 크게 하지 아니하고 조심스럽게 하는 장난.
뽀시락기리다 (동사) 뽀스락거리다.
뽀시락뽀시락 (부사) 뽀스락뽀스락.
뽀시레기/뽀시레이 (명사) 부스러기. 지스러기.
뽀작 (부사) 바싹. 바짝.
뽀재이 (명사) 보자기.
뽀짝 (부사) 바짝.
뽄 (명사) 본(本) : 1. 모범으로 삼을 만한 대상. 2. 본보기
뽄내다 (동사) 뽐내다 : 의기가 양양하여 우쭐거리다. 자신의 어떠한 능력을 보라는 듯이 자랑하다.
뽄다리/뽄달가지 (명사) ‘멋’을 얕잡아 이르는 말.
뽄다리 없다/뽄달가지 없다 멋을 내고자 하나 겉모양이나 자태가 나지 않는다.
뽄디이 (명사) 번데기.
뽄따다 (동사) 본뜨다. 
뽄때/뽄때이/뽄띠 (명사) 본때 : 본보기가 되거나 내세울 만한 것. 
¶ 그 사람은 뽄때 있는 집안에서 자라났다.
뽄뜨다 (동사) 1. 본받다 : 무엇을 본보기로 삼아 그대로 좇아 하다. ¶ 아:들은 어른들의 행동을 뽄뜨기 마련이다. 
2. 본뜨다 : 이미 있는 대상을 본으로 삼아 그대로 좇아 만들다. ¶ 백제 양식을 뽄떠 만든 석탑.
뽄받다 (동사) 본받다.
뽄베이 (명사) 본보기.
뽄비이다 (동사) 본을 보이다.
뽄재이 (명사) 뽐쟁이 : 분수에 맞지 않게 뽐내는 사람을 얕잡아 이르는 말.
뽄지이다 (동사) 분수에 맞지 않게 뽐을 내다.
뽄찾다 (동사) 뽐내다.
뽈고롬이 (부사) 빠끔히 : 작은 구멍이나 틈 사이로 조금만 보이는 상태로.
뽈금뽈금 (부사) 삐끔삐끔.
뽈다 (동사) 빨다.
뽈똥 (명사) 보리수 열매.
뽈똥나무 (명사) 보리수나무.
뽈띠이/뽈티이 (명사) 볼때기 : ‘볼’을 속되게 이르는 말.
뽈랑뽈랑 (부사) 폴랑폴랑.
뽈래기① (명사) (고무)풍선.
뽈래기②/뽈래이 (명사) 볼락.
뽈리다 (동사) 빨리다.
뽈뽈 (부사) 발발 : 몸을 바닥 가까이 대고 작은 동작으로 기는 모양. 
¶ 얼라가 방바닥을 뽈뽈 기 댕긴다.(=어린애가 방바닥에 발발 기어 다닌다.)
뽈뽈 기다 (관용어) 설설 기다. 발발 기다 : 자신을 비굴하게 낮추어 행동하는 모양을 비유적으로 이르는 말. 설설 기다. 
¶ 부하들 앞에서는 큰소리 치디이 높은 사람 앞에서는 뽈뽈 기는 기 애처롭네. 
뽈뽈 매다 (관용어) 설설 기다.
뽈뽈기리다 (동사) 빨빨거리다 : 바쁘게 여기저기 돌아다니다. ‘발발거리다’보다 센 느낌을 준다. 
¶ 어디를 그렇게 뽈뽈기리고 돌아댕기네? 
뽈찌 (명사) ‘뼘’을 낮잡아 이르는 말. ¶ 한 뽈찌도 안 되는 기 설친다.(=한 뼘도 안 되는 게 설친다.)
뽈치① (명사) 발찌 : 목뒤 머리털이 난 가장자리에 생기는 부스럼.
뽈치② (명사) 볼거리.
뽈치기 (명사) 볼거리.
뽈통하다 (형용사) 뽀로통하다.
뽈하이 (부사) 뽀르르. ¶ 뽈하이 일러바치다.(=뽀르르 일러바치다.)
뽐① (명사) 뼘 : 엄지손가락과 가운뎃손가락을 완전히 펴서 힘껏 벌린 길이.
뽐② (명사) 뺨.
뽐다 (동사) 뼘다 : 뼘으로 물건의 길이를 재다.
뽓돌 (명사) 봉돌. 낚싯봉.
뿌이다 (명사)+(조사) 뿐이다. ¶ 오올 번 돈은 이거뿌이다.(=오늘 번 돈은 이것뿐이다.) / 실컨 일한 기 이거뿌이가?(=실컷 일한 게 이것뿐이냐?)
뿌꾹새 (명사) 뻐꾸기.
뿌꿈자리 (명사) 땅까불 : 암탉이 혼자서 땅바닥에 대고 몸을 비비적거림.
뿌끼 (조사) 밖에. 뿐. ¶ 그뿌끼(=밖에) 없다.
뿌덕뿌덕 (부사) 부득부득. ¶ 안 덴다 캐도 뿌득뿌득 조아 쌓네.(=안 된다고 해도 부득부득 졸라 대네.)
뿌덕뿌덕 조우다 부득부득 조르다.
뿌루다 (동사) 부러뜨리다.
뿌리이/뿌링이 (명사) 뿌리.
뿌사지다 (동사) 부서지다.
뿌석뿌석하다 (형용사) 푸석푸석하다.
뿌수다 (동사) 부수다.
뿌숳다 (동사) (활용 : 뿌숳고, 부숳지, 뿌숳는, 뿌사서, 뿌사라) 부수다.
뿌숙뿌숙 (부사) 부석부석.
뿌숙하다 (형용사) 부석하다.
뿌시기 (부사) 살며시. 부스스.
뿌시럭 (부사) 뿌스럭.
뿌시럭기리다 (동사) 부시럭거리다.
뿌시럭뿌시럭 (부사) 부스럭부스럭.
뿌시레이/뿌시레기 (명사) 부스러기.
뿌시시 (형용사) 부스스.
뿌지띠리다 (동사) 부러뜨리다.
뿌지리다 (동사) 부러뜨리다.
뿌질다 (동사) 부러뜨리다.
뿍대 (명사) 얼굴이 붉은 사람을 이르는 말.
뿍디 (명사) 북데기. 
뿍디기/뿍디이 (명사) 북데기. 검불.",사투리,한국어,,2021-12-10 00:00:00,저작물양도계약서,진주시청,,,,제1유형,저작물,보호저작물,○,상업적이용가능,○,○,○,○,○,○,○,,2091-12-10 00:00:00,,
46,오디오,가이드/안내/정보,진주시청,진주시청,HOME > 진주소개 > 기본현황 > 진주 사투리 사전 > ㅂ,뿍살/뿍새 ~ 삣비이다,"뿍살/뿍새 (명사) 노을.
뿐 □ 뻔 : 어떤 일이 자칫 일어날 수 있었으나 그렇게 되지 아니하였다는 뜻을 나타내는 말. 
¶ 까딱하모 질 잃을 뿐 했다.(=자칫하면 길 잃을 뻔 했다.)
뿐지리다/뿐질다 (동사) 부러뜨리다.
뿔꾹새 (명사) 뻐꾸기.
뿔따구/뿔때이 (명사) 뿔. 
뿔따구나다 (동사) ‘화나다’를 속되게 이르는 말.
뿔딱지 (명사) 화(火)딱지 : ‘화’를 속되게 이르는 말.
뿔때이 (명사) 뿔따구 : ‘화’를 비속하게 이르는 말.
뿔뚝성 (명사) 불뚝성 : 갑자기 불끈하고 내는 성.
뿔라지다 (동사) 꺾어지다. 부러지다.
뿔레기 (명사) (고무)풍선.
뿔루다 (동사) 꺾다. 부러뜨리다.
뿔뿔 기다 (관용어) 설설 기다. 벌벌 기다 : 남 앞에서 기가 죽어 행동을 자유로이 못하고 순종만 하다. 벌벌 기다. 
뿔뿔 매다 (관용어) 설설 기다.
뿕다 (형용사) (활용 : 뿕고[뿍고], 뿕거등[뿍거든], 뿕지[뿍지], 뿕은) ‘붉다’의 센말.
삐가리 (명사) 병아리.
삐가리통 (명사) 어리 : 병아리를 가두어 넣고 기르는 우리. 대나 싸리로 채를 엮어 둥글게 만든다.
삐게이 (명사) 병아리.
삐까리 (명사) 볏가리 : 1. 벼를 베어서 가려 놓거나 볏단을 차곡차곡 쌓은 더미. 
2. 대단히 많음. ¶ 이 동네는 국시집이 천지 삐까리네.
삐까리다 (형용사) 아주 많다.
삐꼼재이 (명사) 잘 삐치거나 토라지는 사람을 이르는 말.
삐끌어지다 (동사) 삐뚤어지다.
삐끔타다 (동사) 토라지다.
삐끼다 (동사) 삐치다. 토라지다.
삐다 (동사) (-아/ -어) 버리다. 
¶가삐다, 해삐다, 무우삐다, 죽어삐다, 가삤다, 해삤다, 무우삤다, 죽어삤다. / 그 많던 까자 하매 다 무우삤네. (=그 많던 과자 벌써 다 먹어 버렸네.)
삐대다 (동사) 밟아 어지럽히다.
삐덕하문 (부사) 걸핏하면.
삐들삐들하다 (형용사) 물기가 거의 마르다.
삐들키 (명사) 비둘기.
삐들키너물 (명사) 고들빼기나물.
삐딱구두 (명사) 뾰족구두. 하이힐.
삐때이 (명사) 비탈. ¶ 산삐때이.
삐리다 (동사) 버리다. ¶ 쓰레기통에 내 삐맀다.
삐쁘데이 (명사) 발버둥이. ¶ 삐쁘데이 치고 있네.
삐삐 (명사) 삘기 : 띠의 애순. 
삐석 (부사) 비쩍 : 살가죽이 쭈그러질 정도로 마르거나 여윈 모양. 
¶ 모린 명태겉이 삐석 몰랐다.(=마른 명태같이 비쩍 말랐다).
삐슥하모 (부사) 삐쭉하면. 
삐식이 (부사) 비스듬히.
삐아리 (명사) (산)비탈.
삐알/삐얄 (명사) (산)비탈.
삐오리다/삐우리다 (동사) 벼르다.
삐육삐육 (부사) 삐죽삐죽.
삐재이 (명사) 자루 : 속에 물건을 담을 수 있도록 헝겊 따위로 길고 크게 만든 주머니.
삐조리 (명사) 졸때기 : 지위가 변변하지 못하거나 규모가 크지 못하여 자질구레한 사람을 속되게 이르는 말.
삐지다 (동사) 칼 따위로 물건을 얇고 비스듬하게 자르다.
삐지옇다 (동사) 삐져 넣다. : 칼 따위로 물건을 얇고 비스듬하게 잘라 넣다. 
¶ 짐칫국에 무시를 삐지옇었다(=김칫국에 무를 삐져 넣었다.)
삐짝다 (동사) 비꼬다.
삐쪽새/삐쭉새 (명사) 종다리.
삐쭘 (부사) 삐죽 : 얼굴이나 물건의 모습만 한 번 슬쩍 내밀거나 나타내는 모양. 
¶ 모임에 얼굴만 삐쭘 내밀고 와 삤다.
삐치다 (동사) 비치다.
삣나가다 (동사) 빗나가다 : 성격이나 행동이 비뚤어지다.
삣비이다 (동사) 빗보이다 : 실제를 바로 보지 못하고 어긋나게 잘못 보이다.",2021-12-10 00:00:00,52,미부착,제1유형,무,,뿍살/뿍새 ~ 삣비이다,,어문,음성,"뿍살/뿍새 (명사) 노을.
뿐 □ 뻔 : 어떤 일이 자칫 일어날 수 있었으나 그렇게 되지 아니하였다는 뜻을 나타내는 말. 
¶ 까딱하모 질 잃을 뿐 했다.(=자칫하면 길 잃을 뻔 했다.)
뿐지리다/뿐질다 (동사) 부러뜨리다.
뿔꾹새 (명사) 뻐꾸기.
뿔따구/뿔때이 (명사) 뿔. 
뿔따구나다 (동사) ‘화나다’를 속되게 이르는 말.
뿔딱지 (명사) 화(火)딱지 : ‘화’를 속되게 이르는 말.
뿔때이 (명사) 뿔따구 : ‘화’를 비속하게 이르는 말.
뿔뚝성 (명사) 불뚝성 : 갑자기 불끈하고 내는 성.
뿔라지다 (동사) 꺾어지다. 부러지다.
뿔레기 (명사) (고무)풍선.
뿔루다 (동사) 꺾다. 부러뜨리다.
뿔뿔 기다 (관용어) 설설 기다. 벌벌 기다 : 남 앞에서 기가 죽어 행동을 자유로이 못하고 순종만 하다. 벌벌 기다. 
뿔뿔 매다 (관용어) 설설 기다.
뿕다 (형용사) (활용 : 뿕고[뿍고], 뿕거등[뿍거든], 뿕지[뿍지], 뿕은) ‘붉다’의 센말.
삐가리 (명사) 병아리.
삐가리통 (명사) 어리 : 병아리를 가두어 넣고 기르는 우리. 대나 싸리로 채를 엮어 둥글게 만든다.
삐게이 (명사) 병아리.
삐까리 (명사) 볏가리 : 1. 벼를 베어서 가려 놓거나 볏단을 차곡차곡 쌓은 더미. 
2. 대단히 많음. ¶ 이 동네는 국시집이 천지 삐까리네.
삐까리다 (형용사) 아주 많다.
삐꼼재이 (명사) 잘 삐치거나 토라지는 사람을 이르는 말.
삐끌어지다 (동사) 삐뚤어지다.
삐끔타다 (동사) 토라지다.
삐끼다 (동사) 삐치다. 토라지다.
삐다 (동사) (-아/ -어) 버리다. 
¶가삐다, 해삐다, 무우삐다, 죽어삐다, 가삤다, 해삤다, 무우삤다, 죽어삤다. / 그 많던 까자 하매 다 무우삤네. (=그 많던 과자 벌써 다 먹어 버렸네.)
삐대다 (동사) 밟아 어지럽히다.
삐덕하문 (부사) 걸핏하면.
삐들삐들하다 (형용사) 물기가 거의 마르다.
삐들키 (명사) 비둘기.
삐들키너물 (명사) 고들빼기나물.
삐딱구두 (명사) 뾰족구두. 하이힐.
삐때이 (명사) 비탈. ¶ 산삐때이.
삐리다 (동사) 버리다. ¶ 쓰레기통에 내 삐맀다.
삐쁘데이 (명사) 발버둥이. ¶ 삐쁘데이 치고 있네.
삐삐 (명사) 삘기 : 띠의 애순. 
삐석 (부사) 비쩍 : 살가죽이 쭈그러질 정도로 마르거나 여윈 모양. 
¶ 모린 명태겉이 삐석 몰랐다.(=마른 명태같이 비쩍 말랐다).
삐슥하모 (부사) 삐쭉하면. 
삐식이 (부사) 비스듬히.
삐아리 (명사) (산)비탈.
삐알/삐얄 (명사) (산)비탈.
삐오리다/삐우리다 (동사) 벼르다.
삐육삐육 (부사) 삐죽삐죽.
삐재이 (명사) 자루 : 속에 물건을 담을 수 있도록 헝겊 따위로 길고 크게 만든 주머니.
삐조리 (명사) 졸때기 : 지위가 변변하지 못하거나 규모가 크지 못하여 자질구레한 사람을 속되게 이르는 말.
삐지다 (동사) 칼 따위로 물건을 얇고 비스듬하게 자르다.
삐지옇다 (동사) 삐져 넣다. : 칼 따위로 물건을 얇고 비스듬하게 잘라 넣다. 
¶ 짐칫국에 무시를 삐지옇었다(=김칫국에 무를 삐져 넣었다.)
삐짝다 (동사) 비꼬다.
삐쪽새/삐쭉새 (명사) 종다리.
삐쭘 (부사) 삐죽 : 얼굴이나 물건의 모습만 한 번 슬쩍 내밀거나 나타내는 모양. 
¶ 모임에 얼굴만 삐쭘 내밀고 와 삤다.
삐치다 (동사) 비치다.
삣나가다 (동사) 빗나가다 : 성격이나 행동이 비뚤어지다.
삣비이다 (동사) 빗보이다 : 실제를 바로 보지 못하고 어긋나게 잘못 보이다.",사투리,한국어,,2021-12-10 00:00:00,저작물양도계약서,진주시청,,,,제1유형,저작물,보호저작물,○,상업적이용가능,○,○,○,○,○,○,○,,2091-12-10 00:00:00,,
47,오디오,가이드/안내/정보,진주시청,진주시청,HOME > 진주소개 > 기본현황 > 진주 사투리 사전 > ㅅ,사 ~ 살푼,"진주 사투리 사전 시옷
사 (조사) 야. ¶ 이제사(=이제야). / 그거사(=그거야). / 요새사(=요새야).
사가 (명사) 사과 : 사과나무의 열매.
사간디리다 (동사) 사관(仕官)하다 : 부하가 매달 초하룻날마다 상관을 찾아가 뵈던 일이라는 뜻으로, 갓 시집 온 며느리가 새벽에 시어른에게 큰절을 올리며 문안을 올리는 일을 이르는 말.
사:구 (명사) 자배기.
사구 멕이다 (관용어) 연줄을 질기고 세게 만들기 위하여 연줄에 사기나 유리의 고운 가루를 부레풀에 타서 끓여 만들어 먹이다.
사그륵 (명사) 사(沙)그릇. 사기(沙器)그릇.
사나 (명사) 사나이. 사내.
사나알/사날 (명사) 사나흘.
사내기/사니이 (명사) 노래기 : 절지동물로 몸길이는 3~28mm로, 고약한 노린내를 풍기며, 햇볕을 싫어하고 주로 습기가 많은 낙엽 밑이나 초가지붕에 많이 산다.
사돈 마당 벌어지는데, 솔뿌리
걱정하고 있네 (속담) 사돈은 혼인으로 인해 맺어진 관계이긴 하지만 어디까지나 남이다. 그러므로 사돈집 일은 별로 걱정 해야 할 일은 아니다. 더구나 사돈집의 마당이 벌어질까 걱정하는 것은 쓸데없는 걱정이다. 마당이 벌어질 리도 없겠지만, 마당이 벌어진다 하더라도 어찌 솔뿌리로 기울 수 있으랴. 터무니없는 생각이나 걱정을 하는 경우에 하는 말이다.
샅두디기 (명사) 기저귀 : 아기나 아픈 사람의 똥오줌을 받아내기 위하여 두 다리 사이에 채우는 천이나 종이.
사랍 (명사) 사립 : 잡목의 가지를 엮어서 만든 문짝을 단 문.
사랍문 (명사) 사립문.
사래① (명사) 사리 : 국수, 새끼, 실 따위를 동그랗게 포개어 감은 뭉치.
사래② (명사) 사려(思慮) : 어떤 사물이나 일에 대하여 여러 가지로 주의 깊게 생각함.
사래짚다 (형용사) 사려(思慮)깊다. 
사루다 (동사) 사르다.
사룩 (명사) 윷.
사리① (명사) 주름살.
사리② (명사) (윷놀이에서) 모. 윷.
사리 나다 (관용어) 윷놀이에서, 모나 윷이 나다.
사리지다 (동사) 주름살이 잡히다.
사마구① (명사) 사마귀 : 피부 위에 낟알만 하게 도도록하고 납작하게 돋은 군살.
사마구② (명사) 버마재비 : 메뚜기목 사마귓과에 속한 곤충을 통틀어서 이르는 말.
사발 (명사) 주발.
사살 (부사) 살살 : 심하지 않고 남이 모르게 살그머니 행동하는 모양을 나타내는 말.
사시로 (부사) 늘. 언제나.
사안날 (명사) 사흗날 : 셋째 날.
사알/사을 (명사) 사흘.
사알거리/사을거리 (명사) 사흘거리. 사흘들이.
사알딜이/사을딜이 (명사) 사흘들이 : 사흘에 한 번씩.
사우 (명사) 사위 : 딸의 남편.
사웃감 (명사) 사윗감.
사젓하다 (형용사) 호젓하다. 한갓지다.
사주재이 (명사) 사주쟁이 : 남의 사주를 보아 그 신수를 점치는 일을 직업으로 하는 사람을 낮잡아 이르는 말.
사죽 (명사) 사족(四足).
사죽을 몬 씨다 (관용어) ‘사족을 못 쓰다’는 뜻으로, 무슨 일에 반하거나 혹하여 꼼짝 못하다.
사줏밥 묵다 (관용어) ‘사잣밥을 먹는다’는 뜻으로, 사람이 죽음을 비유적으로 이르는 말. 
사줏밥 (명사) 사잣밥 : 초상난 집에서 죽은 사람의 넋을 부를 때 저승사자에게 대접하는 밥.
사춘 (명사) 사촌(四寸).
삭후다 (동사) 삭이다.
사타리 (명사) 사타구니. 사타귀.
사탕까리 (명사) 설탕가루. 설탕.
사파리 (명사) 사팔뜨기 : 사팔눈을 한 사람을 낮잡아 이르는 말.
사팔띠이 (명사) 사팔뜨기.
삭다리 (명사) 삭정이 : 살아 있는 나무에 붙어 있는, 말라 죽은 가지.
삭후다 (동사) 삭히다.
산갓 (동사) 멧갓 : 나무를 함부로 베지 못하게 가꾸는 산.
산구 (명사) 1. 산고(産故) : 아이를 낳는 일. 2. 산고(産苦) : 아이를 낳는 고통.
산구지다 (동사) 아이를 낳다.
산굿달 (명사) 해산달.
산기슬가지 (명사) 산기슭.
산:께네(←샇+은께네) (동사) 1. (그리) 해 샇으니까. 2. (그리) 말해 샇으니까.
산꼭대이 (명사) 산꼭대기.
산꼴창 (명사) 산꼴짝. 산꼴짜기.
산내끼 (명사) 새끼 : 짚으로 꼬아 줄처럼 만든 것.
산대질[-때-] (명사) 삿대질.
산돌이 겉다 (관용어) 산돌이처럼 다니는 사람을 비유적으로 이르는 말.
산두 (명사) 산도(山稻) : 밭벼.
산등날 (명사) 산등성.
산등때/산등때이 (명사) 산허리.
산디이[-띠-]/산딩이[-띵-] (명사) 산덩이.
산딸 (명사) 산딸기.
산때지 (명사) 멧돼지.
산때질 (명사) 삿대질.
산떼미 (명사) 산더미. ¶ 일이 산떼미겉이 쌓있다.
산먼당/산멀랑 (명사) 산마루.
산모레이 (명사) 산모롱이 : 산모퉁이의 휘어 들어간 곳.
산모티 (명사) 산모퉁이. 산모롱이.
산삐럭 (명사) 산비탈.
산삐알 (명사) 산비탈.
산우달 (명사) 산달. 해산(解産)달.
산중어리 (명사) 산허리.
산증떼이 (명사) 산중턱.
산질 (명사) 산길.
산초래이 (명사) 산기슭.
산태 (명사) 산사태.
산태지다 (동사) 사태가 나다.
산태타다 (동사) 사태난 자리에서 미끄럼을 타다.
산토까이 (명사) 산토끼.
살 (명사) 주름살. ¶ 얼굴에 살이 지다.(=얼굴에 주름살이 생기다).
살가죽 (명사) 살갗.
살가지/쌀가지 (명사) 살쾡이.
살게기[-께-]/살게[-께-]이① (명사) 살코기.
살↑게이[-께-]② (명사) 살쾡이.
살고재비/살구제비 (명사) 살림을 열심히 살거나 오래 살고 싶어하는 사람을 이르는 말. 
살금받다 (형용사) 성품이 상냥하고 시원스럽다.
살금시 (부사) 살그미.
살기[-끼] (명사) 살성 : 살갗의 성질. 살결.
살길[-낄] (명사) 살결 : 살갗의 결.
살다 (동사) 사르다 :  불에 태워 없애다. 불사르다. ¶ 편지를 불 살았다.
살루다 (동사) (꺼져가는 불을) 살려내다.

살모시/살무시 (부사) 살며시.
살빡 (명사) 사립. 사립문.
살빡문 (명사) 사립문.
살세다 (형용사) 세차다.
살우다 (동사) 사르다.
살짹이 (부사) 살짝. 살그머니.
살큼 (부사) 살그미.
살푼 (부사) 살그머니. 살짝.",2021-12-10 00:00:00,100,미부착,제1유형,무,,사 ~ 살푼,,어문,음성,"진주 사투리 사전 시옷
사 (조사) 야. ¶ 이제사(=이제야). / 그거사(=그거야). / 요새사(=요새야).
사가 (명사) 사과 : 사과나무의 열매.
사간디리다 (동사) 사관(仕官)하다 : 부하가 매달 초하룻날마다 상관을 찾아가 뵈던 일이라는 뜻으로, 갓 시집 온 며느리가 새벽에 시어른에게 큰절을 올리며 문안을 올리는 일을 이르는 말.
사:구 (명사) 자배기.
사구 멕이다 (관용어) 연줄을 질기고 세게 만들기 위하여 연줄에 사기나 유리의 고운 가루를 부레풀에 타서 끓여 만들어 먹이다.
사그륵 (명사) 사(沙)그릇. 사기(沙器)그릇.
사나 (명사) 사나이. 사내.
사나알/사날 (명사) 사나흘.
사내기/사니이 (명사) 노래기 : 절지동물로 몸길이는 3~28mm로, 고약한 노린내를 풍기며, 햇볕을 싫어하고 주로 습기가 많은 낙엽 밑이나 초가지붕에 많이 산다.
사돈 마당 벌어지는데, 솔뿌리
걱정하고 있네 (속담) 사돈은 혼인으로 인해 맺어진 관계이긴 하지만 어디까지나 남이다. 그러므로 사돈집 일은 별로 걱정 해야 할 일은 아니다. 더구나 사돈집의 마당이 벌어질까 걱정하는 것은 쓸데없는 걱정이다. 마당이 벌어질 리도 없겠지만, 마당이 벌어진다 하더라도 어찌 솔뿌리로 기울 수 있으랴. 터무니없는 생각이나 걱정을 하는 경우에 하는 말이다.
샅두디기 (명사) 기저귀 : 아기나 아픈 사람의 똥오줌을 받아내기 위하여 두 다리 사이에 채우는 천이나 종이.
사랍 (명사) 사립 : 잡목의 가지를 엮어서 만든 문짝을 단 문.
사랍문 (명사) 사립문.
사래① (명사) 사리 : 국수, 새끼, 실 따위를 동그랗게 포개어 감은 뭉치.
사래② (명사) 사려(思慮) : 어떤 사물이나 일에 대하여 여러 가지로 주의 깊게 생각함.
사래짚다 (형용사) 사려(思慮)깊다. 
사루다 (동사) 사르다.
사룩 (명사) 윷.
사리① (명사) 주름살.
사리② (명사) (윷놀이에서) 모. 윷.
사리 나다 (관용어) 윷놀이에서, 모나 윷이 나다.
사리지다 (동사) 주름살이 잡히다.
사마구① (명사) 사마귀 : 피부 위에 낟알만 하게 도도록하고 납작하게 돋은 군살.
사마구② (명사) 버마재비 : 메뚜기목 사마귓과에 속한 곤충을 통틀어서 이르는 말.
사발 (명사) 주발.
사살 (부사) 살살 : 심하지 않고 남이 모르게 살그머니 행동하는 모양을 나타내는 말.
사시로 (부사) 늘. 언제나.
사안날 (명사) 사흗날 : 셋째 날.
사알/사을 (명사) 사흘.
사알거리/사을거리 (명사) 사흘거리. 사흘들이.
사알딜이/사을딜이 (명사) 사흘들이 : 사흘에 한 번씩.
사우 (명사) 사위 : 딸의 남편.
사웃감 (명사) 사윗감.
사젓하다 (형용사) 호젓하다. 한갓지다.
사주재이 (명사) 사주쟁이 : 남의 사주를 보아 그 신수를 점치는 일을 직업으로 하는 사람을 낮잡아 이르는 말.
사죽 (명사) 사족(四足).
사죽을 몬 씨다 (관용어) ‘사족을 못 쓰다’는 뜻으로, 무슨 일에 반하거나 혹하여 꼼짝 못하다.
사줏밥 묵다 (관용어) ‘사잣밥을 먹는다’는 뜻으로, 사람이 죽음을 비유적으로 이르는 말. 
사줏밥 (명사) 사잣밥 : 초상난 집에서 죽은 사람의 넋을 부를 때 저승사자에게 대접하는 밥.
사춘 (명사) 사촌(四寸).
삭후다 (동사) 삭이다.
사타리 (명사) 사타구니. 사타귀.
사탕까리 (명사) 설탕가루. 설탕.
사파리 (명사) 사팔뜨기 : 사팔눈을 한 사람을 낮잡아 이르는 말.
사팔띠이 (명사) 사팔뜨기.
삭다리 (명사) 삭정이 : 살아 있는 나무에 붙어 있는, 말라 죽은 가지.
삭후다 (동사) 삭히다.
산갓 (동사) 멧갓 : 나무를 함부로 베지 못하게 가꾸는 산.
산구 (명사) 1. 산고(産故) : 아이를 낳는 일. 2. 산고(産苦) : 아이를 낳는 고통.
산구지다 (동사) 아이를 낳다.
산굿달 (명사) 해산달.
산기슬가지 (명사) 산기슭.
산:께네(←샇+은께네) (동사) 1. (그리) 해 샇으니까. 2. (그리) 말해 샇으니까.
산꼭대이 (명사) 산꼭대기.
산꼴창 (명사) 산꼴짝. 산꼴짜기.
산내끼 (명사) 새끼 : 짚으로 꼬아 줄처럼 만든 것.
산대질[-때-] (명사) 삿대질.
산돌이 겉다 (관용어) 산돌이처럼 다니는 사람을 비유적으로 이르는 말.
산두 (명사) 산도(山稻) : 밭벼.
산등날 (명사) 산등성.
산등때/산등때이 (명사) 산허리.
산디이[-띠-]/산딩이[-띵-] (명사) 산덩이.
산딸 (명사) 산딸기.
산때지 (명사) 멧돼지.
산때질 (명사) 삿대질.
산떼미 (명사) 산더미. ¶ 일이 산떼미겉이 쌓있다.
산먼당/산멀랑 (명사) 산마루.
산모레이 (명사) 산모롱이 : 산모퉁이의 휘어 들어간 곳.
산모티 (명사) 산모퉁이. 산모롱이.
산삐럭 (명사) 산비탈.
산삐알 (명사) 산비탈.
산우달 (명사) 산달. 해산(解産)달.
산중어리 (명사) 산허리.
산증떼이 (명사) 산중턱.
산질 (명사) 산길.
산초래이 (명사) 산기슭.
산태 (명사) 산사태.
산태지다 (동사) 사태가 나다.
산태타다 (동사) 사태난 자리에서 미끄럼을 타다.
산토까이 (명사) 산토끼.
살 (명사) 주름살. ¶ 얼굴에 살이 지다.(=얼굴에 주름살이 생기다).
살가죽 (명사) 살갗.
살가지/쌀가지 (명사) 살쾡이.
살게기[-께-]/살게[-께-]이① (명사) 살코기.
살↑게이[-께-]② (명사) 살쾡이.
살고재비/살구제비 (명사) 살림을 열심히 살거나 오래 살고 싶어하는 사람을 이르는 말. 
살금받다 (형용사) 성품이 상냥하고 시원스럽다.
살금시 (부사) 살그미.
살기[-끼] (명사) 살성 : 살갗의 성질. 살결.
살길[-낄] (명사) 살결 : 살갗의 결.
살다 (동사) 사르다 :  불에 태워 없애다. 불사르다. ¶ 편지를 불 살았다.
살루다 (동사) (꺼져가는 불을) 살려내다.

살모시/살무시 (부사) 살며시.
살빡 (명사) 사립. 사립문.
살빡문 (명사) 사립문.
살세다 (형용사) 세차다.
살우다 (동사) 사르다.
살짹이 (부사) 살짝. 살그머니.
살큼 (부사) 살그미.
살푼 (부사) 살그머니. 살짝.",사투리,한국어,,2021-12-10 00:00:00,저작물양도계약서,진주시청,,,,제1유형,저작물,보호저작물,○,상업적이용가능,○,○,○,○,○,○,○,,2091-12-10 00:00:00,,
48,오디오,가이드/안내/정보,진주시청,진주시청,HOME > 진주소개 > 기본현황 > 진주 사투리 사전 > ㅅ,삶은 서답 ~ 새이소리/생이소리,"삶은 서답 (명사) 두벌 빨래.
삷다 (동사) 사뢰다 : 웃어른에게 말씀을 올리다.
삼가래 (명사) 가리 : 삼을 넣어 말리려고 몇 꼭지씩 한데 묶은 것. 또는 세는 단위.
삼꼬/삼꾸 (명사) 삼굿 : 삼[麻]을 벗기기 위해 찌는 구덩이.
삼발 (명사) 다리쇠.
삼배모지레이 (명사) 삼베잠방이.
삼배질쌈 (명사) 삼베길쌈.
삼삼구지 (명사) 삼이웃 : 이쪽저쪽의 가까운 이웃. ¶ 그는 돈 몇 푼 빌릴라고 삼삼구지 헤맸다.(=그는 돈 몇 푼 빌리려고 삼이웃을 헤맸다.) 
삼새미 (명사) 아지랑이.
-삼성/-삼서 (어미) (그리)하면서. (그리)말하면서. ¶ 내앨 비가 온다삼서 우산 준비하라네.
삼시랑 (명사) 삼신령(三神靈) : 아기를 점지하고 산모나 산아를 돌보는 세 신령.
삼오 (명사) 삼우(三虞) : 장사를 지낸 후 세 번째 지내는 제사. 흔히 가족들이 성묘를 한다. 삼우제(三虞祭).
삼이우지 (명사) 삼이웃 : 이쪽저쪽의 가까운 이웃. ¶ 무신 일인지 삼이우지가 시끄럽다.(=무슨 일인지 삼이웃이 시끄럽다.)
삼태미 (명사) 삼태기.
삽자리 (명사) 삿자리 : 갈대를 엮어서 만든 자리.
삽짝 (명사) 사립.
삽짝문 (명사) 사립문.
삿갓도가리 (명사) 삿갓배미 : 삿갓처럼 생긴 작은 논배미. 또는 삿갓만한 다랑논배미.
삿갓 씨우다 (관용어) 바가지를 씌우다.
삿두디 (명사) 기저귀.
삿자리 (명사) 돗자리.
상 (명사) 향(香) : 불에 태워서 냄새를 내게 하는 물건.
상각 (명사) 상객(上客). 위요(圍繞) : 혼인 때에 가족 중에서 신랑이나 신부를 데리고 가는 사람. 
상각가다 (동사) 상객(上客)가다 : 혼인 때에 가족 중에서 신랑이나 신부를 데리고 가다.
상구① (명사) 기(基) : 무덤을 세는 단위. ¶ 한 상구. 두 상구.
상구② (부사) 훨씬. 아주. 전혀. ¶ 세이보다 동생이 상구(=훨씬) 공부를 더 잘 하네. / 저 동네하고 이 동네는 상구(=전혀) 다리네(=다르네).
상그랍다 (형용사) 위태롭다.
상그랗다 (형용사) 1. 차다. ¶ 춥어서 손이 상그랗네. 2. 눈에 힘이 없어 보이다.
상내 (명사) 암내 : 암컷의 몸에서 나는 냄새. 발정기에 수컷을 유혹하기 위한 것이다.
상내내다 (동사) 암내내다.
상불 (명사) 향불 : 향을 태우는 불. ¶ 제사상에 상불(=향불)을 피우고 절을 하다.
상붙다 (동사) 흘레붙다. 흘레하다.
상붙이다 (동사) 흘레붙이다. ¶ 오올 세 두 마리 상붙있다.(=오늘 소 두 마리 흘레붙였다.)
상사리 (명사) 원두막.
상싶우다 (형용사) 듯싶다. ¶ 평일이라 결혼식에 하객이 많지 않을 상싶우다(=듯싶다).
상짐 (명사) 혼수짐.
상판때이 (명사) 상판대기.
샅두디/샅바 (명사) 기저귀.
샇다/쌓다 (동사) 1. (활용 : 샇아도, 샇지, 샇거든, 샇더라, 살래(←샇+을래), 산께네(←샇+ㄴ께네)) 하다. ¶ 너무 글 샇지 마라(=너무 그렇게 하지 마라) 
2. 말하다. ¶ 가: 어지 니한테 머라 샇더네?(=걔 어제 너한테 뭐라고 말하더냐?)
새① (명사) 쉬 : 파리의 알. ¶ 새 실었다.(=쉬 슬었다.)
새② (명사) 강샘. 시샘 : 자기보다 잘 되거나 나은 사람을 괜히 미워하고 싫어함.
새③ (명사) 억새 : 볏과의 여러해살이풀.
새각씨 (명사) 새색시.
새금파리 (명사) 사금파리.
새겅 (명사) 새경 : 머슴이 주인에게 한 해 동안 일한 대가로 받는 돈이나 물건.
새그랍다 (형용사) 시다.
새기다① (동사) 삭이다.
새기다② (동사) 사귀다.
새기듣다 (동사) 새겨듣다.
새깨미 (명사) 고양이.
새꼬롬하다 (형용사) 날씨가 쌀쌀하고 비나 눈이 올 듯하다.
새꼬중우 (명사) 잠방이 : 가랑이가 무릎까지 내려오도록 짧게 만든 바지. 
새꼰새꼰 (부사) 새큰새큰.
새꼴시럽다 (형용사) 시쁘다. 좀스럽다.
새꾸 (명사) 새끼 : 짚으로 꼬아 줄처럼 만든 것.
새꾸대이 (명사) 새끼.
새꾸룬하다 (형용사) 시무룩하다.
새끼미 (명사) 고양이.
새내다 (동사) 시샘하다.
새대기/새대이 (명사) 새댁. 
새더리 (명사) 사다리. 사닥다리.
새디기/새디이 (명사) 새댁.
새뜩하다 (형용사) 새뜻하다.
새띠 (명사) 억새.
새미① (명사) 샘. 우물.
새미② (명사) 시샘. 강샘.
새보다 (동사) 시샘하다.
새복① (명사) 새벽 : 먼동이 트려 할 무렵.
새복② (명사) 새벽 : 누르고 차진 흙에 고운 모래를 섞어 초벽에 덧 바르는 흙.
새복달 (명사) 새벽달.
새복밥 (명사) 새벽밥.
새복운동 (명사) 새벽운동. 
새복잠 (명사) 새벽잠.
새복하다 (동사) 새벽하다 : 벽이나 방바닥에 새벽을 재벌 바르다. 
새부럼/새불 (명사) 시샘. 시새움.
새불하다 (동사) 시샘하다.
새비 (명사) 새우.
새비젓 (명사) 새우젓.
새뿌럼 (명사) 시샘. 시새움.
새살/새설 (명사) 사설(辭說) : 늘어놓는 말이나 이야기. 
¶ 절마 저거는 종일 새살 늘어놓고 있네.(=저놈 저거는 종일 사설 늘어놓고 있네.) 
새살까다/새설까다 (동사) 1. 놀소리하다 : 젖먹이가 누워 놀면서 입으로 소리를 내다. 옹알이하다. 
2. 지껄여대다. ¶ 지발 새살 좀 까지 마라.(=제발 사설 좀 늘어놓지 마라.)
새살재이/새설재이 (명사) 사설쟁이 : 사설이 많은 사람을 낮잡아 이르는 말.
새살좋다/새설좋다 (형용사) 사설을 잘 늘어놓다.
새삼시럽다 (형용사) 새삼스럽다.
새쌀 (명사) 햅쌀.
새쌀밥 (명사) 햅쌀밥.
새알 (명사) 새알심 : 팥죽 속에 넣어 먹는 새알 만한 덩이. 보통 찹쌀가루나 수수 가루로 동글동글하게 만든다.
새앵지 (명사) 생쥐.
새에서방 (명사) 샛서방 : 남편이 있는 여자가 남편 몰래 관계하는 남자.
새에참 (명사) 새참. 곁두리 : 농사꾼이나 일꾼들이 끼니 외에 참참이 먹는 음식.
새엣길 (명사) 사잇길.
새오 (명사) 새우.
새이/생이 (명사) 상여 : 사람의 시체를 실어서 무덤까지 나르는 도구.
새이 나가다 (관용어) 상여가 초상집을 떠나다.
새이소리/생이소리 (명사) 상여 메김 소리. 상엿소리 : 상여꾼들이 상여를 메고 가면서 부르는 구슬픈 소리.",2021-12-10 00:00:00,95,미부착,제1유형,무,,삶은 서답 ~ 새이소리/생이소리,,어문,음성,"삶은 서답 (명사) 두벌 빨래.
삷다 (동사) 사뢰다 : 웃어른에게 말씀을 올리다.
삼가래 (명사) 가리 : 삼을 넣어 말리려고 몇 꼭지씩 한데 묶은 것. 또는 세는 단위.
삼꼬/삼꾸 (명사) 삼굿 : 삼[麻]을 벗기기 위해 찌는 구덩이.
삼발 (명사) 다리쇠.
삼배모지레이 (명사) 삼베잠방이.
삼배질쌈 (명사) 삼베길쌈.
삼삼구지 (명사) 삼이웃 : 이쪽저쪽의 가까운 이웃. ¶ 그는 돈 몇 푼 빌릴라고 삼삼구지 헤맸다.(=그는 돈 몇 푼 빌리려고 삼이웃을 헤맸다.) 
삼새미 (명사) 아지랑이.
-삼성/-삼서 (어미) (그리)하면서. (그리)말하면서. ¶ 내앨 비가 온다삼서 우산 준비하라네.
삼시랑 (명사) 삼신령(三神靈) : 아기를 점지하고 산모나 산아를 돌보는 세 신령.
삼오 (명사) 삼우(三虞) : 장사를 지낸 후 세 번째 지내는 제사. 흔히 가족들이 성묘를 한다. 삼우제(三虞祭).
삼이우지 (명사) 삼이웃 : 이쪽저쪽의 가까운 이웃. ¶ 무신 일인지 삼이우지가 시끄럽다.(=무슨 일인지 삼이웃이 시끄럽다.)
삼태미 (명사) 삼태기.
삽자리 (명사) 삿자리 : 갈대를 엮어서 만든 자리.
삽짝 (명사) 사립.
삽짝문 (명사) 사립문.
삿갓도가리 (명사) 삿갓배미 : 삿갓처럼 생긴 작은 논배미. 또는 삿갓만한 다랑논배미.
삿갓 씨우다 (관용어) 바가지를 씌우다.
삿두디 (명사) 기저귀.
삿자리 (명사) 돗자리.
상 (명사) 향(香) : 불에 태워서 냄새를 내게 하는 물건.
상각 (명사) 상객(上客). 위요(圍繞) : 혼인 때에 가족 중에서 신랑이나 신부를 데리고 가는 사람. 
상각가다 (동사) 상객(上客)가다 : 혼인 때에 가족 중에서 신랑이나 신부를 데리고 가다.
상구① (명사) 기(基) : 무덤을 세는 단위. ¶ 한 상구. 두 상구.
상구② (부사) 훨씬. 아주. 전혀. ¶ 세이보다 동생이 상구(=훨씬) 공부를 더 잘 하네. / 저 동네하고 이 동네는 상구(=전혀) 다리네(=다르네).
상그랍다 (형용사) 위태롭다.
상그랗다 (형용사) 1. 차다. ¶ 춥어서 손이 상그랗네. 2. 눈에 힘이 없어 보이다.
상내 (명사) 암내 : 암컷의 몸에서 나는 냄새. 발정기에 수컷을 유혹하기 위한 것이다.
상내내다 (동사) 암내내다.
상불 (명사) 향불 : 향을 태우는 불. ¶ 제사상에 상불(=향불)을 피우고 절을 하다.
상붙다 (동사) 흘레붙다. 흘레하다.
상붙이다 (동사) 흘레붙이다. ¶ 오올 세 두 마리 상붙있다.(=오늘 소 두 마리 흘레붙였다.)
상사리 (명사) 원두막.
상싶우다 (형용사) 듯싶다. ¶ 평일이라 결혼식에 하객이 많지 않을 상싶우다(=듯싶다).
상짐 (명사) 혼수짐.
상판때이 (명사) 상판대기.
샅두디/샅바 (명사) 기저귀.
샇다/쌓다 (동사) 1. (활용 : 샇아도, 샇지, 샇거든, 샇더라, 살래(←샇+을래), 산께네(←샇+ㄴ께네)) 하다. ¶ 너무 글 샇지 마라(=너무 그렇게 하지 마라) 
2. 말하다. ¶ 가: 어지 니한테 머라 샇더네?(=걔 어제 너한테 뭐라고 말하더냐?)
새① (명사) 쉬 : 파리의 알. ¶ 새 실었다.(=쉬 슬었다.)
새② (명사) 강샘. 시샘 : 자기보다 잘 되거나 나은 사람을 괜히 미워하고 싫어함.
새③ (명사) 억새 : 볏과의 여러해살이풀.
새각씨 (명사) 새색시.
새금파리 (명사) 사금파리.
새겅 (명사) 새경 : 머슴이 주인에게 한 해 동안 일한 대가로 받는 돈이나 물건.
새그랍다 (형용사) 시다.
새기다① (동사) 삭이다.
새기다② (동사) 사귀다.
새기듣다 (동사) 새겨듣다.
새깨미 (명사) 고양이.
새꼬롬하다 (형용사) 날씨가 쌀쌀하고 비나 눈이 올 듯하다.
새꼬중우 (명사) 잠방이 : 가랑이가 무릎까지 내려오도록 짧게 만든 바지. 
새꼰새꼰 (부사) 새큰새큰.
새꼴시럽다 (형용사) 시쁘다. 좀스럽다.
새꾸 (명사) 새끼 : 짚으로 꼬아 줄처럼 만든 것.
새꾸대이 (명사) 새끼.
새꾸룬하다 (형용사) 시무룩하다.
새끼미 (명사) 고양이.
새내다 (동사) 시샘하다.
새대기/새대이 (명사) 새댁. 
새더리 (명사) 사다리. 사닥다리.
새디기/새디이 (명사) 새댁.
새뜩하다 (형용사) 새뜻하다.
새띠 (명사) 억새.
새미① (명사) 샘. 우물.
새미② (명사) 시샘. 강샘.
새보다 (동사) 시샘하다.
새복① (명사) 새벽 : 먼동이 트려 할 무렵.
새복② (명사) 새벽 : 누르고 차진 흙에 고운 모래를 섞어 초벽에 덧 바르는 흙.
새복달 (명사) 새벽달.
새복밥 (명사) 새벽밥.
새복운동 (명사) 새벽운동. 
새복잠 (명사) 새벽잠.
새복하다 (동사) 새벽하다 : 벽이나 방바닥에 새벽을 재벌 바르다. 
새부럼/새불 (명사) 시샘. 시새움.
새불하다 (동사) 시샘하다.
새비 (명사) 새우.
새비젓 (명사) 새우젓.
새뿌럼 (명사) 시샘. 시새움.
새살/새설 (명사) 사설(辭說) : 늘어놓는 말이나 이야기. 
¶ 절마 저거는 종일 새살 늘어놓고 있네.(=저놈 저거는 종일 사설 늘어놓고 있네.) 
새살까다/새설까다 (동사) 1. 놀소리하다 : 젖먹이가 누워 놀면서 입으로 소리를 내다. 옹알이하다. 
2. 지껄여대다. ¶ 지발 새살 좀 까지 마라.(=제발 사설 좀 늘어놓지 마라.)
새살재이/새설재이 (명사) 사설쟁이 : 사설이 많은 사람을 낮잡아 이르는 말.
새살좋다/새설좋다 (형용사) 사설을 잘 늘어놓다.
새삼시럽다 (형용사) 새삼스럽다.
새쌀 (명사) 햅쌀.
새쌀밥 (명사) 햅쌀밥.
새알 (명사) 새알심 : 팥죽 속에 넣어 먹는 새알 만한 덩이. 보통 찹쌀가루나 수수 가루로 동글동글하게 만든다.
새앵지 (명사) 생쥐.
새에서방 (명사) 샛서방 : 남편이 있는 여자가 남편 몰래 관계하는 남자.
새에참 (명사) 새참. 곁두리 : 농사꾼이나 일꾼들이 끼니 외에 참참이 먹는 음식.
새엣길 (명사) 사잇길.
새오 (명사) 새우.
새이/생이 (명사) 상여 : 사람의 시체를 실어서 무덤까지 나르는 도구.
새이 나가다 (관용어) 상여가 초상집을 떠나다.
새이소리/생이소리 (명사) 상여 메김 소리. 상엿소리 : 상여꾼들이 상여를 메고 가면서 부르는 구슬픈 소리.",사투리,한국어,,2021-12-10 00:00:00,저작물양도계약서,진주시청,,,,제1유형,저작물,보호저작물,○,상업적이용가능,○,○,○,○,○,○,○,,2091-12-10 00:00:00,,
49,오디오,가이드/안내/정보,진주시청,진주시청,HOME > 진주소개 > 기본현황 > 진주 사투리 사전 > ㅅ,새이집/생이집 ~ 섬바섬바,"새이집/생이집 (명사) 상여집.
새이꾼/생이꾼 (명사) 상여꾼 : 상여를 메는 사람.
새이틀/생이틀 (명사) 나무로 이루어진 상여의 얼개.
새첩다 (형용사) 새롭고 귀여운 데가 있다.
새초리/새추리 (명사) 송골매. 독수리.
새침띠이 (명사) 새침데기.
새편 (명사) 흰 떡. 절편 : 떡살로 눌러 모나거나 둥글게 만든 흰 떡.
새피 (명사) 억새 : 볏과의 여러해살이 풀.
새피하다 (형용사) 시쁘다 : 마음에 차지 아니하여 시들하다.
새하다 (동사) 샘하다 : 샘하는 마음을 먹다. 또는 샘을 부리다.
색경 (명사) 거울.
색이다 (동사) 삭이다.
샛부럼 (명사) 샘 : 남의 처지나 물건을 탐내거나, 자기보다 나은 처지에 있는 사람이나 적수를 미워하거나 또는 그런 마음.
샛요구 (명사) 샛요기.
샛질 (명사) 샛길.
생가리 (명사) (논의) 애벌갈이.
생강시럽다 (형용사) 생광(生光)스럽다.
생게기/생게이 (명사) 날고기.
생게란 (명사) 날계란(鷄卵). 날달걀.
생고오매 (명사) 날고구마.
생똥 (명사) 산똥 : 배탈로 먹은 것이 제대로 소화되지 못하고 나오는 똥.
생똥을 싸다 (관용어) 산똥을 누다는 말로 매우 놀랐을 때를 비유적으로 이르는 말.
생부지① (명사) 생면부지(生面不知).
생부지② (명사) 생무지 : 어떤 일이 익숙하지 못하고 서투른 사람.
생솔께이 (명사) 청솔가지 : 베어 낸 지 얼마 안 되어 아직 푸른 잎이 마르지 아니한 솔가지.
생야지다 (동사) 생야단하다 : 공연히 야단스럽게 굴거나 꾸짖다.
생이 (명사) 상여(喪輿).
생이소리 (명사) 상여 메김 소리. 
생이발까락 (명사) 생인발 : 발가락 끝에 종기가 나서 곪는 병.
생이손까락 (명사) 생인손.
생이집 (명사) 상엿집.
생이틀 (명사) 나무로 이루어진 상여의 얼개.
생지랄 (명사) 개지랄 : 너저분하고 미운 짓거리를 속되게 이르는 말.
생짜배이 (명사) 생짜배기 : 생짜인 물건이나 사람.
생키다 (동사) 삼키다.
생피 (명사) 상피(相避) : 1. 가까운 친척 사이의 남녀가 성적 관계를 맺는 일. ¶ 그 집안에 생피가 나서 온 동네가 야다이다.(=그 집안에 상피가 나서 온 동네가 야단이다.) 
2. 친척 또는 관계 있는 사람들이 같은 부서나 지역에서 벼슬하는 것을 피하는 일.
서거푸다 (형용사) 서글프다. 맘에 차지 않는다.
서너덧이 (수사) 서너댓.
서너이 (수사) 서넛.
서늉 (명사) 시늉.
서답 (명사) 빨래.
서답돌 (명사) 빨랫돌.
서답방마이 (명사) 빨래방망이.
서답비누 (명사) 빨래비누.
서답씻다 (동사) 빨래하다.
서답줄 (명사) 빨랫줄.
서답찍개 (명사) 빨래집게.
서드레 (명사) 허드렛일. 뒷바라지.
서름 (명사) 설움. 서러움.
서리 (명사)(부사) 서로.
서말치 (명사) 서 말들이.
서말치솥 (명사) 서 말 들이 가마솥.
서문없이 (부사) 서슴없이.
서분하다 (형용사) 서운하다.
서숙 (명사) 조.
서숙모가지 (명사) 조이삭.
서숙밥 (명사) 조밥 : 맨 좁쌀로 짓거나 입쌀에 좁쌀을 많이 두어서 지은 밥.
서숙쌀 (명사) 좁쌀.
서숙찹쌀 (명사) 차좁쌀. 
서실 (명사) 서슬 : 강하고 날카로운 기세. ¶ 서실이 시퍼렇다.(=서슬이 시퍼렇다.)
서이 (수사) 셋.
서지 (명사) 서당(書堂).
석가 (명사) 남의 집 곁방.
석거리 (명사) 삼거리.
석두 (명사) 작두.
석로 (명사) 석류(石榴).
석로꽃 (명사) 석류꽃.
석새 (명사) 무엇을 하는 경우나 때. ¶ 잠깐 왔다 갈 석새에.(=잠깐 왔다 갈 김에.)
석새베/석새비 (명사) 석새삼베 : 240올의 날실로 짠 베라는 뜻으로, 성글고 굵은 베를 이르는 말.
석새베 씨도 안 들 소리 석새삼베처럼 일솜씨가 매우 거칠고 엉성함을 비유적으로 이르는 말.
석하 (명사) 석화(石花). 굴.
석짐 (명사) 석동 : 윷놀이에서 세 번째 가는 말.
석짐사리 (명사) 석동무니 : 윷놀이에서 석동을 한데 업고 가는 말.
선개 (명사) 뱃삯. 선가(船價).
선것 (명사) 날것.
선나/선낱 (명사) 서너 낱. 조금.
선내끼 (명사)(부사) 조금. 서너 낱.
선머시마 (명사) 철없는 사내아이.
선몽 (명사) 현몽(現夢) : 죽은 사람이나 신령이 꿈에 나타남.
선몽하다 (동사) 현몽하다.
선바심 (명사) 풋바심 : 채 익기 전의 벼나 보리를 미리 베어 떨거나 훑는 일.
선부 (명사) 선비.
선상 (명사) 선생.
선상님 (명사) 선생님.
선잇임 (명사) 선웃음.
선질로 (부사) 선길로. 곧장. 지체없이 바로.
선짜 (부사) 우선(于先) : 어떤 일에 앞서서.
섣덜 (명사) 섣달.
설 (명사) 혈(穴) : 풍수지리에서 용맥의 정기가 모인 자리.
설기 (명사) 혈기(血氣).
설농하다 (동사) 농사를 그르치다.
설대 (명사) 담배설대 : 담배통과 물부리 사이에 끼워 맞추는 가느다란 대.
설도하다 (동사) 설두(設頭)하다 : 앞장서서 일을 추진하다.
설뜩하다 (동사) 들뜨다. 설레다.

설마더라/설마더러/설마하이 (부사) 설마하니.
설어하다 (동사) 설워하다. 서러워하다. 
설엄 (명사) 설움 : 서럽게 느껴지는 마음. ¶ 배고픈 설엄(=배고픈 설움).
설:은나이 (명사) 앰한나이 : 연말에 태어나서 얼마 지나지 않아 한 살 더 먹는 나이.
설치리 (명사) 설빔 : 설을 맞이하여 새로 장만하여 입거나 신는 옷, 신발 따위를 이르는 말.
설푸다 (형용사) 슬프다.
설하다 (형용사) 누꿈하다 : 전염병이나 해충 따위의 퍼지는 기세가 매우 심하다가 조금 누그러져 약해지다. 잠잠하다. 잦아들다.
섬바섬바 (감탄사) 섬마섬마 : 어린아이가 따로 서는 것을 익힐 때, 어른이 붙들었던 손을 떼면서 내는 소리.",2021-12-10 00:00:00,102,미부착,제1유형,무,,새이집/생이집 ~ 섬바섬바,,어문,음성,"새이집/생이집 (명사) 상여집.
새이꾼/생이꾼 (명사) 상여꾼 : 상여를 메는 사람.
새이틀/생이틀 (명사) 나무로 이루어진 상여의 얼개.
새첩다 (형용사) 새롭고 귀여운 데가 있다.
새초리/새추리 (명사) 송골매. 독수리.
새침띠이 (명사) 새침데기.
새편 (명사) 흰 떡. 절편 : 떡살로 눌러 모나거나 둥글게 만든 흰 떡.
새피 (명사) 억새 : 볏과의 여러해살이 풀.
새피하다 (형용사) 시쁘다 : 마음에 차지 아니하여 시들하다.
새하다 (동사) 샘하다 : 샘하는 마음을 먹다. 또는 샘을 부리다.
색경 (명사) 거울.
색이다 (동사) 삭이다.
샛부럼 (명사) 샘 : 남의 처지나 물건을 탐내거나, 자기보다 나은 처지에 있는 사람이나 적수를 미워하거나 또는 그런 마음.
샛요구 (명사) 샛요기.
샛질 (명사) 샛길.
생가리 (명사) (논의) 애벌갈이.
생강시럽다 (형용사) 생광(生光)스럽다.
생게기/생게이 (명사) 날고기.
생게란 (명사) 날계란(鷄卵). 날달걀.
생고오매 (명사) 날고구마.
생똥 (명사) 산똥 : 배탈로 먹은 것이 제대로 소화되지 못하고 나오는 똥.
생똥을 싸다 (관용어) 산똥을 누다는 말로 매우 놀랐을 때를 비유적으로 이르는 말.
생부지① (명사) 생면부지(生面不知).
생부지② (명사) 생무지 : 어떤 일이 익숙하지 못하고 서투른 사람.
생솔께이 (명사) 청솔가지 : 베어 낸 지 얼마 안 되어 아직 푸른 잎이 마르지 아니한 솔가지.
생야지다 (동사) 생야단하다 : 공연히 야단스럽게 굴거나 꾸짖다.
생이 (명사) 상여(喪輿).
생이소리 (명사) 상여 메김 소리. 
생이발까락 (명사) 생인발 : 발가락 끝에 종기가 나서 곪는 병.
생이손까락 (명사) 생인손.
생이집 (명사) 상엿집.
생이틀 (명사) 나무로 이루어진 상여의 얼개.
생지랄 (명사) 개지랄 : 너저분하고 미운 짓거리를 속되게 이르는 말.
생짜배이 (명사) 생짜배기 : 생짜인 물건이나 사람.
생키다 (동사) 삼키다.
생피 (명사) 상피(相避) : 1. 가까운 친척 사이의 남녀가 성적 관계를 맺는 일. ¶ 그 집안에 생피가 나서 온 동네가 야다이다.(=그 집안에 상피가 나서 온 동네가 야단이다.) 
2. 친척 또는 관계 있는 사람들이 같은 부서나 지역에서 벼슬하는 것을 피하는 일.
서거푸다 (형용사) 서글프다. 맘에 차지 않는다.
서너덧이 (수사) 서너댓.
서너이 (수사) 서넛.
서늉 (명사) 시늉.
서답 (명사) 빨래.
서답돌 (명사) 빨랫돌.
서답방마이 (명사) 빨래방망이.
서답비누 (명사) 빨래비누.
서답씻다 (동사) 빨래하다.
서답줄 (명사) 빨랫줄.
서답찍개 (명사) 빨래집게.
서드레 (명사) 허드렛일. 뒷바라지.
서름 (명사) 설움. 서러움.
서리 (명사)(부사) 서로.
서말치 (명사) 서 말들이.
서말치솥 (명사) 서 말 들이 가마솥.
서문없이 (부사) 서슴없이.
서분하다 (형용사) 서운하다.
서숙 (명사) 조.
서숙모가지 (명사) 조이삭.
서숙밥 (명사) 조밥 : 맨 좁쌀로 짓거나 입쌀에 좁쌀을 많이 두어서 지은 밥.
서숙쌀 (명사) 좁쌀.
서숙찹쌀 (명사) 차좁쌀. 
서실 (명사) 서슬 : 강하고 날카로운 기세. ¶ 서실이 시퍼렇다.(=서슬이 시퍼렇다.)
서이 (수사) 셋.
서지 (명사) 서당(書堂).
석가 (명사) 남의 집 곁방.
석거리 (명사) 삼거리.
석두 (명사) 작두.
석로 (명사) 석류(石榴).
석로꽃 (명사) 석류꽃.
석새 (명사) 무엇을 하는 경우나 때. ¶ 잠깐 왔다 갈 석새에.(=잠깐 왔다 갈 김에.)
석새베/석새비 (명사) 석새삼베 : 240올의 날실로 짠 베라는 뜻으로, 성글고 굵은 베를 이르는 말.
석새베 씨도 안 들 소리 석새삼베처럼 일솜씨가 매우 거칠고 엉성함을 비유적으로 이르는 말.
석하 (명사) 석화(石花). 굴.
석짐 (명사) 석동 : 윷놀이에서 세 번째 가는 말.
석짐사리 (명사) 석동무니 : 윷놀이에서 석동을 한데 업고 가는 말.
선개 (명사) 뱃삯. 선가(船價).
선것 (명사) 날것.
선나/선낱 (명사) 서너 낱. 조금.
선내끼 (명사)(부사) 조금. 서너 낱.
선머시마 (명사) 철없는 사내아이.
선몽 (명사) 현몽(現夢) : 죽은 사람이나 신령이 꿈에 나타남.
선몽하다 (동사) 현몽하다.
선바심 (명사) 풋바심 : 채 익기 전의 벼나 보리를 미리 베어 떨거나 훑는 일.
선부 (명사) 선비.
선상 (명사) 선생.
선상님 (명사) 선생님.
선잇임 (명사) 선웃음.
선질로 (부사) 선길로. 곧장. 지체없이 바로.
선짜 (부사) 우선(于先) : 어떤 일에 앞서서.
섣덜 (명사) 섣달.
설 (명사) 혈(穴) : 풍수지리에서 용맥의 정기가 모인 자리.
설기 (명사) 혈기(血氣).
설농하다 (동사) 농사를 그르치다.
설대 (명사) 담배설대 : 담배통과 물부리 사이에 끼워 맞추는 가느다란 대.
설도하다 (동사) 설두(設頭)하다 : 앞장서서 일을 추진하다.
설뜩하다 (동사) 들뜨다. 설레다.

설마더라/설마더러/설마하이 (부사) 설마하니.
설어하다 (동사) 설워하다. 서러워하다. 
설엄 (명사) 설움 : 서럽게 느껴지는 마음. ¶ 배고픈 설엄(=배고픈 설움).
설:은나이 (명사) 앰한나이 : 연말에 태어나서 얼마 지나지 않아 한 살 더 먹는 나이.
설치리 (명사) 설빔 : 설을 맞이하여 새로 장만하여 입거나 신는 옷, 신발 따위를 이르는 말.
설푸다 (형용사) 슬프다.
설하다 (형용사) 누꿈하다 : 전염병이나 해충 따위의 퍼지는 기세가 매우 심하다가 조금 누그러져 약해지다. 잠잠하다. 잦아들다.
섬바섬바 (감탄사) 섬마섬마 : 어린아이가 따로 서는 것을 익힐 때, 어른이 붙들었던 손을 떼면서 내는 소리.",사투리,한국어,,2021-12-10 00:00:00,저작물양도계약서,진주시청,,,,제1유형,저작물,보호저작물,○,상업적이용가능,○,○,○,○,○,○,○,,2091-12-10 00:00:00,,
50,오디오,가이드/안내/정보,진주시청,진주시청,HOME > 진주소개 > 기본현황 > 진주 사투리 사전 > ㅅ,섬을 짓다 ~ 세이래,"섬을 짓다 (관용어) 콩깍지 안의 콩이 자라 커지다.
섬찍하다 (형용사) 섬뜩하다.
섭쓸리다 (동사) 어울리다. 휩쓸리다.
섭천 세가 잇는다 (속담) ‘섭천(涉川)’은 오늘의 천전(川前)지역에 있던 시내 이름으로 그곳에는 소를 잡는 백정(白丁)들이 살고 있었다. 백정에 대해 차별이 있던 시대에 비유적으로 ‘섭천에서 도살될 소가 웃는다.’는 말로, ‘분수에 맞지 않은 말을 할 때 비웃거나 조롱할 때 쓰는 말이었다. ’섭천 소가 웃는다‘라고도 함.
섭하다 (형용사) 섭섭하다.
섯소리 (명사) 선소리. 앞소리.
섰다섰다 (감탄사) 섬바섬바.
성 (명사) 형(兄).
성그랗다/성그렇다 (형용사) 서느렇다.
성기다 (동사) 셍기다 : 이 말 저 말 자꾸 주워대다.
성냥게비 (명사) 저고리 맨 위쪽에 달린 작은 주머니.
성냥각 (명사) 성냥갑.
성냥까치/성냥께이 (명사) 성냥개비 : 낱개의 성냥.
성냥깐 (명사) 대장간 : 쇠를 달구어 온갖 연장을 만드는 곳.
성냥알/성냥알키/성냥알게이 (명사) 성냥개비.
성냥재이 (명사) 대장장이 : 대장일을 하는 기술직 노동자.
성님 (명사) 형님.
성로 (명사) 석류(石榴).
성로꽃 (명사) 석류꽃.
성상 (명사) 안색(顔色). 얼굴. ¶ 성상이 와 그렇네?(=안색이 왜 그렇느냐?)
성싶우다 (형용사) 성싶다.
성애꾼 (명사) 흥정꾼.
성제 (명사) 형제. ¶ 말이 성제지 둘 새는 넘넘 겉다.(=말이 형제이지 둘 사이는 남남 같다.)
성제간 (명사) 형제간. 형제사이.
성그렇다 (형용사) 서느렇다 : 물체의 온도나 기온이 꽤 찬 듯하다. 
¶ 밥이 성그렇게 식었다.(=밥이 서느렇게 식었다.)
세① (명사) 소. ¶ 숙세(=숫소), 암세(=암소).
세② (명사) 서캐 : 이의 알.
세③ (명사) 쉬 : 파리의 알. ¶ 포리가 세를 실었다.(=파리가 쉬를 슬었다.)
세가람질/세거럼질 (명사) 삼거리.
세거름질 (명사) 삼거리. 세거리.
세건/시건 (명사) 소견(所見) : 어떤 일이나 사물을 살펴보고 가지게 되는 생각이나 의견.
세건들다 (동사) 소견이 들다.
세건머리 (명사) 소견머리 : ‘소견’을 속되게 이르는 말.
세건없다 (형용사) 소견머리가 없다. 소견없다.
세겁실 (명사) 삼겹실 : 세 가닥의 올로 꼰 실.
세게기/세게이 (명사) 쇠고기.
세구 (명사) 석유(石油).
세구루마 (명사) 소달구지.
세구시 (명사) 소구유 : 소의 먹이를 담아 주는 구유.
세기 (부사) 세게.
세까래 (명사) 서까래.
세까리 (명사) 서캐 : 이의 알.
세꼬랑데이 (명사) 쇠꼬리.
세꼬레이 (명사) 쇠꼬리.
세꼬뻬이 (명사) 쇠꼬삐.
세꼬재이 (명사) 쇠꼬챙이.
세꼬주우/세꼬중우 (명사) 쇠코잠방이 : 농부가 여름에 일할 때 입는, 무릎까지 오는 짧은 홑바지. 새코잠방이.
세꼴 (명사) 쇠꼴 : 소에게 먹이기 위하여 베는 풀.
섹기/섹히 (부사) 속히 빨리.
섹기섹기/섹히섹히 (부사) 빨리빨리. 속히속히.
세 닢 푸지나 된다 (속담) ‘세 닢 푼어치 정도밖에 안 된다’는 말로 돈 몇 푼으로 계산할 만한 정도밖에 되지 않는다는 말이다.
세다① (동사) 쇠다 : 채소가 너무 자라서 줄기나 잎이 뻣뻣하고 억세게 되다.
세다② (동사) 쇠다 : 명절, 생일, 기념일 같은 날을 맞이하여 지내다.
세다③ (동사) 여기다. 헤아리다 : 마음속으로 그러하다고 인정하거나 생각하다. 
¶ 그리 세다(=그렇게 여기다).
세다리 (명사) 쇠다리 : 소의 발. 쇠족(足).
세대가리 (명사) 쇠머리.
세도둑 (명사) 소도둑.
세똥① (명사) 쇠딱지 : 어린아이의 머리에 덕지덕지 눌어붙은 때.
세똥② (명사) 쇠똥.
세똥도 약 할라 쿠모 기하다 (속담) 쇠똥도 약에 쓰려면 없다는 말로, 아주 흔하여 눈에 자주 띄던 것도 소용이 있어 찾게 되면 눈에 띄지 않게 되는 경우를 비유적으로 이르는 말.
세똥벌거지 (명사) 쇠똥구리.
세똥종우/세똥조우 (명사) 마분지 : 주로 짚을 원료로 하여 만들어 빛이 누렇고 질이 낮은 두꺼운 종이.
세띠기 (명사) 쇠뜨기 : 속샛과의 여러해살이풀.
세마구 (명사) 쇠마구. 쇠마구간.
세마굿거름 (명사) 쇠두엄.
세막대이 (명사) 쇠막대기.
세머리 (명사) 쇠머리 : 잡은 소의 대가리 부분. 푹 삶아서 편육을 만든다.
세멍 (명사) 부리망 : 소를 부릴 때에 소가 곡식이나 풀을 뜯어 먹지 못하게 하려고 소의 주둥이에 씌우는 물건.
세몰이 (명사) 소몰이 : 소를 몰고 다니는 일. 또는 그런 사람.
세물팍 (명사) 쇠무릎. 소의 무릎.
세 미이↑다 (관용어) 소에게 풀을 뜯기다. 
세발 (명사) 쇠발. 소의 발.
세방석 (명사) 쇠덕석 : 추울 때에 소의 등을 덮어 주는 멍석.
세방아 (명사) 연자방아. 연자매.
세버짐 (명사) 쇠버침. 기계총.
세불알 (명사) 쇠불알.
세불치/세불논(매기) (명사) 만도리벼를 심은 논에 마지막으로 하는 김매기.
세비리 (명사) 진드기.
세뿔 (명사) 쇠뿔 : 소의 뿔.
세뿔따구 (명사) 쇠뿔.
세뿔때이 (명사) 쇠뿔.
세사아 (명사)+(조사) 1. 세상(世上)에. ¶ 세사아 모린다.(=세상에 모른다). 
2. 뜻밖의 일이 생겨서 놀랄 때 하는 말. ¶ 세사아 희안한 일이 다 있네.
세새끼 (명사) 소의 새끼. 송아지.
세숫대 (명사) 세수대야.
세시랑 (명사) 쇠스랑.
세싸암 (명사) 소싸움.
세아리다/세알리다 (동사) 헤아리다.
세안 (명사) 겨울.
세오좀 (명사) 쇠오줌.
세음 (명사) 셈 : 사물을 분별하는 슬기.
세음이 없다 (관용어) 사물을 분별하는 슬기가 없다.
세↑이① (명사) 형. 언니.
세이②/서이 (명사) 셋.
세이래 (명사) 세이레 : 아이를 낳은 지 21일이 되는 날.",2021-12-10 00:00:00,94,미부착,제1유형,무,,섬을 짓다 ~ 세이래,,어문,음성,"섬을 짓다 (관용어) 콩깍지 안의 콩이 자라 커지다.
섬찍하다 (형용사) 섬뜩하다.
섭쓸리다 (동사) 어울리다. 휩쓸리다.
섭천 세가 잇는다 (속담) ‘섭천(涉川)’은 오늘의 천전(川前)지역에 있던 시내 이름으로 그곳에는 소를 잡는 백정(白丁)들이 살고 있었다. 백정에 대해 차별이 있던 시대에 비유적으로 ‘섭천에서 도살될 소가 웃는다.’는 말로, ‘분수에 맞지 않은 말을 할 때 비웃거나 조롱할 때 쓰는 말이었다. ’섭천 소가 웃는다‘라고도 함.
섭하다 (형용사) 섭섭하다.
섯소리 (명사) 선소리. 앞소리.
섰다섰다 (감탄사) 섬바섬바.
성 (명사) 형(兄).
성그랗다/성그렇다 (형용사) 서느렇다.
성기다 (동사) 셍기다 : 이 말 저 말 자꾸 주워대다.
성냥게비 (명사) 저고리 맨 위쪽에 달린 작은 주머니.
성냥각 (명사) 성냥갑.
성냥까치/성냥께이 (명사) 성냥개비 : 낱개의 성냥.
성냥깐 (명사) 대장간 : 쇠를 달구어 온갖 연장을 만드는 곳.
성냥알/성냥알키/성냥알게이 (명사) 성냥개비.
성냥재이 (명사) 대장장이 : 대장일을 하는 기술직 노동자.
성님 (명사) 형님.
성로 (명사) 석류(石榴).
성로꽃 (명사) 석류꽃.
성상 (명사) 안색(顔色). 얼굴. ¶ 성상이 와 그렇네?(=안색이 왜 그렇느냐?)
성싶우다 (형용사) 성싶다.
성애꾼 (명사) 흥정꾼.
성제 (명사) 형제. ¶ 말이 성제지 둘 새는 넘넘 겉다.(=말이 형제이지 둘 사이는 남남 같다.)
성제간 (명사) 형제간. 형제사이.
성그렇다 (형용사) 서느렇다 : 물체의 온도나 기온이 꽤 찬 듯하다. 
¶ 밥이 성그렇게 식었다.(=밥이 서느렇게 식었다.)
세① (명사) 소. ¶ 숙세(=숫소), 암세(=암소).
세② (명사) 서캐 : 이의 알.
세③ (명사) 쉬 : 파리의 알. ¶ 포리가 세를 실었다.(=파리가 쉬를 슬었다.)
세가람질/세거럼질 (명사) 삼거리.
세거름질 (명사) 삼거리. 세거리.
세건/시건 (명사) 소견(所見) : 어떤 일이나 사물을 살펴보고 가지게 되는 생각이나 의견.
세건들다 (동사) 소견이 들다.
세건머리 (명사) 소견머리 : ‘소견’을 속되게 이르는 말.
세건없다 (형용사) 소견머리가 없다. 소견없다.
세겁실 (명사) 삼겹실 : 세 가닥의 올로 꼰 실.
세게기/세게이 (명사) 쇠고기.
세구 (명사) 석유(石油).
세구루마 (명사) 소달구지.
세구시 (명사) 소구유 : 소의 먹이를 담아 주는 구유.
세기 (부사) 세게.
세까래 (명사) 서까래.
세까리 (명사) 서캐 : 이의 알.
세꼬랑데이 (명사) 쇠꼬리.
세꼬레이 (명사) 쇠꼬리.
세꼬뻬이 (명사) 쇠꼬삐.
세꼬재이 (명사) 쇠꼬챙이.
세꼬주우/세꼬중우 (명사) 쇠코잠방이 : 농부가 여름에 일할 때 입는, 무릎까지 오는 짧은 홑바지. 새코잠방이.
세꼴 (명사) 쇠꼴 : 소에게 먹이기 위하여 베는 풀.
섹기/섹히 (부사) 속히 빨리.
섹기섹기/섹히섹히 (부사) 빨리빨리. 속히속히.
세 닢 푸지나 된다 (속담) ‘세 닢 푼어치 정도밖에 안 된다’는 말로 돈 몇 푼으로 계산할 만한 정도밖에 되지 않는다는 말이다.
세다① (동사) 쇠다 : 채소가 너무 자라서 줄기나 잎이 뻣뻣하고 억세게 되다.
세다② (동사) 쇠다 : 명절, 생일, 기념일 같은 날을 맞이하여 지내다.
세다③ (동사) 여기다. 헤아리다 : 마음속으로 그러하다고 인정하거나 생각하다. 
¶ 그리 세다(=그렇게 여기다).
세다리 (명사) 쇠다리 : 소의 발. 쇠족(足).
세대가리 (명사) 쇠머리.
세도둑 (명사) 소도둑.
세똥① (명사) 쇠딱지 : 어린아이의 머리에 덕지덕지 눌어붙은 때.
세똥② (명사) 쇠똥.
세똥도 약 할라 쿠모 기하다 (속담) 쇠똥도 약에 쓰려면 없다는 말로, 아주 흔하여 눈에 자주 띄던 것도 소용이 있어 찾게 되면 눈에 띄지 않게 되는 경우를 비유적으로 이르는 말.
세똥벌거지 (명사) 쇠똥구리.
세똥종우/세똥조우 (명사) 마분지 : 주로 짚을 원료로 하여 만들어 빛이 누렇고 질이 낮은 두꺼운 종이.
세띠기 (명사) 쇠뜨기 : 속샛과의 여러해살이풀.
세마구 (명사) 쇠마구. 쇠마구간.
세마굿거름 (명사) 쇠두엄.
세막대이 (명사) 쇠막대기.
세머리 (명사) 쇠머리 : 잡은 소의 대가리 부분. 푹 삶아서 편육을 만든다.
세멍 (명사) 부리망 : 소를 부릴 때에 소가 곡식이나 풀을 뜯어 먹지 못하게 하려고 소의 주둥이에 씌우는 물건.
세몰이 (명사) 소몰이 : 소를 몰고 다니는 일. 또는 그런 사람.
세물팍 (명사) 쇠무릎. 소의 무릎.
세 미이↑다 (관용어) 소에게 풀을 뜯기다. 
세발 (명사) 쇠발. 소의 발.
세방석 (명사) 쇠덕석 : 추울 때에 소의 등을 덮어 주는 멍석.
세방아 (명사) 연자방아. 연자매.
세버짐 (명사) 쇠버침. 기계총.
세불알 (명사) 쇠불알.
세불치/세불논(매기) (명사) 만도리벼를 심은 논에 마지막으로 하는 김매기.
세비리 (명사) 진드기.
세뿔 (명사) 쇠뿔 : 소의 뿔.
세뿔따구 (명사) 쇠뿔.
세뿔때이 (명사) 쇠뿔.
세사아 (명사)+(조사) 1. 세상(世上)에. ¶ 세사아 모린다.(=세상에 모른다). 
2. 뜻밖의 일이 생겨서 놀랄 때 하는 말. ¶ 세사아 희안한 일이 다 있네.
세새끼 (명사) 소의 새끼. 송아지.
세숫대 (명사) 세수대야.
세시랑 (명사) 쇠스랑.
세싸암 (명사) 소싸움.
세아리다/세알리다 (동사) 헤아리다.
세안 (명사) 겨울.
세오좀 (명사) 쇠오줌.
세음 (명사) 셈 : 사물을 분별하는 슬기.
세음이 없다 (관용어) 사물을 분별하는 슬기가 없다.
세↑이① (명사) 형. 언니.
세이②/서이 (명사) 셋.
세이래 (명사) 세이레 : 아이를 낳은 지 21일이 되는 날.",사투리,한국어,,2021-12-10 00:00:00,저작물양도계약서,진주시청,,,,제1유형,저작물,보호저작물,○,상업적이용가능,○,○,○,○,○,○,○,,2091-12-10 00:00:00,,
51,오디오,가이드/안내/정보,진주시청,진주시청,HOME > 진주소개 > 기본현황 > 진주 사투리 사전 > ㅅ,세잇음 ~ 손아구/손아구지/손아금,"세잇음 (명사) 소웃음.
세입마개 (명사) 부리망 : 소를 부릴 때에 소가 곡식이나 풀을 뜯어먹지 못하게 하려고 소의 주둥이에 씌우는 물건.
세접실 (명사) 삼겹실 : 세 올로 드린 실.
세죽 (명사) 쇠죽 : 짚과 콩, 풀 따위를 섞어 끓인 소의 먹이.
세죽구시 (명사) 쇠죽구유 : 쇠죽을 담는 통.
세죽솥 (명사) 쇠죽솥.
세죽통 (명사) 구유 : 소의 먹이를 담아주는 그릇. 흔히 큰 나무토막이나 돌을 길쭉하게 파내어 만든다.
세짤래미 (명사) 혀짤배기 : 혀가 짧아서 ‘ㄹ’ 이나 ‘ㅅ’, ‘ㅈ’ 따위의 받침소리를 제대로 내지 못하는 사람.
세채 (수사)(관형사) 셋째.
세코뜨래 (명사) 소코뚜레 : 소의 코청을 꿰뚫고 거기에 끼는 고리 모양의 나무.
세코중우 (명사) 쇠코잠방이 : 농부가 여름에 일할 때 입는, 무릎까지 오는 짧은 홑바지. 새코잠방이.
세통 (명사) 자물쇠.
세터럭/세터리기/세터리이 (명사) 쇠털.
세티꺼리 (명사) 적은 양의 티끌이란 말로, 아주 적거나 작은 것을 비유적으로 이르는 말.
세티꺼리나 남았다 (관용어) 물건의 분량이 아주 적게 남았다.
세편 (명사) 절편 : 꽃무늬 등이 있는 둥글거나 네모난 판에 눌러 박아 모양 있게 만든 흰떡.
세포리 (명사) 쇠파리.
섹히 (부사) 속히.
센찮다 (형용사) 시원찮다. 미덥찮다.
셍기다 (동사) 섬기다 : 잇달아 주워대다.
셍이 (명사) 형(兄).
소개재이/소개쟁이 (명사) 소개(紹介)꾼.
소곰하다 (동사) 고개를 조금 숙이다.
소구리/소꾸리 (명사) 소쿠리.
소구리궁디 (명사) 소쿠리처럼 생긴 엉덩이, 또는 그런 엉덩이를 가진 사람.
소구하다 (동사) 식보(食補)하다 : 좋은 음식을 먹어서 원기를 보충하다.
소굼 (명사) 소금.
소굼꾸이 (명사) 소금구이.
소굼쟁이 (명사) 소금쟁이. 
소근소근 (부사) 소곤소곤.
소꼿 (명사) 속곳 : 속속곳과 단속곳을 통틀어 이르는 말. 예전에, 여자가 아랫도리의 맨 속에 입던 속옷을 이르던 말.
소나 (명사) 사내. 사나이.
소나새끼 (명사) 사내새끼 : ‘사내’를 욕으로 이르는 말.
소나자석 (명사) 사내자식 : ‘사내’를 속되게 이르는 말.
소대가리 (명사) 소머리 : 잡은 소의 대가리 부분.
소도방/소두방 (명사) 소댕. 솥뚜껑.
소도래/소드래 (명사) 말전주 : 이 사람에게는 저 사람 말을, 저 사람에게는 이 사람 말을 좋지 않게 전하여 이간질하는 짓.
소도래꾼 (명사) 말전주꾼.
소도방 운전수 (관용어) 밥솥을 다루는 사람이라는 뜻으로 ‘가정주부’나 자기 부인을 낮추어 이르는 말.
소독하다 (형용사) 소복하다 : 쌓이거나 담겨 볼록하여 탐스럽다.
소드래꾼 (명사) 말전주꾼.
소드래 끼민다 (관용어) 말전주를 꾸미다.
소드래바람 (명사) 회오리바람.
소뜨껑 (명사) 소댕. 솥뚜껑.
소래 (명사) 소라.
소래고동 (명사) 다슬기.
소럽 (명사) 속사정(事情) : 겉으로 드러나지 아니한 일의 형편.
소롯이 (부사) 조금도 축나거나 변하지 않고 그대로 온전히. 고스란히. (참고) 표준어의 ‘소롯이.(=가볍게 살짝, 드러나지 않게 살며시)’와는 뜻이 다름.) 
소를 파다 (관용어) ‘소(沼)를 파다’는 말로, 어떤 일을 알아내거나 밝히기 위하여 끝까지 파헤치는 것을 비유적으로 이르는 말.
소리다 (동사) 어리다 : 엉기어 괴다.
소리듣다 (동사) 야단맞다. 꾸중듣다.
소릿질 (명사) 오솔길.
소마구 (명사) 외양간.
소문지애씨다 (형용사) (그것에 비하면) 미미하다. 새발의 피다.
소부 (명사) 효부.
소수다 (동사) 솟구다.
소시랑 (명사) 쇠스랑.
소시랑바람/소시랫바람 (명사) 회오리바람.
소실대문 (명사) 솟을대문.
소아치다 (동사) 솟구치다.
소안치 (명사) 송아지.
소양 (명사) 소용(所用).
소양없다 (형용사) 소용없다. 
소엄 (명사) 효험(效驗).
소엄받다 (동사) 효험을 보다.
소이 (명사) 소위(所爲) : 하는 일. 소행. ¶ 생각할수록 소이(:소위)가 괘씸하다.
소자 (명사) 효자.
소잡다 (형용사) 솔다. 좁다. ¶ 질이 소잡아 댕기기가 힘드네.(=길이 좁아 다니기가 힘드네.)
소지 (명사) 소제(掃除).
소지하다 (동사) 소제하다. 청소하다.
소쩌기 (명사) 소쩍새.
소쩡 (명사) 소증(素症) : 푸성귀만 너무 먹어서 고기가 먹고 싶은 증세.
소캐 (명사) 솜.
소캐뭉치 (명사) 솜뭉치.
소캐옷 (명사) 솜옷.
소캐이불 (명사) 솜이불.
소판 (명사) 쓰레받기.
소풀 (명사) 부추.
소험 (명사) 효험.
속닥하다 (형용사) 오붓하다.
속닥하이 (부사) 오붓이. 오붓하게.
속대기 (명사) 돌김.
속빠리다 (형용사) 일 처리가 빠르다.
속아지 (명사) 소가지 : ‘심성’을 속되게 이르는 말.
속후다 (동사) 속이다.
솎우다 (동사) (활용 : 솎우고, 솎우지, 솎아, 솎아라) 솎다. ¶ 배추 한 피기 솎아 온나.
손가래 (명사) 종가래 : 혼자서 쓸 수 있도록 삽처럼 만든 작은 가래.
손까시레이 (명사) 손거스러미.
손꼽장난 (명사) 소꿉장난.
손노락질 (명사) 손장난.
손노릇 (명사) ‘노름’을 비유적으로 이르는 말.
손님치리 (명사) 손겪이 : 손님을 대접하여 치르는 일. 손님치레.
손님치리하다 (동사) 손겪이하다 : 손님을 대접하다.
손등거리/손등더리 (명사) ‘손등’을 속되게 이르는 말.
손맞잽이 (명사) 맞잡이 : 서로 힘이나 가치가 대등한 것으로 여겨지는 사람이나 사물.
손모디 (명사) 손마디.
손목때기/손목때이/손목띠이 (명사) ‘손’을 낮잡아 이르는 말. 손목.
손버릇 (명사) ‘노름’을 비유적으로 이르는 말.
손비비다 (동사) 비손하다 : 두 손을 비비면서 치성을 드리다.
손살피 (명사) 손사래.
손아구/손아구지/손아금 (명사) 손아귀.",2021-12-10 00:00:00,101,미부착,제1유형,무,,세잇음 ~ 손아구/손아구지/손아금,,어문,음성,"세잇음 (명사) 소웃음.
세입마개 (명사) 부리망 : 소를 부릴 때에 소가 곡식이나 풀을 뜯어먹지 못하게 하려고 소의 주둥이에 씌우는 물건.
세접실 (명사) 삼겹실 : 세 올로 드린 실.
세죽 (명사) 쇠죽 : 짚과 콩, 풀 따위를 섞어 끓인 소의 먹이.
세죽구시 (명사) 쇠죽구유 : 쇠죽을 담는 통.
세죽솥 (명사) 쇠죽솥.
세죽통 (명사) 구유 : 소의 먹이를 담아주는 그릇. 흔히 큰 나무토막이나 돌을 길쭉하게 파내어 만든다.
세짤래미 (명사) 혀짤배기 : 혀가 짧아서 ‘ㄹ’ 이나 ‘ㅅ’, ‘ㅈ’ 따위의 받침소리를 제대로 내지 못하는 사람.
세채 (수사)(관형사) 셋째.
세코뜨래 (명사) 소코뚜레 : 소의 코청을 꿰뚫고 거기에 끼는 고리 모양의 나무.
세코중우 (명사) 쇠코잠방이 : 농부가 여름에 일할 때 입는, 무릎까지 오는 짧은 홑바지. 새코잠방이.
세통 (명사) 자물쇠.
세터럭/세터리기/세터리이 (명사) 쇠털.
세티꺼리 (명사) 적은 양의 티끌이란 말로, 아주 적거나 작은 것을 비유적으로 이르는 말.
세티꺼리나 남았다 (관용어) 물건의 분량이 아주 적게 남았다.
세편 (명사) 절편 : 꽃무늬 등이 있는 둥글거나 네모난 판에 눌러 박아 모양 있게 만든 흰떡.
세포리 (명사) 쇠파리.
섹히 (부사) 속히.
센찮다 (형용사) 시원찮다. 미덥찮다.
셍기다 (동사) 섬기다 : 잇달아 주워대다.
셍이 (명사) 형(兄).
소개재이/소개쟁이 (명사) 소개(紹介)꾼.
소곰하다 (동사) 고개를 조금 숙이다.
소구리/소꾸리 (명사) 소쿠리.
소구리궁디 (명사) 소쿠리처럼 생긴 엉덩이, 또는 그런 엉덩이를 가진 사람.
소구하다 (동사) 식보(食補)하다 : 좋은 음식을 먹어서 원기를 보충하다.
소굼 (명사) 소금.
소굼꾸이 (명사) 소금구이.
소굼쟁이 (명사) 소금쟁이. 
소근소근 (부사) 소곤소곤.
소꼿 (명사) 속곳 : 속속곳과 단속곳을 통틀어 이르는 말. 예전에, 여자가 아랫도리의 맨 속에 입던 속옷을 이르던 말.
소나 (명사) 사내. 사나이.
소나새끼 (명사) 사내새끼 : ‘사내’를 욕으로 이르는 말.
소나자석 (명사) 사내자식 : ‘사내’를 속되게 이르는 말.
소대가리 (명사) 소머리 : 잡은 소의 대가리 부분.
소도방/소두방 (명사) 소댕. 솥뚜껑.
소도래/소드래 (명사) 말전주 : 이 사람에게는 저 사람 말을, 저 사람에게는 이 사람 말을 좋지 않게 전하여 이간질하는 짓.
소도래꾼 (명사) 말전주꾼.
소도방 운전수 (관용어) 밥솥을 다루는 사람이라는 뜻으로 ‘가정주부’나 자기 부인을 낮추어 이르는 말.
소독하다 (형용사) 소복하다 : 쌓이거나 담겨 볼록하여 탐스럽다.
소드래꾼 (명사) 말전주꾼.
소드래 끼민다 (관용어) 말전주를 꾸미다.
소드래바람 (명사) 회오리바람.
소뜨껑 (명사) 소댕. 솥뚜껑.
소래 (명사) 소라.
소래고동 (명사) 다슬기.
소럽 (명사) 속사정(事情) : 겉으로 드러나지 아니한 일의 형편.
소롯이 (부사) 조금도 축나거나 변하지 않고 그대로 온전히. 고스란히. (참고) 표준어의 ‘소롯이.(=가볍게 살짝, 드러나지 않게 살며시)’와는 뜻이 다름.) 
소를 파다 (관용어) ‘소(沼)를 파다’는 말로, 어떤 일을 알아내거나 밝히기 위하여 끝까지 파헤치는 것을 비유적으로 이르는 말.
소리다 (동사) 어리다 : 엉기어 괴다.
소리듣다 (동사) 야단맞다. 꾸중듣다.
소릿질 (명사) 오솔길.
소마구 (명사) 외양간.
소문지애씨다 (형용사) (그것에 비하면) 미미하다. 새발의 피다.
소부 (명사) 효부.
소수다 (동사) 솟구다.
소시랑 (명사) 쇠스랑.
소시랑바람/소시랫바람 (명사) 회오리바람.
소실대문 (명사) 솟을대문.
소아치다 (동사) 솟구치다.
소안치 (명사) 송아지.
소양 (명사) 소용(所用).
소양없다 (형용사) 소용없다. 
소엄 (명사) 효험(效驗).
소엄받다 (동사) 효험을 보다.
소이 (명사) 소위(所爲) : 하는 일. 소행. ¶ 생각할수록 소이(:소위)가 괘씸하다.
소자 (명사) 효자.
소잡다 (형용사) 솔다. 좁다. ¶ 질이 소잡아 댕기기가 힘드네.(=길이 좁아 다니기가 힘드네.)
소지 (명사) 소제(掃除).
소지하다 (동사) 소제하다. 청소하다.
소쩌기 (명사) 소쩍새.
소쩡 (명사) 소증(素症) : 푸성귀만 너무 먹어서 고기가 먹고 싶은 증세.
소캐 (명사) 솜.
소캐뭉치 (명사) 솜뭉치.
소캐옷 (명사) 솜옷.
소캐이불 (명사) 솜이불.
소판 (명사) 쓰레받기.
소풀 (명사) 부추.
소험 (명사) 효험.
속닥하다 (형용사) 오붓하다.
속닥하이 (부사) 오붓이. 오붓하게.
속대기 (명사) 돌김.
속빠리다 (형용사) 일 처리가 빠르다.
속아지 (명사) 소가지 : ‘심성’을 속되게 이르는 말.
속후다 (동사) 속이다.
솎우다 (동사) (활용 : 솎우고, 솎우지, 솎아, 솎아라) 솎다. ¶ 배추 한 피기 솎아 온나.
손가래 (명사) 종가래 : 혼자서 쓸 수 있도록 삽처럼 만든 작은 가래.
손까시레이 (명사) 손거스러미.
손꼽장난 (명사) 소꿉장난.
손노락질 (명사) 손장난.
손노릇 (명사) ‘노름’을 비유적으로 이르는 말.
손님치리 (명사) 손겪이 : 손님을 대접하여 치르는 일. 손님치레.
손님치리하다 (동사) 손겪이하다 : 손님을 대접하다.
손등거리/손등더리 (명사) ‘손등’을 속되게 이르는 말.
손맞잽이 (명사) 맞잡이 : 서로 힘이나 가치가 대등한 것으로 여겨지는 사람이나 사물.
손모디 (명사) 손마디.
손목때기/손목때이/손목띠이 (명사) ‘손’을 낮잡아 이르는 말. 손목.
손버릇 (명사) ‘노름’을 비유적으로 이르는 말.
손비비다 (동사) 비손하다 : 두 손을 비비면서 치성을 드리다.
손살피 (명사) 손사래.
손아구/손아구지/손아금 (명사) 손아귀.",사투리,한국어,,2021-12-10 00:00:00,저작물양도계약서,진주시청,,,,제1유형,저작물,보호저작물,○,상업적이용가능,○,○,○,○,○,○,○,,2091-12-10 00:00:00,,
52,오디오,가이드/안내/정보,진주시청,진주시청,HOME > 진주소개 > 기본현황 > 진주 사투리 사전 > ㅅ,손 아푸다 ~ 숙지나물,"손 아푸다 (관용어) 마주 대하기가 만만찮다. 
손 아푼 새 (관용어) ’손이 아픈 사이’라는 말로, 마주 대하기가 만만치 않은 사이. 
¶ 사돈끼리는 서로 손 아푼 새다.
손우 (명사) 손위 : 나이나 항렬 따위가 자기보다 위이거나 높은 관계.
손이 거치다 (관용어) ’손이 거칠다’라는 말로 도벽이 있는 경우를 비유적으로 이르는 말.
손자빨 (명사) 손자뻘. 
손잽이 (명사) 손잡이.
손젂이 (명사) 손겪이 : 손님을 대접하는 일.
손질 (명사) 손님질.
손찜 (명사) 뒷짐. 
손찜지다 (동사) 뒷짐지다. ¶ 그 사람은 늘 손찜을 지고 다닌다.
손텁 (명사) 손톱.
손홀깨 (명사) 그네 : 베를 훑는 데 쓰던 농기구.
솔가리 (명사) 송홧가루 : 소나무의 꽃가루.
솔개이/솔갱이 (명사) 솔개 : 매목수릿과에 속한 새.
솔곳이 (부사) 솔깃하게.
솔곳하다/솔긴하다 (형용사) 솔깃하다.
솔갈비[-깔-] (명사) 솔가리 : 말라서 땅에 떨어진 솔잎.
솔깨이/솔깽이 (명사) 솔가지 : 땔감으로 쓰려고 꺾어서 말린 소나무 가지.
솔나무 (명사) 소나무.
솔/솔 (명사) 소나무. ¶ 높은 솔에[솔남게] 올라가모 겁날 긴데? / 솔에[솔낭게] 열리는 기 솔빠알 아이가?(=소나무에 열리는 게 솔방울 아니냐?)
솔녀 (명사) 손녀(孫女).
솔딱/솔땅/솔랑/솔빡/솔빵 (부사) 홀딱. 송두리째. 모두.
솔랑솔랑 (부사) 솔래솔래.
솔빠알/솔빨/솔빵구/솔빵울 (명사) 솔방울.
솔엎 (명사) 속사정.
솔찍하다 (형용사) 솔다 : 공간이 좁다.
솟굴리다 (동사) 솟구치다.
솟우다 (동사) 솟구다.
솟이다 (동사) 솟다.
송구① (명사) 송기(松肌) : 소나무의 속껍질, 쌀가루와 함께 섞어서 떡이나 죽을 만들어 먹기도 한다.
송구② (명사) 송곳 : 나무나 쇠붙이 따위에 작은 구멍을 뚫는 연장.
송굿니 (명사) 송곳니.
송글송글 (부사) 송골송골.
송시럽다 (형용사) 소요스럽다 : 보기에 여럿이 떠들썩하게 들고 일어나는 데가 있다. 또는 술렁거리고 소란스러운 데가 있다.
송신하다 (형용사) 시끄러워 정신이 없다. 정신이 없을 정도로 시끄럽다.
송아치 (명사) 송아지.
송아치 움벙 디다보듯 (속담) 목마른 송아지가 물이 있는 웅덩이를 그저 들여다볼 수밖에 없다는 뜻으로, 매우 갖고 싶은 것을 보고만 있을 수밖에 없으니 더욱 애가 탄다는 말. 
송애 (명사) 송어 : (연어)과의 바닷물고기.
송칭이 (명사) 송충이.
솥뜨껑 (명사) 솥뚜껑.
수가 죽다 (관용어) 기가 꺾이어 약해지다.
수건기리다 (동사) 수군거리다.
수구리다 (동사) 수그리다. ¶ 수구리(=수구려 : 수구리다의 명령형).
수구잠 (명사) 수잠. 겉잠 : 깊이 들지 않은 잠.
수군포 (명사) 삽.
수까락망태 (명사) ’입’을 속되게 이르는 말.
수껌디이 (명사) 숯검정.
수껑 (명사) 숯.
수덥하다 (형용사) 수더분하다 : 모나지 않고 서글서글하여 무던하다.
수두룩 뻑뻑하다 (형용사) 수두룩하다 : 매우 많거나 흔하다.
수둑하다 (형용사) 수두룩하다.
수리미 (명사) 오징어.
수리지끼 (명사) 수수께끼.
수리탄 (명사) 수류탄 : 손으로 던져 폭발시키는 소형 폭탄.
수매 (명사) 토리(土理). 지미(地味) : 메마르거나 기름진 흙의 성질. 어떤 식물에 맞고 안 맞는 땅의 성질. 
¶ 곡석(=곡식)은 종자도 좋아야 하지만 수매(=토리)가 짚어야(=깊어야) 잘 덴다.
수매짚다 (형용사) 웅숭깊다 : 생각이나 뜻이 크고 넓다.
수무 (관형사) 스무 ¶ 수무 개(=스물 개). 수무 살(=스물 살)
수무나암 (관형사)(수사) 스무남은 : 스물이 조금 넘은 수(의). 
¶ 수무나암 개(=스무남은), 수무나암 살(=스물남은 살)
수무나암시 (준말) 스무남은 사람. ¶ 모두 수무나암시 모있더라.(=모두 스무남은 사람 모였더라.)
수물 (관형사)(수사) 스물.
수배이/수바이/수비이/수빙이 (명사) 잠자리.
수시 (명사) 수수.
수시깨비 (명사) 수수깡.
수시껀 (부사) 한동안. 한참.
수시쌀 (명사) 수수쌀.
수싯대 (명사) 수숫대. 수수깡.
수악하다 (형용사) 지독하다. 흉악하다. 
수악해라 (감탄사) ‘수악하다’의 감탄형. ¶ 참 수악해라. 걸배이한테 동냥은 못할말정 밥통을 뽀수다이. 
수안 (명사) 수완(手腕) : 일을 꾸미거나 치러 나가는 재간.
수안이 좋다 (관용어) 수완이 좋다.
수왕 (명사) 땅을 파고 커다란 항아리를 묻어 대변과 소변을 모으던 시설. 뒷간. 변소.
수왕푸다 (동사) 뒷간을 푸다. 
수울찮다 (형용사) 수월찮다. 1. 까다롭거나 힘들다. ¶ 새로 맡은 일이 수울찮았다. 
2. 꽤 많다. ¶ 수술비가 수울찮게 들어갔다.
수울찮이 (부사) 적지않이.
수울하다 (형용사) 수월하다.
수욿다 (형용사) 수월하다.
수이잠 (명사) 수잠.
수제 (명사) 수저 : 숟가락과 젓가락을 아울러 이르는 말.
수중 (명사) 시중 : 옆에 있으면서 여러 가지 심부름을 하는 일.
수중들다 (동사) 시중들다.
수집다 (형용사) 수줍다.
수집어하다 (동사) 수줍어하다.
수챗구녕 (명사) 수챗구멍 : 수채의 허드렛물이 빠져나가는 구멍.
수타 (부사) 꽤 : 1. 보통보다 조금 더한 정도로. 
2. 제법 괜찮을 정도로. ¶ 수타 뎄다.(=꽤 오래 되었다.) / 수타 많다.(=꽤 많다.)
숙구리 (명사) 수구렁이.
숙지 (명사) 숙주 : 숙주나물.
숙지나물 (명사) 숙주나물 : 녹두를 시루 같은 그릇에 담아 물을 주어서 싹을 낸 나물.",2021-12-10 00:00:00,87,미부착,제1유형,무,,손 아푸다 ~ 숙지나물,,어문,음성,"손 아푸다 (관용어) 마주 대하기가 만만찮다. 
손 아푼 새 (관용어) ’손이 아픈 사이’라는 말로, 마주 대하기가 만만치 않은 사이. 
¶ 사돈끼리는 서로 손 아푼 새다.
손우 (명사) 손위 : 나이나 항렬 따위가 자기보다 위이거나 높은 관계.
손이 거치다 (관용어) ’손이 거칠다’라는 말로 도벽이 있는 경우를 비유적으로 이르는 말.
손자빨 (명사) 손자뻘. 
손잽이 (명사) 손잡이.
손젂이 (명사) 손겪이 : 손님을 대접하는 일.
손질 (명사) 손님질.
손찜 (명사) 뒷짐. 
손찜지다 (동사) 뒷짐지다. ¶ 그 사람은 늘 손찜을 지고 다닌다.
손텁 (명사) 손톱.
손홀깨 (명사) 그네 : 베를 훑는 데 쓰던 농기구.
솔가리 (명사) 송홧가루 : 소나무의 꽃가루.
솔개이/솔갱이 (명사) 솔개 : 매목수릿과에 속한 새.
솔곳이 (부사) 솔깃하게.
솔곳하다/솔긴하다 (형용사) 솔깃하다.
솔갈비[-깔-] (명사) 솔가리 : 말라서 땅에 떨어진 솔잎.
솔깨이/솔깽이 (명사) 솔가지 : 땔감으로 쓰려고 꺾어서 말린 소나무 가지.
솔나무 (명사) 소나무.
솔/솔 (명사) 소나무. ¶ 높은 솔에[솔남게] 올라가모 겁날 긴데? / 솔에[솔낭게] 열리는 기 솔빠알 아이가?(=소나무에 열리는 게 솔방울 아니냐?)
솔녀 (명사) 손녀(孫女).
솔딱/솔땅/솔랑/솔빡/솔빵 (부사) 홀딱. 송두리째. 모두.
솔랑솔랑 (부사) 솔래솔래.
솔빠알/솔빨/솔빵구/솔빵울 (명사) 솔방울.
솔엎 (명사) 속사정.
솔찍하다 (형용사) 솔다 : 공간이 좁다.
솟굴리다 (동사) 솟구치다.
솟우다 (동사) 솟구다.
솟이다 (동사) 솟다.
송구① (명사) 송기(松肌) : 소나무의 속껍질, 쌀가루와 함께 섞어서 떡이나 죽을 만들어 먹기도 한다.
송구② (명사) 송곳 : 나무나 쇠붙이 따위에 작은 구멍을 뚫는 연장.
송굿니 (명사) 송곳니.
송글송글 (부사) 송골송골.
송시럽다 (형용사) 소요스럽다 : 보기에 여럿이 떠들썩하게 들고 일어나는 데가 있다. 또는 술렁거리고 소란스러운 데가 있다.
송신하다 (형용사) 시끄러워 정신이 없다. 정신이 없을 정도로 시끄럽다.
송아치 (명사) 송아지.
송아치 움벙 디다보듯 (속담) 목마른 송아지가 물이 있는 웅덩이를 그저 들여다볼 수밖에 없다는 뜻으로, 매우 갖고 싶은 것을 보고만 있을 수밖에 없으니 더욱 애가 탄다는 말. 
송애 (명사) 송어 : (연어)과의 바닷물고기.
송칭이 (명사) 송충이.
솥뜨껑 (명사) 솥뚜껑.
수가 죽다 (관용어) 기가 꺾이어 약해지다.
수건기리다 (동사) 수군거리다.
수구리다 (동사) 수그리다. ¶ 수구리(=수구려 : 수구리다의 명령형).
수구잠 (명사) 수잠. 겉잠 : 깊이 들지 않은 잠.
수군포 (명사) 삽.
수까락망태 (명사) ’입’을 속되게 이르는 말.
수껌디이 (명사) 숯검정.
수껑 (명사) 숯.
수덥하다 (형용사) 수더분하다 : 모나지 않고 서글서글하여 무던하다.
수두룩 뻑뻑하다 (형용사) 수두룩하다 : 매우 많거나 흔하다.
수둑하다 (형용사) 수두룩하다.
수리미 (명사) 오징어.
수리지끼 (명사) 수수께끼.
수리탄 (명사) 수류탄 : 손으로 던져 폭발시키는 소형 폭탄.
수매 (명사) 토리(土理). 지미(地味) : 메마르거나 기름진 흙의 성질. 어떤 식물에 맞고 안 맞는 땅의 성질. 
¶ 곡석(=곡식)은 종자도 좋아야 하지만 수매(=토리)가 짚어야(=깊어야) 잘 덴다.
수매짚다 (형용사) 웅숭깊다 : 생각이나 뜻이 크고 넓다.
수무 (관형사) 스무 ¶ 수무 개(=스물 개). 수무 살(=스물 살)
수무나암 (관형사)(수사) 스무남은 : 스물이 조금 넘은 수(의). 
¶ 수무나암 개(=스무남은), 수무나암 살(=스물남은 살)
수무나암시 (준말) 스무남은 사람. ¶ 모두 수무나암시 모있더라.(=모두 스무남은 사람 모였더라.)
수물 (관형사)(수사) 스물.
수배이/수바이/수비이/수빙이 (명사) 잠자리.
수시 (명사) 수수.
수시깨비 (명사) 수수깡.
수시껀 (부사) 한동안. 한참.
수시쌀 (명사) 수수쌀.
수싯대 (명사) 수숫대. 수수깡.
수악하다 (형용사) 지독하다. 흉악하다. 
수악해라 (감탄사) ‘수악하다’의 감탄형. ¶ 참 수악해라. 걸배이한테 동냥은 못할말정 밥통을 뽀수다이. 
수안 (명사) 수완(手腕) : 일을 꾸미거나 치러 나가는 재간.
수안이 좋다 (관용어) 수완이 좋다.
수왕 (명사) 땅을 파고 커다란 항아리를 묻어 대변과 소변을 모으던 시설. 뒷간. 변소.
수왕푸다 (동사) 뒷간을 푸다. 
수울찮다 (형용사) 수월찮다. 1. 까다롭거나 힘들다. ¶ 새로 맡은 일이 수울찮았다. 
2. 꽤 많다. ¶ 수술비가 수울찮게 들어갔다.
수울찮이 (부사) 적지않이.
수울하다 (형용사) 수월하다.
수욿다 (형용사) 수월하다.
수이잠 (명사) 수잠.
수제 (명사) 수저 : 숟가락과 젓가락을 아울러 이르는 말.
수중 (명사) 시중 : 옆에 있으면서 여러 가지 심부름을 하는 일.
수중들다 (동사) 시중들다.
수집다 (형용사) 수줍다.
수집어하다 (동사) 수줍어하다.
수챗구녕 (명사) 수챗구멍 : 수채의 허드렛물이 빠져나가는 구멍.
수타 (부사) 꽤 : 1. 보통보다 조금 더한 정도로. 
2. 제법 괜찮을 정도로. ¶ 수타 뎄다.(=꽤 오래 되었다.) / 수타 많다.(=꽤 많다.)
숙구리 (명사) 수구렁이.
숙지 (명사) 숙주 : 숙주나물.
숙지나물 (명사) 숙주나물 : 녹두를 시루 같은 그릇에 담아 물을 주어서 싹을 낸 나물.",사투리,한국어,,2021-12-10 00:00:00,저작물양도계약서,진주시청,,,,제1유형,저작물,보호저작물,○,상업적이용가능,○,○,○,○,○,○,○,,2091-12-10 00:00:00,,
53,오디오,가이드/안내/정보,진주시청,진주시청,HOME > 진주소개 > 기본현황 > 진주 사투리 사전 > ㅅ,순디이/순딩이 ~ 시석바리/시석배이,"순디이/순딩이 (명사) 순둥이.
술도개 (명사) 술도가(-都家) : 술을 만들어 도매하는 집. 주조장. 양조장.
술짐 (명사) 술김 : 술에 취한 김. 
술짐애 (부사) 술김에. ¶ 술짐에 실수를 했다.(=술김에 실수를 했다.)
술찌게이/술찌게미 (명사) 지게미 : 술을 거르고 남은 찌꺼기.
술참 (명사) 곁두리. 새참. 중참.
술취정/술치정 (명사) 술주정.
술치정배이/술치정뱅이 (명사) 술주정뱅이.
술치다 (동사) 옛날에, 밀주(密酒)를 단속하던 일.
술푸대 (명사) 술고래.
숨꾸녕 (명사) 숨구멍.
숨시다 (동사) 숨쉬다.
숨아꼭질 (명사) 숨바꼭질.
숨질 (명사) 숨결. 
숩다 (형용사) 쉽다.
숫구 (명사) 숫기 : 활발하여 부끄러워하지 않는 기운.
숫구가 좋다 (관용어) 수줍어하거나 부끄러워하는 기색이 없이 활발하다.
숫껌디이 (명사) 1. 숯검정. ¶ 낯에 숯껌디이를 바리고 내뺐다. 
2. 숯검둥이 ¶ 숯껌디이가 다 뎄네.
숫되베이 (명사) 순진하고 어리숙한 사람을 이르는 말.
숭① (명사) 허물 : 남에게 비웃음을 살 만한 거리. ¶ 가난은 숭이 아이다.
숭② (명사) 흉터 : 상처가 아물고 남은 자국. 
¶ 상처에 자꾸 손대모 숭 진데이.(=상처에 자꾸 손대면 흉터 생긴다.)
숭구다 (동사) 심다.
숭내 (명사) 흉내.
숭내다 (동사) 흉내질하다. ¶ 남 다리 아푼 걸 숭내고 다니모 데나.
숭냥/숭녕 (명사) 숭늉.
숭년 (명사) 흉년.
숭보다 (동사) 흉보다.
숭시럽다 (형용사) 흉스럽다.
숭악하다 (형용사) 지독하다.
숭잡다 (동사) 흉잡다. 흠잡다.
숭잡히다 (동사) 흉잡히다.
숭축시럽다 (형용사) 흉측스럽다.
숭축시리 (부사) 흉측스레.
숭축하다 (형용사) 흉측하다.
숭쿠다/신쿠다 (동사) 숨기다. ¶ 거어 숭쿠모 금방 들통날 긴데.(=거기 숨기면 금방 들통날 텐데.)
숭터 (명사) 흉터.
숭하다 (형용사) 흉하다.
숯 (명사) (윷놀이)윷.
숯굴 (명사) 숯가마.
숮껌디이 (명사) 숯검정 : 숯에서 묻은 그을음.
숯이 껌정 나무랜다 (속담) 숯이 검댕을 나무란다는 뜻으로, 제 허물은 생각하지 않고 남의 허물을 들추어냄을 비유적으로 이르는 말.
스물스물 (부사) 스멀스멀.
스쩍스쩍 (부사) 슬쩍슬쩍.
슬폿이 (부사) 설핏 : 1. 해의 밝은 빛이 약해진 모양. 2. 잠깐 나타나거나 떠오르는 모양.
슬폿하다 (형용사) 설핏하다.
시①/시까리/시리 (명사) 쉬 : 파리의 알. ¶ 시 씰다(=쉬 슬다).
시② (감탄사) 쉬 : 어린 아이가 오줌을 누일 때 내는 소리.
시③ (감탄사) 쉬 : 떠들거나 큰 소리를 내지 말라고 할 때 내는 소리.
시건 (명사) 소견(所見).
시건뻘쩍하다 (형용사) 시금떨떨하다. 시금털털하다.
시구룸하다 (형용사) 신맛이 있다.
시그럽다 (형용사) 새그럽다. 시다.
시금뻘쩍하다 (형용사) 시금떨떨하다. 시금털털하다.
시기다① (동사) 시키다.
시기다② (동사) (고개를) 숙이다.
시꾸룬하다/시꾸룸하다 (형용사) 시무룩하다.
시나부로/시나불로 (부사) 시나브로 : 모르는 사이에 조금씩 조금씩.
시누대/시누릿대 (명사) 식대. 해장죽.
시님 (명사) 스님 : ‘중’을 높여 이르는 말.
시다① (동사) (숨을) 쉬다.
시다② (동사) (명절을) 쇠다.
시다③ (동사) (목이) 쉬다.
시다④ (동사) (음식이) 쉬다.
시동상 (명사) 시동생.
시러비 (명사) 시러베 : 실없는 사람을 이르는 말. ¶ 시러비 자식.
-시럽다 접미 –스럽다.
시럽재이 (명사) 실없쟁이 : 실없는 사람을 놀림조로 이르는 말.
시루다 (동사) 겨루다.
시리 (명사) 시루.
-시리 접미 –스레.
시리떡 (명사) 시루떡.
시리방석 (명사) 시룻밑 : 시루 안의 것이 새지 않도록 시루 밑동에 까는 기구.
시리뻰 (명사) 시룻번 : 시루를 솥에 앉힐 때 그 틈에서 김이 새지 않도록 바르는 반죽.
시물 (수사)(관형사) 스물.
시방삼아 (부사) 헛일삼아. 시험삼아.
시부리다 (동사) 시부렁거리다.
시부적하이 (부사) 시부저기.
시부지기/시부지이 (부사) 시부저기.
시불퉁하다 (형용사) 시무룩하다.
시뻘개지다 (동사) 시뻘게지다.
시뻘거이 (부사) 시뻘겋게.
시뿌다 (형용사) 시쁘다 : 마음에 차지 않아서 시들하다.
시상 (명사) 세상.
시상베리다 (동사) 별세하다.
시상에 (감탄사) 세상에 : 뜻밖의 일이 생겨서 놀랐을 때 하는 말.
시석바리/시석배이 (명사) 시시덕이 : 시시덕거리기를 잘하는 사람을 이르는 말.",2021-12-10 00:00:00,86,미부착,제1유형,무,,순디이/순딩이 ~ 시석바리/시석배이,,어문,음성,"순디이/순딩이 (명사) 순둥이.
술도개 (명사) 술도가(-都家) : 술을 만들어 도매하는 집. 주조장. 양조장.
술짐 (명사) 술김 : 술에 취한 김. 
술짐애 (부사) 술김에. ¶ 술짐에 실수를 했다.(=술김에 실수를 했다.)
술찌게이/술찌게미 (명사) 지게미 : 술을 거르고 남은 찌꺼기.
술참 (명사) 곁두리. 새참. 중참.
술취정/술치정 (명사) 술주정.
술치정배이/술치정뱅이 (명사) 술주정뱅이.
술치다 (동사) 옛날에, 밀주(密酒)를 단속하던 일.
술푸대 (명사) 술고래.
숨꾸녕 (명사) 숨구멍.
숨시다 (동사) 숨쉬다.
숨아꼭질 (명사) 숨바꼭질.
숨질 (명사) 숨결. 
숩다 (형용사) 쉽다.
숫구 (명사) 숫기 : 활발하여 부끄러워하지 않는 기운.
숫구가 좋다 (관용어) 수줍어하거나 부끄러워하는 기색이 없이 활발하다.
숫껌디이 (명사) 1. 숯검정. ¶ 낯에 숯껌디이를 바리고 내뺐다. 
2. 숯검둥이 ¶ 숯껌디이가 다 뎄네.
숫되베이 (명사) 순진하고 어리숙한 사람을 이르는 말.
숭① (명사) 허물 : 남에게 비웃음을 살 만한 거리. ¶ 가난은 숭이 아이다.
숭② (명사) 흉터 : 상처가 아물고 남은 자국. 
¶ 상처에 자꾸 손대모 숭 진데이.(=상처에 자꾸 손대면 흉터 생긴다.)
숭구다 (동사) 심다.
숭내 (명사) 흉내.
숭내다 (동사) 흉내질하다. ¶ 남 다리 아푼 걸 숭내고 다니모 데나.
숭냥/숭녕 (명사) 숭늉.
숭년 (명사) 흉년.
숭보다 (동사) 흉보다.
숭시럽다 (형용사) 흉스럽다.
숭악하다 (형용사) 지독하다.
숭잡다 (동사) 흉잡다. 흠잡다.
숭잡히다 (동사) 흉잡히다.
숭축시럽다 (형용사) 흉측스럽다.
숭축시리 (부사) 흉측스레.
숭축하다 (형용사) 흉측하다.
숭쿠다/신쿠다 (동사) 숨기다. ¶ 거어 숭쿠모 금방 들통날 긴데.(=거기 숨기면 금방 들통날 텐데.)
숭터 (명사) 흉터.
숭하다 (형용사) 흉하다.
숯 (명사) (윷놀이)윷.
숯굴 (명사) 숯가마.
숮껌디이 (명사) 숯검정 : 숯에서 묻은 그을음.
숯이 껌정 나무랜다 (속담) 숯이 검댕을 나무란다는 뜻으로, 제 허물은 생각하지 않고 남의 허물을 들추어냄을 비유적으로 이르는 말.
스물스물 (부사) 스멀스멀.
스쩍스쩍 (부사) 슬쩍슬쩍.
슬폿이 (부사) 설핏 : 1. 해의 밝은 빛이 약해진 모양. 2. 잠깐 나타나거나 떠오르는 모양.
슬폿하다 (형용사) 설핏하다.
시①/시까리/시리 (명사) 쉬 : 파리의 알. ¶ 시 씰다(=쉬 슬다).
시② (감탄사) 쉬 : 어린 아이가 오줌을 누일 때 내는 소리.
시③ (감탄사) 쉬 : 떠들거나 큰 소리를 내지 말라고 할 때 내는 소리.
시건 (명사) 소견(所見).
시건뻘쩍하다 (형용사) 시금떨떨하다. 시금털털하다.
시구룸하다 (형용사) 신맛이 있다.
시그럽다 (형용사) 새그럽다. 시다.
시금뻘쩍하다 (형용사) 시금떨떨하다. 시금털털하다.
시기다① (동사) 시키다.
시기다② (동사) (고개를) 숙이다.
시꾸룬하다/시꾸룸하다 (형용사) 시무룩하다.
시나부로/시나불로 (부사) 시나브로 : 모르는 사이에 조금씩 조금씩.
시누대/시누릿대 (명사) 식대. 해장죽.
시님 (명사) 스님 : ‘중’을 높여 이르는 말.
시다① (동사) (숨을) 쉬다.
시다② (동사) (명절을) 쇠다.
시다③ (동사) (목이) 쉬다.
시다④ (동사) (음식이) 쉬다.
시동상 (명사) 시동생.
시러비 (명사) 시러베 : 실없는 사람을 이르는 말. ¶ 시러비 자식.
-시럽다 접미 –스럽다.
시럽재이 (명사) 실없쟁이 : 실없는 사람을 놀림조로 이르는 말.
시루다 (동사) 겨루다.
시리 (명사) 시루.
-시리 접미 –스레.
시리떡 (명사) 시루떡.
시리방석 (명사) 시룻밑 : 시루 안의 것이 새지 않도록 시루 밑동에 까는 기구.
시리뻰 (명사) 시룻번 : 시루를 솥에 앉힐 때 그 틈에서 김이 새지 않도록 바르는 반죽.
시물 (수사)(관형사) 스물.
시방삼아 (부사) 헛일삼아. 시험삼아.
시부리다 (동사) 시부렁거리다.
시부적하이 (부사) 시부저기.
시부지기/시부지이 (부사) 시부저기.
시불퉁하다 (형용사) 시무룩하다.
시뻘개지다 (동사) 시뻘게지다.
시뻘거이 (부사) 시뻘겋게.
시뿌다 (형용사) 시쁘다 : 마음에 차지 않아서 시들하다.
시상 (명사) 세상.
시상베리다 (동사) 별세하다.
시상에 (감탄사) 세상에 : 뜻밖의 일이 생겨서 놀랐을 때 하는 말.
시석바리/시석배이 (명사) 시시덕이 : 시시덕거리기를 잘하는 사람을 이르는 말.",사투리,한국어,,2021-12-10 00:00:00,저작물양도계약서,진주시청,,,,제1유형,저작물,보호저작물,○,상업적이용가능,○,○,○,○,○,○,○,,2091-12-10 00:00:00,,
54,오디오,가이드/안내/정보,진주시청,진주시청,HOME > 진주소개 > 기본현황 > 진주 사투리 사전 > ㅅ,시실 ~ 싸가지없다,"시실 (부사) 슬슬 : 남이 모르게 슬그머니 행동하는 모양.
시실다 (동사) 쉬슬다.
시실하다 (형용사) 슬슬하다.
시아리다 (동사) 헤아리다.
시아바씨/시아부지 (명사) 시아버지.
시아재비 (명사) 시아주버니.
시안 (명사) 세(歲)안 : 한 해가 끝나기 이전.
시어마씨 (명사) 남의 시어머니를 일컫는 말.
시어무이 (명사) 자기 시어머니를 높여 일컫는 말.
시어마이/시오마이 (명사) 남의 시어머니를 낮추어 부르는 말.
시언하다 (형용사) 시원하다.
시엄 (명사) 시험(試驗).
시에미 (명사) 남의 시(어미)를 속되게 일컫는 말.
시이다 (동사) 시키다.
-(으)시이소 (어미) -(으)십시오. ¶ 하시이소, 가시이소, 잡으시이소. / 아버님도 한복 입고 가시이소.
시이/싱이 (명사) 송이. ¶ 꽃 한 싱이.
시이실 (부사) 슬슬. 
시인대로 (부사) 시키는 대로.
시장시럽다 (형용사) 시들하다 : 시시하고 하찮다.
시지부지 (부사) 흐지부지.
-시지예 (어미) -십시오. ¶ 그리 하시지예.(=그리 하십시오.)
시치다 (동사) 스치다.
시커멓거로 (부사) 시커멓게.
시컴하다 (형용사) 시커멓다.
시컴하이 (부사) 시커멓게.
식후다 (동사) 식히다.
시퍼보다/시뻐보다 (동사) 시뻐하다 : 마음에 차지 아니하여 시들하게 생각하다. 별로 대수롭지 않게 여기다.
시푸다① (형용사) 싶다. 
시푸다② (형용사) 시쁘다.
시피하다 (동사) 별 흥미가 없다.
시핀 (명사) 절편 : 떡살로 눌러 모나거나 둥글게 만든 흰 떡.
시한 (명사) 세(歲)안 : 한 해가 끝나기 이전.
식 (명사) 멋 : 차림새. 행동, 됨됨이 따위가 세련되고 아름다움. 
¶ 그 사람 식 데기 찾는다.(=그 사람 멋 되게 찾는다.)
식겁묵다 (동사) 식겁하다.
식범 (명사) 칡범 : 몸에 칡덩굴 같은 어룽어룽한 줄무늬가 있는 범.
식이다 (동사) 숙이다.
식재이 (명사) 멋쟁이.
식티이/식팅이 (명사) 식충이.
신 (수사)(관형사) 쉰. 오십.
신간하다 (동사) 승강(昇降)이하다 : 서로 자기주장을 고집하며 옥신각신하다.
신게이 (명사) 싱경이 : 납작파래.
신끈 (명사) 들메끈 : 신이 벗어지지 않도록 신을 발에다 동여매는 끈.
신내이 (명사) 씀바귀.
시인대로 (부사) 시키는 대로.
신물찡 (명사) 지긋지긋하고 진절머리 나는 증세.
신물찡 난다 (관용어) 하기 싫은 일을 오래하여 진절머리가 난다.
신바람 (명사) 심부름.
신바리 (명사) 그리마 : 절지동물 그릿마과의 동물을 통틀어 이르는 말. 지네와 가까운 종류로 다리가 여러 쌍이며 머리에 긴 더듬이가 있다. 어둡고 습한 곳에서 작은 벌레를 잡아먹으며 산다.
신삐 (명사) 새내기. 풋내기. 새것.
신짐치 (명사) 신김치.
신초로코 (부사) 잠자코. 아무 말 없이. 가만히. ¶ 그는 신초코로(=잠자코) 있다가 한마디했다.
신출내이 (명사) 신출내기.
신키다 (동사) (신을) 신기다.
신항 (명사) 신행(新行). 혼행(婚行) : 혼인할 때에, 신랑이 신부 집으로 가거나 신부가 신랑 집으로 감.
실거머이 (부사) 슬그머니.
실거시 (명사) 실지렁이.
실겁다 (형용사) 슬겁다 : 겉으로 보기보다는 속이 꽤 너르다.
실겅 (명사) 시렁. 선반.
실금실금 (부사) 슬금슬금.
실똥가리 (명사) 실밥.
실래이/실랭이 (명사) 실랑이.
실레이치다 (동사) 실랑이하다.
실무시 (부사) 슬며시. 넌지시.
실뭇하이 (부사) 슬며시. 넌지시.
실밥 (명사) 실토막.
실실 (부사) 슬슬. 슬금슬금.
실업이 (명사) 실없쟁이 : 실없는 사람을 놀림조로 이르는 말.
실오래기/실오래이 (명사) 실오라기.
실찌기 (부사) 넌지시.
실지로[-찌-] (부사) 실제로.
실참 (명사) 곁두리. 새참. 중참 : 농부들이 끼니 외에 일하며 참참이 먹는 음식. 
실컨 (부사) 실컷.
실푸다 (형용사) 슬프다.
다 (동사) (활용 : 고[실꼬], 던[실떤], 지[실찌], 어[실어], 는[실른]) 싣다.
심① (명사) 숨. ¶ 심이 차다.(=숨이 차다.)
심② (명사) 힘. ¶ 심이 세다.(=힘이 세다.) / 심을 빼다.(=힘을 빼다.)
심껏 (부사) 힘껏.
심내다 (동사) 힘내다.
심달가지 (명사) 힘다리 : 힘을 내도록 받쳐 주고 북돋아 주는 것을 비유적으로 이르는 말.
심달가지가 없다 (관용어) 받쳐 주거나 북돋아 주는 힘이 없다.
심대로 (부사) 힘대로.
-심더 (어미) -습니다. ¶ 갔심더, 무웄심더, 잡았심더.
심목궂다 (형용사) 심술궂다.
심바람 (명사) 심부름.
심쎄다 (형용사) 힘세다.
심씨다 (동사) 힘쓰다.
심에 안 차다 (관용어) 마음에 차지 않는다. 미흡하다.
심에 차다 (관용어) 마음에 차다. 흡족하다. ¶ 시오마시, 메느리가 심에 안 차는가 보네.
심자랑 (명사) 힘자랑.
심지 (명사) 제비 : 여럿 가운데 어느 하나를 골라잡게 하여 거기에 미리 적어 놓은 기호나 글에 따라 승부나 차례 따위를 결정하는 방법. 또는 그것에 쓰는 종이나 물건.
심지뽑기 (명사) 제비뽑기.
심지뽑다 (동사) 제비뽑다.
심줄[-쭐] (명사) 힘줄.
심청 (명사) 심술. 마음보.
심청궂다 (형용사) 심술궂다.
심청부리다 (동사) 심술부리다.
심통 (명사) 숨통.
십다 (형용사) 쉽다.
-십니꺼 (어미) -(으)십니까. –습니까. ¶ 어디 가십니꺼? / 언제 갔다왔십니꺼?
십시봉지 (명사) 십시일반(十匙一飯) : 밥 열 술이 한 그릇(봉지)이 된다는 뜻으로 여러 사람이 조금씩 힘을 합하면 한 사람을 돕기 쉬움을 이르는 말.
십시봉지로 싸다/십시봉지를 싸다 (관용어) 십시일반의 정신으로 정성을 들여 봉지를 싼다는 말.
싱간/싱갱이 (명사) 승강이 : 서로 자기 주장을 고집하여 옥신각신하는 일.
싱간보다 (동사) 승강이질하다. 승강이하다.
싱간시럽다 (형용사) 승강이가 벌어질 것 같다.
싱간잽이 (명사) 승강이질을 잘하는 사람을 낮잡아 이르는 말.
싱개이 (명사) 승강이.
싱거비 (명사) 싱겁쟁이. 싱겁이.
싱건짐치 (명사) 동치미.
싱게이 (명사) 싱경이. 납작파래.
싱이 (명사) (꽃)송이. 
싱키다①/싱쿠다 (동사) 숨기다.
싱키다② (동사) (신을) 신기다.
싴 (명사) 살쾡이.
싸가지 (명사) 싹수 : 어떤 일이나 사람이 앞으로 잘 될 것 같은 낌새나 징조.
싸가지없다 (형용사) 싹수없다 : 장래성이 없다.",2021-12-10 00:00:00,115,미부착,제1유형,무,,시실 ~ 싸가지없다,,어문,음성,"시실 (부사) 슬슬 : 남이 모르게 슬그머니 행동하는 모양.
시실다 (동사) 쉬슬다.
시실하다 (형용사) 슬슬하다.
시아리다 (동사) 헤아리다.
시아바씨/시아부지 (명사) 시아버지.
시아재비 (명사) 시아주버니.
시안 (명사) 세(歲)안 : 한 해가 끝나기 이전.
시어마씨 (명사) 남의 시어머니를 일컫는 말.
시어무이 (명사) 자기 시어머니를 높여 일컫는 말.
시어마이/시오마이 (명사) 남의 시어머니를 낮추어 부르는 말.
시언하다 (형용사) 시원하다.
시엄 (명사) 시험(試驗).
시에미 (명사) 남의 시(어미)를 속되게 일컫는 말.
시이다 (동사) 시키다.
-(으)시이소 (어미) -(으)십시오. ¶ 하시이소, 가시이소, 잡으시이소. / 아버님도 한복 입고 가시이소.
시이/싱이 (명사) 송이. ¶ 꽃 한 싱이.
시이실 (부사) 슬슬. 
시인대로 (부사) 시키는 대로.
시장시럽다 (형용사) 시들하다 : 시시하고 하찮다.
시지부지 (부사) 흐지부지.
-시지예 (어미) -십시오. ¶ 그리 하시지예.(=그리 하십시오.)
시치다 (동사) 스치다.
시커멓거로 (부사) 시커멓게.
시컴하다 (형용사) 시커멓다.
시컴하이 (부사) 시커멓게.
식후다 (동사) 식히다.
시퍼보다/시뻐보다 (동사) 시뻐하다 : 마음에 차지 아니하여 시들하게 생각하다. 별로 대수롭지 않게 여기다.
시푸다① (형용사) 싶다. 
시푸다② (형용사) 시쁘다.
시피하다 (동사) 별 흥미가 없다.
시핀 (명사) 절편 : 떡살로 눌러 모나거나 둥글게 만든 흰 떡.
시한 (명사) 세(歲)안 : 한 해가 끝나기 이전.
식 (명사) 멋 : 차림새. 행동, 됨됨이 따위가 세련되고 아름다움. 
¶ 그 사람 식 데기 찾는다.(=그 사람 멋 되게 찾는다.)
식겁묵다 (동사) 식겁하다.
식범 (명사) 칡범 : 몸에 칡덩굴 같은 어룽어룽한 줄무늬가 있는 범.
식이다 (동사) 숙이다.
식재이 (명사) 멋쟁이.
식티이/식팅이 (명사) 식충이.
신 (수사)(관형사) 쉰. 오십.
신간하다 (동사) 승강(昇降)이하다 : 서로 자기주장을 고집하며 옥신각신하다.
신게이 (명사) 싱경이 : 납작파래.
신끈 (명사) 들메끈 : 신이 벗어지지 않도록 신을 발에다 동여매는 끈.
신내이 (명사) 씀바귀.
시인대로 (부사) 시키는 대로.
신물찡 (명사) 지긋지긋하고 진절머리 나는 증세.
신물찡 난다 (관용어) 하기 싫은 일을 오래하여 진절머리가 난다.
신바람 (명사) 심부름.
신바리 (명사) 그리마 : 절지동물 그릿마과의 동물을 통틀어 이르는 말. 지네와 가까운 종류로 다리가 여러 쌍이며 머리에 긴 더듬이가 있다. 어둡고 습한 곳에서 작은 벌레를 잡아먹으며 산다.
신삐 (명사) 새내기. 풋내기. 새것.
신짐치 (명사) 신김치.
신초로코 (부사) 잠자코. 아무 말 없이. 가만히. ¶ 그는 신초코로(=잠자코) 있다가 한마디했다.
신출내이 (명사) 신출내기.
신키다 (동사) (신을) 신기다.
신항 (명사) 신행(新行). 혼행(婚行) : 혼인할 때에, 신랑이 신부 집으로 가거나 신부가 신랑 집으로 감.
실거머이 (부사) 슬그머니.
실거시 (명사) 실지렁이.
실겁다 (형용사) 슬겁다 : 겉으로 보기보다는 속이 꽤 너르다.
실겅 (명사) 시렁. 선반.
실금실금 (부사) 슬금슬금.
실똥가리 (명사) 실밥.
실래이/실랭이 (명사) 실랑이.
실레이치다 (동사) 실랑이하다.
실무시 (부사) 슬며시. 넌지시.
실뭇하이 (부사) 슬며시. 넌지시.
실밥 (명사) 실토막.
실실 (부사) 슬슬. 슬금슬금.
실업이 (명사) 실없쟁이 : 실없는 사람을 놀림조로 이르는 말.
실오래기/실오래이 (명사) 실오라기.
실찌기 (부사) 넌지시.
실지로[-찌-] (부사) 실제로.
실참 (명사) 곁두리. 새참. 중참 : 농부들이 끼니 외에 일하며 참참이 먹는 음식. 
실컨 (부사) 실컷.
실푸다 (형용사) 슬프다.
다 (동사) (활용 : 고[실꼬], 던[실떤], 지[실찌], 어[실어], 는[실른]) 싣다.
심① (명사) 숨. ¶ 심이 차다.(=숨이 차다.)
심② (명사) 힘. ¶ 심이 세다.(=힘이 세다.) / 심을 빼다.(=힘을 빼다.)
심껏 (부사) 힘껏.
심내다 (동사) 힘내다.
심달가지 (명사) 힘다리 : 힘을 내도록 받쳐 주고 북돋아 주는 것을 비유적으로 이르는 말.
심달가지가 없다 (관용어) 받쳐 주거나 북돋아 주는 힘이 없다.
심대로 (부사) 힘대로.
-심더 (어미) -습니다. ¶ 갔심더, 무웄심더, 잡았심더.
심목궂다 (형용사) 심술궂다.
심바람 (명사) 심부름.
심쎄다 (형용사) 힘세다.
심씨다 (동사) 힘쓰다.
심에 안 차다 (관용어) 마음에 차지 않는다. 미흡하다.
심에 차다 (관용어) 마음에 차다. 흡족하다. ¶ 시오마시, 메느리가 심에 안 차는가 보네.
심자랑 (명사) 힘자랑.
심지 (명사) 제비 : 여럿 가운데 어느 하나를 골라잡게 하여 거기에 미리 적어 놓은 기호나 글에 따라 승부나 차례 따위를 결정하는 방법. 또는 그것에 쓰는 종이나 물건.
심지뽑기 (명사) 제비뽑기.
심지뽑다 (동사) 제비뽑다.
심줄[-쭐] (명사) 힘줄.
심청 (명사) 심술. 마음보.
심청궂다 (형용사) 심술궂다.
심청부리다 (동사) 심술부리다.
심통 (명사) 숨통.
십다 (형용사) 쉽다.
-십니꺼 (어미) -(으)십니까. –습니까. ¶ 어디 가십니꺼? / 언제 갔다왔십니꺼?
십시봉지 (명사) 십시일반(十匙一飯) : 밥 열 술이 한 그릇(봉지)이 된다는 뜻으로 여러 사람이 조금씩 힘을 합하면 한 사람을 돕기 쉬움을 이르는 말.
십시봉지로 싸다/십시봉지를 싸다 (관용어) 십시일반의 정신으로 정성을 들여 봉지를 싼다는 말.
싱간/싱갱이 (명사) 승강이 : 서로 자기 주장을 고집하여 옥신각신하는 일.
싱간보다 (동사) 승강이질하다. 승강이하다.
싱간시럽다 (형용사) 승강이가 벌어질 것 같다.
싱간잽이 (명사) 승강이질을 잘하는 사람을 낮잡아 이르는 말.
싱개이 (명사) 승강이.
싱거비 (명사) 싱겁쟁이. 싱겁이.
싱건짐치 (명사) 동치미.
싱게이 (명사) 싱경이. 납작파래.
싱이 (명사) (꽃)송이. 
싱키다①/싱쿠다 (동사) 숨기다.
싱키다② (동사) (신을) 신기다.
싴 (명사) 살쾡이.
싸가지 (명사) 싹수 : 어떤 일이나 사람이 앞으로 잘 될 것 같은 낌새나 징조.
싸가지없다 (형용사) 싹수없다 : 장래성이 없다.",사투리,한국어,,2021-12-10 00:00:00,저작물양도계약서,진주시청,,,,제1유형,저작물,보호저작물,○,상업적이용가능,○,○,○,○,○,○,○,,2091-12-10 00:00:00,,
55,오디오,가이드/안내/정보,진주시청,진주시청,HOME > 진주소개 > 기본현황 > 진주 사투리 사전 > ㅅ,싸갈머리 ~ 써다②,"싸갈머리 (명사) 싹수머리 : ‘싹수’를 속되게 이르는 말.
싸개라 (감탄사) 고맙다. 대견하다. 많다.
싸게 (부사) 빨리. 잽싸게.
싸게싸게 (부사) 빨리빨리.
싸그리 (부사) 깡그리.
싸납다 (형용사) 사납다.
싸다① (동사) (총을) 쏘다.
싸다② (동사) 쌓다.
싸다③ (형용사) (손놀림이) 날래다. 재빠르다.
싸래기/싸레이 (명사) 싸라기.
싸레이눈 (명사) 싸라기눈.
싸레이밥 (명사) 싸라기밥. 싸락밥.
싸붙이다 (동사) 쏘아붙이다 : 날카로운 말투로 상대를 몰아붙이듯이 공격하다.
싸시락하게 (부사) 자잘하게.
싸시락하이 (부사) 자잘하게.
싸암 (명사) 싸움.
싸암꾼 (명사) 싸움꾼.
싸암닭 (명사) 싸움닭.
싸암세 (명사) 싸움소.
싸잽이 (명사) 작은 나무를 낫으로 베어 만든 땔나무. 또는 그 다발.
싸지리다 (동사) 1. 싸지르다 : ’싸다니다’를 속되게 이르는 말. 
2. 똥이나 오줌을 참지 못하고 함부로 누는 것을 속되게 이르는 말. 
3. 함부로 불을 지르다.
싹 (명사) 삯. 품값.
싹군 (명사) 삯꾼. 놉 : 하루하루 품삯과 음식을 받고 일을 하는 품팔이 일꾼.
싹다 (부사) 모두. 전부.
싹싹 (감탄사) 개를 불러 어린아이의 똥을 남기지 않고 핥아먹도록 할 때 내는 소리.
-싼께 (준말) -하니까.
싼두룸하다 (형용사) 새치름하다 : 1. 조금 쌀쌀맞게 시치미를 떼는 태도가 있다. 
2. 짐짓 조금 쌀쌀한 기색을 꾸미다.
쌀가지 (명사) 살쾡이.
쌀까리 (명사) 쌀가루.
쌀내끼 (명사) 쌀알.
쌀데베기/쌀데베이 (명사) 식되 : 가정에서 곡식을 될 때 쓰는 작은 되.
쌀딩기 (명사) 쌀겨. 등겨 : 벗겨 놓은 벼의 껍질.
쌀무리 (명사) 무리 : 물에 불린 쌀을 맷돌에 간 후 체에 밭쳐 가라앉힌 앙금(水米粉).
쌀벌거지 (명사) 쌀벌레.
쌂기다 (동사) 삶기다.
쌂다 (동사) 삶다 : 물에 넣고 끓이다.
쌈 (명사) 삼 : 눈동자에 좁쌀만 하게 생기는 희거나 붉은 점.
쌉수리하다 (형용사) 씁쓰레하다 : 조금 쓴 맛이 나는 듯하다.
쌉싸룸하다/쌉쏘롬하다 (형용사) 쌉싸래하다. 쌉싸름하다.
쌍 (명사) 상(相) : 그때그때 나타나는 얼굴 표정. 
¶ 쌍은 와 그리 찌끌티고 있네?(=상은 왜 그렇게 찡그리고 있느냐?)
쌍가풀/쌍까풀 (명사) 쌍꺼풀.
쌍글하다 (형용사) 쌍그렇다.
쌍다구/쌍달가지 (명사) 상판대기 : 얼굴을 속되게 이르는 말.
쌍닫이 (명사) 미닫이.
쌍데이 (명사) 상판. 상판대기.
쌍디이/쌍딩이 (명사) 쌍둥이.
쌓다 (동사) 1. 하다. 2. 말하다.
쌔기① (명사) 억새.
쌔기② (명사) 송충이.
쌔기③ (명사) 풀쐐기.
쌔기④ (명사) 쐐기 : 물건의 틈에 박아서 사개가 물러나지 못하게 하거나 물건들의 사이를 벌리는 데 쓰는 물건.
쌔기 (부사) 잽싸게. 속히. 빨리.
쌔들쌔들 (부사) 새들새들.
쌔뜩하다 (형용사) 산뜻하다. 새뜻하다.
쌔비다 (동사) 살짝 훔치다.
쌔비릿다/쌔빗다 (형용사) 쌔고 쌧다 : 쌓일 만큼 퍽 흔하고 많이 있다.
쌔비옇다 (동사) 살짝 훔쳐넣다.
쌔이다① (동사) 쏘이다.
쌔이다② (동사) 쌓이다.
쌔이다③ (동사) 어울리다.
쌩가암 (명사) 땡고함 : 자기의 처지, 신분에 맞지 않게 갑자기 지르는 고함.
쌩갈이 (명사) 애벌갈이 : 논이나 밭을 첫 번째 가는 일.
쌩갈이 서 마지는 댈 끼다 (속담) 가뭄으로 타는 논 서 마지기에 물을 댈 만하다는 뜻으로, 애주가가 마신 술의 양이 그 정도는 된다는 것을 비유적으로 이르는 말.
쌩감 (명사) 땡감. 풋감.
쌩거 (명사) 날것.
쌩게기/쌩게이 (명사) 날고기.
쌩게란 (명사) 날계란. 날달걀.
쌩고:매 (명사) 날고구마.
쌩기다① (형용사) ‘날 것’이다.
쌩기다② (동사) 삶기다.
쌩나락 (명사) 풋벼 : 아직 여물지 아니한 벼.
쌩똥 (명사) 산똥 : 배탈로 먹은 것이 제대로 소화되지 못하고 나오는 똥.
쌩똥을 싸다 (관용어) 산똥을 누다는 뜻으로, 매우 놀랐을 때를 비유적으로 이르는 말.
쌩머리 (명사) 생머리 : 파마를 하지 아니한 자연 그대로의 머리.
쌩밤 (명사) 풋밤.
쌩보리 (명사) 풋보리 : 아직 여물지 아니한 보리.
쌩손까락 (명사) 생인손 : 손가락 끝이 아리다가 끝내는 곪는 부스럼 병.
쌩솔께이 (명사) 청솔가지 : 땔감으로 쓰려고 꺾은 생솔가지.
쌩야지다 (형용사) 매우 야단스럽다.
쌩엿 (명사) 검은 엿. 갱엿.
쌩장작 (명사) 생장작 : 마르지 아니한 장작.
쌩잽이/쌩짜배이 (명사) 1. 생잡이 : (주로 ‘생잽이로’ 꼴로 쓰여) 이것저것 생각하지 아니하고 닥치는 대로 마구 하는 짓.(=마구잡이) 
2. 생짜 : 어떤 일에 익숙하거나 숙련되지 못한 것 또는 그런 사람을 낮잡아 이르는 말. 
3. 초짜 : 어떤 분야에서, 처음으로 하여 능숙하지 못한 사람을 낮잡아 이르는 말.
쌩절이 (명사) 겉절이.
쌩지랄 (명사) 개지랄 : 너저분하고 미운 짓거리를 속되게 이르는 말. 
쌩짐치 (명사) 생김치.
쌩콩 (명사) 풋콩.
쌩판 (명사) 생판 : 어떤 일에 대하여 전혀 모르거나 손을 대지 아니함, 또는 그런 사람.
써금하다 (형용사) 물건이 오래되어 아주 낡다.
써다① (동사) 켜다 : 물이나 술 따위를 단숨에 들이마시다. 
써다② (동사) 켜다 : 등, 전등, 양초 따위에 불을 밝히거나 성냥 따위로 불을 일으키다.",2021-12-10 00:00:00,90,미부착,제1유형,무,,싸갈머리 ~ 써다②,,어문,음성,"싸갈머리 (명사) 싹수머리 : ‘싹수’를 속되게 이르는 말.
싸개라 (감탄사) 고맙다. 대견하다. 많다.
싸게 (부사) 빨리. 잽싸게.
싸게싸게 (부사) 빨리빨리.
싸그리 (부사) 깡그리.
싸납다 (형용사) 사납다.
싸다① (동사) (총을) 쏘다.
싸다② (동사) 쌓다.
싸다③ (형용사) (손놀림이) 날래다. 재빠르다.
싸래기/싸레이 (명사) 싸라기.
싸레이눈 (명사) 싸라기눈.
싸레이밥 (명사) 싸라기밥. 싸락밥.
싸붙이다 (동사) 쏘아붙이다 : 날카로운 말투로 상대를 몰아붙이듯이 공격하다.
싸시락하게 (부사) 자잘하게.
싸시락하이 (부사) 자잘하게.
싸암 (명사) 싸움.
싸암꾼 (명사) 싸움꾼.
싸암닭 (명사) 싸움닭.
싸암세 (명사) 싸움소.
싸잽이 (명사) 작은 나무를 낫으로 베어 만든 땔나무. 또는 그 다발.
싸지리다 (동사) 1. 싸지르다 : ’싸다니다’를 속되게 이르는 말. 
2. 똥이나 오줌을 참지 못하고 함부로 누는 것을 속되게 이르는 말. 
3. 함부로 불을 지르다.
싹 (명사) 삯. 품값.
싹군 (명사) 삯꾼. 놉 : 하루하루 품삯과 음식을 받고 일을 하는 품팔이 일꾼.
싹다 (부사) 모두. 전부.
싹싹 (감탄사) 개를 불러 어린아이의 똥을 남기지 않고 핥아먹도록 할 때 내는 소리.
-싼께 (준말) -하니까.
싼두룸하다 (형용사) 새치름하다 : 1. 조금 쌀쌀맞게 시치미를 떼는 태도가 있다. 
2. 짐짓 조금 쌀쌀한 기색을 꾸미다.
쌀가지 (명사) 살쾡이.
쌀까리 (명사) 쌀가루.
쌀내끼 (명사) 쌀알.
쌀데베기/쌀데베이 (명사) 식되 : 가정에서 곡식을 될 때 쓰는 작은 되.
쌀딩기 (명사) 쌀겨. 등겨 : 벗겨 놓은 벼의 껍질.
쌀무리 (명사) 무리 : 물에 불린 쌀을 맷돌에 간 후 체에 밭쳐 가라앉힌 앙금(水米粉).
쌀벌거지 (명사) 쌀벌레.
쌂기다 (동사) 삶기다.
쌂다 (동사) 삶다 : 물에 넣고 끓이다.
쌈 (명사) 삼 : 눈동자에 좁쌀만 하게 생기는 희거나 붉은 점.
쌉수리하다 (형용사) 씁쓰레하다 : 조금 쓴 맛이 나는 듯하다.
쌉싸룸하다/쌉쏘롬하다 (형용사) 쌉싸래하다. 쌉싸름하다.
쌍 (명사) 상(相) : 그때그때 나타나는 얼굴 표정. 
¶ 쌍은 와 그리 찌끌티고 있네?(=상은 왜 그렇게 찡그리고 있느냐?)
쌍가풀/쌍까풀 (명사) 쌍꺼풀.
쌍글하다 (형용사) 쌍그렇다.
쌍다구/쌍달가지 (명사) 상판대기 : 얼굴을 속되게 이르는 말.
쌍닫이 (명사) 미닫이.
쌍데이 (명사) 상판. 상판대기.
쌍디이/쌍딩이 (명사) 쌍둥이.
쌓다 (동사) 1. 하다. 2. 말하다.
쌔기① (명사) 억새.
쌔기② (명사) 송충이.
쌔기③ (명사) 풀쐐기.
쌔기④ (명사) 쐐기 : 물건의 틈에 박아서 사개가 물러나지 못하게 하거나 물건들의 사이를 벌리는 데 쓰는 물건.
쌔기 (부사) 잽싸게. 속히. 빨리.
쌔들쌔들 (부사) 새들새들.
쌔뜩하다 (형용사) 산뜻하다. 새뜻하다.
쌔비다 (동사) 살짝 훔치다.
쌔비릿다/쌔빗다 (형용사) 쌔고 쌧다 : 쌓일 만큼 퍽 흔하고 많이 있다.
쌔비옇다 (동사) 살짝 훔쳐넣다.
쌔이다① (동사) 쏘이다.
쌔이다② (동사) 쌓이다.
쌔이다③ (동사) 어울리다.
쌩가암 (명사) 땡고함 : 자기의 처지, 신분에 맞지 않게 갑자기 지르는 고함.
쌩갈이 (명사) 애벌갈이 : 논이나 밭을 첫 번째 가는 일.
쌩갈이 서 마지는 댈 끼다 (속담) 가뭄으로 타는 논 서 마지기에 물을 댈 만하다는 뜻으로, 애주가가 마신 술의 양이 그 정도는 된다는 것을 비유적으로 이르는 말.
쌩감 (명사) 땡감. 풋감.
쌩거 (명사) 날것.
쌩게기/쌩게이 (명사) 날고기.
쌩게란 (명사) 날계란. 날달걀.
쌩고:매 (명사) 날고구마.
쌩기다① (형용사) ‘날 것’이다.
쌩기다② (동사) 삶기다.
쌩나락 (명사) 풋벼 : 아직 여물지 아니한 벼.
쌩똥 (명사) 산똥 : 배탈로 먹은 것이 제대로 소화되지 못하고 나오는 똥.
쌩똥을 싸다 (관용어) 산똥을 누다는 뜻으로, 매우 놀랐을 때를 비유적으로 이르는 말.
쌩머리 (명사) 생머리 : 파마를 하지 아니한 자연 그대로의 머리.
쌩밤 (명사) 풋밤.
쌩보리 (명사) 풋보리 : 아직 여물지 아니한 보리.
쌩손까락 (명사) 생인손 : 손가락 끝이 아리다가 끝내는 곪는 부스럼 병.
쌩솔께이 (명사) 청솔가지 : 땔감으로 쓰려고 꺾은 생솔가지.
쌩야지다 (형용사) 매우 야단스럽다.
쌩엿 (명사) 검은 엿. 갱엿.
쌩장작 (명사) 생장작 : 마르지 아니한 장작.
쌩잽이/쌩짜배이 (명사) 1. 생잡이 : (주로 ‘생잽이로’ 꼴로 쓰여) 이것저것 생각하지 아니하고 닥치는 대로 마구 하는 짓.(=마구잡이) 
2. 생짜 : 어떤 일에 익숙하거나 숙련되지 못한 것 또는 그런 사람을 낮잡아 이르는 말. 
3. 초짜 : 어떤 분야에서, 처음으로 하여 능숙하지 못한 사람을 낮잡아 이르는 말.
쌩절이 (명사) 겉절이.
쌩지랄 (명사) 개지랄 : 너저분하고 미운 짓거리를 속되게 이르는 말. 
쌩짐치 (명사) 생김치.
쌩콩 (명사) 풋콩.
쌩판 (명사) 생판 : 어떤 일에 대하여 전혀 모르거나 손을 대지 아니함, 또는 그런 사람.
써금하다 (형용사) 물건이 오래되어 아주 낡다.
써다① (동사) 켜다 : 물이나 술 따위를 단숨에 들이마시다. 
써다② (동사) 켜다 : 등, 전등, 양초 따위에 불을 밝히거나 성냥 따위로 불을 일으키다.",사투리,한국어,,2021-12-10 00:00:00,저작물양도계약서,진주시청,,,,제1유형,저작물,보호저작물,○,상업적이용가능,○,○,○,○,○,○,○,,2091-12-10 00:00:00,,
56,오디오,가이드/안내/정보,진주시청,진주시청,HOME > 진주소개 > 기본현황 > 진주 사투리 사전 > ㅅ,써리① ~ 쏘를 파다,"써리① (명사) 써레 : 갈아 놓은 논의 바닥을 고르는 데 쓰는 농기구.
써리② (명사) 서리 : 떼를 지어 남의 과일, 곡식, 가축 따위를 훔쳐먹는 장난.
써리③ (명사) 서리 : 대기 중의 수증기가 지상의 물체 표면에 얼어붙은 것. 땅 위의 표면이 복사 냉각으로 차가워지고 그 위에서 수증기가 승화하여 생긴다.
써리고 댕기다 (관용어) 써레질하듯 휘젓고 다니다.
써리다 (동사) (무를) 썰다.
써리씻치 (명사) 써레씻이. 호미씻이 : 농가에서 모내기를 끝내고 노는 일.
써리질 (명사) 써레질.
써리홀깨 (명사) 벼훑이. 그네.
써미하다 (형용사) 섬뜩하다. 
써언하다/썬하다 (형용사) 시원하다 : 1. 덥거나 춥지 아니하고 알맞게 서늘하다. 
2. 음식이 차고 산뜻하거나, 뜨거우면서 속을 후련하게 하는 점이 있다. 
3. 부담 따위가 사라져 흐뭇하고 가뿐하다. 
써얺다 (형용사) 시원하다.
-썩 접미 –씩 : ‘그 수량이나 크기로 나뉘거나 되풀이됨’의 뜻을 더하는 접미사. 
¶ 하나썩(=하나씩), 둘썩(=둘씩).
썩돌 (명사) 푸석돌.
썩등구리 (명사) 썩은 그루터기. 또는 썩은 나뭇등걸.
썩등구리 겉다 (관용어) 썩은 나뭇등걸처럼 기운이 없어 보이다.
썩비륵 (명사) 석(石)비레 : 단단하지 못하고 서벅서벅 잘 부서지는 돌. 서벅돌.
썩빠리 겉다 (관용어) 바위틈에 엉성하게 집을 짓고 사는 ‘석(石)벌’ 같다는 뜻으로, 어떤 일이나 물건이 엉성하여 그르친 것을 비유적으로 이르는 말.
썩썩끓다 (동사) 설설끓다.
썩줌하다 (형용사) 썩은 듯하다.
썩짜베이 (명사) 썩정이 : 썩어 빠진 물건.
썩쭈구룬하다 (형용사) 썩어서 쭈글쭈글하다.
썩쭈구리하다 (형용사) 썩어서 쭈글쭈글하다.
썩하묵다/썩히묵다 (동사) 썩혀먹다.
썩후다 (동사) 썩히다.
썬그렇다 (형용사) 쌍그렇다.
썬뜩하다 (형용사) 촉감으로 찬 기운이 있다.
썬하다 (형용사) 시원하다.
썰다 (동사) (나무를) 켜다.
썸뚝시럽다 (형용사) 섬뜩하다. 
썽 (명사) 성 : 노엽거나 언짢게 여겨 일어나는 불쾌한 감정.
썽글다 (동사) 썰다.
썽나다① (동사) 성나다.
썽나다② (동사) 덧나다 : 병이나 상처 따위를 잘못 다루어 상태가 더 나빠지다. 
썽달가지/썽도가지/썽돌가지 (명사) 성깔머리.
썽짐에 (부사) 성이 난 김에.
쎄① (명사) 혀.
쎄② (명사) 쇠. 쇠붙이.
쎄③/쎄까리 (명사) 서캐 : 이의 알.
쎄가 꼬꾸라지다 (관용어) 혀가 꼬부라지다 : 병이 들거나 술에 취하여 발음이 똑똑하지 아니하다.
쎄가 만 발이나 빠지겉다 (속담) 견디기 어려울 정도로 몹시 힘이 들어 등골이 빠질 지경이다.
쎄고랑 (명사) 쇠고랑 : ’수갑’을 속되게 이르는 말.
쎄 굳은 소리 (관용어) 아쉬운 소리. 
¶ 쎄 굳은 소리로 우째 하네.(=아쉬운 소리를 어떻게 하느냐?)
쎄그륵 (명사) 놋그릇.
쎄기 (부사) 되우 : 아주. 몹시. 되게. 된통.
쎄기쎄기 (부사) 속히속히.
쎄까래 (명사) 서까래(椽) : 마룻대에서 도리 또는 보에 걸쳐 지른 나무.
쎄가리[-까--] (명사) 쇳가루.
쎄가리/쎄까리 (명사) 서캐 : 이의 알.
쎄까시레이 (명사) 혓바늘.
쎄까쿠리 (명사) 쇠갈퀴.
쎄꼬재이 (명사) 쇠고챙이.
쎄끈티/쎄끌티 (명사) 혀때기 : ‘혀끝’을 속되게 이르는 말.
쎄끌 (명사) 기스락. 추녀.
쎄끌물 (명사) 낙숫물 : 처마 끝에서 떨어지는 물.
쎄끝 (명사) 혀끝.
쎄도 좋다 (관용어) 기력도 좋다.
쎄때 (명사) 열쇠.
쎄덩거리[-떵--] (명사) 쇳덩어리.
쎄또가지/쎄똥가리① (명사) 혀때기 : ’혀’를 속되게 이르는 말.
쎄똥가리② (명사) 쇳조각.
쎄로 끌끌 차다 (관용어) 혀를 차다는 뜻으로, 마음이 언짢거나 유감의 뜻을 나타내는 것을 비유적으로 이르는 말.
쎄를 내두리다 (관용어) 혀를 내두르다는 뜻으로, 몹시 놀라거나 어이없어서 말을 못하는 것을 비유적으로 이르는 말.
쎄리 (부사) 마구.
쎄리다 (동사) 때리다.
쎄리패다 (동사) 사정없이 마구 때리다.
쎄리패딱다 (동사) 사정없이 마구 때리다.
쎄막때기/쎄막때이 (명사) 쇠막대기.
쎄망치 (명사) 쇠망치.
쎄메 (명사) 모루채 : 대장간에서 달군 쇠를 모루 위에 놓고 메어칠 때 쓰는 쇠메. 긴 나무 자루를 끼운다.
쎄빠알 (명사) 혓바늘.
쎄빠지게 (부사) 몹시 힘을 들여.
쎄에 (감탄사) 쒜쒜 : 어린아이가 다쳐서 아파할 때 다친 곳을 만지며 위로할 때 내는 소리.
쎄우다 (동사) 우기다 : 억지를 부려 제 의견을 고집스럽게 내세우다. 
¶ 그는 자신의 주장을 끝까지 쎄웠다(=우겼다).
쎄이 (부사) 빨리. 속히.
쎄이쎄이 (부사) 빨리빨리. 속히속히.
쎄줄 (명사) 쇠줄.
쎄통 (명사) 자물쇠.
쎄짤내미/쎄짤레이/쎄짜레기 (명사) 혀짤배기.
쎅이다 (동사) 속이다.
쎅하묵다 (동사) (남을) 속여먹다.
쎅후다 (동사) 속이다.
쎅히다 (동사) 속임질 당하다.
쎈찮다/썬찮다 (형용사) 시원찮다.
쎗바늘/쎗바알 (명사) 혓바늘.
쎗바닥 (명사) 혓바닥.
쏘가지 (명사) 소가지. 소갈머리 : ’심성(心性)’을 속되게 이르는 말.
쏘갈머리 (명사) 소갈머리.
쏘내기/쏘내이 (명사) 소나기.
쏘네이밥 (명사) 소나기밥 : 보통 때에는 얼마 먹지 아니하다가 갑자기 많이 먹는 밥.
쏘네이술 (명사) 소나기술 : 보통 때에는 마시지 아니하다가 입에만 대면 한정 없이 많이 마시는 술. 벼락술.
쏘데이다 (동사) 쏘다니다.
쏘를 파다 (관용어) ‘소(沼)를 파다’는 말로 어떤 일을 알아내거나 밝히기 위하여 끝까지 파헤치는 것을 비유적으로 이르는 말. 
¶ 비리를 밝힐라고 쏘를 파고 있다.(=비리를 밝히려고 철저히 조사하고 있다.)",2021-12-10 00:00:00,92,미부착,제1유형,무,,써리① ~ 쏘를 파다,,어문,음성,"써리① (명사) 써레 : 갈아 놓은 논의 바닥을 고르는 데 쓰는 농기구.
써리② (명사) 서리 : 떼를 지어 남의 과일, 곡식, 가축 따위를 훔쳐먹는 장난.
써리③ (명사) 서리 : 대기 중의 수증기가 지상의 물체 표면에 얼어붙은 것. 땅 위의 표면이 복사 냉각으로 차가워지고 그 위에서 수증기가 승화하여 생긴다.
써리고 댕기다 (관용어) 써레질하듯 휘젓고 다니다.
써리다 (동사) (무를) 썰다.
써리씻치 (명사) 써레씻이. 호미씻이 : 농가에서 모내기를 끝내고 노는 일.
써리질 (명사) 써레질.
써리홀깨 (명사) 벼훑이. 그네.
써미하다 (형용사) 섬뜩하다. 
써언하다/썬하다 (형용사) 시원하다 : 1. 덥거나 춥지 아니하고 알맞게 서늘하다. 
2. 음식이 차고 산뜻하거나, 뜨거우면서 속을 후련하게 하는 점이 있다. 
3. 부담 따위가 사라져 흐뭇하고 가뿐하다. 
써얺다 (형용사) 시원하다.
-썩 접미 –씩 : ‘그 수량이나 크기로 나뉘거나 되풀이됨’의 뜻을 더하는 접미사. 
¶ 하나썩(=하나씩), 둘썩(=둘씩).
썩돌 (명사) 푸석돌.
썩등구리 (명사) 썩은 그루터기. 또는 썩은 나뭇등걸.
썩등구리 겉다 (관용어) 썩은 나뭇등걸처럼 기운이 없어 보이다.
썩비륵 (명사) 석(石)비레 : 단단하지 못하고 서벅서벅 잘 부서지는 돌. 서벅돌.
썩빠리 겉다 (관용어) 바위틈에 엉성하게 집을 짓고 사는 ‘석(石)벌’ 같다는 뜻으로, 어떤 일이나 물건이 엉성하여 그르친 것을 비유적으로 이르는 말.
썩썩끓다 (동사) 설설끓다.
썩줌하다 (형용사) 썩은 듯하다.
썩짜베이 (명사) 썩정이 : 썩어 빠진 물건.
썩쭈구룬하다 (형용사) 썩어서 쭈글쭈글하다.
썩쭈구리하다 (형용사) 썩어서 쭈글쭈글하다.
썩하묵다/썩히묵다 (동사) 썩혀먹다.
썩후다 (동사) 썩히다.
썬그렇다 (형용사) 쌍그렇다.
썬뜩하다 (형용사) 촉감으로 찬 기운이 있다.
썬하다 (형용사) 시원하다.
썰다 (동사) (나무를) 켜다.
썸뚝시럽다 (형용사) 섬뜩하다. 
썽 (명사) 성 : 노엽거나 언짢게 여겨 일어나는 불쾌한 감정.
썽글다 (동사) 썰다.
썽나다① (동사) 성나다.
썽나다② (동사) 덧나다 : 병이나 상처 따위를 잘못 다루어 상태가 더 나빠지다. 
썽달가지/썽도가지/썽돌가지 (명사) 성깔머리.
썽짐에 (부사) 성이 난 김에.
쎄① (명사) 혀.
쎄② (명사) 쇠. 쇠붙이.
쎄③/쎄까리 (명사) 서캐 : 이의 알.
쎄가 꼬꾸라지다 (관용어) 혀가 꼬부라지다 : 병이 들거나 술에 취하여 발음이 똑똑하지 아니하다.
쎄가 만 발이나 빠지겉다 (속담) 견디기 어려울 정도로 몹시 힘이 들어 등골이 빠질 지경이다.
쎄고랑 (명사) 쇠고랑 : ’수갑’을 속되게 이르는 말.
쎄 굳은 소리 (관용어) 아쉬운 소리. 
¶ 쎄 굳은 소리로 우째 하네.(=아쉬운 소리를 어떻게 하느냐?)
쎄그륵 (명사) 놋그릇.
쎄기 (부사) 되우 : 아주. 몹시. 되게. 된통.
쎄기쎄기 (부사) 속히속히.
쎄까래 (명사) 서까래(椽) : 마룻대에서 도리 또는 보에 걸쳐 지른 나무.
쎄가리[-까--] (명사) 쇳가루.
쎄가리/쎄까리 (명사) 서캐 : 이의 알.
쎄까시레이 (명사) 혓바늘.
쎄까쿠리 (명사) 쇠갈퀴.
쎄꼬재이 (명사) 쇠고챙이.
쎄끈티/쎄끌티 (명사) 혀때기 : ‘혀끝’을 속되게 이르는 말.
쎄끌 (명사) 기스락. 추녀.
쎄끌물 (명사) 낙숫물 : 처마 끝에서 떨어지는 물.
쎄끝 (명사) 혀끝.
쎄도 좋다 (관용어) 기력도 좋다.
쎄때 (명사) 열쇠.
쎄덩거리[-떵--] (명사) 쇳덩어리.
쎄또가지/쎄똥가리① (명사) 혀때기 : ’혀’를 속되게 이르는 말.
쎄똥가리② (명사) 쇳조각.
쎄로 끌끌 차다 (관용어) 혀를 차다는 뜻으로, 마음이 언짢거나 유감의 뜻을 나타내는 것을 비유적으로 이르는 말.
쎄를 내두리다 (관용어) 혀를 내두르다는 뜻으로, 몹시 놀라거나 어이없어서 말을 못하는 것을 비유적으로 이르는 말.
쎄리 (부사) 마구.
쎄리다 (동사) 때리다.
쎄리패다 (동사) 사정없이 마구 때리다.
쎄리패딱다 (동사) 사정없이 마구 때리다.
쎄막때기/쎄막때이 (명사) 쇠막대기.
쎄망치 (명사) 쇠망치.
쎄메 (명사) 모루채 : 대장간에서 달군 쇠를 모루 위에 놓고 메어칠 때 쓰는 쇠메. 긴 나무 자루를 끼운다.
쎄빠알 (명사) 혓바늘.
쎄빠지게 (부사) 몹시 힘을 들여.
쎄에 (감탄사) 쒜쒜 : 어린아이가 다쳐서 아파할 때 다친 곳을 만지며 위로할 때 내는 소리.
쎄우다 (동사) 우기다 : 억지를 부려 제 의견을 고집스럽게 내세우다. 
¶ 그는 자신의 주장을 끝까지 쎄웠다(=우겼다).
쎄이 (부사) 빨리. 속히.
쎄이쎄이 (부사) 빨리빨리. 속히속히.
쎄줄 (명사) 쇠줄.
쎄통 (명사) 자물쇠.
쎄짤내미/쎄짤레이/쎄짜레기 (명사) 혀짤배기.
쎅이다 (동사) 속이다.
쎅하묵다 (동사) (남을) 속여먹다.
쎅후다 (동사) 속이다.
쎅히다 (동사) 속임질 당하다.
쎈찮다/썬찮다 (형용사) 시원찮다.
쎗바늘/쎗바알 (명사) 혓바늘.
쎗바닥 (명사) 혓바닥.
쏘가지 (명사) 소가지. 소갈머리 : ’심성(心性)’을 속되게 이르는 말.
쏘갈머리 (명사) 소갈머리.
쏘내기/쏘내이 (명사) 소나기.
쏘네이밥 (명사) 소나기밥 : 보통 때에는 얼마 먹지 아니하다가 갑자기 많이 먹는 밥.
쏘네이술 (명사) 소나기술 : 보통 때에는 마시지 아니하다가 입에만 대면 한정 없이 많이 마시는 술. 벼락술.
쏘데이다 (동사) 쏘다니다.
쏘를 파다 (관용어) ‘소(沼)를 파다’는 말로 어떤 일을 알아내거나 밝히기 위하여 끝까지 파헤치는 것을 비유적으로 이르는 말. 
¶ 비리를 밝힐라고 쏘를 파고 있다.(=비리를 밝히려고 철저히 조사하고 있다.)",사투리,한국어,,2021-12-10 00:00:00,저작물양도계약서,진주시청,,,,제1유형,저작물,보호저작물,○,상업적이용가능,○,○,○,○,○,○,○,,2091-12-10 00:00:00,,
57,오디오,가이드/안내/정보,진주시청,진주시청,HOME > 진주소개 > 기본현황 > 진주 사투리 사전 > ㅅ,쏘목쏘목 ~ 씨이다②,"쏘목쏘목 (부사) 촘촘히.
쏘물다 (형용사) 배다 : 물건의 사이가 비좁거나 촘촘하다. ¶ 모를 쏘물게 숭캈다.
쏘뭇쏘뭇 (부사) 촘촘히.
쏘삭기리다 (동사) 속삭거리다. 속달거리다.
쏘삭쏘삭하다 (형용사) ’소름’처럼 살갗에 오돌도톨하게 솟아나 있다. 소스락소스락하다.
쏘시락기리다 (동사) 속달거리다. 속삭거리다.
쏘시락하다 (형용사) 소스락소스락하다.
쏘쌀기리다 (동사) 속달거리다.
쏘캐 (명사) 솜 : 목화씨에 달라붙은 털 모양의 흰 섬유질. 가공하여 직물 따위로 널리 쓴다.
쏘캐공장 (명사) 솜을 타는 공장.
쏘캐뭉치 (명사) 솜뭉치.
쏘캐옷 (명사) 솜옷.
쏘캐이불 (명사) 솜이불.
쏘캐저구리 (명사) 솜저고리.
쏙 (명사) 속 : 1. 사람의 몸에서 배의 안 또는 위장 
2. 사람이나 사물을 대하는 자세나 태도.
쏙꼬주우/쏙꼬중우 (명사) 고쟁이.
쏙딩기 (명사) 부드러운 등겨.
쏙쏙딜이 (부사) 속속들이 : 깊은 속까지 샅샅이.
쏙치매 (명사) 속치마.
쏙하묵다 (동사) 속여먹다.
쏙후다 (동사) 속이다.
쏙히다 (동사) 속임을 당하다.
쏠랑쏠랑 (부사) 솔래솔래 : 조금씩조금씩 가만히 빠져나가는 모양.
쏨 (명사) 솜.
쏨니불 (명사) 솜이불. 핫이불.
쏨저구리 (명사) 솜저고리. 핫저고리.
쏨치매 (명사) 솜치마.
쑤꺼 (명사) 수컷.
쑤세/쑤시미 (명사) 수세미.
쑤시 (명사) 수수.
쑤시떡 (명사) 수수떡.
쑤시미 (명사) 수세미.
쑤시밥 (명사) 수수밥.
쑤싯대 (명사) 수숫대.
쑥강세이 (명사) 수캉아지.
쑥개 (명사) 수캐.
쑥거 (명사) 수컷.
쑥거무 (명사) 수거미 : 거미의 수컷.
쑥괭이 (명사) 수고양이.
쑥구 (명사) 숫기 : 활발하여 부끄러워하지 않는 기운.
쑥구가 좋다 (관용어) 수줍어하거나 부끄러워하는 기색이 없이 활발하다.
쑥구리 (명사) 수구렁이.
쑥놈 (명사) 수놈 : 동물의 수컷.
쑥닭 (명사) 수탉.
쑥돼지 (명사) 수퇘지.
쑥떡기리다 (동사) 숙덕거리다.
쑥말 (명사) 수말.
쑥맥 (명사) 숙맥불변(菽麥不辨) : 콩인지 보리인지를 구별하지 못한다는 뜻으로, 사리분별을 못하는 모자라고 어리석은 사람을 이르는 말.
쑥배 (명사) 쑥색으로 물들인 무명 실로 짠 베.
쑥범벅 (명사) 쑥버무리.
쑥부재이 (명사) 쑥부쟁이 : 국화과의 여러해살이 풀.
쑥세 (명사) 수소. 황소.
쑥시판 (명사) 북새판. 북새통. 난장판.
쑥쑥다/쑥쑥하다 (형용사) 더럽다. 지저분하다.
쑥털이 (명사) 쑥버무리.
쑵다 (형용사) (맛이) 쓰다.
쓰레이판 (명사) 쓰레받기.
쓰먹쓰먹 (부사) 서먹서먹.
씨가시/씨갓 (명사) 씨앗.
씨기다 (동사) 시키다.
씨나락 (명사) 볍씨.
씨누 (명사) 시누이.
씨누올체 (명사) 시누올케.
씨다① (동사) (모자를) 쓰다.
씨다② (동사) (재료를) 쓰다.
씨다③ (동사) (묘를) 쓰다.
씨다④ (동사) (장기나 윷놀이 말을) 쓰다.
씨다⑤ (형용사) (맛이) 쓰다.
씨다⑥ (동사) (바람을) 쐬다.

씨다⑦ (동사) (글씨를) 쓰다. 
씨다듬다 (동사) 쓰다듬다.
씨달키다 (동사) 시달리다.
씨동상 (명사) 시동생.
씨들씨들 (부사) 시들시들.
씨락국/씨래이국/씨레이국(명사) 시래기국.
씨래 (명사) 쓸개.
씨러지다 (동사) 쓰러지다.
씨럼 (명사) 씨름.
씨레기/씨레이 (명사) 시래기.
씨레이판 (명사) 쓰레받기.
씨루다 (동사) 겨루다.
씨리 (부사) 모조리 : 하나도 빠짐없이 모두.
씨리다 (형용사) 쓰리다. : 1. 쑤시는 것같이 아프다. 
2. 몹시 시장하거나 과음하거나 하여 배 속이 거북하다. 
3. 마음이 쑤시는 것처럼 아프고 괴롭다.
씨리담다 (동사) 쓸어담다.
씨리씨리하다 (형용사) 가볍게 쑤시는 것 같이 아프다.
씨사이/씨산이 (명사) 실없쟁이 : 실없는 사람을 놀림조로 이르는 말.
씨석베이 (명사) 시시덕이 : 시시덕거리기를 잘하는 사람을 이르는 말.
씨석잖다 (형용사) 씨식잖다 : 같잖고 되잖다. 
¶ 씨석잖게 철없는 것들하고 밤낮으로 어불리 댕기네.
씨식바리 (명사) 시시덕이 : 시시덕거리기를 잘하는 사람을 이르는 말.
씨아바씨/씨아바이/씨아부지 (명사) 시아버님.
씨아시/씨아씨 (명사) 씨아 : 목화의 씨를 빼는 기구.
씨아씨꼭두마리 (명사) 씨아 손 : 씨아의 손잡이.
씨아재 (명사) 시동생.
씨애비 (명사) ‘시아버지’를 낮잡아 이르는 말.
씨어마씨/씨어마이/씨어머이 (명사) 시어머니.
씨언찮다 (형용사) 시원찮다.
씨언하다 (형용사) 시원하다.
씨엄/씨염 (명사) 수염.
씨에매/씨에미/씨이미 (명사) ‘시어머니’를 낮잡아 이르는 말.
씨이다① (동사) 쓰이다.
씨이다② (동사) 켜이다 : 물이나 술 따위가 자꾸 먹고 싶어지다.",2021-12-10 00:00:00,101,미부착,제1유형,무,,쏘목쏘목 ~ 씨이다②,,어문,음성,"쏘목쏘목 (부사) 촘촘히.
쏘물다 (형용사) 배다 : 물건의 사이가 비좁거나 촘촘하다. ¶ 모를 쏘물게 숭캈다.
쏘뭇쏘뭇 (부사) 촘촘히.
쏘삭기리다 (동사) 속삭거리다. 속달거리다.
쏘삭쏘삭하다 (형용사) ’소름’처럼 살갗에 오돌도톨하게 솟아나 있다. 소스락소스락하다.
쏘시락기리다 (동사) 속달거리다. 속삭거리다.
쏘시락하다 (형용사) 소스락소스락하다.
쏘쌀기리다 (동사) 속달거리다.
쏘캐 (명사) 솜 : 목화씨에 달라붙은 털 모양의 흰 섬유질. 가공하여 직물 따위로 널리 쓴다.
쏘캐공장 (명사) 솜을 타는 공장.
쏘캐뭉치 (명사) 솜뭉치.
쏘캐옷 (명사) 솜옷.
쏘캐이불 (명사) 솜이불.
쏘캐저구리 (명사) 솜저고리.
쏙 (명사) 속 : 1. 사람의 몸에서 배의 안 또는 위장 
2. 사람이나 사물을 대하는 자세나 태도.
쏙꼬주우/쏙꼬중우 (명사) 고쟁이.
쏙딩기 (명사) 부드러운 등겨.
쏙쏙딜이 (부사) 속속들이 : 깊은 속까지 샅샅이.
쏙치매 (명사) 속치마.
쏙하묵다 (동사) 속여먹다.
쏙후다 (동사) 속이다.
쏙히다 (동사) 속임을 당하다.
쏠랑쏠랑 (부사) 솔래솔래 : 조금씩조금씩 가만히 빠져나가는 모양.
쏨 (명사) 솜.
쏨니불 (명사) 솜이불. 핫이불.
쏨저구리 (명사) 솜저고리. 핫저고리.
쏨치매 (명사) 솜치마.
쑤꺼 (명사) 수컷.
쑤세/쑤시미 (명사) 수세미.
쑤시 (명사) 수수.
쑤시떡 (명사) 수수떡.
쑤시미 (명사) 수세미.
쑤시밥 (명사) 수수밥.
쑤싯대 (명사) 수숫대.
쑥강세이 (명사) 수캉아지.
쑥개 (명사) 수캐.
쑥거 (명사) 수컷.
쑥거무 (명사) 수거미 : 거미의 수컷.
쑥괭이 (명사) 수고양이.
쑥구 (명사) 숫기 : 활발하여 부끄러워하지 않는 기운.
쑥구가 좋다 (관용어) 수줍어하거나 부끄러워하는 기색이 없이 활발하다.
쑥구리 (명사) 수구렁이.
쑥놈 (명사) 수놈 : 동물의 수컷.
쑥닭 (명사) 수탉.
쑥돼지 (명사) 수퇘지.
쑥떡기리다 (동사) 숙덕거리다.
쑥말 (명사) 수말.
쑥맥 (명사) 숙맥불변(菽麥不辨) : 콩인지 보리인지를 구별하지 못한다는 뜻으로, 사리분별을 못하는 모자라고 어리석은 사람을 이르는 말.
쑥배 (명사) 쑥색으로 물들인 무명 실로 짠 베.
쑥범벅 (명사) 쑥버무리.
쑥부재이 (명사) 쑥부쟁이 : 국화과의 여러해살이 풀.
쑥세 (명사) 수소. 황소.
쑥시판 (명사) 북새판. 북새통. 난장판.
쑥쑥다/쑥쑥하다 (형용사) 더럽다. 지저분하다.
쑥털이 (명사) 쑥버무리.
쑵다 (형용사) (맛이) 쓰다.
쓰레이판 (명사) 쓰레받기.
쓰먹쓰먹 (부사) 서먹서먹.
씨가시/씨갓 (명사) 씨앗.
씨기다 (동사) 시키다.
씨나락 (명사) 볍씨.
씨누 (명사) 시누이.
씨누올체 (명사) 시누올케.
씨다① (동사) (모자를) 쓰다.
씨다② (동사) (재료를) 쓰다.
씨다③ (동사) (묘를) 쓰다.
씨다④ (동사) (장기나 윷놀이 말을) 쓰다.
씨다⑤ (형용사) (맛이) 쓰다.
씨다⑥ (동사) (바람을) 쐬다.

씨다⑦ (동사) (글씨를) 쓰다. 
씨다듬다 (동사) 쓰다듬다.
씨달키다 (동사) 시달리다.
씨동상 (명사) 시동생.
씨들씨들 (부사) 시들시들.
씨락국/씨래이국/씨레이국(명사) 시래기국.
씨래 (명사) 쓸개.
씨러지다 (동사) 쓰러지다.
씨럼 (명사) 씨름.
씨레기/씨레이 (명사) 시래기.
씨레이판 (명사) 쓰레받기.
씨루다 (동사) 겨루다.
씨리 (부사) 모조리 : 하나도 빠짐없이 모두.
씨리다 (형용사) 쓰리다. : 1. 쑤시는 것같이 아프다. 
2. 몹시 시장하거나 과음하거나 하여 배 속이 거북하다. 
3. 마음이 쑤시는 것처럼 아프고 괴롭다.
씨리담다 (동사) 쓸어담다.
씨리씨리하다 (형용사) 가볍게 쑤시는 것 같이 아프다.
씨사이/씨산이 (명사) 실없쟁이 : 실없는 사람을 놀림조로 이르는 말.
씨석베이 (명사) 시시덕이 : 시시덕거리기를 잘하는 사람을 이르는 말.
씨석잖다 (형용사) 씨식잖다 : 같잖고 되잖다. 
¶ 씨석잖게 철없는 것들하고 밤낮으로 어불리 댕기네.
씨식바리 (명사) 시시덕이 : 시시덕거리기를 잘하는 사람을 이르는 말.
씨아바씨/씨아바이/씨아부지 (명사) 시아버님.
씨아시/씨아씨 (명사) 씨아 : 목화의 씨를 빼는 기구.
씨아씨꼭두마리 (명사) 씨아 손 : 씨아의 손잡이.
씨아재 (명사) 시동생.
씨애비 (명사) ‘시아버지’를 낮잡아 이르는 말.
씨어마씨/씨어마이/씨어머이 (명사) 시어머니.
씨언찮다 (형용사) 시원찮다.
씨언하다 (형용사) 시원하다.
씨엄/씨염 (명사) 수염.
씨에매/씨에미/씨이미 (명사) ‘시어머니’를 낮잡아 이르는 말.
씨이다① (동사) 쓰이다.
씨이다② (동사) 켜이다 : 물이나 술 따위가 자꾸 먹고 싶어지다.",사투리,한국어,,2021-12-10 00:00:00,저작물양도계약서,진주시청,,,,제1유형,저작물,보호저작물,○,상업적이용가능,○,○,○,○,○,○,○,,2091-12-10 00:00:00,,
58,오디오,가이드/안내/정보,진주시청,진주시청,HOME > 진주소개 > 기본현황 > 진주 사투리 사전 > ㅅ,씨이다③ ~ 씻나락,"씨이다③ (동사) 쐬다 : 얼굴이나 몸에 바람이나 연기, 햇빛 따위를 직접 받다.
씨이다④ (동사) 씌다 : 귀신 따위에 접하게 되다.
씨이리 (부사) 고루고루. 골고루. ¶ 씨이리 하나썩 조라.(=골고루 하나씩 줘라.)
씨이묵다 (동사) 씹어먹다.
씨이미 (명사) ‘시어머니’를 낮잡아 이르는 말.
씨잘떼기/씨잘떼이 (명사) 쓰잘머리 : 사람이나 사물의 쓸모 있는 면모나 유용한 구석. 주로 ‘없다’와 같이 사용됨. 
¶ 씨잘떼이 없는 소리 하지 마라.
씨잘떼이 없다 (관용어) 쓸데없다. 
씩/싴 (명사) 살쾡이.
씩기다 (동사) 씻기다.
씩다 (동사) (활용 : 씩게, 씩던, 씩지, 씩는, 씩어라) 씻다.
씩은밥/씬밥 (명사) 찬밥. 식은 밥.
씩티이 (명사) 식충(食蟲)이.
씬나락 (명사) 볍씨.
씬나물/씬내이 (명사) 씀바귀 : 국화과의 여러해살이풀. 뿌리와 애순은 봄에 나물로 먹는다.
씬물찡 (명사) 신물 : 지긋지긋하고 진절머리 나는 일.
씬밥 (명사) 찬밥. 식은 밥.
씬죽 (명사) 식은 죽.
씬중 (명사) 비구니. 여승.
씰가지 (명사) 살쾡이.
씰개 (명사) 쓸개.
씰개판 (명사) 쓰레받기.
씰다① (동사) 쓸다 : 비로 쓰레기 따위를 밀어내거나 한데 모아서 버리다.
씰다② (동사) 슬다 : 쇠붙이에 녹이 생기다.
씰다③ (동사) 슬다 : 벌레나 물고기 따위가 알을 깔기어 놓다.
씰데없이/씰디없이 (부사) 쓸데없이.
씰어엎다 (동사) 쓸어엎다.
씰키다 (동사) 스쳐서 상처가 나다.
씷다 (동사) 쓿다 : 거친 쌀, 조, 수수 따위의 곡식을 찧어 속꺼풀을 벗기고 깨끗하게 하다.
씸지 (명사) 심지 : 등잔, 남포등, 초 따위에 불을 붙이기 위하여 꼬아서 꽂은 실오라기나 헝겊.
씸지뽑기 (명사) 제비뽑기.
씹다 (형용사) (맛이) 쓰다.
씻나락 (명사) 볍씨.",2021-12-10 00:00:00,35,미부착,제1유형,무,,씨이다③ ~ 씻나락,,어문,음성,"씨이다③ (동사) 쐬다 : 얼굴이나 몸에 바람이나 연기, 햇빛 따위를 직접 받다.
씨이다④ (동사) 씌다 : 귀신 따위에 접하게 되다.
씨이리 (부사) 고루고루. 골고루. ¶ 씨이리 하나썩 조라.(=골고루 하나씩 줘라.)
씨이묵다 (동사) 씹어먹다.
씨이미 (명사) ‘시어머니’를 낮잡아 이르는 말.
씨잘떼기/씨잘떼이 (명사) 쓰잘머리 : 사람이나 사물의 쓸모 있는 면모나 유용한 구석. 주로 ‘없다’와 같이 사용됨. 
¶ 씨잘떼이 없는 소리 하지 마라.
씨잘떼이 없다 (관용어) 쓸데없다. 
씩/싴 (명사) 살쾡이.
씩기다 (동사) 씻기다.
씩다 (동사) (활용 : 씩게, 씩던, 씩지, 씩는, 씩어라) 씻다.
씩은밥/씬밥 (명사) 찬밥. 식은 밥.
씩티이 (명사) 식충(食蟲)이.
씬나락 (명사) 볍씨.
씬나물/씬내이 (명사) 씀바귀 : 국화과의 여러해살이풀. 뿌리와 애순은 봄에 나물로 먹는다.
씬물찡 (명사) 신물 : 지긋지긋하고 진절머리 나는 일.
씬밥 (명사) 찬밥. 식은 밥.
씬죽 (명사) 식은 죽.
씬중 (명사) 비구니. 여승.
씰가지 (명사) 살쾡이.
씰개 (명사) 쓸개.
씰개판 (명사) 쓰레받기.
씰다① (동사) 쓸다 : 비로 쓰레기 따위를 밀어내거나 한데 모아서 버리다.
씰다② (동사) 슬다 : 쇠붙이에 녹이 생기다.
씰다③ (동사) 슬다 : 벌레나 물고기 따위가 알을 깔기어 놓다.
씰데없이/씰디없이 (부사) 쓸데없이.
씰어엎다 (동사) 쓸어엎다.
씰키다 (동사) 스쳐서 상처가 나다.
씷다 (동사) 쓿다 : 거친 쌀, 조, 수수 따위의 곡식을 찧어 속꺼풀을 벗기고 깨끗하게 하다.
씸지 (명사) 심지 : 등잔, 남포등, 초 따위에 불을 붙이기 위하여 꼬아서 꽂은 실오라기나 헝겊.
씸지뽑기 (명사) 제비뽑기.
씹다 (형용사) (맛이) 쓰다.
씻나락 (명사) 볍씨.",사투리,한국어,,2021-12-10 00:00:00,저작물양도계약서,진주시청,,,,제1유형,저작물,보호저작물,○,상업적이용가능,○,○,○,○,○,○,○,,2091-12-10 00:00:00,,
59,오디오,가이드/안내/정보,진주시청,진주시청,HOME > 진주소개 > 기본현황 > 진주 사투리 사전 > ㅇ,아: ~ 아이구야,"진주 사투리 사전 이응

아: (명사) 애. ‘아이’의 (준말). ¶ 아:는 어딨네?(=아이는 어디 있느냐?) / 누집 아:가 저래 울고 있네? / 아: 좀 바라. 

아감지 (명사) 아가미

아가빠리 (명사) 아가리 : ’입’을 속되게 이르는 말. 

아구①/아웃 (명사) 아욱 : 아욱과의 두해살이풀. 연한 줄기와 잎은 국을 끓여먹는다.

아구②/아구지/아구창/아구통/ 아구팅이 (명사) 아가리 : ’입’을 속    되게 이르는 말.

아구③/아금 (명사) 아귀 : 사물의 갈라진 부분.

아구④/아쿠 (명사) 아귀 : 아귓과의 바닷물고기. ¶ 아구탕, 아구찜.

아구지 (명사) 아가리 : ’입’을 속되게 이르는 말.

아구찜 (명사) 아귀찜 : 아귀를 콩나물, 미나리, 미더덕 따위의 재료와 함께 갖은 양념을 하고 고춧가루와 녹말풀을 넣어 걸쭉하게 찐 음식.

아구차다 (형용사) 아귀차다 : 휘어잡기 어려울 만큼 벅차다.

아구창 (명사) 아가리 : ’입’을 속되게 이르는 말.

아구탕 (명사) 아귀탕 : 아귀로 끓인 탕.

아구통 (명사) 아가리 : ’입’을 속되게 이르는 말.

아구팅이 (명사) 아가리 : ’입’을 속되게 이르는 말.

아굿심 (명사) 아귀힘 : 손아귀에 잡아 쥐는 힘. ¶ 아굿심이 세다.(=아귀힘이 세다.)

아금 (명사) 아귀 : 사물의 갈라진 부분.

아금니 (명사) 어금니 : 송곳니의 안쪽에 있는 큰 이.

아금바리다/아금버리다아금바리다/아금버리다 (형용사) 아금받다 : 야무지고 다부지다.

아까전에/아까지께 (부사) 조금 전에.

아나 (감탄사) 옜다 : ‘해라’ 할 자리에 쓰여, 가까이 있는 사람에게 무엇을 건네줄 때 하는 말. 

아나콩콩/애나콩콩 (감탄사) 상대편의 분수에 맞지 않는 희망이나 꿈에 대하여 비웃거나 조롱할 때 쓰는 말.

아듬다 (동사) 안다 : 두 팔로 두르거나 당겨 가슴에 대거나 품다.

아람 (명사) 아름 : 두 팔을 둥글게 모아서 만든 둘레.

아람디리 (명사) 아름드리 : 둘레가 한 아름이 넘는 것을 나타내는 말.

아람디리나무 (명사) 둘레가 한 아름이 넘는 큰 나무.

아람차다 (형용사) 아름차다.

아래기 (명사) 아랑주. 소주.

아래우 (명사) 아래위.

아래웃집 (명사) 아래윗집.

아래초래이 (명사) 아래초리 : 아래가 되는 쪽의 끝부분.

아랫담/아랫몰 (명사) 아랫동네.

아랫두리 (명사) 아랫도리.

아랫몰 (명사) 아랫동네.

아:레 (명사)(부사) 그제. 그저께.

아:레끼 (명사)(부사) 그제. 그저께.

아리까리하다 (형용사) 알딸딸하다 : 1. 뜻밖의 일로 당황하거나 여러 가지 일이 복잡해서 정신을 가다듬지 못하다. 2. 머리가 울리고 어지럽다. ¶ 소주 석 잔을 거퍼 마싰디 아리까리하네.

아매 (부사) 아마. 짐작하건대.

아매도 (부사) 아마도 : ‘아마’를 강조하여 이르는 말.

아무거시 (대명사) 아무개.

아무끼나 (준말) 아무 것이나.

아무디나 (준말) 아무 데나.

아무따나 (준말) 아무렇게나. ¶ 일을 야무지기 해야지 아무따나 하모 데나.

아↑바씨 (명사) 아버지 : 어느 정도 지체 있고 존경을 받을 만한 집의 남자 어른을 그 집의 자식을 기준으로 이르는 말. ’아부지’보다 좀 더 존경하는 의미를 담고 있다. ¶ 그 집 아바씨 살아 기실 저어는 식구들끼리 참 잘 지냈지.(=그 집 아버지 살아 계실 때에는 식구들끼리 참 잘 지냈지.)

아↑바이 (명사) 아버지 : 나이 든 사람이 자식이 있는 아들을, 자식의 아내에게 이르는 말. ¶ 아가, 아바이 집에 있나.

아배 (명사) 아비.

아부시다 (동사) 앞세우다. ¶ 아:들 아부시고 섹히 가아라.(=아이들 앞세우고 속히 가거라.)

아부지 (명사) 아버지.

아부지빨 (명사) 아버지뻘.

아붐 (명사) 아범 : 결혼한 아들을 부모가 부르는 말.

아뿔까 (감탄사) 아뿔사.

아새 (명사) 애초.

아새겉이 (부사) 본디같이. 

아:새끼 (명사) 애새끼.

아순대로 (준말) 아쉬운 대로.

아숩다 (형용사) 아쉽다.

아시① (명사) 애벌. 애초.

아시② (명사) 아우 : 1. 어머니 뱃속의 아우. ¶ 아시 볼 때 댔는데.(=동생 볼 때 됐는데.) / 저 집 아: 요시 아시탄다고 바짝 애빘네.(=저 집 아이 요즘 동생이 생겨서 바짝 야위었네.) 2. (그냥) 아우. ¶ 야:는 자 아시동생이다.

아시동상/아시동생 (명사) 바로 밑의 동생.

아시딩기 (명사) 왕겨.

아시매다 (동사) (논을) 애벌 매다.

아시보다 (동사) 어머니 뱃속에 아우가 생기다.

아시서답 (명사) 애벌빨래.

아시타다 (동사) 어머니 뱃속에 아우가 생긴 뒤에 아이가 몸이 여위다.

아심아심 (부사) 아슴아슴.

아심아심하다 (형용사) 아슴아슴하다.

아심찮다/아짐찮다 (형용사) 안심찮다 : 남에게 폐를 끼쳐서 미안하다. 또는 ‘고맙다’는 뜻으로 쓰인다.

아심하다 (형용사) 아슴푸레하다.

아십다 (형용사) 아쉽다.

아싹않다/아씩않다 (동사) 꼼짝않다.

아악절/아적절/아직절 (명사) 아침나절.

아옵 (수사)(관형사) 아홉.

아요 (감탄사) 여보 : 1. 어른이, 가까이 있는 자기와 비슷한 나이 또래의 사람을 부를 때 쓰는 말. 2. 부부 사이에 서로 상대편을 부르는 말.

아웃 (명사) 아욱 : 아욱과의 두해살이풀. 

아웃국 (명사) 아욱국 : 된장을 푼 물에 아욱을 넣고 끓인 국.

아으레 (명사) 아흐레. 아흐렛날.

아은 (수사)(관형사) 아흔.

아이 (감탄사) 여보게 : 가까이 있는 사람을 부를 때 쓰는 말. ‘하게’ 할 자리에 쓴다. ¶ 아이, 고마 일어나지.(=여보게, 그만 일어나지.)

아이가 (감탄사) 1. 아니냐. ¶ 이기 술 아이가?(=이게 술 아니냐?) 2. 의문반어로 다짐할 때 쓰는 말. 그렇지. 틀림없이. ¶ 맞다, 아이가.(=맞다, 그렇지.) / 밥 무웄다, 아이가. (=밥 먹었다, 틀림없이.)

아이가나/아이가이 (감탄사) 1. 아이고나 : 아이가 하는 묘한 재롱이나 착한 행동을 보고 기특하다고 할 때 가볍게 내는 소리. 2. 손아랫사람이 잘못했을 때 혀를 차며 하는 소리. ¶ 그것도 모린다 말이가, 아이가나.(=그것도 모른다 말인가, 아이고나.)

아이구야 (감탄사) 아이고 : 반갑거나 좋을 때 내는 소리.",2021-12-10 00:00:00,80,미부착,제1유형,무,,아: ~ 아이구야,,어문,음성,"진주 사투리 사전 이응

아: (명사) 애. ‘아이’의 (준말). ¶ 아:는 어딨네?(=아이는 어디 있느냐?) / 누집 아:가 저래 울고 있네? / 아: 좀 바라. 

아감지 (명사) 아가미

아가빠리 (명사) 아가리 : ’입’을 속되게 이르는 말. 

아구①/아웃 (명사) 아욱 : 아욱과의 두해살이풀. 연한 줄기와 잎은 국을 끓여먹는다.

아구②/아구지/아구창/아구통/ 아구팅이 (명사) 아가리 : ’입’을 속    되게 이르는 말.

아구③/아금 (명사) 아귀 : 사물의 갈라진 부분.

아구④/아쿠 (명사) 아귀 : 아귓과의 바닷물고기. ¶ 아구탕, 아구찜.

아구지 (명사) 아가리 : ’입’을 속되게 이르는 말.

아구찜 (명사) 아귀찜 : 아귀를 콩나물, 미나리, 미더덕 따위의 재료와 함께 갖은 양념을 하고 고춧가루와 녹말풀을 넣어 걸쭉하게 찐 음식.

아구차다 (형용사) 아귀차다 : 휘어잡기 어려울 만큼 벅차다.

아구창 (명사) 아가리 : ’입’을 속되게 이르는 말.

아구탕 (명사) 아귀탕 : 아귀로 끓인 탕.

아구통 (명사) 아가리 : ’입’을 속되게 이르는 말.

아구팅이 (명사) 아가리 : ’입’을 속되게 이르는 말.

아굿심 (명사) 아귀힘 : 손아귀에 잡아 쥐는 힘. ¶ 아굿심이 세다.(=아귀힘이 세다.)

아금 (명사) 아귀 : 사물의 갈라진 부분.

아금니 (명사) 어금니 : 송곳니의 안쪽에 있는 큰 이.

아금바리다/아금버리다아금바리다/아금버리다 (형용사) 아금받다 : 야무지고 다부지다.

아까전에/아까지께 (부사) 조금 전에.

아나 (감탄사) 옜다 : ‘해라’ 할 자리에 쓰여, 가까이 있는 사람에게 무엇을 건네줄 때 하는 말. 

아나콩콩/애나콩콩 (감탄사) 상대편의 분수에 맞지 않는 희망이나 꿈에 대하여 비웃거나 조롱할 때 쓰는 말.

아듬다 (동사) 안다 : 두 팔로 두르거나 당겨 가슴에 대거나 품다.

아람 (명사) 아름 : 두 팔을 둥글게 모아서 만든 둘레.

아람디리 (명사) 아름드리 : 둘레가 한 아름이 넘는 것을 나타내는 말.

아람디리나무 (명사) 둘레가 한 아름이 넘는 큰 나무.

아람차다 (형용사) 아름차다.

아래기 (명사) 아랑주. 소주.

아래우 (명사) 아래위.

아래웃집 (명사) 아래윗집.

아래초래이 (명사) 아래초리 : 아래가 되는 쪽의 끝부분.

아랫담/아랫몰 (명사) 아랫동네.

아랫두리 (명사) 아랫도리.

아랫몰 (명사) 아랫동네.

아:레 (명사)(부사) 그제. 그저께.

아:레끼 (명사)(부사) 그제. 그저께.

아리까리하다 (형용사) 알딸딸하다 : 1. 뜻밖의 일로 당황하거나 여러 가지 일이 복잡해서 정신을 가다듬지 못하다. 2. 머리가 울리고 어지럽다. ¶ 소주 석 잔을 거퍼 마싰디 아리까리하네.

아매 (부사) 아마. 짐작하건대.

아매도 (부사) 아마도 : ‘아마’를 강조하여 이르는 말.

아무거시 (대명사) 아무개.

아무끼나 (준말) 아무 것이나.

아무디나 (준말) 아무 데나.

아무따나 (준말) 아무렇게나. ¶ 일을 야무지기 해야지 아무따나 하모 데나.

아↑바씨 (명사) 아버지 : 어느 정도 지체 있고 존경을 받을 만한 집의 남자 어른을 그 집의 자식을 기준으로 이르는 말. ’아부지’보다 좀 더 존경하는 의미를 담고 있다. ¶ 그 집 아바씨 살아 기실 저어는 식구들끼리 참 잘 지냈지.(=그 집 아버지 살아 계실 때에는 식구들끼리 참 잘 지냈지.)

아↑바이 (명사) 아버지 : 나이 든 사람이 자식이 있는 아들을, 자식의 아내에게 이르는 말. ¶ 아가, 아바이 집에 있나.

아배 (명사) 아비.

아부시다 (동사) 앞세우다. ¶ 아:들 아부시고 섹히 가아라.(=아이들 앞세우고 속히 가거라.)

아부지 (명사) 아버지.

아부지빨 (명사) 아버지뻘.

아붐 (명사) 아범 : 결혼한 아들을 부모가 부르는 말.

아뿔까 (감탄사) 아뿔사.

아새 (명사) 애초.

아새겉이 (부사) 본디같이. 

아:새끼 (명사) 애새끼.

아순대로 (준말) 아쉬운 대로.

아숩다 (형용사) 아쉽다.

아시① (명사) 애벌. 애초.

아시② (명사) 아우 : 1. 어머니 뱃속의 아우. ¶ 아시 볼 때 댔는데.(=동생 볼 때 됐는데.) / 저 집 아: 요시 아시탄다고 바짝 애빘네.(=저 집 아이 요즘 동생이 생겨서 바짝 야위었네.) 2. (그냥) 아우. ¶ 야:는 자 아시동생이다.

아시동상/아시동생 (명사) 바로 밑의 동생.

아시딩기 (명사) 왕겨.

아시매다 (동사) (논을) 애벌 매다.

아시보다 (동사) 어머니 뱃속에 아우가 생기다.

아시서답 (명사) 애벌빨래.

아시타다 (동사) 어머니 뱃속에 아우가 생긴 뒤에 아이가 몸이 여위다.

아심아심 (부사) 아슴아슴.

아심아심하다 (형용사) 아슴아슴하다.

아심찮다/아짐찮다 (형용사) 안심찮다 : 남에게 폐를 끼쳐서 미안하다. 또는 ‘고맙다’는 뜻으로 쓰인다.

아심하다 (형용사) 아슴푸레하다.

아십다 (형용사) 아쉽다.

아싹않다/아씩않다 (동사) 꼼짝않다.

아악절/아적절/아직절 (명사) 아침나절.

아옵 (수사)(관형사) 아홉.

아요 (감탄사) 여보 : 1. 어른이, 가까이 있는 자기와 비슷한 나이 또래의 사람을 부를 때 쓰는 말. 2. 부부 사이에 서로 상대편을 부르는 말.

아웃 (명사) 아욱 : 아욱과의 두해살이풀. 

아웃국 (명사) 아욱국 : 된장을 푼 물에 아욱을 넣고 끓인 국.

아으레 (명사) 아흐레. 아흐렛날.

아은 (수사)(관형사) 아흔.

아이 (감탄사) 여보게 : 가까이 있는 사람을 부를 때 쓰는 말. ‘하게’ 할 자리에 쓴다. ¶ 아이, 고마 일어나지.(=여보게, 그만 일어나지.)

아이가 (감탄사) 1. 아니냐. ¶ 이기 술 아이가?(=이게 술 아니냐?) 2. 의문반어로 다짐할 때 쓰는 말. 그렇지. 틀림없이. ¶ 맞다, 아이가.(=맞다, 그렇지.) / 밥 무웄다, 아이가. (=밥 먹었다, 틀림없이.)

아이가나/아이가이 (감탄사) 1. 아이고나 : 아이가 하는 묘한 재롱이나 착한 행동을 보고 기특하다고 할 때 가볍게 내는 소리. 2. 손아랫사람이 잘못했을 때 혀를 차며 하는 소리. ¶ 그것도 모린다 말이가, 아이가나.(=그것도 모른다 말인가, 아이고나.)

아이구야 (감탄사) 아이고 : 반갑거나 좋을 때 내는 소리.",사투리,한국어,,2021-12-10 00:00:00,저작물양도계약서,진주시청,,,,제1유형,저작물,보호저작물,○,상업적이용가능,○,○,○,○,○,○,○,,2091-12-10 00:00:00,,
60,오디오,가이드/안내/정보,진주시청,진주시청,HOME > 진주소개 > 기본현황 > 진주 사투리 사전 > ㅇ,ㅇ_2,"아이다 (형용사) 아니다 : 어떤 사실을 부정하는 뜻을 나타내는 말.

아이라예 (감탄사) 아니에요.

아이 맞다 아이 맞다 딱 맞다.

아이쿠 (감탄사) 아이코. 어이쿠.

아인 기 아이라 (연어) 아닌 게 아니라. 

아장카리 (명사) 갈퀴덩굴 : 꼭두서닛과의 두해살이 덩굴풀.

아적 (명사) 아침.

아적꺼리 (명사) 아침거리.

아적답 (명사) 아침때.

아적밥 (명사) 아침밥.

아적북새 (명사) 아침노을.

아적절 (명사) 아침나절.

아제 (명사) 1. 아저씨. 2. 작은아버지.

아제비 (명사) ‘아저씨’를 일컫는 말.

아제빨 (명사) 아저씨뻘.

아젓:이 (부사) 아련히.

아주머이 (명사) 아주머니.

아주부이 (명사) 아주버니.

-아지 접미 ‘발목’, ‘손목’ 등에 붙어 이들을 낮잡아 이르는 말. ¶ 발목아지, 손목아지.

아지랍다 (형용사) 위태하다. 아찔하다.

아지래미/아지래이/아지랭이 (명사) 아지랑이.

아지마씨 (명사) 남의 아주머니를 허물없이 부르는 말.

아지매 (명사) 아주머니.

아지뱀 (명사) 아주버니.

아직절 (명사) 아침나절.

아질아질 (부사) 아슬아슬.

아질아질하다 (형용사) 아슬아슬하다.

아짐찮다 (형용사) 안심찮다 : 남에게 폐를 끼쳐서 미안하다. 또는 ‘고맙다’는 뜻으로 쓰인다.

아척 (명사) 아침. ¶ 올 아척은 일척 일난 펜이다.(=오늘 아침은 일찍 일어난 편이다.)

아쿠 (명사) 아귀 : 아귓과의 바닷물고기.

아쿠찜 (명사) 아귀찜.

아쿠탕 (명사) 아귀탕.

아펜 (명사) 아편. ¶ 아펜 중독자(=아편 중독자).

아푸다 (형용사) 아프다.

악다구 (명사) 악다구니 : 기를 써서 다투며 욕설을 하는 짓. 또는 그런 입.

악다받다 (동사) 어른이나 손윗사람에게 버릇없이 행동하다. ¶ 글마 그거 내 말 안 듣고, 얼매나 악다받기 달라드는 줄 아나?(=그놈 내 말 안 듣고 얼마나 버릇없이 달려드는 줄 아니?)

악다받이 (명사) 어른이나 손윗사람에게 버릇없이 행동하는 일.

악빠리 (명사) 아가리 : ’입’을 속되게 이르는 말. 

안개비 (명사) 는개 : 안개보다는 조금 굵고 이슬비보다는 가는 비.

안개오좀 (명사) 는개.

안글나(←안 그렇나) (준말) 그렇지 않느냐.

안글터만(←안 그렇더만) (준말) 그렇지 아니하더니만.

안다이 (명사) 안다니 : 무엇이든지 잘 아는 체하는 사람.

안들 (명사) 아낙네들.

안마따마라 (←아무+말도+마라) (준말) 아무 말도 하지 마라.

안마따않다 (←아무 말도 않다) (준말) 아무 말도 하지 아니하다.

안만 (부사) 아무리.

안만캐도 (부사) 아무래도. 아무리 말하여도.

안망높다 (형용사) 오만하다. 거만하다.

안바껕 (명사) 안팎 : 1. 안과 밖. 2. 아내와 남편.

안시럽다 (형용사) 안쓰럽다.

안장/안주/안죽/안중 (부사) 아직.

안장꺼정/안주꺼정 (부사) 아직까지. 아직껏.

안지이소(앉+이이소←앉+으이소) (동사) 앉으세요. 

안청 (명사) 청. 대청.

앉인배이 (명사) 앉은뱅이.

앉인배이 까끔 말린다 (속담) 앉은뱅이 멧갓 지킨다는 뜻으로, 힘이 미치지 못하는 일을 비유적으로 이르는 말. 앉은뱅이 용쓴다.

앉인자리 (명사) 앉은자리.

알감지/알개미 (명사) 아가미.

알개이 (명사) 알갱이.

알곰삼삼 (부사) 알금삼삼.

알뚱지 (명사) 닭이나 오리 따위의 알둥우리.

알라 (명사) 아이. ¶ 알라 어디인네?(=아이 어디 있느냐?) / 누 집 알라고?(=누구 집 아이니?) / 업고 있는 기 알라가?(=업고 있는 게 아이냐?) 

알랑미 (명사) 안남미(安南米) : 베트남에서 생산하는 쌀.

알랑방구 (명사) 알랑방귀 : 교묘한 말과 그럴 듯한 행동으로 남의 비위를 맞추는 짓을 속되게 이르는 말.

알랑방구 끼다 (관용어) ‘알랑방귀를 뀌다’는 말로 알랑거리며 아첨을 떤다는 말이다.

알랴지다/알리지다 (동사) 알려지다.

알로 (부사) 아래로.

알로보다 (동사) 아래로 보다. 깔보다.

알류다 (동사) 알리다. 알게 하다.

알매이 (명사) 알맹이.

알배이 (명사) 알배기 : 알이 통통한 생선.

알양반 (명사) 점잖고 예의 바른 사람.

알우다 (동사) 알리다.

알우로 (부사) 아래위로 : 아래와 위를 아울러 이르는 말.

알자리 (명사) 밑알 : 암탉이 알 낳을 자리를 바로 찾아들도록 둥지에 넣어 두는 달걀.

알짜배이 (명사) 알짜배기.

알짱 (명사) 알짬 : 여럿 가운데에 가장 중요한 것. ¶ 알짱 겉은 내 새끼.(=알짬 같은 내 자식.)

알쪼 (명사) 알조 : 알 만한 일.

알케이/알키 (명사) 알맹이.

알키하다 (형용사) 알큰하다.

앍다 (동사) 1. (활용 : 앍고[알꼬], 앍지[알찌], 앍는다[알른다], 앍아서[알가서] 앓다. ¶ 몸살을 사알이나 앍고 있다.(=몸살을 사흘이나 앓고 있다.) 2. 궁상을 떨다. ¶ 노름판에서 돈 잃고 앍아 샇는다.(=노름판에서 돈 잃고 앓아 댄다.)

앍아대다 (동사) 졸라대다. 궁상을 떨어 댄다.

암: (감탄사) 어린아이가 물이 먹고 싶을 때 내는 소리. 또는 그 물.

암 (관형사) 아무. ¶ 암말도 / 암소리도 / 암마따(=아무 말도) 마라.

암개[-깨] (명사) 암캐.

암거무[-꺼-] (명사) 암거미.

암것[-껃] (명사) 아무 것. ¶ 암것도 가 오지 마라.(=아무 것도 가져오지 마라.)

암꺼 (명사) 암컷.

암께이/암껭이 (명사) 암고양이.

암꽁 (명사) 까투리. : 꿩의 암컷.

암꾸리 (명사) 암구렁이.",2021-12-10 00:00:00,92,미부착,제1유형,무,,ㅇ_2,,어문,음성,"아이다 (형용사) 아니다 : 어떤 사실을 부정하는 뜻을 나타내는 말.

아이라예 (감탄사) 아니에요.

아이 맞다 아이 맞다 딱 맞다.

아이쿠 (감탄사) 아이코. 어이쿠.

아인 기 아이라 (연어) 아닌 게 아니라. 

아장카리 (명사) 갈퀴덩굴 : 꼭두서닛과의 두해살이 덩굴풀.

아적 (명사) 아침.

아적꺼리 (명사) 아침거리.

아적답 (명사) 아침때.

아적밥 (명사) 아침밥.

아적북새 (명사) 아침노을.

아적절 (명사) 아침나절.

아제 (명사) 1. 아저씨. 2. 작은아버지.

아제비 (명사) ‘아저씨’를 일컫는 말.

아제빨 (명사) 아저씨뻘.

아젓:이 (부사) 아련히.

아주머이 (명사) 아주머니.

아주부이 (명사) 아주버니.

-아지 접미 ‘발목’, ‘손목’ 등에 붙어 이들을 낮잡아 이르는 말. ¶ 발목아지, 손목아지.

아지랍다 (형용사) 위태하다. 아찔하다.

아지래미/아지래이/아지랭이 (명사) 아지랑이.

아지마씨 (명사) 남의 아주머니를 허물없이 부르는 말.

아지매 (명사) 아주머니.

아지뱀 (명사) 아주버니.

아직절 (명사) 아침나절.

아질아질 (부사) 아슬아슬.

아질아질하다 (형용사) 아슬아슬하다.

아짐찮다 (형용사) 안심찮다 : 남에게 폐를 끼쳐서 미안하다. 또는 ‘고맙다’는 뜻으로 쓰인다.

아척 (명사) 아침. ¶ 올 아척은 일척 일난 펜이다.(=오늘 아침은 일찍 일어난 편이다.)

아쿠 (명사) 아귀 : 아귓과의 바닷물고기.

아쿠찜 (명사) 아귀찜.

아쿠탕 (명사) 아귀탕.

아펜 (명사) 아편. ¶ 아펜 중독자(=아편 중독자).

아푸다 (형용사) 아프다.

악다구 (명사) 악다구니 : 기를 써서 다투며 욕설을 하는 짓. 또는 그런 입.

악다받다 (동사) 어른이나 손윗사람에게 버릇없이 행동하다. ¶ 글마 그거 내 말 안 듣고, 얼매나 악다받기 달라드는 줄 아나?(=그놈 내 말 안 듣고 얼마나 버릇없이 달려드는 줄 아니?)

악다받이 (명사) 어른이나 손윗사람에게 버릇없이 행동하는 일.

악빠리 (명사) 아가리 : ’입’을 속되게 이르는 말. 

안개비 (명사) 는개 : 안개보다는 조금 굵고 이슬비보다는 가는 비.

안개오좀 (명사) 는개.

안글나(←안 그렇나) (준말) 그렇지 않느냐.

안글터만(←안 그렇더만) (준말) 그렇지 아니하더니만.

안다이 (명사) 안다니 : 무엇이든지 잘 아는 체하는 사람.

안들 (명사) 아낙네들.

안마따마라 (←아무+말도+마라) (준말) 아무 말도 하지 마라.

안마따않다 (←아무 말도 않다) (준말) 아무 말도 하지 아니하다.

안만 (부사) 아무리.

안만캐도 (부사) 아무래도. 아무리 말하여도.

안망높다 (형용사) 오만하다. 거만하다.

안바껕 (명사) 안팎 : 1. 안과 밖. 2. 아내와 남편.

안시럽다 (형용사) 안쓰럽다.

안장/안주/안죽/안중 (부사) 아직.

안장꺼정/안주꺼정 (부사) 아직까지. 아직껏.

안지이소(앉+이이소←앉+으이소) (동사) 앉으세요. 

안청 (명사) 청. 대청.

앉인배이 (명사) 앉은뱅이.

앉인배이 까끔 말린다 (속담) 앉은뱅이 멧갓 지킨다는 뜻으로, 힘이 미치지 못하는 일을 비유적으로 이르는 말. 앉은뱅이 용쓴다.

앉인자리 (명사) 앉은자리.

알감지/알개미 (명사) 아가미.

알개이 (명사) 알갱이.

알곰삼삼 (부사) 알금삼삼.

알뚱지 (명사) 닭이나 오리 따위의 알둥우리.

알라 (명사) 아이. ¶ 알라 어디인네?(=아이 어디 있느냐?) / 누 집 알라고?(=누구 집 아이니?) / 업고 있는 기 알라가?(=업고 있는 게 아이냐?) 

알랑미 (명사) 안남미(安南米) : 베트남에서 생산하는 쌀.

알랑방구 (명사) 알랑방귀 : 교묘한 말과 그럴 듯한 행동으로 남의 비위를 맞추는 짓을 속되게 이르는 말.

알랑방구 끼다 (관용어) ‘알랑방귀를 뀌다’는 말로 알랑거리며 아첨을 떤다는 말이다.

알랴지다/알리지다 (동사) 알려지다.

알로 (부사) 아래로.

알로보다 (동사) 아래로 보다. 깔보다.

알류다 (동사) 알리다. 알게 하다.

알매이 (명사) 알맹이.

알배이 (명사) 알배기 : 알이 통통한 생선.

알양반 (명사) 점잖고 예의 바른 사람.

알우다 (동사) 알리다.

알우로 (부사) 아래위로 : 아래와 위를 아울러 이르는 말.

알자리 (명사) 밑알 : 암탉이 알 낳을 자리를 바로 찾아들도록 둥지에 넣어 두는 달걀.

알짜배이 (명사) 알짜배기.

알짱 (명사) 알짬 : 여럿 가운데에 가장 중요한 것. ¶ 알짱 겉은 내 새끼.(=알짬 같은 내 자식.)

알쪼 (명사) 알조 : 알 만한 일.

알케이/알키 (명사) 알맹이.

알키하다 (형용사) 알큰하다.

앍다 (동사) 1. (활용 : 앍고[알꼬], 앍지[알찌], 앍는다[알른다], 앍아서[알가서] 앓다. ¶ 몸살을 사알이나 앍고 있다.(=몸살을 사흘이나 앓고 있다.) 2. 궁상을 떨다. ¶ 노름판에서 돈 잃고 앍아 샇는다.(=노름판에서 돈 잃고 앓아 댄다.)

앍아대다 (동사) 졸라대다. 궁상을 떨어 댄다.

암: (감탄사) 어린아이가 물이 먹고 싶을 때 내는 소리. 또는 그 물.

암 (관형사) 아무. ¶ 암말도 / 암소리도 / 암마따(=아무 말도) 마라.

암개[-깨] (명사) 암캐.

암거무[-꺼-] (명사) 암거미.

암것[-껃] (명사) 아무 것. ¶ 암것도 가 오지 마라.(=아무 것도 가져오지 마라.)

암꺼 (명사) 암컷.

암께이/암껭이 (명사) 암고양이.

암꽁 (명사) 까투리. : 꿩의 암컷.

암꾸리 (명사) 암구렁이.",사투리,한국어,,2021-12-10 00:00:00,저작물양도계약서,진주시청,,,,제1유형,저작물,보호저작물,○,상업적이용가능,○,○,○,○,○,○,○,,2091-12-10 00:00:00,,
61,오디오,가이드/안내/정보,진주시청,진주시청,HOME > 진주소개 > 기본현황 > 진주 사투리 사전 > ㅇ,암놈 ~ 애터지다,"암놈 (명사) 암쇠. 매암쇠 : 맷돌 위짝 가운데에 박힌, 구멍이 뚫린 쇠.

암다 (동사) 안다 : 손해나 빚 또는 책임을 떠맡다. 

암데다[-때-] (형용사) 암되다 : 남자가 성격이 소극적이며 수줍음을 잘 타는 데가 있다. 

암데도/암디도 (부사) 아무데도.

암디 (부사) 아무데.

암디도 (부사) 아무데도.

암디서나 (부사) 아무데서나.

암따나 (부사) 아무렇게나.

암딱/암딸 (명사) 암탉.

암마따 마라(←아무 말도 마라) (준말) 아무 말도 하지 마라.

암만 (부사) 아무렴. 아무리.

암만해도 (부사) 아무래도.

암말도 (부사) 아무 말도.

암성/암시로 (부사) 알고 있으면서.

암세 (명사) 암소.

암시라찮다/암시랑찮다 (형용사) 아무렇지 않다. 괜찮다.

암시랑도 (부사) 아무렇지도.

암시로 (부사) 알면서. 알고 있으면서.

암짝 (명사) 아무짝.

암짝도 (부사) 아무짝에도. ¶ 암짝도 못 씨겄다.(=아무짝에도 못 쓰겠다.)

앗아도라/앗애도라 (감탄사) 건네다오. 집어다오.

앗아주다/앗애주다 (동사) 건네주다. 집어주다.

앙가리 (명사) 앙금 : 마음속에 남아 있는 개운치 아니한 감정을 비유적으로 이르는 말. ¶ 앙가리지다(=앙금이 남다).

앙당그라지다 (동사) 앙당그러지다. 1. 마르거나 졸아지거나 굳어지면서 조금 뒤틀리다. 2. 춥거나 겁이 나서 몸이 움츠러지다.

앙물하다 (동사) 앙갚음하다. ¶ 저 집 사람들 우리한테 앙물하까 겁나네.(=저 집 사람들 우리한테 앙갚음할까 겁나네.)

앙종기리다 (동사) 앙잘거리다 : 작은 소리로 원망스럽게 자꾸 군소리를 내다.

앙치다 (동사) 달려들다.

앞장개이 (명사) ‘정강이’를 강조하여 이르는 말.

앞치매 (명사) 행주치마.

애: (명사) 오이. ¶ 참애(=참외), 물애(=물외).

애가리 (명사) 왜가리.

애↑간장/애↑장 (명사) 왜간장.

애개개 (감탄사) 애걔걔.

애↑국 (명사) 왜국(倭國) : 일본(日本)을 낮잡아 이르는 말.

애기 (명사) 아기.

애기담부랑 (명사) 애장(葬) : 죽은 아이의 시체를 단지에 넣어 돌너덜에 묻고 돌을 덮어서 만든 무덤.

애기보 (명사) 아기집 : 자궁(子宮)을 일상적으로 이르는 말.

애기씨 (명사) 아가씨.

애기장 (명사) 애장(葬) : 죽은 아이의 시체를 단지에 넣어 돌너덜에 묻고 돌을 덮어서 만든 무덤.

애기집 (명사) 아기집.

애꼬지이다 (동사) 야코죽이다.

애끼다 (동사) 아끼다.

애끼씨다 (동사) 아껴쓰다.

애↑낫 (명사) 왜낫 : 날이 얇고 짧으며 자루가 긴 낫.

애↑내 (명사) 왜냄새. ’일본 냄새’란 뜻으로, 고유의 것이 아닌 일본에서 들어온 음식이나 화장품 따위에서 나는 냄새를 속되게 이르는 말. ¶ 음식에서 애내가 나서 몬 묵겄다.(=음식에서 왜냄새가 나서 못 먹겠다).

애↑넘/애↑놈 (명사) 왜놈 : 일본사람을 낮추어 이르는 말.

애↑년 (명사) 왜년 : 일본 여자를 비속하게 이르는 말.

애눈 (명사) 애꾸눈.

애눈배이/애눈뱅이/애통배이 (명사) 애꾸눈이.

애달쿠다 (동사) 애태우다.

애댕기다 (동사) 맞닥뜨리다. 맞닥치다. ¶ 한 분만 더 애댕기모 내 기양 안 둘 끼다.(=한 번만 더 맞닥뜨리면 내 그냥 안 둘 것이다.)

애덥다 (형용사) 애달프다.

애동호박 (명사) 애호박 : 덜 여문 어린 호박.

애디이/애딩이 (명사) 애송이 : 아이 티가 나는 사람이나 물건.

애록 (감탄사) 아이가 잘못 먹은 것을 뱉어내거나 토하도록 하는 소리.

애리:다 (형용사) 아리다 : 1. 상처나 살갗 따위가 찌르는 듯이 아프다. 2. 마음이 몹시 고통스럽다.

애목 (명사) 멱 : 목의 앞쪽.

애목을 따다 (관용어) 칼 따위로 짐승의 멱을 찌르거나 자르다.

애:묵다 (동사) 애먹다 : 속이 상할 정도로 어려움을 겪다.

애:미이다/애:믹이다 (동사) 애먹이다.

애민 (관형사) 애먼 : 일의 결과가 다른 데로 돌아가 억울하거나 엉뚱하게 느껴지는. ¶ 애민 징역을 살았다.

애민때 (명사) 누명. ¶ 애민때 디비씨다.(=누명을 뒤집어쓰다.) / 애민때를 벗다.(=누명을 벗다.)

애민 사람 벼락 맞는다 (속담) 일의 결과가 엉뚱하게 돌아가 애먼 사람이 누명을 쓰거나 얻어맞는 경우를 비유적으로 이르는 말.

애민소리 (명사) 애먼소리.

애발시리 (부사) 애발스럽게. 애발스레 : 보기에 매우 안타깝게 애를 쓰는 데가 있다.

애불개 (명사) 상극. 좋지 않은 사이.

애비 (명사) 아비.

애비다 (형용사) 야위다.

애비리 (명사) 쥐벼룩.

애:살 (명사) 애착심 : 1. 다른 사람보다 무엇을 잘해 보려고 하는 애바른 마음. 2. 샘. 시새움.

애상 (명사) 외상 : 값은 나중에 치르기로 하고 물건을 사고파는 일.

애소배기 (명사) 오이소박이. 

애시당초 (명사) 애당초.

애시이 (명사) 애송이.

애씨 (명사) 아가씨. 아기씨.

애않다 (형용사) 애연(哀然)하다 : 슬픈 듯하다.

애앤ㅎ다/애인ㅎ다/앤하다 (형용사) 애연(哀然)하다 : 슬픈 듯하다.

애잠 (명사) 첫잠 : 누에가 뽕을 먹기 시작한 후 처음으로 자는 잠.

애↑장 (명사) 왜간장 : 일본식 양조 간장.

애↑정 (명사) 왜정(倭政) : 일본이 침략하여 강점하고 다스리던 정치.

애↑정시대 (명사) 왜정시대 : 일제강점기.

애↑지름 (명사) 왜기름 : 석유(石油).

애참다 (형용사) 애처롭다.

애↑콩 (명사) 완두콩.

애터주다 (동사) 애태우다.

애터지다 (동사) 애타다.",2021-12-10 00:00:00,86,미부착,제1유형,무,,암놈 ~ 애터지다,,어문,음성,"암놈 (명사) 암쇠. 매암쇠 : 맷돌 위짝 가운데에 박힌, 구멍이 뚫린 쇠.

암다 (동사) 안다 : 손해나 빚 또는 책임을 떠맡다. 

암데다[-때-] (형용사) 암되다 : 남자가 성격이 소극적이며 수줍음을 잘 타는 데가 있다. 

암데도/암디도 (부사) 아무데도.

암디 (부사) 아무데.

암디도 (부사) 아무데도.

암디서나 (부사) 아무데서나.

암따나 (부사) 아무렇게나.

암딱/암딸 (명사) 암탉.

암마따 마라(←아무 말도 마라) (준말) 아무 말도 하지 마라.

암만 (부사) 아무렴. 아무리.

암만해도 (부사) 아무래도.

암말도 (부사) 아무 말도.

암성/암시로 (부사) 알고 있으면서.

암세 (명사) 암소.

암시라찮다/암시랑찮다 (형용사) 아무렇지 않다. 괜찮다.

암시랑도 (부사) 아무렇지도.

암시로 (부사) 알면서. 알고 있으면서.

암짝 (명사) 아무짝.

암짝도 (부사) 아무짝에도. ¶ 암짝도 못 씨겄다.(=아무짝에도 못 쓰겠다.)

앗아도라/앗애도라 (감탄사) 건네다오. 집어다오.

앗아주다/앗애주다 (동사) 건네주다. 집어주다.

앙가리 (명사) 앙금 : 마음속에 남아 있는 개운치 아니한 감정을 비유적으로 이르는 말. ¶ 앙가리지다(=앙금이 남다).

앙당그라지다 (동사) 앙당그러지다. 1. 마르거나 졸아지거나 굳어지면서 조금 뒤틀리다. 2. 춥거나 겁이 나서 몸이 움츠러지다.

앙물하다 (동사) 앙갚음하다. ¶ 저 집 사람들 우리한테 앙물하까 겁나네.(=저 집 사람들 우리한테 앙갚음할까 겁나네.)

앙종기리다 (동사) 앙잘거리다 : 작은 소리로 원망스럽게 자꾸 군소리를 내다.

앙치다 (동사) 달려들다.

앞장개이 (명사) ‘정강이’를 강조하여 이르는 말.

앞치매 (명사) 행주치마.

애: (명사) 오이. ¶ 참애(=참외), 물애(=물외).

애가리 (명사) 왜가리.

애↑간장/애↑장 (명사) 왜간장.

애개개 (감탄사) 애걔걔.

애↑국 (명사) 왜국(倭國) : 일본(日本)을 낮잡아 이르는 말.

애기 (명사) 아기.

애기담부랑 (명사) 애장(葬) : 죽은 아이의 시체를 단지에 넣어 돌너덜에 묻고 돌을 덮어서 만든 무덤.

애기보 (명사) 아기집 : 자궁(子宮)을 일상적으로 이르는 말.

애기씨 (명사) 아가씨.

애기장 (명사) 애장(葬) : 죽은 아이의 시체를 단지에 넣어 돌너덜에 묻고 돌을 덮어서 만든 무덤.

애기집 (명사) 아기집.

애꼬지이다 (동사) 야코죽이다.

애끼다 (동사) 아끼다.

애끼씨다 (동사) 아껴쓰다.

애↑낫 (명사) 왜낫 : 날이 얇고 짧으며 자루가 긴 낫.

애↑내 (명사) 왜냄새. ’일본 냄새’란 뜻으로, 고유의 것이 아닌 일본에서 들어온 음식이나 화장품 따위에서 나는 냄새를 속되게 이르는 말. ¶ 음식에서 애내가 나서 몬 묵겄다.(=음식에서 왜냄새가 나서 못 먹겠다).

애↑넘/애↑놈 (명사) 왜놈 : 일본사람을 낮추어 이르는 말.

애↑년 (명사) 왜년 : 일본 여자를 비속하게 이르는 말.

애눈 (명사) 애꾸눈.

애눈배이/애눈뱅이/애통배이 (명사) 애꾸눈이.

애달쿠다 (동사) 애태우다.

애댕기다 (동사) 맞닥뜨리다. 맞닥치다. ¶ 한 분만 더 애댕기모 내 기양 안 둘 끼다.(=한 번만 더 맞닥뜨리면 내 그냥 안 둘 것이다.)

애덥다 (형용사) 애달프다.

애동호박 (명사) 애호박 : 덜 여문 어린 호박.

애디이/애딩이 (명사) 애송이 : 아이 티가 나는 사람이나 물건.

애록 (감탄사) 아이가 잘못 먹은 것을 뱉어내거나 토하도록 하는 소리.

애리:다 (형용사) 아리다 : 1. 상처나 살갗 따위가 찌르는 듯이 아프다. 2. 마음이 몹시 고통스럽다.

애목 (명사) 멱 : 목의 앞쪽.

애목을 따다 (관용어) 칼 따위로 짐승의 멱을 찌르거나 자르다.

애:묵다 (동사) 애먹다 : 속이 상할 정도로 어려움을 겪다.

애:미이다/애:믹이다 (동사) 애먹이다.

애민 (관형사) 애먼 : 일의 결과가 다른 데로 돌아가 억울하거나 엉뚱하게 느껴지는. ¶ 애민 징역을 살았다.

애민때 (명사) 누명. ¶ 애민때 디비씨다.(=누명을 뒤집어쓰다.) / 애민때를 벗다.(=누명을 벗다.)

애민 사람 벼락 맞는다 (속담) 일의 결과가 엉뚱하게 돌아가 애먼 사람이 누명을 쓰거나 얻어맞는 경우를 비유적으로 이르는 말.

애민소리 (명사) 애먼소리.

애발시리 (부사) 애발스럽게. 애발스레 : 보기에 매우 안타깝게 애를 쓰는 데가 있다.

애불개 (명사) 상극. 좋지 않은 사이.

애비 (명사) 아비.

애비다 (형용사) 야위다.

애비리 (명사) 쥐벼룩.

애:살 (명사) 애착심 : 1. 다른 사람보다 무엇을 잘해 보려고 하는 애바른 마음. 2. 샘. 시새움.

애상 (명사) 외상 : 값은 나중에 치르기로 하고 물건을 사고파는 일.

애소배기 (명사) 오이소박이. 

애시당초 (명사) 애당초.

애시이 (명사) 애송이.

애씨 (명사) 아가씨. 아기씨.

애않다 (형용사) 애연(哀然)하다 : 슬픈 듯하다.

애앤ㅎ다/애인ㅎ다/앤하다 (형용사) 애연(哀然)하다 : 슬픈 듯하다.

애잠 (명사) 첫잠 : 누에가 뽕을 먹기 시작한 후 처음으로 자는 잠.

애↑장 (명사) 왜간장 : 일본식 양조 간장.

애↑정 (명사) 왜정(倭政) : 일본이 침략하여 강점하고 다스리던 정치.

애↑정시대 (명사) 왜정시대 : 일제강점기.

애↑지름 (명사) 왜기름 : 석유(石油).

애참다 (형용사) 애처롭다.

애↑콩 (명사) 완두콩.

애터주다 (동사) 애태우다.

애터지다 (동사) 애타다.",사투리,한국어,,2021-12-10 00:00:00,저작물양도계약서,진주시청,,,,제1유형,저작물,보호저작물,○,상업적이용가능,○,○,○,○,○,○,○,,2091-12-10 00:00:00,,
62,오디오,가이드/안내/정보,진주시청,진주시청,HOME > 진주소개 > 기본현황 > 진주 사투리 사전 > ㅇ,애퍼 ~ 어린장부리다,"애퍼 (감탄사) 어린아이가 잘못 먹은 것을 뱉아내게 하는 소리.

액맥이 (명사) 액막이 : 가정이나 개인에게 닥칠 액을 미리 막는 일.

앤겅 (명사) 안경.

앤기↑다① (동사) 안기다.

앤↑기다② (동사) 흘레붙이다 : 생식을 위하여 암컷과 수컷을 성적 관계를 맺게 하다.

앤↑기들다 (동사) 달려들다.

앤↑기붙다 (동사) 달라붙다. 옮겨붙다.

앤하다 (형용사) 애연(哀然)하다 : 슬픈 듯하다.

앵갈지다 (형용사) 앙칼지다.

앵구다리 (명사) 굽은 다리. 안짱다리.

앵꼬다리 (명사) 안짱다리.

앵기발까락 (명사) 새끼발가락.

앵기손까락 (명사) 새끼손가락.

앵도 (명사) 앵두.

앵이 (명사) 진딧물.

앵이 (명사) 1. 혼백상자(魂帛箱子) : 혼백을 담은 상자. 2. 요여(腰輿) : 시체를 묻은 뒤에서 혼백과 신주를 모시고 돌아오는 작은 가마.

앵이꼽다 (형용사) 아니꼽다.

앵통하다 (형용사) 애통하다. 억울하다.

야: (준말) ’이 아이’의 (준말).

야꼬 (명사) 야코 : ’콧대’를 속되게 이르는 말.

야꼬죽다 (동사) 야코죽다. 기죽다.

야드래 (명사) 여드레.

야루다 (동사) 어르다. 조심스럽게 다루다.

야무다/야무딱지다/야물딱지다 (형용사) 야무지다.

야무치다 (형용사) 야무지다 : 사람의 성질이나 행동, 생김새 따위가 빈틈이 없이 꽤 단단하고 굳세다.

야바구/야바우 (명사) 야바위 : 1. 속임수로 돈을 따는 중국 노름의 하나. 2. 협잡의 수단으로 그럴듯하게 꾸미는 일.

야바구꾼/야바우꾼 (명사) 야바위꾼 : 야바위를 치는 사람을 낮잡아 이르는 말.

야사다 (동사) 야수다 : 틈이나 기회를 노리다.

야삼야삼 (부사) 얄밉상스럽게 살살.

야삼하다 (형용사) 얄밉상스럽다.

야삽하다/얍삽하다 (형용사) 1. 야비하다 : 성질이나 행동이 야하고 천하다. 2. 자신에게만 이롭게 꾀를 부리는 성질이 있다.

야샘이 (명사) 얕은 꾀를 쓰면서 자신의 이익만을 챙기려는 사람을 이르는 말.

야숙하다 (형용사) 야속하다.

야시/여시 (명사) 여우. 

야시비 (명사) 여우비 : 볕이 나 있는 날 잠깐 오다가 그치는 비.

야:아① (감탄사) 윗사람의 말에 대해 물음이나 놀람을 나타낼 때 쓰는 말. ‘하소’할 자리에 쓴다. 

야:아② (감탄사) 윗사람의 부름에 대답하거나 묻는 말에 긍정하여 대답할 때 쓰는 말. ‘하소’할 자리에 쓴다.

야아껀 (부사) 여하튼. 아무튼.

야아 우 (연어) 저쪽 위. ¶ 야아 우에 가면 절이 나온다.(=저기 위에 가면 절이 나온다).

야지다 (동사) 야단이다.

야지랑단지 (명사) 얄밉도록 능청맞고 천연스러운 사람을 낮잡아 이르는 말.

야코직이다 (동사) 야코죽이다.

야푸다 (형용사) (물이) 얕다.

약대 (명사) 고마리 : 여뀌과의 한해살이풀. 높이는 70~100cm로, 가시가 있으며, 8~9월에 작고 불그스름한 꽃이 가지 끝이나 잎겨드랑이에 핀다.

약빠리다/약뽀리다 (형용사) 약삭빠르다.

약탕개 (명사) 약탕관 : 탕약을 달이는 데 쓰는 질그릇.

얀다무치다 (형용사) 야무지다.

얄구지 (부사) 얄궂게.

얄구지다/얄라궂다 (형용사) 얄궂다.

얄라구지 (부사) 얄궂이. 얄궂게.

얄라궂다 (형용사) 얄궂다.

얄마(←야 일마)/얌마(←야 이놈아) (준말) 야 인마.

얌세이/얌셍이 (명사) 염소.

얌얌기리다 (동사) 냠냠거리다.

얌얌하다 (형용사) 냠냠하다.

얌잔 (명사) 얌전.

얌잔시럽다 (형용사) 얌전스럽다.

얌잔하다 (형용사) 얌전하다.

얌치 (명사) 얌체.

얍닥 (명사) 산비탈.

얍닥몰 (명사) 산비탈마을.

얍삭하다 (형용사) 얄팍하다.

얍삽하다 (형용사) 1. 야비하다 : 성질이나 행동이 야하고 천하다. 2. 자신에게만 이롭게 꾀를 부리는 성질이 있다.

얍시랑하다 (형용사) 얄브스름하다.

얍실하다 (형용사) 얄따랗다. 얄팍하다.

얍실해지다 (동사) 얄따래지다.

얏보다 (동사) 엿보다.

얏뽀리다 (형용사) 약삭빠르다.

양골베기/양골베이 (명사) 두 그루 부치기. 두 그루 심기. 양그루. 양글. 이모작 : 같은 땅에서 1년에 두 번 곡물을 재배하여 수확하는 토지 이용법. 또는 그 토지. 논에서는 보통 여름에 벼, 가을에 보리나 밀을 심어 가꾼다.

양님 (명사) 양념 : 음식의 맛을 돋우기 위하여 쓰는 재료를 통틀어 이르는 말.

양님딸 (명사) 고명딸 : 아들 많은 집의 외딸.

양님장 (명사) 양념장.

양도오 (명사) 양동이.

양득이 (명사) 둘잡이 : 장기에서 자기 말 하나를 죽이고 상대의 말 둘을 잡음. 또는 그런 수.

양발 (명사) 양말.

양발개다 (동사) 결가부좌하다. 반가부좌하다.

양복재이 (명사) 양복쟁이.

양사방 (명사) 사방(四方)의 주위. 여러 곳.

양석 (명사) 양식(糧食).

양재이 (명사) 양재기. 

양지 (명사) 양치질 : 이를 닦고 물로 입 안을 가심.

양지치다/양치치다 (동사) 양치질하다. 양치하다.

양철동우 (명사) 양동이. 양철동이 : 양철로 만든 동이.

양철이 (명사) 양철을 두드리는 소리처럼 요란스러운 사람을 이르는 말.

양판 (명사) 레코드판. 음반.

양푸이 (명사) 양푼 : 음식을 담거나 데우는 데 쓰는 놋그릇.

얘리다 (형용사) 야리다 : 1. 단단하거나 질기지 아니하여 보드랍거나 약하다. 2. 의지나 감정 따위가 질기지 못하고 무르다. 3. 빛깔이나 소리 따위가 흐리거나 약하다.

얘리얘리 (부사) 야리야리 : 단단하지 못하고 매우 무른 모양.

얘리얘리하다/얘비촐촐하다 (형용사) 몸의 살이 빠져 말라 보이다.

얘비다 (형용사) 야위다.

얘비촐촐하다 (형용사) 몸의 살이 빠져 말라 보이다.

-어가/-어가지고/-어갖고 (어미) -어서. ¶ 잡아가 / 잡아가지고 / 잡아갖고 / 길어가 / 길어가지고 / 길어갖고 / 넘어져가 우찌 뎄노?/ 집에 가가지고 전화하께.

어거지 (명사) 억지.

어거지부리다 (동사) 억지부리다.

어것지다 (동사) 엇갈리다. 어긋나다.

어구① (명사) 어귀 : 드나드는 목의 첫머리.

어:구② (명사) 아귀(餓鬼) : 불교에서 계율을 어기거나 탐욕을 부려 아귀도에 떨어진다는 귀신으로, 목구멍이 바늘구멍 같아서 음식을 먹을 수 없어 늘 굶주림으로 괴로워한다고 한다. 염치없이 먹을 것을 탐하는 사람이나, 성질이 사납고 지독히 탐욕스러운 사람을 비유적으로 이르는 말.

어구③ (명사) 미련하고 심한 고집이나 억지. ¶ 글마 그거 어구가 시이가아 니 말 안 들을 낀데.(=그놈 그것 고집이 세서 네 말 듣지 않을 텐데.)

어:구겉다 (형용사) 아귀(餓鬼) 같다.

어:구겉이 묵는다 (관용어) 아귀(餓鬼)같이 먹는다는 뜻으로 먹을 것을 정신없이 많이 먹는 것을 비유적으로 이르는 말.

어구통 (명사) 억지떼. 억지투정.

어구티이/어구팅이 (명사) 억지투정. 고집. ¶ 가:아는 어구팅이가 여간 센 아:가 아이데이.(=그 애는 고집이 여간 센 애가 아니다.)

어굿장 (명사) 어깃장 : 짐짓 어기대는 행동.

어그럼질 (명사) 갈림길.

어그정어그정 (부사) 어기적어기적. ¶ 노인 한 분이 한복 입고 부채 펴 들고 어그정어그정 걸어오고 있다.

어글티리다 (동사) 어그러뜨리다. 1. 잘 맞물려 있는 물체를 틀어지게 하다. 2. 기대가 빗나가거나 달라져 이루어지지 않게 하다.

어기야버기야 (부사) 어금버금.

어까리 (명사) 어리 : 병아리 따위를 가두어 기르는 물건. 대나 싸리로 채를 엮어 둥글게 만든다.

어꾸야 (감탄사) 어이구나.

어꾸지다 (형용사) 얄궂다. 별스럽다.

어느 시끼 (관용어) 어느 사이. 어느새. 어느 틈에 벌써.

어느 항천에 (관용어) 어느 세월에.

어는/어든 (대명사) 어느 : 여럿 가운데 대상이 되는 것이 무엇인지 물을 때 쓰는 말. ¶ 어는 동네 사십니꺼?(=어느 동네 사십니까?)

어덕 (명사) 언덕.

어덕 떨어진 게 질 된다 (속담) 언덕 무너진 자리에 길이 난다는 뜻으로, 시부저기 시작한 일이 본업(本業)이 되다.

어덕지다 (형용사) 언덕지다 : 평탄하지 못하고 언덕처럼 비탈지다.

어덕하다 (형용사) 그득하다.

어덥다/어둑다 (형용사) 어둡다.

어데예/어디예 (감탄사) 아니요. ¶ 극장 구경 좋아하세요. - 어데예.

어둑발/어둑살/어둡살 (명사) 땅거미. 어둠살.

어둠구석 (명사) 어둠 속.

어든 (대명사) 어느 : 여럿 가운데 대상이 되는 것이 무엇인지 물을 때 쓰는 말. ¶ 어든 쪽으로 가는 기 빠리네?(=어느 쪽으로 가는 것이 빠르냐?)

어듬새 (부사) 어느 사이.

어떠키나 (부사) 어찌나.

어떠크롬 (부사) 어찌.

어띠 (부사) 어찌.

어띠키 (부사) 어떻게.

어떡 (부사) 얼른.

어떡하모/어떡하몬 (부사) 어떻게 하면.

어라 (감탄사) 비켜라.

어럭조씨/어룩조씨 (명사) 1. 작은 사람이나 동물을 비유적으로 이르는 말. 2. 작은 토종 씨암탉.

어럽다 (형용사) 어렵다.

어루다 (동사) 어르다 : 어린아이를 달래거나 기쁨을 주다. 사람이나 짐승을 놀리며 장난하다.

어룩조씨 (명사) 1. 작은 사람이나 동물을 비유적으로 이르는 말. 2. 작은 토종 씨암탉.

어룸 (명사) 어름 : 구역과 구역의 경계점. ¶ 겡남과 전남의 어룸에 섬진강이 흐린다.(=경남과 전남의 경계점에 섬진강이 흐른다.)

어룸하다 (동사) 어룽어룽하다 : 뚜렷하지 아니하고 흐리게 어른거리다.

어름 (명사) 어림 : 대강 짐작으로 헤아림. 또는 그런 셈이나 짐작.

어름잡다 (동사) 어림잡다.

어름짱 (명사) 으름장 : 말과 행동으로 위협하는 짓.

어리다 (동사) (아기를) 어르다.

어리멍텅하다 (형용사) 흐리멍덩하다.

어리베이/어리비이/어리빙이 (명사) 어리보기, 머저리 : 말이나 행동이 다부지지 못하고 어리석은 사람을 낮잡아 이르는 말.

어리숙다 (형용사) 어리석다.

어리어리하다 (형용사) 으리으리하다.

어린아 (명사) 어린아이. 어린애.

어린양/어린장 (명사) 어리광. 응석.

어린양부리다/어린장부리다 (동사) 어리광부리다.

어린없다 (형용사) 어림없다.

어린장부리다 (동사) 어리광부리다.",2021-12-10 00:00:00,149,미부착,제1유형,무,,애퍼 ~ 어린장부리다,,어문,음성,"애퍼 (감탄사) 어린아이가 잘못 먹은 것을 뱉아내게 하는 소리.

액맥이 (명사) 액막이 : 가정이나 개인에게 닥칠 액을 미리 막는 일.

앤겅 (명사) 안경.

앤기↑다① (동사) 안기다.

앤↑기다② (동사) 흘레붙이다 : 생식을 위하여 암컷과 수컷을 성적 관계를 맺게 하다.

앤↑기들다 (동사) 달려들다.

앤↑기붙다 (동사) 달라붙다. 옮겨붙다.

앤하다 (형용사) 애연(哀然)하다 : 슬픈 듯하다.

앵갈지다 (형용사) 앙칼지다.

앵구다리 (명사) 굽은 다리. 안짱다리.

앵꼬다리 (명사) 안짱다리.

앵기발까락 (명사) 새끼발가락.

앵기손까락 (명사) 새끼손가락.

앵도 (명사) 앵두.

앵이 (명사) 진딧물.

앵이 (명사) 1. 혼백상자(魂帛箱子) : 혼백을 담은 상자. 2. 요여(腰輿) : 시체를 묻은 뒤에서 혼백과 신주를 모시고 돌아오는 작은 가마.

앵이꼽다 (형용사) 아니꼽다.

앵통하다 (형용사) 애통하다. 억울하다.

야: (준말) ’이 아이’의 (준말).

야꼬 (명사) 야코 : ’콧대’를 속되게 이르는 말.

야꼬죽다 (동사) 야코죽다. 기죽다.

야드래 (명사) 여드레.

야루다 (동사) 어르다. 조심스럽게 다루다.

야무다/야무딱지다/야물딱지다 (형용사) 야무지다.

야무치다 (형용사) 야무지다 : 사람의 성질이나 행동, 생김새 따위가 빈틈이 없이 꽤 단단하고 굳세다.

야바구/야바우 (명사) 야바위 : 1. 속임수로 돈을 따는 중국 노름의 하나. 2. 협잡의 수단으로 그럴듯하게 꾸미는 일.

야바구꾼/야바우꾼 (명사) 야바위꾼 : 야바위를 치는 사람을 낮잡아 이르는 말.

야사다 (동사) 야수다 : 틈이나 기회를 노리다.

야삼야삼 (부사) 얄밉상스럽게 살살.

야삼하다 (형용사) 얄밉상스럽다.

야삽하다/얍삽하다 (형용사) 1. 야비하다 : 성질이나 행동이 야하고 천하다. 2. 자신에게만 이롭게 꾀를 부리는 성질이 있다.

야샘이 (명사) 얕은 꾀를 쓰면서 자신의 이익만을 챙기려는 사람을 이르는 말.

야숙하다 (형용사) 야속하다.

야시/여시 (명사) 여우. 

야시비 (명사) 여우비 : 볕이 나 있는 날 잠깐 오다가 그치는 비.

야:아① (감탄사) 윗사람의 말에 대해 물음이나 놀람을 나타낼 때 쓰는 말. ‘하소’할 자리에 쓴다. 

야:아② (감탄사) 윗사람의 부름에 대답하거나 묻는 말에 긍정하여 대답할 때 쓰는 말. ‘하소’할 자리에 쓴다.

야아껀 (부사) 여하튼. 아무튼.

야아 우 (연어) 저쪽 위. ¶ 야아 우에 가면 절이 나온다.(=저기 위에 가면 절이 나온다).

야지다 (동사) 야단이다.

야지랑단지 (명사) 얄밉도록 능청맞고 천연스러운 사람을 낮잡아 이르는 말.

야코직이다 (동사) 야코죽이다.

야푸다 (형용사) (물이) 얕다.

약대 (명사) 고마리 : 여뀌과의 한해살이풀. 높이는 70~100cm로, 가시가 있으며, 8~9월에 작고 불그스름한 꽃이 가지 끝이나 잎겨드랑이에 핀다.

약빠리다/약뽀리다 (형용사) 약삭빠르다.

약탕개 (명사) 약탕관 : 탕약을 달이는 데 쓰는 질그릇.

얀다무치다 (형용사) 야무지다.

얄구지 (부사) 얄궂게.

얄구지다/얄라궂다 (형용사) 얄궂다.

얄라구지 (부사) 얄궂이. 얄궂게.

얄라궂다 (형용사) 얄궂다.

얄마(←야 일마)/얌마(←야 이놈아) (준말) 야 인마.

얌세이/얌셍이 (명사) 염소.

얌얌기리다 (동사) 냠냠거리다.

얌얌하다 (형용사) 냠냠하다.

얌잔 (명사) 얌전.

얌잔시럽다 (형용사) 얌전스럽다.

얌잔하다 (형용사) 얌전하다.

얌치 (명사) 얌체.

얍닥 (명사) 산비탈.

얍닥몰 (명사) 산비탈마을.

얍삭하다 (형용사) 얄팍하다.

얍삽하다 (형용사) 1. 야비하다 : 성질이나 행동이 야하고 천하다. 2. 자신에게만 이롭게 꾀를 부리는 성질이 있다.

얍시랑하다 (형용사) 얄브스름하다.

얍실하다 (형용사) 얄따랗다. 얄팍하다.

얍실해지다 (동사) 얄따래지다.

얏보다 (동사) 엿보다.

얏뽀리다 (형용사) 약삭빠르다.

양골베기/양골베이 (명사) 두 그루 부치기. 두 그루 심기. 양그루. 양글. 이모작 : 같은 땅에서 1년에 두 번 곡물을 재배하여 수확하는 토지 이용법. 또는 그 토지. 논에서는 보통 여름에 벼, 가을에 보리나 밀을 심어 가꾼다.

양님 (명사) 양념 : 음식의 맛을 돋우기 위하여 쓰는 재료를 통틀어 이르는 말.

양님딸 (명사) 고명딸 : 아들 많은 집의 외딸.

양님장 (명사) 양념장.

양도오 (명사) 양동이.

양득이 (명사) 둘잡이 : 장기에서 자기 말 하나를 죽이고 상대의 말 둘을 잡음. 또는 그런 수.

양발 (명사) 양말.

양발개다 (동사) 결가부좌하다. 반가부좌하다.

양복재이 (명사) 양복쟁이.

양사방 (명사) 사방(四方)의 주위. 여러 곳.

양석 (명사) 양식(糧食).

양재이 (명사) 양재기. 

양지 (명사) 양치질 : 이를 닦고 물로 입 안을 가심.

양지치다/양치치다 (동사) 양치질하다. 양치하다.

양철동우 (명사) 양동이. 양철동이 : 양철로 만든 동이.

양철이 (명사) 양철을 두드리는 소리처럼 요란스러운 사람을 이르는 말.

양판 (명사) 레코드판. 음반.

양푸이 (명사) 양푼 : 음식을 담거나 데우는 데 쓰는 놋그릇.

얘리다 (형용사) 야리다 : 1. 단단하거나 질기지 아니하여 보드랍거나 약하다. 2. 의지나 감정 따위가 질기지 못하고 무르다. 3. 빛깔이나 소리 따위가 흐리거나 약하다.

얘리얘리 (부사) 야리야리 : 단단하지 못하고 매우 무른 모양.

얘리얘리하다/얘비촐촐하다 (형용사) 몸의 살이 빠져 말라 보이다.

얘비다 (형용사) 야위다.

얘비촐촐하다 (형용사) 몸의 살이 빠져 말라 보이다.

-어가/-어가지고/-어갖고 (어미) -어서. ¶ 잡아가 / 잡아가지고 / 잡아갖고 / 길어가 / 길어가지고 / 길어갖고 / 넘어져가 우찌 뎄노?/ 집에 가가지고 전화하께.

어거지 (명사) 억지.

어거지부리다 (동사) 억지부리다.

어것지다 (동사) 엇갈리다. 어긋나다.

어구① (명사) 어귀 : 드나드는 목의 첫머리.

어:구② (명사) 아귀(餓鬼) : 불교에서 계율을 어기거나 탐욕을 부려 아귀도에 떨어진다는 귀신으로, 목구멍이 바늘구멍 같아서 음식을 먹을 수 없어 늘 굶주림으로 괴로워한다고 한다. 염치없이 먹을 것을 탐하는 사람이나, 성질이 사납고 지독히 탐욕스러운 사람을 비유적으로 이르는 말.

어구③ (명사) 미련하고 심한 고집이나 억지. ¶ 글마 그거 어구가 시이가아 니 말 안 들을 낀데.(=그놈 그것 고집이 세서 네 말 듣지 않을 텐데.)

어:구겉다 (형용사) 아귀(餓鬼) 같다.

어:구겉이 묵는다 (관용어) 아귀(餓鬼)같이 먹는다는 뜻으로 먹을 것을 정신없이 많이 먹는 것을 비유적으로 이르는 말.

어구통 (명사) 억지떼. 억지투정.

어구티이/어구팅이 (명사) 억지투정. 고집. ¶ 가:아는 어구팅이가 여간 센 아:가 아이데이.(=그 애는 고집이 여간 센 애가 아니다.)

어굿장 (명사) 어깃장 : 짐짓 어기대는 행동.

어그럼질 (명사) 갈림길.

어그정어그정 (부사) 어기적어기적. ¶ 노인 한 분이 한복 입고 부채 펴 들고 어그정어그정 걸어오고 있다.

어글티리다 (동사) 어그러뜨리다. 1. 잘 맞물려 있는 물체를 틀어지게 하다. 2. 기대가 빗나가거나 달라져 이루어지지 않게 하다.

어기야버기야 (부사) 어금버금.

어까리 (명사) 어리 : 병아리 따위를 가두어 기르는 물건. 대나 싸리로 채를 엮어 둥글게 만든다.

어꾸야 (감탄사) 어이구나.

어꾸지다 (형용사) 얄궂다. 별스럽다.

어느 시끼 (관용어) 어느 사이. 어느새. 어느 틈에 벌써.

어느 항천에 (관용어) 어느 세월에.

어는/어든 (대명사) 어느 : 여럿 가운데 대상이 되는 것이 무엇인지 물을 때 쓰는 말. ¶ 어는 동네 사십니꺼?(=어느 동네 사십니까?)

어덕 (명사) 언덕.

어덕 떨어진 게 질 된다 (속담) 언덕 무너진 자리에 길이 난다는 뜻으로, 시부저기 시작한 일이 본업(本業)이 되다.

어덕지다 (형용사) 언덕지다 : 평탄하지 못하고 언덕처럼 비탈지다.

어덕하다 (형용사) 그득하다.

어덥다/어둑다 (형용사) 어둡다.

어데예/어디예 (감탄사) 아니요. ¶ 극장 구경 좋아하세요. - 어데예.

어둑발/어둑살/어둡살 (명사) 땅거미. 어둠살.

어둠구석 (명사) 어둠 속.

어든 (대명사) 어느 : 여럿 가운데 대상이 되는 것이 무엇인지 물을 때 쓰는 말. ¶ 어든 쪽으로 가는 기 빠리네?(=어느 쪽으로 가는 것이 빠르냐?)

어듬새 (부사) 어느 사이.

어떠키나 (부사) 어찌나.

어떠크롬 (부사) 어찌.

어띠 (부사) 어찌.

어띠키 (부사) 어떻게.

어떡 (부사) 얼른.

어떡하모/어떡하몬 (부사) 어떻게 하면.

어라 (감탄사) 비켜라.

어럭조씨/어룩조씨 (명사) 1. 작은 사람이나 동물을 비유적으로 이르는 말. 2. 작은 토종 씨암탉.

어럽다 (형용사) 어렵다.

어루다 (동사) 어르다 : 어린아이를 달래거나 기쁨을 주다. 사람이나 짐승을 놀리며 장난하다.

어룩조씨 (명사) 1. 작은 사람이나 동물을 비유적으로 이르는 말. 2. 작은 토종 씨암탉.

어룸 (명사) 어름 : 구역과 구역의 경계점. ¶ 겡남과 전남의 어룸에 섬진강이 흐린다.(=경남과 전남의 경계점에 섬진강이 흐른다.)

어룸하다 (동사) 어룽어룽하다 : 뚜렷하지 아니하고 흐리게 어른거리다.

어름 (명사) 어림 : 대강 짐작으로 헤아림. 또는 그런 셈이나 짐작.

어름잡다 (동사) 어림잡다.

어름짱 (명사) 으름장 : 말과 행동으로 위협하는 짓.

어리다 (동사) (아기를) 어르다.

어리멍텅하다 (형용사) 흐리멍덩하다.

어리베이/어리비이/어리빙이 (명사) 어리보기, 머저리 : 말이나 행동이 다부지지 못하고 어리석은 사람을 낮잡아 이르는 말.

어리숙다 (형용사) 어리석다.

어리어리하다 (형용사) 으리으리하다.

어린아 (명사) 어린아이. 어린애.

어린양/어린장 (명사) 어리광. 응석.

어린양부리다/어린장부리다 (동사) 어리광부리다.

어린없다 (형용사) 어림없다.

어린장부리다 (동사) 어리광부리다.",사투리,한국어,,2021-12-10 00:00:00,저작물양도계약서,진주시청,,,,제1유형,저작물,보호저작물,○,상업적이용가능,○,○,○,○,○,○,○,,2091-12-10 00:00:00,,
63,오디오,가이드/안내/정보,진주시청,진주시청,HOME > 진주소개 > 기본현황 > 진주 사투리 사전 > ㅇ,어마두지 ~ 얼릉,"어마두지 (명사) 어마지두 : 무섭고 놀라서 정신이 얼떨떨한 판.

어마씨 (명사) 남의 집 어머니를 일컫는 말. ¶ 저 집 어마씨는 부지런ㅎ다.(=저 집 어머니는 부지런하다.)

어마이 (명사) 어멈.

어만/어문 (관형사) 엉뚱한, 딴. ¶ 어문 일, 어문 짓, 어문 말. 어문 소리. / 어만 데/디.(=엉뚱한 데.)

어매 (감탄사) 어마나.

어머이/어무이 (명사) 어머니.

어물쩡 (부사) 어물쩍.

어방지다 (형용사) 넓고 크다.

어부리 (명사) 응어리.

어부루다 (동사) (활용 : 어부루고, 어부라도, 어부라서, 어부랐다 / 어불루고, 어불러도, 어불라도, 어불라서, 어불랐다) 어우르다. 

어북/어붑 (부사) 제법 : 수준이나 솜씨가 어느 정도에 이르렀음을 나타내는 말.

어불리다 (동사) 어울리다.

어서리 (명사) 어름 : 두 사물이 끝이 맞닿은 자리.

어석 (부사) 어서 : 일이나 행동을 지체 없이 빨리 하기를 재촉하는 말.

어석비석 (부사) 어슷비슷.

어세다/어시다 (형용사) 억세다. 거칠다.

어시럼 (명사) 어스름.

어실미실 (부사) 어슴푸레.

어실어실 (부사) 오삭오삭. 오슬오슬.

어실어실하다 (동사) 몹시 무섭거나 추워서 자꾸 몸이 움츠러들거나 소름이 끼치다.

어심치레하다 (형용사) 어슴푸레하다.

어어이 (감탄사) 모심기 할 때 못줄을 들어 함께 넘기자는 뜻으로 크게 외치는 소리.

어언놈 (명사) 어떤 놈.

어여 (부사) 어서 : 지체 없이 빨리.

어연간 (부사) 어언간 : 알지 못하는 동안에 어느덧.

어이로 (부사) 오히려.

어이싸 (감탄사) 영차. 여차 : 여러 사람이 힘을 합치면서 기운을 돋우려고 함께 내는 소리.

어주개비 (명사) 어정잡이.

어주리 (명사) 어중이 : 제대로 할 줄 아는 것이 별로 없어 쓸모가 없는 사람.

어주리 떠주리 (명사) 어중이 떠중이.

어주바리 (명사) 어리보기, 머저리.

어줍잖다 (형용사) 어쭙잖다.

어중간ㅎ다 (형용사) 어중간하다 : 이것도 저것도 아니게 두루뭉술하다.

어중개비/어중잽이 (명사) 어정잡이.

어중재비 (명사) 어정잡이 : 겉모양만 꾸미고 실속이 없는 사람. 됨됨이가 조금 모자라 자기가 맡은 일을 제대로 처리하지 못하는 사람.

어중찜찜하이 (부사) 어중간하게.

어지 (명사)(부사) 어제.

어지가이 (부사) 어지간히.

어지다 (형용사) 어질다 : 마음이 너그럽고 착하며 슬기롭고 덕행이 높다.

어질다 (동사) 어지르다 : 정돈되어 있는 일이나 물건을 뒤섞거나 뒤얽히게 하다.

어쩔이 (명사) 말이나 행동이 어긋나게 나가는 사람.

억/억살 (명사) 억지.

억가리 (명사) 어리 : 병아리 따위를 가두어 기르는 물건. 대나 싸리로 채를 엮어 둥글게 만든다.

억다 (동사) 얽다. 얽어매다.

억배 (명사) 억병 : 술을 한량없이 마시는 모양. 또는 그런 상태. ¶ 억배로 마시다.(=아주 많이 마시다.) / 억배이 데구로(=억병이 되도록).

억살 (명사) 억지.

억살시럽다 (형용사) 억지스럽다.

억살재이/억살쟁이 (명사) 억지꾼.

억살지기다/억살지이다 (동사) 억지를 부리다.

억수로 (부사) 매우. 아주 많이. 엄청나게. 대단히.

억시/억시기 (부사) (부정의 뜻으로) 매우.

억시다 (형용사) 억세다.

억실다/억지다/억질다 (동사) 엎지르다.

억판이 (명사) 억지꾼.

언 (명사) 원 : 우리나라의 화폐 단위. ¶ 일 언, 백 언, 천 언.

언가이/언간이 (부사) 어지간히. 엔간히.

언간하다 (형용사) 어지간하다 : 정도나 형편이 기준에 크게 벗어나지 아니한 상태에 있다. ¶ 언간해야 성을 안 내지.(=어지간해야 화를 안 내지.) 

언나언나 (명사) 갓난아이. 어린아이.

언더꾸 (명사) 엉겅퀴 : 국화과의 여러해살이풀.

언더막 (명사) 언덕.

언더막질/언덕질 (명사) 언덕길.

언뜩언뜩 (부사) 언뜻.

언매 (명사) 얼마. ¶ 이 구두 한 커리 언매요?(=이 구두 한 켤레 얼마요?)

언배던배 (부사) 엄벙덤벙.

언새 (부사) 어느새 : 어느 틈에 벌써.

언지 (감탄사) 아니. ¶ 우리 내일 멀리 여행 갈까. - 언지.

언청/언체 (부사) 원체.

언치다 (동사) 1. 얹히다 : 남에게 의지하여 신세를 지다. 2. 체하다 : 먹은 음식이 잘 소화되지 않고 배 속에 답답하게 처져 있다.

언캉 (부사) 워낙.

얼가이 (명사) 얼간이 : 됨됨이가 변변하지 못하고 덜된 사람. 바보.

얼간잽이 (명사) ‘얼간이’를 낮잡아 이르는 말.

얼걸찡이 나다 (관용어) 몹시 싫증이 나 진저리가 나다.

얼구다/얼쿠다 (동사) 얼리다.

얼근배이 (명사) 얼금뱅이 : 얼굴이 얼금얼금 얽은 사람을 낮잡아 이르는 말.

얼급 (명사) 월급. ¶ 니 얼급이 얼매고?(=너 월급이 얼마냐?)

얼급재이 (명사) 월급쟁이.

얼기 (명사) 얼개 : 어떤 사물이나 조직의 전체를 이르는 짜임새나 구조.

얼기미 (명사) 어레미 : 바닥의 구멍이 굵은 채.

얼기미빗 (명사) 얼레빗 : 빗살이 굵고 성긴 큰 빗.

얼떼다/얼빵하다 (형용사) 얼뜨다 : 다부지지 못하여 어수룩하고 얼빠진 데가 있다.

얼뚜내기/얼뚜내이 (명사) 얼뚱아기 : 둥둥 얼러 주고 싶은 재롱스러운 아기.

얼띠기/얼띠이 (명사) 얼뜨기 : 겁이 많고 어리석으며 다부지지 못하여 어수룩하고 얼빠져 보이는 사람을 낮잡아 이르는 말.

얼라 (명사) 어린아이.

얼라아 (명사) 어린아이.

얼릉 (부사) 1. 얼른 2. 속히. 빨리.",2021-12-10 00:00:00,85,미부착,제1유형,무,,어마두지 ~ 얼릉,,어문,음성,"어마두지 (명사) 어마지두 : 무섭고 놀라서 정신이 얼떨떨한 판.

어마씨 (명사) 남의 집 어머니를 일컫는 말. ¶ 저 집 어마씨는 부지런ㅎ다.(=저 집 어머니는 부지런하다.)

어마이 (명사) 어멈.

어만/어문 (관형사) 엉뚱한, 딴. ¶ 어문 일, 어문 짓, 어문 말. 어문 소리. / 어만 데/디.(=엉뚱한 데.)

어매 (감탄사) 어마나.

어머이/어무이 (명사) 어머니.

어물쩡 (부사) 어물쩍.

어방지다 (형용사) 넓고 크다.

어부리 (명사) 응어리.

어부루다 (동사) (활용 : 어부루고, 어부라도, 어부라서, 어부랐다 / 어불루고, 어불러도, 어불라도, 어불라서, 어불랐다) 어우르다. 

어북/어붑 (부사) 제법 : 수준이나 솜씨가 어느 정도에 이르렀음을 나타내는 말.

어불리다 (동사) 어울리다.

어서리 (명사) 어름 : 두 사물이 끝이 맞닿은 자리.

어석 (부사) 어서 : 일이나 행동을 지체 없이 빨리 하기를 재촉하는 말.

어석비석 (부사) 어슷비슷.

어세다/어시다 (형용사) 억세다. 거칠다.

어시럼 (명사) 어스름.

어실미실 (부사) 어슴푸레.

어실어실 (부사) 오삭오삭. 오슬오슬.

어실어실하다 (동사) 몹시 무섭거나 추워서 자꾸 몸이 움츠러들거나 소름이 끼치다.

어심치레하다 (형용사) 어슴푸레하다.

어어이 (감탄사) 모심기 할 때 못줄을 들어 함께 넘기자는 뜻으로 크게 외치는 소리.

어언놈 (명사) 어떤 놈.

어여 (부사) 어서 : 지체 없이 빨리.

어연간 (부사) 어언간 : 알지 못하는 동안에 어느덧.

어이로 (부사) 오히려.

어이싸 (감탄사) 영차. 여차 : 여러 사람이 힘을 합치면서 기운을 돋우려고 함께 내는 소리.

어주개비 (명사) 어정잡이.

어주리 (명사) 어중이 : 제대로 할 줄 아는 것이 별로 없어 쓸모가 없는 사람.

어주리 떠주리 (명사) 어중이 떠중이.

어주바리 (명사) 어리보기, 머저리.

어줍잖다 (형용사) 어쭙잖다.

어중간ㅎ다 (형용사) 어중간하다 : 이것도 저것도 아니게 두루뭉술하다.

어중개비/어중잽이 (명사) 어정잡이.

어중재비 (명사) 어정잡이 : 겉모양만 꾸미고 실속이 없는 사람. 됨됨이가 조금 모자라 자기가 맡은 일을 제대로 처리하지 못하는 사람.

어중찜찜하이 (부사) 어중간하게.

어지 (명사)(부사) 어제.

어지가이 (부사) 어지간히.

어지다 (형용사) 어질다 : 마음이 너그럽고 착하며 슬기롭고 덕행이 높다.

어질다 (동사) 어지르다 : 정돈되어 있는 일이나 물건을 뒤섞거나 뒤얽히게 하다.

어쩔이 (명사) 말이나 행동이 어긋나게 나가는 사람.

억/억살 (명사) 억지.

억가리 (명사) 어리 : 병아리 따위를 가두어 기르는 물건. 대나 싸리로 채를 엮어 둥글게 만든다.

억다 (동사) 얽다. 얽어매다.

억배 (명사) 억병 : 술을 한량없이 마시는 모양. 또는 그런 상태. ¶ 억배로 마시다.(=아주 많이 마시다.) / 억배이 데구로(=억병이 되도록).

억살 (명사) 억지.

억살시럽다 (형용사) 억지스럽다.

억살재이/억살쟁이 (명사) 억지꾼.

억살지기다/억살지이다 (동사) 억지를 부리다.

억수로 (부사) 매우. 아주 많이. 엄청나게. 대단히.

억시/억시기 (부사) (부정의 뜻으로) 매우.

억시다 (형용사) 억세다.

억실다/억지다/억질다 (동사) 엎지르다.

억판이 (명사) 억지꾼.

언 (명사) 원 : 우리나라의 화폐 단위. ¶ 일 언, 백 언, 천 언.

언가이/언간이 (부사) 어지간히. 엔간히.

언간하다 (형용사) 어지간하다 : 정도나 형편이 기준에 크게 벗어나지 아니한 상태에 있다. ¶ 언간해야 성을 안 내지.(=어지간해야 화를 안 내지.) 

언나언나 (명사) 갓난아이. 어린아이.

언더꾸 (명사) 엉겅퀴 : 국화과의 여러해살이풀.

언더막 (명사) 언덕.

언더막질/언덕질 (명사) 언덕길.

언뜩언뜩 (부사) 언뜻.

언매 (명사) 얼마. ¶ 이 구두 한 커리 언매요?(=이 구두 한 켤레 얼마요?)

언배던배 (부사) 엄벙덤벙.

언새 (부사) 어느새 : 어느 틈에 벌써.

언지 (감탄사) 아니. ¶ 우리 내일 멀리 여행 갈까. - 언지.

언청/언체 (부사) 원체.

언치다 (동사) 1. 얹히다 : 남에게 의지하여 신세를 지다. 2. 체하다 : 먹은 음식이 잘 소화되지 않고 배 속에 답답하게 처져 있다.

언캉 (부사) 워낙.

얼가이 (명사) 얼간이 : 됨됨이가 변변하지 못하고 덜된 사람. 바보.

얼간잽이 (명사) ‘얼간이’를 낮잡아 이르는 말.

얼걸찡이 나다 (관용어) 몹시 싫증이 나 진저리가 나다.

얼구다/얼쿠다 (동사) 얼리다.

얼근배이 (명사) 얼금뱅이 : 얼굴이 얼금얼금 얽은 사람을 낮잡아 이르는 말.

얼급 (명사) 월급. ¶ 니 얼급이 얼매고?(=너 월급이 얼마냐?)

얼급재이 (명사) 월급쟁이.

얼기 (명사) 얼개 : 어떤 사물이나 조직의 전체를 이르는 짜임새나 구조.

얼기미 (명사) 어레미 : 바닥의 구멍이 굵은 채.

얼기미빗 (명사) 얼레빗 : 빗살이 굵고 성긴 큰 빗.

얼떼다/얼빵하다 (형용사) 얼뜨다 : 다부지지 못하여 어수룩하고 얼빠진 데가 있다.

얼뚜내기/얼뚜내이 (명사) 얼뚱아기 : 둥둥 얼러 주고 싶은 재롱스러운 아기.

얼띠기/얼띠이 (명사) 얼뜨기 : 겁이 많고 어리석으며 다부지지 못하여 어수룩하고 얼빠져 보이는 사람을 낮잡아 이르는 말.

얼라 (명사) 어린아이.

얼라아 (명사) 어린아이.

얼릉 (부사) 1. 얼른 2. 속히. 빨리.",사투리,한국어,,2021-12-10 00:00:00,저작물양도계약서,진주시청,,,,제1유형,저작물,보호저작물,○,상업적이용가능,○,○,○,○,○,○,○,,2091-12-10 00:00:00,,
64,오디오,가이드/안내/정보,진주시청,진주시청,HOME > 진주소개 > 기본현황 > 진주 사투리 사전 > ㅇ,얼릉기리다 ~ 에고패고,"얼릉기리다 (동사) 어른거리다.

얼른없다 (형용사) 어림없다.

얼리다 (동사) 어르다 : 몸을 움직여 주거나 무엇을 보여 주거나 들려주어서, 어린아이를 달래거나 기쁘게 하여 주다.

얼림짱 (명사) 으름장 : 말과 행동으로 위협하는 것.

얼만침 (부사) 얼마큼.

얼매/올매 (명사) 얼마.

얼매고 (감탄사) (값이) 얼마냐.

얼매나 (부사) 얼마나.

얼매치 (명사) 얼마어치.

얼바리 (명사) 어바리 : 어리석고 멍청한 사람.

얼빵하다 (형용사) 얼뜨다 : 다부지지 못하여 어수룩하고 얼빠진 데가 있다.

얼사금 (명사) 월사금(月謝金) : 다달이 내던 수업료.

얼우다 (동사) (물을) 얼리다. 얼음을 얼게 하다.

얼쩡기리다 (동사) 어정거리다. 어정뜨다.

얼쭈/얼쭉 (부사) 얼추. 거의.

얼찜에 (부사) 얼떨떨한 김에.

얼처구니 (명사) 어처구니.

얼처구니없다 (형용사) 어처구니없다.

얼척없다 (형용사) 어처구니없다. 어이없다.

얼척이 (명사) 어처구니.

얼칭이 (명사) 언청이.

얼쿠다 (동사) 얼리다.

얼틀가지/얼틀거지 (명사) 얼거리 : 일의 골자만을 대강 추려 잡은 전체의 윤곽이나 줄거리.

얼푸시 (부사) 어렴풋이.

엄니① (명사) 어머니.

엄니② (명사) 덧니 : 배냇니 곁에 포개어 난 이. 배냇니를 갈 때 제때에 뽑지 않으면 생긴다.

엄때이 (명사) 엉뚱한 사람을 이르는 말.

엄뚠 (관형사) 엉뚱한. ¶ 엄뚠 소리 (=엉뚱한 소리), 엄뚠 짓(=엉뚱한 짓).

엄뚱시럽다 (형용사) 엉뚱스럽다.

엄뚱하다 (형용사) 엉뚱하다 : 1. 상식적으로 생각하거나 짐작하였던 것과 전혀 다르다. 2. 말이나 행동이 분수에 맞지 아니하게 지나치다.

엄띠/엄띵이 (명사) 엉뚱이.

엄마 (감탄사) 어머.

엄마나 (감탄사) 어머나.

엄매 (명사) 엄마.

엄버지 (명사) 큰 버치 : 자배기보다 조금 깊고 아가리가 벌어진 큰 그릇. 

엄버지겉다 (형용사) 큰 버치처럼 매우 크게 벌어져 있다.

엄수 (명사) 별수 : 1. (‘있다’, ‘없다’ 따위와 함께 쓰여) 달리 어떻게 할 방법. 2. 여러 가지 방법.

엄숭하다 (형용사) 음흉하다.

엄시 (부사) 없이. ¶ 엄시 사는 설움은 젂어 보지 않으모 모린다.(=없이 사는 설움은 겪어 보지 않으면 모른다.)

엄첩다/엄첩하다 (형용사) 대견하다 : 흐뭇하고 자랑스럽다. ¶ 할배는 어려븐 환경 속에서도 바르게 자란 손자가 엄첩기만 했다.

엄청시리 (부사) 엄청스레.

*엄ㅅ다 (형용사) (활용 : 엄ㅅ다, 엄ㅅ더라도, 엄ㅅ지만, 엄ㅅ는, 엄ㅅ네, 엄ㅅ어서) 없다.
  *ㅁ과 ㅅ은 겹받침으로 표기하여야 하나 홈페이지에서 지원하지 않는 형식으로 따로 표기됨. 붙임 파일 참조

*엄ㅅ애다 (동사) 없애다.
   *ㅁ과 ㅅ은 겹받침으로 표기하여야 하나 홈페이지에서 지원하지 않는 형식으로 따로 표기됨. 붙임 파일 참조

업도절도 (부사) 이러지도 저러지도.

업띠이 (명사) 업둥이 : 집 앞에 버려진 아이. 주로 자식이 없는 집 앞에 버려지며 보통 그 집에서 키운다.

업수건 (명사) 머리에 쓰는 수건.

업시 (감탄사) 아니 : 아랫사람이나 대등한 관계에 있는 사람이 묻는 말에 부정하여 대답할 때 쓰는 말. 

업시보다 (동사) 업신여기다.

업쓸리다 (동사) 휩쓸리다.

업지다 (동사) 엎드리다.

엇가래/엇가리 (명사) 닭의 어리.

엇구저라 (감탄사) 얄궂어라. 괴이적어라. 별스러워라.

엇구지다 (형용사) 얄궂다. 별스럽다. 괴이쩍다.

엇발나다 (동사) 엄발나다 : 행동이나 태도를 남들과 다르게 제 마음대로 빗나가게 하다.

엇저녀 (명사) 어제저녁.

엇질 (명사) 어긋나게 나가는 행동.

엇질이 (명사) 어긋나거나 엄발나게 하는 사람을 이르는 말.

엉 (명사) 벼랑. 낭떠러지. ¶ 그는 발을 헛디디갖고 엉에 떨어졌다.(=그는 발을 헛디뎌서 낭떠러지에 떨어졌다.)

엉가 (명사) 언니. 형.

엉가이 (부사) 어지간히.

엉간하다 (형용사) 어지간하다.

엉개다 (동사) 무너뜨리다.

엉개지다 (동사) 무너지다.

엉거럼 (명사) 엉그름 : 차지게 갠 흙바닥이 말라 터져서 넓게 벌어진 금.

엉거리 (명사) 낭떠러지.

엉걸지다 (형용사) 지겹다.

엉겁질 (명사) 엉겁결. 흔히 ‘엉겁질에’ 꼴로 쓰임.

엉겁질에 (부사) 엉겁결에.

엉겅티리다 (동사) 찌푸리다. 째푸리다.

엉구럭 (명사) 엄살.

엉구럭지이다/엉구룩지이다 (동사) 엄살부리다.

엉구렁 (명사) 구렁텅이. 함정.

엉그러붙이다 (동사) 응그리다.

엉그리다 (동사) 응그리다 : 얼굴을 험상궂게 찌푸리다.

엉그정엉그정 (부사) 어기적어기적.

엉글씨다 (동사) 응그리다 : 얼굴을 험상궂게 찌푸리다.

엉글엉글 (부사) 으르렁으르렁 : 조금 부드럽지 못한 말로 자꾸 크고 세차게 외치거나 다투는 소리. 또는 그 모양. ¶ 그 사람들 만내기만 하모 엉글엉글한다.(=그 사람들 만나기만 하면 으르렁거린다.)

엉더꾸 (명사) 엉겅퀴 : 국화과의 여러해살이풀.

엉디이/엉딩이/엉치 (명사) 엉덩이.

엉때다 (동사) 문지르다.

엉마이다 (명사) 엉망이다.

엉머구리 (명사) 악머구리 : 잘 우는 개구리라는 뜻으로, ‘참개구리’를 이르는 말.

엉성시럽다 (형용사) 지긋지긋하다.

엉청시럽다 (형용사) 엄청스럽다.

엉치 (명사) 엉덩이.

엉치뼈 (명사) 엉덩이뼈.

엉캉 (부사) 워낙.

엉쿠렁 (명사) 함정. ¶ 엉쿠렁에 빠져 헤어나기 심들게 뎄다.(=함정에 빠져 헤어나기 힘들게 되었다.)

엉퉁 (명사) 심술.

엉퉁지기다/엉퉁지이다 (동사) 심술부리다.

엊그지 (부사) 엊그제.

엊그지끼 (부사) 엊그저께.

엊저녀 (명사) 어제저녁.

엎디리다 (동사) 엎드리다.

엎지다 (동사) 엎드리다.

엎질다 (동사) 엎지르다.

에가 (명사) 외가(外家).

에고 댕기다 (관용어) 외치고 다니다.

에고패고 (부사) 외치고 퍼뜨리고. 공개적으로. 떳떳이.",2021-12-10 00:00:00,99,미부착,제1유형,무,,얼릉기리다 ~ 에고패고,,어문,음성,"얼릉기리다 (동사) 어른거리다.

얼른없다 (형용사) 어림없다.

얼리다 (동사) 어르다 : 몸을 움직여 주거나 무엇을 보여 주거나 들려주어서, 어린아이를 달래거나 기쁘게 하여 주다.

얼림짱 (명사) 으름장 : 말과 행동으로 위협하는 것.

얼만침 (부사) 얼마큼.

얼매/올매 (명사) 얼마.

얼매고 (감탄사) (값이) 얼마냐.

얼매나 (부사) 얼마나.

얼매치 (명사) 얼마어치.

얼바리 (명사) 어바리 : 어리석고 멍청한 사람.

얼빵하다 (형용사) 얼뜨다 : 다부지지 못하여 어수룩하고 얼빠진 데가 있다.

얼사금 (명사) 월사금(月謝金) : 다달이 내던 수업료.

얼우다 (동사) (물을) 얼리다. 얼음을 얼게 하다.

얼쩡기리다 (동사) 어정거리다. 어정뜨다.

얼쭈/얼쭉 (부사) 얼추. 거의.

얼찜에 (부사) 얼떨떨한 김에.

얼처구니 (명사) 어처구니.

얼처구니없다 (형용사) 어처구니없다.

얼척없다 (형용사) 어처구니없다. 어이없다.

얼척이 (명사) 어처구니.

얼칭이 (명사) 언청이.

얼쿠다 (동사) 얼리다.

얼틀가지/얼틀거지 (명사) 얼거리 : 일의 골자만을 대강 추려 잡은 전체의 윤곽이나 줄거리.

얼푸시 (부사) 어렴풋이.

엄니① (명사) 어머니.

엄니② (명사) 덧니 : 배냇니 곁에 포개어 난 이. 배냇니를 갈 때 제때에 뽑지 않으면 생긴다.

엄때이 (명사) 엉뚱한 사람을 이르는 말.

엄뚠 (관형사) 엉뚱한. ¶ 엄뚠 소리 (=엉뚱한 소리), 엄뚠 짓(=엉뚱한 짓).

엄뚱시럽다 (형용사) 엉뚱스럽다.

엄뚱하다 (형용사) 엉뚱하다 : 1. 상식적으로 생각하거나 짐작하였던 것과 전혀 다르다. 2. 말이나 행동이 분수에 맞지 아니하게 지나치다.

엄띠/엄띵이 (명사) 엉뚱이.

엄마 (감탄사) 어머.

엄마나 (감탄사) 어머나.

엄매 (명사) 엄마.

엄버지 (명사) 큰 버치 : 자배기보다 조금 깊고 아가리가 벌어진 큰 그릇. 

엄버지겉다 (형용사) 큰 버치처럼 매우 크게 벌어져 있다.

엄수 (명사) 별수 : 1. (‘있다’, ‘없다’ 따위와 함께 쓰여) 달리 어떻게 할 방법. 2. 여러 가지 방법.

엄숭하다 (형용사) 음흉하다.

엄시 (부사) 없이. ¶ 엄시 사는 설움은 젂어 보지 않으모 모린다.(=없이 사는 설움은 겪어 보지 않으면 모른다.)

엄첩다/엄첩하다 (형용사) 대견하다 : 흐뭇하고 자랑스럽다. ¶ 할배는 어려븐 환경 속에서도 바르게 자란 손자가 엄첩기만 했다.

엄청시리 (부사) 엄청스레.

*엄ㅅ다 (형용사) (활용 : 엄ㅅ다, 엄ㅅ더라도, 엄ㅅ지만, 엄ㅅ는, 엄ㅅ네, 엄ㅅ어서) 없다.
  *ㅁ과 ㅅ은 겹받침으로 표기하여야 하나 홈페이지에서 지원하지 않는 형식으로 따로 표기됨. 붙임 파일 참조

*엄ㅅ애다 (동사) 없애다.
   *ㅁ과 ㅅ은 겹받침으로 표기하여야 하나 홈페이지에서 지원하지 않는 형식으로 따로 표기됨. 붙임 파일 참조

업도절도 (부사) 이러지도 저러지도.

업띠이 (명사) 업둥이 : 집 앞에 버려진 아이. 주로 자식이 없는 집 앞에 버려지며 보통 그 집에서 키운다.

업수건 (명사) 머리에 쓰는 수건.

업시 (감탄사) 아니 : 아랫사람이나 대등한 관계에 있는 사람이 묻는 말에 부정하여 대답할 때 쓰는 말. 

업시보다 (동사) 업신여기다.

업쓸리다 (동사) 휩쓸리다.

업지다 (동사) 엎드리다.

엇가래/엇가리 (명사) 닭의 어리.

엇구저라 (감탄사) 얄궂어라. 괴이적어라. 별스러워라.

엇구지다 (형용사) 얄궂다. 별스럽다. 괴이쩍다.

엇발나다 (동사) 엄발나다 : 행동이나 태도를 남들과 다르게 제 마음대로 빗나가게 하다.

엇저녀 (명사) 어제저녁.

엇질 (명사) 어긋나게 나가는 행동.

엇질이 (명사) 어긋나거나 엄발나게 하는 사람을 이르는 말.

엉 (명사) 벼랑. 낭떠러지. ¶ 그는 발을 헛디디갖고 엉에 떨어졌다.(=그는 발을 헛디뎌서 낭떠러지에 떨어졌다.)

엉가 (명사) 언니. 형.

엉가이 (부사) 어지간히.

엉간하다 (형용사) 어지간하다.

엉개다 (동사) 무너뜨리다.

엉개지다 (동사) 무너지다.

엉거럼 (명사) 엉그름 : 차지게 갠 흙바닥이 말라 터져서 넓게 벌어진 금.

엉거리 (명사) 낭떠러지.

엉걸지다 (형용사) 지겹다.

엉겁질 (명사) 엉겁결. 흔히 ‘엉겁질에’ 꼴로 쓰임.

엉겁질에 (부사) 엉겁결에.

엉겅티리다 (동사) 찌푸리다. 째푸리다.

엉구럭 (명사) 엄살.

엉구럭지이다/엉구룩지이다 (동사) 엄살부리다.

엉구렁 (명사) 구렁텅이. 함정.

엉그러붙이다 (동사) 응그리다.

엉그리다 (동사) 응그리다 : 얼굴을 험상궂게 찌푸리다.

엉그정엉그정 (부사) 어기적어기적.

엉글씨다 (동사) 응그리다 : 얼굴을 험상궂게 찌푸리다.

엉글엉글 (부사) 으르렁으르렁 : 조금 부드럽지 못한 말로 자꾸 크고 세차게 외치거나 다투는 소리. 또는 그 모양. ¶ 그 사람들 만내기만 하모 엉글엉글한다.(=그 사람들 만나기만 하면 으르렁거린다.)

엉더꾸 (명사) 엉겅퀴 : 국화과의 여러해살이풀.

엉디이/엉딩이/엉치 (명사) 엉덩이.

엉때다 (동사) 문지르다.

엉마이다 (명사) 엉망이다.

엉머구리 (명사) 악머구리 : 잘 우는 개구리라는 뜻으로, ‘참개구리’를 이르는 말.

엉성시럽다 (형용사) 지긋지긋하다.

엉청시럽다 (형용사) 엄청스럽다.

엉치 (명사) 엉덩이.

엉치뼈 (명사) 엉덩이뼈.

엉캉 (부사) 워낙.

엉쿠렁 (명사) 함정. ¶ 엉쿠렁에 빠져 헤어나기 심들게 뎄다.(=함정에 빠져 헤어나기 힘들게 되었다.)

엉퉁 (명사) 심술.

엉퉁지기다/엉퉁지이다 (동사) 심술부리다.

엊그지 (부사) 엊그제.

엊그지끼 (부사) 엊그저께.

엊저녀 (명사) 어제저녁.

엎디리다 (동사) 엎드리다.

엎지다 (동사) 엎드리다.

엎질다 (동사) 엎지르다.

에가 (명사) 외가(外家).

에고 댕기다 (관용어) 외치고 다니다.

에고패고 (부사) 외치고 퍼뜨리고. 공개적으로. 떳떳이.",사투리,한국어,,2021-12-10 00:00:00,저작물양도계약서,진주시청,,,,제1유형,저작물,보호저작물,○,상업적이용가능,○,○,○,○,○,○,○,,2091-12-10 00:00:00,,
65,오디오,가이드/안내/정보,진주시청,진주시청,HOME > 진주소개 > 기본현황 > 진주 사투리 사전 > ㅇ,에기다①/에야다/에우다 ~ 여석아,"에기다①/에야다/에우다 (동사) 에끼다 : 서로 주고받을 물건이나 일 따위를 비겨 없애다.

에기다② (동사) 여기다 : 마음속으로 그러하다고 인정하거나 생각하다.

에기다③ (동사) 때우다 : 간단한 음식으로 끼니를 대신하다. ¶ 정심을 대충 에깄다.(=점심을 대충 때웠다.)

에나 참말. 정말. 진짜. 1. (명사) ¶ 너거집 이사간다 쿠더마는 그기 에나가? / 니 그 말 에나가? - 그래, 에나다. 2. (부사) ¶ 올 봄에는 에나 비가 많이 오네. / 에나 내앨 니 여어 올래? 3. (감탄사) ¶ 맑은 날 디벼리에서 서쪽으로 멀리 보모, 천왕봉 보인대이. - 에나. / 에나, 영순이도 합격했다 쿠더나? 

에나가 (감탄사) 참말이냐. 진짜냐.

에↑다 (동사) 외치다.

에동 (명사) 외동.

에동딸 (명사) 외동딸.

에동아들 (명사) 외동아들.

에딴집 (명사) 외딴집.

에똘배이/에똘뱅이 (명사) 1. 외톨박이. 외돌토리 : 매인 데도 없고 의지할 데도 없는 홀몸. 2. 외딴집.

에똘이① (명사) 외딴 집.

에똘이② (명사) 외톨이. 외돌톨이 : 매인 데도 없고 의지할 데도 없는 홀몸.

에럽다 (형용사) 어렵다.

에레기/에레이 (감탄사) 에라.

에록 (감탄사) 입 안에 있는 것을 뱉어내는 소리.

에롭다/에릅다 (형용사) 외롭다.

에리다 (형용사) (나이) 어리다.

에린애 (명사) 어린아이.

에막 (명사) 원두막.

에미 (명사) (어미).

에북 (부사) 제법.

에사 (명사) 예사 : 보통 있는 일.

에사로 (부사) 예사로.

에상 (명사) 외상 : 값은 나중에 치르기로 하고 물건을 사거나 파는 일.

에상빼이 (명사) ‘외상’을 속되게 이르는 말.

에석아 (명사) 계집아이. 여자아이.

에손녀 (명사) 외손녀.

에손자 (명사) 외손자.

에손주 (명사) 외손주.

에야다 (동사) 에끼다 : 서로 주고받을 물건이나 일 따위를 비겨 없애다.

에언내/에엔내/에핀내 (명사) 여편네.

에우다① (동사) 외우다.

에우다② (동사) 여의다 : 딸을 시집 보내다.

에우다③ (동사) 에끼다 : 서로 주고받을 물건이나 일 따위를 비겨 없애다.

에이순 (감탄사) 에게 : 몹시 짜증이 나거나 못마땅한 때 내는 말.

에자구 (명사) 어중잡이 : 제대로 할 줄 아는 것이 별로 없어 쓸모가 없거나 서툰 사람.

에재치다 (동사) 외치다.

에정 (명사) 이정(里丁) : 나이가 젊고 기운이 좋은 마을의 남자.

에지다 (형용사) 외지다 : 외따로 떨어져 있어 으슥하고 후미지다.

에질 (명사) 외길.

에택 (명사) 외탁 : 생김새나 체질. 성질 따위가 외가 쪽 사람을 닮음.

에톨이 (명사) 외톨이. 외돌토리.

에통배이 (명사) 애꾸눈이.

에폴이 (명사) 외팔이.

에핀네 (명사) 여편네.

에할매 (명사) 외할머니.

에할무니 (명사) 외할머니.

에할배 (명사) 외할아버지.

에할아부지 (명사) 외할아버지.

엔가이 (부사) 어지간히.

엔간하다 (형용사) 어지간하다.

엔걸 (감탄사) 웬걸 : ‘웬 것을’이 줄어든 말.

엔낫질 (명사) 왼낫질 : 왼손으로 하는 낫질.

엔내 (명사) 여인네.

엔만하다 (형용사) 웬만하다.

엔만하모 (형용사) 웬만하면.

엔발 (명사) 왼발.

엔빰 (명사) 왼뺨.

엔새끼 (명사) 왼새끼 : 왼쪽으로 꼰 새끼.

엔손 (명사) 왼손.

엔손잽이 (명사) 왼손잡이.

엔일 (명사) 웬일.

엔젱일 (명사) 온종일.

엔짝 (명사) 왼짝.

엔짝배이 (명사) 왼손잡이.

엔짝잽이 (명사) 왼손잡이.

엔쪽 (명사) 왼쪽.

엔총 (감탄사) 아니나 다를까.

엔펜 (명사) 왼편.

엘로 (부사) 오히려.

엡히다 (동사) 업히다.

엣소 (감탄사) 옜소 : ‘하오’ 할 자리에 쓰여. 가까이 있는 사람에게 무엇을 건네줄 때 하는 말.

엥가이 (부사) 어지간히.

엥↑기다 (동사) 옮다. 옮기다.

엥기↑들다 (동사) 달려들다.

엥기↑붙다 (동사) 달라붙다. (불이)옮겨붙다.

엥기손까락 (명사) 새끼손까락.

엥이 (명사) 요여(腰輿) : 시체를 묻은 뒤에 혼백과 신주를 모시고 돌아오는 작은 가마.

엥키다 (동사) 엉기다. 엉키다.

여간내이 (명사) 여간내기. 보통내기.

여개 (명사) 여가(餘暇). ¶ 여개 바서 함 가겄심더.(=여가 봐서 한번 가겠습니다.)

여게/여어 (대명사) 여기.

여꾸리 (명사) 옆구리.

여남시 (수사)(관형사) 여남은 : 열이 조금 넘는 수. 또는 그런 수의.

여내 (부사) 이내. 곧. 바로.

여니레 (명사) 예니레 : 엿새나 이레.

여:다 (준말) 여기에다.

여다 나리다 (관용어) 물 따위를 머리에 이고 나르다.

여덜 (수사)(관형사) (활용 : 여덜과, 여덜도, 여덜이나, 여덜에, 여덜은) 여덟.

여따/여어다 (준말) 여기에다.

여따가 (준말) 여기에다가.

여럿이 (부사) 여럿 사람.

여럭씨 (명사) 삼씨 : 삼(麻)의 씨.

여럭조시 (명사) 작은 사람이나 동물을 비유적으로 이르는 말. 작은 토종 씨암탉을 이르기도 한다.

여럽다 (형용사) 여들없다 : 행동이 멋없고 미련하다.

여럽이 (명사) 열없쟁이 : 열없는 사람을 낮잡아 이르는 말.

여룩 (명사) 삼씨.

여물깐 (명사) 여물광 : 여물을 쟁여 두는 헛간.

여물쿠다 (동사) 여물게 하다.

여: 보란 드키 (관용어) 여기 보아란 듯이. 

여뿔때기/여뿔때이 (명사) 옆댕이.

여사 (명사) 예사(例事) : 보통 있는 일.

여사로 (부사) 예사로.

여:서① (대명사) 여기서.

여서② (수사) 여섯.

여석아 (명사) 계집아이. 여자아이.",2021-12-10 00:00:00,109,미부착,제1유형,무,,에기다①/에야다/에우다 ~ 여석아,,어문,음성,"에기다①/에야다/에우다 (동사) 에끼다 : 서로 주고받을 물건이나 일 따위를 비겨 없애다.

에기다② (동사) 여기다 : 마음속으로 그러하다고 인정하거나 생각하다.

에기다③ (동사) 때우다 : 간단한 음식으로 끼니를 대신하다. ¶ 정심을 대충 에깄다.(=점심을 대충 때웠다.)

에나 참말. 정말. 진짜. 1. (명사) ¶ 너거집 이사간다 쿠더마는 그기 에나가? / 니 그 말 에나가? - 그래, 에나다. 2. (부사) ¶ 올 봄에는 에나 비가 많이 오네. / 에나 내앨 니 여어 올래? 3. (감탄사) ¶ 맑은 날 디벼리에서 서쪽으로 멀리 보모, 천왕봉 보인대이. - 에나. / 에나, 영순이도 합격했다 쿠더나? 

에나가 (감탄사) 참말이냐. 진짜냐.

에↑다 (동사) 외치다.

에동 (명사) 외동.

에동딸 (명사) 외동딸.

에동아들 (명사) 외동아들.

에딴집 (명사) 외딴집.

에똘배이/에똘뱅이 (명사) 1. 외톨박이. 외돌토리 : 매인 데도 없고 의지할 데도 없는 홀몸. 2. 외딴집.

에똘이① (명사) 외딴 집.

에똘이② (명사) 외톨이. 외돌톨이 : 매인 데도 없고 의지할 데도 없는 홀몸.

에럽다 (형용사) 어렵다.

에레기/에레이 (감탄사) 에라.

에록 (감탄사) 입 안에 있는 것을 뱉어내는 소리.

에롭다/에릅다 (형용사) 외롭다.

에리다 (형용사) (나이) 어리다.

에린애 (명사) 어린아이.

에막 (명사) 원두막.

에미 (명사) (어미).

에북 (부사) 제법.

에사 (명사) 예사 : 보통 있는 일.

에사로 (부사) 예사로.

에상 (명사) 외상 : 값은 나중에 치르기로 하고 물건을 사거나 파는 일.

에상빼이 (명사) ‘외상’을 속되게 이르는 말.

에석아 (명사) 계집아이. 여자아이.

에손녀 (명사) 외손녀.

에손자 (명사) 외손자.

에손주 (명사) 외손주.

에야다 (동사) 에끼다 : 서로 주고받을 물건이나 일 따위를 비겨 없애다.

에언내/에엔내/에핀내 (명사) 여편네.

에우다① (동사) 외우다.

에우다② (동사) 여의다 : 딸을 시집 보내다.

에우다③ (동사) 에끼다 : 서로 주고받을 물건이나 일 따위를 비겨 없애다.

에이순 (감탄사) 에게 : 몹시 짜증이 나거나 못마땅한 때 내는 말.

에자구 (명사) 어중잡이 : 제대로 할 줄 아는 것이 별로 없어 쓸모가 없거나 서툰 사람.

에재치다 (동사) 외치다.

에정 (명사) 이정(里丁) : 나이가 젊고 기운이 좋은 마을의 남자.

에지다 (형용사) 외지다 : 외따로 떨어져 있어 으슥하고 후미지다.

에질 (명사) 외길.

에택 (명사) 외탁 : 생김새나 체질. 성질 따위가 외가 쪽 사람을 닮음.

에톨이 (명사) 외톨이. 외돌토리.

에통배이 (명사) 애꾸눈이.

에폴이 (명사) 외팔이.

에핀네 (명사) 여편네.

에할매 (명사) 외할머니.

에할무니 (명사) 외할머니.

에할배 (명사) 외할아버지.

에할아부지 (명사) 외할아버지.

엔가이 (부사) 어지간히.

엔간하다 (형용사) 어지간하다.

엔걸 (감탄사) 웬걸 : ‘웬 것을’이 줄어든 말.

엔낫질 (명사) 왼낫질 : 왼손으로 하는 낫질.

엔내 (명사) 여인네.

엔만하다 (형용사) 웬만하다.

엔만하모 (형용사) 웬만하면.

엔발 (명사) 왼발.

엔빰 (명사) 왼뺨.

엔새끼 (명사) 왼새끼 : 왼쪽으로 꼰 새끼.

엔손 (명사) 왼손.

엔손잽이 (명사) 왼손잡이.

엔일 (명사) 웬일.

엔젱일 (명사) 온종일.

엔짝 (명사) 왼짝.

엔짝배이 (명사) 왼손잡이.

엔짝잽이 (명사) 왼손잡이.

엔쪽 (명사) 왼쪽.

엔총 (감탄사) 아니나 다를까.

엔펜 (명사) 왼편.

엘로 (부사) 오히려.

엡히다 (동사) 업히다.

엣소 (감탄사) 옜소 : ‘하오’ 할 자리에 쓰여. 가까이 있는 사람에게 무엇을 건네줄 때 하는 말.

엥가이 (부사) 어지간히.

엥↑기다 (동사) 옮다. 옮기다.

엥기↑들다 (동사) 달려들다.

엥기↑붙다 (동사) 달라붙다. (불이)옮겨붙다.

엥기손까락 (명사) 새끼손까락.

엥이 (명사) 요여(腰輿) : 시체를 묻은 뒤에 혼백과 신주를 모시고 돌아오는 작은 가마.

엥키다 (동사) 엉기다. 엉키다.

여간내이 (명사) 여간내기. 보통내기.

여개 (명사) 여가(餘暇). ¶ 여개 바서 함 가겄심더.(=여가 봐서 한번 가겠습니다.)

여게/여어 (대명사) 여기.

여꾸리 (명사) 옆구리.

여남시 (수사)(관형사) 여남은 : 열이 조금 넘는 수. 또는 그런 수의.

여내 (부사) 이내. 곧. 바로.

여니레 (명사) 예니레 : 엿새나 이레.

여:다 (준말) 여기에다.

여다 나리다 (관용어) 물 따위를 머리에 이고 나르다.

여덜 (수사)(관형사) (활용 : 여덜과, 여덜도, 여덜이나, 여덜에, 여덜은) 여덟.

여따/여어다 (준말) 여기에다.

여따가 (준말) 여기에다가.

여럿이 (부사) 여럿 사람.

여럭씨 (명사) 삼씨 : 삼(麻)의 씨.

여럭조시 (명사) 작은 사람이나 동물을 비유적으로 이르는 말. 작은 토종 씨암탉을 이르기도 한다.

여럽다 (형용사) 여들없다 : 행동이 멋없고 미련하다.

여럽이 (명사) 열없쟁이 : 열없는 사람을 낮잡아 이르는 말.

여룩 (명사) 삼씨.

여물깐 (명사) 여물광 : 여물을 쟁여 두는 헛간.

여물쿠다 (동사) 여물게 하다.

여: 보란 드키 (관용어) 여기 보아란 듯이. 

여뿔때기/여뿔때이 (명사) 옆댕이.

여사 (명사) 예사(例事) : 보통 있는 일.

여사로 (부사) 예사로.

여:서① (대명사) 여기서.

여서② (수사) 여섯.

여석아 (명사) 계집아이. 여자아이.",사투리,한국어,,2021-12-10 00:00:00,저작물양도계약서,진주시청,,,,제1유형,저작물,보호저작물,○,상업적이용가능,○,○,○,○,○,○,○,,2091-12-10 00:00:00,,
66,오디오,가이드/안내/정보,진주시청,진주시청,HOME > 진주소개 > 기본현황 > 진주 사투리 사전 > ㅇ,여시 ~ 오따,"여시 (명사) 여우.

여시 겉다 (관용어) 여우처럼 간사하고 요망스럽다.

여시비 (명사) 여우비 : 볕이 난 날 잠깐 뿌리는 비.

여쎄 (명사) 엿새.

여: (대명사) 여기.

여어 (수사)(관형사) 여섯.

여어 보래 (관용어) 1. 여기 보렴. 2. 아내를 부르는 말

여우다 (동사) 여의다 : 딸을 시집보내다. 멀리 떠나보내다.

여이다 (동사) 여기다 : 마음속으로 그러하다고 인정하거나 생각하다. ¶ 그는 자기 직업을 천직으로 여인다.(=여긴다).

여축없다 (형용사) 깔축없다 : 조금도 축나거나 버릴 것이 없다.

여푸랑 (명사) 옆구리. ¶ 여푸랑에 끼고 뎅기다.(=옆구리에 끼고 다니다.)

여푼데이/여풀떼기/여풀떼이 (명사) 옆댕이 : 옆을 속되게 이르는 말.

여핀네 (명사) 여편네.

역부리/역부러 (부사) 일부러.

연개 (명사) 연기.

연거퍼 (부사) 연거푸.

연까시 (명사) 사마귀. 버마재비.

연에 (부사) 이내, 연이어. ¶ 날이 샌 연에(=날이 새고 이내). / 할부지 돌아가신 연에 할매도 돌아가싰다.(=할아버지 돌아가시고 연이어 할머니도 돌아가셨다.)

연자새 (명사) 얼레 : 연줄, 낚싯줄 따위를 감는 데 쓰는 기구. 나무 기둥의 설주를 두 개나 네 개 또는 여섯 개로 짜서 맞추고 가운데에 자루를 박아 만든다.

연치 (명사) 방아깨비. 여치.

연포깔치 (명사) 자반갈치.

연피 (명사) 연비(聯臂) : 1. 다른 사람을 통하여 간접으로 소개함. 2. 서로 이리저리 알게 됨. 

연피연피 (부사) 연비연비 : 여러 겹의 간접적인 소개로.

열어재끼다/열어재치다 (동사) 열어젖히다.

열을 (명사) 열흘.

열합 (명사) 홍합.

염도 몬 낸다 (관용어) 감히 생각도못한다.

염세이/염셍이 (명사) 염소.

염줄 (명사) 염주 : 염불할 때에, 손으로 돌려 개수를 세거나 손목 또는 목에 거는 법구(法具).

엿다 (준말) 여기에다.

엿재이/엿쟁이① (명사) 엿장수.

엿재이/엿쟁이② (명사) 소금쟁이 : 소금쟁잇과의 곤충.

엿치이 (명사) 엿치기 : 엿가래를 부러뜨려서 그 속의 구멍의 수효와 크기를 비교하여 승패를 겨루는 놀이.

영: (부사) 전혀.

영감탕구 (명사) 영감쟁이.

영감태이 (명사) 영감쟁이.

영금 (명사) 영문 : 일이 돌아가는 형편이나 그 까닭. ¶ 영금도 모리민서 그런 소리 하모 데나?(=영문도 모르면서 그런 소리를 하면 되느냐?)

영ㄲ다 (동사) (활용 : 영ㄲ고[영꼬], 영ㄲ지[영찌], 영ㄲ는[영는], 영꺼서, 영꺼라) 엮다. ¶ 잘 영꺼 바라.(=잘 엮어 봐라.) / 새끼 영ㄲ는 사람 어디 갔네?(=새끼 엮는 사람 어디 갔느냐?)

영사이다/영상이다 (형용사) 흡사하다. 꼭 닮다.

영상 (명사) 흡사.

영장 (명사) 송장. 죽은 사람의 몸을 이르는 말.

영장치다 (동사) 장사지내다.

영초롱겉다 (형용사) 정신이나 목소리가 맑고 또렷하다.

영판 (부사) 아주. ¶ 생긴 기 영판 닮았네.(=생긴 게 아주 닮았네.) 

영판이다 (형용사) 아주 닮았다. ¶ 자:는 저거 아부지 영판이네.(=쟤는 제 아버지 아주 닮았네.)

옆눈질 (명사) 곁눈질.

옆닥걸음 (명사) 게걸음 : 1 게처럼 옆으로 걷는 걸음. 2. 어떤 일을 피하여 딴 데로 빠짐.

옆때기/옆때이 (명사) 옆댕이.

옇다 (동사) 넣다. ¶ 비비 옇다(=비벼 넣다).

옇어주다 (동사) 넣어주다. 

-예 접미 –요 : 두루높임의 접미사. ¶ 어데예(=어디요. 아니요), 머예(=뭐요), 가예(=가요), 했지예(=했지요) / 머 무우예.(=뭐 먹어요.)

예리다 (형용사) 여리다.

예비당 (명사) 예배당. 교회.

예뿌다/예삐다 (형용사) 예쁘다.

예수재이 (명사) 예수쟁이 : 예수를 믿는 사람을 얕잡아 이르는 말.

예우다 (동사) 여의다 : 딸을 시집보내다.

예전재전에 (부사) 아주 오래된 과거의 지난날에.

예찮다 (형용사) 보잘 것 없다.

예펜네 (명사) 여편네.

옌네 (명사) 여편네.

오가리 (명사) 오지솥.

오감ㅎ다 (형용사) 분에 넘치다. ¶ 니가 그 상을 받다니 오감ㅎ다.

오고라들다 (동사) 오그라들다.

오고라지다 (동사) 오그라지다.

오고랑하다 (형용사) 오그랑하다.

오고롬하다 (형용사) 오긋하다.

오골씨다/오구리다 (동사) 오그리다.

오골오골 (부사) 오글오글.

오골지다 (형용사) 오달지다 : 1. 마음에 흡족하게 흐뭇하다. 2. 허술한 데가 없이 매우 야무지고 실속이 있다.

오골쪼골 (부사) 오글쪼글.

오곰 (명사) 오금 : 무릎 관절 안쪽의 오목한 부분.

오곰걸다/오금걸다 (동사) 오금박다 : 1. 큰소리치며 장담하던 사람이 그와 반대되는 말이나 행동을 할 때에, 장담하던 말을 빌미로 삼아 몹시 논박하다. 2. 남에게 공연이 트집을 잡다.

오곰재이 (명사) ’오금’을 낮추어 이르는 말.

오곰지 (명사) ’오금’을 낮추어 이르는 말.

오구리다 (동사) 오그리다.

오금걸다 (동사) 오금박다.

오꼼하다 (형용사) 오긋하다 : 안으로 조금 오그라진 듯하다. ¶ 잠을 몬 잔 탓인지 눈이 오꼼하다.(=잠을 못 잔 탓인지 눈이 오긋하다.)

오나락 (명사) 올벼.

오니라/오이라 (동사) 오너라.

오다딜이다 (동사) 모아들이다.

오데/오디 (대명사) 어디. 

오데예/오디예 (감탄사) 아니요.

오도갑떨다/오도갑지다 (동사) 경망스럽게 나덤비다.

오도매이 (명사) 오두막.

오도방정 (명사) 오두발광. 오두방정.

오돌개 (명사) 오디 : 뽕나무 열매.

오돌오돌 (부사) 오들오들.

오돔패이/오둠팽이 (명사) 초가나 오두막 따위의 작은 집. 주로 오두막을 낮잡아 이를 때 쓴다.

오두다 (동사) 오므리다 : 한군데로 모으다.

오디 (대명사) 어디. ¶ 오디고?(=어디냐?), 오디 가네?(=어디 가느냐?)

오따 (부사) 어따 : 1. ’오디에다’의 (준말). ¶ 오따 대고 큰소리야.(=어디에다 대고 큰소리야.) / 오따 대고 말대꾸야.(=어디에다 대고 말대꾸야.) 2. 상대방의 말이나 행동이 몹시 못마땅하거나 정도가 너무 심하여 빈정거릴 때 내는 말.",2021-12-10 00:00:00,91,미부착,제1유형,무,,여시 ~ 오따,,어문,음성,"여시 (명사) 여우.

여시 겉다 (관용어) 여우처럼 간사하고 요망스럽다.

여시비 (명사) 여우비 : 볕이 난 날 잠깐 뿌리는 비.

여쎄 (명사) 엿새.

여: (대명사) 여기.

여어 (수사)(관형사) 여섯.

여어 보래 (관용어) 1. 여기 보렴. 2. 아내를 부르는 말

여우다 (동사) 여의다 : 딸을 시집보내다. 멀리 떠나보내다.

여이다 (동사) 여기다 : 마음속으로 그러하다고 인정하거나 생각하다. ¶ 그는 자기 직업을 천직으로 여인다.(=여긴다).

여축없다 (형용사) 깔축없다 : 조금도 축나거나 버릴 것이 없다.

여푸랑 (명사) 옆구리. ¶ 여푸랑에 끼고 뎅기다.(=옆구리에 끼고 다니다.)

여푼데이/여풀떼기/여풀떼이 (명사) 옆댕이 : 옆을 속되게 이르는 말.

여핀네 (명사) 여편네.

역부리/역부러 (부사) 일부러.

연개 (명사) 연기.

연거퍼 (부사) 연거푸.

연까시 (명사) 사마귀. 버마재비.

연에 (부사) 이내, 연이어. ¶ 날이 샌 연에(=날이 새고 이내). / 할부지 돌아가신 연에 할매도 돌아가싰다.(=할아버지 돌아가시고 연이어 할머니도 돌아가셨다.)

연자새 (명사) 얼레 : 연줄, 낚싯줄 따위를 감는 데 쓰는 기구. 나무 기둥의 설주를 두 개나 네 개 또는 여섯 개로 짜서 맞추고 가운데에 자루를 박아 만든다.

연치 (명사) 방아깨비. 여치.

연포깔치 (명사) 자반갈치.

연피 (명사) 연비(聯臂) : 1. 다른 사람을 통하여 간접으로 소개함. 2. 서로 이리저리 알게 됨. 

연피연피 (부사) 연비연비 : 여러 겹의 간접적인 소개로.

열어재끼다/열어재치다 (동사) 열어젖히다.

열을 (명사) 열흘.

열합 (명사) 홍합.

염도 몬 낸다 (관용어) 감히 생각도못한다.

염세이/염셍이 (명사) 염소.

염줄 (명사) 염주 : 염불할 때에, 손으로 돌려 개수를 세거나 손목 또는 목에 거는 법구(法具).

엿다 (준말) 여기에다.

엿재이/엿쟁이① (명사) 엿장수.

엿재이/엿쟁이② (명사) 소금쟁이 : 소금쟁잇과의 곤충.

엿치이 (명사) 엿치기 : 엿가래를 부러뜨려서 그 속의 구멍의 수효와 크기를 비교하여 승패를 겨루는 놀이.

영: (부사) 전혀.

영감탕구 (명사) 영감쟁이.

영감태이 (명사) 영감쟁이.

영금 (명사) 영문 : 일이 돌아가는 형편이나 그 까닭. ¶ 영금도 모리민서 그런 소리 하모 데나?(=영문도 모르면서 그런 소리를 하면 되느냐?)

영ㄲ다 (동사) (활용 : 영ㄲ고[영꼬], 영ㄲ지[영찌], 영ㄲ는[영는], 영꺼서, 영꺼라) 엮다. ¶ 잘 영꺼 바라.(=잘 엮어 봐라.) / 새끼 영ㄲ는 사람 어디 갔네?(=새끼 엮는 사람 어디 갔느냐?)

영사이다/영상이다 (형용사) 흡사하다. 꼭 닮다.

영상 (명사) 흡사.

영장 (명사) 송장. 죽은 사람의 몸을 이르는 말.

영장치다 (동사) 장사지내다.

영초롱겉다 (형용사) 정신이나 목소리가 맑고 또렷하다.

영판 (부사) 아주. ¶ 생긴 기 영판 닮았네.(=생긴 게 아주 닮았네.) 

영판이다 (형용사) 아주 닮았다. ¶ 자:는 저거 아부지 영판이네.(=쟤는 제 아버지 아주 닮았네.)

옆눈질 (명사) 곁눈질.

옆닥걸음 (명사) 게걸음 : 1 게처럼 옆으로 걷는 걸음. 2. 어떤 일을 피하여 딴 데로 빠짐.

옆때기/옆때이 (명사) 옆댕이.

옇다 (동사) 넣다. ¶ 비비 옇다(=비벼 넣다).

옇어주다 (동사) 넣어주다. 

-예 접미 –요 : 두루높임의 접미사. ¶ 어데예(=어디요. 아니요), 머예(=뭐요), 가예(=가요), 했지예(=했지요) / 머 무우예.(=뭐 먹어요.)

예리다 (형용사) 여리다.

예비당 (명사) 예배당. 교회.

예뿌다/예삐다 (형용사) 예쁘다.

예수재이 (명사) 예수쟁이 : 예수를 믿는 사람을 얕잡아 이르는 말.

예우다 (동사) 여의다 : 딸을 시집보내다.

예전재전에 (부사) 아주 오래된 과거의 지난날에.

예찮다 (형용사) 보잘 것 없다.

예펜네 (명사) 여편네.

옌네 (명사) 여편네.

오가리 (명사) 오지솥.

오감ㅎ다 (형용사) 분에 넘치다. ¶ 니가 그 상을 받다니 오감ㅎ다.

오고라들다 (동사) 오그라들다.

오고라지다 (동사) 오그라지다.

오고랑하다 (형용사) 오그랑하다.

오고롬하다 (형용사) 오긋하다.

오골씨다/오구리다 (동사) 오그리다.

오골오골 (부사) 오글오글.

오골지다 (형용사) 오달지다 : 1. 마음에 흡족하게 흐뭇하다. 2. 허술한 데가 없이 매우 야무지고 실속이 있다.

오골쪼골 (부사) 오글쪼글.

오곰 (명사) 오금 : 무릎 관절 안쪽의 오목한 부분.

오곰걸다/오금걸다 (동사) 오금박다 : 1. 큰소리치며 장담하던 사람이 그와 반대되는 말이나 행동을 할 때에, 장담하던 말을 빌미로 삼아 몹시 논박하다. 2. 남에게 공연이 트집을 잡다.

오곰재이 (명사) ’오금’을 낮추어 이르는 말.

오곰지 (명사) ’오금’을 낮추어 이르는 말.

오구리다 (동사) 오그리다.

오금걸다 (동사) 오금박다.

오꼼하다 (형용사) 오긋하다 : 안으로 조금 오그라진 듯하다. ¶ 잠을 몬 잔 탓인지 눈이 오꼼하다.(=잠을 못 잔 탓인지 눈이 오긋하다.)

오나락 (명사) 올벼.

오니라/오이라 (동사) 오너라.

오다딜이다 (동사) 모아들이다.

오데/오디 (대명사) 어디. 

오데예/오디예 (감탄사) 아니요.

오도갑떨다/오도갑지다 (동사) 경망스럽게 나덤비다.

오도매이 (명사) 오두막.

오도방정 (명사) 오두발광. 오두방정.

오돌개 (명사) 오디 : 뽕나무 열매.

오돌오돌 (부사) 오들오들.

오돔패이/오둠팽이 (명사) 초가나 오두막 따위의 작은 집. 주로 오두막을 낮잡아 이를 때 쓴다.

오두다 (동사) 오므리다 : 한군데로 모으다.

오디 (대명사) 어디. ¶ 오디고?(=어디냐?), 오디 가네?(=어디 가느냐?)

오따 (부사) 어따 : 1. ’오디에다’의 (준말). ¶ 오따 대고 큰소리야.(=어디에다 대고 큰소리야.) / 오따 대고 말대꾸야.(=어디에다 대고 말대꾸야.) 2. 상대방의 말이나 행동이 몹시 못마땅하거나 정도가 너무 심하여 빈정거릴 때 내는 말.",사투리,한국어,,2021-12-10 00:00:00,저작물양도계약서,진주시청,,,,제1유형,저작물,보호저작물,○,상업적이용가능,○,○,○,○,○,○,○,,2091-12-10 00:00:00,,
67,오디오,가이드/안내/정보,진주시청,진주시청,HOME > 진주소개 > 기본현황 > 진주 사투리 사전 > ㅇ,오똑하다 ~ 옷베,"오똑하다 (형용사) 오뚝하다.

오라바이 (명사) 오라버니.

오랍씨 (명사) 오라버니.

오래비 (명사) 오라비.

오래이 (명사) 오라기 : 실, 헝겊 등의 가늘고 긴 조각.

오로로 (부사) 오르르. ¶ 아:들이 오로로 몰리드네.(=아이들이 오르르 몰려드네.)

오룩하다 (동사) 되갚다 : 남에게 그에 상당하는 대가를 치르게 하다.

오리다 (동사) 오르다.

오리막 (명사) 오르막.

오리막질 (명사) 오르막길.

오마들다 (동사) 죄어들다. 오므라뜨리다.

오만군데 (명사) 여러 군데.

오만디 (명사) 여러 군데.

오매 (명사) 어머니.

오모가모 (부사) 오면가면.

오모리다 (동사) 오므리다.

오목갖다 (형용사) 올목갖다 : 이것저것 골고루 다 갖추고 있다.

오목불 (명사) 모닥불.

오몰기리다 (동사) 오물거리다.

오몰오몰 (부사) 오물오물.

오무다 (동사) 오므리다.

오무라들다 (동사) 오므라들다.

오무라지다 (동사) 오므라지다.

오무리다 (동사) 오므리다.

오복겉이 조우다 (관용어) 매우 심하게 조르다.

오분 (명사) 이번. ¶ 오분에는 누 차레고?(=이번에는 누구 차례냐?)

오불시럽다 (형용사) 올지다 : 허술한 데가 없이 매우 야무지고 실속이 있다.

오불지다/오지다 (형용사) 오달지다.

오붓하이 (부사) 오붓이. 오붓하게. ¶ 서이서 오붓하이 술 한 잔 하자.(=셋이서 오붓하게 술 한 잔 하자.)

오빼미 (명사) 올빼미.

오새①/오시 (명사) 요새. 

오새② (명사) 재물을 몹시 밝히는 사람. ¶ 저 사람, 돈에는 오새다.(=저 사람 돈을 몹시 밝힌다.)

오새겉다 (형용사) 특정한 먹을거리나 재물을 몹시 밝히다.

오새다 (동사) 재물을 몹시 밝히다.

오시 (명사) 요새.

오시랍 (명사) 오지랖.

오실오실 (부사) 오슬오슬.

오양 (명사) 외양(外樣). 겉모양.

오양이 야물다 (관용어) 외양(外樣)이 반듯하다.

오올 (명사) 오늘.

오요오요 (감탄사) 강아지를 부르는 소리.

오이 (대명사) 어디. ¶ 오이고?(=어디냐?)

오이라 (동사) 오너라.

오이로① (부사) 오히려.

오이로② (부사) 어디로.

오입재이 (명사) 오입쟁이.

오있네 (준말) 어디 있느냐.

오자 (명사) 수일 전. 며칠 전.

오자께 (부사) 며칠 전에.

오재미 (명사) 오자미 : 콩이나 모래를 넣어 만든 헝겊 주머니.

오재이 (명사) 오쟁이 : 물건을 정돈하거나 담아두기 위하여 짚으로 엮어서 만든 작은 섬.

오재이 다리놓기 (속담) 정월 보름에 그 해 운수가 나쁘다고 나왔을 경우에 하는 세시풍속. 우선 짚으로 오쟁이 세 개를 엮어 돌이나 흙으로 채우고 엽전 몇 닢을 넣어 정월 14일 밤이나 15일 새벽에 시내의 징검다리 사이에 놓으면 그 해를 무사히 지낼 수 있다고 믿었다.

오좀 (명사) 오줌.

오좀구시 (명사) 오줌통(桶). 오줌구유.

오좀빨 (명사) 오줌발.

오좀뽀 (명사) 오줌보. 방광(膀胱).

오좀장군 (명사) 오줌장군.

오지기 (부사) 오달지게.

오직 (부사) 오죽.

오직이나 (부사) 오죽이나.

오직했이모 (부사) 오죽했으면.

오짐 (명사) 오줌.

오징애 (명사) 오징어.

오콤/오쿰 (명사) 움큼 : 손으로 한줌 움켜쥔 만큼의 분량을 세는 단위를 나타내는 말.

옥걸리다 (동사) 옥여 바싹 걸리다.

옥다 (동사) 욱다 : 안으로 조금 우묵하게 우그러져 굽은 듯하다.

온① (부사) 늘. 언제나.

온② (감탄사) 원 : 뜻밖의 일로 놀라거나 언짢을 때 내는 소리.

온:갖 끼 (연어) 온갖 것이

온:거 (연어) 온전한 것.

온냐 (감탄사) 오냐

온:데 (명사)(부사) 여러 군데, 사방.

온:디 (명사)(부사) 여러 군데, 사방.

온↑이 (부사) 온전히. 몽땅. 통째로. 전부 다.

온:자/온:제 (대명사)(부사) 언제. ¶ 온제꺼지(=언제까지).

온:제나 (부사) 언제나.

온:제든지 (부사) 언제든지.

온:제새나 (부사) 언제쯤이나. 언제께나.

온:젠(←온제+인)년에 (준말) 언제인 해에, 이전의 어느 해에.

온↑히 (부사) 온전히. 몽땅. 통째로. 전부 다.

옫다(←오디+에다) (준말) 어디에다.

올개 (명사) 올해.

올개미 (명사) 올가미.

올개이 (명사) 올가미.

올데다 (동사) 올되다. 1. 곡식이나 과일 따위가 제철보다 일찍 익다. 2. 나이에 비하여 일찍 철이 들다.

올두다 (동사) 일찍 두다 : 보통보다 이르게 두다. ¶ 그 사람 아들 올돘네.

올리다 (동사) 게우다 : 제대로 삭이지 못하고 도로 입 밖으로 토하여 내다.

올리보다 (동사) 올려보다. 쳐다보다.

올매 (명사) 얼마. ¶ 값이 올매고?(=값이 얼마냐?)

올매나 (부사) 얼마나.

올매든지 (부사) 얼마든지.

올모가지 (명사) 올가미.

올:베이 (명사) 제철보다 일찍 되는 곡식이나, 같은 해에 태어나 생일이 일찍 든 사람을 이르는 말.

올애 (명사) 올해.

올차네 (부사) 근간에. 곧.

올체/올치/올키 (명사) 올케 : 여자가 자신의 오빠나 남동생의 아내를 가리키거나 부르는 말.

올키 (명사) 올케.

옳기 (부사) 옳게. ¶ 옳기 살아라.(=옳게 살아라.)

옴마 (명사) 엄마.

옴마야 (감탄사) 어마나. 어머나.

옴부랍다 (형용사) 옹색하게 비좁다.

옴불다 (형용사) 옹색하게 비좁다.

옴삭하다 (형용사) 옴쏙하다 : 조금 둥글게 패어 들어가 있다.

옴성 (부사) 오면서.

옴성 감성 (연어) 오면서 가면서.

옷걸리다 (동사) 엇갈리다.

옷베 (명사) 옷감.",2021-12-10 00:00:00,107,미부착,제1유형,무,,오똑하다 ~ 옷베,,어문,음성,"오똑하다 (형용사) 오뚝하다.

오라바이 (명사) 오라버니.

오랍씨 (명사) 오라버니.

오래비 (명사) 오라비.

오래이 (명사) 오라기 : 실, 헝겊 등의 가늘고 긴 조각.

오로로 (부사) 오르르. ¶ 아:들이 오로로 몰리드네.(=아이들이 오르르 몰려드네.)

오룩하다 (동사) 되갚다 : 남에게 그에 상당하는 대가를 치르게 하다.

오리다 (동사) 오르다.

오리막 (명사) 오르막.

오리막질 (명사) 오르막길.

오마들다 (동사) 죄어들다. 오므라뜨리다.

오만군데 (명사) 여러 군데.

오만디 (명사) 여러 군데.

오매 (명사) 어머니.

오모가모 (부사) 오면가면.

오모리다 (동사) 오므리다.

오목갖다 (형용사) 올목갖다 : 이것저것 골고루 다 갖추고 있다.

오목불 (명사) 모닥불.

오몰기리다 (동사) 오물거리다.

오몰오몰 (부사) 오물오물.

오무다 (동사) 오므리다.

오무라들다 (동사) 오므라들다.

오무라지다 (동사) 오므라지다.

오무리다 (동사) 오므리다.

오복겉이 조우다 (관용어) 매우 심하게 조르다.

오분 (명사) 이번. ¶ 오분에는 누 차레고?(=이번에는 누구 차례냐?)

오불시럽다 (형용사) 올지다 : 허술한 데가 없이 매우 야무지고 실속이 있다.

오불지다/오지다 (형용사) 오달지다.

오붓하이 (부사) 오붓이. 오붓하게. ¶ 서이서 오붓하이 술 한 잔 하자.(=셋이서 오붓하게 술 한 잔 하자.)

오빼미 (명사) 올빼미.

오새①/오시 (명사) 요새. 

오새② (명사) 재물을 몹시 밝히는 사람. ¶ 저 사람, 돈에는 오새다.(=저 사람 돈을 몹시 밝힌다.)

오새겉다 (형용사) 특정한 먹을거리나 재물을 몹시 밝히다.

오새다 (동사) 재물을 몹시 밝히다.

오시 (명사) 요새.

오시랍 (명사) 오지랖.

오실오실 (부사) 오슬오슬.

오양 (명사) 외양(外樣). 겉모양.

오양이 야물다 (관용어) 외양(外樣)이 반듯하다.

오올 (명사) 오늘.

오요오요 (감탄사) 강아지를 부르는 소리.

오이 (대명사) 어디. ¶ 오이고?(=어디냐?)

오이라 (동사) 오너라.

오이로① (부사) 오히려.

오이로② (부사) 어디로.

오입재이 (명사) 오입쟁이.

오있네 (준말) 어디 있느냐.

오자 (명사) 수일 전. 며칠 전.

오자께 (부사) 며칠 전에.

오재미 (명사) 오자미 : 콩이나 모래를 넣어 만든 헝겊 주머니.

오재이 (명사) 오쟁이 : 물건을 정돈하거나 담아두기 위하여 짚으로 엮어서 만든 작은 섬.

오재이 다리놓기 (속담) 정월 보름에 그 해 운수가 나쁘다고 나왔을 경우에 하는 세시풍속. 우선 짚으로 오쟁이 세 개를 엮어 돌이나 흙으로 채우고 엽전 몇 닢을 넣어 정월 14일 밤이나 15일 새벽에 시내의 징검다리 사이에 놓으면 그 해를 무사히 지낼 수 있다고 믿었다.

오좀 (명사) 오줌.

오좀구시 (명사) 오줌통(桶). 오줌구유.

오좀빨 (명사) 오줌발.

오좀뽀 (명사) 오줌보. 방광(膀胱).

오좀장군 (명사) 오줌장군.

오지기 (부사) 오달지게.

오직 (부사) 오죽.

오직이나 (부사) 오죽이나.

오직했이모 (부사) 오죽했으면.

오짐 (명사) 오줌.

오징애 (명사) 오징어.

오콤/오쿰 (명사) 움큼 : 손으로 한줌 움켜쥔 만큼의 분량을 세는 단위를 나타내는 말.

옥걸리다 (동사) 옥여 바싹 걸리다.

옥다 (동사) 욱다 : 안으로 조금 우묵하게 우그러져 굽은 듯하다.

온① (부사) 늘. 언제나.

온② (감탄사) 원 : 뜻밖의 일로 놀라거나 언짢을 때 내는 소리.

온:갖 끼 (연어) 온갖 것이

온:거 (연어) 온전한 것.

온냐 (감탄사) 오냐

온:데 (명사)(부사) 여러 군데, 사방.

온:디 (명사)(부사) 여러 군데, 사방.

온↑이 (부사) 온전히. 몽땅. 통째로. 전부 다.

온:자/온:제 (대명사)(부사) 언제. ¶ 온제꺼지(=언제까지).

온:제나 (부사) 언제나.

온:제든지 (부사) 언제든지.

온:제새나 (부사) 언제쯤이나. 언제께나.

온:젠(←온제+인)년에 (준말) 언제인 해에, 이전의 어느 해에.

온↑히 (부사) 온전히. 몽땅. 통째로. 전부 다.

옫다(←오디+에다) (준말) 어디에다.

올개 (명사) 올해.

올개미 (명사) 올가미.

올개이 (명사) 올가미.

올데다 (동사) 올되다. 1. 곡식이나 과일 따위가 제철보다 일찍 익다. 2. 나이에 비하여 일찍 철이 들다.

올두다 (동사) 일찍 두다 : 보통보다 이르게 두다. ¶ 그 사람 아들 올돘네.

올리다 (동사) 게우다 : 제대로 삭이지 못하고 도로 입 밖으로 토하여 내다.

올리보다 (동사) 올려보다. 쳐다보다.

올매 (명사) 얼마. ¶ 값이 올매고?(=값이 얼마냐?)

올매나 (부사) 얼마나.

올매든지 (부사) 얼마든지.

올모가지 (명사) 올가미.

올:베이 (명사) 제철보다 일찍 되는 곡식이나, 같은 해에 태어나 생일이 일찍 든 사람을 이르는 말.

올애 (명사) 올해.

올차네 (부사) 근간에. 곧.

올체/올치/올키 (명사) 올케 : 여자가 자신의 오빠나 남동생의 아내를 가리키거나 부르는 말.

올키 (명사) 올케.

옳기 (부사) 옳게. ¶ 옳기 살아라.(=옳게 살아라.)

옴마 (명사) 엄마.

옴마야 (감탄사) 어마나. 어머나.

옴부랍다 (형용사) 옹색하게 비좁다.

옴불다 (형용사) 옹색하게 비좁다.

옴삭하다 (형용사) 옴쏙하다 : 조금 둥글게 패어 들어가 있다.

옴성 (부사) 오면서.

옴성 감성 (연어) 오면서 가면서.

옷걸리다 (동사) 엇갈리다.

옷베 (명사) 옷감.",사투리,한국어,,2021-12-10 00:00:00,저작물양도계약서,진주시청,,,,제1유형,저작물,보호저작물,○,상업적이용가능,○,○,○,○,○,○,○,,2091-12-10 00:00:00,,
68,오디오,가이드/안내/정보,진주시청,진주시청,HOME > 진주소개 > 기본현황 > 진주 사투리 사전 > ㅇ,옷자래이 ~ 우험ㅎ다/우험하다,"옷자래이 (명사) 옷자락.

옷짓 (명사) 옷깃.

옹개종개 (부사) 옹기종기.

옹고발/옹구발 (명사) 발채 : 짐을 싣기 위하여 지게에 얹는 소쿠리 모양의 물건. 싸리나 대오리로 둥글넓적하게 조개 모양으로 결어서 접었다 폈다 할 수 있게 되어 있다.

옹골티다 (동사) 웅크리다 : 몹시 우그려 작게 하다.

옹구 (명사) 옹기 : 질그릇과 오지그릇을 통틀어 이르는 말.

옹구굴 (명사) 옹기 가마[窯].

옹구그륵 (명사) 옹기그릇 : 질그릇과 오지그릇을 통틀어 이르는 말.

옹구리다 (동사) 옹그리다. 웅그리다.

옹구재이/옹구쟁이 (명사) 옹기장이.

옹구전 (명사) 옹기전. 옹기가게.

옹굴지다 (형용사) 옹골지다.

옹당새미 (명사) 옹달샘.

옹숙하다 (형용사) 옹색하다.

옹촘하다 (형용사) 오그랑하다.

옹치다 (동사) 동이다 : 따로 흩어지거나 떨어지지 못하도록 한데 묶다.

와 (대명사) 왜.

와가리 (명사) 왜가리.

와닥트리다 (동사) 부닥트리다. 부딪치다.

와달비 (명사) 장대비.

와불개 (명사) 좋지 않은 사이. 상극.

와 아이라 (관용어) ‘왜 아니냐’는 뜻으로 맞장구를 칠 때 쓰는 말.

왁다지 (명사) 무말랭이.

왈개 (명사) 좋지 않은 사이. 상극.

왈기다 (동사) 윽박지르다.

왈바리 (명사) 왈가닥 : 성격이나 몸가짐이 덜렁대고 수선스러운 여자.

왕거무 (명사) 왕거미.

왕거이 (명사) 왕거니. 1. 은어로  ‘살코기’를 이르는 말. 2. 순정품.

왕기 (명사) 왕겨.

왕모새 (명사) 왕모래 : 굵은 모래.

왕붕애 (명사) 큰 붕어.

왕새비 (명사) 왕새우. 대하(大蝦).

왕수비이 (명사) 왕잠자리.

왕지 (명사) 왕겨.

요각 (명사) 요객(繞客) : 혼인 때 가족 중에서 신부를 데리고 가는 사람.

요강꽃 (명사) 개불알꽃.

요게 (준말) 1. 여기에. 2. 요것이.

요구 (명사) 요기(療飢) : 시장기를 메울 정도로 조금 먹음. ¶ 아적 요구나 하고 꿈직이나?(=아침 요기나 하고 움직이느냐?) 

요구하다 (동사) 요기하다.

요기 (준말) 요것이.

요기라사 (부사) 요것이라야. ¶ 요기라사(=요것이라야) 제대로 들어맞는다.

요기요 (준말) 요것 봐라.

요껍데기/요껍데이 (명사) 욧잇 : 요의 몸에 닿는 쪽에 시치는 흰 헝겊.

요껍디이 (명사) 욧잇.

요단에 (부사) 요 동안에.

요담에 (부사) 요 다음에.

요독 (명사) 무리하게 힘을 쓰거나 독을 피움.

요독지다 (동사) 무리하게 힘을 쓰거나 독을 피우다.

요따우 (명사) 요따위 : 요러한 부류의. 요러한 부류의 대상을 낮잡아 가리키는 말.

요때이 (명사) 요때기 : 허름하고 보잘것없는 요를 낮잡아 이르는 말.

요뚜디 (명사) 요때기.

요랑①/요롱 (명사) 워낭 : 마소의 귀에서 턱 밑으로 늘여 단 방울.

요↑랑② (명사) 요령(要領) : 1. 일을 하는 데 꼭 필요한 묘한 이치. 2. 사물의 가장 긴요한 골자나 핵심. 3. 쉽게 대강 어물거리어 넘기는 잔꾀.

요랑③ (명사) 요령(搖鈴). 솔발 : 놋쇠로 만든 종 모양의 큰 방울. 위에 쇠자루가 있고 안에 작은 쇠뭉치가 달린 것으로, 군령이나 경고 신호로 쓴다. 상여 앞에서 선소리를 할 때도 흔든다.

요랑소리/요롱소리 (명사) 워낭소리.

요↑랑없다 (형용사) 중심이 되는 생각이나 일거리를 잡지 못하다. 요령없다.

요로코롬 (부사) 요렇게.

요부락 (부사) 옴짝달싹.

요분 (명사) 요번 : 이제 막 돌아오는 차례. ¶ 요분(=요번)에는 내 차례다. / 요분 주말.

요상시럽다 (형용사) 이상스럽다.

요상하다 (형용사) 이상하다.

요수다 (동사) 야수다 : 틈이나 기회를 노리다.

요시 (명사) 요사이. 요즈음.

요시라방정/요시래방정 (명사) 진중하지 못하고 경망스러운 행동이나 말.

요시라방정을 떤다/요시래방정을 떤다 (속담) 진중하지 못하고 경망스럽게 오두방정을 떨다 : 임진왜란 때 고니시 유키나가 부대 소속 무관으로, 조선과 명(明)에서 파견한 사신들의 접대와 통역을 담당하여 경상우병사 진영에 드나들며 거짓 귀순을 하면서 첩자 활동을 벌인 왜인 요시라에서 유래됐다고 하는 설이 있음. 요시라는 1597년에는 이순신을 모함하여 하옥하게 한 인물로 알려짐.

요오 (대명사) 여기. 여기에. ¶ 요오 나라(=여기 놔라). / 요오 서 가 있거라.(=여기 서 있거라.)

요오다 (준말) 요기에다.

요전 앞에 (부사) 요전번에.

요점 (명사) 요즈음. 요즘.

요진통 (명사) 꼭 들어맞음. ¶ 이번에는 선생님 말씀의 뜻을 요진통으로 맞찼네. 

요짜 (대명사) 이쪽.

요짜리 (명사) 요때기 : ‘요’를 낮잡아 이르는 말.

욕보다 (동사) 수고하다. 몹시 고생스러운 일을 겪다.

욕을 테베이로 듣다/욕을 테베이로 묵다 (관용어) 욕을 심하게 듣거나 먹다.

욕재이 (명사) 욕쟁이.

욜랑기리다 (동사) 촐싹거리다.

욜래방구 (명사) 촐싹거리며 까부는 행위.

욜래방정 (명사) 오두방정.

욜로 (부사) 요리로.

욜마 (감탄사) 요녀석.

용개 (명사) 용두질 : 남성이 손으로 자기의 성기를 주물러서 성적 쾌감을 얻는 짓.

용누름/용모름 (명사) 용마름 : 초가의 지붕마루에 덮는 ‘人’ 자 형으로 엮은 이엉.

용매 (명사) 용모(容貌).

용부름 (명사) 용마름 : 초가의 지붕마루에 덮는 ‘人’ 자 형으로 엮은 이엉.

용시 (명사) 용수 : 싸리나 대오리로 만든 둥근 긴 통. 술이나 장을 거르는 데 쓴다. 또 죄수의 얼굴을 보지 못하도록 머리에 씌우는 둥근 통 같은 기구.

용시 안에 장구 친다 (속담) 이치에 맞지 않은 일을 하는 것을 비유적으로 이르는 말.

용심궂다 (형용사) 심술궂다.

용심재이 (명사) 용심꾸러기.

용심지기다 (동사) 용심부리다.

우 (명사) 위

우거리/우구리 (명사) 오가리. 오갈 : 무나 호박 따위의 살을 길게 오리거나 썰어서 말린 것.

우구러들다 (동사) 우그러들다.

우구러지다 (동사) 우그러지다.

우구렁하다 (형용사) 우그렁하다.

우구리다 (동사) 우그리다.

우굴기리다 (동사) 우글거리다.

우굴우굴 (부사) 우글우글.

우굼하다 (형용사) 우긋하다.

우내미/울내미 (명사) 울보 : 걸핏하면 우는 아이.

우녁/웃녁 (명사) 윗녁. 위쪽.

우더덕 (부사) 우두둑.

우두거이/우두커이 (부사) 우두커니.

우두다 (동사) (활용 : 우두고, 우두지, 우두는, 우다(←우두+아), 우다라(←우두+아라)) 감싸다. ¶ 우다 키우다.(=감싸 키우다) / 저거 좀 우다 바라.(=저것 좀 감싸 봐라.)

우두커이 (부사) 우두커니.

우때 (감탄사) 어때. 어떠해.

우때서 (부사) 어떠해서.

우떠크롬 (부사) 어떻게.

우떤 (관형사) 어떤.

우떤지 (부사) 어떤지.

우떻다 (형용사) 어떻다.

우뚯하다 (형용사) 머쓱하다.

우라내다 (동사) 우려내다.

우라묵다 (동사) 우려먹다.

우랑하다 (형용사) (말소리가) 우람차다.

우렝이/우링이 (명사) 우렁이.

우로 (부사) 위로.

우루다 (동사) (활용 : 우루고, 우루지, 우루모, 우라(←우루+아)) 1. 우리다 : 어떤 물건을 액체에 담가 맛이나 빛깔 따위의 성질이 액체 속으로 빠져나오게 하다. ¶ 멸치를 우라 가지고 국물을 맨들었다.(=멸치를 우려서 국물을 만들었다.) 2. 가진 것 혹은 들어 있는 것을 나오게 하다. ¶ 글마 가진 돈 있는 대로 다 우라 무우 뿌자.(=그놈 돈 있는 대로 다 우려먹어 버리자.)

우루루 (부사) 우르르.

우룽시이/우룽싱이 (명사) 우렁쉥이.

우리다 (동사) 울리다 : 소문이 날 만큼 명성을 내거나 부나 세력을 부리다. ¶ 우리 동네에서 부자로 우린다.

우리부리하다 (형용사) 우락부락하다.

우리이다 (동사) 뜨거운 볕이나 더운 날씨로 인한 열이 밖으로 잘 빠지지 않고 집안이나 실내에 차다.

우리하다 (형용사) 몹시 아리거나 욱신거리며 깊이 있게 아프다. ¶ 다리가 우리하다.(=다리가 욱신거리며 아프다.)

우무까시리 (명사) 우뭇가사리.

우묵 (명사) 우무 : 우뭇가사리를 끓여서 식혀 만든 끈끈한 물질.

우묵신 (명사) 짚신. 상주가 신는 짚신.

우묵장성 (명사) 잡초가 무성함.

우물딱쭈물딱 (부사) 우물쩍주물쩍. 우물쭈물.

우밤중 (명사) 오밤중. 한밤중.

우봉/우붕 (명사) 우엉.

우사시럽다 (형용사) 우세스럽다 : 비웃음을 받을 만하다.

우사하다 (동사) 우세하다 : 남에게 비웃음을 당하다.

우시개 (명사) 우스개.

우시개소리 (명사) 우스갯소리.

우아래 (명사) 위아래.

우안 (명사) 우환(憂患). ¶ 집안에 우안이 안 그친다.

우안꺼리 (명사) 우환덩어리. 우환덩이.

우암하다 (형용사) 우람하다 : 매우 크고 웅장하다.

우엣거 (명사) 가욋것.

우엣돈 (명사) 가욋돈.

우엣짓 (명사) 가욋짓.

우왕 (명사) 우황(牛黃) : 소의 쓸개 속에 병으로 생긴 덩어리. 열을 없애고 독을 푸는 작용을 하여 중풍, 열병, 경간(驚癎) 따위에 쓴다.

우왕띠이/우왕띵이 (명사) 우황(牛黃)덩어리.

우왕띵이겉이 우두다/우왕띵이겉이 여이다 (관용어) 우황(牛黃)덩어리처럼 귀하게 여기거나 싸고돌다.

우장 입고 지사를 지내든 도포입고 모를 심든 (속담) 도롱이를 입고 제사를 지내거나, 도포를 입고 진흙투성이인 논에 들어가 일을 해도 자기가 좋아서 하면 그만 아니냐는 뜻으로, 사람은 저마다 저하고 싶은 대로 하는 것이라는 말.

우짜겄내 (동사) 어찌하겠느냐.

우짜꼬 (동사) 어찌할꼬.

우짜낀데/우짤낀데 (준말) 어찌할 것인데.

우짜다/우찌하다 (동사) (활용 : 우짜것네, 우자꼬, 우짜낀데/우짤낀데, 우짜네, 우짜노, 우짜다가, 우짜든지, 우짜모/우짜몬, 우짤끼고, 우짤라꼬, 우째(←우찌해)) 어찌하다.

우짝 (명사) 위짝.

우짠지 (부사) 어쩐지.

우째 (부사) 어째.

우째서 (부사) 어째서.

우쪽 (명사) 위쪽.

우찌 (부사) 어찌. ¶ 우찌 아네.(=어떻게 아느냐.)

우채 (명사) 위채.

우큼 (명사) 움큼.

우태우태하다/우터우터하다 (형용사) 위태위태하다.

우태하다/우티하다 (형용사) 위태하다.

우터럽다 (형용사) 위태롭다.

우터우터하다 (형용사) 위태위태하다.

우텁다 (형용사) 위태하다.

우티하다 (형용사) 위태하다.

우험ㅎ다/우험하다 (형용사) 위험하다.",2021-12-10 00:00:00,164,미부착,제1유형,무,,옷자래이 ~ 우험ㅎ다/우험하다,,어문,음성,"옷자래이 (명사) 옷자락.

옷짓 (명사) 옷깃.

옹개종개 (부사) 옹기종기.

옹고발/옹구발 (명사) 발채 : 짐을 싣기 위하여 지게에 얹는 소쿠리 모양의 물건. 싸리나 대오리로 둥글넓적하게 조개 모양으로 결어서 접었다 폈다 할 수 있게 되어 있다.

옹골티다 (동사) 웅크리다 : 몹시 우그려 작게 하다.

옹구 (명사) 옹기 : 질그릇과 오지그릇을 통틀어 이르는 말.

옹구굴 (명사) 옹기 가마[窯].

옹구그륵 (명사) 옹기그릇 : 질그릇과 오지그릇을 통틀어 이르는 말.

옹구리다 (동사) 옹그리다. 웅그리다.

옹구재이/옹구쟁이 (명사) 옹기장이.

옹구전 (명사) 옹기전. 옹기가게.

옹굴지다 (형용사) 옹골지다.

옹당새미 (명사) 옹달샘.

옹숙하다 (형용사) 옹색하다.

옹촘하다 (형용사) 오그랑하다.

옹치다 (동사) 동이다 : 따로 흩어지거나 떨어지지 못하도록 한데 묶다.

와 (대명사) 왜.

와가리 (명사) 왜가리.

와닥트리다 (동사) 부닥트리다. 부딪치다.

와달비 (명사) 장대비.

와불개 (명사) 좋지 않은 사이. 상극.

와 아이라 (관용어) ‘왜 아니냐’는 뜻으로 맞장구를 칠 때 쓰는 말.

왁다지 (명사) 무말랭이.

왈개 (명사) 좋지 않은 사이. 상극.

왈기다 (동사) 윽박지르다.

왈바리 (명사) 왈가닥 : 성격이나 몸가짐이 덜렁대고 수선스러운 여자.

왕거무 (명사) 왕거미.

왕거이 (명사) 왕거니. 1. 은어로  ‘살코기’를 이르는 말. 2. 순정품.

왕기 (명사) 왕겨.

왕모새 (명사) 왕모래 : 굵은 모래.

왕붕애 (명사) 큰 붕어.

왕새비 (명사) 왕새우. 대하(大蝦).

왕수비이 (명사) 왕잠자리.

왕지 (명사) 왕겨.

요각 (명사) 요객(繞客) : 혼인 때 가족 중에서 신부를 데리고 가는 사람.

요강꽃 (명사) 개불알꽃.

요게 (준말) 1. 여기에. 2. 요것이.

요구 (명사) 요기(療飢) : 시장기를 메울 정도로 조금 먹음. ¶ 아적 요구나 하고 꿈직이나?(=아침 요기나 하고 움직이느냐?) 

요구하다 (동사) 요기하다.

요기 (준말) 요것이.

요기라사 (부사) 요것이라야. ¶ 요기라사(=요것이라야) 제대로 들어맞는다.

요기요 (준말) 요것 봐라.

요껍데기/요껍데이 (명사) 욧잇 : 요의 몸에 닿는 쪽에 시치는 흰 헝겊.

요껍디이 (명사) 욧잇.

요단에 (부사) 요 동안에.

요담에 (부사) 요 다음에.

요독 (명사) 무리하게 힘을 쓰거나 독을 피움.

요독지다 (동사) 무리하게 힘을 쓰거나 독을 피우다.

요따우 (명사) 요따위 : 요러한 부류의. 요러한 부류의 대상을 낮잡아 가리키는 말.

요때이 (명사) 요때기 : 허름하고 보잘것없는 요를 낮잡아 이르는 말.

요뚜디 (명사) 요때기.

요랑①/요롱 (명사) 워낭 : 마소의 귀에서 턱 밑으로 늘여 단 방울.

요↑랑② (명사) 요령(要領) : 1. 일을 하는 데 꼭 필요한 묘한 이치. 2. 사물의 가장 긴요한 골자나 핵심. 3. 쉽게 대강 어물거리어 넘기는 잔꾀.

요랑③ (명사) 요령(搖鈴). 솔발 : 놋쇠로 만든 종 모양의 큰 방울. 위에 쇠자루가 있고 안에 작은 쇠뭉치가 달린 것으로, 군령이나 경고 신호로 쓴다. 상여 앞에서 선소리를 할 때도 흔든다.

요랑소리/요롱소리 (명사) 워낭소리.

요↑랑없다 (형용사) 중심이 되는 생각이나 일거리를 잡지 못하다. 요령없다.

요로코롬 (부사) 요렇게.

요부락 (부사) 옴짝달싹.

요분 (명사) 요번 : 이제 막 돌아오는 차례. ¶ 요분(=요번)에는 내 차례다. / 요분 주말.

요상시럽다 (형용사) 이상스럽다.

요상하다 (형용사) 이상하다.

요수다 (동사) 야수다 : 틈이나 기회를 노리다.

요시 (명사) 요사이. 요즈음.

요시라방정/요시래방정 (명사) 진중하지 못하고 경망스러운 행동이나 말.

요시라방정을 떤다/요시래방정을 떤다 (속담) 진중하지 못하고 경망스럽게 오두방정을 떨다 : 임진왜란 때 고니시 유키나가 부대 소속 무관으로, 조선과 명(明)에서 파견한 사신들의 접대와 통역을 담당하여 경상우병사 진영에 드나들며 거짓 귀순을 하면서 첩자 활동을 벌인 왜인 요시라에서 유래됐다고 하는 설이 있음. 요시라는 1597년에는 이순신을 모함하여 하옥하게 한 인물로 알려짐.

요오 (대명사) 여기. 여기에. ¶ 요오 나라(=여기 놔라). / 요오 서 가 있거라.(=여기 서 있거라.)

요오다 (준말) 요기에다.

요전 앞에 (부사) 요전번에.

요점 (명사) 요즈음. 요즘.

요진통 (명사) 꼭 들어맞음. ¶ 이번에는 선생님 말씀의 뜻을 요진통으로 맞찼네. 

요짜 (대명사) 이쪽.

요짜리 (명사) 요때기 : ‘요’를 낮잡아 이르는 말.

욕보다 (동사) 수고하다. 몹시 고생스러운 일을 겪다.

욕을 테베이로 듣다/욕을 테베이로 묵다 (관용어) 욕을 심하게 듣거나 먹다.

욕재이 (명사) 욕쟁이.

욜랑기리다 (동사) 촐싹거리다.

욜래방구 (명사) 촐싹거리며 까부는 행위.

욜래방정 (명사) 오두방정.

욜로 (부사) 요리로.

욜마 (감탄사) 요녀석.

용개 (명사) 용두질 : 남성이 손으로 자기의 성기를 주물러서 성적 쾌감을 얻는 짓.

용누름/용모름 (명사) 용마름 : 초가의 지붕마루에 덮는 ‘人’ 자 형으로 엮은 이엉.

용매 (명사) 용모(容貌).

용부름 (명사) 용마름 : 초가의 지붕마루에 덮는 ‘人’ 자 형으로 엮은 이엉.

용시 (명사) 용수 : 싸리나 대오리로 만든 둥근 긴 통. 술이나 장을 거르는 데 쓴다. 또 죄수의 얼굴을 보지 못하도록 머리에 씌우는 둥근 통 같은 기구.

용시 안에 장구 친다 (속담) 이치에 맞지 않은 일을 하는 것을 비유적으로 이르는 말.

용심궂다 (형용사) 심술궂다.

용심재이 (명사) 용심꾸러기.

용심지기다 (동사) 용심부리다.

우 (명사) 위

우거리/우구리 (명사) 오가리. 오갈 : 무나 호박 따위의 살을 길게 오리거나 썰어서 말린 것.

우구러들다 (동사) 우그러들다.

우구러지다 (동사) 우그러지다.

우구렁하다 (형용사) 우그렁하다.

우구리다 (동사) 우그리다.

우굴기리다 (동사) 우글거리다.

우굴우굴 (부사) 우글우글.

우굼하다 (형용사) 우긋하다.

우내미/울내미 (명사) 울보 : 걸핏하면 우는 아이.

우녁/웃녁 (명사) 윗녁. 위쪽.

우더덕 (부사) 우두둑.

우두거이/우두커이 (부사) 우두커니.

우두다 (동사) (활용 : 우두고, 우두지, 우두는, 우다(←우두+아), 우다라(←우두+아라)) 감싸다. ¶ 우다 키우다.(=감싸 키우다) / 저거 좀 우다 바라.(=저것 좀 감싸 봐라.)

우두커이 (부사) 우두커니.

우때 (감탄사) 어때. 어떠해.

우때서 (부사) 어떠해서.

우떠크롬 (부사) 어떻게.

우떤 (관형사) 어떤.

우떤지 (부사) 어떤지.

우떻다 (형용사) 어떻다.

우뚯하다 (형용사) 머쓱하다.

우라내다 (동사) 우려내다.

우라묵다 (동사) 우려먹다.

우랑하다 (형용사) (말소리가) 우람차다.

우렝이/우링이 (명사) 우렁이.

우로 (부사) 위로.

우루다 (동사) (활용 : 우루고, 우루지, 우루모, 우라(←우루+아)) 1. 우리다 : 어떤 물건을 액체에 담가 맛이나 빛깔 따위의 성질이 액체 속으로 빠져나오게 하다. ¶ 멸치를 우라 가지고 국물을 맨들었다.(=멸치를 우려서 국물을 만들었다.) 2. 가진 것 혹은 들어 있는 것을 나오게 하다. ¶ 글마 가진 돈 있는 대로 다 우라 무우 뿌자.(=그놈 돈 있는 대로 다 우려먹어 버리자.)

우루루 (부사) 우르르.

우룽시이/우룽싱이 (명사) 우렁쉥이.

우리다 (동사) 울리다 : 소문이 날 만큼 명성을 내거나 부나 세력을 부리다. ¶ 우리 동네에서 부자로 우린다.

우리부리하다 (형용사) 우락부락하다.

우리이다 (동사) 뜨거운 볕이나 더운 날씨로 인한 열이 밖으로 잘 빠지지 않고 집안이나 실내에 차다.

우리하다 (형용사) 몹시 아리거나 욱신거리며 깊이 있게 아프다. ¶ 다리가 우리하다.(=다리가 욱신거리며 아프다.)

우무까시리 (명사) 우뭇가사리.

우묵 (명사) 우무 : 우뭇가사리를 끓여서 식혀 만든 끈끈한 물질.

우묵신 (명사) 짚신. 상주가 신는 짚신.

우묵장성 (명사) 잡초가 무성함.

우물딱쭈물딱 (부사) 우물쩍주물쩍. 우물쭈물.

우밤중 (명사) 오밤중. 한밤중.

우봉/우붕 (명사) 우엉.

우사시럽다 (형용사) 우세스럽다 : 비웃음을 받을 만하다.

우사하다 (동사) 우세하다 : 남에게 비웃음을 당하다.

우시개 (명사) 우스개.

우시개소리 (명사) 우스갯소리.

우아래 (명사) 위아래.

우안 (명사) 우환(憂患). ¶ 집안에 우안이 안 그친다.

우안꺼리 (명사) 우환덩어리. 우환덩이.

우암하다 (형용사) 우람하다 : 매우 크고 웅장하다.

우엣거 (명사) 가욋것.

우엣돈 (명사) 가욋돈.

우엣짓 (명사) 가욋짓.

우왕 (명사) 우황(牛黃) : 소의 쓸개 속에 병으로 생긴 덩어리. 열을 없애고 독을 푸는 작용을 하여 중풍, 열병, 경간(驚癎) 따위에 쓴다.

우왕띠이/우왕띵이 (명사) 우황(牛黃)덩어리.

우왕띵이겉이 우두다/우왕띵이겉이 여이다 (관용어) 우황(牛黃)덩어리처럼 귀하게 여기거나 싸고돌다.

우장 입고 지사를 지내든 도포입고 모를 심든 (속담) 도롱이를 입고 제사를 지내거나, 도포를 입고 진흙투성이인 논에 들어가 일을 해도 자기가 좋아서 하면 그만 아니냐는 뜻으로, 사람은 저마다 저하고 싶은 대로 하는 것이라는 말.

우짜겄내 (동사) 어찌하겠느냐.

우짜꼬 (동사) 어찌할꼬.

우짜낀데/우짤낀데 (준말) 어찌할 것인데.

우짜다/우찌하다 (동사) (활용 : 우짜것네, 우자꼬, 우짜낀데/우짤낀데, 우짜네, 우짜노, 우짜다가, 우짜든지, 우짜모/우짜몬, 우짤끼고, 우짤라꼬, 우째(←우찌해)) 어찌하다.

우짝 (명사) 위짝.

우짠지 (부사) 어쩐지.

우째 (부사) 어째.

우째서 (부사) 어째서.

우쪽 (명사) 위쪽.

우찌 (부사) 어찌. ¶ 우찌 아네.(=어떻게 아느냐.)

우채 (명사) 위채.

우큼 (명사) 움큼.

우태우태하다/우터우터하다 (형용사) 위태위태하다.

우태하다/우티하다 (형용사) 위태하다.

우터럽다 (형용사) 위태롭다.

우터우터하다 (형용사) 위태위태하다.

우텁다 (형용사) 위태하다.

우티하다 (형용사) 위태하다.

우험ㅎ다/우험하다 (형용사) 위험하다.",사투리,한국어,,2021-12-10 00:00:00,저작물양도계약서,진주시청,,,,제1유형,저작물,보호저작물,○,상업적이용가능,○,○,○,○,○,○,○,,2091-12-10 00:00:00,,
69,오디오,가이드/안내/정보,진주시청,진주시청,HOME > 진주소개 > 기본현황 > 진주 사투리 사전 > ㅇ,욱대다 ~ -이①,"욱대다 (동사) 욱대기다 : 난폭하게 윽박질러 위협하다.

욱박다 (동사) 윽박다.

욱박지리다 (동사) 윽박지르다.

운제 (대명사) 언제.

운짐 (명사) 운김 : 여러 사람이 함께 일할 때 우러나는 힘.

운짐애 (부사) 운김에.

울가묵다 (동사) 우려먹다.

울내미 (명사) 울보 : 걸핏하면 우는 아이.

울따리 (명사) 울타리.

울러메다 (동사) 둘러메다.

울로 (부사) 위로.

울림짱 (명사) 으름장.

울밑논 (명사) 집 가까이에 있는 기름진 논.

울아부지 (명사) ’우리 아버지’의 (준말). (참고) 울아부지/울아배, 울엄마/울어매.

울어매 (명사) ’우리 어머니’의 (준말).

울애 (명사) 울화(鬱火) : 마음속이 답답하여 일어나는 화. ¶ 울애가 터지다.(=울화가 끓어오르다.)

울애병 (명사) 울화병.

울애통 (명사) 울화통 : 몹시 쌓이고 쌓인 마음속의 화를 속되게 이르는 말.

울짱 (명사) 울타리.

움벙 (명사) 웅덩이.

움보 (명사) 울보.

움서 (부사) 울면서.

웃골 (명사) 윗동네. 윗말.

웃녁 (명사) 윗녁. 위쪽.

웃니 (명사) 윗니 : 윗잇몸에 난 이.

웃담 (명사) 윗동네.

웃대 (명사) 윗대 : 조상(祖上)의 대.

웃도리/웃두리 (명사) 윗도리 : 허리의 윗부분. 윗옷.

웃돌 (명사) 윗돌.

웃동 (명사) 윗도리 : 허리의 윗부분. 윗옷.

웃동네 (명사) 윗동네.

웃동벗다 (동사) 윗도리를 벗다.

웃도리 (명사) 윗도리.

웃마을 (명사) 윗마을.

웃목 (명사) 윗목.

웃몰 (명사) 윗동네.

웃물 (명사) 윗물.

웃방 (명사) 윗방.

웃배 (명사) 윗배 : 가슴 아래 배꼽 위에 있는 배.

웃비 들다 (관용어) 웃비가 걷다 : 내리던 비가 그치며 잠시 날이 들다.

웃사람 (명사) 윗사람.

웃심 (명사) 윗심.

웃옷 (명사) 혼숫감.

웃입수리/웃입수부리 (명사) 윗입술.

웃자리 (명사) 윗자리.

웃저구리 (명사) 겉저고리.

웃집 (명사) 윗집.

웃초래이/웃초랭이 (명사) 위초리 : 1. 물건의 위쪽에 있는 뾰족한 끝부분. 2. 나뭇가지의 맨 끝에 있는 부분.

웃초리 (명사) 위초리.

웅게중게 (부사) 웅기중기 : 키가 크고 작은 사람들이 여럿이 모여 있거나 일어서는 모양.

웅굴 (명사) 암거(暗渠). 속도랑.

웅디/웅디이 (명사) 웅덩이.

웅치다 (동사) 욱대기다 : 1. 난폭하게 윽박질러 위협하다. 2. 억지를 부려 우겨서 제 마음대로 해내다.

웅치잡다 (동사) 움켜잡다.

웅큼 (명사) 움큼.

웅키지다 (동사) 움켜쥐다.

워리 (감탄사) 개를 부르는 소리.

워어 (감탄사) 소나 말을 부릴 때 멈추라고 내는 소리.

워이미 (감탄사) 송아지를 부를 때 내는 소리.

원대가리 (명사) 우두머리.

원둥치 (명사) 원줄기.

원시/원싱이 (명사) 원숭이.

웨치다 (동사) 외치다.

웬수 (명사) 원수 : 원한이 맺힐 정도로 자기에게 해를 끼친 사람이나 집단.

유개 (명사) 유과. 과줄 : 밀가루나 쌀가루 반죽을 적당한 모양으로 빚어 바싹 말린 후에 기름에 튀기어 꿀이나 조청을 바르고 튀밥, 깨 따위를 입힌 과자.

유달시럽다 (형용사) 유별스럽다.

유달시리 (부사) 유다르게. 유별스레.

육게기/육게이 (명사) 육고기.

육모초 (명사) 익모초 : 꿀풀과의 두해살이풀. 열매는 약재로 쓰인다.

육미 (명사) 육고기로 만든 음식. ¶ 감기 들 때는 육미를 묵지 마라.

윤디 (명사) 인두 : 바느질할 때 불에 달구어 천의 구김살을 눌러 펴거나 솔기를 꺾어 누르는 데 쓰는 기구. 쇠로 만들며 바닥이 반반하고 긴 손잡이가 달려 있다.

윤디질 (명사) 인두질.

율미 (명사) 율무 : 볏과의 한해살이풀.

율미쌀 (명사) 율무쌀 : 율무 열매의 껍질을 벗긴 알.

율미차 (명사) 율무차 : 율무의 열매를 말려 가루로 만든 후 끓인 물에 타서 마시는 차.

으 (조사) 의.

-으모 (어미) -으면.

으뭉 (명사) 의뭉 : 겉으로 어리숙하게 보이지만 속으로는 엉뚱한 욕심을 품고 분수에 넘치는 일을 하고자 하는 경향이 있음.

으뭉시럽다 (형용사) 의뭉스럽다 : 어수룩한 듯 보이지만 속으로 엉큼한 데가 있다.

-(으)소 (어미) -어요. ¶ 내앨 우리 집에 오소.(=내일 우리 집에 와요.) / 가소, 입으소, 앉으소.

으시대다 (동사) 으스대다.

으시시하다 (형용사) 으스스하다.

으실으실 (부사) 으슬으슬.

-(으)이께(네) (어미) -(으)니까.

-(으)이소 (어미) -(으)세요. ¶ 가이소, 오이소, 노이소, 잡으이소, 앉으이소, 잡수이소. / 이 손 꼭 잡으이소.

은간하다 (형용사) 어지간하다.

은냐 (감탄사) 오냐.

은냐은냐 (감탄사) 오냐오냐 : 어린아이의 어리광이나 투정을 받아 줄 때 하는 말.

은새 (명사) 애교. 아양.

음새다 (동사) 없애다.

-음서로/-음시로 (어미) -으면서. ¶ 공부함시로 자불모 데나.(=공부하면서 졸면 되느냐?)  

음석 (명사) 음식(飮食).

음숭하다 (형용사) 음흉하다.

-읍시더 (어미) -읍시다.

응↑가 (명사) 언니. 형.

응가 나가다 (연어) 엉구어 나가다.

응가이 (부사) 어지간히. 웬만히.

응개나무응개나무 (명사) 엄나무. 음나무 : 두릅나뭇과의 낙엽교목. 나무껍질은 한약재로 쓴다.

응개다 (동사) 으깨다. 응깨다.

응구다 (동사) 엉구다 : 여러 가지를 모아 일이 되게 하다.

응때다 (동사) 문지르다.

응아 (감탄사) 응가 : 1. 어린아이의 말로, 똥이나 똥을 누는 일을 이르는 말. 2. 어린아이에게 똥을 누라는 뜻으로 내는 소리.

-이① 접미 -게. 부사형성접미사. ¶ 노랗이(=노랗게), 말갛이(=말갛게), 멀겋이(멀겋게), 뻘겋이(=뻘겋게), 하얗이(=하얗게). ¶ 푸른장데이가 퍼러이 앉았구나.(=멍이 퍼렇게 들었구나.)",2021-12-10 00:00:00,103,미부착,제1유형,무,,욱대다 ~ -이①,,어문,음성,"욱대다 (동사) 욱대기다 : 난폭하게 윽박질러 위협하다.

욱박다 (동사) 윽박다.

욱박지리다 (동사) 윽박지르다.

운제 (대명사) 언제.

운짐 (명사) 운김 : 여러 사람이 함께 일할 때 우러나는 힘.

운짐애 (부사) 운김에.

울가묵다 (동사) 우려먹다.

울내미 (명사) 울보 : 걸핏하면 우는 아이.

울따리 (명사) 울타리.

울러메다 (동사) 둘러메다.

울로 (부사) 위로.

울림짱 (명사) 으름장.

울밑논 (명사) 집 가까이에 있는 기름진 논.

울아부지 (명사) ’우리 아버지’의 (준말). (참고) 울아부지/울아배, 울엄마/울어매.

울어매 (명사) ’우리 어머니’의 (준말).

울애 (명사) 울화(鬱火) : 마음속이 답답하여 일어나는 화. ¶ 울애가 터지다.(=울화가 끓어오르다.)

울애병 (명사) 울화병.

울애통 (명사) 울화통 : 몹시 쌓이고 쌓인 마음속의 화를 속되게 이르는 말.

울짱 (명사) 울타리.

움벙 (명사) 웅덩이.

움보 (명사) 울보.

움서 (부사) 울면서.

웃골 (명사) 윗동네. 윗말.

웃녁 (명사) 윗녁. 위쪽.

웃니 (명사) 윗니 : 윗잇몸에 난 이.

웃담 (명사) 윗동네.

웃대 (명사) 윗대 : 조상(祖上)의 대.

웃도리/웃두리 (명사) 윗도리 : 허리의 윗부분. 윗옷.

웃돌 (명사) 윗돌.

웃동 (명사) 윗도리 : 허리의 윗부분. 윗옷.

웃동네 (명사) 윗동네.

웃동벗다 (동사) 윗도리를 벗다.

웃도리 (명사) 윗도리.

웃마을 (명사) 윗마을.

웃목 (명사) 윗목.

웃몰 (명사) 윗동네.

웃물 (명사) 윗물.

웃방 (명사) 윗방.

웃배 (명사) 윗배 : 가슴 아래 배꼽 위에 있는 배.

웃비 들다 (관용어) 웃비가 걷다 : 내리던 비가 그치며 잠시 날이 들다.

웃사람 (명사) 윗사람.

웃심 (명사) 윗심.

웃옷 (명사) 혼숫감.

웃입수리/웃입수부리 (명사) 윗입술.

웃자리 (명사) 윗자리.

웃저구리 (명사) 겉저고리.

웃집 (명사) 윗집.

웃초래이/웃초랭이 (명사) 위초리 : 1. 물건의 위쪽에 있는 뾰족한 끝부분. 2. 나뭇가지의 맨 끝에 있는 부분.

웃초리 (명사) 위초리.

웅게중게 (부사) 웅기중기 : 키가 크고 작은 사람들이 여럿이 모여 있거나 일어서는 모양.

웅굴 (명사) 암거(暗渠). 속도랑.

웅디/웅디이 (명사) 웅덩이.

웅치다 (동사) 욱대기다 : 1. 난폭하게 윽박질러 위협하다. 2. 억지를 부려 우겨서 제 마음대로 해내다.

웅치잡다 (동사) 움켜잡다.

웅큼 (명사) 움큼.

웅키지다 (동사) 움켜쥐다.

워리 (감탄사) 개를 부르는 소리.

워어 (감탄사) 소나 말을 부릴 때 멈추라고 내는 소리.

워이미 (감탄사) 송아지를 부를 때 내는 소리.

원대가리 (명사) 우두머리.

원둥치 (명사) 원줄기.

원시/원싱이 (명사) 원숭이.

웨치다 (동사) 외치다.

웬수 (명사) 원수 : 원한이 맺힐 정도로 자기에게 해를 끼친 사람이나 집단.

유개 (명사) 유과. 과줄 : 밀가루나 쌀가루 반죽을 적당한 모양으로 빚어 바싹 말린 후에 기름에 튀기어 꿀이나 조청을 바르고 튀밥, 깨 따위를 입힌 과자.

유달시럽다 (형용사) 유별스럽다.

유달시리 (부사) 유다르게. 유별스레.

육게기/육게이 (명사) 육고기.

육모초 (명사) 익모초 : 꿀풀과의 두해살이풀. 열매는 약재로 쓰인다.

육미 (명사) 육고기로 만든 음식. ¶ 감기 들 때는 육미를 묵지 마라.

윤디 (명사) 인두 : 바느질할 때 불에 달구어 천의 구김살을 눌러 펴거나 솔기를 꺾어 누르는 데 쓰는 기구. 쇠로 만들며 바닥이 반반하고 긴 손잡이가 달려 있다.

윤디질 (명사) 인두질.

율미 (명사) 율무 : 볏과의 한해살이풀.

율미쌀 (명사) 율무쌀 : 율무 열매의 껍질을 벗긴 알.

율미차 (명사) 율무차 : 율무의 열매를 말려 가루로 만든 후 끓인 물에 타서 마시는 차.

으 (조사) 의.

-으모 (어미) -으면.

으뭉 (명사) 의뭉 : 겉으로 어리숙하게 보이지만 속으로는 엉뚱한 욕심을 품고 분수에 넘치는 일을 하고자 하는 경향이 있음.

으뭉시럽다 (형용사) 의뭉스럽다 : 어수룩한 듯 보이지만 속으로 엉큼한 데가 있다.

-(으)소 (어미) -어요. ¶ 내앨 우리 집에 오소.(=내일 우리 집에 와요.) / 가소, 입으소, 앉으소.

으시대다 (동사) 으스대다.

으시시하다 (형용사) 으스스하다.

으실으실 (부사) 으슬으슬.

-(으)이께(네) (어미) -(으)니까.

-(으)이소 (어미) -(으)세요. ¶ 가이소, 오이소, 노이소, 잡으이소, 앉으이소, 잡수이소. / 이 손 꼭 잡으이소.

은간하다 (형용사) 어지간하다.

은냐 (감탄사) 오냐.

은냐은냐 (감탄사) 오냐오냐 : 어린아이의 어리광이나 투정을 받아 줄 때 하는 말.

은새 (명사) 애교. 아양.

음새다 (동사) 없애다.

-음서로/-음시로 (어미) -으면서. ¶ 공부함시로 자불모 데나.(=공부하면서 졸면 되느냐?)  

음석 (명사) 음식(飮食).

음숭하다 (형용사) 음흉하다.

-읍시더 (어미) -읍시다.

응↑가 (명사) 언니. 형.

응가 나가다 (연어) 엉구어 나가다.

응가이 (부사) 어지간히. 웬만히.

응개나무응개나무 (명사) 엄나무. 음나무 : 두릅나뭇과의 낙엽교목. 나무껍질은 한약재로 쓴다.

응개다 (동사) 으깨다. 응깨다.

응구다 (동사) 엉구다 : 여러 가지를 모아 일이 되게 하다.

응때다 (동사) 문지르다.

응아 (감탄사) 응가 : 1. 어린아이의 말로, 똥이나 똥을 누는 일을 이르는 말. 2. 어린아이에게 똥을 누라는 뜻으로 내는 소리.

-이① 접미 -게. 부사형성접미사. ¶ 노랗이(=노랗게), 말갛이(=말갛게), 멀겋이(멀겋게), 뻘겋이(=뻘겋게), 하얗이(=하얗게). ¶ 푸른장데이가 퍼러이 앉았구나.(=멍이 퍼렇게 들었구나.)",사투리,한국어,,2021-12-10 00:00:00,저작물양도계약서,진주시청,,,,제1유형,저작물,보호저작물,○,상업적이용가능,○,○,○,○,○,○,○,,2091-12-10 00:00:00,,
70,오디오,가이드/안내/정보,진주시청,진주시청,HOME > 진주소개 > 기본현황 > 진주 사투리 사전 > ㅇ,-이② ~ 인자사,"-이② 접미 용언의 종결 (어미) 뒤에 붙어 확인·다짐의 뜻을 더하는 접미사. ¶ 간대이, 머 그럴까이, 잘 있거래이, 춥대이, 운대이, 모리까이. 

이개 (명사) 의가(衣架) : 옷걸이, 옷걸이장, 옷장(衣欌)을 통틀어 이르는 말. ¶ 딸 혼사에 이개(=의가)는 다 준비했나?

이개다 (동사) 뭉개다. 짓이기다.

이기 (대명사) 이것이. 이게. ¶ 이기 니 끼가(=이게 네 것이냐?)

이기나따나 (부사) 이것이나마.

이기다 (동사) 여기다 : 마음속으로 그러하다고 인정하거나 생각하다.

이깔이다 (동사) 일컫다.

이깝/잇갑 (명사) 미끼.

이깨 (명사) 이끼.

이끔도 안 들어간다 (속담) 단단하여 잇금이 생기지 않는다는 뜻으로, 틈새가 보이지 않는 일이나 사람을 비유적으로 이르는 말.

이나따나 (조사) 이나마. ¶ 몸이나따나 건강해야 할 낀데.(=몸이나마 건강해야 할 텐데.)

이녀러 거 (연어) 이년의 것. 남의 물건 또는 남을 낮추어 부르는 말.

이녀러 자석 (연어) 이년의 자식. 남의 자식을 낮추어 부르는 말.

이더럼/이드럼 (명사) 여드름.

이도 저도 (연어) 이것도 저것도. 이러지도 저러지도.

이따 (준말) 이곳에다. ¶ 이따 나라.(=이곳에다 놔라.)

이딴가다 (부사) 이따금.

이때꺼정 (부사) 여태껏. 이태껏. 

이때기 (부사) 여태껏. 이태껏.

-이라 (어미) –너라. ¶ 이리 오이라.

이라 (감탄사) 이랴 : 소나 말을 몰 때 내는 소리.

이라이께네 (부사) 이러니까.

이란들 (준말) 이런들, 이렇게 한들. ¶ 이란들 우떠리 저란들 우떠리.(=이런들 어떠리 저런들 어떠리.)  

이래갖고 (준말) 1. 이래 가지고. 2. 이렇게 해 가지고.

이랬시모/이랬시몬 (준말) 이렇게 했으면.

이러커럼/이리 (부사) 이렇게.

이런께네 (부사) 이러니까. 이러하니까.

이럼서 (부사) 이러면서.

이렇기 (부사) 이렇게.

이름을 짛다 (관용어) 금을 놓다. 값을 정하다.

이리다① (동사) 읽다.

이리다② (동사) 일러바치다.

이리 쿰서 (연어) 이렇게 말하면서.

이마빼이 (명사) 이마빼기.

이망 (명사) 이마.

이망빼이/이망뺑이 (명사) 이마빼기.

이모금 (명사) 잇몸.

이무롭다 (형용사) 임의(任意)롭다.

이문가문 (부사) 의식이 없는 상태.

이물 (명사) 얼굴. 인물(人物).

이물없다 (형용사) 허물없다.

이물이 좋다 (관용어) 얼굴이 반반하다.

이바구/이바우 (명사) 이야기.

이바라 (감탄사) 여봐라. 

이박 (명사) 이야기.

이발독 (명사) 기계총 : ‘두부백선’을 일상적으로 이르는 말.

이붓애비 (명사) 의붓아비.

이붓에미 (명사) 의붓(어미).

이분기리다 (동사) 지분거리다.

이분에 (부사) 이번에.

이빠디 (명사) ‘치열(齒列)’을 속되게 이르는 말.

이빼끼다/이빼이다 (준말) 이것밖에 없다. 이것뿐이다.

이뿌끼다/이뿌이다 (준말) 이것밖에 없다. 이것뿐이다.

이뿌다 (형용사) 이쁘다.

이사 (명사) 의사(醫師).

이↑사 (명사) 우세 : 남에게 비웃음을 당함.

(이)사 (조사) 이야. ¶ 이런 일이사 문제 없다.(=이런 일이야 문제 없다.) / 밤새우는 것쯤이사.(=밤새우는 것쯤이야.)

이사:라 (동사) ‘잇다’의 명령형.

이사:붙이다 (동사) 이어붙이다.

이↑사시럽다 (형용사) 남우세스럽다.

이↑사하다 (동사) 남우세하다 : 남에게 비웃음을 당하다.

이새 (명사) 시집가기 전에 배우는 바느질 따위의 제반사.

이수:다 (동사) 잇다.

이스러지다 (동사) 으스러지다.

이슴/잇음 (명사) 웃음.

이습다 (형용사) 우습다.

이시개 (명사) 우스개.

이실 (명사) 이슬.

이실비 (명사) 이슬비.

이싱개 (명사) 이음매. 이음새.

이약 (명사) 이야기.

이약재이/이약쟁이 (명사) 이야기쟁이.

이양 (명사) 이왕(已往) : 지금보다 이전.

이양지 (명사) 이왕(已往).

이우지/이웆 (명사) 이웃.

이↑이다 (동사) 이기다 : 내기나 시합, 싸움 따위에서 재주나 힘을 겨루어 상대를 꺾다.

이↑이 쌓다 (연어) 웃어 쌓다, 웃어 대다. ¶ 무다이 이이 쌓네.(=까닭없이 웃어 쌓네.)

이이하다 (형용사) 알 듯 모를 듯하다.

이일나다 (동사) 일어나다.

이장 (명사) 연장. 농기구.

이저끼 (부사) 이제껏. 여태껏.

이적지 (부사) 여태.

이정 (명사) 이질(痢疾).

이정배 (명사) 이질 배앓이.

이제사 (부사) 이제야.

이지다 (동사) 얼굴이 피다.

이짜/이쭈 (대명사) 이쪽.

이차판 (명사) 이번. 이참.

이차판에 (부사) 이처지에. 이참에.

이편찮다 (형용사) 마음이 편하지 않다.

이핀 (대명사) 이녁 : 듣는 이를 조금 낮추어 이르는 이인칭 대명사.

이핀네 (명사) 여편네.

익수다니 (명사) 어떤 일에 익숙한 사람. 노련가.

익후다 (동사) 익게 하다. 익히다.

인 (명사) 회충(蛔蟲). ¶ 인배가 아파서 인약을 사 무웄다.(=회충으로 배가 아파서 회충약을 사 먹었다.)

인가이/인간이 (부사) 어지간히. 엔간히.

인간하다 (형용사) 어지간하다 : 정도나 형편이 기준에 크게 벗어나지 아니한 상태에 있다. ¶ 인간해야 성을 안 내지.(=어지간해야 화를 안 내지.) 

인 도 (준말) 이리 줘.

인 도라 (준말) 이리 다오.

인 디 (준말) 이런 데. ¶ 인 디서 자고 있네?(=이런 데서 자고 있느냐?)

인방 (부사) 금방.

인배 (명사) 회충 배앓이.

인자 (부사) 이제 

인자사 (부사) 이제야.",2021-12-10 00:00:00,104,미부착,제1유형,무,,-이② ~ 인자사,,어문,음성,"-이② 접미 용언의 종결 (어미) 뒤에 붙어 확인·다짐의 뜻을 더하는 접미사. ¶ 간대이, 머 그럴까이, 잘 있거래이, 춥대이, 운대이, 모리까이. 

이개 (명사) 의가(衣架) : 옷걸이, 옷걸이장, 옷장(衣欌)을 통틀어 이르는 말. ¶ 딸 혼사에 이개(=의가)는 다 준비했나?

이개다 (동사) 뭉개다. 짓이기다.

이기 (대명사) 이것이. 이게. ¶ 이기 니 끼가(=이게 네 것이냐?)

이기나따나 (부사) 이것이나마.

이기다 (동사) 여기다 : 마음속으로 그러하다고 인정하거나 생각하다.

이깔이다 (동사) 일컫다.

이깝/잇갑 (명사) 미끼.

이깨 (명사) 이끼.

이끔도 안 들어간다 (속담) 단단하여 잇금이 생기지 않는다는 뜻으로, 틈새가 보이지 않는 일이나 사람을 비유적으로 이르는 말.

이나따나 (조사) 이나마. ¶ 몸이나따나 건강해야 할 낀데.(=몸이나마 건강해야 할 텐데.)

이녀러 거 (연어) 이년의 것. 남의 물건 또는 남을 낮추어 부르는 말.

이녀러 자석 (연어) 이년의 자식. 남의 자식을 낮추어 부르는 말.

이더럼/이드럼 (명사) 여드름.

이도 저도 (연어) 이것도 저것도. 이러지도 저러지도.

이따 (준말) 이곳에다. ¶ 이따 나라.(=이곳에다 놔라.)

이딴가다 (부사) 이따금.

이때꺼정 (부사) 여태껏. 이태껏. 

이때기 (부사) 여태껏. 이태껏.

-이라 (어미) –너라. ¶ 이리 오이라.

이라 (감탄사) 이랴 : 소나 말을 몰 때 내는 소리.

이라이께네 (부사) 이러니까.

이란들 (준말) 이런들, 이렇게 한들. ¶ 이란들 우떠리 저란들 우떠리.(=이런들 어떠리 저런들 어떠리.)  

이래갖고 (준말) 1. 이래 가지고. 2. 이렇게 해 가지고.

이랬시모/이랬시몬 (준말) 이렇게 했으면.

이러커럼/이리 (부사) 이렇게.

이런께네 (부사) 이러니까. 이러하니까.

이럼서 (부사) 이러면서.

이렇기 (부사) 이렇게.

이름을 짛다 (관용어) 금을 놓다. 값을 정하다.

이리다① (동사) 읽다.

이리다② (동사) 일러바치다.

이리 쿰서 (연어) 이렇게 말하면서.

이마빼이 (명사) 이마빼기.

이망 (명사) 이마.

이망빼이/이망뺑이 (명사) 이마빼기.

이모금 (명사) 잇몸.

이무롭다 (형용사) 임의(任意)롭다.

이문가문 (부사) 의식이 없는 상태.

이물 (명사) 얼굴. 인물(人物).

이물없다 (형용사) 허물없다.

이물이 좋다 (관용어) 얼굴이 반반하다.

이바구/이바우 (명사) 이야기.

이바라 (감탄사) 여봐라. 

이박 (명사) 이야기.

이발독 (명사) 기계총 : ‘두부백선’을 일상적으로 이르는 말.

이붓애비 (명사) 의붓아비.

이붓에미 (명사) 의붓(어미).

이분기리다 (동사) 지분거리다.

이분에 (부사) 이번에.

이빠디 (명사) ‘치열(齒列)’을 속되게 이르는 말.

이빼끼다/이빼이다 (준말) 이것밖에 없다. 이것뿐이다.

이뿌끼다/이뿌이다 (준말) 이것밖에 없다. 이것뿐이다.

이뿌다 (형용사) 이쁘다.

이사 (명사) 의사(醫師).

이↑사 (명사) 우세 : 남에게 비웃음을 당함.

(이)사 (조사) 이야. ¶ 이런 일이사 문제 없다.(=이런 일이야 문제 없다.) / 밤새우는 것쯤이사.(=밤새우는 것쯤이야.)

이사:라 (동사) ‘잇다’의 명령형.

이사:붙이다 (동사) 이어붙이다.

이↑사시럽다 (형용사) 남우세스럽다.

이↑사하다 (동사) 남우세하다 : 남에게 비웃음을 당하다.

이새 (명사) 시집가기 전에 배우는 바느질 따위의 제반사.

이수:다 (동사) 잇다.

이스러지다 (동사) 으스러지다.

이슴/잇음 (명사) 웃음.

이습다 (형용사) 우습다.

이시개 (명사) 우스개.

이실 (명사) 이슬.

이실비 (명사) 이슬비.

이싱개 (명사) 이음매. 이음새.

이약 (명사) 이야기.

이약재이/이약쟁이 (명사) 이야기쟁이.

이양 (명사) 이왕(已往) : 지금보다 이전.

이양지 (명사) 이왕(已往).

이우지/이웆 (명사) 이웃.

이↑이다 (동사) 이기다 : 내기나 시합, 싸움 따위에서 재주나 힘을 겨루어 상대를 꺾다.

이↑이 쌓다 (연어) 웃어 쌓다, 웃어 대다. ¶ 무다이 이이 쌓네.(=까닭없이 웃어 쌓네.)

이이하다 (형용사) 알 듯 모를 듯하다.

이일나다 (동사) 일어나다.

이장 (명사) 연장. 농기구.

이저끼 (부사) 이제껏. 여태껏.

이적지 (부사) 여태.

이정 (명사) 이질(痢疾).

이정배 (명사) 이질 배앓이.

이제사 (부사) 이제야.

이지다 (동사) 얼굴이 피다.

이짜/이쭈 (대명사) 이쪽.

이차판 (명사) 이번. 이참.

이차판에 (부사) 이처지에. 이참에.

이편찮다 (형용사) 마음이 편하지 않다.

이핀 (대명사) 이녁 : 듣는 이를 조금 낮추어 이르는 이인칭 대명사.

이핀네 (명사) 여편네.

익수다니 (명사) 어떤 일에 익숙한 사람. 노련가.

익후다 (동사) 익게 하다. 익히다.

인 (명사) 회충(蛔蟲). ¶ 인배가 아파서 인약을 사 무웄다.(=회충으로 배가 아파서 회충약을 사 먹었다.)

인가이/인간이 (부사) 어지간히. 엔간히.

인간하다 (형용사) 어지간하다 : 정도나 형편이 기준에 크게 벗어나지 아니한 상태에 있다. ¶ 인간해야 성을 안 내지.(=어지간해야 화를 안 내지.) 

인 도 (준말) 이리 줘.

인 도라 (준말) 이리 다오.

인 디 (준말) 이런 데. ¶ 인 디서 자고 있네?(=이런 데서 자고 있느냐?)

인방 (부사) 금방.

인배 (명사) 회충 배앓이.

인자 (부사) 이제 

인자사 (부사) 이제야.",사투리,한국어,,2021-12-10 00:00:00,저작물양도계약서,진주시청,,,,제1유형,저작물,보호저작물,○,상업적이용가능,○,○,○,○,○,○,○,,2091-12-10 00:00:00,,
71,오디오,가이드/안내/정보,진주시청,진주시청,HOME > 진주소개 > 기본현황 > 진주 사투리 사전 > ㅇ,인 조 ~ 잎사구/잎삭,"인 조 (준말) 이리 줘.

인 조라 (준말) 이리 다오.

인지 (부사) 이제.

인척기 (명사) 인기척.

인편찮다 (형용사) 대하기가 편치 않다.

일고 (수사)(관형사) 일곱.

일깐 (부사) 일껏 : 모처럼 애써서.

일나다 (동사) 일어나다.

일들다 (동사) (철이) 일찍 들다.

-일라컨 (어미) -일랑. ¶ 술일라컨 입에 대지도 마라.

일러보다 (동사) (글을) 읽어보다.

일러주다 (동사) 일러바치다. 고자질하다.

일로 (부사) 이리로.

일리다 (동사) (글을) 읽히다.

일마 (대명사) 인마 : ‘이 놈아’, ‘이 사람’을 낮추어 이르는 말.

일바시다/일바치다 (동사) 일으키다.

일바시우다/일바티리다 (동사) 일으켜 세우다.

일부로 (부사) 일부러.

일애시다 (동사) 일으켜 세우다.

일찌거이/일치거이 (부사) 일찌감치.

일척 (부사) 일찍.

일척다 (형용사) (시간이)이르다.

일칙이 (부사) 일찍이.

일커나/일키나 (부사) 이렇게나.

일 쿠다 (준말) 이렇게 (말)하다.

일키 (부사) 이렇게.

임방 (명사) 금방.

임석 (명사) 음식.

임우로 (부사) 임의로. ¶ 내가 임우로(=임의로) 할 수 있나?

입다심 (명사) 입매 : 음식을 간단하게 조금만 먹어 시장기를 면하는 일.

입삐뚜루미 (명사) 입비뚤이.

입사구 (명사) 잎사귀.

입서리/입소리/입수리 (명사) 입술.

입을 짓다 (관용어) 입이 부르트다. 

입주데이/입주디 (명사) 주둥아리.

입주진버리 (명사) 주전부리.

입질 (명사) 입길 : 이러쿵 저러쿵 남의 흉을 보는 입의 놀림.

입치리 (명사) 입치레 : 끼니를 때우는 일. ¶ 지꼬랑테이 만한 얼급으로 입치리나 하모 다행이다.

잇구다 (동사) 잇다.

잇구 접다 (연어) 웃고 싶다.

잇기다 (동사) 웃기다.

잇다 (동사) (활용 : 잇는, 잇지, 이이(=웃어), 잇이모(=웃으면)) 웃다. ¶ 잇는 소리가 너무 크네. / 무다이 이이 쌓네.(=까닭없이 웃어 쌓네.)

잇우다 (동사) 잇다. 

잉애 (명사) 잉아 : 베틀의 날실을 한 칸씩 걸러서 끌어올리도록 맨 굵은 실. 잉앗실.

잉애실 (명사) 잉앗실.

잉앳대 (명사) 잉앗대 : 베틀에서, 위로는 눈썹줄에 대고 아래로는 잉아를 걸어 놓은 나무.

잊이묵다 (연어) 1. 잃어버리다. 2. 잊어버리다.

잊이삐다 (연어) 1. 잊어버리다. ¶ 오올 약속 있는 거로 잊이삤다.(=오늘 약속 있는 것을 잊어버렸다.) 2. 잃어버리다. ¶ 그 비싼 옷을 잊이삐 가 우짤 끼고?(=그 비싼 옷을 잃어버려서 어떻게 할 거냐?)

잊임 (명사) 건망(健忘). 건망성(健忘性).

잊임이 헗다 (관용어) 건망(健忘)이 심하다.

잎사구/잎삭 (명사) 잎사귀.",2021-12-10 00:00:00,51,미부착,제1유형,무,,인 조 ~ 잎사구/잎삭,,어문,음성,"인 조 (준말) 이리 줘.

인 조라 (준말) 이리 다오.

인지 (부사) 이제.

인척기 (명사) 인기척.

인편찮다 (형용사) 대하기가 편치 않다.

일고 (수사)(관형사) 일곱.

일깐 (부사) 일껏 : 모처럼 애써서.

일나다 (동사) 일어나다.

일들다 (동사) (철이) 일찍 들다.

-일라컨 (어미) -일랑. ¶ 술일라컨 입에 대지도 마라.

일러보다 (동사) (글을) 읽어보다.

일러주다 (동사) 일러바치다. 고자질하다.

일로 (부사) 이리로.

일리다 (동사) (글을) 읽히다.

일마 (대명사) 인마 : ‘이 놈아’, ‘이 사람’을 낮추어 이르는 말.

일바시다/일바치다 (동사) 일으키다.

일바시우다/일바티리다 (동사) 일으켜 세우다.

일부로 (부사) 일부러.

일애시다 (동사) 일으켜 세우다.

일찌거이/일치거이 (부사) 일찌감치.

일척 (부사) 일찍.

일척다 (형용사) (시간이)이르다.

일칙이 (부사) 일찍이.

일커나/일키나 (부사) 이렇게나.

일 쿠다 (준말) 이렇게 (말)하다.

일키 (부사) 이렇게.

임방 (명사) 금방.

임석 (명사) 음식.

임우로 (부사) 임의로. ¶ 내가 임우로(=임의로) 할 수 있나?

입다심 (명사) 입매 : 음식을 간단하게 조금만 먹어 시장기를 면하는 일.

입삐뚜루미 (명사) 입비뚤이.

입사구 (명사) 잎사귀.

입서리/입소리/입수리 (명사) 입술.

입을 짓다 (관용어) 입이 부르트다. 

입주데이/입주디 (명사) 주둥아리.

입주진버리 (명사) 주전부리.

입질 (명사) 입길 : 이러쿵 저러쿵 남의 흉을 보는 입의 놀림.

입치리 (명사) 입치레 : 끼니를 때우는 일. ¶ 지꼬랑테이 만한 얼급으로 입치리나 하모 다행이다.

잇구다 (동사) 잇다.

잇구 접다 (연어) 웃고 싶다.

잇기다 (동사) 웃기다.

잇다 (동사) (활용 : 잇는, 잇지, 이이(=웃어), 잇이모(=웃으면)) 웃다. ¶ 잇는 소리가 너무 크네. / 무다이 이이 쌓네.(=까닭없이 웃어 쌓네.)

잇우다 (동사) 잇다. 

잉애 (명사) 잉아 : 베틀의 날실을 한 칸씩 걸러서 끌어올리도록 맨 굵은 실. 잉앗실.

잉애실 (명사) 잉앗실.

잉앳대 (명사) 잉앗대 : 베틀에서, 위로는 눈썹줄에 대고 아래로는 잉아를 걸어 놓은 나무.

잊이묵다 (연어) 1. 잃어버리다. 2. 잊어버리다.

잊이삐다 (연어) 1. 잊어버리다. ¶ 오올 약속 있는 거로 잊이삤다.(=오늘 약속 있는 것을 잊어버렸다.) 2. 잃어버리다. ¶ 그 비싼 옷을 잊이삐 가 우짤 끼고?(=그 비싼 옷을 잃어버려서 어떻게 할 거냐?)

잊임 (명사) 건망(健忘). 건망성(健忘性).

잊임이 헗다 (관용어) 건망(健忘)이 심하다.

잎사구/잎삭 (명사) 잎사귀.",사투리,한국어,,2021-12-10 00:00:00,저작물양도계약서,진주시청,,,,제1유형,저작물,보호저작물,○,상업적이용가능,○,○,○,○,○,○,○,,2091-12-10 00:00:00,,
72,오디오,가이드/안내/정보,진주시청,진주시청,HOME > 진주소개 > 기본현황 > 진주 사투리 사전 > ㅈ,자 ~ 잘밤[-빰],"진주 사투리 사전 지읒

자 (명사) 자치기의 작은 막대. 양 끝을 서로 반대 방향으로 비스듬하게 깎아 긴 막대기로 치면 튀어오르게 만든다.

자: (준말) 저 아이. 쟤. ¶ 자:가 가: 아이가?(=쟤가 걔 아니냐?) / 자:가 누고?(=쟤가 누구냐?)

자갈질 (명사) 자갈길 : 자갈이 깔려 있는 길.

자개 (대명사) 자기(自己).

자겁하다 (동사) 잘겁하다. 질겁하다 : 숨이 막히듯 깜짝 놀라다.

자구에도 못 씨 겉다 (관용어) 아무짝에도 쓸모가 없다.

자그럽다 (형용사) 간지럽다.

자꼬 (부사) 자꾸.

자때 (명사) 자 : 길이를 재는 데 쓰는 도구.

자라 (감탄사) 저라 : 소를 왼편으로 가도록 몰 때 내는 소리.

자래 (명사) 자라 : 자랏과의 하나. 거북과 비슷하다.

자래꼬치 (명사) 자라자지 : 보통 때에는 자라목처럼 바싹 움츠러들었다가도 양기(陽氣)가 동하면 커지는 자지.

자래다 (동사) 자라다 : 일정한 지점을 향하여 뻗었을 때 그에 미치거나 닿다. 힘이나 능력이 일정한 정도에 이르다.

자래탕 (명사) 자라탕(-湯).

자리① (명사) 자루 : 속에 물건을 담을 수 있도록 헝겊 따위로 길고 크게 만든 주머니.

자리② (명사) 자루 : 손으로 다루게 되어 있는 연장이나 기구 따위의 끝에 달린 손잡이.

자리다 (동사) 자르다.

자리:다 (동사) 자라다 : 일정한 지점이나 정도에 이르다.

자리바가치 (명사) 자루바가지 : 손잡이가 있는 나무바가지.

자무락질 (명사) 무자맥질 : 물속에서 팔다리를 놀리며 떴다 잠겼다 하는 짓. 자맥질.

자무러지다 (동사) 까무러지다.

자물시다 (동사) 까무러지다.

자반게기/자반게이 (명사) 자반고기.

자봉침 (명사) 재봉틀.

자부래미 (명사) 잠꾸러기.

자부럽다 (동사) 졸리다 : 자고 싶은 느낌이 있다.

자부룩하다 (형용사) 즐비하다.

자부름 (명사) 졸음.

자북하다① (형용사) 그들먹하거나 수북하다.

자북하다② (형용사) 자욱하다.

자불다 (동사) 졸다.

자불리다 (동사) 졸리다 : 자고 싶은 느낌이 들다.

자빠티리다/자빨티다 (동사) 자빠뜨리다. 젖히어 넘어뜨리다.

자빵하다 (형용사) 잦바듬하다. ¶ 거만하게 디로 자빵하고 있다.(=거만하게 뒤로 잦바듬하고 있다.)

자뿍 (부사) 다뿍.

자사내다 (동사) 자아내다.

자사하다 (동사) 자아내서 하다.

자새 (명사) 얼레 : 연줄, 낚싯줄 따위를 감는 데 쓰는 기구.

자석 (명사) 자식 : 부모가 낳은 아이들. 그 부모에 상대하여 이르는 말.

자시이 (부사) 자세히.

자씩하모/자씬하몬 (부사) 자칫하면.

자↑아/장아 (명사)+(조사) 장에. 시장에. ¶ 자아 간다.(=장에 간다.)

자아묵다 (동사) 잡아먹다.

자아묵히다 (동사) 잡아먹히다.

자안차 (명사) 자전거.

자연골로 (부사) 자연스레.

자영/자헹 (명사) 자형 : 누나의 남편.

자우 (명사) 좌우

자우뚱 (부사) 갸우뚱.

자우뚱기리다 (동사) 갸우뚱거리다.

자우뚱하다 (동사) 갸우뚱하다.

자우튼 (부사) 좌우지간. 여하튼.

자이자다 (형용사) 잘디잘다 : 크기가 아주 작다.

자잔하다 (형용사) 자잘하다 : 1. 여럿이 다 작고 가늘다. 2. 여럿이 다 하찮고 소소하다.

자잔구/자전구 (명사) 자전거.

자지잘다 (형용사) 잘디잘다 : 크기가 아주 작다.

자치이 (명사) 자치기 : 아이들의 놀이 중 하나. 정해진 순서에 따라 여러 방법으로 짤막한 양 끝을 비스듬하게 깎아 만든 나무토막을 긴 막대기로 쳐서 날아간 거리를 재어 승부를 정하는 놀이.

자테 (조사) 한테. 에게. 께.

자판 (명사) 상석(床石) : 무덤 앞에 제물을 차리고 제사를 지내기 위해 돌로 만들어 놓은 상.

작다 (형용사) (사람이) 적다. ¶ 오올은 손님이 너무 작게 왔네.(=오늘은 손님이 너무 적게 왔네.)

작대이 (명사) 작대기. 

작수발 (명사) 작사리 : 한끝을 엇결어서 동여맨 작대기. 무엇을 걸거나, 받치는 데 쓴다.

작숙 (명사) 고숙(姑叔) : 고모부.

작씬 (부사) 실컷.

작은머심 (명사) 곁머슴 : 예전에 상머슴의 일을 거들어 주던 머슴.

작은아: (명사) 작은아이 : 맏이가 아닌 아들, 딸을 정답게 부르는 말. 

작이없다 (형용사) 주책없다.

작지 (명사) 작대기.

잔- 접두 (친족 관계를 나타내는 명사 앞에 붙어) ’맏이가 아님’의 뜻을 더하는 접두사. ¶ 잔아부지(=작은아버지), 잔형(=작은형), 잔고모(=작은고모), 잔어무이(=작은어머니).

잔내비 (명사) 원숭이.

잔누야 (명사) 작은누나.

잔디이/잔딩이 (명사) 잔둥이 : ‘등’을 속되게 이르는 말.

잔방궃다 (형용사) 잔망스럽다.

잔삭다리 (명사) 큰 일판에서 자질구레하게 잔손이 가는 일감이나 물건.

잔아들 (명사) 작은아들.

잔아부지 (명사) 작은아버지.

잔애비 (명사) 작은아버지를 낮추어 일컫는 말.

잔애씨 (명사) 작은아가씨.

잔어마이 (명사) 첩(妾).

잔어매 (명사) 작은어머니를 낮추어 부르는 말.

잔어무이 (명사) 작은어머니.

잔에미 (명사) 작은어머니를 낮추어 일컫는 말.

잔오빠 (명사) 작은오빠.

잔자리 (명사) 잠자리.

잔잔하다 (형용사) 자잘하다.

잔재이/잔쟁이 (명사) 잔챙이 : 여럿 가운데에서 가장 작고 품질이 낮은 것.

잔조리다 (동사) 몸조리하다.

잔조리하다 (동사) 몸조리하다.

잔집 (명사) 작은집.

잔할매 (명사) 작은할머니.

잔할배 (명사) 작은할아버지.

잘래비 (명사) 잠자리.

잘바가치 (명사) 자루바가지 : 손잡이가 있는 나무바가지.

잘바치 (명사) 자루바가지.

잘밤[-빰] (명사) 잠을 자는 밤.",2021-12-10 00:00:00,95,미부착,제1유형,무,,자 ~ 잘밤[-빰],,어문,음성,"진주 사투리 사전 지읒

자 (명사) 자치기의 작은 막대. 양 끝을 서로 반대 방향으로 비스듬하게 깎아 긴 막대기로 치면 튀어오르게 만든다.

자: (준말) 저 아이. 쟤. ¶ 자:가 가: 아이가?(=쟤가 걔 아니냐?) / 자:가 누고?(=쟤가 누구냐?)

자갈질 (명사) 자갈길 : 자갈이 깔려 있는 길.

자개 (대명사) 자기(自己).

자겁하다 (동사) 잘겁하다. 질겁하다 : 숨이 막히듯 깜짝 놀라다.

자구에도 못 씨 겉다 (관용어) 아무짝에도 쓸모가 없다.

자그럽다 (형용사) 간지럽다.

자꼬 (부사) 자꾸.

자때 (명사) 자 : 길이를 재는 데 쓰는 도구.

자라 (감탄사) 저라 : 소를 왼편으로 가도록 몰 때 내는 소리.

자래 (명사) 자라 : 자랏과의 하나. 거북과 비슷하다.

자래꼬치 (명사) 자라자지 : 보통 때에는 자라목처럼 바싹 움츠러들었다가도 양기(陽氣)가 동하면 커지는 자지.

자래다 (동사) 자라다 : 일정한 지점을 향하여 뻗었을 때 그에 미치거나 닿다. 힘이나 능력이 일정한 정도에 이르다.

자래탕 (명사) 자라탕(-湯).

자리① (명사) 자루 : 속에 물건을 담을 수 있도록 헝겊 따위로 길고 크게 만든 주머니.

자리② (명사) 자루 : 손으로 다루게 되어 있는 연장이나 기구 따위의 끝에 달린 손잡이.

자리다 (동사) 자르다.

자리:다 (동사) 자라다 : 일정한 지점이나 정도에 이르다.

자리바가치 (명사) 자루바가지 : 손잡이가 있는 나무바가지.

자무락질 (명사) 무자맥질 : 물속에서 팔다리를 놀리며 떴다 잠겼다 하는 짓. 자맥질.

자무러지다 (동사) 까무러지다.

자물시다 (동사) 까무러지다.

자반게기/자반게이 (명사) 자반고기.

자봉침 (명사) 재봉틀.

자부래미 (명사) 잠꾸러기.

자부럽다 (동사) 졸리다 : 자고 싶은 느낌이 있다.

자부룩하다 (형용사) 즐비하다.

자부름 (명사) 졸음.

자북하다① (형용사) 그들먹하거나 수북하다.

자북하다② (형용사) 자욱하다.

자불다 (동사) 졸다.

자불리다 (동사) 졸리다 : 자고 싶은 느낌이 들다.

자빠티리다/자빨티다 (동사) 자빠뜨리다. 젖히어 넘어뜨리다.

자빵하다 (형용사) 잦바듬하다. ¶ 거만하게 디로 자빵하고 있다.(=거만하게 뒤로 잦바듬하고 있다.)

자뿍 (부사) 다뿍.

자사내다 (동사) 자아내다.

자사하다 (동사) 자아내서 하다.

자새 (명사) 얼레 : 연줄, 낚싯줄 따위를 감는 데 쓰는 기구.

자석 (명사) 자식 : 부모가 낳은 아이들. 그 부모에 상대하여 이르는 말.

자시이 (부사) 자세히.

자씩하모/자씬하몬 (부사) 자칫하면.

자↑아/장아 (명사)+(조사) 장에. 시장에. ¶ 자아 간다.(=장에 간다.)

자아묵다 (동사) 잡아먹다.

자아묵히다 (동사) 잡아먹히다.

자안차 (명사) 자전거.

자연골로 (부사) 자연스레.

자영/자헹 (명사) 자형 : 누나의 남편.

자우 (명사) 좌우

자우뚱 (부사) 갸우뚱.

자우뚱기리다 (동사) 갸우뚱거리다.

자우뚱하다 (동사) 갸우뚱하다.

자우튼 (부사) 좌우지간. 여하튼.

자이자다 (형용사) 잘디잘다 : 크기가 아주 작다.

자잔하다 (형용사) 자잘하다 : 1. 여럿이 다 작고 가늘다. 2. 여럿이 다 하찮고 소소하다.

자잔구/자전구 (명사) 자전거.

자지잘다 (형용사) 잘디잘다 : 크기가 아주 작다.

자치이 (명사) 자치기 : 아이들의 놀이 중 하나. 정해진 순서에 따라 여러 방법으로 짤막한 양 끝을 비스듬하게 깎아 만든 나무토막을 긴 막대기로 쳐서 날아간 거리를 재어 승부를 정하는 놀이.

자테 (조사) 한테. 에게. 께.

자판 (명사) 상석(床石) : 무덤 앞에 제물을 차리고 제사를 지내기 위해 돌로 만들어 놓은 상.

작다 (형용사) (사람이) 적다. ¶ 오올은 손님이 너무 작게 왔네.(=오늘은 손님이 너무 적게 왔네.)

작대이 (명사) 작대기. 

작수발 (명사) 작사리 : 한끝을 엇결어서 동여맨 작대기. 무엇을 걸거나, 받치는 데 쓴다.

작숙 (명사) 고숙(姑叔) : 고모부.

작씬 (부사) 실컷.

작은머심 (명사) 곁머슴 : 예전에 상머슴의 일을 거들어 주던 머슴.

작은아: (명사) 작은아이 : 맏이가 아닌 아들, 딸을 정답게 부르는 말. 

작이없다 (형용사) 주책없다.

작지 (명사) 작대기.

잔- 접두 (친족 관계를 나타내는 명사 앞에 붙어) ’맏이가 아님’의 뜻을 더하는 접두사. ¶ 잔아부지(=작은아버지), 잔형(=작은형), 잔고모(=작은고모), 잔어무이(=작은어머니).

잔내비 (명사) 원숭이.

잔누야 (명사) 작은누나.

잔디이/잔딩이 (명사) 잔둥이 : ‘등’을 속되게 이르는 말.

잔방궃다 (형용사) 잔망스럽다.

잔삭다리 (명사) 큰 일판에서 자질구레하게 잔손이 가는 일감이나 물건.

잔아들 (명사) 작은아들.

잔아부지 (명사) 작은아버지.

잔애비 (명사) 작은아버지를 낮추어 일컫는 말.

잔애씨 (명사) 작은아가씨.

잔어마이 (명사) 첩(妾).

잔어매 (명사) 작은어머니를 낮추어 부르는 말.

잔어무이 (명사) 작은어머니.

잔에미 (명사) 작은어머니를 낮추어 일컫는 말.

잔오빠 (명사) 작은오빠.

잔자리 (명사) 잠자리.

잔잔하다 (형용사) 자잘하다.

잔재이/잔쟁이 (명사) 잔챙이 : 여럿 가운데에서 가장 작고 품질이 낮은 것.

잔조리다 (동사) 몸조리하다.

잔조리하다 (동사) 몸조리하다.

잔집 (명사) 작은집.

잔할매 (명사) 작은할머니.

잔할배 (명사) 작은할아버지.

잘래비 (명사) 잠자리.

잘바가치 (명사) 자루바가지 : 손잡이가 있는 나무바가지.

잘바치 (명사) 자루바가지.

잘밤[-빰] (명사) 잠을 자는 밤.",사투리,한국어,,2021-12-10 00:00:00,저작물양도계약서,진주시청,,,,제1유형,저작물,보호저작물,○,상업적이용가능,○,○,○,○,○,○,○,,2091-12-10 00:00:00,,
73,오디오,가이드/안내/정보,진주시청,진주시청,HOME > 진주소개 > 기본현황 > 진주 사투리 사전 > ㅈ,잘쑥 ~ 재이다①,"잘쑥 (부사) 잘쏙.

잘쑥기리다 (동사) 잘쏙거리다.

잘잘하다 (형용사) 자잘하다.

잘쫌하다 (형용사) 걀쭉하다.

잠가지다 (동사) 까무러치다.

잠덧 (명사) 잠투정.

잠방 (명사) 잠박 : 잠구의 하나로 누에를 치는 데 쓰는 채반.

잠자무리하다 (형용사) 잠잠하다.

잠자치다 (동사) 잠착하다. 참척하다 : 한 가지에만 정신을 골똘하게 쏟다.

잠잠 (감탄사) 죄암죄암 : 젖먹이가 두 손을 쥐었다 폈다 하며 재롱을 부리도록 하라는 뜻으로 내는 소리.

잠질 (명사) 잠결 : 의식이 흐릿할 정도로 잠이 어렴풋이 들거나 깬 상태.

잠질에 (부사) 잠결에.

잠차지다 (동사) 잠착하다. 참척하다 : 한 가지 일에만 정신을 골똘하게 쓰다.

잠치이 (명사) 잠꾸러기. 잠보.

잠티정 (명사) 잠투정.

잡아무꾸다 (동사) 잡아매다.

잡지다 (동사) 잡죄다 : 잘못되지 않도록 엄하게 잡아 다스리다.

잣애올리다 (동사) 자아올리다.

잣지름 (명사) 잣기름.

잣집 (명사) 잣즙(汁).

장: (부사) 늘. 항상. 언제나.

장가래 (명사) 긴 가래 : 흙을 파서 갈아엎거나 퍼내는 데 쓰는 기구.

장가지다① (동사) 까무러치다.

장가지다② (동사) 잠가지다.

장개 (명사) 장가.

장개들다 (동사) 장가들다. 장가가다.

장↑개이/장↑갱이 (명사) 정강이 : 아랫다리에서 앞뼈가 있는 부분.

장고방[-꼬-]/장독간[-똑깐-] (명사) 장독대.

장구다 (동사) 잠그다.

장기다 (동사) 잠기다.

장꽁 (명사) 장끼. 수꿩.

장단걸다 (동사) 트집걸다.

장닭[-딱] (명사) 수탉.

장도가지[-또--] (명사) 장독.

장독[-똑--]뜨껑 (명사) 장독뚜껑.

장돌 (명사) 장도리 : 못을 박거나 뽑을 때 쓰는 연장.

장딴지 (명사) 중두리 : 독보다 좀 작고 배가 부른 오지그릇.

장때이 (명사) 장땡 : 1. 화투노름에서 열 끗짜리 두 장을 잡은 제일 높은 끗수. 2. 제일 좋은 수나 최고를 속되게 이르는 말.

장돌배이[-똘--] (명사) 장돌뱅이.

장록 (명사) 자리공 : 자리공과의 여러해살이 풀. 잎은 식용하고 뿌리는 이뇨제로 쓴다.

장바구리[-빠--] (명사) 장바구니.

장반 (명사) 쟁반.

장반찬 (명사) 시장에서 사 온 반찬. 주로 5일장에서 사 온 생선 따위를 이른다.

장방 (명사) 벽장.

장배이 (명사) 정수리.

장석 (명사) 장승 : 기둥 모양의 통나무나 돌 따위에 사람의 얼굴 모양을 새겨 세운 것.

장신 (명사) 갈무리.

장신꾼 (명사) 갈무리를 잘하는 사람.

장신하다 (동사) 갈무리하다 : 물건 따위를 가지런히 정리하거나 모아서 보관하다.

장아① (명사) 장화(長靴).

장아② (명사) 뱀장어.

장:아③ (명사)+(조사) 시장에 ¶ 장아 가서 조구 한 마리 사 온나.(=시장에 가서 조기 한 마리 사 오너라.)

장아치 (명사) 장아찌.

장우 (명사) 쌍 : 암수의 짝을 이룬 동물을 세는 단위.

장자젓 (명사) 대구 아가미 젓.

장조 (명사) 장교(將校).

장쫑구레이 (명사) 장종구라기 : 장독 안에 늘 띄워 놓고 간장을 떠내는 데 쓰는 쪽박. 장쪽박.

장종지[-쫑-] (명사) 간장종지.

장채기/장채이 (명사) 매장(每場)치기 : 장날마다 장을 보러 다니는 일, 또는 그런 사람.

장치다① (동사) 쟁이다 : 고기 따위의 음식을 양념하여 그릇에 차곡차곡 담아 두다. 또는 고기 따위의 음식을 여럿이 장만해 먹다.

장치다② (동사) 쟁이다 : 솔가리 따위를 갈퀴로 긁어 차곡차곡 포개어 모으다.

재갈 (명사) 자갈.

재갈밭 (명사) 자갈밭.

재거름소구리 (명사) 재삼태기 : 아궁이에 쌓인 재를 쳐내는 데에 쓰는 삼태기. 볏짚으로 꼰 새끼줄을 촘촘하게 결여 만든다.

재그럽다① (형용사) 가렵다.

재그럽다② (형용사) 장그럽다. 쟁그럽다 : 만지거나 보기에 불쾌할 만큼 흉하다.

재글기리다 (동사) 자금거리다 : 음식에 섞인 잔모래 같은 것이 자꾸 씹히다.

재금없다 (형용사) 자금(自禁)없다 : 어떤 행동을 스스로 금하지 못하다.

재기다 (동사) 자근자근 누르다.

재까대이 (명사) 재를 모으기 위해 건물이나 담 따위에 임시로 덧붙여 만든 허술한 건조물.

재깨미 (명사) 기왓개미 : 기와의 부스러진 가루.

재꾸리 (명사) 지게꼬리 : 지게에 짐을 지고 매는 끈.

재끼다 (동사) 잦히다 : 뒤로 기울이다.

재나다 (형용사) 본래의 품질이나 모양이 변하다.

재당그래 (명사) 잿고무래 : 아궁이의 재를 긁어내는 데 쓰는 기구.

재땅세이 (명사) 유골고리. 유골상자.

재럽없이 (부사) 자발없이 : 행동이 가볍고 참을성이 없이.

재를 저지르다 (관용어) 일을 엉뚱하게 저지르다.

재먼당 (명사) 잿마루 : 재의 맨 꼭대기.

재멀랑 (명사) 잿마루 : 재의 맨 꼭대기.

재물 (명사) 잿물 : 짚이나 나무를 태운 재를 우려낸 물. 예전에 주로 빨래할 때 썼다.

재물내다 (동사) 잿물을 내리다.

재물통 (명사) 자물쇠.

재바리다 (형용사) 재바르다 : 움직임이 조금 날래고 빠르다.

재봉침 (명사) 재봉틀.

재불 (명사) 두벌 : 초벌 다음에 두 번째로 하는 일.

재불기리다 (동사) 재재거리다 : 조금 수다스럽게 자꾸 재잘거리다.

재불일 (명사) 두벌일.

재불재불 (부사) 자분자분. 재재재재.

재새 (명사) 집 지을 때 벽에 흙을 바르는 일.

재새하다 (동사) 집 지을 때 벽에 흙을 바르다.

재애/재와 (명사) 기와.

재애집 (명사) 기와집.

재애짱 (명사) 기왓장.

재우뚱 (부사) 갸우뚱.

-재이/-쟁이 접미 -장이. ¶ 침재이/침쟁이. / 점재이/점쟁이. / 엿재이/엿쟁이. 

재이다① (동사) (잠을) 재우다.",2021-12-10 00:00:00,98,미부착,제1유형,무,,잘쑥 ~ 재이다①,,어문,음성,"잘쑥 (부사) 잘쏙.

잘쑥기리다 (동사) 잘쏙거리다.

잘잘하다 (형용사) 자잘하다.

잘쫌하다 (형용사) 걀쭉하다.

잠가지다 (동사) 까무러치다.

잠덧 (명사) 잠투정.

잠방 (명사) 잠박 : 잠구의 하나로 누에를 치는 데 쓰는 채반.

잠자무리하다 (형용사) 잠잠하다.

잠자치다 (동사) 잠착하다. 참척하다 : 한 가지에만 정신을 골똘하게 쏟다.

잠잠 (감탄사) 죄암죄암 : 젖먹이가 두 손을 쥐었다 폈다 하며 재롱을 부리도록 하라는 뜻으로 내는 소리.

잠질 (명사) 잠결 : 의식이 흐릿할 정도로 잠이 어렴풋이 들거나 깬 상태.

잠질에 (부사) 잠결에.

잠차지다 (동사) 잠착하다. 참척하다 : 한 가지 일에만 정신을 골똘하게 쓰다.

잠치이 (명사) 잠꾸러기. 잠보.

잠티정 (명사) 잠투정.

잡아무꾸다 (동사) 잡아매다.

잡지다 (동사) 잡죄다 : 잘못되지 않도록 엄하게 잡아 다스리다.

잣애올리다 (동사) 자아올리다.

잣지름 (명사) 잣기름.

잣집 (명사) 잣즙(汁).

장: (부사) 늘. 항상. 언제나.

장가래 (명사) 긴 가래 : 흙을 파서 갈아엎거나 퍼내는 데 쓰는 기구.

장가지다① (동사) 까무러치다.

장가지다② (동사) 잠가지다.

장개 (명사) 장가.

장개들다 (동사) 장가들다. 장가가다.

장↑개이/장↑갱이 (명사) 정강이 : 아랫다리에서 앞뼈가 있는 부분.

장고방[-꼬-]/장독간[-똑깐-] (명사) 장독대.

장구다 (동사) 잠그다.

장기다 (동사) 잠기다.

장꽁 (명사) 장끼. 수꿩.

장단걸다 (동사) 트집걸다.

장닭[-딱] (명사) 수탉.

장도가지[-또--] (명사) 장독.

장독[-똑--]뜨껑 (명사) 장독뚜껑.

장돌 (명사) 장도리 : 못을 박거나 뽑을 때 쓰는 연장.

장딴지 (명사) 중두리 : 독보다 좀 작고 배가 부른 오지그릇.

장때이 (명사) 장땡 : 1. 화투노름에서 열 끗짜리 두 장을 잡은 제일 높은 끗수. 2. 제일 좋은 수나 최고를 속되게 이르는 말.

장돌배이[-똘--] (명사) 장돌뱅이.

장록 (명사) 자리공 : 자리공과의 여러해살이 풀. 잎은 식용하고 뿌리는 이뇨제로 쓴다.

장바구리[-빠--] (명사) 장바구니.

장반 (명사) 쟁반.

장반찬 (명사) 시장에서 사 온 반찬. 주로 5일장에서 사 온 생선 따위를 이른다.

장방 (명사) 벽장.

장배이 (명사) 정수리.

장석 (명사) 장승 : 기둥 모양의 통나무나 돌 따위에 사람의 얼굴 모양을 새겨 세운 것.

장신 (명사) 갈무리.

장신꾼 (명사) 갈무리를 잘하는 사람.

장신하다 (동사) 갈무리하다 : 물건 따위를 가지런히 정리하거나 모아서 보관하다.

장아① (명사) 장화(長靴).

장아② (명사) 뱀장어.

장:아③ (명사)+(조사) 시장에 ¶ 장아 가서 조구 한 마리 사 온나.(=시장에 가서 조기 한 마리 사 오너라.)

장아치 (명사) 장아찌.

장우 (명사) 쌍 : 암수의 짝을 이룬 동물을 세는 단위.

장자젓 (명사) 대구 아가미 젓.

장조 (명사) 장교(將校).

장쫑구레이 (명사) 장종구라기 : 장독 안에 늘 띄워 놓고 간장을 떠내는 데 쓰는 쪽박. 장쪽박.

장종지[-쫑-] (명사) 간장종지.

장채기/장채이 (명사) 매장(每場)치기 : 장날마다 장을 보러 다니는 일, 또는 그런 사람.

장치다① (동사) 쟁이다 : 고기 따위의 음식을 양념하여 그릇에 차곡차곡 담아 두다. 또는 고기 따위의 음식을 여럿이 장만해 먹다.

장치다② (동사) 쟁이다 : 솔가리 따위를 갈퀴로 긁어 차곡차곡 포개어 모으다.

재갈 (명사) 자갈.

재갈밭 (명사) 자갈밭.

재거름소구리 (명사) 재삼태기 : 아궁이에 쌓인 재를 쳐내는 데에 쓰는 삼태기. 볏짚으로 꼰 새끼줄을 촘촘하게 결여 만든다.

재그럽다① (형용사) 가렵다.

재그럽다② (형용사) 장그럽다. 쟁그럽다 : 만지거나 보기에 불쾌할 만큼 흉하다.

재글기리다 (동사) 자금거리다 : 음식에 섞인 잔모래 같은 것이 자꾸 씹히다.

재금없다 (형용사) 자금(自禁)없다 : 어떤 행동을 스스로 금하지 못하다.

재기다 (동사) 자근자근 누르다.

재까대이 (명사) 재를 모으기 위해 건물이나 담 따위에 임시로 덧붙여 만든 허술한 건조물.

재깨미 (명사) 기왓개미 : 기와의 부스러진 가루.

재꾸리 (명사) 지게꼬리 : 지게에 짐을 지고 매는 끈.

재끼다 (동사) 잦히다 : 뒤로 기울이다.

재나다 (형용사) 본래의 품질이나 모양이 변하다.

재당그래 (명사) 잿고무래 : 아궁이의 재를 긁어내는 데 쓰는 기구.

재땅세이 (명사) 유골고리. 유골상자.

재럽없이 (부사) 자발없이 : 행동이 가볍고 참을성이 없이.

재를 저지르다 (관용어) 일을 엉뚱하게 저지르다.

재먼당 (명사) 잿마루 : 재의 맨 꼭대기.

재멀랑 (명사) 잿마루 : 재의 맨 꼭대기.

재물 (명사) 잿물 : 짚이나 나무를 태운 재를 우려낸 물. 예전에 주로 빨래할 때 썼다.

재물내다 (동사) 잿물을 내리다.

재물통 (명사) 자물쇠.

재바리다 (형용사) 재바르다 : 움직임이 조금 날래고 빠르다.

재봉침 (명사) 재봉틀.

재불 (명사) 두벌 : 초벌 다음에 두 번째로 하는 일.

재불기리다 (동사) 재재거리다 : 조금 수다스럽게 자꾸 재잘거리다.

재불일 (명사) 두벌일.

재불재불 (부사) 자분자분. 재재재재.

재새 (명사) 집 지을 때 벽에 흙을 바르는 일.

재새하다 (동사) 집 지을 때 벽에 흙을 바르다.

재애/재와 (명사) 기와.

재애집 (명사) 기와집.

재애짱 (명사) 기왓장.

재우뚱 (부사) 갸우뚱.

-재이/-쟁이 접미 -장이. ¶ 침재이/침쟁이. / 점재이/점쟁이. / 엿재이/엿쟁이. 

재이다① (동사) (잠을) 재우다.",사투리,한국어,,2021-12-10 00:00:00,저작물양도계약서,진주시청,,,,제1유형,저작물,보호저작물,○,상업적이용가능,○,○,○,○,○,○,○,,2091-12-10 00:00:00,,
74,오디오,가이드/안내/정보,진주시청,진주시청,HOME > 진주소개 > 기본현황 > 진주 사투리 사전 > ㅈ,재이다② ~ 전치,"재이다② (동사) 쌓이다.

재이다③ (동사) 쟁이다 : 고기 따위의 음식을 양념하여 그릇에 차곡차곡 담아 두다.

재인 (명사) 장인(丈人) : 아내의 아버지.

재인어른 (명사) 장인어른.

재작 (명사) 손짭손 : 좀스럽고 얄망궂은 손장난.

재작시럽다 (형용사) 손짭손하는 성질이 있다.

재작지이다 (동사) 손짭손하다 : 좀스럽고 얄망궂게 손장난을 하다.

재잡다 (동사) 빗나가거나 엉뚱스럽게 하던 짓이나 그렇게 먹었던 마음을 가누다.

재지다 (동사) (밥을) 잦히다 : 밥물이 끓으면 불의 세기를 잠깐 줄였다가 다시 조금 세게 해서 속의 밥물이 졸아들어 없어지게 하다.

재채이 (명사) 재치기.

재축하다 (동사) 재촉하다.

재치띠 (명사) 재취(再娶)댁 : 두 번째 장가들어 맞이한 아내.

재치이 (명사) 재치기.

재침 (명사) 재치기.

잼잼 (감탄사) 죔죔. 죄암죄암 : 젖먹이에게 두 손을 쥐었다 폈다 하라는 뜻으로 내는 소리.

잽이 접미 -잡이. ¶ 손잽이, 칼잽이, 엔손잽이, 줄잽이.

잽히다 (동사) 잡히다.

잿당그래 (명사) 잿고무래 : 아궁이의 재를 긁어내는 데 쓰는 기구.

잿장 (명사) 기왓장.

쟁기다① (동사) (문이) 잠기다.

쟁기다② (동사) (목이) 잠기다.

쟁기다③ (동사) (물에) 잠기다.

쟁피 (명사) 창포(菖蒲).

저가배 (준말) ‘저거(=자기) 아배’의 (준말) : 자기 아버지의 낮춤말. ¶ 저가배 보고 못하는 말이 없네.(=자기 아버지에게 못하는 말이 없구나.) 

저거① (대명사) 1. 저희. ¶ 저거들은 밭에서 일하고 있었심더.(=저희들은 밭에서 일하고 있었습니다.) 2. 자기. ¶ 영수 저거 집에 있제.(=영수 자기 집에 있지.)

저거② (대명사) 저것.

저거꺼정 (부사) 자기들끼리 / 저희끼리.

저거들 (대명사) 자기들 / 저희들.

저거라사 (부사) 자기들 딴에는 / 저희들 딴에는.

저거사 (부사) 자기들이사 / 저희들이야.

저거매 (준말) ‘저거 어매’의 (준말) : 자기 어머니의 낮춤말. ¶ 순이 내앨 저거매하고 서울 간다 쿠데.(=순이 내일 자기 어머니하고 서울 간다고 하더구나.)

저게/저기 (대명사) ‘저것이’의 (준말). 저것이.

저구리 (명사) 저고리.

저그나모 (부사) 적이나 하면.

저금나다 (동사) 따로나다 : 가족의 일부가 딴살을 차려 나가다. 분가(分家)하다.

저금내다 (동사) 따로 살림을 내다.

저기 (대명사) 저것이.

저기↑요 (연어) 1. 저것 봐라. 저까짓 : 겨우 저만한 정도의. ¶ 저기요, 까불어 쌓네.(=저것 봐라, 까불어 대네.) 

저끔내이 (명사) 겨끔내기 : 서로 번갈아 하기.

저녀 (명사) 저녁.

저녀러 거 (준말) 저년의 것.

저녀러 자석 (준말) 저년의 자식.

저녀어 (명사)+(조사) 저녁에.

저녁답 (명사) 저녁때.

저녁북새 (명사) 저녁노을.

저드랑 (명사) 겨드랑이.

저따 (준말) 저기에다.

저따 나라 (준말) 저기에다 놔라.

저따우 (대명사) 저따위 : 저러한 부류의 대상을 낮잡아 이르는 지시 대명사.

저라다 (동사) 저러다 : ‘저리하다’의 (준말).

저란들(←저렇게 한들) (준말) 저런들.

저러커럼/저리 (부사) 저렇게.

저런께네 (부사) 저러니까.

저럼서 (부사) 저러면서.

저루다 (동사) 겨루다.

저리기 (명사) 겉절이.

저리다 (동사) (오줌이) 지리다.

저모레 (명사) 글피.

저모레고패 (명사) 그글피.

저분 (명사) 저번 : 지난번.

저어서 (대명사) 저기서.

저실 (명사) 겨울.

저아래 (명사) 그끄저께, 그끄제.

저어 (대명사) 저기.

저어 보래 (연어) 저기 보렴 : 조금 떨어져 있는 사람이나 물건을 가리키며 내는 소리.

저얼 쿠다 (준말) 저리 말하다. 저렇게 말하다.

저엉때/정때 (명사) 저녁때.

저오데/저오디 (준말) 저기 어디.

저우자 (명사) 며칠 전.

저임 (명사) 점심.

저임때 (명사) 점심때.

저저끔 (부사) 제가끔.

저저끼 (부사) 저적에 : 말하는 때 이전의 지나간 차례나 때에. 

저지리다 (동사) 저지르다.

저짜/저쭉 (명사) 저쪽.

저트랑 (명사) 겨드랑이.

저후년 (명사) 내후년 : 후년의 바로 다음 해.

적구 (명사) 접구(接口) : ‘입에 댄다’는 뜻으로, 음식을 아주 조금 먹음을 이르는 말.

적구하다 (동사) 접구하다 : 입에 댈 정도로 조금 먹다.

적숳다 (동사) 적시다.

적신 (명사) 적선(積善).

적신하다 (동사) 적선하다.

적으나 (부사) 적이나.

적으나모 (부사) 적이나 하면 : 형편이 다소나마 된다면.

젂다 (동사) 겪다.

젂어보다 (동사) 겪어보다.

전내이 (명사) 물을 조금도 타지 아니한 순수한 술. 

전디내다 (동사) 견뎌내다.

전디다 (동사) 견디다.

전반 (명사) 인두판.

전반짝 겉다 (관용어) 머리를 땋아 늘인 여자의 머리채가 숱이 많고 치렁치렁함을 비유적으로 이르는 말.

전배기 (명사) 전내기 : 물을 조금도 타지 않은 순전한 술.

전붓대 (명사) 전봇대. 전신주.

전붓대나무 (명사) 전나무.

전소두방 (명사) 번철(燔鐵) : 전(煎)을 부치거나 고기 따위를 볶을 때 쓰는, 솥뚜껑처럼 생긴 무쇠 그릇. 또는 솥뚜껑.

전신에 (부사) 온통.

전애 (명사) 전어(錢魚).

전자아 쌓다 (동사) 견주어 쌓다.

전주다 (동사) 겨누다. 견주다.

전치 (명사) 전부. 전체.",2021-12-10 00:00:00,99,미부착,제1유형,무,,재이다② ~ 전치,,어문,음성,"재이다② (동사) 쌓이다.

재이다③ (동사) 쟁이다 : 고기 따위의 음식을 양념하여 그릇에 차곡차곡 담아 두다.

재인 (명사) 장인(丈人) : 아내의 아버지.

재인어른 (명사) 장인어른.

재작 (명사) 손짭손 : 좀스럽고 얄망궂은 손장난.

재작시럽다 (형용사) 손짭손하는 성질이 있다.

재작지이다 (동사) 손짭손하다 : 좀스럽고 얄망궂게 손장난을 하다.

재잡다 (동사) 빗나가거나 엉뚱스럽게 하던 짓이나 그렇게 먹었던 마음을 가누다.

재지다 (동사) (밥을) 잦히다 : 밥물이 끓으면 불의 세기를 잠깐 줄였다가 다시 조금 세게 해서 속의 밥물이 졸아들어 없어지게 하다.

재채이 (명사) 재치기.

재축하다 (동사) 재촉하다.

재치띠 (명사) 재취(再娶)댁 : 두 번째 장가들어 맞이한 아내.

재치이 (명사) 재치기.

재침 (명사) 재치기.

잼잼 (감탄사) 죔죔. 죄암죄암 : 젖먹이에게 두 손을 쥐었다 폈다 하라는 뜻으로 내는 소리.

잽이 접미 -잡이. ¶ 손잽이, 칼잽이, 엔손잽이, 줄잽이.

잽히다 (동사) 잡히다.

잿당그래 (명사) 잿고무래 : 아궁이의 재를 긁어내는 데 쓰는 기구.

잿장 (명사) 기왓장.

쟁기다① (동사) (문이) 잠기다.

쟁기다② (동사) (목이) 잠기다.

쟁기다③ (동사) (물에) 잠기다.

쟁피 (명사) 창포(菖蒲).

저가배 (준말) ‘저거(=자기) 아배’의 (준말) : 자기 아버지의 낮춤말. ¶ 저가배 보고 못하는 말이 없네.(=자기 아버지에게 못하는 말이 없구나.) 

저거① (대명사) 1. 저희. ¶ 저거들은 밭에서 일하고 있었심더.(=저희들은 밭에서 일하고 있었습니다.) 2. 자기. ¶ 영수 저거 집에 있제.(=영수 자기 집에 있지.)

저거② (대명사) 저것.

저거꺼정 (부사) 자기들끼리 / 저희끼리.

저거들 (대명사) 자기들 / 저희들.

저거라사 (부사) 자기들 딴에는 / 저희들 딴에는.

저거사 (부사) 자기들이사 / 저희들이야.

저거매 (준말) ‘저거 어매’의 (준말) : 자기 어머니의 낮춤말. ¶ 순이 내앨 저거매하고 서울 간다 쿠데.(=순이 내일 자기 어머니하고 서울 간다고 하더구나.)

저게/저기 (대명사) ‘저것이’의 (준말). 저것이.

저구리 (명사) 저고리.

저그나모 (부사) 적이나 하면.

저금나다 (동사) 따로나다 : 가족의 일부가 딴살을 차려 나가다. 분가(分家)하다.

저금내다 (동사) 따로 살림을 내다.

저기 (대명사) 저것이.

저기↑요 (연어) 1. 저것 봐라. 저까짓 : 겨우 저만한 정도의. ¶ 저기요, 까불어 쌓네.(=저것 봐라, 까불어 대네.) 

저끔내이 (명사) 겨끔내기 : 서로 번갈아 하기.

저녀 (명사) 저녁.

저녀러 거 (준말) 저년의 것.

저녀러 자석 (준말) 저년의 자식.

저녀어 (명사)+(조사) 저녁에.

저녁답 (명사) 저녁때.

저녁북새 (명사) 저녁노을.

저드랑 (명사) 겨드랑이.

저따 (준말) 저기에다.

저따 나라 (준말) 저기에다 놔라.

저따우 (대명사) 저따위 : 저러한 부류의 대상을 낮잡아 이르는 지시 대명사.

저라다 (동사) 저러다 : ‘저리하다’의 (준말).

저란들(←저렇게 한들) (준말) 저런들.

저러커럼/저리 (부사) 저렇게.

저런께네 (부사) 저러니까.

저럼서 (부사) 저러면서.

저루다 (동사) 겨루다.

저리기 (명사) 겉절이.

저리다 (동사) (오줌이) 지리다.

저모레 (명사) 글피.

저모레고패 (명사) 그글피.

저분 (명사) 저번 : 지난번.

저어서 (대명사) 저기서.

저실 (명사) 겨울.

저아래 (명사) 그끄저께, 그끄제.

저어 (대명사) 저기.

저어 보래 (연어) 저기 보렴 : 조금 떨어져 있는 사람이나 물건을 가리키며 내는 소리.

저얼 쿠다 (준말) 저리 말하다. 저렇게 말하다.

저엉때/정때 (명사) 저녁때.

저오데/저오디 (준말) 저기 어디.

저우자 (명사) 며칠 전.

저임 (명사) 점심.

저임때 (명사) 점심때.

저저끔 (부사) 제가끔.

저저끼 (부사) 저적에 : 말하는 때 이전의 지나간 차례나 때에. 

저지리다 (동사) 저지르다.

저짜/저쭉 (명사) 저쪽.

저트랑 (명사) 겨드랑이.

저후년 (명사) 내후년 : 후년의 바로 다음 해.

적구 (명사) 접구(接口) : ‘입에 댄다’는 뜻으로, 음식을 아주 조금 먹음을 이르는 말.

적구하다 (동사) 접구하다 : 입에 댈 정도로 조금 먹다.

적숳다 (동사) 적시다.

적신 (명사) 적선(積善).

적신하다 (동사) 적선하다.

적으나 (부사) 적이나.

적으나모 (부사) 적이나 하면 : 형편이 다소나마 된다면.

젂다 (동사) 겪다.

젂어보다 (동사) 겪어보다.

전내이 (명사) 물을 조금도 타지 아니한 순수한 술. 

전디내다 (동사) 견뎌내다.

전디다 (동사) 견디다.

전반 (명사) 인두판.

전반짝 겉다 (관용어) 머리를 땋아 늘인 여자의 머리채가 숱이 많고 치렁치렁함을 비유적으로 이르는 말.

전배기 (명사) 전내기 : 물을 조금도 타지 않은 순전한 술.

전붓대 (명사) 전봇대. 전신주.

전붓대나무 (명사) 전나무.

전소두방 (명사) 번철(燔鐵) : 전(煎)을 부치거나 고기 따위를 볶을 때 쓰는, 솥뚜껑처럼 생긴 무쇠 그릇. 또는 솥뚜껑.

전신에 (부사) 온통.

전애 (명사) 전어(錢魚).

전자아 쌓다 (동사) 견주어 쌓다.

전주다 (동사) 겨누다. 견주다.

전치 (명사) 전부. 전체.",사투리,한국어,,2021-12-10 00:00:00,저작물양도계약서,진주시청,,,,제1유형,저작물,보호저작물,○,상업적이용가능,○,○,○,○,○,○,○,,2091-12-10 00:00:00,,
75,오디오,가이드/안내/정보,진주시청,진주시청,HOME > 진주소개 > 기본현황 > 진주 사투리 사전 > ㅈ,젇가지 ~ 제끼저구리,"젇가지 (명사) 곁가지.

절 (명사) 결 : 나무, 돌 살갗 따위에서 조직의 굳고 무른 부분이 모여 일정하게 켜를 지으면서 짜인 바탕의 상태나 무늬.

절딴 (명사) 결딴 : 1. 어떤 일이나 물건 따위가 망가져서 도무지 손을 쓸 수 없게 된 상태. 2. 살림이 망하여 거덜난 상태.

절딴나다 (동사) 결딴나다 : 1. 어떤 일이나 물건 따위가 아주 망가져서 도무지 손을 쓸 수 없게 된 상태가 되다. 2. 살림이 망하여 거덜나다.

절룩발이 (명사) 절름발이.

절룸배이 (명사) 절름발이.

절리다 (동사) 결리다.

절마 (준말) ‘저놈 아이’가 줄어든 말. 저 녀석. 

절 쿠다(←저리 쿠다) (준말) 저리 말하다.

절키 (부사) 저렇게.

젊운이/젊운아/젊은애 (명사) 젊은이.

점구 (명사) 점고 : 명부에 일일이 점을 찍어 가며 사람의 수를 조사함.

점구 마치다 (관용어) 1. 점고(點考)에 빠지지 아니하고 주어진 일을 마치다. 2. 끼니를 때우다.

점도록/점두룩 (부사) 저물도록. ¶ 하루 점도록 잤다.(=하루가 저물도록 잤다.)

점배이/점뱅이 (명사) 점박이.

점빵 (명사) 가게. ¶ 점빠아 가서 소주 한 빙 사 오이라.(=가게에 가서 소주 한 병 사 오너라.)

점상 (명사) 겸상(兼床) : 둘 또는 그 이상의 사람이 함께 음식을 먹을 수 있도록 차린 상. 또는 그렇게 차려 먹음.

점상하다 (동사) 겸상하다.

점재이 (명사) 점장이.

접 (명사) 겹 : 1. 물체의 면과 면, 선과 선이 포개지거나 거듭됨을 나타내는 말. 2. 비슷한 일이나 사물이 거듭됨.

접눈질 (명사) 곁눈질.

접니불 (명사) 곁이불.

접다 (형용사) 싶다. ¶ 묵구 접다(=먹고 싶다), 보고 접다(=보고 싶다)

접바지 (명사) 겹바지.

접방 (명사) 곁방 : 남의 집 한 부분을 빌려 사는 방. 셋방.

접방살이 (명사) 곁방살이. 셋방살이.

접버선 (명사) 겹버선.

접사돈 (명사) 겹사돈 : 이미 사돈 관계에 있는 사람끼리 다시 사돈 관계를 맺은 사이. 또는 그런 사람.

접시기 (명사) 접시.

접옷 (명사) 겹옷.

접장 (명사) ‘선생’을 낮잡아 이르는 말.

접장질 (명사) 선생질 : 학생을 가르치는 일을 낮잡아 이르는 말.

접저구리 (명사) 겹저고리.

접저불로 (부사) 겹겹이.

접접 (명사) 겹겹. 

접접이 (부사) 겹겹이. 켜켜이.

접집 (명사) 겹집 : 한 개의 종마루에 두 줄로 나란히 방을 만든 집.

접↑치다① (동사) (종이를) 접다.

접치↑다② (동사) 겹치다.

접치다③ (동사) 접질리다 : 심한 충격으로 지나치게 접혀서 삔 지경에 이르다.

접치매 (명사) 겹치마.

젓가치 (명사) 젓가락.

젓눈질 (명사) 곁눈질.

정강시럽다 (형용사) 정갈스럽다.

정강ㅎ다 (형용사) 정갈하다 : 깨끗하고 깔끔하다.

정↑개이 (명사) 정강이 : 무릎 아래에서 앞뼈가 있는 부분.

정구지 (명사) 부추 : 백합과의 여러해살이풀. 잎을 식용한다. (참고) 진주에서는 주로 ‘소풀’을 사용하나 경북 방언의 영향으로 더러 ‘정구지’를 쓰기도 한다.

정기 (명사) 부엌(廚房).

정↑기[-끼] (명사) 경기(驚氣) : 어린아이에게 나타나는 증상의 하나로, 풍(風)으로 인해 갑자기 의식을 잃고 경련하는 병증.

정기가수나/정기가시나 (명사) 결혼하지 않은 부엌데기. 또는 그런 식모(食母).

정↑기[-끼] 나것다 (관용어) 경기(驚氣)를 일으킬 정도로 놀라다.

정기나무/정지나무 (명사) 정자나무. 그늘나무.

정기방 (명사) 부엌방.

정기칼 (명사) 부엌칼. 식칼.

정낭 (명사) 뒷간. 변소.

정내미 (명사) 정나미 : 어떤 대상에 대하여 애착을 느끼는 마음.

정답[-땁-]에 (명사) 저녁때.

정심 (명사) 점심.

정심때 (명사) 점심때.

정안수 (명사) 정화수(井華水) : 이른 새벽에 길은 우물물. 조왕에게 가족들의 평안을 빌면서 정성을 들이거나 약을 달이는 데 쓴다.

정울 (명사) 저울 : 물건의 무게를 다는 데 쓰는 기구를 통틀어 이르는 말.

정지 (명사) 부엌. (참고) 진주에서는 ‘정지’와 ‘정기’ 모두 사용한다.

정지가시나/정지가수나 (명사) 결혼하지 않은 부엌데기. 또는 그런 식모(食母).

정지가수나 청로 든 겉다 (속담) 부엌데기가 청루(靑樓)에 들어간 것 같다는 뜻으로, 분수에 맞지 않게 으스대거나 거드름을 피우는 사람을 비유적으로 이르는 말.

정지걸레 (명사) 행주.

정지나무 (명사) 정자나무. 그늘나무.

정지방 (명사) 부엌방 : 부엌에 딸린 조그마한 방.

정지칼 (명사) 부엌칼.

젖국 (명사) 젖갈.

젖꼭다리 (명사) 젖꼭지. 

젖꼭대기/젖꼭대이 (명사) 젖꼭지.

젖멕이 (명사) 젖먹이.

젖몸치 (명사) 젖몸살 : 젖의 분비로 생기는 몸살.

젖몽오리 (명사) 젖멍울 : 젖샘.

젖믹이 (명사) 젖먹이.

젖티이 (명사) 젖퉁이 : ’젖무덤’을 낮추어 이르는 말.

젙 (명사) 곁 : 어떤 대상의 옆. 또는 공간적 심리적으로 가까운 데.

젙방 (명사) 곁방(房).

젙방살이 (명사) 곁방살이.

젙사돈 (명사) 곁사돈 : 직접 사돈 간이 아니고 같은 항렬(行列)의 방계 간의 사돈.

-제 (어미) –지. ¶ 맞제, 비 오제, 그렇제, 잘 놀고 있겄제.

제① (명사) 겨 : 벼, 보리, 조 따위의 낟알을 찧어낸 껍질.

제② (명사) 젓가락.

제가락[-까-] (명사) 젓가락.

제금 (명사) 딴살림.

제금나다 (동사) 따로나다. 딴살림 나다 : 가족의 일부가 딴살림을 차려 나가다.

제기나 (부사) 적이나 : 얼마간이라도.

제기나 하면 (관용어) 형편이 다소나마 된다면.

제까짓게/지까짓기 (부사) 저까짓게 : 겨우 저만한 정도의 것이.

제까치 (명사) 젓가락.

제깍 (부사) 제꺼덕. 제꺽.

제깍하모 (부사) 자칫하면.

제께미/제끼미 (부사) 제가끔 : 저마다 따로따로. 제각기.

제끼 (명사) 조끼 : 한복에는 저고리나 적삼 위에, 양복에는 셔츠 위에 덧입는, 소매가 없는 옷.

제끼저구리 (명사) 조끼저고리.",2021-12-10 00:00:00,95,미부착,제1유형,무,,젇가지 ~ 제끼저구리,,어문,음성,"젇가지 (명사) 곁가지.

절 (명사) 결 : 나무, 돌 살갗 따위에서 조직의 굳고 무른 부분이 모여 일정하게 켜를 지으면서 짜인 바탕의 상태나 무늬.

절딴 (명사) 결딴 : 1. 어떤 일이나 물건 따위가 망가져서 도무지 손을 쓸 수 없게 된 상태. 2. 살림이 망하여 거덜난 상태.

절딴나다 (동사) 결딴나다 : 1. 어떤 일이나 물건 따위가 아주 망가져서 도무지 손을 쓸 수 없게 된 상태가 되다. 2. 살림이 망하여 거덜나다.

절룩발이 (명사) 절름발이.

절룸배이 (명사) 절름발이.

절리다 (동사) 결리다.

절마 (준말) ‘저놈 아이’가 줄어든 말. 저 녀석. 

절 쿠다(←저리 쿠다) (준말) 저리 말하다.

절키 (부사) 저렇게.

젊운이/젊운아/젊은애 (명사) 젊은이.

점구 (명사) 점고 : 명부에 일일이 점을 찍어 가며 사람의 수를 조사함.

점구 마치다 (관용어) 1. 점고(點考)에 빠지지 아니하고 주어진 일을 마치다. 2. 끼니를 때우다.

점도록/점두룩 (부사) 저물도록. ¶ 하루 점도록 잤다.(=하루가 저물도록 잤다.)

점배이/점뱅이 (명사) 점박이.

점빵 (명사) 가게. ¶ 점빠아 가서 소주 한 빙 사 오이라.(=가게에 가서 소주 한 병 사 오너라.)

점상 (명사) 겸상(兼床) : 둘 또는 그 이상의 사람이 함께 음식을 먹을 수 있도록 차린 상. 또는 그렇게 차려 먹음.

점상하다 (동사) 겸상하다.

점재이 (명사) 점장이.

접 (명사) 겹 : 1. 물체의 면과 면, 선과 선이 포개지거나 거듭됨을 나타내는 말. 2. 비슷한 일이나 사물이 거듭됨.

접눈질 (명사) 곁눈질.

접니불 (명사) 곁이불.

접다 (형용사) 싶다. ¶ 묵구 접다(=먹고 싶다), 보고 접다(=보고 싶다)

접바지 (명사) 겹바지.

접방 (명사) 곁방 : 남의 집 한 부분을 빌려 사는 방. 셋방.

접방살이 (명사) 곁방살이. 셋방살이.

접버선 (명사) 겹버선.

접사돈 (명사) 겹사돈 : 이미 사돈 관계에 있는 사람끼리 다시 사돈 관계를 맺은 사이. 또는 그런 사람.

접시기 (명사) 접시.

접옷 (명사) 겹옷.

접장 (명사) ‘선생’을 낮잡아 이르는 말.

접장질 (명사) 선생질 : 학생을 가르치는 일을 낮잡아 이르는 말.

접저구리 (명사) 겹저고리.

접저불로 (부사) 겹겹이.

접접 (명사) 겹겹. 

접접이 (부사) 겹겹이. 켜켜이.

접집 (명사) 겹집 : 한 개의 종마루에 두 줄로 나란히 방을 만든 집.

접↑치다① (동사) (종이를) 접다.

접치↑다② (동사) 겹치다.

접치다③ (동사) 접질리다 : 심한 충격으로 지나치게 접혀서 삔 지경에 이르다.

접치매 (명사) 겹치마.

젓가치 (명사) 젓가락.

젓눈질 (명사) 곁눈질.

정강시럽다 (형용사) 정갈스럽다.

정강ㅎ다 (형용사) 정갈하다 : 깨끗하고 깔끔하다.

정↑개이 (명사) 정강이 : 무릎 아래에서 앞뼈가 있는 부분.

정구지 (명사) 부추 : 백합과의 여러해살이풀. 잎을 식용한다. (참고) 진주에서는 주로 ‘소풀’을 사용하나 경북 방언의 영향으로 더러 ‘정구지’를 쓰기도 한다.

정기 (명사) 부엌(廚房).

정↑기[-끼] (명사) 경기(驚氣) : 어린아이에게 나타나는 증상의 하나로, 풍(風)으로 인해 갑자기 의식을 잃고 경련하는 병증.

정기가수나/정기가시나 (명사) 결혼하지 않은 부엌데기. 또는 그런 식모(食母).

정↑기[-끼] 나것다 (관용어) 경기(驚氣)를 일으킬 정도로 놀라다.

정기나무/정지나무 (명사) 정자나무. 그늘나무.

정기방 (명사) 부엌방.

정기칼 (명사) 부엌칼. 식칼.

정낭 (명사) 뒷간. 변소.

정내미 (명사) 정나미 : 어떤 대상에 대하여 애착을 느끼는 마음.

정답[-땁-]에 (명사) 저녁때.

정심 (명사) 점심.

정심때 (명사) 점심때.

정안수 (명사) 정화수(井華水) : 이른 새벽에 길은 우물물. 조왕에게 가족들의 평안을 빌면서 정성을 들이거나 약을 달이는 데 쓴다.

정울 (명사) 저울 : 물건의 무게를 다는 데 쓰는 기구를 통틀어 이르는 말.

정지 (명사) 부엌. (참고) 진주에서는 ‘정지’와 ‘정기’ 모두 사용한다.

정지가시나/정지가수나 (명사) 결혼하지 않은 부엌데기. 또는 그런 식모(食母).

정지가수나 청로 든 겉다 (속담) 부엌데기가 청루(靑樓)에 들어간 것 같다는 뜻으로, 분수에 맞지 않게 으스대거나 거드름을 피우는 사람을 비유적으로 이르는 말.

정지걸레 (명사) 행주.

정지나무 (명사) 정자나무. 그늘나무.

정지방 (명사) 부엌방 : 부엌에 딸린 조그마한 방.

정지칼 (명사) 부엌칼.

젖국 (명사) 젖갈.

젖꼭다리 (명사) 젖꼭지. 

젖꼭대기/젖꼭대이 (명사) 젖꼭지.

젖멕이 (명사) 젖먹이.

젖몸치 (명사) 젖몸살 : 젖의 분비로 생기는 몸살.

젖몽오리 (명사) 젖멍울 : 젖샘.

젖믹이 (명사) 젖먹이.

젖티이 (명사) 젖퉁이 : ’젖무덤’을 낮추어 이르는 말.

젙 (명사) 곁 : 어떤 대상의 옆. 또는 공간적 심리적으로 가까운 데.

젙방 (명사) 곁방(房).

젙방살이 (명사) 곁방살이.

젙사돈 (명사) 곁사돈 : 직접 사돈 간이 아니고 같은 항렬(行列)의 방계 간의 사돈.

-제 (어미) –지. ¶ 맞제, 비 오제, 그렇제, 잘 놀고 있겄제.

제① (명사) 겨 : 벼, 보리, 조 따위의 낟알을 찧어낸 껍질.

제② (명사) 젓가락.

제가락[-까-] (명사) 젓가락.

제금 (명사) 딴살림.

제금나다 (동사) 따로나다. 딴살림 나다 : 가족의 일부가 딴살림을 차려 나가다.

제기나 (부사) 적이나 : 얼마간이라도.

제기나 하면 (관용어) 형편이 다소나마 된다면.

제까짓게/지까짓기 (부사) 저까짓게 : 겨우 저만한 정도의 것이.

제까치 (명사) 젓가락.

제깍 (부사) 제꺼덕. 제꺽.

제깍하모 (부사) 자칫하면.

제께미/제끼미 (부사) 제가끔 : 저마다 따로따로. 제각기.

제끼 (명사) 조끼 : 한복에는 저고리나 적삼 위에, 양복에는 셔츠 위에 덧입는, 소매가 없는 옷.

제끼저구리 (명사) 조끼저고리.",사투리,한국어,,2021-12-10 00:00:00,저작물양도계약서,진주시청,,,,제1유형,저작물,보호저작물,○,상업적이용가능,○,○,○,○,○,○,○,,2091-12-10 00:00:00,,
76,오디오,가이드/안내/정보,진주시청,진주시청,HOME > 진주소개 > 기본현황 > 진주 사투리 사전 > ㅈ,제냥으로 ~ 조창,"제냥으로 (부사) 스스로. 제 힘으로.

제라사 (관형사) 제깟 : ‘제까짓’의 (준말).

제↑롱 (명사) 절용(節用).

제↑롱하다 (동사) 절용(節用)하다 : 돈이나 물건을 아끼고 절약하다.

제릅 (명사) 겨릅대 : 껍질을 벗긴 삼대.

제릅단 (명사) 겨릅단.

제릅대 (명사) 겨릅대 : 껍질을 벗긴 삼대.

제릅땅구 (명사) 겨릅대 : 껍질을 벗긴 삼대.

제릅때이 (명사) 겨릅대 : 껍질을 벗긴 삼대.

제리기 (명사) 겉절이.

제리다 (동사) 저리다 : 뼈마디나 몸의 일부가 오래 눌려서 피가 잘 통하지 못하여 감각이 둔하고 아리다.

제매 (명사) 계매(季妹). 매제(妹弟).

제면하다 (동사) 외면하다.

제미 (감탄사) 제기. 제기랄 : 언짢을 때 불평스러워 욕으로 하는 말.

제북 (부사) 제법.

제분 (명사) 젓가락. 수저.

제비쌀 (명사) 좁쌀.

제비초리 (명사) 제비추리 : 소의 안심에 붙은 고기.

제악 (명사) 절약.

제악시럽다 (형용사) 제악(提握)하다 : 물건 따위를 손에 꼭 쥐고 있다는 뜻으로, 함부로 쓰지 아니하고 꼭 필요한 데에만 써서 아끼는 태도가 있다.

제악하다 (동사) 절약하다.

제앙님 (명사) 조왕님.

제업다 (형용사) 지겹다. 지루하다.

제에미 (감탄사) 제기랄 : 몹시 못마땅할 때 욕으로 하는 말.

제우 (명사) 1. 제위(祭位) : 제사를 받드는 신위(神位). ¶ 사당에 조부 제우를 모시 났다.(=사당에 조부 제위를 모셔 놨다.) 2. 제사. ¶ 내앨 할배 제우날 좀 일찍 오이라.(=내일 할아버지 제삿날 좀 일찍 오너라.) 

제우/제우시 (부사) 겨우.

제우다 (형용사) 겹다 : 정도나 양이 지나쳐 배겨내기 어렵다.

제우답 (명사) 제위답(祭位畓) : 예전에 추수한 곡식으로 제사 비용을 대기 위해 특별히 마련해 놓은 논을 이르던 말.

제우뚱하다 (동사) 갸우뚱하다.

제우시 (부사) 겨우.

제웁다 (형용사) 겹다. 지루하다.

제이다 (동사) (물을) 제기다 : 물이나 국물 따위를 조금씩 부어 떨어뜨리다.

제자 (명사) 저자 : 날마다 아침과 저녁으로 반찬거리를 사고팔기 위하여 열리는 작은 규모의 시장.

제자리 방마이/제자리 방매이 (관용어) 안성맞춤. 딱 들어맞다.

제잣거리 (명사) 저잣거리.

제절로 (부사) 저절로.

제주 (부사) 죄다. 모조리.

제지리다 (동사) 저지르다.

제질로 (부사) 저절로.

제집 (명사) 계집.

제집년 (명사) 계집년.

제집애 (명사) 계집아이.

제집자석 (명사) 계집자식.

제집질 (명사) 계집질.

제쪼대로 (부사) 제멋대로 : 제 하고 싶은 마음대로.

제찜에 (부사) 제바람에.

제통 (명사) 수저통 : 숟가락과 젓가락 따위를 담아 두거나 꽂아 두는 통.

제핏가리 (명사) 제핏가루. 초핏가루.

젝이나 (부사) 적이나 : 얼마간이라도.

젝제금 (부사) 제가끔.

젝제미/젝지미 (부사) 저마다.

젞기 (명사) 겪이 : 음식을 차려 남을 대접하는 일.

젞이보다/젂어보다 (부사) 겪어보다.

젤 (부사) 제일.

젤↑이다 (동사) (소금에) 절이다 : 푸성귀나 생선 따위에 소금기나 식초, 설탕 따위를 배어들게 하다.

젯가락 (명사) 젓가락.

젱일 (명사) 종일(終日).

젲↑기다 (동사) 젖히다.

젲기지다 (동사) 젖혀지다.

젲↑히다 (동사) 젖히다.

젲히지다 (동사) 젖혀지다.

조갑지 (명사) 조가비.

조개비 (명사) 조가비.

조구 (명사) 조기 : 민어과의 보구치, 수조기, 참조기 따위를 통틀어 이르는 말.

조근조근 (부사) 차근차근 : 낮은 목소리로 자세하게 이야기하는 모양.

조댕이 (명사) 주둥아리 : 사람의 입을 속되게 이르는 말.

조디이 (명사) 주둥아리 : 사람의 입을 속되게 이르는 말.

조따 (준말) 조기에다.

조라 (동사) 줘라, 주어라 : ‘주다’의 명령형.

조랑박 (명사) 조롱박.

조래 (명사) 조리 : 쌀을 이는 데에 쓰는 기구.

조래방마이 (명사) 촐랑이 : 자꾸 방정맞게 까부는 사람.

조래이 (명사) 조롱 : 어린아이들이 주머니끈이나 옷끈에 액막이로 차던 물건.

조래전에 빚을 내서라도 (속담) 조리 전(廛)에 빚을 낸다는 뜻으로 별짓을 다해서라도 돈을 마련하여 꼭 해야겠다는 말.

조랭이 (명사) 조리 : 쌀을 이는 데 쓰는 기구.

조럽다 (동사) 졸리다. 졸음이 오다.

조루다① (동사) (끈으로) 조르다 : 동이거나 감는 것을 단단히 죄다.

조루다② (동사) (끈덕지게) 조르다.

조리개/제리기 (명사) 겉절이.

조마이/주무이 (명사) 주머니.

조막디 (명사) 조막 : 주먹보다 작은 물건의 덩이를 비유적으로 이르는 말.

조막때이 (명사) ’조막’을 속되게 이르는 말.

조막만하다 (형용사) 주먹만큼 작다.

조:매 (부사) 좀처럼.

조:매 가이고는 (관용어) 좀처럼 하여서는.

조무래이 (명사) 조무래기 : 어린아이를 얕잡아 이르는 말. 쪼무래기.

조물조물 (감탄사) 죄암죄암.

조삐다 (준말) 주어버리다. 줘버리다.

조선 안다이다 (속담) 무엇이든지 잘 아는 체하는 사람을 빗대어 이르는 말.

조선조오/조선조우 (명사) 조선종이. 한지(韓紙). 

조신부리 (부사) 조신(操身)하게.

조앙 (명사) 조왕 : 부엌을 만든다는 신, 늘 부엌에 있으면서 모든 길흉을 판단한다고 한다.

조↑오①/조↑우/종↑오 (명사) 종이.

조오② (동사) 다오. 줘.

조오③ (대명사) 저기에. 저기. ¶ 거어 말고 조오 갖다 나라.(=거기 말고 저기에 갖다 놔라.)

조우다① (동사) 조르다 : 동이거나 감는 것을 단단히 죄다.

조우다② (동사) 조르다 : 다른 사람에게 차지고 끈덕지게 무엇을 자꾸 요구하다.

조우다③ (동사) (나사를) 죄다.

조작빼이 (명사) 조작품(造作品).

조잔하다/쪼잔하다 (형용사) 사람의 마음 쓰는 폭이 좁다. 

조접하다 (형용사) 조잡하다.

조짜배이 (명사) 조작품(造作品).

조창 (조사) 조차.",2021-12-10 00:00:00,103,미부착,제1유형,무,,제냥으로 ~ 조창,,어문,음성,"제냥으로 (부사) 스스로. 제 힘으로.

제라사 (관형사) 제깟 : ‘제까짓’의 (준말).

제↑롱 (명사) 절용(節用).

제↑롱하다 (동사) 절용(節用)하다 : 돈이나 물건을 아끼고 절약하다.

제릅 (명사) 겨릅대 : 껍질을 벗긴 삼대.

제릅단 (명사) 겨릅단.

제릅대 (명사) 겨릅대 : 껍질을 벗긴 삼대.

제릅땅구 (명사) 겨릅대 : 껍질을 벗긴 삼대.

제릅때이 (명사) 겨릅대 : 껍질을 벗긴 삼대.

제리기 (명사) 겉절이.

제리다 (동사) 저리다 : 뼈마디나 몸의 일부가 오래 눌려서 피가 잘 통하지 못하여 감각이 둔하고 아리다.

제매 (명사) 계매(季妹). 매제(妹弟).

제면하다 (동사) 외면하다.

제미 (감탄사) 제기. 제기랄 : 언짢을 때 불평스러워 욕으로 하는 말.

제북 (부사) 제법.

제분 (명사) 젓가락. 수저.

제비쌀 (명사) 좁쌀.

제비초리 (명사) 제비추리 : 소의 안심에 붙은 고기.

제악 (명사) 절약.

제악시럽다 (형용사) 제악(提握)하다 : 물건 따위를 손에 꼭 쥐고 있다는 뜻으로, 함부로 쓰지 아니하고 꼭 필요한 데에만 써서 아끼는 태도가 있다.

제악하다 (동사) 절약하다.

제앙님 (명사) 조왕님.

제업다 (형용사) 지겹다. 지루하다.

제에미 (감탄사) 제기랄 : 몹시 못마땅할 때 욕으로 하는 말.

제우 (명사) 1. 제위(祭位) : 제사를 받드는 신위(神位). ¶ 사당에 조부 제우를 모시 났다.(=사당에 조부 제위를 모셔 놨다.) 2. 제사. ¶ 내앨 할배 제우날 좀 일찍 오이라.(=내일 할아버지 제삿날 좀 일찍 오너라.) 

제우/제우시 (부사) 겨우.

제우다 (형용사) 겹다 : 정도나 양이 지나쳐 배겨내기 어렵다.

제우답 (명사) 제위답(祭位畓) : 예전에 추수한 곡식으로 제사 비용을 대기 위해 특별히 마련해 놓은 논을 이르던 말.

제우뚱하다 (동사) 갸우뚱하다.

제우시 (부사) 겨우.

제웁다 (형용사) 겹다. 지루하다.

제이다 (동사) (물을) 제기다 : 물이나 국물 따위를 조금씩 부어 떨어뜨리다.

제자 (명사) 저자 : 날마다 아침과 저녁으로 반찬거리를 사고팔기 위하여 열리는 작은 규모의 시장.

제자리 방마이/제자리 방매이 (관용어) 안성맞춤. 딱 들어맞다.

제잣거리 (명사) 저잣거리.

제절로 (부사) 저절로.

제주 (부사) 죄다. 모조리.

제지리다 (동사) 저지르다.

제질로 (부사) 저절로.

제집 (명사) 계집.

제집년 (명사) 계집년.

제집애 (명사) 계집아이.

제집자석 (명사) 계집자식.

제집질 (명사) 계집질.

제쪼대로 (부사) 제멋대로 : 제 하고 싶은 마음대로.

제찜에 (부사) 제바람에.

제통 (명사) 수저통 : 숟가락과 젓가락 따위를 담아 두거나 꽂아 두는 통.

제핏가리 (명사) 제핏가루. 초핏가루.

젝이나 (부사) 적이나 : 얼마간이라도.

젝제금 (부사) 제가끔.

젝제미/젝지미 (부사) 저마다.

젞기 (명사) 겪이 : 음식을 차려 남을 대접하는 일.

젞이보다/젂어보다 (부사) 겪어보다.

젤 (부사) 제일.

젤↑이다 (동사) (소금에) 절이다 : 푸성귀나 생선 따위에 소금기나 식초, 설탕 따위를 배어들게 하다.

젯가락 (명사) 젓가락.

젱일 (명사) 종일(終日).

젲↑기다 (동사) 젖히다.

젲기지다 (동사) 젖혀지다.

젲↑히다 (동사) 젖히다.

젲히지다 (동사) 젖혀지다.

조갑지 (명사) 조가비.

조개비 (명사) 조가비.

조구 (명사) 조기 : 민어과의 보구치, 수조기, 참조기 따위를 통틀어 이르는 말.

조근조근 (부사) 차근차근 : 낮은 목소리로 자세하게 이야기하는 모양.

조댕이 (명사) 주둥아리 : 사람의 입을 속되게 이르는 말.

조디이 (명사) 주둥아리 : 사람의 입을 속되게 이르는 말.

조따 (준말) 조기에다.

조라 (동사) 줘라, 주어라 : ‘주다’의 명령형.

조랑박 (명사) 조롱박.

조래 (명사) 조리 : 쌀을 이는 데에 쓰는 기구.

조래방마이 (명사) 촐랑이 : 자꾸 방정맞게 까부는 사람.

조래이 (명사) 조롱 : 어린아이들이 주머니끈이나 옷끈에 액막이로 차던 물건.

조래전에 빚을 내서라도 (속담) 조리 전(廛)에 빚을 낸다는 뜻으로 별짓을 다해서라도 돈을 마련하여 꼭 해야겠다는 말.

조랭이 (명사) 조리 : 쌀을 이는 데 쓰는 기구.

조럽다 (동사) 졸리다. 졸음이 오다.

조루다① (동사) (끈으로) 조르다 : 동이거나 감는 것을 단단히 죄다.

조루다② (동사) (끈덕지게) 조르다.

조리개/제리기 (명사) 겉절이.

조마이/주무이 (명사) 주머니.

조막디 (명사) 조막 : 주먹보다 작은 물건의 덩이를 비유적으로 이르는 말.

조막때이 (명사) ’조막’을 속되게 이르는 말.

조막만하다 (형용사) 주먹만큼 작다.

조:매 (부사) 좀처럼.

조:매 가이고는 (관용어) 좀처럼 하여서는.

조무래이 (명사) 조무래기 : 어린아이를 얕잡아 이르는 말. 쪼무래기.

조물조물 (감탄사) 죄암죄암.

조삐다 (준말) 주어버리다. 줘버리다.

조선 안다이다 (속담) 무엇이든지 잘 아는 체하는 사람을 빗대어 이르는 말.

조선조오/조선조우 (명사) 조선종이. 한지(韓紙). 

조신부리 (부사) 조신(操身)하게.

조앙 (명사) 조왕 : 부엌을 만든다는 신, 늘 부엌에 있으면서 모든 길흉을 판단한다고 한다.

조↑오①/조↑우/종↑오 (명사) 종이.

조오② (동사) 다오. 줘.

조오③ (대명사) 저기에. 저기. ¶ 거어 말고 조오 갖다 나라.(=거기 말고 저기에 갖다 놔라.)

조우다① (동사) 조르다 : 동이거나 감는 것을 단단히 죄다.

조우다② (동사) 조르다 : 다른 사람에게 차지고 끈덕지게 무엇을 자꾸 요구하다.

조우다③ (동사) (나사를) 죄다.

조작빼이 (명사) 조작품(造作品).

조잔하다/쪼잔하다 (형용사) 사람의 마음 쓰는 폭이 좁다. 

조접하다 (형용사) 조잡하다.

조짜배이 (명사) 조작품(造作品).

조창 (조사) 조차.",사투리,한국어,,2021-12-10 00:00:00,저작물양도계약서,진주시청,,,,제1유형,저작물,보호저작물,○,상업적이용가능,○,○,○,○,○,○,○,,2091-12-10 00:00:00,,
77,오디오,가이드/안내/정보,진주시청,진주시청,HOME > 진주소개 > 기본현황 > 진주 사투리 사전 > ㅈ,조캐 ~ 중신애비,"조캐 (명사) 조카.

조캐딸 (명사) 조카딸. 질녀(姪女).

조캐며느리 (명사) 조카며느리. 질부(姪婦).

조포/조푸 (명사) 두부.

졸갑시런 기신 물밥 천신 몬한다 (속담) ‘조급스런 귀신 물밥 차지 못한다.’는 뜻으로, 너무 서두르면 꾀하던 일을 그르친다는 말.

졸갑시럽다 (형용사) 조급스럽다.

졸갑지다 (동사) 조급하게 굴다. 몹시 서두르다.

졸따구 (명사) 졸때기 : 1. 변변하지 못한 낮은 지위에 있는 사람. 2. 보잘것없고 만만한 존재를 속되게 이르는 말. 졸개. 졸병.

졸래방정 (명사) 오두방정.

졸로 (부사) 저쪽으로.

졸우다 (동사) (물을) 졸이다 : 찌개, 국, 한약 따위의 물이 증발하여 분량이 적어지게 하다. ¶ 국을 너무 졸우지 마라.

졸졸이 (부사) 나란히.

졸졸하이/졸하이 (부사) 나란하게.

좀도리 (명사) 절미(節米) : 쌀을 절약함.

좀만 하다 (관용어) 바구미처럼 아주 작다.

좀좀 (감탄사) 죄암죄암.

좀해서 (부사) 좀처럼. 

좁작하다 (형용사) 좁직하다.

종구레기/종구레이/종그라기 (명사) 종구라기 : 조그마한 바가지.

종구재이/종구쟁이 (명사) 요령잡이 : 장사를 지내기 위하여 상여가 나갈 때에 요령을 들고 가는 사람. 요령을 흔들어 소리를 내어서 상여꾼들을 지휘하고 발을 맞추게 한다.

종굴박 (명사) 조롱박.

종기(←좋은 것이) (준말) 좋은 게. ¶ 종기 좋지 머.(=좋은 게 좋지 뭐.)

종내기/종내이 (명사) 남의 집 아이를 낮추어 부르는 말. ¶ 조놈 아:는 누 집 종내기고?(=저놈 아이는 누구 집 아이냐?)

종지불 (명사) 호롱불.

좋기 (부사) 좋게. ¶ 좋기 말할 때 가거라.(=좋게 말할 때 가거라.)

주게 (명사) 주걱 : 밥을 푸는 도구. 

주게텍 (명사) 주걱턱.

주군깨 (명사) 주근깨.

주끼미/쭈끼미 (명사) 주꾸미.

주녁 (명사) 주눅.

주녁들다 (동사) 주눅들다.

주디이/주딩이 (명사) 주둥이.

주디이만 끗고 데이다 (속담) 입만 가지고 다니다. 남에게 얻어먹기만 하는 사람을 빗대어 이르는 말.

주룸 (명사) 주름.

주룸살 (명사) 주름살.

주리 (명사) 거스름돈, 잔돈, 낱돈.

주목/주묵 (명사) 주먹.

주무니/주무이/주무치 (명사) 주머니. 염낭. 두루주머니.

주무리다 (동사) 주무르다.

주묵 (명사) 주먹.

주묵구구 (명사) 주먹구구.

주묵다짐 (명사) 주먹다짐.

주묵띠이 (명사) 주먹덩이.

주묵만하다 (형용사) 주먹만하다.

주묵밥 (명사) 주먹밥.

주묵질 (명사) 주먹질.

주묵치기 (명사) 주먹치기 : 1. 상대편이 내민 주먹을 때리는 놀이. 2. 일을 계획 없이 되는 대로 처리하는 짓.

주밥 (명사) 인주(印朱) : 도장을 찍는 데 쓰는 붉은 빛의 재료.

주서듣다 (동사) 주워듣다 : 귓결에 얻어듣다.

주서셍기다/주우셍기다 (동사) 주워섬기다 : 들은 대로 본 대로 수다스럽고 장황하게 이야기하다.

주우/중우 (명사) 중의(中衣) : 남자의 여름 홑바지.

주우내다 (동사) 주워내다.

주우듣다 (동사) 주워듣다.

주우라 (동사) ‘줍다’의 명령형.

주우묵다 (동사) 주워먹다.

주우셍기다 (동사) 주워섬기다.

주우패다 (동사) 마구 때리다.

주운자 (명사) 주전자.

주잕다 (동사) 주저앉다. ¶ 방바닥에 주잖아 있다.

주주우 (감탄사) 구구 : 닭을 부르는 소리.

주지 (명사) 주저 : 머뭇거리고 망설임.

주지껍디기/주지껍디이/주지껍지 (명사) 나무껍질.

주지넙다 (형용사) 주제넘다.

주지앉다 (동사) 주저앉다.

주지주지하다 (동사) 주저주저하다.

주지하다 (동사) 주저하다.

주진머리/주진버리 (명사) 주전부리 : 때를 가리지 아니하고 군음식을 자꾸 먹음. 또 그런 입버릇.

주진자 (명사) 주전자.

주책바가치 (명사) 주책바가지.

주추/주치① (명사) 부싯기 : 부시를 치는 데 불똥이 박혀서 불이 붙도록 부싯돌에 대는 물건. 수리취, 쑥 잎 따위를 불에 볶아 곱게 비벼서 만든다.

주치② (명사) 지치. 지초(芝草).

주치다 (동사) 주눅이 들다. 기가 죽다.

주칫돌 (명사) 주춧돌.

주태배기/주태배이 (명사) 술고래.

죽구일 (명사) 죽공(竹工). 죽세공.

죽데이/쭉데이 (명사) 죽데기.

죽도가리 (명사) 흉년에 죽 한 끼에 내놓은 논배미.

죽밥 (명사) 인주(印朱) : 도장을 찍는 데 쓰는 붉은 빛의 재료.

죽석자리 (명사) 대자리 : 대오리로 엮어 만든 자리.

죽신 (명사) 죽순(竹筍).

죽장 (부사) 늘. 줄곧 : 끊임없이 죽 잇달아. 

줄거리 (명사) 줄기. ¶ 무시 줄거리(=무 줄기).

줄대불 (명사) 횃대 : 벽에 옷을 걸 수 있게 만든 막대.

줄댓보 (명사) 횃대보 : 횃대에 걸어 놓은 옷을 덮는 큰 보자기.

줄베이/줄벵이 (명사) 줄 : 길이로 죽 벌이거나 늘어 있는 것.

줄우다 (동사) 줄이다 : 물체의 길이나 넓이, 부피 따위를 본디보다 작게 하다. ‘줄다’의 사동사. ¶ 짐을 줄아서 이사할 끼다.(=짐을 줄여서 이사할 것이다.) / 바지를 줄아 입었다.

줄잽이 (명사) 줄잡이 : 줄모를 심을 때 못줄을 대주는 사람.

줌치 (명사) 1. 염낭, 두루주머니 : 허리에 차는 작은 주머니의 하나. 아가리에 주름을 잡고 끈 두 개를 좌우로 꿰어서 홀치며, 위는 모가 지고 아래는 둥글다. 2. 주머니. ¶ 양복줌치(=양복주머니).

줌치끈 (명사) 염낭끈.

줌치칼 (명사) 주머니칼.

줏다 (동사) 줍다. ¶ 낙엽을 줏을 끼가?(=낙엽을 주울 거냐?) / 머 줏고 있네?(=뭘 줍고 있느냐?)

중대가리 (명사) 대머리.

중도 소도 아이다 (속담) 중도 속세(俗世) 사람도 아니다. 이도 저도 아닌 것을 비유해 이르는 말.

중때이 (명사) (산) 중턱.

중발 (명사) (그릇) 보시기.

중신애비 (명사) 중매인. 중매쟁이.",2021-12-10 00:00:00,96,미부착,제1유형,무,,조캐 ~ 중신애비,,어문,음성,"조캐 (명사) 조카.

조캐딸 (명사) 조카딸. 질녀(姪女).

조캐며느리 (명사) 조카며느리. 질부(姪婦).

조포/조푸 (명사) 두부.

졸갑시런 기신 물밥 천신 몬한다 (속담) ‘조급스런 귀신 물밥 차지 못한다.’는 뜻으로, 너무 서두르면 꾀하던 일을 그르친다는 말.

졸갑시럽다 (형용사) 조급스럽다.

졸갑지다 (동사) 조급하게 굴다. 몹시 서두르다.

졸따구 (명사) 졸때기 : 1. 변변하지 못한 낮은 지위에 있는 사람. 2. 보잘것없고 만만한 존재를 속되게 이르는 말. 졸개. 졸병.

졸래방정 (명사) 오두방정.

졸로 (부사) 저쪽으로.

졸우다 (동사) (물을) 졸이다 : 찌개, 국, 한약 따위의 물이 증발하여 분량이 적어지게 하다. ¶ 국을 너무 졸우지 마라.

졸졸이 (부사) 나란히.

졸졸하이/졸하이 (부사) 나란하게.

좀도리 (명사) 절미(節米) : 쌀을 절약함.

좀만 하다 (관용어) 바구미처럼 아주 작다.

좀좀 (감탄사) 죄암죄암.

좀해서 (부사) 좀처럼. 

좁작하다 (형용사) 좁직하다.

종구레기/종구레이/종그라기 (명사) 종구라기 : 조그마한 바가지.

종구재이/종구쟁이 (명사) 요령잡이 : 장사를 지내기 위하여 상여가 나갈 때에 요령을 들고 가는 사람. 요령을 흔들어 소리를 내어서 상여꾼들을 지휘하고 발을 맞추게 한다.

종굴박 (명사) 조롱박.

종기(←좋은 것이) (준말) 좋은 게. ¶ 종기 좋지 머.(=좋은 게 좋지 뭐.)

종내기/종내이 (명사) 남의 집 아이를 낮추어 부르는 말. ¶ 조놈 아:는 누 집 종내기고?(=저놈 아이는 누구 집 아이냐?)

종지불 (명사) 호롱불.

좋기 (부사) 좋게. ¶ 좋기 말할 때 가거라.(=좋게 말할 때 가거라.)

주게 (명사) 주걱 : 밥을 푸는 도구. 

주게텍 (명사) 주걱턱.

주군깨 (명사) 주근깨.

주끼미/쭈끼미 (명사) 주꾸미.

주녁 (명사) 주눅.

주녁들다 (동사) 주눅들다.

주디이/주딩이 (명사) 주둥이.

주디이만 끗고 데이다 (속담) 입만 가지고 다니다. 남에게 얻어먹기만 하는 사람을 빗대어 이르는 말.

주룸 (명사) 주름.

주룸살 (명사) 주름살.

주리 (명사) 거스름돈, 잔돈, 낱돈.

주목/주묵 (명사) 주먹.

주무니/주무이/주무치 (명사) 주머니. 염낭. 두루주머니.

주무리다 (동사) 주무르다.

주묵 (명사) 주먹.

주묵구구 (명사) 주먹구구.

주묵다짐 (명사) 주먹다짐.

주묵띠이 (명사) 주먹덩이.

주묵만하다 (형용사) 주먹만하다.

주묵밥 (명사) 주먹밥.

주묵질 (명사) 주먹질.

주묵치기 (명사) 주먹치기 : 1. 상대편이 내민 주먹을 때리는 놀이. 2. 일을 계획 없이 되는 대로 처리하는 짓.

주밥 (명사) 인주(印朱) : 도장을 찍는 데 쓰는 붉은 빛의 재료.

주서듣다 (동사) 주워듣다 : 귓결에 얻어듣다.

주서셍기다/주우셍기다 (동사) 주워섬기다 : 들은 대로 본 대로 수다스럽고 장황하게 이야기하다.

주우/중우 (명사) 중의(中衣) : 남자의 여름 홑바지.

주우내다 (동사) 주워내다.

주우듣다 (동사) 주워듣다.

주우라 (동사) ‘줍다’의 명령형.

주우묵다 (동사) 주워먹다.

주우셍기다 (동사) 주워섬기다.

주우패다 (동사) 마구 때리다.

주운자 (명사) 주전자.

주잕다 (동사) 주저앉다. ¶ 방바닥에 주잖아 있다.

주주우 (감탄사) 구구 : 닭을 부르는 소리.

주지 (명사) 주저 : 머뭇거리고 망설임.

주지껍디기/주지껍디이/주지껍지 (명사) 나무껍질.

주지넙다 (형용사) 주제넘다.

주지앉다 (동사) 주저앉다.

주지주지하다 (동사) 주저주저하다.

주지하다 (동사) 주저하다.

주진머리/주진버리 (명사) 주전부리 : 때를 가리지 아니하고 군음식을 자꾸 먹음. 또 그런 입버릇.

주진자 (명사) 주전자.

주책바가치 (명사) 주책바가지.

주추/주치① (명사) 부싯기 : 부시를 치는 데 불똥이 박혀서 불이 붙도록 부싯돌에 대는 물건. 수리취, 쑥 잎 따위를 불에 볶아 곱게 비벼서 만든다.

주치② (명사) 지치. 지초(芝草).

주치다 (동사) 주눅이 들다. 기가 죽다.

주칫돌 (명사) 주춧돌.

주태배기/주태배이 (명사) 술고래.

죽구일 (명사) 죽공(竹工). 죽세공.

죽데이/쭉데이 (명사) 죽데기.

죽도가리 (명사) 흉년에 죽 한 끼에 내놓은 논배미.

죽밥 (명사) 인주(印朱) : 도장을 찍는 데 쓰는 붉은 빛의 재료.

죽석자리 (명사) 대자리 : 대오리로 엮어 만든 자리.

죽신 (명사) 죽순(竹筍).

죽장 (부사) 늘. 줄곧 : 끊임없이 죽 잇달아. 

줄거리 (명사) 줄기. ¶ 무시 줄거리(=무 줄기).

줄대불 (명사) 횃대 : 벽에 옷을 걸 수 있게 만든 막대.

줄댓보 (명사) 횃대보 : 횃대에 걸어 놓은 옷을 덮는 큰 보자기.

줄베이/줄벵이 (명사) 줄 : 길이로 죽 벌이거나 늘어 있는 것.

줄우다 (동사) 줄이다 : 물체의 길이나 넓이, 부피 따위를 본디보다 작게 하다. ‘줄다’의 사동사. ¶ 짐을 줄아서 이사할 끼다.(=짐을 줄여서 이사할 것이다.) / 바지를 줄아 입었다.

줄잽이 (명사) 줄잡이 : 줄모를 심을 때 못줄을 대주는 사람.

줌치 (명사) 1. 염낭, 두루주머니 : 허리에 차는 작은 주머니의 하나. 아가리에 주름을 잡고 끈 두 개를 좌우로 꿰어서 홀치며, 위는 모가 지고 아래는 둥글다. 2. 주머니. ¶ 양복줌치(=양복주머니).

줌치끈 (명사) 염낭끈.

줌치칼 (명사) 주머니칼.

줏다 (동사) 줍다. ¶ 낙엽을 줏을 끼가?(=낙엽을 주울 거냐?) / 머 줏고 있네?(=뭘 줍고 있느냐?)

중대가리 (명사) 대머리.

중도 소도 아이다 (속담) 중도 속세(俗世) 사람도 아니다. 이도 저도 아닌 것을 비유해 이르는 말.

중때이 (명사) (산) 중턱.

중발 (명사) (그릇) 보시기.

중신애비 (명사) 중매인. 중매쟁이.",사투리,한국어,,2021-12-10 00:00:00,저작물양도계약서,진주시청,,,,제1유형,저작물,보호저작물,○,상업적이용가능,○,○,○,○,○,○,○,,2091-12-10 00:00:00,,
78,오디오,가이드/안내/정보,진주시청,진주시청,HOME > 진주소개 > 기본현황 > 진주 사투리 사전 > ㅈ,중신재이 ~ 지왓장,"중신재이 (명사) 중매인. 중매쟁이.

중어리 (명사) 산허리.

중우 (명사) 중의(中衣) : 남자의 여름 홑바지.

중우가래이/중우가랭이 (명사) 바짓가랑이.

중우고말 (명사) 바지허리춤.

중치 (명사) 중추(中樞) : 1. 사물의 중심이 되는 중요한 부분. 2. 신경 중추. 

중치가 맥히다 (관용어) 신경 중추가 막힐 정도로 너무 뜻밖이어서 어처구니가 없다는 말. ¶ 중치가 맥히가 말이 안 나오네.(=기가 막혀 말이 안 나오네.)

중테이 (명사) (산) 중턱.

즐거버하다 (동사) 즐거워하다.

지① (대명사) 저 : 1인칭 대명사.

지② (명사) 쥐.

지거럽다 (형용사) 징그럽다.

지게멜빵 (명사) 밀삐 : 지게에 매어 있는, 지게를 지는 끈.

지게목다리 (명사) 지겟다리.

지게목발 (명사) 지겟다리.

지게이 (명사) 쥐치 : 쥐칫과의 바닷물고기.

지겟작대이 (명사) 지겟작대기 : 지게를 버티어 세우는 긴 막대기.

지기다① (동사) 죽이다.

지기다②/지이다 (동사) 부리다 : 행동이나 성질 따위를 계속 드러내거나 보이다. 

지기미① (명사) (머리) 비듬 : 두피에서 쌀겨 모양으로 표피 탈락이 발생하여 각질이 눈에 띄게 나타나는 현상.

지기미② (명사) (술) 지게미.

지기미③ (명사) 제미. 1. ‘자기의 (어미)’의 (준말)로 일이 잘 알 될 때 하는 말. ¶ 지기미 시발 거, 일 디기 안 풀리네. 2. 남을 욕할 때 쓰는 말. ¶ 지기미 시발놈 : 남에게 하는 심한 욕설. 

지끼다① (동사) 지키다.

지끼다② (동사) 지껄이다.

지나깨나 (부사) 도나캐나 : 하찮은 아무나. ¶ 주인이 마음 좋으이께네 종놈들이 지나깨나 나서네.(=주인이 마음이 좋으니까 종놈들이 도나캐나 나서네.)

지다① (형용사) 곡식 따위가 잘 안 되다. ¶ 올 깨농사가 져뿠네.(=올해 참깨농사가 잘 안 됐네.)

지다② (동사) 쥐다. ¶ 소풀을 지고 있다.(=부추를 쥐고 있다.)

지다리다 (동사) 기다리다.

지다맣다 (형용사) 기다랗다.

지담하다 (형용사) 기다마하다.

지당 (명사) 지탱. 

지당하다 (동사) 지탱하다. ¶ 째깬한 그거 갖고 저 무건 걸 지당하겄나?(=조그마한 그걸 가지고 저 무거운 것을 지탱하겠느냐?)

지대다 (동사) 기대다.

지덕 (명사) 진흙.

지독시리 (부사) 지독스레. 지독하게.

지둥 (명사) 기둥.

지둥뿌리 (명사) 기둥뿌리 : 사물을 지탱하는 기반을 비유적으로 이르는 말.

지둥서방 (명사) 기둥서방.

지둥을 뚜디리모 보짱이 울린다 (속담) 기둥을 두드리면 대들보가 울린다는 뜻으로, 어떤 대상을 직접 탓하지 않고 간접적으로 말을 해도 자연히 영향을 입게 되는 것을 비유적으로 이르는 말.

지뚜래미 (명사) 귀뚜라미.

지뚱기리다 (동사) 기우뚱거리다.

지뚱지뚱 (부사) 뒤뚱뒤뚱.

지랄개병 (명사) 꼴사납게 마구 법석을 떨거나 분별없이 행동함을 욕하여 이르는 말.

지랄 겉다 (관용어) 일이 어렵고 까다로워 하기 힘들다.

지래 (명사) 지라(脾臟) : 척추동물의 림프계 기관. 위(胃)의 왼쪽이나 뒤쪽에 있으며, 오래된 적혈구나 혈소판을 파괴하거나 림프구를 만들어 내는 작용을 한다.

지럭지 (명사) 길이. 

지럭지럭 (부사) 질퍽질퍽.

지럭지럭하다 (형용사) 질퍽질퍽하다.

지렁 (명사) 기장 : 옷의 길이.

지렁/지렁장 (명사) 간장.

지루다①/지뤃다 (동사) 기르다.

지루다② (동사) (돈을) 키우다.

지뤃다 (동사) 기르다.

지름 (명사) 기름.

지름빼재이 (명사) 기름투성이.

지름장 (명사) 기름장.

지름질 (명사) 지름길.

지름통 (명사) 기름통.

지름틀 (명사) 기름틀.

지리 (명사) 지레 : 어떤 일이 일어나기 전. 또는 어떤 기회나 때가 무르익기 전에 미리.

지리기 (명사) 길이.

지리다 (동사) 곡식이나 가축이 잘 자라다. 

지리짐작 (명사) 지레짐작.

지릿대 (명사) 지렛대.

지맛대로 (부사) 제멋대로.

지망없다 (형용사) 기망(期望)없다 : 어떠한 일이 이루어지기를 바라는 마음이 없다.

지물에 (부사) 제물에. 저 혼자 스스로.

지미 (명사) 기미 : 얼굴에 끼는 거뭇한 얼룩점.

지박하다 (형용사) 투박하다.

지북하다 (형용사) 그들먹하거나 수북하다.

지붕먼대이 (명사) 용마루.

지붕멀랑 (명사) 용마루.

지뽐 (명사) 집게뼘. 집뼘 : 엄지손가락과 집게손가락을 벌렸을 때에 손가락 사이의 길이.

지뿔 (명사) 쥐뿔 : 아주 보잘것없거나 규모가 작은 것을 비유적으로 이르는 말.

지사 (명사) 제사.

지상 짬도 없다 (속담) 사리 분별력이 없다. 아무 철딱서니가 없다. 아무 쓸 데가 없다.

지스리/지슬/지슭 (명사) 기슭.

지슬가지 (명사) 기슭.

지슴 (명사) 김. 잡초.

지시랑 (명사) 기스락.

지시랑물 (명사) 기스락물. 낙숫물.

지시레이 (명사) 지스러기.

지심 (명사) 기음 : 논, 밭에 난 잡풀.

지심매다 (동사) 김매다.

지아/지애/지와 (명사) 기와.

지애다 (동사) 에끼다 : 서로 주고받을 물건이나 일 따위를 비겨 없애다.

지애묵다 (동사) 에껴 없애다.

지애비 (명사) 지아비 : 웃어른 앞에서 자기 남편을 낮추어 이르는 말.

지애집 (명사) 기와집.

지앳장 (명사) 기왓장.

지업다 (형용사) 겹다. 지겹다.

지에미/지이미 (명사) 지(어미) : 웃어른 앞에서 자기 아내를 낮추어 이르는 말.

지와 (명사) 기와.

지왓장 (명사) 기왓장.",2021-12-10 00:00:00,94,미부착,제1유형,무,,중신재이 ~ 지왓장,,어문,음성,"중신재이 (명사) 중매인. 중매쟁이.

중어리 (명사) 산허리.

중우 (명사) 중의(中衣) : 남자의 여름 홑바지.

중우가래이/중우가랭이 (명사) 바짓가랑이.

중우고말 (명사) 바지허리춤.

중치 (명사) 중추(中樞) : 1. 사물의 중심이 되는 중요한 부분. 2. 신경 중추. 

중치가 맥히다 (관용어) 신경 중추가 막힐 정도로 너무 뜻밖이어서 어처구니가 없다는 말. ¶ 중치가 맥히가 말이 안 나오네.(=기가 막혀 말이 안 나오네.)

중테이 (명사) (산) 중턱.

즐거버하다 (동사) 즐거워하다.

지① (대명사) 저 : 1인칭 대명사.

지② (명사) 쥐.

지거럽다 (형용사) 징그럽다.

지게멜빵 (명사) 밀삐 : 지게에 매어 있는, 지게를 지는 끈.

지게목다리 (명사) 지겟다리.

지게목발 (명사) 지겟다리.

지게이 (명사) 쥐치 : 쥐칫과의 바닷물고기.

지겟작대이 (명사) 지겟작대기 : 지게를 버티어 세우는 긴 막대기.

지기다① (동사) 죽이다.

지기다②/지이다 (동사) 부리다 : 행동이나 성질 따위를 계속 드러내거나 보이다. 

지기미① (명사) (머리) 비듬 : 두피에서 쌀겨 모양으로 표피 탈락이 발생하여 각질이 눈에 띄게 나타나는 현상.

지기미② (명사) (술) 지게미.

지기미③ (명사) 제미. 1. ‘자기의 (어미)’의 (준말)로 일이 잘 알 될 때 하는 말. ¶ 지기미 시발 거, 일 디기 안 풀리네. 2. 남을 욕할 때 쓰는 말. ¶ 지기미 시발놈 : 남에게 하는 심한 욕설. 

지끼다① (동사) 지키다.

지끼다② (동사) 지껄이다.

지나깨나 (부사) 도나캐나 : 하찮은 아무나. ¶ 주인이 마음 좋으이께네 종놈들이 지나깨나 나서네.(=주인이 마음이 좋으니까 종놈들이 도나캐나 나서네.)

지다① (형용사) 곡식 따위가 잘 안 되다. ¶ 올 깨농사가 져뿠네.(=올해 참깨농사가 잘 안 됐네.)

지다② (동사) 쥐다. ¶ 소풀을 지고 있다.(=부추를 쥐고 있다.)

지다리다 (동사) 기다리다.

지다맣다 (형용사) 기다랗다.

지담하다 (형용사) 기다마하다.

지당 (명사) 지탱. 

지당하다 (동사) 지탱하다. ¶ 째깬한 그거 갖고 저 무건 걸 지당하겄나?(=조그마한 그걸 가지고 저 무거운 것을 지탱하겠느냐?)

지대다 (동사) 기대다.

지덕 (명사) 진흙.

지독시리 (부사) 지독스레. 지독하게.

지둥 (명사) 기둥.

지둥뿌리 (명사) 기둥뿌리 : 사물을 지탱하는 기반을 비유적으로 이르는 말.

지둥서방 (명사) 기둥서방.

지둥을 뚜디리모 보짱이 울린다 (속담) 기둥을 두드리면 대들보가 울린다는 뜻으로, 어떤 대상을 직접 탓하지 않고 간접적으로 말을 해도 자연히 영향을 입게 되는 것을 비유적으로 이르는 말.

지뚜래미 (명사) 귀뚜라미.

지뚱기리다 (동사) 기우뚱거리다.

지뚱지뚱 (부사) 뒤뚱뒤뚱.

지랄개병 (명사) 꼴사납게 마구 법석을 떨거나 분별없이 행동함을 욕하여 이르는 말.

지랄 겉다 (관용어) 일이 어렵고 까다로워 하기 힘들다.

지래 (명사) 지라(脾臟) : 척추동물의 림프계 기관. 위(胃)의 왼쪽이나 뒤쪽에 있으며, 오래된 적혈구나 혈소판을 파괴하거나 림프구를 만들어 내는 작용을 한다.

지럭지 (명사) 길이. 

지럭지럭 (부사) 질퍽질퍽.

지럭지럭하다 (형용사) 질퍽질퍽하다.

지렁 (명사) 기장 : 옷의 길이.

지렁/지렁장 (명사) 간장.

지루다①/지뤃다 (동사) 기르다.

지루다② (동사) (돈을) 키우다.

지뤃다 (동사) 기르다.

지름 (명사) 기름.

지름빼재이 (명사) 기름투성이.

지름장 (명사) 기름장.

지름질 (명사) 지름길.

지름통 (명사) 기름통.

지름틀 (명사) 기름틀.

지리 (명사) 지레 : 어떤 일이 일어나기 전. 또는 어떤 기회나 때가 무르익기 전에 미리.

지리기 (명사) 길이.

지리다 (동사) 곡식이나 가축이 잘 자라다. 

지리짐작 (명사) 지레짐작.

지릿대 (명사) 지렛대.

지맛대로 (부사) 제멋대로.

지망없다 (형용사) 기망(期望)없다 : 어떠한 일이 이루어지기를 바라는 마음이 없다.

지물에 (부사) 제물에. 저 혼자 스스로.

지미 (명사) 기미 : 얼굴에 끼는 거뭇한 얼룩점.

지박하다 (형용사) 투박하다.

지북하다 (형용사) 그들먹하거나 수북하다.

지붕먼대이 (명사) 용마루.

지붕멀랑 (명사) 용마루.

지뽐 (명사) 집게뼘. 집뼘 : 엄지손가락과 집게손가락을 벌렸을 때에 손가락 사이의 길이.

지뿔 (명사) 쥐뿔 : 아주 보잘것없거나 규모가 작은 것을 비유적으로 이르는 말.

지사 (명사) 제사.

지상 짬도 없다 (속담) 사리 분별력이 없다. 아무 철딱서니가 없다. 아무 쓸 데가 없다.

지스리/지슬/지슭 (명사) 기슭.

지슬가지 (명사) 기슭.

지슴 (명사) 김. 잡초.

지시랑 (명사) 기스락.

지시랑물 (명사) 기스락물. 낙숫물.

지시레이 (명사) 지스러기.

지심 (명사) 기음 : 논, 밭에 난 잡풀.

지심매다 (동사) 김매다.

지아/지애/지와 (명사) 기와.

지애다 (동사) 에끼다 : 서로 주고받을 물건이나 일 따위를 비겨 없애다.

지애묵다 (동사) 에껴 없애다.

지애비 (명사) 지아비 : 웃어른 앞에서 자기 남편을 낮추어 이르는 말.

지애집 (명사) 기와집.

지앳장 (명사) 기왓장.

지업다 (형용사) 겹다. 지겹다.

지에미/지이미 (명사) 지(어미) : 웃어른 앞에서 자기 아내를 낮추어 이르는 말.

지와 (명사) 기와.

지왓장 (명사) 기왓장.",사투리,한국어,,2021-12-10 00:00:00,저작물양도계약서,진주시청,,,,제1유형,저작물,보호저작물,○,상업적이용가능,○,○,○,○,○,○,○,,2091-12-10 00:00:00,,
79,오디오,가이드/안내/정보,진주시청,진주시청,HOME > 진주소개 > 기본현황 > 진주 사투리 사전 > ㅈ,지우 ~ 질기다,"지우 (명사) 지방(紙榜) : 종잇조각에 지방문을 써서 만든 신주(神主).

지우다/지울다 (동사) 기울다. ¶ 지둥이 지우거등(=기둥이 기울거든) 막대기로 버타라.

지우뚱기리다 (동사) 기우뚱거리다.

지우러지다 (동사) 기울어지다.

지울 (명사) 기울 : 밀이나 귀리 등의 가루를 쳐내고 남은 속껍질. ¶ 밀지울(=밀기울).

지울다 (동사) 기울다.

지울땅하다 (형용사) 기우뚱하다.

지웃기리다 (동사) 기웃거리다.

지↑이내다 (동사) 지어내다 : 없는 사실을 만들거나 꾸며서 내다.

지이다① (동사) (물을) 뿌리다.

지이다② (동사) 부리다. ¶ 억지를 지인다.(=억지를 부린다.) / 기게가 말썽을 지인다.(=기계가 말썽을 부린다.) 

지이뜯기다 (동사) 쥐어뜯기다.

지이뜯다 (동사) 쥐어뜯다.

지이묵다① (동사) 집어먹다.

지이묵다② (동사) (농사를) 지어먹다.

지이미① (감탄사) 제미 : 몹시 못마땅할 때 욕으로 하는 말.

지이미② (명사) 지게미.

지이박다 (동사) 쥐어박다.

지이뿌리다 (동사) 쥐어뿌리다.

지이↑살다 (동사) 쥐여살다.

지이짜다 (동사) 쥐어짜다. 짜증부리다. 눈물을 짜다.

지인 (명사) 주인. ¶ 지인장 게시오? (=주인장 계시오?)

지인양반 (명사) 주인양반.

지자 (명사) 치자 : 치자나무 열매. 열을 내리는 작용이 있어 여러 가지 출혈증과 황달, 오줌 양이 적으면서 잘 나오지 않는 증세에 쓴다.

지자나무 (명사) 치자나무.

지장 (명사) 기장 : 옷의 길이.

지저구 (명사) 짓. 짓거리.

지절로지절로 (부사) 저절로.

지정 (명사) (곡식) 기장 : 볏과의 한해살이풀. 열매는 황실(黃實)이라고 하는데 엷은 누런색으로 떡, 술, 엿, 빵 따위의 원료나 가축의 사료로 쓴다.

지주구다 (동사) 지저귀다.

지주구리다 (동사) 지절거리다.

지주:다 (동사) 지저귀다. 지껄이다.

지지 (명사) 어린애에게 ‘젖’을 일컫는 말. 

지지개/지지기 (명사) 기지개.

지지기다 (동사) 지저귀다. 지절거리다.

지지리 (명사) 기지개.

지지미/지짐/찌짐 (명사) 부침개. 전(煎) : 생선이나 고기, 채소 따위를 얇게 썰거나 다져 양념을 한 뒤, 밀가루를 묻혀 기름에 지진 음식을 통틀어 이르는 말.

지지부리하다 (형용사) 지지부레하다 : 모두가 보잘것없이 변변하지 아니하다.

지질 (명사) 치질 : 항문 안팎에 생기는 외과적 질병을 통틀어 이르는 말.

지질이 몬 나다 (관용어) 지질하게 못 나다.

지질징 (명사) 싫증. ¶ 지질징이 난다.(=싫증이 난다.)

지천 (명사) 지청구 : 까닭 없이 남을 탓하고 원망함. 꾸지람.

지천꾸리 (명사) 지청구꾸러기.

지천듣다 (동사) 지청구듣다.

지천하다 (동사) 지청구하다.

지추다 (동사) 일의 순서를 뒤로 미루다.

지축대다 (동사) 지분거리다. 

지치 (명사) 쥐치 : 쥐칫과의 바닷물고기.

지치다 (동사) 끼치다 : 영향, 해, 은혜 따위를 당하거나 입게 하다. ¶ 페 마이 지치고 갑니다.(=폐 많이 끼치고 갑니다.)

지침 (명사) 기침.

지패이/지팽이 (명사) 지팡이.

지포 (명사) 쥐치포.

지푸다 (형용사) 깊다.

지풀에 (부사) 제풀에.

직이다① (동사) 죽이다.

직이다② (동사) (물을) 뿌리다.

직차 (명사) 지차 : 맏이 이외의 자식들.

진 (관형사) 긴. ¶ 진 치매(=긴 치마.)

진개 (명사) 진눈깨비.

진꼴빼다/찐꼴빼다 (동사) ’진을 빼다’는 뜻으로 힘이나 정력을 다 써 없애서 기진맥진하게 되다.

진등 (명사) 긴등 : 길게 뻗어나간 언덕의 등성이.

진땅 (명사) 질탕 : 신이 나서 정도가 지나치게 흥에 겨워 놂.

진땅마시다 (동사) 질탕마시다.

진땅묵다 (동사) 질탕먹다.

진방궂다 (형용사) 잔망스럽다.

진베개 (명사) 두둥베개 : 갓 혼인한 부부가 함께 베는 긴 베개.

진정머리 (명사) 진절머리. ¶ 시집간 딸아가 돈 빌리 달라 캐 사서 진정머리 난다.(=시집간 딸애가 돈 빌려 달라고 해 대서 진절머리 난다.)

진주 굿이 한목 난다 (속담) 진주는 굿이 벌어지면 한목에 벌어진다는 뜻으로. 역사적인 사건 등 어떤 일이 일어나면 한목에 일어남을 비유적으로 이르는 말.

진지리/진질미진지리/진질미 (명사) 진저리.

진진 (감탄사) 곤지곤지 : 젖먹이에게 왼손 손바닥에 오른손 집게손가락을 댔다 뗐다 하라는 뜻으로 내는 소리.

진진날 (명사) 긴긴날 : 길고 긴 날.

진진밤 (명사) 긴긴밤 : 길고 긴 밤.

진진해 (명사) 긴긴해 : 떴다 지는 동안이 썩 긴 해. 낮이 밤보다 긴 여름날의 해를 이른다.

진질미 (명사) 진저리.

진질미나다 (동사) 진저리나다.

진짜배이 (명사) 진짜배기.

진차이/진찬이 (부사) 괜히.

진찬은 (형용사) 괜한. ¶ 진찬은 짓 하고 있네.(=괜한 짓 하고 있네.)

진태 (명사) 진눈깨비.

짇다① (동사) 긷다. ¶ 물 짇는 통. / 새미에 가서 물 질어 온나.

짇다② (동사) 자라다 : 이자 따위가 붇거나 채소, 머리카락 따위가 자라다. ¶ 이자가 짇거든 돈 쫌 주께. / 은앵에 넣어 돈을 질아라. 

질① (명사) 길.

질② (명사) (고유어 수 뒤에 쓰여) 길이, 높이의 단위.

질가[-까] (명사) 길가 : 길의 가장자리.

질거리[-꺼-] (명사) 길거리. 

질겁다 (형용사) 즐겁다.

질겁하다 (동사) 기겁하다.

질구다 (동사) (콩나물을) 기르다.

질금 (명사) 엿기름.

질금가리 (명사) 엿기름가루.

질금나물 (명사) 숙주나물.

질기① (부사) 길게. 자꾸. 계속.

질기② (부사) 지레. ¶ 질기 겁을 지묵는다.(=지레 겁을 집어먹는다.)

질기다 (동사) 즐기다.",2021-12-10 00:00:00,94,미부착,제1유형,무,,지우 ~ 질기다,,어문,음성,"지우 (명사) 지방(紙榜) : 종잇조각에 지방문을 써서 만든 신주(神主).

지우다/지울다 (동사) 기울다. ¶ 지둥이 지우거등(=기둥이 기울거든) 막대기로 버타라.

지우뚱기리다 (동사) 기우뚱거리다.

지우러지다 (동사) 기울어지다.

지울 (명사) 기울 : 밀이나 귀리 등의 가루를 쳐내고 남은 속껍질. ¶ 밀지울(=밀기울).

지울다 (동사) 기울다.

지울땅하다 (형용사) 기우뚱하다.

지웃기리다 (동사) 기웃거리다.

지↑이내다 (동사) 지어내다 : 없는 사실을 만들거나 꾸며서 내다.

지이다① (동사) (물을) 뿌리다.

지이다② (동사) 부리다. ¶ 억지를 지인다.(=억지를 부린다.) / 기게가 말썽을 지인다.(=기계가 말썽을 부린다.) 

지이뜯기다 (동사) 쥐어뜯기다.

지이뜯다 (동사) 쥐어뜯다.

지이묵다① (동사) 집어먹다.

지이묵다② (동사) (농사를) 지어먹다.

지이미① (감탄사) 제미 : 몹시 못마땅할 때 욕으로 하는 말.

지이미② (명사) 지게미.

지이박다 (동사) 쥐어박다.

지이뿌리다 (동사) 쥐어뿌리다.

지이↑살다 (동사) 쥐여살다.

지이짜다 (동사) 쥐어짜다. 짜증부리다. 눈물을 짜다.

지인 (명사) 주인. ¶ 지인장 게시오? (=주인장 계시오?)

지인양반 (명사) 주인양반.

지자 (명사) 치자 : 치자나무 열매. 열을 내리는 작용이 있어 여러 가지 출혈증과 황달, 오줌 양이 적으면서 잘 나오지 않는 증세에 쓴다.

지자나무 (명사) 치자나무.

지장 (명사) 기장 : 옷의 길이.

지저구 (명사) 짓. 짓거리.

지절로지절로 (부사) 저절로.

지정 (명사) (곡식) 기장 : 볏과의 한해살이풀. 열매는 황실(黃實)이라고 하는데 엷은 누런색으로 떡, 술, 엿, 빵 따위의 원료나 가축의 사료로 쓴다.

지주구다 (동사) 지저귀다.

지주구리다 (동사) 지절거리다.

지주:다 (동사) 지저귀다. 지껄이다.

지지 (명사) 어린애에게 ‘젖’을 일컫는 말. 

지지개/지지기 (명사) 기지개.

지지기다 (동사) 지저귀다. 지절거리다.

지지리 (명사) 기지개.

지지미/지짐/찌짐 (명사) 부침개. 전(煎) : 생선이나 고기, 채소 따위를 얇게 썰거나 다져 양념을 한 뒤, 밀가루를 묻혀 기름에 지진 음식을 통틀어 이르는 말.

지지부리하다 (형용사) 지지부레하다 : 모두가 보잘것없이 변변하지 아니하다.

지질 (명사) 치질 : 항문 안팎에 생기는 외과적 질병을 통틀어 이르는 말.

지질이 몬 나다 (관용어) 지질하게 못 나다.

지질징 (명사) 싫증. ¶ 지질징이 난다.(=싫증이 난다.)

지천 (명사) 지청구 : 까닭 없이 남을 탓하고 원망함. 꾸지람.

지천꾸리 (명사) 지청구꾸러기.

지천듣다 (동사) 지청구듣다.

지천하다 (동사) 지청구하다.

지추다 (동사) 일의 순서를 뒤로 미루다.

지축대다 (동사) 지분거리다. 

지치 (명사) 쥐치 : 쥐칫과의 바닷물고기.

지치다 (동사) 끼치다 : 영향, 해, 은혜 따위를 당하거나 입게 하다. ¶ 페 마이 지치고 갑니다.(=폐 많이 끼치고 갑니다.)

지침 (명사) 기침.

지패이/지팽이 (명사) 지팡이.

지포 (명사) 쥐치포.

지푸다 (형용사) 깊다.

지풀에 (부사) 제풀에.

직이다① (동사) 죽이다.

직이다② (동사) (물을) 뿌리다.

직차 (명사) 지차 : 맏이 이외의 자식들.

진 (관형사) 긴. ¶ 진 치매(=긴 치마.)

진개 (명사) 진눈깨비.

진꼴빼다/찐꼴빼다 (동사) ’진을 빼다’는 뜻으로 힘이나 정력을 다 써 없애서 기진맥진하게 되다.

진등 (명사) 긴등 : 길게 뻗어나간 언덕의 등성이.

진땅 (명사) 질탕 : 신이 나서 정도가 지나치게 흥에 겨워 놂.

진땅마시다 (동사) 질탕마시다.

진땅묵다 (동사) 질탕먹다.

진방궂다 (형용사) 잔망스럽다.

진베개 (명사) 두둥베개 : 갓 혼인한 부부가 함께 베는 긴 베개.

진정머리 (명사) 진절머리. ¶ 시집간 딸아가 돈 빌리 달라 캐 사서 진정머리 난다.(=시집간 딸애가 돈 빌려 달라고 해 대서 진절머리 난다.)

진주 굿이 한목 난다 (속담) 진주는 굿이 벌어지면 한목에 벌어진다는 뜻으로. 역사적인 사건 등 어떤 일이 일어나면 한목에 일어남을 비유적으로 이르는 말.

진지리/진질미진지리/진질미 (명사) 진저리.

진진 (감탄사) 곤지곤지 : 젖먹이에게 왼손 손바닥에 오른손 집게손가락을 댔다 뗐다 하라는 뜻으로 내는 소리.

진진날 (명사) 긴긴날 : 길고 긴 날.

진진밤 (명사) 긴긴밤 : 길고 긴 밤.

진진해 (명사) 긴긴해 : 떴다 지는 동안이 썩 긴 해. 낮이 밤보다 긴 여름날의 해를 이른다.

진질미 (명사) 진저리.

진질미나다 (동사) 진저리나다.

진짜배이 (명사) 진짜배기.

진차이/진찬이 (부사) 괜히.

진찬은 (형용사) 괜한. ¶ 진찬은 짓 하고 있네.(=괜한 짓 하고 있네.)

진태 (명사) 진눈깨비.

짇다① (동사) 긷다. ¶ 물 짇는 통. / 새미에 가서 물 질어 온나.

짇다② (동사) 자라다 : 이자 따위가 붇거나 채소, 머리카락 따위가 자라다. ¶ 이자가 짇거든 돈 쫌 주께. / 은앵에 넣어 돈을 질아라. 

질① (명사) 길.

질② (명사) (고유어 수 뒤에 쓰여) 길이, 높이의 단위.

질가[-까] (명사) 길가 : 길의 가장자리.

질거리[-꺼-] (명사) 길거리. 

질겁다 (형용사) 즐겁다.

질겁하다 (동사) 기겁하다.

질구다 (동사) (콩나물을) 기르다.

질금 (명사) 엿기름.

질금가리 (명사) 엿기름가루.

질금나물 (명사) 숙주나물.

질기① (부사) 길게. 자꾸. 계속.

질기② (부사) 지레. ¶ 질기 겁을 지묵는다.(=지레 겁을 집어먹는다.)

질기다 (동사) 즐기다.",사투리,한국어,,2021-12-10 00:00:00,저작물양도계약서,진주시청,,,,제1유형,저작물,보호저작물,○,상업적이용가능,○,○,○,○,○,○,○,,2091-12-10 00:00:00,,
80,오디오,가이드/안내/정보,진주시청,진주시청,HOME > 진주소개 > 기본현황 > 진주 사투리 사전 > ㅈ,질나다 ~ 짜바지다,"질나다 (동사) 길나다 : 버릇이나 습관이 되어 버리다.

질난이 (명사) ‘능수꾼’을 낮잡아 이르는 말.

질눈 (명사) 길눈 : 한 번 가 본 길을 잘 익혀 두어 기억하는 눈썰미.

질눈이 어덥다 (관용어) 가 본 길을 잘 기억하지 못한다.

질다 (형용사) 길다.

질동무 (명사) 길동무.

질딜이다 (동사) 길들이다.

질라래비 (명사) 잠자리.

질리다 (동사) 물리다 : 다시 대하기 싫은 만큼 몹시 싫증이 나다.

질매 (명사) 길매 : 짐을 싣거나 수레를 끌기 위해 소나 말 따위의 등에 얹는 안장.

질목 (명사) 길목.

질바닥 (명사) 길바닥.

질수 (명사) 질서. 

질쌈 (명사) 길쌈.

질쑥기리다 (동사) 질뚝거리다.

질알로 (부사) 길 아래로.

질우다 (동사) 기르다. 길게 하다. ¶ 요새는 머시마들도 머리를 질아 가 댕기네.

질이 (명사) 길이.

질쭉없다 (형용사) 질정없다 : 갈피를 잡지 못하다.

질쭉질쭉 (부사) 길쭉길쭉.

질쭉하다 (형용사) 길쭉하다. 길찍하다.

질쭘하다 (형용사) 길쯤하다.

질품 (명사) 길품 : 남이 갈 길을 대신 가고 삯을 받는 일.

짐① (명사) 김 : 액체가 높은 열을 만나서 기체로 변한 것.

짐② (명사) 김(해초). ¶ 밥을 짐에 싸서 무라.(=밥을 김에 싸서 먹어라.)

짐③ (명사) 김 : 어떤 일의 기회나 계기. ¶ 맘 문 짐에 당장 하입시다.(=마음 먹은 김에 당장 합시다.)

짐나다 (동사) 김나다.

짐밥 (명사) 김밥. ¶ 짐밥을 쌌다.(=김밥을 쌌다.)

짐빠지다 (동사) 김빠지다.

짐빵 (명사) 질빵 : 짐 따위를 질 수 있도록 어떤 물건 따위에 연결한 줄.

짐새다 (동사) 김새다 : ’흥이 깨어지다’를 속되게 이르는 말.

짐씨 (명사) 김(金) 씨.

짐장 (명사) 김장.

짐장거리 (명사) 김장거리.

짐장독 (명사) 김장독.

짐장철 (명사) 김장철.

짐치 (명사) 김치.

짐치까데이 (명사) 김칫가락.

짐치도가지 (명사) 김칫독.

짐칫국 (명사) 김칫국.

짐칫거리 (명사) 김칫거리.

집 (명사) 즙(汁).

집내다 (동사) 즙(汁)내다.

집다 (동사) (옷을) 깁다.

집따까리 (명사) ’지붕’을 낮잡아 이르는 말.

집비까리 (명사) 볏짚가리.

집시랑 (명사) 기스락 : 초가의 처마 끝.

집시랑물 (명사) 기스락물. 낙숫물.

집어뜯다 (동사) 꼬집다.

집어매다 (동사) 꿰매다.

집장 (명사) 보릿겨, 호밀 따위로 만든 장.

집지다 (형용사) 구수하다. 재미있다.

집직이다 (동사) 집적거리다.

집채무디 (명사) 집의 한 덩이만 한 무더기.

짓 (명사) 깃 : 옷깃.

짓고때이 (명사) 짓고땡 : 화투 노름의 하나. 다섯 장의 패 가운데 석 장으로 열 또는 스물을 만들고, 남은 두 장으로 땡잡기를 하거나 끗수를 맞추어 많은 쪽이 이긴다.

짓고롬 (명사) (옷) 깃고름.

짓물쿠다 (동사) 날씨가 찌는 듯이 몹시 덥다.

짓없다 (형용사) 짓쩍다 : 부끄러워 면목이 없다.

짓옷 (명사) 깃옷 : 졸곡(卒哭) 때까지 상제가 입는 생무명의 상복(喪服).

짓털 (명사) 깃털.

징거 (명사) 증거.

징겅징겅 (부사) 질겅질겅.

징구다 (동사) (짐을) 지우다.

징그랍다 (형용사) 징그럽다.

징그시 (부사) 지그시.

징글받다 (형용사) 징글맞다.

징글시럽다 (형용사) 징글징글하다.

징기다 (동사) 지니다. 간직하다.

징서 (명사) 증서.

징손 (명사) 증손.

징어리 (명사) 정어리.

징조모 (명사) 증조모.

징조부 (명사) 증조부.

징키다 (동사) 지키다.

짚다 (형용사) (물이) 깊다.

짚북데이짚북데이 (명사) 짚북더미. 짚북데기.

짚비까리 (명사) 짚더미.

짚세기 (명사) 짚신.

짚소쿠리 (명사) 삼태기.

짚오래기 (명사) 지푸라기.

짚해기 (명사) 새꽤기 : 짚의 껍질을 벗긴 줄기.

짜① (명사) 쪽 : 방향을 가리키는 말. ¶ 그짜, 이짜, 저짜 / 이짜로 오이소.(=이쪽으로 오세요.)

짜② (명사) 때. ¶ 따실 짜 묵자.(=따뜻할 때 먹자.) 

짜구① (명사) 자귀 : 개나 돼지에 생기는 병의 하나. 흔히 너무 많이 먹어서 생기는 병으로, 배가 붓고 발목이 굽으면서 일어나지 못한다. 위 확장에 걸린 아이나 배가 부른 아이를 비유적으로 이르는 말. ¶ 마이 묵디이 짜구 났네.(=많이 먹더니 자귀 났네.)

짜구② (명사) 자귀 : 나무를 깎아 다듬는 연장의 하나.

짜구가 나다 (관용어) 많이 먹어서 ‘자귀’ 병이 나다.

짜구질 (명사) 자귀질.

짜다/짤다 (동사) 짜증을 내다. 궁상을 떨다 ¶ 어ᇝ다꼬 좀 짜지/짤지 마라.(=없다고 좀 궁상떨지 마라.) / 엉가이 짜/짤아 샇네.(=어지간히 궁상떨어 대네.)

짜다라 (부사) 1. 그다지. ¶ 공부 짜다라 잘하지도 못 함시로.(=공부 그다지 잘하지도 못하면서.) 2. 제법. 많이. ¶ 장아 가 보이 꽂감이 짜다라 나와 있데.(=장에 가 보니 곶감이 제법 나와 있더라.) / 짜다라 쌔빘다.(=많고 흔하다.)

짜달시리 (부사) 그다지. 그러한 정도로.

짜뚜리 (명사) 자투리.

짜리다① (형용사) 짧다. ¶ 머리를 짜리게 짤랐다.(=머리를 짧게 잘랐다.) / 해가 데기 짜리네.(=해가 몹시 짧네.)

짜리다② (동사) 자르다. 동강을 내거나 끊어 내다. ¶ 내 꺼는 짜리지 마라.(=내 것은 자르지 마라.)

짜리몽땅하다/짜리몽탕하다 (형용사) 작달막하다 : 짧게 끊어서 뭉쳐 놓은 것처럼 짤막한 물건이나 키가 작고 살이 찐 사람을 비유적으로 이르는 말.

짜린주우/짜린중우 (명사) 잠방이.

짜린치매 (명사) 짧은치마.

짜매다 (동사) 잡아매다.

짜바지다 (동사) 짜부러지다.",2021-12-10 00:00:00,99,미부착,제1유형,무,,질나다 ~ 짜바지다,,어문,음성,"질나다 (동사) 길나다 : 버릇이나 습관이 되어 버리다.

질난이 (명사) ‘능수꾼’을 낮잡아 이르는 말.

질눈 (명사) 길눈 : 한 번 가 본 길을 잘 익혀 두어 기억하는 눈썰미.

질눈이 어덥다 (관용어) 가 본 길을 잘 기억하지 못한다.

질다 (형용사) 길다.

질동무 (명사) 길동무.

질딜이다 (동사) 길들이다.

질라래비 (명사) 잠자리.

질리다 (동사) 물리다 : 다시 대하기 싫은 만큼 몹시 싫증이 나다.

질매 (명사) 길매 : 짐을 싣거나 수레를 끌기 위해 소나 말 따위의 등에 얹는 안장.

질목 (명사) 길목.

질바닥 (명사) 길바닥.

질수 (명사) 질서. 

질쌈 (명사) 길쌈.

질쑥기리다 (동사) 질뚝거리다.

질알로 (부사) 길 아래로.

질우다 (동사) 기르다. 길게 하다. ¶ 요새는 머시마들도 머리를 질아 가 댕기네.

질이 (명사) 길이.

질쭉없다 (형용사) 질정없다 : 갈피를 잡지 못하다.

질쭉질쭉 (부사) 길쭉길쭉.

질쭉하다 (형용사) 길쭉하다. 길찍하다.

질쭘하다 (형용사) 길쯤하다.

질품 (명사) 길품 : 남이 갈 길을 대신 가고 삯을 받는 일.

짐① (명사) 김 : 액체가 높은 열을 만나서 기체로 변한 것.

짐② (명사) 김(해초). ¶ 밥을 짐에 싸서 무라.(=밥을 김에 싸서 먹어라.)

짐③ (명사) 김 : 어떤 일의 기회나 계기. ¶ 맘 문 짐에 당장 하입시다.(=마음 먹은 김에 당장 합시다.)

짐나다 (동사) 김나다.

짐밥 (명사) 김밥. ¶ 짐밥을 쌌다.(=김밥을 쌌다.)

짐빠지다 (동사) 김빠지다.

짐빵 (명사) 질빵 : 짐 따위를 질 수 있도록 어떤 물건 따위에 연결한 줄.

짐새다 (동사) 김새다 : ’흥이 깨어지다’를 속되게 이르는 말.

짐씨 (명사) 김(金) 씨.

짐장 (명사) 김장.

짐장거리 (명사) 김장거리.

짐장독 (명사) 김장독.

짐장철 (명사) 김장철.

짐치 (명사) 김치.

짐치까데이 (명사) 김칫가락.

짐치도가지 (명사) 김칫독.

짐칫국 (명사) 김칫국.

짐칫거리 (명사) 김칫거리.

집 (명사) 즙(汁).

집내다 (동사) 즙(汁)내다.

집다 (동사) (옷을) 깁다.

집따까리 (명사) ’지붕’을 낮잡아 이르는 말.

집비까리 (명사) 볏짚가리.

집시랑 (명사) 기스락 : 초가의 처마 끝.

집시랑물 (명사) 기스락물. 낙숫물.

집어뜯다 (동사) 꼬집다.

집어매다 (동사) 꿰매다.

집장 (명사) 보릿겨, 호밀 따위로 만든 장.

집지다 (형용사) 구수하다. 재미있다.

집직이다 (동사) 집적거리다.

집채무디 (명사) 집의 한 덩이만 한 무더기.

짓 (명사) 깃 : 옷깃.

짓고때이 (명사) 짓고땡 : 화투 노름의 하나. 다섯 장의 패 가운데 석 장으로 열 또는 스물을 만들고, 남은 두 장으로 땡잡기를 하거나 끗수를 맞추어 많은 쪽이 이긴다.

짓고롬 (명사) (옷) 깃고름.

짓물쿠다 (동사) 날씨가 찌는 듯이 몹시 덥다.

짓없다 (형용사) 짓쩍다 : 부끄러워 면목이 없다.

짓옷 (명사) 깃옷 : 졸곡(卒哭) 때까지 상제가 입는 생무명의 상복(喪服).

짓털 (명사) 깃털.

징거 (명사) 증거.

징겅징겅 (부사) 질겅질겅.

징구다 (동사) (짐을) 지우다.

징그랍다 (형용사) 징그럽다.

징그시 (부사) 지그시.

징글받다 (형용사) 징글맞다.

징글시럽다 (형용사) 징글징글하다.

징기다 (동사) 지니다. 간직하다.

징서 (명사) 증서.

징손 (명사) 증손.

징어리 (명사) 정어리.

징조모 (명사) 증조모.

징조부 (명사) 증조부.

징키다 (동사) 지키다.

짚다 (형용사) (물이) 깊다.

짚북데이짚북데이 (명사) 짚북더미. 짚북데기.

짚비까리 (명사) 짚더미.

짚세기 (명사) 짚신.

짚소쿠리 (명사) 삼태기.

짚오래기 (명사) 지푸라기.

짚해기 (명사) 새꽤기 : 짚의 껍질을 벗긴 줄기.

짜① (명사) 쪽 : 방향을 가리키는 말. ¶ 그짜, 이짜, 저짜 / 이짜로 오이소.(=이쪽으로 오세요.)

짜② (명사) 때. ¶ 따실 짜 묵자.(=따뜻할 때 먹자.) 

짜구① (명사) 자귀 : 개나 돼지에 생기는 병의 하나. 흔히 너무 많이 먹어서 생기는 병으로, 배가 붓고 발목이 굽으면서 일어나지 못한다. 위 확장에 걸린 아이나 배가 부른 아이를 비유적으로 이르는 말. ¶ 마이 묵디이 짜구 났네.(=많이 먹더니 자귀 났네.)

짜구② (명사) 자귀 : 나무를 깎아 다듬는 연장의 하나.

짜구가 나다 (관용어) 많이 먹어서 ‘자귀’ 병이 나다.

짜구질 (명사) 자귀질.

짜다/짤다 (동사) 짜증을 내다. 궁상을 떨다 ¶ 어ᇝ다꼬 좀 짜지/짤지 마라.(=없다고 좀 궁상떨지 마라.) / 엉가이 짜/짤아 샇네.(=어지간히 궁상떨어 대네.)

짜다라 (부사) 1. 그다지. ¶ 공부 짜다라 잘하지도 못 함시로.(=공부 그다지 잘하지도 못하면서.) 2. 제법. 많이. ¶ 장아 가 보이 꽂감이 짜다라 나와 있데.(=장에 가 보니 곶감이 제법 나와 있더라.) / 짜다라 쌔빘다.(=많고 흔하다.)

짜달시리 (부사) 그다지. 그러한 정도로.

짜뚜리 (명사) 자투리.

짜리다① (형용사) 짧다. ¶ 머리를 짜리게 짤랐다.(=머리를 짧게 잘랐다.) / 해가 데기 짜리네.(=해가 몹시 짧네.)

짜리다② (동사) 자르다. 동강을 내거나 끊어 내다. ¶ 내 꺼는 짜리지 마라.(=내 것은 자르지 마라.)

짜리몽땅하다/짜리몽탕하다 (형용사) 작달막하다 : 짧게 끊어서 뭉쳐 놓은 것처럼 짤막한 물건이나 키가 작고 살이 찐 사람을 비유적으로 이르는 말.

짜린주우/짜린중우 (명사) 잠방이.

짜린치매 (명사) 짧은치마.

짜매다 (동사) 잡아매다.

짜바지다 (동사) 짜부러지다.",사투리,한국어,,2021-12-10 00:00:00,저작물양도계약서,진주시청,,,,제1유형,저작물,보호저작물,○,상업적이용가능,○,○,○,○,○,○,○,,2091-12-10 00:00:00,,
81,오디오,가이드/안내/정보,진주시청,진주시청,HOME > 진주소개 > 기본현황 > 진주 사투리 사전 > ㅈ,짜배기/짜배이 ~ 쪼꼼,"짜배기/짜배이 (명사) 공짜배기.

짜불어지다 (동사) 기울어지다.

짜불이다 (동사) 기울이다.

짜빡하모 (부사) 자칫하면.

짜시락하게 (부사) 자잘하게.

짜시레이 (명사) 싸라기 같은 지스러기.

짜시리 (명사) 자투리.

짜잔하다 (형용사) 자잘하다.      

짜잖다 (형용사) 자잘하다.

짜집기 (명사) 짜깁기.

짜치이 (명사) 자투리.

짜치다 (동사) 쪼들리다.

짝 (명사) (방향) 쪽. ¶ 우리 집은 저 짝이다.(=우리 집은 저쪽이다.)

짝다 (동사) 꼬집다.

짝대이 (명사) 작대기. ‘지팡이’의 낮춤말.

짝두발 (명사) 바지랑대. 작사리.

짝배이 (명사) 왼손잡이.

짝잽이 (명사) 왼손잡이.

짝지 (명사) 지팡이. 작대기.

짝지칼 (명사) 잭나이프. 휴대용 칼.

짝짜구리 (명사) 딱따구리.

짝짱구 (명사)(감탄사) 짝짜꿍.

짝째구리 (명사) 딱따구리.

짝째이 (명사) 짝짝이 : 서로 짝이 아닌 것끼리 합하여 이루어진 한 벌.

짝짹이 (명사) 짝짝이 : 서로 짝이 아닌 것끼리 합하여 이루어진 한 벌.

짠내 (명사) 지린내. 짠 냄새.

짠다구 (명사) ‘소견머리’의 낮춤말.

짠데이/짠디 (명사) 잔디.

짠보① (명사) 짜증이 많은 사람을 놀리는 말.

짠보② (명사) 울보.

짠새미 (명사) 짜증을 잘 내는 사람을 이르는 말.

짠지 (명사) 무말랭이.

짤기다 (동사) 지리다 : 똥이나 오줌을 참지 못하고 조금 싸다.

짤다구/짤대구 (명사) 버릇.

짤딸막하다 (형용사) 짤다랗다.

짤라지다 (동사) 짧아지다 : 짧게 되다.

짤리다 (동사) 잘리다.

짤박하다 (형용사) 물이 약간 괴어 있다.

-짬 접미 -쯤. ¶ 어디짬 가고 있네?(=어디쯤 가고 있느냐?)

짬데이 (명사) ‘소견머리’의 낮춤말.

-짬치 접미 -쯤에.

짭다 (형용사) 짜다. ¶ 짐치가 데기 짭네.(=김치가 되게 짜네.)

짭운맛 (명사) 짠맛.

짭찔받다 (형용사) 일이나 행동이 규모있고 야무지다. ¶ 하동댁은 짭찔받은 며느리 바서 좋겄네.(=하동댁은 야무진 며느리를 봐서 좋겠네.) 

짭찔찮다 (형용사) 짭짤찮다 : 1. 점잖지 못하고 속되다. ¶ 어른이 짭찔찮게 아들하고 놀고 있네.(=어른이 점잖지 못하게 애들하고 놀고 있네.) 2. 하는 일이 어설프다. ¶ 새디이 엄석 솜씨가 영 짭찔찮네.(=새댁 음식 솜씨가 매우 짭짤찮네.)

짭찔하다 (형용사) 짭짤하다 : 감칠맛이 있게 조금 짜다.

짭쪼롬하다 (형용사) 짭조름하다 : 조금 짠 맛이 있다.

짱구다 (동사) 잠그다.

짱글다 (동사) 자르다. 썰다.

짱다리 (명사) 장다리나무.

짱딸막하다 (형용사) 땅딸막하다.

짱배기/짱배이 (명사) 정수리.

짱어 (명사) 뱀장어.

째기 (명사) (신발 한) 짝.

째리보다 (동사) 째려보다.

째비다① (동사) 훔치다.

째비다② (동사) 꼬집다.

째삣째삣 (부사) 뾰족뾰족.

째울땅하다 (형용사) 갸우뚱하다.

-째이 접미 -짜리. ¶ 올매 째이고?(=얼마 짜리이냐?). / 천 언째이 있이모 멫 장 빌리 도라.(=천 원짜리 있으면 몇 장 빌려 줘.)

째이다 (동사) 짜이다. 어울리다 : 틀이나 구성 따위가 조화롭다. 또는 모양새가 있다.

째작하다 (형용사) 물이 조금 어려 있다.

째지다 (동사) 국물이 톡톡하도록 졸이다.

짹째구리 (명사) 딱따구리.

짼하다 (형용사) 짠하다 : 안타깝게 뉘우쳐져 마음이 조금 언짢고 아프다.

쨀기다 (동사) 지리다 : 똥이나 오줌을 참지 못하고 조금 싸다.

쨀쭉하다 (형용사) 길쯤하다 : 꽤 기름하다.

쩌리다①/쩔다 (형용사) 배다 : 냄새가 스며들어 오래도록 남아 있다. ¶ 담배 내미가 옷에 쩔어 있다.(=담배 냄새가 옷에 배어 있다.) 

쩌리다② (동사) (수풀이) 우거지다. ¶ 멫 년 만에 숲이 깍 쩌리가 할아부지 멧등을 찾을 수가 다.(=몇 년 만에 숲이 꽉 우거져 할아버지 무덤을 찾을 수가 없다.) 

쩌안다 (동사) 껴안다.

쩌입다 (동사) 껴입다.

쩌잡다 (동사) 껴잡다 : 한데 몰아서 잡다.

쩔뚝배이 (명사) 쩔뚝발이.

쩔룩바리 (명사) 절름발이.

쩔쩔기다 (동사) 쩔쩔매다.

쩨끄맣다 (형용사) 조그맣다.

쩨끔 (명사)(부사) 쪼금.

쩨끼 (명사) 조끼 : 한복에는 저고리나 적삼 위에, 양복에는 셔츠 위에 덧입는, 소매가 없는 옷. 

쩨끼나다 (동사) 쫓겨나다. 

쩨끼적삼 (명사) 조끼적삼.

쩨끼치매 (명사) 조끼치마.

쩨삣하다 (형용사) 쪼뼛하다. 뾰족하다.

쩨우다 (동사) (불을) 쬐다.

쩨이다 (동사) (햇볕을) 쬐다.

쪼가리짐치 (명사) 깍두기.

쪼가 있다 (관용어) 알조가 있다는 뜻으로 알 만한 일이 있다는 말.

쪼갑지 (명사) 조가비.

쪼고리다 (동사) 쪼그리다.

쪼골시다 (동사) 쪼그리다.

쪼골시럽다 (형용사) 겸연쩍다.

쪼골티다① (동사) 쪼그라뜨리다.

쪼골티다② (동사) 쪼그려앉다.

쪼구랑망태이 (관용어) 얼굴에 살이 빠져서 쪼그라진 늙은이를 속되게 이르는 말.

쪼구랑태이 (명사) 쪼그랑이 : 쪼그라져 볼품없이 된 물건.

쪼굴시다 (동사) 쪼그리다.

쪼굴티다 (동사) 쪼그라뜨리다.

쪼께마 (부사) 쪼금만.

쪼껜/쪼껨/쪼매이/쪼매 (명사)(부사) 조금. ¶ 밥이 쪼껨마 있다.(=밥이 조금만 있다.) / 물이 쪼매이 뿌이네.(=물이 조금뿐이네.)

쪼껜썩 (부사) 쪼금씩.

쪼껜하다 (형용사) 조그마하다.

쪼껞다 (형용사) 조그마하다.

쪼껨 (명사)(부사) 조금. 

쪼꼬마이 (명사) 꼬맹이.

쪼꼼 (명사)(부사) 쪼금.",2021-12-10 00:00:00,104,미부착,제1유형,무,,짜배기/짜배이 ~ 쪼꼼,,어문,음성,"짜배기/짜배이 (명사) 공짜배기.

짜불어지다 (동사) 기울어지다.

짜불이다 (동사) 기울이다.

짜빡하모 (부사) 자칫하면.

짜시락하게 (부사) 자잘하게.

짜시레이 (명사) 싸라기 같은 지스러기.

짜시리 (명사) 자투리.

짜잔하다 (형용사) 자잘하다.      

짜잖다 (형용사) 자잘하다.

짜집기 (명사) 짜깁기.

짜치이 (명사) 자투리.

짜치다 (동사) 쪼들리다.

짝 (명사) (방향) 쪽. ¶ 우리 집은 저 짝이다.(=우리 집은 저쪽이다.)

짝다 (동사) 꼬집다.

짝대이 (명사) 작대기. ‘지팡이’의 낮춤말.

짝두발 (명사) 바지랑대. 작사리.

짝배이 (명사) 왼손잡이.

짝잽이 (명사) 왼손잡이.

짝지 (명사) 지팡이. 작대기.

짝지칼 (명사) 잭나이프. 휴대용 칼.

짝짜구리 (명사) 딱따구리.

짝짱구 (명사)(감탄사) 짝짜꿍.

짝째구리 (명사) 딱따구리.

짝째이 (명사) 짝짝이 : 서로 짝이 아닌 것끼리 합하여 이루어진 한 벌.

짝짹이 (명사) 짝짝이 : 서로 짝이 아닌 것끼리 합하여 이루어진 한 벌.

짠내 (명사) 지린내. 짠 냄새.

짠다구 (명사) ‘소견머리’의 낮춤말.

짠데이/짠디 (명사) 잔디.

짠보① (명사) 짜증이 많은 사람을 놀리는 말.

짠보② (명사) 울보.

짠새미 (명사) 짜증을 잘 내는 사람을 이르는 말.

짠지 (명사) 무말랭이.

짤기다 (동사) 지리다 : 똥이나 오줌을 참지 못하고 조금 싸다.

짤다구/짤대구 (명사) 버릇.

짤딸막하다 (형용사) 짤다랗다.

짤라지다 (동사) 짧아지다 : 짧게 되다.

짤리다 (동사) 잘리다.

짤박하다 (형용사) 물이 약간 괴어 있다.

-짬 접미 -쯤. ¶ 어디짬 가고 있네?(=어디쯤 가고 있느냐?)

짬데이 (명사) ‘소견머리’의 낮춤말.

-짬치 접미 -쯤에.

짭다 (형용사) 짜다. ¶ 짐치가 데기 짭네.(=김치가 되게 짜네.)

짭운맛 (명사) 짠맛.

짭찔받다 (형용사) 일이나 행동이 규모있고 야무지다. ¶ 하동댁은 짭찔받은 며느리 바서 좋겄네.(=하동댁은 야무진 며느리를 봐서 좋겠네.) 

짭찔찮다 (형용사) 짭짤찮다 : 1. 점잖지 못하고 속되다. ¶ 어른이 짭찔찮게 아들하고 놀고 있네.(=어른이 점잖지 못하게 애들하고 놀고 있네.) 2. 하는 일이 어설프다. ¶ 새디이 엄석 솜씨가 영 짭찔찮네.(=새댁 음식 솜씨가 매우 짭짤찮네.)

짭찔하다 (형용사) 짭짤하다 : 감칠맛이 있게 조금 짜다.

짭쪼롬하다 (형용사) 짭조름하다 : 조금 짠 맛이 있다.

짱구다 (동사) 잠그다.

짱글다 (동사) 자르다. 썰다.

짱다리 (명사) 장다리나무.

짱딸막하다 (형용사) 땅딸막하다.

짱배기/짱배이 (명사) 정수리.

짱어 (명사) 뱀장어.

째기 (명사) (신발 한) 짝.

째리보다 (동사) 째려보다.

째비다① (동사) 훔치다.

째비다② (동사) 꼬집다.

째삣째삣 (부사) 뾰족뾰족.

째울땅하다 (형용사) 갸우뚱하다.

-째이 접미 -짜리. ¶ 올매 째이고?(=얼마 짜리이냐?). / 천 언째이 있이모 멫 장 빌리 도라.(=천 원짜리 있으면 몇 장 빌려 줘.)

째이다 (동사) 짜이다. 어울리다 : 틀이나 구성 따위가 조화롭다. 또는 모양새가 있다.

째작하다 (형용사) 물이 조금 어려 있다.

째지다 (동사) 국물이 톡톡하도록 졸이다.

짹째구리 (명사) 딱따구리.

짼하다 (형용사) 짠하다 : 안타깝게 뉘우쳐져 마음이 조금 언짢고 아프다.

쨀기다 (동사) 지리다 : 똥이나 오줌을 참지 못하고 조금 싸다.

쨀쭉하다 (형용사) 길쯤하다 : 꽤 기름하다.

쩌리다①/쩔다 (형용사) 배다 : 냄새가 스며들어 오래도록 남아 있다. ¶ 담배 내미가 옷에 쩔어 있다.(=담배 냄새가 옷에 배어 있다.) 

쩌리다② (동사) (수풀이) 우거지다. ¶ 멫 년 만에 숲이 깍 쩌리가 할아부지 멧등을 찾을 수가 다.(=몇 년 만에 숲이 꽉 우거져 할아버지 무덤을 찾을 수가 없다.) 

쩌안다 (동사) 껴안다.

쩌입다 (동사) 껴입다.

쩌잡다 (동사) 껴잡다 : 한데 몰아서 잡다.

쩔뚝배이 (명사) 쩔뚝발이.

쩔룩바리 (명사) 절름발이.

쩔쩔기다 (동사) 쩔쩔매다.

쩨끄맣다 (형용사) 조그맣다.

쩨끔 (명사)(부사) 쪼금.

쩨끼 (명사) 조끼 : 한복에는 저고리나 적삼 위에, 양복에는 셔츠 위에 덧입는, 소매가 없는 옷. 

쩨끼나다 (동사) 쫓겨나다. 

쩨끼적삼 (명사) 조끼적삼.

쩨끼치매 (명사) 조끼치마.

쩨삣하다 (형용사) 쪼뼛하다. 뾰족하다.

쩨우다 (동사) (불을) 쬐다.

쩨이다 (동사) (햇볕을) 쬐다.

쪼가리짐치 (명사) 깍두기.

쪼가 있다 (관용어) 알조가 있다는 뜻으로 알 만한 일이 있다는 말.

쪼갑지 (명사) 조가비.

쪼고리다 (동사) 쪼그리다.

쪼골시다 (동사) 쪼그리다.

쪼골시럽다 (형용사) 겸연쩍다.

쪼골티다① (동사) 쪼그라뜨리다.

쪼골티다② (동사) 쪼그려앉다.

쪼구랑망태이 (관용어) 얼굴에 살이 빠져서 쪼그라진 늙은이를 속되게 이르는 말.

쪼구랑태이 (명사) 쪼그랑이 : 쪼그라져 볼품없이 된 물건.

쪼굴시다 (동사) 쪼그리다.

쪼굴티다 (동사) 쪼그라뜨리다.

쪼께마 (부사) 쪼금만.

쪼껜/쪼껨/쪼매이/쪼매 (명사)(부사) 조금. ¶ 밥이 쪼껨마 있다.(=밥이 조금만 있다.) / 물이 쪼매이 뿌이네.(=물이 조금뿐이네.)

쪼껜썩 (부사) 쪼금씩.

쪼껜하다 (형용사) 조그마하다.

쪼껞다 (형용사) 조그마하다.

쪼껨 (명사)(부사) 조금. 

쪼꼬마이 (명사) 꼬맹이.

쪼꼼 (명사)(부사) 쪼금.",사투리,한국어,,2021-12-10 00:00:00,저작물양도계약서,진주시청,,,,제1유형,저작물,보호저작물,○,상업적이용가능,○,○,○,○,○,○,○,,2091-12-10 00:00:00,,
82,오디오,가이드/안내/정보,진주시청,진주시청,HOME > 진주소개 > 기본현황 > 진주 사투리 사전 > ㅈ,쪼다리 ~ 쭈지하다,"쪼다리 (명사) 쪼다. 멍청이 : 조금 어리석고 모자라 제구실을 못하는 사람을 속되게 이르는 말.

쪼달리다 (동사) 쪼들리다 : 넉넉하지 못하고 어렵다.

쪼대① (명사) 멍청이 : 조금 어리석고 모자라 제구실을 못하는 사람을 속되게 이르는 말.

쪼대② (명사) 곰방대.

쪼대로 (부사) 조대로 : 1. 변함없이 조 모양으로. 2. 조것과 똑같이.

쪼대로 해라 (관용어) 변함없이 고대로 해라.

쪼때뻬이/촛대뻬 (명사) 정강이뼈.

쪼랑말 (명사) 조랑말.

쪼레이 (명사) 조롱박.

쪼루다① (동사) 조르다 : 동이거나 감은 것을 단단히 죄다.

쪼루다② (동사) 조리다 : 양념한 뒤 국물이 졸아들어 간이 스며들도록 바짝 끓이다.

쪼루다③ (동사) 조르다 : 다른 사람에게 차지고 끈덕지게 무엇을 자꾸 요구하다.

쪼루다④ (동사) 줄이다(減) : 적어지게 하다.

쪼리개 (명사) 조림 : 생선, 채소 따위를 양념하여 국물이 거의 없게 바짝 끓여서 만든 음식.

쪼마들다/쪼아들다 (동사) 죄여들다.

쪼마이 (명사) 주머니.

쪼막내이 (명사) 조무래기 : 어린아이를 얕잡아 이르는 말.

쪼막디이 (명사) 조막 : 주먹보다 작은 물건의 덩이를 비유적으로 이르는 말.

쪼매 (명사)(부사) 조금.

쪼맨썩 (부사) 조금씩.

쪼맨하다/쪼맪다 (형용사) 조그마하다.

쪼무래기/쪼무래이 (명사) 조무래기.

쪼물락기리다 (동사) 조물락거리다.

쪼물티리다 (동사) 오므라뜨리다.

쪼부당하다 (형용사) 조붓하다.

쪼부당하이 (부사) 조붓하게.

쪼빼다 (동사) 조빼다 : 난잡하게 굴지 아니하고 짐짓 조촐한 태도를 나타내다.

쪼삣쪼삣 (부사) 뾰족뾰족. 쭈뼛쭈뼛.

쪼삣하다 (형용사) 뾰족하다. 쭈볏하다.

쪼사묵다 (동사) 쪼아먹다.

쪼아들다 (동사) 죄어들다 : 노름 따위에서 마음을 졸이며 패를 젖혀보다.

쪼옥 (부사) 쭉. 쭈욱.

쪼우다 (동사) 1. (나사를) 죄다. 2. (화투장을) 죄다. 3. 열심히 공부하다. 조이다.

쪼잔하이 (부사) 쪼잔하다에서 파생된 부사어. ¶ 사람이 쪼잔하이 와 그래.(=사람이 마음 쓰는 폭이 좁게 왜 그래.)

쪽① (명사) 국자 : 국이나 액체 따위를 뜨는 데 쓰이는 기구.

쪽② (부사) 쭉. 쭈욱 : 줄이나 금이 하나로 계속 곧게 이어지는 모양을 나타내는 말. ¶ 쪽 바로 가라.(=쭉 바로 가라.)

쪽다리 (명사) 국자 : 국이나 액체 따위를 뜨는 데 쓰는 기구.

쪽도리 (명사) 족두리 : 부녀자들이 예복을 입을 때 머리에 얹는 관의 하나.

쪽바로/쪽바리 (부사) 똑바로.

쪽바리다 (형용사) 똑바르다.

쪽백이/쪽배이 (명사) 쪽박 : 작은 바가지. ¶ 쪽배이를 차다.(=쪽박을 차다.)

쪽빼다 (동사) 빼입다 : 옷을 매끈하게 잘 차려 입다.

쪽제비 (명사) 족제비.

쪽집게 (명사) 족집게.

쪾다 (동사) 쫓다. ¶ 절마 쪾아 보내라.(=저놈아 쫓아 보내라.)

쪾아내다 (동사) 쫓아내다.

쪾아대이다 (동사) 쫓아다니다.

쪾아댕기다/쫒아댕기다 (동사) 쫓아다니다.

쫄다 (동사) 주눅이 들다.

쫄따구 (명사) 졸개 : 남의 부하로 따르면서 심부름을 하는 사람이나 졸병을 얕잡아 이르는 말.

쫄땅 (부사) 쫄딱 : 남은 것이 없이 죄다.

쫄때이 (명사) 졸때기.

쫄리다① (동사) ’주눅이 들다’를 속되게 이르는 말.

쫄리다② (동사) (옷이) 졸리다. (목이) 졸리다. 

쫄아들다 (동사) 주눅이 들다.

쫄우다 (동사) (물을) 졸이다 : 찌개, 국, 한약 따위의 물이 증발하여 분량이 적어지게 하다.

쫌 (부사) 조금. ¶ 쫌 있다 가께.(=조금 있다가 갈게.)

쫌보 (명사) 졸보(拙甫) : 재주가 없고 옹졸한 사람을 얕잡아 이르는 말.

쫌부래이 (명사) 1. 조무래기. 2. 좀생이.

쫌삣하다 (형용사) 뾰족하다.

쫌상쫌상하다 (형용사) 좀상좀상하다.

쫌새이 (명사) 좀생이 : 좀스러운 사람이나 자질구레한 물건을 이르는 말.

쫌패이 (명사) 좀팽이 : 몸집이 작고 좀스러운 사람을 얕잡아 이르는 말.

쫍다 (형용사) 좁다.

쫍짝하다 (형용사) 좁직하다.

쫏다 (동사) (활용 : 쫏고, 쫏, 쫏는, 쫏아, 쫏아라) 쪼다 : 뾰족한 끝으로 쳐서 찍다. ¶ 순이 쫌 전에 깨이로 밭을 쫏더마는 오데 갔네?(=순이 조금 전에 괭이로 밭을 쪼더니 어디 갔나?) / 뼁아리가 모이를 쫏아 묵는다.(=병아리가 모이를 쪼아 먹는다.)

쫑 (명사) 종 : 파나 마늘 따위의 꽃줄기 끝에 달린 망울.

쫑고래이/쫑구래이/쫑그래이 (명사) 종구라기 : 조그마한 바가지.

쫑곳 (부사) 쫑깃.

쫑곳쫑곳 (부사) 쫑긋쫑긋.

쫑곳하다 (형용사) 쫑긋하다.

쫑구다 (동사) 뒤밟다. 엿보다.

쫑지 (명사) 종 : 파나 마늘 따위의 꽃줄기 끝에 달린 망울.

쫑치다 (동사) 다그치다.

쫓아대이다/쫓아댕기다 (동사) 쫓아다니다.

쫓아댕기다 (동사) 쫓아다니다.

쫓일개 (명사) 가라는 뜻으로 대접하는 술이나 음식.

-쭈 (명사) 쪽 : 방향을 가리키는 말. ¶ 이쭈(=이쪽), 저쭈(=저쪽), 그쭈(=그쪽).

쭈구렁살/쭈굴살 (명사) 주름살.

쭈구리/쭈거리/쭐거리 (명사) 줄기.

쭈구리다 (동사) 쪼그리다.

쭈굴밤셍이/쭈굴밤시이 (명사) 쭈그렁이 : 살이 빠져서 쭈글쭈글한 늙은이를 낮잡아 이르는 말.

쭈굴살 (명사) 주름살.

쭈굴시럽다 (형용사) 겸연쩍다.

쭈굴쭈굴 (부사) 쭈글쭈글.

쭈굴티다 (동사) 쭈그러뜨리다.

쭈께미/쭈끼미쭈께미/쭈끼미 (명사) 주꾸미 : 문어과에 속한 연체동물.

쭈루다 (동사) 줄이다(減).

쭈루루 (부사) 쭈르르.

쭈무리다 (동사) 주무르다.

쭈시다 (동사) 쑤시다. ¶ 묵도 몬 하그로 자꾸 쭈시 샇네.(=먹지도 못하게 자꾸 쑤셔 대네.)

쭈지쭈지하다 (동사) 주저주저하다.

쭈지하다 (동사) 주저하다.",2021-12-10 00:00:00,93,미부착,제1유형,무,,쪼다리 ~ 쭈지하다,,어문,음성,"쪼다리 (명사) 쪼다. 멍청이 : 조금 어리석고 모자라 제구실을 못하는 사람을 속되게 이르는 말.

쪼달리다 (동사) 쪼들리다 : 넉넉하지 못하고 어렵다.

쪼대① (명사) 멍청이 : 조금 어리석고 모자라 제구실을 못하는 사람을 속되게 이르는 말.

쪼대② (명사) 곰방대.

쪼대로 (부사) 조대로 : 1. 변함없이 조 모양으로. 2. 조것과 똑같이.

쪼대로 해라 (관용어) 변함없이 고대로 해라.

쪼때뻬이/촛대뻬 (명사) 정강이뼈.

쪼랑말 (명사) 조랑말.

쪼레이 (명사) 조롱박.

쪼루다① (동사) 조르다 : 동이거나 감은 것을 단단히 죄다.

쪼루다② (동사) 조리다 : 양념한 뒤 국물이 졸아들어 간이 스며들도록 바짝 끓이다.

쪼루다③ (동사) 조르다 : 다른 사람에게 차지고 끈덕지게 무엇을 자꾸 요구하다.

쪼루다④ (동사) 줄이다(減) : 적어지게 하다.

쪼리개 (명사) 조림 : 생선, 채소 따위를 양념하여 국물이 거의 없게 바짝 끓여서 만든 음식.

쪼마들다/쪼아들다 (동사) 죄여들다.

쪼마이 (명사) 주머니.

쪼막내이 (명사) 조무래기 : 어린아이를 얕잡아 이르는 말.

쪼막디이 (명사) 조막 : 주먹보다 작은 물건의 덩이를 비유적으로 이르는 말.

쪼매 (명사)(부사) 조금.

쪼맨썩 (부사) 조금씩.

쪼맨하다/쪼맪다 (형용사) 조그마하다.

쪼무래기/쪼무래이 (명사) 조무래기.

쪼물락기리다 (동사) 조물락거리다.

쪼물티리다 (동사) 오므라뜨리다.

쪼부당하다 (형용사) 조붓하다.

쪼부당하이 (부사) 조붓하게.

쪼빼다 (동사) 조빼다 : 난잡하게 굴지 아니하고 짐짓 조촐한 태도를 나타내다.

쪼삣쪼삣 (부사) 뾰족뾰족. 쭈뼛쭈뼛.

쪼삣하다 (형용사) 뾰족하다. 쭈볏하다.

쪼사묵다 (동사) 쪼아먹다.

쪼아들다 (동사) 죄어들다 : 노름 따위에서 마음을 졸이며 패를 젖혀보다.

쪼옥 (부사) 쭉. 쭈욱.

쪼우다 (동사) 1. (나사를) 죄다. 2. (화투장을) 죄다. 3. 열심히 공부하다. 조이다.

쪼잔하이 (부사) 쪼잔하다에서 파생된 부사어. ¶ 사람이 쪼잔하이 와 그래.(=사람이 마음 쓰는 폭이 좁게 왜 그래.)

쪽① (명사) 국자 : 국이나 액체 따위를 뜨는 데 쓰이는 기구.

쪽② (부사) 쭉. 쭈욱 : 줄이나 금이 하나로 계속 곧게 이어지는 모양을 나타내는 말. ¶ 쪽 바로 가라.(=쭉 바로 가라.)

쪽다리 (명사) 국자 : 국이나 액체 따위를 뜨는 데 쓰는 기구.

쪽도리 (명사) 족두리 : 부녀자들이 예복을 입을 때 머리에 얹는 관의 하나.

쪽바로/쪽바리 (부사) 똑바로.

쪽바리다 (형용사) 똑바르다.

쪽백이/쪽배이 (명사) 쪽박 : 작은 바가지. ¶ 쪽배이를 차다.(=쪽박을 차다.)

쪽빼다 (동사) 빼입다 : 옷을 매끈하게 잘 차려 입다.

쪽제비 (명사) 족제비.

쪽집게 (명사) 족집게.

쪾다 (동사) 쫓다. ¶ 절마 쪾아 보내라.(=저놈아 쫓아 보내라.)

쪾아내다 (동사) 쫓아내다.

쪾아대이다 (동사) 쫓아다니다.

쪾아댕기다/쫒아댕기다 (동사) 쫓아다니다.

쫄다 (동사) 주눅이 들다.

쫄따구 (명사) 졸개 : 남의 부하로 따르면서 심부름을 하는 사람이나 졸병을 얕잡아 이르는 말.

쫄땅 (부사) 쫄딱 : 남은 것이 없이 죄다.

쫄때이 (명사) 졸때기.

쫄리다① (동사) ’주눅이 들다’를 속되게 이르는 말.

쫄리다② (동사) (옷이) 졸리다. (목이) 졸리다. 

쫄아들다 (동사) 주눅이 들다.

쫄우다 (동사) (물을) 졸이다 : 찌개, 국, 한약 따위의 물이 증발하여 분량이 적어지게 하다.

쫌 (부사) 조금. ¶ 쫌 있다 가께.(=조금 있다가 갈게.)

쫌보 (명사) 졸보(拙甫) : 재주가 없고 옹졸한 사람을 얕잡아 이르는 말.

쫌부래이 (명사) 1. 조무래기. 2. 좀생이.

쫌삣하다 (형용사) 뾰족하다.

쫌상쫌상하다 (형용사) 좀상좀상하다.

쫌새이 (명사) 좀생이 : 좀스러운 사람이나 자질구레한 물건을 이르는 말.

쫌패이 (명사) 좀팽이 : 몸집이 작고 좀스러운 사람을 얕잡아 이르는 말.

쫍다 (형용사) 좁다.

쫍짝하다 (형용사) 좁직하다.

쫏다 (동사) (활용 : 쫏고, 쫏, 쫏는, 쫏아, 쫏아라) 쪼다 : 뾰족한 끝으로 쳐서 찍다. ¶ 순이 쫌 전에 깨이로 밭을 쫏더마는 오데 갔네?(=순이 조금 전에 괭이로 밭을 쪼더니 어디 갔나?) / 뼁아리가 모이를 쫏아 묵는다.(=병아리가 모이를 쪼아 먹는다.)

쫑 (명사) 종 : 파나 마늘 따위의 꽃줄기 끝에 달린 망울.

쫑고래이/쫑구래이/쫑그래이 (명사) 종구라기 : 조그마한 바가지.

쫑곳 (부사) 쫑깃.

쫑곳쫑곳 (부사) 쫑긋쫑긋.

쫑곳하다 (형용사) 쫑긋하다.

쫑구다 (동사) 뒤밟다. 엿보다.

쫑지 (명사) 종 : 파나 마늘 따위의 꽃줄기 끝에 달린 망울.

쫑치다 (동사) 다그치다.

쫓아대이다/쫓아댕기다 (동사) 쫓아다니다.

쫓아댕기다 (동사) 쫓아다니다.

쫓일개 (명사) 가라는 뜻으로 대접하는 술이나 음식.

-쭈 (명사) 쪽 : 방향을 가리키는 말. ¶ 이쭈(=이쪽), 저쭈(=저쪽), 그쭈(=그쪽).

쭈구렁살/쭈굴살 (명사) 주름살.

쭈구리/쭈거리/쭐거리 (명사) 줄기.

쭈구리다 (동사) 쪼그리다.

쭈굴밤셍이/쭈굴밤시이 (명사) 쭈그렁이 : 살이 빠져서 쭈글쭈글한 늙은이를 낮잡아 이르는 말.

쭈굴살 (명사) 주름살.

쭈굴시럽다 (형용사) 겸연쩍다.

쭈굴쭈굴 (부사) 쭈글쭈글.

쭈굴티다 (동사) 쭈그러뜨리다.

쭈께미/쭈끼미쭈께미/쭈끼미 (명사) 주꾸미 : 문어과에 속한 연체동물.

쭈루다 (동사) 줄이다(減).

쭈루루 (부사) 쭈르르.

쭈무리다 (동사) 주무르다.

쭈시다 (동사) 쑤시다. ¶ 묵도 몬 하그로 자꾸 쭈시 샇네.(=먹지도 못하게 자꾸 쑤셔 대네.)

쭈지쭈지하다 (동사) 주저주저하다.

쭈지하다 (동사) 주저하다.",사투리,한국어,,2021-12-10 00:00:00,저작물양도계약서,진주시청,,,,제1유형,저작물,보호저작물,○,상업적이용가능,○,○,○,○,○,○,○,,2091-12-10 00:00:00,,
83,오디오,가이드/안내/정보,진주시청,진주시청,HOME > 진주소개 > 기본현황 > 진주 사투리 사전 > ㅈ,쭈치다 ~ 찧다/찌ㆆ다,"쭈치다 (동사) 주눅들다.

쭉데기/쭉데이/쭉디이/쭉지① (명사) 쭉정이.

쭉지② (명사) 죽지 : 팔과 어깨가 이어진 관절의 부분. 새의 날개가 몸에 붙은 부분.

쭉지③/쭉지기 (명사) 어린아이의 ‘기지개’를 이르는 말.

쭐거리/쭐구리 (명사) 줄기.

찌가리 (명사)(부사) 트집. 티격태격.

찌가리 뜯다 (관용어) 트집을 잡다. 말다툼하다.

찌가리 붙다 (관용어) 티격태격 다투다.

찌개지다 (동사) 찌그러지다.

찌게이 (명사) 지게미.

찌글티다 (동사) 찌그러뜨리다. 찌그러트리다.

찌기미 (명사) 지게미.

찌께 (명사) 집게.

찌께뽐 (명사) 집게뼘.

찌께이 (부사) 쪼금.

찌껜마 (부사) 쪼금만.

찌껜하다 (형용사) 쪼그맣다.

찌껞다 (형용사) 쪼그맣다.

찌껨 (명사) 쪼끔.

찌끼미 (명사) 지킴이.

찌꺼레이/찌꺼리 (명사) 찌꺼기.

찌다① (동사) (반지를) 끼다. 

찌다② (동사) (구름이) 끼다. (연기가) 끼다.

찌다③ (동사) 쬐다. ¶ 요오 와서 불 쪼껜 찌아라.(=여기 와서 불 조금 쬐어라.)

찌다④ (동사) (가시가) 끼다.

찌다⑤ (동사) 끼다 : 곁에 두거나 가까이하다.

찌딱끼리다 (동사) 뒤뚝거리다.

찌뜨리다/찌티리다 (동사) 흩뿌리다. 끼얹다.

찌러기 (명사) 여치.

찌럼시 (부사) 고루. ¶ 찌럼시 나누다.(=고루 나누다.)

찌렁내 (명사) 지린내.

찌르기/찌리기 (명사) 여치.

-찌리 (접사) –끼리. ¶ 지들찌리.(=자기들끼리.) ¶ 같은 학조 아:들찌리.(=같은 학교 아이들끼리.)

찌리다① (형용사) 지리다 : 1. (동사) 똥이나 오줌을 참지 못하고 조금 싸다. 2. (형용사) 오줌 냄새와 같거나 그런 맛이 있다.

찌리다② (동사) 찌르다 : 끝이 뾰족하거나 날카로운 것으로 물체의 겉면이 뚫어지거나 쑥 들어가도록 세차게 들이밀다.

찌리다③ (동사) 이르다. 밀고(密告)하다 : 남의 잘못을 다른 사람에게 일러바치다.

찌리다④ (동사) 지르다 : 도박이나 내기에서, 돈이나 물건 따위를 걸다.

찌리다⑤ (동사) 지르다 : 팔다리나 막대기 따위를 내뻗치어 대상물을 건드리다.

찌리찌리 (부사) 끼리끼리 : 여럿이 무리를 지어 따로따로. ¶ 찌리찌리 모이다.(=끼리끼리 모이다.)

찌린내 (명사) 지린내.

찌무리 (명사) 찜부럭 : 몸이나 마음이 괴로울 때 걸핏하면 짜증을 내는 짓.

찌무리기 (명사) 찜부럭 : 몸이나 마음이 괴로울 때 걸핏하면 짜증을 내는 짓.

찌벅하다 (형용사) 질벅하다.

찌부덩하다① (형용사) (몸이) 찌뿌듯하다.

찌부덩하다② (형용사) 기우뚱하다.

찌불다 (동사) 기울다.

찌불뜽하다 (형용사) 기웃드름하다.

찌불어지다 (동사) 기울어지다. ¶ 집 한쪽이 찌불어져 있네. 

찌붓하다 (동사) 망설망설하다.

찌시레이 (명사) 지스러기.

찌실가지 (명사) 지스러기.

찌아주다 (동사) 끼워주다.

찌우다① (동사) (단추를) 끼우다.

찌우다② (동사) (몇 개 더) 얹다 : 일정한 분량이나 액수 위에 얼마 정도 더 덧붙이다. ¶ 하나 더 찌아 주이소.(=하나 더 얹어/끼워 주세요.)

찌우뚱 (부사) 기웃뚱. 끼우뚱.

찌우뚱하다 (형용사) 기웃둥하다. 끼우뚱하다.

찌울다 (동사) 기울다.

찌웃기리다 (동사) 기웃거리다. 끼웃거리다.

찌웃이 (부사) 기웃.

찌웃찌웃 (부사) 기웃기웃. 끼웃끼웃.

찌이다① (동사) 쬐다 : 볕이나 불기운 따위를 몸에 받다.

찌이다② (동사) 끼다 : 안개나 연기 따위가 퍼져서 서리다.

찌이다③ (동사) 끼이다 : 틈새에 박히다.

찌이다④ (동사) 안타깝거나 애뜻한 마음이 남아 있다. ¶ 딸 시집 보낼 때 잘 해주지 못한기 늘 마음에 찌인다.

찌지다① (동사) 지지다 : 국물을 조금 붓고 끓여서 익히다.

찌지다② (동사) 찢다 : 물체를 잡아당겨서 가르다.

찌질이① (부사) 지질하게.

찌질이② (명사) 지질하게 못난 사람.

찌질하다 (동사) 지질하다 : 보잘것없고 변변하지 못하다.

찌짐 (명사) 지짐이.

찌티리다 (동사) 흩뿌리다. 끼얹다.

찍게/찝게 (명사) 집게.

찍자붙다 (동사) 괜한 트집을 잡으며 덤비다.

찍찌붓하다 (형용사) 찌뿌드드하다.

찐구덩/찐구렁 (명사) 수렁.

찐꼴빼다 (동사) 진을 빼다 : 힘이나 정력을 다 써 없애서 기진맥진하게 되다.

찐지레기 (명사) 지스러기.

찐지리 (명사) 지스러기.

찔기다 (형용사) 질기다. 모질다.

찔찔매다 (동사) 쩔쩔매다.

찔컥찔컥 (부사) 질퍽질퍽.

찜 (명사) 알음. 백 : 뒤에서 받쳐주는 사람을 속되게 이르는 말.

찜부리 (명사) 찜부럭.

찜새 (명사) 낌새.

찜이 있다 (관용어) 뒤에서 받쳐주는 사람이 있다.

찝게 (명사) 집게.

찝지부리하다 (형용사) 찝찝하다 : 개운하지 않고 무엇인가 마음에 걸리는 데가 있다.

찝짝기리다 (동사) 찝쩍거리다.

찝짝이다/찝찍이다 (동사) 집적이다. 건드리다.

찟티리다 (동사) 끼얹다.

찡가옇다 (동사) 끼워 넣다.

찡구다 (동사) 끼우다.

찡기다 (동사) 끼이다.

찡기미 (명사) 징거미새우 : 징거미새웃과의 민물 새우.

찡꼴대다/찡골빼다 (동사) 남에게 들러붙어서 행패나 돈 따위를 뜯어내는 등 신세를 지거나 폐를 끼치다.

찡찡기리다 (동사) 찡찡거리다.

찧다/찌ㆆ다 (동사) (활용 : 찧고[찌꼬], 찧지[찌찌], 찧는[찓는], 찧이모[찌이모], 찧이라[찌이라]) 찧다. ¶ 나락 찧고 있다. / 도치에 발등 찧일라.",2021-12-10 00:00:00,97,미부착,제1유형,무,,쭈치다 ~ 찧다/찌ㆆ다,,어문,음성,"쭈치다 (동사) 주눅들다.

쭉데기/쭉데이/쭉디이/쭉지① (명사) 쭉정이.

쭉지② (명사) 죽지 : 팔과 어깨가 이어진 관절의 부분. 새의 날개가 몸에 붙은 부분.

쭉지③/쭉지기 (명사) 어린아이의 ‘기지개’를 이르는 말.

쭐거리/쭐구리 (명사) 줄기.

찌가리 (명사)(부사) 트집. 티격태격.

찌가리 뜯다 (관용어) 트집을 잡다. 말다툼하다.

찌가리 붙다 (관용어) 티격태격 다투다.

찌개지다 (동사) 찌그러지다.

찌게이 (명사) 지게미.

찌글티다 (동사) 찌그러뜨리다. 찌그러트리다.

찌기미 (명사) 지게미.

찌께 (명사) 집게.

찌께뽐 (명사) 집게뼘.

찌께이 (부사) 쪼금.

찌껜마 (부사) 쪼금만.

찌껜하다 (형용사) 쪼그맣다.

찌껞다 (형용사) 쪼그맣다.

찌껨 (명사) 쪼끔.

찌끼미 (명사) 지킴이.

찌꺼레이/찌꺼리 (명사) 찌꺼기.

찌다① (동사) (반지를) 끼다. 

찌다② (동사) (구름이) 끼다. (연기가) 끼다.

찌다③ (동사) 쬐다. ¶ 요오 와서 불 쪼껜 찌아라.(=여기 와서 불 조금 쬐어라.)

찌다④ (동사) (가시가) 끼다.

찌다⑤ (동사) 끼다 : 곁에 두거나 가까이하다.

찌딱끼리다 (동사) 뒤뚝거리다.

찌뜨리다/찌티리다 (동사) 흩뿌리다. 끼얹다.

찌러기 (명사) 여치.

찌럼시 (부사) 고루. ¶ 찌럼시 나누다.(=고루 나누다.)

찌렁내 (명사) 지린내.

찌르기/찌리기 (명사) 여치.

-찌리 (접사) –끼리. ¶ 지들찌리.(=자기들끼리.) ¶ 같은 학조 아:들찌리.(=같은 학교 아이들끼리.)

찌리다① (형용사) 지리다 : 1. (동사) 똥이나 오줌을 참지 못하고 조금 싸다. 2. (형용사) 오줌 냄새와 같거나 그런 맛이 있다.

찌리다② (동사) 찌르다 : 끝이 뾰족하거나 날카로운 것으로 물체의 겉면이 뚫어지거나 쑥 들어가도록 세차게 들이밀다.

찌리다③ (동사) 이르다. 밀고(密告)하다 : 남의 잘못을 다른 사람에게 일러바치다.

찌리다④ (동사) 지르다 : 도박이나 내기에서, 돈이나 물건 따위를 걸다.

찌리다⑤ (동사) 지르다 : 팔다리나 막대기 따위를 내뻗치어 대상물을 건드리다.

찌리찌리 (부사) 끼리끼리 : 여럿이 무리를 지어 따로따로. ¶ 찌리찌리 모이다.(=끼리끼리 모이다.)

찌린내 (명사) 지린내.

찌무리 (명사) 찜부럭 : 몸이나 마음이 괴로울 때 걸핏하면 짜증을 내는 짓.

찌무리기 (명사) 찜부럭 : 몸이나 마음이 괴로울 때 걸핏하면 짜증을 내는 짓.

찌벅하다 (형용사) 질벅하다.

찌부덩하다① (형용사) (몸이) 찌뿌듯하다.

찌부덩하다② (형용사) 기우뚱하다.

찌불다 (동사) 기울다.

찌불뜽하다 (형용사) 기웃드름하다.

찌불어지다 (동사) 기울어지다. ¶ 집 한쪽이 찌불어져 있네. 

찌붓하다 (동사) 망설망설하다.

찌시레이 (명사) 지스러기.

찌실가지 (명사) 지스러기.

찌아주다 (동사) 끼워주다.

찌우다① (동사) (단추를) 끼우다.

찌우다② (동사) (몇 개 더) 얹다 : 일정한 분량이나 액수 위에 얼마 정도 더 덧붙이다. ¶ 하나 더 찌아 주이소.(=하나 더 얹어/끼워 주세요.)

찌우뚱 (부사) 기웃뚱. 끼우뚱.

찌우뚱하다 (형용사) 기웃둥하다. 끼우뚱하다.

찌울다 (동사) 기울다.

찌웃기리다 (동사) 기웃거리다. 끼웃거리다.

찌웃이 (부사) 기웃.

찌웃찌웃 (부사) 기웃기웃. 끼웃끼웃.

찌이다① (동사) 쬐다 : 볕이나 불기운 따위를 몸에 받다.

찌이다② (동사) 끼다 : 안개나 연기 따위가 퍼져서 서리다.

찌이다③ (동사) 끼이다 : 틈새에 박히다.

찌이다④ (동사) 안타깝거나 애뜻한 마음이 남아 있다. ¶ 딸 시집 보낼 때 잘 해주지 못한기 늘 마음에 찌인다.

찌지다① (동사) 지지다 : 국물을 조금 붓고 끓여서 익히다.

찌지다② (동사) 찢다 : 물체를 잡아당겨서 가르다.

찌질이① (부사) 지질하게.

찌질이② (명사) 지질하게 못난 사람.

찌질하다 (동사) 지질하다 : 보잘것없고 변변하지 못하다.

찌짐 (명사) 지짐이.

찌티리다 (동사) 흩뿌리다. 끼얹다.

찍게/찝게 (명사) 집게.

찍자붙다 (동사) 괜한 트집을 잡으며 덤비다.

찍찌붓하다 (형용사) 찌뿌드드하다.

찐구덩/찐구렁 (명사) 수렁.

찐꼴빼다 (동사) 진을 빼다 : 힘이나 정력을 다 써 없애서 기진맥진하게 되다.

찐지레기 (명사) 지스러기.

찐지리 (명사) 지스러기.

찔기다 (형용사) 질기다. 모질다.

찔찔매다 (동사) 쩔쩔매다.

찔컥찔컥 (부사) 질퍽질퍽.

찜 (명사) 알음. 백 : 뒤에서 받쳐주는 사람을 속되게 이르는 말.

찜부리 (명사) 찜부럭.

찜새 (명사) 낌새.

찜이 있다 (관용어) 뒤에서 받쳐주는 사람이 있다.

찝게 (명사) 집게.

찝지부리하다 (형용사) 찝찝하다 : 개운하지 않고 무엇인가 마음에 걸리는 데가 있다.

찝짝기리다 (동사) 찝쩍거리다.

찝짝이다/찝찍이다 (동사) 집적이다. 건드리다.

찟티리다 (동사) 끼얹다.

찡가옇다 (동사) 끼워 넣다.

찡구다 (동사) 끼우다.

찡기다 (동사) 끼이다.

찡기미 (명사) 징거미새우 : 징거미새웃과의 민물 새우.

찡꼴대다/찡골빼다 (동사) 남에게 들러붙어서 행패나 돈 따위를 뜯어내는 등 신세를 지거나 폐를 끼치다.

찡찡기리다 (동사) 찡찡거리다.

찧다/찌ㆆ다 (동사) (활용 : 찧고[찌꼬], 찧지[찌찌], 찧는[찓는], 찧이모[찌이모], 찧이라[찌이라]) 찧다. ¶ 나락 찧고 있다. / 도치에 발등 찧일라.",사투리,한국어,,2021-12-10 00:00:00,저작물양도계약서,진주시청,,,,제1유형,저작물,보호저작물,○,상업적이용가능,○,○,○,○,○,○,○,,2091-12-10 00:00:00,,
84,오디오,가이드/안내/정보,진주시청,진주시청,HOME > 진주소개 > 기본현황 > 진주 사투리 사전 > ㅊ,차겁다 ~ 천지 삐까리다,"진주사투리 사전 치읓

차겁다 (형용사) 차갑다.

차기차기/차게차게 (부사) 차곡차곡 ¶ 마다아 눈이 차게차게 쌓이고 있다.(=마당에 눈이 차곡차곡 쌓이고 있다.)

차단지 (명사) 말을 차지게 하는 사람을 비유적으로 이르는 말. ¶ 쪼맨한 아:가 말을 우찌 저리 차단지겉이 하네?(=어린아이가 말을 어찌 저렇게 찰지게 잘하느냐?)

차돌배이 (명사) 차돌박이 : 소의 양지머리뼈의 한복판에 붙은 기름진 고기. 색이 희고 단단하다.

차돌빼이/차돌뺑이 (명사) 야무진 사람을 비유적으로 이르는 말.

차롬하다 (형용사) 골막하다 : 담긴 것이 가득 차지 아니하고 조금 모자란 듯하다.

차몰미 (명사) 차멀미.

차발통 (명사) 차바퀴.

차악차악 (부사) 차곡차곡.

차알보다 (동사) 바라보다. 쳐다보다.

차중 (명사) 참 : 무엇을 하는 경우나 때. 마당 : 어떤 일이 이루어지는 판이나 상황. ¶ 이 차중에 그런 말이 나오나?(=이 마당에 그런 말이 나오느냐?) 

차춤 (부사) 차츰.

차춤차춤 (부사) 차츰차츰.

차침 (부사) 차츰.

차침차침 (부사) 차츰차츰.

차판 (명사) 처지. 마당 : 어떤 일이 이루어지는 판이나 상황. 또는 처하여 있는 사정이나 형편. ¶ 이 차판에 돈이나 묵자.(=이런 마당에 돈이나 먹자.)

찬물베이 (명사) 찬물배미 : 찬물이 솟아나거나 흘러 들어와 괴어 있는 논배미.

찬차이 (부사) 찬찬히.

찰강내이 (명사) 찰옥수수.

찰랑개비 (명사) 1. (날아다니는) 잠자리. 2. 가볍고 경솔한 사람을 놀림조로 이르는 말. ¶ 가: 노는 기 찰랑개비 겉네.(=그 애 노는 게 잠자리 같네.)

찰래비 (명사) 잠자리.

찰부끼미 (명사) 찰부꾸미.

찰서숙 (명사) 1. 차조 : 찰기가 있는 조. 2. 차좁쌀.

찰쑤시 (명사) 찰수수.

참: (명사) 곁두리 : 농사꾼이나 일꾼들이 끼니 외에 참참이 먹는 음식.

참나락 (명사) 찰벼.

참애 (명사) 참외.

참조구 (명사) 참조기 : 민어과의 바닷물고기.

참지름 (명사) 참기름.

찹다 (형용사) 차다.

창깨고리/창깨구리 (명사) 청개구리.

창꾸녕/창구영 (명사) 창구멍.

창사/창새/창수/창시 (명사) 창자.

창오지 (명사) 창호지. 문종이.

창창 (부사) 찬찬 : 단단하게 자꾸 감거나 동여매는 모양. ¶ 밧줄로 창창 감아라.

-채 접미 -째 : (수량, 기간을 나타내는 명사 또는 명사구 뒤와 수사 뒤에 붙어) ‘차례’의 뜻을 더하는 접미사. ¶ 두채, 세채, 네채, 여덜 바키채, 몇채, 다섯 바키채, 두 잔채. 

채다 (동사) 빌리다. 꾸다. ¶ 웃집에 가서 돈 좀 채 오이라.(=윗집에 가서 돈 좀 꾸어(빌려) 오너라.)

채덮다 (동사) 엎어 덮다.

채디이 (명사) 무슨 일에나 뒤처진 사람을 낮잡아 이르는 말.

채똑 (명사) 채독 : 싸릿개비나 버들가지 따위의 오리를 결어 독 모양으로 만들고 안팎으로 종이를 바른 채그릇. 산간지방에서 마른 곡식을 갈무리할 때 많이 쓴다.

채리다① (동사) 음식 따위를 장만하여 상에 벌이다.

채리다② (동사) (실속을) 차리다 : 자기의 이익을 따져 챙기다.

채리입다 (동사) 차려입다 : 잘 갖추어 입다.

채림새 (명사) 차림새.

채소구리/채소쿠리 (명사) 1. 삼태기. 2. 어렝이 : 광산에서 쓰는 삼태기. 통싸리로 얼멍얼멍 엮어 만든다.

채소쿠리로 아랫도리 게룬다 (속담) 얼멍얼멍 엮은 삼태기로 아랫도리를 가린다는 뜻으로, 형식에 치우쳐 일을 그르친다는 말.

채시리다 (동사) 추스르다.

채알 (명사) 차일(遮日) : 햇볕을 가리기 위하여 치는 포장. ¶ 채알을 치다.(=차일을 치다.)

채애주다 (동사) 꿔주다. 빌려주다.

채이/챙이 (명사) 키 : 곡식 따위를 까불러 쭉정이나 티끌을 골라내는 도구. ¶ 채이로 쌀을 까불다.(=키로 쌀을 까부르다.)

채이다 (동사) 차이다. ¶ 요즘 발에 채이는 기 저기다.(=요즘 발에 차이는 게 저것이다.)

채짐치 (명사) 채김치 : 배추, 무, 갓 따위를 채 쳐서 담그는 김치.

책거불/책거풀 (명사) 책가위 : 책의 겉장이 상하지 아니하게 싸는 종이, 비닐, 헝겊 따위.

책엄지다 (동사) 책임(責任)지다.

챌로 (부사) 차라리 : 여러 가지 사실을 말할 때에, 저리 하는 것보다 이리 하는 것이 나음을 이르는 말.

챔 (명사) 참 : 무엇을 하는 경우나 때. 또는 의향. 

챔빗 (명사) 참빗 : 빗살이 아주 가늘고 촘촘한 빗.

챗발 (명사) 최활 : 베를 짤 때 베의 폭이 좁아지지 않도록 버텨 놓는 활처럼 등이 휜 나무오리.

챙기보다 (동사) 살펴보다.

챙피하다 (형용사) 창피하다.

처 (감탄사) 쳇 : 못마땅하거나 아니꼽거나 화가 날 때 내는 소리.

처각/처객 (명사) 췌객(贅客) : 처가의 관점에서 사위를 이르는 말.

처남우댁 (명사) 처남댁.

처니/처이 (명사) 처녀.

처라보다 (동사) 쳐다보다.

처매 (명사) 처마 : 지붕의 도리 밖으로 내민 부분.

처머니/처머이/처무이 (부사) 처음.

처먼재/처먼지/첫먼재/첫먼지 (부사) 처음.

처묵다 (동사) 처먹다.

처박뜨리다/처박띠리다 (동사) 처박지르다 : ‘처박다’를 속되게 이르는 말로, 음식 따위를 마구 쑤셔 넣거나 밀어 넣다.

처앤기다 (동사) 처안기다.

처옇다 (동사) 처넣다.

처이 (명사) 처녀.

천날만날 (부사) 거의 날마다.

천디구디/천디구리/천디꾸리 (명사) 천덕구니. 천덕꾸러기.

천디기/천디이 (명사) 천덕꾸러기.

천상/천사아 (부사) 천생 : 타고난 것처럼 아주. 이미 정해진 것처럼 어쩔 수 없이. ¶ 이분에는 천상 니가 가야겄다.(=이번에는 천생 네가 가야겠다.)

천신 (명사) 차지 : 사물이나 공간, 지위 따위를 자기 몫으로 가짐.

천아 쉽다 (관용어) 아주 쉽다.

천지다 (형용사) 아주 많다.

천지만지 (명사) 온 땅에 무엇이 가득함.

천지 삐까리다 (관용어) 온 세상에 볏가리가 쌓여 있을 정도로 아주 많음을 나타내는 말. 아주 많다.",2021-12-10 00:00:00,82,미부착,제1유형,무,,차겁다 ~ 천지 삐까리다,,어문,음성,"진주사투리 사전 치읓

차겁다 (형용사) 차갑다.

차기차기/차게차게 (부사) 차곡차곡 ¶ 마다아 눈이 차게차게 쌓이고 있다.(=마당에 눈이 차곡차곡 쌓이고 있다.)

차단지 (명사) 말을 차지게 하는 사람을 비유적으로 이르는 말. ¶ 쪼맨한 아:가 말을 우찌 저리 차단지겉이 하네?(=어린아이가 말을 어찌 저렇게 찰지게 잘하느냐?)

차돌배이 (명사) 차돌박이 : 소의 양지머리뼈의 한복판에 붙은 기름진 고기. 색이 희고 단단하다.

차돌빼이/차돌뺑이 (명사) 야무진 사람을 비유적으로 이르는 말.

차롬하다 (형용사) 골막하다 : 담긴 것이 가득 차지 아니하고 조금 모자란 듯하다.

차몰미 (명사) 차멀미.

차발통 (명사) 차바퀴.

차악차악 (부사) 차곡차곡.

차알보다 (동사) 바라보다. 쳐다보다.

차중 (명사) 참 : 무엇을 하는 경우나 때. 마당 : 어떤 일이 이루어지는 판이나 상황. ¶ 이 차중에 그런 말이 나오나?(=이 마당에 그런 말이 나오느냐?) 

차춤 (부사) 차츰.

차춤차춤 (부사) 차츰차츰.

차침 (부사) 차츰.

차침차침 (부사) 차츰차츰.

차판 (명사) 처지. 마당 : 어떤 일이 이루어지는 판이나 상황. 또는 처하여 있는 사정이나 형편. ¶ 이 차판에 돈이나 묵자.(=이런 마당에 돈이나 먹자.)

찬물베이 (명사) 찬물배미 : 찬물이 솟아나거나 흘러 들어와 괴어 있는 논배미.

찬차이 (부사) 찬찬히.

찰강내이 (명사) 찰옥수수.

찰랑개비 (명사) 1. (날아다니는) 잠자리. 2. 가볍고 경솔한 사람을 놀림조로 이르는 말. ¶ 가: 노는 기 찰랑개비 겉네.(=그 애 노는 게 잠자리 같네.)

찰래비 (명사) 잠자리.

찰부끼미 (명사) 찰부꾸미.

찰서숙 (명사) 1. 차조 : 찰기가 있는 조. 2. 차좁쌀.

찰쑤시 (명사) 찰수수.

참: (명사) 곁두리 : 농사꾼이나 일꾼들이 끼니 외에 참참이 먹는 음식.

참나락 (명사) 찰벼.

참애 (명사) 참외.

참조구 (명사) 참조기 : 민어과의 바닷물고기.

참지름 (명사) 참기름.

찹다 (형용사) 차다.

창깨고리/창깨구리 (명사) 청개구리.

창꾸녕/창구영 (명사) 창구멍.

창사/창새/창수/창시 (명사) 창자.

창오지 (명사) 창호지. 문종이.

창창 (부사) 찬찬 : 단단하게 자꾸 감거나 동여매는 모양. ¶ 밧줄로 창창 감아라.

-채 접미 -째 : (수량, 기간을 나타내는 명사 또는 명사구 뒤와 수사 뒤에 붙어) ‘차례’의 뜻을 더하는 접미사. ¶ 두채, 세채, 네채, 여덜 바키채, 몇채, 다섯 바키채, 두 잔채. 

채다 (동사) 빌리다. 꾸다. ¶ 웃집에 가서 돈 좀 채 오이라.(=윗집에 가서 돈 좀 꾸어(빌려) 오너라.)

채덮다 (동사) 엎어 덮다.

채디이 (명사) 무슨 일에나 뒤처진 사람을 낮잡아 이르는 말.

채똑 (명사) 채독 : 싸릿개비나 버들가지 따위의 오리를 결어 독 모양으로 만들고 안팎으로 종이를 바른 채그릇. 산간지방에서 마른 곡식을 갈무리할 때 많이 쓴다.

채리다① (동사) 음식 따위를 장만하여 상에 벌이다.

채리다② (동사) (실속을) 차리다 : 자기의 이익을 따져 챙기다.

채리입다 (동사) 차려입다 : 잘 갖추어 입다.

채림새 (명사) 차림새.

채소구리/채소쿠리 (명사) 1. 삼태기. 2. 어렝이 : 광산에서 쓰는 삼태기. 통싸리로 얼멍얼멍 엮어 만든다.

채소쿠리로 아랫도리 게룬다 (속담) 얼멍얼멍 엮은 삼태기로 아랫도리를 가린다는 뜻으로, 형식에 치우쳐 일을 그르친다는 말.

채시리다 (동사) 추스르다.

채알 (명사) 차일(遮日) : 햇볕을 가리기 위하여 치는 포장. ¶ 채알을 치다.(=차일을 치다.)

채애주다 (동사) 꿔주다. 빌려주다.

채이/챙이 (명사) 키 : 곡식 따위를 까불러 쭉정이나 티끌을 골라내는 도구. ¶ 채이로 쌀을 까불다.(=키로 쌀을 까부르다.)

채이다 (동사) 차이다. ¶ 요즘 발에 채이는 기 저기다.(=요즘 발에 차이는 게 저것이다.)

채짐치 (명사) 채김치 : 배추, 무, 갓 따위를 채 쳐서 담그는 김치.

책거불/책거풀 (명사) 책가위 : 책의 겉장이 상하지 아니하게 싸는 종이, 비닐, 헝겊 따위.

책엄지다 (동사) 책임(責任)지다.

챌로 (부사) 차라리 : 여러 가지 사실을 말할 때에, 저리 하는 것보다 이리 하는 것이 나음을 이르는 말.

챔 (명사) 참 : 무엇을 하는 경우나 때. 또는 의향. 

챔빗 (명사) 참빗 : 빗살이 아주 가늘고 촘촘한 빗.

챗발 (명사) 최활 : 베를 짤 때 베의 폭이 좁아지지 않도록 버텨 놓는 활처럼 등이 휜 나무오리.

챙기보다 (동사) 살펴보다.

챙피하다 (형용사) 창피하다.

처 (감탄사) 쳇 : 못마땅하거나 아니꼽거나 화가 날 때 내는 소리.

처각/처객 (명사) 췌객(贅客) : 처가의 관점에서 사위를 이르는 말.

처남우댁 (명사) 처남댁.

처니/처이 (명사) 처녀.

처라보다 (동사) 쳐다보다.

처매 (명사) 처마 : 지붕의 도리 밖으로 내민 부분.

처머니/처머이/처무이 (부사) 처음.

처먼재/처먼지/첫먼재/첫먼지 (부사) 처음.

처묵다 (동사) 처먹다.

처박뜨리다/처박띠리다 (동사) 처박지르다 : ‘처박다’를 속되게 이르는 말로, 음식 따위를 마구 쑤셔 넣거나 밀어 넣다.

처앤기다 (동사) 처안기다.

처옇다 (동사) 처넣다.

처이 (명사) 처녀.

천날만날 (부사) 거의 날마다.

천디구디/천디구리/천디꾸리 (명사) 천덕구니. 천덕꾸러기.

천디기/천디이 (명사) 천덕꾸러기.

천상/천사아 (부사) 천생 : 타고난 것처럼 아주. 이미 정해진 것처럼 어쩔 수 없이. ¶ 이분에는 천상 니가 가야겄다.(=이번에는 천생 네가 가야겠다.)

천신 (명사) 차지 : 사물이나 공간, 지위 따위를 자기 몫으로 가짐.

천아 쉽다 (관용어) 아주 쉽다.

천지다 (형용사) 아주 많다.

천지만지 (명사) 온 땅에 무엇이 가득함.

천지 삐까리다 (관용어) 온 세상에 볏가리가 쌓여 있을 정도로 아주 많음을 나타내는 말. 아주 많다.",사투리,한국어,,2021-12-10 00:00:00,저작물양도계약서,진주시청,,,,제1유형,저작물,보호저작물,○,상업적이용가능,○,○,○,○,○,○,○,,2091-12-10 00:00:00,,
85,오디오,가이드/안내/정보,진주시청,진주시청,HOME > 진주소개 > 기본현황 > 진주 사투리 사전 > ㅊ,천처이 ~ 춤치다,"천처이 (부사) 천천히. 찬찬히.

철구다리 (명사) 철교.

철까치 (명사) 철도. 철로. 레일.

철따구철따구 (명사) 철딱서니. 철따구니.

철때이 (명사) 철때기. 철따구니.

철짱하다 (동사) 차깔하다 : 문을 굳게 닫아 잠가 두다.

첩 (명사) 겹. ¶ 첩으로 덴 창문(=겹으로 된 창문).

첩사이 (명사) 첩(妾).

첩처불 (부사) 겹겹이.

첩처불로 (부사) 첩첩이. 겹겹이.

첫떼 (명사) (윷놀이) 첫도.

첫분에 (부사) 첫 번에.

첫새복 (명사) 첫새벽.

첫채 (수사)(관형사) 첫째.

첫추우 (명사) 첫추위.

청간시럽다 (형용사) 남에게 폐를 끼칠까 봐 지나치게 체면을 차리거나 사양을 하는 면이 있다.

청간지다 (동사) 사양하다.

청깨고리 (명사) 청개구리.

청로 (명사) 청루(靑樓). 창관(娼館) : 창기나 창녀들이 있는 집. ¶ 정지 가수나 청로 든 겉다.(=부엌데기가 청루에 든 것 같다.) 

청마리 (명사) 마루.

청성궂다 (형용사) 청승궂다 : 궁상스럽고 처량하여 보기에 언짢다.

청성시럽다 (형용사) 청승스럽다.

청애 (명사) 청어.

체리보다 (동사) 쳐다보다.

체보 (명사) 우체부. 우편집배원.

체복 (명사) 중복. 겹겹.

체이/쳉이 (명사) 키 : 곡식 따위를 까불러 쭉정이나 티끌을 골라내는 도구.

첼보다 (동사) 쳐다보다.

쳇발 (명사) 쳇다리 : 콩나물을 기를 때 콩나물 체 밑에 받치는 나무.

초구 (명사) 초오(草烏) : 바꽃의 덩이뿌리를 한방에서 이르는 말. 독성이 많은 열성 약재로 삼복통, 관절통 따위에 쓴다.

초나을 (명사) 초나흘.

초난날 (명사) 초나흗날.

초따듬 (명사) 처음. 첫머리.

초따디미 (명사) 처음. 첫머리.

초때뻬이 (명사) ‘정강이’를 속되게 이르는 말.

초똥 (명사) 촛농 : 초가 탈 때에 녹아서 흐르는 기름.

초라이 (명사) 초라니 : 하회 별신굿 탈놀이에 등장하는 인물의 하나. 양반의 하인으로 가볍고 방정맞은 성격을 지닌다.

초레이① (명사) 기슭. ¶ 산초레이(=산기슭).

초레이②/초렝이 (명사) 초리 : 어떤 물체의 가늘고 뾰족한 끝부분. ¶ 초레이가 매섭어 비이는 눈을 가아 있네.(=초리가 매서워 보이는 눈을 가지고 있네.)

초련고생/초린고생 (명사) 초년고생.

초물 (명사) 맏물 : 푸성귀, 과일, 곡식, 해산물 따위에서 그 해 들어 제일 먼저 거두어들인 것.

초불 (명사) 초벌. 애벌 : 같은 일을 여러 차례 거듭하여야 할 때에 맨 처음 대강하여 낸 차례.

초불꾸이 (명사) 초벌구이. 설구이.

초빼이① (명사) 식초병(食醋甁). 초병.

초빼이② (명사) 1. 술이 몹시 취한 상태를 이르는 말. ¶ 술이 초빼이가 댔네.(=술이 지나치게 취했네.) 2. ‘술꾼’을 낮잡아 이르는 말.

초사알 (명사) 초사흗날. 사흗날.

초산날 (명사) 초사흗날. 사흗날.

초생달 (명사) 초승달.

초성 (명사) 목청.

초악 (명사) 초학. 학질. 하루거리.

초잡다 (동사) 초(草)하다. 기초(起草)하다.

초집 (명사) 초장. 초고추장.

초짜배이 (명사) 초(初)짜 : 어떤 분야에서 처음으로 일하여 그 일에 능숙하지 못한 사람을 낮잡아 이르는 말.

초하리 (명사) 초하루.

초하릿날 (명사) 초하룻날.

촉 (명사) 싹 : 씨, 줄기, 뿌리 따위에서 처음 돋아나는 어린잎이나 줄기.

촉새 겉다 (관용어) ‘촉새 같다’는 뜻으로, 입이 가벼워 말을 물어내는 사람을 비유적으로 이르는 말.

촉잡다 (동사) 책잡다 : 남의 잘못을 들어 나무라다.

촌때 (명사) 촌티.

촌띠이 (명사) 촌뜨기.

촌치이 (명사) 촌충. 

촐래방정 (명사) 오두방정 : 몹시 방정맞은 행동.

촐래이/촐랭이 (명사) 촐랑이 : 자꾸 방정맞게 까부는 사람.

촐래촐래 (부사) 졸래졸래. 쫄래쫄래.

촛대뻬 (동사) 정강이뼈.

총각짐치 (명사) 총각김치.

총구 (명사) 총기 : 총명하고 기억력이 좋음.

총구하다 (형용사) 총기하다. : 총명하고 기억력이 좋다.

총내이 (명사) 총냥이 : 여우나 이리 따위처럼 눈이 툭 불거지고 입이 뾰족하며 얼굴이 마른 사람을 비유적으로 이르는 말.

총생 (명사) ’뭉쳐나기’란 뜻으로 아이가 많이 딸린 ‘어린 것들’을 비유적으로 이르는 말.

추끼다 (동사) 추기다 : 다른 사람을 꾀어서 무엇을 하도록 하다.

추땀 (명사) 지대(地臺).

추리하다 (형용사) 추레하다 : 겉모양이 깨끗하지 못하고 생기가 없다.

추마리 (명사) 중두리 : 독보다 조금 작고 배가 부른 오지그릇.

추무리 (명사) 추물 : 행실이나 됨됨이가 추잡한 사람을 낮잡아 이르는 말.

추물시럽다 (형용사) 추저분하다.

추버지다 (동사) 추워지다.

추부 (명사) 추위.

추수다 (동사) 축이다. ¶ 목 마린데 목 좀 추수고 가입시더.(=목 마른데 목 좀 축이고 갑시다.) 

추시리다 (동사) 추스르다.

추자다/추주다 (동사) 축이다.

추접다 (형용사) 추접하다. 추저분하다.

축담 (명사) 지대(地臺) : 건축물을 세우기 위해 터를 잡고 돌로 쌓은 부분.

축담돌 (명사) 지대석(地臺石). 지댓돌 : 건축물을 세우기 위해 잡은 터에 쌓은 돌.

춘새 (명사) 추녀 : 네모지고 끝이 번쩍 들린, 처마의 네 귀에 있는 큰 서까래. 또는 그 부분의 처마.

춘피이 (명사) 바보. ¶ 열벵을 아ᇙ고 나디 이 춘피이가 뎄네.(=열병을 앓고 나더니 바보가 됐네.)

춤① (명사) 침(鍼) : 사람의 몸에 있는 혈(穴)을 찔러서 병을 다스리는 데에 쓰는 의료기구.

춤② (명사) 침 : 입속의 침샘에서 분비되는 소화액.

춤맞다 (동사) 침(鍼)을 맞다.

춤밭다 (동사) 침을 뱉다.

춤재이① (명사) 춤을 즐겨 추는 사람을 낮잡아 이르는 말. 

춤재이② (명사) 침쟁이. ‘침의(鍼醫)’를 낮잡아 이르는 말.

춤치다 (동사) 춤추다.",2021-12-10 00:00:00,93,미부착,제1유형,무,,천처이 ~ 춤치다,,어문,음성,"천처이 (부사) 천천히. 찬찬히.

철구다리 (명사) 철교.

철까치 (명사) 철도. 철로. 레일.

철따구철따구 (명사) 철딱서니. 철따구니.

철때이 (명사) 철때기. 철따구니.

철짱하다 (동사) 차깔하다 : 문을 굳게 닫아 잠가 두다.

첩 (명사) 겹. ¶ 첩으로 덴 창문(=겹으로 된 창문).

첩사이 (명사) 첩(妾).

첩처불 (부사) 겹겹이.

첩처불로 (부사) 첩첩이. 겹겹이.

첫떼 (명사) (윷놀이) 첫도.

첫분에 (부사) 첫 번에.

첫새복 (명사) 첫새벽.

첫채 (수사)(관형사) 첫째.

첫추우 (명사) 첫추위.

청간시럽다 (형용사) 남에게 폐를 끼칠까 봐 지나치게 체면을 차리거나 사양을 하는 면이 있다.

청간지다 (동사) 사양하다.

청깨고리 (명사) 청개구리.

청로 (명사) 청루(靑樓). 창관(娼館) : 창기나 창녀들이 있는 집. ¶ 정지 가수나 청로 든 겉다.(=부엌데기가 청루에 든 것 같다.) 

청마리 (명사) 마루.

청성궂다 (형용사) 청승궂다 : 궁상스럽고 처량하여 보기에 언짢다.

청성시럽다 (형용사) 청승스럽다.

청애 (명사) 청어.

체리보다 (동사) 쳐다보다.

체보 (명사) 우체부. 우편집배원.

체복 (명사) 중복. 겹겹.

체이/쳉이 (명사) 키 : 곡식 따위를 까불러 쭉정이나 티끌을 골라내는 도구.

첼보다 (동사) 쳐다보다.

쳇발 (명사) 쳇다리 : 콩나물을 기를 때 콩나물 체 밑에 받치는 나무.

초구 (명사) 초오(草烏) : 바꽃의 덩이뿌리를 한방에서 이르는 말. 독성이 많은 열성 약재로 삼복통, 관절통 따위에 쓴다.

초나을 (명사) 초나흘.

초난날 (명사) 초나흗날.

초따듬 (명사) 처음. 첫머리.

초따디미 (명사) 처음. 첫머리.

초때뻬이 (명사) ‘정강이’를 속되게 이르는 말.

초똥 (명사) 촛농 : 초가 탈 때에 녹아서 흐르는 기름.

초라이 (명사) 초라니 : 하회 별신굿 탈놀이에 등장하는 인물의 하나. 양반의 하인으로 가볍고 방정맞은 성격을 지닌다.

초레이① (명사) 기슭. ¶ 산초레이(=산기슭).

초레이②/초렝이 (명사) 초리 : 어떤 물체의 가늘고 뾰족한 끝부분. ¶ 초레이가 매섭어 비이는 눈을 가아 있네.(=초리가 매서워 보이는 눈을 가지고 있네.)

초련고생/초린고생 (명사) 초년고생.

초물 (명사) 맏물 : 푸성귀, 과일, 곡식, 해산물 따위에서 그 해 들어 제일 먼저 거두어들인 것.

초불 (명사) 초벌. 애벌 : 같은 일을 여러 차례 거듭하여야 할 때에 맨 처음 대강하여 낸 차례.

초불꾸이 (명사) 초벌구이. 설구이.

초빼이① (명사) 식초병(食醋甁). 초병.

초빼이② (명사) 1. 술이 몹시 취한 상태를 이르는 말. ¶ 술이 초빼이가 댔네.(=술이 지나치게 취했네.) 2. ‘술꾼’을 낮잡아 이르는 말.

초사알 (명사) 초사흗날. 사흗날.

초산날 (명사) 초사흗날. 사흗날.

초생달 (명사) 초승달.

초성 (명사) 목청.

초악 (명사) 초학. 학질. 하루거리.

초잡다 (동사) 초(草)하다. 기초(起草)하다.

초집 (명사) 초장. 초고추장.

초짜배이 (명사) 초(初)짜 : 어떤 분야에서 처음으로 일하여 그 일에 능숙하지 못한 사람을 낮잡아 이르는 말.

초하리 (명사) 초하루.

초하릿날 (명사) 초하룻날.

촉 (명사) 싹 : 씨, 줄기, 뿌리 따위에서 처음 돋아나는 어린잎이나 줄기.

촉새 겉다 (관용어) ‘촉새 같다’는 뜻으로, 입이 가벼워 말을 물어내는 사람을 비유적으로 이르는 말.

촉잡다 (동사) 책잡다 : 남의 잘못을 들어 나무라다.

촌때 (명사) 촌티.

촌띠이 (명사) 촌뜨기.

촌치이 (명사) 촌충. 

촐래방정 (명사) 오두방정 : 몹시 방정맞은 행동.

촐래이/촐랭이 (명사) 촐랑이 : 자꾸 방정맞게 까부는 사람.

촐래촐래 (부사) 졸래졸래. 쫄래쫄래.

촛대뻬 (동사) 정강이뼈.

총각짐치 (명사) 총각김치.

총구 (명사) 총기 : 총명하고 기억력이 좋음.

총구하다 (형용사) 총기하다. : 총명하고 기억력이 좋다.

총내이 (명사) 총냥이 : 여우나 이리 따위처럼 눈이 툭 불거지고 입이 뾰족하며 얼굴이 마른 사람을 비유적으로 이르는 말.

총생 (명사) ’뭉쳐나기’란 뜻으로 아이가 많이 딸린 ‘어린 것들’을 비유적으로 이르는 말.

추끼다 (동사) 추기다 : 다른 사람을 꾀어서 무엇을 하도록 하다.

추땀 (명사) 지대(地臺).

추리하다 (형용사) 추레하다 : 겉모양이 깨끗하지 못하고 생기가 없다.

추마리 (명사) 중두리 : 독보다 조금 작고 배가 부른 오지그릇.

추무리 (명사) 추물 : 행실이나 됨됨이가 추잡한 사람을 낮잡아 이르는 말.

추물시럽다 (형용사) 추저분하다.

추버지다 (동사) 추워지다.

추부 (명사) 추위.

추수다 (동사) 축이다. ¶ 목 마린데 목 좀 추수고 가입시더.(=목 마른데 목 좀 축이고 갑시다.) 

추시리다 (동사) 추스르다.

추자다/추주다 (동사) 축이다.

추접다 (형용사) 추접하다. 추저분하다.

축담 (명사) 지대(地臺) : 건축물을 세우기 위해 터를 잡고 돌로 쌓은 부분.

축담돌 (명사) 지대석(地臺石). 지댓돌 : 건축물을 세우기 위해 잡은 터에 쌓은 돌.

춘새 (명사) 추녀 : 네모지고 끝이 번쩍 들린, 처마의 네 귀에 있는 큰 서까래. 또는 그 부분의 처마.

춘피이 (명사) 바보. ¶ 열벵을 아ᇙ고 나디 이 춘피이가 뎄네.(=열병을 앓고 나더니 바보가 됐네.)

춤① (명사) 침(鍼) : 사람의 몸에 있는 혈(穴)을 찔러서 병을 다스리는 데에 쓰는 의료기구.

춤② (명사) 침 : 입속의 침샘에서 분비되는 소화액.

춤맞다 (동사) 침(鍼)을 맞다.

춤밭다 (동사) 침을 뱉다.

춤재이① (명사) 춤을 즐겨 추는 사람을 낮잡아 이르는 말. 

춤재이② (명사) 침쟁이. ‘침의(鍼醫)’를 낮잡아 이르는 말.

춤치다 (동사) 춤추다.",사투리,한국어,,2021-12-10 00:00:00,저작물양도계약서,진주시청,,,,제1유형,저작물,보호저작물,○,상업적이용가능,○,○,○,○,○,○,○,,2091-12-10 00:00:00,,
86,오디오,가이드/안내/정보,진주시청,진주시청,HOME > 진주소개 > 기본현황 > 진주 사투리 사전 > ㅊ,치끼다 ~ 칭칭이,"치끼다 (동사) 추기다 : 다른 사람을 꾀어서 무엇을 하도록 하다.

치끼들다 (동사) 추켜들다. 치켜들다.

치끼세우다 (동사) 추켜세우다.

치끼올리다 (동사) 추켜올리다.

치끼주다 (동사) 치켜세우다.

치나칭칭나네 (명사) 쾌지나칭칭나네.

치다① (동사) (춤을) 추다.

치다② (동사) 추다 : 물건을 찾으려고 뒤지다.

치다리 (부사) 아래에서 위로 쭉.

치다보다/치바다보다 (동사) 쳐다보다.

치대다 (동사) 다른 사람에게 기대어 그 사람을 힘들게 하다.

치루다 (동사) 치르다.

치리 (명사) 치레 : 잘 손질하여 모양을 냄. 무슨 일에 실속 이상으로 꾸미어 드러냄.

치리말 (명사) 치렛말 : 인사치레로 하는 말.

치매 (명사) 치마.

치매짜리 (명사) 1. 치마. 2. 여자를 속되게 이르는 말.

치맷바람 (명사) 치맛바람.

치바다보다 (동사) 쳐다보다.

치송하다 (동사) 돌보다.

치시리다 (동사) 추스르다.

치아삐다 (동사) 치워버리다.

치안하다 (동사) 취한(取汗)하다. 병을 다스리려고 몸에 땀을 내다. 

치애다 (동사) (돈 따위를) 꾸다. 빌리다.

치애주다 (동사) (돈 따위를) 꿔 주다.

치우다① (동사) (딸을) 시집보내다.

치우다② (동사) (논, 밭을) 일구다.

치우다③ (동사) (낫 따위를) 벼리다.

치우다④ (동사) (돗자리 따위를) 치다 : 돗자리, 멍석, 가마니 따위를 틀로 짜다.

치하다 (동사) 취(醉)하다.

칙 (명사) 칡.

칙넝쿨 (명사) 칡덩쿨.

친택 (명사) 친탁 : 생김새나 성질, 체질이 아버지 쪽을 많이 닮음.

칠칠받다 (동사) 칠칠맞다.

칠푸이 (명사) 칠삭둥이 : 일곱 달 만에 태어난 아이란 뜻으로, 조금 모자라는 사람을 놀림조로 이르는 말.

침재이 (명사) 침쟁이 : ‘침의(鍼醫)’를 낮잡아 이르는 말.

칩다 (형용사) 춥다.

칭 (명사) 층. ¶ 칭칭이(=층층이).

칭개/칭기 (명사) 층계.

칭개다리 (명사) 층층다리 : 돌이나 나무 따위로 여러 층이 지게 만들어서 높은 곳을 오르내릴 수 있게 만든 설비. 층층대.

칭기 (명사) 층계.

칭아 (명사) 층하(層下) : 다른 것보다 낮잡아 소홀히 대함.

칭칭개 (명사) 층층계.

칭칭시하 (명사) 층층시하(層層侍下) : 부모, 조부모 등의 어른들을 모시고 사는 처지.

칭칭이 (부사) 층층이.",2021-12-10 00:00:00,44,미부착,제1유형,무,,치끼다 ~ 칭칭이,,어문,음성,"치끼다 (동사) 추기다 : 다른 사람을 꾀어서 무엇을 하도록 하다.

치끼들다 (동사) 추켜들다. 치켜들다.

치끼세우다 (동사) 추켜세우다.

치끼올리다 (동사) 추켜올리다.

치끼주다 (동사) 치켜세우다.

치나칭칭나네 (명사) 쾌지나칭칭나네.

치다① (동사) (춤을) 추다.

치다② (동사) 추다 : 물건을 찾으려고 뒤지다.

치다리 (부사) 아래에서 위로 쭉.

치다보다/치바다보다 (동사) 쳐다보다.

치대다 (동사) 다른 사람에게 기대어 그 사람을 힘들게 하다.

치루다 (동사) 치르다.

치리 (명사) 치레 : 잘 손질하여 모양을 냄. 무슨 일에 실속 이상으로 꾸미어 드러냄.

치리말 (명사) 치렛말 : 인사치레로 하는 말.

치매 (명사) 치마.

치매짜리 (명사) 1. 치마. 2. 여자를 속되게 이르는 말.

치맷바람 (명사) 치맛바람.

치바다보다 (동사) 쳐다보다.

치송하다 (동사) 돌보다.

치시리다 (동사) 추스르다.

치아삐다 (동사) 치워버리다.

치안하다 (동사) 취한(取汗)하다. 병을 다스리려고 몸에 땀을 내다. 

치애다 (동사) (돈 따위를) 꾸다. 빌리다.

치애주다 (동사) (돈 따위를) 꿔 주다.

치우다① (동사) (딸을) 시집보내다.

치우다② (동사) (논, 밭을) 일구다.

치우다③ (동사) (낫 따위를) 벼리다.

치우다④ (동사) (돗자리 따위를) 치다 : 돗자리, 멍석, 가마니 따위를 틀로 짜다.

치하다 (동사) 취(醉)하다.

칙 (명사) 칡.

칙넝쿨 (명사) 칡덩쿨.

친택 (명사) 친탁 : 생김새나 성질, 체질이 아버지 쪽을 많이 닮음.

칠칠받다 (동사) 칠칠맞다.

칠푸이 (명사) 칠삭둥이 : 일곱 달 만에 태어난 아이란 뜻으로, 조금 모자라는 사람을 놀림조로 이르는 말.

침재이 (명사) 침쟁이 : ‘침의(鍼醫)’를 낮잡아 이르는 말.

칩다 (형용사) 춥다.

칭 (명사) 층. ¶ 칭칭이(=층층이).

칭개/칭기 (명사) 층계.

칭개다리 (명사) 층층다리 : 돌이나 나무 따위로 여러 층이 지게 만들어서 높은 곳을 오르내릴 수 있게 만든 설비. 층층대.

칭기 (명사) 층계.

칭아 (명사) 층하(層下) : 다른 것보다 낮잡아 소홀히 대함.

칭칭개 (명사) 층층계.

칭칭시하 (명사) 층층시하(層層侍下) : 부모, 조부모 등의 어른들을 모시고 사는 처지.

칭칭이 (부사) 층층이.",사투리,한국어,,2021-12-10 00:00:00,저작물양도계약서,진주시청,,,,제1유형,저작물,보호저작물,○,상업적이용가능,○,○,○,○,○,○,○,,2091-12-10 00:00:00,,
87,오디오,가이드/안내/정보,진주시청,진주시청,HOME > 진주소개 > 기본현황 > 진주 사투리 사전 > ㅋ,카마 ~ 키우다,"진주 사투리 사전 키읔

카마 (조사) 보다.

칸매기 (명사) 칸막이. 칸살.

칼국시 (명사) 칼국수.

칼부럼 (명사) 칼부림.

칼뻬 (명사) 정강이뼈.

칼자리 (명사) 칼자루.

칼자리 잡다 (관용어) 칼자루를 쥐다는 뜻으로, 상대편보다 유리한 입장에 있음을 비유적으로 이르는 말.

칼자죽 (명사) 칼자국.

칼잽이 (명사) 칼잡이 : 1. 칼을 무기로 잘 쓰는 사람을 얕잡아 이르는 말. 2. ’백정’을 낮잡아 이르는 말.

칼치 (명사) 갈치.

칼칼이 (부사) 깨끗이.

칼칼하다/칼클하다 (형용사) 깨끗하다.

칼캃다/칼큻다 (형용사) 깨끗하다.

칼클커로 (부사) 깨끗하게.

칼클키 (부사) 깨끗이.

칼클하이 (부사) 깨끗하게.

캉 (조사) 와/과. ¶ 니캉 내캉 같이 가야 데겄네.(=너와 내가 같이 가야 되겠네.)

캐 (명사) 켜 : 겹겹이 포개진 물건의 낱낱의 층.

캐삼서로 (준말) 그리 말하곤 하면서.

캐샇다 (준말) 그리 말하곤 하다.

커리 (명사) 켤레 : 신, 양말, 버선 따위의 짝이 되는 두 개를 한 벌로 세는 단위.

커이 (조사) 커녕. ¶ 밥커이 죽도 몬 묵는다.(=밥커녕 죽도 못 먹는다.) / 비커이 구룸 한 점 어ᇝ다.(=비커녕 구름 한 점 없다.)

케끼리 (명사) 코끼리.

케케하다 (형용사) 퀴퀴하다.

코기리다 (동사) 코를 곯다.

코꾸녕 (명사) 콧구멍.

코끄터리 (명사) 코끝.

코끄티 (명사) 코끝.

코끈티/코끌티 (명사) 코끝.

코따까리 (명사) 코딱지.

코딱재이 (명사) 코딱지.

코똥 (명사) 콧방귀.

코똥끼다 (동사) 콧방귀를 뀌다. 콧방귀를 뀌며 으스대다.

코뜨레 (명사) 코뚜레.

코띠이 (명사) 콧등.

코매이/코맹이 (명사) 코맹맹이.

코먹재이 (명사) 코맹맹이.

코보 (명사) 코주부.

코빵매이/코쭝매이 (명사) 코쭝배기.

코빼이 (명사) 코빼기 : ‘코’를 비속하게 이르는 말.

코빼이도 안 빈다 (속담) ‘코빼기도 안 보인다’는 말로 도무지 나타나지 않아 전혀 볼 수 없음을 낮잡아 이르는 말.

코재이 (명사) 코쟁이 : 코가 크다는 뜻에서 서양 사람을 놀림조로 이르는 말.

코쭝배이 (명사) 코쭝배기.

코터리기/코터리이 (명사) 콧털.

코훌쩨이 (명사) 코훌쩍이 : 코를 자주 훌쩍거리는 사람을 놀림조로 이르는 말.

콧잔디 (명사) 콧잔등.

콧짐[-찜] (명사) 콧김.

콩가리[-까-] (명사) 콩가루.

콩가리 집안 (관용어) 분란이 일어나거나 가족들이 제멋대로여서 엉망진창이 된 집안.

콩각시 (명사) 며느리로 삼으려고 관례를 하기 전에 데려다 기르는 계집아이. 또는 키가 작고 어려 보이는 각시.

콩국시[-꾹-] (명사) 콩국수.

콩깍데이 (명사) 콩깍지.

콩껍데이 (명사) 콩깍지.

콩돌 (명사) 공깃돌 : 공기놀이에 쓰이는, 크기가 작은 돌.

콩돌줏기 (명사) 공기놀이 : 작은 돌 다섯 개 또는 여러 개를 땅바닥에 놓고 일정한 규칙에 따라 집고 받고 하는 아이들의 놀이.

콩밥 묵다 (관용어) ‘교도소에서 콩밥을 먹는다’는 뜻으로, ‘징역살이 함’을 비유적으로 이르는 말.

콩이파리 (명사) 콩잎.

콩지께 (명사) 공기놀이.

콩지름① (명사) 콩기름 : 콩에서 짜낸 기름.

콩지름② (명사) 콩나물.

콩지름국 (명사) 콩나물국.

콩지름나물 (명사) 콩나물.

콩지름밥 (명사) 콩나물밥.

콩지름콩 (명사) 기름콩 : 콩나물을 기르는 데 쓰는 콩.

콩칠팔칠 (부사) 콩팔칠팔 : 하찮은 일을 가지고 시비조로 캐어 따지는 모양을 나타내는 말.

콩폿 (명사) 콩팥 : 1. 동물의 몸 안에 생긴 노폐물을 걸러 오줌으로 배설하는 기능을 담당하는 기관. 2. 콩과 팥을 아울러 이르는 말.

쿠껏가/쿠끼가 (준말) (그리) 말할 거냐. (그리) 할 거냐.

쿠다 (동사) ‘-고 하다’의 (준말). 1. 하다. ¶ 니 글 쿠이 내 글 쿠지 니 안 글 쿠모 내 글 쿠나?(=너가 그렇게 하니 내가 그렇게 하지 너가 그렇게 하지 않으면 내가 그렇게 하겠느냐?) / 가: 고고패에 온다 쿠더나?(=그 아이 그글피에 온다고 하더냐?)  2. 말하다 ¶ 머라 쿠노?(=뭐라고 말하느냐?) / 가:가 안 한다 쿠거등 니는 이 캐라.(=가:가 안 한다고 말하거든 너는 이렇게 말해라.)

쿰쿰하다 (형용사) 콜콜하다 : 구리터분하거나 시금털털한 냄새가 몹시 나다.

크다막썩하다 (형용사) 큼직큼직하다.

크다크다 (형용사) 크디크다 : 사물의 크기나 범위, 정도 따위가 보통 정도를 넘다. ¶ 크다큰 넘이 울기는.(=크디큰 놈이 울기는.) 

크단하다/크담하다 (형용사) 커다랗다.크닪다 (형용사) 커닿다.

크담하이 (부사) 커다랗게.

큰누야 (명사) 큰누나.

큰대수 (명사) 홍수.

큰마느래 (명사) 큰마누라 : 남자가 첩을 두었을 때에 맨 처음 장가들어 맞이한 마누라를 이르는 말.

큰세이 (명사) 큰형.

큰아 (명사) 큰아들. 맏이. 장남.

큰아부지 (명사) 백부. 큰아버지.

큰애기 (명사) 큰아기. 처녀.

큰어매 (명사) 큰어머니. 백모.

큰어무이 (명사) 백모를 높여 부르는 말.

키다 (동사) (불을) 켜다.

키다리밀 (명사) 귀리.

키보 (명사) 키다리 : 키가 큰 사람을 놀림조로 이르는 말.

키우다 (동사) (돈 따위를) 불리다.",2021-12-10 00:00:00,87,미부착,제1유형,무,,카마 ~ 키우다,,어문,음성,"진주 사투리 사전 키읔

카마 (조사) 보다.

칸매기 (명사) 칸막이. 칸살.

칼국시 (명사) 칼국수.

칼부럼 (명사) 칼부림.

칼뻬 (명사) 정강이뼈.

칼자리 (명사) 칼자루.

칼자리 잡다 (관용어) 칼자루를 쥐다는 뜻으로, 상대편보다 유리한 입장에 있음을 비유적으로 이르는 말.

칼자죽 (명사) 칼자국.

칼잽이 (명사) 칼잡이 : 1. 칼을 무기로 잘 쓰는 사람을 얕잡아 이르는 말. 2. ’백정’을 낮잡아 이르는 말.

칼치 (명사) 갈치.

칼칼이 (부사) 깨끗이.

칼칼하다/칼클하다 (형용사) 깨끗하다.

칼캃다/칼큻다 (형용사) 깨끗하다.

칼클커로 (부사) 깨끗하게.

칼클키 (부사) 깨끗이.

칼클하이 (부사) 깨끗하게.

캉 (조사) 와/과. ¶ 니캉 내캉 같이 가야 데겄네.(=너와 내가 같이 가야 되겠네.)

캐 (명사) 켜 : 겹겹이 포개진 물건의 낱낱의 층.

캐삼서로 (준말) 그리 말하곤 하면서.

캐샇다 (준말) 그리 말하곤 하다.

커리 (명사) 켤레 : 신, 양말, 버선 따위의 짝이 되는 두 개를 한 벌로 세는 단위.

커이 (조사) 커녕. ¶ 밥커이 죽도 몬 묵는다.(=밥커녕 죽도 못 먹는다.) / 비커이 구룸 한 점 어ᇝ다.(=비커녕 구름 한 점 없다.)

케끼리 (명사) 코끼리.

케케하다 (형용사) 퀴퀴하다.

코기리다 (동사) 코를 곯다.

코꾸녕 (명사) 콧구멍.

코끄터리 (명사) 코끝.

코끄티 (명사) 코끝.

코끈티/코끌티 (명사) 코끝.

코따까리 (명사) 코딱지.

코딱재이 (명사) 코딱지.

코똥 (명사) 콧방귀.

코똥끼다 (동사) 콧방귀를 뀌다. 콧방귀를 뀌며 으스대다.

코뜨레 (명사) 코뚜레.

코띠이 (명사) 콧등.

코매이/코맹이 (명사) 코맹맹이.

코먹재이 (명사) 코맹맹이.

코보 (명사) 코주부.

코빵매이/코쭝매이 (명사) 코쭝배기.

코빼이 (명사) 코빼기 : ‘코’를 비속하게 이르는 말.

코빼이도 안 빈다 (속담) ‘코빼기도 안 보인다’는 말로 도무지 나타나지 않아 전혀 볼 수 없음을 낮잡아 이르는 말.

코재이 (명사) 코쟁이 : 코가 크다는 뜻에서 서양 사람을 놀림조로 이르는 말.

코쭝배이 (명사) 코쭝배기.

코터리기/코터리이 (명사) 콧털.

코훌쩨이 (명사) 코훌쩍이 : 코를 자주 훌쩍거리는 사람을 놀림조로 이르는 말.

콧잔디 (명사) 콧잔등.

콧짐[-찜] (명사) 콧김.

콩가리[-까-] (명사) 콩가루.

콩가리 집안 (관용어) 분란이 일어나거나 가족들이 제멋대로여서 엉망진창이 된 집안.

콩각시 (명사) 며느리로 삼으려고 관례를 하기 전에 데려다 기르는 계집아이. 또는 키가 작고 어려 보이는 각시.

콩국시[-꾹-] (명사) 콩국수.

콩깍데이 (명사) 콩깍지.

콩껍데이 (명사) 콩깍지.

콩돌 (명사) 공깃돌 : 공기놀이에 쓰이는, 크기가 작은 돌.

콩돌줏기 (명사) 공기놀이 : 작은 돌 다섯 개 또는 여러 개를 땅바닥에 놓고 일정한 규칙에 따라 집고 받고 하는 아이들의 놀이.

콩밥 묵다 (관용어) ‘교도소에서 콩밥을 먹는다’는 뜻으로, ‘징역살이 함’을 비유적으로 이르는 말.

콩이파리 (명사) 콩잎.

콩지께 (명사) 공기놀이.

콩지름① (명사) 콩기름 : 콩에서 짜낸 기름.

콩지름② (명사) 콩나물.

콩지름국 (명사) 콩나물국.

콩지름나물 (명사) 콩나물.

콩지름밥 (명사) 콩나물밥.

콩지름콩 (명사) 기름콩 : 콩나물을 기르는 데 쓰는 콩.

콩칠팔칠 (부사) 콩팔칠팔 : 하찮은 일을 가지고 시비조로 캐어 따지는 모양을 나타내는 말.

콩폿 (명사) 콩팥 : 1. 동물의 몸 안에 생긴 노폐물을 걸러 오줌으로 배설하는 기능을 담당하는 기관. 2. 콩과 팥을 아울러 이르는 말.

쿠껏가/쿠끼가 (준말) (그리) 말할 거냐. (그리) 할 거냐.

쿠다 (동사) ‘-고 하다’의 (준말). 1. 하다. ¶ 니 글 쿠이 내 글 쿠지 니 안 글 쿠모 내 글 쿠나?(=너가 그렇게 하니 내가 그렇게 하지 너가 그렇게 하지 않으면 내가 그렇게 하겠느냐?) / 가: 고고패에 온다 쿠더나?(=그 아이 그글피에 온다고 하더냐?)  2. 말하다 ¶ 머라 쿠노?(=뭐라고 말하느냐?) / 가:가 안 한다 쿠거등 니는 이 캐라.(=가:가 안 한다고 말하거든 너는 이렇게 말해라.)

쿰쿰하다 (형용사) 콜콜하다 : 구리터분하거나 시금털털한 냄새가 몹시 나다.

크다막썩하다 (형용사) 큼직큼직하다.

크다크다 (형용사) 크디크다 : 사물의 크기나 범위, 정도 따위가 보통 정도를 넘다. ¶ 크다큰 넘이 울기는.(=크디큰 놈이 울기는.) 

크단하다/크담하다 (형용사) 커다랗다.크닪다 (형용사) 커닿다.

크담하이 (부사) 커다랗게.

큰누야 (명사) 큰누나.

큰대수 (명사) 홍수.

큰마느래 (명사) 큰마누라 : 남자가 첩을 두었을 때에 맨 처음 장가들어 맞이한 마누라를 이르는 말.

큰세이 (명사) 큰형.

큰아 (명사) 큰아들. 맏이. 장남.

큰아부지 (명사) 백부. 큰아버지.

큰애기 (명사) 큰아기. 처녀.

큰어매 (명사) 큰어머니. 백모.

큰어무이 (명사) 백모를 높여 부르는 말.

키다 (동사) (불을) 켜다.

키다리밀 (명사) 귀리.

키보 (명사) 키다리 : 키가 큰 사람을 놀림조로 이르는 말.

키우다 (동사) (돈 따위를) 불리다.",사투리,한국어,,2021-12-10 00:00:00,저작물양도계약서,진주시청,,,,제1유형,저작물,보호저작물,○,상업적이용가능,○,○,○,○,○,○,○,,2091-12-10 00:00:00,,
88,오디오,가이드/안내/정보,진주시청,진주시청,HOME > 진주소개 > 기본현황 > 진주 사투리 사전 > ㅌ,타개다 ~ 톨톨기리다,"진주 사투리 사전 티읕

타개다(←탁해다←탁하다) (동사) 닮다. ¶ 자:는 니 타갰네? 저 에비도 저 에미도 안 타갰는데 니 타갰시꼬?(=쟤는 뉘 닮았냐? 제 아비도 제 (어미)도 안 닮았는데 누굴 닮았을까?)

타그닥 (부사) 딸카닥. 탈카닥.

타래타래 (부사) 탈래탈래.

타레박/타르박/타리박 (명사) 두레박.

타방 (명사) 타박 : 허물이나 결함을 나무라거나 핀잔함.

타방놓다/타방주다 (동사) 타박하다.

타시하다 (동사) 탓하다.

탁배기/탁배이 (명사) 막걸리. 탁주.

탄약 (명사) 탕약(湯藥) : 달인 후 짜서 먹는 한약.

탐탐무이하다 (동사) 아무 걱정 없다. ¶ 탐탐무이했는데 일이 묘하게 디틀맀다.(=아무 걱정 없었는데, 일이 묘하게 뒤틀렸다.) 

탐탐찮다 (형용사) 탐탁지 않다.

탕숫국 (명사) 탕(湯)국 : 제사상에 놓는, 건더기가 많고 국물이 적은 국.

탕숫국내가 풀풀 난다 (속담) ‘탕국 냄새가 풍긴다’는 뜻으로 연세가 높아 제사상에 탕국 받을 날이 멀지 않았음을 비유적으로 이르는 말.

태가리 (명사) 턱주가리. ‘아래턱’을 속되게 이르는 말.

태롱 (명사) 타령. ¶ 옷 태롱(=옷 타령). / 묵는 태롱(=먹는 타령).

태성① (명사) 타성 : 굳어진 습성.

태성② (명사) 태생(胎生).

태이나다 (동사) 태어나다.

태이다① (동사) 태우다 : 탈 것이나 짐승의 등 따위에 몸을 얹게 하다.

태이다② (동사) 태우다 : 노름이나 내기에 돈이나 물건을 걸다.

태이다③ (동사) 아이가 들어서다.

택고/택구 (명사) 택호(宅號) : 이름 대신에 집주인의 벼슬 이름이나 고향 지명 따위를 붙여서 그 사람의 집을 부르는 말.

택부지 (명사) 멱부지 : 사리에 익숙하지 못한 사람을 비유적으로 이르는 말.

택택기리다 (동사) 투덜거리다.

탱개 (명사) 탕개 : 물건의 동인 줄을 죄는 물건. 동인 줄에 비녀장을 질러 틀면 줄이 죄어들게 된다.

탱갯줄 (명사) 탕갯줄 : 탕개를 친 줄.

탱구다 (동사) 퉁기다 : 당겼다 놓아 진동을 일으키다.

탱주 (명사) 탱자 : 탱자나무의 열매. 향기가 좋으며 약용하기도 한다. 

터럭바지 (명사) 털바지.

터럭수건 (명사) 털수건.

터리 (명사) 털.

터리개 (명사) 먼지떨이.

터리기 (명사) 털.

터리미 (명사) 트림.

터벅머리 (명사) 더벅머리.

터벅수리 (명사) 독수리. 솔개.

터주다 (동사) 터뜨리다.

터 팔다 (관용어) 동생이 들어서다.

털내끼 (명사) 털의 낱개.

털렁 (부사) 철렁.

털먹신 (명사) 털메기 : 굵고 거칠게 삼은 짚신.

털미 (명사) 털메기.

털썩발이 (명사) 왈패 : 말이나 행동이 단정하지 못하고 수선스러운 사람.

털털샇다 (동사) 투덜투덜하다.

털패이/털팽이 (명사) 더펄이 : 성미가 침착하지 못하고 덜렁대는 사람.

털피이 (명사) 더펄이.

턻다 (형용사) 떫다.

텁지다 (동사) 덮치다. 빼앗다.

텃다 (동사) ’틀리다’를 속되게 이르는 말. ¶ 기대를 갖고 시작했는데 고마 텃다.(=기대를 갖고 시작했는데 그만 틀렸다.)

테까이 (명사) 토끼.

테내다 (동사) 퇴내다 : 먹거나 가지거나 누리는 것을 실컷 물리도록 하다.

테미하다 (형용사) 투미하다 : 어리석고 둔하다.

테바지 (명사) 더버기 : 한군데에 무더기로 쌓이거나 덕지덕지 붙은 상태. 또는 그런 물건.

테바지로/테베기로/테베이로 (부사) 더버기로. 많이.

테박 (명사) 타박 : 남의 허물이나 결함을 잡아 나무라거나 핀잔을 함.

테박하다 (동사) 타박하다.

테방 (명사) 훼방.

테방꾼 (명사) 훼방꾼.

테방놓다 (동사) 훼방놓다.

테방주다 (동사) 핀잔주다.

테베기①/테베이 (명사) 더버기 : 한군데에 무더기로 쌓이거나 덕지덕지 붙은 상태. 또는 그런 물건. ¶ 진흙 테베기. 껌정 테베기. 먹 테베이.

테베기② (부사) 됫박으로 : 매우 많이, 매우 심하게.

테비 (명사) 퇴비. 두엄.

테시나다 (동사) 들통나다 : 밝혀져 밖으로 알려지다.

테이 (부사) 통. 전혀. 도무지. 도통. ¶ 무슨 뜻인지 테이 모리겄다.(=무슨 뜻인지 통 모르겠다.)

테하다① (동사) 튀하다 : 짐승의 털을 뽑기 위해 끓는 물에 잠깐 넣었다가 건져내다.

테하다② (동사) 퉤하다 : (침을) 뱉어내다.

텍① (명사) 턱 : 몸의 일부.

텍② (부사) 턱 : 무슨 행동을 아주 의젓하거나 태연스럽게 하는 모양. 또 어깨나 가슴 따위가 매우 훨쩍 벌어진 모양.

텍③ (명사) 셈. ¶ 만 언(=원)에 사 가겠다고. 텍도 없는 소리 하지 마라 캐라.(=전혀 셈이 맞지 않는 말을 하지 말라고 해라.) 

텍거리 (명사) 턱걸이.

텍거리하다 (동사) 턱걸이하다 : 어떤 기준에 겨우 미침을 비유적으로 이르는 말.

텍도 아이다/텍도 어ᇝ다 (관용어) 턱없다 : 이치에 닿지 아니하거나, 그럴 만한 근거가 전혀 없다. 어떤 기준에 상당히 미치지 못하다. ¶ 텍도 어ᇝ는 소리 하지 마라.(=턱도 없는 소리 하지 마라.)

텍받이 (명사) 턱받이.

텍뻬 (명사) 턱뼈.

텍씨염 (명사) 턱수염.

텍쪼가리 (명사) 턱주가리.

텍쪼가리를 놀리다 (관용어) 말을 함부로 하다.

텡구다 (동사) 튀기다 : 갑자기 거세게 흩어지게 하다.

텡사리 (명사) 퉁가리 : 퉁가릿과의 민물고기.

토까이 (명사) 토끼.

토까이풀 (명사) 토끼풀.

토깨비 (명사) 도깨비.

토돌토돌 (부사) 도톨도톨.

토롬 (명사) 국물을 바특하게 잡아 돼지고기나 쇠고기를 도톰하게 토막내어 김치나 채소 따위와 양념을 넣어 끓인 찌개.

토배기/토배이토배기/토배이 (명사) 토박이.

토사이 놓다 (관용어) 도망가다 : 잡히지 않으려고 달아나거나 위험을 피해 몸을 숨기다.

토시보다 (동사) 꼬나보다.

토째비 (명사) 도깨비.

톨로 (부사) 외톨로.

톨톨기리다 (동사) 투덜거리다.",2021-12-10 00:00:00,91,미부착,제1유형,무,,타개다 ~ 톨톨기리다,,어문,음성,"진주 사투리 사전 티읕

타개다(←탁해다←탁하다) (동사) 닮다. ¶ 자:는 니 타갰네? 저 에비도 저 에미도 안 타갰는데 니 타갰시꼬?(=쟤는 뉘 닮았냐? 제 아비도 제 (어미)도 안 닮았는데 누굴 닮았을까?)

타그닥 (부사) 딸카닥. 탈카닥.

타래타래 (부사) 탈래탈래.

타레박/타르박/타리박 (명사) 두레박.

타방 (명사) 타박 : 허물이나 결함을 나무라거나 핀잔함.

타방놓다/타방주다 (동사) 타박하다.

타시하다 (동사) 탓하다.

탁배기/탁배이 (명사) 막걸리. 탁주.

탄약 (명사) 탕약(湯藥) : 달인 후 짜서 먹는 한약.

탐탐무이하다 (동사) 아무 걱정 없다. ¶ 탐탐무이했는데 일이 묘하게 디틀맀다.(=아무 걱정 없었는데, 일이 묘하게 뒤틀렸다.) 

탐탐찮다 (형용사) 탐탁지 않다.

탕숫국 (명사) 탕(湯)국 : 제사상에 놓는, 건더기가 많고 국물이 적은 국.

탕숫국내가 풀풀 난다 (속담) ‘탕국 냄새가 풍긴다’는 뜻으로 연세가 높아 제사상에 탕국 받을 날이 멀지 않았음을 비유적으로 이르는 말.

태가리 (명사) 턱주가리. ‘아래턱’을 속되게 이르는 말.

태롱 (명사) 타령. ¶ 옷 태롱(=옷 타령). / 묵는 태롱(=먹는 타령).

태성① (명사) 타성 : 굳어진 습성.

태성② (명사) 태생(胎生).

태이나다 (동사) 태어나다.

태이다① (동사) 태우다 : 탈 것이나 짐승의 등 따위에 몸을 얹게 하다.

태이다② (동사) 태우다 : 노름이나 내기에 돈이나 물건을 걸다.

태이다③ (동사) 아이가 들어서다.

택고/택구 (명사) 택호(宅號) : 이름 대신에 집주인의 벼슬 이름이나 고향 지명 따위를 붙여서 그 사람의 집을 부르는 말.

택부지 (명사) 멱부지 : 사리에 익숙하지 못한 사람을 비유적으로 이르는 말.

택택기리다 (동사) 투덜거리다.

탱개 (명사) 탕개 : 물건의 동인 줄을 죄는 물건. 동인 줄에 비녀장을 질러 틀면 줄이 죄어들게 된다.

탱갯줄 (명사) 탕갯줄 : 탕개를 친 줄.

탱구다 (동사) 퉁기다 : 당겼다 놓아 진동을 일으키다.

탱주 (명사) 탱자 : 탱자나무의 열매. 향기가 좋으며 약용하기도 한다. 

터럭바지 (명사) 털바지.

터럭수건 (명사) 털수건.

터리 (명사) 털.

터리개 (명사) 먼지떨이.

터리기 (명사) 털.

터리미 (명사) 트림.

터벅머리 (명사) 더벅머리.

터벅수리 (명사) 독수리. 솔개.

터주다 (동사) 터뜨리다.

터 팔다 (관용어) 동생이 들어서다.

털내끼 (명사) 털의 낱개.

털렁 (부사) 철렁.

털먹신 (명사) 털메기 : 굵고 거칠게 삼은 짚신.

털미 (명사) 털메기.

털썩발이 (명사) 왈패 : 말이나 행동이 단정하지 못하고 수선스러운 사람.

털털샇다 (동사) 투덜투덜하다.

털패이/털팽이 (명사) 더펄이 : 성미가 침착하지 못하고 덜렁대는 사람.

털피이 (명사) 더펄이.

턻다 (형용사) 떫다.

텁지다 (동사) 덮치다. 빼앗다.

텃다 (동사) ’틀리다’를 속되게 이르는 말. ¶ 기대를 갖고 시작했는데 고마 텃다.(=기대를 갖고 시작했는데 그만 틀렸다.)

테까이 (명사) 토끼.

테내다 (동사) 퇴내다 : 먹거나 가지거나 누리는 것을 실컷 물리도록 하다.

테미하다 (형용사) 투미하다 : 어리석고 둔하다.

테바지 (명사) 더버기 : 한군데에 무더기로 쌓이거나 덕지덕지 붙은 상태. 또는 그런 물건.

테바지로/테베기로/테베이로 (부사) 더버기로. 많이.

테박 (명사) 타박 : 남의 허물이나 결함을 잡아 나무라거나 핀잔을 함.

테박하다 (동사) 타박하다.

테방 (명사) 훼방.

테방꾼 (명사) 훼방꾼.

테방놓다 (동사) 훼방놓다.

테방주다 (동사) 핀잔주다.

테베기①/테베이 (명사) 더버기 : 한군데에 무더기로 쌓이거나 덕지덕지 붙은 상태. 또는 그런 물건. ¶ 진흙 테베기. 껌정 테베기. 먹 테베이.

테베기② (부사) 됫박으로 : 매우 많이, 매우 심하게.

테비 (명사) 퇴비. 두엄.

테시나다 (동사) 들통나다 : 밝혀져 밖으로 알려지다.

테이 (부사) 통. 전혀. 도무지. 도통. ¶ 무슨 뜻인지 테이 모리겄다.(=무슨 뜻인지 통 모르겠다.)

테하다① (동사) 튀하다 : 짐승의 털을 뽑기 위해 끓는 물에 잠깐 넣었다가 건져내다.

테하다② (동사) 퉤하다 : (침을) 뱉어내다.

텍① (명사) 턱 : 몸의 일부.

텍② (부사) 턱 : 무슨 행동을 아주 의젓하거나 태연스럽게 하는 모양. 또 어깨나 가슴 따위가 매우 훨쩍 벌어진 모양.

텍③ (명사) 셈. ¶ 만 언(=원)에 사 가겠다고. 텍도 없는 소리 하지 마라 캐라.(=전혀 셈이 맞지 않는 말을 하지 말라고 해라.) 

텍거리 (명사) 턱걸이.

텍거리하다 (동사) 턱걸이하다 : 어떤 기준에 겨우 미침을 비유적으로 이르는 말.

텍도 아이다/텍도 어ᇝ다 (관용어) 턱없다 : 이치에 닿지 아니하거나, 그럴 만한 근거가 전혀 없다. 어떤 기준에 상당히 미치지 못하다. ¶ 텍도 어ᇝ는 소리 하지 마라.(=턱도 없는 소리 하지 마라.)

텍받이 (명사) 턱받이.

텍뻬 (명사) 턱뼈.

텍씨염 (명사) 턱수염.

텍쪼가리 (명사) 턱주가리.

텍쪼가리를 놀리다 (관용어) 말을 함부로 하다.

텡구다 (동사) 튀기다 : 갑자기 거세게 흩어지게 하다.

텡사리 (명사) 퉁가리 : 퉁가릿과의 민물고기.

토까이 (명사) 토끼.

토까이풀 (명사) 토끼풀.

토깨비 (명사) 도깨비.

토돌토돌 (부사) 도톨도톨.

토롬 (명사) 국물을 바특하게 잡아 돼지고기나 쇠고기를 도톰하게 토막내어 김치나 채소 따위와 양념을 넣어 끓인 찌개.

토배기/토배이토배기/토배이 (명사) 토박이.

토사이 놓다 (관용어) 도망가다 : 잡히지 않으려고 달아나거나 위험을 피해 몸을 숨기다.

토시보다 (동사) 꼬나보다.

토째비 (명사) 도깨비.

톨로 (부사) 외톨로.

톨톨기리다 (동사) 투덜거리다.",사투리,한국어,,2021-12-10 00:00:00,저작물양도계약서,진주시청,,,,제1유형,저작물,보호저작물,○,상업적이용가능,○,○,○,○,○,○,○,,2091-12-10 00:00:00,,
89,오디오,가이드/안내/정보,진주시청,진주시청,HOME > 진주소개 > 기본현황 > 진주 사투리 사전 > ㅌ,톰배기/톰배이 ~ 팅기다,"톰배기/톰배이 (명사) 토막.

통구다 (동사) 퉁기다.

통빡굴리다 (동사) 얄팍한 생각이나 속셈을 굴리다.

통빨 (명사) 통빡 : 어림짐작으로 대략 헤아림을 속되게 이르는 말.

통사 (명사) 애꾸. 애꾸눈이.

통수 (명사) ’계산’을 속되게 이르는 말.

통시/통시깐 (명사) 뒷간. 변소.

통시까대이 (명사) 벽이나 담 따위에 임시로 덧붙여 만든 허술한 뒷간, 뒷간까대기.

통싯간 (명사) 뒷간. 변소.

통싯질 (명사) 변솟길.

통싯질로 몬/못 댕긴다 (관용어) 걸어서 변소를 가지 못한다는 뜻으로, 건강 상태가 좋지 않다는 것을 비유적으로 이르는 말.

통주우/통중우 (명사) 통바지.

통채 (부사) 통째. 통째로.

통채로 (부사) 통째. 통째로.

통치매 (명사) 통치마.

퇴시나다 (동사) 들통나다.

투우 (명사) 토우(土雨). 흙비. 황사.

투우가 끼다 (관용어) 황사 따위로 날씨가 흐리다.

툭바리 (명사) 뚝배기.

툭사구 (명사) 자배기.

툭사리/툭사발 (명사) 뚝배기.

툭지다① (형용사) 바특하다 : 국물이 적어 톡톡하다.

툭지다②/툭하다 (형용사) 굵다.

툴툴기리다 (동사) 투덜거리다.

퉁묵다 (동사) 퉁맞다 : 무엇을 말하다가 매몰스럽게 핀잔을 당하다.

퉁방울 (명사) 퉁바리 : 무뚝뚝하고 퉁명스러운 핀잔.

퉁수 (명사) 퉁소 : 대로 만든 국악기의 하나.

퉁주다 (동사) 핀잔을 주다.

트럼 (명사) 트림.

트르박 (명사) 두레박.

트리미 (명사) 트림.

트문 (명사) 터무니.

트문없이 (부사) 터무니없이.

트이다 (동사) 틀리다.

틀 (명사) 덫 : 짐승을 꾀어 잡는 기구.

틀다 (동사) 켜다 : 라디오, 전축, 텔레비전, 컴퓨터 따위의 스위치를 돌려 작동하게 하다.

틀먹신 (명사) 털메기 : 굵고 거칠게 삼은 짚신.

틀메기 (명사) 털메기. 짚신.

틀미 (명사) 털메기. 짚신.

틀비다 (동사) 틀리다.

틀어지다 (동사) 토라지다.

틈바구 (명사) 틈바귀.

틉틉하다 (형용사) 액체가 맑지 아니하고 농도가 진하다.

티기 (명사) 튀기 : 1. 종(種)이 다른 두 동물 사이에서 난 새끼. 2. 서로 다른 종족의 남녀 사이에서 태어난 아이.

티기다 (동사) 튀기다.

티까리 뜯다/티꺼리 뜯다 (관용어) 흠절을 찾아내서 시비하다.

티꺼리 (명사) 티끌.

티끄레이 (명사) 티끌.

티끌베이 (명사) 티끌.

티다 (동사) 튀다 : 1. 어떤 힘을 받아 갑자기 세차게 흩어지거나 퉁겨지다. 2. 빨리 내달아 도망치다. 3. 탄력 있게 뛰어오르다. 4. 두드러지게 남과 차이가 난다. 5. 열을 받아 갑자기 세게 갈라지거나 부러지다.

-티다 접미 –뜨리다. -트리다. ¶ 자빨티다(=자빠뜨리다), 찌글티다(=찌그러뜨리다), 쭈굴티다(=쭈그러트리다).

티미하다 (형용사) 투미하다 : 어리석고 둔하다.

티밥 (명사) 튀밥 : 쌀이나 옥수수 따위를 튀긴 것.

티시내다 (동사) 일부러 꾸며 드러내다.

티이다 (동사) 트이다.

티전 (명사) 투전 : 노름 도구의 하나. 또는 그것으로 하는 노름.

티정 (명사) 투정.

티정부리다 (동사) 투정부리다.

틱별나다 (형용사) 특별나다.

틱틱기리다 (동사) 투덜거리다.

팅구다 (동사) 퉁기다.

팅기다 (동사) 튕기다.",2021-12-10 00:00:00,62,미부착,제1유형,무,,톰배기/톰배이 ~ 팅기다,,어문,음성,"톰배기/톰배이 (명사) 토막.

통구다 (동사) 퉁기다.

통빡굴리다 (동사) 얄팍한 생각이나 속셈을 굴리다.

통빨 (명사) 통빡 : 어림짐작으로 대략 헤아림을 속되게 이르는 말.

통사 (명사) 애꾸. 애꾸눈이.

통수 (명사) ’계산’을 속되게 이르는 말.

통시/통시깐 (명사) 뒷간. 변소.

통시까대이 (명사) 벽이나 담 따위에 임시로 덧붙여 만든 허술한 뒷간, 뒷간까대기.

통싯간 (명사) 뒷간. 변소.

통싯질 (명사) 변솟길.

통싯질로 몬/못 댕긴다 (관용어) 걸어서 변소를 가지 못한다는 뜻으로, 건강 상태가 좋지 않다는 것을 비유적으로 이르는 말.

통주우/통중우 (명사) 통바지.

통채 (부사) 통째. 통째로.

통채로 (부사) 통째. 통째로.

통치매 (명사) 통치마.

퇴시나다 (동사) 들통나다.

투우 (명사) 토우(土雨). 흙비. 황사.

투우가 끼다 (관용어) 황사 따위로 날씨가 흐리다.

툭바리 (명사) 뚝배기.

툭사구 (명사) 자배기.

툭사리/툭사발 (명사) 뚝배기.

툭지다① (형용사) 바특하다 : 국물이 적어 톡톡하다.

툭지다②/툭하다 (형용사) 굵다.

툴툴기리다 (동사) 투덜거리다.

퉁묵다 (동사) 퉁맞다 : 무엇을 말하다가 매몰스럽게 핀잔을 당하다.

퉁방울 (명사) 퉁바리 : 무뚝뚝하고 퉁명스러운 핀잔.

퉁수 (명사) 퉁소 : 대로 만든 국악기의 하나.

퉁주다 (동사) 핀잔을 주다.

트럼 (명사) 트림.

트르박 (명사) 두레박.

트리미 (명사) 트림.

트문 (명사) 터무니.

트문없이 (부사) 터무니없이.

트이다 (동사) 틀리다.

틀 (명사) 덫 : 짐승을 꾀어 잡는 기구.

틀다 (동사) 켜다 : 라디오, 전축, 텔레비전, 컴퓨터 따위의 스위치를 돌려 작동하게 하다.

틀먹신 (명사) 털메기 : 굵고 거칠게 삼은 짚신.

틀메기 (명사) 털메기. 짚신.

틀미 (명사) 털메기. 짚신.

틀비다 (동사) 틀리다.

틀어지다 (동사) 토라지다.

틈바구 (명사) 틈바귀.

틉틉하다 (형용사) 액체가 맑지 아니하고 농도가 진하다.

티기 (명사) 튀기 : 1. 종(種)이 다른 두 동물 사이에서 난 새끼. 2. 서로 다른 종족의 남녀 사이에서 태어난 아이.

티기다 (동사) 튀기다.

티까리 뜯다/티꺼리 뜯다 (관용어) 흠절을 찾아내서 시비하다.

티꺼리 (명사) 티끌.

티끄레이 (명사) 티끌.

티끌베이 (명사) 티끌.

티다 (동사) 튀다 : 1. 어떤 힘을 받아 갑자기 세차게 흩어지거나 퉁겨지다. 2. 빨리 내달아 도망치다. 3. 탄력 있게 뛰어오르다. 4. 두드러지게 남과 차이가 난다. 5. 열을 받아 갑자기 세게 갈라지거나 부러지다.

-티다 접미 –뜨리다. -트리다. ¶ 자빨티다(=자빠뜨리다), 찌글티다(=찌그러뜨리다), 쭈굴티다(=쭈그러트리다).

티미하다 (형용사) 투미하다 : 어리석고 둔하다.

티밥 (명사) 튀밥 : 쌀이나 옥수수 따위를 튀긴 것.

티시내다 (동사) 일부러 꾸며 드러내다.

티이다 (동사) 트이다.

티전 (명사) 투전 : 노름 도구의 하나. 또는 그것으로 하는 노름.

티정 (명사) 투정.

티정부리다 (동사) 투정부리다.

틱별나다 (형용사) 특별나다.

틱틱기리다 (동사) 투덜거리다.

팅구다 (동사) 퉁기다.

팅기다 (동사) 튕기다.",사투리,한국어,,2021-12-10 00:00:00,저작물양도계약서,진주시청,,,,제1유형,저작물,보호저작물,○,상업적이용가능,○,○,○,○,○,○,○,,2091-12-10 00:00:00,,
90,오디오,가이드/안내/정보,진주시청,진주시청,HOME > 진주소개 > 기본현황 > 진주 사투리 사전 > ㅍ,파다 ~ 폴모가지,"진주 사투리 사전 피읖

파다 (동사) 후비다.

파딱 (부사) 파뜩. 퍼뜩. ¶ 파딱 해 치아라.(=퍼뜩 해 치워라.)

파라거로/파랗거로 (부사) 파랗게.

파라다 (형용사) 파랗다. ¶ 하늘이 파라네. 

파라이 (부사) 파랗게.

파래 (명사) 이끼. 돌옷.

파묵다 (동사) 파먹다.

파물 (명사) 끝물. 막물 : 과일, 푸성귀, 해산물 따위에서 그 해의 맨 나중에 나는 것.

파삭고:매 (명사) 밤고구마 : 삶았을 때 밤처럼 팍팍하고 단맛이 나는 고구마. 분고구마.

파실파실 (부사) 파슬파슬.

파싹 (부사) 바싹.

파싹파싹 (부사) 바싹바싹.

파이다 (형용사) 나쁘다. 틀리다. 그르다.

파이시키다  ‘파의(罷意)하다’는 뜻으로, 하려던 마음이나 일을 그만두게 하다.

파이하다 (동사) 파의(罷意)하다 : 하려고 마음먹었던 뜻을 버리다.

파장치다 (동사) 끝내다.

파짓날 (명사) 파제삿날 : 제사를 마친 날.

파토 (명사) 파투 : 화투놀이에서, 잘못되어 판이 무효가 됨. 또는 그렇게 되게 함.

판 (명사) 상(床) : 음식을 차려놓고 먹을 수 있도록 나무나 기타의 재료로 다리를 만들고 그 위에 판을 얹어 만든 물건. ¶ 판 피이가 밥 묵자.(=상 펴서 밥 먹자.)

판때이① (명사) 널판때기. 판자때기.

판↑때이② (명사) 판쓸이 : 화투판에서, 한 사람이 그 판에 걸린 판돈을 모두 차지함.

판↑때이하다 (동사) 판쓸이하다.

판배기/판배이 (명사) 판박이.

판자때이 (명사) 판자때기.

팔꼼치 (명사) 팔꿈치.

팔다 (동사) (곡식을) 사다.

팔대장승 (명사) 팔척장신.

팔대장승 겉다 (관용어) 팔척장신 같다는 뜻으로 키가 매우 큰 사람 또는 그 키를 과장하여 이르는 말.

팔랑개비 (명사) 바람개비.

팔자내기/팔자내이 (명사) 재주를 타고난 사람처럼 아주 잘함.

팔자다 (형용사) 어떤 분야의 재주가 특별히 뛰어나다. ¶ 글마 기림 기리는 데는 팔자네.(=그놈 그림 그리는 데는 뛰어나네.) 

팔자로 (부사) 기막히게. ¶ 사기꾼들은 거짓말을 팔자로 잘한다. / 운전을 팔자로 잘하는 친구도 있지.

팔푸이/팔피이 (명사) 팔푼이 : 생각이 어리석고 하는 짓이 야무지지 못한 사람을 낮잡아 이르는 말.

팔하다 (형용사) 파랗다. ¶ 가을이 데이 하늘이 팔하네.(=가을이 되니 하늘이 파랗네.)

패 (명사) 파(蔥) : 백합과에 속한 여러해살이풀.

패곤장이 되다 (관용어) 곤장으로 얻어맞은 듯 운신을 못하다.

패나물 (명사) 파나물.

패딱다 (동사) 패다. 사정없이 마구 때리다.

패밭다 (동사) 뱉다.

패씨 (명사) 파씨.

패앝다 (동사) 뱉다.

패액시럽다 (형용사) 패악스럽다.

패이다 (동사) (땅이) 파이다. ‘파다’의 피동사.

패전 (명사) 파전.

패짐치 (명사) 파김치.

패쫑지 (명사) 팟종 : 다 자란 파의 꽃줄기.

팽돌팽돌하다 (형용사) 짱짱하다.

팽상 (명사) 평생.

팽팽이 (부사) (돌아보지 말고) 빠르게. 곧바로.

퍼는 밥 지다리기가 사알 굶기보다 더하다 (속담) ’푸는 밥 기다리기가 사흘 굶기보다 더하다’라는 말로, 힘들어 이룬 좋은 성과나, 기대 찬 일을 눈앞에 두고 기다리는 조급함을 비유적으로 이르는 말.

퍼다 (동사) (밥을) 푸다. (물을) 푸다. 

퍼떡 (부사) 퍼뜩. 얼른.

퍼묵다 (동사) 퍼먹다.

퍼석돌 (명사) 푸석돌.

퍼실퍼실 (부사) 퍼슬퍼슬.

퍼앵기다 (동사) 퍼내어 안기다.

퍼주↑다 (동사) (소문을) 퍼뜨리다.

퍼지앉다 (동사) 퍼더앉다.

퍽시이 (명사) 푸석이 : 옹골차지 못하고 아주 무르게 생긴 사람을 놀림조로 이르는 말.

펄치다 (동사) 펼치다.

펄:하다 (형용사) 퍼렇다.

펑퍼두룸하다 (형용사) 펑퍼짐하다.

페네끼 (부사) 곧바로. 휑하니. 곧장. 빨리, 재빨리.

페다 (동사) 펴다.

페지치다 (동사) 폐끼치다.

펜역들다 (동사) 역성들다.

포구 (명사) 표고.

포구나무 (명사) 팽나무.

포근포근하다 (형용사) 고구마나 밤의 속이 물기가 적고 부드럽다.

포금자리 (명사) 보금자리.

포금자리를 치다 (관용어) 보금자리, 또는 소굴을 만들다.

포금질 (명사) 닭이 모래에서 목욕하는 짓.

포대이 (명사) 포대기.

포독시럽다 (형용사) 표독스럽다. 사납고 독살스러운 데가 있다.

포때/포띠 (명사) 표시. 푯대.

포라이 (부사) 파랗게.

포라커로 (부사) 파랗게.

포랑 (명사) 파랑 : 파란 빛깔이나 물감.

포랗다 (형용사) 파랗다.

포래 (명사) 파래 : 파랫과의 해조류.

포롬하다 (형용사) 파릇하다.

포르수룸하다 (형용사) 파르스름하다.

포릇포릇 (부사) 파릇파릇.

포릇포릇하다 (형용사) 파릇파릇하다.

포리 (명사) 파리.

포리똥 (명사) 파리똥.

포리수룸하다 (형용사) 파르스름하다.

포리쪽쪽하다 (형용사) 파르족족하다.

포리채 (명사) 파리채.

포실포실 (부사) 포슬포슬.

포지개다 (동사) 포개다.

포지개앉다 (동사) 양다리를 포개 앉다.

포지기 (부사) 표 나게.

폴 (명사) 팔 : 어깨와 손목 사이의 부분.

폴꼬마리 (명사) 팔꾸머리.

폴꼼치/폴꿈치 (명사) 팔꿈치.

폴놀림 (명사) 팔놀림.

폴다 (동사) 팔다.

폴다리 (명사) 팔다리.

폴뚝 (명사) 팔뚝.

폴뚝시게 (명사) 팔뚝시계.

폴랑개비 (명사) 팔랑개비.

폴랑개비짓을 한다 (관용어) 행실이 팔랑개비처럼 가볍게 보이다.

폴매 (명사) 팔매.

폴매질 (명사) 팔매질.

폴모가지 (명사) 팔모가지.",2021-12-10 00:00:00,106,미부착,제1유형,무,,파다 ~ 폴모가지,,어문,음성,"진주 사투리 사전 피읖

파다 (동사) 후비다.

파딱 (부사) 파뜩. 퍼뜩. ¶ 파딱 해 치아라.(=퍼뜩 해 치워라.)

파라거로/파랗거로 (부사) 파랗게.

파라다 (형용사) 파랗다. ¶ 하늘이 파라네. 

파라이 (부사) 파랗게.

파래 (명사) 이끼. 돌옷.

파묵다 (동사) 파먹다.

파물 (명사) 끝물. 막물 : 과일, 푸성귀, 해산물 따위에서 그 해의 맨 나중에 나는 것.

파삭고:매 (명사) 밤고구마 : 삶았을 때 밤처럼 팍팍하고 단맛이 나는 고구마. 분고구마.

파실파실 (부사) 파슬파슬.

파싹 (부사) 바싹.

파싹파싹 (부사) 바싹바싹.

파이다 (형용사) 나쁘다. 틀리다. 그르다.

파이시키다  ‘파의(罷意)하다’는 뜻으로, 하려던 마음이나 일을 그만두게 하다.

파이하다 (동사) 파의(罷意)하다 : 하려고 마음먹었던 뜻을 버리다.

파장치다 (동사) 끝내다.

파짓날 (명사) 파제삿날 : 제사를 마친 날.

파토 (명사) 파투 : 화투놀이에서, 잘못되어 판이 무효가 됨. 또는 그렇게 되게 함.

판 (명사) 상(床) : 음식을 차려놓고 먹을 수 있도록 나무나 기타의 재료로 다리를 만들고 그 위에 판을 얹어 만든 물건. ¶ 판 피이가 밥 묵자.(=상 펴서 밥 먹자.)

판때이① (명사) 널판때기. 판자때기.

판↑때이② (명사) 판쓸이 : 화투판에서, 한 사람이 그 판에 걸린 판돈을 모두 차지함.

판↑때이하다 (동사) 판쓸이하다.

판배기/판배이 (명사) 판박이.

판자때이 (명사) 판자때기.

팔꼼치 (명사) 팔꿈치.

팔다 (동사) (곡식을) 사다.

팔대장승 (명사) 팔척장신.

팔대장승 겉다 (관용어) 팔척장신 같다는 뜻으로 키가 매우 큰 사람 또는 그 키를 과장하여 이르는 말.

팔랑개비 (명사) 바람개비.

팔자내기/팔자내이 (명사) 재주를 타고난 사람처럼 아주 잘함.

팔자다 (형용사) 어떤 분야의 재주가 특별히 뛰어나다. ¶ 글마 기림 기리는 데는 팔자네.(=그놈 그림 그리는 데는 뛰어나네.) 

팔자로 (부사) 기막히게. ¶ 사기꾼들은 거짓말을 팔자로 잘한다. / 운전을 팔자로 잘하는 친구도 있지.

팔푸이/팔피이 (명사) 팔푼이 : 생각이 어리석고 하는 짓이 야무지지 못한 사람을 낮잡아 이르는 말.

팔하다 (형용사) 파랗다. ¶ 가을이 데이 하늘이 팔하네.(=가을이 되니 하늘이 파랗네.)

패 (명사) 파(蔥) : 백합과에 속한 여러해살이풀.

패곤장이 되다 (관용어) 곤장으로 얻어맞은 듯 운신을 못하다.

패나물 (명사) 파나물.

패딱다 (동사) 패다. 사정없이 마구 때리다.

패밭다 (동사) 뱉다.

패씨 (명사) 파씨.

패앝다 (동사) 뱉다.

패액시럽다 (형용사) 패악스럽다.

패이다 (동사) (땅이) 파이다. ‘파다’의 피동사.

패전 (명사) 파전.

패짐치 (명사) 파김치.

패쫑지 (명사) 팟종 : 다 자란 파의 꽃줄기.

팽돌팽돌하다 (형용사) 짱짱하다.

팽상 (명사) 평생.

팽팽이 (부사) (돌아보지 말고) 빠르게. 곧바로.

퍼는 밥 지다리기가 사알 굶기보다 더하다 (속담) ’푸는 밥 기다리기가 사흘 굶기보다 더하다’라는 말로, 힘들어 이룬 좋은 성과나, 기대 찬 일을 눈앞에 두고 기다리는 조급함을 비유적으로 이르는 말.

퍼다 (동사) (밥을) 푸다. (물을) 푸다. 

퍼떡 (부사) 퍼뜩. 얼른.

퍼묵다 (동사) 퍼먹다.

퍼석돌 (명사) 푸석돌.

퍼실퍼실 (부사) 퍼슬퍼슬.

퍼앵기다 (동사) 퍼내어 안기다.

퍼주↑다 (동사) (소문을) 퍼뜨리다.

퍼지앉다 (동사) 퍼더앉다.

퍽시이 (명사) 푸석이 : 옹골차지 못하고 아주 무르게 생긴 사람을 놀림조로 이르는 말.

펄치다 (동사) 펼치다.

펄:하다 (형용사) 퍼렇다.

펑퍼두룸하다 (형용사) 펑퍼짐하다.

페네끼 (부사) 곧바로. 휑하니. 곧장. 빨리, 재빨리.

페다 (동사) 펴다.

페지치다 (동사) 폐끼치다.

펜역들다 (동사) 역성들다.

포구 (명사) 표고.

포구나무 (명사) 팽나무.

포근포근하다 (형용사) 고구마나 밤의 속이 물기가 적고 부드럽다.

포금자리 (명사) 보금자리.

포금자리를 치다 (관용어) 보금자리, 또는 소굴을 만들다.

포금질 (명사) 닭이 모래에서 목욕하는 짓.

포대이 (명사) 포대기.

포독시럽다 (형용사) 표독스럽다. 사납고 독살스러운 데가 있다.

포때/포띠 (명사) 표시. 푯대.

포라이 (부사) 파랗게.

포라커로 (부사) 파랗게.

포랑 (명사) 파랑 : 파란 빛깔이나 물감.

포랗다 (형용사) 파랗다.

포래 (명사) 파래 : 파랫과의 해조류.

포롬하다 (형용사) 파릇하다.

포르수룸하다 (형용사) 파르스름하다.

포릇포릇 (부사) 파릇파릇.

포릇포릇하다 (형용사) 파릇파릇하다.

포리 (명사) 파리.

포리똥 (명사) 파리똥.

포리수룸하다 (형용사) 파르스름하다.

포리쪽쪽하다 (형용사) 파르족족하다.

포리채 (명사) 파리채.

포실포실 (부사) 포슬포슬.

포지개다 (동사) 포개다.

포지개앉다 (동사) 양다리를 포개 앉다.

포지기 (부사) 표 나게.

폴 (명사) 팔 : 어깨와 손목 사이의 부분.

폴꼬마리 (명사) 팔꾸머리.

폴꼼치/폴꿈치 (명사) 팔꿈치.

폴놀림 (명사) 팔놀림.

폴다 (동사) 팔다.

폴다리 (명사) 팔다리.

폴뚝 (명사) 팔뚝.

폴뚝시게 (명사) 팔뚝시계.

폴랑개비 (명사) 팔랑개비.

폴랑개비짓을 한다 (관용어) 행실이 팔랑개비처럼 가볍게 보이다.

폴매 (명사) 팔매.

폴매질 (명사) 팔매질.

폴모가지 (명사) 팔모가지.",사투리,한국어,,2021-12-10 00:00:00,저작물양도계약서,진주시청,,,,제1유형,저작물,보호저작물,○,상업적이용가능,○,○,○,○,○,○,○,,2091-12-10 00:00:00,,
91,오디오,가이드/안내/정보,진주시청,진주시청,HOME > 진주소개 > 기본현황 > 진주 사투리 사전 > ㅍ,폴목 ~ 핑비이 불 끄는 소리 하지 마라,"폴목 (명사) 팔목.

폴목시게 (명사) 팔목시계.

폴목을 잡다 (관용어) 어떤 단서나 약점을 잡다.

폴묵떼이/폴묵띠 (명사) ‘팔목’을 비속하게 이르는 말.

폴베개 (명사) 팔베개.

폴심 (명사) 팔심.

폴씨름 (명사) 팔씨름.

폴짱끼다 (동사) 팔짱끼다.

폴찌 (명사) 팔찌.

폴찜 (명사) 팔짱.

폴찜찌다 (동사) 팔짱끼다.

폴폴하다 (형용사) 팔팔하다.

폿돌 (명사) 푯돌. 표석.

퐅 (명사) 팥.

퐅가리 (명사) 팥가루.

퐅고물 (명사) 팥고물.

퐅돌 (명사) 갯돌. 몽돌. 

퐅떡 (명사) 팥떡.

퐅물 (명사) 팥물.

퐅밥 (명사) 팥밥.

퐅빙수 (명사) 팥빙수.

퐅빵 (명사) 팥빵.

퐅을 갈다 (관용어) 살갗이 팥 색깔 같은 찰과상을 입다.

퐅장 (명사) 팥장 : 팥과 밀가루로 메주를 만들어 담근 장.

퐅죽 (명사) 팥죽.

푸녁 (명사) 푸네기 : 가까운 제살붙이를 낮잡아 이르는 말.

푸답 (명사) 푸새 : 옷 따위에 풀을 먹이는 일.

푸답하다 (동사) 푸새하다 : 옷 따위에 풀을 먹이다.

푸대 (명사) 부대(負袋). 포대(包袋). 종이, 피륙, 가죽 따위로 만든 큰 자루.

푸대짜리 (명사) 부대(負袋). 포대(包袋).

푸루수룸하다 (형용사) 푸르스름하다.

푸르딩딩하다 (형용사) 푸르뎅뎅하다.

푸른 잔디이 (관용어) 심하게 맞거나 부딪쳐서 살갗 속에 퍼렇게 맺힌 멍.

푸른 잔디이가 앉다 (관용어) 멍이 들다.

푸릿푸릿 (부사) 푸릇푸릇.

푸성개 (명사) 푸성귀.

푸시기① (명사) 푸석이 : 옹골차지 못하고 아주 무르게 생긴 사람을 낮잡아 이르는 말.

푸시기② (명사) 은어로 ‘담배’를 이르는 말.

푸실푸실 (부사) 푸슬푸슬.

푸심 (명사) 학질. 말라리아.

푸심하다 (형용사) 푸짐하다. 

푸우다 (동사) (담배를) 피우다.

풀꾹새 (명사) 뻐국새. 뻐꾸기.

풀나들이다 (동사) 펄렁이며 드나들다.

풀떼죽 (명사) 풀떼기 : 잡곡의 가루로 풀처럼 쑨 죽.

풀떼질 (명사) ‘풀떼기’를 끓이는 것.

풀랑기리다 (동사) 풀렁거리다.

풀빗자리 (명사) 귀얄 : 풀이나 옻을 칠할 때 쓰는 솔의 하나. 주로 돼지털이나 말총을 넓적하게 묶어 만든다.

풀쎄기 (명사) 풀쐐기 : 불나방의 애벌레.

풀씨 (명사) 자운영(紫雲英) : 콩과의 두해살이풀. 어린잎과 줄기는 식용하거나 사료로 쓰고 또는 거름으로 쓴다.

풀째기 (명사) 풀쐐기.

품다 (동사) 뿜다.

품들다 (동사) 품팔이하다.

풋고치 (명사) 풋고추.

풋나락 (명사) 풋벼.

풋내이 (명사) 풋내기.

풋니파리 (명사) 푸성귀.

풋다 (동사) (담배를) 피우다.

풋이파리/풋닢사구 (명사) 푸성귀. 풋나물.

풋짐치 (명사) 푸새김치 : 절이지도 아니하고 담가서 바로 먹는 김치.

풍개 (명사) 오얏. 자두.

풍년초 (명사) 봉지 담배 : 개비로 팔지 않고 봉지에 담아서 판매한 담배.

풍디이 (명사) 풍뎅이 : 풍뎅잇과의 곤충.

풍로 (명사) 풍구. 풀무 : 불을 피울 때에 바람을 일으키는 기구.

풍재이/풍쟁이 (명사) 허풍선이.

풍지박산 (명사) 풍비박산(風飛雹散).

풍채주우/풍채중우 (명사) 고쟁이. 풍차(風遮)바지.

피기/피이 (명사) 포기 : 뿌리를 단위로 한, 초목의 낱개.

피다 (동사) 펴다.

피래미 (명사) 피라미.

피리 (명사) 피라미.

피리새끼 (명사) 송사리.

피보리 (명사) 겉보리.

피뽑기 (명사) 피사리 : 벼논에서 피를 뽑아내는 일.

피이다 (동사) (형편이) 펴이다.

피족/피죽 (명사) 죽데기 : 통나무의 표면에서 잘라낸 널조각.

피창 (명사) 순대.

피피시럽다 (형용사) 남부끄럽다.

핏덩거리 (명사) 핏덩어리 : 갓난아이를 비유적으로 이르는 말.

핑게①/핑기 (명사) 핑계.

핑게② (명사) 풍뎅이.

핑기다 (동사) 풍기다.

핑비 (명사) 팽이.

핑비 총알겉다 (관용어) 팽이처럼 잘 돌고 총알같이 빠르다는 뜻으로, 신속한 사람이나 일을 비유적으로 이르는 말.

핑비이 (명사) 불나방. 

핑비이 불 끄는 소리 하지 마라 (속담) 불나방이 불을 끄는 소리 하지 마라는 말로, 사리에 맞지 않은 말을 부질없이 하지 말라는 뜻.",2021-12-10 00:00:00,86,미부착,제1유형,무,,폴목 ~ 핑비이 불 끄는 소리 하지 마라,,어문,음성,"폴목 (명사) 팔목.

폴목시게 (명사) 팔목시계.

폴목을 잡다 (관용어) 어떤 단서나 약점을 잡다.

폴묵떼이/폴묵띠 (명사) ‘팔목’을 비속하게 이르는 말.

폴베개 (명사) 팔베개.

폴심 (명사) 팔심.

폴씨름 (명사) 팔씨름.

폴짱끼다 (동사) 팔짱끼다.

폴찌 (명사) 팔찌.

폴찜 (명사) 팔짱.

폴찜찌다 (동사) 팔짱끼다.

폴폴하다 (형용사) 팔팔하다.

폿돌 (명사) 푯돌. 표석.

퐅 (명사) 팥.

퐅가리 (명사) 팥가루.

퐅고물 (명사) 팥고물.

퐅돌 (명사) 갯돌. 몽돌. 

퐅떡 (명사) 팥떡.

퐅물 (명사) 팥물.

퐅밥 (명사) 팥밥.

퐅빙수 (명사) 팥빙수.

퐅빵 (명사) 팥빵.

퐅을 갈다 (관용어) 살갗이 팥 색깔 같은 찰과상을 입다.

퐅장 (명사) 팥장 : 팥과 밀가루로 메주를 만들어 담근 장.

퐅죽 (명사) 팥죽.

푸녁 (명사) 푸네기 : 가까운 제살붙이를 낮잡아 이르는 말.

푸답 (명사) 푸새 : 옷 따위에 풀을 먹이는 일.

푸답하다 (동사) 푸새하다 : 옷 따위에 풀을 먹이다.

푸대 (명사) 부대(負袋). 포대(包袋). 종이, 피륙, 가죽 따위로 만든 큰 자루.

푸대짜리 (명사) 부대(負袋). 포대(包袋).

푸루수룸하다 (형용사) 푸르스름하다.

푸르딩딩하다 (형용사) 푸르뎅뎅하다.

푸른 잔디이 (관용어) 심하게 맞거나 부딪쳐서 살갗 속에 퍼렇게 맺힌 멍.

푸른 잔디이가 앉다 (관용어) 멍이 들다.

푸릿푸릿 (부사) 푸릇푸릇.

푸성개 (명사) 푸성귀.

푸시기① (명사) 푸석이 : 옹골차지 못하고 아주 무르게 생긴 사람을 낮잡아 이르는 말.

푸시기② (명사) 은어로 ‘담배’를 이르는 말.

푸실푸실 (부사) 푸슬푸슬.

푸심 (명사) 학질. 말라리아.

푸심하다 (형용사) 푸짐하다. 

푸우다 (동사) (담배를) 피우다.

풀꾹새 (명사) 뻐국새. 뻐꾸기.

풀나들이다 (동사) 펄렁이며 드나들다.

풀떼죽 (명사) 풀떼기 : 잡곡의 가루로 풀처럼 쑨 죽.

풀떼질 (명사) ‘풀떼기’를 끓이는 것.

풀랑기리다 (동사) 풀렁거리다.

풀빗자리 (명사) 귀얄 : 풀이나 옻을 칠할 때 쓰는 솔의 하나. 주로 돼지털이나 말총을 넓적하게 묶어 만든다.

풀쎄기 (명사) 풀쐐기 : 불나방의 애벌레.

풀씨 (명사) 자운영(紫雲英) : 콩과의 두해살이풀. 어린잎과 줄기는 식용하거나 사료로 쓰고 또는 거름으로 쓴다.

풀째기 (명사) 풀쐐기.

품다 (동사) 뿜다.

품들다 (동사) 품팔이하다.

풋고치 (명사) 풋고추.

풋나락 (명사) 풋벼.

풋내이 (명사) 풋내기.

풋니파리 (명사) 푸성귀.

풋다 (동사) (담배를) 피우다.

풋이파리/풋닢사구 (명사) 푸성귀. 풋나물.

풋짐치 (명사) 푸새김치 : 절이지도 아니하고 담가서 바로 먹는 김치.

풍개 (명사) 오얏. 자두.

풍년초 (명사) 봉지 담배 : 개비로 팔지 않고 봉지에 담아서 판매한 담배.

풍디이 (명사) 풍뎅이 : 풍뎅잇과의 곤충.

풍로 (명사) 풍구. 풀무 : 불을 피울 때에 바람을 일으키는 기구.

풍재이/풍쟁이 (명사) 허풍선이.

풍지박산 (명사) 풍비박산(風飛雹散).

풍채주우/풍채중우 (명사) 고쟁이. 풍차(風遮)바지.

피기/피이 (명사) 포기 : 뿌리를 단위로 한, 초목의 낱개.

피다 (동사) 펴다.

피래미 (명사) 피라미.

피리 (명사) 피라미.

피리새끼 (명사) 송사리.

피보리 (명사) 겉보리.

피뽑기 (명사) 피사리 : 벼논에서 피를 뽑아내는 일.

피이다 (동사) (형편이) 펴이다.

피족/피죽 (명사) 죽데기 : 통나무의 표면에서 잘라낸 널조각.

피창 (명사) 순대.

피피시럽다 (형용사) 남부끄럽다.

핏덩거리 (명사) 핏덩어리 : 갓난아이를 비유적으로 이르는 말.

핑게①/핑기 (명사) 핑계.

핑게② (명사) 풍뎅이.

핑기다 (동사) 풍기다.

핑비 (명사) 팽이.

핑비 총알겉다 (관용어) 팽이처럼 잘 돌고 총알같이 빠르다는 뜻으로, 신속한 사람이나 일을 비유적으로 이르는 말.

핑비이 (명사) 불나방. 

핑비이 불 끄는 소리 하지 마라 (속담) 불나방이 불을 끄는 소리 하지 마라는 말로, 사리에 맞지 않은 말을 부질없이 하지 말라는 뜻.",사투리,한국어,,2021-12-10 00:00:00,저작물양도계약서,진주시청,,,,제1유형,저작물,보호저작물,○,상업적이용가능,○,○,○,○,○,○,○,,2091-12-10 00:00:00,,
92,오디오,가이드/안내/정보,진주시청,진주시청,HOME > 진주소개 > 기본현황 > 진주 사투리 사전 > ㅎ,하걸없다 ~ 할대,"진주 사투리 사전 히읗

하걸없다 (형용사) 하릴없다.

하걸없이 (부사) 하릴없이

하고잽이/하구잽이 (명사) 1. 무슨 일에나 끼거나, 하고 싶어하는 사람을 낮잡아 이르는 말. 2. 이성(異性)을 좋아하는 사람.

하고접다 (형용사) 하고 싶다.

하구또랑 (명사) 아래물곬.

하그륵 (명사) 질그릇.

하근내 (명사) 화독내 : 음식 따위가 눋다가 타게 되어 나는 냄새.

하기사 (부사) 하기야.

하까예 (감탄사) 할까요.

하나썩/하낙썩 (부사) 하나씩. 한 낱씩.

하낳도 (부사) 하나도.

하냥 (명사) 화냥 : 서방질을 하는 여자.

하냥년 (명사) 화냥년 : ‘화냥’을 비속하게 이르는 말.

하늘 대왕구 (관용어) (하늘 아래) 최고 권력가.

하늘수박 (명사) 하눌타리 : 박과의 여러해살이 덩이풀. 과육은 화장품 재료로 쓰고 덩이뿌리와 씨는 약용으로 쓴다.

하니라 (조사) 하느니라.

하님 (명사) 시집오는 날만 새각시를 따라 왔다 가는 여자 하인을 이르지만, 여자 종을 대접하여 부르거나 여자 종들이 서로 높여 부르던 말이다.

하래이/하랭이 (명사) 박수, 화랑이 : 남자 무당.

하리① (명사) 하루.

하:리② (명사) 화로.

하리거리 (명사) 하루거리 : 하루씩 걸러서 앓는 학질. 초학(初瘧).

하리바삐 (부사) 하루바삐.

하리살이 (명사) 하루살이.

하리점두룩 (부사) 하루종일.

하리하리 (부사) 하루하루.

하릿강생이 (명사) 하룻강아지.

하릿날 (명사) 하룻날.

하릿밤 (명사) 하룻밤.

하릿밤을 자도 만리장성을 쌓는다(속담) 잠깐 사귀어도 깊은 정을 맺을 수 있음을 이르는 말.

하릿불 (형용사) 화롯불.

하매 (부사) 벌써. 이미.

하매나 (부사) 이제나저제나.

하모① (감탄사) 아무렴. 그래. 그렇고 말고.

하모② (동사) 하면. ¶ 그리 하모 안 데지.(=그리 하면 안 되지.)

하물 (명사) 한물 : 채소, 과일, 어물 따위가 한창 수확되거나 쏟아져 나올 때.

하발치 (명사) 아래쪽 끝부분.

하부레 (조사) 마저. 조차. ¶ 너하부레 그라마 나는 우짜네.(=너마저 그러면 나는 어찌하느냐?)

하부장/하분장 (조사) 마저. 조차.

하빨이 (명사) 하품(下品). 하치 : 같은 부류의 사람이나 사물 가운데서 신분이나 품질이 가장 낮은 사람이나 물건.

하뿜 (명사) 하품 : 졸리거나 고단하거나 배부르거나 할 때, 절로 입이 벌어지면서 하는 깊은 호흡.

하살 (명사) 화살

하수보다 (동사) 하시(下視)하다 : 남을 얕잡아 낮추어 보다.

하수여이다 (동사) 하시(下視)하다 : 남을 얕잡아 낮추어 보다.

하아 (감탄사) 암. 아무렴.

하알 (명사) 하늘.

하암 (감탄사) 암 그래.

하얗거로 (부사) 하얗게.

하얗이 (부사) 하얗게.

하여껀 (부사) 하여튼.

하이튼껀 (부사) 하여튼.

하잖다 (형용사) 언짢다. (심기가) 불편하다.

하찔 (명사) 하질(下質) : 품질이 썩 나쁜 것.

하토 (명사) 화투.

하토짱 (명사) 화투짝.

하토판 (명사) 화투판.

하하거로 (부사) 하얗게.

하하다 (형용사) 하얗다.

하하이 (부사) 하얗게.

하핳다 (형용사) 하얗다.

학 떼겄네/학을 떼겄네 (관용어) ‘학질을 떼겠다’는 뜻으로, 어떤 일이 꼬여 몹시 힘든 것을 비유적으로 이르는 말.

학상 (명사) 학생.

학조 (명사) 학교.

한장하다 (동사) 환장하다. ¶ 아:들 말 안 들어쌓서 한장하겄네.(=아이들이 말을 안 들어 대서 환장하겠네.)

한감 (명사) 한동안 : 꽤 오랫동안.

한갑 (명사) 환갑.

한갓대잖다/한갓질잖다 (동사) 한결같지 아니하다.

한거 (부사) 가뜩. 많이.

한거석 (부사) 가뜩. 많이.

한것지다 (형용사) 한갓지다 : 한가하고 조용하다.

한구잽이 (명사) 한몫 : 한 사람 앞에 돌아가는 배부, 또는 한 사람이 맡은 역할.

한구잽이들다 (동사) 어떤 일을 한 몫 맡아 가지다.

한구잽이하다/한목하다 (동사) 한 사람으로서 맡은 역할을 충분히 하다.

한군자리 (명사) 한군데. 한 곳에.

한께 (부사) 함께.

한:껀 (부사) 한껏. 실컷.

한꾼에 (부사) 한꺼번에.

한:디 (명사) 한데 : 사방, 상하를 가리지 아니한 곳. 곧 집채의 바깥을 이른다.

한:디잠 (명사) 한뎃잠 : 한데에서 자는 잠.

한먼당 (명사) 산봉우리.

한반각 (명사) 한창 : 어떤 일이 활기 있고 왕성하게 일어나는 때. 주로 농번기를 이른다.

한 발띠이 (연어) 한 아름.

한보따까리하다 (동사) 한바탕하다.

한 볼쩨이도 안 된다 (관용어) 한 볼때기조차 때릴 곳이 없을 정도로 작거나 약해 보인다.

한빨띠 (명사) 한 아름.

한뿐에 (부사) 한 번에.

한뿔 (명사) 소의 나이 한 살을 이르는 말.

한소꼼 (부사) 한소끔 : 1. 한 번 끓어오르는 모양. 2. 일정한 정도로 한 차례 진행되는 모양.

한 심① (관용어) 한 숨 : 숨을 한 번 쉴 동안. 또는 잠깐 동안.

한↑심② (명사) 한잠. ¶ 한심 자고 나서 일하자.(=한숨 자고 나서 일하자.)

한여물에 (부사) 한시에. 같은 때.

한장하다 (명사) 환장(換腸)하다 : 마음이나 행동 따위가 비정상적인 상태로 달라지다.

한주묵 (명사) 1. 한 번 때리는 주먹. ¶ 한주묵에 때리눕힜다. 2. 센 주먹. ¶ 저 사람 저래 비도 한주묵 있데이.

한질 (명사) 한길 : 사람이나 차가 많이 다니는 넓은 길.

한질가 (명사) 한길가.

한쭉 (명사) 한쪽.

한쭉머리 (명사) 한쪽편.

한테 (명사) 한곳 : 일정한 곳. 또는 같은 곳. ¶ 여러 집 물건을 한테다 섞어 노마 우짜노.(=여러 집 물건을 한곳에 섞어 놓으면 어떡하니.)

한통치다 (동사) 마음대로 소리치거나 행동하다.

한 판 쪼우다 (관용어) 노름하다. 노름판에서 화툿장을 죄는 모양을 비유적으로 이르는 말.

한하다 (형용사) 환하다.

한해끼 (부사) 어느 해께.

할 (명사) 활: 화살을 메워서 쏘는 기구. 또는 그 몸체.

할대 (명사) 횃대 : 옷을 걸 수 있게 만든 막대.",2021-12-10 00:00:00,103,미부착,제1유형,무,,하걸없다 ~ 할대,,어문,음성,"진주 사투리 사전 히읗

하걸없다 (형용사) 하릴없다.

하걸없이 (부사) 하릴없이

하고잽이/하구잽이 (명사) 1. 무슨 일에나 끼거나, 하고 싶어하는 사람을 낮잡아 이르는 말. 2. 이성(異性)을 좋아하는 사람.

하고접다 (형용사) 하고 싶다.

하구또랑 (명사) 아래물곬.

하그륵 (명사) 질그릇.

하근내 (명사) 화독내 : 음식 따위가 눋다가 타게 되어 나는 냄새.

하기사 (부사) 하기야.

하까예 (감탄사) 할까요.

하나썩/하낙썩 (부사) 하나씩. 한 낱씩.

하낳도 (부사) 하나도.

하냥 (명사) 화냥 : 서방질을 하는 여자.

하냥년 (명사) 화냥년 : ‘화냥’을 비속하게 이르는 말.

하늘 대왕구 (관용어) (하늘 아래) 최고 권력가.

하늘수박 (명사) 하눌타리 : 박과의 여러해살이 덩이풀. 과육은 화장품 재료로 쓰고 덩이뿌리와 씨는 약용으로 쓴다.

하니라 (조사) 하느니라.

하님 (명사) 시집오는 날만 새각시를 따라 왔다 가는 여자 하인을 이르지만, 여자 종을 대접하여 부르거나 여자 종들이 서로 높여 부르던 말이다.

하래이/하랭이 (명사) 박수, 화랑이 : 남자 무당.

하리① (명사) 하루.

하:리② (명사) 화로.

하리거리 (명사) 하루거리 : 하루씩 걸러서 앓는 학질. 초학(初瘧).

하리바삐 (부사) 하루바삐.

하리살이 (명사) 하루살이.

하리점두룩 (부사) 하루종일.

하리하리 (부사) 하루하루.

하릿강생이 (명사) 하룻강아지.

하릿날 (명사) 하룻날.

하릿밤 (명사) 하룻밤.

하릿밤을 자도 만리장성을 쌓는다(속담) 잠깐 사귀어도 깊은 정을 맺을 수 있음을 이르는 말.

하릿불 (형용사) 화롯불.

하매 (부사) 벌써. 이미.

하매나 (부사) 이제나저제나.

하모① (감탄사) 아무렴. 그래. 그렇고 말고.

하모② (동사) 하면. ¶ 그리 하모 안 데지.(=그리 하면 안 되지.)

하물 (명사) 한물 : 채소, 과일, 어물 따위가 한창 수확되거나 쏟아져 나올 때.

하발치 (명사) 아래쪽 끝부분.

하부레 (조사) 마저. 조차. ¶ 너하부레 그라마 나는 우짜네.(=너마저 그러면 나는 어찌하느냐?)

하부장/하분장 (조사) 마저. 조차.

하빨이 (명사) 하품(下品). 하치 : 같은 부류의 사람이나 사물 가운데서 신분이나 품질이 가장 낮은 사람이나 물건.

하뿜 (명사) 하품 : 졸리거나 고단하거나 배부르거나 할 때, 절로 입이 벌어지면서 하는 깊은 호흡.

하살 (명사) 화살

하수보다 (동사) 하시(下視)하다 : 남을 얕잡아 낮추어 보다.

하수여이다 (동사) 하시(下視)하다 : 남을 얕잡아 낮추어 보다.

하아 (감탄사) 암. 아무렴.

하알 (명사) 하늘.

하암 (감탄사) 암 그래.

하얗거로 (부사) 하얗게.

하얗이 (부사) 하얗게.

하여껀 (부사) 하여튼.

하이튼껀 (부사) 하여튼.

하잖다 (형용사) 언짢다. (심기가) 불편하다.

하찔 (명사) 하질(下質) : 품질이 썩 나쁜 것.

하토 (명사) 화투.

하토짱 (명사) 화투짝.

하토판 (명사) 화투판.

하하거로 (부사) 하얗게.

하하다 (형용사) 하얗다.

하하이 (부사) 하얗게.

하핳다 (형용사) 하얗다.

학 떼겄네/학을 떼겄네 (관용어) ‘학질을 떼겠다’는 뜻으로, 어떤 일이 꼬여 몹시 힘든 것을 비유적으로 이르는 말.

학상 (명사) 학생.

학조 (명사) 학교.

한장하다 (동사) 환장하다. ¶ 아:들 말 안 들어쌓서 한장하겄네.(=아이들이 말을 안 들어 대서 환장하겠네.)

한감 (명사) 한동안 : 꽤 오랫동안.

한갑 (명사) 환갑.

한갓대잖다/한갓질잖다 (동사) 한결같지 아니하다.

한거 (부사) 가뜩. 많이.

한거석 (부사) 가뜩. 많이.

한것지다 (형용사) 한갓지다 : 한가하고 조용하다.

한구잽이 (명사) 한몫 : 한 사람 앞에 돌아가는 배부, 또는 한 사람이 맡은 역할.

한구잽이들다 (동사) 어떤 일을 한 몫 맡아 가지다.

한구잽이하다/한목하다 (동사) 한 사람으로서 맡은 역할을 충분히 하다.

한군자리 (명사) 한군데. 한 곳에.

한께 (부사) 함께.

한:껀 (부사) 한껏. 실컷.

한꾼에 (부사) 한꺼번에.

한:디 (명사) 한데 : 사방, 상하를 가리지 아니한 곳. 곧 집채의 바깥을 이른다.

한:디잠 (명사) 한뎃잠 : 한데에서 자는 잠.

한먼당 (명사) 산봉우리.

한반각 (명사) 한창 : 어떤 일이 활기 있고 왕성하게 일어나는 때. 주로 농번기를 이른다.

한 발띠이 (연어) 한 아름.

한보따까리하다 (동사) 한바탕하다.

한 볼쩨이도 안 된다 (관용어) 한 볼때기조차 때릴 곳이 없을 정도로 작거나 약해 보인다.

한빨띠 (명사) 한 아름.

한뿐에 (부사) 한 번에.

한뿔 (명사) 소의 나이 한 살을 이르는 말.

한소꼼 (부사) 한소끔 : 1. 한 번 끓어오르는 모양. 2. 일정한 정도로 한 차례 진행되는 모양.

한 심① (관용어) 한 숨 : 숨을 한 번 쉴 동안. 또는 잠깐 동안.

한↑심② (명사) 한잠. ¶ 한심 자고 나서 일하자.(=한숨 자고 나서 일하자.)

한여물에 (부사) 한시에. 같은 때.

한장하다 (명사) 환장(換腸)하다 : 마음이나 행동 따위가 비정상적인 상태로 달라지다.

한주묵 (명사) 1. 한 번 때리는 주먹. ¶ 한주묵에 때리눕힜다. 2. 센 주먹. ¶ 저 사람 저래 비도 한주묵 있데이.

한질 (명사) 한길 : 사람이나 차가 많이 다니는 넓은 길.

한질가 (명사) 한길가.

한쭉 (명사) 한쪽.

한쭉머리 (명사) 한쪽편.

한테 (명사) 한곳 : 일정한 곳. 또는 같은 곳. ¶ 여러 집 물건을 한테다 섞어 노마 우짜노.(=여러 집 물건을 한곳에 섞어 놓으면 어떡하니.)

한통치다 (동사) 마음대로 소리치거나 행동하다.

한 판 쪼우다 (관용어) 노름하다. 노름판에서 화툿장을 죄는 모양을 비유적으로 이르는 말.

한하다 (형용사) 환하다.

한해끼 (부사) 어느 해께.

할 (명사) 활: 화살을 메워서 쏘는 기구. 또는 그 몸체.

할대 (명사) 횃대 : 옷을 걸 수 있게 만든 막대.",사투리,한국어,,2021-12-10 00:00:00,저작물양도계약서,진주시청,,,,제1유형,저작물,보호저작물,○,상업적이용가능,○,○,○,○,○,○,○,,2091-12-10 00:00:00,,
93,오디오,가이드/안내/정보,진주시청,진주시청,HOME > 진주소개 > 기본현황 > 진주 사투리 사전 > ㅎ,할딱 ~ 행토,"할딱 (부사) 홀딱. 홀랑 : 남김없이 벗거나 벗어진 모양.

할라쿠다 (동사) 하려고 말하다. 하려고 하다.

할마시 (명사) 할멈 : 나이 든 아내를 이르는 말의 하나. 나이 든 아내를 이르는 세 낱말인 할마시, 할마이, 할망구 가운데서 가장 높여 일컫는 말이다.

할망탕구/할망땅구/할매탕구 (명사) 할망구.

할매/할무이 (명사) 할머니.

할매꽃 (명사) 할미꽃.

할배 (명사) 할아버지.

할배탕구 (명사) 할아버지를 얕잡아 이르는 말.

할비비 (명사) 타래송곳. 드릴.

할아부지 (명사) 할아버지.

할애비 (명사) 할아비.

함 (명사) 한 번. ¶ 함 무우 보자.(=한 번 먹어 보자.)

함배기/함배이 (명사) 함지박.

함부두룩 (부사) 함부로.

함부레 (부사) 1. 함부로. 2. 아예. ¶ 니 아부지한테 함부레 그런 말하지 마래이. 큰일 난다.(=네 아버지한테 아예 그런 말하지 마라. 큰일 난다.) 

함테이/함티이 (명사) 함지.

함테이장사/함티이장사 (명사) 함지장수. 목판 노점상.

합재기/합재이 (명사) 합죽이.

항가꾸 (명사) 엉겅퀴.

항갑 (명사) 환갑.

항거이/항거석 (부사) 많이.

항꾼에 (부사) 한꺼번에. 함께.

항새 (명사) 황새.

항세 (명사) 황소.

항아 (명사) 황아 : 여러 가지 자질구레한 일용 잡화. 끈목, 담배쌈지, 바늘, 실 따위를 이른다. 

항아장사 (명사) 황아장수 : 집집을 찾아다니며 끈목, 담배쌈지, 바늘, 실 따위의 자질구레한 일용 잡화를 파는 사람.

항칠 (명사) 환칠 : 되는 대로 얼룩덜룩하게 칠함. 또는 그런 칠.

해① (명사) 화(火) : 몹시 못마땅하거나 언짢아서 나는 성.

해② (명사) 근(根) : 부스럼 속에서 곪아서 단단하게 된 망울.

해③ (명사) 호롱의 심지가 타는 그을음.

해④ (명사) 회 : 고기나 생선 따위를 날로 잘게 썰어서 먹는 음식. 초고추장이나 된장, 간장, 겨자, 소금 따위에 찍어 먹는다.

해가리 (명사) 엇셈 : 서로 주고받을 것을 비겨 없애는 셈.

해가리하다 (동사) 엇셈하다.

해갈지다 (동사) 재물 따위에 몹시 목말라하다.

해거럼때/해거럼판 (명사) 해거름.

해경 (명사) 거울.

해금내 (명사) 해감내 : 물속에서 흙과 유기물이 썩어서 생긴 찌꺼기의 냄새.

해기 (명사) 새꽤기 : 짚이나 띠, 갈대, 억새 같은 것의 껍질을 벗긴 가는 줄기.

해까닥 (부사) 회까닥 : 갑자기 정신이 이상해지는 모양을 속되게 이르는 말.

해까닥하다 (동사) (속되게) 갑자기 정신이 이상해지다.

해껍다 (형용사) 가볍다.

해껍하다 (형용사) 가볍다.

해꼬지/해꾸지 (명사) 해코지.

해나 (부사) 행여나. 혹시나.

해나무 (명사) 홰나무, 회화나무.

해놓다 (동사) 내달리다. 내닫다. 도망가다. ¶ 셍이한테 들키거등 딧문으로 해나뿌라.(=형한테 들키거든 뒷문으로 도망가 버려라.)

해따나 (부사) 게다가.

해딱 (부사) 해뜩 : 갑자기 얼굴을 돌리며 살짝 돌아보는 모양.

해딱해딱 (부사) 해뜩해뜩.

해딴에 (부사) 저물기 전, 해가 있는 동안.

해때기 (명사) 호드기 : 봄철에 물오른 버드나무 가지의 껍질을 고루 비틀어 뽑은 껍질이나 짤막한 밀짚 토막 따위로 만든 피리.

해띠기/해띠이 (명사) 호드기.

해럽다 (형용사) 해롭다.

해문 (명사) 햇무리 : 햇빛이 대기 속의 수증기에 비치어 해의 둘레에 둥글게 나타나는 빛깔이 있는 테두리.

해바래이 (명사) 해바라기.

해방조개 (명사) 새조개.

해쌀 (명사) 햅쌀.

해오/해우 (명사) 해의 : 홍조류 보라털과의 조류. 몸의 길이는 30cm 정도이며, 가장자리는 밋밋하나 주름이 져 있다. 검은 자주색 또는 붉은 자주색을 띠고 바닷속 바위에 이끼처럼 붙어 자라는데 식용한다. 우리나라의 서남 연안에서 많이 나며 널리 양식한다.

해올리다 (동사) 벼르다. ¶ 혼내 줄라꼬 해올리던 참이다.(=혼내 주려고 벼르던 참이다.)

해이다 (동사) 당하다 : 해를 입거나 놀림을 당하다. ¶ 사기꾼한테 해있다.(=사기꾼에게 당했다.)

해장작 (명사) 갓 팬 장작.

해장작패다 (동사) 넉장거리하다. 네 활개를 벌리고 뒤로 벌렁 나자빠지다.

해재끼다 (동사) 해젖히다. 해치우다.

해차리 (명사) 회초리.

해치 (명사) 진흙. 해감 : 물속에서 흙과 유기물이 생기는 냄새나는 찌꺼기.

해치구덕 (명사) 수렁. 진흙구덩이.

해치꼬랑 (명사) 수채 : 집 안에서 버린 물이 집 밖으로 흘러나가도록 만든 시설. 

해치내 (명사) 해치에서 나는 냄새. 흙과 유기물이 썩어서 생긴 찌꺼기의 냄새. 

해통하다 (동사) 트이다. ¶ 그 사람 만나 보이 해통하더라.(=그 사람 만나 보니 트였더라.)

해포래 (형용사) 해파리.

해필 (부사) 하필.

해필이모 (부사) 하필이면.

핵조 (명사) 학교.

핼겋다 (형용사) 핼쓱하다.

햅직하다 (형용사) 갭직하다.

햇대똥 (명사) 활개똥 : 몹시 힘차게 내깔기는 물똥.

햇쌀 (명사) 햅쌀.

햇짐에 (부사) 홧김에.

행건 (명사) 행전(行纏) : 바지나 고의를 입을 때 정강이에 감아 무릎 아래 매는 물건. 반듯한 헝겊으로 소맷부리처럼 만들고 위쪽에 끈을 두 개 달아서 돌려 매게 되어 있다. ¶ 맹건 다리 행건 친다(=맨다리에 행전 두른다. 몸치장이 전혀 어울리지 않을 때 쓰는 말이다.) 

행걸 (부사) 한결. 

행걸겉다 (형용사) 한결같다. ¶ 할매 모습은 예전이나 지금이나 행걸겉으시다.(=할머니 모습은 예전이나 지금이나 한결같으시다.)

행길 (명사) 한길 : 사람이나 차가 많이 다니는 넓은 길.

행대 (명사) 행신(行身) : 세상을 살아가는 데 가져야 할 몸가짐이나 행동.

행망없다 (형용사) 해망쩍다, 행망쩍다 : 주의력이 없고 아둔하다.

행몱다 (형용사) 해맑다 : 하얗고 맑다.

행사 (명사) 행세. 행실.

행사머리 (명사) 행실머리.

행열 (명사) 항렬(行列) : 같은 혈족의 직계에서 갈라져 나간 계통 사이의 대수 관계를 나타내는 말.

행우지 (명사) 행동거지.

행인물이 아니다 (관용어) 보통 인물이 아니다.

행자 (명사) 행주.

행지포 (명사) 행주 : 그릇, 밥상 따위를 닦거나 씻는 데 쓰는 헝겊.

행토 (명사) 행티 : 행짜를 부리는 버릇.",2021-12-10 00:00:00,94,미부착,제1유형,무,,할딱 ~ 행토,,어문,음성,"할딱 (부사) 홀딱. 홀랑 : 남김없이 벗거나 벗어진 모양.

할라쿠다 (동사) 하려고 말하다. 하려고 하다.

할마시 (명사) 할멈 : 나이 든 아내를 이르는 말의 하나. 나이 든 아내를 이르는 세 낱말인 할마시, 할마이, 할망구 가운데서 가장 높여 일컫는 말이다.

할망탕구/할망땅구/할매탕구 (명사) 할망구.

할매/할무이 (명사) 할머니.

할매꽃 (명사) 할미꽃.

할배 (명사) 할아버지.

할배탕구 (명사) 할아버지를 얕잡아 이르는 말.

할비비 (명사) 타래송곳. 드릴.

할아부지 (명사) 할아버지.

할애비 (명사) 할아비.

함 (명사) 한 번. ¶ 함 무우 보자.(=한 번 먹어 보자.)

함배기/함배이 (명사) 함지박.

함부두룩 (부사) 함부로.

함부레 (부사) 1. 함부로. 2. 아예. ¶ 니 아부지한테 함부레 그런 말하지 마래이. 큰일 난다.(=네 아버지한테 아예 그런 말하지 마라. 큰일 난다.) 

함테이/함티이 (명사) 함지.

함테이장사/함티이장사 (명사) 함지장수. 목판 노점상.

합재기/합재이 (명사) 합죽이.

항가꾸 (명사) 엉겅퀴.

항갑 (명사) 환갑.

항거이/항거석 (부사) 많이.

항꾼에 (부사) 한꺼번에. 함께.

항새 (명사) 황새.

항세 (명사) 황소.

항아 (명사) 황아 : 여러 가지 자질구레한 일용 잡화. 끈목, 담배쌈지, 바늘, 실 따위를 이른다. 

항아장사 (명사) 황아장수 : 집집을 찾아다니며 끈목, 담배쌈지, 바늘, 실 따위의 자질구레한 일용 잡화를 파는 사람.

항칠 (명사) 환칠 : 되는 대로 얼룩덜룩하게 칠함. 또는 그런 칠.

해① (명사) 화(火) : 몹시 못마땅하거나 언짢아서 나는 성.

해② (명사) 근(根) : 부스럼 속에서 곪아서 단단하게 된 망울.

해③ (명사) 호롱의 심지가 타는 그을음.

해④ (명사) 회 : 고기나 생선 따위를 날로 잘게 썰어서 먹는 음식. 초고추장이나 된장, 간장, 겨자, 소금 따위에 찍어 먹는다.

해가리 (명사) 엇셈 : 서로 주고받을 것을 비겨 없애는 셈.

해가리하다 (동사) 엇셈하다.

해갈지다 (동사) 재물 따위에 몹시 목말라하다.

해거럼때/해거럼판 (명사) 해거름.

해경 (명사) 거울.

해금내 (명사) 해감내 : 물속에서 흙과 유기물이 썩어서 생긴 찌꺼기의 냄새.

해기 (명사) 새꽤기 : 짚이나 띠, 갈대, 억새 같은 것의 껍질을 벗긴 가는 줄기.

해까닥 (부사) 회까닥 : 갑자기 정신이 이상해지는 모양을 속되게 이르는 말.

해까닥하다 (동사) (속되게) 갑자기 정신이 이상해지다.

해껍다 (형용사) 가볍다.

해껍하다 (형용사) 가볍다.

해꼬지/해꾸지 (명사) 해코지.

해나 (부사) 행여나. 혹시나.

해나무 (명사) 홰나무, 회화나무.

해놓다 (동사) 내달리다. 내닫다. 도망가다. ¶ 셍이한테 들키거등 딧문으로 해나뿌라.(=형한테 들키거든 뒷문으로 도망가 버려라.)

해따나 (부사) 게다가.

해딱 (부사) 해뜩 : 갑자기 얼굴을 돌리며 살짝 돌아보는 모양.

해딱해딱 (부사) 해뜩해뜩.

해딴에 (부사) 저물기 전, 해가 있는 동안.

해때기 (명사) 호드기 : 봄철에 물오른 버드나무 가지의 껍질을 고루 비틀어 뽑은 껍질이나 짤막한 밀짚 토막 따위로 만든 피리.

해띠기/해띠이 (명사) 호드기.

해럽다 (형용사) 해롭다.

해문 (명사) 햇무리 : 햇빛이 대기 속의 수증기에 비치어 해의 둘레에 둥글게 나타나는 빛깔이 있는 테두리.

해바래이 (명사) 해바라기.

해방조개 (명사) 새조개.

해쌀 (명사) 햅쌀.

해오/해우 (명사) 해의 : 홍조류 보라털과의 조류. 몸의 길이는 30cm 정도이며, 가장자리는 밋밋하나 주름이 져 있다. 검은 자주색 또는 붉은 자주색을 띠고 바닷속 바위에 이끼처럼 붙어 자라는데 식용한다. 우리나라의 서남 연안에서 많이 나며 널리 양식한다.

해올리다 (동사) 벼르다. ¶ 혼내 줄라꼬 해올리던 참이다.(=혼내 주려고 벼르던 참이다.)

해이다 (동사) 당하다 : 해를 입거나 놀림을 당하다. ¶ 사기꾼한테 해있다.(=사기꾼에게 당했다.)

해장작 (명사) 갓 팬 장작.

해장작패다 (동사) 넉장거리하다. 네 활개를 벌리고 뒤로 벌렁 나자빠지다.

해재끼다 (동사) 해젖히다. 해치우다.

해차리 (명사) 회초리.

해치 (명사) 진흙. 해감 : 물속에서 흙과 유기물이 생기는 냄새나는 찌꺼기.

해치구덕 (명사) 수렁. 진흙구덩이.

해치꼬랑 (명사) 수채 : 집 안에서 버린 물이 집 밖으로 흘러나가도록 만든 시설. 

해치내 (명사) 해치에서 나는 냄새. 흙과 유기물이 썩어서 생긴 찌꺼기의 냄새. 

해통하다 (동사) 트이다. ¶ 그 사람 만나 보이 해통하더라.(=그 사람 만나 보니 트였더라.)

해포래 (형용사) 해파리.

해필 (부사) 하필.

해필이모 (부사) 하필이면.

핵조 (명사) 학교.

핼겋다 (형용사) 핼쓱하다.

햅직하다 (형용사) 갭직하다.

햇대똥 (명사) 활개똥 : 몹시 힘차게 내깔기는 물똥.

햇쌀 (명사) 햅쌀.

햇짐에 (부사) 홧김에.

행건 (명사) 행전(行纏) : 바지나 고의를 입을 때 정강이에 감아 무릎 아래 매는 물건. 반듯한 헝겊으로 소맷부리처럼 만들고 위쪽에 끈을 두 개 달아서 돌려 매게 되어 있다. ¶ 맹건 다리 행건 친다(=맨다리에 행전 두른다. 몸치장이 전혀 어울리지 않을 때 쓰는 말이다.) 

행걸 (부사) 한결. 

행걸겉다 (형용사) 한결같다. ¶ 할매 모습은 예전이나 지금이나 행걸겉으시다.(=할머니 모습은 예전이나 지금이나 한결같으시다.)

행길 (명사) 한길 : 사람이나 차가 많이 다니는 넓은 길.

행대 (명사) 행신(行身) : 세상을 살아가는 데 가져야 할 몸가짐이나 행동.

행망없다 (형용사) 해망쩍다, 행망쩍다 : 주의력이 없고 아둔하다.

행몱다 (형용사) 해맑다 : 하얗고 맑다.

행사 (명사) 행세. 행실.

행사머리 (명사) 행실머리.

행열 (명사) 항렬(行列) : 같은 혈족의 직계에서 갈라져 나간 계통 사이의 대수 관계를 나타내는 말.

행우지 (명사) 행동거지.

행인물이 아니다 (관용어) 보통 인물이 아니다.

행자 (명사) 행주.

행지포 (명사) 행주 : 그릇, 밥상 따위를 닦거나 씻는 데 쓰는 헝겊.

행토 (명사) 행티 : 행짜를 부리는 버릇.",사투리,한국어,,2021-12-10 00:00:00,저작물양도계약서,진주시청,,,,제1유형,저작물,보호저작물,○,상업적이용가능,○,○,○,○,○,○,○,,2091-12-10 00:00:00,,
94,오디오,가이드/안내/정보,진주시청,진주시청,HOME > 진주소개 > 기본현황 > 진주 사투리 사전 > ㅎ,행토부리다 ~ 헤차리,"행토부리다 (동사) 행티부리다.

행토지기다 (동사) 행티부리다.

허걸없이 (부사) 하릴없이 : 1. 달리 어떻게 할 없이. 2. 조금도 틀림이 없이.

허걸징 (명사) 허기증.

허꺼무/허꺼시/허째비 (명사) 허깨비.

허꺼무 잡는다 (관용어) 허깨비를 잡는다는 말로, 없는 데 있는 것처럼 실제와 다르게 일을 꾸미는 것을 이르는 말. 

허내 (명사) 험담.

허덕구 (명사) 허덕이는 사람을 낮잡아 이르는 말.

허덜 (명사) 엄살.

허덜감/허덜갑 (명사) 호들갑. 엄살.

허덜갑시럽다 (형용사) 호들갑스럽다.

허덜시럽다 (형용사) 허풍스럽다.

허덜갑지이다 (동사) 호들갑떨다.

허덜지기다 (동사) 엄살부리다.

허딕이다 (동사) 허덕이다.

허따 (감탄사) 어따.

허러껀 (명사) 허리끈.

허룸하다 (형용사) 허름하다.

허물허물 (부사) 흐물흐물.

허벌쭘하다 (형용사) 헤벌쭉하다.

허북구디 (명사) 허방 : 땅바닥이 움푹 패어 빠지기 쉬운 구덩이. 수렁.

허북다리 (명사) 허벅다리. 넓적다리.

허북지 (명사) 허벅지.

허불① (명사) 허물 : 살갗에서 저절로 일어나는 꺼풀.

허불② (명사) 허울 : 실속이 없는 겉모양.

허불지 (명사) 허벅지.

허빵이다 (형용사) 바라던 일이 실패로 돌아가거나 미덥지 않음.

허빵짚다 (동사) 허방짚다. 허탕짚다.

허빵치다 (동사) 허방치다. 허탕치다.

허뻑 (부사) 듬뿍.

허뿍 (부사) 실컷.

허산파산 (명사) 돈이나 시간을 헛되이 써 버림.

허새비 (명사) 허수아비.

허에지다 (동사) 허예지다.

허우대 (명사) 허위대 : 겉으로 드러난 체격. 주로 크거나 보기 좋은 체격을 이른다.

허째비 (명사) 허깨비.

허:참 (감탄사) 그거참.

허축하다 (형용사) 허출하다 : 허기가 지고 출출하다.

허치다 (동사) 흩어지게 하다.

허트로 (부사) 허투루.

허패 (명사) 허파.

허퍼삼아 (부사) 헛일삼아.

허풍재이 (명사) 허풍선이. 허풍쟁이.

흑구데이 (명사) 흙구덩이.

헌단 (명사) 험담 : 남의 흠을 들추어 헐뜯음. 또는 그런 말.

헌단하다 (동사) 헐뜯다.

헌두디기 (명사) 누더기.

헌두디 (명사) 누더기.

헌디 (명사) 헌데 : 살갗이 헐어서 상한 자리.

헌버꾸 (명사) 엉겅퀴.

헌 생이틀 겉다 (속담) 사람의 시체를 실어서 묘지까지 나르는 헌 상여 같다는 말로, 연로하여 쇠약한 늙은이를 비유적으로 이르는 말.

헌출하다 (형용사) 훤칠하다.

헐떡 (부사) 훨떡 : 아주 남김없이 시원스럽게 벗거나 벗어진 모양. 

헐띠 (명사) 허리띠.
헐띠이다 (동사) 헐떡이다.

헐미 (명사) 부스럼. ¶ 이마에 헐미가 났다.(=이마에 부스럼이 났다.)

헐썩 (부사) 훨씬.

헐하다 (형용사) 헐겁다.

헗다 (형용사) (값이) 싸다.

헙쓸다 (동사) 휩쓸다.

헙쓸리다 (동사) 휩쓸리다.

헙씬 (부사) 흠씬. 충분히.

헛거무 (명사) 허깨비. 헛거미 : 굶어서 기운이 없을 때에 눈앞에 생기는, 거미줄 같은 뿌연 줄.

헛거시 (명사) 허깨비.

헛기(←헛것이) (명사)+(조사) 허깨비가.

헛까데이 (명사) 헛간. 까대기. 헛간채.

헛나 (명사) 헛나이.

헛나 묵다헛나 묵다 (관용어) 나이를 헛먹다. 나잇값을 못하는 것을 말함.

헛땀 (명사) 식은땀.

헛뿔리 (부사) 섣불리.

헛뿔리하다 (동사) 낭비하다. 섣불리하다.

헛시사 (감탄사) 고수레를 할 때 내는 소리.

헛지침 (명사) 헛기침.

헛짐 (명사) 헛김.

헛짐 새다 (관용어) 김이 딴 데로 새다는 말로, 일에 실패하여 기운이 꺾임을 비유하여 이르는 말.

헛텍 (명사) 헛턱 : 공연히 내는 턱. 또는 실상이 없는 빈 턱.

헝감 (명사) 엄살.

헝감지이다 (동사) 엄살부리다.

헝거풀 (명사) 헝겊.

헝겁떼이 (명사) 헝겊조각.

헝겁쪼가리 (명사) 헝겊조각.

헝크리다 (동사) 흩트리다.

헝클방클 (부사) 뒤헝클어진 모양.

헤가리 (명사) 엇셈 : 서로 주고받을 것을 비겨 없애는 셈.

헤가리하다 (동사) 엇셈하다. 회감(會減)하다.

헤갈징[--찡]/헤깔징 (명사) 기갈증.

헤갑 (명사) 회갑(回甲).

헤굴다 (동사) 벼르다.

헤깐① (명사) ‘간(肝)’을 속되게 이르는 말.

헤깐② (명사) 회(膾)깟 : 소의 간, 처녑, 콩팥 등을 잘게 썰고 온갖 양념을 하여 만든 회.

헤꿀 (명사) ‘가래’를 비유적으로 이르는 말.

헤네끼 (부사) 빨리. 재빨리. 곧바로. 휑하니.

헤늉 (명사) 시늉.

헤늉내다헤늉내다 (동사) 시늉내다.

헤닢푸지 (명사) 세닢푼.

헤띠기/헤띠이 (명사) 호드기. 버들피리 : 봄철에 물오른 버드나무 가지의 껍질을 고루 비틀어 뽑은 껍질이나, 짤막한 밀짚 토막 따위로 만든 피리.

헤면 (관형사) 후미진 : 아주 구석지고 으슥한.

헤묵다 (동사) 남의 허물을 들추어 말하다.

헤미지다 (형용사) 후미지다.

헤방 (명사) 훼방.

헤변하다 (형용사) 희번하다 : 동이 터서 허연 햇살이 약간 비쳐서 조금 훤하다.

헤비다 (동사) 하비다. 후비다. 호비다. 

헤비파다 (동사) 후비파다. 호비어 파다.

헤뿌다 (형용사) 헤프다.

헤시다 (동사) 파헤치다.

헤오리바람 (명사) 회오리바람.

헤우다 (동사) 헹구다.

헤이다 (동사) 헤지다.

헤:지다 (동사) 헤어지다.

헤지다 (동사) 헤적이다. 헤집다.

헤차리 (명사) 회초리.",2021-12-10 00:00:00,110,미부착,제1유형,무,,행토부리다 ~ 헤차리,,어문,음성,"행토부리다 (동사) 행티부리다.

행토지기다 (동사) 행티부리다.

허걸없이 (부사) 하릴없이 : 1. 달리 어떻게 할 없이. 2. 조금도 틀림이 없이.

허걸징 (명사) 허기증.

허꺼무/허꺼시/허째비 (명사) 허깨비.

허꺼무 잡는다 (관용어) 허깨비를 잡는다는 말로, 없는 데 있는 것처럼 실제와 다르게 일을 꾸미는 것을 이르는 말. 

허내 (명사) 험담.

허덕구 (명사) 허덕이는 사람을 낮잡아 이르는 말.

허덜 (명사) 엄살.

허덜감/허덜갑 (명사) 호들갑. 엄살.

허덜갑시럽다 (형용사) 호들갑스럽다.

허덜시럽다 (형용사) 허풍스럽다.

허덜갑지이다 (동사) 호들갑떨다.

허덜지기다 (동사) 엄살부리다.

허딕이다 (동사) 허덕이다.

허따 (감탄사) 어따.

허러껀 (명사) 허리끈.

허룸하다 (형용사) 허름하다.

허물허물 (부사) 흐물흐물.

허벌쭘하다 (형용사) 헤벌쭉하다.

허북구디 (명사) 허방 : 땅바닥이 움푹 패어 빠지기 쉬운 구덩이. 수렁.

허북다리 (명사) 허벅다리. 넓적다리.

허북지 (명사) 허벅지.

허불① (명사) 허물 : 살갗에서 저절로 일어나는 꺼풀.

허불② (명사) 허울 : 실속이 없는 겉모양.

허불지 (명사) 허벅지.

허빵이다 (형용사) 바라던 일이 실패로 돌아가거나 미덥지 않음.

허빵짚다 (동사) 허방짚다. 허탕짚다.

허빵치다 (동사) 허방치다. 허탕치다.

허뻑 (부사) 듬뿍.

허뿍 (부사) 실컷.

허산파산 (명사) 돈이나 시간을 헛되이 써 버림.

허새비 (명사) 허수아비.

허에지다 (동사) 허예지다.

허우대 (명사) 허위대 : 겉으로 드러난 체격. 주로 크거나 보기 좋은 체격을 이른다.

허째비 (명사) 허깨비.

허:참 (감탄사) 그거참.

허축하다 (형용사) 허출하다 : 허기가 지고 출출하다.

허치다 (동사) 흩어지게 하다.

허트로 (부사) 허투루.

허패 (명사) 허파.

허퍼삼아 (부사) 헛일삼아.

허풍재이 (명사) 허풍선이. 허풍쟁이.

흑구데이 (명사) 흙구덩이.

헌단 (명사) 험담 : 남의 흠을 들추어 헐뜯음. 또는 그런 말.

헌단하다 (동사) 헐뜯다.

헌두디기 (명사) 누더기.

헌두디 (명사) 누더기.

헌디 (명사) 헌데 : 살갗이 헐어서 상한 자리.

헌버꾸 (명사) 엉겅퀴.

헌 생이틀 겉다 (속담) 사람의 시체를 실어서 묘지까지 나르는 헌 상여 같다는 말로, 연로하여 쇠약한 늙은이를 비유적으로 이르는 말.

헌출하다 (형용사) 훤칠하다.

헐떡 (부사) 훨떡 : 아주 남김없이 시원스럽게 벗거나 벗어진 모양. 

헐띠 (명사) 허리띠.
헐띠이다 (동사) 헐떡이다.

헐미 (명사) 부스럼. ¶ 이마에 헐미가 났다.(=이마에 부스럼이 났다.)

헐썩 (부사) 훨씬.

헐하다 (형용사) 헐겁다.

헗다 (형용사) (값이) 싸다.

헙쓸다 (동사) 휩쓸다.

헙쓸리다 (동사) 휩쓸리다.

헙씬 (부사) 흠씬. 충분히.

헛거무 (명사) 허깨비. 헛거미 : 굶어서 기운이 없을 때에 눈앞에 생기는, 거미줄 같은 뿌연 줄.

헛거시 (명사) 허깨비.

헛기(←헛것이) (명사)+(조사) 허깨비가.

헛까데이 (명사) 헛간. 까대기. 헛간채.

헛나 (명사) 헛나이.

헛나 묵다헛나 묵다 (관용어) 나이를 헛먹다. 나잇값을 못하는 것을 말함.

헛땀 (명사) 식은땀.

헛뿔리 (부사) 섣불리.

헛뿔리하다 (동사) 낭비하다. 섣불리하다.

헛시사 (감탄사) 고수레를 할 때 내는 소리.

헛지침 (명사) 헛기침.

헛짐 (명사) 헛김.

헛짐 새다 (관용어) 김이 딴 데로 새다는 말로, 일에 실패하여 기운이 꺾임을 비유하여 이르는 말.

헛텍 (명사) 헛턱 : 공연히 내는 턱. 또는 실상이 없는 빈 턱.

헝감 (명사) 엄살.

헝감지이다 (동사) 엄살부리다.

헝거풀 (명사) 헝겊.

헝겁떼이 (명사) 헝겊조각.

헝겁쪼가리 (명사) 헝겊조각.

헝크리다 (동사) 흩트리다.

헝클방클 (부사) 뒤헝클어진 모양.

헤가리 (명사) 엇셈 : 서로 주고받을 것을 비겨 없애는 셈.

헤가리하다 (동사) 엇셈하다. 회감(會減)하다.

헤갈징[--찡]/헤깔징 (명사) 기갈증.

헤갑 (명사) 회갑(回甲).

헤굴다 (동사) 벼르다.

헤깐① (명사) ‘간(肝)’을 속되게 이르는 말.

헤깐② (명사) 회(膾)깟 : 소의 간, 처녑, 콩팥 등을 잘게 썰고 온갖 양념을 하여 만든 회.

헤꿀 (명사) ‘가래’를 비유적으로 이르는 말.

헤네끼 (부사) 빨리. 재빨리. 곧바로. 휑하니.

헤늉 (명사) 시늉.

헤늉내다헤늉내다 (동사) 시늉내다.

헤닢푸지 (명사) 세닢푼.

헤띠기/헤띠이 (명사) 호드기. 버들피리 : 봄철에 물오른 버드나무 가지의 껍질을 고루 비틀어 뽑은 껍질이나, 짤막한 밀짚 토막 따위로 만든 피리.

헤면 (관형사) 후미진 : 아주 구석지고 으슥한.

헤묵다 (동사) 남의 허물을 들추어 말하다.

헤미지다 (형용사) 후미지다.

헤방 (명사) 훼방.

헤변하다 (형용사) 희번하다 : 동이 터서 허연 햇살이 약간 비쳐서 조금 훤하다.

헤비다 (동사) 하비다. 후비다. 호비다. 

헤비파다 (동사) 후비파다. 호비어 파다.

헤뿌다 (형용사) 헤프다.

헤시다 (동사) 파헤치다.

헤오리바람 (명사) 회오리바람.

헤우다 (동사) 헹구다.

헤이다 (동사) 헤지다.

헤:지다 (동사) 헤어지다.

헤지다 (동사) 헤적이다. 헤집다.

헤차리 (명사) 회초리.",사투리,한국어,,2021-12-10 00:00:00,저작물양도계약서,진주시청,,,,제1유형,저작물,보호저작물,○,상업적이용가능,○,○,○,○,○,○,○,,2091-12-10 00:00:00,,
95,오디오,가이드/안내/정보,진주시청,진주시청,HOME > 진주소개 > 기본현황 > 진주 사투리 사전 > ㅎ,헤치 ~ 후꾼후꾼,"헤치 (명사) 회취(會聚) : 마을 단위로 이루어지는 야유회의 한 형태. 주로 봄에 경치 좋은 강이나 냇가 등지에서 화합을 목적으로, 동네 사람들끼리 음식을 나누며 가무를 즐기면서 행해졌던 놀이.

헤치하다 (동사) 화류놀이를 하거나 뜻이 맞는 사람끼리 모여서 놀다. 

헤푸다 (형용사) 헤프다.

헤피씨다 (동사) 헤프게 쓰다.

헹 (명사) 형. ¶ 헹님아.(=형님아.)

호가 나다 (관용어) 소문이 나다. 이름이 널리 알려지다.

호돌갑시럽다 (형용사) 호도깝스럽다 : 말이나 행동이 조급하고 경망스러운 데가 있다.

호들티리/홀티리 (부사) 깨끗이. 모조리.

호랑호랑 (부사) 호락호락.

호래기① (명사) 꼴뚜기.

호래기② (명사) 호루라기.

호:래이 (명사) 호랑이.

호로딱딱하다 (동사) 홀딱홀딱하다.

호로딱딱 (부사) 홀딱홀딱.

호로뺑빼이다 (형용사) (무엇에 비하면) 아무것도 아니다.

호로새끼 (명사) 호래자식, 후레자식 : 배운 데 없이 제풀로 막되게 자라 교양이나 버릇이 없는 사람을 낮잡아 이르는 말.

호로자석 (명사) 호래자식. 후래자식.

호르래기 (명사) 호루라기.

호리낭창하다 (형용사) 호리호리하다. 몸이 길고 가늘어 탄력이 있다.

호매이/호맹이 (명사) 호미.

호박 (명사) 확 : 방아확, 절구의 아가리로부터 밑바닥까지의 부분.

호박돌 (명사) 돌확 : 돌로 만든 절구.

호박우거리/호박우구리 (명사) 호박고지 : 애호박을 얇게 썰어 말린 찬거리.

호박우리 (명사) 호박고지.

호부 (부사) 고작. 기껏해야. 홑.

호부레미/홀에미 (명사) 홀(어미).

호부래비/홀애비 (명사) 홀아비.

호부 이기가 (관용어) 고작 이것이냐. 기껏 이것뿐이냐.

호빡 (부사) 함씬 : 물에 폭 젖은 모양.

호시 (명사) 나무줄기나 그네. 시소 따위를 타는 놀이.

호시다 (형용사) 늘어진 나무줄기나 자동차, 그네, 시소 따위의 놀이 기구에 올라타고 흔들릴 때 짜릿한 기분을 느끼다.

호시타다 (동사) 늘어진 나무줄기나 그네, 시소 따위를 타고 흔들며 놀다.

호욕 (부사) 혹, 혹시(或是) : 그럴 리는 없지만 만일에. 혹여(或如). 혹자(或者).

호우다 (동사) 휘다 : 꼿꼿하던 물체가 구부러지다. 또는 그 물체를 구부리다.

호작질 (명사) 손짭손 : 좀스럽고 얄망궂은 손장난.

호작호작 (부사) 해작해작.

호장 (명사) 회장(回裝) : 여자 저고리의 깃, 끝동, 고름 따위에 대어 꾸미는 색깔 있는 헝겊. 또는 그런 꾸밈새.

호주머이/호주무이 (명사) 호주머니.

호창 (명사) 홑청 : 요나 이불 따위의 겉에 씌우는 홑겹으로 된 껍데기.

혹가다 (부사) 가끔. 간혹.

혹간 (부사) 간혹. 더러.

혹수 (명사) 획수(劃數) : 글씨에서 획의 수효.

혹신가다 (부사) 가끔. 간혹.

혹재이 (명사) 혹부리 : 얼굴이나 목에 혹이 달린 사람을 놀림조로 이르는 말.

혼달음 (명사) 혼쭐.

혼달음하다 (동사) 혼쭐나다.

혼차/혼채 (명사) 혼자.

혼채서 (부사) 혼자서.

홀가지[-까-] (명사) 올가미.

홀개미 (명사) 올가미.

홀개이/홀갱이 (명사) 올가미.

홀기다[-끼-] (동사) 호리다.

홀까매다 (동사) 맞걸어 꿰매다.

홀깨 (명사) 벼훑이.

홀끼다 (동사) 홀치다 : 풀리지 않도록 단단히 동여매다. 

홀랑가지 (명사) 올무.

홀랑개 (명사) 올무.

홀매치다 (동사) 홀맺다.

홀모가지 (명사) 손모가지.

홀목 (명사) 손목.

홀목을 잡고 낙로를 하다 (속담) 팔목을 잡고 낙루(落淚)하다. 이별의 슬픔을 나타내는 말.

홀빡/홀빵 (명사) 송두리째. 흠뻑.

홀애비 (명사) 홀아비.

홀에미 (명사) 홀(어미).

홀쪽 (부사) 홀쭉.

홀쪽하다 (형용사) 홀쭉하다.

홀치 (명사) 그네 : 벼를 훑는 데 쓰던 농기구. 길고 두툼한 나무의 앞뒤에 네 개의 다리를 달아 떠받치게 하고 몸에 빗살처럼 날이 촘촘한 쇠틀을 끼운 것이다. 

홀키매다 (동사) 홀쳐매다.

홀키이↑다 (동사) 홀리다 : 무엇의 유혹에 빠져 정신을 차리지 못하다 / 못하게 하다.

홀티리 (부사) 깨끗이. 모조리.

홅다 (동사) (활용 : 홅는다, 홅아라) 핥다. ¶ 그륵꺼정 홅는 거 보이 배가 마이 고픈가베.(=그릇까지 핥는 것을 보니 배가 많이 고픈가 보다.)

홅아묵다 (동사) 핥아먹다. ¶ 접시기에 있는 꿀 다 홅아무우라.(=접시에 있는 꿀 다 핥아먹어라.)

홈빡 (부사) 함빡. 함씬.

홈태이 (명사) 홈타기 : 옴폭하게 팬 자리나 갈라진 곳.

홍가매다 (동사) 호다 : 헝겊을 겹쳐 바늘땀을 성기게 꿰매다.

홍디깨 (명사) 홍두깨.

홍시내 (명사) 술을 마신 사람에게 나오는 냄새를 비유적으로 이르는 말.

홍자 (명사) 횡재(橫財) : 뜻밖에 재물을 얻음. 또는 그 재물.

홍재 (명사) 횡재(橫財).

홍재 만나다  (관용어) ‘횡재를 만나다’는 말로 뜻밖에 재물을 얻거나 생기는 일을 말함.

홑껍디이 (명사) 홑옷.

홑때기 (명사) 홑이불.

홑때이 (명사) 홑이불.

화그륵 (명사) 사기그릇.

화근내 (명사) 탄내 : 어떤 것이 타서 나는 냄새.

화닥때이 (명사) ’화투치기’를 속되게 이르는 말.

화닥징/화딱징 (명사) 갑자기 성이 나거나 조급해져 열이 오르고 화끈거리며 갑갑하게 느껴지는 증세.

화닥화닥 (부사) 화끈화끈.

화닥화닥하다 (동사) 화끈화끈하다.

화덕내 (명사) 화독내 : 음식 따위가 눋다가 타게 되어 나는 냄새.

화래이/화랭이 (명사) 화랑이 : 남자 무당.

화리 (명사) 화로.

화릿불 (명사) 화롯불.

화장년 (명사) 화냥년.

화젓가락 (명사) 부젓가락.

화토 (명사) 화투.

홧짐 (명사) 홧김.

황이다 (동사) 1. 골패 따위에서 황을 잡다. 2. 계획한 일이 뜻대로 되지 않거나, 뜻밖의 일로 낭패를 보다.

황칠 (명사) 환칠 : 되는대로 얼룩덜룩하게 칠함. 또는 그런 칠.

후꾼하다 (형용사) 후끈하다.

후꾼후꾼 (부사) 후끈후끈.",2021-12-10 00:00:00,101,미부착,제1유형,무,,헤치 ~ 후꾼후꾼,,어문,음성,"헤치 (명사) 회취(會聚) : 마을 단위로 이루어지는 야유회의 한 형태. 주로 봄에 경치 좋은 강이나 냇가 등지에서 화합을 목적으로, 동네 사람들끼리 음식을 나누며 가무를 즐기면서 행해졌던 놀이.

헤치하다 (동사) 화류놀이를 하거나 뜻이 맞는 사람끼리 모여서 놀다. 

헤푸다 (형용사) 헤프다.

헤피씨다 (동사) 헤프게 쓰다.

헹 (명사) 형. ¶ 헹님아.(=형님아.)

호가 나다 (관용어) 소문이 나다. 이름이 널리 알려지다.

호돌갑시럽다 (형용사) 호도깝스럽다 : 말이나 행동이 조급하고 경망스러운 데가 있다.

호들티리/홀티리 (부사) 깨끗이. 모조리.

호랑호랑 (부사) 호락호락.

호래기① (명사) 꼴뚜기.

호래기② (명사) 호루라기.

호:래이 (명사) 호랑이.

호로딱딱하다 (동사) 홀딱홀딱하다.

호로딱딱 (부사) 홀딱홀딱.

호로뺑빼이다 (형용사) (무엇에 비하면) 아무것도 아니다.

호로새끼 (명사) 호래자식, 후레자식 : 배운 데 없이 제풀로 막되게 자라 교양이나 버릇이 없는 사람을 낮잡아 이르는 말.

호로자석 (명사) 호래자식. 후래자식.

호르래기 (명사) 호루라기.

호리낭창하다 (형용사) 호리호리하다. 몸이 길고 가늘어 탄력이 있다.

호매이/호맹이 (명사) 호미.

호박 (명사) 확 : 방아확, 절구의 아가리로부터 밑바닥까지의 부분.

호박돌 (명사) 돌확 : 돌로 만든 절구.

호박우거리/호박우구리 (명사) 호박고지 : 애호박을 얇게 썰어 말린 찬거리.

호박우리 (명사) 호박고지.

호부 (부사) 고작. 기껏해야. 홑.

호부레미/홀에미 (명사) 홀(어미).

호부래비/홀애비 (명사) 홀아비.

호부 이기가 (관용어) 고작 이것이냐. 기껏 이것뿐이냐.

호빡 (부사) 함씬 : 물에 폭 젖은 모양.

호시 (명사) 나무줄기나 그네. 시소 따위를 타는 놀이.

호시다 (형용사) 늘어진 나무줄기나 자동차, 그네, 시소 따위의 놀이 기구에 올라타고 흔들릴 때 짜릿한 기분을 느끼다.

호시타다 (동사) 늘어진 나무줄기나 그네, 시소 따위를 타고 흔들며 놀다.

호욕 (부사) 혹, 혹시(或是) : 그럴 리는 없지만 만일에. 혹여(或如). 혹자(或者).

호우다 (동사) 휘다 : 꼿꼿하던 물체가 구부러지다. 또는 그 물체를 구부리다.

호작질 (명사) 손짭손 : 좀스럽고 얄망궂은 손장난.

호작호작 (부사) 해작해작.

호장 (명사) 회장(回裝) : 여자 저고리의 깃, 끝동, 고름 따위에 대어 꾸미는 색깔 있는 헝겊. 또는 그런 꾸밈새.

호주머이/호주무이 (명사) 호주머니.

호창 (명사) 홑청 : 요나 이불 따위의 겉에 씌우는 홑겹으로 된 껍데기.

혹가다 (부사) 가끔. 간혹.

혹간 (부사) 간혹. 더러.

혹수 (명사) 획수(劃數) : 글씨에서 획의 수효.

혹신가다 (부사) 가끔. 간혹.

혹재이 (명사) 혹부리 : 얼굴이나 목에 혹이 달린 사람을 놀림조로 이르는 말.

혼달음 (명사) 혼쭐.

혼달음하다 (동사) 혼쭐나다.

혼차/혼채 (명사) 혼자.

혼채서 (부사) 혼자서.

홀가지[-까-] (명사) 올가미.

홀개미 (명사) 올가미.

홀개이/홀갱이 (명사) 올가미.

홀기다[-끼-] (동사) 호리다.

홀까매다 (동사) 맞걸어 꿰매다.

홀깨 (명사) 벼훑이.

홀끼다 (동사) 홀치다 : 풀리지 않도록 단단히 동여매다. 

홀랑가지 (명사) 올무.

홀랑개 (명사) 올무.

홀매치다 (동사) 홀맺다.

홀모가지 (명사) 손모가지.

홀목 (명사) 손목.

홀목을 잡고 낙로를 하다 (속담) 팔목을 잡고 낙루(落淚)하다. 이별의 슬픔을 나타내는 말.

홀빡/홀빵 (명사) 송두리째. 흠뻑.

홀애비 (명사) 홀아비.

홀에미 (명사) 홀(어미).

홀쪽 (부사) 홀쭉.

홀쪽하다 (형용사) 홀쭉하다.

홀치 (명사) 그네 : 벼를 훑는 데 쓰던 농기구. 길고 두툼한 나무의 앞뒤에 네 개의 다리를 달아 떠받치게 하고 몸에 빗살처럼 날이 촘촘한 쇠틀을 끼운 것이다. 

홀키매다 (동사) 홀쳐매다.

홀키이↑다 (동사) 홀리다 : 무엇의 유혹에 빠져 정신을 차리지 못하다 / 못하게 하다.

홀티리 (부사) 깨끗이. 모조리.

홅다 (동사) (활용 : 홅는다, 홅아라) 핥다. ¶ 그륵꺼정 홅는 거 보이 배가 마이 고픈가베.(=그릇까지 핥는 것을 보니 배가 많이 고픈가 보다.)

홅아묵다 (동사) 핥아먹다. ¶ 접시기에 있는 꿀 다 홅아무우라.(=접시에 있는 꿀 다 핥아먹어라.)

홈빡 (부사) 함빡. 함씬.

홈태이 (명사) 홈타기 : 옴폭하게 팬 자리나 갈라진 곳.

홍가매다 (동사) 호다 : 헝겊을 겹쳐 바늘땀을 성기게 꿰매다.

홍디깨 (명사) 홍두깨.

홍시내 (명사) 술을 마신 사람에게 나오는 냄새를 비유적으로 이르는 말.

홍자 (명사) 횡재(橫財) : 뜻밖에 재물을 얻음. 또는 그 재물.

홍재 (명사) 횡재(橫財).

홍재 만나다  (관용어) ‘횡재를 만나다’는 말로 뜻밖에 재물을 얻거나 생기는 일을 말함.

홑껍디이 (명사) 홑옷.

홑때기 (명사) 홑이불.

홑때이 (명사) 홑이불.

화그륵 (명사) 사기그릇.

화근내 (명사) 탄내 : 어떤 것이 타서 나는 냄새.

화닥때이 (명사) ’화투치기’를 속되게 이르는 말.

화닥징/화딱징 (명사) 갑자기 성이 나거나 조급해져 열이 오르고 화끈거리며 갑갑하게 느껴지는 증세.

화닥화닥 (부사) 화끈화끈.

화닥화닥하다 (동사) 화끈화끈하다.

화덕내 (명사) 화독내 : 음식 따위가 눋다가 타게 되어 나는 냄새.

화래이/화랭이 (명사) 화랑이 : 남자 무당.

화리 (명사) 화로.

화릿불 (명사) 화롯불.

화장년 (명사) 화냥년.

화젓가락 (명사) 부젓가락.

화토 (명사) 화투.

홧짐 (명사) 홧김.

황이다 (동사) 1. 골패 따위에서 황을 잡다. 2. 계획한 일이 뜻대로 되지 않거나, 뜻밖의 일로 낭패를 보다.

황칠 (명사) 환칠 : 되는대로 얼룩덜룩하게 칠함. 또는 그런 칠.

후꾼하다 (형용사) 후끈하다.

후꾼후꾼 (부사) 후끈후끈.",사투리,한국어,,2021-12-10 00:00:00,저작물양도계약서,진주시청,,,,제1유형,저작물,보호저작물,○,상업적이용가능,○,○,○,○,○,○,○,,2091-12-10 00:00:00,,
96,오디오,가이드/안내/정보,진주시청,진주시청,HOME > 진주소개 > 기본현황 > 진주 사투리 사전 > ㅎ,후다 ~ 힌창,"후다 (동사) 휘다.

후덖다 (동사) 쫓다.

후덖아내다/후둒아내다 (동사) 쫓아내다.

후둒다 (동사) 쫓다.

후둒아내다 (동사) 쫓아내다.

후드끼다/후디끼다 (동사) 쫒기다.

후럭/후룩 (명사) 후래(後來) : 장차 오게 되는 앞날.

후럭이 있다 (관용어) 후래(後來)가 좋다.

후런치/후럼치 (명사) 후렴잔치 : 옛날에 동제(洞祭)를 치른 다음 날 동제에 사용한 제물을 나누어 먹으며 즐기고, 마을 회의를 연 데서 유래한 말.

후룸하다 (형용사) 냄새가 좀 구린 듯하다.

후리이다① (동사) 후림을 당하다 : 남을 꾀어 후리는 일. 또는 그런 솜씨나 수단을 당하다. 

후리이다② (동사) 지치다 : 기운이 빠지고 쇠하여지다.

후발치 (명사) 사물의 끝부분.

후빨 (명사) ‘뒷날’, ‘후일’을 속되게 이르는 말. ¶ 니 그래 바야 후빨없때이.

후빨없다 (동사) 뒷날을 기약할 수 없다.

후뻑 (부사) 흠뻑 : 몹시 젖은 모양.

후뿐 (명사) 후번(後番) : 뒤에 오는 때나 차례. 다음.

후아잡다 (동사) 휘어잡다.

후아지다 (동사) 구부러지다.

후우다 (동사) 구부리다.

후재 (명사) 훗날. 뒷날.

후지 (명사) 휴지.

후차내다 (동사) 내쫓다.

훌기다① (동사) 훔치다. 물기나 때 따위가 묻은 것을 닦아 말끔하게 하다. 

훌기다② (동사) 몰다. 쫒아내다.

훌랑기리다 (동사) 풀렁거리다.

훌빈하다 (동사) 텅 비다.

훌치다 (동사) 1. 그러모아 독차지하다. ¶ 노름판에서 돈을 모두 훌쳤다(=독차지했다). 2. 쓸고 지나가다. ¶ 태풍이 논을 훌치고(=휩쓸고) 지나가 피해가 막심하다. 3. 남의 물건을 훔치거나 빼앗다.

훌치이/훌칭이 (명사) 따비. 극쟁이 : 땅을 가는 데 쓰는 농기구, 쟁기와 비슷하나 쟁깃술이 곧게 내려가고 보습 끝이 무디다.

훌치이질/훌칭이질 (명사) 극쟁이질.

훛다 (동사) 쫓다. ¶ 글마 좀 훛아 삐라.(=그놈 좀 쫓아 버려라.)

훛아가다 (동사) 쫓아가다.

훛아내다 (동사) 쫓아내다. ¶ 늦가 오는 아:들은 모두 훛아내라.(=늦게 오는 애들은 모두 쫓아내라.)

훛아오다 (동사) 쫓아오다.

흐리다 (동사) (물이) 흐르다.

흐이 (부사) 흔히.

흐하다 (형용사) 하얗다.

흑 (명사) 흙. ¶ 딧산 흑은 불그스름하네.(=뒷산 흙은 불그스름하네.)

흑구디 (명사) 흙구덩이.

흑구디이 (명사) 흙구덩이.

흑덩거리 (명사) 흙덩이.

흑딩이/흑떼이 (명사) 흙덩이.

흑무디 (명사) 흙무더기.

흑무디이 (명사) 흙무더기.

흑손 (명사) 흙손.

흑칠갑 (명사) 흙투성이.

흑칼 (명사) 흙손.

흑테베이 (명사) 흙더버기 : 튀어 올라붙은 여러 개의 작은 진흙 방울.

흔감시럽다① (형용사) 흥감스럽다 : 넌덜스러운 말로 실지보다 지나치게 떠벌리는 태도가 있다.

흔감시럽다② (형용사) 기쁘게 여기어 감동하는 태도가 있다.

흔단 (명사) 흠담(欠談) : 남의 흠을 헐뜯어 험상궂게 말함. 또는 그런 말.

흔단하다 (동사) 흠담하다.

흘껌흘껌 (부사) 핼긋핼긋. 핼끔핼끔. 흘깃흘깃. 흘끔흘끔.

흡상 (부사) 흡사 : 거의 같을 정도로 비슷한 모양.

흥더꾸 (명사) 엉겅퀴.

흩이다 (동사) 씨를 뿌리다. 파종하다.

히깨/히끼 (명사) 휘파람. ¶ 히깨 부는 소리가 들린다.(=휘파람 부는 소리가 들린다.)

히끈들다 (동사) 바로 들어 올리다.

히끈히끈 (부사) 히끗히끗.

히끗 (부사) 흘금. 흘끔 : 곁눈으로 슬그머니 한 번 흘겨보는 모양.

히다 (형용사) 희다.

히떡 (부사) 희뜩. 휘딱

히뜨다 (동사) 흡뜨다 : 눈알을 위로 굴리고 눈시울을 위로 치뜨다.

히마리 (명사) ’힘’을 속되게 이르는 말.

히마리없다 (형용사) 힘이 없다.

히먹썩하다 (형용사) 흐리멍덩하다.

히민에 (부사) 후미진 : 아주 구석지고 으슥한.

히붐하다 (형용사) 희붐하다 : 날이 새려고 빛이 희미하게 감돌아 밝은 듯하다.

히비다 (동사) 후비다. 호비다.

히비파다 (동사) 후벼파다.

히빠람 (명사) 휘파람.

히수 (명사) 멍청이.

히시다 (동사) 헤치다.

히아리다 (동사) 헤아리다.

히엄/히염 (명사) 헤염.

히우다① (동사) 휘다. 

히우다② (동사) 헹구다. ¶ 빨래를 히우다. / 그릇을 히우다. 

히이지다 (동사) 휘지다 : 무엇에 시달리어 기운이 빠지다.

히지다 (동사) 헤적이다. 후비다.

힌구름 (명사) 흰구름.

힌동자 (명사) 흰자위.

힌디이 (명사) 흰둥이. 백인.

힌떡 (명사) 흰떡.

힌조시 (명사) (달걀) 흰자위.

힌창 (명사) (눈) 흰자위.",2021-12-10 00:00:00,86,미부착,제1유형,무,,후다 ~ 힌창,,어문,음성,"후다 (동사) 휘다.

후덖다 (동사) 쫓다.

후덖아내다/후둒아내다 (동사) 쫓아내다.

후둒다 (동사) 쫓다.

후둒아내다 (동사) 쫓아내다.

후드끼다/후디끼다 (동사) 쫒기다.

후럭/후룩 (명사) 후래(後來) : 장차 오게 되는 앞날.

후럭이 있다 (관용어) 후래(後來)가 좋다.

후런치/후럼치 (명사) 후렴잔치 : 옛날에 동제(洞祭)를 치른 다음 날 동제에 사용한 제물을 나누어 먹으며 즐기고, 마을 회의를 연 데서 유래한 말.

후룸하다 (형용사) 냄새가 좀 구린 듯하다.

후리이다① (동사) 후림을 당하다 : 남을 꾀어 후리는 일. 또는 그런 솜씨나 수단을 당하다. 

후리이다② (동사) 지치다 : 기운이 빠지고 쇠하여지다.

후발치 (명사) 사물의 끝부분.

후빨 (명사) ‘뒷날’, ‘후일’을 속되게 이르는 말. ¶ 니 그래 바야 후빨없때이.

후빨없다 (동사) 뒷날을 기약할 수 없다.

후뻑 (부사) 흠뻑 : 몹시 젖은 모양.

후뿐 (명사) 후번(後番) : 뒤에 오는 때나 차례. 다음.

후아잡다 (동사) 휘어잡다.

후아지다 (동사) 구부러지다.

후우다 (동사) 구부리다.

후재 (명사) 훗날. 뒷날.

후지 (명사) 휴지.

후차내다 (동사) 내쫓다.

훌기다① (동사) 훔치다. 물기나 때 따위가 묻은 것을 닦아 말끔하게 하다. 

훌기다② (동사) 몰다. 쫒아내다.

훌랑기리다 (동사) 풀렁거리다.

훌빈하다 (동사) 텅 비다.

훌치다 (동사) 1. 그러모아 독차지하다. ¶ 노름판에서 돈을 모두 훌쳤다(=독차지했다). 2. 쓸고 지나가다. ¶ 태풍이 논을 훌치고(=휩쓸고) 지나가 피해가 막심하다. 3. 남의 물건을 훔치거나 빼앗다.

훌치이/훌칭이 (명사) 따비. 극쟁이 : 땅을 가는 데 쓰는 농기구, 쟁기와 비슷하나 쟁깃술이 곧게 내려가고 보습 끝이 무디다.

훌치이질/훌칭이질 (명사) 극쟁이질.

훛다 (동사) 쫓다. ¶ 글마 좀 훛아 삐라.(=그놈 좀 쫓아 버려라.)

훛아가다 (동사) 쫓아가다.

훛아내다 (동사) 쫓아내다. ¶ 늦가 오는 아:들은 모두 훛아내라.(=늦게 오는 애들은 모두 쫓아내라.)

훛아오다 (동사) 쫓아오다.

흐리다 (동사) (물이) 흐르다.

흐이 (부사) 흔히.

흐하다 (형용사) 하얗다.

흑 (명사) 흙. ¶ 딧산 흑은 불그스름하네.(=뒷산 흙은 불그스름하네.)

흑구디 (명사) 흙구덩이.

흑구디이 (명사) 흙구덩이.

흑덩거리 (명사) 흙덩이.

흑딩이/흑떼이 (명사) 흙덩이.

흑무디 (명사) 흙무더기.

흑무디이 (명사) 흙무더기.

흑손 (명사) 흙손.

흑칠갑 (명사) 흙투성이.

흑칼 (명사) 흙손.

흑테베이 (명사) 흙더버기 : 튀어 올라붙은 여러 개의 작은 진흙 방울.

흔감시럽다① (형용사) 흥감스럽다 : 넌덜스러운 말로 실지보다 지나치게 떠벌리는 태도가 있다.

흔감시럽다② (형용사) 기쁘게 여기어 감동하는 태도가 있다.

흔단 (명사) 흠담(欠談) : 남의 흠을 헐뜯어 험상궂게 말함. 또는 그런 말.

흔단하다 (동사) 흠담하다.

흘껌흘껌 (부사) 핼긋핼긋. 핼끔핼끔. 흘깃흘깃. 흘끔흘끔.

흡상 (부사) 흡사 : 거의 같을 정도로 비슷한 모양.

흥더꾸 (명사) 엉겅퀴.

흩이다 (동사) 씨를 뿌리다. 파종하다.

히깨/히끼 (명사) 휘파람. ¶ 히깨 부는 소리가 들린다.(=휘파람 부는 소리가 들린다.)

히끈들다 (동사) 바로 들어 올리다.

히끈히끈 (부사) 히끗히끗.

히끗 (부사) 흘금. 흘끔 : 곁눈으로 슬그머니 한 번 흘겨보는 모양.

히다 (형용사) 희다.

히떡 (부사) 희뜩. 휘딱

히뜨다 (동사) 흡뜨다 : 눈알을 위로 굴리고 눈시울을 위로 치뜨다.

히마리 (명사) ’힘’을 속되게 이르는 말.

히마리없다 (형용사) 힘이 없다.

히먹썩하다 (형용사) 흐리멍덩하다.

히민에 (부사) 후미진 : 아주 구석지고 으슥한.

히붐하다 (형용사) 희붐하다 : 날이 새려고 빛이 희미하게 감돌아 밝은 듯하다.

히비다 (동사) 후비다. 호비다.

히비파다 (동사) 후벼파다.

히빠람 (명사) 휘파람.

히수 (명사) 멍청이.

히시다 (동사) 헤치다.

히아리다 (동사) 헤아리다.

히엄/히염 (명사) 헤염.

히우다① (동사) 휘다. 

히우다② (동사) 헹구다. ¶ 빨래를 히우다. / 그릇을 히우다. 

히이지다 (동사) 휘지다 : 무엇에 시달리어 기운이 빠지다.

히지다 (동사) 헤적이다. 후비다.

힌구름 (명사) 흰구름.

힌동자 (명사) 흰자위.

힌디이 (명사) 흰둥이. 백인.

힌떡 (명사) 흰떡.

힌조시 (명사) (달걀) 흰자위.

힌창 (명사) (눈) 흰자위.",사투리,한국어,,2021-12-10 00:00:00,저작물양도계약서,진주시청,,,,제1유형,저작물,보호저작물,○,상업적이용가능,○,○,○,○,○,○,○,,2091-12-10 00:00:00,,
