Unnamed: 0,Unnamed: 1,Unnamed: 2,Unnamed: 3,Unnamed: 4,Unnamed: 5,Unnamed: 6,Unnamed: 7,Unnamed: 8,Unnamed: 9,Unnamed: 10,Unnamed: 11,Unnamed: 12,Unnamed: 13,Unnamed: 14,Unnamed: 15,Unnamed: 16,Unnamed: 17,Unnamed: 18,Unnamed: 19,Unnamed: 20,Unnamed: 21,Unnamed: 22,Unnamed: 23,Unnamed: 24,Unnamed: 25,Unnamed: 26,Unnamed: 27,Unnamed: 28,Unnamed: 29,Unnamed: 30,Unnamed: 31,Unnamed: 32,Unnamed: 33,Unnamed: 34,Unnamed: 35,Unnamed: 36,Unnamed: 37,Unnamed: 38,Unnamed: 39,Unnamed: 40,Unnamed: 41,Unnamed: 42,Unnamed: 43,Unnamed: 44
,순번,대분류,중분류,기관명,사이트명,카테고리,이름,설명,등록일,수량,기존 공공누리 유형,최종 공공누리 유형,계약서 유무,비고,저작물명,,유형,디지털형태,설명,주제어,언어,제작일,,계약서,저작권자,,공동저작자,저작인접권자,공개유형,저작물성,비보호저작물,업무상저작물,상업적이용허락,저작재산권,,,,,,,공동저작자동의,유효기간,,초상권
,,,,,,,,합계,,3920,,,,,원제목　,대체명,-,-,-,-,-,제작일　,공표일,-,저작권자명,소속,-,-,-,-,-,-,-,복제권,공연권,공중송신권,전시권,배포권,대여권,2차적저작물 작성권,-,저작권 만료일　,계약상 유효기간,-
,1,어문,간행물,국회도서관,국회전자도서관,국회도서관 소장자료,三才圖會 : 地理. 1-4,-,16uu,1,미부착,제1유형,무,-,三才圖會 : 地理. 1-4,-,어문,문서,-,법률,한국어,-,16uu,-,국회도서관,-,-,-,제1유형,저작물,보호저작물,○,상업적이용가능,○,○,○,○,○,○,○,-,만료추정,-,-
,2,어문,간행물,국회도서관,국회전자도서관,국회도서관 소장자료,制憲國會議員寫眞帖,-,1900,1,미부착,제1유형,무,-,制憲國會議員寫眞帖,-,어문,문서,-,법률,한국어,-,1905-03-14 00:00:00,-,국회도서관,-,-,-,제1유형,저작물,보호저작물,○,상업적이용가능,○,○,○,○,○,○,○,-,1970,-,-
,3,어문,간행물,국회도서관,국회전자도서관,국회도서관 소장자료,初代參議員寫眞帖,-,1900,1,미부착,제1유형,무,-,初代參議員寫眞帖,-,어문,문서,-,법률,한국어,-,1905-03-14 00:00:00,-,국회도서관,-,-,-,제1유형,저작물,보호저작물,○,상업적이용가능,○,○,○,○,○,○,○,-,1970,-,-
,4,어문,간행물,국회도서관,국회전자도서관,국회도서관 소장자료,國會議事速記錄. 卷之1-3,-,1948,1,미부착,만료 공공저작물,무,-,國會議事速記錄. 卷之1-3,-,어문,문서,-,법률,한국어,-,1905-05-01 00:00:00,-,국회도서관,-,-,-,만료 공공저작물,저작물,만료저작물,-,상업적이용가능,○,○,○,○,○,○,○,-,만료저작물,-,-
,5,어문,간행물,국회도서관,국회전자도서관,국회도서관 소장자료,國會議事速記錄. 卷之4-5,-,1948,1,미부착,만료 공공저작물,무,-,國會議事速記錄. 卷之4-5,-,어문,문서,-,법률,한국어,-,1905-05-01 00:00:00,-,국회도서관,-,-,-,만료 공공저작물,저작물,만료저작물,-,상업적이용가능,○,○,○,○,○,○,○,-,만료저작물,-,-
,6,어문,간행물,국회도서관,국회전자도서관,국회도서관 소장자료,國會議事速記錄. 卷之10,-,1949,1,미부착,만료 공공저작물,무,-,國會議事速記錄. 卷之10,-,어문,문서,-,법률,한국어,-,1905-05-02 00:00:00,-,국회도서관,-,-,-,만료 공공저작물,저작물,만료저작물,-,상업적이용가능,○,○,○,○,○,○,○,-,만료저작물,-,-
,7,어문,간행물,국회도서관,국회전자도서관,국회도서관 소장자료,國會議事速記錄. 卷之6-7,-,1949,1,미부착,만료 공공저작물,무,-,國會議事速記錄. 卷之6-7,-,어문,문서,-,법률,한국어,-,1905-05-02 00:00:00,-,국회도서관,-,-,-,만료 공공저작물,저작물,만료저작물,-,상업적이용가능,○,○,○,○,○,○,○,-,만료저작물,-,-
,8,어문,간행물,국회도서관,국회전자도서관,국회도서관 소장자료,國會議事速記錄. 卷之8-9,-,1949,1,미부착,만료 공공저작물,무,-,國會議事速記錄. 卷之8-9,-,어문,문서,-,법률,한국어,-,1905-05-02 00:00:00,-,국회도서관,-,-,-,만료 공공저작물,저작물,만료저작물,-,상업적이용가능,○,○,○,○,○,○,○,-,만료저작물,-,-
,9,어문,간행물,국회도서관,국회전자도서관,국회도서관 소장자료,國會議事速記錄. 卷之11-12,-,1950,1,미부착,만료 공공저작물,무,-,國會議事速記錄. 卷之11-12,-,어문,문서,-,법률,한국어,-,1905-05-03 00:00:00,-,국회도서관,-,-,-,만료 공공저작물,저작물,만료저작물,-,상업적이용가능,○,○,○,○,○,○,○,-,만료저작물,-,-
,10,어문,간행물,국회도서관,국회전자도서관,국회도서관 소장자료,國會議事速記錄. 卷之13-14,-,1950,1,미부착,만료 공공저작물,무,-,國會議事速記錄. 卷之13-14,-,어문,문서,-,법률,한국어,-,1905-05-03 00:00:00,-,국회도서관,-,-,-,만료 공공저작물,저작물,만료저작물,-,상업적이용가능,○,○,○,○,○,○,○,-,만료저작물,-,-
,11,어문,간행물,국회도서관,국회전자도서관,국회도서관 소장자료,立法參考資料. 100-109,-,1964,1,미부착,제1유형,무,-,立法參考資料. 100-109,-,어문,문서,-,법률,한국어,-,1905-05-17 00:00:00,-,국회도서관,-,-,-,제1유형,저작물,보호저작물,○,상업적이용가능,○,○,○,○,○,○,○,-,2034,-,-
,12,어문,간행물,국회도서관,국회전자도서관,국회도서관 소장자료,立法參考資料. 110-119,-,1964,1,미부착,제1유형,무,-,立法參考資料. 110-119,-,어문,문서,-,법률,한국어,-,1905-05-17 00:00:00,-,국회도서관,-,-,-,제1유형,저작물,보호저작물,○,상업적이용가능,○,○,○,○,○,○,○,-,2034,-,-
,13,어문,간행물,국회도서관,국회전자도서관,국회도서관 소장자료,立法參考資料. 11-15,-,1964,1,미부착,제1유형,무,-,立法參考資料. 11-15,-,어문,문서,-,법률,한국어,-,1905-05-17 00:00:00,-,국회도서관,-,-,-,제1유형,저작물,보호저작물,○,상업적이용가능,○,○,○,○,○,○,○,-,2034,-,-
,14,어문,간행물,국회도서관,국회전자도서관,국회도서관 소장자료,立法參考資料. 120-129,-,1964,1,미부착,제1유형,무,-,立法參考資料. 120-129,-,어문,문서,-,법률,한국어,-,1905-05-17 00:00:00,-,국회도서관,-,-,-,제1유형,저작물,보호저작물,○,상업적이용가능,○,○,○,○,○,○,○,-,2034,-,-
,15,어문,간행물,국회도서관,국회전자도서관,국회도서관 소장자료,"立法參考資料. 126, 英國都市計劃法",-,1964,1,미부착,제1유형,무,-,"立法參考資料. 126, 英國都市計劃法",-,어문,문서,-,법률,한국어,-,1905-05-17 00:00:00,-,국회도서관,-,-,-,제1유형,저작물,보호저작물,○,상업적이용가능,○,○,○,○,○,○,○,-,2034,-,-
,16,어문,간행물,국회도서관,국회전자도서관,국회도서관 소장자료,立法參考資料. 130-139,-,1964,1,미부착,제1유형,무,-,立法參考資料. 130-139,-,어문,문서,-,법률,한국어,-,1905-05-17 00:00:00,-,국회도서관,-,-,-,제1유형,저작물,보호저작물,○,상업적이용가능,○,○,○,○,○,○,○,-,2034,-,-
,17,어문,간행물,국회도서관,국회전자도서관,국회도서관 소장자료,立法參考資料. 1-4,-,1964,1,미부착,제1유형,무,-,立法參考資料. 1-4,-,어문,문서,-,법률,한국어,-,1905-05-17 00:00:00,-,국회도서관,-,-,-,제1유형,저작물,보호저작물,○,상업적이용가능,○,○,○,○,○,○,○,-,2034,-,-
,18,어문,간행물,국회도서관,국회전자도서관,국회도서관 소장자료,"立法參考資料. 140-145, 147-149",-,1964,1,미부착,제1유형,무,-,"立法參考資料. 140-145, 147-149",-,어문,문서,-,법률,한국어,-,1905-05-17 00:00:00,-,국회도서관,-,-,-,제1유형,저작물,보호저작물,○,상업적이용가능,○,○,○,○,○,○,○,-,2034,-,-
,19,어문,간행물,국회도서관,국회전자도서관,국회도서관 소장자료,立法參考資料. 150-159,-,1964,1,미부착,제1유형,무,-,立法參考資料. 150-159,-,어문,문서,-,법률,한국어,-,1905-05-17 00:00:00,-,국회도서관,-,-,-,제1유형,저작물,보호저작물,○,상업적이용가능,○,○,○,○,○,○,○,-,2034,-,-
,20,어문,간행물,국회도서관,국회전자도서관,국회도서관 소장자료,立法參考資料. 160-169,-,1964,1,미부착,제1유형,무,-,立法參考資料. 160-169,-,어문,문서,-,법률,한국어,-,1905-05-17 00:00:00,-,국회도서관,-,-,-,제1유형,저작물,보호저작물,○,상업적이용가능,○,○,○,○,○,○,○,-,2034,-,-
,21,어문,간행물,국회도서관,국회전자도서관,국회도서관 소장자료,立法參考資料. 16-20,-,1964,1,미부착,제1유형,무,-,立法參考資料. 16-20,-,어문,문서,-,법률,한국어,-,1905-05-17 00:00:00,-,국회도서관,-,-,-,제1유형,저작물,보호저작물,○,상업적이용가능,○,○,○,○,○,○,○,-,2034,-,-
,22,어문,간행물,국회도서관,국회전자도서관,국회도서관 소장자료,立法參考資料. 170-179,-,1964,1,미부착,제1유형,무,-,立法參考資料. 170-179,-,어문,문서,-,법률,한국어,-,1905-05-17 00:00:00,-,국회도서관,-,-,-,제1유형,저작물,보호저작물,○,상업적이용가능,○,○,○,○,○,○,○,-,2034,-,-
,23,어문,간행물,국회도서관,국회전자도서관,국회도서관 소장자료,立法參考資料. 180-189,-,1964,1,미부착,제1유형,무,-,立法參考資料. 180-189,-,어문,문서,-,법률,한국어,-,1905-05-17 00:00:00,-,국회도서관,-,-,-,제1유형,저작물,보호저작물,○,상업적이용가능,○,○,○,○,○,○,○,-,2034,-,-
,24,어문,간행물,국회도서관,국회전자도서관,국회도서관 소장자료,立法參考資料. 190-199,-,1964,1,미부착,제1유형,무,-,立法參考資料. 190-199,-,어문,문서,-,법률,한국어,-,1905-05-17 00:00:00,-,국회도서관,-,-,-,제1유형,저작물,보호저작물,○,상업적이용가능,○,○,○,○,○,○,○,-,2034,-,-
,25,어문,간행물,국회도서관,국회전자도서관,국회도서관 소장자료,立法參考資料. 200-210,-,1964,1,미부착,제1유형,무,-,立法參考資料. 200-210,-,어문,문서,-,법률,한국어,-,1905-05-17 00:00:00,-,국회도서관,-,-,-,제1유형,저작물,보호저작물,○,상업적이용가능,○,○,○,○,○,○,○,-,2034,-,-
,26,어문,간행물,국회도서관,국회전자도서관,국회도서관 소장자료,立法參考資料. 21-25,-,1964,1,미부착,제1유형,무,-,立法參考資料. 21-25,-,어문,문서,-,법률,한국어,-,1905-05-17 00:00:00,-,국회도서관,-,-,-,제1유형,저작물,보호저작물,○,상업적이용가능,○,○,○,○,○,○,○,-,2034,-,-
,27,어문,간행물,국회도서관,국회전자도서관,국회도서관 소장자료,立法參考資料. 26-30,-,1964,1,미부착,제1유형,무,-,立法參考資料. 26-30,-,어문,문서,-,법률,한국어,-,1905-05-17 00:00:00,-,국회도서관,-,-,-,제1유형,저작물,보호저작물,○,상업적이용가능,○,○,○,○,○,○,○,-,2034,-,-
,28,어문,간행물,국회도서관,국회전자도서관,국회도서관 소장자료,立法參考資料. 31-35,-,1964,1,미부착,제1유형,무,-,立法參考資料. 31-35,-,어문,문서,-,법률,한국어,-,1905-05-17 00:00:00,-,국회도서관,-,-,-,제1유형,저작물,보호저작물,○,상업적이용가능,○,○,○,○,○,○,○,-,2034,-,-
,29,어문,간행물,국회도서관,국회전자도서관,국회도서관 소장자료,立法參考資料. 41-45,-,1964,1,미부착,제1유형,무,-,立法參考資料. 41-45,-,어문,문서,-,법률,한국어,-,1905-05-17 00:00:00,-,국회도서관,-,-,-,제1유형,저작물,보호저작물,○,상업적이용가능,○,○,○,○,○,○,○,-,2034,-,-
,30,어문,간행물,국회도서관,국회전자도서관,국회도서관 소장자료,立法參考資料. 46-50,-,1964,1,미부착,제1유형,무,-,立法參考資料. 46-50,-,어문,문서,-,법률,한국어,-,1905-05-17 00:00:00,-,국회도서관,-,-,-,제1유형,저작물,보호저작물,○,상업적이용가능,○,○,○,○,○,○,○,-,2034,-,-
,31,어문,간행물,국회도서관,국회전자도서관,국회도서관 소장자료,"立法參考資料. 5, 各國의 海運政策",-,1964,1,미부착,제1유형,무,-,"立法參考資料. 5, 各國의 海運政策",-,어문,문서,-,법률,한국어,-,1905-05-17 00:00:00,-,국회도서관,-,-,-,제1유형,저작물,보호저작물,○,상업적이용가능,○,○,○,○,○,○,○,-,2034,-,-
,32,어문,간행물,국회도서관,국회전자도서관,국회도서관 소장자료,立法參考資料. 51-55,-,1964,1,미부착,제1유형,무,-,立法參考資料. 51-55,-,어문,문서,-,법률,한국어,-,1905-05-17 00:00:00,-,국회도서관,-,-,-,제1유형,저작물,보호저작물,○,상업적이용가능,○,○,○,○,○,○,○,-,2034,-,-
,33,어문,간행물,국회도서관,국회전자도서관,국회도서관 소장자료,"立法參考資料. 56-61,63",-,1964,1,미부착,제1유형,무,-,"立法參考資料. 56-61,63",-,어문,문서,-,법률,한국어,-,1905-05-17 00:00:00,-,국회도서관,-,-,-,제1유형,저작물,보호저작물,○,상업적이용가능,○,○,○,○,○,○,○,-,2034,-,-
,34,어문,간행물,국회도서관,국회전자도서관,국회도서관 소장자료,立法參考資料. 6-10,-,1964,1,미부착,제1유형,무,-,立法參考資料. 6-10,-,어문,문서,-,법률,한국어,-,1905-05-17 00:00:00,-,국회도서관,-,-,-,제1유형,저작물,보호저작물,○,상업적이용가능,○,○,○,○,○,○,○,-,2034,-,-
,35,어문,간행물,국회도서관,국회전자도서관,국회도서관 소장자료,立法參考資料. 69-79,-,1964,1,미부착,제1유형,무,-,立法參考資料. 69-79,-,어문,문서,-,법률,한국어,-,1905-05-17 00:00:00,-,국회도서관,-,-,-,제1유형,저작물,보호저작물,○,상업적이용가능,○,○,○,○,○,○,○,-,2034,-,-
,36,어문,간행물,국회도서관,국회전자도서관,국회도서관 소장자료,立法參考資料. 80-89,-,1964,1,미부착,제1유형,무,-,立法參考資料. 80-89,-,어문,문서,-,법률,한국어,-,1905-05-17 00:00:00,-,국회도서관,-,-,-,제1유형,저작물,보호저작물,○,상업적이용가능,○,○,○,○,○,○,○,-,2034,-,-
,37,어문,간행물,국회도서관,국회전자도서관,국회도서관 소장자료,"立法參考資料. 第146號, 統一白書",-,1964,1,미부착,제1유형,무,-,"立法參考資料. 第146號, 統一白書",-,어문,문서,-,법률,한국어,-,1905-05-17 00:00:00,-,국회도서관,-,-,-,제1유형,저작물,보호저작물,○,상업적이용가능,○,○,○,○,○,○,○,-,2034,-,-
,38,어문,간행물,국회도서관,국회전자도서관,국회도서관 소장자료,國會圖書館年間報告書. 1964,-,1965,1,미부착,제1유형,무,-,國會圖書館年間報告書. 1964,-,어문,문서,-,법률,한국어,-,1905-05-18 00:00:00,-,국회도서관,-,-,-,제1유형,저작물,보호저작물,○,상업적이용가능,○,○,○,○,○,○,○,-,2035,-,-
,39,어문,간행물,국회도서관,국회전자도서관,국회도서관 소장자료,日本議會制度 및 國會圖書館 視察 報告書,-,1965,1,미부착,제1유형,무,-,日本議會制度 및 國會圖書館 視察 報告書,-,어문,문서,-,법률,한국어,-,1905-05-18 00:00:00,-,국회도서관,-,-,-,제1유형,저작물,보호저작물,○,상업적이용가능,○,○,○,○,○,○,○,-,2035,-,-
,40,어문,간행물,국회도서관,국회전자도서관,국회도서관 소장자료,"立法參考資料. 第36號, 世界各國의 醫療制度",-,1965,1,미부착,제1유형,무,-,"立法參考資料. 第36號, 世界各國의 醫療制度",-,어문,문서,-,법률,한국어,-,1905-05-18 00:00:00,-,국회도서관,-,-,-,제1유형,저작물,보호저작물,○,상업적이용가능,○,○,○,○,○,○,○,-,2035,-,-
,41,어문,간행물,국회도서관,국회전자도서관,국회도서관 소장자료,"立法參考資料. 第37號, 美國의 對韓援助關係資料(第2輯)",-,1965,1,미부착,제1유형,무,-,"立法參考資料. 第37號, 美國의 對韓援助關係資料(第2輯)",-,어문,문서,-,법률,한국어,-,1905-05-18 00:00:00,-,국회도서관,-,-,-,제1유형,저작물,보호저작물,○,상업적이용가능,○,○,○,○,○,○,○,-,2035,-,-
,42,어문,간행물,국회도서관,국회전자도서관,국회도서관 소장자료,"立法參考資料. 第38號, 各國의 獨占禁止法(20個國의 法令과 解設)",-,1965,1,미부착,제1유형,무,-,"立法參考資料. 第38號, 各國의 獨占禁止法(20個國의 法令과 解設)",-,어문,문서,-,법률,한국어,-,1905-05-18 00:00:00,-,국회도서관,-,-,-,제1유형,저작물,보호저작물,○,상업적이용가능,○,○,○,○,○,○,○,-,2035,-,-
,43,어문,간행물,국회도서관,국회전자도서관,국회도서관 소장자료,"立法參考資料. 第39號, 重要國의 鑛業法",-,1965,1,미부착,제1유형,무,-,"立法參考資料. 第39號, 重要國의 鑛業法",-,어문,문서,-,법률,한국어,-,1905-05-18 00:00:00,-,국회도서관,-,-,-,제1유형,저작물,보호저작물,○,상업적이용가능,○,○,○,○,○,○,○,-,2035,-,-
,44,어문,간행물,국회도서관,국회전자도서관,국회도서관 소장자료,"立法參考資料. 第40號, 各國間의 文化協定",-,1965,1,미부착,제1유형,무,-,"立法參考資料. 第40號, 各國間의 文化協定",-,어문,문서,-,법률,한국어,-,1905-05-18 00:00:00,-,국회도서관,-,-,-,제1유형,저작물,보호저작물,○,상업적이용가능,○,○,○,○,○,○,○,-,2035,-,-
,45,어문,간행물,국회도서관,국회전자도서관,국회도서관 소장자료,國內 學術 및 硏究團體 便覽,-,1966,1,미부착,제1유형,무,-,國內 學術 및 硏究團體 便覽,-,어문,문서,-,법률,한국어,-,1905-05-19 00:00:00,-,국회도서관,-,-,-,제1유형,저작물,보호저작물,○,상업적이용가능,○,○,○,○,○,○,○,-,2036,-,-
,46,어문,간행물,국회도서관,국회전자도서관,국회도서관 소장자료,國會圖書館 年間報告書. 1965,-,1966,1,미부착,제1유형,무,-,國會圖書館 年間報告書. 1965,-,어문,문서,-,법률,한국어,-,1905-05-19 00:00:00,-,국회도서관,-,-,-,제1유형,저작물,보호저작물,○,상업적이용가능,○,○,○,○,○,○,○,-,2036,-,-
,47,어문,간행물,국회도서관,국회전자도서관,국회도서관 소장자료,近世韓國外交文書總目 : 外國篇,-,1966,1,미부착,제1유형,무,-,近世韓國外交文書總目 : 外國篇,-,어문,문서,-,법률,한국어,-,1905-05-19 00:00:00,-,국회도서관,-,-,-,제1유형,저작물,보호저작물,○,상업적이용가능,○,○,○,○,○,○,○,-,2036,-,-
,48,어문,간행물,국회도서관,국회전자도서관,국회도서관 소장자료,大韓民國臨時議政院文書目錄,-,1966,1,미부착,제1유형,무,-,大韓民國臨時議政院文書目錄,-,어문,문서,-,법률,한국어,-,1905-05-19 00:00:00,-,국회도서관,-,-,-,제1유형,저작물,보호저작물,○,상업적이용가능,○,○,○,○,○,○,○,-,2036,-,-
,49,어문,간행물,국회도서관,국회전자도서관,국회도서관 소장자료,美國國會圖書館 및 國會事務機構 : 視察報告書,-,1966,1,미부착,제1유형,무,-,美國國會圖書館 및 國會事務機構 : 視察報告書,-,어문,문서,-,법률,한국어,-,1905-05-19 00:00:00,-,국회도서관,-,-,-,제1유형,저작물,보호저작물,○,상업적이용가능,○,○,○,○,○,○,○,-,2036,-,-
,50,어문,간행물,국회도서관,국회전자도서관,국회도서관 소장자료,藏書目錄 : 中國語圖書篇. 1,-,1966,1,미부착,제1유형,무,-,藏書目錄 : 中國語圖書篇. 1,-,어문,문서,-,법률,한국어,-,1905-05-19 00:00:00,-,국회도서관,-,-,-,제1유형,저작물,보호저작물,○,상업적이용가능,○,○,○,○,○,○,○,-,2036,-,-
,51,어문,간행물,국회도서관,국회전자도서관,국회도서관 소장자료,藏書目錄 : 韓國語圖書篇. Ⅰ-Ⅲ,-,1966,1,미부착,제1유형,무,-,藏書目錄 : 韓國語圖書篇. Ⅰ-Ⅲ,-,어문,문서,-,법률,한국어,-,1905-05-19 00:00:00,-,국회도서관,-,-,-,제1유형,저작물,보호저작물,○,상업적이용가능,○,○,○,○,○,○,○,-,2036,-,-
,52,어문,간행물,국회도서관,국회전자도서관,국회도서관 소장자료,學術雜誌綜合目錄 : 外國編,-,1966,1,미부착,제1유형,무,-,學術雜誌綜合目錄 : 外國編,-,어문,문서,-,법률,한국어,-,1905-05-19 00:00:00,-,국회도서관,-,-,-,제1유형,저작물,보호저작물,○,상업적이용가능,○,○,○,○,○,○,○,-,2036,-,-
,53,어문,간행물,국회도서관,국회전자도서관,국회도서관 소장자료,"學術雜誌綜合目錄. 1, 외국편",-,1966,1,미부착,제1유형,무,-,"學術雜誌綜合目錄. 1, 외국편",-,어문,문서,-,법률,한국어,-,1905-05-19 00:00:00,-,국회도서관,-,-,-,제1유형,저작물,보호저작물,○,상업적이용가능,○,○,○,○,○,○,○,-,2036,-,-
,54,어문,간행물,국회도서관,국회전자도서관,국회도서관 소장자료,韓國古活字冊修正目錄,-,1966,1,미부착,제1유형,무,-,韓國古活字冊修正目錄,-,어문,문서,-,법률,한국어,-,1905-05-19 00:00:00,-,국회도서관,-,-,-,제1유형,저작물,보호저작물,○,상업적이용가능,○,○,○,○,○,○,○,-,2036,-,-
,55,어문,간행물,국회도서관,국회전자도서관,국회도서관 소장자료,韓國新聞·雜誌總目錄 : 1883-1945,-,1966,1,미부착,제1유형,무,-,韓國新聞·雜誌總目錄 : 1883-1945,-,어문,문서,-,법률,한국어,-,1905-05-19 00:00:00,-,국회도서관,-,-,-,제1유형,저작물,보호저작물,○,상업적이용가능,○,○,○,○,○,○,○,-,2036,-,-
,56,어문,간행물,국회도서관,국회전자도서관,국회도서관 소장자료,國際學術團體便覽,-,1967,1,미부착,제1유형,무,-,國際學術團體便覽,-,어문,문서,-,법률,한국어,-,1905-05-20 00:00:00,-,국회도서관,-,-,-,제1유형,저작물,보호저작물,○,상업적이용가능,○,○,○,○,○,○,○,-,2037,-,-
,57,어문,간행물,국회도서관,국회전자도서관,국회도서관 소장자료,國會圖書館 年間報告書. 1966,-,1967,1,미부착,제1유형,무,-,國會圖書館 年間報告書. 1966,-,어문,문서,-,법률,한국어,-,1905-05-20 00:00:00,-,국회도서관,-,-,-,제1유형,저작물,보호저작물,○,상업적이용가능,○,○,○,○,○,○,○,-,2037,-,-
,58,어문,간행물,국회도서관,국회전자도서관,국회도서관 소장자료,美國內東洋關係學者名錄,-,1967,1,미부착,제1유형,무,-,美國內東洋關係學者名錄,-,어문,문서,-,법률,한국어,-,1905-05-20 00:00:00,-,국회도서관,-,-,-,제1유형,저작물,보호저작물,○,상업적이용가능,○,○,○,○,○,○,○,-,2037,-,-
,59,어문,간행물,국회도서관,국회전자도서관,국회도서관 소장자료,美國에서 授與된 韓國人 博士錄,-,1967,1,미부착,제1유형,무,-,美國에서 授與된 韓國人 博士錄,-,어문,문서,-,법률,한국어,-,1905-05-20 00:00:00,-,국회도서관,-,-,-,제1유형,저작물,보호저작물,○,상업적이용가능,○,○,○,○,○,○,○,-,2037,-,-
,60,어문,간행물,국회도서관,국회전자도서관,국회도서관 소장자료,"立法參考資料. 62,64-68",-,1967,1,미부착,제1유형,무,-,"立法參考資料. 62,64-68",-,어문,문서,-,법률,한국어,-,1905-05-20 00:00:00,-,국회도서관,-,-,-,제1유형,저작물,보호저작물,○,상업적이용가능,○,○,○,○,○,○,○,-,2037,-,-
,61,어문,간행물,국회도서관,국회전자도서관,국회도서관 소장자료,藏書目錄 : 英語圖書篇. Ⅰ,-,1967,1,미부착,제1유형,무,-,藏書目錄 : 英語圖書篇. Ⅰ,-,어문,문서,-,법률,한국어,-,1905-05-20 00:00:00,-,국회도서관,-,-,-,제1유형,저작물,보호저작물,○,상업적이용가능,○,○,○,○,○,○,○,-,2037,-,-
,62,어문,간행물,국회도서관,국회전자도서관,국회도서관 소장자료,韓國史硏究論文總目錄 : 1900-1966,-,1967,1,미부착,제1유형,무,-,韓國史硏究論文總目錄 : 1900-1966,-,어문,문서,-,법률,한국어,-,1905-05-20 00:00:00,-,국회도서관,-,-,-,제1유형,저작물,보호저작물,○,상업적이용가능,○,○,○,○,○,○,○,-,2037,-,-
,63,어문,간행물,국회도서관,국회전자도서관,국회도서관 소장자료,韓國新聞·雜誌年表 : 1881-1910,-,1967,1,미부착,제1유형,무,-,韓國新聞·雜誌年表 : 1881-1910,-,어문,문서,-,법률,한국어,-,1905-05-20 00:00:00,-,국회도서관,-,-,-,제1유형,저작물,보호저작물,○,상업적이용가능,○,○,○,○,○,○,○,-,2037,-,-
,64,어문,간행물,국회도서관,국회전자도서관,국회도서관 소장자료,韓末韓國雜誌目次總錄 : 1896-1910,-,1967,1,미부착,제1유형,무,-,韓末韓國雜誌目次總錄 : 1896-1910,-,어문,문서,-,법률,한국어,-,1905-05-20 00:00:00,-,국회도서관,-,-,-,제1유형,저작물,보호저작물,○,상업적이용가능,○,○,○,○,○,○,○,-,2037,-,-
,65,어문,간행물,국회도서관,국회전자도서관,국회도서관 소장자료,歐美雜誌便覽,-,1968,1,미부착,제1유형,무,-,歐美雜誌便覽,-,어문,문서,-,법률,한국어,-,1905-05-21 00:00:00,-,국회도서관,-,-,-,제1유형,저작물,보호저작물,○,상업적이용가능,○,○,○,○,○,○,○,-,2038,-,-
,66,어문,간행물,국회도서관,국회전자도서관,국회도서관 소장자료,國會圖書館 年間報告書. 1967,-,1968,1,미부착,제1유형,무,-,國會圖書館 年間報告書. 1967,-,어문,문서,-,법률,한국어,-,1905-05-21 00:00:00,-,국회도서관,-,-,-,제1유형,저작물,보호저작물,○,상업적이용가능,○,○,○,○,○,○,○,-,2038,-,-
,67,어문,간행물,국회도서관,국회전자도서관,국회도서관 소장자료,國會圖書館所藏逐次刊行物目錄,-,1968,1,미부착,제1유형,무,-,國會圖書館所藏逐次刊行物目錄,-,어문,문서,-,법률,한국어,-,1905-05-21 00:00:00,-,국회도서관,-,-,-,제1유형,저작물,보호저작물,○,상업적이용가능,○,○,○,○,○,○,○,-,2038,-,-
,68,어문,간행물,국회도서관,국회전자도서관,국회도서관 소장자료,日本外務省 및 陸海軍省文書 마이크로필름目錄 : 1867-1945,-,1968,1,미부착,제1유형,무,-,日本外務省 및 陸海軍省文書 마이크로필름目錄 : 1867-1945,-,어문,문서,-,법률,한국어,-,1905-05-21 00:00:00,-,국회도서관,-,-,-,제1유형,저작물,보호저작물,○,상업적이용가능,○,○,○,○,○,○,○,-,2038,-,-
,69,어문,간행물,국회도서관,국회전자도서관,국회도서관 소장자료,一山文庫漢籍目錄,-,1968,1,미부착,제1유형,무,-,一山文庫漢籍目錄,-,어문,문서,-,법률,한국어,-,1905-05-21 00:00:00,-,국회도서관,-,-,-,제1유형,저작물,보호저작물,○,상업적이용가능,○,○,○,○,○,○,○,-,2038,-,-
,70,어문,간행물,국회도서관,국회전자도서관,국회도서관 소장자료,立法參考資料. 第90-91號,-,1968,1,미부착,제1유형,무,-,立法參考資料. 第90-91號,-,어문,문서,-,법률,한국어,-,1905-05-21 00:00:00,-,국회도서관,-,-,-,제1유형,저작물,보호저작물,○,상업적이용가능,○,○,○,○,○,○,○,-,2038,-,-
,71,어문,간행물,국회도서관,국회전자도서관,국회도서관 소장자료,"立法參考資料. 第92號, 危機에 處한 地方自治",-,1968,1,미부착,제1유형,무,-,"立法參考資料. 第92號, 危機에 處한 地方自治",-,어문,문서,-,법률,한국어,-,1905-05-21 00:00:00,-,국회도서관,-,-,-,제1유형,저작물,보호저작물,○,상업적이용가능,○,○,○,○,○,○,○,-,2038,-,-
,72,어문,간행물,국회도서관,국회전자도서관,국회도서관 소장자료,"立法參考資料. 第93號, 主要國의 敎員養成制度",-,1968,1,미부착,제1유형,무,-,"立法參考資料. 第93號, 主要國의 敎員養成制度",-,어문,문서,-,법률,한국어,-,1905-05-21 00:00:00,-,국회도서관,-,-,-,제1유형,저작물,보호저작물,○,상업적이용가능,○,○,○,○,○,○,○,-,2038,-,-
,73,어문,간행물,국회도서관,국회전자도서관,국회도서관 소장자료,"立法參考資料. 第94號, 歐美諸國의 團地管理制度",-,1968,1,미부착,제1유형,무,-,"立法參考資料. 第94號, 歐美諸國의 團地管理制度",-,어문,문서,-,법률,한국어,-,1905-05-21 00:00:00,-,국회도서관,-,-,-,제1유형,저작물,보호저작물,○,상업적이용가능,○,○,○,○,○,○,○,-,2038,-,-
,74,어문,간행물,국회도서관,국회전자도서관,국회도서관 소장자료,"立法參考資料. 第96號, 印度支那紛爭에 있어서 英國의 介入에 關한 諸文書(1945-1965)",-,1968,1,미부착,제1유형,무,-,"立法參考資料. 第96號, 印度支那紛爭에 있어서 英國의 介入에 關한 諸文書(1945-1965)",-,어문,문서,-,법률,한국어,-,1905-05-21 00:00:00,-,국회도서관,-,-,-,제1유형,저작물,보호저작물,○,상업적이용가능,○,○,○,○,○,○,○,-,2038,-,-
,75,어문,간행물,국회도서관,국회전자도서관,국회도서관 소장자료,"立法參考資料. 第97號, 東南亞細亞 政治學의 動向",-,1968,1,미부착,제1유형,무,-,"立法參考資料. 第97號, 東南亞細亞 政治學의 動向",-,어문,문서,-,법률,한국어,-,1905-05-21 00:00:00,-,국회도서관,-,-,-,제1유형,저작물,보호저작물,○,상업적이용가능,○,○,○,○,○,○,○,-,2038,-,-
,76,어문,간행물,국회도서관,국회전자도서관,국회도서관 소장자료,"立法參考資料. 第98號, 英國의 地方雇傭法과 經濟開發",-,1968,1,미부착,제1유형,무,-,"立法參考資料. 第98號, 英國의 地方雇傭法과 經濟開發",-,어문,문서,-,법률,한국어,-,1905-05-21 00:00:00,-,국회도서관,-,-,-,제1유형,저작물,보호저작물,○,상업적이용가능,○,○,○,○,○,○,○,-,2038,-,-
,77,어문,간행물,국회도서관,국회전자도서관,국회도서관 소장자료,韓國古書綜合目錄,-,1968,1,미부착,제1유형,무,-,韓國古書綜合目錄,-,어문,문서,-,법률,한국어,-,1905-05-21 00:00:00,-,국회도서관,-,-,-,제1유형,저작물,보호저작물,○,상업적이용가능,○,○,○,○,○,○,○,-,2038,-,-
,78,어문,간행물,국회도서관,국회전자도서관,국회도서관 소장자료,한국人類學에 관한 文獻목록,-,1968,1,미부착,제1유형,무,-,한국人類學에 관한 文獻목록,-,어문,문서,-,법률,한국어,-,1905-05-21 00:00:00,-,국회도서관,-,-,-,제1유형,저작물,보호저작물,○,상업적이용가능,○,○,○,○,○,○,○,-,2038,-,-
,79,어문,간행물,국회도서관,국회전자도서관,국회도서관 소장자료,「아시아」의 도서개발 : 아시아지역의 圖書生産과 分配에 관한 專門家會議報告,-,1969,1,미부착,제1유형,무,-,「아시아」의 도서개발 : 아시아지역의 圖書生産과 分配에 관한 專門家會議報告,-,어문,문서,-,법률,한국어,-,1905-05-22 00:00:00,-,국회도서관,-,-,-,제1유형,저작물,보호저작물,○,상업적이용가능,○,○,○,○,○,○,○,-,2039,-,-
,80,어문,간행물,국회도서관,국회전자도서관,국회도서관 소장자료,국회도서관 연간보고서. 1968,-,1969,1,미부착,제1유형,무,-,국회도서관 연간보고서. 1968,-,어문,문서,-,법률,한국어,-,1905-05-22 00:00:00,-,국회도서관,-,-,-,제1유형,저작물,보호저작물,○,상업적이용가능,○,○,○,○,○,○,○,-,2039,-,-
,81,어문,간행물,국회도서관,국회전자도서관,국회도서관 소장자료,國會圖書館의 發展策 : 國家의 中央圖書館과 關聯하여,-,1969,1,미부착,제1유형,무,-,國會圖書館의 發展策 : 國家의 中央圖書館과 關聯하여,-,어문,문서,-,법률,한국어,-,1905-05-22 00:00:00,-,국회도서관,-,-,-,제1유형,저작물,보호저작물,○,상업적이용가능,○,○,○,○,○,○,○,-,2039,-,-
,82,어문,간행물,국회도서관,국회전자도서관,국회도서관 소장자료,대한민국 법령색인. 1969,-,1969,1,미부착,제1유형,무,-,대한민국 법령색인. 1969,-,어문,문서,-,법률,한국어,-,1905-05-22 00:00:00,-,국회도서관,-,-,-,제1유형,저작물,보호저작물,○,상업적이용가능,○,○,○,○,○,○,○,-,2039,-,-
,83,어문,간행물,국회도서관,국회전자도서관,국회도서관 소장자료,도서분류법의 비교와 분류의 실제,-,1969,1,미부착,제1유형,무,-,도서분류법의 비교와 분류의 실제,-,어문,문서,-,법률,한국어,-,1905-05-22 00:00:00,-,국회도서관,-,-,-,제1유형,저작물,보호저작물,○,상업적이용가능,○,○,○,○,○,○,○,-,2039,-,-
,84,어문,간행물,국회도서관,국회전자도서관,국회도서관 소장자료,美·日安保의 問題點 및 展望,-,1969,1,미부착,제1유형,무,-,美·日安保의 問題點 및 展望,-,어문,문서,-,법률,한국어,-,1905-05-22 00:00:00,-,국회도서관,-,-,-,제1유형,저작물,보호저작물,○,상업적이용가능,○,○,○,○,○,○,○,-,2039,-,-
,85,어문,간행물,국회도서관,국회전자도서관,국회도서관 소장자료,議員揮毫,-,1969,1,미부착,제1유형,무,-,議員揮毫,-,어문,문서,-,법률,한국어,-,1905-05-22 00:00:00,-,국회도서관,-,-,-,제1유형,저작물,보호저작물,○,상업적이용가능,○,○,○,○,○,○,○,-,2039,-,-
,86,어문,간행물,국회도서관,국회전자도서관,국회도서관 소장자료,"立法參考資料. 第99號, 各黨總裁의 年頭會見 및 政策基調(1969년도)",-,1969,1,미부착,제1유형,무,-,"立法參考資料. 第99號, 各黨總裁의 年頭會見 및 政策基調(1969년도)",-,어문,문서,-,법률,한국어,-,1905-05-22 00:00:00,-,국회도서관,-,-,-,제1유형,저작물,보호저작물,○,상업적이용가능,○,○,○,○,○,○,○,-,2039,-,-
,87,어문,간행물,국회도서관,국회전자도서관,국회도서관 소장자료,재불한국관계문헌목록,-,1969,1,미부착,제1유형,무,-,재불한국관계문헌목록,-,어문,문서,-,법률,한국어,-,1905-05-22 00:00:00,-,국회도서관,-,-,-,제1유형,저작물,보호저작물,○,상업적이용가능,○,○,○,○,○,○,○,-,2039,-,-
,88,어문,간행물,국회도서관,국회전자도서관,국회도서관 소장자료,韓國古書年表資料,-,1969,1,미부착,제1유형,무,-,韓國古書年表資料,-,어문,문서,-,법률,한국어,-,1905-05-22 00:00:00,-,국회도서관,-,-,-,제1유형,저작물,보호저작물,○,상업적이용가능,○,○,○,○,○,○,○,-,2039,-,-
,89,어문,간행물,국회도서관,국회전자도서관,국회도서관 소장자료,한국박사 및 석사학위논문 총목록. 第1-12輯,-,1969,1,미부착,제1유형,무,-,한국박사 및 석사학위논문 총목록. 第1-12輯,-,어문,문서,-,법률,한국어,-,1905-05-22 00:00:00,-,국회도서관,-,-,-,제1유형,저작물,보호저작물,○,상업적이용가능,○,○,○,○,○,○,○,-,2039,-,-
,90,어문,간행물,국회도서관,국회전자도서관,국회도서관 소장자료,(雜誌)朝光總目次 : 1935-1944,-,1970,1,미부착,제1유형,무,-,(雜誌)朝光總目次 : 1935-1944,-,어문,문서,-,법률,한국어,-,1905-05-23 00:00:00,-,국회도서관,-,-,-,제1유형,저작물,보호저작물,○,상업적이용가능,○,○,○,○,○,○,○,-,2040,-,-
,91,어문,간행물,국회도서관,국회전자도서관,국회도서관 소장자료,各國의 經濟指標 : 74個國,-,1970,1,미부착,제1유형,무,-,各國의 經濟指標 : 74個國,-,어문,문서,-,법률,한국어,-,1905-05-23 00:00:00,-,국회도서관,-,-,-,제1유형,저작물,보호저작물,○,상업적이용가능,○,○,○,○,○,○,○,-,2040,-,-
,92,어문,간행물,국회도서관,국회전자도서관,국회도서관 소장자료,國會圖書館年間報告書. 1969,-,1970,1,미부착,제1유형,무,-,國會圖書館年間報告書. 1969,-,어문,문서,-,법률,한국어,-,1905-05-23 00:00:00,-,국회도서관,-,-,-,제1유형,저작물,보호저작물,○,상업적이용가능,○,○,○,○,○,○,○,-,2040,-,-
,93,어문,간행물,국회도서관,국회전자도서관,국회도서관 소장자료,國會議員寫眞帖. 第2-7代,-,1970,1,미부착,제1유형,무,-,國會議員寫眞帖. 第2-7代,-,어문,문서,-,법률,한국어,-,1905-05-23 00:00:00,-,국회도서관,-,-,-,제1유형,저작물,보호저작물,○,상업적이용가능,○,○,○,○,○,○,○,-,2040,-,-
,94,어문,간행물,국회도서관,국회전자도서관,국회도서관 소장자료,對美纖維類 輸出制限問題와 그의 展望,-,1970,1,미부착,제1유형,무,-,對美纖維類 輸出制限問題와 그의 展望,-,어문,문서,-,법률,한국어,-,1905-05-23 00:00:00,-,국회도서관,-,-,-,제1유형,저작물,보호저작물,○,상업적이용가능,○,○,○,○,○,○,○,-,2040,-,-
,95,어문,간행물,국회도서관,국회전자도서관,국회도서관 소장자료,대한민국 법령색인. 1970,-,1970,1,미부착,제1유형,무,-,대한민국 법령색인. 1970,-,어문,문서,-,법률,한국어,-,1905-05-23 00:00:00,-,국회도서관,-,-,-,제1유형,저작물,보호저작물,○,상업적이용가능,○,○,○,○,○,○,○,-,2040,-,-
,96,어문,간행물,국회도서관,국회전자도서관,국회도서관 소장자료,道先生案,-,1970,1,미부착,제1유형,무,-,道先生案,-,어문,문서,-,법률,한국어,-,1905-05-23 00:00:00,-,국회도서관,-,-,-,제1유형,저작물,보호저작물,○,상업적이용가능,○,○,○,○,○,○,○,-,2040,-,-
,97,어문,간행물,국회도서관,국회전자도서관,국회도서관 소장자료,李孝祥國會議長演說文集,-,1970,1,미부착,제1유형,무,-,李孝祥國會議長演說文集,-,어문,문서,-,법률,한국어,-,1905-05-23 00:00:00,-,국회도서관,-,-,-,제1유형,저작물,보호저작물,○,상업적이용가능,○,○,○,○,○,○,○,-,2040,-,-
,98,어문,간행물,국회도서관,국회전자도서관,국회도서관 소장자료,日本의 都市再開發法및 英國의 都市開發法,-,1970,1,미부착,제1유형,무,-,日本의 都市再開發法및 英國의 都市開發法,-,어문,문서,-,법률,한국어,-,1905-05-23 00:00:00,-,국회도서관,-,-,-,제1유형,저작물,보호저작물,○,상업적이용가능,○,○,○,○,○,○,○,-,2040,-,-
,99,어문,간행물,국회도서관,국회전자도서관,국회도서관 소장자료,韓國史硏究論文總目錄. 第2輯,-,1970,1,미부착,제1유형,무,-,韓國史硏究論文總目錄. 第2輯,-,어문,문서,-,법률,한국어,-,1905-05-23 00:00:00,-,국회도서관,-,-,-,제1유형,저작물,보호저작물,○,상업적이용가능,○,○,○,○,○,○,○,-,2040,-,-
,100,어문,간행물,국회도서관,국회전자도서관,국회도서관 소장자료,한국언론관계문헌목록 : 구한말-1945.8.15,-,1970,1,미부착,제1유형,무,-,한국언론관계문헌목록 : 구한말-1945.8.15,-,어문,문서,-,법률,한국어,-,1905-05-23 00:00:00,-,국회도서관,-,-,-,제1유형,저작물,보호저작물,○,상업적이용가능,○,○,○,○,○,○,○,-,2040,-,-
,101,어문,간행물,국회도서관,국회전자도서관,국회도서관 소장자료,韓末近代法令資料集. Ⅰ-Ⅸ,-,1970,1,미부착,제1유형,무,-,韓末近代法令資料集. Ⅰ-Ⅸ,-,어문,문서,-,법률,한국어,-,1905-05-23 00:00:00,-,국회도서관,-,-,-,제1유형,저작물,보호저작물,○,상업적이용가능,○,○,○,○,○,○,○,-,2040,-,-
,102,어문,간행물,국회도서관,국회전자도서관,국회도서관 소장자료,國政監査資料,-,1971,1,미부착,제1유형,무,-,國政監査資料,-,어문,문서,-,법률,한국어,-,1905-05-24 00:00:00,-,국회도서관,-,-,-,제1유형,저작물,보호저작물,○,상업적이용가능,○,○,○,○,○,○,○,-,2041,-,-
,103,어문,간행물,국회도서관,국회전자도서관,국회도서관 소장자료,국회도서관연간보고서. 1970,-,1971,1,미부착,제1유형,무,-,국회도서관연간보고서. 1970,-,어문,문서,-,법률,한국어,-,1905-05-24 00:00:00,-,국회도서관,-,-,-,제1유형,저작물,보호저작물,○,상업적이용가능,○,○,○,○,○,○,○,-,2041,-,-
,104,어문,간행물,국회도서관,국회전자도서관,국회도서관 소장자료,美·獨·佛 憲法,-,1971,1,미부착,제1유형,무,-,美·獨·佛 憲法,-,어문,문서,-,법률,한국어,-,1905-05-24 00:00:00,-,국회도서관,-,-,-,제1유형,저작물,보호저작물,○,상업적이용가능,○,○,○,○,○,○,○,-,2041,-,-
,105,어문,간행물,국회도서관,국회전자도서관,국회도서관 소장자료,世界 現代政治家 略傳,-,1971,1,미부착,제1유형,무,-,世界 現代政治家 略傳,-,어문,문서,-,법률,한국어,-,1905-05-24 00:00:00,-,국회도서관,-,-,-,제1유형,저작물,보호저작물,○,상업적이용가능,○,○,○,○,○,○,○,-,2041,-,-
,106,어문,간행물,국회도서관,국회전자도서관,국회도서관 소장자료,李朝書院文庫目錄 : 李朝書院文庫目錄考,-,1971,1,미부착,제1유형,무,-,李朝書院文庫目錄 : 李朝書院文庫目錄考,-,어문,문서,-,법률,한국어,-,1905-05-24 00:00:00,-,국회도서관,-,-,-,제1유형,저작물,보호저작물,○,상업적이용가능,○,○,○,○,○,○,○,-,2041,-,-
,107,어문,간행물,국회도서관,국회전자도서관,국회도서관 소장자료,李孝祥國會議長演說文集,-,1971,1,미부착,제1유형,무,-,李孝祥國會議長演說文集,-,어문,문서,-,법률,한국어,-,1905-05-24 00:00:00,-,국회도서관,-,-,-,제1유형,저작물,보호저작물,○,상업적이용가능,○,○,○,○,○,○,○,-,2041,-,-
,108,어문,간행물,국회도서관,국회전자도서관,국회도서관 소장자료,日·比의 農村工業化促進策 : 工業化方向과 家內工業센터,-,1971,1,미부착,제1유형,무,-,日·比의 農村工業化促進策 : 工業化方向과 家內工業센터,-,어문,문서,-,법률,한국어,-,1905-05-24 00:00:00,-,국회도서관,-,-,-,제1유형,저작물,보호저작물,○,상업적이용가능,○,○,○,○,○,○,○,-,2041,-,-
,109,어문,간행물,국회도서관,국회전자도서관,국회도서관 소장자료,主要各國의 出版文化와 圖書館,-,1971,1,미부착,제1유형,무,-,主要各國의 出版文化와 圖書館,-,어문,문서,-,법률,한국어,-,1905-05-24 00:00:00,-,국회도서관,-,-,-,제1유형,저작물,보호저작물,○,상업적이용가능,○,○,○,○,○,○,○,-,2041,-,-
,110,어문,간행물,국회도서관,국회전자도서관,국회도서관 소장자료,국회도서관연간보고서. 1971,-,1972,1,미부착,제1유형,무,-,국회도서관연간보고서. 1971,-,어문,문서,-,법률,한국어,-,1905-05-25 00:00:00,-,국회도서관,-,-,-,제1유형,저작물,보호저작물,○,상업적이용가능,○,○,○,○,○,○,○,-,2042,-,-
,111,어문,간행물,국회도서관,국회전자도서관,국회도서관 소장자료,대한민국 법령색인. 1972,-,1972,1,미부착,제1유형,무,-,대한민국 법령색인. 1972,-,어문,문서,-,법률,한국어,-,1905-05-25 00:00:00,-,국회도서관,-,-,-,제1유형,저작물,보호저작물,○,상업적이용가능,○,○,○,○,○,○,○,-,2042,-,-
,112,어문,간행물,국회도서관,국회전자도서관,국회도서관 소장자료,獨逸株式法,-,1972,1,미부착,제1유형,무,-,獨逸株式法,-,어문,문서,-,법률,한국어,-,1905-05-25 00:00:00,-,국회도서관,-,-,-,제1유형,저작물,보호저작물,○,상업적이용가능,○,○,○,○,○,○,○,-,2042,-,-
,113,어문,간행물,국회도서관,국회전자도서관,국회도서관 소장자료,慕賢祠誌,-,1972,1,미부착,제1유형,무,-,慕賢祠誌,-,어문,문서,-,법률,한국어,-,1905-05-25 00:00:00,-,국회도서관,-,-,-,제1유형,저작물,보호저작물,○,상업적이용가능,○,○,○,○,○,○,○,-,2042,-,-
,114,어문,간행물,국회도서관,국회전자도서관,국회도서관 소장자료,北韓의 社會主義 農業의 建設 : 平和的 建設期(1945-1950)의 農業關係資料,-,1972,1,미부착,제1유형,무,-,北韓의 社會主義 農業의 建設 : 平和的 建設期(1945-1950)의 農業關係資料,-,어문,문서,-,법률,한국어,-,1905-05-25 00:00:00,-,국회도서관,-,-,-,제1유형,저작물,보호저작물,○,상업적이용가능,○,○,○,○,○,○,○,-,2042,-,-
,115,어문,간행물,국회도서관,국회전자도서관,국회도서관 소장자료,佛蘭西議會의 構成과 機構 : 國民議會關係法規,-,1972,1,미부착,제1유형,무,-,佛蘭西議會의 構成과 機構 : 國民議會關係法規,-,어문,문서,-,법률,한국어,-,1905-05-25 00:00:00,-,국회도서관,-,-,-,제1유형,저작물,보호저작물,○,상업적이용가능,○,○,○,○,○,○,○,-,2042,-,-
,116,어문,간행물,국회도서관,국회전자도서관,국회도서관 소장자료,蘇聯에서의 韓國學 : 資料19,-,1972,1,미부착,제1유형,무,-,蘇聯에서의 韓國學 : 資料19,-,어문,문서,-,법률,한국어,-,1905-05-25 00:00:00,-,국회도서관,-,-,-,제1유형,저작물,보호저작물,○,상업적이용가능,○,○,○,○,○,○,○,-,2042,-,-
,117,어문,간행물,국회도서관,국회전자도서관,국회도서관 소장자료,醫學·藥學論文總目錄 : 1945-1971,-,1972,1,미부착,제1유형,무,-,醫學·藥學論文總目錄 : 1945-1971,-,어문,문서,-,법률,한국어,-,1905-05-25 00:00:00,-,국회도서관,-,-,-,제1유형,저작물,보호저작물,○,상업적이용가능,○,○,○,○,○,○,○,-,2042,-,-
,118,어문,간행물,국회도서관,국회전자도서관,국회도서관 소장자료,藏書目錄 : 日本語圖書篇. Ⅰ-Ⅳ,-,1972,1,미부착,제1유형,무,-,藏書目錄 : 日本語圖書篇. Ⅰ-Ⅳ,-,어문,문서,-,법률,한국어,-,1905-05-25 00:00:00,-,국회도서관,-,-,-,제1유형,저작물,보호저작물,○,상업적이용가능,○,○,○,○,○,○,○,-,2042,-,-
,119,어문,간행물,국회도서관,국회전자도서관,국회도서관 소장자료,중공 관계 기사색인 : 1945-1971,-,1972,1,미부착,제1유형,무,-,중공 관계 기사색인 : 1945-1971,-,어문,문서,-,법률,한국어,-,1905-05-25 00:00:00,-,국회도서관,-,-,-,제1유형,저작물,보호저작물,○,상업적이용가능,○,○,○,○,○,○,○,-,2042,-,-
,120,어문,간행물,국회도서관,국회전자도서관,국회도서관 소장자료,中華民國의 司法制度,-,1972,1,미부착,제1유형,무,-,中華民國의 司法制度,-,어문,문서,-,법률,한국어,-,1905-05-25 00:00:00,-,국회도서관,-,-,-,제1유형,저작물,보호저작물,○,상업적이용가능,○,○,○,○,○,○,○,-,2042,-,-
,121,어문,간행물,국회도서관,국회전자도서관,국회도서관 소장자료,"統監府法令資料集. 上, 中, 下",-,1972,1,미부착,제1유형,무,-,"統監府法令資料集. 上, 中, 下",-,어문,문서,-,법률,한국어,-,1905-05-25 00:00:00,-,국회도서관,-,-,-,제1유형,저작물,보호저작물,○,상업적이용가능,○,○,○,○,○,○,○,-,2042,-,-
,122,어문,간행물,국회도서관,국회전자도서관,국회도서관 소장자료,학술단체 간행물 목록. 1972,-,1972,1,미부착,제1유형,무,-,학술단체 간행물 목록. 1972,-,어문,문서,-,법률,한국어,-,1905-05-25 00:00:00,-,국회도서관,-,-,-,제1유형,저작물,보호저작물,○,상업적이용가능,○,○,○,○,○,○,○,-,2042,-,-
,123,어문,간행물,국회도서관,국회전자도서관,국회도서관 소장자료,"欽書駁論, 單",-,1972,1,미부착,제1유형,무,-,"欽書駁論, 單",-,어문,문서,-,법률,한국어,-,1905-05-25 00:00:00,-,국회도서관,-,-,-,제1유형,저작물,보호저작물,○,상업적이용가능,○,○,○,○,○,○,○,-,2042,-,-
,124,어문,간행물,국회도서관,국회전자도서관,국회도서관 소장자료,70年代의 通商政策 : OECD貿易報告書,-,1973,1,미부착,제1유형,무,-,70年代의 通商政策 : OECD貿易報告書,-,어문,문서,-,법률,한국어,-,1905-05-26 00:00:00,-,국회도서관,-,-,-,제1유형,저작물,보호저작물,○,상업적이용가능,○,○,○,○,○,○,○,-,2043,-,-
,125,어문,간행물,국회도서관,국회전자도서관,국회도서관 소장자료,各國의 軍事力實態. 1973-1977,-,1973,1,미부착,제1유형,무,-,各國의 軍事力實態. 1973-1977,-,어문,문서,-,법률,한국어,-,1905-05-26 00:00:00,-,국회도서관,-,-,-,제1유형,저작물,보호저작물,○,상업적이용가능,○,○,○,○,○,○,○,-,2043,-,-
,126,어문,간행물,국회도서관,국회전자도서관,국회도서관 소장자료,各國의 職業訓鍊關係法規,-,1973,1,미부착,제1유형,무,-,各國의 職業訓鍊關係法規,-,어문,문서,-,법률,한국어,-,1905-05-26 00:00:00,-,국회도서관,-,-,-,제1유형,저작물,보호저작물,○,상업적이용가능,○,○,○,○,○,○,○,-,2043,-,-
,127,어문,간행물,국회도서관,국회전자도서관,국회도서관 소장자료,"各部去文, 冊1-2",-,1973,1,미부착,제1유형,무,-,"各部去文, 冊1-2",-,어문,문서,-,법률,한국어,-,1905-05-26 00:00:00,-,국회도서관,-,-,-,제1유형,저작물,보호저작물,○,상업적이용가능,○,○,○,○,○,○,○,-,2043,-,-
,128,어문,간행물,국회도서관,국회전자도서관,국회도서관 소장자료,國會圖書館年間報告書. 1972,-,1973,1,미부착,제1유형,무,-,國會圖書館年間報告書. 1972,-,어문,문서,-,법률,한국어,-,1905-05-26 00:00:00,-,국회도서관,-,-,-,제1유형,저작물,보호저작물,○,상업적이용가능,○,○,○,○,○,○,○,-,2043,-,-
,129,어문,간행물,국회도서관,국회전자도서관,국회도서관 소장자료,대한민국 법령색인. 1973,-,1973,1,미부착,제1유형,무,-,대한민국 법령색인. 1973,-,어문,문서,-,법률,한국어,-,1905-05-26 00:00:00,-,국회도서관,-,-,-,제1유형,저작물,보호저작물,○,상업적이용가능,○,○,○,○,○,○,○,-,2043,-,-
,130,어문,간행물,국회도서관,국회전자도서관,국회도서관 소장자료,白斗鎭國會議長 演說文集,-,1973,1,미부착,제1유형,무,-,白斗鎭國會議長 演說文集,-,어문,문서,-,법률,한국어,-,1905-05-26 00:00:00,-,국회도서관,-,-,-,제1유형,저작물,보호저작물,○,상업적이용가능,○,○,○,○,○,○,○,-,2043,-,-
,131,어문,간행물,국회도서관,국회전자도서관,국회도서관 소장자료,北韓 歷代最高人民會議의 構成과 그 決定事項,-,1973,1,미부착,제1유형,무,-,北韓 歷代最高人民會議의 構成과 그 決定事項,-,어문,문서,-,법률,한국어,-,1905-05-26 00:00:00,-,국회도서관,-,-,-,제1유형,저작물,보호저작물,○,상업적이용가능,○,○,○,○,○,○,○,-,2043,-,-
,132,어문,간행물,국회도서관,국회전자도서관,국회도서관 소장자료,佛蘭西憲法史,-,1973,1,미부착,제1유형,무,-,佛蘭西憲法史,-,어문,문서,-,법률,한국어,-,1905-05-26 00:00:00,-,국회도서관,-,-,-,제1유형,저작물,보호저작물,○,상업적이용가능,○,○,○,○,○,○,○,-,2043,-,-
,133,어문,간행물,국회도서관,국회전자도서관,국회도서관 소장자료,西獨·伊太利·日本의 司法制度改革案,-,1973,1,미부착,제1유형,무,-,西獨·伊太利·日本의 司法制度改革案,-,어문,문서,-,법률,한국어,-,1905-05-26 00:00:00,-,국회도서관,-,-,-,제1유형,저작물,보호저작물,○,상업적이용가능,○,○,○,○,○,○,○,-,2043,-,-
,134,어문,간행물,국회도서관,국회전자도서관,국회도서관 소장자료,蘇聯·東歐圈現況,-,1973,1,미부착,제1유형,무,-,蘇聯·東歐圈現況,-,어문,문서,-,법률,한국어,-,1905-05-26 00:00:00,-,국회도서관,-,-,-,제1유형,저작물,보호저작물,○,상업적이용가능,○,○,○,○,○,○,○,-,2043,-,-
,135,어문,간행물,국회도서관,국회전자도서관,국회도서관 소장자료,年度別豫算審議槪要,-,1973,1,미부착,제1유형,무,-,年度別豫算審議槪要,-,어문,문서,-,법률,한국어,-,1905-05-26 00:00:00,-,국회도서관,-,-,-,제1유형,저작물,보호저작물,○,상업적이용가능,○,○,○,○,○,○,○,-,2043,-,-
,136,어문,간행물,국회도서관,국회전자도서관,국회도서관 소장자료,豫算會計關係法令集,-,1973,1,미부착,제1유형,무,-,豫算會計關係法令集,-,어문,문서,-,법률,한국어,-,1905-05-26 00:00:00,-,국회도서관,-,-,-,제1유형,저작물,보호저작물,○,상업적이용가능,○,○,○,○,○,○,○,-,2043,-,-
,137,어문,간행물,국회도서관,국회전자도서관,국회도서관 소장자료,외국법 연구 : 1973,-,1973,1,미부착,제1유형,무,-,외국법 연구 : 1973,-,어문,문서,-,법률,한국어,-,1905-05-26 00:00:00,-,국회도서관,-,-,-,제1유형,저작물,보호저작물,○,상업적이용가능,○,○,○,○,○,○,○,-,2043,-,-
,138,어문,간행물,국회도서관,국회전자도서관,국회도서관 소장자료,유엔의 韓國問題處理 및 投票狀況 : 1947-1972,-,1973,1,미부착,제1유형,무,-,유엔의 韓國問題處理 및 投票狀況 : 1947-1972,-,어문,문서,-,법률,한국어,-,1905-05-26 00:00:00,-,국회도서관,-,-,-,제1유형,저작물,보호저작물,○,상업적이용가능,○,○,○,○,○,○,○,-,2043,-,-
,139,어문,간행물,국회도서관,국회전자도서관,국회도서관 소장자료,政治·行政·法律 論文總目錄 : 1945年-1972年,-,1973,1,미부착,제1유형,무,-,政治·行政·法律 論文總目錄 : 1945年-1972年,-,어문,문서,-,법률,한국어,-,1905-05-26 00:00:00,-,국회도서관,-,-,-,제1유형,저작물,보호저작물,○,상업적이용가능,○,○,○,○,○,○,○,-,2043,-,-
,140,어문,간행물,국회도서관,국회전자도서관,국회도서관 소장자료,中共經濟의 基礎資料,-,1973,1,미부착,제1유형,무,-,中共經濟의 基礎資料,-,어문,문서,-,법률,한국어,-,1905-05-26 00:00:00,-,국회도서관,-,-,-,제1유형,저작물,보호저작물,○,상업적이용가능,○,○,○,○,○,○,○,-,2043,-,-
,141,어문,간행물,국회도서관,국회전자도서관,국회도서관 소장자료,韓國史硏究論著目錄 : 1900-1960,-,1973,1,미부착,제1유형,무,-,韓國史硏究論著目錄 : 1900-1960,-,어문,문서,-,법률,한국어,-,1905-05-26 00:00:00,-,국회도서관,-,-,-,제1유형,저작물,보호저작물,○,상업적이용가능,○,○,○,○,○,○,○,-,2043,-,-
,142,어문,간행물,국회도서관,국회전자도서관,국회도서관 소장자료,韓國言論年表 : 1911-1945,-,1973,1,미부착,제1유형,무,-,韓國言論年表 : 1911-1945,-,어문,문서,-,법률,한국어,-,1905-05-26 00:00:00,-,국회도서관,-,-,-,제1유형,저작물,보호저작물,○,상업적이용가능,○,○,○,○,○,○,○,-,2043,-,-
,143,어문,간행물,국회도서관,국회전자도서관,국회도서관 소장자료,"海外資料. 1-4, 6-10",-,1973,1,미부착,제1유형,무,-,"海外資料. 1-4, 6-10",-,어문,문서,-,법률,한국어,-,1905-05-26 00:00:00,-,국회도서관,-,-,-,제1유형,저작물,보호저작물,○,상업적이용가능,○,○,○,○,○,○,○,-,2043,-,-
,144,어문,간행물,국회도서관,국회전자도서관,국회도서관 소장자료,國會圖書館年間報告書. 1973,-,1974,1,미부착,제1유형,무,-,國會圖書館年間報告書. 1973,-,어문,문서,-,법률,한국어,-,1905-05-27 00:00:00,-,국회도서관,-,-,-,제1유형,저작물,보호저작물,○,상업적이용가능,○,○,○,○,○,○,○,-,2044,-,-
,145,어문,간행물,국회도서관,국회전자도서관,국회도서관 소장자료,大韓民國臨時政府[실은 大韓民國臨時]議政院文書,-,1974,1,미부착,제1유형,무,-,大韓民國臨時政府[실은 大韓民國臨時]議政院文書,-,어문,문서,-,법률,한국어,-,1905-05-27 00:00:00,-,국회도서관,-,-,-,제1유형,저작물,보호저작물,○,상업적이용가능,○,○,○,○,○,○,○,-,2044,-,-
,146,어문,간행물,국회도서관,국회전자도서관,국회도서관 소장자료,獨立運動有功旣受勳者名單,-,1974,1,미부착,제1유형,무,-,獨立運動有功旣受勳者名單,-,어문,문서,-,법률,한국어,-,1905-05-27 00:00:00,-,국회도서관,-,-,-,제1유형,저작물,보호저작물,○,상업적이용가능,○,○,○,○,○,○,○,-,2044,-,-
,147,어문,간행물,국회도서관,국회전자도서관,국회도서관 소장자료,美·日 國會所管 豫算槪要,-,1974,1,미부착,제1유형,무,-,美·日 國會所管 豫算槪要,-,어문,문서,-,법률,한국어,-,1905-05-27 00:00:00,-,국회도서관,-,-,-,제1유형,저작물,보호저작물,○,상업적이용가능,○,○,○,○,○,○,○,-,2044,-,-
,148,어문,간행물,국회도서관,국회전자도서관,국회도서관 소장자료,臨時政府[실은 大韓民國臨時]議政院文書. 1-16,-,1974,1,미부착,제1유형,무,-,臨時政府[실은 大韓民國臨時]議政院文書. 1-16,-,어문,문서,-,법률,한국어,-,1905-05-27 00:00:00,-,국회도서관,-,-,-,제1유형,저작물,보호저작물,○,상업적이용가능,○,○,○,○,○,○,○,-,2044,-,-
,149,어문,간행물,국회도서관,국회전자도서관,국회도서관 소장자료,中共現況,-,1974,1,미부착,제1유형,무,-,中共現況,-,어문,문서,-,법률,한국어,-,1905-05-27 00:00:00,-,국회도서관,-,-,-,제1유형,저작물,보호저작물,○,상업적이용가능,○,○,○,○,○,○,○,-,2044,-,-
,150,어문,간행물,국회도서관,국회전자도서관,국회도서관 소장자료,中東問題와 國際體制,-,1974,1,미부착,제1유형,무,-,中東問題와 國際體制,-,어문,문서,-,법률,한국어,-,1905-05-27 00:00:00,-,국회도서관,-,-,-,제1유형,저작물,보호저작물,○,상업적이용가능,○,○,○,○,○,○,○,-,2044,-,-
,151,어문,간행물,국회도서관,국회전자도서관,국회도서관 소장자료,地域國家別 軍事 및 安保戰略,-,1974,1,미부착,제1유형,무,-,地域國家別 軍事 및 安保戰略,-,어문,문서,-,법률,한국어,-,1905-05-27 00:00:00,-,국회도서관,-,-,-,제1유형,저작물,보호저작물,○,상업적이용가능,○,○,○,○,○,○,○,-,2044,-,-
,152,어문,간행물,국회도서관,국회전자도서관,국회도서관 소장자료,韓國外交年表,-,1974,1,미부착,제1유형,무,-,韓國外交年表,-,어문,문서,-,법률,한국어,-,1905-05-27 00:00:00,-,국회도서관,-,-,-,제1유형,저작물,보호저작물,○,상업적이용가능,○,○,○,○,○,○,○,-,2044,-,-
,153,어문,간행물,국회도서관,국회전자도서관,국회도서관 소장자료,"海外資料. 5, 北韓의 外交年表",-,1974,1,미부착,제1유형,무,-,"海外資料. 5, 北韓의 外交年表",-,어문,문서,-,법률,한국어,-,1905-05-27 00:00:00,-,국회도서관,-,-,-,제1유형,저작물,보호저작물,○,상업적이용가능,○,○,○,○,○,○,○,-,2044,-,-
,154,어문,간행물,국회도서관,국회전자도서관,국회도서관 소장자료,IMF 및 世界銀行年次報告書,-,1975,1,미부착,제1유형,무,-,IMF 및 世界銀行年次報告書,-,어문,문서,-,법률,한국어,-,1905-05-28 00:00:00,-,국회도서관,-,-,-,제1유형,저작물,보호저작물,○,상업적이용가능,○,○,○,○,○,○,○,-,2045,-,-
,155,어문,간행물,국회도서관,국회전자도서관,국회도서관 소장자료,國會圖書館年間報告書. 1974,-,1975,1,미부착,제1유형,무,-,國會圖書館年間報告書. 1974,-,어문,문서,-,법률,한국어,-,1905-05-28 00:00:00,-,국회도서관,-,-,-,제1유형,저작물,보호저작물,○,상업적이용가능,○,○,○,○,○,○,○,-,2045,-,-
,156,어문,간행물,국회도서관,국회전자도서관,국회도서관 소장자료,國會會議錄索引. 第7-8代,-,1975,1,미부착,제1유형,무,-,國會會議錄索引. 第7-8代,-,어문,문서,-,법률,한국어,-,1905-05-28 00:00:00,-,국회도서관,-,-,-,제1유형,저작물,보호저작물,○,상업적이용가능,○,○,○,○,○,○,○,-,2045,-,-
,157,어문,간행물,국회도서관,국회전자도서관,국회도서관 소장자료,美國의 政治制度,-,1975,1,미부착,제1유형,무,-,美國의 政治制度,-,어문,문서,-,법률,한국어,-,1905-05-28 00:00:00,-,국회도서관,-,-,-,제1유형,저작물,보호저작물,○,상업적이용가능,○,○,○,○,○,○,○,-,2045,-,-
,158,어문,간행물,국회도서관,국회전자도서관,국회도서관 소장자료,日本外務省陸海軍省文書. 第1-2輯,-,1975,1,미부착,제1유형,무,-,日本外務省陸海軍省文書. 第1-2輯,-,어문,문서,-,법률,한국어,-,1905-05-28 00:00:00,-,국회도서관,-,-,-,제1유형,저작물,보호저작물,○,상업적이용가능,○,○,○,○,○,○,○,-,2045,-,-
,159,어문,간행물,국회도서관,국회전자도서관,국회도서관 소장자료,日本外務省陸海軍省文書. 第3-4輯,-,1975,1,미부착,제1유형,무,-,日本外務省陸海軍省文書. 第3-4輯,-,어문,문서,-,법률,한국어,-,1905-05-28 00:00:00,-,국회도서관,-,-,-,제1유형,저작물,보호저작물,○,상업적이용가능,○,○,○,○,○,○,○,-,2045,-,-
,160,어문,간행물,국회도서관,국회전자도서관,국회도서관 소장자료,日本外務省陸海軍省文書. 第5輯,-,1975,1,미부착,제1유형,무,-,日本外務省陸海軍省文書. 第5輯,-,어문,문서,-,법률,한국어,-,1905-05-28 00:00:00,-,국회도서관,-,-,-,제1유형,저작물,보호저작물,○,상업적이용가능,○,○,○,○,○,○,○,-,2045,-,-
,161,어문,간행물,국회도서관,국회전자도서관,국회도서관 소장자료,主要國의 行政機構,-,1975,1,미부착,제1유형,무,-,主要國의 行政機構,-,어문,문서,-,법률,한국어,-,1905-05-28 00:00:00,-,국회도서관,-,-,-,제1유형,저작물,보호저작물,○,상업적이용가능,○,○,○,○,○,○,○,-,2045,-,-
,162,어문,간행물,국회도서관,국회전자도서관,국회도서관 소장자료,"海外資料. 11-12, 14-20",-,1975,1,미부착,제1유형,무,-,"海外資料. 11-12, 14-20",-,어문,문서,-,법률,한국어,-,1905-05-28 00:00:00,-,국회도서관,-,-,-,제1유형,저작물,보호저작물,○,상업적이용가능,○,○,○,○,○,○,○,-,2045,-,-
,163,어문,간행물,국회도서관,국회전자도서관,국회도서관 소장자료,海外資料. 21-30,-,1975,1,미부착,제1유형,무,-,海外資料. 21-30,-,어문,문서,-,법률,한국어,-,1905-05-28 00:00:00,-,국회도서관,-,-,-,제1유형,저작물,보호저작물,○,상업적이용가능,○,○,○,○,○,○,○,-,2045,-,-
,164,어문,간행물,국회도서관,국회전자도서관,국회도서관 소장자료,國會圖書館年間報告書. 1975,-,1976,1,미부착,제1유형,무,-,國會圖書館年間報告書. 1975,-,어문,문서,-,법률,한국어,-,1905-05-29 00:00:00,-,국회도서관,-,-,-,제1유형,저작물,보호저작물,○,상업적이용가능,○,○,○,○,○,○,○,-,2046,-,-
,165,어문,간행물,국회도서관,국회전자도서관,국회도서관 소장자료,美國·中共·軍備制限,-,1976,1,미부착,제1유형,무,-,美國·中共·軍備制限,-,어문,문서,-,법률,한국어,-,1905-05-29 00:00:00,-,국회도서관,-,-,-,제1유형,저작물,보호저작물,○,상업적이용가능,○,○,○,○,○,○,○,-,2046,-,-
,166,어문,간행물,국회도서관,국회전자도서관,국회도서관 소장자료,法制의 理論과 實際,-,1976,1,미부착,제1유형,무,-,法制의 理論과 實際,-,어문,문서,-,법률,한국어,-,1905-05-29 00:00:00,-,국회도서관,-,-,-,제1유형,저작물,보호저작물,○,상업적이용가능,○,○,○,○,○,○,○,-,2046,-,-
,167,어문,간행물,국회도서관,국회전자도서관,국회도서관 소장자료,원고작성에 관한 참고자료,-,1976,1,미부착,제1유형,무,-,원고작성에 관한 참고자료,-,어문,문서,-,법률,한국어,-,1905-05-29 00:00:00,-,국회도서관,-,-,-,제1유형,저작물,보호저작물,○,상업적이용가능,○,○,○,○,○,○,○,-,2046,-,-
,168,어문,간행물,국회도서관,국회전자도서관,국회도서관 소장자료,丁一權國會議長演說文集,-,1976,1,미부착,제1유형,무,-,丁一權國會議長演說文集,-,어문,문서,-,법률,한국어,-,1905-05-29 00:00:00,-,국회도서관,-,-,-,제1유형,저작물,보호저작물,○,상업적이용가능,○,○,○,○,○,○,○,-,2046,-,-
,169,어문,간행물,국회도서관,국회전자도서관,국회도서관 소장자료,最近의 中共政治情勢,-,1976,1,미부착,제1유형,무,-,最近의 中共政治情勢,-,어문,문서,-,법률,한국어,-,1905-05-29 00:00:00,-,국회도서관,-,-,-,제1유형,저작물,보호저작물,○,상업적이용가능,○,○,○,○,○,○,○,-,2046,-,-
,170,어문,간행물,국회도서관,국회전자도서관,국회도서관 소장자료,國會圖書館年間報告書. 1976,-,1977,1,미부착,제1유형,무,-,國會圖書館年間報告書. 1976,-,어문,문서,-,법률,한국어,-,1905-05-30 00:00:00,-,국회도서관,-,-,-,제1유형,저작물,보호저작물,○,상업적이용가능,○,○,○,○,○,○,○,-,2047,-,-
,171,어문,간행물,국회도서관,국회전자도서관,국회도서관 소장자료,대한민국 법령색인. 1948-1976,-,1977,1,미부착,제1유형,무,-,대한민국 법령색인. 1948-1976,-,어문,문서,-,법률,한국어,-,1905-05-30 00:00:00,-,국회도서관,-,-,-,제1유형,저작물,보호저작물,○,상업적이용가능,○,○,○,○,○,○,○,-,2047,-,-
,172,어문,간행물,국회도서관,국회전자도서관,국회도서관 소장자료,大韓民國臨時政府[及]議政院議政要人寫眞帖,-,1977,1,미부착,제1유형,무,-,大韓民國臨時政府[及]議政院議政要人寫眞帖,-,어문,문서,-,법률,한국어,-,1905-05-30 00:00:00,-,국회도서관,-,-,-,제1유형,저작물,보호저작물,○,상업적이용가능,○,○,○,○,○,○,○,-,2047,-,-
,173,어문,간행물,국회도서관,국회전자도서관,국회도서관 소장자료,美·英·日의 海洋汚染防止法 및 國際協約,-,1977,1,미부착,제1유형,무,-,美·英·日의 海洋汚染防止法 및 國際協約,-,어문,문서,-,법률,한국어,-,1905-05-30 00:00:00,-,국회도서관,-,-,-,제1유형,저작물,보호저작물,○,상업적이용가능,○,○,○,○,○,○,○,-,2047,-,-
,174,어문,간행물,국회도서관,국회전자도서관,국회도서관 소장자료,美國議會議員略歷 : 聯邦議會. 第95回,-,1977,1,미부착,제1유형,무,-,美國議會議員略歷 : 聯邦議會. 第95回,-,어문,문서,-,법률,한국어,-,1905-05-30 00:00:00,-,국회도서관,-,-,-,제1유형,저작물,보호저작물,○,상업적이용가능,○,○,○,○,○,○,○,-,2047,-,-
,175,어문,간행물,국회도서관,국회전자도서관,국회도서관 소장자료,世界軍事力과 勢力分散,-,1977,1,미부착,제1유형,무,-,世界軍事力과 勢力分散,-,어문,문서,-,법률,한국어,-,1905-05-30 00:00:00,-,국회도서관,-,-,-,제1유형,저작물,보호저작물,○,상업적이용가능,○,○,○,○,○,○,○,-,2047,-,-
,176,어문,간행물,국회도서관,국회전자도서관,국회도서관 소장자료,世界主要問題現況,-,1977,1,미부착,제1유형,무,-,世界主要問題現況,-,어문,문서,-,법률,한국어,-,1905-05-30 00:00:00,-,국회도서관,-,-,-,제1유형,저작물,보호저작물,○,상업적이용가능,○,○,○,○,○,○,○,-,2047,-,-
,177,어문,간행물,국회도서관,국회전자도서관,국회도서관 소장자료,蘇聯·北傀間各種條約締結現況 : 1948.9-1976.5,-,1977,1,미부착,제1유형,무,-,蘇聯·北傀間各種條約締結現況 : 1948.9-1976.5,-,어문,문서,-,법률,한국어,-,1905-05-30 00:00:00,-,국회도서관,-,-,-,제1유형,저작물,보호저작물,○,상업적이용가능,○,○,○,○,○,○,○,-,2047,-,-
,178,어문,간행물,국회도서관,국회전자도서관,국회도서관 소장자료,蘇聯에 있어서 韓國,-,1977,1,미부착,제1유형,무,-,蘇聯에 있어서 韓國,-,어문,문서,-,법률,한국어,-,1905-05-30 00:00:00,-,국회도서관,-,-,-,제1유형,저작물,보호저작물,○,상업적이용가능,○,○,○,○,○,○,○,-,2047,-,-
,179,어문,간행물,국회도서관,국회전자도서관,국회도서관 소장자료,蘇聯의 新憲法 草案,-,1977,1,미부착,제1유형,무,-,蘇聯의 新憲法 草案,-,어문,문서,-,법률,한국어,-,1905-05-30 00:00:00,-,국회도서관,-,-,-,제1유형,저작물,보호저작물,○,상업적이용가능,○,○,○,○,○,○,○,-,2047,-,-
,180,어문,간행물,국회도서관,국회전자도서관,국회도서관 소장자료,歷代豫算關係資料. 1961-1977,-,1977,1,미부착,제1유형,무,-,歷代豫算關係資料. 1961-1977,-,어문,문서,-,법률,한국어,-,1905-05-30 00:00:00,-,국회도서관,-,-,-,제1유형,저작물,보호저작물,○,상업적이용가능,○,○,○,○,○,○,○,-,2047,-,-
,181,어문,간행물,국회도서관,국회전자도서관,국회도서관 소장자료,中共·北傀間 各種條約締結現況,-,1977,1,미부착,제1유형,무,-,中共·北傀間 各種條約締結現況,-,어문,문서,-,법률,한국어,-,1905-05-30 00:00:00,-,국회도서관,-,-,-,제1유형,저작물,보호저작물,○,상업적이용가능,○,○,○,○,○,○,○,-,2047,-,-
,182,어문,간행물,국회도서관,국회전자도서관,국회도서관 소장자료,"海外資料. 第31輯, 各國의 言論機關現況",-,1977,1,미부착,제1유형,무,-,"海外資料. 第31輯, 各國의 言論機關現況",-,어문,문서,-,법률,한국어,-,1905-05-30 00:00:00,-,국회도서관,-,-,-,제1유형,저작물,보호저작물,○,상업적이용가능,○,○,○,○,○,○,○,-,2047,-,-
,183,어문,간행물,국회도서관,국회전자도서관,국회도서관 소장자료,"海外資料. 第32輯, 中共의 對外論調集",-,1977,1,미부착,제1유형,무,-,"海外資料. 第32輯, 中共의 對外論調集",-,어문,문서,-,법률,한국어,-,1905-05-30 00:00:00,-,국회도서관,-,-,-,제1유형,저작물,보호저작물,○,상업적이용가능,○,○,○,○,○,○,○,-,2047,-,-
,184,어문,간행물,국회도서관,국회전자도서관,국회도서관 소장자료,"海外資料. 第33輯, 東南亞政治要人錄",-,1977,1,미부착,제1유형,무,-,"海外資料. 第33輯, 東南亞政治要人錄",-,어문,문서,-,법률,한국어,-,1905-05-30 00:00:00,-,국회도서관,-,-,-,제1유형,저작물,보호저작물,○,상업적이용가능,○,○,○,○,○,○,○,-,2047,-,-
,185,어문,간행물,국회도서관,국회전자도서관,국회도서관 소장자료,"海外資料. 第34輯, 아시아의 主要動向(1976年)",-,1977,1,미부착,제1유형,무,-,"海外資料. 第34輯, 아시아의 主要動向(1976年)",-,어문,문서,-,법률,한국어,-,1905-05-30 00:00:00,-,국회도서관,-,-,-,제1유형,저작물,보호저작물,○,상업적이용가능,○,○,○,○,○,○,○,-,2047,-,-
,186,어문,간행물,국회도서관,국회전자도서관,국회도서관 소장자료,"海外資料. 第35輯, 中東人名錄",-,1977,1,미부착,제1유형,무,-,"海外資料. 第35輯, 中東人名錄",-,어문,문서,-,법률,한국어,-,1905-05-30 00:00:00,-,국회도서관,-,-,-,제1유형,저작물,보호저작물,○,상업적이용가능,○,○,○,○,○,○,○,-,2047,-,-
,187,어문,간행물,국회도서관,국회전자도서관,국회도서관 소장자료,"海外資料. 第37輯, 中共의 外交年表(1949-1976)",-,1977,1,미부착,제1유형,무,-,"海外資料. 第37輯, 中共의 外交年表(1949-1976)",-,어문,문서,-,법률,한국어,-,1905-05-30 00:00:00,-,국회도서관,-,-,-,제1유형,저작물,보호저작물,○,상업적이용가능,○,○,○,○,○,○,○,-,2047,-,-
,188,어문,간행물,국회도서관,국회전자도서관,국회도서관 소장자료,各國의 軍事力實態. 1978-1981,-,1978,1,미부착,제1유형,무,-,各國의 軍事力實態. 1978-1981,-,어문,문서,-,법률,한국어,-,1905-05-31 00:00:00,-,국회도서관,-,-,-,제1유형,저작물,보호저작물,○,상업적이용가능,○,○,○,○,○,○,○,-,2048,-,-
,189,어문,간행물,국회도서관,국회전자도서관,국회도서관 소장자료,科學技術 10個年 基本計劃 : 日本,-,1978,1,미부착,제1유형,무,-,科學技術 10個年 基本計劃 : 日本,-,어문,문서,-,법률,한국어,-,1905-05-31 00:00:00,-,국회도서관,-,-,-,제1유형,저작물,보호저작물,○,상업적이용가능,○,○,○,○,○,○,○,-,2048,-,-
,190,어문,간행물,국회도서관,국회전자도서관,국회도서관 소장자료,國會刊行物目錄 및 索引,-,1978,1,미부착,제1유형,무,-,國會刊行物目錄 및 索引,-,어문,문서,-,법률,한국어,-,1905-05-31 00:00:00,-,국회도서관,-,-,-,제1유형,저작물,보호저작물,○,상업적이용가능,○,○,○,○,○,○,○,-,2048,-,-
,191,어문,간행물,국회도서관,국회전자도서관,국회도서관 소장자료,國會圖書館年間報告書. 1977,-,1978,1,미부착,제1유형,무,-,國會圖書館年間報告書. 1977,-,어문,문서,-,법률,한국어,-,1905-05-31 00:00:00,-,국회도서관,-,-,-,제1유형,저작물,보호저작물,○,상업적이용가능,○,○,○,○,○,○,○,-,2048,-,-
,192,어문,간행물,국회도서관,국회전자도서관,국회도서관 소장자료,蘇聯과 아프리카,-,1978,1,미부착,제1유형,무,-,蘇聯과 아프리카,-,어문,문서,-,법률,한국어,-,1905-05-31 00:00:00,-,국회도서관,-,-,-,제1유형,저작물,보호저작물,○,상업적이용가능,○,○,○,○,○,○,○,-,2048,-,-
,193,어문,간행물,국회도서관,국회전자도서관,국회도서관 소장자료,蘇聯官僚體制의 本質,-,1978,1,미부착,제1유형,무,-,蘇聯官僚體制의 本質,-,어문,문서,-,법률,한국어,-,1905-05-31 00:00:00,-,국회도서관,-,-,-,제1유형,저작물,보호저작물,○,상업적이용가능,○,○,○,○,○,○,○,-,2048,-,-
,194,어문,간행물,국회도서관,국회전자도서관,국회도서관 소장자료,立法參考資料. 211-215,-,1978,1,미부착,제1유형,무,-,立法參考資料. 211-215,-,어문,문서,-,법률,한국어,-,1905-05-31 00:00:00,-,국회도서관,-,-,-,제1유형,저작물,보호저작물,○,상업적이용가능,○,○,○,○,○,○,○,-,2048,-,-
,195,어문,간행물,국회도서관,국회전자도서관,국회도서관 소장자료,主要國의 豫算動向,-,1978,1,미부착,제1유형,무,-,主要國의 豫算動向,-,어문,문서,-,법률,한국어,-,1905-05-31 00:00:00,-,국회도서관,-,-,-,제1유형,저작물,보호저작물,○,상업적이용가능,○,○,○,○,○,○,○,-,2048,-,-
,196,어문,간행물,국회도서관,국회전자도서관,국회도서관 소장자료,最近의 北傀 經濟政策 : 1970年代 經濟計劃을 中心으로,-,1978,1,미부착,제1유형,무,-,最近의 北傀 經濟政策 : 1970年代 經濟計劃을 中心으로,-,어문,문서,-,법률,한국어,-,1905-05-31 00:00:00,-,국회도서관,-,-,-,제1유형,저작물,보호저작물,○,상업적이용가능,○,○,○,○,○,○,○,-,2048,-,-
,197,어문,간행물,국회도서관,국회전자도서관,국회도서관 소장자료,最近의 北傀社會政策,-,1978,1,미부착,제1유형,무,-,最近의 北傀社會政策,-,어문,문서,-,법률,한국어,-,1905-05-31 00:00:00,-,국회도서관,-,-,-,제1유형,저작물,보호저작물,○,상업적이용가능,○,○,○,○,○,○,○,-,2048,-,-
,198,어문,간행물,국회도서관,국회전자도서관,국회도서관 소장자료,最近의 北傀政治情勢 : 金正日被擊事件을 中心으로,-,1978,1,미부착,제1유형,무,-,最近의 北傀政治情勢 : 金正日被擊事件을 中心으로,-,어문,문서,-,법률,한국어,-,1905-05-31 00:00:00,-,국회도서관,-,-,-,제1유형,저작물,보호저작물,○,상업적이용가능,○,○,○,○,○,○,○,-,2048,-,-
,199,어문,간행물,국회도서관,국회전자도서관,국회도서관 소장자료,韓國言論關係文獻索引 : 韓末-1977年,-,1978,1,미부착,제1유형,무,-,韓國言論關係文獻索引 : 韓末-1977年,-,어문,문서,-,법률,한국어,-,1905-05-31 00:00:00,-,국회도서관,-,-,-,제1유형,저작물,보호저작물,○,상업적이용가능,○,○,○,○,○,○,○,-,2048,-,-
,200,어문,간행물,국회도서관,국회전자도서관,국회도서관 소장자료,海外資料. 36,-,1978,1,미부착,제1유형,무,-,海外資料. 36,-,어문,문서,-,법률,한국어,-,1905-05-31 00:00:00,-,국회도서관,-,-,-,제1유형,저작물,보호저작물,○,상업적이용가능,○,○,○,○,○,○,○,-,2048,-,-
,201,어문,간행물,국회도서관,국회전자도서관,국회도서관 소장자료,海外資料. 40,-,1978,1,미부착,제1유형,무,-,海外資料. 40,-,어문,문서,-,법률,한국어,-,1905-05-31 00:00:00,-,국회도서관,-,-,-,제1유형,저작물,보호저작물,○,상업적이용가능,○,○,○,○,○,○,○,-,2048,-,-
,202,어문,간행물,국회도서관,국회전자도서관,국회도서관 소장자료,海外資料. 41-50,-,1978,1,미부착,제1유형,무,-,海外資料. 41-50,-,어문,문서,-,법률,한국어,-,1905-05-31 00:00:00,-,국회도서관,-,-,-,제1유형,저작물,보호저작물,○,상업적이용가능,○,○,○,○,○,○,○,-,2048,-,-
,203,어문,간행물,국회도서관,국회전자도서관,국회도서관 소장자료,"海外資料. 第38輯, 中共事典",-,1978,1,미부착,제1유형,무,-,"海外資料. 第38輯, 中共事典",-,어문,문서,-,법률,한국어,-,1905-05-31 00:00:00,-,국회도서관,-,-,-,제1유형,저작물,보호저작물,○,상업적이용가능,○,○,○,○,○,○,○,-,2048,-,-
,204,어문,간행물,국회도서관,국회전자도서관,국회도서관 소장자료,"海外資料. 第39輯, 各國의 政黨現況",-,1978,1,미부착,제1유형,무,-,"海外資料. 第39輯, 各國의 政黨現況",-,어문,문서,-,법률,한국어,-,1905-05-31 00:00:00,-,국회도서관,-,-,-,제1유형,저작물,보호저작물,○,상업적이용가능,○,○,○,○,○,○,○,-,2048,-,-
,205,어문,간행물,국회도서관,국회전자도서관,국회도서관 소장자료,各國의 매스컴資料集,-,1979,1,미부착,제1유형,무,-,各國의 매스컴資料集,-,어문,문서,-,법률,한국어,-,1905-06-01 00:00:00,-,국회도서관,-,-,-,제1유형,저작물,보호저작물,○,상업적이용가능,○,○,○,○,○,○,○,-,2049,-,-
,206,어문,간행물,국회도서관,국회전자도서관,국회도서관 소장자료,"各國憲法 : 美國, 佛蘭西, 西獨, 伊太利, 日本",-,1979,1,미부착,제1유형,무,-,"各國憲法 : 美國, 佛蘭西, 西獨, 伊太利, 日本",-,어문,문서,-,법률,한국어,-,1905-06-01 00:00:00,-,국회도서관,-,-,-,제1유형,저작물,보호저작물,○,상업적이용가능,○,○,○,○,○,○,○,-,2049,-,-
,207,어문,간행물,국회도서관,국회전자도서관,국회도서관 소장자료,國會圖書館年間報告書. 1978,-,1979,1,미부착,제1유형,무,-,國會圖書館年間報告書. 1978,-,어문,문서,-,법률,한국어,-,1905-06-01 00:00:00,-,국회도서관,-,-,-,제1유형,저작물,보호저작물,○,상업적이용가능,○,○,○,○,○,○,○,-,2049,-,-
,208,어문,간행물,국회도서관,국회전자도서관,국회도서관 소장자료,國會會議錄索引. 第9代,-,1979,1,미부착,제1유형,무,-,國會會議錄索引. 第9代,-,어문,문서,-,법률,한국어,-,1905-06-01 00:00:00,-,국회도서관,-,-,-,제1유형,저작물,보호저작물,○,상업적이용가능,○,○,○,○,○,○,○,-,2049,-,-
,209,어문,간행물,국회도서관,국회전자도서관,국회도서관 소장자료,極東에 있어서의 美·蘇 軍事力 均衡,-,1979,1,미부착,제1유형,무,-,極東에 있어서의 美·蘇 軍事力 均衡,-,어문,문서,-,법률,한국어,-,1905-06-01 00:00:00,-,국회도서관,-,-,-,제1유형,저작물,보호저작물,○,상업적이용가능,○,○,○,○,○,○,○,-,2049,-,-
,210,어문,간행물,국회도서관,국회전자도서관,국회도서관 소장자료,대한민국 법령색인 : 추록. 1977-1978,-,1979,1,미부착,제1유형,무,-,대한민국 법령색인 : 추록. 1977-1978,-,어문,문서,-,법률,한국어,-,1905-06-01 00:00:00,-,국회도서관,-,-,-,제1유형,저작물,보호저작물,○,상업적이용가능,○,○,○,○,○,○,○,-,2049,-,-
,211,어문,간행물,국회도서관,국회전자도서관,국회도서관 소장자료,北韓人物錄,-,1979,1,미부착,제1유형,무,-,北韓人物錄,-,어문,문서,-,법률,한국어,-,1905-06-01 00:00:00,-,국회도서관,-,-,-,제1유형,저작물,보호저작물,○,상업적이용가능,○,○,○,○,○,○,○,-,2049,-,-
,212,어문,간행물,국회도서관,국회전자도서관,국회도서관 소장자료,歷代憲法對比,-,1979,1,미부착,제1유형,무,-,歷代憲法對比,-,어문,문서,-,법률,한국어,-,1905-06-01 00:00:00,-,국회도서관,-,-,-,제1유형,저작물,보호저작물,○,상업적이용가능,○,○,○,○,○,○,○,-,2049,-,-
,213,어문,간행물,국회도서관,국회전자도서관,국회도서관 소장자료,儀典便覽,-,1979,1,미부착,제1유형,무,-,儀典便覽,-,어문,문서,-,법률,한국어,-,1905-06-01 00:00:00,-,국회도서관,-,-,-,제1유형,저작물,보호저작물,○,상업적이용가능,○,○,○,○,○,○,○,-,2049,-,-
,214,어문,간행물,국회도서관,국회전자도서관,국회도서관 소장자료,"海外資料. 51-57, 59-61",-,1979,1,미부착,제1유형,무,-,"海外資料. 51-57, 59-61",-,어문,문서,-,법률,한국어,-,1905-06-01 00:00:00,-,국회도서관,-,-,-,제1유형,저작물,보호저작물,○,상업적이용가능,○,○,○,○,○,○,○,-,2049,-,-
,215,어문,간행물,국회도서관,국회전자도서관,국회도서관 소장자료,OPEC의 實體,-,1980,1,미부착,제1유형,무,-,OPEC의 實體,-,어문,문서,-,법률,한국어,-,1905-06-02 00:00:00,-,국회도서관,-,-,-,제1유형,저작물,보호저작물,○,상업적이용가능,○,○,○,○,○,○,○,-,2050,-,-
,216,어문,간행물,국회도서관,국회전자도서관,국회도서관 소장자료,國會圖書館年間報告書. 1979,-,1980,1,미부착,제1유형,무,-,國會圖書館年間報告書. 1979,-,어문,문서,-,법률,한국어,-,1905-06-02 00:00:00,-,국회도서관,-,-,-,제1유형,저작물,보호저작물,○,상업적이용가능,○,○,○,○,○,○,○,-,2050,-,-
,217,어문,간행물,국회도서관,국회전자도서관,국회도서관 소장자료,軍備競爭이냐 軍備縮小냐?,-,1980,1,미부착,제1유형,무,-,軍備競爭이냐 軍備縮小냐?,-,어문,문서,-,법률,한국어,-,1905-06-02 00:00:00,-,국회도서관,-,-,-,제1유형,저작물,보호저작물,○,상업적이용가능,○,○,○,○,○,○,○,-,2050,-,-
,218,어문,간행물,국회도서관,국회전자도서관,국회도서관 소장자료,美國의 對蘇·中·日 政策,-,1980,1,미부착,제1유형,무,-,美國의 對蘇·中·日 政策,-,어문,문서,-,법률,한국어,-,1905-06-02 00:00:00,-,국회도서관,-,-,-,제1유형,저작물,보호저작물,○,상업적이용가능,○,○,○,○,○,○,○,-,2050,-,-
,219,어문,간행물,국회도서관,국회전자도서관,국회도서관 소장자료,北韓經濟關係報道集. 1979,-,1980,1,미부착,제1유형,무,-,北韓經濟關係報道集. 1979,-,어문,문서,-,법률,한국어,-,1905-06-02 00:00:00,-,국회도서관,-,-,-,제1유형,저작물,보호저작물,○,상업적이용가능,○,○,○,○,○,○,○,-,2050,-,-
,220,어문,간행물,국회도서관,국회전자도서관,국회도서관 소장자료,北韓의 外交年表 : 1978-1979,-,1980,1,미부착,제1유형,무,-,北韓의 外交年表 : 1978-1979,-,어문,문서,-,법률,한국어,-,1905-06-02 00:00:00,-,국회도서관,-,-,-,제1유형,저작물,보호저작물,○,상업적이용가능,○,○,○,○,○,○,○,-,2050,-,-
,221,어문,간행물,국회도서관,국회전자도서관,국회도서관 소장자료,消費者保護行政에 關한 參考資料,-,1980,1,미부착,제1유형,무,-,消費者保護行政에 關한 參考資料,-,어문,문서,-,법률,한국어,-,1905-06-02 00:00:00,-,국회도서관,-,-,-,제1유형,저작물,보호저작물,○,상업적이용가능,○,○,○,○,○,○,○,-,2050,-,-
,222,어문,간행물,국회도서관,국회전자도서관,국회도서관 소장자료,아시아의 安保環境 : 1980年,-,1980,1,미부착,제1유형,무,-,아시아의 安保環境 : 1980年,-,어문,문서,-,법률,한국어,-,1905-06-02 00:00:00,-,국회도서관,-,-,-,제1유형,저작물,보호저작물,○,상업적이용가능,○,○,○,○,○,○,○,-,2050,-,-
,223,어문,간행물,국회도서관,국회전자도서관,국회도서관 소장자료,歷代 國會議員選擧法對比,-,1980,1,미부착,제1유형,무,-,歷代 國會議員選擧法對比,-,어문,문서,-,법률,한국어,-,1905-06-02 00:00:00,-,국회도서관,-,-,-,제1유형,저작물,보호저작물,○,상업적이용가능,○,○,○,○,○,○,○,-,2050,-,-
,224,어문,간행물,국회도서관,국회전자도서관,국회도서관 소장자료,"立法參考資料. 216, 218",-,1980,1,미부착,제1유형,무,-,"立法參考資料. 216, 218",-,어문,문서,-,법률,한국어,-,1905-06-02 00:00:00,-,국회도서관,-,-,-,제1유형,저작물,보호저작물,○,상업적이용가능,○,○,○,○,○,○,○,-,2050,-,-
,225,어문,간행물,국회도서관,국회전자도서관,국회도서관 소장자료,"立法參考資料. 217, 北韓의 主要論調 : 19801.1-6.30",-,1980,1,미부착,제1유형,무,-,"立法參考資料. 217, 北韓의 主要論調 : 19801.1-6.30",-,어문,문서,-,법률,한국어,-,1905-06-02 00:00:00,-,국회도서관,-,-,-,제1유형,저작물,보호저작물,○,상업적이용가능,○,○,○,○,○,○,○,-,2050,-,-
,226,어문,간행물,국회도서관,국회전자도서관,국회도서관 소장자료,"立法參考資料. 219, 220",-,1980,1,미부착,제1유형,무,-,"立法參考資料. 219, 220",-,어문,문서,-,법률,한국어,-,1905-06-02 00:00:00,-,국회도서관,-,-,-,제1유형,저작물,보호저작물,○,상업적이용가능,○,○,○,○,○,○,○,-,2050,-,-
,227,어문,간행물,국회도서관,국회전자도서관,국회도서관 소장자료,韓國安保와 1980年代의 東北亞情勢,-,1980,1,미부착,제1유형,무,-,韓國安保와 1980年代의 東北亞情勢,-,어문,문서,-,법률,한국어,-,1905-06-02 00:00:00,-,국회도서관,-,-,-,제1유형,저작물,보호저작물,○,상업적이용가능,○,○,○,○,○,○,○,-,2050,-,-
,228,어문,간행물,국회도서관,국회전자도서관,국회도서관 소장자료,國會會議錄索引. 第4-5代(第29-38回),-,1981,1,미부착,제1유형,무,-,國會會議錄索引. 第4-5代(第29-38回),-,어문,문서,-,법률,한국어,-,1905-06-03 00:00:00,-,국회도서관,-,-,-,제1유형,저작물,보호저작물,○,상업적이용가능,○,○,○,○,○,○,○,-,2051,-,-
,229,어문,간행물,국회도서관,국회전자도서관,국회도서관 소장자료,대한민국 법령색인 : 추록. 1979-1980,-,1981,1,미부착,제1유형,무,-,대한민국 법령색인 : 추록. 1979-1980,-,어문,문서,-,법률,한국어,-,1905-06-03 00:00:00,-,국회도서관,-,-,-,제1유형,저작물,보호저작물,○,상업적이용가능,○,○,○,○,○,○,○,-,2051,-,-
,230,어문,간행물,국회도서관,국회전자도서관,국회도서관 소장자료,圖書館年間報告書. 1980,-,1981,1,미부착,제1유형,무,-,圖書館年間報告書. 1980,-,어문,문서,-,법률,한국어,-,1905-06-03 00:00:00,-,국회도서관,-,-,-,제1유형,저작물,보호저작물,○,상업적이용가능,○,○,○,○,○,○,○,-,2051,-,-
,231,어문,간행물,국회도서관,국회전자도서관,국회도서관 소장자료,美國議會議員略歷 : 聯邦議會. 第97回,-,1981,1,미부착,제1유형,무,-,美國議會議員略歷 : 聯邦議會. 第97回,-,어문,문서,-,법률,한국어,-,1905-06-03 00:00:00,-,국회도서관,-,-,-,제1유형,저작물,보호저작물,○,상업적이용가능,○,○,○,○,○,○,○,-,2051,-,-
,232,어문,간행물,국회도서관,국회전자도서관,국회도서관 소장자료,社會科學論文記事索引. Ⅰ-Ⅱ,-,1981,1,미부착,제1유형,무,-,社會科學論文記事索引. Ⅰ-Ⅱ,-,어문,문서,-,법률,한국어,-,1905-06-03 00:00:00,-,국회도서관,-,-,-,제1유형,저작물,보호저작물,○,상업적이용가능,○,○,○,○,○,○,○,-,2051,-,-
,233,어문,간행물,국회도서관,국회전자도서관,국회도서관 소장자료,日本國會議員略歷 : 衆議院·參議院,-,1981,1,미부착,제1유형,무,-,日本國會議員略歷 : 衆議院·參議院,-,어문,문서,-,법률,한국어,-,1905-06-03 00:00:00,-,국회도서관,-,-,-,제1유형,저작물,보호저작물,○,상업적이용가능,○,○,○,○,○,○,○,-,2051,-,-
,234,어문,간행물,국회도서관,국회전자도서관,국회도서관 소장자료,立法參考資料. 221-223,-,1981,1,미부착,제1유형,무,-,立法參考資料. 221-223,-,어문,문서,-,법률,한국어,-,1905-06-03 00:00:00,-,국회도서관,-,-,-,제1유형,저작물,보호저작물,○,상업적이용가능,○,○,○,○,○,○,○,-,2051,-,-
,235,어문,간행물,국회도서관,국회전자도서관,국회도서관 소장자료,藏書目錄 : 西洋諸語圖書篇(Ⅱ),-,1981,1,미부착,제1유형,무,-,藏書目錄 : 西洋諸語圖書篇(Ⅱ),-,어문,문서,-,법률,한국어,-,1905-06-03 00:00:00,-,국회도서관,-,-,-,제1유형,저작물,보호저작물,○,상업적이용가능,○,○,○,○,○,○,○,-,2051,-,-
,236,어문,간행물,국회도서관,국회전자도서관,국회도서관 소장자료,"海外資料. 58, 北韓의 主要論調 : 1980.7.1-12.31",-,1981,1,미부착,제1유형,무,-,"海外資料. 58, 北韓의 主要論調 : 1980.7.1-12.31",-,어문,문서,-,법률,한국어,-,1905-06-03 00:00:00,-,국회도서관,-,-,-,제1유형,저작물,보호저작물,○,상업적이용가능,○,○,○,○,○,○,○,-,2051,-,-
,237,어문,간행물,국회도서관,국회전자도서관,국회도서관 소장자료,"海外資料. 60, 北韓要覽",-,1981,1,미부착,제1유형,무,-,"海外資料. 60, 北韓要覽",-,어문,문서,-,법률,한국어,-,1905-06-03 00:00:00,-,국회도서관,-,-,-,제1유형,저작물,보호저작물,○,상업적이용가능,○,○,○,○,○,○,○,-,2051,-,-
,238,어문,간행물,국회도서관,국회전자도서관,국회도서관 소장자료,(國會圖書館所藏)올림픽 및 스포츠 資料目錄,-,1982,1,미부착,제1유형,무,-,(國會圖書館所藏)올림픽 및 스포츠 資料目錄,-,어문,문서,-,법률,한국어,-,1905-06-04 00:00:00,-,국회도서관,-,-,-,제1유형,저작물,보호저작물,○,상업적이용가능,○,○,○,○,○,○,○,-,2052,-,-
,239,어문,간행물,국회도서관,국회전자도서관,국회도서관 소장자료,各國의 外國銀行規制實態,-,1982,1,미부착,제1유형,무,-,各國의 外國銀行規制實態,-,어문,문서,-,법률,한국어,-,1905-06-04 00:00:00,-,국회도서관,-,-,-,제1유형,저작물,보호저작물,○,상업적이용가능,○,○,○,○,○,○,○,-,2052,-,-
,240,어문,간행물,국회도서관,국회전자도서관,국회도서관 소장자료,國際機構의 農業開發活動,-,1982,1,미부착,제1유형,무,-,國際機構의 農業開發活動,-,어문,문서,-,법률,한국어,-,1905-06-04 00:00:00,-,국회도서관,-,-,-,제1유형,저작물,보호저작물,○,상업적이용가능,○,○,○,○,○,○,○,-,2052,-,-
,241,어문,간행물,국회도서관,국회전자도서관,국회도서관 소장자료,國會圖書館年間報告書. 1981,-,1982,1,미부착,제1유형,무,-,國會圖書館年間報告書. 1981,-,어문,문서,-,법률,한국어,-,1905-06-04 00:00:00,-,국회도서관,-,-,-,제1유형,저작물,보호저작물,○,상업적이용가능,○,○,○,○,○,○,○,-,2052,-,-
,242,어문,간행물,국회도서관,국회전자도서관,국회도서관 소장자료,國會會議錄索引. 制憲[1]-第3代(第1回-第28回),-,1982,1,미부착,제1유형,무,-,國會會議錄索引. 制憲[1]-第3代(第1回-第28回),-,어문,문서,-,법률,한국어,-,1905-06-04 00:00:00,-,국회도서관,-,-,-,제1유형,저작물,보호저작물,○,상업적이용가능,○,○,○,○,○,○,○,-,2052,-,-
,243,어문,간행물,국회도서관,국회전자도서관,국회도서관 소장자료,東北亞安保戰略에 관한 第1回 韓美年例심포지엄資料集,-,1982,1,미부착,제1유형,무,-,東北亞安保戰略에 관한 第1回 韓美年例심포지엄資料集,-,어문,문서,-,법률,한국어,-,1905-06-04 00:00:00,-,국회도서관,-,-,-,제1유형,저작물,보호저작물,○,상업적이용가능,○,○,○,○,○,○,○,-,2052,-,-
,244,어문,간행물,국회도서관,국회전자도서관,국회도서관 소장자료,東아시아의 政治變化와 經濟展望,-,1982,1,미부착,제1유형,무,-,東아시아의 政治變化와 經濟展望,-,어문,문서,-,법률,한국어,-,1905-06-04 00:00:00,-,국회도서관,-,-,-,제1유형,저작물,보호저작물,○,상업적이용가능,○,○,○,○,○,○,○,-,2052,-,-
,245,어문,간행물,국회도서관,국회전자도서관,국회도서관 소장자료,美國의 對 ASEAN 經濟政策,-,1982,1,미부착,제1유형,무,-,美國의 對 ASEAN 經濟政策,-,어문,문서,-,법률,한국어,-,1905-06-04 00:00:00,-,국회도서관,-,-,-,제1유형,저작물,보호저작물,○,상업적이용가능,○,○,○,○,○,○,○,-,2052,-,-
,246,어문,간행물,국회도서관,국회전자도서관,국회도서관 소장자료,北韓의 條約集 : 1949-1982,-,1982,1,미부착,제1유형,무,-,北韓의 條約集 : 1949-1982,-,어문,문서,-,법률,한국어,-,1905-06-04 00:00:00,-,국회도서관,-,-,-,제1유형,저작물,보호저작물,○,상업적이용가능,○,○,○,○,○,○,○,-,2052,-,-
,247,어문,간행물,국회도서관,국회전자도서관,국회도서관 소장자료,소聯의 外交年代記 : 1945-1978,-,1982,1,미부착,제1유형,무,-,소聯의 外交年代記 : 1945-1978,-,어문,문서,-,법률,한국어,-,1905-06-04 00:00:00,-,국회도서관,-,-,-,제1유형,저작물,보호저작물,○,상업적이용가능,○,○,○,○,○,○,○,-,2052,-,-
,248,어문,간행물,국회도서관,국회전자도서관,국회도서관 소장자료,蘇聯의 條約集,-,1982,1,미부착,제1유형,무,-,蘇聯의 條約集,-,어문,문서,-,법률,한국어,-,1905-06-04 00:00:00,-,국회도서관,-,-,-,제1유형,저작물,보호저작물,○,상업적이용가능,○,○,○,○,○,○,○,-,2052,-,-
,249,어문,간행물,국회도서관,국회전자도서관,국회도서관 소장자료,收書目錄. 1982,-,1982,1,미부착,제1유형,무,-,收書目錄. 1982,-,어문,문서,-,법률,한국어,-,1905-06-04 00:00:00,-,국회도서관,-,-,-,제1유형,저작물,보호저작물,○,상업적이용가능,○,○,○,○,○,○,○,-,2052,-,-
,250,어문,간행물,국회도서관,국회전자도서관,국회도서관 소장자료,올림픽資料集,-,1982,1,미부착,제1유형,무,-,올림픽資料集,-,어문,문서,-,법률,한국어,-,1905-06-04 00:00:00,-,국회도서관,-,-,-,제1유형,저작물,보호저작물,○,상업적이용가능,○,○,○,○,○,○,○,-,2052,-,-
,251,어문,간행물,국회도서관,국회전자도서관,국회도서관 소장자료,"人文科學論文記事索引 : 敎育,文化·藝術,文學·語學,哲學·宗敎,歷史·地理 :▼b1977-1980",-,1982,1,미부착,제1유형,무,-,"人文科學論文記事索引 : 敎育,文化·藝術,文學·語學,哲學·宗敎,歷史·地理 :▼b1977-1980",-,어문,문서,-,법률,한국어,-,1905-06-04 00:00:00,-,국회도서관,-,-,-,제1유형,저작물,보호저작물,○,상업적이용가능,○,○,○,○,○,○,○,-,2052,-,-
,252,어문,간행물,국회도서관,국회전자도서관,국회도서관 소장자료,中·蘇의 國民經濟計劃執行實績,-,1982,1,미부착,제1유형,무,-,中·蘇의 國民經濟計劃執行實績,-,어문,문서,-,법률,한국어,-,1905-06-04 00:00:00,-,국회도서관,-,-,-,제1유형,저작물,보호저작물,○,상업적이용가능,○,○,○,○,○,○,○,-,2052,-,-
,253,어문,간행물,국회도서관,국회전자도서관,국회도서관 소장자료,中·蘇의 對韓半島主要論調 : 1981.1.1-12.31,-,1982,1,미부착,제1유형,무,-,中·蘇의 對韓半島主要論調 : 1981.1.1-12.31,-,어문,문서,-,법률,한국어,-,1905-06-04 00:00:00,-,국회도서관,-,-,-,제1유형,저작물,보호저작물,○,상업적이용가능,○,○,○,○,○,○,○,-,2052,-,-
,254,어문,간행물,국회도서관,국회전자도서관,국회도서관 소장자료,中共의 主要經濟法令集,-,1982,1,미부착,제1유형,무,-,中共의 主要經濟法令集,-,어문,문서,-,법률,한국어,-,1905-06-04 00:00:00,-,국회도서관,-,-,-,제1유형,저작물,보호저작물,○,상업적이용가능,○,○,○,○,○,○,○,-,2052,-,-
,255,어문,간행물,국회도서관,국회전자도서관,국회도서관 소장자료,韓國博士 및 碩士學位論文總目錄. 第13-14輯,-,1982,1,미부착,제1유형,무,-,韓國博士 및 碩士學位論文總目錄. 第13-14輯,-,어문,문서,-,법률,한국어,-,1905-06-04 00:00:00,-,국회도서관,-,-,-,제1유형,저작물,보호저작물,○,상업적이용가능,○,○,○,○,○,○,○,-,2052,-,-
,256,어문,간행물,국회도서관,국회전자도서관,국회도서관 소장자료,歐州主要國의 土地法制,-,1983,1,미부착,제1유형,무,-,歐州主要國의 土地法制,-,어문,문서,-,법률,한국어,-,1905-06-05 00:00:00,-,국회도서관,-,-,-,제1유형,저작물,보호저작물,○,상업적이용가능,○,○,○,○,○,○,○,-,2053,-,-
,257,어문,간행물,국회도서관,국회전자도서관,국회도서관 소장자료,대한민국법령색인 : 추록. 1981-1982,-,1983,1,미부착,제1유형,무,-,대한민국법령색인 : 추록. 1981-1982,-,어문,문서,-,법률,한국어,-,1905-06-05 00:00:00,-,국회도서관,-,-,-,제1유형,저작물,보호저작물,○,상업적이용가능,○,○,○,○,○,○,○,-,2053,-,-
,258,어문,간행물,국회도서관,국회전자도서관,국회도서관 소장자료,美國防省年例報告書,-,1983,1,미부착,제1유형,무,-,美國防省年例報告書,-,어문,문서,-,법률,한국어,-,1905-06-05 00:00:00,-,국회도서관,-,-,-,제1유형,저작물,보호저작물,○,상업적이용가능,○,○,○,○,○,○,○,-,2053,-,-
,259,어문,간행물,국회도서관,국회전자도서관,국회도서관 소장자료,美國의現況 : 1984 會計年度,-,1983,1,미부착,제1유형,무,-,美國의現況 : 1984 會計年度,-,어문,문서,-,법률,한국어,-,1905-06-05 00:00:00,-,국회도서관,-,-,-,제1유형,저작물,보호저작물,○,상업적이용가능,○,○,○,○,○,○,○,-,2053,-,-
,260,어문,간행물,국회도서관,국회전자도서관,국회도서관 소장자료,美軍의 現況. 1984,-,1983,1,미부착,제1유형,무,-,美軍의 現況. 1984,-,어문,문서,-,법률,한국어,-,1905-06-05 00:00:00,-,국회도서관,-,-,-,제1유형,저작물,보호저작물,○,상업적이용가능,○,○,○,○,○,○,○,-,2053,-,-
,261,어문,간행물,국회도서관,국회전자도서관,국회도서관 소장자료,北韓의 豫算決算報告 : 1978-1983,-,1983,1,미부착,제1유형,무,-,北韓의 豫算決算報告 : 1978-1983,-,어문,문서,-,법률,한국어,-,1905-06-05 00:00:00,-,국회도서관,-,-,-,제1유형,저작물,보호저작물,○,상업적이용가능,○,○,○,○,○,○,○,-,2053,-,-
,262,어문,간행물,국회도서관,국회전자도서관,국회도서관 소장자료,蘇聯의 國民經濟執行實績,-,1983,1,미부착,제1유형,무,-,蘇聯의 國民經濟執行實績,-,어문,문서,-,법률,한국어,-,1905-06-05 00:00:00,-,국회도서관,-,-,-,제1유형,저작물,보호저작물,○,상업적이용가능,○,○,○,○,○,○,○,-,2053,-,-
,263,어문,간행물,국회도서관,국회전자도서관,국회도서관 소장자료,蘇聯의 軍事力,-,1983,1,미부착,제1유형,무,-,蘇聯의 軍事力,-,어문,문서,-,법률,한국어,-,1905-06-05 00:00:00,-,국회도서관,-,-,-,제1유형,저작물,보호저작물,○,상업적이용가능,○,○,○,○,○,○,○,-,2053,-,-
,264,어문,간행물,국회도서관,국회전자도서관,국회도서관 소장자료,소聯邦最高會議·閣僚會議에 關한 法令集,-,1983,1,미부착,제1유형,무,-,소聯邦最高會議·閣僚會議에 關한 法令集,-,어문,문서,-,법률,한국어,-,1905-06-05 00:00:00,-,국회도서관,-,-,-,제1유형,저작물,보호저작물,○,상업적이용가능,○,○,○,○,○,○,○,-,2053,-,-
,265,어문,간행물,국회도서관,국회전자도서관,국회도서관 소장자료,아시아諸國의 安保觀,-,1983,1,미부착,제1유형,무,-,아시아諸國의 安保觀,-,어문,문서,-,법률,한국어,-,1905-06-05 00:00:00,-,국회도서관,-,-,-,제1유형,저작물,보호저작물,○,상업적이용가능,○,○,○,○,○,○,○,-,2053,-,-
,266,어문,간행물,국회도서관,국회전자도서관,국회도서관 소장자료,議政30年史料 : 制憲國會-第10代國會,-,1983,1,미부착,제1유형,무,-,議政30年史料 : 制憲國會-第10代國會,-,어문,문서,-,법률,한국어,-,1905-06-05 00:00:00,-,국회도서관,-,-,-,제1유형,저작물,보호저작물,○,상업적이용가능,○,○,○,○,○,○,○,-,2053,-,-
,267,어문,간행물,국회도서관,국회전자도서관,국회도서관 소장자료,丁來赫國會議長演說文集,-,1983,1,미부착,제1유형,무,-,丁來赫國會議長演說文集,-,어문,문서,-,법률,한국어,-,1905-06-05 00:00:00,-,국회도서관,-,-,-,제1유형,저작물,보호저작물,○,상업적이용가능,○,○,○,○,○,○,○,-,2053,-,-
,268,어문,간행물,국회도서관,국회전자도서관,국회도서관 소장자료,主要國의 國防制度,-,1983,1,미부착,제1유형,무,-,主要國의 國防制度,-,어문,문서,-,법률,한국어,-,1905-06-05 00:00:00,-,국회도서관,-,-,-,제1유형,저작물,보호저작물,○,상업적이용가능,○,○,○,○,○,○,○,-,2053,-,-
,269,어문,간행물,국회도서관,국회전자도서관,국회도서관 소장자료,主要國의 外交政策,-,1983,1,미부착,제1유형,무,-,主要國의 外交政策,-,어문,문서,-,법률,한국어,-,1905-06-05 00:00:00,-,국회도서관,-,-,-,제1유형,저작물,보호저작물,○,상업적이용가능,○,○,○,○,○,○,○,-,2053,-,-
,270,어문,간행물,국회도서관,국회전자도서관,국회도서관 소장자료,主要國의 地域開發政策,-,1983,1,미부착,제1유형,무,-,主要國의 地域開發政策,-,어문,문서,-,법률,한국어,-,1905-06-05 00:00:00,-,국회도서관,-,-,-,제1유형,저작물,보호저작물,○,상업적이용가능,○,○,○,○,○,○,○,-,2053,-,-
,271,어문,간행물,국회도서관,국회전자도서관,국회도서관 소장자료,中共의 主要政治法令集,-,1983,1,미부착,제1유형,무,-,中共의 主要政治法令集,-,어문,문서,-,법률,한국어,-,1905-06-05 00:00:00,-,국회도서관,-,-,-,제1유형,저작물,보호저작물,○,상업적이용가능,○,○,○,○,○,○,○,-,2053,-,-
,272,어문,간행물,국회도서관,국회전자도서관,국회도서관 소장자료,中小企業技術革新政策 : OECD諸國,-,1983,1,미부착,제1유형,무,-,中小企業技術革新政策 : OECD諸國,-,어문,문서,-,법률,한국어,-,1905-06-05 00:00:00,-,국회도서관,-,-,-,제1유형,저작물,보호저작물,○,상업적이용가능,○,○,○,○,○,○,○,-,2053,-,-
,273,어문,간행물,국회도서관,국회전자도서관,국회도서관 소장자료,太平洋沿岸地域의 環境法과 政策,-,1983,1,미부착,제1유형,무,-,太平洋沿岸地域의 環境法과 政策,-,어문,문서,-,법률,한국어,-,1905-06-05 00:00:00,-,국회도서관,-,-,-,제1유형,저작물,보호저작물,○,상업적이용가능,○,○,○,○,○,○,○,-,2053,-,-
,274,어문,간행물,국회도서관,국회전자도서관,국회도서관 소장자료,韓美安保協力會議資料集 : 韓美相互防衛條約締結30周年記念,-,1983,1,미부착,제1유형,무,-,韓美安保協力會議資料集 : 韓美相互防衛條約締結30周年記念,-,어문,문서,-,법률,한국어,-,1905-06-05 00:00:00,-,국회도서관,-,-,-,제1유형,저작물,보호저작물,○,상업적이용가능,○,○,○,○,○,○,○,-,2053,-,-
,275,어문,간행물,국회도서관,국회전자도서관,국회도서관 소장자료,協同組合運動의 發展過程 : 덴마크를 중심으로,-,1983,1,미부착,제1유형,무,-,協同組合運動의 發展過程 : 덴마크를 중심으로,-,어문,문서,-,법률,한국어,-,1905-06-05 00:00:00,-,국회도서관,-,-,-,제1유형,저작물,보호저작물,○,상업적이용가능,○,○,○,○,○,○,○,-,2053,-,-
,276,어문,간행물,국회도서관,국회전자도서관,국회도서관 소장자료,(1985 會計年度)美軍의 現況,-,1984,1,미부착,제1유형,무,-,(1985 會計年度)美軍의 現況,-,어문,문서,-,법률,한국어,-,1905-06-06 00:00:00,-,국회도서관,-,-,-,제1유형,저작물,보호저작물,○,상업적이용가능,○,○,○,○,○,○,○,-,2054,-,-
,277,어문,간행물,국회도서관,국회전자도서관,국회도서관 소장자료,各國의 議會制度 便覽 : 49個國,-,1984,1,미부착,제1유형,무,-,各國의 議會制度 便覽 : 49個國,-,어문,문서,-,법률,한국어,-,1905-06-06 00:00:00,-,국회도서관,-,-,-,제1유형,저작물,보호저작물,○,상업적이용가능,○,○,○,○,○,○,○,-,2054,-,-
,278,어문,간행물,국회도서관,국회전자도서관,국회도서관 소장자료,開發途上國의 經濟開發計劃,-,1984,1,미부착,제1유형,무,-,開發途上國의 經濟開發計劃,-,어문,문서,-,법률,한국어,-,1905-06-06 00:00:00,-,국회도서관,-,-,-,제1유형,저작물,보호저작물,○,상업적이용가능,○,○,○,○,○,○,○,-,2054,-,-
,279,어문,간행물,국회도서관,국회전자도서관,국회도서관 소장자료,敎育統計의 國際比較,-,1984,1,미부착,제1유형,무,-,敎育統計의 國際比較,-,어문,문서,-,법률,한국어,-,1905-06-06 00:00:00,-,국회도서관,-,-,-,제1유형,저작물,보호저작물,○,상업적이용가능,○,○,○,○,○,○,○,-,2054,-,-
,280,어문,간행물,국회도서관,국회전자도서관,국회도서관 소장자료,南北韓의 軍事戰略과 東北亞地域의 防衛,-,1984,1,미부착,제1유형,무,-,南北韓의 軍事戰略과 東北亞地域의 防衛,-,어문,문서,-,법률,한국어,-,1905-06-06 00:00:00,-,국회도서관,-,-,-,제1유형,저작물,보호저작물,○,상업적이용가능,○,○,○,○,○,○,○,-,2054,-,-
,281,어문,간행물,국회도서관,국회전자도서관,국회도서관 소장자료,美國防省年例報告書,-,1984,1,미부착,제1유형,무,-,美國防省年例報告書,-,어문,문서,-,법률,한국어,-,1905-06-06 00:00:00,-,국회도서관,-,-,-,제1유형,저작물,보호저작물,○,상업적이용가능,○,○,○,○,○,○,○,-,2054,-,-
,282,어문,간행물,국회도서관,국회전자도서관,국회도서관 소장자료,美下院의 業務量 및 活動,-,1984,1,미부착,제1유형,무,-,美下院의 業務量 및 活動,-,어문,문서,-,법률,한국어,-,1905-06-06 00:00:00,-,국회도서관,-,-,-,제1유형,저작물,보호저작물,○,상업적이용가능,○,○,○,○,○,○,○,-,2054,-,-
,283,어문,간행물,국회도서관,국회전자도서관,국회도서관 소장자료,北韓의 外交年表 : 1980-1983,-,1984,1,미부착,제1유형,무,-,北韓의 外交年表 : 1980-1983,-,어문,문서,-,법률,한국어,-,1905-06-06 00:00:00,-,국회도서관,-,-,-,제1유형,저작물,보호저작물,○,상업적이용가능,○,○,○,○,○,○,○,-,2054,-,-
,284,어문,간행물,국회도서관,국회전자도서관,국회도서관 소장자료,司書業務便覽,-,1984,1,미부착,제1유형,무,-,司書業務便覽,-,어문,문서,-,법률,한국어,-,1905-06-06 00:00:00,-,국회도서관,-,-,-,제1유형,저작물,보호저작물,○,상업적이용가능,○,○,○,○,○,○,○,-,2054,-,-
,285,어문,간행물,국회도서관,국회전자도서관,국회도서관 소장자료,世界大都市의 交通政策,-,1984,1,미부착,제1유형,무,-,世界大都市의 交通政策,-,어문,문서,-,법률,한국어,-,1905-06-06 00:00:00,-,국회도서관,-,-,-,제1유형,저작물,보호저작물,○,상업적이용가능,○,○,○,○,○,○,○,-,2054,-,-
,286,어문,간행물,국회도서관,국회전자도서관,국회도서관 소장자료,蘇聯의 條約集,-,1984,1,미부착,제1유형,무,-,蘇聯의 條約集,-,어문,문서,-,법률,한국어,-,1905-06-06 00:00:00,-,국회도서관,-,-,-,제1유형,저작물,보호저작물,○,상업적이용가능,○,○,○,○,○,○,○,-,2054,-,-
,287,어문,간행물,국회도서관,국회전자도서관,국회도서관 소장자료,收書目錄. 1984,-,1984,1,미부착,제1유형,무,-,收書目錄. 1984,-,어문,문서,-,법률,한국어,-,1905-06-06 00:00:00,-,국회도서관,-,-,-,제1유형,저작물,보호저작물,○,상업적이용가능,○,○,○,○,○,○,○,-,2054,-,-
,288,어문,간행물,국회도서관,국회전자도서관,국회도서관 소장자료,數字로 본 美蘇關係,-,1984,1,미부착,제1유형,무,-,數字로 본 美蘇關係,-,어문,문서,-,법률,한국어,-,1905-06-06 00:00:00,-,국회도서관,-,-,-,제1유형,저작물,보호저작물,○,상업적이용가능,○,○,○,○,○,○,○,-,2054,-,-
,289,어문,간행물,국회도서관,국회전자도서관,국회도서관 소장자료,連續刊行物目錄. 1983,-,1984,1,미부착,제1유형,무,-,連續刊行物目錄. 1983,-,어문,문서,-,법률,한국어,-,1905-06-06 00:00:00,-,국회도서관,-,-,-,제1유형,저작물,보호저작물,○,상업적이용가능,○,○,○,○,○,○,○,-,2054,-,-
,290,어문,간행물,국회도서관,국회전자도서관,국회도서관 소장자료,"中共의 國民經濟計劃執行實績, 1982-1983",-,1984,1,미부착,제1유형,무,-,"中共의 國民經濟計劃執行實績, 1982-1983",-,어문,문서,-,법률,한국어,-,1905-06-06 00:00:00,-,국회도서관,-,-,-,제1유형,저작물,보호저작물,○,상업적이용가능,○,○,○,○,○,○,○,-,2054,-,-
,291,어문,간행물,국회도서관,국회전자도서관,국회도서관 소장자료,中共의 對外經濟政策과 國際關係,-,1984,1,미부착,제1유형,무,-,中共의 對外經濟政策과 國際關係,-,어문,문서,-,법률,한국어,-,1905-06-06 00:00:00,-,국회도서관,-,-,-,제1유형,저작물,보호저작물,○,상업적이용가능,○,○,○,○,○,○,○,-,2054,-,-
,292,어문,간행물,국회도서관,국회전자도서관,국회도서관 소장자료,中共의 現代化와 多國籍企業,-,1984,1,미부착,제1유형,무,-,中共의 現代化와 多國籍企業,-,어문,문서,-,법률,한국어,-,1905-06-06 00:00:00,-,국회도서관,-,-,-,제1유형,저작물,보호저작물,○,상업적이용가능,○,○,○,○,○,○,○,-,2054,-,-
,293,어문,간행물,국회도서관,국회전자도서관,국회도서관 소장자료,韓國博士 및 碩士學位論文總目錄. 第15輯,-,1984,1,미부착,제1유형,무,-,韓國博士 및 碩士學位論文總目錄. 第15輯,-,어문,문서,-,법률,한국어,-,1905-06-06 00:00:00,-,국회도서관,-,-,-,제1유형,저작물,보호저작물,○,상업적이용가능,○,○,○,○,○,○,○,-,2054,-,-
,294,어문,간행물,국회도서관,국회전자도서관,국회도서관 소장자료,韓國博士 및 碩士學位論文總目錄. 第16輯,-,1984,1,미부착,제1유형,무,-,韓國博士 및 碩士學位論文總目錄. 第16輯,-,어문,문서,-,법률,한국어,-,1905-06-06 00:00:00,-,국회도서관,-,-,-,제1유형,저작물,보호저작물,○,상업적이용가능,○,○,○,○,○,○,○,-,2054,-,-
,295,어문,간행물,국회도서관,국회전자도서관,국회도서관 소장자료,韓國政治年表 : 1945-1984,-,1984,1,미부착,제1유형,무,-,韓國政治年表 : 1945-1984,-,어문,문서,-,법률,한국어,-,1905-06-06 00:00:00,-,국회도서관,-,-,-,제1유형,저작물,보호저작물,○,상업적이용가능,○,○,○,○,○,○,○,-,2054,-,-
,296,어문,간행물,국회도서관,국회전자도서관,국회도서관 소장자료,대한민국법령색인 : 추록. 1983-1984,-,1985,1,미부착,제1유형,무,-,대한민국법령색인 : 추록. 1983-1984,-,어문,문서,-,법률,한국어,-,1905-06-07 00:00:00,-,국회도서관,-,-,-,제1유형,저작물,보호저작물,○,상업적이용가능,○,○,○,○,○,○,○,-,2055,-,-
,297,어문,간행물,국회도서관,국회전자도서관,국회도서관 소장자료,美議會의 議事節次와 政策審議過程,-,1985,1,미부착,제1유형,무,-,美議會의 議事節次와 政策審議過程,-,어문,문서,-,법률,한국어,-,1905-06-07 00:00:00,-,국회도서관,-,-,-,제1유형,저작물,보호저작물,○,상업적이용가능,○,○,○,○,○,○,○,-,2055,-,-
,298,어문,간행물,국회도서관,국회전자도서관,국회도서관 소장자료,收書目錄. 1985,-,1986,1,미부착,제1유형,무,-,收書目錄. 1985,-,어문,문서,-,법률,한국어,-,1905-06-08 00:00:00,-,국회도서관,-,-,-,제1유형,저작물,보호저작물,○,상업적이용가능,○,○,○,○,○,○,○,-,2056,-,-
,299,어문,간행물,국회도서관,국회전자도서관,국회도서관 소장자료,韓國博士 및 碩士學位論文總目錄. 第17輯,-,1986,1,미부착,제1유형,무,-,韓國博士 및 碩士學位論文總目錄. 第17輯,-,어문,문서,-,법률,한국어,-,1905-06-08 00:00:00,-,국회도서관,-,-,-,제1유형,저작물,보호저작물,○,상업적이용가능,○,○,○,○,○,○,○,-,2056,-,-
,300,어문,간행물,국회도서관,국회전자도서관,국회도서관 소장자료,대한민국법령색인 : 추록. 1985-1986,-,1987,1,미부착,제1유형,무,-,대한민국법령색인 : 추록. 1985-1986,-,어문,문서,-,법률,한국어,-,1905-06-09 00:00:00,-,국회도서관,-,-,-,제1유형,저작물,보호저작물,○,상업적이용가능,○,○,○,○,○,○,○,-,2057,-,-
,301,어문,간행물,국회도서관,국회전자도서관,국회도서관 소장자료,"韓國博士 및 碩士學位論文總目錄. 第18輯, 1986학년도(1986.8-1987.2)",-,1987,1,미부착,제1유형,무,-,"韓國博士 및 碩士學位論文總目錄. 第18輯, 1986학년도(1986.8-1987.2)",-,어문,문서,-,법률,한국어,-,1905-06-09 00:00:00,-,국회도서관,-,-,-,제1유형,저작물,보호저작물,○,상업적이용가능,○,○,○,○,○,○,○,-,2057,-,-
,302,어문,간행물,국회도서관,국회전자도서관,국회도서관 소장자료,國家保衛立法會議 會議錄索引,-,1988,1,미부착,제1유형,무,-,國家保衛立法會議 會議錄索引,-,어문,문서,-,법률,한국어,-,1905-06-10 00:00:00,-,국회도서관,-,-,-,제1유형,저작물,보호저작물,○,상업적이용가능,○,○,○,○,○,○,○,-,2058,-,-
,303,어문,간행물,국회도서관,국회전자도서관,국회도서관 소장자료,國會會議錄索引. 第10代(第101-105回),-,1988,1,미부착,제1유형,무,-,國會會議錄索引. 第10代(第101-105回),-,어문,문서,-,법률,한국어,-,1905-06-10 00:00:00,-,국회도서관,-,-,-,제1유형,저작물,보호저작물,○,상업적이용가능,○,○,○,○,○,○,○,-,2058,-,-
,304,어문,간행물,국회도서관,국회전자도서관,국회도서관 소장자료,"韓國博士 및 碩士學位論文總目錄. 第19輯, 1987학년도(1987.8-1988.2)",-,1988,1,미부착,제1유형,무,-,"韓國博士 및 碩士學位論文總目錄. 第19輯, 1987학년도(1987.8-1988.2)",-,어문,문서,-,법률,한국어,-,1905-06-10 00:00:00,-,국회도서관,-,-,-,제1유형,저작물,보호저작물,○,상업적이용가능,○,○,○,○,○,○,○,-,2058,-,-
,305,어문,간행물,국회도서관,국회전자도서관,국회도서관 소장자료,國內外 入養現況,-,1989,1,미부착,제1유형,무,-,國內外 入養現況,-,어문,문서,-,법률,한국어,-,1905-06-11 00:00:00,-,국회도서관,-,-,-,제1유형,저작물,보호저작물,○,상업적이용가능,○,○,○,○,○,○,○,-,2059,-,-
,306,어문,간행물,국회도서관,국회전자도서관,국회도서관 소장자료,國內情報通信서비스 市場의 自由化와 美國의 開放壓力(Ⅰ) : 韓國의 情報通信制度의 現況,-,1989,1,미부착,제1유형,무,-,國內情報通信서비스 市場의 自由化와 美國의 開放壓力(Ⅰ) : 韓國의 情報通信制度의 現況,-,어문,문서,-,법률,한국어,-,1905-06-11 00:00:00,-,국회도서관,-,-,-,제1유형,저작물,보호저작물,○,상업적이용가능,○,○,○,○,○,○,○,-,2059,-,-
,307,어문,간행물,국회도서관,국회전자도서관,국회도서관 소장자료,國內情報通信서비스 市場의 自由化와 美國의 開放壓力(Ⅱ) : 自由化에 따른 主要國의 情報通信制度,-,1989,1,미부착,제1유형,무,-,國內情報通信서비스 市場의 自由化와 美國의 開放壓力(Ⅱ) : 自由化에 따른 主要國의 情報通信制度,-,어문,문서,-,법률,한국어,-,1905-06-11 00:00:00,-,국회도서관,-,-,-,제1유형,저작물,보호저작물,○,상업적이용가능,○,○,○,○,○,○,○,-,2059,-,-
,308,어문,간행물,국회도서관,국회전자도서관,국회도서관 소장자료,國內情報通信서비스 市場의 自由化와 美國의 開放壓力(Ⅲ) : 美國의 情報通信市場에 대한 開放壓力,-,1989,1,미부착,제1유형,무,-,國內情報通信서비스 市場의 自由化와 美國의 開放壓力(Ⅲ) : 美國의 情報通信市場에 대한 開放壓力,-,어문,문서,-,법률,한국어,-,1905-06-11 00:00:00,-,국회도서관,-,-,-,제1유형,저작물,보호저작물,○,상업적이용가능,○,○,○,○,○,○,○,-,2059,-,-
,309,어문,간행물,국회도서관,국회전자도서관,국회도서관 소장자료,국정감사 국회운영위원회위원요구자료. 1989,-,1989,1,미부착,제1유형,무,-,국정감사 국회운영위원회위원요구자료. 1989,-,어문,문서,-,법률,한국어,-,1905-06-11 00:00:00,-,국회도서관,-,-,-,제1유형,저작물,보호저작물,○,상업적이용가능,○,○,○,○,○,○,○,-,2059,-,-
,310,어문,간행물,국회도서관,국회전자도서관,국회도서관 소장자료,國會圖書館關係法規選集,-,1989,1,미부착,제1유형,무,-,國會圖書館關係法規選集,-,어문,문서,-,법률,한국어,-,1905-06-11 00:00:00,-,국회도서관,-,-,-,제1유형,저작물,보호저작물,○,상업적이용가능,○,○,○,○,○,○,○,-,2059,-,-
,311,어문,간행물,국회도서관,국회전자도서관,국회도서관 소장자료,"國會會議錄索引. 第11代, 1-2",-,1989,1,미부착,제1유형,무,-,"國會會議錄索引. 第11代, 1-2",-,어문,문서,-,법률,한국어,-,1905-06-11 00:00:00,-,국회도서관,-,-,-,제1유형,저작물,보호저작물,○,상업적이용가능,○,○,○,○,○,○,○,-,2059,-,-
,312,어문,간행물,국회도서관,국회전자도서관,국회도서관 소장자료,대한민국법령색인 追錄(1987-1988),-,1989,1,미부착,제1유형,무,-,대한민국법령색인 追錄(1987-1988),-,어문,문서,-,법률,한국어,-,1905-06-11 00:00:00,-,국회도서관,-,-,-,제1유형,저작물,보호저작물,○,상업적이용가능,○,○,○,○,○,○,○,-,2059,-,-
,313,어문,간행물,국회도서관,국회전자도서관,국회도서관 소장자료,收書目錄. 1981,-,1989,1,미부착,제1유형,무,-,收書目錄. 1981,-,어문,문서,-,법률,한국어,-,1905-06-11 00:00:00,-,국회도서관,-,-,-,제1유형,저작물,보호저작물,○,상업적이용가능,○,○,○,○,○,○,○,-,2059,-,-
,314,어문,간행물,국회도서관,국회전자도서관,국회도서관 소장자료,收書目錄. 1986,-,1989,1,미부착,제1유형,무,-,收書目錄. 1986,-,어문,문서,-,법률,한국어,-,1905-06-11 00:00:00,-,국회도서관,-,-,-,제1유형,저작물,보호저작물,○,상업적이용가능,○,○,○,○,○,○,○,-,2059,-,-
,315,어문,간행물,국회도서관,국회전자도서관,국회도서관 소장자료,移轉價格課稅制度 : 多國籍企業에 의한 國際租稅回避의 對備策,-,1989,1,미부착,제1유형,무,-,移轉價格課稅制度 : 多國籍企業에 의한 國際租稅回避의 對備策,-,어문,문서,-,법률,한국어,-,1905-06-11 00:00:00,-,국회도서관,-,-,-,제1유형,저작물,보호저작물,○,상업적이용가능,○,○,○,○,○,○,○,-,2059,-,-
,316,어문,간행물,국회도서관,국회전자도서관,국회도서관 소장자료,情報公開制度,-,1989,1,미부착,제1유형,무,-,情報公開制度,-,어문,문서,-,법률,한국어,-,1905-06-11 00:00:00,-,국회도서관,-,-,-,제1유형,저작물,보호저작물,○,상업적이용가능,○,○,○,○,○,○,○,-,2059,-,-
,317,어문,간행물,국회도서관,국회전자도서관,국회도서관 소장자료,中央銀行制度 : 背景 및 事例比較,-,1989,1,미부착,제1유형,무,-,中央銀行制度 : 背景 및 事例比較,-,어문,문서,-,법률,한국어,-,1905-06-11 00:00:00,-,국회도서관,-,-,-,제1유형,저작물,보호저작물,○,상업적이용가능,○,○,○,○,○,○,○,-,2059,-,-
,318,어문,간행물,국회도서관,국회전자도서관,국회도서관 소장자료,地方自治制의 爭点 : 地方自治團體에 대한 國家의 監督·統制,-,1989,1,미부착,제1유형,무,-,地方自治制의 爭点 : 地方自治團體에 대한 國家의 監督·統制,-,어문,문서,-,법률,한국어,-,1905-06-11 00:00:00,-,국회도서관,-,-,-,제1유형,저작물,보호저작물,○,상업적이용가능,○,○,○,○,○,○,○,-,2059,-,-
,319,어문,간행물,국회도서관,국회전자도서관,국회도서관 소장자료,統一·北方關係文獻目錄,-,1989,1,미부착,제1유형,무,-,統一·北方關係文獻目錄,-,어문,문서,-,법률,한국어,-,1905-06-11 00:00:00,-,국회도서관,-,-,-,제1유형,저작물,보호저작물,○,상업적이용가능,○,○,○,○,○,○,○,-,2059,-,-
,320,어문,간행물,국회도서관,국회전자도서관,국회도서관 소장자료,"韓國博士 및 碩士學位論文總目錄. 第20輯, 1988학년도(1988.8-1989.2)",-,1989,1,미부착,제1유형,무,-,"韓國博士 및 碩士學位論文總目錄. 第20輯, 1988학년도(1988.8-1989.2)",-,어문,문서,-,법률,한국어,-,1905-06-11 00:00:00,-,국회도서관,-,-,-,제1유형,저작물,보호저작물,○,상업적이용가능,○,○,○,○,○,○,○,-,2059,-,-
,321,어문,간행물,국회도서관,국회전자도서관,국회도서관 소장자료,警察法 : 爭點分析과 外國例 檢討,-,1990,1,미부착,제1유형,무,-,警察法 : 爭點分析과 外國例 檢討,-,어문,문서,-,법률,한국어,-,1905-06-12 00:00:00,-,국회도서관,-,-,-,제1유형,저작물,보호저작물,○,상업적이용가능,○,○,○,○,○,○,○,-,2060,-,-
,322,어문,간행물,국회도서관,국회전자도서관,국회도서관 소장자료,"國會會議錄索引. 第12代, 1-2",-,1990,1,미부착,제1유형,무,-,"國會會議錄索引. 第12代, 1-2",-,어문,문서,-,법률,한국어,-,1905-06-12 00:00:00,-,국회도서관,-,-,-,제1유형,저작물,보호저작물,○,상업적이용가능,○,○,○,○,○,○,○,-,2060,-,-
,323,어문,간행물,국회도서관,국회전자도서관,국회도서관 소장자료,技術開發과 尖端産業育成의 必要性,-,1990,1,미부착,제1유형,무,-,技術開發과 尖端産業育成의 必要性,-,어문,문서,-,법률,한국어,-,1905-06-12 00:00:00,-,국회도서관,-,-,-,제1유형,저작물,보호저작물,○,상업적이용가능,○,○,○,○,○,○,○,-,2060,-,-
,324,어문,간행물,국회도서관,국회전자도서관,국회도서관 소장자료,南北韓의 軍備統制 問題,-,1990,1,미부착,제1유형,무,-,南北韓의 軍備統制 問題,-,어문,문서,-,법률,한국어,-,1905-06-12 00:00:00,-,국회도서관,-,-,-,제1유형,저작물,보호저작물,○,상업적이용가능,○,○,○,○,○,○,○,-,2060,-,-
,325,어문,간행물,국회도서관,국회전자도서관,국회도서관 소장자료,腦死問題,-,1990,1,미부착,제1유형,무,-,腦死問題,-,어문,문서,-,법률,한국어,-,1905-06-12 00:00:00,-,국회도서관,-,-,-,제1유형,저작물,보호저작물,○,상업적이용가능,○,○,○,○,○,○,○,-,2060,-,-
,326,어문,간행물,국회도서관,국회전자도서관,국회도서관 소장자료,痲藥問題의 實態와 對策,-,1990,1,미부착,제1유형,무,-,痲藥問題의 實態와 對策,-,어문,문서,-,법률,한국어,-,1905-06-12 00:00:00,-,국회도서관,-,-,-,제1유형,저작물,보호저작물,○,상업적이용가능,○,○,○,○,○,○,○,-,2060,-,-
,327,어문,간행물,국회도서관,국회전자도서관,국회도서관 소장자료,비디오 産業의 現況과 關聯法,-,1990,1,미부착,제1유형,무,-,비디오 産業의 現況과 關聯法,-,어문,문서,-,법률,한국어,-,1905-06-12 00:00:00,-,국회도서관,-,-,-,제1유형,저작물,보호저작물,○,상업적이용가능,○,○,○,○,○,○,○,-,2060,-,-
,328,어문,간행물,국회도서관,국회전자도서관,국회도서관 소장자료,"收書目錄. 1987, 1987.1.1-1987.12.31.收書分",-,1990,1,미부착,제1유형,무,-,"收書目錄. 1987, 1987.1.1-1987.12.31.收書分",-,어문,문서,-,법률,한국어,-,1905-06-12 00:00:00,-,국회도서관,-,-,-,제1유형,저작물,보호저작물,○,상업적이용가능,○,○,○,○,○,○,○,-,2060,-,-
,329,어문,간행물,국회도서관,국회전자도서관,국회도서관 소장자료,우리나라 技術導入의 問題點,-,1990,1,미부착,제1유형,무,-,우리나라 技術導入의 問題點,-,어문,문서,-,법률,한국어,-,1905-06-12 00:00:00,-,국회도서관,-,-,-,제1유형,저작물,보호저작물,○,상업적이용가능,○,○,○,○,○,○,○,-,2060,-,-
,330,어문,간행물,국회도서관,국회전자도서관,국회도서관 소장자료,우리나라 環境保全 政策의 問題點,-,1990,1,미부착,제1유형,무,-,우리나라 環境保全 政策의 問題點,-,어문,문서,-,법률,한국어,-,1905-06-12 00:00:00,-,국회도서관,-,-,-,제1유형,저작물,보호저작물,○,상업적이용가능,○,○,○,○,○,○,○,-,2060,-,-
,331,어문,간행물,국회도서관,국회전자도서관,국회도서관 소장자료,우리나라의 外國人 勞動者 問題,-,1990,1,미부착,제1유형,무,-,우리나라의 外國人 勞動者 問題,-,어문,문서,-,법률,한국어,-,1905-06-12 00:00:00,-,국회도서관,-,-,-,제1유형,저작물,보호저작물,○,상업적이용가능,○,○,○,○,○,○,○,-,2060,-,-
,332,어문,간행물,국회도서관,국회전자도서관,국회도서관 소장자료,우리나라의 銀行産業 政策,-,1990,1,미부착,제1유형,무,-,우리나라의 銀行産業 政策,-,어문,문서,-,법률,한국어,-,1905-06-12 00:00:00,-,국회도서관,-,-,-,제1유형,저작물,보호저작물,○,상업적이용가능,○,○,○,○,○,○,○,-,2060,-,-
,333,어문,간행물,국회도서관,국회전자도서관,국회도서관 소장자료,幼兒保育에 關한 問題 : 託兒關聯 政策을 中心으로,-,1990,1,미부착,제1유형,무,-,幼兒保育에 關한 問題 : 託兒關聯 政策을 中心으로,-,어문,문서,-,법률,한국어,-,1905-06-12 00:00:00,-,국회도서관,-,-,-,제1유형,저작물,보호저작물,○,상업적이용가능,○,○,○,○,○,○,○,-,2060,-,-
,334,어문,간행물,국회도서관,국회전자도서관,국회도서관 소장자료,醫療事故救濟의 適正化方案 : 醫療紛爭의 效果的 解決方案,-,1990,1,미부착,제1유형,무,-,醫療事故救濟의 適正化方案 : 醫療紛爭의 效果的 解決方案,-,어문,문서,-,법률,한국어,-,1905-06-12 00:00:00,-,국회도서관,-,-,-,제1유형,저작물,보호저작물,○,상업적이용가능,○,○,○,○,○,○,○,-,2060,-,-
,335,어문,간행물,국회도서관,국회전자도서관,국회도서관 소장자료,日本著者名目錄,-,1990,1,미부착,제1유형,무,-,日本著者名目錄,-,어문,문서,-,법률,한국어,-,1905-06-12 00:00:00,-,국회도서관,-,-,-,제1유형,저작물,보호저작물,○,상업적이용가능,○,○,○,○,○,○,○,-,2060,-,-
,336,어문,간행물,국회도서관,국회전자도서관,국회도서관 소장자료,在日僑胞의 法的地位 問題,-,1990,1,미부착,제1유형,무,-,在日僑胞의 法的地位 問題,-,어문,문서,-,법률,한국어,-,1905-06-12 00:00:00,-,국회도서관,-,-,-,제1유형,저작물,보호저작물,○,상업적이용가능,○,○,○,○,○,○,○,-,2060,-,-
,337,어문,간행물,국회도서관,국회전자도서관,국회도서관 소장자료,컴퓨터 犯罪의 立法問題 : 刑事法的 對應策을 中心으로,-,1990,1,미부착,제1유형,무,-,컴퓨터 犯罪의 立法問題 : 刑事法的 對應策을 中心으로,-,어문,문서,-,법률,한국어,-,1905-06-12 00:00:00,-,국회도서관,-,-,-,제1유형,저작물,보호저작물,○,상업적이용가능,○,○,○,○,○,○,○,-,2060,-,-
,338,어문,간행물,국회도서관,국회전자도서관,국회도서관 소장자료,韓國博士및碩士學位論文總目錄. 第21輯,-,1990,1,미부착,제1유형,무,-,韓國博士및碩士學位論文總目錄. 第21輯,-,어문,문서,-,법률,한국어,-,1905-06-12 00:00:00,-,국회도서관,-,-,-,제1유형,저작물,보호저작물,○,상업적이용가능,○,○,○,○,○,○,○,-,2060,-,-
,339,어문,간행물,국회도서관,국회전자도서관,국회도서관 소장자료,現行 勞動爭議調整法上의 斡旋·調停·仲裁 制度,-,1990,1,미부착,제1유형,무,-,現行 勞動爭議調整法上의 斡旋·調停·仲裁 制度,-,어문,문서,-,법률,한국어,-,1905-06-12 00:00:00,-,국회도서관,-,-,-,제1유형,저작물,보호저작물,○,상업적이용가능,○,○,○,○,○,○,○,-,2060,-,-
,340,어문,간행물,국회도서관,국회전자도서관,국회도서관 소장자료,吸煙規制의 必要性과 그 對應,-,1990,1,미부착,제1유형,무,-,吸煙規制의 必要性과 그 對應,-,어문,문서,-,법률,한국어,-,1905-06-12 00:00:00,-,국회도서관,-,-,-,제1유형,저작물,보호저작물,○,상업적이용가능,○,○,○,○,○,○,○,-,2060,-,-
,341,어문,간행물,국회도서관,국회전자도서관,국회도서관 소장자료,ILO加入과 勞動法 改正 問題 : 團結權 保障을 中心으로,-,1991,1,미부착,제1유형,무,-,ILO加入과 勞動法 改正 問題 : 團結權 保障을 中心으로,-,어문,문서,-,법률,한국어,-,1905-06-13 00:00:00,-,국회도서관,-,-,-,제1유형,저작물,보호저작물,○,상업적이용가능,○,○,○,○,○,○,○,-,2061,-,-
,342,어문,간행물,국회도서관,국회전자도서관,국회도서관 소장자료,廣域行政體制의 整備問題,-,1991,1,미부착,제1유형,무,-,廣域行政體制의 整備問題,-,어문,문서,-,법률,한국어,-,1905-06-13 00:00:00,-,국회도서관,-,-,-,제1유형,저작물,보호저작물,○,상업적이용가능,○,○,○,○,○,○,○,-,2061,-,-
,343,어문,간행물,국회도서관,국회전자도서관,국회도서관 소장자료,국회운영위원회요구자료,-,1991,1,미부착,제1유형,무,-,국회운영위원회요구자료,-,어문,문서,-,법률,한국어,-,1905-06-13 00:00:00,-,국회도서관,-,-,-,제1유형,저작물,보호저작물,○,상업적이용가능,○,○,○,○,○,○,○,-,2061,-,-
,344,어문,간행물,국회도서관,국회전자도서관,국회도서관 소장자료,國會電算資料利用指針書,-,1991,1,미부착,제1유형,무,-,國會電算資料利用指針書,-,어문,문서,-,법률,한국어,-,1905-06-13 00:00:00,-,국회도서관,-,-,-,제1유형,저작물,보호저작물,○,상업적이용가능,○,○,○,○,○,○,○,-,2061,-,-
,345,어문,간행물,국회도서관,국회전자도서관,국회도서관 소장자료,"國會會議錄索引. 第13代, 1",-,1991,1,미부착,제1유형,무,-,"國會會議錄索引. 第13代, 1",-,어문,문서,-,법률,한국어,-,1905-06-13 00:00:00,-,국회도서관,-,-,-,제1유형,저작물,보호저작물,○,상업적이용가능,○,○,○,○,○,○,○,-,2061,-,-
,346,어문,간행물,국회도서관,국회전자도서관,국회도서관 소장자료,獨逸의 政治資金 制度,-,1991,1,미부착,제1유형,무,-,獨逸의 政治資金 制度,-,어문,문서,-,법률,한국어,-,1905-06-13 00:00:00,-,국회도서관,-,-,-,제1유형,저작물,보호저작물,○,상업적이용가능,○,○,○,○,○,○,○,-,2061,-,-
,347,어문,간행물,국회도서관,국회전자도서관,국회도서관 소장자료,命令·規則의 違憲審査權의 所在에 관한 問題,-,1991,1,미부착,제1유형,무,-,命令·規則의 違憲審査權의 所在에 관한 問題,-,어문,문서,-,법률,한국어,-,1905-06-13 00:00:00,-,국회도서관,-,-,-,제1유형,저작물,보호저작물,○,상업적이용가능,○,○,○,○,○,○,○,-,2061,-,-
,348,어문,간행물,국회도서관,국회전자도서관,국회도서관 소장자료,墓地制度의 改善方向,-,1991,1,미부착,제1유형,무,-,墓地制度의 改善方向,-,어문,문서,-,법률,한국어,-,1905-06-13 00:00:00,-,국회도서관,-,-,-,제1유형,저작물,보호저작물,○,상업적이용가능,○,○,○,○,○,○,○,-,2061,-,-
,349,어문,간행물,국회도서관,국회전자도서관,국회도서관 소장자료,비디오자료목록. 1991,-,1991,1,미부착,제1유형,무,-,비디오자료목록. 1991,-,어문,문서,-,법률,한국어,-,1905-06-13 00:00:00,-,국회도서관,-,-,-,제1유형,저작물,보호저작물,○,상업적이용가능,○,○,○,○,○,○,○,-,2061,-,-
,350,어문,간행물,국회도서관,국회전자도서관,국회도서관 소장자료,司法制度의 改革方向,-,1991,1,미부착,제1유형,무,-,司法制度의 改革方向,-,어문,문서,-,법률,한국어,-,1905-06-13 00:00:00,-,국회도서관,-,-,-,제1유형,저작물,보호저작물,○,상업적이용가능,○,○,○,○,○,○,○,-,2061,-,-
,351,어문,간행물,국회도서관,국회전자도서관,국회도서관 소장자료,死刑制度 存廢問題,-,1991,1,미부착,제1유형,무,-,死刑制度 存廢問題,-,어문,문서,-,법률,한국어,-,1905-06-13 00:00:00,-,국회도서관,-,-,-,제1유형,저작물,보호저작물,○,상업적이용가능,○,○,○,○,○,○,○,-,2061,-,-
,352,어문,간행물,국회도서관,국회전자도서관,국회도서관 소장자료,收書目錄 : 1988.1.1-1988.12.31.收書分. 1988,-,1991,1,미부착,제1유형,무,-,收書目錄 : 1988.1.1-1988.12.31.收書分. 1988,-,어문,문서,-,법률,한국어,-,1905-06-13 00:00:00,-,국회도서관,-,-,-,제1유형,저작물,보호저작물,○,상업적이용가능,○,○,○,○,○,○,○,-,2061,-,-
,353,어문,간행물,국회도서관,국회전자도서관,국회도서관 소장자료,收書目錄. 1989,-,1991,1,미부착,제1유형,무,-,收書目錄. 1989,-,어문,문서,-,법률,한국어,-,1905-06-13 00:00:00,-,국회도서관,-,-,-,제1유형,저작물,보호저작물,○,상업적이용가능,○,○,○,○,○,○,○,-,2061,-,-
,354,어문,간행물,국회도서관,국회전자도서관,국회도서관 소장자료,輸入開放과 그 對應方案 : 産業被害救濟制度를 中心으로,-,1991,1,미부착,제1유형,무,-,輸入開放과 그 對應方案 : 産業被害救濟制度를 中心으로,-,어문,문서,-,법률,한국어,-,1905-06-13 00:00:00,-,국회도서관,-,-,-,제1유형,저작물,보호저작물,○,상업적이용가능,○,○,○,○,○,○,○,-,2061,-,-
,355,어문,간행물,국회도서관,국회전자도서관,국회도서관 소장자료,연속간행물소장목록. 1991,-,1991,1,미부착,제1유형,무,-,연속간행물소장목록. 1991,-,어문,문서,-,법률,한국어,-,1905-06-13 00:00:00,-,국회도서관,-,-,-,제1유형,저작물,보호저작물,○,상업적이용가능,○,○,○,○,○,○,○,-,2061,-,-
,356,어문,간행물,국회도서관,국회전자도서관,국회도서관 소장자료,英國의 政治資金 制度,-,1991,1,미부착,제1유형,무,-,英國의 政治資金 制度,-,어문,문서,-,법률,한국어,-,1905-06-13 00:00:00,-,국회도서관,-,-,-,제1유형,저작물,보호저작물,○,상업적이용가능,○,○,○,○,○,○,○,-,2061,-,-
,357,어문,간행물,국회도서관,국회전자도서관,국회도서관 소장자료,우루과이라운드 農産物協商과 向後 農政의 方向,-,1991,1,미부착,제1유형,무,-,우루과이라운드 農産物協商과 向後 農政의 方向,-,어문,문서,-,법률,한국어,-,1905-06-13 00:00:00,-,국회도서관,-,-,-,제1유형,저작물,보호저작물,○,상업적이용가능,○,○,○,○,○,○,○,-,2061,-,-
,358,어문,간행물,국회도서관,국회전자도서관,국회도서관 소장자료,우리나라 大學의 敎育與件과 寄附金入學問題,-,1991,1,미부착,제1유형,무,-,우리나라 大學의 敎育與件과 寄附金入學問題,-,어문,문서,-,법률,한국어,-,1905-06-13 00:00:00,-,국회도서관,-,-,-,제1유형,저작물,보호저작물,○,상업적이용가능,○,○,○,○,○,○,○,-,2061,-,-
,359,어문,간행물,국회도서관,국회전자도서관,국회도서관 소장자료,우리나라 中小企業政策의 問題點,-,1991,1,미부착,제1유형,무,-,우리나라 中小企業政策의 問題點,-,어문,문서,-,법률,한국어,-,1905-06-13 00:00:00,-,국회도서관,-,-,-,제1유형,저작물,보호저작물,○,상업적이용가능,○,○,○,○,○,○,○,-,2061,-,-
,360,어문,간행물,국회도서관,국회전자도서관,국회도서관 소장자료,日本의 政治資金 制度,-,1991,1,미부착,제1유형,무,-,日本의 政治資金 制度,-,어문,문서,-,법률,한국어,-,1905-06-13 00:00:00,-,국회도서관,-,-,-,제1유형,저작물,보호저작물,○,상업적이용가능,○,○,○,○,○,○,○,-,2061,-,-
,361,어문,간행물,국회도서관,국회전자도서관,국회도서관 소장자료,資本市場開放과 우리의 對應方案 : 株式市場開放을 中心으로,-,1991,1,미부착,제1유형,무,-,資本市場開放과 우리의 對應方案 : 株式市場開放을 中心으로,-,어문,문서,-,법률,한국어,-,1905-06-13 00:00:00,-,국회도서관,-,-,-,제1유형,저작물,보호저작물,○,상업적이용가능,○,○,○,○,○,○,○,-,2061,-,-
,362,어문,간행물,국회도서관,국회전자도서관,국회도서관 소장자료,職業病 : 그 實態와 對策,-,1991,1,미부착,제1유형,무,-,職業病 : 그 實態와 對策,-,어문,문서,-,법률,한국어,-,1905-06-13 00:00:00,-,국회도서관,-,-,-,제1유형,저작물,보호저작물,○,상업적이용가능,○,○,○,○,○,○,○,-,2061,-,-
,363,어문,간행물,국회도서관,국회전자도서관,국회도서관 소장자료,최근 農工地區政策의 實態와 그 問題點,-,1991,1,미부착,제1유형,무,-,최근 農工地區政策의 實態와 그 問題點,-,어문,문서,-,법률,한국어,-,1905-06-13 00:00:00,-,국회도서관,-,-,-,제1유형,저작물,보호저작물,○,상업적이용가능,○,○,○,○,○,○,○,-,2061,-,-
,364,어문,간행물,국회도서관,국회전자도서관,국회도서관 소장자료,韓國博士및碩士學位論文總目錄. 1990(第22輯)-1991(第23輯),-,1991,1,미부착,제1유형,무,-,韓國博士및碩士學位論文總目錄. 1990(第22輯)-1991(第23輯),-,어문,문서,-,법률,한국어,-,1905-06-13 00:00:00,-,국회도서관,-,-,-,제1유형,저작물,보호저작물,○,상업적이용가능,○,○,○,○,○,○,○,-,2061,-,-
,365,어문,간행물,국회도서관,국회전자도서관,국회도서관 소장자료,開發制限區域 管理 政策의 問題點과 改善 方向,-,1992,1,미부착,제1유형,무,-,開發制限區域 管理 政策의 問題點과 改善 方向,-,어문,문서,-,법률,한국어,-,1905-06-14 00:00:00,-,국회도서관,-,-,-,제1유형,저작물,보호저작물,○,상업적이용가능,○,○,○,○,○,○,○,-,2062,-,-
,366,어문,간행물,국회도서관,국회전자도서관,국회도서관 소장자료,個人情報 保護制度,-,1992,1,미부착,제1유형,무,-,個人情報 保護制度,-,어문,문서,-,법률,한국어,-,1905-06-14 00:00:00,-,국회도서관,-,-,-,제1유형,저작물,보호저작물,○,상업적이용가능,○,○,○,○,○,○,○,-,2062,-,-
,367,어문,간행물,국회도서관,국회전자도서관,국회도서관 소장자료,國會圖書館關係法規選集. 1992,-,1992,1,미부착,제1유형,무,-,國會圖書館關係法規選集. 1992,-,어문,문서,-,법률,한국어,-,1905-06-14 00:00:00,-,국회도서관,-,-,-,제1유형,저작물,보호저작물,○,상업적이용가능,○,○,○,○,○,○,○,-,2062,-,-
,368,어문,간행물,국회도서관,국회전자도서관,국회도서관 소장자료,"國會會議錄索引. 第13代, 2-3",-,1992,1,미부착,제1유형,무,-,"國會會議錄索引. 第13代, 2-3",-,어문,문서,-,법률,한국어,-,1905-06-14 00:00:00,-,국회도서관,-,-,-,제1유형,저작물,보호저작물,○,상업적이용가능,○,○,○,○,○,○,○,-,2062,-,-
,369,어문,간행물,국회도서관,국회전자도서관,국회도서관 소장자료,勤勞者住宅 政策의 現況과 問題點,-,1992,1,미부착,제1유형,무,-,勤勞者住宅 政策의 現況과 問題點,-,어문,문서,-,법률,한국어,-,1905-06-14 00:00:00,-,국회도서관,-,-,-,제1유형,저작물,보호저작물,○,상업적이용가능,○,○,○,○,○,○,○,-,2062,-,-
,370,어문,간행물,국회도서관,국회전자도서관,국회도서관 소장자료,落胎의 實態와 關聯法規의 改正方向,-,1992,1,미부착,제1유형,무,-,落胎의 實態와 關聯法規의 改正方向,-,어문,문서,-,법률,한국어,-,1905-06-14 00:00:00,-,국회도서관,-,-,-,제1유형,저작물,보호저작물,○,상업적이용가능,○,○,○,○,○,○,○,-,2062,-,-
,371,어문,간행물,국회도서관,국회전자도서관,국회도서관 소장자료,남북간 화해와 불가침 및 교류·협력에 관한 합의서의 分析 및 評價,-,1992,1,미부착,제1유형,무,-,남북간 화해와 불가침 및 교류·협력에 관한 합의서의 分析 및 評價,-,어문,문서,-,법률,한국어,-,1905-06-14 00:00:00,-,국회도서관,-,-,-,제1유형,저작물,보호저작물,○,상업적이용가능,○,○,○,○,○,○,○,-,2062,-,-
,372,어문,간행물,국회도서관,국회전자도서관,국회도서관 소장자료,老人福祉政策,-,1992,1,미부착,제1유형,무,-,老人福祉政策,-,어문,문서,-,법률,한국어,-,1905-06-14 00:00:00,-,국회도서관,-,-,-,제1유형,저작물,보호저작물,○,상업적이용가능,○,○,○,○,○,○,○,-,2062,-,-
,373,어문,간행물,국회도서관,국회전자도서관,국회도서관 소장자료,北方政策의 評價와 向後課題,-,1992,1,미부착,제1유형,무,-,北方政策의 評價와 向後課題,-,어문,문서,-,법률,한국어,-,1905-06-14 00:00:00,-,국회도서관,-,-,-,제1유형,저작물,보호저작물,○,상업적이용가능,○,○,○,○,○,○,○,-,2062,-,-
,374,어문,간행물,국회도서관,국회전자도서관,국회도서관 소장자료,北韓의 核問題,-,1992,1,미부착,제1유형,무,-,北韓의 核問題,-,어문,문서,-,법률,한국어,-,1905-06-14 00:00:00,-,국회도서관,-,-,-,제1유형,저작물,보호저작물,○,상업적이용가능,○,○,○,○,○,○,○,-,2062,-,-
,375,어문,간행물,국회도서관,국회전자도서관,국회도서관 소장자료,産業構造調整에 따른 勞動力調整과 雇傭保險制,-,1992,1,미부착,제1유형,무,-,産業構造調整에 따른 勞動力調整과 雇傭保險制,-,어문,문서,-,법률,한국어,-,1905-06-14 00:00:00,-,국회도서관,-,-,-,제1유형,저작물,보호저작물,○,상업적이용가능,○,○,○,○,○,○,○,-,2062,-,-
,376,어문,간행물,국회도서관,국회전자도서관,국회도서관 소장자료,收書目錄. 1990,-,1992,1,미부착,제1유형,무,-,收書目錄. 1990,-,어문,문서,-,법률,한국어,-,1905-06-14 00:00:00,-,국회도서관,-,-,-,제1유형,저작물,보호저작물,○,상업적이용가능,○,○,○,○,○,○,○,-,2062,-,-
,377,어문,간행물,국회도서관,국회전자도서관,국회도서관 소장자료,우리나라 벤처캐피탈制度의 問題點과 改善方向 : 創業投資制度를 중심으로,-,1992,1,미부착,제1유형,무,-,우리나라 벤처캐피탈制度의 問題點과 改善方向 : 創業投資制度를 중심으로,-,어문,문서,-,법률,한국어,-,1905-06-14 00:00:00,-,국회도서관,-,-,-,제1유형,저작물,보호저작물,○,상업적이용가능,○,○,○,○,○,○,○,-,2062,-,-
,378,어문,간행물,국회도서관,국회전자도서관,국회도서관 소장자료,日本 PKO法의 實體,-,1992,1,미부착,제1유형,무,-,日本 PKO法의 實體,-,어문,문서,-,법률,한국어,-,1905-06-14 00:00:00,-,국회도서관,-,-,-,제1유형,저작물,보호저작물,○,상업적이용가능,○,○,○,○,○,○,○,-,2062,-,-
,379,어문,간행물,국회도서관,국회전자도서관,국회도서관 소장자료,精神疾患의 國家管理問題 : 精神保健法을 中心으로,-,1992,1,미부착,제1유형,무,-,精神疾患의 國家管理問題 : 精神保健法을 中心으로,-,어문,문서,-,법률,한국어,-,1905-06-14 00:00:00,-,국회도서관,-,-,-,제1유형,저작물,보호저작물,○,상업적이용가능,○,○,○,○,○,○,○,-,2062,-,-
,380,어문,간행물,국회도서관,국회전자도서관,국회도서관 소장자료,主要國의 立法補助機關 : 硏究調査機能을 중심으로,-,1992,1,미부착,제1유형,무,-,主要國의 立法補助機關 : 硏究調査機能을 중심으로,-,어문,문서,-,법률,한국어,-,1905-06-14 00:00:00,-,국회도서관,-,-,-,제1유형,저작물,보호저작물,○,상업적이용가능,○,○,○,○,○,○,○,-,2062,-,-
,381,어문,간행물,국회도서관,국회전자도서관,국회도서관 소장자료,地球環境協約에 대한 立場과 對應,-,1992,1,미부착,제1유형,무,-,地球環境協約에 대한 立場과 對應,-,어문,문서,-,법률,한국어,-,1905-06-14 00:00:00,-,국회도서관,-,-,-,제1유형,저작물,보호저작물,○,상업적이용가능,○,○,○,○,○,○,○,-,2062,-,-
,382,어문,간행물,국회도서관,국회전자도서관,국회도서관 소장자료,地方議會 1年에 대한 評價와 改善方案,-,1992,1,미부착,제1유형,무,-,地方議會 1年에 대한 評價와 改善方案,-,어문,문서,-,법률,한국어,-,1905-06-14 00:00:00,-,국회도서관,-,-,-,제1유형,저작물,보호저작물,○,상업적이용가능,○,○,○,○,○,○,○,-,2062,-,-
,383,어문,간행물,국회도서관,국회전자도서관,국회도서관 소장자료,韓·美 通商摩擦 問題,-,1992,1,미부착,제1유형,무,-,韓·美 通商摩擦 問題,-,어문,문서,-,법률,한국어,-,1905-06-14 00:00:00,-,국회도서관,-,-,-,제1유형,저작물,보호저작물,○,상업적이용가능,○,○,○,○,○,○,○,-,2062,-,-
,384,어문,간행물,국회도서관,국회전자도서관,국회도서관 소장자료,교민정책의 문제점과 향후과제,-,1993,1,미부착,제1유형,무,-,교민정책의 문제점과 향후과제,-,어문,문서,-,법률,한국어,-,1905-06-15 00:00:00,-,국회도서관,-,-,-,제1유형,저작물,보호저작물,○,상업적이용가능,○,○,○,○,○,○,○,-,2063,-,-
,385,어문,간행물,국회도서관,국회전자도서관,국회도서관 소장자료,國政監査會議錄索引. 第13代(1-3),-,1993,1,미부착,제1유형,무,-,國政監査會議錄索引. 第13代(1-3),-,어문,문서,-,법률,한국어,-,1905-06-15 00:00:00,-,국회도서관,-,-,-,제1유형,저작물,보호저작물,○,상업적이용가능,○,○,○,○,○,○,○,-,2063,-,-
,386,어문,간행물,국회도서관,국회전자도서관,국회도서관 소장자료,目的稅의 現況과 向後 政策課題,-,1993,1,미부착,제1유형,무,-,目的稅의 現況과 向後 政策課題,-,어문,문서,-,법률,한국어,-,1905-06-15 00:00:00,-,국회도서관,-,-,-,제1유형,저작물,보호저작물,○,상업적이용가능,○,○,○,○,○,○,○,-,2063,-,-
,387,어문,간행물,국회도서관,국회전자도서관,국회도서관 소장자료,北韓核問題 : 現況과 課題,-,1993,1,미부착,제1유형,무,-,北韓核問題 : 現況과 課題,-,어문,문서,-,법률,한국어,-,1905-06-15 00:00:00,-,국회도서관,-,-,-,제1유형,저작물,보호저작물,○,상업적이용가능,○,○,○,○,○,○,○,-,2063,-,-
,388,어문,간행물,국회도서관,국회전자도서관,국회도서관 소장자료,收書目錄. 1991,-,1993,1,미부착,제1유형,무,-,收書目錄. 1991,-,어문,문서,-,법률,한국어,-,1905-06-15 00:00:00,-,국회도서관,-,-,-,제1유형,저작물,보호저작물,○,상업적이용가능,○,○,○,○,○,○,○,-,2063,-,-
,389,어문,간행물,국회도서관,국회전자도서관,국회도서관 소장자료,쓰레기의 燒却處理 : 爭點과 政策 代案,-,1993,1,미부착,제1유형,무,-,쓰레기의 燒却處理 : 爭點과 政策 代案,-,어문,문서,-,법률,한국어,-,1905-06-15 00:00:00,-,국회도서관,-,-,-,제1유형,저작물,보호저작물,○,상업적이용가능,○,○,○,○,○,○,○,-,2063,-,-
,390,어문,간행물,국회도서관,국회전자도서관,국회도서관 소장자료,업무현황,-,1993,1,미부착,제1유형,무,-,업무현황,-,어문,문서,-,법률,한국어,-,1905-06-15 00:00:00,-,국회도서관,-,-,-,제1유형,저작물,보호저작물,○,상업적이용가능,○,○,○,○,○,○,○,-,2063,-,-
,391,어문,간행물,국회도서관,국회전자도서관,국회도서관 소장자료,옴부즈만制度의 導入問題,-,1993,1,미부착,제1유형,무,-,옴부즈만制度의 導入問題,-,어문,문서,-,법률,한국어,-,1905-06-15 00:00:00,-,국회도서관,-,-,-,제1유형,저작물,보호저작물,○,상업적이용가능,○,○,○,○,○,○,○,-,2063,-,-
,392,어문,간행물,국회도서관,국회전자도서관,국회도서관 소장자료,우리經濟의 國際競爭力과 財閥의 進路,-,1993,1,미부착,제1유형,무,-,우리經濟의 國際競爭力과 財閥의 進路,-,어문,문서,-,법률,한국어,-,1905-06-15 00:00:00,-,국회도서관,-,-,-,제1유형,저작물,보호저작물,○,상업적이용가능,○,○,○,○,○,○,○,-,2063,-,-
,393,어문,간행물,국회도서관,국회전자도서관,국회도서관 소장자료,우리나라 半導體産業의 現況과 課題,-,1993,1,미부착,제1유형,무,-,우리나라 半導體産業의 現況과 課題,-,어문,문서,-,법률,한국어,-,1905-06-15 00:00:00,-,국회도서관,-,-,-,제1유형,저작물,보호저작물,○,상업적이용가능,○,○,○,○,○,○,○,-,2063,-,-
,394,어문,간행물,국회도서관,국회전자도서관,국회도서관 소장자료,財政의 效率性 提高를 위한 基金運用改善의 課題,-,1993,1,미부착,제1유형,무,-,財政의 效率性 提高를 위한 基金運用改善의 課題,-,어문,문서,-,법률,한국어,-,1905-06-15 00:00:00,-,국회도서관,-,-,-,제1유형,저작물,보호저작물,○,상업적이용가능,○,○,○,○,○,○,○,-,2063,-,-
,395,어문,간행물,국회도서관,국회전자도서관,국회도서관 소장자료,中小企業 技術開發活動의 實態와 改善方向 : 大·中小企業間 技術系列化 促進方案을 中心으로,-,1993,1,미부착,제1유형,무,-,中小企業 技術開發活動의 實態와 改善方向 : 大·中小企業間 技術系列化 促進方案을 中心으로,-,어문,문서,-,법률,한국어,-,1905-06-15 00:00:00,-,국회도서관,-,-,-,제1유형,저작물,보호저작물,○,상업적이용가능,○,○,○,○,○,○,○,-,2063,-,-
,396,어문,간행물,국회도서관,국회전자도서관,국회도서관 소장자료,중앙아시아 한인문제와 정책과제,-,1993,1,미부착,제1유형,무,-,중앙아시아 한인문제와 정책과제,-,어문,문서,-,법률,한국어,-,1905-06-15 00:00:00,-,국회도서관,-,-,-,제1유형,저작물,보호저작물,○,상업적이용가능,○,○,○,○,○,○,○,-,2063,-,-
,397,어문,간행물,국회도서관,국회전자도서관,국회도서관 소장자료,證券市場과 企業買收·合倂(M&A),-,1993,1,미부착,제1유형,무,-,證券市場과 企業買收·合倂(M&A),-,어문,문서,-,법률,한국어,-,1905-06-15 00:00:00,-,국회도서관,-,-,-,제1유형,저작물,보호저작물,○,상업적이용가능,○,○,○,○,○,○,○,-,2063,-,-
,398,어문,간행물,국회도서관,국회전자도서관,국회도서관 소장자료,地域開發의 民營化 政策의 現況과 展望,-,1993,1,미부착,제1유형,무,-,地域開發의 民營化 政策의 現況과 展望,-,어문,문서,-,법률,한국어,-,1905-06-15 00:00:00,-,국회도서관,-,-,-,제1유형,저작물,보호저작물,○,상업적이용가능,○,○,○,○,○,○,○,-,2063,-,-
,399,어문,간행물,국회도서관,국회전자도서관,국회도서관 소장자료,職場保育 施設의 擴大 方案,-,1993,1,미부착,제1유형,무,-,職場保育 施設의 擴大 方案,-,어문,문서,-,법률,한국어,-,1905-06-15 00:00:00,-,국회도서관,-,-,-,제1유형,저작물,보호저작물,○,상업적이용가능,○,○,○,○,○,○,○,-,2063,-,-
,400,어문,간행물,국회도서관,국회전자도서관,국회도서관 소장자료,폐기물관리정책의 현황과 문제,-,1993,1,미부착,제1유형,무,-,폐기물관리정책의 현황과 문제,-,어문,문서,-,법률,한국어,-,1905-06-15 00:00:00,-,국회도서관,-,-,-,제1유형,저작물,보호저작물,○,상업적이용가능,○,○,○,○,○,○,○,-,2063,-,-
,401,어문,간행물,국회도서관,국회전자도서관,국회도서관 소장자료,韓國博士및碩士學位論文總目錄 : 自然科學. 第24輯-2(1992),-,1993,1,미부착,제1유형,무,-,韓國博士및碩士學位論文總目錄 : 自然科學. 第24輯-2(1992),-,어문,문서,-,법률,한국어,-,1905-06-15 00:00:00,-,국회도서관,-,-,-,제1유형,저작물,보호저작물,○,상업적이용가능,○,○,○,○,○,○,○,-,2063,-,-
,402,어문,간행물,국회도서관,국회전자도서관,국회도서관 소장자료,韓國博士및碩士學位論文總目錄 : 人文·社會科學. 第24輯-1(1992),-,1993,1,미부착,제1유형,무,-,韓國博士및碩士學位論文總目錄 : 人文·社會科學. 第24輯-1(1992),-,어문,문서,-,법률,한국어,-,1905-06-15 00:00:00,-,국회도서관,-,-,-,제1유형,저작물,보호저작물,○,상업적이용가능,○,○,○,○,○,○,○,-,2063,-,-
,403,어문,간행물,국회도서관,국회전자도서관,국회도서관 소장자료,海洋環境保全에 관한 立法現況과 問題點,-,1993,1,미부착,제1유형,무,-,海洋環境保全에 관한 立法現況과 問題點,-,어문,문서,-,법률,한국어,-,1905-06-15 00:00:00,-,국회도서관,-,-,-,제1유형,저작물,보호저작물,○,상업적이용가능,○,○,○,○,○,○,○,-,2063,-,-
,404,어문,간행물,국회도서관,국회전자도서관,국회도서관 소장자료,현행 국선변호제도의 문제점,-,1993,1,미부착,제1유형,무,-,현행 국선변호제도의 문제점,-,어문,문서,-,법률,한국어,-,1905-06-15 00:00:00,-,국회도서관,-,-,-,제1유형,저작물,보호저작물,○,상업적이용가능,○,○,○,○,○,○,○,-,2063,-,-
,405,어문,간행물,국회도서관,국회전자도서관,국회도서관 소장자료,환경영향평가제도,-,1993,1,미부착,제1유형,무,-,환경영향평가제도,-,어문,문서,-,법률,한국어,-,1905-06-15 00:00:00,-,국회도서관,-,-,-,제1유형,저작물,보호저작물,○,상업적이용가능,○,○,○,○,○,○,○,-,2063,-,-
,406,어문,간행물,국회도서관,국회전자도서관,국회도서관 소장자료,'93-'94年度 勞總-經總 賃金合意와 賃金政策의 課題,-,1994,1,미부착,제1유형,무,-,'93-'94年度 勞總-經總 賃金合意와 賃金政策의 課題,-,어문,문서,-,법률,한국어,-,1905-06-16 00:00:00,-,국회도서관,-,-,-,제1유형,저작물,보호저작물,○,상업적이용가능,○,○,○,○,○,○,○,-,2064,-,-
,407,어문,간행물,국회도서관,국회전자도서관,국회도서관 소장자료,'95年度 豫算案의 分析과 主要審議課題,-,1994,1,미부착,제1유형,무,-,'95年度 豫算案의 分析과 主要審議課題,-,어문,문서,-,법률,한국어,-,1905-06-16 00:00:00,-,국회도서관,-,-,-,제1유형,저작물,보호저작물,○,상업적이용가능,○,○,○,○,○,○,○,-,2064,-,-
,408,어문,간행물,국회도서관,국회전자도서관,국회도서관 소장자료,各國의 資金洗淨 規制,-,1994,1,미부착,제1유형,무,-,各國의 資金洗淨 規制,-,어문,문서,-,법률,한국어,-,1905-06-16 00:00:00,-,국회도서관,-,-,-,제1유형,저작물,보호저작물,○,상업적이용가능,○,○,○,○,○,○,○,-,2064,-,-
,409,어문,간행물,국회도서관,국회전자도서관,국회도서관 소장자료,公務員腐敗 防止方案과 관련된 豫想爭點과 立法上의 補完策,-,1994,1,미부착,제1유형,무,-,公務員腐敗 防止方案과 관련된 豫想爭點과 立法上의 補完策,-,어문,문서,-,법률,한국어,-,1905-06-16 00:00:00,-,국회도서관,-,-,-,제1유형,저작물,보호저작물,○,상업적이용가능,○,○,○,○,○,○,○,-,2064,-,-
,410,어문,간행물,국회도서관,국회전자도서관,국회도서관 소장자료,國政監査會議錄索引. 第14代(Ⅰ),-,1994,1,미부착,제1유형,무,-,國政監査會議錄索引. 第14代(Ⅰ),-,어문,문서,-,법률,한국어,-,1905-06-16 00:00:00,-,국회도서관,-,-,-,제1유형,저작물,보호저작물,○,상업적이용가능,○,○,○,○,○,○,○,-,2064,-,-
,411,어문,간행물,국회도서관,국회전자도서관,국회도서관 소장자료,國政調査權의 司法的 限界,-,1994,1,미부착,제1유형,무,-,國政調査權의 司法的 限界,-,어문,문서,-,법률,한국어,-,1905-06-16 00:00:00,-,국회도서관,-,-,-,제1유형,저작물,보호저작물,○,상업적이용가능,○,○,○,○,○,○,○,-,2064,-,-
,412,어문,간행물,국회도서관,국회전자도서관,국회도서관 소장자료,國會의 高位公職者任命同意·選出制度 改善을 둘러싼 爭點과 外國의 例,-,1994,1,미부착,제1유형,무,-,國會의 高位公職者任命同意·選出制度 改善을 둘러싼 爭點과 外國의 例,-,어문,문서,-,법률,한국어,-,1905-06-16 00:00:00,-,국회도서관,-,-,-,제1유형,저작물,보호저작물,○,상업적이용가능,○,○,○,○,○,○,○,-,2064,-,-
,413,어문,간행물,국회도서관,국회전자도서관,국회도서관 소장자료,國會議員 選擧區劃定問題,-,1994,1,미부착,제1유형,무,-,國會議員 選擧區劃定問題,-,어문,문서,-,법률,한국어,-,1905-06-16 00:00:00,-,국회도서관,-,-,-,제1유형,저작물,보호저작물,○,상업적이용가능,○,○,○,○,○,○,○,-,2064,-,-
,414,어문,간행물,국회도서관,국회전자도서관,국회도서관 소장자료,"國會會議錄索引. 第13代, 4",-,1994,1,미부착,제1유형,무,-,"國會會議錄索引. 第13代, 4",-,어문,문서,-,법률,한국어,-,1905-06-16 00:00:00,-,국회도서관,-,-,-,제1유형,저작물,보호저작물,○,상업적이용가능,○,○,○,○,○,○,○,-,2064,-,-
,415,어문,간행물,국회도서관,국회전자도서관,국회도서관 소장자료,"國會會議錄索引. 第14代, 1",-,1994,1,미부착,제1유형,무,-,"國會會議錄索引. 第14代, 1",-,어문,문서,-,법률,한국어,-,1905-06-16 00:00:00,-,국회도서관,-,-,-,제1유형,저작물,보호저작물,○,상업적이용가능,○,○,○,○,○,○,○,-,2064,-,-
,416,어문,간행물,국회도서관,국회전자도서관,국회도서관 소장자료,"國會會議錄索引. 第14代, 2",-,1994,1,미부착,제1유형,무,-,"國會會議錄索引. 第14代, 2",-,어문,문서,-,법률,한국어,-,1905-06-16 00:00:00,-,국회도서관,-,-,-,제1유형,저작물,보호저작물,○,상업적이용가능,○,○,○,○,○,○,○,-,2064,-,-
,417,어문,간행물,국회도서관,국회전자도서관,국회도서관 소장자료,金融專業企業家制度 導入論議의 問題點과 改善方案,-,1994,1,미부착,제1유형,무,-,金融專業企業家制度 導入論議의 問題點과 改善方案,-,어문,문서,-,법률,한국어,-,1905-06-16 00:00:00,-,국회도서관,-,-,-,제1유형,저작물,보호저작물,○,상업적이용가능,○,○,○,○,○,○,○,-,2064,-,-
,418,어문,간행물,국회도서관,국회전자도서관,국회도서관 소장자료,南北經濟交流 및 協力의 現況과 課題,-,1994,1,미부착,제1유형,무,-,南北經濟交流 및 協力의 現況과 課題,-,어문,문서,-,법률,한국어,-,1905-06-16 00:00:00,-,국회도서관,-,-,-,제1유형,저작물,보호저작물,○,상업적이용가능,○,○,○,○,○,○,○,-,2064,-,-
,419,어문,간행물,국회도서관,국회전자도서관,국회도서관 소장자료,南北예멘의 統一과 分裂,-,1994,1,미부착,제1유형,무,-,南北예멘의 統一과 分裂,-,어문,문서,-,법률,한국어,-,1905-06-16 00:00:00,-,국회도서관,-,-,-,제1유형,저작물,보호저작물,○,상업적이용가능,○,○,○,○,○,○,○,-,2064,-,-
,420,어문,간행물,국회도서관,국회전자도서관,국회도서관 소장자료,남아프리카공화국의 '選擧革命'過程과 向後 情勢의 展望,-,1994,1,미부착,제1유형,무,-,남아프리카공화국의 '選擧革命'過程과 向後 情勢의 展望,-,어문,문서,-,법률,한국어,-,1905-06-16 00:00:00,-,국회도서관,-,-,-,제1유형,저작물,보호저작물,○,상업적이용가능,○,○,○,○,○,○,○,-,2064,-,-
,421,어문,간행물,국회도서관,국회전자도서관,국회도서관 소장자료,內部告發者保護立法에 관한 外國의 動向,-,1994,1,미부착,제1유형,무,-,內部告發者保護立法에 관한 外國의 動向,-,어문,문서,-,법률,한국어,-,1905-06-16 00:00:00,-,국회도서관,-,-,-,제1유형,저작물,보호저작물,○,상업적이용가능,○,○,○,○,○,○,○,-,2064,-,-
,422,어문,간행물,국회도서관,국회전자도서관,국회도서관 소장자료,大企業集團 業種專門化政策의 問題點과 改善方案,-,1994,1,미부착,제1유형,무,-,大企業集團 業種專門化政策의 問題點과 改善方案,-,어문,문서,-,법률,한국어,-,1905-06-16 00:00:00,-,국회도서관,-,-,-,제1유형,저작물,보호저작물,○,상업적이용가능,○,○,○,○,○,○,○,-,2064,-,-
,423,어문,간행물,국회도서관,국회전자도서관,국회도서관 소장자료,러시아聯邦國家公務員規程,-,1994,1,미부착,제1유형,무,-,러시아聯邦國家公務員規程,-,어문,문서,-,법률,한국어,-,1905-06-16 00:00:00,-,국회도서관,-,-,-,제1유형,저작물,보호저작물,○,상업적이용가능,○,○,○,○,○,○,○,-,2064,-,-
,424,어문,간행물,국회도서관,국회전자도서관,국회도서관 소장자료,美國 科學技術政策의 最近 動向과 示唆點,-,1994,1,미부착,제1유형,무,-,美國 科學技術政策의 最近 動向과 示唆點,-,어문,문서,-,법률,한국어,-,1905-06-16 00:00:00,-,국회도서관,-,-,-,제1유형,저작물,보호저작물,○,상업적이용가능,○,○,○,○,○,○,○,-,2064,-,-
,425,어문,간행물,국회도서관,국회전자도서관,국회도서관 소장자료,美國의 '94中間選擧가 韓半島政策에 미치는 影響,-,1994,1,미부착,제1유형,무,-,美國의 '94中間選擧가 韓半島政策에 미치는 影響,-,어문,문서,-,법률,한국어,-,1905-06-16 00:00:00,-,국회도서관,-,-,-,제1유형,저작물,보호저작물,○,상업적이용가능,○,○,○,○,○,○,○,-,2064,-,-
,426,어문,간행물,국회도서관,국회전자도서관,국회도서관 소장자료,美國의 通商政策과 수퍼301조 : 僞裝된 公正貿易,-,1994,1,미부착,제1유형,무,-,美國의 通商政策과 수퍼301조 : 僞裝된 公正貿易,-,어문,문서,-,법률,한국어,-,1905-06-16 00:00:00,-,국회도서관,-,-,-,제1유형,저작물,보호저작물,○,상업적이용가능,○,○,○,○,○,○,○,-,2064,-,-
,427,어문,간행물,국회도서관,국회전자도서관,국회도서관 소장자료,美議會調査局 : The Congressional Research Service,-,1994,1,미부착,제1유형,무,-,美議會調査局 : The Congressional Research Service,-,어문,문서,-,법률,한국어,-,1905-06-16 00:00:00,-,국회도서관,-,-,-,제1유형,저작물,보호저작물,○,상업적이용가능,○,○,○,○,○,○,○,-,2064,-,-
,428,어문,간행물,국회도서관,국회전자도서관,국회도서관 소장자료,放射性 中·低準位廢棄物 處分場 建設政策 : 政策漂流의 原因과 改善方案을 中心으로,-,1994,1,미부착,제1유형,무,-,放射性 中·低準位廢棄物 處分場 建設政策 : 政策漂流의 原因과 改善方案을 中心으로,-,어문,문서,-,법률,한국어,-,1905-06-16 00:00:00,-,국회도서관,-,-,-,제1유형,저작물,보호저작물,○,상업적이용가능,○,○,○,○,○,○,○,-,2064,-,-
,429,어문,간행물,국회도서관,국회전자도서관,국회도서관 소장자료,不實工事防止를 위한 建設監理制度의 合理化 方案,-,1994,1,미부착,제1유형,무,-,不實工事防止를 위한 建設監理制度의 合理化 方案,-,어문,문서,-,법률,한국어,-,1905-06-16 00:00:00,-,국회도서관,-,-,-,제1유형,저작물,보호저작물,○,상업적이용가능,○,○,○,○,○,○,○,-,2064,-,-
,430,어문,간행물,국회도서관,국회전자도서관,국회도서관 소장자료,不在者投票問題,-,1994,1,미부착,제1유형,무,-,不在者投票問題,-,어문,문서,-,법률,한국어,-,1905-06-16 00:00:00,-,국회도서관,-,-,-,제1유형,저작물,보호저작물,○,상업적이용가능,○,○,○,○,○,○,○,-,2064,-,-
,431,어문,간행물,국회도서관,국회전자도서관,국회도서관 소장자료,북한 탈출동포의 보호문제,-,1994,1,미부착,제1유형,무,-,북한 탈출동포의 보호문제,-,어문,문서,-,법률,한국어,-,1905-06-16 00:00:00,-,국회도서관,-,-,-,제1유형,저작물,보호저작물,○,상업적이용가능,○,○,○,○,○,○,○,-,2064,-,-
,432,어문,간행물,국회도서관,국회전자도서관,국회도서관 소장자료,北韓核問題와 韓半島非核化 政策,-,1994,1,미부착,제1유형,무,-,北韓核問題와 韓半島非核化 政策,-,어문,문서,-,법률,한국어,-,1905-06-16 00:00:00,-,국회도서관,-,-,-,제1유형,저작물,보호저작물,○,상업적이용가능,○,○,○,○,○,○,○,-,2064,-,-
,433,어문,간행물,국회도서관,국회전자도서관,국회도서관 소장자료,不良住宅再開發政策 : 現況과 對策,-,1994,1,미부착,제1유형,무,-,不良住宅再開發政策 : 現況과 對策,-,어문,문서,-,법률,한국어,-,1905-06-16 00:00:00,-,국회도서관,-,-,-,제1유형,저작물,보호저작물,○,상업적이용가능,○,○,○,○,○,○,○,-,2064,-,-
,434,어문,간행물,국회도서관,국회전자도서관,국회도서관 소장자료,사하 共和國(야쿠티아)의 經濟地理,-,1994,1,미부착,제1유형,무,-,사하 共和國(야쿠티아)의 經濟地理,-,어문,문서,-,법률,한국어,-,1905-06-16 00:00:00,-,국회도서관,-,-,-,제1유형,저작물,보호저작물,○,상업적이용가능,○,○,○,○,○,○,○,-,2064,-,-
,435,어문,간행물,국회도서관,국회전자도서관,국회도서관 소장자료,世界貿易機構(WTO)의 設立,-,1994,1,미부착,제1유형,무,-,世界貿易機構(WTO)의 設立,-,어문,문서,-,법률,한국어,-,1905-06-16 00:00:00,-,국회도서관,-,-,-,제1유형,저작물,보호저작물,○,상업적이용가능,○,○,○,○,○,○,○,-,2064,-,-
,436,어문,간행물,국회도서관,국회전자도서관,국회도서관 소장자료,世界貿易機構(WTO)의 出帆 : 새로운 國際貿易秩序의 形成,-,1994,1,미부착,제1유형,무,-,世界貿易機構(WTO)의 出帆 : 새로운 國際貿易秩序의 形成,-,어문,문서,-,법률,한국어,-,1905-06-16 00:00:00,-,국회도서관,-,-,-,제1유형,저작물,보호저작물,○,상업적이용가능,○,○,○,○,○,○,○,-,2064,-,-
,437,어문,간행물,국회도서관,국회전자도서관,국회도서관 소장자료,收書目錄. 1992,-,1994,1,미부착,제1유형,무,-,收書目錄. 1992,-,어문,문서,-,법률,한국어,-,1905-06-16 00:00:00,-,국회도서관,-,-,-,제1유형,저작물,보호저작물,○,상업적이용가능,○,○,○,○,○,○,○,-,2064,-,-
,438,어문,간행물,국회도서관,국회전자도서관,국회도서관 소장자료,收書目錄. 1993,-,1994,1,미부착,제1유형,무,-,收書目錄. 1993,-,어문,문서,-,법률,한국어,-,1905-06-16 00:00:00,-,국회도서관,-,-,-,제1유형,저작물,보호저작물,○,상업적이용가능,○,○,○,○,○,○,○,-,2064,-,-
,439,어문,간행물,국회도서관,국회전자도서관,국회도서관 소장자료,飮酒運轉의 法的 規制,-,1994,1,미부착,제1유형,무,-,飮酒運轉의 法的 規制,-,어문,문서,-,법률,한국어,-,1905-06-16 00:00:00,-,국회도서관,-,-,-,제1유형,저작물,보호저작물,○,상업적이용가능,○,○,○,○,○,○,○,-,2064,-,-
,440,어문,간행물,국회도서관,국회전자도서관,국회도서관 소장자료,議會調査局과 美國立法過程 : The Congressional Research Service And The American Legislative Process,-,1994,1,미부착,제1유형,무,-,議會調査局과 美國立法過程 : The Congressional Research Service And The American Legislative Process,-,어문,문서,-,법률,한국어,-,1905-06-16 00:00:00,-,국회도서관,-,-,-,제1유형,저작물,보호저작물,○,상업적이용가능,○,○,○,○,○,○,○,-,2064,-,-
,441,어문,간행물,국회도서관,국회전자도서관,국회도서관 소장자료,이탈리아 政治改革의 過程과 94.3월 총선에 따른 향후 政局의 展望,-,1994,1,미부착,제1유형,무,-,이탈리아 政治改革의 過程과 94.3월 총선에 따른 향후 政局의 展望,-,어문,문서,-,법률,한국어,-,1905-06-16 00:00:00,-,국회도서관,-,-,-,제1유형,저작물,보호저작물,○,상업적이용가능,○,○,○,○,○,○,○,-,2064,-,-
,442,어문,간행물,국회도서관,국회전자도서관,국회도서관 소장자료,日本의 障碍者基本法(1993),-,1994,1,미부착,제1유형,무,-,日本의 障碍者基本法(1993),-,어문,문서,-,법률,한국어,-,1905-06-16 00:00:00,-,국회도서관,-,-,-,제1유형,저작물,보호저작물,○,상업적이용가능,○,○,○,○,○,○,○,-,2064,-,-
,443,어문,간행물,국회도서관,국회전자도서관,국회도서관 소장자료,任意同行·保護留置의 問題點과 改善方案,-,1994,1,미부착,제1유형,무,-,任意同行·保護留置의 問題點과 改善方案,-,어문,문서,-,법률,한국어,-,1905-06-16 00:00:00,-,국회도서관,-,-,-,제1유형,저작물,보호저작물,○,상업적이용가능,○,○,○,○,○,○,○,-,2064,-,-
,444,어문,간행물,국회도서관,국회전자도서관,국회도서관 소장자료,"全國投票者登錄法(1993, 美國) = National Voter Registration Act",-,1994,1,미부착,제1유형,무,-,"全國投票者登錄法(1993, 美國) = National Voter Registration Act",-,어문,문서,-,법률,한국어,-,1905-06-16 00:00:00,-,국회도서관,-,-,-,제1유형,저작물,보호저작물,○,상업적이용가능,○,○,○,○,○,○,○,-,2064,-,-
,445,어문,간행물,국회도서관,국회전자도서관,국회도서관 소장자료,主要國의 政黨組織과 運營現況,-,1994,1,미부착,제1유형,무,-,主要國의 政黨組織과 運營現況,-,어문,문서,-,법률,한국어,-,1905-06-16 00:00:00,-,국회도서관,-,-,-,제1유형,저작물,보호저작물,○,상업적이용가능,○,○,○,○,○,○,○,-,2064,-,-
,446,어문,간행물,국회도서관,국회전자도서관,국회도서관 소장자료,中華人民共和國 勞動法,-,1994,1,미부착,제1유형,무,-,中華人民共和國 勞動法,-,어문,문서,-,법률,한국어,-,1905-06-16 00:00:00,-,국회도서관,-,-,-,제1유형,저작물,보호저작물,○,상업적이용가능,○,○,○,○,○,○,○,-,2064,-,-
,447,어문,간행물,국회도서관,국회전자도서관,국회도서관 소장자료,地方稅 減免政策의 現況과 發展課題,-,1994,1,미부착,제1유형,무,-,地方稅 減免政策의 現況과 發展課題,-,어문,문서,-,법률,한국어,-,1905-06-16 00:00:00,-,국회도서관,-,-,-,제1유형,저작물,보호저작물,○,상업적이용가능,○,○,○,○,○,○,○,-,2064,-,-
,448,어문,간행물,국회도서관,국회전자도서관,국회도서관 소장자료,地域利己主義(NIMBY)解消 對策의 現況과 課題,-,1994,1,미부착,제1유형,무,-,地域利己主義(NIMBY)解消 對策의 現況과 課題,-,어문,문서,-,법률,한국어,-,1905-06-16 00:00:00,-,국회도서관,-,-,-,제1유형,저작물,보호저작물,○,상업적이용가능,○,○,○,○,○,○,○,-,2064,-,-
,449,어문,간행물,국회도서관,국회전자도서관,국회도서관 소장자료,최근의 國家競爭力 强化 論議에 대한 檢討 : 認識의 定立을 위한 摸索,-,1994,1,미부착,제1유형,무,-,최근의 國家競爭力 强化 論議에 대한 檢討 : 認識의 定立을 위한 摸索,-,어문,문서,-,법률,한국어,-,1905-06-16 00:00:00,-,국회도서관,-,-,-,제1유형,저작물,보호저작물,○,상업적이용가능,○,○,○,○,○,○,○,-,2064,-,-
,450,어문,간행물,국회도서관,국회전자도서관,국회도서관 소장자료,最近의 円高 現象 : 要因과 影響,-,1994,1,미부착,제1유형,무,-,最近의 円高 現象 : 要因과 影響,-,어문,문서,-,법률,한국어,-,1905-06-16 00:00:00,-,국회도서관,-,-,-,제1유형,저작물,보호저작물,○,상업적이용가능,○,○,○,○,○,○,○,-,2064,-,-
,451,어문,간행물,국회도서관,국회전자도서관,국회도서관 소장자료,카나다의 立法補助機構,-,1994,1,미부착,제1유형,무,-,카나다의 立法補助機構,-,어문,문서,-,법률,한국어,-,1905-06-16 00:00:00,-,국회도서관,-,-,-,제1유형,저작물,보호저작물,○,상업적이용가능,○,○,○,○,○,○,○,-,2064,-,-
,452,어문,간행물,국회도서관,국회전자도서관,국회도서관 소장자료,韓國博士및碩士學位論文總目錄 : 自然科學. 1993-1994(第25輯-2),-,1994,1,미부착,제1유형,무,-,韓國博士및碩士學位論文總目錄 : 自然科學. 1993-1994(第25輯-2),-,어문,문서,-,법률,한국어,-,1905-06-16 00:00:00,-,국회도서관,-,-,-,제1유형,저작물,보호저작물,○,상업적이용가능,○,○,○,○,○,○,○,-,2064,-,-
,453,어문,간행물,국회도서관,국회전자도서관,국회도서관 소장자료,韓國博士및碩士學位論文總目錄 : 人文·社會科學. 1993-1994(第25輯-1),-,1994,1,미부착,제1유형,무,-,韓國博士및碩士學位論文總目錄 : 人文·社會科學. 1993-1994(第25輯-1),-,어문,문서,-,법률,한국어,-,1905-06-16 00:00:00,-,국회도서관,-,-,-,제1유형,저작물,보호저작물,○,상업적이용가능,○,○,○,○,○,○,○,-,2064,-,-
,454,어문,간행물,국회도서관,국회전자도서관,국회도서관 소장자료,海外同胞政策의 改善方案 : 專擔機構問題를 中心으로,-,1994,1,미부착,제1유형,무,-,海外同胞政策의 改善方案 : 專擔機構問題를 中心으로,-,어문,문서,-,법률,한국어,-,1905-06-16 00:00:00,-,국회도서관,-,-,-,제1유형,저작물,보호저작물,○,상업적이용가능,○,○,○,○,○,○,○,-,2064,-,-
,455,어문,간행물,국회도서관,국회전자도서관,국회도서관 소장자료,現行 行刑制度의 問題點과 改善方案,-,1994,1,미부착,제1유형,무,-,現行 行刑制度의 問題點과 改善方案,-,어문,문서,-,법률,한국어,-,1905-06-16 00:00:00,-,국회도서관,-,-,-,제1유형,저작물,보호저작물,○,상업적이용가능,○,○,○,○,○,○,○,-,2064,-,-
,456,어문,간행물,국회도서관,국회전자도서관,국회도서관 소장자료,環境과 貿易規制 : 소위 그린라운드를 중심으로,-,1994,1,미부착,제1유형,무,-,環境과 貿易規制 : 소위 그린라운드를 중심으로,-,어문,문서,-,법률,한국어,-,1905-06-16 00:00:00,-,국회도서관,-,-,-,제1유형,저작물,보호저작물,○,상업적이용가능,○,○,○,○,○,○,○,-,2064,-,-
,457,어문,간행물,국회도서관,국회전자도서관,국회도서관 소장자료,"環境基本法(1993, 日本)",-,1994,1,미부착,제1유형,무,-,"環境基本法(1993, 日本)",-,어문,문서,-,법률,한국어,-,1905-06-16 00:00:00,-,국회도서관,-,-,-,제1유형,저작물,보호저작물,○,상업적이용가능,○,○,○,○,○,○,○,-,2064,-,-
,458,어문,간행물,국회도서관,국회전자도서관,국회도서관 소장자료,‘公職選擧및選擧不正防止法’의 問題點과 改善方向,-,1995,1,미부착,제1유형,무,-,‘公職選擧및選擧不正防止法’의 問題點과 改善方向,-,어문,문서,-,법률,한국어,-,1905-06-17 00:00:00,-,국회도서관,-,-,-,제1유형,저작물,보호저작물,○,상업적이용가능,○,○,○,○,○,○,○,-,2065,-,-
,459,어문,간행물,국회도서관,국회전자도서관,국회도서관 소장자료,「輕水爐」協商妥結과 韓半島 周邊4强의 外交政策,-,1995,1,미부착,제1유형,무,-,「輕水爐」協商妥結과 韓半島 周邊4强의 外交政策,-,어문,문서,-,법률,한국어,-,1905-06-17 00:00:00,-,국회도서관,-,-,-,제1유형,저작물,보호저작물,○,상업적이용가능,○,○,○,○,○,○,○,-,2065,-,-
,460,어문,간행물,국회도서관,국회전자도서관,국회도서관 소장자료,「勤勞者派遣法案」의 爭點과 立法의 方向,-,1995,1,미부착,제1유형,무,-,「勤勞者派遣法案」의 爭點과 立法의 方向,-,어문,문서,-,법률,한국어,-,1905-06-17 00:00:00,-,국회도서관,-,-,-,제1유형,저작물,보호저작물,○,상업적이용가능,○,○,○,○,○,○,○,-,2065,-,-
,461,어문,간행물,국회도서관,국회전자도서관,국회도서관 소장자료,「社會福祉 증진 및 國家有功者 지원」 부문 豫算案(1996년도)의 基調와 爭點,-,1995,1,미부착,제1유형,무,-,「社會福祉 증진 및 國家有功者 지원」 부문 豫算案(1996년도)의 基調와 爭點,-,어문,문서,-,법률,한국어,-,1905-06-17 00:00:00,-,국회도서관,-,-,-,제1유형,저작물,보호저작물,○,상업적이용가능,○,○,○,○,○,○,○,-,2065,-,-
,462,어문,간행물,국회도서관,국회전자도서관,국회도서관 소장자료,1995年度 追加更正豫算案의 特徵과 主要 爭點,-,1995,1,미부착,제1유형,무,-,1995年度 追加更正豫算案의 特徵과 主要 爭點,-,어문,문서,-,법률,한국어,-,1905-06-17 00:00:00,-,국회도서관,-,-,-,제1유형,저작물,보호저작물,○,상업적이용가능,○,○,○,○,○,○,○,-,2065,-,-
,463,어문,간행물,국회도서관,국회전자도서관,국회도서관 소장자료,5.18特別法 관련 爭點 : 公訴時效 問題를 中心으로,-,1995,1,미부착,제1유형,무,-,5.18特別法 관련 爭點 : 公訴時效 問題를 中心으로,-,어문,문서,-,법률,한국어,-,1905-06-17 00:00:00,-,국회도서관,-,-,-,제1유형,저작물,보호저작물,○,상업적이용가능,○,○,○,○,○,○,○,-,2065,-,-
,464,어문,간행물,국회도서관,국회전자도서관,국회도서관 소장자료,6.27 地方選擧 結果分析,-,1995,1,미부착,제1유형,무,-,6.27 地方選擧 結果分析,-,어문,문서,-,법률,한국어,-,1905-06-17 00:00:00,-,국회도서관,-,-,-,제1유형,저작물,보호저작물,○,상업적이용가능,○,○,○,○,○,○,○,-,2065,-,-
,465,어문,간행물,국회도서관,국회전자도서관,국회도서관 소장자료,'95 美國의 對韓半島政策과 우리의 對美政策 方向,-,1995,1,미부착,제1유형,무,-,'95 美國의 對韓半島政策과 우리의 對美政策 方向,-,어문,문서,-,법률,한국어,-,1905-06-17 00:00:00,-,국회도서관,-,-,-,제1유형,저작물,보호저작물,○,상업적이용가능,○,○,○,○,○,○,○,-,2065,-,-
,466,어문,간행물,국회도서관,국회전자도서관,국회도서관 소장자료,'95年度 ‘適正賃金引上案’과 賃金交涉의 展望,-,1995,1,미부착,제1유형,무,-,'95年度 ‘適正賃金引上案’과 賃金交涉의 展望,-,어문,문서,-,법률,한국어,-,1905-06-17 00:00:00,-,국회도서관,-,-,-,제1유형,저작물,보호저작물,○,상업적이용가능,○,○,○,○,○,○,○,-,2065,-,-
,467,어문,간행물,국회도서관,국회전자도서관,국회도서관 소장자료,'96年度 豫算案의 全般的인 特徵과 主要 審議課題,-,1995,1,미부착,제1유형,무,-,'96年度 豫算案의 全般的인 特徵과 主要 審議課題,-,어문,문서,-,법률,한국어,-,1905-06-17 00:00:00,-,국회도서관,-,-,-,제1유형,저작물,보호저작물,○,상업적이용가능,○,○,○,○,○,○,○,-,2065,-,-
,468,어문,간행물,국회도서관,국회전자도서관,국회도서관 소장자료,97年 中國返還 이후 홍콩의 將來 : 홍콩民主化動向을 中心으로,-,1995,1,미부착,제1유형,무,-,97年 中國返還 이후 홍콩의 將來 : 홍콩民主化動向을 中心으로,-,어문,문서,-,법률,한국어,-,1905-06-17 00:00:00,-,국회도서관,-,-,-,제1유형,저작물,보호저작물,○,상업적이용가능,○,○,○,○,○,○,○,-,2065,-,-
,469,어문,간행물,국회도서관,국회전자도서관,국회도서관 소장자료,APEC 오사카 회담에 관한 검토,-,1995,1,미부착,제1유형,무,-,APEC 오사카 회담에 관한 검토,-,어문,문서,-,법률,한국어,-,1905-06-17 00:00:00,-,국회도서관,-,-,-,제1유형,저작물,보호저작물,○,상업적이용가능,○,○,○,○,○,○,○,-,2065,-,-
,470,어문,간행물,국회도서관,국회전자도서관,국회도서관 소장자료,NPT體制를 둘러싼 葛藤 및 向後 展開方向,-,1995,1,미부착,제1유형,무,-,NPT體制를 둘러싼 葛藤 및 向後 展開方向,-,어문,문서,-,법률,한국어,-,1905-06-17 00:00:00,-,국회도서관,-,-,-,제1유형,저작물,보호저작물,○,상업적이용가능,○,○,○,○,○,○,○,-,2065,-,-
,471,어문,간행물,국회도서관,국회전자도서관,국회도서관 소장자료,OECD 加入에 따른 爭點分析,-,1995,1,미부착,제1유형,무,-,OECD 加入에 따른 爭點分析,-,어문,문서,-,법률,한국어,-,1905-06-17 00:00:00,-,국회도서관,-,-,-,제1유형,저작물,보호저작물,○,상업적이용가능,○,○,○,○,○,○,○,-,2065,-,-
,472,어문,간행물,국회도서관,국회전자도서관,국회도서관 소장자료,可恐할 化學武器의 實體,-,1995,1,미부착,제1유형,무,-,可恐할 化學武器의 實體,-,어문,문서,-,법률,한국어,-,1905-06-17 00:00:00,-,국회도서관,-,-,-,제1유형,저작물,보호저작물,○,상업적이용가능,○,○,○,○,○,○,○,-,2065,-,-
,473,어문,간행물,국회도서관,국회전자도서관,국회도서관 소장자료,建築物 安全管理對策의 問題點과 改善方案,-,1995,1,미부착,제1유형,무,-,建築物 安全管理對策의 問題點과 改善方案,-,어문,문서,-,법률,한국어,-,1905-06-17 00:00:00,-,국회도서관,-,-,-,제1유형,저작물,보호저작물,○,상업적이용가능,○,○,○,○,○,○,○,-,2065,-,-
,474,어문,간행물,국회도서관,국회전자도서관,국회도서관 소장자료,京釜高速鐵道 首都圈驛舍의 立地選定 問題,-,1995,1,미부착,제1유형,무,-,京釜高速鐵道 首都圈驛舍의 立地選定 問題,-,어문,문서,-,법률,한국어,-,1905-06-17 00:00:00,-,국회도서관,-,-,-,제1유형,저작물,보호저작물,○,상업적이용가능,○,○,○,○,○,○,○,-,2065,-,-
,475,어문,간행물,국회도서관,국회전자도서관,국회도서관 소장자료,輕水爐協商 妥結과 南北韓關係,-,1995,1,미부착,제1유형,무,-,輕水爐協商 妥結과 南北韓關係,-,어문,문서,-,법률,한국어,-,1905-06-17 00:00:00,-,국회도서관,-,-,-,제1유형,저작물,보호저작물,○,상업적이용가능,○,○,○,○,○,○,○,-,2065,-,-
,476,어문,간행물,국회도서관,국회전자도서관,국회도서관 소장자료,"高等學校 平準化 政策 : 施行過程과 問題點, 改善方向",-,1995,1,미부착,제1유형,무,-,"高等學校 平準化 政策 : 施行過程과 問題點, 改善方向",-,어문,문서,-,법률,한국어,-,1905-06-17 00:00:00,-,국회도서관,-,-,-,제1유형,저작물,보호저작물,○,상업적이용가능,○,○,○,○,○,○,○,-,2065,-,-
,477,어문,간행물,국회도서관,국회전자도서관,국회도서관 소장자료,古書目錄. 1995(全),-,1995,1,미부착,제1유형,무,-,古書目錄. 1995(全),-,어문,문서,-,법률,한국어,-,1905-06-17 00:00:00,-,국회도서관,-,-,-,제1유형,저작물,보호저작물,○,상업적이용가능,○,○,○,○,○,○,○,-,2065,-,-
,478,어문,간행물,국회도서관,국회전자도서관,국회도서관 소장자료,敎育改革의 內容과 爭點,-,1995,1,미부착,제1유형,무,-,敎育改革의 內容과 爭點,-,어문,문서,-,법률,한국어,-,1905-06-17 00:00:00,-,국회도서관,-,-,-,제1유형,저작물,보호저작물,○,상업적이용가능,○,○,○,○,○,○,○,-,2065,-,-
,479,어문,간행물,국회도서관,국회전자도서관,국회도서관 소장자료,敎育財政의 現況과 課題 : 財政擴充方案을 中心으로,-,1995,1,미부착,제1유형,무,-,敎育財政의 現況과 課題 : 財政擴充方案을 中心으로,-,어문,문서,-,법률,한국어,-,1905-06-17 00:00:00,-,국회도서관,-,-,-,제1유형,저작물,보호저작물,○,상업적이용가능,○,○,○,○,○,○,○,-,2065,-,-
,480,어문,간행물,국회도서관,국회전자도서관,국회도서관 소장자료,交通投資財源 擴充上의 制約條件과 對策,-,1995,1,미부착,제1유형,무,-,交通投資財源 擴充上의 制約條件과 對策,-,어문,문서,-,법률,한국어,-,1905-06-17 00:00:00,-,국회도서관,-,-,-,제1유형,저작물,보호저작물,○,상업적이용가능,○,○,○,○,○,○,○,-,2065,-,-
,481,어문,간행물,국회도서관,국회전자도서관,국회도서관 소장자료,國民福祉의 現住所와 政策課題,-,1995,1,미부착,제1유형,무,-,國民福祉의 現住所와 政策課題,-,어문,문서,-,법률,한국어,-,1905-06-17 00:00:00,-,국회도서관,-,-,-,제1유형,저작물,보호저작물,○,상업적이용가능,○,○,○,○,○,○,○,-,2065,-,-
,482,어문,간행물,국회도서관,국회전자도서관,국회도서관 소장자료,國政監査會議錄索引. 第14代(Ⅱ),-,1995,1,미부착,제1유형,무,-,國政監査會議錄索引. 第14代(Ⅱ),-,어문,문서,-,법률,한국어,-,1905-06-17 00:00:00,-,국회도서관,-,-,-,제1유형,저작물,보호저작물,○,상업적이용가능,○,○,○,○,○,○,○,-,2065,-,-
,483,어문,간행물,국회도서관,국회전자도서관,국회도서관 소장자료,國政監査會議錄索引. 第14代(Ⅲ),-,1995,1,미부착,제1유형,무,-,國政監査會議錄索引. 第14代(Ⅲ),-,어문,문서,-,법률,한국어,-,1905-06-17 00:00:00,-,국회도서관,-,-,-,제1유형,저작물,보호저작물,○,상업적이용가능,○,○,○,○,○,○,○,-,2065,-,-
,484,어문,간행물,국회도서관,국회전자도서관,국회도서관 소장자료,國際通貨制度의 改革 論議 : 브레튼우즈委員會의 案을 中心으로,-,1995,1,미부착,제1유형,무,-,國際通貨制度의 改革 論議 : 브레튼우즈委員會의 案을 中心으로,-,어문,문서,-,법률,한국어,-,1905-06-17 00:00:00,-,국회도서관,-,-,-,제1유형,저작물,보호저작물,○,상업적이용가능,○,○,○,○,○,○,○,-,2065,-,-
,485,어문,간행물,국회도서관,국회전자도서관,국회도서관 소장자료,국회업무 전산화 종합발전계획 : 1996-2000,-,1995,1,미부착,제1유형,무,-,국회업무 전산화 종합발전계획 : 1996-2000,-,어문,문서,-,법률,한국어,-,1905-06-17 00:00:00,-,국회도서관,-,-,-,제1유형,저작물,보호저작물,○,상업적이용가능,○,○,○,○,○,○,○,-,2065,-,-
,486,어문,간행물,국회도서관,국회전자도서관,국회도서관 소장자료,"국회업무 전산화 종합발전계획 : 1996-2000, 부록",-,1995,1,미부착,제1유형,무,-,"국회업무 전산화 종합발전계획 : 1996-2000, 부록",-,어문,문서,-,법률,한국어,-,1905-06-17 00:00:00,-,국회도서관,-,-,-,제1유형,저작물,보호저작물,○,상업적이용가능,○,○,○,○,○,○,○,-,2065,-,-
,487,어문,간행물,국회도서관,국회전자도서관,국회도서관 소장자료,국회운영위원회요구자료,-,1995,1,미부착,제1유형,무,-,국회운영위원회요구자료,-,어문,문서,-,법률,한국어,-,1905-06-17 00:00:00,-,국회도서관,-,-,-,제1유형,저작물,보호저작물,○,상업적이용가능,○,○,○,○,○,○,○,-,2065,-,-
,488,어문,간행물,국회도서관,국회전자도서관,국회도서관 소장자료,"國會會議錄索引. 第14代, 3",-,1995,1,미부착,제1유형,무,-,"國會會議錄索引. 第14代, 3",-,어문,문서,-,법률,한국어,-,1905-06-17 00:00:00,-,국회도서관,-,-,-,제1유형,저작물,보호저작물,○,상업적이용가능,○,○,○,○,○,○,○,-,2065,-,-
,489,어문,간행물,국회도서관,국회전자도서관,국회도서관 소장자료,農産物과 食品의 通關·檢疫에 관한 韓美間 爭點과 政策方向,-,1995,1,미부착,제1유형,무,-,農産物과 食品의 通關·檢疫에 관한 韓美間 爭點과 政策方向,-,어문,문서,-,법률,한국어,-,1905-06-17 00:00:00,-,국회도서관,-,-,-,제1유형,저작물,보호저작물,○,상업적이용가능,○,○,○,○,○,○,○,-,2065,-,-
,490,어문,간행물,국회도서관,국회전자도서관,국회도서관 소장자료,臺灣海峽의 軍事的 緊張 : 현황과 전망,-,1995,1,미부착,제1유형,무,-,臺灣海峽의 軍事的 緊張 : 현황과 전망,-,어문,문서,-,법률,한국어,-,1905-06-17 00:00:00,-,국회도서관,-,-,-,제1유형,저작물,보호저작물,○,상업적이용가능,○,○,○,○,○,○,○,-,2065,-,-
,491,어문,간행물,국회도서관,국회전자도서관,국회도서관 소장자료,都市가스 安全管理의 實態와 改善方案,-,1995,1,미부착,제1유형,무,-,都市가스 安全管理의 實態와 改善方案,-,어문,문서,-,법률,한국어,-,1905-06-17 00:00:00,-,국회도서관,-,-,-,제1유형,저작물,보호저작물,○,상업적이용가능,○,○,○,○,○,○,○,-,2065,-,-
,492,어문,간행물,국회도서관,국회전자도서관,국회도서관 소장자료,東西獨 「保健協定」의 교훈과 南北韓 保健協力 방안,-,1995,1,미부착,제1유형,무,-,東西獨 「保健協定」의 교훈과 南北韓 保健協力 방안,-,어문,문서,-,법률,한국어,-,1905-06-17 00:00:00,-,국회도서관,-,-,-,제1유형,저작물,보호저작물,○,상업적이용가능,○,○,○,○,○,○,○,-,2065,-,-
,493,어문,간행물,국회도서관,국회전자도서관,국회도서관 소장자료,鄧小平 死後의 中國情勢,-,1995,1,미부착,제1유형,무,-,鄧小平 死後의 中國情勢,-,어문,문서,-,법률,한국어,-,1905-06-17 00:00:00,-,국회도서관,-,-,-,제1유형,저작물,보호저작물,○,상업적이용가능,○,○,○,○,○,○,○,-,2065,-,-
,494,어문,간행물,국회도서관,국회전자도서관,국회도서관 소장자료,痲藥類 不法取扱에 관한 法的對應및 問題點,-,1995,1,미부착,제1유형,무,-,痲藥類 不法取扱에 관한 法的對應및 問題點,-,어문,문서,-,법률,한국어,-,1905-06-17 00:00:00,-,국회도서관,-,-,-,제1유형,저작물,보호저작물,○,상업적이용가능,○,○,○,○,○,○,○,-,2065,-,-
,495,어문,간행물,국회도서관,국회전자도서관,국회도서관 소장자료,무궁화衛星의 發射와 그 意味,-,1995,1,미부착,제1유형,무,-,무궁화衛星의 發射와 그 意味,-,어문,문서,-,법률,한국어,-,1905-06-17 00:00:00,-,국회도서관,-,-,-,제1유형,저작물,보호저작물,○,상업적이용가능,○,○,○,○,○,○,○,-,2065,-,-
,496,어문,간행물,국회도서관,국회전자도서관,국회도서관 소장자료,美·베트남 修交,-,1995,1,미부착,제1유형,무,-,美·베트남 修交,-,어문,문서,-,법률,한국어,-,1905-06-17 00:00:00,-,국회도서관,-,-,-,제1유형,저작물,보호저작물,○,상업적이용가능,○,○,○,○,○,○,○,-,2065,-,-
,497,어문,간행물,국회도서관,국회전자도서관,국회도서관 소장자료,美·中 貿易紛爭이 우리經濟에 미치는 影響,-,1995,1,미부착,제1유형,무,-,美·中 貿易紛爭이 우리經濟에 미치는 影響,-,어문,문서,-,법률,한국어,-,1905-06-17 00:00:00,-,국회도서관,-,-,-,제1유형,저작물,보호저작물,○,상업적이용가능,○,○,○,○,○,○,○,-,2065,-,-
,498,어문,간행물,국회도서관,국회전자도서관,국회도서관 소장자료,美國 컴퓨터통신의 淫亂物 規制,-,1995,1,미부착,제1유형,무,-,美國 컴퓨터통신의 淫亂物 規制,-,어문,문서,-,법률,한국어,-,1905-06-17 00:00:00,-,국회도서관,-,-,-,제1유형,저작물,보호저작물,○,상업적이용가능,○,○,○,○,○,○,○,-,2065,-,-
,499,어문,간행물,국회도서관,국회전자도서관,국회도서관 소장자료,美國 特別檢事制度의 內容과 問題點,-,1995,1,미부착,제1유형,무,-,美國 特別檢事制度의 內容과 問題點,-,어문,문서,-,법률,한국어,-,1905-06-17 00:00:00,-,국회도서관,-,-,-,제1유형,저작물,보호저작물,○,상업적이용가능,○,○,○,○,○,○,○,-,2065,-,-
,500,어문,간행물,국회도서관,국회전자도서관,국회도서관 소장자료,美國에서의 大統領 一部拒否權(Item Veto)問題,-,1995,1,미부착,제1유형,무,-,美國에서의 大統領 一部拒否權(Item Veto)問題,-,어문,문서,-,법률,한국어,-,1905-06-17 00:00:00,-,국회도서관,-,-,-,제1유형,저작물,보호저작물,○,상업적이용가능,○,○,○,○,○,○,○,-,2065,-,-
,501,어문,간행물,국회도서관,국회전자도서관,국회도서관 소장자료,美議會의 初選議員을 위한 Orientation Program,-,1995,1,미부착,제1유형,무,-,美議會의 初選議員을 위한 Orientation Program,-,어문,문서,-,법률,한국어,-,1905-06-17 00:00:00,-,국회도서관,-,-,-,제1유형,저작물,보호저작물,○,상업적이용가능,○,○,○,○,○,○,○,-,2065,-,-
,502,어문,간행물,국회도서관,국회전자도서관,국회도서관 소장자료,民願後見人制度,-,1995,1,미부착,제1유형,무,-,民願後見人制度,-,어문,문서,-,법률,한국어,-,1905-06-17 00:00:00,-,국회도서관,-,-,-,제1유형,저작물,보호저작물,○,상업적이용가능,○,○,○,○,○,○,○,-,2065,-,-
,503,어문,간행물,국회도서관,국회전자도서관,국회도서관 소장자료,바람직한 老人健康管理를 위한 立法方向,-,1995,1,미부착,제1유형,무,-,바람직한 老人健康管理를 위한 立法方向,-,어문,문서,-,법률,한국어,-,1905-06-17 00:00:00,-,국회도서관,-,-,-,제1유형,저작물,보호저작물,○,상업적이용가능,○,○,○,○,○,○,○,-,2065,-,-
,504,어문,간행물,국회도서관,국회전자도서관,국회도서관 소장자료,放送法(案)의 主要 爭點과 代案,-,1995,1,미부착,제1유형,무,-,放送法(案)의 主要 爭點과 代案,-,어문,문서,-,법률,한국어,-,1905-06-17 00:00:00,-,국회도서관,-,-,-,제1유형,저작물,보호저작물,○,상업적이용가능,○,○,○,○,○,○,○,-,2065,-,-
,505,어문,간행물,국회도서관,국회전자도서관,국회도서관 소장자료,베를린 氣候會議 : 溫暖化와 人類,-,1995,1,미부착,제1유형,무,-,베를린 氣候會議 : 溫暖化와 人類,-,어문,문서,-,법률,한국어,-,1905-06-17 00:00:00,-,국회도서관,-,-,-,제1유형,저작물,보호저작물,○,상업적이용가능,○,○,○,○,○,○,○,-,2065,-,-
,506,어문,간행물,국회도서관,국회전자도서관,국회도서관 소장자료,北日修交 展望과 政策課題,-,1995,1,미부착,제1유형,무,-,北日修交 展望과 政策課題,-,어문,문서,-,법률,한국어,-,1905-06-17 00:00:00,-,국회도서관,-,-,-,제1유형,저작물,보호저작물,○,상업적이용가능,○,○,○,○,○,○,○,-,2065,-,-
,507,어문,간행물,국회도서관,국회전자도서관,국회도서관 소장자료,北韓의 「平和協定」提議 : 意圖分析과 對應方案,-,1995,1,미부착,제1유형,무,-,北韓의 「平和協定」提議 : 意圖分析과 對應方案,-,어문,문서,-,법률,한국어,-,1905-06-17 00:00:00,-,국회도서관,-,-,-,제1유형,저작물,보호저작물,○,상업적이용가능,○,○,○,○,○,○,○,-,2065,-,-
,508,어문,간행물,국회도서관,국회전자도서관,국회도서관 소장자료,不況下의 日本經濟現況과 向後 展望,-,1995,1,미부착,제1유형,무,-,不況下의 日本經濟現況과 向後 展望,-,어문,문서,-,법률,한국어,-,1905-06-17 00:00:00,-,국회도서관,-,-,-,제1유형,저작물,보호저작물,○,상업적이용가능,○,○,○,○,○,○,○,-,2065,-,-
,509,어문,간행물,국회도서관,국회전자도서관,국회도서관 소장자료,비디오자료목록. 제1집,-,1995,1,미부착,제1유형,무,-,비디오자료목록. 제1집,-,어문,문서,-,법률,한국어,-,1905-06-17 00:00:00,-,국회도서관,-,-,-,제1유형,저작물,보호저작물,○,상업적이용가능,○,○,○,○,○,○,○,-,2065,-,-
,510,어문,간행물,국회도서관,국회전자도서관,국회도서관 소장자료,서울시 交通難 緩和를 위한 主要 政策課題,-,1995,1,미부착,제1유형,무,-,서울시 交通難 緩和를 위한 主要 政策課題,-,어문,문서,-,법률,한국어,-,1905-06-17 00:00:00,-,국회도서관,-,-,-,제1유형,저작물,보호저작물,○,상업적이용가능,○,○,○,○,○,○,○,-,2065,-,-
,511,어문,간행물,국회도서관,국회전자도서관,국회도서관 소장자료,選擧에서의 寄附行爲,-,1995,1,미부착,제1유형,무,-,選擧에서의 寄附行爲,-,어문,문서,-,법률,한국어,-,1905-06-17 00:00:00,-,국회도서관,-,-,-,제1유형,저작물,보호저작물,○,상업적이용가능,○,○,○,○,○,○,○,-,2065,-,-
,512,어문,간행물,국회도서관,국회전자도서관,국회도서관 소장자료,세계문화유산과 문화의식,-,1995,1,미부착,제1유형,무,-,세계문화유산과 문화의식,-,어문,문서,-,법률,한국어,-,1905-06-17 00:00:00,-,국회도서관,-,-,-,제1유형,저작물,보호저작물,○,상업적이용가능,○,○,○,○,○,○,○,-,2065,-,-
,513,어문,간행물,국회도서관,국회전자도서관,국회도서관 소장자료,世界의 主要 紛爭地域 現況,-,1995,1,미부착,제1유형,무,-,世界의 主要 紛爭地域 現況,-,어문,문서,-,법률,한국어,-,1905-06-17 00:00:00,-,국회도서관,-,-,-,제1유형,저작물,보호저작물,○,상업적이용가능,○,○,○,○,○,○,○,-,2065,-,-
,514,어문,간행물,국회도서관,국회전자도서관,국회도서관 소장자료,首都圈 廣域交通行政體系의 構築方向,-,1995,1,미부착,제1유형,무,-,首都圈 廣域交通行政體系의 構築方向,-,어문,문서,-,법률,한국어,-,1905-06-17 00:00:00,-,국회도서관,-,-,-,제1유형,저작물,보호저작물,○,상업적이용가능,○,○,○,○,○,○,○,-,2065,-,-
,515,어문,간행물,국회도서관,국회전자도서관,국회도서관 소장자료,首都圈 新都市開發方案의 問題點과 改善方向,-,1995,1,미부착,제1유형,무,-,首都圈 新都市開發方案의 問題點과 改善方向,-,어문,문서,-,법률,한국어,-,1905-06-17 00:00:00,-,국회도서관,-,-,-,제1유형,저작물,보호저작물,○,상업적이용가능,○,○,○,○,○,○,○,-,2065,-,-
,516,어문,간행물,국회도서관,국회전자도서관,국회도서관 소장자료,收書目錄. 1994,-,1995,1,미부착,제1유형,무,-,收書目錄. 1994,-,어문,문서,-,법률,한국어,-,1905-06-17 00:00:00,-,국회도서관,-,-,-,제1유형,저작물,보호저작물,○,상업적이용가능,○,○,○,○,○,○,○,-,2065,-,-
,517,어문,간행물,국회도서관,국회전자도서관,국회도서관 소장자료,量刑의 問題點과 改善方案,-,1995,1,미부착,제1유형,무,-,量刑의 問題點과 改善方案,-,어문,문서,-,법률,한국어,-,1905-06-17 00:00:00,-,국회도서관,-,-,-,제1유형,저작물,보호저작물,○,상업적이용가능,○,○,○,○,○,○,○,-,2065,-,-
,518,어문,간행물,국회도서관,국회전자도서관,국회도서관 소장자료,업무현황,-,1995,1,미부착,제1유형,무,-,업무현황,-,어문,문서,-,법률,한국어,-,1905-06-17 00:00:00,-,국회도서관,-,-,-,제1유형,저작물,보호저작물,○,상업적이용가능,○,○,○,○,○,○,○,-,2065,-,-
,519,어문,간행물,국회도서관,국회전자도서관,국회도서관 소장자료,업무현황,-,1995,1,미부착,제1유형,무,-,업무현황,-,어문,문서,-,법률,한국어,-,1905-06-17 00:00:00,-,국회도서관,-,-,-,제1유형,저작물,보호저작물,○,상업적이용가능,○,○,○,○,○,○,○,-,2065,-,-
,520,어문,간행물,국회도서관,국회전자도서관,국회도서관 소장자료,円高 : 要因과 影響,-,1995,1,미부착,제1유형,무,-,円高 : 要因과 影響,-,어문,문서,-,법률,한국어,-,1905-06-17 00:00:00,-,국회도서관,-,-,-,제1유형,저작물,보호저작물,○,상업적이용가능,○,○,○,○,○,○,○,-,2065,-,-
,521,어문,간행물,국회도서관,국회전자도서관,국회도서관 소장자료,円의 國際化와 円의 基軸通貨化의 展望,-,1995,1,미부착,제1유형,무,-,円의 國際化와 円의 基軸通貨化의 展望,-,어문,문서,-,법률,한국어,-,1905-06-17 00:00:00,-,국회도서관,-,-,-,제1유형,저작물,보호저작물,○,상업적이용가능,○,○,○,○,○,○,○,-,2065,-,-
,522,어문,간행물,국회도서관,국회전자도서관,국회도서관 소장자료,女性福祉施設의 實態와 家出靑少年 問題 : 京畿女子技術學院 放火慘事를 중심으로,-,1995,1,미부착,제1유형,무,-,女性福祉施設의 實態와 家出靑少年 問題 : 京畿女子技術學院 放火慘事를 중심으로,-,어문,문서,-,법률,한국어,-,1905-06-17 00:00:00,-,국회도서관,-,-,-,제1유형,저작물,보호저작물,○,상업적이용가능,○,○,○,○,○,○,○,-,2065,-,-
,523,어문,간행물,국회도서관,국회전자도서관,국회도서관 소장자료,英國의 公企業 民營化 經驗과 政策的 示唆點,-,1995,1,미부착,제1유형,무,-,英國의 公企業 民營化 經驗과 政策的 示唆點,-,어문,문서,-,법률,한국어,-,1905-06-17 00:00:00,-,국회도서관,-,-,-,제1유형,저작물,보호저작물,○,상업적이용가능,○,○,○,○,○,○,○,-,2065,-,-
,524,어문,간행물,국회도서관,국회전자도서관,국회도서관 소장자료,英國의 地方敎育自治制度와 學校運營委員會,-,1995,1,미부착,제1유형,무,-,英國의 地方敎育自治制度와 學校運營委員會,-,어문,문서,-,법률,한국어,-,1905-06-17 00:00:00,-,국회도서관,-,-,-,제1유형,저작물,보호저작물,○,상업적이용가능,○,○,○,○,○,○,○,-,2065,-,-
,525,어문,간행물,국회도서관,국회전자도서관,국회도서관 소장자료,外國의 地下埋設物 管理實態와 政策代案의 摸索,-,1995,1,미부착,제1유형,무,-,外國의 地下埋設物 管理實態와 政策代案의 摸索,-,어문,문서,-,법률,한국어,-,1905-06-17 00:00:00,-,국회도서관,-,-,-,제1유형,저작물,보호저작물,○,상업적이용가능,○,○,○,○,○,○,○,-,2065,-,-
,526,어문,간행물,국회도서관,국회전자도서관,국회도서관 소장자료,外國人 勞動者 問題와 對策,-,1995,1,미부착,제1유형,무,-,外國人 勞動者 問題와 對策,-,어문,문서,-,법률,한국어,-,1905-06-17 00:00:00,-,국회도서관,-,-,-,제1유형,저작물,보호저작물,○,상업적이용가능,○,○,○,○,○,○,○,-,2065,-,-
,527,어문,간행물,국회도서관,국회전자도서관,국회도서관 소장자료,衛星放送政策의 爭點과 向後課題,-,1995,1,미부착,제1유형,무,-,衛星放送政策의 爭點과 向後課題,-,어문,문서,-,법률,한국어,-,1905-06-17 00:00:00,-,국회도서관,-,-,-,제1유형,저작물,보호저작물,○,상업적이용가능,○,○,○,○,○,○,○,-,2065,-,-
,528,어문,간행물,국회도서관,국회전자도서관,국회도서관 소장자료,油類流出로 인한 海洋汚染防除의 問題點과 改善方案,-,1995,1,미부착,제1유형,무,-,油類流出로 인한 海洋汚染防除의 問題點과 改善方案,-,어문,문서,-,법률,한국어,-,1905-06-17 00:00:00,-,국회도서관,-,-,-,제1유형,저작물,보호저작물,○,상업적이용가능,○,○,○,○,○,○,○,-,2065,-,-
,529,어문,간행물,국회도서관,국회전자도서관,국회도서관 소장자료,日本의 「新防衛計劃大鋼」,-,1995,1,미부착,제1유형,무,-,日本의 「新防衛計劃大鋼」,-,어문,문서,-,법률,한국어,-,1905-06-17 00:00:00,-,국회도서관,-,-,-,제1유형,저작물,보호저작물,○,상업적이용가능,○,○,○,○,○,○,○,-,2065,-,-
,530,어문,간행물,국회도서관,국회전자도서관,국회도서관 소장자료,日本의 地方自治團體長에 對한 牽制裝置,-,1995,1,미부착,제1유형,무,-,日本의 地方自治團體長에 對한 牽制裝置,-,어문,문서,-,법률,한국어,-,1905-06-17 00:00:00,-,국회도서관,-,-,-,제1유형,저작물,보호저작물,○,상업적이용가능,○,○,○,○,○,○,○,-,2065,-,-
,531,어문,간행물,국회도서관,국회전자도서관,국회도서관 소장자료,日帝殘滓淸算과 民族形成,-,1995,1,미부착,제1유형,무,-,日帝殘滓淸算과 民族形成,-,어문,문서,-,법률,한국어,-,1905-06-17 00:00:00,-,국회도서관,-,-,-,제1유형,저작물,보호저작물,○,상업적이용가능,○,○,○,○,○,○,○,-,2065,-,-
,532,어문,간행물,국회도서관,국회전자도서관,국회도서관 소장자료,자치시대의 갈등조정과 정책과제,-,1995,1,미부착,제1유형,무,-,자치시대의 갈등조정과 정책과제,-,어문,문서,-,법률,한국어,-,1905-06-17 00:00:00,-,국회도서관,-,-,-,제1유형,저작물,보호저작물,○,상업적이용가능,○,○,○,○,○,○,○,-,2065,-,-
,533,어문,간행물,국회도서관,국회전자도서관,국회도서관 소장자료,自治時代의 葛藤調整과 政策課題,-,1995,1,미부착,제1유형,무,-,自治時代의 葛藤調整과 政策課題,-,어문,문서,-,법률,한국어,-,1905-06-17 00:00:00,-,국회도서관,-,-,-,제1유형,저작물,보호저작물,○,상업적이용가능,○,○,○,○,○,○,○,-,2065,-,-
,534,어문,간행물,국회도서관,국회전자도서관,국회도서관 소장자료,前職大統領(國家首班)에 대한 禮遇問題,-,1995,1,미부착,제1유형,무,-,前職大統領(國家首班)에 대한 禮遇問題,-,어문,문서,-,법률,한국어,-,1905-06-17 00:00:00,-,국회도서관,-,-,-,제1유형,저작물,보호저작물,○,상업적이용가능,○,○,○,○,○,○,○,-,2065,-,-
,535,어문,간행물,국회도서관,국회전자도서관,국회도서관 소장자료,主要國의 超高速情報通信網 構築動向,-,1995,1,미부착,제1유형,무,-,主要國의 超高速情報通信網 構築動向,-,어문,문서,-,법률,한국어,-,1905-06-17 00:00:00,-,국회도서관,-,-,-,제1유형,저작물,보호저작물,○,상업적이용가능,○,○,○,○,○,○,○,-,2065,-,-
,536,어문,간행물,국회도서관,국회전자도서관,국회도서관 소장자료,中國의 國防現代化,-,1995,1,미부착,제1유형,무,-,中國의 國防現代化,-,어문,문서,-,법률,한국어,-,1905-06-17 00:00:00,-,국회도서관,-,-,-,제1유형,저작물,보호저작물,○,상업적이용가능,○,○,○,○,○,○,○,-,2065,-,-
,537,어문,간행물,국회도서관,국회전자도서관,국회도서관 소장자료,中國의 南沙群島政策,-,1995,1,미부착,제1유형,무,-,中國의 南沙群島政策,-,어문,문서,-,법률,한국어,-,1905-06-17 00:00:00,-,국회도서관,-,-,-,제1유형,저작물,보호저작물,○,상업적이용가능,○,○,○,○,○,○,○,-,2065,-,-
,538,어문,간행물,국회도서관,국회전자도서관,국회도서관 소장자료,"中央政府와 地方自治團體間의 財政 關係 : 美國,獨逸,英國,日本을 중심으로",-,1995,1,미부착,제1유형,무,-,"中央政府와 地方自治團體間의 財政 關係 : 美國,獨逸,英國,日本을 중심으로",-,어문,문서,-,법률,한국어,-,1905-06-17 00:00:00,-,국회도서관,-,-,-,제1유형,저작물,보호저작물,○,상업적이용가능,○,○,○,○,○,○,○,-,2065,-,-
,539,어문,간행물,국회도서관,국회전자도서관,국회도서관 소장자료,地方稅 非理의 根絶을 위한 政策課題,-,1995,1,미부착,제1유형,무,-,地方稅 非理의 根絶을 위한 政策課題,-,어문,문서,-,법률,한국어,-,1905-06-17 00:00:00,-,국회도서관,-,-,-,제1유형,저작물,보호저작물,○,상업적이용가능,○,○,○,○,○,○,○,-,2065,-,-
,540,어문,간행물,국회도서관,국회전자도서관,국회도서관 소장자료,地方財政力의 評價를 위한 代案的 指標의 檢討,-,1995,1,미부착,제1유형,무,-,地方財政力의 評價를 위한 代案的 指標의 檢討,-,어문,문서,-,법률,한국어,-,1905-06-17 00:00:00,-,국회도서관,-,-,-,제1유형,저작물,보호저작물,○,상업적이용가능,○,○,○,○,○,○,○,-,2065,-,-
,541,어문,간행물,국회도서관,국회전자도서관,국회도서관 소장자료,超高速情報通信網 構築을 위한 課題,-,1995,1,미부착,제1유형,무,-,超高速情報通信網 構築을 위한 課題,-,어문,문서,-,법률,한국어,-,1905-06-17 00:00:00,-,국회도서관,-,-,-,제1유형,저작물,보호저작물,○,상업적이용가능,○,○,○,○,○,○,○,-,2065,-,-
,542,어문,간행물,국회도서관,국회전자도서관,국회도서관 소장자료,최근 미의회의 의원윤리강화조치 : 선물규칙개정,-,1995,1,미부착,제1유형,무,-,최근 미의회의 의원윤리강화조치 : 선물규칙개정,-,어문,문서,-,법률,한국어,-,1905-06-17 00:00:00,-,국회도서관,-,-,-,제1유형,저작물,보호저작물,○,상업적이용가능,○,○,○,○,○,○,○,-,2065,-,-
,543,어문,간행물,국회도서관,국회전자도서관,국회도서관 소장자료,캐나다 퀘벡주 분리독립 투표의 법적 근거,-,1995,1,미부착,제1유형,무,-,캐나다 퀘벡주 분리독립 투표의 법적 근거,-,어문,문서,-,법률,한국어,-,1905-06-17 00:00:00,-,국회도서관,-,-,-,제1유형,저작물,보호저작물,○,상업적이용가능,○,○,○,○,○,○,○,-,2065,-,-
,544,어문,간행물,국회도서관,국회전자도서관,국회도서관 소장자료,코펜하겐 社會開發頂上會議(WSSD:World Summit for Social Development)의 開催背景과 우리政府의 課題,-,1995,1,미부착,제1유형,무,-,코펜하겐 社會開發頂上會議(WSSD:World Summit for Social Development)의 開催背景과 우리政府의 課題,-,어문,문서,-,법률,한국어,-,1905-06-17 00:00:00,-,국회도서관,-,-,-,제1유형,저작물,보호저작물,○,상업적이용가능,○,○,○,○,○,○,○,-,2065,-,-
,545,어문,간행물,국회도서관,국회전자도서관,국회도서관 소장자료,特別檢事制,-,1995,1,미부착,제1유형,무,-,特別檢事制,-,어문,문서,-,법률,한국어,-,1905-06-17 00:00:00,-,국회도서관,-,-,-,제1유형,저작물,보호저작물,○,상업적이용가능,○,○,○,○,○,○,○,-,2065,-,-
,546,어문,간행물,국회도서관,국회전자도서관,국회도서관 소장자료,프랑스 시락의 大統領 當選의 意味와 內閣構成의 特徵,-,1995,1,미부착,제1유형,무,-,프랑스 시락의 大統領 當選의 意味와 內閣構成의 特徵,-,어문,문서,-,법률,한국어,-,1905-06-17 00:00:00,-,국회도서관,-,-,-,제1유형,저작물,보호저작물,○,상업적이용가능,○,○,○,○,○,○,○,-,2065,-,-
,547,어문,간행물,국회도서관,국회전자도서관,국회도서관 소장자료,한·미 자동차협상과 향후 전개,-,1995,1,미부착,제1유형,무,-,한·미 자동차협상과 향후 전개,-,어문,문서,-,법률,한국어,-,1905-06-17 00:00:00,-,국회도서관,-,-,-,제1유형,저작물,보호저작물,○,상업적이용가능,○,○,○,○,○,○,○,-,2065,-,-
,548,어문,간행물,국회도서관,국회전자도서관,국회도서관 소장자료,韓·美外交 懸案으로서의 韓·美行政協定,-,1995,1,미부착,제1유형,무,-,韓·美外交 懸案으로서의 韓·美行政協定,-,어문,문서,-,법률,한국어,-,1905-06-17 00:00:00,-,국회도서관,-,-,-,제1유형,저작물,보호저작물,○,상업적이용가능,○,○,○,○,○,○,○,-,2065,-,-
,549,어문,간행물,국회도서관,국회전자도서관,국회도서관 소장자료,韓·美通商摩擦의 現況,-,1995,1,미부착,제1유형,무,-,韓·美通商摩擦의 現況,-,어문,문서,-,법률,한국어,-,1905-06-17 00:00:00,-,국회도서관,-,-,-,제1유형,저작물,보호저작물,○,상업적이용가능,○,○,○,○,○,○,○,-,2065,-,-
,550,어문,간행물,국회도서관,국회전자도서관,국회도서관 소장자료,韓國·臺灣關係의 現況과 課題,-,1995,1,미부착,제1유형,무,-,韓國·臺灣關係의 現況과 課題,-,어문,문서,-,법률,한국어,-,1905-06-17 00:00:00,-,국회도서관,-,-,-,제1유형,저작물,보호저작물,○,상업적이용가능,○,○,○,○,○,○,○,-,2065,-,-
,551,어문,간행물,국회도서관,국회전자도서관,국회도서관 소장자료,韓國軍의 平時作戰統制權 還收,-,1995,1,미부착,제1유형,무,-,韓國軍의 平時作戰統制權 還收,-,어문,문서,-,법률,한국어,-,1905-06-17 00:00:00,-,국회도서관,-,-,-,제1유형,저작물,보호저작물,○,상업적이용가능,○,○,○,○,○,○,○,-,2065,-,-
,552,어문,간행물,국회도서관,국회전자도서관,국회도서관 소장자료,韓國博士및碩士學位論文總目錄 : 自然科學. 1994-1995(第26輯-2),-,1995,1,미부착,제1유형,무,-,韓國博士및碩士學位論文總目錄 : 自然科學. 1994-1995(第26輯-2),-,어문,문서,-,법률,한국어,-,1905-06-17 00:00:00,-,국회도서관,-,-,-,제1유형,저작물,보호저작물,○,상업적이용가능,○,○,○,○,○,○,○,-,2065,-,-
,553,어문,간행물,국회도서관,국회전자도서관,국회도서관 소장자료,韓國博士및碩士學位論文總目錄 : 人文·社會科學. 1994-1995(第26輯-1),-,1995,1,미부착,제1유형,무,-,韓國博士및碩士學位論文總目錄 : 人文·社會科學. 1994-1995(第26輯-1),-,어문,문서,-,법률,한국어,-,1905-06-17 00:00:00,-,국회도서관,-,-,-,제1유형,저작물,보호저작물,○,상업적이용가능,○,○,○,○,○,○,○,-,2065,-,-
,554,어문,간행물,국회도서관,국회전자도서관,국회도서관 소장자료,韓國型 輕水爐의 技術水準 및 安全性 問題,-,1995,1,미부착,제1유형,무,-,韓國型 輕水爐의 技術水準 및 安全性 問題,-,어문,문서,-,법률,한국어,-,1905-06-17 00:00:00,-,국회도서관,-,-,-,제1유형,저작물,보호저작물,○,상업적이용가능,○,○,○,○,○,○,○,-,2065,-,-
,555,어문,간행물,국회도서관,국회전자도서관,국회도서관 소장자료,向後 서울시 交通環境變化와 交通政策方向,-,1995,1,미부착,제1유형,무,-,向後 서울시 交通環境變化와 交通政策方向,-,어문,문서,-,법률,한국어,-,1905-06-17 00:00:00,-,국회도서관,-,-,-,제1유형,저작물,보호저작물,○,상업적이용가능,○,○,○,○,○,○,○,-,2065,-,-
,556,어문,간행물,국회도서관,국회전자도서관,국회도서관 소장자료,現行 中小企業 金融支援制度의 問題點과 改善方向,-,1995,1,미부착,제1유형,무,-,現行 中小企業 金融支援制度의 問題點과 改善方向,-,어문,문서,-,법률,한국어,-,1905-06-17 00:00:00,-,국회도서관,-,-,-,제1유형,저작물,보호저작물,○,상업적이용가능,○,○,○,○,○,○,○,-,2065,-,-
,557,어문,간행물,국회도서관,국회전자도서관,국회도서관 소장자료,現行法上의 證人保護制度와 改善方案,-,1995,1,미부착,제1유형,무,-,現行法上의 證人保護制度와 改善方案,-,어문,문서,-,법률,한국어,-,1905-06-17 00:00:00,-,국회도서관,-,-,-,제1유형,저작물,보호저작물,○,상업적이용가능,○,○,○,○,○,○,○,-,2065,-,-
,558,어문,간행물,국회도서관,국회전자도서관,국회도서관 소장자료,混雜通行料 賦課의 問題點과 課題,-,1995,1,미부착,제1유형,무,-,混雜通行料 賦課의 問題點과 課題,-,어문,문서,-,법률,한국어,-,1905-06-17 00:00:00,-,국회도서관,-,-,-,제1유형,저작물,보호저작물,○,상업적이용가능,○,○,○,○,○,○,○,-,2065,-,-
,559,어문,간행물,국회도서관,국회전자도서관,국회도서관 소장자료,"(第15代 國會)國政懸案100大課題. 1, 政治外交·法司行政·敎育科學",-,1996,1,미부착,제1유형,무,-,"(第15代 國會)國政懸案100大課題. 1, 政治外交·法司行政·敎育科學",-,어문,문서,-,법률,한국어,-,1905-06-18 00:00:00,-,국회도서관,-,-,-,제1유형,저작물,보호저작물,○,상업적이용가능,○,○,○,○,○,○,○,-,2066,-,-
,560,어문,간행물,국회도서관,국회전자도서관,국회도서관 소장자료,"(第15代 國會)國政懸案100大課題. 2, 財政經濟·産業經濟·社會環境",-,1996,1,미부착,제1유형,무,-,"(第15代 國會)國政懸案100大課題. 2, 財政經濟·産業經濟·社會環境",-,어문,문서,-,법률,한국어,-,1905-06-18 00:00:00,-,국회도서관,-,-,-,제1유형,저작물,보호저작물,○,상업적이용가능,○,○,○,○,○,○,○,-,2066,-,-
,561,어문,간행물,국회도서관,국회전자도서관,국회도서관 소장자료,"『海洋部』의 新設 : 背景, 意味 그리고 向後課題",-,1996,1,미부착,제1유형,무,-,"『海洋部』의 新設 : 背景, 意味 그리고 向後課題",-,어문,문서,-,법률,한국어,-,1905-06-18 00:00:00,-,국회도서관,-,-,-,제1유형,저작물,보호저작물,○,상업적이용가능,○,○,○,○,○,○,○,-,2066,-,-
,562,어문,간행물,국회도서관,국회전자도서관,국회도서관 소장자료,1996年度 景氣展望,-,1996,1,미부착,제1유형,무,-,1996年度 景氣展望,-,어문,문서,-,법률,한국어,-,1905-06-18 00:00:00,-,국회도서관,-,-,-,제1유형,저작물,보호저작물,○,상업적이용가능,○,○,○,○,○,○,○,-,2066,-,-
,563,어문,간행물,국회도서관,국회전자도서관,국회도서관 소장자료,2002년 월드컵 蹴球大會 誘致경쟁과 북한의 南·北韓 공동개최 제의,-,1996,1,미부착,제1유형,무,-,2002년 월드컵 蹴球大會 誘致경쟁과 북한의 南·北韓 공동개최 제의,-,어문,문서,-,법률,한국어,-,1905-06-18 00:00:00,-,국회도서관,-,-,-,제1유형,저작물,보호저작물,○,상업적이용가능,○,○,○,○,○,○,○,-,2066,-,-
,564,어문,간행물,국회도서관,국회전자도서관,국회도서관 소장자료,"2002년 월드컵 한일공동개최가 일본경제에 미치는 영향 : 일본국내경제에 미치는 파급효과 :▼b약1조8,800억엔",-,1996,1,미부착,제1유형,무,-,"2002년 월드컵 한일공동개최가 일본경제에 미치는 영향 : 일본국내경제에 미치는 파급효과 :▼b약1조8,800억엔",-,어문,문서,-,법률,한국어,-,1905-06-18 00:00:00,-,국회도서관,-,-,-,제1유형,저작물,보호저작물,○,상업적이용가능,○,○,○,○,○,○,○,-,2066,-,-
,565,어문,간행물,국회도서관,국회전자도서관,국회도서관 소장자료,21세기 國民福祉의 비전과 基本構想,-,1996,1,미부착,제1유형,무,-,21세기 國民福祉의 비전과 基本構想,-,어문,문서,-,법률,한국어,-,1905-06-18 00:00:00,-,국회도서관,-,-,-,제1유형,저작물,보호저작물,○,상업적이용가능,○,○,○,○,○,○,○,-,2066,-,-
,566,어문,간행물,국회도서관,국회전자도서관,국회도서관 소장자료,APEC 필리핀 會議 : 評價와 展望,-,1996,1,미부착,제1유형,무,-,APEC 필리핀 會議 : 評價와 展望,-,어문,문서,-,법률,한국어,-,1905-06-18 00:00:00,-,국회도서관,-,-,-,제1유형,저작물,보호저작물,○,상업적이용가능,○,○,○,○,○,○,○,-,2066,-,-
,567,어문,간행물,국회도서관,국회전자도서관,국회도서관 소장자료,ASEM(아시아·유럽회의)의 의의와 우리의 입장,-,1996,1,미부착,제1유형,무,-,ASEM(아시아·유럽회의)의 의의와 우리의 입장,-,어문,문서,-,법률,한국어,-,1905-06-18 00:00:00,-,국회도서관,-,-,-,제1유형,저작물,보호저작물,○,상업적이용가능,○,○,○,○,○,○,○,-,2066,-,-
,568,어문,간행물,국회도서관,국회전자도서관,국회도서관 소장자료,EU(유럽연합)와 프랑스헌법·프랑스 정부의 EU건설에 대한 입장 (해외정보 제1호),-,1996,1,미부착,제1유형,무,-,EU(유럽연합)와 프랑스헌법·프랑스 정부의 EU건설에 대한 입장 (해외정보 제1호),-,어문,문서,-,법률,한국어,-,1905-06-18 00:00:00,-,국회도서관,-,-,-,제1유형,저작물,보호저작물,○,상업적이용가능,○,○,○,○,○,○,○,-,2066,-,-
,569,어문,간행물,국회도서관,국회전자도서관,국회도서관 소장자료,"NIES의 金融自律化와 外換自由化에 대한 比較分析 : 한국,멕시코,대만의 경험을 중심으로",-,1996,1,미부착,제1유형,무,-,"NIES의 金融自律化와 外換自由化에 대한 比較分析 : 한국,멕시코,대만의 경험을 중심으로",-,어문,문서,-,법률,한국어,-,1905-06-18 00:00:00,-,국회도서관,-,-,-,제1유형,저작물,보호저작물,○,상업적이용가능,○,○,○,○,○,○,○,-,2066,-,-
,570,어문,간행물,국회도서관,국회전자도서관,국회도서관 소장자료,OECD 가입과 우리의 정책과제,-,1996,1,미부착,제1유형,무,-,OECD 가입과 우리의 정책과제,-,어문,문서,-,법률,한국어,-,1905-06-18 00:00:00,-,국회도서관,-,-,-,제1유형,저작물,보호저작물,○,상업적이용가능,○,○,○,○,○,○,○,-,2066,-,-
,571,어문,간행물,국회도서관,국회전자도서관,국회도서관 소장자료,OECD 가입과 우리의 정책과제,-,1996,1,미부착,제1유형,무,-,OECD 가입과 우리의 정책과제,-,어문,문서,-,법률,한국어,-,1905-06-18 00:00:00,-,국회도서관,-,-,-,제1유형,저작물,보호저작물,○,상업적이용가능,○,○,○,○,○,○,○,-,2066,-,-
,572,어문,간행물,국회도서관,국회전자도서관,국회도서관 소장자료,OECD 加入과 우리의 政策課題,-,1996,1,미부착,제1유형,무,-,OECD 加入과 우리의 政策課題,-,어문,문서,-,법률,한국어,-,1905-06-18 00:00:00,-,국회도서관,-,-,-,제1유형,저작물,보호저작물,○,상업적이용가능,○,○,○,○,○,○,○,-,2066,-,-
,573,어문,간행물,국회도서관,국회전자도서관,국회도서관 소장자료,OECD 加入에 따른 資本·金融市場 開放과 政策課題,-,1996,1,미부착,제1유형,무,-,OECD 加入에 따른 資本·金融市場 開放과 政策課題,-,어문,문서,-,법률,한국어,-,1905-06-18 00:00:00,-,국회도서관,-,-,-,제1유형,저작물,보호저작물,○,상업적이용가능,○,○,○,○,○,○,○,-,2066,-,-
,574,어문,간행물,국회도서관,국회전자도서관,국회도서관 소장자료,OECD 加入에 따른 環境政策上 爭點과 向後 政策方向,-,1996,1,미부착,제1유형,무,-,OECD 加入에 따른 環境政策上 爭點과 向後 政策方向,-,어문,문서,-,법률,한국어,-,1905-06-18 00:00:00,-,국회도서관,-,-,-,제1유형,저작물,보호저작물,○,상업적이용가능,○,○,○,○,○,○,○,-,2066,-,-
,575,어문,간행물,국회도서관,국회전자도서관,국회도서관 소장자료,OECD 國家의 保健醫療改革 동향,-,1996,1,미부착,제1유형,무,-,OECD 國家의 保健醫療改革 동향,-,어문,문서,-,법률,한국어,-,1905-06-18 00:00:00,-,국회도서관,-,-,-,제1유형,저작물,보호저작물,○,상업적이용가능,○,○,○,○,○,○,○,-,2066,-,-
,576,어문,간행물,국회도서관,국회전자도서관,국회도서관 소장자료,TRIPs協定과 知的財産權의 保護問題,-,1996,1,미부착,제1유형,무,-,TRIPs協定과 知的財産權의 保護問題,-,어문,문서,-,법률,한국어,-,1905-06-18 00:00:00,-,국회도서관,-,-,-,제1유형,저작물,보호저작물,○,상업적이용가능,○,○,○,○,○,○,○,-,2066,-,-
,577,어문,간행물,국회도서관,국회전자도서관,국회도서관 소장자료,WTO 第1次 閣僚會議 : 主要 合意 內容,-,1996,1,미부착,제1유형,무,-,WTO 第1次 閣僚會議 : 主要 合意 內容,-,어문,문서,-,법률,한국어,-,1905-06-18 00:00:00,-,국회도서관,-,-,-,제1유형,저작물,보호저작물,○,상업적이용가능,○,○,○,○,○,○,○,-,2066,-,-
,578,어문,간행물,국회도서관,국회전자도서관,국회도서관 소장자료,公共部門 勞使關係 制度의 爭點과 改善方案,-,1996,1,미부착,제1유형,무,-,公共部門 勞使關係 制度의 爭點과 改善方案,-,어문,문서,-,법률,한국어,-,1905-06-18 00:00:00,-,국회도서관,-,-,-,제1유형,저작물,보호저작물,○,상업적이용가능,○,○,○,○,○,○,○,-,2066,-,-
,579,어문,간행물,국회도서관,국회전자도서관,국회도서관 소장자료,科學技術行政體系의 改編方向,-,1996,1,미부착,제1유형,무,-,科學技術行政體系의 改編方向,-,어문,문서,-,법률,한국어,-,1905-06-18 00:00:00,-,국회도서관,-,-,-,제1유형,저작물,보호저작물,○,상업적이용가능,○,○,○,○,○,○,○,-,2066,-,-
,580,어문,간행물,국회도서관,국회전자도서관,국회도서관 소장자료,交叉投票의 意味와 그 定着을 위한 課題,-,1996,1,미부착,제1유형,무,-,交叉投票의 意味와 그 定着을 위한 課題,-,어문,문서,-,법률,한국어,-,1905-06-18 00:00:00,-,국회도서관,-,-,-,제1유형,저작물,보호저작물,○,상업적이용가능,○,○,○,○,○,○,○,-,2066,-,-
,581,어문,간행물,국회도서관,국회전자도서관,국회도서관 소장자료,交通安全의 現況과 主要 政策의 評價 : 道路交通部門을 中心으로,-,1996,1,미부착,제1유형,무,-,交通安全의 現況과 主要 政策의 評價 : 道路交通部門을 中心으로,-,어문,문서,-,법률,한국어,-,1905-06-18 00:00:00,-,국회도서관,-,-,-,제1유형,저작물,보호저작물,○,상업적이용가능,○,○,○,○,○,○,○,-,2066,-,-
,582,어문,간행물,국회도서관,국회전자도서관,국회도서관 소장자료,國民健康의 心案과 國民健康增進 政策의 課題,-,1996,1,미부착,제1유형,무,-,國民健康의 心案과 國民健康增進 政策의 課題,-,어문,문서,-,법률,한국어,-,1905-06-18 00:00:00,-,국회도서관,-,-,-,제1유형,저작물,보호저작물,○,상업적이용가능,○,○,○,○,○,○,○,-,2066,-,-
,583,어문,간행물,국회도서관,국회전자도서관,국회도서관 소장자료,國際環境標準規格化(ISO14000)의 內容과 對策,-,1996,1,미부착,제1유형,무,-,國際環境標準規格化(ISO14000)의 內容과 對策,-,어문,문서,-,법률,한국어,-,1905-06-18 00:00:00,-,국회도서관,-,-,-,제1유형,저작물,보호저작물,○,상업적이용가능,○,○,○,○,○,○,○,-,2066,-,-
,584,어문,간행물,국회도서관,국회전자도서관,국회도서관 소장자료,국회도서관 연간보고서. 1995,-,1996,1,미부착,제1유형,무,-,국회도서관 연간보고서. 1995,-,어문,문서,-,법률,한국어,-,1905-06-18 00:00:00,-,국회도서관,-,-,-,제1유형,저작물,보호저작물,○,상업적이용가능,○,○,○,○,○,○,○,-,2066,-,-
,585,어문,간행물,국회도서관,국회전자도서관,국회도서관 소장자료,國會圖書館關係法規選集,-,1996,1,미부착,제1유형,무,-,國會圖書館關係法規選集,-,어문,문서,-,법률,한국어,-,1905-06-18 00:00:00,-,국회도서관,-,-,-,제1유형,저작물,보호저작물,○,상업적이용가능,○,○,○,○,○,○,○,-,2066,-,-
,586,어문,간행물,국회도서관,국회전자도서관,국회도서관 소장자료,남한이주 북한동포 지원정책의 문제점과 정비방향,-,1996,1,미부착,제1유형,무,-,남한이주 북한동포 지원정책의 문제점과 정비방향,-,어문,문서,-,법률,한국어,-,1905-06-18 00:00:00,-,국회도서관,-,-,-,제1유형,저작물,보호저작물,○,상업적이용가능,○,○,○,○,○,○,○,-,2066,-,-
,587,어문,간행물,국회도서관,국회전자도서관,국회도서관 소장자료,大統領制와 議院內閣制에 대한 論議,-,1996,1,미부착,제1유형,무,-,大統領制와 議院內閣制에 대한 論議,-,어문,문서,-,법률,한국어,-,1905-06-18 00:00:00,-,국회도서관,-,-,-,제1유형,저작물,보호저작물,○,상업적이용가능,○,○,○,○,○,○,○,-,2066,-,-
,588,어문,간행물,국회도서관,국회전자도서관,국회도서관 소장자료,독도의 영유권에 관한 문제,-,1996,1,미부착,제1유형,무,-,독도의 영유권에 관한 문제,-,어문,문서,-,법률,한국어,-,1905-06-18 00:00:00,-,국회도서관,-,-,-,제1유형,저작물,보호저작물,○,상업적이용가능,○,○,○,○,○,○,○,-,2066,-,-
,589,어문,간행물,국회도서관,국회전자도서관,국회도서관 소장자료,러시아 大統領選擧의 進行 狀況과 展望,-,1996,1,미부착,제1유형,무,-,러시아 大統領選擧의 進行 狀況과 展望,-,어문,문서,-,법률,한국어,-,1905-06-18 00:00:00,-,국회도서관,-,-,-,제1유형,저작물,보호저작물,○,상업적이용가능,○,○,○,○,○,○,○,-,2066,-,-
,590,어문,간행물,국회도서관,국회전자도서관,국회도서관 소장자료,러시아의 대통령 선거와 국민의 선택 : 「全 러시아 여론조사센터」의 여론조사 결과에 대한 분석자료,-,1996,1,미부착,제1유형,무,-,러시아의 대통령 선거와 국민의 선택 : 「全 러시아 여론조사센터」의 여론조사 결과에 대한 분석자료,-,어문,문서,-,법률,한국어,-,1905-06-18 00:00:00,-,국회도서관,-,-,-,제1유형,저작물,보호저작물,○,상업적이용가능,○,○,○,○,○,○,○,-,2066,-,-
,591,어문,간행물,국회도서관,국회전자도서관,국회도서관 소장자료,러시아의 대통령 선거와 예찐의 선택,-,1996,1,미부착,제1유형,무,-,러시아의 대통령 선거와 예찐의 선택,-,어문,문서,-,법률,한국어,-,1905-06-18 00:00:00,-,국회도서관,-,-,-,제1유형,저작물,보호저작물,○,상업적이용가능,○,○,○,○,○,○,○,-,2066,-,-
,592,어문,간행물,국회도서관,국회전자도서관,국회도서관 소장자료,러시아의 對韓半島 政策 : 그 變化와 展望,-,1996,1,미부착,제1유형,무,-,러시아의 對韓半島 政策 : 그 變化와 展望,-,어문,문서,-,법률,한국어,-,1905-06-18 00:00:00,-,국회도서관,-,-,-,제1유형,저작물,보호저작물,○,상업적이용가능,○,○,○,○,○,○,○,-,2066,-,-
,593,어문,간행물,국회도서관,국회전자도서관,국회도서관 소장자료,美·北 유해송환 협상,-,1996,1,미부착,제1유형,무,-,美·北 유해송환 협상,-,어문,문서,-,법률,한국어,-,1905-06-18 00:00:00,-,국회도서관,-,-,-,제1유형,저작물,보호저작물,○,상업적이용가능,○,○,○,○,○,○,○,-,2066,-,-
,594,어문,간행물,국회도서관,국회전자도서관,국회도서관 소장자료,美·英·日의 科學技術行政體系 比較,-,1996,1,미부착,제1유형,무,-,美·英·日의 科學技術行政體系 比較,-,어문,문서,-,법률,한국어,-,1905-06-18 00:00:00,-,국회도서관,-,-,-,제1유형,저작물,보호저작물,○,상업적이용가능,○,○,○,○,○,○,○,-,2066,-,-
,595,어문,간행물,국회도서관,국회전자도서관,국회도서관 소장자료,美國의 社會保障改革 動向,-,1996,1,미부착,제1유형,무,-,美國의 社會保障改革 動向,-,어문,문서,-,법률,한국어,-,1905-06-18 00:00:00,-,국회도서관,-,-,-,제1유형,저작물,보호저작물,○,상업적이용가능,○,○,○,○,○,○,○,-,2066,-,-
,596,어문,간행물,국회도서관,국회전자도서관,국회도서관 소장자료,法令資料室所藏目錄,-,1996,1,미부착,제1유형,무,-,法令資料室所藏目錄,-,어문,문서,-,법률,한국어,-,1905-06-18 00:00:00,-,국회도서관,-,-,-,제1유형,저작물,보호저작물,○,상업적이용가능,○,○,○,○,○,○,○,-,2066,-,-
,597,어문,간행물,국회도서관,국회전자도서관,국회도서관 소장자료,法學敎育의 改革問題,-,1996,1,미부착,제1유형,무,-,法學敎育의 改革問題,-,어문,문서,-,법률,한국어,-,1905-06-18 00:00:00,-,국회도서관,-,-,-,제1유형,저작물,보호저작물,○,상업적이용가능,○,○,○,○,○,○,○,-,2066,-,-
,598,어문,간행물,국회도서관,국회전자도서관,국회도서관 소장자료,北韓의 「停戰協定」 破棄宣言 : 背景과 展望,-,1996,1,미부착,제1유형,무,-,北韓의 「停戰協定」 破棄宣言 : 背景과 展望,-,어문,문서,-,법률,한국어,-,1905-06-18 00:00:00,-,국회도서관,-,-,-,제1유형,저작물,보호저작물,○,상업적이용가능,○,○,○,○,○,○,○,-,2066,-,-
,599,어문,간행물,국회도서관,국회전자도서관,국회도서관 소장자료,北韓脫出住民 定着支援體制의 補完方向,-,1996,1,미부착,제1유형,무,-,北韓脫出住民 定着支援體制의 補完方向,-,어문,문서,-,법률,한국어,-,1905-06-18 00:00:00,-,국회도서관,-,-,-,제1유형,저작물,보호저작물,○,상업적이용가능,○,○,○,○,○,○,○,-,2066,-,-
,600,어문,간행물,국회도서관,국회전자도서관,국회도서관 소장자료,常任委員會의 專門性·自律性 提高方案 : 常任委員 選任問題를 中心으로,-,1996,1,미부착,제1유형,무,-,常任委員會의 專門性·自律性 提高方案 : 常任委員 選任問題를 中心으로,-,어문,문서,-,법률,한국어,-,1905-06-18 00:00:00,-,국회도서관,-,-,-,제1유형,저작물,보호저작물,○,상업적이용가능,○,○,○,○,○,○,○,-,2066,-,-
,601,어문,간행물,국회도서관,국회전자도서관,국회도서관 소장자료,선거 여론조사 보도의 문제점과 향후과제,-,1996,1,미부착,제1유형,무,-,선거 여론조사 보도의 문제점과 향후과제,-,어문,문서,-,법률,한국어,-,1905-06-18 00:00:00,-,국회도서관,-,-,-,제1유형,저작물,보호저작물,○,상업적이용가능,○,○,○,○,○,○,○,-,2066,-,-
,602,어문,간행물,국회도서관,국회전자도서관,국회도서관 소장자료,"世界食糧頂上會談(World Food Summit) : 배경,내용 그리고 과제",-,1996,1,미부착,제1유형,무,-,"世界食糧頂上會談(World Food Summit) : 배경,내용 그리고 과제",-,어문,문서,-,법률,한국어,-,1905-06-18 00:00:00,-,국회도서관,-,-,-,제1유형,저작물,보호저작물,○,상업적이용가능,○,○,○,○,○,○,○,-,2066,-,-
,603,어문,간행물,국회도서관,국회전자도서관,국회도서관 소장자료,세계화추진위원회「재외동포사회 활성화 지원방안」의 내용과 향후과제,-,1996,1,미부착,제1유형,무,-,세계화추진위원회「재외동포사회 활성화 지원방안」의 내용과 향후과제,-,어문,문서,-,법률,한국어,-,1905-06-18 00:00:00,-,국회도서관,-,-,-,제1유형,저작물,보호저작물,○,상업적이용가능,○,○,○,○,○,○,○,-,2066,-,-
,604,어문,간행물,국회도서관,국회전자도서관,국회도서관 소장자료,아파트分讓價自律化政策의 現況과 課題,-,1996,1,미부착,제1유형,무,-,아파트分讓價自律化政策의 現況과 課題,-,어문,문서,-,법률,한국어,-,1905-06-18 00:00:00,-,국회도서관,-,-,-,제1유형,저작물,보호저작물,○,상업적이용가능,○,○,○,○,○,○,○,-,2066,-,-
,605,어문,간행물,국회도서관,국회전자도서관,국회도서관 소장자료,업무현황,-,1996,1,미부착,제1유형,무,-,업무현황,-,어문,문서,-,법률,한국어,-,1905-06-18 00:00:00,-,국회도서관,-,-,-,제1유형,저작물,보호저작물,○,상업적이용가능,○,○,○,○,○,○,○,-,2066,-,-
,606,어문,간행물,국회도서관,국회전자도서관,국회도서관 소장자료,업무현황,-,1996,1,미부착,제1유형,무,-,업무현황,-,어문,문서,-,법률,한국어,-,1905-06-18 00:00:00,-,국회도서관,-,-,-,제1유형,저작물,보호저작물,○,상업적이용가능,○,○,○,○,○,○,○,-,2066,-,-
,607,어문,간행물,국회도서관,국회전자도서관,국회도서관 소장자료,營業用建物 賃貸借保護의 適正性,-,1996,1,미부착,제1유형,무,-,營業用建物 賃貸借保護의 適正性,-,어문,문서,-,법률,한국어,-,1905-06-18 00:00:00,-,국회도서관,-,-,-,제1유형,저작물,보호저작물,○,상업적이용가능,○,○,○,○,○,○,○,-,2066,-,-
,608,어문,간행물,국회도서관,국회전자도서관,국회도서관 소장자료,映畵法 제12조의 違憲 決定 : 爭點과 課題,-,1996,1,미부착,제1유형,무,-,映畵法 제12조의 違憲 決定 : 爭點과 課題,-,어문,문서,-,법률,한국어,-,1905-06-18 00:00:00,-,국회도서관,-,-,-,제1유형,저작물,보호저작물,○,상업적이용가능,○,○,○,○,○,○,○,-,2066,-,-
,609,어문,간행물,국회도서관,국회전자도서관,국회도서관 소장자료,外國의 中小企業廳 現況 및 中小企業廳 設立의 추진 方向에 관한 提言,-,1996,1,미부착,제1유형,무,-,外國의 中小企業廳 現況 및 中小企業廳 設立의 추진 方向에 관한 提言,-,어문,문서,-,법률,한국어,-,1905-06-18 00:00:00,-,국회도서관,-,-,-,제1유형,저작물,보호저작물,○,상업적이용가능,○,○,○,○,○,○,○,-,2066,-,-
,610,어문,간행물,국회도서관,국회전자도서관,국회도서관 소장자료,우리나라 公正去來制度의 發展方向,-,1996,1,미부착,제1유형,무,-,우리나라 公正去來制度의 發展方向,-,어문,문서,-,법률,한국어,-,1905-06-18 00:00:00,-,국회도서관,-,-,-,제1유형,저작물,보호저작물,○,상업적이용가능,○,○,○,○,○,○,○,-,2066,-,-
,611,어문,간행물,국회도서관,국회전자도서관,국회도서관 소장자료,월드컵 蹴球 韓·日 共同開催의 課題와 展望,-,1996,1,미부착,제1유형,무,-,월드컵 蹴球 韓·日 共同開催의 課題와 展望,-,어문,문서,-,법률,한국어,-,1905-06-18 00:00:00,-,국회도서관,-,-,-,제1유형,저작물,보호저작물,○,상업적이용가능,○,○,○,○,○,○,○,-,2066,-,-
,612,어문,간행물,국회도서관,국회전자도서관,국회도서관 소장자료,이스라엘 總選·總理直選과 中東平和協商의 展望,-,1996,1,미부착,제1유형,무,-,이스라엘 總選·總理直選과 中東平和協商의 展望,-,어문,문서,-,법률,한국어,-,1905-06-18 00:00:00,-,국회도서관,-,-,-,제1유형,저작물,보호저작물,○,상업적이용가능,○,○,○,○,○,○,○,-,2066,-,-
,613,어문,간행물,국회도서관,국회전자도서관,국회도서관 소장자료,이탈리아의 選擧制度와 政治行態分析 : 4.21 總選을 中心으로,-,1996,1,미부착,제1유형,무,-,이탈리아의 選擧制度와 政治行態分析 : 4.21 總選을 中心으로,-,어문,문서,-,법률,한국어,-,1905-06-18 00:00:00,-,국회도서관,-,-,-,제1유형,저작물,보호저작물,○,상업적이용가능,○,○,○,○,○,○,○,-,2066,-,-
,614,어문,간행물,국회도서관,국회전자도서관,국회도서관 소장자료,일미안보와 유사시 대응에 관한 양국의 공동연구,-,1996,1,미부착,제1유형,무,-,일미안보와 유사시 대응에 관한 양국의 공동연구,-,어문,문서,-,법률,한국어,-,1905-06-18 00:00:00,-,국회도서관,-,-,-,제1유형,저작물,보호저작물,○,상업적이용가능,○,○,○,○,○,○,○,-,2066,-,-
,615,어문,간행물,국회도서관,국회전자도서관,국회도서관 소장자료,일본 후생연금기금제도연구회의 보고서,-,1996,1,미부착,제1유형,무,-,일본 후생연금기금제도연구회의 보고서,-,어문,문서,-,법률,한국어,-,1905-06-18 00:00:00,-,국회도서관,-,-,-,제1유형,저작물,보호저작물,○,상업적이용가능,○,○,○,○,○,○,○,-,2066,-,-
,616,어문,간행물,국회도서관,국회전자도서관,국회도서관 소장자료,日本에서의 金融持株會社 導入論議의 基本內容과 示唆點,-,1996,1,미부착,제1유형,무,-,日本에서의 金融持株會社 導入論議의 基本內容과 示唆點,-,어문,문서,-,법률,한국어,-,1905-06-18 00:00:00,-,국회도서관,-,-,-,제1유형,저작물,보호저작물,○,상업적이용가능,○,○,○,○,○,○,○,-,2066,-,-
,617,어문,간행물,국회도서관,국회전자도서관,국회도서관 소장자료,일본의 「배타적 경제수역(EEZ)」 선포와 전망,-,1996,1,미부착,제1유형,무,-,일본의 「배타적 경제수역(EEZ)」 선포와 전망,-,어문,문서,-,법률,한국어,-,1905-06-18 00:00:00,-,국회도서관,-,-,-,제1유형,저작물,보호저작물,○,상업적이용가능,○,○,○,○,○,○,○,-,2066,-,-
,618,어문,간행물,국회도서관,국회전자도서관,국회도서관 소장자료,일본의 1995년도 정치자금,-,1996,1,미부착,제1유형,무,-,일본의 1995년도 정치자금,-,어문,문서,-,법률,한국어,-,1905-06-18 00:00:00,-,국회도서관,-,-,-,제1유형,저작물,보호저작물,○,상업적이용가능,○,○,○,○,○,○,○,-,2066,-,-
,619,어문,간행물,국회도서관,국회전자도서관,국회도서관 소장자료,日本의 敎育改革,-,1996,1,미부착,제1유형,무,-,日本의 敎育改革,-,어문,문서,-,법률,한국어,-,1905-06-18 00:00:00,-,국회도서관,-,-,-,제1유형,저작물,보호저작물,○,상업적이용가능,○,○,○,○,○,○,○,-,2066,-,-
,620,어문,간행물,국회도서관,국회전자도서관,국회도서관 소장자료,日本의 새로운 「農業基本法」 制定 動向,-,1996,1,미부착,제1유형,무,-,日本의 새로운 「農業基本法」 制定 動向,-,어문,문서,-,법률,한국어,-,1905-06-18 00:00:00,-,국회도서관,-,-,-,제1유형,저작물,보호저작물,○,상업적이용가능,○,○,○,○,○,○,○,-,2066,-,-
,621,어문,간행물,국회도서관,국회전자도서관,국회도서관 소장자료,일본의 선택적 부부별성제에 관하여,-,1996,1,미부착,제1유형,무,-,일본의 선택적 부부별성제에 관하여,-,어문,문서,-,법률,한국어,-,1905-06-18 00:00:00,-,국회도서관,-,-,-,제1유형,저작물,보호저작물,○,상업적이용가능,○,○,○,○,○,○,○,-,2066,-,-
,622,어문,간행물,국회도서관,국회전자도서관,국회도서관 소장자료,일본의 의약품청신설에 관한 제안,-,1996,1,미부착,제1유형,무,-,일본의 의약품청신설에 관한 제안,-,어문,문서,-,법률,한국어,-,1905-06-18 00:00:00,-,국회도서관,-,-,-,제1유형,저작물,보호저작물,○,상업적이용가능,○,○,○,○,○,○,○,-,2066,-,-
,623,어문,간행물,국회도서관,국회전자도서관,국회도서관 소장자료,財閥問題의 本質 및 財閥政策의 改善方向,-,1996,1,미부착,제1유형,무,-,財閥問題의 本質 및 財閥政策의 改善方向,-,어문,문서,-,법률,한국어,-,1905-06-18 00:00:00,-,국회도서관,-,-,-,제1유형,저작물,보호저작물,○,상업적이용가능,○,○,○,○,○,○,○,-,2066,-,-
,624,어문,간행물,국회도서관,국회전자도서관,국회도서관 소장자료,在外同胞財團 設立問題 : 在外同胞財團法案을 中心으로,-,1996,1,미부착,제1유형,무,-,在外同胞財團 設立問題 : 在外同胞財團法案을 中心으로,-,어문,문서,-,법률,한국어,-,1905-06-18 00:00:00,-,국회도서관,-,-,-,제1유형,저작물,보호저작물,○,상업적이용가능,○,○,○,○,○,○,○,-,2066,-,-
,625,어문,간행물,국회도서관,국회전자도서관,국회도서관 소장자료,爭議行爲 期間中의 代替勤勞 : 爭點 및 外國의 立法例,-,1996,1,미부착,제1유형,무,-,爭議行爲 期間中의 代替勤勞 : 爭點 및 外國의 立法例,-,어문,문서,-,법률,한국어,-,1905-06-18 00:00:00,-,국회도서관,-,-,-,제1유형,저작물,보호저작물,○,상업적이용가능,○,○,○,○,○,○,○,-,2066,-,-
,626,어문,간행물,국회도서관,국회전자도서관,국회도서관 소장자료,低軌道衛星 移動通信(LEO)의 現況과 展望 (Info-Brief 제78호),-,1996,1,미부착,제1유형,무,-,低軌道衛星 移動通信(LEO)의 現況과 展望 (Info-Brief 제78호),-,어문,문서,-,법률,한국어,-,1905-06-18 00:00:00,-,국회도서관,-,-,-,제1유형,저작물,보호저작물,○,상업적이용가능,○,○,○,○,○,○,○,-,2066,-,-
,627,어문,간행물,국회도서관,국회전자도서관,국회도서관 소장자료,全國民 年金化를 위한 無 寄與 老齡 年金制度의 導入方向,-,1996,1,미부착,제1유형,무,-,全國民 年金化를 위한 無 寄與 老齡 年金制度의 導入方向,-,어문,문서,-,법률,한국어,-,1905-06-18 00:00:00,-,국회도서관,-,-,-,제1유형,저작물,보호저작물,○,상업적이용가능,○,○,○,○,○,○,○,-,2066,-,-
,628,어문,간행물,국회도서관,국회전자도서관,국회도서관 소장자료,정부조직에 『팀제』 도입의 문제점과 해소전략,-,1996,1,미부착,제1유형,무,-,정부조직에 『팀제』 도입의 문제점과 해소전략,-,어문,문서,-,법률,한국어,-,1905-06-18 00:00:00,-,국회도서관,-,-,-,제1유형,저작물,보호저작물,○,상업적이용가능,○,○,○,○,○,○,○,-,2066,-,-
,629,어문,간행물,국회도서관,국회전자도서관,국회도서관 소장자료,제104대 미 의회의 결산,-,1996,1,미부착,제1유형,무,-,제104대 미 의회의 결산,-,어문,문서,-,법률,한국어,-,1905-06-18 00:00:00,-,국회도서관,-,-,-,제1유형,저작물,보호저작물,○,상업적이용가능,○,○,○,○,○,○,○,-,2066,-,-
,630,어문,간행물,국회도서관,국회전자도서관,국회도서관 소장자료,第15代 國會議員選擧 4黨公約 比較,-,1996,1,미부착,제1유형,무,-,第15代 國會議員選擧 4黨公約 比較,-,어문,문서,-,법률,한국어,-,1905-06-18 00:00:00,-,국회도서관,-,-,-,제1유형,저작물,보호저작물,○,상업적이용가능,○,○,○,○,○,○,○,-,2066,-,-
,631,어문,간행물,국회도서관,국회전자도서관,국회도서관 소장자료,釣魚島 紛爭과 우리의 課題,-,1996,1,미부착,제1유형,무,-,釣魚島 紛爭과 우리의 課題,-,어문,문서,-,법률,한국어,-,1905-06-18 00:00:00,-,국회도서관,-,-,-,제1유형,저작물,보호저작물,○,상업적이용가능,○,○,○,○,○,○,○,-,2066,-,-
,632,어문,간행물,국회도서관,국회전자도서관,국회도서관 소장자료,中·日 釣魚台 問題 : 中國側 立場,-,1996,1,미부착,제1유형,무,-,中·日 釣魚台 問題 : 中國側 立場,-,어문,문서,-,법률,한국어,-,1905-06-18 00:00:00,-,국회도서관,-,-,-,제1유형,저작물,보호저작물,○,상업적이용가능,○,○,○,○,○,○,○,-,2066,-,-
,633,어문,간행물,국회도서관,국회전자도서관,국회도서관 소장자료,中國의 國民經濟와 社會發展에 관한 1995년 總統計 : 中華人民共和國 國家統計局이 발표한,-,1996,1,미부착,제1유형,무,-,中國의 國民經濟와 社會發展에 관한 1995년 總統計 : 中華人民共和國 國家統計局이 발표한,-,어문,문서,-,법률,한국어,-,1905-06-18 00:00:00,-,국회도서관,-,-,-,제1유형,저작물,보호저작물,○,상업적이용가능,○,○,○,○,○,○,○,-,2066,-,-
,634,어문,간행물,국회도서관,국회전자도서관,국회도서관 소장자료,中小企業의 産業人力 不足과 人力需給 對策,-,1996,1,미부착,제1유형,무,-,中小企業의 産業人力 不足과 人力需給 對策,-,어문,문서,-,법률,한국어,-,1905-06-18 00:00:00,-,국회도서관,-,-,-,제1유형,저작물,보호저작물,○,상업적이용가능,○,○,○,○,○,○,○,-,2066,-,-
,635,어문,간행물,국회도서관,국회전자도서관,국회도서관 소장자료,地方環境行政組織 改編方案,-,1996,1,미부착,제1유형,무,-,地方環境行政組織 改編方案,-,어문,문서,-,법률,한국어,-,1905-06-18 00:00:00,-,국회도서관,-,-,-,제1유형,저작물,보호저작물,○,상업적이용가능,○,○,○,○,○,○,○,-,2066,-,-
,636,어문,간행물,국회도서관,국회전자도서관,국회도서관 소장자료,최근 美國의 農業政策動向 : 「1996年 農業法」을 中心으로,-,1996,1,미부착,제1유형,무,-,최근 美國의 農業政策動向 : 「1996年 農業法」을 中心으로,-,어문,문서,-,법률,한국어,-,1905-06-18 00:00:00,-,국회도서관,-,-,-,제1유형,저작물,보호저작물,○,상업적이용가능,○,○,○,○,○,○,○,-,2066,-,-
,637,어문,간행물,국회도서관,국회전자도서관,국회도서관 소장자료,최근 中國-臺灣 紛爭 : 背景과 展望,-,1996,1,미부착,제1유형,무,-,최근 中國-臺灣 紛爭 : 背景과 展望,-,어문,문서,-,법률,한국어,-,1905-06-18 00:00:00,-,국회도서관,-,-,-,제1유형,저작물,보호저작물,○,상업적이용가능,○,○,○,○,○,○,○,-,2066,-,-
,638,어문,간행물,국회도서관,국회전자도서관,국회도서관 소장자료,프랑스 제5공화국 의회의 발전,-,1996,1,미부착,제1유형,무,-,프랑스 제5공화국 의회의 발전,-,어문,문서,-,법률,한국어,-,1905-06-18 00:00:00,-,국회도서관,-,-,-,제1유형,저작물,보호저작물,○,상업적이용가능,○,○,○,○,○,○,○,-,2066,-,-
,639,어문,간행물,국회도서관,국회전자도서관,국회도서관 소장자료,프랑스 제5공화국 헌법과 권력관계의 변천,-,1996,1,미부착,제1유형,무,-,프랑스 제5공화국 헌법과 권력관계의 변천,-,어문,문서,-,법률,한국어,-,1905-06-18 00:00:00,-,국회도서관,-,-,-,제1유형,저작물,보호저작물,○,상업적이용가능,○,○,○,○,○,○,○,-,2066,-,-
,640,어문,간행물,국회도서관,국회전자도서관,국회도서관 소장자료,學校生活記錄簿의 意味와 活用方案 : 大學入試制度 改善과 관련하여,-,1996,1,미부착,제1유형,무,-,學校生活記錄簿의 意味와 活用方案 : 大學入試制度 改善과 관련하여,-,어문,문서,-,법률,한국어,-,1905-06-18 00:00:00,-,국회도서관,-,-,-,제1유형,저작물,보호저작물,○,상업적이용가능,○,○,○,○,○,○,○,-,2066,-,-
,641,어문,간행물,국회도서관,국회전자도서관,국회도서관 소장자료,"學校體罰禁止 : 贊反論과 外國의 事例, 政策方向",-,1996,1,미부착,제1유형,무,-,"學校體罰禁止 : 贊反論과 外國의 事例, 政策方向",-,어문,문서,-,법률,한국어,-,1905-06-18 00:00:00,-,국회도서관,-,-,-,제1유형,저작물,보호저작물,○,상업적이용가능,○,○,○,○,○,○,○,-,2066,-,-
,642,어문,간행물,국회도서관,국회전자도서관,국회도서관 소장자료,韓·美 頂上會談 : 「濟州宣言」의 意義 및 展望,-,1996,1,미부착,제1유형,무,-,韓·美 頂上會談 : 「濟州宣言」의 意義 및 展望,-,어문,문서,-,법률,한국어,-,1905-06-18 00:00:00,-,국회도서관,-,-,-,제1유형,저작물,보호저작물,○,상업적이용가능,○,○,○,○,○,○,○,-,2066,-,-
,643,어문,간행물,국회도서관,국회전자도서관,국회도서관 소장자료,韓·藥紛爭의 爭點과 政策方向,-,1996,1,미부착,제1유형,무,-,韓·藥紛爭의 爭點과 政策方向,-,어문,문서,-,법률,한국어,-,1905-06-18 00:00:00,-,국회도서관,-,-,-,제1유형,저작물,보호저작물,○,상업적이용가능,○,○,○,○,○,○,○,-,2066,-,-
,644,어문,간행물,국회도서관,국회전자도서관,국회도서관 소장자료,한국 觀光産業의 危機와 振興,-,1996,1,미부착,제1유형,무,-,한국 觀光産業의 危機와 振興,-,어문,문서,-,법률,한국어,-,1905-06-18 00:00:00,-,국회도서관,-,-,-,제1유형,저작물,보호저작물,○,상업적이용가능,○,○,○,○,○,○,○,-,2066,-,-
,645,어문,간행물,국회도서관,국회전자도서관,국회도서관 소장자료,한국·러시아간의 경제협력 현황과 전망,-,1996,1,미부착,제1유형,무,-,한국·러시아간의 경제협력 현황과 전망,-,어문,문서,-,법률,한국어,-,1905-06-18 00:00:00,-,국회도서관,-,-,-,제1유형,저작물,보호저작물,○,상업적이용가능,○,○,○,○,○,○,○,-,2066,-,-
,646,어문,간행물,국회도서관,국회전자도서관,국회도서관 소장자료,韓國軍 PKO의 課題,-,1996,1,미부착,제1유형,무,-,韓國軍 PKO의 課題,-,어문,문서,-,법률,한국어,-,1905-06-18 00:00:00,-,국회도서관,-,-,-,제1유형,저작물,보호저작물,○,상업적이용가능,○,○,○,○,○,○,○,-,2066,-,-
,647,어문,간행물,국회도서관,국회전자도서관,국회도서관 소장자료,韓國博士및碩士學位論文總目錄 : 自然科學. 第27輯(p.2),-,1996,1,미부착,제1유형,무,-,韓國博士및碩士學位論文總目錄 : 自然科學. 第27輯(p.2),-,어문,문서,-,법률,한국어,-,1905-06-18 00:00:00,-,국회도서관,-,-,-,제1유형,저작물,보호저작물,○,상업적이용가능,○,○,○,○,○,○,○,-,2066,-,-
,648,어문,간행물,국회도서관,국회전자도서관,국회도서관 소장자료,韓國博士및碩士學位論文總目錄 : 人文·社會科學. 第27輯(p.1),-,1996,1,미부착,제1유형,무,-,韓國博士및碩士學位論文總目錄 : 人文·社會科學. 第27輯(p.1),-,어문,문서,-,법률,한국어,-,1905-06-18 00:00:00,-,국회도서관,-,-,-,제1유형,저작물,보호저작물,○,상업적이용가능,○,○,○,○,○,○,○,-,2066,-,-
,649,어문,간행물,국회도서관,국회전자도서관,국회도서관 소장자료,現行 國際通貨體制의 性格과 改革論 : 韓國 및 開發途上國에 대한 示唆點,-,1996,1,미부착,제1유형,무,-,現行 國際通貨體制의 性格과 改革論 : 韓國 및 開發途上國에 대한 示唆點,-,어문,문서,-,법률,한국어,-,1905-06-18 00:00:00,-,국회도서관,-,-,-,제1유형,저작물,보호저작물,○,상업적이용가능,○,○,○,○,○,○,○,-,2066,-,-
,650,어문,간행물,국회도서관,국회전자도서관,국회도서관 소장자료,(抗日獨立運動關係)島山安昌浩資料集 : 朝鮮總督府 警務局所藏 秘密文書. Ⅰ,-,1997,1,미부착,제1유형,무,-,(抗日獨立運動關係)島山安昌浩資料集 : 朝鮮總督府 警務局所藏 秘密文書. Ⅰ,-,어문,문서,-,법률,한국어,-,1905-06-19 00:00:00,-,국회도서관,-,-,-,제1유형,저작물,보호저작물,○,상업적이용가능,○,○,○,○,○,○,○,-,2067,-,-
,651,어문,간행물,국회도서관,국회전자도서관,국회도서관 소장자료,1997年 經濟運用方向,-,1997,1,미부착,제1유형,무,-,1997年 經濟運用方向,-,어문,문서,-,법률,한국어,-,1905-06-19 00:00:00,-,국회도서관,-,-,-,제1유형,저작물,보호저작물,○,상업적이용가능,○,○,○,○,○,○,○,-,2067,-,-
,652,어문,간행물,국회도서관,국회전자도서관,국회도서관 소장자료,IMF 관리경제체제에 적응하기 위한 정부 예산결정의 방향,-,1997,1,미부착,제1유형,무,-,IMF 관리경제체제에 적응하기 위한 정부 예산결정의 방향,-,어문,문서,-,법률,한국어,-,1905-06-19 00:00:00,-,국회도서관,-,-,-,제1유형,저작물,보호저작물,○,상업적이용가능,○,○,○,○,○,○,○,-,2067,-,-
,653,어문,간행물,국회도서관,국회전자도서관,국회도서관 소장자료,IMF 자금지원과 한국경제,-,1997,1,미부착,제1유형,무,-,IMF 자금지원과 한국경제,-,어문,문서,-,법률,한국어,-,1905-06-19 00:00:00,-,국회도서관,-,-,-,제1유형,저작물,보호저작물,○,상업적이용가능,○,○,○,○,○,○,○,-,2067,-,-
,654,어문,간행물,국회도서관,국회전자도서관,국회도서관 소장자료,OECD 加入이후 勞動政策의 課題,-,1997,1,미부착,제1유형,무,-,OECD 加入이후 勞動政策의 課題,-,어문,문서,-,법률,한국어,-,1905-06-19 00:00:00,-,국회도서관,-,-,-,제1유형,저작물,보호저작물,○,상업적이용가능,○,○,○,○,○,○,○,-,2067,-,-
,655,어문,간행물,국회도서관,국회전자도서관,국회도서관 소장자료,檢事의 起訴裁量과 統制方案,-,1997,1,미부착,제1유형,무,-,檢事의 起訴裁量과 統制方案,-,어문,문서,-,법률,한국어,-,1905-06-19 00:00:00,-,국회도서관,-,-,-,제1유형,저작물,보호저작물,○,상업적이용가능,○,○,○,○,○,○,○,-,2067,-,-
,656,어문,간행물,국회도서관,국회전자도서관,국회도서관 소장자료,敎育課程評價院의 機能과 政策方向,-,1997,1,미부착,제1유형,무,-,敎育課程評價院의 機能과 政策方向,-,어문,문서,-,법률,한국어,-,1905-06-19 00:00:00,-,국회도서관,-,-,-,제1유형,저작물,보호저작물,○,상업적이용가능,○,○,○,○,○,○,○,-,2067,-,-
,657,어문,간행물,국회도서관,국회전자도서관,국회도서관 소장자료,국가전자도서관 구축 기본계획,-,1997,1,미부착,제1유형,무,-,국가전자도서관 구축 기본계획,-,어문,문서,-,법률,한국어,-,1905-06-19 00:00:00,-,국회도서관,-,-,-,제1유형,저작물,보호저작물,○,상업적이용가능,○,○,○,○,○,○,○,-,2067,-,-
,658,어문,간행물,국회도서관,국회전자도서관,국회도서관 소장자료,국가전자도서관구축기본계획,-,1997,1,미부착,제1유형,무,-,국가전자도서관구축기본계획,-,어문,문서,-,법률,한국어,-,1905-06-19 00:00:00,-,국회도서관,-,-,-,제1유형,저작물,보호저작물,○,상업적이용가능,○,○,○,○,○,○,○,-,2067,-,-
,659,어문,간행물,국회도서관,국회전자도서관,국회도서관 소장자료,國籍法의 개정방향,-,1997,1,미부착,제1유형,무,-,國籍法의 개정방향,-,어문,문서,-,법률,한국어,-,1905-06-19 00:00:00,-,국회도서관,-,-,-,제1유형,저작물,보호저작물,○,상업적이용가능,○,○,○,○,○,○,○,-,2067,-,-
,660,어문,간행물,국회도서관,국회전자도서관,국회도서관 소장자료,"국정감사 국회 운영 위원회 요구자료 : 위원회 공통 요구자료. 1997, 1",-,1997,1,미부착,제1유형,무,-,"국정감사 국회 운영 위원회 요구자료 : 위원회 공통 요구자료. 1997, 1",-,어문,문서,-,법률,한국어,-,1905-06-19 00:00:00,-,국회도서관,-,-,-,제1유형,저작물,보호저작물,○,상업적이용가능,○,○,○,○,○,○,○,-,2067,-,-
,661,어문,간행물,국회도서관,국회전자도서관,국회도서관 소장자료,"국정감사 국회운영 위원요구자료. 1997, 2",-,1997,1,미부착,제1유형,무,-,"국정감사 국회운영 위원요구자료. 1997, 2",-,어문,문서,-,법률,한국어,-,1905-06-19 00:00:00,-,국회도서관,-,-,-,제1유형,저작물,보호저작물,○,상업적이용가능,○,○,○,○,○,○,○,-,2067,-,-
,662,어문,간행물,국회도서관,국회전자도서관,국회도서관 소장자료,국정감사 국회운영위원회 요구자료. 1997,-,1997,1,미부착,제1유형,무,-,국정감사 국회운영위원회 요구자료. 1997,-,어문,문서,-,법률,한국어,-,1905-06-19 00:00:00,-,국회도서관,-,-,-,제1유형,저작물,보호저작물,○,상업적이용가능,○,○,○,○,○,○,○,-,2067,-,-
,663,어문,간행물,국회도서관,국회전자도서관,국회도서관 소장자료,국제적 反腐敗논의 : 최근 동향과 쟁점,-,1997,1,미부착,제1유형,무,-,국제적 反腐敗논의 : 최근 동향과 쟁점,-,어문,문서,-,법률,한국어,-,1905-06-19 00:00:00,-,국회도서관,-,-,-,제1유형,저작물,보호저작물,○,상업적이용가능,○,○,○,○,○,○,○,-,2067,-,-
,664,어문,간행물,국회도서관,국회전자도서관,국회도서관 소장자료,국제회의산업 : 국제적현황과 육성방향,-,1997,1,미부착,제1유형,무,-,국제회의산업 : 국제적현황과 육성방향,-,어문,문서,-,법률,한국어,-,1905-06-19 00:00:00,-,국회도서관,-,-,-,제1유형,저작물,보호저작물,○,상업적이용가능,○,○,○,○,○,○,○,-,2067,-,-
,665,어문,간행물,국회도서관,국회전자도서관,국회도서관 소장자료,국회도서관 연간보고서. 1996,-,1997,1,미부착,제1유형,무,-,국회도서관 연간보고서. 1996,-,어문,문서,-,법률,한국어,-,1905-06-19 00:00:00,-,국회도서관,-,-,-,제1유형,저작물,보호저작물,○,상업적이용가능,○,○,○,○,○,○,○,-,2067,-,-
,666,어문,간행물,국회도서관,국회전자도서관,국회도서관 소장자료,기업정보화의 전개양상과 과제,-,1997,1,미부착,제1유형,무,-,기업정보화의 전개양상과 과제,-,어문,문서,-,법률,한국어,-,1905-06-19 00:00:00,-,국회도서관,-,-,-,제1유형,저작물,보호저작물,○,상업적이용가능,○,○,○,○,○,○,○,-,2067,-,-
,667,어문,간행물,국회도서관,국회전자도서관,국회도서관 소장자료,氣候協約을 둘러싼 論議와 對策 : 교토 의정서 채택과 관련하여,-,1997,1,미부착,제1유형,무,-,氣候協約을 둘러싼 論議와 對策 : 교토 의정서 채택과 관련하여,-,어문,문서,-,법률,한국어,-,1905-06-19 00:00:00,-,국회도서관,-,-,-,제1유형,저작물,보호저작물,○,상업적이용가능,○,○,○,○,○,○,○,-,2067,-,-
,668,어문,간행물,국회도서관,국회전자도서관,국회도서관 소장자료,내신제 입시 : 쟁점과 과제,-,1997,1,미부착,제1유형,무,-,내신제 입시 : 쟁점과 과제,-,어문,문서,-,법률,한국어,-,1905-06-19 00:00:00,-,국회도서관,-,-,-,제1유형,저작물,보호저작물,○,상업적이용가능,○,○,○,○,○,○,○,-,2067,-,-
,669,어문,간행물,국회도서관,국회전자도서관,국회도서관 소장자료,腦死論議와 臟器移植 : 현실과 입법방향,-,1997,1,미부착,제1유형,무,-,腦死論議와 臟器移植 : 현실과 입법방향,-,어문,문서,-,법률,한국어,-,1905-06-19 00:00:00,-,국회도서관,-,-,-,제1유형,저작물,보호저작물,○,상업적이용가능,○,○,○,○,○,○,○,-,2067,-,-
,670,어문,간행물,국회도서관,국회전자도서관,국회도서관 소장자료,臺灣核廢棄物 北韓內 搬入의 問題點과 對應,-,1997,1,미부착,제1유형,무,-,臺灣核廢棄物 北韓內 搬入의 問題點과 對應,-,어문,문서,-,법률,한국어,-,1905-06-19 00:00:00,-,국회도서관,-,-,-,제1유형,저작물,보호저작물,○,상업적이용가능,○,○,○,○,○,○,○,-,2067,-,-
,671,어문,간행물,국회도서관,국회전자도서관,국회도서관 소장자료,大統領選擧 TV討論制度의 導入方向,-,1997,1,미부착,제1유형,무,-,大統領選擧 TV討論制度의 導入方向,-,어문,문서,-,법률,한국어,-,1905-06-19 00:00:00,-,국회도서관,-,-,-,제1유형,저작물,보호저작물,○,상업적이용가능,○,○,○,○,○,○,○,-,2067,-,-
,672,어문,간행물,국회도서관,국회전자도서관,국회도서관 소장자료,大統領選擧 TV討論制度의 導入方向,-,1997,1,미부착,제1유형,무,-,大統領選擧 TV討論制度의 導入方向,-,어문,문서,-,법률,한국어,-,1905-06-19 00:00:00,-,국회도서관,-,-,-,제1유형,저작물,보호저작물,○,상업적이용가능,○,○,○,○,○,○,○,-,2067,-,-
,673,어문,간행물,국회도서관,국회전자도서관,국회도서관 소장자료,동성동본금혼제도 헌법불합치결정의 의의,-,1997,1,미부착,제1유형,무,-,동성동본금혼제도 헌법불합치결정의 의의,-,어문,문서,-,법률,한국어,-,1905-06-19 00:00:00,-,국회도서관,-,-,-,제1유형,저작물,보호저작물,○,상업적이용가능,○,○,○,○,○,○,○,-,2067,-,-
,674,어문,간행물,국회도서관,국회전자도서관,국회도서관 소장자료,러시아 외무성의 한반도정책 보고서,-,1997,1,미부착,제1유형,무,-,러시아 외무성의 한반도정책 보고서,-,어문,문서,-,법률,한국어,-,1905-06-19 00:00:00,-,국회도서관,-,-,-,제1유형,저작물,보호저작물,○,상업적이용가능,○,○,○,○,○,○,○,-,2067,-,-
,675,어문,간행물,국회도서관,국회전자도서관,국회도서관 소장자료,러시아연방 국방법,-,1997,1,미부착,제1유형,무,-,러시아연방 국방법,-,어문,문서,-,법률,한국어,-,1905-06-19 00:00:00,-,국회도서관,-,-,-,제1유형,저작물,보호저작물,○,상업적이용가능,○,○,○,○,○,○,○,-,2067,-,-
,676,어문,간행물,국회도서관,국회전자도서관,국회도서관 소장자료,러시아와 중국 : 전략적 동반관계,-,1997,1,미부착,제1유형,무,-,러시아와 중국 : 전략적 동반관계,-,어문,문서,-,법률,한국어,-,1905-06-19 00:00:00,-,국회도서관,-,-,-,제1유형,저작물,보호저작물,○,상업적이용가능,○,○,○,○,○,○,○,-,2067,-,-
,677,어문,간행물,국회도서관,국회전자도서관,국회도서관 소장자료,문화유산 보전실태와 개선책,-,1997,1,미부착,제1유형,무,-,문화유산 보전실태와 개선책,-,어문,문서,-,법률,한국어,-,1905-06-19 00:00:00,-,국회도서관,-,-,-,제1유형,저작물,보호저작물,○,상업적이용가능,○,○,○,○,○,○,○,-,2067,-,-
,678,어문,간행물,국회도서관,국회전자도서관,국회도서관 소장자료,美·北關係改善 : 展望 및 對應方案,-,1997,1,미부착,제1유형,무,-,美·北關係改善 : 展望 및 對應方案,-,어문,문서,-,법률,한국어,-,1905-06-19 00:00:00,-,국회도서관,-,-,-,제1유형,저작물,보호저작물,○,상업적이용가능,○,○,○,○,○,○,○,-,2067,-,-
,679,어문,간행물,국회도서관,국회전자도서관,국회도서관 소장자료,美國 議會의 證人免責制度,-,1997,1,미부착,제1유형,무,-,美國 議會의 證人免責制度,-,어문,문서,-,법률,한국어,-,1905-06-19 00:00:00,-,국회도서관,-,-,-,제1유형,저작물,보호저작물,○,상업적이용가능,○,○,○,○,○,○,○,-,2067,-,-
,680,어문,간행물,국회도서관,국회전자도서관,국회도서관 소장자료,미국 통상정책의 결정과정과 최근 동향,-,1997,1,미부착,제1유형,무,-,미국 통상정책의 결정과정과 최근 동향,-,어문,문서,-,법률,한국어,-,1905-06-19 00:00:00,-,국회도서관,-,-,-,제1유형,저작물,보호저작물,○,상업적이용가능,○,○,○,○,○,○,○,-,2067,-,-
,681,어문,간행물,국회도서관,국회전자도서관,국회도서관 소장자료,美國의 聽聞會制度와 그 示唆點,-,1997,1,미부착,제1유형,무,-,美國의 聽聞會制度와 그 示唆點,-,어문,문서,-,법률,한국어,-,1905-06-19 00:00:00,-,국회도서관,-,-,-,제1유형,저작물,보호저작물,○,상업적이용가능,○,○,○,○,○,○,○,-,2067,-,-
,682,어문,간행물,국회도서관,국회전자도서관,국회도서관 소장자료,美연방선거자금 관련 주요규정 및 연방선거위원회(FEC)의 역할,-,1997,1,미부착,제1유형,무,-,美연방선거자금 관련 주요규정 및 연방선거위원회(FEC)의 역할,-,어문,문서,-,법률,한국어,-,1905-06-19 00:00:00,-,국회도서관,-,-,-,제1유형,저작물,보호저작물,○,상업적이용가능,○,○,○,○,○,○,○,-,2067,-,-
,683,어문,간행물,국회도서관,국회전자도서관,국회도서관 소장자료,半導體 共同硏究開發에 관한 硏究,-,1997,1,미부착,제1유형,무,-,半導體 共同硏究開發에 관한 硏究,-,어문,문서,-,법률,한국어,-,1905-06-19 00:00:00,-,국회도서관,-,-,-,제1유형,저작물,보호저작물,○,상업적이용가능,○,○,○,○,○,○,○,-,2067,-,-
,684,어문,간행물,국회도서관,국회전자도서관,국회도서관 소장자료,腐敗防止關聯法 制·改正法案의 主要內容과 爭點,-,1997,1,미부착,제1유형,무,-,腐敗防止關聯法 制·改正法案의 主要內容과 爭點,-,어문,문서,-,법률,한국어,-,1905-06-19 00:00:00,-,국회도서관,-,-,-,제1유형,저작물,보호저작물,○,상업적이용가능,○,○,○,○,○,○,○,-,2067,-,-
,685,어문,간행물,국회도서관,국회전자도서관,국회도서관 소장자료,비디오 자료 목록. 제2집,-,1997,1,미부착,제1유형,무,-,비디오 자료 목록. 제2집,-,어문,문서,-,법률,한국어,-,1905-06-19 00:00:00,-,국회도서관,-,-,-,제1유형,저작물,보호저작물,○,상업적이용가능,○,○,○,○,○,○,○,-,2067,-,-
,686,어문,간행물,국회도서관,국회전자도서관,국회도서관 소장자료,私敎育費 問題와 政策課題,-,1997,1,미부착,제1유형,무,-,私敎育費 問題와 政策課題,-,어문,문서,-,법률,한국어,-,1905-06-19 00:00:00,-,국회도서관,-,-,-,제1유형,저작물,보호저작물,○,상업적이용가능,○,○,○,○,○,○,○,-,2067,-,-
,687,어문,간행물,국회도서관,국회전자도서관,국회도서관 소장자료,사회간접자본의 특성 및 투자추이 분석,-,1997,1,미부착,제1유형,무,-,사회간접자본의 특성 및 투자추이 분석,-,어문,문서,-,법률,한국어,-,1905-06-19 00:00:00,-,국회도서관,-,-,-,제1유형,저작물,보호저작물,○,상업적이용가능,○,○,○,○,○,○,○,-,2067,-,-
,688,어문,간행물,국회도서관,국회전자도서관,국회도서관 소장자료,수도권관리정책의 최근 변화에 대한 비판적 검토 : 「수도권정비계획법시행령」 개정안을 중심으로,-,1997,1,미부착,제1유형,무,-,수도권관리정책의 최근 변화에 대한 비판적 검토 : 「수도권정비계획법시행령」 개정안을 중심으로,-,어문,문서,-,법률,한국어,-,1905-06-19 00:00:00,-,국회도서관,-,-,-,제1유형,저작물,보호저작물,○,상업적이용가능,○,○,○,○,○,○,○,-,2067,-,-
,689,어문,간행물,국회도서관,국회전자도서관,국회도서관 소장자료,스웨덴 福祉國家模型의 위기와 변화,-,1997,1,미부착,제1유형,무,-,스웨덴 福祉國家模型의 위기와 변화,-,어문,문서,-,법률,한국어,-,1905-06-19 00:00:00,-,국회도서관,-,-,-,제1유형,저작물,보호저작물,○,상업적이용가능,○,○,○,○,○,○,○,-,2067,-,-
,690,어문,간행물,국회도서관,국회전자도서관,국회도서관 소장자료,스웨덴의 國防制度,-,1997,1,미부착,제1유형,무,-,스웨덴의 國防制度,-,어문,문서,-,법률,한국어,-,1905-06-19 00:00:00,-,국회도서관,-,-,-,제1유형,저작물,보호저작물,○,상업적이용가능,○,○,○,○,○,○,○,-,2067,-,-
,691,어문,간행물,국회도서관,국회전자도서관,국회도서관 소장자료,新聞 發行部數公査(ABC:Audit Bureau of Circulation)제도의 운영현황과 향후과제,-,1997,1,미부착,제1유형,무,-,新聞 發行部數公査(ABC:Audit Bureau of Circulation)제도의 운영현황과 향후과제,-,어문,문서,-,법률,한국어,-,1905-06-19 00:00:00,-,국회도서관,-,-,-,제1유형,저작물,보호저작물,○,상업적이용가능,○,○,○,○,○,○,○,-,2067,-,-
,692,어문,간행물,국회도서관,국회전자도서관,국회도서관 소장자료,失業增加와 雇庸政策의 課題,-,1997,1,미부착,제1유형,무,-,失業增加와 雇庸政策의 課題,-,어문,문서,-,법률,한국어,-,1905-06-19 00:00:00,-,국회도서관,-,-,-,제1유형,저작물,보호저작물,○,상업적이용가능,○,○,○,○,○,○,○,-,2067,-,-
,693,어문,간행물,국회도서관,국회전자도서관,국회도서관 소장자료,업무현황,-,1997,1,미부착,제1유형,무,-,업무현황,-,어문,문서,-,법률,한국어,-,1905-06-19 00:00:00,-,국회도서관,-,-,-,제1유형,저작물,보호저작물,○,상업적이용가능,○,○,○,○,○,○,○,-,2067,-,-
,694,어문,간행물,국회도서관,국회전자도서관,국회도서관 소장자료,女性年金權과 1人1 年金制 도입,-,1997,1,미부착,제1유형,무,-,女性年金權과 1人1 年金制 도입,-,어문,문서,-,법률,한국어,-,1905-06-19 00:00:00,-,국회도서관,-,-,-,제1유형,저작물,보호저작물,○,상업적이용가능,○,○,○,○,○,○,○,-,2067,-,-
,695,어문,간행물,국회도서관,국회전자도서관,국회도서관 소장자료,연착륙정책을 통한 한반도통일,-,1997,1,미부착,제1유형,무,-,연착륙정책을 통한 한반도통일,-,어문,문서,-,법률,한국어,-,1905-06-19 00:00:00,-,국회도서관,-,-,-,제1유형,저작물,보호저작물,○,상업적이용가능,○,○,○,○,○,○,○,-,2067,-,-
,696,어문,간행물,국회도서관,국회전자도서관,국회도서관 소장자료,英國 5.1總選의 結果와 向後展望,-,1997,1,미부착,제1유형,무,-,英國 5.1總選의 結果와 向後展望,-,어문,문서,-,법률,한국어,-,1905-06-19 00:00:00,-,국회도서관,-,-,-,제1유형,저작물,보호저작물,○,상업적이용가능,○,○,○,○,○,○,○,-,2067,-,-
,697,어문,간행물,국회도서관,국회전자도서관,국회도서관 소장자료,英國 公共住宅政策의 現況과 展望 : 公共住宅의 民營化를 중심으로,-,1997,1,미부착,제1유형,무,-,英國 公共住宅政策의 現況과 展望 : 公共住宅의 民營化를 중심으로,-,어문,문서,-,법률,한국어,-,1905-06-19 00:00:00,-,국회도서관,-,-,-,제1유형,저작물,보호저작물,○,상업적이용가능,○,○,○,○,○,○,○,-,2067,-,-
,698,어문,간행물,국회도서관,국회전자도서관,국회도서관 소장자료,영국의 복지개혁 동향 : 「일하는 복지」정책으로,-,1997,1,미부착,제1유형,무,-,영국의 복지개혁 동향 : 「일하는 복지」정책으로,-,어문,문서,-,법률,한국어,-,1905-06-19 00:00:00,-,국회도서관,-,-,-,제1유형,저작물,보호저작물,○,상업적이용가능,○,○,○,○,○,○,○,-,2067,-,-
,699,어문,간행물,국회도서관,국회전자도서관,국회도서관 소장자료,令狀實質審査制度,-,1997,1,미부착,제1유형,무,-,令狀實質審査制度,-,어문,문서,-,법률,한국어,-,1905-06-19 00:00:00,-,국회도서관,-,-,-,제1유형,저작물,보호저작물,○,상업적이용가능,○,○,○,○,○,○,○,-,2067,-,-
,700,어문,간행물,국회도서관,국회전자도서관,국회도서관 소장자료,영화 상영등급 부여제도와 영화계의 자율심의,-,1997,1,미부착,제1유형,무,-,영화 상영등급 부여제도와 영화계의 자율심의,-,어문,문서,-,법률,한국어,-,1905-06-19 00:00:00,-,국회도서관,-,-,-,제1유형,저작물,보호저작물,○,상업적이용가능,○,○,○,○,○,○,○,-,2067,-,-
,701,어문,간행물,국회도서관,국회전자도서관,국회도서관 소장자료,외국인 연수취업 제도에 대한 검토,-,1997,1,미부착,제1유형,무,-,외국인 연수취업 제도에 대한 검토,-,어문,문서,-,법률,한국어,-,1905-06-19 00:00:00,-,국회도서관,-,-,-,제1유형,저작물,보호저작물,○,상업적이용가능,○,○,○,○,○,○,○,-,2067,-,-
,702,어문,간행물,국회도서관,국회전자도서관,국회도서관 소장자료,우리나라 공기업 민영화 정책의 방향,-,1997,1,미부착,제1유형,무,-,우리나라 공기업 민영화 정책의 방향,-,어문,문서,-,법률,한국어,-,1905-06-19 00:00:00,-,국회도서관,-,-,-,제1유형,저작물,보호저작물,○,상업적이용가능,○,○,○,○,○,○,○,-,2067,-,-
,703,어문,간행물,국회도서관,국회전자도서관,국회도서관 소장자료,우리나라의 금융위기와 IMF구제금융,-,1997,1,미부착,제1유형,무,-,우리나라의 금융위기와 IMF구제금융,-,어문,문서,-,법률,한국어,-,1905-06-19 00:00:00,-,국회도서관,-,-,-,제1유형,저작물,보호저작물,○,상업적이용가능,○,○,○,○,○,○,○,-,2067,-,-
,704,어문,간행물,국회도서관,국회전자도서관,국회도서관 소장자료,유럽의 발전과 프랑스 의회의 역할,-,1997,1,미부착,제1유형,무,-,유럽의 발전과 프랑스 의회의 역할,-,어문,문서,-,법률,한국어,-,1905-06-19 00:00:00,-,국회도서관,-,-,-,제1유형,저작물,보호저작물,○,상업적이용가능,○,○,○,○,○,○,○,-,2067,-,-
,705,어문,간행물,국회도서관,국회전자도서관,국회도서관 소장자료,遺傳子操作 作物의 商品化를 둘러싼 論議,-,1997,1,미부착,제1유형,무,-,遺傳子操作 作物의 商品化를 둘러싼 論議,-,어문,문서,-,법률,한국어,-,1905-06-19 00:00:00,-,국회도서관,-,-,-,제1유형,저작물,보호저작물,○,상업적이용가능,○,○,○,○,○,○,○,-,2067,-,-
,706,어문,간행물,국회도서관,국회전자도서관,국회도서관 소장자료,議會調査權에 관한 硏究,-,1997,1,미부착,제1유형,무,-,議會調査權에 관한 硏究,-,어문,문서,-,법률,한국어,-,1905-06-19 00:00:00,-,국회도서관,-,-,-,제1유형,저작물,보호저작물,○,상업적이용가능,○,○,○,○,○,○,○,-,2067,-,-
,707,어문,간행물,국회도서관,국회전자도서관,국회도서관 소장자료,인터넷 웹 사이트 안내,-,1997,1,미부착,제1유형,무,-,인터넷 웹 사이트 안내,-,어문,문서,-,법률,한국어,-,1905-06-19 00:00:00,-,국회도서관,-,-,-,제1유형,저작물,보호저작물,○,상업적이용가능,○,○,○,○,○,○,○,-,2067,-,-
,708,어문,간행물,국회도서관,국회전자도서관,국회도서관 소장자료,일본 관민협력사업의 사례와 시사점 : 교통시설 건설을 중심으로,-,1997,1,미부착,제1유형,무,-,일본 관민협력사업의 사례와 시사점 : 교통시설 건설을 중심으로,-,어문,문서,-,법률,한국어,-,1905-06-19 00:00:00,-,국회도서관,-,-,-,제1유형,저작물,보호저작물,○,상업적이용가능,○,○,○,○,○,○,○,-,2067,-,-
,709,어문,간행물,국회도서관,국회전자도서관,국회도서관 소장자료,일본 국회의원의 의식조사 및 내용분석 : 헌법·행정개혁·선거제도 등에 관한 讀賣新聞의 조사,-,1997,1,미부착,제1유형,무,-,일본 국회의원의 의식조사 및 내용분석 : 헌법·행정개혁·선거제도 등에 관한 讀賣新聞의 조사,-,어문,문서,-,법률,한국어,-,1905-06-19 00:00:00,-,국회도서관,-,-,-,제1유형,저작물,보호저작물,○,상업적이용가능,○,○,○,○,○,○,○,-,2067,-,-
,710,어문,간행물,국회도서관,국회전자도서관,국회도서관 소장자료,일본 재정개혁의 의미와 시사점,-,1997,1,미부착,제1유형,무,-,일본 재정개혁의 의미와 시사점,-,어문,문서,-,법률,한국어,-,1905-06-19 00:00:00,-,국회도서관,-,-,-,제1유형,저작물,보호저작물,○,상업적이용가능,○,○,○,○,○,○,○,-,2067,-,-
,711,어문,간행물,국회도서관,국회전자도서관,국회도서관 소장자료,일본의 의원입법과 정부입법 : 제140회 정기국회를 중심으로,-,1997,1,미부착,제1유형,무,-,일본의 의원입법과 정부입법 : 제140회 정기국회를 중심으로,-,어문,문서,-,법률,한국어,-,1905-06-19 00:00:00,-,국회도서관,-,-,-,제1유형,저작물,보호저작물,○,상업적이용가능,○,○,○,○,○,○,○,-,2067,-,-
,712,어문,간행물,국회도서관,국회전자도서관,국회도서관 소장자료,日本의 政界改編과 '96年 總選의 意味 : '脫55年體制'의 展望을 중심으로,-,1997,1,미부착,제1유형,무,-,日本의 政界改編과 '96年 總選의 意味 : '脫55年體制'의 展望을 중심으로,-,어문,문서,-,법률,한국어,-,1905-06-19 00:00:00,-,국회도서관,-,-,-,제1유형,저작물,보호저작물,○,상업적이용가능,○,○,○,○,○,○,○,-,2067,-,-
,713,어문,간행물,국회도서관,국회전자도서관,국회도서관 소장자료,將來人口推計와 21세기의 경종,-,1997,1,미부착,제1유형,무,-,將來人口推計와 21세기의 경종,-,어문,문서,-,법률,한국어,-,1905-06-19 00:00:00,-,국회도서관,-,-,-,제1유형,저작물,보호저작물,○,상업적이용가능,○,○,○,○,○,○,○,-,2067,-,-
,714,어문,간행물,국회도서관,국회전자도서관,국회도서관 소장자료,전시 軍위안부 문제에 관한 UN 인권위원회 특별보고서,-,1997,1,미부착,제1유형,무,-,전시 軍위안부 문제에 관한 UN 인권위원회 특별보고서,-,어문,문서,-,법률,한국어,-,1905-06-19 00:00:00,-,국회도서관,-,-,-,제1유형,저작물,보호저작물,○,상업적이용가능,○,○,○,○,○,○,○,-,2067,-,-
,715,어문,간행물,국회도서관,국회전자도서관,국회도서관 소장자료,"電子住民카드 發給 : 內容, 爭點, 外國의 事例",-,1997,1,미부착,제1유형,무,-,"電子住民카드 發給 : 內容, 爭點, 外國의 事例",-,어문,문서,-,법률,한국어,-,1905-06-19 00:00:00,-,국회도서관,-,-,-,제1유형,저작물,보호저작물,○,상업적이용가능,○,○,○,○,○,○,○,-,2067,-,-
,716,어문,간행물,국회도서관,국회전자도서관,국회도서관 소장자료,제15대 大選候補 敎育公約 비교,-,1997,1,미부착,제1유형,무,-,제15대 大選候補 敎育公約 비교,-,어문,문서,-,법률,한국어,-,1905-06-19 00:00:00,-,국회도서관,-,-,-,제1유형,저작물,보호저작물,○,상업적이용가능,○,○,○,○,○,○,○,-,2067,-,-
,717,어문,간행물,국회도서관,국회전자도서관,국회도서관 소장자료,제조업의 산업구조 변화와 노동시장의 직업 불일치,-,1997,1,미부착,제1유형,무,-,제조업의 산업구조 변화와 노동시장의 직업 불일치,-,어문,문서,-,법률,한국어,-,1905-06-19 00:00:00,-,국회도서관,-,-,-,제1유형,저작물,보호저작물,○,상업적이용가능,○,○,○,○,○,○,○,-,2067,-,-
,718,어문,간행물,국회도서관,국회전자도서관,국회도서관 소장자료,조달환경의 변화에따른 조달제도의 발전방안,-,1997,1,미부착,제1유형,무,-,조달환경의 변화에따른 조달제도의 발전방안,-,어문,문서,-,법률,한국어,-,1905-06-19 00:00:00,-,국회도서관,-,-,-,제1유형,저작물,보호저작물,○,상업적이용가능,○,○,○,○,○,○,○,-,2067,-,-
,719,어문,간행물,국회도서관,국회전자도서관,국회도서관 소장자료,주요국 의회의 입법보좌기관,-,1997,1,미부착,제1유형,무,-,주요국 의회의 입법보좌기관,-,어문,문서,-,법률,한국어,-,1905-06-19 00:00:00,-,국회도서관,-,-,-,제1유형,저작물,보호저작물,○,상업적이용가능,○,○,○,○,○,○,○,-,2067,-,-
,720,어문,간행물,국회도서관,국회전자도서관,국회도서관 소장자료,주요국의 의원대우제도 : 세비 및 수당,-,1997,1,미부착,제1유형,무,-,주요국의 의원대우제도 : 세비 및 수당,-,어문,문서,-,법률,한국어,-,1905-06-19 00:00:00,-,국회도서관,-,-,-,제1유형,저작물,보호저작물,○,상업적이용가능,○,○,○,○,○,○,○,-,2067,-,-
,721,어문,간행물,국회도서관,국회전자도서관,국회도서관 소장자료,中國 江澤民 國家主席의 제15차 全國代表大會上의 政治報告,-,1997,1,미부착,제1유형,무,-,中國 江澤民 國家主席의 제15차 全國代表大會上의 政治報告,-,어문,문서,-,법률,한국어,-,1905-06-19 00:00:00,-,국회도서관,-,-,-,제1유형,저작물,보호저작물,○,상업적이용가능,○,○,○,○,○,○,○,-,2067,-,-
,722,어문,간행물,국회도서관,국회전자도서관,국회도서관 소장자료,중국 공산당의 권력 구조와 주요 지도자의 약력,-,1997,1,미부착,제1유형,무,-,중국 공산당의 권력 구조와 주요 지도자의 약력,-,어문,문서,-,법률,한국어,-,1905-06-19 00:00:00,-,국회도서관,-,-,-,제1유형,저작물,보호저작물,○,상업적이용가능,○,○,○,○,○,○,○,-,2067,-,-
,723,어문,간행물,국회도서관,국회전자도서관,국회도서관 소장자료,중화인민공화국 국방법,-,1997,1,미부착,제1유형,무,-,중화인민공화국 국방법,-,어문,문서,-,법률,한국어,-,1905-06-19 00:00:00,-,국회도서관,-,-,-,제1유형,저작물,보호저작물,○,상업적이용가능,○,○,○,○,○,○,○,-,2067,-,-
,724,어문,간행물,국회도서관,국회전자도서관,국회도서관 소장자료,지방분권화 시대에 요구되는 국세와 지방세의 조정방향,-,1997,1,미부착,제1유형,무,-,지방분권화 시대에 요구되는 국세와 지방세의 조정방향,-,어문,문서,-,법률,한국어,-,1905-06-19 00:00:00,-,국회도서관,-,-,-,제1유형,저작물,보호저작물,○,상업적이용가능,○,○,○,○,○,○,○,-,2067,-,-
,725,어문,간행물,국회도서관,국회전자도서관,국회도서관 소장자료,참여·협력적 노사관계 구축의 과제 : 근로자참여제도를 중심으로,-,1997,1,미부착,제1유형,무,-,참여·협력적 노사관계 구축의 과제 : 근로자참여제도를 중심으로,-,어문,문서,-,법률,한국어,-,1905-06-19 00:00:00,-,국회도서관,-,-,-,제1유형,저작물,보호저작물,○,상업적이용가능,○,○,○,○,○,○,○,-,2067,-,-
,726,어문,간행물,국회도서관,국회전자도서관,국회도서관 소장자료,最近 開發制限區域(그린벨트)의 規制緩和方案에 관한 檢討,-,1997,1,미부착,제1유형,무,-,最近 開發制限區域(그린벨트)의 規制緩和方案에 관한 檢討,-,어문,문서,-,법률,한국어,-,1905-06-19 00:00:00,-,국회도서관,-,-,-,제1유형,저작물,보호저작물,○,상업적이용가능,○,○,○,○,○,○,○,-,2067,-,-
,727,어문,간행물,국회도서관,국회전자도서관,국회도서관 소장자료,최근 生物復製 論爭과 法的 對策,-,1997,1,미부착,제1유형,무,-,최근 生物復製 論爭과 法的 對策,-,어문,문서,-,법률,한국어,-,1905-06-19 00:00:00,-,국회도서관,-,-,-,제1유형,저작물,보호저작물,○,상업적이용가능,○,○,○,○,○,○,○,-,2067,-,-
,728,어문,간행물,국회도서관,국회전자도서관,국회도서관 소장자료,최근 원/달러 환율 상승의 배경과 전망,-,1997,1,미부착,제1유형,무,-,최근 원/달러 환율 상승의 배경과 전망,-,어문,문서,-,법률,한국어,-,1905-06-19 00:00:00,-,국회도서관,-,-,-,제1유형,저작물,보호저작물,○,상업적이용가능,○,○,○,○,○,○,○,-,2067,-,-
,729,어문,간행물,국회도서관,국회전자도서관,국회도서관 소장자료,최근 韓·日 漁業紛爭과 對策,-,1997,1,미부착,제1유형,무,-,최근 韓·日 漁業紛爭과 對策,-,어문,문서,-,법률,한국어,-,1905-06-19 00:00:00,-,국회도서관,-,-,-,제1유형,저작물,보호저작물,○,상업적이용가능,○,○,○,○,○,○,○,-,2067,-,-
,730,어문,간행물,국회도서관,국회전자도서관,국회도서관 소장자료,최근의 歸農動向과 支援策 모색,-,1997,1,미부착,제1유형,무,-,최근의 歸農動向과 支援策 모색,-,어문,문서,-,법률,한국어,-,1905-06-19 00:00:00,-,국회도서관,-,-,-,제1유형,저작물,보호저작물,○,상업적이용가능,○,○,○,○,○,○,○,-,2067,-,-
,731,어문,간행물,국회도서관,국회전자도서관,국회도서관 소장자료,通信과 放送 融合에 대한 政策的 對應,-,1997,1,미부착,제1유형,무,-,通信과 放送 融合에 대한 政策的 對應,-,어문,문서,-,법률,한국어,-,1905-06-19 00:00:00,-,국회도서관,-,-,-,제1유형,저작물,보호저작물,○,상업적이용가능,○,○,○,○,○,○,○,-,2067,-,-
,732,어문,간행물,국회도서관,국회전자도서관,국회도서관 소장자료,통일이후 남북한 교육통합 방안연구 : 북한 학생의 재사회화 방안을 중심으로,-,1997,1,미부착,제1유형,무,-,통일이후 남북한 교육통합 방안연구 : 북한 학생의 재사회화 방안을 중심으로,-,어문,문서,-,법률,한국어,-,1905-06-19 00:00:00,-,국회도서관,-,-,-,제1유형,저작물,보호저작물,○,상업적이용가능,○,○,○,○,○,○,○,-,2067,-,-
,733,어문,간행물,국회도서관,국회전자도서관,국회도서관 소장자료,統一韓國의 社會統合과 社會的 宗敎,-,1997,1,미부착,제1유형,무,-,統一韓國의 社會統合과 社會的 宗敎,-,어문,문서,-,법률,한국어,-,1905-06-19 00:00:00,-,국회도서관,-,-,-,제1유형,저작물,보호저작물,○,상업적이용가능,○,○,○,○,○,○,○,-,2067,-,-
,734,어문,간행물,국회도서관,국회전자도서관,국회도서관 소장자료,'퇴직금 최우선변제'조항 헌법불합치 결정의 의미와 정책방향,-,1997,1,미부착,제1유형,무,-,'퇴직금 최우선변제'조항 헌법불합치 결정의 의미와 정책방향,-,어문,문서,-,법률,한국어,-,1905-06-19 00:00:00,-,국회도서관,-,-,-,제1유형,저작물,보호저작물,○,상업적이용가능,○,○,○,○,○,○,○,-,2067,-,-
,735,어문,간행물,국회도서관,국회전자도서관,국회도서관 소장자료,프랑스 연안지역 관리법,-,1997,1,미부착,제1유형,무,-,프랑스 연안지역 관리법,-,어문,문서,-,법률,한국어,-,1905-06-19 00:00:00,-,국회도서관,-,-,-,제1유형,저작물,보호저작물,○,상업적이용가능,○,○,○,○,○,○,○,-,2067,-,-
,736,어문,간행물,국회도서관,국회전자도서관,국회도서관 소장자료,프랑스 의회의 국정조사제도,-,1997,1,미부착,제1유형,무,-,프랑스 의회의 국정조사제도,-,어문,문서,-,법률,한국어,-,1905-06-19 00:00:00,-,국회도서관,-,-,-,제1유형,저작물,보호저작물,○,상업적이용가능,○,○,○,○,○,○,○,-,2067,-,-
,737,어문,간행물,국회도서관,국회전자도서관,국회도서관 소장자료,프랑스 총선과 향후 정국의 변화,-,1997,1,미부착,제1유형,무,-,프랑스 총선과 향후 정국의 변화,-,어문,문서,-,법률,한국어,-,1905-06-19 00:00:00,-,국회도서관,-,-,-,제1유형,저작물,보호저작물,○,상업적이용가능,○,○,○,○,○,○,○,-,2067,-,-
,738,어문,간행물,국회도서관,국회전자도서관,국회도서관 소장자료,프랑스의 1997년도 예산,-,1997,1,미부착,제1유형,무,-,프랑스의 1997년도 예산,-,어문,문서,-,법률,한국어,-,1905-06-19 00:00:00,-,국회도서관,-,-,-,제1유형,저작물,보호저작물,○,상업적이용가능,○,○,○,○,○,○,○,-,2067,-,-
,739,어문,간행물,국회도서관,국회전자도서관,국회도서관 소장자료,프랑스의 대통령과 총리,-,1997,1,미부착,제1유형,무,-,프랑스의 대통령과 총리,-,어문,문서,-,법률,한국어,-,1905-06-19 00:00:00,-,국회도서관,-,-,-,제1유형,저작물,보호저작물,○,상업적이용가능,○,○,○,○,○,○,○,-,2067,-,-
,740,어문,간행물,국회도서관,국회전자도서관,국회도서관 소장자료,한·미 자동차 협상과 수퍼301조,-,1997,1,미부착,제1유형,무,-,한·미 자동차 협상과 수퍼301조,-,어문,문서,-,법률,한국어,-,1905-06-19 00:00:00,-,국회도서관,-,-,-,제1유형,저작물,보호저작물,○,상업적이용가능,○,○,○,○,○,○,○,-,2067,-,-
,741,어문,간행물,국회도서관,국회전자도서관,국회도서관 소장자료,韓國 政黨의 國庫補助金制度 改善方案,-,1997,1,미부착,제1유형,무,-,韓國 政黨의 國庫補助金制度 改善方案,-,어문,문서,-,법률,한국어,-,1905-06-19 00:00:00,-,국회도서관,-,-,-,제1유형,저작물,보호저작물,○,상업적이용가능,○,○,○,○,○,○,○,-,2067,-,-
,742,어문,간행물,국회도서관,국회전자도서관,국회도서관 소장자료,韓國博士및碩士學位論文總目錄 : 自然科學. 第28輯,-,1997,1,미부착,제1유형,무,-,韓國博士및碩士學位論文總目錄 : 自然科學. 第28輯,-,어문,문서,-,법률,한국어,-,1905-06-19 00:00:00,-,국회도서관,-,-,-,제1유형,저작물,보호저작물,○,상업적이용가능,○,○,○,○,○,○,○,-,2067,-,-
,743,어문,간행물,국회도서관,국회전자도서관,국회도서관 소장자료,韓國博士및碩士學位論文總目錄 : 人文·社會科學. 第28輯,-,1997,1,미부착,제1유형,무,-,韓國博士및碩士學位論文總目錄 : 人文·社會科學. 第28輯,-,어문,문서,-,법률,한국어,-,1905-06-19 00:00:00,-,국회도서관,-,-,-,제1유형,저작물,보호저작물,○,상업적이용가능,○,○,○,○,○,○,○,-,2067,-,-
,744,어문,간행물,국회도서관,국회전자도서관,국회도서관 소장자료,韓國放送廣告公社의 存廢論爭과 向後 代案,-,1997,1,미부착,제1유형,무,-,韓國放送廣告公社의 存廢論爭과 向後 代案,-,어문,문서,-,법률,한국어,-,1905-06-19 00:00:00,-,국회도서관,-,-,-,제1유형,저작물,보호저작물,○,상업적이용가능,○,○,○,○,○,○,○,-,2067,-,-
,745,어문,간행물,국회도서관,국회전자도서관,국회도서관 소장자료,한국의 만화산업 : 현황과 과제,-,1997,1,미부착,제1유형,무,-,한국의 만화산업 : 현황과 과제,-,어문,문서,-,법률,한국어,-,1905-06-19 00:00:00,-,국회도서관,-,-,-,제1유형,저작물,보호저작물,○,상업적이용가능,○,○,○,○,○,○,○,-,2067,-,-
,746,어문,간행물,국회도서관,국회전자도서관,국회도서관 소장자료,한국의회 원내갈등 관리방식의 개선방안 : 영·미·일 의회와의 비교를 통해,-,1997,1,미부착,제1유형,무,-,한국의회 원내갈등 관리방식의 개선방안 : 영·미·일 의회와의 비교를 통해,-,어문,문서,-,법률,한국어,-,1905-06-19 00:00:00,-,국회도서관,-,-,-,제1유형,저작물,보호저작물,○,상업적이용가능,○,○,○,○,○,○,○,-,2067,-,-
,747,어문,간행물,국회도서관,국회전자도서관,국회도서관 소장자료,한반도 정세와 일·미동맹,-,1997,1,미부착,제1유형,무,-,한반도 정세와 일·미동맹,-,어문,문서,-,법률,한국어,-,1905-06-19 00:00:00,-,국회도서관,-,-,-,제1유형,저작물,보호저작물,○,상업적이용가능,○,○,○,○,○,○,○,-,2067,-,-
,748,어문,간행물,국회도서관,국회전자도서관,국회도서관 소장자료,한반도 정세와 주변4강 관계,-,1997,1,미부착,제1유형,무,-,한반도 정세와 주변4강 관계,-,어문,문서,-,법률,한국어,-,1905-06-19 00:00:00,-,국회도서관,-,-,-,제1유형,저작물,보호저작물,○,상업적이용가능,○,○,○,○,○,○,○,-,2067,-,-
,749,어문,간행물,국회도서관,국회전자도서관,국회도서관 소장자료,한반도 조기통일을 위한 提言,-,1997,1,미부착,제1유형,무,-,한반도 조기통일을 위한 提言,-,어문,문서,-,법률,한국어,-,1905-06-19 00:00:00,-,국회도서관,-,-,-,제1유형,저작물,보호저작물,○,상업적이용가능,○,○,○,○,○,○,○,-,2067,-,-
,750,어문,간행물,국회도서관,국회전자도서관,국회도서관 소장자료,해외소재한국관련자료분류표 해설,-,1997,1,미부착,제1유형,무,-,해외소재한국관련자료분류표 해설,-,어문,문서,-,법률,한국어,-,1905-06-19 00:00:00,-,국회도서관,-,-,-,제1유형,저작물,보호저작물,○,상업적이용가능,○,○,○,○,○,○,○,-,2067,-,-
,751,어문,간행물,국회도서관,국회전자도서관,국회도서관 소장자료,헤지펀드와 國際通貨危機,-,1997,1,미부착,제1유형,무,-,헤지펀드와 國際通貨危機,-,어문,문서,-,법률,한국어,-,1905-06-19 00:00:00,-,국회도서관,-,-,-,제1유형,저작물,보호저작물,○,상업적이용가능,○,○,○,○,○,○,○,-,2067,-,-
,752,어문,간행물,국회도서관,국회전자도서관,국회도서관 소장자료,"“국제전문인력 양성지원사업”의 현황과 문제점, 향후 과제",-,1998,1,미부착,제1유형,무,-,"“국제전문인력 양성지원사업”의 현황과 문제점, 향후 과제",-,어문,문서,-,법률,한국어,-,1905-06-20 00:00:00,-,국회도서관,-,-,-,제1유형,저작물,보호저작물,○,상업적이용가능,○,○,○,○,○,○,○,-,2068,-,-
,753,어문,간행물,국회도서관,국회전자도서관,국회도서관 소장자료,「농업·농촌기본법(안)」의 논점과 과제,-,1998,1,미부착,제1유형,무,-,「농업·농촌기본법(안)」의 논점과 과제,-,어문,문서,-,법률,한국어,-,1905-06-20 00:00:00,-,국회도서관,-,-,-,제1유형,저작물,보호저작물,○,상업적이용가능,○,○,○,○,○,○,○,-,2068,-,-
,754,어문,간행물,국회도서관,국회전자도서관,국회도서관 소장자료,1998년 OECD 農業閣僚會議 : 農政改革의 방향,-,1998,1,미부착,제1유형,무,-,1998년 OECD 農業閣僚會議 : 農政改革의 방향,-,어문,문서,-,법률,한국어,-,1905-06-20 00:00:00,-,국회도서관,-,-,-,제1유형,저작물,보호저작물,○,상업적이용가능,○,○,○,○,○,○,○,-,2068,-,-
,755,어문,간행물,국회도서관,국회전자도서관,국회도서관 소장자료,21세기 韓·中關係의 發展方向 모색,-,1998,1,미부착,제1유형,무,-,21세기 韓·中關係의 發展方向 모색,-,어문,문서,-,법률,한국어,-,1905-06-20 00:00:00,-,국회도서관,-,-,-,제1유형,저작물,보호저작물,○,상업적이용가능,○,○,○,○,○,○,○,-,2068,-,-
,756,어문,간행물,국회도서관,국회전자도서관,국회도서관 소장자료,'98년 追更豫算案 개요 분석,-,1998,1,미부착,제1유형,무,-,'98년 追更豫算案 개요 분석,-,어문,문서,-,법률,한국어,-,1905-06-20 00:00:00,-,국회도서관,-,-,-,제1유형,저작물,보호저작물,○,상업적이용가능,○,○,○,○,○,○,○,-,2068,-,-
,757,어문,간행물,국회도서관,국회전자도서관,국회도서관 소장자료,IMF 管理體制와 農業部門에 대한 영향,-,1998,1,미부착,제1유형,무,-,IMF 管理體制와 農業部門에 대한 영향,-,어문,문서,-,법률,한국어,-,1905-06-20 00:00:00,-,국회도서관,-,-,-,제1유형,저작물,보호저작물,○,상업적이용가능,○,○,○,○,○,○,○,-,2068,-,-
,758,어문,간행물,국회도서관,국회전자도서관,국회도서관 소장자료,IMF 기준에 의한 保健·社會保障財政의 추이와 국제비교,-,1998,1,미부착,제1유형,무,-,IMF 기준에 의한 保健·社會保障財政의 추이와 국제비교,-,어문,문서,-,법률,한국어,-,1905-06-20 00:00:00,-,국회도서관,-,-,-,제1유형,저작물,보호저작물,○,상업적이용가능,○,○,○,○,○,○,○,-,2068,-,-
,759,어문,간행물,국회도서관,국회전자도서관,국회도서관 소장자료,SOC 투자재원다각화 전략으로서의 프로젝트 파이낸싱 : 세계적 현황 및 정부의 역할,-,1998,1,미부착,제1유형,무,-,SOC 투자재원다각화 전략으로서의 프로젝트 파이낸싱 : 세계적 현황 및 정부의 역할,-,어문,문서,-,법률,한국어,-,1905-06-20 00:00:00,-,국회도서관,-,-,-,제1유형,저작물,보호저작물,○,상업적이용가능,○,○,○,○,○,○,○,-,2068,-,-
,760,어문,간행물,국회도서관,국회전자도서관,국회도서관 소장자료,UN이 제시하는 환경친화적인 교통정책,-,1998,1,미부착,제1유형,무,-,UN이 제시하는 환경친화적인 교통정책,-,어문,문서,-,법률,한국어,-,1905-06-20 00:00:00,-,국회도서관,-,-,-,제1유형,저작물,보호저작물,○,상업적이용가능,○,○,○,○,○,○,○,-,2068,-,-
,761,어문,간행물,국회도서관,국회전자도서관,국회도서관 소장자료,가스재난사고의 대처방안과 문제점 분석 : 부천·익산·울산 LPG충전소 가스재난사고를 중심으로,-,1998,1,미부착,제1유형,무,-,가스재난사고의 대처방안과 문제점 분석 : 부천·익산·울산 LPG충전소 가스재난사고를 중심으로,-,어문,문서,-,법률,한국어,-,1905-06-20 00:00:00,-,국회도서관,-,-,-,제1유형,저작물,보호저작물,○,상업적이용가능,○,○,○,○,○,○,○,-,2068,-,-
,762,어문,간행물,국회도서관,국회전자도서관,국회도서관 소장자료,家族法改正의 論點,-,1998,1,미부착,제1유형,무,-,家族法改正의 論點,-,어문,문서,-,법률,한국어,-,1905-06-20 00:00:00,-,국회도서관,-,-,-,제1유형,저작물,보호저작물,○,상업적이용가능,○,○,○,○,○,○,○,-,2068,-,-
,763,어문,간행물,국회도서관,국회전자도서관,국회도서관 소장자료,개인정보보호법의 개정문제,-,1998,1,미부착,제1유형,무,-,개인정보보호법의 개정문제,-,어문,문서,-,법률,한국어,-,1905-06-20 00:00:00,-,국회도서관,-,-,-,제1유형,저작물,보호저작물,○,상업적이용가능,○,○,○,○,○,○,○,-,2068,-,-
,764,어문,간행물,국회도서관,국회전자도서관,국회도서관 소장자료,雇傭調整 制度 : 爭點 및 外國의 立法例,-,1998,1,미부착,제1유형,무,-,雇傭調整 制度 : 爭點 및 外國의 立法例,-,어문,문서,-,법률,한국어,-,1905-06-20 00:00:00,-,국회도서관,-,-,-,제1유형,저작물,보호저작물,○,상업적이용가능,○,○,○,○,○,○,○,-,2068,-,-
,765,어문,간행물,국회도서관,국회전자도서관,국회도서관 소장자료,公職選擧에서 立候補者 制限規定에 관한 쟁점분석,-,1998,1,미부착,제1유형,무,-,公職選擧에서 立候補者 制限規定에 관한 쟁점분석,-,어문,문서,-,법률,한국어,-,1905-06-20 00:00:00,-,국회도서관,-,-,-,제1유형,저작물,보호저작물,○,상업적이용가능,○,○,○,○,○,○,○,-,2068,-,-
,766,어문,간행물,국회도서관,국회전자도서관,국회도서관 소장자료,敎員停年 短縮 : 찬반론과 외국의 사례,-,1998,1,미부착,제1유형,무,-,敎員停年 短縮 : 찬반론과 외국의 사례,-,어문,문서,-,법률,한국어,-,1905-06-20 00:00:00,-,국회도서관,-,-,-,제1유형,저작물,보호저작물,○,상업적이용가능,○,○,○,○,○,○,○,-,2068,-,-
,767,어문,간행물,국회도서관,국회전자도서관,국회도서관 소장자료,교육정보화의 현황과 과제 : 초·중등교육을 중심으로,-,1998,1,미부착,제1유형,무,-,교육정보화의 현황과 과제 : 초·중등교육을 중심으로,-,어문,문서,-,법률,한국어,-,1905-06-20 00:00:00,-,국회도서관,-,-,-,제1유형,저작물,보호저작물,○,상업적이용가능,○,○,○,○,○,○,○,-,2068,-,-
,768,어문,간행물,국회도서관,국회전자도서관,국회도서관 소장자료,國民年金制度의 문제점과 과제,-,1998,1,미부착,제1유형,무,-,國民年金制度의 문제점과 과제,-,어문,문서,-,법률,한국어,-,1905-06-20 00:00:00,-,국회도서관,-,-,-,제1유형,저작물,보호저작물,○,상업적이용가능,○,○,○,○,○,○,○,-,2068,-,-
,769,어문,간행물,국회도서관,국회전자도서관,국회도서관 소장자료,국제상거래에있어서 외국공직자에 대한 뇌물공여방지에 관한 협약(약칭:OECD부패방지협약),-,1998,1,미부착,제1유형,무,-,국제상거래에있어서 외국공직자에 대한 뇌물공여방지에 관한 협약(약칭:OECD부패방지협약),-,어문,문서,-,법률,한국어,-,1905-06-20 00:00:00,-,국회도서관,-,-,-,제1유형,저작물,보호저작물,○,상업적이용가능,○,○,○,○,○,○,○,-,2068,-,-
,770,어문,간행물,국회도서관,국회전자도서관,국회도서관 소장자료,국회운영위원회요구자료,-,1998,1,미부착,제1유형,무,-,국회운영위원회요구자료,-,어문,문서,-,법률,한국어,-,1905-06-20 00:00:00,-,국회도서관,-,-,-,제1유형,저작물,보호저작물,○,상업적이용가능,○,○,○,○,○,○,○,-,2068,-,-
,771,어문,간행물,국회도서관,국회전자도서관,국회도서관 소장자료,"국회의 예산·결산 심의기능 강화방안 : 영, 미 의회와의 비교를 통한 개선방안 모색",-,1998,1,미부착,제1유형,무,-,"국회의 예산·결산 심의기능 강화방안 : 영, 미 의회와의 비교를 통한 개선방안 모색",-,어문,문서,-,법률,한국어,-,1905-06-20 00:00:00,-,국회도서관,-,-,-,제1유형,저작물,보호저작물,○,상업적이용가능,○,○,○,○,○,○,○,-,2068,-,-
,772,어문,간행물,국회도서관,국회전자도서관,국회도서관 소장자료,기업 구조조정과 지배구조 개혁,-,1998,1,미부착,제1유형,무,-,기업 구조조정과 지배구조 개혁,-,어문,문서,-,법률,한국어,-,1905-06-20 00:00:00,-,국회도서관,-,-,-,제1유형,저작물,보호저작물,○,상업적이용가능,○,○,○,○,○,○,○,-,2068,-,-
,773,어문,간행물,국회도서관,국회전자도서관,국회도서관 소장자료,大衆交通 이용 증대 방안,-,1998,1,미부착,제1유형,무,-,大衆交通 이용 증대 방안,-,어문,문서,-,법률,한국어,-,1905-06-20 00:00:00,-,국회도서관,-,-,-,제1유형,저작물,보호저작물,○,상업적이용가능,○,○,○,○,○,○,○,-,2068,-,-
,774,어문,간행물,국회도서관,국회전자도서관,국회도서관 소장자료,독일연방 하원의원 선거제도의 의의와 특성,-,1998,1,미부착,제1유형,무,-,독일연방 하원의원 선거제도의 의의와 특성,-,어문,문서,-,법률,한국어,-,1905-06-20 00:00:00,-,국회도서관,-,-,-,제1유형,저작물,보호저작물,○,상업적이용가능,○,○,○,○,○,○,○,-,2068,-,-
,775,어문,간행물,국회도서관,국회전자도서관,국회도서관 소장자료,독일연방하원 총선의 결과와 향후 전망,-,1998,1,미부착,제1유형,무,-,독일연방하원 총선의 결과와 향후 전망,-,어문,문서,-,법률,한국어,-,1905-06-20 00:00:00,-,국회도서관,-,-,-,제1유형,저작물,보호저작물,○,상업적이용가능,○,○,○,○,○,○,○,-,2068,-,-
,776,어문,간행물,국회도서관,국회전자도서관,국회도서관 소장자료,러시아연방 정부조직법,-,1998,1,미부착,제1유형,무,-,러시아연방 정부조직법,-,어문,문서,-,법률,한국어,-,1905-06-20 00:00:00,-,국회도서관,-,-,-,제1유형,저작물,보호저작물,○,상업적이용가능,○,○,○,○,○,○,○,-,2068,-,-
,777,어문,간행물,국회도서관,국회전자도서관,국회도서관 소장자료,미국 경제의 전망 : 낙관론과 비관론,-,1998,1,미부착,제1유형,무,-,미국 경제의 전망 : 낙관론과 비관론,-,어문,문서,-,법률,한국어,-,1905-06-20 00:00:00,-,국회도서관,-,-,-,제1유형,저작물,보호저작물,○,상업적이용가능,○,○,○,○,○,○,○,-,2068,-,-
,778,어문,간행물,국회도서관,국회전자도서관,국회도서관 소장자료,부패방지법의 쟁점분석,-,1998,1,미부착,제1유형,무,-,부패방지법의 쟁점분석,-,어문,문서,-,법률,한국어,-,1905-06-20 00:00:00,-,국회도서관,-,-,-,제1유형,저작물,보호저작물,○,상업적이용가능,○,○,○,○,○,○,○,-,2068,-,-
,779,어문,간행물,국회도서관,국회전자도서관,국회도서관 소장자료,북한방송의 개방과 남북한 방송교류의 기본방향,-,1998,1,미부착,제1유형,무,-,북한방송의 개방과 남북한 방송교류의 기본방향,-,어문,문서,-,법률,한국어,-,1905-06-20 00:00:00,-,국회도서관,-,-,-,제1유형,저작물,보호저작물,○,상업적이용가능,○,○,○,○,○,○,○,-,2068,-,-
,780,어문,간행물,국회도서관,국회전자도서관,국회도서관 소장자료,北韓의 政權構造 變化,-,1998,1,미부착,제1유형,무,-,北韓의 政權構造 變化,-,어문,문서,-,법률,한국어,-,1905-06-20 00:00:00,-,국회도서관,-,-,-,제1유형,저작물,보호저작물,○,상업적이용가능,○,○,○,○,○,○,○,-,2068,-,-
,781,어문,간행물,국회도서관,국회전자도서관,국회도서관 소장자료,세계인권선언과 아시아의 인권,-,1998,1,미부착,제1유형,무,-,세계인권선언과 아시아의 인권,-,어문,문서,-,법률,한국어,-,1905-06-20 00:00:00,-,국회도서관,-,-,-,제1유형,저작물,보호저작물,○,상업적이용가능,○,○,○,○,○,○,○,-,2068,-,-
,782,어문,간행물,국회도서관,국회전자도서관,국회도서관 소장자료,少年事件處理節次의 문제점,-,1998,1,미부착,제1유형,무,-,少年事件處理節次의 문제점,-,어문,문서,-,법률,한국어,-,1905-06-20 00:00:00,-,국회도서관,-,-,-,제1유형,저작물,보호저작물,○,상업적이용가능,○,○,○,○,○,○,○,-,2068,-,-
,783,어문,간행물,국회도서관,국회전자도서관,국회도서관 소장자료,消費者破産制度의 問題點과 改善方案,-,1998,1,미부착,제1유형,무,-,消費者破産制度의 問題點과 改善方案,-,어문,문서,-,법률,한국어,-,1905-06-20 00:00:00,-,국회도서관,-,-,-,제1유형,저작물,보호저작물,○,상업적이용가능,○,○,○,○,○,○,○,-,2068,-,-
,784,어문,간행물,국회도서관,국회전자도서관,국회도서관 소장자료,수도권 정비 정책의 쟁점과 향후 과제,-,1998,1,미부착,제1유형,무,-,수도권 정비 정책의 쟁점과 향후 과제,-,어문,문서,-,법률,한국어,-,1905-06-20 00:00:00,-,국회도서관,-,-,-,제1유형,저작물,보호저작물,○,상업적이용가능,○,○,○,○,○,○,○,-,2068,-,-
,785,어문,간행물,국회도서관,국회전자도서관,국회도서관 소장자료,스웨덴의 경제위기와 실업정책,-,1998,1,미부착,제1유형,무,-,스웨덴의 경제위기와 실업정책,-,어문,문서,-,법률,한국어,-,1905-06-20 00:00:00,-,국회도서관,-,-,-,제1유형,저작물,보호저작물,○,상업적이용가능,○,○,○,○,○,○,○,-,2068,-,-
,786,어문,간행물,국회도서관,국회전자도서관,국회도서관 소장자료,"외국의 中央人事行政機關 : 위상과 기능 -미국, 일본, 독일, 영국, 프랑스-",-,1998,1,미부착,제1유형,무,-,"외국의 中央人事行政機關 : 위상과 기능 -미국, 일본, 독일, 영국, 프랑스-",-,어문,문서,-,법률,한국어,-,1905-06-20 00:00:00,-,국회도서관,-,-,-,제1유형,저작물,보호저작물,○,상업적이용가능,○,○,○,○,○,○,○,-,2068,-,-
,787,어문,간행물,국회도서관,국회전자도서관,국회도서관 소장자료,外國人 直接投資 활성화 방안,-,1998,1,미부착,제1유형,무,-,外國人 直接投資 활성화 방안,-,어문,문서,-,법률,한국어,-,1905-06-20 00:00:00,-,국회도서관,-,-,-,제1유형,저작물,보호저작물,○,상업적이용가능,○,○,○,○,○,○,○,-,2068,-,-
,788,어문,간행물,국회도서관,국회전자도서관,국회도서관 소장자료,외국인투자 유치정책의 현황과 과제,-,1998,1,미부착,제1유형,무,-,외국인투자 유치정책의 현황과 과제,-,어문,문서,-,법률,한국어,-,1905-06-20 00:00:00,-,국회도서관,-,-,-,제1유형,저작물,보호저작물,○,상업적이용가능,○,○,○,○,○,○,○,-,2068,-,-
,789,어문,간행물,국회도서관,국회전자도서관,국회도서관 소장자료,우리 경제의 구조적 문제점과 경제정책 방향 : ‘국민의 정부’출범 100일에 즈음하여,-,1998,1,미부착,제1유형,무,-,우리 경제의 구조적 문제점과 경제정책 방향 : ‘국민의 정부’출범 100일에 즈음하여,-,어문,문서,-,법률,한국어,-,1905-06-20 00:00:00,-,국회도서관,-,-,-,제1유형,저작물,보호저작물,○,상업적이용가능,○,○,○,○,○,○,○,-,2068,-,-
,790,어문,간행물,국회도서관,국회전자도서관,국회도서관 소장자료,우리나라 黨費制度의 현황과 외국의 관련사례,-,1998,1,미부착,제1유형,무,-,우리나라 黨費制度의 현황과 외국의 관련사례,-,어문,문서,-,법률,한국어,-,1905-06-20 00:00:00,-,국회도서관,-,-,-,제1유형,저작물,보호저작물,○,상업적이용가능,○,○,○,○,○,○,○,-,2068,-,-
,791,어문,간행물,국회도서관,국회전자도서관,국회도서관 소장자료,유럽방위·안보체제의 변천과 전망,-,1998,1,미부착,제1유형,무,-,유럽방위·안보체제의 변천과 전망,-,어문,문서,-,법률,한국어,-,1905-06-20 00:00:00,-,국회도서관,-,-,-,제1유형,저작물,보호저작물,○,상업적이용가능,○,○,○,○,○,○,○,-,2068,-,-
,792,어문,간행물,국회도서관,국회전자도서관,국회도서관 소장자료,은행 구조조정 관련 정책 동향,-,1998,1,미부착,제1유형,무,-,은행 구조조정 관련 정책 동향,-,어문,문서,-,법률,한국어,-,1905-06-20 00:00:00,-,국회도서관,-,-,-,제1유형,저작물,보호저작물,○,상업적이용가능,○,○,○,○,○,○,○,-,2068,-,-
,793,어문,간행물,국회도서관,국회전자도서관,국회도서관 소장자료,은행의 소유지배구조와 산업자본의 진출,-,1998,1,미부착,제1유형,무,-,은행의 소유지배구조와 산업자본의 진출,-,어문,문서,-,법률,한국어,-,1905-06-20 00:00:00,-,국회도서관,-,-,-,제1유형,저작물,보호저작물,○,상업적이용가능,○,○,○,○,○,○,○,-,2068,-,-
,794,어문,간행물,국회도서관,국회전자도서관,국회도서관 소장자료,醫療保險 統合一元化 논의와 과제,-,1998,1,미부착,제1유형,무,-,醫療保險 統合一元化 논의와 과제,-,어문,문서,-,법률,한국어,-,1905-06-20 00:00:00,-,국회도서관,-,-,-,제1유형,저작물,보호저작물,○,상업적이용가능,○,○,○,○,○,○,○,-,2068,-,-
,795,어문,간행물,국회도서관,국회전자도서관,국회도서관 소장자료,일본 금융시스템의 위기와 메인뱅크시스템,-,1998,1,미부착,제1유형,무,-,일본 금융시스템의 위기와 메인뱅크시스템,-,어문,문서,-,법률,한국어,-,1905-06-20 00:00:00,-,국회도서관,-,-,-,제1유형,저작물,보호저작물,○,상업적이용가능,○,○,○,○,○,○,○,-,2068,-,-
,796,어문,간행물,국회도서관,국회전자도서관,국회도서관 소장자료,일본의 경찰법,-,1998,1,미부착,제1유형,무,-,일본의 경찰법,-,어문,문서,-,법률,한국어,-,1905-06-20 00:00:00,-,국회도서관,-,-,-,제1유형,저작물,보호저작물,○,상업적이용가능,○,○,○,○,○,○,○,-,2068,-,-
,797,어문,간행물,국회도서관,국회전자도서관,국회도서관 소장자료,일본의 새로운 農業基本法 立法化 움직임,-,1998,1,미부착,제1유형,무,-,일본의 새로운 農業基本法 立法化 움직임,-,어문,문서,-,법률,한국어,-,1905-06-20 00:00:00,-,국회도서관,-,-,-,제1유형,저작물,보호저작물,○,상업적이용가능,○,○,○,○,○,○,○,-,2068,-,-
,798,어문,간행물,국회도서관,국회전자도서관,국회도서관 소장자료,일본의 영화와 영화산업,-,1998,1,미부착,제1유형,무,-,일본의 영화와 영화산업,-,어문,문서,-,법률,한국어,-,1905-06-20 00:00:00,-,국회도서관,-,-,-,제1유형,저작물,보호저작물,○,상업적이용가능,○,○,○,○,○,○,○,-,2068,-,-
,799,어문,간행물,국회도서관,국회전자도서관,국회도서관 소장자료,일본의 장기이식에관한법,-,1998,1,미부착,제1유형,무,-,일본의 장기이식에관한법,-,어문,문서,-,법률,한국어,-,1905-06-20 00:00:00,-,국회도서관,-,-,-,제1유형,저작물,보호저작물,○,상업적이용가능,○,○,○,○,○,○,○,-,2068,-,-
,800,어문,간행물,국회도서관,국회전자도서관,국회도서관 소장자료,일본의 재정구조개혁추진법,-,1998,1,미부착,제1유형,무,-,일본의 재정구조개혁추진법,-,어문,문서,-,법률,한국어,-,1905-06-20 00:00:00,-,국회도서관,-,-,-,제1유형,저작물,보호저작물,○,상업적이용가능,○,○,○,○,○,○,○,-,2068,-,-
,801,어문,간행물,국회도서관,국회전자도서관,국회도서관 소장자료,일본의 주변사태법,-,1998,1,미부착,제1유형,무,-,일본의 주변사태법,-,어문,문서,-,법률,한국어,-,1905-06-20 00:00:00,-,국회도서관,-,-,-,제1유형,저작물,보호저작물,○,상업적이용가능,○,○,○,○,○,○,○,-,2068,-,-
,802,어문,간행물,국회도서관,국회전자도서관,국회도서관 소장자료,자전거 이용 제고를 위한 정책방향,-,1998,1,미부착,제1유형,무,-,자전거 이용 제고를 위한 정책방향,-,어문,문서,-,법률,한국어,-,1905-06-20 00:00:00,-,국회도서관,-,-,-,제1유형,저작물,보호저작물,○,상업적이용가능,○,○,○,○,○,○,○,-,2068,-,-
,803,어문,간행물,국회도서관,국회전자도서관,국회도서관 소장자료,주요국 의회의 의원면책특권,-,1998,1,미부착,제1유형,무,-,주요국 의회의 의원면책특권,-,어문,문서,-,법률,한국어,-,1905-06-20 00:00:00,-,국회도서관,-,-,-,제1유형,저작물,보호저작물,○,상업적이용가능,○,○,○,○,○,○,○,-,2068,-,-
,804,어문,간행물,국회도서관,국회전자도서관,국회도서관 소장자료,主要國 豫算擔當機構의 현황 및 특징,-,1998,1,미부착,제1유형,무,-,主要國 豫算擔當機構의 현황 및 특징,-,어문,문서,-,법률,한국어,-,1905-06-20 00:00:00,-,국회도서관,-,-,-,제1유형,저작물,보호저작물,○,상업적이용가능,○,○,○,○,○,○,○,-,2068,-,-
,805,어문,간행물,국회도서관,국회전자도서관,국회도서관 소장자료,中國의 失業과 그 對策,-,1998,1,미부착,제1유형,무,-,中國의 失業과 그 對策,-,어문,문서,-,법률,한국어,-,1905-06-20 00:00:00,-,국회도서관,-,-,-,제1유형,저작물,보호저작물,○,상업적이용가능,○,○,○,○,○,○,○,-,2068,-,-
,806,어문,간행물,국회도서관,국회전자도서관,국회도서관 소장자료,中華人民共和國 醫療法,-,1998,1,미부착,제1유형,무,-,中華人民共和國 醫療法,-,어문,문서,-,법률,한국어,-,1905-06-20 00:00:00,-,국회도서관,-,-,-,제1유형,저작물,보호저작물,○,상업적이용가능,○,○,○,○,○,○,○,-,2068,-,-
,807,어문,간행물,국회도서관,국회전자도서관,국회도서관 소장자료,尖端産業團地 조성 정책의 현황과 향후 전망,-,1998,1,미부착,제1유형,무,-,尖端産業團地 조성 정책의 현황과 향후 전망,-,어문,문서,-,법률,한국어,-,1905-06-20 00:00:00,-,국회도서관,-,-,-,제1유형,저작물,보호저작물,○,상업적이용가능,○,○,○,○,○,○,○,-,2068,-,-
,808,어문,간행물,국회도서관,국회전자도서관,국회도서관 소장자료,최근 정부의 부동산 시장 부양대책의 검토 : 1998년 4월 건설교통부의 「주요업무 추진현황」보고를 중심으로,-,1998,1,미부착,제1유형,무,-,최근 정부의 부동산 시장 부양대책의 검토 : 1998년 4월 건설교통부의 「주요업무 추진현황」보고를 중심으로,-,어문,문서,-,법률,한국어,-,1905-06-20 00:00:00,-,국회도서관,-,-,-,제1유형,저작물,보호저작물,○,상업적이용가능,○,○,○,○,○,○,○,-,2068,-,-
,809,어문,간행물,국회도서관,국회전자도서관,국회도서관 소장자료,캐나다 인권법,-,1998,1,미부착,제1유형,무,-,캐나다 인권법,-,어문,문서,-,법률,한국어,-,1905-06-20 00:00:00,-,국회도서관,-,-,-,제1유형,저작물,보호저작물,○,상업적이용가능,○,○,○,○,○,○,○,-,2068,-,-
,810,어문,간행물,국회도서관,국회전자도서관,국회도서관 소장자료,케이블TV 전송망사업의 현안과 과제,-,1998,1,미부착,제1유형,무,-,케이블TV 전송망사업의 현안과 과제,-,어문,문서,-,법률,한국어,-,1905-06-20 00:00:00,-,국회도서관,-,-,-,제1유형,저작물,보호저작물,○,상업적이용가능,○,○,○,○,○,○,○,-,2068,-,-
,811,어문,간행물,국회도서관,국회전자도서관,국회도서관 소장자료,팔당상수원 수질보호대책의 문제점과 개선방향 : 1993-1997 맑은 물 종합대책의 평가와 향후과제,-,1998,1,미부착,제1유형,무,-,팔당상수원 수질보호대책의 문제점과 개선방향 : 1993-1997 맑은 물 종합대책의 평가와 향후과제,-,어문,문서,-,법률,한국어,-,1905-06-20 00:00:00,-,국회도서관,-,-,-,제1유형,저작물,보호저작물,○,상업적이용가능,○,○,○,○,○,○,○,-,2068,-,-
,812,어문,간행물,국회도서관,국회전자도서관,국회도서관 소장자료,廢棄物 再活用體制 活性化 方案,-,1998,1,미부착,제1유형,무,-,廢棄物 再活用體制 活性化 方案,-,어문,문서,-,법률,한국어,-,1905-06-20 00:00:00,-,국회도서관,-,-,-,제1유형,저작물,보호저작물,○,상업적이용가능,○,○,○,○,○,○,○,-,2068,-,-
,813,어문,간행물,국회도서관,국회전자도서관,국회도서관 소장자료,프랑스 정부의 정책결정 과정,-,1998,1,미부착,제1유형,무,-,프랑스 정부의 정책결정 과정,-,어문,문서,-,법률,한국어,-,1905-06-20 00:00:00,-,국회도서관,-,-,-,제1유형,저작물,보호저작물,○,상업적이용가능,○,○,○,○,○,○,○,-,2068,-,-
,814,어문,간행물,국회도서관,국회전자도서관,국회도서관 소장자료,프랑스의 정치자금과 부패방지법 제정,-,1998,1,미부착,제1유형,무,-,프랑스의 정치자금과 부패방지법 제정,-,어문,문서,-,법률,한국어,-,1905-06-20 00:00:00,-,국회도서관,-,-,-,제1유형,저작물,보호저작물,○,상업적이용가능,○,○,○,○,○,○,○,-,2068,-,-
,815,어문,간행물,국회도서관,국회전자도서관,국회도서관 소장자료,韓·美 犯罪人引渡條約의 槪要 및 意義,-,1998,1,미부착,제1유형,무,-,韓·美 犯罪人引渡條約의 槪要 및 意義,-,어문,문서,-,법률,한국어,-,1905-06-20 00:00:00,-,국회도서관,-,-,-,제1유형,저작물,보호저작물,○,상업적이용가능,○,○,○,○,○,○,○,-,2068,-,-
,816,어문,간행물,국회도서관,국회전자도서관,국회도서관 소장자료,행정기관의 정보공동활용 활성화 방안,-,1998,1,미부착,제1유형,무,-,행정기관의 정보공동활용 활성화 방안,-,어문,문서,-,법률,한국어,-,1905-06-20 00:00:00,-,국회도서관,-,-,-,제1유형,저작물,보호저작물,○,상업적이용가능,○,○,○,○,○,○,○,-,2068,-,-
,817,어문,간행물,국회도서관,국회전자도서관,국회도서관 소장자료,환경호르몬 무엇이 문제인가?,-,1998,1,미부착,제1유형,무,-,환경호르몬 무엇이 문제인가?,-,어문,문서,-,법률,한국어,-,1905-06-20 00:00:00,-,국회도서관,-,-,-,제1유형,저작물,보호저작물,○,상업적이용가능,○,○,○,○,○,○,○,-,2068,-,-
,818,어문,간행물,국회도서관,국회전자도서관,국회도서관 소장자료,('99 정기국회)국정현안분석집,-,1999,1,미부착,제1유형,무,-,('99 정기국회)국정현안분석집,-,어문,문서,-,법률,한국어,-,1905-06-21 00:00:00,-,국회도서관,-,-,-,제1유형,저작물,보호저작물,○,상업적이용가능,○,○,○,○,○,○,○,-,2069,-,-
,819,어문,간행물,국회도서관,국회전자도서관,국회도서관 소장자료,"(정보화근로사업)국회도서관 DB 구축사업 완료보고서. 1999, Ⅰ",-,1999,1,미부착,제1유형,무,-,"(정보화근로사업)국회도서관 DB 구축사업 완료보고서. 1999, Ⅰ",-,어문,문서,-,법률,한국어,-,1905-06-21 00:00:00,-,국회도서관,-,-,-,제1유형,저작물,보호저작물,○,상업적이용가능,○,○,○,○,○,○,○,-,2069,-,-
,820,어문,간행물,국회도서관,국회전자도서관,국회도서관 소장자료,"(정보화근로사업)전자도서관 DB 구축 완료보고서 : 데이터 베이스. 1999, Ⅱ",-,1999,1,미부착,제1유형,무,-,"(정보화근로사업)전자도서관 DB 구축 완료보고서 : 데이터 베이스. 1999, Ⅱ",-,어문,문서,-,법률,한국어,-,1905-06-21 00:00:00,-,국회도서관,-,-,-,제1유형,저작물,보호저작물,○,상업적이용가능,○,○,○,○,○,○,○,-,2069,-,-
,821,어문,간행물,국회도서관,국회전자도서관,국회도서관 소장자료,「유로」시대를 위한 EU의 준비과정,-,1999,1,미부착,제1유형,무,-,「유로」시대를 위한 EU의 준비과정,-,어문,문서,-,법률,한국어,-,1905-06-21 00:00:00,-,국회도서관,-,-,-,제1유형,저작물,보호저작물,○,상업적이용가능,○,○,○,○,○,○,○,-,2069,-,-
,822,어문,간행물,국회도서관,국회전자도서관,국회도서관 소장자료,「재외동포의출입국과법적지위에관한법률안」의 입법방향,-,1999,1,미부착,제1유형,무,-,「재외동포의출입국과법적지위에관한법률안」의 입법방향,-,어문,문서,-,법률,한국어,-,1905-06-21 00:00:00,-,국회도서관,-,-,-,제1유형,저작물,보호저작물,○,상업적이용가능,○,○,○,○,○,○,○,-,2069,-,-
,823,어문,간행물,국회도서관,국회전자도서관,국회도서관 소장자료,NGO와 인권 : 정의와 민주주의의 원천,-,1999,1,미부착,제1유형,무,-,NGO와 인권 : 정의와 민주주의의 원천,-,어문,문서,-,법률,한국어,-,1905-06-21 00:00:00,-,국회도서관,-,-,-,제1유형,저작물,보호저작물,○,상업적이용가능,○,○,○,○,○,○,○,-,2069,-,-
,824,어문,간행물,국회도서관,국회전자도서관,국회도서관 소장자료,국민건강보험법 개정안의 쟁점과 과제,-,1999,1,미부착,제1유형,무,-,국민건강보험법 개정안의 쟁점과 과제,-,어문,문서,-,법률,한국어,-,1905-06-21 00:00:00,-,국회도서관,-,-,-,제1유형,저작물,보호저작물,○,상업적이용가능,○,○,○,○,○,○,○,-,2069,-,-
,825,어문,간행물,국회도서관,국회전자도서관,국회도서관 소장자료,국제 정보 심포지엄 1999,-,1999,1,미부착,제1유형,무,-,국제 정보 심포지엄 1999,-,어문,문서,-,법률,한국어,-,1905-06-21 00:00:00,-,국회도서관,-,-,-,제1유형,저작물,보호저작물,○,상업적이용가능,○,○,○,○,○,○,○,-,2069,-,-
,826,어문,간행물,국회도서관,국회전자도서관,국회도서관 소장자료,국회도서관 연간보고서. 1998,-,1999,1,미부착,제1유형,무,-,국회도서관 연간보고서. 1998,-,어문,문서,-,법률,한국어,-,1905-06-21 00:00:00,-,국회도서관,-,-,-,제1유형,저작물,보호저작물,○,상업적이용가능,○,○,○,○,○,○,○,-,2069,-,-
,827,어문,간행물,국회도서관,국회전자도서관,국회도서관 소장자료,국회운영위원회 서면답변서,-,1999,1,미부착,제1유형,무,-,국회운영위원회 서면답변서,-,어문,문서,-,법률,한국어,-,1905-06-21 00:00:00,-,국회도서관,-,-,-,제1유형,저작물,보호저작물,○,상업적이용가능,○,○,○,○,○,○,○,-,2069,-,-
,828,어문,간행물,국회도서관,국회전자도서관,국회도서관 소장자료,국회운영위원회 요구자료. 2,-,1999,1,미부착,제1유형,무,-,국회운영위원회 요구자료. 2,-,어문,문서,-,법률,한국어,-,1905-06-21 00:00:00,-,국회도서관,-,-,-,제1유형,저작물,보호저작물,○,상업적이용가능,○,○,○,○,○,○,○,-,2069,-,-
,829,어문,간행물,국회도서관,국회전자도서관,국회도서관 소장자료,근로시간 단축 : 쟁점과 외국의 사례,-,1999,1,미부착,제1유형,무,-,근로시간 단축 : 쟁점과 외국의 사례,-,어문,문서,-,법률,한국어,-,1905-06-21 00:00:00,-,국회도서관,-,-,-,제1유형,저작물,보호저작물,○,상업적이용가능,○,○,○,○,○,○,○,-,2069,-,-
,830,어문,간행물,국회도서관,국회전자도서관,국회도서관 소장자료,금융산업 구조조정의 평가와 과제,-,1999,1,미부착,제1유형,무,-,금융산업 구조조정의 평가와 과제,-,어문,문서,-,법률,한국어,-,1905-06-21 00:00:00,-,국회도서관,-,-,-,제1유형,저작물,보호저작물,○,상업적이용가능,○,○,○,○,○,○,○,-,2069,-,-
,831,어문,간행물,국회도서관,국회전자도서관,국회도서관 소장자료,노동조합 전임자 급여지급 문제 : 쟁점과 대책,-,1999,1,미부착,제1유형,무,-,노동조합 전임자 급여지급 문제 : 쟁점과 대책,-,어문,문서,-,법률,한국어,-,1905-06-21 00:00:00,-,국회도서관,-,-,-,제1유형,저작물,보호저작물,○,상업적이용가능,○,○,○,○,○,○,○,-,2069,-,-
,832,어문,간행물,국회도서관,국회전자도서관,국회도서관 소장자료,臺灣의 勞動市場과 失業 現況,-,1999,1,미부착,제1유형,무,-,臺灣의 勞動市場과 失業 現況,-,어문,문서,-,법률,한국어,-,1905-06-21 00:00:00,-,국회도서관,-,-,-,제1유형,저작물,보호저작물,○,상업적이용가능,○,○,○,○,○,○,○,-,2069,-,-
,833,어문,간행물,국회도서관,국회전자도서관,국회도서관 소장자료,독일 연방의회「국방옴부즈만」,-,1999,1,미부착,제1유형,무,-,독일 연방의회「국방옴부즈만」,-,어문,문서,-,법률,한국어,-,1905-06-21 00:00:00,-,국회도서관,-,-,-,제1유형,저작물,보호저작물,○,상업적이용가능,○,○,○,○,○,○,○,-,2069,-,-
,834,어문,간행물,국회도서관,국회전자도서관,국회도서관 소장자료,러시아연방 외국인투자법,-,1999,1,미부착,제1유형,무,-,러시아연방 외국인투자법,-,어문,문서,-,법률,한국어,-,1905-06-21 00:00:00,-,국회도서관,-,-,-,제1유형,저작물,보호저작물,○,상업적이용가능,○,○,○,○,○,○,○,-,2069,-,-
,835,어문,간행물,국회도서관,국회전자도서관,국회도서관 소장자료,러시아의 한반도 정책 基調,-,1999,1,미부착,제1유형,무,-,러시아의 한반도 정책 基調,-,어문,문서,-,법률,한국어,-,1905-06-21 00:00:00,-,국회도서관,-,-,-,제1유형,저작물,보호저작물,○,상업적이용가능,○,○,○,○,○,○,○,-,2069,-,-
,836,어문,간행물,국회도서관,국회전자도서관,국회도서관 소장자료,미국의 Y2K대응정보공개법,-,1999,1,미부착,제1유형,무,-,미국의 Y2K대응정보공개법,-,어문,문서,-,법률,한국어,-,1905-06-21 00:00:00,-,국회도서관,-,-,-,제1유형,저작물,보호저작물,○,상업적이용가능,○,○,○,○,○,○,○,-,2069,-,-
,837,어문,간행물,국회도서관,국회전자도서관,국회도서관 소장자료,美國의 국가정보통신기반 구축사업과 정부의 역할,-,1999,1,미부착,제1유형,무,-,美國의 국가정보통신기반 구축사업과 정부의 역할,-,어문,문서,-,법률,한국어,-,1905-06-21 00:00:00,-,국회도서관,-,-,-,제1유형,저작물,보호저작물,○,상업적이용가능,○,○,○,○,○,○,○,-,2069,-,-
,838,어문,간행물,국회도서관,국회전자도서관,국회도서관 소장자료,업무현황,-,1999,1,미부착,제1유형,무,-,업무현황,-,어문,문서,-,법률,한국어,-,1905-06-21 00:00:00,-,국회도서관,-,-,-,제1유형,저작물,보호저작물,○,상업적이용가능,○,○,○,○,○,○,○,-,2069,-,-
,839,어문,간행물,국회도서관,국회전자도서관,국회도서관 소장자료,우리말 정책의 현황과 과제,-,1999,1,미부착,제1유형,무,-,우리말 정책의 현황과 과제,-,어문,문서,-,법률,한국어,-,1905-06-21 00:00:00,-,국회도서관,-,-,-,제1유형,저작물,보호저작물,○,상업적이용가능,○,○,○,○,○,○,○,-,2069,-,-
,840,어문,간행물,국회도서관,국회전자도서관,국회도서관 소장자료,유럽공동방위체제 구축과 프랑스의 입장,-,1999,1,미부착,제1유형,무,-,유럽공동방위체제 구축과 프랑스의 입장,-,어문,문서,-,법률,한국어,-,1905-06-21 00:00:00,-,국회도서관,-,-,-,제1유형,저작물,보호저작물,○,상업적이용가능,○,○,○,○,○,○,○,-,2069,-,-
,841,어문,간행물,국회도서관,국회전자도서관,국회도서관 소장자료,인도네시아10.20대선과 향후 전망,-,1999,1,미부착,제1유형,무,-,인도네시아10.20대선과 향후 전망,-,어문,문서,-,법률,한국어,-,1905-06-21 00:00:00,-,국회도서관,-,-,-,제1유형,저작물,보호저작물,○,상업적이용가능,○,○,○,○,○,○,○,-,2069,-,-
,842,어문,간행물,국회도서관,국회전자도서관,국회도서관 소장자료,일본 의회의 위원회 제도 및 운영의 문제점. Ⅰ,-,1999,1,미부착,제1유형,무,-,일본 의회의 위원회 제도 및 운영의 문제점. Ⅰ,-,어문,문서,-,법률,한국어,-,1905-06-21 00:00:00,-,국회도서관,-,-,-,제1유형,저작물,보호저작물,○,상업적이용가능,○,○,○,○,○,○,○,-,2069,-,-
,843,어문,간행물,국회도서관,국회전자도서관,국회도서관 소장자료,일본 의회의 위원회 제도 및 운영의 문제점. Ⅱ,-,1999,1,미부착,제1유형,무,-,일본 의회의 위원회 제도 및 운영의 문제점. Ⅱ,-,어문,문서,-,법률,한국어,-,1905-06-21 00:00:00,-,국회도서관,-,-,-,제1유형,저작물,보호저작물,○,상업적이용가능,○,○,○,○,○,○,○,-,2069,-,-
,844,어문,간행물,국회도서관,국회전자도서관,국회도서관 소장자료,일본의 다이옥신류대책특별조치법,-,1999,1,미부착,제1유형,무,-,일본의 다이옥신류대책특별조치법,-,어문,문서,-,법률,한국어,-,1905-06-21 00:00:00,-,국회도서관,-,-,-,제1유형,저작물,보호저작물,○,상업적이용가능,○,○,○,○,○,○,○,-,2069,-,-
,845,어문,간행물,국회도서관,국회전자도서관,국회도서관 소장자료,일본의 쌀 관세화로의 정책 전환,-,1999,1,미부착,제1유형,무,-,일본의 쌀 관세화로의 정책 전환,-,어문,문서,-,법률,한국어,-,1905-06-21 00:00:00,-,국회도서관,-,-,-,제1유형,저작물,보호저작물,○,상업적이용가능,○,○,○,○,○,○,○,-,2069,-,-
,846,어문,간행물,국회도서관,국회전자도서관,국회도서관 소장자료,재벌의 금융지배,-,1999,1,미부착,제1유형,무,-,재벌의 금융지배,-,어문,문서,-,법률,한국어,-,1905-06-21 00:00:00,-,국회도서관,-,-,-,제1유형,저작물,보호저작물,○,상업적이용가능,○,○,○,○,○,○,○,-,2069,-,-
,847,어문,간행물,국회도서관,국회전자도서관,국회도서관 소장자료,정보통신과 건강정책의 접목 : 영국의 'NHS Direct'와 시사점,-,1999,1,미부착,제1유형,무,-,정보통신과 건강정책의 접목 : 영국의 'NHS Direct'와 시사점,-,어문,문서,-,법률,한국어,-,1905-06-21 00:00:00,-,국회도서관,-,-,-,제1유형,저작물,보호저작물,○,상업적이용가능,○,○,○,○,○,○,○,-,2069,-,-
,848,어문,간행물,국회도서관,국회전자도서관,국회도서관 소장자료,조세특레제한법의 개정과 추가경정예산,-,1999,1,미부착,제1유형,무,-,조세특레제한법의 개정과 추가경정예산,-,어문,문서,-,법률,한국어,-,1905-06-21 00:00:00,-,국회도서관,-,-,-,제1유형,저작물,보호저작물,○,상업적이용가능,○,○,○,○,○,○,○,-,2069,-,-
,849,어문,간행물,국회도서관,국회전자도서관,국회도서관 소장자료,주요 외국의 감청관련법 비교,-,1999,1,미부착,제1유형,무,-,주요 외국의 감청관련법 비교,-,어문,문서,-,법률,한국어,-,1905-06-21 00:00:00,-,국회도서관,-,-,-,제1유형,저작물,보호저작물,○,상업적이용가능,○,○,○,○,○,○,○,-,2069,-,-
,850,어문,간행물,국회도서관,국회전자도서관,국회도서관 소장자료,준농림지역의 효율적인 관리 방안,-,1999,1,미부착,제1유형,무,-,준농림지역의 효율적인 관리 방안,-,어문,문서,-,법률,한국어,-,1905-06-21 00:00:00,-,국회도서관,-,-,-,제1유형,저작물,보호저작물,○,상업적이용가능,○,○,○,○,○,○,○,-,2069,-,-
,851,어문,간행물,국회도서관,국회전자도서관,국회도서관 소장자료,중국의 WTO가입과 우리의 과제,-,1999,1,미부착,제1유형,무,-,중국의 WTO가입과 우리의 과제,-,어문,문서,-,법률,한국어,-,1905-06-21 00:00:00,-,국회도서관,-,-,-,제1유형,저작물,보호저작물,○,상업적이용가능,○,○,○,○,○,○,○,-,2069,-,-
,852,어문,간행물,국회도서관,국회전자도서관,국회도서관 소장자료,中華人民共和國 契約法I,-,1999,1,미부착,제1유형,무,-,中華人民共和國 契約法I,-,어문,문서,-,법률,한국어,-,1905-06-21 00:00:00,-,국회도서관,-,-,-,제1유형,저작물,보호저작물,○,상업적이용가능,○,○,○,○,○,○,○,-,2069,-,-
,853,어문,간행물,국회도서관,국회전자도서관,국회도서관 소장자료,中華人民共和國 契約法II,-,1999,1,미부착,제1유형,무,-,中華人民共和國 契約法II,-,어문,문서,-,법률,한국어,-,1905-06-21 00:00:00,-,국회도서관,-,-,-,제1유형,저작물,보호저작물,○,상업적이용가능,○,○,○,○,○,○,○,-,2069,-,-
,854,어문,간행물,국회도서관,국회전자도서관,국회도서관 소장자료,중화인민공화국 헌법,-,1999,1,미부착,제1유형,무,-,중화인민공화국 헌법,-,어문,문서,-,법률,한국어,-,1905-06-21 00:00:00,-,국회도서관,-,-,-,제1유형,저작물,보호저작물,○,상업적이용가능,○,○,○,○,○,○,○,-,2069,-,-
,855,어문,간행물,국회도서관,국회전자도서관,국회도서관 소장자료,지능형 교통시스템 기술개발의 추진방향,-,1999,1,미부착,제1유형,무,-,지능형 교통시스템 기술개발의 추진방향,-,어문,문서,-,법률,한국어,-,1905-06-21 00:00:00,-,국회도서관,-,-,-,제1유형,저작물,보호저작물,○,상업적이용가능,○,○,○,○,○,○,○,-,2069,-,-
,856,어문,간행물,국회도서관,국회전자도서관,국회도서관 소장자료,최근의 경제상황 변화와 우리 경제의 안정성 강화를 위한 정책 제안,-,1999,1,미부착,제1유형,무,-,최근의 경제상황 변화와 우리 경제의 안정성 강화를 위한 정책 제안,-,어문,문서,-,법률,한국어,-,1905-06-21 00:00:00,-,국회도서관,-,-,-,제1유형,저작물,보호저작물,○,상업적이용가능,○,○,○,○,○,○,○,-,2069,-,-
,857,어문,간행물,국회도서관,국회전자도서관,국회도서관 소장자료,프랑스 의회의 입법활동 : 위원회와 교섭단체를 중심으로,-,1999,1,미부착,제1유형,무,-,프랑스 의회의 입법활동 : 위원회와 교섭단체를 중심으로,-,어문,문서,-,법률,한국어,-,1905-06-21 00:00:00,-,국회도서관,-,-,-,제1유형,저작물,보호저작물,○,상업적이용가능,○,○,○,○,○,○,○,-,2069,-,-
,858,어문,간행물,국회도서관,국회전자도서관,국회도서관 소장자료,한반도 냉전구조 해체,-,1999,1,미부착,제1유형,무,-,한반도 냉전구조 해체,-,어문,문서,-,법률,한국어,-,1905-06-21 00:00:00,-,국회도서관,-,-,-,제1유형,저작물,보호저작물,○,상업적이용가능,○,○,○,○,○,○,○,-,2069,-,-
,859,어문,간행물,국회도서관,국회전자도서관,국회도서관 소장자료,한반도 안보와 러시아의 對남북한 협력문제,-,1999,1,미부착,제1유형,무,-,한반도 안보와 러시아의 對남북한 협력문제,-,어문,문서,-,법률,한국어,-,1905-06-21 00:00:00,-,국회도서관,-,-,-,제1유형,저작물,보호저작물,○,상업적이용가능,○,○,○,○,○,○,○,-,2069,-,-
,860,어문,간행물,국회도서관,국회전자도서관,국회도서관 소장자료,현행'개발제한구역 제도 개선 방안'의 문제점과 대책,-,1999,1,미부착,제1유형,무,-,현행'개발제한구역 제도 개선 방안'의 문제점과 대책,-,어문,문서,-,법률,한국어,-,1905-06-21 00:00:00,-,국회도서관,-,-,-,제1유형,저작물,보호저작물,○,상업적이용가능,○,○,○,○,○,○,○,-,2069,-,-
,861,어문,간행물,국회도서관,국회전자도서관,국회도서관 소장자료,「러시아연방 대외정책개념」(新 외교 독트린),-,2000,1,미부착,제1유형,무,-,「러시아연방 대외정책개념」(新 외교 독트린),-,어문,문서,-,법률,한국어,-,1905-06-22 00:00:00,-,국회도서관,-,-,-,제1유형,저작물,보호저작물,○,상업적이용가능,○,○,○,○,○,○,○,-,2070,-,-
,862,어문,간행물,국회도서관,국회전자도서관,국회도서관 소장자료,국회도서관 연간보고서. 1999,-,2000,1,미부착,제1유형,유,-,국회도서관 연간보고서. 1999,-,어문,문서,-,법률,한국어,-,1905-06-22 00:00:00,-,국회도서관,-,-,-,제1유형,저작물,보호저작물,○,상업적이용가능,○,○,○,○,○,○,○,-,2070,-,-
,863,어문,간행물,국회도서관,국회전자도서관,국회도서관 소장자료,國會圖書館關係法規選集. 2000,-,2000,1,미부착,제1유형,무,-,國會圖書館關係法規選集. 2000,-,어문,문서,-,법률,한국어,-,1905-06-22 00:00:00,-,국회도서관,-,-,-,제1유형,저작물,보호저작물,○,상업적이용가능,○,○,○,○,○,○,○,-,2070,-,-
,864,어문,간행물,국회도서관,국회전자도서관,국회도서관 소장자료,국회운영위원회요구자료,-,2000,1,미부착,제1유형,무,-,국회운영위원회요구자료,-,어문,문서,-,법률,한국어,-,1905-06-22 00:00:00,-,국회도서관,-,-,-,제1유형,저작물,보호저작물,○,상업적이용가능,○,○,○,○,○,○,○,-,2070,-,-
,865,어문,간행물,국회도서관,국회전자도서관,국회도서관 소장자료,"대만의 《근로기준법》(개정, 2000.6)",-,2000,1,미부착,제1유형,무,-,"대만의 《근로기준법》(개정, 2000.6)",-,어문,문서,-,법률,한국어,-,1905-06-22 00:00:00,-,국회도서관,-,-,-,제1유형,저작물,보호저작물,○,상업적이용가능,○,○,○,○,○,○,○,-,2070,-,-
,866,어문,간행물,국회도서관,국회전자도서관,국회도서관 소장자료,臺灣의 口蹄疫關聯 撲滅法과 感染養豚場 畜産再開 申請條件,-,2000,1,미부착,제1유형,무,-,臺灣의 口蹄疫關聯 撲滅法과 感染養豚場 畜産再開 申請條件,-,어문,문서,-,법률,한국어,-,1905-06-22 00:00:00,-,국회도서관,-,-,-,제1유형,저작물,보호저작물,○,상업적이용가능,○,○,○,○,○,○,○,-,2070,-,-
,867,어문,간행물,국회도서관,국회전자도서관,국회도서관 소장자료,臺灣의 動物傳染病 豫防과治療條例,-,2000,1,미부착,제1유형,무,-,臺灣의 動物傳染病 豫防과治療條例,-,어문,문서,-,법률,한국어,-,1905-06-22 00:00:00,-,국회도서관,-,-,-,제1유형,저작물,보호저작물,○,상업적이용가능,○,○,○,○,○,○,○,-,2070,-,-
,868,어문,간행물,국회도서관,국회전자도서관,국회도서관 소장자료,대만의 법정근로시간 단축과 쟁점사항,-,2000,1,미부착,제1유형,무,-,대만의 법정근로시간 단축과 쟁점사항,-,어문,문서,-,법률,한국어,-,1905-06-22 00:00:00,-,국회도서관,-,-,-,제1유형,저작물,보호저작물,○,상업적이용가능,○,○,○,○,○,○,○,-,2070,-,-
,869,어문,간행물,국회도서관,국회전자도서관,국회도서관 소장자료,臺灣의動物및動物生産品輸入檢疫條件,-,2000,1,미부착,제1유형,무,-,臺灣의動物및動物生産品輸入檢疫條件,-,어문,문서,-,법률,한국어,-,1905-06-22 00:00:00,-,국회도서관,-,-,-,제1유형,저작물,보호저작물,○,상업적이용가능,○,○,○,○,○,○,○,-,2070,-,-
,870,어문,간행물,국회도서관,국회전자도서관,국회도서관 소장자료,臺灣의動物傳染病豫防과治療條例施行細則,-,2000,1,미부착,제1유형,무,-,臺灣의動物傳染病豫防과治療條例施行細則,-,어문,문서,-,법률,한국어,-,1905-06-22 00:00:00,-,국회도서관,-,-,-,제1유형,저작물,보호저작물,○,상업적이용가능,○,○,○,○,○,○,○,-,2070,-,-
,871,어문,간행물,국회도서관,국회전자도서관,국회도서관 소장자료,臺灣政府의 口蹄疫 防疫對策,-,2000,1,미부착,제1유형,무,-,臺灣政府의 口蹄疫 防疫對策,-,어문,문서,-,법률,한국어,-,1905-06-22 00:00:00,-,국회도서관,-,-,-,제1유형,저작물,보호저작물,○,상업적이용가능,○,○,○,○,○,○,○,-,2070,-,-
,872,어문,간행물,국회도서관,국회전자도서관,국회도서관 소장자료,러시아 제3대 국가 두마(下院)선거 : 결과 분석 및 향후 政局의 전망,-,2000,1,미부착,제1유형,무,-,러시아 제3대 국가 두마(下院)선거 : 결과 분석 및 향후 政局의 전망,-,어문,문서,-,법률,한국어,-,1905-06-22 00:00:00,-,국회도서관,-,-,-,제1유형,저작물,보호저작물,○,상업적이용가능,○,○,○,○,○,○,○,-,2070,-,-
,873,어문,간행물,국회도서관,국회전자도서관,국회도서관 소장자료,"러시아연방 국가 두마(하원)법. Ⅱ, 국가 두마 議事總則",-,2000,1,미부착,제1유형,무,-,"러시아연방 국가 두마(하원)법. Ⅱ, 국가 두마 議事總則",-,어문,문서,-,법률,한국어,-,1905-06-22 00:00:00,-,국회도서관,-,-,-,제1유형,저작물,보호저작물,○,상업적이용가능,○,○,○,○,○,○,○,-,2070,-,-
,874,어문,간행물,국회도서관,국회전자도서관,국회도서관 소장자료,러시아연방 聯邦會議(上院)구성 절차에 관한 법,-,2000,1,미부착,제1유형,무,-,러시아연방 聯邦會議(上院)구성 절차에 관한 법,-,어문,문서,-,법률,한국어,-,1905-06-22 00:00:00,-,국회도서관,-,-,-,제1유형,저작물,보호저작물,○,상업적이용가능,○,○,○,○,○,○,○,-,2070,-,-
,875,어문,간행물,국회도서관,국회전자도서관,국회도서관 소장자료,러시아연방 토착 소수민족의 권리보장법,-,2000,1,미부착,제1유형,무,-,러시아연방 토착 소수민족의 권리보장법,-,어문,문서,-,법률,한국어,-,1905-06-22 00:00:00,-,국회도서관,-,-,-,제1유형,저작물,보호저작물,○,상업적이용가능,○,○,○,○,○,○,○,-,2070,-,-
,876,어문,간행물,국회도서관,국회전자도서관,국회도서관 소장자료,미 연방정부의「종이없는정부문서업무법」시행지침,-,2000,1,미부착,제1유형,무,-,미 연방정부의「종이없는정부문서업무법」시행지침,-,어문,문서,-,법률,한국어,-,1905-06-22 00:00:00,-,국회도서관,-,-,-,제1유형,저작물,보호저작물,○,상업적이용가능,○,○,○,○,○,○,○,-,2070,-,-
,877,어문,간행물,국회도서관,국회전자도서관,국회도서관 소장자료,미국 정부의 정보화 불평등 개선책,-,2000,1,미부착,제1유형,무,-,미국 정부의 정보화 불평등 개선책,-,어문,문서,-,법률,한국어,-,1905-06-22 00:00:00,-,국회도서관,-,-,-,제1유형,저작물,보호저작물,○,상업적이용가능,○,○,○,○,○,○,○,-,2070,-,-
,878,어문,간행물,국회도서관,국회전자도서관,국회도서관 소장자료,미국-EU 세이프하버 개관,-,2000,1,미부착,제1유형,무,-,미국-EU 세이프하버 개관,-,어문,문서,-,법률,한국어,-,1905-06-22 00:00:00,-,국회도서관,-,-,-,제1유형,저작물,보호저작물,○,상업적이용가능,○,○,○,○,○,○,○,-,2070,-,-
,879,어문,간행물,국회도서관,국회전자도서관,국회도서관 소장자료,미국의 아동온라인프라이버시보호법,-,2000,1,미부착,제1유형,무,-,미국의 아동온라인프라이버시보호법,-,어문,문서,-,법률,한국어,-,1905-06-22 00:00:00,-,국회도서관,-,-,-,제1유형,저작물,보호저작물,○,상업적이용가능,○,○,○,○,○,○,○,-,2070,-,-
,880,어문,간행물,국회도서관,국회전자도서관,국회도서관 소장자료,미국의 인터넷상거래과세면제법,-,2000,1,미부착,제1유형,무,-,미국의 인터넷상거래과세면제법,-,어문,문서,-,법률,한국어,-,1905-06-22 00:00:00,-,국회도서관,-,-,-,제1유형,저작물,보호저작물,○,상업적이용가능,○,○,○,○,○,○,○,-,2070,-,-
,881,어문,간행물,국회도서관,국회전자도서관,국회도서관 소장자료,미국의 전자서명법,-,2000,1,미부착,제1유형,무,-,미국의 전자서명법,-,어문,문서,-,법률,한국어,-,1905-06-22 00:00:00,-,국회도서관,-,-,-,제1유형,저작물,보호저작물,○,상업적이용가능,○,○,○,○,○,○,○,-,2070,-,-
,882,어문,간행물,국회도서관,국회전자도서관,국회도서관 소장자료,미국의 종이없는정부문서업무법,-,2000,1,미부착,제1유형,무,-,미국의 종이없는정부문서업무법,-,어문,문서,-,법률,한국어,-,1905-06-22 00:00:00,-,국회도서관,-,-,-,제1유형,저작물,보호저작물,○,상업적이용가능,○,○,○,○,○,○,○,-,2070,-,-
,883,어문,간행물,국회도서관,국회전자도서관,국회도서관 소장자료,세계화 시대의 산업정책,-,2000,1,미부착,제1유형,무,-,세계화 시대의 산업정책,-,어문,문서,-,법률,한국어,-,1905-06-22 00:00:00,-,국회도서관,-,-,-,제1유형,저작물,보호저작물,○,상업적이용가능,○,○,○,○,○,○,○,-,2070,-,-
,884,어문,간행물,국회도서관,국회전자도서관,국회도서관 소장자료,聯邦區 관할 대통령 全權代表에관한 러시아연방 대통령령,-,2000,1,미부착,제1유형,무,-,聯邦區 관할 대통령 全權代表에관한 러시아연방 대통령령,-,어문,문서,-,법률,한국어,-,1905-06-22 00:00:00,-,국회도서관,-,-,-,제1유형,저작물,보호저작물,○,상업적이용가능,○,○,○,○,○,○,○,-,2070,-,-
,885,어문,간행물,국회도서관,국회전자도서관,국회도서관 소장자료,聯邦區 관할 대통령 全權代表의 권한강화에 관한 러시아연방 內閣令,-,2000,1,미부착,제1유형,무,-,聯邦區 관할 대통령 全權代表의 권한강화에 관한 러시아연방 內閣令,-,어문,문서,-,법률,한국어,-,1905-06-22 00:00:00,-,국회도서관,-,-,-,제1유형,저작물,보호저작물,○,상업적이용가능,○,○,○,○,○,○,○,-,2070,-,-
,886,어문,간행물,국회도서관,국회전자도서관,국회도서관 소장자료,영국의 전자정부 : 정보화시대의 공공서비스 전략,-,2000,1,미부착,제1유형,무,-,영국의 전자정부 : 정보화시대의 공공서비스 전략,-,어문,문서,-,법률,한국어,-,1905-06-22 00:00:00,-,국회도서관,-,-,-,제1유형,저작물,보호저작물,○,상업적이용가능,○,○,○,○,○,○,○,-,2070,-,-
,887,어문,간행물,국회도서관,국회전자도서관,국회도서관 소장자료,일본의 IT기본법 : 高度情報通信네트워크社會形成基本法,-,2000,1,미부착,제1유형,무,-,일본의 IT기본법 : 高度情報通信네트워크社會形成基本法,-,어문,문서,-,법률,한국어,-,1905-06-22 00:00:00,-,국회도서관,-,-,-,제1유형,저작물,보호저작물,○,상업적이용가능,○,○,○,○,○,○,○,-,2070,-,-
,888,어문,간행물,국회도서관,국회전자도서관,국회도서관 소장자료,일본의 가축전염병예방법,-,2000,1,미부착,제1유형,무,-,일본의 가축전염병예방법,-,어문,문서,-,법률,한국어,-,1905-06-22 00:00:00,-,국회도서관,-,-,-,제1유형,저작물,보호저작물,○,상업적이용가능,○,○,○,○,○,○,○,-,2070,-,-
,889,어문,간행물,국회도서관,국회전자도서관,국회도서관 소장자료,일본의 감염증의병원체를매개할우려가있는동물의수입에관한규칙,-,2000,1,미부착,제1유형,무,-,일본의 감염증의병원체를매개할우려가있는동물의수입에관한규칙,-,어문,문서,-,법률,한국어,-,1905-06-22 00:00:00,-,국회도서관,-,-,-,제1유형,저작물,보호저작물,○,상업적이용가능,○,○,○,○,○,○,○,-,2070,-,-
,890,어문,간행물,국회도서관,국회전자도서관,국회도서관 소장자료,일본의 검역법,-,2000,1,미부착,제1유형,무,-,일본의 검역법,-,어문,문서,-,법률,한국어,-,1905-06-22 00:00:00,-,국회도서관,-,-,-,제1유형,저작물,보호저작물,○,상업적이용가능,○,○,○,○,○,○,○,-,2070,-,-
,891,어문,간행물,국회도서관,국회전자도서관,국회도서관 소장자료,일본의 국제긴급원조대파견에관한법률,-,2000,1,미부착,제1유형,무,-,일본의 국제긴급원조대파견에관한법률,-,어문,문서,-,법률,한국어,-,1905-06-22 00:00:00,-,국회도서관,-,-,-,제1유형,저작물,보호저작물,○,상업적이용가능,○,○,○,○,○,○,○,-,2070,-,-
,892,어문,간행물,국회도서관,국회전자도서관,국회도서관 소장자료,일본의 도축장법,-,2000,1,미부착,제1유형,무,-,일본의 도축장법,-,어문,문서,-,법률,한국어,-,1905-06-22 00:00:00,-,국회도서관,-,-,-,제1유형,저작물,보호저작물,○,상업적이용가능,○,○,○,○,○,○,○,-,2070,-,-
,893,어문,간행물,국회도서관,국회전자도서관,국회도서관 소장자료,일본의 사료의안전성확보및품질개선에관한법률,-,2000,1,미부착,제1유형,무,-,일본의 사료의안전성확보및품질개선에관한법률,-,어문,문서,-,법률,한국어,-,1905-06-22 00:00:00,-,국회도서관,-,-,-,제1유형,저작물,보호저작물,○,상업적이용가능,○,○,○,○,○,○,○,-,2070,-,-
,894,어문,간행물,국회도서관,국회전자도서관,국회도서관 소장자료,일본의 의원입법과 議院法制局,-,2000,1,미부착,제1유형,무,-,일본의 의원입법과 議院法制局,-,어문,문서,-,법률,한국어,-,1905-06-22 00:00:00,-,국회도서관,-,-,-,제1유형,저작물,보호저작물,○,상업적이용가능,○,○,○,○,○,○,○,-,2070,-,-
,895,어문,간행물,국회도서관,국회전자도서관,국회도서관 소장자료,일본의 재해대책기본법,-,2000,1,미부착,제1유형,무,-,일본의 재해대책기본법,-,어문,문서,-,법률,한국어,-,1905-06-22 00:00:00,-,국회도서관,-,-,-,제1유형,저작물,보호저작물,○,상업적이용가능,○,○,○,○,○,○,○,-,2070,-,-
,896,어문,간행물,국회도서관,국회전자도서관,국회도서관 소장자료,일본의 중앙부처개혁기본법,-,2000,1,미부착,제1유형,무,-,일본의 중앙부처개혁기본법,-,어문,문서,-,법률,한국어,-,1905-06-22 00:00:00,-,국회도서관,-,-,-,제1유형,저작물,보호저작물,○,상업적이용가능,○,○,○,○,○,○,○,-,2070,-,-
,897,어문,간행물,국회도서관,국회전자도서관,국회도서관 소장자료,일본의 化製場등에관한법률,-,2000,1,미부착,제1유형,무,-,일본의 化製場등에관한법률,-,어문,문서,-,법률,한국어,-,1905-06-22 00:00:00,-,국회도서관,-,-,-,제1유형,저작물,보호저작물,○,상업적이용가능,○,○,○,○,○,○,○,-,2070,-,-
,898,어문,간행물,국회도서관,국회전자도서관,국회도서관 소장자료,전자상거래환경에서의 소비자보호를 위한 OECD 가이드라인,-,2000,1,미부착,제1유형,무,-,전자상거래환경에서의 소비자보호를 위한 OECD 가이드라인,-,어문,문서,-,법률,한국어,-,1905-06-22 00:00:00,-,국회도서관,-,-,-,제1유형,저작물,보호저작물,○,상업적이용가능,○,○,○,○,○,○,○,-,2070,-,-
,899,어문,간행물,국회도서관,국회전자도서관,국회도서관 소장자료,中國의 電算情報系統 國際連結網의 秘密保護規程 : 인터넷上國家機密 漏泄防止를 爲한 規程,-,2000,1,미부착,제1유형,무,-,中國의 電算情報系統 國際連結網의 秘密保護規程 : 인터넷上國家機密 漏泄防止를 爲한 規程,-,어문,문서,-,법률,한국어,-,1905-06-22 00:00:00,-,국회도서관,-,-,-,제1유형,저작물,보호저작물,○,상업적이용가능,○,○,○,○,○,○,○,-,2070,-,-
,900,어문,간행물,국회도서관,국회전자도서관,국회도서관 소장자료,中華人民共和國 農藥管理條例,-,2000,1,미부착,제1유형,무,-,中華人民共和國 農藥管理條例,-,어문,문서,-,법률,한국어,-,1905-06-22 00:00:00,-,국회도서관,-,-,-,제1유형,저작물,보호저작물,○,상업적이용가능,○,○,○,○,○,○,○,-,2070,-,-
,901,어문,간행물,국회도서관,국회전자도서관,국회도서관 소장자료,中華人民共和國 農藥管理條例施行細則,-,2000,1,미부착,제1유형,무,-,中華人民共和國 農藥管理條例施行細則,-,어문,문서,-,법률,한국어,-,1905-06-22 00:00:00,-,국회도서관,-,-,-,제1유형,저작물,보호저작물,○,상업적이용가능,○,○,○,○,○,○,○,-,2070,-,-
,902,어문,간행물,국회도서관,국회전자도서관,국회도서관 소장자료,中華人民共和國 動·植物 出入國 檢疫法,-,2000,1,미부착,제1유형,무,-,中華人民共和國 動·植物 出入國 檢疫法,-,어문,문서,-,법률,한국어,-,1905-06-22 00:00:00,-,국회도서관,-,-,-,제1유형,저작물,보호저작물,○,상업적이용가능,○,○,○,○,○,○,○,-,2070,-,-
,903,어문,간행물,국회도서관,국회전자도서관,국회도서관 소장자료,中華人民共和國 動·植物出入國檢疫法施行條例,-,2000,1,미부착,제1유형,무,-,中華人民共和國 動·植物出入國檢疫法施行條例,-,어문,문서,-,법률,한국어,-,1905-06-22 00:00:00,-,국회도서관,-,-,-,제1유형,저작물,보호저작물,○,상업적이용가능,○,○,○,○,○,○,○,-,2070,-,-
,904,어문,간행물,국회도서관,국회전자도서관,국회도서관 소장자료,中華人民共和國 動物防疫法,-,2000,1,미부착,제1유형,무,-,中華人民共和國 動物防疫法,-,어문,문서,-,법률,한국어,-,1905-06-22 00:00:00,-,국회도서관,-,-,-,제1유형,저작물,보호저작물,○,상업적이용가능,○,○,○,○,○,○,○,-,2070,-,-
,905,어문,간행물,국회도서관,국회전자도서관,국회도서관 소장자료,中華人民共和國 飼料와飼料添加劑管理條例,-,2000,1,미부착,제1유형,무,-,中華人民共和國 飼料와飼料添加劑管理條例,-,어문,문서,-,법률,한국어,-,1905-06-22 00:00:00,-,국회도서관,-,-,-,제1유형,저작물,보호저작물,○,상업적이용가능,○,○,○,○,○,○,○,-,2070,-,-
,906,어문,간행물,국회도서관,국회전자도서관,국회도서관 소장자료,中華人民共和國 海洋環境保護法,-,2000,1,미부착,제1유형,무,-,中華人民共和國 海洋環境保護法,-,어문,문서,-,법률,한국어,-,1905-06-22 00:00:00,-,국회도서관,-,-,-,제1유형,저작물,보호저작물,○,상업적이용가능,○,○,○,○,○,○,○,-,2070,-,-
,907,어문,간행물,국회도서관,국회전자도서관,국회도서관 소장자료,프라이버시 보호 및 개인정보의 국가간 유통에 관한 OECD가이드라인,-,2000,1,미부착,제1유형,무,-,프라이버시 보호 및 개인정보의 국가간 유통에 관한 OECD가이드라인,-,어문,문서,-,법률,한국어,-,1905-06-22 00:00:00,-,국회도서관,-,-,-,제1유형,저작물,보호저작물,○,상업적이용가능,○,○,○,○,○,○,○,-,2070,-,-
,908,어문,간행물,국회도서관,국회전자도서관,국회도서관 소장자료,21세기 국가간 교육개혁 경쟁,-,2001,1,미부착,제1유형,무,-,21세기 국가간 교육개혁 경쟁,-,어문,문서,-,법률,한국어,-,1905-06-23 00:00:00,-,국회도서관,-,-,-,제1유형,저작물,보호저작물,○,상업적이용가능,○,○,○,○,○,○,○,-,2071,-,-
,909,어문,간행물,국회도서관,국회전자도서관,국회도서관 소장자료,BSE(일명 광우병)의 현황과 대책,-,2001,1,미부착,제1유형,무,-,BSE(일명 광우병)의 현황과 대책,-,어문,문서,-,법률,한국어,-,1905-06-23 00:00:00,-,국회도서관,-,-,-,제1유형,저작물,보호저작물,○,상업적이용가능,○,○,○,○,○,○,○,-,2071,-,-
,910,어문,간행물,국회도서관,국회전자도서관,국회도서관 소장자료,IT산업이 미치는 한국산업구조변화 분석,-,2001,1,미부착,제1유형,무,-,IT산업이 미치는 한국산업구조변화 분석,-,어문,문서,-,법률,한국어,-,1905-06-23 00:00:00,-,국회도서관,-,-,-,제1유형,저작물,보호저작물,○,상업적이용가능,○,○,○,○,○,○,○,-,2071,-,-
,911,어문,간행물,국회도서관,국회전자도서관,국회도서관 소장자료,WTO 농업협상과 농업의 다원적 기능,-,2001,1,미부착,제1유형,무,-,WTO 농업협상과 농업의 다원적 기능,-,어문,문서,-,법률,한국어,-,1905-06-23 00:00:00,-,국회도서관,-,-,-,제1유형,저작물,보호저작물,○,상업적이용가능,○,○,○,○,○,○,○,-,2071,-,-
,912,어문,간행물,국회도서관,국회전자도서관,국회도서관 소장자료,공적자금 지원과 회수 현황 (2001년 10월 말 현재),-,2001,1,미부착,제1유형,무,-,공적자금 지원과 회수 현황 (2001년 10월 말 현재),-,어문,문서,-,법률,한국어,-,1905-06-23 00:00:00,-,국회도서관,-,-,-,제1유형,저작물,보호저작물,○,상업적이용가능,○,○,○,○,○,○,○,-,2071,-,-
,913,어문,간행물,국회도서관,국회전자도서관,국회도서관 소장자료,국민기초생활보장제도와 자활사업,-,2001,1,미부착,제1유형,무,-,국민기초생활보장제도와 자활사업,-,어문,문서,-,법률,한국어,-,1905-06-23 00:00:00,-,국회도서관,-,-,-,제1유형,저작물,보호저작물,○,상업적이용가능,○,○,○,○,○,○,○,-,2071,-,-
,914,어문,간행물,국회도서관,국회전자도서관,국회도서관 소장자료,국민주택기금 관리의 문제점과 개선방향,-,2001,1,미부착,제1유형,무,-,국민주택기금 관리의 문제점과 개선방향,-,어문,문서,-,법률,한국어,-,1905-06-23 00:00:00,-,국회도서관,-,-,-,제1유형,저작물,보호저작물,○,상업적이용가능,○,○,○,○,○,○,○,-,2071,-,-
,915,어문,간행물,국회도서관,국회전자도서관,국회도서관 소장자료,국정감사결과 시정 및 처리 요구사항에 대한 처리결과 보고서. 2000,-,2001,1,미부착,제1유형,무,-,국정감사결과 시정 및 처리 요구사항에 대한 처리결과 보고서. 2000,-,어문,문서,-,법률,한국어,-,1905-06-23 00:00:00,-,국회도서관,-,-,-,제1유형,저작물,보호저작물,○,상업적이용가능,○,○,○,○,○,○,○,-,2071,-,-
,916,어문,간행물,국회도서관,국회전자도서관,국회도서관 소장자료,국제상거래에서 외국공무원 부패방지에 관한 협정을 비준하는 법 (프랑스),-,2001,1,미부착,제1유형,무,-,국제상거래에서 외국공무원 부패방지에 관한 협정을 비준하는 법 (프랑스),-,어문,문서,-,법률,한국어,-,1905-06-23 00:00:00,-,국회도서관,-,-,-,제1유형,저작물,보호저작물,○,상업적이용가능,○,○,○,○,○,○,○,-,2071,-,-
,917,어문,간행물,국회도서관,국회전자도서관,국회도서관 소장자료,국회운영위원회요구자료 : 2001년도 국정감사,-,2001,1,미부착,제1유형,무,-,국회운영위원회요구자료 : 2001년도 국정감사,-,어문,문서,-,법률,한국어,-,1905-06-23 00:00:00,-,국회도서관,-,-,-,제1유형,저작물,보호저작물,○,상업적이용가능,○,○,○,○,○,○,○,-,2071,-,-
,918,어문,간행물,국회도서관,국회전자도서관,국회도서관 소장자료,'기업구조조정촉진법'을 둘러산 논란,-,2001,1,미부착,제1유형,무,-,'기업구조조정촉진법'을 둘러산 논란,-,어문,문서,-,법률,한국어,-,1905-06-23 00:00:00,-,국회도서관,-,-,-,제1유형,저작물,보호저작물,○,상업적이용가능,○,○,○,○,○,○,○,-,2071,-,-
,919,어문,간행물,국회도서관,국회전자도서관,국회도서관 소장자료,기초단체장 임명제의 논리와 쟁점,-,2001,1,미부착,제1유형,무,-,기초단체장 임명제의 논리와 쟁점,-,어문,문서,-,법률,한국어,-,1905-06-23 00:00:00,-,국회도서관,-,-,-,제1유형,저작물,보호저작물,○,상업적이용가능,○,○,○,○,○,○,○,-,2071,-,-
,920,어문,간행물,국회도서관,국회전자도서관,국회도서관 소장자료,臺灣의 <代替服務施行條例>,-,2001,1,미부착,제1유형,무,-,臺灣의 <代替服務施行條例>,-,어문,문서,-,법률,한국어,-,1905-06-23 00:00:00,-,국회도서관,-,-,-,제1유형,저작물,보호저작물,○,상업적이용가능,○,○,○,○,○,○,○,-,2071,-,-
,921,어문,간행물,국회도서관,국회전자도서관,국회도서관 소장자료,臺灣의 <腐敗(瀆職)處罰條例>,-,2001,1,미부착,제1유형,무,-,臺灣의 <腐敗(瀆職)處罰條例>,-,어문,문서,-,법률,한국어,-,1905-06-23 00:00:00,-,국회도서관,-,-,-,제1유형,저작물,보호저작물,○,상업적이용가능,○,○,○,○,○,○,○,-,2071,-,-
,922,어문,간행물,국회도서관,국회전자도서관,국회도서관 소장자료,臺灣의 <中小企業 相互保證基金會 規程>,-,2001,1,미부착,제1유형,무,-,臺灣의 <中小企業 相互保證基金會 規程>,-,어문,문서,-,법률,한국어,-,1905-06-23 00:00:00,-,국회도서관,-,-,-,제1유형,저작물,보호저작물,○,상업적이용가능,○,○,○,○,○,○,○,-,2071,-,-
,923,어문,간행물,국회도서관,국회전자도서관,국회도서관 소장자료,臺灣의 <中小企業 相互保證基金會 相互保證 準則>,-,2001,1,미부착,제1유형,무,-,臺灣의 <中小企業 相互保證基金會 相互保證 準則>,-,어문,문서,-,법률,한국어,-,1905-06-23 00:00:00,-,국회도서관,-,-,-,제1유형,저작물,보호저작물,○,상업적이용가능,○,○,○,○,○,○,○,-,2071,-,-
,924,어문,간행물,국회도서관,국회전자도서관,국회도서관 소장자료,대한민국 국기법 제정에 관한 논점 정리,-,2001,1,미부착,제1유형,무,-,대한민국 국기법 제정에 관한 논점 정리,-,어문,문서,-,법률,한국어,-,1905-06-23 00:00:00,-,국회도서관,-,-,-,제1유형,저작물,보호저작물,○,상업적이용가능,○,○,○,○,○,○,○,-,2071,-,-
,925,어문,간행물,국회도서관,국회전자도서관,국회도서관 소장자료,러시아·북한 관계 考察 : 러시아와 북한 :極東의 오랜 파트너,-,2001,1,미부착,제1유형,무,-,러시아·북한 관계 考察 : 러시아와 북한 :極東의 오랜 파트너,-,어문,문서,-,법률,한국어,-,1905-06-23 00:00:00,-,국회도서관,-,-,-,제1유형,저작물,보호저작물,○,상업적이용가능,○,○,○,○,○,○,○,-,2071,-,-
,926,어문,간행물,국회도서관,국회전자도서관,국회도서관 소장자료,러시아연방 범죄수익의 합법화(세탁) 방지법,-,2001,1,미부착,제1유형,무,-,러시아연방 범죄수익의 합법화(세탁) 방지법,-,어문,문서,-,법률,한국어,-,1905-06-23 00:00:00,-,국회도서관,-,-,-,제1유형,저작물,보호저작물,○,상업적이용가능,○,○,○,○,○,○,○,-,2071,-,-
,927,어문,간행물,국회도서관,국회전자도서관,국회도서관 소장자료,러시아연방·중화인민공화국간의 선린·우호 및 협력조약,-,2001,1,미부착,제1유형,무,-,러시아연방·중화인민공화국간의 선린·우호 및 협력조약,-,어문,문서,-,법률,한국어,-,1905-06-23 00:00:00,-,국회도서관,-,-,-,제1유형,저작물,보호저작물,○,상업적이용가능,○,○,○,○,○,○,○,-,2071,-,-
,928,어문,간행물,국회도서관,국회전자도서관,국회도서관 소장자료,물 분쟁의 현황과 향후 과제,-,2001,1,미부착,제1유형,무,-,물 분쟁의 현황과 향후 과제,-,어문,문서,-,법률,한국어,-,1905-06-23 00:00:00,-,국회도서관,-,-,-,제1유형,저작물,보호저작물,○,상업적이용가능,○,○,○,○,○,○,○,-,2071,-,-
,929,어문,간행물,국회도서관,국회전자도서관,국회도서관 소장자료,미국 경찰체육연맹의 청소년 지도에 관한 법,-,2001,1,미부착,제1유형,무,-,미국 경찰체육연맹의 청소년 지도에 관한 법,-,어문,문서,-,법률,한국어,-,1905-06-23 00:00:00,-,국회도서관,-,-,-,제1유형,저작물,보호저작물,○,상업적이용가능,○,○,○,○,○,○,○,-,2071,-,-
,930,어문,간행물,국회도서관,국회전자도서관,국회도서관 소장자료,미국 부시행정부 및 107대 의회 주요인물 약력,-,2001,1,미부착,제1유형,무,-,미국 부시행정부 및 107대 의회 주요인물 약력,-,어문,문서,-,법률,한국어,-,1905-06-23 00:00:00,-,국회도서관,-,-,-,제1유형,저작물,보호저작물,○,상업적이용가능,○,○,○,○,○,○,○,-,2071,-,-
,931,어문,간행물,국회도서관,국회전자도서관,국회도서관 소장자료,미국의 DNA 분석 적체 해소에 관한 법 = DNA analysis backlog elimination act of 2000,-,2001,1,미부착,제1유형,무,-,미국의 DNA 분석 적체 해소에 관한 법 = DNA analysis backlog elimination act of 2000,-,어문,문서,-,법률,한국어,-,1905-06-23 00:00:00,-,국회도서관,-,-,-,제1유형,저작물,보호저작물,○,상업적이용가능,○,○,○,○,○,○,○,-,2071,-,-
,932,어문,간행물,국회도서관,국회전자도서관,국회도서관 소장자료,미국의 국제 전기통신의 개선을 위한 개방시장 재편성법 = open-market reorganization for the betterment of international telecommunications act,-,2001,1,미부착,제1유형,무,-,미국의 국제 전기통신의 개선을 위한 개방시장 재편성법 = open-market reorganization for the betterment of international telecommunications act,-,어문,문서,-,법률,한국어,-,1905-06-23 00:00:00,-,국회도서관,-,-,-,제1유형,저작물,보호저작물,○,상업적이용가능,○,○,○,○,○,○,○,-,2071,-,-
,933,어문,간행물,국회도서관,국회전자도서관,국회도서관 소장자료,"미국의 동물질병 발생위험의 평가, 예방 및 감독에 관한 법",-,2001,1,미부착,제1유형,무,-,"미국의 동물질병 발생위험의 평가, 예방 및 감독에 관한 법",-,어문,문서,-,법률,한국어,-,1905-06-23 00:00:00,-,국회도서관,-,-,-,제1유형,저작물,보호저작물,○,상업적이용가능,○,○,○,○,○,○,○,-,2071,-,-
,934,어문,간행물,국회도서관,국회전자도서관,국회도서관 소장자료,미국의 소프트 머니(Soft Money) 규제동향,-,2001,1,미부착,제1유형,무,-,미국의 소프트 머니(Soft Money) 규제동향,-,어문,문서,-,법률,한국어,-,1905-06-23 00:00:00,-,국회도서관,-,-,-,제1유형,저작물,보호저작물,○,상업적이용가능,○,○,○,○,○,○,○,-,2071,-,-
,935,어문,간행물,국회도서관,국회전자도서관,국회도서관 소장자료,미국의 인신매매 및 폭력 피해자 보호법 = Victims of trafficking and violence protection act of 2000,-,2001,1,미부착,제1유형,무,-,미국의 인신매매 및 폭력 피해자 보호법 = Victims of trafficking and violence protection act of 2000,-,어문,문서,-,법률,한국어,-,1905-06-23 00:00:00,-,국회도서관,-,-,-,제1유형,저작물,보호저작물,○,상업적이용가능,○,○,○,○,○,○,○,-,2071,-,-
,936,어문,간행물,국회도서관,국회전자도서관,국회도서관 소장자료,美-中 통상관계법,-,2001,1,미부착,제1유형,무,-,美-中 통상관계법,-,어문,문서,-,법률,한국어,-,1905-06-23 00:00:00,-,국회도서관,-,-,-,제1유형,저작물,보호저작물,○,상업적이용가능,○,○,○,○,○,○,○,-,2071,-,-
,937,어문,간행물,국회도서관,국회전자도서관,국회도서관 소장자료,북·러 모스크바 공동선언의 의미와 영향,-,2001,1,미부착,제1유형,무,-,북·러 모스크바 공동선언의 의미와 영향,-,어문,문서,-,법률,한국어,-,1905-06-23 00:00:00,-,국회도서관,-,-,-,제1유형,저작물,보호저작물,○,상업적이용가능,○,○,○,○,○,○,○,-,2071,-,-
,938,어문,간행물,국회도서관,국회전자도서관,국회도서관 소장자료,생명공학의 발전에 대한 법적 대응,-,2001,1,미부착,제1유형,무,-,생명공학의 발전에 대한 법적 대응,-,어문,문서,-,법률,한국어,-,1905-06-23 00:00:00,-,국회도서관,-,-,-,제1유형,저작물,보호저작물,○,상업적이용가능,○,○,○,○,○,○,○,-,2071,-,-
,939,어문,간행물,국회도서관,국회전자도서관,국회도서관 소장자료,연기금 주식투자의 가능성과 전망,-,2001,1,미부착,제1유형,무,-,연기금 주식투자의 가능성과 전망,-,어문,문서,-,법률,한국어,-,1905-06-23 00:00:00,-,국회도서관,-,-,-,제1유형,저작물,보호저작물,○,상업적이용가능,○,○,○,○,○,○,○,-,2071,-,-
,940,어문,간행물,국회도서관,국회전자도서관,국회도서관 소장자료,연대시민계약과 사실혼에관한법,-,2001,1,미부착,제1유형,무,-,연대시민계약과 사실혼에관한법,-,어문,문서,-,법률,한국어,-,1905-06-23 00:00:00,-,국회도서관,-,-,-,제1유형,저작물,보호저작물,○,상업적이용가능,○,○,○,○,○,○,○,-,2071,-,-
,941,어문,간행물,국회도서관,국회전자도서관,국회도서관 소장자료,영세상가 임대차 보호의 실태와 입법 방향,-,2001,1,미부착,제1유형,무,-,영세상가 임대차 보호의 실태와 입법 방향,-,어문,문서,-,법률,한국어,-,1905-06-23 00:00:00,-,국회도서관,-,-,-,제1유형,저작물,보호저작물,○,상업적이용가능,○,○,○,○,○,○,○,-,2071,-,-
,942,어문,간행물,국회도서관,국회전자도서관,국회도서관 소장자료,유전자조작작물(식품)에 대한 각국의 규제 동향,-,2001,1,미부착,제1유형,무,-,유전자조작작물(식품)에 대한 각국의 규제 동향,-,어문,문서,-,법률,한국어,-,1905-06-23 00:00:00,-,국회도서관,-,-,-,제1유형,저작물,보호저작물,○,상업적이용가능,○,○,○,○,○,○,○,-,2071,-,-
,943,어문,간행물,국회도서관,국회전자도서관,국회도서관 소장자료,은행소유한도 완화 논란,-,2001,1,미부착,제1유형,무,-,은행소유한도 완화 논란,-,어문,문서,-,법률,한국어,-,1905-06-23 00:00:00,-,국회도서관,-,-,-,제1유형,저작물,보호저작물,○,상업적이용가능,○,○,○,○,○,○,○,-,2071,-,-
,944,어문,간행물,국회도서관,국회전자도서관,국회도서관 소장자료,의료보험 재정의 위기와 의료저축제도(MSA),-,2001,1,미부착,제1유형,무,-,의료보험 재정의 위기와 의료저축제도(MSA),-,어문,문서,-,법률,한국어,-,1905-06-23 00:00:00,-,국회도서관,-,-,-,제1유형,저작물,보호저작물,○,상업적이용가능,○,○,○,○,○,○,○,-,2071,-,-
,945,어문,간행물,국회도서관,국회전자도서관,국회도서관 소장자료,일본 중학교 역사 교과서 한국 관련 내용 수정 요구 자료,-,2001,1,미부착,제1유형,무,-,일본 중학교 역사 교과서 한국 관련 내용 수정 요구 자료,-,어문,문서,-,법률,한국어,-,1905-06-23 00:00:00,-,국회도서관,-,-,-,제1유형,저작물,보호저작물,○,상업적이용가능,○,○,○,○,○,○,○,-,2071,-,-
,946,어문,간행물,국회도서관,국회전자도서관,국회도서관 소장자료,일본의 「회사의 분할에 따르는 노동계약승계법」의 시사점,-,2001,1,미부착,제1유형,무,-,일본의 「회사의 분할에 따르는 노동계약승계법」의 시사점,-,어문,문서,-,법률,한국어,-,1905-06-23 00:00:00,-,국회도서관,-,-,-,제1유형,저작물,보호저작물,○,상업적이용가능,○,○,○,○,○,○,○,-,2071,-,-
,947,어문,간행물,국회도서관,국회전자도서관,국회도서관 소장자료,일본의 IT(정보통신기술) 기본전략,-,2001,1,미부착,제1유형,무,-,일본의 IT(정보통신기술) 기본전략,-,어문,문서,-,법률,한국어,-,1905-06-23 00:00:00,-,국회도서관,-,-,-,제1유형,저작물,보호저작물,○,상업적이용가능,○,○,○,○,○,○,○,-,2071,-,-
,948,어문,간행물,국회도서관,국회전자도서관,국회도서관 소장자료,일본의 국가공무원윤리법 및 알선이득처벌법,-,2001,1,미부착,제1유형,무,-,일본의 국가공무원윤리법 및 알선이득처벌법,-,어문,문서,-,법률,한국어,-,1905-06-23 00:00:00,-,국회도서관,-,-,-,제1유형,저작물,보호저작물,○,상업적이용가능,○,○,○,○,○,○,○,-,2071,-,-
,949,어문,간행물,국회도서관,국회전자도서관,국회도서관 소장자료,일본의 대규모소매점포입지법,-,2001,1,미부착,제1유형,무,-,일본의 대규모소매점포입지법,-,어문,문서,-,법률,한국어,-,1905-06-23 00:00:00,-,국회도서관,-,-,-,제1유형,저작물,보호저작물,○,상업적이용가능,○,○,○,○,○,○,○,-,2071,-,-
,950,어문,간행물,국회도서관,국회전자도서관,국회도서관 소장자료,일본의 사법제도개혁심의회 의견서,-,2001,1,미부착,제1유형,무,-,일본의 사법제도개혁심의회 의견서,-,어문,문서,-,법률,한국어,-,1905-06-23 00:00:00,-,국회도서관,-,-,-,제1유형,저작물,보호저작물,○,상업적이용가능,○,○,○,○,○,○,○,-,2071,-,-
,951,어문,간행물,국회도서관,국회전자도서관,국회도서관 소장자료,일본의 사법제도개혁심의회 의견서(발췌),-,2001,1,미부착,제1유형,무,-,일본의 사법제도개혁심의회 의견서(발췌),-,어문,문서,-,법률,한국어,-,1905-06-23 00:00:00,-,국회도서관,-,-,-,제1유형,저작물,보호저작물,○,상업적이용가능,○,○,○,○,○,○,○,-,2071,-,-
,952,어문,간행물,국회도서관,국회전자도서관,국회도서관 소장자료,일본의 역사교과서 왜곡 : 일본인의 건전한 역사의식 형성을 촉구하면서,-,2001,1,미부착,제1유형,무,-,일본의 역사교과서 왜곡 : 일본인의 건전한 역사의식 형성을 촉구하면서,-,어문,문서,-,법률,한국어,-,1905-06-23 00:00:00,-,국회도서관,-,-,-,제1유형,저작물,보호저작물,○,상업적이용가능,○,○,○,○,○,○,○,-,2071,-,-
,953,어문,간행물,국회도서관,국회전자도서관,국회도서관 소장자료,일본의 역사교과서 왜곡 : 일본인의 건전한 역사의식 형성을 촉구하면서,-,2001,1,미부착,제1유형,무,-,일본의 역사교과서 왜곡 : 일본인의 건전한 역사의식 형성을 촉구하면서,-,어문,문서,-,법률,한국어,-,1905-06-23 00:00:00,-,국회도서관,-,-,-,제1유형,저작물,보호저작물,○,상업적이용가능,○,○,○,○,○,○,○,-,2071,-,-
,954,어문,간행물,국회도서관,국회전자도서관,국회도서관 소장자료,일본의 역사교과서 왜곡관련 발췌 자료집 : 국회 회의록 중에서,-,2001,1,미부착,제1유형,무,-,일본의 역사교과서 왜곡관련 발췌 자료집 : 국회 회의록 중에서,-,어문,문서,-,법률,한국어,-,1905-06-23 00:00:00,-,국회도서관,-,-,-,제1유형,저작물,보호저작물,○,상업적이용가능,○,○,○,○,○,○,○,-,2071,-,-
,955,어문,간행물,국회도서관,국회전자도서관,국회도서관 소장자료,일본의 외국도산처리절차승인원조에관한법,-,2001,1,미부착,제1유형,무,-,일본의 외국도산처리절차승인원조에관한법,-,어문,문서,-,법률,한국어,-,1905-06-23 00:00:00,-,국회도서관,-,-,-,제1유형,저작물,보호저작물,○,상업적이용가능,○,○,○,○,○,○,○,-,2071,-,-
,956,어문,간행물,국회도서관,국회전자도서관,국회도서관 소장자료,일본의 우경화와 역사왜곡,-,2001,1,미부착,제1유형,무,-,일본의 우경화와 역사왜곡,-,어문,문서,-,법률,한국어,-,1905-06-23 00:00:00,-,국회도서관,-,-,-,제1유형,저작물,보호저작물,○,상업적이용가능,○,○,○,○,○,○,○,-,2071,-,-
,957,어문,간행물,국회도서관,국회전자도서관,국회도서관 소장자료,일본의 인간복제기술규제에관한법,-,2001,1,미부착,제1유형,무,-,일본의 인간복제기술규제에관한법,-,어문,문서,-,법률,한국어,-,1905-06-23 00:00:00,-,국회도서관,-,-,-,제1유형,저작물,보호저작물,○,상업적이용가능,○,○,○,○,○,○,○,-,2071,-,-
,958,어문,간행물,국회도서관,국회전자도서관,국회도서관 소장자료,일본의 저작권등관리사업법,-,2001,1,미부착,제1유형,무,-,일본의 저작권등관리사업법,-,어문,문서,-,법률,한국어,-,1905-06-23 00:00:00,-,국회도서관,-,-,-,제1유형,저작물,보호저작물,○,상업적이용가능,○,○,○,○,○,○,○,-,2071,-,-
,959,어문,간행물,국회도서관,국회전자도서관,국회도서관 소장자료,일본의 테러대책특별조치법,-,2001,1,미부착,제1유형,무,-,일본의 테러대책특별조치법,-,어문,문서,-,법률,한국어,-,1905-06-23 00:00:00,-,국회도서관,-,-,-,제1유형,저작물,보호저작물,○,상업적이용가능,○,○,○,○,○,○,○,-,2071,-,-
,960,어문,간행물,국회도서관,국회전자도서관,국회도서관 소장자료,일본의 특정방사성폐기물의최종처분에관한법,-,2001,1,미부착,제1유형,무,-,일본의 특정방사성폐기물의최종처분에관한법,-,어문,문서,-,법률,한국어,-,1905-06-23 00:00:00,-,국회도서관,-,-,-,제1유형,저작물,보호저작물,○,상업적이용가능,○,○,○,○,○,○,○,-,2071,-,-
,961,어문,간행물,국회도서관,국회전자도서관,국회도서관 소장자료,주둔군 지위협정 개정과 향후 전망,-,2001,1,미부착,제1유형,무,-,주둔군 지위협정 개정과 향후 전망,-,어문,문서,-,법률,한국어,-,1905-06-23 00:00:00,-,국회도서관,-,-,-,제1유형,저작물,보호저작물,○,상업적이용가능,○,○,○,○,○,○,○,-,2071,-,-
,962,어문,간행물,국회도서관,국회전자도서관,국회도서관 소장자료,주요 OECD 국가 사립학교 제도의 공공적 자율성과 정책적 시사점,-,2001,1,미부착,제1유형,무,-,주요 OECD 국가 사립학교 제도의 공공적 자율성과 정책적 시사점,-,어문,문서,-,법률,한국어,-,1905-06-23 00:00:00,-,국회도서관,-,-,-,제1유형,저작물,보호저작물,○,상업적이용가능,○,○,○,○,○,○,○,-,2071,-,-
,963,어문,간행물,국회도서관,국회전자도서관,국회도서관 소장자료,주한미군 : 최근 논의와 쟁점,-,2001,1,미부착,제1유형,무,-,주한미군 : 최근 논의와 쟁점,-,어문,문서,-,법률,한국어,-,1905-06-23 00:00:00,-,국회도서관,-,-,-,제1유형,저작물,보호저작물,○,상업적이용가능,○,○,○,○,○,○,○,-,2071,-,-
,964,어문,간행물,국회도서관,국회전자도서관,국회도서관 소장자료,지방대학 육성정책과 향후 과제,-,2001,1,미부착,제1유형,무,-,지방대학 육성정책과 향후 과제,-,어문,문서,-,법률,한국어,-,1905-06-23 00:00:00,-,국회도서관,-,-,-,제1유형,저작물,보호저작물,○,상업적이용가능,○,○,○,○,○,○,○,-,2071,-,-
,965,어문,간행물,국회도서관,국회전자도서관,국회도서관 소장자료,지방중소병원 지원정책,-,2001,1,미부착,제1유형,무,-,지방중소병원 지원정책,-,어문,문서,-,법률,한국어,-,1905-06-23 00:00:00,-,국회도서관,-,-,-,제1유형,저작물,보호저작물,○,상업적이용가능,○,○,○,○,○,○,○,-,2071,-,-
,966,어문,간행물,국회도서관,국회전자도서관,국회도서관 소장자료,지하수의 합리적인 개발 및 이용,-,2001,1,미부착,제1유형,무,-,지하수의 합리적인 개발 및 이용,-,어문,문서,-,법률,한국어,-,1905-06-23 00:00:00,-,국회도서관,-,-,-,제1유형,저작물,보호저작물,○,상업적이용가능,○,○,○,○,○,○,○,-,2071,-,-
,967,어문,간행물,국회도서관,국회전자도서관,국회도서관 소장자료,"청년실업 : 현황, 문제점, 대책",-,2001,1,미부착,제1유형,무,-,"청년실업 : 현황, 문제점, 대책",-,어문,문서,-,법률,한국어,-,1905-06-23 00:00:00,-,국회도서관,-,-,-,제1유형,저작물,보호저작물,○,상업적이용가능,○,○,○,○,○,○,○,-,2071,-,-
,968,어문,간행물,국회도서관,국회전자도서관,국회도서관 소장자료,최근 북한의 대미정책 : 현황과 쟁점,-,2001,1,미부착,제1유형,무,-,최근 북한의 대미정책 : 현황과 쟁점,-,어문,문서,-,법률,한국어,-,1905-06-23 00:00:00,-,국회도서관,-,-,-,제1유형,저작물,보호저작물,○,상업적이용가능,○,○,○,○,○,○,○,-,2071,-,-
,969,어문,간행물,국회도서관,국회전자도서관,국회도서관 소장자료,출자총액제한제도를 둘러싼 논란,-,2001,1,미부착,제1유형,무,-,출자총액제한제도를 둘러싼 논란,-,어문,문서,-,법률,한국어,-,1905-06-23 00:00:00,-,국회도서관,-,-,-,제1유형,저작물,보호저작물,○,상업적이용가능,○,○,○,○,○,○,○,-,2071,-,-
,970,어문,간행물,국회도서관,국회전자도서관,국회도서관 소장자료,탄저병과 생물무기,-,2001,1,미부착,제1유형,무,-,탄저병과 생물무기,-,어문,문서,-,법률,한국어,-,1905-06-23 00:00:00,-,국회도서관,-,-,-,제1유형,저작물,보호저작물,○,상업적이용가능,○,○,○,○,○,○,○,-,2071,-,-
,971,어문,간행물,국회도서관,국회전자도서관,국회도서관 소장자료,프랑스어 사용에 관한 법률,-,2001,1,미부착,제1유형,무,-,프랑스어 사용에 관한 법률,-,어문,문서,-,법률,한국어,-,1905-06-23 00:00:00,-,국회도서관,-,-,-,제1유형,저작물,보호저작물,○,상업적이용가능,○,○,○,○,○,○,○,-,2071,-,-
,972,어문,간행물,국회도서관,국회전자도서관,국회도서관 소장자료,프랑스통신사 지위에 관한 법,-,2001,1,미부착,제1유형,무,-,프랑스통신사 지위에 관한 법,-,어문,문서,-,법률,한국어,-,1905-06-23 00:00:00,-,국회도서관,-,-,-,제1유형,저작물,보호저작물,○,상업적이용가능,○,○,○,○,○,○,○,-,2071,-,-
,973,어문,간행물,국회도서관,국회전자도서관,국회도서관 소장자료,학교환경위생정화구역 제도의 실태와 대책,-,2001,1,미부착,제1유형,무,-,학교환경위생정화구역 제도의 실태와 대책,-,어문,문서,-,법률,한국어,-,1905-06-23 00:00:00,-,국회도서관,-,-,-,제1유형,저작물,보호저작물,○,상업적이용가능,○,○,○,○,○,○,○,-,2071,-,-
,974,어문,간행물,국회도서관,국회전자도서관,국회도서관 소장자료,해외주둔 미군 재판관할법,-,2001,1,미부착,제1유형,무,-,해외주둔 미군 재판관할법,-,어문,문서,-,법률,한국어,-,1905-06-23 00:00:00,-,국회도서관,-,-,-,제1유형,저작물,보호저작물,○,상업적이용가능,○,○,○,○,○,○,○,-,2071,-,-
,975,어문,간행물,국회도서관,국회전자도서관,국회도서관 소장자료,21세기 국회도서관 발전전략,-,2002,1,미부착,제1유형,무,-,21세기 국회도서관 발전전략,-,어문,문서,-,법률,한국어,-,1905-06-24 00:00:00,-,국회도서관,-,-,-,제1유형,저작물,보호저작물,○,상업적이용가능,○,○,○,○,○,○,○,-,2072,-,-
,976,어문,간행물,국회도서관,국회전자도서관,국회도서관 소장자료,9·11 테러사태에 대한 미합중국 의회의 입장을 대변하는 양원 합동결의안,-,2002,1,미부착,제1유형,무,-,9·11 테러사태에 대한 미합중국 의회의 입장을 대변하는 양원 합동결의안,-,어문,문서,-,법률,한국어,-,1905-06-24 00:00:00,-,국회도서관,-,-,-,제1유형,저작물,보호저작물,○,상업적이용가능,○,○,○,○,○,○,○,-,2072,-,-
,977,어문,간행물,국회도서관,국회전자도서관,국회도서관 소장자료,SOFA-형사재판관할권의 문제점과 개정방안,-,2002,1,미부착,제1유형,무,-,SOFA-형사재판관할권의 문제점과 개정방안,-,어문,문서,-,법률,한국어,-,1905-06-24 00:00:00,-,국회도서관,-,-,-,제1유형,저작물,보호저작물,○,상업적이용가능,○,○,○,○,○,○,○,-,2072,-,-
,978,어문,간행물,국회도서관,국회전자도서관,국회도서관 소장자료,가정·사회부조법전(법률편) : 프랑스,-,2002,1,미부착,제1유형,무,-,가정·사회부조법전(법률편) : 프랑스,-,어문,문서,-,법률,한국어,-,1905-06-24 00:00:00,-,국회도서관,-,-,-,제1유형,저작물,보호저작물,○,상업적이용가능,○,○,○,○,○,○,○,-,2072,-,-
,979,어문,간행물,국회도서관,국회전자도서관,국회도서관 소장자료,개호보험법(介護保險法) : 일본,-,2002,1,미부착,제1유형,무,-,개호보험법(介護保險法) : 일본,-,어문,문서,-,법률,한국어,-,1905-06-24 00:00:00,-,국회도서관,-,-,-,제1유형,저작물,보호저작물,○,상업적이용가능,○,○,○,○,○,○,○,-,2072,-,-
,980,어문,간행물,국회도서관,국회전자도서관,국회도서관 소장자료,고등전문교육 및 이후 전문교육에 관한 법 관한 법 : 러시아,-,2002,1,미부착,제1유형,무,-,고등전문교육 및 이후 전문교육에 관한 법 관한 법 : 러시아,-,어문,문서,-,법률,한국어,-,1905-06-24 00:00:00,-,국회도서관,-,-,-,제1유형,저작물,보호저작물,○,상업적이용가능,○,○,○,○,○,○,○,-,2072,-,-
,981,어문,간행물,국회도서관,국회전자도서관,국회도서관 소장자료,공공미술제도:현황과 과제 : 문화예술진흥법 제11조 :건축물 미술장식,-,2002,1,미부착,제1유형,무,-,공공미술제도:현황과 과제 : 문화예술진흥법 제11조 :건축물 미술장식,-,어문,문서,-,법률,한국어,-,1905-06-24 00:00:00,-,국회도서관,-,-,-,제1유형,저작물,보호저작물,○,상업적이용가능,○,○,○,○,○,○,○,-,2072,-,-
,982,어문,간행물,국회도서관,국회전자도서관,국회도서관 소장자료,공공용지의 취득에 관한 특별 조치법 : 일본,-,2002,1,미부착,제1유형,무,-,공공용지의 취득에 관한 특별 조치법 : 일본,-,어문,문서,-,법률,한국어,-,1905-06-24 00:00:00,-,국회도서관,-,-,-,제1유형,저작물,보호저작물,○,상업적이용가능,○,○,○,○,○,○,○,-,2072,-,-
,983,어문,간행물,국회도서관,국회전자도서관,국회도서관 소장자료,공무원 노동기본권 보장의 쟁점,-,2002,1,미부착,제1유형,무,-,공무원 노동기본권 보장의 쟁점,-,어문,문서,-,법률,한국어,-,1905-06-24 00:00:00,-,국회도서관,-,-,-,제1유형,저작물,보호저작물,○,상업적이용가능,○,○,○,○,○,○,○,-,2072,-,-
,984,어문,간행물,국회도서관,국회전자도서관,국회도서관 소장자료,공무원의 선거 중립 문제,-,2002,1,미부착,제1유형,무,-,공무원의 선거 중립 문제,-,어문,문서,-,법률,한국어,-,1905-06-24 00:00:00,-,국회도서관,-,-,-,제1유형,저작물,보호저작물,○,상업적이용가능,○,○,○,○,○,○,○,-,2072,-,-
,985,어문,간행물,국회도서관,국회전자도서관,국회도서관 소장자료,공익수용법전(법률편) : 프랑스,-,2002,1,미부착,제1유형,무,-,공익수용법전(법률편) : 프랑스,-,어문,문서,-,법률,한국어,-,1905-06-24 00:00:00,-,국회도서관,-,-,-,제1유형,저작물,보호저작물,○,상업적이용가능,○,○,○,○,○,○,○,-,2072,-,-
,986,어문,간행물,국회도서관,국회전자도서관,국회도서관 소장자료,공중보건과 사회보험 관련규정에 관한 법률 : 프랑스,-,2002,1,미부착,제1유형,무,-,공중보건과 사회보험 관련규정에 관한 법률 : 프랑스,-,어문,문서,-,법률,한국어,-,1905-06-24 00:00:00,-,국회도서관,-,-,-,제1유형,저작물,보호저작물,○,상업적이용가능,○,○,○,○,○,○,○,-,2072,-,-
,987,어문,간행물,국회도서관,국회전자도서관,국회도서관 소장자료,공중전달권과 디지털도서관 : 저작권법 제28조를 중심으로,-,2002,1,미부착,제1유형,무,-,공중전달권과 디지털도서관 : 저작권법 제28조를 중심으로,-,어문,문서,-,법률,한국어,-,1905-06-24 00:00:00,-,국회도서관,-,-,-,제1유형,저작물,보호저작물,○,상업적이용가능,○,○,○,○,○,○,○,-,2072,-,-
,988,어문,간행물,국회도서관,국회전자도서관,국회도서관 소장자료,공채법 : 미국,-,2002,1,미부착,제1유형,무,-,공채법 : 미국,-,어문,문서,-,법률,한국어,-,1905-06-24 00:00:00,-,국회도서관,-,-,-,제1유형,저작물,보호저작물,○,상업적이용가능,○,○,○,○,○,○,○,-,2072,-,-
,989,어문,간행물,국회도서관,국회전자도서관,국회도서관 소장자료,교사자격조례 : 중국,-,2002,1,미부착,제1유형,무,-,교사자격조례 : 중국,-,어문,문서,-,법률,한국어,-,1905-06-24 00:00:00,-,국회도서관,-,-,-,제1유형,저작물,보호저작물,○,상업적이용가능,○,○,○,○,○,○,○,-,2072,-,-
,990,어문,간행물,국회도서관,국회전자도서관,국회도서관 소장자료,교원단체 정치활동의 쟁점,-,2002,1,미부착,제1유형,무,-,교원단체 정치활동의 쟁점,-,어문,문서,-,법률,한국어,-,1905-06-24 00:00:00,-,국회도서관,-,-,-,제1유형,저작물,보호저작물,○,상업적이용가능,○,○,○,○,○,○,○,-,2072,-,-
,991,어문,간행물,국회도서관,국회전자도서관,국회도서관 소장자료,교육 및 학술성과 장려조례 : 중국,-,2002,1,미부착,제1유형,무,-,교육 및 학술성과 장려조례 : 중국,-,어문,문서,-,법률,한국어,-,1905-06-24 00:00:00,-,국회도서관,-,-,-,제1유형,저작물,보호저작물,○,상업적이용가능,○,○,○,○,○,○,○,-,2072,-,-
,992,어문,간행물,국회도서관,국회전자도서관,국회도서관 소장자료,교육서비스 시장 개방 : 개념·현황·쟁점·대응방안,-,2002,1,미부착,제1유형,무,-,교육서비스 시장 개방 : 개념·현황·쟁점·대응방안,-,어문,문서,-,법률,한국어,-,1905-06-24 00:00:00,-,국회도서관,-,-,-,제1유형,저작물,보호저작물,○,상업적이용가능,○,○,○,○,○,○,○,-,2072,-,-
,993,어문,간행물,국회도서관,국회전자도서관,국회도서관 소장자료,교통위반 신고보상제도 쟁점분석,-,2002,1,미부착,제1유형,무,-,교통위반 신고보상제도 쟁점분석,-,어문,문서,-,법률,한국어,-,1905-06-24 00:00:00,-,국회도서관,-,-,-,제1유형,저작물,보호저작물,○,상업적이용가능,○,○,○,○,○,○,○,-,2072,-,-
,994,어문,간행물,국회도서관,국회전자도서관,국회도서관 소장자료,국가 두마(하원)문서보관소에 관한 규정 : 러시아,-,2002,1,미부착,제1유형,무,-,국가 두마(하원)문서보관소에 관한 규정 : 러시아,-,어문,문서,-,법률,한국어,-,1905-06-24 00:00:00,-,국회도서관,-,-,-,제1유형,저작물,보호저작물,○,상업적이용가능,○,○,○,○,○,○,○,-,2072,-,-
,995,어문,간행물,국회도서관,국회전자도서관,국회도서관 소장자료,국가신용등급,-,2002,1,미부착,제1유형,무,-,국가신용등급,-,어문,문서,-,법률,한국어,-,1905-06-24 00:00:00,-,국회도서관,-,-,-,제1유형,저작물,보호저작물,○,상업적이용가능,○,○,○,○,○,○,○,-,2072,-,-
,996,어문,간행물,국회도서관,국회전자도서관,국회도서관 소장자료,국가의 사회적 지원에 관한 법률,-,2002,1,미부착,제1유형,무,-,국가의 사회적 지원에 관한 법률,-,어문,문서,-,법률,한국어,-,1905-06-24 00:00:00,-,국회도서관,-,-,-,제1유형,저작물,보호저작물,○,상업적이용가능,○,○,○,○,○,○,○,-,2072,-,-
,997,어문,간행물,국회도서관,국회전자도서관,국회도서관 소장자료,국가토지평가대장에 관한 법 : 러시아,-,2002,1,미부착,제1유형,무,-,국가토지평가대장에 관한 법 : 러시아,-,어문,문서,-,법률,한국어,-,1905-06-24 00:00:00,-,국회도서관,-,-,-,제1유형,저작물,보호저작물,○,상업적이용가능,○,○,○,○,○,○,○,-,2072,-,-
,998,어문,간행물,국회도서관,국회전자도서관,국회도서관 소장자료,국경보안 강화 및 비자입국 개혁법 : 미국,-,2002,1,미부착,제1유형,무,-,국경보안 강화 및 비자입국 개혁법 : 미국,-,어문,문서,-,법률,한국어,-,1905-06-24 00:00:00,-,국회도서관,-,-,-,제1유형,저작물,보호저작물,○,상업적이용가능,○,○,○,○,○,○,○,-,2072,-,-
,999,어문,간행물,국회도서관,국회전자도서관,국회도서관 소장자료,국민건강보험법 : 일본,-,2002,1,미부착,제1유형,무,-,국민건강보험법 : 일본,-,어문,문서,-,법률,한국어,-,1905-06-24 00:00:00,-,국회도서관,-,-,-,제1유형,저작물,보호저작물,○,상업적이용가능,○,○,○,○,○,○,○,-,2072,-,-
,1000,어문,간행물,국회도서관,국회전자도서관,국회도서관 소장자료,국민건강증진법 : 미국,-,2002,1,미부착,제1유형,무,-,국민건강증진법 : 미국,-,어문,문서,-,법률,한국어,-,1905-06-24 00:00:00,-,국회도서관,-,-,-,제1유형,저작물,보호저작물,○,상업적이용가능,○,○,○,○,○,○,○,-,2072,-,-
,1001,어문,간행물,국회도서관,국회전자도서관,국회도서관 소장자료,국민복무법전 제L111-2조에 의해 설치된 민간자원봉사자와 국민복무 개혁에 관련된 제반 조치에 관한 법률 : 프랑스,-,2002,1,미부착,제1유형,무,-,국민복무법전 제L111-2조에 의해 설치된 민간자원봉사자와 국민복무 개혁에 관련된 제반 조치에 관한 법률 : 프랑스,-,어문,문서,-,법률,한국어,-,1905-06-24 00:00:00,-,국회도서관,-,-,-,제1유형,저작물,보호저작물,○,상업적이용가능,○,○,○,○,○,○,○,-,2072,-,-
,1002,어문,간행물,국회도서관,국회전자도서관,국회도서관 소장자료,국세징수법 : 일본,-,2002,1,미부착,제1유형,무,-,국세징수법 : 일본,-,어문,문서,-,법률,한국어,-,1905-06-24 00:00:00,-,국회도서관,-,-,-,제1유형,저작물,보호저작물,○,상업적이용가능,○,○,○,○,○,○,○,-,2072,-,-
,1003,어문,간행물,국회도서관,국회전자도서관,국회도서관 소장자료,국세통칙법 : 일본,-,2002,1,미부착,제1유형,무,-,국세통칙법 : 일본,-,어문,문서,-,법률,한국어,-,1905-06-24 00:00:00,-,국회도서관,-,-,-,제1유형,저작물,보호저작물,○,상업적이용가능,○,○,○,○,○,○,○,-,2072,-,-
,1004,어문,간행물,국회도서관,국회전자도서관,국회도서관 소장자료,國政監査結果 是正 및 處理 要求事項에 대한 處理結果 報告書. 2001,-,2002,1,미부착,제1유형,무,-,國政監査結果 是正 및 處理 要求事項에 대한 處理結果 報告書. 2001,-,어문,문서,-,법률,한국어,-,1905-06-24 00:00:00,-,국회도서관,-,-,-,제1유형,저작물,보호저작물,○,상업적이용가능,○,○,○,○,○,○,○,-,2072,-,-
,1005,어문,간행물,국회도서관,국회전자도서관,국회도서관 소장자료,국제연대를 위한 자원봉사자와 자원봉사협회에 관한 정령 : 프랑스,-,2002,1,미부착,제1유형,무,-,국제연대를 위한 자원봉사자와 자원봉사협회에 관한 정령 : 프랑스,-,어문,문서,-,법률,한국어,-,1905-06-24 00:00:00,-,국회도서관,-,-,-,제1유형,저작물,보호저작물,○,상업적이용가능,○,○,○,○,○,○,○,-,2072,-,-
,1006,어문,간행물,국회도서관,국회전자도서관,국회도서관 소장자료,국제자유도시 개발의 현황과 향후 발전 방향,-,2002,1,미부착,제1유형,무,-,국제자유도시 개발의 현황과 향후 발전 방향,-,어문,문서,-,법률,한국어,-,1905-06-24 00:00:00,-,국회도서관,-,-,-,제1유형,저작물,보호저작물,○,상업적이용가능,○,○,○,○,○,○,○,-,2072,-,-
,1007,어문,간행물,국회도서관,국회전자도서관,국회도서관 소장자료,국회기록물관리업무편람,-,2002,1,미부착,제1유형,무,-,국회기록물관리업무편람,-,어문,문서,-,법률,한국어,-,1905-06-24 00:00:00,-,국회도서관,-,-,-,제1유형,저작물,보호저작물,○,상업적이용가능,○,○,○,○,○,○,○,-,2072,-,-
,1008,어문,간행물,국회도서관,국회전자도서관,국회도서관 소장자료,국회도서관 시소러스 : 사회학·사회복지·여성분야 :교육·심리 분야,-,2002,1,미부착,제1유형,무,-,국회도서관 시소러스 : 사회학·사회복지·여성분야 :교육·심리 분야,-,어문,문서,-,법률,한국어,-,1905-06-24 00:00:00,-,국회도서관,-,-,-,제1유형,저작물,보호저작물,○,상업적이용가능,○,○,○,○,○,○,○,-,2072,-,-
,1009,어문,간행물,국회도서관,국회전자도서관,국회도서관 소장자료,국회도서관 시소러스 : 신문방송·문헌정보·정보통신교통 분야 :역사지리·인류민속 분야,-,2002,1,미부착,제1유형,무,-,국회도서관 시소러스 : 신문방송·문헌정보·정보통신교통 분야 :역사지리·인류민속 분야,-,어문,문서,-,법률,한국어,-,1905-06-24 00:00:00,-,국회도서관,-,-,-,제1유형,저작물,보호저작물,○,상업적이용가능,○,○,○,○,○,○,○,-,2072,-,-
,1010,어문,간행물,국회도서관,국회전자도서관,국회도서관 소장자료,국회도서관 전자도서관 DB 구축사업 완료보고서 : 산화도서 및 저작물이용단행본. 2002,-,2002,1,미부착,제1유형,무,-,국회도서관 전자도서관 DB 구축사업 완료보고서 : 산화도서 및 저작물이용단행본. 2002,-,어문,문서,-,법률,한국어,-,1905-06-24 00:00:00,-,국회도서관,-,-,-,제1유형,저작물,보호저작물,○,상업적이용가능,○,○,○,○,○,○,○,-,2072,-,-
,1011,어문,간행물,국회도서관,국회전자도서관,국회도서관 소장자료,國會圖書館50年史 : 1952-2002,-,2002,1,미부착,제1유형,무,-,國會圖書館50年史 : 1952-2002,-,어문,문서,-,법률,한국어,-,1905-06-24 00:00:00,-,국회도서관,-,-,-,제1유형,저작물,보호저작물,○,상업적이용가능,○,○,○,○,○,○,○,-,2072,-,-
,1012,어문,간행물,국회도서관,국회전자도서관,국회도서관 소장자료,국회운영위원회요구자료,-,2002,1,미부착,제1유형,무,-,국회운영위원회요구자료,-,어문,문서,-,법률,한국어,-,1905-06-24 00:00:00,-,국회도서관,-,-,-,제1유형,저작물,보호저작물,○,상업적이용가능,○,○,○,○,○,○,○,-,2072,-,-
,1013,어문,간행물,국회도서관,국회전자도서관,국회도서관 소장자료,국회운영위원회요구자료. 2,-,2002,1,미부착,제1유형,무,-,국회운영위원회요구자료. 2,-,어문,문서,-,법률,한국어,-,1905-06-24 00:00:00,-,국회도서관,-,-,-,제1유형,저작물,보호저작물,○,상업적이용가능,○,○,○,○,○,○,○,-,2072,-,-
,1014,어문,간행물,국회도서관,국회전자도서관,국회도서관 소장자료,군인가족연금법 : 미국,-,2002,1,미부착,제1유형,무,-,군인가족연금법 : 미국,-,어문,문서,-,법률,한국어,-,1905-06-24 00:00:00,-,국회도서관,-,-,-,제1유형,저작물,보호저작물,○,상업적이용가능,○,○,○,○,○,○,○,-,2072,-,-
,1015,어문,간행물,국회도서관,국회전자도서관,국회도서관 소장자료,금융거래비밀보장법 : 미국,-,2002,1,미부착,제1유형,무,-,금융거래비밀보장법 : 미국,-,어문,문서,-,법률,한국어,-,1905-06-24 00:00:00,-,국회도서관,-,-,-,제1유형,저작물,보호저작물,○,상업적이용가능,○,○,○,○,○,○,○,-,2072,-,-
,1016,어문,간행물,국회도서관,국회전자도서관,국회도서관 소장자료,기여입학(우대)제의 쟁점 검토,-,2002,1,미부착,제1유형,무,-,기여입학(우대)제의 쟁점 검토,-,어문,문서,-,법률,한국어,-,1905-06-24 00:00:00,-,국회도서관,-,-,-,제1유형,저작물,보호저작물,○,상업적이용가능,○,○,○,○,○,○,○,-,2072,-,-
,1017,어문,간행물,국회도서관,국회전자도서관,국회도서관 소장자료,농산물 세이프가드를 둘러싼 일본·중국의 움직임,-,2002,1,미부착,제1유형,무,-,농산물 세이프가드를 둘러싼 일본·중국의 움직임,-,어문,문서,-,법률,한국어,-,1905-06-24 00:00:00,-,국회도서관,-,-,-,제1유형,저작물,보호저작물,○,상업적이용가능,○,○,○,○,○,○,○,-,2072,-,-
,1018,어문,간행물,국회도서관,국회전자도서관,국회도서관 소장자료,다국적기업의 국제이전가격,-,2002,1,미부착,제1유형,무,-,다국적기업의 국제이전가격,-,어문,문서,-,법률,한국어,-,1905-06-24 00:00:00,-,국회도서관,-,-,-,제1유형,저작물,보호저작물,○,상업적이용가능,○,○,○,○,○,○,○,-,2072,-,-
,1019,어문,간행물,국회도서관,국회전자도서관,국회도서관 소장자료,대테러 위기관리체계의 보완점 모색,-,2002,1,미부착,제1유형,무,-,대테러 위기관리체계의 보완점 모색,-,어문,문서,-,법률,한국어,-,1905-06-24 00:00:00,-,국회도서관,-,-,-,제1유형,저작물,보호저작물,○,상업적이용가능,○,○,○,○,○,○,○,-,2072,-,-
,1020,어문,간행물,국회도서관,국회전자도서관,국회도서관 소장자료,도로교통관리처벌조례 : 대만,-,2002,1,미부착,제1유형,무,-,도로교통관리처벌조례 : 대만,-,어문,문서,-,법률,한국어,-,1905-06-24 00:00:00,-,국회도서관,-,-,-,제1유형,저작물,보호저작물,○,상업적이용가능,○,○,○,○,○,○,○,-,2072,-,-
,1021,어문,간행물,국회도서관,국회전자도서관,국회도서관 소장자료,도로교통법(1) : 일본,-,2002,1,미부착,제1유형,무,-,도로교통법(1) : 일본,-,어문,문서,-,법률,한국어,-,1905-06-24 00:00:00,-,국회도서관,-,-,-,제1유형,저작물,보호저작물,○,상업적이용가능,○,○,○,○,○,○,○,-,2072,-,-
,1022,어문,간행물,국회도서관,국회전자도서관,국회도서관 소장자료,도로교통법(2) : 일본,-,2002,1,미부착,제1유형,무,-,도로교통법(2) : 일본,-,어문,문서,-,법률,한국어,-,1905-06-24 00:00:00,-,국회도서관,-,-,-,제1유형,저작물,보호저작물,○,상업적이용가능,○,○,○,○,○,○,○,-,2072,-,-
,1023,어문,간행물,국회도서관,국회전자도서관,국회도서관 소장자료,도박업세에 관한 법 : 러시아,-,2002,1,미부착,제1유형,무,-,도박업세에 관한 법 : 러시아,-,어문,문서,-,법률,한국어,-,1905-06-24 00:00:00,-,국회도서관,-,-,-,제1유형,저작물,보호저작물,○,상업적이용가능,○,○,○,○,○,○,○,-,2072,-,-
,1024,어문,간행물,국회도서관,국회전자도서관,국회도서관 소장자료,도서관 관련 주요기사자료집. 2002,-,2002,1,미부착,제1유형,무,-,도서관 관련 주요기사자료집. 2002,-,어문,문서,-,법률,한국어,-,1905-06-24 00:00:00,-,국회도서관,-,-,-,제1유형,저작물,보호저작물,○,상업적이용가능,○,○,○,○,○,○,○,-,2072,-,-
,1025,어문,간행물,국회도서관,국회전자도서관,국회도서관 소장자료,도시거주민의 최저생활보장조례 : 중국,-,2002,1,미부착,제1유형,무,-,도시거주민의 최저생활보장조례 : 중국,-,어문,문서,-,법률,한국어,-,1905-06-24 00:00:00,-,국회도서관,-,-,-,제1유형,저작물,보호저작물,○,상업적이용가능,○,○,○,○,○,○,○,-,2072,-,-
,1026,어문,간행물,국회도서관,국회전자도서관,국회도서관 소장자료,도시계획법전(법률편) : 프랑스,-,2002,1,미부착,제1유형,무,-,도시계획법전(법률편) : 프랑스,-,어문,문서,-,법률,한국어,-,1905-06-24 00:00:00,-,국회도서관,-,-,-,제1유형,저작물,보호저작물,○,상업적이용가능,○,○,○,○,○,○,○,-,2072,-,-
,1027,어문,간행물,국회도서관,국회전자도서관,국회도서관 소장자료,디지털 경제,-,2002,1,미부착,제1유형,무,-,디지털 경제,-,어문,문서,-,법률,한국어,-,1905-06-24 00:00:00,-,국회도서관,-,-,-,제1유형,저작물,보호저작물,○,상업적이용가능,○,○,○,○,○,○,○,-,2072,-,-
,1028,어문,간행물,국회도서관,국회전자도서관,국회도서관 소장자료,러시아연방 원자력 이용법,-,2002,1,미부착,제1유형,무,-,러시아연방 원자력 이용법,-,어문,문서,-,법률,한국어,-,1905-06-24 00:00:00,-,국회도서관,-,-,-,제1유형,저작물,보호저작물,○,상업적이용가능,○,○,○,○,○,○,○,-,2072,-,-
,1029,어문,간행물,국회도서관,국회전자도서관,국회도서관 소장자료,러시아연방 前職 대통령 및 그 가족 구성원의 보장에 관한 법,-,2002,1,미부착,제1유형,무,-,러시아연방 前職 대통령 및 그 가족 구성원의 보장에 관한 법,-,어문,문서,-,법률,한국어,-,1905-06-24 00:00:00,-,국회도서관,-,-,-,제1유형,저작물,보호저작물,○,상업적이용가능,○,○,○,○,○,○,○,-,2072,-,-
,1030,어문,간행물,국회도서관,국회전자도서관,국회도서관 소장자료,러시아연방 정부법(개정법),-,2002,1,미부착,제1유형,무,-,러시아연방 정부법(개정법),-,어문,문서,-,법률,한국어,-,1905-06-24 00:00:00,-,국회도서관,-,-,-,제1유형,저작물,보호저작물,○,상업적이용가능,○,○,○,○,○,○,○,-,2072,-,-
,1031,어문,간행물,국회도서관,국회전자도서관,국회도서관 소장자료,러시아연방 출입국 절차에 관한 법,-,2002,1,미부착,제1유형,무,-,러시아연방 출입국 절차에 관한 법,-,어문,문서,-,법률,한국어,-,1905-06-24 00:00:00,-,국회도서관,-,-,-,제1유형,저작물,보호저작물,○,상업적이용가능,○,○,○,○,○,○,○,-,2072,-,-
,1032,어문,간행물,국회도서관,국회전자도서관,국회도서관 소장자료,망명권에 관한 법률 : 프랑스,-,2002,1,미부착,제1유형,무,-,망명권에 관한 법률 : 프랑스,-,어문,문서,-,법률,한국어,-,1905-06-24 00:00:00,-,국회도서관,-,-,-,제1유형,저작물,보호저작물,○,상업적이용가능,○,○,○,○,○,○,○,-,2072,-,-
,1033,어문,간행물,국회도서관,국회전자도서관,국회도서관 소장자료,미국의 국가녹음자료보존법,-,2002,1,미부착,제1유형,무,-,미국의 국가녹음자료보존법,-,어문,문서,-,법률,한국어,-,1905-06-24 00:00:00,-,국회도서관,-,-,-,제1유형,저작물,보호저작물,○,상업적이용가능,○,○,○,○,○,○,○,-,2072,-,-
,1034,어문,간행물,국회도서관,국회전자도서관,국회도서관 소장자료,민간의료보험,-,2002,1,미부착,제1유형,무,-,민간의료보험,-,어문,문서,-,법률,한국어,-,1905-06-24 00:00:00,-,국회도서관,-,-,-,제1유형,저작물,보호저작물,○,상업적이용가능,○,○,○,○,○,○,○,-,2072,-,-
,1035,어문,간행물,국회도서관,국회전자도서관,국회도서관 소장자료,방송·통신 융합과 규제기구 정비,-,2002,1,미부착,제1유형,무,-,방송·통신 융합과 규제기구 정비,-,어문,문서,-,법률,한국어,-,1905-06-24 00:00:00,-,국회도서관,-,-,-,제1유형,저작물,보호저작물,○,상업적이용가능,○,○,○,○,○,○,○,-,2072,-,-
,1036,어문,간행물,국회도서관,국회전자도서관,국회도서관 소장자료,범죄인인도법 : 미국,-,2002,1,미부착,제1유형,무,-,범죄인인도법 : 미국,-,어문,문서,-,법률,한국어,-,1905-06-24 00:00:00,-,국회도서관,-,-,-,제1유형,저작물,보호저작물,○,상업적이용가능,○,○,○,○,○,○,○,-,2072,-,-
,1037,어문,간행물,국회도서관,국회전자도서관,국회도서관 소장자료,보험법 : 대만,-,2002,1,미부착,제1유형,무,-,보험법 : 대만,-,어문,문서,-,법률,한국어,-,1905-06-24 00:00:00,-,국회도서관,-,-,-,제1유형,저작물,보호저작물,○,상업적이용가능,○,○,○,○,○,○,○,-,2072,-,-
,1038,어문,간행물,국회도서관,국회전자도서관,국회도서관 소장자료,복지간병사업의 제도화,-,2002,1,미부착,제1유형,무,-,복지간병사업의 제도화,-,어문,문서,-,법률,한국어,-,1905-06-24 00:00:00,-,국회도서관,-,-,-,제1유형,저작물,보호저작물,○,상업적이용가능,○,○,○,○,○,○,○,-,2072,-,-
,1039,어문,간행물,국회도서관,국회전자도서관,국회도서관 소장자료,부동산 가격의 조절과 통제를 강화하고 주택건설을 촉진하자는 건에 관한 의견 : 중국,-,2002,1,미부착,제1유형,무,-,부동산 가격의 조절과 통제를 강화하고 주택건설을 촉진하자는 건에 관한 의견 : 중국,-,어문,문서,-,법률,한국어,-,1905-06-24 00:00:00,-,국회도서관,-,-,-,제1유형,저작물,보호저작물,○,상업적이용가능,○,○,○,○,○,○,○,-,2072,-,-
,1040,어문,간행물,국회도서관,국회전자도서관,국회도서관 소장자료,부동산 특정 공동 사업법 : 일본,-,2002,1,미부착,제1유형,무,-,부동산 특정 공동 사업법 : 일본,-,어문,문서,-,법률,한국어,-,1905-06-24 00:00:00,-,국회도서관,-,-,-,제1유형,저작물,보호저작물,○,상업적이용가능,○,○,○,○,○,○,○,-,2072,-,-
,1041,어문,간행물,국회도서관,국회전자도서관,국회도서관 소장자료,부동산시장 질서의 정비 및 규범에 관한 통지 : 중국,-,2002,1,미부착,제1유형,무,-,부동산시장 질서의 정비 및 규범에 관한 통지 : 중국,-,어문,문서,-,법률,한국어,-,1905-06-24 00:00:00,-,국회도서관,-,-,-,제1유형,저작물,보호저작물,○,상업적이용가능,○,○,○,○,○,○,○,-,2072,-,-
,1042,어문,간행물,국회도서관,국회전자도서관,국회도서관 소장자료,북한 이탈 주민 : 현황과 대책,-,2002,1,미부착,제1유형,무,-,북한 이탈 주민 : 현황과 대책,-,어문,문서,-,법률,한국어,-,1905-06-24 00:00:00,-,국회도서관,-,-,-,제1유형,저작물,보호저작물,○,상업적이용가능,○,○,○,○,○,○,○,-,2072,-,-
,1043,어문,간행물,국회도서관,국회전자도서관,국회도서관 소장자료,북한의 체제 개혁과 개방,-,2002,1,미부착,제1유형,무,-,북한의 체제 개혁과 개방,-,어문,문서,-,법률,한국어,-,1905-06-24 00:00:00,-,국회도서관,-,-,-,제1유형,저작물,보호저작물,○,상업적이용가능,○,○,○,○,○,○,○,-,2072,-,-
,1044,어문,간행물,국회도서관,국회전자도서관,국회도서관 소장자료,북한의 핵 개발과 한국의 대응방향,-,2002,1,미부착,제1유형,무,-,북한의 핵 개발과 한국의 대응방향,-,어문,문서,-,법률,한국어,-,1905-06-24 00:00:00,-,국회도서관,-,-,-,제1유형,저작물,보호저작물,○,상업적이용가능,○,○,○,○,○,○,○,-,2072,-,-
,1045,어문,간행물,국회도서관,국회전자도서관,국회도서관 소장자료,사회복지행위·가정법전(법률편) : 프랑스,-,2002,1,미부착,제1유형,무,-,사회복지행위·가정법전(법률편) : 프랑스,-,어문,문서,-,법률,한국어,-,1905-06-24 00:00:00,-,국회도서관,-,-,-,제1유형,저작물,보호저작물,○,상업적이용가능,○,○,○,○,○,○,○,-,2072,-,-
,1046,어문,간행물,국회도서관,국회전자도서관,국회도서관 소장자료,상항법 : 대만,-,2002,1,미부착,제1유형,무,-,상항법 : 대만,-,어문,문서,-,법률,한국어,-,1905-06-24 00:00:00,-,국회도서관,-,-,-,제1유형,저작물,보호저작물,○,상업적이용가능,○,○,○,○,○,○,○,-,2072,-,-
,1047,어문,간행물,국회도서관,국회전자도서관,국회도서관 소장자료,생산적 복지를 위한 법적 실현방안에 관한 고찰,-,2002,1,미부착,제1유형,무,-,생산적 복지를 위한 법적 실현방안에 관한 고찰,-,어문,문서,-,법률,한국어,-,1905-06-24 00:00:00,-,국회도서관,-,-,-,제1유형,저작물,보호저작물,○,상업적이용가능,○,○,○,○,○,○,○,-,2072,-,-
,1048,어문,간행물,국회도서관,국회전자도서관,국회도서관 소장자료,생활보호법 : 일본,-,2002,1,미부착,제1유형,무,-,생활보호법 : 일본,-,어문,문서,-,법률,한국어,-,1905-06-24 00:00:00,-,국회도서관,-,-,-,제1유형,저작물,보호저작물,○,상업적이용가능,○,○,○,○,○,○,○,-,2072,-,-
,1049,어문,간행물,국회도서관,국회전자도서관,국회도서관 소장자료,선출직간 겸직금지에 관한 조직법 : 프랑스,-,2002,1,미부착,제1유형,무,-,선출직간 겸직금지에 관한 조직법 : 프랑스,-,어문,문서,-,법률,한국어,-,1905-06-24 00:00:00,-,국회도서관,-,-,-,제1유형,저작물,보호저작물,○,상업적이용가능,○,○,○,○,○,○,○,-,2072,-,-
,1050,어문,간행물,국회도서관,국회전자도서관,국회도서관 소장자료,선출직간 겸직제한 및 직무수행조건에 관한 법 (프랑스),-,2002,1,미부착,제1유형,무,-,선출직간 겸직제한 및 직무수행조건에 관한 법 (프랑스),-,어문,문서,-,법률,한국어,-,1905-06-24 00:00:00,-,국회도서관,-,-,-,제1유형,저작물,보호저작물,○,상업적이용가능,○,○,○,○,○,○,○,-,2072,-,-
,1051,어문,간행물,국회도서관,국회전자도서관,국회도서관 소장자료,소방구조대 내의 자원봉사 진흥에 관한 법률 : 프랑스,-,2002,1,미부착,제1유형,무,-,소방구조대 내의 자원봉사 진흥에 관한 법률 : 프랑스,-,어문,문서,-,법률,한국어,-,1905-06-24 00:00:00,-,국회도서관,-,-,-,제1유형,저작물,보호저작물,○,상업적이용가능,○,○,○,○,○,○,○,-,2072,-,-
,1052,어문,간행물,국회도서관,국회전자도서관,국회도서관 소장자료,소방법 : 대만,-,2002,1,미부착,제1유형,무,-,소방법 : 대만,-,어문,문서,-,법률,한국어,-,1905-06-24 00:00:00,-,국회도서관,-,-,-,제1유형,저작물,보호저작물,○,상업적이용가능,○,○,○,○,○,○,○,-,2072,-,-
,1053,어문,간행물,국회도서관,국회전자도서관,국회도서관 소장자료,소방법령 체계의 개편방안 : 분법화,-,2002,1,미부착,제1유형,무,-,소방법령 체계의 개편방안 : 분법화,-,어문,문서,-,법률,한국어,-,1905-06-24 00:00:00,-,국회도서관,-,-,-,제1유형,저작물,보호저작물,○,상업적이용가능,○,○,○,○,○,○,○,-,2072,-,-
,1054,어문,간행물,국회도서관,국회전자도서관,국회도서관 소장자료,스토커 행위 등의 규제 등에 관한 법률,-,2002,1,미부착,제1유형,무,-,스토커 행위 등의 규제 등에 관한 법률,-,어문,문서,-,법률,한국어,-,1905-06-24 00:00:00,-,국회도서관,-,-,-,제1유형,저작물,보호저작물,○,상업적이용가능,○,○,○,○,○,○,○,-,2072,-,-
,1055,어문,간행물,국회도서관,국회전자도서관,국회도서관 소장자료,스팸메일 관련 정책의 현황과 방지대책,-,2002,1,미부착,제1유형,무,-,스팸메일 관련 정책의 현황과 방지대책,-,어문,문서,-,법률,한국어,-,1905-06-24 00:00:00,-,국회도서관,-,-,-,제1유형,저작물,보호저작물,○,상업적이용가능,○,○,○,○,○,○,○,-,2072,-,-
,1056,어문,간행물,국회도서관,국회전자도서관,국회도서관 소장자료,신의주 특별행정구의 주요내용과 시사점,-,2002,1,미부착,제1유형,무,-,신의주 특별행정구의 주요내용과 시사점,-,어문,문서,-,법률,한국어,-,1905-06-24 00:00:00,-,국회도서관,-,-,-,제1유형,저작물,보호저작물,○,상업적이용가능,○,○,○,○,○,○,○,-,2072,-,-
,1057,어문,간행물,국회도서관,국회전자도서관,국회도서관 소장자료,신의주특별행정구 기본법의 비교,-,2002,1,미부착,제1유형,무,-,신의주특별행정구 기본법의 비교,-,어문,문서,-,법률,한국어,-,1905-06-24 00:00:00,-,국회도서관,-,-,-,제1유형,저작물,보호저작물,○,상업적이용가능,○,○,○,○,○,○,○,-,2072,-,-
,1058,어문,간행물,국회도서관,국회전자도서관,국회도서관 소장자료,아동 성(性)착취 및 학대 처벌법 : 미국,-,2002,1,미부착,제1유형,무,-,아동 성(性)착취 및 학대 처벌법 : 미국,-,어문,문서,-,법률,한국어,-,1905-06-24 00:00:00,-,국회도서관,-,-,-,제1유형,저작물,보호저작물,○,상업적이용가능,○,○,○,○,○,○,○,-,2072,-,-
,1059,어문,간행물,국회도서관,국회전자도서관,국회도서관 소장자료,아동학대의 방지 등에 관한 법률 : 일본,-,2002,1,미부착,제1유형,무,-,아동학대의 방지 등에 관한 법률 : 일본,-,어문,문서,-,법률,한국어,-,1905-06-24 00:00:00,-,국회도서관,-,-,-,제1유형,저작물,보호저작물,○,상업적이용가능,○,○,○,○,○,○,○,-,2072,-,-
,1060,어문,간행물,국회도서관,국회전자도서관,국회도서관 소장자료,아프간 여성 및 아동 구제법 : 미국,-,2002,1,미부착,제1유형,무,-,아프간 여성 및 아동 구제법 : 미국,-,어문,문서,-,법률,한국어,-,1905-06-24 00:00:00,-,국회도서관,-,-,-,제1유형,저작물,보호저작물,○,상업적이용가능,○,○,○,○,○,○,○,-,2072,-,-
,1061,어문,간행물,국회도서관,국회전자도서관,국회도서관 소장자료,안전하고 마약없는 학교 및 지역 사회법 : 미국,-,2002,1,미부착,제1유형,무,-,안전하고 마약없는 학교 및 지역 사회법 : 미국,-,어문,문서,-,법률,한국어,-,1905-06-24 00:00:00,-,국회도서관,-,-,-,제1유형,저작물,보호저작물,○,상업적이용가능,○,○,○,○,○,○,○,-,2072,-,-
,1062,어문,간행물,국회도서관,국회전자도서관,국회도서관 소장자료,약제비 적정화 방안,-,2002,1,미부착,제1유형,무,-,약제비 적정화 방안,-,어문,문서,-,법률,한국어,-,1905-06-24 00:00:00,-,국회도서관,-,-,-,제1유형,저작물,보호저작물,○,상업적이용가능,○,○,○,○,○,○,○,-,2072,-,-
,1063,어문,간행물,국회도서관,국회전자도서관,국회도서관 소장자료,어항법 : 대만,-,2002,1,미부착,제1유형,무,-,어항법 : 대만,-,어문,문서,-,법률,한국어,-,1905-06-24 00:00:00,-,국회도서관,-,-,-,제1유형,저작물,보호저작물,○,상업적이용가능,○,○,○,○,○,○,○,-,2072,-,-
,1064,어문,간행물,국회도서관,국회전자도서관,국회도서관 소장자료,엔저현상,-,2002,1,미부착,제1유형,무,-,엔저현상,-,어문,문서,-,법률,한국어,-,1905-06-24 00:00:00,-,국회도서관,-,-,-,제1유형,저작물,보호저작물,○,상업적이용가능,○,○,○,○,○,○,○,-,2072,-,-
,1065,어문,간행물,국회도서관,국회전자도서관,국회도서관 소장자료,연방 주택정책의 원칙에 관한 법 : 러시아,-,2002,1,미부착,제1유형,무,-,연방 주택정책의 원칙에 관한 법 : 러시아,-,어문,문서,-,법률,한국어,-,1905-06-24 00:00:00,-,국회도서관,-,-,-,제1유형,저작물,보호저작물,○,상업적이용가능,○,○,○,○,○,○,○,-,2072,-,-
,1066,어문,간행물,국회도서관,국회전자도서관,국회도서관 소장자료,온라인 프라이버시,-,2002,1,미부착,제1유형,무,-,온라인 프라이버시,-,어문,문서,-,법률,한국어,-,1905-06-24 00:00:00,-,국회도서관,-,-,-,제1유형,저작물,보호저작물,○,상업적이용가능,○,○,○,○,○,○,○,-,2072,-,-
,1067,어문,간행물,국회도서관,국회전자도서관,국회도서관 소장자료,외국인 범인인도에 관한 법률 : 프랑스,-,2002,1,미부착,제1유형,무,-,외국인 범인인도에 관한 법률 : 프랑스,-,어문,문서,-,법률,한국어,-,1905-06-24 00:00:00,-,국회도서관,-,-,-,제1유형,저작물,보호저작물,○,상업적이용가능,○,○,○,○,○,○,○,-,2072,-,-
,1068,어문,간행물,국회도서관,국회전자도서관,국회도서관 소장자료,외국인의 프랑스 입국과 체류조건에 관한 법률명령 : 프랑스,-,2002,1,미부착,제1유형,무,-,외국인의 프랑스 입국과 체류조건에 관한 법률명령 : 프랑스,-,어문,문서,-,법률,한국어,-,1905-06-24 00:00:00,-,국회도서관,-,-,-,제1유형,저작물,보호저작물,○,상업적이용가능,○,○,○,○,○,○,○,-,2072,-,-
,1069,어문,간행물,국회도서관,국회전자도서관,국회도서관 소장자료,外資보험공사관리조례 : 중국,-,2002,1,미부착,제1유형,무,-,外資보험공사관리조례 : 중국,-,어문,문서,-,법률,한국어,-,1905-06-24 00:00:00,-,국회도서관,-,-,-,제1유형,저작물,보호저작물,○,상업적이용가능,○,○,○,○,○,○,○,-,2072,-,-
,1070,어문,간행물,국회도서관,국회전자도서관,국회도서관 소장자료,우리경제의 서비스화와 수출입 경쟁력 분석,-,2002,1,미부착,제1유형,무,-,우리경제의 서비스화와 수출입 경쟁력 분석,-,어문,문서,-,법률,한국어,-,1905-06-24 00:00:00,-,국회도서관,-,-,-,제1유형,저작물,보호저작물,○,상업적이용가능,○,○,○,○,○,○,○,-,2072,-,-
,1071,어문,간행물,국회도서관,국회전자도서관,국회도서관 소장자료,인터넷에서 저작물의 공정이용,-,2002,1,미부착,제1유형,무,-,인터넷에서 저작물의 공정이용,-,어문,문서,-,법률,한국어,-,1905-06-24 00:00:00,-,국회도서관,-,-,-,제1유형,저작물,보호저작물,○,상업적이용가능,○,○,○,○,○,○,○,-,2072,-,-
,1072,어문,간행물,국회도서관,국회전자도서관,국회도서관 소장자료,인터넷은행업무관리잠정조치 : 중국,-,2002,1,미부착,제1유형,무,-,인터넷은행업무관리잠정조치 : 중국,-,어문,문서,-,법률,한국어,-,1905-06-24 00:00:00,-,국회도서관,-,-,-,제1유형,저작물,보호저작물,○,상업적이용가능,○,○,○,○,○,○,○,-,2072,-,-
,1073,어문,간행물,국회도서관,국회전자도서관,국회도서관 소장자료,자영농의 노동사고와 직업병 보장범위 개선에 관한 법 (프랑스),-,2002,1,미부착,제1유형,무,-,자영농의 노동사고와 직업병 보장범위 개선에 관한 법 (프랑스),-,어문,문서,-,법률,한국어,-,1905-06-24 00:00:00,-,국회도서관,-,-,-,제1유형,저작물,보호저작물,○,상업적이용가능,○,○,○,○,○,○,○,-,2072,-,-
,1074,어문,간행물,국회도서관,국회전자도서관,국회도서관 소장자료,자원봉사자보호법 : 미국,-,2002,1,미부착,제1유형,무,-,자원봉사자보호법 : 미국,-,어문,문서,-,법률,한국어,-,1905-06-24 00:00:00,-,국회도서관,-,-,-,제1유형,저작물,보호저작물,○,상업적이용가능,○,○,○,○,○,○,○,-,2072,-,-
,1075,어문,간행물,국회도서관,국회전자도서관,국회도서관 소장자료,자유무역협정(Free Trade Agreement)과 우리 나라의 정책방향,-,2002,1,미부착,제1유형,무,-,자유무역협정(Free Trade Agreement)과 우리 나라의 정책방향,-,어문,문서,-,법률,한국어,-,1905-06-24 00:00:00,-,국회도서관,-,-,-,제1유형,저작물,보호저작물,○,상업적이용가능,○,○,○,○,○,○,○,-,2072,-,-
,1076,어문,간행물,국회도서관,국회전자도서관,국회도서관 소장자료,자유왕래 수혜국인 유럽공동체 회원국 출신자의 프랑스 입국과 체류조건에 관한 정령 : 프랑스,-,2002,1,미부착,제1유형,무,-,자유왕래 수혜국인 유럽공동체 회원국 출신자의 프랑스 입국과 체류조건에 관한 정령 : 프랑스,-,어문,문서,-,법률,한국어,-,1905-06-24 00:00:00,-,국회도서관,-,-,-,제1유형,저작물,보호저작물,○,상업적이용가능,○,○,○,○,○,○,○,-,2072,-,-
,1077,어문,간행물,국회도서관,국회전자도서관,국회도서관 소장자료,장애아동 보육의 활성화 방안,-,2002,1,미부착,제1유형,무,-,장애아동 보육의 활성화 방안,-,어문,문서,-,법률,한국어,-,1905-06-24 00:00:00,-,국회도서관,-,-,-,제1유형,저작물,보호저작물,○,상업적이용가능,○,○,○,○,○,○,○,-,2072,-,-
,1078,어문,간행물,국회도서관,국회전자도서관,국회도서관 소장자료,全국민건강보험법 : 대만,-,2002,1,미부착,제1유형,무,-,全국민건강보험법 : 대만,-,어문,문서,-,법률,한국어,-,1905-06-24 00:00:00,-,국회도서관,-,-,-,제1유형,저작물,보호저작물,○,상업적이용가능,○,○,○,○,○,○,○,-,2072,-,-
,1079,어문,간행물,국회도서관,국회전자도서관,국회도서관 소장자료,정보·정보화 및 정보 보호에 관한 법 : 러시아,-,2002,1,미부착,제1유형,무,-,정보·정보화 및 정보 보호에 관한 법 : 러시아,-,어문,문서,-,법률,한국어,-,1905-06-24 00:00:00,-,국회도서관,-,-,-,제1유형,저작물,보호저작물,○,상업적이용가능,○,○,○,○,○,○,○,-,2072,-,-
,1080,어문,간행물,국회도서관,국회전자도서관,국회도서관 소장자료,주요국의 정보화정책,-,2002,1,미부착,제1유형,무,-,주요국의 정보화정책,-,어문,문서,-,법률,한국어,-,1905-06-24 00:00:00,-,국회도서관,-,-,-,제1유형,저작물,보호저작물,○,상업적이용가능,○,○,○,○,○,○,○,-,2072,-,-
,1081,어문,간행물,국회도서관,국회전자도서관,국회도서관 소장자료,주요국의 축산·식품행정 개편 움직임,-,2002,1,미부착,제1유형,무,-,주요국의 축산·식품행정 개편 움직임,-,어문,문서,-,법률,한국어,-,1905-06-24 00:00:00,-,국회도서관,-,-,-,제1유형,저작물,보호저작물,○,상업적이용가능,○,○,○,○,○,○,○,-,2072,-,-
,1082,어문,간행물,국회도서관,국회전자도서관,국회도서관 소장자료,주주 자본주의,-,2002,1,미부착,제1유형,무,-,주주 자본주의,-,어문,문서,-,법률,한국어,-,1905-06-24 00:00:00,-,국회도서관,-,-,-,제1유형,저작물,보호저작물,○,상업적이용가능,○,○,○,○,○,○,○,-,2072,-,-
,1083,어문,간행물,국회도서관,국회전자도서관,국회도서관 소장자료,주택 리모델링(Remodelling)의 정책 현황과 법제적 개선 방향,-,2002,1,미부착,제1유형,무,-,주택 리모델링(Remodelling)의 정책 현황과 법제적 개선 방향,-,어문,문서,-,법률,한국어,-,1905-06-24 00:00:00,-,국회도서관,-,-,-,제1유형,저작물,보호저작물,○,상업적이용가능,○,○,○,○,○,○,○,-,2072,-,-
,1084,어문,간행물,국회도서관,국회전자도서관,국회도서관 소장자료,주택조합제도의 실태와 향후 대책,-,2002,1,미부착,제1유형,무,-,주택조합제도의 실태와 향후 대책,-,어문,문서,-,법률,한국어,-,1905-06-24 00:00:00,-,국회도서관,-,-,-,제1유형,저작물,보호저작물,○,상업적이용가능,○,○,○,○,○,○,○,-,2072,-,-
,1085,어문,간행물,국회도서관,국회전자도서관,국회도서관 소장자료,주택청약제도의 문제점과 개선 방향,-,2002,1,미부착,제1유형,무,-,주택청약제도의 문제점과 개선 방향,-,어문,문서,-,법률,한국어,-,1905-06-24 00:00:00,-,국회도서관,-,-,-,제1유형,저작물,보호저작물,○,상업적이용가능,○,○,○,○,○,○,○,-,2072,-,-
,1086,어문,간행물,국회도서관,국회전자도서관,국회도서관 소장자료,주한미군에 대한 북한의 네가지 주장과 한국의 대응논리,-,2002,1,미부착,제1유형,무,-,주한미군에 대한 북한의 네가지 주장과 한국의 대응논리,-,어문,문서,-,법률,한국어,-,1905-06-24 00:00:00,-,국회도서관,-,-,-,제1유형,저작물,보호저작물,○,상업적이용가능,○,○,○,○,○,○,○,-,2072,-,-
,1087,어문,간행물,국회도서관,국회전자도서관,국회도서관 소장자료,중화인민공화국 고등교육법,-,2002,1,미부착,제1유형,무,-,중화인민공화국 고등교육법,-,어문,문서,-,법률,한국어,-,1905-06-24 00:00:00,-,국회도서관,-,-,-,제1유형,저작물,보호저작물,○,상업적이용가능,○,○,○,○,○,○,○,-,2072,-,-
,1088,어문,간행물,국회도서관,국회전자도서관,국회도서관 소장자료,중화인민공화국 교사법,-,2002,1,미부착,제1유형,무,-,중화인민공화국 교사법,-,어문,문서,-,법률,한국어,-,1905-06-24 00:00:00,-,국회도서관,-,-,-,제1유형,저작물,보호저작물,○,상업적이용가능,○,○,○,○,○,○,○,-,2072,-,-
,1089,어문,간행물,국회도서관,국회전자도서관,국회도서관 소장자료,중화인민공화국 보험법,-,2002,1,미부착,제1유형,무,-,중화인민공화국 보험법,-,어문,문서,-,법률,한국어,-,1905-06-24 00:00:00,-,국회도서관,-,-,-,제1유형,저작물,보호저작물,○,상업적이용가능,○,○,○,○,○,○,○,-,2072,-,-
,1090,어문,간행물,국회도서관,국회전자도서관,국회도서관 소장자료,중화인민공화국 수출입상품검사법,-,2002,1,미부착,제1유형,무,-,중화인민공화국 수출입상품검사법,-,어문,문서,-,법률,한국어,-,1905-06-24 00:00:00,-,국회도서관,-,-,-,제1유형,저작물,보호저작물,○,상업적이용가능,○,○,○,○,○,○,○,-,2072,-,-
,1091,어문,간행물,국회도서관,국회전자도서관,국회도서관 소장자료,중화인민공화국 저작권법 : 중국,-,2002,1,미부착,제1유형,무,-,중화인민공화국 저작권법 : 중국,-,어문,문서,-,법률,한국어,-,1905-06-24 00:00:00,-,국회도서관,-,-,-,제1유형,저작물,보호저작물,○,상업적이용가능,○,○,○,○,○,○,○,-,2072,-,-
,1092,어문,간행물,국회도서관,국회전자도서관,국회도서관 소장자료,차세대 인터넷(IPv6),-,2002,1,미부착,제1유형,무,-,차세대 인터넷(IPv6),-,어문,문서,-,법률,한국어,-,1905-06-24 00:00:00,-,국회도서관,-,-,-,제1유형,저작물,보호저작물,○,상업적이용가능,○,○,○,○,○,○,○,-,2072,-,-
,1093,어문,간행물,국회도서관,국회전자도서관,국회도서관 소장자료,초등학교 한자교육 논쟁 : 남북한 언어정책 비교를 중심으로,-,2002,1,미부착,제1유형,무,-,초등학교 한자교육 논쟁 : 남북한 언어정책 비교를 중심으로,-,어문,문서,-,법률,한국어,-,1905-06-24 00:00:00,-,국회도서관,-,-,-,제1유형,저작물,보호저작물,○,상업적이용가능,○,○,○,○,○,○,○,-,2072,-,-
,1094,어문,간행물,국회도서관,국회전자도서관,국회도서관 소장자료,최근 일본의 쌀 수급동향과 관련대책,-,2002,1,미부착,제1유형,무,-,최근 일본의 쌀 수급동향과 관련대책,-,어문,문서,-,법률,한국어,-,1905-06-24 00:00:00,-,국회도서관,-,-,-,제1유형,저작물,보호저작물,○,상업적이용가능,○,○,○,○,○,○,○,-,2072,-,-
,1095,어문,간행물,국회도서관,국회전자도서관,국회도서관 소장자료,최근의 對美 테러공격 책임자들에 대한 미합중국 군대 사용 승인을 위한 양원 합동결의안 : 미국,-,2002,1,미부착,제1유형,무,-,최근의 對美 테러공격 책임자들에 대한 미합중국 군대 사용 승인을 위한 양원 합동결의안 : 미국,-,어문,문서,-,법률,한국어,-,1905-06-24 00:00:00,-,국회도서관,-,-,-,제1유형,저작물,보호저작물,○,상업적이용가능,○,○,○,○,○,○,○,-,2072,-,-
,1096,어문,간행물,국회도서관,국회전자도서관,국회도서관 소장자료,최저임금제도 : 쟁점과 개선방안,-,2002,1,미부착,제1유형,무,-,최저임금제도 : 쟁점과 개선방안,-,어문,문서,-,법률,한국어,-,1905-06-24 00:00:00,-,국회도서관,-,-,-,제1유형,저작물,보호저작물,○,상업적이용가능,○,○,○,○,○,○,○,-,2072,-,-
,1097,어문,간행물,국회도서관,국회전자도서관,국회도서관 소장자료,출입국 및 이민법 : 대만,-,2002,1,미부착,제1유형,무,-,출입국 및 이민법 : 대만,-,어문,문서,-,법률,한국어,-,1905-06-24 00:00:00,-,국회도서관,-,-,-,제1유형,저작물,보호저작물,○,상업적이용가능,○,○,○,○,○,○,○,-,2072,-,-
,1098,어문,간행물,국회도서관,국회전자도서관,국회도서관 소장자료,출입국관리 및 난민인정법 : 일본,-,2002,1,미부착,제1유형,무,-,출입국관리 및 난민인정법 : 일본,-,어문,문서,-,법률,한국어,-,1905-06-24 00:00:00,-,국회도서관,-,-,-,제1유형,저작물,보호저작물,○,상업적이용가능,○,○,○,○,○,○,○,-,2072,-,-
,1099,어문,간행물,국회도서관,국회전자도서관,국회도서관 소장자료,컴퓨터 프로그램과 데이타베이스의 법적 보호에 관한 법 : 러시아,-,2002,1,미부착,제1유형,무,-,컴퓨터 프로그램과 데이타베이스의 법적 보호에 관한 법 : 러시아,-,어문,문서,-,법률,한국어,-,1905-06-24 00:00:00,-,국회도서관,-,-,-,제1유형,저작물,보호저작물,○,상업적이용가능,○,○,○,○,○,○,○,-,2072,-,-
,1100,어문,간행물,국회도서관,국회전자도서관,국회도서관 소장자료,컴퓨터소프트웨어보호조례 : 중국,-,2002,1,미부착,제1유형,무,-,컴퓨터소프트웨어보호조례 : 중국,-,어문,문서,-,법률,한국어,-,1905-06-24 00:00:00,-,국회도서관,-,-,-,제1유형,저작물,보호저작물,○,상업적이용가능,○,○,○,○,○,○,○,-,2072,-,-
,1101,어문,간행물,국회도서관,국회전자도서관,국회도서관 소장자료,토지수용조례 : 대만,-,2002,1,미부착,제1유형,무,-,토지수용조례 : 대만,-,어문,문서,-,법률,한국어,-,1905-06-24 00:00:00,-,국회도서관,-,-,-,제1유형,저작물,보호저작물,○,상업적이용가능,○,○,○,○,○,○,○,-,2072,-,-
,1102,어문,간행물,국회도서관,국회전자도서관,국회도서관 소장자료,퇴직공직자 및 비위공직자 취업제한 제도,-,2002,1,미부착,제1유형,무,-,퇴직공직자 및 비위공직자 취업제한 제도,-,어문,문서,-,법률,한국어,-,1905-06-24 00:00:00,-,국회도서관,-,-,-,제1유형,저작물,보호저작물,○,상업적이용가능,○,○,○,○,○,○,○,-,2072,-,-
,1103,어문,간행물,국회도서관,국회전자도서관,국회도서관 소장자료,특정전자메일 송신의 적정화 등에 관한 법률 : 일본,-,2002,1,미부착,제1유형,무,-,특정전자메일 송신의 적정화 등에 관한 법률 : 일본,-,어문,문서,-,법률,한국어,-,1905-06-24 00:00:00,-,국회도서관,-,-,-,제1유형,저작물,보호저작물,○,상업적이용가능,○,○,○,○,○,○,○,-,2072,-,-
,1104,어문,간행물,국회도서관,국회전자도서관,국회도서관 소장자료,파산법 : 일본,-,2002,1,미부착,제1유형,무,-,파산법 : 일본,-,어문,문서,-,법률,한국어,-,1905-06-24 00:00:00,-,국회도서관,-,-,-,제1유형,저작물,보호저작물,○,상업적이용가능,○,○,○,○,○,○,○,-,2072,-,-
,1105,어문,간행물,국회도서관,국회전자도서관,국회도서관 소장자료,프랑스 박물관에 관한 법,-,2002,1,미부착,제1유형,무,-,프랑스 박물관에 관한 법,-,어문,문서,-,법률,한국어,-,1905-06-24 00:00:00,-,국회도서관,-,-,-,제1유형,저작물,보호저작물,○,상업적이용가능,○,○,○,○,○,○,○,-,2072,-,-
,1106,어문,간행물,국회도서관,국회전자도서관,국회도서관 소장자료,필수공익사업의 노동쟁의조정제도의 쟁점 : 직권중재를 중심으로,-,2002,1,미부착,제1유형,무,-,필수공익사업의 노동쟁의조정제도의 쟁점 : 직권중재를 중심으로,-,어문,문서,-,법률,한국어,-,1905-06-24 00:00:00,-,국회도서관,-,-,-,제1유형,저작물,보호저작물,○,상업적이용가능,○,○,○,○,○,○,○,-,2072,-,-
,1107,어문,간행물,국회도서관,국회전자도서관,국회도서관 소장자료,한국 정보통신 부문이 미치는 생산활동과 중간재교역 변화에 대한 영향 : 아시아 태평양 지역의 10개국을 대상으로,-,2002,1,미부착,제1유형,무,-,한국 정보통신 부문이 미치는 생산활동과 중간재교역 변화에 대한 영향 : 아시아 태평양 지역의 10개국을 대상으로,-,어문,문서,-,법률,한국어,-,1905-06-24 00:00:00,-,국회도서관,-,-,-,제1유형,저작물,보호저작물,○,상업적이용가능,○,○,○,○,○,○,○,-,2072,-,-
,1108,어문,간행물,국회도서관,국회전자도서관,국회도서관 소장자료,항만법 : 일본,-,2002,1,미부착,제1유형,무,-,항만법 : 일본,-,어문,문서,-,법률,한국어,-,1905-06-24 00:00:00,-,국회도서관,-,-,-,제1유형,저작물,보호저작물,○,상업적이용가능,○,○,○,○,○,○,○,-,2072,-,-
,1109,어문,간행물,국회도서관,국회전자도서관,국회도서관 소장자료,해방 이후 諸정당의 원내 진출 상황과 이념적 특성(강령을 중심으로),-,2002,1,미부착,제1유형,무,-,해방 이후 諸정당의 원내 진출 상황과 이념적 특성(강령을 중심으로),-,어문,문서,-,법률,한국어,-,1905-06-24 00:00:00,-,국회도서관,-,-,-,제1유형,저작물,보호저작물,○,상업적이용가능,○,○,○,○,○,○,○,-,2072,-,-
,1110,어문,간행물,국회도서관,국회전자도서관,국회도서관 소장자료,해양오염 및 해상재해의 방지에 관한 법률 : 일본,-,2002,1,미부착,제1유형,무,-,해양오염 및 해상재해의 방지에 관한 법률 : 일본,-,어문,문서,-,법률,한국어,-,1905-06-24 00:00:00,-,국회도서관,-,-,-,제1유형,저작물,보호저작물,○,상업적이용가능,○,○,○,○,○,○,○,-,2072,-,-
,1111,어문,간행물,국회도서관,국회전자도서관,국회도서관 소장자료,해양오염방지법 : 영국,-,2002,1,미부착,제1유형,무,-,해양오염방지법 : 영국,-,어문,문서,-,법률,한국어,-,1905-06-24 00:00:00,-,국회도서관,-,-,-,제1유형,저작물,보호저작물,○,상업적이용가능,○,○,○,○,○,○,○,-,2072,-,-
,1112,어문,간행물,국회도서관,국회전자도서관,국회도서관 소장자료,해외 부재자 투표제도 재도입 방향,-,2002,1,미부착,제1유형,무,-,해외 부재자 투표제도 재도입 방향,-,어문,문서,-,법률,한국어,-,1905-06-24 00:00:00,-,국회도서관,-,-,-,제1유형,저작물,보호저작물,○,상업적이용가능,○,○,○,○,○,○,○,-,2072,-,-
,1113,어문,간행물,국회도서관,국회전자도서관,국회도서관 소장자료,해외 소재 한국문화재 현황과 반환대책,-,2002,1,미부착,제1유형,무,-,해외 소재 한국문화재 현황과 반환대책,-,어문,문서,-,법률,한국어,-,1905-06-24 00:00:00,-,국회도서관,-,-,-,제1유형,저작물,보호저작물,○,상업적이용가능,○,○,○,○,○,○,○,-,2072,-,-
,1114,어문,간행물,국회도서관,국회전자도서관,국회도서관 소장자료,행정원조직법 : 대만,-,2002,1,미부착,제1유형,무,-,행정원조직법 : 대만,-,어문,문서,-,법률,한국어,-,1905-06-24 00:00:00,-,국회도서관,-,-,-,제1유형,저작물,보호저작물,○,상업적이용가능,○,○,○,○,○,○,○,-,2072,-,-
,1115,어문,간행물,국회도서관,국회전자도서관,국회도서관 소장자료,헌법상「국가의 환경보전의무」의 실현을 위한 법제정비,-,2002,1,미부착,제1유형,무,-,헌법상「국가의 환경보전의무」의 실현을 위한 법제정비,-,어문,문서,-,법률,한국어,-,1905-06-24 00:00:00,-,국회도서관,-,-,-,제1유형,저작물,보호저작물,○,상업적이용가능,○,○,○,○,○,○,○,-,2072,-,-
,1116,어문,간행물,국회도서관,국회전자도서관,국회도서관 소장자료,화재구조기관에 관한 법률 : 프랑스,-,2002,1,미부착,제1유형,무,-,화재구조기관에 관한 법률 : 프랑스,-,어문,문서,-,법률,한국어,-,1905-06-24 00:00:00,-,국회도서관,-,-,-,제1유형,저작물,보호저작물,○,상업적이용가능,○,○,○,○,○,○,○,-,2072,-,-
,1117,어문,간행물,국회도서관,국회전자도서관,국회도서관 소장자료,확정갹출연금법 : 일본,-,2002,1,미부착,제1유형,무,-,확정갹출연금법 : 일본,-,어문,문서,-,법률,한국어,-,1905-06-24 00:00:00,-,국회도서관,-,-,-,제1유형,저작물,보호저작물,○,상업적이용가능,○,○,○,○,○,○,○,-,2072,-,-
,1118,어문,간행물,국회도서관,국회전자도서관,국회도서관 소장자료,확정급부기업연금법 : 일본,-,2002,1,미부착,제1유형,무,-,확정급부기업연금법 : 일본,-,어문,문서,-,법률,한국어,-,1905-06-24 00:00:00,-,국회도서관,-,-,-,제1유형,저작물,보호저작물,○,상업적이용가능,○,○,○,○,○,○,○,-,2072,-,-
,1119,어문,간행물,국회도서관,국회전자도서관,국회도서관 소장자료,회사갱생법 : 일본,-,2002,1,미부착,제1유형,무,-,회사갱생법 : 일본,-,어문,문서,-,법률,한국어,-,1905-06-24 00:00:00,-,국회도서관,-,-,-,제1유형,저작물,보호저작물,○,상업적이용가능,○,○,○,○,○,○,○,-,2072,-,-
,1120,어문,간행물,국회도서관,국회전자도서관,국회도서관 소장자료,"(大朝奧國修好)通商條約, 全",-,2003,1,미부착,만료 공공저작물,무,-,"(大朝奧國修好)通商條約, 全",-,어문,문서,-,법률,한국어,-,1905-06-25 00:00:00,-,국회도서관,-,-,-,만료 공공저작물,저작물,만료저작물,-,상업적이용가능,○,○,○,○,○,○,○,-,만료저작물,-,-
,1121,어문,간행물,국회도서관,국회전자도서관,국회도서관 소장자료,2003년 일본 중의원 선거결과 분석,-,2003,1,미부착,제1유형,무,-,2003년 일본 중의원 선거결과 분석,-,어문,문서,-,법률,한국어,-,1905-06-25 00:00:00,-,국회도서관,-,-,-,제1유형,저작물,보호저작물,○,상업적이용가능,○,○,○,○,○,○,○,-,2073,-,-
,1122,어문,간행물,국회도서관,국회전자도서관,국회도서관 소장자료,2003년 한국교육의 성과 : - 2003년도 OECD 교육지표 분석(1),-,2003,1,미부착,제1유형,무,-,2003년 한국교육의 성과 : - 2003년도 OECD 교육지표 분석(1),-,어문,문서,-,법률,한국어,-,1905-06-25 00:00:00,-,국회도서관,-,-,-,제1유형,저작물,보호저작물,○,상업적이용가능,○,○,○,○,○,○,○,-,2073,-,-
,1123,어문,간행물,국회도서관,국회전자도서관,국회도서관 소장자료,DRG 지불제도(포괄수가제)의 도입,-,2003,1,미부착,제1유형,무,-,DRG 지불제도(포괄수가제)의 도입,-,어문,문서,-,법률,한국어,-,1905-06-25 00:00:00,-,국회도서관,-,-,-,제1유형,저작물,보호저작물,○,상업적이용가능,○,○,○,○,○,○,○,-,2073,-,-
,1124,어문,간행물,국회도서관,국회전자도서관,국회도서관 소장자료,감염증예방및감염증환자에대한의료법 : 일본,-,2003,1,미부착,제1유형,무,-,감염증예방및감염증환자에대한의료법 : 일본,-,어문,문서,-,법률,한국어,-,1905-06-25 00:00:00,-,국회도서관,-,-,-,제1유형,저작물,보호저작물,○,상업적이용가능,○,○,○,○,○,○,○,-,2073,-,-
,1125,어문,간행물,국회도서관,국회전자도서관,국회도서관 소장자료,개인정보의보호에관한법률 : 일본,-,2003,1,미부착,제1유형,무,-,개인정보의보호에관한법률 : 일본,-,어문,문서,-,법률,한국어,-,1905-06-25 00:00:00,-,국회도서관,-,-,-,제1유형,저작물,보호저작물,○,상업적이용가능,○,○,○,○,○,○,○,-,2073,-,-
,1126,어문,간행물,국회도서관,국회전자도서관,국회도서관 소장자료,경견(競犬)대회조직허가를받은그레이하운드경주회사에관한정령 : 프랑스,-,2003,1,미부착,제1유형,무,-,경견(競犬)대회조직허가를받은그레이하운드경주회사에관한정령 : 프랑스,-,어문,문서,-,법률,한국어,-,1905-06-25 00:00:00,-,국회도서관,-,-,-,제1유형,저작물,보호저작물,○,상업적이용가능,○,○,○,○,○,○,○,-,2073,-,-
,1127,어문,간행물,국회도서관,국회전자도서관,국회도서관 소장자료,"공적자금 : 지원현황, 문제점, 개선방안",-,2003,1,미부착,제1유형,무,-,"공적자금 : 지원현황, 문제점, 개선방안",-,어문,문서,-,법률,한국어,-,1905-06-25 00:00:00,-,국회도서관,-,-,-,제1유형,저작물,보호저작물,○,상업적이용가능,○,○,○,○,○,○,○,-,2073,-,-
,1128,어문,간행물,국회도서관,국회전자도서관,국회도서관 소장자료,관광진흥법 : 미국,-,2003,1,미부착,제1유형,무,-,관광진흥법 : 미국,-,어문,문서,-,법률,한국어,-,1905-06-25 00:00:00,-,국회도서관,-,-,-,제1유형,저작물,보호저작물,○,상업적이용가능,○,○,○,○,○,○,○,-,2073,-,-
,1129,어문,간행물,국회도서관,국회전자도서관,국회도서관 소장자료,교육행정정보시스템(NEIS)의 쟁점과 과제,-,2003,1,미부착,제1유형,무,-,교육행정정보시스템(NEIS)의 쟁점과 과제,-,어문,문서,-,법률,한국어,-,1905-06-25 00:00:00,-,국회도서관,-,-,-,제1유형,저작물,보호저작물,○,상업적이용가능,○,○,○,○,○,○,○,-,2073,-,-
,1130,어문,간행물,국회도서관,국회전자도서관,국회도서관 소장자료,구강건강법 : 대만,-,2003,1,미부착,제1유형,무,-,구강건강법 : 대만,-,어문,문서,-,법률,한국어,-,1905-06-25 00:00:00,-,국회도서관,-,-,-,제1유형,저작물,보호저작물,○,상업적이용가능,○,○,○,○,○,○,○,-,2073,-,-
,1131,어문,간행물,국회도서관,국회전자도서관,국회도서관 소장자료,국가행정조직법 : 일본,-,2003,1,미부착,제1유형,무,-,국가행정조직법 : 일본,-,어문,문서,-,법률,한국어,-,1905-06-25 00:00:00,-,국회도서관,-,-,-,제1유형,저작물,보호저작물,○,상업적이용가능,○,○,○,○,○,○,○,-,2073,-,-
,1132,어문,간행물,국회도서관,국회전자도서관,국회도서관 소장자료,국군법 : 영국,-,2003,1,미부착,제1유형,무,-,국군법 : 영국,-,어문,문서,-,법률,한국어,-,1905-06-25 00:00:00,-,국회도서관,-,-,-,제1유형,저작물,보호저작물,○,상업적이용가능,○,○,○,○,○,○,○,-,2073,-,-
,1133,어문,간행물,국회도서관,국회전자도서관,국회도서관 소장자료,국립대학법인법 : 일본,-,2003,1,미부착,제1유형,무,-,국립대학법인법 : 일본,-,어문,문서,-,법률,한국어,-,1905-06-25 00:00:00,-,국회도서관,-,-,-,제1유형,저작물,보호저작물,○,상업적이용가능,○,○,○,○,○,○,○,-,2073,-,-
,1134,어문,간행물,국회도서관,국회전자도서관,국회도서관 소장자료,국립야생동식물보호지법 : 미국,-,2003,1,미부착,제1유형,무,-,국립야생동식물보호지법 : 미국,-,어문,문서,-,법률,한국어,-,1905-06-25 00:00:00,-,국회도서관,-,-,-,제1유형,저작물,보호저작물,○,상업적이용가능,○,○,○,○,○,○,○,-,2073,-,-
,1135,어문,간행물,국회도서관,국회전자도서관,국회도서관 소장자료,국무원기구개혁방안 : 중국,-,2003,1,미부착,제1유형,무,-,국무원기구개혁방안 : 중국,-,어문,문서,-,법률,한국어,-,1905-06-25 00:00:00,-,국회도서관,-,-,-,제1유형,저작물,보호저작물,○,상업적이용가능,○,○,○,○,○,○,○,-,2073,-,-
,1136,어문,간행물,국회도서관,국회전자도서관,국회도서관 소장자료,국유재산법 : 일본,-,2003,1,미부착,제1유형,무,-,국유재산법 : 일본,-,어문,문서,-,법률,한국어,-,1905-06-25 00:00:00,-,국회도서관,-,-,-,제1유형,저작물,보호저작물,○,상업적이용가능,○,○,○,○,○,○,○,-,2073,-,-
,1137,어문,간행물,국회도서관,국회전자도서관,국회도서관 소장자료,국정감사결과 시정 및 처리 요구사항에 대한 처리결과 보고서. 2002,-,2003,1,미부착,제1유형,무,-,국정감사결과 시정 및 처리 요구사항에 대한 처리결과 보고서. 2002,-,어문,문서,-,법률,한국어,-,1905-06-25 00:00:00,-,국회도서관,-,-,-,제1유형,저작물,보호저작물,○,상업적이용가능,○,○,○,○,○,○,○,-,2073,-,-
,1138,어문,간행물,국회도서관,국회전자도서관,국회도서관 소장자료,국회운영위원회요구자료,-,2003,1,미부착,제1유형,무,-,국회운영위원회요구자료,-,어문,문서,-,법률,한국어,-,1905-06-25 00:00:00,-,국회도서관,-,-,-,제1유형,저작물,보호저작물,○,상업적이용가능,○,○,○,○,○,○,○,-,2073,-,-
,1139,어문,간행물,국회도서관,국회전자도서관,국회도서관 소장자료,국회운영위원회요구자료. 2,-,2003,1,미부착,제1유형,무,-,국회운영위원회요구자료. 2,-,어문,문서,-,법률,한국어,-,1905-06-25 00:00:00,-,국회도서관,-,-,-,제1유형,저작물,보호저작물,○,상업적이용가능,○,○,○,○,○,○,○,-,2073,-,-
,1140,어문,간행물,국회도서관,국회전자도서관,국회도서관 소장자료,근로시간단축형 육아휴직제도 : 독일과 일본의 입법례를 중심으로,-,2003,1,미부착,제1유형,무,-,근로시간단축형 육아휴직제도 : 독일과 일본의 입법례를 중심으로,-,어문,문서,-,법률,한국어,-,1905-06-25 00:00:00,-,국회도서관,-,-,-,제1유형,저작물,보호저작물,○,상업적이용가능,○,○,○,○,○,○,○,-,2073,-,-
,1141,어문,간행물,국회도서관,국회전자도서관,국회도서관 소장자료,금융계열분리 청구제,-,2003,1,미부착,제1유형,무,-,금융계열분리 청구제,-,어문,문서,-,법률,한국어,-,1905-06-25 00:00:00,-,국회도서관,-,-,-,제1유형,저작물,보호저작물,○,상업적이용가능,○,○,○,○,○,○,○,-,2073,-,-
,1142,어문,간행물,국회도서관,국회전자도서관,국회도서관 소장자료,기술영향평가(Technology Assessment)제도의 현황과 방향,-,2003,1,미부착,제1유형,무,-,기술영향평가(Technology Assessment)제도의 현황과 방향,-,어문,문서,-,법률,한국어,-,1905-06-25 00:00:00,-,국회도서관,-,-,-,제1유형,저작물,보호저작물,○,상업적이용가능,○,○,○,○,○,○,○,-,2073,-,-
,1143,어문,간행물,국회도서관,국회전자도서관,국회도서관 소장자료,기업회계개혁법 : 미국,-,2003,1,미부착,제1유형,무,-,기업회계개혁법 : 미국,-,어문,문서,-,법률,한국어,-,1905-06-25 00:00:00,-,국회도서관,-,-,-,제1유형,저작물,보호저작물,○,상업적이용가능,○,○,○,○,○,○,○,-,2073,-,-
,1144,어문,간행물,국회도서관,국회전자도서관,국회도서관 소장자료,노동기준법 : 일본,-,2003,1,미부착,제1유형,무,-,노동기준법 : 일본,-,어문,문서,-,법률,한국어,-,1905-06-25 00:00:00,-,국회도서관,-,-,-,제1유형,저작물,보호저작물,○,상업적이용가능,○,○,○,○,○,○,○,-,2073,-,-
,1145,어문,간행물,국회도서관,국회전자도서관,국회도서관 소장자료,노동쟁의와 손해배상·가압류,-,2003,1,미부착,제1유형,무,-,노동쟁의와 손해배상·가압류,-,어문,문서,-,법률,한국어,-,1905-06-25 00:00:00,-,국회도서관,-,-,-,제1유형,저작물,보호저작물,○,상업적이용가능,○,○,○,○,○,○,○,-,2073,-,-
,1146,어문,간행물,국회도서관,국회전자도서관,국회도서관 소장자료,노동조합법 : 중국,-,2003,1,미부착,제1유형,무,-,노동조합법 : 중국,-,어문,문서,-,법률,한국어,-,1905-06-25 00:00:00,-,국회도서관,-,-,-,제1유형,저작물,보호저작물,○,상업적이용가능,○,○,○,○,○,○,○,-,2073,-,-
,1147,어문,간행물,국회도서관,국회전자도서관,국회도서관 소장자료,노인학대,-,2003,1,미부착,제1유형,무,-,노인학대,-,어문,문서,-,법률,한국어,-,1905-06-25 00:00:00,-,국회도서관,-,-,-,제1유형,저작물,보호저작물,○,상업적이용가능,○,○,○,○,○,○,○,-,2073,-,-
,1148,어문,간행물,국회도서관,국회전자도서관,국회도서관 소장자료,도메인이름의 양도차익 과세,-,2003,1,미부착,제1유형,무,-,도메인이름의 양도차익 과세,-,어문,문서,-,법률,한국어,-,1905-06-25 00:00:00,-,국회도서관,-,-,-,제1유형,저작물,보호저작물,○,상업적이용가능,○,○,○,○,○,○,○,-,2073,-,-
,1149,어문,간행물,국회도서관,국회전자도서관,국회도서관 소장자료,독립행정법인등이보유하는개인정보의보호에관한법률 : 일본,-,2003,1,미부착,제1유형,무,-,독립행정법인등이보유하는개인정보의보호에관한법률 : 일본,-,어문,문서,-,법률,한국어,-,1905-06-25 00:00:00,-,국회도서관,-,-,-,제1유형,저작물,보호저작물,○,상업적이용가능,○,○,○,○,○,○,○,-,2073,-,-
,1150,어문,간행물,국회도서관,국회전자도서관,국회도서관 소장자료,등록문화재법 : 프랑스,-,2003,1,미부착,제1유형,무,-,등록문화재법 : 프랑스,-,어문,문서,-,법률,한국어,-,1905-06-25 00:00:00,-,국회도서관,-,-,-,제1유형,저작물,보호저작물,○,상업적이용가능,○,○,○,○,○,○,○,-,2073,-,-
,1151,어문,간행물,국회도서관,국회전자도서관,국회도서관 소장자료,러시아연방에서의아동권리의기본적보장에관한법 : 러시아,-,2003,1,미부착,제1유형,무,-,러시아연방에서의아동권리의기본적보장에관한법 : 러시아,-,어문,문서,-,법률,한국어,-,1905-06-25 00:00:00,-,국회도서관,-,-,-,제1유형,저작물,보호저작물,○,상업적이용가능,○,○,○,○,○,○,○,-,2073,-,-
,1152,어문,간행물,국회도서관,국회전자도서관,국회도서관 소장자료,마약및향정신약단속법 : 일본,-,2003,1,미부착,제1유형,무,-,마약및향정신약단속법 : 일본,-,어문,문서,-,법률,한국어,-,1905-06-25 00:00:00,-,국회도서관,-,-,-,제1유형,저작물,보호저작물,○,상업적이용가능,○,○,○,○,○,○,○,-,2073,-,-
,1153,어문,간행물,국회도서관,국회전자도서관,국회도서관 소장자료,미국 내 강˙온파의 대북 인식 비교,-,2003,1,미부착,제1유형,무,-,미국 내 강˙온파의 대북 인식 비교,-,어문,문서,-,법률,한국어,-,1905-06-25 00:00:00,-,국회도서관,-,-,-,제1유형,저작물,보호저작물,○,상업적이용가능,○,○,○,○,○,○,○,-,2073,-,-
,1154,어문,간행물,국회도서관,국회전자도서관,국회도서관 소장자료,미국 신농업법의 주요 내용,-,2003,1,미부착,제1유형,무,-,미국 신농업법의 주요 내용,-,어문,문서,-,법률,한국어,-,1905-06-25 00:00:00,-,국회도서관,-,-,-,제1유형,저작물,보호저작물,○,상업적이용가능,○,○,○,○,○,○,○,-,2073,-,-
,1155,어문,간행물,국회도서관,국회전자도서관,국회도서관 소장자료,미국의 정당조직 현황과 시사점,-,2003,1,미부착,제1유형,무,-,미국의 정당조직 현황과 시사점,-,어문,문서,-,법률,한국어,-,1905-06-25 00:00:00,-,국회도서관,-,-,-,제1유형,저작물,보호저작물,○,상업적이용가능,○,○,○,○,○,○,○,-,2073,-,-
,1156,어문,간행물,국회도서관,국회전자도서관,국회도서관 소장자료,방사성 폐기물 처리대책,-,2003,1,미부착,제1유형,무,-,방사성 폐기물 처리대책,-,어문,문서,-,법률,한국어,-,1905-06-25 00:00:00,-,국회도서관,-,-,-,제1유형,저작물,보호저작물,○,상업적이용가능,○,○,○,○,○,○,○,-,2073,-,-
,1157,어문,간행물,국회도서관,국회전자도서관,국회도서관 소장자료,방송법 : 일본,-,2003,1,미부착,제1유형,무,-,방송법 : 일본,-,어문,문서,-,법률,한국어,-,1905-06-25 00:00:00,-,국회도서관,-,-,-,제1유형,저작물,보호저작물,○,상업적이용가능,○,○,○,○,○,○,○,-,2073,-,-
,1158,어문,간행물,국회도서관,국회전자도서관,국회도서관 소장자료,법인세 인하를 둘러싼 논의와 쟁점,-,2003,1,미부착,제1유형,무,-,법인세 인하를 둘러싼 논의와 쟁점,-,어문,문서,-,법률,한국어,-,1905-06-25 00:00:00,-,국회도서관,-,-,-,제1유형,저작물,보호저작물,○,상업적이용가능,○,○,○,○,○,○,○,-,2073,-,-
,1159,어문,간행물,국회도서관,국회전자도서관,국회도서관 소장자료,선박및해상안전법 : 영국,-,2003,1,미부착,제1유형,무,-,선박및해상안전법 : 영국,-,어문,문서,-,법률,한국어,-,1905-06-25 00:00:00,-,국회도서관,-,-,-,제1유형,저작물,보호저작물,○,상업적이용가능,○,○,○,○,○,○,○,-,2073,-,-
,1160,어문,간행물,국회도서관,국회전자도서관,국회도서관 소장자료,"성매매 : 현황, 쟁점, 대책",-,2003,1,미부착,제1유형,무,-,"성매매 : 현황, 쟁점, 대책",-,어문,문서,-,법률,한국어,-,1905-06-25 00:00:00,-,국회도서관,-,-,-,제1유형,저작물,보호저작물,○,상업적이용가능,○,○,○,○,○,○,○,-,2073,-,-
,1161,어문,간행물,국회도서관,국회전자도서관,국회도서관 소장자료,소년복지법 : 대만,-,2003,1,미부착,제1유형,무,-,소년복지법 : 대만,-,어문,문서,-,법률,한국어,-,1905-06-25 00:00:00,-,국회도서관,-,-,-,제1유형,저작물,보호저작물,○,상업적이용가능,○,○,○,○,○,○,○,-,2073,-,-
,1162,어문,간행물,국회도서관,국회전자도서관,국회도서관 소장자료,소비세법 : 일본,-,2003,1,미부착,제1유형,무,-,소비세법 : 일본,-,어문,문서,-,법률,한국어,-,1905-06-25 00:00:00,-,국회도서관,-,-,-,제1유형,저작물,보호저작물,○,상업적이용가능,○,○,○,○,○,○,○,-,2073,-,-
,1163,어문,간행물,국회도서관,국회전자도서관,국회도서관 소장자료,소자녀화사회대책기본법 : 일본,-,2003,1,미부착,제1유형,무,-,소자녀화사회대책기본법 : 일본,-,어문,문서,-,법률,한국어,-,1905-06-25 00:00:00,-,국회도서관,-,-,-,제1유형,저작물,보호저작물,○,상업적이용가능,○,○,○,○,○,○,○,-,2073,-,-
,1164,어문,간행물,국회도서관,국회전자도서관,국회도서관 소장자료,수의사법 : 일본,-,2003,1,미부착,제1유형,무,-,수의사법 : 일본,-,어문,문서,-,법률,한국어,-,1905-06-25 00:00:00,-,국회도서관,-,-,-,제1유형,저작물,보호저작물,○,상업적이용가능,○,○,○,○,○,○,○,-,2073,-,-
,1165,어문,간행물,국회도서관,국회전자도서관,국회도서관 소장자료,스크린쿼터와 영화진흥,-,2003,1,미부착,제1유형,무,-,스크린쿼터와 영화진흥,-,어문,문서,-,법률,한국어,-,1905-06-25 00:00:00,-,국회도서관,-,-,-,제1유형,저작물,보호저작물,○,상업적이용가능,○,○,○,○,○,○,○,-,2073,-,-
,1166,어문,간행물,국회도서관,국회전자도서관,국회도서관 소장자료,신행정수도 건설의 쟁점과 과제,-,2003,1,미부착,제1유형,무,-,신행정수도 건설의 쟁점과 과제,-,어문,문서,-,법률,한국어,-,1905-06-25 00:00:00,-,국회도서관,-,-,-,제1유형,저작물,보호저작물,○,상업적이용가능,○,○,○,○,○,○,○,-,2073,-,-
,1167,어문,간행물,국회도서관,국회전자도서관,국회도서관 소장자료,아동또는소년성매매방지조례 : 대만,-,2003,1,미부착,제1유형,무,-,아동또는소년성매매방지조례 : 대만,-,어문,문서,-,법률,한국어,-,1905-06-25 00:00:00,-,국회도서관,-,-,-,제1유형,저작물,보호저작물,○,상업적이용가능,○,○,○,○,○,○,○,-,2073,-,-
,1168,어문,간행물,국회도서관,국회전자도서관,국회도서관 소장자료,아동보호법 : 영국,-,2003,1,미부착,제1유형,무,-,아동보호법 : 영국,-,어문,문서,-,법률,한국어,-,1905-06-25 00:00:00,-,국회도서관,-,-,-,제1유형,저작물,보호저작물,○,상업적이용가능,○,○,○,○,○,○,○,-,2073,-,-
,1169,어문,간행물,국회도서관,국회전자도서관,국회도서관 소장자료,업무현황,-,2003,1,미부착,제1유형,무,-,업무현황,-,어문,문서,-,법률,한국어,-,1905-06-25 00:00:00,-,국회도서관,-,-,-,제1유형,저작물,보호저작물,○,상업적이용가능,○,○,○,○,○,○,○,-,2073,-,-
,1170,어문,간행물,국회도서관,국회전자도서관,국회도서관 소장자료,업무현황,-,2003,1,미부착,제1유형,무,-,업무현황,-,어문,문서,-,법률,한국어,-,1905-06-25 00:00:00,-,국회도서관,-,-,-,제1유형,저작물,보호저작물,○,상업적이용가능,○,○,○,○,○,○,○,-,2073,-,-
,1171,어문,간행물,국회도서관,국회전자도서관,국회도서관 소장자료,"英廟朝疏箚 : 索引·抄錄, 全",-,2003,1,미부착,제1유형,무,-,"英廟朝疏箚 : 索引·抄錄, 全",-,어문,문서,-,법률,한국어,-,1905-06-25 00:00:00,-,국회도서관,-,-,-,제1유형,저작물,보호저작물,○,상업적이용가능,○,○,○,○,○,○,○,-,2073,-,-
,1172,어문,간행물,국회도서관,국회전자도서관,국회도서관 소장자료,영유아보육의 현황과 개선방안,-,2003,1,미부착,제1유형,무,-,영유아보육의 현황과 개선방안,-,어문,문서,-,법률,한국어,-,1905-06-25 00:00:00,-,국회도서관,-,-,-,제1유형,저작물,보호저작물,○,상업적이용가능,○,○,○,○,○,○,○,-,2073,-,-
,1173,어문,간행물,국회도서관,국회전자도서관,국회도서관 소장자료,영화산업법전 : 프랑스,-,2003,1,미부착,제1유형,무,-,영화산업법전 : 프랑스,-,어문,문서,-,법률,한국어,-,1905-06-25 00:00:00,-,국회도서관,-,-,-,제1유형,저작물,보호저작물,○,상업적이용가능,○,○,○,○,○,○,○,-,2073,-,-
,1174,어문,간행물,국회도서관,국회전자도서관,국회도서관 소장자료,"外交文書. 1-4, 6",-,2003,1,미부착,제1유형,무,-,"外交文書. 1-4, 6",-,어문,문서,-,법률,한국어,-,1905-06-25 00:00:00,-,국회도서관,-,-,-,제1유형,저작물,보호저작물,○,상업적이용가능,○,○,○,○,○,○,○,-,2073,-,-
,1175,어문,간행물,국회도서관,국회전자도서관,국회도서관 소장자료,외국인 고용허가제 도입의 경제효과,-,2003,1,미부착,제1유형,무,-,외국인 고용허가제 도입의 경제효과,-,어문,문서,-,법률,한국어,-,1905-06-25 00:00:00,-,국회도서관,-,-,-,제1유형,저작물,보호저작물,○,상업적이용가능,○,○,○,○,○,○,○,-,2073,-,-
,1176,어문,간행물,국회도서관,국회전자도서관,국회도서관 소장자료,외국인 보유지분의 국내법상 법적 지위 : SK(주) 사례를 계기로,-,2003,1,미부착,제1유형,무,-,외국인 보유지분의 국내법상 법적 지위 : SK(주) 사례를 계기로,-,어문,문서,-,법률,한국어,-,1905-06-25 00:00:00,-,국회도서관,-,-,-,제1유형,저작물,보호저작물,○,상업적이용가능,○,○,○,○,○,○,○,-,2073,-,-
,1177,어문,간행물,국회도서관,국회전자도서관,국회도서관 소장자료,외국인직접투자지원 조세제도,-,2003,1,미부착,제1유형,무,-,외국인직접투자지원 조세제도,-,어문,문서,-,법률,한국어,-,1905-06-25 00:00:00,-,국회도서관,-,-,-,제1유형,저작물,보호저작물,○,상업적이용가능,○,○,○,○,○,○,○,-,2073,-,-
,1178,어문,간행물,국회도서관,국회전자도서관,국회도서관 소장자료,외환위기 전후의 IT 산업의 역할,-,2003,1,미부착,제1유형,무,-,외환위기 전후의 IT 산업의 역할,-,어문,문서,-,법률,한국어,-,1905-06-25 00:00:00,-,국회도서관,-,-,-,제1유형,저작물,보호저작물,○,상업적이용가능,○,○,○,○,○,○,○,-,2073,-,-
,1179,어문,간행물,국회도서관,국회전자도서관,국회도서관 소장자료,유전자공학 활동분야의 국가규제에 관한 법 : 러시아,-,2003,1,미부착,제1유형,무,-,유전자공학 활동분야의 국가규제에 관한 법 : 러시아,-,어문,문서,-,법률,한국어,-,1905-06-25 00:00:00,-,국회도서관,-,-,-,제1유형,저작물,보호저작물,○,상업적이용가능,○,○,○,○,○,○,○,-,2073,-,-
,1180,어문,간행물,국회도서관,국회전자도서관,국회도서관 소장자료,인터넷 사고와 대응과제,-,2003,1,미부착,제1유형,무,-,인터넷 사고와 대응과제,-,어문,문서,-,법률,한국어,-,1905-06-25 00:00:00,-,국회도서관,-,-,-,제1유형,저작물,보호저작물,○,상업적이용가능,○,○,○,○,○,○,○,-,2073,-,-
,1181,어문,간행물,국회도서관,국회전자도서관,국회도서관 소장자료,장애인 소득보장제도,-,2003,1,미부착,제1유형,무,-,장애인 소득보장제도,-,어문,문서,-,법률,한국어,-,1905-06-25 00:00:00,-,국회도서관,-,-,-,제1유형,저작물,보호저작물,○,상업적이용가능,○,○,○,○,○,○,○,-,2073,-,-
,1182,어문,간행물,국회도서관,국회전자도서관,국회도서관 소장자료,재해의예방과구호법 : 대만,-,2003,1,미부착,제1유형,무,-,재해의예방과구호법 : 대만,-,어문,문서,-,법률,한국어,-,1905-06-25 00:00:00,-,국회도서관,-,-,-,제1유형,저작물,보호저작물,○,상업적이용가능,○,○,○,○,○,○,○,-,2073,-,-
,1183,어문,간행물,국회도서관,국회전자도서관,국회도서관 소장자료,전자상거래법규 : 영국,-,2003,1,미부착,제1유형,무,-,전자상거래법규 : 영국,-,어문,문서,-,법률,한국어,-,1905-06-25 00:00:00,-,국회도서관,-,-,-,제1유형,저작물,보호저작물,○,상업적이용가능,○,○,○,○,○,○,○,-,2073,-,-
,1184,어문,간행물,국회도서관,국회전자도서관,국회도서관 소장자료,전자자금이체법 : 미국,-,2003,1,미부착,제1유형,무,-,전자자금이체법 : 미국,-,어문,문서,-,법률,한국어,-,1905-06-25 00:00:00,-,국회도서관,-,-,-,제1유형,저작물,보호저작물,○,상업적이용가능,○,○,○,○,○,○,○,-,2073,-,-
,1185,어문,간행물,국회도서관,국회전자도서관,국회도서관 소장자료,정보공개˙개인정보의보호심사회설치법 : 일본,-,2003,1,미부착,제1유형,무,-,정보공개˙개인정보의보호심사회설치법 : 일본,-,어문,문서,-,법률,한국어,-,1905-06-25 00:00:00,-,국회도서관,-,-,-,제1유형,저작물,보호저작물,○,상업적이용가능,○,○,○,○,○,○,○,-,2073,-,-
,1186,어문,간행물,국회도서관,국회전자도서관,국회도서관 소장자료,정보혁명과 군사혁신,-,2003,1,미부착,제1유형,무,-,정보혁명과 군사혁신,-,어문,문서,-,법률,한국어,-,1905-06-25 00:00:00,-,국회도서관,-,-,-,제1유형,저작물,보호저작물,○,상업적이용가능,○,○,○,○,○,○,○,-,2073,-,-
,1187,어문,간행물,국회도서관,국회전자도서관,국회도서관 소장자료,정부계약분쟁법 : 미국,-,2003,1,미부착,제1유형,무,-,정부계약분쟁법 : 미국,-,어문,문서,-,법률,한국어,-,1905-06-25 00:00:00,-,국회도서관,-,-,-,제1유형,저작물,보호저작물,○,상업적이용가능,○,○,○,○,○,○,○,-,2073,-,-
,1188,어문,간행물,국회도서관,국회전자도서관,국회도서관 소장자료,정신보건및정신장애자복지법 : 일본,-,2003,1,미부착,제1유형,무,-,정신보건및정신장애자복지법 : 일본,-,어문,문서,-,법률,한국어,-,1905-06-25 00:00:00,-,국회도서관,-,-,-,제1유형,저작물,보호저작물,○,상업적이용가능,○,○,○,○,○,○,○,-,2073,-,-
,1189,어문,간행물,국회도서관,국회전자도서관,국회도서관 소장자료,정신보건사회복지의 현황 및 사업모형 구축,-,2003,1,미부착,제1유형,무,-,정신보건사회복지의 현황 및 사업모형 구축,-,어문,문서,-,법률,한국어,-,1905-06-25 00:00:00,-,국회도서관,-,-,-,제1유형,저작물,보호저작물,○,상업적이용가능,○,○,○,○,○,○,○,-,2073,-,-
,1190,어문,간행물,국회도서관,국회전자도서관,국회도서관 소장자료,주5일 근무제 도입의 쟁점과 향후과제,-,2003,1,미부착,제1유형,무,-,주5일 근무제 도입의 쟁점과 향후과제,-,어문,문서,-,법률,한국어,-,1905-06-25 00:00:00,-,국회도서관,-,-,-,제1유형,저작물,보호저작물,○,상업적이용가능,○,○,○,○,○,○,○,-,2073,-,-
,1191,어문,간행물,국회도서관,국회전자도서관,국회도서관 소장자료,주민투표법안(정부안)의 내용 분석,-,2003,1,미부착,제1유형,무,-,주민투표법안(정부안)의 내용 분석,-,어문,문서,-,법률,한국어,-,1905-06-25 00:00:00,-,국회도서관,-,-,-,제1유형,저작물,보호저작물,○,상업적이용가능,○,○,○,○,○,○,○,-,2073,-,-
,1192,어문,간행물,국회도서관,국회전자도서관,국회도서관 소장자료,주요국의 선거구 획정제도와 운용,-,2003,1,미부착,제1유형,무,-,주요국의 선거구 획정제도와 운용,-,어문,문서,-,법률,한국어,-,1905-06-25 00:00:00,-,국회도서관,-,-,-,제1유형,저작물,보호저작물,○,상업적이용가능,○,○,○,○,○,○,○,-,2073,-,-
,1193,어문,간행물,국회도서관,국회전자도서관,국회도서관 소장자료,지식정보사회에 있어 전자도서관의 역할과 비전 : 학술정보교류협의회 학술세미나,-,2003,1,미부착,제1유형,무,-,지식정보사회에 있어 전자도서관의 역할과 비전 : 학술정보교류협의회 학술세미나,-,어문,문서,-,법률,한국어,-,1905-06-25 00:00:00,-,국회도서관,-,-,-,제1유형,저작물,보호저작물,○,상업적이용가능,○,○,○,○,○,○,○,-,2073,-,-
,1194,어문,간행물,국회도서관,국회전자도서관,국회도서관 소장자료,차세대육성지원대책추진법 : 일본,-,2003,1,미부착,제1유형,무,-,차세대육성지원대책추진법 : 일본,-,어문,문서,-,법률,한국어,-,1905-06-25 00:00:00,-,국회도서관,-,-,-,제1유형,저작물,보호저작물,○,상업적이용가능,○,○,○,○,○,○,○,-,2073,-,-
,1195,어문,간행물,국회도서관,국회전자도서관,국회도서관 소장자료,참고자료,-,2003,1,미부착,제1유형,무,-,참고자료,-,어문,문서,-,법률,한국어,-,1905-06-25 00:00:00,-,국회도서관,-,-,-,제1유형,저작물,보호저작물,○,상업적이용가능,○,○,○,○,○,○,○,-,2073,-,-
,1196,어문,간행물,국회도서관,국회전자도서관,국회도서관 소장자료,참여정부의 정부조직 개편 : 6개 사회단체들의 개편안 비교분석을 중심으로,-,2003,1,미부착,제1유형,무,-,참여정부의 정부조직 개편 : 6개 사회단체들의 개편안 비교분석을 중심으로,-,어문,문서,-,법률,한국어,-,1905-06-25 00:00:00,-,국회도서관,-,-,-,제1유형,저작물,보호저작물,○,상업적이용가능,○,○,○,○,○,○,○,-,2073,-,-
,1197,어문,간행물,국회도서관,국회전자도서관,국회도서관 소장자료,철도및교통안전법 : 영국,-,2003,1,미부착,제1유형,무,-,철도및교통안전법 : 영국,-,어문,문서,-,법률,한국어,-,1905-06-25 00:00:00,-,국회도서관,-,-,-,제1유형,저작물,보호저작물,○,상업적이용가능,○,○,○,○,○,○,○,-,2073,-,-
,1198,어문,간행물,국회도서관,국회전자도서관,국회도서관 소장자료,통일비용 추산을 둘러싼 최근 논의,-,2003,1,미부착,제1유형,무,-,통일비용 추산을 둘러싼 최근 논의,-,어문,문서,-,법률,한국어,-,1905-06-25 00:00:00,-,국회도서관,-,-,-,제1유형,저작물,보호저작물,○,상업적이용가능,○,○,○,○,○,○,○,-,2073,-,-
,1199,어문,간행물,국회도서관,국회전자도서관,국회도서관 소장자료,한·칠레 자유무역협정(FTA)과 농업문제,-,2003,1,미부착,제1유형,무,-,한·칠레 자유무역협정(FTA)과 농업문제,-,어문,문서,-,법률,한국어,-,1905-06-25 00:00:00,-,국회도서관,-,-,-,제1유형,저작물,보호저작물,○,상업적이용가능,○,○,○,○,○,○,○,-,2073,-,-
,1200,어문,간행물,국회도서관,국회전자도서관,국회도서관 소장자료,한국 선거제도의 특성과 변천과정,-,2003,1,미부착,제1유형,무,-,한국 선거제도의 특성과 변천과정,-,어문,문서,-,법률,한국어,-,1905-06-25 00:00:00,-,국회도서관,-,-,-,제1유형,저작물,보호저작물,○,상업적이용가능,○,○,○,○,○,○,○,-,2073,-,-
,1201,어문,간행물,국회도서관,국회전자도서관,국회도서관 소장자료,행정기관이보유하는개인정보의보호에관한법률 : 일본,-,2003,1,미부착,제1유형,무,-,행정기관이보유하는개인정보의보호에관한법률 : 일본,-,어문,문서,-,법률,한국어,-,1905-06-25 00:00:00,-,국회도서관,-,-,-,제1유형,저작물,보호저작물,○,상업적이용가능,○,○,○,○,○,○,○,-,2073,-,-
,1202,어문,간행물,국회도서관,국회전자도서관,국회도서관 소장자료,화폐제도개혁 : 고액권발행과 디노미네이션,-,2003,1,미부착,제1유형,무,-,화폐제도개혁 : 고액권발행과 디노미네이션,-,어문,문서,-,법률,한국어,-,1905-06-25 00:00:00,-,국회도서관,-,-,-,제1유형,저작물,보호저작물,○,상업적이용가능,○,○,○,○,○,○,○,-,2073,-,-
,1203,어문,간행물,국회도서관,국회전자도서관,국회도서관 소장자료,후천성면역결핍증(AIDS)예방및치료조례 : 대만,-,2003,1,미부착,제1유형,무,-,후천성면역결핍증(AIDS)예방및치료조례 : 대만,-,어문,문서,-,법률,한국어,-,1905-06-25 00:00:00,-,국회도서관,-,-,-,제1유형,저작물,보호저작물,○,상업적이용가능,○,○,○,○,○,○,○,-,2073,-,-
,1204,어문,간행물,국회도서관,국회전자도서관,국회도서관 소장자료,후천성면역결핍증(AIDS)예방법 : 미국,-,2003,1,미부착,제1유형,무,-,후천성면역결핍증(AIDS)예방법 : 미국,-,어문,문서,-,법률,한국어,-,1905-06-25 00:00:00,-,국회도서관,-,-,-,제1유형,저작물,보호저작물,○,상업적이용가능,○,○,○,○,○,○,○,-,2073,-,-
,1205,어문,간행물,국회도서관,국회전자도서관,국회도서관 소장자료,IT 기술혁신으로 인한 노동생산성 및 고용창출분석,-,2004,1,미부착,제1유형,무,-,IT 기술혁신으로 인한 노동생산성 및 고용창출분석,-,어문,문서,-,법률,한국어,-,1905-06-26 00:00:00,-,국회도서관,-,-,-,제1유형,저작물,보호저작물,○,상업적이용가능,○,○,○,○,○,○,○,-,2074,-,-
,1206,어문,간행물,국회도서관,국회전자도서관,국회도서관 소장자료,개정선거법과 인터넷선거운동(E-Campaign),-,2004,1,미부착,제1유형,무,-,개정선거법과 인터넷선거운동(E-Campaign),-,어문,문서,-,법률,한국어,-,1905-06-26 00:00:00,-,국회도서관,-,-,-,제1유형,저작물,보호저작물,○,상업적이용가능,○,○,○,○,○,○,○,-,2074,-,-
,1207,어문,간행물,국회도서관,국회전자도서관,국회도서관 소장자료,검역법 : 미국,-,2004,1,미부착,제1유형,무,-,검역법 : 미국,-,어문,문서,-,법률,한국어,-,1905-06-26 00:00:00,-,국회도서관,-,-,-,제1유형,저작물,보호저작물,○,상업적이용가능,○,○,○,○,○,○,○,-,2074,-,-
,1208,어문,간행물,국회도서관,국회전자도서관,국회도서관 소장자료,경제스파이처벌법 : 미국,-,2004,1,미부착,제1유형,무,-,경제스파이처벌법 : 미국,-,어문,문서,-,법률,한국어,-,1905-06-26 00:00:00,-,국회도서관,-,-,-,제1유형,저작물,보호저작물,○,상업적이용가능,○,○,○,○,○,○,○,-,2074,-,-
,1209,어문,간행물,국회도서관,국회전자도서관,국회도서관 소장자료,경제활성화를위한법률 : 프랑스,-,2004,1,미부착,제1유형,무,-,경제활성화를위한법률 : 프랑스,-,어문,문서,-,법률,한국어,-,1905-06-26 00:00:00,-,국회도서관,-,-,-,제1유형,저작물,보호저작물,○,상업적이용가능,○,○,○,○,○,○,○,-,2074,-,-
,1210,어문,간행물,국회도서관,국회전자도서관,국회도서관 소장자료,공공기관의개인정보보호법 : 미국,-,2004,1,미부착,제1유형,무,-,공공기관의개인정보보호법 : 미국,-,어문,문서,-,법률,한국어,-,1905-06-26 00:00:00,-,국회도서관,-,-,-,제1유형,저작물,보호저작물,○,상업적이용가능,○,○,○,○,○,○,○,-,2074,-,-
,1211,어문,간행물,국회도서관,국회전자도서관,국회도서관 소장자료,공공부문의 고용변화 분석,-,2004,1,미부착,제1유형,무,-,공공부문의 고용변화 분석,-,어문,문서,-,법률,한국어,-,1905-06-26 00:00:00,-,국회도서관,-,-,-,제1유형,저작물,보호저작물,○,상업적이용가능,○,○,○,○,○,○,○,-,2074,-,-
,1212,어문,간행물,국회도서관,국회전자도서관,국회도서관 소장자료,공영사업의민영이전조례 : 대만,-,2004,1,미부착,제1유형,무,-,공영사업의민영이전조례 : 대만,-,어문,문서,-,법률,한국어,-,1905-06-26 00:00:00,-,국회도서관,-,-,-,제1유형,저작물,보호저작물,○,상업적이용가능,○,○,○,○,○,○,○,-,2074,-,-
,1213,어문,간행물,국회도서관,국회전자도서관,국회도서관 소장자료,공익통보자보호법 : 일본,-,2004,1,미부착,제1유형,무,-,공익통보자보호법 : 일본,-,어문,문서,-,법률,한국어,-,1905-06-26 00:00:00,-,국회도서관,-,-,-,제1유형,저작물,보호저작물,○,상업적이용가능,○,○,○,○,○,○,○,-,2074,-,-
,1214,어문,간행물,국회도서관,국회전자도서관,국회도서관 소장자료,관광진흥관련법령 : 프랑스,-,2004,1,미부착,제1유형,무,-,관광진흥관련법령 : 프랑스,-,어문,문서,-,법률,한국어,-,1905-06-26 00:00:00,-,국회도서관,-,-,-,제1유형,저작물,보호저작물,○,상업적이용가능,○,○,○,○,○,○,○,-,2074,-,-
,1215,어문,간행물,국회도서관,국회전자도서관,국회도서관 소장자료,敎育改革. 續篇1,-,2004,1,미부착,제1유형,무,-,敎育改革. 續篇1,-,어문,문서,-,법률,한국어,-,1905-06-26 00:00:00,-,국회도서관,-,-,-,제1유형,저작물,보호저작물,○,상업적이용가능,○,○,○,○,○,○,○,-,2074,-,-
,1216,어문,간행물,국회도서관,국회전자도서관,국회도서관 소장자료,국가공무원의육아휴업등에관한법률 : 일본,-,2004,1,미부착,제1유형,무,-,국가공무원의육아휴업등에관한법률 : 일본,-,어문,문서,-,법률,한국어,-,1905-06-26 00:00:00,-,국회도서관,-,-,-,제1유형,저작물,보호저작물,○,상업적이용가능,○,○,○,○,○,○,○,-,2074,-,-
,1217,어문,간행물,국회도서관,국회전자도서관,국회도서관 소장자료,국가유공자에관한법 : 러시아,-,2004,1,미부착,제1유형,무,-,국가유공자에관한법 : 러시아,-,어문,문서,-,법률,한국어,-,1905-06-26 00:00:00,-,국회도서관,-,-,-,제1유형,저작물,보호저작물,○,상업적이용가능,○,○,○,○,○,○,○,-,2074,-,-
,1218,어문,간행물,국회도서관,국회전자도서관,국회도서관 소장자료,국유재산법 : 대만,-,2004,1,미부착,제1유형,무,-,국유재산법 : 대만,-,어문,문서,-,법률,한국어,-,1905-06-26 00:00:00,-,국회도서관,-,-,-,제1유형,저작물,보호저작물,○,상업적이용가능,○,○,○,○,○,○,○,-,2074,-,-
,1219,어문,간행물,국회도서관,국회전자도서관,국회도서관 소장자료,국유재산법전(법률편) : 프랑스,-,2004,1,미부착,제1유형,무,-,국유재산법전(법률편) : 프랑스,-,어문,문서,-,법률,한국어,-,1905-06-26 00:00:00,-,국회도서관,-,-,-,제1유형,저작물,보호저작물,○,상업적이용가능,○,○,○,○,○,○,○,-,2074,-,-
,1220,어문,간행물,국회도서관,국회전자도서관,국회도서관 소장자료,국정감사 국회운영위원회 요구자료. 2004,-,2004,1,미부착,제1유형,무,-,국정감사 국회운영위원회 요구자료. 2004,-,어문,문서,-,법률,한국어,-,1905-06-26 00:00:00,-,국회도서관,-,-,-,제1유형,저작물,보호저작물,○,상업적이용가능,○,○,○,○,○,○,○,-,2074,-,-
,1221,어문,간행물,국회도서관,국회전자도서관,국회도서관 소장자료,국제인도법의중대한위반행위의처벌에관한법률 : 일본,-,2004,1,미부착,제1유형,무,-,국제인도법의중대한위반행위의처벌에관한법률 : 일본,-,어문,문서,-,법률,한국어,-,1905-06-26 00:00:00,-,국회도서관,-,-,-,제1유형,저작물,보호저작물,○,상업적이용가능,○,○,○,○,○,○,○,-,2074,-,-
,1222,어문,간행물,국회도서관,국회전자도서관,국회도서관 소장자료,國會圖書館關係法規集. 2004,-,2004,1,미부착,제1유형,무,-,國會圖書館關係法規集. 2004,-,어문,문서,-,법률,한국어,-,1905-06-26 00:00:00,-,국회도서관,-,-,-,제1유형,저작물,보호저작물,○,상업적이용가능,○,○,○,○,○,○,○,-,2074,-,-
,1223,어문,간행물,국회도서관,국회전자도서관,국회도서관 소장자료,국회직원의육아휴업등에관한법률 : 일본,-,2004,1,미부착,제1유형,무,-,국회직원의육아휴업등에관한법률 : 일본,-,어문,문서,-,법률,한국어,-,1905-06-26 00:00:00,-,국회도서관,-,-,-,제1유형,저작물,보호저작물,○,상업적이용가능,○,○,○,○,○,○,○,-,2074,-,-
,1224,어문,간행물,국회도서관,국회전자도서관,국회도서관 소장자료,금융선물거래법 : 일본,-,2004,1,미부착,제1유형,무,-,금융선물거래법 : 일본,-,어문,문서,-,법률,한국어,-,1905-06-26 00:00:00,-,국회도서관,-,-,-,제1유형,저작물,보호저작물,○,상업적이용가능,○,○,○,○,○,○,○,-,2074,-,-
,1225,어문,간행물,국회도서관,국회전자도서관,국회도서관 소장자료,기업내국유자산관리감독잠정조례 : 중국,-,2004,1,미부착,제1유형,무,-,기업내국유자산관리감독잠정조례 : 중국,-,어문,문서,-,법률,한국어,-,1905-06-26 00:00:00,-,국회도서관,-,-,-,제1유형,저작물,보호저작물,○,상업적이용가능,○,○,○,○,○,○,○,-,2074,-,-
,1226,어문,간행물,국회도서관,국회전자도서관,국회도서관 소장자료,기업도시 건설 : 「복합도시개발특별법(안)」의 내용과 주요 쟁점,-,2004,1,미부착,제1유형,무,-,기업도시 건설 : 「복합도시개발특별법(안)」의 내용과 주요 쟁점,-,어문,문서,-,법률,한국어,-,1905-06-26 00:00:00,-,국회도서관,-,-,-,제1유형,저작물,보호저작물,○,상업적이용가능,○,○,○,○,○,○,○,-,2074,-,-
,1227,어문,간행물,국회도서관,국회전자도서관,국회도서관 소장자료,노동비용과 자본비용 감소로 인한 생산 및 고용창출변화의 비교분석,-,2004,1,미부착,제1유형,무,-,노동비용과 자본비용 감소로 인한 생산 및 고용창출변화의 비교분석,-,어문,문서,-,법률,한국어,-,1905-06-26 00:00:00,-,국회도서관,-,-,-,제1유형,저작물,보호저작물,○,상업적이용가능,○,○,○,○,○,○,○,-,2074,-,-
,1228,어문,간행물,국회도서관,국회전자도서관,국회도서관 소장자료,노동심판법 : 일본,-,2004,1,미부착,제1유형,무,-,노동심판법 : 일본,-,어문,문서,-,법률,한국어,-,1905-06-26 00:00:00,-,국회도서관,-,-,-,제1유형,저작물,보호저작물,○,상업적이용가능,○,○,○,○,○,○,○,-,2074,-,-
,1229,어문,간행물,국회도서관,국회전자도서관,국회도서관 소장자료,농가부채재조정법 : 미국,-,2004,1,미부착,제1유형,무,-,농가부채재조정법 : 미국,-,어문,문서,-,법률,한국어,-,1905-06-26 00:00:00,-,국회도서관,-,-,-,제1유형,저작물,보호저작물,○,상업적이용가능,○,○,○,○,○,○,○,-,2074,-,-
,1230,어문,간행물,국회도서관,국회전자도서관,국회도서관 소장자료,대안적분쟁해결법 : 미국,-,2004,1,미부착,제1유형,무,-,대안적분쟁해결법 : 미국,-,어문,문서,-,법률,한국어,-,1905-06-26 00:00:00,-,국회도서관,-,-,-,제1유형,저작물,보호저작물,○,상업적이용가능,○,○,○,○,○,○,○,-,2074,-,-
,1231,어문,간행물,국회도서관,국회전자도서관,국회도서관 소장자료,동물보호법 : 독일,-,2004,1,미부착,제1유형,무,-,동물보호법 : 독일,-,어문,문서,-,법률,한국어,-,1905-06-26 00:00:00,-,국회도서관,-,-,-,제1유형,저작물,보호저작물,○,상업적이용가능,○,○,○,○,○,○,○,-,2074,-,-
,1232,어문,간행물,국회도서관,국회전자도서관,국회도서관 소장자료,러시아연방안보협의회규정 : 러시아,-,2004,1,미부착,제1유형,무,-,러시아연방안보협의회규정 : 러시아,-,어문,문서,-,법률,한국어,-,1905-06-26 00:00:00,-,국회도서관,-,-,-,제1유형,저작물,보호저작물,○,상업적이용가능,○,○,○,○,○,○,○,-,2074,-,-
,1233,어문,간행물,국회도서관,국회전자도서관,국회도서관 소장자료,러시아연방연방보안국기관에관한법 : 러시아,-,2004,1,미부착,제1유형,무,-,러시아연방연방보안국기관에관한법 : 러시아,-,어문,문서,-,법률,한국어,-,1905-06-26 00:00:00,-,국회도서관,-,-,-,제1유형,저작물,보호저작물,○,상업적이용가능,○,○,○,○,○,○,○,-,2074,-,-
,1234,어문,간행물,국회도서관,국회전자도서관,국회도서관 소장자료,러시아연방철도운송법 : 러시아,-,2004,1,미부착,제1유형,무,-,러시아연방철도운송법 : 러시아,-,어문,문서,-,법률,한국어,-,1905-06-26 00:00:00,-,국회도서관,-,-,-,제1유형,저작물,보호저작물,○,상업적이용가능,○,○,○,○,○,○,○,-,2074,-,-
,1235,어문,간행물,국회도서관,국회전자도서관,국회도서관 소장자료,매니페스토(Manifesto) : - 국민에 대한 계약으로서의 선거공약 -,-,2004,1,미부착,제1유형,무,-,매니페스토(Manifesto) : - 국민에 대한 계약으로서의 선거공약 -,-,어문,문서,-,법률,한국어,-,1905-06-26 00:00:00,-,국회도서관,-,-,-,제1유형,저작물,보호저작물,○,상업적이용가능,○,○,○,○,○,○,○,-,2074,-,-
,1236,어문,간행물,국회도서관,국회전자도서관,국회도서관 소장자료,맹견의국내반입및수입제한에관한법률 : 독일,-,2004,1,미부착,제1유형,무,-,맹견의국내반입및수입제한에관한법률 : 독일,-,어문,문서,-,법률,한국어,-,1905-06-26 00:00:00,-,국회도서관,-,-,-,제1유형,저작물,보호저작물,○,상업적이용가능,○,○,○,○,○,○,○,-,2074,-,-
,1237,어문,간행물,국회도서관,국회전자도서관,국회도서관 소장자료,무력공격사태등에있어서의국민보호를위한조치에관한법률 : 일본,-,2004,1,미부착,제1유형,무,-,무력공격사태등에있어서의국민보호를위한조치에관한법률 : 일본,-,어문,문서,-,법률,한국어,-,1905-06-26 00:00:00,-,국회도서관,-,-,-,제1유형,저작물,보호저작물,○,상업적이용가능,○,○,○,○,○,○,○,-,2074,-,-
,1238,어문,간행물,국회도서관,국회전자도서관,국회도서관 소장자료,무력공격사태등에있어서의미국군대의행동에수반하여일본이실시하는조치에관한법률 : 일본,-,2004,1,미부착,제1유형,무,-,무력공격사태등에있어서의미국군대의행동에수반하여일본이실시하는조치에관한법률 : 일본,-,어문,문서,-,법률,한국어,-,1905-06-26 00:00:00,-,국회도서관,-,-,-,제1유형,저작물,보호저작물,○,상업적이용가능,○,○,○,○,○,○,○,-,2074,-,-
,1239,어문,간행물,국회도서관,국회전자도서관,국회도서관 소장자료,무력공격사태등에있어서의일본의평화와독립및국가와국민의안전확보에관한법률 : 일본,-,2004,1,미부착,제1유형,무,-,무력공격사태등에있어서의일본의평화와독립및국가와국민의안전확보에관한법률 : 일본,-,어문,문서,-,법률,한국어,-,1905-06-26 00:00:00,-,국회도서관,-,-,-,제1유형,저작물,보호저작물,○,상업적이용가능,○,○,○,○,○,○,○,-,2074,-,-
,1240,어문,간행물,국회도서관,국회전자도서관,국회도서관 소장자료,무력공격사태등에있어서의특정공공시설이용에관한법률 : 일본,-,2004,1,미부착,제1유형,무,-,무력공격사태등에있어서의특정공공시설이용에관한법률 : 일본,-,어문,문서,-,법률,한국어,-,1905-06-26 00:00:00,-,국회도서관,-,-,-,제1유형,저작물,보호저작물,○,상업적이용가능,○,○,○,○,○,○,○,-,2074,-,-
,1241,어문,간행물,국회도서관,국회전자도서관,국회도서관 소장자료,무력공격사태에있어서의외국군용품등의해상수송규제에관한법률 : 일본,-,2004,1,미부착,제1유형,무,-,무력공격사태에있어서의외국군용품등의해상수송규제에관한법률 : 일본,-,어문,문서,-,법률,한국어,-,1905-06-26 00:00:00,-,국회도서관,-,-,-,제1유형,저작물,보호저작물,○,상업적이용가능,○,○,○,○,○,○,○,-,2074,-,-
,1242,어문,간행물,국회도서관,국회전자도서관,국회도서관 소장자료,무력공격사태에있어서포로등의취급에관한법률 : 일본,-,2004,1,미부착,제1유형,무,-,무력공격사태에있어서포로등의취급에관한법률 : 일본,-,어문,문서,-,법률,한국어,-,1905-06-26 00:00:00,-,국회도서관,-,-,-,제1유형,저작물,보호저작물,○,상업적이용가능,○,○,○,○,○,○,○,-,2074,-,-
,1243,어문,간행물,국회도서관,국회전자도서관,국회도서관 소장자료,무역법 : 대만,-,2004,1,미부착,제1유형,무,-,무역법 : 대만,-,어문,문서,-,법률,한국어,-,1905-06-26 00:00:00,-,국회도서관,-,-,-,제1유형,저작물,보호저작물,○,상업적이용가능,○,○,○,○,○,○,○,-,2074,-,-
,1244,어문,간행물,국회도서관,국회전자도서관,국회도서관 소장자료,미국 학교정책의 변화와 역사교육,-,2004,1,미부착,제1유형,무,-,미국 학교정책의 변화와 역사교육,-,어문,문서,-,법률,한국어,-,1905-06-26 00:00:00,-,국회도서관,-,-,-,제1유형,저작물,보호저작물,○,상업적이용가능,○,○,○,○,○,○,○,-,2074,-,-
,1245,어문,간행물,국회도서관,국회전자도서관,국회도서관 소장자료,미국의 중·대만정책과 兩岸關係,-,2004,1,미부착,제1유형,무,-,미국의 중·대만정책과 兩岸關係,-,어문,문서,-,법률,한국어,-,1905-06-26 00:00:00,-,국회도서관,-,-,-,제1유형,저작물,보호저작물,○,상업적이용가능,○,○,○,○,○,○,○,-,2074,-,-
,1246,어문,간행물,국회도서관,국회전자도서관,국회도서관 소장자료,백지신탁제도 : 공직자윤리법중개정법률(안)(정부안) 쟁점분석,-,2004,1,미부착,제1유형,무,-,백지신탁제도 : 공직자윤리법중개정법률(안)(정부안) 쟁점분석,-,어문,문서,-,법률,한국어,-,1905-06-26 00:00:00,-,국회도서관,-,-,-,제1유형,저작물,보호저작물,○,상업적이용가능,○,○,○,○,○,○,○,-,2074,-,-
,1247,어문,간행물,국회도서관,국회전자도서관,국회도서관 소장자료,법령의 현황과 입법의 원칙,-,2004,1,미부착,제1유형,무,-,법령의 현황과 입법의 원칙,-,어문,문서,-,법률,한국어,-,1905-06-26 00:00:00,-,국회도서관,-,-,-,제1유형,저작물,보호저작물,○,상업적이용가능,○,○,○,○,○,○,○,-,2074,-,-
,1248,어문,간행물,국회도서관,국회전자도서관,국회도서관 소장자료,법정 근로시간 단축의 경제적 효과,-,2004,1,미부착,제1유형,무,-,법정 근로시간 단축의 경제적 효과,-,어문,문서,-,법률,한국어,-,1905-06-26 00:00:00,-,국회도서관,-,-,-,제1유형,저작물,보호저작물,○,상업적이용가능,○,○,○,○,○,○,○,-,2074,-,-
,1249,어문,간행물,국회도서관,국회전자도서관,국회도서관 소장자료,"북한의 ""민족공조론"" 내용 분석",-,2004,1,미부착,제1유형,무,-,"북한의 ""민족공조론"" 내용 분석",-,어문,문서,-,법률,한국어,-,1905-06-26 00:00:00,-,국회도서관,-,-,-,제1유형,저작물,보호저작물,○,상업적이용가능,○,○,○,○,○,○,○,-,2074,-,-
,1250,어문,간행물,국회도서관,국회전자도서관,국회도서관 소장자료,북한의 대남협상행태 : 지속과 변화,-,2004,1,미부착,제1유형,무,-,북한의 대남협상행태 : 지속과 변화,-,어문,문서,-,법률,한국어,-,1905-06-26 00:00:00,-,국회도서관,-,-,-,제1유형,저작물,보호저작물,○,상업적이용가능,○,○,○,○,○,○,○,-,2074,-,-
,1251,어문,간행물,국회도서관,국회전자도서관,국회도서관 소장자료,북한의 보건의료제도 및 통합방안,-,2004,1,미부착,제1유형,무,-,북한의 보건의료제도 및 통합방안,-,어문,문서,-,법률,한국어,-,1905-06-26 00:00:00,-,국회도서관,-,-,-,제1유형,저작물,보호저작물,○,상업적이용가능,○,○,○,○,○,○,○,-,2074,-,-
,1252,어문,간행물,국회도서관,국회전자도서관,국회도서관 소장자료,북한인권법 : 미국,-,2004,1,미부착,제1유형,무,-,북한인권법 : 미국,-,어문,문서,-,법률,한국어,-,1905-06-26 00:00:00,-,국회도서관,-,-,-,제1유형,저작물,보호저작물,○,상업적이용가능,○,○,○,○,○,○,○,-,2074,-,-
,1253,어문,간행물,국회도서관,국회전자도서관,국회도서관 소장자료,북핵문제에 대한 중국의 입장과 한반도정책의 변화,-,2004,1,미부착,제1유형,무,-,북핵문제에 대한 중국의 입장과 한반도정책의 변화,-,어문,문서,-,법률,한국어,-,1905-06-26 00:00:00,-,국회도서관,-,-,-,제1유형,저작물,보호저작물,○,상업적이용가능,○,○,○,○,○,○,○,-,2074,-,-
,1254,어문,간행물,국회도서관,국회전자도서관,국회도서관 소장자료,사회자본정비중점계획법 : 일본,-,2004,1,미부착,제1유형,무,-,사회자본정비중점계획법 : 일본,-,어문,문서,-,법률,한국어,-,1905-06-26 00:00:00,-,국회도서관,-,-,-,제1유형,저작물,보호저작물,○,상업적이용가능,○,○,○,○,○,○,○,-,2074,-,-
,1255,어문,간행물,국회도서관,국회전자도서관,국회도서관 소장자료,산업활력재생특별조치법 : 일본,-,2004,1,미부착,제1유형,무,-,산업활력재생특별조치법 : 일본,-,어문,문서,-,법률,한국어,-,1905-06-26 00:00:00,-,국회도서관,-,-,-,제1유형,저작물,보호저작물,○,상업적이용가능,○,○,○,○,○,○,○,-,2074,-,-
,1256,어문,간행물,국회도서관,국회전자도서관,국회도서관 소장자료,상속세법 : 일본,-,2004,1,미부착,제1유형,무,-,상속세법 : 일본,-,어문,문서,-,법률,한국어,-,1905-06-26 00:00:00,-,국회도서관,-,-,-,제1유형,저작물,보호저작물,○,상업적이용가능,○,○,○,○,○,○,○,-,2074,-,-
,1257,어문,간행물,국회도서관,국회전자도서관,국회도서관 소장자료,성별영향분석평가의 도입과 적용방안,-,2004,1,미부착,제1유형,무,-,성별영향분석평가의 도입과 적용방안,-,어문,문서,-,법률,한국어,-,1905-06-26 00:00:00,-,국회도서관,-,-,-,제1유형,저작물,보호저작물,○,상업적이용가능,○,○,○,○,○,○,○,-,2074,-,-
,1258,어문,간행물,국회도서관,국회전자도서관,국회도서관 소장자료,소비및투자지원에관한법률 : 프랑스,-,2004,1,미부착,제1유형,무,-,소비및투자지원에관한법률 : 프랑스,-,어문,문서,-,법률,한국어,-,1905-06-26 00:00:00,-,국회도서관,-,-,-,제1유형,저작물,보호저작물,○,상업적이용가능,○,○,○,○,○,○,○,-,2074,-,-
,1259,어문,간행물,국회도서관,국회전자도서관,국회도서관 소장자료,소비자신용정보보호법 : 미국,-,2004,1,미부착,제1유형,무,-,소비자신용정보보호법 : 미국,-,어문,문서,-,법률,한국어,-,1905-06-26 00:00:00,-,국회도서관,-,-,-,제1유형,저작물,보호저작물,○,상업적이용가능,○,○,○,○,○,○,○,-,2074,-,-
,1260,어문,간행물,국회도서관,국회전자도서관,국회도서관 소장자료,소의개체식별을위한정보의관리및전달에관한특별조치법 : 일본,-,2004,1,미부착,제1유형,무,-,소의개체식별을위한정보의관리및전달에관한특별조치법 : 일본,-,어문,문서,-,법률,한국어,-,1905-06-26 00:00:00,-,국회도서관,-,-,-,제1유형,저작물,보호저작물,○,상업적이용가능,○,○,○,○,○,○,○,-,2074,-,-
,1261,어문,간행물,국회도서관,국회전자도서관,국회도서관 소장자료,식량자급률 목표 설정,-,2004,1,미부착,제1유형,무,-,식량자급률 목표 설정,-,어문,문서,-,법률,한국어,-,1905-06-26 00:00:00,-,국회도서관,-,-,-,제1유형,저작물,보호저작물,○,상업적이용가능,○,○,○,○,○,○,○,-,2074,-,-
,1262,어문,간행물,국회도서관,국회전자도서관,국회도서관 소장자료,식품안전기본법 : 일본,-,2004,1,미부착,제1유형,무,-,식품안전기본법 : 일본,-,어문,문서,-,법률,한국어,-,1905-06-26 00:00:00,-,국회도서관,-,-,-,제1유형,저작물,보호저작물,○,상업적이용가능,○,○,○,○,○,○,○,-,2074,-,-
,1263,어문,간행물,국회도서관,국회전자도서관,국회도서관 소장자료,식품위생법 : 일본,-,2004,1,미부착,제1유형,무,-,식품위생법 : 일본,-,어문,문서,-,법률,한국어,-,1905-06-26 00:00:00,-,국회도서관,-,-,-,제1유형,저작물,보호저작물,○,상업적이용가능,○,○,○,○,○,○,○,-,2074,-,-
,1264,어문,간행물,국회도서관,국회전자도서관,국회도서관 소장자료,신문개혁 : 쟁점과 과제,-,2004,1,미부착,제1유형,무,-,신문개혁 : 쟁점과 과제,-,어문,문서,-,법률,한국어,-,1905-06-26 00:00:00,-,국회도서관,-,-,-,제1유형,저작물,보호저작물,○,상업적이용가능,○,○,○,○,○,○,○,-,2074,-,-
,1265,어문,간행물,국회도서관,국회전자도서관,국회도서관 소장자료,신용불량자 : 현황과대책,-,2004,1,미부착,제1유형,무,-,신용불량자 : 현황과대책,-,어문,문서,-,법률,한국어,-,1905-06-26 00:00:00,-,국회도서관,-,-,-,제1유형,저작물,보호저작물,○,상업적이용가능,○,○,○,○,○,○,○,-,2074,-,-
,1266,어문,간행물,국회도서관,국회전자도서관,국회도서관 소장자료,안전보장회의설치법 : 일본,-,2004,1,미부착,제1유형,무,-,안전보장회의설치법 : 일본,-,어문,문서,-,법률,한국어,-,1905-06-26 00:00:00,-,국회도서관,-,-,-,제1유형,저작물,보호저작물,○,상업적이용가능,○,○,○,○,○,○,○,-,2074,-,-
,1267,어문,간행물,국회도서관,국회전자도서관,국회도서관 소장자료,업무현황,-,2004,1,미부착,제1유형,무,-,업무현황,-,어문,문서,-,법률,한국어,-,1905-06-26 00:00:00,-,국회도서관,-,-,-,제1유형,저작물,보호저작물,○,상업적이용가능,○,○,○,○,○,○,○,-,2074,-,-
,1268,어문,간행물,국회도서관,국회전자도서관,국회도서관 소장자료,업무현황,-,2004,1,미부착,제1유형,무,-,업무현황,-,어문,문서,-,법률,한국어,-,1905-06-26 00:00:00,-,국회도서관,-,-,-,제1유형,저작물,보호저작물,○,상업적이용가능,○,○,○,○,○,○,○,-,2074,-,-
,1269,어문,간행물,국회도서관,국회전자도서관,국회도서관 소장자료,여성고용확대를 위한 적극적 조치,-,2004,1,미부착,제1유형,무,-,여성고용확대를 위한 적극적 조치,-,어문,문서,-,법률,한국어,-,1905-06-26 00:00:00,-,국회도서관,-,-,-,제1유형,저작물,보호저작물,○,상업적이용가능,○,○,○,○,○,○,○,-,2074,-,-
,1270,어문,간행물,국회도서관,국회전자도서관,국회도서관 소장자료,연방의정보업무활동에대한의회통제에관한법률 : 독일,-,2004,1,미부착,제1유형,무,-,연방의정보업무활동에대한의회통제에관한법률 : 독일,-,어문,문서,-,법률,한국어,-,1905-06-26 00:00:00,-,국회도서관,-,-,-,제1유형,저작물,보호저작물,○,상업적이용가능,○,○,○,○,○,○,○,-,2074,-,-
,1271,어문,간행물,국회도서관,국회전자도서관,국회도서관 소장자료,영사업무담당공무원의임무와권한에관한법률 : 독일,-,2004,1,미부착,제1유형,무,-,영사업무담당공무원의임무와권한에관한법률 : 독일,-,어문,문서,-,법률,한국어,-,1905-06-26 00:00:00,-,국회도서관,-,-,-,제1유형,저작물,보호저작물,○,상업적이용가능,○,○,○,○,○,○,○,-,2074,-,-
,1272,어문,간행물,국회도서관,국회전자도서관,국회도서관 소장자료,영화산업 재정지원에 관한 정령 : 프랑스,-,2004,1,미부착,제1유형,무,-,영화산업 재정지원에 관한 정령 : 프랑스,-,어문,문서,-,법률,한국어,-,1905-06-26 00:00:00,-,국회도서관,-,-,-,제1유형,저작물,보호저작물,○,상업적이용가능,○,○,○,○,○,○,○,-,2074,-,-
,1273,어문,간행물,국회도서관,국회전자도서관,국회도서관 소장자료,영화작품의영화관보급에대한재정지원및영화관의현대화와설립에대한재정지원에관한정령 : 프랑스,-,2004,1,미부착,제1유형,무,-,영화작품의영화관보급에대한재정지원및영화관의현대화와설립에대한재정지원에관한정령 : 프랑스,-,어문,문서,-,법률,한국어,-,1905-06-26 00:00:00,-,국회도서관,-,-,-,제1유형,저작물,보호저작물,○,상업적이용가능,○,○,○,○,○,○,○,-,2074,-,-
,1274,어문,간행물,국회도서관,국회전자도서관,국회도서관 소장자료,외교부서에관한법률 : 독일,-,2004,1,미부착,제1유형,무,-,외교부서에관한법률 : 독일,-,어문,문서,-,법률,한국어,-,1905-06-26 00:00:00,-,국회도서관,-,-,-,제1유형,저작물,보호저작물,○,상업적이용가능,○,○,○,○,○,○,○,-,2074,-,-
,1275,어문,간행물,국회도서관,국회전자도서관,국회도서관 소장자료,위치정보서비스와 개인정보보호,-,2004,1,미부착,제1유형,무,-,위치정보서비스와 개인정보보호,-,어문,문서,-,법률,한국어,-,1905-06-26 00:00:00,-,국회도서관,-,-,-,제1유형,저작물,보호저작물,○,상업적이용가능,○,○,○,○,○,○,○,-,2074,-,-
,1276,어문,간행물,국회도서관,국회전자도서관,국회도서관 소장자료,유전자변형작물(LMO)과 환경입법,-,2004,1,미부착,제1유형,무,-,유전자변형작물(LMO)과 환경입법,-,어문,문서,-,법률,한국어,-,1905-06-26 00:00:00,-,국회도서관,-,-,-,제1유형,저작물,보호저작물,○,상업적이용가능,○,○,○,○,○,○,○,-,2074,-,-
,1277,어문,간행물,국회도서관,국회전자도서관,국회도서관 소장자료,유한책임회사제도,-,2004,1,미부착,제1유형,무,-,유한책임회사제도,-,어문,문서,-,법률,한국어,-,1905-06-26 00:00:00,-,국회도서관,-,-,-,제1유형,저작물,보호저작물,○,상업적이용가능,○,○,○,○,○,○,○,-,2074,-,-
,1278,어문,간행물,국회도서관,국회전자도서관,국회도서관 소장자료,"육아휴업,개호휴업등육아또는가족개호를행하는노동자의복지에관한법률 : 일본",-,2004,1,미부착,제1유형,무,-,"육아휴업,개호휴업등육아또는가족개호를행하는노동자의복지에관한법률 : 일본",-,어문,문서,-,법률,한국어,-,1905-06-26 00:00:00,-,국회도서관,-,-,-,제1유형,저작물,보호저작물,○,상업적이용가능,○,○,○,○,○,○,○,-,2074,-,-
,1279,어문,간행물,국회도서관,국회전자도서관,국회도서관 소장자료,육해공군(상이군인및전사자)연금령 : 영국,-,2004,1,미부착,제1유형,무,-,육해공군(상이군인및전사자)연금령 : 영국,-,어문,문서,-,법률,한국어,-,1905-06-26 00:00:00,-,국회도서관,-,-,-,제1유형,저작물,보호저작물,○,상업적이용가능,○,○,○,○,○,○,○,-,2074,-,-
,1280,어문,간행물,국회도서관,국회전자도서관,국회도서관 소장자료,의료급여제도의 개선방안,-,2004,1,미부착,제1유형,무,-,의료급여제도의 개선방안,-,어문,문서,-,법률,한국어,-,1905-06-26 00:00:00,-,국회도서관,-,-,-,제1유형,저작물,보호저작물,○,상업적이용가능,○,○,○,○,○,○,○,-,2074,-,-
,1281,어문,간행물,국회도서관,국회전자도서관,국회도서관 소장자료,의료법 : 일본,-,2004,1,미부착,제1유형,무,-,의료법 : 일본,-,어문,문서,-,법률,한국어,-,1905-06-26 00:00:00,-,국회도서관,-,-,-,제1유형,저작물,보호저작물,○,상업적이용가능,○,○,○,○,○,○,○,-,2074,-,-
,1282,어문,간행물,국회도서관,국회전자도서관,국회도서관 소장자료,의원특권 관련 현황과 쟁점,-,2004,1,미부착,제1유형,무,-,의원특권 관련 현황과 쟁점,-,어문,문서,-,법률,한국어,-,1905-06-26 00:00:00,-,국회도서관,-,-,-,제1유형,저작물,보호저작물,○,상업적이용가능,○,○,○,○,○,○,○,-,2074,-,-
,1283,어문,간행물,국회도서관,국회전자도서관,국회도서관 소장자료,의회기술평가처(OTA) : 미국,-,2004,1,미부착,제1유형,무,-,의회기술평가처(OTA) : 미국,-,어문,문서,-,법률,한국어,-,1905-06-26 00:00:00,-,국회도서관,-,-,-,제1유형,저작물,보호저작물,○,상업적이용가능,○,○,○,○,○,○,○,-,2074,-,-
,1284,어문,간행물,국회도서관,국회전자도서관,국회도서관 소장자료,의회조사국(CRS)법 : 미국,-,2004,1,미부착,제1유형,무,-,의회조사국(CRS)법 : 미국,-,어문,문서,-,법률,한국어,-,1905-06-26 00:00:00,-,국회도서관,-,-,-,제1유형,저작물,보호저작물,○,상업적이용가능,○,○,○,○,○,○,○,-,2074,-,-
,1285,어문,간행물,국회도서관,국회전자도서관,국회도서관 소장자료,인간복제법 : 영국,-,2004,1,미부착,제1유형,무,-,인간복제법 : 영국,-,어문,문서,-,법률,한국어,-,1905-06-26 00:00:00,-,국회도서관,-,-,-,제1유형,저작물,보호저작물,○,상업적이용가능,○,○,○,○,○,○,○,-,2074,-,-
,1286,어문,간행물,국회도서관,국회전자도서관,국회도서관 소장자료,인터넷이성소개사업을이용해아동을유인하는행위의규제등에관한법률 : 일본,-,2004,1,미부착,제1유형,무,-,인터넷이성소개사업을이용해아동을유인하는행위의규제등에관한법률 : 일본,-,어문,문서,-,법률,한국어,-,1905-06-26 00:00:00,-,국회도서관,-,-,-,제1유형,저작물,보호저작물,○,상업적이용가능,○,○,○,○,○,○,○,-,2074,-,-
,1287,어문,간행물,국회도서관,국회전자도서관,국회도서관 소장자료,일본의 쇠고기생산유통이력추적제,-,2004,1,미부착,제1유형,무,-,일본의 쇠고기생산유통이력추적제,-,어문,문서,-,법률,한국어,-,1905-06-26 00:00:00,-,국회도서관,-,-,-,제1유형,저작물,보호저작물,○,상업적이용가능,○,○,○,○,○,○,○,-,2074,-,-
,1288,어문,간행물,국회도서관,국회전자도서관,국회도서관 소장자료,立法情報集. 1-2,-,2004,1,미부착,제1유형,무,-,立法情報集. 1-2,-,어문,문서,-,법률,한국어,-,1905-06-26 00:00:00,-,국회도서관,-,-,-,제1유형,저작물,보호저작물,○,상업적이용가능,○,○,○,○,○,○,○,-,2074,-,-
,1289,어문,간행물,국회도서관,국회전자도서관,국회도서관 소장자료,입법지식DB 주제목록 : 2004. 가을,-,2004,1,미부착,제1유형,무,-,입법지식DB 주제목록 : 2004. 가을,-,어문,문서,-,법률,한국어,-,1905-06-26 00:00:00,-,국회도서관,-,-,-,제1유형,저작물,보호저작물,○,상업적이용가능,○,○,○,○,○,○,○,-,2074,-,-
,1290,어문,간행물,국회도서관,국회전자도서관,국회도서관 소장자료,입법지식DB 주제목록 : 2004. 겨울,-,2004,1,미부착,제1유형,무,-,입법지식DB 주제목록 : 2004. 겨울,-,어문,문서,-,법률,한국어,-,1905-06-26 00:00:00,-,국회도서관,-,-,-,제1유형,저작물,보호저작물,○,상업적이용가능,○,○,○,○,○,○,○,-,2074,-,-
,1291,어문,간행물,국회도서관,국회전자도서관,국회도서관 소장자료,자동차및연료특별소비세법 : 미국,-,2004,1,미부착,제1유형,무,-,자동차및연료특별소비세법 : 미국,-,어문,문서,-,법률,한국어,-,1905-06-26 00:00:00,-,국회도서관,-,-,-,제1유형,저작물,보호저작물,○,상업적이용가능,○,○,○,○,○,○,○,-,2074,-,-
,1292,어문,간행물,국회도서관,국회전자도서관,국회도서관 소장자료,장애인고용평등법 : 미국,-,2004,1,미부착,제1유형,무,-,장애인고용평등법 : 미국,-,어문,문서,-,법률,한국어,-,1905-06-26 00:00:00,-,국회도서관,-,-,-,제1유형,저작물,보호저작물,○,상업적이용가능,○,○,○,○,○,○,○,-,2074,-,-
,1293,어문,간행물,국회도서관,국회전자도서관,국회도서관 소장자료,장애인차별금지법,-,2004,1,미부착,제1유형,무,-,장애인차별금지법,-,어문,문서,-,법률,한국어,-,1905-06-26 00:00:00,-,국회도서관,-,-,-,제1유형,저작물,보호저작물,○,상업적이용가능,○,○,○,○,○,○,○,-,2074,-,-
,1294,어문,간행물,국회도서관,국회전자도서관,국회도서관 소장자료,재난구호법 : 미국,-,2004,1,미부착,제1유형,무,-,재난구호법 : 미국,-,어문,문서,-,법률,한국어,-,1905-06-26 00:00:00,-,국회도서관,-,-,-,제1유형,저작물,보호저작물,○,상업적이용가능,○,○,○,○,○,○,○,-,2074,-,-
,1295,어문,간행물,국회도서관,국회전자도서관,국회도서관 소장자료,재판관의육아휴업에관한규칙 : 일본,-,2004,1,미부착,제1유형,무,-,재판관의육아휴업에관한규칙 : 일본,-,어문,문서,-,법률,한국어,-,1905-06-26 00:00:00,-,국회도서관,-,-,-,제1유형,저작물,보호저작물,○,상업적이용가능,○,○,○,○,○,○,○,-,2074,-,-
,1296,어문,간행물,국회도서관,국회전자도서관,국회도서관 소장자료,재판관의육아휴업에관한법률 : 일본,-,2004,1,미부착,제1유형,무,-,재판관의육아휴업에관한법률 : 일본,-,어문,문서,-,법률,한국어,-,1905-06-26 00:00:00,-,국회도서관,-,-,-,제1유형,저작물,보호저작물,○,상업적이용가능,○,○,○,○,○,○,○,-,2074,-,-
,1297,어문,간행물,국회도서관,국회전자도서관,국회도서관 소장자료,전멸의우려가있는야생동식물의종(種)의보존에관한법률 : 일본,-,2004,1,미부착,제1유형,무,-,전멸의우려가있는야생동식물의종(種)의보존에관한법률 : 일본,-,어문,문서,-,법률,한국어,-,1905-06-26 00:00:00,-,국회도서관,-,-,-,제1유형,저작물,보호저작물,○,상업적이용가능,○,○,○,○,○,○,○,-,2074,-,-
,1298,어문,간행물,국회도서관,국회전자도서관,국회도서관 소장자료,전자도서관 원문 DB(PDF)구축사업 완료보고서. 2004,-,2004,1,미부착,제1유형,유,-,전자도서관 원문 DB(PDF)구축사업 완료보고서. 2004,-,어문,문서,-,법률,한국어,-,1905-06-26 00:00:00,-,국회도서관,-,-,-,제1유형,저작물,보호저작물,○,상업적이용가능,○,○,○,○,○,○,○,-,2074,-,-
,1299,어문,간행물,국회도서관,국회전자도서관,국회도서관 소장자료,"전자도서관 원문DB구축 사업 완료보고서. 2004, 1",-,2004,1,미부착,제1유형,유,-,"전자도서관 원문DB구축 사업 완료보고서. 2004, 1",-,어문,문서,-,법률,한국어,-,1905-06-26 00:00:00,-,국회도서관,-,-,-,제1유형,저작물,보호저작물,○,상업적이용가능,○,○,○,○,○,○,○,-,2074,-,-
,1300,어문,간행물,국회도서관,국회전자도서관,국회도서관 소장자료,"전자도서관 원문DB구축사업 완료보고서. 2004, 2",-,2004,1,미부착,제1유형,유,-,"전자도서관 원문DB구축사업 완료보고서. 2004, 2",-,어문,문서,-,법률,한국어,-,1905-06-26 00:00:00,-,국회도서관,-,-,-,제1유형,저작물,보호저작물,○,상업적이용가능,○,○,○,○,○,○,○,-,2074,-,-
,1301,어문,간행물,국회도서관,국회전자도서관,국회도서관 소장자료,"전자도서관 원문DB구축사업 완료보고서. 2004, 4",-,2004,1,미부착,제1유형,유,-,"전자도서관 원문DB구축사업 완료보고서. 2004, 4",-,어문,문서,-,법률,한국어,-,1905-06-26 00:00:00,-,국회도서관,-,-,-,제1유형,저작물,보호저작물,○,상업적이용가능,○,○,○,○,○,○,○,-,2074,-,-
,1302,어문,간행물,국회도서관,국회전자도서관,국회도서관 소장자료,전자서명법 : 러시아,-,2004,1,미부착,제1유형,무,-,전자서명법 : 러시아,-,어문,문서,-,법률,한국어,-,1905-06-26 00:00:00,-,국회도서관,-,-,-,제1유형,저작물,보호저작물,○,상업적이용가능,○,○,○,○,○,○,○,-,2074,-,-
,1303,어문,간행물,국회도서관,국회전자도서관,국회도서관 소장자료,"정보처리, 파일및자유에관한법률제1장내지제4장및제7장의적용에관한정령 : 프랑스",-,2004,1,미부착,제1유형,무,-,"정보처리, 파일및자유에관한법률제1장내지제4장및제7장의적용에관한정령 : 프랑스",-,어문,문서,-,법률,한국어,-,1905-06-26 00:00:00,-,국회도서관,-,-,-,제1유형,저작물,보호저작물,○,상업적이용가능,○,○,○,○,○,○,○,-,2074,-,-
,1304,어문,간행물,국회도서관,국회전자도서관,국회도서관 소장자료,주요국의 지방교육행정제도와 교육감의 지위,-,2004,1,미부착,제1유형,무,-,주요국의 지방교육행정제도와 교육감의 지위,-,어문,문서,-,법률,한국어,-,1905-06-26 00:00:00,-,국회도서관,-,-,-,제1유형,저작물,보호저작물,○,상업적이용가능,○,○,○,○,○,○,○,-,2074,-,-
,1305,어문,간행물,국회도서관,국회전자도서관,국회도서관 소장자료,주택 후분양제도,-,2004,1,미부착,제1유형,무,-,주택 후분양제도,-,어문,문서,-,법률,한국어,-,1905-06-26 00:00:00,-,국회도서관,-,-,-,제1유형,저작물,보호저작물,○,상업적이용가능,○,○,○,○,○,○,○,-,2074,-,-
,1306,어문,간행물,국회도서관,국회전자도서관,국회도서관 소장자료,중앙부처간 고위직 인사교류제도,-,2004,1,미부착,제1유형,무,-,중앙부처간 고위직 인사교류제도,-,어문,문서,-,법률,한국어,-,1905-06-26 00:00:00,-,국회도서관,-,-,-,제1유형,저작물,보호저작물,○,상업적이용가능,○,○,○,○,○,○,○,-,2074,-,-
,1307,어문,간행물,국회도서관,국회전자도서관,국회도서관 소장자료,중앙정보국(CIA)법 : 미국,-,2004,1,미부착,제1유형,무,-,중앙정보국(CIA)법 : 미국,-,어문,문서,-,법률,한국어,-,1905-06-26 00:00:00,-,국회도서관,-,-,-,제1유형,저작물,보호저작물,○,상업적이용가능,○,○,○,○,○,○,○,-,2074,-,-
,1308,어문,간행물,국회도서관,국회전자도서관,국회도서관 소장자료,중화인민공화국 육상석유자원대외합작개발에 관한 조례 : 중국,-,2004,1,미부착,제1유형,무,-,중화인민공화국 육상석유자원대외합작개발에 관한 조례 : 중국,-,어문,문서,-,법률,한국어,-,1905-06-26 00:00:00,-,국회도서관,-,-,-,제1유형,저작물,보호저작물,○,상업적이용가능,○,○,○,○,○,○,○,-,2074,-,-
,1309,어문,간행물,국회도서관,국회전자도서관,국회도서관 소장자료,증여세법 : 미국,-,2004,1,미부착,제1유형,무,-,증여세법 : 미국,-,어문,문서,-,법률,한국어,-,1905-06-26 00:00:00,-,국회도서관,-,-,-,제1유형,저작물,보호저작물,○,상업적이용가능,○,○,○,○,○,○,○,-,2074,-,-
,1310,어문,간행물,국회도서관,국회전자도서관,국회도서관 소장자료,지방공무원의육아휴업등에관한법률 : 일본,-,2004,1,미부착,제1유형,무,-,지방공무원의육아휴업등에관한법률 : 일본,-,어문,문서,-,법률,한국어,-,1905-06-26 00:00:00,-,국회도서관,-,-,-,제1유형,저작물,보호저작물,○,상업적이용가능,○,○,○,○,○,○,○,-,2074,-,-
,1311,어문,간행물,국회도서관,국회전자도서관,국회도서관 소장자료,지방주민투표에관한조직법률 : 프랑스,-,2004,1,미부착,제1유형,무,-,지방주민투표에관한조직법률 : 프랑스,-,어문,문서,-,법률,한국어,-,1905-06-26 00:00:00,-,국회도서관,-,-,-,제1유형,저작물,보호저작물,○,상업적이용가능,○,○,○,○,○,○,○,-,2074,-,-
,1312,어문,간행물,국회도서관,국회전자도서관,국회도서관 소장자료,청년실업의 원인과 정책과제,-,2004,1,미부착,제1유형,무,-,청년실업의 원인과 정책과제,-,어문,문서,-,법률,한국어,-,1905-06-26 00:00:00,-,국회도서관,-,-,-,제1유형,저작물,보호저작물,○,상업적이용가능,○,○,○,○,○,○,○,-,2074,-,-
,1313,어문,간행물,국회도서관,국회전자도서관,국회도서관 소장자료,청소년·교육·연구부 중앙행정조직에관한정령 : 프랑스,-,2004,1,미부착,제1유형,무,-,청소년·교육·연구부 중앙행정조직에관한정령 : 프랑스,-,어문,문서,-,법률,한국어,-,1905-06-26 00:00:00,-,국회도서관,-,-,-,제1유형,저작물,보호저작물,○,상업적이용가능,○,○,○,○,○,○,○,-,2074,-,-
,1314,어문,간행물,국회도서관,국회전자도서관,국회도서관 소장자료,체육활동조직과촉진에관한법률 : 프랑스,-,2004,1,미부착,제1유형,무,-,체육활동조직과촉진에관한법률 : 프랑스,-,어문,문서,-,법률,한국어,-,1905-06-26 00:00:00,-,국회도서관,-,-,-,제1유형,저작물,보호저작물,○,상업적이용가능,○,○,○,○,○,○,○,-,2074,-,-
,1315,어문,간행물,국회도서관,국회전자도서관,국회도서관 소장자료,출자총액제한제도 : 쟁점과 평가,-,2004,1,미부착,제1유형,무,-,출자총액제한제도 : 쟁점과 평가,-,어문,문서,-,법률,한국어,-,1905-06-26 00:00:00,-,국회도서관,-,-,-,제1유형,저작물,보호저작물,○,상업적이용가능,○,○,○,○,○,○,○,-,2074,-,-
,1316,어문,간행물,국회도서관,국회전자도서관,국회도서관 소장자료,텔레비전방송 수신료 : 현황과 과제,-,2004,1,미부착,제1유형,무,-,텔레비전방송 수신료 : 현황과 과제,-,어문,문서,-,법률,한국어,-,1905-06-26 00:00:00,-,국회도서관,-,-,-,제1유형,저작물,보호저작물,○,상업적이용가능,○,○,○,○,○,○,○,-,2074,-,-
,1317,어문,간행물,국회도서관,국회전자도서관,국회도서관 소장자료,토양오염대책법 : 일본,-,2004,1,미부착,제1유형,무,-,토양오염대책법 : 일본,-,어문,문서,-,법률,한국어,-,1905-06-26 00:00:00,-,국회도서관,-,-,-,제1유형,저작물,보호저작물,○,상업적이용가능,○,○,○,○,○,○,○,-,2074,-,-
,1318,어문,간행물,국회도서관,국회전자도서관,국회도서관 소장자료,파트너쉽 과세제도,-,2004,1,미부착,제1유형,무,-,파트너쉽 과세제도,-,어문,문서,-,법률,한국어,-,1905-06-26 00:00:00,-,국회도서관,-,-,-,제1유형,저작물,보호저작물,○,상업적이용가능,○,○,○,○,○,○,○,-,2074,-,-
,1319,어문,간행물,국회도서관,국회전자도서관,국회도서관 소장자료,학생상해사고처리조치 : 중국,-,2004,1,미부착,제1유형,무,-,학생상해사고처리조치 : 중국,-,어문,문서,-,법률,한국어,-,1905-06-26 00:00:00,-,국회도서관,-,-,-,제1유형,저작물,보호저작물,○,상업적이용가능,○,○,○,○,○,○,○,-,2074,-,-
,1320,어문,간행물,국회도서관,국회전자도서관,국회도서관 소장자료,한·중 자유무역협정(FTA)의 협상전망과 과제,-,2004,1,미부착,제1유형,무,-,한·중 자유무역협정(FTA)의 협상전망과 과제,-,어문,문서,-,법률,한국어,-,1905-06-26 00:00:00,-,국회도서관,-,-,-,제1유형,저작물,보호저작물,○,상업적이용가능,○,○,○,○,○,○,○,-,2074,-,-
,1321,어문,간행물,국회도서관,국회전자도서관,국회도서관 소장자료,한국 정치자금제도의 변천과정과 특성,-,2004,1,미부착,제1유형,무,-,한국 정치자금제도의 변천과정과 특성,-,어문,문서,-,법률,한국어,-,1905-06-26 00:00:00,-,국회도서관,-,-,-,제1유형,저작물,보호저작물,○,상업적이용가능,○,○,○,○,○,○,○,-,2074,-,-
,1322,어문,간행물,국회도서관,국회전자도서관,국회도서관 소장자료,한미동맹관계의 발전을 위한 정책방향,-,2004,1,미부착,제1유형,무,-,한미동맹관계의 발전을 위한 정책방향,-,어문,문서,-,법률,한국어,-,1905-06-26 00:00:00,-,국회도서관,-,-,-,제1유형,저작물,보호저작물,○,상업적이용가능,○,○,○,○,○,○,○,-,2074,-,-
,1323,어문,간행물,국회도서관,국회전자도서관,국회도서관 소장자료,항공법 : 일본,-,2004,1,미부착,제1유형,무,-,항공법 : 일본,-,어문,문서,-,법률,한국어,-,1905-06-26 00:00:00,-,국회도서관,-,-,-,제1유형,저작물,보호저작물,○,상업적이용가능,○,○,○,○,○,○,○,-,2074,-,-
,1324,어문,간행물,국회도서관,국회전자도서관,국회도서관 소장자료,해외 각국의 정보격차 해소 정책,-,2004,1,미부착,제1유형,무,-,해외 각국의 정보격차 해소 정책,-,어문,문서,-,법률,한국어,-,1905-06-26 00:00:00,-,국회도서관,-,-,-,제1유형,저작물,보호저작물,○,상업적이용가능,○,○,○,○,○,○,○,-,2074,-,-
,1325,어문,간행물,국회도서관,국회전자도서관,국회도서관 소장자료,헌법수호사안에있어서의연방과지방사이의협력및연방헌법수호청에관한법률 : 독일,-,2004,1,미부착,제1유형,무,-,헌법수호사안에있어서의연방과지방사이의협력및연방헌법수호청에관한법률 : 독일,-,어문,문서,-,법률,한국어,-,1905-06-26 00:00:00,-,국회도서관,-,-,-,제1유형,저작물,보호저작물,○,상업적이용가능,○,○,○,○,○,○,○,-,2074,-,-
,1326,어문,간행물,국회도서관,국회전자도서관,국회도서관 소장자료,화학물질 안전관리 대책,-,2004,1,미부착,제1유형,무,-,화학물질 안전관리 대책,-,어문,문서,-,법률,한국어,-,1905-06-26 00:00:00,-,국회도서관,-,-,-,제1유형,저작물,보호저작물,○,상업적이용가능,○,○,○,○,○,○,○,-,2074,-,-
,1327,어문,간행물,국회도서관,국회전자도서관,국회도서관 소장자료,환경보전을위한의욕의증진및환경교육의추진에관한법률 : 일본,-,2004,1,미부착,제1유형,무,-,환경보전을위한의욕의증진및환경교육의추진에관한법률 : 일본,-,어문,문서,-,법률,한국어,-,1905-06-26 00:00:00,-,국회도서관,-,-,-,제1유형,저작물,보호저작물,○,상업적이용가능,○,○,○,○,○,○,○,-,2074,-,-
,1328,어문,간행물,국회도서관,국회전자도서관,국회도서관 소장자료,환경영향평가법 : 일본,-,2004,1,미부착,제1유형,무,-,환경영향평가법 : 일본,-,어문,문서,-,법률,한국어,-,1905-06-26 00:00:00,-,국회도서관,-,-,-,제1유형,저작물,보호저작물,○,상업적이용가능,○,○,○,○,○,○,○,-,2074,-,-
,1329,어문,간행물,국회도서관,국회전자도서관,국회도서관 소장자료,"(정보검색을 위한)표준 시소러스. 2005, 제1권, 자모순 ㄱ~ㄷ",-,2005,1,미부착,제1유형,무,-,"(정보검색을 위한)표준 시소러스. 2005, 제1권, 자모순 ㄱ~ㄷ",-,어문,문서,-,법률,한국어,-,1905-06-27 00:00:00,-,국회도서관,-,-,-,제1유형,저작물,보호저작물,○,상업적이용가능,○,○,○,○,○,○,○,-,2075,-,-
,1330,어문,간행물,국회도서관,국회전자도서관,국회도서관 소장자료,"(정보검색을 위한)표준 시소러스. 2005, 제2권, 자모순 ㄹ~ㅅ",-,2005,1,미부착,제1유형,무,-,"(정보검색을 위한)표준 시소러스. 2005, 제2권, 자모순 ㄹ~ㅅ",-,어문,문서,-,법률,한국어,-,1905-06-27 00:00:00,-,국회도서관,-,-,-,제1유형,저작물,보호저작물,○,상업적이용가능,○,○,○,○,○,○,○,-,2075,-,-
,1331,어문,간행물,국회도서관,국회전자도서관,국회도서관 소장자료,"(정보검색을 위한)표준 시소러스. 2005, 제3권, 자모순 ㅇ~ㅈ",-,2005,1,미부착,제1유형,무,-,"(정보검색을 위한)표준 시소러스. 2005, 제3권, 자모순 ㅇ~ㅈ",-,어문,문서,-,법률,한국어,-,1905-06-27 00:00:00,-,국회도서관,-,-,-,제1유형,저작물,보호저작물,○,상업적이용가능,○,○,○,○,○,○,○,-,2075,-,-
,1332,어문,간행물,국회도서관,국회전자도서관,국회도서관 소장자료,"(정보검색을 위한)표준 시소러스. 2005, 제4권, 자모순 ㅊ~ㅎ, 1-9, A-Z",-,2005,1,미부착,제1유형,무,-,"(정보검색을 위한)표준 시소러스. 2005, 제4권, 자모순 ㅊ~ㅎ, 1-9, A-Z",-,어문,문서,-,법률,한국어,-,1905-06-27 00:00:00,-,국회도서관,-,-,-,제1유형,저작물,보호저작물,○,상업적이용가능,○,○,○,○,○,○,○,-,2075,-,-
,1333,어문,간행물,국회도서관,국회전자도서관,국회도서관 소장자료,"(정보검색을 위한)표준 시소러스. 2005, 제5권, 계층순",-,2005,1,미부착,제1유형,무,-,"(정보검색을 위한)표준 시소러스. 2005, 제5권, 계층순",-,어문,문서,-,법률,한국어,-,1905-06-27 00:00:00,-,국회도서관,-,-,-,제1유형,저작물,보호저작물,○,상업적이용가능,○,○,○,○,○,○,○,-,2075,-,-
,1334,어문,간행물,국회도서관,국회전자도서관,국회도서관 소장자료,「농업·농촌기본법」 개정 논의,-,2005,1,미부착,제1유형,무,-,「농업·농촌기본법」 개정 논의,-,어문,문서,-,법률,한국어,-,1905-06-27 00:00:00,-,국회도서관,-,-,-,제1유형,저작물,보호저작물,○,상업적이용가능,○,○,○,○,○,○,○,-,2075,-,-
,1335,어문,간행물,국회도서관,국회전자도서관,국회도서관 소장자료,IT 기술이 산업생산에 미치는 영향,-,2005,1,미부착,제1유형,무,-,IT 기술이 산업생산에 미치는 영향,-,어문,문서,-,법률,한국어,-,1905-06-27 00:00:00,-,국회도서관,-,-,-,제1유형,저작물,보호저작물,○,상업적이용가능,○,○,○,○,○,○,○,-,2075,-,-
,1336,어문,간행물,국회도서관,국회전자도서관,국회도서관 소장자료,감청의 헌법적 문제점 및 관련법제의 개선방향,-,2005,1,미부착,제1유형,무,-,감청의 헌법적 문제점 및 관련법제의 개선방향,-,어문,문서,-,법률,한국어,-,1905-06-27 00:00:00,-,국회도서관,-,-,-,제1유형,저작물,보호저작물,○,상업적이용가능,○,○,○,○,○,○,○,-,2075,-,-
,1337,어문,간행물,국회도서관,국회전자도서관,국회도서관 소장자료,개발이익 환수제도,-,2005,1,미부착,제1유형,무,-,개발이익 환수제도,-,어문,문서,-,법률,한국어,-,1905-06-27 00:00:00,-,국회도서관,-,-,-,제1유형,저작물,보호저작물,○,상업적이용가능,○,○,○,○,○,○,○,-,2075,-,-
,1338,어문,간행물,국회도서관,국회전자도서관,국회도서관 소장자료,개별노동관계분쟁의 해결촉진에 관한 법률 : 일본,-,2005,1,미부착,제1유형,무,-,개별노동관계분쟁의 해결촉진에 관한 법률 : 일본,-,어문,문서,-,법률,한국어,-,1905-06-27 00:00:00,-,국회도서관,-,-,-,제1유형,저작물,보호저작물,○,상업적이용가능,○,○,○,○,○,○,○,-,2075,-,-
,1339,어문,간행물,국회도서관,국회전자도서관,국회도서관 소장자료,건강보험료 체납 해결방안,-,2005,1,미부착,제1유형,무,-,건강보험료 체납 해결방안,-,어문,문서,-,법률,한국어,-,1905-06-27 00:00:00,-,국회도서관,-,-,-,제1유형,저작물,보호저작물,○,상업적이용가능,○,○,○,○,○,○,○,-,2075,-,-
,1340,어문,간행물,국회도서관,국회전자도서관,국회도서관 소장자료,고령자 등의 고용안정 등에 관한 법률 : 일본,-,2005,1,미부착,제1유형,무,-,고령자 등의 고용안정 등에 관한 법률 : 일본,-,어문,문서,-,법률,한국어,-,1905-06-27 00:00:00,-,국회도서관,-,-,-,제1유형,저작물,보호저작물,○,상업적이용가능,○,○,○,○,○,○,○,-,2075,-,-
,1341,어문,간행물,국회도서관,국회전자도서관,국회도서관 소장자료,고용관계법 : 영국,-,2005,1,미부착,제1유형,무,-,고용관계법 : 영국,-,어문,문서,-,법률,한국어,-,1905-06-27 00:00:00,-,국회도서관,-,-,-,제1유형,저작물,보호저작물,○,상업적이용가능,○,○,○,○,○,○,○,-,2075,-,-
,1342,어문,간행물,국회도서관,국회전자도서관,국회도서관 소장자료,고위공무원단제도,-,2005,1,미부착,제1유형,무,-,고위공무원단제도,-,어문,문서,-,법률,한국어,-,1905-06-27 00:00:00,-,국회도서관,-,-,-,제1유형,저작물,보호저작물,○,상업적이용가능,○,○,○,○,○,○,○,-,2075,-,-
,1343,어문,간행물,국회도서관,국회전자도서관,국회도서관 소장자료,공정거래법상의 과징금제도,-,2005,1,미부착,제1유형,무,-,공정거래법상의 과징금제도,-,어문,문서,-,법률,한국어,-,1905-06-27 00:00:00,-,국회도서관,-,-,-,제1유형,저작물,보호저작물,○,상업적이용가능,○,○,○,○,○,○,○,-,2075,-,-
,1344,어문,간행물,국회도서관,국회전자도서관,국회도서관 소장자료,광역의회 의원에 대한 입법정보 지원 : 광역의회 직원 워크샵 자료,-,2005,1,미부착,제1유형,무,-,광역의회 의원에 대한 입법정보 지원 : 광역의회 직원 워크샵 자료,-,어문,문서,-,법률,한국어,-,1905-06-27 00:00:00,-,국회도서관,-,-,-,제1유형,저작물,보호저작물,○,상업적이용가능,○,○,○,○,○,○,○,-,2075,-,-
,1345,어문,간행물,국회도서관,국회전자도서관,국회도서관 소장자료,교원평가제도의 주요 쟁점,-,2005,1,미부착,제1유형,무,-,교원평가제도의 주요 쟁점,-,어문,문서,-,법률,한국어,-,1905-06-27 00:00:00,-,국회도서관,-,-,-,제1유형,저작물,보호저작물,○,상업적이용가능,○,○,○,○,○,○,○,-,2075,-,-
,1346,어문,간행물,국회도서관,국회전자도서관,국회도서관 소장자료,교육공무원특례법 : 일본,-,2005,1,미부착,제1유형,무,-,교육공무원특례법 : 일본,-,어문,문서,-,법률,한국어,-,1905-06-27 00:00:00,-,국회도서관,-,-,-,제1유형,저작물,보호저작물,○,상업적이용가능,○,○,○,○,○,○,○,-,2075,-,-
,1347,어문,간행물,국회도서관,국회전자도서관,국회도서관 소장자료,교육직원면허법 : 일본,-,2005,1,미부착,제1유형,무,-,교육직원면허법 : 일본,-,어문,문서,-,법률,한국어,-,1905-06-27 00:00:00,-,국회도서관,-,-,-,제1유형,저작물,보호저작물,○,상업적이용가능,○,○,○,○,○,○,○,-,2075,-,-
,1348,어문,간행물,국회도서관,국회전자도서관,국회도서관 소장자료,국가경쟁력 강화를 위한 회사법 개정방향 : 정책간담회 자료집,-,2005,1,미부착,제1유형,무,-,국가경쟁력 강화를 위한 회사법 개정방향 : 정책간담회 자료집,-,어문,문서,-,법률,한국어,-,1905-06-27 00:00:00,-,국회도서관,-,-,-,제1유형,저작물,보호저작물,○,상업적이용가능,○,○,○,○,○,○,○,-,2075,-,-
,1349,어문,간행물,국회도서관,국회전자도서관,국회도서관 소장자료,국가안보에 관한 대통령지침 : 미국,-,2005,1,미부착,제1유형,무,-,국가안보에 관한 대통령지침 : 미국,-,어문,문서,-,법률,한국어,-,1905-06-27 00:00:00,-,국회도서관,-,-,-,제1유형,저작물,보호저작물,○,상업적이용가능,○,○,○,○,○,○,○,-,2075,-,-
,1350,어문,간행물,국회도서관,국회전자도서관,국회도서관 소장자료,국립대 법인화 문제,-,2005,1,미부착,제1유형,무,-,국립대 법인화 문제,-,어문,문서,-,법률,한국어,-,1905-06-27 00:00:00,-,국회도서관,-,-,-,제1유형,저작물,보호저작물,○,상업적이용가능,○,○,○,○,○,○,○,-,2075,-,-
,1351,어문,간행물,국회도서관,국회전자도서관,국회도서관 소장자료,국정감사결과 시정 및 처리요구사항에 대한 처리결과. 2004,-,2005,1,미부착,제1유형,무,-,국정감사결과 시정 및 처리요구사항에 대한 처리결과. 2004,-,어문,문서,-,법률,한국어,-,1905-06-27 00:00:00,-,국회도서관,-,-,-,제1유형,저작물,보호저작물,○,상업적이용가능,○,○,○,○,○,○,○,-,2075,-,-
,1352,어문,간행물,국회도서관,국회전자도서관,국회도서관 소장자료,국회운영위원회 요구자료,-,2005,1,미부착,제1유형,무,-,국회운영위원회 요구자료,-,어문,문서,-,법률,한국어,-,1905-06-27 00:00:00,-,국회도서관,-,-,-,제1유형,저작물,보호저작물,○,상업적이용가능,○,○,○,○,○,○,○,-,2075,-,-
,1353,어문,간행물,국회도서관,국회전자도서관,국회도서관 소장자료,국회의원 비서의 급여 등에 관한 법률 : 일본,-,2005,1,미부착,제1유형,무,-,국회의원 비서의 급여 등에 관한 법률 : 일본,-,어문,문서,-,법률,한국어,-,1905-06-27 00:00:00,-,국회도서관,-,-,-,제1유형,저작물,보호저작물,○,상업적이용가능,○,○,○,○,○,○,○,-,2075,-,-
,1354,어문,간행물,국회도서관,국회전자도서관,국회도서관 소장자료,금융기관 등에 의한 고객 등의 본인확인 등에 관한 법률 : 일본,-,2005,1,미부착,제1유형,무,-,금융기관 등에 의한 고객 등의 본인확인 등에 관한 법률 : 일본,-,어문,문서,-,법률,한국어,-,1905-06-27 00:00:00,-,국회도서관,-,-,-,제1유형,저작물,보호저작물,○,상업적이용가능,○,○,○,○,○,○,○,-,2075,-,-
,1355,어문,간행물,국회도서관,국회전자도서관,국회도서관 소장자료,기후변화협약,-,2005,1,미부착,제1유형,무,-,기후변화협약,-,어문,문서,-,법률,한국어,-,1905-06-27 00:00:00,-,국회도서관,-,-,-,제1유형,저작물,보호저작물,○,상업적이용가능,○,○,○,○,○,○,○,-,2075,-,-
,1356,어문,간행물,국회도서관,국회전자도서관,국회도서관 소장자료,노인보건법 : 일본,-,2005,1,미부착,제1유형,무,-,노인보건법 : 일본,-,어문,문서,-,법률,한국어,-,1905-06-27 00:00:00,-,국회도서관,-,-,-,제1유형,저작물,보호저작물,○,상업적이용가능,○,○,○,○,○,○,○,-,2075,-,-
,1357,어문,간행물,국회도서관,국회전자도서관,국회도서관 소장자료,노인수발보장제,-,2005,1,미부착,제1유형,무,-,노인수발보장제,-,어문,문서,-,법률,한국어,-,1905-06-27 00:00:00,-,국회도서관,-,-,-,제1유형,저작물,보호저작물,○,상업적이용가능,○,○,○,○,○,○,○,-,2075,-,-
,1358,어문,간행물,국회도서관,국회전자도서관,국회도서관 소장자료,도박중독증의 사회문화적 병리 : 국회도서관 정책간담회,-,2005,1,미부착,제1유형,무,-,도박중독증의 사회문화적 병리 : 국회도서관 정책간담회,-,어문,문서,-,법률,한국어,-,1905-06-27 00:00:00,-,국회도서관,-,-,-,제1유형,저작물,보호저작물,○,상업적이용가능,○,○,○,○,○,○,○,-,2075,-,-
,1359,어문,간행물,국회도서관,국회전자도서관,국회도서관 소장자료,도서관 관련 국제기구 규약집,-,2005,1,미부착,제1유형,무,-,도서관 관련 국제기구 규약집,-,어문,문서,-,법률,한국어,-,1905-06-27 00:00:00,-,국회도서관,-,-,-,제1유형,저작물,보호저작물,○,상업적이용가능,○,○,○,○,○,○,○,-,2075,-,-
,1360,어문,간행물,국회도서관,국회전자도서관,국회도서관 소장자료,독일식 혼합선거제도,-,2005,1,미부착,제1유형,무,-,독일식 혼합선거제도,-,어문,문서,-,법률,한국어,-,1905-06-27 00:00:00,-,국회도서관,-,-,-,제1유형,저작물,보호저작물,○,상업적이용가능,○,○,○,○,○,○,○,-,2075,-,-
,1361,어문,간행물,국회도서관,국회전자도서관,국회도서관 소장자료,동북아다자안보협력체 논의,-,2005,1,미부착,제1유형,무,-,동북아다자안보협력체 논의,-,어문,문서,-,법률,한국어,-,1905-06-27 00:00:00,-,국회도서관,-,-,-,제1유형,저작물,보호저작물,○,상업적이용가능,○,○,○,○,○,○,○,-,2075,-,-
,1362,어문,간행물,국회도서관,국회전자도서관,국회도서관 소장자료,동양관계세분전개표,-,2005,1,미부착,제1유형,무,-,동양관계세분전개표,-,어문,문서,-,법률,한국어,-,1905-06-27 00:00:00,-,국회도서관,-,-,-,제1유형,저작물,보호저작물,○,상업적이용가능,○,○,○,○,○,○,○,-,2075,-,-
,1363,어문,간행물,국회도서관,국회전자도서관,국회도서관 소장자료,로비스트제도 도입,-,2005,1,미부착,제1유형,무,-,로비스트제도 도입,-,어문,문서,-,법률,한국어,-,1905-06-27 00:00:00,-,국회도서관,-,-,-,제1유형,저작물,보호저작물,○,상업적이용가능,○,○,○,○,○,○,○,-,2075,-,-
,1364,어문,간행물,국회도서관,국회전자도서관,국회도서관 소장자료,문자·활자문화진흥법 : 일본,-,2005,1,미부착,제1유형,무,-,문자·활자문화진흥법 : 일본,-,어문,문서,-,법률,한국어,-,1905-06-27 00:00:00,-,국회도서관,-,-,-,제1유형,저작물,보호저작물,○,상업적이용가능,○,○,○,○,○,○,○,-,2075,-,-
,1365,어문,간행물,국회도서관,국회전자도서관,국회도서관 소장자료,미 하원의원 윤리규정 : 미국,-,2005,1,미부착,제1유형,무,-,미 하원의원 윤리규정 : 미국,-,어문,문서,-,법률,한국어,-,1905-06-27 00:00:00,-,국회도서관,-,-,-,제1유형,저작물,보호저작물,○,상업적이용가능,○,○,○,○,○,○,○,-,2075,-,-
,1366,어문,간행물,국회도서관,국회전자도서관,국회도서관 소장자료,미국 메릴랜드주 검시관법 : 미국,-,2005,1,미부착,제1유형,무,-,미국 메릴랜드주 검시관법 : 미국,-,어문,문서,-,법률,한국어,-,1905-06-27 00:00:00,-,국회도서관,-,-,-,제1유형,저작물,보호저작물,○,상업적이용가능,○,○,○,○,○,○,○,-,2075,-,-
,1367,어문,간행물,국회도서관,국회전자도서관,국회도서관 소장자료,미국의 북한인권법,-,2005,1,미부착,제1유형,무,-,미국의 북한인권법,-,어문,문서,-,법률,한국어,-,1905-06-27 00:00:00,-,국회도서관,-,-,-,제1유형,저작물,보호저작물,○,상업적이용가능,○,○,○,○,○,○,○,-,2075,-,-
,1368,어문,간행물,국회도서관,국회전자도서관,국회도서관 소장자료,발달장애인가정지원법 : 미국,-,2005,1,미부착,제1유형,무,-,발달장애인가정지원법 : 미국,-,어문,문서,-,법률,한국어,-,1905-06-27 00:00:00,-,국회도서관,-,-,-,제1유형,저작물,보호저작물,○,상업적이용가능,○,○,○,○,○,○,○,-,2075,-,-
,1369,어문,간행물,국회도서관,국회전자도서관,국회도서관 소장자료,범죄피해자 등 급부금의 지급 등에 관한 법률 : 일본,-,2005,1,미부착,제1유형,무,-,범죄피해자 등 급부금의 지급 등에 관한 법률 : 일본,-,어문,문서,-,법률,한국어,-,1905-06-27 00:00:00,-,국회도서관,-,-,-,제1유형,저작물,보호저작물,○,상업적이용가능,○,○,○,○,○,○,○,-,2075,-,-
,1370,어문,간행물,국회도서관,국회전자도서관,국회도서관 소장자료,범죄피해자 등의 보호를 위한 형사절차에 부수하는 조치에 관한 법률 : 일본,-,2005,1,미부착,제1유형,무,-,범죄피해자 등의 보호를 위한 형사절차에 부수하는 조치에 관한 법률 : 일본,-,어문,문서,-,법률,한국어,-,1905-06-27 00:00:00,-,국회도서관,-,-,-,제1유형,저작물,보호저작물,○,상업적이용가능,○,○,○,○,○,○,○,-,2075,-,-
,1371,어문,간행물,국회도서관,국회전자도서관,국회도서관 소장자료,보조금 등과 관련된 예산 집행의 적정화에 관한 법률 : 일본,-,2005,1,미부착,제1유형,무,-,보조금 등과 관련된 예산 집행의 적정화에 관한 법률 : 일본,-,어문,문서,-,법률,한국어,-,1905-06-27 00:00:00,-,국회도서관,-,-,-,제1유형,저작물,보호저작물,○,상업적이용가능,○,○,○,○,○,○,○,-,2075,-,-
,1372,어문,간행물,국회도서관,국회전자도서관,국회도서관 소장자료,보험범죄,-,2005,1,미부착,제1유형,무,-,보험범죄,-,어문,문서,-,법률,한국어,-,1905-06-27 00:00:00,-,국회도서관,-,-,-,제1유형,저작물,보호저작물,○,상업적이용가능,○,○,○,○,○,○,○,-,2075,-,-
,1373,어문,간행물,국회도서관,국회전자도서관,국회도서관 소장자료,부동산 관련 지방세,-,2005,1,미부착,제1유형,무,-,부동산 관련 지방세,-,어문,문서,-,법률,한국어,-,1905-06-27 00:00:00,-,국회도서관,-,-,-,제1유형,저작물,보호저작물,○,상업적이용가능,○,○,○,○,○,○,○,-,2075,-,-
,1374,어문,간행물,국회도서관,국회전자도서관,국회도서관 소장자료,부부재산제도,-,2005,1,미부착,제1유형,무,-,부부재산제도,-,어문,문서,-,법률,한국어,-,1905-06-27 00:00:00,-,국회도서관,-,-,-,제1유형,저작물,보호저작물,○,상업적이용가능,○,○,○,○,○,○,○,-,2075,-,-
,1375,어문,간행물,국회도서관,국회전자도서관,국회도서관 소장자료,비상사태법 : 러시아,-,2005,1,미부착,제1유형,무,-,비상사태법 : 러시아,-,어문,문서,-,법률,한국어,-,1905-06-27 00:00:00,-,국회도서관,-,-,-,제1유형,저작물,보호저작물,○,상업적이용가능,○,○,○,○,○,○,○,-,2075,-,-
,1376,어문,간행물,국회도서관,국회전자도서관,국회도서관 소장자료,사체해부보존법 : 일본,-,2005,1,미부착,제1유형,무,-,사체해부보존법 : 일본,-,어문,문서,-,법률,한국어,-,1905-06-27 00:00:00,-,국회도서관,-,-,-,제1유형,저작물,보호저작물,○,상업적이용가능,○,○,○,○,○,○,○,-,2075,-,-
,1377,어문,간행물,국회도서관,국회전자도서관,국회도서관 소장자료,사회보험진료보수지불기금법 : 일본,-,2005,1,미부착,제1유형,무,-,사회보험진료보수지불기금법 : 일본,-,어문,문서,-,법률,한국어,-,1905-06-27 00:00:00,-,국회도서관,-,-,-,제1유형,저작물,보호저작물,○,상업적이용가능,○,○,○,○,○,○,○,-,2075,-,-
,1378,어문,간행물,국회도서관,국회전자도서관,국회도서관 소장자료,사회통합 계획에 관한 법률 : 프랑스,-,2005,1,미부착,제1유형,무,-,사회통합 계획에 관한 법률 : 프랑스,-,어문,문서,-,법률,한국어,-,1905-06-27 00:00:00,-,국회도서관,-,-,-,제1유형,저작물,보호저작물,○,상업적이용가능,○,○,○,○,○,○,○,-,2075,-,-
,1379,어문,간행물,국회도서관,국회전자도서관,국회도서관 소장자료,서울 균형 발전과 세목교환 : 국회도서관 정책간담회,-,2005,1,미부착,제1유형,무,-,서울 균형 발전과 세목교환 : 국회도서관 정책간담회,-,어문,문서,-,법률,한국어,-,1905-06-27 00:00:00,-,국회도서관,-,-,-,제1유형,저작물,보호저작물,○,상업적이용가능,○,○,○,○,○,○,○,-,2075,-,-
,1380,어문,간행물,국회도서관,국회전자도서관,국회도서관 소장자료,섬머타임법 : 미국,-,2005,1,미부착,제1유형,무,-,섬머타임법 : 미국,-,어문,문서,-,법률,한국어,-,1905-06-27 00:00:00,-,국회도서관,-,-,-,제1유형,저작물,보호저작물,○,상업적이용가능,○,○,○,○,○,○,○,-,2075,-,-
,1381,어문,간행물,국회도서관,국회전자도서관,국회도서관 소장자료,섬유산업 구조개선 임시조치법 : 일본,-,2005,1,미부착,제1유형,무,-,섬유산업 구조개선 임시조치법 : 일본,-,어문,문서,-,법률,한국어,-,1905-06-27 00:00:00,-,국회도서관,-,-,-,제1유형,저작물,보호저작물,○,상업적이용가능,○,○,○,○,○,○,○,-,2075,-,-
,1382,어문,간행물,국회도서관,국회전자도서관,국회도서관 소장자료,성 인지(性 認知) 정책의 형성과 의미,-,2005,1,미부착,제1유형,무,-,성 인지(性 認知) 정책의 형성과 의미,-,어문,문서,-,법률,한국어,-,1905-06-27 00:00:00,-,국회도서관,-,-,-,제1유형,저작물,보호저작물,○,상업적이용가능,○,○,○,○,○,○,○,-,2075,-,-
,1383,어문,간행물,국회도서관,국회전자도서관,국회도서관 소장자료,세제개혁법 : 일본,-,2005,1,미부착,제1유형,무,-,세제개혁법 : 일본,-,어문,문서,-,법률,한국어,-,1905-06-27 00:00:00,-,국회도서관,-,-,-,제1유형,저작물,보호저작물,○,상업적이용가능,○,○,○,○,○,○,○,-,2075,-,-
,1384,어문,간행물,국회도서관,국회전자도서관,국회도서관 소장자료,소비자생활협동조합법 개정의 필요성 및 개정방향,-,2005,1,미부착,제1유형,무,-,소비자생활협동조합법 개정의 필요성 및 개정방향,-,어문,문서,-,법률,한국어,-,1905-06-27 00:00:00,-,국회도서관,-,-,-,제1유형,저작물,보호저작물,○,상업적이용가능,○,○,○,○,○,○,○,-,2075,-,-
,1385,어문,간행물,국회도서관,국회전자도서관,국회도서관 소장자료,소액창업금융(microfinance),-,2005,1,미부착,제1유형,무,-,소액창업금융(microfinance),-,어문,문서,-,법률,한국어,-,1905-06-27 00:00:00,-,국회도서관,-,-,-,제1유형,저작물,보호저작물,○,상업적이용가능,○,○,○,○,○,○,○,-,2075,-,-
,1386,어문,간행물,국회도서관,국회전자도서관,국회도서관 소장자료,소장 정기간행물 안내 : 주제별,-,2005,1,미부착,제1유형,무,-,소장 정기간행물 안내 : 주제별,-,어문,문서,-,법률,한국어,-,1905-06-27 00:00:00,-,국회도서관,-,-,-,제1유형,저작물,보호저작물,○,상업적이용가능,○,○,○,○,○,○,○,-,2075,-,-
,1387,어문,간행물,국회도서관,국회전자도서관,국회도서관 소장자료,수자원공동정책 골격을 설정한 유럽의회와 각료이사회 지침전사(轉寫)에 관한 법률 : 프랑스,-,2005,1,미부착,제1유형,무,-,수자원공동정책 골격을 설정한 유럽의회와 각료이사회 지침전사(轉寫)에 관한 법률 : 프랑스,-,어문,문서,-,법률,한국어,-,1905-06-27 00:00:00,-,국회도서관,-,-,-,제1유형,저작물,보호저작물,○,상업적이용가능,○,○,○,○,○,○,○,-,2075,-,-
,1388,어문,간행물,국회도서관,국회전자도서관,국회도서관 소장자료,시민안전의 현대화에 관한 법률 : 프랑스,-,2005,1,미부착,제1유형,무,-,시민안전의 현대화에 관한 법률 : 프랑스,-,어문,문서,-,법률,한국어,-,1905-06-27 00:00:00,-,국회도서관,-,-,-,제1유형,저작물,보호저작물,○,상업적이용가능,○,○,○,○,○,○,○,-,2075,-,-
,1389,어문,간행물,국회도서관,국회전자도서관,국회도서관 소장자료,"안마마사지지압사, 침사, 구사 등에 관한 법률 : 일본",-,2005,1,미부착,제1유형,무,-,"안마마사지지압사, 침사, 구사 등에 관한 법률 : 일본",-,어문,문서,-,법률,한국어,-,1905-06-27 00:00:00,-,국회도서관,-,-,-,제1유형,저작물,보호저작물,○,상업적이용가능,○,○,○,○,○,○,○,-,2075,-,-
,1390,어문,간행물,국회도서관,국회전자도서관,국회도서관 소장자료,어린이 독서활동 추진법 : 일본,-,2005,1,미부착,제1유형,무,-,어린이 독서활동 추진법 : 일본,-,어문,문서,-,법률,한국어,-,1905-06-27 00:00:00,-,국회도서관,-,-,-,제1유형,저작물,보호저작물,○,상업적이용가능,○,○,○,○,○,○,○,-,2075,-,-
,1391,어문,간행물,국회도서관,국회전자도서관,국회도서관 소장자료,업무현황,-,2005,1,미부착,제1유형,무,-,업무현황,-,어문,문서,-,법률,한국어,-,1905-06-27 00:00:00,-,국회도서관,-,-,-,제1유형,저작물,보호저작물,○,상업적이용가능,○,○,○,○,○,○,○,-,2075,-,-
,1392,어문,간행물,국회도서관,국회전자도서관,국회도서관 소장자료,영해 및 접속수역에 관한 법들 : 일본,-,2005,1,미부착,제1유형,무,-,영해 및 접속수역에 관한 법들 : 일본,-,어문,문서,-,법률,한국어,-,1905-06-27 00:00:00,-,국회도서관,-,-,-,제1유형,저작물,보호저작물,○,상업적이용가능,○,○,○,○,○,○,○,-,2075,-,-
,1393,어문,간행물,국회도서관,국회전자도서관,국회도서관 소장자료,예술교육에 관한 법률 : 프랑스,-,2005,1,미부착,제1유형,무,-,예술교육에 관한 법률 : 프랑스,-,어문,문서,-,법률,한국어,-,1905-06-27 00:00:00,-,국회도서관,-,-,-,제1유형,저작물,보호저작물,○,상업적이용가능,○,○,○,○,○,○,○,-,2075,-,-
,1394,어문,간행물,국회도서관,국회전자도서관,국회도서관 소장자료,외국인력 유입의 노동시장 파급효과,-,2005,1,미부착,제1유형,무,-,외국인력 유입의 노동시장 파급효과,-,어문,문서,-,법률,한국어,-,1905-06-27 00:00:00,-,국회도서관,-,-,-,제1유형,저작물,보호저작물,○,상업적이용가능,○,○,○,○,○,○,○,-,2075,-,-
,1395,어문,간행물,국회도서관,국회전자도서관,국회도서관 소장자료,원자폭탄피폭자에 대한 원호에 관한 법률 : 일본,-,2005,1,미부착,제1유형,무,-,원자폭탄피폭자에 대한 원호에 관한 법률 : 일본,-,어문,문서,-,법률,한국어,-,1905-06-27 00:00:00,-,국회도서관,-,-,-,제1유형,저작물,보호저작물,○,상업적이용가능,○,○,○,○,○,○,○,-,2075,-,-
,1396,어문,간행물,국회도서관,국회전자도서관,국회도서관 소장자료,원자폭탄피폭자에 대한 원호에 관한 법률 시행규칙 : 일본,-,2005,1,미부착,제1유형,무,-,원자폭탄피폭자에 대한 원호에 관한 법률 시행규칙 : 일본,-,어문,문서,-,법률,한국어,-,1905-06-27 00:00:00,-,국회도서관,-,-,-,제1유형,저작물,보호저작물,○,상업적이용가능,○,○,○,○,○,○,○,-,2075,-,-
,1397,어문,간행물,국회도서관,국회전자도서관,국회도서관 소장자료,원자폭탄피폭자에 대한 원호에 관한 법률시행령 : 일본,-,2005,1,미부착,제1유형,무,-,원자폭탄피폭자에 대한 원호에 관한 법률시행령 : 일본,-,어문,문서,-,법률,한국어,-,1905-06-27 00:00:00,-,국회도서관,-,-,-,제1유형,저작물,보호저작물,○,상업적이용가능,○,○,○,○,○,○,○,-,2075,-,-
,1398,어문,간행물,국회도서관,국회전자도서관,국회도서관 소장자료,의회 위원회 제도의 구성과 운영,-,2005,1,미부착,제1유형,무,-,의회 위원회 제도의 구성과 운영,-,어문,문서,-,법률,한국어,-,1905-06-27 00:00:00,-,국회도서관,-,-,-,제1유형,저작물,보호저작물,○,상업적이용가능,○,○,○,○,○,○,○,-,2075,-,-
,1399,어문,간행물,국회도서관,국회전자도서관,국회도서관 소장자료,"일본의 ""보통국가화"" 전략과 한국의 대응",-,2005,1,미부착,제1유형,무,-,"일본의 ""보통국가화"" 전략과 한국의 대응",-,어문,문서,-,법률,한국어,-,1905-06-27 00:00:00,-,국회도서관,-,-,-,제1유형,저작물,보호저작물,○,상업적이용가능,○,○,○,○,○,○,○,-,2075,-,-
,1400,어문,간행물,국회도서관,국회전자도서관,국회도서관 소장자료,입법지식DB 주제목록 : 2005. 여름,-,2005,1,미부착,제1유형,무,-,입법지식DB 주제목록 : 2005. 여름,-,어문,문서,-,법률,한국어,-,1905-06-27 00:00:00,-,국회도서관,-,-,-,제1유형,저작물,보호저작물,○,상업적이용가능,○,○,○,○,○,○,○,-,2075,-,-
,1401,어문,간행물,국회도서관,국회전자도서관,국회도서관 소장자료,재외동포에 대한 러시아연방 국가정책에 관한 법 : 러시아,-,2005,1,미부착,제1유형,무,-,재외동포에 대한 러시아연방 국가정책에 관한 법 : 러시아,-,어문,문서,-,법률,한국어,-,1905-06-27 00:00:00,-,국회도서관,-,-,-,제1유형,저작물,보호저작물,○,상업적이용가능,○,○,○,○,○,○,○,-,2075,-,-
,1402,어문,간행물,국회도서관,국회전자도서관,국회도서관 소장자료,재외동포정책에 관한 법제적 검토,-,2005,1,미부착,제1유형,무,-,재외동포정책에 관한 법제적 검토,-,어문,문서,-,법률,한국어,-,1905-06-27 00:00:00,-,국회도서관,-,-,-,제1유형,저작물,보호저작물,○,상업적이용가능,○,○,○,○,○,○,○,-,2075,-,-
,1403,어문,간행물,국회도서관,국회전자도서관,국회도서관 소장자료,재판이외 대체적 분쟁해결제도(ADR),-,2005,1,미부착,제1유형,무,-,재판이외 대체적 분쟁해결제도(ADR),-,어문,문서,-,법률,한국어,-,1905-06-27 00:00:00,-,국회도서관,-,-,-,제1유형,저작물,보호저작물,○,상업적이용가능,○,○,○,○,○,○,○,-,2075,-,-
,1404,어문,간행물,국회도서관,국회전자도서관,국회도서관 소장자료,정보보호의 현황과 과제,-,2005,1,미부착,제1유형,무,-,정보보호의 현황과 과제,-,어문,문서,-,법률,한국어,-,1905-06-27 00:00:00,-,국회도서관,-,-,-,제1유형,저작물,보호저작물,○,상업적이용가능,○,○,○,○,○,○,○,-,2075,-,-
,1405,어문,간행물,국회도서관,국회전자도서관,국회도서관 소장자료,정부위원회 제도 운영현황과 개선방안,-,2005,1,미부착,제1유형,무,-,정부위원회 제도 운영현황과 개선방안,-,어문,문서,-,법률,한국어,-,1905-06-27 00:00:00,-,국회도서관,-,-,-,제1유형,저작물,보호저작물,○,상업적이용가능,○,○,○,○,○,○,○,-,2075,-,-
,1406,어문,간행물,국회도서관,국회전자도서관,국회도서관 소장자료,정치자금규정법 : 일본,-,2005,1,미부착,제1유형,무,-,정치자금규정법 : 일본,-,어문,문서,-,법률,한국어,-,1905-06-27 00:00:00,-,국회도서관,-,-,-,제1유형,저작물,보호저작물,○,상업적이용가능,○,○,○,○,○,○,○,-,2075,-,-
,1407,어문,간행물,국회도서관,국회전자도서관,국회도서관 소장자료,주요국 입법지원조직의 구성과 운영,-,2005,1,미부착,제1유형,무,-,주요국 입법지원조직의 구성과 운영,-,어문,문서,-,법률,한국어,-,1905-06-27 00:00:00,-,국회도서관,-,-,-,제1유형,저작물,보호저작물,○,상업적이용가능,○,○,○,○,○,○,○,-,2075,-,-
,1408,어문,간행물,국회도서관,국회전자도서관,국회도서관 소장자료,주요국 정치자금제도,-,2005,1,미부착,제1유형,무,-,주요국 정치자금제도,-,어문,문서,-,법률,한국어,-,1905-06-27 00:00:00,-,국회도서관,-,-,-,제1유형,저작물,보호저작물,○,상업적이용가능,○,○,○,○,○,○,○,-,2075,-,-
,1409,어문,간행물,국회도서관,국회전자도서관,국회도서관 소장자료,주요국의 저출산 대응정책,-,2005,1,미부착,제1유형,무,-,주요국의 저출산 대응정책,-,어문,문서,-,법률,한국어,-,1905-06-27 00:00:00,-,국회도서관,-,-,-,제1유형,저작물,보호저작물,○,상업적이용가능,○,○,○,○,○,○,○,-,2075,-,-
,1410,어문,간행물,국회도서관,국회전자도서관,국회도서관 소장자료,주택시장 안정화 대책,-,2005,1,미부착,제1유형,무,-,주택시장 안정화 대책,-,어문,문서,-,법률,한국어,-,1905-06-27 00:00:00,-,국회도서관,-,-,-,제1유형,저작물,보호저작물,○,상업적이용가능,○,○,○,○,○,○,○,-,2075,-,-
,1411,어문,간행물,국회도서관,국회전자도서관,국회도서관 소장자료,지방교육행정의 조직 및 운영에 관한 법률 : 일본,-,2005,1,미부착,제1유형,무,-,지방교육행정의 조직 및 운영에 관한 법률 : 일본,-,어문,문서,-,법률,한국어,-,1905-06-27 00:00:00,-,국회도서관,-,-,-,제1유형,저작물,보호저작물,○,상업적이용가능,○,○,○,○,○,○,○,-,2075,-,-
,1412,어문,간행물,국회도서관,국회전자도서관,국회도서관 소장자료,'지방문화원' 실태와 활성화 방안,-,2005,1,미부착,제1유형,무,-,'지방문화원' 실태와 활성화 방안,-,어문,문서,-,법률,한국어,-,1905-06-27 00:00:00,-,국회도서관,-,-,-,제1유형,저작물,보호저작물,○,상업적이용가능,○,○,○,○,○,○,○,-,2075,-,-
,1413,어문,간행물,국회도서관,국회전자도서관,국회도서관 소장자료,지방정치 부패요인 해소를 위한 제도개선 방안,-,2005,1,미부착,제1유형,무,-,지방정치 부패요인 해소를 위한 제도개선 방안,-,어문,문서,-,법률,한국어,-,1905-06-27 00:00:00,-,국회도서관,-,-,-,제1유형,저작물,보호저작물,○,상업적이용가능,○,○,○,○,○,○,○,-,2075,-,-
,1414,어문,간행물,국회도서관,국회전자도서관,국회도서관 소장자료,지적재산기본법 : 일본,-,2005,1,미부착,제1유형,무,-,지적재산기본법 : 일본,-,어문,문서,-,법률,한국어,-,1905-06-27 00:00:00,-,국회도서관,-,-,-,제1유형,저작물,보호저작물,○,상업적이용가능,○,○,○,○,○,○,○,-,2075,-,-
,1415,어문,간행물,국회도서관,국회전자도서관,국회도서관 소장자료,직장과 가정의 양립지원제도,-,2005,1,미부착,제1유형,무,-,직장과 가정의 양립지원제도,-,어문,문서,-,법률,한국어,-,1905-06-27 00:00:00,-,국회도서관,-,-,-,제1유형,저작물,보호저작물,○,상업적이용가능,○,○,○,○,○,○,○,-,2075,-,-
,1416,어문,간행물,국회도서관,국회전자도서관,국회도서관 소장자료,최근의 WTO/DDA 농업협상 동향,-,2005,1,미부착,제1유형,무,-,최근의 WTO/DDA 농업협상 동향,-,어문,문서,-,법률,한국어,-,1905-06-27 00:00:00,-,국회도서관,-,-,-,제1유형,저작물,보호저작물,○,상업적이용가능,○,○,○,○,○,○,○,-,2075,-,-
,1417,어문,간행물,국회도서관,국회전자도서관,국회도서관 소장자료,"콘텐츠의 창조, 보호 및 활용의 촉진에 관한 법률 : 일본",-,2005,1,미부착,제1유형,무,-,"콘텐츠의 창조, 보호 및 활용의 촉진에 관한 법률 : 일본",-,어문,문서,-,법률,한국어,-,1905-06-27 00:00:00,-,국회도서관,-,-,-,제1유형,저작물,보호저작물,○,상업적이용가능,○,○,○,○,○,○,○,-,2075,-,-
,1418,어문,간행물,국회도서관,국회전자도서관,국회도서관 소장자료,토양오염방지대책,-,2005,1,미부착,제1유형,무,-,토양오염방지대책,-,어문,문서,-,법률,한국어,-,1905-06-27 00:00:00,-,국회도서관,-,-,-,제1유형,저작물,보호저작물,○,상업적이용가능,○,○,○,○,○,○,○,-,2075,-,-
,1419,어문,간행물,국회도서관,국회전자도서관,국회도서관 소장자료,특정비영리활동촉진법 : 일본,-,2005,1,미부착,제1유형,무,-,특정비영리활동촉진법 : 일본,-,어문,문서,-,법률,한국어,-,1905-06-27 00:00:00,-,국회도서관,-,-,-,제1유형,저작물,보호저작물,○,상업적이용가능,○,○,○,○,○,○,○,-,2075,-,-
,1420,어문,간행물,국회도서관,국회전자도서관,국회도서관 소장자료,한국전통공예의 실태와 과제,-,2005,1,미부착,제1유형,무,-,한국전통공예의 실태와 과제,-,어문,문서,-,법률,한국어,-,1905-06-27 00:00:00,-,국회도서관,-,-,-,제1유형,저작물,보호저작물,○,상업적이용가능,○,○,○,○,○,○,○,-,2075,-,-
,1421,어문,간행물,국회도서관,국회전자도서관,국회도서관 소장자료,해외자원확보의 투자확대 필요성,-,2005,1,미부착,제1유형,무,-,해외자원확보의 투자확대 필요성,-,어문,문서,-,법률,한국어,-,1905-06-27 00:00:00,-,국회도서관,-,-,-,제1유형,저작물,보호저작물,○,상업적이용가능,○,○,○,○,○,○,○,-,2075,-,-
,1422,어문,간행물,국회도서관,국회전자도서관,국회도서관 소장자료,행정기관이 보유하는 정보의 공개에 관한 법률 : 일본,-,2005,1,미부착,제1유형,무,-,행정기관이 보유하는 정보의 공개에 관한 법률 : 일본,-,어문,문서,-,법률,한국어,-,1905-06-27 00:00:00,-,국회도서관,-,-,-,제1유형,저작물,보호저작물,○,상업적이용가능,○,○,○,○,○,○,○,-,2075,-,-
,1423,어문,간행물,국회도서관,국회전자도서관,국회도서관 소장자료,행정기관이 실시하는 정책의 평가에 관한 법률 : 일본,-,2005,1,미부착,제1유형,무,-,행정기관이 실시하는 정책의 평가에 관한 법률 : 일본,-,어문,문서,-,법률,한국어,-,1905-06-27 00:00:00,-,국회도서관,-,-,-,제1유형,저작물,보호저작물,○,상업적이용가능,○,○,○,○,○,○,○,-,2075,-,-
,1424,어문,간행물,국회도서관,국회전자도서관,국회도서관 소장자료,헌법의 영토조항 개정논의,-,2005,1,미부착,제1유형,무,-,헌법의 영토조항 개정논의,-,어문,문서,-,법률,한국어,-,1905-06-27 00:00:00,-,국회도서관,-,-,-,제1유형,저작물,보호저작물,○,상업적이용가능,○,○,○,○,○,○,○,-,2075,-,-
,1425,어문,간행물,국회도서관,국회전자도서관,국회도서관 소장자료,휴대인터넷 서비스의 동향 및 전망,-,2005,1,미부착,제1유형,무,-,휴대인터넷 서비스의 동향 및 전망,-,어문,문서,-,법률,한국어,-,1905-06-27 00:00:00,-,국회도서관,-,-,-,제1유형,저작물,보호저작물,○,상업적이용가능,○,○,○,○,○,○,○,-,2075,-,-
,1426,어문,간행물,국회도서관,국회전자도서관,국회도서관 소장자료,(국회도서관 소장)마이크로폼 자료안내,-,2006,1,미부착,제1유형,무,-,(국회도서관 소장)마이크로폼 자료안내,-,어문,문서,-,법률,한국어,-,1905-06-28 00:00:00,-,국회도서관,-,-,-,제1유형,저작물,보호저작물,○,상업적이용가능,○,○,○,○,○,○,○,-,2076,-,-
,1427,어문,간행물,국회도서관,국회전자도서관,국회도서관 소장자료,4년주기 국방검토보고서(QDR: Quadrennial Defense Review),-,2006,1,미부착,제1유형,무,-,4년주기 국방검토보고서(QDR: Quadrennial Defense Review),-,어문,문서,-,법률,한국어,-,1905-06-28 00:00:00,-,국회도서관,-,-,-,제1유형,저작물,보호저작물,○,상업적이용가능,○,○,○,○,○,○,○,-,2076,-,-
,1428,어문,간행물,국회도서관,국회전자도서관,국회도서관 소장자료,국정감사결과 시정 및 처리 요구사항에 대한 처리결과 보고서 : 2005년도 국정감사 국회운영위원회. 2005,-,2006,1,미부착,제1유형,무,-,국정감사결과 시정 및 처리 요구사항에 대한 처리결과 보고서 : 2005년도 국정감사 국회운영위원회. 2005,-,어문,문서,-,법률,한국어,-,1905-06-28 00:00:00,-,국회도서관,-,-,-,제1유형,저작물,보호저작물,○,상업적이용가능,○,○,○,○,○,○,○,-,2076,-,-
,1429,어문,간행물,국회도서관,국회전자도서관,국회도서관 소장자료,국회운영위원회 요구자료. 1,-,2006,1,미부착,제1유형,무,-,국회운영위원회 요구자료. 1,-,어문,문서,-,법률,한국어,-,1905-06-28 00:00:00,-,국회도서관,-,-,-,제1유형,저작물,보호저작물,○,상업적이용가능,○,○,○,○,○,○,○,-,2076,-,-
,1430,어문,간행물,국회도서관,국회전자도서관,국회도서관 소장자료,국회운영위원회 요구자료. 2,-,2006,1,미부착,제1유형,무,-,국회운영위원회 요구자료. 2,-,어문,문서,-,법률,한국어,-,1905-06-28 00:00:00,-,국회도서관,-,-,-,제1유형,저작물,보호저작물,○,상업적이용가능,○,○,○,○,○,○,○,-,2076,-,-
,1431,어문,간행물,국회도서관,국회전자도서관,국회도서관 소장자료,기초의회의원 선거구제,-,2006,1,미부착,제1유형,무,-,기초의회의원 선거구제,-,어문,문서,-,법률,한국어,-,1905-06-28 00:00:00,-,국회도서관,-,-,-,제1유형,저작물,보호저작물,○,상업적이용가능,○,○,○,○,○,○,○,-,2076,-,-
,1432,어문,간행물,국회도서관,국회전자도서관,국회도서관 소장자료,남북관계와 개헌논의,-,2006,1,미부착,제1유형,무,-,남북관계와 개헌논의,-,어문,문서,-,법률,한국어,-,1905-06-28 00:00:00,-,국회도서관,-,-,-,제1유형,저작물,보호저작물,○,상업적이용가능,○,○,○,○,○,○,○,-,2076,-,-
,1433,어문,간행물,국회도서관,국회전자도서관,국회도서관 소장자료,晩悟洪震全集,-,2006,1,미부착,제1유형,무,-,晩悟洪震全集,-,어문,문서,-,법률,한국어,-,1905-06-28 00:00:00,-,국회도서관,-,-,-,제1유형,저작물,보호저작물,○,상업적이용가능,○,○,○,○,○,○,○,-,2076,-,-
,1434,어문,간행물,국회도서관,국회전자도서관,국회도서관 소장자료,미래 도서관의 방향 모색 : 한국학술정보협의회 학술 세미나,-,2006,1,미부착,제1유형,무,-,미래 도서관의 방향 모색 : 한국학술정보협의회 학술 세미나,-,어문,문서,-,법률,한국어,-,1905-06-28 00:00:00,-,국회도서관,-,-,-,제1유형,저작물,보호저작물,○,상업적이용가능,○,○,○,○,○,○,○,-,2076,-,-
,1435,어문,간행물,국회도서관,국회전자도서관,국회도서관 소장자료,민방위제도 개선방안,-,2006,1,미부착,제1유형,무,-,민방위제도 개선방안,-,어문,문서,-,법률,한국어,-,1905-06-28 00:00:00,-,국회도서관,-,-,-,제1유형,저작물,보호저작물,○,상업적이용가능,○,○,○,○,○,○,○,-,2076,-,-
,1436,어문,간행물,국회도서관,국회전자도서관,국회도서관 소장자료,세계의회도서관총회 개최 결과 보고서. 제22차,-,2006,1,미부착,제1유형,무,-,세계의회도서관총회 개최 결과 보고서. 제22차,-,어문,문서,-,법률,한국어,-,1905-06-28 00:00:00,-,국회도서관,-,-,-,제1유형,저작물,보호저작물,○,상업적이용가능,○,○,○,○,○,○,○,-,2076,-,-
,1437,어문,간행물,국회도서관,국회전자도서관,국회도서관 소장자료,이주의 여성화와 이주여성 인권보호의 과제 : 정책간담회,-,2006,1,미부착,제1유형,무,-,이주의 여성화와 이주여성 인권보호의 과제 : 정책간담회,-,어문,문서,-,법률,한국어,-,1905-06-28 00:00:00,-,국회도서관,-,-,-,제1유형,저작물,보호저작물,○,상업적이용가능,○,○,○,○,○,○,○,-,2076,-,-
,1438,어문,간행물,국회도서관,국회전자도서관,국회도서관 소장자료,입법지식DB주제리스트 : 2006. 여름,-,2006,1,미부착,제1유형,무,-,입법지식DB주제리스트 : 2006. 여름,-,어문,문서,-,법률,한국어,-,1905-06-28 00:00:00,-,국회도서관,-,-,-,제1유형,저작물,보호저작물,○,상업적이용가능,○,○,○,○,○,○,○,-,2076,-,-
,1439,어문,간행물,국회도서관,국회전자도서관,국회도서관 소장자료,재건축 개발이익환수제,-,2006,1,미부착,제1유형,무,-,재건축 개발이익환수제,-,어문,문서,-,법률,한국어,-,1905-06-28 00:00:00,-,국회도서관,-,-,-,제1유형,저작물,보호저작물,○,상업적이용가능,○,○,○,○,○,○,○,-,2076,-,-
,1440,어문,간행물,국회도서관,국회전자도서관,국회도서관 소장자료,주거지내 주차장 확보 방안,-,2006,1,미부착,제1유형,무,-,주거지내 주차장 확보 방안,-,어문,문서,-,법률,한국어,-,1905-06-28 00:00:00,-,국회도서관,-,-,-,제1유형,저작물,보호저작물,○,상업적이용가능,○,○,○,○,○,○,○,-,2076,-,-
,1441,어문,간행물,국회도서관,국회전자도서관,국회도서관 소장자료,주치의등록제 : 의료급여 수급권자를 대상으로,-,2006,1,미부착,제1유형,무,-,주치의등록제 : 의료급여 수급권자를 대상으로,-,어문,문서,-,법률,한국어,-,1905-06-28 00:00:00,-,국회도서관,-,-,-,제1유형,저작물,보호저작물,○,상업적이용가능,○,○,○,○,○,○,○,-,2076,-,-
,1442,어문,간행물,국회도서관,국회전자도서관,국회도서관 소장자료,(2007)입법지식DB주제리스트,-,2007,1,미부착,제1유형,무,-,(2007)입법지식DB주제리스트,-,어문,문서,-,법률,한국어,-,1905-06-29 00:00:00,-,국회도서관,-,-,-,제1유형,저작물,보호저작물,○,상업적이용가능,○,○,○,○,○,○,○,-,2077,-,-
,1443,어문,간행물,국회도서관,국회전자도서관,국회도서관 소장자료,국정감사결과 시정 및 처리 요구사항에 대한 처리결과 보고서 : 2006년도 국정감사 국회운영위원회. 2006,-,2007,1,미부착,제1유형,무,-,국정감사결과 시정 및 처리 요구사항에 대한 처리결과 보고서 : 2006년도 국정감사 국회운영위원회. 2006,-,어문,문서,-,법률,한국어,-,1905-06-29 00:00:00,-,국회도서관,-,-,-,제1유형,저작물,보호저작물,○,상업적이용가능,○,○,○,○,○,○,○,-,2077,-,-
,1444,어문,간행물,국회도서관,국회전자도서관,국회도서관 소장자료,국회운영위원회 요구자료. 1,-,2007,1,미부착,제1유형,무,-,국회운영위원회 요구자료. 1,-,어문,문서,-,법률,한국어,-,1905-06-29 00:00:00,-,국회도서관,-,-,-,제1유형,저작물,보호저작물,○,상업적이용가능,○,○,○,○,○,○,○,-,2077,-,-
,1445,어문,간행물,국회도서관,국회전자도서관,국회도서관 소장자료,세입세출 및 기금 결산 사업설명자료. 2006,-,2007,1,미부착,제1유형,무,-,세입세출 및 기금 결산 사업설명자료. 2006,-,어문,문서,-,법률,한국어,-,1905-06-29 00:00:00,-,국회도서관,-,-,-,제1유형,저작물,보호저작물,○,상업적이용가능,○,○,○,○,○,○,○,-,2077,-,-
,1446,어문,간행물,국회도서관,국회전자도서관,국회도서관 소장자료,"세입세출결산심사관련 공통요구자료. 2006, 3",-,2007,1,미부착,제1유형,무,-,"세입세출결산심사관련 공통요구자료. 2006, 3",-,어문,문서,-,법률,한국어,-,1905-06-29 00:00:00,-,국회도서관,-,-,-,제1유형,저작물,보호저작물,○,상업적이용가능,○,○,○,○,○,○,○,-,2077,-,-
,1447,어문,간행물,국회도서관,국회전자도서관,국회도서관 소장자료,"세입세출결산심사관련 공통요구자료. 2006, 4",-,2007,1,미부착,제1유형,무,-,"세입세출결산심사관련 공통요구자료. 2006, 4",-,어문,문서,-,법률,한국어,-,1905-06-29 00:00:00,-,국회도서관,-,-,-,제1유형,저작물,보호저작물,○,상업적이용가능,○,○,○,○,○,○,○,-,2077,-,-
,1448,어문,간행물,국회도서관,국회전자도서관,국회도서관 소장자료,한ㆍ일 국회도서관 공동세미나 발표자료집. 2003-2006,-,2007,1,미부착,제1유형,무,-,한ㆍ일 국회도서관 공동세미나 발표자료집. 2003-2006,-,어문,문서,-,법률,한국어,-,1905-06-29 00:00:00,-,국회도서관,-,-,-,제1유형,저작물,보호저작물,○,상업적이용가능,○,○,○,○,○,○,○,-,2077,-,-
,1449,어문,간행물,국회도서관,국회전자도서관,국회도서관 소장자료,환불제도,-,2007,1,미부착,제1유형,무,-,환불제도,-,어문,문서,-,법률,한국어,-,1905-06-29 00:00:00,-,국회도서관,-,-,-,제1유형,저작물,보호저작물,○,상업적이용가능,○,○,○,○,○,○,○,-,2077,-,-
,1450,어문,간행물,국회도서관,국회전자도서관,국회도서관 소장자료,(국회도서관 소장)마이크로폼자료목록집,-,2008,1,미부착,제1유형,무,-,(국회도서관 소장)마이크로폼자료목록집,-,어문,문서,-,법률,한국어,-,1905-06-30 00:00:00,-,국회도서관,-,-,-,제1유형,저작물,보호저작물,○,상업적이용가능,○,○,○,○,○,○,○,-,2078,-,-
,1451,어문,간행물,국회도서관,국회전자도서관,국회도서관 소장자료,1952년~1953년 독도 측량 : 한국산악회 울릉도 독도 학술단 관련 박병주 교수 기증자료,-,2008,1,미부착,제1유형,무,-,1952년~1953년 독도 측량 : 한국산악회 울릉도 독도 학술단 관련 박병주 교수 기증자료,-,어문,문서,-,법률,한국어,-,1905-06-30 00:00:00,-,국회도서관,-,-,-,제1유형,저작물,보호저작물,○,상업적이용가능,○,○,○,○,○,○,○,-,2078,-,-
,1452,어문,간행물,국회도서관,국회전자도서관,국회도서관 소장자료,e-INFO POST 현안자료 목록집. 2008,-,2008,1,미부착,제1유형,무,-,e-INFO POST 현안자료 목록집. 2008,-,어문,문서,-,법률,한국어,-,1905-06-30 00:00:00,-,국회도서관,-,-,-,제1유형,저작물,보호저작물,○,상업적이용가능,○,○,○,○,○,○,○,-,2078,-,-
,1453,어문,간행물,국회도서관,국회전자도서관,국회도서관 소장자료,국정감사결과 시정 및 처리 요구사항에 대한 처리결과 보고서 : 2007년도 국정감사 국회운영위원회. 2007,-,2008,1,미부착,제1유형,무,-,국정감사결과 시정 및 처리 요구사항에 대한 처리결과 보고서 : 2007년도 국정감사 국회운영위원회. 2007,-,어문,문서,-,법률,한국어,-,1905-06-30 00:00:00,-,국회도서관,-,-,-,제1유형,저작물,보호저작물,○,상업적이용가능,○,○,○,○,○,○,○,-,2078,-,-
,1454,어문,간행물,국회도서관,국회전자도서관,국회도서관 소장자료,國會圖書館關係法規集. 2008,-,2008,1,미부착,제1유형,무,-,國會圖書館關係法規集. 2008,-,어문,문서,-,법률,한국어,-,1905-06-30 00:00:00,-,국회도서관,-,-,-,제1유형,저작물,보호저작물,○,상업적이용가능,○,○,○,○,○,○,○,-,2078,-,-
,1455,어문,간행물,국회도서관,국회전자도서관,국회도서관 소장자료,국회운영위원회 요구자료,-,2008,1,미부착,제1유형,무,-,국회운영위원회 요구자료,-,어문,문서,-,법률,한국어,-,1905-06-30 00:00:00,-,국회도서관,-,-,-,제1유형,저작물,보호저작물,○,상업적이용가능,○,○,○,○,○,○,○,-,2078,-,-
,1456,어문,간행물,국회도서관,국회전자도서관,국회도서관 소장자료,법률정보조사과정. 2008,-,2008,1,미부착,제1유형,무,-,법률정보조사과정. 2008,-,어문,문서,-,법률,한국어,-,1905-06-30 00:00:00,-,국회도서관,-,-,-,제1유형,저작물,보호저작물,○,상업적이용가능,○,○,○,○,○,○,○,-,2078,-,-
,1457,어문,간행물,국회도서관,국회전자도서관,국회도서관 소장자료,법률정보활용. 2008,-,2008,1,미부착,제1유형,무,-,법률정보활용. 2008,-,어문,문서,-,법률,한국어,-,1905-06-30 00:00:00,-,국회도서관,-,-,-,제1유형,저작물,보호저작물,○,상업적이용가능,○,○,○,○,○,○,○,-,2078,-,-
,1458,어문,간행물,국회도서관,국회전자도서관,국회도서관 소장자료,세입세출 및 기금 결산 사업설명자료. 2007,-,2008,1,미부착,제1유형,무,-,세입세출 및 기금 결산 사업설명자료. 2007,-,어문,문서,-,법률,한국어,-,1905-06-30 00:00:00,-,국회도서관,-,-,-,제1유형,저작물,보호저작물,○,상업적이용가능,○,○,○,○,○,○,○,-,2078,-,-
,1459,어문,간행물,국회도서관,국회전자도서관,국회도서관 소장자료,"세입세출결산심사관련 공통요구자료. 2007, 3-4",-,2008,1,미부착,제1유형,무,-,"세입세출결산심사관련 공통요구자료. 2007, 3-4",-,어문,문서,-,법률,한국어,-,1905-06-30 00:00:00,-,국회도서관,-,-,-,제1유형,저작물,보호저작물,○,상업적이용가능,○,○,○,○,○,○,○,-,2078,-,-
,1460,어문,간행물,국회도서관,국회전자도서관,국회도서관 소장자료,"세입세출결산심사관련 공통요구자료. 2008, 4, 주요사업설명자료",-,2008,1,미부착,제1유형,무,-,"세입세출결산심사관련 공통요구자료. 2008, 4, 주요사업설명자료",-,어문,문서,-,법률,한국어,-,1905-06-30 00:00:00,-,국회도서관,-,-,-,제1유형,저작물,보호저작물,○,상업적이용가능,○,○,○,○,○,○,○,-,2078,-,-
,1461,어문,간행물,국회도서관,국회전자도서관,국회도서관 소장자료,외국법률번역자료집. 2008,-,2008,1,미부착,제1유형,무,-,외국법률번역자료집. 2008,-,어문,문서,-,법률,한국어,-,1905-06-30 00:00:00,-,국회도서관,-,-,-,제1유형,저작물,보호저작물,○,상업적이용가능,○,○,○,○,○,○,○,-,2078,-,-
,1462,어문,간행물,국회도서관,국회전자도서관,국회도서관 소장자료,정책연혁정보집,-,2008,1,미부착,제1유형,무,-,정책연혁정보집,-,어문,문서,-,법률,한국어,-,1905-06-30 00:00:00,-,국회도서관,-,-,-,제1유형,저작물,보호저작물,○,상업적이용가능,○,○,○,○,○,○,○,-,2078,-,-
,1463,어문,간행물,국회도서관,국회전자도서관,국회도서관 소장자료,한국학술정보협의회 정기총회 및 세미나. 제6차,-,2008,1,미부착,제1유형,무,-,한국학술정보협의회 정기총회 및 세미나. 제6차,-,어문,문서,-,법률,한국어,-,1905-06-30 00:00:00,-,국회도서관,-,-,-,제1유형,저작물,보호저작물,○,상업적이용가능,○,○,○,○,○,○,○,-,2078,-,-
,1464,어문,간행물,국회도서관,국회전자도서관,국회도서관 소장자료,(2009)입법지식DB주제리스트,-,2009,1,미부착,제1유형,무,-,(2009)입법지식DB주제리스트,-,어문,문서,-,법률,한국어,-,1905-07-01 00:00:00,-,국회도서관,-,-,-,제1유형,저작물,보호저작물,○,상업적이용가능,○,○,○,○,○,○,○,-,2079,-,-
,1465,어문,간행물,국회도서관,국회전자도서관,국회도서관 소장자료,(국회도서관 소관)세출결산 개요. 2008,-,2009,1,미부착,제1유형,무,-,(국회도서관 소관)세출결산 개요. 2008,-,어문,문서,-,법률,한국어,-,1905-07-01 00:00:00,-,국회도서관,-,-,-,제1유형,저작물,보호저작물,○,상업적이용가능,○,○,○,○,○,○,○,-,2079,-,-
,1466,어문,간행물,국회도서관,국회전자도서관,국회도서관 소장자료,DVD 목록집. 2008,-,2009,1,미부착,제1유형,무,-,DVD 목록집. 2008,-,어문,문서,-,법률,한국어,-,1905-07-01 00:00:00,-,국회도서관,-,-,-,제1유형,저작물,보호저작물,○,상업적이용가능,○,○,○,○,○,○,○,-,2079,-,-
,1467,어문,간행물,국회도서관,국회전자도서관,국회도서관 소장자료,e-INFO POST 현안자료 목록집. 2009,-,2009,1,미부착,제1유형,무,-,e-INFO POST 현안자료 목록집. 2009,-,어문,문서,-,법률,한국어,-,1905-07-01 00:00:00,-,국회도서관,-,-,-,제1유형,저작물,보호저작물,○,상업적이용가능,○,○,○,○,○,○,○,-,2079,-,-
,1468,어문,간행물,국회도서관,국회전자도서관,국회도서관 소장자료,국정감사 대비 의원요구자료 목차정보 : 교육과학기술위원회. 2008,-,2009,1,미부착,제1유형,무,-,국정감사 대비 의원요구자료 목차정보 : 교육과학기술위원회. 2008,-,어문,문서,-,법률,한국어,-,1905-07-01 00:00:00,-,국회도서관,-,-,-,제1유형,저작물,보호저작물,○,상업적이용가능,○,○,○,○,○,○,○,-,2079,-,-
,1469,어문,간행물,국회도서관,국회전자도서관,국회도서관 소장자료,국정감사 대비 의원요구자료 목차정보 : 국방위원회. 2008,-,2009,1,미부착,제1유형,무,-,국정감사 대비 의원요구자료 목차정보 : 국방위원회. 2008,-,어문,문서,-,법률,한국어,-,1905-07-01 00:00:00,-,국회도서관,-,-,-,제1유형,저작물,보호저작물,○,상업적이용가능,○,○,○,○,○,○,○,-,2079,-,-
,1470,어문,간행물,국회도서관,국회전자도서관,국회도서관 소장자료,국정감사 대비 의원요구자료 목차정보 : 국토해양위원회. 2008,-,2009,1,미부착,제1유형,무,-,국정감사 대비 의원요구자료 목차정보 : 국토해양위원회. 2008,-,어문,문서,-,법률,한국어,-,1905-07-01 00:00:00,-,국회도서관,-,-,-,제1유형,저작물,보호저작물,○,상업적이용가능,○,○,○,○,○,○,○,-,2079,-,-
,1471,어문,간행물,국회도서관,국회전자도서관,국회도서관 소장자료,국정감사 대비 의원요구자료 목차정보 : 국회운영위원회. 2008,-,2009,1,미부착,제1유형,무,-,국정감사 대비 의원요구자료 목차정보 : 국회운영위원회. 2008,-,어문,문서,-,법률,한국어,-,1905-07-01 00:00:00,-,국회도서관,-,-,-,제1유형,저작물,보호저작물,○,상업적이용가능,○,○,○,○,○,○,○,-,2079,-,-
,1472,어문,간행물,국회도서관,국회전자도서관,국회도서관 소장자료,국정감사 대비 의원요구자료 목차정보 : 기획재정위원회. 2008,-,2009,1,미부착,제1유형,무,-,국정감사 대비 의원요구자료 목차정보 : 기획재정위원회. 2008,-,어문,문서,-,법률,한국어,-,1905-07-01 00:00:00,-,국회도서관,-,-,-,제1유형,저작물,보호저작물,○,상업적이용가능,○,○,○,○,○,○,○,-,2079,-,-
,1473,어문,간행물,국회도서관,국회전자도서관,국회도서관 소장자료,국정감사 대비 의원요구자료 목차정보 : 농림수산식품위원회. 2008,-,2009,1,미부착,제1유형,무,-,국정감사 대비 의원요구자료 목차정보 : 농림수산식품위원회. 2008,-,어문,문서,-,법률,한국어,-,1905-07-01 00:00:00,-,국회도서관,-,-,-,제1유형,저작물,보호저작물,○,상업적이용가능,○,○,○,○,○,○,○,-,2079,-,-
,1474,어문,간행물,국회도서관,국회전자도서관,국회도서관 소장자료,국정감사 대비 의원요구자료 목차정보 : 문화체육관광방송통신위원회. 2008,-,2009,1,미부착,제1유형,무,-,국정감사 대비 의원요구자료 목차정보 : 문화체육관광방송통신위원회. 2008,-,어문,문서,-,법률,한국어,-,1905-07-01 00:00:00,-,국회도서관,-,-,-,제1유형,저작물,보호저작물,○,상업적이용가능,○,○,○,○,○,○,○,-,2079,-,-
,1475,어문,간행물,국회도서관,국회전자도서관,국회도서관 소장자료,국정감사 대비 의원요구자료 목차정보 : 법제사법위원회. 2008,-,2009,1,미부착,제1유형,무,-,국정감사 대비 의원요구자료 목차정보 : 법제사법위원회. 2008,-,어문,문서,-,법률,한국어,-,1905-07-01 00:00:00,-,국회도서관,-,-,-,제1유형,저작물,보호저작물,○,상업적이용가능,○,○,○,○,○,○,○,-,2079,-,-
,1476,어문,간행물,국회도서관,국회전자도서관,국회도서관 소장자료,국정감사 대비 의원요구자료 목차정보 : 보건복지가족위원회. 2008,-,2009,1,미부착,제1유형,무,-,국정감사 대비 의원요구자료 목차정보 : 보건복지가족위원회. 2008,-,어문,문서,-,법률,한국어,-,1905-07-01 00:00:00,-,국회도서관,-,-,-,제1유형,저작물,보호저작물,○,상업적이용가능,○,○,○,○,○,○,○,-,2079,-,-
,1477,어문,간행물,국회도서관,국회전자도서관,국회도서관 소장자료,국정감사 대비 의원요구자료 목차정보 : 여성위원회. 2008,-,2009,1,미부착,제1유형,무,-,국정감사 대비 의원요구자료 목차정보 : 여성위원회. 2008,-,어문,문서,-,법률,한국어,-,1905-07-01 00:00:00,-,국회도서관,-,-,-,제1유형,저작물,보호저작물,○,상업적이용가능,○,○,○,○,○,○,○,-,2079,-,-
,1478,어문,간행물,국회도서관,국회전자도서관,국회도서관 소장자료,국정감사 대비 의원요구자료 목차정보 : 외교통상통일위원회. 2008,-,2009,1,미부착,제1유형,무,-,국정감사 대비 의원요구자료 목차정보 : 외교통상통일위원회. 2008,-,어문,문서,-,법률,한국어,-,1905-07-01 00:00:00,-,국회도서관,-,-,-,제1유형,저작물,보호저작물,○,상업적이용가능,○,○,○,○,○,○,○,-,2079,-,-
,1479,어문,간행물,국회도서관,국회전자도서관,국회도서관 소장자료,국정감사 대비 의원요구자료 목차정보 : 정무위원회. 2008,-,2009,1,미부착,제1유형,무,-,국정감사 대비 의원요구자료 목차정보 : 정무위원회. 2008,-,어문,문서,-,법률,한국어,-,1905-07-01 00:00:00,-,국회도서관,-,-,-,제1유형,저작물,보호저작물,○,상업적이용가능,○,○,○,○,○,○,○,-,2079,-,-
,1480,어문,간행물,국회도서관,국회전자도서관,국회도서관 소장자료,국정감사 대비 의원요구자료 목차정보 : 지식경제위원회. 2008,-,2009,1,미부착,제1유형,무,-,국정감사 대비 의원요구자료 목차정보 : 지식경제위원회. 2008,-,어문,문서,-,법률,한국어,-,1905-07-01 00:00:00,-,국회도서관,-,-,-,제1유형,저작물,보호저작물,○,상업적이용가능,○,○,○,○,○,○,○,-,2079,-,-
,1481,어문,간행물,국회도서관,국회전자도서관,국회도서관 소장자료,국정감사 대비 의원요구자료 목차정보 : 행정안전위원회. 2008,-,2009,1,미부착,제1유형,무,-,국정감사 대비 의원요구자료 목차정보 : 행정안전위원회. 2008,-,어문,문서,-,법률,한국어,-,1905-07-01 00:00:00,-,국회도서관,-,-,-,제1유형,저작물,보호저작물,○,상업적이용가능,○,○,○,○,○,○,○,-,2079,-,-
,1482,어문,간행물,국회도서관,국회전자도서관,국회도서관 소장자료,국정감사 대비 의원요구자료 목차정보 : 환경노동위원회. 2008,-,2009,1,미부착,제1유형,무,-,국정감사 대비 의원요구자료 목차정보 : 환경노동위원회. 2008,-,어문,문서,-,법률,한국어,-,1905-07-01 00:00:00,-,국회도서관,-,-,-,제1유형,저작물,보호저작물,○,상업적이용가능,○,○,○,○,○,○,○,-,2079,-,-
,1483,어문,간행물,국회도서관,국회전자도서관,국회도서관 소장자료,국정감사결과 시정 및 처리 요구사항에 대한 처리결과 보고서. 2008,-,2009,1,미부착,제1유형,무,-,국정감사결과 시정 및 처리 요구사항에 대한 처리결과 보고서. 2008,-,어문,문서,-,법률,한국어,-,1905-07-01 00:00:00,-,국회도서관,-,-,-,제1유형,저작물,보호저작물,○,상업적이용가능,○,○,○,○,○,○,○,-,2079,-,-
,1484,어문,간행물,국회도서관,국회전자도서관,국회도서관 소장자료,국회운영위원회 요구자료,-,2009,1,미부착,제1유형,무,-,국회운영위원회 요구자료,-,어문,문서,-,법률,한국어,-,1905-07-01 00:00:00,-,국회도서관,-,-,-,제1유형,저작물,보호저작물,○,상업적이용가능,○,○,○,○,○,○,○,-,2079,-,-
,1485,어문,간행물,국회도서관,국회전자도서관,국회도서관 소장자료,도서관 및 유관기관 방문 보고서 : 미국·일본,-,2009,1,미부착,제1유형,무,-,도서관 및 유관기관 방문 보고서 : 미국·일본,-,어문,문서,-,법률,한국어,-,1905-07-01 00:00:00,-,국회도서관,-,-,-,제1유형,저작물,보호저작물,○,상업적이용가능,○,○,○,○,○,○,○,-,2079,-,-
,1486,어문,간행물,국회도서관,국회전자도서관,국회도서관 소장자료,법률도서관의 역할과 과제 = Law libraries : roles and tasks : 제헌61주년 기념 국회도서관 국제학술대회,-,2009,1,미부착,제1유형,무,-,법률도서관의 역할과 과제 = Law libraries : roles and tasks : 제헌61주년 기념 국회도서관 국제학술대회,-,어문,문서,-,법률,한국어,-,1905-07-01 00:00:00,-,국회도서관,-,-,-,제1유형,저작물,보호저작물,○,상업적이용가능,○,○,○,○,○,○,○,-,2079,-,-
,1487,어문,간행물,국회도서관,국회전자도서관,국회도서관 소장자료,"세입세출결산심사관련 공통요구자료. 2008, 3",-,2009,1,미부착,제1유형,무,-,"세입세출결산심사관련 공통요구자료. 2008, 3",-,어문,문서,-,법률,한국어,-,1905-07-01 00:00:00,-,국회도서관,-,-,-,제1유형,저작물,보호저작물,○,상업적이용가능,○,○,○,○,○,○,○,-,2079,-,-
,1488,어문,간행물,국회도서관,국회전자도서관,국회도서관 소장자료,"세입세출결산심사관련 공통요구자료. 2008, 4, 주요사업설명자료",-,2009,1,미부착,제1유형,무,-,"세입세출결산심사관련 공통요구자료. 2008, 4, 주요사업설명자료",-,어문,문서,-,법률,한국어,-,1905-07-01 00:00:00,-,국회도서관,-,-,-,제1유형,저작물,보호저작물,○,상업적이용가능,○,○,○,○,○,○,○,-,2079,-,-
,1489,어문,간행물,국회도서관,국회전자도서관,국회도서관 소장자료,"세입세출결산심사관련 공통요구자료. 2008, 6(1)",-,2009,1,미부착,제1유형,무,-,"세입세출결산심사관련 공통요구자료. 2008, 6(1)",-,어문,문서,-,법률,한국어,-,1905-07-01 00:00:00,-,국회도서관,-,-,-,제1유형,저작물,보호저작물,○,상업적이용가능,○,○,○,○,○,○,○,-,2079,-,-
,1490,어문,간행물,국회도서관,국회전자도서관,국회도서관 소장자료,"외국법률 번역완료 보고서. 2007, 1-3",-,2009,1,미부착,제1유형,무,-,"외국법률 번역완료 보고서. 2007, 1-3",-,어문,문서,-,법률,한국어,-,1905-07-01 00:00:00,-,국회도서관,-,-,-,제1유형,저작물,보호저작물,○,상업적이용가능,○,○,○,○,○,○,○,-,2079,-,-
,1491,어문,간행물,국회도서관,국회전자도서관,국회도서관 소장자료,"외국법률 번역완료 보고서. 2008, 1-2",-,2009,1,미부착,제1유형,무,-,"외국법률 번역완료 보고서. 2008, 1-2",-,어문,문서,-,법률,한국어,-,1905-07-01 00:00:00,-,국회도서관,-,-,-,제1유형,저작물,보호저작물,○,상업적이용가능,○,○,○,○,○,○,○,-,2079,-,-
,1492,어문,간행물,국회도서관,국회전자도서관,국회도서관 소장자료,학술지정보 서비스와 효율화방안 : 국회도서관 저자명 전거와 학술지 MDR을 중심으로,-,2009,1,미부착,제1유형,무,-,학술지정보 서비스와 효율화방안 : 국회도서관 저자명 전거와 학술지 MDR을 중심으로,-,어문,문서,-,법률,한국어,-,1905-07-01 00:00:00,-,국회도서관,-,-,-,제1유형,저작물,보호저작물,○,상업적이용가능,○,○,○,○,○,○,○,-,2079,-,-
,1493,어문,간행물,국회도서관,국회전자도서관,국회도서관 소장자료,한국학술정보협의회 정기총회 및 세미나. 제7차,-,2009,1,미부착,제1유형,무,-,한국학술정보협의회 정기총회 및 세미나. 제7차,-,어문,문서,-,법률,한국어,-,1905-07-01 00:00:00,-,국회도서관,-,-,-,제1유형,저작물,보호저작물,○,상업적이용가능,○,○,○,○,○,○,○,-,2079,-,-
,1494,어문,간행물,국회도서관,국회전자도서관,국회도서관 소장자료,(2010년)2차 자료정리사업 완료보고서,-,2010,1,미부착,제1유형,무,-,(2010년)2차 자료정리사업 완료보고서,-,어문,문서,-,법률,한국어,-,1905-07-02 00:00:00,-,국회도서관,-,-,-,제1유형,저작물,보호저작물,○,상업적이용가능,○,○,○,○,○,○,○,-,2080,-,-
,1495,어문,간행물,국회도서관,국회전자도서관,국회도서관 소장자료,(2010년도)국내서 메타데이터 입력사업 완료보고서,-,2010,1,미부착,제1유형,무,-,(2010년도)국내서 메타데이터 입력사업 완료보고서,-,어문,문서,-,법률,한국어,-,1905-07-02 00:00:00,-,국회도서관,-,-,-,제1유형,저작물,보호저작물,○,상업적이용가능,○,○,○,○,○,○,○,-,2080,-,-
,1496,어문,간행물,국회도서관,국회전자도서관,국회도서관 소장자료,(2010년도)인터넷자료DB 구축사업 완료보고서,-,2010,1,미부착,제1유형,무,-,(2010년도)인터넷자료DB 구축사업 완료보고서,-,어문,문서,-,법률,한국어,-,1905-07-02 00:00:00,-,국회도서관,-,-,-,제1유형,저작물,보호저작물,○,상업적이용가능,○,○,○,○,○,○,○,-,2080,-,-
,1497,어문,간행물,국회도서관,국회전자도서관,국회도서관 소장자료,"국정감사 대비 의원요구자료 목차정보 : 교육과학기술위원회, 문화체육관광방송통신위원회, 보건복지위원회, 여성가족위원회. 2009 v.4",-,2010,1,미부착,제1유형,무,-,"국정감사 대비 의원요구자료 목차정보 : 교육과학기술위원회, 문화체육관광방송통신위원회, 보건복지위원회, 여성가족위원회. 2009 v.4",-,어문,문서,-,법률,한국어,-,1905-07-02 00:00:00,-,국회도서관,-,-,-,제1유형,저작물,보호저작물,○,상업적이용가능,○,○,○,○,○,○,○,-,2080,-,-
,1498,어문,간행물,국회도서관,국회전자도서관,국회도서관 소장자료,국정감사 대비 의원요구자료 목차정보 : 국토해양위원회. 2009 v.3,-,2010,1,미부착,제1유형,무,-,국정감사 대비 의원요구자료 목차정보 : 국토해양위원회. 2009 v.3,-,어문,문서,-,법률,한국어,-,1905-07-02 00:00:00,-,국회도서관,-,-,-,제1유형,저작물,보호저작물,○,상업적이용가능,○,○,○,○,○,○,○,-,2080,-,-
,1499,어문,간행물,국회도서관,국회전자도서관,국회도서관 소장자료,"국정감사 대비 의원요구자료 목차정보 : 국회운영위원회, 법제사법위원회, 외교통상통일위원회, 국방위원회, 행정안전위원회. 2009 v.1",-,2010,1,미부착,제1유형,무,-,"국정감사 대비 의원요구자료 목차정보 : 국회운영위원회, 법제사법위원회, 외교통상통일위원회, 국방위원회, 행정안전위원회. 2009 v.1",-,어문,문서,-,법률,한국어,-,1905-07-02 00:00:00,-,국회도서관,-,-,-,제1유형,저작물,보호저작물,○,상업적이용가능,○,○,○,○,○,○,○,-,2080,-,-
,1500,어문,간행물,국회도서관,국회전자도서관,국회도서관 소장자료,"국정감사 대비 의원요구자료 목차정보 : 기획재정위원회, 정무위원회, 지식경제위원회. 2009 v.2",-,2010,1,미부착,제1유형,무,-,"국정감사 대비 의원요구자료 목차정보 : 기획재정위원회, 정무위원회, 지식경제위원회. 2009 v.2",-,어문,문서,-,법률,한국어,-,1905-07-02 00:00:00,-,국회도서관,-,-,-,제1유형,저작물,보호저작물,○,상업적이용가능,○,○,○,○,○,○,○,-,2080,-,-
,1501,어문,간행물,국회도서관,국회전자도서관,국회도서관 소장자료,국정감사결과 시정 및 처리 요구사항에 대한 처리결과 보고서. 2009,-,2010,1,미부착,제1유형,무,-,국정감사결과 시정 및 처리 요구사항에 대한 처리결과 보고서. 2009,-,어문,문서,-,법률,한국어,-,1905-07-02 00:00:00,-,국회도서관,-,-,-,제1유형,저작물,보호저작물,○,상업적이용가능,○,○,○,○,○,○,○,-,2080,-,-
,1502,어문,간행물,국회도서관,국회전자도서관,국회도서관 소장자료,국회도서관과 국회기록관리의 발전방안 모색,-,2010,1,미부착,제1유형,무,-,국회도서관과 국회기록관리의 발전방안 모색,-,어문,문서,-,법률,한국어,-,1905-07-02 00:00:00,-,국회도서관,-,-,-,제1유형,저작물,보호저작물,○,상업적이용가능,○,○,○,○,○,○,○,-,2080,-,-
,1503,어문,간행물,국회도서관,국회전자도서관,국회도서관 소장자료,국회운영위원회 요구자료 : 제294회 국회(정기회) 2010년도 국정감사,-,2010,1,미부착,제1유형,무,-,국회운영위원회 요구자료 : 제294회 국회(정기회) 2010년도 국정감사,-,어문,문서,-,법률,한국어,-,1905-07-02 00:00:00,-,국회도서관,-,-,-,제1유형,저작물,보호저작물,○,상업적이용가능,○,○,○,○,○,○,○,-,2080,-,-
,1504,어문,간행물,국회도서관,국회전자도서관,국회도서관 소장자료,국회전자도서관 데이터베이스 평가사업,-,2010,1,미부착,제1유형,무,-,국회전자도서관 데이터베이스 평가사업,-,어문,문서,-,법률,한국어,-,1905-07-02 00:00:00,-,국회도서관,-,-,-,제1유형,저작물,보호저작물,○,상업적이용가능,○,○,○,○,○,○,○,-,2080,-,-
,1505,어문,간행물,국회도서관,국회전자도서관,국회도서관 소장자료,세계의 헌법 : 35개국 헌법 전문. 1,-,2010,1,미부착,제1유형,무,-,세계의 헌법 : 35개국 헌법 전문. 1,-,어문,문서,-,법률,한국어,-,1905-07-02 00:00:00,-,국회도서관,-,-,-,제1유형,저작물,보호저작물,○,상업적이용가능,○,○,○,○,○,○,○,-,2080,-,-
,1506,어문,간행물,국회도서관,국회전자도서관,국회도서관 소장자료,세계의 헌법 : 35개국 헌법 전문. 2,-,2010,1,미부착,제1유형,무,-,세계의 헌법 : 35개국 헌법 전문. 2,-,어문,문서,-,법률,한국어,-,1905-07-02 00:00:00,-,국회도서관,-,-,-,제1유형,저작물,보호저작물,○,상업적이용가능,○,○,○,○,○,○,○,-,2080,-,-
,1507,어문,간행물,국회도서관,국회전자도서관,국회도서관 소장자료,외국 법률 소식,-,2010,1,미부착,제1유형,무,-,외국 법률 소식,-,어문,문서,-,법률,한국어,-,1905-07-02 00:00:00,-,국회도서관,-,-,-,제1유형,저작물,보호저작물,○,상업적이용가능,○,○,○,○,○,○,○,-,2080,-,-
,1508,어문,간행물,국회도서관,국회전자도서관,국회도서관 소장자료,"외국법률 번역완료 보고서. 2009, 1-8",-,2010,1,미부착,제1유형,무,-,"외국법률 번역완료 보고서. 2009, 1-8",-,어문,문서,-,법률,한국어,-,1905-07-02 00:00:00,-,국회도서관,-,-,-,제1유형,저작물,보호저작물,○,상업적이용가능,○,○,○,○,○,○,○,-,2080,-,-
,1509,어문,간행물,국회도서관,국회전자도서관,국회도서관 소장자료,외국법률번역목록집. 2010,-,2010,1,미부착,제1유형,무,-,외국법률번역목록집. 2010,-,어문,문서,-,법률,한국어,-,1905-07-02 00:00:00,-,국회도서관,-,-,-,제1유형,저작물,보호저작물,○,상업적이용가능,○,○,○,○,○,○,○,-,2080,-,-
,1510,어문,간행물,국회도서관,국회전자도서관,국회도서관 소장자료,(2011)입법지식DB 주제리스트,-,2011,1,미부착,제1유형,무,-,(2011)입법지식DB 주제리스트,-,어문,문서,-,법률,한국어,-,1905-07-03 00:00:00,-,국회도서관,-,-,-,제1유형,저작물,보호저작물,○,상업적이용가능,○,○,○,○,○,○,○,-,2081,-,-
,1511,어문,간행물,국회도서관,국회전자도서관,국회도서관 소장자료,(2012)누구나 쉽게 할 수 있는 국회기록관리 : 처리과용 매뉴얼,-,2011,1,미부착,제1유형,무,-,(2012)누구나 쉽게 할 수 있는 국회기록관리 : 처리과용 매뉴얼,-,어문,문서,-,법률,한국어,-,1905-07-03 00:00:00,-,국회도서관,-,-,-,제1유형,저작물,보호저작물,○,상업적이용가능,○,○,○,○,○,○,○,-,2081,-,-
,1512,어문,간행물,국회도서관,국회전자도서관,국회도서관 소장자료,국정감사결과 시정 및 처리 요구사항에 대한 처리결과 보고서. 2010,-,2011,1,미부착,제1유형,무,-,국정감사결과 시정 및 처리 요구사항에 대한 처리결과 보고서. 2010,-,어문,문서,-,법률,한국어,-,1905-07-03 00:00:00,-,국회도서관,-,-,-,제1유형,저작물,보호저작물,○,상업적이용가능,○,○,○,○,○,○,○,-,2081,-,-
,1513,어문,간행물,국회도서관,국회전자도서관,국회도서관 소장자료,국회운영위원회 요구자료 : 제303회국회(정기회) 2011년도 국정감사,-,2011,1,미부착,제1유형,무,-,국회운영위원회 요구자료 : 제303회국회(정기회) 2011년도 국정감사,-,어문,문서,-,법률,한국어,-,1905-07-03 00:00:00,-,국회도서관,-,-,-,제1유형,저작물,보호저작물,○,상업적이용가능,○,○,○,○,○,○,○,-,2081,-,-
,1514,어문,간행물,국회도서관,국회전자도서관,국회도서관 소장자료,업무현황 : 제303회 국회(정기회) 2011년도 국정감사,-,2011,1,미부착,제1유형,무,-,업무현황 : 제303회 국회(정기회) 2011년도 국정감사,-,어문,문서,-,법률,한국어,-,1905-07-03 00:00:00,-,국회도서관,-,-,-,제1유형,저작물,보호저작물,○,상업적이용가능,○,○,○,○,○,○,○,-,2081,-,-
,1515,어문,간행물,국회도서관,국회전자도서관,국회도서관 소장자료,"외국법률 번역완료 보고서. 2010, 1-6",-,2011,1,미부착,제1유형,무,-,"외국법률 번역완료 보고서. 2010, 1-6",-,어문,문서,-,법률,한국어,-,1905-07-03 00:00:00,-,국회도서관,-,-,-,제1유형,저작물,보호저작물,○,상업적이용가능,○,○,○,○,○,○,○,-,2081,-,-
,1516,어문,간행물,국회도서관,국회전자도서관,국회도서관 소장자료,주요국의 법체계 조사 및 법률정보원 활용방법,-,2011,1,미부착,제1유형,무,-,주요국의 법체계 조사 및 법률정보원 활용방법,-,어문,문서,-,법률,한국어,-,1905-07-03 00:00:00,-,국회도서관,-,-,-,제1유형,저작물,보호저작물,○,상업적이용가능,○,○,○,○,○,○,○,-,2081,-,-
,1517,어문,간행물,국회도서관,국회전자도서관,국회도서관 소장자료,한국학술정보협의회 정기총회 및 세미나. 제9차,-,2011,1,미부착,제1유형,무,-,한국학술정보협의회 정기총회 및 세미나. 제9차,-,어문,문서,-,법률,한국어,-,1905-07-03 00:00:00,-,국회도서관,-,-,-,제1유형,저작물,보호저작물,○,상업적이용가능,○,○,○,○,○,○,○,-,2081,-,-
,1518,어문,간행물,국회도서관,국회전자도서관,국회도서관 소장자료,(2012년)법률쟁점DB 구축사업 산출물,-,2012,1,미부착,제1유형,무,-,(2012년)법률쟁점DB 구축사업 산출물,-,어문,문서,-,법률,한국어,-,1905-07-04 00:00:00,-,국회도서관,-,-,-,제1유형,저작물,보호저작물,○,상업적이용가능,○,○,○,○,○,○,○,-,2082,-,-
,1519,어문,간행물,국회도서관,국회전자도서관,국회도서관 소장자료,(국회도서관 소관)세출결산 개요. 2011,-,2012,1,미부착,제1유형,무,-,(국회도서관 소관)세출결산 개요. 2011,-,어문,문서,-,법률,한국어,-,1905-07-04 00:00:00,-,국회도서관,-,-,-,제1유형,저작물,보호저작물,○,상업적이용가능,○,○,○,○,○,○,○,-,2082,-,-
,1520,어문,간행물,국회도서관,국회전자도서관,국회도서관 소장자료,The future we make together : public values and information sharing in libraries,-,2012,1,미부착,제1유형,무,-,The future we make together : public values and information sharing in libraries,-,어문,문서,-,법률,한국어,-,1905-07-04 00:00:00,-,국회도서관,-,-,-,제1유형,저작물,보호저작물,○,상업적이용가능,○,○,○,○,○,○,○,-,2082,-,-
,1521,어문,간행물,국회도서관,국회전자도서관,국회도서관 소장자료,국외정책정보 살펴보기,-,2012,1,미부착,제1유형,무,-,국외정책정보 살펴보기,-,어문,문서,-,법률,한국어,-,1905-07-04 00:00:00,-,국회도서관,-,-,-,제1유형,저작물,보호저작물,○,상업적이용가능,○,○,○,○,○,○,○,-,2082,-,-
,1522,어문,간행물,국회도서관,국회전자도서관,국회도서관 소장자료,국정감사결과 시정 및 처리 요구사항에 대한 처리결과 보고서. 2011,-,2012,1,미부착,제1유형,무,-,국정감사결과 시정 및 처리 요구사항에 대한 처리결과 보고서. 2011,-,어문,문서,-,법률,한국어,-,1905-07-04 00:00:00,-,국회도서관,-,-,-,제1유형,저작물,보호저작물,○,상업적이용가능,○,○,○,○,○,○,○,-,2082,-,-
,1523,어문,간행물,국회도서관,국회전자도서관,국회도서관 소장자료,국회 상임위원회별 현안주제 : 제19대 국회개원,-,2012,1,미부착,제1유형,무,-,국회 상임위원회별 현안주제 : 제19대 국회개원,-,어문,문서,-,법률,한국어,-,1905-07-04 00:00:00,-,국회도서관,-,-,-,제1유형,저작물,보호저작물,○,상업적이용가능,○,○,○,○,○,○,○,-,2082,-,-
,1524,어문,간행물,국회도서관,국회전자도서관,국회도서관 소장자료,국회기록물분류기준표,-,2012,1,미부착,제1유형,무,-,국회기록물분류기준표,-,어문,문서,-,법률,한국어,-,1905-07-04 00:00:00,-,국회도서관,-,-,-,제1유형,저작물,보호저작물,○,상업적이용가능,○,○,○,○,○,○,○,-,2082,-,-
,1525,어문,간행물,국회도서관,국회전자도서관,국회도서관 소장자료,국회도서관관계법규집. 2012,-,2012,1,미부착,제1유형,무,-,국회도서관관계법규집. 2012,-,어문,문서,-,법률,한국어,-,1905-07-04 00:00:00,-,국회도서관,-,-,-,제1유형,저작물,보호저작물,○,상업적이용가능,○,○,○,○,○,○,○,-,2082,-,-
,1526,어문,간행물,국회도서관,국회전자도서관,국회도서관 소장자료,독도문헌정보총목록,-,2012,1,미부착,제1유형,무,-,독도문헌정보총목록,-,어문,문서,-,법률,한국어,-,1905-07-04 00:00:00,-,국회도서관,-,-,-,제1유형,저작물,보호저작물,○,상업적이용가능,○,○,○,○,○,○,○,-,2082,-,-
,1527,어문,간행물,국회도서관,국회전자도서관,국회도서관 소장자료,베이비붐 세대 = Baby boom generation,-,2012,1,미부착,제1유형,무,-,베이비붐 세대 = Baby boom generation,-,어문,문서,-,법률,한국어,-,1905-07-04 00:00:00,-,국회도서관,-,-,-,제1유형,저작물,보호저작물,○,상업적이용가능,○,○,○,○,○,○,○,-,2082,-,-
,1528,어문,간행물,국회도서관,국회전자도서관,국회도서관 소장자료,외국법률번역목록집. 2012,-,2012,1,미부착,제1유형,무,-,외국법률번역목록집. 2012,-,어문,문서,-,법률,한국어,-,1905-07-04 00:00:00,-,국회도서관,-,-,-,제1유형,저작물,보호저작물,○,상업적이용가능,○,○,○,○,○,○,○,-,2082,-,-
,1529,어문,간행물,국회도서관,국회전자도서관,국회도서관 소장자료,학교폭력 관련 주요국 입법례,-,2012,1,미부착,제1유형,무,-,학교폭력 관련 주요국 입법례,-,어문,문서,-,법률,한국어,-,1905-07-04 00:00:00,-,국회도서관,-,-,-,제1유형,저작물,보호저작물,○,상업적이용가능,○,○,○,○,○,○,○,-,2082,-,-
,1530,어문,간행물,국회도서관,국회전자도서관,국회도서관 소장자료,고객만족 모니터단 우수제안 모음집,-,2013,1,미부착,제1유형,무,-,고객만족 모니터단 우수제안 모음집,-,어문,문서,-,법률,한국어,-,1905-07-05 00:00:00,-,국회도서관,-,-,-,제1유형,저작물,보호저작물,○,상업적이용가능,○,○,○,○,○,○,○,-,2083,-,-
,1531,어문,간행물,국회도서관,국회전자도서관,국회도서관 소장자료,국정감사결과 시정 및 처리요구사항 처리결과 보고서. 2012,-,2013,1,미부착,제1유형,무,-,국정감사결과 시정 및 처리요구사항 처리결과 보고서. 2012,-,어문,문서,-,법률,한국어,-,1905-07-05 00:00:00,-,국회도서관,-,-,-,제1유형,저작물,보호저작물,○,상업적이용가능,○,○,○,○,○,○,○,-,2083,-,-
,1532,어문,간행물,국회도서관,국회전자도서관,국회도서관 소장자료,국회기록물분류기준표,-,2013,1,미부착,제1유형,무,-,국회기록물분류기준표,-,어문,문서,-,법률,한국어,-,1905-07-05 00:00:00,-,국회도서관,-,-,-,제1유형,저작물,보호저작물,○,상업적이용가능,○,○,○,○,○,○,○,-,2083,-,-
,1533,어문,간행물,국회도서관,국회전자도서관,국회도서관 소장자료,세계의 헌법 : 35개국 헌법 전문. 1,-,2013,1,미부착,제1유형,무,-,세계의 헌법 : 35개국 헌법 전문. 1,-,어문,문서,-,법률,한국어,-,1905-07-05 00:00:00,-,국회도서관,-,-,-,제1유형,저작물,보호저작물,○,상업적이용가능,○,○,○,○,○,○,○,-,2083,-,-
,1534,어문,간행물,국회도서관,국회전자도서관,국회도서관 소장자료,세계의 헌법 : 35개국 헌법 전문. 2,-,2013,1,미부착,제1유형,무,-,세계의 헌법 : 35개국 헌법 전문. 2,-,어문,문서,-,법률,한국어,-,1905-07-05 00:00:00,-,국회도서관,-,-,-,제1유형,저작물,보호저작물,○,상업적이용가능,○,○,○,○,○,○,○,-,2083,-,-
,1535,어문,간행물,국회도서관,국회전자도서관,국회도서관 소장자료,외국법률번역목록집 = Catalog of translated foreign law. 2013,-,2013,1,미부착,제1유형,무,-,외국법률번역목록집 = Catalog of translated foreign law. 2013,-,어문,문서,-,법률,한국어,-,1905-07-05 00:00:00,-,국회도서관,-,-,-,제1유형,저작물,보호저작물,○,상업적이용가능,○,○,○,○,○,○,○,-,2083,-,-
,1536,어문,간행물,국회도서관,국회전자도서관,국회도서관 소장자료,인사청문회 논문표절 검증의 쟁점과 과제,-,2013,1,미부착,제1유형,무,-,인사청문회 논문표절 검증의 쟁점과 과제,-,어문,문서,-,법률,한국어,-,1905-07-05 00:00:00,-,국회도서관,-,-,-,제1유형,저작물,보호저작물,○,상업적이용가능,○,○,○,○,○,○,○,-,2083,-,-
,1537,어문,간행물,국회도서관,국회전자도서관,국회도서관 소장자료,일본 자료로 보는 독도,-,2013,1,미부착,제1유형,무,-,일본 자료로 보는 독도,-,어문,문서,-,법률,한국어,-,1905-07-05 00:00:00,-,국회도서관,-,-,-,제1유형,저작물,보호저작물,○,상업적이용가능,○,○,○,○,○,○,○,-,2083,-,-
,1538,어문,간행물,국회도서관,국회전자도서관,국회도서관 소장자료,입법정보지원 연구과제보고서 모음집 : 2012년도 입법정보지원조성사업,-,2013,1,미부착,제1유형,무,-,입법정보지원 연구과제보고서 모음집 : 2012년도 입법정보지원조성사업,-,어문,문서,-,법률,한국어,-,1905-07-05 00:00:00,-,국회도서관,-,-,-,제1유형,저작물,보호저작물,○,상업적이용가능,○,○,○,○,○,○,○,-,2083,-,-
,1539,어문,간행물,국회도서관,국회전자도서관,국회도서관 소장자료,(2014)전문가보고서 목록,-,2014,1,미부착,제1유형,무,-,(2014)전문가보고서 목록,-,어문,문서,-,법률,한국어,-,1905-07-06 00:00:00,-,국회도서관,-,-,-,제1유형,저작물,보호저작물,○,상업적이용가능,○,○,○,○,○,○,○,-,2084,-,-
,1540,어문,간행물,국회도서관,국회전자도서관,국회도서관 소장자료,(2014년)『법률쟁점DB』구축 : 법률 제·개정 요약표,-,2014,1,미부착,제1유형,무,-,(2014년)『법률쟁점DB』구축 : 법률 제·개정 요약표,-,어문,문서,-,법률,한국어,-,1905-07-06 00:00:00,-,국회도서관,-,-,-,제1유형,저작물,보호저작물,○,상업적이용가능,○,○,○,○,○,○,○,-,2084,-,-
,1541,어문,간행물,국회도서관,국회전자도서관,국회도서관 소장자료,9.11위원회보고서 = The 9.11 Commission Report,-,2014,1,미부착,제1유형,무,-,9.11위원회보고서 = The 9.11 Commission Report,-,어문,문서,-,법률,한국어,-,1905-07-06 00:00:00,-,국회도서관,-,-,-,제1유형,저작물,보호저작물,○,상업적이용가능,○,○,○,○,○,○,○,-,2084,-,-
,1542,어문,간행물,국회도서관,국회전자도서관,국회도서관 소장자료,국회 상임위원회별 주요 법률쟁점DB : 제·개정된 주요 법률을 중심으로(2013년 6월∼2014년 12월),-,2014,1,미부착,제1유형,유,-,국회 상임위원회별 주요 법률쟁점DB : 제·개정된 주요 법률을 중심으로(2013년 6월∼2014년 12월),-,어문,문서,-,법률,한국어,-,1905-07-06 00:00:00,-,국회도서관,-,-,-,제1유형,저작물,보호저작물,○,상업적이용가능,○,○,○,○,○,○,○,-,2084,-,-
,1543,어문,간행물,국회도서관,국회전자도서관,국회도서관 소장자료,국회기록물분류기준표,-,2014,1,미부착,제1유형,무,-,국회기록물분류기준표,-,어문,문서,-,법률,한국어,-,1905-07-06 00:00:00,-,국회도서관,-,-,-,제1유형,저작물,보호저작물,○,상업적이용가능,○,○,○,○,○,○,○,-,2084,-,-
,1544,어문,간행물,국회도서관,국회전자도서관,국회도서관 소장자료,국회도서관 발전을 위한 국민제안 우수사례 모음집 : 2013년도 국민제안공모사업,-,2014,1,미부착,제1유형,무,-,국회도서관 발전을 위한 국민제안 우수사례 모음집 : 2013년도 국민제안공모사업,-,어문,문서,-,법률,한국어,-,1905-07-06 00:00:00,-,국회도서관,-,-,-,제1유형,저작물,보호저작물,○,상업적이용가능,○,○,○,○,○,○,○,-,2084,-,-
,1545,어문,간행물,국회도서관,국회전자도서관,국회도서관 소장자료,연안여객선 사고 재발방지 개선방안,-,2014,1,미부착,제1유형,무,-,연안여객선 사고 재발방지 개선방안,-,어문,문서,-,법률,한국어,-,1905-07-06 00:00:00,-,국회도서관,-,-,-,제1유형,저작물,보호저작물,○,상업적이용가능,○,○,○,○,○,○,○,-,2084,-,-
,1546,어문,간행물,국회도서관,국회전자도서관,국회도서관 소장자료,외국법률번역목록집. 2014,-,2014,1,미부착,제1유형,무,-,외국법률번역목록집. 2014,-,어문,문서,-,법률,한국어,-,1905-07-06 00:00:00,-,국회도서관,-,-,-,제1유형,저작물,보호저작물,○,상업적이용가능,○,○,○,○,○,○,○,-,2084,-,-
,1547,어문,간행물,국회도서관,국회전자도서관,국회도서관 소장자료,입법정보지원 연구과제보고서 : 2013년도 입법정보지원조성사업,-,2014,1,미부착,제1유형,무,-,입법정보지원 연구과제보고서 : 2013년도 입법정보지원조성사업,-,어문,문서,-,법률,한국어,-,1905-07-06 00:00:00,-,국회도서관,-,-,-,제1유형,저작물,보호저작물,○,상업적이용가능,○,○,○,○,○,○,○,-,2084,-,-
,1548,어문,간행물,국회도서관,국회전자도서관,국회도서관 소장자료,주요국 법률정보원 안내,-,2014,1,미부착,제1유형,무,-,주요국 법률정보원 안내,-,어문,문서,-,법률,한국어,-,1905-07-06 00:00:00,-,국회도서관,-,-,-,제1유형,저작물,보호저작물,○,상업적이용가능,○,○,○,○,○,○,○,-,2084,-,-
,1549,어문,간행물,국회도서관,국회전자도서관,국회도서관 소장자료,Guide to the National Assembly Library,-,2015,1,미부착,제1유형,무,-,Guide to the National Assembly Library,-,어문,문서,-,법률,한국어,-,1905-07-07 00:00:00,-,국회도서관,-,-,-,제1유형,저작물,보호저작물,○,상업적이용가능,○,○,○,○,○,○,○,-,2085,-,-
,1550,어문,간행물,국회도서관,국회전자도서관,국회도서관 소장자료,감염병 관리 개선방안 및 미국 캘리포니아주 입법례,-,2015,1,미부착,제1유형,무,-,감염병 관리 개선방안 및 미국 캘리포니아주 입법례,-,어문,문서,-,법률,한국어,-,1905-07-07 00:00:00,-,국회도서관,-,-,-,제1유형,저작물,보호저작물,○,상업적이용가능,○,○,○,○,○,○,○,-,2085,-,-
,1551,어문,간행물,국회도서관,국회전자도서관,국회도서관 소장자료,국가 『연속간행물 메타데이터 센터』구축 및 활용방안 : 클라우드 기반 국가 지적자원 센터,-,2015,1,미부착,제1유형,무,-,국가 『연속간행물 메타데이터 센터』구축 및 활용방안 : 클라우드 기반 국가 지적자원 센터,-,어문,문서,-,법률,한국어,-,1905-07-07 00:00:00,-,국회도서관,-,-,-,제1유형,저작물,보호저작물,○,상업적이용가능,○,○,○,○,○,○,○,-,2085,-,-
,1552,어문,간행물,국회도서관,국회전자도서관,국회도서관 소장자료,국회기록물분류기준표,-,2015,1,미부착,제1유형,무,-,국회기록물분류기준표,-,어문,문서,-,법률,한국어,-,1905-07-07 00:00:00,-,국회도서관,-,-,-,제1유형,저작물,보호저작물,○,상업적이용가능,○,○,○,○,○,○,○,-,2085,-,-
,1553,어문,간행물,국회도서관,국회전자도서관,국회도서관 소장자료,미국의 통신자료요청제도에 관한 입법례,-,2015,1,미부착,제1유형,무,-,미국의 통신자료요청제도에 관한 입법례,-,어문,문서,-,법률,한국어,-,1905-07-07 00:00:00,-,국회도서관,-,-,-,제1유형,저작물,보호저작물,○,상업적이용가능,○,○,○,○,○,○,○,-,2085,-,-
,1554,어문,간행물,국회도서관,국회전자도서관,국회도서관 소장자료,보험 사기에 관한 외국의 입법례와 시사점,-,2015,1,미부착,제1유형,무,-,보험 사기에 관한 외국의 입법례와 시사점,-,어문,문서,-,법률,한국어,-,1905-07-07 00:00:00,-,국회도서관,-,-,-,제1유형,저작물,보호저작물,○,상업적이용가능,○,○,○,○,○,○,○,-,2085,-,-
,1555,어문,간행물,국회도서관,국회전자도서관,국회도서관 소장자료,"아베 신조, 미국 방문 관련 연설 및 발표문 : 공동 성명, 결의안, 의회 연설 등",-,2015,1,미부착,제1유형,무,-,"아베 신조, 미국 방문 관련 연설 및 발표문 : 공동 성명, 결의안, 의회 연설 등",-,어문,문서,-,법률,한국어,-,1905-07-07 00:00:00,-,국회도서관,-,-,-,제1유형,저작물,보호저작물,○,상업적이용가능,○,○,○,○,○,○,○,-,2085,-,-
,1556,어문,간행물,국회도서관,국회전자도서관,국회도서관 소장자료,의회·법령 웹DB 이용자 매뉴얼 = Web database user's manual,-,2015,1,미부착,제1유형,무,-,의회·법령 웹DB 이용자 매뉴얼 = Web database user's manual,-,어문,문서,-,법률,한국어,-,1905-07-07 00:00:00,-,국회도서관,-,-,-,제1유형,저작물,보호저작물,○,상업적이용가능,○,○,○,○,○,○,○,-,2085,-,-
,1557,어문,간행물,국회도서관,국회전자도서관,국회도서관 소장자료,국회기록물분류기준표,-,2016,1,미부착,제1유형,무,-,국회기록물분류기준표,-,어문,문서,-,법률,한국어,-,1905-07-08 00:00:00,-,국회도서관,-,-,-,제1유형,저작물,보호저작물,○,상업적이용가능,○,○,○,○,○,○,○,-,2086,-,-
,1558,어문,간행물,국회도서관,국회전자도서관,국회도서관 소장자료,"국회도서관 의회·법률정보 조사목록 = Parliamentary and legal information reference. 2012-2016, 2012.5.30∼2016.3.31(19대국회)",-,2016,1,미부착,제1유형,무,-,"국회도서관 의회·법률정보 조사목록 = Parliamentary and legal information reference. 2012-2016, 2012.5.30∼2016.3.31(19대국회)",-,어문,문서,-,법률,한국어,-,1905-07-08 00:00:00,-,국회도서관,-,-,-,제1유형,저작물,보호저작물,○,상업적이용가능,○,○,○,○,○,○,○,-,2086,-,-
,1559,어문,간행물,국회도서관,국회전자도서관,국회도서관 소장자료,국회운영위원회 요구자료 : 제346회 국회(정기회) 2016년도 국정감사,-,2016,1,미부착,제1유형,무,-,국회운영위원회 요구자료 : 제346회 국회(정기회) 2016년도 국정감사,-,어문,문서,-,법률,한국어,-,1905-07-08 00:00:00,-,국회도서관,-,-,-,제1유형,저작물,보호저작물,○,상업적이용가능,○,○,○,○,○,○,○,-,2086,-,-
,1560,어문,간행물,국회도서관,국회전자도서관,국회도서관 소장자료,국회의원 기록관리 매뉴얼 = Records management manual for National Assembly members,-,2016,1,미부착,제1유형,무,-,국회의원 기록관리 매뉴얼 = Records management manual for National Assembly members,-,어문,문서,-,법률,한국어,-,1905-07-08 00:00:00,-,국회도서관,-,-,-,제1유형,저작물,보호저작물,○,상업적이용가능,○,○,○,○,○,○,○,-,2086,-,-
,1561,어문,간행물,국회도서관,국회전자도서관,국회도서관 소장자료,기업의 사업재편 관련 일본 입법례,-,2016,1,미부착,제1유형,무,-,기업의 사업재편 관련 일본 입법례,-,어문,문서,-,법률,한국어,-,1905-07-08 00:00:00,-,국회도서관,-,-,-,제1유형,저작물,보호저작물,○,상업적이용가능,○,○,○,○,○,○,○,-,2086,-,-
,1562,어문,간행물,국회도서관,국회전자도서관,국회도서관 소장자료,독일통일관련 문헌종합목록,-,2016,1,미부착,제1유형,무,-,독일통일관련 문헌종합목록,-,어문,문서,-,법률,한국어,-,1905-07-08 00:00:00,-,국회도서관,-,-,-,제1유형,저작물,보호저작물,○,상업적이용가능,○,○,○,○,○,○,○,-,2086,-,-
,1563,어문,간행물,국회도서관,국회전자도서관,국회도서관 소장자료,독일통일관련 법령목록,-,2016,1,미부착,제1유형,무,-,독일통일관련 법령목록,-,어문,문서,-,법률,한국어,-,1905-07-08 00:00:00,-,국회도서관,-,-,-,제1유형,저작물,보호저작물,○,상업적이용가능,○,○,○,○,○,○,○,-,2086,-,-
,1564,어문,간행물,국회도서관,국회전자도서관,국회도서관 소장자료,무단결석에 관한 미국의 입법례와 시사점,-,2016,1,미부착,제1유형,무,-,무단결석에 관한 미국의 입법례와 시사점,-,어문,문서,-,법률,한국어,-,1905-07-08 00:00:00,-,국회도서관,-,-,-,제1유형,저작물,보호저작물,○,상업적이용가능,○,○,○,○,○,○,○,-,2086,-,-
,1565,어문,간행물,국회도서관,국회전자도서관,국회도서관 소장자료,미국 대통령제 관련자료 목록,-,2016,1,미부착,제1유형,무,-,미국 대통령제 관련자료 목록,-,어문,문서,-,법률,한국어,-,1905-07-08 00:00:00,-,국회도서관,-,-,-,제1유형,저작물,보호저작물,○,상업적이용가능,○,○,○,○,○,○,○,-,2086,-,-
,1566,어문,간행물,국회도서관,국회전자도서관,국회도서관 소장자료,소멸시효 완성 채권의 불공정추심 행위 규제에 관한 미국 입법례,-,2016,1,미부착,제1유형,무,-,소멸시효 완성 채권의 불공정추심 행위 규제에 관한 미국 입법례,-,어문,문서,-,법률,한국어,-,1905-07-08 00:00:00,-,국회도서관,-,-,-,제1유형,저작물,보호저작물,○,상업적이용가능,○,○,○,○,○,○,○,-,2086,-,-
,1567,어문,간행물,국회도서관,국회전자도서관,국회도서관 소장자료,업무현황보고 : 2016년도 국회운영위원회 국정감사,-,2016,1,미부착,제1유형,무,-,업무현황보고 : 2016년도 국회운영위원회 국정감사,-,어문,문서,-,법률,한국어,-,1905-07-08 00:00:00,-,국회도서관,-,-,-,제1유형,저작물,보호저작물,○,상업적이용가능,○,○,○,○,○,○,○,-,2086,-,-
,1568,어문,간행물,국회도서관,국회전자도서관,국회도서관 소장자료,업무현황보고 : 제343회 국회(임시회) 국회운영위원회,-,2016,1,미부착,제1유형,무,-,업무현황보고 : 제343회 국회(임시회) 국회운영위원회,-,어문,문서,-,법률,한국어,-,1905-07-08 00:00:00,-,국회도서관,-,-,-,제1유형,저작물,보호저작물,○,상업적이용가능,○,○,○,○,○,○,○,-,2086,-,-
,1569,어문,간행물,국회도서관,국회전자도서관,국회도서관 소장자료,주요국 법률정보원 안내,-,2016,1,미부착,제1유형,무,-,주요국 법률정보원 안내,-,어문,문서,-,법률,한국어,-,1905-07-08 00:00:00,-,국회도서관,-,-,-,제1유형,저작물,보호저작물,○,상업적이용가능,○,○,○,○,○,○,○,-,2086,-,-
,1570,어문,간행물,국회도서관,국회전자도서관,국회도서관 소장자료,(2016) 국회도서관 발전을 위한 국민제안 우수사례 모음집 : 2016 국민제안 공모사업,-,2017,1,미부착,제1유형,무,-,(2016) 국회도서관 발전을 위한 국민제안 우수사례 모음집 : 2016 국민제안 공모사업,-,어문,문서,-,법률,한국어,-,1905-07-09 00:00:00,-,국회도서관,-,-,-,제1유형,저작물,보호저작물,○,상업적이용가능,○,○,○,○,○,○,○,-,2087,-,-
,1571,어문,간행물,국회도서관,국회전자도서관,국회도서관 소장자료,(2017) 아시아·태평양 의회도서관장 회의 결과보고서,-,2017,1,미부착,제1유형,유,-,(2017) 아시아·태평양 의회도서관장 회의 결과보고서,-,어문,문서,-,법률,한국어,-,1905-07-09 00:00:00,-,국회도서관,-,-,-,제1유형,저작물,보호저작물,○,상업적이용가능,○,○,○,○,○,○,○,-,2087,-,-
,1572,어문,간행물,국회도서관,국회전자도서관,국회도서관 소장자료,(새정부 출범에 즈음한) 입법 및 정책과제,-,2017,1,미부착,제1유형,무,-,(새정부 출범에 즈음한) 입법 및 정책과제,-,어문,문서,-,법률,한국어,-,1905-07-09 00:00:00,-,국회도서관,-,-,-,제1유형,저작물,보호저작물,○,상업적이용가능,○,○,○,○,○,○,○,-,2087,-,-
,1573,어문,간행물,국회도서관,국회전자도서관,국회도서관 소장자료,국회기록물분류기준표,-,2017,1,미부착,제1유형,무,-,국회기록물분류기준표,-,어문,문서,-,법률,한국어,-,1905-07-09 00:00:00,-,국회도서관,-,-,-,제1유형,저작물,보호저작물,○,상업적이용가능,○,○,○,○,○,○,○,-,2087,-,-
,1574,어문,간행물,국회도서관,국회전자도서관,국회도서관 소장자료,국회운영위원회 요구자료 : 2017년도 국정감사,-,2017,1,미부착,제1유형,무,-,국회운영위원회 요구자료 : 2017년도 국정감사,-,어문,문서,-,법률,한국어,-,1905-07-09 00:00:00,-,국회도서관,-,-,-,제1유형,저작물,보호저작물,○,상업적이용가능,○,○,○,○,○,○,○,-,2087,-,-
,1575,어문,간행물,국회도서관,국회전자도서관,국회도서관 소장자료,독일의 대연정,-,2017,1,미부착,제1유형,무,-,독일의 대연정,-,어문,문서,-,법률,한국어,-,1905-07-09 00:00:00,-,국회도서관,-,-,-,제1유형,저작물,보호저작물,○,상업적이용가능,○,○,○,○,○,○,○,-,2087,-,-
,1576,어문,간행물,국회도서관,국회전자도서관,국회도서관 소장자료,업무현황보고 : 2017년도 국회운영위원회 국정감사,-,2017,1,미부착,제1유형,무,-,업무현황보고 : 2017년도 국회운영위원회 국정감사,-,어문,문서,-,법률,한국어,-,1905-07-09 00:00:00,-,국회도서관,-,-,-,제1유형,저작물,보호저작물,○,상업적이용가능,○,○,○,○,○,○,○,-,2087,-,-
,1577,어문,간행물,국회도서관,국회전자도서관,국회도서관 소장자료,업무현황보고 : 제353회 국회(임시회) 국회운영위원회,-,2017,1,미부착,제1유형,무,-,업무현황보고 : 제353회 국회(임시회) 국회운영위원회,-,어문,문서,-,법률,한국어,-,1905-07-09 00:00:00,-,국회도서관,-,-,-,제1유형,저작물,보호저작물,○,상업적이용가능,○,○,○,○,○,○,○,-,2087,-,-
,1578,어문,간행물,국회도서관,국회전자도서관,국회도서관 소장자료,헌법개정관련문헌목록,-,2017,1,미부착,제1유형,무,-,헌법개정관련문헌목록,-,어문,문서,-,법률,한국어,-,1905-07-09 00:00:00,-,국회도서관,-,-,-,제1유형,저작물,보호저작물,○,상업적이용가능,○,○,○,○,○,○,○,-,2087,-,-
,1579,어문,간행물,국회도서관,국회전자도서관,국회도서관 소장자료,(2017) 입법정보지원 연구과제보고서 : 2017년도 입법정보지원조성사업,-,2018,1,미부착,제1유형,무,-,(2017) 입법정보지원 연구과제보고서 : 2017년도 입법정보지원조성사업,-,어문,문서,-,법률,한국어,-,1905-07-10 00:00:00,-,국회도서관,-,-,-,제1유형,저작물,보호저작물,○,상업적이용가능,○,○,○,○,○,○,○,-,2088,-,-
,1580,어문,간행물,국회도서관,국회전자도서관,국회도서관 소장자료,(2017)국회도서관 발전을 위한 국민제안 우수사례 모음집 : 2017 국민제안 공모사업,-,2018,1,미부착,제1유형,무,-,(2017)국회도서관 발전을 위한 국민제안 우수사례 모음집 : 2017 국민제안 공모사업,-,어문,문서,-,법률,한국어,-,1905-07-10 00:00:00,-,국회도서관,-,-,-,제1유형,저작물,보호저작물,○,상업적이용가능,○,○,○,○,○,○,○,-,2088,-,-
,1581,어문,간행물,국회도서관,국회전자도서관,국회도서관 소장자료,MCMT 분석을 위한 멀티패싯 텍스트 마이닝 시스템 개발 단계보고서 : 전통천연물기반유전자-동의보감사업 제2단계 단계보고서,-,2018,1,미부착,제1유형,무,-,MCMT 분석을 위한 멀티패싯 텍스트 마이닝 시스템 개발 단계보고서 : 전통천연물기반유전자-동의보감사업 제2단계 단계보고서,-,어문,문서,-,법률,한국어,-,1905-07-10 00:00:00,-,국회도서관,-,-,-,제1유형,저작물,보호저작물,○,상업적이용가능,○,○,○,○,○,○,○,-,2088,-,-
,1582,어문,간행물,국회도서관,국회전자도서관,국회도서관 소장자료,국회기록물분류기준표,-,2018,1,미부착,제1유형,무,-,국회기록물분류기준표,-,어문,문서,-,법률,한국어,-,1905-07-10 00:00:00,-,국회도서관,-,-,-,제1유형,저작물,보호저작물,○,상업적이용가능,○,○,○,○,○,○,○,-,2088,-,-
,1583,어문,간행물,국회도서관,국회전자도서관,국회도서관 소장자료,국회운영위원회 요구자료 : 2018년도 국정감사,-,2018,1,미부착,제1유형,무,-,국회운영위원회 요구자료 : 2018년도 국정감사,-,어문,문서,-,법률,한국어,-,1905-07-10 00:00:00,-,국회도서관,-,-,-,제1유형,저작물,보호저작물,○,상업적이용가능,○,○,○,○,○,○,○,-,2088,-,-
,1584,어문,간행물,국회도서관,국회전자도서관,국회도서관 소장자료,빅데이터(Big Data) 기반 지능형 학술정보서비스,-,2018,1,미부착,제1유형,무,-,빅데이터(Big Data) 기반 지능형 학술정보서비스,-,어문,문서,-,법률,한국어,-,1905-07-10 00:00:00,-,국회도서관,-,-,-,제1유형,저작물,보호저작물,○,상업적이용가능,○,○,○,○,○,○,○,-,2088,-,-
,1585,어문,간행물,국회도서관,국회전자도서관,국회도서관 소장자료,사물인터넷(IoT) 기반 지능정보 기술 동향,-,2018,1,미부착,제1유형,무,-,사물인터넷(IoT) 기반 지능정보 기술 동향,-,어문,문서,-,법률,한국어,-,1905-07-10 00:00:00,-,국회도서관,-,-,-,제1유형,저작물,보호저작물,○,상업적이용가능,○,○,○,○,○,○,○,-,2088,-,-
,1586,어문,간행물,국회도서관,국회전자도서관,국회도서관 소장자료,서면답변서 : 제356회국회(임시회) 국회운영위원회 업무보고,-,2018,1,미부착,제1유형,무,-,서면답변서 : 제356회국회(임시회) 국회운영위원회 업무보고,-,어문,문서,-,법률,한국어,-,1905-07-10 00:00:00,-,국회도서관,-,-,-,제1유형,저작물,보호저작물,○,상업적이용가능,○,○,○,○,○,○,○,-,2088,-,-
,1587,어문,간행물,국회도서관,국회전자도서관,국회도서관 소장자료,세계의 헌법 : 40개국 헌법 전문. 1-2,-,2018,1,미부착,제1유형,무,-,세계의 헌법 : 40개국 헌법 전문. 1-2,-,어문,문서,-,법률,한국어,-,1905-07-10 00:00:00,-,국회도서관,-,-,-,제1유형,저작물,보호저작물,○,상업적이용가능,○,○,○,○,○,○,○,-,2088,-,-
,1588,어문,간행물,국회도서관,국회전자도서관,국회도서관 소장자료,스마트홈／스마트시티／자율주행차에서 도서관 IoT 서비스,-,2018,1,미부착,제1유형,무,-,스마트홈／스마트시티／자율주행차에서 도서관 IoT 서비스,-,어문,문서,-,법률,한국어,-,1905-07-10 00:00:00,-,국회도서관,-,-,-,제1유형,저작물,보호저작물,○,상업적이용가능,○,○,○,○,○,○,○,-,2088,-,-
,1589,어문,간행물,국회도서관,국회전자도서관,국회도서관 소장자료,업무현황보고 : 2018년도 국회운영위원회 국정감사,-,2018,1,미부착,제1유형,무,-,업무현황보고 : 2018년도 국회운영위원회 국정감사,-,어문,문서,-,법률,한국어,-,1905-07-10 00:00:00,-,국회도서관,-,-,-,제1유형,저작물,보호저작물,○,상업적이용가능,○,○,○,○,○,○,○,-,2088,-,-
,1590,어문,간행물,국회도서관,국회전자도서관,국회도서관 소장자료,업무현황보고 : 제356회 국회(임시회) 국회운영위원회,-,2018,1,미부착,제1유형,무,-,업무현황보고 : 제356회 국회(임시회) 국회운영위원회,-,어문,문서,-,법률,한국어,-,1905-07-10 00:00:00,-,국회도서관,-,-,-,제1유형,저작물,보호저작물,○,상업적이용가능,○,○,○,○,○,○,○,-,2088,-,-
,1591,어문,간행물,국회도서관,국회전자도서관,국회도서관 소장자료,업무현황보고 : 제363회국회(임시회) 국회운영위원회,-,2018,1,미부착,제1유형,무,-,업무현황보고 : 제363회국회(임시회) 국회운영위원회,-,어문,문서,-,법률,한국어,-,1905-07-10 00:00:00,-,국회도서관,-,-,-,제1유형,저작물,보호저작물,○,상업적이용가능,○,○,○,○,○,○,○,-,2088,-,-
,1592,어문,간행물,국회도서관,국회전자도서관,국회도서관 소장자료,학술정보 신경망 조성 프로젝트,-,2018,1,미부착,제1유형,무,-,학술정보 신경망 조성 프로젝트,-,어문,문서,-,법률,한국어,-,1905-07-10 00:00:00,-,국회도서관,-,-,-,제1유형,저작물,보호저작물,○,상업적이용가능,○,○,○,○,○,○,○,-,2088,-,-
,1593,어문,간행물,국회도서관,국회전자도서관,국회도서관 소장자료,4차 산업혁명과 저작권법 개정 이슈,-,2019,1,미부착,제1유형,무,-,4차 산업혁명과 저작권법 개정 이슈,-,어문,문서,-,법률,한국어,-,1905-07-11 00:00:00,-,국회도서관,-,-,-,제1유형,저작물,보호저작물,○,상업적이용가능,○,○,○,○,○,○,○,-,2089,-,-
,1594,어문,간행물,국회도서관,국회전자도서관,국회도서관 소장자료,의회·법률 웹DB 이용자 매뉴얼 = Web database user's manual,-,2019,1,미부착,제1유형,무,-,의회·법률 웹DB 이용자 매뉴얼 = Web database user's manual,-,어문,문서,-,법률,한국어,-,1905-07-11 00:00:00,-,국회도서관,-,-,-,제1유형,저작물,보호저작물,○,상업적이용가능,○,○,○,○,○,○,○,-,2089,-,-
,1595,어문,간행물,국회도서관,국회전자도서관,국회도서관 소장자료,(2019) 입법정보지원 연구과제보고서 : 입법정보지원조성사업,-,2020,1,미부착,제1유형,무,-,(2019) 입법정보지원 연구과제보고서 : 입법정보지원조성사업,-,어문,문서,-,법률,한국어,-,1905-07-12 00:00:00,-,국회도서관,-,-,-,제1유형,저작물,보호저작물,○,상업적이용가능,○,○,○,○,○,○,○,-,2090,-,-
,1596,어문,간행물,국회도서관,국회전자도서관,국회도서관 소장자료,(미국·유럽·아시아) 11개국 법체계 알기 쉽게 풀기,-,2020,1,미부착,제1유형,무,-,(미국·유럽·아시아) 11개국 법체계 알기 쉽게 풀기,-,어문,문서,-,법률,한국어,-,1905-07-12 00:00:00,-,국회도서관,-,-,-,제1유형,저작물,보호저작물,○,상업적이용가능,○,○,○,○,○,○,○,-,2090,-,-
,1597,어문,간행물,국회도서관,국회전자도서관,국회도서관 소장자료,국회의원 기록관리 매뉴얼 = Records management manual for National Assembly members,-,2020,1,미부착,제1유형,무,-,국회의원 기록관리 매뉴얼 = Records management manual for National Assembly members,-,어문,문서,-,법률,한국어,-,1905-07-12 00:00:00,-,국회도서관,-,-,-,제1유형,저작물,보호저작물,○,상업적이용가능,○,○,○,○,○,○,○,-,2090,-,-
,1598,어문,간행물,국회도서관,국회전자도서관,국회도서관 소장자료,도서관은 살아있다 = A library is alive,-,2020,1,미부착,제1유형,유,-,도서관은 살아있다 = A library is alive,-,어문,문서,-,법률,한국어,-,1905-07-12 00:00:00,-,국회도서관,-,-,-,제1유형,저작물,보호저작물,○,상업적이용가능,○,○,○,○,○,○,○,-,2090,-,-
,1599,어문,간행물,국회도서관,국회전자도서관,국회도서관 소장자료,(2021년도) 용어관계사전DB 유지관리사업 완료보고서,-,2021,1,미부착,제1유형,유,-,(2021년도) 용어관계사전DB 유지관리사업 완료보고서,-,어문,문서,-,법률,한국어,-,1905-07-13 00:00:00,-,국회도서관,-,-,-,제1유형,저작물,보호저작물,○,상업적이용가능,○,○,○,○,○,○,○,-,2091,-,-
,1600,어문,간행물,국회도서관,국회전자도서관,국회도서관 소장자료,(Toward the open world where knowledge and information are as free as butterflies) National Assembly Library,-,2021,1,미부착,제1유형,유,-,(Toward the open world where knowledge and information are as free as butterflies) National Assembly Library,-,어문,문서,-,법률,한국어,-,1905-07-13 00:00:00,-,국회도서관,-,-,-,제1유형,저작물,보호저작물,○,상업적이용가능,○,○,○,○,○,○,○,-,2091,-,-
,1601,어문,간행물,국회도서관,국회전자도서관,국회도서관 소장자료,법으로 보는 인공지능,-,2021,1,미부착,제1유형,무,-,법으로 보는 인공지능,-,어문,문서,-,법률,한국어,-,1905-07-13 00:00:00,-,국회도서관,-,-,-,제1유형,저작물,보호저작물,○,상업적이용가능,○,○,○,○,○,○,○,-,2091,-,-
,1602,어문,간행물,국회도서관,국회전자도서관,국회도서관 소장자료,핵심 한영 법률용어사전,-,2022,1,미부착,제1유형,무,-,핵심 한영 법률용어사전,-,어문,문서,-,법률,한국어,-,1905-07-14 00:00:00,-,국회도서관,-,-,-,제1유형,저작물,보호저작물,○,상업적이용가능,○,○,○,○,○,○,○,-,2092,-,-
,1603,어문,간행물,국회도서관,국회전자도서관,국회도서관 소장자료,독도 관계 국회 법률안 및 결의안,-,2023,1,미부착,제1유형,무,-,독도 관계 국회 법률안 및 결의안,-,어문,문서,-,법률,한국어,-,1905-07-15 00:00:00,-,국회도서관,-,-,-,제1유형,저작물,보호저작물,○,상업적이용가능,○,○,○,○,○,○,○,-,2093,-,-
,1604,어문,간행물,국회도서관,국회전자도서관,국회도서관 소장자료,朝鮮總督府月報및 朝鮮彙報目次索引,-,-,1,미부착,제1유형,무,-,朝鮮總督府月報및 朝鮮彙報目次索引,-,어문,문서,-,법률,한국어,-,-,-,국회도서관,-,-,-,제1유형,저작물,보호저작물,○,상업적이용가능,○,○,○,○,○,○,○,-,만료추정,-,-
,1605,어문,간행물,국회도서관,국회도서관,home > 도서관소개 > 개방공유 > 발간자료 > 정책연구용역보고서,머신러닝 기술을 활용한 국회전자도서관 지식검색 서비스 모델 연구,-,2022-08-19 00:00:00,1,미부착,제1유형,유,-,머신러닝 기술을 활용한 국회전자도서관 지식검색 서비스 모델 연구,-,어문,문서,-,도서관,한국어,-,2022-08-19 00:00:00,계약서,국회도서관,-,-,-,제1유형,저작물,보호저작물,○,상업적이용가능,○,○,○,○,○,○,○,-,2092-08-19 00:00:00,-,-
,1606,어문,간행물,국회도서관,국회도서관,home > 도서관소개 > 개방공유 > 발간자료 > 정책연구용역보고서,데이터 기반 지능형 미래 전자도서관 플랫폼 구축·운영에 대한 연구,-,2023-08-31 00:00:00,1,미부착,제1유형,유,-,데이터 기반 지능형 미래 전자도서관 플랫폼 구축·운영에 대한 연구,-,어문,문서,-,도서관,한국어,-,2023-08-31 00:00:00,계약서,국회도서관,-,-,-,제1유형,저작물,보호저작물,○,상업적이용가능,○,○,○,○,○,○,○,-,2093-08-31 00:00:00,-,-
,1607,어문,연구자료,국회도서관,입법과 통계,home>이슈와 통계>이슈와 통계,데이터로 보는 노인복지실태,-,2023-01-05 00:00:00,1,미부착,제4유형,유,-,데이터로 보는 노인복지실태,-,어문,문서,-,통계,한국어,-,2023-01-05 00:00:00,-,국회도서관,-,-,-,제4유형,저작물,보호저작물,○,상업적이용금지,○,○,○,○,○,○,X,-,-,-,-
,1608,어문,연구자료,국회도서관,입법과 통계,home>이슈와 통계>이슈와 통계,데이터로 보는 청년실태,-,2023-01-28 00:00:00,1,미부착,제4유형,유,-,데이터로 보는 청년실태,-,어문,문서,-,통계,한국어,-,2023-01-28 00:00:00,-,국회도서관,-,-,-,제4유형,저작물,보호저작물,○,상업적이용금지,○,○,○,○,○,○,X,-,-,-,-
,1609,어문,연구자료,국회도서관,입법과 통계,home>이슈와 통계>이슈와 통계,데이터로 보는 어린이보호구역,-,2023-02-01 00:00:00,1,미부착,제4유형,유,-,데이터로 보는 어린이보호구역,-,어문,문서,-,통계,한국어,-,2023-02-01 00:00:00,-,국회도서관,-,-,-,제4유형,저작물,보호저작물,○,상업적이용금지,○,○,○,○,○,○,X,-,-,-,-
,1610,어문,연구자료,국회도서관,입법과 통계,home>이슈와 통계>이슈와 통계,데이터로 보는 국회의원 선거,-,2023-03-03 00:00:00,1,미부착,제4유형,유,-,데이터로 보는 국회의원 선거,-,어문,문서,-,통계,한국어,-,2023-03-03 00:00:00,-,국회도서관,-,-,-,제4유형,저작물,보호저작물,○,상업적이용금지,○,○,○,○,○,○,X,-,-,-,-
,1611,어문,연구자료,국회도서관,입법과 통계,home>이슈와 통계>이슈와 통계,데이터로 보는 촉법소년 연령기준,-,2023-03-22 00:00:00,1,미부착,제4유형,유,-,데이터로 보는 촉법소년 연령기준,-,어문,문서,-,통계,한국어,-,2023-03-22 00:00:00,-,국회도서관,-,-,-,제4유형,저작물,보호저작물,○,상업적이용금지,○,○,○,○,○,○,X,-,-,-,-
,1612,어문,연구자료,국회도서관,입법과 통계,home>이슈와 통계>이슈와 통계,데이터로 보는 탄소중립과 온실가스,-,2023-04-12 00:00:00,1,미부착,제4유형,유,-,데이터로 보는 탄소중립과 온실가스,-,어문,문서,-,통계,한국어,-,2023-04-12 00:00:00,-,국회도서관,-,-,-,제4유형,저작물,보호저작물,○,상업적이용금지,○,○,○,○,○,○,X,-,-,-,-
,1613,어문,연구자료,국회도서관,입법과 통계,home>이슈와 통계>이슈와 통계,데이터로 보는 국가 사이버안보,-,2023-05-10 00:00:00,1,미부착,제4유형,유,-,데이터로 보는 국가 사이버안보,-,어문,문서,-,통계,한국어,-,2023-05-10 00:00:00,-,국회도서관,-,-,-,제4유형,저작물,보호저작물,○,상업적이용금지,○,○,○,○,○,○,X,-,-,-,-
,1614,어문,연구자료,국회도서관,입법과 통계,home>이슈와 통계>이슈와 통계,데이터로 보는 마약류 중독실태,-,2023-05-19 00:00:00,1,미부착,제4유형,유,-,데이터로 보는 마약류 중독실태,-,어문,문서,-,통계,한국어,-,2023-05-19 00:00:00,-,국회도서관,-,-,-,제4유형,저작물,보호저작물,○,상업적이용금지,○,○,○,○,○,○,X,-,-,-,-
,1615,어문,연구자료,국회도서관,입법과 통계,home>이슈와 통계>이슈와 통계,데이터로 보는 인구감소지역,-,2023-06-07 00:00:00,1,미부착,제4유형,유,-,데이터로 보는 인구감소지역,-,어문,문서,-,통계,한국어,-,2023-06-07 00:00:00,-,국회도서관,-,-,-,제4유형,저작물,보호저작물,○,상업적이용금지,○,○,○,○,○,○,X,-,-,-,-
,1616,어문,연구자료,국회도서관,입법과 통계,home>이슈와 통계>이슈와 통계,데이터로 보는 양육비 지급 이행실태,-,2023-06-25 00:00:00,1,미부착,제4유형,유,-,데이터로 보는 양육비 지급 이행실태,-,어문,문서,-,통계,한국어,-,2023-06-25 00:00:00,-,국회도서관,-,-,-,제4유형,저작물,보호저작물,○,상업적이용금지,○,○,○,○,○,○,X,-,-,-,-
,1617,어문,연구자료,국회도서관,입법과 통계,home>이슈와 통계>이슈와 통계,데이터로 보는 자동차 교환환불제도,-,2023-07-05 00:00:00,1,미부착,제4유형,유,-,데이터로 보는 자동차 교환환불제도,-,어문,문서,-,통계,한국어,-,2023-07-05 00:00:00,-,국회도서관,-,-,-,제4유형,저작물,보호저작물,○,상업적이용금지,○,○,○,○,○,○,X,-,-,-,-
,1618,어문,연구자료,국회도서관,입법과 통계,home>이슈와 통계>이슈와 통계,데이터로 보는 장애인 취업과 고용,-,2023-08-03 00:00:00,1,미부착,제4유형,유,-,데이터로 보는 장애인 취업과 고용,-,어문,문서,-,통계,한국어,-,2023-08-03 00:00:00,-,국회도서관,-,-,-,제4유형,저작물,보호저작물,○,상업적이용금지,○,○,○,○,○,○,X,-,-,-,-
,1619,어문,연구자료,국회도서관,입법과 통계,home>이슈와 통계>이슈와 통계,데이터로 보는 스토킹 범죄,-,2023-09-06 00:00:00,1,미부착,제4유형,유,-,데이터로 보는 스토킹 범죄,-,어문,문서,-,통계,한국어,-,2023-09-06 00:00:00,-,국회도서관,-,-,-,제4유형,저작물,보호저작물,○,상업적이용금지,○,○,○,○,○,○,X,-,-,-,-
,1620,어문,연구자료,국회도서관,입법과 통계,home>이슈와 통계>이슈와 통계,데이터로 보는 국정감사,-,2023-10-04 00:00:00,1,미부착,제4유형,유,-,데이터로 보는 국정감사,-,어문,문서,-,통계,한국어,-,2023-10-04 00:00:00,-,국회도서관,-,-,-,제4유형,저작물,보호저작물,○,상업적이용금지,○,○,○,○,○,○,X,-,-,-,-
,1621,어문,연구자료,국회도서관,입법과 통계,home>이슈와 통계>이슈와 통계,데이터로 보는 플랫폼 노동,-,2023-10-25 00:00:00,1,미부착,제4유형,유,-,데이터로 보는 플랫폼 노동,-,어문,문서,-,통계,한국어,-,2023-10-25 00:00:00,-,국회도서관,-,-,-,제4유형,저작물,보호저작물,○,상업적이용금지,○,○,○,○,○,○,X,-,-,-,-
,1622,어문,연구자료,국회도서관,입법과 통계,home>이슈와 통계>이슈와 통계,데이터로 보는 병역자원,-,2023-11-23 00:00:00,1,미부착,제4유형,유,-,데이터로 보는 병역자원,-,어문,문서,-,통계,한국어,-,2023-11-23 00:00:00,-,국회도서관,-,-,-,제4유형,저작물,보호저작물,○,상업적이용금지,○,○,○,○,○,○,X,-,-,-,-
,1623,어문,연구자료,국회도서관,입법과 통계,home>이슈와 통계>이슈와 통계,데이터로 보는 외국인고용허가제,-,2023-12-15 00:00:00,1,미부착,제4유형,유,-,데이터로 보는 외국인고용허가제,-,어문,문서,-,통계,한국어,-,2023-12-15 00:00:00,-,국회도서관,-,-,-,제4유형,저작물,보호저작물,○,상업적이용금지,○,○,○,○,○,○,X,-,-,-,-
,1624,어문,연구자료,국회도서관,입법과 통계,home>이슈와 통계>이슈와 통계,데이터로 보는 의료용마약류 취급현황 ,-,2024-02-29 00:00:00,1,미부착,제4유형,유,-,데이터로 보는 의료용마약류 취급현황 ,-,어문,문서,-,통계,한국어,-,2024-02-29 00:00:00,-,국회도서관,-,-,-,제4유형,저작물,보호저작물,○,상업적이용금지,○,○,○,○,○,○,X,-,-,-,-
,1625,어문,연구자료,국회도서관,입법과 통계,home>이슈와 통계>이슈와 통계,데이터로 보는 전자주주총회 ,-,2024-03-13 00:00:00,1,미부착,제4유형,유,-,데이터로 보는 전자주주총회 ,-,어문,문서,-,통계,한국어,-,2024-03-13 00:00:00,-,국회도서관,-,-,-,제4유형,저작물,보호저작물,○,상업적이용금지,○,○,○,○,○,○,X,-,-,-,-
,1626,어문,연구자료,국회도서관,입법과 통계,home>이슈와 통계>이슈와 통계,데이터로 보는 AI 산업,-,2024-03-22 00:00:00,1,미부착,제4유형,유,-,데이터로 보는 AI 산업,-,어문,문서,-,통계,한국어,-,2024-03-22 00:00:00,-,국회도서관,-,-,-,제4유형,저작물,보호저작물,○,상업적이용금지,○,○,○,○,○,○,X,-,-,-,-
,1627,어문,연구자료,국회도서관,입법과 통계,home>이슈와 통계>이슈와 통계,데이터로 보는 K 반도체,-,2024-04-19 00:00:00,1,미부착,제4유형,유,-,데이터로 보는 K 반도체,-,어문,문서,-,통계,한국어,-,2024-04-19 00:00:00,-,국회도서관,-,-,-,제4유형,저작물,보호저작물,○,상업적이용금지,○,○,○,○,○,○,X,-,-,-,-
,1628,어문,연구자료,국회도서관,입법과 통계,home>이슈와 통계>이슈와 통계,데이터로 보는 근로자 육아휴직 ,-,2024-04-26 00:00:00,1,미부착,제4유형,유,-,데이터로 보는 근로자 육아휴직 ,-,어문,문서,-,통계,한국어,-,2024-04-26 00:00:00,-,국회도서관,-,-,-,제4유형,저작물,보호저작물,○,상업적이용금지,○,○,○,○,○,○,X,-,-,-,-
,1629,어문,연구자료,국회도서관,입법과 통계,home>이슈와 통계>이슈와 통계,데이터로 보는 전세사기,-,2024-04-30 00:00:00,1,미부착,제4유형,유,-,데이터로 보는 전세사기,-,어문,문서,-,통계,한국어,-,2024-04-30 00:00:00,-,국회도서관,-,-,-,제4유형,저작물,보호저작물,○,상업적이용금지,○,○,○,○,○,○,X,-,-,-,-
,1630,어문,연구자료,국회도서관,입법과 통계,home>이슈와 통계>이슈와 통계,데이터로 보는 체류외국인 현황,-,2024-05-24 00:00:00,1,미부착,제4유형,유,-,데이터로 보는 체류외국인 현황,-,어문,문서,-,통계,한국어,-,2024-05-24 00:00:00,-,국회도서관,-,-,-,제4유형,저작물,보호저작물,○,상업적이용금지,○,○,○,○,○,○,X,-,-,-,-
,1631,어문,연구자료,국회도서관,입법과 통계,home>이슈와 통계>이슈와 통계,데이터로 보는 온라인 동영상 서비스(OTT),-,2024-06-14 00:00:00,1,미부착,제4유형,유,-,데이터로 보는 온라인 동영상 서비스(OTT),-,어문,문서,-,통계,한국어,-,2024-06-14 00:00:00,-,국회도서관,-,-,-,제4유형,저작물,보호저작물,○,상업적이용금지,○,○,○,○,○,○,X,-,-,-,-
,1632,어문,연구자료,국회도서관,입법과 통계,home>이슈와 통계>이슈와 통계,데이터로 보는 플라스틱 재활용,-,2024-06-24 00:00:00,1,미부착,제4유형,유,-,데이터로 보는 플라스틱 재활용,-,어문,문서,-,통계,한국어,-,2024-06-24 00:00:00,-,국회도서관,-,-,-,제4유형,저작물,보호저작물,○,상업적이용금지,○,○,○,○,○,○,X,-,-,-,-
,1633,어문,연구자료,국회도서관,입법과 통계,home>이슈와 통계>이슈와 통계,음주운전,-,2024-07-01 00:00:00,1,미부착,제4유형,유,-,음주운전,-,어문,문서,-,통계,한국어,-,2024-07-01 00:00:00,-,국회도서관,-,-,-,제4유형,저작물,보호저작물,○,상업적이용금지,○,○,○,○,○,○,X,-,-,-,-
,1634,어문,연구자료,국회도서관,아르고스 ,home>분석리포트>소셜리포트>카드뉴스,긴급재난지원금 FLEX,-,2020-07-28 00:00:00,1,제4유형,제4유형,유,-,긴급재난지원금 FLEX,-,어문,문서,-,인포그래픽,한국어,-,2020-07-28 00:00:00,-,국회도서관,-,-,-,제4유형,저작물,보호저작물,○,상업적이용금지,○,○,○,○,○,○,X,-,-,-,-
,1635,어문,연구자료,국회도서관,아르고스 ,home>분석리포트>소셜리포트>카드뉴스,코로나 19가 바꾼 우리들의 여름휴가,-,2020-08-25 00:00:00,1,제4유형,제4유형,유,-,코로나 19가 바꾼 우리들의 여름휴가,-,어문,문서,-,인포그래픽,한국어,-,2020-08-25 00:00:00,-,국회도서관,-,-,-,제4유형,저작물,보호저작물,○,상업적이용금지,○,○,○,○,○,○,X,-,-,-,-
,1636,어문,연구자료,국회도서관,아르고스 ,home>분석리포트>소셜리포트>카드뉴스,"미래의 큰 손, Z세대가 온다",-,2020-09-29 00:00:00,1,제4유형,제4유형,유,-,"미래의 큰 손, Z세대가 온다",-,어문,문서,-,인포그래픽,한국어,-,2020-09-29 00:00:00,-,국회도서관,-,-,-,제4유형,저작물,보호저작물,○,상업적이용금지,○,○,○,○,○,○,X,-,-,-,-
,1637,어문,연구자료,국회도서관,아르고스 ,home>분석리포트>소셜리포트>카드뉴스,배달전성시대,-,2020-10-27 00:00:00,1,제4유형,제4유형,유,-,배달전성시대,-,어문,문서,-,인포그래픽,한국어,-,2020-10-27 00:00:00,-,국회도서관,-,-,-,제4유형,저작물,보호저작물,○,상업적이용금지,○,○,○,○,○,○,X,-,-,-,-
,1638,어문,연구자료,국회도서관,아르고스 ,home>분석리포트>소셜리포트>카드뉴스,반려동물을 부탁해,-,2020-11-24 00:00:00,1,제4유형,제4유형,유,-,반려동물을 부탁해,-,어문,문서,-,인포그래픽,한국어,-,2020-11-24 00:00:00,-,국회도서관,-,-,-,제4유형,저작물,보호저작물,○,상업적이용금지,○,○,○,○,○,○,X,-,-,-,-
,1639,어문,연구자료,국회도서관,아르고스 ,home>분석리포트>소셜리포트>카드뉴스,중고거래 어디까지 해봤니?,-,2020-12-29 00:00:00,1,제4유형,제4유형,유,-,중고거래 어디까지 해봤니?,-,어문,문서,-,인포그래픽,한국어,-,2020-12-29 00:00:00,-,국회도서관,-,-,-,제4유형,저작물,보호저작물,○,상업적이용금지,○,○,○,○,○,○,X,-,-,-,-
,1640,어문,연구자료,국회도서관,아르고스 ,home>분석리포트>소셜리포트>카드뉴스,슬기로운 집콕생활,-,2021-01-26 00:00:00,1,제4유형,제4유형,유,-,슬기로운 집콕생활,-,어문,문서,-,인포그래픽,한국어,-,2021-01-26 00:00:00,-,국회도서관,-,-,-,제4유형,저작물,보호저작물,○,상업적이용금지,○,○,○,○,○,○,X,-,-,-,-
,1641,어문,연구자료,국회도서관,아르고스 ,home>분석리포트>소셜리포트>카드뉴스,"어서와, 재택근무는 처음이지?",-,2021-02-23 00:00:00,1,제4유형,제4유형,유,-,"어서와, 재택근무는 처음이지?",-,어문,문서,-,인포그래픽,한국어,-,2021-02-23 00:00:00,-,국회도서관,-,-,-,제4유형,저작물,보호저작물,○,상업적이용금지,○,○,○,○,○,○,X,-,-,-,-
,1642,어문,연구자료,국회도서관,아르고스 ,home>분석리포트>소셜리포트>카드뉴스,지구는 플라스틱 몸살 중,-,2021-03-22 00:00:00,1,제4유형,제4유형,유,-,지구는 플라스틱 몸살 중,-,어문,문서,-,인포그래픽,한국어,-,2021-03-22 00:00:00,-,국회도서관,-,-,-,제4유형,저작물,보호저작물,○,상업적이용금지,○,○,○,○,○,○,X,-,-,-,-
,1643,어문,연구자료,국회도서관,아르고스 ,home>분석리포트>소셜리포트>카드뉴스,몸에 투자하라! Z세대도 건강관리 중,-,2021-04-26 00:00:00,1,제4유형,제4유형,유,-,몸에 투자하라! Z세대도 건강관리 중,-,어문,문서,-,인포그래픽,한국어,-,2021-04-26 00:00:00,-,국회도서관,-,-,-,제4유형,저작물,보호저작물,○,상업적이용금지,○,○,○,○,○,○,X,-,-,-,-
,1644,어문,연구자료,국회도서관,아르고스 ,home>분석리포트>소셜리포트>카드뉴스,"독립만세, 혼자여도 괜찮아~",-,2021-05-24 00:00:00,1,제4유형,제4유형,유,-,"독립만세, 혼자여도 괜찮아~",-,어문,문서,-,인포그래픽,한국어,-,2021-05-24 00:00:00,-,국회도서관,-,-,-,제4유형,저작물,보호저작물,○,상업적이용금지,○,○,○,○,○,○,X,-,-,-,-
,1645,어문,연구자료,국회도서관,아르고스 ,home>분석리포트>소셜리포트>카드뉴스,내 돈은 내가 지킨다! MZ세대의 별별 재테크,-,2021-06-28 00:00:00,1,제4유형,제4유형,유,-,내 돈은 내가 지킨다! MZ세대의 별별 재테크,-,어문,문서,-,인포그래픽,한국어,-,2021-06-28 00:00:00,-,국회도서관,-,-,-,제4유형,저작물,보호저작물,○,상업적이용금지,○,○,○,○,○,○,X,-,-,-,-
,1646,어문,연구자료,국회도서관,아르고스 ,home>분석리포트>소셜리포트>카드뉴스,"현실이 된 가상세계, 메타버스 타고 가요",-,2021-07-26 00:00:00,1,제4유형,제4유형,유,-,"현실이 된 가상세계, 메타버스 타고 가요",-,어문,문서,-,인포그래픽,한국어,-,2021-07-26 00:00:00,-,국회도서관,-,-,-,제4유형,저작물,보호저작물,○,상업적이용금지,○,○,○,○,○,○,X,-,-,-,-
,1647,어문,연구자료,국회도서관,아르고스 ,home>분석리포트>소셜리포트>카드뉴스,"더 짧고 강렬하게, 숏폼에 빠지다",-,2021-08-23 00:00:00,1,제4유형,제4유형,유,-,"더 짧고 강렬하게, 숏폼에 빠지다",-,어문,문서,-,인포그래픽,한국어,-,2021-08-23 00:00:00,-,국회도서관,-,-,-,제4유형,저작물,보호저작물,○,상업적이용금지,○,○,○,○,○,○,X,-,-,-,-
,1648,어문,연구자료,국회도서관,아르고스 ,home>분석리포트>소셜리포트>카드뉴스,"과거에 없던 새로운 과거, 레트로는 뉴트로를 타고",-,2021-09-27 00:00:00,1,제4유형,제4유형,유,-,"과거에 없던 새로운 과거, 레트로는 뉴트로를 타고",-,어문,문서,-,인포그래픽,한국어,-,2021-09-27 00:00:00,-,국회도서관,-,-,-,제4유형,저작물,보호저작물,○,상업적이용금지,○,○,○,○,○,○,X,-,-,-,-
,1649,어문,연구자료,국회도서관,아르고스 ,home>분석리포트>소셜리포트>카드뉴스,"with 코로나, 작년과 달라진 추석명절",-,2021-10-25 00:00:00,1,제4유형,제4유형,유,-,"with 코로나, 작년과 달라진 추석명절",-,어문,문서,-,인포그래픽,한국어,-,2021-10-25 00:00:00,-,국회도서관,-,-,-,제4유형,저작물,보호저작물,○,상업적이용금지,○,○,○,○,○,○,X,-,-,-,-
,1650,어문,연구자료,국회도서관,아르고스 ,home>분석리포트>소셜리포트>카드뉴스,"주류가 된 한류, K콘텐츠 세계를 사로잡다",-,2021-11-22 00:00:00,1,제4유형,제4유형,유,-,"주류가 된 한류, K콘텐츠 세계를 사로잡다",-,어문,문서,-,인포그래픽,한국어,-,2021-11-22 00:00:00,-,국회도서관,-,-,-,제4유형,저작물,보호저작물,○,상업적이용금지,○,○,○,○,○,○,X,-,-,-,-
,1651,어문,연구자료,국회도서관,아르고스 ,home>분석리포트>소셜리포트>카드뉴스,체험따라 떠라는 MZ세대의 여행법,-,2021-12-20 00:00:00,1,제4유형,제4유형,유,-,체험따라 떠라는 MZ세대의 여행법,-,어문,문서,-,인포그래픽,한국어,-,2021-12-20 00:00:00,-,국회도서관,-,-,-,제4유형,저작물,보호저작물,○,상업적이용금지,○,○,○,○,○,○,X,-,-,-,-
,1652,어문,연구자료,국회도서관,아르고스 ,home>분석리포트>소셜리포트>카드뉴스,"ADIEU 2021, HELLO 2022!",-,2022-01-21 00:00:00,1,제4유형,제4유형,유,-,"ADIEU 2021, HELLO 2022!",-,어문,문서,-,인포그래픽,한국어,-,2022-01-21 00:00:00,-,국회도서관,-,-,-,제4유형,저작물,보호저작물,○,상업적이용금지,○,○,○,○,○,○,X,-,-,-,-
,1653,어문,연구자료,국회도서관,아르고스 ,home>분석리포트>소셜리포트>카드뉴스,한 가지로는 부족해! N잡러가 대세,-,2022-02-21 00:00:00,1,제4유형,제4유형,유,-,한 가지로는 부족해! N잡러가 대세,-,어문,문서,-,인포그래픽,한국어,-,2022-02-21 00:00:00,-,국회도서관,-,-,-,제4유형,저작물,보호저작물,○,상업적이용금지,○,○,○,○,○,○,X,-,-,-,-
,1654,어문,연구자료,국회도서관,아르고스 ,home>분석리포트>소셜리포트>카드뉴스,대한민국 활동계좌 6000만 돌파! 이유 있는 주식 투자,-,2022-03-21 00:00:00,1,제4유형,제4유형,유,-,대한민국 활동계좌 6000만 돌파! 이유 있는 주식 투자,-,어문,문서,-,인포그래픽,한국어,-,2022-03-21 00:00:00,-,국회도서관,-,-,-,제4유형,저작물,보호저작물,○,상업적이용금지,○,○,○,○,○,○,X,-,-,-,-
,1655,어문,연구자료,국회도서관,아르고스 ,home>분석리포트>소셜리포트>카드뉴스,새 대통령에게 바란다,-,2022-04-25 00:00:00,1,제4유형,제4유형,유,-,새 대통령에게 바란다,-,어문,문서,-,인포그래픽,한국어,-,2022-04-25 00:00:00,-,국회도서관,-,-,-,제4유형,저작물,보호저작물,○,상업적이용금지,○,○,○,○,○,○,X,-,-,-,-
,1656,어문,연구자료,국회도서관,아르고스 ,home>분석리포트>소셜리포트>카드뉴스,"2022 세계행복보고서, 당신은 행복한가요?",-,2022-05-23 00:00:00,1,제4유형,제4유형,유,-,"2022 세계행복보고서, 당신은 행복한가요?",-,어문,문서,-,인포그래픽,한국어,-,2022-05-23 00:00:00,-,국회도서관,-,-,-,제4유형,저작물,보호저작물,○,상업적이용금지,○,○,○,○,○,○,X,-,-,-,-
,1657,어문,연구자료,국회도서관,아르고스 ,home>분석리포트>소셜리포트>카드뉴스,"거리두기 해제, 반가운 일상회복!",-,2022-06-20 00:00:00,1,제4유형,제4유형,유,-,"거리두기 해제, 반가운 일상회복!",-,어문,문서,-,인포그래픽,한국어,-,2022-06-20 00:00:00,-,국회도서관,-,-,-,제4유형,저작물,보호저작물,○,상업적이용금지,○,○,○,○,○,○,X,-,-,-,-
,1658,어문,연구자료,국회도서관,아르고스 ,home>분석리포트>소셜리포트>카드뉴스,"더 이상 피할 길 없는 인구감소, 인구절벽 시대",-,2022-07-22 00:00:00,1,제4유형,제4유형,유,-,"더 이상 피할 길 없는 인구감소, 인구절벽 시대",-,어문,문서,-,인포그래픽,한국어,-,2022-07-22 00:00:00,-,국회도서관,-,-,-,제4유형,저작물,보호저작물,○,상업적이용금지,○,○,○,○,○,○,X,-,-,-,-
,1659,어문,연구자료,국회도서관,아르고스 ,home>분석리포트>소셜리포트>카드뉴스,"[통계 읽어주는 도서관] 국가경쟁력, 한국의 순위는?",-,2022-08-08 00:00:00,1,제4유형,제4유형,유,-,"[통계 읽어주는 도서관] 국가경쟁력, 한국의 순위는?",-,어문,문서,-,인포그래픽,한국어,-,2022-08-08 00:00:00,-,국회도서관,-,-,-,제4유형,저작물,보호저작물,○,상업적이용금지,○,○,○,○,○,○,X,-,-,-,-
,1660,어문,연구자료,국회도서관,아르고스 ,home>분석리포트>소셜리포트>카드뉴스,"무섭게 치솟는 물가상승, 생활물가 초비상",-,2022-08-25 00:00:00,1,제4유형,제4유형,유,-,"무섭게 치솟는 물가상승, 생활물가 초비상",-,어문,문서,-,인포그래픽,한국어,-,2022-08-25 00:00:00,-,국회도서관,-,-,-,제4유형,저작물,보호저작물,○,상업적이용금지,○,○,○,○,○,○,X,-,-,-,-
,1661,어문,연구자료,국회도서관,아르고스 ,home>분석리포트>소셜리포트>카드뉴스,"세계의 이상기후 확산, 일상이 된 기후위기",-,2022-09-26 00:00:00,1,제4유형,제4유형,유,-,"세계의 이상기후 확산, 일상이 된 기후위기",-,어문,문서,-,인포그래픽,한국어,-,2022-09-26 00:00:00,-,국회도서관,-,-,-,제4유형,저작물,보호저작물,○,상업적이용금지,○,○,○,○,○,○,X,-,-,-,-
,1662,어문,연구자료,국회도서관,아르고스 ,home>분석리포트>소셜리포트>카드뉴스,성큼 다가온 자동 무인화 시대,-,2022-10-24 00:00:00,1,제4유형,제4유형,유,-,성큼 다가온 자동 무인화 시대,-,어문,문서,-,인포그래픽,한국어,-,2022-10-24 00:00:00,-,국회도서관,-,-,-,제4유형,저작물,보호저작물,○,상업적이용금지,○,○,○,○,○,○,X,-,-,-,-
,1663,어문,연구자료,국회도서관,아르고스 ,home>분석리포트>소셜리포트>카드뉴스,"초고금리 시대, 주택 거래 절벽",-,2022-11-30 00:00:00,1,제4유형,제4유형,유,-,"초고금리 시대, 주택 거래 절벽",-,어문,문서,-,인포그래픽,한국어,-,2022-11-30 00:00:00,-,국회도서관,-,-,-,제4유형,저작물,보호저작물,○,상업적이용금지,○,○,○,○,○,○,X,-,-,-,-
,1664,어문,연구자료,국회도서관,아르고스 ,home>분석리포트>소셜리포트>카드뉴스,Hey Argos~ 2022년 핫 이슈 알려줘!,-,2022-12-30 00:00:00,1,제4유형,제4유형,유,-,Hey Argos~ 2022년 핫 이슈 알려줘!,-,어문,문서,-,인포그래픽,한국어,-,2022-12-30 00:00:00,-,국회도서관,-,-,-,제4유형,저작물,보호저작물,○,상업적이용금지,○,○,○,○,○,○,X,-,-,-,-
,1665,어문,연구자료,국회도서관,아르고스 ,home>분석리포트>소셜리포트>카드뉴스,2023년 달라지는 제도,-,2023-01-30 00:00:00,1,제4유형,제4유형,유,-,2023년 달라지는 제도,-,어문,문서,-,인포그래픽,한국어,-,2023-01-30 00:00:00,-,국회도서관,-,-,-,제4유형,저작물,보호저작물,○,상업적이용금지,○,○,○,○,○,○,X,-,-,-,-
,1666,어문,연구자료,국회도서관,아르고스 ,home>분석리포트>소셜리포트>카드뉴스,"2023년 연금개혁의 해, 나는 받을 수 있을까?",-,2023-02-27 00:00:00,1,제4유형,제4유형,유,-,"2023년 연금개혁의 해, 나는 받을 수 있을까?",-,어문,문서,-,인포그래픽,한국어,-,2023-02-27 00:00:00,-,국회도서관,-,-,-,제4유형,저작물,보호저작물,○,상업적이용금지,○,○,○,○,○,○,X,-,-,-,-
,1667,어문,연구자료,국회도서관,아르고스 ,home>분석리포트>소셜리포트>카드뉴스,"자연재해1, 튀르기예 7.8 대지진발생!",-,2023-03-27 00:00:00,1,제4유형,제4유형,유,-,"자연재해1, 튀르기예 7.8 대지진발생!",-,어문,문서,-,인포그래픽,한국어,-,2023-03-27 00:00:00,-,국회도서관,-,-,-,제4유형,저작물,보호저작물,○,상업적이용금지,○,○,○,○,○,○,X,-,-,-,-
,1668,어문,연구자료,국회도서관,아르고스 ,home>분석리포트>소셜리포트>카드뉴스,"자연재해2, 봄의 불청객 산불",-,2023-04-14 00:00:00,1,제4유형,제4유형,유,-,"자연재해2, 봄의 불청객 산불",-,어문,문서,-,인포그래픽,한국어,-,2023-04-14 00:00:00,-,국회도서관,-,-,-,제4유형,저작물,보호저작물,○,상업적이용금지,○,○,○,○,○,○,X,-,-,-,-
,1669,어문,연구자료,국회도서관,아르고스 ,home>분석리포트>소셜리포트>카드뉴스,"모르면 손해, 나를 위한 청년정책",-,2023-07-17 00:00:00,1,제4유형,제4유형,유,-,"모르면 손해, 나를 위한 청년정책",-,어문,문서,-,인포그래픽,한국어,-,2023-07-17 00:00:00,-,국회도서관,-,-,-,제4유형,저작물,보호저작물,○,상업적이용금지,○,○,○,○,○,○,X,-,-,-,-
,1670,어문,연구자료,국회도서관,아르고스 ,home>분석리포트>소셜리포트>카드뉴스,"자연재해3, 여름의 두 얼굴 폭우, 폭염",-,2023-08-21 00:00:00,1,제4유형,제4유형,유,-,"자연재해3, 여름의 두 얼굴 폭우, 폭염",-,어문,문서,-,인포그래픽,한국어,-,2023-08-21 00:00:00,-,국회도서관,-,-,-,제4유형,저작물,보호저작물,○,상업적이용금지,○,○,○,○,○,○,X,-,-,-,-
,1671,어문,연구자료,국회도서관,아르고스 ,home>분석리포트>소셜리포트>카드뉴스,"AI시대, 직업의 세계",-,2023-10-23 00:00:00,1,제4유형,제4유형,유,-,"AI시대, 직업의 세계",-,어문,문서,-,인포그래픽,한국어,-,2023-10-23 00:00:00,-,국회도서관,-,-,-,제4유형,저작물,보호저작물,○,상업적이용금지,○,○,○,○,○,○,X,-,-,-,-
,1672,어문,연구자료,국회도서관,아르고스 ,home>분석리포트>소셜리포트>카드뉴스,다시 돌아온 축제,-,2023-11-15 00:00:00,1,제4유형,제4유형,유,-,다시 돌아온 축제,-,어문,문서,-,인포그래픽,한국어,-,2023-11-15 00:00:00,-,국회도서관,-,-,-,제4유형,저작물,보호저작물,○,상업적이용금지,○,○,○,○,○,○,X,-,-,-,-
,1673,어문,연구자료,국회도서관,아르고스 ,home>분석리포트>소셜리포트>카드뉴스,2023년 핫이슈 알려줘!,-,2023-12-28 00:00:00,1,제4유형,제4유형,유,-,2023년 핫이슈 알려줘!,-,어문,문서,-,인포그래픽,한국어,-,2023-12-28 00:00:00,-,국회도서관,-,-,-,제4유형,저작물,보호저작물,○,상업적이용금지,○,○,○,○,○,○,X,-,-,-,-
,1674,어문,연구자료,국회도서관,아르고스 ,home>분석리포트>소셜리포트>카드뉴스,"미리 준비하는 다문화, 다인종국가",-,2024-01-22 00:00:00,1,제4유형,제4유형,유,-,"미리 준비하는 다문화, 다인종국가",-,어문,문서,-,인포그래픽,한국어,-,2024-01-22 00:00:00,-,국회도서관,-,-,-,제4유형,저작물,보호저작물,○,상업적이용금지,○,○,○,○,○,○,X,-,-,-,-
,1675,어문,연구자료,국회도서관,아르고스 ,home>분석리포트>소셜리포트>카드뉴스,초고령사회가 온다,-,2024-02-26 00:00:00,1,제4유형,제4유형,유,-,초고령사회가 온다,-,어문,문서,-,인포그래픽,한국어,-,2024-02-26 00:00:00,-,국회도서관,-,-,-,제4유형,저작물,보호저작물,○,상업적이용금지,○,○,○,○,○,○,X,-,-,-,-
,1676,어문,연구자료,국회도서관,아르고스 ,home>분석리포트>소셜리포트>카드뉴스,"몸살 않는 관광지, 오버투어리즘",-,2024-03-25 00:00:00,1,제4유형,제4유형,유,-,"몸살 않는 관광지, 오버투어리즘",-,어문,문서,-,인포그래픽,한국어,-,2024-03-25 00:00:00,-,국회도서관,-,-,-,제4유형,저작물,보호저작물,○,상업적이용금지,○,○,○,○,○,○,X,-,-,-,-
,1677,어문,연구자료,국회도서관,아르고스 ,home>분석리포트>소셜리포트>카드뉴스,"비대면의 일상화, 무인점포",-,2024-04-16 00:00:00,1,제4유형,제4유형,유,-,"비대면의 일상화, 무인점포",-,어문,문서,-,인포그래픽,한국어,-,2024-04-16 00:00:00,-,국회도서관,-,-,-,제4유형,저작물,보호저작물,○,상업적이용금지,○,○,○,○,○,○,X,-,-,-,-
,1678,어문,연구자료,국회도서관,아르고스 ,home>분석리포트>소셜리포트>카드뉴스,지구와의 연결 맨발걷기(어싱),-,2024-05-27 00:00:00,1,제4유형,제4유형,유,-,지구와의 연결 맨발걷기(어싱),-,어문,문서,-,인포그래픽,한국어,-,2024-05-27 00:00:00,-,국회도서관,-,-,-,제4유형,저작물,보호저작물,○,상업적이용금지,○,○,○,○,○,○,X,-,-,-,-
,1679,어문,연구자료,국회도서관,아르고스 ,home>분석리포트>소셜리포트>카드뉴스,생명 나눔의 실천 헌혈 ,-,2024-06-19 00:00:00,1,제4유형,제4유형,유,-,생명 나눔의 실천 헌혈 ,-,어문,문서,-,인포그래픽,한국어,-,2024-06-19 00:00:00,-,국회도서관,-,-,-,제4유형,저작물,보호저작물,○,상업적이용금지,○,○,○,○,○,○,X,-,-,-,-
,1680,어문,연구자료,국회도서관,아르고스 ,home>분석리포트>소셜리포트>분석보고서,[최신이슈]델타변이,-,2021-08-02 00:00:00,1,미부착,제4유형,유,-,[최신이슈]델타변이,-,어문,문서,-,인포그래픽,한국어,-,2021-08-02 00:00:00,-,국회도서관,-,-,-,제4유형,저작물,보호저작물,○,상업적이용금지,○,○,○,○,○,○,X,-,-,-,-
,1681,어문,연구자료,국회도서관,아르고스 ,home>분석리포트>소셜리포트>분석보고서,[최신이슈]구글 갑질방지법,-,2021-09-06 00:00:00,1,미부착,제4유형,유,-,[최신이슈]구글 갑질방지법,-,어문,문서,-,인포그래픽,한국어,-,2021-09-06 00:00:00,-,국회도서관,-,-,-,제4유형,저작물,보호저작물,○,상업적이용금지,○,○,○,○,○,○,X,-,-,-,-
,1682,어문,연구자료,국회도서관,아르고스 ,home>분석리포트>소셜리포트>분석보고서,[최신이슈]아프간 사태,-,2021-10-06 00:00:00,1,미부착,제4유형,유,-,[최신이슈]아프간 사태,-,어문,문서,-,인포그래픽,한국어,-,2021-10-06 00:00:00,-,국회도서관,-,-,-,제4유형,저작물,보호저작물,○,상업적이용금지,○,○,○,○,○,○,X,-,-,-,-
,1683,어문,연구자료,국회도서관,아르고스 ,home>분석리포트>소셜리포트>분석보고서,[최신이슈]백신 패스,-,2021-10-21 00:00:00,1,미부착,제4유형,유,-,[최신이슈]백신 패스,-,어문,문서,-,인포그래픽,한국어,-,2021-10-21 00:00:00,-,국회도서관,-,-,-,제4유형,저작물,보호저작물,○,상업적이용금지,○,○,○,○,○,○,X,-,-,-,-
,1684,어문,연구자료,국회도서관,아르고스 ,home>분석리포트>소셜리포트>분석보고서,[최신이슈]OTT 서비스,-,2021-12-06 00:00:00,1,미부착,제4유형,유,-,[최신이슈]OTT 서비스,-,어문,문서,-,인포그래픽,한국어,-,2021-12-06 00:00:00,-,국회도서관,-,-,-,제4유형,저작물,보호저작물,○,상업적이용금지,○,○,○,○,○,○,X,-,-,-,-
,1685,어문,연구자료,국회도서관,아르고스 ,home>분석리포트>소셜리포트>분석보고서,[최신이슈]탄소중립,-,2022-01-03 00:00:00,1,미부착,제4유형,유,-,[최신이슈]탄소중립,-,어문,문서,-,인포그래픽,한국어,-,2022-01-03 00:00:00,-,국회도서관,-,-,-,제4유형,저작물,보호저작물,○,상업적이용금지,○,○,○,○,○,○,X,-,-,-,-
,1686,어문,연구자료,국회도서관,아르고스 ,home>분석리포트>소셜리포트>분석보고서,[최신이슈]대체 불가능한 토큰 NFT,-,2022-02-04 00:00:00,1,미부착,제4유형,유,-,[최신이슈]대체 불가능한 토큰 NFT,-,어문,문서,-,인포그래픽,한국어,-,2022-02-04 00:00:00,-,국회도서관,-,-,-,제4유형,저작물,보호저작물,○,상업적이용금지,○,○,○,○,○,○,X,-,-,-,-
,1687,어문,연구자료,국회도서관,아르고스 ,home>분석리포트>소셜리포트>분석보고서,[최신이슈]중대재해처벌법,-,2022-03-07 00:00:00,1,미부착,제4유형,유,-,[최신이슈]중대재해처벌법,-,어문,문서,-,인포그래픽,한국어,-,2022-03-07 00:00:00,-,국회도서관,-,-,-,제4유형,저작물,보호저작물,○,상업적이용금지,○,○,○,○,○,○,X,-,-,-,-
,1688,어문,연구자료,국회도서관,아르고스 ,home>분석리포트>소셜리포트>분석보고서,[최신이슈]우크라이나 전쟁,-,2022-04-04 00:00:00,1,미부착,제4유형,유,-,[최신이슈]우크라이나 전쟁,-,어문,문서,-,인포그래픽,한국어,-,2022-04-04 00:00:00,-,국회도서관,-,-,-,제4유형,저작물,보호저작물,○,상업적이용금지,○,○,○,○,○,○,X,-,-,-,-
,1689,어문,연구자료,국회도서관,아르고스 ,home>분석리포트>소셜리포트>분석보고서,[최신이슈]임대차3법,-,2022-05-09 00:00:00,1,미부착,제4유형,유,-,[최신이슈]임대차3법,-,어문,문서,-,인포그래픽,한국어,-,2022-05-09 00:00:00,-,국회도서관,-,-,-,제4유형,저작물,보호저작물,○,상업적이용금지,○,○,○,○,○,○,X,-,-,-,-
,1690,어문,연구자료,국회도서관,아르고스 ,home>분석리포트>소셜리포트>분석보고서,[최신이슈]차별금지법,-,2022-06-06 00:00:00,1,미부착,제4유형,유,-,[최신이슈]차별금지법,-,어문,문서,-,인포그래픽,한국어,-,2022-06-06 00:00:00,-,국회도서관,-,-,-,제4유형,저작물,보호저작물,○,상업적이용금지,○,○,○,○,○,○,X,-,-,-,-
,1691,어문,연구자료,국회도서관,아르고스 ,home>분석리포트>소셜리포트>분석보고서,[최신이슈]스태그플레이션,-,2022-07-04 00:00:00,1,미부착,제4유형,유,-,[최신이슈]스태그플레이션,-,어문,문서,-,인포그래픽,한국어,-,2022-07-04 00:00:00,-,국회도서관,-,-,-,제4유형,저작물,보호저작물,○,상업적이용금지,○,○,○,○,○,○,X,-,-,-,-
,1692,어문,연구자료,국회도서관,아르고스 ,home>분석리포트>소셜리포트>분석보고서,[최신이슈]인플레이션감축법,-,2022-10-10 00:00:00,1,미부착,제4유형,유,-,[최신이슈]인플레이션감축법,-,어문,문서,-,인포그래픽,한국어,-,2022-10-10 00:00:00,-,국회도서관,-,-,-,제4유형,저작물,보호저작물,○,상업적이용금지,○,○,○,○,○,○,X,-,-,-,-
,1693,어문,연구자료,국회도서관,아르고스 ,home>분석리포트>소셜리포트>분석보고서,[최신이슈]스토킹 처벌법,-,2022-11-07 00:00:00,1,미부착,제4유형,유,-,[최신이슈]스토킹 처벌법,-,어문,문서,-,인포그래픽,한국어,-,2022-11-07 00:00:00,-,국회도서관,-,-,-,제4유형,저작물,보호저작물,○,상업적이용금지,○,○,○,○,○,○,X,-,-,-,-
,1694,어문,연구자료,국회도서관,아르고스 ,home>분석리포트>소셜리포트>분석보고서,[최신이슈]미중 기술패권,-,2022-12-12 00:00:00,1,미부착,제4유형,유,-,[최신이슈]미중 기술패권,-,어문,문서,-,인포그래픽,한국어,-,2022-12-12 00:00:00,-,국회도서관,-,-,-,제4유형,저작물,보호저작물,○,상업적이용금지,○,○,○,○,○,○,X,-,-,-,-
,1695,어문,연구자료,국회도서관,아르고스 ,home>분석리포트>소셜리포트>분석보고서,[최신이슈]챗GPT,-,2023-03-06 00:00:00,1,미부착,제4유형,유,-,[최신이슈]챗GPT,-,어문,문서,-,인포그래픽,한국어,-,2023-03-06 00:00:00,-,국회도서관,-,-,-,제4유형,저작물,보호저작물,○,상업적이용금지,○,○,○,○,○,○,X,-,-,-,-
,1696,어문,연구자료,국회도서관,아르고스 ,home>분석리포트>소셜리포트>분석보고서,[최신이슈]부산엑스포,-,2023-04-27 00:00:00,1,미부착,제4유형,유,-,[최신이슈]부산엑스포,-,어문,문서,-,인포그래픽,한국어,-,2023-04-27 00:00:00,-,국회도서관,-,-,-,제4유형,저작물,보호저작물,○,상업적이용금지,○,○,○,○,○,○,X,-,-,-,-
,1697,어문,연구자료,국회도서관,아르고스 ,home>분석리포트>소셜리포트>분석보고서,[최신이슈]전세사기,-,2023-05-12 00:00:00,1,미부착,제4유형,유,-,[최신이슈]전세사기,-,어문,문서,-,인포그래픽,한국어,-,2023-05-12 00:00:00,-,국회도서관,-,-,-,제4유형,저작물,보호저작물,○,상업적이용금지,○,○,○,○,○,○,X,-,-,-,-
,1698,어문,연구자료,국회도서관,아르고스 ,home>분석리포트>소셜리포트>분석보고서,[최신이슈]간호법,-,2023-06-19 00:00:00,1,미부착,제4유형,유,-,[최신이슈]간호법,-,어문,문서,-,인포그래픽,한국어,-,2023-06-19 00:00:00,-,국회도서관,-,-,-,제4유형,저작물,보호저작물,○,상업적이용금지,○,○,○,○,○,○,X,-,-,-,-
,1699,어문,연구자료,국회도서관,아르고스 ,home>분석리포트>소셜리포트>분석보고서,[최신이슈]인공지능 규제,-,2023-07-31 00:00:00,1,미부착,제4유형,유,-,[최신이슈]인공지능 규제,-,어문,문서,-,인포그래픽,한국어,-,2023-07-31 00:00:00,-,국회도서관,-,-,-,제4유형,저작물,보호저작물,○,상업적이용금지,○,○,○,○,○,○,X,-,-,-,-
,1700,어문,연구자료,국회도서관,아르고스 ,home>분석리포트>소셜리포트>분석보고서,2023국정감사 대비 상임위원회별 이슈 키워드,-,2023-08-28 00:00:00,1,미부착,제4유형,유,-,2023국정감사 대비 상임위원회별 이슈 키워드,-,어문,문서,-,인포그래픽,한국어,-,2023-08-28 00:00:00,-,국회도서관,-,-,-,제4유형,저작물,보호저작물,○,상업적이용금지,○,○,○,○,○,○,X,-,-,-,-
,1701,어문,연구자료,국회도서관,아르고스 ,home>분석리포트>소셜리포트>활용사례,[팩트북]북한 비핵화와 한반도 평화 한눈에 보기,-,2018-11-23 00:00:00,1,미부착,제4유형,유,-,[팩트북]북한 비핵화와 한반도 평화 한눈에 보기,-,어문,문서,-,인포그래픽,한국어,-,2018-11-23 00:00:00,-,국회도서관,-,-,-,제4유형,저작물,보호저작물,○,상업적이용금지,○,○,○,○,○,○,X,-,-,-,-
,1702,어문,연구자료,국회도서관,아르고스 ,home>분석리포트>소셜리포트>활용사례,[팩트북]상상이 현실이 되는 5G 총분석,-,2019-03-28 00:00:00,1,미부착,제4유형,유,-,[팩트북]상상이 현실이 되는 5G 총분석,-,어문,문서,-,인포그래픽,한국어,-,2019-03-28 00:00:00,-,국회도서관,-,-,-,제4유형,저작물,보호저작물,○,상업적이용금지,○,○,○,○,○,○,X,-,-,-,-
,1703,어문,연구자료,국회도서관,아르고스 ,home>분석리포트>소셜리포트>활용사례,[팩트북]삶을 변화시키는 스마트시티 한눈에 보기,-,2019-04-15 00:00:00,1,미부착,제4유형,유,-,[팩트북]삶을 변화시키는 스마트시티 한눈에 보기,-,어문,문서,-,인포그래픽,한국어,-,2019-04-15 00:00:00,-,국회도서관,-,-,-,제4유형,저작물,보호저작물,○,상업적이용금지,○,○,○,○,○,○,X,-,-,-,-
,1704,어문,연구자료,국회도서관,아르고스 ,home>분석리포트>소셜리포트>활용사례,[팩트북]한일관계의 현안과 미래 전망 한눈에 보기,-,2019-07-16 00:00:00,1,미부착,제4유형,유,-,[팩트북]한일관계의 현안과 미래 전망 한눈에 보기,-,어문,문서,-,인포그래픽,한국어,-,2019-07-16 00:00:00,-,국회도서관,-,-,-,제4유형,저작물,보호저작물,○,상업적이용금지,○,○,○,○,○,○,X,-,-,-,-
,1705,어문,연구자료,국회도서관,아르고스 ,home>분석리포트>소셜리포트>활용사례,일본수출규제 기간별 연관 키워드,-,2019-08-08 00:00:00,1,미부착,제4유형,유,-,일본수출규제 기간별 연관 키워드,-,어문,문서,-,인포그래픽,한국어,-,2019-08-08 00:00:00,-,국회도서관,-,-,-,제4유형,저작물,보호저작물,○,상업적이용금지,○,○,○,○,○,○,X,-,-,-,-
,1706,어문,연구자료,국회도서관,아르고스 ,home>분석리포트>소셜리포트>활용사례,분양가 상한제 연관 키워드,-,2019-08-15 00:00:00,1,미부착,제4유형,유,-,분양가 상한제 연관 키워드,-,어문,문서,-,인포그래픽,한국어,-,2019-08-15 00:00:00,-,국회도서관,-,-,-,제4유형,저작물,보호저작물,○,상업적이용금지,○,○,○,○,○,○,X,-,-,-,-
,1707,어문,연구자료,국회도서관,아르고스 ,home>분석리포트>소셜리포트>활용사례,[팩트북]100세 시대에 공적연금 한눈에 보기,-,2019-08-30 00:00:00,1,미부착,제4유형,유,-,[팩트북]100세 시대에 공적연금 한눈에 보기,-,어문,문서,-,인포그래픽,한국어,-,2019-08-30 00:00:00,-,국회도서관,-,-,-,제4유형,저작물,보호저작물,○,상업적이용금지,○,○,○,○,○,○,X,-,-,-,-
,1708,어문,연구자료,국회도서관,아르고스 ,home>분석리포트>소셜리포트>활용사례,[팩트북]지방분권과 지방자치제도 총분석,-,2019-11-06 00:00:00,1,미부착,제4유형,유,-,[팩트북]지방분권과 지방자치제도 총분석,-,어문,문서,-,인포그래픽,한국어,-,2019-11-06 00:00:00,-,국회도서관,-,-,-,제4유형,저작물,보호저작물,○,상업적이용금지,○,○,○,○,○,○,X,-,-,-,-
,1709,어문,연구자료,국회도서관,아르고스 ,home>분석리포트>소셜리포트>활용사례,신종코로나바이러스와 메르스 트위터 반응비교,-,2020-02-12 00:00:00,1,미부착,제4유형,유,-,신종코로나바이러스와 메르스 트위터 반응비교,-,어문,문서,-,인포그래픽,한국어,-,2020-02-12 00:00:00,-,국회도서관,-,-,-,제4유형,저작물,보호저작물,○,상업적이용금지,○,○,○,○,○,○,X,-,-,-,-
,1710,어문,연구자료,국회도서관,아르고스 ,home>분석리포트>소셜리포트>활용사례,긴급재난지원금 추경에 대한 트위터 반응,-,2020-04-23 00:00:00,1,미부착,제4유형,유,-,긴급재난지원금 추경에 대한 트위터 반응,-,어문,문서,-,인포그래픽,한국어,-,2020-04-23 00:00:00,-,국회도서관,-,-,-,제4유형,저작물,보호저작물,○,상업적이용금지,○,○,○,○,○,○,X,-,-,-,-
,1711,어문,연구자료,국회도서관,아르고스 ,home>분석리포트>소셜리포트>활용사례,사회적 거리두기 vs 생활속 거리두기 트위터 반응,-,2020-05-07 00:00:00,1,미부착,제4유형,유,-,사회적 거리두기 vs 생활속 거리두기 트위터 반응,-,어문,문서,-,인포그래픽,한국어,-,2020-05-07 00:00:00,-,국회도서관,-,-,-,제4유형,저작물,보호저작물,○,상업적이용금지,○,○,○,○,○,○,X,-,-,-,-
,1712,어문,연구자료,국회도서관,아르고스 ,home>분석리포트>소셜리포트>활용사례,[팩트북]ARGOS로 보는 정부혁신,-,2023-09-26 00:00:00,1,미부착,제4유형,유,-,[팩트북]ARGOS로 보는 정부혁신,-,어문,문서,-,인포그래픽,한국어,-,2023-09-26 00:00:00,-,국회도서관,-,-,-,제4유형,저작물,보호저작물,○,상업적이용금지,○,○,○,○,○,○,X,-,-,-,-
,1713,어문,연구자료,국회도서관,아르고스 ,home>분석리포트>소셜리포트>활용사례,[팩트북]ARGOS로 보는 초거대 AI,-,2023-11-13 00:00:00,1,미부착,제4유형,유,-,[팩트북]ARGOS로 보는 초거대 AI,-,어문,문서,-,인포그래픽,한국어,-,2023-11-13 00:00:00,-,국회도서관,-,-,-,제4유형,저작물,보호저작물,○,상업적이용금지,○,○,○,○,○,○,X,-,-,-,-
,1714,어문,연구자료,국회도서관,아르고스 ,home>분석리포트>소셜리포트>활용사례,[팩트북]ARGOS로 보는 G20 종합국력,-,2023-12-05 00:00:00,1,미부착,제4유형,유,-,[팩트북]ARGOS로 보는 G20 종합국력,-,어문,문서,-,인포그래픽,한국어,-,2023-12-05 00:00:00,-,국회도서관,-,-,-,제4유형,저작물,보호저작물,○,상업적이용금지,○,○,○,○,○,○,X,-,-,-,-
,1715,어문,연구자료,국회도서관,아르고스 ,home>분석리포트>소셜리포트>활용사례,[팩트북]ARGOS로 보는 재난안전관리,-,2023-12-18 00:00:00,1,미부착,제4유형,유,-,[팩트북]ARGOS로 보는 재난안전관리,-,어문,문서,-,인포그래픽,한국어,-,2023-12-18 00:00:00,-,국회도서관,-,-,-,제4유형,저작물,보호저작물,○,상업적이용금지,○,○,○,○,○,○,X,-,-,-,-
,1716,어문,연구자료,국회도서관,아르고스 ,home>분석리포트>소셜리포트>활용사례,[팩트북]ARGOS로 보는 사이버안보,-,2024-01-09 00:00:00,1,미부착,제4유형,유,-,[팩트북]ARGOS로 보는 사이버안보,-,어문,문서,-,인포그래픽,한국어,-,2024-01-09 00:00:00,-,국회도서관,-,-,-,제4유형,저작물,보호저작물,○,상업적이용금지,○,○,○,○,○,○,X,-,-,-,-
,1717,어문,연구자료,국회도서관,아르고스 ,home>분석리포트>소셜리포트>활용사례,[팩트북]ARGOS로 보는 AI와 공교육 ,-,2024-05-01 00:00:00,1,미부착,제4유형,유,-,[팩트북]ARGOS로 보는 AI와 공교육 ,-,어문,문서,-,인포그래픽,한국어,-,2024-05-01 00:00:00,-,국회도서관,-,-,-,제4유형,저작물,보호저작물,○,상업적이용금지,○,○,○,○,○,○,X,-,-,-,-
,1718,어문,연구자료,국회도서관,국가전략정보포털,home>국가전략동향>이슈 인포그래픽>카드뉴스,신기술이 미래전쟁과 세계안보에 끼치는 영향과 미래전 전망,-,2024-03-18 00:00:00,1,미부착,제4유형,유,-,신기술이 미래전쟁과 세계안보에 끼치는 영향과 미래전 전망,-,어문,문서,-,인포그래픽,한국어,-,2024-03-18 00:00:00,-,국회도서관,-,-,-,제4유형,저작물,보호저작물,○,상업적이용금지,○,○,○,○,○,○,X,-,-,-,-
,1719,어문,연구자료,국회도서관,국가전략정보포털,home>국가전략동향>이슈 인포그래픽>카드뉴스,남북관계의 새로운 패러다임 모색,-,2024-03-20 00:00:00,1,미부착,제4유형,유,-,남북관계의 새로운 패러다임 모색,-,어문,문서,-,인포그래픽,한국어,-,2024-03-20 00:00:00,-,국회도서관,-,-,-,제4유형,저작물,보호저작물,○,상업적이용금지,○,○,○,○,○,○,X,-,-,-,-
,1720,어문,연구자료,국회도서관,국가전략정보포털,home>국가전략동향>이슈 인포그래픽>카드뉴스,"2024년, 한반도가 마주할 위태로운 한 해",-,2024-04-01 00:00:00,1,미부착,제4유형,유,-,"2024년, 한반도가 마주할 위태로운 한 해",-,어문,문서,-,인포그래픽,한국어,-,2024-04-01 00:00:00,-,국회도서관,-,-,-,제4유형,저작물,보호저작물,○,상업적이용금지,○,○,○,○,○,○,X,-,-,-,-
,1721,어문,연구자료,국회도서관,국가전략정보포털,home>국가전략동향>이슈 인포그래픽>현안이슈,'생성형 인공지능' 시대의 10대 미래유망기술,-,2024-04-04 00:00:00,1,미부착,제4유형,유,-,'생성형 인공지능' 시대의 10대 미래유망기술,-,어문,문서,-,인포그래픽,한국어,-,2024-04-04 00:00:00,-,국회도서관,-,-,-,제4유형,저작물,보호저작물,○,상업적이용금지,○,○,○,○,○,○,X,-,-,-,-
,1722,어문,연구자료,국회도서관,국가전략정보포털,home>국가전략동향>이슈 인포그래픽>현안이슈,2024 新성장 프로젝트 주요 추진계획,-,2024-04-17 00:00:00,1,미부착,제4유형,유,-,2024 新성장 프로젝트 주요 추진계획,-,어문,문서,-,인포그래픽,한국어,-,2024-04-17 00:00:00,-,국회도서관,-,-,-,제4유형,저작물,보호저작물,○,상업적이용금지,○,○,○,○,○,○,X,-,-,-,-
,1723,어문,연구자료,국회도서관,국가전략정보포털,home>국가전략동향>이슈 인포그래픽>국력평가,독일 국제투명성기구 부패인식지수,-,2024-04-30 00:00:00,1,미부착,제4유형,유,-,독일 국제투명성기구 부패인식지수,-,어문,문서,-,인포그래픽,한국어,-,2024-04-30 00:00:00,-,국회도서관,-,-,-,제4유형,저작물,보호저작물,○,상업적이용금지,○,○,○,○,○,○,X,-,-,-,-
,1724,어문,연구자료,국회도서관,국가전략정보포털,home>국가전략동향>이슈 인포그래픽>국력평가,미국 헤리티지재단 경제자유지수,-,2024-04-30 00:00:00,1,미부착,제4유형,유,-,미국 헤리티지재단 경제자유지수,-,어문,문서,-,인포그래픽,한국어,-,2024-04-30 00:00:00,-,국회도서관,-,-,-,제4유형,저작물,보호저작물,○,상업적이용금지,○,○,○,○,○,○,X,-,-,-,-
,1725,어문,연구자료,국회도서관,국가전략정보포털,home>국가전략동향>이슈 인포그래픽>국력평가,UN 유엔개발계획 인간개발지수,-,2024-05-08 00:00:00,1,미부착,제4유형,유,-,UN 유엔개발계획 인간개발지수,-,어문,문서,-,인포그래픽,한국어,-,2024-05-08 00:00:00,-,국회도서관,-,-,-,제4유형,저작물,보호저작물,○,상업적이용금지,○,○,○,○,○,○,X,-,-,-,-
,1726,어문,연구자료,국회도서관,국가전략정보포털,home>국가전략동향>이슈 인포그래픽>국력평가,UN 지속가능발전해법네트워크 세계행복지수,-,2024-05-08 00:00:00,1,미부착,제4유형,유,-,UN 지속가능발전해법네트워크 세계행복지수,-,어문,문서,-,인포그래픽,한국어,-,2024-05-08 00:00:00,-,국회도서관,-,-,-,제4유형,저작물,보호저작물,○,상업적이용금지,○,○,○,○,○,○,X,-,-,-,-
,1727,어문,연구자료,국회도서관,국가전략정보포털,home>국가전략동향>이슈 인포그래픽>국력평가,영국 이코노미스트 유리천장지수,-,2024-05-08 00:00:00,1,미부착,제4유형,유,-,영국 이코노미스트 유리천장지수,-,어문,문서,-,인포그래픽,한국어,-,2024-05-08 00:00:00,-,국회도서관,-,-,-,제4유형,저작물,보호저작물,○,상업적이용금지,○,○,○,○,○,○,X,-,-,-,-
,1728,어문,연구자료,국회도서관,국가전략정보포털,home>국가전략동향>이슈 인포그래픽>현안이슈,AI 시대 대한민국 사회와 개인의 미래,-,2024-05-17 00:00:00,1,미부착,제4유형,유,-,AI 시대 대한민국 사회와 개인의 미래,-,어문,문서,-,인포그래픽,한국어,-,2024-05-17 00:00:00,-,국회도서관,-,-,-,제4유형,저작물,보호저작물,○,상업적이용금지,○,○,○,○,○,○,X,-,-,-,-
,1729,어문,연구자료,국회도서관,국가전략정보포털,home>국가전략동향>이슈 인포그래픽>현안이슈,2023년 세계 군사비 지출 동향,-,2024-06-07 00:00:00,1,미부착,제4유형,유,-,2023년 세계 군사비 지출 동향,-,어문,문서,-,인포그래픽,한국어,-,2024-06-07 00:00:00,-,국회도서관,-,-,-,제4유형,저작물,보호저작물,○,상업적이용금지,○,○,○,○,○,○,X,-,-,-,-
,1730,어문,연구자료,국회도서관,국가전략정보포털,home>국가전략동향>이슈 인포그래픽>국력평가,민주주의지수,-,2024-06-12 00:00:00,1,미부착,제4유형,유,-,민주주의지수,-,어문,문서,-,인포그래픽,한국어,-,2024-06-12 00:00:00,-,국회도서관,-,-,-,제4유형,저작물,보호저작물,○,상업적이용금지,○,○,○,○,○,○,X,-,-,-,-
,1731,어문,연구자료,국회도서관,국가전략정보포털,home>국가전략동향>이슈 인포그래픽>현안이슈,업무동향지표 2024 : AI가 여는 미래 일자리의 변화와 혁신,-,2024-06-18 00:00:00,1,미부착,제4유형,유,-,업무동향지표 2024 : AI가 여는 미래 일자리의 변화와 혁신,-,어문,문서,-,인포그래픽,한국어,-,2024-06-18 00:00:00,-,국회도서관,-,-,-,제4유형,저작물,보호저작물,○,상업적이용금지,○,○,○,○,○,○,X,-,-,-,-
,1732,영상,기록,국회도서관,국회기록보존소,HOME > 기록정보 콘텐츠 > 구술기록,정치발전을 위한 조언 및 마무리발언,-,2016~2023,1,미부착,제4유형,무,-,정치발전을 위한 조언 및 마무리발언,-,영상,영상,-,정치,한국어,-,2016~2023,-,국회도서관,-,-,-,제4유형,저작물,보호저작물,○,상업적이용금지,○,○,○,○,○,○,X,-,-,-,-
,1733,영상,기록,국회도서관,국회기록보존소,HOME > 기록정보 콘텐츠 > 구술기록,제15대 국회 원내총무 활동,-,2016~2023,1,미부착,제4유형,무,-,제15대 국회 원내총무 활동,-,영상,영상,-,정치,한국어,-,2016~2023,-,국회도서관,-,-,-,제4유형,저작물,보호저작물,○,상업적이용금지,○,○,○,○,○,○,X,-,-,-,-
,1734,영상,기록,국회도서관,국회기록보존소,HOME > 기록정보 콘텐츠 > 구술기록,대통령제의 문제와 내각제에 대한 소신,-,2016~2023,1,미부착,제4유형,무,-,대통령제의 문제와 내각제에 대한 소신,-,영상,영상,-,정치,한국어,-,2016~2023,-,국회도서관,-,-,-,제4유형,저작물,보호저작물,○,상업적이용금지,○,○,○,○,○,○,X,-,-,-,-
,1735,영상,기록,국회도서관,국회기록보존소,HOME > 기록정보 콘텐츠 > 구술기록,자민련의 원내교섭단체 구성 난항,-,2016~2023,1,미부착,제4유형,무,-,자민련의 원내교섭단체 구성 난항,-,영상,영상,-,정치,한국어,-,2016~2023,-,국회도서관,-,-,-,제4유형,저작물,보호저작물,○,상업적이용금지,○,○,○,○,○,○,X,-,-,-,-
,1736,영상,기록,국회도서관,국회기록보존소,HOME > 기록정보 콘텐츠 > 구술기록,자민련에서 제명,-,2016~2023,1,미부착,제4유형,무,-,자민련에서 제명,-,영상,영상,-,정치,한국어,-,2016~2023,-,국회도서관,-,-,-,제4유형,저작물,보호저작물,○,상업적이용금지,○,○,○,○,○,○,X,-,-,-,-
,1737,영상,기록,국회도서관,국회기록보존소,HOME > 기록정보 콘텐츠 > 구술기록,한나라당 입당과 제16대 대통령선거,-,2016~2023,1,미부착,제4유형,무,-,한나라당 입당과 제16대 대통령선거,-,영상,영상,-,정치,한국어,-,2016~2023,-,국회도서관,-,-,-,제4유형,저작물,보호저작물,○,상업적이용금지,○,○,○,○,○,○,X,-,-,-,-
,1738,영상,기록,국회도서관,국회기록보존소,HOME > 기록정보 콘텐츠 > 구술기록,"제17대, 제18대 총선에서 낙선",-,2016~2023,1,미부착,제4유형,무,-,"제17대, 제18대 총선에서 낙선",-,영상,영상,-,정치,한국어,-,2016~2023,-,국회도서관,-,-,-,제4유형,저작물,보호저작물,○,상업적이용금지,○,○,○,○,○,○,X,-,-,-,-
,1739,영상,기록,국회도서관,국회기록보존소,HOME > 기록정보 콘텐츠 > 구술기록,제18대 국회시기 원외 활동,-,2016~2023,1,미부착,제4유형,무,-,제18대 국회시기 원외 활동,-,영상,영상,-,정치,한국어,-,2016~2023,-,국회도서관,-,-,-,제4유형,저작물,보호저작물,○,상업적이용금지,○,○,○,○,○,○,X,-,-,-,-
,1740,영상,기록,국회도서관,국회기록보존소,HOME > 기록정보 콘텐츠 > 구술기록,국회의장 취임의 배경,-,2016~2023,1,미부착,제4유형,무,-,국회의장 취임의 배경,-,영상,영상,-,정치,한국어,-,2016~2023,-,국회도서관,-,-,-,제4유형,저작물,보호저작물,○,상업적이용금지,○,○,○,○,○,○,X,-,-,-,-
,1741,영상,기록,국회도서관,국회기록보존소,HOME > 기록정보 콘텐츠 > 구술기록,대통령과의 관계,-,2016~2023,1,미부착,제4유형,무,-,대통령과의 관계,-,영상,영상,-,정치,한국어,-,2016~2023,-,국회도서관,-,-,-,제4유형,저작물,보호저작물,○,상업적이용금지,○,○,○,○,○,○,X,-,-,-,-
,1742,영상,기록,국회도서관,국회기록보존소,HOME > 기록정보 콘텐츠 > 구술기록,국회선진화법에 대한 견해,-,2016~2023,1,미부착,제4유형,무,-,국회선진화법에 대한 견해,-,영상,영상,-,정치,한국어,-,2016~2023,-,국회도서관,-,-,-,제4유형,저작물,보호저작물,○,상업적이용금지,○,○,○,○,○,○,X,-,-,-,-
,1743,영상,기록,국회도서관,국회기록보존소,HOME > 기록정보 콘텐츠 > 구술기록,시작멘트,-,2016~2023,1,미부착,제4유형,무,-,시작멘트,-,영상,영상,-,정치,한국어,-,2016~2023,-,국회도서관,-,-,-,제4유형,저작물,보호저작물,○,상업적이용금지,○,○,○,○,○,○,X,-,-,-,-
,1744,영상,기록,국회도서관,국회기록보존소,HOME > 기록정보 콘텐츠 > 구술기록,의장 재임 시 외교활동,-,2016~2023,1,미부착,제4유형,무,-,의장 재임 시 외교활동,-,영상,영상,-,정치,한국어,-,2016~2023,-,국회도서관,-,-,-,제4유형,저작물,보호저작물,○,상업적이용금지,○,○,○,○,○,○,X,-,-,-,-
,1745,영상,기록,국회도서관,국회기록보존소,HOME > 기록정보 콘텐츠 > 구술기록,개헌의 필요성,-,2016~2023,1,미부착,제4유형,무,-,개헌의 필요성,-,영상,영상,-,정치,한국어,-,2016~2023,-,국회도서관,-,-,-,제4유형,저작물,보호저작물,○,상업적이용금지,○,○,○,○,○,○,X,-,-,-,-
,1746,영상,기록,국회도서관,국회기록보존소,HOME > 기록정보 콘텐츠 > 구술기록,표결과 필리버스터,-,2016~2023,1,미부착,제4유형,무,-,표결과 필리버스터,-,영상,영상,-,정치,한국어,-,2016~2023,-,국회도서관,-,-,-,제4유형,저작물,보호저작물,○,상업적이용금지,○,○,○,○,○,○,X,-,-,-,-
,1747,영상,기록,국회도서관,국회기록보존소,HOME > 기록정보 콘텐츠 > 구술기록,인사청문회제도_1,-,2016~2023,1,미부착,제4유형,무,-,인사청문회제도_1,-,영상,영상,-,정치,한국어,-,2016~2023,-,국회도서관,-,-,-,제4유형,저작물,보호저작물,○,상업적이용금지,○,○,○,○,○,○,X,-,-,-,-
,1748,영상,기록,국회도서관,국회기록보존소,HOME > 기록정보 콘텐츠 > 구술기록,인사청문회제도_2,-,2016~2023,1,미부착,제4유형,무,-,인사청문회제도_2,-,영상,영상,-,정치,한국어,-,2016~2023,-,국회도서관,-,-,-,제4유형,저작물,보호저작물,○,상업적이용금지,○,○,○,○,○,○,X,-,-,-,-
,1749,영상,기록,국회도서관,국회기록보존소,HOME > 기록정보 콘텐츠 > 구술기록,제헌의회 기념물 건립,-,2016~2023,1,미부착,제4유형,무,-,제헌의회 기념물 건립,-,영상,영상,-,정치,한국어,-,2016~2023,-,국회도서관,-,-,-,제4유형,저작물,보호저작물,○,상업적이용금지,○,○,○,○,○,○,X,-,-,-,-
,1750,영상,기록,국회도서관,국회기록보존소,HOME > 기록정보 콘텐츠 > 구술기록,기자간담회 및 후배들과의 일화,-,2016~2023,1,미부착,제4유형,무,-,기자간담회 및 후배들과의 일화,-,영상,영상,-,정치,한국어,-,2016~2023,-,국회도서관,-,-,-,제4유형,저작물,보호저작물,○,상업적이용금지,○,○,○,○,○,○,X,-,-,-,-
,1751,영상,기록,국회도서관,국회기록보존소,HOME > 기록정보 콘텐츠 > 구술기록,한일의원 축구대회,-,2016~2023,1,미부착,제4유형,무,-,한일의원 축구대회,-,영상,영상,-,정치,한국어,-,2016~2023,-,국회도서관,-,-,-,제4유형,저작물,보호저작물,○,상업적이용금지,○,○,○,○,○,○,X,-,-,-,-
,1752,영상,기록,국회도서관,국회기록보존소,HOME > 기록정보 콘텐츠 > 구술기록,불출마선언의 배경,-,2016~2023,1,미부착,제4유형,무,-,불출마선언의 배경,-,영상,영상,-,정치,한국어,-,2016~2023,-,국회도서관,-,-,-,제4유형,저작물,보호저작물,○,상업적이용금지,○,○,○,○,○,○,X,-,-,-,-
,1753,영상,기록,국회도서관,국회기록보존소,HOME > 기록정보 콘텐츠 > 구술기록,국회 위상의 변화,-,2016~2023,1,미부착,제4유형,무,-,국회 위상의 변화,-,영상,영상,-,정치,한국어,-,2016~2023,-,국회도서관,-,-,-,제4유형,저작물,보호저작물,○,상업적이용금지,○,○,○,○,○,○,X,-,-,-,-
,1754,영상,기록,국회도서관,국회기록보존소,HOME > 기록정보 콘텐츠 > 구술기록,시작멘트,-,2016~2023,1,미부착,제4유형,무,-,시작멘트,-,영상,영상,-,정치,한국어,-,2016~2023,-,국회도서관,-,-,-,제4유형,저작물,보호저작물,○,상업적이용금지,○,○,○,○,○,○,X,-,-,-,-
,1755,영상,기록,국회도서관,국회기록보존소,HOME > 기록정보 콘텐츠 > 구술기록,최근 근황,-,2016~2023,1,미부착,제4유형,무,-,최근 근황,-,영상,영상,-,정치,한국어,-,2016~2023,-,국회도서관,-,-,-,제4유형,저작물,보호저작물,○,상업적이용금지,○,○,○,○,○,○,X,-,-,-,-
,1756,영상,기록,국회도서관,국회기록보존소,HOME > 기록정보 콘텐츠 > 구술기록,유라시아친선특급 참가,-,2016~2023,1,미부착,제4유형,무,-,유라시아친선특급 참가,-,영상,영상,-,정치,한국어,-,2016~2023,-,국회도서관,-,-,-,제4유형,저작물,보호저작물,○,상업적이용금지,○,○,○,○,○,○,X,-,-,-,-
,1757,영상,기록,국회도서관,국회기록보존소,HOME > 기록정보 콘텐츠 > 구술기록,육군사관학교 진학배경,-,2016~2023,1,미부착,제4유형,무,-,육군사관학교 진학배경,-,영상,영상,-,정치,한국어,-,2016~2023,-,국회도서관,-,-,-,제4유형,저작물,보호저작물,○,상업적이용금지,○,○,○,○,○,○,X,-,-,-,-
,1758,영상,기록,국회도서관,국회기록보존소,HOME > 기록정보 콘텐츠 > 구술기록,정계입문 배경,-,2016~2023,1,미부착,제4유형,무,-,정계입문 배경,-,영상,영상,-,정치,한국어,-,2016~2023,-,국회도서관,-,-,-,제4유형,저작물,보호저작물,○,상업적이용금지,○,○,○,○,○,○,X,-,-,-,-
,1759,영상,기록,국회도서관,국회기록보존소,HOME > 기록정보 콘텐츠 > 구술기록,민정당 창당과정 및 제11대 국회 입성,-,2016~2023,1,미부착,제4유형,무,-,민정당 창당과정 및 제11대 국회 입성,-,영상,영상,-,정치,한국어,-,2016~2023,-,국회도서관,-,-,-,제4유형,저작물,보호저작물,○,상업적이용금지,○,○,○,○,○,○,X,-,-,-,-
,1760,영상,기록,국회도서관,국회기록보존소,HOME > 기록정보 콘텐츠 > 구술기록,제11대 총선 시 전국구 공천과정,-,2016~2023,1,미부착,제4유형,무,-,제11대 총선 시 전국구 공천과정,-,영상,영상,-,정치,한국어,-,2016~2023,-,국회도서관,-,-,-,제4유형,저작물,보호저작물,○,상업적이용금지,○,○,○,○,○,○,X,-,-,-,-
,1761,영상,기록,국회도서관,국회기록보존소,HOME > 기록정보 콘텐츠 > 구술기록,제12대 총선거 과정,-,2016~2023,1,미부착,제4유형,무,-,제12대 총선거 과정,-,영상,영상,-,정치,한국어,-,2016~2023,-,국회도서관,-,-,-,제4유형,저작물,보호저작물,○,상업적이용금지,○,○,○,○,○,○,X,-,-,-,-
,1762,영상,기록,국회도서관,국회기록보존소,HOME > 기록정보 콘텐츠 > 구술기록,제12대 국회 시기 상임위원회 및 주요 입법활동,-,2016~2023,1,미부착,제4유형,무,-,제12대 국회 시기 상임위원회 및 주요 입법활동,-,영상,영상,-,정치,한국어,-,2016~2023,-,국회도서관,-,-,-,제4유형,저작물,보호저작물,○,상업적이용금지,○,○,○,○,○,○,X,-,-,-,-
,1763,영상,기록,국회도서관,국회기록보존소,HOME > 기록정보 콘텐츠 > 구술기록,1987년 여권 내의 논의 상황과 6.29 선언,-,2016~2023,1,미부착,제4유형,무,-,1987년 여권 내의 논의 상황과 6.29 선언,-,영상,영상,-,정치,한국어,-,2016~2023,-,국회도서관,-,-,-,제4유형,저작물,보호저작물,○,상업적이용금지,○,○,○,○,○,○,X,-,-,-,-
,1764,영상,기록,국회도서관,국회기록보존소,HOME > 기록정보 콘텐츠 > 구술기록,시작멘트,-,2016~2023,1,미부착,제4유형,무,-,시작멘트,-,영상,영상,-,정치,한국어,-,2016~2023,-,국회도서관,-,-,-,제4유형,저작물,보호저작물,○,상업적이용금지,○,○,○,○,○,○,X,-,-,-,-
,1765,영상,기록,국회도서관,국회기록보존소,HOME > 기록정보 콘텐츠 > 구술기록,제12대 국회 보사위에서의 일화,-,2016~2023,1,미부착,제4유형,무,-,제12대 국회 보사위에서의 일화,-,영상,영상,-,정치,한국어,-,2016~2023,-,국회도서관,-,-,-,제4유형,저작물,보호저작물,○,상업적이용금지,○,○,○,○,○,○,X,-,-,-,-
,1766,영상,기록,국회도서관,국회기록보존소,HOME > 기록정보 콘텐츠 > 구술기록,제13대 국회 직전 선거법개정,-,2016~2023,1,미부착,제4유형,무,-,제13대 국회 직전 선거법개정,-,영상,영상,-,정치,한국어,-,2016~2023,-,국회도서관,-,-,-,제4유형,저작물,보호저작물,○,상업적이용금지,○,○,○,○,○,○,X,-,-,-,-
,1767,영상,기록,국회도서관,국회기록보존소,HOME > 기록정보 콘텐츠 > 구술기록,제13대 국회 시기 원외활동,-,2016~2023,1,미부착,제4유형,무,-,제13대 국회 시기 원외활동,-,영상,영상,-,정치,한국어,-,2016~2023,-,국회도서관,-,-,-,제4유형,저작물,보호저작물,○,상업적이용금지,○,○,○,○,○,○,X,-,-,-,-
,1768,영상,기록,국회도서관,국회기록보존소,HOME > 기록정보 콘텐츠 > 구술기록,제14대 총선에서 무소속 당선,-,2016~2023,1,미부착,제4유형,무,-,제14대 총선에서 무소속 당선,-,영상,영상,-,정치,한국어,-,2016~2023,-,국회도서관,-,-,-,제4유형,저작물,보호저작물,○,상업적이용금지,○,○,○,○,○,○,X,-,-,-,-
,1769,영상,기록,국회도서관,국회기록보존소,HOME > 기록정보 콘텐츠 > 구술기록,원외활동 시기 장애인 후원활동,-,2016~2023,1,미부착,제4유형,무,-,원외활동 시기 장애인 후원활동,-,영상,영상,-,정치,한국어,-,2016~2023,-,국회도서관,-,-,-,제4유형,저작물,보호저작물,○,상업적이용금지,○,○,○,○,○,○,X,-,-,-,-
,1770,영상,기록,국회도서관,국회기록보존소,HOME > 기록정보 콘텐츠 > 구술기록,제14대 국회 시기 통신과학기술위원회 활동,-,2016~2023,1,미부착,제4유형,무,-,제14대 국회 시기 통신과학기술위원회 활동,-,영상,영상,-,정치,한국어,-,2016~2023,-,국회도서관,-,-,-,제4유형,저작물,보호저작물,○,상업적이용금지,○,○,○,○,○,○,X,-,-,-,-
,1771,영상,기록,국회도서관,국회기록보존소,HOME > 기록정보 콘텐츠 > 구술기록,과학기술혁신특별법 제정,-,2016~2023,1,미부착,제4유형,무,-,과학기술혁신특별법 제정,-,영상,영상,-,정치,한국어,-,2016~2023,-,국회도서관,-,-,-,제4유형,저작물,보호저작물,○,상업적이용금지,○,○,○,○,○,○,X,-,-,-,-
,1772,영상,기록,국회도서관,국회기록보존소,HOME > 기록정보 콘텐츠 > 구술기록,과학기술부 장관 재임 시 활동,-,2016~2023,1,미부착,제4유형,무,-,과학기술부 장관 재임 시 활동,-,영상,영상,-,정치,한국어,-,2016~2023,-,국회도서관,-,-,-,제4유형,저작물,보호저작물,○,상업적이용금지,○,○,○,○,○,○,X,-,-,-,-
,1773,영상,기록,국회도서관,국회기록보존소,HOME > 기록정보 콘텐츠 > 구술기록,시작멘트,-,2016~2023,1,미부착,제4유형,무,-,시작멘트,-,영상,영상,-,정치,한국어,-,2016~2023,-,국회도서관,-,-,-,제4유형,저작물,보호저작물,○,상업적이용금지,○,○,○,○,○,○,X,-,-,-,-
,1774,영상,기록,국회도서관,국회기록보존소,HOME > 기록정보 콘텐츠 > 구술기록,제15대 대통령 선거 시 야권공조 상황,-,2016~2023,1,미부착,제4유형,무,-,제15대 대통령 선거 시 야권공조 상황,-,영상,영상,-,정치,한국어,-,2016~2023,-,국회도서관,-,-,-,제4유형,저작물,보호저작물,○,상업적이용금지,○,○,○,○,○,○,X,-,-,-,-
,1775,영상,기록,국회도서관,국회기록보존소,HOME > 기록정보 콘텐츠 > 구술기록,내각제 무산 시 논의 과정,-,2016~2023,1,미부착,제4유형,무,-,내각제 무산 시 논의 과정,-,영상,영상,-,정치,한국어,-,2016~2023,-,국회도서관,-,-,-,제4유형,저작물,보호저작물,○,상업적이용금지,○,○,○,○,○,○,X,-,-,-,-
,1776,영상,기록,국회도서관,국회기록보존소,HOME > 기록정보 콘텐츠 > 구술기록,1967년 첫 수감,-,2016~2023,1,미부착,제4유형,무,-,1967년 첫 수감,-,영상,영상,-,정치,한국어,-,2016~2023,-,국회도서관,-,-,-,제4유형,저작물,보호저작물,○,상업적이용금지,○,○,○,○,○,○,X,-,-,-,-
,1777,영상,기록,국회도서관,국회기록보존소,HOME > 기록정보 콘텐츠 > 구술기록,정치 선배로서의 활동과 조언,-,2016~2023,1,미부착,제4유형,무,-,정치 선배로서의 활동과 조언,-,영상,영상,-,정치,한국어,-,2016~2023,-,국회도서관,-,-,-,제4유형,저작물,보호저작물,○,상업적이용금지,○,○,○,○,○,○,X,-,-,-,-
,1778,영상,기록,국회도서관,국회기록보존소,HOME > 기록정보 콘텐츠 > 구술기록,1980년대 초반 정치 상황 ,-,2016~2023,1,미부착,제4유형,무,-,1980년대 초반 정치 상황 ,-,영상,영상,-,정치,한국어,-,2016~2023,-,국회도서관,-,-,-,제4유형,저작물,보호저작물,○,상업적이용금지,○,○,○,○,○,○,X,-,-,-,-
,1779,영상,기록,국회도서관,국회기록보존소,HOME > 기록정보 콘텐츠 > 구술기록,유신시절 생계를 위한 활동,-,2016~2023,1,미부착,제4유형,무,-,유신시절 생계를 위한 활동,-,영상,영상,-,정치,한국어,-,2016~2023,-,국회도서관,-,-,-,제4유형,저작물,보호저작물,○,상업적이용금지,○,○,○,○,○,○,X,-,-,-,-
,1780,영상,기록,국회도서관,국회기록보존소,HOME > 기록정보 콘텐츠 > 구술기록,제12대 총선 상황,-,2016~2023,1,미부착,제4유형,무,-,제12대 총선 상황,-,영상,영상,-,정치,한국어,-,2016~2023,-,국회도서관,-,-,-,제4유형,저작물,보호저작물,○,상업적이용금지,○,○,○,○,○,○,X,-,-,-,-
,1781,영상,기록,국회도서관,국회기록보존소,HOME > 기록정보 콘텐츠 > 구술기록,제13대 대통령 선거와 제13대 국회의원 선거,-,2016~2023,1,미부착,제4유형,무,-,제13대 대통령 선거와 제13대 국회의원 선거,-,영상,영상,-,정치,한국어,-,2016~2023,-,국회도서관,-,-,-,제4유형,저작물,보호저작물,○,상업적이용금지,○,○,○,○,○,○,X,-,-,-,-
,1782,영상,기록,국회도서관,국회기록보존소,HOME > 기록정보 콘텐츠 > 구술기록,제13대 국회의원 시절,-,2016~2023,1,미부착,제4유형,무,-,제13대 국회의원 시절,-,영상,영상,-,정치,한국어,-,2016~2023,-,국회도서관,-,-,-,제4유형,저작물,보호저작물,○,상업적이용금지,○,○,○,○,○,○,X,-,-,-,-
,1783,영상,기록,국회도서관,국회기록보존소,HOME > 기록정보 콘텐츠 > 구술기록,제14대 국회의원 선거와 제14대 대통령 선거,-,2016~2023,1,미부착,제4유형,무,-,제14대 국회의원 선거와 제14대 대통령 선거,-,영상,영상,-,정치,한국어,-,2016~2023,-,국회도서관,-,-,-,제4유형,저작물,보호저작물,○,상업적이용금지,○,○,○,○,○,○,X,-,-,-,-
,1784,영상,기록,국회도서관,국회기록보존소,HOME > 기록정보 콘텐츠 > 구술기록,DJ 정계 복귀 준비와 서울시장 선거,-,2016~2023,1,미부착,제4유형,무,-,DJ 정계 복귀 준비와 서울시장 선거,-,영상,영상,-,정치,한국어,-,2016~2023,-,국회도서관,-,-,-,제4유형,저작물,보호저작물,○,상업적이용금지,○,○,○,○,○,○,X,-,-,-,-
,1785,영상,기록,국회도서관,국회기록보존소,HOME > 기록정보 콘텐츠 > 구술기록,1995년 지방 선거 상황,-,2016~2023,1,미부착,제4유형,무,-,1995년 지방 선거 상황,-,영상,영상,-,정치,한국어,-,2016~2023,-,국회도서관,-,-,-,제4유형,저작물,보호저작물,○,상업적이용금지,○,○,○,○,○,○,X,-,-,-,-
,1786,영상,기록,국회도서관,국회기록보존소,HOME > 기록정보 콘텐츠 > 구술기록,제15대∼제16대 국회시기 상임위 활동 당시 일화,-,2016~2023,1,미부착,제4유형,무,-,제15대∼제16대 국회시기 상임위 활동 당시 일화,-,영상,영상,-,정치,한국어,-,2016~2023,-,국회도서관,-,-,-,제4유형,저작물,보호저작물,○,상업적이용금지,○,○,○,○,○,○,X,-,-,-,-
,1787,영상,기록,국회도서관,국회기록보존소,HOME > 기록정보 콘텐츠 > 구술기록,최근 근황과 학창 시절,-,2016~2023,1,미부착,제4유형,무,-,최근 근황과 학창 시절,-,영상,영상,-,정치,한국어,-,2016~2023,-,국회도서관,-,-,-,제4유형,저작물,보호저작물,○,상업적이용금지,○,○,○,○,○,○,X,-,-,-,-
,1788,영상,기록,국회도서관,국회기록보존소,HOME > 기록정보 콘텐츠 > 구술기록,대학 시절,-,2016~2023,1,미부착,제4유형,무,-,대학 시절,-,영상,영상,-,정치,한국어,-,2016~2023,-,국회도서관,-,-,-,제4유형,저작물,보호저작물,○,상업적이용금지,○,○,○,○,○,○,X,-,-,-,-
,1789,영상,기록,국회도서관,국회기록보존소,HOME > 기록정보 콘텐츠 > 구술기록,교사 생활 이후 정치 입문,-,2016~2023,1,미부착,제4유형,무,-,교사 생활 이후 정치 입문,-,영상,영상,-,정치,한국어,-,2016~2023,-,국회도서관,-,-,-,제4유형,저작물,보호저작물,○,상업적이용금지,○,○,○,○,○,○,X,-,-,-,-
,1790,영상,기록,국회도서관,국회기록보존소,HOME > 기록정보 콘텐츠 > 구술기록,시작멘트,-,2016~2023,1,미부착,제4유형,무,-,시작멘트,-,영상,영상,-,정치,한국어,-,2016~2023,-,국회도서관,-,-,-,제4유형,저작물,보호저작물,○,상업적이용금지,○,○,○,○,○,○,X,-,-,-,-
,1791,영상,기록,국회도서관,국회기록보존소,HOME > 기록정보 콘텐츠 > 구술기록,제6대 국회의원 선거,-,2016~2023,1,미부착,제4유형,무,-,제6대 국회의원 선거,-,영상,영상,-,정치,한국어,-,2016~2023,-,국회도서관,-,-,-,제4유형,저작물,보호저작물,○,상업적이용금지,○,○,○,○,○,○,X,-,-,-,-
,1792,영상,기록,국회도서관,국회기록보존소,HOME > 기록정보 콘텐츠 > 구술기록,1960년대 국회의원 보좌진 상황,-,2016~2023,1,미부착,제4유형,무,-,1960년대 국회의원 보좌진 상황,-,영상,영상,-,정치,한국어,-,2016~2023,-,국회도서관,-,-,-,제4유형,저작물,보호저작물,○,상업적이용금지,○,○,○,○,○,○,X,-,-,-,-
,1793,영상,기록,국회도서관,국회기록보존소,HOME > 기록정보 콘텐츠 > 구술기록,DJ의 효창구장 3선개헌 반대 연설,-,2016~2023,1,미부착,제4유형,무,-,DJ의 효창구장 3선개헌 반대 연설,-,영상,영상,-,정치,한국어,-,2016~2023,-,국회도서관,-,-,-,제4유형,저작물,보호저작물,○,상업적이용금지,○,○,○,○,○,○,X,-,-,-,-
,1794,영상,기록,국회도서관,국회기록보존소,HOME > 기록정보 콘텐츠 > 구술기록,1971년 대통령 선거 회고,-,2016~2023,1,미부착,제4유형,무,-,1971년 대통령 선거 회고,-,영상,영상,-,정치,한국어,-,2016~2023,-,국회도서관,-,-,-,제4유형,저작물,보호저작물,○,상업적이용금지,○,○,○,○,○,○,X,-,-,-,-
,1795,영상,기록,국회도서관,국회기록보존소,HOME > 기록정보 콘텐츠 > 구술기록,경상북도 지부장 및 안동을 지구당 위원장 활동,-,2016~2023,1,미부착,제4유형,무,-,경상북도 지부장 및 안동을 지구당 위원장 활동,-,영상,영상,-,정치,한국어,-,2016~2023,-,국회도서관,-,-,-,제4유형,저작물,보호저작물,○,상업적이용금지,○,○,○,○,○,○,X,-,-,-,-
,1796,영상,기록,국회도서관,국회기록보존소,HOME > 기록정보 콘텐츠 > 구술기록,시작멘트,-,2016~2023,1,미부착,제4유형,무,-,시작멘트,-,영상,영상,-,정치,한국어,-,2016~2023,-,국회도서관,-,-,-,제4유형,저작물,보호저작물,○,상업적이용금지,○,○,○,○,○,○,X,-,-,-,-
,1797,영상,기록,국회도서관,국회기록보존소,HOME > 기록정보 콘텐츠 > 구술기록,이희호 여사에 대한 회고,-,2016~2023,1,미부착,제4유형,무,-,이희호 여사에 대한 회고,-,영상,영상,-,정치,한국어,-,2016~2023,-,국회도서관,-,-,-,제4유형,저작물,보호저작물,○,상업적이용금지,○,○,○,○,○,○,X,-,-,-,-
,1798,영상,기록,국회도서관,국회기록보존소,HOME > 기록정보 콘텐츠 > 구술기록,한보사건과 현대 비자금 사건,-,2016~2023,1,미부착,제4유형,무,-,한보사건과 현대 비자금 사건,-,영상,영상,-,정치,한국어,-,2016~2023,-,국회도서관,-,-,-,제4유형,저작물,보호저작물,○,상업적이용금지,○,○,○,○,○,○,X,-,-,-,-
,1799,영상,기록,국회도서관,국회기록보존소,HOME > 기록정보 콘텐츠 > 구술기록,민주화추진협의회 참여 및 활동,-,2016~2023,1,미부착,제4유형,무,-,민주화추진협의회 참여 및 활동,-,영상,영상,-,정치,한국어,-,2016~2023,-,국회도서관,-,-,-,제4유형,저작물,보호저작물,○,상업적이용금지,○,○,○,○,○,○,X,-,-,-,-
,1800,영상,기록,국회도서관,국회기록보존소,HOME > 기록정보 콘텐츠 > 구술기록,한반도 정세에 관계에 대한 견해 및 향후 계획,-,2016~2023,1,미부착,제4유형,무,-,한반도 정세에 관계에 대한 견해 및 향후 계획,-,영상,영상,-,정치,한국어,-,2016~2023,-,국회도서관,-,-,-,제4유형,저작물,보호저작물,○,상업적이용금지,○,○,○,○,○,○,X,-,-,-,-
,1801,영상,기록,국회도서관,국회기록보존소,HOME > 기록정보 콘텐츠 > 구술기록,‘10월 유신’ 선포 당시 상황,-,2016~2023,1,미부착,제4유형,무,-,‘10월 유신’ 선포 당시 상황,-,영상,영상,-,정치,한국어,-,2016~2023,-,국회도서관,-,-,-,제4유형,저작물,보호저작물,○,상업적이용금지,○,○,○,○,○,○,X,-,-,-,-
,1802,영상,기록,국회도서관,국회기록보존소,HOME > 기록정보 콘텐츠 > 구술기록,김대중 대통령 당선 이후 활동,-,2016~2023,1,미부착,제4유형,무,-,김대중 대통령 당선 이후 활동,-,영상,영상,-,정치,한국어,-,2016~2023,-,국회도서관,-,-,-,제4유형,저작물,보호저작물,○,상업적이용금지,○,○,○,○,○,○,X,-,-,-,-
,1803,영상,기록,국회도서관,국회기록보존소,HOME > 기록정보 콘텐츠 > 구술기록,시작멘트,-,2016~2023,1,미부착,제4유형,무,-,시작멘트,-,영상,영상,-,정치,한국어,-,2016~2023,-,국회도서관,-,-,-,제4유형,저작물,보호저작물,○,상업적이용금지,○,○,○,○,○,○,X,-,-,-,-
,1804,영상,기록,국회도서관,국회기록보존소,HOME > 기록정보 콘텐츠 > 구술기록,제15대 국회의원 당선,-,2016~2023,1,미부착,제4유형,무,-,제15대 국회의원 당선,-,영상,영상,-,정치,한국어,-,2016~2023,-,국회도서관,-,-,-,제4유형,저작물,보호저작물,○,상업적이용금지,○,○,○,○,○,○,X,-,-,-,-
,1805,영상,기록,국회도서관,국회기록보존소,HOME > 기록정보 콘텐츠 > 구술기록,시작멘트,-,2016~2023,1,미부착,제4유형,무,-,시작멘트,-,영상,영상,-,정치,한국어,-,2016~2023,-,국회도서관,-,-,-,제4유형,저작물,보호저작물,○,상업적이용금지,○,○,○,○,○,○,X,-,-,-,-
,1806,영상,기록,국회도서관,국회기록보존소,HOME > 기록정보 콘텐츠 > 구술기록,제12대 대통령 선거 및 제13대 국회의원 선거와 지역주의,-,2016~2023,1,미부착,제4유형,무,-,제12대 대통령 선거 및 제13대 국회의원 선거와 지역주의,-,영상,영상,-,정치,한국어,-,2016~2023,-,국회도서관,-,-,-,제4유형,저작물,보호저작물,○,상업적이용금지,○,○,○,○,○,○,X,-,-,-,-
,1807,영상,기록,국회도서관,국회기록보존소,HOME > 기록정보 콘텐츠 > 구술기록,제13대 국회의원 선거 출마배경과 당선,-,2016~2023,1,미부착,제4유형,무,-,제13대 국회의원 선거 출마배경과 당선,-,영상,영상,-,정치,한국어,-,2016~2023,-,국회도서관,-,-,-,제4유형,저작물,보호저작물,○,상업적이용금지,○,○,○,○,○,○,X,-,-,-,-
,1808,영상,기록,국회도서관,국회기록보존소,HOME > 기록정보 콘텐츠 > 구술기록,제13대 국회 의정활동,-,2016~2023,1,미부착,제4유형,무,-,제13대 국회 의정활동,-,영상,영상,-,정치,한국어,-,2016~2023,-,국회도서관,-,-,-,제4유형,저작물,보호저작물,○,상업적이용금지,○,○,○,○,○,○,X,-,-,-,-
,1809,영상,기록,국회도서관,국회기록보존소,HOME > 기록정보 콘텐츠 > 구술기록,남북한관계 개선에 대한 일관된 관심과 노력,-,2016~2023,1,미부착,제4유형,무,-,남북한관계 개선에 대한 일관된 관심과 노력,-,영상,영상,-,정치,한국어,-,2016~2023,-,국회도서관,-,-,-,제4유형,저작물,보호저작물,○,상업적이용금지,○,○,○,○,○,○,X,-,-,-,-
,1810,영상,기록,국회도서관,국회기록보존소,HOME > 기록정보 콘텐츠 > 구술기록,3당 통합 이후에도 계속된 공작정치,-,2016~2023,1,미부착,제4유형,무,-,3당 통합 이후에도 계속된 공작정치,-,영상,영상,-,정치,한국어,-,2016~2023,-,국회도서관,-,-,-,제4유형,저작물,보호저작물,○,상업적이용금지,○,○,○,○,○,○,X,-,-,-,-
,1811,영상,기록,국회도서관,국회기록보존소,HOME > 기록정보 콘텐츠 > 구술기록,민주화추진협의회와 제12대 국회의원 선거,-,2016~2023,1,미부착,제4유형,무,-,민주화추진협의회와 제12대 국회의원 선거,-,영상,영상,-,정치,한국어,-,2016~2023,-,국회도서관,-,-,-,제4유형,저작물,보호저작물,○,상업적이용금지,○,○,○,○,○,○,X,-,-,-,-
,1812,영상,기록,국회도서관,국회기록보존소,HOME > 기록정보 콘텐츠 > 구술기록,3당 통합의 과정과 결과,-,2016~2023,1,미부착,제4유형,무,-,3당 통합의 과정과 결과,-,영상,영상,-,정치,한국어,-,2016~2023,-,국회도서관,-,-,-,제4유형,저작물,보호저작물,○,상업적이용금지,○,○,○,○,○,○,X,-,-,-,-
,1813,영상,기록,국회도서관,국회기록보존소,HOME > 기록정보 콘텐츠 > 구술기록,노태우 총재 비서실장직 수행,-,2016~2023,1,미부착,제4유형,무,-,노태우 총재 비서실장직 수행,-,영상,영상,-,정치,한국어,-,2016~2023,-,국회도서관,-,-,-,제4유형,저작물,보호저작물,○,상업적이용금지,○,○,○,○,○,○,X,-,-,-,-
,1814,영상,기록,국회도서관,국회기록보존소,HOME > 기록정보 콘텐츠 > 구술기록,제14대 대통령 선거,-,2016~2023,1,미부착,제4유형,무,-,제14대 대통령 선거,-,영상,영상,-,정치,한국어,-,2016~2023,-,국회도서관,-,-,-,제4유형,저작물,보호저작물,○,상업적이용금지,○,○,○,○,○,○,X,-,-,-,-
,1815,영상,기록,국회도서관,국회기록보존소,HOME > 기록정보 콘텐츠 > 구술기록,1970년대 하반기 김영삼 의원과 구술자의 활동 사항,-,2016~2023,1,미부착,제4유형,무,-,1970년대 하반기 김영삼 의원과 구술자의 활동 사항,-,영상,영상,-,정치,한국어,-,2016~2023,-,국회도서관,-,-,-,제4유형,저작물,보호저작물,○,상업적이용금지,○,○,○,○,○,○,X,-,-,-,-
,1816,영상,기록,국회도서관,국회기록보존소,HOME > 기록정보 콘텐츠 > 구술기록,1980년대 상반기 활동과 민주산악회,-,2016~2023,1,미부착,제4유형,무,-,1980년대 상반기 활동과 민주산악회,-,영상,영상,-,정치,한국어,-,2016~2023,-,국회도서관,-,-,-,제4유형,저작물,보호저작물,○,상업적이용금지,○,○,○,○,○,○,X,-,-,-,-
,1817,영상,기록,국회도서관,국회기록보존소,HOME > 기록정보 콘텐츠 > 구술기록,김영삼 총재의 단식투쟁,-,2016~2023,1,미부착,제4유형,무,-,김영삼 총재의 단식투쟁,-,영상,영상,-,정치,한국어,-,2016~2023,-,국회도서관,-,-,-,제4유형,저작물,보호저작물,○,상업적이용금지,○,○,○,○,○,○,X,-,-,-,-
,1818,영상,기록,국회도서관,국회기록보존소,HOME > 기록정보 콘텐츠 > 구술기록,유신체제 수립과 그에 따른 활동의 변화,-,2016~2023,1,미부착,제4유형,무,-,유신체제 수립과 그에 따른 활동의 변화,-,영상,영상,-,정치,한국어,-,2016~2023,-,국회도서관,-,-,-,제4유형,저작물,보호저작물,○,상업적이용금지,○,○,○,○,○,○,X,-,-,-,-
,1819,영상,기록,국회도서관,국회기록보존소,HOME > 기록정보 콘텐츠 > 구술기록,시작멘트,-,2016~2023,1,미부착,제4유형,무,-,시작멘트,-,영상,영상,-,정치,한국어,-,2016~2023,-,국회도서관,-,-,-,제4유형,저작물,보호저작물,○,상업적이용금지,○,○,○,○,○,○,X,-,-,-,-
,1820,영상,기록,국회도서관,국회기록보존소,HOME > 기록정보 콘텐츠 > 구술기록,1980년대 상반기 활동과 민주산악회,-,2016~2023,1,미부착,제4유형,무,-,1980년대 상반기 활동과 민주산악회,-,영상,영상,-,정치,한국어,-,2016~2023,-,국회도서관,-,-,-,제4유형,저작물,보호저작물,○,상업적이용금지,○,○,○,○,○,○,X,-,-,-,-
,1821,영상,기록,국회도서관,국회기록보존소,HOME > 기록정보 콘텐츠 > 구술기록,제1정무 장관 재임명 배경,-,2016~2023,1,미부착,제4유형,무,-,제1정무 장관 재임명 배경,-,영상,영상,-,정치,한국어,-,2016~2023,-,국회도서관,-,-,-,제4유형,저작물,보호저작물,○,상업적이용금지,○,○,○,○,○,○,X,-,-,-,-
,1822,영상,기록,국회도서관,국회기록보존소,HOME > 기록정보 콘텐츠 > 구술기록,김영삼 의원의 당권 상황 변화와 구술자의 투옥,-,2016~2023,1,미부착,제4유형,무,-,김영삼 의원의 당권 상황 변화와 구술자의 투옥,-,영상,영상,-,정치,한국어,-,2016~2023,-,국회도서관,-,-,-,제4유형,저작물,보호저작물,○,상업적이용금지,○,○,○,○,○,○,X,-,-,-,-
,1823,영상,기록,국회도서관,국회기록보존소,HOME > 기록정보 콘텐츠 > 구술기록,시작멘트,-,2016~2023,1,미부착,제4유형,무,-,시작멘트,-,영상,영상,-,정치,한국어,-,2016~2023,-,국회도서관,-,-,-,제4유형,저작물,보호저작물,○,상업적이용금지,○,○,○,○,○,○,X,-,-,-,-
,1824,영상,기록,국회도서관,국회기록보존소,HOME > 기록정보 콘텐츠 > 구술기록,최근 동정,-,2016~2023,1,미부착,제4유형,무,-,최근 동정,-,영상,영상,-,정치,한국어,-,2016~2023,-,국회도서관,-,-,-,제4유형,저작물,보호저작물,○,상업적이용금지,○,○,○,○,○,○,X,-,-,-,-
,1825,영상,기록,국회도서관,국회기록보존소,HOME > 기록정보 콘텐츠 > 구술기록,성장배경,-,2016~2023,1,미부착,제4유형,무,-,성장배경,-,영상,영상,-,정치,한국어,-,2016~2023,-,국회도서관,-,-,-,제4유형,저작물,보호저작물,○,상업적이용금지,○,○,○,○,○,○,X,-,-,-,-
,1826,영상,기록,국회도서관,국회기록보존소,HOME > 기록정보 콘텐츠 > 구술기록,구술자가 중점을 둔 정치활동 소개,-,2016~2023,1,미부착,제4유형,무,-,구술자가 중점을 둔 정치활동 소개,-,영상,영상,-,정치,한국어,-,2016~2023,-,국회도서관,-,-,-,제4유형,저작물,보호저작물,○,상업적이용금지,○,○,○,○,○,○,X,-,-,-,-
,1827,영상,기록,국회도서관,국회기록보존소,HOME > 기록정보 콘텐츠 > 구술기록,북한 핵문제 해결과 남북한 경제관계 개선을 위한 활동,-,2016~2023,1,미부착,제4유형,무,-,북한 핵문제 해결과 남북한 경제관계 개선을 위한 활동,-,영상,영상,-,정치,한국어,-,2016~2023,-,국회도서관,-,-,-,제4유형,저작물,보호저작물,○,상업적이용금지,○,○,○,○,○,○,X,-,-,-,-
,1828,영상,기록,국회도서관,국회기록보존소,HOME > 기록정보 콘텐츠 > 구술기록,대북 ‘퍼주기론’의 문제점,-,2016~2023,1,미부착,제4유형,무,-,대북 ‘퍼주기론’의 문제점,-,영상,영상,-,정치,한국어,-,2016~2023,-,국회도서관,-,-,-,제4유형,저작물,보호저작물,○,상업적이용금지,○,○,○,○,○,○,X,-,-,-,-
,1829,영상,기록,국회도서관,국회기록보존소,HOME > 기록정보 콘텐츠 > 구술기록,제17대 국회의원 선거,-,2016~2023,1,미부착,제4유형,무,-,제17대 국회의원 선거,-,영상,영상,-,정치,한국어,-,2016~2023,-,국회도서관,-,-,-,제4유형,저작물,보호저작물,○,상업적이용금지,○,○,○,○,○,○,X,-,-,-,-
,1830,영상,기록,국회도서관,국회기록보존소,HOME > 기록정보 콘텐츠 > 구술기록,한나라당 원내대표 시기,-,2016~2023,1,미부착,제4유형,무,-,한나라당 원내대표 시기,-,영상,영상,-,정치,한국어,-,2016~2023,-,국회도서관,-,-,-,제4유형,저작물,보호저작물,○,상업적이용금지,○,○,○,○,○,○,X,-,-,-,-
,1831,영상,기록,국회도서관,국회기록보존소,HOME > 기록정보 콘텐츠 > 구술기록,"제17대, 제18대 대통령선거 한나라당 후보 결정",-,2016~2023,1,미부착,제4유형,무,-,"제17대, 제18대 대통령선거 한나라당 후보 결정",-,영상,영상,-,정치,한국어,-,2016~2023,-,국회도서관,-,-,-,제4유형,저작물,보호저작물,○,상업적이용금지,○,○,○,○,○,○,X,-,-,-,-
,1832,영상,기록,국회도서관,국회기록보존소,HOME > 기록정보 콘텐츠 > 구술기록,국민통합특별보좌관 시기,-,2016~2023,1,미부착,제4유형,무,-,국민통합특별보좌관 시기,-,영상,영상,-,정치,한국어,-,2016~2023,-,국회도서관,-,-,-,제4유형,저작물,보호저작물,○,상업적이용금지,○,○,○,○,○,○,X,-,-,-,-
,1833,영상,기록,국회도서관,국회기록보존소,HOME > 기록정보 콘텐츠 > 구술기록,민족화해협력국민협의회 의장직과 민주평화통일자문회의 수석부의장직 수행 ,-,2016~2023,1,미부착,제4유형,무,-,민족화해협력국민협의회 의장직과 민주평화통일자문회의 수석부의장직 수행 ,-,영상,영상,-,정치,한국어,-,2016~2023,-,국회도서관,-,-,-,제4유형,저작물,보호저작물,○,상업적이용금지,○,○,○,○,○,○,X,-,-,-,-
,1834,영상,기록,국회도서관,국회기록보존소,HOME > 기록정보 콘텐츠 > 구술기록,정치역정에 대한 자기 평가,-,2016~2023,1,미부착,제4유형,무,-,정치역정에 대한 자기 평가,-,영상,영상,-,정치,한국어,-,2016~2023,-,국회도서관,-,-,-,제4유형,저작물,보호저작물,○,상업적이용금지,○,○,○,○,○,○,X,-,-,-,-
,1835,영상,기록,국회도서관,국회기록보존소,HOME > 기록정보 콘텐츠 > 구술기록, 현 시기 정치인들에게 필요한 덕목,-,2016~2023,1,미부착,제4유형,무,-, 현 시기 정치인들에게 필요한 덕목,-,영상,영상,-,정치,한국어,-,2016~2023,-,국회도서관,-,-,-,제4유형,저작물,보호저작물,○,상업적이용금지,○,○,○,○,○,○,X,-,-,-,-
,1836,영상,기록,국회도서관,국회기록보존소,HOME > 기록정보 콘텐츠 > 구술기록,학생운동 및 정치입문 이전의 활동,-,2016~2023,1,미부착,제4유형,무,-,학생운동 및 정치입문 이전의 활동,-,영상,영상,-,정치,한국어,-,2016~2023,-,국회도서관,-,-,-,제4유형,저작물,보호저작물,○,상업적이용금지,○,○,○,○,○,○,X,-,-,-,-
,1837,영상,기록,국회도서관,국회기록보존소,HOME > 기록정보 콘텐츠 > 구술기록,정치입문과 제7대 대통령선거,-,2016~2023,1,미부착,제4유형,무,-,정치입문과 제7대 대통령선거,-,영상,영상,-,정치,한국어,-,2016~2023,-,국회도서관,-,-,-,제4유형,저작물,보호저작물,○,상업적이용금지,○,○,○,○,○,○,X,-,-,-,-
,1838,영상,기록,국회도서관,국회기록보존소,HOME > 기록정보 콘텐츠 > 구술기록,제15대 대통령선거와 관련된 일화들 ,-,2016~2023,1,미부착,제4유형,무,-,제15대 대통령선거와 관련된 일화들 ,-,영상,영상,-,정치,한국어,-,2016~2023,-,국회도서관,-,-,-,제4유형,저작물,보호저작물,○,상업적이용금지,○,○,○,○,○,○,X,-,-,-,-
,1839,영상,기록,국회도서관,국회기록보존소,HOME > 기록정보 콘텐츠 > 구술기록,제15대 국회 상임위원회 활동과 해외교민 권익에 대한 관심,-,2016~2023,1,미부착,제4유형,무,-,제15대 국회 상임위원회 활동과 해외교민 권익에 대한 관심,-,영상,영상,-,정치,한국어,-,2016~2023,-,국회도서관,-,-,-,제4유형,저작물,보호저작물,○,상업적이용금지,○,○,○,○,○,○,X,-,-,-,-
,1840,영상,기록,국회도서관,국회기록보존소,HOME > 기록정보 콘텐츠 > 구술기록,한나라당 개혁 작업의 추진,-,2016~2023,1,미부착,제4유형,무,-,한나라당 개혁 작업의 추진,-,영상,영상,-,정치,한국어,-,2016~2023,-,국회도서관,-,-,-,제4유형,저작물,보호저작물,○,상업적이용금지,○,○,○,○,○,○,X,-,-,-,-
,1841,영상,기록,국회도서관,국회기록보존소,HOME > 기록정보 콘텐츠 > 구술기록,제16대 국회의원 선거와 이후 주요 활동,-,2016~2023,1,미부착,제4유형,무,-,제16대 국회의원 선거와 이후 주요 활동,-,영상,영상,-,정치,한국어,-,2016~2023,-,국회도서관,-,-,-,제4유형,저작물,보호저작물,○,상업적이용금지,○,○,○,○,○,○,X,-,-,-,-
,1842,영상,기록,국회도서관,국회기록보존소,HOME > 기록정보 콘텐츠 > 구술기록,문민정부의 내각 인사와 개혁 조치,-,2016~2023,1,미부착,제4유형,무,-,문민정부의 내각 인사와 개혁 조치,-,영상,영상,-,정치,한국어,-,2016~2023,-,국회도서관,-,-,-,제4유형,저작물,보호저작물,○,상업적이용금지,○,○,○,○,○,○,X,-,-,-,-
,1843,영상,기록,국회도서관,국회기록보존소,HOME > 기록정보 콘텐츠 > 구술기록,1994년 정상회담(김영삼/김일성)의 무산,-,2016~2023,1,미부착,제4유형,무,-,1994년 정상회담(김영삼/김일성)의 무산,-,영상,영상,-,정치,한국어,-,2016~2023,-,국회도서관,-,-,-,제4유형,저작물,보호저작물,○,상업적이용금지,○,○,○,○,○,○,X,-,-,-,-
,1844,영상,기록,국회도서관,국회기록보존소,HOME > 기록정보 콘텐츠 > 구술기록,1995년 서울특별시장 선거와 관련된 일화,-,2016~2023,1,미부착,제4유형,무,-,1995년 서울특별시장 선거와 관련된 일화,-,영상,영상,-,정치,한국어,-,2016~2023,-,국회도서관,-,-,-,제4유형,저작물,보호저작물,○,상업적이용금지,○,○,○,○,○,○,X,-,-,-,-
,1845,영상,기록,국회도서관,국회기록보존소,HOME > 기록정보 콘텐츠 > 구술기록,지방자치선거 단계적 추진과 관련된 일화 ,-,2016~2023,1,미부착,제4유형,무,-,지방자치선거 단계적 추진과 관련된 일화 ,-,영상,영상,-,정치,한국어,-,2016~2023,-,국회도서관,-,-,-,제4유형,저작물,보호저작물,○,상업적이용금지,○,○,○,○,○,○,X,-,-,-,-
,1846,영상,기록,국회도서관,국회기록보존소,HOME > 기록정보 콘텐츠 > 구술기록,공무원연금개혁,-,2016~2023,1,미부착,제4유형,무,-,공무원연금개혁,-,영상,영상,-,정치,한국어,-,2016~2023,-,국회도서관,-,-,-,제4유형,저작물,보호저작물,○,상업적이용금지,○,○,○,○,○,○,X,-,-,-,-
,1847,영상,기록,국회도서관,국회기록보존소,HOME > 기록정보 콘텐츠 > 구술기록,새누리당 당대표 선출과정,-,2016~2023,1,미부착,제4유형,무,-,새누리당 당대표 선출과정,-,영상,영상,-,정치,한국어,-,2016~2023,-,국회도서관,-,-,-,제4유형,저작물,보호저작물,○,상업적이용금지,○,○,○,○,○,○,X,-,-,-,-
,1848,영상,기록,국회도서관,국회기록보존소,HOME > 기록정보 콘텐츠 > 구술기록,새누리당의 제20대 총선 공천관리위원회,-,2016~2023,1,미부착,제4유형,무,-,새누리당의 제20대 총선 공천관리위원회,-,영상,영상,-,정치,한국어,-,2016~2023,-,국회도서관,-,-,-,제4유형,저작물,보호저작물,○,상업적이용금지,○,○,○,○,○,○,X,-,-,-,-
,1849,영상,기록,국회도서관,국회기록보존소,HOME > 기록정보 콘텐츠 > 구술기록,박근혜 대통령 탄핵안 가결과 탈당,-,2016~2023,1,미부착,제4유형,무,-,박근혜 대통령 탄핵안 가결과 탈당,-,영상,영상,-,정치,한국어,-,2016~2023,-,국회도서관,-,-,-,제4유형,저작물,보호저작물,○,상업적이용금지,○,○,○,○,○,○,X,-,-,-,-
,1850,영상,기록,국회도서관,국회기록보존소,HOME > 기록정보 콘텐츠 > 구술기록,정당 운영 개혁 필요성,-,2016~2023,1,미부착,제4유형,무,-,정당 운영 개혁 필요성,-,영상,영상,-,정치,한국어,-,2016~2023,-,국회도서관,-,-,-,제4유형,저작물,보호저작물,○,상업적이용금지,○,○,○,○,○,○,X,-,-,-,-
,1851,영상,기록,국회도서관,국회기록보존소,HOME > 기록정보 콘텐츠 > 구술기록,총선 불출마 선언,-,2016~2023,1,미부착,제4유형,무,-,총선 불출마 선언,-,영상,영상,-,정치,한국어,-,2016~2023,-,국회도서관,-,-,-,제4유형,저작물,보호저작물,○,상업적이용금지,○,○,○,○,○,○,X,-,-,-,-
,1852,영상,기록,국회도서관,국회기록보존소,HOME > 기록정보 콘텐츠 > 구술기록,종합평가,-,2016~2023,1,미부착,제4유형,무,-,종합평가,-,영상,영상,-,정치,한국어,-,2016~2023,-,국회도서관,-,-,-,제4유형,저작물,보호저작물,○,상업적이용금지,○,○,○,○,○,○,X,-,-,-,-
,1853,영상,기록,국회도서관,국회기록보존소,HOME > 기록정보 콘텐츠 > 구술기록,남기고 싶은 말,-,2016~2023,1,미부착,제4유형,무,-,남기고 싶은 말,-,영상,영상,-,정치,한국어,-,2016~2023,-,국회도서관,-,-,-,제4유형,저작물,보호저작물,○,상업적이용금지,○,○,○,○,○,○,X,-,-,-,-
,1854,영상,기록,국회도서관,국회기록보존소,HOME > 기록정보 콘텐츠 > 구술기록,김무성 전 국회의원 구술채록,-,2016~2023,1,미부착,제4유형,무,-,김무성 전 국회의원 구술채록,-,영상,영상,-,정치,한국어,-,2016~2023,-,국회도서관,-,-,-,제4유형,저작물,보호저작물,○,상업적이용금지,○,○,○,○,○,○,X,-,-,-,-
,1855,영상,기록,국회도서관,국회기록보존소,HOME > 기록정보 콘텐츠 > 구술기록,시작멘트,-,2016~2023,1,미부착,제4유형,무,-,시작멘트,-,영상,영상,-,정치,한국어,-,2016~2023,-,국회도서관,-,-,-,제4유형,저작물,보호저작물,○,상업적이용금지,○,○,○,○,○,○,X,-,-,-,-
,1856,영상,기록,국회도서관,국회기록보존소,HOME > 기록정보 콘텐츠 > 구술기록,근황,-,2016~2023,1,미부착,제4유형,무,-,근황,-,영상,영상,-,정치,한국어,-,2016~2023,-,국회도서관,-,-,-,제4유형,저작물,보호저작물,○,상업적이용금지,○,○,○,○,○,○,X,-,-,-,-
,1857,영상,기록,국회도서관,국회기록보존소,HOME > 기록정보 콘텐츠 > 구술기록,선친회고,-,2016~2023,1,미부착,제4유형,무,-,선친회고,-,영상,영상,-,정치,한국어,-,2016~2023,-,국회도서관,-,-,-,제4유형,저작물,보호저작물,○,상업적이용금지,○,○,○,○,○,○,X,-,-,-,-
,1858,영상,기록,국회도서관,국회기록보존소,HOME > 기록정보 콘텐츠 > 구술기록,고교 시절 및 대학시절,-,2016~2023,1,미부착,제4유형,무,-,고교 시절 및 대학시절,-,영상,영상,-,정치,한국어,-,2016~2023,-,국회도서관,-,-,-,제4유형,저작물,보호저작물,○,상업적이용금지,○,○,○,○,○,○,X,-,-,-,-
,1859,영상,기록,국회도서관,국회기록보존소,HOME > 기록정보 콘텐츠 > 구술기록,재야 정치활동 시작과 민주화추진협의회,-,2016~2023,1,미부착,제4유형,무,-,재야 정치활동 시작과 민주화추진협의회,-,영상,영상,-,정치,한국어,-,2016~2023,-,국회도서관,-,-,-,제4유형,저작물,보호저작물,○,상업적이용금지,○,○,○,○,○,○,X,-,-,-,-
,1860,영상,기록,국회도서관,국회기록보존소,HOME > 기록정보 콘텐츠 > 구술기록,1970년대 후반의 정치활동,-,2016~2023,1,미부착,제4유형,무,-,1970년대 후반의 정치활동,-,영상,영상,-,정치,한국어,-,2016~2023,-,국회도서관,-,-,-,제4유형,저작물,보호저작물,○,상업적이용금지,○,○,○,○,○,○,X,-,-,-,-
,1861,영상,기록,국회도서관,국회기록보존소,HOME > 기록정보 콘텐츠 > 구술기록,민주화추진협의회 활동,-,2016~2023,1,미부착,제4유형,무,-,민주화추진협의회 활동,-,영상,영상,-,정치,한국어,-,2016~2023,-,국회도서관,-,-,-,제4유형,저작물,보호저작물,○,상업적이용금지,○,○,○,○,○,○,X,-,-,-,-
,1862,영상,기록,국회도서관,국회기록보존소,HOME > 기록정보 콘텐츠 > 구술기록,통일민주당 창당,-,2016~2023,1,미부착,제4유형,무,-,통일민주당 창당,-,영상,영상,-,정치,한국어,-,2016~2023,-,국회도서관,-,-,-,제4유형,저작물,보호저작물,○,상업적이용금지,○,○,○,○,○,○,X,-,-,-,-
,1863,영상,기록,국회도서관,국회기록보존소,HOME > 기록정보 콘텐츠 > 구술기록,양김분열과 1987년 대통령 선거,-,2016~2023,1,미부착,제4유형,무,-,양김분열과 1987년 대통령 선거,-,영상,영상,-,정치,한국어,-,2016~2023,-,국회도서관,-,-,-,제4유형,저작물,보호저작물,○,상업적이용금지,○,○,○,○,○,○,X,-,-,-,-
,1864,영상,기록,국회도서관,국회기록보존소,HOME > 기록정보 콘텐츠 > 구술기록,제13대 총선 출마,-,2016~2023,1,미부착,제4유형,무,-,제13대 총선 출마,-,영상,영상,-,정치,한국어,-,2016~2023,-,국회도서관,-,-,-,제4유형,저작물,보호저작물,○,상업적이용금지,○,○,○,○,○,○,X,-,-,-,-
,1865,영상,기록,국회도서관,국회기록보존소,HOME > 기록정보 콘텐츠 > 구술기록,통일민주당 중앙당 사무처,-,2016~2023,1,미부착,제4유형,무,-,통일민주당 중앙당 사무처,-,영상,영상,-,정치,한국어,-,2016~2023,-,국회도서관,-,-,-,제4유형,저작물,보호저작물,○,상업적이용금지,○,○,○,○,○,○,X,-,-,-,-
,1866,영상,기록,국회도서관,국회기록보존소,HOME > 기록정보 콘텐츠 > 구술기록,3당 합당,-,2016~2023,1,미부착,제4유형,무,-,3당 합당,-,영상,영상,-,정치,한국어,-,2016~2023,-,국회도서관,-,-,-,제4유형,저작물,보호저작물,○,상업적이용금지,○,○,○,○,○,○,X,-,-,-,-
,1867,영상,기록,국회도서관,국회기록보존소,HOME > 기록정보 콘텐츠 > 구술기록,김영삼 정부 청와대비서관 시기,-,2016~2023,1,미부착,제4유형,무,-,김영삼 정부 청와대비서관 시기,-,영상,영상,-,정치,한국어,-,2016~2023,-,국회도서관,-,-,-,제4유형,저작물,보호저작물,○,상업적이용금지,○,○,○,○,○,○,X,-,-,-,-
,1868,영상,기록,국회도서관,국회기록보존소,HOME > 기록정보 콘텐츠 > 구술기록,내무부 차관 시기,-,2016~2023,1,미부착,제4유형,무,-,내무부 차관 시기,-,영상,영상,-,정치,한국어,-,2016~2023,-,국회도서관,-,-,-,제4유형,저작물,보호저작물,○,상업적이용금지,○,○,○,○,○,○,X,-,-,-,-
,1869,영상,기록,국회도서관,국회기록보존소,HOME > 기록정보 콘텐츠 > 구술기록,제15대 국회의원 당선,-,2016~2023,1,미부착,제4유형,무,-,제15대 국회의원 당선,-,영상,영상,-,정치,한국어,-,2016~2023,-,국회도서관,-,-,-,제4유형,저작물,보호저작물,○,상업적이용금지,○,○,○,○,○,○,X,-,-,-,-
,1870,영상,기록,국회도서관,국회기록보존소,HOME > 기록정보 콘텐츠 > 구술기록,한나라당 이회창 대표체제,-,2016~2023,1,미부착,제4유형,무,-,한나라당 이회창 대표체제,-,영상,영상,-,정치,한국어,-,2016~2023,-,국회도서관,-,-,-,제4유형,저작물,보호저작물,○,상업적이용금지,○,○,○,○,○,○,X,-,-,-,-
,1871,영상,기록,국회도서관,국회기록보존소,HOME > 기록정보 콘텐츠 > 구술기록,권력체제 개편에 대한 견해,-,2016~2023,1,미부착,제4유형,무,-,권력체제 개편에 대한 견해,-,영상,영상,-,정치,한국어,-,2016~2023,-,국회도서관,-,-,-,제4유형,저작물,보호저작물,○,상업적이용금지,○,○,○,○,○,○,X,-,-,-,-
,1872,영상,기록,국회도서관,국회기록보존소,HOME > 기록정보 콘텐츠 > 구술기록,2004년 한나라당 사무총장 시기,-,2016~2023,1,미부착,제4유형,무,-,2004년 한나라당 사무총장 시기,-,영상,영상,-,정치,한국어,-,2016~2023,-,국회도서관,-,-,-,제4유형,저작물,보호저작물,○,상업적이용금지,○,○,○,○,○,○,X,-,-,-,-
,1873,영상,기록,국회도서관,국회기록보존소,HOME > 기록정보 콘텐츠 > 구술기록,시작 멘트,-,2016~2023,1,미부착,제4유형,무,-,시작 멘트,-,영상,영상,-,정치,한국어,-,2016~2023,-,국회도서관,-,-,-,제4유형,저작물,보호저작물,○,상업적이용금지,○,○,○,○,○,○,X,-,-,-,-
,1874,영상,기록,국회도서관,국회기록보존소,HOME > 기록정보 콘텐츠 > 구술기록,노무현 대통령 탄핵안 가결,-,2016~2023,1,미부착,제4유형,무,-,노무현 대통령 탄핵안 가결,-,영상,영상,-,정치,한국어,-,2016~2023,-,국회도서관,-,-,-,제4유형,저작물,보호저작물,○,상업적이용금지,○,○,○,○,○,○,X,-,-,-,-
,1875,영상,기록,국회도서관,국회기록보존소,HOME > 기록정보 콘텐츠 > 구술기록,헌법재판소 위상과 대연정 제안 문제,-,2016~2023,1,미부착,제4유형,무,-,헌법재판소 위상과 대연정 제안 문제,-,영상,영상,-,정치,한국어,-,2016~2023,-,국회도서관,-,-,-,제4유형,저작물,보호저작물,○,상업적이용금지,○,○,○,○,○,○,X,-,-,-,-
,1876,영상,기록,국회도서관,국회기록보존소,HOME > 기록정보 콘텐츠 > 구술기록,한나라당 사무총장 시기,-,2016~2023,1,미부착,제4유형,무,-,한나라당 사무총장 시기,-,영상,영상,-,정치,한국어,-,2016~2023,-,국회도서관,-,-,-,제4유형,저작물,보호저작물,○,상업적이용금지,○,○,○,○,○,○,X,-,-,-,-
,1877,영상,기록,국회도서관,국회기록보존소,HOME > 기록정보 콘텐츠 > 구술기록,2007년 대선후보 경선과 친박계의 형성,-,2016~2023,1,미부착,제4유형,무,-,2007년 대선후보 경선과 친박계의 형성,-,영상,영상,-,정치,한국어,-,2016~2023,-,국회도서관,-,-,-,제4유형,저작물,보호저작물,○,상업적이용금지,○,○,○,○,○,○,X,-,-,-,-
,1878,영상,기록,국회도서관,국회기록보존소,HOME > 기록정보 콘텐츠 > 구술기록,한미동맹에 대한 견해,-,2016~2023,1,미부착,제4유형,무,-,한미동맹에 대한 견해,-,영상,영상,-,정치,한국어,-,2016~2023,-,국회도서관,-,-,-,제4유형,저작물,보호저작물,○,상업적이용금지,○,○,○,○,○,○,X,-,-,-,-
,1879,영상,기록,국회도서관,국회기록보존소,HOME > 기록정보 콘텐츠 > 구술기록,2007년 대선후보 경선과 18대 총선 공천 탈락,-,2016~2023,1,미부착,제4유형,무,-,2007년 대선후보 경선과 18대 총선 공천 탈락,-,영상,영상,-,정치,한국어,-,2016~2023,-,국회도서관,-,-,-,제4유형,저작물,보호저작물,○,상업적이용금지,○,○,○,○,○,○,X,-,-,-,-
,1880,영상,기록,국회도서관,국회기록보존소,HOME > 기록정보 콘텐츠 > 구술기록,국회의 심의와 감사기능 문제,-,2016~2023,1,미부착,제4유형,무,-,국회의 심의와 감사기능 문제,-,영상,영상,-,정치,한국어,-,2016~2023,-,국회도서관,-,-,-,제4유형,저작물,보호저작물,○,상업적이용금지,○,○,○,○,○,○,X,-,-,-,-
,1881,영상,기록,국회도서관,국회기록보존소,HOME > 기록정보 콘텐츠 > 구술기록,이명박 정부 초기의 정치적 입장,-,2016~2023,1,미부착,제4유형,무,-,이명박 정부 초기의 정치적 입장,-,영상,영상,-,정치,한국어,-,2016~2023,-,국회도서관,-,-,-,제4유형,저작물,보호저작물,○,상업적이용금지,○,○,○,○,○,○,X,-,-,-,-
,1882,영상,기록,국회도서관,국회기록보존소,HOME > 기록정보 콘텐츠 > 구술기록,원내대표직 수행 방식,-,2016~2023,1,미부착,제4유형,무,-,원내대표직 수행 방식,-,영상,영상,-,정치,한국어,-,2016~2023,-,국회도서관,-,-,-,제4유형,저작물,보호저작물,○,상업적이용금지,○,○,○,○,○,○,X,-,-,-,-
,1883,영상,기록,국회도서관,국회기록보존소,HOME > 기록정보 콘텐츠 > 구술기록,행정부의 입법 의뢰문제,-,2016~2023,1,미부착,제4유형,무,-,행정부의 입법 의뢰문제,-,영상,영상,-,정치,한국어,-,2016~2023,-,국회도서관,-,-,-,제4유형,저작물,보호저작물,○,상업적이용금지,○,○,○,○,○,○,X,-,-,-,-
,1884,영상,기록,국회도서관,국회기록보존소,HOME > 기록정보 콘텐츠 > 구술기록,신공항 건설 문제,-,2016~2023,1,미부착,제4유형,무,-,신공항 건설 문제,-,영상,영상,-,정치,한국어,-,2016~2023,-,국회도서관,-,-,-,제4유형,저작물,보호저작물,○,상업적이용금지,○,○,○,○,○,○,X,-,-,-,-
,1885,영상,기록,국회도서관,국회기록보존소,HOME > 기록정보 콘텐츠 > 구술기록,2012년 대선 선대위 활동,-,2016~2023,1,미부착,제4유형,무,-,2012년 대선 선대위 활동,-,영상,영상,-,정치,한국어,-,2016~2023,-,국회도서관,-,-,-,제4유형,저작물,보호저작물,○,상업적이용금지,○,○,○,○,○,○,X,-,-,-,-
,1886,영상,기록,국회도서관,국회기록보존소,HOME > 기록정보 콘텐츠 > 구술기록,중국특사방문,-,2016~2023,1,미부착,제4유형,무,-,중국특사방문,-,영상,영상,-,정치,한국어,-,2016~2023,-,국회도서관,-,-,-,제4유형,저작물,보호저작물,○,상업적이용금지,○,○,○,○,○,○,X,-,-,-,-
,1887,영상,기록,국회도서관,국회기록보존소,HOME > 기록정보 콘텐츠 > 구술기록,2013년 재보궐 당선 직후의 활동,-,2016~2023,1,미부착,제4유형,무,-,2013년 재보궐 당선 직후의 활동,-,영상,영상,-,정치,한국어,-,2016~2023,-,국회도서관,-,-,-,제4유형,저작물,보호저작물,○,상업적이용금지,○,○,○,○,○,○,X,-,-,-,-
,1888,영상,기록,국회도서관,국회기록보존소,HOME > 기록정보 콘텐츠 > 구술기록,세월호 참사 직후의 상황,-,2016~2023,1,미부착,제4유형,무,-,세월호 참사 직후의 상황,-,영상,영상,-,정치,한국어,-,2016~2023,-,국회도서관,-,-,-,제4유형,저작물,보호저작물,○,상업적이용금지,○,○,○,○,○,○,X,-,-,-,-
,1889,영상,기록,국회도서관,국회기록보존소,HOME > 기록정보 콘텐츠 > 구술기록,시작 멘트,-,2016~2023,1,미부착,제4유형,무,-,시작 멘트,-,영상,영상,-,정치,한국어,-,2016~2023,-,국회도서관,-,-,-,제4유형,저작물,보호저작물,○,상업적이용금지,○,○,○,○,○,○,X,-,-,-,-
,1890,영상,기록,국회도서관,국회기록보존소,HOME > 기록정보 콘텐츠 > 구술기록,유승민 사태,-,2016~2023,1,미부착,제4유형,무,-,유승민 사태,-,영상,영상,-,정치,한국어,-,2016~2023,-,국회도서관,-,-,-,제4유형,저작물,보호저작물,○,상업적이용금지,○,○,○,○,○,○,X,-,-,-,-
,1891,영상,기록,국회도서관,국회기록보존소,HOME > 기록정보 콘텐츠 > 구술기록,근황 및 성장과정,-,2016~2023,1,미부착,제4유형,무,-,근황 및 성장과정,-,영상,영상,-,정치,한국어,-,2016~2023,-,국회도서관,-,-,-,제4유형,저작물,보호저작물,○,상업적이용금지,○,○,○,○,○,○,X,-,-,-,-
,1892,영상,기록,국회도서관,국회기록보존소,HOME > 기록정보 콘텐츠 > 구술기록,시작멘트,-,2016~2023,1,미부착,제4유형,무,-,시작멘트,-,영상,영상,-,정치,한국어,-,2016~2023,-,국회도서관,-,-,-,제4유형,저작물,보호저작물,○,상업적이용금지,○,○,○,○,○,○,X,-,-,-,-
,1893,영상,기록,국회도서관,국회기록보존소,HOME > 기록정보 콘텐츠 > 구술기록,1979∼1980년의 정치상황과 활동,-,2016~2023,1,미부착,제4유형,무,-,1979∼1980년의 정치상황과 활동,-,영상,영상,-,정치,한국어,-,2016~2023,-,국회도서관,-,-,-,제4유형,저작물,보호저작물,○,상업적이용금지,○,○,○,○,○,○,X,-,-,-,-
,1894,영상,기록,국회도서관,국회기록보존소,HOME > 기록정보 콘텐츠 > 구술기록,제12대 총선 시기 행보,-,2016~2023,1,미부착,제4유형,무,-,제12대 총선 시기 행보,-,영상,영상,-,정치,한국어,-,2016~2023,-,국회도서관,-,-,-,제4유형,저작물,보호저작물,○,상업적이용금지,○,○,○,○,○,○,X,-,-,-,-
,1895,영상,기록,국회도서관,국회기록보존소,HOME > 기록정보 콘텐츠 > 구술기록,제12대 국회 원내 활동,-,2016~2023,1,미부착,제4유형,무,-,제12대 국회 원내 활동,-,영상,영상,-,정치,한국어,-,2016~2023,-,국회도서관,-,-,-,제4유형,저작물,보호저작물,○,상업적이용금지,○,○,○,○,○,○,X,-,-,-,-
,1896,영상,기록,국회도서관,국회기록보존소,HOME > 기록정보 콘텐츠 > 구술기록,1987년 대통령선거 시기와 1988년 총선 시기 활동,-,2016~2023,1,미부착,제4유형,무,-,1987년 대통령선거 시기와 1988년 총선 시기 활동,-,영상,영상,-,정치,한국어,-,2016~2023,-,국회도서관,-,-,-,제4유형,저작물,보호저작물,○,상업적이용금지,○,○,○,○,○,○,X,-,-,-,-
,1897,영상,기록,국회도서관,국회기록보존소,HOME > 기록정보 콘텐츠 > 구술기록,제13대 국회 의정활동,-,2016~2023,1,미부착,제4유형,무,-,제13대 국회 의정활동,-,영상,영상,-,정치,한국어,-,2016~2023,-,국회도서관,-,-,-,제4유형,저작물,보호저작물,○,상업적이용금지,○,○,○,○,○,○,X,-,-,-,-
,1898,영상,기록,국회도서관,국회기록보존소,HOME > 기록정보 콘텐츠 > 구술기록,제13대 국회상황 및 활동,-,2016~2023,1,미부착,제4유형,무,-,제13대 국회상황 및 활동,-,영상,영상,-,정치,한국어,-,2016~2023,-,국회도서관,-,-,-,제4유형,저작물,보호저작물,○,상업적이용금지,○,○,○,○,○,○,X,-,-,-,-
,1899,영상,기록,국회도서관,국회기록보존소,HOME > 기록정보 콘텐츠 > 구술기록,시작멘트,-,2016~2023,1,미부착,제4유형,무,-,시작멘트,-,영상,영상,-,정치,한국어,-,2016~2023,-,국회도서관,-,-,-,제4유형,저작물,보호저작물,○,상업적이용금지,○,○,○,○,○,○,X,-,-,-,-
,1900,영상,기록,국회도서관,국회기록보존소,HOME > 기록정보 콘텐츠 > 구술기록,1988년 남북한 국회회담,-,2016~2023,1,미부착,제4유형,무,-,1988년 남북한 국회회담,-,영상,영상,-,정치,한국어,-,2016~2023,-,국회도서관,-,-,-,제4유형,저작물,보호저작물,○,상업적이용금지,○,○,○,○,○,○,X,-,-,-,-
,1901,영상,기록,국회도서관,국회기록보존소,HOME > 기록정보 콘텐츠 > 구술기록,유엔 총회에 참석한 일화,-,2016~2023,1,미부착,제4유형,무,-,유엔 총회에 참석한 일화,-,영상,영상,-,정치,한국어,-,2016~2023,-,국회도서관,-,-,-,제4유형,저작물,보호저작물,○,상업적이용금지,○,○,○,○,○,○,X,-,-,-,-
,1902,영상,기록,국회도서관,국회기록보존소,HOME > 기록정보 콘텐츠 > 구술기록,제14대 대통령선거와 이후 당내 활동,-,2016~2023,1,미부착,제4유형,무,-,제14대 대통령선거와 이후 당내 활동,-,영상,영상,-,정치,한국어,-,2016~2023,-,국회도서관,-,-,-,제4유형,저작물,보호저작물,○,상업적이용금지,○,○,○,○,○,○,X,-,-,-,-
,1903,영상,기록,국회도서관,국회기록보존소,HOME > 기록정보 콘텐츠 > 구술기록,제14대 총선 시기 상황과 활동,-,2016~2023,1,미부착,제4유형,무,-,제14대 총선 시기 상황과 활동,-,영상,영상,-,정치,한국어,-,2016~2023,-,국회도서관,-,-,-,제4유형,저작물,보호저작물,○,상업적이용금지,○,○,○,○,○,○,X,-,-,-,-
,1904,영상,기록,국회도서관,국회기록보존소,HOME > 기록정보 콘텐츠 > 구술기록,제14대 국회 시기 의정활동,-,2016~2023,1,미부착,제4유형,무,-,제14대 국회 시기 의정활동,-,영상,영상,-,정치,한국어,-,2016~2023,-,국회도서관,-,-,-,제4유형,저작물,보호저작물,○,상업적이용금지,○,○,○,○,○,○,X,-,-,-,-
,1905,영상,기록,국회도서관,국회기록보존소,HOME > 기록정보 콘텐츠 > 구술기록,김대중 전 총재 정계복귀와 제15대 대통령선거,-,2016~2023,1,미부착,제4유형,무,-,김대중 전 총재 정계복귀와 제15대 대통령선거,-,영상,영상,-,정치,한국어,-,2016~2023,-,국회도서관,-,-,-,제4유형,저작물,보호저작물,○,상업적이용금지,○,○,○,○,○,○,X,-,-,-,-
,1906,영상,기록,국회도서관,국회기록보존소,HOME > 기록정보 콘텐츠 > 구술기록,한일어업협정 체결 과정,-,2016~2023,1,미부착,제4유형,무,-,한일어업협정 체결 과정,-,영상,영상,-,정치,한국어,-,2016~2023,-,국회도서관,-,-,-,제4유형,저작물,보호저작물,○,상업적이용금지,○,○,○,○,○,○,X,-,-,-,-
,1907,영상,기록,국회도서관,국회기록보존소,HOME > 기록정보 콘텐츠 > 구술기록,국민의 정부 시기 의정활동,-,2016~2023,1,미부착,제4유형,무,-,국민의 정부 시기 의정활동,-,영상,영상,-,정치,한국어,-,2016~2023,-,국회도서관,-,-,-,제4유형,저작물,보호저작물,○,상업적이용금지,○,○,○,○,○,○,X,-,-,-,-
,1908,영상,기록,국회도서관,국회기록보존소,HOME > 기록정보 콘텐츠 > 구술기록,국회부의장 재임 시기 활동,-,2016~2023,1,미부착,제4유형,무,-,국회부의장 재임 시기 활동,-,영상,영상,-,정치,한국어,-,2016~2023,-,국회도서관,-,-,-,제4유형,저작물,보호저작물,○,상업적이용금지,○,○,○,○,○,○,X,-,-,-,-
,1909,영상,기록,국회도서관,국회기록보존소,HOME > 기록정보 콘텐츠 > 구술기록,제16대 총선 공천 상황,-,2016~2023,1,미부착,제4유형,무,-,제16대 총선 공천 상황,-,영상,영상,-,정치,한국어,-,2016~2023,-,국회도서관,-,-,-,제4유형,저작물,보호저작물,○,상업적이용금지,○,○,○,○,○,○,X,-,-,-,-
,1910,영상,기록,국회도서관,국회기록보존소,HOME > 기록정보 콘텐츠 > 구술기록,제16대 총선에서 낙선 후 원외활동,-,2016~2023,1,미부착,제4유형,무,-,제16대 총선에서 낙선 후 원외활동,-,영상,영상,-,정치,한국어,-,2016~2023,-,국회도서관,-,-,-,제4유형,저작물,보호저작물,○,상업적이용금지,○,○,○,○,○,○,X,-,-,-,-
,1911,영상,기록,국회도서관,국회기록보존소,HOME > 기록정보 콘텐츠 > 구술기록,현 정치상황에 대한 평가와 정치발전을 위한 조언,-,2016~2023,1,미부착,제4유형,무,-,현 정치상황에 대한 평가와 정치발전을 위한 조언,-,영상,영상,-,정치,한국어,-,2016~2023,-,국회도서관,-,-,-,제4유형,저작물,보호저작물,○,상업적이용금지,○,○,○,○,○,○,X,-,-,-,-
,1912,영상,기록,국회도서관,국회기록보존소,HOME > 기록정보 콘텐츠 > 구술기록,정계입문과 제10대 총선과정,-,2016~2023,1,미부착,제4유형,무,-,정계입문과 제10대 총선과정,-,영상,영상,-,정치,한국어,-,2016~2023,-,국회도서관,-,-,-,제4유형,저작물,보호저작물,○,상업적이용금지,○,○,○,○,○,○,X,-,-,-,-
,1913,영상,기록,국회도서관,국회기록보존소,HOME > 기록정보 콘텐츠 > 구술기록,7. 정치 입문 계기와 과정 ,-,2016~2023,1,미부착,제4유형,무,-,7. 정치 입문 계기와 과정 ,-,영상,영상,-,정치,한국어,-,2016~2023,-,국회도서관,-,-,-,제4유형,저작물,보호저작물,○,상업적이용금지,○,○,○,○,○,○,X,-,-,-,-
,1914,영상,기록,국회도서관,국회기록보존소,HOME > 기록정보 콘텐츠 > 구술기록,8. 정치 멘토 ,-,2016~2023,1,미부착,제4유형,무,-,8. 정치 멘토 ,-,영상,영상,-,정치,한국어,-,2016~2023,-,국회도서관,-,-,-,제4유형,저작물,보호저작물,○,상업적이용금지,○,○,○,○,○,○,X,-,-,-,-
,1915,영상,기록,국회도서관,국회기록보존소,HOME > 기록정보 콘텐츠 > 구술기록,9. 국회 활동,-,2016~2023,1,미부착,제4유형,무,-,9. 국회 활동,-,영상,영상,-,정치,한국어,-,2016~2023,-,국회도서관,-,-,-,제4유형,저작물,보호저작물,○,상업적이용금지,○,○,○,○,○,○,X,-,-,-,-
,1916,영상,기록,국회도서관,국회기록보존소,HOME > 기록정보 콘텐츠 > 구술기록,10. 의료 공공성 강화에 대한 정치철학 ,-,2016~2023,1,미부착,제4유형,무,-,10. 의료 공공성 강화에 대한 정치철학 ,-,영상,영상,-,정치,한국어,-,2016~2023,-,국회도서관,-,-,-,제4유형,저작물,보호저작물,○,상업적이용금지,○,○,○,○,○,○,X,-,-,-,-
,1917,영상,기록,국회도서관,국회기록보존소,HOME > 기록정보 콘텐츠 > 구술기록,11. 면담소개 및 의정활동의 지향점 ,-,2016~2023,1,미부착,제4유형,무,-,11. 면담소개 및 의정활동의 지향점 ,-,영상,영상,-,정치,한국어,-,2016~2023,-,국회도서관,-,-,-,제4유형,저작물,보호저작물,○,상업적이용금지,○,○,○,○,○,○,X,-,-,-,-
,1918,영상,기록,국회도서관,국회기록보존소,HOME > 기록정보 콘텐츠 > 구술기록,12. 5.18민주화운동 정신을 지키기 위한 활동과 향후 계획 ,-,2016~2023,1,미부착,제4유형,무,-,12. 5.18민주화운동 정신을 지키기 위한 활동과 향후 계획 ,-,영상,영상,-,정치,한국어,-,2016~2023,-,국회도서관,-,-,-,제4유형,저작물,보호저작물,○,상업적이용금지,○,○,○,○,○,○,X,-,-,-,-
,1919,영상,기록,국회도서관,국회기록보존소,HOME > 기록정보 콘텐츠 > 구술기록,13. 한국 정당정치에 대한 입장과 국회의 과제 ,-,2016~2023,1,미부착,제4유형,무,-,13. 한국 정당정치에 대한 입장과 국회의 과제 ,-,영상,영상,-,정치,한국어,-,2016~2023,-,국회도서관,-,-,-,제4유형,저작물,보호저작물,○,상업적이용금지,○,○,○,○,○,○,X,-,-,-,-
,1920,영상,기록,국회도서관,국회기록보존소,HOME > 기록정보 콘텐츠 > 구술기록,14. 한일관계 관련 대외정책에 대한 입장 ,-,2016~2023,1,미부착,제4유형,무,-,14. 한일관계 관련 대외정책에 대한 입장 ,-,영상,영상,-,정치,한국어,-,2016~2023,-,국회도서관,-,-,-,제4유형,저작물,보호저작물,○,상업적이용금지,○,○,○,○,○,○,X,-,-,-,-
,1921,영상,기록,국회도서관,국회기록보존소,HOME > 기록정보 콘텐츠 > 구술기록,15. 선진화된 성문화 정착을 위한 입장 ,-,2016~2023,1,미부착,제4유형,무,-,15. 선진화된 성문화 정착을 위한 입장 ,-,영상,영상,-,정치,한국어,-,2016~2023,-,국회도서관,-,-,-,제4유형,저작물,보호저작물,○,상업적이용금지,○,○,○,○,○,○,X,-,-,-,-
,1922,영상,기록,국회도서관,국회기록보존소,HOME > 기록정보 콘텐츠 > 구술기록,16. 국회 부의장 추대 과정 및 여성 정치참여 확대 활동 ,-,2016~2023,1,미부착,제4유형,무,-,16. 국회 부의장 추대 과정 및 여성 정치참여 확대 활동 ,-,영상,영상,-,정치,한국어,-,2016~2023,-,국회도서관,-,-,-,제4유형,저작물,보호저작물,○,상업적이용금지,○,○,○,○,○,○,X,-,-,-,-
,1923,영상,기록,국회도서관,국회기록보존소,HOME > 기록정보 콘텐츠 > 구술기록,17. 국회 부의장 시절 의정활동 ,-,2016~2023,1,미부착,제4유형,무,-,17. 국회 부의장 시절 의정활동 ,-,영상,영상,-,정치,한국어,-,2016~2023,-,국회도서관,-,-,-,제4유형,저작물,보호저작물,○,상업적이용금지,○,○,○,○,○,○,X,-,-,-,-
,1924,영상,기록,국회도서관,국회기록보존소,HOME > 기록정보 콘텐츠 > 구술기록,18. 지역구 국회의원 활동 및 성과 ,-,2016~2023,1,미부착,제4유형,무,-,18. 지역구 국회의원 활동 및 성과 ,-,영상,영상,-,정치,한국어,-,2016~2023,-,국회도서관,-,-,-,제4유형,저작물,보호저작물,○,상업적이용금지,○,○,○,○,○,○,X,-,-,-,-
,1925,영상,기록,국회도서관,국회기록보존소,HOME > 기록정보 콘텐츠 > 구술기록,21. 제20대 국회의원 활동 회고 ,-,2016~2023,1,미부착,제4유형,무,-,21. 제20대 국회의원 활동 회고 ,-,영상,영상,-,정치,한국어,-,2016~2023,-,국회도서관,-,-,-,제4유형,저작물,보호저작물,○,상업적이용금지,○,○,○,○,○,○,X,-,-,-,-
,1926,영상,기록,국회도서관,국회기록보존소,HOME > 기록정보 콘텐츠 > 구술기록,19.저출산고령사회위원회 활동 및 대책 ,-,2016~2023,1,미부착,제4유형,무,-,19.저출산고령사회위원회 활동 및 대책 ,-,영상,영상,-,정치,한국어,-,2016~2023,-,국회도서관,-,-,-,제4유형,저작물,보호저작물,○,상업적이용금지,○,○,○,○,○,○,X,-,-,-,-
,1927,영상,기록,국회도서관,국회기록보존소,HOME > 기록정보 콘텐츠 > 구술기록,"20. 제18대, 19대 국회의원 활동 회고 ",-,2016~2023,1,미부착,제4유형,무,-,"20. 제18대, 19대 국회의원 활동 회고 ",-,영상,영상,-,정치,한국어,-,2016~2023,-,국회도서관,-,-,-,제4유형,저작물,보호저작물,○,상업적이용금지,○,○,○,○,○,○,X,-,-,-,-
,1928,영상,기록,국회도서관,국회기록보존소,HOME > 기록정보 콘텐츠 > 구술기록,22. 제21대 국회의원 활동 및 정부정책에 대한 의견 ,-,2016~2023,1,미부착,제4유형,무,-,22. 제21대 국회의원 활동 및 정부정책에 대한 의견 ,-,영상,영상,-,정치,한국어,-,2016~2023,-,국회도서관,-,-,-,제4유형,저작물,보호저작물,○,상업적이용금지,○,○,○,○,○,○,X,-,-,-,-
,1929,영상,기록,국회도서관,국회기록보존소,HOME > 기록정보 콘텐츠 > 구술기록,"23. 정치활동 중 보람된 일과 아쉬운 점, 당부 말씀 ",-,2016~2023,1,미부착,제4유형,무,-,"23. 정치활동 중 보람된 일과 아쉬운 점, 당부 말씀 ",-,영상,영상,-,정치,한국어,-,2016~2023,-,국회도서관,-,-,-,제4유형,저작물,보호저작물,○,상업적이용금지,○,○,○,○,○,○,X,-,-,-,-
,1930,영상,기록,국회도서관,국회기록보존소,HOME > 기록정보 콘텐츠 > 구술기록,1. 면담소개 및 근황,-,2016~2023,1,미부착,제4유형,무,-,1. 면담소개 및 근황,-,영상,영상,-,정치,한국어,-,2016~2023,-,국회도서관,-,-,-,제4유형,저작물,보호저작물,○,상업적이용금지,○,○,○,○,○,○,X,-,-,-,-
,1931,영상,기록,국회도서관,국회기록보존소,HOME > 기록정보 콘텐츠 > 구술기록,2. 성장기,-,2016~2023,1,미부착,제4유형,무,-,2. 성장기,-,영상,영상,-,정치,한국어,-,2016~2023,-,국회도서관,-,-,-,제4유형,저작물,보호저작물,○,상업적이용금지,○,○,○,○,○,○,X,-,-,-,-
,1932,영상,기록,국회도서관,국회기록보존소,HOME > 기록정보 콘텐츠 > 구술기록,3. 대학시절,-,2016~2023,1,미부착,제4유형,무,-,3. 대학시절,-,영상,영상,-,정치,한국어,-,2016~2023,-,국회도서관,-,-,-,제4유형,저작물,보호저작물,○,상업적이용금지,○,○,○,○,○,○,X,-,-,-,-
,1933,영상,기록,국회도서관,국회기록보존소,HOME > 기록정보 콘텐츠 > 구술기록,4. 결혼과 가족,-,2016~2023,1,미부착,제4유형,무,-,4. 결혼과 가족,-,영상,영상,-,정치,한국어,-,2016~2023,-,국회도서관,-,-,-,제4유형,저작물,보호저작물,○,상업적이용금지,○,○,○,○,○,○,X,-,-,-,-
,1934,영상,기록,국회도서관,국회기록보존소,HOME > 기록정보 콘텐츠 > 구술기록,5. 시민운동가 활동 ,-,2016~2023,1,미부착,제4유형,무,-,5. 시민운동가 활동 ,-,영상,영상,-,정치,한국어,-,2016~2023,-,국회도서관,-,-,-,제4유형,저작물,보호저작물,○,상업적이용금지,○,○,○,○,○,○,X,-,-,-,-
,1935,영상,기록,국회도서관,국회기록보존소,HOME > 기록정보 콘텐츠 > 구술기록,6. 성평등 이슈에 대한 의견 ,-,2016~2023,1,미부착,제4유형,무,-,6. 성평등 이슈에 대한 의견 ,-,영상,영상,-,정치,한국어,-,2016~2023,-,국회도서관,-,-,-,제4유형,저작물,보호저작물,○,상업적이용금지,○,○,○,○,○,○,X,-,-,-,-
,1936,영상,기록,국회도서관,국회기록보존소,HOME > 기록정보 콘텐츠 > 구술기록,국회의장 재임 시 애로사항과 대통령과의 관계,-,2016~2023,1,미부착,제4유형,무,-,국회의장 재임 시 애로사항과 대통령과의 관계,-,영상,영상,-,정치,한국어,-,2016~2023,-,국회도서관,-,-,-,제4유형,저작물,보호저작물,○,상업적이용금지,○,○,○,○,○,○,X,-,-,-,-
,1937,영상,기록,국회도서관,국회기록보존소,HOME > 기록정보 콘텐츠 > 구술기록,시작멘트,-,2016~2023,1,미부착,제4유형,무,-,시작멘트,-,영상,영상,-,정치,한국어,-,2016~2023,-,국회도서관,-,-,-,제4유형,저작물,보호저작물,○,상업적이용금지,○,○,○,○,○,○,X,-,-,-,-
,1938,영상,기록,국회도서관,국회기록보존소,HOME > 기록정보 콘텐츠 > 구술기록,3.15부정선거와 공명선거전국추진위원회 활동,-,2016~2023,1,미부착,제4유형,무,-,3.15부정선거와 공명선거전국추진위원회 활동,-,영상,영상,-,정치,한국어,-,2016~2023,-,국회도서관,-,-,-,제4유형,저작물,보호저작물,○,상업적이용금지,○,○,○,○,○,○,X,-,-,-,-
,1939,영상,기록,국회도서관,국회기록보존소,HOME > 기록정보 콘텐츠 > 구술기록,민권수호국민총연맹 활동,-,2016~2023,1,미부착,제4유형,무,-,민권수호국민총연맹 활동,-,영상,영상,-,정치,한국어,-,2016~2023,-,국회도서관,-,-,-,제4유형,저작물,보호저작물,○,상업적이용금지,○,○,○,○,○,○,X,-,-,-,-
,1940,영상,기록,국회도서관,국회기록보존소,HOME > 기록정보 콘텐츠 > 구술기록,정계입문,-,2016~2023,1,미부착,제4유형,무,-,정계입문,-,영상,영상,-,정치,한국어,-,2016~2023,-,국회도서관,-,-,-,제4유형,저작물,보호저작물,○,상업적이용금지,○,○,○,○,○,○,X,-,-,-,-
,1941,영상,기록,국회도서관,국회기록보존소,HOME > 기록정보 콘텐츠 > 구술기록,퇴학 후 생활,-,2016~2023,1,미부착,제4유형,무,-,퇴학 후 생활,-,영상,영상,-,정치,한국어,-,2016~2023,-,국회도서관,-,-,-,제4유형,저작물,보호저작물,○,상업적이용금지,○,○,○,○,○,○,X,-,-,-,-
,1942,영상,기록,국회도서관,국회기록보존소,HOME > 기록정보 콘텐츠 > 구술기록,정치발전을 위한 당부,-,2016~2023,1,미부착,제4유형,무,-,정치발전을 위한 당부,-,영상,영상,-,정치,한국어,-,2016~2023,-,국회도서관,-,-,-,제4유형,저작물,보호저작물,○,상업적이용금지,○,○,○,○,○,○,X,-,-,-,-
,1943,영상,기록,국회도서관,국회기록보존소,HOME > 기록정보 콘텐츠 > 구술기록,국회의장 활동에 대한 평가,-,2016~2023,1,미부착,제4유형,무,-,국회의장 활동에 대한 평가,-,영상,영상,-,정치,한국어,-,2016~2023,-,국회도서관,-,-,-,제4유형,저작물,보호저작물,○,상업적이용금지,○,○,○,○,○,○,X,-,-,-,-
,1944,영상,기록,국회도서관,국회기록보존소,HOME > 기록정보 콘텐츠 > 구술기록,국민의 정부 출범과 국무총리 인준처리문제,-,2016~2023,1,미부착,제4유형,무,-,국민의 정부 출범과 국무총리 인준처리문제,-,영상,영상,-,정치,한국어,-,2016~2023,-,국회도서관,-,-,-,제4유형,저작물,보호저작물,○,상업적이용금지,○,○,○,○,○,○,X,-,-,-,-
,1945,영상,기록,국회도서관,국회기록보존소,HOME > 기록정보 콘텐츠 > 구술기록,제9대 국회 시 여당의 파행,-,2016~2023,1,미부착,제4유형,무,-,제9대 국회 시 여당의 파행,-,영상,영상,-,정치,한국어,-,2016~2023,-,국회도서관,-,-,-,제4유형,저작물,보호저작물,○,상업적이용금지,○,○,○,○,○,○,X,-,-,-,-
,1946,영상,기록,국회도서관,국회기록보존소,HOME > 기록정보 콘텐츠 > 구술기록,시작멘트,-,2016~2023,1,미부착,제4유형,무,-,시작멘트,-,영상,영상,-,정치,한국어,-,2016~2023,-,국회도서관,-,-,-,제4유형,저작물,보호저작물,○,상업적이용금지,○,○,○,○,○,○,X,-,-,-,-
,1947,영상,기록,국회도서관,국회기록보존소,HOME > 기록정보 콘텐츠 > 구술기록,제9대 국회활동과 유신선포,-,2016~2023,1,미부착,제4유형,무,-,제9대 국회활동과 유신선포,-,영상,영상,-,정치,한국어,-,2016~2023,-,국회도서관,-,-,-,제4유형,저작물,보호저작물,○,상업적이용금지,○,○,○,○,○,○,X,-,-,-,-
,1948,영상,기록,국회도서관,국회기록보존소,HOME > 기록정보 콘텐츠 > 구술기록,지역구 선거의 특징과 가족상황,-,2016~2023,1,미부착,제4유형,무,-,지역구 선거의 특징과 가족상황,-,영상,영상,-,정치,한국어,-,2016~2023,-,국회도서관,-,-,-,제4유형,저작물,보호저작물,○,상업적이용금지,○,○,○,○,○,○,X,-,-,-,-
,1949,영상,기록,국회도서관,국회기록보존소,HOME > 기록정보 콘텐츠 > 구술기록,남북갈등 시 국회의 양상 및 필리버스터에 대한 입장,-,2016~2023,1,미부착,제4유형,무,-,남북갈등 시 국회의 양상 및 필리버스터에 대한 입장,-,영상,영상,-,정치,한국어,-,2016~2023,-,국회도서관,-,-,-,제4유형,저작물,보호저작물,○,상업적이용금지,○,○,○,○,○,○,X,-,-,-,-
,1950,영상,기록,국회도서관,국회기록보존소,HOME > 기록정보 콘텐츠 > 구술기록,신민당 원내부총무시절 활동,-,2016~2023,1,미부착,제4유형,무,-,신민당 원내부총무시절 활동,-,영상,영상,-,정치,한국어,-,2016~2023,-,국회도서관,-,-,-,제4유형,저작물,보호저작물,○,상업적이용금지,○,○,○,○,○,○,X,-,-,-,-
,1951,영상,기록,국회도서관,국회기록보존소,HOME > 기록정보 콘텐츠 > 구술기록,국회운영과 역할,-,2016~2023,1,미부착,제4유형,무,-,국회운영과 역할,-,영상,영상,-,정치,한국어,-,2016~2023,-,국회도서관,-,-,-,제4유형,저작물,보호저작물,○,상업적이용금지,○,○,○,○,○,○,X,-,-,-,-
,1952,영상,기록,국회도서관,국회기록보존소,HOME > 기록정보 콘텐츠 > 구술기록,초선의원으로서의 활동,-,2016~2023,1,미부착,제4유형,무,-,초선의원으로서의 활동,-,영상,영상,-,정치,한국어,-,2016~2023,-,국회도서관,-,-,-,제4유형,저작물,보호저작물,○,상업적이용금지,○,○,○,○,○,○,X,-,-,-,-
,1953,영상,기록,국회도서관,국회기록보존소,HOME > 기록정보 콘텐츠 > 구술기록,정치입문과 오랜 대변인생활,-,2016~2023,1,미부착,제4유형,무,-,정치입문과 오랜 대변인생활,-,영상,영상,-,정치,한국어,-,2016~2023,-,국회도서관,-,-,-,제4유형,저작물,보호저작물,○,상업적이용금지,○,○,○,○,○,○,X,-,-,-,-
,1954,영상,기록,국회도서관,국회기록보존소,HOME > 기록정보 콘텐츠 > 구술기록,국회의장 재임 시 노동법처리 과정,-,2016~2023,1,미부착,제4유형,무,-,국회의장 재임 시 노동법처리 과정,-,영상,영상,-,정치,한국어,-,2016~2023,-,국회도서관,-,-,-,제4유형,저작물,보호저작물,○,상업적이용금지,○,○,○,○,○,○,X,-,-,-,-
,1955,영상,기록,국회도서관,국회기록보존소,HOME > 기록정보 콘텐츠 > 구술기록,올바른 국회의 모습과 개선사안,-,2016~2023,1,미부착,제4유형,무,-,올바른 국회의 모습과 개선사안,-,영상,영상,-,정치,한국어,-,2016~2023,-,국회도서관,-,-,-,제4유형,저작물,보호저작물,○,상업적이용금지,○,○,○,○,○,○,X,-,-,-,-
,1956,영상,기록,국회도서관,국회기록보존소,HOME > 기록정보 콘텐츠 > 구술기록,제15대 국회의원 당선과 국회의장 취임,-,2016~2023,1,미부착,제4유형,무,-,제15대 국회의원 당선과 국회의장 취임,-,영상,영상,-,정치,한국어,-,2016~2023,-,국회도서관,-,-,-,제4유형,저작물,보호저작물,○,상업적이용금지,○,○,○,○,○,○,X,-,-,-,-
,1957,영상,기록,국회도서관,국회기록보존소,HOME > 기록정보 콘텐츠 > 구술기록,"제13대, 14대 국회시기 원외활동과 3당합당",-,2016~2023,1,미부착,제4유형,무,-,"제13대, 14대 국회시기 원외활동과 3당합당",-,영상,영상,-,정치,한국어,-,2016~2023,-,국회도서관,-,-,-,제4유형,저작물,보호저작물,○,상업적이용금지,○,○,○,○,○,○,X,-,-,-,-
,1958,영상,기록,국회도서관,국회기록보존소,HOME > 기록정보 콘텐츠 > 구술기록,신한민주당 창당과 제12대 국회활동,-,2016~2023,1,미부착,제4유형,무,-,신한민주당 창당과 제12대 국회활동,-,영상,영상,-,정치,한국어,-,2016~2023,-,국회도서관,-,-,-,제4유형,저작물,보호저작물,○,상업적이용금지,○,○,○,○,○,○,X,-,-,-,-
,1959,영상,기록,국회도서관,국회기록보존소,HOME > 기록정보 콘텐츠 > 구술기록,1980년대 초반 정치규제시기,-,2016~2023,1,미부착,제4유형,무,-,1980년대 초반 정치규제시기,-,영상,영상,-,정치,한국어,-,2016~2023,-,국회도서관,-,-,-,제4유형,저작물,보호저작물,○,상업적이용금지,○,○,○,○,○,○,X,-,-,-,-
,1960,영상,기록,국회도서관,국회기록보존소,HOME > 기록정보 콘텐츠 > 구술기록,최근 근황,-,2016~2023,1,미부착,제4유형,무,-,최근 근황,-,영상,영상,-,정치,한국어,-,2016~2023,-,국회도서관,-,-,-,제4유형,저작물,보호저작물,○,상업적이용금지,○,○,○,○,○,○,X,-,-,-,-
,1961,영상,기록,국회도서관,국회기록보존소,HOME > 기록정보 콘텐츠 > 구술기록,성장과정,-,2016~2023,1,미부착,제4유형,무,-,성장과정,-,영상,영상,-,정치,한국어,-,2016~2023,-,국회도서관,-,-,-,제4유형,저작물,보호저작물,○,상업적이용금지,○,○,○,○,○,○,X,-,-,-,-
,1962,영상,기록,국회도서관,국회기록보존소,HOME > 기록정보 콘텐츠 > 구술기록,일장기말소사건과 이후 생활,-,2016~2023,1,미부착,제4유형,무,-,일장기말소사건과 이후 생활,-,영상,영상,-,정치,한국어,-,2016~2023,-,국회도서관,-,-,-,제4유형,저작물,보호저작물,○,상업적이용금지,○,○,○,○,○,○,X,-,-,-,-
,1963,영상,기록,국회도서관,국회기록보존소,HOME > 기록정보 콘텐츠 > 구술기록,의원외교활동과 그 의미,-,2016~2023,1,미부착,제4유형,무,-,의원외교활동과 그 의미,-,영상,영상,-,정치,한국어,-,2016~2023,-,국회도서관,-,-,-,제4유형,저작물,보호저작물,○,상업적이용금지,○,○,○,○,○,○,X,-,-,-,-
,1964,영상,기록,국회도서관,국회기록보존소,HOME > 기록정보 콘텐츠 > 구술기록,3.1민주구국선언사건과 연행 및 수형생활,-,2016~2023,1,미부착,제4유형,무,-,3.1민주구국선언사건과 연행 및 수형생활,-,영상,영상,-,정치,한국어,-,2016~2023,-,국회도서관,-,-,-,제4유형,저작물,보호저작물,○,상업적이용금지,○,○,○,○,○,○,X,-,-,-,-
,1965,영상,기록,국회도서관,국회기록보존소,HOME > 기록정보 콘텐츠 > 구술기록,김대중 대통령의 임기 이후 모습과 참여정부의 기초,-,2016~2023,1,미부착,제4유형,무,-,김대중 대통령의 임기 이후 모습과 참여정부의 기초,-,영상,영상,-,정치,한국어,-,2016~2023,-,국회도서관,-,-,-,제4유형,저작물,보호저작물,○,상업적이용금지,○,○,○,○,○,○,X,-,-,-,-
,1966,영상,기록,국회도서관,국회기록보존소,HOME > 기록정보 콘텐츠 > 구술기록,시작멘트,-,2016~2023,1,미부착,제4유형,무,-,시작멘트,-,영상,영상,-,정치,한국어,-,2016~2023,-,국회도서관,-,-,-,제4유형,저작물,보호저작물,○,상업적이용금지,○,○,○,○,○,○,X,-,-,-,-
,1967,영상,기록,국회도서관,국회기록보존소,HOME > 기록정보 콘텐츠 > 구술기록,"제13대 국회 불출마, 가족들의 고생살이, 제14대 국회 의정활동",-,2016~2023,1,미부착,제4유형,무,-,"제13대 국회 불출마, 가족들의 고생살이, 제14대 국회 의정활동",-,영상,영상,-,정치,한국어,-,2016~2023,-,국회도서관,-,-,-,제4유형,저작물,보호저작물,○,상업적이용금지,○,○,○,○,○,○,X,-,-,-,-
,1968,영상,기록,국회도서관,국회기록보존소,HOME > 기록정보 콘텐츠 > 구술기록,1987년 민주화운동과 제13대 대통령 선거,-,2016~2023,1,미부착,제4유형,무,-,1987년 민주화운동과 제13대 대통령 선거,-,영상,영상,-,정치,한국어,-,2016~2023,-,국회도서관,-,-,-,제4유형,저작물,보호저작물,○,상업적이용금지,○,○,○,○,○,○,X,-,-,-,-
,1969,영상,기록,국회도서관,국회기록보존소,HOME > 기록정보 콘텐츠 > 구술기록,"형님의 수형생활과 죽음, 구술자 결혼의 경위",-,2016~2023,1,미부착,제4유형,무,-,"형님의 수형생활과 죽음, 구술자 결혼의 경위",-,영상,영상,-,정치,한국어,-,2016~2023,-,국회도서관,-,-,-,제4유형,저작물,보호저작물,○,상업적이용금지,○,○,○,○,○,○,X,-,-,-,-
,1970,영상,기록,국회도서관,국회기록보존소,HOME > 기록정보 콘텐츠 > 구술기록,"4.19, 5.16경험과 병영생활",-,2016~2023,1,미부착,제4유형,무,-,"4.19, 5.16경험과 병영생활",-,영상,영상,-,정치,한국어,-,2016~2023,-,국회도서관,-,-,-,제4유형,저작물,보호저작물,○,상업적이용금지,○,○,○,○,○,○,X,-,-,-,-
,1971,영상,기록,국회도서관,국회기록보존소,HOME > 기록정보 콘텐츠 > 구술기록,최근 동정과 성장과정,-,2016~2023,1,미부착,제4유형,무,-,최근 동정과 성장과정,-,영상,영상,-,정치,한국어,-,2016~2023,-,국회도서관,-,-,-,제4유형,저작물,보호저작물,○,상업적이용금지,○,○,○,○,○,○,X,-,-,-,-
,1972,영상,기록,국회도서관,국회기록보존소,HOME > 기록정보 콘텐츠 > 구술기록,김대중 전 대통령과 이희호 여사의 영면,-,2016~2023,1,미부착,제4유형,무,-,김대중 전 대통령과 이희호 여사의 영면,-,영상,영상,-,정치,한국어,-,2016~2023,-,국회도서관,-,-,-,제4유형,저작물,보호저작물,○,상업적이용금지,○,○,○,○,○,○,X,-,-,-,-
,1973,영상,기록,국회도서관,국회기록보존소,HOME > 기록정보 콘텐츠 > 구술기록,김대중 전 대통령에 대한 평가와 동교동계 인물들 이야기,-,2016~2023,1,미부착,제4유형,무,-,김대중 전 대통령에 대한 평가와 동교동계 인물들 이야기,-,영상,영상,-,정치,한국어,-,2016~2023,-,국회도서관,-,-,-,제4유형,저작물,보호저작물,○,상업적이용금지,○,○,○,○,○,○,X,-,-,-,-
,1974,영상,기록,국회도서관,국회기록보존소,HOME > 기록정보 콘텐츠 > 구술기록,"김대중 선생의 시와 성경 인용, 김대중 선생 납치사건",-,2016~2023,1,미부착,제4유형,무,-,"김대중 선생의 시와 성경 인용, 김대중 선생 납치사건",-,영상,영상,-,정치,한국어,-,2016~2023,-,국회도서관,-,-,-,제4유형,저작물,보호저작물,○,상업적이용금지,○,○,○,○,○,○,X,-,-,-,-
,1975,영상,기록,국회도서관,국회기록보존소,HOME > 기록정보 콘텐츠 > 구술기록,제17대 국회의원 선거와 그 이후의 활동,-,2016~2023,1,미부착,제4유형,무,-,제17대 국회의원 선거와 그 이후의 활동,-,영상,영상,-,정치,한국어,-,2016~2023,-,국회도서관,-,-,-,제4유형,저작물,보호저작물,○,상업적이용금지,○,○,○,○,○,○,X,-,-,-,-
,1976,영상,기록,국회도서관,국회기록보존소,HOME > 기록정보 콘텐츠 > 구술기록,시작멘트,-,2016~2023,1,미부착,제4유형,무,-,시작멘트,-,영상,영상,-,정치,한국어,-,2016~2023,-,국회도서관,-,-,-,제4유형,저작물,보호저작물,○,상업적이용금지,○,○,○,○,○,○,X,-,-,-,-
,1977,영상,기록,국회도서관,국회기록보존소,HOME > 기록정보 콘텐츠 > 구술기록,권위주의 시대 김대중 선생과 구술자의 수난,-,2016~2023,1,미부착,제4유형,무,-,권위주의 시대 김대중 선생과 구술자의 수난,-,영상,영상,-,정치,한국어,-,2016~2023,-,국회도서관,-,-,-,제4유형,저작물,보호저작물,○,상업적이용금지,○,○,○,○,○,○,X,-,-,-,-
,1978,영상,기록,국회도서관,국회기록보존소,HOME > 기록정보 콘텐츠 > 구술기록,정치활동 경위와 그 초기 직무,-,2016~2023,1,미부착,제4유형,무,-,정치활동 경위와 그 초기 직무,-,영상,영상,-,정치,한국어,-,2016~2023,-,국회도서관,-,-,-,제4유형,저작물,보호저작물,○,상업적이용금지,○,○,○,○,○,○,X,-,-,-,-
,1979,영상,기록,국회도서관,국회기록보존소,HOME > 기록정보 콘텐츠 > 구술기록,설훈 의원에 대한 생각,-,2016~2023,1,미부착,제4유형,무,-,설훈 의원에 대한 생각,-,영상,영상,-,정치,한국어,-,2016~2023,-,국회도서관,-,-,-,제4유형,저작물,보호저작물,○,상업적이용금지,○,○,○,○,○,○,X,-,-,-,-
,1980,영상,기록,국회도서관,국회기록보존소,HOME > 기록정보 콘텐츠 > 구술기록,김대중 대통령의 방북과 햇볕정책,-,2016~2023,1,미부착,제4유형,무,-,김대중 대통령의 방북과 햇볕정책,-,영상,영상,-,정치,한국어,-,2016~2023,-,국회도서관,-,-,-,제4유형,저작물,보호저작물,○,상업적이용금지,○,○,○,○,○,○,X,-,-,-,-
,1981,영상,기록,국회도서관,국회기록보존소,HOME > 기록정보 콘텐츠 > 구술기록,경호직책 수행 중의 일화,-,2016~2023,1,미부착,제4유형,무,-,경호직책 수행 중의 일화,-,영상,영상,-,정치,한국어,-,2016~2023,-,국회도서관,-,-,-,제4유형,저작물,보호저작물,○,상업적이용금지,○,○,○,○,○,○,X,-,-,-,-
,1982,영상,기록,국회도서관,국회기록보존소,HOME > 기록정보 콘텐츠 > 구술기록,김대중 정부의 수립 과정과 성취,-,2016~2023,1,미부착,제4유형,무,-,김대중 정부의 수립 과정과 성취,-,영상,영상,-,정치,한국어,-,2016~2023,-,국회도서관,-,-,-,제4유형,저작물,보호저작물,○,상업적이용금지,○,○,○,○,○,○,X,-,-,-,-
,1983,영상,기록,국회도서관,국회기록보존소,HOME > 기록정보 콘텐츠 > 구술기록,제14대 국회 의정활동과 제14대 대통령 선거,-,2016~2023,1,미부착,제4유형,무,-,제14대 국회 의정활동과 제14대 대통령 선거,-,영상,영상,-,정치,한국어,-,2016~2023,-,국회도서관,-,-,-,제4유형,저작물,보호저작물,○,상업적이용금지,○,○,○,○,○,○,X,-,-,-,-
,1984,영상,기록,국회도서관,국회기록보존소,HOME > 기록정보 콘텐츠 > 구술기록,"김대중 선생 사형선고와 망명생활, 그리고 귀국",-,2016~2023,1,미부착,제4유형,무,-,"김대중 선생 사형선고와 망명생활, 그리고 귀국",-,영상,영상,-,정치,한국어,-,2016~2023,-,국회도서관,-,-,-,제4유형,저작물,보호저작물,○,상업적이용금지,○,○,○,○,○,○,X,-,-,-,-
,1985,영상,기록,국회도서관,국회기록보존소,HOME > 기록정보 콘텐츠 > 구술기록,10.26 이후의 정세와 김대중 내란음모사건의 진실,-,2016~2023,1,미부착,제4유형,무,-,10.26 이후의 정세와 김대중 내란음모사건의 진실,-,영상,영상,-,정치,한국어,-,2016~2023,-,국회도서관,-,-,-,제4유형,저작물,보호저작물,○,상업적이용금지,○,○,○,○,○,○,X,-,-,-,-
,1986,영상,기록,국회도서관,국회기록보존소,HOME > 기록정보 콘텐츠 > 구술기록,김대중 선생 납치사건의 전말,-,2016~2023,1,미부착,제4유형,무,-,김대중 선생 납치사건의 전말,-,영상,영상,-,정치,한국어,-,2016~2023,-,국회도서관,-,-,-,제4유형,저작물,보호저작물,○,상업적이용금지,○,○,○,○,○,○,X,-,-,-,-
,1987,영상,기록,국회도서관,국회기록보존소,HOME > 기록정보 콘텐츠 > 구술기록,시작멘트,-,2016~2023,1,미부착,제4유형,무,-,시작멘트,-,영상,영상,-,정치,한국어,-,2016~2023,-,국회도서관,-,-,-,제4유형,저작물,보호저작물,○,상업적이용금지,○,○,○,○,○,○,X,-,-,-,-
,1988,영상,기록,국회도서관,국회기록보존소,HOME > 기록정보 콘텐츠 > 구술기록,최근근황,-,2016~2023,1,미부착,제4유형,무,-,최근근황,-,영상,영상,-,정치,한국어,-,2016~2023,-,국회도서관,-,-,-,제4유형,저작물,보호저작물,○,상업적이용금지,○,○,○,○,○,○,X,-,-,-,-
,1989,영상,기록,국회도서관,국회기록보존소,HOME > 기록정보 콘텐츠 > 구술기록,출생과 성장과정,-,2016~2023,1,미부착,제4유형,무,-,출생과 성장과정,-,영상,영상,-,정치,한국어,-,2016~2023,-,국회도서관,-,-,-,제4유형,저작물,보호저작물,○,상업적이용금지,○,○,○,○,○,○,X,-,-,-,-
,1990,영상,기록,국회도서관,국회기록보존소,HOME > 기록정보 콘텐츠 > 구술기록,조부와 부친의 가정교육,-,2016~2023,1,미부착,제4유형,무,-,조부와 부친의 가정교육,-,영상,영상,-,정치,한국어,-,2016~2023,-,국회도서관,-,-,-,제4유형,저작물,보호저작물,○,상업적이용금지,○,○,○,○,○,○,X,-,-,-,-
,1991,영상,기록,국회도서관,국회기록보존소,HOME > 기록정보 콘텐츠 > 구술기록,한국전쟁기 좌우익 갈등 경험,-,2016~2023,1,미부착,제4유형,무,-,한국전쟁기 좌우익 갈등 경험,-,영상,영상,-,정치,한국어,-,2016~2023,-,국회도서관,-,-,-,제4유형,저작물,보호저작물,○,상업적이용금지,○,○,○,○,○,○,X,-,-,-,-
,1992,영상,기록,국회도서관,국회기록보존소,HOME > 기록정보 콘텐츠 > 구술기록,전주에서 보낸 학창시절,-,2016~2023,1,미부착,제4유형,무,-,전주에서 보낸 학창시절,-,영상,영상,-,정치,한국어,-,2016~2023,-,국회도서관,-,-,-,제4유형,저작물,보호저작물,○,상업적이용금지,○,○,○,○,○,○,X,-,-,-,-
,1993,영상,기록,국회도서관,국회기록보존소,HOME > 기록정보 콘텐츠 > 구술기록,학창시절의 정치에 대한 지향,-,2016~2023,1,미부착,제4유형,무,-,학창시절의 정치에 대한 지향,-,영상,영상,-,정치,한국어,-,2016~2023,-,국회도서관,-,-,-,제4유형,저작물,보호저작물,○,상업적이용금지,○,○,○,○,○,○,X,-,-,-,-
,1994,영상,기록,국회도서관,국회기록보존소,HOME > 기록정보 콘텐츠 > 구술기록,동아일보 입사 초기의 사회상황,-,2016~2023,1,미부착,제4유형,무,-,동아일보 입사 초기의 사회상황,-,영상,영상,-,정치,한국어,-,2016~2023,-,국회도서관,-,-,-,제4유형,저작물,보호저작물,○,상업적이용금지,○,○,○,○,○,○,X,-,-,-,-
,1995,영상,기록,국회도서관,국회기록보존소,HOME > 기록정보 콘텐츠 > 구술기록,기자시절 인상 깊은 일화,-,2016~2023,1,미부착,제4유형,무,-,기자시절 인상 깊은 일화,-,영상,영상,-,정치,한국어,-,2016~2023,-,국회도서관,-,-,-,제4유형,저작물,보호저작물,○,상업적이용금지,○,○,○,○,○,○,X,-,-,-,-
,1996,영상,기록,국회도서관,국회기록보존소,HOME > 기록정보 콘텐츠 > 구술기록,정계입문의 과정과 초선의원 초기상황,-,2016~2023,1,미부착,제4유형,무,-,정계입문의 과정과 초선의원 초기상황,-,영상,영상,-,정치,한국어,-,2016~2023,-,국회도서관,-,-,-,제4유형,저작물,보호저작물,○,상업적이용금지,○,○,○,○,○,○,X,-,-,-,-
,1997,영상,기록,국회도서관,국회기록보존소,HOME > 기록정보 콘텐츠 > 구술기록,1979년의 정치 환경,-,2016~2023,1,미부착,제4유형,무,-,1979년의 정치 환경,-,영상,영상,-,정치,한국어,-,2016~2023,-,국회도서관,-,-,-,제4유형,저작물,보호저작물,○,상업적이용금지,○,○,○,○,○,○,X,-,-,-,-
,1998,영상,기록,국회도서관,국회기록보존소,HOME > 기록정보 콘텐츠 > 구술기록,민주한국당 창당시기 당내 상황,-,2016~2023,1,미부착,제4유형,무,-,민주한국당 창당시기 당내 상황,-,영상,영상,-,정치,한국어,-,2016~2023,-,국회도서관,-,-,-,제4유형,저작물,보호저작물,○,상업적이용금지,○,○,○,○,○,○,X,-,-,-,-
,1999,영상,기록,국회도서관,국회기록보존소,HOME > 기록정보 콘텐츠 > 구술기록,제11대 국회시기 여야 관계,-,2016~2023,1,미부착,제4유형,무,-,제11대 국회시기 여야 관계,-,영상,영상,-,정치,한국어,-,2016~2023,-,국회도서관,-,-,-,제4유형,저작물,보호저작물,○,상업적이용금지,○,○,○,○,○,○,X,-,-,-,-
,2000,영상,기록,국회도서관,국회기록보존소,HOME > 기록정보 콘텐츠 > 구술기록,신한민주당 창당과 제12대 총선,-,2016~2023,1,미부착,제4유형,무,-,신한민주당 창당과 제12대 총선,-,영상,영상,-,정치,한국어,-,2016~2023,-,국회도서관,-,-,-,제4유형,저작물,보호저작물,○,상업적이용금지,○,○,○,○,○,○,X,-,-,-,-
,2001,영상,기록,국회도서관,국회기록보존소,HOME > 기록정보 콘텐츠 > 구술기록,시작멘트,-,2016~2023,1,미부착,제4유형,무,-,시작멘트,-,영상,영상,-,정치,한국어,-,2016~2023,-,국회도서관,-,-,-,제4유형,저작물,보호저작물,○,상업적이용금지,○,○,○,○,○,○,X,-,-,-,-
,2002,영상,기록,국회도서관,국회기록보존소,HOME > 기록정보 콘텐츠 > 구술기록,5공청문회와 광주청문회,-,2016~2023,1,미부착,제4유형,무,-,5공청문회와 광주청문회,-,영상,영상,-,정치,한국어,-,2016~2023,-,국회도서관,-,-,-,제4유형,저작물,보호저작물,○,상업적이용금지,○,○,○,○,○,○,X,-,-,-,-
,2003,영상,기록,국회도서관,국회기록보존소,HOME > 기록정보 콘텐츠 > 구술기록,평화민주당과 민주정의당간의 합의각서,-,2016~2023,1,미부착,제4유형,무,-,평화민주당과 민주정의당간의 합의각서,-,영상,영상,-,정치,한국어,-,2016~2023,-,국회도서관,-,-,-,제4유형,저작물,보호저작물,○,상업적이용금지,○,○,○,○,○,○,X,-,-,-,-
,2004,영상,기록,국회도서관,국회기록보존소,HOME > 기록정보 콘텐츠 > 구술기록,국회의장의 외교활동,-,2016~2023,1,미부착,제4유형,무,-,국회의장의 외교활동,-,영상,영상,-,정치,한국어,-,2016~2023,-,국회도서관,-,-,-,제4유형,저작물,보호저작물,○,상업적이용금지,○,○,○,○,○,○,X,-,-,-,-
,2005,영상,기록,국회도서관,국회기록보존소,HOME > 기록정보 콘텐츠 > 구술기록,남북국회회담 성사 활동,-,2016~2023,1,미부착,제4유형,무,-,남북국회회담 성사 활동,-,영상,영상,-,정치,한국어,-,2016~2023,-,국회도서관,-,-,-,제4유형,저작물,보호저작물,○,상업적이용금지,○,○,○,○,○,○,X,-,-,-,-
,2006,영상,기록,국회도서관,국회기록보존소,HOME > 기록정보 콘텐츠 > 구술기록,국민들의 정치 불신 극복을 위한 방안,-,2016~2023,1,미부착,제4유형,무,-,국민들의 정치 불신 극복을 위한 방안,-,영상,영상,-,정치,한국어,-,2016~2023,-,국회도서관,-,-,-,제4유형,저작물,보호저작물,○,상업적이용금지,○,○,○,○,○,○,X,-,-,-,-
,2007,영상,기록,국회도서관,국회기록보존소,HOME > 기록정보 콘텐츠 > 구술기록,개헌의 필요성,-,2016~2023,1,미부착,제4유형,무,-,개헌의 필요성,-,영상,영상,-,정치,한국어,-,2016~2023,-,국회도서관,-,-,-,제4유형,저작물,보호저작물,○,상업적이용금지,○,○,○,○,○,○,X,-,-,-,-
,2008,영상,기록,국회도서관,국회기록보존소,HOME > 기록정보 콘텐츠 > 구술기록,국회의장 재임시 대통령과의 관계,-,2016~2023,1,미부착,제4유형,무,-,국회의장 재임시 대통령과의 관계,-,영상,영상,-,정치,한국어,-,2016~2023,-,국회도서관,-,-,-,제4유형,저작물,보호저작물,○,상업적이용금지,○,○,○,○,○,○,X,-,-,-,-
,2009,영상,기록,국회도서관,국회기록보존소,HOME > 기록정보 콘텐츠 > 구술기록,제17대 국회 전반기 평가 및 정치발전을 위한 조언,-,2016~2023,1,미부착,제4유형,무,-,제17대 국회 전반기 평가 및 정치발전을 위한 조언,-,영상,영상,-,정치,한국어,-,2016~2023,-,국회도서관,-,-,-,제4유형,저작물,보호저작물,○,상업적이용금지,○,○,○,○,○,○,X,-,-,-,-
,2010,영상,기록,국회도서관,국회기록보존소,HOME > 기록정보 콘텐츠 > 구술기록,국회의장 퇴임시기의 주요 정치적 발언,-,2016~2023,1,미부착,제4유형,무,-,국회의장 퇴임시기의 주요 정치적 발언,-,영상,영상,-,정치,한국어,-,2016~2023,-,국회도서관,-,-,-,제4유형,저작물,보호저작물,○,상업적이용금지,○,○,○,○,○,○,X,-,-,-,-
,2011,영상,기록,국회도서관,국회기록보존소,HOME > 기록정보 콘텐츠 > 구술기록,김대중 대통령과 국민의 정부 탄생,-,2016~2023,1,미부착,제4유형,무,-,김대중 대통령과 국민의 정부 탄생,-,영상,영상,-,정치,한국어,-,2016~2023,-,국회도서관,-,-,-,제4유형,저작물,보호저작물,○,상업적이용금지,○,○,○,○,○,○,X,-,-,-,-
,2012,영상,기록,국회도서관,국회기록보존소,HOME > 기록정보 콘텐츠 > 구술기록,노사정위원장 활동,-,2016~2023,1,미부착,제4유형,무,-,노사정위원장 활동,-,영상,영상,-,정치,한국어,-,2016~2023,-,국회도서관,-,-,-,제4유형,저작물,보호저작물,○,상업적이용금지,○,○,○,○,○,○,X,-,-,-,-
,2013,영상,기록,국회도서관,국회기록보존소,HOME > 기록정보 콘텐츠 > 구술기록,제17대 국회의장 취임이후 노무현 대통령과의 의사소통,-,2016~2023,1,미부착,제4유형,무,-,제17대 국회의장 취임이후 노무현 대통령과의 의사소통,-,영상,영상,-,정치,한국어,-,2016~2023,-,국회도서관,-,-,-,제4유형,저작물,보호저작물,○,상업적이용금지,○,○,○,○,○,○,X,-,-,-,-
,2014,영상,기록,국회도서관,국회기록보존소,HOME > 기록정보 콘텐츠 > 구술기록,시작멘트,-,2016~2023,1,미부착,제4유형,무,-,시작멘트,-,영상,영상,-,정치,한국어,-,2016~2023,-,국회도서관,-,-,-,제4유형,저작물,보호저작물,○,상업적이용금지,○,○,○,○,○,○,X,-,-,-,-
,2015,영상,기록,국회도서관,국회기록보존소,HOME > 기록정보 콘텐츠 > 구술기록,제17대 국회 전반기 국회의장단 구성,-,2016~2023,1,미부착,제4유형,무,-,제17대 국회 전반기 국회의장단 구성,-,영상,영상,-,정치,한국어,-,2016~2023,-,국회도서관,-,-,-,제4유형,저작물,보호저작물,○,상업적이용금지,○,○,○,○,○,○,X,-,-,-,-
,2016,영상,기록,국회도서관,국회기록보존소,HOME > 기록정보 콘텐츠 > 구술기록,4대 법안 처리와 국회의장의 중립성,-,2016~2023,1,미부착,제4유형,무,-,4대 법안 처리와 국회의장의 중립성,-,영상,영상,-,정치,한국어,-,2016~2023,-,국회도서관,-,-,-,제4유형,저작물,보호저작물,○,상업적이용금지,○,○,○,○,○,○,X,-,-,-,-
,2017,영상,기록,국회도서관,국회기록보존소,HOME > 기록정보 콘텐츠 > 구술기록,제17대 국회시기 의장 인사권의 변화,-,2016~2023,1,미부착,제4유형,무,-,제17대 국회시기 의장 인사권의 변화,-,영상,영상,-,정치,한국어,-,2016~2023,-,국회도서관,-,-,-,제4유형,저작물,보호저작물,○,상업적이용금지,○,○,○,○,○,○,X,-,-,-,-
,2018,영상,기록,국회도서관,국회기록보존소,HOME > 기록정보 콘텐츠 > 구술기록,일하는 국회를 위한 노력,-,2016~2023,1,미부착,제4유형,무,-,일하는 국회를 위한 노력,-,영상,영상,-,정치,한국어,-,2016~2023,-,국회도서관,-,-,-,제4유형,저작물,보호저작물,○,상업적이용금지,○,○,○,○,○,○,X,-,-,-,-
,2019,영상,기록,국회도서관,국회기록보존소,HOME > 기록정보 콘텐츠 > 구술기록,보좌진의 변화에 따른 입법능력의 강화,-,2016~2023,1,미부착,제4유형,무,-,보좌진의 변화에 따른 입법능력의 강화,-,영상,영상,-,정치,한국어,-,2016~2023,-,국회도서관,-,-,-,제4유형,저작물,보호저작물,○,상업적이용금지,○,○,○,○,○,○,X,-,-,-,-
,2020,영상,기록,국회도서관,국회기록보존소,HOME > 기록정보 콘텐츠 > 구술기록,국회의장 재임시기의 에피소드,-,2016~2023,1,미부착,제4유형,무,-,국회의장 재임시기의 에피소드,-,영상,영상,-,정치,한국어,-,2016~2023,-,국회도서관,-,-,-,제4유형,저작물,보호저작물,○,상업적이용금지,○,○,○,○,○,○,X,-,-,-,-
,2021,영상,기록,국회도서관,국회기록보존소,HOME > 기록정보 콘텐츠 > 구술기록,"김대중, 김영삼, 노무현 대통령의 국정운영스타일 비교",-,2016~2023,1,미부착,제4유형,무,-,"김대중, 김영삼, 노무현 대통령의 국정운영스타일 비교",-,영상,영상,-,정치,한국어,-,2016~2023,-,국회도서관,-,-,-,제4유형,저작물,보호저작물,○,상업적이용금지,○,○,○,○,○,○,X,-,-,-,-
,2022,영상,기록,국회도서관,국회기록보존소,HOME > 기록정보 콘텐츠 > 구술기록,민주당 2002년 대통령선거 후보 선출과정,-,2016~2023,1,미부착,제4유형,무,-,민주당 2002년 대통령선거 후보 선출과정,-,영상,영상,-,정치,한국어,-,2016~2023,-,국회도서관,-,-,-,제4유형,저작물,보호저작물,○,상업적이용금지,○,○,○,○,○,○,X,-,-,-,-
,2023,영상,기록,국회도서관,국회기록보존소,HOME > 기록정보 콘텐츠 > 구술기록,노무현 대통령 탄핵소추안 가결 사태,-,2016~2023,1,미부착,제4유형,무,-,노무현 대통령 탄핵소추안 가결 사태,-,영상,영상,-,정치,한국어,-,2016~2023,-,국회도서관,-,-,-,제4유형,저작물,보호저작물,○,상업적이용금지,○,○,○,○,○,○,X,-,-,-,-
,2024,영상,기록,국회도서관,국회기록보존소,HOME > 기록정보 콘텐츠 > 구술기록,제17대 국회의장 취임시의 정치 환경,-,2016~2023,1,미부착,제4유형,무,-,제17대 국회의장 취임시의 정치 환경,-,영상,영상,-,정치,한국어,-,2016~2023,-,국회도서관,-,-,-,제4유형,저작물,보호저작물,○,상업적이용금지,○,○,○,○,○,○,X,-,-,-,-
,2025,영상,기록,국회도서관,국회기록보존소,HOME > 기록정보 콘텐츠 > 구술기록,1989년 방북사건들의 정치적 파장,-,2016~2023,1,미부착,제4유형,무,-,1989년 방북사건들의 정치적 파장,-,영상,영상,-,정치,한국어,-,2016~2023,-,국회도서관,-,-,-,제4유형,저작물,보호저작물,○,상업적이용금지,○,○,○,○,○,○,X,-,-,-,-
,2026,영상,기록,국회도서관,국회기록보존소,HOME > 기록정보 콘텐츠 > 구술기록,민주정의당에서 평화민주당에 합당제의,-,2016~2023,1,미부착,제4유형,무,-,민주정의당에서 평화민주당에 합당제의,-,영상,영상,-,정치,한국어,-,2016~2023,-,국회도서관,-,-,-,제4유형,저작물,보호저작물,○,상업적이용금지,○,○,○,○,○,○,X,-,-,-,-
,2027,영상,기록,국회도서관,국회기록보존소,HOME > 기록정보 콘텐츠 > 구술기록,시작멘트,-,2016~2023,1,미부착,제4유형,무,-,시작멘트,-,영상,영상,-,정치,한국어,-,2016~2023,-,국회도서관,-,-,-,제4유형,저작물,보호저작물,○,상업적이용금지,○,○,○,○,○,○,X,-,-,-,-
,2028,영상,기록,국회도서관,국회기록보존소,HOME > 기록정보 콘텐츠 > 구술기록,방북사건과 공작정치,-,2016~2023,1,미부착,제4유형,무,-,방북사건과 공작정치,-,영상,영상,-,정치,한국어,-,2016~2023,-,국회도서관,-,-,-,제4유형,저작물,보호저작물,○,상업적이용금지,○,○,○,○,○,○,X,-,-,-,-
,2029,영상,기록,국회도서관,국회기록보존소,HOME > 기록정보 콘텐츠 > 구술기록,지방자치제 실현 과정,-,2016~2023,1,미부착,제4유형,무,-,지방자치제 실현 과정,-,영상,영상,-,정치,한국어,-,2016~2023,-,국회도서관,-,-,-,제4유형,저작물,보호저작물,○,상업적이용금지,○,○,○,○,○,○,X,-,-,-,-
,2030,영상,기록,국회도서관,국회기록보존소,HOME > 기록정보 콘텐츠 > 구술기록,국정감사제도의 부활,-,2016~2023,1,미부착,제4유형,무,-,국정감사제도의 부활,-,영상,영상,-,정치,한국어,-,2016~2023,-,국회도서관,-,-,-,제4유형,저작물,보호저작물,○,상업적이용금지,○,○,○,○,○,○,X,-,-,-,-
,2031,영상,기록,국회도서관,국회기록보존소,HOME > 기록정보 콘텐츠 > 구술기록,새정치국민회의와 국민통합추진회의,-,2016~2023,1,미부착,제4유형,무,-,새정치국민회의와 국민통합추진회의,-,영상,영상,-,정치,한국어,-,2016~2023,-,국회도서관,-,-,-,제4유형,저작물,보호저작물,○,상업적이용금지,○,○,○,○,○,○,X,-,-,-,-
,2032,영상,기록,국회도서관,국회기록보존소,HOME > 기록정보 콘텐츠 > 구술기록,제13대 국회시기 원내총무 활동,-,2016~2023,1,미부착,제4유형,무,-,제13대 국회시기 원내총무 활동,-,영상,영상,-,정치,한국어,-,2016~2023,-,국회도서관,-,-,-,제4유형,저작물,보호저작물,○,상업적이용금지,○,○,○,○,○,○,X,-,-,-,-
,2033,영상,기록,국회도서관,국회기록보존소,HOME > 기록정보 콘텐츠 > 구술기록,평화민주당 원내총무로서 주도적 여야협상,-,2016~2023,1,미부착,제4유형,무,-,평화민주당 원내총무로서 주도적 여야협상,-,영상,영상,-,정치,한국어,-,2016~2023,-,국회도서관,-,-,-,제4유형,저작물,보호저작물,○,상업적이용금지,○,○,○,○,○,○,X,-,-,-,-
,2034,영상,기록,국회도서관,국회기록보존소,HOME > 기록정보 콘텐츠 > 구술기록,대한민국 국회를 말하다: 김원기 전 국회의장 편,-,2016~2023,1,미부착,제4유형,무,-,대한민국 국회를 말하다: 김원기 전 국회의장 편,-,영상,영상,-,정치,한국어,-,2016~2023,-,국회도서관,-,-,-,제4유형,저작물,보호저작물,○,상업적이용금지,○,○,○,○,○,○,X,-,-,-,-
,2035,영상,기록,국회도서관,국회기록보존소,HOME > 기록정보 콘텐츠 > 구술기록,국회의장 재임 시 외교활동,-,2016~2023,1,미부착,제4유형,무,-,국회의장 재임 시 외교활동,-,영상,영상,-,정치,한국어,-,2016~2023,-,국회도서관,-,-,-,제4유형,저작물,보호저작물,○,상업적이용금지,○,○,○,○,○,○,X,-,-,-,-
,2036,영상,기록,국회도서관,국회기록보존소,HOME > 기록정보 콘텐츠 > 구술기록,민주정의당 참여과정 (1),-,2016~2023,1,미부착,제4유형,무,-,민주정의당 참여과정 (1),-,영상,영상,-,정치,한국어,-,2016~2023,-,국회도서관,-,-,-,제4유형,저작물,보호저작물,○,상업적이용금지,○,○,○,○,○,○,X,-,-,-,-
,2037,영상,기록,국회도서관,국회기록보존소,HOME > 기록정보 콘텐츠 > 구술기록,민주정의당 참여과정 (2),-,2016~2023,1,미부착,제4유형,무,-,민주정의당 참여과정 (2),-,영상,영상,-,정치,한국어,-,2016~2023,-,국회도서관,-,-,-,제4유형,저작물,보호저작물,○,상업적이용금지,○,○,○,○,○,○,X,-,-,-,-
,2038,영상,기록,국회도서관,국회기록보존소,HOME > 기록정보 콘텐츠 > 구술기록,시작멘트,-,2016~2023,1,미부착,제4유형,무,-,시작멘트,-,영상,영상,-,정치,한국어,-,2016~2023,-,국회도서관,-,-,-,제4유형,저작물,보호저작물,○,상업적이용금지,○,○,○,○,○,○,X,-,-,-,-
,2039,영상,기록,국회도서관,국회기록보존소,HOME > 기록정보 콘텐츠 > 구술기록,제13대 국회 전반기 국회의장 취임,-,2016~2023,1,미부착,제4유형,무,-,제13대 국회 전반기 국회의장 취임,-,영상,영상,-,정치,한국어,-,2016~2023,-,국회도서관,-,-,-,제4유형,저작물,보호저작물,○,상업적이용금지,○,○,○,○,○,○,X,-,-,-,-
,2040,영상,기록,국회도서관,국회기록보존소,HOME > 기록정보 콘텐츠 > 구술기록,독일정치인들과의 인연,-,2016~2023,1,미부착,제4유형,무,-,독일정치인들과의 인연,-,영상,영상,-,정치,한국어,-,2016~2023,-,국회도서관,-,-,-,제4유형,저작물,보호저작물,○,상업적이용금지,○,○,○,○,○,○,X,-,-,-,-
,2041,영상,기록,국회도서관,국회기록보존소,HOME > 기록정보 콘텐츠 > 구술기록,북한 측 정계인사와의 인연,-,2016~2023,1,미부착,제4유형,무,-,북한 측 정계인사와의 인연,-,영상,영상,-,정치,한국어,-,2016~2023,-,국회도서관,-,-,-,제4유형,저작물,보호저작물,○,상업적이용금지,○,○,○,○,○,○,X,-,-,-,-
,2042,영상,기록,국회도서관,국회기록보존소,HOME > 기록정보 콘텐츠 > 구술기록,제13대 국회의장 취임에 대한 다짐,-,2016~2023,1,미부착,제4유형,무,-,제13대 국회의장 취임에 대한 다짐,-,영상,영상,-,정치,한국어,-,2016~2023,-,국회도서관,-,-,-,제4유형,저작물,보호저작물,○,상업적이용금지,○,○,○,○,○,○,X,-,-,-,-
,2043,영상,기록,국회도서관,국회기록보존소,HOME > 기록정보 콘텐츠 > 구술기록,제13대 국회의 특징과 운영상황,-,2016~2023,1,미부착,제4유형,무,-,제13대 국회의 특징과 운영상황,-,영상,영상,-,정치,한국어,-,2016~2023,-,국회도서관,-,-,-,제4유형,저작물,보호저작물,○,상업적이용금지,○,○,○,○,○,○,X,-,-,-,-
,2044,영상,기록,국회도서관,국회기록보존소,HOME > 기록정보 콘텐츠 > 구술기록,제13대 국회의 중요한 변화와 정치상황,-,2016~2023,1,미부착,제4유형,무,-,제13대 국회의 중요한 변화와 정치상황,-,영상,영상,-,정치,한국어,-,2016~2023,-,국회도서관,-,-,-,제4유형,저작물,보호저작물,○,상업적이용금지,○,○,○,○,○,○,X,-,-,-,-
,2045,영상,기록,국회도서관,국회기록보존소,HOME > 기록정보 콘텐츠 > 구술기록,6.25전쟁 발발과 피난,-,2016~2023,1,미부착,제4유형,무,-,6.25전쟁 발발과 피난,-,영상,영상,-,정치,한국어,-,2016~2023,-,국회도서관,-,-,-,제4유형,저작물,보호저작물,○,상업적이용금지,○,○,○,○,○,○,X,-,-,-,-
,2046,영상,기록,국회도서관,국회기록보존소,HOME > 기록정보 콘텐츠 > 구술기록,정계 입문과 민주당 활동,-,2016~2023,1,미부착,제4유형,무,-,정계 입문과 민주당 활동,-,영상,영상,-,정치,한국어,-,2016~2023,-,국회도서관,-,-,-,제4유형,저작물,보호저작물,○,상업적이용금지,○,○,○,○,○,○,X,-,-,-,-
,2047,영상,기록,국회도서관,국회기록보존소,HOME > 기록정보 콘텐츠 > 구술기록,초선으로서의 정치활동,-,2016~2023,1,미부착,제4유형,무,-,초선으로서의 정치활동,-,영상,영상,-,정치,한국어,-,2016~2023,-,국회도서관,-,-,-,제4유형,저작물,보호저작물,○,상업적이용금지,○,○,○,○,○,○,X,-,-,-,-
,2048,영상,기록,국회도서관,국회기록보존소,HOME > 기록정보 콘텐츠 > 구술기록,시작멘트,-,2016~2023,1,미부착,제4유형,무,-,시작멘트,-,영상,영상,-,정치,한국어,-,2016~2023,-,국회도서관,-,-,-,제4유형,저작물,보호저작물,○,상업적이용금지,○,○,○,○,○,○,X,-,-,-,-
,2049,영상,기록,국회도서관,국회기록보존소,HOME > 기록정보 콘텐츠 > 구술기록,최근 근황과 『샘터지』 소개,-,2016~2023,1,미부착,제4유형,무,-,최근 근황과 『샘터지』 소개,-,영상,영상,-,정치,한국어,-,2016~2023,-,국회도서관,-,-,-,제4유형,저작물,보호저작물,○,상업적이용금지,○,○,○,○,○,○,X,-,-,-,-
,2050,영상,기록,국회도서관,국회기록보존소,HOME > 기록정보 콘텐츠 > 구술기록,해방이후 사회상황과 활동,-,2016~2023,1,미부착,제4유형,무,-,해방이후 사회상황과 활동,-,영상,영상,-,정치,한국어,-,2016~2023,-,국회도서관,-,-,-,제4유형,저작물,보호저작물,○,상업적이용금지,○,○,○,○,○,○,X,-,-,-,-
,2051,영상,기록,국회도서관,국회기록보존소,HOME > 기록정보 콘텐츠 > 구술기록,학창시절,-,2016~2023,1,미부착,제4유형,무,-,학창시절,-,영상,영상,-,정치,한국어,-,2016~2023,-,국회도서관,-,-,-,제4유형,저작물,보호저작물,○,상업적이용금지,○,○,○,○,○,○,X,-,-,-,-
,2052,영상,기록,국회도서관,국회기록보존소,HOME > 기록정보 콘텐츠 > 구술기록,정치권에 대한 조언,-,2016~2023,1,미부착,제4유형,무,-,정치권에 대한 조언,-,영상,영상,-,정치,한국어,-,2016~2023,-,국회도서관,-,-,-,제4유형,저작물,보호저작물,○,상업적이용금지,○,○,○,○,○,○,X,-,-,-,-
,2053,영상,기록,국회도서관,국회기록보존소,HOME > 기록정보 콘텐츠 > 구술기록,5.16 군사 쿠데타 발발과 이후 생활,-,2016~2023,1,미부착,제4유형,무,-,5.16 군사 쿠데타 발발과 이후 생활,-,영상,영상,-,정치,한국어,-,2016~2023,-,국회도서관,-,-,-,제4유형,저작물,보호저작물,○,상업적이용금지,○,○,○,○,○,○,X,-,-,-,-
,2054,영상,기록,국회도서관,국회기록보존소,HOME > 기록정보 콘텐츠 > 구술기록,공화당 입당과 정치활동,-,2016~2023,1,미부착,제4유형,무,-,공화당 입당과 정치활동,-,영상,영상,-,정치,한국어,-,2016~2023,-,국회도서관,-,-,-,제4유형,저작물,보호저작물,○,상업적이용금지,○,○,○,○,○,○,X,-,-,-,-
,2055,영상,기록,국회도서관,국회기록보존소,HOME > 기록정보 콘텐츠 > 구술기록,제8대 국회 활동,-,2016~2023,1,미부착,제4유형,무,-,제8대 국회 활동,-,영상,영상,-,정치,한국어,-,2016~2023,-,국회도서관,-,-,-,제4유형,저작물,보호저작물,○,상업적이용금지,○,○,○,○,○,○,X,-,-,-,-
,2056,영상,기록,국회도서관,국회기록보존소,HOME > 기록정보 콘텐츠 > 구술기록,10월 유신 이후 활동,-,2016~2023,1,미부착,제4유형,무,-,10월 유신 이후 활동,-,영상,영상,-,정치,한국어,-,2016~2023,-,국회도서관,-,-,-,제4유형,저작물,보호저작물,○,상업적이용금지,○,○,○,○,○,○,X,-,-,-,-
,2057,영상,기록,국회도서관,국회기록보존소,HOME > 기록정보 콘텐츠 > 구술기록,제18대 대통령에 대한 기대와 바람,-,2016~2023,1,미부착,제4유형,무,-,제18대 대통령에 대한 기대와 바람,-,영상,영상,-,정치,한국어,-,2016~2023,-,국회도서관,-,-,-,제4유형,저작물,보호저작물,○,상업적이용금지,○,○,○,○,○,○,X,-,-,-,-
,2058,영상,기록,국회도서관,국회기록보존소,HOME > 기록정보 콘텐츠 > 구술기록,제14대 국회의원 활동,-,2016~2023,1,미부착,제4유형,무,-,제14대 국회의원 활동,-,영상,영상,-,정치,한국어,-,2016~2023,-,국회도서관,-,-,-,제4유형,저작물,보호저작물,○,상업적이용금지,○,○,○,○,○,○,X,-,-,-,-
,2059,영상,기록,국회도서관,국회기록보존소,HOME > 기록정보 콘텐츠 > 구술기록,수서지구 특혜분양 사건,-,2016~2023,1,미부착,제4유형,무,-,수서지구 특혜분양 사건,-,영상,영상,-,정치,한국어,-,2016~2023,-,국회도서관,-,-,-,제4유형,저작물,보호저작물,○,상업적이용금지,○,○,○,○,○,○,X,-,-,-,-
,2060,영상,기록,국회도서관,국회기록보존소,HOME > 기록정보 콘텐츠 > 구술기록,이후 저술 계획과 구술 마무리,-,2016~2023,1,미부착,제4유형,무,-,이후 저술 계획과 구술 마무리,-,영상,영상,-,정치,한국어,-,2016~2023,-,국회도서관,-,-,-,제4유형,저작물,보호저작물,○,상업적이용금지,○,○,○,○,○,○,X,-,-,-,-
,2061,영상,기록,국회도서관,국회기록보존소,HOME > 기록정보 콘텐츠 > 구술기록,최근 근황 및 유년 시절,-,2016~2023,1,미부착,제4유형,무,-,최근 근황 및 유년 시절,-,영상,영상,-,정치,한국어,-,2016~2023,-,국회도서관,-,-,-,제4유형,저작물,보호저작물,○,상업적이용금지,○,○,○,○,○,○,X,-,-,-,-
,2062,영상,기록,국회도서관,국회기록보존소,HOME > 기록정보 콘텐츠 > 구술기록,보완 질의와 답변,-,2016~2023,1,미부착,제4유형,무,-,보완 질의와 답변,-,영상,영상,-,정치,한국어,-,2016~2023,-,국회도서관,-,-,-,제4유형,저작물,보호저작물,○,상업적이용금지,○,○,○,○,○,○,X,-,-,-,-
,2063,영상,기록,국회도서관,국회기록보존소,HOME > 기록정보 콘텐츠 > 구술기록,더불어 민주당 입당과 탈당,-,2016~2023,1,미부착,제4유형,무,-,더불어 민주당 입당과 탈당,-,영상,영상,-,정치,한국어,-,2016~2023,-,국회도서관,-,-,-,제4유형,저작물,보호저작물,○,상업적이용금지,○,○,○,○,○,○,X,-,-,-,-
,2064,영상,기록,국회도서관,국회기록보존소,HOME > 기록정보 콘텐츠 > 구술기록,경제민주화를 위한 한나라당/새누리당과의 협력,-,2016~2023,1,미부착,제4유형,무,-,경제민주화를 위한 한나라당/새누리당과의 협력,-,영상,영상,-,정치,한국어,-,2016~2023,-,국회도서관,-,-,-,제4유형,저작물,보호저작물,○,상업적이용금지,○,○,○,○,○,○,X,-,-,-,-
,2065,영상,기록,국회도서관,국회기록보존소,HOME > 기록정보 콘텐츠 > 구술기록,헌법자문위원회 활동과 바람직한 개헌의 요소,-,2016~2023,1,미부착,제4유형,무,-,헌법자문위원회 활동과 바람직한 개헌의 요소,-,영상,영상,-,정치,한국어,-,2016~2023,-,국회도서관,-,-,-,제4유형,저작물,보호저작물,○,상업적이용금지,○,○,○,○,○,○,X,-,-,-,-
,2066,영상,기록,국회도서관,국회기록보존소,HOME > 기록정보 콘텐츠 > 구술기록,새천년 민주당 부대표 시기의 기억들,-,2016~2023,1,미부착,제4유형,무,-,새천년 민주당 부대표 시기의 기억들,-,영상,영상,-,정치,한국어,-,2016~2023,-,국회도서관,-,-,-,제4유형,저작물,보호저작물,○,상업적이용금지,○,○,○,○,○,○,X,-,-,-,-
,2067,영상,기록,국회도서관,국회기록보존소,HOME > 기록정보 콘텐츠 > 구술기록,역대 정부 경제정책들의 평가,-,2016~2023,1,미부착,제4유형,무,-,역대 정부 경제정책들의 평가,-,영상,영상,-,정치,한국어,-,2016~2023,-,국회도서관,-,-,-,제4유형,저작물,보호저작물,○,상업적이용금지,○,○,○,○,○,○,X,-,-,-,-
,2068,영상,기록,국회도서관,국회기록보존소,HOME > 기록정보 콘텐츠 > 구술기록,노무현 정부의 경제정책 비판,-,2016~2023,1,미부착,제4유형,무,-,노무현 정부의 경제정책 비판,-,영상,영상,-,정치,한국어,-,2016~2023,-,국회도서관,-,-,-,제4유형,저작물,보호저작물,○,상업적이용금지,○,○,○,○,○,○,X,-,-,-,-
,2069,영상,기록,국회도서관,국회기록보존소,HOME > 기록정보 콘텐츠 > 구술기록,새천년 민주당 입당과 제17대 국회의원 선거 ,-,2016~2023,1,미부착,제4유형,무,-,새천년 민주당 입당과 제17대 국회의원 선거 ,-,영상,영상,-,정치,한국어,-,2016~2023,-,국회도서관,-,-,-,제4유형,저작물,보호저작물,○,상업적이용금지,○,○,○,○,○,○,X,-,-,-,-
,2070,영상,기록,국회도서관,국회기록보존소,HOME > 기록정보 콘텐츠 > 구술기록,경제수석비서관 사직 이후 새천년 민주당 입당 전까지,-,2016~2023,1,미부착,제4유형,무,-,경제수석비서관 사직 이후 새천년 민주당 입당 전까지,-,영상,영상,-,정치,한국어,-,2016~2023,-,국회도서관,-,-,-,제4유형,저작물,보호저작물,○,상업적이용금지,○,○,○,○,○,○,X,-,-,-,-
,2071,영상,기록,국회도서관,국회기록보존소,HOME > 기록정보 콘텐츠 > 구술기록,대통령 경제수석비서관 재직 기간과 노태우 대통령의 신임,-,2016~2023,1,미부착,제4유형,무,-,대통령 경제수석비서관 재직 기간과 노태우 대통령의 신임,-,영상,영상,-,정치,한국어,-,2016~2023,-,국회도서관,-,-,-,제4유형,저작물,보호저작물,○,상업적이용금지,○,○,○,○,○,○,X,-,-,-,-
,2072,영상,기록,국회도서관,국회기록보존소,HOME > 기록정보 콘텐츠 > 구술기록,1990년 3당 통합과 노동법 개정 시도,-,2016~2023,1,미부착,제4유형,무,-,1990년 3당 통합과 노동법 개정 시도,-,영상,영상,-,정치,한국어,-,2016~2023,-,국회도서관,-,-,-,제4유형,저작물,보호저작물,○,상업적이용금지,○,○,○,○,○,○,X,-,-,-,-
,2073,영상,기록,국회도서관,국회기록보존소,HOME > 기록정보 콘텐츠 > 구술기록,시작멘트,-,2016~2023,1,미부착,제4유형,무,-,시작멘트,-,영상,영상,-,정치,한국어,-,2016~2023,-,국회도서관,-,-,-,제4유형,저작물,보호저작물,○,상업적이용금지,○,○,○,○,○,○,X,-,-,-,-
,2074,영상,기록,국회도서관,국회기록보존소,HOME > 기록정보 콘텐츠 > 구술기록,경제수석비서관으로서 중요한 외교과제까지 수행,-,2016~2023,1,미부착,제4유형,무,-,경제수석비서관으로서 중요한 외교과제까지 수행,-,영상,영상,-,정치,한국어,-,2016~2023,-,국회도서관,-,-,-,제4유형,저작물,보호저작물,○,상업적이용금지,○,○,○,○,○,○,X,-,-,-,-
,2075,영상,기록,국회도서관,국회기록보존소,HOME > 기록정보 콘텐츠 > 구술기록,1970년대 교직 생활과 정부 사회입법의 지원,-,2016~2023,1,미부착,제4유형,무,-,1970년대 교직 생활과 정부 사회입법의 지원,-,영상,영상,-,정치,한국어,-,2016~2023,-,국회도서관,-,-,-,제4유형,저작물,보호저작물,○,상업적이용금지,○,○,○,○,○,○,X,-,-,-,-
,2076,영상,기록,국회도서관,국회기록보존소,HOME > 기록정보 콘텐츠 > 구술기록,시작멘트,-,2016~2023,1,미부착,제4유형,무,-,시작멘트,-,영상,영상,-,정치,한국어,-,2016~2023,-,국회도서관,-,-,-,제4유형,저작물,보호저작물,○,상업적이용금지,○,○,○,○,○,○,X,-,-,-,-
,2077,영상,기록,국회도서관,국회기록보존소,HOME > 기록정보 콘텐츠 > 구술기록,1970년대 정부 정책 자문활동의 추가 구술과 서강학파의 실제 내용,-,2016~2023,1,미부착,제4유형,무,-,1970년대 정부 정책 자문활동의 추가 구술과 서강학파의 실제 내용,-,영상,영상,-,정치,한국어,-,2016~2023,-,국회도서관,-,-,-,제4유형,저작물,보호저작물,○,상업적이용금지,○,○,○,○,○,○,X,-,-,-,-
,2078,영상,기록,국회도서관,국회기록보존소,HOME > 기록정보 콘텐츠 > 구술기록,제5공화국 성립기 국가보위비상대책위원회 활동,-,2016~2023,1,미부착,제4유형,무,-,제5공화국 성립기 국가보위비상대책위원회 활동,-,영상,영상,-,정치,한국어,-,2016~2023,-,국회도서관,-,-,-,제4유형,저작물,보호저작물,○,상업적이용금지,○,○,○,○,○,○,X,-,-,-,-
,2079,영상,기록,국회도서관,국회기록보존소,HOME > 기록정보 콘텐츠 > 구술기록,정치입문과 교육세 도입 반대,-,2016~2023,1,미부착,제4유형,무,-,정치입문과 교육세 도입 반대,-,영상,영상,-,정치,한국어,-,2016~2023,-,국회도서관,-,-,-,제4유형,저작물,보호저작물,○,상업적이용금지,○,○,○,○,○,○,X,-,-,-,-
,2080,영상,기록,국회도서관,국회기록보존소,HOME > 기록정보 콘텐츠 > 구술기록,금융실명제 추진 반대,-,2016~2023,1,미부착,제4유형,무,-,금융실명제 추진 반대,-,영상,영상,-,정치,한국어,-,2016~2023,-,국회도서관,-,-,-,제4유형,저작물,보호저작물,○,상업적이용금지,○,○,○,○,○,○,X,-,-,-,-
,2081,영상,기록,국회도서관,국회기록보존소,HOME > 기록정보 콘텐츠 > 구술기록,"제12대 국회 의정활동과 금융실명제, 교육세 관련 추가 언급",-,2016~2023,1,미부착,제4유형,무,-,"제12대 국회 의정활동과 금융실명제, 교육세 관련 추가 언급",-,영상,영상,-,정치,한국어,-,2016~2023,-,국회도서관,-,-,-,제4유형,저작물,보호저작물,○,상업적이용금지,○,○,○,○,○,○,X,-,-,-,-
,2082,영상,기록,국회도서관,국회기록보존소,HOME > 기록정보 콘텐츠 > 구술기록,시작멘트,-,2016~2023,1,미부착,제4유형,무,-,시작멘트,-,영상,영상,-,정치,한국어,-,2016~2023,-,국회도서관,-,-,-,제4유형,저작물,보호저작물,○,상업적이용금지,○,○,○,○,○,○,X,-,-,-,-
,2083,영상,기록,국회도서관,국회기록보존소,HOME > 기록정보 콘텐츠 > 구술기록,소신 있는 입법 활동과 정치를 계속할 수 있었던 계기,-,2016~2023,1,미부착,제4유형,무,-,소신 있는 입법 활동과 정치를 계속할 수 있었던 계기,-,영상,영상,-,정치,한국어,-,2016~2023,-,국회도서관,-,-,-,제4유형,저작물,보호저작물,○,상업적이용금지,○,○,○,○,○,○,X,-,-,-,-
,2084,영상,기록,국회도서관,국회기록보존소,HOME > 기록정보 콘텐츠 > 구술기록,제12대 국회 개헌특위 활동,-,2016~2023,1,미부착,제4유형,무,-,제12대 국회 개헌특위 활동,-,영상,영상,-,정치,한국어,-,2016~2023,-,국회도서관,-,-,-,제4유형,저작물,보호저작물,○,상업적이용금지,○,○,○,○,○,○,X,-,-,-,-
,2085,영상,기록,국회도서관,국회기록보존소,HOME > 기록정보 콘텐츠 > 구술기록,노태우 전 대통령 경제 분야 보좌와 보건사회부 장관 재직,-,2016~2023,1,미부착,제4유형,무,-,노태우 전 대통령 경제 분야 보좌와 보건사회부 장관 재직,-,영상,영상,-,정치,한국어,-,2016~2023,-,국회도서관,-,-,-,제4유형,저작물,보호저작물,○,상업적이용금지,○,○,○,○,○,○,X,-,-,-,-
,2086,영상,기록,국회도서관,국회기록보존소,HOME > 기록정보 콘텐츠 > 구술기록,보건사회부 장관 재직시 취한 중요한 조치들,-,2016~2023,1,미부착,제4유형,무,-,보건사회부 장관 재직시 취한 중요한 조치들,-,영상,영상,-,정치,한국어,-,2016~2023,-,국회도서관,-,-,-,제4유형,저작물,보호저작물,○,상업적이용금지,○,○,○,○,○,○,X,-,-,-,-
,2087,영상,기록,국회도서관,국회기록보존소,HOME > 기록정보 콘텐츠 > 구술기록,대통령 경제수석비서관 재직 시 수행한 부동산 투기 및 사회간접자본 관련 과제,-,2016~2023,1,미부착,제4유형,무,-,대통령 경제수석비서관 재직 시 수행한 부동산 투기 및 사회간접자본 관련 과제,-,영상,영상,-,정치,한국어,-,2016~2023,-,국회도서관,-,-,-,제4유형,저작물,보호저작물,○,상업적이용금지,○,○,○,○,○,○,X,-,-,-,-
,2088,영상,기록,국회도서관,국회기록보존소,HOME > 기록정보 콘텐츠 > 구술기록,시작멘트,-,2016~2023,1,미부착,제4유형,무,-,시작멘트,-,영상,영상,-,정치,한국어,-,2016~2023,-,국회도서관,-,-,-,제4유형,저작물,보호저작물,○,상업적이용금지,○,○,○,○,○,○,X,-,-,-,-
,2089,영상,기록,국회도서관,국회기록보존소,HOME > 기록정보 콘텐츠 > 구술기록,정일권 의장에 대한 견제,-,2016~2023,1,미부착,제4유형,무,-,정일권 의장에 대한 견제,-,영상,영상,-,정치,한국어,-,2016~2023,-,국회도서관,-,-,-,제4유형,저작물,보호저작물,○,상업적이용금지,○,○,○,○,○,○,X,-,-,-,-
,2090,영상,기록,국회도서관,국회기록보존소,HOME > 기록정보 콘텐츠 > 구술기록,정일권 의장에 대한 회고,-,2016~2023,1,미부착,제4유형,무,-,정일권 의장에 대한 회고,-,영상,영상,-,정치,한국어,-,2016~2023,-,국회도서관,-,-,-,제4유형,저작물,보호저작물,○,상업적이용금지,○,○,○,○,○,○,X,-,-,-,-
,2091,영상,기록,국회도서관,국회기록보존소,HOME > 기록정보 콘텐츠 > 구술기록,정계입문 배경,-,2016~2023,1,미부착,제4유형,무,-,정계입문 배경,-,영상,영상,-,정치,한국어,-,2016~2023,-,국회도서관,-,-,-,제4유형,저작물,보호저작물,○,상업적이용금지,○,○,○,○,○,○,X,-,-,-,-
,2092,영상,기록,국회도서관,국회기록보존소,HOME > 기록정보 콘텐츠 > 구술기록,기자시절,-,2016~2023,1,미부착,제4유형,무,-,기자시절,-,영상,영상,-,정치,한국어,-,2016~2023,-,국회도서관,-,-,-,제4유형,저작물,보호저작물,○,상업적이용금지,○,○,○,○,○,○,X,-,-,-,-
,2093,영상,기록,국회도서관,국회기록보존소,HOME > 기록정보 콘텐츠 > 구술기록,성장과정과 대학시절,-,2016~2023,1,미부착,제4유형,무,-,성장과정과 대학시절,-,영상,영상,-,정치,한국어,-,2016~2023,-,국회도서관,-,-,-,제4유형,저작물,보호저작물,○,상업적이용금지,○,○,○,○,○,○,X,-,-,-,-
,2094,영상,기록,국회도서관,국회기록보존소,HOME > 기록정보 콘텐츠 > 구술기록,국회의원 초기 정치활동,-,2016~2023,1,미부착,제4유형,무,-,국회의원 초기 정치활동,-,영상,영상,-,정치,한국어,-,2016~2023,-,국회도서관,-,-,-,제4유형,저작물,보호저작물,○,상업적이용금지,○,○,○,○,○,○,X,-,-,-,-
,2095,영상,기록,국회도서관,국회기록보존소,HOME > 기록정보 콘텐츠 > 구술기록,정치발전을 위한 조언,-,2016~2023,1,미부착,제4유형,무,-,정치발전을 위한 조언,-,영상,영상,-,정치,한국어,-,2016~2023,-,국회도서관,-,-,-,제4유형,저작물,보호저작물,○,상업적이용금지,○,○,○,○,○,○,X,-,-,-,-
,2096,영상,기록,국회도서관,국회기록보존소,HOME > 기록정보 콘텐츠 > 구술기록,불출마 선언과 정계은퇴,-,2016~2023,1,미부착,제4유형,무,-,불출마 선언과 정계은퇴,-,영상,영상,-,정치,한국어,-,2016~2023,-,국회도서관,-,-,-,제4유형,저작물,보호저작물,○,상업적이용금지,○,○,○,○,○,○,X,-,-,-,-
,2097,영상,기록,국회도서관,국회기록보존소,HOME > 기록정보 콘텐츠 > 구술기록,국회부의장 선출 배경과 의장단 구성,-,2016~2023,1,미부착,제4유형,무,-,국회부의장 선출 배경과 의장단 구성,-,영상,영상,-,정치,한국어,-,2016~2023,-,국회도서관,-,-,-,제4유형,저작물,보호저작물,○,상업적이용금지,○,○,○,○,○,○,X,-,-,-,-
,2098,영상,기록,국회도서관,국회기록보존소,HOME > 기록정보 콘텐츠 > 구술기록,이만섭 의장에 대한 회고,-,2016~2023,1,미부착,제4유형,무,-,이만섭 의장에 대한 회고,-,영상,영상,-,정치,한국어,-,2016~2023,-,국회도서관,-,-,-,제4유형,저작물,보호저작물,○,상업적이용금지,○,○,○,○,○,○,X,-,-,-,-
,2099,영상,기록,국회도서관,국회기록보존소,HOME > 기록정보 콘텐츠 > 구술기록,박정희 대통령과 김영삼 대표의 영수회담,-,2016~2023,1,미부착,제4유형,무,-,박정희 대통령과 김영삼 대표의 영수회담,-,영상,영상,-,정치,한국어,-,2016~2023,-,국회도서관,-,-,-,제4유형,저작물,보호저작물,○,상업적이용금지,○,○,○,○,○,○,X,-,-,-,-
,2100,영상,기록,국회도서관,국회기록보존소,HOME > 기록정보 콘텐츠 > 구술기록,제14대 이후 원내활동,-,2016~2023,1,미부착,제4유형,무,-,제14대 이후 원내활동,-,영상,영상,-,정치,한국어,-,2016~2023,-,국회도서관,-,-,-,제4유형,저작물,보호저작물,○,상업적이용금지,○,○,○,○,○,○,X,-,-,-,-
,2101,영상,기록,국회도서관,국회기록보존소,HOME > 기록정보 콘텐츠 > 구술기록,최근 근황,-,2016~2023,1,미부착,제4유형,무,-,최근 근황,-,영상,영상,-,정치,한국어,-,2016~2023,-,국회도서관,-,-,-,제4유형,저작물,보호저작물,○,상업적이용금지,○,○,○,○,○,○,X,-,-,-,-
,2102,영상,기록,국회도서관,국회기록보존소,HOME > 기록정보 콘텐츠 > 구술기록,제13대 대통령선거 운동과 제13대 국회의원 입후보 포기,-,2016~2023,1,미부착,제4유형,무,-,제13대 대통령선거 운동과 제13대 국회의원 입후보 포기,-,영상,영상,-,정치,한국어,-,2016~2023,-,국회도서관,-,-,-,제4유형,저작물,보호저작물,○,상업적이용금지,○,○,○,○,○,○,X,-,-,-,-
,2103,영상,기록,국회도서관,국회기록보존소,HOME > 기록정보 콘텐츠 > 구술기록,국가기관의 정치 개입,-,2016~2023,1,미부착,제4유형,무,-,국가기관의 정치 개입,-,영상,영상,-,정치,한국어,-,2016~2023,-,국회도서관,-,-,-,제4유형,저작물,보호저작물,○,상업적이용금지,○,○,○,○,○,○,X,-,-,-,-
,2104,영상,기록,국회도서관,국회기록보존소,HOME > 기록정보 콘텐츠 > 구술기록,제15대 국회의원 선거,-,2016~2023,1,미부착,제4유형,무,-,제15대 국회의원 선거,-,영상,영상,-,정치,한국어,-,2016~2023,-,국회도서관,-,-,-,제4유형,저작물,보호저작물,○,상업적이용금지,○,○,○,○,○,○,X,-,-,-,-
,2105,영상,기록,국회도서관,국회기록보존소,HOME > 기록정보 콘텐츠 > 구술기록,15대 국회 의정활동,-,2016~2023,1,미부착,제4유형,무,-,15대 국회 의정활동,-,영상,영상,-,정치,한국어,-,2016~2023,-,국회도서관,-,-,-,제4유형,저작물,보호저작물,○,상업적이용금지,○,○,○,○,○,○,X,-,-,-,-
,2106,영상,기록,국회도서관,국회기록보존소,HOME > 기록정보 콘텐츠 > 구술기록,제15대 대통령선거 운동,-,2016~2023,1,미부착,제4유형,무,-,제15대 대통령선거 운동,-,영상,영상,-,정치,한국어,-,2016~2023,-,국회도서관,-,-,-,제4유형,저작물,보호저작물,○,상업적이용금지,○,○,○,○,○,○,X,-,-,-,-
,2107,영상,기록,국회도서관,국회기록보존소,HOME > 기록정보 콘텐츠 > 구술기록,4.3사건 진상규명특별위원회 활동,-,2016~2023,1,미부착,제4유형,무,-,4.3사건 진상규명특별위원회 활동,-,영상,영상,-,정치,한국어,-,2016~2023,-,국회도서관,-,-,-,제4유형,저작물,보호저작물,○,상업적이용금지,○,○,○,○,○,○,X,-,-,-,-
,2108,영상,기록,국회도서관,국회기록보존소,HOME > 기록정보 콘텐츠 > 구술기록,인생의 보람과 아쉬움,-,2016~2023,1,미부착,제4유형,무,-,인생의 보람과 아쉬움,-,영상,영상,-,정치,한국어,-,2016~2023,-,국회도서관,-,-,-,제4유형,저작물,보호저작물,○,상업적이용금지,○,○,○,○,○,○,X,-,-,-,-
,2109,영상,기록,국회도서관,국회기록보존소,HOME > 기록정보 콘텐츠 > 구술기록,김종필에 대한 기억과 민주공화당 출입기자 시절,-,2016~2023,1,미부착,제4유형,무,-,김종필에 대한 기억과 민주공화당 출입기자 시절,-,영상,영상,-,정치,한국어,-,2016~2023,-,국회도서관,-,-,-,제4유형,저작물,보호저작물,○,상업적이용금지,○,○,○,○,○,○,X,-,-,-,-
,2110,영상,기록,국회도서관,국회기록보존소,HOME > 기록정보 콘텐츠 > 구술기록,정치 입문 과정,-,2016~2023,1,미부착,제4유형,무,-,정치 입문 과정,-,영상,영상,-,정치,한국어,-,2016~2023,-,국회도서관,-,-,-,제4유형,저작물,보호저작물,○,상업적이용금지,○,○,○,○,○,○,X,-,-,-,-
,2111,영상,기록,국회도서관,국회기록보존소,HOME > 기록정보 콘텐츠 > 구술기록,제11대 국회의원 선거의 분위기,-,2016~2023,1,미부착,제4유형,무,-,제11대 국회의원 선거의 분위기,-,영상,영상,-,정치,한국어,-,2016~2023,-,국회도서관,-,-,-,제4유형,저작물,보호저작물,○,상업적이용금지,○,○,○,○,○,○,X,-,-,-,-
,2112,영상,기록,국회도서관,국회기록보존소,HOME > 기록정보 콘텐츠 > 구술기록,김병로 전기의 출간,-,2016~2023,1,미부착,제4유형,무,-,김병로 전기의 출간,-,영상,영상,-,정치,한국어,-,2016~2023,-,국회도서관,-,-,-,제4유형,저작물,보호저작물,○,상업적이용금지,○,○,○,○,○,○,X,-,-,-,-
,2113,영상,기록,국회도서관,국회기록보존소,HOME > 기록정보 콘텐츠 > 구술기록,민주화추진협의회와 6월항쟁기 활동사항,-,2016~2023,1,미부착,제4유형,무,-,민주화추진협의회와 6월항쟁기 활동사항,-,영상,영상,-,정치,한국어,-,2016~2023,-,국회도서관,-,-,-,제4유형,저작물,보호저작물,○,상업적이용금지,○,○,○,○,○,○,X,-,-,-,-
,2114,영상,기록,국회도서관,국회기록보존소,HOME > 기록정보 콘텐츠 > 구술기록,시작멘트,-,2016~2023,1,미부착,제4유형,무,-,시작멘트,-,영상,영상,-,정치,한국어,-,2016~2023,-,국회도서관,-,-,-,제4유형,저작물,보호저작물,○,상업적이용금지,○,○,○,○,○,○,X,-,-,-,-
,2115,영상,기록,국회도서관,국회기록보존소,HOME > 기록정보 콘텐츠 > 구술기록,근황과 건강상태,-,2016~2023,1,미부착,제4유형,무,-,근황과 건강상태,-,영상,영상,-,정치,한국어,-,2016~2023,-,국회도서관,-,-,-,제4유형,저작물,보호저작물,○,상업적이용금지,○,○,○,○,○,○,X,-,-,-,-
,2116,영상,기록,국회도서관,국회기록보존소,HOME > 기록정보 콘텐츠 > 구술기록,성장 과정과 대학 생활,-,2016~2023,1,미부착,제4유형,무,-,성장 과정과 대학 생활,-,영상,영상,-,정치,한국어,-,2016~2023,-,국회도서관,-,-,-,제4유형,저작물,보호저작물,○,상업적이용금지,○,○,○,○,○,○,X,-,-,-,-
,2117,영상,기록,국회도서관,국회기록보존소,HOME > 기록정보 콘텐츠 > 구술기록,경향신문 정치부 기자 시기,-,2016~2023,1,미부착,제4유형,무,-,경향신문 정치부 기자 시기,-,영상,영상,-,정치,한국어,-,2016~2023,-,국회도서관,-,-,-,제4유형,저작물,보호저작물,○,상업적이용금지,○,○,○,○,○,○,X,-,-,-,-
,2118,영상,기록,국회도서관,국회기록보존소,HOME > 기록정보 콘텐츠 > 구술기록,5.18 진상규명의 과제,-,2016~2023,1,미부착,제4유형,무,-,5.18 진상규명의 과제,-,영상,영상,-,정치,한국어,-,2016~2023,-,국회도서관,-,-,-,제4유형,저작물,보호저작물,○,상업적이용금지,○,○,○,○,○,○,X,-,-,-,-
,2119,영상,기록,국회도서관,국회기록보존소,HOME > 기록정보 콘텐츠 > 구술기록,신동아 필화사건,-,2016~2023,1,미부착,제4유형,무,-,신동아 필화사건,-,영상,영상,-,정치,한국어,-,2016~2023,-,국회도서관,-,-,-,제4유형,저작물,보호저작물,○,상업적이용금지,○,○,○,○,○,○,X,-,-,-,-
,2120,영상,기록,국회도서관,국회기록보존소,HOME > 기록정보 콘텐츠 > 구술기록,시작멘트,-,2016~2023,1,미부착,제4유형,무,-,시작멘트,-,영상,영상,-,정치,한국어,-,2016~2023,-,국회도서관,-,-,-,제4유형,저작물,보호저작물,○,상업적이용금지,○,○,○,○,○,○,X,-,-,-,-
,2121,영상,기록,국회도서관,국회기록보존소,HOME > 기록정보 콘텐츠 > 구술기록,당 대변인 직무 수행,-,2016~2023,1,미부착,제4유형,무,-,당 대변인 직무 수행,-,영상,영상,-,정치,한국어,-,2016~2023,-,국회도서관,-,-,-,제4유형,저작물,보호저작물,○,상업적이용금지,○,○,○,○,○,○,X,-,-,-,-
,2122,영상,기록,국회도서관,국회기록보존소,HOME > 기록정보 콘텐츠 > 구술기록,제12대 국회의원 선거 낙선,-,2016~2023,1,미부착,제4유형,무,-,제12대 국회의원 선거 낙선,-,영상,영상,-,정치,한국어,-,2016~2023,-,국회도서관,-,-,-,제4유형,저작물,보호저작물,○,상업적이용금지,○,○,○,○,○,○,X,-,-,-,-
,2123,영상,기록,국회도서관,국회기록보존소,HOME > 기록정보 콘텐츠 > 구술기록,시작멘트,-,2016~2023,1,미부착,제4유형,무,-,시작멘트,-,영상,영상,-,정치,한국어,-,2016~2023,-,국회도서관,-,-,-,제4유형,저작물,보호저작물,○,상업적이용금지,○,○,○,○,○,○,X,-,-,-,-
,2124,영상,기록,국회도서관,국회기록보존소,HOME > 기록정보 콘텐츠 > 구술기록,정치 문필가 시기,-,2016~2023,1,미부착,제4유형,무,-,정치 문필가 시기,-,영상,영상,-,정치,한국어,-,2016~2023,-,국회도서관,-,-,-,제4유형,저작물,보호저작물,○,상업적이용금지,○,○,○,○,○,○,X,-,-,-,-
,2125,영상,기록,국회도서관,국회기록보존소,HOME > 기록정보 콘텐츠 > 구술기록,제15대 대통령선거 결과에 대한 감회,-,2016~2023,1,미부착,제4유형,무,-,제15대 대통령선거 결과에 대한 감회,-,영상,영상,-,정치,한국어,-,2016~2023,-,국회도서관,-,-,-,제4유형,저작물,보호저작물,○,상업적이용금지,○,○,○,○,○,○,X,-,-,-,-
,2126,영상,기록,국회도서관,국회기록보존소,HOME > 기록정보 콘텐츠 > 구술기록,국회도서관에 소장 자료 기증,-,2016~2023,1,미부착,제4유형,무,-,국회도서관에 소장 자료 기증,-,영상,영상,-,정치,한국어,-,2016~2023,-,국회도서관,-,-,-,제4유형,저작물,보호저작물,○,상업적이용금지,○,○,○,○,○,○,X,-,-,-,-
,2127,영상,기록,국회도서관,국회기록보존소,HOME > 기록정보 콘텐츠 > 구술기록,김진배 전 국회의원 구술채록,-,2016~2023,1,미부착,제4유형,무,-,김진배 전 국회의원 구술채록,-,영상,영상,-,정치,한국어,-,2016~2023,-,국회도서관,-,-,-,제4유형,저작물,보호저작물,○,상업적이용금지,○,○,○,○,○,○,X,-,-,-,-
,2128,영상,기록,국회도서관,국회기록보존소,HOME > 기록정보 콘텐츠 > 구술기록,제11대 국회 상임위원회 활동,-,2016~2023,1,미부착,제4유형,무,-,제11대 국회 상임위원회 활동,-,영상,영상,-,정치,한국어,-,2016~2023,-,국회도서관,-,-,-,제4유형,저작물,보호저작물,○,상업적이용금지,○,○,○,○,○,○,X,-,-,-,-
,2129,영상,기록,국회도서관,국회기록보존소,HOME > 기록정보 콘텐츠 > 구술기록,국군보안사령부의 야당 창당 개입,-,2016~2023,1,미부착,제4유형,무,-,국군보안사령부의 야당 창당 개입,-,영상,영상,-,정치,한국어,-,2016~2023,-,국회도서관,-,-,-,제4유형,저작물,보호저작물,○,상업적이용금지,○,○,○,○,○,○,X,-,-,-,-
,2130,영상,기록,국회도서관,국회기록보존소,HOME > 기록정보 콘텐츠 > 구술기록,정치활동 재개의 경위,-,2016~2023,1,미부착,제4유형,무,-,정치활동 재개의 경위,-,영상,영상,-,정치,한국어,-,2016~2023,-,국회도서관,-,-,-,제4유형,저작물,보호저작물,○,상업적이용금지,○,○,○,○,○,○,X,-,-,-,-
,2131,영상,기록,국회도서관,국회기록보존소,HOME > 기록정보 콘텐츠 > 구술기록,최근 근황,-,2016~2023,1,미부착,제4유형,무,-,최근 근황,-,영상,영상,-,정치,한국어,-,2016~2023,-,국회도서관,-,-,-,제4유형,저작물,보호저작물,○,상업적이용금지,○,○,○,○,○,○,X,-,-,-,-
,2132,영상,기록,국회도서관,국회기록보존소,HOME > 기록정보 콘텐츠 > 구술기록,삼당합당 전후의 상황,-,2016~2023,1,미부착,제4유형,무,-,삼당합당 전후의 상황,-,영상,영상,-,정치,한국어,-,2016~2023,-,국회도서관,-,-,-,제4유형,저작물,보호저작물,○,상업적이용금지,○,○,○,○,○,○,X,-,-,-,-
,2133,영상,기록,국회도서관,국회기록보존소,HOME > 기록정보 콘텐츠 > 구술기록,청소년기 성장과정과 대학진학,-,2016~2023,1,미부착,제4유형,무,-,청소년기 성장과정과 대학진학,-,영상,영상,-,정치,한국어,-,2016~2023,-,국회도서관,-,-,-,제4유형,저작물,보호저작물,○,상업적이용금지,○,○,○,○,○,○,X,-,-,-,-
,2134,영상,기록,국회도서관,국회기록보존소,HOME > 기록정보 콘텐츠 > 구술기록,대학 졸업 후 연구 활동,-,2016~2023,1,미부착,제4유형,무,-,대학 졸업 후 연구 활동,-,영상,영상,-,정치,한국어,-,2016~2023,-,국회도서관,-,-,-,제4유형,저작물,보호저작물,○,상업적이용금지,○,○,○,○,○,○,X,-,-,-,-
,2135,영상,기록,국회도서관,국회기록보존소,HOME > 기록정보 콘텐츠 > 구술기록,한국정책연구회활동을 통해 정계입문,-,2016~2023,1,미부착,제4유형,무,-,한국정책연구회활동을 통해 정계입문,-,영상,영상,-,정치,한국어,-,2016~2023,-,국회도서관,-,-,-,제4유형,저작물,보호저작물,○,상업적이용금지,○,○,○,○,○,○,X,-,-,-,-
,2136,영상,기록,국회도서관,국회기록보존소,HOME > 기록정보 콘텐츠 > 구술기록,소석 이철승의 비서활동과 총선 출마,-,2016~2023,1,미부착,제4유형,무,-,소석 이철승의 비서활동과 총선 출마,-,영상,영상,-,정치,한국어,-,2016~2023,-,국회도서관,-,-,-,제4유형,저작물,보호저작물,○,상업적이용금지,○,○,○,○,○,○,X,-,-,-,-
,2137,영상,기록,국회도서관,국회기록보존소,HOME > 기록정보 콘텐츠 > 구술기록,지방자치제의 과정과 의미,-,2016~2023,1,미부착,제4유형,무,-,지방자치제의 과정과 의미,-,영상,영상,-,정치,한국어,-,2016~2023,-,국회도서관,-,-,-,제4유형,저작물,보호저작물,○,상업적이용금지,○,○,○,○,○,○,X,-,-,-,-
,2138,영상,기록,국회도서관,국회기록보존소,HOME > 기록정보 콘텐츠 > 구술기록,최초의 직선 원내총무로서 주요활동,-,2016~2023,1,미부착,제4유형,무,-,최초의 직선 원내총무로서 주요활동,-,영상,영상,-,정치,한국어,-,2016~2023,-,국회도서관,-,-,-,제4유형,저작물,보호저작물,○,상업적이용금지,○,○,○,○,○,○,X,-,-,-,-
,2139,영상,기록,국회도서관,국회기록보존소,HOME > 기록정보 콘텐츠 > 구술기록,당 사무총장 시절의 일화,-,2016~2023,1,미부착,제4유형,무,-,당 사무총장 시절의 일화,-,영상,영상,-,정치,한국어,-,2016~2023,-,국회도서관,-,-,-,제4유형,저작물,보호저작물,○,상업적이용금지,○,○,○,○,○,○,X,-,-,-,-
,2140,영상,기록,국회도서관,국회기록보존소,HOME > 기록정보 콘텐츠 > 구술기록,새천년민주당의 탄생,-,2016~2023,1,미부착,제4유형,무,-,새천년민주당의 탄생,-,영상,영상,-,정치,한국어,-,2016~2023,-,국회도서관,-,-,-,제4유형,저작물,보호저작물,○,상업적이용금지,○,○,○,○,○,○,X,-,-,-,-
,2141,영상,기록,국회도서관,국회기록보존소,HOME > 기록정보 콘텐츠 > 구술기록,국회 의장단의 소통과 국회 운영,-,2016~2023,1,미부착,제4유형,무,-,국회 의장단의 소통과 국회 운영,-,영상,영상,-,정치,한국어,-,2016~2023,-,국회도서관,-,-,-,제4유형,저작물,보호저작물,○,상업적이용금지,○,○,○,○,○,○,X,-,-,-,-
,2142,영상,기록,국회도서관,국회기록보존소,HOME > 기록정보 콘텐츠 > 구술기록,노무현 대통령 탄핵소추안 처리 과정,-,2016~2023,1,미부착,제4유형,무,-,노무현 대통령 탄핵소추안 처리 과정,-,영상,영상,-,정치,한국어,-,2016~2023,-,국회도서관,-,-,-,제4유형,저작물,보호저작물,○,상업적이용금지,○,○,○,○,○,○,X,-,-,-,-
,2143,영상,기록,국회도서관,국회기록보존소,HOME > 기록정보 콘텐츠 > 구술기록,시작멘트,-,2016~2023,1,미부착,제4유형,무,-,시작멘트,-,영상,영상,-,정치,한국어,-,2016~2023,-,국회도서관,-,-,-,제4유형,저작물,보호저작물,○,상업적이용금지,○,○,○,○,○,○,X,-,-,-,-
,2144,영상,기록,국회도서관,국회기록보존소,HOME > 기록정보 콘텐츠 > 구술기록,주요 입법활동과 의정활동,-,2016~2023,1,미부착,제4유형,무,-,주요 입법활동과 의정활동,-,영상,영상,-,정치,한국어,-,2016~2023,-,국회도서관,-,-,-,제4유형,저작물,보호저작물,○,상업적이용금지,○,○,○,○,○,○,X,-,-,-,-
,2145,영상,기록,국회도서관,국회기록보존소,HOME > 기록정보 콘텐츠 > 구술기록,정치발전을 위한 조언,-,2016~2023,1,미부착,제4유형,무,-,정치발전을 위한 조언,-,영상,영상,-,정치,한국어,-,2016~2023,-,국회도서관,-,-,-,제4유형,저작물,보호저작물,○,상업적이용금지,○,○,○,○,○,○,X,-,-,-,-
,2146,영상,기록,국회도서관,국회기록보존소,HOME > 기록정보 콘텐츠 > 구술기록,제11대 국회시기 주요 의정활동,-,2016~2023,1,미부착,제4유형,무,-,제11대 국회시기 주요 의정활동,-,영상,영상,-,정치,한국어,-,2016~2023,-,국회도서관,-,-,-,제4유형,저작물,보호저작물,○,상업적이용금지,○,○,○,○,○,○,X,-,-,-,-
,2147,영상,기록,국회도서관,국회기록보존소,HOME > 기록정보 콘텐츠 > 구술기록,1980년대 중반 야권의 변화,-,2016~2023,1,미부착,제4유형,무,-,1980년대 중반 야권의 변화,-,영상,영상,-,정치,한국어,-,2016~2023,-,국회도서관,-,-,-,제4유형,저작물,보호저작물,○,상업적이용금지,○,○,○,○,○,○,X,-,-,-,-
,2148,영상,기록,국회도서관,국회기록보존소,HOME > 기록정보 콘텐츠 > 구술기록,평화민주당 대변인 임명,-,2016~2023,1,미부착,제4유형,무,-,평화민주당 대변인 임명,-,영상,영상,-,정치,한국어,-,2016~2023,-,국회도서관,-,-,-,제4유형,저작물,보호저작물,○,상업적이용금지,○,○,○,○,○,○,X,-,-,-,-
,2149,영상,기록,국회도서관,국회기록보존소,HOME > 기록정보 콘텐츠 > 구술기록,출생과 어린 시절,-,2016~2023,1,미부착,제4유형,무,-,출생과 어린 시절,-,영상,영상,-,정치,한국어,-,2016~2023,-,국회도서관,-,-,-,제4유형,저작물,보호저작물,○,상업적이용금지,○,○,○,○,○,○,X,-,-,-,-
,2150,영상,기록,국회도서관,국회기록보존소,HOME > 기록정보 콘텐츠 > 구술기록,국회 내부 소통을 위한 활동,-,2016~2023,1,미부착,제4유형,무,-,국회 내부 소통을 위한 활동,-,영상,영상,-,정치,한국어,-,2016~2023,-,국회도서관,-,-,-,제4유형,저작물,보호저작물,○,상업적이용금지,○,○,○,○,○,○,X,-,-,-,-
,2151,영상,기록,국회도서관,국회기록보존소,HOME > 기록정보 콘텐츠 > 구술기록,가장 기억에 남는 총선과정,-,2016~2023,1,미부착,제4유형,무,-,가장 기억에 남는 총선과정,-,영상,영상,-,정치,한국어,-,2016~2023,-,국회도서관,-,-,-,제4유형,저작물,보호저작물,○,상업적이용금지,○,○,○,○,○,○,X,-,-,-,-
,2152,영상,기록,국회도서관,국회기록보존소,HOME > 기록정보 콘텐츠 > 구술기록,민주주의의 발전과 의회민주주의 발전에 대한 견해,-,2016~2023,1,미부착,제4유형,무,-,민주주의의 발전과 의회민주주의 발전에 대한 견해,-,영상,영상,-,정치,한국어,-,2016~2023,-,국회도서관,-,-,-,제4유형,저작물,보호저작물,○,상업적이용금지,○,○,○,○,○,○,X,-,-,-,-
,2153,영상,기록,국회도서관,국회기록보존소,HOME > 기록정보 콘텐츠 > 구술기록,시작멘트,-,2016~2023,1,미부착,제4유형,무,-,시작멘트,-,영상,영상,-,정치,한국어,-,2016~2023,-,국회도서관,-,-,-,제4유형,저작물,보호저작물,○,상업적이용금지,○,○,○,○,○,○,X,-,-,-,-
,2154,영상,기록,국회도서관,국회기록보존소,HOME > 기록정보 콘텐츠 > 구술기록,국회의장 취임 직후 개헌에 대한 의견,-,2016~2023,1,미부착,제4유형,무,-,국회의장 취임 직후 개헌에 대한 의견,-,영상,영상,-,정치,한국어,-,2016~2023,-,국회도서관,-,-,-,제4유형,저작물,보호저작물,○,상업적이용금지,○,○,○,○,○,○,X,-,-,-,-
,2155,영상,기록,국회도서관,국회기록보존소,HOME > 기록정보 콘텐츠 > 구술기록,사대강 사업과 여야대립,-,2016~2023,1,미부착,제4유형,무,-,사대강 사업과 여야대립,-,영상,영상,-,정치,한국어,-,2016~2023,-,국회도서관,-,-,-,제4유형,저작물,보호저작물,○,상업적이용금지,○,○,○,○,○,○,X,-,-,-,-
,2156,영상,기록,국회도서관,국회기록보존소,HOME > 기록정보 콘텐츠 > 구술기록,노동법 재개정과 여야대립,-,2016~2023,1,미부착,제4유형,무,-,노동법 재개정과 여야대립,-,영상,영상,-,정치,한국어,-,2016~2023,-,국회도서관,-,-,-,제4유형,저작물,보호저작물,○,상업적이용금지,○,○,○,○,○,○,X,-,-,-,-
,2157,영상,기록,국회도서관,국회기록보존소,HOME > 기록정보 콘텐츠 > 구술기록,국회 개혁에 대한 의견,-,2016~2023,1,미부착,제4유형,무,-,국회 개혁에 대한 의견,-,영상,영상,-,정치,한국어,-,2016~2023,-,국회도서관,-,-,-,제4유형,저작물,보호저작물,○,상업적이용금지,○,○,○,○,○,○,X,-,-,-,-
,2158,영상,기록,국회도서관,국회기록보존소,HOME > 기록정보 콘텐츠 > 구술기록,청와대 근무시절 에피소드,-,2016~2023,1,미부착,제4유형,무,-,청와대 근무시절 에피소드,-,영상,영상,-,정치,한국어,-,2016~2023,-,국회도서관,-,-,-,제4유형,저작물,보호저작물,○,상업적이용금지,○,○,○,○,○,○,X,-,-,-,-
,2159,영상,기록,국회도서관,국회기록보존소,HOME > 기록정보 콘텐츠 > 구술기록,청와대 행정관 시절 주요사건,-,2016~2023,1,미부착,제4유형,무,-,청와대 행정관 시절 주요사건,-,영상,영상,-,정치,한국어,-,2016~2023,-,국회도서관,-,-,-,제4유형,저작물,보호저작물,○,상업적이용금지,○,○,○,○,○,○,X,-,-,-,-
,2160,영상,기록,국회도서관,국회기록보존소,HOME > 기록정보 콘텐츠 > 구술기록,1994년 총선 출마와 정치관,-,2016~2023,1,미부착,제4유형,무,-,1994년 총선 출마와 정치관,-,영상,영상,-,정치,한국어,-,2016~2023,-,국회도서관,-,-,-,제4유형,저작물,보호저작물,○,상업적이용금지,○,○,○,○,○,○,X,-,-,-,-
,2161,영상,기록,국회도서관,국회기록보존소,HOME > 기록정보 콘텐츠 > 구술기록,초선 국회의원 활동,-,2016~2023,1,미부착,제4유형,무,-,초선 국회의원 활동,-,영상,영상,-,정치,한국어,-,2016~2023,-,국회도서관,-,-,-,제4유형,저작물,보호저작물,○,상업적이용금지,○,○,○,○,○,○,X,-,-,-,-
,2162,영상,기록,국회도서관,국회기록보존소,HOME > 기록정보 콘텐츠 > 구술기록,과학기술정보통신위원회 상임위 활동,-,2016~2023,1,미부착,제4유형,무,-,과학기술정보통신위원회 상임위 활동,-,영상,영상,-,정치,한국어,-,2016~2023,-,국회도서관,-,-,-,제4유형,저작물,보호저작물,○,상업적이용금지,○,○,○,○,○,○,X,-,-,-,-
,2163,영상,기록,국회도서관,국회기록보존소,HOME > 기록정보 콘텐츠 > 구술기록,국회 직원들을 위한 활동,-,2016~2023,1,미부착,제4유형,무,-,국회 직원들을 위한 활동,-,영상,영상,-,정치,한국어,-,2016~2023,-,국회도서관,-,-,-,제4유형,저작물,보호저작물,○,상업적이용금지,○,○,○,○,○,○,X,-,-,-,-
,2164,영상,기록,국회도서관,국회기록보존소,HOME > 기록정보 콘텐츠 > 구술기록,올바른 정치인에 대한 견해,-,2016~2023,1,미부착,제4유형,무,-,올바른 정치인에 대한 견해,-,영상,영상,-,정치,한국어,-,2016~2023,-,국회도서관,-,-,-,제4유형,저작물,보호저작물,○,상업적이용금지,○,○,○,○,○,○,X,-,-,-,-
,2165,영상,기록,국회도서관,국회기록보존소,HOME > 기록정보 콘텐츠 > 구술기록,바람직한 국정감사를 위한 조언,-,2016~2023,1,미부착,제4유형,무,-,바람직한 국정감사를 위한 조언,-,영상,영상,-,정치,한국어,-,2016~2023,-,국회도서관,-,-,-,제4유형,저작물,보호저작물,○,상업적이용금지,○,○,○,○,○,○,X,-,-,-,-
,2166,영상,기록,국회도서관,국회기록보존소,HOME > 기록정보 콘텐츠 > 구술기록,국회의장으로서 외교활동,-,2016~2023,1,미부착,제4유형,무,-,국회의장으로서 외교활동,-,영상,영상,-,정치,한국어,-,2016~2023,-,국회도서관,-,-,-,제4유형,저작물,보호저작물,○,상업적이용금지,○,○,○,○,○,○,X,-,-,-,-
,2167,영상,기록,국회도서관,국회기록보존소,HOME > 기록정보 콘텐츠 > 구술기록,추경예산결정과 갈등,-,2016~2023,1,미부착,제4유형,무,-,추경예산결정과 갈등,-,영상,영상,-,정치,한국어,-,2016~2023,-,국회도서관,-,-,-,제4유형,저작물,보호저작물,○,상업적이용금지,○,○,○,○,○,○,X,-,-,-,-
,2168,영상,기록,국회도서관,국회기록보존소,HOME > 기록정보 콘텐츠 > 구술기록,미디어법 제정과정,-,2016~2023,1,미부착,제4유형,무,-,미디어법 제정과정,-,영상,영상,-,정치,한국어,-,2016~2023,-,국회도서관,-,-,-,제4유형,저작물,보호저작물,○,상업적이용금지,○,○,○,○,○,○,X,-,-,-,-
,2169,영상,기록,국회도서관,국회기록보존소,HOME > 기록정보 콘텐츠 > 구술기록,국외활동과 중동순방,-,2016~2023,1,미부착,제4유형,무,-,국외활동과 중동순방,-,영상,영상,-,정치,한국어,-,2016~2023,-,국회도서관,-,-,-,제4유형,저작물,보호저작물,○,상업적이용금지,○,○,○,○,○,○,X,-,-,-,-
,2170,영상,기록,국회도서관,국회기록보존소,HOME > 기록정보 콘텐츠 > 구술기록,저술활동,-,2016~2023,1,미부착,제4유형,무,-,저술활동,-,영상,영상,-,정치,한국어,-,2016~2023,-,국회도서관,-,-,-,제4유형,저작물,보호저작물,○,상업적이용금지,○,○,○,○,○,○,X,-,-,-,-
,2171,영상,기록,국회도서관,국회기록보존소,HOME > 기록정보 콘텐츠 > 구술기록,최근근황,-,2016~2023,1,미부착,제4유형,무,-,최근근황,-,영상,영상,-,정치,한국어,-,2016~2023,-,국회도서관,-,-,-,제4유형,저작물,보호저작물,○,상업적이용금지,○,○,○,○,○,○,X,-,-,-,-
,2172,영상,기록,국회도서관,국회기록보존소,HOME > 기록정보 콘텐츠 > 구술기록,불출마 선언과 이후 정치행보,-,2016~2023,1,미부착,제4유형,무,-,불출마 선언과 이후 정치행보,-,영상,영상,-,정치,한국어,-,2016~2023,-,국회도서관,-,-,-,제4유형,저작물,보호저작물,○,상업적이용금지,○,○,○,○,○,○,X,-,-,-,-
,2173,영상,기록,국회도서관,국회기록보존소,HOME > 기록정보 콘텐츠 > 구술기록,유약했던 어린시절과 부산에서의 학창시절,-,2016~2023,1,미부착,제4유형,무,-,유약했던 어린시절과 부산에서의 학창시절,-,영상,영상,-,정치,한국어,-,2016~2023,-,국회도서관,-,-,-,제4유형,저작물,보호저작물,○,상업적이용금지,○,○,○,○,○,○,X,-,-,-,-
,2174,영상,기록,국회도서관,국회기록보존소,HOME > 기록정보 콘텐츠 > 구술기록,시작멘트,-,2016~2023,1,미부착,제4유형,무,-,시작멘트,-,영상,영상,-,정치,한국어,-,2016~2023,-,국회도서관,-,-,-,제4유형,저작물,보호저작물,○,상업적이용금지,○,○,○,○,○,○,X,-,-,-,-
,2175,영상,기록,국회도서관,국회기록보존소,HOME > 기록정보 콘텐츠 > 구술기록,대학진학과 에피소드,-,2016~2023,1,미부착,제4유형,무,-,대학진학과 에피소드,-,영상,영상,-,정치,한국어,-,2016~2023,-,국회도서관,-,-,-,제4유형,저작물,보호저작물,○,상업적이용금지,○,○,○,○,○,○,X,-,-,-,-
,2176,영상,기록,국회도서관,국회기록보존소,HOME > 기록정보 콘텐츠 > 구술기록,대학진학 과정과 전공 선택,-,2016~2023,1,미부착,제4유형,무,-,대학진학 과정과 전공 선택,-,영상,영상,-,정치,한국어,-,2016~2023,-,국회도서관,-,-,-,제4유형,저작물,보호저작물,○,상업적이용금지,○,○,○,○,○,○,X,-,-,-,-
,2177,영상,기록,국회도서관,국회기록보존소,HOME > 기록정보 콘텐츠 > 구술기록,동아일보 입사와 기자생활,-,2016~2023,1,미부착,제4유형,무,-,동아일보 입사와 기자생활,-,영상,영상,-,정치,한국어,-,2016~2023,-,국회도서관,-,-,-,제4유형,저작물,보호저작물,○,상업적이용금지,○,○,○,○,○,○,X,-,-,-,-
,2178,영상,기록,국회도서관,국회기록보존소,HOME > 기록정보 콘텐츠 > 구술기록,기획조정위원장 시절 에피소드,-,2016~2023,1,미부착,제4유형,무,-,기획조정위원장 시절 에피소드,-,영상,영상,-,정치,한국어,-,2016~2023,-,국회도서관,-,-,-,제4유형,저작물,보호저작물,○,상업적이용금지,○,○,○,○,○,○,X,-,-,-,-
,2179,영상,기록,국회도서관,국회기록보존소,HOME > 기록정보 콘텐츠 > 구술기록,한나라당 사무부총장시절 에피소드,-,2016~2023,1,미부착,제4유형,무,-,한나라당 사무부총장시절 에피소드,-,영상,영상,-,정치,한국어,-,2016~2023,-,국회도서관,-,-,-,제4유형,저작물,보호저작물,○,상업적이용금지,○,○,○,○,○,○,X,-,-,-,-
,2180,영상,기록,국회도서관,국회기록보존소,HOME > 기록정보 콘텐츠 > 구술기록,시작멘트,-,2016~2023,1,미부착,제4유형,무,-,시작멘트,-,영상,영상,-,정치,한국어,-,2016~2023,-,국회도서관,-,-,-,제4유형,저작물,보호저작물,○,상업적이용금지,○,○,○,○,○,○,X,-,-,-,-
,2181,영상,기록,국회도서관,국회기록보존소,HOME > 기록정보 콘텐츠 > 구술기록,원내대표 당선과 당내 경선,-,2016~2023,1,미부착,제4유형,무,-,원내대표 당선과 당내 경선,-,영상,영상,-,정치,한국어,-,2016~2023,-,국회도서관,-,-,-,제4유형,저작물,보호저작물,○,상업적이용금지,○,○,○,○,○,○,X,-,-,-,-
,2182,영상,기록,국회도서관,국회기록보존소,HOME > 기록정보 콘텐츠 > 구술기록,원내대표시기 주요사안 1,-,2016~2023,1,미부착,제4유형,무,-,원내대표시기 주요사안 1,-,영상,영상,-,정치,한국어,-,2016~2023,-,국회도서관,-,-,-,제4유형,저작물,보호저작물,○,상업적이용금지,○,○,○,○,○,○,X,-,-,-,-
,2183,영상,기록,국회도서관,국회기록보존소,HOME > 기록정보 콘텐츠 > 구술기록,원내대표시기 주요사안 2,-,2016~2023,1,미부착,제4유형,무,-,원내대표시기 주요사안 2,-,영상,영상,-,정치,한국어,-,2016~2023,-,국회도서관,-,-,-,제4유형,저작물,보호저작물,○,상업적이용금지,○,○,○,○,○,○,X,-,-,-,-
,2184,영상,기록,국회도서관,국회기록보존소,HOME > 기록정보 콘텐츠 > 구술기록,제16대 국회의원 활동,-,2016~2023,1,미부착,제4유형,무,-,제16대 국회의원 활동,-,영상,영상,-,정치,한국어,-,2016~2023,-,국회도서관,-,-,-,제4유형,저작물,보호저작물,○,상업적이용금지,○,○,○,○,○,○,X,-,-,-,-
,2185,영상,기록,국회도서관,국회기록보존소,HOME > 기록정보 콘텐츠 > 구술기록,광화문 복원과 현판교체 당시 유홍준 청장과의 논쟁,-,2016~2023,1,미부착,제4유형,무,-,광화문 복원과 현판교체 당시 유홍준 청장과의 논쟁,-,영상,영상,-,정치,한국어,-,2016~2023,-,국회도서관,-,-,-,제4유형,저작물,보호저작물,○,상업적이용금지,○,○,○,○,○,○,X,-,-,-,-
,2186,영상,기록,국회도서관,국회기록보존소,HOME > 기록정보 콘텐츠 > 구술기록,국회의원시절 다방면에서의 활동,-,2016~2023,1,미부착,제4유형,무,-,국회의원시절 다방면에서의 활동,-,영상,영상,-,정치,한국어,-,2016~2023,-,국회도서관,-,-,-,제4유형,저작물,보호저작물,○,상업적이용금지,○,○,○,○,○,○,X,-,-,-,-
,2187,영상,기록,국회도서관,국회기록보존소,HOME > 기록정보 콘텐츠 > 구술기록,제18대 전반기 국회의장 당선과 활동,-,2016~2023,1,미부착,제4유형,무,-,제18대 전반기 국회의장 당선과 활동,-,영상,영상,-,정치,한국어,-,2016~2023,-,국회도서관,-,-,-,제4유형,저작물,보호저작물,○,상업적이용금지,○,○,○,○,○,○,X,-,-,-,-
,2188,영상,기록,국회도서관,국회기록보존소,HOME > 기록정보 콘텐츠 > 구술기록,시작멘트,-,2016~2023,1,미부착,제4유형,무,-,시작멘트,-,영상,영상,-,정치,한국어,-,2016~2023,-,국회도서관,-,-,-,제4유형,저작물,보호저작물,○,상업적이용금지,○,○,○,○,○,○,X,-,-,-,-
,2189,영상,기록,국회도서관,국회기록보존소,HOME > 기록정보 콘텐츠 > 구술기록,정계 은퇴 후 근황,-,2016~2023,1,미부착,제4유형,무,-,정계 은퇴 후 근황,-,영상,영상,-,정치,한국어,-,2016~2023,-,국회도서관,-,-,-,제4유형,저작물,보호저작물,○,상업적이용금지,○,○,○,○,○,○,X,-,-,-,-
,2190,영상,기록,국회도서관,국회기록보존소,HOME > 기록정보 콘텐츠 > 구술기록,제21대 총선 공천관리위원장 활동,-,2016~2023,1,미부착,제4유형,무,-,제21대 총선 공천관리위원장 활동,-,영상,영상,-,정치,한국어,-,2016~2023,-,국회도서관,-,-,-,제4유형,저작물,보호저작물,○,상업적이용금지,○,○,○,○,○,○,X,-,-,-,-
,2191,영상,기록,국회도서관,국회기록보존소,HOME > 기록정보 콘텐츠 > 구술기록,제16대 국회 상임위원장 활동,-,2016~2023,1,미부착,제4유형,무,-,제16대 국회 상임위원장 활동,-,영상,영상,-,정치,한국어,-,2016~2023,-,국회도서관,-,-,-,제4유형,저작물,보호저작물,○,상업적이용금지,○,○,○,○,○,○,X,-,-,-,-
,2192,영상,기록,국회도서관,국회기록보존소,HOME > 기록정보 콘텐츠 > 구술기록,인재영입위원장 활동,-,2016~2023,1,미부착,제4유형,무,-,인재영입위원장 활동,-,영상,영상,-,정치,한국어,-,2016~2023,-,국회도서관,-,-,-,제4유형,저작물,보호저작물,○,상업적이용금지,○,○,○,○,○,○,X,-,-,-,-
,2193,영상,기록,국회도서관,국회기록보존소,HOME > 기록정보 콘텐츠 > 구술기록,노무현 전 대통령 탄핵소추안 추진 상황 회고,-,2016~2023,1,미부착,제4유형,무,-,노무현 전 대통령 탄핵소추안 추진 상황 회고,-,영상,영상,-,정치,한국어,-,2016~2023,-,국회도서관,-,-,-,제4유형,저작물,보호저작물,○,상업적이용금지,○,○,○,○,○,○,X,-,-,-,-
,2194,영상,기록,국회도서관,국회기록보존소,HOME > 기록정보 콘텐츠 > 구술기록,한나라당 사무총장 임명 과정,-,2016~2023,1,미부착,제4유형,무,-,한나라당 사무총장 임명 과정,-,영상,영상,-,정치,한국어,-,2016~2023,-,국회도서관,-,-,-,제4유형,저작물,보호저작물,○,상업적이용금지,○,○,○,○,○,○,X,-,-,-,-
,2195,영상,기록,국회도서관,국회기록보존소,HOME > 기록정보 콘텐츠 > 구술기록,한나라당 천막당사 생활과 염창동 당사 마련,-,2016~2023,1,미부착,제4유형,무,-,한나라당 천막당사 생활과 염창동 당사 마련,-,영상,영상,-,정치,한국어,-,2016~2023,-,국회도서관,-,-,-,제4유형,저작물,보호저작물,○,상업적이용금지,○,○,○,○,○,○,X,-,-,-,-
,2196,영상,기록,국회도서관,국회기록보존소,HOME > 기록정보 콘텐츠 > 구술기록,통신비밀보호법 전면개정과 과학기술인공제회법 제정,-,2016~2023,1,미부착,제4유형,무,-,통신비밀보호법 전면개정과 과학기술인공제회법 제정,-,영상,영상,-,정치,한국어,-,2016~2023,-,국회도서관,-,-,-,제4유형,저작물,보호저작물,○,상업적이용금지,○,○,○,○,○,○,X,-,-,-,-
,2197,영상,기록,국회도서관,국회기록보존소,HOME > 기록정보 콘텐츠 > 구술기록,대한민국 국회의 발전을 위한 조언,-,2016~2023,1,미부착,제4유형,무,-,대한민국 국회의 발전을 위한 조언,-,영상,영상,-,정치,한국어,-,2016~2023,-,국회도서관,-,-,-,제4유형,저작물,보호저작물,○,상업적이용금지,○,○,○,○,○,○,X,-,-,-,-
,2198,영상,기록,국회도서관,국회기록보존소,HOME > 기록정보 콘텐츠 > 구술기록,근황 소개 및 정치쟁점에 관한 견해,-,2016~2023,1,미부착,제4유형,무,-,근황 소개 및 정치쟁점에 관한 견해,-,영상,영상,-,정치,한국어,-,2016~2023,-,국회도서관,-,-,-,제4유형,저작물,보호저작물,○,상업적이용금지,○,○,○,○,○,○,X,-,-,-,-
,2199,영상,기록,국회도서관,국회기록보존소,HOME > 기록정보 콘텐츠 > 구술기록,참여정부에 대한 평가,-,2016~2023,1,미부착,제4유형,무,-,참여정부에 대한 평가,-,영상,영상,-,정치,한국어,-,2016~2023,-,국회도서관,-,-,-,제4유형,저작물,보호저작물,○,상업적이용금지,○,○,○,○,○,○,X,-,-,-,-
,2200,영상,기록,국회도서관,국회기록보존소,HOME > 기록정보 콘텐츠 > 구술기록,열린우리당의 성과와 한계,-,2016~2023,1,미부착,제4유형,무,-,열린우리당의 성과와 한계,-,영상,영상,-,정치,한국어,-,2016~2023,-,국회도서관,-,-,-,제4유형,저작물,보호저작물,○,상업적이용금지,○,○,○,○,○,○,X,-,-,-,-
,2201,영상,기록,국회도서관,국회기록보존소,HOME > 기록정보 콘텐츠 > 구술기록,열린우리당 창당 과정,-,2016~2023,1,미부착,제4유형,무,-,열린우리당 창당 과정,-,영상,영상,-,정치,한국어,-,2016~2023,-,국회도서관,-,-,-,제4유형,저작물,보호저작물,○,상업적이용금지,○,○,○,○,○,○,X,-,-,-,-
,2202,영상,기록,국회도서관,국회기록보존소,HOME > 기록정보 콘텐츠 > 구술기록,열린우리당 의장 시절,-,2016~2023,1,미부착,제4유형,무,-,열린우리당 의장 시절,-,영상,영상,-,정치,한국어,-,2016~2023,-,국회도서관,-,-,-,제4유형,저작물,보호저작물,○,상업적이용금지,○,○,○,○,○,○,X,-,-,-,-
,2203,영상,기록,국회도서관,국회기록보존소,HOME > 기록정보 콘텐츠 > 구술기록,제17대 국회 시기 상임위원장 및 한일의원연맹회장,-,2016~2023,1,미부착,제4유형,무,-,제17대 국회 시기 상임위원장 및 한일의원연맹회장,-,영상,영상,-,정치,한국어,-,2016~2023,-,국회도서관,-,-,-,제4유형,저작물,보호저작물,○,상업적이용금지,○,○,○,○,○,○,X,-,-,-,-
,2204,영상,기록,국회도서관,국회기록보존소,HOME > 기록정보 콘텐츠 > 구술기록,노무현 대통령 탄핵정국과 제17대 총선거,-,2016~2023,1,미부착,제4유형,무,-,노무현 대통령 탄핵정국과 제17대 총선거,-,영상,영상,-,정치,한국어,-,2016~2023,-,국회도서관,-,-,-,제4유형,저작물,보호저작물,○,상업적이용금지,○,○,○,○,○,○,X,-,-,-,-
,2205,영상,기록,국회도서관,국회기록보존소,HOME > 기록정보 콘텐츠 > 구술기록,시작멘트,-,2016~2023,1,미부착,제4유형,무,-,시작멘트,-,영상,영상,-,정치,한국어,-,2016~2023,-,국회도서관,-,-,-,제4유형,저작물,보호저작물,○,상업적이용금지,○,○,○,○,○,○,X,-,-,-,-
,2206,영상,기록,국회도서관,국회기록보존소,HOME > 기록정보 콘텐츠 > 구술기록,제16대 총선거와 2002년 대통령선거,-,2016~2023,1,미부착,제4유형,무,-,제16대 총선거와 2002년 대통령선거,-,영상,영상,-,정치,한국어,-,2016~2023,-,국회도서관,-,-,-,제4유형,저작물,보호저작물,○,상업적이용금지,○,○,○,○,○,○,X,-,-,-,-
,2207,영상,기록,국회도서관,국회기록보존소,HOME > 기록정보 콘텐츠 > 구술기록,김대중 대통령 당선 이후의 상황,-,2016~2023,1,미부착,제4유형,무,-,김대중 대통령 당선 이후의 상황,-,영상,영상,-,정치,한국어,-,2016~2023,-,국회도서관,-,-,-,제4유형,저작물,보호저작물,○,상업적이용금지,○,○,○,○,○,○,X,-,-,-,-
,2208,영상,기록,국회도서관,국회기록보존소,HOME > 기록정보 콘텐츠 > 구술기록,당내 계파정치에 대한 견해,-,2016~2023,1,미부착,제4유형,무,-,당내 계파정치에 대한 견해,-,영상,영상,-,정치,한국어,-,2016~2023,-,국회도서관,-,-,-,제4유형,저작물,보호저작물,○,상업적이용금지,○,○,○,○,○,○,X,-,-,-,-
,2209,영상,기록,국회도서관,국회기록보존소,HOME > 기록정보 콘텐츠 > 구술기록,제14대 국회시기 초선의원 활동,-,2016~2023,1,미부착,제4유형,무,-,제14대 국회시기 초선의원 활동,-,영상,영상,-,정치,한국어,-,2016~2023,-,국회도서관,-,-,-,제4유형,저작물,보호저작물,○,상업적이용금지,○,○,○,○,○,○,X,-,-,-,-
,2210,영상,기록,국회도서관,국회기록보존소,HOME > 기록정보 콘텐츠 > 구술기록,1987년 정치 상황과 정계입문,-,2016~2023,1,미부착,제4유형,무,-,1987년 정치 상황과 정계입문,-,영상,영상,-,정치,한국어,-,2016~2023,-,국회도서관,-,-,-,제4유형,저작물,보호저작물,○,상업적이용금지,○,○,○,○,○,○,X,-,-,-,-
,2211,영상,기록,국회도서관,국회기록보존소,HOME > 기록정보 콘텐츠 > 구술기록,연청 활동과 신군부에 의한 탄압,-,2016~2023,1,미부착,제4유형,무,-,연청 활동과 신군부에 의한 탄압,-,영상,영상,-,정치,한국어,-,2016~2023,-,국회도서관,-,-,-,제4유형,저작물,보호저작물,○,상업적이용금지,○,○,○,○,○,○,X,-,-,-,-
,2212,영상,기록,국회도서관,국회기록보존소,HOME > 기록정보 콘텐츠 > 구술기록,1980년 정계입문 시도,-,2016~2023,1,미부착,제4유형,무,-,1980년 정계입문 시도,-,영상,영상,-,정치,한국어,-,2016~2023,-,국회도서관,-,-,-,제4유형,저작물,보호저작물,○,상업적이용금지,○,○,○,○,○,○,X,-,-,-,-
,2213,영상,기록,국회도서관,국회기록보존소,HOME > 기록정보 콘텐츠 > 구술기록,사회진출 이후의 일화들,-,2016~2023,1,미부착,제4유형,무,-,사회진출 이후의 일화들,-,영상,영상,-,정치,한국어,-,2016~2023,-,국회도서관,-,-,-,제4유형,저작물,보호저작물,○,상업적이용금지,○,○,○,○,○,○,X,-,-,-,-
,2214,영상,기록,국회도서관,국회기록보존소,HOME > 기록정보 콘텐츠 > 구술기록,대학시절 학생운동,-,2016~2023,1,미부착,제4유형,무,-,대학시절 학생운동,-,영상,영상,-,정치,한국어,-,2016~2023,-,국회도서관,-,-,-,제4유형,저작물,보호저작물,○,상업적이용금지,○,○,○,○,○,○,X,-,-,-,-
,2215,영상,기록,국회도서관,국회기록보존소,HOME > 기록정보 콘텐츠 > 구술기록,시작멘트,-,2016~2023,1,미부착,제4유형,무,-,시작멘트,-,영상,영상,-,정치,한국어,-,2016~2023,-,국회도서관,-,-,-,제4유형,저작물,보호저작물,○,상업적이용금지,○,○,○,○,○,○,X,-,-,-,-
,2216,영상,기록,국회도서관,국회기록보존소,HOME > 기록정보 콘텐츠 > 구술기록,성장과정과 학창시절,-,2016~2023,1,미부착,제4유형,무,-,성장과정과 학창시절,-,영상,영상,-,정치,한국어,-,2016~2023,-,국회도서관,-,-,-,제4유형,저작물,보호저작물,○,상업적이용금지,○,○,○,○,○,○,X,-,-,-,-
,2217,영상,기록,국회도서관,국회기록보존소,HOME > 기록정보 콘텐츠 > 구술기록,국회부의장 재임 시기,-,2016~2023,1,미부착,제4유형,무,-,국회부의장 재임 시기,-,영상,영상,-,정치,한국어,-,2016~2023,-,국회도서관,-,-,-,제4유형,저작물,보호저작물,○,상업적이용금지,○,○,○,○,○,○,X,-,-,-,-
,2218,영상,기록,국회도서관,국회기록보존소,HOME > 기록정보 콘텐츠 > 구술기록,국회 파행에 대한 견해,-,2016~2023,1,미부착,제4유형,무,-,국회 파행에 대한 견해,-,영상,영상,-,정치,한국어,-,2016~2023,-,국회도서관,-,-,-,제4유형,저작물,보호저작물,○,상업적이용금지,○,○,○,○,○,○,X,-,-,-,-
,2219,영상,기록,국회도서관,국회기록보존소,HOME > 기록정보 콘텐츠 > 구술기록,문희상(文喜相)의 정치철학과 국가관,-,2016~2023,1,미부착,제4유형,무,-,문희상(文喜相)의 정치철학과 국가관,-,영상,영상,-,정치,한국어,-,2016~2023,-,국회도서관,-,-,-,제4유형,저작물,보호저작물,○,상업적이용금지,○,○,○,○,○,○,X,-,-,-,-
,2220,영상,기록,국회도서관,국회기록보존소,HOME > 기록정보 콘텐츠 > 구술기록,마무리 발언,-,2016~2023,1,미부착,제4유형,무,-,마무리 발언,-,영상,영상,-,정치,한국어,-,2016~2023,-,국회도서관,-,-,-,제4유형,저작물,보호저작물,○,상업적이용금지,○,○,○,○,○,○,X,-,-,-,-
,2221,영상,기록,국회도서관,국회기록보존소,HOME > 기록정보 콘텐츠 > 구술기록,고 박원순(朴元淳) 시장 사건에 대한 소회,-,2016~2023,1,미부착,제4유형,무,-,고 박원순(朴元淳) 시장 사건에 대한 소회,-,영상,영상,-,정치,한국어,-,2016~2023,-,국회도서관,-,-,-,제4유형,저작물,보호저작물,○,상업적이용금지,○,○,○,○,○,○,X,-,-,-,-
,2222,영상,기록,국회도서관,국회기록보존소,HOME > 기록정보 콘텐츠 > 구술기록,시작멘트,-,2016~2023,1,미부착,제4유형,무,-,시작멘트,-,영상,영상,-,정치,한국어,-,2016~2023,-,국회도서관,-,-,-,제4유형,저작물,보호저작물,○,상업적이용금지,○,○,○,○,○,○,X,-,-,-,-
,2223,영상,기록,국회도서관,국회기록보존소,HOME > 기록정보 콘텐츠 > 구술기록,제19대 대통령선거,-,2016~2023,1,미부착,제4유형,무,-,제19대 대통령선거,-,영상,영상,-,정치,한국어,-,2016~2023,-,국회도서관,-,-,-,제4유형,저작물,보호저작물,○,상업적이용금지,○,○,○,○,○,○,X,-,-,-,-
,2224,영상,기록,국회도서관,국회기록보존소,HOME > 기록정보 콘텐츠 > 구술기록,민주당 당가(黨歌) 제작,-,2016~2023,1,미부착,제4유형,무,-,민주당 당가(黨歌) 제작,-,영상,영상,-,정치,한국어,-,2016~2023,-,국회도서관,-,-,-,제4유형,저작물,보호저작물,○,상업적이용금지,○,○,○,○,○,○,X,-,-,-,-
,2225,영상,기록,국회도서관,국회기록보존소,HOME > 기록정보 콘텐츠 > 구술기록,2010년 전당대회 준비위원장,-,2016~2023,1,미부착,제4유형,무,-,2010년 전당대회 준비위원장,-,영상,영상,-,정치,한국어,-,2016~2023,-,국회도서관,-,-,-,제4유형,저작물,보호저작물,○,상업적이용금지,○,○,○,○,○,○,X,-,-,-,-
,2226,영상,기록,국회도서관,국회기록보존소,HOME > 기록정보 콘텐츠 > 구술기록,제18대 국회시기 국방위원회 활동,-,2016~2023,1,미부착,제4유형,무,-,제18대 국회시기 국방위원회 활동,-,영상,영상,-,정치,한국어,-,2016~2023,-,국회도서관,-,-,-,제4유형,저작물,보호저작물,○,상업적이용금지,○,○,○,○,○,○,X,-,-,-,-
,2227,영상,기록,국회도서관,국회기록보존소,HOME > 기록정보 콘텐츠 > 구술기록,국회의장 퇴임 후 근황,-,2016~2023,1,미부착,제4유형,무,-,국회의장 퇴임 후 근황,-,영상,영상,-,정치,한국어,-,2016~2023,-,국회도서관,-,-,-,제4유형,저작물,보호저작물,○,상업적이용금지,○,○,○,○,○,○,X,-,-,-,-
,2228,영상,기록,국회도서관,국회기록보존소,HOME > 기록정보 콘텐츠 > 구술기록,시작멘트,-,2016~2023,1,미부착,제4유형,무,-,시작멘트,-,영상,영상,-,정치,한국어,-,2016~2023,-,국회도서관,-,-,-,제4유형,저작물,보호저작물,○,상업적이용금지,○,○,○,○,○,○,X,-,-,-,-
,2229,영상,기록,국회도서관,국회기록보존소,HOME > 기록정보 콘텐츠 > 구술기록,국회 입법지원조직의 변화와 발전,-,2016~2023,1,미부착,제4유형,무,-,국회 입법지원조직의 변화와 발전,-,영상,영상,-,정치,한국어,-,2016~2023,-,국회도서관,-,-,-,제4유형,저작물,보호저작물,○,상업적이용금지,○,○,○,○,○,○,X,-,-,-,-
,2230,영상,기록,국회도서관,국회기록보존소,HOME > 기록정보 콘텐츠 > 구술기록,검찰개혁과 선거제도 개혁의 중요성,-,2016~2023,1,미부착,제4유형,무,-,검찰개혁과 선거제도 개혁의 중요성,-,영상,영상,-,정치,한국어,-,2016~2023,-,국회도서관,-,-,-,제4유형,저작물,보호저작물,○,상업적이용금지,○,○,○,○,○,○,X,-,-,-,-
,2231,영상,기록,국회도서관,국회기록보존소,HOME > 기록정보 콘텐츠 > 구술기록,패스트트랙 처리과정,-,2016~2023,1,미부착,제4유형,무,-,패스트트랙 처리과정,-,영상,영상,-,정치,한국어,-,2016~2023,-,국회도서관,-,-,-,제4유형,저작물,보호저작물,○,상업적이용금지,○,○,○,○,○,○,X,-,-,-,-
,2232,영상,기록,국회도서관,국회기록보존소,HOME > 기록정보 콘텐츠 > 구술기록,의원외교의 중요성,-,2016~2023,1,미부착,제4유형,무,-,의원외교의 중요성,-,영상,영상,-,정치,한국어,-,2016~2023,-,국회도서관,-,-,-,제4유형,저작물,보호저작물,○,상업적이용금지,○,○,○,○,○,○,X,-,-,-,-
,2233,영상,기록,국회도서관,국회기록보존소,HOME > 기록정보 콘텐츠 > 구술기록,개헌의 정치사적 의미,-,2016~2023,1,미부착,제4유형,무,-,개헌의 정치사적 의미,-,영상,영상,-,정치,한국어,-,2016~2023,-,국회도서관,-,-,-,제4유형,저작물,보호저작물,○,상업적이용금지,○,○,○,○,○,○,X,-,-,-,-
,2234,영상,기록,국회도서관,국회기록보존소,HOME > 기록정보 콘텐츠 > 구술기록,제21대 전반기 국회의장 취임 배경,-,2016~2023,1,미부착,제4유형,무,-,제21대 전반기 국회의장 취임 배경,-,영상,영상,-,정치,한국어,-,2016~2023,-,국회도서관,-,-,-,제4유형,저작물,보호저작물,○,상업적이용금지,○,○,○,○,○,○,X,-,-,-,-
,2235,영상,기록,국회도서관,국회기록보존소,HOME > 기록정보 콘텐츠 > 구술기록,한일관계에 대한 견해,-,2016~2023,1,미부착,제4유형,무,-,한일관계에 대한 견해,-,영상,영상,-,정치,한국어,-,2016~2023,-,국회도서관,-,-,-,제4유형,저작물,보호저작물,○,상업적이용금지,○,○,○,○,○,○,X,-,-,-,-
,2236,영상,기록,국회도서관,국회기록보존소,HOME > 기록정보 콘텐츠 > 구술기록,제20대 총선과 박근혜 대통령 탄핵,-,2016~2023,1,미부착,제4유형,무,-,제20대 총선과 박근혜 대통령 탄핵,-,영상,영상,-,정치,한국어,-,2016~2023,-,국회도서관,-,-,-,제4유형,저작물,보호저작물,○,상업적이용금지,○,○,○,○,○,○,X,-,-,-,-
,2237,영상,기록,국회도서관,국회기록보존소,HOME > 기록정보 콘텐츠 > 구술기록,당 개혁과 제20대 총선 공천 과정,-,2016~2023,1,미부착,제4유형,무,-,당 개혁과 제20대 총선 공천 과정,-,영상,영상,-,정치,한국어,-,2016~2023,-,국회도서관,-,-,-,제4유형,저작물,보호저작물,○,상업적이용금지,○,○,○,○,○,○,X,-,-,-,-
,2238,영상,기록,국회도서관,국회기록보존소,HOME > 기록정보 콘텐츠 > 구술기록,개헌에 대한 견해,-,2016~2023,1,미부착,제4유형,무,-,개헌에 대한 견해,-,영상,영상,-,정치,한국어,-,2016~2023,-,국회도서관,-,-,-,제4유형,저작물,보호저작물,○,상업적이용금지,○,○,○,○,○,○,X,-,-,-,-
,2239,영상,기록,국회도서관,국회기록보존소,HOME > 기록정보 콘텐츠 > 구술기록,2014년 새정치민주연합 비상대책위원장,-,2016~2023,1,미부착,제4유형,무,-,2014년 새정치민주연합 비상대책위원장,-,영상,영상,-,정치,한국어,-,2016~2023,-,국회도서관,-,-,-,제4유형,저작물,보호저작물,○,상업적이용금지,○,○,○,○,○,○,X,-,-,-,-
,2240,영상,기록,국회도서관,국회기록보존소,HOME > 기록정보 콘텐츠 > 구술기록,문희상 전 국회의장 구술채록,-,2016~2023,1,미부착,제4유형,무,-,문희상 전 국회의장 구술채록,-,영상,영상,-,정치,한국어,-,2016~2023,-,국회도서관,-,-,-,제4유형,저작물,보호저작물,○,상업적이용금지,○,○,○,○,○,○,X,-,-,-,-
,2241,영상,기록,국회도서관,국회기록보존소,HOME > 기록정보 콘텐츠 > 구술기록,2012년 제19대 총선과 제18대 대선,-,2016~2023,1,미부착,제4유형,무,-,2012년 제19대 총선과 제18대 대선,-,영상,영상,-,정치,한국어,-,2016~2023,-,국회도서관,-,-,-,제4유형,저작물,보호저작물,○,상업적이용금지,○,○,○,○,○,○,X,-,-,-,-
,2242,영상,기록,국회도서관,국회기록보존소,HOME > 기록정보 콘텐츠 > 구술기록,남북관계 개선의 의미와 중요성,-,2016~2023,1,미부착,제4유형,무,-,남북관계 개선의 의미와 중요성,-,영상,영상,-,정치,한국어,-,2016~2023,-,국회도서관,-,-,-,제4유형,저작물,보호저작물,○,상업적이용금지,○,○,○,○,○,○,X,-,-,-,-
,2243,영상,기록,국회도서관,국회기록보존소,HOME > 기록정보 콘텐츠 > 구술기록,최근근황 및 성장과정,-,2016~2023,1,미부착,제4유형,무,-,최근근황 및 성장과정,-,영상,영상,-,정치,한국어,-,2016~2023,-,국회도서관,-,-,-,제4유형,저작물,보호저작물,○,상업적이용금지,○,○,○,○,○,○,X,-,-,-,-
,2244,영상,기록,국회도서관,국회기록보존소,HOME > 기록정보 콘텐츠 > 구술기록,정치현안에 대한 입장과 조언,-,2016~2023,1,미부착,제4유형,무,-,정치현안에 대한 입장과 조언,-,영상,영상,-,정치,한국어,-,2016~2023,-,국회도서관,-,-,-,제4유형,저작물,보호저작물,○,상업적이용금지,○,○,○,○,○,○,X,-,-,-,-
,2245,영상,기록,국회도서관,국회기록보존소,HOME > 기록정보 콘텐츠 > 구술기록,삼당합당과 문민정부 수립,-,2016~2023,1,미부착,제4유형,무,-,삼당합당과 문민정부 수립,-,영상,영상,-,정치,한국어,-,2016~2023,-,국회도서관,-,-,-,제4유형,저작물,보호저작물,○,상업적이용금지,○,○,○,○,○,○,X,-,-,-,-
,2246,영상,기록,국회도서관,국회기록보존소,HOME > 기록정보 콘텐츠 > 구술기록,제13대 대통령선거 이후 정치상황과 삼당합당,-,2016~2023,1,미부착,제4유형,무,-,제13대 대통령선거 이후 정치상황과 삼당합당,-,영상,영상,-,정치,한국어,-,2016~2023,-,국회도서관,-,-,-,제4유형,저작물,보호저작물,○,상업적이용금지,○,○,○,○,○,○,X,-,-,-,-
,2247,영상,기록,국회도서관,국회기록보존소,HOME > 기록정보 콘텐츠 > 구술기록,개헌투쟁위원회 기획위원장 활동,-,2016~2023,1,미부착,제4유형,무,-,개헌투쟁위원회 기획위원장 활동,-,영상,영상,-,정치,한국어,-,2016~2023,-,국회도서관,-,-,-,제4유형,저작물,보호저작물,○,상업적이용금지,○,○,○,○,○,○,X,-,-,-,-
,2248,영상,기록,국회도서관,국회기록보존소,HOME > 기록정보 콘텐츠 > 구술기록,"김영삼, 김대중과의 인연",-,2016~2023,1,미부착,제4유형,무,-,"김영삼, 김대중과의 인연",-,영상,영상,-,정치,한국어,-,2016~2023,-,국회도서관,-,-,-,제4유형,저작물,보호저작물,○,상업적이용금지,○,○,○,○,○,○,X,-,-,-,-
,2249,영상,기록,국회도서관,국회기록보존소,HOME > 기록정보 콘텐츠 > 구술기록,시작멘트,-,2016~2023,1,미부착,제4유형,무,-,시작멘트,-,영상,영상,-,정치,한국어,-,2016~2023,-,국회도서관,-,-,-,제4유형,저작물,보호저작물,○,상업적이용금지,○,○,○,○,○,○,X,-,-,-,-
,2250,영상,기록,국회도서관,국회기록보존소,HOME > 기록정보 콘텐츠 > 구술기록,문민정부 내 활동,-,2016~2023,1,미부착,제4유형,무,-,문민정부 내 활동,-,영상,영상,-,정치,한국어,-,2016~2023,-,국회도서관,-,-,-,제4유형,저작물,보호저작물,○,상업적이용금지,○,○,○,○,○,○,X,-,-,-,-
,2251,영상,기록,국회도서관,국회기록보존소,HOME > 기록정보 콘텐츠 > 구술기록,건전한 토론을 기반으로 한 국회운영의 필요성,-,2016~2023,1,미부착,제4유형,무,-,건전한 토론을 기반으로 한 국회운영의 필요성,-,영상,영상,-,정치,한국어,-,2016~2023,-,국회도서관,-,-,-,제4유형,저작물,보호저작물,○,상업적이용금지,○,○,○,○,○,○,X,-,-,-,-
,2252,영상,기록,국회도서관,국회기록보존소,HOME > 기록정보 콘텐츠 > 구술기록,남북관계와 의원외교의 중요성,-,2016~2023,1,미부착,제4유형,무,-,남북관계와 의원외교의 중요성,-,영상,영상,-,정치,한국어,-,2016~2023,-,국회도서관,-,-,-,제4유형,저작물,보호저작물,○,상업적이용금지,○,○,○,○,○,○,X,-,-,-,-
,2253,영상,기록,국회도서관,국회기록보존소,HOME > 기록정보 콘텐츠 > 구술기록,제16대 후반기 국회의장 시절 주요안건 처리와 에피소드,-,2016~2023,1,미부착,제4유형,무,-,제16대 후반기 국회의장 시절 주요안건 처리와 에피소드,-,영상,영상,-,정치,한국어,-,2016~2023,-,국회도서관,-,-,-,제4유형,저작물,보호저작물,○,상업적이용금지,○,○,○,○,○,○,X,-,-,-,-
,2254,영상,기록,국회도서관,국회기록보존소,HOME > 기록정보 콘텐츠 > 구술기록,제16대 후반기 국회의장시절 청와대 및 정당과의 관계 (2),-,2016~2023,1,미부착,제4유형,무,-,제16대 후반기 국회의장시절 청와대 및 정당과의 관계 (2),-,영상,영상,-,정치,한국어,-,2016~2023,-,국회도서관,-,-,-,제4유형,저작물,보호저작물,○,상업적이용금지,○,○,○,○,○,○,X,-,-,-,-
,2255,영상,기록,국회도서관,국회기록보존소,HOME > 기록정보 콘텐츠 > 구술기록,제16대 후반기 국회의장시절 청와대 및 정당과의 관계 (1),-,2016~2023,1,미부착,제4유형,무,-,제16대 후반기 국회의장시절 청와대 및 정당과의 관계 (1),-,영상,영상,-,정치,한국어,-,2016~2023,-,국회도서관,-,-,-,제4유형,저작물,보호저작물,○,상업적이용금지,○,○,○,○,○,○,X,-,-,-,-
,2256,영상,기록,국회도서관,국회기록보존소,HOME > 기록정보 콘텐츠 > 구술기록,4.19 민주혁명 이후 사회활동,-,2016~2023,1,미부착,제4유형,무,-,4.19 민주혁명 이후 사회활동,-,영상,영상,-,정치,한국어,-,2016~2023,-,국회도서관,-,-,-,제4유형,저작물,보호저작물,○,상업적이용금지,○,○,○,○,○,○,X,-,-,-,-
,2257,영상,기록,국회도서관,국회기록보존소,HOME > 기록정보 콘텐츠 > 구술기록,정계입문과정,-,2016~2023,1,미부착,제4유형,무,-,정계입문과정,-,영상,영상,-,정치,한국어,-,2016~2023,-,국회도서관,-,-,-,제4유형,저작물,보호저작물,○,상업적이용금지,○,○,○,○,○,○,X,-,-,-,-
,2258,영상,기록,국회도서관,국회기록보존소,HOME > 기록정보 콘텐츠 > 구술기록,정치계 활동,-,2016~2023,1,미부착,제4유형,무,-,정치계 활동,-,영상,영상,-,정치,한국어,-,2016~2023,-,국회도서관,-,-,-,제4유형,저작물,보호저작물,○,상업적이용금지,○,○,○,○,○,○,X,-,-,-,-
,2259,영상,기록,국회도서관,국회기록보존소,HOME > 기록정보 콘텐츠 > 구술기록,신군부의 등장과 정치상황,-,2016~2023,1,미부착,제4유형,무,-,신군부의 등장과 정치상황,-,영상,영상,-,정치,한국어,-,2016~2023,-,국회도서관,-,-,-,제4유형,저작물,보호저작물,○,상업적이용금지,○,○,○,○,○,○,X,-,-,-,-
,2260,영상,기록,국회도서관,국회기록보존소,HOME > 기록정보 콘텐츠 > 구술기록,제11대 국회의원선거 운동 상황,-,2016~2023,1,미부착,제4유형,무,-,제11대 국회의원선거 운동 상황,-,영상,영상,-,정치,한국어,-,2016~2023,-,국회도서관,-,-,-,제4유형,저작물,보호저작물,○,상업적이용금지,○,○,○,○,○,○,X,-,-,-,-
,2261,영상,기록,국회도서관,국회기록보존소,HOME > 기록정보 콘텐츠 > 구술기록,초선의원시절 활동과 에피소드,-,2016~2023,1,미부착,제4유형,무,-,초선의원시절 활동과 에피소드,-,영상,영상,-,정치,한국어,-,2016~2023,-,국회도서관,-,-,-,제4유형,저작물,보호저작물,○,상업적이용금지,○,○,○,○,○,○,X,-,-,-,-
,2262,영상,기록,국회도서관,국회기록보존소,HOME > 기록정보 콘텐츠 > 구술기록,노무현 대통령 탄핵사건 (1).,-,2016~2023,1,미부착,제4유형,무,-,노무현 대통령 탄핵사건 (1).,-,영상,영상,-,정치,한국어,-,2016~2023,-,국회도서관,-,-,-,제4유형,저작물,보호저작물,○,상업적이용금지,○,○,○,○,○,○,X,-,-,-,-
,2263,영상,기록,국회도서관,국회기록보존소,HOME > 기록정보 콘텐츠 > 구술기록,노무현 대통령 탄핵사건 (2).,-,2016~2023,1,미부착,제4유형,무,-,노무현 대통령 탄핵사건 (2).,-,영상,영상,-,정치,한국어,-,2016~2023,-,국회도서관,-,-,-,제4유형,저작물,보호저작물,○,상업적이용금지,○,○,○,○,○,○,X,-,-,-,-
,2264,영상,기록,국회도서관,국회기록보존소,HOME > 기록정보 콘텐츠 > 구술기록,국회 운영의 개선활동,-,2016~2023,1,미부착,제4유형,무,-,국회 운영의 개선활동,-,영상,영상,-,정치,한국어,-,2016~2023,-,국회도서관,-,-,-,제4유형,저작물,보호저작물,○,상업적이용금지,○,○,○,○,○,○,X,-,-,-,-
,2265,영상,기록,국회도서관,국회기록보존소,HOME > 기록정보 콘텐츠 > 구술기록,시작멘트,-,2016~2023,1,미부착,제4유형,무,-,시작멘트,-,영상,영상,-,정치,한국어,-,2016~2023,-,국회도서관,-,-,-,제4유형,저작물,보호저작물,○,상업적이용금지,○,○,○,○,○,○,X,-,-,-,-
,2266,영상,기록,국회도서관,국회기록보존소,HOME > 기록정보 콘텐츠 > 구술기록,서울시 정무부시장,-,2016~2023,1,미부착,제4유형,무,-,서울시 정무부시장,-,영상,영상,-,정치,한국어,-,2016~2023,-,국회도서관,-,-,-,제4유형,저작물,보호저작물,○,상업적이용금지,○,○,○,○,○,○,X,-,-,-,-
,2267,영상,기록,국회도서관,국회기록보존소,HOME > 기록정보 콘텐츠 > 구술기록,정계입문의 배경,-,2016~2023,1,미부착,제4유형,무,-,정계입문의 배경,-,영상,영상,-,정치,한국어,-,2016~2023,-,국회도서관,-,-,-,제4유형,저작물,보호저작물,○,상업적이용금지,○,○,○,○,○,○,X,-,-,-,-
,2268,영상,기록,국회도서관,국회기록보존소,HOME > 기록정보 콘텐츠 > 구술기록,언론인으로서 사회생활,-,2016~2023,1,미부착,제4유형,무,-,언론인으로서 사회생활,-,영상,영상,-,정치,한국어,-,2016~2023,-,국회도서관,-,-,-,제4유형,저작물,보호저작물,○,상업적이용금지,○,○,○,○,○,○,X,-,-,-,-
,2269,영상,기록,국회도서관,국회기록보존소,HOME > 기록정보 콘텐츠 > 구술기록,성장과정과 학창시절,-,2016~2023,1,미부착,제4유형,무,-,성장과정과 학창시절,-,영상,영상,-,정치,한국어,-,2016~2023,-,국회도서관,-,-,-,제4유형,저작물,보호저작물,○,상업적이용금지,○,○,○,○,○,○,X,-,-,-,-
,2270,영상,기록,국회도서관,국회기록보존소,HOME > 기록정보 콘텐츠 > 구술기록,최근 근황,-,2016~2023,1,미부착,제4유형,무,-,최근 근황,-,영상,영상,-,정치,한국어,-,2016~2023,-,국회도서관,-,-,-,제4유형,저작물,보호저작물,○,상업적이용금지,○,○,○,○,○,○,X,-,-,-,-
,2271,영상,기록,국회도서관,국회기록보존소,HOME > 기록정보 콘텐츠 > 구술기록,시작멘트,-,2016~2023,1,미부착,제4유형,무,-,시작멘트,-,영상,영상,-,정치,한국어,-,2016~2023,-,국회도서관,-,-,-,제4유형,저작물,보호저작물,○,상업적이용금지,○,○,○,○,○,○,X,-,-,-,-
,2272,영상,기록,국회도서관,국회기록보존소,HOME > 기록정보 콘텐츠 > 구술기록,정치관 및 정치발전을 위한 조언,-,2016~2023,1,미부착,제4유형,무,-,정치관 및 정치발전을 위한 조언,-,영상,영상,-,정치,한국어,-,2016~2023,-,국회도서관,-,-,-,제4유형,저작물,보호저작물,○,상업적이용금지,○,○,○,○,○,○,X,-,-,-,-
,2273,영상,기록,국회도서관,국회기록보존소,HOME > 기록정보 콘텐츠 > 구술기록,상생을 위한 협상과 협력의 정치,-,2016~2023,1,미부착,제4유형,무,-,상생을 위한 협상과 협력의 정치,-,영상,영상,-,정치,한국어,-,2016~2023,-,국회도서관,-,-,-,제4유형,저작물,보호저작물,○,상업적이용금지,○,○,○,○,○,○,X,-,-,-,-
,2274,영상,기록,국회도서관,국회기록보존소,HOME > 기록정보 콘텐츠 > 구술기록,의정활동 과정의 일상 소개,-,2016~2023,1,미부착,제4유형,무,-,의정활동 과정의 일상 소개,-,영상,영상,-,정치,한국어,-,2016~2023,-,국회도서관,-,-,-,제4유형,저작물,보호저작물,○,상업적이용금지,○,○,○,○,○,○,X,-,-,-,-
,2275,영상,기록,국회도서관,국회기록보존소,HOME > 기록정보 콘텐츠 > 구술기록,국회부의장 시절의 의정활동,-,2016~2023,1,미부착,제4유형,무,-,국회부의장 시절의 의정활동,-,영상,영상,-,정치,한국어,-,2016~2023,-,국회도서관,-,-,-,제4유형,저작물,보호저작물,○,상업적이용금지,○,○,○,○,○,○,X,-,-,-,-
,2276,영상,기록,국회도서관,국회기록보존소,HOME > 기록정보 콘텐츠 > 구술기록,국회부의장으로 선출되는 과정,-,2016~2023,1,미부착,제4유형,무,-,국회부의장으로 선출되는 과정,-,영상,영상,-,정치,한국어,-,2016~2023,-,국회도서관,-,-,-,제4유형,저작물,보호저작물,○,상업적이용금지,○,○,○,○,○,○,X,-,-,-,-
,2277,영상,기록,국회도서관,국회기록보존소,HOME > 기록정보 콘텐츠 > 구술기록,초선의원 시절의 활동,-,2016~2023,1,미부착,제4유형,무,-,초선의원 시절의 활동,-,영상,영상,-,정치,한국어,-,2016~2023,-,국회도서관,-,-,-,제4유형,저작물,보호저작물,○,상업적이용금지,○,○,○,○,○,○,X,-,-,-,-
,2278,영상,기록,국회도서관,국회기록보존소,HOME > 기록정보 콘텐츠 > 구술기록,신행정수도 후속대책소위원회 위원장,-,2016~2023,1,미부착,제4유형,무,-,신행정수도 후속대책소위원회 위원장,-,영상,영상,-,정치,한국어,-,2016~2023,-,국회도서관,-,-,-,제4유형,저작물,보호저작물,○,상업적이용금지,○,○,○,○,○,○,X,-,-,-,-
,2279,영상,기록,국회도서관,국회기록보존소,HOME > 기록정보 콘텐츠 > 구술기록,국회정무위원장 시절 다루었던 BBK사건,-,2016~2023,1,미부착,제4유형,무,-,국회정무위원장 시절 다루었던 BBK사건,-,영상,영상,-,정치,한국어,-,2016~2023,-,국회도서관,-,-,-,제4유형,저작물,보호저작물,○,상업적이용금지,○,○,○,○,○,○,X,-,-,-,-
,2280,영상,기록,국회도서관,국회기록보존소,HOME > 기록정보 콘텐츠 > 구술기록,1. 면담 소개 및 근황,-,2016~2023,1,미부착,제4유형,무,-,1. 면담 소개 및 근황,-,영상,영상,-,정치,한국어,-,2016~2023,-,국회도서관,-,-,-,제4유형,저작물,보호저작물,○,상업적이용금지,○,○,○,○,○,○,X,-,-,-,-
,2281,영상,기록,국회도서관,국회기록보존소,HOME > 기록정보 콘텐츠 > 구술기록,2. 세종 국회의사당 건립 준비 활동,-,2016~2023,1,미부착,제4유형,무,-,2. 세종 국회의사당 건립 준비 활동,-,영상,영상,-,정치,한국어,-,2016~2023,-,국회도서관,-,-,-,제4유형,저작물,보호저작물,○,상업적이용금지,○,○,○,○,○,○,X,-,-,-,-
,2282,영상,기록,국회도서관,국회기록보존소,HOME > 기록정보 콘텐츠 > 구술기록,3. 세종 국회의사당 이전의 중요성,-,2016~2023,1,미부착,제4유형,무,-,3. 세종 국회의사당 이전의 중요성,-,영상,영상,-,정치,한국어,-,2016~2023,-,국회도서관,-,-,-,제4유형,저작물,보호저작물,○,상업적이용금지,○,○,○,○,○,○,X,-,-,-,-
,2283,영상,기록,국회도서관,국회기록보존소,HOME > 기록정보 콘텐츠 > 구술기록,4. 국회 이전 국회법 개정안 본회의 통과 과정,-,2016~2023,1,미부착,제4유형,무,-,4. 국회 이전 국회법 개정안 본회의 통과 과정,-,영상,영상,-,정치,한국어,-,2016~2023,-,국회도서관,-,-,-,제4유형,저작물,보호저작물,○,상업적이용금지,○,○,○,○,○,○,X,-,-,-,-
,2284,영상,기록,국회도서관,국회기록보존소,HOME > 기록정보 콘텐츠 > 구술기록,5. 국가균형발전 핵심으로서 세종의사당의 기능,-,2016~2023,1,미부착,제4유형,무,-,5. 국가균형발전 핵심으로서 세종의사당의 기능,-,영상,영상,-,정치,한국어,-,2016~2023,-,국회도서관,-,-,-,제4유형,저작물,보호저작물,○,상업적이용금지,○,○,○,○,○,○,X,-,-,-,-
,2285,영상,기록,국회도서관,국회기록보존소,HOME > 기록정보 콘텐츠 > 구술기록,"6. 국회 세종의사당 기능, 이전 절차 및 향후 전망",-,2016~2023,1,미부착,제4유형,무,-,"6. 국회 세종의사당 기능, 이전 절차 및 향후 전망",-,영상,영상,-,정치,한국어,-,2016~2023,-,국회도서관,-,-,-,제4유형,저작물,보호저작물,○,상업적이용금지,○,○,○,○,○,○,X,-,-,-,-
,2286,영상,기록,국회도서관,국회기록보존소,HOME > 기록정보 콘텐츠 > 구술기록,7. 세종시가 행정수도가 되기 위한 향후 과제,-,2016~2023,1,미부착,제4유형,무,-,7. 세종시가 행정수도가 되기 위한 향후 과제,-,영상,영상,-,정치,한국어,-,2016~2023,-,국회도서관,-,-,-,제4유형,저작물,보호저작물,○,상업적이용금지,○,○,○,○,○,○,X,-,-,-,-
,2287,영상,기록,국회도서관,국회기록보존소,HOME > 기록정보 콘텐츠 > 구술기록,8. 국회의장 임기를 마치는 소회,-,2016~2023,1,미부착,제4유형,무,-,8. 국회의장 임기를 마치는 소회,-,영상,영상,-,정치,한국어,-,2016~2023,-,국회도서관,-,-,-,제4유형,저작물,보호저작물,○,상업적이용금지,○,○,○,○,○,○,X,-,-,-,-
,2288,영상,기록,국회도서관,국회기록보존소,HOME > 기록정보 콘텐츠 > 구술기록,9. 국회의장 수행 기간 중 힘든 일과 보람된 일,-,2016~2023,1,미부착,제4유형,무,-,9. 국회의장 수행 기간 중 힘든 일과 보람된 일,-,영상,영상,-,정치,한국어,-,2016~2023,-,국회도서관,-,-,-,제4유형,저작물,보호저작물,○,상업적이용금지,○,○,○,○,○,○,X,-,-,-,-
,2289,영상,기록,국회도서관,국회기록보존소,HOME > 기록정보 콘텐츠 > 구술기록,10. 면담 소개 및 근황,-,2016~2023,1,미부착,제4유형,무,-,10. 면담 소개 및 근황,-,영상,영상,-,정치,한국어,-,2016~2023,-,국회도서관,-,-,-,제4유형,저작물,보호저작물,○,상업적이용금지,○,○,○,○,○,○,X,-,-,-,-
,2290,영상,기록,국회도서관,국회기록보존소,HOME > 기록정보 콘텐츠 > 구술기록,11. 의원외교 활동 및 향후 계획,-,2016~2023,1,미부착,제4유형,무,-,11. 의원외교 활동 및 향후 계획,-,영상,영상,-,정치,한국어,-,2016~2023,-,국회도서관,-,-,-,제4유형,저작물,보호저작물,○,상업적이용금지,○,○,○,○,○,○,X,-,-,-,-
,2291,영상,기록,국회도서관,국회기록보존소,HOME > 기록정보 콘텐츠 > 구술기록,12. 검찰개혁 입법 추진 및 중재 과정,-,2016~2023,1,미부착,제4유형,무,-,12. 검찰개혁 입법 추진 및 중재 과정,-,영상,영상,-,정치,한국어,-,2016~2023,-,국회도서관,-,-,-,제4유형,저작물,보호저작물,○,상업적이용금지,○,○,○,○,○,○,X,-,-,-,-
,2292,영상,기록,국회도서관,국회기록보존소,HOME > 기록정보 콘텐츠 > 구술기록,13. 직속기구 위원회 설치 등 국회의장 활동 및 성과,-,2016~2023,1,미부착,제4유형,무,-,13. 직속기구 위원회 설치 등 국회의장 활동 및 성과,-,영상,영상,-,정치,한국어,-,2016~2023,-,국회도서관,-,-,-,제4유형,저작물,보호저작물,○,상업적이용금지,○,○,○,○,○,○,X,-,-,-,-
,2293,영상,기록,국회도서관,국회기록보존소,HOME > 기록정보 콘텐츠 > 구술기록,14. 정치철학 및 신뢰를 받는 국회를 위한 과제,-,2016~2023,1,미부착,제4유형,무,-,14. 정치철학 및 신뢰를 받는 국회를 위한 과제,-,영상,영상,-,정치,한국어,-,2016~2023,-,국회도서관,-,-,-,제4유형,저작물,보호저작물,○,상업적이용금지,○,○,○,○,○,○,X,-,-,-,-
,2294,영상,기록,국회도서관,국회기록보존소,HOME > 기록정보 콘텐츠 > 구술기록,15. 국회 본연의 기능을 위한 운영 활동,-,2016~2023,1,미부착,제4유형,무,-,15. 국회 본연의 기능을 위한 운영 활동,-,영상,영상,-,정치,한국어,-,2016~2023,-,국회도서관,-,-,-,제4유형,저작물,보호저작물,○,상업적이용금지,○,○,○,○,○,○,X,-,-,-,-
,2295,영상,기록,국회도서관,국회기록보존소,HOME > 기록정보 콘텐츠 > 구술기록,16. 국회와 시민 간 소통을 증대하기 위한 활동,-,2016~2023,1,미부착,제4유형,무,-,16. 국회와 시민 간 소통을 증대하기 위한 활동,-,영상,영상,-,정치,한국어,-,2016~2023,-,국회도서관,-,-,-,제4유형,저작물,보호저작물,○,상업적이용금지,○,○,○,○,○,○,X,-,-,-,-
,2296,영상,기록,국회도서관,국회기록보존소,HOME > 기록정보 콘텐츠 > 구술기록,17. 의장 재직 시절 구체적 현안,-,2016~2023,1,미부착,제4유형,무,-,17. 의장 재직 시절 구체적 현안,-,영상,영상,-,정치,한국어,-,2016~2023,-,국회도서관,-,-,-,제4유형,저작물,보호저작물,○,상업적이용금지,○,○,○,○,○,○,X,-,-,-,-
,2297,영상,기록,국회도서관,국회기록보존소,HOME > 기록정보 콘텐츠 > 구술기록,18. 면담 소개 및 국회 개원 시 원 구성 현안,-,2016~2023,1,미부착,제4유형,무,-,18. 면담 소개 및 국회 개원 시 원 구성 현안,-,영상,영상,-,정치,한국어,-,2016~2023,-,국회도서관,-,-,-,제4유형,저작물,보호저작물,○,상업적이용금지,○,○,○,○,○,○,X,-,-,-,-
,2298,영상,기록,국회도서관,국회기록보존소,HOME > 기록정보 콘텐츠 > 구술기록,19. 의장 재직 중 법안 처리 현안 및 정치철학,-,2016~2023,1,미부착,제4유형,무,-,19. 의장 재직 중 법안 처리 현안 및 정치철학,-,영상,영상,-,정치,한국어,-,2016~2023,-,국회도서관,-,-,-,제4유형,저작물,보호저작물,○,상업적이용금지,○,○,○,○,○,○,X,-,-,-,-
,2299,영상,기록,국회도서관,국회기록보존소,HOME > 기록정보 콘텐츠 > 구술기록,20. 초대 공수처장 선정 관련 여야 갈등 및 중재 노력,-,2016~2023,1,미부착,제4유형,무,-,20. 초대 공수처장 선정 관련 여야 갈등 및 중재 노력,-,영상,영상,-,정치,한국어,-,2016~2023,-,국회도서관,-,-,-,제4유형,저작물,보호저작물,○,상업적이용금지,○,○,○,○,○,○,X,-,-,-,-
,2300,영상,기록,국회도서관,국회기록보존소,HOME > 기록정보 콘텐츠 > 구술기록,"21. 선거법, 이해충돌방지법, 국회선진화법 개정 관련 정치철학",-,2016~2023,1,미부착,제4유형,무,-,"21. 선거법, 이해충돌방지법, 국회선진화법 개정 관련 정치철학",-,영상,영상,-,정치,한국어,-,2016~2023,-,국회도서관,-,-,-,제4유형,저작물,보호저작물,○,상업적이용금지,○,○,○,○,○,○,X,-,-,-,-
,2301,영상,기록,국회도서관,국회기록보존소,HOME > 기록정보 콘텐츠 > 구술기록,22. 국회의 신뢰 회복을 위한 과제 및 정치적 입장,-,2016~2023,1,미부착,제4유형,무,-,22. 국회의 신뢰 회복을 위한 과제 및 정치적 입장,-,영상,영상,-,정치,한국어,-,2016~2023,-,국회도서관,-,-,-,제4유형,저작물,보호저작물,○,상업적이용금지,○,○,○,○,○,○,X,-,-,-,-
,2302,영상,기록,국회도서관,국회기록보존소,HOME > 기록정보 콘텐츠 > 구술기록,"23. 행정부와 입법부와의 관계, 삼권분립에 대한 정치철학",-,2016~2023,1,미부착,제4유형,무,-,"23. 행정부와 입법부와의 관계, 삼권분립에 대한 정치철학",-,영상,영상,-,정치,한국어,-,2016~2023,-,국회도서관,-,-,-,제4유형,저작물,보호저작물,○,상업적이용금지,○,○,○,○,○,○,X,-,-,-,-
,2303,영상,기록,국회도서관,국회기록보존소,HOME > 기록정보 콘텐츠 > 구술기록,24. 의회 의사결정 방법과 갈등에 대한 입장,-,2016~2023,1,미부착,제4유형,무,-,24. 의회 의사결정 방법과 갈등에 대한 입장,-,영상,영상,-,정치,한국어,-,2016~2023,-,국회도서관,-,-,-,제4유형,저작물,보호저작물,○,상업적이용금지,○,○,○,○,○,○,X,-,-,-,-
,2304,영상,기록,국회도서관,국회기록보존소,HOME > 기록정보 콘텐츠 > 구술기록,"25. 의장 권한에 대한 의견, 의장으로서의 원칙과 중재 역할",-,2016~2023,1,미부착,제4유형,무,-,"25. 의장 권한에 대한 의견, 의장으로서의 원칙과 중재 역할",-,영상,영상,-,정치,한국어,-,2016~2023,-,국회도서관,-,-,-,제4유형,저작물,보호저작물,○,상업적이용금지,○,○,○,○,○,○,X,-,-,-,-
,2305,영상,기록,국회도서관,국회기록보존소,HOME > 기록정보 콘텐츠 > 구술기록,26. 정치인으로서의 철학 및 정치제도 개선에 대한 입장,-,2016~2023,1,미부착,제4유형,무,-,26. 정치인으로서의 철학 및 정치제도 개선에 대한 입장,-,영상,영상,-,정치,한국어,-,2016~2023,-,국회도서관,-,-,-,제4유형,저작물,보호저작물,○,상업적이용금지,○,○,○,○,○,○,X,-,-,-,-
,2306,영상,기록,국회도서관,국회기록보존소,HOME > 기록정보 콘텐츠 > 구술기록,"27. 의원외교 중요성, 활동 및 성과",-,2016~2023,1,미부착,제4유형,무,-,"27. 의원외교 중요성, 활동 및 성과",-,영상,영상,-,정치,한국어,-,2016~2023,-,국회도서관,-,-,-,제4유형,저작물,보호저작물,○,상업적이용금지,○,○,○,○,○,○,X,-,-,-,-
,2307,영상,기록,국회도서관,국회기록보존소,HOME > 기록정보 콘텐츠 > 구술기록,28. 협치를 위한 과제,-,2016~2023,1,미부착,제4유형,무,-,28. 협치를 위한 과제,-,영상,영상,-,정치,한국어,-,2016~2023,-,국회도서관,-,-,-,제4유형,저작물,보호저작물,○,상업적이용금지,○,○,○,○,○,○,X,-,-,-,-
,2308,영상,기록,국회도서관,국회기록보존소,HOME > 기록정보 콘텐츠 > 구술기록,29. 선거 관련 지휘부 역할과 과정,-,2016~2023,1,미부착,제4유형,무,-,29. 선거 관련 지휘부 역할과 과정,-,영상,영상,-,정치,한국어,-,2016~2023,-,국회도서관,-,-,-,제4유형,저작물,보호저작물,○,상업적이용금지,○,○,○,○,○,○,X,-,-,-,-
,2309,영상,기록,국회도서관,국회기록보존소,HOME > 기록정보 콘텐츠 > 구술기록,30. 지난 정치 활동에 대한 회고,-,2016~2023,1,미부착,제4유형,무,-,30. 지난 정치 활동에 대한 회고,-,영상,영상,-,정치,한국어,-,2016~2023,-,국회도서관,-,-,-,제4유형,저작물,보호저작물,○,상업적이용금지,○,○,○,○,○,○,X,-,-,-,-
,2310,영상,기록,국회도서관,국회기록보존소,HOME > 기록정보 콘텐츠 > 구술기록,이희호 여사에 대한 회고,-,2016~2023,1,미부착,제4유형,무,-,이희호 여사에 대한 회고,-,영상,영상,-,정치,한국어,-,2016~2023,-,국회도서관,-,-,-,제4유형,저작물,보호저작물,○,상업적이용금지,○,○,○,○,○,○,X,-,-,-,-
,2311,영상,기록,국회도서관,국회기록보존소,HOME > 기록정보 콘텐츠 > 구술기록,제19대 국회의원 무소속 당선,-,2016~2023,1,미부착,제4유형,무,-,제19대 국회의원 무소속 당선,-,영상,영상,-,정치,한국어,-,2016~2023,-,국회도서관,-,-,-,제4유형,저작물,보호저작물,○,상업적이용금지,○,○,○,○,○,○,X,-,-,-,-
,2312,영상,기록,국회도서관,국회기록보존소,HOME > 기록정보 콘텐츠 > 구술기록,제18대 국회 시기 주요 의정활동,-,2016~2023,1,미부착,제4유형,무,-,제18대 국회 시기 주요 의정활동,-,영상,영상,-,정치,한국어,-,2016~2023,-,국회도서관,-,-,-,제4유형,저작물,보호저작물,○,상업적이용금지,○,○,○,○,○,○,X,-,-,-,-
,2313,영상,기록,국회도서관,국회기록보존소,HOME > 기록정보 콘텐츠 > 구술기록,제18대 국회의원 선거 과정,-,2016~2023,1,미부착,제4유형,무,-,제18대 국회의원 선거 과정,-,영상,영상,-,정치,한국어,-,2016~2023,-,국회도서관,-,-,-,제4유형,저작물,보호저작물,○,상업적이용금지,○,○,○,○,○,○,X,-,-,-,-
,2314,영상,기록,국회도서관,국회기록보존소,HOME > 기록정보 콘텐츠 > 구술기록,서울시장 출마,-,2016~2023,1,미부착,제4유형,무,-,서울시장 출마,-,영상,영상,-,정치,한국어,-,2016~2023,-,국회도서관,-,-,-,제4유형,저작물,보호저작물,○,상업적이용금지,○,○,○,○,○,○,X,-,-,-,-
,2315,영상,기록,국회도서관,국회기록보존소,HOME > 기록정보 콘텐츠 > 구술기록,제17대 총선 옥중 출마,-,2016~2023,1,미부착,제4유형,무,-,제17대 총선 옥중 출마,-,영상,영상,-,정치,한국어,-,2016~2023,-,국회도서관,-,-,-,제4유형,저작물,보호저작물,○,상업적이용금지,○,○,○,○,○,○,X,-,-,-,-
,2316,영상,기록,국회도서관,국회기록보존소,HOME > 기록정보 콘텐츠 > 구술기록,열린우리당 창당에 대한 입장,-,2016~2023,1,미부착,제4유형,무,-,열린우리당 창당에 대한 입장,-,영상,영상,-,정치,한국어,-,2016~2023,-,국회도서관,-,-,-,제4유형,저작물,보호저작물,○,상업적이용금지,○,○,○,○,○,○,X,-,-,-,-
,2317,영상,기록,국회도서관,국회기록보존소,HOME > 기록정보 콘텐츠 > 구술기록,제16대 국회의원 선거 과정,-,2016~2023,1,미부착,제4유형,무,-,제16대 국회의원 선거 과정,-,영상,영상,-,정치,한국어,-,2016~2023,-,국회도서관,-,-,-,제4유형,저작물,보호저작물,○,상업적이용금지,○,○,○,○,○,○,X,-,-,-,-
,2318,영상,기록,국회도서관,국회기록보존소,HOME > 기록정보 콘텐츠 > 구술기록,대통령 법무비서관 시절 주요 사건,-,2016~2023,1,미부착,제4유형,무,-,대통령 법무비서관 시절 주요 사건,-,영상,영상,-,정치,한국어,-,2016~2023,-,국회도서관,-,-,-,제4유형,저작물,보호저작물,○,상업적이용금지,○,○,○,○,○,○,X,-,-,-,-
,2319,영상,기록,국회도서관,국회기록보존소,HOME > 기록정보 콘텐츠 > 구술기록,대통령 법무비서관 사직 과정,-,2016~2023,1,미부착,제4유형,무,-,대통령 법무비서관 사직 과정,-,영상,영상,-,정치,한국어,-,2016~2023,-,국회도서관,-,-,-,제4유형,저작물,보호저작물,○,상업적이용금지,○,○,○,○,○,○,X,-,-,-,-
,2320,영상,기록,국회도서관,국회기록보존소,HOME > 기록정보 콘텐츠 > 구술기록,청와대 법무비서관 시절,-,2016~2023,1,미부착,제4유형,무,-,청와대 법무비서관 시절,-,영상,영상,-,정치,한국어,-,2016~2023,-,국회도서관,-,-,-,제4유형,저작물,보호저작물,○,상업적이용금지,○,○,○,○,○,○,X,-,-,-,-
,2321,영상,기록,국회도서관,국회기록보존소,HOME > 기록정보 콘텐츠 > 구술기록,검사 재직 시 다뤘던 주요 사건과 동백장학회,-,2016~2023,1,미부착,제4유형,무,-,검사 재직 시 다뤘던 주요 사건과 동백장학회,-,영상,영상,-,정치,한국어,-,2016~2023,-,국회도서관,-,-,-,제4유형,저작물,보호저작물,○,상업적이용금지,○,○,○,○,○,○,X,-,-,-,-
,2322,영상,기록,국회도서관,국회기록보존소,HOME > 기록정보 콘텐츠 > 구술기록,시작멘트,-,2016~2023,1,미부착,제4유형,무,-,시작멘트,-,영상,영상,-,정치,한국어,-,2016~2023,-,국회도서관,-,-,-,제4유형,저작물,보호저작물,○,상업적이용금지,○,○,○,○,○,○,X,-,-,-,-
,2323,영상,기록,국회도서관,국회기록보존소,HOME > 기록정보 콘텐츠 > 구술기록,신안 앞바다 유물사건 및 97년 대선 상황,-,2016~2023,1,미부착,제4유형,무,-,신안 앞바다 유물사건 및 97년 대선 상황,-,영상,영상,-,정치,한국어,-,2016~2023,-,국회도서관,-,-,-,제4유형,저작물,보호저작물,○,상업적이용금지,○,○,○,○,○,○,X,-,-,-,-
,2324,영상,기록,국회도서관,국회기록보존소,HOME > 기록정보 콘텐츠 > 구술기록,군법무관 시기,-,2016~2023,1,미부착,제4유형,무,-,군법무관 시기,-,영상,영상,-,정치,한국어,-,2016~2023,-,국회도서관,-,-,-,제4유형,저작물,보호저작물,○,상업적이용금지,○,○,○,○,○,○,X,-,-,-,-
,2325,영상,기록,국회도서관,국회기록보존소,HOME > 기록정보 콘텐츠 > 구술기록,대학 생활 및 결혼,-,2016~2023,1,미부착,제4유형,무,-,대학 생활 및 결혼,-,영상,영상,-,정치,한국어,-,2016~2023,-,국회도서관,-,-,-,제4유형,저작물,보호저작물,○,상업적이용금지,○,○,○,○,○,○,X,-,-,-,-
,2326,영상,기록,국회도서관,국회기록보존소,HOME > 기록정보 콘텐츠 > 구술기록,법대 진학 동기,-,2016~2023,1,미부착,제4유형,무,-,법대 진학 동기,-,영상,영상,-,정치,한국어,-,2016~2023,-,국회도서관,-,-,-,제4유형,저작물,보호저작물,○,상업적이용금지,○,○,○,○,○,○,X,-,-,-,-
,2327,영상,기록,국회도서관,국회기록보존소,HOME > 기록정보 콘텐츠 > 구술기록,성장 과정,-,2016~2023,1,미부착,제4유형,무,-,성장 과정,-,영상,영상,-,정치,한국어,-,2016~2023,-,국회도서관,-,-,-,제4유형,저작물,보호저작물,○,상업적이용금지,○,○,○,○,○,○,X,-,-,-,-
,2328,영상,기록,국회도서관,국회기록보존소,HOME > 기록정보 콘텐츠 > 구술기록,최근 근황과 현 국정 상황,-,2016~2023,1,미부착,제4유형,무,-,최근 근황과 현 국정 상황,-,영상,영상,-,정치,한국어,-,2016~2023,-,국회도서관,-,-,-,제4유형,저작물,보호저작물,○,상업적이용금지,○,○,○,○,○,○,X,-,-,-,-
,2329,영상,기록,국회도서관,국회기록보존소,HOME > 기록정보 콘텐츠 > 구술기록,시작멘트,-,2016~2023,1,미부착,제4유형,무,-,시작멘트,-,영상,영상,-,정치,한국어,-,2016~2023,-,국회도서관,-,-,-,제4유형,저작물,보호저작물,○,상업적이용금지,○,○,○,○,○,○,X,-,-,-,-
,2330,영상,기록,국회도서관,국회기록보존소,HOME > 기록정보 콘텐츠 > 구술기록,국민의당 입당과 제20대 국회의원 선거 과정,-,2016~2023,1,미부착,제4유형,무,-,국민의당 입당과 제20대 국회의원 선거 과정,-,영상,영상,-,정치,한국어,-,2016~2023,-,국회도서관,-,-,-,제4유형,저작물,보호저작물,○,상업적이용금지,○,○,○,○,○,○,X,-,-,-,-
,2331,영상,기록,국회도서관,국회기록보존소,HOME > 기록정보 콘텐츠 > 구술기록,제20대 국회 전반기 국회부의장 재임 시기 개헌 논의,-,2016~2023,1,미부착,제4유형,무,-,제20대 국회 전반기 국회부의장 재임 시기 개헌 논의,-,영상,영상,-,정치,한국어,-,2016~2023,-,국회도서관,-,-,-,제4유형,저작물,보호저작물,○,상업적이용금지,○,○,○,○,○,○,X,-,-,-,-
,2332,영상,기록,국회도서관,국회기록보존소,HOME > 기록정보 콘텐츠 > 구술기록,박근혜 전 대통령 탄핵 과정,-,2016~2023,1,미부착,제4유형,무,-,박근혜 전 대통령 탄핵 과정,-,영상,영상,-,정치,한국어,-,2016~2023,-,국회도서관,-,-,-,제4유형,저작물,보호저작물,○,상업적이용금지,○,○,○,○,○,○,X,-,-,-,-
,2333,영상,기록,국회도서관,국회기록보존소,HOME > 기록정보 콘텐츠 > 구술기록,2017년 대통령 선거 후보 당내 경선 과정,-,2016~2023,1,미부착,제4유형,무,-,2017년 대통령 선거 후보 당내 경선 과정,-,영상,영상,-,정치,한국어,-,2016~2023,-,국회도서관,-,-,-,제4유형,저작물,보호저작물,○,상업적이용금지,○,○,○,○,○,○,X,-,-,-,-
,2334,영상,기록,국회도서관,국회기록보존소,HOME > 기록정보 콘텐츠 > 구술기록,국회부의장 재임 시기 외교 활동,-,2016~2023,1,미부착,제4유형,무,-,국회부의장 재임 시기 외교 활동,-,영상,영상,-,정치,한국어,-,2016~2023,-,국회도서관,-,-,-,제4유형,저작물,보호저작물,○,상업적이용금지,○,○,○,○,○,○,X,-,-,-,-
,2335,영상,기록,국회도서관,국회기록보존소,HOME > 기록정보 콘텐츠 > 구술기록,바른미래당 창당 과정,-,2016~2023,1,미부착,제4유형,무,-,바른미래당 창당 과정,-,영상,영상,-,정치,한국어,-,2016~2023,-,국회도서관,-,-,-,제4유형,저작물,보호저작물,○,상업적이용금지,○,○,○,○,○,○,X,-,-,-,-
,2336,영상,기록,국회도서관,국회기록보존소,HOME > 기록정보 콘텐츠 > 구술기록,시작멘트,-,2016~2023,1,미부착,제4유형,무,-,시작멘트,-,영상,영상,-,정치,한국어,-,2016~2023,-,국회도서관,-,-,-,제4유형,저작물,보호저작물,○,상업적이용금지,○,○,○,○,○,○,X,-,-,-,-
,2337,영상,기록,국회도서관,국회기록보존소,HOME > 기록정보 콘텐츠 > 구술기록,시작멘트,-,2016~2023,1,미부착,제4유형,무,-,시작멘트,-,영상,영상,-,정치,한국어,-,2016~2023,-,국회도서관,-,-,-,제4유형,저작물,보호저작물,○,상업적이용금지,○,○,○,○,○,○,X,-,-,-,-
,2338,영상,기록,국회도서관,국회기록보존소,HOME > 기록정보 콘텐츠 > 구술기록,한반도 평화와 남북관계에 대한 입장,-,2016~2023,1,미부착,제4유형,무,-,한반도 평화와 남북관계에 대한 입장,-,영상,영상,-,정치,한국어,-,2016~2023,-,국회도서관,-,-,-,제4유형,저작물,보호저작물,○,상업적이용금지,○,○,○,○,○,○,X,-,-,-,-
,2339,영상,기록,국회도서관,국회기록보존소,HOME > 기록정보 콘텐츠 > 구술기록,선거구제 개편에 대한 입장,-,2016~2023,1,미부착,제4유형,무,-,선거구제 개편에 대한 입장,-,영상,영상,-,정치,한국어,-,2016~2023,-,국회도서관,-,-,-,제4유형,저작물,보호저작물,○,상업적이용금지,○,○,○,○,○,○,X,-,-,-,-
,2340,영상,기록,국회도서관,국회기록보존소,HOME > 기록정보 콘텐츠 > 구술기록,반 5.18 방지법 추진 과정과 도시재생활성화지원법,-,2016~2023,1,미부착,제4유형,무,-,반 5.18 방지법 추진 과정과 도시재생활성화지원법,-,영상,영상,-,정치,한국어,-,2016~2023,-,국회도서관,-,-,-,제4유형,저작물,보호저작물,○,상업적이용금지,○,○,○,○,○,○,X,-,-,-,-
,2341,영상,기록,국회도서관,국회기록보존소,HOME > 기록정보 콘텐츠 > 구술기록,의정활동을 위한 보좌진 및 입법 지원 조직에 대한 의견,-,2016~2023,1,미부착,제4유형,무,-,의정활동을 위한 보좌진 및 입법 지원 조직에 대한 의견,-,영상,영상,-,정치,한국어,-,2016~2023,-,국회도서관,-,-,-,제4유형,저작물,보호저작물,○,상업적이용금지,○,○,○,○,○,○,X,-,-,-,-
,2342,영상,기록,국회도서관,국회기록보존소,HOME > 기록정보 콘텐츠 > 구술기록,최근 사회 현상에 대한 입장,-,2016~2023,1,미부착,제4유형,무,-,최근 사회 현상에 대한 입장,-,영상,영상,-,정치,한국어,-,2016~2023,-,국회도서관,-,-,-,제4유형,저작물,보호저작물,○,상업적이용금지,○,○,○,○,○,○,X,-,-,-,-
,2343,영상,기록,국회도서관,국회기록보존소,HOME > 기록정보 콘텐츠 > 구술기록,임시정부 수립 100주년을 맞이하는 소회,-,2016~2023,1,미부착,제4유형,무,-,임시정부 수립 100주년을 맞이하는 소회,-,영상,영상,-,정치,한국어,-,2016~2023,-,국회도서관,-,-,-,제4유형,저작물,보호저작물,○,상업적이용금지,○,○,○,○,○,○,X,-,-,-,-
,2344,영상,기록,국회도서관,국회기록보존소,HOME > 기록정보 콘텐츠 > 구술기록,정치 활동 계획과 당부의 말씀,-,2016~2023,1,미부착,제4유형,무,-,정치 활동 계획과 당부의 말씀,-,영상,영상,-,정치,한국어,-,2016~2023,-,국회도서관,-,-,-,제4유형,저작물,보호저작물,○,상업적이용금지,○,○,○,○,○,○,X,-,-,-,-
,2345,영상,기록,국회도서관,국회기록보존소,HOME > 기록정보 콘텐츠 > 구술기록,소통과 통합의 정치,-,2016~2023,1,미부착,제4유형,무,-,소통과 통합의 정치,-,영상,영상,-,정치,한국어,-,2016~2023,-,국회도서관,-,-,-,제4유형,저작물,보호저작물,○,상업적이용금지,○,○,○,○,○,○,X,-,-,-,-
,2346,영상,기록,국회도서관,국회기록보존소,HOME > 기록정보 콘텐츠 > 구술기록,시작 멘트,-,2016~2023,1,미부착,제4유형,무,-,시작 멘트,-,영상,영상,-,정치,한국어,-,2016~2023,-,국회도서관,-,-,-,제4유형,저작물,보호저작물,○,상업적이용금지,○,○,○,○,○,○,X,-,-,-,-
,2347,영상,기록,국회도서관,국회기록보존소,HOME > 기록정보 콘텐츠 > 구술기록,국가정보원장 임명과 활동,-,2016~2023,1,미부착,제4유형,무,-,국가정보원장 임명과 활동,-,영상,영상,-,정치,한국어,-,2016~2023,-,국회도서관,-,-,-,제4유형,저작물,보호저작물,○,상업적이용금지,○,○,○,○,○,○,X,-,-,-,-
,2348,영상,기록,국회도서관,국회기록보존소,HOME > 기록정보 콘텐츠 > 구술기록,박근혜 전 대통령 탄핵 전후 상황,-,2016~2023,1,미부착,제4유형,무,-,박근혜 전 대통령 탄핵 전후 상황,-,영상,영상,-,정치,한국어,-,2016~2023,-,국회도서관,-,-,-,제4유형,저작물,보호저작물,○,상업적이용금지,○,○,○,○,○,○,X,-,-,-,-
,2349,영상,기록,국회도서관,국회기록보존소,HOME > 기록정보 콘텐츠 > 구술기록,제18대 국회시기 정치활동 재개,-,2016~2023,1,미부착,제4유형,무,-,제18대 국회시기 정치활동 재개,-,영상,영상,-,정치,한국어,-,2016~2023,-,국회도서관,-,-,-,제4유형,저작물,보호저작물,○,상업적이용금지,○,○,○,○,○,○,X,-,-,-,-
,2350,영상,기록,국회도서관,국회기록보존소,HOME > 기록정보 콘텐츠 > 구술기록,남북관계 분야의 활동,-,2016~2023,1,미부착,제4유형,무,-,남북관계 분야의 활동,-,영상,영상,-,정치,한국어,-,2016~2023,-,국회도서관,-,-,-,제4유형,저작물,보호저작물,○,상업적이용금지,○,○,○,○,○,○,X,-,-,-,-
,2351,영상,기록,국회도서관,국회기록보존소,HOME > 기록정보 콘텐츠 > 구술기록,문화관광부 장관,-,2016~2023,1,미부착,제4유형,무,-,문화관광부 장관,-,영상,영상,-,정치,한국어,-,2016~2023,-,국회도서관,-,-,-,제4유형,저작물,보호저작물,○,상업적이용금지,○,○,○,○,○,○,X,-,-,-,-
,2352,영상,기록,국회도서관,국회기록보존소,HOME > 기록정보 콘텐츠 > 구술기록,국민의 정부 시기 대일관계,-,2016~2023,1,미부착,제4유형,무,-,국민의 정부 시기 대일관계,-,영상,영상,-,정치,한국어,-,2016~2023,-,국회도서관,-,-,-,제4유형,저작물,보호저작물,○,상업적이용금지,○,○,○,○,○,○,X,-,-,-,-
,2353,영상,기록,국회도서관,국회기록보존소,HOME > 기록정보 콘텐츠 > 구술기록,청와대 공보수석 활동,-,2016~2023,1,미부착,제4유형,무,-,청와대 공보수석 활동,-,영상,영상,-,정치,한국어,-,2016~2023,-,국회도서관,-,-,-,제4유형,저작물,보호저작물,○,상업적이용금지,○,○,○,○,○,○,X,-,-,-,-
,2354,영상,기록,국회도서관,국회기록보존소,HOME > 기록정보 콘텐츠 > 구술기록,국민의 정부 출범,-,2016~2023,1,미부착,제4유형,무,-,국민의 정부 출범,-,영상,영상,-,정치,한국어,-,2016~2023,-,국회도서관,-,-,-,제4유형,저작물,보호저작물,○,상업적이용금지,○,○,○,○,○,○,X,-,-,-,-
,2355,영상,기록,국회도서관,국회기록보존소,HOME > 기록정보 콘텐츠 > 구술기록,새정치국민회의 창당,-,2016~2023,1,미부착,제4유형,무,-,새정치국민회의 창당,-,영상,영상,-,정치,한국어,-,2016~2023,-,국회도서관,-,-,-,제4유형,저작물,보호저작물,○,상업적이용금지,○,○,○,○,○,○,X,-,-,-,-
,2356,영상,기록,국회도서관,국회기록보존소,HOME > 기록정보 콘텐츠 > 구술기록,제15대 국회의원 선거 시기 일화,-,2016~2023,1,미부착,제4유형,무,-,제15대 국회의원 선거 시기 일화,-,영상,영상,-,정치,한국어,-,2016~2023,-,국회도서관,-,-,-,제4유형,저작물,보호저작물,○,상업적이용금지,○,○,○,○,○,○,X,-,-,-,-
,2357,영상,기록,국회도서관,국회기록보존소,HOME > 기록정보 콘텐츠 > 구술기록,1992년 대통령선거 이후,-,2016~2023,1,미부착,제4유형,무,-,1992년 대통령선거 이후,-,영상,영상,-,정치,한국어,-,2016~2023,-,국회도서관,-,-,-,제4유형,저작물,보호저작물,○,상업적이용금지,○,○,○,○,○,○,X,-,-,-,-
,2358,영상,기록,국회도서관,국회기록보존소,HOME > 기록정보 콘텐츠 > 구술기록,제14대 국회 초선의원 활동,-,2016~2023,1,미부착,제4유형,무,-,제14대 국회 초선의원 활동,-,영상,영상,-,정치,한국어,-,2016~2023,-,국회도서관,-,-,-,제4유형,저작물,보호저작물,○,상업적이용금지,○,○,○,○,○,○,X,-,-,-,-
,2359,영상,기록,국회도서관,국회기록보존소,HOME > 기록정보 콘텐츠 > 구술기록,정계입문 과정,-,2016~2023,1,미부착,제4유형,무,-,정계입문 과정,-,영상,영상,-,정치,한국어,-,2016~2023,-,국회도서관,-,-,-,제4유형,저작물,보호저작물,○,상업적이용금지,○,○,○,○,○,○,X,-,-,-,-
,2360,영상,기록,국회도서관,국회기록보존소,HOME > 기록정보 콘텐츠 > 구술기록,미주 한인회 활동,-,2016~2023,1,미부착,제4유형,무,-,미주 한인회 활동,-,영상,영상,-,정치,한국어,-,2016~2023,-,국회도서관,-,-,-,제4유형,저작물,보호저작물,○,상업적이용금지,○,○,○,○,○,○,X,-,-,-,-
,2361,영상,기록,국회도서관,국회기록보존소,HOME > 기록정보 콘텐츠 > 구술기록,사회 진출,-,2016~2023,1,미부착,제4유형,무,-,사회 진출,-,영상,영상,-,정치,한국어,-,2016~2023,-,국회도서관,-,-,-,제4유형,저작물,보호저작물,○,상업적이용금지,○,○,○,○,○,○,X,-,-,-,-
,2362,영상,기록,국회도서관,국회기록보존소,HOME > 기록정보 콘텐츠 > 구술기록,성장 과정,-,2016~2023,1,미부착,제4유형,무,-,성장 과정,-,영상,영상,-,정치,한국어,-,2016~2023,-,국회도서관,-,-,-,제4유형,저작물,보호저작물,○,상업적이용금지,○,○,○,○,○,○,X,-,-,-,-
,2363,영상,기록,국회도서관,국회기록보존소,HOME > 기록정보 콘텐츠 > 구술기록,근황 소개,-,2016~2023,1,미부착,제4유형,무,-,근황 소개,-,영상,영상,-,정치,한국어,-,2016~2023,-,국회도서관,-,-,-,제4유형,저작물,보호저작물,○,상업적이용금지,○,○,○,○,○,○,X,-,-,-,-
,2364,영상,기록,국회도서관,국회기록보존소,HOME > 기록정보 콘텐츠 > 구술기록,남북관계 개선을 위한 조언,-,2016~2023,1,미부착,제4유형,무,-,남북관계 개선을 위한 조언,-,영상,영상,-,정치,한국어,-,2016~2023,-,국회도서관,-,-,-,제4유형,저작물,보호저작물,○,상업적이용금지,○,○,○,○,○,○,X,-,-,-,-
,2365,영상,기록,국회도서관,국회기록보존소,HOME > 기록정보 콘텐츠 > 구술기록,제13대 국회의원 선거와 당선,-,2016~2023,1,미부착,제4유형,무,-,제13대 국회의원 선거와 당선,-,영상,영상,-,정치,한국어,-,2016~2023,-,국회도서관,-,-,-,제4유형,저작물,보호저작물,○,상업적이용금지,○,○,○,○,○,○,X,-,-,-,-
,2366,영상,기록,국회도서관,국회기록보존소,HOME > 기록정보 콘텐츠 > 구술기록,FTA 비준안 통과 과정의 난항,-,2016~2023,1,미부착,제4유형,무,-,FTA 비준안 통과 과정의 난항,-,영상,영상,-,정치,한국어,-,2016~2023,-,국회도서관,-,-,-,제4유형,저작물,보호저작물,○,상업적이용금지,○,○,○,○,○,○,X,-,-,-,-
,2367,영상,기록,국회도서관,국회기록보존소,HOME > 기록정보 콘텐츠 > 구술기록,김정일 국방위원장 사망 시 상황,-,2016~2023,1,미부착,제4유형,무,-,김정일 국방위원장 사망 시 상황,-,영상,영상,-,정치,한국어,-,2016~2023,-,국회도서관,-,-,-,제4유형,저작물,보호저작물,○,상업적이용금지,○,○,○,○,○,○,X,-,-,-,-
,2368,영상,기록,국회도서관,국회기록보존소,HOME > 기록정보 콘텐츠 > 구술기록,내각제에 대한 입장,-,2016~2023,1,미부착,제4유형,무,-,내각제에 대한 입장,-,영상,영상,-,정치,한국어,-,2016~2023,-,국회도서관,-,-,-,제4유형,저작물,보호저작물,○,상업적이용금지,○,○,○,○,○,○,X,-,-,-,-
,2369,영상,기록,국회도서관,국회기록보존소,HOME > 기록정보 콘텐츠 > 구술기록,국회 내 비정규직 직원들의 정규직 전환,-,2016~2023,1,미부착,제4유형,무,-,국회 내 비정규직 직원들의 정규직 전환,-,영상,영상,-,정치,한국어,-,2016~2023,-,국회도서관,-,-,-,제4유형,저작물,보호저작물,○,상업적이용금지,○,○,○,○,○,○,X,-,-,-,-
,2370,영상,기록,국회도서관,국회기록보존소,HOME > 기록정보 콘텐츠 > 구술기록,외교활동과 G20 개최,-,2016~2023,1,미부착,제4유형,무,-,외교활동과 G20 개최,-,영상,영상,-,정치,한국어,-,2016~2023,-,국회도서관,-,-,-,제4유형,저작물,보호저작물,○,상업적이용금지,○,○,○,○,○,○,X,-,-,-,-
,2371,영상,기록,국회도서관,국회기록보존소,HOME > 기록정보 콘텐츠 > 구술기록,유럽 방문,-,2016~2023,1,미부착,제4유형,무,-,유럽 방문,-,영상,영상,-,정치,한국어,-,2016~2023,-,국회도서관,-,-,-,제4유형,저작물,보호저작물,○,상업적이용금지,○,○,○,○,○,○,X,-,-,-,-
,2372,영상,기록,국회도서관,국회기록보존소,HOME > 기록정보 콘텐츠 > 구술기록,북한대표와의 만남 시도,-,2016~2023,1,미부착,제4유형,무,-,북한대표와의 만남 시도,-,영상,영상,-,정치,한국어,-,2016~2023,-,국회도서관,-,-,-,제4유형,저작물,보호저작물,○,상업적이용금지,○,○,○,○,○,○,X,-,-,-,-
,2373,영상,기록,국회도서관,국회기록보존소,HOME > 기록정보 콘텐츠 > 구술기록,일본 공식방문 중 윤봉길 의사 순국지 참배,-,2016~2023,1,미부착,제4유형,무,-,일본 공식방문 중 윤봉길 의사 순국지 참배,-,영상,영상,-,정치,한국어,-,2016~2023,-,국회도서관,-,-,-,제4유형,저작물,보호저작물,○,상업적이용금지,○,○,○,○,○,○,X,-,-,-,-
,2374,영상,기록,국회도서관,국회기록보존소,HOME > 기록정보 콘텐츠 > 구술기록,시작멘트,-,2016~2023,1,미부착,제4유형,무,-,시작멘트,-,영상,영상,-,정치,한국어,-,2016~2023,-,국회도서관,-,-,-,제4유형,저작물,보호저작물,○,상업적이용금지,○,○,○,○,○,○,X,-,-,-,-
,2375,영상,기록,국회도서관,국회기록보존소,HOME > 기록정보 콘텐츠 > 구술기록,정기국회 개회와 ‘대진출’,-,2016~2023,1,미부착,제4유형,무,-,정기국회 개회와 ‘대진출’,-,영상,영상,-,정치,한국어,-,2016~2023,-,국회도서관,-,-,-,제4유형,저작물,보호저작물,○,상업적이용금지,○,○,○,○,○,○,X,-,-,-,-
,2376,영상,기록,국회도서관,국회기록보존소,HOME > 기록정보 콘텐츠 > 구술기록,국회 정론관 시설 개선과 언론매체와의 관계,-,2016~2023,1,미부착,제4유형,무,-,국회 정론관 시설 개선과 언론매체와의 관계,-,영상,영상,-,정치,한국어,-,2016~2023,-,국회도서관,-,-,-,제4유형,저작물,보호저작물,○,상업적이용금지,○,○,○,○,○,○,X,-,-,-,-
,2377,영상,기록,국회도서관,국회기록보존소,HOME > 기록정보 콘텐츠 > 구술기록,국회의장 취임시 소신과 국회운영,-,2016~2023,1,미부착,제4유형,무,-,국회의장 취임시 소신과 국회운영,-,영상,영상,-,정치,한국어,-,2016~2023,-,국회도서관,-,-,-,제4유형,저작물,보호저작물,○,상업적이용금지,○,○,○,○,○,○,X,-,-,-,-
,2378,영상,기록,국회도서관,국회기록보존소,HOME > 기록정보 콘텐츠 > 구술기록,노무현 대통령 탄핵사건과 국회부의장 활동,-,2016~2023,1,미부착,제4유형,무,-,노무현 대통령 탄핵사건과 국회부의장 활동,-,영상,영상,-,정치,한국어,-,2016~2023,-,국회도서관,-,-,-,제4유형,저작물,보호저작물,○,상업적이용금지,○,○,○,○,○,○,X,-,-,-,-
,2379,영상,기록,국회도서관,국회기록보존소,HOME > 기록정보 콘텐츠 > 구술기록,여야 정당간의 갈등과 타협-(2),-,2016~2023,1,미부착,제4유형,무,-,여야 정당간의 갈등과 타협-(2),-,영상,영상,-,정치,한국어,-,2016~2023,-,국회도서관,-,-,-,제4유형,저작물,보호저작물,○,상업적이용금지,○,○,○,○,○,○,X,-,-,-,-
,2380,영상,기록,국회도서관,국회기록보존소,HOME > 기록정보 콘텐츠 > 구술기록,여야 정당간의 갈등과 타협-(1),-,2016~2023,1,미부착,제4유형,무,-,여야 정당간의 갈등과 타협-(1),-,영상,영상,-,정치,한국어,-,2016~2023,-,국회도서관,-,-,-,제4유형,저작물,보호저작물,○,상업적이용금지,○,○,○,○,○,○,X,-,-,-,-
,2381,영상,기록,국회도서관,국회기록보존소,HOME > 기록정보 콘텐츠 > 구술기록,최근근황과 어린 시절의 가정형편,-,2016~2023,1,미부착,제4유형,무,-,최근근황과 어린 시절의 가정형편,-,영상,영상,-,정치,한국어,-,2016~2023,-,국회도서관,-,-,-,제4유형,저작물,보호저작물,○,상업적이용금지,○,○,○,○,○,○,X,-,-,-,-
,2382,영상,기록,국회도서관,국회기록보존소,HOME > 기록정보 콘텐츠 > 구술기록,중·고등학교 진학과 학창시절에 대한 기억,-,2016~2023,1,미부착,제4유형,무,-,중·고등학교 진학과 학창시절에 대한 기억,-,영상,영상,-,정치,한국어,-,2016~2023,-,국회도서관,-,-,-,제4유형,저작물,보호저작물,○,상업적이용금지,○,○,○,○,○,○,X,-,-,-,-
,2383,영상,기록,국회도서관,국회기록보존소,HOME > 기록정보 콘텐츠 > 구술기록,검사지망의 배경과 대학시절,-,2016~2023,1,미부착,제4유형,무,-,검사지망의 배경과 대학시절,-,영상,영상,-,정치,한국어,-,2016~2023,-,국회도서관,-,-,-,제4유형,저작물,보호저작물,○,상업적이용금지,○,○,○,○,○,○,X,-,-,-,-
,2384,영상,기록,국회도서관,국회기록보존소,HOME > 기록정보 콘텐츠 > 구술기록,시작멘트,-,2016~2023,1,미부착,제4유형,무,-,시작멘트,-,영상,영상,-,정치,한국어,-,2016~2023,-,국회도서관,-,-,-,제4유형,저작물,보호저작물,○,상업적이용금지,○,○,○,○,○,○,X,-,-,-,-
,2385,영상,기록,국회도서관,국회기록보존소,HOME > 기록정보 콘텐츠 > 구술기록,검사로 근무하던 시절의 소신과 에피소드,-,2016~2023,1,미부착,제4유형,무,-,검사로 근무하던 시절의 소신과 에피소드,-,영상,영상,-,정치,한국어,-,2016~2023,-,국회도서관,-,-,-,제4유형,저작물,보호저작물,○,상업적이용금지,○,○,○,○,○,○,X,-,-,-,-
,2386,영상,기록,국회도서관,국회기록보존소,HOME > 기록정보 콘텐츠 > 구술기록,국회의원으로서의 다짐,-,2016~2023,1,미부착,제4유형,무,-,국회의원으로서의 다짐,-,영상,영상,-,정치,한국어,-,2016~2023,-,국회도서관,-,-,-,제4유형,저작물,보호저작물,○,상업적이용금지,○,○,○,○,○,○,X,-,-,-,-
,2387,영상,기록,국회도서관,국회기록보존소,HOME > 기록정보 콘텐츠 > 구술기록,제18대 국회의원 재보궐선거,-,2016~2023,1,미부착,제4유형,무,-,제18대 국회의원 재보궐선거,-,영상,영상,-,정치,한국어,-,2016~2023,-,국회도서관,-,-,-,제4유형,저작물,보호저작물,○,상업적이용금지,○,○,○,○,○,○,X,-,-,-,-
,2388,영상,기록,국회도서관,국회기록보존소,HOME > 기록정보 콘텐츠 > 구술기록,정계입문과정,-,2016~2023,1,미부착,제4유형,무,-,정계입문과정,-,영상,영상,-,정치,한국어,-,2016~2023,-,국회도서관,-,-,-,제4유형,저작물,보호저작물,○,상업적이용금지,○,○,○,○,○,○,X,-,-,-,-
,2389,영상,기록,국회도서관,국회기록보존소,HOME > 기록정보 콘텐츠 > 구술기록,‘폭탄주’ 개발 배경과 에피소드,-,2016~2023,1,미부착,제4유형,무,-,‘폭탄주’ 개발 배경과 에피소드,-,영상,영상,-,정치,한국어,-,2016~2023,-,국회도서관,-,-,-,제4유형,저작물,보호저작물,○,상업적이용금지,○,○,○,○,○,○,X,-,-,-,-
,2390,영상,기록,국회도서관,국회기록보존소,HOME > 기록정보 콘텐츠 > 구술기록,국회의원 당선 후 국회상황과 국회법제정 활동,-,2016~2023,1,미부착,제4유형,무,-,국회의원 당선 후 국회상황과 국회법제정 활동,-,영상,영상,-,정치,한국어,-,2016~2023,-,국회도서관,-,-,-,제4유형,저작물,보호저작물,○,상업적이용금지,○,○,○,○,○,○,X,-,-,-,-
,2391,영상,기록,국회도서관,국회기록보존소,HOME > 기록정보 콘텐츠 > 구술기록,민정당 대변인 취임,-,2016~2023,1,미부착,제4유형,무,-,민정당 대변인 취임,-,영상,영상,-,정치,한국어,-,2016~2023,-,국회도서관,-,-,-,제4유형,저작물,보호저작물,○,상업적이용금지,○,○,○,○,○,○,X,-,-,-,-
,2392,영상,기록,국회도서관,국회기록보존소,HOME > 기록정보 콘텐츠 > 구술기록,당대변인 시절의 활동 소개,-,2016~2023,1,미부착,제4유형,무,-,당대변인 시절의 활동 소개,-,영상,영상,-,정치,한국어,-,2016~2023,-,국회도서관,-,-,-,제4유형,저작물,보호저작물,○,상업적이용금지,○,○,○,○,○,○,X,-,-,-,-
,2393,영상,기록,국회도서관,국회기록보존소,HOME > 기록정보 콘텐츠 > 구술기록,1990년 삼당합당,-,2016~2023,1,미부착,제4유형,무,-,1990년 삼당합당,-,영상,영상,-,정치,한국어,-,2016~2023,-,국회도서관,-,-,-,제4유형,저작물,보호저작물,○,상업적이용금지,○,○,○,○,○,○,X,-,-,-,-
,2394,영상,기록,국회도서관,국회기록보존소,HOME > 기록정보 콘텐츠 > 구술기록,시작멘트,-,2016~2023,1,미부착,제4유형,무,-,시작멘트,-,영상,영상,-,정치,한국어,-,2016~2023,-,국회도서관,-,-,-,제4유형,저작물,보호저작물,○,상업적이용금지,○,○,○,○,○,○,X,-,-,-,-
,2395,영상,기록,국회도서관,국회기록보존소,HOME > 기록정보 콘텐츠 > 구술기록,삼당합당 이후의 변화와 반응,-,2016~2023,1,미부착,제4유형,무,-,삼당합당 이후의 변화와 반응,-,영상,영상,-,정치,한국어,-,2016~2023,-,국회도서관,-,-,-,제4유형,저작물,보호저작물,○,상업적이용금지,○,○,○,○,○,○,X,-,-,-,-
,2396,영상,기록,국회도서관,국회기록보존소,HOME > 기록정보 콘텐츠 > 구술기록,문민정부 초기 법무부장관,-,2016~2023,1,미부착,제4유형,무,-,문민정부 초기 법무부장관,-,영상,영상,-,정치,한국어,-,2016~2023,-,국회도서관,-,-,-,제4유형,저작물,보호저작물,○,상업적이용금지,○,○,○,○,○,○,X,-,-,-,-
,2397,영상,기록,국회도서관,국회기록보존소,HOME > 기록정보 콘텐츠 > 구술기록,2008년 총선 선거대책위원장 활동,-,2016~2023,1,미부착,제4유형,무,-,2008년 총선 선거대책위원장 활동,-,영상,영상,-,정치,한국어,-,2016~2023,-,국회도서관,-,-,-,제4유형,저작물,보호저작물,○,상업적이용금지,○,○,○,○,○,○,X,-,-,-,-
,2398,영상,기록,국회도서관,국회기록보존소,HOME > 기록정보 콘텐츠 > 구술기록,한나라당 당대표 취임,-,2016~2023,1,미부착,제4유형,무,-,한나라당 당대표 취임,-,영상,영상,-,정치,한국어,-,2016~2023,-,국회도서관,-,-,-,제4유형,저작물,보호저작물,○,상업적이용금지,○,○,○,○,○,○,X,-,-,-,-
,2399,영상,기록,국회도서관,국회기록보존소,HOME > 기록정보 콘텐츠 > 구술기록,2002년 전당대회 및 대통령선거,-,2016~2023,1,미부착,제4유형,무,-,2002년 전당대회 및 대통령선거,-,영상,영상,-,정치,한국어,-,2016~2023,-,국회도서관,-,-,-,제4유형,저작물,보호저작물,○,상업적이용금지,○,○,○,○,○,○,X,-,-,-,-
,2400,영상,기록,국회도서관,국회기록보존소,HOME > 기록정보 콘텐츠 > 구술기록,노무현 전 대통령 관련 회고,-,2016~2023,1,미부착,제4유형,무,-,노무현 전 대통령 관련 회고,-,영상,영상,-,정치,한국어,-,2016~2023,-,국회도서관,-,-,-,제4유형,저작물,보호저작물,○,상업적이용금지,○,○,○,○,○,○,X,-,-,-,-
,2401,영상,기록,국회도서관,국회기록보존소,HOME > 기록정보 콘텐츠 > 구술기록,시작 멘트,-,2016~2023,1,미부착,제4유형,무,-,시작 멘트,-,영상,영상,-,정치,한국어,-,2016~2023,-,국회도서관,-,-,-,제4유형,저작물,보호저작물,○,상업적이용금지,○,○,○,○,○,○,X,-,-,-,-
,2402,영상,기록,국회도서관,국회기록보존소,HOME > 기록정보 콘텐츠 > 구술기록,제15대 대통령 선거 및 야당 정치활동,-,2016~2023,1,미부착,제4유형,무,-,제15대 대통령 선거 및 야당 정치활동,-,영상,영상,-,정치,한국어,-,2016~2023,-,국회도서관,-,-,-,제4유형,저작물,보호저작물,○,상업적이용금지,○,○,○,○,○,○,X,-,-,-,-
,2403,영상,기록,국회도서관,국회기록보존소,HOME > 기록정보 콘텐츠 > 구술기록,3선 당선 및 원내총무 활동,-,2016~2023,1,미부착,제4유형,무,-,3선 당선 및 원내총무 활동,-,영상,영상,-,정치,한국어,-,2016~2023,-,국회도서관,-,-,-,제4유형,저작물,보호저작물,○,상업적이용금지,○,○,○,○,○,○,X,-,-,-,-
,2404,영상,기록,국회도서관,국회기록보존소,HOME > 기록정보 콘텐츠 > 구술기록,1990년대 초반의 정치개혁에 대한 회고,-,2016~2023,1,미부착,제4유형,무,-,1990년대 초반의 정치개혁에 대한 회고,-,영상,영상,-,정치,한국어,-,2016~2023,-,국회도서관,-,-,-,제4유형,저작물,보호저작물,○,상업적이용금지,○,○,○,○,○,○,X,-,-,-,-
,2405,영상,기록,국회도서관,국회기록보존소,HOME > 기록정보 콘텐츠 > 구술기록,제14대 대통령 선거,-,2016~2023,1,미부착,제4유형,무,-,제14대 대통령 선거,-,영상,영상,-,정치,한국어,-,2016~2023,-,국회도서관,-,-,-,제4유형,저작물,보호저작물,○,상업적이용금지,○,○,○,○,○,○,X,-,-,-,-
,2406,영상,기록,국회도서관,국회기록보존소,HOME > 기록정보 콘텐츠 > 구술기록,3당 합당 과정과 평가,-,2016~2023,1,미부착,제4유형,무,-,3당 합당 과정과 평가,-,영상,영상,-,정치,한국어,-,2016~2023,-,국회도서관,-,-,-,제4유형,저작물,보호저작물,○,상업적이용금지,○,○,○,○,○,○,X,-,-,-,-
,2407,영상,기록,국회도서관,국회기록보존소,HOME > 기록정보 콘텐츠 > 구술기록,최근 근황 및 정치 입문 과정,-,2016~2023,1,미부착,제4유형,무,-,최근 근황 및 정치 입문 과정,-,영상,영상,-,정치,한국어,-,2016~2023,-,국회도서관,-,-,-,제4유형,저작물,보호저작물,○,상업적이용금지,○,○,○,○,○,○,X,-,-,-,-
,2408,영상,기록,국회도서관,국회기록보존소,HOME > 기록정보 콘텐츠 > 구술기록,시작 멘트,-,2016~2023,1,미부착,제4유형,무,-,시작 멘트,-,영상,영상,-,정치,한국어,-,2016~2023,-,국회도서관,-,-,-,제4유형,저작물,보호저작물,○,상업적이용금지,○,○,○,○,○,○,X,-,-,-,-
,2409,영상,기록,국회도서관,국회기록보존소,HOME > 기록정보 콘텐츠 > 구술기록,제13대 국회 및 고 박상천의원에 대한 회고,-,2016~2023,1,미부착,제4유형,무,-,제13대 국회 및 고 박상천의원에 대한 회고,-,영상,영상,-,정치,한국어,-,2016~2023,-,국회도서관,-,-,-,제4유형,저작물,보호저작물,○,상업적이용금지,○,○,○,○,○,○,X,-,-,-,-
,2410,영상,기록,국회도서관,국회기록보존소,HOME > 기록정보 콘텐츠 > 구술기록,마무리 발언,-,2016~2023,1,미부착,제4유형,무,-,마무리 발언,-,영상,영상,-,정치,한국어,-,2016~2023,-,국회도서관,-,-,-,제4유형,저작물,보호저작물,○,상업적이용금지,○,○,○,○,○,○,X,-,-,-,-
,2411,영상,기록,국회도서관,국회기록보존소,HOME > 기록정보 콘텐츠 > 구술기록,역대 대통령들에 대한 회고,-,2016~2023,1,미부착,제4유형,무,-,역대 대통령들에 대한 회고,-,영상,영상,-,정치,한국어,-,2016~2023,-,국회도서관,-,-,-,제4유형,저작물,보호저작물,○,상업적이용금지,○,○,○,○,○,○,X,-,-,-,-
,2412,영상,기록,국회도서관,국회기록보존소,HOME > 기록정보 콘텐츠 > 구술기록,제17대 대통령선거,-,2016~2023,1,미부착,제4유형,무,-,제17대 대통령선거,-,영상,영상,-,정치,한국어,-,2016~2023,-,국회도서관,-,-,-,제4유형,저작물,보호저작물,○,상업적이용금지,○,○,○,○,○,○,X,-,-,-,-
,2413,영상,기록,국회도서관,국회기록보존소,HOME > 기록정보 콘텐츠 > 구술기록,구술자의 정치 철학,-,2016~2023,1,미부착,제4유형,무,-,구술자의 정치 철학,-,영상,영상,-,정치,한국어,-,2016~2023,-,국회도서관,-,-,-,제4유형,저작물,보호저작물,○,상업적이용금지,○,○,○,○,○,○,X,-,-,-,-
,2414,영상,기록,국회도서관,국회기록보존소,HOME > 기록정보 콘텐츠 > 구술기록,교섭단체 요건 하향 관련 에피소드,-,2016~2023,1,미부착,제4유형,무,-,교섭단체 요건 하향 관련 에피소드,-,영상,영상,-,정치,한국어,-,2016~2023,-,국회도서관,-,-,-,제4유형,저작물,보호저작물,○,상업적이용금지,○,○,○,○,○,○,X,-,-,-,-
,2415,영상,기록,국회도서관,국회기록보존소,HOME > 기록정보 콘텐츠 > 구술기록,제반 정치 환경에 대한 견해,-,2016~2023,1,미부착,제4유형,무,-,제반 정치 환경에 대한 견해,-,영상,영상,-,정치,한국어,-,2016~2023,-,국회도서관,-,-,-,제4유형,저작물,보호저작물,○,상업적이용금지,○,○,○,○,○,○,X,-,-,-,-
,2416,영상,기록,국회도서관,국회기록보존소,HOME > 기록정보 콘텐츠 > 구술기록,구술자의 정치철학,-,2016~2023,1,미부착,제4유형,무,-,구술자의 정치철학,-,영상,영상,-,정치,한국어,-,2016~2023,-,국회도서관,-,-,-,제4유형,저작물,보호저작물,○,상업적이용금지,○,○,○,○,○,○,X,-,-,-,-
,2417,영상,기록,국회도서관,국회기록보존소,HOME > 기록정보 콘텐츠 > 구술기록,박근혜 정부 시기 ‘국정농단 사건’에 대한 견해,-,2016~2023,1,미부착,제4유형,무,-,박근혜 정부 시기 ‘국정농단 사건’에 대한 견해,-,영상,영상,-,정치,한국어,-,2016~2023,-,국회도서관,-,-,-,제4유형,저작물,보호저작물,○,상업적이용금지,○,○,○,○,○,○,X,-,-,-,-
,2418,영상,기록,국회도서관,국회기록보존소,HOME > 기록정보 콘텐츠 > 구술기록,2013년 보궐선거 당선 및 ,-,2016~2023,1,미부착,제4유형,무,-,2013년 보궐선거 당선 및 ,-,영상,영상,-,정치,한국어,-,2016~2023,-,국회도서관,-,-,-,제4유형,저작물,보호저작물,○,상업적이용금지,○,○,○,○,○,○,X,-,-,-,-
,2419,영상,기록,국회도서관,국회기록보존소,HOME > 기록정보 콘텐츠 > 구술기록,제18대 대통령 선거 시기 활동,-,2016~2023,1,미부착,제4유형,무,-,제18대 대통령 선거 시기 활동,-,영상,영상,-,정치,한국어,-,2016~2023,-,국회도서관,-,-,-,제4유형,저작물,보호저작물,○,상업적이용금지,○,○,○,○,○,○,X,-,-,-,-
,2420,영상,기록,국회도서관,국회기록보존소,HOME > 기록정보 콘텐츠 > 구술기록,시작 멘트,-,2016~2023,1,미부착,제4유형,무,-,시작 멘트,-,영상,영상,-,정치,한국어,-,2016~2023,-,국회도서관,-,-,-,제4유형,저작물,보호저작물,○,상업적이용금지,○,○,○,○,○,○,X,-,-,-,-
,2421,영상,기록,국회도서관,국회기록보존소,HOME > 기록정보 콘텐츠 > 구술기록,친박연대 창당과 결과,-,2016~2023,1,미부착,제4유형,무,-,친박연대 창당과 결과,-,영상,영상,-,정치,한국어,-,2016~2023,-,국회도서관,-,-,-,제4유형,저작물,보호저작물,○,상업적이용금지,○,○,○,○,○,○,X,-,-,-,-
,2422,영상,기록,국회도서관,국회기록보존소,HOME > 기록정보 콘텐츠 > 구술기록,박근혜 전 대통령과의 정치적 인연,-,2016~2023,1,미부착,제4유형,무,-,박근혜 전 대통령과의 정치적 인연,-,영상,영상,-,정치,한국어,-,2016~2023,-,국회도서관,-,-,-,제4유형,저작물,보호저작물,○,상업적이용금지,○,○,○,○,○,○,X,-,-,-,-
,2423,영상,기록,국회도서관,국회기록보존소,HOME > 기록정보 콘텐츠 > 구술기록,한나라당 대표최고위원 당선,-,2016~2023,1,미부착,제4유형,무,-,한나라당 대표최고위원 당선,-,영상,영상,-,정치,한국어,-,2016~2023,-,국회도서관,-,-,-,제4유형,저작물,보호저작물,○,상업적이용금지,○,○,○,○,○,○,X,-,-,-,-
,2424,영상,기록,국회도서관,국회기록보존소,HOME > 기록정보 콘텐츠 > 구술기록,국민의 정부 시기 당 사무총장 활동,-,2016~2023,1,미부착,제4유형,무,-,국민의 정부 시기 당 사무총장 활동,-,영상,영상,-,정치,한국어,-,2016~2023,-,국회도서관,-,-,-,제4유형,저작물,보호저작물,○,상업적이용금지,○,○,○,○,○,○,X,-,-,-,-
,2425,영상,기록,국회도서관,국회기록보존소,HOME > 기록정보 콘텐츠 > 구술기록,제1정무장관 시절 주요 일화,-,2016~2023,1,미부착,제4유형,무,-,제1정무장관 시절 주요 일화,-,영상,영상,-,정치,한국어,-,2016~2023,-,국회도서관,-,-,-,제4유형,저작물,보호저작물,○,상업적이용금지,○,○,○,○,○,○,X,-,-,-,-
,2426,영상,기록,국회도서관,국회기록보존소,HOME > 기록정보 콘텐츠 > 구술기록,3당 합당과 문민정부의 탄생,-,2016~2023,1,미부착,제4유형,무,-,3당 합당과 문민정부의 탄생,-,영상,영상,-,정치,한국어,-,2016~2023,-,국회도서관,-,-,-,제4유형,저작물,보호저작물,○,상업적이용금지,○,○,○,○,○,○,X,-,-,-,-
,2427,영상,기록,국회도서관,국회기록보존소,HOME > 기록정보 콘텐츠 > 구술기록,시작 멘트,-,2016~2023,1,미부착,제4유형,무,-,시작 멘트,-,영상,영상,-,정치,한국어,-,2016~2023,-,국회도서관,-,-,-,제4유형,저작물,보호저작물,○,상업적이용금지,○,○,○,○,○,○,X,-,-,-,-
,2428,영상,기록,국회도서관,국회기록보존소,HOME > 기록정보 콘텐츠 > 구술기록,제13대 국회시기 중요 활동,-,2016~2023,1,미부착,제4유형,무,-,제13대 국회시기 중요 활동,-,영상,영상,-,정치,한국어,-,2016~2023,-,국회도서관,-,-,-,제4유형,저작물,보호저작물,○,상업적이용금지,○,○,○,○,○,○,X,-,-,-,-
,2429,영상,기록,국회도서관,국회기록보존소,HOME > 기록정보 콘텐츠 > 구술기록,가족 소개,-,2016~2023,1,미부착,제4유형,무,-,가족 소개,-,영상,영상,-,정치,한국어,-,2016~2023,-,국회도서관,-,-,-,제4유형,저작물,보호저작물,○,상업적이용금지,○,○,○,○,○,○,X,-,-,-,-
,2430,영상,기록,국회도서관,국회기록보존소,HOME > 기록정보 콘텐츠 > 구술기록,제13대 국회의원 총선거,-,2016~2023,1,미부착,제4유형,무,-,제13대 국회의원 총선거,-,영상,영상,-,정치,한국어,-,2016~2023,-,국회도서관,-,-,-,제4유형,저작물,보호저작물,○,상업적이용금지,○,○,○,○,○,○,X,-,-,-,-
,2431,영상,기록,국회도서관,국회기록보존소,HOME > 기록정보 콘텐츠 > 구술기록,1980년 중반 정치활동,-,2016~2023,1,미부착,제4유형,무,-,1980년 중반 정치활동,-,영상,영상,-,정치,한국어,-,2016~2023,-,국회도서관,-,-,-,제4유형,저작물,보호저작물,○,상업적이용금지,○,○,○,○,○,○,X,-,-,-,-
,2432,영상,기록,국회도서관,국회기록보존소,HOME > 기록정보 콘텐츠 > 구술기록,민추협 및 원외활동,-,2016~2023,1,미부착,제4유형,무,-,민추협 및 원외활동,-,영상,영상,-,정치,한국어,-,2016~2023,-,국회도서관,-,-,-,제4유형,저작물,보호저작물,○,상업적이용금지,○,○,○,○,○,○,X,-,-,-,-
,2433,영상,기록,국회도서관,국회기록보존소,HOME > 기록정보 콘텐츠 > 구술기록,정계 입문,-,2016~2023,1,미부착,제4유형,무,-,정계 입문,-,영상,영상,-,정치,한국어,-,2016~2023,-,국회도서관,-,-,-,제4유형,저작물,보호저작물,○,상업적이용금지,○,○,○,○,○,○,X,-,-,-,-
,2434,영상,기록,국회도서관,국회기록보존소,HOME > 기록정보 콘텐츠 > 구술기록,시작 멘트,-,2016~2023,1,미부착,제4유형,무,-,시작 멘트,-,영상,영상,-,정치,한국어,-,2016~2023,-,국회도서관,-,-,-,제4유형,저작물,보호저작물,○,상업적이용금지,○,○,○,○,○,○,X,-,-,-,-
,2435,영상,기록,국회도서관,국회기록보존소,HOME > 기록정보 콘텐츠 > 구술기록,5.18 광주민주화운동 취재,-,2016~2023,1,미부착,제4유형,무,-,5.18 광주민주화운동 취재,-,영상,영상,-,정치,한국어,-,2016~2023,-,국회도서관,-,-,-,제4유형,저작물,보호저작물,○,상업적이용금지,○,○,○,○,○,○,X,-,-,-,-
,2436,영상,기록,국회도서관,국회기록보존소,HOME > 기록정보 콘텐츠 > 구술기록,대학시절 학생운동,-,2016~2023,1,미부착,제4유형,무,-,대학시절 학생운동,-,영상,영상,-,정치,한국어,-,2016~2023,-,국회도서관,-,-,-,제4유형,저작물,보호저작물,○,상업적이용금지,○,○,○,○,○,○,X,-,-,-,-
,2437,영상,기록,국회도서관,국회기록보존소,HOME > 기록정보 콘텐츠 > 구술기록,성장 과정,-,2016~2023,1,미부착,제4유형,무,-,성장 과정,-,영상,영상,-,정치,한국어,-,2016~2023,-,국회도서관,-,-,-,제4유형,저작물,보호저작물,○,상업적이용금지,○,○,○,○,○,○,X,-,-,-,-
,2438,영상,기록,국회도서관,국회기록보존소,HOME > 기록정보 콘텐츠 > 구술기록,근황 및 대구서씨 가문에 대한 소개,-,2016~2023,1,미부착,제4유형,무,-,근황 및 대구서씨 가문에 대한 소개,-,영상,영상,-,정치,한국어,-,2016~2023,-,국회도서관,-,-,-,제4유형,저작물,보호저작물,○,상업적이용금지,○,○,○,○,○,○,X,-,-,-,-
,2439,영상,기록,국회도서관,국회기록보존소,HOME > 기록정보 콘텐츠 > 구술기록,시작 멘트,-,2016~2023,1,미부착,제4유형,무,-,시작 멘트,-,영상,영상,-,정치,한국어,-,2016~2023,-,국회도서관,-,-,-,제4유형,저작물,보호저작물,○,상업적이용금지,○,○,○,○,○,○,X,-,-,-,-
,2440,영상,기록,국회도서관,국회기록보존소,HOME > 기록정보 콘텐츠 > 구술기록,역대 대통령들의 리더십 특징,-,2016~2023,1,미부착,제4유형,무,-,역대 대통령들의 리더십 특징,-,영상,영상,-,정치,한국어,-,2016~2023,-,국회도서관,-,-,-,제4유형,저작물,보호저작물,○,상업적이용금지,○,○,○,○,○,○,X,-,-,-,-
,2441,영상,기록,국회도서관,국회기록보존소,HOME > 기록정보 콘텐츠 > 구술기록,정치발전을 위한 고언,-,2016~2023,1,미부착,제4유형,무,-,정치발전을 위한 고언,-,영상,영상,-,정치,한국어,-,2016~2023,-,국회도서관,-,-,-,제4유형,저작물,보호저작물,○,상업적이용금지,○,○,○,○,○,○,X,-,-,-,-
,2442,영상,기록,국회도서관,국회기록보존소,HOME > 기록정보 콘텐츠 > 구술기록,제15대 국회시기 원내총무 활동,-,2016~2023,1,미부착,제4유형,무,-,제15대 국회시기 원내총무 활동,-,영상,영상,-,정치,한국어,-,2016~2023,-,국회도서관,-,-,-,제4유형,저작물,보호저작물,○,상업적이용금지,○,○,○,○,○,○,X,-,-,-,-
,2443,영상,기록,국회도서관,국회기록보존소,HOME > 기록정보 콘텐츠 > 구술기록,박근혜 전 대통령 탄핵 전후의 정치행보,-,2016~2023,1,미부착,제4유형,무,-,박근혜 전 대통령 탄핵 전후의 정치행보,-,영상,영상,-,정치,한국어,-,2016~2023,-,국회도서관,-,-,-,제4유형,저작물,보호저작물,○,상업적이용금지,○,○,○,○,○,○,X,-,-,-,-
,2444,영상,기록,국회도서관,국회기록보존소,HOME > 기록정보 콘텐츠 > 구술기록,성장과정과 학창시절,-,2016~2023,1,미부착,제4유형,무,-,성장과정과 학창시절,-,영상,영상,-,정치,한국어,-,2016~2023,-,국회도서관,-,-,-,제4유형,저작물,보호저작물,○,상업적이용금지,○,○,○,○,○,○,X,-,-,-,-
,2445,영상,기록,국회도서관,국회기록보존소,HOME > 기록정보 콘텐츠 > 구술기록,야당대표로서 정치활동,-,2016~2023,1,미부착,제4유형,무,-,야당대표로서 정치활동,-,영상,영상,-,정치,한국어,-,2016~2023,-,국회도서관,-,-,-,제4유형,저작물,보호저작물,○,상업적이용금지,○,○,○,○,○,○,X,-,-,-,-
,2446,영상,기록,국회도서관,국회기록보존소,HOME > 기록정보 콘텐츠 > 구술기록,한나라당 탈당의 배경,-,2016~2023,1,미부착,제4유형,무,-,한나라당 탈당의 배경,-,영상,영상,-,정치,한국어,-,2016~2023,-,국회도서관,-,-,-,제4유형,저작물,보호저작물,○,상업적이용금지,○,○,○,○,○,○,X,-,-,-,-
,2447,영상,기록,국회도서관,국회기록보존소,HOME > 기록정보 콘텐츠 > 구술기록,민심대장정의 본질과 성과,-,2016~2023,1,미부착,제4유형,무,-,민심대장정의 본질과 성과,-,영상,영상,-,정치,한국어,-,2016~2023,-,국회도서관,-,-,-,제4유형,저작물,보호저작물,○,상업적이용금지,○,○,○,○,○,○,X,-,-,-,-
,2448,영상,기록,국회도서관,국회기록보존소,HOME > 기록정보 콘텐츠 > 구술기록,면담 시작,-,2016~2023,1,미부착,제4유형,무,-,면담 시작,-,영상,영상,-,정치,한국어,-,2016~2023,-,국회도서관,-,-,-,제4유형,저작물,보호저작물,○,상업적이용금지,○,○,○,○,○,○,X,-,-,-,-
,2449,영상,기록,국회도서관,국회기록보존소,HOME > 기록정보 콘텐츠 > 구술기록,경기도지사 재임 시 주요활동,-,2016~2023,1,미부착,제4유형,무,-,경기도지사 재임 시 주요활동,-,영상,영상,-,정치,한국어,-,2016~2023,-,국회도서관,-,-,-,제4유형,저작물,보호저작물,○,상업적이용금지,○,○,○,○,○,○,X,-,-,-,-
,2450,영상,기록,국회도서관,국회기록보존소,HOME > 기록정보 콘텐츠 > 구술기록,제16대 국회의원 총선거 시기의 일화,-,2016~2023,1,미부착,제4유형,무,-,제16대 국회의원 총선거 시기의 일화,-,영상,영상,-,정치,한국어,-,2016~2023,-,국회도서관,-,-,-,제4유형,저작물,보호저작물,○,상업적이용금지,○,○,○,○,○,○,X,-,-,-,-
,2451,영상,기록,국회도서관,국회기록보존소,HOME > 기록정보 콘텐츠 > 구술기록,시작멘트,-,2016~2023,1,미부착,제4유형,무,-,시작멘트,-,영상,영상,-,정치,한국어,-,2016~2023,-,국회도서관,-,-,-,제4유형,저작물,보호저작물,○,상업적이용금지,○,○,○,○,○,○,X,-,-,-,-
,2452,영상,기록,국회도서관,국회기록보존소,HOME > 기록정보 콘텐츠 > 구술기록,제15대 대통령선거 시기 당내 사정 ,-,2016~2023,1,미부착,제4유형,무,-,제15대 대통령선거 시기 당내 사정 ,-,영상,영상,-,정치,한국어,-,2016~2023,-,국회도서관,-,-,-,제4유형,저작물,보호저작물,○,상업적이용금지,○,○,○,○,○,○,X,-,-,-,-
,2453,영상,기록,국회도서관,국회기록보존소,HOME > 기록정보 콘텐츠 > 구술기록,보건복지부 장관시기 주요활동,-,2016~2023,1,미부착,제4유형,무,-,보건복지부 장관시기 주요활동,-,영상,영상,-,정치,한국어,-,2016~2023,-,국회도서관,-,-,-,제4유형,저작물,보호저작물,○,상업적이용금지,○,○,○,○,○,○,X,-,-,-,-
,2454,영상,기록,국회도서관,국회기록보존소,HOME > 기록정보 콘텐츠 > 구술기록,제15대 국회시기 지역구 활동과 소속 정당의 상황,-,2016~2023,1,미부착,제4유형,무,-,제15대 국회시기 지역구 활동과 소속 정당의 상황,-,영상,영상,-,정치,한국어,-,2016~2023,-,국회도서관,-,-,-,제4유형,저작물,보호저작물,○,상업적이용금지,○,○,○,○,○,○,X,-,-,-,-
,2455,영상,기록,국회도서관,국회기록보존소,HOME > 기록정보 콘텐츠 > 구술기록,정계입문과 초선의원 활동,-,2016~2023,1,미부착,제4유형,무,-,정계입문과 초선의원 활동,-,영상,영상,-,정치,한국어,-,2016~2023,-,국회도서관,-,-,-,제4유형,저작물,보호저작물,○,상업적이용금지,○,○,○,○,○,○,X,-,-,-,-
,2456,영상,기록,국회도서관,국회기록보존소,HOME > 기록정보 콘텐츠 > 구술기록,대학교수 시절,-,2016~2023,1,미부착,제4유형,무,-,대학교수 시절,-,영상,영상,-,정치,한국어,-,2016~2023,-,국회도서관,-,-,-,제4유형,저작물,보호저작물,○,상업적이용금지,○,○,○,○,○,○,X,-,-,-,-
,2457,영상,기록,국회도서관,국회기록보존소,HOME > 기록정보 콘텐츠 > 구술기록,시작멘트,-,2016~2023,1,미부착,제4유형,무,-,시작멘트,-,영상,영상,-,정치,한국어,-,2016~2023,-,국회도서관,-,-,-,제4유형,저작물,보호저작물,○,상업적이용금지,○,○,○,○,○,○,X,-,-,-,-
,2458,영상,기록,국회도서관,국회기록보존소,HOME > 기록정보 콘텐츠 > 구술기록,영국유학과 귀국 직후의 활동,-,2016~2023,1,미부착,제4유형,무,-,영국유학과 귀국 직후의 활동,-,영상,영상,-,정치,한국어,-,2016~2023,-,국회도서관,-,-,-,제4유형,저작물,보호저작물,○,상업적이용금지,○,○,○,○,○,○,X,-,-,-,-
,2459,영상,기록,국회도서관,국회기록보존소,HOME > 기록정보 콘텐츠 > 구술기록,1970년대의 민주화운동에 대한 구술자의 인식,-,2016~2023,1,미부착,제4유형,무,-,1970년대의 민주화운동에 대한 구술자의 인식,-,영상,영상,-,정치,한국어,-,2016~2023,-,국회도서관,-,-,-,제4유형,저작물,보호저작물,○,상업적이용금지,○,○,○,○,○,○,X,-,-,-,-
,2460,영상,기록,국회도서관,국회기록보존소,HOME > 기록정보 콘텐츠 > 구술기록,기독교청년운동 및 결혼,-,2016~2023,1,미부착,제4유형,무,-,기독교청년운동 및 결혼,-,영상,영상,-,정치,한국어,-,2016~2023,-,국회도서관,-,-,-,제4유형,저작물,보호저작물,○,상업적이용금지,○,○,○,○,○,○,X,-,-,-,-
,2461,영상,기록,국회도서관,국회기록보존소,HOME > 기록정보 콘텐츠 > 구술기록,유신시기 현장의 경험,-,2016~2023,1,미부착,제4유형,무,-,유신시기 현장의 경험,-,영상,영상,-,정치,한국어,-,2016~2023,-,국회도서관,-,-,-,제4유형,저작물,보호저작물,○,상업적이용금지,○,○,○,○,○,○,X,-,-,-,-
,2462,영상,기록,국회도서관,국회기록보존소,HOME > 기록정보 콘텐츠 > 구술기록,학생운동 시기의 일화,-,2016~2023,1,미부착,제4유형,무,-,학생운동 시기의 일화,-,영상,영상,-,정치,한국어,-,2016~2023,-,국회도서관,-,-,-,제4유형,저작물,보호저작물,○,상업적이용금지,○,○,○,○,○,○,X,-,-,-,-
,2463,영상,기록,국회도서관,국회기록보존소,HOME > 기록정보 콘텐츠 > 구술기록,최근 근황,-,2016~2023,1,미부착,제4유형,무,-,최근 근황,-,영상,영상,-,정치,한국어,-,2016~2023,-,국회도서관,-,-,-,제4유형,저작물,보호저작물,○,상업적이용금지,○,○,○,○,○,○,X,-,-,-,-
,2464,영상,기록,국회도서관,국회기록보존소,HOME > 기록정보 콘텐츠 > 구술기록,1998년 경기도지사 출마와 낙선,-,2016~2023,1,미부착,제4유형,무,-,1998년 경기도지사 출마와 낙선,-,영상,영상,-,정치,한국어,-,2016~2023,-,국회도서관,-,-,-,제4유형,저작물,보호저작물,○,상업적이용금지,○,○,○,○,○,○,X,-,-,-,-
,2465,영상,기록,국회도서관,국회기록보존소,HOME > 기록정보 콘텐츠 > 구술기록,마무리 발언,-,2016~2023,1,미부착,제4유형,무,-,마무리 발언,-,영상,영상,-,정치,한국어,-,2016~2023,-,국회도서관,-,-,-,제4유형,저작물,보호저작물,○,상업적이용금지,○,○,○,○,○,○,X,-,-,-,-
,2466,영상,기록,국회도서관,국회기록보존소,HOME > 기록정보 콘텐츠 > 구술기록,혁신과 통합을 위한 정치활동,-,2016~2023,1,미부착,제4유형,무,-,혁신과 통합을 위한 정치활동,-,영상,영상,-,정치,한국어,-,2016~2023,-,국회도서관,-,-,-,제4유형,저작물,보호저작물,○,상업적이용금지,○,○,○,○,○,○,X,-,-,-,-
,2467,영상,기록,국회도서관,국회기록보존소,HOME > 기록정보 콘텐츠 > 구술기록,의정활동 외의 다양한 활동,-,2016~2023,1,미부착,제4유형,무,-,의정활동 외의 다양한 활동,-,영상,영상,-,정치,한국어,-,2016~2023,-,국회도서관,-,-,-,제4유형,저작물,보호저작물,○,상업적이용금지,○,○,○,○,○,○,X,-,-,-,-
,2468,영상,기록,국회도서관,국회기록보존소,HOME > 기록정보 콘텐츠 > 구술기록,입법지원제도와 국회 발전을 위한 조언,-,2016~2023,1,미부착,제4유형,무,-,입법지원제도와 국회 발전을 위한 조언,-,영상,영상,-,정치,한국어,-,2016~2023,-,국회도서관,-,-,-,제4유형,저작물,보호저작물,○,상업적이용금지,○,○,○,○,○,○,X,-,-,-,-
,2469,영상,기록,국회도서관,국회기록보존소,HOME > 기록정보 콘텐츠 > 구술기록,앞으로의 활동계획,-,2016~2023,1,미부착,제4유형,무,-,앞으로의 활동계획,-,영상,영상,-,정치,한국어,-,2016~2023,-,국회도서관,-,-,-,제4유형,저작물,보호저작물,○,상업적이용금지,○,○,○,○,○,○,X,-,-,-,-
,2470,영상,기록,국회도서관,국회기록보존소,HOME > 기록정보 콘텐츠 > 구술기록,시작멘트,-,2016~2023,1,미부착,제4유형,무,-,시작멘트,-,영상,영상,-,정치,한국어,-,2016~2023,-,국회도서관,-,-,-,제4유형,저작물,보호저작물,○,상업적이용금지,○,○,○,○,○,○,X,-,-,-,-
,2471,영상,기록,국회도서관,국회기록보존소,HOME > 기록정보 콘텐츠 > 구술기록,최근근황,-,2016~2023,1,미부착,제4유형,무,-,최근근황,-,영상,영상,-,정치,한국어,-,2016~2023,-,국회도서관,-,-,-,제4유형,저작물,보호저작물,○,상업적이용금지,○,○,○,○,○,○,X,-,-,-,-
,2472,영상,기록,국회도서관,국회기록보존소,HOME > 기록정보 콘텐츠 > 구술기록,성장과정,-,2016~2023,1,미부착,제4유형,무,-,성장과정,-,영상,영상,-,정치,한국어,-,2016~2023,-,국회도서관,-,-,-,제4유형,저작물,보호저작물,○,상업적이용금지,○,○,○,○,○,○,X,-,-,-,-
,2473,영상,기록,국회도서관,국회기록보존소,HOME > 기록정보 콘텐츠 > 구술기록,대학진학 배경 및 학생운동,-,2016~2023,1,미부착,제4유형,무,-,대학진학 배경 및 학생운동,-,영상,영상,-,정치,한국어,-,2016~2023,-,국회도서관,-,-,-,제4유형,저작물,보호저작물,○,상업적이용금지,○,○,○,○,○,○,X,-,-,-,-
,2474,영상,기록,국회도서관,국회기록보존소,HOME > 기록정보 콘텐츠 > 구술기록,교직생활과 기자생활,-,2016~2023,1,미부착,제4유형,무,-,교직생활과 기자생활,-,영상,영상,-,정치,한국어,-,2016~2023,-,국회도서관,-,-,-,제4유형,저작물,보호저작물,○,상업적이용금지,○,○,○,○,○,○,X,-,-,-,-
,2475,영상,기록,국회도서관,국회기록보존소,HOME > 기록정보 콘텐츠 > 구술기록,정치입문배경,-,2016~2023,1,미부착,제4유형,무,-,정치입문배경,-,영상,영상,-,정치,한국어,-,2016~2023,-,국회도서관,-,-,-,제4유형,저작물,보호저작물,○,상업적이용금지,○,○,○,○,○,○,X,-,-,-,-
,2476,영상,기록,국회도서관,국회기록보존소,HOME > 기록정보 콘텐츠 > 구술기록,제15대 국회의원 낙선과 제16대 초선의원 활동,-,2016~2023,1,미부착,제4유형,무,-,제15대 국회의원 낙선과 제16대 초선의원 활동,-,영상,영상,-,정치,한국어,-,2016~2023,-,국회도서관,-,-,-,제4유형,저작물,보호저작물,○,상업적이용금지,○,○,○,○,○,○,X,-,-,-,-
,2477,영상,기록,국회도서관,국회기록보존소,HOME > 기록정보 콘텐츠 > 구술기록,제17대 국회의원 당선과 활동,-,2016~2023,1,미부착,제4유형,무,-,제17대 국회의원 당선과 활동,-,영상,영상,-,정치,한국어,-,2016~2023,-,국회도서관,-,-,-,제4유형,저작물,보호저작물,○,상업적이용금지,○,○,○,○,○,○,X,-,-,-,-
,2478,영상,기록,국회도서관,국회기록보존소,HOME > 기록정보 콘텐츠 > 구술기록,제18대 국회 의정활동 및 상임위원회 활동,-,2016~2023,1,미부착,제4유형,무,-,제18대 국회 의정활동 및 상임위원회 활동,-,영상,영상,-,정치,한국어,-,2016~2023,-,국회도서관,-,-,-,제4유형,저작물,보호저작물,○,상업적이용금지,○,○,○,○,○,○,X,-,-,-,-
,2479,영상,기록,국회도서관,국회기록보존소,HOME > 기록정보 콘텐츠 > 구술기록,제20대 국회 전반기 부의장 선거 준비과정과 활동,-,2016~2023,1,미부착,제4유형,무,-,제20대 국회 전반기 부의장 선거 준비과정과 활동,-,영상,영상,-,정치,한국어,-,2016~2023,-,국회도서관,-,-,-,제4유형,저작물,보호저작물,○,상업적이용금지,○,○,○,○,○,○,X,-,-,-,-
,2480,영상,기록,국회도서관,국회기록보존소,HOME > 기록정보 콘텐츠 > 구술기록,제20대 국회 전반기 부의장 재임 시 주요활동,-,2016~2023,1,미부착,제4유형,무,-,제20대 국회 전반기 부의장 재임 시 주요활동,-,영상,영상,-,정치,한국어,-,2016~2023,-,국회도서관,-,-,-,제4유형,저작물,보호저작물,○,상업적이용금지,○,○,○,○,○,○,X,-,-,-,-
,2481,영상,기록,국회도서관,국회기록보존소,HOME > 기록정보 콘텐츠 > 구술기록,시작멘트,-,2016~2023,1,미부착,제4유형,무,-,시작멘트,-,영상,영상,-,정치,한국어,-,2016~2023,-,국회도서관,-,-,-,제4유형,저작물,보호저작물,○,상업적이용금지,○,○,○,○,○,○,X,-,-,-,-
,2482,영상,기록,국회도서관,국회기록보존소,HOME > 기록정보 콘텐츠 > 구술기록,정치발전을 위한 조언,-,2016~2023,1,미부착,제4유형,무,-,정치발전을 위한 조언,-,영상,영상,-,정치,한국어,-,2016~2023,-,국회도서관,-,-,-,제4유형,저작물,보호저작물,○,상업적이용금지,○,○,○,○,○,○,X,-,-,-,-
,2483,영상,기록,국회도서관,국회기록보존소,HOME > 기록정보 콘텐츠 > 구술기록,성장 과정,-,2016~2023,1,미부착,제4유형,무,-,성장 과정,-,영상,영상,-,정치,한국어,-,2016~2023,-,국회도서관,-,-,-,제4유형,저작물,보호저작물,○,상업적이용금지,○,○,○,○,○,○,X,-,-,-,-
,2484,영상,기록,국회도서관,국회기록보존소,HOME > 기록정보 콘텐츠 > 구술기록,군 입대 및 유학생활,-,2016~2023,1,미부착,제4유형,무,-,군 입대 및 유학생활,-,영상,영상,-,정치,한국어,-,2016~2023,-,국회도서관,-,-,-,제4유형,저작물,보호저작물,○,상업적이용금지,○,○,○,○,○,○,X,-,-,-,-
,2485,영상,기록,국회도서관,국회기록보존소,HOME > 기록정보 콘텐츠 > 구술기록,미국에서의 활동,-,2016~2023,1,미부착,제4유형,무,-,미국에서의 활동,-,영상,영상,-,정치,한국어,-,2016~2023,-,국회도서관,-,-,-,제4유형,저작물,보호저작물,○,상업적이용금지,○,○,○,○,○,○,X,-,-,-,-
,2486,영상,기록,국회도서관,국회기록보존소,HOME > 기록정보 콘텐츠 > 구술기록,귀국하게 된 배경 및 정계입문,-,2016~2023,1,미부착,제4유형,무,-,귀국하게 된 배경 및 정계입문,-,영상,영상,-,정치,한국어,-,2016~2023,-,국회도서관,-,-,-,제4유형,저작물,보호저작물,○,상업적이용금지,○,○,○,○,○,○,X,-,-,-,-
,2487,영상,기록,국회도서관,국회기록보존소,HOME > 기록정보 콘텐츠 > 구술기록,시작멘트,-,2016~2023,1,미부착,제4유형,무,-,시작멘트,-,영상,영상,-,정치,한국어,-,2016~2023,-,국회도서관,-,-,-,제4유형,저작물,보호저작물,○,상업적이용금지,○,○,○,○,○,○,X,-,-,-,-
,2488,영상,기록,국회도서관,국회기록보존소,HOME > 기록정보 콘텐츠 > 구술기록,유신선포 시기의 행보,-,2016~2023,1,미부착,제4유형,무,-,유신선포 시기의 행보,-,영상,영상,-,정치,한국어,-,2016~2023,-,국회도서관,-,-,-,제4유형,저작물,보호저작물,○,상업적이용금지,○,○,○,○,○,○,X,-,-,-,-
,2489,영상,기록,국회도서관,국회기록보존소,HOME > 기록정보 콘텐츠 > 구술기록,당내 계파정치에 대한 입장과 행보,-,2016~2023,1,미부착,제4유형,무,-,당내 계파정치에 대한 입장과 행보,-,영상,영상,-,정치,한국어,-,2016~2023,-,국회도서관,-,-,-,제4유형,저작물,보호저작물,○,상업적이용금지,○,○,○,○,○,○,X,-,-,-,-
,2490,영상,기록,국회도서관,국회기록보존소,HOME > 기록정보 콘텐츠 > 구술기록,유신시기의 정치상황 및 활동,-,2016~2023,1,미부착,제4유형,무,-,유신시기의 정치상황 및 활동,-,영상,영상,-,정치,한국어,-,2016~2023,-,국회도서관,-,-,-,제4유형,저작물,보호저작물,○,상업적이용금지,○,○,○,○,○,○,X,-,-,-,-
,2491,영상,기록,국회도서관,국회기록보존소,HOME > 기록정보 콘텐츠 > 구술기록,1979년∼1980년의 정치행보,-,2016~2023,1,미부착,제4유형,무,-,1979년∼1980년의 정치행보,-,영상,영상,-,정치,한국어,-,2016~2023,-,국회도서관,-,-,-,제4유형,저작물,보호저작물,○,상업적이용금지,○,○,○,○,○,○,X,-,-,-,-
,2492,영상,기록,국회도서관,국회기록보존소,HOME > 기록정보 콘텐츠 > 구술기록,민정당 입당과 활동,-,2016~2023,1,미부착,제4유형,무,-,민정당 입당과 활동,-,영상,영상,-,정치,한국어,-,2016~2023,-,국회도서관,-,-,-,제4유형,저작물,보호저작물,○,상업적이용금지,○,○,○,○,○,○,X,-,-,-,-
,2493,영상,기록,국회도서관,국회기록보존소,HOME > 기록정보 콘텐츠 > 구술기록,제13대 국회 시기 원외 활동 및 제14대 국회 활동,-,2016~2023,1,미부착,제4유형,무,-,제13대 국회 시기 원외 활동 및 제14대 국회 활동,-,영상,영상,-,정치,한국어,-,2016~2023,-,국회도서관,-,-,-,제4유형,저작물,보호저작물,○,상업적이용금지,○,○,○,○,○,○,X,-,-,-,-
,2494,영상,기록,국회도서관,국회기록보존소,HOME > 기록정보 콘텐츠 > 구술기록,제15대 국회부의장 당선 및 활동,-,2016~2023,1,미부착,제4유형,무,-,제15대 국회부의장 당선 및 활동,-,영상,영상,-,정치,한국어,-,2016~2023,-,국회도서관,-,-,-,제4유형,저작물,보호저작물,○,상업적이용금지,○,○,○,○,○,○,X,-,-,-,-
,2495,영상,기록,국회도서관,국회기록보존소,HOME > 기록정보 콘텐츠 > 구술기록,국회의장 당내경선 출마,-,2016~2023,1,미부착,제4유형,무,-,국회의장 당내경선 출마,-,영상,영상,-,정치,한국어,-,2016~2023,-,국회도서관,-,-,-,제4유형,저작물,보호저작물,○,상업적이용금지,○,○,○,○,○,○,X,-,-,-,-
,2496,영상,기록,국회도서관,국회기록보존소,HOME > 기록정보 콘텐츠 > 구술기록,정치자금관련 재판사건,-,2016~2023,1,미부착,제4유형,무,-,정치자금관련 재판사건,-,영상,영상,-,정치,한국어,-,2016~2023,-,국회도서관,-,-,-,제4유형,저작물,보호저작물,○,상업적이용금지,○,○,○,○,○,○,X,-,-,-,-
,2497,영상,기록,국회도서관,국회기록보존소,HOME > 기록정보 콘텐츠 > 구술기록,이회창 총재와의 관계,-,2016~2023,1,미부착,제4유형,무,-,이회창 총재와의 관계,-,영상,영상,-,정치,한국어,-,2016~2023,-,국회도서관,-,-,-,제4유형,저작물,보호저작물,○,상업적이용금지,○,○,○,○,○,○,X,-,-,-,-
,2498,영상,기록,국회도서관,국회기록보존소,HOME > 기록정보 콘텐츠 > 구술기록,최근 근황,-,2016~2023,1,미부착,제4유형,무,-,최근 근황,-,영상,영상,-,정치,한국어,-,2016~2023,-,국회도서관,-,-,-,제4유형,저작물,보호저작물,○,상업적이용금지,○,○,○,○,○,○,X,-,-,-,-
,2499,영상,기록,국회도서관,국회기록보존소,HOME > 기록정보 콘텐츠 > 구술기록,풀무원 창업과 경영,-,2016~2023,1,미부착,제4유형,무,-,풀무원 창업과 경영,-,영상,영상,-,정치,한국어,-,2016~2023,-,국회도서관,-,-,-,제4유형,저작물,보호저작물,○,상업적이용금지,○,○,○,○,○,○,X,-,-,-,-
,2500,영상,기록,국회도서관,국회기록보존소,HOME > 기록정보 콘텐츠 > 구술기록,군복무 후 학생운동,-,2016~2023,1,미부착,제4유형,무,-,군복무 후 학생운동,-,영상,영상,-,정치,한국어,-,2016~2023,-,국회도서관,-,-,-,제4유형,저작물,보호저작물,○,상업적이용금지,○,○,○,○,○,○,X,-,-,-,-
,2501,영상,기록,국회도서관,국회기록보존소,HOME > 기록정보 콘텐츠 > 구술기록,풀무원 지분 사회 환원,-,2016~2023,1,미부착,제4유형,무,-,풀무원 지분 사회 환원,-,영상,영상,-,정치,한국어,-,2016~2023,-,국회도서관,-,-,-,제4유형,저작물,보호저작물,○,상업적이용금지,○,○,○,○,○,○,X,-,-,-,-
,2502,영상,기록,국회도서관,국회기록보존소,HOME > 기록정보 콘텐츠 > 구술기록,제13대 총선 이후 정치활동,-,2016~2023,1,미부착,제4유형,무,-,제13대 총선 이후 정치활동,-,영상,영상,-,정치,한국어,-,2016~2023,-,국회도서관,-,-,-,제4유형,저작물,보호저작물,○,상업적이용금지,○,○,○,○,○,○,X,-,-,-,-
,2503,영상,기록,국회도서관,국회기록보존소,HOME > 기록정보 콘텐츠 > 구술기록,제14대 국회 초선의원 활동 및 1992년 대통령 선거,-,2016~2023,1,미부착,제4유형,무,-,제14대 국회 초선의원 활동 및 1992년 대통령 선거,-,영상,영상,-,정치,한국어,-,2016~2023,-,국회도서관,-,-,-,제4유형,저작물,보호저작물,○,상업적이용금지,○,○,○,○,○,○,X,-,-,-,-
,2504,영상,기록,국회도서관,국회기록보존소,HOME > 기록정보 콘텐츠 > 구술기록,부천시장 사퇴의 정치사적 배경,-,2016~2023,1,미부착,제4유형,무,-,부천시장 사퇴의 정치사적 배경,-,영상,영상,-,정치,한국어,-,2016~2023,-,국회도서관,-,-,-,제4유형,저작물,보호저작물,○,상업적이용금지,○,○,○,○,○,○,X,-,-,-,-
,2505,영상,기록,국회도서관,국회기록보존소,HOME > 기록정보 콘텐츠 > 구술기록,열린우리당의 정치개혁,-,2016~2023,1,미부착,제4유형,무,-,열린우리당의 정치개혁,-,영상,영상,-,정치,한국어,-,2016~2023,-,국회도서관,-,-,-,제4유형,저작물,보호저작물,○,상업적이용금지,○,○,○,○,○,○,X,-,-,-,-
,2506,영상,기록,국회도서관,국회기록보존소,HOME > 기록정보 콘텐츠 > 구술기록,2007년 대선과 제18대 총선,-,2016~2023,1,미부착,제4유형,무,-,2007년 대선과 제18대 총선,-,영상,영상,-,정치,한국어,-,2016~2023,-,국회도서관,-,-,-,제4유형,저작물,보호저작물,○,상업적이용금지,○,○,○,○,○,○,X,-,-,-,-
,2507,영상,기록,국회도서관,국회기록보존소,HOME > 기록정보 콘텐츠 > 구술기록,일상에 대한 소회,-,2016~2023,1,미부착,제4유형,무,-,일상에 대한 소회,-,영상,영상,-,정치,한국어,-,2016~2023,-,국회도서관,-,-,-,제4유형,저작물,보호저작물,○,상업적이용금지,○,○,○,○,○,○,X,-,-,-,-
,2508,영상,기록,국회도서관,국회기록보존소,HOME > 기록정보 콘텐츠 > 구술기록,국회선진화법 제정,-,2016~2023,1,미부착,제4유형,무,-,국회선진화법 제정,-,영상,영상,-,정치,한국어,-,2016~2023,-,국회도서관,-,-,-,제4유형,저작물,보호저작물,○,상업적이용금지,○,○,○,○,○,○,X,-,-,-,-
,2509,영상,기록,국회도서관,국회기록보존소,HOME > 기록정보 콘텐츠 > 구술기록,민주통합당 공동대표 활동,-,2016~2023,1,미부착,제4유형,무,-,민주통합당 공동대표 활동,-,영상,영상,-,정치,한국어,-,2016~2023,-,국회도서관,-,-,-,제4유형,저작물,보호저작물,○,상업적이용금지,○,○,○,○,○,○,X,-,-,-,-
,2510,영상,기록,국회도서관,국회기록보존소,HOME > 기록정보 콘텐츠 > 구술기록,선거법 위반사건 무죄선고,-,2016~2023,1,미부착,제4유형,무,-,선거법 위반사건 무죄선고,-,영상,영상,-,정치,한국어,-,2016~2023,-,국회도서관,-,-,-,제4유형,저작물,보호저작물,○,상업적이용금지,○,○,○,○,○,○,X,-,-,-,-
,2511,영상,기록,국회도서관,국회기록보존소,HOME > 기록정보 콘텐츠 > 구술기록,지식재산권 보호를 위한 입법활동,-,2016~2023,1,미부착,제4유형,무,-,지식재산권 보호를 위한 입법활동,-,영상,영상,-,정치,한국어,-,2016~2023,-,국회도서관,-,-,-,제4유형,저작물,보호저작물,○,상업적이용금지,○,○,○,○,○,○,X,-,-,-,-
,2512,영상,기록,국회도서관,국회기록보존소,HOME > 기록정보 콘텐츠 > 구술기록,시작멘트,-,2016~2023,1,미부착,제4유형,무,-,시작멘트,-,영상,영상,-,정치,한국어,-,2016~2023,-,국회도서관,-,-,-,제4유형,저작물,보호저작물,○,상업적이용금지,○,○,○,○,○,○,X,-,-,-,-
,2513,영상,기록,국회도서관,국회기록보존소,HOME > 기록정보 콘텐츠 > 구술기록,경기도지사 출마 준비,-,2016~2023,1,미부착,제4유형,무,-,경기도지사 출마 준비,-,영상,영상,-,정치,한국어,-,2016~2023,-,국회도서관,-,-,-,제4유형,저작물,보호저작물,○,상업적이용금지,○,○,○,○,○,○,X,-,-,-,-
,2514,영상,기록,국회도서관,국회기록보존소,HOME > 기록정보 콘텐츠 > 구술기록,남북관계 개선을 위한 활동,-,2016~2023,1,미부착,제4유형,무,-,남북관계 개선을 위한 활동,-,영상,영상,-,정치,한국어,-,2016~2023,-,국회도서관,-,-,-,제4유형,저작물,보호저작물,○,상업적이용금지,○,○,○,○,○,○,X,-,-,-,-
,2515,영상,기록,국회도서관,국회기록보존소,HOME > 기록정보 콘텐츠 > 구술기록,개헌을 위한 활동과 필요성,-,2016~2023,1,미부착,제4유형,무,-,개헌을 위한 활동과 필요성,-,영상,영상,-,정치,한국어,-,2016~2023,-,국회도서관,-,-,-,제4유형,저작물,보호저작물,○,상업적이용금지,○,○,○,○,○,○,X,-,-,-,-
,2516,영상,기록,국회도서관,국회기록보존소,HOME > 기록정보 콘텐츠 > 구술기록,제20대 총선 시기 인재영입위원장 활동,-,2016~2023,1,미부착,제4유형,무,-,제20대 총선 시기 인재영입위원장 활동,-,영상,영상,-,정치,한국어,-,2016~2023,-,국회도서관,-,-,-,제4유형,저작물,보호저작물,○,상업적이용금지,○,○,○,○,○,○,X,-,-,-,-
,2517,영상,기록,국회도서관,국회기록보존소,HOME > 기록정보 콘텐츠 > 구술기록,제21대 총선시기 공천관리위원장 활동,-,2016~2023,1,미부착,제4유형,무,-,제21대 총선시기 공천관리위원장 활동,-,영상,영상,-,정치,한국어,-,2016~2023,-,국회도서관,-,-,-,제4유형,저작물,보호저작물,○,상업적이용금지,○,○,○,○,○,○,X,-,-,-,-
,2518,영상,기록,국회도서관,국회기록보존소,HOME > 기록정보 콘텐츠 > 구술기록,2021년 광역자치단체장 보궐선거 평가,-,2016~2023,1,미부착,제4유형,무,-,2021년 광역자치단체장 보궐선거 평가,-,영상,영상,-,정치,한국어,-,2016~2023,-,국회도서관,-,-,-,제4유형,저작물,보호저작물,○,상업적이용금지,○,○,○,○,○,○,X,-,-,-,-
,2519,영상,기록,국회도서관,국회기록보존소,HOME > 기록정보 콘텐츠 > 구술기록,통추와 새정치국민회의,-,2016~2023,1,미부착,제4유형,무,-,통추와 새정치국민회의,-,영상,영상,-,정치,한국어,-,2016~2023,-,국회도서관,-,-,-,제4유형,저작물,보호저작물,○,상업적이용금지,○,○,○,○,○,○,X,-,-,-,-
,2520,영상,기록,국회도서관,국회기록보존소,HOME > 기록정보 콘텐츠 > 구술기록,시작멘트,-,2016~2023,1,미부착,제4유형,무,-,시작멘트,-,영상,영상,-,정치,한국어,-,2016~2023,-,국회도서관,-,-,-,제4유형,저작물,보호저작물,○,상업적이용금지,○,○,○,○,○,○,X,-,-,-,-
,2521,영상,기록,국회도서관,국회기록보존소,HOME > 기록정보 콘텐츠 > 구술기록,제15대 총선 낙선 후 원외활동,-,2016~2023,1,미부착,제4유형,무,-,제15대 총선 낙선 후 원외활동,-,영상,영상,-,정치,한국어,-,2016~2023,-,국회도서관,-,-,-,제4유형,저작물,보호저작물,○,상업적이용금지,○,○,○,○,○,○,X,-,-,-,-
,2522,영상,기록,국회도서관,국회기록보존소,HOME > 기록정보 콘텐츠 > 구술기록,부천시장 재임 시 주요 활동,-,2016~2023,1,미부착,제4유형,무,-,부천시장 재임 시 주요 활동,-,영상,영상,-,정치,한국어,-,2016~2023,-,국회도서관,-,-,-,제4유형,저작물,보호저작물,○,상업적이용금지,○,○,○,○,○,○,X,-,-,-,-
,2523,영상,기록,국회도서관,국회기록보존소,HOME > 기록정보 콘텐츠 > 구술기록,대통령 탄핵 및 사법처리 등에 대한 소회,-,2016~2023,1,미부착,제4유형,무,-,대통령 탄핵 및 사법처리 등에 대한 소회,-,영상,영상,-,정치,한국어,-,2016~2023,-,국회도서관,-,-,-,제4유형,저작물,보호저작물,○,상업적이용금지,○,○,○,○,○,○,X,-,-,-,-
,2524,영상,기록,국회도서관,국회기록보존소,HOME > 기록정보 콘텐츠 > 구술기록,정치활동에 대한 자평,-,2016~2023,1,미부착,제4유형,무,-,정치활동에 대한 자평,-,영상,영상,-,정치,한국어,-,2016~2023,-,국회도서관,-,-,-,제4유형,저작물,보호저작물,○,상업적이용금지,○,○,○,○,○,○,X,-,-,-,-
,2525,영상,기록,국회도서관,국회기록보존소,HOME > 기록정보 콘텐츠 > 구술기록,국회도서관에 대한 바람,-,2016~2023,1,미부착,제4유형,무,-,국회도서관에 대한 바람,-,영상,영상,-,정치,한국어,-,2016~2023,-,국회도서관,-,-,-,제4유형,저작물,보호저작물,○,상업적이용금지,○,○,○,○,○,○,X,-,-,-,-
,2526,영상,기록,국회도서관,국회기록보존소,HOME > 기록정보 콘텐츠 > 구술기록,원혜영 전 국회의원 구술채록,-,2016~2023,1,미부착,제4유형,무,-,원혜영 전 국회의원 구술채록,-,영상,영상,-,정치,한국어,-,2016~2023,-,국회도서관,-,-,-,제4유형,저작물,보호저작물,○,상업적이용금지,○,○,○,○,○,○,X,-,-,-,-
,2527,영상,기록,국회도서관,국회기록보존소,HOME > 기록정보 콘텐츠 > 구술기록,시작 멘트,-,2016~2023,1,미부착,제4유형,무,-,시작 멘트,-,영상,영상,-,정치,한국어,-,2016~2023,-,국회도서관,-,-,-,제4유형,저작물,보호저작물,○,상업적이용금지,○,○,○,○,○,○,X,-,-,-,-
,2528,영상,기록,국회도서관,국회기록보존소,HOME > 기록정보 콘텐츠 > 구술기록,근황 소개,-,2016~2023,1,미부착,제4유형,무,-,근황 소개,-,영상,영상,-,정치,한국어,-,2016~2023,-,국회도서관,-,-,-,제4유형,저작물,보호저작물,○,상업적이용금지,○,○,○,○,○,○,X,-,-,-,-
,2529,영상,기록,국회도서관,국회기록보존소,HOME > 기록정보 콘텐츠 > 구술기록,성장과정 및 부모님에 대한 회고,-,2016~2023,1,미부착,제4유형,무,-,성장과정 및 부모님에 대한 회고,-,영상,영상,-,정치,한국어,-,2016~2023,-,국회도서관,-,-,-,제4유형,저작물,보호저작물,○,상업적이용금지,○,○,○,○,○,○,X,-,-,-,-
,2530,영상,기록,국회도서관,국회기록보존소,HOME > 기록정보 콘텐츠 > 구술기록,학창시절 및 학생운동,-,2016~2023,1,미부착,제4유형,무,-,학창시절 및 학생운동,-,영상,영상,-,정치,한국어,-,2016~2023,-,국회도서관,-,-,-,제4유형,저작물,보호저작물,○,상업적이용금지,○,○,○,○,○,○,X,-,-,-,-
,2531,영상,기록,국회도서관,국회기록보존소,HOME > 기록정보 콘텐츠 > 구술기록,한겨레민주당으로 정치활동 시작,-,2016~2023,1,미부착,제4유형,무,-,한겨레민주당으로 정치활동 시작,-,영상,영상,-,정치,한국어,-,2016~2023,-,국회도서관,-,-,-,제4유형,저작물,보호저작물,○,상업적이용금지,○,○,○,○,○,○,X,-,-,-,-
,2532,영상,기록,국회도서관,국회기록보존소,HOME > 기록정보 콘텐츠 > 구술기록,시작 멘트,-,2016~2023,1,미부착,제4유형,무,-,시작 멘트,-,영상,영상,-,정치,한국어,-,2016~2023,-,국회도서관,-,-,-,제4유형,저작물,보호저작물,○,상업적이용금지,○,○,○,○,○,○,X,-,-,-,-
,2533,영상,기록,국회도서관,국회기록보존소,HOME > 기록정보 콘텐츠 > 구술기록,마무리 발언,-,2016~2023,1,미부착,제4유형,무,-,마무리 발언,-,영상,영상,-,정치,한국어,-,2016~2023,-,국회도서관,-,-,-,제4유형,저작물,보호저작물,○,상업적이용금지,○,○,○,○,○,○,X,-,-,-,-
,2534,영상,기록,국회도서관,국회기록보존소,HOME > 기록정보 콘텐츠 > 구술기록,대학 재학 시절의 시대 분위기,-,2016~2023,1,미부착,제4유형,무,-,대학 재학 시절의 시대 분위기,-,영상,영상,-,정치,한국어,-,2016~2023,-,국회도서관,-,-,-,제4유형,저작물,보호저작물,○,상업적이용금지,○,○,○,○,○,○,X,-,-,-,-
,2535,영상,기록,국회도서관,국회기록보존소,HOME > 기록정보 콘텐츠 > 구술기록,민청학련 사건 회고,-,2016~2023,1,미부착,제4유형,무,-,민청학련 사건 회고,-,영상,영상,-,정치,한국어,-,2016~2023,-,국회도서관,-,-,-,제4유형,저작물,보호저작물,○,상업적이용금지,○,○,○,○,○,○,X,-,-,-,-
,2536,영상,기록,국회도서관,국회기록보존소,HOME > 기록정보 콘텐츠 > 구술기록,수감생활과 석방,-,2016~2023,1,미부착,제4유형,무,-,수감생활과 석방,-,영상,영상,-,정치,한국어,-,2016~2023,-,국회도서관,-,-,-,제4유형,저작물,보호저작물,○,상업적이용금지,○,○,○,○,○,○,X,-,-,-,-
,2537,영상,기록,국회도서관,국회기록보존소,HOME > 기록정보 콘텐츠 > 구술기록,시작 멘트,-,2016~2023,1,미부착,제4유형,무,-,시작 멘트,-,영상,영상,-,정치,한국어,-,2016~2023,-,국회도서관,-,-,-,제4유형,저작물,보호저작물,○,상업적이용금지,○,○,○,○,○,○,X,-,-,-,-
,2538,영상,기록,국회도서관,국회기록보존소,HOME > 기록정보 콘텐츠 > 구술기록,1980년대 초반의 활동,-,2016~2023,1,미부착,제4유형,무,-,1980년대 초반의 활동,-,영상,영상,-,정치,한국어,-,2016~2023,-,국회도서관,-,-,-,제4유형,저작물,보호저작물,○,상업적이용금지,○,○,○,○,○,○,X,-,-,-,-
,2539,영상,기록,국회도서관,국회기록보존소,HOME > 기록정보 콘텐츠 > 구술기록,정계입문 과정,-,2016~2023,1,미부착,제4유형,무,-,정계입문 과정,-,영상,영상,-,정치,한국어,-,2016~2023,-,국회도서관,-,-,-,제4유형,저작물,보호저작물,○,상업적이용금지,○,○,○,○,○,○,X,-,-,-,-
,2540,영상,기록,국회도서관,국회기록보존소,HOME > 기록정보 콘텐츠 > 구술기록,제13대 국회시기 선거제도,-,2016~2023,1,미부착,제4유형,무,-,제13대 국회시기 선거제도,-,영상,영상,-,정치,한국어,-,2016~2023,-,국회도서관,-,-,-,제4유형,저작물,보호저작물,○,상업적이용금지,○,○,○,○,○,○,X,-,-,-,-
,2541,영상,기록,국회도서관,국회기록보존소,HOME > 기록정보 콘텐츠 > 구술기록,제14대 총선 과정,-,2016~2023,1,미부착,제4유형,무,-,제14대 총선 과정,-,영상,영상,-,정치,한국어,-,2016~2023,-,국회도서관,-,-,-,제4유형,저작물,보호저작물,○,상업적이용금지,○,○,○,○,○,○,X,-,-,-,-
,2542,영상,기록,국회도서관,국회기록보존소,HOME > 기록정보 콘텐츠 > 구술기록,초선의원 활동,-,2016~2023,1,미부착,제4유형,무,-,초선의원 활동,-,영상,영상,-,정치,한국어,-,2016~2023,-,국회도서관,-,-,-,제4유형,저작물,보호저작물,○,상업적이용금지,○,○,○,○,○,○,X,-,-,-,-
,2543,영상,기록,국회도서관,국회기록보존소,HOME > 기록정보 콘텐츠 > 구술기록,민주당 정치연수원장 임명,-,2016~2023,1,미부착,제4유형,무,-,민주당 정치연수원장 임명,-,영상,영상,-,정치,한국어,-,2016~2023,-,국회도서관,-,-,-,제4유형,저작물,보호저작물,○,상업적이용금지,○,○,○,○,○,○,X,-,-,-,-
,2544,영상,기록,국회도서관,국회기록보존소,HOME > 기록정보 콘텐츠 > 구술기록,시작 멘트,-,2016~2023,1,미부착,제4유형,무,-,시작 멘트,-,영상,영상,-,정치,한국어,-,2016~2023,-,국회도서관,-,-,-,제4유형,저작물,보호저작물,○,상업적이용금지,○,○,○,○,○,○,X,-,-,-,-
,2545,영상,기록,국회도서관,국회기록보존소,HOME > 기록정보 콘텐츠 > 구술기록,국민통합추진회의 활동,-,2016~2023,1,미부착,제4유형,무,-,국민통합추진회의 활동,-,영상,영상,-,정치,한국어,-,2016~2023,-,국회도서관,-,-,-,제4유형,저작물,보호저작물,○,상업적이용금지,○,○,○,○,○,○,X,-,-,-,-
,2546,영상,기록,국회도서관,국회기록보존소,HOME > 기록정보 콘텐츠 > 구술기록,국민의 정부 출범 시기 회고,-,2016~2023,1,미부착,제4유형,무,-,국민의 정부 출범 시기 회고,-,영상,영상,-,정치,한국어,-,2016~2023,-,국회도서관,-,-,-,제4유형,저작물,보호저작물,○,상업적이용금지,○,○,○,○,○,○,X,-,-,-,-
,2547,영상,기록,국회도서관,국회기록보존소,HOME > 기록정보 콘텐츠 > 구술기록,2002년도 대통령선거 시작 시기 상황,-,2016~2023,1,미부착,제4유형,무,-,2002년도 대통령선거 시작 시기 상황,-,영상,영상,-,정치,한국어,-,2016~2023,-,국회도서관,-,-,-,제4유형,저작물,보호저작물,○,상업적이용금지,○,○,○,○,○,○,X,-,-,-,-
,2548,영상,기록,국회도서관,국회기록보존소,HOME > 기록정보 콘텐츠 > 구술기록,"노무현, 정몽준 단일화 관련 일화",-,2016~2023,1,미부착,제4유형,무,-,"노무현, 정몽준 단일화 관련 일화",-,영상,영상,-,정치,한국어,-,2016~2023,-,국회도서관,-,-,-,제4유형,저작물,보호저작물,○,상업적이용금지,○,○,○,○,○,○,X,-,-,-,-
,2549,영상,기록,국회도서관,국회기록보존소,HOME > 기록정보 콘텐츠 > 구술기록,열린우리당 창당 관련 활동,-,2016~2023,1,미부착,제4유형,무,-,열린우리당 창당 관련 활동,-,영상,영상,-,정치,한국어,-,2016~2023,-,국회도서관,-,-,-,제4유형,저작물,보호저작물,○,상업적이용금지,○,○,○,○,○,○,X,-,-,-,-
,2550,영상,기록,국회도서관,국회기록보존소,HOME > 기록정보 콘텐츠 > 구술기록,참여정부 정무수석 활동,-,2016~2023,1,미부착,제4유형,무,-,참여정부 정무수석 활동,-,영상,영상,-,정치,한국어,-,2016~2023,-,국회도서관,-,-,-,제4유형,저작물,보호저작물,○,상업적이용금지,○,○,○,○,○,○,X,-,-,-,-
,2551,영상,기록,국회도서관,국회기록보존소,HOME > 기록정보 콘텐츠 > 구술기록,시작 멘트,-,2016~2023,1,미부착,제4유형,무,-,시작 멘트,-,영상,영상,-,정치,한국어,-,2016~2023,-,국회도서관,-,-,-,제4유형,저작물,보호저작물,○,상업적이용금지,○,○,○,○,○,○,X,-,-,-,-
,2552,영상,기록,국회도서관,국회기록보존소,HOME > 기록정보 콘텐츠 > 구술기록,열린우리당의 정치사적 의미,-,2016~2023,1,미부착,제4유형,무,-,열린우리당의 정치사적 의미,-,영상,영상,-,정치,한국어,-,2016~2023,-,국회도서관,-,-,-,제4유형,저작물,보호저작물,○,상업적이용금지,○,○,○,○,○,○,X,-,-,-,-
,2553,영상,기록,국회도서관,국회기록보존소,HOME > 기록정보 콘텐츠 > 구술기록,제19대 국회시기 3선 의원 활동,-,2016~2023,1,미부착,제4유형,무,-,제19대 국회시기 3선 의원 활동,-,영상,영상,-,정치,한국어,-,2016~2023,-,국회도서관,-,-,-,제4유형,저작물,보호저작물,○,상업적이용금지,○,○,○,○,○,○,X,-,-,-,-
,2554,영상,기록,국회도서관,국회기록보존소,HOME > 기록정보 콘텐츠 > 구술기록,불법 선거 신고포상금에 대한 견해,-,2016~2023,1,미부착,제4유형,무,-,불법 선거 신고포상금에 대한 견해,-,영상,영상,-,정치,한국어,-,2016~2023,-,국회도서관,-,-,-,제4유형,저작물,보호저작물,○,상업적이용금지,○,○,○,○,○,○,X,-,-,-,-
,2555,영상,기록,국회도서관,국회기록보존소,HOME > 기록정보 콘텐츠 > 구술기록,정계은퇴 및 국회사무총장 취임,-,2016~2023,1,미부착,제4유형,무,-,정계은퇴 및 국회사무총장 취임,-,영상,영상,-,정치,한국어,-,2016~2023,-,국회도서관,-,-,-,제4유형,저작물,보호저작물,○,상업적이용금지,○,○,○,○,○,○,X,-,-,-,-
,2556,영상,기록,국회도서관,국회기록보존소,HOME > 기록정보 콘텐츠 > 구술기록,국회 사무총장 재임 시 추진한 개혁조치,-,2016~2023,1,미부착,제4유형,무,-,국회 사무총장 재임 시 추진한 개혁조치,-,영상,영상,-,정치,한국어,-,2016~2023,-,국회도서관,-,-,-,제4유형,저작물,보호저작물,○,상업적이용금지,○,○,○,○,○,○,X,-,-,-,-
,2557,영상,기록,국회도서관,국회기록보존소,HOME > 기록정보 콘텐츠 > 구술기록,특수활동비 논란에 대한 견해,-,2016~2023,1,미부착,제4유형,무,-,특수활동비 논란에 대한 견해,-,영상,영상,-,정치,한국어,-,2016~2023,-,국회도서관,-,-,-,제4유형,저작물,보호저작물,○,상업적이용금지,○,○,○,○,○,○,X,-,-,-,-
,2558,영상,기록,국회도서관,국회기록보존소,HOME > 기록정보 콘텐츠 > 구술기록,선거제도 개선의 필요성,-,2016~2023,1,미부착,제4유형,무,-,선거제도 개선의 필요성,-,영상,영상,-,정치,한국어,-,2016~2023,-,국회도서관,-,-,-,제4유형,저작물,보호저작물,○,상업적이용금지,○,○,○,○,○,○,X,-,-,-,-
,2559,영상,기록,국회도서관,국회기록보존소,HOME > 기록정보 콘텐츠 > 구술기록,발전적인 국회운영을 위한 조언,-,2016~2023,1,미부착,제4유형,무,-,발전적인 국회운영을 위한 조언,-,영상,영상,-,정치,한국어,-,2016~2023,-,국회도서관,-,-,-,제4유형,저작물,보호저작물,○,상업적이용금지,○,○,○,○,○,○,X,-,-,-,-
,2560,영상,기록,국회도서관,국회기록보존소,HOME > 기록정보 콘텐츠 > 구술기록,근황과 성장과정,-,2016~2023,1,미부착,제4유형,무,-,근황과 성장과정,-,영상,영상,-,정치,한국어,-,2016~2023,-,국회도서관,-,-,-,제4유형,저작물,보호저작물,○,상업적이용금지,○,○,○,○,○,○,X,-,-,-,-
,2561,영상,기록,국회도서관,국회기록보존소,HOME > 기록정보 콘텐츠 > 구술기록,국회의장 재임 시기 외교활동 (1),-,2016~2023,1,미부착,제4유형,무,-,국회의장 재임 시기 외교활동 (1),-,영상,영상,-,정치,한국어,-,2016~2023,-,국회도서관,-,-,-,제4유형,저작물,보호저작물,○,상업적이용금지,○,○,○,○,○,○,X,-,-,-,-
,2562,영상,기록,국회도서관,국회기록보존소,HOME > 기록정보 콘텐츠 > 구술기록,국회의장 재임 시기 외교활동 (2),-,2016~2023,1,미부착,제4유형,무,-,국회의장 재임 시기 외교활동 (2),-,영상,영상,-,정치,한국어,-,2016~2023,-,국회도서관,-,-,-,제4유형,저작물,보호저작물,○,상업적이용금지,○,○,○,○,○,○,X,-,-,-,-
,2563,영상,기록,국회도서관,국회기록보존소,HOME > 기록정보 콘텐츠 > 구술기록,"제8, 9대 국회 시기 원외활동",-,2016~2023,1,미부착,제4유형,무,-,"제8, 9대 국회 시기 원외활동",-,영상,영상,-,정치,한국어,-,2016~2023,-,국회도서관,-,-,-,제4유형,저작물,보호저작물,○,상업적이용금지,○,○,○,○,○,○,X,-,-,-,-
,2564,영상,기록,국회도서관,국회기록보존소,HOME > 기록정보 콘텐츠 > 구술기록,제10대 국회 상황,-,2016~2023,1,미부착,제4유형,무,-,제10대 국회 상황,-,영상,영상,-,정치,한국어,-,2016~2023,-,국회도서관,-,-,-,제4유형,저작물,보호저작물,○,상업적이용금지,○,○,○,○,○,○,X,-,-,-,-
,2565,영상,기록,국회도서관,국회기록보존소,HOME > 기록정보 콘텐츠 > 구술기록,10.26사태 발생과 상황,-,2016~2023,1,미부착,제4유형,무,-,10.26사태 발생과 상황,-,영상,영상,-,정치,한국어,-,2016~2023,-,국회도서관,-,-,-,제4유형,저작물,보호저작물,○,상업적이용금지,○,○,○,○,○,○,X,-,-,-,-
,2566,영상,기록,국회도서관,국회기록보존소,HOME > 기록정보 콘텐츠 > 구술기록,삼성가 와의 인연,-,2016~2023,1,미부착,제4유형,무,-,삼성가 와의 인연,-,영상,영상,-,정치,한국어,-,2016~2023,-,국회도서관,-,-,-,제4유형,저작물,보호저작물,○,상업적이용금지,○,○,○,○,○,○,X,-,-,-,-
,2567,영상,기록,국회도서관,국회기록보존소,HOME > 기록정보 콘텐츠 > 구술기록,제7대 국회의원 선거 상황,-,2016~2023,1,미부착,제4유형,무,-,제7대 국회의원 선거 상황,-,영상,영상,-,정치,한국어,-,2016~2023,-,국회도서관,-,-,-,제4유형,저작물,보호저작물,○,상업적이용금지,○,○,○,○,○,○,X,-,-,-,-
,2568,영상,기록,국회도서관,국회기록보존소,HOME > 기록정보 콘텐츠 > 구술기록,제6대 국회시기 주요 의정활동 (2),-,2016~2023,1,미부착,제4유형,무,-,제6대 국회시기 주요 의정활동 (2),-,영상,영상,-,정치,한국어,-,2016~2023,-,국회도서관,-,-,-,제4유형,저작물,보호저작물,○,상업적이용금지,○,○,○,○,○,○,X,-,-,-,-
,2569,영상,기록,국회도서관,국회기록보존소,HOME > 기록정보 콘텐츠 > 구술기록,제6대 국회시기 주요사안 (1),-,2016~2023,1,미부착,제4유형,무,-,제6대 국회시기 주요사안 (1),-,영상,영상,-,정치,한국어,-,2016~2023,-,국회도서관,-,-,-,제4유형,저작물,보호저작물,○,상업적이용금지,○,○,○,○,○,○,X,-,-,-,-
,2570,영상,기록,국회도서관,국회기록보존소,HOME > 기록정보 콘텐츠 > 구술기록,제6대 국회시기 주요사안 (2),-,2016~2023,1,미부착,제4유형,무,-,제6대 국회시기 주요사안 (2),-,영상,영상,-,정치,한국어,-,2016~2023,-,국회도서관,-,-,-,제4유형,저작물,보호저작물,○,상업적이용금지,○,○,○,○,○,○,X,-,-,-,-
,2571,영상,기록,국회도서관,국회기록보존소,HOME > 기록정보 콘텐츠 > 구술기록,삼선 개헌에 대한 입장과 활동,-,2016~2023,1,미부착,제4유형,무,-,삼선 개헌에 대한 입장과 활동,-,영상,영상,-,정치,한국어,-,2016~2023,-,국회도서관,-,-,-,제4유형,저작물,보호저작물,○,상업적이용금지,○,○,○,○,○,○,X,-,-,-,-
,2572,영상,기록,국회도서관,국회기록보존소,HOME > 기록정보 콘텐츠 > 구술기록,국회선진화법에 대한 의견,-,2016~2023,1,미부착,제4유형,무,-,국회선진화법에 대한 의견,-,영상,영상,-,정치,한국어,-,2016~2023,-,국회도서관,-,-,-,제4유형,저작물,보호저작물,○,상업적이용금지,○,○,○,○,○,○,X,-,-,-,-
,2573,영상,기록,국회도서관,국회기록보존소,HOME > 기록정보 콘텐츠 > 구술기록,제18대 대통령 부정선거 의혹,-,2016~2023,1,미부착,제4유형,무,-,제18대 대통령 부정선거 의혹,-,영상,영상,-,정치,한국어,-,2016~2023,-,국회도서관,-,-,-,제4유형,저작물,보호저작물,○,상업적이용금지,○,○,○,○,○,○,X,-,-,-,-
,2574,영상,기록,국회도서관,국회기록보존소,HOME > 기록정보 콘텐츠 > 구술기록,정치인들에 대한 조언,-,2016~2023,1,미부착,제4유형,무,-,정치인들에 대한 조언,-,영상,영상,-,정치,한국어,-,2016~2023,-,국회도서관,-,-,-,제4유형,저작물,보호저작물,○,상업적이용금지,○,○,○,○,○,○,X,-,-,-,-
,2575,영상,기록,국회도서관,국회기록보존소,HOME > 기록정보 콘텐츠 > 구술기록,시작멘트,-,2016~2023,1,미부착,제4유형,무,-,시작멘트,-,영상,영상,-,정치,한국어,-,2016~2023,-,국회도서관,-,-,-,제4유형,저작물,보호저작물,○,상업적이용금지,○,○,○,○,○,○,X,-,-,-,-
,2576,영상,기록,국회도서관,국회기록보존소,HOME > 기록정보 콘텐츠 > 구술기록,제6대 국회시기 남북가족면회소 설치 주장,-,2016~2023,1,미부착,제4유형,무,-,제6대 국회시기 남북가족면회소 설치 주장,-,영상,영상,-,정치,한국어,-,2016~2023,-,국회도서관,-,-,-,제4유형,저작물,보호저작물,○,상업적이용금지,○,○,○,○,○,○,X,-,-,-,-
,2577,영상,기록,국회도서관,국회기록보존소,HOME > 기록정보 콘텐츠 > 구술기록,김영삼 정부시기 남북관계,-,2016~2023,1,미부착,제4유형,무,-,김영삼 정부시기 남북관계,-,영상,영상,-,정치,한국어,-,2016~2023,-,국회도서관,-,-,-,제4유형,저작물,보호저작물,○,상업적이용금지,○,○,○,○,○,○,X,-,-,-,-
,2578,영상,기록,국회도서관,국회기록보존소,HOME > 기록정보 콘텐츠 > 구술기록,김대중 대통령과 노무현 대통령 재임기의 남북관계,-,2016~2023,1,미부착,제4유형,무,-,김대중 대통령과 노무현 대통령 재임기의 남북관계,-,영상,영상,-,정치,한국어,-,2016~2023,-,국회도서관,-,-,-,제4유형,저작물,보호저작물,○,상업적이용금지,○,○,○,○,○,○,X,-,-,-,-
,2579,영상,기록,국회도서관,국회기록보존소,HOME > 기록정보 콘텐츠 > 구술기록,시작멘트,-,2016~2023,1,미부착,제4유형,무,-,시작멘트,-,영상,영상,-,정치,한국어,-,2016~2023,-,국회도서관,-,-,-,제4유형,저작물,보호저작물,○,상업적이용금지,○,○,○,○,○,○,X,-,-,-,-
,2580,영상,기록,국회도서관,국회기록보존소,HOME > 기록정보 콘텐츠 > 구술기록,최근 근황과 제18대 대통령에 대한 평가와 기대,-,2016~2023,1,미부착,제4유형,무,-,최근 근황과 제18대 대통령에 대한 평가와 기대,-,영상,영상,-,정치,한국어,-,2016~2023,-,국회도서관,-,-,-,제4유형,저작물,보호저작물,○,상업적이용금지,○,○,○,○,○,○,X,-,-,-,-
,2581,영상,기록,국회도서관,국회기록보존소,HOME > 기록정보 콘텐츠 > 구술기록,성장과정,-,2016~2023,1,미부착,제4유형,무,-,성장과정,-,영상,영상,-,정치,한국어,-,2016~2023,-,국회도서관,-,-,-,제4유형,저작물,보호저작물,○,상업적이용금지,○,○,○,○,○,○,X,-,-,-,-
,2582,영상,기록,국회도서관,국회기록보존소,HOME > 기록정보 콘텐츠 > 구술기록,대학진학과 6.25전쟁 발발,-,2016~2023,1,미부착,제4유형,무,-,대학진학과 6.25전쟁 발발,-,영상,영상,-,정치,한국어,-,2016~2023,-,국회도서관,-,-,-,제4유형,저작물,보호저작물,○,상업적이용금지,○,○,○,○,○,○,X,-,-,-,-
,2583,영상,기록,국회도서관,국회기록보존소,HOME > 기록정보 콘텐츠 > 구술기록,공군사관학교 재학시절,-,2016~2023,1,미부착,제4유형,무,-,공군사관학교 재학시절,-,영상,영상,-,정치,한국어,-,2016~2023,-,국회도서관,-,-,-,제4유형,저작물,보호저작물,○,상업적이용금지,○,○,○,○,○,○,X,-,-,-,-
,2584,영상,기록,국회도서관,국회기록보존소,HOME > 기록정보 콘텐츠 > 구술기록,연세대학교 복교 후 학교생활 (1),-,2016~2023,1,미부착,제4유형,무,-,연세대학교 복교 후 학교생활 (1),-,영상,영상,-,정치,한국어,-,2016~2023,-,국회도서관,-,-,-,제4유형,저작물,보호저작물,○,상업적이용금지,○,○,○,○,○,○,X,-,-,-,-
,2585,영상,기록,국회도서관,국회기록보존소,HOME > 기록정보 콘텐츠 > 구술기록,연세대학교 복교 후 학교생활 (2),-,2016~2023,1,미부착,제4유형,무,-,연세대학교 복교 후 학교생활 (2),-,영상,영상,-,정치,한국어,-,2016~2023,-,국회도서관,-,-,-,제4유형,저작물,보호저작물,○,상업적이용금지,○,○,○,○,○,○,X,-,-,-,-
,2586,영상,기록,국회도서관,국회기록보존소,HOME > 기록정보 콘텐츠 > 구술기록,언론계 입문과 4.19혁명 취재 활동,-,2016~2023,1,미부착,제4유형,무,-,언론계 입문과 4.19혁명 취재 활동,-,영상,영상,-,정치,한국어,-,2016~2023,-,국회도서관,-,-,-,제4유형,저작물,보호저작물,○,상업적이용금지,○,○,○,○,○,○,X,-,-,-,-
,2587,영상,기록,국회도서관,국회기록보존소,HOME > 기록정보 콘텐츠 > 구술기록,5.16 군사 쿠데타에 대한 종합적 평가,-,2016~2023,1,미부착,제4유형,무,-,5.16 군사 쿠데타에 대한 종합적 평가,-,영상,영상,-,정치,한국어,-,2016~2023,-,국회도서관,-,-,-,제4유형,저작물,보호저작물,○,상업적이용금지,○,○,○,○,○,○,X,-,-,-,-
,2588,영상,기록,국회도서관,국회기록보존소,HOME > 기록정보 콘텐츠 > 구술기록,5.16 군사 쿠데타 당시 상황,-,2016~2023,1,미부착,제4유형,무,-,5.16 군사 쿠데타 당시 상황,-,영상,영상,-,정치,한국어,-,2016~2023,-,국회도서관,-,-,-,제4유형,저작물,보호저작물,○,상업적이용금지,○,○,○,○,○,○,X,-,-,-,-
,2589,영상,기록,국회도서관,국회기록보존소,HOME > 기록정보 콘텐츠 > 구술기록,일본 특파원으로 파견,-,2016~2023,1,미부착,제4유형,무,-,일본 특파원으로 파견,-,영상,영상,-,정치,한국어,-,2016~2023,-,국회도서관,-,-,-,제4유형,저작물,보호저작물,○,상업적이용금지,○,○,○,○,○,○,X,-,-,-,-
,2590,영상,기록,국회도서관,국회기록보존소,HOME > 기록정보 콘텐츠 > 구술기록,박정희 전 대통령과의 단독 인터뷰,-,2016~2023,1,미부착,제4유형,무,-,박정희 전 대통령과의 단독 인터뷰,-,영상,영상,-,정치,한국어,-,2016~2023,-,국회도서관,-,-,-,제4유형,저작물,보호저작물,○,상업적이용금지,○,○,○,○,○,○,X,-,-,-,-
,2591,영상,기록,국회도서관,국회기록보존소,HOME > 기록정보 콘텐츠 > 구술기록,제5대 대통령 선거운동,-,2016~2023,1,미부착,제4유형,무,-,제5대 대통령 선거운동,-,영상,영상,-,정치,한국어,-,2016~2023,-,국회도서관,-,-,-,제4유형,저작물,보호저작물,○,상업적이용금지,○,○,○,○,○,○,X,-,-,-,-
,2592,영상,기록,국회도서관,국회기록보존소,HOME > 기록정보 콘텐츠 > 구술기록,시작멘트,-,2016~2023,1,미부착,제4유형,무,-,시작멘트,-,영상,영상,-,정치,한국어,-,2016~2023,-,국회도서관,-,-,-,제4유형,저작물,보호저작물,○,상업적이용금지,○,○,○,○,○,○,X,-,-,-,-
,2593,영상,기록,국회도서관,국회기록보존소,HOME > 기록정보 콘텐츠 > 구술기록,제6대 국회시기 주요 의정활동 (1),-,2016~2023,1,미부착,제4유형,무,-,제6대 국회시기 주요 의정활동 (1),-,영상,영상,-,정치,한국어,-,2016~2023,-,국회도서관,-,-,-,제4유형,저작물,보호저작물,○,상업적이용금지,○,○,○,○,○,○,X,-,-,-,-
,2594,영상,기록,국회도서관,국회기록보존소,HOME > 기록정보 콘텐츠 > 구술기록,1997년 대통령 선거 전후의 정치상황,-,2016~2023,1,미부착,제4유형,무,-,1997년 대통령 선거 전후의 정치상황,-,영상,영상,-,정치,한국어,-,2016~2023,-,국회도서관,-,-,-,제4유형,저작물,보호저작물,○,상업적이용금지,○,○,○,○,○,○,X,-,-,-,-
,2595,영상,기록,국회도서관,국회기록보존소,HOME > 기록정보 콘텐츠 > 구술기록,제17대 국회 전반기 의장 재임 시기 활동 및 정치상황,-,2016~2023,1,미부착,제4유형,무,-,제17대 국회 전반기 의장 재임 시기 활동 및 정치상황,-,영상,영상,-,정치,한국어,-,2016~2023,-,국회도서관,-,-,-,제4유형,저작물,보호저작물,○,상업적이용금지,○,○,○,○,○,○,X,-,-,-,-
,2596,영상,기록,국회도서관,국회기록보존소,HOME > 기록정보 콘텐츠 > 구술기록,남북관계 개선을 위한 견해,-,2016~2023,1,미부착,제4유형,무,-,남북관계 개선을 위한 견해,-,영상,영상,-,정치,한국어,-,2016~2023,-,국회도서관,-,-,-,제4유형,저작물,보호저작물,○,상업적이용금지,○,○,○,○,○,○,X,-,-,-,-
,2597,영상,기록,국회도서관,국회기록보존소,HOME > 기록정보 콘텐츠 > 구술기록,기타 질문 및 마무리 발언,-,2016~2023,1,미부착,제4유형,무,-,기타 질문 및 마무리 발언,-,영상,영상,-,정치,한국어,-,2016~2023,-,국회도서관,-,-,-,제4유형,저작물,보호저작물,○,상업적이용금지,○,○,○,○,○,○,X,-,-,-,-
,2598,영상,기록,국회도서관,국회기록보존소,HOME > 기록정보 콘텐츠 > 구술기록,12.12 쿠데타 발생과 정치 변화,-,2016~2023,1,미부착,제4유형,무,-,12.12 쿠데타 발생과 정치 변화,-,영상,영상,-,정치,한국어,-,2016~2023,-,국회도서관,-,-,-,제4유형,저작물,보호저작물,○,상업적이용금지,○,○,○,○,○,○,X,-,-,-,-
,2599,영상,기록,국회도서관,국회기록보존소,HOME > 기록정보 콘텐츠 > 구술기록,시작멘트,-,2016~2023,1,미부착,제4유형,무,-,시작멘트,-,영상,영상,-,정치,한국어,-,2016~2023,-,국회도서관,-,-,-,제4유형,저작물,보호저작물,○,상업적이용금지,○,○,○,○,○,○,X,-,-,-,-
,2600,영상,기록,국회도서관,국회기록보존소,HOME > 기록정보 콘텐츠 > 구술기록,제12대 국회시기 개헌정국,-,2016~2023,1,미부착,제4유형,무,-,제12대 국회시기 개헌정국,-,영상,영상,-,정치,한국어,-,2016~2023,-,국회도서관,-,-,-,제4유형,저작물,보호저작물,○,상업적이용금지,○,○,○,○,○,○,X,-,-,-,-
,2601,영상,기록,국회도서관,국회기록보존소,HOME > 기록정보 콘텐츠 > 구술기록,제13대 국회와 삼당합당,-,2016~2023,1,미부착,제4유형,무,-,제13대 국회와 삼당합당,-,영상,영상,-,정치,한국어,-,2016~2023,-,국회도서관,-,-,-,제4유형,저작물,보호저작물,○,상업적이용금지,○,○,○,○,○,○,X,-,-,-,-
,2602,영상,기록,국회도서관,국회기록보존소,HOME > 기록정보 콘텐츠 > 구술기록,문민정부 출범과 제14대 국회 상황,-,2016~2023,1,미부착,제4유형,무,-,문민정부 출범과 제14대 국회 상황,-,영상,영상,-,정치,한국어,-,2016~2023,-,국회도서관,-,-,-,제4유형,저작물,보호저작물,○,상업적이용금지,○,○,○,○,○,○,X,-,-,-,-
,2603,영상,기록,국회도서관,국회기록보존소,HOME > 기록정보 콘텐츠 > 구술기록,국회의장 시절 활동,-,2016~2023,1,미부착,제4유형,무,-,국회의장 시절 활동,-,영상,영상,-,정치,한국어,-,2016~2023,-,국회도서관,-,-,-,제4유형,저작물,보호저작물,○,상업적이용금지,○,○,○,○,○,○,X,-,-,-,-
,2604,영상,기록,국회도서관,국회기록보존소,HOME > 기록정보 콘텐츠 > 구술기록,국회혁신과 기능 강화 노력,-,2016~2023,1,미부착,제4유형,무,-,국회혁신과 기능 강화 노력,-,영상,영상,-,정치,한국어,-,2016~2023,-,국회도서관,-,-,-,제4유형,저작물,보호저작물,○,상업적이용금지,○,○,○,○,○,○,X,-,-,-,-
,2605,영상,기록,국회도서관,국회기록보존소,HOME > 기록정보 콘텐츠 > 구술기록,1. 면담 소개 및 근황,-,2016~2023,1,미부착,제4유형,무,-,1. 면담 소개 및 근황,-,영상,영상,-,정치,한국어,-,2016~2023,-,국회도서관,-,-,-,제4유형,저작물,보호저작물,○,상업적이용금지,○,○,○,○,○,○,X,-,-,-,-
,2606,영상,기록,국회도서관,국회기록보존소,HOME > 기록정보 콘텐츠 > 구술기록,23. 마무리 말씀 ,-,2016~2023,1,미부착,제4유형,무,-,23. 마무리 말씀 ,-,영상,영상,-,정치,한국어,-,2016~2023,-,국회도서관,-,-,-,제4유형,저작물,보호저작물,○,상업적이용금지,○,○,○,○,○,○,X,-,-,-,-
,2607,영상,기록,국회도서관,국회기록보존소,HOME > 기록정보 콘텐츠 > 구술기록,3. 성장 과정 및 학창 시절(계속) ,-,2016~2023,1,미부착,제4유형,무,-,3. 성장 과정 및 학창 시절(계속) ,-,영상,영상,-,정치,한국어,-,2016~2023,-,국회도서관,-,-,-,제4유형,저작물,보호저작물,○,상업적이용금지,○,○,○,○,○,○,X,-,-,-,-
,2608,영상,기록,국회도서관,국회기록보존소,HOME > 기록정보 콘텐츠 > 구술기록,4. 성장 과정 및 학창 시절(계속) ,-,2016~2023,1,미부착,제4유형,무,-,4. 성장 과정 및 학창 시절(계속) ,-,영상,영상,-,정치,한국어,-,2016~2023,-,국회도서관,-,-,-,제4유형,저작물,보호저작물,○,상업적이용금지,○,○,○,○,○,○,X,-,-,-,-
,2609,영상,기록,국회도서관,국회기록보존소,HOME > 기록정보 콘텐츠 > 구술기록,5. 대학 생활 및 결혼 ,-,2016~2023,1,미부착,제4유형,무,-,5. 대학 생활 및 결혼 ,-,영상,영상,-,정치,한국어,-,2016~2023,-,국회도서관,-,-,-,제4유형,저작물,보호저작물,○,상업적이용금지,○,○,○,○,○,○,X,-,-,-,-
,2610,영상,기록,국회도서관,국회기록보존소,HOME > 기록정보 콘텐츠 > 구술기록,6. 대학원 시절 회고 ,-,2016~2023,1,미부착,제4유형,무,-,6. 대학원 시절 회고 ,-,영상,영상,-,정치,한국어,-,2016~2023,-,국회도서관,-,-,-,제4유형,저작물,보호저작물,○,상업적이용금지,○,○,○,○,○,○,X,-,-,-,-
,2611,영상,기록,국회도서관,국회기록보존소,HOME > 기록정보 콘텐츠 > 구술기록,"7. 정계입문, 청와대 비서관 시절 ",-,2016~2023,1,미부착,제4유형,무,-,"7. 정계입문, 청와대 비서관 시절 ",-,영상,영상,-,정치,한국어,-,2016~2023,-,국회도서관,-,-,-,제4유형,저작물,보호저작물,○,상업적이용금지,○,○,○,○,○,○,X,-,-,-,-
,2612,영상,기록,국회도서관,국회기록보존소,HOME > 기록정보 콘텐츠 > 구술기록,8. 신한국당 입당 및 제15대 국회의원 총선거 회고 ,-,2016~2023,1,미부착,제4유형,무,-,8. 신한국당 입당 및 제15대 국회의원 총선거 회고 ,-,영상,영상,-,정치,한국어,-,2016~2023,-,국회도서관,-,-,-,제4유형,저작물,보호저작물,○,상업적이용금지,○,○,○,○,○,○,X,-,-,-,-
,2613,영상,기록,국회도서관,국회기록보존소,HOME > 기록정보 콘텐츠 > 구술기록,9. 15대 대통령 선거 시절 회고 ,-,2016~2023,1,미부착,제4유형,무,-,9. 15대 대통령 선거 시절 회고 ,-,영상,영상,-,정치,한국어,-,2016~2023,-,국회도서관,-,-,-,제4유형,저작물,보호저작물,○,상업적이용금지,○,○,○,○,○,○,X,-,-,-,-
,2614,영상,기록,국회도서관,국회기록보존소,HOME > 기록정보 콘텐츠 > 구술기록,10. 16대 국회의원 총선거 ,-,2016~2023,1,미부착,제4유형,무,-,10. 16대 국회의원 총선거 ,-,영상,영상,-,정치,한국어,-,2016~2023,-,국회도서관,-,-,-,제4유형,저작물,보호저작물,○,상업적이용금지,○,○,○,○,○,○,X,-,-,-,-
,2615,영상,기록,국회도서관,국회기록보존소,HOME > 기록정보 콘텐츠 > 구술기록,11. 16대 국회 초선의원 시절 활동 ,-,2016~2023,1,미부착,제4유형,무,-,11. 16대 국회 초선의원 시절 활동 ,-,영상,영상,-,정치,한국어,-,2016~2023,-,국회도서관,-,-,-,제4유형,저작물,보호저작물,○,상업적이용금지,○,○,○,○,○,○,X,-,-,-,-
,2616,영상,기록,국회도서관,국회기록보존소,HOME > 기록정보 콘텐츠 > 구술기록,12. 17대 국회의원 총선거 ,-,2016~2023,1,미부착,제4유형,무,-,12. 17대 국회의원 총선거 ,-,영상,영상,-,정치,한국어,-,2016~2023,-,국회도서관,-,-,-,제4유형,저작물,보호저작물,○,상업적이용금지,○,○,○,○,○,○,X,-,-,-,-
,2617,영상,기록,국회도서관,국회기록보존소,HOME > 기록정보 콘텐츠 > 구술기록,13. 17대 국회의원 및 17대 대통령 선거 활동 ,-,2016~2023,1,미부착,제4유형,무,-,13. 17대 국회의원 및 17대 대통령 선거 활동 ,-,영상,영상,-,정치,한국어,-,2016~2023,-,국회도서관,-,-,-,제4유형,저작물,보호저작물,○,상업적이용금지,○,○,○,○,○,○,X,-,-,-,-
,2618,영상,기록,국회도서관,국회기록보존소,HOME > 기록정보 콘텐츠 > 구술기록,14. 18대 국회의원 및 원내대표 출마와 양보 ,-,2016~2023,1,미부착,제4유형,무,-,14. 18대 국회의원 및 원내대표 출마와 양보 ,-,영상,영상,-,정치,한국어,-,2016~2023,-,국회도서관,-,-,-,제4유형,저작물,보호저작물,○,상업적이용금지,○,○,○,○,○,○,X,-,-,-,-
,2619,영상,기록,국회도서관,국회기록보존소,HOME > 기록정보 콘텐츠 > 구술기록,16. 국회부의장 시절에 대한 회고 ,-,2016~2023,1,미부착,제4유형,무,-,16. 국회부의장 시절에 대한 회고 ,-,영상,영상,-,정치,한국어,-,2016~2023,-,국회도서관,-,-,-,제4유형,저작물,보호저작물,○,상업적이용금지,○,○,○,○,○,○,X,-,-,-,-
,2620,영상,기록,국회도서관,국회기록보존소,HOME > 기록정보 콘텐츠 > 구술기록,17. 19대 국회의원 활동 및 정치철학 ,-,2016~2023,1,미부착,제4유형,무,-,17. 19대 국회의원 활동 및 정치철학 ,-,영상,영상,-,정치,한국어,-,2016~2023,-,국회도서관,-,-,-,제4유형,저작물,보호저작물,○,상업적이용금지,○,○,○,○,○,○,X,-,-,-,-
,2621,영상,기록,국회도서관,국회기록보존소,HOME > 기록정보 콘텐츠 > 구술기록,18. 정치개혁특별위원회 위원장 시기 활동 ,-,2016~2023,1,미부착,제4유형,무,-,18. 정치개혁특별위원회 위원장 시기 활동 ,-,영상,영상,-,정치,한국어,-,2016~2023,-,국회도서관,-,-,-,제4유형,저작물,보호저작물,○,상업적이용금지,○,○,○,○,○,○,X,-,-,-,-
,2622,영상,기록,국회도서관,국회기록보존소,HOME > 기록정보 콘텐츠 > 구술기록,19. 이병석 정치와 철도 르네상스 시대 ,-,2016~2023,1,미부착,제4유형,무,-,19. 이병석 정치와 철도 르네상스 시대 ,-,영상,영상,-,정치,한국어,-,2016~2023,-,국회도서관,-,-,-,제4유형,저작물,보호저작물,○,상업적이용금지,○,○,○,○,○,○,X,-,-,-,-
,2623,영상,기록,국회도서관,국회기록보존소,HOME > 기록정보 콘텐츠 > 구술기록,20. 국회도서관에 대한 당부 ,-,2016~2023,1,미부착,제4유형,무,-,20. 국회도서관에 대한 당부 ,-,영상,영상,-,정치,한국어,-,2016~2023,-,국회도서관,-,-,-,제4유형,저작물,보호저작물,○,상업적이용금지,○,○,○,○,○,○,X,-,-,-,-
,2624,영상,기록,국회도서관,국회기록보존소,HOME > 기록정보 콘텐츠 > 구술기록,21. 면담 소개 및 독도지킴이 역할 회고 ,-,2016~2023,1,미부착,제4유형,무,-,21. 면담 소개 및 독도지킴이 역할 회고 ,-,영상,영상,-,정치,한국어,-,2016~2023,-,국회도서관,-,-,-,제4유형,저작물,보호저작물,○,상업적이용금지,○,○,○,○,○,○,X,-,-,-,-
,2625,영상,기록,국회도서관,국회기록보존소,HOME > 기록정보 콘텐츠 > 구술기록,22. 정치철학 및 입법 활동 ,-,2016~2023,1,미부착,제4유형,무,-,22. 정치철학 및 입법 활동 ,-,영상,영상,-,정치,한국어,-,2016~2023,-,국회도서관,-,-,-,제4유형,저작물,보호저작물,○,상업적이용금지,○,○,○,○,○,○,X,-,-,-,-
,2626,영상,기록,국회도서관,국회기록보존소,HOME > 기록정보 콘텐츠 > 구술기록,2. 성장 과정 및 학창 시절 ,-,2016~2023,1,미부착,제4유형,무,-,2. 성장 과정 및 학창 시절 ,-,영상,영상,-,정치,한국어,-,2016~2023,-,국회도서관,-,-,-,제4유형,저작물,보호저작물,○,상업적이용금지,○,○,○,○,○,○,X,-,-,-,-
,2627,영상,기록,국회도서관,국회기록보존소,HOME > 기록정보 콘텐츠 > 구술기록,제13대 총선거 공천배경,-,2016~2023,1,미부착,제4유형,무,-,제13대 총선거 공천배경,-,영상,영상,-,정치,한국어,-,2016~2023,-,국회도서관,-,-,-,제4유형,저작물,보호저작물,○,상업적이용금지,○,○,○,○,○,○,X,-,-,-,-
,2628,영상,기록,국회도서관,국회기록보존소,HOME > 기록정보 콘텐츠 > 구술기록,제13대 총선과정과 낙선,-,2016~2023,1,미부착,제4유형,무,-,제13대 총선과정과 낙선,-,영상,영상,-,정치,한국어,-,2016~2023,-,국회도서관,-,-,-,제4유형,저작물,보호저작물,○,상업적이용금지,○,○,○,○,○,○,X,-,-,-,-
,2629,영상,기록,국회도서관,국회기록보존소,HOME > 기록정보 콘텐츠 > 구술기록,제14대 국회의원 당선과 정치개혁모임,-,2016~2023,1,미부착,제4유형,무,-,제14대 국회의원 당선과 정치개혁모임,-,영상,영상,-,정치,한국어,-,2016~2023,-,국회도서관,-,-,-,제4유형,저작물,보호저작물,○,상업적이용금지,○,○,○,○,○,○,X,-,-,-,-
,2630,영상,기록,국회도서관,국회기록보존소,HOME > 기록정보 콘텐츠 > 구술기록,1987년 개헌에 참여했던 경험,-,2016~2023,1,미부착,제4유형,무,-,1987년 개헌에 참여했던 경험,-,영상,영상,-,정치,한국어,-,2016~2023,-,국회도서관,-,-,-,제4유형,저작물,보호저작물,○,상업적이용금지,○,○,○,○,○,○,X,-,-,-,-
,2631,영상,기록,국회도서관,국회기록보존소,HOME > 기록정보 콘텐츠 > 구술기록,시작멘트,-,2016~2023,1,미부착,제4유형,무,-,시작멘트,-,영상,영상,-,정치,한국어,-,2016~2023,-,국회도서관,-,-,-,제4유형,저작물,보호저작물,○,상업적이용금지,○,○,○,○,○,○,X,-,-,-,-
,2632,영상,기록,국회도서관,국회기록보존소,HOME > 기록정보 콘텐츠 > 구술기록,제14대 국회의원 상임위활동과 새정치국민회의 탄생,-,2016~2023,1,미부착,제4유형,무,-,제14대 국회의원 상임위활동과 새정치국민회의 탄생,-,영상,영상,-,정치,한국어,-,2016~2023,-,국회도서관,-,-,-,제4유형,저작물,보호저작물,○,상업적이용금지,○,○,○,○,○,○,X,-,-,-,-
,2633,영상,기록,국회도서관,국회기록보존소,HOME > 기록정보 콘텐츠 > 구술기록,제15대 대통령선거 시기 명함사건,-,2016~2023,1,미부착,제4유형,무,-,제15대 대통령선거 시기 명함사건,-,영상,영상,-,정치,한국어,-,2016~2023,-,국회도서관,-,-,-,제4유형,저작물,보호저작물,○,상업적이용금지,○,○,○,○,○,○,X,-,-,-,-
,2634,영상,기록,국회도서관,국회기록보존소,HOME > 기록정보 콘텐츠 > 구술기록,제15대 국회 상임위 활동,-,2016~2023,1,미부착,제4유형,무,-,제15대 국회 상임위 활동,-,영상,영상,-,정치,한국어,-,2016~2023,-,국회도서관,-,-,-,제4유형,저작물,보호저작물,○,상업적이용금지,○,○,○,○,○,○,X,-,-,-,-
,2635,영상,기록,국회도서관,국회기록보존소,HOME > 기록정보 콘텐츠 > 구술기록,제16대 총선 낙선과 원외 활동,-,2016~2023,1,미부착,제4유형,무,-,제16대 총선 낙선과 원외 활동,-,영상,영상,-,정치,한국어,-,2016~2023,-,국회도서관,-,-,-,제4유형,저작물,보호저작물,○,상업적이용금지,○,○,○,○,○,○,X,-,-,-,-
,2636,영상,기록,국회도서관,국회기록보존소,HOME > 기록정보 콘텐츠 > 구술기록,제16대 대통령선거 시기의 활동,-,2016~2023,1,미부착,제4유형,무,-,제16대 대통령선거 시기의 활동,-,영상,영상,-,정치,한국어,-,2016~2023,-,국회도서관,-,-,-,제4유형,저작물,보호저작물,○,상업적이용금지,○,○,○,○,○,○,X,-,-,-,-
,2637,영상,기록,국회도서관,국회기록보존소,HOME > 기록정보 콘텐츠 > 구술기록,제17대 국회 상임위원장 활동,-,2016~2023,1,미부착,제4유형,무,-,제17대 국회 상임위원장 활동,-,영상,영상,-,정치,한국어,-,2016~2023,-,국회도서관,-,-,-,제4유형,저작물,보호저작물,○,상업적이용금지,○,○,○,○,○,○,X,-,-,-,-
,2638,영상,기록,국회도서관,국회기록보존소,HOME > 기록정보 콘텐츠 > 구술기록,시작멘트,-,2016~2023,1,미부착,제4유형,무,-,시작멘트,-,영상,영상,-,정치,한국어,-,2016~2023,-,국회도서관,-,-,-,제4유형,저작물,보호저작물,○,상업적이용금지,○,○,○,○,○,○,X,-,-,-,-
,2639,영상,기록,국회도서관,국회기록보존소,HOME > 기록정보 콘텐츠 > 구술기록,시작멘트,-,2016~2023,1,미부착,제4유형,무,-,시작멘트,-,영상,영상,-,정치,한국어,-,2016~2023,-,국회도서관,-,-,-,제4유형,저작물,보호저작물,○,상업적이용금지,○,○,○,○,○,○,X,-,-,-,-
,2640,영상,기록,국회도서관,국회기록보존소,HOME > 기록정보 콘텐츠 > 구술기록,대선 정국에 대한 견해 및 봉주장학재단 소개,-,2016~2023,1,미부착,제4유형,무,-,대선 정국에 대한 견해 및 봉주장학재단 소개,-,영상,영상,-,정치,한국어,-,2016~2023,-,국회도서관,-,-,-,제4유형,저작물,보호저작물,○,상업적이용금지,○,○,○,○,○,○,X,-,-,-,-
,2641,영상,기록,국회도서관,국회기록보존소,HOME > 기록정보 콘텐츠 > 구술기록,학창시절,-,2016~2023,1,미부착,제4유형,무,-,학창시절,-,영상,영상,-,정치,한국어,-,2016~2023,-,국회도서관,-,-,-,제4유형,저작물,보호저작물,○,상업적이용금지,○,○,○,○,○,○,X,-,-,-,-
,2642,영상,기록,국회도서관,국회기록보존소,HOME > 기록정보 콘텐츠 > 구술기록,졸업 후 직장 생활,-,2016~2023,1,미부착,제4유형,무,-,졸업 후 직장 생활,-,영상,영상,-,정치,한국어,-,2016~2023,-,국회도서관,-,-,-,제4유형,저작물,보호저작물,○,상업적이용금지,○,○,○,○,○,○,X,-,-,-,-
,2643,영상,기록,국회도서관,국회기록보존소,HOME > 기록정보 콘텐츠 > 구술기록,민주화추진협의회 및 민주연합청년동지회 활동,-,2016~2023,1,미부착,제4유형,무,-,민주화추진협의회 및 민주연합청년동지회 활동,-,영상,영상,-,정치,한국어,-,2016~2023,-,국회도서관,-,-,-,제4유형,저작물,보호저작물,○,상업적이용금지,○,○,○,○,○,○,X,-,-,-,-
,2644,영상,기록,국회도서관,국회기록보존소,HOME > 기록정보 콘텐츠 > 구술기록,시작멘트,-,2016~2023,1,미부착,제4유형,무,-,시작멘트,-,영상,영상,-,정치,한국어,-,2016~2023,-,국회도서관,-,-,-,제4유형,저작물,보호저작물,○,상업적이용금지,○,○,○,○,○,○,X,-,-,-,-
,2645,영상,기록,국회도서관,국회기록보존소,HOME > 기록정보 콘텐츠 > 구술기록,1980년대 초반의 정치상황과 정계입문 과정,-,2016~2023,1,미부착,제4유형,무,-,1980년대 초반의 정치상황과 정계입문 과정,-,영상,영상,-,정치,한국어,-,2016~2023,-,국회도서관,-,-,-,제4유형,저작물,보호저작물,○,상업적이용금지,○,○,○,○,○,○,X,-,-,-,-
,2646,영상,기록,국회도서관,국회기록보존소,HOME > 기록정보 콘텐츠 > 구술기록,대학 교련반대운동과 강제 징집,-,2016~2023,1,미부착,제4유형,무,-,대학 교련반대운동과 강제 징집,-,영상,영상,-,정치,한국어,-,2016~2023,-,국회도서관,-,-,-,제4유형,저작물,보호저작물,○,상업적이용금지,○,○,○,○,○,○,X,-,-,-,-
,2647,영상,기록,국회도서관,국회기록보존소,HOME > 기록정보 콘텐츠 > 구술기록,군복무 시절,-,2016~2023,1,미부착,제4유형,무,-,군복무 시절,-,영상,영상,-,정치,한국어,-,2016~2023,-,국회도서관,-,-,-,제4유형,저작물,보호저작물,○,상업적이용금지,○,○,○,○,○,○,X,-,-,-,-
,2648,영상,기록,국회도서관,국회기록보존소,HOME > 기록정보 콘텐츠 > 구술기록,현대건설 재직 시절의 일화,-,2016~2023,1,미부착,제4유형,무,-,현대건설 재직 시절의 일화,-,영상,영상,-,정치,한국어,-,2016~2023,-,국회도서관,-,-,-,제4유형,저작물,보호저작물,○,상업적이용금지,○,○,○,○,○,○,X,-,-,-,-
,2649,영상,기록,국회도서관,국회기록보존소,HOME > 기록정보 콘텐츠 > 구술기록,민주화추진협의회 및 김대중 전 대통령 비서활동,-,2016~2023,1,미부착,제4유형,무,-,민주화추진협의회 및 김대중 전 대통령 비서활동,-,영상,영상,-,정치,한국어,-,2016~2023,-,국회도서관,-,-,-,제4유형,저작물,보호저작물,○,상업적이용금지,○,○,○,○,○,○,X,-,-,-,-
,2650,영상,기록,국회도서관,국회기록보존소,HOME > 기록정보 콘텐츠 > 구술기록,트럼프 정부와 북미 관계에 대한 견해,-,2016~2023,1,미부착,제4유형,무,-,트럼프 정부와 북미 관계에 대한 견해,-,영상,영상,-,정치,한국어,-,2016~2023,-,국회도서관,-,-,-,제4유형,저작물,보호저작물,○,상업적이용금지,○,○,○,○,○,○,X,-,-,-,-
,2651,영상,기록,국회도서관,국회기록보존소,HOME > 기록정보 콘텐츠 > 구술기록,제18대 국회 시기 정권에 의한 정치탄압,-,2016~2023,1,미부착,제4유형,무,-,제18대 국회 시기 정권에 의한 정치탄압,-,영상,영상,-,정치,한국어,-,2016~2023,-,국회도서관,-,-,-,제4유형,저작물,보호저작물,○,상업적이용금지,○,○,○,○,○,○,X,-,-,-,-
,2652,영상,기록,국회도서관,국회기록보존소,HOME > 기록정보 콘텐츠 > 구술기록,제19대 국회 후반기 부의장 재임 시 주요활동,-,2016~2023,1,미부착,제4유형,무,-,제19대 국회 후반기 부의장 재임 시 주요활동,-,영상,영상,-,정치,한국어,-,2016~2023,-,국회도서관,-,-,-,제4유형,저작물,보호저작물,○,상업적이용금지,○,○,○,○,○,○,X,-,-,-,-
,2653,영상,기록,국회도서관,국회기록보존소,HOME > 기록정보 콘텐츠 > 구술기록,테러방지법 통과저지를 위한 야당의 필리버스터,-,2016~2023,1,미부착,제4유형,무,-,테러방지법 통과저지를 위한 야당의 필리버스터,-,영상,영상,-,정치,한국어,-,2016~2023,-,국회도서관,-,-,-,제4유형,저작물,보호저작물,○,상업적이용금지,○,○,○,○,○,○,X,-,-,-,-
,2654,영상,기록,국회도서관,국회기록보존소,HOME > 기록정보 콘텐츠 > 구술기록,국회선진화법 및 입법지원제도에 대한 견해,-,2016~2023,1,미부착,제4유형,무,-,국회선진화법 및 입법지원제도에 대한 견해,-,영상,영상,-,정치,한국어,-,2016~2023,-,국회도서관,-,-,-,제4유형,저작물,보호저작물,○,상업적이용금지,○,○,○,○,○,○,X,-,-,-,-
,2655,영상,기록,국회도서관,국회기록보존소,HOME > 기록정보 콘텐츠 > 구술기록,제19대 대통령 선거 시 활동 및 향후 계획,-,2016~2023,1,미부착,제4유형,무,-,제19대 대통령 선거 시 활동 및 향후 계획,-,영상,영상,-,정치,한국어,-,2016~2023,-,국회도서관,-,-,-,제4유형,저작물,보호저작물,○,상업적이용금지,○,○,○,○,○,○,X,-,-,-,-
,2656,영상,기록,국회도서관,국회기록보존소,HOME > 기록정보 콘텐츠 > 구술기록,김대중 대통령에 대한 기억,-,2016~2023,1,미부착,제4유형,무,-,김대중 대통령에 대한 기억,-,영상,영상,-,정치,한국어,-,2016~2023,-,국회도서관,-,-,-,제4유형,저작물,보호저작물,○,상업적이용금지,○,○,○,○,○,○,X,-,-,-,-
,2657,영상,기록,국회도서관,국회기록보존소,HOME > 기록정보 콘텐츠 > 구술기록,동북아평화협력 의원외교단의 방미 성과,-,2016~2023,1,미부착,제4유형,무,-,동북아평화협력 의원외교단의 방미 성과,-,영상,영상,-,정치,한국어,-,2016~2023,-,국회도서관,-,-,-,제4유형,저작물,보호저작물,○,상업적이용금지,○,○,○,○,○,○,X,-,-,-,-
,2658,영상,기록,국회도서관,국회기록보존소,HOME > 기록정보 콘텐츠 > 구술기록,초선의원 시절 국회 및 국내 정치 상황,-,2016~2023,1,미부착,제4유형,무,-,초선의원 시절 국회 및 국내 정치 상황,-,영상,영상,-,정치,한국어,-,2016~2023,-,국회도서관,-,-,-,제4유형,저작물,보호저작물,○,상업적이용금지,○,○,○,○,○,○,X,-,-,-,-
,2659,영상,기록,국회도서관,국회기록보존소,HOME > 기록정보 콘텐츠 > 구술기록,제9대 국회의원 선거에서 첫 당선,-,2016~2023,1,미부착,제4유형,무,-,제9대 국회의원 선거에서 첫 당선,-,영상,영상,-,정치,한국어,-,2016~2023,-,국회도서관,-,-,-,제4유형,저작물,보호저작물,○,상업적이용금지,○,○,○,○,○,○,X,-,-,-,-
,2660,영상,기록,국회도서관,국회기록보존소,HOME > 기록정보 콘텐츠 > 구술기록,시작멘트,-,2016~2023,1,미부착,제4유형,무,-,시작멘트,-,영상,영상,-,정치,한국어,-,2016~2023,-,국회도서관,-,-,-,제4유형,저작물,보호저작물,○,상업적이용금지,○,○,○,○,○,○,X,-,-,-,-
,2661,영상,기록,국회도서관,국회기록보존소,HOME > 기록정보 콘텐츠 > 구술기록,정치규제와 정치활동 재개,-,2016~2023,1,미부착,제4유형,무,-,정치규제와 정치활동 재개,-,영상,영상,-,정치,한국어,-,2016~2023,-,국회도서관,-,-,-,제4유형,저작물,보호저작물,○,상업적이용금지,○,○,○,○,○,○,X,-,-,-,-
,2662,영상,기록,국회도서관,국회기록보존소,HOME > 기록정보 콘텐츠 > 구술기록,지역구 변동과 낙선,-,2016~2023,1,미부착,제4유형,무,-,지역구 변동과 낙선,-,영상,영상,-,정치,한국어,-,2016~2023,-,국회도서관,-,-,-,제4유형,저작물,보호저작물,○,상업적이용금지,○,○,○,○,○,○,X,-,-,-,-
,2663,영상,기록,국회도서관,국회기록보존소,HOME > 기록정보 콘텐츠 > 구술기록,김대중 대통령과의 불화,-,2016~2023,1,미부착,제4유형,무,-,김대중 대통령과의 불화,-,영상,영상,-,정치,한국어,-,2016~2023,-,국회도서관,-,-,-,제4유형,저작물,보호저작물,○,상업적이용금지,○,○,○,○,○,○,X,-,-,-,-
,2664,영상,기록,국회도서관,국회기록보존소,HOME > 기록정보 콘텐츠 > 구술기록,참여정부와 열린우리당,-,2016~2023,1,미부착,제4유형,무,-,참여정부와 열린우리당,-,영상,영상,-,정치,한국어,-,2016~2023,-,국회도서관,-,-,-,제4유형,저작물,보호저작물,○,상업적이용금지,○,○,○,○,○,○,X,-,-,-,-
,2665,영상,기록,국회도서관,국회기록보존소,HOME > 기록정보 콘텐츠 > 구술기록,국회부의장 재임 시 활동,-,2016~2023,1,미부착,제4유형,무,-,국회부의장 재임 시 활동,-,영상,영상,-,정치,한국어,-,2016~2023,-,국회도서관,-,-,-,제4유형,저작물,보호저작물,○,상업적이용금지,○,○,○,○,○,○,X,-,-,-,-
,2666,영상,기록,국회도서관,국회기록보존소,HOME > 기록정보 콘텐츠 > 구술기록,정치활동에 대한 자평 및 마무리 발언,-,2016~2023,1,미부착,제4유형,무,-,정치활동에 대한 자평 및 마무리 발언,-,영상,영상,-,정치,한국어,-,2016~2023,-,국회도서관,-,-,-,제4유형,저작물,보호저작물,○,상업적이용금지,○,○,○,○,○,○,X,-,-,-,-
,2667,영상,기록,국회도서관,국회기록보존소,HOME > 기록정보 콘텐츠 > 구술기록,최근 근황,-,2016~2023,1,미부착,제4유형,무,-,최근 근황,-,영상,영상,-,정치,한국어,-,2016~2023,-,국회도서관,-,-,-,제4유형,저작물,보호저작물,○,상업적이용금지,○,○,○,○,○,○,X,-,-,-,-
,2668,영상,기록,국회도서관,국회기록보존소,HOME > 기록정보 콘텐츠 > 구술기록,성장과정,-,2016~2023,1,미부착,제4유형,무,-,성장과정,-,영상,영상,-,정치,한국어,-,2016~2023,-,국회도서관,-,-,-,제4유형,저작물,보호저작물,○,상업적이용금지,○,○,○,○,○,○,X,-,-,-,-
,2669,영상,기록,국회도서관,국회기록보존소,HOME > 기록정보 콘텐츠 > 구술기록,한국전쟁 참전,-,2016~2023,1,미부착,제4유형,무,-,한국전쟁 참전,-,영상,영상,-,정치,한국어,-,2016~2023,-,국회도서관,-,-,-,제4유형,저작물,보호저작물,○,상업적이용금지,○,○,○,○,○,○,X,-,-,-,-
,2670,영상,기록,국회도서관,국회기록보존소,HOME > 기록정보 콘텐츠 > 구술기록,정계입문과 제5대 민의원 선거 과정,-,2016~2023,1,미부착,제4유형,무,-,정계입문과 제5대 민의원 선거 과정,-,영상,영상,-,정치,한국어,-,2016~2023,-,국회도서관,-,-,-,제4유형,저작물,보호저작물,○,상업적이용금지,○,○,○,○,○,○,X,-,-,-,-
,2671,영상,기록,국회도서관,국회기록보존소,HOME > 기록정보 콘텐츠 > 구술기록,도의원 활동의 배경,-,2016~2023,1,미부착,제4유형,무,-,도의원 활동의 배경,-,영상,영상,-,정치,한국어,-,2016~2023,-,국회도서관,-,-,-,제4유형,저작물,보호저작물,○,상업적이용금지,○,○,○,○,○,○,X,-,-,-,-
,2672,영상,기록,국회도서관,국회기록보존소,HOME > 기록정보 콘텐츠 > 구술기록,김대중 전 대통령과의 인연,-,2016~2023,1,미부착,제4유형,무,-,김대중 전 대통령과의 인연,-,영상,영상,-,정치,한국어,-,2016~2023,-,국회도서관,-,-,-,제4유형,저작물,보호저작물,○,상업적이용금지,○,○,○,○,○,○,X,-,-,-,-
,2673,영상,기록,국회도서관,국회기록보존소,HOME > 기록정보 콘텐츠 > 구술기록,육인수 의원과 경쟁구도,-,2016~2023,1,미부착,제4유형,무,-,육인수 의원과 경쟁구도,-,영상,영상,-,정치,한국어,-,2016~2023,-,국회도서관,-,-,-,제4유형,저작물,보호저작물,○,상업적이용금지,○,○,○,○,○,○,X,-,-,-,-
,2674,영상,기록,국회도서관,국회기록보존소,HOME > 기록정보 콘텐츠 > 구술기록,제10대 국회시기의 정치적 격변,-,2016~2023,1,미부착,제4유형,무,-,제10대 국회시기의 정치적 격변,-,영상,영상,-,정치,한국어,-,2016~2023,-,국회도서관,-,-,-,제4유형,저작물,보호저작물,○,상업적이용금지,○,○,○,○,○,○,X,-,-,-,-
,2675,영상,기록,국회도서관,국회기록보존소,HOME > 기록정보 콘텐츠 > 구술기록,제17대 상임위원회 활동,-,2016~2023,1,미부착,제4유형,무,-,제17대 상임위원회 활동,-,영상,영상,-,정치,한국어,-,2016~2023,-,국회도서관,-,-,-,제4유형,저작물,보호저작물,○,상업적이용금지,○,○,○,○,○,○,X,-,-,-,-
,2676,영상,기록,국회도서관,국회기록보존소,HOME > 기록정보 콘텐츠 > 구술기록,제17대 국회의원 당선과 활동,-,2016~2023,1,미부착,제4유형,무,-,제17대 국회의원 당선과 활동,-,영상,영상,-,정치,한국어,-,2016~2023,-,국회도서관,-,-,-,제4유형,저작물,보호저작물,○,상업적이용금지,○,○,○,○,○,○,X,-,-,-,-
,2677,영상,기록,국회도서관,국회기록보존소,HOME > 기록정보 콘텐츠 > 구술기록,제18대 국회 전반기 부의장 재임 시기,-,2016~2023,1,미부착,제4유형,무,-,제18대 국회 전반기 부의장 재임 시기,-,영상,영상,-,정치,한국어,-,2016~2023,-,국회도서관,-,-,-,제4유형,저작물,보호저작물,○,상업적이용금지,○,○,○,○,○,○,X,-,-,-,-
,2678,영상,기록,국회도서관,국회기록보존소,HOME > 기록정보 콘텐츠 > 구술기록,제18대 국회 후반기의 활동,-,2016~2023,1,미부착,제4유형,무,-,제18대 국회 후반기의 활동,-,영상,영상,-,정치,한국어,-,2016~2023,-,국회도서관,-,-,-,제4유형,저작물,보호저작물,○,상업적이용금지,○,○,○,○,○,○,X,-,-,-,-
,2679,영상,기록,국회도서관,국회기록보존소,HOME > 기록정보 콘텐츠 > 구술기록,제19대 국회의원선거 출마와 그 이후 활동,-,2016~2023,1,미부착,제4유형,무,-,제19대 국회의원선거 출마와 그 이후 활동,-,영상,영상,-,정치,한국어,-,2016~2023,-,국회도서관,-,-,-,제4유형,저작물,보호저작물,○,상업적이용금지,○,○,○,○,○,○,X,-,-,-,-
,2680,영상,기록,국회도서관,국회기록보존소,HOME > 기록정보 콘텐츠 > 구술기록,제18대 국회 전반기 부의장 당선,-,2016~2023,1,미부착,제4유형,무,-,제18대 국회 전반기 부의장 당선,-,영상,영상,-,정치,한국어,-,2016~2023,-,국회도서관,-,-,-,제4유형,저작물,보호저작물,○,상업적이용금지,○,○,○,○,○,○,X,-,-,-,-
,2681,영상,기록,국회도서관,국회기록보존소,HOME > 기록정보 콘텐츠 > 구술기록,최근 근황,-,2016~2023,1,미부착,제4유형,무,-,최근 근황,-,영상,영상,-,정치,한국어,-,2016~2023,-,국회도서관,-,-,-,제4유형,저작물,보호저작물,○,상업적이용금지,○,○,○,○,○,○,X,-,-,-,-
,2682,영상,기록,국회도서관,국회기록보존소,HOME > 기록정보 콘텐츠 > 구술기록,출생과 학창시절,-,2016~2023,1,미부착,제4유형,무,-,출생과 학창시절,-,영상,영상,-,정치,한국어,-,2016~2023,-,국회도서관,-,-,-,제4유형,저작물,보호저작물,○,상업적이용금지,○,○,○,○,○,○,X,-,-,-,-
,2683,영상,기록,국회도서관,국회기록보존소,HOME > 기록정보 콘텐츠 > 구술기록,군복무 시절과 방송국 생활,-,2016~2023,1,미부착,제4유형,무,-,군복무 시절과 방송국 생활,-,영상,영상,-,정치,한국어,-,2016~2023,-,국회도서관,-,-,-,제4유형,저작물,보호저작물,○,상업적이용금지,○,○,○,○,○,○,X,-,-,-,-
,2684,영상,기록,국회도서관,국회기록보존소,HOME > 기록정보 콘텐츠 > 구술기록,정계 입문 배경과 제15대 국회의원 당선,-,2016~2023,1,미부착,제4유형,무,-,정계 입문 배경과 제15대 국회의원 당선,-,영상,영상,-,정치,한국어,-,2016~2023,-,국회도서관,-,-,-,제4유형,저작물,보호저작물,○,상업적이용금지,○,○,○,○,○,○,X,-,-,-,-
,2685,영상,기록,국회도서관,국회기록보존소,HOME > 기록정보 콘텐츠 > 구술기록,"제15대 국회 내무위원회, 예결산특별위원회 활동의 경위",-,2016~2023,1,미부착,제4유형,무,-,"제15대 국회 내무위원회, 예결산특별위원회 활동의 경위",-,영상,영상,-,정치,한국어,-,2016~2023,-,국회도서관,-,-,-,제4유형,저작물,보호저작물,○,상업적이용금지,○,○,○,○,○,○,X,-,-,-,-
,2686,영상,기록,국회도서관,국회기록보존소,HOME > 기록정보 콘텐츠 > 구술기록,"제15대 국회 내무위원회, 예결산특별위원회 활동의 경위",-,2016~2023,1,미부착,제4유형,무,-,"제15대 국회 내무위원회, 예결산특별위원회 활동의 경위",-,영상,영상,-,정치,한국어,-,2016~2023,-,국회도서관,-,-,-,제4유형,저작물,보호저작물,○,상업적이용금지,○,○,○,○,○,○,X,-,-,-,-
,2687,영상,기록,국회도서관,국회기록보존소,HOME > 기록정보 콘텐츠 > 구술기록,제15·16대 대통령선거 시기 이회창 후보 지원활동,-,2016~2023,1,미부착,제4유형,무,-,제15·16대 대통령선거 시기 이회창 후보 지원활동,-,영상,영상,-,정치,한국어,-,2016~2023,-,국회도서관,-,-,-,제4유형,저작물,보호저작물,○,상업적이용금지,○,○,○,○,○,○,X,-,-,-,-
,2688,영상,기록,국회도서관,국회기록보존소,HOME > 기록정보 콘텐츠 > 구술기록,행정자치위원회 간사 시기 활동과 언론정책 비판활동,-,2016~2023,1,미부착,제4유형,무,-,행정자치위원회 간사 시기 활동과 언론정책 비판활동,-,영상,영상,-,정치,한국어,-,2016~2023,-,국회도서관,-,-,-,제4유형,저작물,보호저작물,○,상업적이용금지,○,○,○,○,○,○,X,-,-,-,-
,2689,영상,기록,국회도서관,국회기록보존소,HOME > 기록정보 콘텐츠 > 구술기록,지역구 민원의 특징과 제16대 국회의원 당선,-,2016~2023,1,미부착,제4유형,무,-,지역구 민원의 특징과 제16대 국회의원 당선,-,영상,영상,-,정치,한국어,-,2016~2023,-,국회도서관,-,-,-,제4유형,저작물,보호저작물,○,상업적이용금지,○,○,○,○,○,○,X,-,-,-,-
,2690,영상,기록,국회도서관,국회기록보존소,HOME > 기록정보 콘텐츠 > 구술기록,제16대 국회 상임위원회 활동 등,-,2016~2023,1,미부착,제4유형,무,-,제16대 국회 상임위원회 활동 등,-,영상,영상,-,정치,한국어,-,2016~2023,-,국회도서관,-,-,-,제4유형,저작물,보호저작물,○,상업적이용금지,○,○,○,○,○,○,X,-,-,-,-
,2691,영상,기록,국회도서관,국회기록보존소,HOME > 기록정보 콘텐츠 > 구술기록,"노무현 대통령 재임 시기 이창동 문화부 장관, 송두율 교수, 행정수도 이전 등과 관련하여 취한 입장들",-,2016~2023,1,미부착,제4유형,무,-,"노무현 대통령 재임 시기 이창동 문화부 장관, 송두율 교수, 행정수도 이전 등과 관련하여 취한 입장들",-,영상,영상,-,정치,한국어,-,2016~2023,-,국회도서관,-,-,-,제4유형,저작물,보호저작물,○,상업적이용금지,○,○,○,○,○,○,X,-,-,-,-
,2692,영상,기록,국회도서관,국회기록보존소,HOME > 기록정보 콘텐츠 > 구술기록,시작멘트,-,2016~2023,1,미부착,제4유형,무,-,시작멘트,-,영상,영상,-,정치,한국어,-,2016~2023,-,국회도서관,-,-,-,제4유형,저작물,보호저작물,○,상업적이용금지,○,○,○,○,○,○,X,-,-,-,-
,2693,영상,기록,국회도서관,국회기록보존소,HOME > 기록정보 콘텐츠 > 구술기록,제17대 대통령선거 후보자 경선,-,2016~2023,1,미부착,제4유형,무,-,제17대 대통령선거 후보자 경선,-,영상,영상,-,정치,한국어,-,2016~2023,-,국회도서관,-,-,-,제4유형,저작물,보호저작물,○,상업적이용금지,○,○,○,○,○,○,X,-,-,-,-
,2694,영상,기록,국회도서관,국회기록보존소,HOME > 기록정보 콘텐츠 > 구술기록,제16대 대통령 선거 후보 경선 패배의 이유,-,2016~2023,1,미부착,제4유형,무,-,제16대 대통령 선거 후보 경선 패배의 이유,-,영상,영상,-,정치,한국어,-,2016~2023,-,국회도서관,-,-,-,제4유형,저작물,보호저작물,○,상업적이용금지,○,○,○,○,○,○,X,-,-,-,-
,2695,영상,기록,국회도서관,국회기록보존소,HOME > 기록정보 콘텐츠 > 구술기록,"제16대 국회의원 당선과 당내 최고위원 경선, 디제이피연,합 개헌의 필요성 ",-,2016~2023,1,미부착,제4유형,무,-,"제16대 국회의원 당선과 당내 최고위원 경선, 디제이피연,합 개헌의 필요성 ",-,영상,영상,-,정치,한국어,-,2016~2023,-,국회도서관,-,-,-,제4유형,저작물,보호저작물,○,상업적이용금지,○,○,○,○,○,○,X,-,-,-,-
,2696,영상,기록,국회도서관,국회기록보존소,HOME > 기록정보 콘텐츠 > 구술기록,보수우파 재건과 정치 혁신의 길,-,2016~2023,1,미부착,제4유형,무,-,보수우파 재건과 정치 혁신의 길,-,영상,영상,-,정치,한국어,-,2016~2023,-,국회도서관,-,-,-,제4유형,저작물,보호저작물,○,상업적이용금지,○,○,○,○,○,○,X,-,-,-,-
,2697,영상,기록,국회도서관,국회기록보존소,HOME > 기록정보 콘텐츠 > 구술기록,"새정치국민회의 입당과 중도개혁주의, 전국정당화를 위한 노력",-,2016~2023,1,미부착,제4유형,무,-,"새정치국민회의 입당과 중도개혁주의, 전국정당화를 위한 노력",-,영상,영상,-,정치,한국어,-,2016~2023,-,국회도서관,-,-,-,제4유형,저작물,보호저작물,○,상업적이용금지,○,○,○,○,○,○,X,-,-,-,-
,2698,영상,기록,국회도서관,국회기록보존소,HOME > 기록정보 콘텐츠 > 구술기록,시작멘트,-,2016~2023,1,미부착,제4유형,무,-,시작멘트,-,영상,영상,-,정치,한국어,-,2016~2023,-,국회도서관,-,-,-,제4유형,저작물,보호저작물,○,상업적이용금지,○,○,○,○,○,○,X,-,-,-,-
,2699,영상,기록,국회도서관,국회기록보존소,HOME > 기록정보 콘텐츠 > 구술기록,최근 근황,-,2016~2023,1,미부착,제4유형,무,-,최근 근황,-,영상,영상,-,정치,한국어,-,2016~2023,-,국회도서관,-,-,-,제4유형,저작물,보호저작물,○,상업적이용금지,○,○,○,○,○,○,X,-,-,-,-
,2700,영상,기록,국회도서관,국회기록보존소,HOME > 기록정보 콘텐츠 > 구술기록,유년기와 청소년기,-,2016~2023,1,미부착,제4유형,무,-,유년기와 청소년기,-,영상,영상,-,정치,한국어,-,2016~2023,-,국회도서관,-,-,-,제4유형,저작물,보호저작물,○,상업적이용금지,○,○,○,○,○,○,X,-,-,-,-
,2701,영상,기록,국회도서관,국회기록보존소,HOME > 기록정보 콘텐츠 > 구술기록,대학생 시절과 사법고시 합격,-,2016~2023,1,미부착,제4유형,무,-,대학생 시절과 사법고시 합격,-,영상,영상,-,정치,한국어,-,2016~2023,-,국회도서관,-,-,-,제4유형,저작물,보호저작물,○,상업적이용금지,○,○,○,○,○,○,X,-,-,-,-
,2702,영상,기록,국회도서관,국회기록보존소,HOME > 기록정보 콘텐츠 > 구술기록,판사 및 변호사 활동 시기,-,2016~2023,1,미부착,제4유형,무,-,판사 및 변호사 활동 시기,-,영상,영상,-,정치,한국어,-,2016~2023,-,국회도서관,-,-,-,제4유형,저작물,보호저작물,○,상업적이용금지,○,○,○,○,○,○,X,-,-,-,-
,2703,영상,기록,국회도서관,국회기록보존소,HOME > 기록정보 콘텐츠 > 구술기록,정계 입문과 제13대 국회의원 당선 ,-,2016~2023,1,미부착,제4유형,무,-,정계 입문과 제13대 국회의원 당선 ,-,영상,영상,-,정치,한국어,-,2016~2023,-,국회도서관,-,-,-,제4유형,저작물,보호저작물,○,상업적이용금지,○,○,○,○,○,○,X,-,-,-,-
,2704,영상,기록,국회도서관,국회기록보존소,HOME > 기록정보 콘텐츠 > 구술기록,"제13대 국회 노동위원회 활동 경위와 방향, 원진레이온사태 관련 일화 ",-,2016~2023,1,미부착,제4유형,무,-,"제13대 국회 노동위원회 활동 경위와 방향, 원진레이온사태 관련 일화 ",-,영상,영상,-,정치,한국어,-,2016~2023,-,국회도서관,-,-,-,제4유형,저작물,보호저작물,○,상업적이용금지,○,○,○,○,○,○,X,-,-,-,-
,2705,영상,기록,국회도서관,국회기록보존소,HOME > 기록정보 콘텐츠 > 구술기록,노동부 장관 재직 중 많은 노동관계법을 제·개정,-,2016~2023,1,미부착,제4유형,무,-,노동부 장관 재직 중 많은 노동관계법을 제·개정,-,영상,영상,-,정치,한국어,-,2016~2023,-,국회도서관,-,-,-,제4유형,저작물,보호저작물,○,상업적이용금지,○,○,○,○,○,○,X,-,-,-,-
,2706,영상,기록,국회도서관,국회기록보존소,HOME > 기록정보 콘텐츠 > 구술기록, 노태우 대통령 중간평가 문제와 3당 합당 과정,-,2016~2023,1,미부착,제4유형,무,-, 노태우 대통령 중간평가 문제와 3당 합당 과정,-,영상,영상,-,정치,한국어,-,2016~2023,-,국회도서관,-,-,-,제4유형,저작물,보호저작물,○,상업적이용금지,○,○,○,○,○,○,X,-,-,-,-
,2707,영상,기록,국회도서관,국회기록보존소,HOME > 기록정보 콘텐츠 > 구술기록,1989년도 연이은 방북 사건들의 정황과 성격,-,2016~2023,1,미부착,제4유형,무,-,1989년도 연이은 방북 사건들의 정황과 성격,-,영상,영상,-,정치,한국어,-,2016~2023,-,국회도서관,-,-,-,제4유형,저작물,보호저작물,○,상업적이용금지,○,○,○,○,○,○,X,-,-,-,-
,2708,영상,기록,국회도서관,국회기록보존소,HOME > 기록정보 콘텐츠 > 구술기록,제13대 국회의원 시기 노동위원회 및 당대변인 활동과 3당 합당 관련 일화들,-,2016~2023,1,미부착,제4유형,무,-,제13대 국회의원 시기 노동위원회 및 당대변인 활동과 3당 합당 관련 일화들,-,영상,영상,-,정치,한국어,-,2016~2023,-,국회도서관,-,-,-,제4유형,저작물,보호저작물,○,상업적이용금지,○,○,○,○,○,○,X,-,-,-,-
,2709,영상,기록,국회도서관,국회기록보존소,HOME > 기록정보 콘텐츠 > 구술기록,제14대 국회의원 당선과 법사위원회 활동,-,2016~2023,1,미부착,제4유형,무,-,제14대 국회의원 당선과 법사위원회 활동,-,영상,영상,-,정치,한국어,-,2016~2023,-,국회도서관,-,-,-,제4유형,저작물,보호저작물,○,상업적이용금지,○,○,○,○,○,○,X,-,-,-,-
,2710,영상,기록,국회도서관,국회기록보존소,HOME > 기록정보 콘텐츠 > 구술기록,제13대 국회 청문회 정국과 그 성과,-,2016~2023,1,미부착,제4유형,무,-,제13대 국회 청문회 정국과 그 성과,-,영상,영상,-,정치,한국어,-,2016~2023,-,국회도서관,-,-,-,제4유형,저작물,보호저작물,○,상업적이용금지,○,○,○,○,○,○,X,-,-,-,-
,2711,영상,기록,국회도서관,국회기록보존소,HOME > 기록정보 콘텐츠 > 구술기록,노동부 장관 임명 배경과 재직 중 주요 정책,-,2016~2023,1,미부착,제4유형,무,-,노동부 장관 임명 배경과 재직 중 주요 정책,-,영상,영상,-,정치,한국어,-,2016~2023,-,국회도서관,-,-,-,제4유형,저작물,보호저작물,○,상업적이용금지,○,○,○,○,○,○,X,-,-,-,-
,2712,영상,기록,국회도서관,국회기록보존소,HOME > 기록정보 콘텐츠 > 구술기록,민선 초대 경기도 도지사 당선,-,2016~2023,1,미부착,제4유형,무,-,민선 초대 경기도 도지사 당선,-,영상,영상,-,정치,한국어,-,2016~2023,-,국회도서관,-,-,-,제4유형,저작물,보호저작물,○,상업적이용금지,○,○,○,○,○,○,X,-,-,-,-
,2713,영상,기록,국회도서관,국회기록보존소,HOME > 기록정보 콘텐츠 > 구술기록,제15대 대통령 선거 출마의 과정과 결과,-,2016~2023,1,미부착,제4유형,무,-,제15대 대통령 선거 출마의 과정과 결과,-,영상,영상,-,정치,한국어,-,2016~2023,-,국회도서관,-,-,-,제4유형,저작물,보호저작물,○,상업적이용금지,○,○,○,○,○,○,X,-,-,-,-
,2714,영상,기록,국회도서관,국회기록보존소,HOME > 기록정보 콘텐츠 > 구술기록,국민의 정부 이후 남북한관계 관련 정책에 대한 이해와 평가 ,-,2016~2023,1,미부착,제4유형,무,-,국민의 정부 이후 남북한관계 관련 정책에 대한 이해와 평가 ,-,영상,영상,-,정치,한국어,-,2016~2023,-,국회도서관,-,-,-,제4유형,저작물,보호저작물,○,상업적이용금지,○,○,○,○,○,○,X,-,-,-,-
,2715,영상,기록,국회도서관,국회기록보존소,HOME > 기록정보 콘텐츠 > 구술기록,2002년 자유민주연합으로 간 이유와 이후 정치활동,-,2016~2023,1,미부착,제4유형,무,-,2002년 자유민주연합으로 간 이유와 이후 정치활동,-,영상,영상,-,정치,한국어,-,2016~2023,-,국회도서관,-,-,-,제4유형,저작물,보호저작물,○,상업적이용금지,○,○,○,○,○,○,X,-,-,-,-
,2716,영상,기록,국회도서관,국회기록보존소,HOME > 기록정보 콘텐츠 > 구술기록,10. 15대 국회의원 활동,-,2016~2023,1,미부착,제4유형,무,-,10. 15대 국회의원 활동,-,영상,영상,-,정치,한국어,-,2016~2023,-,국회도서관,-,-,-,제4유형,저작물,보호저작물,○,상업적이용금지,○,○,○,○,○,○,X,-,-,-,-
,2717,영상,기록,국회도서관,국회기록보존소,HOME > 기록정보 콘텐츠 > 구술기록,9. 민중당 시절 회고 및 문민정부 출범 이후 활동,-,2016~2023,1,미부착,제4유형,무,-,9. 민중당 시절 회고 및 문민정부 출범 이후 활동,-,영상,영상,-,정치,한국어,-,2016~2023,-,국회도서관,-,-,-,제4유형,저작물,보호저작물,○,상업적이용금지,○,○,○,○,○,○,X,-,-,-,-
,2718,영상,기록,국회도서관,국회기록보존소,HOME > 기록정보 콘텐츠 > 구술기록,12. 17대 국회의원 활동 ,-,2016~2023,1,미부착,제4유형,무,-,12. 17대 국회의원 활동 ,-,영상,영상,-,정치,한국어,-,2016~2023,-,국회도서관,-,-,-,제4유형,저작물,보호저작물,○,상업적이용금지,○,○,○,○,○,○,X,-,-,-,-
,2719,영상,기록,국회도서관,국회기록보존소,HOME > 기록정보 콘텐츠 > 구술기록,13. 17대 국회의원 활동(계속) ,-,2016~2023,1,미부착,제4유형,무,-,13. 17대 국회의원 활동(계속) ,-,영상,영상,-,정치,한국어,-,2016~2023,-,국회도서관,-,-,-,제4유형,저작물,보호저작물,○,상업적이용금지,○,○,○,○,○,○,X,-,-,-,-
,2720,영상,기록,국회도서관,국회기록보존소,HOME > 기록정보 콘텐츠 > 구술기록,14. 18대 국회의원 총선거와 미국 연수 회고 ,-,2016~2023,1,미부착,제4유형,무,-,14. 18대 국회의원 총선거와 미국 연수 회고 ,-,영상,영상,-,정치,한국어,-,2016~2023,-,국회도서관,-,-,-,제4유형,저작물,보호저작물,○,상업적이용금지,○,○,○,○,○,○,X,-,-,-,-
,2721,영상,기록,국회도서관,국회기록보존소,HOME > 기록정보 콘텐츠 > 구술기록,15. 국민권익위원장 활동과 성과 ,-,2016~2023,1,미부착,제4유형,무,-,15. 국민권익위원장 활동과 성과 ,-,영상,영상,-,정치,한국어,-,2016~2023,-,국회도서관,-,-,-,제4유형,저작물,보호저작물,○,상업적이용금지,○,○,○,○,○,○,X,-,-,-,-
,2722,영상,기록,국회도서관,국회기록보존소,HOME > 기록정보 콘텐츠 > 구술기록,16. 18대 국회의원 보궐선거와 의원 활동,-,2016~2023,1,미부착,제4유형,무,-,16. 18대 국회의원 보궐선거와 의원 활동,-,영상,영상,-,정치,한국어,-,2016~2023,-,국회도서관,-,-,-,제4유형,저작물,보호저작물,○,상업적이용금지,○,○,○,○,○,○,X,-,-,-,-
,2723,영상,기록,국회도서관,국회기록보존소,HOME > 기록정보 콘텐츠 > 구술기록,17. 18대 국회의원 활동과 정치 철학 ,-,2016~2023,1,미부착,제4유형,무,-,17. 18대 국회의원 활동과 정치 철학 ,-,영상,영상,-,정치,한국어,-,2016~2023,-,국회도서관,-,-,-,제4유형,저작물,보호저작물,○,상업적이용금지,○,○,○,○,○,○,X,-,-,-,-
,2724,영상,기록,국회도서관,국회기록보존소,HOME > 기록정보 콘텐츠 > 구술기록,18. 19대 국회의원 총선거와 의원 활동 ,-,2016~2023,1,미부착,제4유형,무,-,18. 19대 국회의원 총선거와 의원 활동 ,-,영상,영상,-,정치,한국어,-,2016~2023,-,국회도서관,-,-,-,제4유형,저작물,보호저작물,○,상업적이용금지,○,○,○,○,○,○,X,-,-,-,-
,2725,영상,기록,국회도서관,국회기록보존소,HOME > 기록정보 콘텐츠 > 구술기록,19. 늘푸른한국당 창당과 대선 출마 ,-,2016~2023,1,미부착,제4유형,무,-,19. 늘푸른한국당 창당과 대선 출마 ,-,영상,영상,-,정치,한국어,-,2016~2023,-,국회도서관,-,-,-,제4유형,저작물,보호저작물,○,상업적이용금지,○,○,○,○,○,○,X,-,-,-,-
,2726,영상,기록,국회도서관,국회기록보존소,HOME > 기록정보 콘텐츠 > 구술기록,20. 총평 및 당부 말씀 ,-,2016~2023,1,미부착,제4유형,무,-,20. 총평 및 당부 말씀 ,-,영상,영상,-,정치,한국어,-,2016~2023,-,국회도서관,-,-,-,제4유형,저작물,보호저작물,○,상업적이용금지,○,○,○,○,○,○,X,-,-,-,-
,2727,영상,기록,국회도서관,국회기록보존소,HOME > 기록정보 콘텐츠 > 구술기록,1.면담 소개 및 근황,-,2016~2023,1,미부착,제4유형,무,-,1.면담 소개 및 근황,-,영상,영상,-,정치,한국어,-,2016~2023,-,국회도서관,-,-,-,제4유형,저작물,보호저작물,○,상업적이용금지,○,○,○,○,○,○,X,-,-,-,-
,2728,영상,기록,국회도서관,국회기록보존소,HOME > 기록정보 콘텐츠 > 구술기록,2. 출생 및 성장 시절,-,2016~2023,1,미부착,제4유형,무,-,2. 출생 및 성장 시절,-,영상,영상,-,정치,한국어,-,2016~2023,-,국회도서관,-,-,-,제4유형,저작물,보호저작물,○,상업적이용금지,○,○,○,○,○,○,X,-,-,-,-
,2729,영상,기록,국회도서관,국회기록보존소,HOME > 기록정보 콘텐츠 > 구술기록,3. 초중고 학창시절에 대한 회고,-,2016~2023,1,미부착,제4유형,무,-,3. 초중고 학창시절에 대한 회고,-,영상,영상,-,정치,한국어,-,2016~2023,-,국회도서관,-,-,-,제4유형,저작물,보호저작물,○,상업적이용금지,○,○,○,○,○,○,X,-,-,-,-
,2730,영상,기록,국회도서관,국회기록보존소,HOME > 기록정보 콘텐츠 > 구술기록,"4. 성장시절 꿈, 대학지원 동기와 과정 ",-,2016~2023,1,미부착,제4유형,무,-,"4. 성장시절 꿈, 대학지원 동기와 과정 ",-,영상,영상,-,정치,한국어,-,2016~2023,-,국회도서관,-,-,-,제4유형,저작물,보호저작물,○,상업적이용금지,○,○,○,○,○,○,X,-,-,-,-
,2731,영상,기록,국회도서관,국회기록보존소,HOME > 기록정보 콘텐츠 > 구술기록,5. 대학과 군복무 시절,-,2016~2023,1,미부착,제4유형,무,-,5. 대학과 군복무 시절,-,영상,영상,-,정치,한국어,-,2016~2023,-,국회도서관,-,-,-,제4유형,저작물,보호저작물,○,상업적이용금지,○,○,○,○,○,○,X,-,-,-,-
,2732,영상,기록,국회도서관,국회기록보존소,HOME > 기록정보 콘텐츠 > 구술기록,6. 민주화운동과 다섯 번의 투옥 ,-,2016~2023,1,미부착,제4유형,무,-,6. 민주화운동과 다섯 번의 투옥 ,-,영상,영상,-,정치,한국어,-,2016~2023,-,국회도서관,-,-,-,제4유형,저작물,보호저작물,○,상업적이용금지,○,○,○,○,○,○,X,-,-,-,-
,2733,영상,기록,국회도서관,국회기록보존소,HOME > 기록정보 콘텐츠 > 구술기록,7. 결혼과 가족,-,2016~2023,1,미부착,제4유형,무,-,7. 결혼과 가족,-,영상,영상,-,정치,한국어,-,2016~2023,-,국회도서관,-,-,-,제4유형,저작물,보호저작물,○,상업적이용금지,○,○,○,○,○,○,X,-,-,-,-
,2734,영상,기록,국회도서관,국회기록보존소,HOME > 기록정보 콘텐츠 > 구술기록,8. 1980년대 민주화운동과 재야 3인방 ,-,2016~2023,1,미부착,제4유형,무,-,8. 1980년대 민주화운동과 재야 3인방 ,-,영상,영상,-,정치,한국어,-,2016~2023,-,국회도서관,-,-,-,제4유형,저작물,보호저작물,○,상업적이용금지,○,○,○,○,○,○,X,-,-,-,-
,2735,영상,기록,국회도서관,국회기록보존소,HOME > 기록정보 콘텐츠 > 구술기록,11. 16대 국회위원 활동 ,-,2016~2023,1,미부착,제4유형,무,-,11. 16대 국회위원 활동 ,-,영상,영상,-,정치,한국어,-,2016~2023,-,국회도서관,-,-,-,제4유형,저작물,보호저작물,○,상업적이용금지,○,○,○,○,○,○,X,-,-,-,-
,2736,영상,기록,국회도서관,국회기록보존소,HOME > 기록정보 콘텐츠 > 구술기록,최근 동정과 임시정부기념관 건립위원장 활동,-,2016~2023,1,미부착,제4유형,무,-,최근 동정과 임시정부기념관 건립위원장 활동,-,영상,영상,-,정치,한국어,-,2016~2023,-,국회도서관,-,-,-,제4유형,저작물,보호저작물,○,상업적이용금지,○,○,○,○,○,○,X,-,-,-,-
,2737,영상,기록,국회도서관,국회기록보존소,HOME > 기록정보 콘텐츠 > 구술기록,중앙정보부 재직 시기 해외근무와 정보기관 개혁의 필요성,-,2016~2023,1,미부착,제4유형,무,-,중앙정보부 재직 시기 해외근무와 정보기관 개혁의 필요성,-,영상,영상,-,정치,한국어,-,2016~2023,-,국회도서관,-,-,-,제4유형,저작물,보호저작물,○,상업적이용금지,○,○,○,○,○,○,X,-,-,-,-
,2738,영상,기록,국회도서관,국회기록보존소,HOME > 기록정보 콘텐츠 > 구술기록,5.16에 대한 회고와 평가,-,2016~2023,1,미부착,제4유형,무,-,5.16에 대한 회고와 평가,-,영상,영상,-,정치,한국어,-,2016~2023,-,국회도서관,-,-,-,제4유형,저작물,보호저작물,○,상업적이용금지,○,○,○,○,○,○,X,-,-,-,-
,2739,영상,기록,국회도서관,국회기록보존소,HOME > 기록정보 콘텐츠 > 구술기록,유원식 장군 부관 생활과 통화개혁,-,2016~2023,1,미부착,제4유형,무,-,유원식 장군 부관 생활과 통화개혁,-,영상,영상,-,정치,한국어,-,2016~2023,-,국회도서관,-,-,-,제4유형,저작물,보호저작물,○,상업적이용금지,○,○,○,○,○,○,X,-,-,-,-
,2740,영상,기록,국회도서관,국회기록보존소,HOME > 기록정보 콘텐츠 > 구술기록,중앙정보부 지원의 경위와 직무 내역,-,2016~2023,1,미부착,제4유형,무,-,중앙정보부 지원의 경위와 직무 내역,-,영상,영상,-,정치,한국어,-,2016~2023,-,국회도서관,-,-,-,제4유형,저작물,보호저작물,○,상업적이용금지,○,○,○,○,○,○,X,-,-,-,-
,2741,영상,기록,국회도서관,국회기록보존소,HOME > 기록정보 콘텐츠 > 구술기록,베트남 주재 외교관 억류 사건,-,2016~2023,1,미부착,제4유형,무,-,베트남 주재 외교관 억류 사건,-,영상,영상,-,정치,한국어,-,2016~2023,-,국회도서관,-,-,-,제4유형,저작물,보호저작물,○,상업적이용금지,○,○,○,○,○,○,X,-,-,-,-
,2742,영상,기록,국회도서관,국회기록보존소,HOME > 기록정보 콘텐츠 > 구술기록,민주정의당 창당 작업,-,2016~2023,1,미부착,제4유형,무,-,민주정의당 창당 작업,-,영상,영상,-,정치,한국어,-,2016~2023,-,국회도서관,-,-,-,제4유형,저작물,보호저작물,○,상업적이용금지,○,○,○,○,○,○,X,-,-,-,-
,2743,영상,기록,국회도서관,국회기록보존소,HOME > 기록정보 콘텐츠 > 구술기록,10.26사건 및 5.18광주민주화운동 회고,-,2016~2023,1,미부착,제4유형,무,-,10.26사건 및 5.18광주민주화운동 회고,-,영상,영상,-,정치,한국어,-,2016~2023,-,국회도서관,-,-,-,제4유형,저작물,보호저작물,○,상업적이용금지,○,○,○,○,○,○,X,-,-,-,-
,2744,영상,기록,국회도서관,국회기록보존소,HOME > 기록정보 콘텐츠 > 구술기록,제11대 국회의원 선거,-,2016~2023,1,미부착,제4유형,무,-,제11대 국회의원 선거,-,영상,영상,-,정치,한국어,-,2016~2023,-,국회도서관,-,-,-,제4유형,저작물,보호저작물,○,상업적이용금지,○,○,○,○,○,○,X,-,-,-,-
,2745,영상,기록,국회도서관,국회기록보존소,HOME > 기록정보 콘텐츠 > 구술기록,국가정보기관 개혁의 방향,-,2016~2023,1,미부착,제4유형,무,-,국가정보기관 개혁의 방향,-,영상,영상,-,정치,한국어,-,2016~2023,-,국회도서관,-,-,-,제4유형,저작물,보호저작물,○,상업적이용금지,○,○,○,○,○,○,X,-,-,-,-
,2746,영상,기록,국회도서관,국회기록보존소,HOME > 기록정보 콘텐츠 > 구술기록,민주정의당 원내총무 시기 활동,-,2016~2023,1,미부착,제4유형,무,-,민주정의당 원내총무 시기 활동,-,영상,영상,-,정치,한국어,-,2016~2023,-,국회도서관,-,-,-,제4유형,저작물,보호저작물,○,상업적이용금지,○,○,○,○,○,○,X,-,-,-,-
,2747,영상,기록,국회도서관,국회기록보존소,HOME > 기록정보 콘텐츠 > 구술기록,이철희·장영자 사건,-,2016~2023,1,미부착,제4유형,무,-,이철희·장영자 사건,-,영상,영상,-,정치,한국어,-,2016~2023,-,국회도서관,-,-,-,제4유형,저작물,보호저작물,○,상업적이용금지,○,○,○,○,○,○,X,-,-,-,-
,2748,영상,기록,국회도서관,국회기록보존소,HOME > 기록정보 콘텐츠 > 구술기록,제12대 국회 선거와 개원 협상,-,2016~2023,1,미부착,제4유형,무,-,제12대 국회 선거와 개원 협상,-,영상,영상,-,정치,한국어,-,2016~2023,-,국회도서관,-,-,-,제4유형,저작물,보호저작물,○,상업적이용금지,○,○,○,○,○,○,X,-,-,-,-
,2749,영상,기록,국회도서관,국회기록보존소,HOME > 기록정보 콘텐츠 > 구술기록,1987년 호헌/개헌 정국,-,2016~2023,1,미부착,제4유형,무,-,1987년 호헌/개헌 정국,-,영상,영상,-,정치,한국어,-,2016~2023,-,국회도서관,-,-,-,제4유형,저작물,보호저작물,○,상업적이용금지,○,○,○,○,○,○,X,-,-,-,-
,2750,영상,기록,국회도서관,국회기록보존소,HOME > 기록정보 콘텐츠 > 구술기록,학원안정법파동,-,2016~2023,1,미부착,제4유형,무,-,학원안정법파동,-,영상,영상,-,정치,한국어,-,2016~2023,-,국회도서관,-,-,-,제4유형,저작물,보호저작물,○,상업적이용금지,○,○,○,○,○,○,X,-,-,-,-
,2751,영상,기록,국회도서관,국회기록보존소,HOME > 기록정보 콘텐츠 > 구술기록,민주정의당 소신파 의원들의 입지와 1987년 정세,-,2016~2023,1,미부착,제4유형,무,-,민주정의당 소신파 의원들의 입지와 1987년 정세,-,영상,영상,-,정치,한국어,-,2016~2023,-,국회도서관,-,-,-,제4유형,저작물,보호저작물,○,상업적이용금지,○,○,○,○,○,○,X,-,-,-,-
,2752,영상,기록,국회도서관,국회기록보존소,HOME > 기록정보 콘텐츠 > 구술기록,민주정의당과 제5공화국 정부의 정치이념,-,2016~2023,1,미부착,제4유형,무,-,민주정의당과 제5공화국 정부의 정치이념,-,영상,영상,-,정치,한국어,-,2016~2023,-,국회도서관,-,-,-,제4유형,저작물,보호저작물,○,상업적이용금지,○,○,○,○,○,○,X,-,-,-,-
,2753,영상,기록,국회도서관,국회기록보존소,HOME > 기록정보 콘텐츠 > 구술기록,제13대 대통령 선거 당시의 활동과 일화,-,2016~2023,1,미부착,제4유형,무,-,제13대 대통령 선거 당시의 활동과 일화,-,영상,영상,-,정치,한국어,-,2016~2023,-,국회도서관,-,-,-,제4유형,저작물,보호저작물,○,상업적이용금지,○,○,○,○,○,○,X,-,-,-,-
,2754,영상,기록,국회도서관,국회기록보존소,HOME > 기록정보 콘텐츠 > 구술기록,1987년 개정헌법의 정부 법통 문안의 의미와 중요성,-,2016~2023,1,미부착,제4유형,무,-,1987년 개정헌법의 정부 법통 문안의 의미와 중요성,-,영상,영상,-,정치,한국어,-,2016~2023,-,국회도서관,-,-,-,제4유형,저작물,보호저작물,○,상업적이용금지,○,○,○,○,○,○,X,-,-,-,-
,2755,영상,기록,국회도서관,국회기록보존소,HOME > 기록정보 콘텐츠 > 구술기록,소선거구제 시행과 그 문제점,-,2016~2023,1,미부착,제4유형,무,-,소선거구제 시행과 그 문제점,-,영상,영상,-,정치,한국어,-,2016~2023,-,국회도서관,-,-,-,제4유형,저작물,보호저작물,○,상업적이용금지,○,○,○,○,○,○,X,-,-,-,-
,2756,영상,기록,국회도서관,국회기록보존소,HOME > 기록정보 콘텐츠 > 구술기록,시작멘트,-,2016~2023,1,미부착,제4유형,무,-,시작멘트,-,영상,영상,-,정치,한국어,-,2016~2023,-,국회도서관,-,-,-,제4유형,저작물,보호저작물,○,상업적이용금지,○,○,○,○,○,○,X,-,-,-,-
,2757,영상,기록,국회도서관,국회기록보존소,HOME > 기록정보 콘텐츠 > 구술기록,제11대 국회의원 당선의 요인과 민주정의당 활동의 의미,-,2016~2023,1,미부착,제4유형,무,-,제11대 국회의원 당선의 요인과 민주정의당 활동의 의미,-,영상,영상,-,정치,한국어,-,2016~2023,-,국회도서관,-,-,-,제4유형,저작물,보호저작물,○,상업적이용금지,○,○,○,○,○,○,X,-,-,-,-
,2758,영상,기록,국회도서관,국회기록보존소,HOME > 기록정보 콘텐츠 > 구술기록,시작멘트,-,2016~2023,1,미부착,제4유형,무,-,시작멘트,-,영상,영상,-,정치,한국어,-,2016~2023,-,국회도서관,-,-,-,제4유형,저작물,보호저작물,○,상업적이용금지,○,○,○,○,○,○,X,-,-,-,-
,2759,영상,기록,국회도서관,국회기록보존소,HOME > 기록정보 콘텐츠 > 구술기록,국가원로자문회의 및 아웅산 사태 관련 일화,-,2016~2023,1,미부착,제4유형,무,-,국가원로자문회의 및 아웅산 사태 관련 일화,-,영상,영상,-,정치,한국어,-,2016~2023,-,국회도서관,-,-,-,제4유형,저작물,보호저작물,○,상업적이용금지,○,○,○,○,○,○,X,-,-,-,-
,2760,영상,기록,국회도서관,국회기록보존소,HOME > 기록정보 콘텐츠 > 구술기록,시작멘트,-,2016~2023,1,미부착,제4유형,무,-,시작멘트,-,영상,영상,-,정치,한국어,-,2016~2023,-,국회도서관,-,-,-,제4유형,저작물,보호저작물,○,상업적이용금지,○,○,○,○,○,○,X,-,-,-,-
,2761,영상,기록,국회도서관,국회기록보존소,HOME > 기록정보 콘텐츠 > 구술기록,국회도서관법 발의의 배경과 현 국회도서관의 발전방향,-,2016~2023,1,미부착,제4유형,무,-,국회도서관법 발의의 배경과 현 국회도서관의 발전방향,-,영상,영상,-,정치,한국어,-,2016~2023,-,국회도서관,-,-,-,제4유형,저작물,보호저작물,○,상업적이용금지,○,○,○,○,○,○,X,-,-,-,-
,2762,영상,기록,국회도서관,국회기록보존소,HOME > 기록정보 콘텐츠 > 구술기록,김일성 주석 사망 및 관련 기록물 기증,-,2016~2023,1,미부착,제4유형,무,-,김일성 주석 사망 및 관련 기록물 기증,-,영상,영상,-,정치,한국어,-,2016~2023,-,국회도서관,-,-,-,제4유형,저작물,보호저작물,○,상업적이용금지,○,○,○,○,○,○,X,-,-,-,-
,2763,영상,기록,국회도서관,국회기록보존소,HOME > 기록정보 콘텐츠 > 구술기록,시작멘트,-,2016~2023,1,미부착,제4유형,무,-,시작멘트,-,영상,영상,-,정치,한국어,-,2016~2023,-,국회도서관,-,-,-,제4유형,저작물,보호저작물,○,상업적이용금지,○,○,○,○,○,○,X,-,-,-,-
,2764,영상,기록,국회도서관,국회기록보존소,HOME > 기록정보 콘텐츠 > 구술기록,대통령직 인수위원장 임명 시 상황,-,2016~2023,1,미부착,제4유형,무,-,대통령직 인수위원장 임명 시 상황,-,영상,영상,-,정치,한국어,-,2016~2023,-,국회도서관,-,-,-,제4유형,저작물,보호저작물,○,상업적이용금지,○,○,○,○,○,○,X,-,-,-,-
,2765,영상,기록,국회도서관,국회기록보존소,HOME > 기록정보 콘텐츠 > 구술기록,국가안전기획부 개혁,-,2016~2023,1,미부착,제4유형,무,-,국가안전기획부 개혁,-,영상,영상,-,정치,한국어,-,2016~2023,-,국회도서관,-,-,-,제4유형,저작물,보호저작물,○,상업적이용금지,○,○,○,○,○,○,X,-,-,-,-
,2766,영상,기록,국회도서관,국회기록보존소,HOME > 기록정보 콘텐츠 > 구술기록,이종찬 전 국회의원 구술채록,-,2016~2023,1,미부착,제4유형,무,-,이종찬 전 국회의원 구술채록,-,영상,영상,-,정치,한국어,-,2016~2023,-,국회도서관,-,-,-,제4유형,저작물,보호저작물,○,상업적이용금지,○,○,○,○,○,○,X,-,-,-,-
,2767,영상,기록,국회도서관,국회기록보존소,HOME > 기록정보 콘텐츠 > 구술기록,제13대 국회의원 당선과 정무장관 재임 시기,-,2016~2023,1,미부착,제4유형,무,-,제13대 국회의원 당선과 정무장관 재임 시기,-,영상,영상,-,정치,한국어,-,2016~2023,-,국회도서관,-,-,-,제4유형,저작물,보호저작물,○,상업적이용금지,○,○,○,○,○,○,X,-,-,-,-
,2768,영상,기록,국회도서관,국회기록보존소,HOME > 기록정보 콘텐츠 > 구술기록,1992년 정계개편 반대와 이후 정치적 입지,-,2016~2023,1,미부착,제4유형,무,-,1992년 정계개편 반대와 이후 정치적 입지,-,영상,영상,-,정치,한국어,-,2016~2023,-,국회도서관,-,-,-,제4유형,저작물,보호저작물,○,상업적이용금지,○,○,○,○,○,○,X,-,-,-,-
,2769,영상,기록,국회도서관,국회기록보존소,HOME > 기록정보 콘텐츠 > 구술기록,제14대 대통령 민주자유당 후보 경선,-,2016~2023,1,미부착,제4유형,무,-,제14대 대통령 민주자유당 후보 경선,-,영상,영상,-,정치,한국어,-,2016~2023,-,국회도서관,-,-,-,제4유형,저작물,보호저작물,○,상업적이용금지,○,○,○,○,○,○,X,-,-,-,-
,2770,영상,기록,국회도서관,국회기록보존소,HOME > 기록정보 콘텐츠 > 구술기록,대통령 후보 경선 거부와 새한국당 창당,-,2016~2023,1,미부착,제4유형,무,-,대통령 후보 경선 거부와 새한국당 창당,-,영상,영상,-,정치,한국어,-,2016~2023,-,국회도서관,-,-,-,제4유형,저작물,보호저작물,○,상업적이용금지,○,○,○,○,○,○,X,-,-,-,-
,2771,영상,기록,국회도서관,국회기록보존소,HOME > 기록정보 콘텐츠 > 구술기록,민주당 입당 과정,-,2016~2023,1,미부착,제4유형,무,-,민주당 입당 과정,-,영상,영상,-,정치,한국어,-,2016~2023,-,국회도서관,-,-,-,제4유형,저작물,보호저작물,○,상업적이용금지,○,○,○,○,○,○,X,-,-,-,-
,2772,영상,기록,국회도서관,국회기록보존소,HOME > 기록정보 콘텐츠 > 구술기록,김대중 전 대통령과의 교감 및 제15대 국회의원 선거,-,2016~2023,1,미부착,제4유형,무,-,김대중 전 대통령과의 교감 및 제15대 국회의원 선거,-,영상,영상,-,정치,한국어,-,2016~2023,-,국회도서관,-,-,-,제4유형,저작물,보호저작물,○,상업적이용금지,○,○,○,○,○,○,X,-,-,-,-
,2773,영상,기록,국회도서관,국회기록보존소,HOME > 기록정보 콘텐츠 > 구술기록,DJP연합 추진,-,2016~2023,1,미부착,제4유형,무,-,DJP연합 추진,-,영상,영상,-,정치,한국어,-,2016~2023,-,국회도서관,-,-,-,제4유형,저작물,보호저작물,○,상업적이용금지,○,○,○,○,○,○,X,-,-,-,-
,2774,영상,기록,국회도서관,국회기록보존소,HOME > 기록정보 콘텐츠 > 구술기록,IMF의 구제금융 조건,-,2016~2023,1,미부착,제4유형,무,-,IMF의 구제금융 조건,-,영상,영상,-,정치,한국어,-,2016~2023,-,국회도서관,-,-,-,제4유형,저작물,보호저작물,○,상업적이용금지,○,○,○,○,○,○,X,-,-,-,-
,2775,영상,기록,국회도서관,국회기록보존소,HOME > 기록정보 콘텐츠 > 구술기록,제15대 대통령 선거 승리와 감회,-,2016~2023,1,미부착,제4유형,무,-,제15대 대통령 선거 승리와 감회,-,영상,영상,-,정치,한국어,-,2016~2023,-,국회도서관,-,-,-,제4유형,저작물,보호저작물,○,상업적이용금지,○,○,○,○,○,○,X,-,-,-,-
,2776,영상,기록,국회도서관,국회기록보존소,HOME > 기록정보 콘텐츠 > 구술기록,대통령직 인수위원장 활동 시기의 일화들,-,2016~2023,1,미부착,제4유형,무,-,대통령직 인수위원장 활동 시기의 일화들,-,영상,영상,-,정치,한국어,-,2016~2023,-,국회도서관,-,-,-,제4유형,저작물,보호저작물,○,상업적이용금지,○,○,○,○,○,○,X,-,-,-,-
,2777,영상,기록,국회도서관,국회기록보존소,HOME > 기록정보 콘텐츠 > 구술기록,언론문건유출사건의 실체 및 정계 은퇴,-,2016~2023,1,미부착,제4유형,무,-,언론문건유출사건의 실체 및 정계 은퇴,-,영상,영상,-,정치,한국어,-,2016~2023,-,국회도서관,-,-,-,제4유형,저작물,보호저작물,○,상업적이용금지,○,○,○,○,○,○,X,-,-,-,-
,2778,영상,기록,국회도서관,국회기록보존소,HOME > 기록정보 콘텐츠 > 구술기록,정치인으로서의 자평,-,2016~2023,1,미부착,제4유형,무,-,정치인으로서의 자평,-,영상,영상,-,정치,한국어,-,2016~2023,-,국회도서관,-,-,-,제4유형,저작물,보호저작물,○,상업적이용금지,○,○,○,○,○,○,X,-,-,-,-
,2779,영상,기록,국회도서관,국회기록보존소,HOME > 기록정보 콘텐츠 > 구술기록,시작멘트,-,2016~2023,1,미부착,제4유형,무,-,시작멘트,-,영상,영상,-,정치,한국어,-,2016~2023,-,국회도서관,-,-,-,제4유형,저작물,보호저작물,○,상업적이용금지,○,○,○,○,○,○,X,-,-,-,-
,2780,영상,기록,국회도서관,국회기록보존소,HOME > 기록정보 콘텐츠 > 구술기록,육군사관학교 입학 경위와 생도 생활,-,2016~2023,1,미부착,제4유형,무,-,육군사관학교 입학 경위와 생도 생활,-,영상,영상,-,정치,한국어,-,2016~2023,-,국회도서관,-,-,-,제4유형,저작물,보호저작물,○,상업적이용금지,○,○,○,○,○,○,X,-,-,-,-
,2781,영상,기록,국회도서관,국회기록보존소,HOME > 기록정보 콘텐츠 > 구술기록,해방 후 입국의 기억과 생활 형편,-,2016~2023,1,미부착,제4유형,무,-,해방 후 입국의 기억과 생활 형편,-,영상,영상,-,정치,한국어,-,2016~2023,-,국회도서관,-,-,-,제4유형,저작물,보호저작물,○,상업적이용금지,○,○,○,○,○,○,X,-,-,-,-
,2782,영상,기록,국회도서관,국회기록보존소,HOME > 기록정보 콘텐츠 > 구술기록,제16대 국회 초선의원으로서 주요 의정활동,-,2016~2023,1,미부착,제4유형,무,-,제16대 국회 초선의원으로서 주요 의정활동,-,영상,영상,-,정치,한국어,-,2016~2023,-,국회도서관,-,-,-,제4유형,저작물,보호저작물,○,상업적이용금지,○,○,○,○,○,○,X,-,-,-,-
,2783,영상,기록,국회도서관,국회기록보존소,HOME > 기록정보 콘텐츠 > 구술기록,정계 입문 배경과 과정,-,2016~2023,1,미부착,제4유형,무,-,정계 입문 배경과 과정,-,영상,영상,-,정치,한국어,-,2016~2023,-,국회도서관,-,-,-,제4유형,저작물,보호저작물,○,상업적이용금지,○,○,○,○,○,○,X,-,-,-,-
,2784,영상,기록,국회도서관,국회기록보존소,HOME > 기록정보 콘텐츠 > 구술기록,시작멘트,-,2016~2023,1,미부착,제4유형,무,-,시작멘트,-,영상,영상,-,정치,한국어,-,2016~2023,-,국회도서관,-,-,-,제4유형,저작물,보호저작물,○,상업적이용금지,○,○,○,○,○,○,X,-,-,-,-
,2785,영상,기록,국회도서관,국회기록보존소,HOME > 기록정보 콘텐츠 > 구술기록,최근 근황,-,2016~2023,1,미부착,제4유형,무,-,최근 근황,-,영상,영상,-,정치,한국어,-,2016~2023,-,국회도서관,-,-,-,제4유형,저작물,보호저작물,○,상업적이용금지,○,○,○,○,○,○,X,-,-,-,-
,2786,영상,기록,국회도서관,국회기록보존소,HOME > 기록정보 콘텐츠 > 구술기록,고향과 부모님에 대한 추억,-,2016~2023,1,미부착,제4유형,무,-,고향과 부모님에 대한 추억,-,영상,영상,-,정치,한국어,-,2016~2023,-,국회도서관,-,-,-,제4유형,저작물,보호저작물,○,상업적이용금지,○,○,○,○,○,○,X,-,-,-,-
,2787,영상,기록,국회도서관,국회기록보존소,HOME > 기록정보 콘텐츠 > 구술기록,학창시절,-,2016~2023,1,미부착,제4유형,무,-,학창시절,-,영상,영상,-,정치,한국어,-,2016~2023,-,국회도서관,-,-,-,제4유형,저작물,보호저작물,○,상업적이용금지,○,○,○,○,○,○,X,-,-,-,-
,2788,영상,기록,국회도서관,국회기록보존소,HOME > 기록정보 콘텐츠 > 구술기록,서울대 법학과 입학,-,2016~2023,1,미부착,제4유형,무,-,서울대 법학과 입학,-,영상,영상,-,정치,한국어,-,2016~2023,-,국회도서관,-,-,-,제4유형,저작물,보호저작물,○,상업적이용금지,○,○,○,○,○,○,X,-,-,-,-
,2789,영상,기록,국회도서관,국회기록보존소,HOME > 기록정보 콘텐츠 > 구술기록,두 번째 정책위의장 취임,-,2016~2023,1,미부착,제4유형,무,-,두 번째 정책위의장 취임,-,영상,영상,-,정치,한국어,-,2016~2023,-,국회도서관,-,-,-,제4유형,저작물,보호저작물,○,상업적이용금지,○,○,○,○,○,○,X,-,-,-,-
,2790,영상,기록,국회도서관,국회기록보존소,HOME > 기록정보 콘텐츠 > 구술기록,국정농단 사건에 대한 소회,-,2016~2023,1,미부착,제4유형,무,-,국정농단 사건에 대한 소회,-,영상,영상,-,정치,한국어,-,2016~2023,-,국회도서관,-,-,-,제4유형,저작물,보호저작물,○,상업적이용금지,○,○,○,○,○,○,X,-,-,-,-
,2791,영상,기록,국회도서관,국회기록보존소,HOME > 기록정보 콘텐츠 > 구술기록,정당혁신을 위한 활동,-,2016~2023,1,미부착,제4유형,무,-,정당혁신을 위한 활동,-,영상,영상,-,정치,한국어,-,2016~2023,-,국회도서관,-,-,-,제4유형,저작물,보호저작물,○,상업적이용금지,○,○,○,○,○,○,X,-,-,-,-
,2792,영상,기록,국회도서관,국회기록보존소,HOME > 기록정보 콘텐츠 > 구술기록,시작멘트,-,2016~2023,1,미부착,제4유형,무,-,시작멘트,-,영상,영상,-,정치,한국어,-,2016~2023,-,국회도서관,-,-,-,제4유형,저작물,보호저작물,○,상업적이용금지,○,○,○,○,○,○,X,-,-,-,-
,2793,영상,기록,국회도서관,국회기록보존소,HOME > 기록정보 콘텐츠 > 구술기록,여의도연구원 원장 취임 및 정당 씽크탱크의 역할,-,2016~2023,1,미부착,제4유형,무,-,여의도연구원 원장 취임 및 정당 씽크탱크의 역할,-,영상,영상,-,정치,한국어,-,2016~2023,-,국회도서관,-,-,-,제4유형,저작물,보호저작물,○,상업적이용금지,○,○,○,○,○,○,X,-,-,-,-
,2794,영상,기록,국회도서관,국회기록보존소,HOME > 기록정보 콘텐츠 > 구술기록,해양수산부 장관 취임 및 세월호 참사,-,2016~2023,1,미부착,제4유형,무,-,해양수산부 장관 취임 및 세월호 참사,-,영상,영상,-,정치,한국어,-,2016~2023,-,국회도서관,-,-,-,제4유형,저작물,보호저작물,○,상업적이용금지,○,○,○,○,○,○,X,-,-,-,-
,2795,영상,기록,국회도서관,국회기록보존소,HOME > 기록정보 콘텐츠 > 구술기록,국회 동북아역사왜곡대책특별위원회 위원장,-,2016~2023,1,미부착,제4유형,무,-,국회 동북아역사왜곡대책특별위원회 위원장,-,영상,영상,-,정치,한국어,-,2016~2023,-,국회도서관,-,-,-,제4유형,저작물,보호저작물,○,상업적이용금지,○,○,○,○,○,○,X,-,-,-,-
,2796,영상,기록,국회도서관,국회기록보존소,HOME > 기록정보 콘텐츠 > 구술기록,당내 계파형성의 폐해,-,2016~2023,1,미부착,제4유형,무,-,당내 계파형성의 폐해,-,영상,영상,-,정치,한국어,-,2016~2023,-,국회도서관,-,-,-,제4유형,저작물,보호저작물,○,상업적이용금지,○,○,○,○,○,○,X,-,-,-,-
,2797,영상,기록,국회도서관,국회기록보존소,HOME > 기록정보 콘텐츠 > 구술기록,제20대 후반기 국회부의장 활동,-,2016~2023,1,미부착,제4유형,무,-,제20대 후반기 국회부의장 활동,-,영상,영상,-,정치,한국어,-,2016~2023,-,국회도서관,-,-,-,제4유형,저작물,보호저작물,○,상업적이용금지,○,○,○,○,○,○,X,-,-,-,-
,2798,영상,기록,국회도서관,국회기록보존소,HOME > 기록정보 콘텐츠 > 구술기록,제21대 총선 불출마와 향후 정치활동 계획,-,2016~2023,1,미부착,제4유형,무,-,제21대 총선 불출마와 향후 정치활동 계획,-,영상,영상,-,정치,한국어,-,2016~2023,-,국회도서관,-,-,-,제4유형,저작물,보호저작물,○,상업적이용금지,○,○,○,○,○,○,X,-,-,-,-
,2799,영상,기록,국회도서관,국회기록보존소,HOME > 기록정보 콘텐츠 > 구술기록,국회도서관에 전하는 당부,-,2016~2023,1,미부착,제4유형,무,-,국회도서관에 전하는 당부,-,영상,영상,-,정치,한국어,-,2016~2023,-,국회도서관,-,-,-,제4유형,저작물,보호저작물,○,상업적이용금지,○,○,○,○,○,○,X,-,-,-,-
,2800,영상,기록,국회도서관,국회기록보존소,HOME > 기록정보 콘텐츠 > 구술기록,개인적인 일상의 단면,-,2016~2023,1,미부착,제4유형,무,-,개인적인 일상의 단면,-,영상,영상,-,정치,한국어,-,2016~2023,-,국회도서관,-,-,-,제4유형,저작물,보호저작물,○,상업적이용금지,○,○,○,○,○,○,X,-,-,-,-
,2801,영상,기록,국회도서관,국회기록보존소,HOME > 기록정보 콘텐츠 > 구술기록,정당운영 및 국회운영의 개선점,-,2016~2023,1,미부착,제4유형,무,-,정당운영 및 국회운영의 개선점,-,영상,영상,-,정치,한국어,-,2016~2023,-,국회도서관,-,-,-,제4유형,저작물,보호저작물,○,상업적이용금지,○,○,○,○,○,○,X,-,-,-,-
,2802,영상,기록,국회도서관,국회기록보존소,HOME > 기록정보 콘텐츠 > 구술기록,정치활동에 대한 자평 및 정치발전을 위한 조언,-,2016~2023,1,미부착,제4유형,무,-,정치활동에 대한 자평 및 정치발전을 위한 조언,-,영상,영상,-,정치,한국어,-,2016~2023,-,국회도서관,-,-,-,제4유형,저작물,보호저작물,○,상업적이용금지,○,○,○,○,○,○,X,-,-,-,-
,2803,영상,기록,국회도서관,국회기록보존소,HOME > 기록정보 콘텐츠 > 구술기록,이주영 전 국회부의장 구술채록,-,2016~2023,1,미부착,제4유형,무,-,이주영 전 국회부의장 구술채록,-,영상,영상,-,정치,한국어,-,2016~2023,-,국회도서관,-,-,-,제4유형,저작물,보호저작물,○,상업적이용금지,○,○,○,○,○,○,X,-,-,-,-
,2804,영상,기록,국회도서관,국회기록보존소,HOME > 기록정보 콘텐츠 > 구술기록,제17대 총선 패배 후 보궐선거로 당선,-,2016~2023,1,미부착,제4유형,무,-,제17대 총선 패배 후 보궐선거로 당선,-,영상,영상,-,정치,한국어,-,2016~2023,-,국회도서관,-,-,-,제4유형,저작물,보호저작물,○,상업적이용금지,○,○,○,○,○,○,X,-,-,-,-
,2805,영상,기록,국회도서관,국회기록보존소,HOME > 기록정보 콘텐츠 > 구술기록,한나라당 정책위의장 및 제18대 국회 개헌추진활동,-,2016~2023,1,미부착,제4유형,무,-,한나라당 정책위의장 및 제18대 국회 개헌추진활동,-,영상,영상,-,정치,한국어,-,2016~2023,-,국회도서관,-,-,-,제4유형,저작물,보호저작물,○,상업적이용금지,○,○,○,○,○,○,X,-,-,-,-
,2806,영상,기록,국회도서관,국회기록보존소,HOME > 기록정보 콘텐츠 > 구술기록,제18대 국회 예결특위 및 사법제도개혁특위의 주요활동,-,2016~2023,1,미부착,제4유형,무,-,제18대 국회 예결특위 및 사법제도개혁특위의 주요활동,-,영상,영상,-,정치,한국어,-,2016~2023,-,국회도서관,-,-,-,제4유형,저작물,보호저작물,○,상업적이용금지,○,○,○,○,○,○,X,-,-,-,-
,2807,영상,기록,국회도서관,국회기록보존소,HOME > 기록정보 콘텐츠 > 구술기록,대학시절 정치상황과 사회참여 활동,-,2016~2023,1,미부착,제4유형,무,-,대학시절 정치상황과 사회참여 활동,-,영상,영상,-,정치,한국어,-,2016~2023,-,국회도서관,-,-,-,제4유형,저작물,보호저작물,○,상업적이용금지,○,○,○,○,○,○,X,-,-,-,-
,2808,영상,기록,국회도서관,국회기록보존소,HOME > 기록정보 콘텐츠 > 구술기록,법조계 입문 시기 정치상황,-,2016~2023,1,미부착,제4유형,무,-,법조계 입문 시기 정치상황,-,영상,영상,-,정치,한국어,-,2016~2023,-,국회도서관,-,-,-,제4유형,저작물,보호저작물,○,상업적이용금지,○,○,○,○,○,○,X,-,-,-,-
,2809,영상,기록,국회도서관,국회기록보존소,HOME > 기록정보 콘텐츠 > 구술기록,‘김보은 양 사건’ 판결,-,2016~2023,1,미부착,제4유형,무,-,‘김보은 양 사건’ 판결,-,영상,영상,-,정치,한국어,-,2016~2023,-,국회도서관,-,-,-,제4유형,저작물,보호저작물,○,상업적이용금지,○,○,○,○,○,○,X,-,-,-,-
,2810,영상,기록,국회도서관,국회기록보존소,HOME > 기록정보 콘텐츠 > 구술기록,특허재판 개혁,-,2016~2023,1,미부착,제4유형,무,-,특허재판 개혁,-,영상,영상,-,정치,한국어,-,2016~2023,-,국회도서관,-,-,-,제4유형,저작물,보호저작물,○,상업적이용금지,○,○,○,○,○,○,X,-,-,-,-
,2811,영상,기록,국회도서관,국회기록보존소,HOME > 기록정보 콘텐츠 > 구술기록,시작멘트,-,2016~2023,1,미부착,제4유형,무,-,시작멘트,-,영상,영상,-,정치,한국어,-,2016~2023,-,국회도서관,-,-,-,제4유형,저작물,보호저작물,○,상업적이용금지,○,○,○,○,○,○,X,-,-,-,-
,2812,영상,기록,국회도서관,국회기록보존소,HOME > 기록정보 콘텐츠 > 구술기록,남북관계에 대한 공부와 철학,-,2016~2023,1,미부착,제4유형,무,-,남북관계에 대한 공부와 철학,-,영상,영상,-,정치,한국어,-,2016~2023,-,국회도서관,-,-,-,제4유형,저작물,보호저작물,○,상업적이용금지,○,○,○,○,○,○,X,-,-,-,-
,2813,영상,기록,국회도서관,국회기록보존소,HOME > 기록정보 콘텐츠 > 구술기록,최규선 게이트와 안풍사건,-,2016~2023,1,미부착,제4유형,무,-,최규선 게이트와 안풍사건,-,영상,영상,-,정치,한국어,-,2016~2023,-,국회도서관,-,-,-,제4유형,저작물,보호저작물,○,상업적이용금지,○,○,○,○,○,○,X,-,-,-,-
,2814,영상,기록,국회도서관,국회기록보존소,HOME > 기록정보 콘텐츠 > 구술기록,제13대 국회 시기 의정활동,-,2016~2023,1,미부착,제4유형,무,-,제13대 국회 시기 의정활동,-,영상,영상,-,정치,한국어,-,2016~2023,-,국회도서관,-,-,-,제4유형,저작물,보호저작물,○,상업적이용금지,○,○,○,○,○,○,X,-,-,-,-
,2815,영상,기록,국회도서관,국회기록보존소,HOME > 기록정보 콘텐츠 > 구술기록,제14대 국회 시기 의정활동 ,-,2016~2023,1,미부착,제4유형,무,-,제14대 국회 시기 의정활동 ,-,영상,영상,-,정치,한국어,-,2016~2023,-,국회도서관,-,-,-,제4유형,저작물,보호저작물,○,상업적이용금지,○,○,○,○,○,○,X,-,-,-,-
,2816,영상,기록,국회도서관,국회기록보존소,HOME > 기록정보 콘텐츠 > 구술기록,새정치국민회의 불참과 제15대 국회의원선거 낙선 ,-,2016~2023,1,미부착,제4유형,무,-,새정치국민회의 불참과 제15대 국회의원선거 낙선 ,-,영상,영상,-,정치,한국어,-,2016~2023,-,국회도서관,-,-,-,제4유형,저작물,보호저작물,○,상업적이용금지,○,○,○,○,○,○,X,-,-,-,-
,2817,영상,기록,국회도서관,국회기록보존소,HOME > 기록정보 콘텐츠 > 구술기록,제15대 국회의원선거 이후의 활동,-,2016~2023,1,미부착,제4유형,무,-,제15대 국회의원선거 이후의 활동,-,영상,영상,-,정치,한국어,-,2016~2023,-,국회도서관,-,-,-,제4유형,저작물,보호저작물,○,상업적이용금지,○,○,○,○,○,○,X,-,-,-,-
,2818,영상,기록,국회도서관,국회기록보존소,HOME > 기록정보 콘텐츠 > 구술기록,제17대 국회의원선거 출마와 한국철도공사장 재직 시기,-,2016~2023,1,미부착,제4유형,무,-,제17대 국회의원선거 출마와 한국철도공사장 재직 시기,-,영상,영상,-,정치,한국어,-,2016~2023,-,국회도서관,-,-,-,제4유형,저작물,보호저작물,○,상업적이용금지,○,○,○,○,○,○,X,-,-,-,-
,2819,영상,기록,국회도서관,국회기록보존소,HOME > 기록정보 콘텐츠 > 구술기록,케이티엑스 여승무원 해고·복직 문제에 대한 생각,-,2016~2023,1,미부착,제4유형,무,-,케이티엑스 여승무원 해고·복직 문제에 대한 생각,-,영상,영상,-,정치,한국어,-,2016~2023,-,국회도서관,-,-,-,제4유형,저작물,보호저작물,○,상업적이용금지,○,○,○,○,○,○,X,-,-,-,-
,2820,영상,기록,국회도서관,국회기록보존소,HOME > 기록정보 콘텐츠 > 구술기록,시작멘트,-,2016~2023,1,미부착,제4유형,무,-,시작멘트,-,영상,영상,-,정치,한국어,-,2016~2023,-,국회도서관,-,-,-,제4유형,저작물,보호저작물,○,상업적이용금지,○,○,○,○,○,○,X,-,-,-,-
,2821,영상,기록,국회도서관,국회기록보존소,HOME > 기록정보 콘텐츠 > 구술기록,시작멘트,-,2016~2023,1,미부착,제4유형,무,-,시작멘트,-,영상,영상,-,정치,한국어,-,2016~2023,-,국회도서관,-,-,-,제4유형,저작물,보호저작물,○,상업적이용금지,○,○,○,○,○,○,X,-,-,-,-
,2822,영상,기록,국회도서관,국회기록보존소,HOME > 기록정보 콘텐츠 > 구술기록,최근 동정,-,2016~2023,1,미부착,제4유형,무,-,최근 동정,-,영상,영상,-,정치,한국어,-,2016~2023,-,국회도서관,-,-,-,제4유형,저작물,보호저작물,○,상업적이용금지,○,○,○,○,○,○,X,-,-,-,-
,2823,영상,기록,국회도서관,국회기록보존소,HOME > 기록정보 콘텐츠 > 구술기록,학생운동의 경위,-,2016~2023,1,미부착,제4유형,무,-,학생운동의 경위,-,영상,영상,-,정치,한국어,-,2016~2023,-,국회도서관,-,-,-,제4유형,저작물,보호저작물,○,상업적이용금지,○,○,○,○,○,○,X,-,-,-,-
,2824,영상,기록,국회도서관,국회기록보존소,HOME > 기록정보 콘텐츠 > 구술기록,민청학련사건과 인혁당사건,-,2016~2023,1,미부착,제4유형,무,-,민청학련사건과 인혁당사건,-,영상,영상,-,정치,한국어,-,2016~2023,-,국회도서관,-,-,-,제4유형,저작물,보호저작물,○,상업적이용금지,○,○,○,○,○,○,X,-,-,-,-
,2825,영상,기록,국회도서관,국회기록보존소,HOME > 기록정보 콘텐츠 > 구술기록,석방 이후 계속된 감시·통제,-,2016~2023,1,미부착,제4유형,무,-,석방 이후 계속된 감시·통제,-,영상,영상,-,정치,한국어,-,2016~2023,-,국회도서관,-,-,-,제4유형,저작물,보호저작물,○,상업적이용금지,○,○,○,○,○,○,X,-,-,-,-
,2826,영상,기록,국회도서관,국회기록보존소,HOME > 기록정보 콘텐츠 > 구술기록,석방 이후 경제적 어려움,-,2016~2023,1,미부착,제4유형,무,-,석방 이후 경제적 어려움,-,영상,영상,-,정치,한국어,-,2016~2023,-,국회도서관,-,-,-,제4유형,저작물,보호저작물,○,상업적이용금지,○,○,○,○,○,○,X,-,-,-,-
,2827,영상,기록,국회도서관,국회기록보존소,HOME > 기록정보 콘텐츠 > 구술기록,"직장생활과 복학, 구속",-,2016~2023,1,미부착,제4유형,무,-,"직장생활과 복학, 구속",-,영상,영상,-,정치,한국어,-,2016~2023,-,국회도서관,-,-,-,제4유형,저작물,보호저작물,○,상업적이용금지,○,○,○,○,○,○,X,-,-,-,-
,2828,영상,기록,국회도서관,국회기록보존소,HOME > 기록정보 콘텐츠 > 구술기록,정치 입문의 경위,-,2016~2023,1,미부착,제4유형,무,-,정치 입문의 경위,-,영상,영상,-,정치,한국어,-,2016~2023,-,국회도서관,-,-,-,제4유형,저작물,보호저작물,○,상업적이용금지,○,○,○,○,○,○,X,-,-,-,-
,2829,영상,기록,국회도서관,국회기록보존소,HOME > 기록정보 콘텐츠 > 구술기록,제12대 국회의원 성북구 선거 운동과 그 결과,-,2016~2023,1,미부착,제4유형,무,-,제12대 국회의원 성북구 선거 운동과 그 결과,-,영상,영상,-,정치,한국어,-,2016~2023,-,국회도서관,-,-,-,제4유형,저작물,보호저작물,○,상업적이용금지,○,○,○,○,○,○,X,-,-,-,-
,2830,영상,기록,국회도서관,국회기록보존소,HOME > 기록정보 콘텐츠 > 구술기록,"김승균, 김덕룡과의 인연",-,2016~2023,1,미부착,제4유형,무,-,"김승균, 김덕룡과의 인연",-,영상,영상,-,정치,한국어,-,2016~2023,-,국회도서관,-,-,-,제4유형,저작물,보호저작물,○,상업적이용금지,○,○,○,○,○,○,X,-,-,-,-
,2831,영상,기록,국회도서관,국회기록보존소,HOME > 기록정보 콘텐츠 > 구술기록,제12대 국회 의정활동,-,2016~2023,1,미부착,제4유형,무,-,제12대 국회 의정활동,-,영상,영상,-,정치,한국어,-,2016~2023,-,국회도서관,-,-,-,제4유형,저작물,보호저작물,○,상업적이용금지,○,○,○,○,○,○,X,-,-,-,-
,2832,영상,기록,국회도서관,국회기록보존소,HOME > 기록정보 콘텐츠 > 구술기록,시작멘트,-,2016~2023,1,미부착,제4유형,무,-,시작멘트,-,영상,영상,-,정치,한국어,-,2016~2023,-,국회도서관,-,-,-,제4유형,저작물,보호저작물,○,상업적이용금지,○,○,○,○,○,○,X,-,-,-,-
,2833,영상,기록,국회도서관,국회기록보존소,HOME > 기록정보 콘텐츠 > 구술기록,제12대 국회의원선거 전후의 정황과 김상현 씨의 역할,-,2016~2023,1,미부착,제4유형,무,-,제12대 국회의원선거 전후의 정황과 김상현 씨의 역할,-,영상,영상,-,정치,한국어,-,2016~2023,-,국회도서관,-,-,-,제4유형,저작물,보호저작물,○,상업적이용금지,○,○,○,○,○,○,X,-,-,-,-
,2834,영상,기록,국회도서관,국회기록보존소,HOME > 기록정보 콘텐츠 > 구술기록,제12대 국회 의정활동,-,2016~2023,1,미부착,제4유형,무,-,제12대 국회 의정활동,-,영상,영상,-,정치,한국어,-,2016~2023,-,국회도서관,-,-,-,제4유형,저작물,보호저작물,○,상업적이용금지,○,○,○,○,○,○,X,-,-,-,-
,2835,영상,기록,국회도서관,국회기록보존소,HOME > 기록정보 콘텐츠 > 구술기록,대정부 질문 이후의 상황과 국가기관의 감시·공작,-,2016~2023,1,미부착,제4유형,무,-,대정부 질문 이후의 상황과 국가기관의 감시·공작,-,영상,영상,-,정치,한국어,-,2016~2023,-,국회도서관,-,-,-,제4유형,저작물,보호저작물,○,상업적이용금지,○,○,○,○,○,○,X,-,-,-,-
,2836,영상,기록,국회도서관,국회기록보존소,HOME > 기록정보 콘텐츠 > 구술기록,"개헌 정국과 대통령후보 단일화운동, 야권 통합운동",-,2016~2023,1,미부착,제4유형,무,-,"개헌 정국과 대통령후보 단일화운동, 야권 통합운동",-,영상,영상,-,정치,한국어,-,2016~2023,-,국회도서관,-,-,-,제4유형,저작물,보호저작물,○,상업적이용금지,○,○,○,○,○,○,X,-,-,-,-
,2837,영상,기록,국회도서관,국회기록보존소,HOME > 기록정보 콘텐츠 > 구술기록,1987년 야당 대통령후보 단일화 노력,-,2016~2023,1,미부착,제4유형,무,-,1987년 야당 대통령후보 단일화 노력,-,영상,영상,-,정치,한국어,-,2016~2023,-,국회도서관,-,-,-,제4유형,저작물,보호저작물,○,상업적이용금지,○,○,○,○,○,○,X,-,-,-,-
,2838,영상,기록,국회도서관,국회기록보존소,HOME > 기록정보 콘텐츠 > 구술기록,국회 밖에서 전개된 개헌운동,-,2016~2023,1,미부착,제4유형,무,-,국회 밖에서 전개된 개헌운동,-,영상,영상,-,정치,한국어,-,2016~2023,-,국회도서관,-,-,-,제4유형,저작물,보호저작물,○,상업적이용금지,○,○,○,○,○,○,X,-,-,-,-
,2839,영상,기록,국회도서관,국회기록보존소,HOME > 기록정보 콘텐츠 > 구술기록,제13대 국회의원선거 출마와 야당통합운동,-,2016~2023,1,미부착,제4유형,무,-,제13대 국회의원선거 출마와 야당통합운동,-,영상,영상,-,정치,한국어,-,2016~2023,-,국회도서관,-,-,-,제4유형,저작물,보호저작물,○,상업적이용금지,○,○,○,○,○,○,X,-,-,-,-
,2840,영상,기록,국회도서관,국회기록보존소,HOME > 기록정보 콘텐츠 > 구술기록,유신시절 국회부의장 활동과 중도통합론 주창,-,2016~2023,1,미부착,제4유형,무,-,유신시절 국회부의장 활동과 중도통합론 주창,-,영상,영상,-,정치,한국어,-,2016~2023,-,국회도서관,-,-,-,제4유형,저작물,보호저작물,○,상업적이용금지,○,○,○,○,○,○,X,-,-,-,-
,2841,영상,기록,국회도서관,국회기록보존소,HOME > 기록정보 콘텐츠 > 구술기록,5.16 쿠데타와 미국 망명,-,2016~2023,1,미부착,제4유형,무,-,5.16 쿠데타와 미국 망명,-,영상,영상,-,정치,한국어,-,2016~2023,-,국회도서관,-,-,-,제4유형,저작물,보호저작물,○,상업적이용금지,○,○,○,○,○,○,X,-,-,-,-
,2842,영상,기록,국회도서관,국회기록보존소,HOME > 기록정보 콘텐츠 > 구술기록,4.19 혁명시기,-,2016~2023,1,미부착,제4유형,무,-,4.19 혁명시기,-,영상,영상,-,정치,한국어,-,2016~2023,-,국회도서관,-,-,-,제4유형,저작물,보호저작물,○,상업적이용금지,○,○,○,○,○,○,X,-,-,-,-
,2843,영상,기록,국회도서관,국회기록보존소,HOME > 기록정보 콘텐츠 > 구술기록,귀국 후 야당생활,-,2016~2023,1,미부착,제4유형,무,-,귀국 후 야당생활,-,영상,영상,-,정치,한국어,-,2016~2023,-,국회도서관,-,-,-,제4유형,저작물,보호저작물,○,상업적이용금지,○,○,○,○,○,○,X,-,-,-,-
,2844,영상,기록,국회도서관,국회기록보존소,HOME > 기록정보 콘텐츠 > 구술기록,정계입문,-,2016~2023,1,미부착,제4유형,무,-,정계입문,-,영상,영상,-,정치,한국어,-,2016~2023,-,국회도서관,-,-,-,제4유형,저작물,보호저작물,○,상업적이용금지,○,○,○,○,○,○,X,-,-,-,-
,2845,영상,기록,국회도서관,국회기록보존소,HOME > 기록정보 콘텐츠 > 구술기록,야당 소속으로 대미외교 활동,-,2016~2023,1,미부착,제4유형,무,-,야당 소속으로 대미외교 활동,-,영상,영상,-,정치,한국어,-,2016~2023,-,국회도서관,-,-,-,제4유형,저작물,보호저작물,○,상업적이용금지,○,○,○,○,○,○,X,-,-,-,-
,2846,영상,기록,국회도서관,국회기록보존소,HOME > 기록정보 콘텐츠 > 구술기록,학병거부운동과 강제징병,-,2016~2023,1,미부착,제4유형,무,-,학병거부운동과 강제징병,-,영상,영상,-,정치,한국어,-,2016~2023,-,국회도서관,-,-,-,제4유형,저작물,보호저작물,○,상업적이용금지,○,○,○,○,○,○,X,-,-,-,-
,2847,영상,기록,국회도서관,국회기록보존소,HOME > 기록정보 콘텐츠 > 구술기록,성장과정과 학창시절,-,2016~2023,1,미부착,제4유형,무,-,성장과정과 학창시절,-,영상,영상,-,정치,한국어,-,2016~2023,-,국회도서관,-,-,-,제4유형,저작물,보호저작물,○,상업적이용금지,○,○,○,○,○,○,X,-,-,-,-
,2848,영상,기록,국회도서관,국회기록보존소,HOME > 기록정보 콘텐츠 > 구술기록,최근 근황과 한국전쟁 회고,-,2016~2023,1,미부착,제4유형,무,-,최근 근황과 한국전쟁 회고,-,영상,영상,-,정치,한국어,-,2016~2023,-,국회도서관,-,-,-,제4유형,저작물,보호저작물,○,상업적이용금지,○,○,○,○,○,○,X,-,-,-,-
,2849,영상,기록,국회도서관,국회기록보존소,HOME > 기록정보 콘텐츠 > 구술기록,시작멘트,-,2016~2023,1,미부착,제4유형,무,-,시작멘트,-,영상,영상,-,정치,한국어,-,2016~2023,-,국회도서관,-,-,-,제4유형,저작물,보호저작물,○,상업적이용금지,○,○,○,○,○,○,X,-,-,-,-
,2850,영상,기록,국회도서관,국회기록보존소,HOME > 기록정보 콘텐츠 > 구술기록,정치발전을 위한 조언,-,2016~2023,1,미부착,제4유형,무,-,정치발전을 위한 조언,-,영상,영상,-,정치,한국어,-,2016~2023,-,국회도서관,-,-,-,제4유형,저작물,보호저작물,○,상업적이용금지,○,○,○,○,○,○,X,-,-,-,-
,2851,영상,기록,국회도서관,국회기록보존소,HOME > 기록정보 콘텐츠 > 구술기록,반탁 청년운동,-,2016~2023,1,미부착,제4유형,무,-,반탁 청년운동,-,영상,영상,-,정치,한국어,-,2016~2023,-,국회도서관,-,-,-,제4유형,저작물,보호저작물,○,상업적이용금지,○,○,○,○,○,○,X,-,-,-,-
,2852,영상,기록,국회도서관,국회기록보존소,HOME > 기록정보 콘텐츠 > 구술기록,대학시절 회고,-,2016~2023,1,미부착,제4유형,무,-,대학시절 회고,-,영상,영상,-,정치,한국어,-,2016~2023,-,국회도서관,-,-,-,제4유형,저작물,보호저작물,○,상업적이용금지,○,○,○,○,○,○,X,-,-,-,-
,2853,영상,기록,국회도서관,국회기록보존소,HOME > 기록정보 콘텐츠 > 구술기록,제11대 국회시기 당내 요직 활동,-,2016~2023,1,미부착,제4유형,무,-,제11대 국회시기 당내 요직 활동,-,영상,영상,-,정치,한국어,-,2016~2023,-,국회도서관,-,-,-,제4유형,저작물,보호저작물,○,상업적이용금지,○,○,○,○,○,○,X,-,-,-,-
,2854,영상,기록,국회도서관,국회기록보존소,HOME > 기록정보 콘텐츠 > 구술기록,제12대 국회시기 정치이슈들,-,2016~2023,1,미부착,제4유형,무,-,제12대 국회시기 정치이슈들,-,영상,영상,-,정치,한국어,-,2016~2023,-,국회도서관,-,-,-,제4유형,저작물,보호저작물,○,상업적이용금지,○,○,○,○,○,○,X,-,-,-,-
,2855,영상,기록,국회도서관,국회기록보존소,HOME > 기록정보 콘텐츠 > 구술기록,제13대 국회시기 정책위의장 및 내무부장관 활동,-,2016~2023,1,미부착,제4유형,무,-,제13대 국회시기 정책위의장 및 내무부장관 활동,-,영상,영상,-,정치,한국어,-,2016~2023,-,국회도서관,-,-,-,제4유형,저작물,보호저작물,○,상업적이용금지,○,○,○,○,○,○,X,-,-,-,-
,2856,영상,기록,국회도서관,국회기록보존소,HOME > 기록정보 콘텐츠 > 구술기록,고등고시 합격과 군법무관 시절,-,2016~2023,1,미부착,제4유형,무,-,고등고시 합격과 군법무관 시절,-,영상,영상,-,정치,한국어,-,2016~2023,-,국회도서관,-,-,-,제4유형,저작물,보호저작물,○,상업적이용금지,○,○,○,○,○,○,X,-,-,-,-
,2857,영상,기록,국회도서관,국회기록보존소,HOME > 기록정보 콘텐츠 > 구술기록,판사 및 검사시절의 일화,-,2016~2023,1,미부착,제4유형,무,-,판사 및 검사시절의 일화,-,영상,영상,-,정치,한국어,-,2016~2023,-,국회도서관,-,-,-,제4유형,저작물,보호저작물,○,상업적이용금지,○,○,○,○,○,○,X,-,-,-,-
,2858,영상,기록,국회도서관,국회기록보존소,HOME > 기록정보 콘텐츠 > 구술기록,정계입문의 과정,-,2016~2023,1,미부착,제4유형,무,-,정계입문의 과정,-,영상,영상,-,정치,한국어,-,2016~2023,-,국회도서관,-,-,-,제4유형,저작물,보호저작물,○,상업적이용금지,○,○,○,○,○,○,X,-,-,-,-
,2859,영상,기록,국회도서관,국회기록보존소,HOME > 기록정보 콘텐츠 > 구술기록,민주정의당 사무총장 및 상임위 활동,-,2016~2023,1,미부착,제4유형,무,-,민주정의당 사무총장 및 상임위 활동,-,영상,영상,-,정치,한국어,-,2016~2023,-,국회도서관,-,-,-,제4유형,저작물,보호저작물,○,상업적이용금지,○,○,○,○,○,○,X,-,-,-,-
,2860,영상,기록,국회도서관,국회기록보존소,HOME > 기록정보 콘텐츠 > 구술기록,남북국회회담 대표단으로 참가,-,2016~2023,1,미부착,제4유형,무,-,남북국회회담 대표단으로 참가,-,영상,영상,-,정치,한국어,-,2016~2023,-,국회도서관,-,-,-,제4유형,저작물,보호저작물,○,상업적이용금지,○,○,○,○,○,○,X,-,-,-,-
,2861,영상,기록,국회도서관,국회기록보존소,HOME > 기록정보 콘텐츠 > 구술기록,외국 정상들과의 관계,-,2016~2023,1,미부착,제4유형,무,-,외국 정상들과의 관계,-,영상,영상,-,정치,한국어,-,2016~2023,-,국회도서관,-,-,-,제4유형,저작물,보호저작물,○,상업적이용금지,○,○,○,○,○,○,X,-,-,-,-
,2862,영상,기록,국회도서관,국회기록보존소,HOME > 기록정보 콘텐츠 > 구술기록,어린 시절 성장과정,-,2016~2023,1,미부착,제4유형,무,-,어린 시절 성장과정,-,영상,영상,-,정치,한국어,-,2016~2023,-,국회도서관,-,-,-,제4유형,저작물,보호저작물,○,상업적이용금지,○,○,○,○,○,○,X,-,-,-,-
,2863,영상,기록,국회도서관,국회기록보존소,HOME > 기록정보 콘텐츠 > 구술기록,최근 근황,-,2016~2023,1,미부착,제4유형,무,-,최근 근황,-,영상,영상,-,정치,한국어,-,2016~2023,-,국회도서관,-,-,-,제4유형,저작물,보호저작물,○,상업적이용금지,○,○,○,○,○,○,X,-,-,-,-
,2864,영상,기록,국회도서관,국회기록보존소,HOME > 기록정보 콘텐츠 > 구술기록,시작멘트,-,2016~2023,1,미부착,제4유형,무,-,시작멘트,-,영상,영상,-,정치,한국어,-,2016~2023,-,국회도서관,-,-,-,제4유형,저작물,보호저작물,○,상업적이용금지,○,○,○,○,○,○,X,-,-,-,-
,2865,영상,기록,국회도서관,국회기록보존소,HOME > 기록정보 콘텐츠 > 구술기록,6·29선언과 개헌,-,2016~2023,1,미부착,제4유형,무,-,6·29선언과 개헌,-,영상,영상,-,정치,한국어,-,2016~2023,-,국회도서관,-,-,-,제4유형,저작물,보호저작물,○,상업적이용금지,○,○,○,○,○,○,X,-,-,-,-
,2866,영상,기록,국회도서관,국회기록보존소,HOME > 기록정보 콘텐츠 > 구술기록,시작멘트,-,2016~2023,1,미부착,제4유형,무,-,시작멘트,-,영상,영상,-,정치,한국어,-,2016~2023,-,국회도서관,-,-,-,제4유형,저작물,보호저작물,○,상업적이용금지,○,○,○,○,○,○,X,-,-,-,-
,2867,영상,기록,국회도서관,국회기록보존소,HOME > 기록정보 콘텐츠 > 구술기록,현실정치에 대한 조언,-,2016~2023,1,미부착,제4유형,무,-,현실정치에 대한 조언,-,영상,영상,-,정치,한국어,-,2016~2023,-,국회도서관,-,-,-,제4유형,저작물,보호저작물,○,상업적이용금지,○,○,○,○,○,○,X,-,-,-,-
,2868,영상,기록,국회도서관,국회기록보존소,HOME > 기록정보 콘텐츠 > 구술기록,유엔(UN)총회 연설의 배경과 의미,-,2016~2023,1,미부착,제4유형,무,-,유엔(UN)총회 연설의 배경과 의미,-,영상,영상,-,정치,한국어,-,2016~2023,-,국회도서관,-,-,-,제4유형,저작물,보호저작물,○,상업적이용금지,○,○,○,○,○,○,X,-,-,-,-
,2869,영상,기록,국회도서관,국회기록보존소,HOME > 기록정보 콘텐츠 > 구술기록,국무총리직 수용의 배경,-,2016~2023,1,미부착,제4유형,무,-,국무총리직 수용의 배경,-,영상,영상,-,정치,한국어,-,2016~2023,-,국회도서관,-,-,-,제4유형,저작물,보호저작물,○,상업적이용금지,○,○,○,○,○,○,X,-,-,-,-
,2870,영상,기록,국회도서관,국회기록보존소,HOME > 기록정보 콘텐츠 > 구술기록,한나라당 대통령 선거 후보 경선 참여,-,2016~2023,1,미부착,제4유형,무,-,한나라당 대통령 선거 후보 경선 참여,-,영상,영상,-,정치,한국어,-,2016~2023,-,국회도서관,-,-,-,제4유형,저작물,보호저작물,○,상업적이용금지,○,○,○,○,○,○,X,-,-,-,-
,2871,영상,기록,국회도서관,국회기록보존소,HOME > 기록정보 콘텐츠 > 구술기록,국회부의장 시기 정치활동과 주요법안 처리,-,2016~2023,1,미부착,제4유형,무,-,국회부의장 시기 정치활동과 주요법안 처리,-,영상,영상,-,정치,한국어,-,2016~2023,-,국회도서관,-,-,-,제4유형,저작물,보호저작물,○,상업적이용금지,○,○,○,○,○,○,X,-,-,-,-
,2872,영상,기록,국회도서관,국회기록보존소,HOME > 기록정보 콘텐츠 > 구술기록,국회부의장 취임 후 지방자치법 관련 갈등,-,2016~2023,1,미부착,제4유형,무,-,국회부의장 취임 후 지방자치법 관련 갈등,-,영상,영상,-,정치,한국어,-,2016~2023,-,국회도서관,-,-,-,제4유형,저작물,보호저작물,○,상업적이용금지,○,○,○,○,○,○,X,-,-,-,-
,2873,영상,기록,국회도서관,국회기록보존소,HOME > 기록정보 콘텐츠 > 구술기록,5공청산 과정,-,2016~2023,1,미부착,제4유형,무,-,5공청산 과정,-,영상,영상,-,정치,한국어,-,2016~2023,-,국회도서관,-,-,-,제4유형,저작물,보호저작물,○,상업적이용금지,○,○,○,○,○,○,X,-,-,-,-
,2874,영상,기록,국회도서관,국회기록보존소,HOME > 기록정보 콘텐츠 > 구술기록,인사청문회를 거쳐 총리 취임,-,2016~2023,1,미부착,제4유형,무,-,인사청문회를 거쳐 총리 취임,-,영상,영상,-,정치,한국어,-,2016~2023,-,국회도서관,-,-,-,제4유형,저작물,보호저작물,○,상업적이용금지,○,○,○,○,○,○,X,-,-,-,-
,2875,영상,기록,국회도서관,국회기록보존소,HOME > 기록정보 콘텐츠 > 구술기록,제17대 후반기 국회의장 취임,-,2016~2023,1,미부착,제4유형,무,-,제17대 후반기 국회의장 취임,-,영상,영상,-,정치,한국어,-,2016~2023,-,국회도서관,-,-,-,제4유형,저작물,보호저작물,○,상업적이용금지,○,○,○,○,○,○,X,-,-,-,-
,2876,영상,기록,국회도서관,국회기록보존소,HOME > 기록정보 콘텐츠 > 구술기록,제5공화국시기의 활동,-,2016~2023,1,미부착,제4유형,무,-,제5공화국시기의 활동,-,영상,영상,-,정치,한국어,-,2016~2023,-,국회도서관,-,-,-,제4유형,저작물,보호저작물,○,상업적이용금지,○,○,○,○,○,○,X,-,-,-,-
,2877,영상,기록,국회도서관,국회기록보존소,HOME > 기록정보 콘텐츠 > 구술기록,동아자유언론수호투쟁위원회 활동과 1970년대 후반 재야민주화 운동,-,2016~2023,1,미부착,제4유형,무,-,동아자유언론수호투쟁위원회 활동과 1970년대 후반 재야민주화 운동,-,영상,영상,-,정치,한국어,-,2016~2023,-,국회도서관,-,-,-,제4유형,저작물,보호저작물,○,상업적이용금지,○,○,○,○,○,○,X,-,-,-,-
,2878,영상,기록,국회도서관,국회기록보존소,HOME > 기록정보 콘텐츠 > 구술기록,동아일보사 입사 배경,-,2016~2023,1,미부착,제4유형,무,-,동아일보사 입사 배경,-,영상,영상,-,정치,한국어,-,2016~2023,-,국회도서관,-,-,-,제4유형,저작물,보호저작물,○,상업적이용금지,○,○,○,○,○,○,X,-,-,-,-
,2879,영상,기록,국회도서관,국회기록보존소,HOME > 기록정보 콘텐츠 > 구술기록,대학시절의 사회인식 ,-,2016~2023,1,미부착,제4유형,무,-,대학시절의 사회인식 ,-,영상,영상,-,정치,한국어,-,2016~2023,-,국회도서관,-,-,-,제4유형,저작물,보호저작물,○,상업적이용금지,○,○,○,○,○,○,X,-,-,-,-
,2880,영상,기록,국회도서관,국회기록보존소,HOME > 기록정보 콘텐츠 > 구술기록,4.19 혁명에 참여,-,2016~2023,1,미부착,제4유형,무,-,4.19 혁명에 참여,-,영상,영상,-,정치,한국어,-,2016~2023,-,국회도서관,-,-,-,제4유형,저작물,보호저작물,○,상업적이용금지,○,○,○,○,○,○,X,-,-,-,-
,2881,영상,기록,국회도서관,국회기록보존소,HOME > 기록정보 콘텐츠 > 구술기록,출생과 성장과정의 불안했던 시대상,-,2016~2023,1,미부착,제4유형,무,-,출생과 성장과정의 불안했던 시대상,-,영상,영상,-,정치,한국어,-,2016~2023,-,국회도서관,-,-,-,제4유형,저작물,보호저작물,○,상업적이용금지,○,○,○,○,○,○,X,-,-,-,-
,2882,영상,기록,국회도서관,국회기록보존소,HOME > 기록정보 콘텐츠 > 구술기록,세월호 참사에 대한 국회의 역할,-,2016~2023,1,미부착,제4유형,무,-,세월호 참사에 대한 국회의 역할,-,영상,영상,-,정치,한국어,-,2016~2023,-,국회도서관,-,-,-,제4유형,저작물,보호저작물,○,상업적이용금지,○,○,○,○,○,○,X,-,-,-,-
,2883,영상,기록,국회도서관,국회기록보존소,HOME > 기록정보 콘텐츠 > 구술기록,시작멘트 ,-,2016~2023,1,미부착,제4유형,무,-,시작멘트 ,-,영상,영상,-,정치,한국어,-,2016~2023,-,국회도서관,-,-,-,제4유형,저작물,보호저작물,○,상업적이용금지,○,○,○,○,○,○,X,-,-,-,-
,2884,영상,기록,국회도서관,국회기록보존소,HOME > 기록정보 콘텐츠 > 구술기록,정치발전을 위한 조언,-,2016~2023,1,미부착,제4유형,무,-,정치발전을 위한 조언,-,영상,영상,-,정치,한국어,-,2016~2023,-,국회도서관,-,-,-,제4유형,저작물,보호저작물,○,상업적이용금지,○,○,○,○,○,○,X,-,-,-,-
,2885,영상,기록,국회도서관,국회기록보존소,HOME > 기록정보 콘텐츠 > 구술기록,국회 위상의 변화,-,2016~2023,1,미부착,제4유형,무,-,국회 위상의 변화,-,영상,영상,-,정치,한국어,-,2016~2023,-,국회도서관,-,-,-,제4유형,저작물,보호저작물,○,상업적이용금지,○,○,○,○,○,○,X,-,-,-,-
,2886,영상,기록,국회도서관,국회기록보존소,HOME > 기록정보 콘텐츠 > 구술기록,남북관계발전법의 의미,-,2016~2023,1,미부착,제4유형,무,-,남북관계발전법의 의미,-,영상,영상,-,정치,한국어,-,2016~2023,-,국회도서관,-,-,-,제4유형,저작물,보호저작물,○,상업적이용금지,○,○,○,○,○,○,X,-,-,-,-
,2887,영상,기록,국회도서관,국회기록보존소,HOME > 기록정보 콘텐츠 > 구술기록,국회의장 임기말 상황과 의원외교활동,-,2016~2023,1,미부착,제4유형,무,-,국회의장 임기말 상황과 의원외교활동,-,영상,영상,-,정치,한국어,-,2016~2023,-,국회도서관,-,-,-,제4유형,저작물,보호저작물,○,상업적이용금지,○,○,○,○,○,○,X,-,-,-,-
,2888,영상,기록,국회도서관,국회기록보존소,HOME > 기록정보 콘텐츠 > 구술기록,입법조사처 신설과 국회 60년사 편찬 ,-,2016~2023,1,미부착,제4유형,무,-,입법조사처 신설과 국회 60년사 편찬 ,-,영상,영상,-,정치,한국어,-,2016~2023,-,국회도서관,-,-,-,제4유형,저작물,보호저작물,○,상업적이용금지,○,○,○,○,○,○,X,-,-,-,-
,2889,영상,기록,국회도서관,국회기록보존소,HOME > 기록정보 콘텐츠 > 구술기록,2007년 대통령선거 시기의 상황,-,2016~2023,1,미부착,제4유형,무,-,2007년 대통령선거 시기의 상황,-,영상,영상,-,정치,한국어,-,2016~2023,-,국회도서관,-,-,-,제4유형,저작물,보호저작물,○,상업적이용금지,○,○,○,○,○,○,X,-,-,-,-
,2890,영상,기록,국회도서관,국회기록보존소,HOME > 기록정보 콘텐츠 > 구술기록,대통령과의 관계,-,2016~2023,1,미부착,제4유형,무,-,대통령과의 관계,-,영상,영상,-,정치,한국어,-,2016~2023,-,국회도서관,-,-,-,제4유형,저작물,보호저작물,○,상업적이용금지,○,○,○,○,○,○,X,-,-,-,-
,2891,영상,기록,국회도서관,국회기록보존소,HOME > 기록정보 콘텐츠 > 구술기록,국회의장으로서 야당과의 관계,-,2016~2023,1,미부착,제4유형,무,-,국회의장으로서 야당과의 관계,-,영상,영상,-,정치,한국어,-,2016~2023,-,국회도서관,-,-,-,제4유형,저작물,보호저작물,○,상업적이용금지,○,○,○,○,○,○,X,-,-,-,-
,2892,영상,기록,국회도서관,국회기록보존소,HOME > 기록정보 콘텐츠 > 구술기록,국회의장으로서 주요 입법 처리 과정,-,2016~2023,1,미부착,제4유형,무,-,국회의장으로서 주요 입법 처리 과정,-,영상,영상,-,정치,한국어,-,2016~2023,-,국회도서관,-,-,-,제4유형,저작물,보호저작물,○,상업적이용금지,○,○,○,○,○,○,X,-,-,-,-
,2893,영상,기록,국회도서관,국회기록보존소,HOME > 기록정보 콘텐츠 > 구술기록,국회의장 재임시 국회운영의 특징,-,2016~2023,1,미부착,제4유형,무,-,국회의장 재임시 국회운영의 특징,-,영상,영상,-,정치,한국어,-,2016~2023,-,국회도서관,-,-,-,제4유형,저작물,보호저작물,○,상업적이용금지,○,○,○,○,○,○,X,-,-,-,-
,2894,영상,기록,국회도서관,국회기록보존소,HOME > 기록정보 콘텐츠 > 구술기록,참여정부 대통령직 인수위원회 및 열린우리당 활동,-,2016~2023,1,미부착,제4유형,무,-,참여정부 대통령직 인수위원회 및 열린우리당 활동,-,영상,영상,-,정치,한국어,-,2016~2023,-,국회도서관,-,-,-,제4유형,저작물,보호저작물,○,상업적이용금지,○,○,○,○,○,○,X,-,-,-,-
,2895,영상,기록,국회도서관,국회기록보존소,HOME > 기록정보 콘텐츠 > 구술기록,민주통일민중운동연합의 운동사적 의미,-,2016~2023,1,미부착,제4유형,무,-,민주통일민중운동연합의 운동사적 의미,-,영상,영상,-,정치,한국어,-,2016~2023,-,국회도서관,-,-,-,제4유형,저작물,보호저작물,○,상업적이용금지,○,○,○,○,○,○,X,-,-,-,-
,2896,영상,기록,국회도서관,국회기록보존소,HOME > 기록정보 콘텐츠 > 구술기록,1987년 6월항쟁과 대통령선거시기 활동,-,2016~2023,1,미부착,제4유형,무,-,1987년 6월항쟁과 대통령선거시기 활동,-,영상,영상,-,정치,한국어,-,2016~2023,-,국회도서관,-,-,-,제4유형,저작물,보호저작물,○,상업적이용금지,○,○,○,○,○,○,X,-,-,-,-
,2897,영상,기록,국회도서관,국회기록보존소,HOME > 기록정보 콘텐츠 > 구술기록,제도정치권 입문 배경,-,2016~2023,1,미부착,제4유형,무,-,제도정치권 입문 배경,-,영상,영상,-,정치,한국어,-,2016~2023,-,국회도서관,-,-,-,제4유형,저작물,보호저작물,○,상업적이용금지,○,○,○,○,○,○,X,-,-,-,-
,2898,영상,기록,국회도서관,국회기록보존소,HOME > 기록정보 콘텐츠 > 구술기록,평화민주통일연구회의 성격,-,2016~2023,1,미부착,제4유형,무,-,평화민주통일연구회의 성격,-,영상,영상,-,정치,한국어,-,2016~2023,-,국회도서관,-,-,-,제4유형,저작물,보호저작물,○,상업적이용금지,○,○,○,○,○,○,X,-,-,-,-
,2899,영상,기록,국회도서관,국회기록보존소,HOME > 기록정보 콘텐츠 > 구술기록,제13대 총선거 상황,-,2016~2023,1,미부착,제4유형,무,-,제13대 총선거 상황,-,영상,영상,-,정치,한국어,-,2016~2023,-,국회도서관,-,-,-,제4유형,저작물,보호저작물,○,상업적이용금지,○,○,○,○,○,○,X,-,-,-,-
,2900,영상,기록,국회도서관,국회기록보존소,HOME > 기록정보 콘텐츠 > 구술기록,제14대 총선거에서 재검표로 당선,-,2016~2023,1,미부착,제4유형,무,-,제14대 총선거에서 재검표로 당선,-,영상,영상,-,정치,한국어,-,2016~2023,-,국회도서관,-,-,-,제4유형,저작물,보호저작물,○,상업적이용금지,○,○,○,○,○,○,X,-,-,-,-
,2901,영상,기록,국회도서관,국회기록보존소,HOME > 기록정보 콘텐츠 > 구술기록,초선의원으로서 의정활동,-,2016~2023,1,미부착,제4유형,무,-,초선의원으로서 의정활동,-,영상,영상,-,정치,한국어,-,2016~2023,-,국회도서관,-,-,-,제4유형,저작물,보호저작물,○,상업적이용금지,○,○,○,○,○,○,X,-,-,-,-
,2902,영상,기록,국회도서관,국회기록보존소,HOME > 기록정보 콘텐츠 > 구술기록,제15대 국회 의정활동,-,2016~2023,1,미부착,제4유형,무,-,제15대 국회 의정활동,-,영상,영상,-,정치,한국어,-,2016~2023,-,국회도서관,-,-,-,제4유형,저작물,보호저작물,○,상업적이용금지,○,○,○,○,○,○,X,-,-,-,-
,2903,영상,기록,국회도서관,국회기록보존소,HOME > 기록정보 콘텐츠 > 구술기록,국민의 정부 탄생의 의미,-,2016~2023,1,미부착,제4유형,무,-,국민의 정부 탄생의 의미,-,영상,영상,-,정치,한국어,-,2016~2023,-,국회도서관,-,-,-,제4유형,저작물,보호저작물,○,상업적이용금지,○,○,○,○,○,○,X,-,-,-,-
,2904,영상,기록,국회도서관,국회기록보존소,HOME > 기록정보 콘텐츠 > 구술기록,시작멘트,-,2016~2023,1,미부착,제4유형,무,-,시작멘트,-,영상,영상,-,정치,한국어,-,2016~2023,-,국회도서관,-,-,-,제4유형,저작물,보호저작물,○,상업적이용금지,○,○,○,○,○,○,X,-,-,-,-
,2905,영상,기록,국회도서관,국회기록보존소,HOME > 기록정보 콘텐츠 > 구술기록,국민의 정부시절 정치개혁의 내용,-,2016~2023,1,미부착,제4유형,무,-,국민의 정부시절 정치개혁의 내용,-,영상,영상,-,정치,한국어,-,2016~2023,-,국회도서관,-,-,-,제4유형,저작물,보호저작물,○,상업적이용금지,○,○,○,○,○,○,X,-,-,-,-
,2906,영상,기록,국회도서관,국회기록보존소,HOME > 기록정보 콘텐츠 > 구술기록,제15대 국회시기의 의정활동,-,2016~2023,1,미부착,제4유형,무,-,제15대 국회시기의 의정활동,-,영상,영상,-,정치,한국어,-,2016~2023,-,국회도서관,-,-,-,제4유형,저작물,보호저작물,○,상업적이용금지,○,○,○,○,○,○,X,-,-,-,-
,2907,영상,기록,국회도서관,국회기록보존소,HOME > 기록정보 콘텐츠 > 구술기록,제16대 국회시기 3선의원 활동,-,2016~2023,1,미부착,제4유형,무,-,제16대 국회시기 3선의원 활동,-,영상,영상,-,정치,한국어,-,2016~2023,-,국회도서관,-,-,-,제4유형,저작물,보호저작물,○,상업적이용금지,○,○,○,○,○,○,X,-,-,-,-
,2908,영상,기록,국회도서관,국회기록보존소,HOME > 기록정보 콘텐츠 > 구술기록,국회부의장시절 주요 결정 사항,-,2016~2023,1,미부착,제4유형,무,-,국회부의장시절 주요 결정 사항,-,영상,영상,-,정치,한국어,-,2016~2023,-,국회도서관,-,-,-,제4유형,저작물,보호저작물,○,상업적이용금지,○,○,○,○,○,○,X,-,-,-,-
,2909,영상,기록,국회도서관,국회기록보존소,HOME > 기록정보 콘텐츠 > 구술기록,해방이후 사회활동,-,2016~2023,1,미부착,제4유형,무,-,해방이후 사회활동,-,영상,영상,-,정치,한국어,-,2016~2023,-,국회도서관,-,-,-,제4유형,저작물,보호저작물,○,상업적이용금지,○,○,○,○,○,○,X,-,-,-,-
,2910,영상,기록,국회도서관,국회기록보존소,HOME > 기록정보 콘텐츠 > 구술기록,공화당 사무총장시절 활동,-,2016~2023,1,미부착,제4유형,무,-,공화당 사무총장시절 활동,-,영상,영상,-,정치,한국어,-,2016~2023,-,국회도서관,-,-,-,제4유형,저작물,보호저작물,○,상업적이용금지,○,○,○,○,○,○,X,-,-,-,-
,2911,영상,기록,국회도서관,국회기록보존소,HOME > 기록정보 콘텐츠 > 구술기록,5.16 군사 쿠데타 (3.) ,-,2016~2023,1,미부착,제4유형,무,-,5.16 군사 쿠데타 (3.) ,-,영상,영상,-,정치,한국어,-,2016~2023,-,국회도서관,-,-,-,제4유형,저작물,보호저작물,○,상업적이용금지,○,○,○,○,○,○,X,-,-,-,-
,2912,영상,기록,국회도서관,국회기록보존소,HOME > 기록정보 콘텐츠 > 구술기록,5.16 군사 쿠데타 (2.),-,2016~2023,1,미부착,제4유형,무,-,5.16 군사 쿠데타 (2.),-,영상,영상,-,정치,한국어,-,2016~2023,-,국회도서관,-,-,-,제4유형,저작물,보호저작물,○,상업적이용금지,○,○,○,○,○,○,X,-,-,-,-
,2913,영상,기록,국회도서관,국회기록보존소,HOME > 기록정보 콘텐츠 > 구술기록,5.16 군사 쿠데타 (1.),-,2016~2023,1,미부착,제4유형,무,-,5.16 군사 쿠데타 (1.),-,영상,영상,-,정치,한국어,-,2016~2023,-,국회도서관,-,-,-,제4유형,저작물,보호저작물,○,상업적이용금지,○,○,○,○,○,○,X,-,-,-,-
,2914,영상,기록,국회도서관,국회기록보존소,HOME > 기록정보 콘텐츠 > 구술기록,박정희 전 대통령과의 군복무시절 인연,-,2016~2023,1,미부착,제4유형,무,-,박정희 전 대통령과의 군복무시절 인연,-,영상,영상,-,정치,한국어,-,2016~2023,-,국회도서관,-,-,-,제4유형,저작물,보호저작물,○,상업적이용금지,○,○,○,○,○,○,X,-,-,-,-
,2915,영상,기록,국회도서관,국회기록보존소,HOME > 기록정보 콘텐츠 > 구술기록,육군사관학교 입학과 한국전쟁 발발,-,2016~2023,1,미부착,제4유형,무,-,육군사관학교 입학과 한국전쟁 발발,-,영상,영상,-,정치,한국어,-,2016~2023,-,국회도서관,-,-,-,제4유형,저작물,보호저작물,○,상업적이용금지,○,○,○,○,○,○,X,-,-,-,-
,2916,영상,기록,국회도서관,국회기록보존소,HOME > 기록정보 콘텐츠 > 구술기록,시작멘트,-,2016~2023,1,미부착,제4유형,무,-,시작멘트,-,영상,영상,-,정치,한국어,-,2016~2023,-,국회도서관,-,-,-,제4유형,저작물,보호저작물,○,상업적이용금지,○,○,○,○,○,○,X,-,-,-,-
,2917,영상,기록,국회도서관,국회기록보존소,HOME > 기록정보 콘텐츠 > 구술기록,해방이후 귀국과정,-,2016~2023,1,미부착,제4유형,무,-,해방이후 귀국과정,-,영상,영상,-,정치,한국어,-,2016~2023,-,국회도서관,-,-,-,제4유형,저작물,보호저작물,○,상업적이용금지,○,○,○,○,○,○,X,-,-,-,-
,2918,영상,기록,국회도서관,국회기록보존소,HOME > 기록정보 콘텐츠 > 구술기록,대학진학 후 일본에서의 생활,-,2016~2023,1,미부착,제4유형,무,-,대학진학 후 일본에서의 생활,-,영상,영상,-,정치,한국어,-,2016~2023,-,국회도서관,-,-,-,제4유형,저작물,보호저작물,○,상업적이용금지,○,○,○,○,○,○,X,-,-,-,-
,2919,영상,기록,국회도서관,국회기록보존소,HOME > 기록정보 콘텐츠 > 구술기록,민간단체 결성과 활동,-,2016~2023,1,미부착,제4유형,무,-,민간단체 결성과 활동,-,영상,영상,-,정치,한국어,-,2016~2023,-,국회도서관,-,-,-,제4유형,저작물,보호저작물,○,상업적이용금지,○,○,○,○,○,○,X,-,-,-,-
,2920,영상,기록,국회도서관,국회기록보존소,HOME > 기록정보 콘텐츠 > 구술기록,어린 시절과 서울로의 진학,-,2016~2023,1,미부착,제4유형,무,-,어린 시절과 서울로의 진학,-,영상,영상,-,정치,한국어,-,2016~2023,-,국회도서관,-,-,-,제4유형,저작물,보호저작물,○,상업적이용금지,○,○,○,○,○,○,X,-,-,-,-
,2921,영상,기록,국회도서관,국회기록보존소,HOME > 기록정보 콘텐츠 > 구술기록,국가발전을 위한 제언,-,2016~2023,1,미부착,제4유형,무,-,국가발전을 위한 제언,-,영상,영상,-,정치,한국어,-,2016~2023,-,국회도서관,-,-,-,제4유형,저작물,보호저작물,○,상업적이용금지,○,○,○,○,○,○,X,-,-,-,-
,2922,영상,기록,국회도서관,국회기록보존소,HOME > 기록정보 콘텐츠 > 구술기록,삼선개헌 과정,-,2016~2023,1,미부착,제4유형,무,-,삼선개헌 과정,-,영상,영상,-,정치,한국어,-,2016~2023,-,국회도서관,-,-,-,제4유형,저작물,보호저작물,○,상업적이용금지,○,○,○,○,○,○,X,-,-,-,-
,2923,영상,기록,국회도서관,국회기록보존소,HOME > 기록정보 콘텐츠 > 구술기록,자유통일과 선진화법에 대한 의견,-,2016~2023,1,미부착,제4유형,무,-,자유통일과 선진화법에 대한 의견,-,영상,영상,-,정치,한국어,-,2016~2023,-,국회도서관,-,-,-,제4유형,저작물,보호저작물,○,상업적이용금지,○,○,○,○,○,○,X,-,-,-,-
,2924,영상,기록,국회도서관,국회기록보존소,HOME > 기록정보 콘텐츠 > 구술기록,국회부의장으로의 활동과 지도부와의 갈등,-,2016~2023,1,미부착,제4유형,무,-,국회부의장으로의 활동과 지도부와의 갈등,-,영상,영상,-,정치,한국어,-,2016~2023,-,국회도서관,-,-,-,제4유형,저작물,보호저작물,○,상업적이용금지,○,○,○,○,○,○,X,-,-,-,-
,2925,영상,기록,국회도서관,국회기록보존소,HOME > 기록정보 콘텐츠 > 구술기록,성철 스님과의 인연,-,2016~2023,1,미부착,제4유형,무,-,성철 스님과의 인연,-,영상,영상,-,정치,한국어,-,2016~2023,-,국회도서관,-,-,-,제4유형,저작물,보호저작물,○,상업적이용금지,○,○,○,○,○,○,X,-,-,-,-
,2926,영상,기록,국회도서관,국회기록보존소,HOME > 기록정보 콘텐츠 > 구술기록,국회부의장 임명과 활동,-,2016~2023,1,미부착,제4유형,무,-,국회부의장 임명과 활동,-,영상,영상,-,정치,한국어,-,2016~2023,-,국회도서관,-,-,-,제4유형,저작물,보호저작물,○,상업적이용금지,○,○,○,○,○,○,X,-,-,-,-
,2927,영상,기록,국회도서관,국회기록보존소,HOME > 기록정보 콘텐츠 > 구술기록,제18대 국회에서의 활동,-,2016~2023,1,미부착,제4유형,무,-,제18대 국회에서의 활동,-,영상,영상,-,정치,한국어,-,2016~2023,-,국회도서관,-,-,-,제4유형,저작물,보호저작물,○,상업적이용금지,○,○,○,○,○,○,X,-,-,-,-
,2928,영상,기록,국회도서관,국회기록보존소,HOME > 기록정보 콘텐츠 > 구술기록,제17대 국회의 활동,-,2016~2023,1,미부착,제4유형,무,-,제17대 국회의 활동,-,영상,영상,-,정치,한국어,-,2016~2023,-,국회도서관,-,-,-,제4유형,저작물,보호저작물,○,상업적이용금지,○,○,○,○,○,○,X,-,-,-,-
,2929,영상,기록,국회도서관,국회기록보존소,HOME > 기록정보 콘텐츠 > 구술기록,정계 입문과 3선 국회의원 당선,-,2016~2023,1,미부착,제4유형,무,-,정계 입문과 3선 국회의원 당선,-,영상,영상,-,정치,한국어,-,2016~2023,-,국회도서관,-,-,-,제4유형,저작물,보호저작물,○,상업적이용금지,○,○,○,○,○,○,X,-,-,-,-
,2930,영상,기록,국회도서관,국회기록보존소,HOME > 기록정보 콘텐츠 > 구술기록,1980년대 지역 활동 및 기업 경영 활동,-,2016~2023,1,미부착,제4유형,무,-,1980년대 지역 활동 및 기업 경영 활동,-,영상,영상,-,정치,한국어,-,2016~2023,-,국회도서관,-,-,-,제4유형,저작물,보호저작물,○,상업적이용금지,○,○,○,○,○,○,X,-,-,-,-
,2931,영상,기록,국회도서관,국회기록보존소,HOME > 기록정보 콘텐츠 > 구술기록,대학생 시절,-,2016~2023,1,미부착,제4유형,무,-,대학생 시절,-,영상,영상,-,정치,한국어,-,2016~2023,-,국회도서관,-,-,-,제4유형,저작물,보호저작물,○,상업적이용금지,○,○,○,○,○,○,X,-,-,-,-
,2932,영상,기록,국회도서관,국회기록보존소,HOME > 기록정보 콘텐츠 > 구술기록,유년기와 청소년기,-,2016~2023,1,미부착,제4유형,무,-,유년기와 청소년기,-,영상,영상,-,정치,한국어,-,2016~2023,-,국회도서관,-,-,-,제4유형,저작물,보호저작물,○,상업적이용금지,○,○,○,○,○,○,X,-,-,-,-
,2933,영상,기록,국회도서관,국회기록보존소,HOME > 기록정보 콘텐츠 > 구술기록,의원외교 등 폭넓은 활동,-,2016~2023,1,미부착,제4유형,무,-,의원외교 등 폭넓은 활동,-,영상,영상,-,정치,한국어,-,2016~2023,-,국회도서관,-,-,-,제4유형,저작물,보호저작물,○,상업적이용금지,○,○,○,○,○,○,X,-,-,-,-
,2934,영상,기록,국회도서관,국회기록보존소,HOME > 기록정보 콘텐츠 > 구술기록,시작멘트,-,2016~2023,1,미부착,제4유형,무,-,시작멘트,-,영상,영상,-,정치,한국어,-,2016~2023,-,국회도서관,-,-,-,제4유형,저작물,보호저작물,○,상업적이용금지,○,○,○,○,○,○,X,-,-,-,-
,2935,영상,기록,국회도서관,국회기록보존소,HOME > 기록정보 콘텐츠 > 구술기록,가족들에 대한 고마움,-,2016~2023,1,미부착,제4유형,무,-,가족들에 대한 고마움,-,영상,영상,-,정치,한국어,-,2016~2023,-,국회도서관,-,-,-,제4유형,저작물,보호저작물,○,상업적이용금지,○,○,○,○,○,○,X,-,-,-,-
,2936,영상,기록,국회도서관,국회기록보존소,HOME > 기록정보 콘텐츠 > 구술기록,향후 계획 및 마무리 발언,-,2016~2023,1,미부착,제4유형,무,-,향후 계획 및 마무리 발언,-,영상,영상,-,정치,한국어,-,2016~2023,-,국회도서관,-,-,-,제4유형,저작물,보호저작물,○,상업적이용금지,○,○,○,○,○,○,X,-,-,-,-
,2937,영상,기록,국회도서관,국회기록보존소,HOME > 기록정보 콘텐츠 > 구술기록,제19대 국회 후반기 부의장 재임 시 주요활동,-,2016~2023,1,미부착,제4유형,무,-,제19대 국회 후반기 부의장 재임 시 주요활동,-,영상,영상,-,정치,한국어,-,2016~2023,-,국회도서관,-,-,-,제4유형,저작물,보호저작물,○,상업적이용금지,○,○,○,○,○,○,X,-,-,-,-
,2938,영상,기록,국회도서관,국회기록보존소,HOME > 기록정보 콘텐츠 > 구술기록,2013년 국감에서 국정원 댓글 사건관련 언급배경,-,2016~2023,1,미부착,제4유형,무,-,2013년 국감에서 국정원 댓글 사건관련 언급배경,-,영상,영상,-,정치,한국어,-,2016~2023,-,국회도서관,-,-,-,제4유형,저작물,보호저작물,○,상업적이용금지,○,○,○,○,○,○,X,-,-,-,-
,2939,영상,기록,국회도서관,국회기록보존소,HOME > 기록정보 콘텐츠 > 구술기록,최근 근황,-,2016~2023,1,미부착,제4유형,무,-,최근 근황,-,영상,영상,-,정치,한국어,-,2016~2023,-,국회도서관,-,-,-,제4유형,저작물,보호저작물,○,상업적이용금지,○,○,○,○,○,○,X,-,-,-,-
,2940,영상,기록,국회도서관,국회기록보존소,HOME > 기록정보 콘텐츠 > 구술기록,참여정부 초기의 일화,-,2016~2023,1,미부착,제4유형,무,-,참여정부 초기의 일화,-,영상,영상,-,정치,한국어,-,2016~2023,-,국회도서관,-,-,-,제4유형,저작물,보호저작물,○,상업적이용금지,○,○,○,○,○,○,X,-,-,-,-
,2941,영상,기록,국회도서관,국회기록보존소,HOME > 기록정보 콘텐츠 > 구술기록,정치활동 재개와 제17대 대통령 선거,-,2016~2023,1,미부착,제4유형,무,-,정치활동 재개와 제17대 대통령 선거,-,영상,영상,-,정치,한국어,-,2016~2023,-,국회도서관,-,-,-,제4유형,저작물,보호저작물,○,상업적이용금지,○,○,○,○,○,○,X,-,-,-,-
,2942,영상,기록,국회도서관,국회기록보존소,HOME > 기록정보 콘텐츠 > 구술기록,정치인생의 큰 보람과 한국 정치의 과제,-,2016~2023,1,미부착,제4유형,무,-,정치인생의 큰 보람과 한국 정치의 과제,-,영상,영상,-,정치,한국어,-,2016~2023,-,국회도서관,-,-,-,제4유형,저작물,보호저작물,○,상업적이용금지,○,○,○,○,○,○,X,-,-,-,-
,2943,영상,기록,국회도서관,국회기록보존소,HOME > 기록정보 콘텐츠 > 구술기록,제9대 국회의원 시기와 수배생활,-,2016~2023,1,미부착,제4유형,무,-,제9대 국회의원 시기와 수배생활,-,영상,영상,-,정치,한국어,-,2016~2023,-,국회도서관,-,-,-,제4유형,저작물,보호저작물,○,상업적이용금지,○,○,○,○,○,○,X,-,-,-,-
,2944,영상,기록,국회도서관,국회기록보존소,HOME > 기록정보 콘텐츠 > 구술기록,부모님에 대한 회고,-,2016~2023,1,미부착,제4유형,무,-,부모님에 대한 회고,-,영상,영상,-,정치,한국어,-,2016~2023,-,국회도서관,-,-,-,제4유형,저작물,보호저작물,○,상업적이용금지,○,○,○,○,○,○,X,-,-,-,-
,2945,영상,기록,국회도서관,국회기록보존소,HOME > 기록정보 콘텐츠 > 구술기록,제9·10대 국회 의정활동과 박정희 정부 말기의 정세,-,2016~2023,1,미부착,제4유형,무,-,제9·10대 국회 의정활동과 박정희 정부 말기의 정세,-,영상,영상,-,정치,한국어,-,2016~2023,-,국회도서관,-,-,-,제4유형,저작물,보호저작물,○,상업적이용금지,○,○,○,○,○,○,X,-,-,-,-
,2946,영상,기록,국회도서관,국회기록보존소,HOME > 기록정보 콘텐츠 > 구술기록,민주화추진협의회 활동과 제13대 대통령 야당 후보 단일화 노력,-,2016~2023,1,미부착,제4유형,무,-,민주화추진협의회 활동과 제13대 대통령 야당 후보 단일화 노력,-,영상,영상,-,정치,한국어,-,2016~2023,-,국회도서관,-,-,-,제4유형,저작물,보호저작물,○,상업적이용금지,○,○,○,○,○,○,X,-,-,-,-
,2947,영상,기록,국회도서관,국회기록보존소,HOME > 기록정보 콘텐츠 > 구술기록,제13대 대통령선거와 지역주의,-,2016~2023,1,미부착,제4유형,무,-,제13대 대통령선거와 지역주의,-,영상,영상,-,정치,한국어,-,2016~2023,-,국회도서관,-,-,-,제4유형,저작물,보호저작물,○,상업적이용금지,○,○,○,○,○,○,X,-,-,-,-
,2948,영상,기록,국회도서관,국회기록보존소,HOME > 기록정보 콘텐츠 > 구술기록,제13대 국회 문공위원회 활동,-,2016~2023,1,미부착,제4유형,무,-,제13대 국회 문공위원회 활동,-,영상,영상,-,정치,한국어,-,2016~2023,-,국회도서관,-,-,-,제4유형,저작물,보호저작물,○,상업적이용금지,○,○,○,○,○,○,X,-,-,-,-
,2949,영상,기록,국회도서관,국회기록보존소,HOME > 기록정보 콘텐츠 > 구술기록,제13대 국회 국방위원회 활동,-,2016~2023,1,미부착,제4유형,무,-,제13대 국회 국방위원회 활동,-,영상,영상,-,정치,한국어,-,2016~2023,-,국회도서관,-,-,-,제4유형,저작물,보호저작물,○,상업적이용금지,○,○,○,○,○,○,X,-,-,-,-
,2950,영상,기록,국회도서관,국회기록보존소,HOME > 기록정보 콘텐츠 > 구술기록,제16대 대통령 선거와 관련된 일화,-,2016~2023,1,미부착,제4유형,무,-,제16대 대통령 선거와 관련된 일화,-,영상,영상,-,정치,한국어,-,2016~2023,-,국회도서관,-,-,-,제4유형,저작물,보호저작물,○,상업적이용금지,○,○,○,○,○,○,X,-,-,-,-
,2951,영상,기록,국회도서관,국회기록보존소,HOME > 기록정보 콘텐츠 > 구술기록,사형제 폐지운동,-,2016~2023,1,미부착,제4유형,무,-,사형제 폐지운동,-,영상,영상,-,정치,한국어,-,2016~2023,-,국회도서관,-,-,-,제4유형,저작물,보호저작물,○,상업적이용금지,○,○,○,○,○,○,X,-,-,-,-
,2952,영상,기록,국회도서관,국회기록보존소,HOME > 기록정보 콘텐츠 > 구술기록,제15대 대통령 선거와 김대중 대통령,-,2016~2023,1,미부착,제4유형,무,-,제15대 대통령 선거와 김대중 대통령,-,영상,영상,-,정치,한국어,-,2016~2023,-,국회도서관,-,-,-,제4유형,저작물,보호저작물,○,상업적이용금지,○,○,○,○,○,○,X,-,-,-,-
,2953,영상,기록,국회도서관,국회기록보존소,HOME > 기록정보 콘텐츠 > 구술기록,비리사건과 정치자금 관련 제도 및 문화,-,2016~2023,1,미부착,제4유형,무,-,비리사건과 정치자금 관련 제도 및 문화,-,영상,영상,-,정치,한국어,-,2016~2023,-,국회도서관,-,-,-,제4유형,저작물,보호저작물,○,상업적이용금지,○,○,○,○,○,○,X,-,-,-,-
,2954,영상,기록,국회도서관,국회기록보존소,HOME > 기록정보 콘텐츠 > 구술기록,제16대 국회의원 선거와 지역구 발전을 위한 노력,-,2016~2023,1,미부착,제4유형,무,-,제16대 국회의원 선거와 지역구 발전을 위한 노력,-,영상,영상,-,정치,한국어,-,2016~2023,-,국회도서관,-,-,-,제4유형,저작물,보호저작물,○,상업적이용금지,○,○,○,○,○,○,X,-,-,-,-
,2955,영상,기록,국회도서관,국회기록보존소,HOME > 기록정보 콘텐츠 > 구술기록,시작멘트,-,2016~2023,1,미부착,제4유형,무,-,시작멘트,-,영상,영상,-,정치,한국어,-,2016~2023,-,국회도서관,-,-,-,제4유형,저작물,보호저작물,○,상업적이용금지,○,○,○,○,○,○,X,-,-,-,-
,2956,영상,기록,국회도서관,국회기록보존소,HOME > 기록정보 콘텐츠 > 구술기록,제13대 국회의원 선거와 소선거구제,-,2016~2023,1,미부착,제4유형,무,-,제13대 국회의원 선거와 소선거구제,-,영상,영상,-,정치,한국어,-,2016~2023,-,국회도서관,-,-,-,제4유형,저작물,보호저작물,○,상업적이용금지,○,○,○,○,○,○,X,-,-,-,-
,2957,영상,기록,국회도서관,국회기록보존소,HOME > 기록정보 콘텐츠 > 구술기록,시작멘트,-,2016~2023,1,미부착,제4유형,무,-,시작멘트,-,영상,영상,-,정치,한국어,-,2016~2023,-,국회도서관,-,-,-,제4유형,저작물,보호저작물,○,상업적이용금지,○,○,○,○,○,○,X,-,-,-,-
,2958,영상,기록,국회도서관,국회기록보존소,HOME > 기록정보 콘텐츠 > 구술기록,시작멘트,-,2016~2023,1,미부착,제4유형,무,-,시작멘트,-,영상,영상,-,정치,한국어,-,2016~2023,-,국회도서관,-,-,-,제4유형,저작물,보호저작물,○,상업적이용금지,○,○,○,○,○,○,X,-,-,-,-
,2959,영상,기록,국회도서관,국회기록보존소,HOME > 기록정보 콘텐츠 > 구술기록,학창시절과 정치입문,-,2016~2023,1,미부착,제4유형,무,-,학창시절과 정치입문,-,영상,영상,-,정치,한국어,-,2016~2023,-,국회도서관,-,-,-,제4유형,저작물,보호저작물,○,상업적이용금지,○,○,○,○,○,○,X,-,-,-,-
,2960,영상,기록,국회도서관,국회기록보존소,HOME > 기록정보 콘텐츠 > 구술기록,정대철 전 국회의원 구술채록,-,2016~2023,1,미부착,제4유형,무,-,정대철 전 국회의원 구술채록,-,영상,영상,-,정치,한국어,-,2016~2023,-,국회도서관,-,-,-,제4유형,저작물,보호저작물,○,상업적이용금지,○,○,○,○,○,○,X,-,-,-,-
,2961,영상,기록,국회도서관,국회기록보존소,HOME > 기록정보 콘텐츠 > 구술기록,야권통합 노력과 민주당 창당,-,2016~2023,1,미부착,제4유형,무,-,야권통합 노력과 민주당 창당,-,영상,영상,-,정치,한국어,-,2016~2023,-,국회도서관,-,-,-,제4유형,저작물,보호저작물,○,상업적이용금지,○,○,○,○,○,○,X,-,-,-,-
,2962,영상,기록,국회도서관,국회기록보존소,HOME > 기록정보 콘텐츠 > 구술기록,제14대 국회의원 선거와 제14대 대통령 선거,-,2016~2023,1,미부착,제4유형,무,-,제14대 국회의원 선거와 제14대 대통령 선거,-,영상,영상,-,정치,한국어,-,2016~2023,-,국회도서관,-,-,-,제4유형,저작물,보호저작물,○,상업적이용금지,○,○,○,○,○,○,X,-,-,-,-
,2963,영상,기록,국회도서관,국회기록보존소,HOME > 기록정보 콘텐츠 > 구술기록,제14대 국회 국방위원회 활동,-,2016~2023,1,미부착,제4유형,무,-,제14대 국회 국방위원회 활동,-,영상,영상,-,정치,한국어,-,2016~2023,-,국회도서관,-,-,-,제4유형,저작물,보호저작물,○,상업적이용금지,○,○,○,○,○,○,X,-,-,-,-
,2964,영상,기록,국회도서관,국회기록보존소,HOME > 기록정보 콘텐츠 > 구술기록,혁명내각 참여 및 공직 활동,-,2016~2023,1,미부착,제4유형,무,-,혁명내각 참여 및 공직 활동,-,영상,영상,-,정치,한국어,-,2016~2023,-,국회도서관,-,-,-,제4유형,저작물,보호저작물,○,상업적이용금지,○,○,○,○,○,○,X,-,-,-,-
,2965,영상,기록,국회도서관,국회기록보존소,HOME > 기록정보 콘텐츠 > 구술기록,정치 입문 배경과 활동,-,2016~2023,1,미부착,제4유형,무,-,정치 입문 배경과 활동,-,영상,영상,-,정치,한국어,-,2016~2023,-,국회도서관,-,-,-,제4유형,저작물,보호저작물,○,상업적이용금지,○,○,○,○,○,○,X,-,-,-,-
,2966,영상,기록,국회도서관,국회기록보존소,HOME > 기록정보 콘텐츠 > 구술기록,제10대 국회의원 재임 시기 활동,-,2016~2023,1,미부착,제4유형,무,-,제10대 국회의원 재임 시기 활동,-,영상,영상,-,정치,한국어,-,2016~2023,-,국회도서관,-,-,-,제4유형,저작물,보호저작물,○,상업적이용금지,○,○,○,○,○,○,X,-,-,-,-
,2967,영상,기록,국회도서관,국회기록보존소,HOME > 기록정보 콘텐츠 > 구술기록,제11대 국회의장 재임 시기 활동,-,2016~2023,1,미부착,제4유형,무,-,제11대 국회의장 재임 시기 활동,-,영상,영상,-,정치,한국어,-,2016~2023,-,국회도서관,-,-,-,제4유형,저작물,보호저작물,○,상업적이용금지,○,○,○,○,○,○,X,-,-,-,-
,2968,영상,기록,국회도서관,국회기록보존소,HOME > 기록정보 콘텐츠 > 구술기록,시작멘트,-,2016~2023,1,미부착,제4유형,무,-,시작멘트,-,영상,영상,-,정치,한국어,-,2016~2023,-,국회도서관,-,-,-,제4유형,저작물,보호저작물,○,상업적이용금지,○,○,○,○,○,○,X,-,-,-,-
,2969,영상,기록,국회도서관,국회기록보존소,HOME > 기록정보 콘텐츠 > 구술기록,최근 근황 및 성장과정,-,2016~2023,1,미부착,제4유형,무,-,최근 근황 및 성장과정,-,영상,영상,-,정치,한국어,-,2016~2023,-,국회도서관,-,-,-,제4유형,저작물,보호저작물,○,상업적이용금지,○,○,○,○,○,○,X,-,-,-,-
,2970,영상,기록,국회도서관,국회기록보존소,HOME > 기록정보 콘텐츠 > 구술기록,대통령의 정상외교와 입법부의 역할,-,2016~2023,1,미부착,제4유형,무,-,대통령의 정상외교와 입법부의 역할,-,영상,영상,-,정치,한국어,-,2016~2023,-,국회도서관,-,-,-,제4유형,저작물,보호저작물,○,상업적이용금지,○,○,○,○,○,○,X,-,-,-,-
,2971,영상,기록,국회도서관,국회기록보존소,HOME > 기록정보 콘텐츠 > 구술기록,개헌에 대한 견해,-,2016~2023,1,미부착,제4유형,무,-,개헌에 대한 견해,-,영상,영상,-,정치,한국어,-,2016~2023,-,국회도서관,-,-,-,제4유형,저작물,보호저작물,○,상업적이용금지,○,○,○,○,○,○,X,-,-,-,-
,2972,영상,기록,국회도서관,국회기록보존소,HOME > 기록정보 콘텐츠 > 구술기록,시작멘트,-,2016~2023,1,미부착,제4유형,무,-,시작멘트,-,영상,영상,-,정치,한국어,-,2016~2023,-,국회도서관,-,-,-,제4유형,저작물,보호저작물,○,상업적이용금지,○,○,○,○,○,○,X,-,-,-,-
,2973,영상,기록,국회도서관,국회기록보존소,HOME > 기록정보 콘텐츠 > 구술기록,의원 보좌진의 규모와 입법지원 시스템에 대한 견해,-,2016~2023,1,미부착,제4유형,무,-,의원 보좌진의 규모와 입법지원 시스템에 대한 견해,-,영상,영상,-,정치,한국어,-,2016~2023,-,국회도서관,-,-,-,제4유형,저작물,보호저작물,○,상업적이용금지,○,○,○,○,○,○,X,-,-,-,-
,2974,영상,기록,국회도서관,국회기록보존소,HOME > 기록정보 콘텐츠 > 구술기록,국회의장 활동에 대한 총평,-,2016~2023,1,미부착,제4유형,무,-,국회의장 활동에 대한 총평,-,영상,영상,-,정치,한국어,-,2016~2023,-,국회도서관,-,-,-,제4유형,저작물,보호저작물,○,상업적이용금지,○,○,○,○,○,○,X,-,-,-,-
,2975,영상,기록,국회도서관,국회기록보존소,HOME > 기록정보 콘텐츠 > 구술기록,가족 소개 및 향후 계획,-,2016~2023,1,미부착,제4유형,무,-,가족 소개 및 향후 계획,-,영상,영상,-,정치,한국어,-,2016~2023,-,국회도서관,-,-,-,제4유형,저작물,보호저작물,○,상업적이용금지,○,○,○,○,○,○,X,-,-,-,-
,2976,영상,기록,국회도서관,국회기록보존소,HOME > 기록정보 콘텐츠 > 구술기록,국회와 여당의 바람직한 역할에 대한 조언,-,2016~2023,1,미부착,제4유형,무,-,국회와 여당의 바람직한 역할에 대한 조언,-,영상,영상,-,정치,한국어,-,2016~2023,-,국회도서관,-,-,-,제4유형,저작물,보호저작물,○,상업적이용금지,○,○,○,○,○,○,X,-,-,-,-
,2977,영상,기록,국회도서관,국회기록보존소,HOME > 기록정보 콘텐츠 > 구술기록,남북관계에 대한 견해,-,2016~2023,1,미부착,제4유형,무,-,남북관계에 대한 견해,-,영상,영상,-,정치,한국어,-,2016~2023,-,국회도서관,-,-,-,제4유형,저작물,보호저작물,○,상업적이용금지,○,○,○,○,○,○,X,-,-,-,-
,2978,영상,기록,국회도서관,국회기록보존소,HOME > 기록정보 콘텐츠 > 구술기록,국민들께 전하는 메시지,-,2016~2023,1,미부착,제4유형,무,-,국민들께 전하는 메시지,-,영상,영상,-,정치,한국어,-,2016~2023,-,국회도서관,-,-,-,제4유형,저작물,보호저작물,○,상업적이용금지,○,○,○,○,○,○,X,-,-,-,-
,2979,영상,기록,국회도서관,국회기록보존소,HOME > 기록정보 콘텐츠 > 구술기록,정계 입문 배경,-,2016~2023,1,미부착,제4유형,무,-,정계 입문 배경,-,영상,영상,-,정치,한국어,-,2016~2023,-,국회도서관,-,-,-,제4유형,저작물,보호저작물,○,상업적이용금지,○,○,○,○,○,○,X,-,-,-,-
,2980,영상,기록,국회도서관,국회기록보존소,HOME > 기록정보 콘텐츠 > 구술기록,제15대 국회의원 선거 출마,-,2016~2023,1,미부착,제4유형,무,-,제15대 국회의원 선거 출마,-,영상,영상,-,정치,한국어,-,2016~2023,-,국회도서관,-,-,-,제4유형,저작물,보호저작물,○,상업적이용금지,○,○,○,○,○,○,X,-,-,-,-
,2981,영상,기록,국회도서관,국회기록보존소,HOME > 기록정보 콘텐츠 > 구술기록,초선 의원 활동,-,2016~2023,1,미부착,제4유형,무,-,초선 의원 활동,-,영상,영상,-,정치,한국어,-,2016~2023,-,국회도서관,-,-,-,제4유형,저작물,보호저작물,○,상업적이용금지,○,○,○,○,○,○,X,-,-,-,-
,2982,영상,기록,국회도서관,국회기록보존소,HOME > 기록정보 콘텐츠 > 구술기록,시작멘트,-,2016~2023,1,미부착,제4유형,무,-,시작멘트,-,영상,영상,-,정치,한국어,-,2016~2023,-,국회도서관,-,-,-,제4유형,저작물,보호저작물,○,상업적이용금지,○,○,○,○,○,○,X,-,-,-,-
,2983,영상,기록,국회도서관,국회기록보존소,HOME > 기록정보 콘텐츠 > 구술기록,한보 청문회 관련 일화,-,2016~2023,1,미부착,제4유형,무,-,한보 청문회 관련 일화,-,영상,영상,-,정치,한국어,-,2016~2023,-,국회도서관,-,-,-,제4유형,저작물,보호저작물,○,상업적이용금지,○,○,○,○,○,○,X,-,-,-,-
,2984,영상,기록,국회도서관,국회기록보존소,HOME > 기록정보 콘텐츠 > 구술기록,1997년 대통령선거와 새천면민주당 창당 배경,-,2016~2023,1,미부착,제4유형,무,-,1997년 대통령선거와 새천면민주당 창당 배경,-,영상,영상,-,정치,한국어,-,2016~2023,-,국회도서관,-,-,-,제4유형,저작물,보호저작물,○,상업적이용금지,○,○,○,○,○,○,X,-,-,-,-
,2985,영상,기록,국회도서관,국회기록보존소,HOME > 기록정보 콘텐츠 > 구술기록,외환위기와 노사정위원회 활동,-,2016~2023,1,미부착,제4유형,무,-,외환위기와 노사정위원회 활동,-,영상,영상,-,정치,한국어,-,2016~2023,-,국회도서관,-,-,-,제4유형,저작물,보호저작물,○,상업적이용금지,○,○,○,○,○,○,X,-,-,-,-
,2986,영상,기록,국회도서관,국회기록보존소,HOME > 기록정보 콘텐츠 > 구술기록,국민의 정부 시기 입법 활동,-,2016~2023,1,미부착,제4유형,무,-,국민의 정부 시기 입법 활동,-,영상,영상,-,정치,한국어,-,2016~2023,-,국회도서관,-,-,-,제4유형,저작물,보호저작물,○,상업적이용금지,○,○,○,○,○,○,X,-,-,-,-
,2987,영상,기록,국회도서관,국회기록보존소,HOME > 기록정보 콘텐츠 > 구술기록,제16대 총선거,-,2016~2023,1,미부착,제4유형,무,-,제16대 총선거,-,영상,영상,-,정치,한국어,-,2016~2023,-,국회도서관,-,-,-,제4유형,저작물,보호저작물,○,상업적이용금지,○,○,○,○,○,○,X,-,-,-,-
,2988,영상,기록,국회도서관,국회기록보존소,HOME > 기록정보 콘텐츠 > 구술기록,제16대 국회 시기 의정 활동,-,2016~2023,1,미부착,제4유형,무,-,제16대 국회 시기 의정 활동,-,영상,영상,-,정치,한국어,-,2016~2023,-,국회도서관,-,-,-,제4유형,저작물,보호저작물,○,상업적이용금지,○,○,○,○,○,○,X,-,-,-,-
,2989,영상,기록,국회도서관,국회기록보존소,HOME > 기록정보 콘텐츠 > 구술기록,시작멘트,-,2016~2023,1,미부착,제4유형,무,-,시작멘트,-,영상,영상,-,정치,한국어,-,2016~2023,-,국회도서관,-,-,-,제4유형,저작물,보호저작물,○,상업적이용금지,○,○,○,○,○,○,X,-,-,-,-
,2990,영상,기록,국회도서관,국회기록보존소,HOME > 기록정보 콘텐츠 > 구술기록,최근 근황 및 성장과정,-,2016~2023,1,미부착,제4유형,무,-,최근 근황 및 성장과정,-,영상,영상,-,정치,한국어,-,2016~2023,-,국회도서관,-,-,-,제4유형,저작물,보호저작물,○,상업적이용금지,○,○,○,○,○,○,X,-,-,-,-
,2991,영상,기록,국회도서관,국회기록보존소,HOME > 기록정보 콘텐츠 > 구술기록,대학 재학 시절,-,2016~2023,1,미부착,제4유형,무,-,대학 재학 시절,-,영상,영상,-,정치,한국어,-,2016~2023,-,국회도서관,-,-,-,제4유형,저작물,보호저작물,○,상업적이용금지,○,○,○,○,○,○,X,-,-,-,-
,2992,영상,기록,국회도서관,국회기록보존소,HOME > 기록정보 콘텐츠 > 구술기록,대기업 입사,-,2016~2023,1,미부착,제4유형,무,-,대기업 입사,-,영상,영상,-,정치,한국어,-,2016~2023,-,국회도서관,-,-,-,제4유형,저작물,보호저작물,○,상업적이용금지,○,○,○,○,○,○,X,-,-,-,-
,2993,영상,기록,국회도서관,국회기록보존소,HOME > 기록정보 콘텐츠 > 구술기록,해외 파견 근무,-,2016~2023,1,미부착,제4유형,무,-,해외 파견 근무,-,영상,영상,-,정치,한국어,-,2016~2023,-,국회도서관,-,-,-,제4유형,저작물,보호저작물,○,상업적이용금지,○,○,○,○,○,○,X,-,-,-,-
,2994,영상,기록,국회도서관,국회기록보존소,HOME > 기록정보 콘텐츠 > 구술기록,2002년 대통령선거 과정,-,2016~2023,1,미부착,제4유형,무,-,2002년 대통령선거 과정,-,영상,영상,-,정치,한국어,-,2016~2023,-,국회도서관,-,-,-,제4유형,저작물,보호저작물,○,상업적이용금지,○,○,○,○,○,○,X,-,-,-,-
,2995,영상,기록,국회도서관,국회기록보존소,HOME > 기록정보 콘텐츠 > 구술기록,열린우리당과 노무현 대통령 탄핵소추안 통과에 대한 회고,-,2016~2023,1,미부착,제4유형,무,-,열린우리당과 노무현 대통령 탄핵소추안 통과에 대한 회고,-,영상,영상,-,정치,한국어,-,2016~2023,-,국회도서관,-,-,-,제4유형,저작물,보호저작물,○,상업적이용금지,○,○,○,○,○,○,X,-,-,-,-
,2996,영상,기록,국회도서관,국회기록보존소,HOME > 기록정보 콘텐츠 > 구술기록,제17대 총선거와 4대 개혁입법,-,2016~2023,1,미부착,제4유형,무,-,제17대 총선거와 4대 개혁입법,-,영상,영상,-,정치,한국어,-,2016~2023,-,국회도서관,-,-,-,제4유형,저작물,보호저작물,○,상업적이용금지,○,○,○,○,○,○,X,-,-,-,-
,2997,영상,기록,국회도서관,국회기록보존소,HOME > 기록정보 콘텐츠 > 구술기록,산업자원부 장관 재임 시절의 행보,-,2016~2023,1,미부착,제4유형,무,-,산업자원부 장관 재임 시절의 행보,-,영상,영상,-,정치,한국어,-,2016~2023,-,국회도서관,-,-,-,제4유형,저작물,보호저작물,○,상업적이용금지,○,○,○,○,○,○,X,-,-,-,-
,2998,영상,기록,국회도서관,국회기록보존소,HOME > 기록정보 콘텐츠 > 구술기록,열린우리당 당 대표 시기의 일화,-,2016~2023,1,미부착,제4유형,무,-,열린우리당 당 대표 시기의 일화,-,영상,영상,-,정치,한국어,-,2016~2023,-,국회도서관,-,-,-,제4유형,저작물,보호저작물,○,상업적이용금지,○,○,○,○,○,○,X,-,-,-,-
,2999,영상,기록,국회도서관,국회기록보존소,HOME > 기록정보 콘텐츠 > 구술기록,시작멘트,-,2016~2023,1,미부착,제4유형,무,-,시작멘트,-,영상,영상,-,정치,한국어,-,2016~2023,-,국회도서관,-,-,-,제4유형,저작물,보호저작물,○,상업적이용금지,○,○,○,○,○,○,X,-,-,-,-
,3000,영상,기록,국회도서관,국회기록보존소,HOME > 기록정보 콘텐츠 > 구술기록,제18대 총선거 과정 회고,-,2016~2023,1,미부착,제4유형,무,-,제18대 총선거 과정 회고,-,영상,영상,-,정치,한국어,-,2016~2023,-,국회도서관,-,-,-,제4유형,저작물,보호저작물,○,상업적이용금지,○,○,○,○,○,○,X,-,-,-,-
,3001,영상,기록,국회도서관,국회기록보존소,HOME > 기록정보 콘텐츠 > 구술기록,제19대 총선거 종로구에서 당선,-,2016~2023,1,미부착,제4유형,무,-,제19대 총선거 종로구에서 당선,-,영상,영상,-,정치,한국어,-,2016~2023,-,국회도서관,-,-,-,제4유형,저작물,보호저작물,○,상업적이용금지,○,○,○,○,○,○,X,-,-,-,-
,3002,영상,기록,국회도서관,국회기록보존소,HOME > 기록정보 콘텐츠 > 구술기록,제20대 국회의원 선거,-,2016~2023,1,미부착,제4유형,무,-,제20대 국회의원 선거,-,영상,영상,-,정치,한국어,-,2016~2023,-,국회도서관,-,-,-,제4유형,저작물,보호저작물,○,상업적이용금지,○,○,○,○,○,○,X,-,-,-,-
,3003,영상,기록,국회도서관,국회기록보존소,HOME > 기록정보 콘텐츠 > 구술기록,2007년도 대선에 대한 평가,-,2016~2023,1,미부착,제4유형,무,-,2007년도 대선에 대한 평가,-,영상,영상,-,정치,한국어,-,2016~2023,-,국회도서관,-,-,-,제4유형,저작물,보호저작물,○,상업적이용금지,○,○,○,○,○,○,X,-,-,-,-
,3004,영상,기록,국회도서관,국회기록보존소,HOME > 기록정보 콘텐츠 > 구술기록,제20대 전반기 국회의장 취임,-,2016~2023,1,미부착,제4유형,무,-,제20대 전반기 국회의장 취임,-,영상,영상,-,정치,한국어,-,2016~2023,-,국회도서관,-,-,-,제4유형,저작물,보호저작물,○,상업적이용금지,○,○,○,○,○,○,X,-,-,-,-
,3005,영상,기록,국회도서관,국회기록보존소,HOME > 기록정보 콘텐츠 > 구술기록,국회의원 특권 내려놓기 추진위원회 활동,-,2016~2023,1,미부착,제4유형,무,-,국회의원 특권 내려놓기 추진위원회 활동,-,영상,영상,-,정치,한국어,-,2016~2023,-,국회도서관,-,-,-,제4유형,저작물,보호저작물,○,상업적이용금지,○,○,○,○,○,○,X,-,-,-,-
,3006,영상,기록,국회도서관,국회기록보존소,HOME > 기록정보 콘텐츠 > 구술기록,동북아 평화협력 의원외교단 활동 및 장관 해임결의안 처리,-,2016~2023,1,미부착,제4유형,무,-,동북아 평화협력 의원외교단 활동 및 장관 해임결의안 처리,-,영상,영상,-,정치,한국어,-,2016~2023,-,국회도서관,-,-,-,제4유형,저작물,보호저작물,○,상업적이용금지,○,○,○,○,○,○,X,-,-,-,-
,3007,영상,기록,국회도서관,국회기록보존소,HOME > 기록정보 콘텐츠 > 구술기록,국회 청소노동자 정규직 전환 결정 과정,-,2016~2023,1,미부착,제4유형,무,-,국회 청소노동자 정규직 전환 결정 과정,-,영상,영상,-,정치,한국어,-,2016~2023,-,국회도서관,-,-,-,제4유형,저작물,보호저작물,○,상업적이용금지,○,○,○,○,○,○,X,-,-,-,-
,3008,영상,기록,국회도서관,국회기록보존소,HOME > 기록정보 콘텐츠 > 구술기록,박근혜 대통령 탄핵소추안 통과,-,2016~2023,1,미부착,제4유형,무,-,박근혜 대통령 탄핵소추안 통과,-,영상,영상,-,정치,한국어,-,2016~2023,-,국회도서관,-,-,-,제4유형,저작물,보호저작물,○,상업적이용금지,○,○,○,○,○,○,X,-,-,-,-
,3009,영상,기록,국회도서관,국회기록보존소,HOME > 기록정보 콘텐츠 > 구술기록,국회의장 재임 말기의 주요 사안,-,2016~2023,1,미부착,제4유형,무,-,국회의장 재임 말기의 주요 사안,-,영상,영상,-,정치,한국어,-,2016~2023,-,국회도서관,-,-,-,제4유형,저작물,보호저작물,○,상업적이용금지,○,○,○,○,○,○,X,-,-,-,-
,3010,영상,기록,국회도서관,국회기록보존소,HOME > 기록정보 콘텐츠 > 구술기록,국회도서관 부산 분관 신설의 의미,-,2016~2023,1,미부착,제4유형,무,-,국회도서관 부산 분관 신설의 의미,-,영상,영상,-,정치,한국어,-,2016~2023,-,국회도서관,-,-,-,제4유형,저작물,보호저작물,○,상업적이용금지,○,○,○,○,○,○,X,-,-,-,-
,3011,영상,기록,국회도서관,국회기록보존소,HOME > 기록정보 콘텐츠 > 구술기록,복지에 관한 철학,-,2016~2023,1,미부착,제4유형,무,-,복지에 관한 철학,-,영상,영상,-,정치,한국어,-,2016~2023,-,국회도서관,-,-,-,제4유형,저작물,보호저작물,○,상업적이용금지,○,○,○,○,○,○,X,-,-,-,-
,3012,영상,기록,국회도서관,국회기록보존소,HOME > 기록정보 콘텐츠 > 구술기록,의료보험과 고용문제에 대한 해법,-,2016~2023,1,미부착,제4유형,무,-,의료보험과 고용문제에 대한 해법,-,영상,영상,-,정치,한국어,-,2016~2023,-,국회도서관,-,-,-,제4유형,저작물,보호저작물,○,상업적이용금지,○,○,○,○,○,○,X,-,-,-,-
,3013,영상,기록,국회도서관,국회기록보존소,HOME > 기록정보 콘텐츠 > 구술기록,교육문제에 관한 기본입장,-,2016~2023,1,미부착,제4유형,무,-,교육문제에 관한 기본입장,-,영상,영상,-,정치,한국어,-,2016~2023,-,국회도서관,-,-,-,제4유형,저작물,보호저작물,○,상업적이용금지,○,○,○,○,○,○,X,-,-,-,-
,3014,영상,기록,국회도서관,국회기록보존소,HOME > 기록정보 콘텐츠 > 구술기록,대한민국 국회 발전을 위한 조언,-,2016~2023,1,미부착,제4유형,무,-,대한민국 국회 발전을 위한 조언,-,영상,영상,-,정치,한국어,-,2016~2023,-,국회도서관,-,-,-,제4유형,저작물,보호저작물,○,상업적이용금지,○,○,○,○,○,○,X,-,-,-,-
,3015,영상,기록,국회도서관,국회기록보존소,HOME > 기록정보 콘텐츠 > 구술기록,시작멘트,-,2016~2023,1,미부착,제4유형,무,-,시작멘트,-,영상,영상,-,정치,한국어,-,2016~2023,-,국회도서관,-,-,-,제4유형,저작물,보호저작물,○,상업적이용금지,○,○,○,○,○,○,X,-,-,-,-
,3016,영상,기록,국회도서관,국회기록보존소,HOME > 기록정보 콘텐츠 > 구술기록,최근 근황,-,2016~2023,1,미부착,제4유형,무,-,최근 근황,-,영상,영상,-,정치,한국어,-,2016~2023,-,국회도서관,-,-,-,제4유형,저작물,보호저작물,○,상업적이용금지,○,○,○,○,○,○,X,-,-,-,-
,3017,영상,기록,국회도서관,국회기록보존소,HOME > 기록정보 콘텐츠 > 구술기록,출생과 유년시절,-,2016~2023,1,미부착,제4유형,무,-,출생과 유년시절,-,영상,영상,-,정치,한국어,-,2016~2023,-,국회도서관,-,-,-,제4유형,저작물,보호저작물,○,상업적이용금지,○,○,○,○,○,○,X,-,-,-,-
,3018,영상,기록,국회도서관,국회기록보존소,HOME > 기록정보 콘텐츠 > 구술기록,선조로부터 물려받은 성향,-,2016~2023,1,미부착,제4유형,무,-,선조로부터 물려받은 성향,-,영상,영상,-,정치,한국어,-,2016~2023,-,국회도서관,-,-,-,제4유형,저작물,보호저작물,○,상업적이용금지,○,○,○,○,○,○,X,-,-,-,-
,3019,영상,기록,국회도서관,국회기록보존소,HOME > 기록정보 콘텐츠 > 구술기록,제16대 국회 재정경제위원회 간사시절 일화,-,2016~2023,1,미부착,제4유형,무,-,제16대 국회 재정경제위원회 간사시절 일화,-,영상,영상,-,정치,한국어,-,2016~2023,-,국회도서관,-,-,-,제4유형,저작물,보호저작물,○,상업적이용금지,○,○,○,○,○,○,X,-,-,-,-
,3020,영상,기록,국회도서관,국회기록보존소,HOME > 기록정보 콘텐츠 > 구술기록,부산으로 이주,-,2016~2023,1,미부착,제4유형,무,-,부산으로 이주,-,영상,영상,-,정치,한국어,-,2016~2023,-,국회도서관,-,-,-,제4유형,저작물,보호저작물,○,상업적이용금지,○,○,○,○,○,○,X,-,-,-,-
,3021,영상,기록,국회도서관,국회기록보존소,HOME > 기록정보 콘텐츠 > 구술기록,학창시절 취미활동,-,2016~2023,1,미부착,제4유형,무,-,학창시절 취미활동,-,영상,영상,-,정치,한국어,-,2016~2023,-,국회도서관,-,-,-,제4유형,저작물,보호저작물,○,상업적이용금지,○,○,○,○,○,○,X,-,-,-,-
,3022,영상,기록,국회도서관,국회기록보존소,HOME > 기록정보 콘텐츠 > 구술기록,의과대학 진학 배경,-,2016~2023,1,미부착,제4유형,무,-,의과대학 진학 배경,-,영상,영상,-,정치,한국어,-,2016~2023,-,국회도서관,-,-,-,제4유형,저작물,보호저작물,○,상업적이용금지,○,○,○,○,○,○,X,-,-,-,-
,3023,영상,기록,국회도서관,국회기록보존소,HOME > 기록정보 콘텐츠 > 구술기록,우리나라 의료 환경 개선의 필요성,-,2016~2023,1,미부착,제4유형,무,-,우리나라 의료 환경 개선의 필요성,-,영상,영상,-,정치,한국어,-,2016~2023,-,국회도서관,-,-,-,제4유형,저작물,보호저작물,○,상업적이용금지,○,○,○,○,○,○,X,-,-,-,-
,3024,영상,기록,국회도서관,국회기록보존소,HOME > 기록정보 콘텐츠 > 구술기록,시작멘트,-,2016~2023,1,미부착,제4유형,무,-,시작멘트,-,영상,영상,-,정치,한국어,-,2016~2023,-,국회도서관,-,-,-,제4유형,저작물,보호저작물,○,상업적이용금지,○,○,○,○,○,○,X,-,-,-,-
,3025,영상,기록,국회도서관,국회기록보존소,HOME > 기록정보 콘텐츠 > 구술기록,국회선진화법의 한계,-,2016~2023,1,미부착,제4유형,무,-,국회선진화법의 한계,-,영상,영상,-,정치,한국어,-,2016~2023,-,국회도서관,-,-,-,제4유형,저작물,보호저작물,○,상업적이용금지,○,○,○,○,○,○,X,-,-,-,-
,3026,영상,기록,국회도서관,국회기록보존소,HOME > 기록정보 콘텐츠 > 구술기록,가족 소개,-,2016~2023,1,미부착,제4유형,무,-,가족 소개,-,영상,영상,-,정치,한국어,-,2016~2023,-,국회도서관,-,-,-,제4유형,저작물,보호저작물,○,상업적이용금지,○,○,○,○,○,○,X,-,-,-,-
,3027,영상,기록,국회도서관,국회기록보존소,HOME > 기록정보 콘텐츠 > 구술기록,봉생병원과 봉생문화회,-,2016~2023,1,미부착,제4유형,무,-,봉생병원과 봉생문화회,-,영상,영상,-,정치,한국어,-,2016~2023,-,국회도서관,-,-,-,제4유형,저작물,보호저작물,○,상업적이용금지,○,○,○,○,○,○,X,-,-,-,-
,3028,영상,기록,국회도서관,국회기록보존소,HOME > 기록정보 콘텐츠 > 구술기록,봉생복지문화재단 설립,-,2016~2023,1,미부착,제4유형,무,-,봉생복지문화재단 설립,-,영상,영상,-,정치,한국어,-,2016~2023,-,국회도서관,-,-,-,제4유형,저작물,보호저작물,○,상업적이용금지,○,○,○,○,○,○,X,-,-,-,-
,3029,영상,기록,국회도서관,국회기록보존소,HOME > 기록정보 콘텐츠 > 구술기록,동서화합을 위한 활동의 배경,-,2016~2023,1,미부착,제4유형,무,-,동서화합을 위한 활동의 배경,-,영상,영상,-,정치,한국어,-,2016~2023,-,국회도서관,-,-,-,제4유형,저작물,보호저작물,○,상업적이용금지,○,○,○,○,○,○,X,-,-,-,-
,3030,영상,기록,국회도서관,국회기록보존소,HOME > 기록정보 콘텐츠 > 구술기록,"여수엑스포, 아시아문화전당 및 광주유니버시아드대회 관련 활동",-,2016~2023,1,미부착,제4유형,무,-,"여수엑스포, 아시아문화전당 및 광주유니버시아드대회 관련 활동",-,영상,영상,-,정치,한국어,-,2016~2023,-,국회도서관,-,-,-,제4유형,저작물,보호저작물,○,상업적이용금지,○,○,○,○,○,○,X,-,-,-,-
,3031,영상,기록,국회도서관,국회기록보존소,HOME > 기록정보 콘텐츠 > 구술기록,정계입문의 배경,-,2016~2023,1,미부착,제4유형,무,-,정계입문의 배경,-,영상,영상,-,정치,한국어,-,2016~2023,-,국회도서관,-,-,-,제4유형,저작물,보호저작물,○,상업적이용금지,○,○,○,○,○,○,X,-,-,-,-
,3032,영상,기록,국회도서관,국회기록보존소,HOME > 기록정보 콘텐츠 > 구술기록,제15대 총선 공천 과정,-,2016~2023,1,미부착,제4유형,무,-,제15대 총선 공천 과정,-,영상,영상,-,정치,한국어,-,2016~2023,-,국회도서관,-,-,-,제4유형,저작물,보호저작물,○,상업적이용금지,○,○,○,○,○,○,X,-,-,-,-
,3033,영상,기록,국회도서관,국회기록보존소,HOME > 기록정보 콘텐츠 > 구술기록,초선의원시절 의정활동,-,2016~2023,1,미부착,제4유형,무,-,초선의원시절 의정활동,-,영상,영상,-,정치,한국어,-,2016~2023,-,국회도서관,-,-,-,제4유형,저작물,보호저작물,○,상업적이용금지,○,○,○,○,○,○,X,-,-,-,-
,3034,영상,기록,국회도서관,국회기록보존소,HOME > 기록정보 콘텐츠 > 구술기록,깨끗한 선거를 위한 노력,-,2016~2023,1,미부착,제4유형,무,-,깨끗한 선거를 위한 노력,-,영상,영상,-,정치,한국어,-,2016~2023,-,국회도서관,-,-,-,제4유형,저작물,보호저작물,○,상업적이용금지,○,○,○,○,○,○,X,-,-,-,-
,3035,영상,기록,국회도서관,국회기록보존소,HOME > 기록정보 콘텐츠 > 구술기록,제15대 및 제16대 대통령선거 시기 활동,-,2016~2023,1,미부착,제4유형,무,-,제15대 및 제16대 대통령선거 시기 활동,-,영상,영상,-,정치,한국어,-,2016~2023,-,국회도서관,-,-,-,제4유형,저작물,보호저작물,○,상업적이용금지,○,○,○,○,○,○,X,-,-,-,-
,3036,영상,기록,국회도서관,국회기록보존소,HOME > 기록정보 콘텐츠 > 구술기록,제16대 국회시기 대통령탄핵 사태,-,2016~2023,1,미부착,제4유형,무,-,제16대 국회시기 대통령탄핵 사태,-,영상,영상,-,정치,한국어,-,2016~2023,-,국회도서관,-,-,-,제4유형,저작물,보호저작물,○,상업적이용금지,○,○,○,○,○,○,X,-,-,-,-
,3037,영상,기록,국회도서관,국회기록보존소,HOME > 기록정보 콘텐츠 > 구술기록,국회의 위상과 국가권력의 균형,-,2016~2023,1,미부착,제4유형,무,-,국회의 위상과 국가권력의 균형,-,영상,영상,-,정치,한국어,-,2016~2023,-,국회도서관,-,-,-,제4유형,저작물,보호저작물,○,상업적이용금지,○,○,○,○,○,○,X,-,-,-,-
,3038,영상,기록,국회도서관,국회기록보존소,HOME > 기록정보 콘텐츠 > 구술기록,제17대 국회시기 주요 입법활동,-,2016~2023,1,미부착,제4유형,무,-,제17대 국회시기 주요 입법활동,-,영상,영상,-,정치,한국어,-,2016~2023,-,국회도서관,-,-,-,제4유형,저작물,보호저작물,○,상업적이용금지,○,○,○,○,○,○,X,-,-,-,-
,3039,영상,기록,국회도서관,국회기록보존소,HOME > 기록정보 콘텐츠 > 구술기록,통일에 대한 철학과 남북교류활동,-,2016~2023,1,미부착,제4유형,무,-,통일에 대한 철학과 남북교류활동,-,영상,영상,-,정치,한국어,-,2016~2023,-,국회도서관,-,-,-,제4유형,저작물,보호저작물,○,상업적이용금지,○,○,○,○,○,○,X,-,-,-,-
,3040,영상,기록,국회도서관,국회기록보존소,HOME > 기록정보 콘텐츠 > 구술기록,시작멘트,-,2016~2023,1,미부착,제4유형,무,-,시작멘트,-,영상,영상,-,정치,한국어,-,2016~2023,-,국회도서관,-,-,-,제4유형,저작물,보호저작물,○,상업적이용금지,○,○,○,○,○,○,X,-,-,-,-
,3041,영상,기록,국회도서관,국회기록보존소,HOME > 기록정보 콘텐츠 > 구술기록,제18대와 제19대 총선거 공천과정,-,2016~2023,1,미부착,제4유형,무,-,제18대와 제19대 총선거 공천과정,-,영상,영상,-,정치,한국어,-,2016~2023,-,국회도서관,-,-,-,제4유형,저작물,보호저작물,○,상업적이용금지,○,○,○,○,○,○,X,-,-,-,-
,3042,영상,기록,국회도서관,국회기록보존소,HOME > 기록정보 콘텐츠 > 구술기록,당 지도부 선출 및 공천제도 개선에 대한 견해,-,2016~2023,1,미부착,제4유형,무,-,당 지도부 선출 및 공천제도 개선에 대한 견해,-,영상,영상,-,정치,한국어,-,2016~2023,-,국회도서관,-,-,-,제4유형,저작물,보호저작물,○,상업적이용금지,○,○,○,○,○,○,X,-,-,-,-
,3043,영상,기록,국회도서관,국회기록보존소,HOME > 기록정보 콘텐츠 > 구술기록,국회의장 경선 과정,-,2016~2023,1,미부착,제4유형,무,-,국회의장 경선 과정,-,영상,영상,-,정치,한국어,-,2016~2023,-,국회도서관,-,-,-,제4유형,저작물,보호저작물,○,상업적이용금지,○,○,○,○,○,○,X,-,-,-,-
,3044,영상,기록,국회도서관,국회기록보존소,HOME > 기록정보 콘텐츠 > 구술기록,국회의장으로서 국회운영 철학,-,2016~2023,1,미부착,제4유형,무,-,국회의장으로서 국회운영 철학,-,영상,영상,-,정치,한국어,-,2016~2023,-,국회도서관,-,-,-,제4유형,저작물,보호저작물,○,상업적이용금지,○,○,○,○,○,○,X,-,-,-,-
,3045,영상,기록,국회도서관,국회기록보존소,HOME > 기록정보 콘텐츠 > 구술기록,국회의장 취임 후 주요인사 인선,-,2016~2023,1,미부착,제4유형,무,-,국회의장 취임 후 주요인사 인선,-,영상,영상,-,정치,한국어,-,2016~2023,-,국회도서관,-,-,-,제4유형,저작물,보호저작물,○,상업적이용금지,○,○,○,○,○,○,X,-,-,-,-
,3046,영상,기록,국회도서관,국회기록보존소,HOME > 기록정보 콘텐츠 > 구술기록,국회개혁자문위원회 및 남북 화해·협력자문위원회 운영,-,2016~2023,1,미부착,제4유형,무,-,국회개혁자문위원회 및 남북 화해·협력자문위원회 운영,-,영상,영상,-,정치,한국어,-,2016~2023,-,국회도서관,-,-,-,제4유형,저작물,보호저작물,○,상업적이용금지,○,○,○,○,○,○,X,-,-,-,-
,3047,영상,기록,국회도서관,국회기록보존소,HOME > 기록정보 콘텐츠 > 구술기록,공공의료기관과 국민건강,-,2016~2023,1,미부착,제4유형,무,-,공공의료기관과 국민건강,-,영상,영상,-,정치,한국어,-,2016~2023,-,국회도서관,-,-,-,제4유형,저작물,보호저작물,○,상업적이용금지,○,○,○,○,○,○,X,-,-,-,-
,3048,영상,기록,국회도서관,국회기록보존소,HOME > 기록정보 콘텐츠 > 구술기록,국회의장 외교활동의 중요성,-,2016~2023,1,미부착,제4유형,무,-,국회의장 외교활동의 중요성,-,영상,영상,-,정치,한국어,-,2016~2023,-,국회도서관,-,-,-,제4유형,저작물,보호저작물,○,상업적이용금지,○,○,○,○,○,○,X,-,-,-,-
,3049,영상,기록,국회도서관,국회기록보존소,HOME > 기록정보 콘텐츠 > 구술기록,한일의장 미래포럼 마련,-,2016~2023,1,미부착,제4유형,무,-,한일의장 미래포럼 마련,-,영상,영상,-,정치,한국어,-,2016~2023,-,국회도서관,-,-,-,제4유형,저작물,보호저작물,○,상업적이용금지,○,○,○,○,○,○,X,-,-,-,-
,3050,영상,기록,국회도서관,국회기록보존소,HOME > 기록정보 콘텐츠 > 구술기록,대법관 임명동의안 처리,-,2016~2023,1,미부착,제4유형,무,-,대법관 임명동의안 처리,-,영상,영상,-,정치,한국어,-,2016~2023,-,국회도서관,-,-,-,제4유형,저작물,보호저작물,○,상업적이용금지,○,○,○,○,○,○,X,-,-,-,-
,3051,영상,기록,국회도서관,국회기록보존소,HOME > 기록정보 콘텐츠 > 구술기록,작고한 주요 국가지도자들에 대한 회고,-,2016~2023,1,미부착,제4유형,무,-,작고한 주요 국가지도자들에 대한 회고,-,영상,영상,-,정치,한국어,-,2016~2023,-,국회도서관,-,-,-,제4유형,저작물,보호저작물,○,상업적이용금지,○,○,○,○,○,○,X,-,-,-,-
,3052,영상,기록,국회도서관,국회기록보존소,HOME > 기록정보 콘텐츠 > 구술기록,소신 있는 정치적 발언의 배경,-,2016~2023,1,미부착,제4유형,무,-,소신 있는 정치적 발언의 배경,-,영상,영상,-,정치,한국어,-,2016~2023,-,국회도서관,-,-,-,제4유형,저작물,보호저작물,○,상업적이용금지,○,○,○,○,○,○,X,-,-,-,-
,3053,영상,기록,국회도서관,국회기록보존소,HOME > 기록정보 콘텐츠 > 구술기록,2016년 필리버스터 정국의 배경,-,2016~2023,1,미부착,제4유형,무,-,2016년 필리버스터 정국의 배경,-,영상,영상,-,정치,한국어,-,2016~2023,-,국회도서관,-,-,-,제4유형,저작물,보호저작물,○,상업적이용금지,○,○,○,○,○,○,X,-,-,-,-
,3054,영상,기록,국회도서관,국회기록보존소,HOME > 기록정보 콘텐츠 > 구술기록,남은 제19대 국회시기의 과제,-,2016~2023,1,미부착,제4유형,무,-,남은 제19대 국회시기의 과제,-,영상,영상,-,정치,한국어,-,2016~2023,-,국회도서관,-,-,-,제4유형,저작물,보호저작물,○,상업적이용금지,○,○,○,○,○,○,X,-,-,-,-
,3055,영상,기록,국회도서관,국회기록보존소,HOME > 기록정보 콘텐츠 > 구술기록,시작멘트,-,2016~2023,1,미부착,제4유형,무,-,시작멘트,-,영상,영상,-,정치,한국어,-,2016~2023,-,국회도서관,-,-,-,제4유형,저작물,보호저작물,○,상업적이용금지,○,○,○,○,○,○,X,-,-,-,-
,3056,영상,기록,국회도서관,국회기록보존소,HOME > 기록정보 콘텐츠 > 구술기록,제20대 총선거에 대한 평가,-,2016~2023,1,미부착,제4유형,무,-,제20대 총선거에 대한 평가,-,영상,영상,-,정치,한국어,-,2016~2023,-,국회도서관,-,-,-,제4유형,저작물,보호저작물,○,상업적이용금지,○,○,○,○,○,○,X,-,-,-,-
,3057,영상,기록,국회도서관,국회기록보존소,HOME > 기록정보 콘텐츠 > 구술기록,국회개혁자문위원회와 10대 개혁과제 제안,-,2016~2023,1,미부착,제4유형,무,-,국회개혁자문위원회와 10대 개혁과제 제안,-,영상,영상,-,정치,한국어,-,2016~2023,-,국회도서관,-,-,-,제4유형,저작물,보호저작물,○,상업적이용금지,○,○,○,○,○,○,X,-,-,-,-
,3058,영상,기록,국회도서관,국회기록보존소,HOME > 기록정보 콘텐츠 > 구술기록,국회 준법운영의 소신,-,2016~2023,1,미부착,제4유형,무,-,국회 준법운영의 소신,-,영상,영상,-,정치,한국어,-,2016~2023,-,국회도서관,-,-,-,제4유형,저작물,보호저작물,○,상업적이용금지,○,○,○,○,○,○,X,-,-,-,-
,3059,영상,기록,국회도서관,국회기록보존소,HOME > 기록정보 콘텐츠 > 구술기록,1997년 대선과 DJP연합,-,2016~2023,1,미부착,제4유형,무,-,1997년 대선과 DJP연합,-,영상,영상,-,정치,한국어,-,2016~2023,-,국회도서관,-,-,-,제4유형,저작물,보호저작물,○,상업적이용금지,○,○,○,○,○,○,X,-,-,-,-
,3060,영상,기록,국회도서관,국회기록보존소,HOME > 기록정보 콘텐츠 > 구술기록,민자당 내 갈등과 자민련의 창당,-,2016~2023,1,미부착,제4유형,무,-,민자당 내 갈등과 자민련의 창당,-,영상,영상,-,정치,한국어,-,2016~2023,-,국회도서관,-,-,-,제4유형,저작물,보호저작물,○,상업적이용금지,○,○,○,○,○,○,X,-,-,-,-
,3061,영상,기록,국회도서관,국회기록보존소,HOME > 기록정보 콘텐츠 > 구술기록,국회 내 정당권력 분포와 의회정치의 변화,-,2016~2023,1,미부착,제4유형,무,-,국회 내 정당권력 분포와 의회정치의 변화,-,영상,영상,-,정치,한국어,-,2016~2023,-,국회도서관,-,-,-,제4유형,저작물,보호저작물,○,상업적이용금지,○,○,○,○,○,○,X,-,-,-,-
,3062,영상,기록,국회도서관,국회기록보존소,HOME > 기록정보 콘텐츠 > 구술기록,제15대 대통령직인수위원회 활동,-,2016~2023,1,미부착,제4유형,무,-,제15대 대통령직인수위원회 활동,-,영상,영상,-,정치,한국어,-,2016~2023,-,국회도서관,-,-,-,제4유형,저작물,보호저작물,○,상업적이용금지,○,○,○,○,○,○,X,-,-,-,-
,3063,영상,기록,국회도서관,국회기록보존소,HOME > 기록정보 콘텐츠 > 구술기록,제16대 후반기 국회부의장 선출과정,-,2016~2023,1,미부착,제4유형,무,-,제16대 후반기 국회부의장 선출과정,-,영상,영상,-,정치,한국어,-,2016~2023,-,국회도서관,-,-,-,제4유형,저작물,보호저작물,○,상업적이용금지,○,○,○,○,○,○,X,-,-,-,-
,3064,영상,기록,국회도서관,국회기록보존소,HOME > 기록정보 콘텐츠 > 구술기록,제16대 후반기 국회의장단 구성 및 내부관계,-,2016~2023,1,미부착,제4유형,무,-,제16대 후반기 국회의장단 구성 및 내부관계,-,영상,영상,-,정치,한국어,-,2016~2023,-,국회도서관,-,-,-,제4유형,저작물,보호저작물,○,상업적이용금지,○,○,○,○,○,○,X,-,-,-,-
,3065,영상,기록,국회도서관,국회기록보존소,HOME > 기록정보 콘텐츠 > 구술기록,노무현대통령 탄핵파동,-,2016~2023,1,미부착,제4유형,무,-,노무현대통령 탄핵파동,-,영상,영상,-,정치,한국어,-,2016~2023,-,국회도서관,-,-,-,제4유형,저작물,보호저작물,○,상업적이용금지,○,○,○,○,○,○,X,-,-,-,-
,3066,영상,기록,국회도서관,국회기록보존소,HOME > 기록정보 콘텐츠 > 구술기록,신행정수도 이전을 위한 특별조치법 처리,-,2016~2023,1,미부착,제4유형,무,-,신행정수도 이전을 위한 특별조치법 처리,-,영상,영상,-,정치,한국어,-,2016~2023,-,국회도서관,-,-,-,제4유형,저작물,보호저작물,○,상업적이용금지,○,○,○,○,○,○,X,-,-,-,-
,3067,영상,기록,국회도서관,국회기록보존소,HOME > 기록정보 콘텐츠 > 구술기록,국회예산정책처법 제정과 의의,-,2016~2023,1,미부착,제4유형,무,-,국회예산정책처법 제정과 의의,-,영상,영상,-,정치,한국어,-,2016~2023,-,국회도서관,-,-,-,제4유형,저작물,보호저작물,○,상업적이용금지,○,○,○,○,○,○,X,-,-,-,-
,3068,영상,기록,국회도서관,국회기록보존소,HOME > 기록정보 콘텐츠 > 구술기록,후대 의원을 위한 당부,-,2016~2023,1,미부착,제4유형,무,-,후대 의원을 위한 당부,-,영상,영상,-,정치,한국어,-,2016~2023,-,국회도서관,-,-,-,제4유형,저작물,보호저작물,○,상업적이용금지,○,○,○,○,○,○,X,-,-,-,-
,3069,영상,기록,국회도서관,국회기록보존소,HOME > 기록정보 콘텐츠 > 구술기록,근황,-,2016~2023,1,미부착,제4유형,무,-,근황,-,영상,영상,-,정치,한국어,-,2016~2023,-,국회도서관,-,-,-,제4유형,저작물,보호저작물,○,상업적이용금지,○,○,○,○,○,○,X,-,-,-,-
,3070,영상,기록,국회도서관,국회기록보존소,HOME > 기록정보 콘텐츠 > 구술기록,성장과정과 교육배경,-,2016~2023,1,미부착,제4유형,무,-,성장과정과 교육배경,-,영상,영상,-,정치,한국어,-,2016~2023,-,국회도서관,-,-,-,제4유형,저작물,보호저작물,○,상업적이용금지,○,○,○,○,○,○,X,-,-,-,-
,3071,영상,기록,국회도서관,국회기록보존소,HOME > 기록정보 콘텐츠 > 구술기록,경제계 활동,-,2016~2023,1,미부착,제4유형,무,-,경제계 활동,-,영상,영상,-,정치,한국어,-,2016~2023,-,국회도서관,-,-,-,제4유형,저작물,보호저작물,○,상업적이용금지,○,○,○,○,○,○,X,-,-,-,-
,3072,영상,기록,국회도서관,국회기록보존소,HOME > 기록정보 콘텐츠 > 구술기록,정계입문과정,-,2016~2023,1,미부착,제4유형,무,-,정계입문과정,-,영상,영상,-,정치,한국어,-,2016~2023,-,국회도서관,-,-,-,제4유형,저작물,보호저작물,○,상업적이용금지,○,○,○,○,○,○,X,-,-,-,-
,3073,영상,기록,국회도서관,국회기록보존소,HOME > 기록정보 콘텐츠 > 구술기록,제13대 국회: 상임위 활동,-,2016~2023,1,미부착,제4유형,무,-,제13대 국회: 상임위 활동,-,영상,영상,-,정치,한국어,-,2016~2023,-,국회도서관,-,-,-,제4유형,저작물,보호저작물,○,상업적이용금지,○,○,○,○,○,○,X,-,-,-,-
,3074,영상,기록,국회도서관,국회기록보존소,HOME > 기록정보 콘텐츠 > 구술기록,제13대 국회: 여소야대 국면,-,2016~2023,1,미부착,제4유형,무,-,제13대 국회: 여소야대 국면,-,영상,영상,-,정치,한국어,-,2016~2023,-,국회도서관,-,-,-,제4유형,저작물,보호저작물,○,상업적이용금지,○,○,○,○,○,○,X,-,-,-,-
,3075,영상,기록,국회도서관,국회기록보존소,HOME > 기록정보 콘텐츠 > 구술기록,제13대 국회: 3당합당,-,2016~2023,1,미부착,제4유형,무,-,제13대 국회: 3당합당,-,영상,영상,-,정치,한국어,-,2016~2023,-,국회도서관,-,-,-,제4유형,저작물,보호저작물,○,상업적이용금지,○,○,○,○,○,○,X,-,-,-,-
,3076,영상,기록,국회도서관,국회기록보존소,HOME > 기록정보 콘텐츠 > 구술기록,시작멘트,-,2016~2023,1,미부착,제4유형,무,-,시작멘트,-,영상,영상,-,정치,한국어,-,2016~2023,-,국회도서관,-,-,-,제4유형,저작물,보호저작물,○,상업적이용금지,○,○,○,○,○,○,X,-,-,-,-
,3077,영상,기록,국회도서관,국회기록보존소,HOME > 기록정보 콘텐츠 > 구술기록,고교와 대학시절,-,2016~2023,1,미부착,제4유형,무,-,고교와 대학시절,-,영상,영상,-,정치,한국어,-,2016~2023,-,국회도서관,-,-,-,제4유형,저작물,보호저작물,○,상업적이용금지,○,○,○,○,○,○,X,-,-,-,-
,3078,영상,기록,국회도서관,국회기록보존소,HOME > 기록정보 콘텐츠 > 구술기록,주승용 전 국회부의장 구술채록,-,2016~2023,1,미부착,제4유형,무,-,주승용 전 국회부의장 구술채록,-,영상,영상,-,정치,한국어,-,2016~2023,-,국회도서관,-,-,-,제4유형,저작물,보호저작물,○,상업적이용금지,○,○,○,○,○,○,X,-,-,-,-
,3079,영상,기록,국회도서관,국회기록보존소,HOME > 기록정보 콘텐츠 > 구술기록,전남도의원 출마와 활동,-,2016~2023,1,미부착,제4유형,무,-,전남도의원 출마와 활동,-,영상,영상,-,정치,한국어,-,2016~2023,-,국회도서관,-,-,-,제4유형,저작물,보호저작물,○,상업적이용금지,○,○,○,○,○,○,X,-,-,-,-
,3080,영상,기록,국회도서관,국회기록보존소,HOME > 기록정보 콘텐츠 > 구술기록,지방자치단체장 선거 과정,-,2016~2023,1,미부착,제4유형,무,-,지방자치단체장 선거 과정,-,영상,영상,-,정치,한국어,-,2016~2023,-,국회도서관,-,-,-,제4유형,저작물,보호저작물,○,상업적이용금지,○,○,○,○,○,○,X,-,-,-,-
,3081,영상,기록,국회도서관,국회기록보존소,HOME > 기록정보 콘텐츠 > 구술기록,초대 통합 여수시장 시기의 중요 업적,-,2016~2023,1,미부착,제4유형,무,-,초대 통합 여수시장 시기의 중요 업적,-,영상,영상,-,정치,한국어,-,2016~2023,-,국회도서관,-,-,-,제4유형,저작물,보호저작물,○,상업적이용금지,○,○,○,○,○,○,X,-,-,-,-
,3082,영상,기록,국회도서관,국회기록보존소,HOME > 기록정보 콘텐츠 > 구술기록,현행 지방자치제도의 한계,-,2016~2023,1,미부착,제4유형,무,-,현행 지방자치제도의 한계,-,영상,영상,-,정치,한국어,-,2016~2023,-,국회도서관,-,-,-,제4유형,저작물,보호저작물,○,상업적이용금지,○,○,○,○,○,○,X,-,-,-,-
,3083,영상,기록,국회도서관,국회기록보존소,HOME > 기록정보 콘텐츠 > 구술기록,여수시장 재선 실패,-,2016~2023,1,미부착,제4유형,무,-,여수시장 재선 실패,-,영상,영상,-,정치,한국어,-,2016~2023,-,국회도서관,-,-,-,제4유형,저작물,보호저작물,○,상업적이용금지,○,○,○,○,○,○,X,-,-,-,-
,3084,영상,기록,국회도서관,국회기록보존소,HOME > 기록정보 콘텐츠 > 구술기록,모친 회고,-,2016~2023,1,미부착,제4유형,무,-,모친 회고,-,영상,영상,-,정치,한국어,-,2016~2023,-,국회도서관,-,-,-,제4유형,저작물,보호저작물,○,상업적이용금지,○,○,○,○,○,○,X,-,-,-,-
,3085,영상,기록,국회도서관,국회기록보존소,HOME > 기록정보 콘텐츠 > 구술기록,여수세계박람회,-,2016~2023,1,미부착,제4유형,무,-,여수세계박람회,-,영상,영상,-,정치,한국어,-,2016~2023,-,국회도서관,-,-,-,제4유형,저작물,보호저작물,○,상업적이용금지,○,○,○,○,○,○,X,-,-,-,-
,3086,영상,기록,국회도서관,국회기록보존소,HOME > 기록정보 콘텐츠 > 구술기록,제17대 국회 시기 활동,-,2016~2023,1,미부착,제4유형,무,-,제17대 국회 시기 활동,-,영상,영상,-,정치,한국어,-,2016~2023,-,국회도서관,-,-,-,제4유형,저작물,보호저작물,○,상업적이용금지,○,○,○,○,○,○,X,-,-,-,-
,3087,영상,기록,국회도서관,국회기록보존소,HOME > 기록정보 콘텐츠 > 구술기록,지역구 관리,-,2016~2023,1,미부착,제4유형,무,-,지역구 관리,-,영상,영상,-,정치,한국어,-,2016~2023,-,국회도서관,-,-,-,제4유형,저작물,보호저작물,○,상업적이용금지,○,○,○,○,○,○,X,-,-,-,-
,3088,영상,기록,국회도서관,국회기록보존소,HOME > 기록정보 콘텐츠 > 구술기록,노무현 정부의 당청관계,-,2016~2023,1,미부착,제4유형,무,-,노무현 정부의 당청관계,-,영상,영상,-,정치,한국어,-,2016~2023,-,국회도서관,-,-,-,제4유형,저작물,보호저작물,○,상업적이용금지,○,○,○,○,○,○,X,-,-,-,-
,3089,영상,기록,국회도서관,국회기록보존소,HOME > 기록정보 콘텐츠 > 구술기록,국회의원 재선 당선 과정,-,2016~2023,1,미부착,제4유형,무,-,국회의원 재선 당선 과정,-,영상,영상,-,정치,한국어,-,2016~2023,-,국회도서관,-,-,-,제4유형,저작물,보호저작물,○,상업적이용금지,○,○,○,○,○,○,X,-,-,-,-
,3090,영상,기록,국회도서관,국회기록보존소,HOME > 기록정보 콘텐츠 > 구술기록,제18대 국회시기 주요활동,-,2016~2023,1,미부착,제4유형,무,-,제18대 국회시기 주요활동,-,영상,영상,-,정치,한국어,-,2016~2023,-,국회도서관,-,-,-,제4유형,저작물,보호저작물,○,상업적이용금지,○,○,○,○,○,○,X,-,-,-,-
,3091,영상,기록,국회도서관,국회기록보존소,HOME > 기록정보 콘텐츠 > 구술기록,국회의 청문제도와 당 비례대표제도 운영문제,-,2016~2023,1,미부착,제4유형,무,-,국회의 청문제도와 당 비례대표제도 운영문제,-,영상,영상,-,정치,한국어,-,2016~2023,-,국회도서관,-,-,-,제4유형,저작물,보호저작물,○,상업적이용금지,○,○,○,○,○,○,X,-,-,-,-
,3092,영상,기록,국회도서관,국회기록보존소,HOME > 기록정보 콘텐츠 > 구술기록,시작 멘트,-,2016~2023,1,미부착,제4유형,무,-,시작 멘트,-,영상,영상,-,정치,한국어,-,2016~2023,-,국회도서관,-,-,-,제4유형,저작물,보호저작물,○,상업적이용금지,○,○,○,○,○,○,X,-,-,-,-
,3093,영상,기록,국회도서관,국회기록보존소,HOME > 기록정보 콘텐츠 > 구술기록,시작멘트,-,2016~2023,1,미부착,제4유형,무,-,시작멘트,-,영상,영상,-,정치,한국어,-,2016~2023,-,국회도서관,-,-,-,제4유형,저작물,보호저작물,○,상업적이용금지,○,○,○,○,○,○,X,-,-,-,-
,3094,영상,기록,국회도서관,국회기록보존소,HOME > 기록정보 콘텐츠 > 구술기록,근황과 선친 회고,-,2016~2023,1,미부착,제4유형,무,-,근황과 선친 회고,-,영상,영상,-,정치,한국어,-,2016~2023,-,국회도서관,-,-,-,제4유형,저작물,보호저작물,○,상업적이용금지,○,○,○,○,○,○,X,-,-,-,-
,3095,영상,기록,국회도서관,국회기록보존소,HOME > 기록정보 콘텐츠 > 구술기록,공수처 입법과정 및 국회국토위원장 활동,-,2016~2023,1,미부착,제4유형,무,-,공수처 입법과정 및 국회국토위원장 활동,-,영상,영상,-,정치,한국어,-,2016~2023,-,국회도서관,-,-,-,제4유형,저작물,보호저작물,○,상업적이용금지,○,○,○,○,○,○,X,-,-,-,-
,3096,영상,기록,국회도서관,국회기록보존소,HOME > 기록정보 콘텐츠 > 구술기록,당내 계파갈등문제,-,2016~2023,1,미부착,제4유형,무,-,당내 계파갈등문제,-,영상,영상,-,정치,한국어,-,2016~2023,-,국회도서관,-,-,-,제4유형,저작물,보호저작물,○,상업적이용금지,○,○,○,○,○,○,X,-,-,-,-
,3097,영상,기록,국회도서관,국회기록보존소,HOME > 기록정보 콘텐츠 > 구술기록,감사원 활동의 문제점과 감사원장 임명권,-,2016~2023,1,미부착,제4유형,무,-,감사원 활동의 문제점과 감사원장 임명권,-,영상,영상,-,정치,한국어,-,2016~2023,-,국회도서관,-,-,-,제4유형,저작물,보호저작물,○,상업적이용금지,○,○,○,○,○,○,X,-,-,-,-
,3098,영상,기록,국회도서관,국회기록보존소,HOME > 기록정보 콘텐츠 > 구술기록,2014년 전남지사 당내 경선,-,2016~2023,1,미부착,제4유형,무,-,2014년 전남지사 당내 경선,-,영상,영상,-,정치,한국어,-,2016~2023,-,국회도서관,-,-,-,제4유형,저작물,보호저작물,○,상업적이용금지,○,○,○,○,○,○,X,-,-,-,-
,3099,영상,기록,국회도서관,국회기록보존소,HOME > 기록정보 콘텐츠 > 구술기록,새정치민주연합 사무총장 시기,-,2016~2023,1,미부착,제4유형,무,-,새정치민주연합 사무총장 시기,-,영상,영상,-,정치,한국어,-,2016~2023,-,국회도서관,-,-,-,제4유형,저작물,보호저작물,○,상업적이용금지,○,○,○,○,○,○,X,-,-,-,-
,3100,영상,기록,국회도서관,국회기록보존소,HOME > 기록정보 콘텐츠 > 구술기록,새정치민주연합 탈당 및 국민의당 활동,-,2016~2023,1,미부착,제4유형,무,-,새정치민주연합 탈당 및 국민의당 활동,-,영상,영상,-,정치,한국어,-,2016~2023,-,국회도서관,-,-,-,제4유형,저작물,보호저작물,○,상업적이용금지,○,○,○,○,○,○,X,-,-,-,-
,3101,영상,기록,국회도서관,국회기록보존소,HOME > 기록정보 콘텐츠 > 구술기록,국회의원 선거제도 문제,-,2016~2023,1,미부착,제4유형,무,-,국회의원 선거제도 문제,-,영상,영상,-,정치,한국어,-,2016~2023,-,국회도서관,-,-,-,제4유형,저작물,보호저작물,○,상업적이용금지,○,○,○,○,○,○,X,-,-,-,-
,3102,영상,기록,국회도서관,국회기록보존소,HOME > 기록정보 콘텐츠 > 구술기록,제19대 대선,-,2016~2023,1,미부착,제4유형,무,-,제19대 대선,-,영상,영상,-,정치,한국어,-,2016~2023,-,국회도서관,-,-,-,제4유형,저작물,보호저작물,○,상업적이용금지,○,○,○,○,○,○,X,-,-,-,-
,3103,영상,기록,국회도서관,국회기록보존소,HOME > 기록정보 콘텐츠 > 구술기록,국회부의장 선출과정,-,2016~2023,1,미부착,제4유형,무,-,국회부의장 선출과정,-,영상,영상,-,정치,한국어,-,2016~2023,-,국회도서관,-,-,-,제4유형,저작물,보호저작물,○,상업적이용금지,○,○,○,○,○,○,X,-,-,-,-
,3104,영상,기록,국회도서관,국회기록보존소,HOME > 기록정보 콘텐츠 > 구술기록,종합평가,-,2016~2023,1,미부착,제4유형,무,-,종합평가,-,영상,영상,-,정치,한국어,-,2016~2023,-,국회도서관,-,-,-,제4유형,저작물,보호저작물,○,상업적이용금지,○,○,○,○,○,○,X,-,-,-,-
,3105,영상,기록,국회도서관,국회기록보존소,HOME > 기록정보 콘텐츠 > 구술기록,여수 정착과정,-,2016~2023,1,미부착,제4유형,무,-,여수 정착과정,-,영상,영상,-,정치,한국어,-,2016~2023,-,국회도서관,-,-,-,제4유형,저작물,보호저작물,○,상업적이용금지,○,○,○,○,○,○,X,-,-,-,-
,3106,영상,기록,국회도서관,국회기록보존소,HOME > 기록정보 콘텐츠 > 구술기록,제12대 국회 부의장 재임시 외교활동,-,2016~2023,1,미부착,제4유형,무,-,제12대 국회 부의장 재임시 외교활동,-,영상,영상,-,정치,한국어,-,2016~2023,-,국회도서관,-,-,-,제4유형,저작물,보호저작물,○,상업적이용금지,○,○,○,○,○,○,X,-,-,-,-
,3107,영상,기록,국회도서관,국회기록보존소,HOME > 기록정보 콘텐츠 > 구술기록,시작멘트,-,2016~2023,1,미부착,제4유형,무,-,시작멘트,-,영상,영상,-,정치,한국어,-,2016~2023,-,국회도서관,-,-,-,제4유형,저작물,보호저작물,○,상업적이용금지,○,○,○,○,○,○,X,-,-,-,-
,3108,영상,기록,국회도서관,국회기록보존소,HOME > 기록정보 콘텐츠 > 구술기록,부의장 교체의 배경,-,2016~2023,1,미부착,제4유형,무,-,부의장 교체의 배경,-,영상,영상,-,정치,한국어,-,2016~2023,-,국회도서관,-,-,-,제4유형,저작물,보호저작물,○,상업적이용금지,○,○,○,○,○,○,X,-,-,-,-
,3109,영상,기록,국회도서관,국회기록보존소,HOME > 기록정보 콘텐츠 > 구술기록,헌법개정 8인 정치회담,-,2016~2023,1,미부착,제4유형,무,-,헌법개정 8인 정치회담,-,영상,영상,-,정치,한국어,-,2016~2023,-,국회도서관,-,-,-,제4유형,저작물,보호저작물,○,상업적이용금지,○,○,○,○,○,○,X,-,-,-,-
,3110,영상,기록,국회도서관,국회기록보존소,HOME > 기록정보 콘텐츠 > 구술기록,정치발전을 위한 조언,-,2016~2023,1,미부착,제4유형,무,-,정치발전을 위한 조언,-,영상,영상,-,정치,한국어,-,2016~2023,-,국회도서관,-,-,-,제4유형,저작물,보호저작물,○,상업적이용금지,○,○,○,○,○,○,X,-,-,-,-
,3111,영상,기록,국회도서관,국회기록보존소,HOME > 기록정보 콘텐츠 > 구술기록,민주정의당 창당에 참여한 과정,-,2016~2023,1,미부착,제4유형,무,-,민주정의당 창당에 참여한 과정,-,영상,영상,-,정치,한국어,-,2016~2023,-,국회도서관,-,-,-,제4유형,저작물,보호저작물,○,상업적이용금지,○,○,○,○,○,○,X,-,-,-,-
,3112,영상,기록,국회도서관,국회기록보존소,HOME > 기록정보 콘텐츠 > 구술기록,제11대 국회의 특징과 변화,-,2016~2023,1,미부착,제4유형,무,-,제11대 국회의 특징과 변화,-,영상,영상,-,정치,한국어,-,2016~2023,-,국회도서관,-,-,-,제4유형,저작물,보호저작물,○,상업적이용금지,○,○,○,○,○,○,X,-,-,-,-
,3113,영상,기록,국회도서관,국회기록보존소,HOME > 기록정보 콘텐츠 > 구술기록,제12대 총선거 과정 및 국회부의장 취임,-,2016~2023,1,미부착,제4유형,무,-,제12대 총선거 과정 및 국회부의장 취임,-,영상,영상,-,정치,한국어,-,2016~2023,-,국회도서관,-,-,-,제4유형,저작물,보호저작물,○,상업적이용금지,○,○,○,○,○,○,X,-,-,-,-
,3114,영상,기록,국회도서관,국회기록보존소,HOME > 기록정보 콘텐츠 > 구술기록,제12대 국회 야당 부의장 선출과정의 난항,-,2016~2023,1,미부착,제4유형,무,-,제12대 국회 야당 부의장 선출과정의 난항,-,영상,영상,-,정치,한국어,-,2016~2023,-,국회도서관,-,-,-,제4유형,저작물,보호저작물,○,상업적이용금지,○,○,○,○,○,○,X,-,-,-,-
,3115,영상,기록,국회도서관,국회기록보존소,HOME > 기록정보 콘텐츠 > 구술기록,시작멘트,-,2016~2023,1,미부착,제4유형,무,-,시작멘트,-,영상,영상,-,정치,한국어,-,2016~2023,-,국회도서관,-,-,-,제4유형,저작물,보호저작물,○,상업적이용금지,○,○,○,○,○,○,X,-,-,-,-
,3116,영상,기록,국회도서관,국회기록보존소,HOME > 기록정보 콘텐츠 > 구술기록,최근 근황,-,2016~2023,1,미부착,제4유형,무,-,최근 근황,-,영상,영상,-,정치,한국어,-,2016~2023,-,국회도서관,-,-,-,제4유형,저작물,보호저작물,○,상업적이용금지,○,○,○,○,○,○,X,-,-,-,-
,3117,영상,기록,국회도서관,국회기록보존소,HOME > 기록정보 콘텐츠 > 구술기록,고향에 대한 기억과 성장과정,-,2016~2023,1,미부착,제4유형,무,-,고향에 대한 기억과 성장과정,-,영상,영상,-,정치,한국어,-,2016~2023,-,국회도서관,-,-,-,제4유형,저작물,보호저작물,○,상업적이용금지,○,○,○,○,○,○,X,-,-,-,-
,3118,영상,기록,국회도서관,국회기록보존소,HOME > 기록정보 콘텐츠 > 구술기록,연극에 심취했던 학창시절,-,2016~2023,1,미부착,제4유형,무,-,연극에 심취했던 학창시절,-,영상,영상,-,정치,한국어,-,2016~2023,-,국회도서관,-,-,-,제4유형,저작물,보호저작물,○,상업적이용금지,○,○,○,○,○,○,X,-,-,-,-
,3119,영상,기록,국회도서관,국회기록보존소,HOME > 기록정보 콘텐츠 > 구술기록,대학시절 써클 활동,-,2016~2023,1,미부착,제4유형,무,-,대학시절 써클 활동,-,영상,영상,-,정치,한국어,-,2016~2023,-,국회도서관,-,-,-,제4유형,저작물,보호저작물,○,상업적이용금지,○,○,○,○,○,○,X,-,-,-,-
,3120,영상,기록,국회도서관,국회기록보존소,HOME > 기록정보 콘텐츠 > 구술기록,한국일보 입사과정과 동료들,-,2016~2023,1,미부착,제4유형,무,-,한국일보 입사과정과 동료들,-,영상,영상,-,정치,한국어,-,2016~2023,-,국회도서관,-,-,-,제4유형,저작물,보호저작물,○,상업적이용금지,○,○,○,○,○,○,X,-,-,-,-
,3121,영상,기록,국회도서관,국회기록보존소,HOME > 기록정보 콘텐츠 > 구술기록,한국일보 정치부를 거쳐 동아일보로 이직,-,2016~2023,1,미부착,제4유형,무,-,한국일보 정치부를 거쳐 동아일보로 이직,-,영상,영상,-,정치,한국어,-,2016~2023,-,국회도서관,-,-,-,제4유형,저작물,보호저작물,○,상업적이용금지,○,○,○,○,○,○,X,-,-,-,-
,3122,영상,기록,국회도서관,국회기록보존소,HOME > 기록정보 콘텐츠 > 구술기록,유성환 의원 통일국시 발언,-,2016~2023,1,미부착,제4유형,무,-,유성환 의원 통일국시 발언,-,영상,영상,-,정치,한국어,-,2016~2023,-,국회도서관,-,-,-,제4유형,저작물,보호저작물,○,상업적이용금지,○,○,○,○,○,○,X,-,-,-,-
,3123,영상,기록,국회도서관,국회기록보존소,HOME > 기록정보 콘텐츠 > 구술기록,의회에서 여야타협의 중요성,-,2016~2023,1,미부착,제4유형,무,-,의회에서 여야타협의 중요성,-,영상,영상,-,정치,한국어,-,2016~2023,-,국회도서관,-,-,-,제4유형,저작물,보호저작물,○,상업적이용금지,○,○,○,○,○,○,X,-,-,-,-
,3124,영상,기록,국회도서관,국회기록보존소,HOME > 기록정보 콘텐츠 > 구술기록,시작멘트,-,2016~2023,1,미부착,제4유형,무,-,시작멘트,-,영상,영상,-,정치,한국어,-,2016~2023,-,국회도서관,-,-,-,제4유형,저작물,보호저작물,○,상업적이용금지,○,○,○,○,○,○,X,-,-,-,-
,3125,영상,기록,국회도서관,국회기록보존소,HOME > 기록정보 콘텐츠 > 구술기록,무임소장관실에서 공직생활 시작,-,2016~2023,1,미부착,제4유형,무,-,무임소장관실에서 공직생활 시작,-,영상,영상,-,정치,한국어,-,2016~2023,-,국회도서관,-,-,-,제4유형,저작물,보호저작물,○,상업적이용금지,○,○,○,○,○,○,X,-,-,-,-
,3126,영상,기록,국회도서관,국회기록보존소,HOME > 기록정보 콘텐츠 > 구술기록,10월 유신 선포 정황과 헌법개정의 주요내용,-,2016~2023,1,미부착,제4유형,무,-,10월 유신 선포 정황과 헌법개정의 주요내용,-,영상,영상,-,정치,한국어,-,2016~2023,-,국회도서관,-,-,-,제4유형,저작물,보호저작물,○,상업적이용금지,○,○,○,○,○,○,X,-,-,-,-
,3127,영상,기록,국회도서관,국회기록보존소,HOME > 기록정보 콘텐츠 > 구술기록,유신정우회 소속 초선의원 시기 대일관계 활동,-,2016~2023,1,미부착,제4유형,무,-,유신정우회 소속 초선의원 시기 대일관계 활동,-,영상,영상,-,정치,한국어,-,2016~2023,-,국회도서관,-,-,-,제4유형,저작물,보호저작물,○,상업적이용금지,○,○,○,○,○,○,X,-,-,-,-
,3128,영상,기록,국회도서관,국회기록보존소,HOME > 기록정보 콘텐츠 > 구술기록,김대중 납치사건 처리과정,-,2016~2023,1,미부착,제4유형,무,-,김대중 납치사건 처리과정,-,영상,영상,-,정치,한국어,-,2016~2023,-,국회도서관,-,-,-,제4유형,저작물,보호저작물,○,상업적이용금지,○,○,○,○,○,○,X,-,-,-,-
,3129,영상,기록,국회도서관,국회기록보존소,HOME > 기록정보 콘텐츠 > 구술기록,제10대 총선 공천의 배경과 당선 후 활동,-,2016~2023,1,미부착,제4유형,무,-,제10대 총선 공천의 배경과 당선 후 활동,-,영상,영상,-,정치,한국어,-,2016~2023,-,국회도서관,-,-,-,제4유형,저작물,보호저작물,○,상업적이용금지,○,○,○,○,○,○,X,-,-,-,-
,3130,영상,기록,국회도서관,국회기록보존소,HOME > 기록정보 콘텐츠 > 구술기록,차지철 경호실장의 전횡,-,2016~2023,1,미부착,제4유형,무,-,차지철 경호실장의 전횡,-,영상,영상,-,정치,한국어,-,2016~2023,-,국회도서관,-,-,-,제4유형,저작물,보호저작물,○,상업적이용금지,○,○,○,○,○,○,X,-,-,-,-
,3131,영상,기록,국회도서관,국회기록보존소,HOME > 기록정보 콘텐츠 > 구술기록,10.26이후 정치규제상황,-,2016~2023,1,미부착,제4유형,무,-,10.26이후 정치규제상황,-,영상,영상,-,정치,한국어,-,2016~2023,-,국회도서관,-,-,-,제4유형,저작물,보호저작물,○,상업적이용금지,○,○,○,○,○,○,X,-,-,-,-
,3132,영상,기록,국회도서관,국회기록보존소,HOME > 기록정보 콘텐츠 > 구술기록,서울올림픽 준비를 위한 외교활동,-,2016~2023,1,미부착,제4유형,무,-,서울올림픽 준비를 위한 외교활동,-,영상,영상,-,정치,한국어,-,2016~2023,-,국회도서관,-,-,-,제4유형,저작물,보호저작물,○,상업적이용금지,○,○,○,○,○,○,X,-,-,-,-
,3133,영상,기록,국회도서관,국회기록보존소,HOME > 기록정보 콘텐츠 > 구술기록,제10대 총선에서 신민당 공천과정,-,2016~2023,1,미부착,제4유형,무,-,제10대 총선에서 신민당 공천과정,-,영상,영상,-,정치,한국어,-,2016~2023,-,국회도서관,-,-,-,제4유형,저작물,보호저작물,○,상업적이용금지,○,○,○,○,○,○,X,-,-,-,-
,3134,영상,기록,국회도서관,국회기록보존소,HOME > 기록정보 콘텐츠 > 구술기록,정계 입문 배경,-,2016~2023,1,미부착,제4유형,무,-,정계 입문 배경,-,영상,영상,-,정치,한국어,-,2016~2023,-,국회도서관,-,-,-,제4유형,저작물,보호저작물,○,상업적이용금지,○,○,○,○,○,○,X,-,-,-,-
,3135,영상,기록,국회도서관,국회기록보존소,HOME > 기록정보 콘텐츠 > 구술기록,김대중 내란음모사건 변호,-,2016~2023,1,미부착,제4유형,무,-,김대중 내란음모사건 변호,-,영상,영상,-,정치,한국어,-,2016~2023,-,국회도서관,-,-,-,제4유형,저작물,보호저작물,○,상업적이용금지,○,○,○,○,○,○,X,-,-,-,-
,3136,영상,기록,국회도서관,국회기록보존소,HOME > 기록정보 콘텐츠 > 구술기록,민주한국당 입당,-,2016~2023,1,미부착,제4유형,무,-,민주한국당 입당,-,영상,영상,-,정치,한국어,-,2016~2023,-,국회도서관,-,-,-,제4유형,저작물,보호저작물,○,상업적이용금지,○,○,○,○,○,○,X,-,-,-,-
,3137,영상,기록,국회도서관,국회기록보존소,HOME > 기록정보 콘텐츠 > 구술기록,제11대 총선 및 의정활동,-,2016~2023,1,미부착,제4유형,무,-,제11대 총선 및 의정활동,-,영상,영상,-,정치,한국어,-,2016~2023,-,국회도서관,-,-,-,제4유형,저작물,보호저작물,○,상업적이용금지,○,○,○,○,○,○,X,-,-,-,-
,3138,영상,기록,국회도서관,국회기록보존소,HOME > 기록정보 콘텐츠 > 구술기록,민한당 탈당 및 신민당 참여,-,2016~2023,1,미부착,제4유형,무,-,민한당 탈당 및 신민당 참여,-,영상,영상,-,정치,한국어,-,2016~2023,-,국회도서관,-,-,-,제4유형,저작물,보호저작물,○,상업적이용금지,○,○,○,○,○,○,X,-,-,-,-
,3139,영상,기록,국회도서관,국회기록보존소,HOME > 기록정보 콘텐츠 > 구술기록,1987년 개헌과 대통령선거,-,2016~2023,1,미부착,제4유형,무,-,1987년 개헌과 대통령선거,-,영상,영상,-,정치,한국어,-,2016~2023,-,국회도서관,-,-,-,제4유형,저작물,보호저작물,○,상업적이용금지,○,○,○,○,○,○,X,-,-,-,-
,3140,영상,기록,국회도서관,국회기록보존소,HOME > 기록정보 콘텐츠 > 구술기록,제13대 총선과 개원시기 특징,-,2016~2023,1,미부착,제4유형,무,-,제13대 총선과 개원시기 특징,-,영상,영상,-,정치,한국어,-,2016~2023,-,국회도서관,-,-,-,제4유형,저작물,보호저작물,○,상업적이용금지,○,○,○,○,○,○,X,-,-,-,-
,3141,영상,기록,국회도서관,국회기록보존소,HOME > 기록정보 콘텐츠 > 구술기록,5선의원 활동,-,2016~2023,1,미부착,제4유형,무,-,5선의원 활동,-,영상,영상,-,정치,한국어,-,2016~2023,-,국회도서관,-,-,-,제4유형,저작물,보호저작물,○,상업적이용금지,○,○,○,○,○,○,X,-,-,-,-
,3142,영상,기록,국회도서관,국회기록보존소,HOME > 기록정보 콘텐츠 > 구술기록,국회부의장 취임,-,2016~2023,1,미부착,제4유형,무,-,국회부의장 취임,-,영상,영상,-,정치,한국어,-,2016~2023,-,국회도서관,-,-,-,제4유형,저작물,보호저작물,○,상업적이용금지,○,○,○,○,○,○,X,-,-,-,-
,3143,영상,기록,국회도서관,국회기록보존소,HOME > 기록정보 콘텐츠 > 구술기록,지방자치제 추진,-,2016~2023,1,미부착,제4유형,무,-,지방자치제 추진,-,영상,영상,-,정치,한국어,-,2016~2023,-,국회도서관,-,-,-,제4유형,저작물,보호저작물,○,상업적이용금지,○,○,○,○,○,○,X,-,-,-,-
,3144,영상,기록,국회도서관,국회기록보존소,HOME > 기록정보 콘텐츠 > 구술기록,1992년 대통령 선거 전후의 활동,-,2016~2023,1,미부착,제4유형,무,-,1992년 대통령 선거 전후의 활동,-,영상,영상,-,정치,한국어,-,2016~2023,-,국회도서관,-,-,-,제4유형,저작물,보호저작물,○,상업적이용금지,○,○,○,○,○,○,X,-,-,-,-
,3145,영상,기록,국회도서관,국회기록보존소,HOME > 기록정보 콘텐츠 > 구술기록,전남도지사 출마와 당선 후 활동,-,2016~2023,1,미부착,제4유형,무,-,전남도지사 출마와 당선 후 활동,-,영상,영상,-,정치,한국어,-,2016~2023,-,국회도서관,-,-,-,제4유형,저작물,보호저작물,○,상업적이용금지,○,○,○,○,○,○,X,-,-,-,-
,3146,영상,기록,국회도서관,국회기록보존소,HOME > 기록정보 콘텐츠 > 구술기록,정치발전을 위한 조언 ,-,2016~2023,1,미부착,제4유형,무,-,정치발전을 위한 조언 ,-,영상,영상,-,정치,한국어,-,2016~2023,-,국회도서관,-,-,-,제4유형,저작물,보호저작물,○,상업적이용금지,○,○,○,○,○,○,X,-,-,-,-
,3147,영상,기록,국회도서관,국회기록보존소,HOME > 기록정보 콘텐츠 > 구술기록,시작멘트,-,2016~2023,1,미부착,제4유형,무,-,시작멘트,-,영상,영상,-,정치,한국어,-,2016~2023,-,국회도서관,-,-,-,제4유형,저작물,보호저작물,○,상업적이용금지,○,○,○,○,○,○,X,-,-,-,-
,3148,영상,기록,국회도서관,국회기록보존소,HOME > 기록정보 콘텐츠 > 구술기록,최근 근황 및 성장과정,-,2016~2023,1,미부착,제4유형,무,-,최근 근황 및 성장과정,-,영상,영상,-,정치,한국어,-,2016~2023,-,국회도서관,-,-,-,제4유형,저작물,보호저작물,○,상업적이용금지,○,○,○,○,○,○,X,-,-,-,-
,3149,영상,기록,국회도서관,국회기록보존소,HOME > 기록정보 콘텐츠 > 구술기록,법조계 입문 과정,-,2016~2023,1,미부착,제4유형,무,-,법조계 입문 과정,-,영상,영상,-,정치,한국어,-,2016~2023,-,국회도서관,-,-,-,제4유형,저작물,보호저작물,○,상업적이용금지,○,○,○,○,○,○,X,-,-,-,-
,3150,영상,기록,국회도서관,국회기록보존소,HOME > 기록정보 콘텐츠 > 구술기록,검사 및 변호사 활동,-,2016~2023,1,미부착,제4유형,무,-,검사 및 변호사 활동,-,영상,영상,-,정치,한국어,-,2016~2023,-,국회도서관,-,-,-,제4유형,저작물,보호저작물,○,상업적이용금지,○,○,○,○,○,○,X,-,-,-,-
,3151,영상,기록,국회도서관,국회기록보존소,HOME > 기록정보 콘텐츠 > 구술기록,1980년 전후의 정치상황,-,2016~2023,1,미부착,제4유형,무,-,1980년 전후의 정치상황,-,영상,영상,-,정치,한국어,-,2016~2023,-,국회도서관,-,-,-,제4유형,저작물,보호저작물,○,상업적이용금지,○,○,○,○,○,○,X,-,-,-,-
,3152,영상,기록,국회도서관,국회기록보존소,HOME > 기록정보 콘텐츠 > 구술기록,"법학 전공의 동기와 대학입시 준비, 대학생활",-,2016~2023,1,미부착,제4유형,무,-,"법학 전공의 동기와 대학입시 준비, 대학생활",-,영상,영상,-,정치,한국어,-,2016~2023,-,국회도서관,-,-,-,제4유형,저작물,보호저작물,○,상업적이용금지,○,○,○,○,○,○,X,-,-,-,-
,3153,영상,기록,국회도서관,국회기록보존소,HOME > 기록정보 콘텐츠 > 구술기록,정수장학회 이야기,-,2016~2023,1,미부착,제4유형,무,-,정수장학회 이야기,-,영상,영상,-,정치,한국어,-,2016~2023,-,국회도서관,-,-,-,제4유형,저작물,보호저작물,○,상업적이용금지,○,○,○,○,○,○,X,-,-,-,-
,3154,영상,기록,국회도서관,국회기록보존소,HOME > 기록정보 콘텐츠 > 구술기록,사법시험 응시 ,-,2016~2023,1,미부착,제4유형,무,-,사법시험 응시 ,-,영상,영상,-,정치,한국어,-,2016~2023,-,국회도서관,-,-,-,제4유형,저작물,보호저작물,○,상업적이용금지,○,○,○,○,○,○,X,-,-,-,-
,3155,영상,기록,국회도서관,국회기록보존소,HOME > 기록정보 콘텐츠 > 구술기록,시험 합격과 검사 재직 시기,-,2016~2023,1,미부착,제4유형,무,-,시험 합격과 검사 재직 시기,-,영상,영상,-,정치,한국어,-,2016~2023,-,국회도서관,-,-,-,제4유형,저작물,보호저작물,○,상업적이용금지,○,○,○,○,○,○,X,-,-,-,-
,3156,영상,기록,국회도서관,국회기록보존소,HOME > 기록정보 콘텐츠 > 구술기록,검사 재직 시기,-,2016~2023,1,미부착,제4유형,무,-,검사 재직 시기,-,영상,영상,-,정치,한국어,-,2016~2023,-,국회도서관,-,-,-,제4유형,저작물,보호저작물,○,상업적이용금지,○,○,○,○,○,○,X,-,-,-,-
,3157,영상,기록,국회도서관,국회기록보존소,HOME > 기록정보 콘텐츠 > 구술기록,시작멘트,-,2016~2023,1,미부착,제4유형,무,-,시작멘트,-,영상,영상,-,정치,한국어,-,2016~2023,-,국회도서관,-,-,-,제4유형,저작물,보호저작물,○,상업적이용금지,○,○,○,○,○,○,X,-,-,-,-
,3158,영상,기록,국회도서관,국회기록보존소,HOME > 기록정보 콘텐츠 > 구술기록,제11대 국회의원 활동 시기,-,2016~2023,1,미부착,제4유형,무,-,제11대 국회의원 활동 시기,-,영상,영상,-,정치,한국어,-,2016~2023,-,국회도서관,-,-,-,제4유형,저작물,보호저작물,○,상업적이용금지,○,○,○,○,○,○,X,-,-,-,-
,3159,영상,기록,국회도서관,국회기록보존소,HOME > 기록정보 콘텐츠 > 구술기록,제12대 국회 개헌논의(6·29선언 시점까지) ,-,2016~2023,1,미부착,제4유형,무,-,제12대 국회 개헌논의(6·29선언 시점까지) ,-,영상,영상,-,정치,한국어,-,2016~2023,-,국회도서관,-,-,-,제4유형,저작물,보호저작물,○,상업적이용금지,○,○,○,○,○,○,X,-,-,-,-
,3160,영상,기록,국회도서관,국회기록보존소,HOME > 기록정보 콘텐츠 > 구술기록,6·29선언의 기획 주체와 전두환 대통령의 정세판단 방식,-,2016~2023,1,미부착,제4유형,무,-,6·29선언의 기획 주체와 전두환 대통령의 정세판단 방식,-,영상,영상,-,정치,한국어,-,2016~2023,-,국회도서관,-,-,-,제4유형,저작물,보호저작물,○,상업적이용금지,○,○,○,○,○,○,X,-,-,-,-
,3161,영상,기록,국회도서관,국회기록보존소,HOME > 기록정보 콘텐츠 > 구술기록,6.29선언 이후 개헌안 협상 ,-,2016~2023,1,미부착,제4유형,무,-,6.29선언 이후 개헌안 협상 ,-,영상,영상,-,정치,한국어,-,2016~2023,-,국회도서관,-,-,-,제4유형,저작물,보호저작물,○,상업적이용금지,○,○,○,○,○,○,X,-,-,-,-
,3162,영상,기록,국회도서관,국회기록보존소,HOME > 기록정보 콘텐츠 > 구술기록,시작멘트,-,2016~2023,1,미부착,제4유형,무,-,시작멘트,-,영상,영상,-,정치,한국어,-,2016~2023,-,국회도서관,-,-,-,제4유형,저작물,보호저작물,○,상업적이용금지,○,○,○,○,○,○,X,-,-,-,-
,3163,영상,기록,국회도서관,국회기록보존소,HOME > 기록정보 콘텐츠 > 구술기록,헌법소원제 도입의 경위와 조건,-,2016~2023,1,미부착,제4유형,무,-,헌법소원제 도입의 경위와 조건,-,영상,영상,-,정치,한국어,-,2016~2023,-,국회도서관,-,-,-,제4유형,저작물,보호저작물,○,상업적이용금지,○,○,○,○,○,○,X,-,-,-,-
,3164,영상,기록,국회도서관,국회기록보존소,HOME > 기록정보 콘텐츠 > 구술기록,여권 내부의 개헌 논의 지형,-,2016~2023,1,미부착,제4유형,무,-,여권 내부의 개헌 논의 지형,-,영상,영상,-,정치,한국어,-,2016~2023,-,국회도서관,-,-,-,제4유형,저작물,보호저작물,○,상업적이용금지,○,○,○,○,○,○,X,-,-,-,-
,3165,영상,기록,국회도서관,국회기록보존소,HOME > 기록정보 콘텐츠 > 구술기록,권력구조 사항 이외의 부분들에 대한 협상과 개헌안 확정 이후의 정치일정,-,2016~2023,1,미부착,제4유형,무,-,권력구조 사항 이외의 부분들에 대한 협상과 개헌안 확정 이후의 정치일정,-,영상,영상,-,정치,한국어,-,2016~2023,-,국회도서관,-,-,-,제4유형,저작물,보호저작물,○,상업적이용금지,○,○,○,○,○,○,X,-,-,-,-
,3166,영상,기록,국회도서관,국회기록보존소,HOME > 기록정보 콘텐츠 > 구술기록,개헌안 협상 타결 이후의 상황 ,-,2016~2023,1,미부착,제4유형,무,-,개헌안 협상 타결 이후의 상황 ,-,영상,영상,-,정치,한국어,-,2016~2023,-,국회도서관,-,-,-,제4유형,저작물,보호저작물,○,상업적이용금지,○,○,○,○,○,○,X,-,-,-,-
,3167,영상,기록,국회도서관,국회기록보존소,HOME > 기록정보 콘텐츠 > 구술기록,제13대 국회의원선거 낙선 이후 시기,-,2016~2023,1,미부착,제4유형,무,-,제13대 국회의원선거 낙선 이후 시기,-,영상,영상,-,정치,한국어,-,2016~2023,-,국회도서관,-,-,-,제4유형,저작물,보호저작물,○,상업적이용금지,○,○,○,○,○,○,X,-,-,-,-
,3168,영상,기록,국회도서관,국회기록보존소,HOME > 기록정보 콘텐츠 > 구술기록,제14대 국회의원선거의 기억 ,-,2016~2023,1,미부착,제4유형,무,-,제14대 국회의원선거의 기억 ,-,영상,영상,-,정치,한국어,-,2016~2023,-,국회도서관,-,-,-,제4유형,저작물,보호저작물,○,상업적이용금지,○,○,○,○,○,○,X,-,-,-,-
,3169,영상,기록,국회도서관,국회기록보존소,HOME > 기록정보 콘텐츠 > 구술기록,늦어진 제12대 국회 개원,-,2016~2023,1,미부착,제4유형,무,-,늦어진 제12대 국회 개원,-,영상,영상,-,정치,한국어,-,2016~2023,-,국회도서관,-,-,-,제4유형,저작물,보호저작물,○,상업적이용금지,○,○,○,○,○,○,X,-,-,-,-
,3170,영상,기록,국회도서관,국회기록보존소,HOME > 기록정보 콘텐츠 > 구술기록,제14대 국회의원 활동 시기 ,-,2016~2023,1,미부착,제4유형,무,-,제14대 국회의원 활동 시기 ,-,영상,영상,-,정치,한국어,-,2016~2023,-,국회도서관,-,-,-,제4유형,저작물,보호저작물,○,상업적이용금지,○,○,○,○,○,○,X,-,-,-,-
,3171,영상,기록,국회도서관,국회기록보존소,HOME > 기록정보 콘텐츠 > 구술기록,제15대 국회의원 활동 시기,-,2016~2023,1,미부착,제4유형,무,-,제15대 국회의원 활동 시기,-,영상,영상,-,정치,한국어,-,2016~2023,-,국회도서관,-,-,-,제4유형,저작물,보호저작물,○,상업적이용금지,○,○,○,○,○,○,X,-,-,-,-
,3172,영상,기록,국회도서관,국회기록보존소,HOME > 기록정보 콘텐츠 > 구술기록,제주4.3특별법의 제정 과정,-,2016~2023,1,미부착,제4유형,무,-,제주4.3특별법의 제정 과정,-,영상,영상,-,정치,한국어,-,2016~2023,-,국회도서관,-,-,-,제4유형,저작물,보호저작물,○,상업적이용금지,○,○,○,○,○,○,X,-,-,-,-
,3173,영상,기록,국회도서관,국회기록보존소,HOME > 기록정보 콘텐츠 > 구술기록,제16대 국회의원 활동 시기,-,2016~2023,1,미부착,제4유형,무,-,제16대 국회의원 활동 시기,-,영상,영상,-,정치,한국어,-,2016~2023,-,국회도서관,-,-,-,제4유형,저작물,보호저작물,○,상업적이용금지,○,○,○,○,○,○,X,-,-,-,-
,3174,영상,기록,국회도서관,국회기록보존소,HOME > 기록정보 콘텐츠 > 구술기록,국제자유도시특별법의 보완과 제16대 대통령선거 시기 및 그 이후의 활동,-,2016~2023,1,미부착,제4유형,무,-,국제자유도시특별법의 보완과 제16대 대통령선거 시기 및 그 이후의 활동,-,영상,영상,-,정치,한국어,-,2016~2023,-,국회도서관,-,-,-,제4유형,저작물,보호저작물,○,상업적이용금지,○,○,○,○,○,○,X,-,-,-,-
,3175,영상,기록,국회도서관,국회기록보존소,HOME > 기록정보 콘텐츠 > 구술기록,제17대 국회의원선거 낙선 이후 최근까지의 활동과 감회,-,2016~2023,1,미부착,제4유형,무,-,제17대 국회의원선거 낙선 이후 최근까지의 활동과 감회,-,영상,영상,-,정치,한국어,-,2016~2023,-,국회도서관,-,-,-,제4유형,저작물,보호저작물,○,상업적이용금지,○,○,○,○,○,○,X,-,-,-,-
,3176,영상,기록,국회도서관,국회기록보존소,HOME > 기록정보 콘텐츠 > 구술기록,시작멘트,-,2016~2023,1,미부착,제4유형,무,-,시작멘트,-,영상,영상,-,정치,한국어,-,2016~2023,-,국회도서관,-,-,-,제4유형,저작물,보호저작물,○,상업적이용금지,○,○,○,○,○,○,X,-,-,-,-
,3177,영상,기록,국회도서관,국회기록보존소,HOME > 기록정보 콘텐츠 > 구술기록,최근 동정,-,2016~2023,1,미부착,제4유형,무,-,최근 동정,-,영상,영상,-,정치,한국어,-,2016~2023,-,국회도서관,-,-,-,제4유형,저작물,보호저작물,○,상업적이용금지,○,○,○,○,○,○,X,-,-,-,-
,3178,영상,기록,국회도서관,국회기록보존소,HOME > 기록정보 콘텐츠 > 구술기록,"어린 시절과 4·3사건, 법학 전공의 동기",-,2016~2023,1,미부착,제4유형,무,-,"어린 시절과 4·3사건, 법학 전공의 동기",-,영상,영상,-,정치,한국어,-,2016~2023,-,국회도서관,-,-,-,제4유형,저작물,보호저작물,○,상업적이용금지,○,○,○,○,○,○,X,-,-,-,-
,3179,영상,기록,국회도서관,국회기록보존소,HOME > 기록정보 콘텐츠 > 구술기록,"김대중, 김영삼 두 전직 대통령의 리더십",-,2016~2023,1,미부착,제4유형,무,-,"김대중, 김영삼 두 전직 대통령의 리더십",-,영상,영상,-,정치,한국어,-,2016~2023,-,국회도서관,-,-,-,제4유형,저작물,보호저작물,○,상업적이용금지,○,○,○,○,○,○,X,-,-,-,-
,3180,영상,기록,국회도서관,국회기록보존소,HOME > 기록정보 콘텐츠 > 구술기록,문민정부 시기 정무장관 활동,-,2016~2023,1,미부착,제4유형,무,-,문민정부 시기 정무장관 활동,-,영상,영상,-,정치,한국어,-,2016~2023,-,국회도서관,-,-,-,제4유형,저작물,보호저작물,○,상업적이용금지,○,○,○,○,○,○,X,-,-,-,-
,3181,영상,기록,국회도서관,국회기록보존소,HOME > 기록정보 콘텐츠 > 구술기록,1987년 개헌정국과 대통령선거시기의 활동,-,2016~2023,1,미부착,제4유형,무,-,1987년 개헌정국과 대통령선거시기의 활동,-,영상,영상,-,정치,한국어,-,2016~2023,-,국회도서관,-,-,-,제4유형,저작물,보호저작물,○,상업적이용금지,○,○,○,○,○,○,X,-,-,-,-
,3182,영상,기록,국회도서관,국회기록보존소,HOME > 기록정보 콘텐츠 > 구술기록,‘이민우 구상’의 본질,-,2016~2023,1,미부착,제4유형,무,-,‘이민우 구상’의 본질,-,영상,영상,-,정치,한국어,-,2016~2023,-,국회도서관,-,-,-,제4유형,저작물,보호저작물,○,상업적이용금지,○,○,○,○,○,○,X,-,-,-,-
,3183,영상,기록,국회도서관,국회기록보존소,HOME > 기록정보 콘텐츠 > 구술기록,1980년대 초반의 정치활동,-,2016~2023,1,미부착,제4유형,무,-,1980년대 초반의 정치활동,-,영상,영상,-,정치,한국어,-,2016~2023,-,국회도서관,-,-,-,제4유형,저작물,보호저작물,○,상업적이용금지,○,○,○,○,○,○,X,-,-,-,-
,3184,영상,기록,국회도서관,국회기록보존소,HOME > 기록정보 콘텐츠 > 구술기록,전직 대통령들에 대한 평가 및 정치발전을 위한 조언,-,2016~2023,1,미부착,제4유형,무,-,전직 대통령들에 대한 평가 및 정치발전을 위한 조언,-,영상,영상,-,정치,한국어,-,2016~2023,-,국회도서관,-,-,-,제4유형,저작물,보호저작물,○,상업적이용금지,○,○,○,○,○,○,X,-,-,-,-
,3185,영상,기록,국회도서관,국회기록보존소,HOME > 기록정보 콘텐츠 > 구술기록,국회부의장 사퇴,-,2016~2023,1,미부착,제4유형,무,-,국회부의장 사퇴,-,영상,영상,-,정치,한국어,-,2016~2023,-,국회도서관,-,-,-,제4유형,저작물,보호저작물,○,상업적이용금지,○,○,○,○,○,○,X,-,-,-,-
,3186,영상,기록,국회도서관,국회기록보존소,HOME > 기록정보 콘텐츠 > 구술기록,국회와 행정부와의 관계,-,2016~2023,1,미부착,제4유형,무,-,국회와 행정부와의 관계,-,영상,영상,-,정치,한국어,-,2016~2023,-,국회도서관,-,-,-,제4유형,저작물,보호저작물,○,상업적이용금지,○,○,○,○,○,○,X,-,-,-,-
,3187,영상,기록,국회도서관,국회기록보존소,HOME > 기록정보 콘텐츠 > 구술기록,국회부의장 재임 시 통일 관련 발언,-,2016~2023,1,미부착,제4유형,무,-,국회부의장 재임 시 통일 관련 발언,-,영상,영상,-,정치,한국어,-,2016~2023,-,국회도서관,-,-,-,제4유형,저작물,보호저작물,○,상업적이용금지,○,○,○,○,○,○,X,-,-,-,-
,3188,영상,기록,국회도서관,국회기록보존소,HOME > 기록정보 콘텐츠 > 구술기록,국회부의장 당선,-,2016~2023,1,미부착,제4유형,무,-,국회부의장 당선,-,영상,영상,-,정치,한국어,-,2016~2023,-,국회도서관,-,-,-,제4유형,저작물,보호저작물,○,상업적이용금지,○,○,○,○,○,○,X,-,-,-,-
,3189,영상,기록,국회도서관,국회기록보존소,HOME > 기록정보 콘텐츠 > 구술기록,신당 무지개연합 추진,-,2016~2023,1,미부착,제4유형,무,-,신당 무지개연합 추진,-,영상,영상,-,정치,한국어,-,2016~2023,-,국회도서관,-,-,-,제4유형,저작물,보호저작물,○,상업적이용금지,○,○,○,○,○,○,X,-,-,-,-
,3190,영상,기록,국회도서관,국회기록보존소,HOME > 기록정보 콘텐츠 > 구술기록,정계입문과 제11대 총선과정,-,2016~2023,1,미부착,제4유형,무,-,정계입문과 제11대 총선과정,-,영상,영상,-,정치,한국어,-,2016~2023,-,국회도서관,-,-,-,제4유형,저작물,보호저작물,○,상업적이용금지,○,○,○,○,○,○,X,-,-,-,-
,3191,영상,기록,국회도서관,국회기록보존소,HOME > 기록정보 콘텐츠 > 구술기록,기업활동,-,2016~2023,1,미부착,제4유형,무,-,기업활동,-,영상,영상,-,정치,한국어,-,2016~2023,-,국회도서관,-,-,-,제4유형,저작물,보호저작물,○,상업적이용금지,○,○,○,○,○,○,X,-,-,-,-
,3192,영상,기록,국회도서관,국회기록보존소,HOME > 기록정보 콘텐츠 > 구술기록,중앙일보 입사배경과 기자생활,-,2016~2023,1,미부착,제4유형,무,-,중앙일보 입사배경과 기자생활,-,영상,영상,-,정치,한국어,-,2016~2023,-,국회도서관,-,-,-,제4유형,저작물,보호저작물,○,상업적이용금지,○,○,○,○,○,○,X,-,-,-,-
,3193,영상,기록,국회도서관,국회기록보존소,HOME > 기록정보 콘텐츠 > 구술기록,대학시절,-,2016~2023,1,미부착,제4유형,무,-,대학시절,-,영상,영상,-,정치,한국어,-,2016~2023,-,국회도서관,-,-,-,제4유형,저작물,보호저작물,○,상업적이용금지,○,○,○,○,○,○,X,-,-,-,-
,3194,영상,기록,국회도서관,국회기록보존소,HOME > 기록정보 콘텐츠 > 구술기록,성장과정과 학창시절,-,2016~2023,1,미부착,제4유형,무,-,성장과정과 학창시절,-,영상,영상,-,정치,한국어,-,2016~2023,-,국회도서관,-,-,-,제4유형,저작물,보호저작물,○,상업적이용금지,○,○,○,○,○,○,X,-,-,-,-
,3195,영상,기록,국회도서관,국회기록보존소,HOME > 기록정보 콘텐츠 > 구술기록,최근근황,-,2016~2023,1,미부착,제4유형,무,-,최근근황,-,영상,영상,-,정치,한국어,-,2016~2023,-,국회도서관,-,-,-,제4유형,저작물,보호저작물,○,상업적이용금지,○,○,○,○,○,○,X,-,-,-,-
,3196,영상,기록,국회도서관,국회기록보존소,HOME > 기록정보 콘텐츠 > 구술기록,시작멘트,-,2016~2023,1,미부착,제4유형,무,-,시작멘트,-,영상,영상,-,정치,한국어,-,2016~2023,-,국회도서관,-,-,-,제4유형,저작물,보호저작물,○,상업적이용금지,○,○,○,○,○,○,X,-,-,-,-
,3197,영상,기록,국회도서관,국회기록보존소,HOME > 기록정보 콘텐츠 > 구술기록,3당합당과 제14대 총선거,-,2016~2023,1,미부착,제4유형,무,-,3당합당과 제14대 총선거,-,영상,영상,-,정치,한국어,-,2016~2023,-,국회도서관,-,-,-,제4유형,저작물,보호저작물,○,상업적이용금지,○,○,○,○,○,○,X,-,-,-,-
,3198,영상,기록,국회도서관,국회기록보존소,HOME > 기록정보 콘텐츠 > 구술기록,대학과 군대시절,-,2016~2023,1,미부착,제4유형,무,-,대학과 군대시절,-,영상,영상,-,정치,한국어,-,2016~2023,-,국회도서관,-,-,-,제4유형,저작물,보호저작물,○,상업적이용금지,○,○,○,○,○,○,X,-,-,-,-
,3199,영상,기록,국회도서관,국회기록보존소,HOME > 기록정보 콘텐츠 > 구술기록,사무관으로 사회진출 후 세계은행에서 근무,-,2016~2023,1,미부착,제4유형,무,-,사무관으로 사회진출 후 세계은행에서 근무,-,영상,영상,-,정치,한국어,-,2016~2023,-,국회도서관,-,-,-,제4유형,저작물,보호저작물,○,상업적이용금지,○,○,○,○,○,○,X,-,-,-,-
,3200,영상,기록,국회도서관,국회기록보존소,HOME > 기록정보 콘텐츠 > 구술기록,영국에서 재무관보로 활동,-,2016~2023,1,미부착,제4유형,무,-,영국에서 재무관보로 활동,-,영상,영상,-,정치,한국어,-,2016~2023,-,국회도서관,-,-,-,제4유형,저작물,보호저작물,○,상업적이용금지,○,○,○,○,○,○,X,-,-,-,-
,3201,영상,기록,국회도서관,국회기록보존소,HOME > 기록정보 콘텐츠 > 구술기록,성장과정,-,2016~2023,1,미부착,제4유형,무,-,성장과정,-,영상,영상,-,정치,한국어,-,2016~2023,-,국회도서관,-,-,-,제4유형,저작물,보호저작물,○,상업적이용금지,○,○,○,○,○,○,X,-,-,-,-
,3202,영상,기록,국회도서관,국회기록보존소,HOME > 기록정보 콘텐츠 > 구술기록,최근 근황,-,2016~2023,1,미부착,제4유형,무,-,최근 근황,-,영상,영상,-,정치,한국어,-,2016~2023,-,국회도서관,-,-,-,제4유형,저작물,보호저작물,○,상업적이용금지,○,○,○,○,○,○,X,-,-,-,-
,3203,영상,기록,국회도서관,국회기록보존소,HOME > 기록정보 콘텐츠 > 구술기록,시작멘트,-,2016~2023,1,미부착,제4유형,무,-,시작멘트,-,영상,영상,-,정치,한국어,-,2016~2023,-,국회도서관,-,-,-,제4유형,저작물,보호저작물,○,상업적이용금지,○,○,○,○,○,○,X,-,-,-,-
,3204,영상,기록,국회도서관,국회기록보존소,HOME > 기록정보 콘텐츠 > 구술기록,정치발전을 위한 조언,-,2016~2023,1,미부착,제4유형,무,-,정치발전을 위한 조언,-,영상,영상,-,정치,한국어,-,2016~2023,-,국회도서관,-,-,-,제4유형,저작물,보호저작물,○,상업적이용금지,○,○,○,○,○,○,X,-,-,-,-
,3205,영상,기록,국회도서관,국회기록보존소,HOME > 기록정보 콘텐츠 > 구술기록,국회부의장 재임 시 주요활동,-,2016~2023,1,미부착,제4유형,무,-,국회부의장 재임 시 주요활동,-,영상,영상,-,정치,한국어,-,2016~2023,-,국회도서관,-,-,-,제4유형,저작물,보호저작물,○,상업적이용금지,○,○,○,○,○,○,X,-,-,-,-
,3206,영상,기록,국회도서관,국회기록보존소,HOME > 기록정보 콘텐츠 > 구술기록,한·미에프티에이(FTA)체결대책위원장 활동,-,2016~2023,1,미부착,제4유형,무,-,한·미에프티에이(FTA)체결대책위원장 활동,-,영상,영상,-,정치,한국어,-,2016~2023,-,국회도서관,-,-,-,제4유형,저작물,보호저작물,○,상업적이용금지,○,○,○,○,○,○,X,-,-,-,-
,3207,영상,기록,국회도서관,국회기록보존소,HOME > 기록정보 콘텐츠 > 구술기록,제18대 국회 시기의 활동,-,2016~2023,1,미부착,제4유형,무,-,제18대 국회 시기의 활동,-,영상,영상,-,정치,한국어,-,2016~2023,-,국회도서관,-,-,-,제4유형,저작물,보호저작물,○,상업적이용금지,○,○,○,○,○,○,X,-,-,-,-
,3208,영상,기록,국회도서관,국회기록보존소,HOME > 기록정보 콘텐츠 > 구술기록,열린우리당 정책위의장,-,2016~2023,1,미부착,제4유형,무,-,열린우리당 정책위의장,-,영상,영상,-,정치,한국어,-,2016~2023,-,국회도서관,-,-,-,제4유형,저작물,보호저작물,○,상업적이용금지,○,○,○,○,○,○,X,-,-,-,-
,3209,영상,기록,국회도서관,국회기록보존소,HOME > 기록정보 콘텐츠 > 구술기록,열린우리당 창당과 제17대 총선거,-,2016~2023,1,미부착,제4유형,무,-,열린우리당 창당과 제17대 총선거,-,영상,영상,-,정치,한국어,-,2016~2023,-,국회도서관,-,-,-,제4유형,저작물,보호저작물,○,상업적이용금지,○,○,○,○,○,○,X,-,-,-,-
,3210,영상,기록,국회도서관,국회기록보존소,HOME > 기록정보 콘텐츠 > 구술기록,2002년 대통령 선거시기의 활동,-,2016~2023,1,미부착,제4유형,무,-,2002년 대통령 선거시기의 활동,-,영상,영상,-,정치,한국어,-,2016~2023,-,국회도서관,-,-,-,제4유형,저작물,보호저작물,○,상업적이용금지,○,○,○,○,○,○,X,-,-,-,-
,3211,영상,기록,국회도서관,국회기록보존소,HOME > 기록정보 콘텐츠 > 구술기록,새정치국민회의 소속으로 제16대 총선거 당선,-,2016~2023,1,미부착,제4유형,무,-,새정치국민회의 소속으로 제16대 총선거 당선,-,영상,영상,-,정치,한국어,-,2016~2023,-,국회도서관,-,-,-,제4유형,저작물,보호저작물,○,상업적이용금지,○,○,○,○,○,○,X,-,-,-,-
,3212,영상,기록,국회도서관,국회기록보존소,HOME > 기록정보 콘텐츠 > 구술기록,정치입문의 배경과 제15대 총선거 출마,-,2016~2023,1,미부착,제4유형,무,-,정치입문의 배경과 제15대 총선거 출마,-,영상,영상,-,정치,한국어,-,2016~2023,-,국회도서관,-,-,-,제4유형,저작물,보호저작물,○,상업적이용금지,○,○,○,○,○,○,X,-,-,-,-
,3213,영상,기록,국회도서관,국회기록보존소,HOME > 기록정보 콘텐츠 > 구술기록,전두환 정권의 경제정책에 대한 평가,-,2016~2023,1,미부착,제4유형,무,-,전두환 정권의 경제정책에 대한 평가,-,영상,영상,-,정치,한국어,-,2016~2023,-,국회도서관,-,-,-,제4유형,저작물,보호저작물,○,상업적이용금지,○,○,○,○,○,○,X,-,-,-,-
,3214,영상,기록,국회도서관,국회기록보존소,HOME > 기록정보 콘텐츠 > 구술기록,시작멘트,-,2016~2023,1,미부착,제4유형,무,-,시작멘트,-,영상,영상,-,정치,한국어,-,2016~2023,-,국회도서관,-,-,-,제4유형,저작물,보호저작물,○,상업적이용금지,○,○,○,○,○,○,X,-,-,-,-
,3215,영상,기록,국회도서관,국회기록보존소,HOME > 기록정보 콘텐츠 > 구술기록,재무부 장관 임명과 금융실명제 단행,-,2016~2023,1,미부착,제4유형,무,-,재무부 장관 임명과 금융실명제 단행,-,영상,영상,-,정치,한국어,-,2016~2023,-,국회도서관,-,-,-,제4유형,저작물,보호저작물,○,상업적이용금지,○,○,○,○,○,○,X,-,-,-,-
,3216,영상,기록,국회도서관,국회기록보존소,HOME > 기록정보 콘텐츠 > 구술기록,"관세청장, 수출입은행장 및 외환은행장 시절",-,2016~2023,1,미부착,제4유형,무,-,"관세청장, 수출입은행장 및 외환은행장 시절",-,영상,영상,-,정치,한국어,-,2016~2023,-,국회도서관,-,-,-,제4유형,저작물,보호저작물,○,상업적이용금지,○,○,○,○,○,○,X,-,-,-,-
,3217,영상,기록,국회도서관,국회기록보존소,HOME > 기록정보 콘텐츠 > 구술기록,고위공무원으로 대외경제관계 업무,-,2016~2023,1,미부착,제4유형,무,-,고위공무원으로 대외경제관계 업무,-,영상,영상,-,정치,한국어,-,2016~2023,-,국회도서관,-,-,-,제4유형,저작물,보호저작물,○,상업적이용금지,○,○,○,○,○,○,X,-,-,-,-
,3218,영상,기록,국회도서관,국회기록보존소,HOME > 기록정보 콘텐츠 > 구술기록,영국대사관에서 재무관으로 재차 활동,-,2016~2023,1,미부착,제4유형,무,-,영국대사관에서 재무관으로 재차 활동,-,영상,영상,-,정치,한국어,-,2016~2023,-,국회도서관,-,-,-,제4유형,저작물,보호저작물,○,상업적이용금지,○,○,○,○,○,○,X,-,-,-,-
,3219,영상,기록,국회도서관,국회기록보존소,HOME > 기록정보 콘텐츠 > 구술기록,관세청 및 재무부 관세국 근무,-,2016~2023,1,미부착,제4유형,무,-,관세청 및 재무부 관세국 근무,-,영상,영상,-,정치,한국어,-,2016~2023,-,국회도서관,-,-,-,제4유형,저작물,보호저작물,○,상업적이용금지,○,○,○,○,○,○,X,-,-,-,-
,3220,영상,기록,국회도서관,국회기록보존소,HOME > 기록정보 콘텐츠 > 구술기록,제5공화국 대통령 비서실 경제비서관 임명,-,2016~2023,1,미부착,제4유형,무,-,제5공화국 대통령 비서실 경제비서관 임명,-,영상,영상,-,정치,한국어,-,2016~2023,-,국회도서관,-,-,-,제4유형,저작물,보호저작물,○,상업적이용금지,○,○,○,○,○,○,X,-,-,-,-
,3221,어문,간행물,국회도서관,국회기록보존소,국회간행물,‘탐정·정보원’ 명칭 사용 제한 규정 완화,-,2020-10-20 00:00:00,1,미부착 ,제1유형,무,-,‘탐정·정보원’ 명칭 사용 제한 규정 완화,-,어문,문서,-,법률,한국어,-,2020-10-20 00:00:00,-,국회도서관,-,-,-,제1유형,저작물,보호저작물,○,상업적이용가능,○,○,○,○,○,○,○,-,2090-10-20 00:00:00,-,-
,3222,어문,간행물,국회도서관,국회기록보존소,국회간행물,2007 입법지식DB 주제리스트,-,2007-08-31 00:00:00,1,미부착 ,제1유형,무,-,2007 입법지식DB 주제리스트,-,어문,문서,-,법률,한국어,-,2007-08-31 00:00:00,-,국회도서관,-,-,-,제1유형,저작물,보호저작물,○,상업적이용가능,○,○,○,○,○,○,○,-,2077-08-31 00:00:00,-,-
,3223,어문,간행물,국회도서관,국회기록보존소,국회간행물,2008년도 법률정보조사과정,-,2008-01-01 00:00:00,1,미부착 ,제1유형,무,-,2008년도 법률정보조사과정,-,어문,문서,-,법률,한국어,-,2008-01-01 00:00:00,-,국회도서관,-,-,-,제1유형,저작물,보호저작물,○,상업적이용가능,○,○,○,○,○,○,○,-,2078-01-01 00:00:00,-,-
,3224,어문,간행물,국회도서관,국회기록보존소,국회간행물,2008년도 법률정보활용,-,2008-01-01 00:00:00,1,미부착 ,제1유형,무,-,2008년도 법률정보활용,-,어문,문서,-,법률,한국어,-,2008-01-01 00:00:00,-,국회도서관,-,-,-,제1유형,저작물,보호저작물,○,상업적이용가능,○,○,○,○,○,○,○,-,2078-01-01 00:00:00,-,-
,3225,어문,간행물,국회도서관,국회기록보존소,국회간행물,2009 입법지식DB 주제리스트,-,2009-12-01 00:00:00,1,미부착 ,제1유형,무,-,2009 입법지식DB 주제리스트,-,어문,문서,-,법률,한국어,-,2009-12-01 00:00:00,-,국회도서관,-,-,-,제1유형,저작물,보호저작물,○,상업적이용가능,○,○,○,○,○,○,○,-,2079-12-01 00:00:00,-,-
,3226,어문,간행물,국회도서관,국회기록보존소,국회간행물,2010 입법지식DB 주제리스트,-,2010-12-01 00:00:00,1,미부착 ,제1유형,무,-,2010 입법지식DB 주제리스트,-,어문,문서,-,법률,한국어,-,2010-12-01 00:00:00,-,국회도서관,-,-,-,제1유형,저작물,보호저작물,○,상업적이용가능,○,○,○,○,○,○,○,-,2080-12-01 00:00:00,-,-
,3227,어문,간행물,국회도서관,국회기록보존소,국회간행물,2012 입법지식DB 주제리스트,-,2012-12-01 00:00:00,1,미부착 ,제1유형,무,-,2012 입법지식DB 주제리스트,-,어문,문서,-,법률,한국어,-,2012-12-01 00:00:00,-,국회도서관,-,-,-,제1유형,저작물,보호저작물,○,상업적이용가능,○,○,○,○,○,○,○,-,2082-12-01 00:00:00,-,-
,3228,어문,간행물,국회도서관,국회기록보존소,국회간행물,2013 입법지식DB 주제리스트,-,2013-12-01 00:00:00,1,미부착 ,제1유형,무,-,2013 입법지식DB 주제리스트,-,어문,문서,-,법률,한국어,-,2013-12-01 00:00:00,-,국회도서관,-,-,-,제1유형,저작물,보호저작물,○,상업적이용가능,○,○,○,○,○,○,○,-,2083-12-01 00:00:00,-,-
,3229,어문,간행물,국회도서관,국회기록보존소,국회간행물,COVID-19에 따른 대학 등록금 감면 등 규정 마련 1,-,2020-11-17 00:00:00,1,미부착 ,제1유형,무,-,COVID-19에 따른 대학 등록금 감면 등 규정 마련 1,-,어문,문서,-,법률,한국어,-,2020-11-17 00:00:00,-,국회도서관,-,-,-,제1유형,저작물,보호저작물,○,상업적이용가능,○,○,○,○,○,○,○,-,2090-11-17 00:00:00,-,-
,3230,어문,간행물,국회도서관,국회기록보존소,국회간행물,GUIDE TO THE NATIONAL ASSEMBLY LIBRARY(2015),-,2015-04-10 00:00:00,1,미부착 ,제1유형,무,-,GUIDE TO THE NATIONAL ASSEMBLY LIBRARY(2015),-,어문,문서,-,법률,한국어,-,2015-04-10 00:00:00,-,국회도서관,-,-,-,제1유형,저작물,보호저작물,○,상업적이용가능,○,○,○,○,○,○,○,-,2085-04-10 00:00:00,-,-
,3231,어문,간행물,국회도서관,국회기록보존소,국회간행물,Guide to The National Assembly Library(2018),-,2018-09-21 00:00:00,1,미부착 ,제1유형,무,-,Guide to The National Assembly Library(2018),-,어문,문서,-,법률,한국어,-,2018-09-21 00:00:00,-,국회도서관,-,-,-,제1유형,저작물,보호저작물,○,상업적이용가능,○,○,○,○,○,○,○,-,2088-09-21 00:00:00,-,-
,3232,어문,간행물,국회도서관,국회기록보존소,국회간행물,NABO FOCUS: 기초연금의 경제적 효과 - 소득 분위별 평균소비성향을 반영한 기초연금 지급의 소비증가 효과 추정,-,2023-07-07 00:00:00,1,미부착 ,제1유형,무,-,NABO FOCUS: 기초연금의 경제적 효과 - 소득 분위별 평균소비성향을 반영한 기초연금 지급의 소비증가 효과 추정,-,어문,문서,-,법률,한국어,-,2023-07-07 00:00:00,-,국회도서관,-,-,-,제1유형,저작물,보호저작물,○,상업적이용가능,○,○,○,○,○,○,○,-,2093-07-07 00:00:00,-,-
,3233,어문,간행물,국회도서관,국회기록보존소,국회간행물,가명처리된 개인정보의 상업적 이용제도 도입,-,2020-02-18 00:00:00,1,미부착 ,제1유형,무,-,가명처리된 개인정보의 상업적 이용제도 도입,-,어문,문서,-,법률,한국어,-,2020-02-18 00:00:00,-,국회도서관,-,-,-,제1유형,저작물,보호저작물,○,상업적이용가능,○,○,○,○,○,○,○,-,2090-02-18 00:00:00,-,-
,3234,어문,간행물,국회도서관,국회기록보존소,국회간행물,감염병 방역·예방조치 위반 시 손해배상 청구 및 가중처벌 규정 신설,-,2021-05-04 00:00:00,1,미부착 ,제1유형,무,-,감염병 방역·예방조치 위반 시 손해배상 청구 및 가중처벌 규정 신설,-,어문,문서,-,법률,한국어,-,2021-05-04 00:00:00,-,국회도서관,-,-,-,제1유형,저작물,보호저작물,○,상업적이용가능,○,○,○,○,○,○,○,-,2091-05-04 00:00:00,-,-
,3235,어문,간행물,국회도서관,국회기록보존소,국회간행물,검·경 수사권 조정 관련 형사소송법 개정,-,2020-03-17 00:00:00,1,미부착 ,제1유형,무,-,검·경 수사권 조정 관련 형사소송법 개정,-,어문,문서,-,법률,한국어,-,2020-03-17 00:00:00,-,국회도서관,-,-,-,제1유형,저작물,보호저작물,○,상업적이용가능,○,○,○,○,○,○,○,-,2090-03-17 00:00:00,-,-
,3236,어문,간행물,국회도서관,국회기록보존소,국회간행물,"계약갱신요구권, 전월세 상한제 등 도입에 관한 규정 신설",-,2020-09-01 00:00:00,1,미부착 ,제1유형,무,-,"계약갱신요구권, 전월세 상한제 등 도입에 관한 규정 신설",-,어문,문서,-,법률,한국어,-,2020-09-01 00:00:00,-,국회도서관,-,-,-,제1유형,저작물,보호저작물,○,상업적이용가능,○,○,○,○,○,○,○,-,2090-09-01 00:00:00,-,-
,3237,어문,간행물,국회도서관,국회기록보존소,국회간행물,고등법원 부장판사 직위 폐지,-,2020-06-16 00:00:00,1,미부착 ,제1유형,무,-,고등법원 부장판사 직위 폐지,-,어문,문서,-,법률,한국어,-,2020-06-16 00:00:00,-,국회도서관,-,-,-,제1유형,저작물,보호저작물,○,상업적이용가능,○,○,○,○,○,○,○,-,2090-06-16 00:00:00,-,-
,3238,어문,간행물,국회도서관,국회기록보존소,국회간행물,공동주택 경비원에 대한 갑질 금지,-,2020-11-24 00:00:00,1,미부착 ,제1유형,무,-,공동주택 경비원에 대한 갑질 금지,-,어문,문서,-,법률,한국어,-,2020-11-24 00:00:00,-,국회도서관,-,-,-,제1유형,저작물,보호저작물,○,상업적이용가능,○,○,○,○,○,○,○,-,2090-11-24 00:00:00,-,-
,3239,어문,간행물,국회도서관,국회기록보존소,국회간행물,공직자의 부동산 투기 방지,-,2021-05-18 00:00:00,1,미부착 ,제1유형,무,-,공직자의 부동산 투기 방지,-,어문,문서,-,법률,한국어,-,2021-05-18 00:00:00,-,국회도서관,-,-,-,제1유형,저작물,보호저작물,○,상업적이용가능,○,○,○,○,○,○,○,-,2091-05-18 00:00:00,-,-
,3240,어문,간행물,국회도서관,국회기록보존소,국회간행물,국가의 감염병 대응역량 강화를 위한 코로나 3법 개정 - 감염병예방법을 중심으로,-,2020-04-07 00:00:00,1,미부착 ,제1유형,무,-,국가의 감염병 대응역량 강화를 위한 코로나 3법 개정 - 감염병예방법을 중심으로,-,어문,문서,-,법률,한국어,-,2020-04-07 00:00:00,-,국회도서관,-,-,-,제1유형,저작물,보호저작물,○,상업적이용가능,○,○,○,○,○,○,○,-,2090-04-07 00:00:00,-,-
,3241,어문,간행물,국회도서관,국회기록보존소,국회간행물,국외정책정보 살펴보기,-,2012-05-01 00:00:00,1,미부착 ,제1유형,무,-,국외정책정보 살펴보기,-,어문,문서,-,법률,한국어,-,2012-05-01 00:00:00,-,국회도서관,-,-,-,제1유형,저작물,보호저작물,○,상업적이용가능,○,○,○,○,○,○,○,-,2082-05-01 00:00:00,-,-
,3242,어문,간행물,국회도서관,국회기록보존소,국회간행물,"국회, 법원, 헌법재판소, 국무총리 공관 인근 집회 시위 예외적 허용 - 집회 및 시위에 관한 법률 제11조",-,2020-09-08 00:00:00,1,미부착 ,제1유형,무,-,"국회, 법원, 헌법재판소, 국무총리 공관 인근 집회 시위 예외적 허용 - 집회 및 시위에 관한 법률 제11조",-,어문,문서,-,법률,한국어,-,2020-09-08 00:00:00,-,국회도서관,-,-,-,제1유형,저작물,보호저작물,○,상업적이용가능,○,○,○,○,○,○,○,-,2090-09-08 00:00:00,-,-
,3243,어문,간행물,국회도서관,국회기록보존소,국회간행물,국회기록물분류기준표 2011,-,2011-05-23 00:00:00,1,미부착 ,제1유형,무,-,국회기록물분류기준표 2011,-,어문,문서,-,법률,한국어,-,2011-05-23 00:00:00,-,국회도서관,-,-,-,제1유형,저작물,보호저작물,○,상업적이용가능,○,○,○,○,○,○,○,-,2081-05-23 00:00:00,-,-
,3244,어문,간행물,국회도서관,국회기록보존소,국회간행물,국회도서관 50년사,-,2002-04-25 00:00:00,1,미부착 ,제1유형,유,-,국회도서관 50년사,-,어문,문서,-,법률,한국어,-,2002-04-25 00:00:00,-,국회도서관,-,-,-,제1유형,저작물,보호저작물,○,상업적이용가능,○,○,○,○,○,○,○,-,2072-04-25 00:00:00,-,-
,3245,어문,간행물,국회도서관,국회기록보존소,국회간행물,국회도서관 60년사,-,2012-02-28 00:00:00,1,미부착 ,제1유형,유,-,국회도서관 60년사,-,어문,문서,-,법률,한국어,-,2012-02-28 00:00:00,-,국회도서관,-,-,-,제1유형,저작물,보호저작물,○,상업적이용가능,○,○,○,○,○,○,○,-,2082-02-28 00:00:00,-,-
,3246,어문,간행물,국회도서관,국회기록보존소,국회간행물,국회도서관 70년사,-,2022-07-29 00:00:00,1,미부착 ,제1유형,유,-,국회도서관 70년사,-,어문,문서,-,법률,한국어,-,2022-07-29 00:00:00,-,국회도서관,-,-,-,제1유형,저작물,보호저작물,○,상업적이용가능,○,○,○,○,○,○,○,-,2092-07-29 00:00:00,-,-
,3247,어문,간행물,국회도서관,국회기록보존소,국회간행물,국회도서관 의회·법률정보 조사목록: 제19대국회(2012.5.30~2016.3.31),-,2016-06-15 00:00:00,1,미부착 ,제1유형,유,-,국회도서관 의회·법률정보 조사목록: 제19대국회(2012.5.30~2016.3.31),-,어문,문서,-,법률,한국어,-,2016-06-15 00:00:00,-,국회도서관,-,-,-,제1유형,저작물,보호저작물,○,상업적이용가능,○,○,○,○,○,○,○,-,2086-06-15 00:00:00,-,-
,3248,어문,간행물,국회도서관,국회기록보존소,국회간행물,국회도서관 의회·법률정보조사목록(2016),-,2017-06-22 00:00:00,1,미부착 ,제1유형,유,-,국회도서관 의회·법률정보조사목록(2016),-,어문,문서,-,법률,한국어,-,2017-06-22 00:00:00,-,국회도서관,-,-,-,제1유형,저작물,보호저작물,○,상업적이용가능,○,○,○,○,○,○,○,-,2087-06-22 00:00:00,-,-
,3249,어문,간행물,국회도서관,국회기록보존소,국회간행물,국회도서관 의회·법률정보조사목록(2017),-,2018-07-20 00:00:00,1,미부착 ,제1유형,유,-,국회도서관 의회·법률정보조사목록(2017),-,어문,문서,-,법률,한국어,-,2018-07-20 00:00:00,-,국회도서관,-,-,-,제1유형,저작물,보호저작물,○,상업적이용가능,○,○,○,○,○,○,○,-,2088-07-20 00:00:00,-,-
,3250,어문,간행물,국회도서관,국회기록보존소,국회간행물,국회도서관 의회·법률정보조사목록(2018),-,2019-07-12 00:00:00,1,미부착 ,제1유형,유,-,국회도서관 의회·법률정보조사목록(2018),-,어문,문서,-,법률,한국어,-,2019-07-12 00:00:00,-,국회도서관,-,-,-,제1유형,저작물,보호저작물,○,상업적이용가능,○,○,○,○,○,○,○,-,2089-07-12 00:00:00,-,-
,3251,어문,간행물,국회도서관,국회기록보존소,국회간행물,국회도서관 의회·법률정보조사목록(20대 국회),-,2020-06-09 00:00:00,1,미부착 ,제1유형,유,-,국회도서관 의회·법률정보조사목록(20대 국회),-,어문,문서,-,법률,한국어,-,2020-06-09 00:00:00,-,국회도서관,-,-,-,제1유형,저작물,보호저작물,○,상업적이용가능,○,○,○,○,○,○,○,-,2090-06-09 00:00:00,-,-
,3252,어문,간행물,국회도서관,국회기록보존소,국회간행물,금융소비자 보호를 위한 법적 근거 마련,-,2021-05-04 00:00:00,1,미부착 ,제1유형,무,-,금융소비자 보호를 위한 법적 근거 마련,-,어문,문서,-,법률,한국어,-,2021-05-04 00:00:00,-,국회도서관,-,-,-,제1유형,저작물,보호저작물,○,상업적이용가능,○,○,○,○,○,○,○,-,2091-05-04 00:00:00,-,-
,3253,어문,간행물,국회도서관,국회기록보존소,국회간행물,독도 관련 국회 법률안 및 결의안,-,2023-01-11 00:00:00,1,미부착 ,제1유형,무,-,독도 관련 국회 법률안 및 결의안,-,어문,문서,-,법률,한국어,-,2023-01-11 00:00:00,-,국회도서관,-,-,-,제1유형,저작물,보호저작물,○,상업적이용가능,○,○,○,○,○,○,○,-,2093-01-11 00:00:00,-,-
,3254,어문,간행물,국회도서관,국회기록보존소,국회간행물,딥페이크(Deepfake) 등 허위영상물 관련 조항 신설,-,2020-04-21 00:00:00,1,미부착 ,제1유형,무,-,딥페이크(Deepfake) 등 허위영상물 관련 조항 신설,-,어문,문서,-,법률,한국어,-,2020-04-21 00:00:00,-,국회도서관,-,-,-,제1유형,저작물,보호저작물,○,상업적이용가능,○,○,○,○,○,○,○,-,2090-04-21 00:00:00,-,-
,3255,어문,간행물,국회도서관,국회기록보존소,국회간행물,민사 판결서의 공개 범위 확대,-,2021-02-02 00:00:00,1,미부착 ,제1유형,무,-,민사 판결서의 공개 범위 확대,-,어문,문서,-,법률,한국어,-,2021-02-02 00:00:00,-,국회도서관,-,-,-,제1유형,저작물,보호저작물,○,상업적이용가능,○,○,○,○,○,○,○,-,2091-02-02 00:00:00,-,-
,3256,어문,간행물,국회도서관,국회기록보존소,국회간행물,법률쟁점DB보고서: 국회 상임위원회별 주요 법률쟁점DB,-,2013-06-30 00:00:00,1,미부착 ,제1유형,유,-,법률쟁점DB보고서: 국회 상임위원회별 주요 법률쟁점DB,-,어문,문서,-,법률,한국어,-,2013-06-30 00:00:00,-,국회도서관,-,-,-,제1유형,저작물,보호저작물,○,상업적이용가능,○,○,○,○,○,○,○,-,2083-06-30 00:00:00,-,-
,3257,어문,간행물,국회도서관,국회기록보존소,국회간행물,법률쟁점DB보고서: 국회 상임위원회별 주요 법률쟁점DB,-,2014-12-31 00:00:00,1,미부착 ,제1유형,유,-,법률쟁점DB보고서: 국회 상임위원회별 주요 법률쟁점DB,-,어문,문서,-,법률,한국어,-,2014-12-31 00:00:00,-,국회도서관,-,-,-,제1유형,저작물,보호저작물,○,상업적이용가능,○,○,○,○,○,○,○,-,2084-12-31 00:00:00,-,-
,3258,어문,간행물,국회도서관,국회기록보존소,국회간행물,법안관련 외국입법례: M&A 중개 업무에 대한 인가제 도입,-,2016-09-02 00:00:00,1,미부착 ,제1유형,무,-,법안관련 외국입법례: M&A 중개 업무에 대한 인가제 도입,-,어문,문서,-,법률,한국어,-,2016-09-02 00:00:00,-,국회도서관,-,-,-,제1유형,저작물,보호저작물,○,상업적이용가능,○,○,○,○,○,○,○,-,2086-09-02 00:00:00,-,-
,3259,어문,간행물,국회도서관,국회기록보존소,국회간행물,법안관련 외국입법례: 가맹점사업자의 영업지역 보호 강화,-,2017-12-21 00:00:00,1,미부착 ,제1유형,무,-,법안관련 외국입법례: 가맹점사업자의 영업지역 보호 강화,-,어문,문서,-,법률,한국어,-,2017-12-21 00:00:00,-,국회도서관,-,-,-,제1유형,저작물,보호저작물,○,상업적이용가능,○,○,○,○,○,○,○,-,2087-12-21 00:00:00,-,-
,3260,어문,간행물,국회도서관,국회기록보존소,국회간행물,법안관련 외국입법례: 가사근로자 권익보호를 위한 서면계약 체결 제도화,-,2017-06-28 00:00:00,1,미부착 ,제1유형,무,-,법안관련 외국입법례: 가사근로자 권익보호를 위한 서면계약 체결 제도화,-,어문,문서,-,법률,한국어,-,2017-06-28 00:00:00,-,국회도서관,-,-,-,제1유형,저작물,보호저작물,○,상업적이용가능,○,○,○,○,○,○,○,-,2087-06-28 00:00:00,-,-
,3261,어문,간행물,국회도서관,국회기록보존소,국회간행물,법안관련 외국입법례: 감정노동자 노동인권 및 건강 보호,-,2017-02-08 00:00:00,1,미부착 ,제1유형,무,-,법안관련 외국입법례: 감정노동자 노동인권 및 건강 보호,-,어문,문서,-,법률,한국어,-,2017-02-08 00:00:00,-,국회도서관,-,-,-,제1유형,저작물,보호저작물,○,상업적이용가능,○,○,○,○,○,○,○,-,2087-02-08 00:00:00,-,-
,3262,어문,간행물,국회도서관,국회기록보존소,국회간행물,법안관련 외국입법례: 경영판단의 원칙 명문화,-,2017-11-16 00:00:00,1,미부착 ,제1유형,무,-,법안관련 외국입법례: 경영판단의 원칙 명문화,-,어문,문서,-,법률,한국어,-,2017-11-16 00:00:00,-,국회도서관,-,-,-,제1유형,저작물,보호저작물,○,상업적이용가능,○,○,○,○,○,○,○,-,2087-11-16 00:00:00,-,-
,3263,어문,간행물,국회도서관,국회기록보존소,국회간행물,법안관련 외국입법례: 경찰의 임무에 범죄피해자 보호 명시,-,2017-12-21 00:00:00,1,미부착 ,제1유형,무,-,법안관련 외국입법례: 경찰의 임무에 범죄피해자 보호 명시,-,어문,문서,-,법률,한국어,-,2017-12-21 00:00:00,-,국회도서관,-,-,-,제1유형,저작물,보호저작물,○,상업적이용가능,○,○,○,○,○,○,○,-,2087-12-21 00:00:00,-,-
,3264,어문,간행물,국회도서관,국회기록보존소,국회간행물,법안관련 외국입법례: 고령 무공수훈자에 대한 무공영예수당의 상향,-,2017-07-06 00:00:00,1,미부착 ,제1유형,무,-,법안관련 외국입법례: 고령 무공수훈자에 대한 무공영예수당의 상향,-,어문,문서,-,법률,한국어,-,2017-07-06 00:00:00,-,국회도서관,-,-,-,제1유형,저작물,보호저작물,○,상업적이용가능,○,○,○,○,○,○,○,-,2087-07-06 00:00:00,-,-
,3265,어문,간행물,국회도서관,국회기록보존소,국회간행물,법안관련 외국입법례: 공공건설사업 입찰 시 중소기업보호제도의 도입,-,2017-02-23 00:00:00,1,미부착 ,제1유형,무,-,법안관련 외국입법례: 공공건설사업 입찰 시 중소기업보호제도의 도입,-,어문,문서,-,법률,한국어,-,2017-02-23 00:00:00,-,국회도서관,-,-,-,제1유형,저작물,보호저작물,○,상업적이용가능,○,○,○,○,○,○,○,-,2087-02-23 00:00:00,-,-
,3266,어문,간행물,국회도서관,국회기록보존소,국회간행물,법안관련 외국입법례: 공공기관운영위원회 의사결정의 투명성과 공정성 강화,-,2017-03-16 00:00:00,1,미부착 ,제1유형,무,-,법안관련 외국입법례: 공공기관운영위원회 의사결정의 투명성과 공정성 강화,-,어문,문서,-,법률,한국어,-,2017-03-16 00:00:00,-,국회도서관,-,-,-,제1유형,저작물,보호저작물,○,상업적이용가능,○,○,○,○,○,○,○,-,2087-03-16 00:00:00,-,-
,3267,어문,간행물,국회도서관,국회기록보존소,국회간행물,법안관련 외국입법례: 공공기관의 갈등 관리,-,2016-12-08 00:00:00,1,미부착 ,제1유형,무,-,법안관련 외국입법례: 공공기관의 갈등 관리,-,어문,문서,-,법률,한국어,-,2016-12-08 00:00:00,-,국회도서관,-,-,-,제1유형,저작물,보호저작물,○,상업적이용가능,○,○,○,○,○,○,○,-,2086-12-08 00:00:00,-,-
,3268,어문,간행물,국회도서관,국회기록보존소,국회간행물,법안관련 외국입법례: 공공기관의 채용비리 제재 강화,-,2017-11-16 00:00:00,1,미부착 ,제1유형,무,-,법안관련 외국입법례: 공공기관의 채용비리 제재 강화,-,어문,문서,-,법률,한국어,-,2017-11-16 00:00:00,-,국회도서관,-,-,-,제1유형,저작물,보호저작물,○,상업적이용가능,○,○,○,○,○,○,○,-,2087-11-16 00:00:00,-,-
,3269,어문,간행물,국회도서관,국회기록보존소,국회간행물,법안관련 외국입법례: 공익신고자 보호,-,2017-12-07 00:00:00,1,미부착 ,제1유형,무,-,법안관련 외국입법례: 공익신고자 보호,-,어문,문서,-,법률,한국어,-,2017-12-07 00:00:00,-,국회도서관,-,-,-,제1유형,저작물,보호저작물,○,상업적이용가능,○,○,○,○,○,○,○,-,2087-12-07 00:00:00,-,-
,3270,어문,간행물,국회도서관,국회기록보존소,국회간행물,법안관련 외국입법례: 공정거래위원회의 독립성과 위상 강화,-,2017-04-27 00:00:00,1,미부착 ,제1유형,무,-,법안관련 외국입법례: 공정거래위원회의 독립성과 위상 강화,-,어문,문서,-,법률,한국어,-,2017-04-27 00:00:00,-,국회도서관,-,-,-,제1유형,저작물,보호저작물,○,상업적이용가능,○,○,○,○,○,○,○,-,2087-04-27 00:00:00,-,-
,3271,어문,간행물,국회도서관,국회기록보존소,국회간행물,법안관련 외국입법례: 공직자의 이해충돌방지 규정의 도입,-,2016-08-12 00:00:00,1,미부착 ,제1유형,무,-,법안관련 외국입법례: 공직자의 이해충돌방지 규정의 도입,-,어문,문서,-,법률,한국어,-,2016-08-12 00:00:00,-,국회도서관,-,-,-,제1유형,저작물,보호저작물,○,상업적이용가능,○,○,○,○,○,○,○,-,2086-08-12 00:00:00,-,-
,3272,어문,간행물,국회도서관,국회기록보존소,국회간행물,법안관련 외국입법례: 과로사 예방 대책 수립,-,2017-03-22 00:00:00,1,미부착 ,제1유형,무,-,법안관련 외국입법례: 과로사 예방 대책 수립,-,어문,문서,-,법률,한국어,-,2017-03-22 00:00:00,-,국회도서관,-,-,-,제1유형,저작물,보호저작물,○,상업적이용가능,○,○,○,○,○,○,○,-,2087-03-22 00:00:00,-,-
,3273,어문,간행물,국회도서관,국회기록보존소,국회간행물,법안관련 외국입법례: 교육정보화 추진 강화,-,2017-09-21 00:00:00,1,미부착 ,제1유형,무,-,법안관련 외국입법례: 교육정보화 추진 강화,-,어문,문서,-,법률,한국어,-,2017-09-21 00:00:00,-,국회도서관,-,-,-,제1유형,저작물,보호저작물,○,상업적이용가능,○,○,○,○,○,○,○,-,2087-09-21 00:00:00,-,-
,3274,어문,간행물,국회도서관,국회기록보존소,국회간행물,법안관련 외국입법례: 교육환경보호구역 내 담배진열 및 광고 금지,-,2017-11-30 00:00:00,1,미부착 ,제1유형,무,-,법안관련 외국입법례: 교육환경보호구역 내 담배진열 및 광고 금지,-,어문,문서,-,법률,한국어,-,2017-11-30 00:00:00,-,국회도서관,-,-,-,제1유형,저작물,보호저작물,○,상업적이용가능,○,○,○,○,○,○,○,-,2087-11-30 00:00:00,-,-
,3275,어문,간행물,국회도서관,국회기록보존소,국회간행물,법안관련 외국입법례: 국내항공노선 운임 및 요금의 인가제 도입,-,2017-09-04 00:00:00,1,미부착 ,제1유형,무,-,법안관련 외국입법례: 국내항공노선 운임 및 요금의 인가제 도입,-,어문,문서,-,법률,한국어,-,2017-09-04 00:00:00,-,국회도서관,-,-,-,제1유형,저작물,보호저작물,○,상업적이용가능,○,○,○,○,○,○,○,-,2087-09-04 00:00:00,-,-
,3276,어문,간행물,국회도서관,국회기록보존소,국회간행물,법안관련 외국입법례: 국정조사 시 강제구인제도의 도입,-,2016-12-22 00:00:00,1,미부착 ,제1유형,무,-,법안관련 외국입법례: 국정조사 시 강제구인제도의 도입,-,어문,문서,-,법률,한국어,-,2016-12-22 00:00:00,-,국회도서관,-,-,-,제1유형,저작물,보호저작물,○,상업적이용가능,○,○,○,○,○,○,○,-,2086-12-22 00:00:00,-,-
,3277,어문,간행물,국회도서관,국회기록보존소,국회간행물,법안관련 외국입법례: 국회의원 체포동의안의 처리 절차,-,2016-07-29 00:00:00,1,미부착 ,제1유형,무,-,법안관련 외국입법례: 국회의원 체포동의안의 처리 절차,-,어문,문서,-,법률,한국어,-,2016-07-29 00:00:00,-,국회도서관,-,-,-,제1유형,저작물,보호저작물,○,상업적이용가능,○,○,○,○,○,○,○,-,2086-07-29 00:00:00,-,-
,3278,어문,간행물,국회도서관,국회기록보존소,국회간행물,법안관련 외국입법례: 군인권보호관 법제의 도입,-,2016-11-15 00:00:00,1,미부착 ,제1유형,무,-,법안관련 외국입법례: 군인권보호관 법제의 도입,-,어문,문서,-,법률,한국어,-,2016-11-15 00:00:00,-,국회도서관,-,-,-,제1유형,저작물,보호저작물,○,상업적이용가능,○,○,○,○,○,○,○,-,2086-11-15 00:00:00,-,-
,3279,어문,간행물,국회도서관,국회기록보존소,국회간행물,법안관련 외국입법례: 금산분리 완화와 인터넷전문은행의 도입,-,2016-12-02 00:00:00,1,미부착 ,제1유형,무,-,법안관련 외국입법례: 금산분리 완화와 인터넷전문은행의 도입,-,어문,문서,-,법률,한국어,-,2016-12-02 00:00:00,-,국회도서관,-,-,-,제1유형,저작물,보호저작물,○,상업적이용가능,○,○,○,○,○,○,○,-,2086-12-02 00:00:00,-,-
,3280,어문,간행물,국회도서관,국회기록보존소,국회간행물,법안관련 외국입법례: 금융소득 종합과세 대상자의 확대,-,2017-11-02 00:00:00,1,미부착 ,제1유형,무,-,법안관련 외국입법례: 금융소득 종합과세 대상자의 확대,-,어문,문서,-,법률,한국어,-,2017-11-02 00:00:00,-,국회도서관,-,-,-,제1유형,저작물,보호저작물,○,상업적이용가능,○,○,○,○,○,○,○,-,2087-11-02 00:00:00,-,-
,3281,어문,간행물,국회도서관,국회기록보존소,국회간행물,법안관련 외국입법례: 남녀근로자 임금현황 제출 의무화,-,2017-05-24 00:00:00,1,미부착 ,제1유형,무,-,법안관련 외국입법례: 남녀근로자 임금현황 제출 의무화,-,어문,문서,-,법률,한국어,-,2017-05-24 00:00:00,-,국회도서관,-,-,-,제1유형,저작물,보호저작물,○,상업적이용가능,○,○,○,○,○,○,○,-,2087-05-24 00:00:00,-,-
,3282,어문,간행물,국회도서관,국회기록보존소,국회간행물,법안관련 외국입법례: 남북교류협력사업 중 환경 분야 추가,-,2017-04-20 00:00:00,1,미부착 ,제1유형,무,-,법안관련 외국입법례: 남북교류협력사업 중 환경 분야 추가,-,어문,문서,-,법률,한국어,-,2017-04-20 00:00:00,-,국회도서관,-,-,-,제1유형,저작물,보호저작물,○,상업적이용가능,○,○,○,○,○,○,○,-,2087-04-20 00:00:00,-,-
,3283,어문,간행물,국회도서관,국회기록보존소,국회간행물,법안관련 외국입법례: 노동전문법원 설치,-,2017-05-25 00:00:00,1,미부착 ,제1유형,무,-,법안관련 외국입법례: 노동전문법원 설치,-,어문,문서,-,법률,한국어,-,2017-05-25 00:00:00,-,국회도서관,-,-,-,제1유형,저작물,보호저작물,○,상업적이용가능,○,○,○,○,○,○,○,-,2087-05-25 00:00:00,-,-
,3284,어문,간행물,국회도서관,국회기록보존소,국회간행물,법안관련 외국입법례: 노인에 대한 정서적 학대행위 금지,-,2016-08-11 00:00:00,1,미부착 ,제1유형,무,-,법안관련 외국입법례: 노인에 대한 정서적 학대행위 금지,-,어문,문서,-,법률,한국어,-,2016-08-11 00:00:00,-,국회도서관,-,-,-,제1유형,저작물,보호저작물,○,상업적이용가능,○,○,○,○,○,○,○,-,2086-08-11 00:00:00,-,-
,3285,어문,간행물,국회도서관,국회기록보존소,국회간행물,법안관련 외국입법례: 대규모점포 설날·추석 의무휴업일 도입,-,2017-01-12 00:00:00,1,미부착 ,제1유형,무,-,법안관련 외국입법례: 대규모점포 설날·추석 의무휴업일 도입,-,어문,문서,-,법률,한국어,-,2017-01-12 00:00:00,-,국회도서관,-,-,-,제1유형,저작물,보호저작물,○,상업적이용가능,○,○,○,○,○,○,○,-,2087-01-12 00:00:00,-,-
,3286,어문,간행물,국회도서관,국회기록보존소,국회간행물,법안관련 외국입법례: 대통령결선투표제,-,2017-01-19 00:00:00,1,미부착 ,제1유형,무,-,법안관련 외국입법례: 대통령결선투표제,-,어문,문서,-,법률,한국어,-,2017-01-19 00:00:00,-,국회도서관,-,-,-,제1유형,저작물,보호저작물,○,상업적이용가능,○,○,○,○,○,○,○,-,2087-01-19 00:00:00,-,-
,3287,어문,간행물,국회도서관,국회기록보존소,국회간행물,법안관련 외국입법례: 대한민국 국가(國歌)에 관한 법률적 근거 마련,-,2017-06-07 00:00:00,1,미부착 ,제1유형,무,-,법안관련 외국입법례: 대한민국 국가(國歌)에 관한 법률적 근거 마련,-,어문,문서,-,법률,한국어,-,2017-06-07 00:00:00,-,국회도서관,-,-,-,제1유형,저작물,보호저작물,○,상업적이용가능,○,○,○,○,○,○,○,-,2087-06-07 00:00:00,-,-
,3288,어문,간행물,국회도서관,국회기록보존소,국회간행물,법안관련 외국입법례: 동물의 법적 지위 보장,-,2017-04-13 00:00:00,1,미부착 ,제1유형,무,-,법안관련 외국입법례: 동물의 법적 지위 보장,-,어문,문서,-,법률,한국어,-,2017-04-13 00:00:00,-,국회도서관,-,-,-,제1유형,저작물,보호저작물,○,상업적이용가능,○,○,○,○,○,○,○,-,2087-04-13 00:00:00,-,-
,3289,어문,간행물,국회도서관,국회기록보존소,국회간행물,법안관련 외국입법례: 동물학대 예방 및 재발방지,-,2017-06-22 00:00:00,1,미부착 ,제1유형,무,-,법안관련 외국입법례: 동물학대 예방 및 재발방지,-,어문,문서,-,법률,한국어,-,2017-06-22 00:00:00,-,국회도서관,-,-,-,제1유형,저작물,보호저작물,○,상업적이용가능,○,○,○,○,○,○,○,-,2087-06-22 00:00:00,-,-
,3290,어문,간행물,국회도서관,국회기록보존소,국회간행물,법안관련 외국입법례: 동일노동 근로자 임금정보 청구제도 도입,-,2017-10-19 00:00:00,1,미부착 ,제1유형,무,-,법안관련 외국입법례: 동일노동 근로자 임금정보 청구제도 도입,-,어문,문서,-,법률,한국어,-,2017-10-19 00:00:00,-,국회도서관,-,-,-,제1유형,저작물,보호저작물,○,상업적이용가능,○,○,○,○,○,○,○,-,2087-10-19 00:00:00,-,-
,3291,어문,간행물,국회도서관,국회기록보존소,국회간행물,법안관련 외국입법례: 리벤지 포르노(보복성 포르노) 유포 처벌,-,2016-09-30 00:00:00,1,미부착 ,제1유형,무,-,법안관련 외국입법례: 리벤지 포르노(보복성 포르노) 유포 처벌,-,어문,문서,-,법률,한국어,-,2016-09-30 00:00:00,-,국회도서관,-,-,-,제1유형,저작물,보호저작물,○,상업적이용가능,○,○,○,○,○,○,○,-,2086-09-30 00:00:00,-,-
,3292,어문,간행물,국회도서관,국회기록보존소,국회간행물,법안관련 외국입법례: 매장 실내외 장식 등 영업표지 보호,-,2017-11-30 00:00:00,1,미부착 ,제1유형,무,-,법안관련 외국입법례: 매장 실내외 장식 등 영업표지 보호,-,어문,문서,-,법률,한국어,-,2017-11-30 00:00:00,-,국회도서관,-,-,-,제1유형,저작물,보호저작물,○,상업적이용가능,○,○,○,○,○,○,○,-,2087-11-30 00:00:00,-,-
,3293,어문,간행물,국회도서관,국회기록보존소,국회간행물,법안관련 외국입법례: 맹견 관리 강화,-,2017-11-02 00:00:00,1,미부착 ,제1유형,무,-,법안관련 외국입법례: 맹견 관리 강화,-,어문,문서,-,법률,한국어,-,2017-11-02 00:00:00,-,국회도서관,-,-,-,제1유형,저작물,보호저작물,○,상업적이용가능,○,○,○,○,○,○,○,-,2087-11-02 00:00:00,-,-
,3294,어문,간행물,국회도서관,국회기록보존소,국회간행물,법안관련 외국입법례: 민간건축물 내진보강 지원촉진,-,2016-10-13 00:00:00,1,미부착 ,제1유형,무,-,법안관련 외국입법례: 민간건축물 내진보강 지원촉진,-,어문,문서,-,법률,한국어,-,2016-10-13 00:00:00,-,국회도서관,-,-,-,제1유형,저작물,보호저작물,○,상업적이용가능,○,○,○,○,○,○,○,-,2086-10-13 00:00:00,-,-
,3295,어문,간행물,국회도서관,국회기록보존소,국회간행물,법안관련 외국입법례: 밀집된 환경에서의 동물사육 금지,-,2017-10-19 00:00:00,1,미부착 ,제1유형,무,-,법안관련 외국입법례: 밀집된 환경에서의 동물사육 금지,-,어문,문서,-,법률,한국어,-,2017-10-19 00:00:00,-,국회도서관,-,-,-,제1유형,저작물,보호저작물,○,상업적이용가능,○,○,○,○,○,○,○,-,2087-10-19 00:00:00,-,-
,3296,어문,간행물,국회도서관,국회기록보존소,국회간행물,법안관련 외국입법례: 반려동물의 혹서·혹한 등 환경 방치 금지,-,2017-09-21 00:00:00,1,미부착 ,제1유형,무,-,법안관련 외국입법례: 반려동물의 혹서·혹한 등 환경 방치 금지,-,어문,문서,-,법률,한국어,-,2017-09-21 00:00:00,-,국회도서관,-,-,-,제1유형,저작물,보호저작물,○,상업적이용가능,○,○,○,○,○,○,○,-,2087-09-21 00:00:00,-,-
,3297,어문,간행물,국회도서관,국회기록보존소,국회간행물,법안관련 외국입법례: 발전차액지원제도 재도입,-,2016-08-11 00:00:00,1,미부착 ,제1유형,무,-,법안관련 외국입법례: 발전차액지원제도 재도입,-,어문,문서,-,법률,한국어,-,2016-08-11 00:00:00,-,국회도서관,-,-,-,제1유형,저작물,보호저작물,○,상업적이용가능,○,○,○,○,○,○,○,-,2086-08-11 00:00:00,-,-
,3298,어문,간행물,국회도서관,국회기록보존소,국회간행물,법안관련 외국입법례: 방과후학교 운영의 근거 마련,-,2016-11-30 00:00:00,1,미부착 ,제1유형,무,-,법안관련 외국입법례: 방과후학교 운영의 근거 마련,-,어문,문서,-,법률,한국어,-,2016-11-30 00:00:00,-,국회도서관,-,-,-,제1유형,저작물,보호저작물,○,상업적이용가능,○,○,○,○,○,○,○,-,2086-11-30 00:00:00,-,-
,3299,어문,간행물,국회도서관,국회기록보존소,국회간행물,법안관련 외국입법례: 범죄수익 입증책임 전환,-,2017-01-12 00:00:00,1,미부착 ,제1유형,무,-,법안관련 외국입법례: 범죄수익 입증책임 전환,-,어문,문서,-,법률,한국어,-,2017-01-12 00:00:00,-,국회도서관,-,-,-,제1유형,저작물,보호저작물,○,상업적이용가능,○,○,○,○,○,○,○,-,2087-01-12 00:00:00,-,-
,3300,어문,간행물,국회도서관,국회기록보존소,국회간행물,법안관련 외국입법례: 범죄피해재산 반환을 위한 보전처분,-,2016-09-12 00:00:00,1,미부착 ,제1유형,무,-,법안관련 외국입법례: 범죄피해재산 반환을 위한 보전처분,-,어문,문서,-,법률,한국어,-,2016-09-12 00:00:00,-,국회도서관,-,-,-,제1유형,저작물,보호저작물,○,상업적이용가능,○,○,○,○,○,○,○,-,2086-09-12 00:00:00,-,-
,3301,어문,간행물,국회도서관,국회기록보존소,국회간행물,법안관련 외국입법례: 변호사 대리신고제를 통한 공익신고자 보호,-,2017-03-30 00:00:00,1,미부착 ,제1유형,무,-,법안관련 외국입법례: 변호사 대리신고제를 통한 공익신고자 보호,-,어문,문서,-,법률,한국어,-,2017-03-30 00:00:00,-,국회도서관,-,-,-,제1유형,저작물,보호저작물,○,상업적이용가능,○,○,○,○,○,○,○,-,2087-03-30 00:00:00,-,-
,3302,어문,간행물,국회도서관,국회기록보존소,국회간행물,법안관련 외국입법례: 사회기반시설 민간투자 실시협약의 해지·변경 도입,-,2017-01-11 00:00:00,1,미부착 ,제1유형,무,-,법안관련 외국입법례: 사회기반시설 민간투자 실시협약의 해지·변경 도입,-,어문,문서,-,법률,한국어,-,2017-01-11 00:00:00,-,국회도서관,-,-,-,제1유형,저작물,보호저작물,○,상업적이용가능,○,○,○,○,○,○,○,-,2087-01-11 00:00:00,-,-
,3303,어문,간행물,국회도서관,국회기록보존소,국회간행물,법안관련 외국입법례: 산업안전보건범죄(기업과실치사) 가중처벌,-,2016-12-08 00:00:00,1,미부착 ,제1유형,무,-,법안관련 외국입법례: 산업안전보건범죄(기업과실치사) 가중처벌,-,어문,문서,-,법률,한국어,-,2016-12-08 00:00:00,-,국회도서관,-,-,-,제1유형,저작물,보호저작물,○,상업적이용가능,○,○,○,○,○,○,○,-,2086-12-08 00:00:00,-,-
,3304,어문,간행물,국회도서관,국회기록보존소,국회간행물,법안관련 외국입법례: 상장회사 임원의 부정한 보수에 대한 환수,-,2016-08-26 00:00:00,1,미부착 ,제1유형,무,-,법안관련 외국입법례: 상장회사 임원의 부정한 보수에 대한 환수,-,어문,문서,-,법률,한국어,-,2016-08-26 00:00:00,-,국회도서관,-,-,-,제1유형,저작물,보호저작물,○,상업적이용가능,○,○,○,○,○,○,○,-,2086-08-26 00:00:00,-,-
,3305,어문,간행물,국회도서관,국회기록보존소,국회간행물,법안관련 외국입법례: 선불식 할부거래에서 소비자보호 강화,-,2017-06-15 00:00:00,1,미부착 ,제1유형,무,-,법안관련 외국입법례: 선불식 할부거래에서 소비자보호 강화,-,어문,문서,-,법률,한국어,-,2017-06-15 00:00:00,-,국회도서관,-,-,-,제1유형,저작물,보호저작물,○,상업적이용가능,○,○,○,○,○,○,○,-,2087-06-15 00:00:00,-,-
,3306,어문,간행물,국회도서관,국회기록보존소,국회간행물,법안관련 외국입법례: 성공보수약정 금지,-,2017-03-08 00:00:00,1,미부착 ,제1유형,무,-,법안관련 외국입법례: 성공보수약정 금지,-,어문,문서,-,법률,한국어,-,2017-03-08 00:00:00,-,국회도서관,-,-,-,제1유형,저작물,보호저작물,○,상업적이용가능,○,○,○,○,○,○,○,-,2087-03-08 00:00:00,-,-
,3307,어문,간행물,국회도서관,국회기록보존소,국회간행물,법안관련 외국입법례: 성범죄자 취업제한 범위의 확대,-,2017-11-02 00:00:00,1,미부착 ,제1유형,무,-,법안관련 외국입법례: 성범죄자 취업제한 범위의 확대,-,어문,문서,-,법률,한국어,-,2017-11-02 00:00:00,-,국회도서관,-,-,-,제1유형,저작물,보호저작물,○,상업적이용가능,○,○,○,○,○,○,○,-,2087-11-02 00:00:00,-,-
,3308,어문,간행물,국회도서관,국회기록보존소,국회간행물,법안관련 외국입법례: 소방공무원 정신건강 관리 지원 강화,-,2017-12-13 00:00:00,1,미부착 ,제1유형,무,-,법안관련 외국입법례: 소방공무원 정신건강 관리 지원 강화,-,어문,문서,-,법률,한국어,-,2017-12-13 00:00:00,-,국회도서관,-,-,-,제1유형,저작물,보호저작물,○,상업적이용가능,○,○,○,○,○,○,○,-,2087-12-13 00:00:00,-,-
,3309,어문,간행물,국회도서관,국회기록보존소,국회간행물,법안관련 외국입법례: 소방공무원의 형사책임 감면 및 소송지원,-,2017-11-16 00:00:00,1,미부착 ,제1유형,무,-,법안관련 외국입법례: 소방공무원의 형사책임 감면 및 소송지원,-,어문,문서,-,법률,한국어,-,2017-11-16 00:00:00,-,국회도서관,-,-,-,제1유형,저작물,보호저작물,○,상업적이용가능,○,○,○,○,○,○,○,-,2087-11-16 00:00:00,-,-
,3310,어문,간행물,국회도서관,국회기록보존소,국회간행물,법안관련 외국입법례: 스토킹범죄 처벌 및 피해자보호,-,2016-10-20 00:00:00,1,미부착 ,제1유형,무,-,법안관련 외국입법례: 스토킹범죄 처벌 및 피해자보호,-,어문,문서,-,법률,한국어,-,2016-10-20 00:00:00,-,국회도서관,-,-,-,제1유형,저작물,보호저작물,○,상업적이용가능,○,○,○,○,○,○,○,-,2086-10-20 00:00:00,-,-
,3311,어문,간행물,국회도서관,국회기록보존소,국회간행물,법안관련 외국입법례: 신기술 및 서비스 실증을 위한 규제특례제도 도입,-,2017-11-23 00:00:00,1,미부착 ,제1유형,무,-,법안관련 외국입법례: 신기술 및 서비스 실증을 위한 규제특례제도 도입,-,어문,문서,-,법률,한국어,-,2017-11-23 00:00:00,-,국회도서관,-,-,-,제1유형,저작물,보호저작물,○,상업적이용가능,○,○,○,○,○,○,○,-,2087-11-23 00:00:00,-,-
,3312,어문,간행물,국회도서관,국회기록보존소,국회간행물,법안관련 외국입법례: 아동학대 언론보도기준 마련,-,2017-01-19 00:00:00,1,미부착 ,제1유형,무,-,법안관련 외국입법례: 아동학대 언론보도기준 마련,-,어문,문서,-,법률,한국어,-,2017-01-19 00:00:00,-,국회도서관,-,-,-,제1유형,저작물,보호저작물,○,상업적이용가능,○,○,○,○,○,○,○,-,2087-01-19 00:00:00,-,-
,3313,어문,간행물,국회도서관,국회기록보존소,국회간행물,법안관련 외국입법례: 아이돌봄서비스 규제 완화,-,2017-12-21 00:00:00,1,미부착 ,제1유형,무,-,법안관련 외국입법례: 아이돌봄서비스 규제 완화,-,어문,문서,-,법률,한국어,-,2017-12-21 00:00:00,-,국회도서관,-,-,-,제1유형,저작물,보호저작물,○,상업적이용가능,○,○,○,○,○,○,○,-,2087-12-21 00:00:00,-,-
,3314,어문,간행물,국회도서관,국회기록보존소,국회간행물,법안관련 외국입법례: 어린이 차량 내 방치 금지,-,2017-10-19 00:00:00,1,미부착 ,제1유형,무,-,법안관련 외국입법례: 어린이 차량 내 방치 금지,-,어문,문서,-,법률,한국어,-,2017-10-19 00:00:00,-,국회도서관,-,-,-,제1유형,저작물,보호저작물,○,상업적이용가능,○,○,○,○,○,○,○,-,2087-10-19 00:00:00,-,-
,3315,어문,간행물,국회도서관,국회기록보존소,국회간행물,법안관련 외국입법례: 어린이통학버스 하차 안전 보호,-,2016-09-09 00:00:00,1,미부착 ,제1유형,무,-,법안관련 외국입법례: 어린이통학버스 하차 안전 보호,-,어문,문서,-,법률,한국어,-,2016-09-09 00:00:00,-,국회도서관,-,-,-,제1유형,저작물,보호저작물,○,상업적이용가능,○,○,○,○,○,○,○,-,2086-09-09 00:00:00,-,-
,3316,어문,간행물,국회도서관,국회기록보존소,국회간행물,법안관련 외국입법례: 어선의 안전한 조업과 관리,-,2016-09-30 00:00:00,1,미부착 ,제1유형,무,-,법안관련 외국입법례: 어선의 안전한 조업과 관리,-,어문,문서,-,법률,한국어,-,2016-09-30 00:00:00,-,국회도서관,-,-,-,제1유형,저작물,보호저작물,○,상업적이용가능,○,○,○,○,○,○,○,-,2086-09-30 00:00:00,-,-
,3317,어문,간행물,국회도서관,국회기록보존소,국회간행물,법안관련 외국입법례: 영상정보처리기기(CCTV)에 의한 근로자 전자감시 금지,-,2017-08-10 00:00:00,1,미부착 ,제1유형,무,-,법안관련 외국입법례: 영상정보처리기기(CCTV)에 의한 근로자 전자감시 금지,-,어문,문서,-,법률,한국어,-,2017-08-10 00:00:00,-,국회도서관,-,-,-,제1유형,저작물,보호저작물,○,상업적이용가능,○,○,○,○,○,○,○,-,2087-08-10 00:00:00,-,-
,3318,어문,간행물,국회도서관,국회기록보존소,국회간행물,법안관련 외국입법례: 예산안에서 노동정책의 반영,-,2017-12-07 00:00:00,1,미부착 ,제1유형,무,-,법안관련 외국입법례: 예산안에서 노동정책의 반영,-,어문,문서,-,법률,한국어,-,2017-12-07 00:00:00,-,국회도서관,-,-,-,제1유형,저작물,보호저작물,○,상업적이용가능,○,○,○,○,○,○,○,-,2087-12-07 00:00:00,-,-
,3319,어문,간행물,국회도서관,국회기록보존소,국회간행물,법안관련 외국입법례: 외부 회계감사 대상 회사의 확대,-,2016-09-30 00:00:00,1,미부착 ,제1유형,무,-,법안관련 외국입법례: 외부 회계감사 대상 회사의 확대,-,어문,문서,-,법률,한국어,-,2016-09-30 00:00:00,-,국회도서관,-,-,-,제1유형,저작물,보호저작물,○,상업적이용가능,○,○,○,○,○,○,○,-,2086-09-30 00:00:00,-,-
,3320,어문,간행물,국회도서관,국회기록보존소,국회간행물,법안관련 외국입법례: 원자력 시설 해체 연구개발기관의 건립,-,2016-09-12 00:00:00,1,미부착 ,제1유형,무,-,법안관련 외국입법례: 원자력 시설 해체 연구개발기관의 건립,-,어문,문서,-,법률,한국어,-,2016-09-12 00:00:00,-,국회도서관,-,-,-,제1유형,저작물,보호저작물,○,상업적이용가능,○,○,○,○,○,○,○,-,2086-09-12 00:00:00,-,-
,3321,어문,간행물,국회도서관,국회기록보존소,국회간행물,법안관련 외국입법례: 위생용품의 관리,-,2016-10-24 00:00:00,1,미부착 ,제1유형,무,-,법안관련 외국입법례: 위생용품의 관리,-,어문,문서,-,법률,한국어,-,2016-10-24 00:00:00,-,국회도서관,-,-,-,제1유형,저작물,보호저작물,○,상업적이용가능,○,○,○,○,○,○,○,-,2086-10-24 00:00:00,-,-
,3322,어문,간행물,국회도서관,국회기록보존소,국회간행물,법안관련 외국입법례: 위해물품 시정권고의 실효성 강화,-,2017-11-02 00:00:00,1,미부착 ,제1유형,무,-,법안관련 외국입법례: 위해물품 시정권고의 실효성 강화,-,어문,문서,-,법률,한국어,-,2017-11-02 00:00:00,-,국회도서관,-,-,-,제1유형,저작물,보호저작물,○,상업적이용가능,○,○,○,○,○,○,○,-,2087-11-02 00:00:00,-,-
,3323,어문,간행물,국회도서관,국회기록보존소,국회간행물,법안관련 외국입법례: 유전자치료 연구 활성화,-,2017-11-02 00:00:00,1,미부착 ,제1유형,무,-,법안관련 외국입법례: 유전자치료 연구 활성화,-,어문,문서,-,법률,한국어,-,2017-11-02 00:00:00,-,국회도서관,-,-,-,제1유형,저작물,보호저작물,○,상업적이용가능,○,○,○,○,○,○,○,-,2087-11-02 00:00:00,-,-
,3324,어문,간행물,국회도서관,국회기록보존소,국회간행물,법안관련 외국입법례: 육아휴직자 해고 제한,-,2017-09-21 00:00:00,1,미부착 ,제1유형,무,-,법안관련 외국입법례: 육아휴직자 해고 제한,-,어문,문서,-,법률,한국어,-,2017-09-21 00:00:00,-,국회도서관,-,-,-,제1유형,저작물,보호저작물,○,상업적이용가능,○,○,○,○,○,○,○,-,2087-09-21 00:00:00,-,-
,3325,어문,간행물,국회도서관,국회기록보존소,국회간행물,법안관련 외국입법례: 응급의료 전용헬기 운용의 근거 마련,-,2016-10-28 00:00:00,1,미부착 ,제1유형,무,-,법안관련 외국입법례: 응급의료 전용헬기 운용의 근거 마련,-,어문,문서,-,법률,한국어,-,2016-10-28 00:00:00,-,국회도서관,-,-,-,제1유형,저작물,보호저작물,○,상업적이용가능,○,○,○,○,○,○,○,-,2086-10-28 00:00:00,-,-
,3326,어문,간행물,국회도서관,국회기록보존소,국회간행물,법안관련 외국입법례: 이륜자동차 번호판 미부착 시 부과 과태료 상향,-,2017-10-30 00:00:00,1,미부착 ,제1유형,무,-,법안관련 외국입법례: 이륜자동차 번호판 미부착 시 부과 과태료 상향,-,어문,문서,-,법률,한국어,-,2017-10-30 00:00:00,-,국회도서관,-,-,-,제1유형,저작물,보호저작물,○,상업적이용가능,○,○,○,○,○,○,○,-,2087-10-30 00:00:00,-,-
,3327,어문,간행물,국회도서관,국회기록보존소,국회간행물,법안관련 외국입법례: 이자제한법상 최고이자율 20% 제한,-,2017-08-17 00:00:00,1,미부착 ,제1유형,무,-,법안관련 외국입법례: 이자제한법상 최고이자율 20% 제한,-,어문,문서,-,법률,한국어,-,2017-08-17 00:00:00,-,국회도서관,-,-,-,제1유형,저작물,보호저작물,○,상업적이용가능,○,○,○,○,○,○,○,-,2087-08-17 00:00:00,-,-
,3328,어문,간행물,국회도서관,국회기록보존소,국회간행물,법안관련 외국입법례: 임금체불 사업자에 대한 공제 세액 환수,-,2017-08-10 00:00:00,1,미부착 ,제1유형,무,-,법안관련 외국입법례: 임금체불 사업자에 대한 공제 세액 환수,-,어문,문서,-,법률,한국어,-,2017-08-10 00:00:00,-,국회도서관,-,-,-,제1유형,저작물,보호저작물,○,상업적이용가능,○,○,○,○,○,○,○,-,2087-08-10 00:00:00,-,-
,3329,어문,간행물,국회도서관,국회기록보존소,국회간행물,법안관련 외국입법례: 임대차 계약갱신요구권과 전월세인상률상한제 도입,-,2017-04-20 00:00:00,1,미부착 ,제1유형,무,-,법안관련 외국입법례: 임대차 계약갱신요구권과 전월세인상률상한제 도입,-,어문,문서,-,법률,한국어,-,2017-04-20 00:00:00,-,국회도서관,-,-,-,제1유형,저작물,보호저작물,○,상업적이용가능,○,○,○,○,○,○,○,-,2087-04-20 00:00:00,-,-
,3330,어문,간행물,국회도서관,국회기록보존소,국회간행물,법안관련 외국입법례: 자동차 대체부품 디자인권 배제,-,2016-12-02 00:00:00,1,미부착 ,제1유형,무,-,법안관련 외국입법례: 자동차 대체부품 디자인권 배제,-,어문,문서,-,법률,한국어,-,2016-12-02 00:00:00,-,국회도서관,-,-,-,제1유형,저작물,보호저작물,○,상업적이용가능,○,○,○,○,○,○,○,-,2086-12-02 00:00:00,-,-
,3331,어문,간행물,국회도서관,국회기록보존소,국회간행물,법안관련 외국입법례: 자동차 주간 등화 의무화,-,2017-04-03 00:00:00,1,미부착 ,제1유형,무,-,법안관련 외국입법례: 자동차 주간 등화 의무화,-,어문,문서,-,법률,한국어,-,2017-04-03 00:00:00,-,국회도서관,-,-,-,제1유형,저작물,보호저작물,○,상업적이용가능,○,○,○,○,○,○,○,-,2087-04-03 00:00:00,-,-
,3332,어문,간행물,국회도서관,국회기록보존소,국회간행물,법안관련 외국입법례: 자의적 심신장애 범죄자에 대한 감경 제한,-,2017-12-21 00:00:00,1,미부착 ,제1유형,무,-,법안관련 외국입법례: 자의적 심신장애 범죄자에 대한 감경 제한,-,어문,문서,-,법률,한국어,-,2017-12-21 00:00:00,-,국회도서관,-,-,-,제1유형,저작물,보호저작물,○,상업적이용가능,○,○,○,○,○,○,○,-,2087-12-21 00:00:00,-,-
,3333,어문,간행물,국회도서관,국회기록보존소,국회간행물,법안관련 외국입법례: 장애인 특수학교 설립 의무화,-,2017-10-19 00:00:00,1,미부착 ,제1유형,무,-,법안관련 외국입법례: 장애인 특수학교 설립 의무화,-,어문,문서,-,법률,한국어,-,2017-10-19 00:00:00,-,국회도서관,-,-,-,제1유형,저작물,보호저작물,○,상업적이용가능,○,○,○,○,○,○,○,-,2087-10-19 00:00:00,-,-
,3334,어문,간행물,국회도서관,국회기록보존소,국회간행물,법안관련 외국입법례: 재난적 의료비 지원,-,2017-09-28 00:00:00,1,미부착 ,제1유형,무,-,법안관련 외국입법례: 재난적 의료비 지원,-,어문,문서,-,법률,한국어,-,2017-09-28 00:00:00,-,국회도서관,-,-,-,제1유형,저작물,보호저작물,○,상업적이용가능,○,○,○,○,○,○,○,-,2087-09-28 00:00:00,-,-
,3335,어문,간행물,국회도서관,국회기록보존소,국회간행물,법안관련 외국입법례: 쟁의행위에 대한 손해배상청구 제한,-,2017-02-08 00:00:00,1,미부착 ,제1유형,무,-,법안관련 외국입법례: 쟁의행위에 대한 손해배상청구 제한,-,어문,문서,-,법률,한국어,-,2017-02-08 00:00:00,-,국회도서관,-,-,-,제1유형,저작물,보호저작물,○,상업적이용가능,○,○,○,○,○,○,○,-,2087-02-08 00:00:00,-,-
,3336,어문,간행물,국회도서관,국회기록보존소,국회간행물,법안관련 외국입법례: 저소득 한부모가족 지원 강화,-,2017-09-21 00:00:00,1,미부착 ,제1유형,무,-,법안관련 외국입법례: 저소득 한부모가족 지원 강화,-,어문,문서,-,법률,한국어,-,2017-09-21 00:00:00,-,국회도서관,-,-,-,제1유형,저작물,보호저작물,○,상업적이용가능,○,○,○,○,○,○,○,-,2087-09-21 00:00:00,-,-
,3337,어문,간행물,국회도서관,국회기록보존소,국회간행물,법안관련 외국입법례: 전기자동차 충전구역 주차 금지,-,2017-08-24 00:00:00,1,미부착 ,제1유형,무,-,법안관련 외국입법례: 전기자동차 충전구역 주차 금지,-,어문,문서,-,법률,한국어,-,2017-08-24 00:00:00,-,국회도서관,-,-,-,제1유형,저작물,보호저작물,○,상업적이용가능,○,○,○,○,○,○,○,-,2087-08-24 00:00:00,-,-
,3338,어문,간행물,국회도서관,국회기록보존소,국회간행물,법안관련 외국입법례: 전기자전거 등화 장치 부착 의무화,-,2017-04-13 00:00:00,1,미부착 ,제1유형,무,-,법안관련 외국입법례: 전기자전거 등화 장치 부착 의무화,-,어문,문서,-,법률,한국어,-,2017-04-13 00:00:00,-,국회도서관,-,-,-,제1유형,저작물,보호저작물,○,상업적이용가능,○,○,○,○,○,○,○,-,2087-04-13 00:00:00,-,-
,3339,어문,간행물,국회도서관,국회기록보존소,국회간행물,법안관련 외국입법례: 전략적 봉쇄소송 금지 제도 도입,-,2017-12-07 00:00:00,1,미부착 ,제1유형,무,-,법안관련 외국입법례: 전략적 봉쇄소송 금지 제도 도입,-,어문,문서,-,법률,한국어,-,2017-12-07 00:00:00,-,국회도서관,-,-,-,제1유형,저작물,보호저작물,○,상업적이용가능,○,○,○,○,○,○,○,-,2087-12-07 00:00:00,-,-
,3340,어문,간행물,국회도서관,국회기록보존소,국회간행물,법안관련 외국입법례: 전자상거래 소비자의 청약철회권 제한,-,2017-07-13 00:00:00,1,미부착 ,제1유형,무,-,법안관련 외국입법례: 전자상거래 소비자의 청약철회권 제한,-,어문,문서,-,법률,한국어,-,2017-07-13 00:00:00,-,국회도서관,-,-,-,제1유형,저작물,보호저작물,○,상업적이용가능,○,○,○,○,○,○,○,-,2087-07-13 00:00:00,-,-
,3341,어문,간행물,국회도서관,국회기록보존소,국회간행물,법안관련 외국입법례: 전자투표제 의무화 및 다중대표소송제 도입,-,2017-03-02 00:00:00,1,미부착 ,제1유형,무,-,법안관련 외국입법례: 전자투표제 의무화 및 다중대표소송제 도입,-,어문,문서,-,법률,한국어,-,2017-03-02 00:00:00,-,국회도서관,-,-,-,제1유형,저작물,보호저작물,○,상업적이용가능,○,○,○,○,○,○,○,-,2087-03-02 00:00:00,-,-
,3342,어문,간행물,국회도서관,국회기록보존소,국회간행물,법안관련 외국입법례: 전화권유판매 수신거부의사등록의 개선,-,2017-03-30 00:00:00,1,미부착 ,제1유형,무,-,법안관련 외국입법례: 전화권유판매 수신거부의사등록의 개선,-,어문,문서,-,법률,한국어,-,2017-03-30 00:00:00,-,국회도서관,-,-,-,제1유형,저작물,보호저작물,○,상업적이용가능,○,○,○,○,○,○,○,-,2087-03-30 00:00:00,-,-
,3343,어문,간행물,국회도서관,국회기록보존소,국회간행물,법안관련 외국입법례: 제조물 정의 범위 확장,-,2017-09-28 00:00:00,1,미부착 ,제1유형,무,-,법안관련 외국입법례: 제조물 정의 범위 확장,-,어문,문서,-,법률,한국어,-,2017-09-28 00:00:00,-,국회도서관,-,-,-,제1유형,저작물,보호저작물,○,상업적이용가능,○,○,○,○,○,○,○,-,2087-09-28 00:00:00,-,-
,3344,어문,간행물,국회도서관,국회기록보존소,국회간행물,법안관련 외국입법례: 제조물책임보험 가입의 의무화,-,2017-01-26 00:00:00,1,미부착 ,제1유형,무,-,법안관련 외국입법례: 제조물책임보험 가입의 의무화,-,어문,문서,-,법률,한국어,-,2017-01-26 00:00:00,-,국회도서관,-,-,-,제1유형,저작물,보호저작물,○,상업적이용가능,○,○,○,○,○,○,○,-,2087-01-26 00:00:00,-,-
,3345,어문,간행물,국회도서관,국회기록보존소,국회간행물,법안관련 외국입법례: 주식회사의 내부 신고자에 대한 포상금의 확대,-,2016-11-15 00:00:00,1,미부착 ,제1유형,무,-,법안관련 외국입법례: 주식회사의 내부 신고자에 대한 포상금의 확대,-,어문,문서,-,법률,한국어,-,2016-11-15 00:00:00,-,국회도서관,-,-,-,제1유형,저작물,보호저작물,○,상업적이용가능,○,○,○,○,○,○,○,-,2086-11-15 00:00:00,-,-
,3346,어문,간행물,국회도서관,국회기록보존소,국회간행물,법안관련 외국입법례: 중소·중견기업의 법인세,-,2017-11-23 00:00:00,1,미부착 ,제1유형,무,-,법안관련 외국입법례: 중소·중견기업의 법인세,-,어문,문서,-,법률,한국어,-,2017-11-23 00:00:00,-,국회도서관,-,-,-,제1유형,저작물,보호저작물,○,상업적이용가능,○,○,○,○,○,○,○,-,2087-11-23 00:00:00,-,-
,3347,어문,간행물,국회도서관,국회기록보존소,국회간행물,법안관련 외국입법례: 중형 기준 자동차에 대한 유류세,-,2017-11-23 00:00:00,1,미부착 ,제1유형,무,-,법안관련 외국입법례: 중형 기준 자동차에 대한 유류세,-,어문,문서,-,법률,한국어,-,2017-11-23 00:00:00,-,국회도서관,-,-,-,제1유형,저작물,보호저작물,○,상업적이용가능,○,○,○,○,○,○,○,-,2087-11-23 00:00:00,-,-
,3348,어문,간행물,국회도서관,국회기록보존소,국회간행물,법안관련 외국입법례: 지방재정 관련 법안의 지방재정영향평가서 제출 의무화,-,2017-03-16 00:00:00,1,미부착 ,제1유형,무,-,법안관련 외국입법례: 지방재정 관련 법안의 지방재정영향평가서 제출 의무화,-,어문,문서,-,법률,한국어,-,2017-03-16 00:00:00,-,국회도서관,-,-,-,제1유형,저작물,보호저작물,○,상업적이용가능,○,○,○,○,○,○,○,-,2087-03-16 00:00:00,-,-
,3349,어문,간행물,국회도서관,국회기록보존소,국회간행물,법안관련 외국입법례: 지진 조사·연구활동 및 지원 확대,-,2017-12-07 00:00:00,1,미부착 ,제1유형,무,-,법안관련 외국입법례: 지진 조사·연구활동 및 지원 확대,-,어문,문서,-,법률,한국어,-,2017-12-07 00:00:00,-,국회도서관,-,-,-,제1유형,저작물,보호저작물,○,상업적이용가능,○,○,○,○,○,○,○,-,2087-12-07 00:00:00,-,-
,3350,어문,간행물,국회도서관,국회기록보존소,국회간행물,법안관련 외국입법례: 진료기록부 원본 및 수정본 보존 의무화,-,2017-02-15 00:00:00,1,미부착 ,제1유형,무,-,법안관련 외국입법례: 진료기록부 원본 및 수정본 보존 의무화,-,어문,문서,-,법률,한국어,-,2017-02-15 00:00:00,-,국회도서관,-,-,-,제1유형,저작물,보호저작물,○,상업적이용가능,○,○,○,○,○,○,○,-,2087-02-15 00:00:00,-,-
,3351,어문,간행물,국회도서관,국회기록보존소,국회간행물,법안관련 외국입법례: 차량공유 앱을 통한 자가용 유상운송 알선행위 금지,-,2017-12-28 00:00:00,1,미부착 ,제1유형,무,-,법안관련 외국입법례: 차량공유 앱을 통한 자가용 유상운송 알선행위 금지,-,어문,문서,-,법률,한국어,-,2017-12-28 00:00:00,-,국회도서관,-,-,-,제1유형,저작물,보호저작물,○,상업적이용가능,○,○,○,○,○,○,○,-,2087-12-28 00:00:00,-,-
,3352,어문,간행물,국회도서관,국회기록보존소,국회간행물,법안관련 외국입법례: 청년정책의 법률적 근거 마련과 제도화,-,2017-04-27 00:00:00,1,미부착 ,제1유형,무,-,법안관련 외국입법례: 청년정책의 법률적 근거 마련과 제도화,-,어문,문서,-,법률,한국어,-,2017-04-27 00:00:00,-,국회도서관,-,-,-,제1유형,저작물,보호저작물,○,상업적이용가능,○,○,○,○,○,○,○,-,2087-04-27 00:00:00,-,-
,3353,어문,간행물,국회도서관,국회기록보존소,국회간행물,법안관련 외국입법례: 초단시간 근로자 연차유급휴가 인정,-,2017-04-19 00:00:00,1,미부착 ,제1유형,무,-,법안관련 외국입법례: 초단시간 근로자 연차유급휴가 인정,-,어문,문서,-,법률,한국어,-,2017-04-19 00:00:00,-,국회도서관,-,-,-,제1유형,저작물,보호저작물,○,상업적이용가능,○,○,○,○,○,○,○,-,2087-04-19 00:00:00,-,-
,3354,어문,간행물,국회도서관,국회기록보존소,국회간행물,법안관련 외국입법례: 출퇴근 산업재해 인정 범위 확대,-,2016-11-08 00:00:00,1,미부착 ,제1유형,무,-,법안관련 외국입법례: 출퇴근 산업재해 인정 범위 확대,-,어문,문서,-,법률,한국어,-,2016-11-08 00:00:00,-,국회도서관,-,-,-,제1유형,저작물,보호저작물,○,상업적이용가능,○,○,○,○,○,○,○,-,2086-11-08 00:00:00,-,-
,3355,어문,간행물,국회도서관,국회기록보존소,국회간행물,법안관련 외국입법례: 출판자의 판면권 보호,-,2017-01-25 00:00:00,1,미부착 ,제1유형,무,-,법안관련 외국입법례: 출판자의 판면권 보호,-,어문,문서,-,법률,한국어,-,2017-01-25 00:00:00,-,국회도서관,-,-,-,제1유형,저작물,보호저작물,○,상업적이용가능,○,○,○,○,○,○,○,-,2087-01-25 00:00:00,-,-
,3356,어문,간행물,국회도서관,국회기록보존소,국회간행물,법안관련 외국입법례: 치매환자에 대한 성년후견제도 근거 마련,-,2017-03-02 00:00:00,1,미부착 ,제1유형,무,-,법안관련 외국입법례: 치매환자에 대한 성년후견제도 근거 마련,-,어문,문서,-,법률,한국어,-,2017-03-02 00:00:00,-,국회도서관,-,-,-,제1유형,저작물,보호저작물,○,상업적이용가능,○,○,○,○,○,○,○,-,2087-03-02 00:00:00,-,-
,3357,어문,간행물,국회도서관,국회기록보존소,국회간행물,법안관련 외국입법례: 카시트 의무 착용 대상 확대,-,2017-07-13 00:00:00,1,미부착 ,제1유형,무,-,법안관련 외국입법례: 카시트 의무 착용 대상 확대,-,어문,문서,-,법률,한국어,-,2017-07-13 00:00:00,-,국회도서관,-,-,-,제1유형,저작물,보호저작물,○,상업적이용가능,○,○,○,○,○,○,○,-,2087-07-13 00:00:00,-,-
,3358,어문,간행물,국회도서관,국회기록보존소,국회간행물,법안관련 외국입법례: 통상임금의 정의규정 신설 및 구성항목 명시 의무화,-,2017-11-23 00:00:00,1,미부착 ,제1유형,무,-,법안관련 외국입법례: 통상임금의 정의규정 신설 및 구성항목 명시 의무화,-,어문,문서,-,법률,한국어,-,2017-11-23 00:00:00,-,국회도서관,-,-,-,제1유형,저작물,보호저작물,○,상업적이용가능,○,○,○,○,○,○,○,-,2087-11-23 00:00:00,-,-
,3359,어문,간행물,국회도서관,국회기록보존소,국회간행물,법안관련 외국입법례: 학교 운동장 유해물질 관리,-,2016-09-12 00:00:00,1,미부착 ,제1유형,무,-,법안관련 외국입법례: 학교 운동장 유해물질 관리,-,어문,문서,-,법률,한국어,-,2016-09-12 00:00:00,-,국회도서관,-,-,-,제1유형,저작물,보호저작물,○,상업적이용가능,○,○,○,○,○,○,○,-,2086-09-12 00:00:00,-,-
,3360,어문,간행물,국회도서관,국회기록보존소,국회간행물,법안관련 외국입법례: 항공안전법 상의 벌칙조항 개정,-,2017-09-25 00:00:00,1,미부착 ,제1유형,무,-,법안관련 외국입법례: 항공안전법 상의 벌칙조항 개정,-,어문,문서,-,법률,한국어,-,2017-09-25 00:00:00,-,국회도서관,-,-,-,제1유형,저작물,보호저작물,○,상업적이용가능,○,○,○,○,○,○,○,-,2087-09-25 00:00:00,-,-
,3361,어문,간행물,국회도서관,국회기록보존소,국회간행물,법안관련 외국입법례: 해사전문법원 설치,-,2017-03-23 00:00:00,1,미부착 ,제1유형,무,-,법안관련 외국입법례: 해사전문법원 설치,-,어문,문서,-,법률,한국어,-,2017-03-23 00:00:00,-,국회도서관,-,-,-,제1유형,저작물,보호저작물,○,상업적이용가능,○,○,○,○,○,○,○,-,2087-03-23 00:00:00,-,-
,3362,어문,간행물,국회도서관,국회기록보존소,국회간행물,법안관련 외국입법례: 해양공간의 지속가능한 이용과 관리,-,2017-08-24 00:00:00,1,미부착 ,제1유형,무,-,법안관련 외국입법례: 해양공간의 지속가능한 이용과 관리,-,어문,문서,-,법률,한국어,-,2017-08-24 00:00:00,-,국회도서관,-,-,-,제1유형,저작물,보호저작물,○,상업적이용가능,○,○,○,○,○,○,○,-,2087-08-24 00:00:00,-,-
,3363,어문,간행물,국회도서관,국회기록보존소,국회간행물,법안관련 외국입법례: 형사미성년자 및 촉법소년 연령 하향 조정,-,2017-09-14 00:00:00,1,미부착 ,제1유형,무,-,법안관련 외국입법례: 형사미성년자 및 촉법소년 연령 하향 조정,-,어문,문서,-,법률,한국어,-,2017-09-14 00:00:00,-,국회도서관,-,-,-,제1유형,저작물,보호저작물,○,상업적이용가능,○,○,○,○,○,○,○,-,2087-09-14 00:00:00,-,-
,3364,어문,간행물,국회도서관,국회기록보존소,국회간행물,법안관련 외국입법례: 화재조사에 관한 법률,-,2017-01-26 00:00:00,1,미부착 ,제1유형,무,-,법안관련 외국입법례: 화재조사에 관한 법률,-,어문,문서,-,법률,한국어,-,2017-01-26 00:00:00,-,국회도서관,-,-,-,제1유형,저작물,보호저작물,○,상업적이용가능,○,○,○,○,○,○,○,-,2087-01-26 00:00:00,-,-
,3365,어문,간행물,국회도서관,국회기록보존소,국회간행물,법안관련 외국입법례: 화훼산업 발전 및 화훼문화 진흥,-,2017-09-28 00:00:00,1,미부착 ,제1유형,무,-,법안관련 외국입법례: 화훼산업 발전 및 화훼문화 진흥,-,어문,문서,-,법률,한국어,-,2017-09-28 00:00:00,-,국회도서관,-,-,-,제1유형,저작물,보호저작물,○,상업적이용가능,○,○,○,○,○,○,○,-,2087-09-28 00:00:00,-,-
,3366,어문,간행물,국회도서관,국회기록보존소,국회간행물,법으로 보는 인공지능,-,2021-12-27 00:00:00,1,미부착 ,제1유형,무,-,법으로 보는 인공지능,-,어문,문서,-,법률,한국어,-,2021-12-27 00:00:00,-,국회도서관,-,-,-,제1유형,저작물,보호저작물,○,상업적이용가능,○,○,○,○,○,○,○,-,2091-12-27 00:00:00,-,-
,3367,어문,간행물,국회도서관,국회기록보존소,국회간행물,보이스피싱 범죄 처벌 강화,-,2020-10-13 00:00:00,1,미부착 ,제1유형,무,-,보이스피싱 범죄 처벌 강화,-,어문,문서,-,법률,한국어,-,2020-10-13 00:00:00,-,국회도서관,-,-,-,제1유형,저작물,보호저작물,○,상업적이용가능,○,○,○,○,○,○,○,-,2090-10-13 00:00:00,-,-
,3368,어문,간행물,국회도서관,국회기록보존소,국회간행물,불법공매도에 대한 입법대응 자본시장법 개정,-,2021-01-22 00:00:00,1,미부착 ,제1유형,무,-,불법공매도에 대한 입법대응 자본시장법 개정,-,어문,문서,-,법률,한국어,-,2021-01-22 00:00:00,-,국회도서관,-,-,-,제1유형,저작물,보호저작물,○,상업적이용가능,○,○,○,○,○,○,○,-,2091-01-22 00:00:00,-,-
,3369,어문,간행물,국회도서관,국회기록보존소,국회간행물,세상의 변화를 읽는 100권의 책,-,2022-12-20 00:00:00,1,미부착 ,제1유형,무,-,세상의 변화를 읽는 100권의 책,-,어문,문서,-,법률,한국어,-,2022-12-20 00:00:00,-,국회도서관,-,-,-,제1유형,저작물,보호저작물,○,상업적이용가능,○,○,○,○,○,○,○,-,2092-12-20 00:00:00,-,-
,3370,어문,간행물,국회도서관,국회기록보존소,국회간행물,세상의 변화를 읽는 101권의 책,-,2018-12-27 00:00:00,1,미부착 ,제1유형,무,-,세상의 변화를 읽는 101권의 책,-,어문,문서,-,법률,한국어,-,2018-12-27 00:00:00,-,국회도서관,-,-,-,제1유형,저작물,보호저작물,○,상업적이용가능,○,○,○,○,○,○,○,-,2088-12-27 00:00:00,-,-
,3371,어문,간행물,국회도서관,국회기록보존소,국회간행물,세상의 변화를 읽는 50책,-,2023-12-15 00:00:00,1,미부착 ,제1유형,무,-,세상의 변화를 읽는 50책,-,어문,문서,-,법률,한국어,-,2023-12-15 00:00:00,-,국회도서관,-,-,-,제1유형,저작물,보호저작물,○,상업적이용가능,○,○,○,○,○,○,○,-,2093-12-15 00:00:00,-,-
,3372,어문,간행물,국회도서관,국회기록보존소,국회간행물,수돗물 수질안전 확보를 위한 수도관 세척관리 명문화,-,2020-08-18 00:00:00,1,미부착 ,제1유형,무,-,수돗물 수질안전 확보를 위한 수도관 세척관리 명문화,-,어문,문서,-,법률,한국어,-,2020-08-18 00:00:00,-,국회도서관,-,-,-,제1유형,저작물,보호저작물,○,상업적이용가능,○,○,○,○,○,○,○,-,2090-08-18 00:00:00,-,-
,3373,어문,간행물,국회도서관,국회기록보존소,국회간행물,수소경제 육성을 위한 법률 제정,-,2020-05-19 00:00:00,1,미부착 ,제1유형,무,-,수소경제 육성을 위한 법률 제정,-,어문,문서,-,법률,한국어,-,2020-05-19 00:00:00,-,국회도서관,-,-,-,제1유형,저작물,보호저작물,○,상업적이용가능,○,○,○,○,○,○,○,-,2090-05-19 00:00:00,-,-
,3374,어문,간행물,국회도서관,국회기록보존소,국회간행물,스쿨존에서의 어린이 교통사고 가중처벌,-,2020-03-03 00:00:00,1,미부착 ,제1유형,무,-,스쿨존에서의 어린이 교통사고 가중처벌,-,어문,문서,-,법률,한국어,-,2020-03-03 00:00:00,-,국회도서관,-,-,-,제1유형,저작물,보호저작물,○,상업적이용가능,○,○,○,○,○,○,○,-,2090-03-03 00:00:00,-,-
,3375,어문,간행물,국회도서관,국회기록보존소,국회간행물,양육비 채무불이행에 대한 실효성 있는 이행 방안 마련,-,2020-07-28 00:00:00,1,미부착 ,제1유형,무,-,양육비 채무불이행에 대한 실효성 있는 이행 방안 마련,-,어문,문서,-,법률,한국어,-,2020-07-28 00:00:00,-,국회도서관,-,-,-,제1유형,저작물,보호저작물,○,상업적이용가능,○,○,○,○,○,○,○,-,2090-07-28 00:00:00,-,-
,3376,어문,간행물,국회도서관,국회기록보존소,국회간행물,양육책임 해태와 유족급여수령 제한,-,2021-03-16 00:00:00,1,미부착 ,제1유형,무,-,양육책임 해태와 유족급여수령 제한,-,어문,문서,-,법률,한국어,-,2021-03-16 00:00:00,-,국회도서관,-,-,-,제1유형,저작물,보호저작물,○,상업적이용가능,○,○,○,○,○,○,○,-,2091-03-16 00:00:00,-,-
,3377,어문,간행물,국회도서관,국회기록보존소,국회간행물,여객자동차 운송플랫폼사업 법제화 - 일명 타다금지법 개정,-,2020-05-12 00:00:00,1,미부착 ,제1유형,무,-,여객자동차 운송플랫폼사업 법제화 - 일명 타다금지법 개정,-,어문,문서,-,법률,한국어,-,2020-05-12 00:00:00,-,국회도서관,-,-,-,제1유형,저작물,보호저작물,○,상업적이용가능,○,○,○,○,○,○,○,-,2090-05-12 00:00:00,-,-
,3378,어문,간행물,국회도서관,국회기록보존소,국회간행물,외국 법률 소식(2010.8),-,2010-08-31 00:00:00,1,미부착 ,제1유형,무,-,외국 법률 소식(2010.8),-,어문,문서,-,법률,한국어,-,2010-08-31 00:00:00,-,국회도서관,-,-,-,제1유형,저작물,보호저작물,○,상업적이용가능,○,○,○,○,○,○,○,-,2080-08-31 00:00:00,-,-
,3379,어문,간행물,국회도서관,국회기록보존소,국회간행물,외국법률 이슈브리핑(제1호~제28호),-,2016-05-31 00:00:00,1,미부착 ,제1유형,무,-,외국법률 이슈브리핑(제1호~제28호),-,어문,문서,-,법률,한국어,-,2016-05-31 00:00:00,-,국회도서관,-,-,-,제1유형,저작물,보호저작물,○,상업적이용가능,○,○,○,○,○,○,○,-,2086-05-31 00:00:00,-,-
,3380,어문,간행물,국회도서관,국회기록보존소,국회간행물,외국법률 이슈브리핑: `잊혀질 권리`에 대한 유럽사법재판소 판결,-,2014-06-27 00:00:00,1,미부착 ,제1유형,무,-,외국법률 이슈브리핑: `잊혀질 권리`에 대한 유럽사법재판소 판결,-,어문,문서,-,법률,한국어,-,2014-06-27 00:00:00,-,국회도서관,-,-,-,제1유형,저작물,보호저작물,○,상업적이용가능,○,○,○,○,○,○,○,-,2084-06-27 00:00:00,-,-
,3381,어문,간행물,국회도서관,국회기록보존소,국회간행물,외국법률 이슈브리핑: “비만으로 고용차별해서는 안된다” 유럽사법재판소(ECJ)의 결정,-,2015-02-27 00:00:00,1,미부착 ,제1유형,무,-,외국법률 이슈브리핑: “비만으로 고용차별해서는 안된다” 유럽사법재판소(ECJ)의 결정,-,어문,문서,-,법률,한국어,-,2015-02-27 00:00:00,-,국회도서관,-,-,-,제1유형,저작물,보호저작물,○,상업적이용가능,○,○,○,○,○,○,○,-,2085-02-27 00:00:00,-,-
,3382,어문,간행물,국회도서관,국회기록보존소,국회간행물,외국법률 이슈브리핑: 1회용 비닐봉투 금지에 관한 캘리포니아주 입법례,-,2014-10-27 00:00:00,1,미부착 ,제1유형,무,-,외국법률 이슈브리핑: 1회용 비닐봉투 금지에 관한 캘리포니아주 입법례,-,어문,문서,-,법률,한국어,-,2014-10-27 00:00:00,-,국회도서관,-,-,-,제1유형,저작물,보호저작물,○,상업적이용가능,○,○,○,○,○,○,○,-,2084-10-27 00:00:00,-,-
,3383,어문,간행물,국회도서관,국회기록보존소,국회간행물,외국법률 이슈브리핑: 2015년 미국 자유법(USA Freedom Act of 2015),-,2015-10-21 00:00:00,1,미부착 ,제1유형,무,-,외국법률 이슈브리핑: 2015년 미국 자유법(USA Freedom Act of 2015),-,어문,문서,-,법률,한국어,-,2015-10-21 00:00:00,-,국회도서관,-,-,-,제1유형,저작물,보호저작물,○,상업적이용가능,○,○,○,○,○,○,○,-,2085-10-21 00:00:00,-,-
,3384,어문,간행물,국회도서관,국회기록보존소,국회간행물,외국법률 이슈브리핑: 2017년 일본국회 원자력 규제 방향,-,2017-09-25 00:00:00,1,미부착 ,제1유형,무,-,외국법률 이슈브리핑: 2017년 일본국회 원자력 규제 방향,-,어문,문서,-,법률,한국어,-,2017-09-25 00:00:00,-,국회도서관,-,-,-,제1유형,저작물,보호저작물,○,상업적이용가능,○,○,○,○,○,○,○,-,2087-09-25 00:00:00,-,-
,3385,어문,간행물,국회도서관,국회기록보존소,국회간행물,외국법률 이슈브리핑: 가짜뉴스에 관한 미국 입법례,-,2017-04-11 00:00:00,1,미부착 ,제1유형,무,-,외국법률 이슈브리핑: 가짜뉴스에 관한 미국 입법례,-,어문,문서,-,법률,한국어,-,2017-04-11 00:00:00,-,국회도서관,-,-,-,제1유형,저작물,보호저작물,○,상업적이용가능,○,○,○,○,○,○,○,-,2087-04-11 00:00:00,-,-
,3386,어문,간행물,국회도서관,국회기록보존소,국회간행물,외국법률 이슈브리핑: 감염병환자 격리에 관한 미국 입법례,-,2015-06-22 00:00:00,1,미부착 ,제1유형,무,-,외국법률 이슈브리핑: 감염병환자 격리에 관한 미국 입법례,-,어문,문서,-,법률,한국어,-,2015-06-22 00:00:00,-,국회도서관,-,-,-,제1유형,저작물,보호저작물,○,상업적이용가능,○,○,○,○,○,○,○,-,2085-06-22 00:00:00,-,-
,3387,어문,간행물,국회도서관,국회기록보존소,국회간행물,외국법률 이슈브리핑: 군 구타 등·가혹행위에 관한 독일의 옴부즈맨(Ombudsmann) 입법례,-,2014-09-01 00:00:00,1,미부착 ,제1유형,무,-,외국법률 이슈브리핑: 군 구타 등·가혹행위에 관한 독일의 옴부즈맨(Ombudsmann) 입법례,-,어문,문서,-,법률,한국어,-,2014-09-01 00:00:00,-,국회도서관,-,-,-,제1유형,저작물,보호저작물,○,상업적이용가능,○,○,○,○,○,○,○,-,2084-09-01 00:00:00,-,-
,3388,어문,간행물,국회도서관,국회기록보존소,국회간행물,외국법률 이슈브리핑: 대북 제재관련 미국 입법례,-,2017-11-02 00:00:00,1,미부착 ,제1유형,무,-,외국법률 이슈브리핑: 대북 제재관련 미국 입법례,-,어문,문서,-,법률,한국어,-,2017-11-02 00:00:00,-,국회도서관,-,-,-,제1유형,저작물,보호저작물,○,상업적이용가능,○,○,○,○,○,○,○,-,2087-11-02 00:00:00,-,-
,3389,어문,간행물,국회도서관,국회기록보존소,국회간행물,외국법률 이슈브리핑: 대중교통 운전자 수면장애검사에 관한 외국 입법례,-,2017-07-20 00:00:00,1,미부착 ,제1유형,무,-,외국법률 이슈브리핑: 대중교통 운전자 수면장애검사에 관한 외국 입법례,-,어문,문서,-,법률,한국어,-,2017-07-20 00:00:00,-,국회도서관,-,-,-,제1유형,저작물,보호저작물,○,상업적이용가능,○,○,○,○,○,○,○,-,2087-07-20 00:00:00,-,-
,3390,어문,간행물,국회도서관,국회기록보존소,국회간행물,외국법률 이슈브리핑: 독일의 「재정구조 및 질적 지속발전을 위한 건강보험법(GKV-FQWG)」,-,2015-04-29 00:00:00,1,미부착 ,제1유형,무,-,외국법률 이슈브리핑: 독일의 「재정구조 및 질적 지속발전을 위한 건강보험법(GKV-FQWG)」,-,어문,문서,-,법률,한국어,-,2015-04-29 00:00:00,-,국회도서관,-,-,-,제1유형,저작물,보호저작물,○,상업적이용가능,○,○,○,○,○,○,○,-,2085-04-29 00:00:00,-,-
,3391,어문,간행물,국회도서관,국회기록보존소,국회간행물,외국법률 이슈브리핑: 독일의 「최저임금법(Mindestlohngesetz)」,-,2014-12-24 00:00:00,1,미부착 ,제1유형,무,-,외국법률 이슈브리핑: 독일의 「최저임금법(Mindestlohngesetz)」,-,어문,문서,-,법률,한국어,-,2014-12-24 00:00:00,-,국회도서관,-,-,-,제1유형,저작물,보호저작물,○,상업적이용가능,○,○,○,○,○,○,○,-,2084-12-24 00:00:00,-,-
,3392,어문,간행물,국회도서관,국회기록보존소,국회간행물,외국법률 이슈브리핑: 독일의 SNS상의 가짜뉴스 처벌에 관한 법률안,-,2017-04-28 00:00:00,1,미부착 ,제1유형,무,-,외국법률 이슈브리핑: 독일의 SNS상의 가짜뉴스 처벌에 관한 법률안,-,어문,문서,-,법률,한국어,-,2017-04-28 00:00:00,-,국회도서관,-,-,-,제1유형,저작물,보호저작물,○,상업적이용가능,○,○,○,○,○,○,○,-,2087-04-28 00:00:00,-,-
,3393,어문,간행물,국회도서관,국회기록보존소,국회간행물,외국법률 이슈브리핑: 독일의 산란계 밀집사육 금지에 관한 입법례,-,2017-02-21 00:00:00,1,미부착 ,제1유형,무,-,외국법률 이슈브리핑: 독일의 산란계 밀집사육 금지에 관한 입법례,-,어문,문서,-,법률,한국어,-,2017-02-21 00:00:00,-,국회도서관,-,-,-,제1유형,저작물,보호저작물,○,상업적이용가능,○,○,○,○,○,○,○,-,2087-02-21 00:00:00,-,-
,3394,어문,간행물,국회도서관,국회기록보존소,국회간행물,외국법률 이슈브리핑: 독일의 신·재생에너지 관련 입법례(Ⅱ),-,2016-12-06 00:00:00,1,미부착 ,제1유형,무,-,외국법률 이슈브리핑: 독일의 신·재생에너지 관련 입법례(Ⅱ),-,어문,문서,-,법률,한국어,-,2016-12-06 00:00:00,-,국회도서관,-,-,-,제1유형,저작물,보호저작물,○,상업적이용가능,○,○,○,○,○,○,○,-,2086-12-06 00:00:00,-,-
,3395,어문,간행물,국회도서관,국회기록보존소,국회간행물,외국법률 이슈브리핑: 독일의 신ㆍ재생에너지 관련 입법례,-,2016-07-18 00:00:00,1,미부착 ,제1유형,무,-,외국법률 이슈브리핑: 독일의 신ㆍ재생에너지 관련 입법례,-,어문,문서,-,법률,한국어,-,2016-07-18 00:00:00,-,국회도서관,-,-,-,제1유형,저작물,보호저작물,○,상업적이용가능,○,○,○,○,○,○,○,-,2086-07-18 00:00:00,-,-
,3396,어문,간행물,국회도서관,국회기록보존소,국회간행물,외국법률 이슈브리핑: 독일의 음주운전단속과 처벌기준 관련 입법례,-,2017-09-28 00:00:00,1,미부착 ,제1유형,무,-,외국법률 이슈브리핑: 독일의 음주운전단속과 처벌기준 관련 입법례,-,어문,문서,-,법률,한국어,-,2017-09-28 00:00:00,-,국회도서관,-,-,-,제1유형,저작물,보호저작물,○,상업적이용가능,○,○,○,○,○,○,○,-,2087-09-28 00:00:00,-,-
,3397,어문,간행물,국회도서관,국회기록보존소,국회간행물,외국법률 이슈브리핑: 독일의 제조물책임법(ProdHaftG),-,2016-11-11 00:00:00,1,미부착 ,제1유형,무,-,외국법률 이슈브리핑: 독일의 제조물책임법(ProdHaftG),-,어문,문서,-,법률,한국어,-,2016-11-11 00:00:00,-,국회도서관,-,-,-,제1유형,저작물,보호저작물,○,상업적이용가능,○,○,○,○,○,○,○,-,2086-11-11 00:00:00,-,-
,3398,어문,간행물,국회도서관,국회기록보존소,국회간행물,외국법률 이슈브리핑: 동물혈액채혈 및 혈액은행 관련 외국 입법례,-,2015-12-01 00:00:00,1,미부착 ,제1유형,무,-,외국법률 이슈브리핑: 동물혈액채혈 및 혈액은행 관련 외국 입법례,-,어문,문서,-,법률,한국어,-,2015-12-01 00:00:00,-,국회도서관,-,-,-,제1유형,저작물,보호저작물,○,상업적이용가능,○,○,○,○,○,○,○,-,2085-12-01 00:00:00,-,-
,3399,어문,간행물,국회도서관,국회기록보존소,국회간행물,외국법률 이슈브리핑: 디지털 가상화폐 관련 외국 입법례,-,2016-12-21 00:00:00,1,미부착 ,제1유형,무,-,외국법률 이슈브리핑: 디지털 가상화폐 관련 외국 입법례,-,어문,문서,-,법률,한국어,-,2016-12-21 00:00:00,-,국회도서관,-,-,-,제1유형,저작물,보호저작물,○,상업적이용가능,○,○,○,○,○,○,○,-,2086-12-21 00:00:00,-,-
,3400,어문,간행물,국회도서관,국회기록보존소,국회간행물,외국법률 이슈브리핑: 미국 버지니아주 「동해병기법안」,-,2014-03-25 00:00:00,1,미부착 ,제1유형,무,-,외국법률 이슈브리핑: 미국 버지니아주 「동해병기법안」,-,어문,문서,-,법률,한국어,-,2014-03-25 00:00:00,-,국회도서관,-,-,-,제1유형,저작물,보호저작물,○,상업적이용가능,○,○,○,○,○,○,○,-,2084-03-25 00:00:00,-,-
,3401,어문,간행물,국회도서관,국회기록보존소,국회간행물,외국법률 이슈브리핑: 미국 연방항소법원의 구글 북스 판결과 시사점,-,2016-05-13 00:00:00,1,미부착 ,제1유형,무,-,외국법률 이슈브리핑: 미국 연방항소법원의 구글 북스 판결과 시사점,-,어문,문서,-,법률,한국어,-,2016-05-13 00:00:00,-,국회도서관,-,-,-,제1유형,저작물,보호저작물,○,상업적이용가능,○,○,○,○,○,○,○,-,2086-05-13 00:00:00,-,-
,3402,어문,간행물,국회도서관,국회기록보존소,국회간행물,외국법률 이슈브리핑: 미국 전기통신사업자의 이용자정보 제공의무에 관한 「저장통신법(Stored Communications Act」,-,2015-05-27 00:00:00,1,미부착 ,제1유형,무,-,외국법률 이슈브리핑: 미국 전기통신사업자의 이용자정보 제공의무에 관한 「저장통신법(Stored Communications Act」,-,어문,문서,-,법률,한국어,-,2015-05-27 00:00:00,-,국회도서관,-,-,-,제1유형,저작물,보호저작물,○,상업적이용가능,○,○,○,○,○,○,○,-,2085-05-27 00:00:00,-,-
,3403,어문,간행물,국회도서관,국회기록보존소,국회간행물,외국법률 이슈브리핑: 미국 프랜차이즈 필수품목 정보공개 관련 규정,-,2017-11-15 00:00:00,1,미부착 ,제1유형,무,-,외국법률 이슈브리핑: 미국 프랜차이즈 필수품목 정보공개 관련 규정,-,어문,문서,-,법률,한국어,-,2017-11-15 00:00:00,-,국회도서관,-,-,-,제1유형,저작물,보호저작물,○,상업적이용가능,○,○,○,○,○,○,○,-,2087-11-15 00:00:00,-,-
,3404,어문,간행물,국회도서관,국회기록보존소,국회간행물,외국법률 이슈브리핑: 미국 하원의 2017 대북 금지 및 제재 현대화법(안),-,2017-03-30 00:00:00,1,미부착 ,제1유형,무,-,외국법률 이슈브리핑: 미국 하원의 2017 대북 금지 및 제재 현대화법(안),-,어문,문서,-,법률,한국어,-,2017-03-30 00:00:00,-,국회도서관,-,-,-,제1유형,저작물,보호저작물,○,상업적이용가능,○,○,○,○,○,○,○,-,2087-03-30 00:00:00,-,-
,3405,어문,간행물,국회도서관,국회기록보존소,국회간행물,외국법률 이슈브리핑: 미국의 ‘리쇼어링(Reshoring)’에 관한 「미국내 일자리 창출 촉진법안(Bring Jobs Home Act)」,-,2014-11-21 00:00:00,1,미부착 ,제1유형,무,-,외국법률 이슈브리핑: 미국의 ‘리쇼어링(Reshoring)’에 관한 「미국내 일자리 창출 촉진법안(Bring Jobs Home Act)」,-,어문,문서,-,법률,한국어,-,2014-11-21 00:00:00,-,국회도서관,-,-,-,제1유형,저작물,보호저작물,○,상업적이용가능,○,○,○,○,○,○,○,-,2084-11-21 00:00:00,-,-
,3406,어문,간행물,국회도서관,국회기록보존소,국회간행물,외국법률 이슈브리핑: 미국의 2016년 북한 제재 및 정책 강화법(안),-,2016-02-14 00:00:00,1,미부착 ,제1유형,무,-,외국법률 이슈브리핑: 미국의 2016년 북한 제재 및 정책 강화법(안),-,어문,문서,-,법률,한국어,-,2016-02-14 00:00:00,-,국회도서관,-,-,-,제1유형,저작물,보호저작물,○,상업적이용가능,○,○,○,○,○,○,○,-,2086-02-14 00:00:00,-,-
,3407,어문,간행물,국회도서관,국회기록보존소,국회간행물,외국법률 이슈브리핑: 미국의 뇌물·붕법사례금 방지 관련 법률,-,2016-09-23 00:00:00,1,미부착 ,제1유형,무,-,외국법률 이슈브리핑: 미국의 뇌물·붕법사례금 방지 관련 법률,-,어문,문서,-,법률,한국어,-,2016-09-23 00:00:00,-,국회도서관,-,-,-,제1유형,저작물,보호저작물,○,상업적이용가능,○,○,○,○,○,○,○,-,2086-09-23 00:00:00,-,-
,3408,어문,간행물,국회도서관,국회기록보존소,국회간행물,외국법률 이슈브리핑: 미국의 '무역협정의 위반·남용에 관한 행정명령',-,2017-05-18 00:00:00,1,미부착 ,제1유형,무,-,외국법률 이슈브리핑: 미국의 '무역협정의 위반·남용에 관한 행정명령',-,어문,문서,-,법률,한국어,-,2017-05-18 00:00:00,-,국회도서관,-,-,-,제1유형,저작물,보호저작물,○,상업적이용가능,○,○,○,○,○,○,○,-,2087-05-18 00:00:00,-,-
,3409,어문,간행물,국회도서관,국회기록보존소,국회간행물,외국법률 이슈브리핑: 미국의 시간당 최저임금액 인상관련 입법례,-,2015-09-01 00:00:00,1,미부착 ,제1유형,무,-,외국법률 이슈브리핑: 미국의 시간당 최저임금액 인상관련 입법례,-,어문,문서,-,법률,한국어,-,2015-09-01 00:00:00,-,국회도서관,-,-,-,제1유형,저작물,보호저작물,○,상업적이용가능,○,○,○,○,○,○,○,-,2085-09-01 00:00:00,-,-
,3410,어문,간행물,국회도서관,국회기록보존소,국회간행물,외국법률 이슈브리핑: 미국의 적국에 대한 제재법,-,2017-08-03 00:00:00,1,미부착 ,제1유형,무,-,외국법률 이슈브리핑: 미국의 적국에 대한 제재법,-,어문,문서,-,법률,한국어,-,2017-08-03 00:00:00,-,국회도서관,-,-,-,제1유형,저작물,보호저작물,○,상업적이용가능,○,○,○,○,○,○,○,-,2087-08-03 00:00:00,-,-
,3411,어문,간행물,국회도서관,국회기록보존소,국회간행물,외국법률 이슈브리핑: 미국의 투표소 셀카금지 규정 및 관련 판례의 시사점,-,2016-11-17 00:00:00,1,미부착 ,제1유형,무,-,외국법률 이슈브리핑: 미국의 투표소 셀카금지 규정 및 관련 판례의 시사점,-,어문,문서,-,법률,한국어,-,2016-11-17 00:00:00,-,국회도서관,-,-,-,제1유형,저작물,보호저작물,○,상업적이용가능,○,○,○,○,○,○,○,-,2086-11-17 00:00:00,-,-
,3412,어문,간행물,국회도서관,국회기록보존소,국회간행물,외국법률 이슈브리핑: 미국의 특허괴물 대처 「혁신법(Innovation Act)」,-,2014-04-21 00:00:00,1,미부착 ,제1유형,무,-,외국법률 이슈브리핑: 미국의 특허괴물 대처 「혁신법(Innovation Act)」,-,어문,문서,-,법률,한국어,-,2014-04-21 00:00:00,-,국회도서관,-,-,-,제1유형,저작물,보호저작물,○,상업적이용가능,○,○,○,○,○,○,○,-,2084-04-21 00:00:00,-,-
,3413,어문,간행물,국회도서관,국회기록보존소,국회간행물,외국법률 이슈브리핑: 미국의 환율조작국 지정 및 제재 관련 입법례,-,2016-04-11 00:00:00,1,미부착 ,제1유형,무,-,외국법률 이슈브리핑: 미국의 환율조작국 지정 및 제재 관련 입법례,-,어문,문서,-,법률,한국어,-,2016-04-11 00:00:00,-,국회도서관,-,-,-,제1유형,저작물,보호저작물,○,상업적이용가능,○,○,○,○,○,○,○,-,2086-04-11 00:00:00,-,-
,3414,어문,간행물,국회도서관,국회기록보존소,국회간행물,외국법률 이슈브리핑: 복면착용금지에 관한 미국 입법례,-,2015-12-08 00:00:00,1,미부착 ,제1유형,무,-,외국법률 이슈브리핑: 복면착용금지에 관한 미국 입법례,-,어문,문서,-,법률,한국어,-,2015-12-08 00:00:00,-,국회도서관,-,-,-,제1유형,저작물,보호저작물,○,상업적이용가능,○,○,○,○,○,○,○,-,2085-12-08 00:00:00,-,-
,3415,어문,간행물,국회도서관,국회기록보존소,국회간행물,외국법률 이슈브리핑: 승합차 및 화물차 운전자의 운전시간 관련 외숫 입법례,-,2016-08-08 00:00:00,1,미부착 ,제1유형,무,-,외국법률 이슈브리핑: 승합차 및 화물차 운전자의 운전시간 관련 외숫 입법례,-,어문,문서,-,법률,한국어,-,2016-08-08 00:00:00,-,국회도서관,-,-,-,제1유형,저작물,보호저작물,○,상업적이용가능,○,○,○,○,○,○,○,-,2086-08-08 00:00:00,-,-
,3416,어문,간행물,국회도서관,국회기록보존소,국회간행물,외국법률 이슈브리핑: 영·미에서 청소년 중범죄 처벌 강화 관련 입법례,-,2017-11-21 00:00:00,1,미부착 ,제1유형,무,-,외국법률 이슈브리핑: 영·미에서 청소년 중범죄 처벌 강화 관련 입법례,-,어문,문서,-,법률,한국어,-,2017-11-21 00:00:00,-,국회도서관,-,-,-,제1유형,저작물,보호저작물,○,상업적이용가능,○,○,○,○,○,○,○,-,2087-11-21 00:00:00,-,-
,3417,어문,간행물,국회도서관,국회기록보존소,국회간행물,외국법률 이슈브리핑: 영국의 뇌물방지법,-,2016-09-29 00:00:00,1,미부착 ,제1유형,무,-,외국법률 이슈브리핑: 영국의 뇌물방지법,-,어문,문서,-,법률,한국어,-,2016-09-29 00:00:00,-,국회도서관,-,-,-,제1유형,저작물,보호저작물,○,상업적이용가능,○,○,○,○,○,○,○,-,2086-09-29 00:00:00,-,-
,3418,어문,간행물,국회도서관,국회기록보존소,국회간행물,외국법률 이슈브리핑: 영국의 자율주행자동차 보험법안 및 사이버보안가이드,-,2017-10-20 00:00:00,1,미부착 ,제1유형,무,-,외국법률 이슈브리핑: 영국의 자율주행자동차 보험법안 및 사이버보안가이드,-,어문,문서,-,법률,한국어,-,2017-10-20 00:00:00,-,국회도서관,-,-,-,제1유형,저작물,보호저작물,○,상업적이용가능,○,○,○,○,○,○,○,-,2087-10-20 00:00:00,-,-
,3419,어문,간행물,국회도서관,국회기록보존소,국회간행물,외국법률 이슈브리핑: 오바마 대통령의 이민개혁 행정명령,-,2015-01-28 00:00:00,1,미부착 ,제1유형,무,-,외국법률 이슈브리핑: 오바마 대통령의 이민개혁 행정명령,-,어문,문서,-,법률,한국어,-,2015-01-28 00:00:00,-,국회도서관,-,-,-,제1유형,저작물,보호저작물,○,상업적이용가능,○,○,○,○,○,○,○,-,2085-01-28 00:00:00,-,-
,3420,어문,간행물,국회도서관,국회기록보존소,국회간행물,외국법률 이슈브리핑: 유럽연합의 「개인정보 보호에 관한 일반규정(안)(General Data Protection Regulation)」,-,2016-03-25 00:00:00,1,미부착 ,제1유형,무,-,외국법률 이슈브리핑: 유럽연합의 「개인정보 보호에 관한 일반규정(안)(General Data Protection Regulation)」,-,어문,문서,-,법률,한국어,-,2016-03-25 00:00:00,-,국회도서관,-,-,-,제1유형,저작물,보호저작물,○,상업적이용가능,○,○,○,○,○,○,○,-,2086-03-25 00:00:00,-,-
,3421,어문,간행물,국회도서관,국회기록보존소,국회간행물,외국법률 이슈브리핑: 일본 '동일노동 동일임금' 관련법률 개정방향,-,2017-07-13 00:00:00,1,미부착 ,제1유형,무,-,외국법률 이슈브리핑: 일본 '동일노동 동일임금' 관련법률 개정방향,-,어문,문서,-,법률,한국어,-,2017-07-13 00:00:00,-,국회도서관,-,-,-,제1유형,저작물,보호저작물,○,상업적이용가능,○,○,○,○,○,○,○,-,2087-07-13 00:00:00,-,-
,3422,어문,간행물,국회도서관,국회기록보존소,국회간행물,외국법률 이슈브리핑: 일본 중의원 및 참의원의 선거구 인구갹차 시정,-,2016-06-08 00:00:00,1,미부착 ,제1유형,무,-,외국법률 이슈브리핑: 일본 중의원 및 참의원의 선거구 인구갹차 시정,-,어문,문서,-,법률,한국어,-,2016-06-08 00:00:00,-,국회도서관,-,-,-,제1유형,저작물,보호저작물,○,상업적이용가능,○,○,○,○,○,○,○,-,2086-06-08 00:00:00,-,-
,3423,어문,간행물,국회도서관,국회기록보존소,국회간행물,외국법률 이슈브리핑: 일본의 「빈집 대책에 관한 특별조치법」,-,2015-03-20 00:00:00,1,미부착 ,제1유형,무,-,외국법률 이슈브리핑: 일본의 「빈집 대책에 관한 특별조치법」,-,어문,문서,-,법률,한국어,-,2015-03-20 00:00:00,-,국회도서관,-,-,-,제1유형,저작물,보호저작물,○,상업적이용가능,○,○,○,○,○,○,○,-,2085-03-20 00:00:00,-,-
,3424,어문,간행물,국회도서관,국회기록보존소,국회간행물,외국법률 이슈브리핑: 일본의 로봇산업 지원과 검토 입법례,-,2016-04-25 00:00:00,1,미부착 ,제1유형,무,-,외국법률 이슈브리핑: 일본의 로봇산업 지원과 검토 입법례,-,어문,문서,-,법률,한국어,-,2016-04-25 00:00:00,-,국회도서관,-,-,-,제1유형,저작물,보호저작물,○,상업적이용가능,○,○,○,○,○,○,○,-,2086-04-25 00:00:00,-,-
,3425,어문,간행물,국회도서관,국회기록보존소,국회간행물,외국법률 이슈브리핑: 일본의 안전보장법제,-,2015-09-21 00:00:00,1,미부착 ,제1유형,무,-,외국법률 이슈브리핑: 일본의 안전보장법제,-,어문,문서,-,법률,한국어,-,2015-09-21 00:00:00,-,국회도서관,-,-,-,제1유형,저작물,보호저작물,○,상업적이용가능,○,○,○,○,○,○,○,-,2085-09-21 00:00:00,-,-
,3426,어문,간행물,국회도서관,국회기록보존소,국회간행물,외국법률 이슈브리핑: 일본의 의료사고조사제도 관련 입법례,-,2015-07-09 00:00:00,1,미부착 ,제1유형,무,-,외국법률 이슈브리핑: 일본의 의료사고조사제도 관련 입법례,-,어문,문서,-,법률,한국어,-,2015-07-09 00:00:00,-,국회도서관,-,-,-,제1유형,저작물,보호저작물,○,상업적이용가능,○,○,○,○,○,○,○,-,2085-07-09 00:00:00,-,-
,3427,어문,간행물,국회도서관,국회기록보존소,국회간행물,외국법률 이슈브리핑: 일본의 직계존속 교육비 증여 비과세제도,-,2014-10-06 00:00:00,1,미부착 ,제1유형,무,-,외국법률 이슈브리핑: 일본의 직계존속 교육비 증여 비과세제도,-,어문,문서,-,법률,한국어,-,2014-10-06 00:00:00,-,국회도서관,-,-,-,제1유형,저작물,보호저작물,○,상업적이용가능,○,○,○,○,○,○,○,-,2084-10-06 00:00:00,-,-
,3428,어문,간행물,국회도서관,국회기록보존소,국회간행물,외국법률 이슈브리핑: 일본의 '테러 등 준비죄' 법안,-,2017-05-24 00:00:00,1,미부착 ,제1유형,무,-,외국법률 이슈브리핑: 일본의 '테러 등 준비죄' 법안,-,어문,문서,-,법률,한국어,-,2017-05-24 00:00:00,-,국회도서관,-,-,-,제1유형,저작물,보호저작물,○,상업적이용가능,○,○,○,○,○,○,○,-,2087-05-24 00:00:00,-,-
,3429,어문,간행물,국회도서관,국회기록보존소,국회간행물,외국법률 이슈브리핑: 일본의 헌법개정절차와 자민당의 개헌초안,-,2016-08-16 00:00:00,1,미부착 ,제1유형,무,-,외국법률 이슈브리핑: 일본의 헌법개정절차와 자민당의 개헌초안,-,어문,문서,-,법률,한국어,-,2016-08-16 00:00:00,-,국회도서관,-,-,-,제1유형,저작물,보호저작물,○,상업적이용가능,○,○,○,○,○,○,○,-,2086-08-16 00:00:00,-,-
,3430,어문,간행물,국회도서관,국회기록보존소,국회간행물,외국법률 이슈브리핑: 일본의 희귀난치성질환 정부대책의 법제화,-,2014-07-30 00:00:00,1,미부착 ,제1유형,무,-,외국법률 이슈브리핑: 일본의 희귀난치성질환 정부대책의 법제화,-,어문,문서,-,법률,한국어,-,2014-07-30 00:00:00,-,국회도서관,-,-,-,제1유형,저작물,보호저작물,○,상업적이용가능,○,○,○,○,○,○,○,-,2084-07-30 00:00:00,-,-
,3431,어문,간행물,국회도서관,국회기록보존소,국회간행물,외국법률 이슈브리핑: 취미용 소형무인비행장치 등록 관련 미국 입법례,-,2016-01-29 00:00:00,1,미부착 ,제1유형,무,-,외국법률 이슈브리핑: 취미용 소형무인비행장치 등록 관련 미국 입법례,-,어문,문서,-,법률,한국어,-,2016-01-29 00:00:00,-,국회도서관,-,-,-,제1유형,저작물,보호저작물,○,상업적이용가능,○,○,○,○,○,○,○,-,2086-01-29 00:00:00,-,-
,3432,어문,간행물,국회도서관,국회기록보존소,국회간행물,외국법률 이슈브리핑: 폭스바겐 배출가스 조작에 관한 미국 연방환경보호청 과징금 관련 입법례,-,2015-10-07 00:00:00,1,미부착 ,제1유형,무,-,외국법률 이슈브리핑: 폭스바겐 배출가스 조작에 관한 미국 연방환경보호청 과징금 관련 입법례,-,어문,문서,-,법률,한국어,-,2015-10-07 00:00:00,-,국회도서관,-,-,-,제1유형,저작물,보호저작물,○,상업적이용가능,○,○,○,○,○,○,○,-,2085-10-07 00:00:00,-,-
,3433,어문,간행물,국회도서관,국회기록보존소,국회간행물,외국법률 이슈브리핑: 해난사고에서의 선원 및 선주의 형사책임에 관한 미국의 입법례,-,2014-04-28 00:00:00,1,미부착 ,제1유형,무,-,외국법률 이슈브리핑: 해난사고에서의 선원 및 선주의 형사책임에 관한 미국의 입법례,-,어문,문서,-,법률,한국어,-,2014-04-28 00:00:00,-,국회도서관,-,-,-,제1유형,저작물,보호저작물,○,상업적이용가능,○,○,○,○,○,○,○,-,2084-04-28 00:00:00,-,-
,3434,어문,간행물,국회도서관,국회기록보존소,국회간행물,인터넷회선 감청 통제 절차 규정 신설,-,2020-06-09 00:00:00,1,미부착 ,제1유형,무,-,인터넷회선 감청 통제 절차 규정 신설,-,어문,문서,-,법률,한국어,-,2020-06-09 00:00:00,-,국회도서관,-,-,-,제1유형,저작물,보호저작물,○,상업적이용가능,○,○,○,○,○,○,○,-,2090-06-09 00:00:00,-,-
,3435,어문,간행물,국회도서관,국회기록보존소,국회간행물,전자서명 방식의 다양화를 위한 공인인증서 제도 개선,-,2020-07-14 00:00:00,1,미부착 ,제1유형,무,-,전자서명 방식의 다양화를 위한 공인인증서 제도 개선,-,어문,문서,-,법률,한국어,-,2020-07-14 00:00:00,-,국회도서관,-,-,-,제1유형,저작물,보호저작물,○,상업적이용가능,○,○,○,○,○,○,○,-,2090-07-14 00:00:00,-,-
,3436,어문,간행물,국회도서관,국회기록보존소,국회간행물,정책연혁정보집,-,2008-05-01 00:00:00,1,미부착 ,제1유형,무,-,정책연혁정보집,-,어문,문서,-,법률,한국어,-,2008-05-01 00:00:00,-,국회도서관,-,-,-,제1유형,저작물,보호저작물,○,상업적이용가능,○,○,○,○,○,○,○,-,2078-05-01 00:00:00,-,-
,3437,어문,간행물,국회도서관,국회기록보존소,국회간행물,주요국의 영유아보육법,-,2012-07-01 00:00:00,1,미부착 ,제1유형,무,-,주요국의 영유아보육법,-,어문,문서,-,법률,한국어,-,2012-07-01 00:00:00,-,국회도서관,-,-,-,제1유형,저작물,보호저작물,○,상업적이용가능,○,○,○,○,○,○,○,-,2082-07-01 00:00:00,-,-
,3438,어문,간행물,국회도서관,국회기록보존소,국회간행물,중대재해처벌법 제정,-,2021-02-16 00:00:00,1,미부착 ,제1유형,무,-,중대재해처벌법 제정,-,어문,문서,-,법률,한국어,-,2021-02-16 00:00:00,-,국회도서관,-,-,-,제1유형,저작물,보호저작물,○,상업적이용가능,○,○,○,○,○,○,○,-,2091-02-16 00:00:00,-,-
,3439,어문,간행물,국회도서관,국회기록보존소,국회간행물,"체육인의 인권보호 강화방안 마련 - 국민체육진흥법 제10조의3 신설, 제18조의3 등",-,2020-09-15 00:00:00,1,미부착 ,제1유형,무,-,"체육인의 인권보호 강화방안 마련 - 국민체육진흥법 제10조의3 신설, 제18조의3 등",-,어문,문서,-,법률,한국어,-,2020-09-15 00:00:00,-,국회도서관,-,-,-,제1유형,저작물,보호저작물,○,상업적이용가능,○,○,○,○,○,○,○,-,2090-09-15 00:00:00,-,-
,3440,어문,간행물,국회도서관,국회기록보존소,국회간행물,최신 법률 소식(제10호),-,2008-11-10 00:00:00,1,미부착 ,제1유형,무,-,최신 법률 소식(제10호),-,어문,문서,-,법률,한국어,-,2008-11-10 00:00:00,-,국회도서관,-,-,-,제1유형,저작물,보호저작물,○,상업적이용가능,○,○,○,○,○,○,○,-,2078-11-10 00:00:00,-,-
,3441,어문,간행물,국회도서관,국회기록보존소,국회간행물,최신 법률 소식(제11호),-,2008-12-10 00:00:00,1,미부착 ,제1유형,무,-,최신 법률 소식(제11호),-,어문,문서,-,법률,한국어,-,2008-12-10 00:00:00,-,국회도서관,-,-,-,제1유형,저작물,보호저작물,○,상업적이용가능,○,○,○,○,○,○,○,-,2078-12-10 00:00:00,-,-
,3442,어문,간행물,국회도서관,국회기록보존소,국회간행물,최신 법률 소식(제12호),-,2009-01-10 00:00:00,1,미부착 ,제1유형,무,-,최신 법률 소식(제12호),-,어문,문서,-,법률,한국어,-,2009-01-10 00:00:00,-,국회도서관,-,-,-,제1유형,저작물,보호저작물,○,상업적이용가능,○,○,○,○,○,○,○,-,2079-01-10 00:00:00,-,-
,3443,어문,간행물,국회도서관,국회기록보존소,국회간행물,최신 법률 소식(제13호),-,2009-02-10 00:00:00,1,미부착 ,제1유형,무,-,최신 법률 소식(제13호),-,어문,문서,-,법률,한국어,-,2009-02-10 00:00:00,-,국회도서관,-,-,-,제1유형,저작물,보호저작물,○,상업적이용가능,○,○,○,○,○,○,○,-,2079-02-10 00:00:00,-,-
,3444,어문,간행물,국회도서관,국회기록보존소,국회간행물,최신 법률 소식(제14호),-,2009-03-10 00:00:00,1,미부착 ,제1유형,무,-,최신 법률 소식(제14호),-,어문,문서,-,법률,한국어,-,2009-03-10 00:00:00,-,국회도서관,-,-,-,제1유형,저작물,보호저작물,○,상업적이용가능,○,○,○,○,○,○,○,-,2079-03-10 00:00:00,-,-
,3445,어문,간행물,국회도서관,국회기록보존소,국회간행물,최신 법률 소식(제15호),-,2009-04-10 00:00:00,1,미부착 ,제1유형,무,-,최신 법률 소식(제15호),-,어문,문서,-,법률,한국어,-,2009-04-10 00:00:00,-,국회도서관,-,-,-,제1유형,저작물,보호저작물,○,상업적이용가능,○,○,○,○,○,○,○,-,2079-04-10 00:00:00,-,-
,3446,어문,간행물,국회도서관,국회기록보존소,국회간행물,최신 법률 소식(제16호),-,2009-05-10 00:00:00,1,미부착 ,제1유형,무,-,최신 법률 소식(제16호),-,어문,문서,-,법률,한국어,-,2009-05-10 00:00:00,-,국회도서관,-,-,-,제1유형,저작물,보호저작물,○,상업적이용가능,○,○,○,○,○,○,○,-,2079-05-10 00:00:00,-,-
,3447,어문,간행물,국회도서관,국회기록보존소,국회간행물,최신 법률 소식(제17호),-,2009-06-10 00:00:00,1,미부착 ,제1유형,무,-,최신 법률 소식(제17호),-,어문,문서,-,법률,한국어,-,2009-06-10 00:00:00,-,국회도서관,-,-,-,제1유형,저작물,보호저작물,○,상업적이용가능,○,○,○,○,○,○,○,-,2079-06-10 00:00:00,-,-
,3448,어문,간행물,국회도서관,국회기록보존소,국회간행물,최신 법률 소식(제18호),-,2009-07-10 00:00:00,1,미부착 ,제1유형,무,-,최신 법률 소식(제18호),-,어문,문서,-,법률,한국어,-,2009-07-10 00:00:00,-,국회도서관,-,-,-,제1유형,저작물,보호저작물,○,상업적이용가능,○,○,○,○,○,○,○,-,2079-07-10 00:00:00,-,-
,3449,어문,간행물,국회도서관,국회기록보존소,국회간행물,최신 법률 소식(제19호),-,2009-08-10 00:00:00,1,미부착 ,제1유형,무,-,최신 법률 소식(제19호),-,어문,문서,-,법률,한국어,-,2009-08-10 00:00:00,-,국회도서관,-,-,-,제1유형,저작물,보호저작물,○,상업적이용가능,○,○,○,○,○,○,○,-,2079-08-10 00:00:00,-,-
,3450,어문,간행물,국회도서관,국회기록보존소,국회간행물,최신 법률 소식(제1호),-,2008-01-25 00:00:00,1,미부착 ,제1유형,무,-,최신 법률 소식(제1호),-,어문,문서,-,법률,한국어,-,2008-01-25 00:00:00,-,국회도서관,-,-,-,제1유형,저작물,보호저작물,○,상업적이용가능,○,○,○,○,○,○,○,-,2078-01-25 00:00:00,-,-
,3451,어문,간행물,국회도서관,국회기록보존소,국회간행물,최신 법률 소식(제20호),-,2009-09-10 00:00:00,1,미부착 ,제1유형,무,-,최신 법률 소식(제20호),-,어문,문서,-,법률,한국어,-,2009-09-10 00:00:00,-,국회도서관,-,-,-,제1유형,저작물,보호저작물,○,상업적이용가능,○,○,○,○,○,○,○,-,2079-09-10 00:00:00,-,-
,3452,어문,간행물,국회도서관,국회기록보존소,국회간행물,최신 법률 소식(제21호),-,2009-10-10 00:00:00,1,미부착 ,제1유형,무,-,최신 법률 소식(제21호),-,어문,문서,-,법률,한국어,-,2009-10-10 00:00:00,-,국회도서관,-,-,-,제1유형,저작물,보호저작물,○,상업적이용가능,○,○,○,○,○,○,○,-,2079-10-10 00:00:00,-,-
,3453,어문,간행물,국회도서관,국회기록보존소,국회간행물,최신 법률 소식(제22호),-,2009-11-10 00:00:00,1,미부착 ,제1유형,무,-,최신 법률 소식(제22호),-,어문,문서,-,법률,한국어,-,2009-11-10 00:00:00,-,국회도서관,-,-,-,제1유형,저작물,보호저작물,○,상업적이용가능,○,○,○,○,○,○,○,-,2079-11-10 00:00:00,-,-
,3454,어문,간행물,국회도서관,국회기록보존소,국회간행물,최신 법률 소식(제23호),-,2009-12-10 00:00:00,1,미부착 ,제1유형,무,-,최신 법률 소식(제23호),-,어문,문서,-,법률,한국어,-,2009-12-10 00:00:00,-,국회도서관,-,-,-,제1유형,저작물,보호저작물,○,상업적이용가능,○,○,○,○,○,○,○,-,2079-12-10 00:00:00,-,-
,3455,어문,간행물,국회도서관,국회기록보존소,국회간행물,최신 법률 소식(제24호),-,2010-01-10 00:00:00,1,미부착 ,제1유형,무,-,최신 법률 소식(제24호),-,어문,문서,-,법률,한국어,-,2010-01-10 00:00:00,-,국회도서관,-,-,-,제1유형,저작물,보호저작물,○,상업적이용가능,○,○,○,○,○,○,○,-,2080-01-10 00:00:00,-,-
,3456,어문,간행물,국회도서관,국회기록보존소,국회간행물,최신 법률 소식(제25호),-,2010-02-26 00:00:00,1,미부착 ,제1유형,무,-,최신 법률 소식(제25호),-,어문,문서,-,법률,한국어,-,2010-02-26 00:00:00,-,국회도서관,-,-,-,제1유형,저작물,보호저작물,○,상업적이용가능,○,○,○,○,○,○,○,-,2080-02-26 00:00:00,-,-
,3457,어문,간행물,국회도서관,국회기록보존소,국회간행물,최신 법률 소식(제26호),-,2010-03-26 00:00:00,1,미부착 ,제1유형,무,-,최신 법률 소식(제26호),-,어문,문서,-,법률,한국어,-,2010-03-26 00:00:00,-,국회도서관,-,-,-,제1유형,저작물,보호저작물,○,상업적이용가능,○,○,○,○,○,○,○,-,2080-03-26 00:00:00,-,-
,3458,어문,간행물,국회도서관,국회기록보존소,국회간행물,최신 법률 소식(제27호),-,2010-04-10 00:00:00,1,미부착 ,제1유형,무,-,최신 법률 소식(제27호),-,어문,문서,-,법률,한국어,-,2010-04-10 00:00:00,-,국회도서관,-,-,-,제1유형,저작물,보호저작물,○,상업적이용가능,○,○,○,○,○,○,○,-,2080-04-10 00:00:00,-,-
,3459,어문,간행물,국회도서관,국회기록보존소,국회간행물,최신 법률 소식(제28호),-,2010-05-10 00:00:00,1,미부착 ,제1유형,무,-,최신 법률 소식(제28호),-,어문,문서,-,법률,한국어,-,2010-05-10 00:00:00,-,국회도서관,-,-,-,제1유형,저작물,보호저작물,○,상업적이용가능,○,○,○,○,○,○,○,-,2080-05-10 00:00:00,-,-
,3460,어문,간행물,국회도서관,국회기록보존소,국회간행물,최신 법률 소식(제29호),-,2010-06-10 00:00:00,1,미부착 ,제1유형,무,-,최신 법률 소식(제29호),-,어문,문서,-,법률,한국어,-,2010-06-10 00:00:00,-,국회도서관,-,-,-,제1유형,저작물,보호저작물,○,상업적이용가능,○,○,○,○,○,○,○,-,2080-06-10 00:00:00,-,-
,3461,어문,간행물,국회도서관,국회기록보존소,국회간행물,최신 법률 소식(제2호),-,2008-03-10 00:00:00,1,미부착 ,제1유형,무,-,최신 법률 소식(제2호),-,어문,문서,-,법률,한국어,-,2008-03-10 00:00:00,-,국회도서관,-,-,-,제1유형,저작물,보호저작물,○,상업적이용가능,○,○,○,○,○,○,○,-,2078-03-10 00:00:00,-,-
,3462,어문,간행물,국회도서관,국회기록보존소,국회간행물,최신 법률 소식(제30호),-,2010-07-10 00:00:00,1,미부착 ,제1유형,무,-,최신 법률 소식(제30호),-,어문,문서,-,법률,한국어,-,2010-07-10 00:00:00,-,국회도서관,-,-,-,제1유형,저작물,보호저작물,○,상업적이용가능,○,○,○,○,○,○,○,-,2080-07-10 00:00:00,-,-
,3463,어문,간행물,국회도서관,국회기록보존소,국회간행물,최신 법률 소식(제31호),-,2010-08-10 00:00:00,1,미부착 ,제1유형,무,-,최신 법률 소식(제31호),-,어문,문서,-,법률,한국어,-,2010-08-10 00:00:00,-,국회도서관,-,-,-,제1유형,저작물,보호저작물,○,상업적이용가능,○,○,○,○,○,○,○,-,2080-08-10 00:00:00,-,-
,3464,어문,간행물,국회도서관,국회기록보존소,국회간행물,최신 법률 소식(제32호),-,2010-09-10 00:00:00,1,미부착 ,제1유형,무,-,최신 법률 소식(제32호),-,어문,문서,-,법률,한국어,-,2010-09-10 00:00:00,-,국회도서관,-,-,-,제1유형,저작물,보호저작물,○,상업적이용가능,○,○,○,○,○,○,○,-,2080-09-10 00:00:00,-,-
,3465,어문,간행물,국회도서관,국회기록보존소,국회간행물,최신 법률 소식(제33호),-,2010-10-10 00:00:00,1,미부착 ,제1유형,무,-,최신 법률 소식(제33호),-,어문,문서,-,법률,한국어,-,2010-10-10 00:00:00,-,국회도서관,-,-,-,제1유형,저작물,보호저작물,○,상업적이용가능,○,○,○,○,○,○,○,-,2080-10-10 00:00:00,-,-
,3466,어문,간행물,국회도서관,국회기록보존소,국회간행물,최신 법률 소식(제34호),-,2010-12-10 00:00:00,1,미부착 ,제1유형,무,-,최신 법률 소식(제34호),-,어문,문서,-,법률,한국어,-,2010-12-10 00:00:00,-,국회도서관,-,-,-,제1유형,저작물,보호저작물,○,상업적이용가능,○,○,○,○,○,○,○,-,2080-12-10 00:00:00,-,-
,3467,어문,간행물,국회도서관,국회기록보존소,국회간행물,최신 법률 소식(제35호),-,2011-02-10 00:00:00,1,미부착 ,제1유형,무,-,최신 법률 소식(제35호),-,어문,문서,-,법률,한국어,-,2011-02-10 00:00:00,-,국회도서관,-,-,-,제1유형,저작물,보호저작물,○,상업적이용가능,○,○,○,○,○,○,○,-,2081-02-10 00:00:00,-,-
,3468,어문,간행물,국회도서관,국회기록보존소,국회간행물,최신 법률 소식(제36호),-,2011-03-10 00:00:00,1,미부착 ,제1유형,무,-,최신 법률 소식(제36호),-,어문,문서,-,법률,한국어,-,2011-03-10 00:00:00,-,국회도서관,-,-,-,제1유형,저작물,보호저작물,○,상업적이용가능,○,○,○,○,○,○,○,-,2081-03-10 00:00:00,-,-
,3469,어문,간행물,국회도서관,국회기록보존소,국회간행물,최신 법률 소식(제37호),-,2011-04-10 00:00:00,1,미부착 ,제1유형,무,-,최신 법률 소식(제37호),-,어문,문서,-,법률,한국어,-,2011-04-10 00:00:00,-,국회도서관,-,-,-,제1유형,저작물,보호저작물,○,상업적이용가능,○,○,○,○,○,○,○,-,2081-04-10 00:00:00,-,-
,3470,어문,간행물,국회도서관,국회기록보존소,국회간행물,최신 법률 소식(제38호),-,2011-05-25 00:00:00,1,미부착 ,제1유형,무,-,최신 법률 소식(제38호),-,어문,문서,-,법률,한국어,-,2011-05-25 00:00:00,-,국회도서관,-,-,-,제1유형,저작물,보호저작물,○,상업적이용가능,○,○,○,○,○,○,○,-,2081-05-25 00:00:00,-,-
,3471,어문,간행물,국회도서관,국회기록보존소,국회간행물,최신 법률 소식(제39호),-,2011-06-25 00:00:00,1,미부착 ,제1유형,무,-,최신 법률 소식(제39호),-,어문,문서,-,법률,한국어,-,2011-06-25 00:00:00,-,국회도서관,-,-,-,제1유형,저작물,보호저작물,○,상업적이용가능,○,○,○,○,○,○,○,-,2081-06-25 00:00:00,-,-
,3472,어문,간행물,국회도서관,국회기록보존소,국회간행물,최신 법률 소식(제3호),-,2008-04-10 00:00:00,1,미부착 ,제1유형,무,-,최신 법률 소식(제3호),-,어문,문서,-,법률,한국어,-,2008-04-10 00:00:00,-,국회도서관,-,-,-,제1유형,저작물,보호저작물,○,상업적이용가능,○,○,○,○,○,○,○,-,2078-04-10 00:00:00,-,-
,3473,어문,간행물,국회도서관,국회기록보존소,국회간행물,최신 법률 소식(제40호),-,2011-07-25 00:00:00,1,미부착 ,제1유형,무,-,최신 법률 소식(제40호),-,어문,문서,-,법률,한국어,-,2011-07-25 00:00:00,-,국회도서관,-,-,-,제1유형,저작물,보호저작물,○,상업적이용가능,○,○,○,○,○,○,○,-,2081-07-25 00:00:00,-,-
,3474,어문,간행물,국회도서관,국회기록보존소,국회간행물,최신 법률 소식(제41호),-,2011-08-24 00:00:00,1,미부착 ,제1유형,무,-,최신 법률 소식(제41호),-,어문,문서,-,법률,한국어,-,2011-08-24 00:00:00,-,국회도서관,-,-,-,제1유형,저작물,보호저작물,○,상업적이용가능,○,○,○,○,○,○,○,-,2081-08-24 00:00:00,-,-
,3475,어문,간행물,국회도서관,국회기록보존소,국회간행물,최신 법률 소식(제42호),-,2011-09-25 00:00:00,1,미부착 ,제1유형,무,-,최신 법률 소식(제42호),-,어문,문서,-,법률,한국어,-,2011-09-25 00:00:00,-,국회도서관,-,-,-,제1유형,저작물,보호저작물,○,상업적이용가능,○,○,○,○,○,○,○,-,2081-09-25 00:00:00,-,-
,3476,어문,간행물,국회도서관,국회기록보존소,국회간행물,최신 법률 소식(제43호),-,2011-10-25 00:00:00,1,미부착 ,제1유형,무,-,최신 법률 소식(제43호),-,어문,문서,-,법률,한국어,-,2011-10-25 00:00:00,-,국회도서관,-,-,-,제1유형,저작물,보호저작물,○,상업적이용가능,○,○,○,○,○,○,○,-,2081-10-25 00:00:00,-,-
,3477,어문,간행물,국회도서관,국회기록보존소,국회간행물,최신 법률 소식(제44호),-,2011-11-25 00:00:00,1,미부착 ,제1유형,무,-,최신 법률 소식(제44호),-,어문,문서,-,법률,한국어,-,2011-11-25 00:00:00,-,국회도서관,-,-,-,제1유형,저작물,보호저작물,○,상업적이용가능,○,○,○,○,○,○,○,-,2081-11-25 00:00:00,-,-
,3478,어문,간행물,국회도서관,국회기록보존소,국회간행물,최신 법률 소식(제45호),-,2011-12-10 00:00:00,1,미부착 ,제1유형,무,-,최신 법률 소식(제45호),-,어문,문서,-,법률,한국어,-,2011-12-10 00:00:00,-,국회도서관,-,-,-,제1유형,저작물,보호저작물,○,상업적이용가능,○,○,○,○,○,○,○,-,2081-12-10 00:00:00,-,-
,3479,어문,간행물,국회도서관,국회기록보존소,국회간행물,최신 법률 소식(제4호),-,2008-05-10 00:00:00,1,미부착 ,제1유형,무,-,최신 법률 소식(제4호),-,어문,문서,-,법률,한국어,-,2008-05-10 00:00:00,-,국회도서관,-,-,-,제1유형,저작물,보호저작물,○,상업적이용가능,○,○,○,○,○,○,○,-,2078-05-10 00:00:00,-,-
,3480,어문,간행물,국회도서관,국회기록보존소,국회간행물,최신 법률 소식(제5호),-,2008-06-10 00:00:00,1,미부착 ,제1유형,무,-,최신 법률 소식(제5호),-,어문,문서,-,법률,한국어,-,2008-06-10 00:00:00,-,국회도서관,-,-,-,제1유형,저작물,보호저작물,○,상업적이용가능,○,○,○,○,○,○,○,-,2078-06-10 00:00:00,-,-
,3481,어문,간행물,국회도서관,국회기록보존소,국회간행물,최신 법률 소식(제6호),-,2008-07-10 00:00:00,1,미부착 ,제1유형,무,-,최신 법률 소식(제6호),-,어문,문서,-,법률,한국어,-,2008-07-10 00:00:00,-,국회도서관,-,-,-,제1유형,저작물,보호저작물,○,상업적이용가능,○,○,○,○,○,○,○,-,2078-07-10 00:00:00,-,-
,3482,어문,간행물,국회도서관,국회기록보존소,국회간행물,최신 법률 소식(제7호),-,2008-08-10 00:00:00,1,미부착 ,제1유형,무,-,최신 법률 소식(제7호),-,어문,문서,-,법률,한국어,-,2008-08-10 00:00:00,-,국회도서관,-,-,-,제1유형,저작물,보호저작물,○,상업적이용가능,○,○,○,○,○,○,○,-,2078-08-10 00:00:00,-,-
,3483,어문,간행물,국회도서관,국회기록보존소,국회간행물,최신 법률 소식(제8호),-,2008-09-10 00:00:00,1,미부착 ,제1유형,무,-,최신 법률 소식(제8호),-,어문,문서,-,법률,한국어,-,2008-09-10 00:00:00,-,국회도서관,-,-,-,제1유형,저작물,보호저작물,○,상업적이용가능,○,○,○,○,○,○,○,-,2078-09-10 00:00:00,-,-
,3484,어문,간행물,국회도서관,국회기록보존소,국회간행물,최신 법률 소식(제9호),-,2008-10-10 00:00:00,1,미부착 ,제1유형,무,-,최신 법률 소식(제9호),-,어문,문서,-,법률,한국어,-,2008-10-10 00:00:00,-,국회도서관,-,-,-,제1유형,저작물,보호저작물,○,상업적이용가능,○,○,○,○,○,○,○,-,2078-10-10 00:00:00,-,-
,3485,어문,간행물,국회도서관,국회기록보존소,국회간행물,최신 외국법률 소식 제11호(2006.4.1~4.30),-,2006-05-01 00:00:00,1,미부착 ,제1유형,무,-,최신 외국법률 소식 제11호(2006.4.1~4.30),-,어문,문서,-,법률,한국어,-,2006-05-01 00:00:00,-,국회도서관,-,-,-,제1유형,저작물,보호저작물,○,상업적이용가능,○,○,○,○,○,○,○,-,2076-05-01 00:00:00,-,-
,3486,어문,간행물,국회도서관,국회기록보존소,국회간행물,최신 외국법률 소식 제12호(2006.5.1~5.31),-,2006-06-01 00:00:00,1,미부착 ,제1유형,무,-,최신 외국법률 소식 제12호(2006.5.1~5.31),-,어문,문서,-,법률,한국어,-,2006-06-01 00:00:00,-,국회도서관,-,-,-,제1유형,저작물,보호저작물,○,상업적이용가능,○,○,○,○,○,○,○,-,2076-06-01 00:00:00,-,-
,3487,어문,간행물,국회도서관,국회기록보존소,국회간행물,최신 외국법률 소식 제13호(2006.6.1~6.30),-,2006-07-01 00:00:00,1,미부착 ,제1유형,무,-,최신 외국법률 소식 제13호(2006.6.1~6.30),-,어문,문서,-,법률,한국어,-,2006-07-01 00:00:00,-,국회도서관,-,-,-,제1유형,저작물,보호저작물,○,상업적이용가능,○,○,○,○,○,○,○,-,2076-07-01 00:00:00,-,-
,3488,어문,간행물,국회도서관,국회기록보존소,국회간행물,최신 외국법률 소식 제14호(2006.7.1~7.31),-,2006-08-01 00:00:00,1,미부착 ,제1유형,무,-,최신 외국법률 소식 제14호(2006.7.1~7.31),-,어문,문서,-,법률,한국어,-,2006-08-01 00:00:00,-,국회도서관,-,-,-,제1유형,저작물,보호저작물,○,상업적이용가능,○,○,○,○,○,○,○,-,2076-08-01 00:00:00,-,-
,3489,어문,간행물,국회도서관,국회기록보존소,국회간행물,최신 외국법률 소식 제15호(2006.8.1~8.31),-,2006-09-01 00:00:00,1,미부착 ,제1유형,무,-,최신 외국법률 소식 제15호(2006.8.1~8.31),-,어문,문서,-,법률,한국어,-,2006-09-01 00:00:00,-,국회도서관,-,-,-,제1유형,저작물,보호저작물,○,상업적이용가능,○,○,○,○,○,○,○,-,2076-09-01 00:00:00,-,-
,3490,어문,간행물,국회도서관,국회기록보존소,국회간행물,최신 외국법률 소식 제16호(2006.9.1~9.30),-,2006-10-01 00:00:00,1,미부착 ,제1유형,무,-,최신 외국법률 소식 제16호(2006.9.1~9.30),-,어문,문서,-,법률,한국어,-,2006-10-01 00:00:00,-,국회도서관,-,-,-,제1유형,저작물,보호저작물,○,상업적이용가능,○,○,○,○,○,○,○,-,2076-10-01 00:00:00,-,-
,3491,어문,간행물,국회도서관,국회기록보존소,국회간행물,최신 외국법률 소식 제17호(2006.10.1~10.31),-,2006-11-01 00:00:00,1,미부착 ,제1유형,무,-,최신 외국법률 소식 제17호(2006.10.1~10.31),-,어문,문서,-,법률,한국어,-,2006-11-01 00:00:00,-,국회도서관,-,-,-,제1유형,저작물,보호저작물,○,상업적이용가능,○,○,○,○,○,○,○,-,2076-11-01 00:00:00,-,-
,3492,어문,간행물,국회도서관,국회기록보존소,국회간행물,최신 외국법률 소식 제18호(2006.11.1~11.30),-,2006-12-01 00:00:00,1,미부착 ,제1유형,무,-,최신 외국법률 소식 제18호(2006.11.1~11.30),-,어문,문서,-,법률,한국어,-,2006-12-01 00:00:00,-,국회도서관,-,-,-,제1유형,저작물,보호저작물,○,상업적이용가능,○,○,○,○,○,○,○,-,2076-12-01 00:00:00,-,-
,3493,어문,간행물,국회도서관,국회기록보존소,국회간행물,최신 외국법률 소식 제19호(2006.12.1~12.31),-,2007-01-02 00:00:00,1,미부착 ,제1유형,무,-,최신 외국법률 소식 제19호(2006.12.1~12.31),-,어문,문서,-,법률,한국어,-,2007-01-02 00:00:00,-,국회도서관,-,-,-,제1유형,저작물,보호저작물,○,상업적이용가능,○,○,○,○,○,○,○,-,2077-01-02 00:00:00,-,-
,3494,어문,간행물,국회도서관,국회기록보존소,국회간행물,최신 외국법률 소식 제20호(2007.1.2~1.31),-,2007-02-01 00:00:00,1,미부착 ,제1유형,무,-,최신 외국법률 소식 제20호(2007.1.2~1.31),-,어문,문서,-,법률,한국어,-,2007-02-01 00:00:00,-,국회도서관,-,-,-,제1유형,저작물,보호저작물,○,상업적이용가능,○,○,○,○,○,○,○,-,2077-02-01 00:00:00,-,-
,3495,어문,간행물,국회도서관,국회기록보존소,국회간행물,최신 외국법률 소식 제21호(2007.2.1~2.28),-,2007-03-01 00:00:00,1,미부착 ,제1유형,무,-,최신 외국법률 소식 제21호(2007.2.1~2.28),-,어문,문서,-,법률,한국어,-,2007-03-01 00:00:00,-,국회도서관,-,-,-,제1유형,저작물,보호저작물,○,상업적이용가능,○,○,○,○,○,○,○,-,2077-03-01 00:00:00,-,-
,3496,어문,간행물,국회도서관,국회기록보존소,국회간행물,최신 외국법률 소식 제22호(2007.3.1~3.31),-,2007-04-01 00:00:00,1,미부착 ,제1유형,무,-,최신 외국법률 소식 제22호(2007.3.1~3.31),-,어문,문서,-,법률,한국어,-,2007-04-01 00:00:00,-,국회도서관,-,-,-,제1유형,저작물,보호저작물,○,상업적이용가능,○,○,○,○,○,○,○,-,2077-04-01 00:00:00,-,-
,3497,어문,간행물,국회도서관,국회기록보존소,국회간행물,최신 외국법률 소식 제23호(2007.4.1~4.30),-,2007-05-01 00:00:00,1,미부착 ,제1유형,무,-,최신 외국법률 소식 제23호(2007.4.1~4.30),-,어문,문서,-,법률,한국어,-,2007-05-01 00:00:00,-,국회도서관,-,-,-,제1유형,저작물,보호저작물,○,상업적이용가능,○,○,○,○,○,○,○,-,2077-05-01 00:00:00,-,-
,3498,어문,간행물,국회도서관,국회기록보존소,국회간행물,최신 외국법률 소식 제24호(2007.5.1~5.31),-,2007-06-01 00:00:00,1,미부착 ,제1유형,무,-,최신 외국법률 소식 제24호(2007.5.1~5.31),-,어문,문서,-,법률,한국어,-,2007-06-01 00:00:00,-,국회도서관,-,-,-,제1유형,저작물,보호저작물,○,상업적이용가능,○,○,○,○,○,○,○,-,2077-06-01 00:00:00,-,-
,3499,어문,간행물,국회도서관,국회기록보존소,국회간행물,최신 외국법률 소식 제2호(2005.7.1~7.31),-,2005-08-01 00:00:00,1,미부착 ,제1유형,무,-,최신 외국법률 소식 제2호(2005.7.1~7.31),-,어문,문서,-,법률,한국어,-,2005-08-01 00:00:00,-,국회도서관,-,-,-,제1유형,저작물,보호저작물,○,상업적이용가능,○,○,○,○,○,○,○,-,2075-08-01 00:00:00,-,-
,3500,어문,간행물,국회도서관,국회기록보존소,국회간행물,최신 외국법률 소식 제3호(2005.8.1~8.31),-,2005-09-01 00:00:00,1,미부착 ,제1유형,무,-,최신 외국법률 소식 제3호(2005.8.1~8.31),-,어문,문서,-,법률,한국어,-,2005-09-01 00:00:00,-,국회도서관,-,-,-,제1유형,저작물,보호저작물,○,상업적이용가능,○,○,○,○,○,○,○,-,2075-09-01 00:00:00,-,-
,3501,어문,간행물,국회도서관,국회기록보존소,국회간행물,최신 외국법률 소식 제4호(2005.9.1~9.30),-,2005-10-04 00:00:00,1,미부착 ,제1유형,무,-,최신 외국법률 소식 제4호(2005.9.1~9.30),-,어문,문서,-,법률,한국어,-,2005-10-04 00:00:00,-,국회도서관,-,-,-,제1유형,저작물,보호저작물,○,상업적이용가능,○,○,○,○,○,○,○,-,2075-10-04 00:00:00,-,-
,3502,어문,간행물,국회도서관,국회기록보존소,국회간행물,최신 외국법률 소식 제5호(2005.10.1~10.31),-,2005-11-01 00:00:00,1,미부착 ,제1유형,무,-,최신 외국법률 소식 제5호(2005.10.1~10.31),-,어문,문서,-,법률,한국어,-,2005-11-01 00:00:00,-,국회도서관,-,-,-,제1유형,저작물,보호저작물,○,상업적이용가능,○,○,○,○,○,○,○,-,2075-11-01 00:00:00,-,-
,3503,어문,간행물,국회도서관,국회기록보존소,국회간행물,최신 외국법률 소식 제6호(2005.11.1~11.30),-,2005-12-01 00:00:00,1,미부착 ,제1유형,무,-,최신 외국법률 소식 제6호(2005.11.1~11.30),-,어문,문서,-,법률,한국어,-,2005-12-01 00:00:00,-,국회도서관,-,-,-,제1유형,저작물,보호저작물,○,상업적이용가능,○,○,○,○,○,○,○,-,2075-12-01 00:00:00,-,-
,3504,어문,간행물,국회도서관,국회기록보존소,국회간행물,최신 외국법률 소식 제7호(2005.12.1~12.31),-,2006-01-02 00:00:00,1,미부착 ,제1유형,무,-,최신 외국법률 소식 제7호(2005.12.1~12.31),-,어문,문서,-,법률,한국어,-,2006-01-02 00:00:00,-,국회도서관,-,-,-,제1유형,저작물,보호저작물,○,상업적이용가능,○,○,○,○,○,○,○,-,2076-01-02 00:00:00,-,-
,3505,어문,간행물,국회도서관,국회기록보존소,국회간행물,최신 외국법률 소식 제8호(2006.1.1~1.31),-,2006-02-01 00:00:00,1,미부착 ,제1유형,무,-,최신 외국법률 소식 제8호(2006.1.1~1.31),-,어문,문서,-,법률,한국어,-,2006-02-01 00:00:00,-,국회도서관,-,-,-,제1유형,저작물,보호저작물,○,상업적이용가능,○,○,○,○,○,○,○,-,2076-02-01 00:00:00,-,-
,3506,어문,간행물,국회도서관,국회기록보존소,국회간행물,최신 외국법률 소식 제9호(2006.2.1~2.28),-,2006-03-01 00:00:00,1,미부착 ,제1유형,무,-,최신 외국법률 소식 제9호(2006.2.1~2.28),-,어문,문서,-,법률,한국어,-,2006-03-01 00:00:00,-,국회도서관,-,-,-,제1유형,저작물,보호저작물,○,상업적이용가능,○,○,○,○,○,○,○,-,2076-03-01 00:00:00,-,-
,3507,어문,간행물,국회도서관,국회기록보존소,국회간행물,최신 주요 정책정보(2016.제1호),-,2016-02-25 00:00:00,1,미부착 ,제1유형,무,-,최신 주요 정책정보(2016.제1호),-,어문,문서,-,법률,한국어,-,2016-02-25 00:00:00,-,국회도서관,-,-,-,제1유형,저작물,보호저작물,○,상업적이용가능,○,○,○,○,○,○,○,-,2086-02-25 00:00:00,-,-
,3508,어문,간행물,국회도서관,국회기록보존소,국회간행물,최신 주요 정책정보(2016.제2호),-,2016-04-25 00:00:00,1,미부착 ,제1유형,무,-,최신 주요 정책정보(2016.제2호),-,어문,문서,-,법률,한국어,-,2016-04-25 00:00:00,-,국회도서관,-,-,-,제1유형,저작물,보호저작물,○,상업적이용가능,○,○,○,○,○,○,○,-,2086-04-25 00:00:00,-,-
,3509,어문,간행물,국회도서관,국회기록보존소,국회간행물,최신 주요 정책정보(2016.제3호),-,2016-06-25 00:00:00,1,미부착 ,제1유형,무,-,최신 주요 정책정보(2016.제3호),-,어문,문서,-,법률,한국어,-,2016-06-25 00:00:00,-,국회도서관,-,-,-,제1유형,저작물,보호저작물,○,상업적이용가능,○,○,○,○,○,○,○,-,2086-06-25 00:00:00,-,-
,3510,어문,간행물,국회도서관,국회기록보존소,국회간행물,최신 주요 정책정보(2016.제4호),-,2016-08-25 00:00:00,1,미부착 ,제1유형,무,-,최신 주요 정책정보(2016.제4호),-,어문,문서,-,법률,한국어,-,2016-08-25 00:00:00,-,국회도서관,-,-,-,제1유형,저작물,보호저작물,○,상업적이용가능,○,○,○,○,○,○,○,-,2086-08-25 00:00:00,-,-
,3511,어문,간행물,국회도서관,국회기록보존소,국회간행물,최신 주요 정책정보(2016.제5호),-,2016-10-25 00:00:00,1,미부착 ,제1유형,무,-,최신 주요 정책정보(2016.제5호),-,어문,문서,-,법률,한국어,-,2016-10-25 00:00:00,-,국회도서관,-,-,-,제1유형,저작물,보호저작물,○,상업적이용가능,○,○,○,○,○,○,○,-,2086-10-25 00:00:00,-,-
,3512,어문,간행물,국회도서관,국회기록보존소,국회간행물,최신 주요 정책정보(2016.제6호),-,2016-12-25 00:00:00,1,미부착 ,제1유형,무,-,최신 주요 정책정보(2016.제6호),-,어문,문서,-,법률,한국어,-,2016-12-25 00:00:00,-,국회도서관,-,-,-,제1유형,저작물,보호저작물,○,상업적이용가능,○,○,○,○,○,○,○,-,2086-12-25 00:00:00,-,-
,3513,어문,간행물,국회도서관,국회기록보존소,국회간행물,최신 주요 정책정보(2017.제1호),-,2017-02-25 00:00:00,1,미부착 ,제1유형,무,-,최신 주요 정책정보(2017.제1호),-,어문,문서,-,법률,한국어,-,2017-02-25 00:00:00,-,국회도서관,-,-,-,제1유형,저작물,보호저작물,○,상업적이용가능,○,○,○,○,○,○,○,-,2087-02-25 00:00:00,-,-
,3514,어문,간행물,국회도서관,국회기록보존소,국회간행물,최신 주요 정책정보(2017.제2호),-,2017-04-20 00:00:00,1,미부착 ,제1유형,무,-,최신 주요 정책정보(2017.제2호),-,어문,문서,-,법률,한국어,-,2017-04-20 00:00:00,-,국회도서관,-,-,-,제1유형,저작물,보호저작물,○,상업적이용가능,○,○,○,○,○,○,○,-,2087-04-20 00:00:00,-,-
,3515,어문,간행물,국회도서관,국회기록보존소,국회간행물,최신 주요 정책정보(2017.제3호),-,2017-06-20 00:00:00,1,미부착 ,제1유형,무,-,최신 주요 정책정보(2017.제3호),-,어문,문서,-,법률,한국어,-,2017-06-20 00:00:00,-,국회도서관,-,-,-,제1유형,저작물,보호저작물,○,상업적이용가능,○,○,○,○,○,○,○,-,2087-06-20 00:00:00,-,-
,3516,어문,간행물,국회도서관,국회기록보존소,국회간행물,최신 주요 정책정보(2017.제4호),-,2017-08-20 00:00:00,1,미부착 ,제1유형,무,-,최신 주요 정책정보(2017.제4호),-,어문,문서,-,법률,한국어,-,2017-08-20 00:00:00,-,국회도서관,-,-,-,제1유형,저작물,보호저작물,○,상업적이용가능,○,○,○,○,○,○,○,-,2087-08-20 00:00:00,-,-
,3517,어문,간행물,국회도서관,국회기록보존소,국회간행물,최신 주요 정책정보(2017.제5호),-,2017-10-20 00:00:00,1,미부착 ,제1유형,무,-,최신 주요 정책정보(2017.제5호),-,어문,문서,-,법률,한국어,-,2017-10-20 00:00:00,-,국회도서관,-,-,-,제1유형,저작물,보호저작물,○,상업적이용가능,○,○,○,○,○,○,○,-,2087-10-20 00:00:00,-,-
,3518,어문,간행물,국회도서관,국회기록보존소,국회간행물,최신 주요 정책정보(2017.제6호),-,2017-12-20 00:00:00,1,미부착 ,제1유형,무,-,최신 주요 정책정보(2017.제6호),-,어문,문서,-,법률,한국어,-,2017-12-20 00:00:00,-,국회도서관,-,-,-,제1유형,저작물,보호저작물,○,상업적이용가능,○,○,○,○,○,○,○,-,2087-12-20 00:00:00,-,-
,3519,어문,간행물,국회도서관,국회기록보존소,국회간행물,최신 주요 정책정보(2018.제1호),-,2018-02-28 00:00:00,1,미부착 ,제1유형,무,-,최신 주요 정책정보(2018.제1호),-,어문,문서,-,법률,한국어,-,2018-02-28 00:00:00,-,국회도서관,-,-,-,제1유형,저작물,보호저작물,○,상업적이용가능,○,○,○,○,○,○,○,-,2088-02-28 00:00:00,-,-
,3520,어문,간행물,국회도서관,국회기록보존소,국회간행물,최신 주요 정책정보(제41호),-,2014-02-25 00:00:00,1,미부착 ,제1유형,무,-,최신 주요 정책정보(제41호),-,어문,문서,-,법률,한국어,-,2014-02-25 00:00:00,-,국회도서관,-,-,-,제1유형,저작물,보호저작물,○,상업적이용가능,○,○,○,○,○,○,○,-,2084-02-25 00:00:00,-,-
,3521,어문,간행물,국회도서관,국회기록보존소,국회간행물,최신 주요 정책정보(제42호),-,2014-04-25 00:00:00,1,미부착 ,제1유형,무,-,최신 주요 정책정보(제42호),-,어문,문서,-,법률,한국어,-,2014-04-25 00:00:00,-,국회도서관,-,-,-,제1유형,저작물,보호저작물,○,상업적이용가능,○,○,○,○,○,○,○,-,2084-04-25 00:00:00,-,-
,3522,어문,간행물,국회도서관,국회기록보존소,국회간행물,최신 주요 정책정보(제43호),-,2014-06-25 00:00:00,1,미부착 ,제1유형,무,-,최신 주요 정책정보(제43호),-,어문,문서,-,법률,한국어,-,2014-06-25 00:00:00,-,국회도서관,-,-,-,제1유형,저작물,보호저작물,○,상업적이용가능,○,○,○,○,○,○,○,-,2084-06-25 00:00:00,-,-
,3523,어문,간행물,국회도서관,국회기록보존소,국회간행물,최신 주요 정책정보(제44호),-,2014-08-25 00:00:00,1,미부착 ,제1유형,무,-,최신 주요 정책정보(제44호),-,어문,문서,-,법률,한국어,-,2014-08-25 00:00:00,-,국회도서관,-,-,-,제1유형,저작물,보호저작물,○,상업적이용가능,○,○,○,○,○,○,○,-,2084-08-25 00:00:00,-,-
,3524,어문,간행물,국회도서관,국회기록보존소,국회간행물,최신 주요 정책정보(제45호),-,2014-10-25 00:00:00,1,미부착 ,제1유형,무,-,최신 주요 정책정보(제45호),-,어문,문서,-,법률,한국어,-,2014-10-25 00:00:00,-,국회도서관,-,-,-,제1유형,저작물,보호저작물,○,상업적이용가능,○,○,○,○,○,○,○,-,2084-10-25 00:00:00,-,-
,3525,어문,간행물,국회도서관,국회기록보존소,국회간행물,최신 주요 정책정보(제46호),-,2014-12-25 00:00:00,1,미부착 ,제1유형,무,-,최신 주요 정책정보(제46호),-,어문,문서,-,법률,한국어,-,2014-12-25 00:00:00,-,국회도서관,-,-,-,제1유형,저작물,보호저작물,○,상업적이용가능,○,○,○,○,○,○,○,-,2084-12-25 00:00:00,-,-
,3526,어문,간행물,국회도서관,국회기록보존소,국회간행물,최신 주요 정책정보(제47호),-,2015-02-25 00:00:00,1,미부착 ,제1유형,무,-,최신 주요 정책정보(제47호),-,어문,문서,-,법률,한국어,-,2015-02-25 00:00:00,-,국회도서관,-,-,-,제1유형,저작물,보호저작물,○,상업적이용가능,○,○,○,○,○,○,○,-,2085-02-25 00:00:00,-,-
,3527,어문,간행물,국회도서관,국회기록보존소,국회간행물,최신 주요 정책정보(제48호),-,2015-04-25 00:00:00,1,미부착 ,제1유형,무,-,최신 주요 정책정보(제48호),-,어문,문서,-,법률,한국어,-,2015-04-25 00:00:00,-,국회도서관,-,-,-,제1유형,저작물,보호저작물,○,상업적이용가능,○,○,○,○,○,○,○,-,2085-04-25 00:00:00,-,-
,3528,어문,간행물,국회도서관,국회기록보존소,국회간행물,최신 주요 정책정보(제49호),-,2015-06-25 00:00:00,1,미부착 ,제1유형,무,-,최신 주요 정책정보(제49호),-,어문,문서,-,법률,한국어,-,2015-06-25 00:00:00,-,국회도서관,-,-,-,제1유형,저작물,보호저작물,○,상업적이용가능,○,○,○,○,○,○,○,-,2085-06-25 00:00:00,-,-
,3529,어문,간행물,국회도서관,국회기록보존소,국회간행물,최신 주요 정책정보(제50호),-,2015-08-25 00:00:00,1,미부착 ,제1유형,무,-,최신 주요 정책정보(제50호),-,어문,문서,-,법률,한국어,-,2015-08-25 00:00:00,-,국회도서관,-,-,-,제1유형,저작물,보호저작물,○,상업적이용가능,○,○,○,○,○,○,○,-,2085-08-25 00:00:00,-,-
,3530,어문,간행물,국회도서관,국회기록보존소,국회간행물,최신 주요 정책정보(제51호),-,2015-10-25 00:00:00,1,미부착 ,제1유형,무,-,최신 주요 정책정보(제51호),-,어문,문서,-,법률,한국어,-,2015-10-25 00:00:00,-,국회도서관,-,-,-,제1유형,저작물,보호저작물,○,상업적이용가능,○,○,○,○,○,○,○,-,2085-10-25 00:00:00,-,-
,3531,어문,간행물,국회도서관,국회기록보존소,국회간행물,최신 주요 정책정보(제52호),-,2015-12-25 00:00:00,1,미부착 ,제1유형,무,-,최신 주요 정책정보(제52호),-,어문,문서,-,법률,한국어,-,2015-12-25 00:00:00,-,국회도서관,-,-,-,제1유형,저작물,보호저작물,○,상업적이용가능,○,○,○,○,○,○,○,-,2085-12-25 00:00:00,-,-
,3532,어문,간행물,국회도서관,국회기록보존소,국회간행물,택배서비스 및 소화물배송대행서비스 산업 지원법 제정,-,2021-04-06 00:00:00,1,미부착 ,제1유형,무,-,택배서비스 및 소화물배송대행서비스 산업 지원법 제정,-,어문,문서,-,법률,한국어,-,2021-04-06 00:00:00,-,국회도서관,-,-,-,제1유형,저작물,보호저작물,○,상업적이용가능,○,○,○,○,○,○,○,-,2091-04-06 00:00:00,-,-
,3533,어문,간행물,국회도서관,국회기록보존소,국회간행물,현안관련 외국입법례: 5G시대에 필요한 사이버보안 법률 정비,-,2018-12-26 00:00:00,1,미부착 ,제1유형,무,-,현안관련 외국입법례: 5G시대에 필요한 사이버보안 법률 정비,-,어문,문서,-,법률,한국어,-,2018-12-26 00:00:00,-,국회도서관,-,-,-,제1유형,저작물,보호저작물,○,상업적이용가능,○,○,○,○,○,○,○,-,2088-12-26 00:00:00,-,-
,3534,어문,간행물,국회도서관,국회기록보존소,국회간행물,현안관련 외국입법례: 가명정보 등 비식별정보 법제화,-,2018-05-17 00:00:00,1,미부착 ,제1유형,무,-,현안관련 외국입법례: 가명정보 등 비식별정보 법제화,-,어문,문서,-,법률,한국어,-,2018-05-17 00:00:00,-,국회도서관,-,-,-,제1유형,저작물,보호저작물,○,상업적이용가능,○,○,○,○,○,○,○,-,2088-05-17 00:00:00,-,-
,3535,어문,간행물,국회도서관,국회기록보존소,국회간행물,현안관련 외국입법례: 가사 서비스 근로자 권리보호 법제화,-,2018-09-20 00:00:00,1,미부착 ,제1유형,무,-,현안관련 외국입법례: 가사 서비스 근로자 권리보호 법제화,-,어문,문서,-,법률,한국어,-,2018-09-20 00:00:00,-,국회도서관,-,-,-,제1유형,저작물,보호저작물,○,상업적이용가능,○,○,○,○,○,○,○,-,2088-09-20 00:00:00,-,-
,3536,어문,간행물,국회도서관,국회기록보존소,국회간행물,현안관련 외국입법례: 개인형 이동수단의 안전운행을 위한 법적 개선방안,-,2018-10-05 00:00:00,1,미부착 ,제1유형,무,-,현안관련 외국입법례: 개인형 이동수단의 안전운행을 위한 법적 개선방안,-,어문,문서,-,법률,한국어,-,2018-10-05 00:00:00,-,국회도서관,-,-,-,제1유형,저작물,보호저작물,○,상업적이용가능,○,○,○,○,○,○,○,-,2088-10-05 00:00:00,-,-
,3537,어문,간행물,국회도서관,국회기록보존소,국회간행물,현안관련 외국입법례: 고령운전자의 안전운전 강화,-,2018-04-04 00:00:00,1,미부착 ,제1유형,무,-,현안관련 외국입법례: 고령운전자의 안전운전 강화,-,어문,문서,-,법률,한국어,-,2018-04-04 00:00:00,-,국회도서관,-,-,-,제1유형,저작물,보호저작물,○,상업적이용가능,○,○,○,○,○,○,○,-,2088-04-04 00:00:00,-,-
,3538,어문,간행물,국회도서관,국회기록보존소,국회간행물,현안관련 외국입법례: 민간기업 여성임원할당제 도입,-,2018-10-25 00:00:00,1,미부착 ,제1유형,무,-,현안관련 외국입법례: 민간기업 여성임원할당제 도입,-,어문,문서,-,법률,한국어,-,2018-10-25 00:00:00,-,국회도서관,-,-,-,제1유형,저작물,보호저작물,○,상업적이용가능,○,○,○,○,○,○,○,-,2088-10-25 00:00:00,-,-
,3539,어문,간행물,국회도서관,국회기록보존소,국회간행물,현안관련 외국입법례: 비사업용 소형 드론 등록제 도입,-,2018-06-14 00:00:00,1,미부착 ,제1유형,무,-,현안관련 외국입법례: 비사업용 소형 드론 등록제 도입,-,어문,문서,-,법률,한국어,-,2018-06-14 00:00:00,-,국회도서관,-,-,-,제1유형,저작물,보호저작물,○,상업적이용가능,○,○,○,○,○,○,○,-,2088-06-14 00:00:00,-,-
,3540,어문,간행물,국회도서관,국회기록보존소,국회간행물,현안관련 외국입법례: 비양육 부모로부터의 양육비 지급 이행확보 방안 마련,-,2018-10-11 00:00:00,1,미부착 ,제1유형,무,-,현안관련 외국입법례: 비양육 부모로부터의 양육비 지급 이행확보 방안 마련,-,어문,문서,-,법률,한국어,-,2018-10-11 00:00:00,-,국회도서관,-,-,-,제1유형,저작물,보호저작물,○,상업적이용가능,○,○,○,○,○,○,○,-,2088-10-11 00:00:00,-,-
,3541,어문,간행물,국회도서관,국회기록보존소,국회간행물,현안관련 외국입법례: 사회적 비용 절감을 위한 동전 사용 축소 근거마련,-,2018-11-29 00:00:00,1,미부착 ,제1유형,무,-,현안관련 외국입법례: 사회적 비용 절감을 위한 동전 사용 축소 근거마련,-,어문,문서,-,법률,한국어,-,2018-11-29 00:00:00,-,국회도서관,-,-,-,제1유형,저작물,보호저작물,○,상업적이용가능,○,○,○,○,○,○,○,-,2088-11-29 00:00:00,-,-
,3542,어문,간행물,국회도서관,국회기록보존소,국회간행물,현안관련 외국입법례: 소비자 집단소송제 확대,-,2018-04-04 00:00:00,1,미부착 ,제1유형,무,-,현안관련 외국입법례: 소비자 집단소송제 확대,-,어문,문서,-,법률,한국어,-,2018-04-04 00:00:00,-,국회도서관,-,-,-,제1유형,저작물,보호저작물,○,상업적이용가능,○,○,○,○,○,○,○,-,2088-04-04 00:00:00,-,-
,3543,어문,간행물,국회도서관,국회기록보존소,국회간행물,현안관련 외국입법례: 양심적 병역거부자에 대한 대체복무수단 마련,-,2018-07-26 00:00:00,1,미부착 ,제1유형,무,-,현안관련 외국입법례: 양심적 병역거부자에 대한 대체복무수단 마련,-,어문,문서,-,법률,한국어,-,2018-07-26 00:00:00,-,국회도서관,-,-,-,제1유형,저작물,보호저작물,○,상업적이용가능,○,○,○,○,○,○,○,-,2088-07-26 00:00:00,-,-
,3544,어문,간행물,국회도서관,국회기록보존소,국회간행물,현안관련 외국입법례: 어린이통학차량 갇힘 사고 예방대책 마련,-,2018-08-01 00:00:00,1,미부착 ,제1유형,무,-,현안관련 외국입법례: 어린이통학차량 갇힘 사고 예방대책 마련,-,어문,문서,-,법률,한국어,-,2018-08-01 00:00:00,-,국회도서관,-,-,-,제1유형,저작물,보호저작물,○,상업적이용가능,○,○,○,○,○,○,○,-,2088-08-01 00:00:00,-,-
,3545,어문,간행물,국회도서관,국회기록보존소,국회간행물,현안관련 외국입법례: 영업비밀 침해에 대한 손해배상 규정 강화,-,2018-11-08 00:00:00,1,미부착 ,제1유형,무,-,현안관련 외국입법례: 영업비밀 침해에 대한 손해배상 규정 강화,-,어문,문서,-,법률,한국어,-,2018-11-08 00:00:00,-,국회도서관,-,-,-,제1유형,저작물,보호저작물,○,상업적이용가능,○,○,○,○,○,○,○,-,2088-11-08 00:00:00,-,-
,3546,어문,간행물,국회도서관,국회기록보존소,국회간행물,현안관련 외국입법례: 옥외 근로자 폭염 안전 대책 마련,-,2018-08-23 00:00:00,1,미부착 ,제1유형,무,-,현안관련 외국입법례: 옥외 근로자 폭염 안전 대책 마련,-,어문,문서,-,법률,한국어,-,2018-08-23 00:00:00,-,국회도서관,-,-,-,제1유형,저작물,보호저작물,○,상업적이용가능,○,○,○,○,○,○,○,-,2088-08-23 00:00:00,-,-
,3547,어문,간행물,국회도서관,국회기록보존소,국회간행물,현안관련 외국입법례: 외국인 노동자·난민 등에 대한 혐오발언 금지 근거 마련,-,2018-12-26 00:00:00,1,미부착 ,제1유형,무,-,현안관련 외국입법례: 외국인 노동자·난민 등에 대한 혐오발언 금지 근거 마련,-,어문,문서,-,법률,한국어,-,2018-12-26 00:00:00,-,국회도서관,-,-,-,제1유형,저작물,보호저작물,○,상업적이용가능,○,○,○,○,○,○,○,-,2088-12-26 00:00:00,-,-
,3548,어문,간행물,국회도서관,국회기록보존소,국회간행물,현안관련 외국입법례: 의료시설 내 폭력예방 법제 도입,-,2018-12-06 00:00:00,1,미부착 ,제1유형,무,-,현안관련 외국입법례: 의료시설 내 폭력예방 법제 도입,-,어문,문서,-,법률,한국어,-,2018-12-06 00:00:00,-,국회도서관,-,-,-,제1유형,저작물,보호저작물,○,상업적이용가능,○,○,○,○,○,○,○,-,2088-12-06 00:00:00,-,-
,3549,어문,간행물,국회도서관,국회기록보존소,국회간행물,현안관련 외국입법례: 인공지능 저작물의 보호 규정 마련,-,2018-07-05 00:00:00,1,미부착 ,제1유형,무,-,현안관련 외국입법례: 인공지능 저작물의 보호 규정 마련,-,어문,문서,-,법률,한국어,-,2018-07-05 00:00:00,-,국회도서관,-,-,-,제1유형,저작물,보호저작물,○,상업적이용가능,○,○,○,○,○,○,○,-,2088-07-05 00:00:00,-,-
,3550,어문,간행물,국회도서관,국회기록보존소,국회간행물,현안관련 외국입법례: 전기자동차 경고음 발생장치 의무화,-,2018-05-02 00:00:00,1,미부착 ,제1유형,무,-,현안관련 외국입법례: 전기자동차 경고음 발생장치 의무화,-,어문,문서,-,법률,한국어,-,2018-05-02 00:00:00,-,국회도서관,-,-,-,제1유형,저작물,보호저작물,○,상업적이용가능,○,○,○,○,○,○,○,-,2088-05-02 00:00:00,-,-
,3551,어문,간행물,국회도서관,국회기록보존소,국회간행물,현안관련 외국입법례: 전기자동차 폐배터리 재활용 방안 강구,-,2018-07-12 00:00:00,1,미부착 ,제1유형,무,-,현안관련 외국입법례: 전기자동차 폐배터리 재활용 방안 강구,-,어문,문서,-,법률,한국어,-,2018-07-12 00:00:00,-,국회도서관,-,-,-,제1유형,저작물,보호저작물,○,상업적이용가능,○,○,○,○,○,○,○,-,2088-07-12 00:00:00,-,-
,3552,어문,간행물,국회도서관,국회기록보존소,국회간행물,현안관련 외국입법례: 중대법규 위반 금융기관 임원 금융권 재취업금지명령제 도입,-,2018-09-06 00:00:00,1,미부착 ,제1유형,무,-,현안관련 외국입법례: 중대법규 위반 금융기관 임원 금융권 재취업금지명령제 도입,-,어문,문서,-,법률,한국어,-,2018-09-06 00:00:00,-,국회도서관,-,-,-,제1유형,저작물,보호저작물,○,상업적이용가능,○,○,○,○,○,○,○,-,2088-09-06 00:00:00,-,-
,3553,어문,간행물,국회도서관,국회기록보존소,국회간행물,현안관련 외국입법례: 특허 침해에 대한 손해배상 규정 강화,-,2018-11-01 00:00:00,1,미부착 ,제1유형,무,-,현안관련 외국입법례: 특허 침해에 대한 손해배상 규정 강화,-,어문,문서,-,법률,한국어,-,2018-11-01 00:00:00,-,국회도서관,-,-,-,제1유형,저작물,보호저작물,○,상업적이용가능,○,○,○,○,○,○,○,-,2088-11-01 00:00:00,-,-
,3554,어문,간행물,국회도서관,국회기록보존소,국회간행물,현안관련 외국입법례: '풍등(風燈)'관리 강화방안 도입,-,2018-11-07 00:00:00,1,미부착 ,제1유형,무,-,현안관련 외국입법례: '풍등(風燈)'관리 강화방안 도입,-,어문,문서,-,법률,한국어,-,2018-11-07 00:00:00,-,국회도서관,-,-,-,제1유형,저작물,보호저작물,○,상업적이용가능,○,○,○,○,○,○,○,-,2088-11-07 00:00:00,-,-
,3555,어문,간행물,국회도서관,국회기록보존소,국회간행물,현안입법 알리기: 복수국적자의 예외적 국적 이탈 허가규정 등 신설,-,2022-10-04 00:00:00,1,미부착 ,제1유형,유,-,현안입법 알리기: 복수국적자의 예외적 국적 이탈 허가규정 등 신설,-,어문,문서,-,법률,한국어,-,2022-10-04 00:00:00,-,국회도서관,-,-,-,제1유형,저작물,보호저작물,○,상업적이용가능,○,○,○,○,○,○,○,-,2092-10-04 00:00:00,-,-
,3556,어문,간행물,국회도서관,국회기록보존소,국회간행물,현안입법 알리기: 사립대학 교원 당연퇴직사유 확대,-,2022-12-27 00:00:00,1,미부착 ,제1유형,유,-,현안입법 알리기: 사립대학 교원 당연퇴직사유 확대,-,어문,문서,-,법률,한국어,-,2022-12-27 00:00:00,-,국회도서관,-,-,-,제1유형,저작물,보호저작물,○,상업적이용가능,○,○,○,○,○,○,○,-,2092-12-27 00:00:00,-,-
,3557,어문,간행물,국회도서관,국회기록보존소,국회간행물,현안입법 알리기: 에너지이용 소외계층 관련 법적 근거 마련,-,2022-11-01 00:00:00,1,미부착 ,제1유형,유,-,현안입법 알리기: 에너지이용 소외계층 관련 법적 근거 마련,-,어문,문서,-,법률,한국어,-,2022-11-01 00:00:00,-,국회도서관,-,-,-,제1유형,저작물,보호저작물,○,상업적이용가능,○,○,○,○,○,○,○,-,2092-11-01 00:00:00,-,-
,3558,어문,간행물,국회도서관,국회기록보존소,국회간행물,현안입법 알리기: 인구감소지역 지원의 법적근거 마련,-,2022-08-16 00:00:00,1,미부착 ,제1유형,유,-,현안입법 알리기: 인구감소지역 지원의 법적근거 마련,-,어문,문서,-,법률,한국어,-,2022-08-16 00:00:00,-,국회도서관,-,-,-,제1유형,저작물,보호저작물,○,상업적이용가능,○,○,○,○,○,○,○,-,2092-08-16 00:00:00,-,-
,3559,어문,간행물,국회도서관,국회기록보존소,국회간행물,현안입법 알리기: 잔류성오염물질 관리 강화 방안,-,2022-09-06 00:00:00,1,미부착 ,제1유형,유,-,현안입법 알리기: 잔류성오염물질 관리 강화 방안,-,어문,문서,-,법률,한국어,-,2022-09-06 00:00:00,-,국회도서관,-,-,-,제1유형,저작물,보호저작물,○,상업적이용가능,○,○,○,○,○,○,○,-,2092-09-06 00:00:00,-,-
,3560,어문,간행물,국회도서관,국회기록보존소,국회간행물,현안입법 알리기: 장애인 소방안전교육·훈련 및 자체소방대 설치 근거 신설,-,2022-11-22 00:00:00,1,미부착 ,제1유형,유,-,현안입법 알리기: 장애인 소방안전교육·훈련 및 자체소방대 설치 근거 신설,-,어문,문서,-,법률,한국어,-,2022-11-22 00:00:00,-,국회도서관,-,-,-,제1유형,저작물,보호저작물,○,상업적이용가능,○,○,○,○,○,○,○,-,2092-11-22 00:00:00,-,-
,3561,어문,간행물,국회도서관,국회기록보존소,국회간행물,현안입법 알리기: 종합부동산세 산정기준 완화,-,2022-09-27 00:00:00,1,미부착 ,제1유형,유,-,현안입법 알리기: 종합부동산세 산정기준 완화,-,어문,문서,-,법률,한국어,-,2022-09-27 00:00:00,-,국회도서관,-,-,-,제1유형,저작물,보호저작물,○,상업적이용가능,○,○,○,○,○,○,○,-,2092-09-27 00:00:00,-,-
,3562,어문,간행물,국회도서관,국회기록보존소,국회간행물,현안입법 알리기: 주민투표 활성화 방안 마련,-,2022-06-07 00:00:00,1,미부착 ,제1유형,유,-,현안입법 알리기: 주민투표 활성화 방안 마련,-,어문,문서,-,법률,한국어,-,2022-06-07 00:00:00,-,국회도서관,-,-,-,제1유형,저작물,보호저작물,○,상업적이용가능,○,○,○,○,○,○,○,-,2092-06-07 00:00:00,-,-
,3563,어문,보고서,국회도서관,국회법률도서관,home>발간물>최신외국입법정보,독일의 민주시민교육 지원 입법례,-,2024-07-09 00:00:00,1,미부착 ,제1유형,유,-,독일의 민주시민교육 지원 입법례,-,어문,문서,-,법률,한국어,-,2024-07-09 00:00:00,-,국회도서관,-,-,-,제1유형,저작물,보호저작물,○,상업적이용가능,○,○,○,○,○,○,○,-,2094-07-09 00:00:00,-,-
,3564,어문,보고서,국회도서관,국회법률도서관,home>발간물>최신외국입법정보,영국의 디지털시장 규제법,-,2024-06-25 00:00:00,1,미부착 ,제1유형,유,-,영국의 디지털시장 규제법,-,어문,문서,-,법률,한국어,-,2024-06-25 00:00:00,-,국회도서관,-,-,-,제1유형,저작물,보호저작물,○,상업적이용가능,○,○,○,○,○,○,○,-,2094-06-25 00:00:00,-,-
,3565,어문,보고서,국회도서관,국회법률도서관,home>발간물>최신외국입법정보,프랑스의 빈집세 관련 입법례,-,2024-06-11 00:00:00,1,미부착 ,제1유형,유,-,프랑스의 빈집세 관련 입법례,-,어문,문서,-,법률,한국어,-,2024-06-11 00:00:00,-,국회도서관,-,-,-,제1유형,저작물,보호저작물,○,상업적이용가능,○,○,○,○,○,○,○,-,2094-06-11 00:00:00,-,-
,3566,어문,보고서,국회도서관,국회법률도서관,home>발간물>최신외국입법정보,주요국 법률정보 가이드북,-,2024-05-27 00:00:00,1,미부착 ,제1유형,유,-,주요국 법률정보 가이드북,-,어문,문서,-,법률,한국어,-,2024-05-27 00:00:00,-,국회도서관,-,-,-,제1유형,저작물,보호저작물,○,상업적이용가능,○,○,○,○,○,○,○,-,2094-05-27 00:00:00,-,-
,3567,어문,보고서,국회도서관,국회법률도서관,home>발간물>최신외국입법정보,오스트리아의 동물호텔 등 동물위탁관리시설 관련 입법례,-,2024-05-21 00:00:00,1,미부착 ,제1유형,유,-,오스트리아의 동물호텔 등 동물위탁관리시설 관련 입법례,-,어문,문서,-,법률,한국어,-,2024-05-21 00:00:00,-,국회도서관,-,-,-,제1유형,저작물,보호저작물,○,상업적이용가능,○,○,○,○,○,○,○,-,2094-05-21 00:00:00,-,-
,3568,어문,보고서,국회도서관,국회법률도서관,home>발간물>최신외국입법정보,미국의 외국인 가사근로자 권리보장 입법례,-,2024-05-14 00:00:00,1,미부착 ,제1유형,유,-,미국의 외국인 가사근로자 권리보장 입법례,-,어문,문서,-,법률,한국어,-,2024-05-14 00:00:00,-,국회도서관,-,-,-,제1유형,저작물,보호저작물,○,상업적이용가능,○,○,○,○,○,○,○,-,2094-05-14 00:00:00,-,-
,3569,어문,보고서,국회도서관,국회법률도서관,home>발간물>최신외국입법정보,아일랜드의 일·가정 양립을 위한 입법례,-,2024-04-30 00:00:00,1,미부착 ,제1유형,유,-,아일랜드의 일·가정 양립을 위한 입법례,-,어문,문서,-,법률,한국어,-,2024-04-30 00:00:00,-,국회도서관,-,-,-,제1유형,저작물,보호저작물,○,상업적이용가능,○,○,○,○,○,○,○,-,2094-04-30 00:00:00,-,-
,3570,어문,보고서,국회도서관,국회법률도서관,home>발간물>최신외국입법정보,규제중심의 유럽연합 인공지능법(EU AI Act),-,2024-04-16 00:00:00,1,미부착 ,제1유형,유,-,규제중심의 유럽연합 인공지능법(EU AI Act),-,어문,문서,-,법률,한국어,-,2024-04-16 00:00:00,-,국회도서관,-,-,-,제1유형,저작물,보호저작물,○,상업적이용가능,○,○,○,○,○,○,○,-,2094-04-16 00:00:00,-,-
,3571,어문,보고서,국회도서관,국회법률도서관,home>발간물>최신외국입법정보,미국의 중산층을 위한 사회주택 공급 입법례,-,2024-04-02 00:00:00,1,미부착 ,제1유형,유,-,미국의 중산층을 위한 사회주택 공급 입법례,-,어문,문서,-,법률,한국어,-,2024-04-02 00:00:00,-,국회도서관,-,-,-,제1유형,저작물,보호저작물,○,상업적이용가능,○,○,○,○,○,○,○,-,2094-04-02 00:00:00,-,-
,3572,어문,보고서,국회도서관,국회법률도서관,home>발간물>최신외국입법정보,프랑스의 등록 동거혼 관련 입법례,-,2024-03-12 00:00:00,1,미부착 ,제1유형,유,-,프랑스의 등록 동거혼 관련 입법례,-,어문,문서,-,법률,한국어,-,2024-03-12 00:00:00,-,국회도서관,-,-,-,제1유형,저작물,보호저작물,○,상업적이용가능,○,○,○,○,○,○,○,-,2094-03-12 00:00:00,-,-
,3573,어문,보고서,국회도서관,국회법률도서관,home>발간물>최신외국입법정보,일본의 경제안보를 위한 공급망 입법례,-,2024-02-27 00:00:00,1,미부착 ,제1유형,유,-,일본의 경제안보를 위한 공급망 입법례,-,어문,문서,-,법률,한국어,-,2024-02-27 00:00:00,-,국회도서관,-,-,-,제1유형,저작물,보호저작물,○,상업적이용가능,○,○,○,○,○,○,○,-,2094-02-27 00:00:00,-,-
,3574,어문,보고서,국회도서관,국회법률도서관,home>발간물>최신외국입법정보,주요국의 온라인 허위조작정보 대응 입법례,-,2023-12-12 00:00:00,1,미부착 ,제1유형,유,-,주요국의 온라인 허위조작정보 대응 입법례,-,어문,문서,-,법률,한국어,-,2023-12-12 00:00:00,-,국회도서관,-,-,-,제1유형,저작물,보호저작물,○,상업적이용가능,○,○,○,○,○,○,○,-,2093-12-12 00:00:00,-,-
,3575,어문,보고서,국회도서관,국회법률도서관,home>발간물>최신외국입법정보,프랑스의 고독사 예방을 위한 세대 간 동거계약 입법례,-,2023-11-28 00:00:00,1,미부착 ,제1유형,유,-,프랑스의 고독사 예방을 위한 세대 간 동거계약 입법례,-,어문,문서,-,법률,한국어,-,2023-11-28 00:00:00,-,국회도서관,-,-,-,제1유형,저작물,보호저작물,○,상업적이용가능,○,○,○,○,○,○,○,-,2093-11-28 00:00:00,-,-
,3576,어문,보고서,국회도서관,국회법률도서관,home>발간물>최신외국입법정보,미국의 대중국 투자규제 입법례,-,2023-11-21 00:00:00,1,미부착 ,제1유형,유,-,미국의 대중국 투자규제 입법례,-,어문,문서,-,법률,한국어,-,2023-11-21 00:00:00,-,국회도서관,-,-,-,제1유형,저작물,보호저작물,○,상업적이용가능,○,○,○,○,○,○,○,-,2093-11-21 00:00:00,-,-
,3577,어문,보고서,국회도서관,국회법률도서관,home>발간물>최신외국입법정보,독일의 소음지도 관련 입법례,-,2023-11-14 00:00:00,1,미부착 ,제1유형,유,-,독일의 소음지도 관련 입법례,-,어문,문서,-,법률,한국어,-,2023-11-14 00:00:00,-,국회도서관,-,-,-,제1유형,저작물,보호저작물,○,상업적이용가능,○,○,○,○,○,○,○,-,2093-11-14 00:00:00,-,-
,3578,어문,보고서,국회도서관,국회법률도서관,home>발간물>최신외국입법정보,유럽연합(EU)의 「반도체법(Chips Act)」,-,2023-10-31 00:00:00,1,미부착 ,제1유형,유,-,유럽연합(EU)의 「반도체법(Chips Act)」,-,어문,문서,-,법률,한국어,-,2023-10-31 00:00:00,-,국회도서관,-,-,-,제1유형,저작물,보호저작물,○,상업적이용가능,○,○,○,○,○,○,○,-,2093-10-31 00:00:00,-,-
,3579,어문,보고서,국회도서관,국회법률도서관,home>발간물>최신외국입법정보,미국의 ‘자립준비청년’ 지원 입법례,-,2023-10-24 00:00:00,1,미부착 ,제1유형,유,-,미국의 ‘자립준비청년’ 지원 입법례,-,어문,문서,-,법률,한국어,-,2023-10-24 00:00:00,-,국회도서관,-,-,-,제1유형,저작물,보호저작물,○,상업적이용가능,○,○,○,○,○,○,○,-,2093-10-24 00:00:00,-,-
,3580,어문,보고서,국회도서관,국회법률도서관,home>발간물>최신외국입법정보,미국의 온라인 콘텐츠 규제 입법동향,-,2023-09-26 00:00:00,1,미부착 ,제1유형,유,-,미국의 온라인 콘텐츠 규제 입법동향,-,어문,문서,-,법률,한국어,-,2023-09-26 00:00:00,-,국회도서관,-,-,-,제1유형,저작물,보호저작물,○,상업적이용가능,○,○,○,○,○,○,○,-,2093-09-26 00:00:00,-,-
,3581,어문,보고서,국회도서관,국회법률도서관,home>발간물>최신외국입법정보,일본의 프리랜서(특정수탁사업자) 보호 입법례,-,2023-09-19 00:00:00,1,미부착 ,제1유형,유,-,일본의 프리랜서(특정수탁사업자) 보호 입법례,-,어문,문서,-,법률,한국어,-,2023-09-19 00:00:00,-,국회도서관,-,-,-,제1유형,저작물,보호저작물,○,상업적이용가능,○,○,○,○,○,○,○,-,2093-09-19 00:00:00,-,-
,3582,어문,보고서,국회도서관,국회법률도서관,home>발간물>최신외국입법정보,내부고발자 보호 강화를 위한 독일 입법례,-,2023-09-05 00:00:00,1,미부착 ,제1유형,유,-,내부고발자 보호 강화를 위한 독일 입법례,-,어문,문서,-,법률,한국어,-,2023-09-05 00:00:00,-,국회도서관,-,-,-,제1유형,저작물,보호저작물,○,상업적이용가능,○,○,○,○,○,○,○,-,2093-09-05 00:00:00,-,-
,3583,어문,보고서,국회도서관,국회법률도서관,home>발간물>최신외국입법정보,유럽연합(EU)의 방위산업강화 관련 입법례,-,2023-08-29 00:00:00,1,미부착 ,제1유형,유,-,유럽연합(EU)의 방위산업강화 관련 입법례,-,어문,문서,-,법률,한국어,-,2023-08-29 00:00:00,-,국회도서관,-,-,-,제1유형,저작물,보호저작물,○,상업적이용가능,○,○,○,○,○,○,○,-,2093-08-29 00:00:00,-,-
,3584,어문,보고서,국회도서관,국회법률도서관,home>발간물>최신외국입법정보,미국의 교사 교육활동 보호 입법례,-,2023-08-22 00:00:00,1,미부착 ,제1유형,유,-,미국의 교사 교육활동 보호 입법례,-,어문,문서,-,법률,한국어,-,2023-08-22 00:00:00,-,국회도서관,-,-,-,제1유형,저작물,보호저작물,○,상업적이용가능,○,○,○,○,○,○,○,-,2093-08-22 00:00:00,-,-
,3585,어문,보고서,국회도서관,국회법률도서관,home>발간물>최신외국입법정보,친환경 전환을 위한 프랑스 ‘녹색산업법(안)’,-,2023-07-25 00:00:00,1,미부착 ,제1유형,유,-,친환경 전환을 위한 프랑스 ‘녹색산업법(안)’,-,어문,문서,-,법률,한국어,-,2023-07-25 00:00:00,-,국회도서관,-,-,-,제1유형,저작물,보호저작물,○,상업적이용가능,○,○,○,○,○,○,○,-,2093-07-25 00:00:00,-,-
,3586,어문,보고서,국회도서관,국회법률도서관,home>발간물>최신외국입법정보,미국의 학교기반 청소년 정신건강교육 입법례,-,2023-07-18 00:00:00,1,미부착 ,제1유형,유,-,미국의 학교기반 청소년 정신건강교육 입법례,-,어문,문서,-,법률,한국어,-,2023-07-18 00:00:00,-,국회도서관,-,-,-,제1유형,저작물,보호저작물,○,상업적이용가능,○,○,○,○,○,○,○,-,2093-07-18 00:00:00,-,-
,3587,어문,보고서,국회도서관,국회법률도서관,home>발간물>최신외국입법정보,일본의 불법체류 외국인 관리 입법례,-,2023-07-04 00:00:00,1,미부착 ,제1유형,유,-,일본의 불법체류 외국인 관리 입법례,-,어문,문서,-,법률,한국어,-,2023-07-04 00:00:00,-,국회도서관,-,-,-,제1유형,저작물,보호저작물,○,상업적이용가능,○,○,○,○,○,○,○,-,2093-07-04 00:00:00,-,-
,3588,어문,보고서,국회도서관,국회법률도서관,home>발간물>최신외국입법정보,주요국의 산업기술 해외유출 방지 입법례,-,2023-06-20 00:00:00,1,미부착 ,제1유형,유,-,주요국의 산업기술 해외유출 방지 입법례,-,어문,문서,-,법률,한국어,-,2023-06-20 00:00:00,-,국회도서관,-,-,-,제1유형,저작물,보호저작물,○,상업적이용가능,○,○,○,○,○,○,○,-,2093-06-20 00:00:00,-,-
,3589,어문,보고서,국회도서관,국회법률도서관,home>발간물>최신외국입법정보,프랑스의 이민정책 관련 입법례,-,2023-05-30 00:00:00,1,미부착 ,제1유형,유,-,프랑스의 이민정책 관련 입법례,-,어문,문서,-,법률,한국어,-,2023-05-30 00:00:00,-,국회도서관,-,-,-,제1유형,저작물,보호저작물,○,상업적이용가능,○,○,○,○,○,○,○,-,2093-05-30 00:00:00,-,-
,3590,어문,보고서,국회도서관,국회법률도서관,home>발간물>최신외국입법정보,독일의 49유로 교통티켓 관련 입법례,-,2023-05-16 00:00:00,1,미부착 ,제1유형,유,-,독일의 49유로 교통티켓 관련 입법례,-,어문,문서,-,법률,한국어,-,2023-05-16 00:00:00,-,국회도서관,-,-,-,제1유형,저작물,보호저작물,○,상업적이용가능,○,○,○,○,○,○,○,-,2093-05-16 00:00:00,-,-
,3591,어문,보고서,국회도서관,국회법률도서관,home>발간물>최신외국입법정보,가정폭력·스토킹 등 범죄피해 임차인의 주거권 보호를 위한 미국의 입법례,-,2023-04-25 00:00:00,1,미부착 ,제1유형,유,-,가정폭력·스토킹 등 범죄피해 임차인의 주거권 보호를 위한 미국의 입법례,-,어문,문서,-,법률,한국어,-,2023-04-25 00:00:00,-,국회도서관,-,-,-,제1유형,저작물,보호저작물,○,상업적이용가능,○,○,○,○,○,○,○,-,2093-04-25 00:00:00,-,-
,3592,어문,보고서,국회도서관,국회법률도서관,home>발간물>최신외국입법정보,유럽연합(EU) 데이터 전략 관련 입법례,-,2023-04-11 00:00:00,1,미부착 ,제1유형,유,-,유럽연합(EU) 데이터 전략 관련 입법례,-,어문,문서,-,법률,한국어,-,2023-04-11 00:00:00,-,국회도서관,-,-,-,제1유형,저작물,보호저작물,○,상업적이용가능,○,○,○,○,○,○,○,-,2093-04-11 00:00:00,-,-
,3593,어문,보고서,국회도서관,국회법률도서관,home>발간물>최신외국입법정보,리걸테크 관련 독일의 법률서비스법(RDG) 입법례,-,2023-04-04 00:00:00,1,미부착 ,제1유형,유,-,리걸테크 관련 독일의 법률서비스법(RDG) 입법례,-,어문,문서,-,법률,한국어,-,2023-04-04 00:00:00,-,국회도서관,-,-,-,제1유형,저작물,보호저작물,○,상업적이용가능,○,○,○,○,○,○,○,-,2093-04-04 00:00:00,-,-
,3594,어문,보고서,국회도서관,국회법률도서관,home>발간물>최신외국입법정보,미국의 재난지원 관련 입법례,-,2023-03-28 00:00:00,1,미부착 ,제1유형,유,-,미국의 재난지원 관련 입법례,-,어문,문서,-,법률,한국어,-,2023-03-28 00:00:00,-,국회도서관,-,-,-,제1유형,저작물,보호저작물,○,상업적이용가능,○,○,○,○,○,○,○,-,2093-03-28 00:00:00,-,-
,3595,어문,보고서,국회도서관,국회법률도서관,home>발간물>최신외국입법정보,독일의 난방비 지원 관련 입법례,-,2023-03-21 00:00:00,1,미부착 ,제1유형,유,-,독일의 난방비 지원 관련 입법례,-,어문,문서,-,법률,한국어,-,2023-03-21 00:00:00,-,국회도서관,-,-,-,제1유형,저작물,보호저작물,○,상업적이용가능,○,○,○,○,○,○,○,-,2093-03-21 00:00:00,-,-
,3596,어문,보고서,국회도서관,국회법률도서관,home>발간물>최신외국입법정보,미국의 ‘국가핵심역량수호법(안)’,-,2023-03-07 00:00:00,1,미부착 ,제1유형,유,-,미국의 ‘국가핵심역량수호법(안)’,-,어문,문서,-,법률,한국어,-,2023-03-07 00:00:00,-,국회도서관,-,-,-,제1유형,저작물,보호저작물,○,상업적이용가능,○,○,○,○,○,○,○,-,2093-03-07 00:00:00,-,-
,3597,어문,보고서,국회도서관,국회법률도서관,home>발간물>최신외국입법정보,일본의 온라인 플랫폼 소비자 보호 입법례,-,2023-02-21 00:00:00,1,미부착 ,제1유형,유,-,일본의 온라인 플랫폼 소비자 보호 입법례,-,어문,문서,-,법률,한국어,-,2023-02-21 00:00:00,-,국회도서관,-,-,-,제1유형,저작물,보호저작물,○,상업적이용가능,○,○,○,○,○,○,○,-,2093-02-21 00:00:00,-,-
,3598,어문,보고서,국회도서관,국회법률도서관,home>발간물>최신외국입법정보,독일의 사회적 주거공간지원법,-,2023-02-07 00:00:00,1,미부착 ,제1유형,유,-,독일의 사회적 주거공간지원법,-,어문,문서,-,법률,한국어,-,2023-02-07 00:00:00,-,국회도서관,-,-,-,제1유형,저작물,보호저작물,○,상업적이용가능,○,○,○,○,○,○,○,-,2093-02-07 00:00:00,-,-
,3599,어문,보고서,국회도서관,국회법률도서관,home>발간물>최신외국입법정보,미국의 AI 채용절차 공정화 입법례,-,2023-01-31 00:00:00,1,미부착 ,제1유형,유,-,미국의 AI 채용절차 공정화 입법례,-,어문,문서,-,법률,한국어,-,2023-01-31 00:00:00,-,국회도서관,-,-,-,제1유형,저작물,보호저작물,○,상업적이용가능,○,○,○,○,○,○,○,-,2093-01-31 00:00:00,-,-
,3600,어문,보고서,국회도서관,국회법률도서관,home>발간물>최신외국입법정보,유럽연합(EU) 기후변화대응에 관한 입법례,-,2022-12-27 00:00:00,1,미부착 ,제1유형,유,-,유럽연합(EU) 기후변화대응에 관한 입법례,-,어문,문서,-,법률,한국어,-,2022-12-27 00:00:00,-,국회도서관,-,-,-,제1유형,저작물,보호저작물,○,상업적이용가능,○,○,○,○,○,○,○,-,2092-12-27 00:00:00,-,-
,3601,어문,보고서,국회도서관,국회법률도서관,home>발간물>최신외국입법정보,영국의 ‘디지털시장 경쟁과 소비자법(안)’,-,2022-12-06 00:00:00,1,미부착 ,제1유형,유,-,영국의 ‘디지털시장 경쟁과 소비자법(안)’,-,어문,문서,-,법률,한국어,-,2022-12-06 00:00:00,-,국회도서관,-,-,-,제1유형,저작물,보호저작물,○,상업적이용가능,○,○,○,○,○,○,○,-,2092-12-06 00:00:00,-,-
,3602,어문,보고서,국회도서관,국회법률도서관,home>발간물>최신외국입법정보,임금 투명성 관련 미국 입법례,-,2022-11-29 00:00:00,1,미부착 ,제1유형,유,-,임금 투명성 관련 미국 입법례,-,어문,문서,-,법률,한국어,-,2022-11-29 00:00:00,-,국회도서관,-,-,-,제1유형,저작물,보호저작물,○,상업적이용가능,○,○,○,○,○,○,○,-,2092-11-29 00:00:00,-,-
,3603,어문,보고서,국회도서관,국회법률도서관,home>발간물>최신외국입법정보,독일의 산업재해 예방 관련 입법례,-,2022-11-22 00:00:00,1,미부착 ,제1유형,유,-,독일의 산업재해 예방 관련 입법례,-,어문,문서,-,법률,한국어,-,2022-11-22 00:00:00,-,국회도서관,-,-,-,제1유형,저작물,보호저작물,○,상업적이용가능,○,○,○,○,○,○,○,-,2092-11-22 00:00:00,-,-
,3604,어문,보고서,국회도서관,국회법률도서관,home>발간물>최신외국입법정보,프랑스의 우주폐기물 감축 입법례,-,2022-11-08 00:00:00,1,미부착 ,제1유형,유,-,프랑스의 우주폐기물 감축 입법례,-,어문,문서,-,법률,한국어,-,2022-11-08 00:00:00,-,국회도서관,-,-,-,제1유형,저작물,보호저작물,○,상업적이용가능,○,○,○,○,○,○,○,-,2092-11-08 00:00:00,-,-
,3605,어문,보고서,국회도서관,국회법률도서관,home>발간물>최신외국입법정보,독일과 일본의 자율주행 레벨4 관련 입법례,-,2022-11-01 00:00:00,1,미부착 ,제1유형,유,-,독일과 일본의 자율주행 레벨4 관련 입법례,-,어문,문서,-,법률,한국어,-,2022-11-01 00:00:00,-,국회도서관,-,-,-,제1유형,저작물,보호저작물,○,상업적이용가능,○,○,○,○,○,○,○,-,2092-11-01 00:00:00,-,-
,3606,어문,보고서,국회도서관,국회법률도서관,home>발간물>최신외국입법정보,흡연율 감소를 위한 주요국 입법동향,-,2022-10-18 00:00:00,1,미부착 ,제1유형,유,-,흡연율 감소를 위한 주요국 입법동향,-,어문,문서,-,법률,한국어,-,2022-10-18 00:00:00,-,국회도서관,-,-,-,제1유형,저작물,보호저작물,○,상업적이용가능,○,○,○,○,○,○,○,-,2092-10-18 00:00:00,-,-
,3607,어문,보고서,국회도서관,국회법률도서관,home>발간물>최신외국입법정보,EU ‘디지털서비스법(안)’ 입법 동향,-,2022-09-27 00:00:00,1,미부착 ,제1유형,유,-,EU ‘디지털서비스법(안)’ 입법 동향,-,어문,문서,-,법률,한국어,-,2022-09-27 00:00:00,-,국회도서관,-,-,-,제1유형,저작물,보호저작물,○,상업적이용가능,○,○,○,○,○,○,○,-,2092-09-27 00:00:00,-,-
,3608,어문,보고서,국회도서관,국회법률도서관,home>발간물>최신외국입법정보,일본의 소유자불명토지 이용에 관한 입법례,-,2022-09-20 00:00:00,1,미부착 ,제1유형,유,-,일본의 소유자불명토지 이용에 관한 입법례,-,어문,문서,-,법률,한국어,-,2022-09-20 00:00:00,-,국회도서관,-,-,-,제1유형,저작물,보호저작물,○,상업적이용가능,○,○,○,○,○,○,○,-,2092-09-20 00:00:00,-,-
,3609,어문,보고서,국회도서관,국회법률도서관,home>발간물>최신외국입법정보,영국의 노동조합 쟁의행위에 대한 손해배상 입법례,-,2022-09-06 00:00:00,1,미부착 ,제1유형,유,-,영국의 노동조합 쟁의행위에 대한 손해배상 입법례,-,어문,문서,-,법률,한국어,-,2022-09-06 00:00:00,-,국회도서관,-,-,-,제1유형,저작물,보호저작물,○,상업적이용가능,○,○,○,○,○,○,○,-,2092-09-06 00:00:00,-,-
,3610,어문,보고서,국회도서관,국회법률도서관,home>발간물>최신외국입법정보,의사조력사망 제도 관련 해외 입법례,-,2022-08-30 00:00:00,1,미부착 ,제1유형,유,-,의사조력사망 제도 관련 해외 입법례,-,어문,문서,-,법률,한국어,-,2022-08-30 00:00:00,-,국회도서관,-,-,-,제1유형,저작물,보호저작물,○,상업적이용가능,○,○,○,○,○,○,○,-,2092-08-30 00:00:00,-,-
,3611,어문,보고서,국회도서관,국회법률도서관,home>발간물>최신외국입법정보,미국 사이버보안 인력 양성 입법례,-,2022-08-23 00:00:00,1,미부착 ,제1유형,유,-,미국 사이버보안 인력 양성 입법례,-,어문,문서,-,법률,한국어,-,2022-08-23 00:00:00,-,국회도서관,-,-,-,제1유형,저작물,보호저작물,○,상업적이용가능,○,○,○,○,○,○,○,-,2092-08-23 00:00:00,-,-
,3612,어문,보고서,국회도서관,국회법률도서관,home>발간물>최신외국입법정보,주요국의 고령자 교육 입법례,-,2022-08-16 00:00:00,1,미부착 ,제1유형,유,-,주요국의 고령자 교육 입법례,-,어문,문서,-,법률,한국어,-,2022-08-16 00:00:00,-,국회도서관,-,-,-,제1유형,저작물,보호저작물,○,상업적이용가능,○,○,○,○,○,○,○,-,2092-08-16 00:00:00,-,-
,3613,어문,보고서,국회도서관,국회법률도서관,home>발간물>최신외국입법정보,독일의 장애인 참여 증진 입법례,-,2022-07-26 00:00:00,1,미부착 ,제1유형,유,-,독일의 장애인 참여 증진 입법례,-,어문,문서,-,법률,한국어,-,2022-07-26 00:00:00,-,국회도서관,-,-,-,제1유형,저작물,보호저작물,○,상업적이용가능,○,○,○,○,○,○,○,-,2092-07-26 00:00:00,-,-
,3614,어문,보고서,국회도서관,국회법률도서관,home>발간물>최신외국입법정보,미국의 개인정보주체 권리 강화 입법례,-,2022-07-12 00:00:00,1,미부착 ,제1유형,유,-,미국의 개인정보주체 권리 강화 입법례,-,어문,문서,-,법률,한국어,-,2022-07-12 00:00:00,-,국회도서관,-,-,-,제1유형,저작물,보호저작물,○,상업적이용가능,○,○,○,○,○,○,○,-,2092-07-12 00:00:00,-,-
,3615,어문,보고서,국회도서관,국회법률도서관,home>발간물>최신외국입법정보,프랑스의 원전 설계수명 만료 후 운영 입법례,-,2022-06-28 00:00:00,1,미부착 ,제1유형,유,-,프랑스의 원전 설계수명 만료 후 운영 입법례,-,어문,문서,-,법률,한국어,-,2022-06-28 00:00:00,-,국회도서관,-,-,-,제1유형,저작물,보호저작물,○,상업적이용가능,○,○,○,○,○,○,○,-,2092-06-28 00:00:00,-,-
,3616,어문,보고서,국회도서관,국회법률도서관,home>발간물>최신외국입법정보,영국의 장애인에 대한 택시 및 개인임대차량 입법례,-,2022-06-21 00:00:00,1,미부착 ,제1유형,유,-,영국의 장애인에 대한 택시 및 개인임대차량 입법례,-,어문,문서,-,법률,한국어,-,2022-06-21 00:00:00,-,국회도서관,-,-,-,제1유형,저작물,보호저작물,○,상업적이용가능,○,○,○,○,○,○,○,-,2092-06-21 00:00:00,-,-
,3617,어문,보고서,국회도서관,국회법률도서관,home>발간물>최신외국입법정보,미국의 유기성폐자원 에너지 활용 입법례,-,2022-06-14 00:00:00,1,미부착 ,제1유형,유,-,미국의 유기성폐자원 에너지 활용 입법례,-,어문,문서,-,법률,한국어,-,2022-06-14 00:00:00,-,국회도서관,-,-,-,제1유형,저작물,보호저작물,○,상업적이용가능,○,○,○,○,○,○,○,-,2092-06-14 00:00:00,-,-
,3618,어문,보고서,국회도서관,국회법률도서관,home>발간물>최신외국입법정보,독일의 식품 소비기한 표시제 입법례,-,2022-05-24 00:00:00,1,미부착 ,제1유형,유,-,독일의 식품 소비기한 표시제 입법례,-,어문,문서,-,법률,한국어,-,2022-05-24 00:00:00,-,국회도서관,-,-,-,제1유형,저작물,보호저작물,○,상업적이용가능,○,○,○,○,○,○,○,-,2092-05-24 00:00:00,-,-
,3619,어문,보고서,국회도서관,국회법률도서관,home>발간물>최신외국입법정보,디지털자산에 관한 미국의 행정명령 입법례,-,2022-05-17 00:00:00,1,미부착 ,제1유형,유,-,디지털자산에 관한 미국의 행정명령 입법례,-,어문,문서,-,법률,한국어,-,2022-05-17 00:00:00,-,국회도서관,-,-,-,제1유형,저작물,보호저작물,○,상업적이용가능,○,○,○,○,○,○,○,-,2092-05-17 00:00:00,-,-
,3620,어문,보고서,국회도서관,국회법률도서관,home>발간물>최신외국입법정보,일본의 경제안전보장 입법례,-,2022-05-03 00:00:00,1,미부착 ,제1유형,유,-,일본의 경제안전보장 입법례,-,어문,문서,-,법률,한국어,-,2022-05-03 00:00:00,-,국회도서관,-,-,-,제1유형,저작물,보호저작물,○,상업적이용가능,○,○,○,○,○,○,○,-,2092-05-03 00:00:00,-,-
,3621,어문,보고서,국회도서관,국회법률도서관,home>발간물>최신외국입법정보,도서관 자료 디지털 전송에 관한 일본 입법례,-,2022-04-26 00:00:00,1,미부착 ,제1유형,유,-,도서관 자료 디지털 전송에 관한 일본 입법례,-,어문,문서,-,법률,한국어,-,2022-04-26 00:00:00,-,국회도서관,-,-,-,제1유형,저작물,보호저작물,○,상업적이용가능,○,○,○,○,○,○,○,-,2092-04-26 00:00:00,-,-
,3622,어문,보고서,국회도서관,국회법률도서관,home>발간물>최신외국입법정보,호주와 영국의 온라인 안전 입법 동향,-,2022-04-12 00:00:00,1,미부착 ,제1유형,유,-,호주와 영국의 온라인 안전 입법 동향,-,어문,문서,-,법률,한국어,-,2022-04-12 00:00:00,-,국회도서관,-,-,-,제1유형,저작물,보호저작물,○,상업적이용가능,○,○,○,○,○,○,○,-,2092-04-12 00:00:00,-,-
,3623,어문,보고서,국회도서관,국회법률도서관,home>발간물>최신외국입법정보,완전 자율주행차 충돌시 이용자 보호에 관한 미국의 입법례,-,2022-03-29 00:00:00,1,미부착 ,제1유형,유,-,완전 자율주행차 충돌시 이용자 보호에 관한 미국의 입법례,-,어문,문서,-,법률,한국어,-,2022-03-29 00:00:00,-,국회도서관,-,-,-,제1유형,저작물,보호저작물,○,상업적이용가능,○,○,○,○,○,○,○,-,2092-03-29 00:00:00,-,-
,3624,어문,보고서,국회도서관,국회법률도서관,home>발간물>최신외국입법정보,주요국의 그린워싱 방지 입법례,-,2022-03-22 00:00:00,1,미부착 ,제1유형,유,-,주요국의 그린워싱 방지 입법례,-,어문,문서,-,법률,한국어,-,2022-03-22 00:00:00,-,국회도서관,-,-,-,제1유형,저작물,보호저작물,○,상업적이용가능,○,○,○,○,○,○,○,-,2092-03-22 00:00:00,-,-
,3625,어문,보고서,국회도서관,국회법률도서관,home>발간물>최신외국입법정보,"고령자 금융 피해 방지 관련 미국,영국,일본 입법례",-,2022-03-15 00:00:00,1,미부착 ,제1유형,유,-,"고령자 금융 피해 방지 관련 미국,영국,일본 입법례",-,어문,문서,-,법률,한국어,-,2022-03-15 00:00:00,-,국회도서관,-,-,-,제1유형,저작물,보호저작물,○,상업적이용가능,○,○,○,○,○,○,○,-,2092-03-15 00:00:00,-,-
,3626,어문,보고서,국회도서관,국회법률도서관,home>발간물>최신외국입법정보,프랑스의 우주개발 거버넌스 입법례,-,2022-03-08 00:00:00,1,미부착 ,제1유형,유,-,프랑스의 우주개발 거버넌스 입법례,-,어문,문서,-,법률,한국어,-,2022-03-08 00:00:00,-,국회도서관,-,-,-,제1유형,저작물,보호저작물,○,상업적이용가능,○,○,○,○,○,○,○,-,2092-03-08 00:00:00,-,-
,3627,어문,보고서,국회도서관,국회법률도서관,home>발간물>최신외국입법정보,가상자산 과세에 관한 미국·유럽연합·인도의 입법례,-,2022-02-22 00:00:00,1,미부착 ,제1유형,유,-,가상자산 과세에 관한 미국·유럽연합·인도의 입법례,-,어문,문서,-,법률,한국어,-,2022-02-22 00:00:00,-,국회도서관,-,-,-,제1유형,저작물,보호저작물,○,상업적이용가능,○,○,○,○,○,○,○,-,2092-02-22 00:00:00,-,-
,3628,어문,보고서,국회도서관,국회법률도서관,home>발간물>최신외국입법정보,"전자감독제도 관련 미국, 독일, 프랑스 입법례",-,2022-02-15 00:00:00,1,미부착 ,제1유형,유,-,"전자감독제도 관련 미국, 독일, 프랑스 입법례",-,어문,문서,-,법률,한국어,-,2022-02-15 00:00:00,-,국회도서관,-,-,-,제1유형,저작물,보호저작물,○,상업적이용가능,○,○,○,○,○,○,○,-,2092-02-15 00:00:00,-,-
,3629,어문,보고서,국회도서관,국회법률도서관,home>발간물>최신외국입법정보,기업의 사회적 책임 관련 독일 입법례,-,2022-02-08 00:00:00,1,미부착 ,제1유형,유,-,기업의 사회적 책임 관련 독일 입법례,-,어문,문서,-,법률,한국어,-,2022-02-08 00:00:00,-,국회도서관,-,-,-,제1유형,저작물,보호저작물,○,상업적이용가능,○,○,○,○,○,○,○,-,2092-02-08 00:00:00,-,-
,3630,어문,보고서,국회도서관,국회법률도서관,home>발간물>최신외국입법정보,영국의「국가안보투자법(2021)」,-,2022-01-25 00:00:00,1,미부착 ,제1유형,유,-,영국의「국가안보투자법(2021)」,-,어문,문서,-,법률,한국어,-,2022-01-25 00:00:00,-,국회도서관,-,-,-,제1유형,저작물,보호저작물,○,상업적이용가능,○,○,○,○,○,○,○,-,2092-01-25 00:00:00,-,-
,3631,어문,보고서,국회도서관,국회법률도서관,home>발간물>최신외국입법정보,전기자동차 충전소 설치 관련 프랑스 입법례,-,2021-12-14 00:00:00,1,미부착 ,제1유형,유,-,전기자동차 충전소 설치 관련 프랑스 입법례,-,어문,문서,-,법률,한국어,-,2021-12-14 00:00:00,-,국회도서관,-,-,-,제1유형,저작물,보호저작물,○,상업적이용가능,○,○,○,○,○,○,○,-,2091-12-14 00:00:00,-,-
,3632,어문,보고서,국회도서관,국회법률도서관,home>발간물>최신외국입법정보,유급병가 제도 도입 관련 독일·호주 입법례,-,2021-12-07 00:00:00,1,미부착 ,제1유형,유,-,유급병가 제도 도입 관련 독일·호주 입법례,-,어문,문서,-,법률,한국어,-,2021-12-07 00:00:00,-,국회도서관,-,-,-,제1유형,저작물,보호저작물,○,상업적이용가능,○,○,○,○,○,○,○,-,2091-12-07 00:00:00,-,-
,3633,어문,보고서,국회도서관,국회법률도서관,home>발간물>최신외국입법정보,안면인식정보 보호에 관한 미국 입법례,-,2021-11-30 00:00:00,1,미부착 ,제1유형,유,-,안면인식정보 보호에 관한 미국 입법례,-,어문,문서,-,법률,한국어,-,2021-11-30 00:00:00,-,국회도서관,-,-,-,제1유형,저작물,보호저작물,○,상업적이용가능,○,○,○,○,○,○,○,-,2091-11-30 00:00:00,-,-
,3634,어문,보고서,국회도서관,국회법률도서관,home>발간물>최신외국입법정보,온라인 수색 관련 EU사이버범죄 방지조약 및 독일 입법례,-,2021-11-16 00:00:00,1,미부착 ,제1유형,유,-,온라인 수색 관련 EU사이버범죄 방지조약 및 독일 입법례,-,어문,문서,-,법률,한국어,-,2021-11-16 00:00:00,-,국회도서관,-,-,-,제1유형,저작물,보호저작물,○,상업적이용가능,○,○,○,○,○,○,○,-,2091-11-16 00:00:00,-,-
,3635,어문,보고서,국회도서관,국회법률도서관,home>발간물>최신외국입법정보,NFT의 가상자산 적용 논의에 관한 해외 입법동향,-,2021-11-09 00:00:00,1,미부착 ,제1유형,유,-,NFT의 가상자산 적용 논의에 관한 해외 입법동향,-,어문,문서,-,법률,한국어,-,2021-11-09 00:00:00,-,국회도서관,-,-,-,제1유형,저작물,보호저작물,○,상업적이용가능,○,○,○,○,○,○,○,-,2091-11-09 00:00:00,-,-
,3636,어문,보고서,국회도서관,국회법률도서관,home>발간물>최신외국입법정보,우주자원 개발에 관한 일본 입법례,-,2021-10-26 00:00:00,1,미부착 ,제1유형,유,-,우주자원 개발에 관한 일본 입법례,-,어문,문서,-,법률,한국어,-,2021-10-26 00:00:00,-,국회도서관,-,-,-,제1유형,저작물,보호저작물,○,상업적이용가능,○,○,○,○,○,○,○,-,2091-10-26 00:00:00,-,-
,3637,어문,보고서,국회도서관,국회법률도서관,home>발간물>최신외국입법정보,독일의 코로나19에 따른 자영업자 지원 정책 입법례,-,2021-10-12 00:00:00,1,미부착 ,제1유형,유,-,독일의 코로나19에 따른 자영업자 지원 정책 입법례,-,어문,문서,-,법률,한국어,-,2021-10-12 00:00:00,-,국회도서관,-,-,-,제1유형,저작물,보호저작물,○,상업적이용가능,○,○,○,○,○,○,○,-,2091-10-12 00:00:00,-,-
,3638,어문,보고서,국회도서관,국회법률도서관,home>발간물>최신외국입법정보,공공시설 내 식당에서의 채식 메뉴 선택사항 의무화 관련 포르투갈과 유럽연합 입법례,-,2021-09-28 00:00:00,1,미부착 ,제1유형,유,-,공공시설 내 식당에서의 채식 메뉴 선택사항 의무화 관련 포르투갈과 유럽연합 입법례,-,어문,문서,-,법률,한국어,-,2021-09-28 00:00:00,-,국회도서관,-,-,-,제1유형,저작물,보호저작물,○,상업적이용가능,○,○,○,○,○,○,○,-,2091-09-28 00:00:00,-,-
,3639,어문,보고서,국회도서관,국회법률도서관,home>발간물>최신외국입법정보,미디어 리터러시 교육 관련 미국·프랑스 입법례,-,2021-09-14 00:00:00,1,미부착 ,제1유형,유,-,미디어 리터러시 교육 관련 미국·프랑스 입법례,-,어문,문서,-,법률,한국어,-,2021-09-14 00:00:00,-,국회도서관,-,-,-,제1유형,저작물,보호저작물,○,상업적이용가능,○,○,○,○,○,○,○,-,2091-09-14 00:00:00,-,-
,3640,어문,보고서,국회도서관,국회법률도서관,home>발간물>최신외국입법정보,머지포인트 사태 관련 유럽연합과 영국의 선불충전금 입법례,-,2021-09-07 00:00:00,1,미부착 ,제1유형,유,-,머지포인트 사태 관련 유럽연합과 영국의 선불충전금 입법례,-,어문,문서,-,법률,한국어,-,2021-09-07 00:00:00,-,국회도서관,-,-,-,제1유형,저작물,보호저작물,○,상업적이용가능,○,○,○,○,○,○,○,-,2091-09-07 00:00:00,-,-
,3641,어문,보고서,국회도서관,국회법률도서관,home>발간물>최신외국입법정보,일본 디지털청 신설과 디지털사회형성기본법,-,2021-08-31 00:00:00,1,미부착 ,제1유형,유,-,일본 디지털청 신설과 디지털사회형성기본법,-,어문,문서,-,법률,한국어,-,2021-08-31 00:00:00,-,국회도서관,-,-,-,제1유형,저작물,보호저작물,○,상업적이용가능,○,○,○,○,○,○,○,-,2091-08-31 00:00:00,-,-
,3642,어문,보고서,국회도서관,국회법률도서관,home>발간물>최신외국입법정보,빅테크 기업 등 대규모 온라인플랫폼 규제 입법동향,-,2021-08-24 00:00:00,1,미부착 ,제1유형,유,-,빅테크 기업 등 대규모 온라인플랫폼 규제 입법동향,-,어문,문서,-,법률,한국어,-,2021-08-24 00:00:00,-,국회도서관,-,-,-,제1유형,저작물,보호저작물,○,상업적이용가능,○,○,○,○,○,○,○,-,2091-08-24 00:00:00,-,-
,3643,어문,보고서,국회도서관,국회법률도서관,home>발간물>최신외국입법정보,동물학대 행위자 심리상담 제도 도입 관련 미국 입법례,-,2021-08-17 00:00:00,1,미부착 ,제1유형,유,-,동물학대 행위자 심리상담 제도 도입 관련 미국 입법례,-,어문,문서,-,법률,한국어,-,2021-08-17 00:00:00,-,국회도서관,-,-,-,제1유형,저작물,보호저작물,○,상업적이용가능,○,○,○,○,○,○,○,-,2091-08-17 00:00:00,-,-
,3644,어문,보고서,국회도서관,국회법률도서관,home>발간물>최신외국입법정보,글로벌기업 과세에 관한 국제적 논의 동향,-,2021-08-10 00:00:00,1,미부착 ,제1유형,유,-,글로벌기업 과세에 관한 국제적 논의 동향,-,어문,문서,-,법률,한국어,-,2021-08-10 00:00:00,-,국회도서관,-,-,-,제1유형,저작물,보호저작물,○,상업적이용가능,○,○,○,○,○,○,○,-,2091-08-10 00:00:00,-,-
,3645,어문,보고서,국회도서관,국회법률도서관,home>발간물>최신외국입법정보,일본 제5차 지방소멸위기지역 대응법률,-,2021-07-27 00:00:00,1,미부착 ,제1유형,유,-,일본 제5차 지방소멸위기지역 대응법률,-,어문,문서,-,법률,한국어,-,2021-07-27 00:00:00,-,국회도서관,-,-,-,제1유형,저작물,보호저작물,○,상업적이용가능,○,○,○,○,○,○,○,-,2091-07-27 00:00:00,-,-
,3646,어문,보고서,국회도서관,국회법률도서관,home>발간물>최신외국입법정보,"사정변경의 원칙에 관한 독일, 프랑스, 이탈리아 입법례",-,2021-07-20 00:00:00,1,미부착 ,제1유형,유,-,"사정변경의 원칙에 관한 독일, 프랑스, 이탈리아 입법례",-,어문,문서,-,법률,한국어,-,2021-07-20 00:00:00,-,국회도서관,-,-,-,제1유형,저작물,보호저작물,○,상업적이용가능,○,○,○,○,○,○,○,-,2091-07-20 00:00:00,-,-
,3647,어문,보고서,국회도서관,국회법률도서관,home>발간물>최신외국입법정보,유럽연합의 인공지능 규정(안),-,2021-07-06 00:00:00,1,미부착 ,제1유형,유,-,유럽연합의 인공지능 규정(안),-,어문,문서,-,법률,한국어,-,2021-07-06 00:00:00,-,국회도서관,-,-,-,제1유형,저작물,보호저작물,○,상업적이용가능,○,○,○,○,○,○,○,-,2091-07-06 00:00:00,-,-
,3648,어문,보고서,국회도서관,국회법률도서관,home>발간물>최신외국입법정보,의사의 중대범죄 시 의사면허취소 관련 일본 및 미국 입법례,-,2021-06-29 00:00:00,1,미부착 ,제1유형,유,-,의사의 중대범죄 시 의사면허취소 관련 일본 및 미국 입법례,-,어문,문서,-,법률,한국어,-,2021-06-29 00:00:00,-,국회도서관,-,-,-,제1유형,저작물,보호저작물,○,상업적이용가능,○,○,○,○,○,○,○,-,2091-06-29 00:00:00,-,-
,3649,어문,보고서,국회도서관,국회법률도서관,home>발간물>최신외국입법정보,글로벌 디지털 플랫폼의 언론간행물 대가지급에 대한 입법동향,-,2021-06-22 00:00:00,1,미부착 ,제1유형,유,-,글로벌 디지털 플랫폼의 언론간행물 대가지급에 대한 입법동향,-,어문,문서,-,법률,한국어,-,2021-06-22 00:00:00,-,국회도서관,-,-,-,제1유형,저작물,보호저작물,○,상업적이용가능,○,○,○,○,○,○,○,-,2091-06-22 00:00:00,-,-
,3650,어문,보고서,국회도서관,국회법률도서관,home>발간물>최신외국입법정보,EU 플라스틱 규제 관련 입법례,-,2021-06-15 00:00:00,1,미부착 ,제1유형,유,-,EU 플라스틱 규제 관련 입법례,-,어문,문서,-,법률,한국어,-,2021-06-15 00:00:00,-,국회도서관,-,-,-,제1유형,저작물,보호저작물,○,상업적이용가능,○,○,○,○,○,○,○,-,2091-06-15 00:00:00,-,-
,3651,어문,보고서,국회도서관,국회법률도서관,home>발간물>최신외국입법정보,독일 가족개념 확대 입법례,-,2021-06-08 00:00:00,1,미부착 ,제1유형,유,-,독일 가족개념 확대 입법례,-,어문,문서,-,법률,한국어,-,2021-06-08 00:00:00,-,국회도서관,-,-,-,제1유형,저작물,보호저작물,○,상업적이용가능,○,○,○,○,○,○,○,-,2091-06-08 00:00:00,-,-
,3652,어문,보고서,국회도서관,국회법률도서관,home>발간물>최신외국입법정보,"출생통보제 도입 관련 영국, 미국, 캐나다, 독일 입법례",-,2021-05-18 00:00:00,1,미부착 ,제1유형,유,-,"출생통보제 도입 관련 영국, 미국, 캐나다, 독일 입법례",-,어문,문서,-,법률,한국어,-,2021-05-18 00:00:00,-,국회도서관,-,-,-,제1유형,저작물,보호저작물,○,상업적이용가능,○,○,○,○,○,○,○,-,2091-05-18 00:00:00,-,-
,3653,어문,보고서,국회도서관,국회법률도서관,home>발간물>최신외국입법정보,독일의 순환경제를 위한 폐기물 관리 입법례,-,2021-05-11 00:00:00,1,미부착 ,제1유형,유,-,독일의 순환경제를 위한 폐기물 관리 입법례,-,어문,문서,-,법률,한국어,-,2021-05-11 00:00:00,-,국회도서관,-,-,-,제1유형,저작물,보호저작물,○,상업적이용가능,○,○,○,○,○,○,○,-,2091-05-11 00:00:00,-,-
,3654,어문,보고서,국회도서관,국회법률도서관,home>발간물>최신외국입법정보,스토커행위 규제 관련 일본 입법례,-,2021-04-27 00:00:00,1,미부착 ,제1유형,유,-,스토커행위 규제 관련 일본 입법례,-,어문,문서,-,법률,한국어,-,2021-04-27 00:00:00,-,국회도서관,-,-,-,제1유형,저작물,보호저작물,○,상업적이용가능,○,○,○,○,○,○,○,-,2091-04-27 00:00:00,-,-
,3655,어문,보고서,국회도서관,국회법률도서관,home>발간물>최신외국입법정보,"디지털증거 압수·수색 관련 미국, 영국, 프랑스 입법례",-,2021-04-20 00:00:00,1,미부착 ,제1유형,유,-,"디지털증거 압수·수색 관련 미국, 영국, 프랑스 입법례",-,어문,문서,-,법률,한국어,-,2021-04-20 00:00:00,-,국회도서관,-,-,-,제1유형,저작물,보호저작물,○,상업적이용가능,○,○,○,○,○,○,○,-,2091-04-20 00:00:00,-,-
,3656,어문,보고서,국회도서관,국회법률도서관,home>발간물>최신외국입법정보,미국의 온라인 상 청소년 보호 입법례,-,2021-04-13 00:00:00,1,미부착 ,제1유형,유,-,미국의 온라인 상 청소년 보호 입법례,-,어문,문서,-,법률,한국어,-,2021-04-13 00:00:00,-,국회도서관,-,-,-,제1유형,저작물,보호저작물,○,상업적이용가능,○,○,○,○,○,○,○,-,2091-04-13 00:00:00,-,-
,3657,어문,보고서,국회도서관,국회법률도서관,home>발간물>최신외국입법정보,싱가포르 공공주택 관련 입법례,-,2021-03-23 00:00:00,1,미부착 ,제1유형,유,-,싱가포르 공공주택 관련 입법례,-,어문,문서,-,법률,한국어,-,2021-03-23 00:00:00,-,국회도서관,-,-,-,제1유형,저작물,보호저작물,○,상업적이용가능,○,○,○,○,○,○,○,-,2091-03-23 00:00:00,-,-
,3658,어문,보고서,국회도서관,국회법률도서관,home>발간물>최신외국입법정보,"공직선거에서의 온라인투표(E-voting) 관련 에스토니아, 스위스 입법례",-,2021-03-16 00:00:00,1,미부착 ,제1유형,유,-,"공직선거에서의 온라인투표(E-voting) 관련 에스토니아, 스위스 입법례",-,어문,문서,-,법률,한국어,-,2021-03-16 00:00:00,-,국회도서관,-,-,-,제1유형,저작물,보호저작물,○,상업적이용가능,○,○,○,○,○,○,○,-,2091-03-16 00:00:00,-,-
,3659,어문,보고서,국회도서관,국회법률도서관,home>발간물>최신외국입법정보,독일 기후보호 입법례,-,2021-03-09 00:00:00,1,미부착 ,제1유형,유,-,독일 기후보호 입법례,-,어문,문서,-,법률,한국어,-,2021-03-09 00:00:00,-,국회도서관,-,-,-,제1유형,저작물,보호저작물,○,상업적이용가능,○,○,○,○,○,○,○,-,2091-03-09 00:00:00,-,-
,3660,어문,보고서,국회도서관,국회법률도서관,home>발간물>최신외국입법정보,입양기관의 공공성 확보에 관한 독일‧영국 입법례,-,2021-02-23 00:00:00,1,미부착 ,제1유형,유,-,입양기관의 공공성 확보에 관한 독일‧영국 입법례,-,어문,문서,-,법률,한국어,-,2021-02-23 00:00:00,-,국회도서관,-,-,-,제1유형,저작물,보호저작물,○,상업적이용가능,○,○,○,○,○,○,○,-,2091-02-23 00:00:00,-,-
,3661,어문,보고서,국회도서관,국회법률도서관,home>발간물>최신외국입법정보,장애인 보조기기 지원 관련 미국 · 일본 입법례,-,2021-02-16 00:00:00,1,미부착 ,제1유형,유,-,장애인 보조기기 지원 관련 미국 · 일본 입법례,-,어문,문서,-,법률,한국어,-,2021-02-16 00:00:00,-,국회도서관,-,-,-,제1유형,저작물,보호저작물,○,상업적이용가능,○,○,○,○,○,○,○,-,2091-02-16 00:00:00,-,-
,3662,어문,보고서,국회도서관,국회법률도서관,home>발간물>최신외국입법정보,외국인 투자 규제에 대한 주요국 입법동향,-,2021-02-03 00:00:00,1,미부착 ,제1유형,유,-,외국인 투자 규제에 대한 주요국 입법동향,-,어문,문서,-,법률,한국어,-,2021-02-03 00:00:00,-,국회도서관,-,-,-,제1유형,저작물,보호저작물,○,상업적이용가능,○,○,○,○,○,○,○,-,2091-02-03 00:00:00,-,-
,3663,어문,보고서,국회도서관,국회법률도서관,home>발간물>최신외국입법정보,종합지급결제사업자와 지급계좌에 대한 유럽연합의 입법례,-,2020-12-08 00:00:00,1,미부착 ,제1유형,유,-,종합지급결제사업자와 지급계좌에 대한 유럽연합의 입법례,-,어문,문서,-,법률,한국어,-,2020-12-08 00:00:00,-,국회도서관,-,-,-,제1유형,저작물,보호저작물,○,상업적이용가능,○,○,○,○,○,○,○,-,2090-12-08 00:00:00,-,-
,3664,어문,보고서,국회도서관,국회법률도서관,home>발간물>최신외국입법정보,자동차 교환·환불 제도에 관한 미국 캘리포니아·뉴욕 입법례,-,2020-12-01 00:00:00,1,미부착 ,제1유형,유,-,자동차 교환·환불 제도에 관한 미국 캘리포니아·뉴욕 입법례,-,어문,문서,-,법률,한국어,-,2020-12-01 00:00:00,-,국회도서관,-,-,-,제1유형,저작물,보호저작물,○,상업적이용가능,○,○,○,○,○,○,○,-,2090-12-01 00:00:00,-,-
,3665,어문,보고서,국회도서관,국회법률도서관,home>발간물>최신외국입법정보,주식기부 과세에 관한 미국·영국 입법례,-,2020-11-24 00:00:00,1,미부착 ,제1유형,유,-,주식기부 과세에 관한 미국·영국 입법례,-,어문,문서,-,법률,한국어,-,2020-11-24 00:00:00,-,국회도서관,-,-,-,제1유형,저작물,보호저작물,○,상업적이용가능,○,○,○,○,○,○,○,-,2090-11-24 00:00:00,-,-
,3666,어문,보고서,국회도서관,국회법률도서관,home>발간물>최신외국입법정보,고령자 고용안정에 관한 일본 입법례,-,2020-11-17 00:00:00,1,미부착 ,제1유형,유,-,고령자 고용안정에 관한 일본 입법례,-,어문,문서,-,법률,한국어,-,2020-11-17 00:00:00,-,국회도서관,-,-,-,제1유형,저작물,보호저작물,○,상업적이용가능,○,○,○,○,○,○,○,-,2090-11-17 00:00:00,-,-
,3667,어문,보고서,국회도서관,국회법률도서관,home>발간물>최신외국입법정보,배우자 출산휴가 관련 미국·프랑스 입법례,-,2020-11-10 00:00:00,1,미부착 ,제1유형,유,-,배우자 출산휴가 관련 미국·프랑스 입법례,-,어문,문서,-,법률,한국어,-,2020-11-10 00:00:00,-,국회도서관,-,-,-,제1유형,저작물,보호저작물,○,상업적이용가능,○,○,○,○,○,○,○,-,2090-11-10 00:00:00,-,-
,3668,어문,보고서,국회도서관,국회법률도서관,home>발간물>최신외국입법정보,"도서정가제에 관한 독일, 프랑스, 일본 입법례",-,2020-11-03 00:00:00,1,미부착 ,제1유형,유,-,"도서정가제에 관한 독일, 프랑스, 일본 입법례",-,어문,문서,-,법률,한국어,-,2020-11-03 00:00:00,-,국회도서관,-,-,-,제1유형,저작물,보호저작물,○,상업적이용가능,○,○,○,○,○,○,○,-,2090-11-03 00:00:00,-,-
,3669,어문,보고서,국회도서관,국회법률도서관,home>발간물>최신외국입법정보,"형사법상 DNA정보 관련 미국, 독일 입법례",-,2020-10-27 00:00:00,1,미부착 ,제1유형,유,-,"형사법상 DNA정보 관련 미국, 독일 입법례",-,어문,문서,-,법률,한국어,-,2020-10-27 00:00:00,-,국회도서관,-,-,-,제1유형,저작물,보호저작물,○,상업적이용가능,○,○,○,○,○,○,○,-,2090-10-27 00:00:00,-,-
,3670,어문,보고서,국회도서관,국회법률도서관,home>발간물>최신외국입법정보,탐정업에 관한 일본 입법례,-,2020-10-20 00:00:00,1,미부착 ,제1유형,유,-,탐정업에 관한 일본 입법례,-,어문,문서,-,법률,한국어,-,2020-10-20 00:00:00,-,국회도서관,-,-,-,제1유형,저작물,보호저작물,○,상업적이용가능,○,○,○,○,○,○,○,-,2090-10-20 00:00:00,-,-
,3671,어문,보고서,국회도서관,국회법률도서관,home>발간물>최신외국입법정보,미국 연방 및 주 행정부의 COVID-19 대응,-,2020-10-20 00:00:00,1,미부착 ,제1유형,유,-,미국 연방 및 주 행정부의 COVID-19 대응,-,어문,문서,-,법률,한국어,-,2020-10-20 00:00:00,-,국회도서관,-,-,-,제1유형,저작물,보호저작물,○,상업적이용가능,○,○,○,○,○,○,○,-,2090-10-20 00:00:00,-,-
,3672,어문,보고서,국회도서관,국회법률도서관,home>발간물>최신외국입법정보,"코로나대유행과 상가임대차 보호에 관한 미국, 캐나다, 호주 입법례",-,2020-10-13 00:00:00,1,미부착 ,제1유형,유,-,"코로나대유행과 상가임대차 보호에 관한 미국, 캐나다, 호주 입법례",-,어문,문서,-,법률,한국어,-,2020-10-13 00:00:00,-,국회도서관,-,-,-,제1유형,저작물,보호저작물,○,상업적이용가능,○,○,○,○,○,○,○,-,2090-10-13 00:00:00,-,-
,3673,어문,보고서,국회도서관,국회법률도서관,home>발간물>최신외국입법정보,포스트 코로나 시대에 대학 원격수업 관련 미국 입법례,-,2020-09-22 00:00:00,1,미부착 ,제1유형,유,-,포스트 코로나 시대에 대학 원격수업 관련 미국 입법례,-,어문,문서,-,법률,한국어,-,2020-09-22 00:00:00,-,국회도서관,-,-,-,제1유형,저작물,보호저작물,○,상업적이용가능,○,○,○,○,○,○,○,-,2090-09-22 00:00:00,-,-
,3674,어문,보고서,국회도서관,국회법률도서관,home>발간물>최신외국입법정보,금융이해 교육 미국 입법례,-,2020-09-15 00:00:00,1,미부착 ,제1유형,유,-,금융이해 교육 미국 입법례,-,어문,문서,-,법률,한국어,-,2020-09-15 00:00:00,-,국회도서관,-,-,-,제1유형,저작물,보호저작물,○,상업적이용가능,○,○,○,○,○,○,○,-,2090-09-15 00:00:00,-,-
,3675,어문,보고서,국회도서관,국회법률도서관,home>발간물>최신외국입법정보,특허소송 관련 증거수집제도에 관한 미국·독일·일본 입법례,-,2020-09-08 00:00:00,1,미부착 ,제1유형,유,-,특허소송 관련 증거수집제도에 관한 미국·독일·일본 입법례,-,어문,문서,-,법률,한국어,-,2020-09-08 00:00:00,-,국회도서관,-,-,-,제1유형,저작물,보호저작물,○,상업적이용가능,○,○,○,○,○,○,○,-,2090-09-08 00:00:00,-,-
,3676,어문,보고서,국회도서관,국회법률도서관,home>발간물>최신외국입법정보,"이륜자동차 번호판 관리에 관한 미국, 싱가포르 입법례",-,2020-09-01 00:00:00,1,미부착 ,제1유형,유,-,"이륜자동차 번호판 관리에 관한 미국, 싱가포르 입법례",-,어문,문서,-,법률,한국어,-,2020-09-01 00:00:00,-,국회도서관,-,-,-,제1유형,저작물,보호저작물,○,상업적이용가능,○,○,○,○,○,○,○,-,2090-09-01 00:00:00,-,-
,3677,어문,보고서,국회도서관,국회법률도서관,home>발간물>최신외국입법정보,오픈뱅킹 법제화 관련 EU·영국·일본 입법례,-,2020-08-25 00:00:00,1,미부착 ,제1유형,유,-,오픈뱅킹 법제화 관련 EU·영국·일본 입법례,-,어문,문서,-,법률,한국어,-,2020-08-25 00:00:00,-,국회도서관,-,-,-,제1유형,저작물,보호저작물,○,상업적이용가능,○,○,○,○,○,○,○,-,2090-08-25 00:00:00,-,-
,3678,어문,보고서,국회도서관,국회법률도서관,home>발간물>최신외국입법정보,바디캠(폴리스캠) 사용에 관한 미국 입법례,-,2020-08-18 00:00:00,1,미부착 ,제1유형,유,-,바디캠(폴리스캠) 사용에 관한 미국 입법례,-,어문,문서,-,법률,한국어,-,2020-08-18 00:00:00,-,국회도서관,-,-,-,제1유형,저작물,보호저작물,○,상업적이용가능,○,○,○,○,○,○,○,-,2090-08-18 00:00:00,-,-
,3679,어문,보고서,국회도서관,국회법률도서관,home>발간물>최신외국입법정보,"소년범죄 관련 독일, 프랑스 입법례",-,2020-08-11 00:00:00,1,미부착 ,제1유형,유,-,"소년범죄 관련 독일, 프랑스 입법례",-,어문,문서,-,법률,한국어,-,2020-08-11 00:00:00,-,국회도서관,-,-,-,제1유형,저작물,보호저작물,○,상업적이용가능,○,○,○,○,○,○,○,-,2090-08-11 00:00:00,-,-
,3680,어문,보고서,국회도서관,국회법률도서관,home>발간물>최신외국입법정보,부양의무 해태와 상속결격 관련 미국 입법례,-,2020-07-21 00:00:00,1,미부착 ,제1유형,유,-,부양의무 해태와 상속결격 관련 미국 입법례,-,어문,문서,-,법률,한국어,-,2020-07-21 00:00:00,-,국회도서관,-,-,-,제1유형,저작물,보호저작물,○,상업적이용가능,○,○,○,○,○,○,○,-,2090-07-21 00:00:00,-,-
,3681,어문,보고서,국회도서관,국회법률도서관,home>발간물>최신외국입법정보,"드론 비행금지구역의 보호조치에 관한 미국, 영국, 일본 입법례",-,2020-07-14 00:00:00,1,미부착 ,제1유형,유,-,"드론 비행금지구역의 보호조치에 관한 미국, 영국, 일본 입법례",-,어문,문서,-,법률,한국어,-,2020-07-14 00:00:00,-,국회도서관,-,-,-,제1유형,저작물,보호저작물,○,상업적이용가능,○,○,○,○,○,○,○,-,2090-07-14 00:00:00,-,-
,3682,어문,보고서,국회도서관,국회법률도서관,home>발간물>최신외국입법정보,"부모의 자녀 체벌 금지 관련 독일, 일본, 뉴질랜드 입법례",-,2020-06-30 00:00:00,1,미부착 ,제1유형,유,-,"부모의 자녀 체벌 금지 관련 독일, 일본, 뉴질랜드 입법례",-,어문,문서,-,법률,한국어,-,2020-06-30 00:00:00,-,국회도서관,-,-,-,제1유형,저작물,보호저작물,○,상업적이용가능,○,○,○,○,○,○,○,-,2090-06-30 00:00:00,-,-
,3683,어문,보고서,국회도서관,국회법률도서관,home>발간물>최신외국입법정보,지상파 중간광고 관련 일본·영국·프랑스 입법례,-,2020-06-23 00:00:00,1,미부착 ,제1유형,유,-,지상파 중간광고 관련 일본·영국·프랑스 입법례,-,어문,문서,-,법률,한국어,-,2020-06-23 00:00:00,-,국회도서관,-,-,-,제1유형,저작물,보호저작물,○,상업적이용가능,○,○,○,○,○,○,○,-,2090-06-23 00:00:00,-,-
,3684,어문,보고서,국회도서관,국회법률도서관,home>발간물>최신외국입법정보,건설산업 안전관리 관련 독일 입법례,-,2020-06-16 00:00:00,1,미부착 ,제1유형,유,-,건설산업 안전관리 관련 독일 입법례,-,어문,문서,-,법률,한국어,-,2020-06-16 00:00:00,-,국회도서관,-,-,-,제1유형,저작물,보호저작물,○,상업적이용가능,○,○,○,○,○,○,○,-,2090-06-16 00:00:00,-,-
,3685,어문,보고서,국회도서관,국회법률도서관,home>발간물>최신외국입법정보,의료데이터의 활용 관련 일본·핀란드 입법례,-,2020-06-09 00:00:00,1,미부착 ,제1유형,유,-,의료데이터의 활용 관련 일본·핀란드 입법례,-,어문,문서,-,법률,한국어,-,2020-06-09 00:00:00,-,국회도서관,-,-,-,제1유형,저작물,보호저작물,○,상업적이용가능,○,○,○,○,○,○,○,-,2090-06-09 00:00:00,-,-
,3686,어문,보고서,국회도서관,국회법률도서관,home>발간물>최신외국입법정보,진술조력인 관련 입법례 -독일을 중심으로-,-,2020-05-19 00:00:00,1,미부착 ,제1유형,유,-,진술조력인 관련 입법례 -독일을 중심으로-,-,어문,문서,-,법률,한국어,-,2020-05-19 00:00:00,-,국회도서관,-,-,-,제1유형,저작물,보호저작물,○,상업적이용가능,○,○,○,○,○,○,○,-,2090-05-19 00:00:00,-,-
,3687,어문,보고서,국회도서관,국회법률도서관,home>발간물>최신외국입법정보,"의료행위 범위에 대한 미국, 독일 입법례",-,2020-05-12 00:00:00,1,미부착 ,제1유형,유,-,"의료행위 범위에 대한 미국, 독일 입법례",-,어문,문서,-,법률,한국어,-,2020-05-12 00:00:00,-,국회도서관,-,-,-,제1유형,저작물,보호저작물,○,상업적이용가능,○,○,○,○,○,○,○,-,2090-05-12 00:00:00,-,-
,3688,어문,보고서,국회도서관,국회법률도서관,home>발간물>최신외국입법정보,학자금대출채무 면책 관련 미국 입법례,-,2020-04-28 00:00:00,1,미부착 ,제1유형,유,-,학자금대출채무 면책 관련 미국 입법례,-,어문,문서,-,법률,한국어,-,2020-04-28 00:00:00,-,국회도서관,-,-,-,제1유형,저작물,보호저작물,○,상업적이용가능,○,○,○,○,○,○,○,-,2090-04-28 00:00:00,-,-
,3689,어문,보고서,국회도서관,국회법률도서관,home>발간물>최신외국입법정보,재정건전성 강화를 위한 EU 및 독일 입법례,-,2020-04-21 00:00:00,1,미부착 ,제1유형,유,-,재정건전성 강화를 위한 EU 및 독일 입법례,-,어문,문서,-,법률,한국어,-,2020-04-21 00:00:00,-,국회도서관,-,-,-,제1유형,저작물,보호저작물,○,상업적이용가능,○,○,○,○,○,○,○,-,2090-04-21 00:00:00,-,-
,3690,어문,보고서,국회도서관,국회법률도서관,home>발간물>최신외국입법정보,특허 침해자 이익의 반환 청구권 관련 영국·독일·EU 입법례,-,2020-04-14 00:00:00,1,미부착 ,제1유형,유,-,특허 침해자 이익의 반환 청구권 관련 영국·독일·EU 입법례,-,어문,문서,-,법률,한국어,-,2020-04-14 00:00:00,-,국회도서관,-,-,-,제1유형,저작물,보호저작물,○,상업적이용가능,○,○,○,○,○,○,○,-,2090-04-14 00:00:00,-,-
,3691,어문,보고서,국회도서관,국회법률도서관,home>발간물>최신외국입법정보,수사기관의 역외 전자정보 수집 관련 미국 입법례,-,2020-04-07 00:00:00,1,미부착 ,제1유형,유,-,수사기관의 역외 전자정보 수집 관련 미국 입법례,-,어문,문서,-,법률,한국어,-,2020-04-07 00:00:00,-,국회도서관,-,-,-,제1유형,저작물,보호저작물,○,상업적이용가능,○,○,○,○,○,○,○,-,2090-04-07 00:00:00,-,-
,3692,어문,보고서,국회도서관,국회법률도서관,home>발간물>최신외국입법정보,프랑스 원격의료 관련 입법례,-,2020-03-17 00:00:00,1,미부착 ,제1유형,유,-,프랑스 원격의료 관련 입법례,-,어문,문서,-,법률,한국어,-,2020-03-17 00:00:00,-,국회도서관,-,-,-,제1유형,저작물,보호저작물,○,상업적이용가능,○,○,○,○,○,○,○,-,2090-03-17 00:00:00,-,-
,3693,어문,보고서,국회도서관,국회법률도서관,home>발간물>최신외국입법정보,근로자의 정신건강 보호 관련 호주·일본 입법례,-,2020-03-10 00:00:00,1,미부착 ,제1유형,유,-,근로자의 정신건강 보호 관련 호주·일본 입법례,-,어문,문서,-,법률,한국어,-,2020-03-10 00:00:00,-,국회도서관,-,-,-,제1유형,저작물,보호저작물,○,상업적이용가능,○,○,○,○,○,○,○,-,2090-03-10 00:00:00,-,-
,3694,어문,보고서,국회도서관,국회법률도서관,home>발간물>최신외국입법정보,프랑스 자율주행자동차 사고 형사책임 관련 입법례,-,2020-03-03 00:00:00,1,미부착 ,제1유형,유,-,프랑스 자율주행자동차 사고 형사책임 관련 입법례,-,어문,문서,-,법률,한국어,-,2020-03-03 00:00:00,-,국회도서관,-,-,-,제1유형,저작물,보호저작물,○,상업적이용가능,○,○,○,○,○,○,○,-,2090-03-03 00:00:00,-,-
,3695,어문,보고서,국회도서관,국회법률도서관,home>발간물>최신외국입법정보,"스토킹 관련 독일, 영국, 일본 입법례",-,2020-02-25 00:00:00,1,미부착 ,제1유형,유,-,"스토킹 관련 독일, 영국, 일본 입법례",-,어문,문서,-,법률,한국어,-,2020-02-25 00:00:00,-,국회도서관,-,-,-,제1유형,저작물,보호저작물,○,상업적이용가능,○,○,○,○,○,○,○,-,2090-02-25 00:00:00,-,-
,3696,어문,보고서,국회도서관,국회법률도서관,home>발간물>최신외국입법정보,EU·독일의 중소기업 혁신성장 관련 입법례,-,2020-02-18 00:00:00,1,미부착 ,제1유형,유,-,EU·독일의 중소기업 혁신성장 관련 입법례,-,어문,문서,-,법률,한국어,-,2020-02-18 00:00:00,-,국회도서관,-,-,-,제1유형,저작물,보호저작물,○,상업적이용가능,○,○,○,○,○,○,○,-,2090-02-18 00:00:00,-,-
,3697,어문,보고서,국회도서관,국회법률도서관,home>발간물>최신외국입법정보,베이비박스 법적 지원 관련 미국 입법례,-,2020-02-11 00:00:00,1,미부착 ,제1유형,유,-,베이비박스 법적 지원 관련 미국 입법례,-,어문,문서,-,법률,한국어,-,2020-02-11 00:00:00,-,국회도서관,-,-,-,제1유형,저작물,보호저작물,○,상업적이용가능,○,○,○,○,○,○,○,-,2090-02-11 00:00:00,-,-
,3698,어문,보고서,국회도서관,국회법률도서관,home>발간물>최신외국입법정보,디지털 플랫폼 독점규제 글로벌 입법동향,-,2020-02-04 00:00:00,1,미부착 ,제1유형,유,-,디지털 플랫폼 독점규제 글로벌 입법동향,-,어문,문서,-,법률,한국어,-,2020-02-04 00:00:00,-,국회도서관,-,-,-,제1유형,저작물,보호저작물,○,상업적이용가능,○,○,○,○,○,○,○,-,2090-02-04 00:00:00,-,-
,3699,어문,보고서,국회도서관,국회법률도서관,home>발간물>최신외국입법정보,"양육비 이행확보 관련 독일, 프랑스, 영국 입법례",-,2019-12-17 00:00:00,1,미부착 ,제1유형,유,-,"양육비 이행확보 관련 독일, 프랑스, 영국 입법례",-,어문,문서,-,법률,한국어,-,2019-12-17 00:00:00,-,국회도서관,-,-,-,제1유형,저작물,보호저작물,○,상업적이용가능,○,○,○,○,○,○,○,-,2089-12-17 00:00:00,-,-
,3700,어문,보고서,국회도서관,국회법률도서관,home>발간물>최신외국입법정보,C형 간염 국가검진제도 입법례,-,2019-12-10 00:00:00,1,미부착 ,제1유형,유,-,C형 간염 국가검진제도 입법례,-,어문,문서,-,법률,한국어,-,2019-12-10 00:00:00,-,국회도서관,-,-,-,제1유형,저작물,보호저작물,○,상업적이용가능,○,○,○,○,○,○,○,-,2089-12-10 00:00:00,-,-
,3701,어문,보고서,국회도서관,국회법률도서관,home>발간물>최신외국입법정보,에듀테크(EduTech) 관련 미국·일본 입법례,-,2019-12-03 00:00:00,1,미부착 ,제1유형,유,-,에듀테크(EduTech) 관련 미국·일본 입법례,-,어문,문서,-,법률,한국어,-,2019-12-03 00:00:00,-,국회도서관,-,-,-,제1유형,저작물,보호저작물,○,상업적이용가능,○,○,○,○,○,○,○,-,2089-12-03 00:00:00,-,-
,3702,어문,보고서,국회도서관,국회법률도서관,home>발간물>최신외국입법정보,"성년후견제도 관련 프랑스, 독일 입법례",-,2019-11-26 00:00:00,1,미부착 ,제1유형,유,-,"성년후견제도 관련 프랑스, 독일 입법례",-,어문,문서,-,법률,한국어,-,2019-11-26 00:00:00,-,국회도서관,-,-,-,제1유형,저작물,보호저작물,○,상업적이용가능,○,○,○,○,○,○,○,-,2089-11-26 00:00:00,-,-
,3703,어문,보고서,국회도서관,국회법률도서관,home>발간물>최신외국입법정보,유럽의 허위조작정보 대응 입법례,-,2019-11-19 00:00:00,1,미부착 ,제1유형,유,-,유럽의 허위조작정보 대응 입법례,-,어문,문서,-,법률,한국어,-,2019-11-19 00:00:00,-,국회도서관,-,-,-,제1유형,저작물,보호저작물,○,상업적이용가능,○,○,○,○,○,○,○,-,2089-11-19 00:00:00,-,-
,3704,어문,보고서,국회도서관,국회법률도서관,home>발간물>최신외국입법정보,1인 미디어 관련 EU·호주 입법례,-,2019-11-12 00:00:00,1,미부착 ,제1유형,유,-,1인 미디어 관련 EU·호주 입법례,-,어문,문서,-,법률,한국어,-,2019-11-12 00:00:00,-,국회도서관,-,-,-,제1유형,저작물,보호저작물,○,상업적이용가능,○,○,○,○,○,○,○,-,2089-11-12 00:00:00,-,-
,3705,어문,보고서,국회도서관,국회법률도서관,home>발간물>최신외국입법정보,식품로스・식품폐기물 감축 입법례,-,2019-11-05 00:00:00,1,미부착 ,제1유형,유,-,식품로스・식품폐기물 감축 입법례,-,어문,문서,-,법률,한국어,-,2019-11-05 00:00:00,-,국회도서관,-,-,-,제1유형,저작물,보호저작물,○,상업적이용가능,○,○,○,○,○,○,○,-,2089-11-05 00:00:00,-,-
,3706,어문,보고서,국회도서관,국회법률도서관,home>발간물>최신외국입법정보,인공지능의 빅데이터 활용과 저작권법,-,2019-10-29 00:00:00,1,미부착 ,제1유형,유,-,인공지능의 빅데이터 활용과 저작권법,-,어문,문서,-,법률,한국어,-,2019-10-29 00:00:00,-,국회도서관,-,-,-,제1유형,저작물,보호저작물,○,상업적이용가능,○,○,○,○,○,○,○,-,2089-10-29 00:00:00,-,-
,3707,어문,보고서,국회도서관,국회법률도서관,home>발간물>최신외국입법정보,고령자 한정운전면허 입법례,-,2019-10-22 00:00:00,1,미부착 ,제1유형,유,-,고령자 한정운전면허 입법례,-,어문,문서,-,법률,한국어,-,2019-10-22 00:00:00,-,국회도서관,-,-,-,제1유형,저작물,보호저작물,○,상업적이용가능,○,○,○,○,○,○,○,-,2089-10-22 00:00:00,-,-
,3708,어문,보고서,국회도서관,국회법률도서관,home>발간물>최신외국입법정보,"낙태 허용 요건과 프랑스, 독일, 일본 입법례",-,2019-10-08 00:00:00,1,미부착 ,제1유형,유,-,"낙태 허용 요건과 프랑스, 독일, 일본 입법례",-,어문,문서,-,법률,한국어,-,2019-10-08 00:00:00,-,국회도서관,-,-,-,제1유형,저작물,보호저작물,○,상업적이용가능,○,○,○,○,○,○,○,-,2089-10-08 00:00:00,-,-
,3709,어문,보고서,국회도서관,국회법률도서관,home>발간물>최신외국입법정보,보행자 통행권과 미국·독일 입법례,-,2019-09-25 00:00:00,1,미부착 ,제1유형,유,-,보행자 통행권과 미국·독일 입법례,-,어문,문서,-,법률,한국어,-,2019-09-25 00:00:00,-,국회도서관,-,-,-,제1유형,저작물,보호저작물,○,상업적이용가능,○,○,○,○,○,○,○,-,2089-09-25 00:00:00,-,-
,3710,어문,보고서,국회도서관,국회법률도서관,home>발간물>최신외국입법정보,미국·영국 플랫폼 노동자 입법례,-,2019-09-16 00:00:00,1,미부착 ,제1유형,유,-,미국·영국 플랫폼 노동자 입법례,-,어문,문서,-,법률,한국어,-,2019-09-16 00:00:00,-,국회도서관,-,-,-,제1유형,저작물,보호저작물,○,상업적이용가능,○,○,○,○,○,○,○,-,2089-09-16 00:00:00,-,-
,3711,어문,보고서,국회도서관,국회법률도서관,home>발간물>최신외국입법정보,직장 내 괴롭힘 금지법 실효성 강화 입법례,-,2019-09-10 00:00:00,1,미부착 ,제1유형,유,-,직장 내 괴롭힘 금지법 실효성 강화 입법례,-,어문,문서,-,법률,한국어,-,2019-09-10 00:00:00,-,국회도서관,-,-,-,제1유형,저작물,보호저작물,○,상업적이용가능,○,○,○,○,○,○,○,-,2089-09-10 00:00:00,-,-
,3712,어문,보고서,국회도서관,국회법률도서관,home>발간물>최신외국입법정보,플랫폼 운송사업의 소비자 안전 입법례,-,2019-09-03 00:00:00,1,미부착 ,제1유형,유,-,플랫폼 운송사업의 소비자 안전 입법례,-,어문,문서,-,법률,한국어,-,2019-09-03 00:00:00,-,국회도서관,-,-,-,제1유형,저작물,보호저작물,○,상업적이용가능,○,○,○,○,○,○,○,-,2089-09-03 00:00:00,-,-
,3713,어문,보고서,국회도서관,국회법률도서관,home>발간물>최신외국입법정보,블록체인 기반 가상통화의 제도권 진입,-,2019-08-28 00:00:00,1,미부착 ,제1유형,유,-,블록체인 기반 가상통화의 제도권 진입,-,어문,문서,-,법률,한국어,-,2019-08-28 00:00:00,-,국회도서관,-,-,-,제1유형,저작물,보호저작물,○,상업적이용가능,○,○,○,○,○,○,○,-,2089-08-28 00:00:00,-,-
,3714,어문,보고서,국회도서관,국회법률도서관,home>발간물>최신외국입법정보,개물림사고 방지 입법례,-,2019-08-14 00:00:00,1,미부착 ,제1유형,유,-,개물림사고 방지 입법례,-,어문,문서,-,법률,한국어,-,2019-08-14 00:00:00,-,국회도서관,-,-,-,제1유형,저작물,보호저작물,○,상업적이용가능,○,○,○,○,○,○,○,-,2089-08-14 00:00:00,-,-
,3715,어문,보고서,국회도서관,국회법률도서관,home>발간물>최신외국입법정보,일본 정부의 수출규제 강화와 WTO 제소 시 법적 쟁점,-,2019-08-07 00:00:00,1,미부착 ,제1유형,유,-,일본 정부의 수출규제 강화와 WTO 제소 시 법적 쟁점,-,어문,문서,-,법률,한국어,-,2019-08-07 00:00:00,-,국회도서관,-,-,-,제1유형,저작물,보호저작물,○,상업적이용가능,○,○,○,○,○,○,○,-,2089-08-07 00:00:00,-,-
,3716,어문,보고서,국회도서관,국회법률도서관,home>발간물>최신외국입법정보,수사기관의 드론 사용 관련 입법례,-,2019-07-24 00:00:00,1,미부착 ,제1유형,유,-,수사기관의 드론 사용 관련 입법례,-,어문,문서,-,법률,한국어,-,2019-07-24 00:00:00,-,국회도서관,-,-,-,제1유형,저작물,보호저작물,○,상업적이용가능,○,○,○,○,○,○,○,-,2089-07-24 00:00:00,-,-
,3717,어문,보고서,국회도서관,국회법률도서관,home>발간물>최신외국입법정보,법의관 제도 입법례,-,2019-07-17 00:00:00,1,미부착 ,제1유형,유,-,법의관 제도 입법례,-,어문,문서,-,법률,한국어,-,2019-07-17 00:00:00,-,국회도서관,-,-,-,제1유형,저작물,보호저작물,○,상업적이용가능,○,○,○,○,○,○,○,-,2089-07-17 00:00:00,-,-
,3718,어문,보고서,국회도서관,국회법률도서관,home>발간물>최신외국입법정보,아동·청소년 연기자 보호 입법례,-,2019-07-10 00:00:00,1,미부착 ,제1유형,유,-,아동·청소년 연기자 보호 입법례,-,어문,문서,-,법률,한국어,-,2019-07-10 00:00:00,-,국회도서관,-,-,-,제1유형,저작물,보호저작물,○,상업적이용가능,○,○,○,○,○,○,○,-,2089-07-10 00:00:00,-,-
,3719,어문,보고서,국회도서관,국회법률도서관,home>발간물>최신외국입법정보,연명치료중단 확대 관련 입법례,-,2019-06-26 00:00:00,1,미부착 ,제1유형,유,-,연명치료중단 확대 관련 입법례,-,어문,문서,-,법률,한국어,-,2019-06-26 00:00:00,-,국회도서관,-,-,-,제1유형,저작물,보호저작물,○,상업적이용가능,○,○,○,○,○,○,○,-,2089-06-26 00:00:00,-,-
,3720,어문,보고서,국회도서관,국회법률도서관,home>발간물>최신외국입법정보,숙박공유 서비스 법제화 방안,-,2019-06-12 00:00:00,1,미부착 ,제1유형,유,-,숙박공유 서비스 법제화 방안,-,어문,문서,-,법률,한국어,-,2019-06-12 00:00:00,-,국회도서관,-,-,-,제1유형,저작물,보호저작물,○,상업적이용가능,○,○,○,○,○,○,○,-,2089-06-12 00:00:00,-,-
,3721,어문,보고서,국회도서관,국회법률도서관,home>발간물>최신외국입법정보,디지털시민성과 영국·호주 입법례(SNS를 중심으로),-,2019-06-05 00:00:00,1,미부착 ,제1유형,유,-,디지털시민성과 영국·호주 입법례(SNS를 중심으로),-,어문,문서,-,법률,한국어,-,2019-06-05 00:00:00,-,국회도서관,-,-,-,제1유형,저작물,보호저작물,○,상업적이용가능,○,○,○,○,○,○,○,-,2089-06-05 00:00:00,-,-
,3722,어문,보고서,국회도서관,국회법률도서관,home>발간물>최신외국입법정보,재판매규제 - 온라인티켓 관련 입법례,-,2019-05-29 00:00:00,1,미부착 ,제1유형,유,-,재판매규제 - 온라인티켓 관련 입법례,-,어문,문서,-,법률,한국어,-,2019-05-29 00:00:00,-,국회도서관,-,-,-,제1유형,저작물,보호저작물,○,상업적이용가능,○,○,○,○,○,○,○,-,2089-05-29 00:00:00,-,-
,3723,어문,보고서,국회도서관,국회법률도서관,home>발간물>최신외국입법정보,독일 전기자동차 입법례,-,2019-05-22 00:00:00,1,미부착 ,제1유형,유,-,독일 전기자동차 입법례,-,어문,문서,-,법률,한국어,-,2019-05-22 00:00:00,-,국회도서관,-,-,-,제1유형,저작물,보호저작물,○,상업적이용가능,○,○,○,○,○,○,○,-,2089-05-22 00:00:00,-,-
,3724,어문,보고서,국회도서관,국회법률도서관,home>발간물>최신외국입법정보,부정구매규제 - 온라인티켓 관련 입법례,-,2019-05-15 00:00:00,1,미부착 ,제1유형,유,-,부정구매규제 - 온라인티켓 관련 입법례,-,어문,문서,-,법률,한국어,-,2019-05-15 00:00:00,-,국회도서관,-,-,-,제1유형,저작물,보호저작물,○,상업적이용가능,○,○,○,○,○,○,○,-,2089-05-15 00:00:00,-,-
,3725,어문,보고서,국회도서관,국회법률도서관,home>발간물>최신외국입법정보,영국 데이터보호법과 브렉시트,-,2019-05-02 00:00:00,1,미부착 ,제1유형,유,-,영국 데이터보호법과 브렉시트,-,어문,문서,-,법률,한국어,-,2019-05-02 00:00:00,-,국회도서관,-,-,-,제1유형,저작물,보호저작물,○,상업적이용가능,○,○,○,○,○,○,○,-,2089-05-02 00:00:00,-,-
,3726,어문,보고서,국회도서관,국회법률도서관,home>발간물>최신외국입법정보,소비자의 공정한 온라인 리뷰 입법례,-,2019-04-24 00:00:00,1,미부착 ,제1유형,유,-,소비자의 공정한 온라인 리뷰 입법례,-,어문,문서,-,법률,한국어,-,2019-04-24 00:00:00,-,국회도서관,-,-,-,제1유형,저작물,보호저작물,○,상업적이용가능,○,○,○,○,○,○,○,-,2089-04-24 00:00:00,-,-
,3727,어문,보고서,국회도서관,국회법률도서관,home>발간물>최신외국입법정보,미국·일본 규제 샌드박스(Regulatory Sandbox) 입법례,-,2019-04-17 00:00:00,1,미부착 ,제1유형,유,-,미국·일본 규제 샌드박스(Regulatory Sandbox) 입법례,-,어문,문서,-,법률,한국어,-,2019-04-17 00:00:00,-,국회도서관,-,-,-,제1유형,저작물,보호저작물,○,상업적이용가능,○,○,○,○,○,○,○,-,2089-04-17 00:00:00,-,-
,3728,어문,보고서,국회도서관,국회법률도서관,home>발간물>최신외국입법정보,"초국가 환경피해 관련 주요 사례와 국제법(초미세먼지, 방사능 오염수를 중심으로)",-,2019-04-03 00:00:00,1,미부착 ,제1유형,유,-,"초국가 환경피해 관련 주요 사례와 국제법(초미세먼지, 방사능 오염수를 중심으로)",-,어문,문서,-,법률,한국어,-,2019-04-03 00:00:00,-,국회도서관,-,-,-,제1유형,저작물,보호저작물,○,상업적이용가능,○,○,○,○,○,○,○,-,2089-04-03 00:00:00,-,-
,3729,어문,보고서,국회도서관,국회법률도서관,home>발간물>최신외국입법정보,유치원 공공성 강화 입법례,-,2019-03-27 00:00:00,1,미부착 ,제1유형,유,-,유치원 공공성 강화 입법례,-,어문,문서,-,법률,한국어,-,2019-03-27 00:00:00,-,국회도서관,-,-,-,제1유형,저작물,보호저작물,○,상업적이용가능,○,○,○,○,○,○,○,-,2089-03-27 00:00:00,-,-
,3730,어문,보고서,국회도서관,국회법률도서관,home>발간물>최신외국입법정보,미국 데이터 프라이버시법,-,2019-03-20 00:00:00,1,미부착 ,제1유형,유,-,미국 데이터 프라이버시법,-,어문,문서,-,법률,한국어,-,2019-03-20 00:00:00,-,국회도서관,-,-,-,제1유형,저작물,보호저작물,○,상업적이용가능,○,○,○,○,○,○,○,-,2089-03-20 00:00:00,-,-
,3731,어문,보고서,국회도서관,국회법률도서관,home>발간물>최신외국입법정보,음주운전 처벌강화 입법례,-,2019-03-13 00:00:00,1,미부착 ,제1유형,유,-,음주운전 처벌강화 입법례,-,어문,문서,-,법률,한국어,-,2019-03-13 00:00:00,-,국회도서관,-,-,-,제1유형,저작물,보호저작물,○,상업적이용가능,○,○,○,○,○,○,○,-,2089-03-13 00:00:00,-,-
,3732,어문,보고서,국회도서관,국회법률도서관,home>발간물>최신외국입법정보,핀테크(Fintech)에 관한 국제적 동향과 입법과제,-,2018-12-06 00:00:00,1,미부착 ,제1유형,유,-,핀테크(Fintech)에 관한 국제적 동향과 입법과제,-,어문,문서,-,법률,한국어,-,2018-12-06 00:00:00,-,국회도서관,-,-,-,제1유형,저작물,보호저작물,○,상업적이용가능,○,○,○,○,○,○,○,-,2088-12-06 00:00:00,-,-
,3733,어문,보고서,국회도서관,국회법률도서관,home>발간물>최신외국입법정보,온라인분쟁해결제도에 관한 국제적 동향 및 시사점,-,2018-11-16 00:00:00,1,미부착 ,제1유형,유,-,온라인분쟁해결제도에 관한 국제적 동향 및 시사점,-,어문,문서,-,법률,한국어,-,2018-11-16 00:00:00,-,국회도서관,-,-,-,제1유형,저작물,보호저작물,○,상업적이용가능,○,○,○,○,○,○,○,-,2088-11-16 00:00:00,-,-
,3734,어문,보고서,국회도서관,국회법률도서관,home>발간물>최신외국입법정보,인공지능과 불법행위책임: 유럽의회 결의안을 중심으로,-,2018-08-23 00:00:00,1,미부착 ,제1유형,유,-,인공지능과 불법행위책임: 유럽의회 결의안을 중심으로,-,어문,문서,-,법률,한국어,-,2018-08-23 00:00:00,-,국회도서관,-,-,-,제1유형,저작물,보호저작물,○,상업적이용가능,○,○,○,○,○,○,○,-,2088-08-23 00:00:00,-,-
,3735,어문,보고서,국회도서관,국회법률도서관,home>발간물>최신외국입법정보,동물과의 공존을 위한 미국 입법례,-,2018-07-19 00:00:00,1,미부착 ,제1유형,유,-,동물과의 공존을 위한 미국 입법례,-,어문,문서,-,법률,한국어,-,2018-07-19 00:00:00,-,국회도서관,-,-,-,제1유형,저작물,보호저작물,○,상업적이용가능,○,○,○,○,○,○,○,-,2088-07-19 00:00:00,-,-
,3736,어문,보고서,국회도서관,국회법률도서관,home>발간물>최신외국입법정보,독일의 국가정보기관과 통제 관련 입법례,-,2018-05-31 00:00:00,1,미부착 ,제1유형,유,-,독일의 국가정보기관과 통제 관련 입법례,-,어문,문서,-,법률,한국어,-,2018-05-31 00:00:00,-,국회도서관,-,-,-,제1유형,저작물,보호저작물,○,상업적이용가능,○,○,○,○,○,○,○,-,2088-05-31 00:00:00,-,-
,3737,어문,보고서,국회도서관,국회법률도서관,home>발간물>최신외국입법정보,공공기관 채용절차의 공정성 확보를 위한 입법과제: OECD 기구 직원 채용절차를 중심으로,-,2018-05-10 00:00:00,1,미부착 ,제1유형,유,-,공공기관 채용절차의 공정성 확보를 위한 입법과제: OECD 기구 직원 채용절차를 중심으로,-,어문,문서,-,법률,한국어,-,2018-05-10 00:00:00,-,국회도서관,-,-,-,제1유형,저작물,보호저작물,○,상업적이용가능,○,○,○,○,○,○,○,-,2088-05-10 00:00:00,-,-
,3738,어문,보고서,국회도서관,국회법률도서관,home>발간물>최신외국입법정보,120년 만에 개정된 일본 민법 채권관계의 주요내용: 시효제도·법정이율·개인보증·약관 규제,-,2018-04-26 00:00:00,1,미부착 ,제1유형,유,-,120년 만에 개정된 일본 민법 채권관계의 주요내용: 시효제도·법정이율·개인보증·약관 규제,-,어문,문서,-,법률,한국어,-,2018-04-26 00:00:00,-,국회도서관,-,-,-,제1유형,저작물,보호저작물,○,상업적이용가능,○,○,○,○,○,○,○,-,2088-04-26 00:00:00,-,-
,3739,어문,보고서,국회도서관,국회법률도서관,home>발간물>최신외국입법정보,"공공데이터 개방 관련 외국 입법례: 프랑스, EU, 영국, 미국",-,2018-04-04 00:00:00,1,미부착 ,제1유형,유,-,"공공데이터 개방 관련 외국 입법례: 프랑스, EU, 영국, 미국",-,어문,문서,-,법률,한국어,-,2018-04-04 00:00:00,-,국회도서관,-,-,-,제1유형,저작물,보호저작물,○,상업적이용가능,○,○,○,○,○,○,○,-,2088-04-04 00:00:00,-,-
,3740,어문,보고서,국회도서관,국회법률도서관,home>발간물>최신외국입법정보,전략적 봉쇄소송 금지에 관한 미국 입법례,-,2017-11-30 00:00:00,1,미부착 ,제1유형,유,-,전략적 봉쇄소송 금지에 관한 미국 입법례,-,어문,문서,-,법률,한국어,-,2017-11-30 00:00:00,-,국회도서관,-,-,-,제1유형,저작물,보호저작물,○,상업적이용가능,○,○,○,○,○,○,○,-,2087-11-30 00:00:00,-,-
,3741,어문,보고서,국회도서관,국회법률도서관,home>발간물>최신외국입법정보,독일의 청소년사법제도 관련 입법례 Ⅱ: 청소년법원조직과 청소년형사절차,-,2017-11-27 00:00:00,1,미부착 ,제1유형,유,-,독일의 청소년사법제도 관련 입법례 Ⅱ: 청소년법원조직과 청소년형사절차,-,어문,문서,-,법률,한국어,-,2017-11-27 00:00:00,-,국회도서관,-,-,-,제1유형,저작물,보호저작물,○,상업적이용가능,○,○,○,○,○,○,○,-,2087-11-27 00:00:00,-,-
,3742,어문,보고서,국회도서관,국회법률도서관,home>발간물>최신외국입법정보,독일의 위성정보보안 관련 입법례,-,2017-11-23 00:00:00,1,미부착 ,제1유형,유,-,독일의 위성정보보안 관련 입법례,-,어문,문서,-,법률,한국어,-,2017-11-23 00:00:00,-,국회도서관,-,-,-,제1유형,저작물,보호저작물,○,상업적이용가능,○,○,○,○,○,○,○,-,2087-11-23 00:00:00,-,-
,3743,어문,보고서,국회도서관,국회법률도서관,home>발간물>최신외국입법정보,독일의 청소년사법제도 관련 입법례 Ⅰ:「청소년법원법」상 제재의 체계와 기본원칙,-,2017-10-31 00:00:00,1,미부착 ,제1유형,유,-,독일의 청소년사법제도 관련 입법례 Ⅰ:「청소년법원법」상 제재의 체계와 기본원칙,-,어문,문서,-,법률,한국어,-,2017-10-31 00:00:00,-,국회도서관,-,-,-,제1유형,저작물,보호저작물,○,상업적이용가능,○,○,○,○,○,○,○,-,2087-10-31 00:00:00,-,-
,3744,어문,보고서,국회도서관,국회법률도서관,home>발간물>최신외국입법정보,가상통화 규제와 입법례,-,2017-10-27 00:00:00,1,미부착 ,제1유형,유,-,가상통화 규제와 입법례,-,어문,문서,-,법률,한국어,-,2017-10-27 00:00:00,-,국회도서관,-,-,-,제1유형,저작물,보호저작물,○,상업적이용가능,○,○,○,○,○,○,○,-,2087-10-27 00:00:00,-,-
,3745,어문,보고서,국회도서관,국회법률도서관,home>발간물>최신외국입법정보,자율주행자동차 관련 미국 입법례,-,2017-09-29 00:00:00,1,미부착 ,제1유형,유,-,자율주행자동차 관련 미국 입법례,-,어문,문서,-,법률,한국어,-,2017-09-29 00:00:00,-,국회도서관,-,-,-,제1유형,저작물,보호저작물,○,상업적이용가능,○,○,○,○,○,○,○,-,2087-09-29 00:00:00,-,-
,3746,어문,보고서,국회도서관,국회법률도서관,home>발간물>최신외국입법정보,공정거래 Ⅱ-빅데이터와 시장지배적 지위 남용,-,2017-08-24 00:00:00,1,미부착 ,제1유형,유,-,공정거래 Ⅱ-빅데이터와 시장지배적 지위 남용,-,어문,문서,-,법률,한국어,-,2017-08-24 00:00:00,-,국회도서관,-,-,-,제1유형,저작물,보호저작물,○,상업적이용가능,○,○,○,○,○,○,○,-,2087-08-24 00:00:00,-,-
,3747,어문,보고서,국회도서관,국회법률도서관,home>발간물>최신외국입법정보,"독일의 식품안전 관리: 「식품, 생활용품 및 사료법」을 중심으로",-,2017-08-10 00:00:00,1,미부착 ,제1유형,유,-,"독일의 식품안전 관리: 「식품, 생활용품 및 사료법」을 중심으로",-,어문,문서,-,법률,한국어,-,2017-08-10 00:00:00,-,국회도서관,-,-,-,제1유형,저작물,보호저작물,○,상업적이용가능,○,○,○,○,○,○,○,-,2087-08-10 00:00:00,-,-
,3748,어문,보고서,국회도서관,국회법률도서관,home>발간물>최신외국입법정보,공정거래Ⅰ-공정거래위원회의 독립성과 위상 강화,-,2017-07-06 00:00:00,1,미부착 ,제1유형,유,-,공정거래Ⅰ-공정거래위원회의 독립성과 위상 강화,-,어문,문서,-,법률,한국어,-,2017-07-06 00:00:00,-,국회도서관,-,-,-,제1유형,저작물,보호저작물,○,상업적이용가능,○,○,○,○,○,○,○,-,2087-07-06 00:00:00,-,-
,3749,어문,보고서,국회도서관,국회법률도서관,home>발간물>최신외국입법정보,오스트리아의 산란계 밀집사육 금지 관련 입법례,-,2017-03-27 00:00:00,1,미부착 ,제1유형,유,-,오스트리아의 산란계 밀집사육 금지 관련 입법례,-,어문,문서,-,법률,한국어,-,2017-03-27 00:00:00,-,국회도서관,-,-,-,제1유형,저작물,보호저작물,○,상업적이용가능,○,○,○,○,○,○,○,-,2087-03-27 00:00:00,-,-
,3750,어문,보고서,국회도서관,국회법률도서관,home>발간물>최신외국입법정보,"공정거래위원회 전속고발제도와 담합에 대한 형사적 제재 : 미국, 영국, 일본의 법률과 제도",-,2017-03-15 00:00:00,1,미부착 ,제1유형,유,-,"공정거래위원회 전속고발제도와 담합에 대한 형사적 제재 : 미국, 영국, 일본의 법률과 제도",-,어문,문서,-,법률,한국어,-,2017-03-15 00:00:00,-,국회도서관,-,-,-,제1유형,저작물,보호저작물,○,상업적이용가능,○,○,○,○,○,○,○,-,2087-03-15 00:00:00,-,-
,3751,어문,보고서,국회도서관,국회법률도서관,home>발간물>최신외국입법정보,일본의 고향사랑 조세제도 관련 입법례,-,2017-01-25 00:00:00,1,미부착 ,제1유형,유,-,일본의 고향사랑 조세제도 관련 입법례,-,어문,문서,-,법률,한국어,-,2017-01-25 00:00:00,-,국회도서관,-,-,-,제1유형,저작물,보호저작물,○,상업적이용가능,○,○,○,○,○,○,○,-,2087-01-25 00:00:00,-,-
,3752,어문,보고서,국회도서관,국회법률도서관,home>발간물>최신외국입법정보,통합적 물관리 관련 입법례: 독일의 「물관리법」을 중심으로,-,2016-12-23 00:00:00,1,미부착 ,제1유형,유,-,통합적 물관리 관련 입법례: 독일의 「물관리법」을 중심으로,-,어문,문서,-,법률,한국어,-,2016-12-23 00:00:00,-,국회도서관,-,-,-,제1유형,저작물,보호저작물,○,상업적이용가능,○,○,○,○,○,○,○,-,2086-12-23 00:00:00,-,-
,3753,어문,보고서,국회도서관,국회법률도서관,home>발간물>최신외국입법정보,독일의 난민 관련 입법례,-,2016-12-16 00:00:00,1,미부착 ,제1유형,유,-,독일의 난민 관련 입법례,-,어문,문서,-,법률,한국어,-,2016-12-16 00:00:00,-,국회도서관,-,-,-,제1유형,저작물,보호저작물,○,상업적이용가능,○,○,○,○,○,○,○,-,2086-12-16 00:00:00,-,-
,3754,어문,보고서,국회도서관,국회법률도서관,home>발간물>최신외국입법정보,제4차 산업혁명의 의료부문 디지털화를 위한 입법례: 독일의 E-헬스법,-,2016-12-07 00:00:00,1,미부착 ,제1유형,유,-,제4차 산업혁명의 의료부문 디지털화를 위한 입법례: 독일의 E-헬스법,-,어문,문서,-,법률,한국어,-,2016-12-07 00:00:00,-,국회도서관,-,-,-,제1유형,저작물,보호저작물,○,상업적이용가능,○,○,○,○,○,○,○,-,2086-12-07 00:00:00,-,-
,3755,어문,보고서,국회도서관,국회법률도서관,home>발간물>최신외국입법정보,기업지배구조에 관한 외국의 입법례 제2편: 사외이사와 근로자의 경영참여,-,2016-12-01 00:00:00,1,미부착 ,제1유형,유,-,기업지배구조에 관한 외국의 입법례 제2편: 사외이사와 근로자의 경영참여,-,어문,문서,-,법률,한국어,-,2016-12-01 00:00:00,-,국회도서관,-,-,-,제1유형,저작물,보호저작물,○,상업적이용가능,○,○,○,○,○,○,○,-,2086-12-01 00:00:00,-,-
,3756,어문,보고서,국회도서관,국회법률도서관,home>발간물>최신외국입법정보,기업지배구조에 관한 외국의 입법례 제1편: 사외이사와 집행임원,-,2016-10-28 00:00:00,1,미부착 ,제1유형,유,-,기업지배구조에 관한 외국의 입법례 제1편: 사외이사와 집행임원,-,어문,문서,-,법률,한국어,-,2016-10-28 00:00:00,-,국회도서관,-,-,-,제1유형,저작물,보호저작물,○,상업적이용가능,○,○,○,○,○,○,○,-,2086-10-28 00:00:00,-,-
,3757,어문,보고서,국회도서관,국회법률도서관,home>발간물>최신외국입법정보,무인항공기 관련 오스트리아 입법례: 무인항공기의 법적 분류와 안전관리를 중심으로,-,2016-07-11 00:00:00,1,미부착 ,제1유형,유,-,무인항공기 관련 오스트리아 입법례: 무인항공기의 법적 분류와 안전관리를 중심으로,-,어문,문서,-,법률,한국어,-,2016-07-11 00:00:00,-,국회도서관,-,-,-,제1유형,저작물,보호저작물,○,상업적이용가능,○,○,○,○,○,○,○,-,2086-07-11 00:00:00,-,-
,3758,어문,보고서,국회도서관,국회법률도서관,home>발간물>최신외국입법정보,과학기술 국가연구개발사업의 지배구조와 평가에 관한 외국의 입법례,-,2016-06-27 00:00:00,1,미부착 ,제1유형,유,-,과학기술 국가연구개발사업의 지배구조와 평가에 관한 외국의 입법례,-,어문,문서,-,법률,한국어,-,2016-06-27 00:00:00,-,국회도서관,-,-,-,제1유형,저작물,보호저작물,○,상업적이용가능,○,○,○,○,○,○,○,-,2086-06-27 00:00:00,-,-
,3759,어문,보고서,국회도서관,국회법률도서관,home>발간물>최신외국입법정보,아동학대 신고의무 관련 법률 및 미국 입법례,-,2016-06-03 00:00:00,1,미부착 ,제1유형,유,-,아동학대 신고의무 관련 법률 및 미국 입법례,-,어문,문서,-,법률,한국어,-,2016-06-03 00:00:00,-,국회도서관,-,-,-,제1유형,저작물,보호저작물,○,상업적이용가능,○,○,○,○,○,○,○,-,2086-06-03 00:00:00,-,-
,3760,어문,보고서,국회도서관,국회법률도서관,home>발간물>최신외국입법정보,경제특구의 노사관계에 관한 미국의 입법례와 입법적인 대안,-,2016-05-12 00:00:00,1,미부착 ,제1유형,유,-,경제특구의 노사관계에 관한 미국의 입법례와 입법적인 대안,-,어문,문서,-,법률,한국어,-,2016-05-12 00:00:00,-,국회도서관,-,-,-,제1유형,저작물,보호저작물,○,상업적이용가능,○,○,○,○,○,○,○,-,2086-05-12 00:00:00,-,-
,3761,어문,보고서,국회도서관,국회법률도서관,home>발간물>최신외국입법정보,기업의 사업재편 관련 일본 입법례,-,2016-03-24 00:00:00,1,미부착 ,제1유형,유,-,기업의 사업재편 관련 일본 입법례,-,어문,문서,-,법률,한국어,-,2016-03-24 00:00:00,-,국회도서관,-,-,-,제1유형,저작물,보호저작물,○,상업적이용가능,○,○,○,○,○,○,○,-,2086-03-24 00:00:00,-,-
,3762,어문,보고서,국회도서관,국회법률도서관,home>발간물>최신외국입법정보,소멸시효 완성 채권의 불공정추심행위 규제에 관한 미국 입법례,-,2016-02-29 00:00:00,1,미부착 ,제1유형,유,-,소멸시효 완성 채권의 불공정추심행위 규제에 관한 미국 입법례,-,어문,문서,-,법률,한국어,-,2016-02-29 00:00:00,-,국회도서관,-,-,-,제1유형,저작물,보호저작물,○,상업적이용가능,○,○,○,○,○,○,○,-,2086-02-28 00:00:00,-,-
,3763,어문,보고서,국회도서관,국회법률도서관,home>발간물>최신외국입법정보,무단결석에 관한 미국의 입법례와 시사점,-,2016-02-05 00:00:00,1,미부착 ,제1유형,유,-,무단결석에 관한 미국의 입법례와 시사점,-,어문,문서,-,법률,한국어,-,2016-02-05 00:00:00,-,국회도서관,-,-,-,제1유형,저작물,보호저작물,○,상업적이용가능,○,○,○,○,○,○,○,-,2086-02-05 00:00:00,-,-
,3764,어문,보고서,국회도서관,국회법률도서관,home>발간물>최신외국입법정보,미국의 통신자료요청제도에 관한 입법례,-,2015-12-16 00:00:00,1,미부착 ,제1유형,유,-,미국의 통신자료요청제도에 관한 입법례,-,어문,문서,-,법률,한국어,-,2015-12-16 00:00:00,-,국회도서관,-,-,-,제1유형,저작물,보호저작물,○,상업적이용가능,○,○,○,○,○,○,○,-,2085-12-16 00:00:00,-,-
,3765,어문,보고서,국회도서관,국회법률도서관,home>발간물>최신외국입법정보,성범죄에 관한 독일 입법례: 지위를 이용한 성적 남용(Sexueller Mißbrauch)을 중심으로,-,2015-11-23 00:00:00,1,미부착 ,제1유형,유,-,성범죄에 관한 독일 입법례: 지위를 이용한 성적 남용(Sexueller Mißbrauch)을 중심으로,-,어문,문서,-,법률,한국어,-,2015-11-23 00:00:00,-,국회도서관,-,-,-,제1유형,저작물,보호저작물,○,상업적이용가능,○,○,○,○,○,○,○,-,2085-11-23 00:00:00,-,-
,3766,어문,보고서,국회도서관,국회법률도서관,home>발간물>최신외국입법정보,보험 사기에 관한 외국의 입법례와 시사점,-,2015-11-18 00:00:00,1,미부착 ,제1유형,유,-,보험 사기에 관한 외국의 입법례와 시사점,-,어문,문서,-,법률,한국어,-,2015-11-18 00:00:00,-,국회도서관,-,-,-,제1유형,저작물,보호저작물,○,상업적이용가능,○,○,○,○,○,○,○,-,2085-11-18 00:00:00,-,-
,3767,어문,보고서,국회도서관,국회법률도서관,home>발간물>최신외국입법정보,경영권 방어 중 차등의결권에 관한 외국의 입법례와 시사점,-,2015-09-17 00:00:00,1,미부착 ,제1유형,유,-,경영권 방어 중 차등의결권에 관한 외국의 입법례와 시사점,-,어문,문서,-,법률,한국어,-,2015-09-17 00:00:00,-,국회도서관,-,-,-,제1유형,저작물,보호저작물,○,상업적이용가능,○,○,○,○,○,○,○,-,2085-09-17 00:00:00,-,-
,3768,어문,보고서,국회도서관,국회법률도서관,home>발간물>최신외국입법정보,유전자변형농수산물(GMO) 표시제도 관련 독일 입법례,-,2015-09-10 00:00:00,1,미부착 ,제1유형,유,-,유전자변형농수산물(GMO) 표시제도 관련 독일 입법례,-,어문,문서,-,법률,한국어,-,2015-09-10 00:00:00,-,국회도서관,-,-,-,제1유형,저작물,보호저작물,○,상업적이용가능,○,○,○,○,○,○,○,-,2085-09-10 00:00:00,-,-
,3769,어문,보고서,국회도서관,국회법률도서관,home>발간물>최신외국입법정보,감염병 관리 개선방안 및 미국 캘리포니아주 입법례,-,2015-08-13 00:00:00,1,미부착 ,제1유형,유,-,감염병 관리 개선방안 및 미국 캘리포니아주 입법례,-,어문,문서,-,법률,한국어,-,2015-08-13 00:00:00,-,국회도서관,-,-,-,제1유형,저작물,보호저작물,○,상업적이용가능,○,○,○,○,○,○,○,-,2085-08-13 00:00:00,-,-
,3770,어문,보고서,국회도서관,국회법률도서관,home>발간물>최신외국입법정보,공직 후보자의 사전 검증에 관한 미국의 입법례와 시사점,-,2015-06-30 00:00:00,1,미부착 ,제1유형,유,-,공직 후보자의 사전 검증에 관한 미국의 입법례와 시사점,-,어문,문서,-,법률,한국어,-,2015-06-30 00:00:00,-,국회도서관,-,-,-,제1유형,저작물,보호저작물,○,상업적이용가능,○,○,○,○,○,○,○,-,2085-06-30 00:00:00,-,-
,3771,어문,보고서,국회도서관,국회법률도서관,home>발간물>최신외국입법정보,'혐오표현(Hate Speech)'의 규제에 관한 외국 입법례,-,2015-05-29 00:00:00,1,미부착 ,제1유형,유,-,'혐오표현(Hate Speech)'의 규제에 관한 외국 입법례,-,어문,문서,-,법률,한국어,-,2015-05-29 00:00:00,-,국회도서관,-,-,-,제1유형,저작물,보호저작물,○,상업적이용가능,○,○,○,○,○,○,○,-,2085-05-29 00:00:00,-,-
,3772,어문,보고서,국회도서관,국회법률도서관,home>발간물>최신외국입법정보,모성보호 관련 독일 입법례,-,2015-05-22 00:00:00,1,미부착 ,제1유형,유,-,모성보호 관련 독일 입법례,-,어문,문서,-,법률,한국어,-,2015-05-22 00:00:00,-,국회도서관,-,-,-,제1유형,저작물,보호저작물,○,상업적이용가능,○,○,○,○,○,○,○,-,2085-05-22 00:00:00,-,-
,3773,어문,보고서,국회도서관,국회법률도서관,home>발간물>최신외국입법정보,단말기유통법 개정에 관한 외국의 입법례와 시사점,-,2015-04-23 00:00:00,1,미부착 ,제1유형,유,-,단말기유통법 개정에 관한 외국의 입법례와 시사점,-,어문,문서,-,법률,한국어,-,2015-04-23 00:00:00,-,국회도서관,-,-,-,제1유형,저작물,보호저작물,○,상업적이용가능,○,○,○,○,○,○,○,-,2085-04-23 00:00:00,-,-
,3774,어문,보고서,국회도서관,국회법률도서관,home>발간물>최신외국입법정보,독일의 근로시간계좌제 관련 입법례,-,2015-03-31 00:00:00,1,미부착 ,제1유형,유,-,독일의 근로시간계좌제 관련 입법례,-,어문,문서,-,법률,한국어,-,2015-03-31 00:00:00,-,국회도서관,-,-,-,제1유형,저작물,보호저작물,○,상업적이용가능,○,○,○,○,○,○,○,-,2085-03-31 00:00:00,-,-
,3775,어문,보고서,국회도서관,국회법률도서관,home>발간물>최신외국입법정보,감염병 대유행(에볼라) 및 생물테러감염병 대비 관련 미국의 입법례와 시사점,-,2015-03-16 00:00:00,1,미부착 ,제1유형,유,-,감염병 대유행(에볼라) 및 생물테러감염병 대비 관련 미국의 입법례와 시사점,-,어문,문서,-,법률,한국어,-,2015-03-16 00:00:00,-,국회도서관,-,-,-,제1유형,저작물,보호저작물,○,상업적이용가능,○,○,○,○,○,○,○,-,2085-03-16 00:00:00,-,-
,3776,어문,보고서,국회도서관,국회법률도서관,home>발간물>최신외국입법정보,직장 내 괴롭힘에 관한 외국의 입법례와 시사점,-,2015-02-13 00:00:00,1,미부착 ,제1유형,유,-,직장 내 괴롭힘에 관한 외국의 입법례와 시사점,-,어문,문서,-,법률,한국어,-,2015-02-13 00:00:00,-,국회도서관,-,-,-,제1유형,저작물,보호저작물,○,상업적이용가능,○,○,○,○,○,○,○,-,2085-02-13 00:00:00,-,-
,3777,어문,보고서,국회도서관,국회법률도서관,home>발간물>최신외국입법정보,일본 국선변호제도의 현황과 과제,-,2015-02-10 00:00:00,1,미부착 ,제1유형,유,-,일본 국선변호제도의 현황과 과제,-,어문,문서,-,법률,한국어,-,2015-02-10 00:00:00,-,국회도서관,-,-,-,제1유형,저작물,보호저작물,○,상업적이용가능,○,○,○,○,○,○,○,-,2085-02-10 00:00:00,-,-
,3778,어문,보고서,국회도서관,국회법률도서관,home>발간물>최신외국입법정보,비정규직(기간제근로자) 차별 개선에 관한 외국의 입법례와 시사점,-,2015-01-30 00:00:00,1,미부착 ,제1유형,유,-,비정규직(기간제근로자) 차별 개선에 관한 외국의 입법례와 시사점,-,어문,문서,-,법률,한국어,-,2015-01-30 00:00:00,-,국회도서관,-,-,-,제1유형,저작물,보호저작물,○,상업적이용가능,○,○,○,○,○,○,○,-,2085-01-30 00:00:00,-,-
,3779,어문,보고서,국회도서관,국회법률도서관,home>발간물>최신외국입법정보,그라피티(Graffiti)와 사물(실존체)  손상에 관한 독일 입법례: 형법과제를 중심으로,-,2014-12-24 00:00:00,1,미부착 ,제1유형,유,-,그라피티(Graffiti)와 사물(실존체)  손상에 관한 독일 입법례: 형법과제를 중심으로,-,어문,문서,-,법률,한국어,-,2014-12-24 00:00:00,-,국회도서관,-,-,-,제1유형,저작물,보호저작물,○,상업적이용가능,○,○,○,○,○,○,○,-,2084-12-24 00:00:00,-,-
,3780,어문,보고서,국회도서관,국회법률도서관,home>발간물>최신외국입법정보,영상정보처리기기에 의한 공공장소 감시 관련 독일 입법례,-,2014-12-10 00:00:00,1,미부착 ,제1유형,유,-,영상정보처리기기에 의한 공공장소 감시 관련 독일 입법례,-,어문,문서,-,법률,한국어,-,2014-12-10 00:00:00,-,국회도서관,-,-,-,제1유형,저작물,보호저작물,○,상업적이용가능,○,○,○,○,○,○,○,-,2084-12-10 00:00:00,-,-
,3781,어문,보고서,국회도서관,국회법률도서관,home>발간물>최신외국입법정보,국회의원선거구획정위원회에 관한 외국의 입법례와 시사점,-,2014-12-01 00:00:00,1,미부착 ,제1유형,유,-,국회의원선거구획정위원회에 관한 외국의 입법례와 시사점,-,어문,문서,-,법률,한국어,-,2014-12-01 00:00:00,-,국회도서관,-,-,-,제1유형,저작물,보호저작물,○,상업적이용가능,○,○,○,○,○,○,○,-,2084-12-01 00:00:00,-,-
,3782,어문,보고서,국회도서관,국회법률도서관,home>발간물>최신외국입법정보,국회의원 불체포특권에 관한 독일 연방의회의 의사규칙과 시사점,-,2014-11-07 00:00:00,1,미부착 ,제1유형,유,-,국회의원 불체포특권에 관한 독일 연방의회의 의사규칙과 시사점,-,어문,문서,-,법률,한국어,-,2014-11-07 00:00:00,-,국회도서관,-,-,-,제1유형,저작물,보호저작물,○,상업적이용가능,○,○,○,○,○,○,○,-,2084-11-07 00:00:00,-,-
,3783,어문,보고서,국회도서관,국회법률도서관,home>발간물>최신외국입법정보,인터넷 피싱사기 방지를 위한 미국의 연방법제,-,2014-09-29 00:00:00,1,미부착 ,제1유형,유,-,인터넷 피싱사기 방지를 위한 미국의 연방법제,-,어문,문서,-,법률,한국어,-,2014-09-29 00:00:00,-,국회도서관,-,-,-,제1유형,저작물,보호저작물,○,상업적이용가능,○,○,○,○,○,○,○,-,2084-09-29 00:00:00,-,-
,3784,어문,보고서,국회도서관,국회법률도서관,home>발간물>최신외국입법정보,주민소환의 대상 및 절차에 관한 외국 입법례,-,2014-09-17 00:00:00,1,미부착 ,제1유형,유,-,주민소환의 대상 및 절차에 관한 외국 입법례,-,어문,문서,-,법률,한국어,-,2014-09-17 00:00:00,-,국회도서관,-,-,-,제1유형,저작물,보호저작물,○,상업적이용가능,○,○,○,○,○,○,○,-,2084-09-17 00:00:00,-,-
,3785,어문,보고서,국회도서관,국회법률도서관,home>발간물>최신외국입법정보,이혼 시 퇴직연금의 재산분할에 관한 영.미 입법례 및 시사점,-,2014-08-29 00:00:00,1,미부착 ,제1유형,유,-,이혼 시 퇴직연금의 재산분할에 관한 영.미 입법례 및 시사점,-,어문,문서,-,법률,한국어,-,2014-08-29 00:00:00,-,국회도서관,-,-,-,제1유형,저작물,보호저작물,○,상업적이용가능,○,○,○,○,○,○,○,-,2084-08-29 00:00:00,-,-
,3786,어문,보고서,국회도서관,국회법률도서관,home>발간물>최신외국입법정보,금융투자업 진입규제 완화에 관한 외국의 입법례와 시사점,-,2014-08-27 00:00:00,1,미부착 ,제1유형,유,-,금융투자업 진입규제 완화에 관한 외국의 입법례와 시사점,-,어문,문서,-,법률,한국어,-,2014-08-27 00:00:00,-,국회도서관,-,-,-,제1유형,저작물,보호저작물,○,상업적이용가능,○,○,○,○,○,○,○,-,2084-08-27 00:00:00,-,-
,3787,어문,보고서,국회도서관,국회법률도서관,home>발간물>최신외국입법정보,해양경찰조직에 관한 외국의 입법례와 시사점,-,2014-07-04 00:00:00,1,미부착 ,제1유형,유,-,해양경찰조직에 관한 외국의 입법례와 시사점,-,어문,문서,-,법률,한국어,-,2014-07-04 00:00:00,-,국회도서관,-,-,-,제1유형,저작물,보호저작물,○,상업적이용가능,○,○,○,○,○,○,○,-,2084-07-04 00:00:00,-,-
,3788,어문,보고서,국회도서관,국회법률도서관,home>발간물>최신외국입법정보,고아저작물(Orphan Works)에 관한 각국의 입법례,-,2014-05-29 00:00:00,1,미부착 ,제1유형,유,-,고아저작물(Orphan Works)에 관한 각국의 입법례,-,어문,문서,-,법률,한국어,-,2014-05-29 00:00:00,-,국회도서관,-,-,-,제1유형,저작물,보호저작물,○,상업적이용가능,○,○,○,○,○,○,○,-,2084-05-29 00:00:00,-,-
,3789,어문,보고서,국회도서관,국회법률도서관,home>발간물>최신외국입법정보,카페리여객선 안전에 관한 국제적 기준과 개선과제,-,2014-05-16 00:00:00,1,미부착 ,제1유형,유,-,카페리여객선 안전에 관한 국제적 기준과 개선과제,-,어문,문서,-,법률,한국어,-,2014-05-16 00:00:00,-,국회도서관,-,-,-,제1유형,저작물,보호저작물,○,상업적이용가능,○,○,○,○,○,○,○,-,2084-05-16 00:00:00,-,-
,3790,어문,보고서,국회도서관,국회법률도서관,home>발간물>최신외국입법정보,개인식별번호(주민등록번호)에 관한 외국 입법례,-,2014-04-25 00:00:00,1,미부착 ,제1유형,유,-,개인식별번호(주민등록번호)에 관한 외국 입법례,-,어문,문서,-,법률,한국어,-,2014-04-25 00:00:00,-,국회도서관,-,-,-,제1유형,저작물,보호저작물,○,상업적이용가능,○,○,○,○,○,○,○,-,2084-04-25 00:00:00,-,-
,3791,어문,보고서,국회도서관,국회법률도서관,home>발간물>최신외국입법정보,주택임대소득 과세에 관한 외국의 입법례와 시사점,-,2014-04-03 00:00:00,1,미부착 ,제1유형,유,-,주택임대소득 과세에 관한 외국의 입법례와 시사점,-,어문,문서,-,법률,한국어,-,2014-04-03 00:00:00,-,국회도서관,-,-,-,제1유형,저작물,보호저작물,○,상업적이용가능,○,○,○,○,○,○,○,-,2084-04-03 00:00:00,-,-
,3792,어문,보고서,국회도서관,국회법률도서관,home>발간물>최신외국입법정보,일본의 국가비밀 유출방지를 위한「특정비밀보호법」,-,2014-03-18 00:00:00,1,미부착 ,제1유형,유,-,일본의 국가비밀 유출방지를 위한「특정비밀보호법」,-,어문,문서,-,법률,한국어,-,2014-03-18 00:00:00,-,국회도서관,-,-,-,제1유형,저작물,보호저작물,○,상업적이용가능,○,○,○,○,○,○,○,-,2084-03-18 00:00:00,-,-
,3793,어문,보고서,국회도서관,국회법률도서관,home>발간물>최신외국입법정보,민간기업의 개인정보 유출 책임에 관한 외국의 입법례와 시사점,-,2014-02-24 00:00:00,1,미부착 ,제1유형,유,-,민간기업의 개인정보 유출 책임에 관한 외국의 입법례와 시사점,-,어문,문서,-,법률,한국어,-,2014-02-24 00:00:00,-,국회도서관,-,-,-,제1유형,저작물,보호저작물,○,상업적이용가능,○,○,○,○,○,○,○,-,2084-02-24 00:00:00,-,-
,3794,어문,보고서,국회도서관,국회법률도서관,home>발간물>최신외국입법정보,공직자 뇌물수수 처벌의 직무관련성 및 대가성에 관한 외국 입법례,-,2014-02-21 00:00:00,1,미부착 ,제1유형,유,-,공직자 뇌물수수 처벌의 직무관련성 및 대가성에 관한 외국 입법례,-,어문,문서,-,법률,한국어,-,2014-02-21 00:00:00,-,국회도서관,-,-,-,제1유형,저작물,보호저작물,○,상업적이용가능,○,○,○,○,○,○,○,-,2084-02-21 00:00:00,-,-
,3795,어문,보고서,국회도서관,국회법률도서관,home>발간물>최신외국입법정보,전자적 개인정보 파기 위탁에 관한 외국의 입법례,-,2013-12-18 00:00:00,1,미부착 ,제1유형,유,-,전자적 개인정보 파기 위탁에 관한 외국의 입법례,-,어문,문서,-,법률,한국어,-,2013-12-18 00:00:00,-,국회도서관,-,-,-,제1유형,저작물,보호저작물,○,상업적이용가능,○,○,○,○,○,○,○,-,2083-12-18 00:00:00,-,-
,3796,어문,보고서,국회도서관,국회법률도서관,home>발간물>최신외국입법정보,국회선진화법 중 안건 신속처리에 관한 외국의 입법례와 시사점,-,2013-11-29 00:00:00,1,미부착 ,제1유형,유,-,국회선진화법 중 안건 신속처리에 관한 외국의 입법례와 시사점,-,어문,문서,-,법률,한국어,-,2013-11-29 00:00:00,-,국회도서관,-,-,-,제1유형,저작물,보호저작물,○,상업적이용가능,○,○,○,○,○,○,○,-,2083-11-29 00:00:00,-,-
,3797,어문,보고서,국회도서관,국회법률도서관,home>발간물>최신외국입법정보,일본의 줄기세포 재생의료 실용화 지원 법률,-,2013-10-23 00:00:00,1,미부착 ,제1유형,유,-,일본의 줄기세포 재생의료 실용화 지원 법률,-,어문,문서,-,법률,한국어,-,2013-10-23 00:00:00,-,국회도서관,-,-,-,제1유형,저작물,보호저작물,○,상업적이용가능,○,○,○,○,○,○,○,-,2083-10-23 00:00:00,-,-
,3798,어문,보고서,국회도서관,국회법률도서관,home>발간물>최신외국입법정보,기업 경영진의 고액연봉제한을 위한 스위스 헌법 개정,-,2013-09-12 00:00:00,1,미부착 ,제1유형,유,-,기업 경영진의 고액연봉제한을 위한 스위스 헌법 개정,-,어문,문서,-,법률,한국어,-,2013-09-12 00:00:00,-,국회도서관,-,-,-,제1유형,저작물,보호저작물,○,상업적이용가능,○,○,○,○,○,○,○,-,2083-09-12 00:00:00,-,-
,3799,어문,보고서,국회도서관,국회법률도서관,home>발간물>최신외국입법정보,공공갈등의 해결에 관한 외국의 입법례,-,2013-08-23 00:00:00,1,미부착 ,제1유형,유,-,공공갈등의 해결에 관한 외국의 입법례,-,어문,문서,-,법률,한국어,-,2013-08-23 00:00:00,-,국회도서관,-,-,-,제1유형,저작물,보호저작물,○,상업적이용가능,○,○,○,○,○,○,○,-,2083-08-23 00:00:00,-,-
,3800,어문,보고서,국회도서관,국회법률도서관,home>발간물>최신외국입법정보,미국의 징벌적 손해배상에 관한 입법례: 징벌적 손해배상 v. 배액배상,-,2013-06-27 00:00:00,1,미부착 ,제1유형,유,-,미국의 징벌적 손해배상에 관한 입법례: 징벌적 손해배상 v. 배액배상,-,어문,문서,-,법률,한국어,-,2013-06-27 00:00:00,-,국회도서관,-,-,-,제1유형,저작물,보호저작물,○,상업적이용가능,○,○,○,○,○,○,○,-,2083-06-27 00:00:00,-,-
,3801,어문,보고서,국회도서관,국회법률도서관,home>발간물>최신외국입법정보,기초연금의 수급대상: 호주와 캐나다의 사례,-,2013-06-24 00:00:00,1,미부착 ,제1유형,유,-,기초연금의 수급대상: 호주와 캐나다의 사례,-,어문,문서,-,법률,한국어,-,2013-06-24 00:00:00,-,국회도서관,-,-,-,제1유형,저작물,보호저작물,○,상업적이용가능,○,○,○,○,○,○,○,-,2083-06-24 00:00:00,-,-
,3802,어문,보고서,국회도서관,국회법률도서관,home>발간물>최신외국입법정보,북한의 개성공단 폐쇄에 관련된 법제와 외국 분단 국가의 사례,-,2013-05-20 00:00:00,1,미부착 ,제1유형,유,-,북한의 개성공단 폐쇄에 관련된 법제와 외국 분단 국가의 사례,-,어문,문서,-,법률,한국어,-,2013-05-20 00:00:00,-,국회도서관,-,-,-,제1유형,저작물,보호저작물,○,상업적이용가능,○,○,○,○,○,○,○,-,2083-05-20 00:00:00,-,-
,3803,어문,보고서,국회도서관,국회법률도서관,home>발간물>최신외국입법정보,4대 중증질환의 비급여대상에 관한 외국의 사례,-,2013-04-19 00:00:00,1,미부착 ,제1유형,유,-,4대 중증질환의 비급여대상에 관한 외국의 사례,-,어문,문서,-,법률,한국어,-,2013-04-19 00:00:00,-,국회도서관,-,-,-,제1유형,저작물,보호저작물,○,상업적이용가능,○,○,○,○,○,○,○,-,2083-04-19 00:00:00,-,-
,3804,어문,보고서,국회도서관,국회법률도서관,home>발간물>최신외국입법정보,원자력발전 안전 감시체계와 개선 과제,-,2013-01-31 00:00:00,1,미부착 ,제1유형,유,-,원자력발전 안전 감시체계와 개선 과제,-,어문,문서,-,법률,한국어,-,2013-01-31 00:00:00,-,국회도서관,-,-,-,제1유형,저작물,보호저작물,○,상업적이용가능,○,○,○,○,○,○,○,-,2083-01-31 00:00:00,-,-
,3805,어문,보고서,국회도서관,국회법률도서관,home>발간물>최신외국입법정보,투자자와 국가 간의 분쟁해결(ISD)에서 공정하고 공평한 대우의 적용,-,2012-11-28 00:00:00,1,미부착 ,제1유형,유,-,투자자와 국가 간의 분쟁해결(ISD)에서 공정하고 공평한 대우의 적용,-,어문,문서,-,법률,한국어,-,2012-11-28 00:00:00,-,국회도서관,-,-,-,제1유형,저작물,보호저작물,○,상업적이용가능,○,○,○,○,○,○,○,-,2082-11-28 00:00:00,-,-
,3806,어문,보고서,국회도서관,국회법률도서관,home>발간물>최신외국입법정보,유해화학물질 관리에 대한 외국입법례,-,2012-10-17 00:00:00,1,미부착 ,제1유형,유,-,유해화학물질 관리에 대한 외국입법례,-,어문,문서,-,법률,한국어,-,2012-10-17 00:00:00,-,국회도서관,-,-,-,제1유형,저작물,보호저작물,○,상업적이용가능,○,○,○,○,○,○,○,-,2082-10-17 00:00:00,-,-
,3807,어문,보고서,국회도서관,국회법률도서관,home>발간물>최신외국입법정보,민생치안 관련 외국입법례: 민간자원봉사를 중심으로,-,2012-10-08 00:00:00,1,미부착 ,제1유형,유,-,민생치안 관련 외국입법례: 민간자원봉사를 중심으로,-,어문,문서,-,법률,한국어,-,2012-10-08 00:00:00,-,국회도서관,-,-,-,제1유형,저작물,보호저작물,○,상업적이용가능,○,○,○,○,○,○,○,-,2082-10-08 00:00:00,-,-
,3808,어문,보고서,국회도서관,국회법률도서관,home>발간물>최신외국입법정보,농업재해보험 관련 외국입법례,-,2012-09-11 00:00:00,1,미부착 ,제1유형,유,-,농업재해보험 관련 외국입법례,-,어문,문서,-,법률,한국어,-,2012-09-11 00:00:00,-,국회도서관,-,-,-,제1유형,저작물,보호저작물,○,상업적이용가능,○,○,○,○,○,○,○,-,2082-09-11 00:00:00,-,-
,3809,어문,보고서,국회도서관,국회법률도서관,home>발간물>최신외국입법정보,독도와 국제사법재판소 관련 국제규범,-,2012-08-28 00:00:00,1,미부착 ,제1유형,유,-,독도와 국제사법재판소 관련 국제규범,-,어문,문서,-,법률,한국어,-,2012-08-28 00:00:00,-,국회도서관,-,-,-,제1유형,저작물,보호저작물,○,상업적이용가능,○,○,○,○,○,○,○,-,2082-08-28 00:00:00,-,-
,3810,어문,보고서,국회도서관,국회법률도서관,home>발간물>최신외국입법정보,주요국 아동에 대한 성적 학대 방지 입법례,-,2012-08-06 00:00:00,1,미부착 ,제1유형,유,-,주요국 아동에 대한 성적 학대 방지 입법례,-,어문,문서,-,법률,한국어,-,2012-08-06 00:00:00,-,국회도서관,-,-,-,제1유형,저작물,보호저작물,○,상업적이용가능,○,○,○,○,○,○,○,-,2082-08-06 00:00:00,-,-
,3811,어문,보고서,국회도서관,국회법률도서관,home>발간물>최신외국입법정보,대규모 점포로부터 골목상권 보호,-,2012-07-25 00:00:00,1,미부착 ,제1유형,유,-,대규모 점포로부터 골목상권 보호,-,어문,문서,-,법률,한국어,-,2012-07-25 00:00:00,-,국회도서관,-,-,-,제1유형,저작물,보호저작물,○,상업적이용가능,○,○,○,○,○,○,○,-,2082-07-25 00:00:00,-,-
,3812,어문,보고서,국회도서관,국회법률도서관,home>발간물> Data&Law,데이터로 보는 음주운전,-,2024-07-01 00:00:00,1,미부착 ,제1유형,유,-,데이터로 보는 음주운전,-,어문,문서,-,법률,한국어,-,2024-07-01 00:00:00,-,국회도서관,-,-,-,제1유형,저작물,보호저작물,○,상업적이용가능,○,○,○,○,○,○,○,-,2094-07-01 00:00:00,-,-
,3813,어문,보고서,국회도서관,국회법률도서관,home>발간물> Data&Law,데이터로 보는 온라인 동영상 서비스(OTT),-,2024-06-14 00:00:00,1,미부착 ,제1유형,유,-,데이터로 보는 온라인 동영상 서비스(OTT),-,어문,문서,-,법률,한국어,-,2024-06-14 00:00:00,-,국회도서관,-,-,-,제1유형,저작물,보호저작물,○,상업적이용가능,○,○,○,○,○,○,○,-,2094-06-14 00:00:00,-,-
,3814,어문,보고서,국회도서관,국회법률도서관,home>발간물> Data&Law,데이터로 보는 저출생 사회,-,2024-05-27 00:00:00,1,미부착 ,제1유형,유,-,데이터로 보는 저출생 사회,-,어문,문서,-,법률,한국어,-,2024-05-27 00:00:00,-,국회도서관,-,-,-,제1유형,저작물,보호저작물,○,상업적이용가능,○,○,○,○,○,○,○,-,2094-05-27 00:00:00,-,-
,3815,어문,보고서,국회도서관,국회법률도서관,home>발간물> Data&Law,데이터로 보는 전세사기,-,2024-04-30 00:00:00,1,미부착 ,제1유형,유,-,데이터로 보는 전세사기,-,어문,문서,-,법률,한국어,-,2024-04-30 00:00:00,-,국회도서관,-,-,-,제1유형,저작물,보호저작물,○,상업적이용가능,○,○,○,○,○,○,○,-,2094-04-30 00:00:00,-,-
,3816,어문,보고서,국회도서관,국회법률도서관,home>발간물> Data&Law,데이터로 보는 근로자 육아휴직,-,2024-04-26 00:00:00,1,미부착 ,제1유형,유,-,데이터로 보는 근로자 육아휴직,-,어문,문서,-,법률,한국어,-,2024-04-26 00:00:00,-,국회도서관,-,-,-,제1유형,저작물,보호저작물,○,상업적이용가능,○,○,○,○,○,○,○,-,2094-04-26 00:00:00,-,-
,3817,어문,보고서,국회도서관,국회법률도서관,home>발간물> Data&Law,데이터로 보는 전자주주총회,-,2024-03-13 00:00:00,1,미부착 ,제1유형,유,-,데이터로 보는 전자주주총회,-,어문,문서,-,법률,한국어,-,2024-03-13 00:00:00,-,국회도서관,-,-,-,제1유형,저작물,보호저작물,○,상업적이용가능,○,○,○,○,○,○,○,-,2094-03-13 00:00:00,-,-
,3818,어문,보고서,국회도서관,국회법률도서관,home>발간물> Data&Law,데이터로 보는 외국인 고용허가제,-,2023-12-13 00:00:00,1,미부착 ,제1유형,유,-,데이터로 보는 외국인 고용허가제,-,어문,문서,-,법률,한국어,-,2023-12-13 00:00:00,-,국회도서관,-,-,-,제1유형,저작물,보호저작물,○,상업적이용가능,○,○,○,○,○,○,○,-,2093-12-13 00:00:00,-,-
,3819,어문,보고서,국회도서관,국회법률도서관,home>발간물> Data&Law,데이터로 보는 병역자원,-,2023-11-22 00:00:00,1,미부착 ,제1유형,유,-,데이터로 보는 병역자원,-,어문,문서,-,법률,한국어,-,2023-11-22 00:00:00,-,국회도서관,-,-,-,제1유형,저작물,보호저작물,○,상업적이용가능,○,○,○,○,○,○,○,-,2093-11-22 00:00:00,-,-
,3820,어문,보고서,국회도서관,국회법률도서관,home>발간물> Data&Law,데이터로 보는 플랫폼 노동,-,2023-10-25 00:00:00,1,미부착 ,제1유형,유,-,데이터로 보는 플랫폼 노동,-,어문,문서,-,법률,한국어,-,2023-10-25 00:00:00,-,국회도서관,-,-,-,제1유형,저작물,보호저작물,○,상업적이용가능,○,○,○,○,○,○,○,-,2093-10-25 00:00:00,-,-
,3821,어문,보고서,국회도서관,국회법률도서관,home>발간물> Data&Law,데이터로 보는 제21대 국회 국정감사,-,2023-10-04 00:00:00,1,미부착 ,제1유형,유,-,데이터로 보는 제21대 국회 국정감사,-,어문,문서,-,법률,한국어,-,2023-10-04 00:00:00,-,국회도서관,-,-,-,제1유형,저작물,보호저작물,○,상업적이용가능,○,○,○,○,○,○,○,-,2093-10-04 00:00:00,-,-
,3822,어문,보고서,국회도서관,국회법률도서관,home>발간물> Data&Law,데이터로 보는 스토킹범죄,-,2023-09-06 00:00:00,1,미부착 ,제1유형,유,-,데이터로 보는 스토킹범죄,-,어문,문서,-,법률,한국어,-,2023-09-06 00:00:00,-,국회도서관,-,-,-,제1유형,저작물,보호저작물,○,상업적이용가능,○,○,○,○,○,○,○,-,2093-09-06 00:00:00,-,-
,3823,어문,보고서,국회도서관,국회법률도서관,home>발간물> Data&Law,데이터로 보는 장애인 취업과 고용,-,2023-08-02 00:00:00,1,미부착 ,제1유형,유,-,데이터로 보는 장애인 취업과 고용,-,어문,문서,-,법률,한국어,-,2023-08-02 00:00:00,-,국회도서관,-,-,-,제1유형,저작물,보호저작물,○,상업적이용가능,○,○,○,○,○,○,○,-,2093-08-02 00:00:00,-,-
,3824,어문,보고서,국회도서관,국회법률도서관,home>발간물> Data&Law,데이터로 보는 자동차 교환·환불 제도,-,2023-07-05 00:00:00,1,미부착 ,제1유형,유,-,데이터로 보는 자동차 교환·환불 제도,-,어문,문서,-,법률,한국어,-,2023-07-05 00:00:00,-,국회도서관,-,-,-,제1유형,저작물,보호저작물,○,상업적이용가능,○,○,○,○,○,○,○,-,2093-07-05 00:00:00,-,-
,3825,어문,보고서,국회도서관,국회법률도서관,home>발간물> Data&Law,데이터로 보는 인구감소지역,-,2023-06-07 00:00:00,1,미부착 ,제1유형,유,-,데이터로 보는 인구감소지역,-,어문,문서,-,법률,한국어,-,2023-06-07 00:00:00,-,국회도서관,-,-,-,제1유형,저작물,보호저작물,○,상업적이용가능,○,○,○,○,○,○,○,-,2093-06-07 00:00:00,-,-
,3826,어문,보고서,국회도서관,국회법률도서관,home>발간물> Data&Law,데이터로 보는 국가사이버안보,-,2023-05-10 00:00:00,1,미부착 ,제1유형,유,-,데이터로 보는 국가사이버안보,-,어문,문서,-,법률,한국어,-,2023-05-10 00:00:00,-,국회도서관,-,-,-,제1유형,저작물,보호저작물,○,상업적이용가능,○,○,○,○,○,○,○,-,2093-05-10 00:00:00,-,-
,3827,어문,보고서,국회도서관,국회법률도서관,home>발간물> Data&Law,데이터로 보는 탄소중립과 온실가스,-,2023-04-12 00:00:00,1,미부착 ,제1유형,유,-,데이터로 보는 탄소중립과 온실가스,-,어문,문서,-,법률,한국어,-,2023-04-12 00:00:00,-,국회도서관,-,-,-,제1유형,저작물,보호저작물,○,상업적이용가능,○,○,○,○,○,○,○,-,2093-04-12 00:00:00,-,-
,3828,어문,보고서,국회도서관,국회법률도서관,home>발간물> Data&Law,데이터로 보는 촉법소년 연령기준,-,2023-03-22 00:00:00,1,미부착 ,제1유형,유,-,데이터로 보는 촉법소년 연령기준,-,어문,문서,-,법률,한국어,-,2023-03-22 00:00:00,-,국회도서관,-,-,-,제1유형,저작물,보호저작물,○,상업적이용가능,○,○,○,○,○,○,○,-,2093-03-22 00:00:00,-,-
,3829,어문,보고서,국회도서관,국회법률도서관,home>발간물> Data&Law,데이터로 보는 국회의원 선거,-,2023-03-02 00:00:00,1,미부착 ,제1유형,유,-,데이터로 보는 국회의원 선거,-,어문,문서,-,법률,한국어,-,2023-03-02 00:00:00,-,국회도서관,-,-,-,제1유형,저작물,보호저작물,○,상업적이용가능,○,○,○,○,○,○,○,-,2093-03-02 00:00:00,-,-
,3830,어문,보고서,국회도서관,국회법률도서관,home>발간물> Data&Law,사립대학 교원 당연퇴직사유 확대,-,2022-12-27 00:00:00,1,미부착 ,제1유형,유,-,사립대학 교원 당연퇴직사유 확대,-,어문,문서,-,법률,한국어,-,2022-12-27 00:00:00,-,국회도서관,-,-,-,제1유형,저작물,보호저작물,○,상업적이용가능,○,○,○,○,○,○,○,-,2092-12-27 00:00:00,-,-
,3831,어문,보고서,국회도서관,국회법률도서관,home>발간물> Data&Law,광역교통시설 가산금 부과방식 변경 및 환승편의성 검토 근거 마련,-,2022-12-06 00:00:00,1,미부착 ,제1유형,유,-,광역교통시설 가산금 부과방식 변경 및 환승편의성 검토 근거 마련,-,어문,문서,-,법률,한국어,-,2022-12-06 00:00:00,-,국회도서관,-,-,-,제1유형,저작물,보호저작물,○,상업적이용가능,○,○,○,○,○,○,○,-,2092-12-06 00:00:00,-,-
,3832,어문,보고서,국회도서관,국회법률도서관,home>발간물> Data&Law,장애인 소방안전교육·훈련 및 자체소방대 설치 근거 신설,-,2022-11-22 00:00:00,1,미부착 ,제1유형,유,-,장애인 소방안전교육·훈련 및 자체소방대 설치 근거 신설,-,어문,문서,-,법률,한국어,-,2022-11-22 00:00:00,-,국회도서관,-,-,-,제1유형,저작물,보호저작물,○,상업적이용가능,○,○,○,○,○,○,○,-,2092-11-22 00:00:00,-,-
,3833,어문,보고서,국회도서관,국회법률도서관,home>발간물> Data&Law,에너지이용 소외계층 관련 법적 근거 마련,-,2022-11-01 00:00:00,1,미부착 ,제1유형,유,-,에너지이용 소외계층 관련 법적 근거 마련,-,어문,문서,-,법률,한국어,-,2022-11-01 00:00:00,-,국회도서관,-,-,-,제1유형,저작물,보호저작물,○,상업적이용가능,○,○,○,○,○,○,○,-,2092-11-01 00:00:00,-,-
,3834,어문,보고서,국회도서관,국회법률도서관,home>발간물> Data&Law,OTT 사업자 자체등급분류제 도입,-,2022-10-25 00:00:00,1,미부착 ,제1유형,유,-,OTT 사업자 자체등급분류제 도입,-,어문,문서,-,법률,한국어,-,2022-10-25 00:00:00,-,국회도서관,-,-,-,제1유형,저작물,보호저작물,○,상업적이용가능,○,○,○,○,○,○,○,-,2092-10-25 00:00:00,-,-
,3835,어문,보고서,국회도서관,국회법률도서관,home>발간물> Data&Law,복수국적자의 예외적 국적 이탈 허가규정 등 신설,-,2022-10-04 00:00:00,1,미부착 ,제1유형,유,-,복수국적자의 예외적 국적 이탈 허가규정 등 신설,-,어문,문서,-,법률,한국어,-,2022-10-04 00:00:00,-,국회도서관,-,-,-,제1유형,저작물,보호저작물,○,상업적이용가능,○,○,○,○,○,○,○,-,2092-10-04 00:00:00,-,-
,3836,어문,보고서,국회도서관,국회법률도서관,home>발간물> Data&Law,종합부동산세 산정기준 완화,-,2022-09-27 00:00:00,1,미부착 ,제1유형,유,-,종합부동산세 산정기준 완화,-,어문,문서,-,법률,한국어,-,2022-09-27 00:00:00,-,국회도서관,-,-,-,제1유형,저작물,보호저작물,○,상업적이용가능,○,○,○,○,○,○,○,-,2092-09-27 00:00:00,-,-
,3837,어문,보고서,국회도서관,국회법률도서관,home>발간물> Data&Law,잔류성오염물질 관리 강화 방안,-,2022-09-06 00:00:00,1,미부착 ,제1유형,유,-,잔류성오염물질 관리 강화 방안,-,어문,문서,-,법률,한국어,-,2022-09-06 00:00:00,-,국회도서관,-,-,-,제1유형,저작물,보호저작물,○,상업적이용가능,○,○,○,○,○,○,○,-,2092-09-06 00:00:00,-,-
,3838,어문,보고서,국회도서관,국회법률도서관,home>발간물> Data&Law,인구감소지역 지원의 법적근거 마련,-,2022-08-16 00:00:00,1,미부착 ,제1유형,유,-,인구감소지역 지원의 법적근거 마련,-,어문,문서,-,법률,한국어,-,2022-08-16 00:00:00,-,국회도서관,-,-,-,제1유형,저작물,보호저작물,○,상업적이용가능,○,○,○,○,○,○,○,-,2092-08-16 00:00:00,-,-
,3839,어문,보고서,국회도서관,국회법률도서관,home>발간물> Data&Law,(중고)자동차 매매시장 질서 확립을 위한 방안,-,2022-08-02 00:00:00,1,미부착 ,제1유형,유,-,(중고)자동차 매매시장 질서 확립을 위한 방안,-,어문,문서,-,법률,한국어,-,2022-08-02 00:00:00,-,국회도서관,-,-,-,제1유형,저작물,보호저작물,○,상업적이용가능,○,○,○,○,○,○,○,-,2092-08-02 00:00:00,-,-
,3840,어문,보고서,국회도서관,국회법률도서관,home>발간물> Data&Law,주택정비사업 규정 정비,-,2022-07-26 00:00:00,1,미부착 ,제1유형,유,-,주택정비사업 규정 정비,-,어문,문서,-,법률,한국어,-,2022-07-26 00:00:00,-,국회도서관,-,-,-,제1유형,저작물,보호저작물,○,상업적이용가능,○,○,○,○,○,○,○,-,2092-07-26 00:00:00,-,-
,3841,어문,보고서,국회도서관,국회법률도서관,home>발간물> Data&Law,환경문제 예방 및 해결을 위한 학교교육 강화,-,2022-07-05 00:00:00,1,미부착 ,제1유형,유,-,환경문제 예방 및 해결을 위한 학교교육 강화,-,어문,문서,-,법률,한국어,-,2022-07-05 00:00:00,-,국회도서관,-,-,-,제1유형,저작물,보호저작물,○,상업적이용가능,○,○,○,○,○,○,○,-,2092-07-05 00:00:00,-,-
,3842,어문,보고서,국회도서관,국회법률도서관,home>발간물> Data&Law,플랫폼 노동자에 대한 산재보험 적용 근거 마련,-,2022-06-21 00:00:00,1,미부착 ,제1유형,유,-,플랫폼 노동자에 대한 산재보험 적용 근거 마련,-,어문,문서,-,법률,한국어,-,2022-06-21 00:00:00,-,국회도서관,-,-,-,제1유형,저작물,보호저작물,○,상업적이용가능,○,○,○,○,○,○,○,-,2092-06-21 00:00:00,-,-
,3843,어문,보고서,국회도서관,국회법률도서관,home>발간물> Data&Law,주민투표 활성화 방안 마련,-,2022-06-03 00:00:00,1,미부착 ,제1유형,유,-,주민투표 활성화 방안 마련,-,어문,문서,-,법률,한국어,-,2022-06-03 00:00:00,-,국회도서관,-,-,-,제1유형,저작물,보호저작물,○,상업적이용가능,○,○,○,○,○,○,○,-,2092-06-03 00:00:00,-,-
,3844,어문,보고서,국회도서관,국회법률도서관,home>발간물> Data&Law,국가첨단전략 산업 지원의 법적근거 마련,-,2022-05-17 00:00:00,1,미부착 ,제1유형,유,-,국가첨단전략 산업 지원의 법적근거 마련,-,어문,문서,-,법률,한국어,-,2022-05-17 00:00:00,-,국회도서관,-,-,-,제1유형,저작물,보호저작물,○,상업적이용가능,○,○,○,○,○,○,○,-,2092-05-17 00:00:00,-,-
,3845,어문,보고서,국회도서관,국회법률도서관,home>발간물> Data&Law,민.관 공동 도시개발사업 공공성 강화 방안,-,2022-04-19 00:00:00,1,미부착 ,제1유형,유,-,민.관 공동 도시개발사업 공공성 강화 방안,-,어문,문서,-,법률,한국어,-,2022-04-19 00:00:00,-,국회도서관,-,-,-,제1유형,저작물,보호저작물,○,상업적이용가능,○,○,○,○,○,○,○,-,2092-04-19 00:00:00,-,-
,3846,어문,보고서,국회도서관,국회법률도서관,home>발간물> Data&Law,"공기업,준정부기관 노동이사제 도입",-,2022-04-04 00:00:00,1,미부착 ,제1유형,유,-,"공기업,준정부기관 노동이사제 도입",-,어문,문서,-,법률,한국어,-,2022-04-04 00:00:00,-,국회도서관,-,-,-,제1유형,저작물,보호저작물,○,상업적이용가능,○,○,○,○,○,○,○,-,2092-04-04 00:00:00,-,-
,3847,어문,보고서,국회도서관,국회법률도서관,home>발간물> Data&Law,층간소음방지를 위한 절차적 규정 마련,-,2022-03-29 00:00:00,1,미부착 ,제1유형,유,-,층간소음방지를 위한 절차적 규정 마련,-,어문,문서,-,법률,한국어,-,2022-03-29 00:00:00,-,국회도서관,-,-,-,제1유형,저작물,보호저작물,○,상업적이용가능,○,○,○,○,○,○,○,-,2092-03-29 00:00:00,-,-
,3848,어문,보고서,국회도서관,국회법률도서관,home>발간물> Data&Law,재난안전관련 산업 지원의 법적근거 마련,-,2022-02-15 00:00:00,1,미부착 ,제1유형,유,-,재난안전관련 산업 지원의 법적근거 마련,-,어문,문서,-,법률,한국어,-,2022-02-15 00:00:00,-,국회도서관,-,-,-,제1유형,저작물,보호저작물,○,상업적이용가능,○,○,○,○,○,○,○,-,2092-02-15 00:00:00,-,-
,3849,어문,보고서,국회도서관,국회법률도서관,home>발간물> Data&Law,국회의원ㆍ지방선거 피선거권 18세로 하향,-,2022-01-25 00:00:00,1,미부착 ,제1유형,유,-,국회의원ㆍ지방선거 피선거권 18세로 하향,-,어문,문서,-,법률,한국어,-,2022-01-25 00:00:00,-,국회도서관,-,-,-,제1유형,저작물,보호저작물,○,상업적이용가능,○,○,○,○,○,○,○,-,2092-01-25 00:00:00,-,-
,3850,어문,보고서,국회도서관,국회법률도서관,home>발간물> Data&Law,2050 탄소중립 법제화,-,2021-12-07 00:00:00,1,미부착 ,제1유형,유,-,2050 탄소중립 법제화,-,어문,문서,-,법률,한국어,-,2021-12-07 00:00:00,-,국회도서관,-,-,-,제1유형,저작물,보호저작물,○,상업적이용가능,○,○,○,○,○,○,○,-,2091-12-07 00:00:00,-,-
,3851,어문,보고서,국회도서관,국회법률도서관,home>발간물> Data&Law,환경친화적 자동차 구매목표제 도입,-,2021-11-16 00:00:00,1,미부착 ,제1유형,유,-,환경친화적 자동차 구매목표제 도입,-,어문,문서,-,법률,한국어,-,2021-11-16 00:00:00,-,국회도서관,-,-,-,제1유형,저작물,보호저작물,○,상업적이용가능,○,○,○,○,○,○,○,-,2091-11-16 00:00:00,-,-
,3852,어문,보고서,국회도서관,국회법률도서관,home>발간물> Data&Law,자율주행자동차 운전자의 안전의무 규정 도입,-,2021-11-02 00:00:00,1,미부착 ,제1유형,유,-,자율주행자동차 운전자의 안전의무 규정 도입,-,어문,문서,-,법률,한국어,-,2021-11-02 00:00:00,-,국회도서관,-,-,-,제1유형,저작물,보호저작물,○,상업적이용가능,○,○,○,○,○,○,○,-,2091-11-02 00:00:00,-,-
,3853,어문,보고서,국회도서관,국회법률도서관,home>발간물> Data&Law,식품 소비기한 표시제 도입,-,2021-10-19 00:00:00,1,미부착 ,제1유형,유,-,식품 소비기한 표시제 도입,-,어문,문서,-,법률,한국어,-,2021-10-19 00:00:00,-,국회도서관,-,-,-,제1유형,저작물,보호저작물,○,상업적이용가능,○,○,○,○,○,○,○,-,2091-10-19 00:00:00,-,-
,3854,어문,보고서,국회도서관,국회법률도서관,home>발간물> Data&Law,수술실 내 CCTV 설치 의무화,-,2021-10-05 00:00:00,1,미부착 ,제1유형,유,-,수술실 내 CCTV 설치 의무화,-,어문,문서,-,법률,한국어,-,2021-10-05 00:00:00,-,국회도서관,-,-,-,제1유형,저작물,보호저작물,○,상업적이용가능,○,○,○,○,○,○,○,-,2091-10-05 00:00:00,-,-
,3855,어문,보고서,국회도서관,국회법률도서관,home>발간물> Data&Law,청년정책 과정에서의 청년참여 확대방안,-,2021-09-07 00:00:00,1,미부착 ,제1유형,유,-,청년정책 과정에서의 청년참여 확대방안,-,어문,문서,-,법률,한국어,-,2021-09-07 00:00:00,-,국회도서관,-,-,-,제1유형,저작물,보호저작물,○,상업적이용가능,○,○,○,○,○,○,○,-,2091-09-07 00:00:00,-,-
,3856,어문,보고서,국회도서관,국회법률도서관,home>발간물> Data&Law,아동학대피해 보호자의 CCTV 원본열람 법적 근거 마련,-,2021-08-17 00:00:00,1,미부착 ,제1유형,유,-,아동학대피해 보호자의 CCTV 원본열람 법적 근거 마련,-,어문,문서,-,법률,한국어,-,2021-08-17 00:00:00,-,국회도서관,-,-,-,제1유형,저작물,보호저작물,○,상업적이용가능,○,○,○,○,○,○,○,-,2091-08-17 00:00:00,-,-
,3857,어문,보고서,국회도서관,국회법률도서관,home>발간물> Data&Law,가사근로자 고용개선 등에 관한 법적 근거 마련,-,2021-08-03 00:00:00,1,미부착 ,제1유형,유,-,가사근로자 고용개선 등에 관한 법적 근거 마련,-,어문,문서,-,법률,한국어,-,2021-08-03 00:00:00,-,국회도서관,-,-,-,제1유형,저작물,보호저작물,○,상업적이용가능,○,○,○,○,○,○,○,-,2091-08-03 00:00:00,-,-
,3858,어문,보고서,국회도서관,국회법률도서관,home>발간물> Data&Law,디지털 집현전법 제정,-,2021-07-20 00:00:00,1,미부착 ,제1유형,유,-,디지털 집현전법 제정,-,어문,문서,-,법률,한국어,-,2021-07-20 00:00:00,-,국회도서관,-,-,-,제1유형,저작물,보호저작물,○,상업적이용가능,○,○,○,○,○,○,○,-,2091-07-20 00:00:00,-,-
,3859,어문,보고서,국회도서관,국회법률도서관,home>발간물> Data&Law,행정기본법 제정,-,2021-07-06 00:00:00,1,미부착 ,제1유형,유,-,행정기본법 제정,-,어문,문서,-,법률,한국어,-,2021-07-06 00:00:00,-,국회도서관,-,-,-,제1유형,저작물,보호저작물,○,상업적이용가능,○,○,○,○,○,○,○,-,2091-07-06 00:00:00,-,-
,3860,어문,보고서,국회도서관,국회법률도서관,home>발간물> Data&Law,공직자 이해충돌 관련 법적 근거 마련,-,2021-06-14 00:00:00,1,미부착 ,제1유형,유,-,공직자 이해충돌 관련 법적 근거 마련,-,어문,문서,-,법률,한국어,-,2021-06-14 00:00:00,-,국회도서관,-,-,-,제1유형,저작물,보호저작물,○,상업적이용가능,○,○,○,○,○,○,○,-,2091-06-14 00:00:00,-,-
,3861,어문,보고서,국회도서관,국회법률도서관,home>발간물> Data&Law,감염병 방역ㆍ예방조치 위반 시 손해배상 청구 및 가중처벌 규정 신설,-,2021-06-01 00:00:00,1,미부착 ,제1유형,유,-,감염병 방역ㆍ예방조치 위반 시 손해배상 청구 및 가중처벌 규정 신설,-,어문,문서,-,법률,한국어,-,2021-06-01 00:00:00,-,국회도서관,-,-,-,제1유형,저작물,보호저작물,○,상업적이용가능,○,○,○,○,○,○,○,-,2091-06-01 00:00:00,-,-
,3862,어문,보고서,국회도서관,국회법률도서관,home>발간물> Data&Law,공직자의 부동산 투기 방지 -공직자윤리법을 중심으로-,-,2021-05-20 00:00:00,1,미부착 ,제1유형,유,-,공직자의 부동산 투기 방지 -공직자윤리법을 중심으로-,-,어문,문서,-,법률,한국어,-,2021-05-20 00:00:00,-,국회도서관,-,-,-,제1유형,저작물,보호저작물,○,상업적이용가능,○,○,○,○,○,○,○,-,2091-05-20 00:00:00,-,-
,3863,어문,보고서,국회도서관,국회법률도서관,home>발간물> Data&Law,금융소비자 보호를 위한 법적 근거 마련,-,2021-05-04 00:00:00,1,미부착 ,제1유형,유,-,금융소비자 보호를 위한 법적 근거 마련,-,어문,문서,-,법률,한국어,-,2021-05-04 00:00:00,-,국회도서관,-,-,-,제1유형,저작물,보호저작물,○,상업적이용가능,○,○,○,○,○,○,○,-,2091-05-04 00:00:00,-,-
,3864,어문,보고서,국회도서관,국회법률도서관,home>발간물> Data&Law,택배서비스 및 소화물배송대행서비스 산업 지원법 제정,-,2021-04-06 00:00:00,1,미부착 ,제1유형,유,-,택배서비스 및 소화물배송대행서비스 산업 지원법 제정,-,어문,문서,-,법률,한국어,-,2021-04-06 00:00:00,-,국회도서관,-,-,-,제1유형,저작물,보호저작물,○,상업적이용가능,○,○,○,○,○,○,○,-,2091-04-06 00:00:00,-,-
,3865,어문,보고서,국회도서관,국회법률도서관,home>발간물> Data&Law,양육책임 해태와 유족급여수령 제한 : 일명 공무원 구하라법 신설,-,2021-04-06 00:00:00,1,미부착 ,제1유형,유,-,양육책임 해태와 유족급여수령 제한 : 일명 공무원 구하라법 신설,-,어문,문서,-,법률,한국어,-,2021-04-06 00:00:00,-,국회도서관,-,-,-,제1유형,저작물,보호저작물,○,상업적이용가능,○,○,○,○,○,○,○,-,2091-04-06 00:00:00,-,-
,3866,어문,보고서,국회도서관,국회법률도서관,home>발간물> Data&Law,아동학대범죄 처리절차 등에 관한 조항 신설,-,2021-03-02 00:00:00,1,미부착 ,제1유형,유,-,아동학대범죄 처리절차 등에 관한 조항 신설,-,어문,문서,-,법률,한국어,-,2021-03-02 00:00:00,-,국회도서관,-,-,-,제1유형,저작물,보호저작물,○,상업적이용가능,○,○,○,○,○,○,○,-,2091-03-02 00:00:00,-,-
,3867,어문,보고서,국회도서관,국회법률도서관,home>발간물> Data&Law,중대재해처벌법 제정,-,2021-02-16 00:00:00,1,미부착 ,제1유형,유,-,중대재해처벌법 제정,-,어문,문서,-,법률,한국어,-,2021-02-16 00:00:00,-,국회도서관,-,-,-,제1유형,저작물,보호저작물,○,상업적이용가능,○,○,○,○,○,○,○,-,2091-02-16 00:00:00,-,-
,3868,어문,보고서,국회도서관,국회법률도서관,home>발간물> Data&Law,민사 판결서의 공개 범위 확대,-,2021-02-02 00:00:00,1,미부착 ,제1유형,유,-,민사 판결서의 공개 범위 확대,-,어문,문서,-,법률,한국어,-,2021-02-02 00:00:00,-,국회도서관,-,-,-,제1유형,저작물,보호저작물,○,상업적이용가능,○,○,○,○,○,○,○,-,2091-02-02 00:00:00,-,-
,3869,어문,보고서,국회도서관,국회법률도서관,home>발간물> Data&Law,불법공매도에 대한 입법대응: 자본시장법 개정,-,2021-01-22 00:00:00,1,미부착 ,제1유형,유,-,불법공매도에 대한 입법대응: 자본시장법 개정,-,어문,문서,-,법률,한국어,-,2021-01-22 00:00:00,-,국회도서관,-,-,-,제1유형,저작물,보호저작물,○,상업적이용가능,○,○,○,○,○,○,○,-,2091-01-22 00:00:00,-,-
,3870,어문,보고서,국회도서관,국회법률도서관,home>발간물> Data&Law,공동주택 경비원에 대한 갑질 금지,-,2020-11-24 00:00:00,1,미부착 ,제1유형,유,-,공동주택 경비원에 대한 갑질 금지,-,어문,문서,-,법률,한국어,-,2020-11-24 00:00:00,-,국회도서관,-,-,-,제1유형,저작물,보호저작물,○,상업적이용가능,○,○,○,○,○,○,○,-,2090-11-24 00:00:00,-,-
,3871,어문,보고서,국회도서관,국회법률도서관,home>발간물> Data&Law,COVID-19에 따른 대학 등록금 감면 등 규정 마련,-,2020-11-17 00:00:00,1,미부착 ,제1유형,유,-,COVID-19에 따른 대학 등록금 감면 등 규정 마련,-,어문,문서,-,법률,한국어,-,2020-11-17 00:00:00,-,국회도서관,-,-,-,제1유형,저작물,보호저작물,○,상업적이용가능,○,○,○,○,○,○,○,-,2090-11-17 00:00:00,-,-
,3872,어문,보고서,국회도서관,국회법률도서관,home>발간물> Data&Law,‘탐정ㆍ정보원’ 명칭 사용 제한 규정 완화,-,2020-10-20 00:00:00,1,미부착 ,제1유형,유,-,‘탐정ㆍ정보원’ 명칭 사용 제한 규정 완화,-,어문,문서,-,법률,한국어,-,2020-10-20 00:00:00,-,국회도서관,-,-,-,제1유형,저작물,보호저작물,○,상업적이용가능,○,○,○,○,○,○,○,-,2090-10-20 00:00:00,-,-
,3873,어문,보고서,국회도서관,국회법률도서관,home>발간물> Data&Law,보이스피싱 범죄 처벌 강화,-,2020-10-13 00:00:00,1,미부착 ,제1유형,유,-,보이스피싱 범죄 처벌 강화,-,어문,문서,-,법률,한국어,-,2020-10-13 00:00:00,-,국회도서관,-,-,-,제1유형,저작물,보호저작물,○,상업적이용가능,○,○,○,○,○,○,○,-,2090-10-13 00:00:00,-,-
,3874,어문,보고서,국회도서관,국회법률도서관,home>발간물> Data&Law,체육인의 인권보호 강화방안 마련,-,2020-09-15 00:00:00,1,미부착 ,제1유형,유,-,체육인의 인권보호 강화방안 마련,-,어문,문서,-,법률,한국어,-,2020-09-15 00:00:00,-,국회도서관,-,-,-,제1유형,저작물,보호저작물,○,상업적이용가능,○,○,○,○,○,○,○,-,2090-09-15 00:00:00,-,-
,3875,어문,보고서,국회도서관,국회법률도서관,home>발간물> Data&Law,"국회, 법원, 헌법재판소, 국무총리 공관 인근 집회·시위 예외적 허용",-,2020-09-08 00:00:00,1,미부착 ,제1유형,유,-,"국회, 법원, 헌법재판소, 국무총리 공관 인근 집회·시위 예외적 허용",-,어문,문서,-,법률,한국어,-,2020-09-08 00:00:00,-,국회도서관,-,-,-,제1유형,저작물,보호저작물,○,상업적이용가능,○,○,○,○,○,○,○,-,2090-09-08 00:00:00,-,-
,3876,어문,보고서,국회도서관,국회법률도서관,home>발간물> Data&Law,"계약갱신요구권, 전월세 상한제 등 도입에 관한 규정 신설",-,2020-09-01 00:00:00,1,미부착 ,제1유형,유,-,"계약갱신요구권, 전월세 상한제 등 도입에 관한 규정 신설",-,어문,문서,-,법률,한국어,-,2020-09-01 00:00:00,-,국회도서관,-,-,-,제1유형,저작물,보호저작물,○,상업적이용가능,○,○,○,○,○,○,○,-,2090-09-01 00:00:00,-,-
,3877,어문,보고서,국회도서관,국회법률도서관,home>발간물> Data&Law,수돗물 수질안전 확보를 위한 수도관 세척관리 명문화,-,2020-08-18 00:00:00,1,미부착 ,제1유형,유,-,수돗물 수질안전 확보를 위한 수도관 세척관리 명문화,-,어문,문서,-,법률,한국어,-,2020-08-18 00:00:00,-,국회도서관,-,-,-,제1유형,저작물,보호저작물,○,상업적이용가능,○,○,○,○,○,○,○,-,2090-08-18 00:00:00,-,-
,3878,어문,보고서,국회도서관,국회법률도서관,home>발간물> Data&Law,양육비 채무불이행에 대한 실효성 있는 이행 방안 마련,-,2020-07-28 00:00:00,1,미부착 ,제1유형,유,-,양육비 채무불이행에 대한 실효성 있는 이행 방안 마련,-,어문,문서,-,법률,한국어,-,2020-07-28 00:00:00,-,국회도서관,-,-,-,제1유형,저작물,보호저작물,○,상업적이용가능,○,○,○,○,○,○,○,-,2090-07-28 00:00:00,-,-
,3879,어문,보고서,국회도서관,국회법률도서관,home>발간물> Data&Law,전동킥보드 등 '개인형 이동장치'의 법제화,-,2020-07-21 00:00:00,1,미부착 ,제1유형,유,-,전동킥보드 등 '개인형 이동장치'의 법제화,-,어문,문서,-,법률,한국어,-,2020-07-21 00:00:00,-,국회도서관,-,-,-,제1유형,저작물,보호저작물,○,상업적이용가능,○,○,○,○,○,○,○,-,2090-07-21 00:00:00,-,-
,3880,어문,보고서,국회도서관,국회법률도서관,home>발간물> Data&Law,전자서명 방식의 다양화를 위한 공인인증서 제도 개선,-,2020-07-14 00:00:00,1,미부착 ,제1유형,유,-,전자서명 방식의 다양화를 위한 공인인증서 제도 개선,-,어문,문서,-,법률,한국어,-,2020-07-14 00:00:00,-,국회도서관,-,-,-,제1유형,저작물,보호저작물,○,상업적이용가능,○,○,○,○,○,○,○,-,2090-07-14 00:00:00,-,-
,3881,어문,보고서,국회도서관,국회법률도서관,home>발간물> Data&Law,고등법원 부장판사 직위 폐지,-,2020-06-16 00:00:00,1,미부착 ,제1유형,유,-,고등법원 부장판사 직위 폐지,-,어문,문서,-,법률,한국어,-,2020-06-16 00:00:00,-,국회도서관,-,-,-,제1유형,저작물,보호저작물,○,상업적이용가능,○,○,○,○,○,○,○,-,2090-06-16 00:00:00,-,-
,3882,어문,보고서,국회도서관,국회법률도서관,home>발간물> Data&Law,인터넷회선 감청 통제 절차 규정 신설,-,2020-06-09 00:00:00,1,미부착 ,제1유형,유,-,인터넷회선 감청 통제 절차 규정 신설,-,어문,문서,-,법률,한국어,-,2020-06-09 00:00:00,-,국회도서관,-,-,-,제1유형,저작물,보호저작물,○,상업적이용가능,○,○,○,○,○,○,○,-,2090-06-09 00:00:00,-,-
,3883,어문,보고서,국회도서관,국회법률도서관,home>발간물> Data&Law,수소경제 육성을 위한 법률 제정,-,2020-05-19 00:00:00,1,미부착 ,제1유형,유,-,수소경제 육성을 위한 법률 제정,-,어문,문서,-,법률,한국어,-,2020-05-19 00:00:00,-,국회도서관,-,-,-,제1유형,저작물,보호저작물,○,상업적이용가능,○,○,○,○,○,○,○,-,2090-05-19 00:00:00,-,-
,3884,어문,보고서,국회도서관,국회법률도서관,home>발간물> Data&Law,여객자동차 운송플랫폼사업 법제화,-,2020-05-12 00:00:00,1,미부착 ,제1유형,유,-,여객자동차 운송플랫폼사업 법제화,-,어문,문서,-,법률,한국어,-,2020-05-12 00:00:00,-,국회도서관,-,-,-,제1유형,저작물,보호저작물,○,상업적이용가능,○,○,○,○,○,○,○,-,2090-05-12 00:00:00,-,-
,3885,어문,보고서,국회도서관,국회법률도서관,home>발간물> Data&Law,딥페이크(Deepfake) 등 허위영상물 관련 조항 신설,-,2020-04-21 00:00:00,1,미부착 ,제1유형,유,-,딥페이크(Deepfake) 등 허위영상물 관련 조항 신설,-,어문,문서,-,법률,한국어,-,2020-04-21 00:00:00,-,국회도서관,-,-,-,제1유형,저작물,보호저작물,○,상업적이용가능,○,○,○,○,○,○,○,-,2090-04-21 00:00:00,-,-
,3886,어문,보고서,국회도서관,국회법률도서관,home>발간물> Data&Law,국가의 감염병 대응역량 강화를 위한 '코로나 3법' 개정,-,2020-04-07 00:00:00,1,미부착 ,제1유형,유,-,국가의 감염병 대응역량 강화를 위한 '코로나 3법' 개정,-,어문,문서,-,법률,한국어,-,2020-04-07 00:00:00,-,국회도서관,-,-,-,제1유형,저작물,보호저작물,○,상업적이용가능,○,○,○,○,○,○,○,-,2090-04-07 00:00:00,-,-
,3887,어문,보고서,국회도서관,국회법률도서관,home>발간물> Data&Law,검·경 수사권 조정 관련 형사소송법 개정,-,2020-03-17 00:00:00,1,미부착 ,제1유형,유,-,검·경 수사권 조정 관련 형사소송법 개정,-,어문,문서,-,법률,한국어,-,2020-03-17 00:00:00,-,국회도서관,-,-,-,제1유형,저작물,보호저작물,○,상업적이용가능,○,○,○,○,○,○,○,-,2090-03-17 00:00:00,-,-
,3888,어문,보고서,국회도서관,국회법률도서관,home>발간물> Data&Law,스쿨존에서의 어린이 교통사고 가중처벌,-,2020-03-03 00:00:00,1,미부착 ,제1유형,유,-,스쿨존에서의 어린이 교통사고 가중처벌,-,어문,문서,-,법률,한국어,-,2020-03-03 00:00:00,-,국회도서관,-,-,-,제1유형,저작물,보호저작물,○,상업적이용가능,○,○,○,○,○,○,○,-,2090-03-03 00:00:00,-,-
,3889,어문,보고서,국회도서관,국회법률도서관,home>발간물> Data&Law,가명처리된 개인정보의 상업적 이용제도 도입,-,2020-03-03 00:00:00,1,미부착 ,제1유형,유,-,가명처리된 개인정보의 상업적 이용제도 도입,-,어문,문서,-,정보,한국어,-,2020-03-03 00:00:00,-,국회도서관,-,-,-,제1유형,저작물,보호저작물,○,상업적이용가능,○,○,○,○,○,○,○,-,2090-03-03 00:00:00,-,-
,3890,어문,보고서,국회도서관,국회전자도서관,THE현안,키워드로 보는 2024 글로벌 트렌드,-,2024,1,미부착 ,제1유형,무,-,키워드로 보는 2024 글로벌 트렌드,-,어문,문서,-,정보,한국어,-,1905-07-16 00:00:00,-,국회도서관,-,-,-,제1유형,저작물,보호저작물,○,상업적이용가능,○,○,○,○,○,○,○,-,2094,-,-
,3891,어문,보고서,국회도서관,국회전자도서관,THE현안,키워드로 보는 2024 글로벌 트렌드,-,2024,1,미부착 ,제1유형,무,-,키워드로 보는 2024 글로벌 트렌드,-,어문,문서,-,정보,한국어,-,1905-07-16 00:00:00,-,국회도서관,-,-,-,제1유형,저작물,보호저작물,○,상업적이용가능,○,○,○,○,○,○,○,-,2094,-,-
,3892,어문,보고서,국회도서관,국회전자도서관,THE현안,키워드로 보는 2024 글로벌 트렌드,-,2024,1,미부착 ,제1유형,무,-,키워드로 보는 2024 글로벌 트렌드,-,어문,문서,-,정보,한국어,-,1905-07-16 00:00:00,-,국회도서관,-,-,-,제1유형,저작물,보호저작물,○,상업적이용가능,○,○,○,○,○,○,○,-,2094,-,-
,3893,어문,보고서,국회도서관,국회전자도서관,THE현안,2024 미국 방위산업전략,-,2024,1,미부착 ,제1유형,무,-,2024 미국 방위산업전략,-,어문,문서,-,정보,한국어,-,1905-07-16 00:00:00,-,국회도서관,-,-,-,제1유형,저작물,보호저작물,○,상업적이용가능,○,○,○,○,○,○,○,-,2094,-,-
,3894,어문,보고서,국회도서관,국회전자도서관,THE현안,독일과 미국의 청년 정치,-,2024,1,미부착 ,제1유형,무,-,독일과 미국의 청년 정치,-,어문,문서,-,정보,한국어,-,1905-07-16 00:00:00,-,국회도서관,-,-,-,제1유형,저작물,보호저작물,○,상업적이용가능,○,○,○,○,○,○,○,-,2094,-,-
,3895,어문,보고서,국회도서관,국회전자도서관,THE현안,2023 한국의 사회지표,-,2024,1,미부착 ,제1유형,무,-,2023 한국의 사회지표,-,어문,문서,-,정보,한국어,-,1905-07-16 00:00:00,-,국회도서관,-,-,-,제1유형,저작물,보호저작물,○,상업적이용가능,○,○,○,○,○,○,○,-,2094,-,-
,3896,어문,보고서,국회도서관,국회전자도서관,THE현안,2023 한국의 사회지표,-,2024,1,미부착 ,제1유형,무,-,2023 한국의 사회지표,-,어문,문서,-,정보,한국어,-,1905-07-16 00:00:00,-,국회도서관,-,-,-,제1유형,저작물,보호저작물,○,상업적이용가능,○,○,○,○,○,○,○,-,2094,-,-
,3897,어문,보고서,국회도서관,국회전자도서관,THE현안,유럽의 사회주택,-,2024,1,미부착 ,제1유형,무,-,유럽의 사회주택,-,어문,문서,-,정보,한국어,-,1905-07-16 00:00:00,-,국회도서관,-,-,-,제1유형,저작물,보호저작물,○,상업적이용가능,○,○,○,○,○,○,○,-,2094,-,-
,3898,어문,보고서,국회도서관,국회전자도서관,THE현안,유럽의 사회주택,-,2024,1,미부착 ,제1유형,무,-,유럽의 사회주택,-,어문,문서,-,정보,한국어,-,1905-07-16 00:00:00,-,국회도서관,-,-,-,제1유형,저작물,보호저작물,○,상업적이용가능,○,○,○,○,○,○,○,-,2094,-,-
,3899,어문,보고서,국회도서관,국회전자도서관,THE현안,유럽의 사회주택,-,2024,1,미부착 ,제1유형,무,-,유럽의 사회주택,-,어문,문서,-,정보,한국어,-,1905-07-16 00:00:00,-,국회도서관,-,-,-,제1유형,저작물,보호저작물,○,상업적이용가능,○,○,○,○,○,○,○,-,2094,-,-
,3900,어문,보고서,국회도서관,국회전자도서관,THE현안,글로벌 지수를 통해 본 대한민국 2024년,-,2024,1,미부착 ,제1유형,무,-,글로벌 지수를 통해 본 대한민국 2024년,-,어문,문서,-,정보,한국어,-,1905-07-16 00:00:00,-,국회도서관,-,-,-,제1유형,저작물,보호저작물,○,상업적이용가능,○,○,○,○,○,○,○,-,2094,-,-
,3901,어문,보고서,국회도서관,국회전자도서관,THE현안,글로벌 지수를 통해 본 대한민국 2024년,-,2024,1,미부착 ,제1유형,무,-,글로벌 지수를 통해 본 대한민국 2024년,-,어문,문서,-,정보,한국어,-,1905-07-16 00:00:00,-,국회도서관,-,-,-,제1유형,저작물,보호저작물,○,상업적이용가능,○,○,○,○,○,○,○,-,2094,-,-
,3902,어문,보고서,국회도서관,국회전자도서관,THE현안,이상기온과 1.5℃ 임계점,-,2024,1,미부착 ,제1유형,무,-,이상기온과 1.5℃ 임계점,-,어문,문서,-,정보,한국어,-,1905-07-16 00:00:00,-,국회도서관,-,-,-,제1유형,저작물,보호저작물,○,상업적이용가능,○,○,○,○,○,○,○,-,2094,-,-
,3903,어문,보고서,국회도서관,국회전자도서관,THE현안,이상기온과 1.5℃ 임계점,-,2024,1,미부착 ,제1유형,무,-,이상기온과 1.5℃ 임계점,-,어문,문서,-,정보,한국어,-,1905-07-16 00:00:00,-,국회도서관,-,-,-,제1유형,저작물,보호저작물,○,상업적이용가능,○,○,○,○,○,○,○,-,2094,-,-
,3904,어문,보고서,국회도서관,국회전자도서관,THE현안,이상기온과 1.5℃ 임계점,-,2024,1,미부착 ,제1유형,무,-,이상기온과 1.5℃ 임계점,-,어문,문서,-,정보,한국어,-,1905-07-16 00:00:00,-,국회도서관,-,-,-,제1유형,저작물,보호저작물,○,상업적이용가능,○,○,○,○,○,○,○,-,2094,-,-
,3905,어문,보고서,국회도서관,국회전자도서관,THE현안,이상기온과 1.5℃ 임계점,-,2024,1,미부착 ,제1유형,무,-,이상기온과 1.5℃ 임계점,-,어문,문서,-,정보,한국어,-,1905-07-16 00:00:00,-,국회도서관,-,-,-,제1유형,저작물,보호저작물,○,상업적이용가능,○,○,○,○,○,○,○,-,2094,-,-
,3906,어문,보고서,국회도서관,국회전자도서관,THE현안,이상기온과 1.5℃ 임계점,-,2024,1,미부착 ,제1유형,무,-,이상기온과 1.5℃ 임계점,-,어문,문서,-,정보,한국어,-,1905-07-16 00:00:00,-,국회도서관,-,-,-,제1유형,저작물,보호저작물,○,상업적이용가능,○,○,○,○,○,○,○,-,2094,-,-
,3907,어문,보고서,국회도서관,국회전자도서관,THE현안,이상기온과 1.5℃ 임계점,-,2024,1,미부착 ,제1유형,무,-,이상기온과 1.5℃ 임계점,-,어문,문서,-,정보,한국어,-,1905-07-16 00:00:00,-,국회도서관,-,-,-,제1유형,저작물,보호저작물,○,상업적이용가능,○,○,○,○,○,○,○,-,2094,-,-
,3908,어문,보고서,국회도서관,국회전자도서관,THE현안,"기본소득, 개념과 실험",-,2024,1,미부착 ,제1유형,무,-,"기본소득, 개념과 실험",-,어문,문서,-,정보,한국어,-,1905-07-16 00:00:00,-,국회도서관,-,-,-,제1유형,저작물,보호저작물,○,상업적이용가능,○,○,○,○,○,○,○,-,2094,-,-
,3909,어문,보고서,국회도서관,국회전자도서관,THE현안,주요국 의회 지도부,-,2024,1,미부착 ,제1유형,무,-,주요국 의회 지도부,-,어문,문서,-,정보,한국어,-,1905-07-16 00:00:00,-,국회도서관,-,-,-,제1유형,저작물,보호저작물,○,상업적이용가능,○,○,○,○,○,○,○,-,2094,-,-
,3910,어문,보고서,국회도서관,국회전자도서관,THE현안,주요국 의회 지도부,-,2024,1,미부착 ,제1유형,무,-,주요국 의회 지도부,-,어문,문서,-,정보,한국어,-,1905-07-16 00:00:00,-,국회도서관,-,-,-,제1유형,저작물,보호저작물,○,상업적이용가능,○,○,○,○,○,○,○,-,2094,-,-
,3911,어문,보고서,국회도서관,국회전자도서관,THE현안,주요국 의회 지도부,-,2024,1,미부착 ,제1유형,무,-,주요국 의회 지도부,-,어문,문서,-,정보,한국어,-,1905-07-16 00:00:00,-,국회도서관,-,-,-,제1유형,저작물,보호저작물,○,상업적이용가능,○,○,○,○,○,○,○,-,2094,-,-
,3912,어문,보고서,국회도서관,국회전자도서관,THE현안,주요국 의회 지도부,-,2024,1,미부착 ,제1유형,무,-,주요국 의회 지도부,-,어문,문서,-,정보,한국어,-,1905-07-16 00:00:00,-,국회도서관,-,-,-,제1유형,저작물,보호저작물,○,상업적이용가능,○,○,○,○,○,○,○,-,2094,-,-
,3913,어문,보고서,국회도서관,국회전자도서관,THE현안,주요국 의회 지도부,-,2024,1,미부착 ,제1유형,무,-,주요국 의회 지도부,-,어문,문서,-,정보,한국어,-,1905-07-16 00:00:00,-,국회도서관,-,-,-,제1유형,저작물,보호저작물,○,상업적이용가능,○,○,○,○,○,○,○,-,2094,-,-
,3914,어문,보고서,국회도서관,국회전자도서관,THE현안,국가안보,-,2024,1,미부착 ,제1유형,무,-,국가안보,-,어문,문서,-,정보,한국어,-,1905-07-16 00:00:00,-,국회도서관,-,-,-,제1유형,저작물,보호저작물,○,상업적이용가능,○,○,○,○,○,○,○,-,2094,-,-
,3915,어문,보고서,국회도서관,국회전자도서관,THE현안,국가안보,-,2024,1,미부착 ,제1유형,무,-,국가안보,-,어문,문서,-,정보,한국어,-,1905-07-16 00:00:00,-,국회도서관,-,-,-,제1유형,저작물,보호저작물,○,상업적이용가능,○,○,○,○,○,○,○,-,2094,-,-
,3916,어문,보고서,국회도서관,국회전자도서관,THE현안,국가안보,-,2024,1,미부착 ,제1유형,무,-,국가안보,-,어문,문서,-,정보,한국어,-,1905-07-16 00:00:00,-,국회도서관,-,-,-,제1유형,저작물,보호저작물,○,상업적이용가능,○,○,○,○,○,○,○,-,2094,-,-
,3917,어문,보고서,국회도서관,국회전자도서관,THE현안,주요국 도시재생 사례,-,2024,1,미부착 ,제1유형,무,-,주요국 도시재생 사례,-,어문,문서,-,정보,한국어,-,1905-07-16 00:00:00,-,국회도서관,-,-,-,제1유형,저작물,보호저작물,○,상업적이용가능,○,○,○,○,○,○,○,-,2094,-,-
,3918,어문,보고서,국회도서관,국회전자도서관,THE현안,주요국 도시재생 사례,-,2024,1,미부착 ,제1유형,무,-,주요국 도시재생 사례,-,어문,문서,-,정보,한국어,-,1905-07-16 00:00:00,-,국회도서관,-,-,-,제1유형,저작물,보호저작물,○,상업적이용가능,○,○,○,○,○,○,○,-,2094,-,-
,3919,어문,보고서,국회도서관,국회전자도서관,THE현안,주요국 도시재생 사례,-,2024,1,미부착 ,제1유형,무,-,주요국 도시재생 사례,-,어문,문서,-,정보,한국어,-,1905-07-16 00:00:00,-,국회도서관,-,-,-,제1유형,저작물,보호저작물,○,상업적이용가능,○,○,○,○,○,○,○,-,2094,-,-
,3920,어문,보고서,국회도서관,국회전자도서관,THE현안,주요국 도시재생 사례,-,2024,1,미부착 ,제1유형,무,-,주요국 도시재생 사례,-,어문,문서,-,정보,한국어,-,1905-07-16 00:00:00,-,국회도서관,-,-,-,제1유형,저작물,보호저작물,○,상업적이용가능,○,○,○,○,○,○,○,-,2094,-,-
